{"textAnnotations": [{"boundingPoly": {"vertices": [{"x": 448.0, "y": 201.0}, {"x": 970.0, "y": 177.0}, {"x": 973.0, "y": 227.0}, {"x": 450.0, "y": 251.0}]}, "description": "merchant name"}, {"boundingPoly": {"vertices": [{"x": 417.0, "y": 305.0}, {"x": 992.0, "y": 281.0}, {"x": 994.0, "y": 330.0}, {"x": 419.0, "y": 353.0}]}, "description": "merchant address"}, {"boundingPoly": {"vertices": [{"x": 598.0, "y": 399.0}, {"x": 833.0, "y": 395.0}, {"x": 834.0, "y": 441.0}, {"x": 598.0, "y": 447.0}]}, "description": "CHK 733195"}, {"boundingPoly": {"vertices": [{"x": 487.0, "y": 445.0}, {"x": 925.0, "y": 445.0}, {"x": 925.0, "y": 504.0}, {"x": 487.0, "y": 504.0}]}, "description": " 11/17/2019 12:49 PM"}, {"boundingPoly": {"vertices": [{"x": 380.0, "y": 509.0}, {"x": 550.0, "y": 507.0}, {"x": 550.0, "y": 554.0}, {"x": 381.0, "y": 557.0}]}, "description": "2474115"}, {"boundingPoly": {"vertices": [{"x": 601.0, "y": 243.0}, {"x": 830.0, "y": 236.0}, {"x": 831.0, "y": 283.0}, {"x": 602.0, "y": 289.0}]}, "description": "merchant address"}, {"boundingPoly": {"vertices": [{"x": 612.0, "y": 501.0}, {"x": 792.0, "y": 501.0}, {"x": 792.0, "y": 550.0}, {"x": 612.0, "y": 550.0}]}, "description": " Drawer:"}, {"boundingPoly": {"vertices": [{"x": 799.0, "y": 495.0}, {"x": 976.0, "y": 495.0}, {"x": 976.0, "y": 549.0}, {"x": 799.0, "y": 549.0}]}, "description": " 1 Reg:"}, {"boundingPoly": {"vertices": [{"x": 984.0, "y": 494.0}, {"x": 1015.0, "y": 494.0}, {"x": 1015.0, "y": 547.0}, {"x": 984.0, "y": 547.0}]}, "description": " 2"}, {"boundingPoly": {"vertices": [{"x": 304.0, "y": 618.0}, {"x": 752.0, "y": 613.0}, {"x": 753.0, "y": 659.0}, {"x": 304.0, "y": 667.0}]}, "description": "Gr Ic Peach Grn Lem"}, {"boundingPoly": {"vertices": [{"x": 301.0, "y": 672.0}, {"x": 680.0, "y": 666.0}, {"x": 681.0, "y": 713.0}, {"x": 301.0, "y": 721.0}]}, "description": "Banana Nut Bread"}, {"boundingPoly": {"vertices": [{"x": 344.0, "y": 725.0}, {"x": 494.0, "y": 724.0}, {"x": 495.0, "y": 771.0}, {"x": 344.0, "y": 773.0}]}, "description": "Warmed"}, {"boundingPoly": {"vertices": [{"x": 289.0, "y": 778.0}, {"x": 697.0, "y": 775.0}, {"x": 697.0, "y": 825.0}, {"x": 290.0, "y": 828.0}]}, "description": "Pumpkin Loaf Cake"}, {"boundingPoly": {"vertices": [{"x": 336.0, "y": 835.0}, {"x": 481.0, "y": 834.0}, {"x": 481.0, "y": 881.0}, {"x": 336.0, "y": 882.0}]}, "description": "Warmed"}, {"boundingPoly": {"vertices": [{"x": 961.0, "y": 606.0}, {"x": 1059.0, "y": 607.0}, {"x": 1060.0, "y": 652.0}, {"x": 961.0, "y": 651.0}]}, "description": "4.25"}, {"boundingPoly": {"vertices": [{"x": 958.0, "y": 658.0}, {"x": 1058.0, "y": 658.0}, {"x": 1060.0, "y": 705.0}, {"x": 958.0, "y": 707.0}]}, "description": "3.45"}, {"boundingPoly": {"vertices": [{"x": 954.0, "y": 767.0}, {"x": 1056.0, "y": 768.0}, {"x": 1056.0, "y": 816.0}, {"x": 956.0, "y": 817.0}]}, "description": "3.45"}, {"boundingPoly": {"vertices": [{"x": 280.0, "y": 948.0}, {"x": 383.0, "y": 946.0}, {"x": 382.0, "y": 990.0}, {"x": 279.0, "y": 989.0}]}, "description": "Amex"}, {"boundingPoly": {"vertices": [{"x": 272.0, "y": 996.0}, {"x": 665.0, "y": 996.0}, {"x": 665.0, "y": 1044.0}, {"x": 272.0, "y": 1046.0}]}, "description": "XXXXXXXXXXXX1006"}, {"boundingPoly": {"vertices": [{"x": 553.0, "y": 1053.0}, {"x": 809.0, "y": 1053.0}, {"x": 809.0, "y": 1109.0}, {"x": 553.0, "y": 1109.0}]}, "description": " QUICK CHIP"}, {"boundingPoly": {"vertices": [{"x": 551.0, "y": 1113.0}, {"x": 753.0, "y": 1113.0}, {"x": 753.0, "y": 1167.0}, {"x": 551.0, "y": 1167.0}]}, "description": " PURCHASE"}, {"boundingPoly": {"vertices": [{"x": 572.0, "y": 1167.0}, {"x": 777.0, "y": 1167.0}, {"x": 777.0, "y": 1224.0}, {"x": 572.0, "y": 1224.0}]}, "description": " 00000070"}, {"boundingPoly": {"vertices": [{"x": 520.0, "y": 1228.0}, {"x": 932.0, "y": 1228.0}, {"x": 932.0, "y": 1283.0}, {"x": 520.0, "y": 1283.0}]}, "description": " AMERICAN EXPRESS"}, {"boundingPoly": {"vertices": [{"x": 443.0, "y": 1289.0}, {"x": 599.0, "y": 1289.0}, {"x": 599.0, "y": 1342.0}, {"x": 443.0, "y": 1342.0}]}, "description": " 852959"}, {"boundingPoly": {"vertices": [{"x": 365.0, "y": 1347.0}, {"x": 774.0, "y": 1347.0}, {"x": 774.0, "y": 1401.0}, {"x": 365.0, "y": 1401.0}]}, "description": " A000000025010801"}, {"boundingPoly": {"vertices": [{"x": 362.0, "y": 1407.0}, {"x": 620.0, "y": 1407.0}, {"x": 620.0, "y": 1458.0}, {"x": 362.0, "y": 1458.0}]}, "description": " 0000008000"}, {"boundingPoly": {"vertices": [{"x": 358.0, "y": 1466.0}, {"x": 468.0, "y": 1466.0}, {"x": 468.0, "y": 1521.0}, {"x": 358.0, "y": 1521.0}]}, "description": " E800"}, {"boundingPoly": {"vertices": [{"x": 932.0, "y": 939.0}, {"x": 1053.0, "y": 939.0}, {"x": 1051.0, "y": 987.0}, {"x": 932.0, "y": 989.0}]}, "description": "11.53"}, {"boundingPoly": {"vertices": [{"x": 268.0, "y": 1056.0}, {"x": 544.0, "y": 1056.0}, {"x": 544.0, "y": 1109.0}, {"x": 268.0, "y": 1109.0}]}, "description": " Card Entry:"}, {"boundingPoly": {"vertices": [{"x": 269.0, "y": 1114.0}, {"x": 542.0, "y": 1114.0}, {"x": 542.0, "y": 1168.0}, {"x": 269.0, "y": 1168.0}]}, "description": " Trans Type:"}, {"boundingPoly": {"vertices": [{"x": 260.0, "y": 1169.0}, {"x": 563.0, "y": 1169.0}, {"x": 563.0, "y": 1224.0}, {"x": 260.0, "y": 1224.0}]}, "description": " Reference #:"}, {"boundingPoly": {"vertices": [{"x": 256.0, "y": 1230.0}, {"x": 511.0, "y": 1230.0}, {"x": 511.0, "y": 1283.0}, {"x": 256.0, "y": 1283.0}]}, "description": " App Label:"}, {"boundingPoly": {"vertices": [{"x": 257.0, "y": 1289.0}, {"x": 434.0, "y": 1289.0}, {"x": 434.0, "y": 1342.0}, {"x": 257.0, "y": 1342.0}]}, "description": " Auth #:"}, {"boundingPoly": {"vertices": [{"x": 249.0, "y": 1346.0}, {"x": 355.0, "y": 1346.0}, {"x": 355.0, "y": 1401.0}, {"x": 249.0, "y": 1401.0}]}, "description": " AID:"}, {"boundingPoly": {"vertices": [{"x": 247.0, "y": 1407.0}, {"x": 353.0, "y": 1407.0}, {"x": 353.0, "y": 1458.0}, {"x": 247.0, "y": 1458.0}]}, "description": " TVR:"}, {"boundingPoly": {"vertices": [{"x": 243.0, "y": 1466.0}, {"x": 349.0, "y": 1466.0}, {"x": 349.0, "y": 1520.0}, {"x": 243.0, "y": 1520.0}]}, "description": " TSI:"}, {"boundingPoly": {"vertices": [{"x": 230.0, "y": 1587.0}, {"x": 435.0, "y": 1590.0}, {"x": 434.0, "y": 1646.0}, {"x": 230.0, "y": 1643.0}]}, "description": "Subtotal"}, {"boundingPoly": {"vertices": [{"x": 225.0, "y": 1653.0}, {"x": 484.0, "y": 1653.0}, {"x": 484.0, "y": 1709.0}, {"x": 225.0, "y": 1708.0}]}, "description": "Tax 8.875%"}, {"boundingPoly": {"vertices": [{"x": 215.0, "y": 1715.0}, {"x": 351.0, "y": 1716.0}, {"x": 350.0, "y": 1770.0}, {"x": 216.0, "y": 1767.0}]}, "description": "Total"}, {"boundingPoly": {"vertices": [{"x": 142.0, "y": 1777.0}, {"x": 652.0, "y": 1783.0}, {"x": 651.0, "y": 1840.0}, {"x": 141.0, "y": 1836.0}]}, "description": "Change Due"}, {"boundingPoly": {"vertices": [{"x": 861.0, "y": 1593.0}, {"x": 1015.0, "y": 1593.0}, {"x": 1016.0, "y": 1649.0}, {"x": 862.0, "y": 1649.0}]}, "description": "$11.15"}, {"boundingPoly": {"vertices": [{"x": 884.0, "y": 1659.0}, {"x": 1015.0, "y": 1659.0}, {"x": 1011.0, "y": 1708.0}, {"x": 884.0, "y": 1712.0}]}, "description": "$0.38"}, {"boundingPoly": {"vertices": [{"x": 855.0, "y": 1717.0}, {"x": 1016.0, "y": 1719.0}, {"x": 1016.0, "y": 1773.0}, {"x": 857.0, "y": 1775.0}]}, "description": "$11.53"}, {"boundingPoly": {"vertices": [{"x": 903.0, "y": 1785.0}, {"x": 1169.0, "y": 1786.0}, {"x": 1168.0, "y": 1842.0}, {"x": 903.0, "y": 1841.0}]}, "description": "$0.00"}, {"boundingPoly": {"vertices": [{"x": 349.0, "y": 1909.0}, {"x": 758.0, "y": 1910.0}, {"x": 758.0, "y": 1966.0}, {"x": 348.0, "y": 1964.0}]}, "description": "--- Check Closed"}, {"boundingPoly": {"vertices": [{"x": 382.0, "y": 1974.0}, {"x": 880.0, "y": 1974.0}, {"x": 880.0, "y": 2038.0}, {"x": 382.0, "y": 2038.0}]}, "description": " 11/17/2019 12:49 PM"}, {"boundingPoly": {"vertices": [{"x": 305.0, "y": 2312.0}, {"x": 955.0, "y": 2328.0}, {"x": 953.0, "y": 2389.0}, {"x": 305.0, "y": 2371.0}]}, "description": "Join our loyalty program"}, {"boundingPoly": {"vertices": [{"x": 381.0, "y": 2381.0}, {"x": 867.0, "y": 2389.0}, {"x": 866.0, "y": 2450.0}, {"x": 380.0, "y": 2444.0}]}, "description": "Starbucks Rewards\u00ae"}, {"boundingPoly": {"vertices": [{"x": 216.0, "y": 2447.0}, {"x": 1033.0, "y": 2466.0}, {"x": 1031.0, "y": 2529.0}, {"x": 214.0, "y": 2509.0}]}, "description": "Sign up for promotional emails"}, {"boundingPoly": {"vertices": [{"x": 245.0, "y": 2514.0}, {"x": 977.0, "y": 2538.0}, {"x": 975.0, "y": 2602.0}, {"x": 244.0, "y": 2577.0}]}, "description": "Visit Starbucks.com/rewards"}, {"boundingPoly": {"vertices": [{"x": 288.0, "y": 2666.0}, {"x": 918.0, "y": 2685.0}, {"x": 917.0, "y": 2749.0}, {"x": 286.0, "y": 2725.0}]}, "description": "At participating stores"}, {"boundingPoly": {"vertices": [{"x": 340.0, "y": 2781.0}, {"x": 917.0, "y": 2764.0}, {"x": 919.0, "y": 2836.0}, {"x": 340.0, "y": 2845.0}]}, "description": "MI DUAL CAMERAPPly"}, {"boundingPoly": {"vertices": [{"x": 344.0, "y": 2596.0}, {"x": 867.0, "y": 2611.0}, {"x": 864.0, "y": 2674.0}, {"x": 341.0, "y": 2653.0}]}, "description": "Or download our app"}, {"boundingPoly": {"vertices": [{"x": 204.0, "y": 2738.0}, {"x": 879.0, "y": 2707.0}, {"x": 885.0, "y": 2783.0}, {"x": 207.0, "y": 2828.0}]}, "description": "ConREDMI NOTE 5 PRO"}, {"boundingPoly": {"vertices": [{"x": 419.0, "y": 2738.0}, {"x": 713.0, "y": 2747.0}, {"x": 712.0, "y": 2816.0}, {"x": 418.0, "y": 2803.0}]}, "description": "Pestriet For"}]}