{"textAnnotations": [{"boundingPoly": {"vertices": [{"x": 58.0, "y": 69.0}, {"x": 167.0, "y": 68.0}, {"x": 167.0, "y": 82.0}, {"x": 58.0, "y": 83.0}]}, "description": "merchant name"}, {"boundingPoly": {"vertices": [{"x": 98.0, "y": 84.0}, {"x": 157.0, "y": 84.0}, {"x": 157.0, "y": 98.0}, {"x": 98.0, "y": 98.0}]}, "description": "merchant address"}, {"boundingPoly": {"vertices": [{"x": 65.0, "y": 100.0}, {"x": 174.0, "y": 97.0}, {"x": 174.0, "y": 111.0}, {"x": 65.0, "y": 113.0}]}, "description": "merchant address"}, {"boundingPoly": {"vertices": [{"x": 77.0, "y": 113.0}, {"x": 162.0, "y": 113.0}, {"x": 162.0, "y": 126.0}, {"x": 77.0, "y": 128.0}]}, "description": "merchant phone"}, {"boundingPoly": {"vertices": [{"x": 94.0, "y": 129.0}, {"x": 119.0, "y": 129.0}, {"x": 120.0, "y": 141.0}, {"x": 94.0, "y": 141.0}]}, "description": "91.1"}, {"boundingPoly": {"vertices": [{"x": 95.0, "y": 142.0}, {"x": 162.0, "y": 142.0}, {"x": 162.0, "y": 155.0}, {"x": 95.0, "y": 155.0}]}, "description": "154/Antonio"}, {"boundingPoly": {"vertices": [{"x": 93.0, "y": 157.0}, {"x": 119.0, "y": 156.0}, {"x": 120.0, "y": 169.0}, {"x": 93.0, "y": 170.0}]}, "description": "5289"}, {"boundingPoly": {"vertices": [{"x": 82.0, "y": 85.0}, {"x": 96.0, "y": 85.0}, {"x": 96.0, "y": 98.0}, {"x": 82.0, "y": 98.0}]}, "description": "merchant address"}, {"boundingPoly": {"vertices": [{"x": 22.0, "y": 129.0}, {"x": 60.0, "y": 129.0}, {"x": 60.0, "y": 142.0}, {"x": 22.0, "y": 142.0}]}, "description": "TABLE#"}, {"boundingPoly": {"vertices": [{"x": 22.0, "y": 144.0}, {"x": 60.0, "y": 144.0}, {"x": 60.0, "y": 157.0}, {"x": 22.0, "y": 156.0}]}, "description": "SERVER"}, {"boundingPoly": {"vertices": [{"x": 21.0, "y": 159.0}, {"x": 61.0, "y": 159.0}, {"x": 61.0, "y": 171.0}, {"x": 21.0, "y": 171.0}]}, "description": "CHECK#"}, {"boundingPoly": {"vertices": [{"x": 23.0, "y": 188.0}, {"x": 84.0, "y": 187.0}, {"x": 85.0, "y": 200.0}, {"x": 23.0, "y": 201.0}]}, "description": "Trans Time"}, {"boundingPoly": {"vertices": [{"x": 24.0, "y": 202.0}, {"x": 43.0, "y": 202.0}, {"x": 42.0, "y": 215.0}, {"x": 24.0, "y": 214.0}]}, "description": "TID"}, {"boundingPoly": {"vertices": [{"x": 23.0, "y": 217.0}, {"x": 85.0, "y": 216.0}, {"x": 85.0, "y": 229.0}, {"x": 23.0, "y": 230.0}]}, "description": "Trans Type"}, {"boundingPoly": {"vertices": [{"x": 22.0, "y": 229.0}, {"x": 128.0, "y": 229.0}, {"x": 128.0, "y": 244.0}, {"x": 22.0, "y": 244.0}]}, "description": " AMERICAN EXPRESS:"}, {"boundingPoly": {"vertices": [{"x": 56.0, "y": 245.0}, {"x": 85.0, "y": 245.0}, {"x": 85.0, "y": 259.0}, {"x": 56.0, "y": 259.0}]}, "description": " Mode"}, {"boundingPoly": {"vertices": [{"x": 119.0, "y": 182.0}, {"x": 247.0, "y": 182.0}, {"x": 247.0, "y": 200.0}, {"x": 119.0, "y": 200.0}]}, "description": " : 12/19/2019 10:05 PM"}, {"boundingPoly": {"vertices": [{"x": 120.0, "y": 198.0}, {"x": 204.0, "y": 198.0}, {"x": 204.0, "y": 213.0}, {"x": 120.0, "y": 213.0}]}, "description": " : 791915560005"}, {"boundingPoly": {"vertices": [{"x": 119.0, "y": 215.0}, {"x": 180.0, "y": 215.0}, {"x": 180.0, "y": 227.0}, {"x": 119.0, "y": 227.0}]}, "description": " : Purchase"}, {"boundingPoly": {"vertices": [{"x": 130.0, "y": 227.0}, {"x": 221.0, "y": 227.0}, {"x": 221.0, "y": 242.0}, {"x": 130.0, "y": 242.0}]}, "description": " XXXXXXXXXXX1001"}, {"boundingPoly": {"vertices": [{"x": 120.0, "y": 245.0}, {"x": 156.0, "y": 245.0}, {"x": 156.0, "y": 257.0}, {"x": 120.0, "y": 257.0}]}, "description": " : Chip"}, {"boundingPoly": {"vertices": [{"x": 120.0, "y": 258.0}, {"x": 156.0, "y": 258.0}, {"x": 156.0, "y": 270.0}, {"x": 120.0, "y": 270.0}]}, "description": " : SIGN"}, {"boundingPoly": {"vertices": [{"x": 121.0, "y": 271.0}, {"x": 192.0, "y": 271.0}, {"x": 192.0, "y": 285.0}, {"x": 121.0, "y": 285.0}]}, "description": " : 0000046375"}, {"boundingPoly": {"vertices": [{"x": 121.0, "y": 287.0}, {"x": 180.0, "y": 287.0}, {"x": 180.0, "y": 300.0}, {"x": 121.0, "y": 300.0}]}, "description": " : APPROVED"}, {"boundingPoly": {"vertices": [{"x": 120.0, "y": 301.0}, {"x": 166.0, "y": 301.0}, {"x": 166.0, "y": 314.0}, {"x": 120.0, "y": 314.0}]}, "description": " : 897651"}, {"boundingPoly": {"vertices": [{"x": 121.0, "y": 315.0}, {"x": 228.0, "y": 315.0}, {"x": 228.0, "y": 329.0}, {"x": 121.0, "y": 329.0}]}, "description": " : A000000025010801"}, {"boundingPoly": {"vertices": [{"x": 123.0, "y": 330.0}, {"x": 192.0, "y": 330.0}, {"x": 192.0, "y": 343.0}, {"x": 123.0, "y": 343.0}]}, "description": " :0000008000"}, {"boundingPoly": {"vertices": [{"x": 120.0, "y": 343.0}, {"x": 218.0, "y": 343.0}, {"x": 218.0, "y": 357.0}, {"x": 120.0, "y": 357.0}]}, "description": " : 06600103A0A002"}, {"boundingPoly": {"vertices": [{"x": 120.0, "y": 359.0}, {"x": 157.0, "y": 359.0}, {"x": 157.0, "y": 372.0}, {"x": 120.0, "y": 372.0}]}, "description": " : E800"}, {"boundingPoly": {"vertices": [{"x": 120.0, "y": 373.0}, {"x": 142.0, "y": 373.0}, {"x": 142.0, "y": 388.0}, {"x": 120.0, "y": 388.0}]}, "description": " : 23"}, {"boundingPoly": {"vertices": [{"x": 22.0, "y": 246.0}, {"x": 54.0, "y": 246.0}, {"x": 54.0, "y": 259.0}, {"x": 22.0, "y": 259.0}]}, "description": " Entry"}, {"boundingPoly": {"vertices": [{"x": 22.0, "y": 260.0}, {"x": 43.0, "y": 260.0}, {"x": 43.0, "y": 272.0}, {"x": 22.0, "y": 272.0}]}, "description": "CVM"}, {"boundingPoly": {"vertices": [{"x": 24.0, "y": 275.0}, {"x": 67.0, "y": 275.0}, {"x": 67.0, "y": 288.0}, {"x": 24.0, "y": 288.0}]}, "description": "Invoice"}, {"boundingPoly": {"vertices": [{"x": 23.0, "y": 290.0}, {"x": 73.0, "y": 290.0}, {"x": 73.0, "y": 302.0}, {"x": 23.0, "y": 302.0}]}, "description": "Response"}, {"boundingPoly": {"vertices": [{"x": 24.0, "y": 304.0}, {"x": 50.0, "y": 304.0}, {"x": 50.0, "y": 317.0}, {"x": 24.0, "y": 317.0}]}, "description": " Auth"}, {"boundingPoly": {"vertices": [{"x": 24.0, "y": 319.0}, {"x": 43.0, "y": 319.0}, {"x": 43.0, "y": 330.0}, {"x": 24.0, "y": 330.0}]}, "description": "AID"}, {"boundingPoly": {"vertices": [{"x": 24.0, "y": 332.0}, {"x": 42.0, "y": 332.0}, {"x": 43.0, "y": 344.0}, {"x": 24.0, "y": 344.0}]}, "description": "TVR"}, {"boundingPoly": {"vertices": [{"x": 24.0, "y": 346.0}, {"x": 41.0, "y": 346.0}, {"x": 41.0, "y": 359.0}, {"x": 24.0, "y": 359.0}]}, "description": "IAD"}, {"boundingPoly": {"vertices": [{"x": 23.0, "y": 362.0}, {"x": 41.0, "y": 362.0}, {"x": 41.0, "y": 374.0}, {"x": 23.0, "y": 374.0}]}, "description": "TSI"}, {"boundingPoly": {"vertices": [{"x": 23.0, "y": 376.0}, {"x": 42.0, "y": 375.0}, {"x": 42.0, "y": 388.0}, {"x": 22.0, "y": 388.0}]}, "description": "ARC"}, {"boundingPoly": {"vertices": [{"x": 52.0, "y": 304.0}, {"x": 79.0, "y": 304.0}, {"x": 79.0, "y": 317.0}, {"x": 52.0, "y": 317.0}]}, "description": " Code"}, {"boundingPoly": {"vertices": [{"x": 23.0, "y": 406.0}, {"x": 60.0, "y": 405.0}, {"x": 60.0, "y": 418.0}, {"x": 23.0, "y": 418.0}]}, "description": "Amount"}, {"boundingPoly": {"vertices": [{"x": 121.0, "y": 402.0}, {"x": 191.0, "y": 402.0}, {"x": 191.0, "y": 418.0}, {"x": 121.0, "y": 418.0}]}, "description": " : USD $47.91"}, {"boundingPoly": {"vertices": [{"x": 121.0, "y": 423.0}, {"x": 196.0, "y": 423.0}, {"x": 196.0, "y": 449.0}, {"x": 121.0, "y": 449.0}]}, "description": " : $ 1.09"}, {"boundingPoly": {"vertices": [{"x": 22.0, "y": 434.0}, {"x": 42.0, "y": 434.0}, {"x": 42.0, "y": 447.0}, {"x": 22.0, "y": 446.0}]}, "description": "Tip"}, {"boundingPoly": {"vertices": [{"x": 24.0, "y": 461.0}, {"x": 54.0, "y": 461.0}, {"x": 54.0, "y": 474.0}, {"x": 24.0, "y": 474.0}]}, "description": "Total"}, {"boundingPoly": {"vertices": [{"x": 21.0, "y": 490.0}, {"x": 94.0, "y": 489.0}, {"x": 95.0, "y": 503.0}, {"x": 21.0, "y": 504.0}]}, "description": "GAUTAM/ROHIT"}, {"boundingPoly": {"vertices": [{"x": 75.0, "y": 505.0}, {"x": 203.0, "y": 503.0}, {"x": 203.0, "y": 517.0}, {"x": 75.0, "y": 519.0}]}, "description": "*** CUSTOMER COPY ***"}]}