{"textAnnotations": [{"boundingPoly": {"vertices": [{"x": 577.0, "y": 43.0}, {"x": 1121.0, "y": 24.0}, {"x": 1123.0, "y": 68.0}, {"x": 578.0, "y": 87.0}]}, "description": "Thank You For Visiting the"}, {"boundingPoly": {"vertices": [{"x": 667.0, "y": 126.0}, {"x": 1010.0, "y": 114.0}, {"x": 1011.0, "y": 154.0}, {"x": 668.0, "y": 167.0}]}, "description": "Matthew Fraysier"}, {"boundingPoly": {"vertices": [{"x": 695.0, "y": 210.0}, {"x": 973.0, "y": 199.0}, {"x": 974.0, "y": 240.0}, {"x": 697.0, "y": 252.0}]}, "description": "merchant phone"}, {"boundingPoly": {"vertices": [{"x": 587.0, "y": 299.0}, {"x": 1079.0, "y": 286.0}, {"x": 1080.0, "y": 330.0}, {"x": 587.0, "y": 344.0}]}, "description": "Text @LTF11479 to 73940"}, {"boundingPoly": {"vertices": [{"x": 572.0, "y": 87.0}, {"x": 1105.0, "y": 69.0}, {"x": 1106.0, "y": 108.0}, {"x": 572.0, "y": 129.0}]}, "description": "merchant name"}, {"boundingPoly": {"vertices": [{"x": 675.0, "y": 168.0}, {"x": 1000.0, "y": 160.0}, {"x": 1002.0, "y": 199.0}, {"x": 675.0, "y": 209.0}]}, "description": "General Manager"}, {"boundingPoly": {"vertices": [{"x": 590.0, "y": 257.0}, {"x": 1068.0, "y": 244.0}, {"x": 1069.0, "y": 285.0}, {"x": 590.0, "y": 300.0}]}, "description": "We Love Your Feedback!"}, {"boundingPoly": {"vertices": [{"x": 1205.0, "y": 376.0}, {"x": 1274.0, "y": 374.0}, {"x": 1274.0, "y": 414.0}, {"x": 1205.0, "y": 416.0}]}, "description": "USD"}, {"boundingPoly": {"vertices": [{"x": 1194.0, "y": 424.0}, {"x": 1285.0, "y": 421.0}, {"x": 1285.0, "y": 464.0}, {"x": 1194.0, "y": 466.0}]}, "description": "1.30"}, {"boundingPoly": {"vertices": [{"x": 1194.0, "y": 471.0}, {"x": 1283.0, "y": 468.0}, {"x": 1283.0, "y": 511.0}, {"x": 1195.0, "y": 512.0}]}, "description": "1.30"}, {"boundingPoly": {"vertices": [{"x": 1187.0, "y": 518.0}, {"x": 1279.0, "y": 516.0}, {"x": 1282.0, "y": 559.0}, {"x": 1188.0, "y": 561.0}]}, "description": "2.99"}, {"boundingPoly": {"vertices": [{"x": 384.0, "y": 433.0}, {"x": 766.0, "y": 433.0}, {"x": 766.0, "y": 486.0}, {"x": 384.0, "y": 486.0}]}, "description": " Chip Lays Classic"}, {"boundingPoly": {"vertices": [{"x": 373.0, "y": 532.0}, {"x": 812.0, "y": 525.0}, {"x": 813.0, "y": 573.0}, {"x": 373.0, "y": 579.0}]}, "description": "Strawberry Fruit Yog"}, {"boundingPoly": {"vertices": [{"x": 774.0, "y": 433.0}, {"x": 797.0, "y": 433.0}, {"x": 797.0, "y": 479.0}, {"x": 774.0, "y": 479.0}]}, "description": " 1"}, {"boundingPoly": {"vertices": [{"x": 769.0, "y": 478.0}, {"x": 790.0, "y": 478.0}, {"x": 790.0, "y": 525.0}, {"x": 769.0, "y": 525.0}]}, "description": " 1"}, {"boundingPoly": {"vertices": [{"x": 379.0, "y": 479.0}, {"x": 760.0, "y": 479.0}, {"x": 760.0, "y": 532.0}, {"x": 379.0, "y": 532.0}]}, "description": " Chip Lays Classic"}, {"boundingPoly": {"vertices": [{"x": 868.0, "y": 619.0}, {"x": 1074.0, "y": 619.0}, {"x": 1075.0, "y": 663.0}, {"x": 868.0, "y": 663.0}]}, "description": "Sub Total"}, {"boundingPoly": {"vertices": [{"x": 868.0, "y": 673.0}, {"x": 1097.0, "y": 669.0}, {"x": 1098.0, "y": 710.0}, {"x": 868.0, "y": 716.0}]}, "description": "Tax Amount"}, {"boundingPoly": {"vertices": [{"x": 1182.0, "y": 615.0}, {"x": 1278.0, "y": 614.0}, {"x": 1278.0, "y": 657.0}, {"x": 1183.0, "y": 657.0}]}, "description": "5.59"}, {"boundingPoly": {"vertices": [{"x": 1177.0, "y": 665.0}, {"x": 1279.0, "y": 662.0}, {"x": 1282.0, "y": 707.0}, {"x": 1179.0, "y": 708.0}]}, "description": "0.50"}, {"boundingPoly": {"vertices": [{"x": 319.0, "y": 827.0}, {"x": 720.0, "y": 821.0}, {"x": 721.0, "y": 903.0}, {"x": 320.0, "y": 908.0}]}, "description": "Total USD"}, {"boundingPoly": {"vertices": [{"x": 1079.0, "y": 818.0}, {"x": 1273.0, "y": 816.0}, {"x": 1273.0, "y": 895.0}, {"x": 1079.0, "y": 897.0}]}, "description": "6.09"}, {"boundingPoly": {"vertices": [{"x": 291.0, "y": 1064.0}, {"x": 780.0, "y": 1060.0}, {"x": 780.0, "y": 1110.0}, {"x": 291.0, "y": 1114.0}]}, "description": "5009 AMERICAN EXPRESS"}, {"boundingPoly": {"vertices": [{"x": 1173.0, "y": 1060.0}, {"x": 1272.0, "y": 1060.0}, {"x": 1273.0, "y": 1104.0}, {"x": 1174.0, "y": 1106.0}]}, "description": "6.09"}, {"boundingPoly": {"vertices": [{"x": 276.0, "y": 1229.0}, {"x": 349.0, "y": 1230.0}, {"x": 347.0, "y": 1272.0}, {"x": 274.0, "y": 1271.0}]}, "description": "Tax"}, {"boundingPoly": {"vertices": [{"x": 268.0, "y": 1279.0}, {"x": 458.0, "y": 1278.0}, {"x": 459.0, "y": 1330.0}, {"x": 268.0, "y": 1332.0}]}, "description": "() 8.875"}, {"boundingPoly": {"vertices": [{"x": 651.0, "y": 1226.0}, {"x": 1004.0, "y": 1226.0}, {"x": 1004.0, "y": 1279.0}, {"x": 651.0, "y": 1279.0}]}, "description": " Taxable Amount"}, {"boundingPoly": {"vertices": [{"x": 887.0, "y": 1282.0}, {"x": 983.0, "y": 1281.0}, {"x": 983.0, "y": 1327.0}, {"x": 885.0, "y": 1330.0}]}, "description": "5.59"}, {"boundingPoly": {"vertices": [{"x": 1020.0, "y": 1226.0}, {"x": 1263.0, "y": 1226.0}, {"x": 1263.0, "y": 1278.0}, {"x": 1020.0, "y": 1278.0}]}, "description": " Tax Amount"}, {"boundingPoly": {"vertices": [{"x": 1167.0, "y": 1281.0}, {"x": 1266.0, "y": 1281.0}, {"x": 1266.0, "y": 1327.0}, {"x": 1167.0, "y": 1329.0}]}, "description": "0.50"}, {"boundingPoly": {"vertices": [{"x": 251.0, "y": 1449.0}, {"x": 1263.0, "y": 1449.0}, {"x": 1263.0, "y": 1506.0}, {"x": 251.0, "y": 1506.0}]}, "description": " 11/13/2019 08:57 AM #:49838 Op:4023 C:111"}, {"boundingPoly": {"vertices": [{"x": 243.0, "y": 1508.0}, {"x": 484.0, "y": 1508.0}, {"x": 484.0, "y": 1561.0}, {"x": 243.0, "y": 1561.0}]}, "description": " 105 S:1111"}, {"boundingPoly": {"vertices": [{"x": 231.0, "y": 1568.0}, {"x": 486.0, "y": 1568.0}, {"x": 486.0, "y": 1623.0}, {"x": 231.0, "y": 1623.0}]}, "description": " Served you"}, {"boundingPoly": {"vertices": [{"x": 495.0, "y": 1568.0}, {"x": 948.0, "y": 1568.0}, {"x": 948.0, "y": 1627.0}, {"x": 495.0, "y": 1627.0}]}, "description": " : Lucrecia Findley"}, {"boundingPoly": {"vertices": [{"x": 427.0, "y": 1809.0}, {"x": 964.0, "y": 1816.0}, {"x": 963.0, "y": 1868.0}, {"x": 426.0, "y": 1863.0}]}, "description": "*** Customer copy ***"}, {"boundingPoly": {"vertices": [{"x": 514.0, "y": 1934.0}, {"x": 868.0, "y": 1936.0}, {"x": 867.0, "y": 1995.0}, {"x": 514.0, "y": 1993.0}]}, "description": "AMEX NY937 (5)"}, {"boundingPoly": {"vertices": [{"x": 210.0, "y": 1993.0}, {"x": 1154.0, "y": 2008.0}, {"x": 1153.0, "y": 2067.0}, {"x": 210.0, "y": 2056.0}]}, "description": "I agree to pay the above total amount"}, {"boundingPoly": {"vertices": [{"x": 379.0, "y": 2068.0}, {"x": 1000.0, "y": 2074.0}, {"x": 999.0, "y": 2132.0}, {"x": 378.0, "y": 2123.0}]}, "description": "according to card issuer"}, {"boundingPoly": {"vertices": [{"x": 171.0, "y": 2128.0}, {"x": 1183.0, "y": 2142.0}, {"x": 1182.0, "y": 2204.0}, {"x": 170.0, "y": 2187.0}]}, "description": "agreement. (Merchant agreement if Credit"}, {"boundingPoly": {"vertices": [{"x": 241.0, "y": 2190.0}, {"x": 1103.0, "y": 2210.0}, {"x": 1101.0, "y": 2272.0}, {"x": 240.0, "y": 2250.0}]}, "description": "Voucher)Retain this copy for your"}, {"boundingPoly": {"vertices": [{"x": 570.0, "y": 2271.0}, {"x": 781.0, "y": 2274.0}, {"x": 780.0, "y": 2329.0}, {"x": 570.0, "y": 2325.0}]}, "description": "records."}, {"boundingPoly": {"vertices": [{"x": 143.0, "y": 2387.0}, {"x": 645.0, "y": 2402.0}, {"x": 643.0, "y": 2464.0}, {"x": 141.0, "y": 2450.0}]}, "description": "PURCHASE / APPROVED"}, {"boundingPoly": {"vertices": [{"x": 136.0, "y": 2460.0}, {"x": 557.0, "y": 2470.0}, {"x": 556.0, "y": 2532.0}, {"x": 134.0, "y": 2520.0}]}, "description": "AMERICAN EXPRESS"}, {"boundingPoly": {"vertices": [{"x": 131.0, "y": 2531.0}, {"x": 528.0, "y": 2546.0}, {"x": 525.0, "y": 2603.0}, {"x": 128.0, "y": 2584.0}]}, "description": "*********** 1006"}, {"boundingPoly": {"vertices": [{"x": 120.0, "y": 2601.0}, {"x": 417.0, "y": 2610.0}, {"x": 415.0, "y": 2673.0}, {"x": 117.0, "y": 2661.0}]}, "description": "CHIP READ /"}, {"boundingPoly": {"vertices": [{"x": 352.0, "y": 2724.0}, {"x": 856.0, "y": 2730.0}, {"x": 855.0, "y": 2790.0}, {"x": 351.0, "y": 2783.0}]}, "description": "REDMI NOTE 5 PRO"}, {"boundingPoly": {"vertices": [{"x": 338.0, "y": 2790.0}, {"x": 816.0, "y": 2800.0}, {"x": 815.0, "y": 2859.0}, {"x": 338.0, "y": 2849.0}]}, "description": "MI DUAL CAMERA"}, {"boundingPoly": {"vertices": [{"x": 98.0, "y": 2819.0}, {"x": 194.0, "y": 2823.0}, {"x": 191.0, "y": 2875.0}, {"x": 98.0, "y": 2873.0}]}, "description": "TID"}, {"boundingPoly": {"vertices": [{"x": 93.0, "y": 2894.0}, {"x": 177.0, "y": 2895.0}, {"x": 175.0, "y": 2937.0}, {"x": 93.0, "y": 2935.0}]}, "description": "MID"}, {"boundingPoly": {"vertices": [{"x": 972.0, "y": 2854.0}, {"x": 1202.0, "y": 2856.0}, {"x": 1201.0, "y": 2913.0}, {"x": 971.0, "y": 2909.0}]}, "description": "**** 6039"}]}