{"textAnnotations": [{"boundingPoly": {"vertices": [{"x": 82.0, "y": 32.0}, {"x": 117.0, "y": 32.0}, {"x": 117.0, "y": 44.0}, {"x": 82.0, "y": 44.0}]}, "description": " Thank"}, {"boundingPoly": {"vertices": [{"x": 80.0, "y": 44.0}, {"x": 127.0, "y": 44.0}, {"x": 127.0, "y": 57.0}, {"x": 80.0, "y": 57.0}]}, "description": "merchant name"}, {"boundingPoly": {"vertices": [{"x": 92.0, "y": 57.0}, {"x": 141.0, "y": 57.0}, {"x": 141.0, "y": 70.0}, {"x": 92.0, "y": 70.0}]}, "description": " We Love"}, {"boundingPoly": {"vertices": [{"x": 90.0, "y": 71.0}, {"x": 116.0, "y": 71.0}, {"x": 116.0, "y": 85.0}, {"x": 90.0, "y": 85.0}]}, "description": " Text"}, {"boundingPoly": {"vertices": [{"x": 119.0, "y": 32.0}, {"x": 140.0, "y": 32.0}, {"x": 140.0, "y": 44.0}, {"x": 119.0, "y": 44.0}]}, "description": " You"}, {"boundingPoly": {"vertices": [{"x": 142.0, "y": 32.0}, {"x": 166.0, "y": 32.0}, {"x": 166.0, "y": 44.0}, {"x": 142.0, "y": 44.0}]}, "description": " For"}, {"boundingPoly": {"vertices": [{"x": 130.0, "y": 44.0}, {"x": 246.0, "y": 44.0}, {"x": 246.0, "y": 56.0}, {"x": 130.0, "y": 56.0}]}, "description": "merchant name"}, {"boundingPoly": {"vertices": [{"x": 168.0, "y": 32.0}, {"x": 223.0, "y": 32.0}, {"x": 223.0, "y": 44.0}, {"x": 168.0, "y": 44.0}]}, "description": " Visiting"}, {"boundingPoly": {"vertices": [{"x": 225.0, "y": 32.0}, {"x": 246.0, "y": 32.0}, {"x": 246.0, "y": 45.0}, {"x": 225.0, "y": 45.0}]}, "description": " the"}, {"boundingPoly": {"vertices": [{"x": 143.0, "y": 57.0}, {"x": 172.0, "y": 57.0}, {"x": 172.0, "y": 70.0}, {"x": 143.0, "y": 70.0}]}, "description": " Your"}, {"boundingPoly": {"vertices": [{"x": 119.0, "y": 71.0}, {"x": 181.0, "y": 71.0}, {"x": 181.0, "y": 85.0}, {"x": 119.0, "y": 85.0}]}, "description": " @LTF11606"}, {"boundingPoly": {"vertices": [{"x": 174.0, "y": 57.0}, {"x": 233.0, "y": 57.0}, {"x": 233.0, "y": 70.0}, {"x": 174.0, "y": 70.0}]}, "description": " Feedback!"}, {"boundingPoly": {"vertices": [{"x": 184.0, "y": 71.0}, {"x": 200.0, "y": 71.0}, {"x": 200.0, "y": 85.0}, {"x": 184.0, "y": 85.0}]}, "description": " to"}, {"boundingPoly": {"vertices": [{"x": 203.0, "y": 71.0}, {"x": 237.0, "y": 71.0}, {"x": 237.0, "y": 85.0}, {"x": 203.0, "y": 85.0}]}, "description": " 73940"}, {"boundingPoly": {"vertices": [{"x": 33.0, "y": 115.0}, {"x": 74.0, "y": 115.0}, {"x": 74.0, "y": 130.0}, {"x": 33.0, "y": 130.0}]}, "description": " Noodle"}, {"boundingPoly": {"vertices": [{"x": 77.0, "y": 115.0}, {"x": 105.0, "y": 115.0}, {"x": 105.0, "y": 130.0}, {"x": 77.0, "y": 130.0}]}, "description": " Bowl"}, {"boundingPoly": {"vertices": [{"x": 276.0, "y": 102.0}, {"x": 297.0, "y": 101.0}, {"x": 297.0, "y": 115.0}, {"x": 275.0, "y": 115.0}]}, "description": "USD"}, {"boundingPoly": {"vertices": [{"x": 269.0, "y": 116.0}, {"x": 297.0, "y": 116.0}, {"x": 296.0, "y": 131.0}, {"x": 269.0, "y": 130.0}]}, "description": "5.33"}, {"boundingPoly": {"vertices": [{"x": 180.0, "y": 147.0}, {"x": 204.0, "y": 147.0}, {"x": 204.0, "y": 162.0}, {"x": 180.0, "y": 162.0}]}, "description": " Sub"}, {"boundingPoly": {"vertices": [{"x": 180.0, "y": 163.0}, {"x": 248.0, "y": 164.0}, {"x": 248.0, "y": 178.0}, {"x": 180.0, "y": 177.0}]}, "description": "Tax Amount"}, {"boundingPoly": {"vertices": [{"x": 206.0, "y": 148.0}, {"x": 240.0, "y": 148.0}, {"x": 240.0, "y": 162.0}, {"x": 206.0, "y": 162.0}]}, "description": " Total"}, {"boundingPoly": {"vertices": [{"x": 268.0, "y": 148.0}, {"x": 297.0, "y": 148.0}, {"x": 297.0, "y": 163.0}, {"x": 268.0, "y": 163.0}]}, "description": "5.33"}, {"boundingPoly": {"vertices": [{"x": 269.0, "y": 164.0}, {"x": 296.0, "y": 165.0}, {"x": 295.0, "y": 179.0}, {"x": 269.0, "y": 179.0}]}, "description": "0.46"}, {"boundingPoly": {"vertices": [{"x": 27.0, "y": 209.0}, {"x": 143.0, "y": 211.0}, {"x": 143.0, "y": 237.0}, {"x": 27.0, "y": 235.0}]}, "description": "Total USD"}, {"boundingPoly": {"vertices": [{"x": 240.0, "y": 213.0}, {"x": 295.0, "y": 213.0}, {"x": 294.0, "y": 237.0}, {"x": 240.0, "y": 237.0}]}, "description": "5.79"}, {"boundingPoly": {"vertices": [{"x": 25.0, "y": 275.0}, {"x": 114.0, "y": 275.0}, {"x": 114.0, "y": 288.0}, {"x": 25.0, "y": 288.0}]}, "description": " 5009 AMERICAN"}, {"boundingPoly": {"vertices": [{"x": 116.0, "y": 276.0}, {"x": 163.0, "y": 276.0}, {"x": 163.0, "y": 288.0}, {"x": 116.0, "y": 288.0}]}, "description": " EXPRESS"}, {"boundingPoly": {"vertices": [{"x": 267.0, "y": 280.0}, {"x": 295.0, "y": 280.0}, {"x": 296.0, "y": 292.0}, {"x": 268.0, "y": 292.0}]}, "description": "5.79"}, {"boundingPoly": {"vertices": [{"x": 24.0, "y": 312.0}, {"x": 44.0, "y": 312.0}, {"x": 43.0, "y": 323.0}, {"x": 24.0, "y": 323.0}]}, "description": "Tax"}, {"boundingPoly": {"vertices": [{"x": 23.0, "y": 325.0}, {"x": 71.0, "y": 324.0}, {"x": 71.0, "y": 338.0}, {"x": 23.0, "y": 339.0}]}, "description": "() 8.60"}, {"boundingPoly": {"vertices": [{"x": 130.0, "y": 314.0}, {"x": 179.0, "y": 314.0}, {"x": 179.0, "y": 328.0}, {"x": 130.0, "y": 328.0}]}, "description": " Taxable"}, {"boundingPoly": {"vertices": [{"x": 181.0, "y": 316.0}, {"x": 227.0, "y": 316.0}, {"x": 227.0, "y": 330.0}, {"x": 181.0, "y": 330.0}]}, "description": " Amount"}, {"boundingPoly": {"vertices": [{"x": 195.0, "y": 329.0}, {"x": 224.0, "y": 330.0}, {"x": 223.0, "y": 342.0}, {"x": 195.0, "y": 342.0}]}, "description": "5.33"}, {"boundingPoly": {"vertices": [{"x": 234.0, "y": 317.0}, {"x": 256.0, "y": 317.0}, {"x": 256.0, "y": 331.0}, {"x": 234.0, "y": 331.0}]}, "description": " Tax"}, {"boundingPoly": {"vertices": [{"x": 258.0, "y": 318.0}, {"x": 299.0, "y": 318.0}, {"x": 299.0, "y": 332.0}, {"x": 258.0, "y": 332.0}]}, "description": " Amount"}, {"boundingPoly": {"vertices": [{"x": 273.0, "y": 332.0}, {"x": 301.0, "y": 332.0}, {"x": 302.0, "y": 344.0}, {"x": 273.0, "y": 344.0}]}, "description": "0.46"}, {"boundingPoly": {"vertices": [{"x": 20.0, "y": 369.0}, {"x": 306.0, "y": 369.0}, {"x": 306.0, "y": 387.0}, {"x": 20.0, "y": 387.0}]}, "description": " 11/14/2019 12:37 PM #:38901 Op:3062 C:112"}, {"boundingPoly": {"vertices": [{"x": 18.0, "y": 386.0}, {"x": 90.0, "y": 386.0}, {"x": 90.0, "y": 401.0}, {"x": 18.0, "y": 401.0}]}, "description": " 204 S:1122"}, {"boundingPoly": {"vertices": [{"x": 18.0, "y": 402.0}, {"x": 92.0, "y": 402.0}, {"x": 92.0, "y": 418.0}, {"x": 18.0, "y": 418.0}]}, "description": " Served you"}, {"boundingPoly": {"vertices": [{"x": 95.0, "y": 403.0}, {"x": 220.0, "y": 403.0}, {"x": 220.0, "y": 419.0}, {"x": 95.0, "y": 419.0}]}, "description": " : Aracely Blascruz"}, {"boundingPoly": {"vertices": [{"x": 79.0, "y": 469.0}, {"x": 167.0, "y": 469.0}, {"x": 167.0, "y": 485.0}, {"x": 79.0, "y": 485.0}]}, "description": " *** Customer"}, {"boundingPoly": {"vertices": [{"x": 169.0, "y": 469.0}, {"x": 229.0, "y": 469.0}, {"x": 229.0, "y": 485.0}, {"x": 169.0, "y": 485.0}]}, "description": " copy ***"}, {"boundingPoly": {"vertices": [{"x": 108.0, "y": 501.0}, {"x": 199.0, "y": 501.0}, {"x": 199.0, "y": 515.0}, {"x": 108.0, "y": 515.0}]}, "description": "AMEX AEDR (7)"}, {"boundingPoly": {"vertices": [{"x": 37.0, "y": 516.0}, {"x": 282.0, "y": 516.0}, {"x": 282.0, "y": 530.0}, {"x": 37.0, "y": 530.0}]}, "description": " agree to pay the above total amount"}, {"boundingPoly": {"vertices": [{"x": 74.0, "y": 530.0}, {"x": 241.0, "y": 530.0}, {"x": 242.0, "y": 542.0}, {"x": 74.0, "y": 543.0}]}, "description": "according to card issuer"}, {"boundingPoly": {"vertices": [{"x": 224.0, "y": 542.0}, {"x": 285.0, "y": 542.0}, {"x": 285.0, "y": 556.0}, {"x": 224.0, "y": 556.0}]}, "description": " if Credit"}, {"boundingPoly": {"vertices": [{"x": 142.0, "y": 558.0}, {"x": 234.0, "y": 558.0}, {"x": 234.0, "y": 573.0}, {"x": 142.0, "y": 573.0}]}, "description": " this copy for"}, {"boundingPoly": {"vertices": [{"x": 130.0, "y": 575.0}, {"x": 186.0, "y": 574.0}, {"x": 187.0, "y": 587.0}, {"x": 130.0, "y": 589.0}]}, "description": "records."}, {"boundingPoly": {"vertices": [{"x": 25.0, "y": 516.0}, {"x": 35.0, "y": 516.0}, {"x": 35.0, "y": 530.0}, {"x": 25.0, "y": 530.0}]}, "description": " I"}, {"boundingPoly": {"vertices": [{"x": 21.0, "y": 544.0}, {"x": 85.0, "y": 544.0}, {"x": 85.0, "y": 557.0}, {"x": 21.0, "y": 557.0}]}, "description": " agreement ."}, {"boundingPoly": {"vertices": [{"x": 41.0, "y": 558.0}, {"x": 139.0, "y": 558.0}, {"x": 139.0, "y": 574.0}, {"x": 41.0, "y": 574.0}]}, "description": " Voucher)Retain"}, {"boundingPoly": {"vertices": [{"x": 88.0, "y": 543.0}, {"x": 222.0, "y": 543.0}, {"x": 222.0, "y": 557.0}, {"x": 88.0, "y": 557.0}]}, "description": " (Merchant agreement"}, {"boundingPoly": {"vertices": [{"x": 236.0, "y": 558.0}, {"x": 266.0, "y": 558.0}, {"x": 266.0, "y": 572.0}, {"x": 236.0, "y": 572.0}]}, "description": " your"}, {"boundingPoly": {"vertices": [{"x": 15.0, "y": 606.0}, {"x": 76.0, "y": 606.0}, {"x": 76.0, "y": 623.0}, {"x": 15.0, "y": 623.0}]}, "description": " PURCHASE"}, {"boundingPoly": {"vertices": [{"x": 13.0, "y": 624.0}, {"x": 131.0, "y": 622.0}, {"x": 132.0, "y": 637.0}, {"x": 13.0, "y": 639.0}]}, "description": "AMERICAN EXPRESS"}, {"boundingPoly": {"vertices": [{"x": 12.0, "y": 642.0}, {"x": 125.0, "y": 640.0}, {"x": 125.0, "y": 655.0}, {"x": 12.0, "y": 656.0}]}, "description": "*********** 1004"}, {"boundingPoly": {"vertices": [{"x": 9.0, "y": 659.0}, {"x": 95.0, "y": 658.0}, {"x": 95.0, "y": 674.0}, {"x": 9.0, "y": 675.0}]}, "description": "CHIP READ /"}, {"boundingPoly": {"vertices": [{"x": 79.0, "y": 606.0}, {"x": 90.0, "y": 606.0}, {"x": 90.0, "y": 621.0}, {"x": 79.0, "y": 621.0}]}, "description": " /"}, {"boundingPoly": {"vertices": [{"x": 93.0, "y": 605.0}, {"x": 153.0, "y": 605.0}, {"x": 153.0, "y": 621.0}, {"x": 93.0, "y": 621.0}]}, "description": " APPROVED"}, {"boundingPoly": {"vertices": [{"x": 6.0, "y": 693.0}, {"x": 153.0, "y": 693.0}, {"x": 153.0, "y": 713.0}, {"x": 6.0, "y": 713.0}]}, "description": " 2019/11/14 12:37:51"}, {"boundingPoly": {"vertices": [{"x": 6.0, "y": 713.0}, {"x": 30.0, "y": 714.0}, {"x": 29.0, "y": 729.0}, {"x": 6.0, "y": 729.0}]}, "description": "TID"}, {"boundingPoly": {"vertices": [{"x": 2.0, "y": 733.0}, {"x": 28.0, "y": 732.0}, {"x": 28.0, "y": 749.0}, {"x": 3.0, "y": 749.0}]}, "description": "MID"}, {"boundingPoly": {"vertices": [{"x": 1.0, "y": 753.0}, {"x": 76.0, "y": 752.0}, {"x": 77.0, "y": 769.0}, {"x": 1.0, "y": 771.0}]}, "description": "REFERENCE"}, {"boundingPoly": {"vertices": [{"x": 3.0, "y": 775.0}, {"x": 76.0, "y": 773.0}, {"x": 77.0, "y": 788.0}, {"x": 3.0, "y": 790.0}]}, "description": "AUTH CODE"}, {"boundingPoly": {"vertices": [{"x": 251.0, "y": 709.0}, {"x": 314.0, "y": 708.0}, {"x": 315.0, "y": 723.0}, {"x": 251.0, "y": 724.0}]}, "description": "**** 6046"}, {"boundingPoly": {"vertices": [{"x": 259.0, "y": 727.0}, {"x": 316.0, "y": 727.0}, {"x": 316.0, "y": 742.0}, {"x": 260.0, "y": 744.0}]}, "description": "6634460"}, {"boundingPoly": {"vertices": [{"x": 120.0, "y": 751.0}, {"x": 317.0, "y": 746.0}, {"x": 317.0, "y": 763.0}, {"x": 121.0, "y": 769.0}]}, "description": "S1122T112204#38901@660641"}, {"boundingPoly": {"vertices": [{"x": 270.0, "y": 766.0}, {"x": 316.0, "y": 765.0}, {"x": 316.0, "y": 780.0}, {"x": 270.0, "y": 782.0}]}, "description": "868020"}, {"boundingPoly": {"vertices": [{"x": 3.0, "y": 807.0}, {"x": 43.0, "y": 807.0}, {"x": 43.0, "y": 822.0}, {"x": 3.0, "y": 822.0}]}, "description": "TOTAL"}, {"boundingPoly": {"vertices": [{"x": 260.0, "y": 802.0}, {"x": 316.0, "y": 801.0}, {"x": 316.0, "y": 817.0}, {"x": 260.0, "y": 818.0}]}, "description": "USD5.79"}, {"boundingPoly": {"vertices": [{"x": 5.0, "y": 839.0}, {"x": 40.0, "y": 839.0}, {"x": 40.0, "y": 854.0}, {"x": 5.0, "y": 854.0}]}, "description": " ARC:"}, {"boundingPoly": {"vertices": [{"x": 6.0, "y": 853.0}, {"x": 40.0, "y": 853.0}, {"x": 40.0, "y": 870.0}, {"x": 6.0, "y": 870.0}]}, "description": " TSI:"}, {"boundingPoly": {"vertices": [{"x": 8.0, "y": 868.0}, {"x": 42.0, "y": 868.0}, {"x": 42.0, "y": 884.0}, {"x": 8.0, "y": 884.0}]}, "description": " IAD:"}, {"boundingPoly": {"vertices": [{"x": 10.0, "y": 894.0}, {"x": 42.0, "y": 894.0}, {"x": 42.0, "y": 911.0}, {"x": 10.0, "y": 911.0}]}, "description": " AID:"}, {"boundingPoly": {"vertices": [{"x": 42.0, "y": 840.0}, {"x": 60.0, "y": 840.0}, {"x": 60.0, "y": 855.0}, {"x": 42.0, "y": 855.0}]}, "description": " 00"}, {"boundingPoly": {"vertices": [{"x": 42.0, "y": 856.0}, {"x": 78.0, "y": 856.0}, {"x": 78.0, "y": 871.0}, {"x": 42.0, "y": 871.0}]}, "description": " F800"}, {"boundingPoly": {"vertices": [{"x": 44.0, "y": 870.0}, {"x": 153.0, "y": 870.0}, {"x": 153.0, "y": 886.0}, {"x": 44.0, "y": 886.0}]}, "description": " 06460103602002"}, {"boundingPoly": {"vertices": [{"x": 44.0, "y": 884.0}, {"x": 122.0, "y": 884.0}, {"x": 122.0, "y": 902.0}, {"x": 44.0, "y": 902.0}]}, "description": " 0000008000"}, {"boundingPoly": {"vertices": [{"x": 10.0, "y": 907.0}, {"x": 96.0, "y": 907.0}, {"x": 96.0, "y": 926.0}, {"x": 10.0, "y": 926.0}]}, "description": " PAN Seq No:"}, {"boundingPoly": {"vertices": [{"x": 8.0, "y": 881.0}, {"x": 42.0, "y": 881.0}, {"x": 42.0, "y": 898.0}, {"x": 8.0, "y": 898.0}]}, "description": " TVR:"}, {"boundingPoly": {"vertices": [{"x": 45.0, "y": 898.0}, {"x": 167.0, "y": 898.0}, {"x": 167.0, "y": 917.0}, {"x": 45.0, "y": 917.0}]}, "description": " A000000025010801"}]}