{"textAnnotations": [{"boundingPoly": {"vertices": [{"x": 178.0, "y": 66.0}, {"x": 230.0, "y": 66.0}, {"x": 229.0, "y": 92.0}, {"x": 178.0, "y": 93.0}]}, "description": "merchant name"}, {"boundingPoly": {"vertices": [{"x": 58.0, "y": 101.0}, {"x": 348.0, "y": 94.0}, {"x": 349.0, "y": 148.0}, {"x": 59.0, "y": 154.0}]}, "description": "merchant name"}, {"boundingPoly": {"vertices": [{"x": 145.0, "y": 153.0}, {"x": 260.0, "y": 152.0}, {"x": 261.0, "y": 181.0}, {"x": 145.0, "y": 183.0}]}, "description": "merchant name"}, {"boundingPoly": {"vertices": [{"x": 26.0, "y": 196.0}, {"x": 367.0, "y": 191.0}, {"x": 367.0, "y": 213.0}, {"x": 26.0, "y": 217.0}]}, "description": "merchant address"}, {"boundingPoly": {"vertices": [{"x": 146.0, "y": 220.0}, {"x": 257.0, "y": 218.0}, {"x": 258.0, "y": 239.0}, {"x": 147.0, "y": 242.0}]}, "description": "merchant address"}, {"boundingPoly": {"vertices": [{"x": 60.0, "y": 247.0}, {"x": 334.0, "y": 243.0}, {"x": 335.0, "y": 264.0}, {"x": 61.0, "y": 268.0}]}, "description": "www.JonesFamilyKitchen.co.uk"}, {"boundingPoly": {"vertices": [{"x": 18.0, "y": 284.0}, {"x": 220.0, "y": 279.0}, {"x": 221.0, "y": 301.0}, {"x": 19.0, "y": 306.0}]}, "description": "Opened by VIKTORIJA"}, {"boundingPoly": {"vertices": [{"x": 22.0, "y": 309.0}, {"x": 233.0, "y": 306.0}, {"x": 234.0, "y": 328.0}, {"x": 22.0, "y": 330.0}]}, "description": "Printed by Mael Denoual"}, {"boundingPoly": {"vertices": [{"x": 22.0, "y": 343.0}, {"x": 181.0, "y": 343.0}, {"x": 181.0, "y": 364.0}, {"x": 22.0, "y": 364.0}]}, "description": " 28/10/2019 19:20"}, {"boundingPoly": {"vertices": [{"x": 26.0, "y": 379.0}, {"x": 119.0, "y": 379.0}, {"x": 119.0, "y": 401.0}, {"x": 26.0, "y": 402.0}]}, "description": "Table 20"}, {"boundingPoly": {"vertices": [{"x": 27.0, "y": 409.0}, {"x": 93.0, "y": 409.0}, {"x": 93.0, "y": 427.0}, {"x": 27.0, "y": 427.0}]}, "description": "1 Cover"}, {"boundingPoly": {"vertices": [{"x": 27.0, "y": 432.0}, {"x": 195.0, "y": 431.0}, {"x": 195.0, "y": 451.0}, {"x": 27.0, "y": 451.0}]}, "description": "Bill Number 43702"}, {"boundingPoly": {"vertices": [{"x": 25.0, "y": 457.0}, {"x": 263.0, "y": 457.0}, {"x": 263.0, "y": 477.0}, {"x": 25.0, "y": 479.0}]}, "description": "MyCheck Client Code 3408"}, {"boundingPoly": {"vertices": [{"x": 462.0, "y": 120.0}, {"x": 758.0, "y": 119.0}, {"x": 758.0, "y": 150.0}, {"x": 462.0, "y": 152.0}]}, "description": "merchant name"}, {"boundingPoly": {"vertices": [{"x": 460.0, "y": 151.0}, {"x": 563.0, "y": 150.0}, {"x": 563.0, "y": 179.0}, {"x": 461.0, "y": 180.0}]}, "description": "SW1W 9NF"}, {"boundingPoly": {"vertices": [{"x": 463.0, "y": 182.0}, {"x": 576.0, "y": 183.0}, {"x": 576.0, "y": 201.0}, {"x": 463.0, "y": 200.0}]}, "description": "Thank you"}, {"boundingPoly": {"vertices": [{"x": 487.0, "y": 199.0}, {"x": 613.0, "y": 199.0}, {"x": 613.0, "y": 217.0}, {"x": 487.0, "y": 217.0}]}, "description": "merchant phone"}, {"boundingPoly": {"vertices": [{"x": 514.0, "y": 215.0}, {"x": 612.0, "y": 215.0}, {"x": 612.0, "y": 234.0}, {"x": 514.0, "y": 234.0}]}, "description": " 16794882"}, {"boundingPoly": {"vertices": [{"x": 463.0, "y": 233.0}, {"x": 583.0, "y": 233.0}, {"x": 583.0, "y": 252.0}, {"x": 463.0, "y": 252.0}]}, "description": " Waiter ID:"}, {"boundingPoly": {"vertices": [{"x": 464.0, "y": 250.0}, {"x": 572.0, "y": 250.0}, {"x": 572.0, "y": 269.0}, {"x": 464.0, "y": 269.0}]}, "description": " Table ID:"}, {"boundingPoly": {"vertices": [{"x": 464.0, "y": 268.0}, {"x": 548.0, "y": 268.0}, {"x": 548.0, "y": 287.0}, {"x": 464.0, "y": 287.0}]}, "description": " HANDSET"}, {"boundingPoly": {"vertices": [{"x": 462.0, "y": 200.0}, {"x": 483.0, "y": 200.0}, {"x": 483.0, "y": 217.0}, {"x": 462.0, "y": 217.0}]}, "description": " M:"}, {"boundingPoly": {"vertices": [{"x": 463.0, "y": 216.0}, {"x": 510.0, "y": 216.0}, {"x": 510.0, "y": 235.0}, {"x": 463.0, "y": 235.0}]}, "description": " TID:"}, {"boundingPoly": {"vertices": [{"x": 586.0, "y": 233.0}, {"x": 637.0, "y": 233.0}, {"x": 637.0, "y": 252.0}, {"x": 586.0, "y": 252.0}]}, "description": " 4975"}, {"boundingPoly": {"vertices": [{"x": 575.0, "y": 250.0}, {"x": 600.0, "y": 250.0}, {"x": 600.0, "y": 268.0}, {"x": 575.0, "y": 268.0}]}, "description": " 20"}, {"boundingPoly": {"vertices": [{"x": 551.0, "y": 268.0}, {"x": 577.0, "y": 268.0}, {"x": 577.0, "y": 287.0}, {"x": 551.0, "y": 287.0}]}, "description": " : 1"}, {"boundingPoly": {"vertices": [{"x": 701.0, "y": 215.0}, {"x": 764.0, "y": 214.0}, {"x": 765.0, "y": 232.0}, {"x": 701.0, "y": 233.0}]}, "description": "S7557"}, {"boundingPoly": {"vertices": [{"x": 464.0, "y": 304.0}, {"x": 669.0, "y": 304.0}, {"x": 669.0, "y": 322.0}, {"x": 464.0, "y": 322.0}]}, "description": "AMERICAN EXPRESS"}, {"boundingPoly": {"vertices": [{"x": 465.0, "y": 323.0}, {"x": 519.0, "y": 323.0}, {"x": 519.0, "y": 341.0}, {"x": 465.0, "y": 341.0}]}, "description": " AID:"}, {"boundingPoly": {"vertices": [{"x": 464.0, "y": 341.0}, {"x": 671.0, "y": 343.0}, {"x": 671.0, "y": 375.0}, {"x": 464.0, "y": 373.0}]}, "description": "AMERICAN EXPRESS"}, {"boundingPoly": {"vertices": [{"x": 467.0, "y": 394.0}, {"x": 655.0, "y": 396.0}, {"x": 655.0, "y": 416.0}, {"x": 467.0, "y": 411.0}]}, "description": "*********** 1002"}, {"boundingPoly": {"vertices": [{"x": 466.0, "y": 432.0}, {"x": 642.0, "y": 432.0}, {"x": 642.0, "y": 452.0}, {"x": 466.0, "y": 450.0}]}, "description": "PAN SEQ NO. 00"}, {"boundingPoly": {"vertices": [{"x": 525.0, "y": 323.0}, {"x": 733.0, "y": 323.0}, {"x": 733.0, "y": 342.0}, {"x": 525.0, "y": 342.0}]}, "description": " A000000025010801"}, {"boundingPoly": {"vertices": [{"x": 467.0, "y": 412.0}, {"x": 584.0, "y": 413.0}, {"x": 584.0, "y": 433.0}, {"x": 467.0, "y": 432.0}]}, "description": "EXP 12/23"}, {"boundingPoly": {"vertices": [{"x": 465.0, "y": 449.0}, {"x": 580.0, "y": 450.0}, {"x": 579.0, "y": 469.0}, {"x": 465.0, "y": 467.0}]}, "description": "STT 12/18"}, {"boundingPoly": {"vertices": [{"x": 467.0, "y": 467.0}, {"x": 509.0, "y": 467.0}, {"x": 509.0, "y": 484.0}, {"x": 466.0, "y": 484.0}]}, "description": "ICC"}, {"boundingPoly": {"vertices": [{"x": 29.0, "y": 501.0}, {"x": 192.0, "y": 503.0}, {"x": 192.0, "y": 524.0}, {"x": 29.0, "y": 523.0}]}, "description": "2 Pint Jones Lager"}, {"boundingPoly": {"vertices": [{"x": 29.0, "y": 527.0}, {"x": 38.0, "y": 527.0}, {"x": 38.0, "y": 548.0}, {"x": 29.0, "y": 548.0}]}, "description": " 1"}, {"boundingPoly": {"vertices": [{"x": 28.0, "y": 553.0}, {"x": 207.0, "y": 554.0}, {"x": 207.0, "y": 574.0}, {"x": 28.0, "y": 573.0}]}, "description": "1 Sweet Potato Fries"}, {"boundingPoly": {"vertices": [{"x": 336.0, "y": 503.0}, {"x": 400.0, "y": 503.0}, {"x": 400.0, "y": 522.0}, {"x": 336.0, "y": 523.0}]}, "description": "\u00a311.00"}, {"boundingPoly": {"vertices": [{"x": 335.0, "y": 529.0}, {"x": 402.0, "y": 528.0}, {"x": 402.0, "y": 548.0}, {"x": 335.0, "y": 548.0}]}, "description": "\u00a325.00"}, {"boundingPoly": {"vertices": [{"x": 349.0, "y": 555.0}, {"x": 402.0, "y": 555.0}, {"x": 401.0, "y": 574.0}, {"x": 348.0, "y": 574.0}]}, "description": "\u00a34.00"}, {"boundingPoly": {"vertices": [{"x": 468.0, "y": 503.0}, {"x": 518.0, "y": 503.0}, {"x": 518.0, "y": 520.0}, {"x": 468.0, "y": 520.0}]}, "description": "SALE"}, {"boundingPoly": {"vertices": [{"x": 468.0, "y": 520.0}, {"x": 544.0, "y": 520.0}, {"x": 544.0, "y": 539.0}, {"x": 468.0, "y": 539.0}]}, "description": "AMOUNT"}, {"boundingPoly": {"vertices": [{"x": 468.0, "y": 541.0}, {"x": 533.0, "y": 542.0}, {"x": 531.0, "y": 573.0}, {"x": 467.0, "y": 571.0}]}, "description": "TOTAL"}, {"boundingPoly": {"vertices": [{"x": 470.0, "y": 593.0}, {"x": 638.0, "y": 596.0}, {"x": 637.0, "y": 618.0}, {"x": 470.0, "y": 614.0}]}, "description": "PIN VERIFIED"}, {"boundingPoly": {"vertices": [{"x": 471.0, "y": 633.0}, {"x": 598.0, "y": 633.0}, {"x": 598.0, "y": 654.0}, {"x": 471.0, "y": 654.0}]}, "description": " AUTH CODE:"}, {"boundingPoly": {"vertices": [{"x": 42.0, "y": 528.0}, {"x": 194.0, "y": 528.0}, {"x": 194.0, "y": 548.0}, {"x": 42.0, "y": 548.0}]}, "description": " Devon red Sirloin"}, {"boundingPoly": {"vertices": [{"x": 694.0, "y": 525.0}, {"x": 769.0, "y": 526.0}, {"x": 769.0, "y": 545.0}, {"x": 693.0, "y": 544.0}]}, "description": "\u00a345.00"}, {"boundingPoly": {"vertices": [{"x": 694.0, "y": 543.0}, {"x": 770.0, "y": 545.0}, {"x": 768.0, "y": 581.0}, {"x": 692.0, "y": 579.0}]}, "description": "\u00a345.00"}, {"boundingPoly": {"vertices": [{"x": 46.0, "y": 590.0}, {"x": 133.0, "y": 591.0}, {"x": 133.0, "y": 614.0}, {"x": 45.0, "y": 613.0}]}, "description": "Subtotal"}, {"boundingPoly": {"vertices": [{"x": 44.0, "y": 623.0}, {"x": 288.0, "y": 624.0}, {"x": 287.0, "y": 645.0}, {"x": 44.0, "y": 642.0}]}, "description": "Discretionary Service @ 12.5%"}, {"boundingPoly": {"vertices": [{"x": 323.0, "y": 592.0}, {"x": 401.0, "y": 592.0}, {"x": 401.0, "y": 616.0}, {"x": 323.0, "y": 616.0}]}, "description": "\u00a340.00"}, {"boundingPoly": {"vertices": [{"x": 355.0, "y": 627.0}, {"x": 404.0, "y": 627.0}, {"x": 403.0, "y": 644.0}, {"x": 355.0, "y": 644.0}]}, "description": "\u00a35.00"}, {"boundingPoly": {"vertices": [{"x": 471.0, "y": 615.0}, {"x": 643.0, "y": 615.0}, {"x": 643.0, "y": 638.0}, {"x": 471.0, "y": 638.0}]}, "description": " 28/10/19 19:23"}, {"boundingPoly": {"vertices": [{"x": 606.0, "y": 636.0}, {"x": 632.0, "y": 636.0}, {"x": 632.0, "y": 655.0}, {"x": 606.0, "y": 655.0}]}, "description": " 21"}, {"boundingPoly": {"vertices": [{"x": 472.0, "y": 649.0}, {"x": 569.0, "y": 652.0}, {"x": 568.0, "y": 669.0}, {"x": 471.0, "y": 666.0}]}, "description": "TXN 1955"}, {"boundingPoly": {"vertices": [{"x": 46.0, "y": 669.0}, {"x": 113.0, "y": 670.0}, {"x": 113.0, "y": 695.0}, {"x": 47.0, "y": 694.0}]}, "description": "Total"}, {"boundingPoly": {"vertices": [{"x": 311.0, "y": 672.0}, {"x": 403.0, "y": 672.0}, {"x": 402.0, "y": 699.0}, {"x": 311.0, "y": 698.0}]}, "description": "\u00a345.00"}, {"boundingPoly": {"vertices": [{"x": 527.0, "y": 684.0}, {"x": 694.0, "y": 690.0}, {"x": 694.0, "y": 706.0}, {"x": 526.0, "y": 700.0}]}, "description": "MERCHANT COPY"}, {"boundingPoly": {"vertices": [{"x": 484.0, "y": 697.0}, {"x": 743.0, "y": 707.0}, {"x": 743.0, "y": 724.0}, {"x": 483.0, "y": 714.0}]}, "description": "PLEASE RETAIN RECEIPT"}, {"boundingPoly": {"vertices": [{"x": 137.0, "y": 784.0}, {"x": 174.0, "y": 784.0}, {"x": 174.0, "y": 804.0}, {"x": 137.0, "y": 804.0}]}, "description": " VAT"}, {"boundingPoly": {"vertices": [{"x": 177.0, "y": 785.0}, {"x": 295.0, "y": 785.0}, {"x": 295.0, "y": 807.0}, {"x": 177.0, "y": 807.0}]}, "description": " : 157893164"}, {"boundingPoly": {"vertices": [{"x": 69.0, "y": 829.0}, {"x": 358.0, "y": 836.0}, {"x": 358.0, "y": 855.0}, {"x": 69.0, "y": 850.0}]}, "description": "Optional service charge of 12 5%"}]}