{"textAnnotations": [{"boundingPoly": {"vertices": [{"x": 571.0, "y": 1.0}, {"x": 883.0, "y": 14.0}, {"x": 880.0, "y": 65.0}, {"x": 571.0, "y": 55.0}]}, "description": "merchant name"}, {"boundingPoly": {"vertices": [{"x": 436.0, "y": 86.0}, {"x": 595.0, "y": 86.0}, {"x": 595.0, "y": 126.0}, {"x": 436.0, "y": 126.0}]}, "description": "merchant address"}, {"boundingPoly": {"vertices": [{"x": 419.0, "y": 149.0}, {"x": 780.0, "y": 149.0}, {"x": 780.0, "y": 193.0}, {"x": 419.0, "y": 193.0}]}, "description": "merchant address"}, {"boundingPoly": {"vertices": [{"x": 435.0, "y": 211.0}, {"x": 728.0, "y": 211.0}, {"x": 728.0, "y": 256.0}, {"x": 435.0, "y": 256.0}]}, "description": " INSURGENTES L #21"}, {"boundingPoly": {"vertices": [{"x": 468.0, "y": 277.0}, {"x": 583.0, "y": 277.0}, {"x": 583.0, "y": 311.0}, {"x": 468.0, "y": 311.0}]}, "description": " QUEJAS"}, {"boundingPoly": {"vertices": [{"x": 600.0, "y": 92.0}, {"x": 681.0, "y": 92.0}, {"x": 681.0, "y": 130.0}, {"x": 600.0, "y": 130.0}]}, "description": "merchant address"}, {"boundingPoly": {"vertices": [{"x": 686.0, "y": 94.0}, {"x": 729.0, "y": 94.0}, {"x": 729.0, "y": 131.0}, {"x": 686.0, "y": 131.0}]}, "description": "merchant address"}, {"boundingPoly": {"vertices": [{"x": 734.0, "y": 95.0}, {"x": 847.0, "y": 95.0}, {"x": 847.0, "y": 133.0}, {"x": 734.0, "y": 133.0}]}, "description": "merchant address"}, {"boundingPoly": {"vertices": [{"x": 852.0, "y": 97.0}, {"x": 880.0, "y": 97.0}, {"x": 880.0, "y": 134.0}, {"x": 852.0, "y": 134.0}]}, "description": "merchant address"}, {"boundingPoly": {"vertices": [{"x": 786.0, "y": 160.0}, {"x": 864.0, "y": 160.0}, {"x": 864.0, "y": 195.0}, {"x": 786.0, "y": 195.0}]}, "description": "merchant address"}, {"boundingPoly": {"vertices": [{"x": 885.0, "y": 98.0}, {"x": 931.0, "y": 98.0}, {"x": 931.0, "y": 134.0}, {"x": 885.0, "y": 134.0}]}, "description": "merchant address"}, {"boundingPoly": {"vertices": [{"x": 936.0, "y": 98.0}, {"x": 981.0, "y": 98.0}, {"x": 981.0, "y": 134.0}, {"x": 936.0, "y": 134.0}]}, "description": "merchant address"}, {"boundingPoly": {"vertices": [{"x": 986.0, "y": 98.0}, {"x": 1032.0, "y": 98.0}, {"x": 1032.0, "y": 134.0}, {"x": 986.0, "y": 134.0}]}, "description": "merchant address"}, {"boundingPoly": {"vertices": [{"x": 1037.0, "y": 98.0}, {"x": 1080.0, "y": 98.0}, {"x": 1080.0, "y": 134.0}, {"x": 1037.0, "y": 134.0}]}, "description": "merchant address"}, {"boundingPoly": {"vertices": [{"x": 448.0, "y": 118.0}, {"x": 599.0, "y": 118.0}, {"x": 599.0, "y": 157.0}, {"x": 448.0, "y": 157.0}]}, "description": "merchant address"}, {"boundingPoly": {"vertices": [{"x": 605.0, "y": 124.0}, {"x": 729.0, "y": 124.0}, {"x": 729.0, "y": 161.0}, {"x": 605.0, "y": 161.0}]}, "description": "merchant address"}, {"boundingPoly": {"vertices": [{"x": 603.0, "y": 186.0}, {"x": 783.0, "y": 186.0}, {"x": 783.0, "y": 225.0}, {"x": 603.0, "y": 225.0}]}, "description": "merchant address"}, {"boundingPoly": {"vertices": [{"x": 454.0, "y": 245.0}, {"x": 678.0, "y": 245.0}, {"x": 678.0, "y": 283.0}, {"x": 454.0, "y": 283.0}]}, "description": " JERONIMO C.P."}, {"boundingPoly": {"vertices": [{"x": 418.0, "y": 305.0}, {"x": 728.0, "y": 305.0}, {"x": 728.0, "y": 346.0}, {"x": 418.0, "y": 346.0}]}, "description": " REGIMEN GENERAL DE"}, {"boundingPoly": {"vertices": [{"x": 735.0, "y": 127.0}, {"x": 1071.0, "y": 127.0}, {"x": 1071.0, "y": 166.0}, {"x": 735.0, "y": 166.0}]}, "description": "merchant address"}, {"boundingPoly": {"vertices": [{"x": 870.0, "y": 161.0}, {"x": 1081.0, "y": 161.0}, {"x": 1081.0, "y": 195.0}, {"x": 870.0, "y": 195.0}]}, "description": "merchant address"}, {"boundingPoly": {"vertices": [{"x": 789.0, "y": 191.0}, {"x": 928.0, "y": 191.0}, {"x": 928.0, "y": 228.0}, {"x": 789.0, "y": 228.0}]}, "description": "merchant address"}, {"boundingPoly": {"vertices": [{"x": 684.0, "y": 251.0}, {"x": 861.0, "y": 251.0}, {"x": 861.0, "y": 286.0}, {"x": 684.0, "y": 286.0}]}, "description": " 64640 MTY."}, {"boundingPoly": {"vertices": [{"x": 734.0, "y": 221.0}, {"x": 780.0, "y": 221.0}, {"x": 780.0, "y": 257.0}, {"x": 734.0, "y": 257.0}]}, "description": " MZ"}, {"boundingPoly": {"vertices": [{"x": 619.0, "y": 279.0}, {"x": 1027.0, "y": 279.0}, {"x": 1027.0, "y": 319.0}, {"x": 619.0, "y": 319.0}]}, "description": " SUGERENCIAS 800 007 3273"}, {"boundingPoly": {"vertices": [{"x": 503.0, "y": 339.0}, {"x": 745.0, "y": 339.0}, {"x": 745.0, "y": 378.0}, {"x": 503.0, "y": 378.0}]}, "description": " VENTA EN LINEA"}, {"boundingPoly": {"vertices": [{"x": 422.0, "y": 395.0}, {"x": 758.0, "y": 409.0}, {"x": 757.0, "y": 441.0}, {"x": 422.0, "y": 428.0}]}, "description": "TDA#1247 OP#00000023"}, {"boundingPoly": {"vertices": [{"x": 419.0, "y": 455.0}, {"x": 828.0, "y": 455.0}, {"x": 828.0, "y": 502.0}, {"x": 419.0, "y": 502.0}]}, "description": " 7501000984770 AGUA GERBE"}, {"boundingPoly": {"vertices": [{"x": 651.0, "y": 529.0}, {"x": 679.0, "y": 529.0}, {"x": 679.0, "y": 562.0}, {"x": 651.0, "y": 562.0}]}, "description": " 2"}, {"boundingPoly": {"vertices": [{"x": 786.0, "y": 222.0}, {"x": 997.0, "y": 222.0}, {"x": 997.0, "y": 257.0}, {"x": 786.0, "y": 257.0}]}, "description": " #102 COLONIA"}, {"boundingPoly": {"vertices": [{"x": 1003.0, "y": 222.0}, {"x": 1064.0, "y": 222.0}, {"x": 1064.0, "y": 257.0}, {"x": 1003.0, "y": 257.0}]}, "description": " SAN"}, {"boundingPoly": {"vertices": [{"x": 866.0, "y": 253.0}, {"x": 1046.0, "y": 253.0}, {"x": 1046.0, "y": 287.0}, {"x": 866.0, "y": 287.0}]}, "description": " NUEVO LEON"}, {"boundingPoly": {"vertices": [{"x": 587.0, "y": 279.0}, {"x": 614.0, "y": 279.0}, {"x": 614.0, "y": 312.0}, {"x": 587.0, "y": 312.0}]}, "description": " Y"}, {"boundingPoly": {"vertices": [{"x": 734.0, "y": 313.0}, {"x": 1077.0, "y": 313.0}, {"x": 1077.0, "y": 348.0}, {"x": 734.0, "y": 348.0}]}, "description": " LEY PERSONAS MORALES"}, {"boundingPoly": {"vertices": [{"x": 751.0, "y": 344.0}, {"x": 812.0, "y": 344.0}, {"x": 812.0, "y": 379.0}, {"x": 751.0, "y": 379.0}]}, "description": " 800"}, {"boundingPoly": {"vertices": [{"x": 817.0, "y": 345.0}, {"x": 952.0, "y": 345.0}, {"x": 952.0, "y": 379.0}, {"x": 817.0, "y": 379.0}]}, "description": " 367 8737"}, {"boundingPoly": {"vertices": [{"x": 418.0, "y": 427.0}, {"x": 741.0, "y": 440.0}, {"x": 740.0, "y": 471.0}, {"x": 418.0, "y": 457.0}]}, "description": "7501086801138 EPURA"}, {"boundingPoly": {"vertices": [{"x": 420.0, "y": 486.0}, {"x": 647.0, "y": 486.0}, {"x": 647.0, "y": 529.0}, {"x": 420.0, "y": 529.0}]}, "description": " 7501032399863"}, {"boundingPoly": {"vertices": [{"x": 416.0, "y": 542.0}, {"x": 819.0, "y": 561.0}, {"x": 817.0, "y": 594.0}, {"x": 415.0, "y": 580.0}]}, "description": "7501055912551 ALPNAT125G"}, {"boundingPoly": {"vertices": [{"x": 666.0, "y": 592.0}, {"x": 852.0, "y": 593.0}, {"x": 852.0, "y": 623.0}, {"x": 666.0, "y": 622.0}]}, "description": "2 X $5.10 $"}, {"boundingPoly": {"vertices": [{"x": 803.0, "y": 408.0}, {"x": 1089.0, "y": 406.0}, {"x": 1089.0, "y": 437.0}, {"x": 803.0, "y": 441.0}]}, "description": "TE# 006 TR# 02337"}, {"boundingPoly": {"vertices": [{"x": 835.0, "y": 448.0}, {"x": 858.0, "y": 449.0}, {"x": 855.0, "y": 472.0}, {"x": 832.0, "y": 470.0}]}, "description": "$"}, {"boundingPoly": {"vertices": [{"x": 834.0, "y": 469.0}, {"x": 852.0, "y": 469.0}, {"x": 852.0, "y": 501.0}, {"x": 834.0, "y": 501.0}]}, "description": " $"}, {"boundingPoly": {"vertices": [{"x": 970.0, "y": 440.0}, {"x": 1074.0, "y": 435.0}, {"x": 1075.0, "y": 465.0}, {"x": 970.0, "y": 468.0}]}, "description": "17.90U"}, {"boundingPoly": {"vertices": [{"x": 651.0, "y": 498.0}, {"x": 822.0, "y": 498.0}, {"x": 822.0, "y": 532.0}, {"x": 651.0, "y": 532.0}]}, "description": " SILKSOYA S"}, {"boundingPoly": {"vertices": [{"x": 684.0, "y": 530.0}, {"x": 710.0, "y": 530.0}, {"x": 710.0, "y": 562.0}, {"x": 684.0, "y": 562.0}]}, "description": " X"}, {"boundingPoly": {"vertices": [{"x": 968.0, "y": 467.0}, {"x": 1074.0, "y": 465.0}, {"x": 1075.0, "y": 494.0}, {"x": 969.0, "y": 497.0}]}, "description": "17.85U"}, {"boundingPoly": {"vertices": [{"x": 716.0, "y": 531.0}, {"x": 848.0, "y": 531.0}, {"x": 848.0, "y": 562.0}, {"x": 716.0, "y": 562.0}]}, "description": " $42.90 $"}, {"boundingPoly": {"vertices": [{"x": 966.0, "y": 524.0}, {"x": 1073.0, "y": 522.0}, {"x": 1074.0, "y": 555.0}, {"x": 966.0, "y": 557.0}]}, "description": "85.800"}, {"boundingPoly": {"vertices": [{"x": 417.0, "y": 606.0}, {"x": 817.0, "y": 623.0}, {"x": 816.0, "y": 655.0}, {"x": 416.0, "y": 642.0}]}, "description": "7501055912391 ALPFSA125G"}, {"boundingPoly": {"vertices": [{"x": 417.0, "y": 670.0}, {"x": 710.0, "y": 681.0}, {"x": 708.0, "y": 712.0}, {"x": 416.0, "y": 702.0}]}, "description": "781624006653 NUEZ"}, {"boundingPoly": {"vertices": [{"x": 416.0, "y": 734.0}, {"x": 853.0, "y": 745.0}, {"x": 852.0, "y": 775.0}, {"x": 416.0, "y": 765.0}]}, "description": "7500478002214 BOTANAS CA $"}, {"boundingPoly": {"vertices": [{"x": 482.0, "y": 797.0}, {"x": 846.0, "y": 804.0}, {"x": 845.0, "y": 836.0}, {"x": 481.0, "y": 827.0}]}, "description": "0.445 KGS A 49.90/KG $"}, {"boundingPoly": {"vertices": [{"x": 482.0, "y": 858.0}, {"x": 846.0, "y": 865.0}, {"x": 845.0, "y": 897.0}, {"x": 482.0, "y": 889.0}]}, "description": "0.550 KGS A 39.90/KG $"}, {"boundingPoly": {"vertices": [{"x": 482.0, "y": 920.0}, {"x": 844.0, "y": 923.0}, {"x": 844.0, "y": 956.0}, {"x": 482.0, "y": 952.0}]}, "description": "0.560 KGS A 17.50/KG $"}, {"boundingPoly": {"vertices": [{"x": 416.0, "y": 976.0}, {"x": 500.0, "y": 978.0}, {"x": 499.0, "y": 1009.0}, {"x": 416.0, "y": 1006.0}]}, "description": "TOTAL"}, {"boundingPoly": {"vertices": [{"x": 964.0, "y": 588.0}, {"x": 1070.0, "y": 585.0}, {"x": 1071.0, "y": 619.0}, {"x": 965.0, "y": 621.0}]}, "description": "10.200"}, {"boundingPoly": {"vertices": [{"x": 965.0, "y": 651.0}, {"x": 1070.0, "y": 647.0}, {"x": 1071.0, "y": 678.0}, {"x": 966.0, "y": 683.0}]}, "description": "10.20U"}, {"boundingPoly": {"vertices": [{"x": 667.0, "y": 651.0}, {"x": 851.0, "y": 655.0}, {"x": 850.0, "y": 686.0}, {"x": 666.0, "y": 681.0}]}, "description": "2 X $5.10 $"}, {"boundingPoly": {"vertices": [{"x": 416.0, "y": 702.0}, {"x": 771.0, "y": 714.0}, {"x": 770.0, "y": 745.0}, {"x": 415.0, "y": 733.0}]}, "description": "781624006646 ALMENDRA"}, {"boundingPoly": {"vertices": [{"x": 417.0, "y": 765.0}, {"x": 722.0, "y": 773.0}, {"x": 722.0, "y": 803.0}, {"x": 416.0, "y": 795.0}]}, "description": "33541 AGUACATE HAS"}, {"boundingPoly": {"vertices": [{"x": 418.0, "y": 825.0}, {"x": 719.0, "y": 832.0}, {"x": 718.0, "y": 863.0}, {"x": 417.0, "y": 855.0}]}, "description": "40167 MZA RED DELI"}, {"boundingPoly": {"vertices": [{"x": 417.0, "y": 886.0}, {"x": 721.0, "y": 891.0}, {"x": 720.0, "y": 922.0}, {"x": 417.0, "y": 918.0}]}, "description": "40112 PLATANO CHIA"}, {"boundingPoly": {"vertices": [{"x": 962.0, "y": 681.0}, {"x": 1069.0, "y": 679.0}, {"x": 1069.0, "y": 709.0}, {"x": 962.0, "y": 711.0}]}, "description": "54.000"}, {"boundingPoly": {"vertices": [{"x": 964.0, "y": 712.0}, {"x": 1066.0, "y": 711.0}, {"x": 1067.0, "y": 741.0}, {"x": 964.0, "y": 743.0}]}, "description": "43.90U"}, {"boundingPoly": {"vertices": [{"x": 961.0, "y": 742.0}, {"x": 1066.0, "y": 742.0}, {"x": 1066.0, "y": 773.0}, {"x": 961.0, "y": 774.0}]}, "description": "35.90C"}, {"boundingPoly": {"vertices": [{"x": 957.0, "y": 802.0}, {"x": 1067.0, "y": 802.0}, {"x": 1067.0, "y": 835.0}, {"x": 957.0, "y": 835.0}]}, "description": "22.21U"}, {"boundingPoly": {"vertices": [{"x": 957.0, "y": 863.0}, {"x": 1062.0, "y": 863.0}, {"x": 1062.0, "y": 897.0}, {"x": 957.0, "y": 897.0}]}, "description": "21.950"}, {"boundingPoly": {"vertices": [{"x": 976.0, "y": 923.0}, {"x": 1062.0, "y": 927.0}, {"x": 1060.0, "y": 956.0}, {"x": 976.0, "y": 956.0}]}, "description": "9.80U"}, {"boundingPoly": {"vertices": [{"x": 937.0, "y": 983.0}, {"x": 1044.0, "y": 983.0}, {"x": 1043.0, "y": 1016.0}, {"x": 937.0, "y": 1015.0}]}, "description": "329.71"}, {"boundingPoly": {"vertices": [{"x": 416.0, "y": 1067.0}, {"x": 683.0, "y": 1069.0}, {"x": 682.0, "y": 1101.0}, {"x": 416.0, "y": 1098.0}]}, "description": "AMERICAN EXPRESS"}, {"boundingPoly": {"vertices": [{"x": 412.0, "y": 1097.0}, {"x": 515.0, "y": 1097.0}, {"x": 515.0, "y": 1127.0}, {"x": 412.0, "y": 1127.0}]}, "description": "CAMBIO"}, {"boundingPoly": {"vertices": [{"x": 939.0, "y": 1073.0}, {"x": 1041.0, "y": 1074.0}, {"x": 1041.0, "y": 1103.0}, {"x": 939.0, "y": 1102.0}]}, "description": "329.71"}, {"boundingPoly": {"vertices": [{"x": 970.0, "y": 1104.0}, {"x": 1043.0, "y": 1105.0}, {"x": 1042.0, "y": 1134.0}, {"x": 970.0, "y": 1135.0}]}, "description": "0.00"}, {"boundingPoly": {"vertices": [{"x": 417.0, "y": 1156.0}, {"x": 1046.0, "y": 1163.0}, {"x": 1045.0, "y": 1198.0}, {"x": 416.0, "y": 1188.0}]}, "description": "TRESCIENTOS VEINTINUEVE PESOS 71/100 M"}, {"boundingPoly": {"vertices": [{"x": 417.0, "y": 1190.0}, {"x": 419.0, "y": 1190.0}, {"x": 419.0, "y": 1218.0}, {"x": 417.0, "y": 1218.0}]}, "description": " ."}, {"boundingPoly": {"vertices": [{"x": 424.0, "y": 1190.0}, {"x": 458.0, "y": 1190.0}, {"x": 458.0, "y": 1218.0}, {"x": 424.0, "y": 1218.0}]}, "description": " N."}, {"boundingPoly": {"vertices": [{"x": 412.0, "y": 1250.0}, {"x": 544.0, "y": 1250.0}, {"x": 544.0, "y": 1283.0}, {"x": 412.0, "y": 1283.0}]}, "description": " TARJETA:"}, {"boundingPoly": {"vertices": [{"x": 407.0, "y": 1282.0}, {"x": 504.0, "y": 1282.0}, {"x": 504.0, "y": 1313.0}, {"x": 407.0, "y": 1313.0}]}, "description": " CUENTA"}, {"boundingPoly": {"vertices": [{"x": 409.0, "y": 1312.0}, {"x": 541.0, "y": 1312.0}, {"x": 541.0, "y": 1341.0}, {"x": 409.0, "y": 1341.0}]}, "description": " IMPORTE:"}, {"boundingPoly": {"vertices": [{"x": 411.0, "y": 1340.0}, {"x": 604.0, "y": 1340.0}, {"x": 604.0, "y": 1373.0}, {"x": 411.0, "y": 1373.0}]}, "description": " AUTORIZACION"}, {"boundingPoly": {"vertices": [{"x": 411.0, "y": 1371.0}, {"x": 590.0, "y": 1371.0}, {"x": 590.0, "y": 1404.0}, {"x": 411.0, "y": 1404.0}]}, "description": " AFILIACI\u00d3N:"}, {"boundingPoly": {"vertices": [{"x": 410.0, "y": 1403.0}, {"x": 481.0, "y": 1403.0}, {"x": 481.0, "y": 1431.0}, {"x": 410.0, "y": 1431.0}]}, "description": " AID:"}, {"boundingPoly": {"vertices": [{"x": 408.0, "y": 1432.0}, {"x": 470.0, "y": 1432.0}, {"x": 470.0, "y": 1464.0}, {"x": 408.0, "y": 1464.0}]}, "description": " ARQC"}, {"boundingPoly": {"vertices": [{"x": 674.0, "y": 1249.0}, {"x": 943.0, "y": 1250.0}, {"x": 943.0, "y": 1283.0}, {"x": 674.0, "y": 1282.0}]}, "description": "AMERICAN EXPRESS"}, {"boundingPoly": {"vertices": [{"x": 676.0, "y": 1282.0}, {"x": 781.0, "y": 1282.0}, {"x": 781.0, "y": 1310.0}, {"x": 676.0, "y": 1311.0}]}, "description": "1008 I"}, {"boundingPoly": {"vertices": [{"x": 677.0, "y": 1312.0}, {"x": 775.0, "y": 1311.0}, {"x": 776.0, "y": 1339.0}, {"x": 677.0, "y": 1340.0}]}, "description": "329.71"}, {"boundingPoly": {"vertices": [{"x": 673.0, "y": 1340.0}, {"x": 778.0, "y": 1340.0}, {"x": 778.0, "y": 1369.0}, {"x": 674.0, "y": 1369.0}]}, "description": "826220"}, {"boundingPoly": {"vertices": [{"x": 674.0, "y": 1370.0}, {"x": 840.0, "y": 1370.0}, {"x": 840.0, "y": 1400.0}, {"x": 673.0, "y": 1400.0}]}, "description": "9350951159"}, {"boundingPoly": {"vertices": [{"x": 677.0, "y": 1401.0}, {"x": 937.0, "y": 1403.0}, {"x": 936.0, "y": 1434.0}, {"x": 677.0, "y": 1432.0}]}, "description": "A000000025010801"}, {"boundingPoly": {"vertices": [{"x": 510.0, "y": 1282.0}, {"x": 526.0, "y": 1282.0}, {"x": 526.0, "y": 1311.0}, {"x": 510.0, "y": 1311.0}]}, "description": " :"}, {"boundingPoly": {"vertices": [{"x": 608.0, "y": 1343.0}, {"x": 626.0, "y": 1343.0}, {"x": 626.0, "y": 1374.0}, {"x": 608.0, "y": 1374.0}]}, "description": " :"}, {"boundingPoly": {"vertices": [{"x": 476.0, "y": 1432.0}, {"x": 491.0, "y": 1432.0}, {"x": 491.0, "y": 1464.0}, {"x": 476.0, "y": 1464.0}]}, "description": " :"}, {"boundingPoly": {"vertices": [{"x": 674.0, "y": 1431.0}, {"x": 935.0, "y": 1431.0}, {"x": 935.0, "y": 1465.0}, {"x": 674.0, "y": 1465.0}]}, "description": "061C8F3906C76127"}, {"boundingPoly": {"vertices": [{"x": 408.0, "y": 1562.0}, {"x": 478.0, "y": 1562.0}, {"x": 479.0, "y": 1594.0}, {"x": 408.0, "y": 1595.0}]}, "description": "IEPS"}, {"boundingPoly": {"vertices": [{"x": 597.0, "y": 1560.0}, {"x": 672.0, "y": 1560.0}, {"x": 672.0, "y": 1596.0}, {"x": 597.0, "y": 1596.0}]}, "description": " 8.0%"}, {"boundingPoly": {"vertices": [{"x": 678.0, "y": 1559.0}, {"x": 697.0, "y": 1559.0}, {"x": 697.0, "y": 1594.0}, {"x": 678.0, "y": 1594.0}]}, "description": " $"}, {"boundingPoly": {"vertices": [{"x": 781.0, "y": 1557.0}, {"x": 866.0, "y": 1557.0}, {"x": 866.0, "y": 1590.0}, {"x": 781.0, "y": 1590.0}]}, "description": " 33.24"}, {"boundingPoly": {"vertices": [{"x": 872.0, "y": 1558.0}, {"x": 894.0, "y": 1558.0}, {"x": 894.0, "y": 1589.0}, {"x": 872.0, "y": 1589.0}]}, "description": " $"}, {"boundingPoly": {"vertices": [{"x": 987.0, "y": 1552.0}, {"x": 1051.0, "y": 1553.0}, {"x": 1051.0, "y": 1583.0}, {"x": 985.0, "y": 1583.0}]}, "description": "2.66"}, {"boundingPoly": {"vertices": [{"x": 403.0, "y": 1628.0}, {"x": 475.0, "y": 1626.0}, {"x": 475.0, "y": 1659.0}, {"x": 403.0, "y": 1662.0}]}, "description": "IEPS"}, {"boundingPoly": {"vertices": [{"x": 992.0, "y": 1615.0}, {"x": 1052.0, "y": 1614.0}, {"x": 1052.0, "y": 1645.0}, {"x": 993.0, "y": 1647.0}]}, "description": "2.66"}, {"boundingPoly": {"vertices": [{"x": 527.0, "y": 1657.0}, {"x": 836.0, "y": 1653.0}, {"x": 836.0, "y": 1690.0}, {"x": 527.0, "y": 1694.0}]}, "description": "ARTICULOS VENDIDOS"}, {"boundingPoly": {"vertices": [{"x": 471.0, "y": 1722.0}, {"x": 985.0, "y": 1711.0}, {"x": 986.0, "y": 1751.0}, {"x": 472.0, "y": 1759.0}]}, "description": "FU# G/vmQN 0426bI EKLKS8 230QF"}, {"boundingPoly": {"vertices": [{"x": 504.0, "y": 1787.0}, {"x": 957.0, "y": 1777.0}, {"x": 958.0, "y": 1816.0}, {"x": 504.0, "y": 1826.0}]}, "description": "TC# 940553939951403746305"}, {"boundingPoly": {"vertices": [{"x": 919.0, "y": 1654.0}, {"x": 951.0, "y": 1652.0}, {"x": 950.0, "y": 1682.0}, {"x": 918.0, "y": 1684.0}]}, "description": "14"}, {"boundingPoly": {"vertices": [{"x": 563.0, "y": 1956.0}, {"x": 658.0, "y": 1956.0}, {"x": 658.0, "y": 1991.0}, {"x": 563.0, "y": 1991.0}]}, "description": " \"Como"}, {"boundingPoly": {"vertices": [{"x": 664.0, "y": 1948.0}, {"x": 909.0, "y": 1948.0}, {"x": 909.0, "y": 1991.0}, {"x": 664.0, "y": 1991.0}]}, "description": " te atendimos?\""}, {"boundingPoly": {"vertices": [{"x": 686.0, "y": 1990.0}, {"x": 897.0, "y": 1988.0}, {"x": 897.0, "y": 2012.0}, {"x": 686.0, "y": 2014.0}]}, "description": "injonwmx com"}]}