{"textAnnotations": [{"boundingPoly": {"vertices": [{"x": 326.0, "y": 43.0}, {"x": 578.0, "y": 46.0}, {"x": 577.0, "y": 92.0}, {"x": 326.0, "y": 91.0}]}, "description": "Supper -traveling"}, {"boundingPoly": {"vertices": [{"x": 340.0, "y": 98.0}, {"x": 507.0, "y": 98.0}, {"x": 507.0, "y": 114.0}, {"x": 340.0, "y": 113.0}]}, "description": "merchant address"}, {"boundingPoly": {"vertices": [{"x": 367.0, "y": 113.0}, {"x": 481.0, "y": 114.0}, {"x": 480.0, "y": 128.0}, {"x": 367.0, "y": 127.0}]}, "description": "merchant address"}, {"boundingPoly": {"vertices": [{"x": 375.0, "y": 128.0}, {"x": 475.0, "y": 128.0}, {"x": 475.0, "y": 143.0}, {"x": 375.0, "y": 143.0}]}, "description": "merchant phone"}, {"boundingPoly": {"vertices": [{"x": 362.0, "y": 145.0}, {"x": 482.0, "y": 144.0}, {"x": 482.0, "y": 158.0}, {"x": 362.0, "y": 159.0}]}, "description": "www.ruthschris.ca"}, {"boundingPoly": {"vertices": [{"x": 355.0, "y": 159.0}, {"x": 492.0, "y": 158.0}, {"x": 492.0, "y": 173.0}, {"x": 355.0, "y": 175.0}]}, "description": "HST # 89541 9968 RC"}, {"boundingPoly": {"vertices": [{"x": 56.0, "y": 79.0}, {"x": 256.0, "y": 78.0}, {"x": 256.0, "y": 92.0}, {"x": 56.0, "y": 93.0}]}, "description": "****** DUPLICATE *******"}, {"boundingPoly": {"vertices": [{"x": 55.0, "y": 103.0}, {"x": 250.0, "y": 103.0}, {"x": 250.0, "y": 116.0}, {"x": 55.0, "y": 116.0}]}, "description": "merchant name"}, {"boundingPoly": {"vertices": [{"x": 66.0, "y": 115.0}, {"x": 240.0, "y": 116.0}, {"x": 240.0, "y": 129.0}, {"x": 66.0, "y": 128.0}]}, "description": "merchant address"}, {"boundingPoly": {"vertices": [{"x": 80.0, "y": 127.0}, {"x": 235.0, "y": 127.0}, {"x": 235.0, "y": 141.0}, {"x": 80.0, "y": 140.0}]}, "description": "merchant address"}, {"boundingPoly": {"vertices": [{"x": 109.0, "y": 141.0}, {"x": 208.0, "y": 141.0}, {"x": 208.0, "y": 153.0}, {"x": 109.0, "y": 153.0}]}, "description": "merchant phone"}, {"boundingPoly": {"vertices": [{"x": 83.0, "y": 161.0}, {"x": 237.0, "y": 163.0}, {"x": 237.0, "y": 173.0}, {"x": 83.0, "y": 172.0}]}, "description": "TRANSACTION RECORD"}, {"boundingPoly": {"vertices": [{"x": 112.0, "y": 172.0}, {"x": 176.0, "y": 173.0}, {"x": 176.0, "y": 182.0}, {"x": 112.0, "y": 181.0}]}, "description": "1. 26106"}, {"boundingPoly": {"vertices": [{"x": 110.0, "y": 180.0}, {"x": 128.0, "y": 180.0}, {"x": 128.0, "y": 188.0}, {"x": 110.0, "y": 189.0}]}, "description": ".."}, {"boundingPoly": {"vertices": [{"x": 108.0, "y": 190.0}, {"x": 126.0, "y": 190.0}, {"x": 126.0, "y": 199.0}, {"x": 108.0, "y": 199.0}]}, "description": " .:"}, {"boundingPoly": {"vertices": [{"x": 55.0, "y": 169.0}, {"x": 98.0, "y": 170.0}, {"x": 98.0, "y": 179.0}, {"x": 55.0, "y": 178.0}]}, "description": "Tran."}, {"boundingPoly": {"vertices": [{"x": 57.0, "y": 177.0}, {"x": 90.0, "y": 178.0}, {"x": 90.0, "y": 188.0}, {"x": 56.0, "y": 188.0}]}, "description": "Tabl"}, {"boundingPoly": {"vertices": [{"x": 55.0, "y": 187.0}, {"x": 97.0, "y": 189.0}, {"x": 97.0, "y": 198.0}, {"x": 55.0, "y": 196.0}]}, "description": "Check"}, {"boundingPoly": {"vertices": [{"x": 54.0, "y": 197.0}, {"x": 101.0, "y": 199.0}, {"x": 100.0, "y": 208.0}, {"x": 54.0, "y": 206.0}]}, "description": "Group"}, {"boundingPoly": {"vertices": [{"x": 53.0, "y": 207.0}, {"x": 153.0, "y": 207.0}, {"x": 153.0, "y": 222.0}, {"x": 53.0, "y": 222.0}]}, "description": " Employee #:"}, {"boundingPoly": {"vertices": [{"x": 54.0, "y": 227.0}, {"x": 91.0, "y": 227.0}, {"x": 91.0, "y": 238.0}, {"x": 54.0, "y": 238.0}]}, "description": " TID:"}, {"boundingPoly": {"vertices": [{"x": 53.0, "y": 237.0}, {"x": 100.0, "y": 240.0}, {"x": 100.0, "y": 250.0}, {"x": 52.0, "y": 247.0}]}, "description": "Trace"}, {"boundingPoly": {"vertices": [{"x": 51.0, "y": 258.0}, {"x": 125.0, "y": 262.0}, {"x": 124.0, "y": 272.0}, {"x": 50.0, "y": 268.0}]}, "description": "Purchase"}, {"boundingPoly": {"vertices": [{"x": 50.0, "y": 270.0}, {"x": 192.0, "y": 274.0}, {"x": 192.0, "y": 283.0}, {"x": 50.0, "y": 280.0}]}, "description": "American Express"}, {"boundingPoly": {"vertices": [{"x": 71.0, "y": 282.0}, {"x": 185.0, "y": 283.0}, {"x": 185.0, "y": 292.0}, {"x": 71.0, "y": 291.0}]}, "description": "XXXXXXXX\u00d74007"}, {"boundingPoly": {"vertices": [{"x": 50.0, "y": 291.0}, {"x": 89.0, "y": 291.0}, {"x": 89.0, "y": 302.0}, {"x": 50.0, "y": 302.0}]}, "description": " AID:"}, {"boundingPoly": {"vertices": [{"x": 50.0, "y": 302.0}, {"x": 122.0, "y": 302.0}, {"x": 122.0, "y": 313.0}, {"x": 50.0, "y": 313.0}]}, "description": " APP Name"}, {"boundingPoly": {"vertices": [{"x": 57.0, "y": 313.0}, {"x": 201.0, "y": 313.0}, {"x": 201.0, "y": 325.0}, {"x": 57.0, "y": 324.0}]}, "description": "AMERICAN EXPRESS"}, {"boundingPoly": {"vertices": [{"x": 130.0, "y": 182.0}, {"x": 153.0, "y": 183.0}, {"x": 153.0, "y": 192.0}, {"x": 130.0, "y": 191.0}]}, "description": "59"}, {"boundingPoly": {"vertices": [{"x": 131.0, "y": 191.0}, {"x": 168.0, "y": 193.0}, {"x": 168.0, "y": 202.0}, {"x": 131.0, "y": 201.0}]}, "description": "5463"}, {"boundingPoly": {"vertices": [{"x": 296.0, "y": 190.0}, {"x": 360.0, "y": 192.0}, {"x": 359.0, "y": 207.0}, {"x": 296.0, "y": 205.0}]}, "description": "190 Lidia"}, {"boundingPoly": {"vertices": [{"x": 158.0, "y": 211.0}, {"x": 192.0, "y": 211.0}, {"x": 192.0, "y": 221.0}, {"x": 158.0, "y": 221.0}]}, "description": "3002"}, {"boundingPoly": {"vertices": [{"x": 98.0, "y": 219.0}, {"x": 200.0, "y": 219.0}, {"x": 200.0, "y": 232.0}, {"x": 98.0, "y": 232.0}]}, "description": " 318842771889"}, {"boundingPoly": {"vertices": [{"x": 52.0, "y": 216.0}, {"x": 91.0, "y": 216.0}, {"x": 91.0, "y": 229.0}, {"x": 52.0, "y": 229.0}]}, "description": " MID:"}, {"boundingPoly": {"vertices": [{"x": 95.0, "y": 228.0}, {"x": 162.0, "y": 232.0}, {"x": 161.0, "y": 242.0}, {"x": 94.0, "y": 238.0}]}, "description": "3971729"}, {"boundingPoly": {"vertices": [{"x": 128.0, "y": 241.0}, {"x": 184.0, "y": 241.0}, {"x": 184.0, "y": 251.0}, {"x": 128.0, "y": 251.0}]}, "description": "000466"}, {"boundingPoly": {"vertices": [{"x": 287.0, "y": 223.0}, {"x": 346.0, "y": 224.0}, {"x": 346.0, "y": 239.0}, {"x": 287.0, "y": 238.0}]}, "description": "Tb1 59/1"}, {"boundingPoly": {"vertices": [{"x": 401.0, "y": 223.0}, {"x": 460.0, "y": 222.0}, {"x": 461.0, "y": 235.0}, {"x": 402.0, "y": 237.0}]}, "description": "Chk 5463"}, {"boundingPoly": {"vertices": [{"x": 373.0, "y": 235.0}, {"x": 492.0, "y": 235.0}, {"x": 492.0, "y": 254.0}, {"x": 373.0, "y": 254.0}]}, "description": " Nov20'19 08:51PM"}, {"boundingPoly": {"vertices": [{"x": 530.0, "y": 217.0}, {"x": 558.0, "y": 217.0}, {"x": 558.0, "y": 232.0}, {"x": 530.0, "y": 232.0}]}, "description": " Gst"}, {"boundingPoly": {"vertices": [{"x": 564.0, "y": 216.0}, {"x": 576.0, "y": 216.0}, {"x": 576.0, "y": 230.0}, {"x": 564.0, "y": 230.0}]}, "description": " 4"}, {"boundingPoly": {"vertices": [{"x": 304.0, "y": 272.0}, {"x": 313.0, "y": 272.0}, {"x": 313.0, "y": 287.0}, {"x": 304.0, "y": 287.0}]}, "description": " 1"}, {"boundingPoly": {"vertices": [{"x": 303.0, "y": 286.0}, {"x": 313.0, "y": 286.0}, {"x": 313.0, "y": 302.0}, {"x": 303.0, "y": 302.0}]}, "description": " 1"}, {"boundingPoly": {"vertices": [{"x": 305.0, "y": 303.0}, {"x": 313.0, "y": 303.0}, {"x": 313.0, "y": 321.0}, {"x": 305.0, "y": 321.0}]}, "description": " 1"}, {"boundingPoly": {"vertices": [{"x": 306.0, "y": 323.0}, {"x": 313.0, "y": 323.0}, {"x": 313.0, "y": 341.0}, {"x": 306.0, "y": 341.0}]}, "description": " 1"}, {"boundingPoly": {"vertices": [{"x": 315.0, "y": 270.0}, {"x": 413.0, "y": 270.0}, {"x": 413.0, "y": 287.0}, {"x": 315.0, "y": 287.0}]}, "description": " RC Steakhouse"}, {"boundingPoly": {"vertices": [{"x": 525.0, "y": 263.0}, {"x": 556.0, "y": 263.0}, {"x": 557.0, "y": 277.0}, {"x": 526.0, "y": 277.0}]}, "description": "0.00"}, {"boundingPoly": {"vertices": [{"x": 520.0, "y": 280.0}, {"x": 557.0, "y": 280.0}, {"x": 556.0, "y": 296.0}, {"x": 520.0, "y": 297.0}]}, "description": "59.95"}, {"boundingPoly": {"vertices": [{"x": 525.0, "y": 300.0}, {"x": 558.0, "y": 299.0}, {"x": 559.0, "y": 316.0}, {"x": 526.0, "y": 316.0}]}, "description": "0.00"}, {"boundingPoly": {"vertices": [{"x": 526.0, "y": 319.0}, {"x": 559.0, "y": 319.0}, {"x": 559.0, "y": 335.0}, {"x": 527.0, "y": 336.0}]}, "description": "0.00"}, {"boundingPoly": {"vertices": [{"x": 94.0, "y": 292.0}, {"x": 234.0, "y": 292.0}, {"x": 234.0, "y": 304.0}, {"x": 94.0, "y": 304.0}]}, "description": " A000000025010801"}, {"boundingPoly": {"vertices": [{"x": 316.0, "y": 283.0}, {"x": 413.0, "y": 283.0}, {"x": 413.0, "y": 301.0}, {"x": 316.0, "y": 301.0}]}, "description": " RC 60Z/SHRIMP"}, {"boundingPoly": {"vertices": [{"x": 316.0, "y": 302.0}, {"x": 371.0, "y": 302.0}, {"x": 371.0, "y": 321.0}, {"x": 316.0, "y": 321.0}]}, "description": " RC MASH"}, {"boundingPoly": {"vertices": [{"x": 315.0, "y": 323.0}, {"x": 371.0, "y": 323.0}, {"x": 371.0, "y": 341.0}, {"x": 315.0, "y": 341.0}]}, "description": " RC Kale"}, {"boundingPoly": {"vertices": [{"x": 123.0, "y": 304.0}, {"x": 131.0, "y": 304.0}, {"x": 131.0, "y": 313.0}, {"x": 123.0, "y": 313.0}]}, "description": " :"}, {"boundingPoly": {"vertices": [{"x": 48.0, "y": 334.0}, {"x": 122.0, "y": 334.0}, {"x": 122.0, "y": 345.0}, {"x": 48.0, "y": 345.0}]}, "description": "APPROVED"}, {"boundingPoly": {"vertices": [{"x": 120.0, "y": 362.0}, {"x": 176.0, "y": 362.0}, {"x": 176.0, "y": 380.0}, {"x": 120.0, "y": 380.0}]}, "description": "Amount"}, {"boundingPoly": {"vertices": [{"x": 148.0, "y": 386.0}, {"x": 176.0, "y": 386.0}, {"x": 175.0, "y": 406.0}, {"x": 149.0, "y": 406.0}]}, "description": "Tip"}, {"boundingPoly": {"vertices": [{"x": 210.0, "y": 360.0}, {"x": 264.0, "y": 360.0}, {"x": 264.0, "y": 380.0}, {"x": 210.0, "y": 380.0}]}, "description": "$67.75"}, {"boundingPoly": {"vertices": [{"x": 212.0, "y": 385.0}, {"x": 265.0, "y": 385.0}, {"x": 265.0, "y": 405.0}, {"x": 212.0, "y": 405.0}]}, "description": "$12.20"}, {"boundingPoly": {"vertices": [{"x": 320.0, "y": 360.0}, {"x": 380.0, "y": 360.0}, {"x": 380.0, "y": 378.0}, {"x": 320.0, "y": 377.0}]}, "description": "Subtotal"}, {"boundingPoly": {"vertices": [{"x": 319.0, "y": 380.0}, {"x": 358.0, "y": 380.0}, {"x": 358.0, "y": 395.0}, {"x": 319.0, "y": 396.0}]}, "description": "H.S.T"}, {"boundingPoly": {"vertices": [{"x": 320.0, "y": 398.0}, {"x": 396.0, "y": 399.0}, {"x": 396.0, "y": 415.0}, {"x": 320.0, "y": 414.0}]}, "description": "Amount Due"}, {"boundingPoly": {"vertices": [{"x": 520.0, "y": 358.0}, {"x": 559.0, "y": 357.0}, {"x": 559.0, "y": 374.0}, {"x": 520.0, "y": 376.0}]}, "description": "59.95"}, {"boundingPoly": {"vertices": [{"x": 529.0, "y": 377.0}, {"x": 559.0, "y": 376.0}, {"x": 559.0, "y": 393.0}, {"x": 529.0, "y": 394.0}]}, "description": "7.80"}, {"boundingPoly": {"vertices": [{"x": 487.0, "y": 395.0}, {"x": 560.0, "y": 394.0}, {"x": 560.0, "y": 413.0}, {"x": 487.0, "y": 414.0}]}, "description": "67.75"}, {"boundingPoly": {"vertices": [{"x": 442.0, "y": 414.0}, {"x": 609.0, "y": 417.0}, {"x": 608.0, "y": 448.0}, {"x": 442.0, "y": 441.0}]}, "description": "+400 $ 79. 95"}, {"boundingPoly": {"vertices": [{"x": 323.0, "y": 454.0}, {"x": 529.0, "y": 454.0}, {"x": 529.0, "y": 472.0}, {"x": 323.0, "y": 471.0}]}, "description": "ABOUT CHARGING TO YOUR ROOM."}, {"boundingPoly": {"vertices": [{"x": 324.0, "y": 472.0}, {"x": 549.0, "y": 473.0}, {"x": 549.0, "y": 491.0}, {"x": 323.0, "y": 490.0}]}, "description": "GIFT CARDS SIZZLE ALL YEAR LONG"}, {"boundingPoly": {"vertices": [{"x": 324.0, "y": 490.0}, {"x": 543.0, "y": 493.0}, {"x": 542.0, "y": 510.0}, {"x": 324.0, "y": 508.0}]}, "description": "PURCHASE YOURS ON LINE TODAY @"}, {"boundingPoly": {"vertices": [{"x": 325.0, "y": 510.0}, {"x": 452.0, "y": 511.0}, {"x": 451.0, "y": 528.0}, {"x": 325.0, "y": 526.0}]}, "description": "WWW.RUTHSCHRIS.CA"}, {"boundingPoly": {"vertices": [{"x": 326.0, "y": 528.0}, {"x": 517.0, "y": 531.0}, {"x": 517.0, "y": 548.0}, {"x": 326.0, "y": 545.0}]}, "description": "One card per person may be"}, {"boundingPoly": {"vertices": [{"x": 328.0, "y": 548.0}, {"x": 528.0, "y": 550.0}, {"x": 527.0, "y": 567.0}, {"x": 328.0, "y": 565.0}]}, "description": "redeemed for ALL promotional"}, {"boundingPoly": {"vertices": [{"x": 327.0, "y": 567.0}, {"x": 487.0, "y": 568.0}, {"x": 487.0, "y": 587.0}, {"x": 327.0, "y": 586.0}]}, "description": "gift cards. Thank You!"}, {"boundingPoly": {"vertices": [{"x": 132.0, "y": 424.0}, {"x": 266.0, "y": 423.0}, {"x": 266.0, "y": 444.0}, {"x": 132.0, "y": 445.0}]}, "description": "TOTAL CAD$79.95"}, {"boundingPoly": {"vertices": [{"x": 58.0, "y": 461.0}, {"x": 249.0, "y": 461.0}, {"x": 249.0, "y": 474.0}, {"x": 58.0, "y": 474.0}]}, "description": "Ho signature required"}, {"boundingPoly": {"vertices": [{"x": 320.0, "y": 433.0}, {"x": 508.0, "y": 433.0}, {"x": 508.0, "y": 453.0}, {"x": 320.0, "y": 453.0}]}, "description": "HILTON GUESTS, SEE SERVER"}, {"boundingPoly": {"vertices": [{"x": 49.0, "y": 488.0}, {"x": 90.0, "y": 488.0}, {"x": 90.0, "y": 499.0}, {"x": 49.0, "y": 499.0}]}, "description": " RRN:"}, {"boundingPoly": {"vertices": [{"x": 50.0, "y": 501.0}, {"x": 126.0, "y": 501.0}, {"x": 126.0, "y": 512.0}, {"x": 50.0, "y": 512.0}]}, "description": " muth. #:"}, {"boundingPoly": {"vertices": [{"x": 52.0, "y": 514.0}, {"x": 90.0, "y": 514.0}, {"x": 90.0, "y": 525.0}, {"x": 52.0, "y": 525.0}]}, "description": " TVR:"}, {"boundingPoly": {"vertices": [{"x": 53.0, "y": 526.0}, {"x": 91.0, "y": 526.0}, {"x": 91.0, "y": 538.0}, {"x": 53.0, "y": 538.0}]}, "description": " TSI:"}, {"boundingPoly": {"vertices": [{"x": 51.0, "y": 537.0}, {"x": 240.0, "y": 536.0}, {"x": 240.0, "y": 549.0}, {"x": 51.0, "y": 551.0}]}, "description": "RCSTORCS13/RCSTORCC13"}, {"boundingPoly": {"vertices": [{"x": 50.0, "y": 552.0}, {"x": 129.0, "y": 551.0}, {"x": 129.0, "y": 562.0}, {"x": 50.0, "y": 563.0}]}, "description": "00 <001)"}, {"boundingPoly": {"vertices": [{"x": 53.0, "y": 564.0}, {"x": 144.0, "y": 563.0}, {"x": 144.0, "y": 576.0}, {"x": 53.0, "y": 576.0}]}, "description": "11/20/2019"}, {"boundingPoly": {"vertices": [{"x": 96.0, "y": 487.0}, {"x": 222.0, "y": 487.0}, {"x": 222.0, "y": 499.0}, {"x": 96.0, "y": 499.0}]}, "description": " 000000013763 C"}, {"boundingPoly": {"vertices": [{"x": 134.0, "y": 501.0}, {"x": 188.0, "y": 501.0}, {"x": 188.0, "y": 512.0}, {"x": 134.0, "y": 512.0}]}, "description": " 882456"}, {"boundingPoly": {"vertices": [{"x": 96.0, "y": 514.0}, {"x": 188.0, "y": 514.0}, {"x": 188.0, "y": 525.0}, {"x": 96.0, "y": 525.0}]}, "description": " 0000008000"}, {"boundingPoly": {"vertices": [{"x": 96.0, "y": 526.0}, {"x": 135.0, "y": 526.0}, {"x": 135.0, "y": 537.0}, {"x": 96.0, "y": 537.0}]}, "description": " F800"}, {"boundingPoly": {"vertices": [{"x": 178.0, "y": 561.0}, {"x": 268.0, "y": 561.0}, {"x": 268.0, "y": 575.0}, {"x": 178.0, "y": 575.0}]}, "description": " 9:48:23 PM"}, {"boundingPoly": {"vertices": [{"x": 95.0, "y": 590.0}, {"x": 213.0, "y": 588.0}, {"x": 213.0, "y": 600.0}, {"x": 95.0, "y": 602.0}]}, "description": "Herchant Copy"}, {"boundingPoly": {"vertices": [{"x": 115.0, "y": 629.0}, {"x": 205.0, "y": 628.0}, {"x": 205.0, "y": 639.0}, {"x": 115.0, "y": 641.0}]}, "description": "Come 090In"}]}