{"textAnnotations": [{"boundingPoly": {"vertices": [{"x": 119.0, "y": 128.0}, {"x": 388.0, "y": 133.0}, {"x": 387.0, "y": 166.0}, {"x": 118.0, "y": 160.0}]}, "description": "merchant name"}, {"boundingPoly": {"vertices": [{"x": 125.0, "y": 194.0}, {"x": 271.0, "y": 194.0}, {"x": 271.0, "y": 221.0}, {"x": 125.0, "y": 221.0}]}, "description": "merchant address"}, {"boundingPoly": {"vertices": [{"x": 128.0, "y": 229.0}, {"x": 418.0, "y": 230.0}, {"x": 418.0, "y": 261.0}, {"x": 128.0, "y": 259.0}]}, "description": "merchant address"}, {"boundingPoly": {"vertices": [{"x": 132.0, "y": 267.0}, {"x": 299.0, "y": 267.0}, {"x": 299.0, "y": 293.0}, {"x": 132.0, "y": 292.0}]}, "description": "merchant phone"}, {"boundingPoly": {"vertices": [{"x": 135.0, "y": 303.0}, {"x": 263.0, "y": 305.0}, {"x": 263.0, "y": 329.0}, {"x": 135.0, "y": 327.0}]}, "description": "dinges.nyc"}, {"boundingPoly": {"vertices": [{"x": 140.0, "y": 336.0}, {"x": 288.0, "y": 338.0}, {"x": 287.0, "y": 359.0}, {"x": 140.0, "y": 357.0}]}, "description": "@waffletruck"}, {"boundingPoly": {"vertices": [{"x": 486.0, "y": 200.0}, {"x": 636.0, "y": 200.0}, {"x": 636.0, "y": 224.0}, {"x": 486.0, "y": 224.0}]}, "description": "Nov 23, 2019"}, {"boundingPoly": {"vertices": [{"x": 536.0, "y": 234.0}, {"x": 632.0, "y": 234.0}, {"x": 632.0, "y": 264.0}, {"x": 536.0, "y": 264.0}]}, "description": " 6:47 PM"}, {"boundingPoly": {"vertices": [{"x": 562.0, "y": 274.0}, {"x": 626.0, "y": 274.0}, {"x": 626.0, "y": 296.0}, {"x": 561.0, "y": 295.0}]}, "description": "Arelis"}, {"boundingPoly": {"vertices": [{"x": 309.0, "y": 392.0}, {"x": 452.0, "y": 392.0}, {"x": 452.0, "y": 412.0}, {"x": 309.0, "y": 413.0}]}, "description": "PURCHASE"}, {"boundingPoly": {"vertices": [{"x": 156.0, "y": 440.0}, {"x": 380.0, "y": 440.0}, {"x": 380.0, "y": 461.0}, {"x": 156.0, "y": 460.0}]}, "description": "Authorization 874558"}, {"boundingPoly": {"vertices": [{"x": 155.0, "y": 469.0}, {"x": 293.0, "y": 469.0}, {"x": 293.0, "y": 491.0}, {"x": 155.0, "y": 490.0}]}, "description": "Receipt wcte"}, {"boundingPoly": {"vertices": [{"x": 138.0, "y": 524.0}, {"x": 370.0, "y": 522.0}, {"x": 370.0, "y": 542.0}, {"x": 138.0, "y": 545.0}]}, "description": "AMERICAN EXPRESS"}, {"boundingPoly": {"vertices": [{"x": 132.0, "y": 554.0}, {"x": 431.0, "y": 550.0}, {"x": 431.0, "y": 571.0}, {"x": 132.0, "y": 576.0}]}, "description": "AID A0 00 00 00 25 01 08 01"}, {"boundingPoly": {"vertices": [{"x": 309.0, "y": 598.0}, {"x": 408.0, "y": 595.0}, {"x": 409.0, "y": 614.0}, {"x": 309.0, "y": 617.0}]}, "description": "FOR HERE"}, {"boundingPoly": {"vertices": [{"x": 111.0, "y": 656.0}, {"x": 179.0, "y": 656.0}, {"x": 179.0, "y": 676.0}, {"x": 111.0, "y": 677.0}]}, "description": "Turtle"}, {"boundingPoly": {"vertices": [{"x": 103.0, "y": 690.0}, {"x": 194.0, "y": 688.0}, {"x": 195.0, "y": 713.0}, {"x": 104.0, "y": 715.0}]}, "description": "Regular"}, {"boundingPoly": {"vertices": [{"x": 523.0, "y": 645.0}, {"x": 587.0, "y": 643.0}, {"x": 588.0, "y": 662.0}, {"x": 524.0, "y": 665.0}]}, "description": "$9.87"}, {"boundingPoly": {"vertices": [{"x": 89.0, "y": 754.0}, {"x": 188.0, "y": 753.0}, {"x": 188.0, "y": 775.0}, {"x": 89.0, "y": 777.0}]}, "description": "Subtotal"}, {"boundingPoly": {"vertices": [{"x": 83.0, "y": 787.0}, {"x": 303.0, "y": 782.0}, {"x": 304.0, "y": 813.0}, {"x": 84.0, "y": 818.0}]}, "description": "[NY] New York City"}, {"boundingPoly": {"vertices": [{"x": 517.0, "y": 740.0}, {"x": 580.0, "y": 739.0}, {"x": 580.0, "y": 762.0}, {"x": 517.0, "y": 764.0}]}, "description": "$9.87"}, {"boundingPoly": {"vertices": [{"x": 513.0, "y": 776.0}, {"x": 579.0, "y": 775.0}, {"x": 579.0, "y": 798.0}, {"x": 514.0, "y": 800.0}]}, "description": "$0.88"}, {"boundingPoly": {"vertices": [{"x": 69.0, "y": 871.0}, {"x": 130.0, "y": 871.0}, {"x": 130.0, "y": 892.0}, {"x": 69.0, "y": 892.0}]}, "description": "Total"}, {"boundingPoly": {"vertices": [{"x": 59.0, "y": 907.0}, {"x": 357.0, "y": 900.0}, {"x": 358.0, "y": 926.0}, {"x": 59.0, "y": 934.0}]}, "description": "AmEx 1009 (Contactless)"}, {"boundingPoly": {"vertices": [{"x": 484.0, "y": 854.0}, {"x": 574.0, "y": 850.0}, {"x": 575.0, "y": 877.0}, {"x": 485.0, "y": 880.0}]}, "description": "$10.75"}, {"boundingPoly": {"vertices": [{"x": 493.0, "y": 894.0}, {"x": 573.0, "y": 891.0}, {"x": 574.0, "y": 916.0}, {"x": 494.0, "y": 918.0}]}, "description": "$10.75"}]}