{"textAnnotations": [{"boundingPoly": {"vertices": [{"x": 194.0, "y": 84.0}, {"x": 268.0, "y": 80.0}, {"x": 269.0, "y": 90.0}, {"x": 194.0, "y": 95.0}]}, "description": "merchant name"}, {"boundingPoly": {"vertices": [{"x": 192.0, "y": 99.0}, {"x": 276.0, "y": 99.0}, {"x": 276.0, "y": 116.0}, {"x": 192.0, "y": 116.0}]}, "description": " 11/13/19, 8:30 pm"}, {"boundingPoly": {"vertices": [{"x": 190.0, "y": 115.0}, {"x": 214.0, "y": 115.0}, {"x": 214.0, "y": 125.0}, {"x": 190.0, "y": 125.0}]}, "description": "AMEX"}, {"boundingPoly": {"vertices": [{"x": 112.0, "y": 103.0}, {"x": 141.0, "y": 103.0}, {"x": 141.0, "y": 115.0}, {"x": 112.0, "y": 115.0}]}, "description": " Date:"}, {"boundingPoly": {"vertices": [{"x": 113.0, "y": 114.0}, {"x": 163.0, "y": 114.0}, {"x": 163.0, "y": 127.0}, {"x": 113.0, "y": 127.0}]}, "description": " Card Type:"}, {"boundingPoly": {"vertices": [{"x": 112.0, "y": 125.0}, {"x": 149.0, "y": 125.0}, {"x": 149.0, "y": 136.0}, {"x": 112.0, "y": 136.0}]}, "description": " Acct #:"}, {"boundingPoly": {"vertices": [{"x": 111.0, "y": 136.0}, {"x": 149.0, "y": 136.0}, {"x": 149.0, "y": 147.0}, {"x": 111.0, "y": 147.0}]}, "description": " Customer"}, {"boundingPoly": {"vertices": [{"x": 110.0, "y": 147.0}, {"x": 167.0, "y": 147.0}, {"x": 167.0, "y": 160.0}, {"x": 110.0, "y": 160.0}]}, "description": " Card Entry:"}, {"boundingPoly": {"vertices": [{"x": 108.0, "y": 169.0}, {"x": 172.0, "y": 169.0}, {"x": 172.0, "y": 181.0}, {"x": 108.0, "y": 181.0}]}, "description": " Appl. Label:"}, {"boundingPoly": {"vertices": [{"x": 109.0, "y": 181.0}, {"x": 172.0, "y": 181.0}, {"x": 172.0, "y": 192.0}, {"x": 109.0, "y": 192.0}]}, "description": " Terminal ID:"}, {"boundingPoly": {"vertices": [{"x": 107.0, "y": 192.0}, {"x": 169.0, "y": 192.0}, {"x": 169.0, "y": 204.0}, {"x": 107.0, "y": 204.0}]}, "description": " Merchant ID:"}, {"boundingPoly": {"vertices": [{"x": 107.0, "y": 203.0}, {"x": 130.0, "y": 203.0}, {"x": 130.0, "y": 213.0}, {"x": 107.0, "y": 213.0}]}, "description": " IAD:"}, {"boundingPoly": {"vertices": [{"x": 106.0, "y": 213.0}, {"x": 120.0, "y": 213.0}, {"x": 120.0, "y": 223.0}, {"x": 106.0, "y": 223.0}]}, "description": " TSI"}, {"boundingPoly": {"vertices": [{"x": 103.0, "y": 224.0}, {"x": 124.0, "y": 224.0}, {"x": 124.0, "y": 233.0}, {"x": 103.0, "y": 233.0}]}, "description": " ARC:"}, {"boundingPoly": {"vertices": [{"x": 102.0, "y": 234.0}, {"x": 124.0, "y": 235.0}, {"x": 123.0, "y": 244.0}, {"x": 102.0, "y": 244.0}]}, "description": "TVR-"}, {"boundingPoly": {"vertices": [{"x": 100.0, "y": 246.0}, {"x": 154.0, "y": 246.0}, {"x": 154.0, "y": 257.0}, {"x": 100.0, "y": 257.0}]}, "description": " Auth Mode:"}, {"boundingPoly": {"vertices": [{"x": 98.0, "y": 258.0}, {"x": 164.0, "y": 258.0}, {"x": 164.0, "y": 270.0}, {"x": 98.0, "y": 270.0}]}, "description": " Payment Net:"}, {"boundingPoly": {"vertices": [{"x": 99.0, "y": 271.0}, {"x": 153.0, "y": 271.0}, {"x": 153.0, "y": 283.0}, {"x": 99.0, "y": 283.0}]}, "description": " Auth Code:"}, {"boundingPoly": {"vertices": [{"x": 98.0, "y": 284.0}, {"x": 132.0, "y": 284.0}, {"x": 132.0, "y": 295.0}, {"x": 98.0, "y": 295.0}]}, "description": " Check:"}, {"boundingPoly": {"vertices": [{"x": 98.0, "y": 296.0}, {"x": 132.0, "y": 296.0}, {"x": 132.0, "y": 308.0}, {"x": 98.0, "y": 308.0}]}, "description": " Table:"}, {"boundingPoly": {"vertices": [{"x": 96.0, "y": 310.0}, {"x": 135.0, "y": 310.0}, {"x": 135.0, "y": 322.0}, {"x": 96.0, "y": 322.0}]}, "description": " Server:"}, {"boundingPoly": {"vertices": [{"x": 151.0, "y": 138.0}, {"x": 158.0, "y": 138.0}, {"x": 158.0, "y": 148.0}, {"x": 151.0, "y": 148.0}]}, "description": " :"}, {"boundingPoly": {"vertices": [{"x": 189.0, "y": 125.0}, {"x": 271.0, "y": 119.0}, {"x": 272.0, "y": 129.0}, {"x": 189.0, "y": 136.0}]}, "description": "XXXXXXXXXXXX3007"}, {"boundingPoly": {"vertices": [{"x": 189.0, "y": 145.0}, {"x": 220.0, "y": 144.0}, {"x": 220.0, "y": 154.0}, {"x": 189.0, "y": 155.0}]}, "description": "DIPPED"}, {"boundingPoly": {"vertices": [{"x": 188.0, "y": 156.0}, {"x": 250.0, "y": 152.0}, {"x": 250.0, "y": 163.0}, {"x": 188.0, "y": 166.0}]}, "description": "A00000002501"}, {"boundingPoly": {"vertices": [{"x": 187.0, "y": 164.0}, {"x": 231.0, "y": 164.0}, {"x": 231.0, "y": 177.0}, {"x": 187.0, "y": 177.0}]}, "description": " AMERICAN"}, {"boundingPoly": {"vertices": [{"x": 186.0, "y": 177.0}, {"x": 225.0, "y": 175.0}, {"x": 225.0, "y": 186.0}, {"x": 187.0, "y": 187.0}]}, "description": "*** 3063"}, {"boundingPoly": {"vertices": [{"x": 202.0, "y": 187.0}, {"x": 225.0, "y": 187.0}, {"x": 225.0, "y": 198.0}, {"x": 202.0, "y": 198.0}]}, "description": " 0169"}, {"boundingPoly": {"vertices": [{"x": 187.0, "y": 199.0}, {"x": 261.0, "y": 199.0}, {"x": 261.0, "y": 209.0}, {"x": 187.0, "y": 210.0}]}, "description": "06590103a0a000"}, {"boundingPoly": {"vertices": [{"x": 187.0, "y": 212.0}, {"x": 209.0, "y": 211.0}, {"x": 209.0, "y": 221.0}, {"x": 187.0, "y": 222.0}]}, "description": "c800"}, {"boundingPoly": {"vertices": [{"x": 188.0, "y": 224.0}, {"x": 199.0, "y": 223.0}, {"x": 198.0, "y": 234.0}, {"x": 187.0, "y": 234.0}]}, "description": "00"}, {"boundingPoly": {"vertices": [{"x": 109.0, "y": 157.0}, {"x": 135.0, "y": 157.0}, {"x": 135.0, "y": 168.0}, {"x": 109.0, "y": 168.0}]}, "description": " AID:"}, {"boundingPoly": {"vertices": [{"x": 233.0, "y": 163.0}, {"x": 272.0, "y": 163.0}, {"x": 272.0, "y": 175.0}, {"x": 233.0, "y": 175.0}]}, "description": " EXPRESS"}, {"boundingPoly": {"vertices": [{"x": 188.0, "y": 188.0}, {"x": 200.0, "y": 188.0}, {"x": 200.0, "y": 199.0}, {"x": 188.0, "y": 199.0}]}, "description": " ***"}, {"boundingPoly": {"vertices": [{"x": 121.0, "y": 214.0}, {"x": 127.0, "y": 214.0}, {"x": 127.0, "y": 223.0}, {"x": 121.0, "y": 223.0}]}, "description": " :"}, {"boundingPoly": {"vertices": [{"x": 186.0, "y": 234.0}, {"x": 240.0, "y": 231.0}, {"x": 240.0, "y": 242.0}, {"x": 186.0, "y": 246.0}]}, "description": "0800008000"}, {"boundingPoly": {"vertices": [{"x": 185.0, "y": 247.0}, {"x": 219.0, "y": 246.0}, {"x": 219.0, "y": 255.0}, {"x": 185.0, "y": 256.0}]}, "description": "Issuer"}, {"boundingPoly": {"vertices": [{"x": 185.0, "y": 257.0}, {"x": 209.0, "y": 257.0}, {"x": 209.0, "y": 267.0}, {"x": 185.0, "y": 267.0}]}, "description": "AMEX"}, {"boundingPoly": {"vertices": [{"x": 184.0, "y": 269.0}, {"x": 220.0, "y": 269.0}, {"x": 220.0, "y": 281.0}, {"x": 184.0, "y": 281.0}]}, "description": "827804"}, {"boundingPoly": {"vertices": [{"x": 184.0, "y": 282.0}, {"x": 208.0, "y": 282.0}, {"x": 208.0, "y": 293.0}, {"x": 184.0, "y": 294.0}]}, "description": "3420"}, {"boundingPoly": {"vertices": [{"x": 184.0, "y": 295.0}, {"x": 196.0, "y": 296.0}, {"x": 195.0, "y": 307.0}, {"x": 183.0, "y": 307.0}]}, "description": "31"}, {"boundingPoly": {"vertices": [{"x": 183.0, "y": 309.0}, {"x": 238.0, "y": 309.0}, {"x": 238.0, "y": 322.0}, {"x": 183.0, "y": 322.0}]}, "description": " Analizeth"}, {"boundingPoly": {"vertices": [{"x": 245.0, "y": 309.0}, {"x": 257.0, "y": 309.0}, {"x": 257.0, "y": 322.0}, {"x": 245.0, "y": 322.0}]}, "description": " J."}, {"boundingPoly": {"vertices": [{"x": 94.0, "y": 337.0}, {"x": 127.0, "y": 337.0}, {"x": 127.0, "y": 349.0}, {"x": 94.0, "y": 349.0}]}, "description": " Amount"}, {"boundingPoly": {"vertices": [{"x": 129.0, "y": 337.0}, {"x": 135.0, "y": 337.0}, {"x": 135.0, "y": 349.0}, {"x": 129.0, "y": 349.0}]}, "description": " :"}, {"boundingPoly": {"vertices": [{"x": 293.0, "y": 335.0}, {"x": 359.0, "y": 335.0}, {"x": 359.0, "y": 348.0}, {"x": 293.0, "y": 349.0}]}, "description": "$37.91"}, {"boundingPoly": {"vertices": [{"x": 298.0, "y": 361.0}, {"x": 355.0, "y": 362.0}, {"x": 354.0, "y": 387.0}, {"x": 299.0, "y": 389.0}]}, "description": "7.00"}, {"boundingPoly": {"vertices": [{"x": 96.0, "y": 376.0}, {"x": 119.0, "y": 376.0}, {"x": 119.0, "y": 388.0}, {"x": 96.0, "y": 388.0}]}, "description": "+TIP"}, {"boundingPoly": {"vertices": [{"x": 98.0, "y": 416.0}, {"x": 133.0, "y": 416.0}, {"x": 133.0, "y": 426.0}, {"x": 98.0, "y": 426.0}]}, "description": "=TOTAL"}, {"boundingPoly": {"vertices": [{"x": 186.0, "y": 441.0}, {"x": 270.0, "y": 441.0}, {"x": 270.0, "y": 454.0}, {"x": 186.0, "y": 454.0}]}, "description": " Suggested Tips:"}, {"boundingPoly": {"vertices": [{"x": 195.0, "y": 454.0}, {"x": 260.0, "y": 454.0}, {"x": 260.0, "y": 467.0}, {"x": 195.0, "y": 467.0}]}, "description": "18% = $6.12"}, {"boundingPoly": {"vertices": [{"x": 195.0, "y": 468.0}, {"x": 260.0, "y": 468.0}, {"x": 260.0, "y": 482.0}, {"x": 195.0, "y": 482.0}]}, "description": "20% = $6.80"}, {"boundingPoly": {"vertices": [{"x": 195.0, "y": 483.0}, {"x": 259.0, "y": 483.0}, {"x": 259.0, "y": 497.0}, {"x": 195.0, "y": 497.0}]}, "description": "22% = $7.48"}, {"boundingPoly": {"vertices": [{"x": 93.0, "y": 508.0}, {"x": 150.0, "y": 508.0}, {"x": 150.0, "y": 528.0}, {"x": 93.0, "y": 528.0}]}, "description": " I agree to"}, {"boundingPoly": {"vertices": [{"x": 139.0, "y": 527.0}, {"x": 154.0, "y": 527.0}, {"x": 154.0, "y": 542.0}, {"x": 139.0, "y": 542.0}]}, "description": " to"}, {"boundingPoly": {"vertices": [{"x": 153.0, "y": 508.0}, {"x": 267.0, "y": 508.0}, {"x": 267.0, "y": 529.0}, {"x": 153.0, "y": 529.0}]}, "description": " pay the above total"}, {"boundingPoly": {"vertices": [{"x": 270.0, "y": 510.0}, {"x": 367.0, "y": 510.0}, {"x": 367.0, "y": 529.0}, {"x": 270.0, "y": 529.0}]}, "description": " amount pursuant"}, {"boundingPoly": {"vertices": [{"x": 156.0, "y": 528.0}, {"x": 312.0, "y": 528.0}, {"x": 312.0, "y": 545.0}, {"x": 156.0, "y": 545.0}]}, "description": " the Card Issuer agreement."}, {"boundingPoly": {"vertices": [{"x": 191.0, "y": 610.0}, {"x": 255.0, "y": 612.0}, {"x": 254.0, "y": 628.0}, {"x": 190.0, "y": 626.0}]}, "description": "Thank You!"}, {"boundingPoly": {"vertices": [{"x": 163.0, "y": 627.0}, {"x": 281.0, "y": 630.0}, {"x": 281.0, "y": 645.0}, {"x": 163.0, "y": 643.0}]}, "description": "Please visit us at"}]}