{"textAnnotations": [{"boundingPoly": {"vertices": [{"x": 832.0, "y": 98.0}, {"x": 1317.0, "y": 78.0}, {"x": 1318.0, "y": 119.0}, {"x": 833.0, "y": 139.0}]}, "description": "Thank You For Visiting the"}, {"boundingPoly": {"vertices": [{"x": 912.0, "y": 173.0}, {"x": 1220.0, "y": 165.0}, {"x": 1221.0, "y": 205.0}, {"x": 912.0, "y": 212.0}]}, "description": "Matthew Fraysier"}, {"boundingPoly": {"vertices": [{"x": 945.0, "y": 255.0}, {"x": 1194.0, "y": 246.0}, {"x": 1196.0, "y": 286.0}, {"x": 947.0, "y": 295.0}]}, "description": "merchant phone"}, {"boundingPoly": {"vertices": [{"x": 848.0, "y": 338.0}, {"x": 1283.0, "y": 326.0}, {"x": 1284.0, "y": 366.0}, {"x": 848.0, "y": 380.0}]}, "description": "Text @LTF11479 to 73940"}, {"boundingPoly": {"vertices": [{"x": 834.0, "y": 137.0}, {"x": 1307.0, "y": 118.0}, {"x": 1309.0, "y": 158.0}, {"x": 835.0, "y": 178.0}]}, "description": "merchant name"}, {"boundingPoly": {"vertices": [{"x": 925.0, "y": 215.0}, {"x": 1207.0, "y": 209.0}, {"x": 1208.0, "y": 247.0}, {"x": 926.0, "y": 255.0}]}, "description": "General Manager"}, {"boundingPoly": {"vertices": [{"x": 856.0, "y": 298.0}, {"x": 1270.0, "y": 283.0}, {"x": 1272.0, "y": 325.0}, {"x": 857.0, "y": 336.0}]}, "description": "We Love Your Feedback!"}, {"boundingPoly": {"vertices": [{"x": 1400.0, "y": 408.0}, {"x": 1462.0, "y": 410.0}, {"x": 1461.0, "y": 448.0}, {"x": 1399.0, "y": 446.0}]}, "description": "USD"}, {"boundingPoly": {"vertices": [{"x": 1379.0, "y": 454.0}, {"x": 1465.0, "y": 454.0}, {"x": 1463.0, "y": 489.0}, {"x": 1379.0, "y": 489.0}]}, "description": "2.85"}, {"boundingPoly": {"vertices": [{"x": 1383.0, "y": 495.0}, {"x": 1462.0, "y": 494.0}, {"x": 1462.0, "y": 530.0}, {"x": 1383.0, "y": 533.0}]}, "description": "1.80"}, {"boundingPoly": {"vertices": [{"x": 681.0, "y": 467.0}, {"x": 765.0, "y": 467.0}, {"x": 765.0, "y": 512.0}, {"x": 681.0, "y": 512.0}]}, "description": " Soup"}, {"boundingPoly": {"vertices": [{"x": 772.0, "y": 467.0}, {"x": 805.0, "y": 467.0}, {"x": 805.0, "y": 510.0}, {"x": 772.0, "y": 510.0}]}, "description": " -"}, {"boundingPoly": {"vertices": [{"x": 812.0, "y": 467.0}, {"x": 891.0, "y": 467.0}, {"x": 891.0, "y": 510.0}, {"x": 812.0, "y": 510.0}]}, "description": " 12oz"}, {"boundingPoly": {"vertices": [{"x": 677.0, "y": 511.0}, {"x": 1059.0, "y": 503.0}, {"x": 1060.0, "y": 546.0}, {"x": 677.0, "y": 554.0}]}, "description": "Schweppes Ginger Ale"}, {"boundingPoly": {"vertices": [{"x": 1108.0, "y": 585.0}, {"x": 1285.0, "y": 585.0}, {"x": 1285.0, "y": 627.0}, {"x": 1108.0, "y": 628.0}]}, "description": "Sub Total"}, {"boundingPoly": {"vertices": [{"x": 1111.0, "y": 633.0}, {"x": 1302.0, "y": 631.0}, {"x": 1303.0, "y": 671.0}, {"x": 1111.0, "y": 673.0}]}, "description": "Tax Amount"}, {"boundingPoly": {"vertices": [{"x": 1381.0, "y": 583.0}, {"x": 1464.0, "y": 582.0}, {"x": 1464.0, "y": 620.0}, {"x": 1381.0, "y": 619.0}]}, "description": "4.65"}, {"boundingPoly": {"vertices": [{"x": 1375.0, "y": 629.0}, {"x": 1463.0, "y": 628.0}, {"x": 1461.0, "y": 665.0}, {"x": 1374.0, "y": 666.0}]}, "description": "0.41"}, {"boundingPoly": {"vertices": [{"x": 640.0, "y": 769.0}, {"x": 989.0, "y": 766.0}, {"x": 989.0, "y": 839.0}, {"x": 640.0, "y": 842.0}]}, "description": "Total USD"}, {"boundingPoly": {"vertices": [{"x": 1286.0, "y": 761.0}, {"x": 1460.0, "y": 759.0}, {"x": 1460.0, "y": 831.0}, {"x": 1289.0, "y": 836.0}]}, "description": "5.06"}, {"boundingPoly": {"vertices": [{"x": 627.0, "y": 973.0}, {"x": 1045.0, "y": 974.0}, {"x": 1045.0, "y": 1017.0}, {"x": 627.0, "y": 1016.0}]}, "description": "5009 AMERICAN EXPRESS"}, {"boundingPoly": {"vertices": [{"x": 1372.0, "y": 970.0}, {"x": 1458.0, "y": 971.0}, {"x": 1458.0, "y": 1012.0}, {"x": 1373.0, "y": 1012.0}]}, "description": "5.06"}, {"boundingPoly": {"vertices": [{"x": 630.0, "y": 1109.0}, {"x": 692.0, "y": 1114.0}, {"x": 687.0, "y": 1156.0}, {"x": 626.0, "y": 1150.0}]}, "description": "Tax"}, {"boundingPoly": {"vertices": [{"x": 623.0, "y": 1155.0}, {"x": 782.0, "y": 1155.0}, {"x": 782.0, "y": 1202.0}, {"x": 623.0, "y": 1203.0}]}, "description": "() 8.875"}, {"boundingPoly": {"vertices": [{"x": 936.0, "y": 1115.0}, {"x": 1232.0, "y": 1115.0}, {"x": 1232.0, "y": 1159.0}, {"x": 936.0, "y": 1159.0}]}, "description": " Taxable Amount"}, {"boundingPoly": {"vertices": [{"x": 1142.0, "y": 1165.0}, {"x": 1215.0, "y": 1165.0}, {"x": 1214.0, "y": 1202.0}, {"x": 1142.0, "y": 1203.0}]}, "description": "4.65"}, {"boundingPoly": {"vertices": [{"x": 1249.0, "y": 1117.0}, {"x": 1454.0, "y": 1117.0}, {"x": 1454.0, "y": 1159.0}, {"x": 1249.0, "y": 1159.0}]}, "description": " Tax Amount"}, {"boundingPoly": {"vertices": [{"x": 1377.0, "y": 1166.0}, {"x": 1454.0, "y": 1164.0}, {"x": 1455.0, "y": 1204.0}, {"x": 1376.0, "y": 1206.0}]}, "description": "0.41"}, {"boundingPoly": {"vertices": [{"x": 618.0, "y": 1298.0}, {"x": 1457.0, "y": 1298.0}, {"x": 1457.0, "y": 1354.0}, {"x": 618.0, "y": 1354.0}]}, "description": " 11/13/2019 01:25 PM #:30048 Op:4046 C:111"}, {"boundingPoly": {"vertices": [{"x": 614.0, "y": 1348.0}, {"x": 809.0, "y": 1348.0}, {"x": 809.0, "y": 1393.0}, {"x": 614.0, "y": 1393.0}]}, "description": " 104 S:1111"}, {"boundingPoly": {"vertices": [{"x": 601.0, "y": 1396.0}, {"x": 816.0, "y": 1396.0}, {"x": 816.0, "y": 1444.0}, {"x": 601.0, "y": 1444.0}]}, "description": " Served you"}, {"boundingPoly": {"vertices": [{"x": 823.0, "y": 1399.0}, {"x": 1109.0, "y": 1399.0}, {"x": 1109.0, "y": 1447.0}, {"x": 823.0, "y": 1447.0}]}, "description": " : Aniya Taylor"}, {"boundingPoly": {"vertices": [{"x": 774.0, "y": 1594.0}, {"x": 1202.0, "y": 1602.0}, {"x": 1201.0, "y": 1644.0}, {"x": 773.0, "y": 1637.0}]}, "description": "*** Customer copy ***"}, {"boundingPoly": {"vertices": [{"x": 847.0, "y": 1693.0}, {"x": 1133.0, "y": 1702.0}, {"x": 1132.0, "y": 1747.0}, {"x": 846.0, "y": 1738.0}]}, "description": "AMEX NY937 (4)"}, {"boundingPoly": {"vertices": [{"x": 605.0, "y": 1739.0}, {"x": 1373.0, "y": 1758.0}, {"x": 1372.0, "y": 1805.0}, {"x": 603.0, "y": 1787.0}]}, "description": "I agree to pay the above total amount"}, {"boundingPoly": {"vertices": [{"x": 579.0, "y": 1845.0}, {"x": 1186.0, "y": 1845.0}, {"x": 1186.0, "y": 1907.0}, {"x": 579.0, "y": 1907.0}]}, "description": " agreement. (Merchant agreement"}, {"boundingPoly": {"vertices": [{"x": 742.0, "y": 1799.0}, {"x": 1245.0, "y": 1806.0}, {"x": 1244.0, "y": 1853.0}, {"x": 741.0, "y": 1842.0}]}, "description": "according to card issuer"}, {"boundingPoly": {"vertices": [{"x": 1194.0, "y": 1858.0}, {"x": 1387.0, "y": 1858.0}, {"x": 1387.0, "y": 1914.0}, {"x": 1194.0, "y": 1914.0}]}, "description": " if Credit"}, {"boundingPoly": {"vertices": [{"x": 639.0, "y": 1897.0}, {"x": 1325.0, "y": 1915.0}, {"x": 1324.0, "y": 1965.0}, {"x": 638.0, "y": 1944.0}]}, "description": "Voucher)Retain this copy for your"}, {"boundingPoly": {"vertices": [{"x": 904.0, "y": 1963.0}, {"x": 1061.0, "y": 1966.0}, {"x": 1060.0, "y": 2004.0}, {"x": 904.0, "y": 2001.0}]}, "description": "records."}, {"boundingPoly": {"vertices": [{"x": 562.0, "y": 2048.0}, {"x": 966.0, "y": 2062.0}, {"x": 964.0, "y": 2111.0}, {"x": 561.0, "y": 2098.0}]}, "description": "PURCHASE / APPROVED"}, {"boundingPoly": {"vertices": [{"x": 560.0, "y": 2105.0}, {"x": 897.0, "y": 2116.0}, {"x": 896.0, "y": 2162.0}, {"x": 558.0, "y": 2152.0}]}, "description": "AMERICAN EXPRESS"}, {"boundingPoly": {"vertices": [{"x": 556.0, "y": 2163.0}, {"x": 875.0, "y": 2173.0}, {"x": 873.0, "y": 2217.0}, {"x": 555.0, "y": 2203.0}]}, "description": "*********** 1006"}, {"boundingPoly": {"vertices": [{"x": 552.0, "y": 2210.0}, {"x": 790.0, "y": 2222.0}, {"x": 787.0, "y": 2270.0}, {"x": 550.0, "y": 2259.0}]}, "description": "CHIP READ /"}, {"boundingPoly": {"vertices": [{"x": 539.0, "y": 2320.0}, {"x": 957.0, "y": 2320.0}, {"x": 957.0, "y": 2390.0}, {"x": 539.0, "y": 2390.0}]}, "description": " 2019/11/13 13:26:00"}, {"boundingPoly": {"vertices": [{"x": 537.0, "y": 2437.0}, {"x": 611.0, "y": 2436.0}, {"x": 609.0, "y": 2483.0}, {"x": 535.0, "y": 2478.0}]}, "description": "MID"}, {"boundingPoly": {"vertices": [{"x": 534.0, "y": 2490.0}, {"x": 729.0, "y": 2499.0}, {"x": 726.0, "y": 2550.0}, {"x": 532.0, "y": 2541.0}]}, "description": "REFERENCE"}, {"boundingPoly": {"vertices": [{"x": 531.0, "y": 2548.0}, {"x": 730.0, "y": 2556.0}, {"x": 728.0, "y": 2606.0}, {"x": 529.0, "y": 2597.0}]}, "description": "AUTH CODE"}, {"boundingPoly": {"vertices": [{"x": 554.0, "y": 2378.0}, {"x": 612.0, "y": 2383.0}, {"x": 608.0, "y": 2429.0}, {"x": 549.0, "y": 2424.0}]}, "description": "TID"}, {"boundingPoly": {"vertices": [{"x": 1215.0, "y": 2414.0}, {"x": 1402.0, "y": 2425.0}, {"x": 1399.0, "y": 2471.0}, {"x": 1214.0, "y": 2458.0}]}, "description": "**** 6033"}, {"boundingPoly": {"vertices": [{"x": 1244.0, "y": 2471.0}, {"x": 1402.0, "y": 2479.0}, {"x": 1400.0, "y": 2529.0}, {"x": 1241.0, "y": 2521.0}]}, "description": "6634459"}, {"boundingPoly": {"vertices": [{"x": 856.0, "y": 2505.0}, {"x": 1407.0, "y": 2540.0}, {"x": 1404.0, "y": 2592.0}, {"x": 853.0, "y": 2556.0}]}, "description": "S1111T111104#300480738462"}, {"boundingPoly": {"vertices": [{"x": 1260.0, "y": 2594.0}, {"x": 1405.0, "y": 2600.0}, {"x": 1403.0, "y": 2648.0}, {"x": 1258.0, "y": 2641.0}]}, "description": "860778"}, {"boundingPoly": {"vertices": [{"x": 529.0, "y": 2664.0}, {"x": 637.0, "y": 2666.0}, {"x": 637.0, "y": 2715.0}, {"x": 528.0, "y": 2711.0}]}, "description": "TOTAL"}, {"boundingPoly": {"vertices": [{"x": 414.0, "y": 2759.0}, {"x": 920.0, "y": 2749.0}, {"x": 921.0, "y": 2809.0}, {"x": 415.0, "y": 2816.0}]}, "description": "REDMI NOTE 5 PRO"}, {"boundingPoly": {"vertices": [{"x": 412.0, "y": 2828.0}, {"x": 882.0, "y": 2820.0}, {"x": 883.0, "y": 2882.0}, {"x": 413.0, "y": 2887.0}]}, "description": "MI DUAL CAMERA"}, {"boundingPoly": {"vertices": [{"x": 511.0, "y": 2898.0}, {"x": 602.0, "y": 2898.0}, {"x": 602.0, "y": 2956.0}, {"x": 511.0, "y": 2956.0}]}, "description": " IAD:"}, {"boundingPoly": {"vertices": [{"x": 1232.0, "y": 2711.0}, {"x": 1401.0, "y": 2719.0}, {"x": 1398.0, "y": 2773.0}, {"x": 1232.0, "y": 2763.0}]}, "description": "USD5.06"}, {"boundingPoly": {"vertices": [{"x": 611.0, "y": 2905.0}, {"x": 935.0, "y": 2905.0}, {"x": 935.0, "y": 2977.0}, {"x": 611.0, "y": 2977.0}]}, "description": " 06600103602002"}]}