{"textAnnotations": [{"boundingPoly": {"vertices": [{"x": 223.0, "y": 58.0}, {"x": 320.0, "y": 55.0}, {"x": 320.0, "y": 68.0}, {"x": 223.0, "y": 71.0}]}, "description": "1 Lemonade"}, {"boundingPoly": {"vertices": [{"x": 221.0, "y": 72.0}, {"x": 301.0, "y": 71.0}, {"x": 301.0, "y": 86.0}, {"x": 221.0, "y": 87.0}]}, "description": "1 old 43"}, {"boundingPoly": {"vertices": [{"x": 218.0, "y": 90.0}, {"x": 416.0, "y": 85.0}, {"x": 416.0, "y": 101.0}, {"x": 218.0, "y": 107.0}]}, "description": "1 Pepper Jack Burger"}, {"boundingPoly": {"vertices": [{"x": 217.0, "y": 108.0}, {"x": 286.0, "y": 107.0}, {"x": 287.0, "y": 121.0}, {"x": 217.0, "y": 123.0}]}, "description": "1 water"}, {"boundingPoly": {"vertices": [{"x": 463.0, "y": 49.0}, {"x": 504.0, "y": 50.0}, {"x": 503.0, "y": 64.0}, {"x": 463.0, "y": 63.0}]}, "description": "3.50"}, {"boundingPoly": {"vertices": [{"x": 456.0, "y": 65.0}, {"x": 503.0, "y": 67.0}, {"x": 503.0, "y": 81.0}, {"x": 455.0, "y": 80.0}]}, "description": "11.25"}, {"boundingPoly": {"vertices": [{"x": 454.0, "y": 83.0}, {"x": 505.0, "y": 83.0}, {"x": 505.0, "y": 99.0}, {"x": 454.0, "y": 99.0}]}, "description": "13.75"}, {"boundingPoly": {"vertices": [{"x": 461.0, "y": 101.0}, {"x": 506.0, "y": 101.0}, {"x": 506.0, "y": 115.0}, {"x": 461.0, "y": 116.0}]}, "description": "0.00"}, {"boundingPoly": {"vertices": [{"x": 456.0, "y": 117.0}, {"x": 506.0, "y": 117.0}, {"x": 506.0, "y": 135.0}, {"x": 456.0, "y": 134.0}]}, "description": "13.25"}, {"boundingPoly": {"vertices": [{"x": 214.0, "y": 125.0}, {"x": 426.0, "y": 119.0}, {"x": 426.0, "y": 135.0}, {"x": 214.0, "y": 141.0}]}, "description": "1 Fried Chicken Sandw"}, {"boundingPoly": {"vertices": [{"x": 212.0, "y": 144.0}, {"x": 372.0, "y": 140.0}, {"x": 372.0, "y": 155.0}, {"x": 212.0, "y": 160.0}]}, "description": "1 $$Bacon Slices"}, {"boundingPoly": {"vertices": [{"x": 210.0, "y": 164.0}, {"x": 342.0, "y": 160.0}, {"x": 342.0, "y": 175.0}, {"x": 211.0, "y": 180.0}]}, "description": "1 Sweet Fries"}, {"boundingPoly": {"vertices": [{"x": 467.0, "y": 156.0}, {"x": 508.0, "y": 157.0}, {"x": 508.0, "y": 171.0}, {"x": 466.0, "y": 170.0}]}, "description": "1 .00"}, {"boundingPoly": {"vertices": [{"x": 185.0, "y": 209.0}, {"x": 265.0, "y": 205.0}, {"x": 266.0, "y": 221.0}, {"x": 185.0, "y": 225.0}]}, "description": "SUBTOTAL"}, {"boundingPoly": {"vertices": [{"x": 184.0, "y": 233.0}, {"x": 214.0, "y": 231.0}, {"x": 215.0, "y": 246.0}, {"x": 184.0, "y": 247.0}]}, "description": "TAX"}, {"boundingPoly": {"vertices": [{"x": 183.0, "y": 253.0}, {"x": 233.0, "y": 252.0}, {"x": 233.0, "y": 268.0}, {"x": 183.0, "y": 270.0}]}, "description": "TOTAL"}, {"boundingPoly": {"vertices": [{"x": 455.0, "y": 199.0}, {"x": 509.0, "y": 199.0}, {"x": 509.0, "y": 215.0}, {"x": 455.0, "y": 214.0}]}, "description": "44.70"}, {"boundingPoly": {"vertices": [{"x": 463.0, "y": 220.0}, {"x": 509.0, "y": 221.0}, {"x": 509.0, "y": 237.0}, {"x": 463.0, "y": 236.0}]}, "description": "3.85"}, {"boundingPoly": {"vertices": [{"x": 453.0, "y": 243.0}, {"x": 508.0, "y": 244.0}, {"x": 508.0, "y": 260.0}, {"x": 453.0, "y": 259.0}]}, "description": "48.55"}, {"boundingPoly": {"vertices": [{"x": 178.0, "y": 322.0}, {"x": 268.0, "y": 322.0}, {"x": 268.0, "y": 342.0}, {"x": 178.0, "y": 342.0}]}, "description": " Payments:"}, {"boundingPoly": {"vertices": [{"x": 175.0, "y": 347.0}, {"x": 398.0, "y": 340.0}, {"x": 398.0, "y": 358.0}, {"x": 175.0, "y": 365.0}]}, "description": "AMERICAN EXPRESS/1005"}, {"boundingPoly": {"vertices": [{"x": 174.0, "y": 371.0}, {"x": 300.0, "y": 369.0}, {"x": 301.0, "y": 387.0}, {"x": 175.0, "y": 390.0}]}, "description": "Auth/EMV Tap"}, {"boundingPoly": {"vertices": [{"x": 213.0, "y": 394.0}, {"x": 289.0, "y": 394.0}, {"x": 289.0, "y": 413.0}, {"x": 213.0, "y": 413.0}]}, "description": " *** 2815"}, {"boundingPoly": {"vertices": [{"x": 213.0, "y": 417.0}, {"x": 387.0, "y": 417.0}, {"x": 387.0, "y": 438.0}, {"x": 213.0, "y": 438.0}]}, "description": " 1912161200038680"}, {"boundingPoly": {"vertices": [{"x": 200.0, "y": 442.0}, {"x": 386.0, "y": 442.0}, {"x": 386.0, "y": 463.0}, {"x": 200.0, "y": 463.0}]}, "description": " : A0000000250 10301"}, {"boundingPoly": {"vertices": [{"x": 209.0, "y": 469.0}, {"x": 318.0, "y": 469.0}, {"x": 318.0, "y": 488.0}, {"x": 209.0, "y": 488.0}]}, "description": " 0000008000"}, {"boundingPoly": {"vertices": [{"x": 207.0, "y": 494.0}, {"x": 429.0, "y": 494.0}, {"x": 429.0, "y": 514.0}, {"x": 207.0, "y": 514.0}]}, "description": " 0710A82F984802FB3030"}, {"boundingPoly": {"vertices": [{"x": 205.0, "y": 521.0}, {"x": 229.0, "y": 521.0}, {"x": 229.0, "y": 540.0}, {"x": 205.0, "y": 540.0}]}, "description": " 00"}, {"boundingPoly": {"vertices": [{"x": 164.0, "y": 547.0}, {"x": 244.0, "y": 547.0}, {"x": 244.0, "y": 567.0}, {"x": 164.0, "y": 567.0}]}, "description": " TRN SEQ:"}, {"boundingPoly": {"vertices": [{"x": 161.0, "y": 574.0}, {"x": 233.0, "y": 574.0}, {"x": 233.0, "y": 593.0}, {"x": 161.0, "y": 593.0}]}, "description": " TRN ID:"}, {"boundingPoly": {"vertices": [{"x": 156.0, "y": 600.0}, {"x": 187.0, "y": 600.0}, {"x": 187.0, "y": 620.0}, {"x": 156.0, "y": 620.0}]}, "description": " NET"}, {"boundingPoly": {"vertices": [{"x": 154.0, "y": 627.0}, {"x": 208.0, "y": 627.0}, {"x": 208.0, "y": 647.0}, {"x": 154.0, "y": 647.0}]}, "description": " MODE:"}, {"boundingPoly": {"vertices": [{"x": 154.0, "y": 655.0}, {"x": 262.0, "y": 655.0}, {"x": 262.0, "y": 676.0}, {"x": 154.0, "y": 676.0}]}, "description": " Auth Code:"}, {"boundingPoly": {"vertices": [{"x": 175.0, "y": 395.0}, {"x": 210.0, "y": 395.0}, {"x": 210.0, "y": 413.0}, {"x": 175.0, "y": 413.0}]}, "description": " TID:"}, {"boundingPoly": {"vertices": [{"x": 171.0, "y": 420.0}, {"x": 210.0, "y": 420.0}, {"x": 210.0, "y": 439.0}, {"x": 171.0, "y": 439.0}]}, "description": " RRN:"}, {"boundingPoly": {"vertices": [{"x": 168.0, "y": 445.0}, {"x": 197.0, "y": 445.0}, {"x": 197.0, "y": 464.0}, {"x": 168.0, "y": 464.0}]}, "description": " AID"}, {"boundingPoly": {"vertices": [{"x": 170.0, "y": 470.0}, {"x": 205.0, "y": 470.0}, {"x": 205.0, "y": 488.0}, {"x": 170.0, "y": 488.0}]}, "description": " TVR:"}, {"boundingPoly": {"vertices": [{"x": 167.0, "y": 495.0}, {"x": 204.0, "y": 495.0}, {"x": 204.0, "y": 514.0}, {"x": 167.0, "y": 514.0}]}, "description": " IAD:"}, {"boundingPoly": {"vertices": [{"x": 165.0, "y": 521.0}, {"x": 201.0, "y": 521.0}, {"x": 201.0, "y": 540.0}, {"x": 165.0, "y": 540.0}]}, "description": " ARC:"}, {"boundingPoly": {"vertices": [{"x": 247.0, "y": 547.0}, {"x": 339.0, "y": 547.0}, {"x": 339.0, "y": 567.0}, {"x": 247.0, "y": 567.0}]}, "description": " 00000364"}, {"boundingPoly": {"vertices": [{"x": 237.0, "y": 574.0}, {"x": 351.0, "y": 574.0}, {"x": 351.0, "y": 593.0}, {"x": 237.0, "y": 593.0}]}, "description": " 1269128648"}, {"boundingPoly": {"vertices": [{"x": 190.0, "y": 602.0}, {"x": 247.0, "y": 602.0}, {"x": 247.0, "y": 621.0}, {"x": 190.0, "y": 621.0}]}, "description": " : Amex"}, {"boundingPoly": {"vertices": [{"x": 211.0, "y": 629.0}, {"x": 280.0, "y": 629.0}, {"x": 280.0, "y": 648.0}, {"x": 211.0, "y": 648.0}]}, "description": " Issuer"}, {"boundingPoly": {"vertices": [{"x": 265.0, "y": 656.0}, {"x": 337.0, "y": 656.0}, {"x": 337.0, "y": 677.0}, {"x": 265.0, "y": 677.0}]}, "description": " 898615"}, {"boundingPoly": {"vertices": [{"x": 198.0, "y": 710.0}, {"x": 371.0, "y": 715.0}, {"x": 371.0, "y": 735.0}, {"x": 197.0, "y": 730.0}]}, "description": "Purchase Amount"}, {"boundingPoly": {"vertices": [{"x": 198.0, "y": 737.0}, {"x": 292.0, "y": 739.0}, {"x": 292.0, "y": 760.0}, {"x": 198.0, "y": 759.0}]}, "description": "Tip Paid"}, {"boundingPoly": {"vertices": [{"x": 451.0, "y": 718.0}, {"x": 514.0, "y": 719.0}, {"x": 514.0, "y": 740.0}, {"x": 451.0, "y": 738.0}]}, "description": "24.28"}, {"boundingPoly": {"vertices": [{"x": 466.0, "y": 749.0}, {"x": 515.0, "y": 750.0}, {"x": 515.0, "y": 767.0}, {"x": 466.0, "y": 765.0}]}, "description": "4.83"}, {"boundingPoly": {"vertices": [{"x": 201.0, "y": 791.0}, {"x": 314.0, "y": 796.0}, {"x": 313.0, "y": 816.0}, {"x": 200.0, "y": 810.0}]}, "description": "TOTAL PAID"}, {"boundingPoly": {"vertices": [{"x": 392.0, "y": 801.0}, {"x": 481.0, "y": 805.0}, {"x": 480.0, "y": 824.0}, {"x": 392.0, "y": 819.0}]}, "description": "USD$ 29"}, {"boundingPoly": {"vertices": [{"x": 483.0, "y": 806.0}, {"x": 516.0, "y": 807.0}, {"x": 515.0, "y": 825.0}, {"x": 483.0, "y": 824.0}]}, "description": "11"}, {"boundingPoly": {"vertices": [{"x": 156.0, "y": 841.0}, {"x": 303.0, "y": 851.0}, {"x": 302.0, "y": 871.0}, {"x": 156.0, "y": 861.0}]}, "description": "Check Balance"}, {"boundingPoly": {"vertices": [{"x": 464.0, "y": 862.0}, {"x": 515.0, "y": 863.0}, {"x": 515.0, "y": 881.0}, {"x": 464.0, "y": 879.0}]}, "description": "0.00"}]}