{"textAnnotations": [{"boundingPoly": {"vertices": [{"x": 33.0, "y": 15.0}, {"x": 46.0, "y": 15.0}, {"x": 45.0, "y": 25.0}, {"x": 33.0, "y": 25.0}]}, "description": "="}, {"boundingPoly": {"vertices": [{"x": 388.0, "y": 41.0}, {"x": 417.0, "y": 40.0}, {"x": 417.0, "y": 51.0}, {"x": 389.0, "y": 52.0}]}, "description": "Page"}, {"boundingPoly": {"vertices": [{"x": 392.0, "y": 53.0}, {"x": 422.0, "y": 50.0}, {"x": 422.0, "y": 62.0}, {"x": 392.0, "y": 64.0}]}, "description": "Down"}, {"boundingPoly": {"vertices": [{"x": 78.0, "y": 50.0}, {"x": 78.0, "y": 70.0}, {"x": 70.0, "y": 70.0}, {"x": 70.0, "y": 50.0}]}, "description": "-"}, {"boundingPoly": {"vertices": [{"x": 10.0, "y": 55.0}, {"x": 10.0, "y": 72.0}, {"x": 2.0, "y": 71.0}, {"x": 2.0, "y": 55.0}]}, "description": "-"}, {"boundingPoly": {"vertices": [{"x": 176.0, "y": 87.0}, {"x": 273.0, "y": 85.0}, {"x": 274.0, "y": 95.0}, {"x": 176.0, "y": 98.0}]}, "description": "merchant name"}, {"boundingPoly": {"vertices": [{"x": 256.0, "y": 103.0}, {"x": 275.0, "y": 103.0}, {"x": 275.0, "y": 114.0}, {"x": 256.0, "y": 114.0}]}, "description": "merchant address"}, {"boundingPoly": {"vertices": [{"x": 145.0, "y": 112.0}, {"x": 259.0, "y": 112.0}, {"x": 259.0, "y": 125.0}, {"x": 145.0, "y": 125.0}]}, "description": "merchant phone"}, {"boundingPoly": {"vertices": [{"x": 102.0, "y": 132.0}, {"x": 148.0, "y": 132.0}, {"x": 148.0, "y": 145.0}, {"x": 102.0, "y": 145.0}]}, "description": " QUALITY"}, {"boundingPoly": {"vertices": [{"x": 101.0, "y": 144.0}, {"x": 160.0, "y": 144.0}, {"x": 160.0, "y": 157.0}, {"x": 101.0, "y": 157.0}]}, "description": " TOBLERONE"}, {"boundingPoly": {"vertices": [{"x": 157.0, "y": 157.0}, {"x": 179.0, "y": 157.0}, {"x": 179.0, "y": 169.0}, {"x": 157.0, "y": 169.0}]}, "description": " ***"}, {"boundingPoly": {"vertices": [{"x": 101.0, "y": 168.0}, {"x": 258.0, "y": 170.0}, {"x": 258.0, "y": 182.0}, {"x": 101.0, "y": 180.0}]}, "description": "MALTESERS 200G TRUFFLES M"}, {"boundingPoly": {"vertices": [{"x": 108.0, "y": 181.0}, {"x": 227.0, "y": 183.0}, {"x": 227.0, "y": 195.0}, {"x": 108.0, "y": 193.0}]}, "description": "Promotional Saving"}, {"boundingPoly": {"vertices": [{"x": 201.0, "y": 195.0}, {"x": 257.0, "y": 195.0}, {"x": 257.0, "y": 207.0}, {"x": 201.0, "y": 207.0}]}, "description": " 142G SMAL"}, {"boundingPoly": {"vertices": [{"x": 177.0, "y": 95.0}, {"x": 240.0, "y": 95.0}, {"x": 240.0, "y": 106.0}, {"x": 177.0, "y": 106.0}]}, "description": "merchant address"}, {"boundingPoly": {"vertices": [{"x": 176.0, "y": 104.0}, {"x": 228.0, "y": 104.0}, {"x": 228.0, "y": 115.0}, {"x": 176.0, "y": 115.0}]}, "description": "merchant address"}, {"boundingPoly": {"vertices": [{"x": 242.0, "y": 94.0}, {"x": 270.0, "y": 94.0}, {"x": 270.0, "y": 105.0}, {"x": 242.0, "y": 105.0}]}, "description": "merchant address"}, {"boundingPoly": {"vertices": [{"x": 232.0, "y": 104.0}, {"x": 253.0, "y": 104.0}, {"x": 253.0, "y": 115.0}, {"x": 232.0, "y": 115.0}]}, "description": "merchant address"}, {"boundingPoly": {"vertices": [{"x": 115.0, "y": 112.0}, {"x": 144.0, "y": 112.0}, {"x": 144.0, "y": 123.0}, {"x": 115.0, "y": 123.0}]}, "description": " Tel:"}, {"boundingPoly": {"vertices": [{"x": 261.0, "y": 114.0}, {"x": 329.0, "y": 114.0}, {"x": 329.0, "y": 128.0}, {"x": 261.0, "y": 128.0}]}, "description": " 238 5548 36"}, {"boundingPoly": {"vertices": [{"x": 322.0, "y": 137.0}, {"x": 348.0, "y": 138.0}, {"x": 347.0, "y": 148.0}, {"x": 322.0, "y": 147.0}]}, "description": "8.00"}, {"boundingPoly": {"vertices": [{"x": 150.0, "y": 132.0}, {"x": 191.0, "y": 132.0}, {"x": 191.0, "y": 144.0}, {"x": 150.0, "y": 144.0}]}, "description": " STREET"}, {"boundingPoly": {"vertices": [{"x": 193.0, "y": 132.0}, {"x": 257.0, "y": 132.0}, {"x": 257.0, "y": 145.0}, {"x": 193.0, "y": 145.0}]}, "description": " 450G POUCH"}, {"boundingPoly": {"vertices": [{"x": 193.0, "y": 145.0}, {"x": 221.0, "y": 145.0}, {"x": 221.0, "y": 157.0}, {"x": 193.0, "y": 157.0}]}, "description": " 360G"}, {"boundingPoly": {"vertices": [{"x": 181.0, "y": 157.0}, {"x": 272.0, "y": 157.0}, {"x": 272.0, "y": 169.0}, {"x": 181.0, "y": 169.0}]}, "description": " GIFTING2FOR?10"}, {"boundingPoly": {"vertices": [{"x": 162.0, "y": 145.0}, {"x": 190.0, "y": 145.0}, {"x": 190.0, "y": 157.0}, {"x": 162.0, "y": 157.0}]}, "description": " MILK"}, {"boundingPoly": {"vertices": [{"x": 323.0, "y": 146.0}, {"x": 349.0, "y": 145.0}, {"x": 348.0, "y": 156.0}, {"x": 323.0, "y": 156.0}]}, "description": "4.99"}, {"boundingPoly": {"vertices": [{"x": 274.0, "y": 158.0}, {"x": 293.0, "y": 158.0}, {"x": 293.0, "y": 169.0}, {"x": 274.0, "y": 169.0}]}, "description": " ***"}, {"boundingPoly": {"vertices": [{"x": 322.0, "y": 169.0}, {"x": 349.0, "y": 169.0}, {"x": 348.0, "y": 181.0}, {"x": 322.0, "y": 181.0}]}, "description": "5.89"}, {"boundingPoly": {"vertices": [{"x": 317.0, "y": 182.0}, {"x": 349.0, "y": 181.0}, {"x": 349.0, "y": 192.0}, {"x": 317.0, "y": 193.0}]}, "description": "-0.89"}, {"boundingPoly": {"vertices": [{"x": 321.0, "y": 193.0}, {"x": 349.0, "y": 194.0}, {"x": 348.0, "y": 205.0}, {"x": 321.0, "y": 206.0}]}, "description": "5.89"}, {"boundingPoly": {"vertices": [{"x": 320.0, "y": 206.0}, {"x": 348.0, "y": 206.0}, {"x": 348.0, "y": 217.0}, {"x": 320.0, "y": 217.0}]}, "description": "0.89"}, {"boundingPoly": {"vertices": [{"x": 101.0, "y": 191.0}, {"x": 199.0, "y": 191.0}, {"x": 199.0, "y": 207.0}, {"x": 101.0, "y": 207.0}]}, "description": " THORNTONS CONTI"}, {"boundingPoly": {"vertices": [{"x": 113.0, "y": 203.0}, {"x": 227.0, "y": 208.0}, {"x": 227.0, "y": 220.0}, {"x": 113.0, "y": 215.0}]}, "description": "Promotional Saving"}, {"boundingPoly": {"vertices": [{"x": 102.0, "y": 227.0}, {"x": 219.0, "y": 227.0}, {"x": 219.0, "y": 243.0}, {"x": 102.0, "y": 243.0}]}, "description": " SHORTBREAD FINGERS"}, {"boundingPoly": {"vertices": [{"x": 176.0, "y": 242.0}, {"x": 197.0, "y": 242.0}, {"x": 197.0, "y": 254.0}, {"x": 176.0, "y": 254.0}]}, "description": " 38G"}, {"boundingPoly": {"vertices": [{"x": 101.0, "y": 252.0}, {"x": 181.0, "y": 252.0}, {"x": 181.0, "y": 266.0}, {"x": 101.0, "y": 266.0}]}, "description": " MENTOS FRUIT"}, {"boundingPoly": {"vertices": [{"x": 100.0, "y": 264.0}, {"x": 162.0, "y": 264.0}, {"x": 162.0, "y": 278.0}, {"x": 100.0, "y": 278.0}]}, "description": " SNOWBITES"}, {"boundingPoly": {"vertices": [{"x": 102.0, "y": 276.0}, {"x": 124.0, "y": 276.0}, {"x": 124.0, "y": 289.0}, {"x": 102.0, "y": 289.0}]}, "description": " WHS"}, {"boundingPoly": {"vertices": [{"x": 100.0, "y": 288.0}, {"x": 137.0, "y": 288.0}, {"x": 137.0, "y": 300.0}, {"x": 100.0, "y": 300.0}]}, "description": "Total"}, {"boundingPoly": {"vertices": [{"x": 101.0, "y": 300.0}, {"x": 130.0, "y": 300.0}, {"x": 130.0, "y": 312.0}, {"x": 101.0, "y": 312.0}]}, "description": "AMEX"}, {"boundingPoly": {"vertices": [{"x": 225.0, "y": 231.0}, {"x": 252.0, "y": 231.0}, {"x": 252.0, "y": 243.0}, {"x": 225.0, "y": 243.0}]}, "description": " 250G"}, {"boundingPoly": {"vertices": [{"x": 101.0, "y": 239.0}, {"x": 174.0, "y": 239.0}, {"x": 174.0, "y": 254.0}, {"x": 101.0, "y": 254.0}]}, "description": " MENTOS MINT"}, {"boundingPoly": {"vertices": [{"x": 322.0, "y": 230.0}, {"x": 348.0, "y": 230.0}, {"x": 347.0, "y": 241.0}, {"x": 322.0, "y": 242.0}]}, "description": "4.99"}, {"boundingPoly": {"vertices": [{"x": 321.0, "y": 242.0}, {"x": 347.0, "y": 242.0}, {"x": 346.0, "y": 253.0}, {"x": 321.0, "y": 253.0}]}, "description": "0.99"}, {"boundingPoly": {"vertices": [{"x": 320.0, "y": 254.0}, {"x": 347.0, "y": 254.0}, {"x": 347.0, "y": 265.0}, {"x": 321.0, "y": 265.0}]}, "description": "0,99"}, {"boundingPoly": {"vertices": [{"x": 322.0, "y": 266.0}, {"x": 347.0, "y": 265.0}, {"x": 347.0, "y": 277.0}, {"x": 322.0, "y": 277.0}]}, "description": "1.50"}, {"boundingPoly": {"vertices": [{"x": 321.0, "y": 278.0}, {"x": 347.0, "y": 278.0}, {"x": 346.0, "y": 289.0}, {"x": 321.0, "y": 289.0}]}, "description": "0,10"}, {"boundingPoly": {"vertices": [{"x": 309.0, "y": 290.0}, {"x": 347.0, "y": 290.0}, {"x": 347.0, "y": 301.0}, {"x": 309.0, "y": 302.0}]}, "description": "\u00a331.56"}, {"boundingPoly": {"vertices": [{"x": 309.0, "y": 302.0}, {"x": 347.0, "y": 302.0}, {"x": 347.0, "y": 312.0}, {"x": 309.0, "y": 312.0}]}, "description": "\u00a331.56"}, {"boundingPoly": {"vertices": [{"x": 72.0, "y": 259.0}, {"x": 92.0, "y": 259.0}, {"x": 90.0, "y": 277.0}, {"x": 72.0, "y": 276.0}]}, "description": "\u76ee"}, {"boundingPoly": {"vertices": [{"x": 183.0, "y": 254.0}, {"x": 205.0, "y": 254.0}, {"x": 205.0, "y": 266.0}, {"x": 183.0, "y": 266.0}]}, "description": " 38G"}, {"boundingPoly": {"vertices": [{"x": 164.0, "y": 266.0}, {"x": 211.0, "y": 266.0}, {"x": 211.0, "y": 278.0}, {"x": 164.0, "y": 278.0}]}, "description": " BAG 80G"}, {"boundingPoly": {"vertices": [{"x": 126.0, "y": 277.0}, {"x": 206.0, "y": 277.0}, {"x": 206.0, "y": 291.0}, {"x": 126.0, "y": 291.0}]}, "description": " BAG FOR LIFE"}, {"boundingPoly": {"vertices": [{"x": 208.0, "y": 278.0}, {"x": 235.0, "y": 278.0}, {"x": 235.0, "y": 291.0}, {"x": 208.0, "y": 291.0}]}, "description": " (BOX"}, {"boundingPoly": {"vertices": [{"x": 237.0, "y": 279.0}, {"x": 251.0, "y": 279.0}, {"x": 251.0, "y": 291.0}, {"x": 237.0, "y": 291.0}]}, "description": " OF"}, {"boundingPoly": {"vertices": [{"x": 177.0, "y": 314.0}, {"x": 206.0, "y": 314.0}, {"x": 206.0, "y": 326.0}, {"x": 177.0, "y": 326.0}]}, "description": " Sale"}, {"boundingPoly": {"vertices": [{"x": 171.0, "y": 325.0}, {"x": 230.0, "y": 325.0}, {"x": 230.0, "y": 337.0}, {"x": 171.0, "y": 337.0}]}, "description": " SIGNATURE"}, {"boundingPoly": {"vertices": [{"x": 177.0, "y": 337.0}, {"x": 276.0, "y": 336.0}, {"x": 276.0, "y": 348.0}, {"x": 177.0, "y": 349.0}]}, "description": "AMERICAN EXPRESS"}, {"boundingPoly": {"vertices": [{"x": 196.0, "y": 350.0}, {"x": 287.0, "y": 348.0}, {"x": 287.0, "y": 360.0}, {"x": 196.0, "y": 361.0}]}, "description": "*********** 1000"}, {"boundingPoly": {"vertices": [{"x": 208.0, "y": 314.0}, {"x": 276.0, "y": 314.0}, {"x": 276.0, "y": 326.0}, {"x": 208.0, "y": 326.0}]}, "description": " Transaction"}, {"boundingPoly": {"vertices": [{"x": 232.0, "y": 325.0}, {"x": 282.0, "y": 325.0}, {"x": 282.0, "y": 337.0}, {"x": 232.0, "y": 337.0}]}, "description": " VERIFIED"}, {"boundingPoly": {"vertices": [{"x": 114.0, "y": 350.0}, {"x": 165.0, "y": 350.0}, {"x": 165.0, "y": 362.0}, {"x": 114.0, "y": 362.0}]}, "description": " Card No:"}, {"boundingPoly": {"vertices": [{"x": 114.0, "y": 362.0}, {"x": 136.0, "y": 362.0}, {"x": 136.0, "y": 373.0}, {"x": 114.0, "y": 373.0}]}, "description": "ICC"}, {"boundingPoly": {"vertices": [{"x": 114.0, "y": 375.0}, {"x": 168.0, "y": 375.0}, {"x": 168.0, "y": 388.0}, {"x": 114.0, "y": 388.0}]}, "description": " Auth No:"}, {"boundingPoly": {"vertices": [{"x": 114.0, "y": 387.0}, {"x": 193.0, "y": 387.0}, {"x": 193.0, "y": 401.0}, {"x": 114.0, "y": 401.0}]}, "description": " Merchant ID:"}, {"boundingPoly": {"vertices": [{"x": 114.0, "y": 401.0}, {"x": 143.0, "y": 401.0}, {"x": 143.0, "y": 413.0}, {"x": 114.0, "y": 413.0}]}, "description": " AID:"}, {"boundingPoly": {"vertices": [{"x": 114.0, "y": 411.0}, {"x": 193.0, "y": 411.0}, {"x": 193.0, "y": 428.0}, {"x": 114.0, "y": 428.0}]}, "description": " Terminal ID:"}, {"boundingPoly": {"vertices": [{"x": 177.0, "y": 435.0}, {"x": 219.0, "y": 435.0}, {"x": 219.0, "y": 451.0}, {"x": 177.0, "y": 451.0}]}, "description": " retain"}, {"boundingPoly": {"vertices": [{"x": 167.0, "y": 462.0}, {"x": 294.0, "y": 457.0}, {"x": 295.0, "y": 471.0}, {"x": 168.0, "y": 477.0}]}, "description": "You saved \u00a31.78 today"}, {"boundingPoly": {"vertices": [{"x": 244.0, "y": 481.0}, {"x": 273.0, "y": 481.0}, {"x": 273.0, "y": 496.0}, {"x": 244.0, "y": 496.0}]}, "description": " sold"}, {"boundingPoly": {"vertices": [{"x": 232.0, "y": 494.0}, {"x": 285.0, "y": 494.0}, {"x": 285.0, "y": 511.0}, {"x": 232.0, "y": 511.0}]}, "description": " returned"}, {"boundingPoly": {"vertices": [{"x": 108.0, "y": 509.0}, {"x": 260.0, "y": 509.0}, {"x": 260.0, "y": 538.0}, {"x": 108.0, "y": 538.0}]}, "description": " Thank you. Please retain"}, {"boundingPoly": {"vertices": [{"x": 196.0, "y": 373.0}, {"x": 210.0, "y": 373.0}, {"x": 210.0, "y": 386.0}, {"x": 196.0, "y": 385.0}]}, "description": "62"}, {"boundingPoly": {"vertices": [{"x": 195.0, "y": 385.0}, {"x": 258.0, "y": 385.0}, {"x": 258.0, "y": 399.0}, {"x": 195.0, "y": 399.0}]}, "description": " ***** 24599"}, {"boundingPoly": {"vertices": [{"x": 196.0, "y": 398.0}, {"x": 293.0, "y": 396.0}, {"x": 294.0, "y": 409.0}, {"x": 196.0, "y": 411.0}]}, "description": "A000000025010801"}, {"boundingPoly": {"vertices": [{"x": 195.0, "y": 410.0}, {"x": 248.0, "y": 410.0}, {"x": 248.0, "y": 424.0}, {"x": 195.0, "y": 424.0}]}, "description": " **** 9024"}, {"boundingPoly": {"vertices": [{"x": 221.0, "y": 434.0}, {"x": 241.0, "y": 434.0}, {"x": 241.0, "y": 449.0}, {"x": 221.0, "y": 449.0}]}, "description": " for"}, {"boundingPoly": {"vertices": [{"x": 134.0, "y": 438.0}, {"x": 175.0, "y": 438.0}, {"x": 175.0, "y": 454.0}, {"x": 134.0, "y": 454.0}]}, "description": " Please"}, {"boundingPoly": {"vertices": [{"x": 244.0, "y": 434.0}, {"x": 270.0, "y": 434.0}, {"x": 270.0, "y": 448.0}, {"x": 244.0, "y": 448.0}]}, "description": " your"}, {"boundingPoly": {"vertices": [{"x": 273.0, "y": 433.0}, {"x": 319.0, "y": 433.0}, {"x": 319.0, "y": 448.0}, {"x": 273.0, "y": 448.0}]}, "description": " records"}, {"boundingPoly": {"vertices": [{"x": 186.0, "y": 488.0}, {"x": 196.0, "y": 488.0}, {"x": 196.0, "y": 501.0}, {"x": 186.0, "y": 501.0}]}, "description": " 9"}, {"boundingPoly": {"vertices": [{"x": 198.0, "y": 484.0}, {"x": 243.0, "y": 484.0}, {"x": 243.0, "y": 500.0}, {"x": 198.0, "y": 500.0}]}, "description": " item(s)"}, {"boundingPoly": {"vertices": [{"x": 175.0, "y": 498.0}, {"x": 230.0, "y": 498.0}, {"x": 230.0, "y": 516.0}, {"x": 175.0, "y": 516.0}]}, "description": " 0 item(s)"}, {"boundingPoly": {"vertices": [{"x": 161.0, "y": 529.0}, {"x": 290.0, "y": 519.0}, {"x": 291.0, "y": 532.0}, {"x": 163.0, "y": 544.0}]}, "description": "as proof of purchase."}, {"boundingPoly": {"vertices": [{"x": 263.0, "y": 508.0}, {"x": 290.0, "y": 508.0}, {"x": 290.0, "y": 522.0}, {"x": 263.0, "y": 522.0}]}, "description": " your"}, {"boundingPoly": {"vertices": [{"x": 292.0, "y": 508.0}, {"x": 342.0, "y": 508.0}, {"x": 342.0, "y": 521.0}, {"x": 292.0, "y": 521.0}]}, "description": " receipt"}, {"boundingPoly": {"vertices": [{"x": 177.0, "y": 607.0}, {"x": 307.0, "y": 607.0}, {"x": 307.0, "y": 621.0}, {"x": 177.0, "y": 622.0}]}, "description": "07983567458636141219"}, {"boundingPoly": {"vertices": [{"x": 170.0, "y": 634.0}, {"x": 294.0, "y": 633.0}, {"x": 294.0, "y": 644.0}, {"x": 170.0, "y": 647.0}]}, "description": "12.43-33 07982 0567"}]}