{"textAnnotations": [{"boundingPoly": {"vertices": [{"x": 148.0, "y": 161.0}, {"x": 499.0, "y": 177.0}, {"x": 498.0, "y": 204.0}, {"x": 147.0, "y": 192.0}]}, "description": "merchant name"}, {"boundingPoly": {"vertices": [{"x": 196.0, "y": 223.0}, {"x": 455.0, "y": 234.0}, {"x": 453.0, "y": 260.0}, {"x": 195.0, "y": 251.0}]}, "description": "merchant address"}, {"boundingPoly": {"vertices": [{"x": 50.0, "y": 177.0}, {"x": 581.0, "y": 208.0}, {"x": 579.0, "y": 235.0}, {"x": 48.0, "y": 211.0}]}, "description": "merchant address"}, {"boundingPoly": {"vertices": [{"x": 166.0, "y": 249.0}, {"x": 469.0, "y": 263.0}, {"x": 468.0, "y": 290.0}, {"x": 165.0, "y": 277.0}]}, "description": "GST # 821177177RT0001"}, {"boundingPoly": {"vertices": [{"x": 19.0, "y": 318.0}, {"x": 314.0, "y": 344.0}, {"x": 311.0, "y": 371.0}, {"x": 17.0, "y": 347.0}]}, "description": "SALESPERSON # 401144"}, {"boundingPoly": {"vertices": [{"x": 19.0, "y": 377.0}, {"x": 188.0, "y": 392.0}, {"x": 185.0, "y": 421.0}, {"x": 17.0, "y": 405.0}]}, "description": "EVIAN 500ML"}, {"boundingPoly": {"vertices": [{"x": 325.0, "y": 401.0}, {"x": 483.0, "y": 405.0}, {"x": 483.0, "y": 432.0}, {"x": 325.0, "y": 427.0}]}, "description": "53704291000"}, {"boundingPoly": {"vertices": [{"x": 324.0, "y": 430.0}, {"x": 427.0, "y": 433.0}, {"x": 426.0, "y": 459.0}, {"x": 323.0, "y": 456.0}]}, "description": "3.69 PG"}, {"boundingPoly": {"vertices": [{"x": 20.0, "y": 467.0}, {"x": 143.0, "y": 477.0}, {"x": 141.0, "y": 504.0}, {"x": 19.0, "y": 493.0}]}, "description": "SUBTOTAL"}, {"boundingPoly": {"vertices": [{"x": 20.0, "y": 526.0}, {"x": 99.0, "y": 531.0}, {"x": 97.0, "y": 556.0}, {"x": 18.0, "y": 552.0}]}, "description": "HST16"}, {"boundingPoly": {"vertices": [{"x": 22.0, "y": 554.0}, {"x": 170.0, "y": 564.0}, {"x": 168.0, "y": 592.0}, {"x": 22.0, "y": 581.0}]}, "description": "TOTAL"}, {"boundingPoly": {"vertices": [{"x": 21.0, "y": 619.0}, {"x": 378.0, "y": 631.0}, {"x": 377.0, "y": 657.0}, {"x": 20.0, "y": 640.0}]}, "description": "*************** PURCHASE"}, {"boundingPoly": {"vertices": [{"x": 255.0, "y": 657.0}, {"x": 370.0, "y": 659.0}, {"x": 370.0, "y": 685.0}, {"x": 255.0, "y": 683.0}]}, "description": "APPROVED"}, {"boundingPoly": {"vertices": [{"x": 19.0, "y": 497.0}, {"x": 99.0, "y": 502.0}, {"x": 97.0, "y": 527.0}, {"x": 18.0, "y": 522.0}]}, "description": "HST06"}, {"boundingPoly": {"vertices": [{"x": 536.0, "y": 493.0}, {"x": 610.0, "y": 494.0}, {"x": 610.0, "y": 519.0}, {"x": 535.0, "y": 520.0}]}, "description": "$3.69"}, {"boundingPoly": {"vertices": [{"x": 536.0, "y": 523.0}, {"x": 608.0, "y": 522.0}, {"x": 608.0, "y": 547.0}, {"x": 536.0, "y": 548.0}]}, "description": "$0.30"}, {"boundingPoly": {"vertices": [{"x": 536.0, "y": 550.0}, {"x": 610.0, "y": 551.0}, {"x": 610.0, "y": 576.0}, {"x": 536.0, "y": 575.0}]}, "description": "$0.18"}, {"boundingPoly": {"vertices": [{"x": 536.0, "y": 578.0}, {"x": 610.0, "y": 578.0}, {"x": 609.0, "y": 604.0}, {"x": 536.0, "y": 605.0}]}, "description": "$4.17"}, {"boundingPoly": {"vertices": [{"x": 536.0, "y": 607.0}, {"x": 609.0, "y": 607.0}, {"x": 608.0, "y": 633.0}, {"x": 535.0, "y": 633.0}]}, "description": "$4.17"}, {"boundingPoly": {"vertices": [{"x": 382.0, "y": 637.0}, {"x": 594.0, "y": 640.0}, {"x": 594.0, "y": 658.0}, {"x": 382.0, "y": 654.0}]}, "description": "***************"}, {"boundingPoly": {"vertices": [{"x": 22.0, "y": 585.0}, {"x": 88.0, "y": 588.0}, {"x": 85.0, "y": 615.0}, {"x": 22.0, "y": 610.0}]}, "description": "AMEX"}, {"boundingPoly": {"vertices": [{"x": 23.0, "y": 702.0}, {"x": 93.0, "y": 702.0}, {"x": 93.0, "y": 732.0}, {"x": 23.0, "y": 732.0}]}, "description": " Total"}, {"boundingPoly": {"vertices": [{"x": 97.0, "y": 705.0}, {"x": 110.0, "y": 705.0}, {"x": 110.0, "y": 733.0}, {"x": 97.0, "y": 733.0}]}, "description": " :"}, {"boundingPoly": {"vertices": [{"x": 519.0, "y": 720.0}, {"x": 594.0, "y": 719.0}, {"x": 594.0, "y": 745.0}, {"x": 519.0, "y": 745.0}]}, "description": "$4.17"}, {"boundingPoly": {"vertices": [{"x": 24.0, "y": 761.0}, {"x": 171.0, "y": 761.0}, {"x": 171.0, "y": 793.0}, {"x": 24.0, "y": 793.0}]}, "description": " Card Type:"}, {"boundingPoly": {"vertices": [{"x": 23.0, "y": 791.0}, {"x": 187.0, "y": 791.0}, {"x": 187.0, "y": 823.0}, {"x": 23.0, "y": 823.0}]}, "description": " Card Entry:"}, {"boundingPoly": {"vertices": [{"x": 243.0, "y": 768.0}, {"x": 304.0, "y": 770.0}, {"x": 303.0, "y": 794.0}, {"x": 242.0, "y": 793.0}]}, "description": "AMEX"}, {"boundingPoly": {"vertices": [{"x": 241.0, "y": 797.0}, {"x": 302.0, "y": 799.0}, {"x": 300.0, "y": 823.0}, {"x": 241.0, "y": 822.0}]}, "description": "CHIP"}, {"boundingPoly": {"vertices": [{"x": 244.0, "y": 830.0}, {"x": 456.0, "y": 830.0}, {"x": 455.0, "y": 855.0}, {"x": 244.0, "y": 850.0}]}, "description": "*********** 1002"}, {"boundingPoly": {"vertices": [{"x": 24.0, "y": 820.0}, {"x": 134.0, "y": 820.0}, {"x": 134.0, "y": 847.0}, {"x": 24.0, "y": 847.0}]}, "description": " Acct #:"}, {"boundingPoly": {"vertices": [{"x": 23.0, "y": 848.0}, {"x": 236.0, "y": 848.0}, {"x": 236.0, "y": 878.0}, {"x": 23.0, "y": 878.0}]}, "description": " Approval Code:"}, {"boundingPoly": {"vertices": [{"x": 241.0, "y": 852.0}, {"x": 327.0, "y": 852.0}, {"x": 327.0, "y": 879.0}, {"x": 241.0, "y": 879.0}]}, "description": " 845751"}, {"boundingPoly": {"vertices": [{"x": 26.0, "y": 908.0}, {"x": 219.0, "y": 911.0}, {"x": 219.0, "y": 929.0}, {"x": 26.0, "y": 925.0}]}, "description": "*************"}, {"boundingPoly": {"vertices": [{"x": 25.0, "y": 933.0}, {"x": 154.0, "y": 933.0}, {"x": 154.0, "y": 960.0}, {"x": 25.0, "y": 960.0}]}, "description": " App Label"}, {"boundingPoly": {"vertices": [{"x": 25.0, "y": 962.0}, {"x": 100.0, "y": 962.0}, {"x": 100.0, "y": 988.0}, {"x": 25.0, "y": 988.0}]}, "description": " Mode:"}, {"boundingPoly": {"vertices": [{"x": 27.0, "y": 990.0}, {"x": 92.0, "y": 990.0}, {"x": 92.0, "y": 1015.0}, {"x": 27.0, "y": 1015.0}]}, "description": " AID:"}, {"boundingPoly": {"vertices": [{"x": 28.0, "y": 1018.0}, {"x": 92.0, "y": 1018.0}, {"x": 92.0, "y": 1044.0}, {"x": 28.0, "y": 1044.0}]}, "description": " TVR:"}, {"boundingPoly": {"vertices": [{"x": 27.0, "y": 1046.0}, {"x": 91.0, "y": 1046.0}, {"x": 91.0, "y": 1072.0}, {"x": 27.0, "y": 1072.0}]}, "description": " IAD:"}, {"boundingPoly": {"vertices": [{"x": 28.0, "y": 1075.0}, {"x": 91.0, "y": 1075.0}, {"x": 91.0, "y": 1101.0}, {"x": 28.0, "y": 1101.0}]}, "description": " TSI:"}, {"boundingPoly": {"vertices": [{"x": 26.0, "y": 1103.0}, {"x": 93.0, "y": 1103.0}, {"x": 93.0, "y": 1129.0}, {"x": 26.0, "y": 1129.0}]}, "description": " ARC:"}, {"boundingPoly": {"vertices": [{"x": 92.0, "y": 1131.0}, {"x": 331.0, "y": 1131.0}, {"x": 331.0, "y": 1157.0}, {"x": 92.0, "y": 1157.0}]}, "description": "330BD867C599ABE7"}, {"boundingPoly": {"vertices": [{"x": 100.0, "y": 1161.0}, {"x": 189.0, "y": 1161.0}, {"x": 189.0, "y": 1186.0}, {"x": 100.0, "y": 1186.0}]}, "description": " 1E0300"}, {"boundingPoly": {"vertices": [{"x": 219.0, "y": 906.0}, {"x": 593.0, "y": 915.0}, {"x": 592.0, "y": 936.0}, {"x": 219.0, "y": 932.0}]}, "description": "EMV PURCHASE *************"}, {"boundingPoly": {"vertices": [{"x": 369.0, "y": 939.0}, {"x": 595.0, "y": 941.0}, {"x": 595.0, "y": 966.0}, {"x": 369.0, "y": 963.0}]}, "description": "AMERICAN EXPRESS"}, {"boundingPoly": {"vertices": [{"x": 509.0, "y": 969.0}, {"x": 591.0, "y": 970.0}, {"x": 590.0, "y": 994.0}, {"x": 509.0, "y": 992.0}]}, "description": "Issuer"}, {"boundingPoly": {"vertices": [{"x": 158.0, "y": 934.0}, {"x": 172.0, "y": 934.0}, {"x": 172.0, "y": 960.0}, {"x": 158.0, "y": 960.0}]}, "description": " :"}, {"boundingPoly": {"vertices": [{"x": 96.0, "y": 990.0}, {"x": 328.0, "y": 990.0}, {"x": 328.0, "y": 1018.0}, {"x": 96.0, "y": 1018.0}]}, "description": " A000000025010801"}, {"boundingPoly": {"vertices": [{"x": 97.0, "y": 1018.0}, {"x": 245.0, "y": 1018.0}, {"x": 245.0, "y": 1044.0}, {"x": 97.0, "y": 1044.0}]}, "description": " 0000008000"}, {"boundingPoly": {"vertices": [{"x": 96.0, "y": 1046.0}, {"x": 301.0, "y": 1046.0}, {"x": 301.0, "y": 1074.0}, {"x": 96.0, "y": 1074.0}]}, "description": " 06620103602002"}, {"boundingPoly": {"vertices": [{"x": 96.0, "y": 1074.0}, {"x": 161.0, "y": 1074.0}, {"x": 161.0, "y": 1101.0}, {"x": 96.0, "y": 1101.0}]}, "description": " F800"}, {"boundingPoly": {"vertices": [{"x": 97.0, "y": 1103.0}, {"x": 131.0, "y": 1103.0}, {"x": 131.0, "y": 1129.0}, {"x": 97.0, "y": 1129.0}]}, "description": " 00"}, {"boundingPoly": {"vertices": [{"x": 24.0, "y": 1132.0}, {"x": 81.0, "y": 1132.0}, {"x": 81.0, "y": 1157.0}, {"x": 24.0, "y": 1157.0}]}, "description": " AC:"}, {"boundingPoly": {"vertices": [{"x": 24.0, "y": 1161.0}, {"x": 92.0, "y": 1161.0}, {"x": 92.0, "y": 1186.0}, {"x": 24.0, "y": 1186.0}]}, "description": " CVM:"}, {"boundingPoly": {"vertices": [{"x": 143.0, "y": 1244.0}, {"x": 510.0, "y": 1243.0}, {"x": 510.0, "y": 1272.0}, {"x": 143.0, "y": 1273.0}]}, "description": "CUSTOMER COPY"}, {"boundingPoly": {"vertices": [{"x": 24.0, "y": 1303.0}, {"x": 130.0, "y": 1302.0}, {"x": 130.0, "y": 1329.0}, {"x": 24.0, "y": 1330.0}]}, "description": "ITEMS 1"}, {"boundingPoly": {"vertices": [{"x": 29.0, "y": 1330.0}, {"x": 303.0, "y": 1330.0}, {"x": 303.0, "y": 1355.0}, {"x": 29.0, "y": 1355.0}]}, "description": " 11/07/2019 06:08AM"}, {"boundingPoly": {"vertices": [{"x": 27.0, "y": 1356.0}, {"x": 260.0, "y": 1357.0}, {"x": 260.0, "y": 1382.0}, {"x": 27.0, "y": 1382.0}]}, "description": "001858 01 401144"}, {"boundingPoly": {"vertices": [{"x": 566.0, "y": 1358.0}, {"x": 624.0, "y": 1358.0}, {"x": 623.0, "y": 1383.0}, {"x": 566.0, "y": 1382.0}]}, "description": "8329"}, {"boundingPoly": {"vertices": [{"x": 172.0, "y": 1411.0}, {"x": 486.0, "y": 1411.0}, {"x": 486.0, "y": 1438.0}, {"x": 172.0, "y": 1437.0}]}, "description": "THANK YOU FOR SHOPPING"}, {"boundingPoly": {"vertices": [{"x": 201.0, "y": 1438.0}, {"x": 457.0, "y": 1439.0}, {"x": 456.0, "y": 1465.0}, {"x": 201.0, "y": 1464.0}]}, "description": "PARADIES LAGARDERE"}, {"boundingPoly": {"vertices": [{"x": 201.0, "y": 1466.0}, {"x": 458.0, "y": 1467.0}, {"x": 458.0, "y": 1493.0}, {"x": 201.0, "y": 1492.0}]}, "description": "TORONTO, ON CANADA"}, {"boundingPoly": {"vertices": [{"x": 189.0, "y": 1494.0}, {"x": 467.0, "y": 1495.0}, {"x": 467.0, "y": 1521.0}, {"x": 189.0, "y": 1520.0}]}, "description": "VISIT US ON THE WBE!"}, {"boundingPoly": {"vertices": [{"x": 144.0, "y": 1523.0}, {"x": 500.0, "y": 1524.0}, {"x": 500.0, "y": 1550.0}, {"x": 144.0, "y": 1548.0}]}, "description": "WWW.PARADIESLAGARDERE.COM"}]}