{"textAnnotations": [{"boundingPoly": {"vertices": [{"x": 38.0, "y": 34.0}, {"x": 152.0, "y": 35.0}, {"x": 152.0, "y": 46.0}, {"x": 38.0, "y": 45.0}]}, "description": "Thank You For Visiting the"}, {"boundingPoly": {"vertices": [{"x": 39.0, "y": 44.0}, {"x": 150.0, "y": 44.0}, {"x": 150.0, "y": 54.0}, {"x": 39.0, "y": 54.0}]}, "description": "merchant name"}, {"boundingPoly": {"vertices": [{"x": 59.0, "y": 55.0}, {"x": 130.0, "y": 55.0}, {"x": 130.0, "y": 65.0}, {"x": 59.0, "y": 64.0}]}, "description": "Matthew Fraysier"}, {"boundingPoly": {"vertices": [{"x": 62.0, "y": 65.0}, {"x": 128.0, "y": 65.0}, {"x": 128.0, "y": 74.0}, {"x": 62.0, "y": 74.0}]}, "description": "General Manager"}, {"boundingPoly": {"vertices": [{"x": 67.0, "y": 74.0}, {"x": 125.0, "y": 74.0}, {"x": 125.0, "y": 84.0}, {"x": 67.0, "y": 85.0}]}, "description": "merchant phone"}, {"boundingPoly": {"vertices": [{"x": 44.0, "y": 84.0}, {"x": 144.0, "y": 84.0}, {"x": 144.0, "y": 95.0}, {"x": 44.0, "y": 95.0}]}, "description": "We Love Your Feedback!"}, {"boundingPoly": {"vertices": [{"x": 45.0, "y": 95.0}, {"x": 146.0, "y": 95.0}, {"x": 146.0, "y": 105.0}, {"x": 45.0, "y": 105.0}]}, "description": "Text @LTF11479 to 73940"}, {"boundingPoly": {"vertices": [{"x": 173.0, "y": 116.0}, {"x": 187.0, "y": 115.0}, {"x": 187.0, "y": 126.0}, {"x": 173.0, "y": 126.0}]}, "description": "USO"}, {"boundingPoly": {"vertices": [{"x": 168.0, "y": 126.0}, {"x": 189.0, "y": 126.0}, {"x": 188.0, "y": 137.0}, {"x": 168.0, "y": 137.0}]}, "description": "1.25"}, {"boundingPoly": {"vertices": [{"x": 168.0, "y": 137.0}, {"x": 188.0, "y": 137.0}, {"x": 188.0, "y": 147.0}, {"x": 168.0, "y": 147.0}]}, "description": "1.25"}, {"boundingPoly": {"vertices": [{"x": 168.0, "y": 149.0}, {"x": 187.0, "y": 148.0}, {"x": 187.0, "y": 158.0}, {"x": 169.0, "y": 159.0}]}, "description": "0.00"}, {"boundingPoly": {"vertices": [{"x": 169.0, "y": 160.0}, {"x": 188.0, "y": 160.0}, {"x": 187.0, "y": 169.0}, {"x": 169.0, "y": 169.0}]}, "description": "0.99"}, {"boundingPoly": {"vertices": [{"x": 168.0, "y": 169.0}, {"x": 188.0, "y": 169.0}, {"x": 188.0, "y": 178.0}, {"x": 169.0, "y": 178.0}]}, "description": "0.35"}, {"boundingPoly": {"vertices": [{"x": 168.0, "y": 178.0}, {"x": 188.0, "y": 178.0}, {"x": 188.0, "y": 187.0}, {"x": 168.0, "y": 187.0}]}, "description": "0.35"}, {"boundingPoly": {"vertices": [{"x": 169.0, "y": 187.0}, {"x": 188.0, "y": 188.0}, {"x": 187.0, "y": 196.0}, {"x": 169.0, "y": 196.0}]}, "description": "4.20"}, {"boundingPoly": {"vertices": [{"x": 168.0, "y": 197.0}, {"x": 188.0, "y": 198.0}, {"x": 187.0, "y": 207.0}, {"x": 168.0, "y": 206.0}]}, "description": "3.10"}, {"boundingPoly": {"vertices": [{"x": 8.0, "y": 128.0}, {"x": 66.0, "y": 128.0}, {"x": 66.0, "y": 139.0}, {"x": 8.0, "y": 139.0}]}, "description": "Eggs Your Way"}, {"boundingPoly": {"vertices": [{"x": 8.0, "y": 139.0}, {"x": 49.0, "y": 138.0}, {"x": 49.0, "y": 150.0}, {"x": 8.0, "y": 151.0}]}, "description": "2 Eggs CF"}, {"boundingPoly": {"vertices": [{"x": 10.0, "y": 151.0}, {"x": 33.0, "y": 151.0}, {"x": 33.0, "y": 162.0}, {"x": 10.0, "y": 162.0}]}, "description": " Sunny"}, {"boundingPoly": {"vertices": [{"x": 10.0, "y": 162.0}, {"x": 39.0, "y": 162.0}, {"x": 39.0, "y": 171.0}, {"x": 10.0, "y": 171.0}]}, "description": " Veggie"}, {"boundingPoly": {"vertices": [{"x": 9.0, "y": 171.0}, {"x": 35.0, "y": 171.0}, {"x": 35.0, "y": 180.0}, {"x": 9.0, "y": 180.0}]}, "description": " Wheat"}, {"boundingPoly": {"vertices": [{"x": 10.0, "y": 180.0}, {"x": 34.0, "y": 180.0}, {"x": 34.0, "y": 190.0}, {"x": 10.0, "y": 190.0}]}, "description": " Wheat"}, {"boundingPoly": {"vertices": [{"x": 11.0, "y": 190.0}, {"x": 55.0, "y": 190.0}, {"x": 55.0, "y": 200.0}, {"x": 11.0, "y": 200.0}]}, "description": " 12 oz Lean"}, {"boundingPoly": {"vertices": [{"x": 9.0, "y": 199.0}, {"x": 76.0, "y": 199.0}, {"x": 76.0, "y": 210.0}, {"x": 9.0, "y": 209.0}]}, "description": "Smart Mater 1 L"}, {"boundingPoly": {"vertices": [{"x": 35.0, "y": 151.0}, {"x": 54.0, "y": 151.0}, {"x": 54.0, "y": 161.0}, {"x": 35.0, "y": 161.0}]}, "description": " Side"}, {"boundingPoly": {"vertices": [{"x": 56.0, "y": 151.0}, {"x": 70.0, "y": 151.0}, {"x": 70.0, "y": 161.0}, {"x": 56.0, "y": 161.0}]}, "description": " Up"}, {"boundingPoly": {"vertices": [{"x": 40.0, "y": 162.0}, {"x": 73.0, "y": 162.0}, {"x": 73.0, "y": 171.0}, {"x": 40.0, "y": 171.0}]}, "description": " Sausage"}, {"boundingPoly": {"vertices": [{"x": 36.0, "y": 171.0}, {"x": 59.0, "y": 171.0}, {"x": 59.0, "y": 180.0}, {"x": 36.0, "y": 180.0}]}, "description": " Toast"}, {"boundingPoly": {"vertices": [{"x": 35.0, "y": 180.0}, {"x": 59.0, "y": 180.0}, {"x": 59.0, "y": 190.0}, {"x": 35.0, "y": 190.0}]}, "description": " Toast"}, {"boundingPoly": {"vertices": [{"x": 56.0, "y": 190.0}, {"x": 81.0, "y": 190.0}, {"x": 81.0, "y": 200.0}, {"x": 56.0, "y": 200.0}]}, "description": " Green"}, {"boundingPoly": {"vertices": [{"x": 108.0, "y": 220.0}, {"x": 148.0, "y": 219.0}, {"x": 148.0, "y": 229.0}, {"x": 108.0, "y": 230.0}]}, "description": "Sub Total"}, {"boundingPoly": {"vertices": [{"x": 110.0, "y": 230.0}, {"x": 153.0, "y": 230.0}, {"x": 154.0, "y": 239.0}, {"x": 110.0, "y": 240.0}]}, "description": "Tax Amount"}, {"boundingPoly": {"vertices": [{"x": 166.0, "y": 218.0}, {"x": 188.0, "y": 218.0}, {"x": 188.0, "y": 228.0}, {"x": 166.0, "y": 228.0}]}, "description": "11.49"}, {"boundingPoly": {"vertices": [{"x": 168.0, "y": 229.0}, {"x": 188.0, "y": 229.0}, {"x": 188.0, "y": 238.0}, {"x": 168.0, "y": 238.0}]}, "description": "1.02"}, {"boundingPoly": {"vertices": [{"x": 4.0, "y": 261.0}, {"x": 84.0, "y": 261.0}, {"x": 84.0, "y": 279.0}, {"x": 4.0, "y": 279.0}]}, "description": "Total USD"}, {"boundingPoly": {"vertices": [{"x": 144.0, "y": 261.0}, {"x": 186.0, "y": 260.0}, {"x": 186.0, "y": 277.0}, {"x": 145.0, "y": 277.0}]}, "description": "12.51"}, {"boundingPoly": {"vertices": [{"x": 4.0, "y": 310.0}, {"x": 47.0, "y": 310.0}, {"x": 47.0, "y": 320.0}, {"x": 4.0, "y": 320.0}]}, "description": "5008 AMEX"}, {"boundingPoly": {"vertices": [{"x": 166.0, "y": 309.0}, {"x": 188.0, "y": 309.0}, {"x": 188.0, "y": 319.0}, {"x": 166.0, "y": 319.0}]}, "description": "12.51"}, {"boundingPoly": {"vertices": [{"x": 7.0, "y": 340.0}, {"x": 22.0, "y": 341.0}, {"x": 21.0, "y": 349.0}, {"x": 7.0, "y": 349.0}]}, "description": "Tax"}, {"boundingPoly": {"vertices": [{"x": 4.0, "y": 349.0}, {"x": 15.0, "y": 349.0}, {"x": 15.0, "y": 361.0}, {"x": 4.0, "y": 361.0}]}, "description": " ()"}, {"boundingPoly": {"vertices": [{"x": 76.0, "y": 339.0}, {"x": 107.0, "y": 339.0}, {"x": 107.0, "y": 349.0}, {"x": 76.0, "y": 349.0}]}, "description": " Taxable"}, {"boundingPoly": {"vertices": [{"x": 109.0, "y": 339.0}, {"x": 140.0, "y": 339.0}, {"x": 140.0, "y": 348.0}, {"x": 109.0, "y": 348.0}]}, "description": " Amount"}, {"boundingPoly": {"vertices": [{"x": 114.0, "y": 348.0}, {"x": 137.0, "y": 348.0}, {"x": 137.0, "y": 357.0}, {"x": 114.0, "y": 357.0}]}, "description": "11.49"}, {"boundingPoly": {"vertices": [{"x": 116.0, "y": 358.0}, {"x": 138.0, "y": 358.0}, {"x": 138.0, "y": 368.0}, {"x": 116.0, "y": 368.0}]}, "description": " 0.00"}, {"boundingPoly": {"vertices": [{"x": 143.0, "y": 339.0}, {"x": 158.0, "y": 339.0}, {"x": 158.0, "y": 348.0}, {"x": 143.0, "y": 348.0}]}, "description": " Tax"}, {"boundingPoly": {"vertices": [{"x": 160.0, "y": 339.0}, {"x": 188.0, "y": 339.0}, {"x": 188.0, "y": 348.0}, {"x": 160.0, "y": 348.0}]}, "description": " Amount"}, {"boundingPoly": {"vertices": [{"x": 171.0, "y": 348.0}, {"x": 188.0, "y": 348.0}, {"x": 188.0, "y": 356.0}, {"x": 170.0, "y": 356.0}]}, "description": "1.02"}, {"boundingPoly": {"vertices": [{"x": 169.0, "y": 358.0}, {"x": 189.0, "y": 358.0}, {"x": 188.0, "y": 367.0}, {"x": 169.0, "y": 367.0}]}, "description": "0.00"}, {"boundingPoly": {"vertices": [{"x": 16.0, "y": 349.0}, {"x": 43.0, "y": 349.0}, {"x": 43.0, "y": 360.0}, {"x": 16.0, "y": 360.0}]}, "description": " 8.875"}, {"boundingPoly": {"vertices": [{"x": 5.0, "y": 358.0}, {"x": 114.0, "y": 358.0}, {"x": 114.0, "y": 370.0}, {"x": 5.0, "y": 370.0}]}, "description": " (Sunrise FL - DO NOT USE)"}, {"boundingPoly": {"vertices": [{"x": 3.0, "y": 388.0}, {"x": 188.0, "y": 388.0}, {"x": 188.0, "y": 400.0}, {"x": 3.0, "y": 400.0}]}, "description": " 12/09/2019 09:08 AM #:43837 Op:4049 C:111"}, {"boundingPoly": {"vertices": [{"x": 2.0, "y": 399.0}, {"x": 48.0, "y": 399.0}, {"x": 48.0, "y": 410.0}, {"x": 2.0, "y": 410.0}]}, "description": " 101 S:1111"}, {"boundingPoly": {"vertices": [{"x": 0.0, "y": 410.0}, {"x": 48.0, "y": 410.0}, {"x": 48.0, "y": 420.0}, {"x": 0.0, "y": 420.0}]}, "description": " Served you"}, {"boundingPoly": {"vertices": [{"x": 49.0, "y": 409.0}, {"x": 138.0, "y": 409.0}, {"x": 138.0, "y": 420.0}, {"x": 49.0, "y": 420.0}]}, "description": " : Guadalupe Canarte"}, {"boundingPoly": {"vertices": [{"x": 40.0, "y": 451.0}, {"x": 54.0, "y": 451.0}, {"x": 54.0, "y": 461.0}, {"x": 40.0, "y": 461.0}]}, "description": " ***"}, {"boundingPoly": {"vertices": [{"x": 56.0, "y": 451.0}, {"x": 135.0, "y": 451.0}, {"x": 135.0, "y": 462.0}, {"x": 56.0, "y": 462.0}]}, "description": " Customer copy ***"}, {"boundingPoly": {"vertices": [{"x": 55.0, "y": 471.0}, {"x": 120.0, "y": 471.0}, {"x": 120.0, "y": 482.0}, {"x": 55.0, "y": 483.0}]}, "description": "AMEX NY937 (1)"}, {"boundingPoly": {"vertices": [{"x": 0.0, "y": 494.0}, {"x": 84.0, "y": 493.0}, {"x": 84.0, "y": 503.0}, {"x": 0.0, "y": 504.0}]}, "description": "URCHASE / APPROVED"}, {"boundingPoly": {"vertices": [{"x": 0.0, "y": 505.0}, {"x": 13.0, "y": 505.0}, {"x": 13.0, "y": 514.0}, {"x": 0.0, "y": 514.0}]}, "description": "MEX"}, {"boundingPoly": {"vertices": [{"x": 0.0, "y": 515.0}, {"x": 45.0, "y": 515.0}, {"x": 45.0, "y": 525.0}, {"x": 0.0, "y": 525.0}]}, "description": " **********"}, {"boundingPoly": {"vertices": [{"x": 0.0, "y": 525.0}, {"x": 48.0, "y": 525.0}, {"x": 48.0, "y": 536.0}, {"x": 0.0, "y": 536.0}]}, "description": " ONTACTLESS"}, {"boundingPoly": {"vertices": [{"x": 47.0, "y": 515.0}, {"x": 65.0, "y": 515.0}, {"x": 65.0, "y": 524.0}, {"x": 47.0, "y": 524.0}]}, "description": " 1001"}, {"boundingPoly": {"vertices": [{"x": 50.0, "y": 524.0}, {"x": 89.0, "y": 524.0}, {"x": 89.0, "y": 536.0}, {"x": 50.0, "y": 536.0}]}, "description": " / No CVM"}, {"boundingPoly": {"vertices": [{"x": 0.0, "y": 545.0}, {"x": 85.0, "y": 545.0}, {"x": 85.0, "y": 557.0}, {"x": 0.0, "y": 557.0}]}, "description": " 019/12/09 09:08:25"}, {"boundingPoly": {"vertices": [{"x": 1.0, "y": 557.0}, {"x": 13.0, "y": 557.0}, {"x": 13.0, "y": 568.0}, {"x": 1.0, "y": 569.0}]}, "description": "ID"}, {"boundingPoly": {"vertices": [{"x": 0.0, "y": 568.0}, {"x": 12.0, "y": 567.0}, {"x": 13.0, "y": 577.0}, {"x": 0.0, "y": 578.0}]}, "description": "AID"}, {"boundingPoly": {"vertices": [{"x": 0.0, "y": 578.0}, {"x": 39.0, "y": 577.0}, {"x": 40.0, "y": 587.0}, {"x": 0.0, "y": 589.0}]}, "description": "REFERENCE"}, {"boundingPoly": {"vertices": [{"x": 0.0, "y": 588.0}, {"x": 39.0, "y": 587.0}, {"x": 40.0, "y": 597.0}, {"x": 0.0, "y": 599.0}]}, "description": "AUTH CODE"}, {"boundingPoly": {"vertices": [{"x": 0.0, "y": 608.0}, {"x": 22.0, "y": 607.0}, {"x": 22.0, "y": 617.0}, {"x": 0.0, "y": 618.0}]}, "description": "TOTAL"}, {"boundingPoly": {"vertices": [{"x": 141.0, "y": 555.0}, {"x": 178.0, "y": 556.0}, {"x": 178.0, "y": 565.0}, {"x": 141.0, "y": 564.0}]}, "description": "**** 6030"}, {"boundingPoly": {"vertices": [{"x": 145.0, "y": 565.0}, {"x": 179.0, "y": 565.0}, {"x": 179.0, "y": 575.0}, {"x": 145.0, "y": 575.0}]}, "description": "6634459"}, {"boundingPoly": {"vertices": [{"x": 65.0, "y": 575.0}, {"x": 179.0, "y": 575.0}, {"x": 178.0, "y": 586.0}, {"x": 65.0, "y": 585.0}]}, "description": "S1111T111101#438370551877"}, {"boundingPoly": {"vertices": [{"x": 149.0, "y": 586.0}, {"x": 178.0, "y": 586.0}, {"x": 178.0, "y": 596.0}, {"x": 149.0, "y": 596.0}]}, "description": "525047"}, {"boundingPoly": {"vertices": [{"x": 140.0, "y": 606.0}, {"x": 176.0, "y": 606.0}, {"x": 176.0, "y": 615.0}, {"x": 140.0, "y": 615.0}]}, "description": "USD12.51"}]}