{"textAnnotations": [{"boundingPoly": {"vertices": [{"x": 73.0, "y": 151.0}, {"x": 568.0, "y": 178.0}, {"x": 567.0, "y": 210.0}, {"x": 71.0, "y": 182.0}]}, "description": "merchant name"}, {"boundingPoly": {"vertices": [{"x": 386.0, "y": 222.0}, {"x": 626.0, "y": 228.0}, {"x": 625.0, "y": 254.0}, {"x": 385.0, "y": 247.0}]}, "description": "November 5, 2019"}, {"boundingPoly": {"vertices": [{"x": 522.0, "y": 264.0}, {"x": 624.0, "y": 264.0}, {"x": 624.0, "y": 290.0}, {"x": 522.0, "y": 290.0}]}, "description": " 8:14 AM"}, {"boundingPoly": {"vertices": [{"x": 74.0, "y": 205.0}, {"x": 325.0, "y": 215.0}, {"x": 324.0, "y": 244.0}, {"x": 74.0, "y": 232.0}]}, "description": "merchant address"}, {"boundingPoly": {"vertices": [{"x": 73.0, "y": 245.0}, {"x": 263.0, "y": 252.0}, {"x": 261.0, "y": 281.0}, {"x": 72.0, "y": 272.0}]}, "description": "merchant address"}, {"boundingPoly": {"vertices": [{"x": 75.0, "y": 286.0}, {"x": 159.0, "y": 288.0}, {"x": 158.0, "y": 314.0}, {"x": 75.0, "y": 312.0}]}, "description": "merchant address"}, {"boundingPoly": {"vertices": [{"x": 281.0, "y": 371.0}, {"x": 441.0, "y": 376.0}, {"x": 440.0, "y": 404.0}, {"x": 280.0, "y": 399.0}]}, "description": "PURCHASE"}, {"boundingPoly": {"vertices": [{"x": 75.0, "y": 440.0}, {"x": 196.0, "y": 440.0}, {"x": 196.0, "y": 478.0}, {"x": 75.0, "y": 478.0}]}, "description": " Receipt:"}, {"boundingPoly": {"vertices": [{"x": 80.0, "y": 484.0}, {"x": 176.0, "y": 484.0}, {"x": 176.0, "y": 519.0}, {"x": 80.0, "y": 519.0}]}, "description": " Ticket:"}, {"boundingPoly": {"vertices": [{"x": 82.0, "y": 528.0}, {"x": 278.0, "y": 528.0}, {"x": 278.0, "y": 562.0}, {"x": 82.0, "y": 562.0}]}, "description": " Authorization:"}, {"boundingPoly": {"vertices": [{"x": 202.0, "y": 443.0}, {"x": 280.0, "y": 443.0}, {"x": 280.0, "y": 479.0}, {"x": 202.0, "y": 479.0}]}, "description": " VYnX"}, {"boundingPoly": {"vertices": [{"x": 283.0, "y": 532.0}, {"x": 388.0, "y": 532.0}, {"x": 388.0, "y": 565.0}, {"x": 283.0, "y": 565.0}]}, "description": " 842874"}, {"boundingPoly": {"vertices": [{"x": 85.0, "y": 612.0}, {"x": 383.0, "y": 615.0}, {"x": 383.0, "y": 645.0}, {"x": 85.0, "y": 641.0}]}, "description": "AMERICAN EXPRESS"}, {"boundingPoly": {"vertices": [{"x": 89.0, "y": 655.0}, {"x": 468.0, "y": 657.0}, {"x": 467.0, "y": 687.0}, {"x": 88.0, "y": 684.0}]}, "description": "AID A0 00 00 00 25 01 08 01"}, {"boundingPoly": {"vertices": [{"x": 315.0, "y": 733.0}, {"x": 436.0, "y": 733.0}, {"x": 436.0, "y": 755.0}, {"x": 315.0, "y": 756.0}]}, "description": "FOR HERE"}, {"boundingPoly": {"vertices": [{"x": 96.0, "y": 798.0}, {"x": 454.0, "y": 802.0}, {"x": 453.0, "y": 829.0}, {"x": 96.0, "y": 825.0}]}, "description": "CHOCOLATE CROISSANT"}, {"boundingPoly": {"vertices": [{"x": 100.0, "y": 847.0}, {"x": 268.0, "y": 847.0}, {"x": 268.0, "y": 881.0}, {"x": 100.0, "y": 880.0}]}, "description": "Cappuccino"}, {"boundingPoly": {"vertices": [{"x": 104.0, "y": 895.0}, {"x": 259.0, "y": 895.0}, {"x": 259.0, "y": 923.0}, {"x": 104.0, "y": 924.0}]}, "description": "FRUIT CUP"}, {"boundingPoly": {"vertices": [{"x": 104.0, "y": 945.0}, {"x": 321.0, "y": 945.0}, {"x": 321.0, "y": 974.0}, {"x": 104.0, "y": 975.0}]}, "description": "Khea's Cookies"}, {"boundingPoly": {"vertices": [{"x": 577.0, "y": 805.0}, {"x": 651.0, "y": 805.0}, {"x": 651.0, "y": 830.0}, {"x": 577.0, "y": 830.0}]}, "description": "$4.25"}, {"boundingPoly": {"vertices": [{"x": 578.0, "y": 849.0}, {"x": 653.0, "y": 849.0}, {"x": 653.0, "y": 875.0}, {"x": 578.0, "y": 875.0}]}, "description": "$4.25"}, {"boundingPoly": {"vertices": [{"x": 581.0, "y": 902.0}, {"x": 655.0, "y": 902.0}, {"x": 656.0, "y": 927.0}, {"x": 581.0, "y": 928.0}]}, "description": "$6.00"}, {"boundingPoly": {"vertices": [{"x": 582.0, "y": 950.0}, {"x": 660.0, "y": 949.0}, {"x": 660.0, "y": 977.0}, {"x": 582.0, "y": 977.0}]}, "description": "$4.25"}, {"boundingPoly": {"vertices": [{"x": 103.0, "y": 1039.0}, {"x": 224.0, "y": 1038.0}, {"x": 224.0, "y": 1071.0}, {"x": 103.0, "y": 1073.0}]}, "description": "Subtotal"}, {"boundingPoly": {"vertices": [{"x": 105.0, "y": 1080.0}, {"x": 309.0, "y": 1077.0}, {"x": 310.0, "y": 1106.0}, {"x": 105.0, "y": 1109.0}]}, "description": "NYC Sales Tax"}, {"boundingPoly": {"vertices": [{"x": 572.0, "y": 1032.0}, {"x": 665.0, "y": 1032.0}, {"x": 665.0, "y": 1065.0}, {"x": 571.0, "y": 1064.0}]}, "description": "$18.75"}, {"boundingPoly": {"vertices": [{"x": 590.0, "y": 1073.0}, {"x": 667.0, "y": 1072.0}, {"x": 666.0, "y": 1100.0}, {"x": 590.0, "y": 1102.0}]}, "description": "$1.66"}, {"boundingPoly": {"vertices": [{"x": 106.0, "y": 1172.0}, {"x": 179.0, "y": 1171.0}, {"x": 179.0, "y": 1200.0}, {"x": 106.0, "y": 1200.0}]}, "description": "Total"}, {"boundingPoly": {"vertices": [{"x": 105.0, "y": 1211.0}, {"x": 533.0, "y": 1200.0}, {"x": 534.0, "y": 1235.0}, {"x": 105.0, "y": 1247.0}]}, "description": "American Express 5002 (Chip)"}, {"boundingPoly": {"vertices": [{"x": 562.0, "y": 1157.0}, {"x": 674.0, "y": 1154.0}, {"x": 675.0, "y": 1187.0}, {"x": 563.0, "y": 1191.0}]}, "description": "$20.41"}, {"boundingPoly": {"vertices": [{"x": 583.0, "y": 1202.0}, {"x": 675.0, "y": 1199.0}, {"x": 676.0, "y": 1227.0}, {"x": 584.0, "y": 1230.0}]}, "description": "$20.41"}]}