{"textAnnotations": [{"boundingPoly": {"vertices": [{"x": 973.0, "y": 602.0}, {"x": 1364.0, "y": 615.0}, {"x": 1363.0, "y": 663.0}, {"x": 971.0, "y": 650.0}]}, "description": "merchant name"}, {"boundingPoly": {"vertices": [{"x": 1051.0, "y": 695.0}, {"x": 1269.0, "y": 701.0}, {"x": 1268.0, "y": 747.0}, {"x": 1050.0, "y": 741.0}]}, "description": "merchant address"}, {"boundingPoly": {"vertices": [{"x": 904.0, "y": 643.0}, {"x": 1404.0, "y": 659.0}, {"x": 1403.0, "y": 707.0}, {"x": 903.0, "y": 691.0}]}, "description": "merchant address"}, {"boundingPoly": {"vertices": [{"x": 877.0, "y": 728.0}, {"x": 1474.0, "y": 737.0}, {"x": 1473.0, "y": 789.0}, {"x": 876.0, "y": 783.0}]}, "description": "merchant phone"}, {"boundingPoly": {"vertices": [{"x": 796.0, "y": 864.0}, {"x": 1024.0, "y": 864.0}, {"x": 1024.0, "y": 913.0}, {"x": 796.0, "y": 913.0}]}, "description": " TERMINAL I.D."}, {"boundingPoly": {"vertices": [{"x": 797.0, "y": 911.0}, {"x": 999.0, "y": 911.0}, {"x": 999.0, "y": 952.0}, {"x": 797.0, "y": 952.0}]}, "description": " MERCHANT #:"}, {"boundingPoly": {"vertices": [{"x": 1030.0, "y": 869.0}, {"x": 1047.0, "y": 869.0}, {"x": 1047.0, "y": 913.0}, {"x": 1030.0, "y": 913.0}]}, "description": " :"}, {"boundingPoly": {"vertices": [{"x": 1505.0, "y": 864.0}, {"x": 1543.0, "y": 863.0}, {"x": 1542.0, "y": 895.0}, {"x": 1504.0, "y": 897.0}]}, "description": "47"}, {"boundingPoly": {"vertices": [{"x": 1346.0, "y": 914.0}, {"x": 1545.0, "y": 906.0}, {"x": 1546.0, "y": 944.0}, {"x": 1346.0, "y": 954.0}]}, "description": "04418184744"}, {"boundingPoly": {"vertices": [{"x": 801.0, "y": 1000.0}, {"x": 879.0, "y": 1000.0}, {"x": 877.0, "y": 1036.0}, {"x": 801.0, "y": 1037.0}]}, "description": "CR"}, {"boundingPoly": {"vertices": [{"x": 801.0, "y": 1043.0}, {"x": 1158.0, "y": 1043.0}, {"x": 1158.0, "y": 1090.0}, {"x": 801.0, "y": 1090.0}]}, "description": " EXP .:*****"}, {"boundingPoly": {"vertices": [{"x": 1017.0, "y": 1000.0}, {"x": 1540.0, "y": 992.0}, {"x": 1541.0, "y": 1039.0}, {"x": 1018.0, "y": 1045.0}]}, "description": "379040 ***** 1001"}, {"boundingPoly": {"vertices": [{"x": 1403.0, "y": 1040.0}, {"x": 1541.0, "y": 1035.0}, {"x": 1543.0, "y": 1080.0}, {"x": 1403.0, "y": 1084.0}]}, "description": "CHIP"}, {"boundingPoly": {"vertices": [{"x": 982.0, "y": 1134.0}, {"x": 1547.0, "y": 1126.0}, {"x": 1547.0, "y": 1173.0}, {"x": 983.0, "y": 1179.0}]}, "description": "AMERICAN EXPRESS"}, {"boundingPoly": {"vertices": [{"x": 806.0, "y": 1173.0}, {"x": 1154.0, "y": 1176.0}, {"x": 1153.0, "y": 1219.0}, {"x": 805.0, "y": 1217.0}]}, "description": "[ PURCHASE]"}, {"boundingPoly": {"vertices": [{"x": 799.0, "y": 1264.0}, {"x": 1015.0, "y": 1264.0}, {"x": 1015.0, "y": 1304.0}, {"x": 799.0, "y": 1304.0}]}, "description": " BATCH:"}, {"boundingPoly": {"vertices": [{"x": 802.0, "y": 1305.0}, {"x": 1130.0, "y": 1306.0}, {"x": 1130.0, "y": 1348.0}, {"x": 802.0, "y": 1345.0}]}, "description": "DATE (MM/DD/YY)"}, {"boundingPoly": {"vertices": [{"x": 811.0, "y": 1350.0}, {"x": 980.0, "y": 1350.0}, {"x": 980.0, "y": 1389.0}, {"x": 811.0, "y": 1389.0}]}, "description": " TIME:"}, {"boundingPoly": {"vertices": [{"x": 810.0, "y": 1394.0}, {"x": 1048.0, "y": 1394.0}, {"x": 1048.0, "y": 1432.0}, {"x": 810.0, "y": 1432.0}]}, "description": " TRACE#:"}, {"boundingPoly": {"vertices": [{"x": 808.0, "y": 1438.0}, {"x": 1012.0, "y": 1438.0}, {"x": 1012.0, "y": 1479.0}, {"x": 808.0, "y": 1479.0}]}, "description": " AUTH#:"}, {"boundingPoly": {"vertices": [{"x": 802.0, "y": 1481.0}, {"x": 974.0, "y": 1481.0}, {"x": 974.0, "y": 1521.0}, {"x": 802.0, "y": 1521.0}]}, "description": " REF#:"}, {"boundingPoly": {"vertices": [{"x": 1324.0, "y": 1262.0}, {"x": 1542.0, "y": 1258.0}, {"x": 1543.0, "y": 1303.0}, {"x": 1325.0, "y": 1305.0}]}, "description": "000042"}, {"boundingPoly": {"vertices": [{"x": 1259.0, "y": 1308.0}, {"x": 1549.0, "y": 1301.0}, {"x": 1550.0, "y": 1344.0}, {"x": 1260.0, "y": 1351.0}]}, "description": "10/28/19"}, {"boundingPoly": {"vertices": [{"x": 1329.0, "y": 1390.0}, {"x": 1548.0, "y": 1388.0}, {"x": 1549.0, "y": 1432.0}, {"x": 1330.0, "y": 1433.0}]}, "description": "013365"}, {"boundingPoly": {"vertices": [{"x": 1263.0, "y": 1344.0}, {"x": 1545.0, "y": 1344.0}, {"x": 1545.0, "y": 1389.0}, {"x": 1263.0, "y": 1389.0}]}, "description": " 18:37:33"}, {"boundingPoly": {"vertices": [{"x": 1333.0, "y": 1434.0}, {"x": 1554.0, "y": 1429.0}, {"x": 1555.0, "y": 1471.0}, {"x": 1334.0, "y": 1476.0}]}, "description": "874375"}, {"boundingPoly": {"vertices": [{"x": 1123.0, "y": 1479.0}, {"x": 1550.0, "y": 1473.0}, {"x": 1550.0, "y": 1513.0}, {"x": 1123.0, "y": 1518.0}]}, "description": "102800013365"}, {"boundingPoly": {"vertices": [{"x": 805.0, "y": 1569.0}, {"x": 958.0, "y": 1569.0}, {"x": 958.0, "y": 1612.0}, {"x": 805.0, "y": 1612.0}]}, "description": " AID:"}, {"boundingPoly": {"vertices": [{"x": 815.0, "y": 1612.0}, {"x": 949.0, "y": 1612.0}, {"x": 949.0, "y": 1651.0}, {"x": 815.0, "y": 1651.0}]}, "description": " TVR:"}, {"boundingPoly": {"vertices": [{"x": 812.0, "y": 1654.0}, {"x": 943.0, "y": 1654.0}, {"x": 943.0, "y": 1695.0}, {"x": 812.0, "y": 1695.0}]}, "description": " TSI:"}, {"boundingPoly": {"vertices": [{"x": 986.0, "y": 1566.0}, {"x": 1542.0, "y": 1566.0}, {"x": 1542.0, "y": 1608.0}, {"x": 986.0, "y": 1608.0}]}, "description": " A000000025010801"}, {"boundingPoly": {"vertices": [{"x": 1189.0, "y": 1607.0}, {"x": 1545.0, "y": 1607.0}, {"x": 1545.0, "y": 1646.0}, {"x": 1189.0, "y": 1646.0}]}, "description": "0000008000"}, {"boundingPoly": {"vertices": [{"x": 1405.0, "y": 1651.0}, {"x": 1546.0, "y": 1650.0}, {"x": 1546.0, "y": 1692.0}, {"x": 1405.0, "y": 1692.0}]}, "description": "F800"}, {"boundingPoly": {"vertices": [{"x": 1439.0, "y": 1778.0}, {"x": 1549.0, "y": 1785.0}, {"x": 1547.0, "y": 1825.0}, {"x": 1435.0, "y": 1818.0}]}, "description": "USD"}, {"boundingPoly": {"vertices": [{"x": 811.0, "y": 1830.0}, {"x": 956.0, "y": 1827.0}, {"x": 957.0, "y": 1869.0}, {"x": 812.0, "y": 1872.0}]}, "description": "BASE"}, {"boundingPoly": {"vertices": [{"x": 1336.0, "y": 1821.0}, {"x": 1544.0, "y": 1826.0}, {"x": 1543.0, "y": 1866.0}, {"x": 1335.0, "y": 1861.0}]}, "description": "$49.53"}, {"boundingPoly": {"vertices": [{"x": 813.0, "y": 1923.0}, {"x": 923.0, "y": 1920.0}, {"x": 923.0, "y": 1959.0}, {"x": 813.0, "y": 1963.0}]}, "description": "TIP"}, {"boundingPoly": {"vertices": [{"x": 811.0, "y": 2010.0}, {"x": 991.0, "y": 2006.0}, {"x": 992.0, "y": 2049.0}, {"x": 812.0, "y": 2053.0}]}, "description": "TOTAL"}, {"boundingPoly": {"vertices": [{"x": 808.0, "y": 2174.0}, {"x": 1518.0, "y": 2165.0}, {"x": 1519.0, "y": 2225.0}, {"x": 809.0, "y": 2239.0}]}, "description": "APPROVED - THANK YOU"}, {"boundingPoly": {"vertices": [{"x": 813.0, "y": 2367.0}, {"x": 983.0, "y": 2366.0}, {"x": 983.0, "y": 2412.0}, {"x": 814.0, "y": 2413.0}]}, "description": "SIGN X ---"}, {"boundingPoly": {"vertices": [{"x": 904.0, "y": 2394.0}, {"x": 1457.0, "y": 2378.0}, {"x": 1460.0, "y": 2438.0}, {"x": 904.0, "y": 2453.0}]}, "description": "I AGREE TO PAY THE ABOVE AMOUNT."}, {"boundingPoly": {"vertices": [{"x": 922.0, "y": 2482.0}, {"x": 1437.0, "y": 2461.0}, {"x": 1439.0, "y": 2520.0}, {"x": 923.0, "y": 2536.0}]}, "description": "THANK YOU. PLEASE COME AGAIN."}, {"boundingPoly": {"vertices": [{"x": 957.0, "y": 2564.0}, {"x": 1415.0, "y": 2544.0}, {"x": 1416.0, "y": 2598.0}, {"x": 959.0, "y": 2615.0}]}, "description": "CUSTOMER COPY"}, {"boundingPoly": {"vertices": [{"x": 882.0, "y": 2525.0}, {"x": 1473.0, "y": 2509.0}, {"x": 1475.0, "y": 2564.0}, {"x": 883.0, "y": 2582.0}]}, "description": "RETAIN THIS COPY FOR YOUR RECORDS"}]}