{"textAnnotations": [{"boundingPoly": {"vertices": [{"x": 40.0, "y": 212.0}, {"x": 313.0, "y": 211.0}, {"x": 314.0, "y": 236.0}, {"x": 40.0, "y": 238.0}]}, "description": "merchant name"}, {"boundingPoly": {"vertices": [{"x": 41.0, "y": 245.0}, {"x": 273.0, "y": 243.0}, {"x": 274.0, "y": 269.0}, {"x": 42.0, "y": 271.0}]}, "description": "merchant address"}, {"boundingPoly": {"vertices": [{"x": 40.0, "y": 278.0}, {"x": 223.0, "y": 276.0}, {"x": 223.0, "y": 303.0}, {"x": 40.0, "y": 305.0}]}, "description": "merchant address"}, {"boundingPoly": {"vertices": [{"x": 39.0, "y": 310.0}, {"x": 274.0, "y": 308.0}, {"x": 274.0, "y": 334.0}, {"x": 39.0, "y": 337.0}]}, "description": "ABN 36 422 880 300"}, {"boundingPoly": {"vertices": [{"x": 42.0, "y": 341.0}, {"x": 325.0, "y": 340.0}, {"x": 325.0, "y": 367.0}, {"x": 42.0, "y": 368.0}]}, "description": "TAX INVOICE"}, {"boundingPoly": {"vertices": [{"x": 322.0, "y": 372.0}, {"x": 454.0, "y": 372.0}, {"x": 454.0, "y": 398.0}, {"x": 322.0, "y": 398.0}]}, "description": " TIME 10:57"}, {"boundingPoly": {"vertices": [{"x": 41.0, "y": 374.0}, {"x": 320.0, "y": 373.0}, {"x": 320.0, "y": 399.0}, {"x": 41.0, "y": 400.0}]}, "description": "DATE 04/11/2019 MON"}, {"boundingPoly": {"vertices": [{"x": 41.0, "y": 438.0}, {"x": 132.0, "y": 438.0}, {"x": 132.0, "y": 463.0}, {"x": 41.0, "y": 464.0}]}, "description": "MISC T1"}, {"boundingPoly": {"vertices": [{"x": 45.0, "y": 469.0}, {"x": 109.0, "y": 469.0}, {"x": 109.0, "y": 494.0}, {"x": 45.0, "y": 494.0}]}, "description": "TOTAL"}, {"boundingPoly": {"vertices": [{"x": 44.0, "y": 501.0}, {"x": 99.0, "y": 500.0}, {"x": 99.0, "y": 524.0}, {"x": 44.0, "y": 525.0}]}, "description": "CASH"}, {"boundingPoly": {"vertices": [{"x": 48.0, "y": 532.0}, {"x": 85.0, "y": 532.0}, {"x": 85.0, "y": 555.0}, {"x": 47.0, "y": 554.0}]}, "description": "GST"}, {"boundingPoly": {"vertices": [{"x": 50.0, "y": 561.0}, {"x": 119.0, "y": 561.0}, {"x": 119.0, "y": 584.0}, {"x": 50.0, "y": 584.0}]}, "description": " CLERK"}, {"boundingPoly": {"vertices": [{"x": 375.0, "y": 436.0}, {"x": 453.0, "y": 436.0}, {"x": 453.0, "y": 461.0}, {"x": 375.0, "y": 461.0}]}, "description": "$18.00"}, {"boundingPoly": {"vertices": [{"x": 373.0, "y": 468.0}, {"x": 452.0, "y": 468.0}, {"x": 452.0, "y": 492.0}, {"x": 373.0, "y": 493.0}]}, "description": "$18.00"}, {"boundingPoly": {"vertices": [{"x": 372.0, "y": 500.0}, {"x": 451.0, "y": 500.0}, {"x": 452.0, "y": 524.0}, {"x": 372.0, "y": 525.0}]}, "description": "$18.00"}, {"boundingPoly": {"vertices": [{"x": 386.0, "y": 531.0}, {"x": 451.0, "y": 531.0}, {"x": 452.0, "y": 555.0}, {"x": 386.0, "y": 556.0}]}, "description": "$1.64"}, {"boundingPoly": {"vertices": [{"x": 386.0, "y": 561.0}, {"x": 450.0, "y": 560.0}, {"x": 451.0, "y": 582.0}, {"x": 386.0, "y": 583.0}]}, "description": "00000"}, {"boundingPoly": {"vertices": [{"x": 124.0, "y": 561.0}, {"x": 136.0, "y": 561.0}, {"x": 136.0, "y": 584.0}, {"x": 124.0, "y": 584.0}]}, "description": " 1"}, {"boundingPoly": {"vertices": [{"x": 272.0, "y": 560.0}, {"x": 350.0, "y": 560.0}, {"x": 350.0, "y": 584.0}, {"x": 272.0, "y": 584.0}]}, "description": "215379"}]}