{"textAnnotations": [{"boundingPoly": {"vertices": [{"x": 15.0, "y": 19.0}, {"x": 50.0, "y": 20.0}, {"x": 49.0, "y": 29.0}, {"x": 14.0, "y": 28.0}]}, "description": "merchant name"}, {"boundingPoly": {"vertices": [{"x": 14.0, "y": 48.0}, {"x": 39.0, "y": 48.0}, {"x": 39.0, "y": 58.0}, {"x": 14.0, "y": 58.0}]}, "description": " Thanks"}, {"boundingPoly": {"vertices": [{"x": 41.0, "y": 49.0}, {"x": 52.0, "y": 49.0}, {"x": 52.0, "y": 58.0}, {"x": 41.0, "y": 58.0}]}, "description": " for"}, {"boundingPoly": {"vertices": [{"x": 54.0, "y": 49.0}, {"x": 100.0, "y": 49.0}, {"x": 100.0, "y": 58.0}, {"x": 54.0, "y": 58.0}]}, "description": " your order!"}, {"boundingPoly": {"vertices": [{"x": 121.0, "y": 47.0}, {"x": 156.0, "y": 47.0}, {"x": 156.0, "y": 54.0}, {"x": 121.0, "y": 54.0}]}, "description": "Order Details"}, {"boundingPoly": {"vertices": [{"x": 14.0, "y": 75.0}, {"x": 59.0, "y": 75.0}, {"x": 59.0, "y": 83.0}, {"x": 14.0, "y": 83.0}]}, "description": " Order number:"}, {"boundingPoly": {"vertices": [{"x": 14.0, "y": 85.0}, {"x": 50.0, "y": 85.0}, {"x": 50.0, "y": 93.0}, {"x": 14.0, "y": 93.0}]}, "description": "388282305"}, {"boundingPoly": {"vertices": [{"x": 116.0, "y": 68.0}, {"x": 153.0, "y": 68.0}, {"x": 153.0, "y": 77.0}, {"x": 116.0, "y": 76.0}]}, "description": "Order Type"}, {"boundingPoly": {"vertices": [{"x": 201.0, "y": 69.0}, {"x": 254.0, "y": 68.0}, {"x": 254.0, "y": 76.0}, {"x": 201.0, "y": 76.0}]}, "description": "Delivery Address"}, {"boundingPoly": {"vertices": [{"x": 117.0, "y": 94.0}, {"x": 142.0, "y": 94.0}, {"x": 142.0, "y": 101.0}, {"x": 117.0, "y": 101.0}]}, "description": "Delivery"}, {"boundingPoly": {"vertices": [{"x": 201.0, "y": 89.0}, {"x": 232.0, "y": 89.0}, {"x": 232.0, "y": 97.0}, {"x": 201.0, "y": 97.0}]}, "description": " (American"}, {"boundingPoly": {"vertices": [{"x": 201.0, "y": 98.0}, {"x": 241.0, "y": 99.0}, {"x": 241.0, "y": 107.0}, {"x": 201.0, "y": 106.0}]}, "description": "Blvd [Bidg 4]"}, {"boundingPoly": {"vertices": [{"x": 202.0, "y": 109.0}, {"x": 235.0, "y": 109.0}, {"x": 235.0, "y": 117.0}, {"x": 202.0, "y": 117.0}]}, "description": " Scottsdale,"}, {"boundingPoly": {"vertices": [{"x": 201.0, "y": 118.0}, {"x": 241.0, "y": 118.0}, {"x": 241.0, "y": 126.0}, {"x": 201.0, "y": 126.0}]}, "description": "6023500438"}, {"boundingPoly": {"vertices": [{"x": 234.0, "y": 89.0}, {"x": 259.0, "y": 89.0}, {"x": 259.0, "y": 97.0}, {"x": 234.0, "y": 97.0}]}, "description": " Express)"}, {"boundingPoly": {"vertices": [{"x": 260.0, "y": 89.0}, {"x": 308.0, "y": 89.0}, {"x": 308.0, "y": 97.0}, {"x": 260.0, "y": 97.0}]}, "description": " 12660 N Tatum"}, {"boundingPoly": {"vertices": [{"x": 117.0, "y": 114.0}, {"x": 133.0, "y": 114.0}, {"x": 133.0, "y": 122.0}, {"x": 117.0, "y": 122.0}]}, "description": " Date:"}, {"boundingPoly": {"vertices": [{"x": 135.0, "y": 114.0}, {"x": 172.0, "y": 114.0}, {"x": 172.0, "y": 122.0}, {"x": 135.0, "y": 122.0}]}, "description": " 12/10/2019"}, {"boundingPoly": {"vertices": [{"x": 236.0, "y": 109.0}, {"x": 266.0, "y": 109.0}, {"x": 266.0, "y": 117.0}, {"x": 236.0, "y": 117.0}]}, "description": " AZ 85254"}, {"boundingPoly": {"vertices": [{"x": 15.0, "y": 126.0}, {"x": 91.0, "y": 126.0}, {"x": 91.0, "y": 134.0}, {"x": 15.0, "y": 134.0}]}, "description": "Please contact us at 480"}, {"boundingPoly": {"vertices": [{"x": 14.0, "y": 136.0}, {"x": 94.0, "y": 136.0}, {"x": 94.0, "y": 145.0}, {"x": 14.0, "y": 144.0}]}, "description": "merchant phone"}, {"boundingPoly": {"vertices": [{"x": 13.0, "y": 147.0}, {"x": 100.0, "y": 147.0}, {"x": 100.0, "y": 156.0}, {"x": 13.0, "y": 156.0}]}, "description": "assistance with your order."}, {"boundingPoly": {"vertices": [{"x": 117.0, "y": 129.0}, {"x": 155.0, "y": 129.0}, {"x": 155.0, "y": 136.0}, {"x": 117.0, "y": 136.0}]}, "description": " Time Ready:"}, {"boundingPoly": {"vertices": [{"x": 117.0, "y": 139.0}, {"x": 146.0, "y": 139.0}, {"x": 146.0, "y": 147.0}, {"x": 117.0, "y": 147.0}]}, "description": " 11:00 AM"}, {"boundingPoly": {"vertices": [{"x": 156.0, "y": 129.0}, {"x": 191.0, "y": 129.0}, {"x": 191.0, "y": 136.0}, {"x": 156.0, "y": 136.0}]}, "description": " 10:45 AM -"}, {"boundingPoly": {"vertices": [{"x": 117.0, "y": 167.0}, {"x": 182.0, "y": 167.0}, {"x": 182.0, "y": 175.0}, {"x": 117.0, "y": 175.0}]}, "description": " Delivery Instructions:"}, {"boundingPoly": {"vertices": [{"x": 183.0, "y": 167.0}, {"x": 295.0, "y": 167.0}, {"x": 295.0, "y": 175.0}, {"x": 183.0, "y": 175.0}]}, "description": "merchant address"}, {"boundingPoly": {"vertices": [{"x": 17.0, "y": 179.0}, {"x": 97.0, "y": 180.0}, {"x": 97.0, "y": 194.0}, {"x": 17.0, "y": 194.0}]}, "description": "MyPanera"}, {"boundingPoly": {"vertices": [{"x": 119.0, "y": 188.0}, {"x": 224.0, "y": 188.0}, {"x": 224.0, "y": 196.0}, {"x": 119.0, "y": 196.0}]}, "description": "Follow your delivery status online"}, {"boundingPoly": {"vertices": [{"x": 119.0, "y": 201.0}, {"x": 129.0, "y": 201.0}, {"x": 129.0, "y": 209.0}, {"x": 119.0, "y": 209.0}]}, "description": " Our"}, {"boundingPoly": {"vertices": [{"x": 118.0, "y": 211.0}, {"x": 155.0, "y": 211.0}, {"x": 155.0, "y": 219.0}, {"x": 118.0, "y": 219.0}]}, "description": " notifications"}, {"boundingPoly": {"vertices": [{"x": 130.0, "y": 201.0}, {"x": 144.0, "y": 201.0}, {"x": 144.0, "y": 209.0}, {"x": 130.0, "y": 209.0}]}, "description": " new"}, {"boundingPoly": {"vertices": [{"x": 145.0, "y": 201.0}, {"x": 162.0, "y": 201.0}, {"x": 162.0, "y": 209.0}, {"x": 145.0, "y": 209.0}]}, "description": " order"}, {"boundingPoly": {"vertices": [{"x": 163.0, "y": 201.0}, {"x": 223.0, "y": 201.0}, {"x": 223.0, "y": 209.0}, {"x": 163.0, "y": 209.0}]}, "description": " tracking exp\u00e9rience"}, {"boundingPoly": {"vertices": [{"x": 157.0, "y": 211.0}, {"x": 164.0, "y": 211.0}, {"x": 164.0, "y": 219.0}, {"x": 157.0, "y": 219.0}]}, "description": " so"}, {"boundingPoly": {"vertices": [{"x": 224.0, "y": 201.0}, {"x": 235.0, "y": 201.0}, {"x": 235.0, "y": 209.0}, {"x": 224.0, "y": 209.0}]}, "description": " will"}, {"boundingPoly": {"vertices": [{"x": 200.0, "y": 211.0}, {"x": 270.0, "y": 211.0}, {"x": 270.0, "y": 219.0}, {"x": 200.0, "y": 219.0}]}, "description": " know where your order"}, {"boundingPoly": {"vertices": [{"x": 236.0, "y": 201.0}, {"x": 261.0, "y": 201.0}, {"x": 261.0, "y": 209.0}, {"x": 236.0, "y": 209.0}]}, "description": " give you"}, {"boundingPoly": {"vertices": [{"x": 262.0, "y": 201.0}, {"x": 292.0, "y": 201.0}, {"x": 292.0, "y": 209.0}, {"x": 262.0, "y": 209.0}]}, "description": " real-time"}, {"boundingPoly": {"vertices": [{"x": 16.0, "y": 210.0}, {"x": 95.0, "y": 210.0}, {"x": 95.0, "y": 220.0}, {"x": 16.0, "y": 220.0}]}, "description": "Join MyPanera and"}, {"boundingPoly": {"vertices": [{"x": 68.0, "y": 220.0}, {"x": 100.0, "y": 220.0}, {"x": 100.0, "y": 231.0}, {"x": 68.0, "y": 231.0}]}, "description": " reward"}, {"boundingPoly": {"vertices": [{"x": 46.0, "y": 230.0}, {"x": 94.0, "y": 230.0}, {"x": 94.0, "y": 240.0}, {"x": 46.0, "y": 240.0}]}, "description": " signing up!"}, {"boundingPoly": {"vertices": [{"x": 43.0, "y": 247.0}, {"x": 74.0, "y": 247.0}, {"x": 74.0, "y": 256.0}, {"x": 43.0, "y": 256.0}]}, "description": "JOIN NOW"}, {"boundingPoly": {"vertices": [{"x": 166.0, "y": 211.0}, {"x": 177.0, "y": 211.0}, {"x": 177.0, "y": 219.0}, {"x": 166.0, "y": 219.0}]}, "description": " you"}, {"boundingPoly": {"vertices": [{"x": 178.0, "y": 211.0}, {"x": 198.0, "y": 211.0}, {"x": 198.0, "y": 219.0}, {"x": 178.0, "y": 219.0}]}, "description": " always"}, {"boundingPoly": {"vertices": [{"x": 272.0, "y": 211.0}, {"x": 281.0, "y": 211.0}, {"x": 281.0, "y": 219.0}, {"x": 272.0, "y": 219.0}]}, "description": " is!"}, {"boundingPoly": {"vertices": [{"x": 17.0, "y": 221.0}, {"x": 48.0, "y": 221.0}, {"x": 48.0, "y": 232.0}, {"x": 17.0, "y": 232.0}]}, "description": " get your"}, {"boundingPoly": {"vertices": [{"x": 17.0, "y": 230.0}, {"x": 30.0, "y": 230.0}, {"x": 30.0, "y": 240.0}, {"x": 17.0, "y": 240.0}]}, "description": " just"}, {"boundingPoly": {"vertices": [{"x": 50.0, "y": 221.0}, {"x": 67.0, "y": 221.0}, {"x": 67.0, "y": 231.0}, {"x": 50.0, "y": 231.0}]}, "description": " first"}, {"boundingPoly": {"vertices": [{"x": 32.0, "y": 230.0}, {"x": 44.0, "y": 230.0}, {"x": 44.0, "y": 240.0}, {"x": 32.0, "y": 240.0}]}, "description": " for"}, {"boundingPoly": {"vertices": [{"x": 196.0, "y": 233.0}, {"x": 241.0, "y": 233.0}, {"x": 240.0, "y": 241.0}, {"x": 196.0, "y": 241.0}]}, "description": "Teack your order"}, {"boundingPoly": {"vertices": [{"x": 121.0, "y": 258.0}, {"x": 163.0, "y": 258.0}, {"x": 163.0, "y": 265.0}, {"x": 121.0, "y": 265.0}]}, "description": "Order Summary"}, {"boundingPoly": {"vertices": [{"x": 117.0, "y": 279.0}, {"x": 235.0, "y": 280.0}, {"x": 235.0, "y": 288.0}, {"x": 117.0, "y": 287.0}]}, "description": "Bowl Vegetarian Autumn Squash Soup"}, {"boundingPoly": {"vertices": [{"x": 294.0, "y": 279.0}, {"x": 317.0, "y": 279.0}, {"x": 317.0, "y": 287.0}, {"x": 294.0, "y": 287.0}]}, "description": "$ 6.19"}, {"boundingPoly": {"vertices": [{"x": 116.0, "y": 303.0}, {"x": 180.0, "y": 303.0}, {"x": 180.0, "y": 311.0}, {"x": 116.0, "y": 311.0}]}, "description": "with French Baguette"}, {"boundingPoly": {"vertices": [{"x": 116.0, "y": 328.0}, {"x": 186.0, "y": 327.0}, {"x": 186.0, "y": 335.0}, {"x": 116.0, "y": 336.0}]}, "description": "Regular Chai Tea Latte"}, {"boundingPoly": {"vertices": [{"x": 295.0, "y": 327.0}, {"x": 316.0, "y": 327.0}, {"x": 317.0, "y": 335.0}, {"x": 295.0, "y": 335.0}]}, "description": "$ 4.19"}, {"boundingPoly": {"vertices": [{"x": 116.0, "y": 361.0}, {"x": 195.0, "y": 361.0}, {"x": 195.0, "y": 369.0}, {"x": 116.0, "y": 370.0}]}, "description": "Large Baja Mac & Cheese"}, {"boundingPoly": {"vertices": [{"x": 297.0, "y": 362.0}, {"x": 317.0, "y": 361.0}, {"x": 317.0, "y": 369.0}, {"x": 297.0, "y": 369.0}]}, "description": "$ 9.49"}, {"boundingPoly": {"vertices": [{"x": 118.0, "y": 387.0}, {"x": 179.0, "y": 386.0}, {"x": 179.0, "y": 394.0}, {"x": 118.0, "y": 394.0}]}, "description": "with French Bagueese"}, {"boundingPoly": {"vertices": [{"x": 118.0, "y": 409.0}, {"x": 186.0, "y": 409.0}, {"x": 186.0, "y": 417.0}, {"x": 118.0, "y": 417.0}]}, "description": "Snickerdoodle Cookie"}, {"boundingPoly": {"vertices": [{"x": 294.0, "y": 409.0}, {"x": 316.0, "y": 408.0}, {"x": 317.0, "y": 416.0}, {"x": 294.0, "y": 417.0}]}, "description": "$0.99"}, {"boundingPoly": {"vertices": [{"x": 116.0, "y": 444.0}, {"x": 176.0, "y": 444.0}, {"x": 176.0, "y": 452.0}, {"x": 116.0, "y": 452.0}]}, "description": "Whole Greek Salad"}, {"boundingPoly": {"vertices": [{"x": 294.0, "y": 444.0}, {"x": 317.0, "y": 444.0}, {"x": 317.0, "y": 452.0}, {"x": 294.0, "y": 452.0}]}, "description": "$ 6.99"}, {"boundingPoly": {"vertices": [{"x": 117.0, "y": 469.0}, {"x": 179.0, "y": 469.0}, {"x": 179.0, "y": 476.0}, {"x": 117.0, "y": 476.0}]}, "description": "with French Baguette"}, {"boundingPoly": {"vertices": [{"x": 118.0, "y": 493.0}, {"x": 164.0, "y": 493.0}, {"x": 163.0, "y": 500.0}, {"x": 118.0, "y": 500.0}]}, "description": "Bottled Water"}, {"boundingPoly": {"vertices": [{"x": 294.0, "y": 492.0}, {"x": 316.0, "y": 492.0}, {"x": 316.0, "y": 500.0}, {"x": 294.0, "y": 500.0}]}, "description": "$ 1.99"}, {"boundingPoly": {"vertices": [{"x": 117.0, "y": 526.0}, {"x": 232.0, "y": 526.0}, {"x": 232.0, "y": 534.0}, {"x": 117.0, "y": 534.0}]}, "description": "Whole Bacon Turkey Bravo Sandwich"}, {"boundingPoly": {"vertices": [{"x": 291.0, "y": 526.0}, {"x": 316.0, "y": 526.0}, {"x": 316.0, "y": 534.0}, {"x": 291.0, "y": 534.0}]}, "description": "$ 10.98"}, {"boundingPoly": {"vertices": [{"x": 116.0, "y": 550.0}, {"x": 159.0, "y": 551.0}, {"x": 159.0, "y": 558.0}, {"x": 116.0, "y": 558.0}]}, "description": "with Fruit Cup"}, {"boundingPoly": {"vertices": [{"x": 117.0, "y": 574.0}, {"x": 128.0, "y": 574.0}, {"x": 128.0, "y": 583.0}, {"x": 117.0, "y": 583.0}]}, "description": " Half"}, {"boundingPoly": {"vertices": [{"x": 129.0, "y": 574.0}, {"x": 266.0, "y": 574.0}, {"x": 266.0, "y": 583.0}, {"x": 129.0, "y": 583.0}]}, "description": " Roasted Turkey, Apple & Cheddar Sandwich"}, {"boundingPoly": {"vertices": [{"x": 294.0, "y": 574.0}, {"x": 317.0, "y": 574.0}, {"x": 317.0, "y": 582.0}, {"x": 294.0, "y": 583.0}]}, "description": "$ 7.09"}, {"boundingPoly": {"vertices": [{"x": 116.0, "y": 598.0}, {"x": 149.0, "y": 598.0}, {"x": 149.0, "y": 606.0}, {"x": 116.0, "y": 606.0}]}, "description": "with Chips"}, {"boundingPoly": {"vertices": [{"x": 117.0, "y": 623.0}, {"x": 154.0, "y": 623.0}, {"x": 154.0, "y": 631.0}, {"x": 117.0, "y": 631.0}]}, "description": " Bowl Turkey"}, {"boundingPoly": {"vertices": [{"x": 156.0, "y": 623.0}, {"x": 171.0, "y": 623.0}, {"x": 171.0, "y": 631.0}, {"x": 156.0, "y": 631.0}]}, "description": " Chill"}, {"boundingPoly": {"vertices": [{"x": 294.0, "y": 622.0}, {"x": 317.0, "y": 622.0}, {"x": 317.0, "y": 630.0}, {"x": 294.0, "y": 630.0}]}, "description": "$ 6.79"}, {"boundingPoly": {"vertices": [{"x": 116.0, "y": 646.0}, {"x": 179.0, "y": 647.0}, {"x": 179.0, "y": 654.0}, {"x": 116.0, "y": 654.0}]}, "description": "with Frisch Baguette"}, {"boundingPoly": {"vertices": [{"x": 118.0, "y": 670.0}, {"x": 235.0, "y": 670.0}, {"x": 235.0, "y": 678.0}, {"x": 118.0, "y": 679.0}]}, "description": "Whole Chipotle Chicken Avocado Melt"}, {"boundingPoly": {"vertices": [{"x": 296.0, "y": 671.0}, {"x": 317.0, "y": 670.0}, {"x": 317.0, "y": 677.0}, {"x": 296.0, "y": 678.0}]}, "description": "$ 9.39"}, {"boundingPoly": {"vertices": [{"x": 116.0, "y": 695.0}, {"x": 148.0, "y": 695.0}, {"x": 148.0, "y": 702.0}, {"x": 116.0, "y": 702.0}]}, "description": "with Chips"}, {"boundingPoly": {"vertices": [{"x": 118.0, "y": 719.0}, {"x": 199.0, "y": 718.0}, {"x": 199.0, "y": 726.0}, {"x": 118.0, "y": 726.0}]}, "description": "Panera Bottled Lemonade"}, {"boundingPoly": {"vertices": [{"x": 294.0, "y": 718.0}, {"x": 317.0, "y": 718.0}, {"x": 317.0, "y": 726.0}, {"x": 294.0, "y": 726.0}]}, "description": "$ 2.49"}, {"boundingPoly": {"vertices": [{"x": 118.0, "y": 754.0}, {"x": 163.0, "y": 754.0}, {"x": 163.0, "y": 761.0}, {"x": 118.0, "y": 761.0}]}, "description": "Bottled Water"}, {"boundingPoly": {"vertices": [{"x": 294.0, "y": 753.0}, {"x": 316.0, "y": 752.0}, {"x": 316.0, "y": 761.0}, {"x": 294.0, "y": 761.0}]}, "description": "$ 1.99"}, {"boundingPoly": {"vertices": [{"x": 118.0, "y": 787.0}, {"x": 163.0, "y": 787.0}, {"x": 163.0, "y": 795.0}, {"x": 118.0, "y": 795.0}]}, "description": "Bottled Water"}, {"boundingPoly": {"vertices": [{"x": 295.0, "y": 787.0}, {"x": 317.0, "y": 787.0}, {"x": 317.0, "y": 794.0}, {"x": 295.0, "y": 795.0}]}, "description": "$ 1.99"}, {"boundingPoly": {"vertices": [{"x": 119.0, "y": 821.0}, {"x": 163.0, "y": 822.0}, {"x": 163.0, "y": 830.0}, {"x": 119.0, "y": 829.0}]}, "description": "Bottled Water"}, {"boundingPoly": {"vertices": [{"x": 294.0, "y": 821.0}, {"x": 316.0, "y": 821.0}, {"x": 316.0, "y": 829.0}, {"x": 294.0, "y": 829.0}]}, "description": "$ 1.99"}, {"boundingPoly": {"vertices": [{"x": 118.0, "y": 857.0}, {"x": 163.0, "y": 857.0}, {"x": 163.0, "y": 864.0}, {"x": 118.0, "y": 864.0}]}, "description": "Bottled Water"}, {"boundingPoly": {"vertices": [{"x": 295.0, "y": 856.0}, {"x": 317.0, "y": 856.0}, {"x": 317.0, "y": 864.0}, {"x": 295.0, "y": 864.0}]}, "description": "$ 1.99"}, {"boundingPoly": {"vertices": [{"x": 255.0, "y": 901.0}, {"x": 284.0, "y": 901.0}, {"x": 284.0, "y": 908.0}, {"x": 255.0, "y": 908.0}]}, "description": "Subtotal"}, {"boundingPoly": {"vertices": [{"x": 270.0, "y": 912.0}, {"x": 283.0, "y": 913.0}, {"x": 282.0, "y": 919.0}, {"x": 270.0, "y": 919.0}]}, "description": "Tax"}, {"boundingPoly": {"vertices": [{"x": 244.0, "y": 922.0}, {"x": 283.0, "y": 923.0}, {"x": 283.0, "y": 930.0}, {"x": 244.0, "y": 930.0}]}, "description": "Delivery Fee"}, {"boundingPoly": {"vertices": [{"x": 251.0, "y": 934.0}, {"x": 283.0, "y": 934.0}, {"x": 283.0, "y": 941.0}, {"x": 251.0, "y": 940.0}]}, "description": "Driver Tip"}, {"boundingPoly": {"vertices": [{"x": 289.0, "y": 900.0}, {"x": 317.0, "y": 900.0}, {"x": 317.0, "y": 908.0}, {"x": 289.0, "y": 908.0}]}, "description": "$ 74.54"}, {"boundingPoly": {"vertices": [{"x": 292.0, "y": 911.0}, {"x": 316.0, "y": 911.0}, {"x": 316.0, "y": 919.0}, {"x": 292.0, "y": 919.0}]}, "description": "$6.41"}, {"boundingPoly": {"vertices": [{"x": 294.0, "y": 922.0}, {"x": 317.0, "y": 922.0}, {"x": 317.0, "y": 930.0}, {"x": 294.0, "y": 930.0}]}, "description": "$ 7.45"}, {"boundingPoly": {"vertices": [{"x": 290.0, "y": 933.0}, {"x": 317.0, "y": 933.0}, {"x": 317.0, "y": 941.0}, {"x": 290.0, "y": 941.0}]}, "description": "$ 10.00"}, {"boundingPoly": {"vertices": [{"x": 266.0, "y": 965.0}, {"x": 285.0, "y": 965.0}, {"x": 285.0, "y": 973.0}, {"x": 266.0, "y": 973.0}]}, "description": " Total"}, {"boundingPoly": {"vertices": [{"x": 290.0, "y": 965.0}, {"x": 317.0, "y": 965.0}, {"x": 317.0, "y": 973.0}, {"x": 290.0, "y": 973.0}]}, "description": " $ 98.40"}, {"boundingPoly": {"vertices": [{"x": 128.0, "y": 983.0}, {"x": 319.0, "y": 983.0}, {"x": 319.0, "y": 991.0}, {"x": 128.0, "y": 991.0}]}, "description": "Our delivery fen is not a tig or gourtalty provided to the dirtet. Please cor lder"}, {"boundingPoly": {"vertices": [{"x": 155.0, "y": 992.0}, {"x": 319.0, "y": 992.0}, {"x": 319.0, "y": 1000.0}, {"x": 155.0, "y": 1000.0}]}, "description": "Spplan your driear and cale staff in appreciation cf gut aerica."}]}