{"textAnnotations": [{"boundingPoly": {"vertices": [{"x": 161.0, "y": 0.0}, {"x": 213.0, "y": 0.0}, {"x": 212.0, "y": 23.0}, {"x": 161.0, "y": 22.0}]}, "description": "07"}, {"boundingPoly": {"vertices": [{"x": 535.0, "y": 0.0}, {"x": 910.0, "y": 0.0}, {"x": 910.0, "y": 44.0}, {"x": 534.0, "y": 42.0}]}, "description": "909 ( Hemant Dipcrostoo)"}, {"boundingPoly": {"vertices": [{"x": 430.0, "y": 235.0}, {"x": 541.0, "y": 235.0}, {"x": 541.0, "y": 261.0}, {"x": 430.0, "y": 261.0}]}, "description": "merchant name"}, {"boundingPoly": {"vertices": [{"x": 145.0, "y": 299.0}, {"x": 839.0, "y": 294.0}, {"x": 839.0, "y": 323.0}, {"x": 146.0, "y": 329.0}]}, "description": "merchant address"}, {"boundingPoly": {"vertices": [{"x": 443.0, "y": 328.0}, {"x": 516.0, "y": 326.0}, {"x": 515.0, "y": 355.0}, {"x": 443.0, "y": 356.0}]}, "description": "CITY"}, {"boundingPoly": {"vertices": [{"x": 373.0, "y": 360.0}, {"x": 678.0, "y": 360.0}, {"x": 678.0, "y": 391.0}, {"x": 373.0, "y": 391.0}]}, "description": " :- 06AASPM3082A1ZT"}, {"boundingPoly": {"vertices": [{"x": 286.0, "y": 360.0}, {"x": 367.0, "y": 360.0}, {"x": 367.0, "y": 390.0}, {"x": 286.0, "y": 390.0}]}, "description": " GSTN"}, {"boundingPoly": {"vertices": [{"x": 429.0, "y": 428.0}, {"x": 523.0, "y": 428.0}, {"x": 522.0, "y": 461.0}, {"x": 430.0, "y": 461.0}]}, "description": "[KOT]"}, {"boundingPoly": {"vertices": [{"x": 349.0, "y": 465.0}, {"x": 623.0, "y": 465.0}, {"x": 623.0, "y": 495.0}, {"x": 349.0, "y": 495.0}]}, "description": " : 194015000038481"}, {"boundingPoly": {"vertices": [{"x": 351.0, "y": 500.0}, {"x": 655.0, "y": 500.0}, {"x": 655.0, "y": 532.0}, {"x": 351.0, "y": 532.0}]}, "description": " : 2019-11-21 19:52:53"}, {"boundingPoly": {"vertices": [{"x": 350.0, "y": 535.0}, {"x": 436.0, "y": 535.0}, {"x": 436.0, "y": 564.0}, {"x": 350.0, "y": 564.0}]}, "description": " : 0000"}, {"boundingPoly": {"vertices": [{"x": 351.0, "y": 569.0}, {"x": 471.0, "y": 569.0}, {"x": 471.0, "y": 600.0}, {"x": 351.0, "y": 600.0}]}, "description": " : Grill Inn"}, {"boundingPoly": {"vertices": [{"x": 113.0, "y": 461.0}, {"x": 190.0, "y": 464.0}, {"x": 189.0, "y": 490.0}, {"x": 113.0, "y": 489.0}]}, "description": "Bill No"}, {"boundingPoly": {"vertices": [{"x": 111.0, "y": 496.0}, {"x": 215.0, "y": 497.0}, {"x": 214.0, "y": 525.0}, {"x": 111.0, "y": 524.0}]}, "description": "Bill Date"}, {"boundingPoly": {"vertices": [{"x": 108.0, "y": 530.0}, {"x": 214.0, "y": 531.0}, {"x": 214.0, "y": 559.0}, {"x": 108.0, "y": 557.0}]}, "description": "Card No"}, {"boundingPoly": {"vertices": [{"x": 108.0, "y": 563.0}, {"x": 206.0, "y": 566.0}, {"x": 205.0, "y": 593.0}, {"x": 107.0, "y": 591.0}]}, "description": "Cashier"}, {"boundingPoly": {"vertices": [{"x": 106.0, "y": 631.0}, {"x": 251.0, "y": 633.0}, {"x": 250.0, "y": 665.0}, {"x": 106.0, "y": 663.0}]}, "description": "Description"}, {"boundingPoly": {"vertices": [{"x": 530.0, "y": 642.0}, {"x": 596.0, "y": 642.0}, {"x": 596.0, "y": 675.0}, {"x": 530.0, "y": 675.0}]}, "description": " Qty"}, {"boundingPoly": {"vertices": [{"x": 612.0, "y": 645.0}, {"x": 726.0, "y": 645.0}, {"x": 726.0, "y": 675.0}, {"x": 612.0, "y": 675.0}]}, "description": " Amount"}, {"boundingPoly": {"vertices": [{"x": 105.0, "y": 698.0}, {"x": 383.0, "y": 706.0}, {"x": 382.0, "y": 737.0}, {"x": 104.0, "y": 730.0}]}, "description": "Veg Grilled Sandwich"}, {"boundingPoly": {"vertices": [{"x": 533.0, "y": 716.0}, {"x": 548.0, "y": 719.0}, {"x": 547.0, "y": 736.0}, {"x": 532.0, "y": 733.0}]}, "description": "1"}, {"boundingPoly": {"vertices": [{"x": 108.0, "y": 733.0}, {"x": 438.0, "y": 743.0}, {"x": 437.0, "y": 776.0}, {"x": 108.0, "y": 765.0}]}, "description": "Veggie Delight Pizza Reg."}, {"boundingPoly": {"vertices": [{"x": 373.0, "y": 807.0}, {"x": 505.0, "y": 807.0}, {"x": 505.0, "y": 842.0}, {"x": 373.0, "y": 842.0}]}, "description": " Order No"}, {"boundingPoly": {"vertices": [{"x": 625.0, "y": 716.0}, {"x": 655.0, "y": 716.0}, {"x": 655.0, "y": 743.0}, {"x": 625.0, "y": 743.0}]}, "description": "89"}, {"boundingPoly": {"vertices": [{"x": 625.0, "y": 751.0}, {"x": 678.0, "y": 751.0}, {"x": 678.0, "y": 779.0}, {"x": 626.0, "y": 778.0}]}, "description": "179"}, {"boundingPoly": {"vertices": [{"x": 531.0, "y": 751.0}, {"x": 549.0, "y": 752.0}, {"x": 549.0, "y": 770.0}, {"x": 531.0, "y": 770.0}]}, "description": "1"}, {"boundingPoly": {"vertices": [{"x": 511.0, "y": 813.0}, {"x": 571.0, "y": 813.0}, {"x": 571.0, "y": 844.0}, {"x": 511.0, "y": 844.0}]}, "description": " : 56"}]}