{"textAnnotations": [{"boundingPoly": {"vertices": [{"x": 852.0, "y": 264.0}, {"x": 1220.0, "y": 263.0}, {"x": 1220.0, "y": 313.0}, {"x": 852.0, "y": 314.0}]}, "description": "merchant name"}, {"boundingPoly": {"vertices": [{"x": 874.0, "y": 321.0}, {"x": 1202.0, "y": 320.0}, {"x": 1202.0, "y": 373.0}, {"x": 874.0, "y": 374.0}]}, "description": "merchant address"}, {"boundingPoly": {"vertices": [{"x": 973.0, "y": 372.0}, {"x": 1409.0, "y": 372.0}, {"x": 1409.0, "y": 431.0}, {"x": 973.0, "y": 431.0}]}, "description": "merchant address"}, {"boundingPoly": {"vertices": [{"x": 854.0, "y": 443.0}, {"x": 1223.0, "y": 438.0}, {"x": 1224.0, "y": 486.0}, {"x": 854.0, "y": 491.0}]}, "description": "merchant phone"}, {"boundingPoly": {"vertices": [{"x": 645.0, "y": 382.0}, {"x": 964.0, "y": 382.0}, {"x": 964.0, "y": 432.0}, {"x": 645.0, "y": 432.0}]}, "description": "merchant address"}, {"boundingPoly": {"vertices": [{"x": 490.0, "y": 561.0}, {"x": 646.0, "y": 561.0}, {"x": 646.0, "y": 612.0}, {"x": 490.0, "y": 612.0}]}, "description": " Server"}, {"boundingPoly": {"vertices": [{"x": 654.0, "y": 560.0}, {"x": 875.0, "y": 560.0}, {"x": 875.0, "y": 612.0}, {"x": 654.0, "y": 612.0}]}, "description": " : mahesh"}, {"boundingPoly": {"vertices": [{"x": 1299.0, "y": 548.0}, {"x": 1528.0, "y": 548.0}, {"x": 1528.0, "y": 604.0}, {"x": 1299.0, "y": 604.0}]}, "description": " Station:"}, {"boundingPoly": {"vertices": [{"x": 1538.0, "y": 547.0}, {"x": 1577.0, "y": 547.0}, {"x": 1577.0, "y": 602.0}, {"x": 1538.0, "y": 602.0}]}, "description": " 2"}, {"boundingPoly": {"vertices": [{"x": 487.0, "y": 683.0}, {"x": 718.0, "y": 683.0}, {"x": 718.0, "y": 736.0}, {"x": 487.0, "y": 736.0}]}, "description": " Order #:"}, {"boundingPoly": {"vertices": [{"x": 728.0, "y": 683.0}, {"x": 897.0, "y": 683.0}, {"x": 897.0, "y": 736.0}, {"x": 728.0, "y": 736.0}]}, "description": " 434353"}, {"boundingPoly": {"vertices": [{"x": 1358.0, "y": 675.0}, {"x": 1576.0, "y": 673.0}, {"x": 1577.0, "y": 723.0}, {"x": 1358.0, "y": 726.0}]}, "description": "Take Out"}, {"boundingPoly": {"vertices": [{"x": 830.0, "y": 807.0}, {"x": 1198.0, "y": 801.0}, {"x": 1199.0, "y": 854.0}, {"x": 830.0, "y": 859.0}]}, "description": ">> SETTLED <<"}, {"boundingPoly": {"vertices": [{"x": 523.0, "y": 868.0}, {"x": 1003.0, "y": 868.0}, {"x": 1003.0, "y": 923.0}, {"x": 523.0, "y": 923.0}]}, "description": " Rava Masala *Dosa"}, {"boundingPoly": {"vertices": [{"x": 522.0, "y": 934.0}, {"x": 832.0, "y": 934.0}, {"x": 832.0, "y": 986.0}, {"x": 522.0, "y": 986.0}]}, "description": " MANGO LASSI"}, {"boundingPoly": {"vertices": [{"x": 480.0, "y": 868.0}, {"x": 514.0, "y": 868.0}, {"x": 514.0, "y": 923.0}, {"x": 480.0, "y": 923.0}]}, "description": " 1"}, {"boundingPoly": {"vertices": [{"x": 479.0, "y": 934.0}, {"x": 513.0, "y": 934.0}, {"x": 513.0, "y": 984.0}, {"x": 479.0, "y": 984.0}]}, "description": " 1"}, {"boundingPoly": {"vertices": [{"x": 1472.0, "y": 856.0}, {"x": 1582.0, "y": 861.0}, {"x": 1584.0, "y": 912.0}, {"x": 1476.0, "y": 911.0}]}, "description": "8.95"}, {"boundingPoly": {"vertices": [{"x": 1474.0, "y": 920.0}, {"x": 1584.0, "y": 922.0}, {"x": 1584.0, "y": 973.0}, {"x": 1476.0, "y": 975.0}]}, "description": "3.28"}, {"boundingPoly": {"vertices": [{"x": 465.0, "y": 1061.0}, {"x": 710.0, "y": 1061.0}, {"x": 710.0, "y": 1114.0}, {"x": 465.0, "y": 1114.0}]}, "description": " SUB TOTAL"}, {"boundingPoly": {"vertices": [{"x": 469.0, "y": 1129.0}, {"x": 627.0, "y": 1129.0}, {"x": 627.0, "y": 1182.0}, {"x": 469.0, "y": 1182.0}]}, "description": " Tax 1:"}, {"boundingPoly": {"vertices": [{"x": 464.0, "y": 1192.0}, {"x": 622.0, "y": 1192.0}, {"x": 622.0, "y": 1249.0}, {"x": 464.0, "y": 1249.0}]}, "description": " Tax 2:"}, {"boundingPoly": {"vertices": [{"x": 720.0, "y": 1061.0}, {"x": 745.0, "y": 1061.0}, {"x": 745.0, "y": 1113.0}, {"x": 720.0, "y": 1113.0}]}, "description": " :"}, {"boundingPoly": {"vertices": [{"x": 1456.0, "y": 1052.0}, {"x": 1589.0, "y": 1052.0}, {"x": 1588.0, "y": 1110.0}, {"x": 1456.0, "y": 1108.0}]}, "description": "12.23"}, {"boundingPoly": {"vertices": [{"x": 1475.0, "y": 1120.0}, {"x": 1595.0, "y": 1118.0}, {"x": 1592.0, "y": 1171.0}, {"x": 1475.0, "y": 1176.0}]}, "description": "0.82"}, {"boundingPoly": {"vertices": [{"x": 1476.0, "y": 1188.0}, {"x": 1595.0, "y": 1189.0}, {"x": 1595.0, "y": 1240.0}, {"x": 1478.0, "y": 1239.0}]}, "description": "0.00"}, {"boundingPoly": {"vertices": [{"x": 1383.0, "y": 1269.0}, {"x": 1443.0, "y": 1270.0}, {"x": 1442.0, "y": 1299.0}, {"x": 1382.0, "y": 1298.0}]}, "description": "=="}, {"boundingPoly": {"vertices": [{"x": 462.0, "y": 1325.0}, {"x": 583.0, "y": 1325.0}, {"x": 583.0, "y": 1381.0}, {"x": 462.0, "y": 1381.0}]}, "description": " TOTAL"}, {"boundingPoly": {"vertices": [{"x": 594.0, "y": 1326.0}, {"x": 620.0, "y": 1326.0}, {"x": 620.0, "y": 1381.0}, {"x": 594.0, "y": 1381.0}]}, "description": " :"}, {"boundingPoly": {"vertices": [{"x": 1425.0, "y": 1323.0}, {"x": 1600.0, "y": 1322.0}, {"x": 1600.0, "y": 1378.0}, {"x": 1425.0, "y": 1379.0}]}, "description": "$13.05"}, {"boundingPoly": {"vertices": [{"x": 446.0, "y": 1463.0}, {"x": 1195.0, "y": 1463.0}, {"x": 1195.0, "y": 1522.0}, {"x": 446.0, "y": 1522.0}]}, "description": " American Express Tendered:"}, {"boundingPoly": {"vertices": [{"x": 510.0, "y": 1531.0}, {"x": 800.0, "y": 1528.0}, {"x": 800.0, "y": 1588.0}, {"x": 510.0, "y": 1590.0}]}, "description": "1006 XX/XX"}, {"boundingPoly": {"vertices": [{"x": 495.0, "y": 1598.0}, {"x": 858.0, "y": 1598.0}, {"x": 858.0, "y": 1661.0}, {"x": 495.0, "y": 1661.0}]}, "description": " EDC Tran ID:"}, {"boundingPoly": {"vertices": [{"x": 1463.0, "y": 1461.0}, {"x": 1605.0, "y": 1460.0}, {"x": 1606.0, "y": 1516.0}, {"x": 1464.0, "y": 1516.0}]}, "description": "13.05"}, {"boundingPoly": {"vertices": [{"x": 869.0, "y": 1598.0}, {"x": 1142.0, "y": 1598.0}, {"x": 1142.0, "y": 1661.0}, {"x": 869.0, "y": 1661.0}]}, "description": " 686548413"}, {"boundingPoly": {"vertices": [{"x": 1318.0, "y": 1686.0}, {"x": 1609.0, "y": 1687.0}, {"x": 1609.0, "y": 1714.0}, {"x": 1318.0, "y": 1713.0}]}, "description": "=========="}, {"boundingPoly": {"vertices": [{"x": 425.0, "y": 1747.0}, {"x": 596.0, "y": 1747.0}, {"x": 596.0, "y": 1805.0}, {"x": 425.0, "y": 1805.0}]}, "description": " CHANGE"}, {"boundingPoly": {"vertices": [{"x": 606.0, "y": 1747.0}, {"x": 636.0, "y": 1747.0}, {"x": 636.0, "y": 1804.0}, {"x": 606.0, "y": 1804.0}]}, "description": " :"}, {"boundingPoly": {"vertices": [{"x": 1497.0, "y": 1746.0}, {"x": 1620.0, "y": 1746.0}, {"x": 1620.0, "y": 1802.0}, {"x": 1498.0, "y": 1803.0}]}, "description": "0.00"}, {"boundingPoly": {"vertices": [{"x": 720.0, "y": 1893.0}, {"x": 1099.0, "y": 1893.0}, {"x": 1099.0, "y": 1954.0}, {"x": 720.0, "y": 1954.0}]}, "description": " >> Ticket #:"}, {"boundingPoly": {"vertices": [{"x": 840.0, "y": 1966.0}, {"x": 1478.0, "y": 1966.0}, {"x": 1478.0, "y": 2031.0}, {"x": 840.0, "y": 2031.0}]}, "description": " 11/17/2019 2:59:30 PM"}, {"boundingPoly": {"vertices": [{"x": 835.0, "y": 2043.0}, {"x": 1484.0, "y": 2043.0}, {"x": 1484.0, "y": 2108.0}, {"x": 835.0, "y": 2108.0}]}, "description": " 11/17/2019 3:00:01 PM"}, {"boundingPoly": {"vertices": [{"x": 1111.0, "y": 1893.0}, {"x": 1303.0, "y": 1893.0}, {"x": 1303.0, "y": 1954.0}, {"x": 1111.0, "y": 1954.0}]}, "description": " 136 <<"}, {"boundingPoly": {"vertices": [{"x": 560.0, "y": 1967.0}, {"x": 829.0, "y": 1967.0}, {"x": 829.0, "y": 2031.0}, {"x": 560.0, "y": 2031.0}]}, "description": " Created:"}, {"boundingPoly": {"vertices": [{"x": 562.0, "y": 2043.0}, {"x": 823.0, "y": 2043.0}, {"x": 823.0, "y": 2109.0}, {"x": 562.0, "y": 2109.0}]}, "description": " SETTLED:"}, {"boundingPoly": {"vertices": [{"x": 406.0, "y": 2208.0}, {"x": 1633.0, "y": 2210.0}, {"x": 1633.0, "y": 2257.0}, {"x": 406.0, "y": 2254.0}]}, "description": "****************************************"}, {"boundingPoly": {"vertices": [{"x": 387.0, "y": 2282.0}, {"x": 1203.0, "y": 2283.0}, {"x": 1202.0, "y": 2348.0}, {"x": 387.0, "y": 2342.0}]}, "description": "We now deliver & catering!"}, {"boundingPoly": {"vertices": [{"x": 379.0, "y": 2357.0}, {"x": 942.0, "y": 2357.0}, {"x": 942.0, "y": 2422.0}, {"x": 379.0, "y": 2422.0}]}, "description": " Please Visit us at"}, {"boundingPoly": {"vertices": [{"x": 953.0, "y": 2361.0}, {"x": 979.0, "y": 2361.0}, {"x": 979.0, "y": 2422.0}, {"x": 953.0, "y": 2422.0}]}, "description": " :"}, {"boundingPoly": {"vertices": [{"x": 386.0, "y": 2519.0}, {"x": 1115.0, "y": 2523.0}, {"x": 1115.0, "y": 2590.0}, {"x": 386.0, "y": 2582.0}]}, "description": "www.tasteofindia2go.com"}, {"boundingPoly": {"vertices": [{"x": 344.0, "y": 2711.0}, {"x": 1654.0, "y": 2696.0}, {"x": 1656.0, "y": 2754.0}, {"x": 344.0, "y": 2782.0}]}, "description": "REDMI NOTE 5 PRO *************************"}, {"boundingPoly": {"vertices": [{"x": 341.0, "y": 2787.0}, {"x": 810.0, "y": 2788.0}, {"x": 810.0, "y": 2845.0}, {"x": 340.0, "y": 2844.0}]}, "description": "MI DUAL CAMERA"}]}