{"textAnnotations": [{"boundingPoly": {"vertices": [{"x": 177.0, "y": 124.0}, {"x": 250.0, "y": 126.0}, {"x": 250.0, "y": 138.0}, {"x": 177.0, "y": 137.0}]}, "description": "merchant name"}, {"boundingPoly": {"vertices": [{"x": 134.0, "y": 156.0}, {"x": 291.0, "y": 157.0}, {"x": 291.0, "y": 172.0}, {"x": 134.0, "y": 171.0}]}, "description": "merchant address"}, {"boundingPoly": {"vertices": [{"x": 138.0, "y": 173.0}, {"x": 287.0, "y": 174.0}, {"x": 287.0, "y": 189.0}, {"x": 138.0, "y": 188.0}]}, "description": "merchant address"}, {"boundingPoly": {"vertices": [{"x": 115.0, "y": 191.0}, {"x": 157.0, "y": 191.0}, {"x": 157.0, "y": 206.0}, {"x": 115.0, "y": 206.0}]}, "description": " GSTN"}, {"boundingPoly": {"vertices": [{"x": 160.0, "y": 191.0}, {"x": 309.0, "y": 191.0}, {"x": 309.0, "y": 206.0}, {"x": 160.0, "y": 206.0}]}, "description": " :- 06AACFL4844P1ZW"}, {"boundingPoly": {"vertices": [{"x": 147.0, "y": 242.0}, {"x": 277.0, "y": 242.0}, {"x": 277.0, "y": 258.0}, {"x": 147.0, "y": 258.0}]}, "description": "[RETAIL INVOICE]"}, {"boundingPoly": {"vertices": [{"x": 26.0, "y": 270.0}, {"x": 68.0, "y": 270.0}, {"x": 68.0, "y": 283.0}, {"x": 26.0, "y": 283.0}]}, "description": "Bill No"}, {"boundingPoly": {"vertices": [{"x": 26.0, "y": 288.0}, {"x": 44.0, "y": 288.0}, {"x": 44.0, "y": 302.0}, {"x": 26.0, "y": 302.0}]}, "description": " Bill"}, {"boundingPoly": {"vertices": [{"x": 23.0, "y": 305.0}, {"x": 80.0, "y": 305.0}, {"x": 80.0, "y": 319.0}, {"x": 23.0, "y": 319.0}]}, "description": "Card No"}, {"boundingPoly": {"vertices": [{"x": 23.0, "y": 322.0}, {"x": 76.0, "y": 322.0}, {"x": 76.0, "y": 337.0}, {"x": 23.0, "y": 336.0}]}, "description": "Cashier"}, {"boundingPoly": {"vertices": [{"x": 150.0, "y": 270.0}, {"x": 284.0, "y": 270.0}, {"x": 284.0, "y": 284.0}, {"x": 150.0, "y": 284.0}]}, "description": " : 194010000069625"}, {"boundingPoly": {"vertices": [{"x": 152.0, "y": 287.0}, {"x": 297.0, "y": 287.0}, {"x": 297.0, "y": 301.0}, {"x": 152.0, "y": 301.0}]}, "description": " : 2019-12-11 20:02:56"}, {"boundingPoly": {"vertices": [{"x": 152.0, "y": 305.0}, {"x": 193.0, "y": 305.0}, {"x": 193.0, "y": 319.0}, {"x": 152.0, "y": 319.0}]}, "description": " : 0000"}, {"boundingPoly": {"vertices": [{"x": 151.0, "y": 323.0}, {"x": 211.0, "y": 323.0}, {"x": 211.0, "y": 336.0}, {"x": 151.0, "y": 336.0}]}, "description": " : Cashier"}, {"boundingPoly": {"vertices": [{"x": 47.0, "y": 288.0}, {"x": 80.0, "y": 288.0}, {"x": 80.0, "y": 302.0}, {"x": 47.0, "y": 302.0}]}, "description": " Date"}, {"boundingPoly": {"vertices": [{"x": 24.0, "y": 357.0}, {"x": 100.0, "y": 357.0}, {"x": 99.0, "y": 372.0}, {"x": 24.0, "y": 371.0}]}, "description": "Description"}, {"boundingPoly": {"vertices": [{"x": 244.0, "y": 356.0}, {"x": 272.0, "y": 357.0}, {"x": 271.0, "y": 371.0}, {"x": 244.0, "y": 371.0}]}, "description": "Qty"}, {"boundingPoly": {"vertices": [{"x": 284.0, "y": 356.0}, {"x": 337.0, "y": 356.0}, {"x": 337.0, "y": 370.0}, {"x": 284.0, "y": 370.0}]}, "description": "Amount"}, {"boundingPoly": {"vertices": [{"x": 22.0, "y": 391.0}, {"x": 130.0, "y": 391.0}, {"x": 130.0, "y": 406.0}, {"x": 22.0, "y": 405.0}]}, "description": "Tandoori Platter"}, {"boundingPoly": {"vertices": [{"x": 23.0, "y": 409.0}, {"x": 120.0, "y": 409.0}, {"x": 120.0, "y": 424.0}, {"x": 23.0, "y": 424.0}]}, "description": "Rajma Chawal"}, {"boundingPoly": {"vertices": [{"x": 290.0, "y": 391.0}, {"x": 316.0, "y": 390.0}, {"x": 316.0, "y": 404.0}, {"x": 291.0, "y": 404.0}]}, "description": "235"}, {"boundingPoly": {"vertices": [{"x": 291.0, "y": 409.0}, {"x": 316.0, "y": 408.0}, {"x": 317.0, "y": 422.0}, {"x": 292.0, "y": 422.0}]}, "description": "155"}, {"boundingPoly": {"vertices": [{"x": 23.0, "y": 443.0}, {"x": 81.0, "y": 444.0}, {"x": 81.0, "y": 458.0}, {"x": 23.0, "y": 457.0}]}, "description": "Bill Total"}, {"boundingPoly": {"vertices": [{"x": 22.0, "y": 462.0}, {"x": 80.0, "y": 462.0}, {"x": 80.0, "y": 476.0}, {"x": 22.0, "y": 476.0}]}, "description": "Discount"}, {"boundingPoly": {"vertices": [{"x": 21.0, "y": 480.0}, {"x": 130.0, "y": 480.0}, {"x": 130.0, "y": 495.0}, {"x": 21.0, "y": 494.0}]}, "description": "Taxable Amount"}, {"boundingPoly": {"vertices": [{"x": 21.0, "y": 498.0}, {"x": 68.0, "y": 498.0}, {"x": 68.0, "y": 514.0}, {"x": 21.0, "y": 514.0}]}, "description": " SGST:"}, {"boundingPoly": {"vertices": [{"x": 20.0, "y": 517.0}, {"x": 68.0, "y": 517.0}, {"x": 68.0, "y": 532.0}, {"x": 20.0, "y": 532.0}]}, "description": " CGST:"}, {"boundingPoly": {"vertices": [{"x": 17.0, "y": 534.0}, {"x": 64.0, "y": 534.0}, {"x": 64.0, "y": 548.0}, {"x": 18.0, "y": 549.0}]}, "description": "R. Off."}, {"boundingPoly": {"vertices": [{"x": 215.0, "y": 444.0}, {"x": 268.0, "y": 442.0}, {"x": 268.0, "y": 457.0}, {"x": 216.0, "y": 458.0}]}, "description": "Rs. 390"}, {"boundingPoly": {"vertices": [{"x": 214.0, "y": 462.0}, {"x": 252.0, "y": 462.0}, {"x": 252.0, "y": 476.0}, {"x": 215.0, "y": 476.0}]}, "description": "Rs. 0"}, {"boundingPoly": {"vertices": [{"x": 215.0, "y": 480.0}, {"x": 269.0, "y": 479.0}, {"x": 269.0, "y": 493.0}, {"x": 215.0, "y": 494.0}]}, "description": "Rs. 390"}, {"boundingPoly": {"vertices": [{"x": 215.0, "y": 497.0}, {"x": 273.0, "y": 497.0}, {"x": 273.0, "y": 511.0}, {"x": 215.0, "y": 512.0}]}, "description": "Rs. 9.75"}, {"boundingPoly": {"vertices": [{"x": 215.0, "y": 516.0}, {"x": 273.0, "y": 515.0}, {"x": 274.0, "y": 529.0}, {"x": 215.0, "y": 530.0}]}, "description": "Rs. 9.75"}, {"boundingPoly": {"vertices": [{"x": 215.0, "y": 533.0}, {"x": 266.0, "y": 532.0}, {"x": 266.0, "y": 546.0}, {"x": 215.0, "y": 547.0}]}, "description": "Rs. 0.5"}, {"boundingPoly": {"vertices": [{"x": 71.0, "y": 498.0}, {"x": 122.0, "y": 498.0}, {"x": 122.0, "y": 514.0}, {"x": 71.0, "y": 514.0}]}, "description": " @2.5%"}, {"boundingPoly": {"vertices": [{"x": 71.0, "y": 516.0}, {"x": 123.0, "y": 516.0}, {"x": 123.0, "y": 532.0}, {"x": 71.0, "y": 532.0}]}, "description": " @2.5%"}, {"boundingPoly": {"vertices": [{"x": 127.0, "y": 570.0}, {"x": 301.0, "y": 565.0}, {"x": 301.0, "y": 581.0}, {"x": 127.0, "y": 586.0}]}, "description": "Amount Payable Rs. 410"}, {"boundingPoly": {"vertices": [{"x": 230.0, "y": 601.0}, {"x": 269.0, "y": 601.0}, {"x": 269.0, "y": 616.0}, {"x": 230.0, "y": 616.0}]}, "description": " : 115"}, {"boundingPoly": {"vertices": [{"x": 162.0, "y": 602.0}, {"x": 228.0, "y": 602.0}, {"x": 228.0, "y": 619.0}, {"x": 162.0, "y": 619.0}]}, "description": " Order No"}, {"boundingPoly": {"vertices": [{"x": 75.0, "y": 622.0}, {"x": 208.0, "y": 622.0}, {"x": 208.0, "y": 639.0}, {"x": 75.0, "y": 639.0}]}, "description": "Shot on OnePlus"}, {"boundingPoly": {"vertices": [{"x": 76.0, "y": 641.0}, {"x": 181.0, "y": 641.0}, {"x": 181.0, "y": 652.0}, {"x": 76.0, "y": 652.0}]}, "description": "Powered by Dual Camera"}]}