{"textAnnotations": [{"boundingPoly": {"vertices": [{"x": 81.0, "y": 86.0}, {"x": 613.0, "y": 55.0}, {"x": 616.0, "y": 110.0}, {"x": 83.0, "y": 145.0}]}, "description": "Supper Drive from fruit"}, {"boundingPoly": {"vertices": [{"x": 263.0, "y": 164.0}, {"x": 366.0, "y": 157.0}, {"x": 368.0, "y": 180.0}, {"x": 264.0, "y": 187.0}]}, "description": "merchant name"}, {"boundingPoly": {"vertices": [{"x": 345.0, "y": 203.0}, {"x": 427.0, "y": 203.0}, {"x": 427.0, "y": 233.0}, {"x": 345.0, "y": 233.0}]}, "description": "merchant address"}, {"boundingPoly": {"vertices": [{"x": 368.0, "y": 112.0}, {"x": 585.0, "y": 112.0}, {"x": 585.0, "y": 164.0}, {"x": 368.0, "y": 163.0}]}, "description": "DeepRiver to"}, {"boundingPoly": {"vertices": [{"x": 221.0, "y": 185.0}, {"x": 399.0, "y": 174.0}, {"x": 401.0, "y": 203.0}, {"x": 222.0, "y": 214.0}]}, "description": "merchant address"}, {"boundingPoly": {"vertices": [{"x": 269.0, "y": 227.0}, {"x": 421.0, "y": 227.0}, {"x": 421.0, "y": 262.0}, {"x": 269.0, "y": 262.0}]}, "description": "merchant phone"}, {"boundingPoly": {"vertices": [{"x": 337.0, "y": 264.0}, {"x": 444.0, "y": 264.0}, {"x": 444.0, "y": 313.0}, {"x": 337.0, "y": 313.0}]}, "description": " 16389"}, {"boundingPoly": {"vertices": [{"x": 291.0, "y": 314.0}, {"x": 508.0, "y": 314.0}, {"x": 508.0, "y": 364.0}, {"x": 291.0, "y": 364.0}]}, "description": " 1LN8PNO2PP"}, {"boundingPoly": {"vertices": [{"x": 192.0, "y": 369.0}, {"x": 425.0, "y": 364.0}, {"x": 425.0, "y": 392.0}, {"x": 192.0, "y": 397.0}]}, "description": "Welcome to McDonald's"}, {"boundingPoly": {"vertices": [{"x": 612.0, "y": 113.0}, {"x": 611.0, "y": 149.0}, {"x": 589.0, "y": 149.0}, {"x": 591.0, "y": 110.0}]}, "description": "ASE"}, {"boundingPoly": {"vertices": [{"x": 456.0, "y": 170.0}, {"x": 613.0, "y": 158.0}, {"x": 616.0, "y": 202.0}, {"x": 458.0, "y": 213.0}]}, "description": "Montreal"}, {"boundingPoly": {"vertices": [{"x": 607.0, "y": 205.0}, {"x": 603.0, "y": 349.0}, {"x": 581.0, "y": 349.0}, {"x": 586.0, "y": 204.0}]}, "description": "N THIS OVERI"}, {"boundingPoly": {"vertices": [{"x": 603.0, "y": 420.0}, {"x": 588.0, "y": 712.0}, {"x": 565.0, "y": 710.0}, {"x": 579.0, "y": 419.0}]}, "description": "PLEASE TURN THIS OVER!"}, {"boundingPoly": {"vertices": [{"x": 591.0, "y": 786.0}, {"x": 591.0, "y": 1049.0}, {"x": 566.0, "y": 1049.0}, {"x": 565.0, "y": 786.0}]}, "description": "PLEASE TURN THIS OVER!"}, {"boundingPoly": {"vertices": [{"x": 583.0, "y": 1130.0}, {"x": 567.0, "y": 1418.0}, {"x": 544.0, "y": 1417.0}, {"x": 560.0, "y": 1129.0}]}, "description": "PLEASE TURN THIS OVER!"}, {"boundingPoly": {"vertices": [{"x": 570.0, "y": 1494.0}, {"x": 566.0, "y": 1636.0}, {"x": 541.0, "y": 1635.0}, {"x": 546.0, "y": 1493.0}]}, "description": "PLEASE TUR"}, {"boundingPoly": {"vertices": [{"x": 195.0, "y": 206.0}, {"x": 340.0, "y": 206.0}, {"x": 340.0, "y": 241.0}, {"x": 195.0, "y": 241.0}]}, "description": "merchant address"}, {"boundingPoly": {"vertices": [{"x": 209.0, "y": 236.0}, {"x": 264.0, "y": 236.0}, {"x": 264.0, "y": 266.0}, {"x": 209.0, "y": 266.0}]}, "description": " Tel#:"}, {"boundingPoly": {"vertices": [{"x": 160.0, "y": 265.0}, {"x": 329.0, "y": 265.0}, {"x": 329.0, "y": 318.0}, {"x": 160.0, "y": 318.0}]}, "description": " Store#:"}, {"boundingPoly": {"vertices": [{"x": 119.0, "y": 314.0}, {"x": 283.0, "y": 314.0}, {"x": 283.0, "y": 364.0}, {"x": 119.0, "y": 364.0}]}, "description": " TRANS#:"}, {"boundingPoly": {"vertices": [{"x": 189.0, "y": 394.0}, {"x": 238.0, "y": 394.0}, {"x": 238.0, "y": 421.0}, {"x": 189.0, "y": 421.0}]}, "description": " HST:"}, {"boundingPoly": {"vertices": [{"x": 242.0, "y": 389.0}, {"x": 415.0, "y": 389.0}, {"x": 415.0, "y": 420.0}, {"x": 242.0, "y": 420.0}]}, "description": " 821744471RT0001"}, {"boundingPoly": {"vertices": [{"x": 239.0, "y": 464.0}, {"x": 428.0, "y": 461.0}, {"x": 420.0, "y": 635.0}, {"x": 239.0, "y": 638.0}]}, "description": "264"}, {"boundingPoly": {"vertices": [{"x": 269.0, "y": 668.0}, {"x": 510.0, "y": 668.0}, {"x": 510.0, "y": 695.0}, {"x": 269.0, "y": 695.0}]}, "description": " 11/04/2019 07:10:25 PM"}, {"boundingPoly": {"vertices": [{"x": 451.0, "y": 701.0}, {"x": 506.0, "y": 701.0}, {"x": 506.0, "y": 725.0}, {"x": 452.0, "y": 725.0}]}, "description": "TOTAL"}, {"boundingPoly": {"vertices": [{"x": 458.0, "y": 726.0}, {"x": 507.0, "y": 727.0}, {"x": 506.0, "y": 749.0}, {"x": 458.0, "y": 749.0}]}, "description": "5.38"}, {"boundingPoly": {"vertices": [{"x": 461.0, "y": 750.0}, {"x": 506.0, "y": 751.0}, {"x": 504.0, "y": 773.0}, {"x": 461.0, "y": 773.0}]}, "description": "1.69"}, {"boundingPoly": {"vertices": [{"x": 459.0, "y": 780.0}, {"x": 506.0, "y": 780.0}, {"x": 506.0, "y": 801.0}, {"x": 459.0, "y": 801.0}]}, "description": "7.07"}, {"boundingPoly": {"vertices": [{"x": 460.0, "y": 803.0}, {"x": 507.0, "y": 805.0}, {"x": 505.0, "y": 826.0}, {"x": 460.0, "y": 825.0}]}, "description": "0.92"}, {"boundingPoly": {"vertices": [{"x": 460.0, "y": 825.0}, {"x": 507.0, "y": 827.0}, {"x": 506.0, "y": 846.0}, {"x": 459.0, "y": 847.0}]}, "description": "7.99"}, {"boundingPoly": {"vertices": [{"x": 463.0, "y": 853.0}, {"x": 510.0, "y": 853.0}, {"x": 510.0, "y": 873.0}, {"x": 463.0, "y": 872.0}]}, "description": "7.99"}, {"boundingPoly": {"vertices": [{"x": 462.0, "y": 874.0}, {"x": 510.0, "y": 874.0}, {"x": 510.0, "y": 894.0}, {"x": 461.0, "y": 894.0}]}, "description": "0.00"}, {"boundingPoly": {"vertices": [{"x": 86.0, "y": 666.0}, {"x": 147.0, "y": 667.0}, {"x": 147.0, "y": 693.0}, {"x": 85.0, "y": 691.0}]}, "description": "KS# 2"}, {"boundingPoly": {"vertices": [{"x": 84.0, "y": 698.0}, {"x": 176.0, "y": 698.0}, {"x": 176.0, "y": 722.0}, {"x": 84.0, "y": 722.0}]}, "description": "QTY ITEM"}, {"boundingPoly": {"vertices": [{"x": 103.0, "y": 722.0}, {"x": 313.0, "y": 725.0}, {"x": 313.0, "y": 750.0}, {"x": 103.0, "y": 746.0}]}, "description": "2 Ranch Wrap Crispy"}, {"boundingPoly": {"vertices": [{"x": 104.0, "y": 744.0}, {"x": 119.0, "y": 744.0}, {"x": 119.0, "y": 767.0}, {"x": 104.0, "y": 767.0}]}, "description": " 1"}, {"boundingPoly": {"vertices": [{"x": 80.0, "y": 772.0}, {"x": 166.0, "y": 775.0}, {"x": 165.0, "y": 797.0}, {"x": 79.0, "y": 794.0}]}, "description": "Subtotal"}, {"boundingPoly": {"vertices": [{"x": 123.0, "y": 745.0}, {"x": 281.0, "y": 745.0}, {"x": 281.0, "y": 771.0}, {"x": 123.0, "y": 771.0}]}, "description": " S French Fries"}, {"boundingPoly": {"vertices": [{"x": 78.0, "y": 793.0}, {"x": 114.0, "y": 795.0}, {"x": 112.0, "y": 815.0}, {"x": 77.0, "y": 814.0}]}, "description": "HST"}, {"boundingPoly": {"vertices": [{"x": 76.0, "y": 816.0}, {"x": 233.0, "y": 819.0}, {"x": 232.0, "y": 841.0}, {"x": 76.0, "y": 838.0}]}, "description": "Take-Out Total"}, {"boundingPoly": {"vertices": [{"x": 74.0, "y": 842.0}, {"x": 199.0, "y": 844.0}, {"x": 199.0, "y": 867.0}, {"x": 74.0, "y": 864.0}]}, "description": "CREDIT CARD"}, {"boundingPoly": {"vertices": [{"x": 72.0, "y": 864.0}, {"x": 142.0, "y": 867.0}, {"x": 142.0, "y": 890.0}, {"x": 71.0, "y": 888.0}]}, "description": "Change"}, {"boundingPoly": {"vertices": [{"x": 129.0, "y": 904.0}, {"x": 443.0, "y": 905.0}, {"x": 443.0, "y": 934.0}, {"x": 129.0, "y": 932.0}]}, "description": "Join our team and apply now!"}, {"boundingPoly": {"vertices": [{"x": 160.0, "y": 931.0}, {"x": 412.0, "y": 932.0}, {"x": 412.0, "y": 962.0}, {"x": 160.0, "y": 960.0}]}, "description": "emploi@mcdogiguere.com"}, {"boundingPoly": {"vertices": [{"x": 81.0, "y": 961.0}, {"x": 483.0, "y": 958.0}, {"x": 483.0, "y": 987.0}, {"x": 81.0, "y": 989.0}]}, "description": "For any concern, contact Kasandra B."}, {"boundingPoly": {"vertices": [{"x": 70.0, "y": 1014.0}, {"x": 384.0, "y": 1013.0}, {"x": 385.0, "y": 1040.0}, {"x": 70.0, "y": 1041.0}]}, "description": "========= TRANSACTION RECORD"}, {"boundingPoly": {"vertices": [{"x": 131.0, "y": 1047.0}, {"x": 228.0, "y": 1047.0}, {"x": 228.0, "y": 1076.0}, {"x": 131.0, "y": 1076.0}]}, "description": " PURCHASE"}, {"boundingPoly": {"vertices": [{"x": 388.0, "y": 1019.0}, {"x": 490.0, "y": 1023.0}, {"x": 489.0, "y": 1038.0}, {"x": 388.0, "y": 1035.0}]}, "description": "========="}, {"boundingPoly": {"vertices": [{"x": 70.0, "y": 1050.0}, {"x": 127.0, "y": 1050.0}, {"x": 127.0, "y": 1077.0}, {"x": 70.0, "y": 1077.0}]}, "description": " TYPE:"}, {"boundingPoly": {"vertices": [{"x": 68.0, "y": 1105.0}, {"x": 105.0, "y": 1105.0}, {"x": 105.0, "y": 1132.0}, {"x": 68.0, "y": 1132.0}]}, "description": " ACCT"}, {"boundingPoly": {"vertices": [{"x": 110.0, "y": 1103.0}, {"x": 183.0, "y": 1103.0}, {"x": 183.0, "y": 1132.0}, {"x": 110.0, "y": 1132.0}]}, "description": " : AMEX"}, {"boundingPoly": {"vertices": [{"x": 376.0, "y": 1107.0}, {"x": 394.0, "y": 1107.0}, {"x": 394.0, "y": 1127.0}, {"x": 376.0, "y": 1127.0}]}, "description": "$"}, {"boundingPoly": {"vertices": [{"x": 431.0, "y": 1104.0}, {"x": 480.0, "y": 1105.0}, {"x": 478.0, "y": 1130.0}, {"x": 431.0, "y": 1130.0}]}, "description": "7.99"}, {"boundingPoly": {"vertices": [{"x": 65.0, "y": 1165.0}, {"x": 201.0, "y": 1165.0}, {"x": 201.0, "y": 1194.0}, {"x": 65.0, "y": 1194.0}]}, "description": " CARD NUMBER:"}, {"boundingPoly": {"vertices": [{"x": 63.0, "y": 1192.0}, {"x": 177.0, "y": 1192.0}, {"x": 177.0, "y": 1220.0}, {"x": 63.0, "y": 1220.0}]}, "description": " DATE/TIME:"}, {"boundingPoly": {"vertices": [{"x": 62.0, "y": 1219.0}, {"x": 199.0, "y": 1219.0}, {"x": 199.0, "y": 1247.0}, {"x": 62.0, "y": 1247.0}]}, "description": " REFERENCE #:"}, {"boundingPoly": {"vertices": [{"x": 63.0, "y": 1247.0}, {"x": 175.0, "y": 1247.0}, {"x": 175.0, "y": 1274.0}, {"x": 63.0, "y": 1274.0}]}, "description": " AUTHOR. #:"}, {"boundingPoly": {"vertices": [{"x": 64.0, "y": 1274.0}, {"x": 151.0, "y": 1274.0}, {"x": 151.0, "y": 1301.0}, {"x": 64.0, "y": 1301.0}]}, "description": " TRANS #:"}, {"boundingPoly": {"vertices": [{"x": 61.0, "y": 1307.0}, {"x": 106.0, "y": 1307.0}, {"x": 106.0, "y": 1335.0}, {"x": 61.0, "y": 1335.0}]}, "description": " APP:"}, {"boundingPoly": {"vertices": [{"x": 61.0, "y": 1336.0}, {"x": 108.0, "y": 1336.0}, {"x": 108.0, "y": 1362.0}, {"x": 61.0, "y": 1362.0}]}, "description": " AID:"}, {"boundingPoly": {"vertices": [{"x": 59.0, "y": 1361.0}, {"x": 158.0, "y": 1361.0}, {"x": 158.0, "y": 1389.0}, {"x": 59.0, "y": 1389.0}]}, "description": " ARQC TVR:"}, {"boundingPoly": {"vertices": [{"x": 60.0, "y": 1389.0}, {"x": 115.0, "y": 1389.0}, {"x": 115.0, "y": 1415.0}, {"x": 60.0, "y": 1415.0}]}, "description": " ARQC:"}, {"boundingPoly": {"vertices": [{"x": 60.0, "y": 1415.0}, {"x": 137.0, "y": 1415.0}, {"x": 137.0, "y": 1442.0}, {"x": 60.0, "y": 1442.0}]}, "description": " TC/AAC:"}, {"boundingPoly": {"vertices": [{"x": 59.0, "y": 1441.0}, {"x": 228.0, "y": 1440.0}, {"x": 228.0, "y": 1467.0}, {"x": 59.0, "y": 1468.0}]}, "description": "VERIFIED BY PIN"}, {"boundingPoly": {"vertices": [{"x": 122.0, "y": 1474.0}, {"x": 247.0, "y": 1474.0}, {"x": 247.0, "y": 1503.0}, {"x": 122.0, "y": 1503.0}]}, "description": " 00 APPROVED"}, {"boundingPoly": {"vertices": [{"x": 186.0, "y": 1507.0}, {"x": 408.0, "y": 1507.0}, {"x": 408.0, "y": 1536.0}, {"x": 186.0, "y": 1536.0}]}, "description": " retain this copy for"}, {"boundingPoly": {"vertices": [{"x": 184.0, "y": 1540.0}, {"x": 322.0, "y": 1536.0}, {"x": 323.0, "y": 1560.0}, {"x": 185.0, "y": 1563.0}]}, "description": "your records"}, {"boundingPoly": {"vertices": [{"x": 206.0, "y": 1165.0}, {"x": 378.0, "y": 1165.0}, {"x": 378.0, "y": 1192.0}, {"x": 206.0, "y": 1192.0}]}, "description": " *********** 4007"}, {"boundingPoly": {"vertices": [{"x": 205.0, "y": 1192.0}, {"x": 434.0, "y": 1192.0}, {"x": 434.0, "y": 1220.0}, {"x": 205.0, "y": 1220.0}]}, "description": " 04-Nov-2019 19:10:54"}, {"boundingPoly": {"vertices": [{"x": 204.0, "y": 1219.0}, {"x": 445.0, "y": 1219.0}, {"x": 445.0, "y": 1248.0}, {"x": 204.0, "y": 1248.0}]}, "description": " 66160550 0011580870 C"}, {"boundingPoly": {"vertices": [{"x": 202.0, "y": 1245.0}, {"x": 276.0, "y": 1246.0}, {"x": 276.0, "y": 1272.0}, {"x": 202.0, "y": 1271.0}]}, "description": "824882"}, {"boundingPoly": {"vertices": [{"x": 209.0, "y": 1273.0}, {"x": 318.0, "y": 1272.0}, {"x": 319.0, "y": 1298.0}, {"x": 209.0, "y": 1299.0}]}, "description": "1LN8PNO2PP"}, {"boundingPoly": {"vertices": [{"x": 236.0, "y": 1307.0}, {"x": 416.0, "y": 1307.0}, {"x": 416.0, "y": 1333.0}, {"x": 236.0, "y": 1333.0}]}, "description": "AMERICAN EXPRESS"}, {"boundingPoly": {"vertices": [{"x": 235.0, "y": 1334.0}, {"x": 414.0, "y": 1334.0}, {"x": 414.0, "y": 1359.0}, {"x": 235.0, "y": 1359.0}]}, "description": "A000000025010801"}, {"boundingPoly": {"vertices": [{"x": 234.0, "y": 1360.0}, {"x": 393.0, "y": 1359.0}, {"x": 393.0, "y": 1386.0}, {"x": 234.0, "y": 1386.0}]}, "description": "0000008000F800"}, {"boundingPoly": {"vertices": [{"x": 236.0, "y": 1385.0}, {"x": 413.0, "y": 1385.0}, {"x": 413.0, "y": 1413.0}, {"x": 236.0, "y": 1413.0}]}, "description": "E574B524C91FB572"}, {"boundingPoly": {"vertices": [{"x": 233.0, "y": 1413.0}, {"x": 412.0, "y": 1413.0}, {"x": 412.0, "y": 1439.0}, {"x": 233.0, "y": 1439.0}]}, "description": "BEBEECE5D458B933"}, {"boundingPoly": {"vertices": [{"x": 253.0, "y": 1474.0}, {"x": 269.0, "y": 1474.0}, {"x": 269.0, "y": 1501.0}, {"x": 253.0, "y": 1501.0}]}, "description": " -"}, {"boundingPoly": {"vertices": [{"x": 274.0, "y": 1472.0}, {"x": 422.0, "y": 1472.0}, {"x": 422.0, "y": 1500.0}, {"x": 274.0, "y": 1500.0}]}, "description": " THANK YOU 025"}, {"boundingPoly": {"vertices": [{"x": 59.0, "y": 1509.0}, {"x": 159.0, "y": 1509.0}, {"x": 159.0, "y": 1537.0}, {"x": 59.0, "y": 1537.0}]}, "description": " IMPORTANT"}, {"boundingPoly": {"vertices": [{"x": 164.0, "y": 1509.0}, {"x": 181.0, "y": 1509.0}, {"x": 181.0, "y": 1536.0}, {"x": 164.0, "y": 1536.0}]}, "description": " -"}, {"boundingPoly": {"vertices": [{"x": 57.0, "y": 1575.0}, {"x": 76.0, "y": 1575.0}, {"x": 77.0, "y": 1590.0}, {"x": 58.0, "y": 1590.0}]}, "description": "=="}, {"boundingPoly": {"vertices": [{"x": 55.0, "y": 1596.0}, {"x": 354.0, "y": 1594.0}, {"x": 354.0, "y": 1618.0}, {"x": 55.0, "y": 1621.0}]}, "description": "***** CARDHOLDER COPY *****"}, {"boundingPoly": {"vertices": [{"x": 419.0, "y": 1575.0}, {"x": 446.0, "y": 1575.0}, {"x": 446.0, "y": 1589.0}, {"x": 418.0, "y": 1588.0}]}, "description": "==="}, {"boundingPoly": {"vertices": [{"x": 467.0, "y": 1575.0}, {"x": 486.0, "y": 1575.0}, {"x": 486.0, "y": 1587.0}, {"x": 466.0, "y": 1588.0}]}, "description": "=="}]}