{"textAnnotations": [{"boundingPoly": {"vertices": [{"x": 511.0, "y": 7.0}, {"x": 1061.0, "y": 31.0}, {"x": 1057.0, "y": 118.0}, {"x": 507.0, "y": 100.0}]}, "description": "merchant name"}, {"boundingPoly": {"vertices": [{"x": 287.0, "y": 159.0}, {"x": 590.0, "y": 159.0}, {"x": 590.0, "y": 258.0}, {"x": 287.0, "y": 258.0}]}, "description": " MERCHANT ID:"}, {"boundingPoly": {"vertices": [{"x": 592.0, "y": 112.0}, {"x": 969.0, "y": 135.0}, {"x": 963.0, "y": 209.0}, {"x": 590.0, "y": 188.0}]}, "description": "merchant address"}, {"boundingPoly": {"vertices": [{"x": 968.0, "y": 293.0}, {"x": 1248.0, "y": 277.0}, {"x": 1252.0, "y": 346.0}, {"x": 971.0, "y": 349.0}]}, "description": "******** 1616"}, {"boundingPoly": {"vertices": [{"x": 1121.0, "y": 377.0}, {"x": 1243.0, "y": 377.0}, {"x": 1243.0, "y": 443.0}, {"x": 1121.0, "y": 443.0}]}, "description": " 12:53"}, {"boundingPoly": {"vertices": [{"x": 1093.0, "y": 478.0}, {"x": 1243.0, "y": 473.0}, {"x": 1241.0, "y": 534.0}, {"x": 1095.0, "y": 540.0}]}, "description": "010132"}, {"boundingPoly": {"vertices": [{"x": 1083.0, "y": 574.0}, {"x": 1241.0, "y": 567.0}, {"x": 1242.0, "y": 629.0}, {"x": 1084.0, "y": 635.0}]}, "description": "861419"}, {"boundingPoly": {"vertices": [{"x": 1132.0, "y": 663.0}, {"x": 1239.0, "y": 662.0}, {"x": 1240.0, "y": 724.0}, {"x": 1132.0, "y": 725.0}]}, "description": "SALE"}, {"boundingPoly": {"vertices": [{"x": 286.0, "y": 253.0}, {"x": 587.0, "y": 253.0}, {"x": 587.0, "y": 353.0}, {"x": 286.0, "y": 353.0}]}, "description": " TERMINAL ID:"}, {"boundingPoly": {"vertices": [{"x": 480.0, "y": 367.0}, {"x": 728.0, "y": 367.0}, {"x": 728.0, "y": 464.0}, {"x": 480.0, "y": 464.0}]}, "description": " 07/11/2019"}, {"boundingPoly": {"vertices": [{"x": 1132.0, "y": 187.0}, {"x": 1248.0, "y": 177.0}, {"x": 1253.0, "y": 251.0}, {"x": 1136.0, "y": 261.0}]}, "description": "*8902"}, {"boundingPoly": {"vertices": [{"x": 287.0, "y": 349.0}, {"x": 459.0, "y": 349.0}, {"x": 459.0, "y": 441.0}, {"x": 287.0, "y": 441.0}]}, "description": " DATE:"}, {"boundingPoly": {"vertices": [{"x": 284.0, "y": 446.0}, {"x": 461.0, "y": 446.0}, {"x": 461.0, "y": 534.0}, {"x": 284.0, "y": 534.0}]}, "description": " BATCH:"}, {"boundingPoly": {"vertices": [{"x": 287.0, "y": 548.0}, {"x": 390.0, "y": 548.0}, {"x": 390.0, "y": 619.0}, {"x": 287.0, "y": 619.0}]}, "description": " RRN:"}, {"boundingPoly": {"vertices": [{"x": 293.0, "y": 646.0}, {"x": 674.0, "y": 660.0}, {"x": 672.0, "y": 726.0}, {"x": 290.0, "y": 712.0}]}, "description": "AMERICAN EXPRESS"}, {"boundingPoly": {"vertices": [{"x": 296.0, "y": 743.0}, {"x": 372.0, "y": 743.0}, {"x": 372.0, "y": 810.0}, {"x": 294.0, "y": 807.0}]}, "description": "AID"}, {"boundingPoly": {"vertices": [{"x": 294.0, "y": 841.0}, {"x": 649.0, "y": 847.0}, {"x": 647.0, "y": 906.0}, {"x": 292.0, "y": 892.0}]}, "description": "*********** 2004"}, {"boundingPoly": {"vertices": [{"x": 471.0, "y": 459.0}, {"x": 714.0, "y": 459.0}, {"x": 714.0, "y": 553.0}, {"x": 471.0, "y": 553.0}]}, "description": " 000807-007"}, {"boundingPoly": {"vertices": [{"x": 481.0, "y": 563.0}, {"x": 760.0, "y": 578.0}, {"x": 757.0, "y": 640.0}, {"x": 480.0, "y": 626.0}]}, "description": "180000026703"}, {"boundingPoly": {"vertices": [{"x": 834.0, "y": 402.0}, {"x": 942.0, "y": 402.0}, {"x": 942.0, "y": 466.0}, {"x": 834.0, "y": 466.0}]}, "description": " TIME:"}, {"boundingPoly": {"vertices": [{"x": 833.0, "y": 486.0}, {"x": 1009.0, "y": 486.0}, {"x": 1009.0, "y": 551.0}, {"x": 833.0, "y": 551.0}]}, "description": " INVOICE:"}, {"boundingPoly": {"vertices": [{"x": 999.0, "y": 579.0}, {"x": 1035.0, "y": 579.0}, {"x": 1035.0, "y": 639.0}, {"x": 999.0, "y": 639.0}]}, "description": " :"}, {"boundingPoly": {"vertices": [{"x": 834.0, "y": 580.0}, {"x": 987.0, "y": 580.0}, {"x": 987.0, "y": 644.0}, {"x": 834.0, "y": 644.0}]}, "description": " AUTH NO."}, {"boundingPoly": {"vertices": [{"x": 488.0, "y": 749.0}, {"x": 837.0, "y": 757.0}, {"x": 836.0, "y": 819.0}, {"x": 487.0, "y": 811.0}]}, "description": "A000000025010801"}, {"boundingPoly": {"vertices": [{"x": 286.0, "y": 1012.0}, {"x": 564.0, "y": 1005.0}, {"x": 565.0, "y": 1070.0}, {"x": 287.0, "y": 1076.0}]}, "description": "CONTACTLESS"}, {"boundingPoly": {"vertices": [{"x": 596.0, "y": 1330.0}, {"x": 940.0, "y": 1327.0}, {"x": 941.0, "y": 1397.0}, {"x": 597.0, "y": 1400.0}]}, "description": "AMERICAN EXPRESS"}, {"boundingPoly": {"vertices": [{"x": 288.0, "y": 1537.0}, {"x": 733.0, "y": 1474.0}, {"x": 742.0, "y": 1537.0}, {"x": 294.0, "y": 1600.0}]}, "description": "SALE AMOUNT"}, {"boundingPoly": {"vertices": [{"x": 586.0, "y": 1639.0}, {"x": 1157.0, "y": 1639.0}, {"x": 1157.0, "y": 1768.0}, {"x": 586.0, "y": 1768.0}]}, "description": " pay the above final amount"}, {"boundingPoly": {"vertices": [{"x": 676.0, "y": 1787.0}, {"x": 871.0, "y": 1787.0}, {"x": 871.0, "y": 1848.0}, {"x": 676.0, "y": 1848.0}]}, "description": "agreement"}, {"boundingPoly": {"vertices": [{"x": 1033.0, "y": 1512.0}, {"x": 1232.0, "y": 1555.0}, {"x": 1219.0, "y": 1614.0}, {"x": 1020.0, "y": 1571.0}]}, "description": "\u20ac2.90"}, {"boundingPoly": {"vertices": [{"x": 337.0, "y": 1707.0}, {"x": 380.0, "y": 1707.0}, {"x": 380.0, "y": 1779.0}, {"x": 337.0, "y": 1779.0}]}, "description": " I"}, {"boundingPoly": {"vertices": [{"x": 383.0, "y": 1667.0}, {"x": 518.0, "y": 1667.0}, {"x": 518.0, "y": 1766.0}, {"x": 383.0, "y": 1766.0}]}, "description": " agree"}, {"boundingPoly": {"vertices": [{"x": 526.0, "y": 1654.0}, {"x": 577.0, "y": 1654.0}, {"x": 577.0, "y": 1729.0}, {"x": 526.0, "y": 1729.0}]}, "description": " to"}, {"boundingPoly": {"vertices": [{"x": 338.0, "y": 1734.0}, {"x": 560.0, "y": 1734.0}, {"x": 560.0, "y": 1852.0}, {"x": 338.0, "y": 1852.0}]}, "description": " According"}, {"boundingPoly": {"vertices": [{"x": 510.0, "y": 1929.0}, {"x": 1012.0, "y": 1929.0}, {"x": 1011.0, "y": 2045.0}, {"x": 510.0, "y": 2045.0}]}, "description": "CUSTOMER COPY"}, {"boundingPoly": {"vertices": [{"x": 397.0, "y": 2153.0}, {"x": 754.0, "y": 2066.0}, {"x": 765.0, "y": 2127.0}, {"x": 406.0, "y": 2207.0}]}, "description": "CR9F759260E7A225"}, {"boundingPoly": {"vertices": [{"x": 568.0, "y": 1716.0}, {"x": 1172.0, "y": 1716.0}, {"x": 1172.0, "y": 1852.0}, {"x": 568.0, "y": 1852.0}]}, "description": " to the Card/merchants issuer"}]}