{"textAnnotations": [{"boundingPoly": {"vertices": [{"x": 45.0, "y": 73.0}, {"x": 322.0, "y": 77.0}, {"x": 321.0, "y": 139.0}, {"x": 44.0, "y": 136.0}]}, "description": "merchant name"}, {"boundingPoly": {"vertices": [{"x": 110.0, "y": 146.0}, {"x": 266.0, "y": 143.0}, {"x": 266.0, "y": 163.0}, {"x": 110.0, "y": 165.0}]}, "description": "merchant address"}, {"boundingPoly": {"vertices": [{"x": 142.0, "y": 179.0}, {"x": 233.0, "y": 176.0}, {"x": 233.0, "y": 194.0}, {"x": 142.0, "y": 197.0}]}, "description": "merchant phone"}, {"boundingPoly": {"vertices": [{"x": 152.0, "y": 202.0}, {"x": 349.0, "y": 202.0}, {"x": 349.0, "y": 228.0}, {"x": 152.0, "y": 228.0}]}, "description": " 0020 11/13/2019 10:51 PM"}, {"boundingPoly": {"vertices": [{"x": 29.0, "y": 236.0}, {"x": 170.0, "y": 242.0}, {"x": 170.0, "y": 259.0}, {"x": 28.0, "y": 254.0}]}, "description": "MARS SNICKER ALMOND"}, {"boundingPoly": {"vertices": [{"x": 58.0, "y": 268.0}, {"x": 186.0, "y": 270.0}, {"x": 186.0, "y": 289.0}, {"x": 58.0, "y": 287.0}]}, "description": "RETURN VALUE 1.39"}, {"boundingPoly": {"vertices": [{"x": 58.0, "y": 299.0}, {"x": 138.0, "y": 301.0}, {"x": 137.0, "y": 318.0}, {"x": 57.0, "y": 316.0}]}, "description": "04000054243"}, {"boundingPoly": {"vertices": [{"x": 94.0, "y": 162.0}, {"x": 272.0, "y": 160.0}, {"x": 272.0, "y": 178.0}, {"x": 94.0, "y": 181.0}]}, "description": "merchant address"}, {"boundingPoly": {"vertices": [{"x": 30.0, "y": 205.0}, {"x": 55.0, "y": 205.0}, {"x": 54.0, "y": 222.0}, {"x": 29.0, "y": 222.0}]}, "description": "225"}, {"boundingPoly": {"vertices": [{"x": 102.0, "y": 210.0}, {"x": 137.0, "y": 211.0}, {"x": 136.0, "y": 226.0}, {"x": 101.0, "y": 226.0}]}, "description": "9388"}, {"boundingPoly": {"vertices": [{"x": 58.0, "y": 254.0}, {"x": 141.0, "y": 258.0}, {"x": 140.0, "y": 274.0}, {"x": 58.0, "y": 270.0}]}, "description": "04000000105"}, {"boundingPoly": {"vertices": [{"x": 28.0, "y": 281.0}, {"x": 273.0, "y": 275.0}, {"x": 274.0, "y": 298.0}, {"x": 28.0, "y": 302.0}]}, "description": "MARS SNICKERS CREAMY PB SNG 1.40Z"}, {"boundingPoly": {"vertices": [{"x": 55.0, "y": 312.0}, {"x": 181.0, "y": 311.0}, {"x": 182.0, "y": 332.0}, {"x": 55.0, "y": 333.0}]}, "description": "RETURN VALUE 1.39"}, {"boundingPoly": {"vertices": [{"x": 57.0, "y": 344.0}, {"x": 93.0, "y": 345.0}, {"x": 92.0, "y": 361.0}, {"x": 57.0, "y": 360.0}]}, "description": "TOTAL"}, {"boundingPoly": {"vertices": [{"x": 54.0, "y": 360.0}, {"x": 160.0, "y": 360.0}, {"x": 160.0, "y": 376.0}, {"x": 54.0, "y": 376.0}]}, "description": "AMEX ACCT 1000"}, {"boundingPoly": {"vertices": [{"x": 53.0, "y": 374.0}, {"x": 101.0, "y": 374.0}, {"x": 101.0, "y": 391.0}, {"x": 53.0, "y": 390.0}]}, "description": "CHANGE"}, {"boundingPoly": {"vertices": [{"x": 26.0, "y": 403.0}, {"x": 172.0, "y": 403.0}, {"x": 172.0, "y": 419.0}, {"x": 26.0, "y": 419.0}]}, "description": "AID A000000025010801"}, {"boundingPoly": {"vertices": [{"x": 26.0, "y": 417.0}, {"x": 144.0, "y": 417.0}, {"x": 144.0, "y": 434.0}, {"x": 26.0, "y": 434.0}]}, "description": "AMERICAN EXPRESS"}, {"boundingPoly": {"vertices": [{"x": 25.0, "y": 433.0}, {"x": 176.0, "y": 432.0}, {"x": 176.0, "y": 449.0}, {"x": 25.0, "y": 451.0}]}, "description": "Integrated chip card"}, {"boundingPoly": {"vertices": [{"x": 98.0, "y": 453.0}, {"x": 190.0, "y": 453.0}, {"x": 190.0, "y": 469.0}, {"x": 98.0, "y": 470.0}]}, "description": "woy beolqu"}, {"boundingPoly": {"vertices": [{"x": 228.0, "y": 239.0}, {"x": 273.0, "y": 236.0}, {"x": 274.0, "y": 252.0}, {"x": 229.0, "y": 254.0}]}, "description": "1. 760Z"}, {"boundingPoly": {"vertices": [{"x": 266.0, "y": 251.0}, {"x": 297.0, "y": 249.0}, {"x": 298.0, "y": 264.0}, {"x": 266.0, "y": 266.0}]}, "description": "1.39"}, {"boundingPoly": {"vertices": [{"x": 260.0, "y": 288.0}, {"x": 295.0, "y": 284.0}, {"x": 296.0, "y": 300.0}, {"x": 260.0, "y": 303.0}]}, "description": "1.39"}, {"boundingPoly": {"vertices": [{"x": 260.0, "y": 335.0}, {"x": 295.0, "y": 332.0}, {"x": 295.0, "y": 350.0}, {"x": 260.0, "y": 352.0}]}, "description": "2.78"}, {"boundingPoly": {"vertices": [{"x": 268.0, "y": 366.0}, {"x": 295.0, "y": 364.0}, {"x": 295.0, "y": 381.0}, {"x": 269.0, "y": 384.0}]}, "description": ".00"}, {"boundingPoly": {"vertices": [{"x": 260.0, "y": 350.0}, {"x": 297.0, "y": 349.0}, {"x": 297.0, "y": 365.0}, {"x": 261.0, "y": 367.0}]}, "description": "2.78"}, {"boundingPoly": {"vertices": [{"x": 25.0, "y": 491.0}, {"x": 287.0, "y": 488.0}, {"x": 287.0, "y": 505.0}, {"x": 25.0, "y": 508.0}]}, "description": "THANK YOU FOR SHOPPING AT WALGREENS"}, {"boundingPoly": {"vertices": [{"x": 22.0, "y": 519.0}, {"x": 279.0, "y": 518.0}, {"x": 280.0, "y": 535.0}, {"x": 22.0, "y": 536.0}]}, "description": "YOU COULD HAVE SAVED BY USING YOUR"}, {"boundingPoly": {"vertices": [{"x": 23.0, "y": 548.0}, {"x": 309.0, "y": 548.0}, {"x": 309.0, "y": 565.0}, {"x": 23.0, "y": 566.0}]}, "description": "APPLY. FOR TERMS AND CONDITIONS, VISIT"}, {"boundingPoly": {"vertices": [{"x": 23.0, "y": 534.0}, {"x": 326.0, "y": 533.0}, {"x": 326.0, "y": 550.0}, {"x": 23.0, "y": 551.0}]}, "description": "BALANCE REWARDS CARD TODAY! RESTRICTIONS"}, {"boundingPoly": {"vertices": [{"x": 23.0, "y": 563.0}, {"x": 188.0, "y": 565.0}, {"x": 188.0, "y": 581.0}, {"x": 23.0, "y": 580.0}]}, "description": "WALGREENS.COM/BALANCE."}, {"boundingPoly": {"vertices": [{"x": 22.0, "y": 593.0}, {"x": 303.0, "y": 590.0}, {"x": 303.0, "y": 601.0}, {"x": 22.0, "y": 604.0}]}, "description": "DID YOU KNOW THAT_YOU CAN EARN POINTS"}, {"boundingPoly": {"vertices": [{"x": 19.0, "y": 613.0}, {"x": 281.0, "y": 607.0}, {"x": 281.0, "y": 619.0}, {"x": 19.0, "y": 625.0}]}, "description": "ONLINE? SEE OUR WEEKLY AD FOR MORE"}, {"boundingPoly": {"vertices": [{"x": 16.0, "y": 635.0}, {"x": 278.0, "y": 629.0}, {"x": 278.0, "y": 644.0}, {"x": 16.0, "y": 649.0}]}, "description": "RESTRICTIONS APPLY. FOR TERMS AND"}, {"boundingPoly": {"vertices": [{"x": 19.0, "y": 602.0}, {"x": 285.0, "y": 599.0}, {"x": 285.0, "y": 609.0}, {"x": 19.0, "y": 614.0}]}, "description": "ON THOUSANDS OF ITEMS IN-STORE AND"}, {"boundingPoly": {"vertices": [{"x": 18.0, "y": 624.0}, {"x": 275.0, "y": 618.0}, {"x": 276.0, "y": 631.0}, {"x": 18.0, "y": 637.0}]}, "description": "INFORMATION. ITEMS CHANGE WEEKLY."}, {"boundingPoly": {"vertices": [{"x": 15.0, "y": 646.0}, {"x": 335.0, "y": 642.0}, {"x": 335.0, "y": 658.0}, {"x": 15.0, "y": 663.0}]}, "description": "CONDITIONS, VISIT WALGREENS.COM/BALANCE."}, {"boundingPoly": {"vertices": [{"x": 66.0, "y": 674.0}, {"x": 304.0, "y": 671.0}, {"x": 305.0, "y": 689.0}, {"x": 67.0, "y": 691.0}]}, "description": "REN# 0089-0209-3880-1911-1303"}, {"boundingPoly": {"vertices": [{"x": 38.0, "y": 760.0}, {"x": 123.0, "y": 758.0}, {"x": 123.0, "y": 777.0}, {"x": 39.0, "y": 778.0}]}, "description": "2VEBRD"}, {"boundingPoly": {"vertices": [{"x": 141.0, "y": 771.0}, {"x": 193.0, "y": 770.0}, {"x": 193.0, "y": 783.0}, {"x": 141.0, "y": 783.0}]}, "description": "\"balance\""}, {"boundingPoly": {"vertices": [{"x": 125.0, "y": 779.0}, {"x": 244.0, "y": 778.0}, {"x": 244.0, "y": 802.0}, {"x": 125.0, "y": 803.0}]}, "description": "rewards"}, {"boundingPoly": {"vertices": [{"x": 49.0, "y": 835.0}, {"x": 101.0, "y": 833.0}, {"x": 102.0, "y": 847.0}, {"x": 50.0, "y": 848.0}]}, "description": "How"}, {"boundingPoly": {"vertices": [{"x": 95.0, "y": 857.0}, {"x": 266.0, "y": 857.0}, {"x": 266.0, "y": 874.0}, {"x": 95.0, "y": 874.0}]}, "description": "$3,000 cash"}, {"boundingPoly": {"vertices": [{"x": 108.0, "y": 834.0}, {"x": 164.0, "y": 834.0}, {"x": 164.0, "y": 846.0}, {"x": 108.0, "y": 847.0}]}, "description": "are,"}, {"boundingPoly": {"vertices": [{"x": 165.0, "y": 834.0}, {"x": 207.0, "y": 833.0}, {"x": 207.0, "y": 846.0}, {"x": 165.0, "y": 846.0}]}, "description": "we"}, {"boundingPoly": {"vertices": [{"x": 212.0, "y": 831.0}, {"x": 312.0, "y": 830.0}, {"x": 312.0, "y": 844.0}, {"x": 212.0, "y": 845.0}]}, "description": "doing?"}, {"boundingPoly": {"vertices": [{"x": 51.0, "y": 845.0}, {"x": 307.0, "y": 842.0}, {"x": 307.0, "y": 857.0}, {"x": 51.0, "y": 860.0}]}, "description": "Enter our monthly sweepstakes for"}, {"boundingPoly": {"vertices": [{"x": 157.0, "y": 887.0}, {"x": 198.0, "y": 887.0}, {"x": 198.0, "y": 904.0}, {"x": 158.0, "y": 903.0}]}, "description": "Visit"}, {"boundingPoly": {"vertices": [{"x": 81.0, "y": 903.0}, {"x": 271.0, "y": 904.0}, {"x": 271.0, "y": 921.0}, {"x": 81.0, "y": 920.0}]}, "description": "WWW.WALGREENSLISTENS.COM"}, {"boundingPoly": {"vertices": [{"x": 105.0, "y": 921.0}, {"x": 254.0, "y": 922.0}, {"x": 254.0, "y": 936.0}, {"x": 105.0, "y": 934.0}]}, "description": "*******************"}, {"boundingPoly": {"vertices": [{"x": 113.0, "y": 935.0}, {"x": 247.0, "y": 936.0}, {"x": 247.0, "y": 954.0}, {"x": 113.0, "y": 953.0}]}, "description": "or call toll free"}, {"boundingPoly": {"vertices": [{"x": 61.0, "y": 965.0}, {"x": 306.0, "y": 969.0}, {"x": 306.0, "y": 987.0}, {"x": 61.0, "y": 983.0}]}, "description": "within 72 hours to take a short"}, {"boundingPoly": {"vertices": [{"x": 116.0, "y": 951.0}, {"x": 231.0, "y": 952.0}, {"x": 231.0, "y": 969.0}, {"x": 116.0, "y": 968.0}]}, "description": "1-800-219-7451"}, {"boundingPoly": {"vertices": [{"x": 54.0, "y": 984.0}, {"x": 316.0, "y": 986.0}, {"x": 316.0, "y": 1004.0}, {"x": 54.0, "y": 1001.0}]}, "description": "survey about this Walgreens visit"}, {"boundingPoly": {"vertices": [{"x": 154.0, "y": 1015.0}, {"x": 212.0, "y": 1016.0}, {"x": 212.0, "y": 1033.0}, {"x": 154.0, "y": 1032.0}]}, "description": "SURVEY#"}, {"boundingPoly": {"vertices": [{"x": 86.0, "y": 1030.0}, {"x": 291.0, "y": 1033.0}, {"x": 291.0, "y": 1052.0}, {"x": 86.0, "y": 1048.0}]}, "description": "0089-0209-388"}, {"boundingPoly": {"vertices": [{"x": 152.0, "y": 1063.0}, {"x": 221.0, "y": 1065.0}, {"x": 220.0, "y": 1082.0}, {"x": 152.0, "y": 1080.0}]}, "description": "PASSWORD"}, {"boundingPoly": {"vertices": [{"x": 87.0, "y": 1076.0}, {"x": 294.0, "y": 1082.0}, {"x": 293.0, "y": 1101.0}, {"x": 87.0, "y": 1094.0}]}, "description": "0191-1130-326"}, {"boundingPoly": {"vertices": [{"x": 66.0, "y": 1107.0}, {"x": 314.0, "y": 1118.0}, {"x": 313.0, "y": 1136.0}, {"x": 66.0, "y": 1125.0}]}, "description": "For contest rules, see store or"}, {"boundingPoly": {"vertices": [{"x": 97.0, "y": 1125.0}, {"x": 291.0, "y": 1132.0}, {"x": 290.0, "y": 1151.0}, {"x": 96.0, "y": 1142.0}]}, "description": "WWW.WALGREENSLISTENS.COM"}]}