{"textAnnotations": [{"boundingPoly": {"vertices": [{"x": 370.0, "y": 326.0}, {"x": 724.0, "y": 334.0}, {"x": 724.0, "y": 367.0}, {"x": 370.0, "y": 359.0}]}, "description": "merchant name"}, {"boundingPoly": {"vertices": [{"x": 433.0, "y": 363.0}, {"x": 677.0, "y": 368.0}, {"x": 676.0, "y": 403.0}, {"x": 433.0, "y": 398.0}]}, "description": "merchant address"}, {"boundingPoly": {"vertices": [{"x": 358.0, "y": 400.0}, {"x": 740.0, "y": 403.0}, {"x": 739.0, "y": 437.0}, {"x": 358.0, "y": 434.0}]}, "description": "merchant address"}, {"boundingPoly": {"vertices": [{"x": 763.0, "y": 450.0}, {"x": 809.0, "y": 450.0}, {"x": 809.0, "y": 464.0}, {"x": 763.0, "y": 464.0}]}, "description": "---"}, {"boundingPoly": {"vertices": [{"x": 479.0, "y": 476.0}, {"x": 633.0, "y": 475.0}, {"x": 633.0, "y": 507.0}, {"x": 479.0, "y": 508.0}]}, "description": "CHK 664132"}, {"boundingPoly": {"vertices": [{"x": 406.0, "y": 511.0}, {"x": 695.0, "y": 511.0}, {"x": 695.0, "y": 545.0}, {"x": 406.0, "y": 545.0}]}, "description": " 11/14/2019 01:39 PM"}, {"boundingPoly": {"vertices": [{"x": 341.0, "y": 545.0}, {"x": 455.0, "y": 545.0}, {"x": 455.0, "y": 577.0}, {"x": 341.0, "y": 577.0}]}, "description": "2598808"}, {"boundingPoly": {"vertices": [{"x": 493.0, "y": 549.0}, {"x": 612.0, "y": 549.0}, {"x": 612.0, "y": 580.0}, {"x": 493.0, "y": 580.0}]}, "description": " Drawer:"}, {"boundingPoly": {"vertices": [{"x": 617.0, "y": 548.0}, {"x": 730.0, "y": 548.0}, {"x": 730.0, "y": 581.0}, {"x": 617.0, "y": 581.0}]}, "description": " 1 Reg:"}, {"boundingPoly": {"vertices": [{"x": 735.0, "y": 547.0}, {"x": 758.0, "y": 547.0}, {"x": 758.0, "y": 581.0}, {"x": 735.0, "y": 581.0}]}, "description": " 3"}, {"boundingPoly": {"vertices": [{"x": 295.0, "y": 617.0}, {"x": 559.0, "y": 619.0}, {"x": 559.0, "y": 652.0}, {"x": 295.0, "y": 650.0}]}, "description": "Tl Chai Tea Latte"}, {"boundingPoly": {"vertices": [{"x": 296.0, "y": 655.0}, {"x": 561.0, "y": 656.0}, {"x": 561.0, "y": 689.0}, {"x": 296.0, "y": 687.0}]}, "description": "Gr Classic Htchoc"}, {"boundingPoly": {"vertices": [{"x": 725.0, "y": 621.0}, {"x": 788.0, "y": 621.0}, {"x": 787.0, "y": 652.0}, {"x": 725.0, "y": 652.0}]}, "description": "4.25"}, {"boundingPoly": {"vertices": [{"x": 724.0, "y": 655.0}, {"x": 789.0, "y": 656.0}, {"x": 789.0, "y": 688.0}, {"x": 724.0, "y": 688.0}]}, "description": "3.95"}, {"boundingPoly": {"vertices": [{"x": 295.0, "y": 729.0}, {"x": 361.0, "y": 730.0}, {"x": 360.0, "y": 757.0}, {"x": 295.0, "y": 756.0}]}, "description": "Amex"}, {"boundingPoly": {"vertices": [{"x": 292.0, "y": 761.0}, {"x": 547.0, "y": 761.0}, {"x": 548.0, "y": 794.0}, {"x": 293.0, "y": 795.0}]}, "description": "XXXXXXXXXXXX1009"}, {"boundingPoly": {"vertices": [{"x": 478.0, "y": 798.0}, {"x": 609.0, "y": 798.0}, {"x": 609.0, "y": 833.0}, {"x": 478.0, "y": 833.0}]}, "description": " TAP CHIP"}, {"boundingPoly": {"vertices": [{"x": 477.0, "y": 836.0}, {"x": 612.0, "y": 836.0}, {"x": 612.0, "y": 871.0}, {"x": 477.0, "y": 871.0}]}, "description": " PURCHASE"}, {"boundingPoly": {"vertices": [{"x": 493.0, "y": 873.0}, {"x": 625.0, "y": 873.0}, {"x": 625.0, "y": 908.0}, {"x": 493.0, "y": 908.0}]}, "description": " 00000170"}, {"boundingPoly": {"vertices": [{"x": 462.0, "y": 914.0}, {"x": 718.0, "y": 914.0}, {"x": 718.0, "y": 949.0}, {"x": 462.0, "y": 949.0}]}, "description": " AMERICAN EXPRESS"}, {"boundingPoly": {"vertices": [{"x": 414.0, "y": 951.0}, {"x": 516.0, "y": 951.0}, {"x": 516.0, "y": 987.0}, {"x": 414.0, "y": 987.0}]}, "description": " 808700"}, {"boundingPoly": {"vertices": [{"x": 367.0, "y": 989.0}, {"x": 626.0, "y": 989.0}, {"x": 626.0, "y": 1026.0}, {"x": 367.0, "y": 1026.0}]}, "description": " A000000025010801"}, {"boundingPoly": {"vertices": [{"x": 369.0, "y": 1030.0}, {"x": 533.0, "y": 1030.0}, {"x": 533.0, "y": 1062.0}, {"x": 369.0, "y": 1062.0}]}, "description": " 0010008000"}, {"boundingPoly": {"vertices": [{"x": 367.0, "y": 1067.0}, {"x": 436.0, "y": 1067.0}, {"x": 436.0, "y": 1100.0}, {"x": 367.0, "y": 1100.0}]}, "description": " E800"}, {"boundingPoly": {"vertices": [{"x": 727.0, "y": 729.0}, {"x": 791.0, "y": 731.0}, {"x": 789.0, "y": 760.0}, {"x": 727.0, "y": 760.0}]}, "description": "8.93"}, {"boundingPoly": {"vertices": [{"x": 292.0, "y": 800.0}, {"x": 472.0, "y": 800.0}, {"x": 472.0, "y": 833.0}, {"x": 292.0, "y": 833.0}]}, "description": " Card Entry:"}, {"boundingPoly": {"vertices": [{"x": 295.0, "y": 836.0}, {"x": 471.0, "y": 836.0}, {"x": 471.0, "y": 873.0}, {"x": 295.0, "y": 873.0}]}, "description": " Trans Type:"}, {"boundingPoly": {"vertices": [{"x": 292.0, "y": 875.0}, {"x": 486.0, "y": 875.0}, {"x": 486.0, "y": 911.0}, {"x": 292.0, "y": 911.0}]}, "description": " Reference #:"}, {"boundingPoly": {"vertices": [{"x": 294.0, "y": 915.0}, {"x": 456.0, "y": 915.0}, {"x": 456.0, "y": 952.0}, {"x": 294.0, "y": 952.0}]}, "description": " App Label:"}, {"boundingPoly": {"vertices": [{"x": 295.0, "y": 954.0}, {"x": 408.0, "y": 954.0}, {"x": 408.0, "y": 989.0}, {"x": 295.0, "y": 989.0}]}, "description": " Auth #:"}, {"boundingPoly": {"vertices": [{"x": 294.0, "y": 993.0}, {"x": 361.0, "y": 993.0}, {"x": 361.0, "y": 1026.0}, {"x": 294.0, "y": 1026.0}]}, "description": " AID:"}, {"boundingPoly": {"vertices": [{"x": 294.0, "y": 1030.0}, {"x": 363.0, "y": 1030.0}, {"x": 363.0, "y": 1062.0}, {"x": 294.0, "y": 1062.0}]}, "description": " TVR:"}, {"boundingPoly": {"vertices": [{"x": 293.0, "y": 1066.0}, {"x": 360.0, "y": 1066.0}, {"x": 360.0, "y": 1100.0}, {"x": 293.0, "y": 1100.0}]}, "description": " TSI:"}, {"boundingPoly": {"vertices": [{"x": 286.0, "y": 1143.0}, {"x": 416.0, "y": 1143.0}, {"x": 416.0, "y": 1177.0}, {"x": 286.0, "y": 1177.0}]}, "description": "Subtotal"}, {"boundingPoly": {"vertices": [{"x": 289.0, "y": 1183.0}, {"x": 451.0, "y": 1182.0}, {"x": 451.0, "y": 1216.0}, {"x": 289.0, "y": 1217.0}]}, "description": "Tax 8.875%"}, {"boundingPoly": {"vertices": [{"x": 285.0, "y": 1224.0}, {"x": 368.0, "y": 1224.0}, {"x": 367.0, "y": 1256.0}, {"x": 286.0, "y": 1256.0}]}, "description": "Total"}, {"boundingPoly": {"vertices": [{"x": 235.0, "y": 1263.0}, {"x": 561.0, "y": 1262.0}, {"x": 561.0, "y": 1297.0}, {"x": 236.0, "y": 1299.0}]}, "description": "Change Due"}, {"boundingPoly": {"vertices": [{"x": 697.0, "y": 1144.0}, {"x": 782.0, "y": 1144.0}, {"x": 782.0, "y": 1177.0}, {"x": 699.0, "y": 1177.0}]}, "description": "$8.20"}, {"boundingPoly": {"vertices": [{"x": 702.0, "y": 1182.0}, {"x": 784.0, "y": 1182.0}, {"x": 785.0, "y": 1217.0}, {"x": 703.0, "y": 1217.0}]}, "description": "$0.73"}, {"boundingPoly": {"vertices": [{"x": 698.0, "y": 1223.0}, {"x": 782.0, "y": 1221.0}, {"x": 782.0, "y": 1255.0}, {"x": 699.0, "y": 1258.0}]}, "description": "$8.93"}, {"boundingPoly": {"vertices": [{"x": 713.0, "y": 1263.0}, {"x": 875.0, "y": 1261.0}, {"x": 876.0, "y": 1296.0}, {"x": 714.0, "y": 1299.0}]}, "description": "$0.00"}, {"boundingPoly": {"vertices": [{"x": 428.0, "y": 1342.0}, {"x": 714.0, "y": 1341.0}, {"x": 715.0, "y": 1373.0}, {"x": 428.0, "y": 1376.0}]}, "description": "Check Closed -----"}, {"boundingPoly": {"vertices": [{"x": 404.0, "y": 1379.0}, {"x": 709.0, "y": 1379.0}, {"x": 709.0, "y": 1418.0}, {"x": 404.0, "y": 1418.0}]}, "description": " 11/14/2019 01:39 PM"}, {"boundingPoly": {"vertices": [{"x": 367.0, "y": 1585.0}, {"x": 759.0, "y": 1586.0}, {"x": 759.0, "y": 1623.0}, {"x": 367.0, "y": 1623.0}]}, "description": "Join our loyalty program"}, {"boundingPoly": {"vertices": [{"x": 411.0, "y": 1627.0}, {"x": 711.0, "y": 1625.0}, {"x": 711.0, "y": 1662.0}, {"x": 411.0, "y": 1664.0}]}, "description": "Starbucks Rewards\u00ae"}, {"boundingPoly": {"vertices": [{"x": 316.0, "y": 1667.0}, {"x": 807.0, "y": 1666.0}, {"x": 808.0, "y": 1703.0}, {"x": 316.0, "y": 1704.0}]}, "description": "Sign up for promotional emails"}, {"boundingPoly": {"vertices": [{"x": 334.0, "y": 1706.0}, {"x": 777.0, "y": 1707.0}, {"x": 776.0, "y": 1745.0}, {"x": 334.0, "y": 1744.0}]}, "description": "Visit Starbucks.com/rewards"}, {"boundingPoly": {"vertices": [{"x": 396.0, "y": 1748.0}, {"x": 713.0, "y": 1751.0}, {"x": 712.0, "y": 1787.0}, {"x": 395.0, "y": 1785.0}]}, "description": "Or download our app"}, {"boundingPoly": {"vertices": [{"x": 365.0, "y": 1789.0}, {"x": 742.0, "y": 1791.0}, {"x": 742.0, "y": 1827.0}, {"x": 365.0, "y": 1825.0}]}, "description": "At participating stores"}, {"boundingPoly": {"vertices": [{"x": 362.0, "y": 1830.0}, {"x": 744.0, "y": 1831.0}, {"x": 744.0, "y": 1868.0}, {"x": 361.0, "y": 1864.0}]}, "description": "Some restrictions apply"}]}