{"textAnnotations": [{"boundingPoly": {"vertices": [{"x": 95.0, "y": 63.0}, {"x": 142.0, "y": 63.0}, {"x": 142.0, "y": 80.0}, {"x": 95.0, "y": 80.0}]}, "description": "merchant name"}, {"boundingPoly": {"vertices": [{"x": 56.0, "y": 80.0}, {"x": 275.0, "y": 81.0}, {"x": 275.0, "y": 98.0}, {"x": 56.0, "y": 97.0}]}, "description": "merchant address"}, {"boundingPoly": {"vertices": [{"x": 97.0, "y": 99.0}, {"x": 249.0, "y": 100.0}, {"x": 248.0, "y": 117.0}, {"x": 97.0, "y": 116.0}]}, "description": "merchant address"}, {"boundingPoly": {"vertices": [{"x": 96.0, "y": 117.0}, {"x": 289.0, "y": 117.0}, {"x": 289.0, "y": 135.0}, {"x": 96.0, "y": 135.0}]}, "description": "merchant phone"}, {"boundingPoly": {"vertices": [{"x": 154.0, "y": 63.0}, {"x": 249.0, "y": 63.0}, {"x": 249.0, "y": 80.0}, {"x": 154.0, "y": 80.0}]}, "description": "merchant name"}, {"boundingPoly": {"vertices": [{"x": 44.0, "y": 114.0}, {"x": 85.0, "y": 114.0}, {"x": 85.0, "y": 133.0}, {"x": 44.0, "y": 133.0}]}, "description": " TEL"}, {"boundingPoly": {"vertices": [{"x": 30.0, "y": 168.0}, {"x": 127.0, "y": 168.0}, {"x": 127.0, "y": 188.0}, {"x": 30.0, "y": 188.0}]}, "description": " TERMINAL I.D .:"}, {"boundingPoly": {"vertices": [{"x": 28.0, "y": 186.0}, {"x": 105.0, "y": 186.0}, {"x": 105.0, "y": 205.0}, {"x": 28.0, "y": 205.0}]}, "description": " MERCHANT #:"}, {"boundingPoly": {"vertices": [{"x": 302.0, "y": 169.0}, {"x": 316.0, "y": 169.0}, {"x": 316.0, "y": 183.0}, {"x": 302.0, "y": 183.0}]}, "description": "$0"}, {"boundingPoly": {"vertices": [{"x": 239.0, "y": 189.0}, {"x": 317.0, "y": 188.0}, {"x": 317.0, "y": 202.0}, {"x": 240.0, "y": 204.0}]}, "description": "04417174323"}, {"boundingPoly": {"vertices": [{"x": 30.0, "y": 224.0}, {"x": 58.0, "y": 224.0}, {"x": 58.0, "y": 240.0}, {"x": 29.0, "y": 239.0}]}, "description": "CR"}, {"boundingPoly": {"vertices": [{"x": 30.0, "y": 242.0}, {"x": 165.0, "y": 242.0}, {"x": 165.0, "y": 261.0}, {"x": 30.0, "y": 261.0}]}, "description": " EXP .:** / **"}, {"boundingPoly": {"vertices": [{"x": 111.0, "y": 227.0}, {"x": 316.0, "y": 224.0}, {"x": 316.0, "y": 240.0}, {"x": 111.0, "y": 243.0}]}, "description": "379040 ***** 1002"}, {"boundingPoly": {"vertices": [{"x": 258.0, "y": 244.0}, {"x": 316.0, "y": 243.0}, {"x": 316.0, "y": 258.0}, {"x": 258.0, "y": 260.0}]}, "description": "CHIP"}, {"boundingPoly": {"vertices": [{"x": 97.0, "y": 281.0}, {"x": 316.0, "y": 278.0}, {"x": 317.0, "y": 294.0}, {"x": 97.0, "y": 297.0}]}, "description": "AMERICAN EXPRESS"}, {"boundingPoly": {"vertices": [{"x": 42.0, "y": 296.0}, {"x": 165.0, "y": 296.0}, {"x": 165.0, "y": 315.0}, {"x": 42.0, "y": 315.0}]}, "description": " PURCHASE]"}, {"boundingPoly": {"vertices": [{"x": 31.0, "y": 295.0}, {"x": 39.0, "y": 295.0}, {"x": 39.0, "y": 312.0}, {"x": 31.0, "y": 312.0}]}, "description": " ["}, {"boundingPoly": {"vertices": [{"x": 31.0, "y": 333.0}, {"x": 109.0, "y": 333.0}, {"x": 109.0, "y": 349.0}, {"x": 31.0, "y": 349.0}]}, "description": " BATCH:"}, {"boundingPoly": {"vertices": [{"x": 30.0, "y": 350.0}, {"x": 152.0, "y": 351.0}, {"x": 152.0, "y": 368.0}, {"x": 30.0, "y": 366.0}]}, "description": "DATE (MM/DD/YY)"}, {"boundingPoly": {"vertices": [{"x": 33.0, "y": 369.0}, {"x": 82.0, "y": 369.0}, {"x": 82.0, "y": 385.0}, {"x": 33.0, "y": 385.0}]}, "description": " TIME"}, {"boundingPoly": {"vertices": [{"x": 33.0, "y": 388.0}, {"x": 121.0, "y": 388.0}, {"x": 121.0, "y": 403.0}, {"x": 33.0, "y": 403.0}]}, "description": " TRACEH:"}, {"boundingPoly": {"vertices": [{"x": 31.0, "y": 406.0}, {"x": 109.0, "y": 406.0}, {"x": 109.0, "y": 421.0}, {"x": 31.0, "y": 421.0}]}, "description": " AUTH#:"}, {"boundingPoly": {"vertices": [{"x": 30.0, "y": 424.0}, {"x": 96.0, "y": 424.0}, {"x": 96.0, "y": 439.0}, {"x": 30.0, "y": 439.0}]}, "description": " REF#:"}, {"boundingPoly": {"vertices": [{"x": 232.0, "y": 334.0}, {"x": 315.0, "y": 333.0}, {"x": 315.0, "y": 348.0}, {"x": 232.0, "y": 348.0}]}, "description": "000013"}, {"boundingPoly": {"vertices": [{"x": 205.0, "y": 351.0}, {"x": 316.0, "y": 350.0}, {"x": 316.0, "y": 365.0}, {"x": 205.0, "y": 367.0}]}, "description": "12/12/19"}, {"boundingPoly": {"vertices": [{"x": 205.0, "y": 369.0}, {"x": 314.0, "y": 369.0}, {"x": 314.0, "y": 385.0}, {"x": 205.0, "y": 385.0}]}, "description": " 11:46:44"}, {"boundingPoly": {"vertices": [{"x": 232.0, "y": 387.0}, {"x": 315.0, "y": 386.0}, {"x": 315.0, "y": 401.0}, {"x": 232.0, "y": 402.0}]}, "description": "005644"}, {"boundingPoly": {"vertices": [{"x": 231.0, "y": 405.0}, {"x": 314.0, "y": 404.0}, {"x": 314.0, "y": 420.0}, {"x": 231.0, "y": 421.0}]}, "description": "899751"}, {"boundingPoly": {"vertices": [{"x": 151.0, "y": 424.0}, {"x": 314.0, "y": 423.0}, {"x": 314.0, "y": 437.0}, {"x": 151.0, "y": 439.0}]}, "description": "121200005644"}, {"boundingPoly": {"vertices": [{"x": 84.0, "y": 370.0}, {"x": 95.0, "y": 370.0}, {"x": 95.0, "y": 385.0}, {"x": 84.0, "y": 385.0}]}, "description": " :"}, {"boundingPoly": {"vertices": [{"x": 31.0, "y": 459.0}, {"x": 88.0, "y": 459.0}, {"x": 88.0, "y": 474.0}, {"x": 31.0, "y": 474.0}]}, "description": " AID:"}, {"boundingPoly": {"vertices": [{"x": 33.0, "y": 477.0}, {"x": 87.0, "y": 477.0}, {"x": 87.0, "y": 492.0}, {"x": 33.0, "y": 492.0}]}, "description": " TVR:"}, {"boundingPoly": {"vertices": [{"x": 33.0, "y": 494.0}, {"x": 83.0, "y": 494.0}, {"x": 83.0, "y": 510.0}, {"x": 33.0, "y": 510.0}]}, "description": " TSI:"}, {"boundingPoly": {"vertices": [{"x": 97.0, "y": 459.0}, {"x": 313.0, "y": 459.0}, {"x": 313.0, "y": 474.0}, {"x": 97.0, "y": 474.0}]}, "description": " A000000025010801"}, {"boundingPoly": {"vertices": [{"x": 178.0, "y": 477.0}, {"x": 315.0, "y": 477.0}, {"x": 315.0, "y": 490.0}, {"x": 178.0, "y": 491.0}]}, "description": "0000008000"}, {"boundingPoly": {"vertices": [{"x": 256.0, "y": 494.0}, {"x": 315.0, "y": 494.0}, {"x": 315.0, "y": 508.0}, {"x": 256.0, "y": 508.0}]}, "description": "F800"}, {"boundingPoly": {"vertices": [{"x": 270.0, "y": 548.0}, {"x": 313.0, "y": 549.0}, {"x": 313.0, "y": 564.0}, {"x": 270.0, "y": 563.0}]}, "description": "BSD"}, {"boundingPoly": {"vertices": [{"x": 230.0, "y": 567.0}, {"x": 314.0, "y": 568.0}, {"x": 313.0, "y": 583.0}, {"x": 230.0, "y": 581.0}]}, "description": "$31.10"}, {"boundingPoly": {"vertices": [{"x": 32.0, "y": 566.0}, {"x": 99.0, "y": 567.0}, {"x": 99.0, "y": 582.0}, {"x": 32.0, "y": 582.0}]}, "description": "TOTAL"}, {"boundingPoly": {"vertices": [{"x": 32.0, "y": 601.0}, {"x": 142.0, "y": 600.0}, {"x": 142.0, "y": 616.0}, {"x": 32.0, "y": 617.0}]}, "description": "APPROVED"}, {"boundingPoly": {"vertices": [{"x": 151.0, "y": 596.0}, {"x": 302.0, "y": 595.0}, {"x": 302.0, "y": 618.0}, {"x": 151.0, "y": 619.0}]}, "description": "- THANK YOU"}, {"boundingPoly": {"vertices": [{"x": 31.0, "y": 673.0}, {"x": 106.0, "y": 674.0}, {"x": 106.0, "y": 690.0}, {"x": 30.0, "y": 688.0}]}, "description": "SIGN X"}, {"boundingPoly": {"vertices": [{"x": 70.0, "y": 726.0}, {"x": 265.0, "y": 728.0}, {"x": 265.0, "y": 745.0}, {"x": 70.0, "y": 742.0}]}, "description": "THANK YOU. PLEASE COME AGAIN."}, {"boundingPoly": {"vertices": [{"x": 55.0, "y": 744.0}, {"x": 281.0, "y": 747.0}, {"x": 280.0, "y": 764.0}, {"x": 55.0, "y": 759.0}]}, "description": "RETAIN THIS COPY FOR YOUR RECORDS"}, {"boundingPoly": {"vertices": [{"x": 83.0, "y": 762.0}, {"x": 260.0, "y": 765.0}, {"x": 259.0, "y": 782.0}, {"x": 83.0, "y": 777.0}]}, "description": "CUSTOMER COPY"}]}