{"textAnnotations": [{"boundingPoly": {"vertices": [{"x": 316.0, "y": 104.0}, {"x": 345.0, "y": 103.0}, {"x": 346.0, "y": 111.0}, {"x": 316.0, "y": 112.0}]}, "description": "merchant name"}, {"boundingPoly": {"vertices": [{"x": 312.0, "y": 111.0}, {"x": 361.0, "y": 111.0}, {"x": 361.0, "y": 123.0}, {"x": 312.0, "y": 123.0}]}, "description": "merchant address"}, {"boundingPoly": {"vertices": [{"x": 308.0, "y": 132.0}, {"x": 359.0, "y": 129.0}, {"x": 360.0, "y": 139.0}, {"x": 308.0, "y": 142.0}]}, "description": "merchant phone"}, {"boundingPoly": {"vertices": [{"x": 304.0, "y": 114.0}, {"x": 311.0, "y": 114.0}, {"x": 311.0, "y": 124.0}, {"x": 304.0, "y": 124.0}]}, "description": "merchant address"}, {"boundingPoly": {"vertices": [{"x": 297.0, "y": 123.0}, {"x": 376.0, "y": 118.0}, {"x": 377.0, "y": 128.0}, {"x": 297.0, "y": 132.0}]}, "description": "merchant address"}, {"boundingPoly": {"vertices": [{"x": 130.0, "y": 137.0}, {"x": 160.0, "y": 137.0}, {"x": 160.0, "y": 152.0}, {"x": 130.0, "y": 152.0}]}, "description": "merchant name"}, {"boundingPoly": {"vertices": [{"x": 115.0, "y": 152.0}, {"x": 176.0, "y": 152.0}, {"x": 176.0, "y": 162.0}, {"x": 115.0, "y": 163.0}]}, "description": "merchant address"}, {"boundingPoly": {"vertices": [{"x": 99.0, "y": 162.0}, {"x": 191.0, "y": 162.0}, {"x": 191.0, "y": 173.0}, {"x": 99.0, "y": 173.0}]}, "description": "merchant address"}, {"boundingPoly": {"vertices": [{"x": 120.0, "y": 173.0}, {"x": 174.0, "y": 173.0}, {"x": 174.0, "y": 184.0}, {"x": 120.0, "y": 184.0}]}, "description": "merchant phone"}, {"boundingPoly": {"vertices": [{"x": 268.0, "y": 154.0}, {"x": 303.0, "y": 154.0}, {"x": 303.0, "y": 169.0}, {"x": 268.0, "y": 169.0}]}, "description": " Dete/Time:"}, {"boundingPoly": {"vertices": [{"x": 271.0, "y": 180.0}, {"x": 312.0, "y": 180.0}, {"x": 312.0, "y": 198.0}, {"x": 271.0, "y": 198.0}]}, "description": " EC Tran 10:"}, {"boundingPoly": {"vertices": [{"x": 271.0, "y": 201.0}, {"x": 293.0, "y": 201.0}, {"x": 293.0, "y": 215.0}, {"x": 271.0, "y": 215.0}]}, "description": " tele:"}, {"boundingPoly": {"vertices": [{"x": 268.0, "y": 163.0}, {"x": 316.0, "y": 163.0}, {"x": 316.0, "y": 181.0}, {"x": 268.0, "y": 181.0}]}, "description": " Order Haber:"}, {"boundingPoly": {"vertices": [{"x": 316.0, "y": 157.0}, {"x": 383.0, "y": 157.0}, {"x": 383.0, "y": 172.0}, {"x": 316.0, "y": 172.0}]}, "description": " 2019-12-11 07:48 F"}, {"boundingPoly": {"vertices": [{"x": 316.0, "y": 170.0}, {"x": 337.0, "y": 171.0}, {"x": 337.0, "y": 181.0}, {"x": 316.0, "y": 180.0}]}, "description": "19962"}, {"boundingPoly": {"vertices": [{"x": 314.0, "y": 180.0}, {"x": 341.0, "y": 180.0}, {"x": 340.0, "y": 190.0}, {"x": 314.0, "y": 189.0}]}, "description": "CREDIT"}, {"boundingPoly": {"vertices": [{"x": 315.0, "y": 189.0}, {"x": 353.0, "y": 189.0}, {"x": 353.0, "y": 198.0}, {"x": 315.0, "y": 199.0}]}, "description": "720221000"}, {"boundingPoly": {"vertices": [{"x": 69.0, "y": 195.0}, {"x": 98.0, "y": 195.0}, {"x": 98.0, "y": 206.0}, {"x": 69.0, "y": 206.0}]}, "description": " Server:"}, {"boundingPoly": {"vertices": [{"x": 100.0, "y": 195.0}, {"x": 123.0, "y": 195.0}, {"x": 123.0, "y": 206.0}, {"x": 100.0, "y": 206.0}]}, "description": " damin"}, {"boundingPoly": {"vertices": [{"x": 183.0, "y": 195.0}, {"x": 214.0, "y": 195.0}, {"x": 214.0, "y": 206.0}, {"x": 183.0, "y": 206.0}]}, "description": " Station:"}, {"boundingPoly": {"vertices": [{"x": 216.0, "y": 195.0}, {"x": 224.0, "y": 195.0}, {"x": 224.0, "y": 206.0}, {"x": 216.0, "y": 206.0}]}, "description": " 2"}, {"boundingPoly": {"vertices": [{"x": 70.0, "y": 216.0}, {"x": 103.0, "y": 216.0}, {"x": 103.0, "y": 227.0}, {"x": 70.0, "y": 227.0}]}, "description": " Order #:"}, {"boundingPoly": {"vertices": [{"x": 70.0, "y": 227.0}, {"x": 95.0, "y": 227.0}, {"x": 95.0, "y": 238.0}, {"x": 70.0, "y": 238.0}]}, "description": " Table:"}, {"boundingPoly": {"vertices": [{"x": 105.0, "y": 216.0}, {"x": 127.0, "y": 216.0}, {"x": 127.0, "y": 228.0}, {"x": 105.0, "y": 228.0}]}, "description": " 79962"}, {"boundingPoly": {"vertices": [{"x": 97.0, "y": 228.0}, {"x": 108.0, "y": 228.0}, {"x": 108.0, "y": 238.0}, {"x": 97.0, "y": 238.0}]}, "description": " 33"}, {"boundingPoly": {"vertices": [{"x": 193.0, "y": 217.0}, {"x": 223.0, "y": 217.0}, {"x": 223.0, "y": 227.0}, {"x": 193.0, "y": 227.0}]}, "description": "Dine In"}, {"boundingPoly": {"vertices": [{"x": 188.0, "y": 228.0}, {"x": 216.0, "y": 228.0}, {"x": 216.0, "y": 239.0}, {"x": 188.0, "y": 239.0}]}, "description": " Guests:"}, {"boundingPoly": {"vertices": [{"x": 217.0, "y": 228.0}, {"x": 223.0, "y": 228.0}, {"x": 223.0, "y": 238.0}, {"x": 217.0, "y": 238.0}]}, "description": " 1"}, {"boundingPoly": {"vertices": [{"x": 71.0, "y": 248.0}, {"x": 128.0, "y": 248.0}, {"x": 128.0, "y": 260.0}, {"x": 71.0, "y": 259.0}]}, "description": "1 Chili Paneer"}, {"boundingPoly": {"vertices": [{"x": 71.0, "y": 258.0}, {"x": 123.0, "y": 259.0}, {"x": 123.0, "y": 270.0}, {"x": 71.0, "y": 269.0}]}, "description": "1 Dal Makhani"}, {"boundingPoly": {"vertices": [{"x": 72.0, "y": 269.0}, {"x": 120.0, "y": 271.0}, {"x": 120.0, "y": 281.0}, {"x": 72.0, "y": 279.0}]}, "description": "1 butter nan"}, {"boundingPoly": {"vertices": [{"x": 73.0, "y": 289.0}, {"x": 113.0, "y": 289.0}, {"x": 113.0, "y": 298.0}, {"x": 73.0, "y": 298.0}]}, "description": "SUB TOTALE"}, {"boundingPoly": {"vertices": [{"x": 72.0, "y": 299.0}, {"x": 122.0, "y": 299.0}, {"x": 122.0, "y": 309.0}, {"x": 72.0, "y": 309.0}]}, "description": " NY State Tax:"}, {"boundingPoly": {"vertices": [{"x": 71.0, "y": 307.0}, {"x": 96.0, "y": 307.0}, {"x": 96.0, "y": 318.0}, {"x": 71.0, "y": 318.0}]}, "description": " Tax 2:"}, {"boundingPoly": {"vertices": [{"x": 203.0, "y": 249.0}, {"x": 223.0, "y": 249.0}, {"x": 223.0, "y": 260.0}, {"x": 203.0, "y": 260.0}]}, "description": "12.00"}, {"boundingPoly": {"vertices": [{"x": 203.0, "y": 260.0}, {"x": 224.0, "y": 260.0}, {"x": 224.0, "y": 270.0}, {"x": 204.0, "y": 270.0}]}, "description": "16.00"}, {"boundingPoly": {"vertices": [{"x": 206.0, "y": 271.0}, {"x": 224.0, "y": 270.0}, {"x": 224.0, "y": 280.0}, {"x": 206.0, "y": 280.0}]}, "description": "3.00"}, {"boundingPoly": {"vertices": [{"x": 274.0, "y": 238.0}, {"x": 304.0, "y": 240.0}, {"x": 302.0, "y": 257.0}, {"x": 274.0, "y": 255.0}]}, "description": "APPROVAL"}, {"boundingPoly": {"vertices": [{"x": 273.0, "y": 265.0}, {"x": 315.0, "y": 265.0}, {"x": 315.0, "y": 278.0}, {"x": 273.0, "y": 278.0}]}, "description": " Entry Mode:"}, {"boundingPoly": {"vertices": [{"x": 274.0, "y": 277.0}, {"x": 319.0, "y": 277.0}, {"x": 319.0, "y": 288.0}, {"x": 274.0, "y": 288.0}]}, "description": " Card Number:"}, {"boundingPoly": {"vertices": [{"x": 274.0, "y": 287.0}, {"x": 318.0, "y": 287.0}, {"x": 318.0, "y": 298.0}, {"x": 274.0, "y": 298.0}]}, "description": " Card Expire:"}, {"boundingPoly": {"vertices": [{"x": 273.0, "y": 298.0}, {"x": 313.0, "y": 298.0}, {"x": 313.0, "y": 309.0}, {"x": 273.0, "y": 309.0}]}, "description": " Card Type:"}, {"boundingPoly": {"vertices": [{"x": 274.0, "y": 309.0}, {"x": 333.0, "y": 309.0}, {"x": 333.0, "y": 318.0}, {"x": 274.0, "y": 318.0}]}, "description": " Cardholder Name:"}, {"boundingPoly": {"vertices": [{"x": 273.0, "y": 318.0}, {"x": 328.0, "y": 318.0}, {"x": 328.0, "y": 328.0}, {"x": 273.0, "y": 328.0}]}, "description": " Approval Code:"}, {"boundingPoly": {"vertices": [{"x": 273.0, "y": 328.0}, {"x": 342.0, "y": 328.0}, {"x": 342.0, "y": 337.0}, {"x": 273.0, "y": 337.0}]}, "description": " Reference Number:"}, {"boundingPoly": {"vertices": [{"x": 342.0, "y": 268.0}, {"x": 366.0, "y": 267.0}, {"x": 366.0, "y": 276.0}, {"x": 343.0, "y": 277.0}]}, "description": "Swiped"}, {"boundingPoly": {"vertices": [{"x": 343.0, "y": 277.0}, {"x": 393.0, "y": 274.0}, {"x": 394.0, "y": 284.0}, {"x": 343.0, "y": 286.0}]}, "description": "XXXXXXXXXXXXXX4C"}, {"boundingPoly": {"vertices": [{"x": 203.0, "y": 290.0}, {"x": 224.0, "y": 290.0}, {"x": 224.0, "y": 298.0}, {"x": 203.0, "y": 299.0}]}, "description": "31.00"}, {"boundingPoly": {"vertices": [{"x": 205.0, "y": 299.0}, {"x": 224.0, "y": 299.0}, {"x": 224.0, "y": 307.0}, {"x": 205.0, "y": 307.0}]}, "description": "2.75"}, {"boundingPoly": {"vertices": [{"x": 206.0, "y": 308.0}, {"x": 223.0, "y": 308.0}, {"x": 223.0, "y": 316.0}, {"x": 206.0, "y": 316.0}]}, "description": "0.00"}, {"boundingPoly": {"vertices": [{"x": 344.0, "y": 297.0}, {"x": 395.0, "y": 295.0}, {"x": 396.0, "y": 305.0}, {"x": 345.0, "y": 307.0}]}, "description": "American Expr"}, {"boundingPoly": {"vertices": [{"x": 348.0, "y": 317.0}, {"x": 373.0, "y": 315.0}, {"x": 374.0, "y": 323.0}, {"x": 348.0, "y": 325.0}]}, "description": "522333"}, {"boundingPoly": {"vertices": [{"x": 68.0, "y": 328.0}, {"x": 92.0, "y": 328.0}, {"x": 92.0, "y": 346.0}, {"x": 68.0, "y": 346.0}]}, "description": " TOTAL:"}, {"boundingPoly": {"vertices": [{"x": 196.0, "y": 329.0}, {"x": 223.0, "y": 328.0}, {"x": 224.0, "y": 344.0}, {"x": 196.0, "y": 345.0}]}, "description": "$33.75"}, {"boundingPoly": {"vertices": [{"x": 108.0, "y": 356.0}, {"x": 153.0, "y": 356.0}, {"x": 153.0, "y": 374.0}, {"x": 108.0, "y": 374.0}]}, "description": " >> Ticket #:"}, {"boundingPoly": {"vertices": [{"x": 103.0, "y": 372.0}, {"x": 183.0, "y": 372.0}, {"x": 183.0, "y": 384.0}, {"x": 103.0, "y": 384.0}]}, "description": " 12/11/2019 7:07:40 PM"}, {"boundingPoly": {"vertices": [{"x": 156.0, "y": 356.0}, {"x": 181.0, "y": 356.0}, {"x": 181.0, "y": 373.0}, {"x": 156.0, "y": 373.0}]}, "description": " 74 <<"}, {"boundingPoly": {"vertices": [{"x": 275.0, "y": 345.0}, {"x": 314.0, "y": 345.0}, {"x": 314.0, "y": 362.0}, {"x": 275.0, "y": 362.0}]}, "description": " PURCHASE:"}, {"boundingPoly": {"vertices": [{"x": 278.0, "y": 372.0}, {"x": 318.0, "y": 372.0}, {"x": 318.0, "y": 390.0}, {"x": 278.0, "y": 390.0}]}, "description": " Gratuity:"}, {"boundingPoly": {"vertices": [{"x": 282.0, "y": 399.0}, {"x": 307.0, "y": 399.0}, {"x": 307.0, "y": 419.0}, {"x": 282.0, "y": 419.0}]}, "description": " Total:"}, {"boundingPoly": {"vertices": [{"x": 297.0, "y": 428.0}, {"x": 436.0, "y": 424.0}, {"x": 437.0, "y": 437.0}, {"x": 298.0, "y": 441.0}]}, "description": "Cardmember acknowledges receipt of"}, {"boundingPoly": {"vertices": [{"x": 416.0, "y": 446.0}, {"x": 445.0, "y": 446.0}, {"x": 445.0, "y": 459.0}, {"x": 416.0, "y": 459.0}]}, "description": " agrees"}, {"boundingPoly": {"vertices": [{"x": 293.0, "y": 480.0}, {"x": 454.0, "y": 467.0}, {"x": 455.0, "y": 479.0}, {"x": 293.0, "y": 493.0}]}, "description": "by cardmember's agreement with issuer"}, {"boundingPoly": {"vertices": [{"x": 406.0, "y": 341.0}, {"x": 435.0, "y": 337.0}, {"x": 437.0, "y": 354.0}, {"x": 409.0, "y": 358.0}]}, "description": "$33 .75"}, {"boundingPoly": {"vertices": [{"x": 409.0, "y": 356.0}, {"x": 442.0, "y": 352.0}, {"x": 444.0, "y": 378.0}, {"x": 411.0, "y": 382.0}]}, "description": "S"}, {"boundingPoly": {"vertices": [{"x": 397.0, "y": 387.0}, {"x": 459.0, "y": 384.0}, {"x": 460.0, "y": 410.0}, {"x": 399.0, "y": 411.0}]}, "description": "38 5"}, {"boundingPoly": {"vertices": [{"x": 123.0, "y": 394.0}, {"x": 163.0, "y": 394.0}, {"x": 163.0, "y": 404.0}, {"x": 123.0, "y": 404.0}]}, "description": "THANK YOU!"}, {"boundingPoly": {"vertices": [{"x": 294.0, "y": 442.0}, {"x": 438.0, "y": 436.0}, {"x": 438.0, "y": 448.0}, {"x": 294.0, "y": 453.0}]}, "description": "goods and/or services in the amount"}, {"boundingPoly": {"vertices": [{"x": 295.0, "y": 451.0}, {"x": 348.0, "y": 451.0}, {"x": 348.0, "y": 467.0}, {"x": 295.0, "y": 467.0}]}, "description": " of the total"}, {"boundingPoly": {"vertices": [{"x": 350.0, "y": 450.0}, {"x": 372.0, "y": 450.0}, {"x": 372.0, "y": 463.0}, {"x": 350.0, "y": 463.0}]}, "description": " shown"}, {"boundingPoly": {"vertices": [{"x": 374.0, "y": 449.0}, {"x": 397.0, "y": 449.0}, {"x": 397.0, "y": 461.0}, {"x": 374.0, "y": 461.0}]}, "description": " heron"}, {"boundingPoly": {"vertices": [{"x": 399.0, "y": 448.0}, {"x": 413.0, "y": 448.0}, {"x": 413.0, "y": 460.0}, {"x": 399.0, "y": 460.0}]}, "description": " and"}, {"boundingPoly": {"vertices": [{"x": 296.0, "y": 467.0}, {"x": 451.0, "y": 455.0}, {"x": 452.0, "y": 466.0}, {"x": 296.0, "y": 479.0}]}, "description": "to perform the obligations set forth"}, {"boundingPoly": {"vertices": [{"x": 311.0, "y": 515.0}, {"x": 359.0, "y": 515.0}, {"x": 359.0, "y": 531.0}, {"x": 311.0, "y": 531.0}]}, "description": " Signature:"}]}