{"textAnnotations": [{"boundingPoly": {"vertices": [{"x": 366.0, "y": 632.0}, {"x": 1056.0, "y": 634.0}, {"x": 1056.0, "y": 687.0}, {"x": 366.0, "y": 684.0}]}, "description": "merchant address"}, {"boundingPoly": {"vertices": [{"x": 407.0, "y": 684.0}, {"x": 1028.0, "y": 683.0}, {"x": 1029.0, "y": 729.0}, {"x": 407.0, "y": 732.0}]}, "description": "merchant name"}, {"boundingPoly": {"vertices": [{"x": 537.0, "y": 822.0}, {"x": 767.0, "y": 822.0}, {"x": 767.0, "y": 866.0}, {"x": 537.0, "y": 866.0}]}, "description": " TUE NOVEMBER"}, {"boundingPoly": {"vertices": [{"x": 778.0, "y": 821.0}, {"x": 902.0, "y": 821.0}, {"x": 902.0, "y": 865.0}, {"x": 778.0, "y": 865.0}]}, "description": " 5,2019"}, {"boundingPoly": {"vertices": [{"x": 409.0, "y": 868.0}, {"x": 979.0, "y": 863.0}, {"x": 979.0, "y": 908.0}, {"x": 409.0, "y": 912.0}]}, "description": "CHECK #2117177-1"}, {"boundingPoly": {"vertices": [{"x": 434.0, "y": 960.0}, {"x": 453.0, "y": 960.0}, {"x": 453.0, "y": 1000.0}, {"x": 434.0, "y": 1000.0}]}, "description": " 1"}, {"boundingPoly": {"vertices": [{"x": 434.0, "y": 1006.0}, {"x": 458.0, "y": 1006.0}, {"x": 458.0, "y": 1044.0}, {"x": 434.0, "y": 1044.0}]}, "description": " 1"}, {"boundingPoly": {"vertices": [{"x": 435.0, "y": 1052.0}, {"x": 457.0, "y": 1052.0}, {"x": 457.0, "y": 1089.0}, {"x": 435.0, "y": 1089.0}]}, "description": " 1"}, {"boundingPoly": {"vertices": [{"x": 434.0, "y": 1094.0}, {"x": 455.0, "y": 1094.0}, {"x": 455.0, "y": 1134.0}, {"x": 434.0, "y": 1134.0}]}, "description": " 1"}, {"boundingPoly": {"vertices": [{"x": 460.0, "y": 959.0}, {"x": 810.0, "y": 959.0}, {"x": 810.0, "y": 1001.0}, {"x": 460.0, "y": 1001.0}]}, "description": " BAGEL W/CREAMCHEESE"}, {"boundingPoly": {"vertices": [{"x": 464.0, "y": 1003.0}, {"x": 679.0, "y": 1003.0}, {"x": 679.0, "y": 1044.0}, {"x": 464.0, "y": 1044.0}]}, "description": " -PLAIN BAGEL"}, {"boundingPoly": {"vertices": [{"x": 464.0, "y": 1047.0}, {"x": 796.0, "y": 1047.0}, {"x": 796.0, "y": 1089.0}, {"x": 464.0, "y": 1089.0}]}, "description": " -PLAIN CREAMCHEESE"}, {"boundingPoly": {"vertices": [{"x": 462.0, "y": 1090.0}, {"x": 687.0, "y": 1090.0}, {"x": 687.0, "y": 1134.0}, {"x": 462.0, "y": 1134.0}]}, "description": " LG MACCHIATO"}, {"boundingPoly": {"vertices": [{"x": 465.0, "y": 1138.0}, {"x": 630.0, "y": 1136.0}, {"x": 631.0, "y": 1174.0}, {"x": 465.0, "y": 1177.0}]}, "description": "SUB-TOTAL"}, {"boundingPoly": {"vertices": [{"x": 469.0, "y": 1182.0}, {"x": 633.0, "y": 1178.0}, {"x": 634.0, "y": 1217.0}, {"x": 469.0, "y": 1222.0}]}, "description": "SALES TAX"}, {"boundingPoly": {"vertices": [{"x": 417.0, "y": 1229.0}, {"x": 597.0, "y": 1223.0}, {"x": 598.0, "y": 1262.0}, {"x": 419.0, "y": 1268.0}]}, "description": "TOTAL"}, {"boundingPoly": {"vertices": [{"x": 913.0, "y": 955.0}, {"x": 1006.0, "y": 954.0}, {"x": 1007.0, "y": 994.0}, {"x": 913.0, "y": 995.0}]}, "description": "$2.49"}, {"boundingPoly": {"vertices": [{"x": 913.0, "y": 1003.0}, {"x": 1004.0, "y": 1001.0}, {"x": 1006.0, "y": 1038.0}, {"x": 915.0, "y": 1040.0}]}, "description": "$0.00"}, {"boundingPoly": {"vertices": [{"x": 913.0, "y": 1047.0}, {"x": 1005.0, "y": 1045.0}, {"x": 1007.0, "y": 1083.0}, {"x": 914.0, "y": 1083.0}]}, "description": "$0.00"}, {"boundingPoly": {"vertices": [{"x": 914.0, "y": 1090.0}, {"x": 1006.0, "y": 1088.0}, {"x": 1008.0, "y": 1124.0}, {"x": 915.0, "y": 1126.0}]}, "description": "$3.99"}, {"boundingPoly": {"vertices": [{"x": 916.0, "y": 1133.0}, {"x": 1007.0, "y": 1133.0}, {"x": 1007.0, "y": 1171.0}, {"x": 917.0, "y": 1170.0}]}, "description": "$6.48"}, {"boundingPoly": {"vertices": [{"x": 913.0, "y": 1176.0}, {"x": 1006.0, "y": 1175.0}, {"x": 1007.0, "y": 1212.0}, {"x": 913.0, "y": 1214.0}]}, "description": "$0.49"}, {"boundingPoly": {"vertices": [{"x": 807.0, "y": 1222.0}, {"x": 987.0, "y": 1218.0}, {"x": 988.0, "y": 1259.0}, {"x": 808.0, "y": 1263.0}]}, "description": "$6.97"}, {"boundingPoly": {"vertices": [{"x": 488.0, "y": 1398.0}, {"x": 585.0, "y": 1398.0}, {"x": 585.0, "y": 1441.0}, {"x": 488.0, "y": 1441.0}]}, "description": " Time:"}, {"boundingPoly": {"vertices": [{"x": 592.0, "y": 1396.0}, {"x": 694.0, "y": 1396.0}, {"x": 694.0, "y": 1438.0}, {"x": 592.0, "y": 1438.0}]}, "description": " 09:34"}, {"boundingPoly": {"vertices": [{"x": 776.0, "y": 1397.0}, {"x": 797.0, "y": 1397.0}, {"x": 797.0, "y": 1437.0}, {"x": 776.0, "y": 1437.0}]}, "description": " 1"}, {"boundingPoly": {"vertices": [{"x": 805.0, "y": 1395.0}, {"x": 959.0, "y": 1395.0}, {"x": 959.0, "y": 1437.0}, {"x": 805.0, "y": 1437.0}]}, "description": " CUSTOMER"}, {"boundingPoly": {"vertices": [{"x": 651.0, "y": 1484.0}, {"x": 778.0, "y": 1483.0}, {"x": 778.0, "y": 1520.0}, {"x": 651.0, "y": 1521.0}]}, "description": "WELCOME"}, {"boundingPoly": {"vertices": [{"x": 546.0, "y": 1571.0}, {"x": 906.0, "y": 1569.0}, {"x": 907.0, "y": 1610.0}, {"x": 546.0, "y": 1614.0}]}, "description": "YOU HAVE BEEN SERVED"}, {"boundingPoly": {"vertices": [{"x": 598.0, "y": 1615.0}, {"x": 907.0, "y": 1615.0}, {"x": 907.0, "y": 1659.0}, {"x": 598.0, "y": 1659.0}]}, "description": " : raquel, espinoza"}, {"boundingPoly": {"vertices": [{"x": 544.0, "y": 1618.0}, {"x": 590.0, "y": 1618.0}, {"x": 590.0, "y": 1659.0}, {"x": 544.0, "y": 1659.0}]}, "description": " BY"}, {"boundingPoly": {"vertices": [{"x": 563.0, "y": 1704.0}, {"x": 890.0, "y": 1702.0}, {"x": 891.0, "y": 1744.0}, {"x": 563.0, "y": 1747.0}]}, "description": "ORDER 023"}, {"boundingPoly": {"vertices": [{"x": 347.0, "y": 1814.0}, {"x": 427.0, "y": 1803.0}, {"x": 429.0, "y": 1841.0}, {"x": 351.0, "y": 1851.0}]}, "description": "AMEX"}, {"boundingPoly": {"vertices": [{"x": 725.0, "y": 1794.0}, {"x": 817.0, "y": 1793.0}, {"x": 818.0, "y": 1834.0}, {"x": 726.0, "y": 1836.0}]}, "description": "$6.97"}, {"boundingPoly": {"vertices": [{"x": 351.0, "y": 1851.0}, {"x": 625.0, "y": 1842.0}, {"x": 626.0, "y": 1879.0}, {"x": 353.0, "y": 1889.0}]}, "description": "*********** 1005"}]}