{"textAnnotations": [{"boundingPoly": {"vertices": [{"x": 626.0, "y": 236.0}, {"x": 1080.0, "y": 251.0}, {"x": 1078.0, "y": 347.0}, {"x": 626.0, "y": 333.0}]}, "description": "merchant name"}, {"boundingPoly": {"vertices": [{"x": 1046.0, "y": 350.0}, {"x": 1064.0, "y": 350.0}, {"x": 1064.0, "y": 395.0}, {"x": 1046.0, "y": 395.0}]}, "description": " :"}, {"boundingPoly": {"vertices": [{"x": 651.0, "y": 338.0}, {"x": 1039.0, "y": 338.0}, {"x": 1039.0, "y": 394.0}, {"x": 651.0, "y": 394.0}]}, "description": " EXPECT MORE. PAY LESS"}, {"boundingPoly": {"vertices": [{"x": 301.0, "y": 438.0}, {"x": 1253.0, "y": 466.0}, {"x": 1251.0, "y": 516.0}, {"x": 301.0, "y": 488.0}]}, "description": "merchant address"}, {"boundingPoly": {"vertices": [{"x": 305.0, "y": 488.0}, {"x": 1274.0, "y": 488.0}, {"x": 1274.0, "y": 567.0}, {"x": 305.0, "y": 567.0}]}, "description": " 11/14/2019 03:32 PM EXPIRES 02/12/20"}, {"boundingPoly": {"vertices": [{"x": 193.0, "y": 712.0}, {"x": 381.0, "y": 718.0}, {"x": 380.0, "y": 766.0}, {"x": 192.0, "y": 761.0}]}, "description": "GROCERY"}, {"boundingPoly": {"vertices": [{"x": 196.0, "y": 763.0}, {"x": 438.0, "y": 769.0}, {"x": 437.0, "y": 817.0}, {"x": 196.0, "y": 810.0}]}, "description": "055020832"}, {"boundingPoly": {"vertices": [{"x": 194.0, "y": 857.0}, {"x": 441.0, "y": 863.0}, {"x": 440.0, "y": 912.0}, {"x": 193.0, "y": 906.0}]}, "description": "055021125"}, {"boundingPoly": {"vertices": [{"x": 613.0, "y": 777.0}, {"x": 878.0, "y": 785.0}, {"x": 876.0, "y": 832.0}, {"x": 611.0, "y": 824.0}]}, "description": "MINIATURES"}, {"boundingPoly": {"vertices": [{"x": 591.0, "y": 823.0}, {"x": 930.0, "y": 835.0}, {"x": 927.0, "y": 883.0}, {"x": 589.0, "y": 872.0}]}, "description": "2 @ $10.99 ea"}, {"boundingPoly": {"vertices": [{"x": 586.0, "y": 921.0}, {"x": 925.0, "y": 929.0}, {"x": 924.0, "y": 979.0}, {"x": 585.0, "y": 970.0}]}, "description": "2 @ $10.49 ea"}, {"boundingPoly": {"vertices": [{"x": 817.0, "y": 1021.0}, {"x": 1018.0, "y": 1023.0}, {"x": 1017.0, "y": 1071.0}, {"x": 817.0, "y": 1067.0}]}, "description": "SUBTOTAL"}, {"boundingPoly": {"vertices": [{"x": 977.0, "y": 790.0}, {"x": 1031.0, "y": 791.0}, {"x": 1031.0, "y": 839.0}, {"x": 977.0, "y": 838.0}]}, "description": "FN"}, {"boundingPoly": {"vertices": [{"x": 1103.0, "y": 793.0}, {"x": 1265.0, "y": 794.0}, {"x": 1264.0, "y": 842.0}, {"x": 1103.0, "y": 841.0}]}, "description": "$21.98"}, {"boundingPoly": {"vertices": [{"x": 607.0, "y": 874.0}, {"x": 858.0, "y": 876.0}, {"x": 858.0, "y": 928.0}, {"x": 606.0, "y": 924.0}]}, "description": "HERSHEY'S"}, {"boundingPoly": {"vertices": [{"x": 971.0, "y": 883.0}, {"x": 1026.0, "y": 885.0}, {"x": 1025.0, "y": 931.0}, {"x": 971.0, "y": 929.0}]}, "description": "FN"}, {"boundingPoly": {"vertices": [{"x": 1097.0, "y": 886.0}, {"x": 1258.0, "y": 886.0}, {"x": 1258.0, "y": 936.0}, {"x": 1097.0, "y": 936.0}]}, "description": "$20.98"}, {"boundingPoly": {"vertices": [{"x": 864.0, "y": 1067.0}, {"x": 1026.0, "y": 1067.0}, {"x": 1025.0, "y": 1116.0}, {"x": 864.0, "y": 1114.0}]}, "description": "NO TAX"}, {"boundingPoly": {"vertices": [{"x": 1090.0, "y": 1025.0}, {"x": 1247.0, "y": 1028.0}, {"x": 1246.0, "y": 1075.0}, {"x": 1089.0, "y": 1072.0}]}, "description": "$42.96"}, {"boundingPoly": {"vertices": [{"x": 1115.0, "y": 1070.0}, {"x": 1247.0, "y": 1076.0}, {"x": 1245.0, "y": 1120.0}, {"x": 1115.0, "y": 1118.0}]}, "description": "$0.00"}, {"boundingPoly": {"vertices": [{"x": 888.0, "y": 1163.0}, {"x": 1019.0, "y": 1164.0}, {"x": 1015.0, "y": 1209.0}, {"x": 890.0, "y": 1207.0}]}, "description": "TOTAL"}, {"boundingPoly": {"vertices": [{"x": 586.0, "y": 1203.0}, {"x": 1016.0, "y": 1208.0}, {"x": 1015.0, "y": 1254.0}, {"x": 586.0, "y": 1249.0}]}, "description": "*1006 AMEX CHARGE"}, {"boundingPoly": {"vertices": [{"x": 738.0, "y": 1254.0}, {"x": 824.0, "y": 1254.0}, {"x": 824.0, "y": 1300.0}, {"x": 738.0, "y": 1300.0}]}, "description": " AID:"}, {"boundingPoly": {"vertices": [{"x": 736.0, "y": 1298.0}, {"x": 1144.0, "y": 1300.0}, {"x": 1144.0, "y": 1349.0}, {"x": 736.0, "y": 1347.0}]}, "description": "AMERICAN EXPRESS"}, {"boundingPoly": {"vertices": [{"x": 1088.0, "y": 1165.0}, {"x": 1250.0, "y": 1165.0}, {"x": 1251.0, "y": 1213.0}, {"x": 1088.0, "y": 1214.0}]}, "description": "$42.96"}, {"boundingPoly": {"vertices": [{"x": 1089.0, "y": 1208.0}, {"x": 1249.0, "y": 1210.0}, {"x": 1249.0, "y": 1258.0}, {"x": 1088.0, "y": 1257.0}]}, "description": "$42.96"}, {"boundingPoly": {"vertices": [{"x": 832.0, "y": 1254.0}, {"x": 1246.0, "y": 1254.0}, {"x": 1246.0, "y": 1305.0}, {"x": 832.0, "y": 1305.0}]}, "description": " A000000025010801"}, {"boundingPoly": {"vertices": [{"x": 212.0, "y": 1434.0}, {"x": 1322.0, "y": 1444.0}, {"x": 1322.0, "y": 1495.0}, {"x": 212.0, "y": 1484.0}]}, "description": "REC#2-9318-1141-0074-1615-7 VCD#759-257-449"}, {"boundingPoly": {"vertices": [{"x": 314.0, "y": 1810.0}, {"x": 1153.0, "y": 1818.0}, {"x": 1153.0, "y": 1864.0}, {"x": 313.0, "y": 1857.0}]}, "description": "Help make your Target Run better."}, {"boundingPoly": {"vertices": [{"x": 215.0, "y": 1853.0}, {"x": 1275.0, "y": 1853.0}, {"x": 1275.0, "y": 1912.0}, {"x": 215.0, "y": 1912.0}]}, "description": " Take a 2 minute survey about today's trip:"}, {"boundingPoly": {"vertices": [{"x": 549.0, "y": 1944.0}, {"x": 962.0, "y": 1946.0}, {"x": 962.0, "y": 2013.0}, {"x": 549.0, "y": 2011.0}]}, "description": "ipformtarget.com"}, {"boundingPoly": {"vertices": [{"x": 794.0, "y": 2040.0}, {"x": 981.0, "y": 2040.0}, {"x": 981.0, "y": 2088.0}, {"x": 794.0, "y": 2088.0}]}, "description": " 583 843"}, {"boundingPoly": {"vertices": [{"x": 442.0, "y": 1981.0}, {"x": 653.0, "y": 1981.0}, {"x": 653.0, "y": 2040.0}, {"x": 442.0, "y": 2040.0}]}, "description": " User ID:"}, {"boundingPoly": {"vertices": [{"x": 520.0, "y": 2041.0}, {"x": 765.0, "y": 2041.0}, {"x": 765.0, "y": 2087.0}, {"x": 520.0, "y": 2087.0}]}, "description": " Password:"}, {"boundingPoly": {"vertices": [{"x": 674.0, "y": 1985.0}, {"x": 1059.0, "y": 1993.0}, {"x": 1057.0, "y": 2045.0}, {"x": 673.0, "y": 2040.0}]}, "description": "7068 1885 9992"}, {"boundingPoly": {"vertices": [{"x": 493.0, "y": 2128.0}, {"x": 998.0, "y": 2128.0}, {"x": 998.0, "y": 2177.0}, {"x": 493.0, "y": 2178.0}]}, "description": "CU\u00c9NTENOS EN ESPA\u00d1OL"}, {"boundingPoly": {"vertices": [{"x": 260.0, "y": 2223.0}, {"x": 1210.0, "y": 2220.0}, {"x": 1210.0, "y": 2268.0}, {"x": 260.0, "y": 2272.0}]}, "description": "Please take this survey within 7 days."}]}