{"textAnnotations": [{"boundingPoly": {"vertices": [{"x": 243.0, "y": 96.0}, {"x": 327.0, "y": 95.0}, {"x": 327.0, "y": 120.0}, {"x": 243.0, "y": 120.0}]}, "description": "WELCOME"}, {"boundingPoly": {"vertices": [{"x": 272.0, "y": 131.0}, {"x": 342.0, "y": 130.0}, {"x": 342.0, "y": 138.0}, {"x": 272.0, "y": 138.0}]}, "description": "-------"}, {"boundingPoly": {"vertices": [{"x": 217.0, "y": 144.0}, {"x": 349.0, "y": 143.0}, {"x": 349.0, "y": 164.0}, {"x": 217.0, "y": 166.0}]}, "description": "ORDER # 379"}, {"boundingPoly": {"vertices": [{"x": 37.0, "y": 127.0}, {"x": 83.0, "y": 128.0}, {"x": 83.0, "y": 134.0}, {"x": 37.0, "y": 133.0}]}, "description": "----"}, {"boundingPoly": {"vertices": [{"x": 365.0, "y": 129.0}, {"x": 404.0, "y": 129.0}, {"x": 404.0, "y": 136.0}, {"x": 365.0, "y": 136.0}]}, "description": "----"}, {"boundingPoly": {"vertices": [{"x": 470.0, "y": 122.0}, {"x": 525.0, "y": 121.0}, {"x": 525.0, "y": 129.0}, {"x": 470.0, "y": 129.0}]}, "description": "-----"}, {"boundingPoly": {"vertices": [{"x": 415.0, "y": 125.0}, {"x": 526.0, "y": 125.0}, {"x": 526.0, "y": 134.0}, {"x": 415.0, "y": 134.0}]}, "description": "---------"}, {"boundingPoly": {"vertices": [{"x": 31.0, "y": 215.0}, {"x": 75.0, "y": 215.0}, {"x": 75.0, "y": 236.0}, {"x": 31.0, "y": 236.0}]}, "description": " Name"}, {"boundingPoly": {"vertices": [{"x": 78.0, "y": 217.0}, {"x": 87.0, "y": 217.0}, {"x": 87.0, "y": 237.0}, {"x": 78.0, "y": 237.0}]}, "description": " :"}, {"boundingPoly": {"vertices": [{"x": 256.0, "y": 240.0}, {"x": 276.0, "y": 239.0}, {"x": 276.0, "y": 246.0}, {"x": 256.0, "y": 246.0}]}, "description": "--"}, {"boundingPoly": {"vertices": [{"x": 30.0, "y": 266.0}, {"x": 76.0, "y": 267.0}, {"x": 76.0, "y": 285.0}, {"x": 30.0, "y": 283.0}]}, "description": "Toca"}, {"boundingPoly": {"vertices": [{"x": 30.0, "y": 287.0}, {"x": 171.0, "y": 286.0}, {"x": 171.0, "y": 307.0}, {"x": 30.0, "y": 309.0}]}, "description": "Device. POS3"}, {"boundingPoly": {"vertices": [{"x": 130.0, "y": 309.0}, {"x": 229.0, "y": 309.0}, {"x": 229.0, "y": 332.0}, {"x": 130.0, "y": 332.0}]}, "description": " Pamela F"}, {"boundingPoly": {"vertices": [{"x": 119.0, "y": 332.0}, {"x": 159.0, "y": 332.0}, {"x": 159.0, "y": 358.0}, {"x": 119.0, "y": 358.0}]}, "description": " POS"}, {"boundingPoly": {"vertices": [{"x": 146.0, "y": 357.0}, {"x": 206.0, "y": 357.0}, {"x": 206.0, "y": 380.0}, {"x": 146.0, "y": 380.0}]}, "description": " 72556"}, {"boundingPoly": {"vertices": [{"x": 99.0, "y": 380.0}, {"x": 216.0, "y": 380.0}, {"x": 216.0, "y": 406.0}, {"x": 99.0, "y": 406.0}]}, "description": " 10/30/2019"}, {"boundingPoly": {"vertices": [{"x": 98.0, "y": 407.0}, {"x": 194.0, "y": 407.0}, {"x": 194.0, "y": 429.0}, {"x": 98.0, "y": 429.0}]}, "description": " 06:48 PM"}, {"boundingPoly": {"vertices": [{"x": 146.0, "y": 263.0}, {"x": 240.0, "y": 260.0}, {"x": 241.0, "y": 281.0}, {"x": 146.0, "y": 285.0}]}, "description": "MDWDCLRS"}, {"boundingPoly": {"vertices": [{"x": 31.0, "y": 310.0}, {"x": 127.0, "y": 310.0}, {"x": 127.0, "y": 332.0}, {"x": 31.0, "y": 332.0}]}, "description": " Cashier:"}, {"boundingPoly": {"vertices": [{"x": 29.0, "y": 332.0}, {"x": 114.0, "y": 332.0}, {"x": 114.0, "y": 358.0}, {"x": 29.0, "y": 358.0}]}, "description": " Origin:"}, {"boundingPoly": {"vertices": [{"x": 29.0, "y": 358.0}, {"x": 142.0, "y": 358.0}, {"x": 142.0, "y": 380.0}, {"x": 29.0, "y": 380.0}]}, "description": " Order ID:"}, {"boundingPoly": {"vertices": [{"x": 30.0, "y": 381.0}, {"x": 94.0, "y": 381.0}, {"x": 94.0, "y": 406.0}, {"x": 30.0, "y": 406.0}]}, "description": " Date:"}, {"boundingPoly": {"vertices": [{"x": 30.0, "y": 406.0}, {"x": 93.0, "y": 406.0}, {"x": 93.0, "y": 430.0}, {"x": 30.0, "y": 430.0}]}, "description": " Time:"}, {"boundingPoly": {"vertices": [{"x": 233.0, "y": 430.0}, {"x": 315.0, "y": 430.0}, {"x": 315.0, "y": 451.0}, {"x": 233.0, "y": 451.0}]}, "description": "Dine In"}, {"boundingPoly": {"vertices": [{"x": 33.0, "y": 461.0}, {"x": 47.0, "y": 461.0}, {"x": 47.0, "y": 470.0}, {"x": 33.0, "y": 471.0}]}, "description": "="}, {"boundingPoly": {"vertices": [{"x": 34.0, "y": 476.0}, {"x": 48.0, "y": 476.0}, {"x": 48.0, "y": 497.0}, {"x": 34.0, "y": 497.0}]}, "description": " 1"}, {"boundingPoly": {"vertices": [{"x": 441.0, "y": 461.0}, {"x": 508.0, "y": 459.0}, {"x": 509.0, "y": 468.0}, {"x": 441.0, "y": 470.0}]}, "description": "====="}, {"boundingPoly": {"vertices": [{"x": 435.0, "y": 475.0}, {"x": 506.0, "y": 473.0}, {"x": 507.0, "y": 498.0}, {"x": 435.0, "y": 500.0}]}, "description": "$12.99"}, {"boundingPoly": {"vertices": [{"x": 453.0, "y": 517.0}, {"x": 510.0, "y": 517.0}, {"x": 509.0, "y": 541.0}, {"x": 454.0, "y": 542.0}]}, "description": "$3.29"}, {"boundingPoly": {"vertices": [{"x": 52.0, "y": 476.0}, {"x": 168.0, "y": 476.0}, {"x": 168.0, "y": 497.0}, {"x": 52.0, "y": 497.0}]}, "description": " Steak Taco"}, {"boundingPoly": {"vertices": [{"x": 33.0, "y": 517.0}, {"x": 46.0, "y": 517.0}, {"x": 46.0, "y": 538.0}, {"x": 33.0, "y": 538.0}]}, "description": " 1"}, {"boundingPoly": {"vertices": [{"x": 30.0, "y": 545.0}, {"x": 54.0, "y": 546.0}, {"x": 54.0, "y": 557.0}, {"x": 29.0, "y": 556.0}]}, "description": "=="}, {"boundingPoly": {"vertices": [{"x": 28.0, "y": 562.0}, {"x": 130.0, "y": 561.0}, {"x": 130.0, "y": 583.0}, {"x": 28.0, "y": 584.0}]}, "description": "Sub-Total"}, {"boundingPoly": {"vertices": [{"x": 28.0, "y": 585.0}, {"x": 133.0, "y": 583.0}, {"x": 133.0, "y": 608.0}, {"x": 28.0, "y": 610.0}]}, "description": "Sales Tax"}, {"boundingPoly": {"vertices": [{"x": 26.0, "y": 609.0}, {"x": 88.0, "y": 609.0}, {"x": 88.0, "y": 632.0}, {"x": 26.0, "y": 632.0}]}, "description": " TOTAL"}, {"boundingPoly": {"vertices": [{"x": 23.0, "y": 633.0}, {"x": 180.0, "y": 633.0}, {"x": 180.0, "y": 657.0}, {"x": 23.0, "y": 657.0}]}, "description": " Paid - Card#:"}, {"boundingPoly": {"vertices": [{"x": 23.0, "y": 658.0}, {"x": 73.0, "y": 658.0}, {"x": 72.0, "y": 678.0}, {"x": 24.0, "y": 680.0}]}, "description": "AMEX"}, {"boundingPoly": {"vertices": [{"x": 50.0, "y": 518.0}, {"x": 168.0, "y": 518.0}, {"x": 168.0, "y": 539.0}, {"x": 50.0, "y": 539.0}]}, "description": " Fuze Lemon"}, {"boundingPoly": {"vertices": [{"x": 415.0, "y": 552.0}, {"x": 432.0, "y": 552.0}, {"x": 432.0, "y": 558.0}, {"x": 414.0, "y": 557.0}]}, "description": "---"}, {"boundingPoly": {"vertices": [{"x": 440.0, "y": 564.0}, {"x": 514.0, "y": 564.0}, {"x": 514.0, "y": 586.0}, {"x": 440.0, "y": 586.0}]}, "description": "$16.28"}, {"boundingPoly": {"vertices": [{"x": 453.0, "y": 588.0}, {"x": 514.0, "y": 588.0}, {"x": 514.0, "y": 610.0}, {"x": 453.0, "y": 609.0}]}, "description": "$1.83"}, {"boundingPoly": {"vertices": [{"x": 441.0, "y": 613.0}, {"x": 513.0, "y": 613.0}, {"x": 513.0, "y": 635.0}, {"x": 441.0, "y": 635.0}]}, "description": "$18.11"}, {"boundingPoly": {"vertices": [{"x": 92.0, "y": 609.0}, {"x": 110.0, "y": 609.0}, {"x": 110.0, "y": 631.0}, {"x": 92.0, "y": 631.0}]}, "description": " -"}, {"boundingPoly": {"vertices": [{"x": 114.0, "y": 609.0}, {"x": 213.0, "y": 609.0}, {"x": 213.0, "y": 632.0}, {"x": 114.0, "y": 632.0}]}, "description": " Plus Tax"}, {"boundingPoly": {"vertices": [{"x": 184.0, "y": 633.0}, {"x": 374.0, "y": 633.0}, {"x": 374.0, "y": 656.0}, {"x": 184.0, "y": 656.0}]}, "description": " ************ 1000"}, {"boundingPoly": {"vertices": [{"x": 24.0, "y": 708.0}, {"x": 104.0, "y": 708.0}, {"x": 104.0, "y": 729.0}, {"x": 24.0, "y": 729.0}]}, "description": "Balance"}, {"boundingPoly": {"vertices": [{"x": 439.0, "y": 687.0}, {"x": 509.0, "y": 687.0}, {"x": 509.0, "y": 708.0}, {"x": 439.0, "y": 708.0}]}, "description": "$18.11"}, {"boundingPoly": {"vertices": [{"x": 449.0, "y": 710.0}, {"x": 506.0, "y": 710.0}, {"x": 505.0, "y": 730.0}, {"x": 449.0, "y": 731.0}]}, "description": "$0.00"}, {"boundingPoly": {"vertices": [{"x": 35.0, "y": 828.0}, {"x": 33.0, "y": 852.0}, {"x": 21.0, "y": 852.0}, {"x": 22.0, "y": 828.0}]}, "description": "X"}, {"boundingPoly": {"vertices": [{"x": 219.0, "y": 936.0}, {"x": 331.0, "y": 936.0}, {"x": 331.0, "y": 960.0}, {"x": 219.0, "y": 960.0}]}, "description": "Thank You"}]}