{"textAnnotations": [{"boundingPoly": {"vertices": [{"x": 160.0, "y": 147.0}, {"x": 205.0, "y": 147.0}, {"x": 205.0, "y": 179.0}, {"x": 160.0, "y": 179.0}]}, "description": " BLE"}, {"boundingPoly": {"vertices": [{"x": 86.0, "y": 199.0}, {"x": 369.0, "y": 199.0}, {"x": 369.0, "y": 241.0}, {"x": 86.0, "y": 241.0}]}, "description": "merchant name"}, {"boundingPoly": {"vertices": [{"x": 145.0, "y": 266.0}, {"x": 284.0, "y": 266.0}, {"x": 284.0, "y": 296.0}, {"x": 145.0, "y": 296.0}]}, "description": "merchant address"}, {"boundingPoly": {"vertices": [{"x": 168.0, "y": 297.0}, {"x": 391.0, "y": 299.0}, {"x": 390.0, "y": 324.0}, {"x": 167.0, "y": 322.0}]}, "description": "merchant address"}, {"boundingPoly": {"vertices": [{"x": 106.0, "y": 323.0}, {"x": 249.0, "y": 323.0}, {"x": 249.0, "y": 351.0}, {"x": 106.0, "y": 351.0}]}, "description": " POS GSTN NO"}, {"boundingPoly": {"vertices": [{"x": 104.0, "y": 350.0}, {"x": 143.0, "y": 350.0}, {"x": 143.0, "y": 379.0}, {"x": 104.0, "y": 379.0}]}, "description": " No"}, {"boundingPoly": {"vertices": [{"x": 208.0, "y": 151.0}, {"x": 276.0, "y": 151.0}, {"x": 276.0, "y": 184.0}, {"x": 208.0, "y": 184.0}]}, "description": " (EBD)"}, {"boundingPoly": {"vertices": [{"x": 210.0, "y": 182.0}, {"x": 252.0, "y": 182.0}, {"x": 252.0, "y": 208.0}, {"x": 210.0, "y": 208.0}]}, "description": " TAX"}, {"boundingPoly": {"vertices": [{"x": 280.0, "y": 156.0}, {"x": 416.0, "y": 156.0}, {"x": 416.0, "y": 189.0}, {"x": 280.0, "y": 189.0}]}, "description": " TOI EXPRESS"}, {"boundingPoly": {"vertices": [{"x": 256.0, "y": 185.0}, {"x": 345.0, "y": 185.0}, {"x": 345.0, "y": 213.0}, {"x": 256.0, "y": 213.0}]}, "description": " INVOICE"}, {"boundingPoly": {"vertices": [{"x": 85.0, "y": 231.0}, {"x": 486.0, "y": 243.0}, {"x": 485.0, "y": 270.0}, {"x": 84.0, "y": 260.0}]}, "description": "merchant address"}, {"boundingPoly": {"vertices": [{"x": 288.0, "y": 270.0}, {"x": 413.0, "y": 270.0}, {"x": 413.0, "y": 297.0}, {"x": 288.0, "y": 297.0}]}, "description": "merchant address"}, {"boundingPoly": {"vertices": [{"x": 374.0, "y": 216.0}, {"x": 418.0, "y": 216.0}, {"x": 418.0, "y": 242.0}, {"x": 374.0, "y": 242.0}]}, "description": "merchant name"}, {"boundingPoly": {"vertices": [{"x": 423.0, "y": 217.0}, {"x": 472.0, "y": 217.0}, {"x": 472.0, "y": 242.0}, {"x": 423.0, "y": 242.0}]}, "description": "merchant name"}, {"boundingPoly": {"vertices": [{"x": 30.0, "y": 346.0}, {"x": 99.0, "y": 346.0}, {"x": 99.0, "y": 377.0}, {"x": 30.0, "y": 377.0}]}, "description": " Order"}, {"boundingPoly": {"vertices": [{"x": 253.0, "y": 326.0}, {"x": 465.0, "y": 326.0}, {"x": 465.0, "y": 351.0}, {"x": 253.0, "y": 351.0}]}, "description": " : 29AABCH7805C1ZR"}, {"boundingPoly": {"vertices": [{"x": 167.0, "y": 355.0}, {"x": 268.0, "y": 355.0}, {"x": 268.0, "y": 379.0}, {"x": 167.0, "y": 379.0}]}, "description": " : 1270259"}, {"boundingPoly": {"vertices": [{"x": 29.0, "y": 407.0}, {"x": 123.0, "y": 407.0}, {"x": 123.0, "y": 436.0}, {"x": 29.0, "y": 436.0}]}, "description": " BILL NO"}, {"boundingPoly": {"vertices": [{"x": 87.0, "y": 437.0}, {"x": 134.0, "y": 437.0}, {"x": 134.0, "y": 462.0}, {"x": 87.0, "y": 462.0}]}, "description": " AND"}, {"boundingPoly": {"vertices": [{"x": 29.0, "y": 464.0}, {"x": 268.0, "y": 464.0}, {"x": 268.0, "y": 493.0}, {"x": 29.0, "y": 493.0}]}, "description": " 11/12/2019 10:45 AM"}, {"boundingPoly": {"vertices": [{"x": 122.0, "y": 493.0}, {"x": 293.0, "y": 493.0}, {"x": 293.0, "y": 523.0}, {"x": 122.0, "y": 523.0}]}, "description": " :KIRAN VR-BLR"}, {"boundingPoly": {"vertices": [{"x": 128.0, "y": 407.0}, {"x": 292.0, "y": 407.0}, {"x": 292.0, "y": 436.0}, {"x": 128.0, "y": 436.0}]}, "description": " : 68801270008"}, {"boundingPoly": {"vertices": [{"x": 26.0, "y": 438.0}, {"x": 82.0, "y": 438.0}, {"x": 82.0, "y": 462.0}, {"x": 26.0, "y": 462.0}]}, "description": " DATE"}, {"boundingPoly": {"vertices": [{"x": 138.0, "y": 437.0}, {"x": 193.0, "y": 437.0}, {"x": 193.0, "y": 462.0}, {"x": 138.0, "y": 462.0}]}, "description": " TIME"}, {"boundingPoly": {"vertices": [{"x": 288.0, "y": 438.0}, {"x": 330.0, "y": 438.0}, {"x": 330.0, "y": 461.0}, {"x": 288.0, "y": 460.0}]}, "description": "PAX"}, {"boundingPoly": {"vertices": [{"x": 300.0, "y": 469.0}, {"x": 316.0, "y": 471.0}, {"x": 316.0, "y": 488.0}, {"x": 300.0, "y": 486.0}]}, "description": "1"}, {"boundingPoly": {"vertices": [{"x": 24.0, "y": 494.0}, {"x": 117.0, "y": 494.0}, {"x": 117.0, "y": 522.0}, {"x": 24.0, "y": 522.0}]}, "description": " CASHIER"}, {"boundingPoly": {"vertices": [{"x": 56.0, "y": 554.0}, {"x": 96.0, "y": 554.0}, {"x": 96.0, "y": 586.0}, {"x": 56.0, "y": 586.0}]}, "description": " Qty"}, {"boundingPoly": {"vertices": [{"x": 102.0, "y": 553.0}, {"x": 164.0, "y": 553.0}, {"x": 164.0, "y": 585.0}, {"x": 102.0, "y": 585.0}]}, "description": " Menu"}, {"boundingPoly": {"vertices": [{"x": 171.0, "y": 551.0}, {"x": 227.0, "y": 551.0}, {"x": 227.0, "y": 584.0}, {"x": 171.0, "y": 584.0}]}, "description": " Item"}, {"boundingPoly": {"vertices": [{"x": 352.0, "y": 555.0}, {"x": 413.0, "y": 556.0}, {"x": 412.0, "y": 582.0}, {"x": 352.0, "y": 581.0}]}, "description": "Rate"}, {"boundingPoly": {"vertices": [{"x": 447.0, "y": 558.0}, {"x": 528.0, "y": 558.0}, {"x": 528.0, "y": 581.0}, {"x": 447.0, "y": 581.0}]}, "description": "Amount"}, {"boundingPoly": {"vertices": [{"x": 22.0, "y": 616.0}, {"x": 188.0, "y": 616.0}, {"x": 188.0, "y": 648.0}, {"x": 22.0, "y": 648.0}]}, "description": " SAC/HSN Code:"}, {"boundingPoly": {"vertices": [{"x": 105.0, "y": 648.0}, {"x": 280.0, "y": 648.0}, {"x": 280.0, "y": 676.0}, {"x": 105.0, "y": 676.0}]}, "description": " FILTER COFFEE"}, {"boundingPoly": {"vertices": [{"x": 194.0, "y": 615.0}, {"x": 278.0, "y": 615.0}, {"x": 278.0, "y": 644.0}, {"x": 194.0, "y": 644.0}]}, "description": " 996331"}, {"boundingPoly": {"vertices": [{"x": 86.0, "y": 650.0}, {"x": 101.0, "y": 650.0}, {"x": 101.0, "y": 677.0}, {"x": 86.0, "y": 677.0}]}, "description": " 1"}, {"boundingPoly": {"vertices": [{"x": 343.0, "y": 649.0}, {"x": 435.0, "y": 649.0}, {"x": 435.0, "y": 678.0}, {"x": 343.0, "y": 678.0}]}, "description": " 109.00"}, {"boundingPoly": {"vertices": [{"x": 451.0, "y": 650.0}, {"x": 537.0, "y": 650.0}, {"x": 537.0, "y": 679.0}, {"x": 451.0, "y": 679.0}]}, "description": " 109.00"}, {"boundingPoly": {"vertices": [{"x": 107.0, "y": 714.0}, {"x": 172.0, "y": 713.0}, {"x": 172.0, "y": 740.0}, {"x": 107.0, "y": 740.0}]}, "description": "Total"}, {"boundingPoly": {"vertices": [{"x": 455.0, "y": 719.0}, {"x": 539.0, "y": 719.0}, {"x": 539.0, "y": 746.0}, {"x": 455.0, "y": 745.0}]}, "description": "109.00"}, {"boundingPoly": {"vertices": [{"x": 103.0, "y": 780.0}, {"x": 225.0, "y": 782.0}, {"x": 224.0, "y": 810.0}, {"x": 102.0, "y": 808.0}]}, "description": "CGST 2.5%"}, {"boundingPoly": {"vertices": [{"x": 101.0, "y": 813.0}, {"x": 223.0, "y": 816.0}, {"x": 222.0, "y": 846.0}, {"x": 100.0, "y": 842.0}]}, "description": "SGST 2.5%"}, {"boundingPoly": {"vertices": [{"x": 481.0, "y": 787.0}, {"x": 542.0, "y": 787.0}, {"x": 541.0, "y": 816.0}, {"x": 480.0, "y": 815.0}]}, "description": "2.73"}, {"boundingPoly": {"vertices": [{"x": 482.0, "y": 821.0}, {"x": 541.0, "y": 821.0}, {"x": 541.0, "y": 851.0}, {"x": 481.0, "y": 849.0}]}, "description": "2.73"}, {"boundingPoly": {"vertices": [{"x": 95.0, "y": 884.0}, {"x": 220.0, "y": 886.0}, {"x": 220.0, "y": 917.0}, {"x": 95.0, "y": 914.0}]}, "description": "Round Off"}, {"boundingPoly": {"vertices": [{"x": 476.0, "y": 892.0}, {"x": 544.0, "y": 893.0}, {"x": 543.0, "y": 923.0}, {"x": 475.0, "y": 922.0}]}, "description": "-0.45"}, {"boundingPoly": {"vertices": [{"x": 92.0, "y": 956.0}, {"x": 246.0, "y": 958.0}, {"x": 245.0, "y": 989.0}, {"x": 92.0, "y": 987.0}]}, "description": "Grand Total"}, {"boundingPoly": {"vertices": [{"x": 460.0, "y": 966.0}, {"x": 544.0, "y": 965.0}, {"x": 544.0, "y": 992.0}, {"x": 460.0, "y": 993.0}]}, "description": "114.00"}, {"boundingPoly": {"vertices": [{"x": 59.0, "y": 1064.0}, {"x": 99.0, "y": 1063.0}, {"x": 100.0, "y": 1082.0}, {"x": 59.0, "y": 1081.0}]}, "description": "---"}, {"boundingPoly": {"vertices": [{"x": 0.0, "y": 1089.0}, {"x": 428.0, "y": 1090.0}, {"x": 428.0, "y": 1116.0}, {"x": 0.0, "y": 1116.0}]}, "description": "Duty Manager (DM) - 08884450003"}, {"boundingPoly": {"vertices": [{"x": 0.0, "y": 1120.0}, {"x": 506.0, "y": 1116.0}, {"x": 506.0, "y": 1137.0}, {"x": 0.0, "y": 1143.0}]}, "description": "kathhiravan.radhakrishnan@hmshost.net"}, {"boundingPoly": {"vertices": [{"x": 166.0, "y": 1159.0}, {"x": 245.0, "y": 1159.0}, {"x": 245.0, "y": 1179.0}, {"x": 166.0, "y": 1179.0}]}, "description": " : VISA"}, {"boundingPoly": {"vertices": [{"x": 102.0, "y": 1059.0}, {"x": 392.0, "y": 1063.0}, {"x": 392.0, "y": 1091.0}, {"x": 102.0, "y": 1087.0}]}, "description": "Questions & Comments"}, {"boundingPoly": {"vertices": [{"x": 3.0, "y": 1161.0}, {"x": 154.0, "y": 1161.0}, {"x": 154.0, "y": 1184.0}, {"x": 3.0, "y": 1184.0}]}, "description": " Credit Card"}]}