{"textAnnotations": [{"boundingPoly": {"vertices": [{"x": 705.0, "y": 486.0}, {"x": 1005.0, "y": 493.0}, {"x": 1002.0, "y": 577.0}, {"x": 705.0, "y": 568.0}]}, "description": "merchant name"}, {"boundingPoly": {"vertices": [{"x": 462.0, "y": 578.0}, {"x": 1200.0, "y": 600.0}, {"x": 1197.0, "y": 688.0}, {"x": 461.0, "y": 668.0}]}, "description": "merchant address"}, {"boundingPoly": {"vertices": [{"x": 469.0, "y": 684.0}, {"x": 1194.0, "y": 701.0}, {"x": 1192.0, "y": 786.0}, {"x": 469.0, "y": 770.0}]}, "description": "merchant address"}, {"boundingPoly": {"vertices": [{"x": 513.0, "y": 790.0}, {"x": 1156.0, "y": 802.0}, {"x": 1154.0, "y": 887.0}, {"x": 513.0, "y": 871.0}]}, "description": "MON-SAT 11AM-9PM"}, {"boundingPoly": {"vertices": [{"x": 593.0, "y": 888.0}, {"x": 1079.0, "y": 897.0}, {"x": 1077.0, "y": 979.0}, {"x": 593.0, "y": 970.0}]}, "description": "SUN 11AM-7PM"}, {"boundingPoly": {"vertices": [{"x": 601.0, "y": 987.0}, {"x": 1062.0, "y": 991.0}, {"x": 1061.0, "y": 1070.0}, {"x": 601.0, "y": 1064.0}]}, "description": "merchant phone"}, {"boundingPoly": {"vertices": [{"x": 1056.0, "y": 1177.0}, {"x": 1600.0, "y": 1180.0}, {"x": 1599.0, "y": 1254.0}, {"x": 1056.0, "y": 1251.0}]}, "description": "Order# 23477286"}, {"boundingPoly": {"vertices": [{"x": 983.0, "y": 1261.0}, {"x": 1593.0, "y": 1261.0}, {"x": 1593.0, "y": 1339.0}, {"x": 983.0, "y": 1339.0}]}, "description": " 10/28/19, 8:14 PM"}, {"boundingPoly": {"vertices": [{"x": 920.0, "y": 1367.0}, {"x": 1003.0, "y": 1369.0}, {"x": 1002.0, "y": 1397.0}, {"x": 919.0, "y": 1395.0}]}, "description": "- - -"}, {"boundingPoly": {"vertices": [{"x": 757.0, "y": 1261.0}, {"x": 971.0, "y": 1261.0}, {"x": 971.0, "y": 1335.0}, {"x": 757.0, "y": 1335.0}]}, "description": " Date:"}, {"boundingPoly": {"vertices": [{"x": 223.0, "y": 1366.0}, {"x": 819.0, "y": 1367.0}, {"x": 818.0, "y": 1394.0}, {"x": 223.0, "y": 1393.0}]}, "description": "------------ - - --"}, {"boundingPoly": {"vertices": [{"x": 49.0, "y": 1370.0}, {"x": 221.0, "y": 1369.0}, {"x": 221.0, "y": 1394.0}, {"x": 49.0, "y": 1396.0}]}, "description": "-----"}, {"boundingPoly": {"vertices": [{"x": 1058.0, "y": 1370.0}, {"x": 1575.0, "y": 1372.0}, {"x": 1575.0, "y": 1399.0}, {"x": 1058.0, "y": 1396.0}]}, "description": "--- ----- -- - - - --"}, {"boundingPoly": {"vertices": [{"x": 50.0, "y": 1432.0}, {"x": 402.0, "y": 1426.0}, {"x": 404.0, "y": 1500.0}, {"x": 51.0, "y": 1506.0}]}, "description": "Meatballs"}, {"boundingPoly": {"vertices": [{"x": 55.0, "y": 1515.0}, {"x": 630.0, "y": 1512.0}, {"x": 631.0, "y": 1586.0}, {"x": 56.0, "y": 1591.0}]}, "description": "Spindrift Lemon"}, {"boundingPoly": {"vertices": [{"x": 1357.0, "y": 1430.0}, {"x": 1577.0, "y": 1433.0}, {"x": 1576.0, "y": 1504.0}, {"x": 1356.0, "y": 1501.0}]}, "description": "$12.63"}, {"boundingPoly": {"vertices": [{"x": 1390.0, "y": 1514.0}, {"x": 1566.0, "y": 1512.0}, {"x": 1564.0, "y": 1582.0}, {"x": 1388.0, "y": 1584.0}]}, "description": "$2.76"}, {"boundingPoly": {"vertices": [{"x": 1366.0, "y": 1613.0}, {"x": 1551.0, "y": 1615.0}, {"x": 1551.0, "y": 1639.0}, {"x": 1366.0, "y": 1637.0}]}, "description": "------"}, {"boundingPoly": {"vertices": [{"x": 671.0, "y": 1620.0}, {"x": 1198.0, "y": 1614.0}, {"x": 1198.0, "y": 1637.0}, {"x": 671.0, "y": 1644.0}]}, "description": "------------------"}, {"boundingPoly": {"vertices": [{"x": 76.0, "y": 1673.0}, {"x": 409.0, "y": 1673.0}, {"x": 409.0, "y": 1752.0}, {"x": 76.0, "y": 1752.0}]}, "description": " Subtotal:"}, {"boundingPoly": {"vertices": [{"x": 91.0, "y": 1755.0}, {"x": 451.0, "y": 1755.0}, {"x": 451.0, "y": 1827.0}, {"x": 91.0, "y": 1827.0}]}, "description": " Total Tax:"}, {"boundingPoly": {"vertices": [{"x": 350.0, "y": 1859.0}, {"x": 372.0, "y": 1859.0}, {"x": 372.0, "y": 1884.0}, {"x": 350.0, "y": 1884.0}]}, "description": " -"}, {"boundingPoly": {"vertices": [{"x": 1340.0, "y": 1669.0}, {"x": 1549.0, "y": 1669.0}, {"x": 1549.0, "y": 1740.0}, {"x": 1340.0, "y": 1741.0}]}, "description": "$15.39"}, {"boundingPoly": {"vertices": [{"x": 1378.0, "y": 1753.0}, {"x": 1545.0, "y": 1751.0}, {"x": 1543.0, "y": 1818.0}, {"x": 1378.0, "y": 1822.0}]}, "description": "$1.37"}, {"boundingPoly": {"vertices": [{"x": 1423.0, "y": 1855.0}, {"x": 1506.0, "y": 1855.0}, {"x": 1506.0, "y": 1881.0}, {"x": 1423.0, "y": 1881.0}]}, "description": " ---"}, {"boundingPoly": {"vertices": [{"x": 300.0, "y": 1861.0}, {"x": 313.0, "y": 1861.0}, {"x": 313.0, "y": 1886.0}, {"x": 300.0, "y": 1886.0}]}, "description": " -"}, {"boundingPoly": {"vertices": [{"x": 316.0, "y": 1860.0}, {"x": 341.0, "y": 1860.0}, {"x": 341.0, "y": 1885.0}, {"x": 316.0, "y": 1885.0}]}, "description": " -"}, {"boundingPoly": {"vertices": [{"x": 900.0, "y": 1862.0}, {"x": 988.0, "y": 1862.0}, {"x": 988.0, "y": 1880.0}, {"x": 900.0, "y": 1880.0}]}, "description": "---"}, {"boundingPoly": {"vertices": [{"x": 1032.0, "y": 1861.0}, {"x": 1198.0, "y": 1861.0}, {"x": 1198.0, "y": 1880.0}, {"x": 1032.0, "y": 1879.0}]}, "description": "- -- --"}, {"boundingPoly": {"vertices": [{"x": 1511.0, "y": 1856.0}, {"x": 1537.0, "y": 1856.0}, {"x": 1537.0, "y": 1880.0}, {"x": 1511.0, "y": 1880.0}]}, "description": " -"}, {"boundingPoly": {"vertices": [{"x": 95.0, "y": 1917.0}, {"x": 308.0, "y": 1917.0}, {"x": 308.0, "y": 1996.0}, {"x": 95.0, "y": 1996.0}]}, "description": " Total:"}, {"boundingPoly": {"vertices": [{"x": 1345.0, "y": 1919.0}, {"x": 1558.0, "y": 1913.0}, {"x": 1559.0, "y": 1984.0}, {"x": 1348.0, "y": 1993.0}]}, "description": "$16.76"}, {"boundingPoly": {"vertices": [{"x": 57.0, "y": 2176.0}, {"x": 716.0, "y": 2176.0}, {"x": 716.0, "y": 2261.0}, {"x": 57.0, "y": 2261.0}]}, "description": " Order Balance due:"}, {"boundingPoly": {"vertices": [{"x": 1352.0, "y": 2176.0}, {"x": 1581.0, "y": 2168.0}, {"x": 1584.0, "y": 2243.0}, {"x": 1355.0, "y": 2252.0}]}, "description": "$16.76"}, {"boundingPoly": {"vertices": [{"x": 187.0, "y": 2367.0}, {"x": 1450.0, "y": 2351.0}, {"x": 1451.0, "y": 2439.0}, {"x": 189.0, "y": 2450.0}]}, "description": "Follow us on Instagram @diginn for"}, {"boundingPoly": {"vertices": [{"x": 251.0, "y": 2468.0}, {"x": 1421.0, "y": 2451.0}, {"x": 1423.0, "y": 2538.0}, {"x": 252.0, "y": 2551.0}]}, "description": "recipes, sneak peeks, and more."}]}