{"textAnnotations": [{"boundingPoly": {"vertices": [{"x": 244.0, "y": 39.0}, {"x": 289.0, "y": 42.0}, {"x": 289.0, "y": 48.0}, {"x": 244.0, "y": 46.0}]}, "description": "............"}, {"boundingPoly": {"vertices": [{"x": 180.0, "y": 87.0}, {"x": 339.0, "y": 86.0}, {"x": 339.0, "y": 101.0}, {"x": 180.0, "y": 103.0}]}, "description": "merchant name"}, {"boundingPoly": {"vertices": [{"x": 229.0, "y": 106.0}, {"x": 287.0, "y": 106.0}, {"x": 287.0, "y": 120.0}, {"x": 229.0, "y": 120.0}]}, "description": "merchant address"}, {"boundingPoly": {"vertices": [{"x": 243.0, "y": 119.0}, {"x": 279.0, "y": 119.0}, {"x": 279.0, "y": 133.0}, {"x": 243.0, "y": 133.0}]}, "description": "merchant address"}, {"boundingPoly": {"vertices": [{"x": 179.0, "y": 133.0}, {"x": 323.0, "y": 133.0}, {"x": 323.0, "y": 148.0}, {"x": 179.0, "y": 148.0}]}, "description": " https://thecloudlevel.com"}, {"boundingPoly": {"vertices": [{"x": 179.0, "y": 149.0}, {"x": 230.0, "y": 149.0}, {"x": 230.0, "y": 160.0}, {"x": 179.0, "y": 161.0}]}, "description": "/remedy/"}, {"boundingPoly": {"vertices": [{"x": 179.0, "y": 167.0}, {"x": 239.0, "y": 167.0}, {"x": 239.0, "y": 179.0}, {"x": 179.0, "y": 179.0}]}, "description": " November"}, {"boundingPoly": {"vertices": [{"x": 177.0, "y": 181.0}, {"x": 223.0, "y": 181.0}, {"x": 223.0, "y": 193.0}, {"x": 177.0, "y": 193.0}]}, "description": " 6:14 PM"}, {"boundingPoly": {"vertices": [{"x": 180.0, "y": 108.0}, {"x": 199.0, "y": 108.0}, {"x": 199.0, "y": 121.0}, {"x": 180.0, "y": 121.0}]}, "description": "merchant address"}, {"boundingPoly": {"vertices": [{"x": 180.0, "y": 120.0}, {"x": 241.0, "y": 120.0}, {"x": 241.0, "y": 134.0}, {"x": 180.0, "y": 134.0}]}, "description": "merchant address"}, {"boundingPoly": {"vertices": [{"x": 202.0, "y": 107.0}, {"x": 227.0, "y": 107.0}, {"x": 227.0, "y": 120.0}, {"x": 202.0, "y": 120.0}]}, "description": "merchant address"}, {"boundingPoly": {"vertices": [{"x": 289.0, "y": 106.0}, {"x": 337.0, "y": 106.0}, {"x": 337.0, "y": 119.0}, {"x": 289.0, "y": 119.0}]}, "description": "merchant address"}, {"boundingPoly": {"vertices": [{"x": 241.0, "y": 167.0}, {"x": 257.0, "y": 167.0}, {"x": 257.0, "y": 179.0}, {"x": 241.0, "y": 179.0}]}, "description": " 13,"}, {"boundingPoly": {"vertices": [{"x": 259.0, "y": 166.0}, {"x": 288.0, "y": 166.0}, {"x": 288.0, "y": 179.0}, {"x": 259.0, "y": 179.0}]}, "description": " 2019"}, {"boundingPoly": {"vertices": [{"x": 234.0, "y": 229.0}, {"x": 304.0, "y": 228.0}, {"x": 304.0, "y": 239.0}, {"x": 234.0, "y": 240.0}]}, "description": "PURCHASE"}, {"boundingPoly": {"vertices": [{"x": 176.0, "y": 256.0}, {"x": 280.0, "y": 254.0}, {"x": 280.0, "y": 270.0}, {"x": 176.0, "y": 272.0}]}, "description": "Receipt RcNx"}, {"boundingPoly": {"vertices": [{"x": 219.0, "y": 272.0}, {"x": 345.0, "y": 272.0}, {"x": 345.0, "y": 288.0}, {"x": 219.0, "y": 288.0}]}, "description": " Catherine A Valverde"}, {"boundingPoly": {"vertices": [{"x": 261.0, "y": 290.0}, {"x": 309.0, "y": 290.0}, {"x": 309.0, "y": 305.0}, {"x": 261.0, "y": 305.0}]}, "description": " 869232"}, {"boundingPoly": {"vertices": [{"x": 177.0, "y": 274.0}, {"x": 216.0, "y": 274.0}, {"x": 216.0, "y": 288.0}, {"x": 177.0, "y": 288.0}]}, "description": " Ticket:"}, {"boundingPoly": {"vertices": [{"x": 176.0, "y": 292.0}, {"x": 259.0, "y": 292.0}, {"x": 259.0, "y": 305.0}, {"x": 176.0, "y": 305.0}]}, "description": " Authorization:"}, {"boundingPoly": {"vertices": [{"x": 173.0, "y": 326.0}, {"x": 305.0, "y": 325.0}, {"x": 305.0, "y": 338.0}, {"x": 173.0, "y": 339.0}]}, "description": "AMERICAN EXPRESS"}, {"boundingPoly": {"vertices": [{"x": 219.0, "y": 343.0}, {"x": 344.0, "y": 343.0}, {"x": 344.0, "y": 358.0}, {"x": 219.0, "y": 358.0}]}, "description": " 00 00 00 25 01 08 01"}, {"boundingPoly": {"vertices": [{"x": 173.0, "y": 344.0}, {"x": 198.0, "y": 344.0}, {"x": 198.0, "y": 358.0}, {"x": 173.0, "y": 358.0}]}, "description": " AID"}, {"boundingPoly": {"vertices": [{"x": 200.0, "y": 345.0}, {"x": 217.0, "y": 345.0}, {"x": 217.0, "y": 358.0}, {"x": 200.0, "y": 358.0}]}, "description": " A0"}, {"boundingPoly": {"vertices": [{"x": 174.0, "y": 376.0}, {"x": 296.0, "y": 376.0}, {"x": 296.0, "y": 390.0}, {"x": 174.0, "y": 390.0}]}, "description": "09. Grenache Blend"}, {"boundingPoly": {"vertices": [{"x": 174.0, "y": 398.0}, {"x": 296.0, "y": 398.0}, {"x": 296.0, "y": 412.0}, {"x": 174.0, "y": 412.0}]}, "description": "09. Grenache Blend"}, {"boundingPoly": {"vertices": [{"x": 327.0, "y": 376.0}, {"x": 371.0, "y": 376.0}, {"x": 371.0, "y": 390.0}, {"x": 327.0, "y": 391.0}]}, "description": "$12.00"}, {"boundingPoly": {"vertices": [{"x": 327.0, "y": 399.0}, {"x": 372.0, "y": 399.0}, {"x": 373.0, "y": 413.0}, {"x": 327.0, "y": 413.0}]}, "description": "$12.00"}, {"boundingPoly": {"vertices": [{"x": 174.0, "y": 438.0}, {"x": 226.0, "y": 439.0}, {"x": 226.0, "y": 452.0}, {"x": 173.0, "y": 451.0}]}, "description": "Subtotal"}, {"boundingPoly": {"vertices": [{"x": 173.0, "y": 455.0}, {"x": 233.0, "y": 456.0}, {"x": 232.0, "y": 470.0}, {"x": 173.0, "y": 468.0}]}, "description": "Sales Tax"}, {"boundingPoly": {"vertices": [{"x": 175.0, "y": 472.0}, {"x": 195.0, "y": 473.0}, {"x": 194.0, "y": 488.0}, {"x": 174.0, "y": 486.0}]}, "description": "Tip"}, {"boundingPoly": {"vertices": [{"x": 329.0, "y": 440.0}, {"x": 375.0, "y": 439.0}, {"x": 375.0, "y": 454.0}, {"x": 329.0, "y": 454.0}]}, "description": "$24.00"}, {"boundingPoly": {"vertices": [{"x": 337.0, "y": 457.0}, {"x": 376.0, "y": 457.0}, {"x": 376.0, "y": 471.0}, {"x": 338.0, "y": 471.0}]}, "description": "$2.70"}, {"boundingPoly": {"vertices": [{"x": 339.0, "y": 474.0}, {"x": 376.0, "y": 475.0}, {"x": 376.0, "y": 488.0}, {"x": 339.0, "y": 488.0}]}, "description": "$5.34"}, {"boundingPoly": {"vertices": [{"x": 171.0, "y": 512.0}, {"x": 203.0, "y": 513.0}, {"x": 202.0, "y": 526.0}, {"x": 170.0, "y": 525.0}]}, "description": "Total"}, {"boundingPoly": {"vertices": [{"x": 169.0, "y": 530.0}, {"x": 290.0, "y": 534.0}, {"x": 289.0, "y": 548.0}, {"x": 168.0, "y": 544.0}]}, "description": "American Express"}, {"boundingPoly": {"vertices": [{"x": 168.0, "y": 549.0}, {"x": 244.0, "y": 552.0}, {"x": 243.0, "y": 568.0}, {"x": 167.0, "y": 565.0}]}, "description": "3007 (Chip)"}, {"boundingPoly": {"vertices": [{"x": 321.0, "y": 512.0}, {"x": 379.0, "y": 513.0}, {"x": 379.0, "y": 530.0}, {"x": 321.0, "y": 530.0}]}, "description": "$32.04"}, {"boundingPoly": {"vertices": [{"x": 332.0, "y": 544.0}, {"x": 380.0, "y": 545.0}, {"x": 380.0, "y": 561.0}, {"x": 332.0, "y": 559.0}]}, "description": "$32.04"}, {"boundingPoly": {"vertices": [{"x": 174.0, "y": 590.0}, {"x": 375.0, "y": 599.0}, {"x": 374.0, "y": 616.0}, {"x": 174.0, "y": 605.0}]}, "description": "You're at home in the clouds!"}]}