{"textAnnotations": [{"boundingPoly": {"vertices": [{"x": 48.0, "y": 102.0}, {"x": 146.0, "y": 101.0}, {"x": 146.0, "y": 112.0}, {"x": 48.0, "y": 113.0}]}, "description": "Duplicate Print"}, {"boundingPoly": {"vertices": [{"x": 48.0, "y": 132.0}, {"x": 121.0, "y": 132.0}, {"x": 121.0, "y": 142.0}, {"x": 48.0, "y": 142.0}]}, "description": "Tax Invoice"}, {"boundingPoly": {"vertices": [{"x": 134.0, "y": 155.0}, {"x": 155.0, "y": 154.0}, {"x": 155.0, "y": 163.0}, {"x": 133.0, "y": 163.0}]}, "description": "merchant name"}, {"boundingPoly": {"vertices": [{"x": 48.0, "y": 167.0}, {"x": 300.0, "y": 167.0}, {"x": 300.0, "y": 179.0}, {"x": 48.0, "y": 180.0}]}, "description": "merchant address"}, {"boundingPoly": {"vertices": [{"x": 48.0, "y": 182.0}, {"x": 297.0, "y": 182.0}, {"x": 297.0, "y": 194.0}, {"x": 48.0, "y": 194.0}]}, "description": "merchant address"}, {"boundingPoly": {"vertices": [{"x": 81.0, "y": 197.0}, {"x": 255.0, "y": 197.0}, {"x": 255.0, "y": 209.0}, {"x": 81.0, "y": 208.0}]}, "description": "merchant address"}, {"boundingPoly": {"vertices": [{"x": 94.0, "y": 212.0}, {"x": 157.0, "y": 212.0}, {"x": 157.0, "y": 222.0}, {"x": 94.0, "y": 222.0}]}, "description": "merchant address"}, {"boundingPoly": {"vertices": [{"x": 55.0, "y": 225.0}, {"x": 172.0, "y": 225.0}, {"x": 172.0, "y": 236.0}, {"x": 55.0, "y": 236.0}]}, "description": "merchant phone"}, {"boundingPoly": {"vertices": [{"x": 54.0, "y": 238.0}, {"x": 233.0, "y": 239.0}, {"x": 233.0, "y": 249.0}, {"x": 54.0, "y": 248.0}]}, "description": "merchant phone"}, {"boundingPoly": {"vertices": [{"x": 160.0, "y": 212.0}, {"x": 170.0, "y": 212.0}, {"x": 170.0, "y": 222.0}, {"x": 160.0, "y": 222.0}]}, "description": " -"}, {"boundingPoly": {"vertices": [{"x": 174.0, "y": 212.0}, {"x": 215.0, "y": 212.0}, {"x": 215.0, "y": 222.0}, {"x": 174.0, "y": 222.0}]}, "description": "merchant address"}, {"boundingPoly": {"vertices": [{"x": 181.0, "y": 225.0}, {"x": 235.0, "y": 225.0}, {"x": 235.0, "y": 236.0}, {"x": 181.0, "y": 236.0}]}, "description": "merchant phone"}, {"boundingPoly": {"vertices": [{"x": 48.0, "y": 266.0}, {"x": 74.0, "y": 266.0}, {"x": 74.0, "y": 275.0}, {"x": 48.0, "y": 275.0}]}, "description": " Type"}, {"boundingPoly": {"vertices": [{"x": 48.0, "y": 278.0}, {"x": 137.0, "y": 278.0}, {"x": 137.0, "y": 287.0}, {"x": 48.0, "y": 287.0}]}, "description": " Table Number:"}, {"boundingPoly": {"vertices": [{"x": 75.0, "y": 266.0}, {"x": 122.0, "y": 266.0}, {"x": 122.0, "y": 275.0}, {"x": 75.0, "y": 275.0}]}, "description": " :DINNER"}, {"boundingPoly": {"vertices": [{"x": 142.0, "y": 278.0}, {"x": 156.0, "y": 278.0}, {"x": 156.0, "y": 287.0}, {"x": 142.0, "y": 287.0}]}, "description": " 30"}, {"boundingPoly": {"vertices": [{"x": 61.0, "y": 314.0}, {"x": 99.0, "y": 314.0}, {"x": 99.0, "y": 326.0}, {"x": 61.0, "y": 326.0}]}, "description": " 11 No."}, {"boundingPoly": {"vertices": [{"x": 48.0, "y": 331.0}, {"x": 105.0, "y": 331.0}, {"x": 105.0, "y": 343.0}, {"x": 48.0, "y": 343.0}]}, "description": " Steward:"}, {"boundingPoly": {"vertices": [{"x": 61.0, "y": 348.0}, {"x": 94.0, "y": 348.0}, {"x": 94.0, "y": 359.0}, {"x": 61.0, "y": 359.0}]}, "description": " .. hier"}, {"boundingPoly": {"vertices": [{"x": 50.0, "y": 362.0}, {"x": 211.0, "y": 362.0}, {"x": 211.0, "y": 375.0}, {"x": 50.0, "y": 375.0}]}, "description": " Data:2019-12-10 21:59:46"}, {"boundingPoly": {"vertices": [{"x": 49.0, "y": 378.0}, {"x": 120.0, "y": 378.0}, {"x": 120.0, "y": 390.0}, {"x": 49.0, "y": 390.0}]}, "description": " RePrint T .:"}, {"boundingPoly": {"vertices": [{"x": 49.0, "y": 393.0}, {"x": 138.0, "y": 393.0}, {"x": 138.0, "y": 406.0}, {"x": 49.0, "y": 406.0}]}, "description": " Kots:5,8,9,13"}, {"boundingPoly": {"vertices": [{"x": 51.0, "y": 409.0}, {"x": 88.0, "y": 409.0}, {"x": 88.0, "y": 421.0}, {"x": 51.0, "y": 421.0}]}, "description": " Covers"}, {"boundingPoly": {"vertices": [{"x": 101.0, "y": 315.0}, {"x": 150.0, "y": 315.0}, {"x": 150.0, "y": 327.0}, {"x": 101.0, "y": 327.0}]}, "description": " : T7-724"}, {"boundingPoly": {"vertices": [{"x": 107.0, "y": 332.0}, {"x": 189.0, "y": 332.0}, {"x": 189.0, "y": 344.0}, {"x": 107.0, "y": 344.0}]}, "description": " ankita singh"}, {"boundingPoly": {"vertices": [{"x": 95.0, "y": 348.0}, {"x": 171.0, "y": 348.0}, {"x": 171.0, "y": 359.0}, {"x": 95.0, "y": 359.0}]}, "description": " : prompandit"}, {"boundingPoly": {"vertices": [{"x": 122.0, "y": 379.0}, {"x": 249.0, "y": 379.0}, {"x": 249.0, "y": 392.0}, {"x": 122.0, "y": 392.0}]}, "description": " 2019-12-10 22:00:59"}, {"boundingPoly": {"vertices": [{"x": 90.0, "y": 409.0}, {"x": 104.0, "y": 409.0}, {"x": 104.0, "y": 421.0}, {"x": 90.0, "y": 421.0}]}, "description": " : 2"}, {"boundingPoly": {"vertices": [{"x": 53.0, "y": 440.0}, {"x": 79.0, "y": 440.0}, {"x": 79.0, "y": 449.0}, {"x": 52.0, "y": 449.0}]}, "description": "Item"}, {"boundingPoly": {"vertices": [{"x": 123.0, "y": 441.0}, {"x": 143.0, "y": 441.0}, {"x": 143.0, "y": 451.0}, {"x": 123.0, "y": 451.0}]}, "description": "Qty"}, {"boundingPoly": {"vertices": [{"x": 169.0, "y": 441.0}, {"x": 196.0, "y": 441.0}, {"x": 195.0, "y": 450.0}, {"x": 169.0, "y": 450.0}]}, "description": "Rate"}, {"boundingPoly": {"vertices": [{"x": 231.0, "y": 441.0}, {"x": 247.0, "y": 441.0}, {"x": 247.0, "y": 449.0}, {"x": 232.0, "y": 450.0}]}, "description": "Amt"}, {"boundingPoly": {"vertices": [{"x": 51.0, "y": 469.0}, {"x": 103.0, "y": 469.0}, {"x": 103.0, "y": 479.0}, {"x": 51.0, "y": 479.0}]}, "description": "SAN PEL-"}, {"boundingPoly": {"vertices": [{"x": 52.0, "y": 484.0}, {"x": 98.0, "y": 484.0}, {"x": 98.0, "y": 494.0}, {"x": 52.0, "y": 494.0}]}, "description": "LEGRINO"}, {"boundingPoly": {"vertices": [{"x": 53.0, "y": 499.0}, {"x": 72.0, "y": 499.0}, {"x": 72.0, "y": 509.0}, {"x": 53.0, "y": 509.0}]}, "description": "QUA"}, {"boundingPoly": {"vertices": [{"x": 51.0, "y": 514.0}, {"x": 91.0, "y": 514.0}, {"x": 91.0, "y": 524.0}, {"x": 51.0, "y": 525.0}]}, "description": "LAHORI"}, {"boundingPoly": {"vertices": [{"x": 51.0, "y": 528.0}, {"x": 91.0, "y": 528.0}, {"x": 91.0, "y": 538.0}, {"x": 51.0, "y": 538.0}]}, "description": "BUTTER"}, {"boundingPoly": {"vertices": [{"x": 49.0, "y": 543.0}, {"x": 83.0, "y": 543.0}, {"x": 83.0, "y": 553.0}, {"x": 49.0, "y": 553.0}]}, "description": "MURGI"}, {"boundingPoly": {"vertices": [{"x": 51.0, "y": 558.0}, {"x": 76.0, "y": 558.0}, {"x": 76.0, "y": 568.0}, {"x": 51.0, "y": 568.0}]}, "description": "[NV]"}, {"boundingPoly": {"vertices": [{"x": 50.0, "y": 572.0}, {"x": 78.0, "y": 573.0}, {"x": 78.0, "y": 582.0}, {"x": 50.0, "y": 582.0}]}, "description": "TAWA"}, {"boundingPoly": {"vertices": [{"x": 49.0, "y": 587.0}, {"x": 103.0, "y": 587.0}, {"x": 103.0, "y": 597.0}, {"x": 49.0, "y": 597.0}]}, "description": "MEAT AM-"}, {"boundingPoly": {"vertices": [{"x": 49.0, "y": 602.0}, {"x": 97.0, "y": 602.0}, {"x": 97.0, "y": 613.0}, {"x": 49.0, "y": 613.0}]}, "description": "RITSARI"}, {"boundingPoly": {"vertices": [{"x": 51.0, "y": 618.0}, {"x": 77.0, "y": 617.0}, {"x": 77.0, "y": 628.0}, {"x": 52.0, "y": 628.0}]}, "description": "[NV]"}, {"boundingPoly": {"vertices": [{"x": 51.0, "y": 633.0}, {"x": 92.0, "y": 633.0}, {"x": 92.0, "y": 643.0}, {"x": 51.0, "y": 643.0}]}, "description": "GARLIC"}, {"boundingPoly": {"vertices": [{"x": 51.0, "y": 648.0}, {"x": 92.0, "y": 648.0}, {"x": 91.0, "y": 658.0}, {"x": 51.0, "y": 658.0}]}, "description": "BUTTER"}, {"boundingPoly": {"vertices": [{"x": 50.0, "y": 664.0}, {"x": 77.0, "y": 663.0}, {"x": 77.0, "y": 673.0}, {"x": 50.0, "y": 674.0}]}, "description": "NAAN"}, {"boundingPoly": {"vertices": [{"x": 50.0, "y": 679.0}, {"x": 91.0, "y": 678.0}, {"x": 91.0, "y": 688.0}, {"x": 51.0, "y": 689.0}]}, "description": "BUTTER"}, {"boundingPoly": {"vertices": [{"x": 50.0, "y": 694.0}, {"x": 77.0, "y": 694.0}, {"x": 77.0, "y": 704.0}, {"x": 50.0, "y": 704.0}]}, "description": "NAAN"}, {"boundingPoly": {"vertices": [{"x": 49.0, "y": 709.0}, {"x": 93.0, "y": 709.0}, {"x": 93.0, "y": 720.0}, {"x": 49.0, "y": 720.0}]}, "description": "LACCHA"}, {"boundingPoly": {"vertices": [{"x": 50.0, "y": 725.0}, {"x": 99.0, "y": 725.0}, {"x": 99.0, "y": 736.0}, {"x": 50.0, "y": 736.0}]}, "description": "PARATHA"}, {"boundingPoly": {"vertices": [{"x": 49.0, "y": 741.0}, {"x": 85.0, "y": 741.0}, {"x": 85.0, "y": 751.0}, {"x": 49.0, "y": 751.0}]}, "description": "BREAD"}, {"boundingPoly": {"vertices": [{"x": 49.0, "y": 756.0}, {"x": 91.0, "y": 756.0}, {"x": 91.0, "y": 767.0}, {"x": 49.0, "y": 767.0}]}, "description": "BASKET"}, {"boundingPoly": {"vertices": [{"x": 49.0, "y": 772.0}, {"x": 105.0, "y": 772.0}, {"x": 105.0, "y": 783.0}, {"x": 49.0, "y": 783.0}]}, "description": "ESPRESSO"}, {"boundingPoly": {"vertices": [{"x": 50.0, "y": 788.0}, {"x": 90.0, "y": 788.0}, {"x": 91.0, "y": 799.0}, {"x": 50.0, "y": 799.0}]}, "description": "SINGLE"}, {"boundingPoly": {"vertices": [{"x": 50.0, "y": 804.0}, {"x": 78.0, "y": 804.0}, {"x": 77.0, "y": 814.0}, {"x": 50.0, "y": 814.0}]}, "description": "SHOT"}, {"boundingPoly": {"vertices": [{"x": 163.0, "y": 484.0}, {"x": 204.0, "y": 484.0}, {"x": 204.0, "y": 495.0}, {"x": 163.0, "y": 495.0}]}, "description": "395.00"}, {"boundingPoly": {"vertices": [{"x": 161.0, "y": 499.0}, {"x": 205.0, "y": 499.0}, {"x": 205.0, "y": 509.0}, {"x": 161.0, "y": 509.0}]}, "description": "275.00"}, {"boundingPoly": {"vertices": [{"x": 230.0, "y": 484.0}, {"x": 270.0, "y": 485.0}, {"x": 270.0, "y": 494.0}, {"x": 229.0, "y": 494.0}]}, "description": "395.00"}, {"boundingPoly": {"vertices": [{"x": 228.0, "y": 499.0}, {"x": 270.0, "y": 498.0}, {"x": 270.0, "y": 508.0}, {"x": 228.0, "y": 509.0}]}, "description": "275.00"}, {"boundingPoly": {"vertices": [{"x": 163.0, "y": 558.0}, {"x": 205.0, "y": 558.0}, {"x": 205.0, "y": 568.0}, {"x": 163.0, "y": 568.0}]}, "description": "895.00"}, {"boundingPoly": {"vertices": [{"x": 230.0, "y": 558.0}, {"x": 271.0, "y": 558.0}, {"x": 271.0, "y": 568.0}, {"x": 230.0, "y": 568.0}]}, "description": "895.00"}, {"boundingPoly": {"vertices": [{"x": 163.0, "y": 618.0}, {"x": 206.0, "y": 618.0}, {"x": 206.0, "y": 629.0}, {"x": 163.0, "y": 628.0}]}, "description": "945.00"}, {"boundingPoly": {"vertices": [{"x": 230.0, "y": 618.0}, {"x": 272.0, "y": 618.0}, {"x": 272.0, "y": 629.0}, {"x": 230.0, "y": 629.0}]}, "description": "945.00"}, {"boundingPoly": {"vertices": [{"x": 163.0, "y": 664.0}, {"x": 205.0, "y": 665.0}, {"x": 205.0, "y": 675.0}, {"x": 163.0, "y": 674.0}]}, "description": "225.00"}, {"boundingPoly": {"vertices": [{"x": 230.0, "y": 665.0}, {"x": 273.0, "y": 666.0}, {"x": 273.0, "y": 676.0}, {"x": 230.0, "y": 675.0}]}, "description": "225.00"}, {"boundingPoly": {"vertices": [{"x": 118.0, "y": 695.0}, {"x": 123.0, "y": 696.0}, {"x": 123.0, "y": 705.0}, {"x": 118.0, "y": 704.0}]}, "description": "1"}, {"boundingPoly": {"vertices": [{"x": 164.0, "y": 694.0}, {"x": 205.0, "y": 694.0}, {"x": 205.0, "y": 705.0}, {"x": 164.0, "y": 705.0}]}, "description": "225.00"}, {"boundingPoly": {"vertices": [{"x": 231.0, "y": 696.0}, {"x": 273.0, "y": 697.0}, {"x": 273.0, "y": 707.0}, {"x": 230.0, "y": 706.0}]}, "description": "225.00"}, {"boundingPoly": {"vertices": [{"x": 117.0, "y": 726.0}, {"x": 124.0, "y": 726.0}, {"x": 124.0, "y": 735.0}, {"x": 117.0, "y": 735.0}]}, "description": "1"}, {"boundingPoly": {"vertices": [{"x": 165.0, "y": 725.0}, {"x": 206.0, "y": 725.0}, {"x": 206.0, "y": 736.0}, {"x": 165.0, "y": 736.0}]}, "description": "175.00"}, {"boundingPoly": {"vertices": [{"x": 231.0, "y": 727.0}, {"x": 274.0, "y": 727.0}, {"x": 274.0, "y": 738.0}, {"x": 231.0, "y": 737.0}]}, "description": "175.00"}, {"boundingPoly": {"vertices": [{"x": 177.0, "y": 757.0}, {"x": 206.0, "y": 757.0}, {"x": 206.0, "y": 768.0}, {"x": 177.0, "y": 768.0}]}, "description": "0.00"}, {"boundingPoly": {"vertices": [{"x": 245.0, "y": 759.0}, {"x": 273.0, "y": 759.0}, {"x": 273.0, "y": 769.0}, {"x": 245.0, "y": 769.0}]}, "description": "0.00"}, {"boundingPoly": {"vertices": [{"x": 165.0, "y": 804.0}, {"x": 206.0, "y": 804.0}, {"x": 206.0, "y": 815.0}, {"x": 165.0, "y": 815.0}]}, "description": "325.00"}, {"boundingPoly": {"vertices": [{"x": 233.0, "y": 804.0}, {"x": 276.0, "y": 805.0}, {"x": 276.0, "y": 816.0}, {"x": 233.0, "y": 816.0}]}, "description": "325.00"}, {"boundingPoly": {"vertices": [{"x": 51.0, "y": 834.0}, {"x": 89.0, "y": 834.0}, {"x": 89.0, "y": 846.0}, {"x": 51.0, "y": 846.0}]}, "description": " T. Qty:"}, {"boundingPoly": {"vertices": [{"x": 51.0, "y": 849.0}, {"x": 112.0, "y": 849.0}, {"x": 112.0, "y": 859.0}, {"x": 51.0, "y": 859.0}]}, "description": " SubTotal:"}, {"boundingPoly": {"vertices": [{"x": 227.0, "y": 850.0}, {"x": 275.0, "y": 850.0}, {"x": 275.0, "y": 861.0}, {"x": 227.0, "y": 860.0}]}, "description": "3460.00"}, {"boundingPoly": {"vertices": [{"x": 50.0, "y": 878.0}, {"x": 174.0, "y": 880.0}, {"x": 174.0, "y": 891.0}, {"x": 50.0, "y": 889.0}]}, "description": "SERVICE CHARGE@10%"}, {"boundingPoly": {"vertices": [{"x": 49.0, "y": 895.0}, {"x": 91.0, "y": 895.0}, {"x": 91.0, "y": 906.0}, {"x": 49.0, "y": 906.0}]}, "description": "Get@5%"}, {"boundingPoly": {"vertices": [{"x": 76.0, "y": 911.0}, {"x": 146.0, "y": 912.0}, {"x": 146.0, "y": 924.0}, {"x": 76.0, "y": 923.0}]}, "description": "CGST @2.5%"}, {"boundingPoly": {"vertices": [{"x": 77.0, "y": 927.0}, {"x": 146.0, "y": 929.0}, {"x": 145.0, "y": 940.0}, {"x": 76.0, "y": 939.0}]}, "description": "SGST 02.5%"}, {"boundingPoly": {"vertices": [{"x": 48.0, "y": 943.0}, {"x": 173.0, "y": 946.0}, {"x": 173.0, "y": 957.0}, {"x": 48.0, "y": 954.0}]}, "description": "PEOPLE FOR ANIMALS"}, {"boundingPoly": {"vertices": [{"x": 233.0, "y": 882.0}, {"x": 275.0, "y": 882.0}, {"x": 275.0, "y": 893.0}, {"x": 233.0, "y": 893.0}]}, "description": "346.00"}, {"boundingPoly": {"vertices": [{"x": 234.0, "y": 898.0}, {"x": 276.0, "y": 899.0}, {"x": 276.0, "y": 911.0}, {"x": 234.0, "y": 910.0}]}, "description": "190.34"}, {"boundingPoly": {"vertices": [{"x": 208.0, "y": 914.0}, {"x": 241.0, "y": 914.0}, {"x": 241.0, "y": 926.0}, {"x": 207.0, "y": 926.0}]}, "description": "95.17"}, {"boundingPoly": {"vertices": [{"x": 207.0, "y": 930.0}, {"x": 243.0, "y": 931.0}, {"x": 243.0, "y": 943.0}, {"x": 207.0, "y": 942.0}]}, "description": "95.17"}, {"boundingPoly": {"vertices": [{"x": 264.0, "y": 950.0}, {"x": 278.0, "y": 950.0}, {"x": 278.0, "y": 959.0}, {"x": 264.0, "y": 959.0}]}, "description": "10"}, {"boundingPoly": {"vertices": [{"x": 48.0, "y": 970.0}, {"x": 116.0, "y": 970.0}, {"x": 116.0, "y": 983.0}, {"x": 48.0, "y": 983.0}]}, "description": " Round Off:"}, {"boundingPoly": {"vertices": [{"x": 49.0, "y": 987.0}, {"x": 166.0, "y": 987.0}, {"x": 166.0, "y": 1001.0}, {"x": 49.0, "y": 1001.0}]}, "description": " Total Inv. Value:"}, {"boundingPoly": {"vertices": [{"x": 247.0, "y": 976.0}, {"x": 278.0, "y": 976.0}, {"x": 278.0, "y": 987.0}, {"x": 246.0, "y": 987.0}]}, "description": "0.34"}, {"boundingPoly": {"vertices": [{"x": 251.0, "y": 992.0}, {"x": 279.0, "y": 993.0}, {"x": 278.0, "y": 1003.0}, {"x": 250.0, "y": 1003.0}]}, "description": "4006"}, {"boundingPoly": {"vertices": [{"x": 48.0, "y": 1029.0}, {"x": 72.0, "y": 1029.0}, {"x": 72.0, "y": 1041.0}, {"x": 48.0, "y": 1041.0}]}, "description": " TIN"}, {"boundingPoly": {"vertices": [{"x": 48.0, "y": 1046.0}, {"x": 87.0, "y": 1046.0}, {"x": 87.0, "y": 1059.0}, {"x": 48.0, "y": 1059.0}]}, "description": " GSTIN"}, {"boundingPoly": {"vertices": [{"x": 48.0, "y": 1063.0}, {"x": 72.0, "y": 1063.0}, {"x": 72.0, "y": 1075.0}, {"x": 48.0, "y": 1075.0}]}, "description": " CIN"}, {"boundingPoly": {"vertices": [{"x": 48.0, "y": 1079.0}, {"x": 108.0, "y": 1079.0}, {"x": 108.0, "y": 1092.0}, {"x": 48.0, "y": 1092.0}]}, "description": " SAC CODE"}, {"boundingPoly": {"vertices": [{"x": 48.0, "y": 1096.0}, {"x": 209.0, "y": 1099.0}, {"x": 209.0, "y": 1111.0}, {"x": 47.0, "y": 1108.0}]}, "description": "Thank you, visit again!"}, {"boundingPoly": {"vertices": [{"x": 76.0, "y": 1030.0}, {"x": 167.0, "y": 1030.0}, {"x": 167.0, "y": 1044.0}, {"x": 76.0, "y": 1044.0}]}, "description": " : 07520361220"}, {"boundingPoly": {"vertices": [{"x": 89.0, "y": 1047.0}, {"x": 211.0, "y": 1047.0}, {"x": 211.0, "y": 1062.0}, {"x": 89.0, "y": 1062.0}]}, "description": " : 07AACCV9458N1ZI"}, {"boundingPoly": {"vertices": [{"x": 76.0, "y": 1064.0}, {"x": 232.0, "y": 1064.0}, {"x": 232.0, "y": 1079.0}, {"x": 76.0, "y": 1079.0}]}, "description": " : 055101DL2009TC188057"}, {"boundingPoly": {"vertices": [{"x": 110.0, "y": 1081.0}, {"x": 168.0, "y": 1081.0}, {"x": 168.0, "y": 1093.0}, {"x": 110.0, "y": 1093.0}]}, "description": " : 996331"}, {"boundingPoly": {"vertices": [{"x": 47.0, "y": 1128.0}, {"x": 182.0, "y": 1131.0}, {"x": 181.0, "y": 1143.0}, {"x": 47.0, "y": 1140.0}]}, "description": "Powered by - POSist"}]}