{"textAnnotations": [{"boundingPoly": {"vertices": [{"x": 134.0, "y": 87.0}, {"x": 204.0, "y": 93.0}, {"x": 203.0, "y": 105.0}, {"x": 133.0, "y": 100.0}]}, "description": "merchant name"}, {"boundingPoly": {"vertices": [{"x": 96.0, "y": 112.0}, {"x": 248.0, "y": 122.0}, {"x": 247.0, "y": 135.0}, {"x": 95.0, "y": 125.0}]}, "description": "merchant address"}, {"boundingPoly": {"vertices": [{"x": 74.0, "y": 97.0}, {"x": 258.0, "y": 109.0}, {"x": 257.0, "y": 122.0}, {"x": 73.0, "y": 110.0}]}, "description": "merchant address"}, {"boundingPoly": {"vertices": [{"x": 122.0, "y": 128.0}, {"x": 213.0, "y": 134.0}, {"x": 212.0, "y": 146.0}, {"x": 121.0, "y": 141.0}]}, "description": "merchant phone"}, {"boundingPoly": {"vertices": [{"x": 48.0, "y": 166.0}, {"x": 123.0, "y": 166.0}, {"x": 123.0, "y": 182.0}, {"x": 48.0, "y": 182.0}]}, "description": " TERMINAL I.D."}, {"boundingPoly": {"vertices": [{"x": 46.0, "y": 180.0}, {"x": 114.0, "y": 180.0}, {"x": 114.0, "y": 196.0}, {"x": 46.0, "y": 196.0}]}, "description": " MERCHANT #:"}, {"boundingPoly": {"vertices": [{"x": 124.0, "y": 170.0}, {"x": 132.0, "y": 170.0}, {"x": 132.0, "y": 183.0}, {"x": 124.0, "y": 183.0}]}, "description": " :"}, {"boundingPoly": {"vertices": [{"x": 242.0, "y": 174.0}, {"x": 288.0, "y": 174.0}, {"x": 288.0, "y": 185.0}, {"x": 242.0, "y": 185.0}]}, "description": "02122209"}, {"boundingPoly": {"vertices": [{"x": 253.0, "y": 187.0}, {"x": 287.0, "y": 188.0}, {"x": 287.0, "y": 200.0}, {"x": 253.0, "y": 199.0}]}, "description": "021222"}, {"boundingPoly": {"vertices": [{"x": 47.0, "y": 208.0}, {"x": 73.0, "y": 208.0}, {"x": 72.0, "y": 221.0}, {"x": 46.0, "y": 221.0}]}, "description": "CR"}, {"boundingPoly": {"vertices": [{"x": 118.0, "y": 212.0}, {"x": 287.0, "y": 214.0}, {"x": 287.0, "y": 226.0}, {"x": 118.0, "y": 222.0}]}, "description": "*********** 1002"}, {"boundingPoly": {"vertices": [{"x": 240.0, "y": 226.0}, {"x": 285.0, "y": 226.0}, {"x": 286.0, "y": 238.0}, {"x": 240.0, "y": 238.0}]}, "description": "CHIP"}, {"boundingPoly": {"vertices": [{"x": 106.0, "y": 250.0}, {"x": 285.0, "y": 252.0}, {"x": 285.0, "y": 265.0}, {"x": 106.0, "y": 264.0}]}, "description": "AMERICAN EXPRESS"}, {"boundingPoly": {"vertices": [{"x": 45.0, "y": 263.0}, {"x": 162.0, "y": 264.0}, {"x": 162.0, "y": 278.0}, {"x": 45.0, "y": 277.0}]}, "description": "[PURCHASE]"}, {"boundingPoly": {"vertices": [{"x": 44.0, "y": 293.0}, {"x": 114.0, "y": 293.0}, {"x": 114.0, "y": 305.0}, {"x": 44.0, "y": 305.0}]}, "description": " BATCH:"}, {"boundingPoly": {"vertices": [{"x": 42.0, "y": 306.0}, {"x": 151.0, "y": 305.0}, {"x": 151.0, "y": 318.0}, {"x": 42.0, "y": 319.0}]}, "description": "DATE(MM/DD/YY)"}, {"boundingPoly": {"vertices": [{"x": 44.0, "y": 321.0}, {"x": 103.0, "y": 321.0}, {"x": 103.0, "y": 334.0}, {"x": 44.0, "y": 334.0}]}, "description": " TIME:"}, {"boundingPoly": {"vertices": [{"x": 43.0, "y": 334.0}, {"x": 124.0, "y": 334.0}, {"x": 124.0, "y": 348.0}, {"x": 43.0, "y": 348.0}]}, "description": " TRACER:"}, {"boundingPoly": {"vertices": [{"x": 40.0, "y": 348.0}, {"x": 111.0, "y": 348.0}, {"x": 111.0, "y": 362.0}, {"x": 40.0, "y": 362.0}]}, "description": " AUTH#:"}, {"boundingPoly": {"vertices": [{"x": 40.0, "y": 363.0}, {"x": 89.0, "y": 363.0}, {"x": 89.0, "y": 376.0}, {"x": 40.0, "y": 376.0}]}, "description": " REF#"}, {"boundingPoly": {"vertices": [{"x": 217.0, "y": 292.0}, {"x": 283.0, "y": 292.0}, {"x": 283.0, "y": 304.0}, {"x": 217.0, "y": 304.0}]}, "description": "000157"}, {"boundingPoly": {"vertices": [{"x": 194.0, "y": 304.0}, {"x": 284.0, "y": 304.0}, {"x": 285.0, "y": 317.0}, {"x": 194.0, "y": 317.0}]}, "description": "12/11/19"}, {"boundingPoly": {"vertices": [{"x": 195.0, "y": 318.0}, {"x": 283.0, "y": 318.0}, {"x": 283.0, "y": 330.0}, {"x": 195.0, "y": 330.0}]}, "description": " 09:01:53"}, {"boundingPoly": {"vertices": [{"x": 216.0, "y": 331.0}, {"x": 283.0, "y": 331.0}, {"x": 283.0, "y": 343.0}, {"x": 216.0, "y": 343.0}]}, "description": "002104"}, {"boundingPoly": {"vertices": [{"x": 216.0, "y": 345.0}, {"x": 282.0, "y": 344.0}, {"x": 282.0, "y": 356.0}, {"x": 216.0, "y": 356.0}]}, "description": "878670"}, {"boundingPoly": {"vertices": [{"x": 147.0, "y": 359.0}, {"x": 281.0, "y": 358.0}, {"x": 281.0, "y": 370.0}, {"x": 148.0, "y": 372.0}]}, "description": "121100002104"}, {"boundingPoly": {"vertices": [{"x": 91.0, "y": 363.0}, {"x": 100.0, "y": 363.0}, {"x": 100.0, "y": 375.0}, {"x": 91.0, "y": 375.0}]}, "description": " :"}, {"boundingPoly": {"vertices": [{"x": 39.0, "y": 389.0}, {"x": 91.0, "y": 389.0}, {"x": 91.0, "y": 406.0}, {"x": 39.0, "y": 406.0}]}, "description": " AID:"}, {"boundingPoly": {"vertices": [{"x": 41.0, "y": 405.0}, {"x": 75.0, "y": 405.0}, {"x": 75.0, "y": 419.0}, {"x": 41.0, "y": 419.0}]}, "description": " TVR"}, {"boundingPoly": {"vertices": [{"x": 40.0, "y": 419.0}, {"x": 85.0, "y": 419.0}, {"x": 85.0, "y": 434.0}, {"x": 40.0, "y": 434.0}]}, "description": " TSI:"}, {"boundingPoly": {"vertices": [{"x": 99.0, "y": 385.0}, {"x": 280.0, "y": 385.0}, {"x": 280.0, "y": 402.0}, {"x": 99.0, "y": 402.0}]}, "description": " A000000025010801"}, {"boundingPoly": {"vertices": [{"x": 236.0, "y": 412.0}, {"x": 279.0, "y": 412.0}, {"x": 279.0, "y": 424.0}, {"x": 236.0, "y": 424.0}]}, "description": "F800"}, {"boundingPoly": {"vertices": [{"x": 77.0, "y": 405.0}, {"x": 86.0, "y": 405.0}, {"x": 86.0, "y": 418.0}, {"x": 77.0, "y": 418.0}]}, "description": " :"}, {"boundingPoly": {"vertices": [{"x": 169.0, "y": 399.0}, {"x": 281.0, "y": 398.0}, {"x": 281.0, "y": 409.0}, {"x": 169.0, "y": 411.0}]}, "description": "0000008000"}, {"boundingPoly": {"vertices": [{"x": 245.0, "y": 452.0}, {"x": 277.0, "y": 453.0}, {"x": 277.0, "y": 464.0}, {"x": 244.0, "y": 464.0}]}, "description": "USD"}, {"boundingPoly": {"vertices": [{"x": 233.0, "y": 465.0}, {"x": 277.0, "y": 466.0}, {"x": 277.0, "y": 479.0}, {"x": 233.0, "y": 478.0}]}, "description": "1.68"}, {"boundingPoly": {"vertices": [{"x": 35.0, "y": 477.0}, {"x": 97.0, "y": 471.0}, {"x": 98.0, "y": 486.0}, {"x": 37.0, "y": 492.0}]}, "description": "TOTAL"}, {"boundingPoly": {"vertices": [{"x": 33.0, "y": 497.0}, {"x": 134.0, "y": 497.0}, {"x": 134.0, "y": 524.0}, {"x": 33.0, "y": 524.0}]}, "description": " APPROVED"}, {"boundingPoly": {"vertices": [{"x": 143.0, "y": 495.0}, {"x": 158.0, "y": 495.0}, {"x": 158.0, "y": 512.0}, {"x": 143.0, "y": 512.0}]}, "description": " -"}, {"boundingPoly": {"vertices": [{"x": 167.0, "y": 492.0}, {"x": 266.0, "y": 492.0}, {"x": 266.0, "y": 511.0}, {"x": 167.0, "y": 511.0}]}, "description": " THANK YOU"}, {"boundingPoly": {"vertices": [{"x": 31.0, "y": 567.0}, {"x": 73.0, "y": 563.0}, {"x": 74.0, "y": 575.0}, {"x": 32.0, "y": 579.0}]}, "description": "SIGN X .."}, {"boundingPoly": {"vertices": [{"x": 64.0, "y": 566.0}, {"x": 150.0, "y": 566.0}, {"x": 150.0, "y": 591.0}, {"x": 64.0, "y": 591.0}]}, "description": " I AGREE TO PAY"}, {"boundingPoly": {"vertices": [{"x": 80.0, "y": 599.0}, {"x": 228.0, "y": 589.0}, {"x": 230.0, "y": 605.0}, {"x": 81.0, "y": 617.0}]}, "description": "THANK YOU FOR CHOOSING US!"}, {"boundingPoly": {"vertices": [{"x": 77.0, "y": 627.0}, {"x": 226.0, "y": 616.0}, {"x": 228.0, "y": 633.0}, {"x": 78.0, "y": 645.0}]}, "description": "CUSTOMER COPY"}, {"boundingPoly": {"vertices": [{"x": 152.0, "y": 564.0}, {"x": 171.0, "y": 564.0}, {"x": 171.0, "y": 580.0}, {"x": 152.0, "y": 580.0}]}, "description": " THE"}, {"boundingPoly": {"vertices": [{"x": 173.0, "y": 562.0}, {"x": 239.0, "y": 562.0}, {"x": 239.0, "y": 579.0}, {"x": 173.0, "y": 579.0}]}, "description": " ABOVE AMOUNT"}, {"boundingPoly": {"vertices": [{"x": 53.0, "y": 616.0}, {"x": 242.0, "y": 604.0}, {"x": 243.0, "y": 620.0}, {"x": 54.0, "y": 635.0}]}, "description": "RETAIN THIS COPY FOR YOUR RECORDS"}]}