{"textAnnotations": [{"boundingPoly": {"vertices": [{"x": 123.0, "y": 40.0}, {"x": 322.0, "y": 45.0}, {"x": 320.0, "y": 80.0}, {"x": 122.0, "y": 73.0}]}, "description": "merchant name"}, {"boundingPoly": {"vertices": [{"x": 138.0, "y": 72.0}, {"x": 308.0, "y": 80.0}, {"x": 307.0, "y": 101.0}, {"x": 138.0, "y": 93.0}]}, "description": "@ Belgrave House"}, {"boundingPoly": {"vertices": [{"x": 25.0, "y": 133.0}, {"x": 156.0, "y": 138.0}, {"x": 155.0, "y": 159.0}, {"x": 25.0, "y": 153.0}]}, "description": "Sandwich Two"}, {"boundingPoly": {"vertices": [{"x": 26.0, "y": 156.0}, {"x": 166.0, "y": 161.0}, {"x": 165.0, "y": 183.0}, {"x": 25.0, "y": 177.0}]}, "description": "Coke Zero Can"}, {"boundingPoly": {"vertices": [{"x": 376.0, "y": 147.0}, {"x": 419.0, "y": 147.0}, {"x": 418.0, "y": 167.0}, {"x": 376.0, "y": 167.0}]}, "description": "3.85"}, {"boundingPoly": {"vertices": [{"x": 376.0, "y": 169.0}, {"x": 420.0, "y": 169.0}, {"x": 420.0, "y": 189.0}, {"x": 376.0, "y": 189.0}]}, "description": "0.95"}, {"boundingPoly": {"vertices": [{"x": 19.0, "y": 205.0}, {"x": 188.0, "y": 208.0}, {"x": 187.0, "y": 246.0}, {"x": 19.0, "y": 243.0}]}, "description": "Total GB"}, {"boundingPoly": {"vertices": [{"x": 207.0, "y": 219.0}, {"x": 327.0, "y": 239.0}, {"x": 313.0, "y": 302.0}, {"x": 199.0, "y": 283.0}]}, "description": "Conh"}, {"boundingPoly": {"vertices": [{"x": 22.0, "y": 323.0}, {"x": 233.0, "y": 323.0}, {"x": 233.0, "y": 345.0}, {"x": 22.0, "y": 345.0}]}, "description": "5005 AMERICANEXPRESS"}, {"boundingPoly": {"vertices": [{"x": 343.0, "y": 216.0}, {"x": 423.0, "y": 215.0}, {"x": 424.0, "y": 253.0}, {"x": 342.0, "y": 251.0}]}, "description": "4.80"}, {"boundingPoly": {"vertices": [{"x": 381.0, "y": 327.0}, {"x": 423.0, "y": 328.0}, {"x": 422.0, "y": 347.0}, {"x": 380.0, "y": 346.0}]}, "description": "4.80"}, {"boundingPoly": {"vertices": [{"x": 25.0, "y": 397.0}, {"x": 147.0, "y": 396.0}, {"x": 147.0, "y": 417.0}, {"x": 25.0, "y": 418.0}]}, "description": "Vat percent"}, {"boundingPoly": {"vertices": [{"x": 30.0, "y": 420.0}, {"x": 123.0, "y": 420.0}, {"x": 123.0, "y": 441.0}, {"x": 30.0, "y": 442.0}]}, "description": "(2) 20.00"}, {"boundingPoly": {"vertices": [{"x": 159.0, "y": 397.0}, {"x": 201.0, "y": 397.0}, {"x": 200.0, "y": 416.0}, {"x": 159.0, "y": 416.0}]}, "description": "Net"}, {"boundingPoly": {"vertices": [{"x": 161.0, "y": 417.0}, {"x": 203.0, "y": 418.0}, {"x": 202.0, "y": 445.0}, {"x": 160.0, "y": 444.0}]}, "description": "4.00"}, {"boundingPoly": {"vertices": [{"x": 253.0, "y": 396.0}, {"x": 304.0, "y": 398.0}, {"x": 304.0, "y": 416.0}, {"x": 253.0, "y": 416.0}]}, "description": "Gross"}, {"boundingPoly": {"vertices": [{"x": 264.0, "y": 420.0}, {"x": 305.0, "y": 419.0}, {"x": 305.0, "y": 439.0}, {"x": 264.0, "y": 439.0}]}, "description": "4.80"}, {"boundingPoly": {"vertices": [{"x": 353.0, "y": 396.0}, {"x": 386.0, "y": 397.0}, {"x": 385.0, "y": 416.0}, {"x": 352.0, "y": 416.0}]}, "description": "VAT"}, {"boundingPoly": {"vertices": [{"x": 347.0, "y": 417.0}, {"x": 388.0, "y": 418.0}, {"x": 387.0, "y": 443.0}, {"x": 346.0, "y": 443.0}]}, "description": "0.80"}, {"boundingPoly": {"vertices": [{"x": 33.0, "y": 488.0}, {"x": 471.0, "y": 488.0}, {"x": 471.0, "y": 514.0}, {"x": 33.0, "y": 514.0}]}, "description": " 17/12/2019 12:36 PM #:9494 Op:2051 C:212102"}, {"boundingPoly": {"vertices": [{"x": 43.0, "y": 515.0}, {"x": 105.0, "y": 515.0}, {"x": 105.0, "y": 536.0}, {"x": 43.0, "y": 536.0}]}, "description": " S:2121"}, {"boundingPoly": {"vertices": [{"x": 36.0, "y": 538.0}, {"x": 139.0, "y": 538.0}, {"x": 139.0, "y": 559.0}, {"x": 36.0, "y": 559.0}]}, "description": " Served you"}, {"boundingPoly": {"vertices": [{"x": 143.0, "y": 536.0}, {"x": 316.0, "y": 536.0}, {"x": 316.0, "y": 559.0}, {"x": 143.0, "y": 559.0}]}, "description": " : Betelham Tajebe"}, {"boundingPoly": {"vertices": [{"x": 152.0, "y": 582.0}, {"x": 225.0, "y": 582.0}, {"x": 225.0, "y": 603.0}, {"x": 152.0, "y": 603.0}]}, "description": " VAT No:"}, {"boundingPoly": {"vertices": [{"x": 179.0, "y": 605.0}, {"x": 273.0, "y": 605.0}, {"x": 273.0, "y": 625.0}, {"x": 179.0, "y": 625.0}]}, "description": " Thank You"}, {"boundingPoly": {"vertices": [{"x": 32.0, "y": 637.0}, {"x": 316.0, "y": 637.0}, {"x": 316.0, "y": 666.0}, {"x": 32.0, "y": 666.0}]}, "description": " Send us your feedback and be"}, {"boundingPoly": {"vertices": [{"x": 172.0, "y": 687.0}, {"x": 292.0, "y": 687.0}, {"x": 292.0, "y": 713.0}, {"x": 172.0, "y": 713.0}]}, "description": " Email us on:"}, {"boundingPoly": {"vertices": [{"x": 97.0, "y": 730.0}, {"x": 378.0, "y": 736.0}, {"x": 378.0, "y": 757.0}, {"x": 97.0, "y": 752.0}]}, "description": "To be entered into the draw!"}, {"boundingPoly": {"vertices": [{"x": 229.0, "y": 581.0}, {"x": 321.0, "y": 581.0}, {"x": 321.0, "y": 602.0}, {"x": 229.0, "y": 602.0}]}, "description": " 766234908"}, {"boundingPoly": {"vertices": [{"x": 278.0, "y": 605.0}, {"x": 290.0, "y": 605.0}, {"x": 290.0, "y": 625.0}, {"x": 278.0, "y": 625.0}]}, "description": " !"}, {"boundingPoly": {"vertices": [{"x": 100.0, "y": 614.0}, {"x": 332.0, "y": 614.0}, {"x": 332.0, "y": 646.0}, {"x": 100.0, "y": 646.0}]}, "description": " All prices inclusive of"}, {"boundingPoly": {"vertices": [{"x": 320.0, "y": 646.0}, {"x": 347.0, "y": 646.0}, {"x": 347.0, "y": 667.0}, {"x": 320.0, "y": 667.0}]}, "description": " in"}, {"boundingPoly": {"vertices": [{"x": 343.0, "y": 669.0}, {"x": 392.0, "y": 669.0}, {"x": 392.0, "y": 689.0}, {"x": 343.0, "y": 689.0}]}, "description": " free!"}, {"boundingPoly": {"vertices": [{"x": 335.0, "y": 623.0}, {"x": 378.0, "y": 623.0}, {"x": 378.0, "y": 646.0}, {"x": 335.0, "y": 646.0}]}, "description": " VAT."}, {"boundingPoly": {"vertices": [{"x": 351.0, "y": 645.0}, {"x": 457.0, "y": 645.0}, {"x": 457.0, "y": 667.0}, {"x": 351.0, "y": 667.0}]}, "description": " the chance"}, {"boundingPoly": {"vertices": [{"x": 85.0, "y": 663.0}, {"x": 338.0, "y": 663.0}, {"x": 338.0, "y": 689.0}, {"x": 85.0, "y": 689.0}]}, "description": " of winning your lunch for"}, {"boundingPoly": {"vertices": [{"x": 54.0, "y": 706.0}, {"x": 430.0, "y": 714.0}, {"x": 429.0, "y": 736.0}, {"x": 54.0, "y": 730.0}]}, "description": "belgravekitchen@goodeatingcompany.com"}, {"boundingPoly": {"vertices": [{"x": 62.0, "y": 798.0}, {"x": 295.0, "y": 803.0}, {"x": 295.0, "y": 821.0}, {"x": 62.0, "y": 816.0}]}, "description": "*** CARDHOLDER COPY ***"}, {"boundingPoly": {"vertices": [{"x": 30.0, "y": 884.0}, {"x": 46.0, "y": 884.0}, {"x": 46.0, "y": 905.0}, {"x": 30.0, "y": 905.0}]}, "description": " P:"}, {"boundingPoly": {"vertices": [{"x": 30.0, "y": 909.0}, {"x": 48.0, "y": 909.0}, {"x": 48.0, "y": 927.0}, {"x": 30.0, "y": 927.0}]}, "description": " M:"}, {"boundingPoly": {"vertices": [{"x": 50.0, "y": 881.0}, {"x": 136.0, "y": 881.0}, {"x": 136.0, "y": 905.0}, {"x": 50.0, "y": 905.0}]}, "description": " W3625107"}, {"boundingPoly": {"vertices": [{"x": 51.0, "y": 905.0}, {"x": 157.0, "y": 905.0}, {"x": 157.0, "y": 927.0}, {"x": 51.0, "y": 927.0}]}, "description": " ***** 90750"}, {"boundingPoly": {"vertices": [{"x": 84.0, "y": 926.0}, {"x": 278.0, "y": 926.0}, {"x": 278.0, "y": 950.0}, {"x": 84.0, "y": 950.0}]}, "description": " 17/12/2019 12:36:23"}, {"boundingPoly": {"vertices": [{"x": 245.0, "y": 881.0}, {"x": 260.0, "y": 881.0}, {"x": 260.0, "y": 901.0}, {"x": 245.0, "y": 901.0}]}, "description": " T:"}, {"boundingPoly": {"vertices": [{"x": 264.0, "y": 879.0}, {"x": 348.0, "y": 879.0}, {"x": 348.0, "y": 900.0}, {"x": 264.0, "y": 900.0}]}, "description": " **** 7547"}, {"boundingPoly": {"vertices": [{"x": 29.0, "y": 977.0}, {"x": 197.0, "y": 973.0}, {"x": 197.0, "y": 994.0}, {"x": 29.0, "y": 998.0}]}, "description": "AMERICAN EXPRESS"}, {"boundingPoly": {"vertices": [{"x": 29.0, "y": 1001.0}, {"x": 187.0, "y": 997.0}, {"x": 188.0, "y": 1018.0}, {"x": 30.0, "y": 1019.0}]}, "description": "*********** 8894"}, {"boundingPoly": {"vertices": [{"x": 26.0, "y": 1044.0}, {"x": 153.0, "y": 1044.0}, {"x": 153.0, "y": 1069.0}, {"x": 26.0, "y": 1069.0}]}, "description": " CONTACTLESS"}, {"boundingPoly": {"vertices": [{"x": 172.0, "y": 1042.0}, {"x": 249.0, "y": 1042.0}, {"x": 249.0, "y": 1066.0}, {"x": 172.0, "y": 1066.0}]}, "description": " CP SALE"}, {"boundingPoly": {"vertices": [{"x": 60.0, "y": 1093.0}, {"x": 298.0, "y": 1092.0}, {"x": 298.0, "y": 1112.0}, {"x": 60.0, "y": 1115.0}]}, "description": "Please debit my account"}, {"boundingPoly": {"vertices": [{"x": 29.0, "y": 1118.0}, {"x": 91.0, "y": 1117.0}, {"x": 91.0, "y": 1137.0}, {"x": 29.0, "y": 1138.0}]}, "description": "AMOUNT"}, {"boundingPoly": {"vertices": [{"x": 27.0, "y": 1141.0}, {"x": 79.0, "y": 1141.0}, {"x": 79.0, "y": 1157.0}, {"x": 27.0, "y": 1156.0}]}, "description": "TOTAL"}, {"boundingPoly": {"vertices": [{"x": 277.0, "y": 1112.0}, {"x": 349.0, "y": 1111.0}, {"x": 350.0, "y": 1130.0}, {"x": 277.0, "y": 1131.0}]}, "description": "GBP4.80"}, {"boundingPoly": {"vertices": [{"x": 277.0, "y": 1135.0}, {"x": 348.0, "y": 1134.0}, {"x": 349.0, "y": 1153.0}, {"x": 277.0, "y": 1154.0}]}, "description": "GBP4.80"}]}