{"textAnnotations": [{"boundingPoly": {"vertices": [{"x": 69.0, "y": 180.0}, {"x": 140.0, "y": 182.0}, {"x": 139.0, "y": 200.0}, {"x": 69.0, "y": 198.0}]}, "description": "merchant name"}, {"boundingPoly": {"vertices": [{"x": 70.0, "y": 204.0}, {"x": 133.0, "y": 206.0}, {"x": 132.0, "y": 224.0}, {"x": 70.0, "y": 223.0}]}, "description": "merchant address"}, {"boundingPoly": {"vertices": [{"x": 53.0, "y": 228.0}, {"x": 151.0, "y": 231.0}, {"x": 150.0, "y": 250.0}, {"x": 52.0, "y": 247.0}]}, "description": "merchant address"}, {"boundingPoly": {"vertices": [{"x": 69.0, "y": 254.0}, {"x": 140.0, "y": 255.0}, {"x": 139.0, "y": 275.0}, {"x": 69.0, "y": 273.0}]}, "description": "merchant phone"}, {"boundingPoly": {"vertices": [{"x": 14.0, "y": 276.0}, {"x": 84.0, "y": 276.0}, {"x": 84.0, "y": 288.0}, {"x": 14.0, "y": 288.0}]}, "description": " Terminal ID:"}, {"boundingPoly": {"vertices": [{"x": 15.0, "y": 287.0}, {"x": 55.0, "y": 287.0}, {"x": 55.0, "y": 298.0}, {"x": 15.0, "y": 298.0}]}, "description": "12/2/19"}, {"boundingPoly": {"vertices": [{"x": 14.0, "y": 299.0}, {"x": 106.0, "y": 299.0}, {"x": 106.0, "y": 311.0}, {"x": 14.0, "y": 311.0}]}, "description": " AMERICAN EXPRESS"}, {"boundingPoly": {"vertices": [{"x": 14.0, "y": 311.0}, {"x": 39.0, "y": 311.0}, {"x": 39.0, "y": 322.0}, {"x": 14.0, "y": 322.0}]}, "description": " AID:"}, {"boundingPoly": {"vertices": [{"x": 14.0, "y": 323.0}, {"x": 56.0, "y": 323.0}, {"x": 56.0, "y": 333.0}, {"x": 14.0, "y": 333.0}]}, "description": " ACCT #:"}, {"boundingPoly": {"vertices": [{"x": 12.0, "y": 336.0}, {"x": 78.0, "y": 336.0}, {"x": 78.0, "y": 355.0}, {"x": 12.0, "y": 354.0}]}, "description": "CREDIT SALE"}, {"boundingPoly": {"vertices": [{"x": 38.0, "y": 360.0}, {"x": 163.0, "y": 360.0}, {"x": 163.0, "y": 381.0}, {"x": 38.0, "y": 381.0}]}, "description": " 933634433555 REF #:"}, {"boundingPoly": {"vertices": [{"x": 156.0, "y": 381.0}, {"x": 190.0, "y": 381.0}, {"x": 190.0, "y": 392.0}, {"x": 156.0, "y": 392.0}]}, "description": " 823707"}, {"boundingPoly": {"vertices": [{"x": 154.0, "y": 394.0}, {"x": 189.0, "y": 393.0}, {"x": 189.0, "y": 415.0}, {"x": 154.0, "y": 415.0}]}, "description": "$23. 18"}, {"boundingPoly": {"vertices": [{"x": 86.0, "y": 276.0}, {"x": 132.0, "y": 276.0}, {"x": 132.0, "y": 288.0}, {"x": 86.0, "y": 288.0}]}, "description": " ***** 254"}, {"boundingPoly": {"vertices": [{"x": 167.0, "y": 279.0}, {"x": 191.0, "y": 280.0}, {"x": 190.0, "y": 288.0}, {"x": 167.0, "y": 287.0}]}, "description": "*** 2"}, {"boundingPoly": {"vertices": [{"x": 153.0, "y": 289.0}, {"x": 192.0, "y": 289.0}, {"x": 192.0, "y": 300.0}, {"x": 153.0, "y": 300.0}]}, "description": " 8:59 PM"}, {"boundingPoly": {"vertices": [{"x": 120.0, "y": 300.0}, {"x": 154.0, "y": 300.0}, {"x": 154.0, "y": 311.0}, {"x": 120.0, "y": 311.0}]}, "description": " INSERT"}, {"boundingPoly": {"vertices": [{"x": 41.0, "y": 311.0}, {"x": 131.0, "y": 311.0}, {"x": 131.0, "y": 322.0}, {"x": 41.0, "y": 322.0}]}, "description": " A000000025010801"}, {"boundingPoly": {"vertices": [{"x": 108.0, "y": 300.0}, {"x": 118.0, "y": 300.0}, {"x": 118.0, "y": 311.0}, {"x": 108.0, "y": 311.0}]}, "description": " -"}, {"boundingPoly": {"vertices": [{"x": 58.0, "y": 323.0}, {"x": 70.0, "y": 323.0}, {"x": 70.0, "y": 333.0}, {"x": 58.0, "y": 333.0}]}, "description": " **"}, {"boundingPoly": {"vertices": [{"x": 83.0, "y": 323.0}, {"x": 143.0, "y": 323.0}, {"x": 143.0, "y": 333.0}, {"x": 83.0, "y": 333.0}]}, "description": "******** 1002"}, {"boundingPoly": {"vertices": [{"x": 274.0, "y": 320.0}, {"x": 359.0, "y": 316.0}, {"x": 360.0, "y": 358.0}, {"x": 275.0, "y": 362.0}]}, "description": "on"}, {"boundingPoly": {"vertices": [{"x": 262.0, "y": 399.0}, {"x": 456.0, "y": 392.0}, {"x": 457.0, "y": 431.0}, {"x": 263.0, "y": 439.0}]}, "description": "Real 395"}, {"boundingPoly": {"vertices": [{"x": 358.0, "y": 449.0}, {"x": 455.0, "y": 440.0}, {"x": 459.0, "y": 467.0}, {"x": 361.0, "y": 479.0}]}, "description": "124"}, {"boundingPoly": {"vertices": [{"x": 382.0, "y": 510.0}, {"x": 443.0, "y": 494.0}, {"x": 449.0, "y": 515.0}, {"x": 388.0, "y": 533.0}]}, "description": "180"}, {"boundingPoly": {"vertices": [{"x": 12.0, "y": 361.0}, {"x": 34.0, "y": 361.0}, {"x": 34.0, "y": 381.0}, {"x": 12.0, "y": 381.0}]}, "description": " UID:"}, {"boundingPoly": {"vertices": [{"x": 11.0, "y": 382.0}, {"x": 60.0, "y": 382.0}, {"x": 60.0, "y": 394.0}, {"x": 11.0, "y": 394.0}]}, "description": " BATCH #:"}, {"boundingPoly": {"vertices": [{"x": 7.0, "y": 397.0}, {"x": 45.0, "y": 397.0}, {"x": 45.0, "y": 415.0}, {"x": 6.0, "y": 415.0}]}, "description": "AMOUNT"}, {"boundingPoly": {"vertices": [{"x": 166.0, "y": 360.0}, {"x": 193.0, "y": 360.0}, {"x": 193.0, "y": 379.0}, {"x": 166.0, "y": 379.0}]}, "description": " 1846"}, {"boundingPoly": {"vertices": [{"x": 62.0, "y": 383.0}, {"x": 81.0, "y": 383.0}, {"x": 81.0, "y": 394.0}, {"x": 62.0, "y": 394.0}]}, "description": " 367"}, {"boundingPoly": {"vertices": [{"x": 111.0, "y": 382.0}, {"x": 154.0, "y": 382.0}, {"x": 154.0, "y": 393.0}, {"x": 111.0, "y": 393.0}]}, "description": " AUTH #:"}, {"boundingPoly": {"vertices": [{"x": 2.0, "y": 433.0}, {"x": 24.0, "y": 432.0}, {"x": 23.0, "y": 453.0}, {"x": 1.0, "y": 453.0}]}, "description": "TIP"}, {"boundingPoly": {"vertices": [{"x": 3.0, "y": 471.0}, {"x": 33.0, "y": 470.0}, {"x": 34.0, "y": 493.0}, {"x": 3.0, "y": 494.0}]}, "description": "TOTAL"}, {"boundingPoly": {"vertices": [{"x": 48.0, "y": 497.0}, {"x": 143.0, "y": 495.0}, {"x": 143.0, "y": 517.0}, {"x": 48.0, "y": 520.0}]}, "description": "APPROVED"}, {"boundingPoly": {"vertices": [{"x": 65.0, "y": 529.0}, {"x": 153.0, "y": 529.0}, {"x": 153.0, "y": 544.0}, {"x": 65.0, "y": 544.0}]}, "description": " A84D6A587AOC58"}, {"boundingPoly": {"vertices": [{"x": 360.0, "y": 490.0}, {"x": 436.0, "y": 473.0}, {"x": 441.0, "y": 492.0}, {"x": 364.0, "y": 511.0}]}, "description": "2/ 20"}, {"boundingPoly": {"vertices": [{"x": 359.0, "y": 543.0}, {"x": 452.0, "y": 526.0}, {"x": 458.0, "y": 558.0}, {"x": 361.0, "y": 572.0}]}, "description": "2319"}, {"boundingPoly": {"vertices": [{"x": 24.0, "y": 533.0}, {"x": 52.0, "y": 533.0}, {"x": 52.0, "y": 546.0}, {"x": 24.0, "y": 546.0}]}, "description": " ARQC"}, {"boundingPoly": {"vertices": [{"x": 54.0, "y": 533.0}, {"x": 63.0, "y": 533.0}, {"x": 63.0, "y": 544.0}, {"x": 54.0, "y": 544.0}]}, "description": " -"}, {"boundingPoly": {"vertices": [{"x": 55.0, "y": 546.0}, {"x": 163.0, "y": 540.0}, {"x": 164.0, "y": 558.0}, {"x": 55.0, "y": 564.0}]}, "description": "CUSTOMER COPY"}]}