{"textAnnotations": [{"boundingPoly": {"vertices": [{"x": 91.0, "y": 98.0}, {"x": 332.0, "y": 96.0}, {"x": 332.0, "y": 122.0}, {"x": 91.0, "y": 124.0}]}, "description": "merchant name"}, {"boundingPoly": {"vertices": [{"x": 146.0, "y": 129.0}, {"x": 282.0, "y": 128.0}, {"x": 282.0, "y": 154.0}, {"x": 146.0, "y": 155.0}]}, "description": "merchant address"}, {"boundingPoly": {"vertices": [{"x": 233.0, "y": 157.0}, {"x": 398.0, "y": 157.0}, {"x": 398.0, "y": 186.0}, {"x": 233.0, "y": 186.0}]}, "description": "merchant phone"}, {"boundingPoly": {"vertices": [{"x": 195.0, "y": 199.0}, {"x": 307.0, "y": 198.0}, {"x": 307.0, "y": 206.0}, {"x": 195.0, "y": 207.0}]}, "description": "-----------"}, {"boundingPoly": {"vertices": [{"x": 24.0, "y": 160.0}, {"x": 223.0, "y": 160.0}, {"x": 223.0, "y": 187.0}, {"x": 24.0, "y": 187.0}]}, "description": "merchant address"}, {"boundingPoly": {"vertices": [{"x": 1.0, "y": 199.0}, {"x": 184.0, "y": 199.0}, {"x": 185.0, "y": 207.0}, {"x": 1.0, "y": 208.0}]}, "description": "----------------- -"}, {"boundingPoly": {"vertices": [{"x": 153.0, "y": 219.0}, {"x": 268.0, "y": 218.0}, {"x": 268.0, "y": 246.0}, {"x": 153.0, "y": 248.0}]}, "description": "CHK 724421"}, {"boundingPoly": {"vertices": [{"x": 102.0, "y": 249.0}, {"x": 315.0, "y": 249.0}, {"x": 315.0, "y": 278.0}, {"x": 102.0, "y": 278.0}]}, "description": " 11/10/2019 08:36 AM"}, {"boundingPoly": {"vertices": [{"x": 252.0, "y": 277.0}, {"x": 341.0, "y": 277.0}, {"x": 341.0, "y": 304.0}, {"x": 252.0, "y": 304.0}]}, "description": " 2 Reg:"}, {"boundingPoly": {"vertices": [{"x": 327.0, "y": 311.0}, {"x": 438.0, "y": 310.0}, {"x": 438.0, "y": 318.0}, {"x": 327.0, "y": 319.0}]}, "description": "----------"}, {"boundingPoly": {"vertices": [{"x": 54.0, "y": 282.0}, {"x": 141.0, "y": 281.0}, {"x": 142.0, "y": 305.0}, {"x": 54.0, "y": 306.0}]}, "description": "2826002"}, {"boundingPoly": {"vertices": [{"x": 160.0, "y": 280.0}, {"x": 248.0, "y": 280.0}, {"x": 248.0, "y": 305.0}, {"x": 160.0, "y": 305.0}]}, "description": " Drawer:"}, {"boundingPoly": {"vertices": [{"x": 344.0, "y": 277.0}, {"x": 359.0, "y": 277.0}, {"x": 359.0, "y": 302.0}, {"x": 344.0, "y": 302.0}]}, "description": " 2"}, {"boundingPoly": {"vertices": [{"x": 17.0, "y": 339.0}, {"x": 164.0, "y": 334.0}, {"x": 165.0, "y": 363.0}, {"x": 18.0, "y": 368.0}]}, "description": "Gr Flat White"}, {"boundingPoly": {"vertices": [{"x": 330.0, "y": 329.0}, {"x": 379.0, "y": 328.0}, {"x": 379.0, "y": 354.0}, {"x": 330.0, "y": 356.0}]}, "description": "4.95"}, {"boundingPoly": {"vertices": [{"x": 19.0, "y": 400.0}, {"x": 131.0, "y": 399.0}, {"x": 131.0, "y": 423.0}, {"x": 19.0, "y": 425.0}]}, "description": "Mastercard"}, {"boundingPoly": {"vertices": [{"x": 18.0, "y": 429.0}, {"x": 196.0, "y": 427.0}, {"x": 196.0, "y": 453.0}, {"x": 18.0, "y": 455.0}]}, "description": "XXXXXXXXXXXX8050"}, {"boundingPoly": {"vertices": [{"x": 146.0, "y": 455.0}, {"x": 242.0, "y": 455.0}, {"x": 242.0, "y": 486.0}, {"x": 146.0, "y": 486.0}]}, "description": " TAP CHIP"}, {"boundingPoly": {"vertices": [{"x": 147.0, "y": 487.0}, {"x": 239.0, "y": 487.0}, {"x": 239.0, "y": 514.0}, {"x": 147.0, "y": 514.0}]}, "description": " PURCHASE"}, {"boundingPoly": {"vertices": [{"x": 157.0, "y": 517.0}, {"x": 249.0, "y": 517.0}, {"x": 249.0, "y": 542.0}, {"x": 157.0, "y": 542.0}]}, "description": " 00000040"}, {"boundingPoly": {"vertices": [{"x": 133.0, "y": 547.0}, {"x": 247.0, "y": 547.0}, {"x": 247.0, "y": 572.0}, {"x": 133.0, "y": 572.0}]}, "description": " Mastercard"}, {"boundingPoly": {"vertices": [{"x": 105.0, "y": 576.0}, {"x": 172.0, "y": 576.0}, {"x": 172.0, "y": 600.0}, {"x": 105.0, "y": 600.0}]}, "description": " 188118"}, {"boundingPoly": {"vertices": [{"x": 69.0, "y": 604.0}, {"x": 225.0, "y": 604.0}, {"x": 225.0, "y": 628.0}, {"x": 69.0, "y": 628.0}]}, "description": " A0000000041010"}, {"boundingPoly": {"vertices": [{"x": 69.0, "y": 633.0}, {"x": 182.0, "y": 633.0}, {"x": 182.0, "y": 657.0}, {"x": 69.0, "y": 657.0}]}, "description": " 0000008000"}, {"boundingPoly": {"vertices": [{"x": 71.0, "y": 660.0}, {"x": 119.0, "y": 660.0}, {"x": 119.0, "y": 683.0}, {"x": 71.0, "y": 683.0}]}, "description": " E800"}, {"boundingPoly": {"vertices": [{"x": 327.0, "y": 395.0}, {"x": 376.0, "y": 393.0}, {"x": 376.0, "y": 419.0}, {"x": 327.0, "y": 420.0}]}, "description": "4.95"}, {"boundingPoly": {"vertices": [{"x": 20.0, "y": 457.0}, {"x": 141.0, "y": 457.0}, {"x": 141.0, "y": 487.0}, {"x": 20.0, "y": 487.0}]}, "description": " Card Entry:"}, {"boundingPoly": {"vertices": [{"x": 21.0, "y": 489.0}, {"x": 142.0, "y": 489.0}, {"x": 142.0, "y": 514.0}, {"x": 21.0, "y": 514.0}]}, "description": " Trans Type:"}, {"boundingPoly": {"vertices": [{"x": 19.0, "y": 518.0}, {"x": 152.0, "y": 518.0}, {"x": 152.0, "y": 543.0}, {"x": 19.0, "y": 543.0}]}, "description": " Reference #:"}, {"boundingPoly": {"vertices": [{"x": 20.0, "y": 547.0}, {"x": 128.0, "y": 547.0}, {"x": 128.0, "y": 572.0}, {"x": 20.0, "y": 572.0}]}, "description": " App Label:"}, {"boundingPoly": {"vertices": [{"x": 19.0, "y": 575.0}, {"x": 100.0, "y": 575.0}, {"x": 100.0, "y": 600.0}, {"x": 19.0, "y": 600.0}]}, "description": " Auth #:"}, {"boundingPoly": {"vertices": [{"x": 19.0, "y": 604.0}, {"x": 66.0, "y": 604.0}, {"x": 66.0, "y": 628.0}, {"x": 19.0, "y": 628.0}]}, "description": " AID:"}, {"boundingPoly": {"vertices": [{"x": 20.0, "y": 632.0}, {"x": 65.0, "y": 632.0}, {"x": 65.0, "y": 657.0}, {"x": 20.0, "y": 657.0}]}, "description": " TVR:"}, {"boundingPoly": {"vertices": [{"x": 20.0, "y": 661.0}, {"x": 66.0, "y": 661.0}, {"x": 66.0, "y": 683.0}, {"x": 20.0, "y": 683.0}]}, "description": " TSI:"}, {"boundingPoly": {"vertices": [{"x": 18.0, "y": 714.0}, {"x": 104.0, "y": 713.0}, {"x": 104.0, "y": 737.0}, {"x": 18.0, "y": 738.0}]}, "description": "Subtotal"}, {"boundingPoly": {"vertices": [{"x": 19.0, "y": 743.0}, {"x": 72.0, "y": 743.0}, {"x": 71.0, "y": 766.0}, {"x": 19.0, "y": 766.0}]}, "description": "Total"}, {"boundingPoly": {"vertices": [{"x": 2.0, "y": 769.0}, {"x": 201.0, "y": 767.0}, {"x": 201.0, "y": 796.0}, {"x": 3.0, "y": 798.0}]}, "description": "Change Due"}, {"boundingPoly": {"vertices": [{"x": 295.0, "y": 714.0}, {"x": 353.0, "y": 713.0}, {"x": 353.0, "y": 736.0}, {"x": 295.0, "y": 738.0}]}, "description": "$4.95"}, {"boundingPoly": {"vertices": [{"x": 296.0, "y": 743.0}, {"x": 353.0, "y": 741.0}, {"x": 353.0, "y": 765.0}, {"x": 296.0, "y": 766.0}]}, "description": "$4.95"}, {"boundingPoly": {"vertices": [{"x": 306.0, "y": 771.0}, {"x": 418.0, "y": 770.0}, {"x": 418.0, "y": 794.0}, {"x": 307.0, "y": 797.0}]}, "description": "$0.00"}, {"boundingPoly": {"vertices": [{"x": 109.0, "y": 824.0}, {"x": 247.0, "y": 824.0}, {"x": 247.0, "y": 852.0}, {"x": 109.0, "y": 853.0}]}, "description": "Check Closed"}, {"boundingPoly": {"vertices": [{"x": 93.0, "y": 856.0}, {"x": 299.0, "y": 856.0}, {"x": 299.0, "y": 881.0}, {"x": 93.0, "y": 881.0}]}, "description": " 11/10/2019 08:36 AM"}, {"boundingPoly": {"vertices": [{"x": 347.0, "y": 837.0}, {"x": 415.0, "y": 839.0}, {"x": 415.0, "y": 846.0}, {"x": 347.0, "y": 845.0}]}, "description": "------"}, {"boundingPoly": {"vertices": [{"x": 74.0, "y": 988.0}, {"x": 330.0, "y": 987.0}, {"x": 330.0, "y": 1012.0}, {"x": 74.0, "y": 1013.0}]}, "description": "Join our loyalty program"}, {"boundingPoly": {"vertices": [{"x": 104.0, "y": 1015.0}, {"x": 297.0, "y": 1013.0}, {"x": 297.0, "y": 1039.0}, {"x": 104.0, "y": 1041.0}]}, "description": "Starbucks Rewards\u00ae"}, {"boundingPoly": {"vertices": [{"x": 41.0, "y": 1044.0}, {"x": 363.0, "y": 1042.0}, {"x": 363.0, "y": 1068.0}, {"x": 41.0, "y": 1069.0}]}, "description": "Sign up for promotional emails"}, {"boundingPoly": {"vertices": [{"x": 54.0, "y": 1071.0}, {"x": 342.0, "y": 1073.0}, {"x": 342.0, "y": 1097.0}, {"x": 54.0, "y": 1094.0}]}, "description": "Visit Starbucks.com/rewards"}, {"boundingPoly": {"vertices": [{"x": 96.0, "y": 1097.0}, {"x": 299.0, "y": 1102.0}, {"x": 298.0, "y": 1125.0}, {"x": 95.0, "y": 1119.0}]}, "description": "Or download our app"}, {"boundingPoly": {"vertices": [{"x": 78.0, "y": 1122.0}, {"x": 322.0, "y": 1129.0}, {"x": 321.0, "y": 1152.0}, {"x": 78.0, "y": 1146.0}]}, "description": "At participating stores"}, {"boundingPoly": {"vertices": [{"x": 79.0, "y": 1147.0}, {"x": 321.0, "y": 1156.0}, {"x": 320.0, "y": 1180.0}, {"x": 79.0, "y": 1170.0}]}, "description": "Some restrictions apply"}]}