{"textAnnotations": [{"boundingPoly": {"vertices": [{"x": 661.0, "y": 1.0}, {"x": 850.0, "y": 0.0}, {"x": 851.0, "y": 57.0}, {"x": 661.0, "y": 61.0}]}, "description": "NEXI"}, {"boundingPoly": {"vertices": [{"x": 530.0, "y": 76.0}, {"x": 998.0, "y": 60.0}, {"x": 1001.0, "y": 138.0}, {"x": 532.0, "y": 154.0}]}, "description": "MASTERCARD"}, {"boundingPoly": {"vertices": [{"x": 574.0, "y": 169.0}, {"x": 959.0, "y": 152.0}, {"x": 962.0, "y": 277.0}, {"x": 580.0, "y": 294.0}]}, "description": "ACQUISTO"}, {"boundingPoly": {"vertices": [{"x": 361.0, "y": 321.0}, {"x": 1141.0, "y": 300.0}, {"x": 1142.0, "y": 369.0}, {"x": 363.0, "y": 393.0}]}, "description": "merchant name"}, {"boundingPoly": {"vertices": [{"x": 614.0, "y": 391.0}, {"x": 915.0, "y": 385.0}, {"x": 916.0, "y": 466.0}, {"x": 615.0, "y": 471.0}]}, "description": "merchant address"}, {"boundingPoly": {"vertices": [{"x": 766.0, "y": 469.0}, {"x": 1102.0, "y": 469.0}, {"x": 1102.0, "y": 548.0}, {"x": 766.0, "y": 548.0}]}, "description": " CLIENTE"}, {"boundingPoly": {"vertices": [{"x": 457.0, "y": 480.0}, {"x": 693.0, "y": 480.0}, {"x": 693.0, "y": 553.0}, {"x": 457.0, "y": 553.0}]}, "description": " COPIA"}, {"boundingPoly": {"vertices": [{"x": 1178.0, "y": 484.0}, {"x": 1320.0, "y": 481.0}, {"x": 1321.0, "y": 521.0}, {"x": 1179.0, "y": 526.0}]}, "description": "---"}, {"boundingPoly": {"vertices": [{"x": 176.0, "y": 647.0}, {"x": 413.0, "y": 647.0}, {"x": 413.0, "y": 720.0}, {"x": 176.0, "y": 720.0}]}, "description": " oEser"}, {"boundingPoly": {"vertices": [{"x": 218.0, "y": 729.0}, {"x": 592.0, "y": 724.0}, {"x": 594.0, "y": 795.0}, {"x": 218.0, "y": 802.0}]}, "description": ".A.I.I.C."}, {"boundingPoly": {"vertices": [{"x": 177.0, "y": 800.0}, {"x": 1313.0, "y": 800.0}, {"x": 1313.0, "y": 888.0}, {"x": 177.0, "y": 888.0}]}, "description": " \u00bfData 13/11/19 Ora 23:31"}, {"boundingPoly": {"vertices": [{"x": 424.0, "y": 654.0}, {"x": 448.0, "y": 654.0}, {"x": 448.0, "y": 719.0}, {"x": 424.0, "y": 719.0}]}, "description": " ."}, {"boundingPoly": {"vertices": [{"x": 995.0, "y": 640.0}, {"x": 1323.0, "y": 634.0}, {"x": 1324.0, "y": 703.0}, {"x": 995.0, "y": 708.0}]}, "description": "9016722"}, {"boundingPoly": {"vertices": [{"x": 818.0, "y": 726.0}, {"x": 1323.0, "y": 717.0}, {"x": 1324.0, "y": 784.0}, {"x": 818.0, "y": 794.0}]}, "description": "00000000003"}, {"boundingPoly": {"vertices": [{"x": 182.0, "y": 719.0}, {"x": 161.0, "y": 0.0}, {"x": 222.0, "y": 0.0}, {"x": 243.0, "y": 718.0}]}, "description": "POS NON VALE COME S"}, {"boundingPoly": {"vertices": [{"x": 256.0, "y": 891.0}, {"x": 1315.0, "y": 883.0}, {"x": 1316.0, "y": 951.0}, {"x": 257.0, "y": 958.0}]}, "description": "TML 00712990 STAN 007916"}, {"boundingPoly": {"vertices": [{"x": 952.0, "y": 963.0}, {"x": 1315.0, "y": 961.0}, {"x": 1315.0, "y": 1027.0}, {"x": 952.0, "y": 1030.0}]}, "description": "CTLS ICC"}, {"boundingPoly": {"vertices": [{"x": 204.0, "y": 1048.0}, {"x": 1314.0, "y": 1042.0}, {"x": 1315.0, "y": 1106.0}, {"x": 204.0, "y": 1114.0}]}, "description": "SAUT. 134269 OPER. 007890"}, {"boundingPoly": {"vertices": [{"x": 214.0, "y": 1120.0}, {"x": 964.0, "y": 1115.0}, {"x": 964.0, "y": 1185.0}, {"x": 214.0, "y": 1186.0}]}, "description": "************* 4796"}, {"boundingPoly": {"vertices": [{"x": 211.0, "y": 1209.0}, {"x": 687.0, "y": 1202.0}, {"x": 688.0, "y": 1261.0}, {"x": 211.0, "y": 1271.0}]}, "description": "A.ID A0000000041010"}, {"boundingPoly": {"vertices": [{"x": 260.0, "y": 1276.0}, {"x": 777.0, "y": 1276.0}, {"x": 777.0, "y": 1344.0}, {"x": 260.0, "y": 1344.0}]}, "description": " APPL. Debit Mastercard"}, {"boundingPoly": {"vertices": [{"x": 657.0, "y": 1350.0}, {"x": 863.0, "y": 1350.0}, {"x": 863.0, "y": 1412.0}, {"x": 657.0, "y": 1412.0}]}, "description": " TrCC 978"}, {"boundingPoly": {"vertices": [{"x": 228.0, "y": 1429.0}, {"x": 1134.0, "y": 1423.0}, {"x": 1134.0, "y": 1486.0}, {"x": 228.0, "y": 1490.0}]}, "description": "TUR 0000048000 A.R.Q.C. 5731103913C36645"}, {"boundingPoly": {"vertices": [{"x": 273.0, "y": 1504.0}, {"x": 1134.0, "y": 1499.0}, {"x": 1134.0, "y": 1561.0}, {"x": 273.0, "y": 1567.0}]}, "description": "IAD 0114A04003220000000000000000000000FF"}, {"boundingPoly": {"vertices": [{"x": 207.0, "y": 970.0}, {"x": 746.0, "y": 969.0}, {"x": 747.0, "y": 1034.0}, {"x": 207.0, "y": 1037.0}]}, "description": "wMod. Online"}, {"boundingPoly": {"vertices": [{"x": 1130.0, "y": 1132.0}, {"x": 1312.0, "y": 1132.0}, {"x": 1312.0, "y": 1175.0}, {"x": 1130.0, "y": 1175.0}]}, "description": "****"}, {"boundingPoly": {"vertices": [{"x": 796.0, "y": 1272.0}, {"x": 1136.0, "y": 1272.0}, {"x": 1136.0, "y": 1338.0}, {"x": 796.0, "y": 1338.0}]}, "description": " ATC 005C ARC 00"}, {"boundingPoly": {"vertices": [{"x": 884.0, "y": 1349.0}, {"x": 1132.0, "y": 1349.0}, {"x": 1132.0, "y": 1413.0}, {"x": 884.0, "y": 1413.0}]}, "description": " UN 5EA84AB?"}, {"boundingPoly": {"vertices": [{"x": 264.0, "y": 1354.0}, {"x": 459.0, "y": 1354.0}, {"x": 459.0, "y": 1420.0}, {"x": 264.0, "y": 1420.0}]}, "description": " ETCC 380"}, {"boundingPoly": {"vertices": [{"x": 487.0, "y": 1352.0}, {"x": 628.0, "y": 1352.0}, {"x": 628.0, "y": 1415.0}, {"x": 487.0, "y": 1415.0}]}, "description": " TT 00"}, {"boundingPoly": {"vertices": [{"x": 457.0, "y": 1654.0}, {"x": 1097.0, "y": 1646.0}, {"x": 1099.0, "y": 1772.0}, {"x": 457.0, "y": 1776.0}]}, "description": "IMPORTO \u20ac 34,43"}, {"boundingPoly": {"vertices": [{"x": 787.0, "y": 1870.0}, {"x": 1118.0, "y": 1870.0}, {"x": 1118.0, "y": 1947.0}, {"x": 787.0, "y": 1947.0}]}, "description": " CLIENTE"}, {"boundingPoly": {"vertices": [{"x": 330.0, "y": 1964.0}, {"x": 1246.0, "y": 1954.0}, {"x": 1247.0, "y": 2038.0}, {"x": 330.0, "y": 2046.0}]}, "description": "Transazione eseguita"}, {"boundingPoly": {"vertices": [{"x": 250.0, "y": 1900.0}, {"x": 399.0, "y": 1896.0}, {"x": 401.0, "y": 1934.0}, {"x": 250.0, "y": 1937.0}]}, "description": "---"}, {"boundingPoly": {"vertices": [{"x": 473.0, "y": 1876.0}, {"x": 715.0, "y": 1876.0}, {"x": 715.0, "y": 1948.0}, {"x": 473.0, "y": 1948.0}]}, "description": " COPIA"}, {"boundingPoly": {"vertices": [{"x": 1181.0, "y": 1889.0}, {"x": 1316.0, "y": 1888.0}, {"x": 1317.0, "y": 1922.0}, {"x": 1181.0, "y": 1926.0}]}, "description": "---"}, {"boundingPoly": {"vertices": [{"x": 326.0, "y": 2144.0}, {"x": 1242.0, "y": 2127.0}, {"x": 1243.0, "y": 2202.0}, {"x": 326.0, "y": 2217.0}]}, "description": "Grazie e arrivederci"}, {"boundingPoly": {"vertices": [{"x": 687.0, "y": 2223.0}, {"x": 882.0, "y": 2219.0}, {"x": 883.0, "y": 2300.0}, {"x": 688.0, "y": 2301.0}]}, "description": "NEXI"}, {"boundingPoly": {"vertices": [{"x": 154.0, "y": 2177.0}, {"x": 191.0, "y": 983.0}, {"x": 282.0, "y": 984.0}, {"x": 263.0, "y": 2180.0}]}, "description": "POS NON VALE COME SCONTRINO FISCALE"}]}