{"textAnnotations": [{"boundingPoly": {"vertices": [{"x": 393.0, "y": 77.0}, {"x": 766.0, "y": 93.0}, {"x": 763.0, "y": 158.0}, {"x": 390.0, "y": 147.0}]}, "description": "merchant name"}, {"boundingPoly": {"vertices": [{"x": 395.0, "y": 190.0}, {"x": 760.0, "y": 205.0}, {"x": 759.0, "y": 253.0}, {"x": 393.0, "y": 242.0}]}, "description": "M/S ARJUN HOTELS"}, {"boundingPoly": {"vertices": [{"x": 187.0, "y": 281.0}, {"x": 960.0, "y": 308.0}, {"x": 958.0, "y": 364.0}, {"x": 186.0, "y": 346.0}]}, "description": "merchant address"}, {"boundingPoly": {"vertices": [{"x": 310.0, "y": 397.0}, {"x": 484.0, "y": 397.0}, {"x": 484.0, "y": 459.0}, {"x": 310.0, "y": 459.0}]}, "description": " GST No:"}, {"boundingPoly": {"vertices": [{"x": 388.0, "y": 459.0}, {"x": 602.0, "y": 459.0}, {"x": 602.0, "y": 521.0}, {"x": 388.0, "y": 521.0}]}, "description": " SAC Code:"}, {"boundingPoly": {"vertices": [{"x": 35.0, "y": 227.0}, {"x": 1112.0, "y": 261.0}, {"x": 1111.0, "y": 308.0}, {"x": 33.0, "y": 284.0}]}, "description": "merchant address"}, {"boundingPoly": {"vertices": [{"x": 424.0, "y": 351.0}, {"x": 716.0, "y": 367.0}, {"x": 714.0, "y": 420.0}, {"x": 423.0, "y": 405.0}]}, "description": "merchant phone"}, {"boundingPoly": {"vertices": [{"x": 488.0, "y": 412.0}, {"x": 837.0, "y": 412.0}, {"x": 837.0, "y": 467.0}, {"x": 488.0, "y": 467.0}]}, "description": " 06ABDFA9103E1ZX"}, {"boundingPoly": {"vertices": [{"x": 610.0, "y": 473.0}, {"x": 754.0, "y": 473.0}, {"x": 754.0, "y": 523.0}, {"x": 610.0, "y": 523.0}]}, "description": " 996331"}, {"boundingPoly": {"vertices": [{"x": 416.0, "y": 516.0}, {"x": 728.0, "y": 531.0}, {"x": 725.0, "y": 580.0}, {"x": 413.0, "y": 565.0}]}, "description": "INVOICE"}, {"boundingPoly": {"vertices": [{"x": 23.0, "y": 615.0}, {"x": 227.0, "y": 615.0}, {"x": 227.0, "y": 672.0}, {"x": 23.0, "y": 672.0}]}, "description": " Table No"}, {"boundingPoly": {"vertices": [{"x": 17.0, "y": 670.0}, {"x": 238.0, "y": 670.0}, {"x": 238.0, "y": 726.0}, {"x": 17.0, "y": 726.0}]}, "description": " Bill Date"}, {"boundingPoly": {"vertices": [{"x": 23.0, "y": 727.0}, {"x": 236.0, "y": 727.0}, {"x": 236.0, "y": 785.0}, {"x": 23.0, "y": 785.0}]}, "description": " Bill Type"}, {"boundingPoly": {"vertices": [{"x": 18.0, "y": 786.0}, {"x": 182.0, "y": 788.0}, {"x": 182.0, "y": 835.0}, {"x": 17.0, "y": 833.0}]}, "description": "Cashier"}, {"boundingPoly": {"vertices": [{"x": 248.0, "y": 617.0}, {"x": 331.0, "y": 617.0}, {"x": 331.0, "y": 674.0}, {"x": 248.0, "y": 674.0}]}, "description": " : 3"}, {"boundingPoly": {"vertices": [{"x": 246.0, "y": 674.0}, {"x": 538.0, "y": 674.0}, {"x": 538.0, "y": 743.0}, {"x": 246.0, "y": 743.0}]}, "description": " : 05-11-2019"}, {"boundingPoly": {"vertices": [{"x": 243.0, "y": 785.0}, {"x": 392.0, "y": 785.0}, {"x": 392.0, "y": 840.0}, {"x": 243.0, "y": 840.0}]}, "description": " : abhi"}, {"boundingPoly": {"vertices": [{"x": 591.0, "y": 644.0}, {"x": 717.0, "y": 644.0}, {"x": 717.0, "y": 688.0}, {"x": 591.0, "y": 688.0}]}, "description": " Cover"}, {"boundingPoly": {"vertices": [{"x": 581.0, "y": 694.0}, {"x": 775.0, "y": 694.0}, {"x": 775.0, "y": 748.0}, {"x": 581.0, "y": 748.0}]}, "description": " Bill No:"}, {"boundingPoly": {"vertices": [{"x": 725.0, "y": 644.0}, {"x": 799.0, "y": 644.0}, {"x": 799.0, "y": 688.0}, {"x": 725.0, "y": 688.0}]}, "description": " : 1"}, {"boundingPoly": {"vertices": [{"x": 244.0, "y": 732.0}, {"x": 593.0, "y": 732.0}, {"x": 593.0, "y": 805.0}, {"x": 244.0, "y": 805.0}]}, "description": " : Table Billing"}, {"boundingPoly": {"vertices": [{"x": 785.0, "y": 696.0}, {"x": 910.0, "y": 696.0}, {"x": 910.0, "y": 748.0}, {"x": 785.0, "y": 748.0}]}, "description": " 30496"}, {"boundingPoly": {"vertices": [{"x": 21.0, "y": 897.0}, {"x": 280.0, "y": 897.0}, {"x": 280.0, "y": 955.0}, {"x": 21.0, "y": 955.0}]}, "description": " No of Items"}, {"boundingPoly": {"vertices": [{"x": 291.0, "y": 901.0}, {"x": 371.0, "y": 901.0}, {"x": 371.0, "y": 957.0}, {"x": 291.0, "y": 957.0}]}, "description": " : 1"}, {"boundingPoly": {"vertices": [{"x": 630.0, "y": 922.0}, {"x": 733.0, "y": 922.0}, {"x": 733.0, "y": 970.0}, {"x": 630.0, "y": 970.0}]}, "description": " Time"}, {"boundingPoly": {"vertices": [{"x": 742.0, "y": 924.0}, {"x": 974.0, "y": 924.0}, {"x": 974.0, "y": 976.0}, {"x": 742.0, "y": 976.0}]}, "description": " : 02:10 PM"}, {"boundingPoly": {"vertices": [{"x": 178.0, "y": 1016.0}, {"x": 435.0, "y": 1018.0}, {"x": 434.0, "y": 1072.0}, {"x": 177.0, "y": 1069.0}]}, "description": "Description"}, {"boundingPoly": {"vertices": [{"x": 606.0, "y": 1034.0}, {"x": 681.0, "y": 1035.0}, {"x": 678.0, "y": 1078.0}, {"x": 606.0, "y": 1077.0}]}, "description": "QTY"}, {"boundingPoly": {"vertices": [{"x": 786.0, "y": 1039.0}, {"x": 881.0, "y": 1039.0}, {"x": 879.0, "y": 1083.0}, {"x": 785.0, "y": 1082.0}]}, "description": "RATE"}, {"boundingPoly": {"vertices": [{"x": 960.0, "y": 1040.0}, {"x": 1099.0, "y": 1042.0}, {"x": 1098.0, "y": 1088.0}, {"x": 960.0, "y": 1086.0}]}, "description": "AMOUNT"}, {"boundingPoly": {"vertices": [{"x": 155.0, "y": 1130.0}, {"x": 365.0, "y": 1134.0}, {"x": 365.0, "y": 1179.0}, {"x": 155.0, "y": 1175.0}]}, "description": "Dahi Vada"}, {"boundingPoly": {"vertices": [{"x": 492.0, "y": 1168.0}, {"x": 705.0, "y": 1140.0}, {"x": 711.0, "y": 1189.0}, {"x": 501.0, "y": 1227.0}]}, "description": "2 .000"}, {"boundingPoly": {"vertices": [{"x": 425.0, "y": 1246.0}, {"x": 594.0, "y": 1246.0}, {"x": 594.0, "y": 1297.0}, {"x": 425.0, "y": 1297.0}]}, "description": " :1.000"}, {"boundingPoly": {"vertices": [{"x": 758.0, "y": 1146.0}, {"x": 901.0, "y": 1147.0}, {"x": 901.0, "y": 1191.0}, {"x": 758.0, "y": 1190.0}]}, "description": "210.00"}, {"boundingPoly": {"vertices": [{"x": 959.0, "y": 1149.0}, {"x": 1095.0, "y": 1149.0}, {"x": 1095.0, "y": 1194.0}, {"x": 958.0, "y": 1194.0}]}, "description": "210.00"}, {"boundingPoly": {"vertices": [{"x": 246.0, "y": 1244.0}, {"x": 417.0, "y": 1244.0}, {"x": 417.0, "y": 1297.0}, {"x": 246.0, "y": 1297.0}]}, "description": " Net Qty"}, {"boundingPoly": {"vertices": [{"x": 668.0, "y": 1248.0}, {"x": 903.0, "y": 1248.0}, {"x": 903.0, "y": 1305.0}, {"x": 668.0, "y": 1305.0}]}, "description": " Bill Total"}, {"boundingPoly": {"vertices": [{"x": 914.0, "y": 1252.0}, {"x": 1101.0, "y": 1252.0}, {"x": 1101.0, "y": 1307.0}, {"x": 914.0, "y": 1307.0}]}, "description": " : 210.00"}, {"boundingPoly": {"vertices": [{"x": 14.0, "y": 1351.0}, {"x": 134.0, "y": 1355.0}, {"x": 133.0, "y": 1399.0}, {"x": 16.0, "y": 1396.0}]}, "description": "Taxes"}, {"boundingPoly": {"vertices": [{"x": 10.0, "y": 1406.0}, {"x": 210.0, "y": 1407.0}, {"x": 210.0, "y": 1461.0}, {"x": 10.0, "y": 1459.0}]}, "description": "CGST@2.5"}, {"boundingPoly": {"vertices": [{"x": 11.0, "y": 1463.0}, {"x": 210.0, "y": 1463.0}, {"x": 210.0, "y": 1516.0}, {"x": 11.0, "y": 1516.0}]}, "description": " SGST@2.5"}, {"boundingPoly": {"vertices": [{"x": 401.0, "y": 1356.0}, {"x": 635.0, "y": 1357.0}, {"x": 635.0, "y": 1407.0}, {"x": 401.0, "y": 1406.0}]}, "description": "TaxableAmt"}, {"boundingPoly": {"vertices": [{"x": 494.0, "y": 1418.0}, {"x": 634.0, "y": 1418.0}, {"x": 634.0, "y": 1461.0}, {"x": 494.0, "y": 1461.0}]}, "description": "210.00"}, {"boundingPoly": {"vertices": [{"x": 493.0, "y": 1471.0}, {"x": 634.0, "y": 1472.0}, {"x": 634.0, "y": 1517.0}, {"x": 492.0, "y": 1515.0}]}, "description": "210.00"}, {"boundingPoly": {"vertices": [{"x": 808.0, "y": 1367.0}, {"x": 950.0, "y": 1367.0}, {"x": 950.0, "y": 1413.0}, {"x": 808.0, "y": 1412.0}]}, "description": "TaxAmt"}, {"boundingPoly": {"vertices": [{"x": 850.0, "y": 1421.0}, {"x": 947.0, "y": 1423.0}, {"x": 946.0, "y": 1467.0}, {"x": 850.0, "y": 1466.0}]}, "description": "5.25"}, {"boundingPoly": {"vertices": [{"x": 853.0, "y": 1474.0}, {"x": 941.0, "y": 1475.0}, {"x": 941.0, "y": 1526.0}, {"x": 853.0, "y": 1525.0}]}, "description": "5.25"}, {"boundingPoly": {"vertices": [{"x": 219.0, "y": 1463.0}, {"x": 249.0, "y": 1463.0}, {"x": 249.0, "y": 1516.0}, {"x": 219.0, "y": 1516.0}]}, "description": " :"}, {"boundingPoly": {"vertices": [{"x": 404.0, "y": 1582.0}, {"x": 631.0, "y": 1582.0}, {"x": 631.0, "y": 1628.0}, {"x": 404.0, "y": 1628.0}]}, "description": " Total Tax:"}, {"boundingPoly": {"vertices": [{"x": 400.0, "y": 1633.0}, {"x": 626.0, "y": 1633.0}, {"x": 626.0, "y": 1682.0}, {"x": 400.0, "y": 1682.0}]}, "description": " Round Off:"}, {"boundingPoly": {"vertices": [{"x": 851.0, "y": 1587.0}, {"x": 964.0, "y": 1586.0}, {"x": 964.0, "y": 1637.0}, {"x": 851.0, "y": 1637.0}]}, "description": "10.50"}, {"boundingPoly": {"vertices": [{"x": 832.0, "y": 1639.0}, {"x": 918.0, "y": 1642.0}, {"x": 915.0, "y": 1693.0}, {"x": 829.0, "y": 1690.0}]}, "description": "0.50"}, {"boundingPoly": {"vertices": [{"x": 194.0, "y": 1743.0}, {"x": 728.0, "y": 1743.0}, {"x": 728.0, "y": 1797.0}, {"x": 194.0, "y": 1797.0}]}, "description": " Payable Amt:"}, {"boundingPoly": {"vertices": [{"x": 821.0, "y": 1752.0}, {"x": 1091.0, "y": 1754.0}, {"x": 1090.0, "y": 1800.0}, {"x": 821.0, "y": 1798.0}]}, "description": "221.00"}, {"boundingPoly": {"vertices": [{"x": 868.0, "y": 1863.0}, {"x": 961.0, "y": 1867.0}, {"x": 959.0, "y": 1907.0}, {"x": 866.0, "y": 1906.0}]}, "description": "E&OE"}, {"boundingPoly": {"vertices": [{"x": 168.0, "y": 1904.0}, {"x": 936.0, "y": 1907.0}, {"x": 936.0, "y": 1950.0}, {"x": 168.0, "y": 1945.0}]}, "description": "*** Thanks Your Visit ***"}, {"boundingPoly": {"vertices": [{"x": 150.0, "y": 1959.0}, {"x": 951.0, "y": 1961.0}, {"x": 951.0, "y": 2003.0}, {"x": 150.0, "y": 1999.0}]}, "description": "*** Please Visit Again ***"}, {"boundingPoly": {"vertices": [{"x": 16.0, "y": 2013.0}, {"x": 791.0, "y": 2013.0}, {"x": 791.0, "y": 2056.0}, {"x": 16.0, "y": 2056.0}]}, "description": " For Home Delivery Call:"}, {"boundingPoly": {"vertices": [{"x": 486.0, "y": 2063.0}, {"x": 618.0, "y": 2061.0}, {"x": 618.0, "y": 2098.0}, {"x": 486.0, "y": 2100.0}]}, "description": "0009"}, {"boundingPoly": {"vertices": [{"x": 37.0, "y": 2116.0}, {"x": 1052.0, "y": 2118.0}, {"x": 1052.0, "y": 2163.0}, {"x": 37.0, "y": 2160.0}]}, "description": "Powered by RomioTech(ver 5.0.3)"}, {"boundingPoly": {"vertices": [{"x": 819.0, "y": 2017.0}, {"x": 1082.0, "y": 2017.0}, {"x": 1082.0, "y": 2063.0}, {"x": 819.0, "y": 2063.0}]}, "description": " 0124-690"}]}