{"textAnnotations": [{"boundingPoly": {"vertices": [{"x": 154.0, "y": 25.0}, {"x": 201.0, "y": 25.0}, {"x": 201.0, "y": 65.0}, {"x": 154.0, "y": 65.0}]}, "description": "merchant name"}, {"boundingPoly": {"vertices": [{"x": 171.0, "y": 88.0}, {"x": 358.0, "y": 83.0}, {"x": 359.0, "y": 105.0}, {"x": 171.0, "y": 110.0}]}, "description": "merchant address"}, {"boundingPoly": {"vertices": [{"x": 138.0, "y": 114.0}, {"x": 392.0, "y": 109.0}, {"x": 392.0, "y": 130.0}, {"x": 138.0, "y": 136.0}]}, "description": "merchant address"}, {"boundingPoly": {"vertices": [{"x": 150.0, "y": 138.0}, {"x": 374.0, "y": 134.0}, {"x": 374.0, "y": 157.0}, {"x": 151.0, "y": 161.0}]}, "description": "merchant phone"}, {"boundingPoly": {"vertices": [{"x": 208.0, "y": 24.0}, {"x": 224.0, "y": 24.0}, {"x": 224.0, "y": 63.0}, {"x": 208.0, "y": 63.0}]}, "description": "merchant name"}, {"boundingPoly": {"vertices": [{"x": 231.0, "y": 22.0}, {"x": 278.0, "y": 22.0}, {"x": 278.0, "y": 62.0}, {"x": 231.0, "y": 62.0}]}, "description": "merchant name"}, {"boundingPoly": {"vertices": [{"x": 285.0, "y": 21.0}, {"x": 301.0, "y": 21.0}, {"x": 301.0, "y": 60.0}, {"x": 285.0, "y": 60.0}]}, "description": " -"}, {"boundingPoly": {"vertices": [{"x": 307.0, "y": 17.0}, {"x": 385.0, "y": 17.0}, {"x": 385.0, "y": 59.0}, {"x": 307.0, "y": 59.0}]}, "description": " 580 CA"}, {"boundingPoly": {"vertices": [{"x": 33.0, "y": 192.0}, {"x": 140.0, "y": 190.0}, {"x": 140.0, "y": 212.0}, {"x": 33.0, "y": 214.0}]}, "description": "11/13/2019"}, {"boundingPoly": {"vertices": [{"x": 134.0, "y": 216.0}, {"x": 269.0, "y": 216.0}, {"x": 269.0, "y": 240.0}, {"x": 134.0, "y": 240.0}]}, "description": " AAB7TH2AACGL"}, {"boundingPoly": {"vertices": [{"x": 28.0, "y": 243.0}, {"x": 181.0, "y": 243.0}, {"x": 180.0, "y": 267.0}, {"x": 28.0, "y": 266.0}]}, "description": "#19 - Take Out"}, {"boundingPoly": {"vertices": [{"x": 27.0, "y": 270.0}, {"x": 126.0, "y": 270.0}, {"x": 126.0, "y": 295.0}, {"x": 27.0, "y": 295.0}]}, "description": " Employee:"}, {"boundingPoly": {"vertices": [{"x": 370.0, "y": 191.0}, {"x": 497.0, "y": 191.0}, {"x": 497.0, "y": 215.0}, {"x": 370.0, "y": 215.0}]}, "description": " 12:46:02 PM"}, {"boundingPoly": {"vertices": [{"x": 30.0, "y": 217.0}, {"x": 130.0, "y": 217.0}, {"x": 130.0, "y": 240.0}, {"x": 30.0, "y": 240.0}]}, "description": " Order Id:"}, {"boundingPoly": {"vertices": [{"x": 131.0, "y": 271.0}, {"x": 378.0, "y": 271.0}, {"x": 378.0, "y": 298.0}, {"x": 131.0, "y": 298.0}]}, "description": " Marison Perez Zambrano"}, {"boundingPoly": {"vertices": [{"x": 48.0, "y": 321.0}, {"x": 59.0, "y": 321.0}, {"x": 59.0, "y": 345.0}, {"x": 48.0, "y": 345.0}]}, "description": " 1"}, {"boundingPoly": {"vertices": [{"x": 48.0, "y": 347.0}, {"x": 59.0, "y": 347.0}, {"x": 59.0, "y": 370.0}, {"x": 48.0, "y": 370.0}]}, "description": " 1"}, {"boundingPoly": {"vertices": [{"x": 63.0, "y": 321.0}, {"x": 407.0, "y": 321.0}, {"x": 407.0, "y": 345.0}, {"x": 63.0, "y": 345.0}]}, "description": " Organic Smokey Split Pea Large"}, {"boundingPoly": {"vertices": [{"x": 63.0, "y": 347.0}, {"x": 357.0, "y": 347.0}, {"x": 357.0, "y": 370.0}, {"x": 63.0, "y": 370.0}]}, "description": " Chicken & Avocado + 5 Full"}, {"boundingPoly": {"vertices": [{"x": 77.0, "y": 371.0}, {"x": 152.0, "y": 371.0}, {"x": 152.0, "y": 398.0}, {"x": 77.0, "y": 398.0}]}, "description": "Cabbage"}, {"boundingPoly": {"vertices": [{"x": 75.0, "y": 402.0}, {"x": 154.0, "y": 402.0}, {"x": 154.0, "y": 425.0}, {"x": 75.0, "y": 424.0}]}, "description": "Cabbage"}, {"boundingPoly": {"vertices": [{"x": 77.0, "y": 427.0}, {"x": 151.0, "y": 427.0}, {"x": 151.0, "y": 454.0}, {"x": 77.0, "y": 454.0}]}, "description": "Cabbage"}, {"boundingPoly": {"vertices": [{"x": 73.0, "y": 456.0}, {"x": 152.0, "y": 457.0}, {"x": 152.0, "y": 480.0}, {"x": 72.0, "y": 480.0}]}, "description": "Cabbage"}, {"boundingPoly": {"vertices": [{"x": 74.0, "y": 484.0}, {"x": 151.0, "y": 485.0}, {"x": 150.0, "y": 508.0}, {"x": 74.0, "y": 507.0}]}, "description": "Cabbage"}, {"boundingPoly": {"vertices": [{"x": 72.0, "y": 512.0}, {"x": 152.0, "y": 514.0}, {"x": 152.0, "y": 537.0}, {"x": 72.0, "y": 535.0}]}, "description": "Cabbage"}, {"boundingPoly": {"vertices": [{"x": 411.0, "y": 323.0}, {"x": 429.0, "y": 323.0}, {"x": 429.0, "y": 345.0}, {"x": 411.0, "y": 345.0}]}, "description": " ("}, {"boundingPoly": {"vertices": [{"x": 424.0, "y": 348.0}, {"x": 495.0, "y": 347.0}, {"x": 496.0, "y": 369.0}, {"x": 424.0, "y": 370.0}]}, "description": "$13.25"}, {"boundingPoly": {"vertices": [{"x": 437.0, "y": 372.0}, {"x": 495.0, "y": 369.0}, {"x": 496.0, "y": 396.0}, {"x": 438.0, "y": 399.0}]}, "description": "$0.00"}, {"boundingPoly": {"vertices": [{"x": 437.0, "y": 399.0}, {"x": 497.0, "y": 398.0}, {"x": 497.0, "y": 426.0}, {"x": 438.0, "y": 427.0}]}, "description": "$0.00"}, {"boundingPoly": {"vertices": [{"x": 438.0, "y": 429.0}, {"x": 501.0, "y": 429.0}, {"x": 501.0, "y": 451.0}, {"x": 438.0, "y": 452.0}]}, "description": "$0.00"}, {"boundingPoly": {"vertices": [{"x": 438.0, "y": 457.0}, {"x": 503.0, "y": 456.0}, {"x": 503.0, "y": 479.0}, {"x": 438.0, "y": 480.0}]}, "description": "$0.00"}, {"boundingPoly": {"vertices": [{"x": 438.0, "y": 485.0}, {"x": 501.0, "y": 485.0}, {"x": 502.0, "y": 508.0}, {"x": 438.0, "y": 509.0}]}, "description": "$0.00"}, {"boundingPoly": {"vertices": [{"x": 440.0, "y": 514.0}, {"x": 502.0, "y": 513.0}, {"x": 503.0, "y": 540.0}, {"x": 440.0, "y": 541.0}]}, "description": "$0.90"}, {"boundingPoly": {"vertices": [{"x": 433.0, "y": 323.0}, {"x": 496.0, "y": 323.0}, {"x": 496.0, "y": 345.0}, {"x": 433.0, "y": 345.0}]}, "description": " $7.34"}, {"boundingPoly": {"vertices": [{"x": 17.0, "y": 563.0}, {"x": 87.0, "y": 566.0}, {"x": 85.0, "y": 593.0}, {"x": 15.0, "y": 590.0}]}, "description": "SF Bag"}, {"boundingPoly": {"vertices": [{"x": 438.0, "y": 575.0}, {"x": 503.0, "y": 574.0}, {"x": 503.0, "y": 599.0}, {"x": 438.0, "y": 599.0}]}, "description": "$0.10"}, {"boundingPoly": {"vertices": [{"x": 16.0, "y": 622.0}, {"x": 115.0, "y": 623.0}, {"x": 115.0, "y": 647.0}, {"x": 16.0, "y": 646.0}]}, "description": "Sub Total"}, {"boundingPoly": {"vertices": [{"x": 427.0, "y": 631.0}, {"x": 504.0, "y": 631.0}, {"x": 503.0, "y": 658.0}, {"x": 427.0, "y": 658.0}]}, "description": "$21.59"}, {"boundingPoly": {"vertices": [{"x": 13.0, "y": 679.0}, {"x": 115.0, "y": 681.0}, {"x": 115.0, "y": 705.0}, {"x": 13.0, "y": 702.0}]}, "description": "Sales Tax"}, {"boundingPoly": {"vertices": [{"x": 13.0, "y": 707.0}, {"x": 139.0, "y": 708.0}, {"x": 138.0, "y": 732.0}, {"x": 13.0, "y": 731.0}]}, "description": "Order Total"}, {"boundingPoly": {"vertices": [{"x": 438.0, "y": 690.0}, {"x": 500.0, "y": 690.0}, {"x": 500.0, "y": 712.0}, {"x": 438.0, "y": 712.0}]}, "description": "$0.69"}, {"boundingPoly": {"vertices": [{"x": 425.0, "y": 717.0}, {"x": 499.0, "y": 716.0}, {"x": 499.0, "y": 739.0}, {"x": 425.0, "y": 740.0}]}, "description": "$22.28"}, {"boundingPoly": {"vertices": [{"x": 12.0, "y": 765.0}, {"x": 195.0, "y": 767.0}, {"x": 195.0, "y": 793.0}, {"x": 11.0, "y": 790.0}]}, "description": "American Express"}, {"boundingPoly": {"vertices": [{"x": 54.0, "y": 794.0}, {"x": 127.0, "y": 794.0}, {"x": 127.0, "y": 822.0}, {"x": 54.0, "y": 822.0}]}, "description": " Card#:"}, {"boundingPoly": {"vertices": [{"x": 56.0, "y": 825.0}, {"x": 221.0, "y": 825.0}, {"x": 221.0, "y": 854.0}, {"x": 56.0, "y": 854.0}]}, "description": " Authorization:"}, {"boundingPoly": {"vertices": [{"x": 132.0, "y": 795.0}, {"x": 313.0, "y": 795.0}, {"x": 313.0, "y": 826.0}, {"x": 132.0, "y": 826.0}]}, "description": " *********** 1000"}, {"boundingPoly": {"vertices": [{"x": 428.0, "y": 774.0}, {"x": 504.0, "y": 773.0}, {"x": 504.0, "y": 796.0}, {"x": 428.0, "y": 797.0}]}, "description": "$22.28"}, {"boundingPoly": {"vertices": [{"x": 225.0, "y": 828.0}, {"x": 301.0, "y": 828.0}, {"x": 301.0, "y": 856.0}, {"x": 225.0, "y": 856.0}]}, "description": " 540364"}, {"boundingPoly": {"vertices": [{"x": 143.0, "y": 919.0}, {"x": 334.0, "y": 919.0}, {"x": 334.0, "y": 950.0}, {"x": 143.0, "y": 950.0}]}, "description": " -- > Order Closed"}, {"boundingPoly": {"vertices": [{"x": 16.0, "y": 968.0}, {"x": 482.0, "y": 968.0}, {"x": 482.0, "y": 1020.0}, {"x": 16.0, "y": 1020.0}]}, "description": " Thank you for visiting Ladle and Leaf."}, {"boundingPoly": {"vertices": [{"x": 59.0, "y": 1034.0}, {"x": 472.0, "y": 1057.0}, {"x": 470.0, "y": 1086.0}, {"x": 58.0, "y": 1062.0}]}, "description": "Visit www.ladleandleaf.com/survey"}, {"boundingPoly": {"vertices": [{"x": 340.0, "y": 925.0}, {"x": 381.0, "y": 925.0}, {"x": 381.0, "y": 950.0}, {"x": 340.0, "y": 950.0}]}, "description": " < --"}, {"boundingPoly": {"vertices": [{"x": 487.0, "y": 990.0}, {"x": 521.0, "y": 990.0}, {"x": 521.0, "y": 1020.0}, {"x": 487.0, "y": 1020.0}]}, "description": " We"}, {"boundingPoly": {"vertices": [{"x": 95.0, "y": 1006.0}, {"x": 431.0, "y": 1023.0}, {"x": 429.0, "y": 1050.0}, {"x": 93.0, "y": 1032.0}]}, "description": "would love to hear from you."}, {"boundingPoly": {"vertices": [{"x": 42.0, "y": 1063.0}, {"x": 491.0, "y": 1089.0}, {"x": 490.0, "y": 1118.0}, {"x": 41.0, "y": 1093.0}]}, "description": "Chance to earn free soups and salads!"}]}