{"textAnnotations": [{"boundingPoly": {"vertices": [{"x": 40.0, "y": 55.0}, {"x": 52.0, "y": 55.0}, {"x": 52.0, "y": 67.0}, {"x": 40.0, "y": 67.0}]}, "description": "merchant address"}, {"boundingPoly": {"vertices": [{"x": 53.0, "y": 52.0}, {"x": 85.0, "y": 52.0}, {"x": 85.0, "y": 66.0}, {"x": 53.0, "y": 66.0}]}, "description": "merchant address"}, {"boundingPoly": {"vertices": [{"x": 70.0, "y": 73.0}, {"x": 140.0, "y": 69.0}, {"x": 140.0, "y": 78.0}, {"x": 70.0, "y": 83.0}]}, "description": "beaubourgnyc.com"}, {"boundingPoly": {"vertices": [{"x": 68.0, "y": 84.0}, {"x": 82.0, "y": 84.0}, {"x": 82.0, "y": 95.0}, {"x": 68.0, "y": 95.0}]}, "description": " www."}, {"boundingPoly": {"vertices": [{"x": 47.0, "y": 93.0}, {"x": 86.0, "y": 93.0}, {"x": 86.0, "y": 106.0}, {"x": 47.0, "y": 106.0}]}, "description": " Suggested"}, {"boundingPoly": {"vertices": [{"x": 48.0, "y": 115.0}, {"x": 71.0, "y": 115.0}, {"x": 71.0, "y": 126.0}, {"x": 48.0, "y": 126.0}]}, "description": " Paula"}, {"boundingPoly": {"vertices": [{"x": 86.0, "y": 51.0}, {"x": 96.0, "y": 51.0}, {"x": 96.0, "y": 62.0}, {"x": 86.0, "y": 62.0}]}, "description": "merchant address"}, {"boundingPoly": {"vertices": [{"x": 98.0, "y": 49.0}, {"x": 113.0, "y": 49.0}, {"x": 113.0, "y": 61.0}, {"x": 98.0, "y": 61.0}]}, "description": "merchant address"}, {"boundingPoly": {"vertices": [{"x": 115.0, "y": 46.0}, {"x": 174.0, "y": 46.0}, {"x": 174.0, "y": 60.0}, {"x": 115.0, "y": 60.0}]}, "description": "merchant address"}, {"boundingPoly": {"vertices": [{"x": 86.0, "y": 58.0}, {"x": 140.0, "y": 58.0}, {"x": 140.0, "y": 72.0}, {"x": 86.0, "y": 72.0}]}, "description": "merchant phone"}, {"boundingPoly": {"vertices": [{"x": 84.0, "y": 80.0}, {"x": 143.0, "y": 80.0}, {"x": 143.0, "y": 93.0}, {"x": 84.0, "y": 93.0}]}, "description": " ledistrict.com"}, {"boundingPoly": {"vertices": [{"x": 87.0, "y": 91.0}, {"x": 124.0, "y": 91.0}, {"x": 124.0, "y": 104.0}, {"x": 87.0, "y": 104.0}]}, "description": " Gratuity"}, {"boundingPoly": {"vertices": [{"x": 67.0, "y": 62.0}, {"x": 85.0, "y": 62.0}, {"x": 85.0, "y": 73.0}, {"x": 67.0, "y": 73.0}]}, "description": " Tel:"}, {"boundingPoly": {"vertices": [{"x": 125.0, "y": 90.0}, {"x": 140.0, "y": 90.0}, {"x": 140.0, "y": 101.0}, {"x": 125.0, "y": 101.0}]}, "description": " 18%"}, {"boundingPoly": {"vertices": [{"x": 142.0, "y": 88.0}, {"x": 166.0, "y": 88.0}, {"x": 166.0, "y": 100.0}, {"x": 142.0, "y": 100.0}]}, "description": " - 20%"}, {"boundingPoly": {"vertices": [{"x": 27.0, "y": 116.0}, {"x": 47.0, "y": 116.0}, {"x": 47.0, "y": 127.0}, {"x": 27.0, "y": 127.0}]}, "description": " 10350"}, {"boundingPoly": {"vertices": [{"x": 90.0, "y": 134.0}, {"x": 104.0, "y": 134.0}, {"x": 104.0, "y": 145.0}, {"x": 90.0, "y": 145.0}]}, "description": " CHK"}, {"boundingPoly": {"vertices": [{"x": 72.0, "y": 143.0}, {"x": 146.0, "y": 143.0}, {"x": 146.0, "y": 156.0}, {"x": 72.0, "y": 156.0}]}, "description": " 12/10/2019 1:58 PM"}, {"boundingPoly": {"vertices": [{"x": 106.0, "y": 133.0}, {"x": 124.0, "y": 133.0}, {"x": 124.0, "y": 144.0}, {"x": 106.0, "y": 144.0}]}, "description": " 1132"}, {"boundingPoly": {"vertices": [{"x": 33.0, "y": 167.0}, {"x": 80.0, "y": 167.0}, {"x": 80.0, "y": 176.0}, {"x": 33.0, "y": 176.0}]}, "description": " 1 Cappuccino"}, {"boundingPoly": {"vertices": [{"x": 39.0, "y": 177.0}, {"x": 58.0, "y": 177.0}, {"x": 58.0, "y": 185.0}, {"x": 38.0, "y": 185.0}]}, "description": "AMEX"}, {"boundingPoly": {"vertices": [{"x": 38.0, "y": 186.0}, {"x": 99.0, "y": 186.0}, {"x": 99.0, "y": 196.0}, {"x": 38.0, "y": 196.0}]}, "description": "*********** 2005"}, {"boundingPoly": {"vertices": [{"x": 82.0, "y": 166.0}, {"x": 93.0, "y": 166.0}, {"x": 93.0, "y": 176.0}, {"x": 82.0, "y": 176.0}]}, "description": " SM"}, {"boundingPoly": {"vertices": [{"x": 148.0, "y": 164.0}, {"x": 168.0, "y": 164.0}, {"x": 168.0, "y": 175.0}, {"x": 148.0, "y": 174.0}]}, "description": "3.25"}, {"boundingPoly": {"vertices": [{"x": 144.0, "y": 175.0}, {"x": 168.0, "y": 175.0}, {"x": 168.0, "y": 185.0}, {"x": 144.0, "y": 185.0}]}, "description": "$3.54"}, {"boundingPoly": {"vertices": [{"x": 37.0, "y": 207.0}, {"x": 54.0, "y": 208.0}, {"x": 54.0, "y": 217.0}, {"x": 36.0, "y": 216.0}]}, "description": "FOOD"}, {"boundingPoly": {"vertices": [{"x": 38.0, "y": 218.0}, {"x": 51.0, "y": 219.0}, {"x": 50.0, "y": 227.0}, {"x": 37.0, "y": 226.0}]}, "description": "TAY"}, {"boundingPoly": {"vertices": [{"x": 36.0, "y": 229.0}, {"x": 66.0, "y": 229.0}, {"x": 66.0, "y": 238.0}, {"x": 36.0, "y": 238.0}]}, "description": "PAYMENT"}, {"boundingPoly": {"vertices": [{"x": 24.0, "y": 238.0}, {"x": 108.0, "y": 241.0}, {"x": 108.0, "y": 251.0}, {"x": 24.0, "y": 249.0}]}, "description": "Change Due"}, {"boundingPoly": {"vertices": [{"x": 145.0, "y": 208.0}, {"x": 168.0, "y": 208.0}, {"x": 169.0, "y": 218.0}, {"x": 145.0, "y": 218.0}]}, "description": "$3.25"}, {"boundingPoly": {"vertices": [{"x": 145.0, "y": 218.0}, {"x": 169.0, "y": 218.0}, {"x": 170.0, "y": 227.0}, {"x": 144.0, "y": 228.0}]}, "description": "$0.29"}, {"boundingPoly": {"vertices": [{"x": 146.0, "y": 229.0}, {"x": 169.0, "y": 228.0}, {"x": 169.0, "y": 238.0}, {"x": 146.0, "y": 239.0}]}, "description": "$3.54"}, {"boundingPoly": {"vertices": [{"x": 150.0, "y": 239.0}, {"x": 195.0, "y": 238.0}, {"x": 195.0, "y": 249.0}, {"x": 150.0, "y": 250.0}]}, "description": "$0.00"}, {"boundingPoly": {"vertices": [{"x": 71.0, "y": 261.0}, {"x": 79.0, "y": 261.0}, {"x": 79.0, "y": 271.0}, {"x": 71.0, "y": 271.0}]}, "description": " -"}, {"boundingPoly": {"vertices": [{"x": 72.0, "y": 271.0}, {"x": 150.0, "y": 271.0}, {"x": 150.0, "y": 283.0}, {"x": 72.0, "y": 283.0}]}, "description": " 12/10/2019 1:58 PM"}, {"boundingPoly": {"vertices": [{"x": 81.0, "y": 261.0}, {"x": 105.0, "y": 261.0}, {"x": 105.0, "y": 272.0}, {"x": 81.0, "y": 272.0}]}, "description": " Check"}, {"boundingPoly": {"vertices": [{"x": 106.0, "y": 261.0}, {"x": 139.0, "y": 261.0}, {"x": 139.0, "y": 272.0}, {"x": 106.0, "y": 272.0}]}, "description": " Closed"}]}