{"textAnnotations": [{"boundingPoly": {"vertices": [{"x": 152.0, "y": 31.0}, {"x": 304.0, "y": 26.0}, {"x": 305.0, "y": 48.0}, {"x": 152.0, "y": 53.0}]}, "description": "merchant name"}, {"boundingPoly": {"vertices": [{"x": 262.0, "y": 47.0}, {"x": 303.0, "y": 44.0}, {"x": 304.0, "y": 55.0}, {"x": 262.0, "y": 58.0}]}, "description": "QUERIA"}, {"boundingPoly": {"vertices": [{"x": 186.0, "y": 97.0}, {"x": 260.0, "y": 95.0}, {"x": 260.0, "y": 104.0}, {"x": 186.0, "y": 106.0}]}, "description": "Dos Tores"}, {"boundingPoly": {"vertices": [{"x": 201.0, "y": 104.0}, {"x": 260.0, "y": 104.0}, {"x": 260.0, "y": 117.0}, {"x": 201.0, "y": 117.0}]}, "description": "merchant address"}, {"boundingPoly": {"vertices": [{"x": 200.0, "y": 115.0}, {"x": 243.0, "y": 115.0}, {"x": 243.0, "y": 128.0}, {"x": 200.0, "y": 128.0}]}, "description": "merchant address"}, {"boundingPoly": {"vertices": [{"x": 110.0, "y": 110.0}, {"x": 133.0, "y": 110.0}, {"x": 133.0, "y": 120.0}, {"x": 110.0, "y": 120.0}]}, "description": "merchant address"}, {"boundingPoly": {"vertices": [{"x": 128.0, "y": 120.0}, {"x": 153.0, "y": 120.0}, {"x": 153.0, "y": 130.0}, {"x": 128.0, "y": 130.0}]}, "description": "merchant address"}, {"boundingPoly": {"vertices": [{"x": 137.0, "y": 108.0}, {"x": 196.0, "y": 108.0}, {"x": 196.0, "y": 120.0}, {"x": 137.0, "y": 120.0}]}, "description": "merchant address"}, {"boundingPoly": {"vertices": [{"x": 161.0, "y": 118.0}, {"x": 192.0, "y": 118.0}, {"x": 192.0, "y": 129.0}, {"x": 161.0, "y": 129.0}]}, "description": "merchant address"}, {"boundingPoly": {"vertices": [{"x": 265.0, "y": 99.0}, {"x": 308.0, "y": 99.0}, {"x": 308.0, "y": 113.0}, {"x": 265.0, "y": 113.0}]}, "description": "merchant address"}, {"boundingPoly": {"vertices": [{"x": 248.0, "y": 113.0}, {"x": 266.0, "y": 113.0}, {"x": 266.0, "y": 125.0}, {"x": 248.0, "y": 125.0}]}, "description": "merchant address"}, {"boundingPoly": {"vertices": [{"x": 315.0, "y": 95.0}, {"x": 340.0, "y": 95.0}, {"x": 340.0, "y": 108.0}, {"x": 315.0, "y": 108.0}]}, "description": "merchant address"}, {"boundingPoly": {"vertices": [{"x": 275.0, "y": 109.0}, {"x": 315.0, "y": 109.0}, {"x": 315.0, "y": 122.0}, {"x": 275.0, "y": 122.0}]}, "description": "merchant address"}, {"boundingPoly": {"vertices": [{"x": 277.0, "y": 133.0}, {"x": 345.0, "y": 128.0}, {"x": 346.0, "y": 140.0}, {"x": 278.0, "y": 145.0}]}, "description": "12/12/19"}, {"boundingPoly": {"vertices": [{"x": 94.0, "y": 143.0}, {"x": 143.0, "y": 143.0}, {"x": 143.0, "y": 153.0}, {"x": 94.0, "y": 153.0}]}, "description": " Server"}, {"boundingPoly": {"vertices": [{"x": 91.0, "y": 153.0}, {"x": 175.0, "y": 151.0}, {"x": 176.0, "y": 161.0}, {"x": 91.0, "y": 163.0}]}, "description": "Check 8453"}, {"boundingPoly": {"vertices": [{"x": 144.0, "y": 140.0}, {"x": 209.0, "y": 140.0}, {"x": 209.0, "y": 152.0}, {"x": 144.0, "y": 152.0}]}, "description": " : John S"}, {"boundingPoly": {"vertices": [{"x": 278.0, "y": 140.0}, {"x": 346.0, "y": 140.0}, {"x": 346.0, "y": 155.0}, {"x": 278.0, "y": 155.0}]}, "description": " 12:29 PM"}, {"boundingPoly": {"vertices": [{"x": 84.0, "y": 184.0}, {"x": 274.0, "y": 181.0}, {"x": 274.0, "y": 193.0}, {"x": 84.0, "y": 196.0}]}, "description": "Blue & Bean Bowl/Salad"}, {"boundingPoly": {"vertices": [{"x": 91.0, "y": 198.0}, {"x": 171.0, "y": 198.0}, {"x": 171.0, "y": 209.0}, {"x": 91.0, "y": 209.0}]}, "description": "Guacamole"}, {"boundingPoly": {"vertices": [{"x": 86.0, "y": 212.0}, {"x": 240.0, "y": 210.0}, {"x": 240.0, "y": 223.0}, {"x": 86.0, "y": 224.0}]}, "description": "Chicken Bowl/Salad"}, {"boundingPoly": {"vertices": [{"x": 93.0, "y": 227.0}, {"x": 171.0, "y": 227.0}, {"x": 171.0, "y": 238.0}, {"x": 93.0, "y": 238.0}]}, "description": "Guacamole"}, {"boundingPoly": {"vertices": [{"x": 84.0, "y": 240.0}, {"x": 212.0, "y": 240.0}, {"x": 212.0, "y": 251.0}, {"x": 84.0, "y": 251.0}]}, "description": "2 Bottled Water"}, {"boundingPoly": {"vertices": [{"x": 301.0, "y": 180.0}, {"x": 345.0, "y": 179.0}, {"x": 346.0, "y": 190.0}, {"x": 301.0, "y": 191.0}]}, "description": "$6.99"}, {"boundingPoly": {"vertices": [{"x": 300.0, "y": 195.0}, {"x": 345.0, "y": 194.0}, {"x": 345.0, "y": 205.0}, {"x": 300.0, "y": 206.0}]}, "description": "$1.84"}, {"boundingPoly": {"vertices": [{"x": 300.0, "y": 210.0}, {"x": 346.0, "y": 209.0}, {"x": 346.0, "y": 220.0}, {"x": 300.0, "y": 221.0}]}, "description": "$8.99"}, {"boundingPoly": {"vertices": [{"x": 300.0, "y": 224.0}, {"x": 345.0, "y": 223.0}, {"x": 345.0, "y": 235.0}, {"x": 300.0, "y": 235.0}]}, "description": "$1.84"}, {"boundingPoly": {"vertices": [{"x": 301.0, "y": 238.0}, {"x": 346.0, "y": 238.0}, {"x": 347.0, "y": 249.0}, {"x": 301.0, "y": 250.0}]}, "description": "$3.68"}, {"boundingPoly": {"vertices": [{"x": 85.0, "y": 268.0}, {"x": 152.0, "y": 268.0}, {"x": 152.0, "y": 280.0}, {"x": 85.0, "y": 279.0}]}, "description": "Subtotal"}, {"boundingPoly": {"vertices": [{"x": 84.0, "y": 282.0}, {"x": 112.0, "y": 283.0}, {"x": 112.0, "y": 293.0}, {"x": 84.0, "y": 292.0}]}, "description": "Tax"}, {"boundingPoly": {"vertices": [{"x": 85.0, "y": 296.0}, {"x": 126.0, "y": 296.0}, {"x": 126.0, "y": 308.0}, {"x": 85.0, "y": 307.0}]}, "description": "Total"}, {"boundingPoly": {"vertices": [{"x": 291.0, "y": 267.0}, {"x": 346.0, "y": 267.0}, {"x": 346.0, "y": 278.0}, {"x": 291.0, "y": 279.0}]}, "description": "$23.34"}, {"boundingPoly": {"vertices": [{"x": 300.0, "y": 281.0}, {"x": 346.0, "y": 280.0}, {"x": 346.0, "y": 292.0}, {"x": 300.0, "y": 293.0}]}, "description": "$2.07"}, {"boundingPoly": {"vertices": [{"x": 291.0, "y": 295.0}, {"x": 344.0, "y": 295.0}, {"x": 344.0, "y": 307.0}, {"x": 291.0, "y": 307.0}]}, "description": "$25.41"}, {"boundingPoly": {"vertices": [{"x": 83.0, "y": 324.0}, {"x": 179.0, "y": 324.0}, {"x": 179.0, "y": 335.0}, {"x": 83.0, "y": 335.0}]}, "description": "Credit Card"}, {"boundingPoly": {"vertices": [{"x": 84.0, "y": 339.0}, {"x": 119.0, "y": 340.0}, {"x": 119.0, "y": 349.0}, {"x": 84.0, "y": 349.0}]}, "description": "Amex"}, {"boundingPoly": {"vertices": [{"x": 291.0, "y": 324.0}, {"x": 347.0, "y": 324.0}, {"x": 347.0, "y": 335.0}, {"x": 291.0, "y": 335.0}]}, "description": "Swiped"}, {"boundingPoly": {"vertices": [{"x": 240.0, "y": 339.0}, {"x": 345.0, "y": 338.0}, {"x": 345.0, "y": 349.0}, {"x": 240.0, "y": 350.0}]}, "description": "xxxxxxxx4006"}, {"boundingPoly": {"vertices": [{"x": 85.0, "y": 367.0}, {"x": 222.0, "y": 366.0}, {"x": 222.0, "y": 378.0}, {"x": 85.0, "y": 378.0}]}, "description": "Transaction Type"}, {"boundingPoly": {"vertices": [{"x": 82.0, "y": 381.0}, {"x": 195.0, "y": 381.0}, {"x": 195.0, "y": 392.0}, {"x": 82.0, "y": 391.0}]}, "description": "Authorization"}, {"boundingPoly": {"vertices": [{"x": 82.0, "y": 394.0}, {"x": 195.0, "y": 395.0}, {"x": 195.0, "y": 406.0}, {"x": 82.0, "y": 406.0}]}, "description": "Approval Code"}, {"boundingPoly": {"vertices": [{"x": 80.0, "y": 407.0}, {"x": 168.0, "y": 409.0}, {"x": 168.0, "y": 421.0}, {"x": 80.0, "y": 420.0}]}, "description": "Payment ID"}, {"boundingPoly": {"vertices": [{"x": 79.0, "y": 422.0}, {"x": 177.0, "y": 423.0}, {"x": 177.0, "y": 436.0}, {"x": 78.0, "y": 434.0}]}, "description": "Merchant ID"}, {"boundingPoly": {"vertices": [{"x": 76.0, "y": 436.0}, {"x": 175.0, "y": 439.0}, {"x": 175.0, "y": 451.0}, {"x": 76.0, "y": 448.0}]}, "description": "Card Reader"}, {"boundingPoly": {"vertices": [{"x": 308.0, "y": 366.0}, {"x": 345.0, "y": 368.0}, {"x": 345.0, "y": 378.0}, {"x": 308.0, "y": 377.0}]}, "description": "Sale"}, {"boundingPoly": {"vertices": [{"x": 273.0, "y": 381.0}, {"x": 346.0, "y": 381.0}, {"x": 346.0, "y": 392.0}, {"x": 273.0, "y": 391.0}]}, "description": "Approved"}, {"boundingPoly": {"vertices": [{"x": 292.0, "y": 394.0}, {"x": 344.0, "y": 395.0}, {"x": 344.0, "y": 406.0}, {"x": 291.0, "y": 406.0}]}, "description": "521667"}, {"boundingPoly": {"vertices": [{"x": 239.0, "y": 409.0}, {"x": 346.0, "y": 409.0}, {"x": 346.0, "y": 421.0}, {"x": 239.0, "y": 420.0}]}, "description": "khxKjFxCsmbw"}, {"boundingPoly": {"vertices": [{"x": 266.0, "y": 423.0}, {"x": 345.0, "y": 424.0}, {"x": 345.0, "y": 436.0}, {"x": 266.0, "y": 435.0}]}, "description": "027611244"}, {"boundingPoly": {"vertices": [{"x": 221.0, "y": 438.0}, {"x": 345.0, "y": 439.0}, {"x": 345.0, "y": 451.0}, {"x": 221.0, "y": 449.0}]}, "description": "MAGTEK_DYNAMAG"}, {"boundingPoly": {"vertices": [{"x": 165.0, "y": 468.0}, {"x": 219.0, "y": 468.0}, {"x": 219.0, "y": 479.0}, {"x": 165.0, "y": 479.0}]}, "description": "Anount"}, {"boundingPoly": {"vertices": [{"x": 292.0, "y": 467.0}, {"x": 344.0, "y": 469.0}, {"x": 344.0, "y": 481.0}, {"x": 292.0, "y": 479.0}]}, "description": "$25.41"}, {"boundingPoly": {"vertices": [{"x": 76.0, "y": 503.0}, {"x": 346.0, "y": 522.0}, {"x": 344.0, "y": 537.0}, {"x": 75.0, "y": 524.0}]}, "description": "Have you ever wanted to follow"}, {"boundingPoly": {"vertices": [{"x": 95.0, "y": 539.0}, {"x": 331.0, "y": 552.0}, {"x": 330.0, "y": 565.0}, {"x": 94.0, "y": 556.0}]}, "description": "on Instagram? Checkout the"}, {"boundingPoly": {"vertices": [{"x": 142.0, "y": 576.0}, {"x": 294.0, "y": 583.0}, {"x": 293.0, "y": 597.0}, {"x": 141.0, "y": 591.0}]}, "description": "@pintotheburrito"}, {"boundingPoly": {"vertices": [{"x": 175.0, "y": 534.0}, {"x": 257.0, "y": 538.0}, {"x": 256.0, "y": 551.0}, {"x": 174.0, "y": 546.0}]}, "description": "a burrito"}, {"boundingPoly": {"vertices": [{"x": 151.0, "y": 561.0}, {"x": 281.0, "y": 567.0}, {"x": 280.0, "y": 581.0}, {"x": 151.0, "y": 575.0}]}, "description": "shenanigans of"}, {"boundingPoly": {"vertices": [{"x": 108.0, "y": 594.0}, {"x": 319.0, "y": 600.0}, {"x": 319.0, "y": 614.0}, {"x": 108.0, "y": 609.0}]}, "description": "@DosToros on Instagram"}]}