{"textAnnotations": [{"boundingPoly": {"vertices": [{"x": 318.0, "y": 35.0}, {"x": 519.0, "y": 37.0}, {"x": 519.0, "y": 50.0}, {"x": 318.0, "y": 49.0}]}, "description": "Thank You For Visiting the"}, {"boundingPoly": {"vertices": [{"x": 305.0, "y": 49.0}, {"x": 456.0, "y": 49.0}, {"x": 456.0, "y": 63.0}, {"x": 305.0, "y": 63.0}]}, "description": "merchant name"}, {"boundingPoly": {"vertices": [{"x": 297.0, "y": 62.0}, {"x": 538.0, "y": 64.0}, {"x": 538.0, "y": 80.0}, {"x": 297.0, "y": 78.0}]}, "description": "merchant address"}, {"boundingPoly": {"vertices": [{"x": 329.0, "y": 93.0}, {"x": 502.0, "y": 94.0}, {"x": 502.0, "y": 111.0}, {"x": 329.0, "y": 109.0}]}, "description": "We Love Your Feedback!"}, {"boundingPoly": {"vertices": [{"x": 327.0, "y": 109.0}, {"x": 509.0, "y": 111.0}, {"x": 509.0, "y": 128.0}, {"x": 327.0, "y": 125.0}]}, "description": "Text @LTF41042 to 73940"}, {"boundingPoly": {"vertices": [{"x": 459.0, "y": 50.0}, {"x": 471.0, "y": 50.0}, {"x": 471.0, "y": 63.0}, {"x": 459.0, "y": 63.0}]}, "description": " -"}, {"boundingPoly": {"vertices": [{"x": 474.0, "y": 50.0}, {"x": 533.0, "y": 50.0}, {"x": 533.0, "y": 65.0}, {"x": 474.0, "y": 65.0}]}, "description": "merchant name"}, {"boundingPoly": {"vertices": [{"x": 354.0, "y": 78.0}, {"x": 475.0, "y": 77.0}, {"x": 475.0, "y": 93.0}, {"x": 354.0, "y": 94.0}]}, "description": "merchant phone"}, {"boundingPoly": {"vertices": [{"x": 558.0, "y": 145.0}, {"x": 583.0, "y": 145.0}, {"x": 583.0, "y": 161.0}, {"x": 558.0, "y": 161.0}]}, "description": "USD"}, {"boundingPoly": {"vertices": [{"x": 258.0, "y": 158.0}, {"x": 294.0, "y": 158.0}, {"x": 294.0, "y": 175.0}, {"x": 258.0, "y": 175.0}]}, "description": " 1.01"}, {"boundingPoly": {"vertices": [{"x": 255.0, "y": 175.0}, {"x": 383.0, "y": 175.0}, {"x": 383.0, "y": 195.0}, {"x": 255.0, "y": 195.0}]}, "description": " Salad Bar Lunch"}, {"boundingPoly": {"vertices": [{"x": 253.0, "y": 193.0}, {"x": 410.0, "y": 196.0}, {"x": 409.0, "y": 213.0}, {"x": 252.0, "y": 209.0}]}, "description": "Monster Energy 16oz"}, {"boundingPoly": {"vertices": [{"x": 296.0, "y": 158.0}, {"x": 409.0, "y": 158.0}, {"x": 409.0, "y": 178.0}, {"x": 296.0, "y": 178.0}]}, "description": " lb x $ 6.72/1b"}, {"boundingPoly": {"vertices": [{"x": 390.0, "y": 179.0}, {"x": 410.0, "y": 179.0}, {"x": 410.0, "y": 195.0}, {"x": 390.0, "y": 195.0}]}, "description": " Lg"}, {"boundingPoly": {"vertices": [{"x": 549.0, "y": 180.0}, {"x": 584.0, "y": 180.0}, {"x": 583.0, "y": 196.0}, {"x": 549.0, "y": 195.0}]}, "description": "6.79"}, {"boundingPoly": {"vertices": [{"x": 552.0, "y": 198.0}, {"x": 588.0, "y": 198.0}, {"x": 586.0, "y": 212.0}, {"x": 552.0, "y": 212.0}]}, "description": "3.44"}, {"boundingPoly": {"vertices": [{"x": 438.0, "y": 233.0}, {"x": 513.0, "y": 232.0}, {"x": 513.0, "y": 249.0}, {"x": 438.0, "y": 250.0}]}, "description": "Sub Total"}, {"boundingPoly": {"vertices": [{"x": 438.0, "y": 251.0}, {"x": 522.0, "y": 250.0}, {"x": 522.0, "y": 267.0}, {"x": 438.0, "y": 268.0}]}, "description": "Tax Amount"}, {"boundingPoly": {"vertices": [{"x": 544.0, "y": 232.0}, {"x": 587.0, "y": 231.0}, {"x": 587.0, "y": 247.0}, {"x": 545.0, "y": 249.0}]}, "description": "10.23"}, {"boundingPoly": {"vertices": [{"x": 551.0, "y": 250.0}, {"x": 586.0, "y": 248.0}, {"x": 587.0, "y": 263.0}, {"x": 552.0, "y": 265.0}]}, "description": "0.72"}, {"boundingPoly": {"vertices": [{"x": 238.0, "y": 299.0}, {"x": 390.0, "y": 302.0}, {"x": 389.0, "y": 334.0}, {"x": 238.0, "y": 330.0}]}, "description": "Total USD"}, {"boundingPoly": {"vertices": [{"x": 505.0, "y": 303.0}, {"x": 586.0, "y": 300.0}, {"x": 588.0, "y": 330.0}, {"x": 507.0, "y": 331.0}]}, "description": "10.95"}, {"boundingPoly": {"vertices": [{"x": 235.0, "y": 383.0}, {"x": 415.0, "y": 389.0}, {"x": 414.0, "y": 407.0}, {"x": 234.0, "y": 402.0}]}, "description": "5009 AMERICAN EXPRESS"}, {"boundingPoly": {"vertices": [{"x": 545.0, "y": 385.0}, {"x": 591.0, "y": 384.0}, {"x": 591.0, "y": 402.0}, {"x": 547.0, "y": 403.0}]}, "description": "10.95"}, {"boundingPoly": {"vertices": [{"x": 233.0, "y": 441.0}, {"x": 262.0, "y": 443.0}, {"x": 261.0, "y": 460.0}, {"x": 232.0, "y": 458.0}]}, "description": "Tax"}, {"boundingPoly": {"vertices": [{"x": 232.0, "y": 459.0}, {"x": 294.0, "y": 461.0}, {"x": 293.0, "y": 482.0}, {"x": 232.0, "y": 480.0}]}, "description": "() 7.00"}, {"boundingPoly": {"vertices": [{"x": 368.0, "y": 445.0}, {"x": 495.0, "y": 445.0}, {"x": 495.0, "y": 465.0}, {"x": 368.0, "y": 465.0}]}, "description": " Taxable Amount"}, {"boundingPoly": {"vertices": [{"x": 446.0, "y": 466.0}, {"x": 488.0, "y": 465.0}, {"x": 488.0, "y": 481.0}, {"x": 446.0, "y": 482.0}]}, "description": "10.23"}, {"boundingPoly": {"vertices": [{"x": 503.0, "y": 442.0}, {"x": 591.0, "y": 442.0}, {"x": 591.0, "y": 463.0}, {"x": 503.0, "y": 463.0}]}, "description": " Tax Amount"}, {"boundingPoly": {"vertices": [{"x": 554.0, "y": 462.0}, {"x": 592.0, "y": 461.0}, {"x": 592.0, "y": 478.0}, {"x": 555.0, "y": 479.0}]}, "description": "0.72"}, {"boundingPoly": {"vertices": [{"x": 228.0, "y": 520.0}, {"x": 413.0, "y": 520.0}, {"x": 413.0, "y": 544.0}, {"x": 228.0, "y": 544.0}]}, "description": " 11/08/2019 01:35 PM #:"}, {"boundingPoly": {"vertices": [{"x": 417.0, "y": 521.0}, {"x": 595.0, "y": 521.0}, {"x": 595.0, "y": 544.0}, {"x": 417.0, "y": 544.0}]}, "description": " 17792 Op:3053 C:113"}, {"boundingPoly": {"vertices": [{"x": 227.0, "y": 540.0}, {"x": 312.0, "y": 540.0}, {"x": 312.0, "y": 562.0}, {"x": 227.0, "y": 562.0}]}, "description": " 102 S:1131"}, {"boundingPoly": {"vertices": [{"x": 222.0, "y": 562.0}, {"x": 319.0, "y": 562.0}, {"x": 319.0, "y": 584.0}, {"x": 222.0, "y": 584.0}]}, "description": " Served you"}, {"boundingPoly": {"vertices": [{"x": 321.0, "y": 564.0}, {"x": 446.0, "y": 564.0}, {"x": 446.0, "y": 587.0}, {"x": 321.0, "y": 587.0}]}, "description": " : Marie Leonce"}, {"boundingPoly": {"vertices": [{"x": 299.0, "y": 646.0}, {"x": 489.0, "y": 648.0}, {"x": 489.0, "y": 669.0}, {"x": 299.0, "y": 667.0}]}, "description": "*** Customer copy ***"}, {"boundingPoly": {"vertices": [{"x": 316.0, "y": 688.0}, {"x": 483.0, "y": 690.0}, {"x": 483.0, "y": 713.0}, {"x": 315.0, "y": 711.0}]}, "description": "AMEX Sunrise 937-8"}, {"boundingPoly": {"vertices": [{"x": 219.0, "y": 709.0}, {"x": 564.0, "y": 711.0}, {"x": 563.0, "y": 735.0}, {"x": 219.0, "y": 733.0}]}, "description": "I agree to pay the above total amount"}, {"boundingPoly": {"vertices": [{"x": 283.0, "y": 735.0}, {"x": 509.0, "y": 737.0}, {"x": 509.0, "y": 758.0}, {"x": 283.0, "y": 755.0}]}, "description": "according to card issuer"}, {"boundingPoly": {"vertices": [{"x": 206.0, "y": 756.0}, {"x": 574.0, "y": 758.0}, {"x": 574.0, "y": 782.0}, {"x": 206.0, "y": 779.0}]}, "description": "agreement. (Merchant agreement if Credit"}, {"boundingPoly": {"vertices": [{"x": 235.0, "y": 779.0}, {"x": 547.0, "y": 783.0}, {"x": 547.0, "y": 806.0}, {"x": 235.0, "y": 801.0}]}, "description": "Voucher)Retain this copy for your"}, {"boundingPoly": {"vertices": [{"x": 356.0, "y": 806.0}, {"x": 433.0, "y": 807.0}, {"x": 433.0, "y": 828.0}, {"x": 356.0, "y": 826.0}]}, "description": "records."}, {"boundingPoly": {"vertices": [{"x": 198.0, "y": 850.0}, {"x": 385.0, "y": 853.0}, {"x": 384.0, "y": 876.0}, {"x": 198.0, "y": 873.0}]}, "description": "PURCHASE / APPROVED"}, {"boundingPoly": {"vertices": [{"x": 195.0, "y": 876.0}, {"x": 355.0, "y": 877.0}, {"x": 355.0, "y": 899.0}, {"x": 195.0, "y": 898.0}]}, "description": "AMERICAN EXPRESS"}, {"boundingPoly": {"vertices": [{"x": 195.0, "y": 902.0}, {"x": 344.0, "y": 903.0}, {"x": 344.0, "y": 924.0}, {"x": 195.0, "y": 921.0}]}, "description": "*********** 7008"}, {"boundingPoly": {"vertices": [{"x": 192.0, "y": 926.0}, {"x": 303.0, "y": 927.0}, {"x": 302.0, "y": 951.0}, {"x": 192.0, "y": 949.0}]}, "description": "CHIP READ /"}, {"boundingPoly": {"vertices": [{"x": 188.0, "y": 977.0}, {"x": 381.0, "y": 977.0}, {"x": 381.0, "y": 1006.0}, {"x": 188.0, "y": 1006.0}]}, "description": " 2019/11/08 13:35:33"}, {"boundingPoly": {"vertices": [{"x": 187.0, "y": 1005.0}, {"x": 220.0, "y": 1005.0}, {"x": 219.0, "y": 1029.0}, {"x": 187.0, "y": 1028.0}]}, "description": "TID"}, {"boundingPoly": {"vertices": [{"x": 184.0, "y": 1032.0}, {"x": 219.0, "y": 1032.0}, {"x": 218.0, "y": 1054.0}, {"x": 183.0, "y": 1054.0}]}, "description": "MID"}, {"boundingPoly": {"vertices": [{"x": 183.0, "y": 1058.0}, {"x": 276.0, "y": 1060.0}, {"x": 275.0, "y": 1084.0}, {"x": 182.0, "y": 1082.0}]}, "description": "REFERENCE"}, {"boundingPoly": {"vertices": [{"x": 178.0, "y": 1086.0}, {"x": 272.0, "y": 1088.0}, {"x": 271.0, "y": 1113.0}, {"x": 178.0, "y": 1111.0}]}, "description": "AUTH CODE"}, {"boundingPoly": {"vertices": [{"x": 509.0, "y": 1013.0}, {"x": 594.0, "y": 1015.0}, {"x": 594.0, "y": 1038.0}, {"x": 509.0, "y": 1035.0}]}, "description": "**** 5747"}, {"boundingPoly": {"vertices": [{"x": 517.0, "y": 1041.0}, {"x": 595.0, "y": 1043.0}, {"x": 594.0, "y": 1067.0}, {"x": 517.0, "y": 1064.0}]}, "description": "6634461"}, {"boundingPoly": {"vertices": [{"x": 330.0, "y": 1062.0}, {"x": 596.0, "y": 1071.0}, {"x": 595.0, "y": 1096.0}, {"x": 330.0, "y": 1088.0}]}, "description": "S1131T113102#17792@389049"}, {"boundingPoly": {"vertices": [{"x": 531.0, "y": 1099.0}, {"x": 596.0, "y": 1100.0}, {"x": 595.0, "y": 1124.0}, {"x": 531.0, "y": 1123.0}]}, "description": "838597"}]}