{"textAnnotations": [{"boundingPoly": {"vertices": [{"x": 442.0, "y": 241.0}, {"x": 982.0, "y": 229.0}, {"x": 984.0, "y": 325.0}, {"x": 443.0, "y": 333.0}]}, "description": "merchant name"}, {"boundingPoly": {"vertices": [{"x": 452.0, "y": 406.0}, {"x": 979.0, "y": 397.0}, {"x": 980.0, "y": 468.0}, {"x": 452.0, "y": 476.0}]}, "description": "merchant address"}, {"boundingPoly": {"vertices": [{"x": 161.0, "y": 561.0}, {"x": 1276.0, "y": 525.0}, {"x": 1279.0, "y": 620.0}, {"x": 164.0, "y": 642.0}]}, "description": "merchant address"}, {"boundingPoly": {"vertices": [{"x": 525.0, "y": 650.0}, {"x": 917.0, "y": 641.0}, {"x": 918.0, "y": 712.0}, {"x": 527.0, "y": 719.0}]}, "description": "merchant phone"}, {"boundingPoly": {"vertices": [{"x": 352.0, "y": 730.0}, {"x": 592.0, "y": 730.0}, {"x": 592.0, "y": 798.0}, {"x": 352.0, "y": 798.0}]}, "description": " GST No:"}, {"boundingPoly": {"vertices": [{"x": 466.0, "y": 808.0}, {"x": 770.0, "y": 808.0}, {"x": 770.0, "y": 879.0}, {"x": 466.0, "y": 879.0}]}, "description": " SAC Code:"}, {"boundingPoly": {"vertices": [{"x": 507.0, "y": 890.0}, {"x": 944.0, "y": 884.0}, {"x": 945.0, "y": 952.0}, {"x": 507.0, "y": 961.0}]}, "description": "INVOICE"}, {"boundingPoly": {"vertices": [{"x": 7.0, "y": 492.0}, {"x": 181.0, "y": 492.0}, {"x": 181.0, "y": 560.0}, {"x": 7.0, "y": 560.0}]}, "description": "merchant address"}, {"boundingPoly": {"vertices": [{"x": 189.0, "y": 448.0}, {"x": 1282.0, "y": 448.0}, {"x": 1282.0, "y": 562.0}, {"x": 189.0, "y": 562.0}]}, "description": "merchant address"}, {"boundingPoly": {"vertices": [{"x": 1292.0, "y": 428.0}, {"x": 1500.0, "y": 428.0}, {"x": 1500.0, "y": 517.0}, {"x": 1292.0, "y": 517.0}]}, "description": "merchant address"}, {"boundingPoly": {"vertices": [{"x": 604.0, "y": 709.0}, {"x": 1097.0, "y": 709.0}, {"x": 1097.0, "y": 798.0}, {"x": 604.0, "y": 798.0}]}, "description": " 06ABDFA9103E1ZX"}, {"boundingPoly": {"vertices": [{"x": 782.0, "y": 802.0}, {"x": 980.0, "y": 802.0}, {"x": 980.0, "y": 875.0}, {"x": 782.0, "y": 875.0}]}, "description": " 996331"}, {"boundingPoly": {"vertices": [{"x": 6.0, "y": 1055.0}, {"x": 239.0, "y": 1055.0}, {"x": 239.0, "y": 1123.0}, {"x": 6.0, "y": 1123.0}]}, "description": " ble No"}, {"boundingPoly": {"vertices": [{"x": 18.0, "y": 1132.0}, {"x": 261.0, "y": 1132.0}, {"x": 261.0, "y": 1208.0}, {"x": 18.0, "y": 1208.0}]}, "description": " 11 Date"}, {"boundingPoly": {"vertices": [{"x": 17.0, "y": 1212.0}, {"x": 266.0, "y": 1212.0}, {"x": 266.0, "y": 1293.0}, {"x": 17.0, "y": 1293.0}]}, "description": " 11 Type"}, {"boundingPoly": {"vertices": [{"x": 0.0, "y": 1302.0}, {"x": 198.0, "y": 1299.0}, {"x": 199.0, "y": 1366.0}, {"x": 0.0, "y": 1368.0}]}, "description": "ashier"}, {"boundingPoly": {"vertices": [{"x": 278.0, "y": 1054.0}, {"x": 415.0, "y": 1054.0}, {"x": 415.0, "y": 1122.0}, {"x": 278.0, "y": 1122.0}]}, "description": " : 32"}, {"boundingPoly": {"vertices": [{"x": 275.0, "y": 1128.0}, {"x": 695.0, "y": 1128.0}, {"x": 695.0, "y": 1207.0}, {"x": 275.0, "y": 1207.0}]}, "description": " : 06-11-2019"}, {"boundingPoly": {"vertices": [{"x": 280.0, "y": 1207.0}, {"x": 778.0, "y": 1207.0}, {"x": 778.0, "y": 1289.0}, {"x": 280.0, "y": 1289.0}]}, "description": " : Table Billing"}, {"boundingPoly": {"vertices": [{"x": 283.0, "y": 1297.0}, {"x": 482.0, "y": 1297.0}, {"x": 482.0, "y": 1364.0}, {"x": 283.0, "y": 1364.0}]}, "description": " : abhi"}, {"boundingPoly": {"vertices": [{"x": 795.0, "y": 1047.0}, {"x": 969.0, "y": 1047.0}, {"x": 969.0, "y": 1116.0}, {"x": 795.0, "y": 1116.0}]}, "description": " Cover"}, {"boundingPoly": {"vertices": [{"x": 751.0, "y": 1115.0}, {"x": 1021.0, "y": 1115.0}, {"x": 1021.0, "y": 1203.0}, {"x": 751.0, "y": 1203.0}]}, "description": " Bill No:"}, {"boundingPoly": {"vertices": [{"x": 978.0, "y": 1040.0}, {"x": 1083.0, "y": 1040.0}, {"x": 1083.0, "y": 1108.0}, {"x": 978.0, "y": 1108.0}]}, "description": " : 1"}, {"boundingPoly": {"vertices": [{"x": 1035.0, "y": 1107.0}, {"x": 1214.0, "y": 1107.0}, {"x": 1214.0, "y": 1191.0}, {"x": 1035.0, "y": 1191.0}]}, "description": " 30705"}, {"boundingPoly": {"vertices": [{"x": 0.0, "y": 1457.0}, {"x": 340.0, "y": 1457.0}, {"x": 340.0, "y": 1532.0}, {"x": 0.0, "y": 1532.0}]}, "description": " o of Items"}, {"boundingPoly": {"vertices": [{"x": 353.0, "y": 1457.0}, {"x": 463.0, "y": 1457.0}, {"x": 463.0, "y": 1524.0}, {"x": 353.0, "y": 1524.0}]}, "description": " : 1"}, {"boundingPoly": {"vertices": [{"x": 835.0, "y": 1443.0}, {"x": 978.0, "y": 1443.0}, {"x": 978.0, "y": 1510.0}, {"x": 835.0, "y": 1510.0}]}, "description": " Time"}, {"boundingPoly": {"vertices": [{"x": 988.0, "y": 1433.0}, {"x": 1328.0, "y": 1433.0}, {"x": 1328.0, "y": 1507.0}, {"x": 988.0, "y": 1507.0}]}, "description": " : 04:58 PM"}, {"boundingPoly": {"vertices": [{"x": 191.0, "y": 1620.0}, {"x": 558.0, "y": 1611.0}, {"x": 559.0, "y": 1680.0}, {"x": 192.0, "y": 1688.0}]}, "description": "Description"}, {"boundingPoly": {"vertices": [{"x": 807.0, "y": 1598.0}, {"x": 913.0, "y": 1598.0}, {"x": 913.0, "y": 1672.0}, {"x": 807.0, "y": 1671.0}]}, "description": "QTY"}, {"boundingPoly": {"vertices": [{"x": 1062.0, "y": 1599.0}, {"x": 1204.0, "y": 1596.0}, {"x": 1204.0, "y": 1668.0}, {"x": 1063.0, "y": 1671.0}]}, "description": "RATE"}, {"boundingPoly": {"vertices": [{"x": 1323.0, "y": 1597.0}, {"x": 1533.0, "y": 1595.0}, {"x": 1534.0, "y": 1660.0}, {"x": 1323.0, "y": 1663.0}]}, "description": "AMOUNT"}, {"boundingPoly": {"vertices": [{"x": 167.0, "y": 1781.0}, {"x": 692.0, "y": 1763.0}, {"x": 694.0, "y": 1832.0}, {"x": 168.0, "y": 1849.0}]}, "description": "Onion Dosa Plain"}, {"boundingPoly": {"vertices": [{"x": 784.0, "y": 1763.0}, {"x": 944.0, "y": 1762.0}, {"x": 943.0, "y": 1825.0}, {"x": 784.0, "y": 1825.0}]}, "description": "1.000"}, {"boundingPoly": {"vertices": [{"x": 1031.0, "y": 1763.0}, {"x": 1236.0, "y": 1763.0}, {"x": 1236.0, "y": 1826.0}, {"x": 1031.0, "y": 1827.0}]}, "description": "230.00"}, {"boundingPoly": {"vertices": [{"x": 1327.0, "y": 1763.0}, {"x": 1540.0, "y": 1762.0}, {"x": 1540.0, "y": 1829.0}, {"x": 1327.0, "y": 1830.0}]}, "description": "230.00"}, {"boundingPoly": {"vertices": [{"x": 305.0, "y": 1931.0}, {"x": 545.0, "y": 1931.0}, {"x": 545.0, "y": 2010.0}, {"x": 305.0, "y": 2010.0}]}, "description": " Net Qty"}, {"boundingPoly": {"vertices": [{"x": 557.0, "y": 1921.0}, {"x": 793.0, "y": 1921.0}, {"x": 793.0, "y": 2001.0}, {"x": 557.0, "y": 2001.0}]}, "description": " : 1.000"}, {"boundingPoly": {"vertices": [{"x": 908.0, "y": 1919.0}, {"x": 1251.0, "y": 1919.0}, {"x": 1251.0, "y": 1997.0}, {"x": 908.0, "y": 1997.0}]}, "description": " Bill Total"}, {"boundingPoly": {"vertices": [{"x": 1265.0, "y": 1922.0}, {"x": 1545.0, "y": 1922.0}, {"x": 1545.0, "y": 2003.0}, {"x": 1265.0, "y": 2003.0}]}, "description": " : 230.00"}, {"boundingPoly": {"vertices": [{"x": 10.0, "y": 2128.0}, {"x": 148.0, "y": 2123.0}, {"x": 150.0, "y": 2172.0}, {"x": 11.0, "y": 2177.0}]}, "description": "axes"}, {"boundingPoly": {"vertices": [{"x": 7.0, "y": 2186.0}, {"x": 260.0, "y": 2186.0}, {"x": 260.0, "y": 2260.0}, {"x": 7.0, "y": 2260.0}]}, "description": " GST@2.5"}, {"boundingPoly": {"vertices": [{"x": 0.0, "y": 2271.0}, {"x": 249.0, "y": 2269.0}, {"x": 250.0, "y": 2335.0}, {"x": 0.0, "y": 2337.0}]}, "description": "SGST@2.5"}, {"boundingPoly": {"vertices": [{"x": 524.0, "y": 2086.0}, {"x": 856.0, "y": 2077.0}, {"x": 859.0, "y": 2150.0}, {"x": 526.0, "y": 2162.0}]}, "description": "TaxableAmt"}, {"boundingPoly": {"vertices": [{"x": 659.0, "y": 2168.0}, {"x": 860.0, "y": 2163.0}, {"x": 862.0, "y": 2227.0}, {"x": 659.0, "y": 2232.0}]}, "description": "230.00"}, {"boundingPoly": {"vertices": [{"x": 665.0, "y": 2249.0}, {"x": 860.0, "y": 2244.0}, {"x": 862.0, "y": 2309.0}, {"x": 665.0, "y": 2313.0}]}, "description": "230.00"}, {"boundingPoly": {"vertices": [{"x": 1109.0, "y": 2085.0}, {"x": 1315.0, "y": 2088.0}, {"x": 1315.0, "y": 2160.0}, {"x": 1109.0, "y": 2156.0}]}, "description": "TaxAmt"}, {"boundingPoly": {"vertices": [{"x": 1170.0, "y": 2171.0}, {"x": 1317.0, "y": 2173.0}, {"x": 1315.0, "y": 2242.0}, {"x": 1169.0, "y": 2239.0}]}, "description": "5.75"}, {"boundingPoly": {"vertices": [{"x": 1177.0, "y": 2256.0}, {"x": 1320.0, "y": 2256.0}, {"x": 1318.0, "y": 2326.0}, {"x": 1176.0, "y": 2322.0}]}, "description": "5.75"}, {"boundingPoly": {"vertices": [{"x": 271.0, "y": 2185.0}, {"x": 308.0, "y": 2185.0}, {"x": 308.0, "y": 2252.0}, {"x": 271.0, "y": 2252.0}]}, "description": " :"}, {"boundingPoly": {"vertices": [{"x": 433.0, "y": 2367.0}, {"x": 481.0, "y": 2366.0}, {"x": 481.0, "y": 2383.0}, {"x": 432.0, "y": 2384.0}]}, "description": "--"}, {"boundingPoly": {"vertices": [{"x": 536.0, "y": 2409.0}, {"x": 857.0, "y": 2409.0}, {"x": 857.0, "y": 2482.0}, {"x": 536.0, "y": 2482.0}]}, "description": " Total Tax:"}, {"boundingPoly": {"vertices": [{"x": 827.0, "y": 2485.0}, {"x": 858.0, "y": 2485.0}, {"x": 858.0, "y": 2555.0}, {"x": 827.0, "y": 2555.0}]}, "description": " :"}, {"boundingPoly": {"vertices": [{"x": 1192.0, "y": 2420.0}, {"x": 1355.0, "y": 2426.0}, {"x": 1351.0, "y": 2490.0}, {"x": 1189.0, "y": 2483.0}]}, "description": "11.50"}, {"boundingPoly": {"vertices": [{"x": 1148.0, "y": 2502.0}, {"x": 1290.0, "y": 2505.0}, {"x": 1287.0, "y": 2569.0}, {"x": 1151.0, "y": 2567.0}]}, "description": "0.50"}, {"boundingPoly": {"vertices": [{"x": 534.0, "y": 2486.0}, {"x": 814.0, "y": 2486.0}, {"x": 814.0, "y": 2565.0}, {"x": 534.0, "y": 2565.0}]}, "description": " Round Off"}, {"boundingPoly": {"vertices": [{"x": 249.0, "y": 2648.0}, {"x": 1013.0, "y": 2648.0}, {"x": 1013.0, "y": 2739.0}, {"x": 249.0, "y": 2739.0}]}, "description": " Payable Amt:"}, {"boundingPoly": {"vertices": [{"x": 1153.0, "y": 2661.0}, {"x": 1559.0, "y": 2673.0}, {"x": 1557.0, "y": 2745.0}, {"x": 1151.0, "y": 2731.0}]}, "description": "242.00"}, {"boundingPoly": {"vertices": [{"x": 221.0, "y": 2885.0}, {"x": 1332.0, "y": 2888.0}, {"x": 1332.0, "y": 2959.0}, {"x": 221.0, "y": 2953.0}]}, "description": "*** Thanks Your Visit ***"}, {"boundingPoly": {"vertices": [{"x": 200.0, "y": 2965.0}, {"x": 1357.0, "y": 2969.0}, {"x": 1357.0, "y": 3037.0}, {"x": 199.0, "y": 3029.0}]}, "description": "*** Please Visit Again ***"}, {"boundingPoly": {"vertices": [{"x": 15.0, "y": 3046.0}, {"x": 1123.0, "y": 3046.0}, {"x": 1123.0, "y": 3111.0}, {"x": 15.0, "y": 3111.0}]}, "description": " For Home Delivery Call:"}, {"boundingPoly": {"vertices": [{"x": 684.0, "y": 3117.0}, {"x": 877.0, "y": 3111.0}, {"x": 878.0, "y": 3171.0}, {"x": 684.0, "y": 3173.0}]}, "description": "0009"}, {"boundingPoly": {"vertices": [{"x": 50.0, "y": 3199.0}, {"x": 1207.0, "y": 3208.0}, {"x": 1206.0, "y": 3265.0}, {"x": 49.0, "y": 3250.0}]}, "description": "Powered by RomioTech(ver"}, {"boundingPoly": {"vertices": [{"x": 1219.0, "y": 2825.0}, {"x": 1361.0, "y": 2828.0}, {"x": 1358.0, "y": 2901.0}, {"x": 1218.0, "y": 2899.0}]}, "description": "E&OE"}, {"boundingPoly": {"vertices": [{"x": 1166.0, "y": 3054.0}, {"x": 1561.0, "y": 3054.0}, {"x": 1561.0, "y": 3127.0}, {"x": 1166.0, "y": 3127.0}]}, "description": " 0124-690"}, {"boundingPoly": {"vertices": [{"x": 1242.0, "y": 3213.0}, {"x": 1291.0, "y": 3215.0}, {"x": 1291.0, "y": 3267.0}, {"x": 1241.0, "y": 3264.0}]}, "description": "5"}, {"boundingPoly": {"vertices": [{"x": 1296.0, "y": 3228.0}, {"x": 1412.0, "y": 3218.0}, {"x": 1411.0, "y": 3267.0}, {"x": 1296.0, "y": 3271.0}]}, "description": "- 0."}, {"boundingPoly": {"vertices": [{"x": 1413.0, "y": 3219.0}, {"x": 1524.0, "y": 3219.0}, {"x": 1524.0, "y": 3267.0}, {"x": 1413.0, "y": 3264.0}]}, "description": ".3)"}]}