{"textAnnotations": [{"boundingPoly": {"vertices": [{"x": 383.0, "y": 587.0}, {"x": 632.0, "y": 602.0}, {"x": 631.0, "y": 631.0}, {"x": 381.0, "y": 616.0}]}, "description": "merchant name"}, {"boundingPoly": {"vertices": [{"x": 378.0, "y": 649.0}, {"x": 629.0, "y": 659.0}, {"x": 628.0, "y": 687.0}, {"x": 377.0, "y": 678.0}]}, "description": "merchant address"}, {"boundingPoly": {"vertices": [{"x": 441.0, "y": 621.0}, {"x": 574.0, "y": 626.0}, {"x": 573.0, "y": 655.0}, {"x": 440.0, "y": 650.0}]}, "description": "merchant address"}, {"boundingPoly": {"vertices": [{"x": 420.0, "y": 680.0}, {"x": 589.0, "y": 688.0}, {"x": 588.0, "y": 716.0}, {"x": 419.0, "y": 709.0}]}, "description": "merchant phone"}, {"boundingPoly": {"vertices": [{"x": 583.0, "y": 737.0}, {"x": 651.0, "y": 737.0}, {"x": 651.0, "y": 769.0}, {"x": 583.0, "y": 769.0}]}, "description": " DOB:"}, {"boundingPoly": {"vertices": [{"x": 202.0, "y": 723.0}, {"x": 317.0, "y": 723.0}, {"x": 317.0, "y": 757.0}, {"x": 202.0, "y": 757.0}]}, "description": " Server:"}, {"boundingPoly": {"vertices": [{"x": 319.0, "y": 731.0}, {"x": 388.0, "y": 731.0}, {"x": 388.0, "y": 765.0}, {"x": 319.0, "y": 765.0}]}, "description": " Khan"}, {"boundingPoly": {"vertices": [{"x": 200.0, "y": 785.0}, {"x": 353.0, "y": 795.0}, {"x": 351.0, "y": 825.0}, {"x": 198.0, "y": 816.0}]}, "description": "Table 11/1"}, {"boundingPoly": {"vertices": [{"x": 200.0, "y": 754.0}, {"x": 331.0, "y": 754.0}, {"x": 331.0, "y": 789.0}, {"x": 200.0, "y": 789.0}]}, "description": " 07:27 PM"}, {"boundingPoly": {"vertices": [{"x": 655.0, "y": 730.0}, {"x": 792.0, "y": 730.0}, {"x": 792.0, "y": 766.0}, {"x": 655.0, "y": 766.0}]}, "description": " 11/17/2019"}, {"boundingPoly": {"vertices": [{"x": 696.0, "y": 793.0}, {"x": 797.0, "y": 791.0}, {"x": 797.0, "y": 820.0}, {"x": 697.0, "y": 822.0}]}, "description": "2/20146"}, {"boundingPoly": {"vertices": [{"x": 660.0, "y": 766.0}, {"x": 793.0, "y": 762.0}, {"x": 794.0, "y": 789.0}, {"x": 661.0, "y": 795.0}]}, "description": "11/17/2019"}, {"boundingPoly": {"vertices": [{"x": 1063.0, "y": 773.0}, {"x": 1274.0, "y": 795.0}, {"x": 1271.0, "y": 824.0}, {"x": 1060.0, "y": 803.0}]}, "description": "merchant name"}, {"boundingPoly": {"vertices": [{"x": 1063.0, "y": 832.0}, {"x": 1270.0, "y": 851.0}, {"x": 1268.0, "y": 879.0}, {"x": 1060.0, "y": 859.0}]}, "description": "merchant address"}, {"boundingPoly": {"vertices": [{"x": 992.0, "y": 905.0}, {"x": 1072.0, "y": 905.0}, {"x": 1072.0, "y": 943.0}, {"x": 992.0, "y": 943.0}]}, "description": " : Khan"}, {"boundingPoly": {"vertices": [{"x": 926.0, "y": 956.0}, {"x": 1018.0, "y": 956.0}, {"x": 1018.0, "y": 994.0}, {"x": 926.0, "y": 994.0}]}, "description": " Guests:"}, {"boundingPoly": {"vertices": [{"x": 928.0, "y": 1017.0}, {"x": 1207.0, "y": 1040.0}, {"x": 1204.0, "y": 1069.0}, {"x": 926.0, "y": 1046.0}]}, "description": "Stella Artois (2 @9.00)"}, {"boundingPoly": {"vertices": [{"x": 927.0, "y": 1083.0}, {"x": 1130.0, "y": 1096.0}, {"x": 1128.0, "y": 1122.0}, {"x": 926.0, "y": 1109.0}]}, "description": "Bangers And Mash"}, {"boundingPoly": {"vertices": [{"x": 931.0, "y": 1146.0}, {"x": 1150.0, "y": 1152.0}, {"x": 1150.0, "y": 1173.0}, {"x": 931.0, "y": 1166.0}]}, "description": "Complete Subtotal"}, {"boundingPoly": {"vertices": [{"x": 944.0, "y": 1186.0}, {"x": 1055.0, "y": 1186.0}, {"x": 1055.0, "y": 1210.0}, {"x": 944.0, "y": 1209.0}]}, "description": "Subtotal"}, {"boundingPoly": {"vertices": [{"x": 957.0, "y": 1213.0}, {"x": 1003.0, "y": 1212.0}, {"x": 1003.0, "y": 1234.0}, {"x": 957.0, "y": 1235.0}]}, "description": "Tax"}, {"boundingPoly": {"vertices": [{"x": 1097.0, "y": 810.0}, {"x": 1224.0, "y": 817.0}, {"x": 1222.0, "y": 845.0}, {"x": 1095.0, "y": 838.0}]}, "description": "merchant address"}, {"boundingPoly": {"vertices": [{"x": 1095.0, "y": 864.0}, {"x": 1239.0, "y": 877.0}, {"x": 1236.0, "y": 903.0}, {"x": 1093.0, "y": 891.0}]}, "description": "merchant phone"}, {"boundingPoly": {"vertices": [{"x": 475.0, "y": 866.0}, {"x": 541.0, "y": 867.0}, {"x": 540.0, "y": 894.0}, {"x": 474.0, "y": 894.0}]}, "description": "SALE"}, {"boundingPoly": {"vertices": [{"x": 925.0, "y": 895.0}, {"x": 991.0, "y": 895.0}, {"x": 991.0, "y": 931.0}, {"x": 925.0, "y": 931.0}]}, "description": " Server"}, {"boundingPoly": {"vertices": [{"x": 192.0, "y": 921.0}, {"x": 260.0, "y": 923.0}, {"x": 258.0, "y": 948.0}, {"x": 191.0, "y": 946.0}]}, "description": "Amex"}, {"boundingPoly": {"vertices": [{"x": 188.0, "y": 953.0}, {"x": 507.0, "y": 956.0}, {"x": 507.0, "y": 988.0}, {"x": 187.0, "y": 983.0}]}, "description": "Card #XXXXXXXXXXX3001"}, {"boundingPoly": {"vertices": [{"x": 188.0, "y": 988.0}, {"x": 530.0, "y": 988.0}, {"x": 530.0, "y": 1023.0}, {"x": 188.0, "y": 1023.0}]}, "description": " Magnetic card present:"}, {"boundingPoly": {"vertices": [{"x": 702.0, "y": 920.0}, {"x": 803.0, "y": 919.0}, {"x": 803.0, "y": 944.0}, {"x": 702.0, "y": 946.0}]}, "description": "2097187"}, {"boundingPoly": {"vertices": [{"x": 932.0, "y": 925.0}, {"x": 1052.0, "y": 940.0}, {"x": 1048.0, "y": 968.0}, {"x": 928.0, "y": 952.0}]}, "description": "Table 11/1"}, {"boundingPoly": {"vertices": [{"x": 1020.0, "y": 967.0}, {"x": 1039.0, "y": 967.0}, {"x": 1039.0, "y": 997.0}, {"x": 1020.0, "y": 997.0}]}, "description": " 1"}, {"boundingPoly": {"vertices": [{"x": 1294.0, "y": 939.0}, {"x": 1418.0, "y": 946.0}, {"x": 1416.0, "y": 973.0}, {"x": 1293.0, "y": 966.0}]}, "description": "11/17/2019"}, {"boundingPoly": {"vertices": [{"x": 1332.0, "y": 971.0}, {"x": 1416.0, "y": 971.0}, {"x": 1416.0, "y": 1000.0}, {"x": 1332.0, "y": 1000.0}]}, "description": " 7:25 PM"}, {"boundingPoly": {"vertices": [{"x": 1356.0, "y": 1002.0}, {"x": 1418.0, "y": 1003.0}, {"x": 1417.0, "y": 1027.0}, {"x": 1355.0, "y": 1026.0}]}, "description": "20146"}, {"boundingPoly": {"vertices": [{"x": 927.0, "y": 1051.0}, {"x": 1165.0, "y": 1069.0}, {"x": 1163.0, "y": 1097.0}, {"x": 925.0, "y": 1078.0}]}, "description": "Mac n Cheese Wedges"}, {"boundingPoly": {"vertices": [{"x": 1366.0, "y": 1061.0}, {"x": 1426.0, "y": 1062.0}, {"x": 1425.0, "y": 1087.0}, {"x": 1364.0, "y": 1086.0}]}, "description": "18. 00"}, {"boundingPoly": {"vertices": [{"x": 1373.0, "y": 1089.0}, {"x": 1429.0, "y": 1091.0}, {"x": 1426.0, "y": 1117.0}, {"x": 1371.0, "y": 1116.0}]}, "description": "12. 00"}, {"boundingPoly": {"vertices": [{"x": 1369.0, "y": 1117.0}, {"x": 1420.0, "y": 1120.0}, {"x": 1418.0, "y": 1145.0}, {"x": 1367.0, "y": 1142.0}]}, "description": "20. 00"}, {"boundingPoly": {"vertices": [{"x": 1385.0, "y": 1160.0}, {"x": 1452.0, "y": 1163.0}, {"x": 1452.0, "y": 1181.0}, {"x": 1384.0, "y": 1179.0}]}, "description": "50.00"}, {"boundingPoly": {"vertices": [{"x": 1418.0, "y": 1196.0}, {"x": 1489.0, "y": 1203.0}, {"x": 1488.0, "y": 1218.0}, {"x": 1417.0, "y": 1211.0}]}, "description": "50.00"}, {"boundingPoly": {"vertices": [{"x": 514.0, "y": 1060.0}, {"x": 512.0, "y": 1085.0}, {"x": 492.0, "y": 1085.0}, {"x": 493.0, "y": 1060.0}]}, "description": "co"}, {"boundingPoly": {"vertices": [{"x": 187.0, "y": 1057.0}, {"x": 477.0, "y": 1057.0}, {"x": 477.0, "y": 1088.0}, {"x": 187.0, "y": 1088.0}]}, "description": " Card Entry Method:"}, {"boundingPoly": {"vertices": [{"x": 176.0, "y": 1108.0}, {"x": 331.0, "y": 1108.0}, {"x": 331.0, "y": 1132.0}, {"x": 176.0, "y": 1132.0}]}, "description": " Approval:"}, {"boundingPoly": {"vertices": [{"x": 338.0, "y": 1108.0}, {"x": 434.0, "y": 1108.0}, {"x": 434.0, "y": 1131.0}, {"x": 338.0, "y": 1131.0}]}, "description": " 500964"}, {"boundingPoly": {"vertices": [{"x": 739.0, "y": 1158.0}, {"x": 825.0, "y": 1158.0}, {"x": 825.0, "y": 1187.0}, {"x": 737.0, "y": 1187.0}]}, "description": "$54. 44"}, {"boundingPoly": {"vertices": [{"x": 673.0, "y": 1188.0}, {"x": 823.0, "y": 1195.0}, {"x": 821.0, "y": 1249.0}, {"x": 671.0, "y": 1249.0}]}, "description": "$7.00"}, {"boundingPoly": {"vertices": [{"x": 632.0, "y": 1263.0}, {"x": 831.0, "y": 1259.0}, {"x": 833.0, "y": 1318.0}, {"x": 632.0, "y": 1326.0}]}, "description": "$61.44"}, {"boundingPoly": {"vertices": [{"x": 493.0, "y": 1162.0}, {"x": 582.0, "y": 1162.0}, {"x": 582.0, "y": 1190.0}, {"x": 493.0, "y": 1190.0}]}, "description": " Amount"}, {"boundingPoly": {"vertices": [{"x": 587.0, "y": 1162.0}, {"x": 602.0, "y": 1162.0}, {"x": 602.0, "y": 1188.0}, {"x": 587.0, "y": 1188.0}]}, "description": " :"}, {"boundingPoly": {"vertices": [{"x": 1445.0, "y": 1215.0}, {"x": 1499.0, "y": 1222.0}, {"x": 1497.0, "y": 1238.0}, {"x": 1444.0, "y": 1230.0}]}, "description": "4.44"}, {"boundingPoly": {"vertices": [{"x": 512.0, "y": 1226.0}, {"x": 609.0, "y": 1226.0}, {"x": 609.0, "y": 1257.0}, {"x": 512.0, "y": 1257.0}]}, "description": " + Tip:"}, {"boundingPoly": {"vertices": [{"x": 972.0, "y": 1263.0}, {"x": 1044.0, "y": 1260.0}, {"x": 1045.0, "y": 1287.0}, {"x": 973.0, "y": 1289.0}]}, "description": "Total"}, {"boundingPoly": {"vertices": [{"x": 1462.0, "y": 1262.0}, {"x": 1533.0, "y": 1261.0}, {"x": 1534.0, "y": 1283.0}, {"x": 1462.0, "y": 1284.0}]}, "description": "54.44"}, {"boundingPoly": {"vertices": [{"x": 477.0, "y": 1298.0}, {"x": 610.0, "y": 1298.0}, {"x": 610.0, "y": 1334.0}, {"x": 477.0, "y": 1334.0}]}, "description": " = Total:"}, {"boundingPoly": {"vertices": [{"x": 987.0, "y": 1320.0}, {"x": 1303.0, "y": 1315.0}, {"x": 1303.0, "y": 1344.0}, {"x": 987.0, "y": 1350.0}]}, "description": "Balance Due"}, {"boundingPoly": {"vertices": [{"x": 1172.0, "y": 1376.0}, {"x": 1330.0, "y": 1376.0}, {"x": 1330.0, "y": 1411.0}, {"x": 1172.0, "y": 1411.0}]}, "description": " If You Have"}, {"boundingPoly": {"vertices": [{"x": 1194.0, "y": 1413.0}, {"x": 1263.0, "y": 1413.0}, {"x": 1263.0, "y": 1446.0}, {"x": 1194.0, "y": 1446.0}]}, "description": " Your"}, {"boundingPoly": {"vertices": [{"x": 1432.0, "y": 1311.0}, {"x": 1559.0, "y": 1309.0}, {"x": 1560.0, "y": 1338.0}, {"x": 1433.0, "y": 1341.0}]}, "description": "54.44"}, {"boundingPoly": {"vertices": [{"x": 1335.0, "y": 1373.0}, {"x": 1441.0, "y": 1373.0}, {"x": 1441.0, "y": 1408.0}, {"x": 1335.0, "y": 1408.0}]}, "description": " Enjoyed"}, {"boundingPoly": {"vertices": [{"x": 1127.0, "y": 1454.0}, {"x": 1539.0, "y": 1433.0}, {"x": 1541.0, "y": 1466.0}, {"x": 1129.0, "y": 1489.0}]}, "description": "Please Review Us On YELP. COM"}, {"boundingPoly": {"vertices": [{"x": 308.0, "y": 1428.0}, {"x": 331.0, "y": 1428.0}, {"x": 331.0, "y": 1462.0}, {"x": 308.0, "y": 1462.0}]}, "description": " I"}, {"boundingPoly": {"vertices": [{"x": 336.0, "y": 1415.0}, {"x": 702.0, "y": 1415.0}, {"x": 702.0, "y": 1461.0}, {"x": 336.0, "y": 1461.0}]}, "description": " agree to pay the above"}, {"boundingPoly": {"vertices": [{"x": 411.0, "y": 1490.0}, {"x": 688.0, "y": 1490.0}, {"x": 688.0, "y": 1527.0}, {"x": 411.0, "y": 1527.0}]}, "description": " issuer agreement."}, {"boundingPoly": {"vertices": [{"x": 433.0, "y": 1527.0}, {"x": 505.0, "y": 1527.0}, {"x": 505.0, "y": 1574.0}, {"x": 433.0, "y": 1574.0}]}, "description": " s."}, {"boundingPoly": {"vertices": [{"x": 341.0, "y": 1606.0}, {"x": 681.0, "y": 1609.0}, {"x": 680.0, "y": 1642.0}, {"x": 341.0, "y": 1638.0}]}, "description": "If You Have Enjoyed"}, {"boundingPoly": {"vertices": [{"x": 354.0, "y": 1641.0}, {"x": 528.0, "y": 1641.0}, {"x": 528.0, "y": 1674.0}, {"x": 354.0, "y": 1674.0}]}, "description": " Your Time"}, {"boundingPoly": {"vertices": [{"x": 1266.0, "y": 1404.0}, {"x": 1442.0, "y": 1404.0}, {"x": 1442.0, "y": 1444.0}, {"x": 1266.0, "y": 1444.0}]}, "description": " Time With Us"}, {"boundingPoly": {"vertices": [{"x": 257.0, "y": 1466.0}, {"x": 735.0, "y": 1449.0}, {"x": 736.0, "y": 1484.0}, {"x": 257.0, "y": 1500.0}]}, "description": "total amount according to the"}, {"boundingPoly": {"vertices": [{"x": 322.0, "y": 1498.0}, {"x": 397.0, "y": 1498.0}, {"x": 397.0, "y": 1524.0}, {"x": 322.0, "y": 1524.0}]}, "description": " card"}, {"boundingPoly": {"vertices": [{"x": 523.0, "y": 1528.0}, {"x": 693.0, "y": 1528.0}, {"x": 693.0, "y": 1576.0}, {"x": 523.0, "y": 1576.0}]}, "description": " weater"}, {"boundingPoly": {"vertices": [{"x": 127.0, "y": 1551.0}, {"x": 152.0, "y": 1549.0}, {"x": 152.0, "y": 1573.0}, {"x": 128.0, "y": 1574.0}]}, "description": "X"}, {"boundingPoly": {"vertices": [{"x": 534.0, "y": 1642.0}, {"x": 617.0, "y": 1642.0}, {"x": 617.0, "y": 1673.0}, {"x": 534.0, "y": 1673.0}]}, "description": " With"}, {"boundingPoly": {"vertices": [{"x": 623.0, "y": 1641.0}, {"x": 670.0, "y": 1641.0}, {"x": 670.0, "y": 1672.0}, {"x": 623.0, "y": 1672.0}]}, "description": " Us"}, {"boundingPoly": {"vertices": [{"x": 251.0, "y": 1669.0}, {"x": 709.0, "y": 1669.0}, {"x": 709.0, "y": 1710.0}, {"x": 251.0, "y": 1710.0}]}, "description": " Please Review Us On YELP."}, {"boundingPoly": {"vertices": [{"x": 715.0, "y": 1666.0}, {"x": 780.0, "y": 1666.0}, {"x": 780.0, "y": 1702.0}, {"x": 715.0, "y": 1702.0}]}, "description": " COM"}, {"boundingPoly": {"vertices": [{"x": 1304.0, "y": 1764.0}, {"x": 1267.0, "y": 1720.0}, {"x": 1429.0, "y": 1583.0}, {"x": 1463.0, "y": 1632.0}]}, "description": "\u4e09\u5b66\u751f"}, {"boundingPoly": {"vertices": [{"x": 344.0, "y": 1786.0}, {"x": 558.0, "y": 1786.0}, {"x": 558.0, "y": 1832.0}, {"x": 344.0, "y": 1832.0}]}, "description": " >>Customer"}, {"boundingPoly": {"vertices": [{"x": 564.0, "y": 1779.0}, {"x": 691.0, "y": 1779.0}, {"x": 691.0, "y": 1826.0}, {"x": 564.0, "y": 1826.0}]}, "description": " Copy<<"}]}