{"textAnnotations": [{"boundingPoly": {"vertices": [{"x": 575.0, "y": 217.0}, {"x": 970.0, "y": 230.0}, {"x": 968.0, "y": 285.0}, {"x": 573.0, "y": 272.0}]}, "description": "merchant name"}, {"boundingPoly": {"vertices": [{"x": 541.0, "y": 287.0}, {"x": 998.0, "y": 301.0}, {"x": 996.0, "y": 356.0}, {"x": 540.0, "y": 344.0}]}, "description": "merchant address"}, {"boundingPoly": {"vertices": [{"x": 563.0, "y": 361.0}, {"x": 973.0, "y": 371.0}, {"x": 972.0, "y": 427.0}, {"x": 563.0, "y": 417.0}]}, "description": "merchant address"}, {"boundingPoly": {"vertices": [{"x": 650.0, "y": 435.0}, {"x": 891.0, "y": 441.0}, {"x": 890.0, "y": 496.0}, {"x": 649.0, "y": 490.0}]}, "description": "merchant phone"}, {"boundingPoly": {"vertices": [{"x": 365.0, "y": 497.0}, {"x": 570.0, "y": 500.0}, {"x": 569.0, "y": 558.0}, {"x": 365.0, "y": 556.0}]}, "description": "11/15/2019"}, {"boundingPoly": {"vertices": [{"x": 1008.0, "y": 516.0}, {"x": 1162.0, "y": 516.0}, {"x": 1162.0, "y": 571.0}, {"x": 1008.0, "y": 571.0}]}, "description": " 22:18:05"}, {"boundingPoly": {"vertices": [{"x": 647.0, "y": 578.0}, {"x": 881.0, "y": 581.0}, {"x": 880.0, "y": 637.0}, {"x": 646.0, "y": 635.0}]}, "description": "CREDIT CARD"}, {"boundingPoly": {"vertices": [{"x": 667.0, "y": 675.0}, {"x": 861.0, "y": 676.0}, {"x": 861.0, "y": 731.0}, {"x": 666.0, "y": 729.0}]}, "description": "AMEX SALE"}, {"boundingPoly": {"vertices": [{"x": 847.0, "y": 778.0}, {"x": 1158.0, "y": 772.0}, {"x": 1159.0, "y": 824.0}, {"x": 847.0, "y": 827.0}]}, "description": "XXXXXXXXXXX1006"}, {"boundingPoly": {"vertices": [{"x": 1110.0, "y": 852.0}, {"x": 1150.0, "y": 851.0}, {"x": 1150.0, "y": 899.0}, {"x": 1110.0, "y": 899.0}]}, "description": "41"}, {"boundingPoly": {"vertices": [{"x": 1152.0, "y": 917.0}, {"x": 1156.0, "y": 970.0}, {"x": 1127.0, "y": 969.0}, {"x": 1123.0, "y": 916.0}]}, "description": "or"}, {"boundingPoly": {"vertices": [{"x": 1104.0, "y": 991.0}, {"x": 1150.0, "y": 993.0}, {"x": 1149.0, "y": 1043.0}, {"x": 1103.0, "y": 1041.0}]}, "description": "41"}, {"boundingPoly": {"vertices": [{"x": 1023.0, "y": 1059.0}, {"x": 1151.0, "y": 1060.0}, {"x": 1149.0, "y": 1111.0}, {"x": 1023.0, "y": 1110.0}]}, "description": "247145"}, {"boundingPoly": {"vertices": [{"x": 842.0, "y": 1129.0}, {"x": 1148.0, "y": 1130.0}, {"x": 1148.0, "y": 1182.0}, {"x": 842.0, "y": 1179.0}]}, "description": "007425753425372"}, {"boundingPoly": {"vertices": [{"x": 1026.0, "y": 1202.0}, {"x": 1149.0, "y": 1202.0}, {"x": 1148.0, "y": 1249.0}, {"x": 1025.0, "y": 1251.0}]}, "description": "Manual"}, {"boundingPoly": {"vertices": [{"x": 1040.0, "y": 1273.0}, {"x": 1147.0, "y": 1274.0}, {"x": 1144.0, "y": 1323.0}, {"x": 1041.0, "y": 1323.0}]}, "description": "Online"}, {"boundingPoly": {"vertices": [{"x": 1111.0, "y": 1343.0}, {"x": 1148.0, "y": 1344.0}, {"x": 1145.0, "y": 1391.0}, {"x": 1109.0, "y": 1389.0}]}, "description": "M"}, {"boundingPoly": {"vertices": [{"x": 366.0, "y": 758.0}, {"x": 488.0, "y": 761.0}, {"x": 486.0, "y": 813.0}, {"x": 362.0, "y": 812.0}]}, "description": "Card #"}, {"boundingPoly": {"vertices": [{"x": 360.0, "y": 828.0}, {"x": 490.0, "y": 828.0}, {"x": 490.0, "y": 893.0}, {"x": 360.0, "y": 893.0}]}, "description": " SEQ #:"}, {"boundingPoly": {"vertices": [{"x": 361.0, "y": 904.0}, {"x": 513.0, "y": 904.0}, {"x": 513.0, "y": 961.0}, {"x": 361.0, "y": 961.0}]}, "description": " Batch #:"}, {"boundingPoly": {"vertices": [{"x": 360.0, "y": 978.0}, {"x": 510.0, "y": 978.0}, {"x": 510.0, "y": 1034.0}, {"x": 360.0, "y": 1034.0}]}, "description": " Trans #:"}, {"boundingPoly": {"vertices": [{"x": 358.0, "y": 1051.0}, {"x": 621.0, "y": 1051.0}, {"x": 621.0, "y": 1114.0}, {"x": 358.0, "y": 1114.0}]}, "description": " Approval Code:"}, {"boundingPoly": {"vertices": [{"x": 361.0, "y": 1122.0}, {"x": 545.0, "y": 1122.0}, {"x": 545.0, "y": 1177.0}, {"x": 361.0, "y": 1177.0}]}, "description": " TRANS ID:"}, {"boundingPoly": {"vertices": [{"x": 355.0, "y": 1192.0}, {"x": 596.0, "y": 1192.0}, {"x": 596.0, "y": 1252.0}, {"x": 355.0, "y": 1252.0}]}, "description": " Entry Method:"}, {"boundingPoly": {"vertices": [{"x": 359.0, "y": 1266.0}, {"x": 461.0, "y": 1266.0}, {"x": 461.0, "y": 1319.0}, {"x": 359.0, "y": 1319.0}]}, "description": " Mode:"}, {"boundingPoly": {"vertices": [{"x": 357.0, "y": 1338.0}, {"x": 547.0, "y": 1338.0}, {"x": 547.0, "y": 1393.0}, {"x": 357.0, "y": 1393.0}]}, "description": " Card Code:"}, {"boundingPoly": {"vertices": [{"x": 354.0, "y": 1495.0}, {"x": 671.0, "y": 1494.0}, {"x": 671.0, "y": 1584.0}, {"x": 354.0, "y": 1585.0}]}, "description": "SALE AMOUNT"}, {"boundingPoly": {"vertices": [{"x": 350.0, "y": 1639.0}, {"x": 635.0, "y": 1639.0}, {"x": 635.0, "y": 1727.0}, {"x": 350.0, "y": 1727.0}]}, "description": "TIP AMOUNT"}, {"boundingPoly": {"vertices": [{"x": 353.0, "y": 1779.0}, {"x": 705.0, "y": 1779.0}, {"x": 705.0, "y": 1869.0}, {"x": 353.0, "y": 1868.0}]}, "description": "TOTAL AMOUNT"}, {"boundingPoly": {"vertices": [{"x": 1003.0, "y": 1495.0}, {"x": 1150.0, "y": 1494.0}, {"x": 1151.0, "y": 1580.0}, {"x": 1005.0, "y": 1583.0}]}, "description": "$33.23"}, {"boundingPoly": {"vertices": [{"x": 785.0, "y": 1633.0}, {"x": 1096.0, "y": 1620.0}, {"x": 1096.0, "y": 1727.0}, {"x": 787.0, "y": 1748.0}]}, "description": "$5 . 0"}, {"boundingPoly": {"vertices": [{"x": 815.0, "y": 1766.0}, {"x": 1152.0, "y": 1767.0}, {"x": 1155.0, "y": 1879.0}, {"x": 818.0, "y": 1885.0}]}, "description": "$ 38.23"}, {"boundingPoly": {"vertices": [{"x": 648.0, "y": 1982.0}, {"x": 852.0, "y": 1979.0}, {"x": 853.0, "y": 2031.0}, {"x": 649.0, "y": 2035.0}]}, "description": "THANK YOU"}, {"boundingPoly": {"vertices": [{"x": 597.0, "y": 2121.0}, {"x": 895.0, "y": 2118.0}, {"x": 896.0, "y": 2170.0}, {"x": 598.0, "y": 2175.0}]}, "description": "CUSTOMER COPY"}]}