{"textAnnotations": [{"boundingPoly": {"vertices": [{"x": 137.0, "y": 115.0}, {"x": 405.0, "y": 110.0}, {"x": 406.0, "y": 136.0}, {"x": 137.0, "y": 142.0}]}, "description": "Thank You For Visiting the"}, {"boundingPoly": {"vertices": [{"x": 139.0, "y": 145.0}, {"x": 399.0, "y": 138.0}, {"x": 400.0, "y": 163.0}, {"x": 140.0, "y": 171.0}]}, "description": "merchant name"}, {"boundingPoly": {"vertices": [{"x": 181.0, "y": 172.0}, {"x": 350.0, "y": 168.0}, {"x": 351.0, "y": 193.0}, {"x": 182.0, "y": 197.0}]}, "description": "Matthew Fraysier"}, {"boundingPoly": {"vertices": [{"x": 189.0, "y": 200.0}, {"x": 346.0, "y": 197.0}, {"x": 346.0, "y": 222.0}, {"x": 190.0, "y": 226.0}]}, "description": "General Manager"}, {"boundingPoly": {"vertices": [{"x": 153.0, "y": 256.0}, {"x": 378.0, "y": 246.0}, {"x": 379.0, "y": 274.0}, {"x": 153.0, "y": 281.0}]}, "description": "We Love Your Feedback!"}, {"boundingPoly": {"vertices": [{"x": 200.0, "y": 227.0}, {"x": 335.0, "y": 222.0}, {"x": 336.0, "y": 248.0}, {"x": 202.0, "y": 254.0}]}, "description": "merchant phone"}, {"boundingPoly": {"vertices": [{"x": 147.0, "y": 282.0}, {"x": 384.0, "y": 275.0}, {"x": 385.0, "y": 303.0}, {"x": 148.0, "y": 309.0}]}, "description": "Text @LTF11479 to 73940"}, {"boundingPoly": {"vertices": [{"x": 446.0, "y": 331.0}, {"x": 479.0, "y": 330.0}, {"x": 479.0, "y": 355.0}, {"x": 446.0, "y": 355.0}]}, "description": "USD"}, {"boundingPoly": {"vertices": [{"x": 435.0, "y": 362.0}, {"x": 480.0, "y": 359.0}, {"x": 481.0, "y": 384.0}, {"x": 436.0, "y": 385.0}]}, "description": "3.55"}, {"boundingPoly": {"vertices": [{"x": 435.0, "y": 393.0}, {"x": 479.0, "y": 391.0}, {"x": 478.0, "y": 414.0}, {"x": 435.0, "y": 417.0}]}, "description": "0.00"}, {"boundingPoly": {"vertices": [{"x": 435.0, "y": 423.0}, {"x": 480.0, "y": 422.0}, {"x": 480.0, "y": 445.0}, {"x": 436.0, "y": 446.0}]}, "description": "0.00"}, {"boundingPoly": {"vertices": [{"x": 435.0, "y": 453.0}, {"x": 477.0, "y": 452.0}, {"x": 478.0, "y": 474.0}, {"x": 435.0, "y": 475.0}]}, "description": "0.65"}, {"boundingPoly": {"vertices": [{"x": 434.0, "y": 481.0}, {"x": 478.0, "y": 480.0}, {"x": 478.0, "y": 502.0}, {"x": 433.0, "y": 503.0}]}, "description": "0.00"}, {"boundingPoly": {"vertices": [{"x": 434.0, "y": 510.0}, {"x": 477.0, "y": 508.0}, {"x": 476.0, "y": 530.0}, {"x": 434.0, "y": 532.0}]}, "description": "0.00"}, {"boundingPoly": {"vertices": [{"x": 52.0, "y": 364.0}, {"x": 212.0, "y": 366.0}, {"x": 212.0, "y": 389.0}, {"x": 52.0, "y": 386.0}]}, "description": "AMEX Burger Bar"}, {"boundingPoly": {"vertices": [{"x": 53.0, "y": 390.0}, {"x": 192.0, "y": 393.0}, {"x": 192.0, "y": 416.0}, {"x": 53.0, "y": 413.0}]}, "description": "Garden Burger"}, {"boundingPoly": {"vertices": [{"x": 52.0, "y": 418.0}, {"x": 150.0, "y": 419.0}, {"x": 150.0, "y": 442.0}, {"x": 51.0, "y": 440.0}]}, "description": "White Bun"}, {"boundingPoly": {"vertices": [{"x": 49.0, "y": 443.0}, {"x": 222.0, "y": 446.0}, {"x": 222.0, "y": 472.0}, {"x": 48.0, "y": 469.0}]}, "description": "Fresh Mozzarella"}, {"boundingPoly": {"vertices": [{"x": 50.0, "y": 473.0}, {"x": 126.0, "y": 475.0}, {"x": 126.0, "y": 498.0}, {"x": 49.0, "y": 496.0}]}, "description": "Lettuce"}, {"boundingPoly": {"vertices": [{"x": 49.0, "y": 502.0}, {"x": 200.0, "y": 504.0}, {"x": 200.0, "y": 528.0}, {"x": 49.0, "y": 527.0}]}, "description": "Grilled Onions"}, {"boundingPoly": {"vertices": [{"x": 288.0, "y": 562.0}, {"x": 384.0, "y": 562.0}, {"x": 384.0, "y": 586.0}, {"x": 288.0, "y": 587.0}]}, "description": "Sub Total"}, {"boundingPoly": {"vertices": [{"x": 290.0, "y": 592.0}, {"x": 396.0, "y": 592.0}, {"x": 396.0, "y": 615.0}, {"x": 290.0, "y": 615.0}]}, "description": "Tax Amount"}, {"boundingPoly": {"vertices": [{"x": 432.0, "y": 565.0}, {"x": 477.0, "y": 564.0}, {"x": 475.0, "y": 586.0}, {"x": 432.0, "y": 587.0}]}, "description": "4.20"}, {"boundingPoly": {"vertices": [{"x": 430.0, "y": 592.0}, {"x": 476.0, "y": 591.0}, {"x": 475.0, "y": 614.0}, {"x": 430.0, "y": 615.0}]}, "description": "0.37"}, {"boundingPoly": {"vertices": [{"x": 34.0, "y": 674.0}, {"x": 228.0, "y": 675.0}, {"x": 228.0, "y": 720.0}, {"x": 33.0, "y": 718.0}]}, "description": "Total USD"}, {"boundingPoly": {"vertices": [{"x": 389.0, "y": 677.0}, {"x": 472.0, "y": 676.0}, {"x": 473.0, "y": 717.0}, {"x": 389.0, "y": 718.0}]}, "description": "4.57"}, {"boundingPoly": {"vertices": [{"x": 29.0, "y": 804.0}, {"x": 255.0, "y": 805.0}, {"x": 255.0, "y": 830.0}, {"x": 29.0, "y": 829.0}]}, "description": "5009 AMERICAN EXPRESS"}, {"boundingPoly": {"vertices": [{"x": 427.0, "y": 803.0}, {"x": 470.0, "y": 803.0}, {"x": 468.0, "y": 826.0}, {"x": 426.0, "y": 826.0}]}, "description": "4.57"}, {"boundingPoly": {"vertices": [{"x": 28.0, "y": 891.0}, {"x": 64.0, "y": 892.0}, {"x": 63.0, "y": 915.0}, {"x": 28.0, "y": 913.0}]}, "description": "Tax"}, {"boundingPoly": {"vertices": [{"x": 31.0, "y": 919.0}, {"x": 117.0, "y": 919.0}, {"x": 117.0, "y": 944.0}, {"x": 31.0, "y": 945.0}]}, "description": "() 8.875"}, {"boundingPoly": {"vertices": [{"x": 32.0, "y": 947.0}, {"x": 343.0, "y": 947.0}, {"x": 343.0, "y": 972.0}, {"x": 32.0, "y": 973.0}]}, "description": "(Sunrise FL - DO NOT USE) 0.00"}, {"boundingPoly": {"vertices": [{"x": 201.0, "y": 890.0}, {"x": 355.0, "y": 890.0}, {"x": 355.0, "y": 917.0}, {"x": 201.0, "y": 917.0}]}, "description": " Taxable Amount"}, {"boundingPoly": {"vertices": [{"x": 299.0, "y": 920.0}, {"x": 343.0, "y": 920.0}, {"x": 342.0, "y": 942.0}, {"x": 299.0, "y": 942.0}]}, "description": "4.20"}, {"boundingPoly": {"vertices": [{"x": 361.0, "y": 889.0}, {"x": 469.0, "y": 889.0}, {"x": 469.0, "y": 914.0}, {"x": 361.0, "y": 914.0}]}, "description": " Tax Amount"}, {"boundingPoly": {"vertices": [{"x": 422.0, "y": 918.0}, {"x": 467.0, "y": 918.0}, {"x": 466.0, "y": 941.0}, {"x": 422.0, "y": 941.0}]}, "description": "0.37"}, {"boundingPoly": {"vertices": [{"x": 422.0, "y": 948.0}, {"x": 467.0, "y": 948.0}, {"x": 466.0, "y": 971.0}, {"x": 422.0, "y": 971.0}]}, "description": "0.00"}, {"boundingPoly": {"vertices": [{"x": 33.0, "y": 1032.0}, {"x": 466.0, "y": 1032.0}, {"x": 466.0, "y": 1059.0}, {"x": 33.0, "y": 1059.0}]}, "description": " 11/25/2019 12:57 PM #:42636 Op:4049 C:111"}, {"boundingPoly": {"vertices": [{"x": 29.0, "y": 1061.0}, {"x": 133.0, "y": 1061.0}, {"x": 133.0, "y": 1085.0}, {"x": 29.0, "y": 1085.0}]}, "description": " 101 S:1111"}, {"boundingPoly": {"vertices": [{"x": 26.0, "y": 1090.0}, {"x": 136.0, "y": 1090.0}, {"x": 136.0, "y": 1115.0}, {"x": 26.0, "y": 1115.0}]}, "description": " Served you"}, {"boundingPoly": {"vertices": [{"x": 140.0, "y": 1090.0}, {"x": 340.0, "y": 1090.0}, {"x": 340.0, "y": 1116.0}, {"x": 140.0, "y": 1116.0}]}, "description": " : Guadalupe Canarte"}, {"boundingPoly": {"vertices": [{"x": 112.0, "y": 1204.0}, {"x": 337.0, "y": 1206.0}, {"x": 337.0, "y": 1229.0}, {"x": 112.0, "y": 1228.0}]}, "description": "*** Customer copy ***"}, {"boundingPoly": {"vertices": [{"x": 153.0, "y": 1260.0}, {"x": 302.0, "y": 1261.0}, {"x": 301.0, "y": 1286.0}, {"x": 153.0, "y": 1285.0}]}, "description": "AMEX NY937 (1)"}, {"boundingPoly": {"vertices": [{"x": 27.0, "y": 1290.0}, {"x": 415.0, "y": 1292.0}, {"x": 415.0, "y": 1318.0}, {"x": 27.0, "y": 1316.0}]}, "description": "I agree to pay the above total amount"}]}