{"textAnnotations": [{"boundingPoly": {"vertices": [{"x": 301.0, "y": 23.0}, {"x": 545.0, "y": 24.0}, {"x": 543.0, "y": 104.0}, {"x": 299.0, "y": 107.0}]}, "description": "merchant name"}, {"boundingPoly": {"vertices": [{"x": 323.0, "y": 147.0}, {"x": 526.0, "y": 152.0}, {"x": 525.0, "y": 170.0}, {"x": 323.0, "y": 163.0}]}, "description": "Take our short survey at"}, {"boundingPoly": {"vertices": [{"x": 511.0, "y": 171.0}, {"x": 524.0, "y": 171.0}, {"x": 524.0, "y": 189.0}, {"x": 511.0, "y": 189.0}]}, "description": " a"}, {"boundingPoly": {"vertices": [{"x": 304.0, "y": 102.0}, {"x": 539.0, "y": 107.0}, {"x": 539.0, "y": 125.0}, {"x": 304.0, "y": 120.0}]}, "description": "merchant name"}, {"boundingPoly": {"vertices": [{"x": 325.0, "y": 164.0}, {"x": 507.0, "y": 164.0}, {"x": 507.0, "y": 189.0}, {"x": 325.0, "y": 189.0}]}, "description": " rubioslistens.com for"}, {"boundingPoly": {"vertices": [{"x": 346.0, "y": 199.0}, {"x": 505.0, "y": 205.0}, {"x": 504.0, "y": 226.0}, {"x": 346.0, "y": 220.0}]}, "description": "FREE LARGE DRINK"}, {"boundingPoly": {"vertices": [{"x": 301.0, "y": 244.0}, {"x": 547.0, "y": 252.0}, {"x": 547.0, "y": 270.0}, {"x": 300.0, "y": 263.0}]}, "description": "Complete the survey and write"}, {"boundingPoly": {"vertices": [{"x": 301.0, "y": 264.0}, {"x": 546.0, "y": 264.0}, {"x": 546.0, "y": 287.0}, {"x": 301.0, "y": 287.0}]}, "description": " your unique coupon code here:"}, {"boundingPoly": {"vertices": [{"x": 261.0, "y": 324.0}, {"x": 412.0, "y": 324.0}, {"x": 412.0, "y": 349.0}, {"x": 261.0, "y": 349.0}]}, "description": " Receen this offer"}, {"boundingPoly": {"vertices": [{"x": 415.0, "y": 331.0}, {"x": 584.0, "y": 331.0}, {"x": 584.0, "y": 357.0}, {"x": 415.0, "y": 357.0}]}, "description": " at any participating"}, {"boundingPoly": {"vertices": [{"x": 257.0, "y": 344.0}, {"x": 587.0, "y": 356.0}, {"x": 587.0, "y": 373.0}, {"x": 256.0, "y": 361.0}]}, "description": "Rubio's within 2 weeks of this purchase"}, {"boundingPoly": {"vertices": [{"x": 299.0, "y": 381.0}, {"x": 360.0, "y": 381.0}, {"x": 360.0, "y": 397.0}, {"x": 299.0, "y": 397.0}]}, "description": "merchant address"}, {"boundingPoly": {"vertices": [{"x": 361.0, "y": 382.0}, {"x": 374.0, "y": 382.0}, {"x": 374.0, "y": 398.0}, {"x": 361.0, "y": 398.0}]}, "description": "merchant address"}, {"boundingPoly": {"vertices": [{"x": 376.0, "y": 382.0}, {"x": 549.0, "y": 382.0}, {"x": 549.0, "y": 403.0}, {"x": 376.0, "y": 403.0}]}, "description": "merchant address"}, {"boundingPoly": {"vertices": [{"x": 378.0, "y": 414.0}, {"x": 475.0, "y": 416.0}, {"x": 474.0, "y": 430.0}, {"x": 377.0, "y": 427.0}]}, "description": "merchant phone"}, {"boundingPoly": {"vertices": [{"x": 314.0, "y": 454.0}, {"x": 478.0, "y": 456.0}, {"x": 477.0, "y": 471.0}, {"x": 314.0, "y": 468.0}]}, "description": "ST-T PLT CHICKEN"}, {"boundingPoly": {"vertices": [{"x": 324.0, "y": 470.0}, {"x": 486.0, "y": 472.0}, {"x": 486.0, "y": 488.0}, {"x": 324.0, "y": 485.0}]}, "description": "Street Chicken T"}, {"boundingPoly": {"vertices": [{"x": 324.0, "y": 486.0}, {"x": 488.0, "y": 487.0}, {"x": 488.0, "y": 503.0}, {"x": 324.0, "y": 501.0}]}, "description": "Street chicken T"}, {"boundingPoly": {"vertices": [{"x": 324.0, "y": 502.0}, {"x": 467.0, "y": 502.0}, {"x": 467.0, "y": 518.0}, {"x": 324.0, "y": 518.0}]}, "description": " Street Chicken"}, {"boundingPoly": {"vertices": [{"x": 316.0, "y": 516.0}, {"x": 503.0, "y": 518.0}, {"x": 502.0, "y": 534.0}, {"x": 315.0, "y": 531.0}]}, "description": "Chips & Pinto Beans"}, {"boundingPoly": {"vertices": [{"x": 313.0, "y": 546.0}, {"x": 364.0, "y": 547.0}, {"x": 364.0, "y": 563.0}, {"x": 313.0, "y": 562.0}]}, "description": "Chips"}, {"boundingPoly": {"vertices": [{"x": 533.0, "y": 456.0}, {"x": 583.0, "y": 457.0}, {"x": 583.0, "y": 472.0}, {"x": 533.0, "y": 472.0}]}, "description": "$8.79"}, {"boundingPoly": {"vertices": [{"x": 533.0, "y": 473.0}, {"x": 583.0, "y": 473.0}, {"x": 583.0, "y": 487.0}, {"x": 533.0, "y": 486.0}]}, "description": "$0.00"}, {"boundingPoly": {"vertices": [{"x": 533.0, "y": 489.0}, {"x": 583.0, "y": 489.0}, {"x": 583.0, "y": 504.0}, {"x": 532.0, "y": 503.0}]}, "description": "$0.00"}, {"boundingPoly": {"vertices": [{"x": 532.0, "y": 505.0}, {"x": 582.0, "y": 504.0}, {"x": 582.0, "y": 518.0}, {"x": 532.0, "y": 518.0}]}, "description": "$0.00"}, {"boundingPoly": {"vertices": [{"x": 531.0, "y": 519.0}, {"x": 582.0, "y": 519.0}, {"x": 582.0, "y": 534.0}, {"x": 531.0, "y": 534.0}]}, "description": "$0.00"}, {"boundingPoly": {"vertices": [{"x": 534.0, "y": 534.0}, {"x": 584.0, "y": 534.0}, {"x": 584.0, "y": 548.0}, {"x": 534.0, "y": 548.0}]}, "description": "$0.00"}, {"boundingPoly": {"vertices": [{"x": 533.0, "y": 549.0}, {"x": 584.0, "y": 549.0}, {"x": 585.0, "y": 563.0}, {"x": 533.0, "y": 563.0}]}, "description": "$1.29"}, {"boundingPoly": {"vertices": [{"x": 533.0, "y": 564.0}, {"x": 584.0, "y": 565.0}, {"x": 584.0, "y": 580.0}, {"x": 533.0, "y": 579.0}]}, "description": "$0.00"}, {"boundingPoly": {"vertices": [{"x": 534.0, "y": 581.0}, {"x": 584.0, "y": 581.0}, {"x": 584.0, "y": 594.0}, {"x": 534.0, "y": 595.0}]}, "description": "$2.69"}, {"boundingPoly": {"vertices": [{"x": 533.0, "y": 595.0}, {"x": 586.0, "y": 595.0}, {"x": 585.0, "y": 611.0}, {"x": 533.0, "y": 610.0}]}, "description": "$9.99"}, {"boundingPoly": {"vertices": [{"x": 534.0, "y": 612.0}, {"x": 584.0, "y": 613.0}, {"x": 584.0, "y": 627.0}, {"x": 533.0, "y": 627.0}]}, "description": "$0.00"}, {"boundingPoly": {"vertices": [{"x": 261.0, "y": 485.0}, {"x": 282.0, "y": 486.0}, {"x": 281.0, "y": 498.0}, {"x": 260.0, "y": 498.0}]}, "description": "1"}, {"boundingPoly": {"vertices": [{"x": 258.0, "y": 499.0}, {"x": 281.0, "y": 501.0}, {"x": 279.0, "y": 515.0}, {"x": 256.0, "y": 513.0}]}, "description": "1"}, {"boundingPoly": {"vertices": [{"x": 474.0, "y": 503.0}, {"x": 486.0, "y": 503.0}, {"x": 486.0, "y": 518.0}, {"x": 474.0, "y": 518.0}]}, "description": " T"}, {"boundingPoly": {"vertices": [{"x": 257.0, "y": 544.0}, {"x": 281.0, "y": 546.0}, {"x": 279.0, "y": 560.0}, {"x": 255.0, "y": 559.0}]}, "description": "1"}, {"boundingPoly": {"vertices": [{"x": 259.0, "y": 561.0}, {"x": 282.0, "y": 564.0}, {"x": 280.0, "y": 578.0}, {"x": 256.0, "y": 576.0}]}, "description": "1"}, {"boundingPoly": {"vertices": [{"x": 261.0, "y": 580.0}, {"x": 282.0, "y": 581.0}, {"x": 280.0, "y": 595.0}, {"x": 259.0, "y": 594.0}]}, "description": "1"}, {"boundingPoly": {"vertices": [{"x": 310.0, "y": 579.0}, {"x": 433.0, "y": 579.0}, {"x": 433.0, "y": 595.0}, {"x": 310.0, "y": 595.0}]}, "description": "Mexican Soda"}, {"boundingPoly": {"vertices": [{"x": 312.0, "y": 595.0}, {"x": 503.0, "y": 595.0}, {"x": 503.0, "y": 613.0}, {"x": 312.0, "y": 611.0}]}, "description": "Mango Avo w/veggies"}, {"boundingPoly": {"vertices": [{"x": 260.0, "y": 642.0}, {"x": 341.0, "y": 642.0}, {"x": 341.0, "y": 658.0}, {"x": 260.0, "y": 658.0}]}, "description": "subtotal"}, {"boundingPoly": {"vertices": [{"x": 259.0, "y": 657.0}, {"x": 403.0, "y": 659.0}, {"x": 403.0, "y": 675.0}, {"x": 259.0, "y": 673.0}]}, "description": "8.6% Sales Tax"}, {"boundingPoly": {"vertices": [{"x": 260.0, "y": 673.0}, {"x": 352.0, "y": 674.0}, {"x": 352.0, "y": 690.0}, {"x": 260.0, "y": 689.0}]}, "description": "Total Due"}, {"boundingPoly": {"vertices": [{"x": 523.0, "y": 643.0}, {"x": 584.0, "y": 643.0}, {"x": 584.0, "y": 659.0}, {"x": 523.0, "y": 659.0}]}, "description": "$22.76"}, {"boundingPoly": {"vertices": [{"x": 530.0, "y": 658.0}, {"x": 583.0, "y": 660.0}, {"x": 583.0, "y": 675.0}, {"x": 530.0, "y": 674.0}]}, "description": "$1.96"}, {"boundingPoly": {"vertices": [{"x": 524.0, "y": 675.0}, {"x": 583.0, "y": 676.0}, {"x": 583.0, "y": 691.0}, {"x": 524.0, "y": 690.0}]}, "description": "$24.72"}, {"boundingPoly": {"vertices": [{"x": 259.0, "y": 706.0}, {"x": 320.0, "y": 706.0}, {"x": 321.0, "y": 721.0}, {"x": 259.0, "y": 721.0}]}, "description": "Credit"}, {"boundingPoly": {"vertices": [{"x": 525.0, "y": 705.0}, {"x": 581.0, "y": 705.0}, {"x": 581.0, "y": 721.0}, {"x": 525.0, "y": 721.0}]}, "description": "$24.72"}, {"boundingPoly": {"vertices": [{"x": 261.0, "y": 738.0}, {"x": 391.0, "y": 736.0}, {"x": 392.0, "y": 753.0}, {"x": 261.0, "y": 756.0}]}, "description": "Payment Total"}, {"boundingPoly": {"vertices": [{"x": 524.0, "y": 737.0}, {"x": 582.0, "y": 737.0}, {"x": 582.0, "y": 753.0}, {"x": 524.0, "y": 753.0}]}, "description": "$24.72"}, {"boundingPoly": {"vertices": [{"x": 245.0, "y": 789.0}, {"x": 344.0, "y": 789.0}, {"x": 344.0, "y": 805.0}, {"x": 245.0, "y": 805.0}]}, "description": " Order type:"}, {"boundingPoly": {"vertices": [{"x": 243.0, "y": 807.0}, {"x": 291.0, "y": 807.0}, {"x": 291.0, "y": 820.0}, {"x": 243.0, "y": 820.0}]}, "description": " Date:"}, {"boundingPoly": {"vertices": [{"x": 423.0, "y": 787.0}, {"x": 488.0, "y": 787.0}, {"x": 488.0, "y": 801.0}, {"x": 423.0, "y": 801.0}]}, "description": "Dine-In"}, {"boundingPoly": {"vertices": [{"x": 424.0, "y": 803.0}, {"x": 578.0, "y": 803.0}, {"x": 578.0, "y": 817.0}, {"x": 424.0, "y": 817.0}]}, "description": " 11/9/2019 8:49:02"}, {"boundingPoly": {"vertices": [{"x": 425.0, "y": 817.0}, {"x": 445.0, "y": 816.0}, {"x": 444.0, "y": 828.0}, {"x": 424.0, "y": 828.0}]}, "description": "PM"}, {"boundingPoly": {"vertices": [{"x": 424.0, "y": 831.0}, {"x": 504.0, "y": 831.0}, {"x": 504.0, "y": 843.0}, {"x": 424.0, "y": 843.0}]}, "description": "ALEXANDRA"}, {"boundingPoly": {"vertices": [{"x": 424.0, "y": 845.0}, {"x": 467.0, "y": 845.0}, {"x": 466.0, "y": 860.0}, {"x": 424.0, "y": 860.0}]}, "description": "24817"}, {"boundingPoly": {"vertices": [{"x": 454.0, "y": 861.0}, {"x": 470.0, "y": 861.0}, {"x": 469.0, "y": 876.0}, {"x": 453.0, "y": 875.0}]}, "description": "7"}, {"boundingPoly": {"vertices": [{"x": 424.0, "y": 877.0}, {"x": 567.0, "y": 877.0}, {"x": 567.0, "y": 895.0}, {"x": 424.0, "y": 895.0}]}, "description": "137Term2 (11807)"}, {"boundingPoly": {"vertices": [{"x": 254.0, "y": 910.0}, {"x": 536.0, "y": 904.0}, {"x": 537.0, "y": 924.0}, {"x": 254.0, "y": 930.0}]}, "description": "* Indicates tax free item(s)"}, {"boundingPoly": {"vertices": [{"x": 326.0, "y": 933.0}, {"x": 412.0, "y": 933.0}, {"x": 412.0, "y": 954.0}, {"x": 326.0, "y": 954.0}]}, "description": " Captured"}, {"boundingPoly": {"vertices": [{"x": 319.0, "y": 955.0}, {"x": 336.0, "y": 955.0}, {"x": 336.0, "y": 972.0}, {"x": 319.0, "y": 972.0}]}, "description": " :"}, {"boundingPoly": {"vertices": [{"x": 244.0, "y": 835.0}, {"x": 289.0, "y": 835.0}, {"x": 289.0, "y": 849.0}, {"x": 244.0, "y": 849.0}]}, "description": " Clerk"}, {"boundingPoly": {"vertices": [{"x": 243.0, "y": 849.0}, {"x": 344.0, "y": 849.0}, {"x": 344.0, "y": 866.0}, {"x": 243.0, "y": 866.0}]}, "description": " Receipt No:"}, {"boundingPoly": {"vertices": [{"x": 243.0, "y": 866.0}, {"x": 329.0, "y": 866.0}, {"x": 329.0, "y": 883.0}, {"x": 243.0, "y": 883.0}]}, "description": " Order No:"}, {"boundingPoly": {"vertices": [{"x": 244.0, "y": 882.0}, {"x": 325.0, "y": 882.0}, {"x": 325.0, "y": 900.0}, {"x": 244.0, "y": 900.0}]}, "description": " Terminal:"}, {"boundingPoly": {"vertices": [{"x": 291.0, "y": 835.0}, {"x": 299.0, "y": 835.0}, {"x": 299.0, "y": 848.0}, {"x": 291.0, "y": 848.0}]}, "description": " :"}, {"boundingPoly": {"vertices": [{"x": 423.0, "y": 862.0}, {"x": 445.0, "y": 862.0}, {"x": 444.0, "y": 876.0}, {"x": 422.0, "y": 876.0}]}, "description": "GN"}, {"boundingPoly": {"vertices": [{"x": 244.0, "y": 937.0}, {"x": 324.0, "y": 937.0}, {"x": 324.0, "y": 957.0}, {"x": 244.0, "y": 957.0}]}, "description": " Result:"}, {"boundingPoly": {"vertices": [{"x": 244.0, "y": 956.0}, {"x": 317.0, "y": 956.0}, {"x": 317.0, "y": 975.0}, {"x": 244.0, "y": 975.0}]}, "description": " Account"}, {"boundingPoly": {"vertices": [{"x": 243.0, "y": 986.0}, {"x": 356.0, "y": 986.0}, {"x": 356.0, "y": 1010.0}, {"x": 243.0, "y": 1010.0}]}, "description": " Auth Code:"}, {"boundingPoly": {"vertices": [{"x": 243.0, "y": 1014.0}, {"x": 415.0, "y": 1014.0}, {"x": 415.0, "y": 1043.0}, {"x": 243.0, "y": 1043.0}]}, "description": " Approved Amount:"}, {"boundingPoly": {"vertices": [{"x": 241.0, "y": 1047.0}, {"x": 433.0, "y": 1047.0}, {"x": 433.0, "y": 1077.0}, {"x": 241.0, "y": 1077.0}]}, "description": " Application Label:"}, {"boundingPoly": {"vertices": [{"x": 303.0, "y": 1084.0}, {"x": 380.0, "y": 1084.0}, {"x": 380.0, "y": 1107.0}, {"x": 303.0, "y": 1107.0}]}, "description": " CONTACT"}, {"boundingPoly": {"vertices": [{"x": 293.0, "y": 1117.0}, {"x": 461.0, "y": 1117.0}, {"x": 461.0, "y": 1141.0}, {"x": 293.0, "y": 1141.0}]}, "description": " A000000025010801"}, {"boundingPoly": {"vertices": [{"x": 328.0, "y": 948.0}, {"x": 491.0, "y": 945.0}, {"x": 492.0, "y": 963.0}, {"x": 329.0, "y": 966.0}]}, "description": "*********** 5002"}, {"boundingPoly": {"vertices": [{"x": 244.0, "y": 967.0}, {"x": 375.0, "y": 967.0}, {"x": 375.0, "y": 994.0}, {"x": 244.0, "y": 994.0}]}, "description": " Card Holder:"}, {"boundingPoly": {"vertices": [{"x": 338.0, "y": 1000.0}, {"x": 394.0, "y": 1000.0}, {"x": 394.0, "y": 1020.0}, {"x": 338.0, "y": 1020.0}]}, "description": " 60762"}, {"boundingPoly": {"vertices": [{"x": 358.0, "y": 982.0}, {"x": 419.0, "y": 982.0}, {"x": 419.0, "y": 1003.0}, {"x": 358.0, "y": 1003.0}]}, "description": " 886437"}, {"boundingPoly": {"vertices": [{"x": 418.0, "y": 1010.0}, {"x": 481.0, "y": 1010.0}, {"x": 481.0, "y": 1033.0}, {"x": 418.0, "y": 1033.0}]}, "description": " $24.72"}, {"boundingPoly": {"vertices": [{"x": 242.0, "y": 1003.0}, {"x": 334.0, "y": 1003.0}, {"x": 334.0, "y": 1026.0}, {"x": 242.0, "y": 1026.0}]}, "description": " CTroutd:"}, {"boundingPoly": {"vertices": [{"x": 437.0, "y": 1047.0}, {"x": 522.0, "y": 1047.0}, {"x": 522.0, "y": 1068.0}, {"x": 437.0, "y": 1068.0}]}, "description": " AMERICAN"}, {"boundingPoly": {"vertices": [{"x": 240.0, "y": 1075.0}, {"x": 320.0, "y": 1072.0}, {"x": 320.0, "y": 1088.0}, {"x": 241.0, "y": 1092.0}]}, "description": "EXPRESS"}, {"boundingPoly": {"vertices": [{"x": 241.0, "y": 1090.0}, {"x": 300.0, "y": 1090.0}, {"x": 300.0, "y": 1111.0}, {"x": 241.0, "y": 1111.0}]}, "description": " Type:"}, {"boundingPoly": {"vertices": [{"x": 240.0, "y": 1107.0}, {"x": 290.0, "y": 1107.0}, {"x": 290.0, "y": 1127.0}, {"x": 240.0, "y": 1127.0}]}, "description": " CVM:"}, {"boundingPoly": {"vertices": [{"x": 242.0, "y": 1125.0}, {"x": 290.0, "y": 1125.0}, {"x": 290.0, "y": 1144.0}, {"x": 242.0, "y": 1144.0}]}, "description": " AID:"}, {"boundingPoly": {"vertices": [{"x": 293.0, "y": 1104.0}, {"x": 356.0, "y": 1104.0}, {"x": 356.0, "y": 1125.0}, {"x": 293.0, "y": 1125.0}]}, "description": " 410302"}, {"boundingPoly": {"vertices": [{"x": 290.0, "y": 1139.0}, {"x": 400.0, "y": 1136.0}, {"x": 400.0, "y": 1152.0}, {"x": 290.0, "y": 1154.0}]}, "description": "0000008000"}]}