{"textAnnotations": [{"boundingPoly": {"vertices": [{"x": 672.0, "y": 258.0}, {"x": 910.0, "y": 263.0}, {"x": 909.0, "y": 299.0}, {"x": 671.0, "y": 293.0}]}, "description": "merchant name"}, {"boundingPoly": {"vertices": [{"x": 700.0, "y": 300.0}, {"x": 881.0, "y": 305.0}, {"x": 880.0, "y": 333.0}, {"x": 699.0, "y": 328.0}]}, "description": "merchant address"}, {"boundingPoly": {"vertices": [{"x": 649.0, "y": 333.0}, {"x": 936.0, "y": 336.0}, {"x": 936.0, "y": 365.0}, {"x": 649.0, "y": 361.0}]}, "description": "merchant address"}, {"boundingPoly": {"vertices": [{"x": 711.0, "y": 369.0}, {"x": 872.0, "y": 371.0}, {"x": 871.0, "y": 398.0}, {"x": 711.0, "y": 396.0}]}, "description": "merchant phone"}, {"boundingPoly": {"vertices": [{"x": 639.0, "y": 432.0}, {"x": 797.0, "y": 432.0}, {"x": 797.0, "y": 477.0}, {"x": 639.0, "y": 477.0}]}, "description": " ORDER:"}, {"boundingPoly": {"vertices": [{"x": 499.0, "y": 484.0}, {"x": 679.0, "y": 484.0}, {"x": 679.0, "y": 512.0}, {"x": 499.0, "y": 511.0}]}, "description": "Cashier Sage"}, {"boundingPoly": {"vertices": [{"x": 502.0, "y": 514.0}, {"x": 778.0, "y": 514.0}, {"x": 778.0, "y": 542.0}, {"x": 502.0, "y": 542.0}]}, "description": " 12 Nov 2010 7:21:531"}, {"boundingPoly": {"vertices": [{"x": 498.0, "y": 549.0}, {"x": 654.0, "y": 549.0}, {"x": 654.0, "y": 573.0}, {"x": 498.0, "y": 573.0}]}, "description": " Transaction"}, {"boundingPoly": {"vertices": [{"x": 805.0, "y": 435.0}, {"x": 945.0, "y": 435.0}, {"x": 945.0, "y": 480.0}, {"x": 805.0, "y": 480.0}]}, "description": " Table 1"}, {"boundingPoly": {"vertices": [{"x": 657.0, "y": 549.0}, {"x": 754.0, "y": 549.0}, {"x": 754.0, "y": 574.0}, {"x": 657.0, "y": 574.0}]}, "description": " 400012"}, {"boundingPoly": {"vertices": [{"x": 540.0, "y": 598.0}, {"x": 741.0, "y": 600.0}, {"x": 741.0, "y": 623.0}, {"x": 540.0, "y": 621.0}]}, "description": "Pinot Noir 201"}, {"boundingPoly": {"vertices": [{"x": 539.0, "y": 628.0}, {"x": 666.0, "y": 628.0}, {"x": 666.0, "y": 650.0}, {"x": 539.0, "y": 650.0}]}, "description": "Sancette"}, {"boundingPoly": {"vertices": [{"x": 542.0, "y": 655.0}, {"x": 611.0, "y": 655.0}, {"x": 611.0, "y": 681.0}, {"x": 542.0, "y": 681.0}]}, "description": " Mol\u00e9"}, {"boundingPoly": {"vertices": [{"x": 539.0, "y": 687.0}, {"x": 630.0, "y": 687.0}, {"x": 630.0, "y": 714.0}, {"x": 539.0, "y": 714.0}]}, "description": " Crispy"}, {"boundingPoly": {"vertices": [{"x": 543.0, "y": 718.0}, {"x": 681.0, "y": 718.0}, {"x": 681.0, "y": 746.0}, {"x": 543.0, "y": 746.0}]}, "description": " Pinot Noir"}, {"boundingPoly": {"vertices": [{"x": 508.0, "y": 601.0}, {"x": 504.0, "y": 677.0}, {"x": 489.0, "y": 676.0}, {"x": 493.0, "y": 600.0}]}, "description": "---"}, {"boundingPoly": {"vertices": [{"x": 489.0, "y": 720.0}, {"x": 503.0, "y": 720.0}, {"x": 502.0, "y": 738.0}, {"x": 488.0, "y": 738.0}]}, "description": "1"}, {"boundingPoly": {"vertices": [{"x": 1008.0, "y": 604.0}, {"x": 1101.0, "y": 604.0}, {"x": 1101.0, "y": 627.0}, {"x": 1008.0, "y": 627.0}]}, "description": "$42.00"}, {"boundingPoly": {"vertices": [{"x": 1011.0, "y": 630.0}, {"x": 1107.0, "y": 630.0}, {"x": 1107.0, "y": 655.0}, {"x": 1011.0, "y": 655.0}]}, "description": "$15.00"}, {"boundingPoly": {"vertices": [{"x": 1012.0, "y": 661.0}, {"x": 1109.0, "y": 662.0}, {"x": 1108.0, "y": 686.0}, {"x": 1012.0, "y": 686.0}]}, "description": "$16.00"}, {"boundingPoly": {"vertices": [{"x": 1012.0, "y": 693.0}, {"x": 1110.0, "y": 694.0}, {"x": 1110.0, "y": 719.0}, {"x": 1011.0, "y": 718.0}]}, "description": "$18.00"}, {"boundingPoly": {"vertices": [{"x": 1013.0, "y": 726.0}, {"x": 1113.0, "y": 726.0}, {"x": 1113.0, "y": 753.0}, {"x": 1013.0, "y": 754.0}]}, "description": "$14.00"}, {"boundingPoly": {"vertices": [{"x": 615.0, "y": 655.0}, {"x": 729.0, "y": 655.0}, {"x": 729.0, "y": 683.0}, {"x": 615.0, "y": 683.0}]}, "description": " Chicken"}, {"boundingPoly": {"vertices": [{"x": 733.0, "y": 656.0}, {"x": 840.0, "y": 656.0}, {"x": 840.0, "y": 685.0}, {"x": 733.0, "y": 685.0}]}, "description": " Hachos"}, {"boundingPoly": {"vertices": [{"x": 634.0, "y": 687.0}, {"x": 771.0, "y": 687.0}, {"x": 771.0, "y": 715.0}, {"x": 634.0, "y": 715.0}]}, "description": " Flatbread"}, {"boundingPoly": {"vertices": [{"x": 686.0, "y": 720.0}, {"x": 763.0, "y": 720.0}, {"x": 763.0, "y": 747.0}, {"x": 686.0, "y": 747.0}]}, "description": " 2017"}, {"boundingPoly": {"vertices": [{"x": 487.0, "y": 774.0}, {"x": 605.0, "y": 776.0}, {"x": 605.0, "y": 792.0}, {"x": 487.0, "y": 790.0}]}, "description": "Subtotal"}, {"boundingPoly": {"vertices": [{"x": 1027.0, "y": 790.0}, {"x": 1118.0, "y": 792.0}, {"x": 1117.0, "y": 807.0}, {"x": 1027.0, "y": 804.0}]}, "description": "105.00"}, {"boundingPoly": {"vertices": [{"x": 1048.0, "y": 803.0}, {"x": 1125.0, "y": 804.0}, {"x": 1124.0, "y": 818.0}, {"x": 1048.0, "y": 816.0}]}, "description": "$9.37"}, {"boundingPoly": {"vertices": [{"x": 478.0, "y": 822.0}, {"x": 557.0, "y": 822.0}, {"x": 557.0, "y": 839.0}, {"x": 478.0, "y": 838.0}]}, "description": "Total"}, {"boundingPoly": {"vertices": [{"x": 471.0, "y": 851.0}, {"x": 782.0, "y": 857.0}, {"x": 781.0, "y": 875.0}, {"x": 471.0, "y": 868.0}]}, "description": "CREDIT CARD AUTHI"}, {"boundingPoly": {"vertices": [{"x": 575.0, "y": 876.0}, {"x": 653.0, "y": 876.0}, {"x": 653.0, "y": 899.0}, {"x": 575.0, "y": 899.0}]}, "description": " 3001"}, {"boundingPoly": {"vertices": [{"x": 1030.0, "y": 832.0}, {"x": 1143.0, "y": 833.0}, {"x": 1143.0, "y": 851.0}, {"x": 1030.0, "y": 851.0}]}, "description": "$114.32"}, {"boundingPoly": {"vertices": [{"x": 1039.0, "y": 861.0}, {"x": 1161.0, "y": 862.0}, {"x": 1161.0, "y": 884.0}, {"x": 1039.0, "y": 884.0}]}, "description": "$114.32"}, {"boundingPoly": {"vertices": [{"x": 467.0, "y": 872.0}, {"x": 563.0, "y": 872.0}, {"x": 563.0, "y": 894.0}, {"x": 467.0, "y": 894.0}]}, "description": " AMEX"}, {"boundingPoly": {"vertices": [{"x": 467.0, "y": 920.0}, {"x": 513.0, "y": 924.0}, {"x": 511.0, "y": 946.0}, {"x": 464.0, "y": 941.0}]}, "description": "Tip"}, {"boundingPoly": {"vertices": [{"x": 980.0, "y": 908.0}, {"x": 1190.0, "y": 912.0}, {"x": 1189.0, "y": 953.0}, {"x": 980.0, "y": 949.0}]}, "description": "$20.50"}, {"boundingPoly": {"vertices": [{"x": 975.0, "y": 963.0}, {"x": 1212.0, "y": 970.0}, {"x": 1210.0, "y": 1024.0}, {"x": 974.0, "y": 1020.0}]}, "description": "$134.90"}, {"boundingPoly": {"vertices": [{"x": 460.0, "y": 986.0}, {"x": 546.0, "y": 988.0}, {"x": 546.0, "y": 1020.0}, {"x": 460.0, "y": 1018.0}]}, "description": "Total"}, {"boundingPoly": {"vertices": [{"x": 498.0, "y": 1072.0}, {"x": 1137.0, "y": 1082.0}, {"x": 1136.0, "y": 1120.0}, {"x": 498.0, "y": 1109.0}]}, "description": "Retain this copy for statement validation"}, {"boundingPoly": {"vertices": [{"x": 448.0, "y": 1158.0}, {"x": 581.0, "y": 1158.0}, {"x": 581.0, "y": 1193.0}, {"x": 448.0, "y": 1193.0}]}, "description": " Station:"}, {"boundingPoly": {"vertices": [{"x": 456.0, "y": 1212.0}, {"x": 812.0, "y": 1212.0}, {"x": 812.0, "y": 1252.0}, {"x": 456.0, "y": 1252.0}]}, "description": " 12-Nov-2019 9:10.56P"}, {"boundingPoly": {"vertices": [{"x": 449.0, "y": 1293.0}, {"x": 1101.0, "y": 1272.0}, {"x": 1102.0, "y": 1304.0}, {"x": 450.0, "y": 1328.0}]}, "description": "AMERICAN EXPRESS XXXXXXXXXXXX3001"}, {"boundingPoly": {"vertices": [{"x": 447.0, "y": 1376.0}, {"x": 1056.0, "y": 1348.0}, {"x": 1057.0, "y": 1379.0}, {"x": 449.0, "y": 1409.0}]}, "description": "Ref # 931700783Auth # 804958"}, {"boundingPoly": {"vertices": [{"x": 522.0, "y": 1438.0}, {"x": 863.0, "y": 1438.0}, {"x": 863.0, "y": 1495.0}, {"x": 522.0, "y": 1495.0}]}, "description": " A000000025010801"}, {"boundingPoly": {"vertices": [{"x": 445.0, "y": 1553.0}, {"x": 804.0, "y": 1528.0}, {"x": 806.0, "y": 1566.0}, {"x": 448.0, "y": 1590.0}]}, "description": "SIGNATURE VERILILD"}, {"boundingPoly": {"vertices": [{"x": 587.0, "y": 1157.0}, {"x": 838.0, "y": 1157.0}, {"x": 838.0, "y": 1193.0}, {"x": 587.0, "y": 1193.0}]}, "description": " server station 1"}, {"boundingPoly": {"vertices": [{"x": 449.0, "y": 1254.0}, {"x": 820.0, "y": 1246.0}, {"x": 821.0, "y": 1279.0}, {"x": 450.0, "y": 1288.0}]}, "description": "$114.32 | Method 1 MV"}, {"boundingPoly": {"vertices": [{"x": 446.0, "y": 1420.0}, {"x": 721.0, "y": 1405.0}, {"x": 722.0, "y": 1436.0}, {"x": 448.0, "y": 1455.0}]}, "description": "MID. ******* 299"}, {"boundingPoly": {"vertices": [{"x": 447.0, "y": 1460.0}, {"x": 517.0, "y": 1460.0}, {"x": 517.0, "y": 1500.0}, {"x": 447.0, "y": 1500.0}]}, "description": " AID:"}, {"boundingPoly": {"vertices": [{"x": 450.0, "y": 1507.0}, {"x": 771.0, "y": 1488.0}, {"x": 773.0, "y": 1524.0}, {"x": 452.0, "y": 1544.0}]}, "description": "AthNtwkNm. AMLX"}, {"boundingPoly": {"vertices": [{"x": 604.0, "y": 1642.0}, {"x": 1040.0, "y": 1642.0}, {"x": 1040.0, "y": 1710.0}, {"x": 604.0, "y": 1710.0}]}, "description": " Online_blips://clover.com/p"}, {"boundingPoly": {"vertices": [{"x": 683.0, "y": 1709.0}, {"x": 979.0, "y": 1687.0}, {"x": 981.0, "y": 1724.0}, {"x": 686.0, "y": 1747.0}]}, "description": "/CSREV2LAS JWB2"}, {"boundingPoly": {"vertices": [{"x": 694.0, "y": 1879.0}, {"x": 982.0, "y": 1852.0}, {"x": 986.0, "y": 1890.0}, {"x": 698.0, "y": 1918.0}]}, "description": "CSBI V2TAGJWB2"}, {"boundingPoly": {"vertices": [{"x": 450.0, "y": 2034.0}, {"x": 856.0, "y": 1974.0}, {"x": 861.0, "y": 2011.0}, {"x": 456.0, "y": 2073.0}]}, "description": "Order 87TDY6900KDHG"}]}