{"textAnnotations": [{"boundingPoly": {"vertices": [{"x": 239.0, "y": 483.0}, {"x": 492.0, "y": 485.0}, {"x": 491.0, "y": 523.0}, {"x": 238.0, "y": 522.0}]}, "description": "merchant name"}, {"boundingPoly": {"vertices": [{"x": 205.0, "y": 534.0}, {"x": 597.0, "y": 539.0}, {"x": 597.0, "y": 580.0}, {"x": 205.0, "y": 574.0}]}, "description": "merchant address"}, {"boundingPoly": {"vertices": [{"x": 318.0, "y": 587.0}, {"x": 510.0, "y": 589.0}, {"x": 509.0, "y": 631.0}, {"x": 317.0, "y": 628.0}]}, "description": "merchant address"}, {"boundingPoly": {"vertices": [{"x": 280.0, "y": 635.0}, {"x": 550.0, "y": 638.0}, {"x": 550.0, "y": 680.0}, {"x": 279.0, "y": 678.0}]}, "description": "merchant phone"}, {"boundingPoly": {"vertices": [{"x": 1185.0, "y": 667.0}, {"x": 1381.0, "y": 667.0}, {"x": 1381.0, "y": 699.0}, {"x": 1185.0, "y": 700.0}]}, "description": "merchant name"}, {"boundingPoly": {"vertices": [{"x": 1124.0, "y": 706.0}, {"x": 1446.0, "y": 704.0}, {"x": 1447.0, "y": 737.0}, {"x": 1124.0, "y": 739.0}]}, "description": "merchant address"}, {"boundingPoly": {"vertices": [{"x": 1152.0, "y": 745.0}, {"x": 1415.0, "y": 744.0}, {"x": 1415.0, "y": 776.0}, {"x": 1152.0, "y": 777.0}]}, "description": "merchant address"}, {"boundingPoly": {"vertices": [{"x": 1185.0, "y": 784.0}, {"x": 1386.0, "y": 783.0}, {"x": 1386.0, "y": 816.0}, {"x": 1185.0, "y": 817.0}]}, "description": "merchant phone"}, {"boundingPoly": {"vertices": [{"x": 173.0, "y": 722.0}, {"x": 622.0, "y": 726.0}, {"x": 621.0, "y": 766.0}, {"x": 173.0, "y": 762.0}]}, "description": "*** PAYMENT RECEIPT ***"}, {"boundingPoly": {"vertices": [{"x": 144.0, "y": 801.0}, {"x": 306.0, "y": 801.0}, {"x": 306.0, "y": 845.0}, {"x": 144.0, "y": 845.0}]}, "description": "DINE IN*"}, {"boundingPoly": {"vertices": [{"x": 147.0, "y": 846.0}, {"x": 338.0, "y": 846.0}, {"x": 338.0, "y": 888.0}, {"x": 147.0, "y": 888.0}]}, "description": " erminal#:"}, {"boundingPoly": {"vertices": [{"x": 147.0, "y": 888.0}, {"x": 239.0, "y": 888.0}, {"x": 239.0, "y": 930.0}, {"x": 147.0, "y": 930.0}]}, "description": " HK#:"}, {"boundingPoly": {"vertices": [{"x": 148.0, "y": 935.0}, {"x": 276.0, "y": 935.0}, {"x": 276.0, "y": 979.0}, {"x": 148.0, "y": 979.0}]}, "description": " able#:"}, {"boundingPoly": {"vertices": [{"x": 344.0, "y": 843.0}, {"x": 424.0, "y": 843.0}, {"x": 424.0, "y": 888.0}, {"x": 344.0, "y": 888.0}]}, "description": " 1308"}, {"boundingPoly": {"vertices": [{"x": 246.0, "y": 889.0}, {"x": 360.0, "y": 889.0}, {"x": 360.0, "y": 929.0}, {"x": 246.0, "y": 929.0}]}, "description": " 133907"}, {"boundingPoly": {"vertices": [{"x": 1095.0, "y": 857.0}, {"x": 1454.0, "y": 854.0}, {"x": 1454.0, "y": 886.0}, {"x": 1095.0, "y": 889.0}]}, "description": "** REPRINT **"}, {"boundingPoly": {"vertices": [{"x": 1027.0, "y": 892.0}, {"x": 1230.0, "y": 892.0}, {"x": 1230.0, "y": 926.0}, {"x": 1027.0, "y": 926.0}]}, "description": " Terminal ID:"}, {"boundingPoly": {"vertices": [{"x": 1030.0, "y": 926.0}, {"x": 1163.0, "y": 926.0}, {"x": 1163.0, "y": 954.0}, {"x": 1031.0, "y": 955.0}]}, "description": "11/14/19"}, {"boundingPoly": {"vertices": [{"x": 1028.0, "y": 961.0}, {"x": 1437.0, "y": 959.0}, {"x": 1437.0, "y": 989.0}, {"x": 1028.0, "y": 992.0}]}, "description": "AMERICAN EXPRESS - INSERT"}, {"boundingPoly": {"vertices": [{"x": 1109.0, "y": 994.0}, {"x": 1376.0, "y": 994.0}, {"x": 1376.0, "y": 1025.0}, {"x": 1109.0, "y": 1025.0}]}, "description": " A000000025010801"}, {"boundingPoly": {"vertices": [{"x": 1033.0, "y": 1029.0}, {"x": 1154.0, "y": 1029.0}, {"x": 1154.0, "y": 1062.0}, {"x": 1033.0, "y": 1062.0}]}, "description": " ACCT #:"}, {"boundingPoly": {"vertices": [{"x": 1030.0, "y": 1065.0}, {"x": 1218.0, "y": 1065.0}, {"x": 1218.0, "y": 1098.0}, {"x": 1030.0, "y": 1098.0}]}, "description": "CREDIT SALE"}, {"boundingPoly": {"vertices": [{"x": 1114.0, "y": 1104.0}, {"x": 1321.0, "y": 1104.0}, {"x": 1321.0, "y": 1137.0}, {"x": 1114.0, "y": 1137.0}]}, "description": " 931813946555"}, {"boundingPoly": {"vertices": [{"x": 1036.0, "y": 1143.0}, {"x": 1175.0, "y": 1143.0}, {"x": 1175.0, "y": 1174.0}, {"x": 1036.0, "y": 1174.0}]}, "description": " BATCH #:"}, {"boundingPoly": {"vertices": [{"x": 1033.0, "y": 1180.0}, {"x": 1139.0, "y": 1179.0}, {"x": 1140.0, "y": 1211.0}, {"x": 1033.0, "y": 1212.0}]}, "description": "AMOUNT"}, {"boundingPoly": {"vertices": [{"x": 1236.0, "y": 893.0}, {"x": 1374.0, "y": 893.0}, {"x": 1374.0, "y": 920.0}, {"x": 1236.0, "y": 920.0}]}, "description": " ***** 237"}, {"boundingPoly": {"vertices": [{"x": 1484.0, "y": 893.0}, {"x": 1554.0, "y": 893.0}, {"x": 1554.0, "y": 915.0}, {"x": 1484.0, "y": 915.0}]}, "description": "*** 8"}, {"boundingPoly": {"vertices": [{"x": 1425.0, "y": 923.0}, {"x": 1558.0, "y": 923.0}, {"x": 1558.0, "y": 953.0}, {"x": 1425.0, "y": 953.0}]}, "description": " 12:26 PM"}, {"boundingPoly": {"vertices": [{"x": 284.0, "y": 936.0}, {"x": 325.0, "y": 936.0}, {"x": 325.0, "y": 985.0}, {"x": 284.0, "y": 985.0}]}, "description": " []"}, {"boundingPoly": {"vertices": [{"x": 280.0, "y": 1020.0}, {"x": 483.0, "y": 1020.0}, {"x": 483.0, "y": 1057.0}, {"x": 280.0, "y": 1057.0}]}, "description": " Gisselle L"}, {"boundingPoly": {"vertices": [{"x": 302.0, "y": 1057.0}, {"x": 659.0, "y": 1057.0}, {"x": 659.0, "y": 1100.0}, {"x": 302.0, "y": 1100.0}]}, "description": " 11/14/19, 12:26 PM"}, {"boundingPoly": {"vertices": [{"x": 146.0, "y": 973.0}, {"x": 281.0, "y": 973.0}, {"x": 281.0, "y": 1017.0}, {"x": 146.0, "y": 1017.0}]}, "description": " uests:"}, {"boundingPoly": {"vertices": [{"x": 288.0, "y": 970.0}, {"x": 314.0, "y": 970.0}, {"x": 314.0, "y": 1013.0}, {"x": 288.0, "y": 1013.0}]}, "description": " 1"}, {"boundingPoly": {"vertices": [{"x": 150.0, "y": 1021.0}, {"x": 274.0, "y": 1021.0}, {"x": 274.0, "y": 1058.0}, {"x": 150.0, "y": 1058.0}]}, "description": " erver:"}, {"boundingPoly": {"vertices": [{"x": 145.0, "y": 1060.0}, {"x": 295.0, "y": 1060.0}, {"x": 295.0, "y": 1100.0}, {"x": 145.0, "y": 1100.0}]}, "description": " rinted:"}, {"boundingPoly": {"vertices": [{"x": 1032.0, "y": 997.0}, {"x": 1105.0, "y": 997.0}, {"x": 1105.0, "y": 1025.0}, {"x": 1032.0, "y": 1025.0}]}, "description": " AID:"}, {"boundingPoly": {"vertices": [{"x": 1160.0, "y": 1029.0}, {"x": 1416.0, "y": 1029.0}, {"x": 1416.0, "y": 1059.0}, {"x": 1160.0, "y": 1059.0}]}, "description": " *********** 1006"}, {"boundingPoly": {"vertices": [{"x": 1031.0, "y": 1106.0}, {"x": 1108.0, "y": 1106.0}, {"x": 1108.0, "y": 1138.0}, {"x": 1031.0, "y": 1138.0}]}, "description": " UID:"}, {"boundingPoly": {"vertices": [{"x": 1376.0, "y": 1104.0}, {"x": 1485.0, "y": 1104.0}, {"x": 1485.0, "y": 1136.0}, {"x": 1376.0, "y": 1136.0}]}, "description": " REF #:"}, {"boundingPoly": {"vertices": [{"x": 1331.0, "y": 1142.0}, {"x": 1455.0, "y": 1142.0}, {"x": 1455.0, "y": 1172.0}, {"x": 1331.0, "y": 1172.0}]}, "description": " AUTH #:"}, {"boundingPoly": {"vertices": [{"x": 1490.0, "y": 1104.0}, {"x": 1563.0, "y": 1104.0}, {"x": 1563.0, "y": 1136.0}, {"x": 1490.0, "y": 1136.0}]}, "description": " 8248"}, {"boundingPoly": {"vertices": [{"x": 1459.0, "y": 1142.0}, {"x": 1561.0, "y": 1142.0}, {"x": 1561.0, "y": 1172.0}, {"x": 1459.0, "y": 1172.0}]}, "description": " 880224"}, {"boundingPoly": {"vertices": [{"x": 1463.0, "y": 1179.0}, {"x": 1560.0, "y": 1177.0}, {"x": 1561.0, "y": 1209.0}, {"x": 1463.0, "y": 1211.0}]}, "description": "$17.93"}, {"boundingPoly": {"vertices": [{"x": 1320.0, "y": 1234.0}, {"x": 1481.0, "y": 1231.0}, {"x": 1482.0, "y": 1296.0}, {"x": 1321.0, "y": 1297.0}]}, "description": "15 3"}, {"boundingPoly": {"vertices": [{"x": 1322.0, "y": 1310.0}, {"x": 1607.0, "y": 1299.0}, {"x": 1608.0, "y": 1356.0}, {"x": 1325.0, "y": 1368.0}]}, "description": "5 $ 20193"}, {"boundingPoly": {"vertices": [{"x": 1180.0, "y": 1143.0}, {"x": 1234.0, "y": 1143.0}, {"x": 1234.0, "y": 1174.0}, {"x": 1180.0, "y": 1174.0}]}, "description": " 439"}, {"boundingPoly": {"vertices": [{"x": 131.0, "y": 1284.0}, {"x": 208.0, "y": 1285.0}, {"x": 207.0, "y": 1319.0}, {"x": 132.0, "y": 1317.0}]}, "description": "TEM"}, {"boundingPoly": {"vertices": [{"x": 656.0, "y": 1273.0}, {"x": 721.0, "y": 1276.0}, {"x": 720.0, "y": 1314.0}, {"x": 657.0, "y": 1314.0}]}, "description": "SUB"}, {"boundingPoly": {"vertices": [{"x": 607.0, "y": 1335.0}, {"x": 721.0, "y": 1337.0}, {"x": 719.0, "y": 1386.0}, {"x": 606.0, "y": 1381.0}]}, "description": "4.99"}, {"boundingPoly": {"vertices": [{"x": 430.0, "y": 1280.0}, {"x": 498.0, "y": 1281.0}, {"x": 496.0, "y": 1316.0}, {"x": 427.0, "y": 1316.0}]}, "description": "QTY"}, {"boundingPoly": {"vertices": [{"x": 1040.0, "y": 1251.0}, {"x": 1088.0, "y": 1251.0}, {"x": 1087.0, "y": 1286.0}, {"x": 1039.0, "y": 1285.0}]}, "description": "TIP"}, {"boundingPoly": {"vertices": [{"x": 130.0, "y": 1355.0}, {"x": 344.0, "y": 1354.0}, {"x": 344.0, "y": 1398.0}, {"x": 130.0, "y": 1399.0}]}, "description": "Reg Veggie"}, {"boundingPoly": {"vertices": [{"x": 135.0, "y": 1406.0}, {"x": 199.0, "y": 1403.0}, {"x": 200.0, "y": 1438.0}, {"x": 135.0, "y": 1439.0}]}, "description": "owl"}, {"boundingPoly": {"vertices": [{"x": 132.0, "y": 1448.0}, {"x": 401.0, "y": 1446.0}, {"x": 402.0, "y": 1487.0}, {"x": 133.0, "y": 1490.0}]}, "description": "mall Fountain"}, {"boundingPoly": {"vertices": [{"x": 133.0, "y": 1493.0}, {"x": 216.0, "y": 1493.0}, {"x": 216.0, "y": 1531.0}, {"x": 133.0, "y": 1531.0}]}, "description": "rink"}, {"boundingPoly": {"vertices": [{"x": 131.0, "y": 1545.0}, {"x": 338.0, "y": 1538.0}, {"x": 339.0, "y": 1582.0}, {"x": 131.0, "y": 1588.0}]}, "description": "eg Wht Chk"}, {"boundingPoly": {"vertices": [{"x": 132.0, "y": 1600.0}, {"x": 360.0, "y": 1599.0}, {"x": 360.0, "y": 1639.0}, {"x": 132.0, "y": 1642.0}]}, "description": "- Add Spicy"}, {"boundingPoly": {"vertices": [{"x": 160.0, "y": 1648.0}, {"x": 349.0, "y": 1645.0}, {"x": 350.0, "y": 1671.0}, {"x": 160.0, "y": 1674.0}]}, "description": "------"}, {"boundingPoly": {"vertices": [{"x": 340.0, "y": 1679.0}, {"x": 482.0, "y": 1679.0}, {"x": 482.0, "y": 1722.0}, {"x": 340.0, "y": 1722.0}]}, "description": "Total $"}, {"boundingPoly": {"vertices": [{"x": 385.0, "y": 1734.0}, {"x": 486.0, "y": 1733.0}, {"x": 487.0, "y": 1771.0}, {"x": 386.0, "y": 1772.0}]}, "description": "Tax $"}, {"boundingPoly": {"vertices": [{"x": 1038.0, "y": 1329.0}, {"x": 1125.0, "y": 1330.0}, {"x": 1125.0, "y": 1360.0}, {"x": 1038.0, "y": 1360.0}]}, "description": "TOTAL"}, {"boundingPoly": {"vertices": [{"x": 1175.0, "y": 1368.0}, {"x": 1442.0, "y": 1365.0}, {"x": 1443.0, "y": 1402.0}, {"x": 1175.0, "y": 1406.0}]}, "description": "APPROVED"}, {"boundingPoly": {"vertices": [{"x": 484.0, "y": 1443.0}, {"x": 513.0, "y": 1442.0}, {"x": 512.0, "y": 1484.0}, {"x": 483.0, "y": 1485.0}]}, "description": "2"}, {"boundingPoly": {"vertices": [{"x": 632.0, "y": 1437.0}, {"x": 716.0, "y": 1438.0}, {"x": 717.0, "y": 1479.0}, {"x": 633.0, "y": 1478.0}]}, "description": "3.78"}, {"boundingPoly": {"vertices": [{"x": 1107.0, "y": 1442.0}, {"x": 1499.0, "y": 1437.0}, {"x": 1499.0, "y": 1470.0}, {"x": 1108.0, "y": 1478.0}]}, "description": "ARQC - DB53EEE 1BC3173A6"}, {"boundingPoly": {"vertices": [{"x": 1193.0, "y": 1481.0}, {"x": 1413.0, "y": 1475.0}, {"x": 1414.0, "y": 1511.0}, {"x": 1194.0, "y": 1516.0}]}, "description": "CUSTOMER COPY"}, {"boundingPoly": {"vertices": [{"x": 633.0, "y": 1532.0}, {"x": 715.0, "y": 1532.0}, {"x": 716.0, "y": 1576.0}, {"x": 634.0, "y": 1578.0}]}, "description": "7.49"}, {"boundingPoly": {"vertices": [{"x": 637.0, "y": 1587.0}, {"x": 715.0, "y": 1588.0}, {"x": 715.0, "y": 1629.0}, {"x": 637.0, "y": 1628.0}]}, "description": "0.25"}, {"boundingPoly": {"vertices": [{"x": 609.0, "y": 1638.0}, {"x": 711.0, "y": 1637.0}, {"x": 712.0, "y": 1667.0}, {"x": 609.0, "y": 1667.0}]}, "description": "---"}, {"boundingPoly": {"vertices": [{"x": 616.0, "y": 1674.0}, {"x": 715.0, "y": 1673.0}, {"x": 715.0, "y": 1716.0}, {"x": 615.0, "y": 1718.0}]}, "description": "16.51"}, {"boundingPoly": {"vertices": [{"x": 636.0, "y": 1728.0}, {"x": 716.0, "y": 1728.0}, {"x": 717.0, "y": 1769.0}, {"x": 636.0, "y": 1769.0}]}, "description": "1.42"}, {"boundingPoly": {"vertices": [{"x": 487.0, "y": 1597.0}, {"x": 510.0, "y": 1598.0}, {"x": 509.0, "y": 1624.0}, {"x": 487.0, "y": 1623.0}]}, "description": "1"}, {"boundingPoly": {"vertices": [{"x": 468.0, "y": 1645.0}, {"x": 510.0, "y": 1641.0}, {"x": 511.0, "y": 1663.0}, {"x": 469.0, "y": 1666.0}]}, "description": "-"}, {"boundingPoly": {"vertices": [{"x": 225.0, "y": 1823.0}, {"x": 467.0, "y": 1822.0}, {"x": 468.0, "y": 1863.0}, {"x": 225.0, "y": 1865.0}]}, "description": "Net Amount $"}, {"boundingPoly": {"vertices": [{"x": 194.0, "y": 1871.0}, {"x": 464.0, "y": 1868.0}, {"x": 464.0, "y": 1913.0}, {"x": 194.0, "y": 1917.0}]}, "description": "Paid Amount $"}, {"boundingPoly": {"vertices": [{"x": 222.0, "y": 1921.0}, {"x": 468.0, "y": 1921.0}, {"x": 468.0, "y": 1965.0}, {"x": 222.0, "y": 1964.0}]}, "description": "Due Amount $"}, {"boundingPoly": {"vertices": [{"x": 224.0, "y": 1972.0}, {"x": 470.0, "y": 1971.0}, {"x": 470.0, "y": 2017.0}, {"x": 224.0, "y": 2017.0}]}, "description": "Change Due $"}, {"boundingPoly": {"vertices": [{"x": 619.0, "y": 1812.0}, {"x": 718.0, "y": 1815.0}, {"x": 717.0, "y": 1855.0}, {"x": 619.0, "y": 1857.0}]}, "description": "17.93"}, {"boundingPoly": {"vertices": [{"x": 618.0, "y": 1867.0}, {"x": 713.0, "y": 1865.0}, {"x": 714.0, "y": 1910.0}, {"x": 619.0, "y": 1912.0}]}, "description": "17.93"}, {"boundingPoly": {"vertices": [{"x": 635.0, "y": 1918.0}, {"x": 717.0, "y": 1918.0}, {"x": 718.0, "y": 1959.0}, {"x": 637.0, "y": 1960.0}]}, "description": "0.00"}, {"boundingPoly": {"vertices": [{"x": 634.0, "y": 1969.0}, {"x": 721.0, "y": 1970.0}, {"x": 721.0, "y": 2011.0}, {"x": 635.0, "y": 2011.0}]}, "description": "0.00"}, {"boundingPoly": {"vertices": [{"x": 121.0, "y": 2114.0}, {"x": 634.0, "y": 2108.0}, {"x": 635.0, "y": 2155.0}, {"x": 122.0, "y": 2164.0}]}, "description": "Thank you for dining with"}, {"boundingPoly": {"vertices": [{"x": 383.0, "y": 2162.0}, {"x": 443.0, "y": 2161.0}, {"x": 443.0, "y": 2194.0}, {"x": 384.0, "y": 2195.0}]}, "description": "us!"}]}