{"textAnnotations": [{"boundingPoly": {"vertices": [{"x": 47.0, "y": 69.0}, {"x": 179.0, "y": 61.0}, {"x": 180.0, "y": 72.0}, {"x": 47.0, "y": 80.0}]}, "description": "merchant address"}, {"boundingPoly": {"vertices": [{"x": 79.0, "y": 88.0}, {"x": 147.0, "y": 85.0}, {"x": 147.0, "y": 94.0}, {"x": 80.0, "y": 97.0}]}, "description": "beaubourgnyc.com"}, {"boundingPoly": {"vertices": [{"x": 57.0, "y": 108.0}, {"x": 173.0, "y": 102.0}, {"x": 174.0, "y": 112.0}, {"x": 57.0, "y": 119.0}]}, "description": "Suggested Gratuity 18% - 20%"}, {"boundingPoly": {"vertices": [{"x": 33.0, "y": 129.0}, {"x": 75.0, "y": 127.0}, {"x": 76.0, "y": 137.0}, {"x": 34.0, "y": 138.0}]}, "description": "10235 Alex"}, {"boundingPoly": {"vertices": [{"x": 76.0, "y": 77.0}, {"x": 94.0, "y": 77.0}, {"x": 94.0, "y": 88.0}, {"x": 76.0, "y": 88.0}]}, "description": " Tel:"}, {"boundingPoly": {"vertices": [{"x": 76.0, "y": 98.0}, {"x": 152.0, "y": 94.0}, {"x": 153.0, "y": 103.0}, {"x": 76.0, "y": 108.0}]}, "description": "www.ledistrict.com"}, {"boundingPoly": {"vertices": [{"x": 95.0, "y": 74.0}, {"x": 147.0, "y": 74.0}, {"x": 147.0, "y": 87.0}, {"x": 95.0, "y": 87.0}]}, "description": "merchant phone"}, {"boundingPoly": {"vertices": [{"x": 94.0, "y": 147.0}, {"x": 134.0, "y": 145.0}, {"x": 135.0, "y": 155.0}, {"x": 94.0, "y": 157.0}]}, "description": "CHK 16235"}, {"boundingPoly": {"vertices": [{"x": 77.0, "y": 155.0}, {"x": 155.0, "y": 155.0}, {"x": 155.0, "y": 168.0}, {"x": 77.0, "y": 168.0}]}, "description": " 12/11/2019 11:40 AM"}, {"boundingPoly": {"vertices": [{"x": 39.0, "y": 179.0}, {"x": 85.0, "y": 178.0}, {"x": 85.0, "y": 187.0}, {"x": 39.0, "y": 189.0}]}, "description": "1 Croissant"}, {"boundingPoly": {"vertices": [{"x": 82.0, "y": 187.0}, {"x": 114.0, "y": 187.0}, {"x": 114.0, "y": 197.0}, {"x": 82.0, "y": 197.0}]}, "description": " Berries"}, {"boundingPoly": {"vertices": [{"x": 157.0, "y": 176.0}, {"x": 176.0, "y": 176.0}, {"x": 176.0, "y": 185.0}, {"x": 157.0, "y": 185.0}]}, "description": "3.75"}, {"boundingPoly": {"vertices": [{"x": 155.0, "y": 186.0}, {"x": 176.0, "y": 186.0}, {"x": 176.0, "y": 195.0}, {"x": 154.0, "y": 195.0}]}, "description": "10.87"}, {"boundingPoly": {"vertices": [{"x": 149.0, "y": 197.0}, {"x": 177.0, "y": 197.0}, {"x": 177.0, "y": 206.0}, {"x": 149.0, "y": 206.0}]}, "description": "$15.92"}, {"boundingPoly": {"vertices": [{"x": 40.0, "y": 188.0}, {"x": 80.0, "y": 188.0}, {"x": 80.0, "y": 198.0}, {"x": 40.0, "y": 198.0}]}, "description": " 1 LD Mixed"}, {"boundingPoly": {"vertices": [{"x": 47.0, "y": 198.0}, {"x": 66.0, "y": 198.0}, {"x": 66.0, "y": 206.0}, {"x": 47.0, "y": 206.0}]}, "description": "AMEX"}, {"boundingPoly": {"vertices": [{"x": 47.0, "y": 207.0}, {"x": 110.0, "y": 207.0}, {"x": 110.0, "y": 217.0}, {"x": 47.0, "y": 218.0}]}, "description": "*********** 2005"}, {"boundingPoly": {"vertices": [{"x": 47.0, "y": 229.0}, {"x": 63.0, "y": 229.0}, {"x": 62.0, "y": 239.0}, {"x": 47.0, "y": 238.0}]}, "description": "FOOD"}, {"boundingPoly": {"vertices": [{"x": 47.0, "y": 240.0}, {"x": 62.0, "y": 240.0}, {"x": 61.0, "y": 248.0}, {"x": 47.0, "y": 248.0}]}, "description": "TAX"}, {"boundingPoly": {"vertices": [{"x": 46.0, "y": 250.0}, {"x": 76.0, "y": 250.0}, {"x": 76.0, "y": 259.0}, {"x": 46.0, "y": 259.0}]}, "description": "PAYMENT"}, {"boundingPoly": {"vertices": [{"x": 34.0, "y": 261.0}, {"x": 86.0, "y": 261.0}, {"x": 86.0, "y": 271.0}, {"x": 34.0, "y": 271.0}]}, "description": " Change"}, {"boundingPoly": {"vertices": [{"x": 150.0, "y": 227.0}, {"x": 178.0, "y": 227.0}, {"x": 177.0, "y": 237.0}, {"x": 150.0, "y": 237.0}]}, "description": "$14.62"}, {"boundingPoly": {"vertices": [{"x": 153.0, "y": 237.0}, {"x": 178.0, "y": 237.0}, {"x": 178.0, "y": 247.0}, {"x": 154.0, "y": 247.0}]}, "description": "$1.30"}, {"boundingPoly": {"vertices": [{"x": 152.0, "y": 248.0}, {"x": 177.0, "y": 247.0}, {"x": 177.0, "y": 258.0}, {"x": 152.0, "y": 258.0}]}, "description": "$15.92"}, {"boundingPoly": {"vertices": [{"x": 160.0, "y": 258.0}, {"x": 204.0, "y": 258.0}, {"x": 204.0, "y": 268.0}, {"x": 160.0, "y": 269.0}]}, "description": "$0.00"}, {"boundingPoly": {"vertices": [{"x": 92.0, "y": 260.0}, {"x": 119.0, "y": 260.0}, {"x": 119.0, "y": 271.0}, {"x": 92.0, "y": 271.0}]}, "description": " Due"}, {"boundingPoly": {"vertices": [{"x": 81.0, "y": 280.0}, {"x": 90.0, "y": 280.0}, {"x": 90.0, "y": 291.0}, {"x": 81.0, "y": 291.0}]}, "description": " --"}, {"boundingPoly": {"vertices": [{"x": 78.0, "y": 290.0}, {"x": 159.0, "y": 290.0}, {"x": 159.0, "y": 302.0}, {"x": 78.0, "y": 302.0}]}, "description": " 12/11/2019 11:41 AM"}, {"boundingPoly": {"vertices": [{"x": 92.0, "y": 280.0}, {"x": 148.0, "y": 280.0}, {"x": 148.0, "y": 291.0}, {"x": 92.0, "y": 291.0}]}, "description": " Check Closed"}]}