{"textAnnotations": [{"boundingPoly": {"vertices": [{"x": 385.0, "y": 82.0}, {"x": 380.0, "y": 227.0}, {"x": 369.0, "y": 227.0}, {"x": 373.0, "y": 81.0}]}, "description": "PLEASE TURN THIS OVERI"}, {"boundingPoly": {"vertices": [{"x": 380.0, "y": 252.0}, {"x": 377.0, "y": 400.0}, {"x": 364.0, "y": 400.0}, {"x": 367.0, "y": 252.0}]}, "description": "PLEASE TURN THIS OVER!"}, {"boundingPoly": {"vertices": [{"x": 376.0, "y": 430.0}, {"x": 374.0, "y": 572.0}, {"x": 362.0, "y": 572.0}, {"x": 363.0, "y": 430.0}]}, "description": "PLEASE TURN THIS OVERI"}, {"boundingPoly": {"vertices": [{"x": 375.0, "y": 606.0}, {"x": 370.0, "y": 770.0}, {"x": 357.0, "y": 769.0}, {"x": 361.0, "y": 606.0}]}, "description": "PLEASE TURN THIS OVERL"}, {"boundingPoly": {"vertices": [{"x": 369.0, "y": 781.0}, {"x": 357.0, "y": 949.0}, {"x": 345.0, "y": 948.0}, {"x": 357.0, "y": 780.0}]}, "description": "PLEASE TURN THIS OVER!"}, {"boundingPoly": {"vertices": [{"x": 355.0, "y": 988.0}, {"x": 351.0, "y": 1051.0}, {"x": 339.0, "y": 1051.0}, {"x": 343.0, "y": 988.0}]}, "description": "PLEASE T"}, {"boundingPoly": {"vertices": [{"x": 135.0, "y": 108.0}, {"x": 368.0, "y": 102.0}, {"x": 369.0, "y": 145.0}, {"x": 137.0, "y": 153.0}]}, "description": "hunch travelial"}, {"boundingPoly": {"vertices": [{"x": 196.0, "y": 163.0}, {"x": 272.0, "y": 160.0}, {"x": 273.0, "y": 179.0}, {"x": 196.0, "y": 182.0}]}, "description": "merchant name"}, {"boundingPoly": {"vertices": [{"x": 178.0, "y": 190.0}, {"x": 296.0, "y": 190.0}, {"x": 296.0, "y": 219.0}, {"x": 178.0, "y": 218.0}]}, "description": "merchant address"}, {"boundingPoly": {"vertices": [{"x": 172.0, "y": 176.0}, {"x": 296.0, "y": 176.0}, {"x": 296.0, "y": 205.0}, {"x": 172.0, "y": 204.0}]}, "description": "merchant address"}, {"boundingPoly": {"vertices": [{"x": 212.0, "y": 208.0}, {"x": 291.0, "y": 208.0}, {"x": 291.0, "y": 234.0}, {"x": 212.0, "y": 234.0}]}, "description": "merchant phone"}, {"boundingPoly": {"vertices": [{"x": 149.0, "y": 242.0}, {"x": 242.0, "y": 242.0}, {"x": 242.0, "y": 279.0}, {"x": 149.0, "y": 279.0}]}, "description": " Store#:"}, {"boundingPoly": {"vertices": [{"x": 134.0, "y": 301.0}, {"x": 327.0, "y": 304.0}, {"x": 326.0, "y": 332.0}, {"x": 134.0, "y": 325.0}]}, "description": "Welcome to Union Station McCaf\u00e9"}, {"boundingPoly": {"vertices": [{"x": 194.0, "y": 350.0}, {"x": 299.0, "y": 357.0}, {"x": 293.0, "y": 446.0}, {"x": 185.0, "y": 442.0}]}, "description": "235"}, {"boundingPoly": {"vertices": [{"x": 208.0, "y": 479.0}, {"x": 346.0, "y": 479.0}, {"x": 346.0, "y": 506.0}, {"x": 208.0, "y": 506.0}]}, "description": " 11/20/2019 12:29:00 PM"}, {"boundingPoly": {"vertices": [{"x": 311.0, "y": 520.0}, {"x": 344.0, "y": 521.0}, {"x": 344.0, "y": 535.0}, {"x": 312.0, "y": 535.0}]}, "description": "TOTAL"}, {"boundingPoly": {"vertices": [{"x": 317.0, "y": 536.0}, {"x": 344.0, "y": 537.0}, {"x": 344.0, "y": 552.0}, {"x": 317.0, "y": 552.0}]}, "description": "7.39"}, {"boundingPoly": {"vertices": [{"x": 317.0, "y": 554.0}, {"x": 344.0, "y": 554.0}, {"x": 344.0, "y": 569.0}, {"x": 317.0, "y": 569.0}]}, "description": "0.00"}, {"boundingPoly": {"vertices": [{"x": 178.0, "y": 209.0}, {"x": 209.0, "y": 209.0}, {"x": 209.0, "y": 232.0}, {"x": 178.0, "y": 232.0}]}, "description": " Tel#:"}, {"boundingPoly": {"vertices": [{"x": 246.0, "y": 242.0}, {"x": 312.0, "y": 242.0}, {"x": 312.0, "y": 278.0}, {"x": 246.0, "y": 278.0}]}, "description": " 40568"}, {"boundingPoly": {"vertices": [{"x": 127.0, "y": 264.0}, {"x": 217.0, "y": 264.0}, {"x": 217.0, "y": 303.0}, {"x": 127.0, "y": 303.0}]}, "description": " TRANS#:"}, {"boundingPoly": {"vertices": [{"x": 222.0, "y": 264.0}, {"x": 345.0, "y": 264.0}, {"x": 345.0, "y": 305.0}, {"x": 222.0, "y": 305.0}]}, "description": " ILNgVOLLXP"}, {"boundingPoly": {"vertices": [{"x": 102.0, "y": 494.0}, {"x": 136.0, "y": 490.0}, {"x": 137.0, "y": 505.0}, {"x": 103.0, "y": 509.0}]}, "description": "KS# 2"}, {"boundingPoly": {"vertices": [{"x": 100.0, "y": 528.0}, {"x": 153.0, "y": 521.0}, {"x": 155.0, "y": 536.0}, {"x": 101.0, "y": 544.0}]}, "description": "QTY ITEM"}, {"boundingPoly": {"vertices": [{"x": 112.0, "y": 562.0}, {"x": 212.0, "y": 551.0}, {"x": 214.0, "y": 566.0}, {"x": 113.0, "y": 578.0}]}, "description": "1 Order Complete"}, {"boundingPoly": {"vertices": [{"x": 96.0, "y": 598.0}, {"x": 147.0, "y": 595.0}, {"x": 148.0, "y": 610.0}, {"x": 97.0, "y": 613.0}]}, "description": "Subtotal"}, {"boundingPoly": {"vertices": [{"x": 95.0, "y": 615.0}, {"x": 118.0, "y": 614.0}, {"x": 119.0, "y": 627.0}, {"x": 95.0, "y": 628.0}]}, "description": "HST"}, {"boundingPoly": {"vertices": [{"x": 95.0, "y": 630.0}, {"x": 184.0, "y": 626.0}, {"x": 185.0, "y": 641.0}, {"x": 95.0, "y": 645.0}]}, "description": "Take-Out Total"}, {"boundingPoly": {"vertices": [{"x": 111.0, "y": 544.0}, {"x": 200.0, "y": 533.0}, {"x": 202.0, "y": 548.0}, {"x": 112.0, "y": 560.0}]}, "description": "1 Classic Club"}, {"boundingPoly": {"vertices": [{"x": 316.0, "y": 587.0}, {"x": 343.0, "y": 587.0}, {"x": 343.0, "y": 602.0}, {"x": 316.0, "y": 603.0}]}, "description": "7.39"}, {"boundingPoly": {"vertices": [{"x": 314.0, "y": 605.0}, {"x": 344.0, "y": 604.0}, {"x": 343.0, "y": 619.0}, {"x": 314.0, "y": 619.0}]}, "description": "0.96"}, {"boundingPoly": {"vertices": [{"x": 316.0, "y": 620.0}, {"x": 344.0, "y": 620.0}, {"x": 344.0, "y": 634.0}, {"x": 316.0, "y": 633.0}]}, "description": "8.35"}, {"boundingPoly": {"vertices": [{"x": 92.0, "y": 664.0}, {"x": 165.0, "y": 661.0}, {"x": 165.0, "y": 678.0}, {"x": 93.0, "y": 681.0}]}, "description": "CREDIT CARD"}, {"boundingPoly": {"vertices": [{"x": 93.0, "y": 685.0}, {"x": 133.0, "y": 685.0}, {"x": 133.0, "y": 699.0}, {"x": 93.0, "y": 700.0}]}, "description": "Change"}, {"boundingPoly": {"vertices": [{"x": 314.0, "y": 653.0}, {"x": 343.0, "y": 652.0}, {"x": 343.0, "y": 669.0}, {"x": 314.0, "y": 669.0}]}, "description": "8.35"}, {"boundingPoly": {"vertices": [{"x": 313.0, "y": 672.0}, {"x": 343.0, "y": 673.0}, {"x": 342.0, "y": 688.0}, {"x": 313.0, "y": 688.0}]}, "description": "0.00"}, {"boundingPoly": {"vertices": [{"x": 172.0, "y": 732.0}, {"x": 257.0, "y": 732.0}, {"x": 257.0, "y": 752.0}, {"x": 172.0, "y": 752.0}]}, "description": " HST:814470779"}, {"boundingPoly": {"vertices": [{"x": 87.0, "y": 775.0}, {"x": 338.0, "y": 760.0}, {"x": 339.0, "y": 771.0}, {"x": 88.0, "y": 788.0}]}, "description": "========= TRANSACTION RECORD =========="}, {"boundingPoly": {"vertices": [{"x": 110.0, "y": 798.0}, {"x": 174.0, "y": 798.0}, {"x": 174.0, "y": 817.0}, {"x": 110.0, "y": 817.0}]}, "description": " : PURCHASE"}, {"boundingPoly": {"vertices": [{"x": 116.0, "y": 825.0}, {"x": 146.0, "y": 825.0}, {"x": 146.0, "y": 842.0}, {"x": 116.0, "y": 842.0}]}, "description": " AMEX"}, {"boundingPoly": {"vertices": [{"x": 85.0, "y": 803.0}, {"x": 108.0, "y": 803.0}, {"x": 108.0, "y": 818.0}, {"x": 85.0, "y": 818.0}]}, "description": " TYPE"}, {"boundingPoly": {"vertices": [{"x": 78.0, "y": 828.0}, {"x": 113.0, "y": 828.0}, {"x": 113.0, "y": 844.0}, {"x": 78.0, "y": 844.0}]}, "description": " ACCT:"}, {"boundingPoly": {"vertices": [{"x": 260.0, "y": 825.0}, {"x": 270.0, "y": 826.0}, {"x": 270.0, "y": 839.0}, {"x": 260.0, "y": 838.0}]}, "description": "$"}, {"boundingPoly": {"vertices": [{"x": 293.0, "y": 823.0}, {"x": 322.0, "y": 824.0}, {"x": 322.0, "y": 839.0}, {"x": 292.0, "y": 839.0}]}, "description": "8.35"}, {"boundingPoly": {"vertices": [{"x": 74.0, "y": 882.0}, {"x": 156.0, "y": 882.0}, {"x": 156.0, "y": 900.0}, {"x": 74.0, "y": 900.0}]}, "description": " CARD NUMBER:"}, {"boundingPoly": {"vertices": [{"x": 75.0, "y": 900.0}, {"x": 148.0, "y": 900.0}, {"x": 148.0, "y": 919.0}, {"x": 75.0, "y": 919.0}]}, "description": " DATE/TIME:"}, {"boundingPoly": {"vertices": [{"x": 74.0, "y": 919.0}, {"x": 152.0, "y": 919.0}, {"x": 152.0, "y": 939.0}, {"x": 74.0, "y": 939.0}]}, "description": " REFERENCE #:"}, {"boundingPoly": {"vertices": [{"x": 75.0, "y": 939.0}, {"x": 146.0, "y": 939.0}, {"x": 146.0, "y": 957.0}, {"x": 75.0, "y": 957.0}]}, "description": " AUTHOR. #:"}, {"boundingPoly": {"vertices": [{"x": 75.0, "y": 959.0}, {"x": 126.0, "y": 959.0}, {"x": 126.0, "y": 975.0}, {"x": 75.0, "y": 975.0}]}, "description": " TRANS #:"}, {"boundingPoly": {"vertices": [{"x": 159.0, "y": 880.0}, {"x": 260.0, "y": 880.0}, {"x": 260.0, "y": 897.0}, {"x": 159.0, "y": 897.0}]}, "description": " *********** 4007"}, {"boundingPoly": {"vertices": [{"x": 157.0, "y": 898.0}, {"x": 291.0, "y": 898.0}, {"x": 291.0, "y": 917.0}, {"x": 157.0, "y": 917.0}]}, "description": " 20-Nov-2019 12:29:26"}, {"boundingPoly": {"vertices": [{"x": 155.0, "y": 918.0}, {"x": 299.0, "y": 918.0}, {"x": 299.0, "y": 936.0}, {"x": 155.0, "y": 936.0}]}, "description": " 66387676 0010032570 C"}, {"boundingPoly": {"vertices": [{"x": 156.0, "y": 938.0}, {"x": 196.0, "y": 938.0}, {"x": 196.0, "y": 955.0}, {"x": 156.0, "y": 955.0}]}, "description": " 888861"}, {"boundingPoly": {"vertices": [{"x": 157.0, "y": 957.0}, {"x": 222.0, "y": 956.0}, {"x": 223.0, "y": 972.0}, {"x": 157.0, "y": 973.0}]}, "description": "ILN9VOLLXP"}, {"boundingPoly": {"vertices": [{"x": 69.0, "y": 995.0}, {"x": 86.0, "y": 995.0}, {"x": 86.0, "y": 1013.0}, {"x": 69.0, "y": 1013.0}]}, "description": " APP"}, {"boundingPoly": {"vertices": [{"x": 67.0, "y": 1013.0}, {"x": 96.0, "y": 1013.0}, {"x": 96.0, "y": 1030.0}, {"x": 67.0, "y": 1030.0}]}, "description": " AID:"}, {"boundingPoly": {"vertices": [{"x": 67.0, "y": 1033.0}, {"x": 127.0, "y": 1033.0}, {"x": 127.0, "y": 1050.0}, {"x": 67.0, "y": 1050.0}]}, "description": " ARQC TVR:"}, {"boundingPoly": {"vertices": [{"x": 64.0, "y": 1052.0}, {"x": 89.0, "y": 1052.0}, {"x": 89.0, "y": 1068.0}, {"x": 64.0, "y": 1068.0}]}, "description": " ARQC"}, {"boundingPoly": {"vertices": [{"x": 65.0, "y": 1070.0}, {"x": 110.0, "y": 1070.0}, {"x": 110.0, "y": 1087.0}, {"x": 65.0, "y": 1087.0}]}, "description": " TC/AAC:"}, {"boundingPoly": {"vertices": [{"x": 88.0, "y": 995.0}, {"x": 97.0, "y": 995.0}, {"x": 97.0, "y": 1014.0}, {"x": 88.0, "y": 1014.0}]}, "description": " :"}, {"boundingPoly": {"vertices": [{"x": 171.0, "y": 994.0}, {"x": 278.0, "y": 994.0}, {"x": 278.0, "y": 1011.0}, {"x": 171.0, "y": 1011.0}]}, "description": "AMERICAN EXPRESS"}, {"boundingPoly": {"vertices": [{"x": 171.0, "y": 1014.0}, {"x": 275.0, "y": 1014.0}, {"x": 275.0, "y": 1030.0}, {"x": 171.0, "y": 1030.0}]}, "description": "A000000025010801"}, {"boundingPoly": {"vertices": [{"x": 169.0, "y": 1033.0}, {"x": 265.0, "y": 1033.0}, {"x": 265.0, "y": 1049.0}, {"x": 169.0, "y": 1049.0}]}, "description": "0000008000F800"}, {"boundingPoly": {"vertices": [{"x": 168.0, "y": 1052.0}, {"x": 274.0, "y": 1051.0}, {"x": 274.0, "y": 1068.0}, {"x": 168.0, "y": 1069.0}]}, "description": "CBAC7B85FF5FB12F"}, {"boundingPoly": {"vertices": [{"x": 167.0, "y": 1071.0}, {"x": 273.0, "y": 1070.0}, {"x": 274.0, "y": 1087.0}, {"x": 167.0, "y": 1088.0}]}, "description": "48F10A5DA42751CE"}, {"boundingPoly": {"vertices": [{"x": 92.0, "y": 1053.0}, {"x": 100.0, "y": 1053.0}, {"x": 100.0, "y": 1068.0}, {"x": 92.0, "y": 1068.0}]}, "description": " :"}]}