{"textAnnotations": [{"boundingPoly": {"vertices": [{"x": 363.0, "y": 69.0}, {"x": 1312.0, "y": 41.0}, {"x": 1315.0, "y": 140.0}, {"x": 365.0, "y": 164.0}]}, "description": "eprivse vsbvieva"}, {"boundingPoly": {"vertices": [{"x": 382.0, "y": 447.0}, {"x": 1295.0, "y": 440.0}, {"x": 1295.0, "y": 486.0}, {"x": 382.0, "y": 495.0}]}, "description": "merchant address"}, {"boundingPoly": {"vertices": [{"x": 388.0, "y": 485.0}, {"x": 1320.0, "y": 485.0}, {"x": 1320.0, "y": 543.0}, {"x": 388.0, "y": 543.0}]}, "description": " 11/14/2019 03:31 PM EXPIRES 02/12/20"}, {"boundingPoly": {"vertices": [{"x": 295.0, "y": 715.0}, {"x": 471.0, "y": 715.0}, {"x": 471.0, "y": 758.0}, {"x": 295.0, "y": 760.0}]}, "description": "GROCERY"}, {"boundingPoly": {"vertices": [{"x": 298.0, "y": 761.0}, {"x": 529.0, "y": 761.0}, {"x": 529.0, "y": 804.0}, {"x": 298.0, "y": 805.0}]}, "description": "055020832"}, {"boundingPoly": {"vertices": [{"x": 690.0, "y": 761.0}, {"x": 940.0, "y": 760.0}, {"x": 940.0, "y": 802.0}, {"x": 690.0, "y": 802.0}]}, "description": "MINIATURES"}, {"boundingPoly": {"vertices": [{"x": 672.0, "y": 805.0}, {"x": 990.0, "y": 806.0}, {"x": 990.0, "y": 850.0}, {"x": 672.0, "y": 849.0}]}, "description": "2 @ $10.99 ea"}, {"boundingPoly": {"vertices": [{"x": 690.0, "y": 849.0}, {"x": 874.0, "y": 849.0}, {"x": 874.0, "y": 895.0}, {"x": 690.0, "y": 895.0}]}, "description": "M AND M"}, {"boundingPoly": {"vertices": [{"x": 692.0, "y": 895.0}, {"x": 865.0, "y": 895.0}, {"x": 865.0, "y": 940.0}, {"x": 692.0, "y": 940.0}]}, "description": "HERSHEY"}, {"boundingPoly": {"vertices": [{"x": 1032.0, "y": 759.0}, {"x": 1085.0, "y": 759.0}, {"x": 1086.0, "y": 801.0}, {"x": 1034.0, "y": 801.0}]}, "description": "FN"}, {"boundingPoly": {"vertices": [{"x": 1157.0, "y": 754.0}, {"x": 1312.0, "y": 753.0}, {"x": 1313.0, "y": 798.0}, {"x": 1157.0, "y": 801.0}]}, "description": "$21.98"}, {"boundingPoly": {"vertices": [{"x": 297.0, "y": 849.0}, {"x": 527.0, "y": 850.0}, {"x": 527.0, "y": 894.0}, {"x": 297.0, "y": 893.0}]}, "description": "055020946"}, {"boundingPoly": {"vertices": [{"x": 299.0, "y": 895.0}, {"x": 529.0, "y": 895.0}, {"x": 529.0, "y": 940.0}, {"x": 299.0, "y": 939.0}]}, "description": "055023406"}, {"boundingPoly": {"vertices": [{"x": 1034.0, "y": 852.0}, {"x": 1083.0, "y": 853.0}, {"x": 1082.0, "y": 897.0}, {"x": 1033.0, "y": 896.0}]}, "description": "FN"}, {"boundingPoly": {"vertices": [{"x": 1029.0, "y": 887.0}, {"x": 1085.0, "y": 887.0}, {"x": 1085.0, "y": 931.0}, {"x": 1029.0, "y": 931.0}]}, "description": "FN"}, {"boundingPoly": {"vertices": [{"x": 1174.0, "y": 844.0}, {"x": 1310.0, "y": 843.0}, {"x": 1308.0, "y": 887.0}, {"x": 1175.0, "y": 891.0}]}, "description": "$9.59"}, {"boundingPoly": {"vertices": [{"x": 1153.0, "y": 891.0}, {"x": 1304.0, "y": 889.0}, {"x": 1305.0, "y": 934.0}, {"x": 1153.0, "y": 938.0}]}, "description": "$10.59"}, {"boundingPoly": {"vertices": [{"x": 890.0, "y": 984.0}, {"x": 1080.0, "y": 981.0}, {"x": 1081.0, "y": 1024.0}, {"x": 891.0, "y": 1027.0}]}, "description": "SUBTOTAL"}, {"boundingPoly": {"vertices": [{"x": 935.0, "y": 1024.0}, {"x": 1085.0, "y": 1022.0}, {"x": 1086.0, "y": 1067.0}, {"x": 935.0, "y": 1071.0}]}, "description": "NO TAX"}, {"boundingPoly": {"vertices": [{"x": 1146.0, "y": 981.0}, {"x": 1300.0, "y": 979.0}, {"x": 1300.0, "y": 1021.0}, {"x": 1146.0, "y": 1023.0}]}, "description": "$42.16"}, {"boundingPoly": {"vertices": [{"x": 1173.0, "y": 1022.0}, {"x": 1302.0, "y": 1021.0}, {"x": 1302.0, "y": 1065.0}, {"x": 1173.0, "y": 1069.0}]}, "description": "$0.00"}, {"boundingPoly": {"vertices": [{"x": 961.0, "y": 1113.0}, {"x": 1080.0, "y": 1114.0}, {"x": 1080.0, "y": 1157.0}, {"x": 960.0, "y": 1155.0}]}, "description": "TOTAL"}, {"boundingPoly": {"vertices": [{"x": 678.0, "y": 1159.0}, {"x": 1085.0, "y": 1157.0}, {"x": 1085.0, "y": 1199.0}, {"x": 679.0, "y": 1204.0}]}, "description": "*1006 AMEX CHARGE"}, {"boundingPoly": {"vertices": [{"x": 819.0, "y": 1203.0}, {"x": 901.0, "y": 1203.0}, {"x": 901.0, "y": 1246.0}, {"x": 819.0, "y": 1246.0}]}, "description": " AID:"}, {"boundingPoly": {"vertices": [{"x": 1154.0, "y": 1111.0}, {"x": 1304.0, "y": 1111.0}, {"x": 1304.0, "y": 1156.0}, {"x": 1153.0, "y": 1155.0}]}, "description": "$42.16"}, {"boundingPoly": {"vertices": [{"x": 1153.0, "y": 1157.0}, {"x": 1303.0, "y": 1155.0}, {"x": 1303.0, "y": 1198.0}, {"x": 1153.0, "y": 1200.0}]}, "description": "$42.16"}, {"boundingPoly": {"vertices": [{"x": 908.0, "y": 1199.0}, {"x": 1302.0, "y": 1199.0}, {"x": 1302.0, "y": 1246.0}, {"x": 908.0, "y": 1246.0}]}, "description": " A000000025010801"}, {"boundingPoly": {"vertices": [{"x": 820.0, "y": 1244.0}, {"x": 1207.0, "y": 1241.0}, {"x": 1207.0, "y": 1287.0}, {"x": 820.0, "y": 1289.0}]}, "description": "AMERICAN EXPRESS"}, {"boundingPoly": {"vertices": [{"x": 336.0, "y": 1380.0}, {"x": 1376.0, "y": 1373.0}, {"x": 1377.0, "y": 1419.0}, {"x": 337.0, "y": 1430.0}]}, "description": "REC#2-9318-1141-0074-1614-0 VCD#759-257-145"}, {"boundingPoly": {"vertices": [{"x": 369.0, "y": 1617.0}, {"x": 484.0, "y": 1613.0}, {"x": 485.0, "y": 1633.0}, {"x": 369.0, "y": 1638.0}]}, "description": "-----"}, {"boundingPoly": {"vertices": [{"x": 734.0, "y": 1607.0}, {"x": 1062.0, "y": 1606.0}, {"x": 1062.0, "y": 1626.0}, {"x": 734.0, "y": 1627.0}]}, "description": "--- ------- -----"}, {"boundingPoly": {"vertices": [{"x": 1138.0, "y": 1604.0}, {"x": 1324.0, "y": 1605.0}, {"x": 1324.0, "y": 1626.0}, {"x": 1138.0, "y": 1626.0}]}, "description": "--------"}, {"boundingPoly": {"vertices": [{"x": 440.0, "y": 1732.0}, {"x": 1218.0, "y": 1725.0}, {"x": 1219.0, "y": 1770.0}, {"x": 441.0, "y": 1777.0}]}, "description": "Help make your Target Run better."}, {"boundingPoly": {"vertices": [{"x": 347.0, "y": 1765.0}, {"x": 1343.0, "y": 1765.0}, {"x": 1343.0, "y": 1824.0}, {"x": 347.0, "y": 1824.0}]}, "description": " Take a 2 minute survey about today's trip:"}, {"boundingPoly": {"vertices": [{"x": 663.0, "y": 1858.0}, {"x": 1041.0, "y": 1853.0}, {"x": 1042.0, "y": 1902.0}, {"x": 665.0, "y": 1911.0}]}, "description": "informtarget.com"}, {"boundingPoly": {"vertices": [{"x": 894.0, "y": 1935.0}, {"x": 1068.0, "y": 1935.0}, {"x": 1068.0, "y": 1986.0}, {"x": 894.0, "y": 1986.0}]}, "description": " 583 860"}, {"boundingPoly": {"vertices": [{"x": 614.0, "y": 2034.0}, {"x": 1086.0, "y": 2018.0}, {"x": 1088.0, "y": 2065.0}, {"x": 614.0, "y": 2080.0}]}, "description": "CU\u00c9NTENOS EN ESPA\u00d1OL"}, {"boundingPoly": {"vertices": [{"x": 394.0, "y": 2130.0}, {"x": 1291.0, "y": 2100.0}, {"x": 1293.0, "y": 2148.0}, {"x": 396.0, "y": 2176.0}]}, "description": "Please take this survey within 7 days."}, {"boundingPoly": {"vertices": [{"x": 562.0, "y": 1898.0}, {"x": 776.0, "y": 1898.0}, {"x": 776.0, "y": 1951.0}, {"x": 562.0, "y": 1951.0}]}, "description": " User ID:"}, {"boundingPoly": {"vertices": [{"x": 805.0, "y": 1892.0}, {"x": 1143.0, "y": 1892.0}, {"x": 1143.0, "y": 1944.0}, {"x": 805.0, "y": 1944.0}]}, "description": " 7068 1885 9992"}, {"boundingPoly": {"vertices": [{"x": 631.0, "y": 1941.0}, {"x": 870.0, "y": 1941.0}, {"x": 870.0, "y": 1994.0}, {"x": 631.0, "y": 1994.0}]}, "description": " Password:"}]}