{"textAnnotations": [{"boundingPoly": {"vertices": [{"x": 40.0, "y": 41.0}, {"x": 97.0, "y": 41.0}, {"x": 97.0, "y": 53.0}, {"x": 40.0, "y": 53.0}]}, "description": " Thank You For"}, {"boundingPoly": {"vertices": [{"x": 41.0, "y": 52.0}, {"x": 123.0, "y": 52.0}, {"x": 123.0, "y": 64.0}, {"x": 41.0, "y": 64.0}]}, "description": "merchant name"}, {"boundingPoly": {"vertices": [{"x": 60.0, "y": 64.0}, {"x": 130.0, "y": 64.0}, {"x": 130.0, "y": 74.0}, {"x": 60.0, "y": 74.0}]}, "description": "Matthew Fraysier"}, {"boundingPoly": {"vertices": [{"x": 62.0, "y": 75.0}, {"x": 94.0, "y": 75.0}, {"x": 94.0, "y": 85.0}, {"x": 62.0, "y": 85.0}]}, "description": " General"}, {"boundingPoly": {"vertices": [{"x": 68.0, "y": 85.0}, {"x": 125.0, "y": 85.0}, {"x": 125.0, "y": 96.0}, {"x": 68.0, "y": 96.0}]}, "description": "merchant phone"}, {"boundingPoly": {"vertices": [{"x": 46.0, "y": 96.0}, {"x": 79.0, "y": 96.0}, {"x": 79.0, "y": 107.0}, {"x": 46.0, "y": 107.0}]}, "description": " We Love"}, {"boundingPoly": {"vertices": [{"x": 46.0, "y": 106.0}, {"x": 145.0, "y": 106.0}, {"x": 145.0, "y": 117.0}, {"x": 46.0, "y": 117.0}]}, "description": "Text @LTF11479 to 73940"}, {"boundingPoly": {"vertices": [{"x": 99.0, "y": 40.0}, {"x": 152.0, "y": 40.0}, {"x": 152.0, "y": 52.0}, {"x": 99.0, "y": 52.0}]}, "description": " Visiting the"}, {"boundingPoly": {"vertices": [{"x": 125.0, "y": 52.0}, {"x": 132.0, "y": 52.0}, {"x": 132.0, "y": 63.0}, {"x": 125.0, "y": 63.0}]}, "description": " -"}, {"boundingPoly": {"vertices": [{"x": 134.0, "y": 52.0}, {"x": 150.0, "y": 52.0}, {"x": 150.0, "y": 63.0}, {"x": 134.0, "y": 63.0}]}, "description": " MFC"}, {"boundingPoly": {"vertices": [{"x": 96.0, "y": 75.0}, {"x": 128.0, "y": 75.0}, {"x": 128.0, "y": 86.0}, {"x": 96.0, "y": 86.0}]}, "description": " Manager"}, {"boundingPoly": {"vertices": [{"x": 81.0, "y": 96.0}, {"x": 143.0, "y": 96.0}, {"x": 143.0, "y": 107.0}, {"x": 81.0, "y": 107.0}]}, "description": " Your Feedback!"}, {"boundingPoly": {"vertices": [{"x": 9.0, "y": 137.0}, {"x": 31.0, "y": 137.0}, {"x": 31.0, "y": 149.0}, {"x": 9.0, "y": 149.0}]}, "description": " 2 Egg"}, {"boundingPoly": {"vertices": [{"x": 9.0, "y": 149.0}, {"x": 45.0, "y": 149.0}, {"x": 45.0, "y": 160.0}, {"x": 9.0, "y": 160.0}]}, "description": " American"}, {"boundingPoly": {"vertices": [{"x": 8.0, "y": 159.0}, {"x": 51.0, "y": 161.0}, {"x": 50.0, "y": 170.0}, {"x": 8.0, "y": 168.0}]}, "description": "Mushrooms"}, {"boundingPoly": {"vertices": [{"x": 8.0, "y": 170.0}, {"x": 28.0, "y": 170.0}, {"x": 28.0, "y": 180.0}, {"x": 8.0, "y": 180.0}]}, "description": " Pork"}, {"boundingPoly": {"vertices": [{"x": 10.0, "y": 180.0}, {"x": 33.0, "y": 180.0}, {"x": 33.0, "y": 191.0}, {"x": 10.0, "y": 191.0}]}, "description": " white"}, {"boundingPoly": {"vertices": [{"x": 8.0, "y": 189.0}, {"x": 58.0, "y": 191.0}, {"x": 58.0, "y": 202.0}, {"x": 8.0, "y": 200.0}]}, "description": "White Toast"}, {"boundingPoly": {"vertices": [{"x": 9.0, "y": 201.0}, {"x": 75.0, "y": 202.0}, {"x": 75.0, "y": 212.0}, {"x": 9.0, "y": 211.0}]}, "description": "12oz Red Velvet"}, {"boundingPoly": {"vertices": [{"x": 9.0, "y": 212.0}, {"x": 31.0, "y": 212.0}, {"x": 31.0, "y": 223.0}, {"x": 9.0, "y": 223.0}]}, "description": " Smart"}, {"boundingPoly": {"vertices": [{"x": 33.0, "y": 138.0}, {"x": 57.0, "y": 138.0}, {"x": 57.0, "y": 149.0}, {"x": 33.0, "y": 149.0}]}, "description": " White"}, {"boundingPoly": {"vertices": [{"x": 59.0, "y": 138.0}, {"x": 87.0, "y": 138.0}, {"x": 87.0, "y": 150.0}, {"x": 59.0, "y": 150.0}]}, "description": " Omelet"}, {"boundingPoly": {"vertices": [{"x": 46.0, "y": 149.0}, {"x": 75.0, "y": 149.0}, {"x": 75.0, "y": 160.0}, {"x": 46.0, "y": 160.0}]}, "description": " Cheese"}, {"boundingPoly": {"vertices": [{"x": 165.0, "y": 137.0}, {"x": 183.0, "y": 137.0}, {"x": 184.0, "y": 147.0}, {"x": 166.0, "y": 147.0}]}, "description": "3.99"}, {"boundingPoly": {"vertices": [{"x": 164.0, "y": 149.0}, {"x": 183.0, "y": 148.0}, {"x": 183.0, "y": 157.0}, {"x": 165.0, "y": 158.0}]}, "description": "0.00"}, {"boundingPoly": {"vertices": [{"x": 165.0, "y": 160.0}, {"x": 181.0, "y": 159.0}, {"x": 182.0, "y": 168.0}, {"x": 165.0, "y": 169.0}]}, "description": "0.00"}, {"boundingPoly": {"vertices": [{"x": 164.0, "y": 170.0}, {"x": 182.0, "y": 170.0}, {"x": 182.0, "y": 179.0}, {"x": 164.0, "y": 180.0}]}, "description": "0.99"}, {"boundingPoly": {"vertices": [{"x": 164.0, "y": 181.0}, {"x": 182.0, "y": 180.0}, {"x": 182.0, "y": 190.0}, {"x": 164.0, "y": 190.0}]}, "description": "0.35"}, {"boundingPoly": {"vertices": [{"x": 164.0, "y": 191.0}, {"x": 182.0, "y": 191.0}, {"x": 182.0, "y": 200.0}, {"x": 164.0, "y": 201.0}]}, "description": "0.35"}, {"boundingPoly": {"vertices": [{"x": 164.0, "y": 202.0}, {"x": 181.0, "y": 202.0}, {"x": 181.0, "y": 210.0}, {"x": 164.0, "y": 211.0}]}, "description": "4.20"}, {"boundingPoly": {"vertices": [{"x": 164.0, "y": 213.0}, {"x": 181.0, "y": 213.0}, {"x": 181.0, "y": 221.0}, {"x": 164.0, "y": 222.0}]}, "description": "3.10"}, {"boundingPoly": {"vertices": [{"x": 29.0, "y": 170.0}, {"x": 62.0, "y": 170.0}, {"x": 62.0, "y": 181.0}, {"x": 29.0, "y": 181.0}]}, "description": " Sausage"}, {"boundingPoly": {"vertices": [{"x": 63.0, "y": 171.0}, {"x": 88.0, "y": 171.0}, {"x": 88.0, "y": 182.0}, {"x": 63.0, "y": 182.0}]}, "description": " Links"}, {"boundingPoly": {"vertices": [{"x": 34.0, "y": 181.0}, {"x": 58.0, "y": 181.0}, {"x": 58.0, "y": 192.0}, {"x": 34.0, "y": 192.0}]}, "description": " Toast"}, {"boundingPoly": {"vertices": [{"x": 33.0, "y": 213.0}, {"x": 75.0, "y": 213.0}, {"x": 75.0, "y": 224.0}, {"x": 33.0, "y": 224.0}]}, "description": " Mater 1 L"}, {"boundingPoly": {"vertices": [{"x": 106.0, "y": 234.0}, {"x": 145.0, "y": 234.0}, {"x": 145.0, "y": 244.0}, {"x": 106.0, "y": 244.0}]}, "description": "Sub Total"}, {"boundingPoly": {"vertices": [{"x": 107.0, "y": 244.0}, {"x": 150.0, "y": 244.0}, {"x": 150.0, "y": 255.0}, {"x": 107.0, "y": 254.0}]}, "description": "Tax Amount"}, {"boundingPoly": {"vertices": [{"x": 159.0, "y": 234.0}, {"x": 181.0, "y": 234.0}, {"x": 181.0, "y": 243.0}, {"x": 160.0, "y": 243.0}]}, "description": "12.96"}, {"boundingPoly": {"vertices": [{"x": 163.0, "y": 244.0}, {"x": 181.0, "y": 244.0}, {"x": 181.0, "y": 253.0}, {"x": 163.0, "y": 253.0}]}, "description": "1.15"}, {"boundingPoly": {"vertices": [{"x": 5.0, "y": 274.0}, {"x": 83.0, "y": 274.0}, {"x": 83.0, "y": 292.0}, {"x": 5.0, "y": 292.0}]}, "description": "Total USD"}, {"boundingPoly": {"vertices": [{"x": 139.0, "y": 275.0}, {"x": 181.0, "y": 275.0}, {"x": 181.0, "y": 291.0}, {"x": 139.0, "y": 292.0}]}, "description": "14.13"}, {"boundingPoly": {"vertices": [{"x": 4.0, "y": 321.0}, {"x": 45.0, "y": 321.0}, {"x": 45.0, "y": 332.0}, {"x": 4.0, "y": 331.0}]}, "description": "5008 AMEX"}, {"boundingPoly": {"vertices": [{"x": 160.0, "y": 321.0}, {"x": 181.0, "y": 321.0}, {"x": 181.0, "y": 331.0}, {"x": 160.0, "y": 331.0}]}, "description": "14.13"}, {"boundingPoly": {"vertices": [{"x": 5.0, "y": 353.0}, {"x": 20.0, "y": 353.0}, {"x": 20.0, "y": 362.0}, {"x": 5.0, "y": 362.0}]}, "description": "Tax"}, {"boundingPoly": {"vertices": [{"x": 5.0, "y": 362.0}, {"x": 41.0, "y": 361.0}, {"x": 41.0, "y": 372.0}, {"x": 5.0, "y": 373.0}]}, "description": "() 8.875"}, {"boundingPoly": {"vertices": [{"x": 73.0, "y": 351.0}, {"x": 136.0, "y": 351.0}, {"x": 136.0, "y": 362.0}, {"x": 73.0, "y": 362.0}]}, "description": " Taxable Amount"}, {"boundingPoly": {"vertices": [{"x": 111.0, "y": 362.0}, {"x": 132.0, "y": 362.0}, {"x": 132.0, "y": 370.0}, {"x": 110.0, "y": 371.0}]}, "description": "12.98"}, {"boundingPoly": {"vertices": [{"x": 138.0, "y": 351.0}, {"x": 181.0, "y": 351.0}, {"x": 181.0, "y": 362.0}, {"x": 138.0, "y": 362.0}]}, "description": " Tax Anounit"}, {"boundingPoly": {"vertices": [{"x": 165.0, "y": 362.0}, {"x": 181.0, "y": 361.0}, {"x": 180.0, "y": 370.0}, {"x": 165.0, "y": 370.0}]}, "description": "1.15"}, {"boundingPoly": {"vertices": [{"x": 5.0, "y": 391.0}, {"x": 181.0, "y": 391.0}, {"x": 181.0, "y": 404.0}, {"x": 5.0, "y": 404.0}]}, "description": " 12/18/2019 09:57 AM #:45617 Op:4025 C:111"}, {"boundingPoly": {"vertices": [{"x": 5.0, "y": 403.0}, {"x": 50.0, "y": 403.0}, {"x": 50.0, "y": 414.0}, {"x": 5.0, "y": 414.0}]}, "description": " 101 S:1111"}, {"boundingPoly": {"vertices": [{"x": 4.0, "y": 413.0}, {"x": 49.0, "y": 413.0}, {"x": 49.0, "y": 424.0}, {"x": 4.0, "y": 424.0}]}, "description": " Served you"}, {"boundingPoly": {"vertices": [{"x": 50.0, "y": 411.0}, {"x": 124.0, "y": 411.0}, {"x": 124.0, "y": 424.0}, {"x": 50.0, "y": 424.0}]}, "description": " : Gractela Chavez"}, {"boundingPoly": {"vertices": [{"x": 42.0, "y": 452.0}, {"x": 131.0, "y": 451.0}, {"x": 131.0, "y": 461.0}, {"x": 42.0, "y": 463.0}]}, "description": "*** Customer copy ***"}, {"boundingPoly": {"vertices": [{"x": 59.0, "y": 472.0}, {"x": 118.0, "y": 471.0}, {"x": 118.0, "y": 482.0}, {"x": 59.0, "y": 483.0}]}, "description": "AMEX NY937 (1)"}, {"boundingPoly": {"vertices": [{"x": 4.0, "y": 494.0}, {"x": 86.0, "y": 492.0}, {"x": 86.0, "y": 503.0}, {"x": 4.0, "y": 505.0}]}, "description": "PURCHASE / APPROVED"}, {"boundingPoly": {"vertices": [{"x": 4.0, "y": 505.0}, {"x": 22.0, "y": 505.0}, {"x": 22.0, "y": 514.0}, {"x": 4.0, "y": 514.0}]}, "description": "AMEX"}, {"boundingPoly": {"vertices": [{"x": 4.0, "y": 516.0}, {"x": 68.0, "y": 514.0}, {"x": 68.0, "y": 523.0}, {"x": 4.0, "y": 525.0}]}, "description": "*********** 1001"}, {"boundingPoly": {"vertices": [{"x": 3.0, "y": 525.0}, {"x": 89.0, "y": 523.0}, {"x": 90.0, "y": 533.0}, {"x": 3.0, "y": 536.0}]}, "description": "CONTACTLESS / No CVM"}, {"boundingPoly": {"vertices": [{"x": 4.0, "y": 544.0}, {"x": 86.0, "y": 544.0}, {"x": 86.0, "y": 557.0}, {"x": 4.0, "y": 557.0}]}, "description": " 2019/12/18 09:57:36"}, {"boundingPoly": {"vertices": [{"x": 5.0, "y": 556.0}, {"x": 18.0, "y": 556.0}, {"x": 17.0, "y": 567.0}, {"x": 4.0, "y": 567.0}]}, "description": "TID"}, {"boundingPoly": {"vertices": [{"x": 4.0, "y": 567.0}, {"x": 18.0, "y": 567.0}, {"x": 18.0, "y": 576.0}, {"x": 4.0, "y": 576.0}]}, "description": "MID"}, {"boundingPoly": {"vertices": [{"x": 3.0, "y": 576.0}, {"x": 43.0, "y": 576.0}, {"x": 43.0, "y": 586.0}, {"x": 3.0, "y": 586.0}]}, "description": "REFERENCE"}, {"boundingPoly": {"vertices": [{"x": 4.0, "y": 586.0}, {"x": 44.0, "y": 586.0}, {"x": 43.0, "y": 596.0}, {"x": 4.0, "y": 596.0}]}, "description": "AUTH CODE"}, {"boundingPoly": {"vertices": [{"x": 137.0, "y": 553.0}, {"x": 172.0, "y": 553.0}, {"x": 171.0, "y": 563.0}, {"x": 137.0, "y": 563.0}]}, "description": "**** 6030"}, {"boundingPoly": {"vertices": [{"x": 140.0, "y": 563.0}, {"x": 172.0, "y": 563.0}, {"x": 172.0, "y": 573.0}, {"x": 140.0, "y": 573.0}]}, "description": "6634459"}, {"boundingPoly": {"vertices": [{"x": 66.0, "y": 573.0}, {"x": 172.0, "y": 573.0}, {"x": 172.0, "y": 584.0}, {"x": 66.0, "y": 584.0}]}, "description": "$11111111014456170941035"}, {"boundingPoly": {"vertices": [{"x": 143.0, "y": 584.0}, {"x": 172.0, "y": 584.0}, {"x": 172.0, "y": 594.0}, {"x": 143.0, "y": 594.0}]}, "description": "579739"}, {"boundingPoly": {"vertices": [{"x": 4.0, "y": 606.0}, {"x": 25.0, "y": 606.0}, {"x": 26.0, "y": 616.0}, {"x": 4.0, "y": 616.0}]}, "description": "TOTAL"}, {"boundingPoly": {"vertices": [{"x": 137.0, "y": 603.0}, {"x": 172.0, "y": 603.0}, {"x": 172.0, "y": 614.0}, {"x": 137.0, "y": 614.0}]}, "description": "USD14.13"}]}