{"textAnnotations": [{"boundingPoly": {"vertices": [{"x": 272.0, "y": 137.0}, {"x": 383.0, "y": 138.0}, {"x": 382.0, "y": 170.0}, {"x": 272.0, "y": 169.0}]}, "description": "merchant name"}, {"boundingPoly": {"vertices": [{"x": 285.0, "y": 172.0}, {"x": 372.0, "y": 174.0}, {"x": 371.0, "y": 203.0}, {"x": 285.0, "y": 200.0}]}, "description": "Lounge"}, {"boundingPoly": {"vertices": [{"x": 204.0, "y": 203.0}, {"x": 439.0, "y": 203.0}, {"x": 439.0, "y": 238.0}, {"x": 204.0, "y": 238.0}]}, "description": " 11/3/2019 3:04 PM"}, {"boundingPoly": {"vertices": [{"x": 52.0, "y": 266.0}, {"x": 138.0, "y": 268.0}, {"x": 135.0, "y": 299.0}, {"x": 51.0, "y": 297.0}]}, "description": "TABLE#"}, {"boundingPoly": {"vertices": [{"x": 51.0, "y": 301.0}, {"x": 136.0, "y": 302.0}, {"x": 134.0, "y": 333.0}, {"x": 50.0, "y": 332.0}]}, "description": "SERVER"}, {"boundingPoly": {"vertices": [{"x": 44.0, "y": 337.0}, {"x": 131.0, "y": 336.0}, {"x": 128.0, "y": 366.0}, {"x": 47.0, "y": 366.0}]}, "description": "CHECK#"}, {"boundingPoly": {"vertices": [{"x": 50.0, "y": 370.0}, {"x": 105.0, "y": 370.0}, {"x": 103.0, "y": 396.0}, {"x": 48.0, "y": 396.0}]}, "description": "TYPE"}, {"boundingPoly": {"vertices": [{"x": 44.0, "y": 401.0}, {"x": 213.0, "y": 402.0}, {"x": 213.0, "y": 434.0}, {"x": 44.0, "y": 431.0}]}, "description": "ACCOUNT TYPE"}, {"boundingPoly": {"vertices": [{"x": 46.0, "y": 433.0}, {"x": 198.0, "y": 434.0}, {"x": 197.0, "y": 466.0}, {"x": 46.0, "y": 465.0}]}, "description": "CARD NUMBER"}, {"boundingPoly": {"vertices": [{"x": 44.0, "y": 465.0}, {"x": 169.0, "y": 468.0}, {"x": 168.0, "y": 499.0}, {"x": 44.0, "y": 498.0}]}, "description": "DATE/TIME"}, {"boundingPoly": {"vertices": [{"x": 43.0, "y": 501.0}, {"x": 89.0, "y": 502.0}, {"x": 86.0, "y": 532.0}, {"x": 40.0, "y": 531.0}]}, "description": "REC"}, {"boundingPoly": {"vertices": [{"x": 45.0, "y": 533.0}, {"x": 146.0, "y": 535.0}, {"x": 145.0, "y": 566.0}, {"x": 45.0, "y": 564.0}]}, "description": "INV/CHK"}, {"boundingPoly": {"vertices": [{"x": 40.0, "y": 566.0}, {"x": 169.0, "y": 568.0}, {"x": 168.0, "y": 601.0}, {"x": 40.0, "y": 599.0}]}, "description": "REFERENCE"}, {"boundingPoly": {"vertices": [{"x": 42.0, "y": 599.0}, {"x": 152.0, "y": 600.0}, {"x": 152.0, "y": 630.0}, {"x": 42.0, "y": 628.0}]}, "description": "SEQUENCE"}, {"boundingPoly": {"vertices": [{"x": 40.0, "y": 632.0}, {"x": 109.0, "y": 634.0}, {"x": 107.0, "y": 662.0}, {"x": 41.0, "y": 659.0}]}, "description": "AUTH."}, {"boundingPoly": {"vertices": [{"x": 43.0, "y": 662.0}, {"x": 209.0, "y": 665.0}, {"x": 209.0, "y": 696.0}, {"x": 42.0, "y": 693.0}]}, "description": "ENTRY METHOD"}, {"boundingPoly": {"vertices": [{"x": 214.0, "y": 273.0}, {"x": 229.0, "y": 272.0}, {"x": 229.0, "y": 296.0}, {"x": 215.0, "y": 297.0}]}, "description": "8"}, {"boundingPoly": {"vertices": [{"x": 211.0, "y": 306.0}, {"x": 394.0, "y": 309.0}, {"x": 393.0, "y": 341.0}, {"x": 211.0, "y": 336.0}]}, "description": "1400142/Patti"}, {"boundingPoly": {"vertices": [{"x": 213.0, "y": 339.0}, {"x": 269.0, "y": 339.0}, {"x": 268.0, "y": 366.0}, {"x": 213.0, "y": 367.0}]}, "description": "1379"}, {"boundingPoly": {"vertices": [{"x": 277.0, "y": 371.0}, {"x": 396.0, "y": 375.0}, {"x": 395.0, "y": 405.0}, {"x": 277.0, "y": 401.0}]}, "description": "PRE AUTH"}, {"boundingPoly": {"vertices": [{"x": 279.0, "y": 408.0}, {"x": 338.0, "y": 410.0}, {"x": 335.0, "y": 437.0}, {"x": 277.0, "y": 435.0}]}, "description": "Amex"}, {"boundingPoly": {"vertices": [{"x": 278.0, "y": 439.0}, {"x": 487.0, "y": 445.0}, {"x": 486.0, "y": 473.0}, {"x": 277.0, "y": 467.0}]}, "description": "*********** 1007"}, {"boundingPoly": {"vertices": [{"x": 283.0, "y": 473.0}, {"x": 501.0, "y": 473.0}, {"x": 501.0, "y": 508.0}, {"x": 283.0, "y": 508.0}]}, "description": " 11/03/2019 15:04"}, {"boundingPoly": {"vertices": [{"x": 277.0, "y": 508.0}, {"x": 362.0, "y": 507.0}, {"x": 362.0, "y": 537.0}, {"x": 277.0, "y": 539.0}]}, "description": "029450"}, {"boundingPoly": {"vertices": [{"x": 275.0, "y": 540.0}, {"x": 335.0, "y": 541.0}, {"x": 335.0, "y": 568.0}, {"x": 275.0, "y": 569.0}]}, "description": "1379"}, {"boundingPoly": {"vertices": [{"x": 273.0, "y": 573.0}, {"x": 442.0, "y": 575.0}, {"x": 441.0, "y": 604.0}, {"x": 273.0, "y": 600.0}]}, "description": "MP0478061107"}, {"boundingPoly": {"vertices": [{"x": 276.0, "y": 603.0}, {"x": 319.0, "y": 604.0}, {"x": 316.0, "y": 634.0}, {"x": 273.0, "y": 632.0}]}, "description": "205"}, {"boundingPoly": {"vertices": [{"x": 276.0, "y": 637.0}, {"x": 360.0, "y": 639.0}, {"x": 359.0, "y": 666.0}, {"x": 276.0, "y": 663.0}]}, "description": "854700"}, {"boundingPoly": {"vertices": [{"x": 279.0, "y": 670.0}, {"x": 330.0, "y": 669.0}, {"x": 329.0, "y": 696.0}, {"x": 277.0, "y": 697.0}]}, "description": "CHIP"}, {"boundingPoly": {"vertices": [{"x": 38.0, "y": 764.0}, {"x": 125.0, "y": 764.0}, {"x": 125.0, "y": 794.0}, {"x": 37.0, "y": 793.0}]}, "description": "AMOUNT"}, {"boundingPoly": {"vertices": [{"x": 41.0, "y": 796.0}, {"x": 87.0, "y": 797.0}, {"x": 85.0, "y": 826.0}, {"x": 38.0, "y": 826.0}]}, "description": "TAX"}, {"boundingPoly": {"vertices": [{"x": 419.0, "y": 774.0}, {"x": 507.0, "y": 775.0}, {"x": 505.0, "y": 806.0}, {"x": 417.0, "y": 804.0}]}, "description": "$37.95"}, {"boundingPoly": {"vertices": [{"x": 433.0, "y": 808.0}, {"x": 508.0, "y": 808.0}, {"x": 508.0, "y": 839.0}, {"x": 431.0, "y": 838.0}]}, "description": "$2.62"}, {"boundingPoly": {"vertices": [{"x": 35.0, "y": 865.0}, {"x": 105.0, "y": 866.0}, {"x": 103.0, "y": 893.0}, {"x": 34.0, "y": 892.0}]}, "description": "TOTAL"}, {"boundingPoly": {"vertices": [{"x": 35.0, "y": 900.0}, {"x": 73.0, "y": 899.0}, {"x": 73.0, "y": 917.0}, {"x": 35.0, "y": 918.0}]}, "description": "-...."}, {"boundingPoly": {"vertices": [{"x": 417.0, "y": 873.0}, {"x": 502.0, "y": 874.0}, {"x": 501.0, "y": 905.0}, {"x": 417.0, "y": 902.0}]}, "description": "$40.57"}, {"boundingPoly": {"vertices": [{"x": 29.0, "y": 996.0}, {"x": 309.0, "y": 1003.0}, {"x": 309.0, "y": 1035.0}, {"x": 29.0, "y": 1028.0}]}, "description": "APPROVED - THANK YOU"}, {"boundingPoly": {"vertices": [{"x": 25.0, "y": 1195.0}, {"x": 88.0, "y": 1198.0}, {"x": 85.0, "y": 1227.0}, {"x": 25.0, "y": 1224.0}]}, "description": "MODE"}, {"boundingPoly": {"vertices": [{"x": 31.0, "y": 1228.0}, {"x": 72.0, "y": 1229.0}, {"x": 68.0, "y": 1261.0}, {"x": 28.0, "y": 1261.0}]}, "description": "APP"}, {"boundingPoly": {"vertices": [{"x": 25.0, "y": 1264.0}, {"x": 66.0, "y": 1265.0}, {"x": 67.0, "y": 1294.0}, {"x": 26.0, "y": 1292.0}]}, "description": "AID"}, {"boundingPoly": {"vertices": [{"x": 29.0, "y": 1296.0}, {"x": 70.0, "y": 1296.0}, {"x": 68.0, "y": 1328.0}, {"x": 27.0, "y": 1329.0}]}, "description": "TVR"}, {"boundingPoly": {"vertices": [{"x": 26.0, "y": 1329.0}, {"x": 73.0, "y": 1328.0}, {"x": 71.0, "y": 1363.0}, {"x": 25.0, "y": 1364.0}]}, "description": "TSI"}, {"boundingPoly": {"vertices": [{"x": 259.0, "y": 1203.0}, {"x": 340.0, "y": 1205.0}, {"x": 338.0, "y": 1233.0}, {"x": 258.0, "y": 1232.0}]}, "description": "Issuer"}, {"boundingPoly": {"vertices": [{"x": 258.0, "y": 1235.0}, {"x": 484.0, "y": 1239.0}, {"x": 483.0, "y": 1270.0}, {"x": 257.0, "y": 1266.0}]}, "description": "AMERICAN EXPRESS"}, {"boundingPoly": {"vertices": [{"x": 258.0, "y": 1270.0}, {"x": 481.0, "y": 1273.0}, {"x": 480.0, "y": 1304.0}, {"x": 258.0, "y": 1299.0}]}, "description": "A000000025010801"}, {"boundingPoly": {"vertices": [{"x": 256.0, "y": 1302.0}, {"x": 397.0, "y": 1304.0}, {"x": 396.0, "y": 1334.0}, {"x": 255.0, "y": 1331.0}]}, "description": "0000008000"}, {"boundingPoly": {"vertices": [{"x": 257.0, "y": 1337.0}, {"x": 312.0, "y": 1336.0}, {"x": 311.0, "y": 1364.0}, {"x": 256.0, "y": 1365.0}]}, "description": "F800"}, {"boundingPoly": {"vertices": [{"x": 254.0, "y": 1368.0}, {"x": 285.0, "y": 1367.0}, {"x": 286.0, "y": 1393.0}, {"x": 255.0, "y": 1394.0}]}, "description": "00"}, {"boundingPoly": {"vertices": [{"x": 25.0, "y": 1356.0}, {"x": 71.0, "y": 1356.0}, {"x": 69.0, "y": 1390.0}, {"x": 23.0, "y": 1389.0}]}, "description": "ARC"}, {"boundingPoly": {"vertices": [{"x": 21.0, "y": 1460.0}, {"x": 543.0, "y": 1473.0}, {"x": 542.0, "y": 1507.0}, {"x": 21.0, "y": 1494.0}]}, "description": "IMPORTANT -- retain this copy for your"}, {"boundingPoly": {"vertices": [{"x": 21.0, "y": 1498.0}, {"x": 133.0, "y": 1499.0}, {"x": 133.0, "y": 1529.0}, {"x": 21.0, "y": 1527.0}]}, "description": "records."}, {"boundingPoly": {"vertices": [{"x": 16.0, "y": 1593.0}, {"x": 202.0, "y": 1596.0}, {"x": 201.0, "y": 1629.0}, {"x": 15.0, "y": 1624.0}]}, "description": "CUSTOMER COPY"}, {"boundingPoly": {"vertices": [{"x": 106.0, "y": 1892.0}, {"x": 169.0, "y": 1892.0}, {"x": 169.0, "y": 1928.0}, {"x": 106.0, "y": 1928.0}]}, "description": " Tip:"}, {"boundingPoly": {"vertices": [{"x": 202.0, "y": 1879.0}, {"x": 350.0, "y": 1876.0}, {"x": 351.0, "y": 1922.0}, {"x": 203.0, "y": 1925.0}]}, "description": "3.43"}, {"boundingPoly": {"vertices": [{"x": 235.0, "y": 1953.0}, {"x": 396.0, "y": 1953.0}, {"x": 396.0, "y": 2002.0}, {"x": 235.0, "y": 2003.0}]}, "description": "44.00"}, {"boundingPoly": {"vertices": [{"x": 107.0, "y": 1960.0}, {"x": 168.0, "y": 1960.0}, {"x": 168.0, "y": 1993.0}, {"x": 107.0, "y": 1993.0}]}, "description": " Total"}, {"boundingPoly": {"vertices": [{"x": 173.0, "y": 1961.0}, {"x": 201.0, "y": 1961.0}, {"x": 201.0, "y": 1994.0}, {"x": 173.0, "y": 1994.0}]}, "description": " :_"}, {"boundingPoly": {"vertices": [{"x": 92.0, "y": 2026.0}, {"x": 228.0, "y": 2026.0}, {"x": 228.0, "y": 2060.0}, {"x": 92.0, "y": 2060.0}]}, "description": " Signature:"}, {"boundingPoly": {"vertices": [{"x": 77.0, "y": 2090.0}, {"x": 486.0, "y": 2098.0}, {"x": 485.0, "y": 2133.0}, {"x": 77.0, "y": 2124.0}]}, "description": "I agree to pay the above total"}, {"boundingPoly": {"vertices": [{"x": 129.0, "y": 2160.0}, {"x": 415.0, "y": 2164.0}, {"x": 415.0, "y": 2196.0}, {"x": 128.0, "y": 2193.0}]}, "description": "cardholder agreement."}, {"boundingPoly": {"vertices": [{"x": 131.0, "y": 2130.0}, {"x": 433.0, "y": 2133.0}, {"x": 433.0, "y": 2165.0}, {"x": 131.0, "y": 2160.0}]}, "description": "amount according to my"}]}