{"textAnnotations": [{"boundingPoly": {"vertices": [{"x": 1.0, "y": 1.0}, {"x": 23.0, "y": 2.0}, {"x": 22.0, "y": 12.0}, {"x": 0.0, "y": 11.0}]}, "description": "Esc"}, {"boundingPoly": {"vertices": [{"x": 433.0, "y": 44.0}, {"x": 448.0, "y": 45.0}, {"x": 448.0, "y": 53.0}, {"x": 433.0, "y": 52.0}]}, "description": "FB"}, {"boundingPoly": {"vertices": [{"x": 421.0, "y": 78.0}, {"x": 433.0, "y": 79.0}, {"x": 432.0, "y": 90.0}, {"x": 420.0, "y": 89.0}]}, "description": "&"}, {"boundingPoly": {"vertices": [{"x": 179.0, "y": 112.0}, {"x": 309.0, "y": 116.0}, {"x": 308.0, "y": 132.0}, {"x": 179.0, "y": 129.0}]}, "description": "merchant name"}, {"boundingPoly": {"vertices": [{"x": 106.0, "y": 130.0}, {"x": 381.0, "y": 136.0}, {"x": 381.0, "y": 153.0}, {"x": 106.0, "y": 147.0}]}, "description": "merchant address"}, {"boundingPoly": {"vertices": [{"x": 4.0, "y": 143.0}, {"x": 18.0, "y": 144.0}, {"x": 18.0, "y": 155.0}, {"x": 3.0, "y": 154.0}]}, "description": "ck"}, {"boundingPoly": {"vertices": [{"x": 179.0, "y": 149.0}, {"x": 313.0, "y": 153.0}, {"x": 312.0, "y": 169.0}, {"x": 179.0, "y": 165.0}]}, "description": "merchant address"}, {"boundingPoly": {"vertices": [{"x": 95.0, "y": 183.0}, {"x": 234.0, "y": 184.0}, {"x": 234.0, "y": 199.0}, {"x": 94.0, "y": 198.0}]}, "description": "110104 Klaydavi"}, {"boundingPoly": {"vertices": [{"x": 450.0, "y": 132.0}, {"x": 466.0, "y": 132.0}, {"x": 466.0, "y": 150.0}, {"x": 450.0, "y": 150.0}]}, "description": "U"}, {"boundingPoly": {"vertices": [{"x": 467.0, "y": 148.0}, {"x": 474.0, "y": 149.0}, {"x": 473.0, "y": 159.0}, {"x": 465.0, "y": 157.0}]}, "description": "A"}, {"boundingPoly": {"vertices": [{"x": 464.0, "y": 194.0}, {"x": 479.0, "y": 194.0}, {"x": 479.0, "y": 209.0}, {"x": 463.0, "y": 209.0}]}, "description": "J"}, {"boundingPoly": {"vertices": [{"x": 99.0, "y": 214.0}, {"x": 178.0, "y": 214.0}, {"x": 178.0, "y": 228.0}, {"x": 99.0, "y": 229.0}]}, "description": "1994"}, {"boundingPoly": {"vertices": [{"x": 184.0, "y": 216.0}, {"x": 264.0, "y": 215.0}, {"x": 264.0, "y": 228.0}, {"x": 184.0, "y": 228.0}]}, "description": "SEP30' 19"}, {"boundingPoly": {"vertices": [{"x": 282.0, "y": 215.0}, {"x": 337.0, "y": 215.0}, {"x": 337.0, "y": 227.0}, {"x": 282.0, "y": 227.0}]}, "description": " 7:44AM"}, {"boundingPoly": {"vertices": [{"x": 113.0, "y": 246.0}, {"x": 124.0, "y": 246.0}, {"x": 124.0, "y": 259.0}, {"x": 113.0, "y": 259.0}]}, "description": " 1"}, {"boundingPoly": {"vertices": [{"x": 112.0, "y": 263.0}, {"x": 119.0, "y": 263.0}, {"x": 119.0, "y": 273.0}, {"x": 112.0, "y": 273.0}]}, "description": "1"}, {"boundingPoly": {"vertices": [{"x": 129.0, "y": 244.0}, {"x": 216.0, "y": 244.0}, {"x": 216.0, "y": 259.0}, {"x": 129.0, "y": 259.0}]}, "description": " Evian 500"}, {"boundingPoly": {"vertices": [{"x": 124.0, "y": 259.0}, {"x": 265.0, "y": 257.0}, {"x": 265.0, "y": 272.0}, {"x": 124.0, "y": 275.0}]}, "description": "Bottle Deposit"}, {"boundingPoly": {"vertices": [{"x": 330.0, "y": 240.0}, {"x": 369.0, "y": 240.0}, {"x": 370.0, "y": 253.0}, {"x": 330.0, "y": 254.0}]}, "description": "3.49"}, {"boundingPoly": {"vertices": [{"x": 332.0, "y": 256.0}, {"x": 371.0, "y": 255.0}, {"x": 372.0, "y": 269.0}, {"x": 332.0, "y": 270.0}]}, "description": "0.05"}, {"boundingPoly": {"vertices": [{"x": 427.0, "y": 251.0}, {"x": 444.0, "y": 252.0}, {"x": 442.0, "y": 270.0}, {"x": 426.0, "y": 270.0}]}, "description": "N"}, {"boundingPoly": {"vertices": [{"x": 4.0, "y": 267.0}, {"x": 19.0, "y": 269.0}, {"x": 18.0, "y": 281.0}, {"x": 3.0, "y": 279.0}]}, "description": "En"}, {"boundingPoly": {"vertices": [{"x": 128.0, "y": 293.0}, {"x": 206.0, "y": 293.0}, {"x": 206.0, "y": 308.0}, {"x": 128.0, "y": 308.0}]}, "description": "Beverage"}, {"boundingPoly": {"vertices": [{"x": 127.0, "y": 310.0}, {"x": 158.0, "y": 310.0}, {"x": 158.0, "y": 326.0}, {"x": 127.0, "y": 326.0}]}, "description": "TAX"}, {"boundingPoly": {"vertices": [{"x": 127.0, "y": 328.0}, {"x": 236.0, "y": 326.0}, {"x": 237.0, "y": 342.0}, {"x": 127.0, "y": 345.0}]}, "description": "AMOUNT PAID"}, {"boundingPoly": {"vertices": [{"x": 127.0, "y": 346.0}, {"x": 276.0, "y": 343.0}, {"x": 277.0, "y": 359.0}, {"x": 127.0, "y": 362.0}]}, "description": "XXXXXXXXXXX1002"}, {"boundingPoly": {"vertices": [{"x": 128.0, "y": 366.0}, {"x": 286.0, "y": 363.0}, {"x": 286.0, "y": 377.0}, {"x": 128.0, "y": 381.0}]}, "description": "American Express"}, {"boundingPoly": {"vertices": [{"x": 335.0, "y": 287.0}, {"x": 375.0, "y": 288.0}, {"x": 375.0, "y": 303.0}, {"x": 334.0, "y": 304.0}]}, "description": "3.54"}, {"boundingPoly": {"vertices": [{"x": 334.0, "y": 305.0}, {"x": 374.0, "y": 306.0}, {"x": 374.0, "y": 322.0}, {"x": 334.0, "y": 321.0}]}, "description": "0.31"}, {"boundingPoly": {"vertices": [{"x": 334.0, "y": 324.0}, {"x": 374.0, "y": 324.0}, {"x": 374.0, "y": 339.0}, {"x": 334.0, "y": 340.0}]}, "description": "3.85"}, {"boundingPoly": {"vertices": [{"x": 324.0, "y": 343.0}, {"x": 375.0, "y": 342.0}, {"x": 375.0, "y": 358.0}, {"x": 324.0, "y": 358.0}]}, "description": "XX/XX"}, {"boundingPoly": {"vertices": [{"x": 335.0, "y": 361.0}, {"x": 373.0, "y": 360.0}, {"x": 374.0, "y": 375.0}, {"x": 335.0, "y": 377.0}]}, "description": "3.85"}, {"boundingPoly": {"vertices": [{"x": 92.0, "y": 416.0}, {"x": 208.0, "y": 415.0}, {"x": 209.0, "y": 429.0}, {"x": 92.0, "y": 431.0}]}, "description": "Thank You ..."}, {"boundingPoly": {"vertices": [{"x": 93.0, "y": 433.0}, {"x": 295.0, "y": 428.0}, {"x": 295.0, "y": 443.0}, {"x": 93.0, "y": 448.0}]}, "description": "We want your feedback"}, {"boundingPoly": {"vertices": [{"x": 91.0, "y": 449.0}, {"x": 344.0, "y": 445.0}, {"x": 344.0, "y": 462.0}, {"x": 91.0, "y": 466.0}]}, "description": "Please Call (866) 508 3558"}, {"boundingPoly": {"vertices": [{"x": 90.0, "y": 468.0}, {"x": 385.0, "y": 466.0}, {"x": 386.0, "y": 480.0}, {"x": 90.0, "y": 484.0}]}, "description": "or visit www.OTGManagement.com"}, {"boundingPoly": {"vertices": [{"x": 87.0, "y": 505.0}, {"x": 174.0, "y": 505.0}, {"x": 174.0, "y": 523.0}, {"x": 87.0, "y": 523.0}]}, "description": " Merchant"}, {"boundingPoly": {"vertices": [{"x": 85.0, "y": 524.0}, {"x": 215.0, "y": 524.0}, {"x": 215.0, "y": 543.0}, {"x": 85.0, "y": 543.0}]}, "description": " Terminal ID:"}, {"boundingPoly": {"vertices": [{"x": 207.0, "y": 543.0}, {"x": 289.0, "y": 543.0}, {"x": 289.0, "y": 559.0}, {"x": 207.0, "y": 559.0}]}, "description": "Purchase"}, {"boundingPoly": {"vertices": [{"x": 179.0, "y": 504.0}, {"x": 249.0, "y": 504.0}, {"x": 249.0, "y": 522.0}, {"x": 179.0, "y": 522.0}]}, "description": " : 34343"}, {"boundingPoly": {"vertices": [{"x": 218.0, "y": 524.0}, {"x": 228.0, "y": 524.0}, {"x": 228.0, "y": 540.0}, {"x": 218.0, "y": 540.0}]}, "description": " 1"}, {"boundingPoly": {"vertices": [{"x": 82.0, "y": 547.0}, {"x": 146.0, "y": 546.0}, {"x": 147.0, "y": 559.0}, {"x": 83.0, "y": 560.0}]}, "description": "******"}, {"boundingPoly": {"vertices": [{"x": 350.0, "y": 543.0}, {"x": 412.0, "y": 543.0}, {"x": 412.0, "y": 555.0}, {"x": 350.0, "y": 555.0}]}, "description": "******"}, {"boundingPoly": {"vertices": [{"x": 79.0, "y": 588.0}, {"x": 146.0, "y": 586.0}, {"x": 147.0, "y": 604.0}, {"x": 79.0, "y": 606.0}]}, "description": "Card #"}, {"boundingPoly": {"vertices": [{"x": 78.0, "y": 610.0}, {"x": 166.0, "y": 607.0}, {"x": 167.0, "y": 626.0}, {"x": 79.0, "y": 629.0}]}, "description": "Exp Date"}, {"boundingPoly": {"vertices": [{"x": 223.0, "y": 581.0}, {"x": 406.0, "y": 581.0}, {"x": 406.0, "y": 599.0}, {"x": 223.0, "y": 600.0}]}, "description": "*********** 1002 C"}, {"boundingPoly": {"vertices": [{"x": 253.0, "y": 604.0}, {"x": 311.0, "y": 603.0}, {"x": 312.0, "y": 617.0}, {"x": 253.0, "y": 618.0}]}, "description": "** / **"}, {"boundingPoly": {"vertices": [{"x": 257.0, "y": 625.0}, {"x": 280.0, "y": 623.0}, {"x": 281.0, "y": 637.0}, {"x": 257.0, "y": 639.0}]}, "description": "100"}, {"boundingPoly": {"vertices": [{"x": 167.0, "y": 627.0}, {"x": 218.0, "y": 627.0}, {"x": 218.0, "y": 639.0}, {"x": 167.0, "y": 638.0}]}, "description": "Cade"}]}