{"textAnnotations": [{"boundingPoly": {"vertices": [{"x": 186.0, "y": 122.0}, {"x": 313.0, "y": 122.0}, {"x": 313.0, "y": 145.0}, {"x": 186.0, "y": 144.0}]}, "description": "merchant name"}, {"boundingPoly": {"vertices": [{"x": 106.0, "y": 145.0}, {"x": 393.0, "y": 146.0}, {"x": 393.0, "y": 171.0}, {"x": 106.0, "y": 171.0}]}, "description": "merchant address"}, {"boundingPoly": {"vertices": [{"x": 136.0, "y": 172.0}, {"x": 375.0, "y": 172.0}, {"x": 376.0, "y": 197.0}, {"x": 136.0, "y": 198.0}]}, "description": "merchant address"}, {"boundingPoly": {"vertices": [{"x": 157.0, "y": 250.0}, {"x": 365.0, "y": 250.0}, {"x": 365.0, "y": 272.0}, {"x": 157.0, "y": 272.0}]}, "description": "TUE DECEMBER 10,2019"}, {"boundingPoly": {"vertices": [{"x": 105.0, "y": 275.0}, {"x": 412.0, "y": 275.0}, {"x": 412.0, "y": 297.0}, {"x": 105.0, "y": 297.0}]}, "description": "CHECK #756304-1"}, {"boundingPoly": {"vertices": [{"x": 209.0, "y": 301.0}, {"x": 314.0, "y": 301.0}, {"x": 314.0, "y": 323.0}, {"x": 209.0, "y": 322.0}]}, "description": "TABLE #269"}, {"boundingPoly": {"vertices": [{"x": 92.0, "y": 350.0}, {"x": 293.0, "y": 351.0}, {"x": 293.0, "y": 374.0}, {"x": 92.0, "y": 373.0}]}, "description": "2 Surfer Leo Zapato"}, {"boundingPoly": {"vertices": [{"x": 94.0, "y": 376.0}, {"x": 211.0, "y": 377.0}, {"x": 211.0, "y": 398.0}, {"x": 93.0, "y": 397.0}]}, "description": "2 St Martin"}, {"boundingPoly": {"vertices": [{"x": 115.0, "y": 400.0}, {"x": 151.0, "y": 400.0}, {"x": 151.0, "y": 423.0}, {"x": 115.0, "y": 423.0}]}, "description": "TAX"}, {"boundingPoly": {"vertices": [{"x": 85.0, "y": 426.0}, {"x": 189.0, "y": 427.0}, {"x": 189.0, "y": 449.0}, {"x": 85.0, "y": 448.0}]}, "description": "TOTAL"}, {"boundingPoly": {"vertices": [{"x": 361.0, "y": 350.0}, {"x": 427.0, "y": 349.0}, {"x": 427.0, "y": 374.0}, {"x": 361.0, "y": 375.0}]}, "description": "$26.00"}, {"boundingPoly": {"vertices": [{"x": 361.0, "y": 376.0}, {"x": 427.0, "y": 375.0}, {"x": 427.0, "y": 399.0}, {"x": 361.0, "y": 400.0}]}, "description": "$16.00"}, {"boundingPoly": {"vertices": [{"x": 372.0, "y": 402.0}, {"x": 427.0, "y": 401.0}, {"x": 426.0, "y": 425.0}, {"x": 372.0, "y": 425.0}]}, "description": "$3.30"}, {"boundingPoly": {"vertices": [{"x": 289.0, "y": 425.0}, {"x": 415.0, "y": 426.0}, {"x": 415.0, "y": 450.0}, {"x": 289.0, "y": 450.0}]}, "description": "$42.00"}, {"boundingPoly": {"vertices": [{"x": 122.0, "y": 503.0}, {"x": 182.0, "y": 503.0}, {"x": 182.0, "y": 525.0}, {"x": 122.0, "y": 525.0}]}, "description": " Time:"}, {"boundingPoly": {"vertices": [{"x": 185.0, "y": 503.0}, {"x": 241.0, "y": 503.0}, {"x": 241.0, "y": 525.0}, {"x": 185.0, "y": 525.0}]}, "description": " 19:16"}, {"boundingPoly": {"vertices": [{"x": 287.0, "y": 503.0}, {"x": 396.0, "y": 503.0}, {"x": 396.0, "y": 525.0}, {"x": 287.0, "y": 525.0}]}, "description": "1 CUSTOMER"}, {"boundingPoly": {"vertices": [{"x": 203.0, "y": 553.0}, {"x": 304.0, "y": 553.0}, {"x": 304.0, "y": 578.0}, {"x": 203.0, "y": 578.0}]}, "description": "Thank You"}, {"boundingPoly": {"vertices": [{"x": 162.0, "y": 579.0}, {"x": 352.0, "y": 581.0}, {"x": 351.0, "y": 605.0}, {"x": 162.0, "y": 602.0}]}, "description": "Please Come Again!"}, {"boundingPoly": {"vertices": [{"x": 153.0, "y": 629.0}, {"x": 366.0, "y": 631.0}, {"x": 366.0, "y": 656.0}, {"x": 153.0, "y": 654.0}]}, "description": "YOU HAVE BEEN SERVED"}, {"boundingPoly": {"vertices": [{"x": 213.0, "y": 658.0}, {"x": 243.0, "y": 658.0}, {"x": 243.0, "y": 679.0}, {"x": 213.0, "y": 679.0}]}, "description": " BY"}, {"boundingPoly": {"vertices": [{"x": 246.0, "y": 658.0}, {"x": 301.0, "y": 658.0}, {"x": 301.0, "y": 680.0}, {"x": 246.0, "y": 680.0}]}, "description": " : Tin"}]}