{"textAnnotations": [{"boundingPoly": {"vertices": [{"x": 321.0, "y": 334.0}, {"x": 464.0, "y": 336.0}, {"x": 464.0, "y": 352.0}, {"x": 321.0, "y": 350.0}]}, "description": "merchant name"}, {"boundingPoly": {"vertices": [{"x": 344.0, "y": 352.0}, {"x": 451.0, "y": 353.0}, {"x": 451.0, "y": 369.0}, {"x": 344.0, "y": 367.0}]}, "description": "merchant address"}, {"boundingPoly": {"vertices": [{"x": 331.0, "y": 369.0}, {"x": 468.0, "y": 369.0}, {"x": 468.0, "y": 388.0}, {"x": 330.0, "y": 386.0}]}, "description": "merchant address"}, {"boundingPoly": {"vertices": [{"x": 352.0, "y": 387.0}, {"x": 445.0, "y": 386.0}, {"x": 446.0, "y": 403.0}, {"x": 352.0, "y": 404.0}]}, "description": "merchant phone"}, {"boundingPoly": {"vertices": [{"x": 238.0, "y": 424.0}, {"x": 295.0, "y": 424.0}, {"x": 295.0, "y": 441.0}, {"x": 238.0, "y": 441.0}]}, "description": " Server:"}, {"boundingPoly": {"vertices": [{"x": 239.0, "y": 442.0}, {"x": 323.0, "y": 441.0}, {"x": 323.0, "y": 457.0}, {"x": 239.0, "y": 459.0}]}, "description": "Table 217/1"}, {"boundingPoly": {"vertices": [{"x": 238.0, "y": 461.0}, {"x": 297.0, "y": 461.0}, {"x": 297.0, "y": 477.0}, {"x": 238.0, "y": 477.0}]}, "description": " Guests:"}, {"boundingPoly": {"vertices": [{"x": 237.0, "y": 478.0}, {"x": 319.0, "y": 478.0}, {"x": 319.0, "y": 496.0}, {"x": 237.0, "y": 496.0}]}, "description": " Reprint #:"}, {"boundingPoly": {"vertices": [{"x": 282.0, "y": 496.0}, {"x": 366.0, "y": 496.0}, {"x": 366.0, "y": 514.0}, {"x": 282.0, "y": 514.0}]}, "description": " Restaurant"}, {"boundingPoly": {"vertices": [{"x": 298.0, "y": 424.0}, {"x": 342.0, "y": 424.0}, {"x": 342.0, "y": 440.0}, {"x": 298.0, "y": 440.0}]}, "description": " Ramon"}, {"boundingPoly": {"vertices": [{"x": 481.0, "y": 423.0}, {"x": 559.0, "y": 420.0}, {"x": 559.0, "y": 437.0}, {"x": 481.0, "y": 439.0}]}, "description": "11/09/2019"}, {"boundingPoly": {"vertices": [{"x": 505.0, "y": 440.0}, {"x": 559.0, "y": 440.0}, {"x": 559.0, "y": 458.0}, {"x": 505.0, "y": 458.0}]}, "description": " 9:21 AM"}, {"boundingPoly": {"vertices": [{"x": 513.0, "y": 459.0}, {"x": 559.0, "y": 459.0}, {"x": 559.0, "y": 474.0}, {"x": 513.0, "y": 474.0}]}, "description": "100007"}, {"boundingPoly": {"vertices": [{"x": 301.0, "y": 462.0}, {"x": 312.0, "y": 462.0}, {"x": 312.0, "y": 477.0}, {"x": 301.0, "y": 477.0}]}, "description": " 1"}, {"boundingPoly": {"vertices": [{"x": 322.0, "y": 478.0}, {"x": 332.0, "y": 478.0}, {"x": 332.0, "y": 495.0}, {"x": 322.0, "y": 495.0}]}, "description": " 2"}, {"boundingPoly": {"vertices": [{"x": 240.0, "y": 497.0}, {"x": 279.0, "y": 497.0}, {"x": 279.0, "y": 516.0}, {"x": 240.0, "y": 516.0}]}, "description": " Area:"}, {"boundingPoly": {"vertices": [{"x": 239.0, "y": 535.0}, {"x": 351.0, "y": 532.0}, {"x": 352.0, "y": 550.0}, {"x": 239.0, "y": 553.0}]}, "description": "Belgium Waffle"}, {"boundingPoly": {"vertices": [{"x": 243.0, "y": 555.0}, {"x": 320.0, "y": 552.0}, {"x": 321.0, "y": 569.0}, {"x": 243.0, "y": 572.0}]}, "description": "Cappuccino"}, {"boundingPoly": {"vertices": [{"x": 244.0, "y": 573.0}, {"x": 339.0, "y": 571.0}, {"x": 339.0, "y": 588.0}, {"x": 245.0, "y": 590.0}]}, "description": "Orange Juice"}, {"boundingPoly": {"vertices": [{"x": 524.0, "y": 532.0}, {"x": 563.0, "y": 532.0}, {"x": 564.0, "y": 548.0}, {"x": 523.0, "y": 548.0}]}, "description": "12.95"}, {"boundingPoly": {"vertices": [{"x": 529.0, "y": 551.0}, {"x": 564.0, "y": 551.0}, {"x": 564.0, "y": 567.0}, {"x": 529.0, "y": 567.0}]}, "description": "5.00"}, {"boundingPoly": {"vertices": [{"x": 530.0, "y": 570.0}, {"x": 563.0, "y": 569.0}, {"x": 562.0, "y": 585.0}, {"x": 530.0, "y": 585.0}]}, "description": "4.95"}, {"boundingPoly": {"vertices": [{"x": 243.0, "y": 610.0}, {"x": 305.0, "y": 608.0}, {"x": 305.0, "y": 625.0}, {"x": 244.0, "y": 626.0}]}, "description": "Subtotal"}, {"boundingPoly": {"vertices": [{"x": 246.0, "y": 630.0}, {"x": 272.0, "y": 629.0}, {"x": 272.0, "y": 644.0}, {"x": 246.0, "y": 644.0}]}, "description": "Tax"}, {"boundingPoly": {"vertices": [{"x": 522.0, "y": 607.0}, {"x": 564.0, "y": 607.0}, {"x": 564.0, "y": 623.0}, {"x": 522.0, "y": 623.0}]}, "description": "22.90"}, {"boundingPoly": {"vertices": [{"x": 529.0, "y": 627.0}, {"x": 561.0, "y": 626.0}, {"x": 561.0, "y": 642.0}, {"x": 529.0, "y": 643.0}]}, "description": "2.03"}, {"boundingPoly": {"vertices": [{"x": 246.0, "y": 665.0}, {"x": 285.0, "y": 664.0}, {"x": 285.0, "y": 682.0}, {"x": 246.0, "y": 683.0}]}, "description": "Total"}, {"boundingPoly": {"vertices": [{"x": 521.0, "y": 662.0}, {"x": 559.0, "y": 661.0}, {"x": 559.0, "y": 677.0}, {"x": 522.0, "y": 678.0}]}, "description": "24.93"}, {"boundingPoly": {"vertices": [{"x": 246.0, "y": 702.0}, {"x": 407.0, "y": 699.0}, {"x": 407.0, "y": 717.0}, {"x": 247.0, "y": 720.0}]}, "description": "AMEX #XXXXXXXXXXX5002"}, {"boundingPoly": {"vertices": [{"x": 264.0, "y": 719.0}, {"x": 347.0, "y": 719.0}, {"x": 347.0, "y": 738.0}, {"x": 264.0, "y": 738.0}]}, "description": " Auth:520825"}, {"boundingPoly": {"vertices": [{"x": 516.0, "y": 699.0}, {"x": 562.0, "y": 698.0}, {"x": 562.0, "y": 714.0}, {"x": 517.0, "y": 716.0}]}, "description": "$24.93"}, {"boundingPoly": {"vertices": [{"x": 266.0, "y": 757.0}, {"x": 311.0, "y": 757.0}, {"x": 311.0, "y": 773.0}, {"x": 266.0, "y": 773.0}]}, "description": " + Tip:"}, {"boundingPoly": {"vertices": [{"x": 511.0, "y": 747.0}, {"x": 565.0, "y": 748.0}, {"x": 565.0, "y": 768.0}, {"x": 512.0, "y": 769.0}]}, "description": "3.00"}, {"boundingPoly": {"vertices": [{"x": 492.0, "y": 788.0}, {"x": 558.0, "y": 783.0}, {"x": 559.0, "y": 803.0}, {"x": 492.0, "y": 809.0}]}, "description": "24.93"}, {"boundingPoly": {"vertices": [{"x": 252.0, "y": 793.0}, {"x": 357.0, "y": 793.0}, {"x": 357.0, "y": 811.0}, {"x": 252.0, "y": 811.0}]}, "description": " = Balance Due:"}, {"boundingPoly": {"vertices": [{"x": 252.0, "y": 870.0}, {"x": 261.0, "y": 870.0}, {"x": 260.0, "y": 884.0}, {"x": 251.0, "y": 884.0}]}, "description": "X"}, {"boundingPoly": {"vertices": [{"x": 251.0, "y": 925.0}, {"x": 353.0, "y": 919.0}, {"x": 354.0, "y": 935.0}, {"x": 251.0, "y": 941.0}]}, "description": "*Balance Due*"}, {"boundingPoly": {"vertices": [{"x": 283.0, "y": 954.0}, {"x": 432.0, "y": 954.0}, {"x": 432.0, "y": 976.0}, {"x": 283.0, "y": 976.0}]}, "description": " A suggested gratuity"}, {"boundingPoly": {"vertices": [{"x": 308.0, "y": 974.0}, {"x": 405.0, "y": 974.0}, {"x": 405.0, "y": 994.0}, {"x": 308.0, "y": 994.0}]}, "description": " is customary."}, {"boundingPoly": {"vertices": [{"x": 284.0, "y": 993.0}, {"x": 347.0, "y": 993.0}, {"x": 347.0, "y": 1014.0}, {"x": 284.0, "y": 1014.0}]}, "description": " gratuity"}, {"boundingPoly": {"vertices": [{"x": 300.0, "y": 1028.0}, {"x": 442.0, "y": 1028.0}, {"x": 442.0, "y": 1047.0}, {"x": 300.0, "y": 1047.0}]}, "description": " \"There are no spare"}, {"boundingPoly": {"vertices": [{"x": 340.0, "y": 1046.0}, {"x": 479.0, "y": 1045.0}, {"x": 479.0, "y": 1063.0}, {"x": 340.0, "y": 1064.0}]}, "description": "-Tilman J. Fertitta"}, {"boundingPoly": {"vertices": [{"x": 284.0, "y": 1064.0}, {"x": 533.0, "y": 1064.0}, {"x": 533.0, "y": 1083.0}, {"x": 284.0, "y": 1084.0}]}, "description": "Tell us what you think about your"}, {"boundingPoly": {"vertices": [{"x": 276.0, "y": 1085.0}, {"x": 547.0, "y": 1084.0}, {"x": 547.0, "y": 1104.0}, {"x": 276.0, "y": 1105.0}]}, "description": "experience today, and be entered for"}, {"boundingPoly": {"vertices": [{"x": 249.0, "y": 1107.0}, {"x": 569.0, "y": 1105.0}, {"x": 569.0, "y": 1125.0}, {"x": 250.0, "y": 1127.0}]}, "description": "a chance to win a $500 LandryAs Gift card."}, {"boundingPoly": {"vertices": [{"x": 271.0, "y": 1128.0}, {"x": 542.0, "y": 1128.0}, {"x": 542.0, "y": 1150.0}, {"x": 271.0, "y": 1150.0}]}, "description": " Visit https://survey. landrysinc.com"}, {"boundingPoly": {"vertices": [{"x": 526.0, "y": 918.0}, {"x": 567.0, "y": 918.0}, {"x": 568.0, "y": 934.0}, {"x": 526.0, "y": 934.0}]}, "description": "$0.00"}, {"boundingPoly": {"vertices": [{"x": 435.0, "y": 954.0}, {"x": 456.0, "y": 954.0}, {"x": 456.0, "y": 974.0}, {"x": 435.0, "y": 974.0}]}, "description": " of"}, {"boundingPoly": {"vertices": [{"x": 436.0, "y": 973.0}, {"x": 508.0, "y": 973.0}, {"x": 508.0, "y": 994.0}, {"x": 436.0, "y": 994.0}]}, "description": " amount of"}, {"boundingPoly": {"vertices": [{"x": 459.0, "y": 953.0}, {"x": 529.0, "y": 953.0}, {"x": 529.0, "y": 974.0}, {"x": 459.0, "y": 974.0}]}, "description": " 15% - 20%"}, {"boundingPoly": {"vertices": [{"x": 408.0, "y": 973.0}, {"x": 433.0, "y": 973.0}, {"x": 433.0, "y": 993.0}, {"x": 408.0, "y": 993.0}]}, "description": " The"}, {"boundingPoly": {"vertices": [{"x": 351.0, "y": 991.0}, {"x": 527.0, "y": 991.0}, {"x": 527.0, "y": 1012.0}, {"x": 351.0, "y": 1012.0}]}, "description": " is always discretionary."}, {"boundingPoly": {"vertices": [{"x": 445.0, "y": 1025.0}, {"x": 523.0, "y": 1025.0}, {"x": 523.0, "y": 1045.0}, {"x": 445.0, "y": 1045.0}]}, "description": " customers\""}, {"boundingPoly": {"vertices": [{"x": 6.0, "y": 1067.0}, {"x": 22.0, "y": 1067.0}, {"x": 22.0, "y": 1079.0}, {"x": 6.0, "y": 1080.0}]}, "description": "75"}, {"boundingPoly": {"vertices": [{"x": 1.0, "y": 1083.0}, {"x": 42.0, "y": 1084.0}, {"x": 41.0, "y": 1096.0}, {"x": 0.0, "y": 1095.0}]}, "description": "48 AM"}]}