{"textAnnotations": [{"boundingPoly": {"vertices": [{"x": 255.0, "y": 16.0}, {"x": 731.0, "y": 67.0}, {"x": 727.0, "y": 90.0}, {"x": 254.0, "y": 48.0}]}, "description": "=== CLOSED CHECK REPRINT ==="}, {"boundingPoly": {"vertices": [{"x": 283.0, "y": 53.0}, {"x": 696.0, "y": 53.0}, {"x": 696.0, "y": 118.0}, {"x": 283.0, "y": 118.0}]}, "description": " === 11/14/2019 1:04:13 PM ==="}, {"boundingPoly": {"vertices": [{"x": 206.0, "y": 261.0}, {"x": 746.0, "y": 306.0}, {"x": 743.0, "y": 341.0}, {"x": 203.0, "y": 307.0}]}, "description": "merchant name"}, {"boundingPoly": {"vertices": [{"x": 197.0, "y": 368.0}, {"x": 417.0, "y": 385.0}, {"x": 415.0, "y": 412.0}, {"x": 195.0, "y": 393.0}]}, "description": "merchant address"}, {"boundingPoly": {"vertices": [{"x": 196.0, "y": 443.0}, {"x": 599.0, "y": 443.0}, {"x": 599.0, "y": 493.0}, {"x": 196.0, "y": 493.0}]}, "description": " Thursday, November 14, 2019 1:03 PM"}, {"boundingPoly": {"vertices": [{"x": 195.0, "y": 493.0}, {"x": 258.0, "y": 493.0}, {"x": 258.0, "y": 519.0}, {"x": 195.0, "y": 519.0}]}, "description": " Table:"}, {"boundingPoly": {"vertices": [{"x": 192.0, "y": 518.0}, {"x": 332.0, "y": 518.0}, {"x": 332.0, "y": 548.0}, {"x": 192.0, "y": 548.0}]}, "description": " Guest Name:"}, {"boundingPoly": {"vertices": [{"x": 325.0, "y": 551.0}, {"x": 344.0, "y": 551.0}, {"x": 344.0, "y": 573.0}, {"x": 325.0, "y": 573.0}]}, "description": " 0"}, {"boundingPoly": {"vertices": [{"x": 203.0, "y": 300.0}, {"x": 300.0, "y": 313.0}, {"x": 296.0, "y": 345.0}, {"x": 199.0, "y": 332.0}]}, "description": "Place"}, {"boundingPoly": {"vertices": [{"x": 203.0, "y": 338.0}, {"x": 350.0, "y": 358.0}, {"x": 346.0, "y": 383.0}, {"x": 199.0, "y": 362.0}]}, "description": "merchant address"}, {"boundingPoly": {"vertices": [{"x": 198.0, "y": 396.0}, {"x": 402.0, "y": 408.0}, {"x": 400.0, "y": 432.0}, {"x": 197.0, "y": 420.0}]}, "description": "merchant phone"}, {"boundingPoly": {"vertices": [{"x": 197.0, "y": 469.0}, {"x": 301.0, "y": 469.0}, {"x": 301.0, "y": 497.0}, {"x": 197.0, "y": 497.0}]}, "description": " Server(s):"}, {"boundingPoly": {"vertices": [{"x": 262.0, "y": 496.0}, {"x": 308.0, "y": 496.0}, {"x": 308.0, "y": 521.0}, {"x": 262.0, "y": 521.0}]}, "description": " 512"}, {"boundingPoly": {"vertices": [{"x": 304.0, "y": 474.0}, {"x": 365.0, "y": 474.0}, {"x": 365.0, "y": 500.0}, {"x": 304.0, "y": 500.0}]}, "description": " Louis"}, {"boundingPoly": {"vertices": [{"x": 333.0, "y": 525.0}, {"x": 510.0, "y": 525.0}, {"x": 510.0, "y": 560.0}, {"x": 333.0, "y": 560.0}]}, "description": " No Guest Name"}, {"boundingPoly": {"vertices": [{"x": 190.0, "y": 543.0}, {"x": 322.0, "y": 543.0}, {"x": 322.0, "y": 572.0}, {"x": 190.0, "y": 572.0}]}, "description": " # of Guests:"}, {"boundingPoly": {"vertices": [{"x": 192.0, "y": 599.0}, {"x": 430.0, "y": 610.0}, {"x": 428.0, "y": 653.0}, {"x": 190.0, "y": 641.0}]}, "description": "REPRINT"}, {"boundingPoly": {"vertices": [{"x": 187.0, "y": 654.0}, {"x": 327.0, "y": 654.0}, {"x": 327.0, "y": 689.0}, {"x": 187.0, "y": 689.0}]}, "description": " Check#:"}, {"boundingPoly": {"vertices": [{"x": 185.0, "y": 687.0}, {"x": 291.0, "y": 687.0}, {"x": 291.0, "y": 712.0}, {"x": 185.0, "y": 712.0}]}, "description": " Reprint #:"}, {"boundingPoly": {"vertices": [{"x": 184.0, "y": 711.0}, {"x": 260.0, "y": 711.0}, {"x": 260.0, "y": 736.0}, {"x": 184.0, "y": 736.0}]}, "description": " Order:"}, {"boundingPoly": {"vertices": [{"x": 182.0, "y": 736.0}, {"x": 244.0, "y": 736.0}, {"x": 244.0, "y": 760.0}, {"x": 182.0, "y": 760.0}]}, "description": " Area:"}, {"boundingPoly": {"vertices": [{"x": 332.0, "y": 659.0}, {"x": 475.0, "y": 659.0}, {"x": 475.0, "y": 693.0}, {"x": 332.0, "y": 693.0}]}, "description": " 1822485"}, {"boundingPoly": {"vertices": [{"x": 264.0, "y": 714.0}, {"x": 354.0, "y": 714.0}, {"x": 354.0, "y": 741.0}, {"x": 264.0, "y": 741.0}]}, "description": " Takeout"}, {"boundingPoly": {"vertices": [{"x": 296.0, "y": 689.0}, {"x": 313.0, "y": 689.0}, {"x": 313.0, "y": 712.0}, {"x": 296.0, "y": 712.0}]}, "description": " 2"}, {"boundingPoly": {"vertices": [{"x": 246.0, "y": 738.0}, {"x": 337.0, "y": 738.0}, {"x": 337.0, "y": 763.0}, {"x": 246.0, "y": 763.0}]}, "description": " Counter"}, {"boundingPoly": {"vertices": [{"x": 177.0, "y": 833.0}, {"x": 340.0, "y": 835.0}, {"x": 339.0, "y": 864.0}, {"x": 177.0, "y": 861.0}]}, "description": "Maki Roll 2"}, {"boundingPoly": {"vertices": [{"x": 701.0, "y": 848.0}, {"x": 800.0, "y": 847.0}, {"x": 801.0, "y": 874.0}, {"x": 702.0, "y": 876.0}]}, "description": "$15.00"}, {"boundingPoly": {"vertices": [{"x": 175.0, "y": 903.0}, {"x": 307.0, "y": 907.0}, {"x": 306.0, "y": 935.0}, {"x": 175.0, "y": 930.0}]}, "description": "Subtotal"}, {"boundingPoly": {"vertices": [{"x": 702.0, "y": 919.0}, {"x": 800.0, "y": 916.0}, {"x": 801.0, "y": 944.0}, {"x": 702.0, "y": 947.0}]}, "description": "$15.00"}, {"boundingPoly": {"vertices": [{"x": 172.0, "y": 962.0}, {"x": 336.0, "y": 967.0}, {"x": 335.0, "y": 995.0}, {"x": 172.0, "y": 990.0}]}, "description": "Total Taxes"}, {"boundingPoly": {"vertices": [{"x": 171.0, "y": 1002.0}, {"x": 251.0, "y": 1004.0}, {"x": 250.0, "y": 1033.0}, {"x": 171.0, "y": 1030.0}]}, "description": "Total"}, {"boundingPoly": {"vertices": [{"x": 722.0, "y": 977.0}, {"x": 803.0, "y": 976.0}, {"x": 804.0, "y": 1003.0}, {"x": 722.0, "y": 1004.0}]}, "description": "$1.33"}, {"boundingPoly": {"vertices": [{"x": 705.0, "y": 1015.0}, {"x": 807.0, "y": 1015.0}, {"x": 807.0, "y": 1043.0}, {"x": 705.0, "y": 1044.0}]}, "description": "$16.33"}, {"boundingPoly": {"vertices": [{"x": 169.0, "y": 1066.0}, {"x": 342.0, "y": 1068.0}, {"x": 342.0, "y": 1098.0}, {"x": 169.0, "y": 1096.0}]}, "description": "CreditCard"}, {"boundingPoly": {"vertices": [{"x": 707.0, "y": 1076.0}, {"x": 807.0, "y": 1075.0}, {"x": 808.0, "y": 1104.0}, {"x": 707.0, "y": 1105.0}]}, "description": "$16.33"}, {"boundingPoly": {"vertices": [{"x": 229.0, "y": 1155.0}, {"x": 736.0, "y": 1158.0}, {"x": 735.0, "y": 1208.0}, {"x": 229.0, "y": 1201.0}]}, "description": "BALANCE DUE $0.00"}, {"boundingPoly": {"vertices": [{"x": 206.0, "y": 1249.0}, {"x": 376.0, "y": 1248.0}, {"x": 376.0, "y": 1275.0}, {"x": 207.0, "y": 1276.0}]}, "description": "15% = $2.25\u00ba"}, {"boundingPoly": {"vertices": [{"x": 413.0, "y": 1251.0}, {"x": 562.0, "y": 1251.0}, {"x": 562.0, "y": 1277.0}, {"x": 413.0, "y": 1277.0}]}, "description": "18% = $2.70"}, {"boundingPoly": {"vertices": [{"x": 612.0, "y": 1252.0}, {"x": 766.0, "y": 1254.0}, {"x": 766.0, "y": 1279.0}, {"x": 611.0, "y": 1277.0}]}, "description": "20% = $3.00"}, {"boundingPoly": {"vertices": [{"x": 339.0, "y": 1303.0}, {"x": 626.0, "y": 1305.0}, {"x": 626.0, "y": 1338.0}, {"x": 339.0, "y": 1337.0}]}, "description": "Suggested Gratuity"}, {"boundingPoly": {"vertices": [{"x": 159.0, "y": 1444.0}, {"x": 777.0, "y": 1447.0}, {"x": 777.0, "y": 1485.0}, {"x": 159.0, "y": 1481.0}]}, "description": "merchant name"}, {"boundingPoly": {"vertices": [{"x": 156.0, "y": 1489.0}, {"x": 265.0, "y": 1491.0}, {"x": 264.0, "y": 1526.0}, {"x": 155.0, "y": 1524.0}]}, "description": "Place"}, {"boundingPoly": {"vertices": [{"x": 155.0, "y": 1530.0}, {"x": 340.0, "y": 1530.0}, {"x": 340.0, "y": 1558.0}, {"x": 155.0, "y": 1558.0}]}, "description": "(212) 786-0808"}, {"boundingPoly": {"vertices": [{"x": 156.0, "y": 1561.0}, {"x": 618.0, "y": 1561.0}, {"x": 618.0, "y": 1590.0}, {"x": 156.0, "y": 1590.0}]}, "description": " Thursday, November 14, 2019 1:03 PM"}, {"boundingPoly": {"vertices": [{"x": 153.0, "y": 1589.0}, {"x": 266.0, "y": 1589.0}, {"x": 266.0, "y": 1618.0}, {"x": 153.0, "y": 1618.0}]}, "description": " Server(s):"}, {"boundingPoly": {"vertices": [{"x": 153.0, "y": 1617.0}, {"x": 220.0, "y": 1617.0}, {"x": 220.0, "y": 1645.0}, {"x": 153.0, "y": 1645.0}]}, "description": " Table:"}, {"boundingPoly": {"vertices": [{"x": 267.0, "y": 1592.0}, {"x": 347.0, "y": 1592.0}, {"x": 347.0, "y": 1618.0}, {"x": 267.0, "y": 1618.0}]}, "description": " Louis"}, {"boundingPoly": {"vertices": [{"x": 225.0, "y": 1618.0}, {"x": 275.0, "y": 1618.0}, {"x": 275.0, "y": 1645.0}, {"x": 225.0, "y": 1645.0}]}, "description": " 512"}, {"boundingPoly": {"vertices": [{"x": 363.0, "y": 1610.0}, {"x": 714.0, "y": 1954.0}, {"x": 662.0, "y": 2004.0}, {"x": 315.0, "y": 1658.0}]}, "description": "ECK REPRINT"}, {"boundingPoly": {"vertices": [{"x": 132.0, "y": 2113.0}, {"x": 547.0, "y": 2109.0}, {"x": 547.0, "y": 2152.0}, {"x": 132.0, "y": 2158.0}]}, "description": "CREDITCARD PAYMENT"}, {"boundingPoly": {"vertices": [{"x": 133.0, "y": 2167.0}, {"x": 266.0, "y": 2160.0}, {"x": 268.0, "y": 2194.0}, {"x": 133.0, "y": 2199.0}]}, "description": "Amount"}, {"boundingPoly": {"vertices": [{"x": 148.0, "y": 1705.0}, {"x": 280.0, "y": 1705.0}, {"x": 280.0, "y": 1732.0}, {"x": 148.0, "y": 1732.0}]}, "description": " Merchant ID"}, {"boundingPoly": {"vertices": [{"x": 284.0, "y": 1703.0}, {"x": 309.0, "y": 1703.0}, {"x": 309.0, "y": 1732.0}, {"x": 284.0, "y": 1732.0}]}, "description": " :-"}, {"boundingPoly": {"vertices": [{"x": 148.0, "y": 1755.0}, {"x": 258.0, "y": 1756.0}, {"x": 258.0, "y": 1782.0}, {"x": 148.0, "y": 1781.0}]}, "description": "Purchase"}, {"boundingPoly": {"vertices": [{"x": 223.0, "y": 1801.0}, {"x": 402.0, "y": 1801.0}, {"x": 402.0, "y": 1829.0}, {"x": 223.0, "y": 1829.0}]}, "description": " ************ 1009"}, {"boundingPoly": {"vertices": [{"x": 143.0, "y": 1831.0}, {"x": 303.0, "y": 1831.0}, {"x": 303.0, "y": 1863.0}, {"x": 143.0, "y": 1863.0}]}, "description": " Entry Method:"}, {"boundingPoly": {"vertices": [{"x": 147.0, "y": 1804.0}, {"x": 218.0, "y": 1804.0}, {"x": 218.0, "y": 1833.0}, {"x": 147.0, "y": 1833.0}]}, "description": " Amex:"}, {"boundingPoly": {"vertices": [{"x": 309.0, "y": 1831.0}, {"x": 449.0, "y": 1831.0}, {"x": 449.0, "y": 1860.0}, {"x": 309.0, "y": 1860.0}]}, "description": " Contactless"}, {"boundingPoly": {"vertices": [{"x": 287.0, "y": 1859.0}, {"x": 553.0, "y": 1859.0}, {"x": 553.0, "y": 1889.0}, {"x": 287.0, "y": 1889.0}]}, "description": " VALUED CUSTOMER"}, {"boundingPoly": {"vertices": [{"x": 263.0, "y": 1888.0}, {"x": 370.0, "y": 1888.0}, {"x": 370.0, "y": 1917.0}, {"x": 263.0, "y": 1917.0}]}, "description": " 1822490"}, {"boundingPoly": {"vertices": [{"x": 274.0, "y": 1917.0}, {"x": 368.0, "y": 1917.0}, {"x": 368.0, "y": 1947.0}, {"x": 274.0, "y": 1947.0}]}, "description": " 842866"}, {"boundingPoly": {"vertices": [{"x": 277.0, "y": 1947.0}, {"x": 386.0, "y": 1947.0}, {"x": 386.0, "y": 1978.0}, {"x": 277.0, "y": 1978.0}]}, "description": " 1822490"}, {"boundingPoly": {"vertices": [{"x": 142.0, "y": 1860.0}, {"x": 283.0, "y": 1860.0}, {"x": 283.0, "y": 1891.0}, {"x": 142.0, "y": 1891.0}]}, "description": " Cardholder:"}, {"boundingPoly": {"vertices": [{"x": 142.0, "y": 1890.0}, {"x": 259.0, "y": 1890.0}, {"x": 259.0, "y": 1920.0}, {"x": 142.0, "y": 1920.0}]}, "description": " Invoice #:"}, {"boundingPoly": {"vertices": [{"x": 141.0, "y": 1920.0}, {"x": 270.0, "y": 1920.0}, {"x": 270.0, "y": 1951.0}, {"x": 141.0, "y": 1951.0}]}, "description": " Auth Code:"}, {"boundingPoly": {"vertices": [{"x": 140.0, "y": 1950.0}, {"x": 272.0, "y": 1950.0}, {"x": 272.0, "y": 1981.0}, {"x": 140.0, "y": 1981.0}]}, "description": " Reference:"}, {"boundingPoly": {"vertices": [{"x": 135.0, "y": 2008.0}, {"x": 267.0, "y": 2001.0}, {"x": 269.0, "y": 2031.0}, {"x": 137.0, "y": 2039.0}]}, "description": "Approved"}, {"boundingPoly": {"vertices": [{"x": 716.0, "y": 2161.0}, {"x": 830.0, "y": 2163.0}, {"x": 830.0, "y": 2198.0}, {"x": 715.0, "y": 2197.0}]}, "description": "$16.33"}]}