{"textAnnotations": [{"boundingPoly": {"vertices": [{"x": 725.0, "y": 73.0}, {"x": 1231.0, "y": 72.0}, {"x": 1231.0, "y": 183.0}, {"x": 725.0, "y": 184.0}]}, "description": "merchant name"}, {"boundingPoly": {"vertices": [{"x": 712.0, "y": 186.0}, {"x": 1223.0, "y": 186.0}, {"x": 1223.0, "y": 254.0}, {"x": 713.0, "y": 257.0}]}, "description": "NUMERO VERDE 800825099"}, {"boundingPoly": {"vertices": [{"x": 807.0, "y": 350.0}, {"x": 985.0, "y": 347.0}, {"x": 986.0, "y": 410.0}, {"x": 807.0, "y": 412.0}]}, "description": "AMEX"}, {"boundingPoly": {"vertices": [{"x": 727.0, "y": 433.0}, {"x": 1073.0, "y": 427.0}, {"x": 1075.0, "y": 543.0}, {"x": 727.0, "y": 546.0}]}, "description": "ACQUISTO"}, {"boundingPoly": {"vertices": [{"x": 397.0, "y": 569.0}, {"x": 1358.0, "y": 567.0}, {"x": 1358.0, "y": 632.0}, {"x": 397.0, "y": 634.0}]}, "description": "merchant address"}, {"boundingPoly": {"vertices": [{"x": 524.0, "y": 644.0}, {"x": 1230.0, "y": 642.0}, {"x": 1230.0, "y": 707.0}, {"x": 524.0, "y": 708.0}]}, "description": "merchant address"}, {"boundingPoly": {"vertices": [{"x": 612.0, "y": 709.0}, {"x": 1188.0, "y": 710.0}, {"x": 1188.0, "y": 793.0}, {"x": 612.0, "y": 791.0}]}, "description": "merchant address"}, {"boundingPoly": {"vertices": [{"x": 614.0, "y": 797.0}, {"x": 831.0, "y": 797.0}, {"x": 831.0, "y": 861.0}, {"x": 614.0, "y": 861.0}]}, "description": "merchant address"}, {"boundingPoly": {"vertices": [{"x": 1447.0, "y": 447.0}, {"x": 1435.0, "y": 900.0}, {"x": 1390.0, "y": 899.0}, {"x": 1398.0, "y": 447.0}]}, "description": "V MON ARAMO"}, {"boundingPoly": {"vertices": [{"x": 890.0, "y": 798.0}, {"x": 1184.0, "y": 798.0}, {"x": 1184.0, "y": 861.0}, {"x": 890.0, "y": 861.0}]}, "description": "merchant address"}, {"boundingPoly": {"vertices": [{"x": 1265.0, "y": 818.0}, {"x": 1384.0, "y": 817.0}, {"x": 1384.0, "y": 840.0}, {"x": 1265.0, "y": 840.0}]}, "description": "-- -"}, {"boundingPoly": {"vertices": [{"x": 419.0, "y": 946.0}, {"x": 572.0, "y": 946.0}, {"x": 572.0, "y": 1007.0}, {"x": 419.0, "y": 1007.0}]}, "description": " Eser"}, {"boundingPoly": {"vertices": [{"x": 419.0, "y": 1016.0}, {"x": 734.0, "y": 1016.0}, {"x": 734.0, "y": 1080.0}, {"x": 419.0, "y": 1080.0}]}, "description": "A.I.I.C."}, {"boundingPoly": {"vertices": [{"x": 425.0, "y": 1089.0}, {"x": 1373.0, "y": 1089.0}, {"x": 1373.0, "y": 1151.0}, {"x": 425.0, "y": 1151.0}]}, "description": " Data 06/11/19 Ora 13:05"}, {"boundingPoly": {"vertices": [{"x": 428.0, "y": 1159.0}, {"x": 1381.0, "y": 1158.0}, {"x": 1381.0, "y": 1216.0}, {"x": 428.0, "y": 1219.0}]}, "description": "TML 93232319 STAN 004119"}, {"boundingPoly": {"vertices": [{"x": 1044.0, "y": 1228.0}, {"x": 1371.0, "y": 1227.0}, {"x": 1372.0, "y": 1286.0}, {"x": 1045.0, "y": 1288.0}]}, "description": "CTLS ICC"}, {"boundingPoly": {"vertices": [{"x": 412.0, "y": 1298.0}, {"x": 1367.0, "y": 1298.0}, {"x": 1367.0, "y": 1359.0}, {"x": 412.0, "y": 1360.0}]}, "description": "AUT. 862705 OPER. 004203"}, {"boundingPoly": {"vertices": [{"x": 414.0, "y": 1369.0}, {"x": 1024.0, "y": 1369.0}, {"x": 1024.0, "y": 1426.0}, {"x": 414.0, "y": 1423.0}]}, "description": "*********** 2008"}, {"boundingPoly": {"vertices": [{"x": 401.0, "y": 1433.0}, {"x": 767.0, "y": 1433.0}, {"x": 767.0, "y": 1495.0}, {"x": 401.0, "y": 1495.0}]}, "description": "A.ID A00000002501"}, {"boundingPoly": {"vertices": [{"x": 397.0, "y": 1509.0}, {"x": 880.0, "y": 1509.0}, {"x": 880.0, "y": 1571.0}, {"x": 397.0, "y": 1571.0}]}, "description": "APPL. AMERICAN EXPRESS"}, {"boundingPoly": {"vertices": [{"x": 606.0, "y": 1585.0}, {"x": 753.0, "y": 1585.0}, {"x": 753.0, "y": 1650.0}, {"x": 606.0, "y": 1650.0}]}, "description": " TT 00"}, {"boundingPoly": {"vertices": [{"x": 394.0, "y": 1667.0}, {"x": 1243.0, "y": 1660.0}, {"x": 1244.0, "y": 1725.0}, {"x": 394.0, "y": 1732.0}]}, "description": "TUR 0000008000 A.R.Q.C. 426B33FD0978ECB2"}, {"boundingPoly": {"vertices": [{"x": 393.0, "y": 1749.0}, {"x": 792.0, "y": 1746.0}, {"x": 792.0, "y": 1813.0}, {"x": 393.0, "y": 1816.0}]}, "description": "IAD 06460103A00002"}, {"boundingPoly": {"vertices": [{"x": 584.0, "y": 951.0}, {"x": 612.0, "y": 951.0}, {"x": 612.0, "y": 1007.0}, {"x": 584.0, "y": 1007.0}]}, "description": " ."}, {"boundingPoly": {"vertices": [{"x": 777.0, "y": 945.0}, {"x": 1376.0, "y": 942.0}, {"x": 1377.0, "y": 1002.0}, {"x": 777.0, "y": 1005.0}]}, "description": "000000621875467"}, {"boundingPoly": {"vertices": [{"x": 935.0, "y": 1017.0}, {"x": 1378.0, "y": 1017.0}, {"x": 1378.0, "y": 1077.0}, {"x": 935.0, "y": 1077.0}]}, "description": "00000000002"}, {"boundingPoly": {"vertices": [{"x": 422.0, "y": 1230.0}, {"x": 865.0, "y": 1230.0}, {"x": 864.0, "y": 1290.0}, {"x": 422.0, "y": 1290.0}]}, "description": "Mod. Online"}, {"boundingPoly": {"vertices": [{"x": 1210.0, "y": 1381.0}, {"x": 1368.0, "y": 1379.0}, {"x": 1368.0, "y": 1418.0}, {"x": 1210.0, "y": 1420.0}]}, "description": "****"}, {"boundingPoly": {"vertices": [{"x": 923.0, "y": 1510.0}, {"x": 1116.0, "y": 1511.0}, {"x": 1116.0, "y": 1572.0}, {"x": 923.0, "y": 1570.0}]}, "description": "ATC 0046"}, {"boundingPoly": {"vertices": [{"x": 997.0, "y": 1584.0}, {"x": 1238.0, "y": 1584.0}, {"x": 1238.0, "y": 1648.0}, {"x": 997.0, "y": 1648.0}]}, "description": " UN C488BD79"}, {"boundingPoly": {"vertices": [{"x": 399.0, "y": 1586.0}, {"x": 581.0, "y": 1586.0}, {"x": 581.0, "y": 1651.0}, {"x": 399.0, "y": 1651.0}]}, "description": " ICC 380"}, {"boundingPoly": {"vertices": [{"x": 778.0, "y": 1585.0}, {"x": 981.0, "y": 1585.0}, {"x": 981.0, "y": 1649.0}, {"x": 778.0, "y": 1649.0}]}, "description": " TrCC 978"}, {"boundingPoly": {"vertices": [{"x": 526.0, "y": 1904.0}, {"x": 1254.0, "y": 1900.0}, {"x": 1255.0, "y": 2020.0}, {"x": 527.0, "y": 2023.0}]}, "description": "IMPORTO EUR 19,50"}, {"boundingPoly": {"vertices": [{"x": 895.0, "y": 2109.0}, {"x": 1203.0, "y": 2109.0}, {"x": 1203.0, "y": 2171.0}, {"x": 895.0, "y": 2171.0}]}, "description": " CLIENTE"}, {"boundingPoly": {"vertices": [{"x": 397.0, "y": 2125.0}, {"x": 538.0, "y": 2125.0}, {"x": 538.0, "y": 2156.0}, {"x": 397.0, "y": 2154.0}]}, "description": "---"}, {"boundingPoly": {"vertices": [{"x": 595.0, "y": 2112.0}, {"x": 821.0, "y": 2112.0}, {"x": 821.0, "y": 2171.0}, {"x": 595.0, "y": 2171.0}]}, "description": " COPIA"}, {"boundingPoly": {"vertices": [{"x": 1275.0, "y": 2123.0}, {"x": 1391.0, "y": 2122.0}, {"x": 1392.0, "y": 2146.0}, {"x": 1275.0, "y": 2150.0}]}, "description": "---"}, {"boundingPoly": {"vertices": [{"x": 395.0, "y": 2237.0}, {"x": 1345.0, "y": 2247.0}, {"x": 1344.0, "y": 2306.0}, {"x": 394.0, "y": 2296.0}]}, "description": "Transazione autorizzata"}]}