{"textAnnotations": [{"boundingPoly": {"vertices": [{"x": 746.0, "y": 9.0}, {"x": 771.0, "y": 9.0}, {"x": 771.0, "y": 38.0}, {"x": 746.0, "y": 38.0}]}, "description": " TSI"}, {"boundingPoly": {"vertices": [{"x": 735.0, "y": 56.0}, {"x": 773.0, "y": 56.0}, {"x": 773.0, "y": 88.0}, {"x": 735.0, "y": 88.0}]}, "description": " TVR:"}, {"boundingPoly": {"vertices": [{"x": 765.0, "y": 92.0}, {"x": 793.0, "y": 92.0}, {"x": 793.0, "y": 119.0}, {"x": 765.0, "y": 119.0}]}, "description": " AC"}, {"boundingPoly": {"vertices": [{"x": 765.0, "y": 18.0}, {"x": 785.0, "y": 18.0}, {"x": 785.0, "y": 45.0}, {"x": 765.0, "y": 45.0}]}, "description": " :"}, {"boundingPoly": {"vertices": [{"x": 738.0, "y": 33.0}, {"x": 778.0, "y": 33.0}, {"x": 778.0, "y": 66.0}, {"x": 738.0, "y": 66.0}]}, "description": " TAD:"}, {"boundingPoly": {"vertices": [{"x": 770.0, "y": 68.0}, {"x": 799.0, "y": 68.0}, {"x": 799.0, "y": 97.0}, {"x": 770.0, "y": 97.0}]}, "description": " 00"}, {"boundingPoly": {"vertices": [{"x": 724.0, "y": 99.0}, {"x": 784.0, "y": 120.0}, {"x": 777.0, "y": 139.0}, {"x": 718.0, "y": 119.0}]}, "description": "PAN Ser"}, {"boundingPoly": {"vertices": [{"x": 799.0, "y": 16.0}, {"x": 823.0, "y": 27.0}, {"x": 816.0, "y": 45.0}, {"x": 792.0, "y": 34.0}]}, "description": "PAL"}, {"boundingPoly": {"vertices": [{"x": 726.0, "y": 79.0}, {"x": 768.0, "y": 79.0}, {"x": 768.0, "y": 111.0}, {"x": 726.0, "y": 111.0}]}, "description": " AID:"}, {"boundingPoly": {"vertices": [{"x": 286.0, "y": 118.0}, {"x": 530.0, "y": 112.0}, {"x": 530.0, "y": 134.0}, {"x": 287.0, "y": 140.0}]}, "description": "Thank You For Visiting the"}, {"boundingPoly": {"vertices": [{"x": 291.0, "y": 138.0}, {"x": 474.0, "y": 138.0}, {"x": 474.0, "y": 160.0}, {"x": 291.0, "y": 160.0}]}, "description": "merchant name"}, {"boundingPoly": {"vertices": [{"x": 334.0, "y": 161.0}, {"x": 484.0, "y": 162.0}, {"x": 484.0, "y": 182.0}, {"x": 334.0, "y": 180.0}]}, "description": "Matthew Fraysier"}, {"boundingPoly": {"vertices": [{"x": 337.0, "y": 181.0}, {"x": 480.0, "y": 182.0}, {"x": 480.0, "y": 201.0}, {"x": 337.0, "y": 201.0}]}, "description": "General Manager"}, {"boundingPoly": {"vertices": [{"x": 351.0, "y": 202.0}, {"x": 472.0, "y": 200.0}, {"x": 473.0, "y": 220.0}, {"x": 351.0, "y": 223.0}]}, "description": "merchant phone"}, {"boundingPoly": {"vertices": [{"x": 305.0, "y": 222.0}, {"x": 511.0, "y": 221.0}, {"x": 511.0, "y": 242.0}, {"x": 306.0, "y": 243.0}]}, "description": "We Love Your Feedback!"}, {"boundingPoly": {"vertices": [{"x": 302.0, "y": 241.0}, {"x": 520.0, "y": 243.0}, {"x": 520.0, "y": 262.0}, {"x": 302.0, "y": 261.0}]}, "description": "Text @LTF11479 to 73940"}, {"boundingPoly": {"vertices": [{"x": 477.0, "y": 137.0}, {"x": 491.0, "y": 137.0}, {"x": 491.0, "y": 160.0}, {"x": 477.0, "y": 160.0}]}, "description": " -"}, {"boundingPoly": {"vertices": [{"x": 494.0, "y": 136.0}, {"x": 529.0, "y": 136.0}, {"x": 529.0, "y": 160.0}, {"x": 494.0, "y": 160.0}]}, "description": "merchant name"}, {"boundingPoly": {"vertices": [{"x": 579.0, "y": 281.0}, {"x": 609.0, "y": 280.0}, {"x": 609.0, "y": 299.0}, {"x": 579.0, "y": 300.0}]}, "description": "USD"}, {"boundingPoly": {"vertices": [{"x": 574.0, "y": 303.0}, {"x": 609.0, "y": 302.0}, {"x": 609.0, "y": 321.0}, {"x": 575.0, "y": 321.0}]}, "description": "1.55"}, {"boundingPoly": {"vertices": [{"x": 569.0, "y": 326.0}, {"x": 612.0, "y": 325.0}, {"x": 611.0, "y": 344.0}, {"x": 570.0, "y": 344.0}]}, "description": "2.70"}, {"boundingPoly": {"vertices": [{"x": 571.0, "y": 349.0}, {"x": 610.0, "y": 348.0}, {"x": 610.0, "y": 368.0}, {"x": 571.0, "y": 368.0}]}, "description": "1.55"}, {"boundingPoly": {"vertices": [{"x": 572.0, "y": 372.0}, {"x": 610.0, "y": 372.0}, {"x": 610.0, "y": 392.0}, {"x": 572.0, "y": 392.0}]}, "description": "1.90"}, {"boundingPoly": {"vertices": [{"x": 571.0, "y": 395.0}, {"x": 611.0, "y": 395.0}, {"x": 610.0, "y": 415.0}, {"x": 572.0, "y": 415.0}]}, "description": "1.55"}, {"boundingPoly": {"vertices": [{"x": 570.0, "y": 419.0}, {"x": 610.0, "y": 419.0}, {"x": 610.0, "y": 438.0}, {"x": 570.0, "y": 438.0}]}, "description": "8.00"}, {"boundingPoly": {"vertices": [{"x": 216.0, "y": 305.0}, {"x": 410.0, "y": 305.0}, {"x": 410.0, "y": 325.0}, {"x": 216.0, "y": 325.0}]}, "description": "Snapple Diet Peach T"}, {"boundingPoly": {"vertices": [{"x": 216.0, "y": 324.0}, {"x": 411.0, "y": 325.0}, {"x": 411.0, "y": 347.0}, {"x": 216.0, "y": 347.0}]}, "description": "Chobani Flip Raspber"}, {"boundingPoly": {"vertices": [{"x": 215.0, "y": 350.0}, {"x": 335.0, "y": 349.0}, {"x": 335.0, "y": 370.0}, {"x": 215.0, "y": 371.0}]}, "description": "Snickers Bar"}, {"boundingPoly": {"vertices": [{"x": 219.0, "y": 373.0}, {"x": 413.0, "y": 373.0}, {"x": 412.0, "y": 395.0}, {"x": 219.0, "y": 394.0}]}, "description": "Orbit Gum Citrux Rem"}, {"boundingPoly": {"vertices": [{"x": 220.0, "y": 397.0}, {"x": 413.0, "y": 396.0}, {"x": 414.0, "y": 418.0}, {"x": 220.0, "y": 419.0}]}, "description": "Candy M&M Plain 1.69"}, {"boundingPoly": {"vertices": [{"x": 219.0, "y": 420.0}, {"x": 411.0, "y": 419.0}, {"x": 411.0, "y": 442.0}, {"x": 219.0, "y": 443.0}]}, "description": "Flatbread / Quesadil"}, {"boundingPoly": {"vertices": [{"x": 439.0, "y": 465.0}, {"x": 526.0, "y": 465.0}, {"x": 526.0, "y": 486.0}, {"x": 439.0, "y": 486.0}]}, "description": "Sub Total"}, {"boundingPoly": {"vertices": [{"x": 440.0, "y": 489.0}, {"x": 536.0, "y": 488.0}, {"x": 536.0, "y": 507.0}, {"x": 440.0, "y": 508.0}]}, "description": "Tax Amount"}, {"boundingPoly": {"vertices": [{"x": 563.0, "y": 466.0}, {"x": 612.0, "y": 466.0}, {"x": 613.0, "y": 486.0}, {"x": 564.0, "y": 486.0}]}, "description": "17.25"}, {"boundingPoly": {"vertices": [{"x": 568.0, "y": 489.0}, {"x": 611.0, "y": 488.0}, {"x": 610.0, "y": 506.0}, {"x": 569.0, "y": 506.0}]}, "description": "1.53"}, {"boundingPoly": {"vertices": [{"x": 228.0, "y": 545.0}, {"x": 391.0, "y": 545.0}, {"x": 391.0, "y": 586.0}, {"x": 228.0, "y": 586.0}]}, "description": "Total USD"}, {"boundingPoly": {"vertices": [{"x": 515.0, "y": 548.0}, {"x": 604.0, "y": 549.0}, {"x": 603.0, "y": 589.0}, {"x": 514.0, "y": 588.0}]}, "description": "18.78"}, {"boundingPoly": {"vertices": [{"x": 223.0, "y": 648.0}, {"x": 418.0, "y": 648.0}, {"x": 418.0, "y": 669.0}, {"x": 223.0, "y": 669.0}]}, "description": "5009 AMERICAN EXPRESS"}, {"boundingPoly": {"vertices": [{"x": 560.0, "y": 652.0}, {"x": 605.0, "y": 652.0}, {"x": 605.0, "y": 672.0}, {"x": 559.0, "y": 672.0}]}, "description": "18.78"}, {"boundingPoly": {"vertices": [{"x": 226.0, "y": 713.0}, {"x": 255.0, "y": 714.0}, {"x": 254.0, "y": 732.0}, {"x": 225.0, "y": 731.0}]}, "description": "Tax"}, {"boundingPoly": {"vertices": [{"x": 226.0, "y": 735.0}, {"x": 300.0, "y": 735.0}, {"x": 300.0, "y": 755.0}, {"x": 226.0, "y": 756.0}]}, "description": "() 8.875"}, {"boundingPoly": {"vertices": [{"x": 369.0, "y": 713.0}, {"x": 505.0, "y": 713.0}, {"x": 505.0, "y": 736.0}, {"x": 369.0, "y": 736.0}]}, "description": " Taxable Amount"}, {"boundingPoly": {"vertices": [{"x": 452.0, "y": 736.0}, {"x": 497.0, "y": 736.0}, {"x": 496.0, "y": 755.0}, {"x": 451.0, "y": 755.0}]}, "description": "17.25"}, {"boundingPoly": {"vertices": [{"x": 510.0, "y": 717.0}, {"x": 606.0, "y": 717.0}, {"x": 606.0, "y": 738.0}, {"x": 510.0, "y": 738.0}]}, "description": " Tax Amount"}, {"boundingPoly": {"vertices": [{"x": 569.0, "y": 740.0}, {"x": 604.0, "y": 739.0}, {"x": 604.0, "y": 758.0}, {"x": 569.0, "y": 759.0}]}, "description": "1.53"}, {"boundingPoly": {"vertices": [{"x": 225.0, "y": 801.0}, {"x": 602.0, "y": 801.0}, {"x": 602.0, "y": 828.0}, {"x": 225.0, "y": 828.0}]}, "description": " 11/06/2019 01:35 PM #:39270 Op:4024 C:111"}, {"boundingPoly": {"vertices": [{"x": 221.0, "y": 846.0}, {"x": 318.0, "y": 846.0}, {"x": 318.0, "y": 868.0}, {"x": 221.0, "y": 868.0}]}, "description": " Served you"}, {"boundingPoly": {"vertices": [{"x": 224.0, "y": 824.0}, {"x": 316.0, "y": 824.0}, {"x": 316.0, "y": 845.0}, {"x": 224.0, "y": 845.0}]}, "description": " 103 S:1111"}, {"boundingPoly": {"vertices": [{"x": 322.0, "y": 846.0}, {"x": 515.0, "y": 846.0}, {"x": 515.0, "y": 869.0}, {"x": 322.0, "y": 869.0}]}, "description": " : Winifred Wellington"}, {"boundingPoly": {"vertices": [{"x": 299.0, "y": 935.0}, {"x": 494.0, "y": 936.0}, {"x": 494.0, "y": 956.0}, {"x": 299.0, "y": 955.0}]}, "description": "*** Customer copy ***"}, {"boundingPoly": {"vertices": [{"x": 337.0, "y": 978.0}, {"x": 465.0, "y": 980.0}, {"x": 465.0, "y": 1001.0}, {"x": 337.0, "y": 1000.0}]}, "description": "AMEX NY937 (3)"}, {"boundingPoly": {"vertices": [{"x": 245.0, "y": 999.0}, {"x": 565.0, "y": 999.0}, {"x": 565.0, "y": 1029.0}, {"x": 245.0, "y": 1029.0}]}, "description": " agree to pay the above total amount"}, {"boundingPoly": {"vertices": [{"x": 218.0, "y": 1046.0}, {"x": 485.0, "y": 1046.0}, {"x": 485.0, "y": 1072.0}, {"x": 218.0, "y": 1072.0}]}, "description": " agreement. (Merchant agreement"}, {"boundingPoly": {"vertices": [{"x": 229.0, "y": 999.0}, {"x": 241.0, "y": 999.0}, {"x": 241.0, "y": 1021.0}, {"x": 229.0, "y": 1021.0}]}, "description": " I"}, {"boundingPoly": {"vertices": [{"x": 292.0, "y": 1023.0}, {"x": 510.0, "y": 1026.0}, {"x": 510.0, "y": 1047.0}, {"x": 292.0, "y": 1042.0}]}, "description": "according to card issuer"}, {"boundingPoly": {"vertices": [{"x": 488.0, "y": 1049.0}, {"x": 574.0, "y": 1049.0}, {"x": 574.0, "y": 1076.0}, {"x": 488.0, "y": 1076.0}]}, "description": " if Credit"}, {"boundingPoly": {"vertices": [{"x": 244.0, "y": 1067.0}, {"x": 547.0, "y": 1074.0}, {"x": 546.0, "y": 1097.0}, {"x": 244.0, "y": 1087.0}]}, "description": "Voucher)Retain this copy for your"}, {"boundingPoly": {"vertices": [{"x": 362.0, "y": 1093.0}, {"x": 437.0, "y": 1094.0}, {"x": 436.0, "y": 1114.0}, {"x": 361.0, "y": 1111.0}]}, "description": "records."}, {"boundingPoly": {"vertices": [{"x": 216.0, "y": 1128.0}, {"x": 394.0, "y": 1135.0}, {"x": 393.0, "y": 1158.0}, {"x": 216.0, "y": 1150.0}]}, "description": "PURCHASE / APPROVED"}, {"boundingPoly": {"vertices": [{"x": 211.0, "y": 1153.0}, {"x": 361.0, "y": 1158.0}, {"x": 360.0, "y": 1180.0}, {"x": 210.0, "y": 1174.0}]}, "description": "AMERICAN EXPRESS"}]}