{"textAnnotations": [{"boundingPoly": {"vertices": [{"x": 105.0, "y": 206.0}, {"x": 310.0, "y": 210.0}, {"x": 310.0, "y": 248.0}, {"x": 104.0, "y": 244.0}]}, "description": "merchant name"}, {"boundingPoly": {"vertices": [{"x": 140.0, "y": 252.0}, {"x": 275.0, "y": 252.0}, {"x": 275.0, "y": 286.0}, {"x": 140.0, "y": 285.0}]}, "description": "merchant name"}, {"boundingPoly": {"vertices": [{"x": 73.0, "y": 350.0}, {"x": 341.0, "y": 353.0}, {"x": 341.0, "y": 375.0}, {"x": 73.0, "y": 372.0}]}, "description": "SYD-T3-Dom-Lnd"}, {"boundingPoly": {"vertices": [{"x": 118.0, "y": 401.0}, {"x": 240.0, "y": 401.0}, {"x": 240.0, "y": 422.0}, {"x": 118.0, "y": 422.0}]}, "description": " WED DECEMBER"}, {"boundingPoly": {"vertices": [{"x": 52.0, "y": 424.0}, {"x": 329.0, "y": 425.0}, {"x": 328.0, "y": 447.0}, {"x": 52.0, "y": 445.0}]}, "description": "CHECK #355412-"}, {"boundingPoly": {"vertices": [{"x": 244.0, "y": 401.0}, {"x": 314.0, "y": 401.0}, {"x": 314.0, "y": 422.0}, {"x": 244.0, "y": 422.0}]}, "description": " 18, 2019"}, {"boundingPoly": {"vertices": [{"x": 339.0, "y": 427.0}, {"x": 357.0, "y": 428.0}, {"x": 357.0, "y": 448.0}, {"x": 339.0, "y": 447.0}]}, "description": "1"}, {"boundingPoly": {"vertices": [{"x": 62.0, "y": 473.0}, {"x": 73.0, "y": 473.0}, {"x": 73.0, "y": 496.0}, {"x": 62.0, "y": 496.0}]}, "description": " 1"}, {"boundingPoly": {"vertices": [{"x": 77.0, "y": 474.0}, {"x": 271.0, "y": 474.0}, {"x": 271.0, "y": 497.0}, {"x": 77.0, "y": 497.0}]}, "description": " Coff Flat White TALL"}, {"boundingPoly": {"vertices": [{"x": 79.0, "y": 498.0}, {"x": 112.0, "y": 498.0}, {"x": 111.0, "y": 519.0}, {"x": 79.0, "y": 518.0}]}, "description": "TAX"}, {"boundingPoly": {"vertices": [{"x": 54.0, "y": 522.0}, {"x": 149.0, "y": 523.0}, {"x": 149.0, "y": 545.0}, {"x": 54.0, "y": 544.0}]}, "description": "TOTAL"}, {"boundingPoly": {"vertices": [{"x": 319.0, "y": 476.0}, {"x": 367.0, "y": 475.0}, {"x": 368.0, "y": 495.0}, {"x": 319.0, "y": 497.0}]}, "description": "$6. 30"}, {"boundingPoly": {"vertices": [{"x": 318.0, "y": 500.0}, {"x": 368.0, "y": 500.0}, {"x": 368.0, "y": 522.0}, {"x": 318.0, "y": 522.0}]}, "description": "$0. 57"}, {"boundingPoly": {"vertices": [{"x": 263.0, "y": 524.0}, {"x": 359.0, "y": 524.0}, {"x": 359.0, "y": 545.0}, {"x": 263.0, "y": 545.0}]}, "description": "$6.30"}, {"boundingPoly": {"vertices": [{"x": 112.0, "y": 592.0}, {"x": 320.0, "y": 595.0}, {"x": 320.0, "y": 615.0}, {"x": 112.0, "y": 612.0}]}, "description": "Tell us what you think"}, {"boundingPoly": {"vertices": [{"x": 55.0, "y": 616.0}, {"x": 373.0, "y": 618.0}, {"x": 373.0, "y": 636.0}, {"x": 55.0, "y": 633.0}]}, "description": "receive a free small coffee on us."}, {"boundingPoly": {"vertices": [{"x": 140.0, "y": 634.0}, {"x": 284.0, "y": 635.0}, {"x": 284.0, "y": 656.0}, {"x": 139.0, "y": 654.0}]}, "description": "211313561895412"}, {"boundingPoly": {"vertices": [{"x": 128.0, "y": 659.0}, {"x": 358.0, "y": 659.0}, {"x": 358.0, "y": 683.0}, {"x": 128.0, "y": 683.0}]}, "description": " www. spillthebeans. com. au"}, {"boundingPoly": {"vertices": [{"x": 74.0, "y": 658.0}, {"x": 124.0, "y": 658.0}, {"x": 124.0, "y": 680.0}, {"x": 74.0, "y": 680.0}]}, "description": " Visit"}, {"boundingPoly": {"vertices": [{"x": 93.0, "y": 707.0}, {"x": 145.0, "y": 707.0}, {"x": 145.0, "y": 729.0}, {"x": 93.0, "y": 729.0}]}, "description": " Total"}, {"boundingPoly": {"vertices": [{"x": 149.0, "y": 708.0}, {"x": 329.0, "y": 708.0}, {"x": 329.0, "y": 732.0}, {"x": 149.0, "y": 732.0}]}, "description": " is inclusive of GST"}, {"boundingPoly": {"vertices": [{"x": 149.0, "y": 732.0}, {"x": 254.0, "y": 734.0}, {"x": 253.0, "y": 755.0}, {"x": 149.0, "y": 753.0}]}, "description": "Visit us at"}, {"boundingPoly": {"vertices": [{"x": 102.0, "y": 758.0}, {"x": 331.0, "y": 760.0}, {"x": 330.0, "y": 781.0}, {"x": 102.0, "y": 777.0}]}, "description": "www. hudsonscoffee. com. au"}, {"boundingPoly": {"vertices": [{"x": 129.0, "y": 781.0}, {"x": 302.0, "y": 782.0}, {"x": 302.0, "y": 804.0}, {"x": 129.0, "y": 802.0}]}, "description": "ABN 76 131 473 679"}, {"boundingPoly": {"vertices": [{"x": 189.0, "y": 806.0}, {"x": 244.0, "y": 807.0}, {"x": 244.0, "y": 828.0}, {"x": 189.0, "y": 828.0}]}, "description": "OUT"}, {"boundingPoly": {"vertices": [{"x": 187.0, "y": 832.0}, {"x": 245.0, "y": 832.0}, {"x": 244.0, "y": 852.0}, {"x": 188.0, "y": 852.0}]}, "description": "OUT"}, {"boundingPoly": {"vertices": [{"x": 149.0, "y": 856.0}, {"x": 200.0, "y": 856.0}, {"x": 200.0, "y": 879.0}, {"x": 149.0, "y": 879.0}]}, "description": " 13:56"}, {"boundingPoly": {"vertices": [{"x": 93.0, "y": 857.0}, {"x": 145.0, "y": 857.0}, {"x": 145.0, "y": 879.0}, {"x": 93.0, "y": 879.0}]}, "description": " Time:"}, {"boundingPoly": {"vertices": [{"x": 244.0, "y": 858.0}, {"x": 255.0, "y": 858.0}, {"x": 255.0, "y": 879.0}, {"x": 244.0, "y": 879.0}]}, "description": " 1"}, {"boundingPoly": {"vertices": [{"x": 259.0, "y": 858.0}, {"x": 342.0, "y": 858.0}, {"x": 342.0, "y": 881.0}, {"x": 259.0, "y": 881.0}]}, "description": " CUSTOMER"}, {"boundingPoly": {"vertices": [{"x": 167.0, "y": 909.0}, {"x": 255.0, "y": 908.0}, {"x": 256.0, "y": 930.0}, {"x": 167.0, "y": 930.0}]}, "description": "THANK YOU"}, {"boundingPoly": {"vertices": [{"x": 129.0, "y": 935.0}, {"x": 302.0, "y": 935.0}, {"x": 303.0, "y": 957.0}, {"x": 129.0, "y": 957.0}]}, "description": "PLEASE CALL AGAIN!"}, {"boundingPoly": {"vertices": [{"x": 118.0, "y": 988.0}, {"x": 314.0, "y": 988.0}, {"x": 314.0, "y": 1008.0}, {"x": 118.0, "y": 1009.0}]}, "description": "YOU HAVE BEEN SERVED"}, {"boundingPoly": {"vertices": [{"x": 164.0, "y": 1014.0}, {"x": 190.0, "y": 1014.0}, {"x": 190.0, "y": 1034.0}, {"x": 164.0, "y": 1034.0}]}, "description": " BY"}, {"boundingPoly": {"vertices": [{"x": 193.0, "y": 1014.0}, {"x": 266.0, "y": 1014.0}, {"x": 266.0, "y": 1035.0}, {"x": 193.0, "y": 1035.0}]}, "description": " : Priya"}, {"boundingPoly": {"vertices": [{"x": 90.0, "y": 1108.0}, {"x": 102.0, "y": 1108.0}, {"x": 102.0, "y": 1122.0}, {"x": 89.0, "y": 1123.0}]}, "description": "*"}, {"boundingPoly": {"vertices": [{"x": 124.0, "y": 1106.0}, {"x": 143.0, "y": 1106.0}, {"x": 143.0, "y": 1127.0}, {"x": 124.0, "y": 1127.0}]}, "description": " 3"}, {"boundingPoly": {"vertices": [{"x": 157.0, "y": 1106.0}, {"x": 177.0, "y": 1106.0}, {"x": 177.0, "y": 1127.0}, {"x": 157.0, "y": 1127.0}]}, "description": " 5"}, {"boundingPoly": {"vertices": [{"x": 194.0, "y": 1106.0}, {"x": 214.0, "y": 1106.0}, {"x": 214.0, "y": 1127.0}, {"x": 194.0, "y": 1127.0}]}, "description": " 5"}, {"boundingPoly": {"vertices": [{"x": 229.0, "y": 1106.0}, {"x": 250.0, "y": 1106.0}, {"x": 250.0, "y": 1127.0}, {"x": 229.0, "y": 1127.0}]}, "description": " 4"}, {"boundingPoly": {"vertices": [{"x": 267.0, "y": 1107.0}, {"x": 289.0, "y": 1107.0}, {"x": 289.0, "y": 1127.0}, {"x": 267.0, "y": 1127.0}]}, "description": " 1"}, {"boundingPoly": {"vertices": [{"x": 301.0, "y": 1108.0}, {"x": 318.0, "y": 1108.0}, {"x": 318.0, "y": 1127.0}, {"x": 301.0, "y": 1127.0}]}, "description": " 2"}, {"boundingPoly": {"vertices": [{"x": 326.0, "y": 1109.0}, {"x": 351.0, "y": 1109.0}, {"x": 350.0, "y": 1125.0}, {"x": 326.0, "y": 1124.0}]}, "description": "*"}, {"boundingPoly": {"vertices": [{"x": 18.0, "y": 1171.0}, {"x": 78.0, "y": 1171.0}, {"x": 78.0, "y": 1189.0}, {"x": 18.0, "y": 1190.0}]}, "description": "EFTPOS"}, {"boundingPoly": {"vertices": [{"x": 216.0, "y": 1173.0}, {"x": 266.0, "y": 1173.0}, {"x": 266.0, "y": 1191.0}, {"x": 216.0, "y": 1192.0}]}, "description": "$6. 30"}]}