{"textAnnotations": [{"boundingPoly": {"vertices": [{"x": 39.0, "y": 75.0}, {"x": 154.0, "y": 79.0}, {"x": 154.0, "y": 90.0}, {"x": 39.0, "y": 86.0}]}, "description": "Thank You For Visiting the"}, {"boundingPoly": {"vertices": [{"x": 60.0, "y": 98.0}, {"x": 132.0, "y": 101.0}, {"x": 132.0, "y": 111.0}, {"x": 60.0, "y": 108.0}]}, "description": "Matthew Fraysier"}, {"boundingPoly": {"vertices": [{"x": 62.0, "y": 109.0}, {"x": 130.0, "y": 111.0}, {"x": 129.0, "y": 121.0}, {"x": 62.0, "y": 119.0}]}, "description": "General Manager"}, {"boundingPoly": {"vertices": [{"x": 66.0, "y": 119.0}, {"x": 126.0, "y": 121.0}, {"x": 126.0, "y": 131.0}, {"x": 66.0, "y": 130.0}]}, "description": "merchant phone"}, {"boundingPoly": {"vertices": [{"x": 47.0, "y": 130.0}, {"x": 144.0, "y": 132.0}, {"x": 144.0, "y": 143.0}, {"x": 47.0, "y": 140.0}]}, "description": "We Love Your Feedback!"}, {"boundingPoly": {"vertices": [{"x": 40.0, "y": 86.0}, {"x": 153.0, "y": 89.0}, {"x": 153.0, "y": 100.0}, {"x": 39.0, "y": 97.0}]}, "description": "merchant name"}, {"boundingPoly": {"vertices": [{"x": 46.0, "y": 140.0}, {"x": 148.0, "y": 143.0}, {"x": 148.0, "y": 153.0}, {"x": 46.0, "y": 150.0}]}, "description": "Text @LIF11479 to 73940"}, {"boundingPoly": {"vertices": [{"x": 10.0, "y": 172.0}, {"x": 28.0, "y": 172.0}, {"x": 28.0, "y": 183.0}, {"x": 10.0, "y": 183.0}]}, "description": " 0.43"}, {"boundingPoly": {"vertices": [{"x": 9.0, "y": 181.0}, {"x": 76.0, "y": 183.0}, {"x": 75.0, "y": 195.0}, {"x": 9.0, "y": 193.0}]}, "description": "Small Clamshell"}, {"boundingPoly": {"vertices": [{"x": 8.0, "y": 202.0}, {"x": 76.0, "y": 202.0}, {"x": 76.0, "y": 216.0}, {"x": 8.0, "y": 216.0}]}, "description": " Chobani Non Fat"}, {"boundingPoly": {"vertices": [{"x": 30.0, "y": 172.0}, {"x": 94.0, "y": 172.0}, {"x": 94.0, "y": 185.0}, {"x": 30.0, "y": 185.0}]}, "description": " lb x $ 7.68/1b"}, {"boundingPoly": {"vertices": [{"x": 9.0, "y": 191.0}, {"x": 93.0, "y": 195.0}, {"x": 92.0, "y": 207.0}, {"x": 9.0, "y": 202.0}]}, "description": "H Culinary Theater"}, {"boundingPoly": {"vertices": [{"x": 78.0, "y": 206.0}, {"x": 98.0, "y": 206.0}, {"x": 98.0, "y": 217.0}, {"x": 78.0, "y": 217.0}]}, "description": " Blue"}, {"boundingPoly": {"vertices": [{"x": 173.0, "y": 165.0}, {"x": 187.0, "y": 165.0}, {"x": 187.0, "y": 174.0}, {"x": 173.0, "y": 174.0}]}, "description": "USO"}, {"boundingPoly": {"vertices": [{"x": 168.0, "y": 186.0}, {"x": 188.0, "y": 186.0}, {"x": 188.0, "y": 196.0}, {"x": 168.0, "y": 196.0}]}, "description": "3.30"}, {"boundingPoly": {"vertices": [{"x": 168.0, "y": 196.0}, {"x": 188.0, "y": 196.0}, {"x": 188.0, "y": 206.0}, {"x": 168.0, "y": 206.0}]}, "description": "8.25"}, {"boundingPoly": {"vertices": [{"x": 169.0, "y": 207.0}, {"x": 188.0, "y": 208.0}, {"x": 187.0, "y": 217.0}, {"x": 169.0, "y": 216.0}]}, "description": "2.70"}, {"boundingPoly": {"vertices": [{"x": 108.0, "y": 227.0}, {"x": 149.0, "y": 228.0}, {"x": 149.0, "y": 238.0}, {"x": 108.0, "y": 236.0}]}, "description": "Sub Total"}, {"boundingPoly": {"vertices": [{"x": 110.0, "y": 237.0}, {"x": 154.0, "y": 239.0}, {"x": 154.0, "y": 248.0}, {"x": 109.0, "y": 246.0}]}, "description": "Tax Amount"}, {"boundingPoly": {"vertices": [{"x": 165.0, "y": 229.0}, {"x": 188.0, "y": 229.0}, {"x": 188.0, "y": 239.0}, {"x": 165.0, "y": 238.0}]}, "description": "14.25"}, {"boundingPoly": {"vertices": [{"x": 168.0, "y": 239.0}, {"x": 187.0, "y": 239.0}, {"x": 187.0, "y": 249.0}, {"x": 168.0, "y": 249.0}]}, "description": "1.26"}, {"boundingPoly": {"vertices": [{"x": 4.0, "y": 263.0}, {"x": 84.0, "y": 265.0}, {"x": 84.0, "y": 283.0}, {"x": 4.0, "y": 280.0}]}, "description": "Total USD"}, {"boundingPoly": {"vertices": [{"x": 146.0, "y": 267.0}, {"x": 187.0, "y": 268.0}, {"x": 187.0, "y": 284.0}, {"x": 146.0, "y": 284.0}]}, "description": "15.51"}, {"boundingPoly": {"vertices": [{"x": 3.0, "y": 311.0}, {"x": 45.0, "y": 312.0}, {"x": 45.0, "y": 322.0}, {"x": 2.0, "y": 321.0}]}, "description": "5008 AMEX"}, {"boundingPoly": {"vertices": [{"x": 167.0, "y": 314.0}, {"x": 188.0, "y": 313.0}, {"x": 188.0, "y": 324.0}, {"x": 167.0, "y": 324.0}]}, "description": "15.5"}, {"boundingPoly": {"vertices": [{"x": 4.0, "y": 343.0}, {"x": 22.0, "y": 343.0}, {"x": 22.0, "y": 353.0}, {"x": 4.0, "y": 353.0}]}, "description": "Tax"}, {"boundingPoly": {"vertices": [{"x": 4.0, "y": 354.0}, {"x": 13.0, "y": 354.0}, {"x": 13.0, "y": 365.0}, {"x": 4.0, "y": 365.0}]}, "description": " ()"}, {"boundingPoly": {"vertices": [{"x": 15.0, "y": 354.0}, {"x": 41.0, "y": 354.0}, {"x": 41.0, "y": 365.0}, {"x": 15.0, "y": 365.0}]}, "description": " 8.875"}, {"boundingPoly": {"vertices": [{"x": 74.0, "y": 344.0}, {"x": 106.0, "y": 344.0}, {"x": 106.0, "y": 355.0}, {"x": 74.0, "y": 355.0}]}, "description": " Taxable"}, {"boundingPoly": {"vertices": [{"x": 109.0, "y": 345.0}, {"x": 141.0, "y": 345.0}, {"x": 141.0, "y": 356.0}, {"x": 109.0, "y": 356.0}]}, "description": " Ascunt"}, {"boundingPoly": {"vertices": [{"x": 115.0, "y": 354.0}, {"x": 137.0, "y": 355.0}, {"x": 137.0, "y": 364.0}, {"x": 115.0, "y": 363.0}]}, "description": "14.25"}, {"boundingPoly": {"vertices": [{"x": 144.0, "y": 345.0}, {"x": 159.0, "y": 345.0}, {"x": 159.0, "y": 356.0}, {"x": 144.0, "y": 356.0}]}, "description": " Tax"}, {"boundingPoly": {"vertices": [{"x": 161.0, "y": 346.0}, {"x": 189.0, "y": 346.0}, {"x": 189.0, "y": 356.0}, {"x": 161.0, "y": 356.0}]}, "description": " Amount"}, {"boundingPoly": {"vertices": [{"x": 172.0, "y": 357.0}, {"x": 188.0, "y": 357.0}, {"x": 188.0, "y": 366.0}, {"x": 172.0, "y": 366.0}]}, "description": "1.26"}, {"boundingPoly": {"vertices": [{"x": 4.0, "y": 386.0}, {"x": 93.0, "y": 386.0}, {"x": 93.0, "y": 397.0}, {"x": 4.0, "y": 397.0}]}, "description": " 12/10/2019 01:28 PM"}, {"boundingPoly": {"vertices": [{"x": 4.0, "y": 397.0}, {"x": 50.0, "y": 397.0}, {"x": 50.0, "y": 408.0}, {"x": 4.0, "y": 408.0}]}, "description": " 104 S:1111"}, {"boundingPoly": {"vertices": [{"x": 4.0, "y": 408.0}, {"x": 51.0, "y": 408.0}, {"x": 51.0, "y": 419.0}, {"x": 4.0, "y": 419.0}]}, "description": " Served you"}, {"boundingPoly": {"vertices": [{"x": 96.0, "y": 385.0}, {"x": 129.0, "y": 385.0}, {"x": 129.0, "y": 397.0}, {"x": 96.0, "y": 397.0}]}, "description": " :33987"}, {"boundingPoly": {"vertices": [{"x": 134.0, "y": 385.0}, {"x": 186.0, "y": 385.0}, {"x": 186.0, "y": 396.0}, {"x": 134.0, "y": 396.0}]}, "description": " :4046 C:111"}, {"boundingPoly": {"vertices": [{"x": 53.0, "y": 407.0}, {"x": 117.0, "y": 407.0}, {"x": 117.0, "y": 419.0}, {"x": 53.0, "y": 419.0}]}, "description": " : Antya Taylor"}, {"boundingPoly": {"vertices": [{"x": 45.0, "y": 451.0}, {"x": 59.0, "y": 451.0}, {"x": 59.0, "y": 461.0}, {"x": 45.0, "y": 461.0}]}, "description": " ***"}, {"boundingPoly": {"vertices": [{"x": 61.0, "y": 450.0}, {"x": 99.0, "y": 450.0}, {"x": 99.0, "y": 461.0}, {"x": 61.0, "y": 461.0}]}, "description": " Customer"}, {"boundingPoly": {"vertices": [{"x": 101.0, "y": 449.0}, {"x": 121.0, "y": 449.0}, {"x": 121.0, "y": 460.0}, {"x": 101.0, "y": 460.0}]}, "description": " copy"}, {"boundingPoly": {"vertices": [{"x": 123.0, "y": 448.0}, {"x": 138.0, "y": 448.0}, {"x": 138.0, "y": 460.0}, {"x": 123.0, "y": 460.0}]}, "description": " ***"}, {"boundingPoly": {"vertices": [{"x": 63.0, "y": 471.0}, {"x": 108.0, "y": 471.0}, {"x": 108.0, "y": 482.0}, {"x": 63.0, "y": 482.0}]}, "description": " AMEX NY937."}, {"boundingPoly": {"vertices": [{"x": 110.0, "y": 470.0}, {"x": 126.0, "y": 470.0}, {"x": 126.0, "y": 481.0}, {"x": 110.0, "y": 481.0}]}, "description": " (4)"}, {"boundingPoly": {"vertices": [{"x": 3.0, "y": 495.0}, {"x": 91.0, "y": 491.0}, {"x": 91.0, "y": 502.0}, {"x": 3.0, "y": 505.0}]}, "description": "PURCHASE / APPROVED"}, {"boundingPoly": {"vertices": [{"x": 4.0, "y": 506.0}, {"x": 24.0, "y": 506.0}, {"x": 24.0, "y": 515.0}, {"x": 4.0, "y": 515.0}]}, "description": "AMEX"}, {"boundingPoly": {"vertices": [{"x": 4.0, "y": 516.0}, {"x": 72.0, "y": 513.0}, {"x": 72.0, "y": 522.0}, {"x": 4.0, "y": 526.0}]}, "description": "*********** 1001"}, {"boundingPoly": {"vertices": [{"x": 3.0, "y": 525.0}, {"x": 94.0, "y": 522.0}, {"x": 94.0, "y": 532.0}, {"x": 4.0, "y": 536.0}]}, "description": "CONTACTLESS / No CVM"}, {"boundingPoly": {"vertices": [{"x": 4.0, "y": 543.0}, {"x": 90.0, "y": 543.0}, {"x": 90.0, "y": 556.0}, {"x": 4.0, "y": 556.0}]}, "description": " 2019/12/10 13:28:42"}, {"boundingPoly": {"vertices": [{"x": 6.0, "y": 556.0}, {"x": 20.0, "y": 556.0}, {"x": 19.0, "y": 565.0}, {"x": 6.0, "y": 565.0}]}, "description": "TID"}, {"boundingPoly": {"vertices": [{"x": 3.0, "y": 567.0}, {"x": 17.0, "y": 566.0}, {"x": 18.0, "y": 575.0}, {"x": 3.0, "y": 575.0}]}, "description": "MID"}, {"boundingPoly": {"vertices": [{"x": 2.0, "y": 576.0}, {"x": 45.0, "y": 575.0}, {"x": 45.0, "y": 585.0}, {"x": 2.0, "y": 586.0}]}, "description": "REFERENCE"}, {"boundingPoly": {"vertices": [{"x": 4.0, "y": 586.0}, {"x": 45.0, "y": 586.0}, {"x": 46.0, "y": 595.0}, {"x": 4.0, "y": 596.0}]}, "description": "AUTH CODE"}, {"boundingPoly": {"vertices": [{"x": 143.0, "y": 551.0}, {"x": 179.0, "y": 551.0}, {"x": 179.0, "y": 560.0}, {"x": 143.0, "y": 560.0}]}, "description": "**** 5033"}, {"boundingPoly": {"vertices": [{"x": 147.0, "y": 561.0}, {"x": 179.0, "y": 562.0}, {"x": 179.0, "y": 571.0}, {"x": 147.0, "y": 571.0}]}, "description": "6634459"}, {"boundingPoly": {"vertices": [{"x": 70.0, "y": 572.0}, {"x": 178.0, "y": 572.0}, {"x": 178.0, "y": 582.0}, {"x": 70.0, "y": 583.0}]}, "description": "$11111111104#339670674986"}, {"boundingPoly": {"vertices": [{"x": 149.0, "y": 582.0}, {"x": 179.0, "y": 583.0}, {"x": 179.0, "y": 592.0}, {"x": 149.0, "y": 591.0}]}, "description": "584360"}, {"boundingPoly": {"vertices": [{"x": 4.0, "y": 605.0}, {"x": 28.0, "y": 606.0}, {"x": 27.0, "y": 615.0}, {"x": 4.0, "y": 615.0}]}, "description": "TOTAL"}, {"boundingPoly": {"vertices": [{"x": 142.0, "y": 603.0}, {"x": 177.0, "y": 604.0}, {"x": 177.0, "y": 613.0}, {"x": 142.0, "y": 613.0}]}, "description": "USD15.51"}]}