{"textAnnotations": [{"boundingPoly": {"vertices": [{"x": 275.0, "y": 222.0}, {"x": 509.0, "y": 218.0}, {"x": 509.0, "y": 240.0}, {"x": 275.0, "y": 243.0}]}, "description": "merchant name"}, {"boundingPoly": {"vertices": [{"x": 344.0, "y": 244.0}, {"x": 420.0, "y": 244.0}, {"x": 420.0, "y": 265.0}, {"x": 344.0, "y": 265.0}]}, "description": "merchant address"}, {"boundingPoly": {"vertices": [{"x": 392.0, "y": 265.0}, {"x": 519.0, "y": 265.0}, {"x": 519.0, "y": 289.0}, {"x": 392.0, "y": 289.0}]}, "description": "merchant address"}, {"boundingPoly": {"vertices": [{"x": 423.0, "y": 244.0}, {"x": 446.0, "y": 244.0}, {"x": 446.0, "y": 265.0}, {"x": 423.0, "y": 265.0}]}, "description": "merchant address"}, {"boundingPoly": {"vertices": [{"x": 264.0, "y": 268.0}, {"x": 358.0, "y": 268.0}, {"x": 358.0, "y": 290.0}, {"x": 264.0, "y": 290.0}]}, "description": "merchant address"}, {"boundingPoly": {"vertices": [{"x": 362.0, "y": 268.0}, {"x": 387.0, "y": 268.0}, {"x": 387.0, "y": 289.0}, {"x": 362.0, "y": 289.0}]}, "description": "merchant address"}, {"boundingPoly": {"vertices": [{"x": 343.0, "y": 315.0}, {"x": 447.0, "y": 315.0}, {"x": 447.0, "y": 337.0}, {"x": 343.0, "y": 337.0}]}, "description": "CHK 720584"}, {"boundingPoly": {"vertices": [{"x": 299.0, "y": 339.0}, {"x": 490.0, "y": 339.0}, {"x": 490.0, "y": 363.0}, {"x": 299.0, "y": 363.0}]}, "description": " 11/02/2019 12:27 PM"}, {"boundingPoly": {"vertices": [{"x": 253.0, "y": 365.0}, {"x": 341.0, "y": 365.0}, {"x": 341.0, "y": 387.0}, {"x": 253.0, "y": 387.0}]}, "description": "2344852"}, {"boundingPoly": {"vertices": [{"x": 353.0, "y": 366.0}, {"x": 432.0, "y": 366.0}, {"x": 432.0, "y": 388.0}, {"x": 353.0, "y": 388.0}]}, "description": " Drawer:"}, {"boundingPoly": {"vertices": [{"x": 435.0, "y": 365.0}, {"x": 512.0, "y": 365.0}, {"x": 512.0, "y": 388.0}, {"x": 435.0, "y": 388.0}]}, "description": " 1 Reg:"}, {"boundingPoly": {"vertices": [{"x": 516.0, "y": 365.0}, {"x": 528.0, "y": 365.0}, {"x": 528.0, "y": 387.0}, {"x": 516.0, "y": 387.0}]}, "description": " 1"}, {"boundingPoly": {"vertices": [{"x": 227.0, "y": 415.0}, {"x": 389.0, "y": 415.0}, {"x": 389.0, "y": 437.0}, {"x": 227.0, "y": 437.0}]}, "description": "Banana Nut Bread"}, {"boundingPoly": {"vertices": [{"x": 229.0, "y": 440.0}, {"x": 250.0, "y": 440.0}, {"x": 250.0, "y": 462.0}, {"x": 229.0, "y": 462.0}]}, "description": " Tl"}, {"boundingPoly": {"vertices": [{"x": 245.0, "y": 465.0}, {"x": 330.0, "y": 466.0}, {"x": 330.0, "y": 486.0}, {"x": 245.0, "y": 485.0}]}, "description": "Hazelnut"}, {"boundingPoly": {"vertices": [{"x": 505.0, "y": 414.0}, {"x": 548.0, "y": 414.0}, {"x": 547.0, "y": 436.0}, {"x": 506.0, "y": 437.0}]}, "description": "3.25"}, {"boundingPoly": {"vertices": [{"x": 505.0, "y": 440.0}, {"x": 547.0, "y": 440.0}, {"x": 548.0, "y": 460.0}, {"x": 505.0, "y": 460.0}]}, "description": "3.95"}, {"boundingPoly": {"vertices": [{"x": 505.0, "y": 464.0}, {"x": 547.0, "y": 465.0}, {"x": 547.0, "y": 485.0}, {"x": 505.0, "y": 485.0}]}, "description": "0.50"}, {"boundingPoly": {"vertices": [{"x": 254.0, "y": 440.0}, {"x": 360.0, "y": 440.0}, {"x": 360.0, "y": 462.0}, {"x": 254.0, "y": 462.0}]}, "description": " Cappuccino"}, {"boundingPoly": {"vertices": [{"x": 228.0, "y": 515.0}, {"x": 271.0, "y": 515.0}, {"x": 270.0, "y": 534.0}, {"x": 228.0, "y": 533.0}]}, "description": "Amex"}, {"boundingPoly": {"vertices": [{"x": 227.0, "y": 537.0}, {"x": 387.0, "y": 537.0}, {"x": 387.0, "y": 558.0}, {"x": 227.0, "y": 558.0}]}, "description": "XXXXXXXXXXXX5002"}, {"boundingPoly": {"vertices": [{"x": 345.0, "y": 561.0}, {"x": 448.0, "y": 561.0}, {"x": 448.0, "y": 583.0}, {"x": 345.0, "y": 583.0}]}, "description": " QUICK CHIP"}, {"boundingPoly": {"vertices": [{"x": 346.0, "y": 584.0}, {"x": 429.0, "y": 584.0}, {"x": 429.0, "y": 606.0}, {"x": 346.0, "y": 606.0}]}, "description": " PURCHASE"}, {"boundingPoly": {"vertices": [{"x": 233.0, "y": 607.0}, {"x": 354.0, "y": 607.0}, {"x": 354.0, "y": 626.0}, {"x": 233.0, "y": 626.0}]}, "description": " Reference #:"}, {"boundingPoly": {"vertices": [{"x": 340.0, "y": 626.0}, {"x": 495.0, "y": 626.0}, {"x": 495.0, "y": 645.0}, {"x": 340.0, "y": 645.0}]}, "description": " AMERICAN EXPRESS"}, {"boundingPoly": {"vertices": [{"x": 313.0, "y": 648.0}, {"x": 372.0, "y": 648.0}, {"x": 372.0, "y": 664.0}, {"x": 313.0, "y": 664.0}]}, "description": " 860707"}, {"boundingPoly": {"vertices": [{"x": 286.0, "y": 664.0}, {"x": 438.0, "y": 664.0}, {"x": 438.0, "y": 683.0}, {"x": 286.0, "y": 683.0}]}, "description": " A000000025010801"}, {"boundingPoly": {"vertices": [{"x": 288.0, "y": 685.0}, {"x": 383.0, "y": 685.0}, {"x": 383.0, "y": 705.0}, {"x": 288.0, "y": 705.0}]}, "description": " 0000008000"}, {"boundingPoly": {"vertices": [{"x": 286.0, "y": 707.0}, {"x": 326.0, "y": 707.0}, {"x": 326.0, "y": 727.0}, {"x": 286.0, "y": 727.0}]}, "description": " E800"}, {"boundingPoly": {"vertices": [{"x": 504.0, "y": 512.0}, {"x": 548.0, "y": 513.0}, {"x": 548.0, "y": 533.0}, {"x": 504.0, "y": 533.0}]}, "description": "8.09"}, {"boundingPoly": {"vertices": [{"x": 231.0, "y": 562.0}, {"x": 342.0, "y": 562.0}, {"x": 342.0, "y": 583.0}, {"x": 231.0, "y": 583.0}]}, "description": " Card Entry:"}, {"boundingPoly": {"vertices": [{"x": 233.0, "y": 585.0}, {"x": 342.0, "y": 585.0}, {"x": 342.0, "y": 606.0}, {"x": 233.0, "y": 606.0}]}, "description": " Trans Type:"}, {"boundingPoly": {"vertices": [{"x": 358.0, "y": 607.0}, {"x": 440.0, "y": 607.0}, {"x": 440.0, "y": 626.0}, {"x": 358.0, "y": 626.0}]}, "description": " 00000068"}, {"boundingPoly": {"vertices": [{"x": 235.0, "y": 627.0}, {"x": 336.0, "y": 627.0}, {"x": 336.0, "y": 646.0}, {"x": 235.0, "y": 646.0}]}, "description": " App Label:"}, {"boundingPoly": {"vertices": [{"x": 238.0, "y": 648.0}, {"x": 310.0, "y": 648.0}, {"x": 310.0, "y": 665.0}, {"x": 238.0, "y": 665.0}]}, "description": " Auth #:"}, {"boundingPoly": {"vertices": [{"x": 242.0, "y": 666.0}, {"x": 283.0, "y": 666.0}, {"x": 283.0, "y": 683.0}, {"x": 242.0, "y": 683.0}]}, "description": " AID:"}, {"boundingPoly": {"vertices": [{"x": 246.0, "y": 685.0}, {"x": 284.0, "y": 685.0}, {"x": 284.0, "y": 704.0}, {"x": 246.0, "y": 704.0}]}, "description": " TVR:"}, {"boundingPoly": {"vertices": [{"x": 244.0, "y": 707.0}, {"x": 283.0, "y": 707.0}, {"x": 283.0, "y": 727.0}, {"x": 244.0, "y": 727.0}]}, "description": " TSI:"}, {"boundingPoly": {"vertices": [{"x": 240.0, "y": 751.0}, {"x": 320.0, "y": 751.0}, {"x": 320.0, "y": 771.0}, {"x": 240.0, "y": 771.0}]}, "description": "Subtotal"}, {"boundingPoly": {"vertices": [{"x": 242.0, "y": 774.0}, {"x": 337.0, "y": 775.0}, {"x": 336.0, "y": 796.0}, {"x": 242.0, "y": 795.0}]}, "description": "Tax 8.875%"}, {"boundingPoly": {"vertices": [{"x": 242.0, "y": 798.0}, {"x": 290.0, "y": 798.0}, {"x": 290.0, "y": 818.0}, {"x": 242.0, "y": 819.0}]}, "description": "Total"}, {"boundingPoly": {"vertices": [{"x": 211.0, "y": 821.0}, {"x": 402.0, "y": 824.0}, {"x": 401.0, "y": 845.0}, {"x": 211.0, "y": 843.0}]}, "description": "Change Due"}, {"boundingPoly": {"vertices": [{"x": 484.0, "y": 754.0}, {"x": 531.0, "y": 754.0}, {"x": 532.0, "y": 774.0}, {"x": 484.0, "y": 774.0}]}, "description": "$7.70"}, {"boundingPoly": {"vertices": [{"x": 483.0, "y": 779.0}, {"x": 532.0, "y": 777.0}, {"x": 534.0, "y": 797.0}, {"x": 484.0, "y": 799.0}]}, "description": "$0.39"}, {"boundingPoly": {"vertices": [{"x": 484.0, "y": 802.0}, {"x": 532.0, "y": 802.0}, {"x": 531.0, "y": 821.0}, {"x": 485.0, "y": 821.0}]}, "description": "$8.09"}, {"boundingPoly": {"vertices": [{"x": 492.0, "y": 825.0}, {"x": 588.0, "y": 824.0}, {"x": 588.0, "y": 846.0}, {"x": 492.0, "y": 846.0}]}, "description": "$0.00"}, {"boundingPoly": {"vertices": [{"x": 322.0, "y": 869.0}, {"x": 442.0, "y": 871.0}, {"x": 441.0, "y": 892.0}, {"x": 322.0, "y": 890.0}]}, "description": "Check Closed"}, {"boundingPoly": {"vertices": [{"x": 306.0, "y": 893.0}, {"x": 486.0, "y": 893.0}, {"x": 486.0, "y": 916.0}, {"x": 306.0, "y": 916.0}]}, "description": " 11/02/2019 12:27 PM"}, {"boundingPoly": {"vertices": [{"x": 286.0, "y": 1009.0}, {"x": 514.0, "y": 1011.0}, {"x": 514.0, "y": 1033.0}, {"x": 286.0, "y": 1030.0}]}, "description": "Join our loyalty program"}, {"boundingPoly": {"vertices": [{"x": 313.0, "y": 1032.0}, {"x": 486.0, "y": 1032.0}, {"x": 486.0, "y": 1051.0}, {"x": 313.0, "y": 1052.0}]}, "description": "Starbucks Rewards\u00ae"}, {"boundingPoly": {"vertices": [{"x": 258.0, "y": 1053.0}, {"x": 543.0, "y": 1053.0}, {"x": 542.0, "y": 1074.0}, {"x": 258.0, "y": 1072.0}]}, "description": "Sign up for promotional emails"}, {"boundingPoly": {"vertices": [{"x": 269.0, "y": 1072.0}, {"x": 522.0, "y": 1074.0}, {"x": 522.0, "y": 1094.0}, {"x": 269.0, "y": 1092.0}]}, "description": "Visit Starbucks.com/rewards"}, {"boundingPoly": {"vertices": [{"x": 300.0, "y": 1094.0}, {"x": 485.0, "y": 1096.0}, {"x": 485.0, "y": 1115.0}, {"x": 300.0, "y": 1112.0}]}, "description": "Or download our app"}, {"boundingPoly": {"vertices": [{"x": 289.0, "y": 1115.0}, {"x": 505.0, "y": 1116.0}, {"x": 505.0, "y": 1135.0}, {"x": 289.0, "y": 1133.0}]}, "description": "At participating stores"}, {"boundingPoly": {"vertices": [{"x": 285.0, "y": 1134.0}, {"x": 504.0, "y": 1135.0}, {"x": 504.0, "y": 1153.0}, {"x": 285.0, "y": 1152.0}]}, "description": "Some restrictions apply"}]}