{"textAnnotations": [{"boundingPoly": {"vertices": [{"x": 209.0, "y": 65.0}, {"x": 288.0, "y": 60.0}, {"x": 293.0, "y": 119.0}, {"x": 214.0, "y": 124.0}]}, "description": "5.34"}, {"boundingPoly": {"vertices": [{"x": 249.0, "y": 134.0}, {"x": 329.0, "y": 134.0}, {"x": 329.0, "y": 150.0}, {"x": 249.0, "y": 150.0}]}, "description": " QUARTER POUNDER"}, {"boundingPoly": {"vertices": [{"x": 307.0, "y": 155.0}, {"x": 332.0, "y": 155.0}, {"x": 332.0, "y": 168.0}, {"x": 307.0, "y": 168.0}]}, "description": " days"}, {"boundingPoly": {"vertices": [{"x": 283.0, "y": 167.0}, {"x": 316.0, "y": 167.0}, {"x": 316.0, "y": 182.0}, {"x": 283.0, "y": 182.0}]}, "description": " visit."}, {"boundingPoly": {"vertices": [{"x": 190.0, "y": 191.0}, {"x": 334.0, "y": 191.0}, {"x": 334.0, "y": 209.0}, {"x": 190.0, "y": 209.0}]}, "description": " 30 days after receipt date."}, {"boundingPoly": {"vertices": [{"x": 207.0, "y": 218.0}, {"x": 272.0, "y": 218.0}, {"x": 272.0, "y": 233.0}, {"x": 207.0, "y": 233.0}]}, "description": " Survey Code:"}, {"boundingPoly": {"vertices": [{"x": 142.0, "y": 137.0}, {"x": 247.0, "y": 137.0}, {"x": 247.0, "y": 151.0}, {"x": 142.0, "y": 151.0}]}, "description": " BUY ONE GET ONE FREE"}, {"boundingPoly": {"vertices": [{"x": 145.0, "y": 158.0}, {"x": 296.0, "y": 158.0}, {"x": 296.0, "y": 175.0}, {"x": 145.0, "y": 175.0}]}, "description": " Go to www.mcdvoice.com within"}, {"boundingPoly": {"vertices": [{"x": 159.0, "y": 184.0}, {"x": 244.0, "y": 184.0}, {"x": 244.0, "y": 198.0}, {"x": 159.0, "y": 198.0}]}, "description": " Validation Code:"}, {"boundingPoly": {"vertices": [{"x": 148.0, "y": 197.0}, {"x": 188.0, "y": 197.0}, {"x": 188.0, "y": 209.0}, {"x": 148.0, "y": 209.0}]}, "description": " Expires"}, {"boundingPoly": {"vertices": [{"x": 169.0, "y": 150.0}, {"x": 299.0, "y": 146.0}, {"x": 300.0, "y": 158.0}, {"x": 170.0, "y": 164.0}]}, "description": "M/CHEESE OR EGG MCMUFFIN"}, {"boundingPoly": {"vertices": [{"x": 298.0, "y": 157.0}, {"x": 305.0, "y": 157.0}, {"x": 305.0, "y": 169.0}, {"x": 298.0, "y": 169.0}]}, "description": " 7"}, {"boundingPoly": {"vertices": [{"x": 164.0, "y": 170.0}, {"x": 281.0, "y": 170.0}, {"x": 281.0, "y": 187.0}, {"x": 164.0, "y": 187.0}]}, "description": " and tell us about your"}, {"boundingPoly": {"vertices": [{"x": 143.0, "y": 207.0}, {"x": 340.0, "y": 202.0}, {"x": 340.0, "y": 216.0}, {"x": 144.0, "y": 221.0}]}, "description": "Valid at participating US McDonald's."}, {"boundingPoly": {"vertices": [{"x": 158.0, "y": 230.0}, {"x": 327.0, "y": 227.0}, {"x": 327.0, "y": 241.0}, {"x": 158.0, "y": 244.0}]}, "description": "26777-05341-11419-09265-00049-3"}, {"boundingPoly": {"vertices": [{"x": 161.0, "y": 255.0}, {"x": 318.0, "y": 252.0}, {"x": 318.0, "y": 267.0}, {"x": 161.0, "y": 270.0}]}, "description": "merchant name"}, {"boundingPoly": {"vertices": [{"x": 158.0, "y": 269.0}, {"x": 195.0, "y": 269.0}, {"x": 195.0, "y": 283.0}, {"x": 158.0, "y": 283.0}]}, "description": "merchant address"}, {"boundingPoly": {"vertices": [{"x": 191.0, "y": 293.0}, {"x": 249.0, "y": 293.0}, {"x": 249.0, "y": 308.0}, {"x": 191.0, "y": 308.0}]}, "description": "merchant phone"}, {"boundingPoly": {"vertices": [{"x": 248.0, "y": 318.0}, {"x": 357.0, "y": 318.0}, {"x": 357.0, "y": 333.0}, {"x": 248.0, "y": 333.0}]}, "description": " 11/14/2019 09:26 AM"}, {"boundingPoly": {"vertices": [{"x": 310.0, "y": 332.0}, {"x": 358.0, "y": 331.0}, {"x": 358.0, "y": 345.0}, {"x": 310.0, "y": 346.0}]}, "description": "Order 34"}, {"boundingPoly": {"vertices": [{"x": 197.0, "y": 267.0}, {"x": 242.0, "y": 267.0}, {"x": 242.0, "y": 282.0}, {"x": 197.0, "y": 282.0}]}, "description": "merchant address"}, {"boundingPoly": {"vertices": [{"x": 195.0, "y": 280.0}, {"x": 253.0, "y": 280.0}, {"x": 253.0, "y": 294.0}, {"x": 195.0, "y": 294.0}]}, "description": "merchant address"}, {"boundingPoly": {"vertices": [{"x": 251.0, "y": 292.0}, {"x": 299.0, "y": 292.0}, {"x": 299.0, "y": 306.0}, {"x": 251.0, "y": 306.0}]}, "description": "merchant phone"}, {"boundingPoly": {"vertices": [{"x": 244.0, "y": 267.0}, {"x": 253.0, "y": 267.0}, {"x": 253.0, "y": 281.0}, {"x": 244.0, "y": 281.0}]}, "description": "merchant address"}, {"boundingPoly": {"vertices": [{"x": 255.0, "y": 266.0}, {"x": 333.0, "y": 266.0}, {"x": 333.0, "y": 281.0}, {"x": 255.0, "y": 281.0}]}, "description": "merchant address"}, {"boundingPoly": {"vertices": [{"x": 255.0, "y": 280.0}, {"x": 286.0, "y": 280.0}, {"x": 286.0, "y": 294.0}, {"x": 255.0, "y": 294.0}]}, "description": "merchant address"}, {"boundingPoly": {"vertices": [{"x": 136.0, "y": 328.0}, {"x": 168.0, "y": 325.0}, {"x": 168.0, "y": 337.0}, {"x": 138.0, "y": 340.0}]}, "description": "KSH 5"}, {"boundingPoly": {"vertices": [{"x": 143.0, "y": 371.0}, {"x": 150.0, "y": 371.0}, {"x": 150.0, "y": 383.0}, {"x": 143.0, "y": 383.0}]}, "description": " 1"}, {"boundingPoly": {"vertices": [{"x": 152.0, "y": 363.0}, {"x": 264.0, "y": 363.0}, {"x": 264.0, "y": 383.0}, {"x": 152.0, "y": 383.0}]}, "description": " Sausage Egg HoMuffin"}, {"boundingPoly": {"vertices": [{"x": 140.0, "y": 395.0}, {"x": 189.0, "y": 395.0}, {"x": 190.0, "y": 408.0}, {"x": 140.0, "y": 409.0}]}, "description": "Subtotal"}, {"boundingPoly": {"vertices": [{"x": 152.0, "y": 410.0}, {"x": 171.0, "y": 411.0}, {"x": 171.0, "y": 422.0}, {"x": 151.0, "y": 422.0}]}, "description": "Tax"}, {"boundingPoly": {"vertices": [{"x": 140.0, "y": 425.0}, {"x": 220.0, "y": 424.0}, {"x": 220.0, "y": 437.0}, {"x": 140.0, "y": 439.0}]}, "description": "Take-Out Total"}, {"boundingPoly": {"vertices": [{"x": 336.0, "y": 360.0}, {"x": 363.0, "y": 360.0}, {"x": 363.0, "y": 374.0}, {"x": 336.0, "y": 373.0}]}, "description": "4.42"}, {"boundingPoly": {"vertices": [{"x": 338.0, "y": 390.0}, {"x": 363.0, "y": 391.0}, {"x": 363.0, "y": 404.0}, {"x": 337.0, "y": 403.0}]}, "description": "4.42"}, {"boundingPoly": {"vertices": [{"x": 336.0, "y": 406.0}, {"x": 362.0, "y": 406.0}, {"x": 362.0, "y": 420.0}, {"x": 337.0, "y": 420.0}]}, "description": "0.51"}, {"boundingPoly": {"vertices": [{"x": 339.0, "y": 422.0}, {"x": 365.0, "y": 422.0}, {"x": 365.0, "y": 435.0}, {"x": 339.0, "y": 435.0}]}, "description": "4.93"}, {"boundingPoly": {"vertices": [{"x": 139.0, "y": 457.0}, {"x": 186.0, "y": 456.0}, {"x": 186.0, "y": 469.0}, {"x": 139.0, "y": 470.0}]}, "description": "Cash less"}, {"boundingPoly": {"vertices": [{"x": 138.0, "y": 473.0}, {"x": 172.0, "y": 473.0}, {"x": 172.0, "y": 485.0}, {"x": 137.0, "y": 484.0}]}, "description": "Change"}, {"boundingPoly": {"vertices": [{"x": 341.0, "y": 454.0}, {"x": 367.0, "y": 453.0}, {"x": 367.0, "y": 467.0}, {"x": 341.0, "y": 468.0}]}, "description": "4.93"}, {"boundingPoly": {"vertices": [{"x": 341.0, "y": 470.0}, {"x": 368.0, "y": 470.0}, {"x": 368.0, "y": 483.0}, {"x": 341.0, "y": 484.0}]}, "description": "0.00"}, {"boundingPoly": {"vertices": [{"x": 134.0, "y": 502.0}, {"x": 202.0, "y": 503.0}, {"x": 201.0, "y": 517.0}, {"x": 134.0, "y": 515.0}]}, "description": "MER# 256654"}, {"boundingPoly": {"vertices": [{"x": 134.0, "y": 519.0}, {"x": 202.0, "y": 519.0}, {"x": 202.0, "y": 533.0}, {"x": 134.0, "y": 533.0}]}, "description": "CARD ISSUER"}, {"boundingPoly": {"vertices": [{"x": 132.0, "y": 535.0}, {"x": 190.0, "y": 535.0}, {"x": 190.0, "y": 549.0}, {"x": 132.0, "y": 550.0}]}, "description": "Amex SALE"}, {"boundingPoly": {"vertices": [{"x": 134.0, "y": 551.0}, {"x": 242.0, "y": 553.0}, {"x": 242.0, "y": 568.0}, {"x": 134.0, "y": 566.0}]}, "description": "TRANSACTION AMOUNT"}, {"boundingPoly": {"vertices": [{"x": 132.0, "y": 568.0}, {"x": 188.0, "y": 568.0}, {"x": 188.0, "y": 584.0}, {"x": 131.0, "y": 583.0}]}, "description": "CHIP READ"}, {"boundingPoly": {"vertices": [{"x": 132.0, "y": 585.0}, {"x": 243.0, "y": 585.0}, {"x": 243.0, "y": 603.0}, {"x": 132.0, "y": 603.0}]}, "description": " AUTHORIZATION CODE"}, {"boundingPoly": {"vertices": [{"x": 130.0, "y": 602.0}, {"x": 198.0, "y": 604.0}, {"x": 198.0, "y": 620.0}, {"x": 130.0, "y": 618.0}]}, "description": "SEQ# 037227"}, {"boundingPoly": {"vertices": [{"x": 130.0, "y": 621.0}, {"x": 155.0, "y": 621.0}, {"x": 155.0, "y": 638.0}, {"x": 130.0, "y": 638.0}]}, "description": " AID:"}, {"boundingPoly": {"vertices": [{"x": 260.0, "y": 519.0}, {"x": 310.0, "y": 519.0}, {"x": 310.0, "y": 534.0}, {"x": 260.0, "y": 534.0}]}, "description": "ACCOUNT#"}, {"boundingPoly": {"vertices": [{"x": 223.0, "y": 536.0}, {"x": 317.0, "y": 537.0}, {"x": 317.0, "y": 551.0}, {"x": 222.0, "y": 549.0}]}, "description": "*********** 3007"}, {"boundingPoly": {"vertices": [{"x": 348.0, "y": 555.0}, {"x": 376.0, "y": 556.0}, {"x": 376.0, "y": 571.0}, {"x": 348.0, "y": 570.0}]}, "description": "4.93"}, {"boundingPoly": {"vertices": [{"x": 246.0, "y": 588.0}, {"x": 299.0, "y": 588.0}, {"x": 299.0, "y": 605.0}, {"x": 246.0, "y": 605.0}]}, "description": " - 862321"}, {"boundingPoly": {"vertices": [{"x": 157.0, "y": 622.0}, {"x": 262.0, "y": 622.0}, {"x": 262.0, "y": 640.0}, {"x": 157.0, "y": 640.0}]}, "description": " A000000025010801"}]}