{"textAnnotations": [{"boundingPoly": {"vertices": [{"x": 809.0, "y": 0.0}, {"x": 826.0, "y": 7.0}, {"x": 823.0, "y": 20.0}, {"x": 805.0, "y": 13.0}]}, "description": "AN"}, {"boundingPoly": {"vertices": [{"x": 817.0, "y": 42.0}, {"x": 857.0, "y": 61.0}, {"x": 852.0, "y": 77.0}, {"x": 811.0, "y": 58.0}]}, "description": "PAN"}, {"boundingPoly": {"vertices": [{"x": 535.0, "y": 195.0}, {"x": 700.0, "y": 197.0}, {"x": 700.0, "y": 217.0}, {"x": 535.0, "y": 214.0}]}, "description": "merchant name"}, {"boundingPoly": {"vertices": [{"x": 562.0, "y": 215.0}, {"x": 682.0, "y": 218.0}, {"x": 682.0, "y": 239.0}, {"x": 562.0, "y": 236.0}]}, "description": "merchant address"}, {"boundingPoly": {"vertices": [{"x": 543.0, "y": 240.0}, {"x": 700.0, "y": 241.0}, {"x": 700.0, "y": 261.0}, {"x": 543.0, "y": 260.0}]}, "description": "merchant address"}, {"boundingPoly": {"vertices": [{"x": 568.0, "y": 261.0}, {"x": 671.0, "y": 262.0}, {"x": 671.0, "y": 283.0}, {"x": 568.0, "y": 282.0}]}, "description": "merchant phone"}, {"boundingPoly": {"vertices": [{"x": 101.0, "y": 306.0}, {"x": 271.0, "y": 308.0}, {"x": 271.0, "y": 328.0}, {"x": 101.0, "y": 326.0}]}, "description": "merchant name"}, {"boundingPoly": {"vertices": [{"x": 131.0, "y": 329.0}, {"x": 256.0, "y": 330.0}, {"x": 256.0, "y": 349.0}, {"x": 131.0, "y": 348.0}]}, "description": "merchant address"}, {"boundingPoly": {"vertices": [{"x": 115.0, "y": 352.0}, {"x": 275.0, "y": 351.0}, {"x": 275.0, "y": 371.0}, {"x": 115.0, "y": 372.0}]}, "description": "merchant address"}, {"boundingPoly": {"vertices": [{"x": 143.0, "y": 373.0}, {"x": 249.0, "y": 372.0}, {"x": 249.0, "y": 393.0}, {"x": 143.0, "y": 394.0}]}, "description": "merchant phone"}, {"boundingPoly": {"vertices": [{"x": 440.0, "y": 305.0}, {"x": 504.0, "y": 305.0}, {"x": 504.0, "y": 325.0}, {"x": 440.0, "y": 325.0}]}, "description": " Server:"}, {"boundingPoly": {"vertices": [{"x": 443.0, "y": 325.0}, {"x": 513.0, "y": 325.0}, {"x": 513.0, "y": 345.0}, {"x": 443.0, "y": 345.0}]}, "description": " 08:39 PM"}, {"boundingPoly": {"vertices": [{"x": 443.0, "y": 347.0}, {"x": 537.0, "y": 347.0}, {"x": 537.0, "y": 367.0}, {"x": 443.0, "y": 367.0}]}, "description": "Table 221/1"}, {"boundingPoly": {"vertices": [{"x": 508.0, "y": 306.0}, {"x": 580.0, "y": 306.0}, {"x": 580.0, "y": 326.0}, {"x": 508.0, "y": 326.0}]}, "description": " Christie"}, {"boundingPoly": {"vertices": [{"x": 666.0, "y": 307.0}, {"x": 704.0, "y": 307.0}, {"x": 704.0, "y": 327.0}, {"x": 666.0, "y": 327.0}]}, "description": " DOB:"}, {"boundingPoly": {"vertices": [{"x": 708.0, "y": 307.0}, {"x": 797.0, "y": 307.0}, {"x": 797.0, "y": 328.0}, {"x": 708.0, "y": 328.0}]}, "description": " 11/08/2019"}, {"boundingPoly": {"vertices": [{"x": 710.0, "y": 329.0}, {"x": 796.0, "y": 329.0}, {"x": 795.0, "y": 348.0}, {"x": 710.0, "y": 348.0}]}, "description": "11/08/2019"}, {"boundingPoly": {"vertices": [{"x": 733.0, "y": 350.0}, {"x": 794.0, "y": 350.0}, {"x": 794.0, "y": 369.0}, {"x": 733.0, "y": 370.0}]}, "description": "7/70134"}, {"boundingPoly": {"vertices": [{"x": 599.0, "y": 391.0}, {"x": 633.0, "y": 392.0}, {"x": 633.0, "y": 411.0}, {"x": 599.0, "y": 411.0}]}, "description": "SALE"}, {"boundingPoly": {"vertices": [{"x": 9.0, "y": 417.0}, {"x": 78.0, "y": 417.0}, {"x": 78.0, "y": 440.0}, {"x": 9.0, "y": 440.0}]}, "description": " Server:"}, {"boundingPoly": {"vertices": [{"x": 13.0, "y": 439.0}, {"x": 115.0, "y": 438.0}, {"x": 115.0, "y": 459.0}, {"x": 13.0, "y": 460.0}]}, "description": "Table 221/1"}, {"boundingPoly": {"vertices": [{"x": 17.0, "y": 463.0}, {"x": 84.0, "y": 463.0}, {"x": 84.0, "y": 482.0}, {"x": 17.0, "y": 482.0}]}, "description": " Guests:"}, {"boundingPoly": {"vertices": [{"x": 18.0, "y": 482.0}, {"x": 115.0, "y": 482.0}, {"x": 115.0, "y": 503.0}, {"x": 18.0, "y": 503.0}]}, "description": " Reprint #:"}, {"boundingPoly": {"vertices": [{"x": 73.0, "y": 503.0}, {"x": 163.0, "y": 503.0}, {"x": 163.0, "y": 523.0}, {"x": 73.0, "y": 523.0}]}, "description": " Restaurant"}, {"boundingPoly": {"vertices": [{"x": 81.0, "y": 416.0}, {"x": 158.0, "y": 416.0}, {"x": 158.0, "y": 438.0}, {"x": 81.0, "y": 438.0}]}, "description": " Christie"}, {"boundingPoly": {"vertices": [{"x": 292.0, "y": 414.0}, {"x": 379.0, "y": 414.0}, {"x": 379.0, "y": 434.0}, {"x": 292.0, "y": 434.0}]}, "description": "11/08/2019"}, {"boundingPoly": {"vertices": [{"x": 318.0, "y": 435.0}, {"x": 383.0, "y": 435.0}, {"x": 383.0, "y": 454.0}, {"x": 318.0, "y": 454.0}]}, "description": " 8:37 PM"}, {"boundingPoly": {"vertices": [{"x": 336.0, "y": 458.0}, {"x": 382.0, "y": 458.0}, {"x": 383.0, "y": 474.0}, {"x": 335.0, "y": 475.0}]}, "description": "70134"}, {"boundingPoly": {"vertices": [{"x": 441.0, "y": 434.0}, {"x": 481.0, "y": 435.0}, {"x": 480.0, "y": 452.0}, {"x": 441.0, "y": 452.0}]}, "description": "AMEX"}, {"boundingPoly": {"vertices": [{"x": 441.0, "y": 454.0}, {"x": 614.0, "y": 454.0}, {"x": 614.0, "y": 472.0}, {"x": 441.0, "y": 472.0}]}, "description": "Card #XXXXXXXXXXX5002"}, {"boundingPoly": {"vertices": [{"x": 438.0, "y": 476.0}, {"x": 621.0, "y": 476.0}, {"x": 621.0, "y": 495.0}, {"x": 438.0, "y": 495.0}]}, "description": " Magnetic card present:"}, {"boundingPoly": {"vertices": [{"x": 725.0, "y": 434.0}, {"x": 789.0, "y": 435.0}, {"x": 789.0, "y": 454.0}, {"x": 725.0, "y": 453.0}]}, "description": "5242976"}, {"boundingPoly": {"vertices": [{"x": 88.0, "y": 463.0}, {"x": 101.0, "y": 463.0}, {"x": 101.0, "y": 481.0}, {"x": 88.0, "y": 481.0}]}, "description": " 0"}, {"boundingPoly": {"vertices": [{"x": 118.0, "y": 481.0}, {"x": 127.0, "y": 481.0}, {"x": 127.0, "y": 500.0}, {"x": 118.0, "y": 500.0}]}, "description": " 1"}, {"boundingPoly": {"vertices": [{"x": 23.0, "y": 504.0}, {"x": 70.0, "y": 504.0}, {"x": 70.0, "y": 523.0}, {"x": 23.0, "y": 523.0}]}, "description": " Area:"}, {"boundingPoly": {"vertices": [{"x": 440.0, "y": 515.0}, {"x": 596.0, "y": 515.0}, {"x": 596.0, "y": 535.0}, {"x": 440.0, "y": 535.0}]}, "description": " Card Entry Method:"}, {"boundingPoly": {"vertices": [{"x": 599.0, "y": 515.0}, {"x": 613.0, "y": 515.0}, {"x": 613.0, "y": 535.0}, {"x": 599.0, "y": 535.0}]}, "description": " S"}, {"boundingPoly": {"vertices": [{"x": 26.0, "y": 543.0}, {"x": 184.0, "y": 541.0}, {"x": 184.0, "y": 561.0}, {"x": 27.0, "y": 564.0}]}, "description": "BBB Shake Campfire"}, {"boundingPoly": {"vertices": [{"x": 25.0, "y": 564.0}, {"x": 151.0, "y": 563.0}, {"x": 151.0, "y": 582.0}, {"x": 25.0, "y": 584.0}]}, "description": "Boneless Wings"}, {"boundingPoly": {"vertices": [{"x": 345.0, "y": 538.0}, {"x": 383.0, "y": 538.0}, {"x": 384.0, "y": 555.0}, {"x": 346.0, "y": 555.0}]}, "description": "6.95"}, {"boundingPoly": {"vertices": [{"x": 343.0, "y": 558.0}, {"x": 383.0, "y": 558.0}, {"x": 384.0, "y": 576.0}, {"x": 343.0, "y": 576.0}]}, "description": "12.50"}, {"boundingPoly": {"vertices": [{"x": 439.0, "y": 555.0}, {"x": 518.0, "y": 555.0}, {"x": 518.0, "y": 574.0}, {"x": 439.0, "y": 574.0}]}, "description": " Approval:"}, {"boundingPoly": {"vertices": [{"x": 521.0, "y": 554.0}, {"x": 574.0, "y": 554.0}, {"x": 574.0, "y": 574.0}, {"x": 521.0, "y": 574.0}]}, "description": " 542158"}, {"boundingPoly": {"vertices": [{"x": 27.0, "y": 606.0}, {"x": 97.0, "y": 605.0}, {"x": 97.0, "y": 624.0}, {"x": 27.0, "y": 625.0}]}, "description": "Subtotal"}, {"boundingPoly": {"vertices": [{"x": 24.0, "y": 630.0}, {"x": 59.0, "y": 630.0}, {"x": 59.0, "y": 646.0}, {"x": 25.0, "y": 646.0}]}, "description": "Tax"}, {"boundingPoly": {"vertices": [{"x": 343.0, "y": 599.0}, {"x": 385.0, "y": 599.0}, {"x": 384.0, "y": 618.0}, {"x": 344.0, "y": 617.0}]}, "description": "19.45"}, {"boundingPoly": {"vertices": [{"x": 351.0, "y": 620.0}, {"x": 386.0, "y": 620.0}, {"x": 386.0, "y": 639.0}, {"x": 351.0, "y": 639.0}]}, "description": "1.73"}, {"boundingPoly": {"vertices": [{"x": 605.0, "y": 598.0}, {"x": 650.0, "y": 598.0}, {"x": 650.0, "y": 617.0}, {"x": 605.0, "y": 617.0}]}, "description": " Amount"}, {"boundingPoly": {"vertices": [{"x": 653.0, "y": 598.0}, {"x": 662.0, "y": 598.0}, {"x": 662.0, "y": 617.0}, {"x": 653.0, "y": 617.0}]}, "description": " :"}, {"boundingPoly": {"vertices": [{"x": 731.0, "y": 597.0}, {"x": 786.0, "y": 598.0}, {"x": 786.0, "y": 617.0}, {"x": 731.0, "y": 617.0}]}, "description": "$21.18"}, {"boundingPoly": {"vertices": [{"x": 729.0, "y": 630.0}, {"x": 788.0, "y": 632.0}, {"x": 787.0, "y": 656.0}, {"x": 729.0, "y": 655.0}]}, "description": "4.00"}, {"boundingPoly": {"vertices": [{"x": 702.0, "y": 673.0}, {"x": 771.0, "y": 671.0}, {"x": 771.0, "y": 696.0}, {"x": 702.0, "y": 697.0}]}, "description": "25.18"}, {"boundingPoly": {"vertices": [{"x": 612.0, "y": 638.0}, {"x": 667.0, "y": 638.0}, {"x": 667.0, "y": 658.0}, {"x": 612.0, "y": 658.0}]}, "description": " + Tip:"}, {"boundingPoly": {"vertices": [{"x": 31.0, "y": 669.0}, {"x": 77.0, "y": 669.0}, {"x": 77.0, "y": 687.0}, {"x": 31.0, "y": 686.0}]}, "description": "Total"}, {"boundingPoly": {"vertices": [{"x": 343.0, "y": 661.0}, {"x": 388.0, "y": 661.0}, {"x": 388.0, "y": 679.0}, {"x": 343.0, "y": 678.0}]}, "description": "21.18"}, {"boundingPoly": {"vertices": [{"x": 546.0, "y": 678.0}, {"x": 661.0, "y": 678.0}, {"x": 661.0, "y": 697.0}, {"x": 546.0, "y": 697.0}]}, "description": " = Balance Due:"}, {"boundingPoly": {"vertices": [{"x": 34.0, "y": 707.0}, {"x": 149.0, "y": 704.0}, {"x": 150.0, "y": 723.0}, {"x": 34.0, "y": 726.0}]}, "description": "*Balance Due*"}, {"boundingPoly": {"vertices": [{"x": 67.0, "y": 742.0}, {"x": 299.0, "y": 742.0}, {"x": 299.0, "y": 769.0}, {"x": 67.0, "y": 769.0}]}, "description": " A suggested gratuity of 15%"}, {"boundingPoly": {"vertices": [{"x": 144.0, "y": 786.0}, {"x": 347.0, "y": 786.0}, {"x": 347.0, "y": 811.0}, {"x": 144.0, "y": 811.0}]}, "description": " is always discretionary."}, {"boundingPoly": {"vertices": [{"x": 85.0, "y": 836.0}, {"x": 341.0, "y": 829.0}, {"x": 341.0, "y": 848.0}, {"x": 85.0, "y": 856.0}]}, "description": "\"There are no spare customers\""}, {"boundingPoly": {"vertices": [{"x": 64.0, "y": 880.0}, {"x": 352.0, "y": 873.0}, {"x": 353.0, "y": 893.0}, {"x": 65.0, "y": 901.0}]}, "description": "Tell us what you think about your"}, {"boundingPoly": {"vertices": [{"x": 28.0, "y": 925.0}, {"x": 391.0, "y": 916.0}, {"x": 392.0, "y": 938.0}, {"x": 29.0, "y": 948.0}]}, "description": "a chance to win a $500 LandryAs Gift card."}, {"boundingPoly": {"vertices": [{"x": 104.0, "y": 968.0}, {"x": 310.0, "y": 962.0}, {"x": 311.0, "y": 983.0}, {"x": 105.0, "y": 989.0}]}, "description": "to share your feedback."}, {"boundingPoly": {"vertices": [{"x": 44.0, "y": 988.0}, {"x": 241.0, "y": 988.0}, {"x": 241.0, "y": 1016.0}, {"x": 44.0, "y": 1016.0}]}, "description": " See Official rules at:"}, {"boundingPoly": {"vertices": [{"x": 337.0, "y": 701.0}, {"x": 388.0, "y": 700.0}, {"x": 389.0, "y": 718.0}, {"x": 337.0, "y": 719.0}]}, "description": "$21.18"}, {"boundingPoly": {"vertices": [{"x": 303.0, "y": 741.0}, {"x": 316.0, "y": 741.0}, {"x": 316.0, "y": 763.0}, {"x": 303.0, "y": 763.0}]}, "description": " -"}, {"boundingPoly": {"vertices": [{"x": 91.0, "y": 770.0}, {"x": 322.0, "y": 763.0}, {"x": 323.0, "y": 782.0}, {"x": 91.0, "y": 789.0}]}, "description": "is customary. The amount of"}, {"boundingPoly": {"vertices": [{"x": 65.0, "y": 790.0}, {"x": 140.0, "y": 790.0}, {"x": 140.0, "y": 815.0}, {"x": 65.0, "y": 815.0}]}, "description": " gratuity"}, {"boundingPoly": {"vertices": [{"x": 319.0, "y": 740.0}, {"x": 350.0, "y": 740.0}, {"x": 350.0, "y": 763.0}, {"x": 319.0, "y": 763.0}]}, "description": " 20%"}, {"boundingPoly": {"vertices": [{"x": 515.0, "y": 738.0}, {"x": 526.0, "y": 738.0}, {"x": 526.0, "y": 758.0}, {"x": 515.0, "y": 758.0}]}, "description": " I"}, {"boundingPoly": {"vertices": [{"x": 491.0, "y": 759.0}, {"x": 734.0, "y": 763.0}, {"x": 734.0, "y": 782.0}, {"x": 491.0, "y": 779.0}]}, "description": "total amount according to the"}, {"boundingPoly": {"vertices": [{"x": 522.0, "y": 782.0}, {"x": 617.0, "y": 782.0}, {"x": 617.0, "y": 802.0}, {"x": 522.0, "y": 802.0}]}, "description": " card issuer"}, {"boundingPoly": {"vertices": [{"x": 611.0, "y": 809.0}, {"x": 714.0, "y": 805.0}, {"x": 719.0, "y": 838.0}, {"x": 616.0, "y": 851.0}]}, "description": "puy an"}, {"boundingPoly": {"vertices": [{"x": 476.0, "y": 868.0}, {"x": 707.0, "y": 868.0}, {"x": 707.0, "y": 890.0}, {"x": 476.0, "y": 890.0}]}, "description": " A suggested gratuity of 15%"}, {"boundingPoly": {"vertices": [{"x": 503.0, "y": 888.0}, {"x": 731.0, "y": 892.0}, {"x": 730.0, "y": 912.0}, {"x": 503.0, "y": 909.0}]}, "description": "is customary. The amount of"}, {"boundingPoly": {"vertices": [{"x": 475.0, "y": 912.0}, {"x": 547.0, "y": 912.0}, {"x": 547.0, "y": 934.0}, {"x": 475.0, "y": 934.0}]}, "description": " gratuity"}, {"boundingPoly": {"vertices": [{"x": 530.0, "y": 738.0}, {"x": 716.0, "y": 738.0}, {"x": 716.0, "y": 760.0}, {"x": 530.0, "y": 760.0}]}, "description": " agree to pay the above"}, {"boundingPoly": {"vertices": [{"x": 621.0, "y": 783.0}, {"x": 707.0, "y": 783.0}, {"x": 707.0, "y": 804.0}, {"x": 621.0, "y": 804.0}]}, "description": " agreement."}, {"boundingPoly": {"vertices": [{"x": 443.0, "y": 826.0}, {"x": 454.0, "y": 828.0}, {"x": 453.0, "y": 841.0}, {"x": 442.0, "y": 839.0}]}, "description": "X"}, {"boundingPoly": {"vertices": [{"x": 129.0, "y": 855.0}, {"x": 290.0, "y": 851.0}, {"x": 291.0, "y": 871.0}, {"x": 130.0, "y": 876.0}]}, "description": "-Tilman J. Fertitta"}, {"boundingPoly": {"vertices": [{"x": 53.0, "y": 903.0}, {"x": 367.0, "y": 894.0}, {"x": 368.0, "y": 915.0}, {"x": 54.0, "y": 925.0}]}, "description": "experience today, and be entered for"}, {"boundingPoly": {"vertices": [{"x": 55.0, "y": 941.0}, {"x": 364.0, "y": 941.0}, {"x": 364.0, "y": 968.0}, {"x": 55.0, "y": 968.0}]}, "description": " Visit https://survey.landrysinc.com"}, {"boundingPoly": {"vertices": [{"x": 245.0, "y": 986.0}, {"x": 373.0, "y": 986.0}, {"x": 373.0, "y": 1010.0}, {"x": 245.0, "y": 1010.0}]}, "description": " www.ldryor.com"}, {"boundingPoly": {"vertices": [{"x": 709.0, "y": 870.0}, {"x": 725.0, "y": 870.0}, {"x": 725.0, "y": 890.0}, {"x": 709.0, "y": 890.0}]}, "description": " -"}, {"boundingPoly": {"vertices": [{"x": 727.0, "y": 870.0}, {"x": 756.0, "y": 870.0}, {"x": 756.0, "y": 891.0}, {"x": 727.0, "y": 891.0}]}, "description": " 20%"}, {"boundingPoly": {"vertices": [{"x": 551.0, "y": 912.0}, {"x": 761.0, "y": 912.0}, {"x": 761.0, "y": 938.0}, {"x": 551.0, "y": 938.0}]}, "description": " is always discretionary."}, {"boundingPoly": {"vertices": [{"x": 495.0, "y": 956.0}, {"x": 755.0, "y": 961.0}, {"x": 755.0, "y": 982.0}, {"x": 495.0, "y": 977.0}]}, "description": "\"There are no spare customers\""}, {"boundingPoly": {"vertices": [{"x": 476.0, "y": 1001.0}, {"x": 767.0, "y": 1008.0}, {"x": 767.0, "y": 1029.0}, {"x": 476.0, "y": 1023.0}]}, "description": "Tell us what you think about your"}, {"boundingPoly": {"vertices": [{"x": 444.0, "y": 1049.0}, {"x": 817.0, "y": 1055.0}, {"x": 817.0, "y": 1079.0}, {"x": 444.0, "y": 1071.0}]}, "description": "a chance to win a $500 LandryAs Gift card."}, {"boundingPoly": {"vertices": [{"x": 526.0, "y": 1101.0}, {"x": 725.0, "y": 1101.0}, {"x": 725.0, "y": 1123.0}, {"x": 526.0, "y": 1123.0}]}, "description": "to share your feedhank"}, {"boundingPoly": {"vertices": [{"x": 536.0, "y": 979.0}, {"x": 704.0, "y": 982.0}, {"x": 703.0, "y": 1003.0}, {"x": 536.0, "y": 1000.0}]}, "description": "-Tilman J. Fertitta"}, {"boundingPoly": {"vertices": [{"x": 470.0, "y": 1026.0}, {"x": 791.0, "y": 1031.0}, {"x": 790.0, "y": 1053.0}, {"x": 470.0, "y": 1048.0}]}, "description": "experience today, and be entered for"}, {"boundingPoly": {"vertices": [{"x": 472.0, "y": 1072.0}, {"x": 788.0, "y": 1072.0}, {"x": 788.0, "y": 1103.0}, {"x": 472.0, "y": 1103.0}]}, "description": " Visit https://survey.landrysinc.com"}]}