{"textAnnotations": [{"boundingPoly": {"vertices": [{"x": 117.0, "y": 86.0}, {"x": 151.0, "y": 86.0}, {"x": 151.0, "y": 97.0}, {"x": 117.0, "y": 97.0}]}, "description": "merchant name"}, {"boundingPoly": {"vertices": [{"x": 104.0, "y": 98.0}, {"x": 172.0, "y": 98.0}, {"x": 172.0, "y": 109.0}, {"x": 104.0, "y": 110.0}]}, "description": "merchant address"}, {"boundingPoly": {"vertices": [{"x": 87.0, "y": 112.0}, {"x": 190.0, "y": 109.0}, {"x": 190.0, "y": 120.0}, {"x": 88.0, "y": 123.0}]}, "description": "merchant address"}, {"boundingPoly": {"vertices": [{"x": 109.0, "y": 123.0}, {"x": 170.0, "y": 121.0}, {"x": 170.0, "y": 133.0}, {"x": 110.0, "y": 135.0}]}, "description": "merchant phone"}, {"boundingPoly": {"vertices": [{"x": 334.0, "y": 127.0}, {"x": 365.0, "y": 128.0}, {"x": 365.0, "y": 142.0}, {"x": 334.0, "y": 141.0}]}, "description": "merchant name"}, {"boundingPoly": {"vertices": [{"x": 320.0, "y": 141.0}, {"x": 382.0, "y": 142.0}, {"x": 382.0, "y": 152.0}, {"x": 320.0, "y": 151.0}]}, "description": "merchant address"}, {"boundingPoly": {"vertices": [{"x": 321.0, "y": 151.0}, {"x": 341.0, "y": 151.0}, {"x": 341.0, "y": 161.0}, {"x": 321.0, "y": 161.0}]}, "description": "merchant address"}, {"boundingPoly": {"vertices": [{"x": 325.0, "y": 161.0}, {"x": 345.0, "y": 161.0}, {"x": 345.0, "y": 172.0}, {"x": 325.0, "y": 172.0}]}, "description": " (212)"}, {"boundingPoly": {"vertices": [{"x": 307.0, "y": 180.0}, {"x": 337.0, "y": 180.0}, {"x": 337.0, "y": 191.0}, {"x": 307.0, "y": 191.0}]}, "description": " aashish"}, {"boundingPoly": {"vertices": [{"x": 62.0, "y": 160.0}, {"x": 105.0, "y": 160.0}, {"x": 105.0, "y": 171.0}, {"x": 62.0, "y": 171.0}]}, "description": " Date/Time:"}, {"boundingPoly": {"vertices": [{"x": 64.0, "y": 171.0}, {"x": 122.0, "y": 171.0}, {"x": 122.0, "y": 183.0}, {"x": 64.0, "y": 183.0}]}, "description": " Order Number:"}, {"boundingPoly": {"vertices": [{"x": 66.0, "y": 182.0}, {"x": 122.0, "y": 182.0}, {"x": 122.0, "y": 194.0}, {"x": 66.0, "y": 194.0}]}, "description": " Account Type:"}, {"boundingPoly": {"vertices": [{"x": 68.0, "y": 193.0}, {"x": 116.0, "y": 193.0}, {"x": 116.0, "y": 204.0}, {"x": 68.0, "y": 204.0}]}, "description": " EDC Tran 10:"}, {"boundingPoly": {"vertices": [{"x": 66.0, "y": 204.0}, {"x": 97.0, "y": 204.0}, {"x": 97.0, "y": 213.0}, {"x": 66.0, "y": 213.0}]}, "description": " Server:"}, {"boundingPoly": {"vertices": [{"x": 66.0, "y": 212.0}, {"x": 90.0, "y": 212.0}, {"x": 90.0, "y": 221.0}, {"x": 66.0, "y": 221.0}]}, "description": " Table:"}, {"boundingPoly": {"vertices": [{"x": 122.0, "y": 157.0}, {"x": 202.0, "y": 157.0}, {"x": 202.0, "y": 170.0}, {"x": 122.0, "y": 170.0}]}, "description": " 2019-12-09 08:19 PM"}, {"boundingPoly": {"vertices": [{"x": 124.0, "y": 170.0}, {"x": 150.0, "y": 170.0}, {"x": 150.0, "y": 181.0}, {"x": 124.0, "y": 181.0}]}, "description": " 79805"}, {"boundingPoly": {"vertices": [{"x": 124.0, "y": 181.0}, {"x": 151.0, "y": 181.0}, {"x": 151.0, "y": 193.0}, {"x": 124.0, "y": 193.0}]}, "description": " CREDIT"}, {"boundingPoly": {"vertices": [{"x": 126.0, "y": 191.0}, {"x": 164.0, "y": 192.0}, {"x": 164.0, "y": 202.0}, {"x": 125.0, "y": 201.0}]}, "description": "558925072"}, {"boundingPoly": {"vertices": [{"x": 126.0, "y": 204.0}, {"x": 156.0, "y": 203.0}, {"x": 156.0, "y": 211.0}, {"x": 126.0, "y": 212.0}]}, "description": "aashish"}, {"boundingPoly": {"vertices": [{"x": 126.0, "y": 212.0}, {"x": 136.0, "y": 212.0}, {"x": 135.0, "y": 220.0}, {"x": 125.0, "y": 220.0}]}, "description": "33"}, {"boundingPoly": {"vertices": [{"x": 305.0, "y": 150.0}, {"x": 319.0, "y": 150.0}, {"x": 319.0, "y": 160.0}, {"x": 305.0, "y": 160.0}]}, "description": "merchant address"}, {"boundingPoly": {"vertices": [{"x": 343.0, "y": 152.0}, {"x": 376.0, "y": 152.0}, {"x": 376.0, "y": 161.0}, {"x": 343.0, "y": 161.0}]}, "description": "merchant address"}, {"boundingPoly": {"vertices": [{"x": 378.0, "y": 151.0}, {"x": 398.0, "y": 151.0}, {"x": 398.0, "y": 161.0}, {"x": 378.0, "y": 161.0}]}, "description": " 10007"}, {"boundingPoly": {"vertices": [{"x": 347.0, "y": 161.0}, {"x": 384.0, "y": 161.0}, {"x": 384.0, "y": 172.0}, {"x": 347.0, "y": 172.0}]}, "description": "merchant phone"}, {"boundingPoly": {"vertices": [{"x": 277.0, "y": 179.0}, {"x": 305.0, "y": 179.0}, {"x": 305.0, "y": 190.0}, {"x": 277.0, "y": 190.0}]}, "description": " Server:"}, {"boundingPoly": {"vertices": [{"x": 392.0, "y": 180.0}, {"x": 424.0, "y": 180.0}, {"x": 424.0, "y": 190.0}, {"x": 392.0, "y": 190.0}]}, "description": " Station:"}, {"boundingPoly": {"vertices": [{"x": 426.0, "y": 180.0}, {"x": 432.0, "y": 180.0}, {"x": 432.0, "y": 190.0}, {"x": 426.0, "y": 190.0}]}, "description": " 2"}, {"boundingPoly": {"vertices": [{"x": 277.0, "y": 200.0}, {"x": 310.0, "y": 200.0}, {"x": 310.0, "y": 210.0}, {"x": 277.0, "y": 210.0}]}, "description": " Order #:"}, {"boundingPoly": {"vertices": [{"x": 278.0, "y": 210.0}, {"x": 303.0, "y": 210.0}, {"x": 303.0, "y": 221.0}, {"x": 278.0, "y": 221.0}]}, "description": " Table:"}, {"boundingPoly": {"vertices": [{"x": 312.0, "y": 200.0}, {"x": 334.0, "y": 200.0}, {"x": 334.0, "y": 211.0}, {"x": 312.0, "y": 211.0}]}, "description": " 79805"}, {"boundingPoly": {"vertices": [{"x": 305.0, "y": 210.0}, {"x": 315.0, "y": 210.0}, {"x": 315.0, "y": 221.0}, {"x": 305.0, "y": 221.0}]}, "description": " 33"}, {"boundingPoly": {"vertices": [{"x": 405.0, "y": 199.0}, {"x": 434.0, "y": 199.0}, {"x": 435.0, "y": 209.0}, {"x": 405.0, "y": 209.0}]}, "description": "Dine In"}, {"boundingPoly": {"vertices": [{"x": 398.0, "y": 210.0}, {"x": 427.0, "y": 210.0}, {"x": 427.0, "y": 221.0}, {"x": 398.0, "y": 221.0}]}, "description": " Guests:"}, {"boundingPoly": {"vertices": [{"x": 429.0, "y": 210.0}, {"x": 434.0, "y": 210.0}, {"x": 434.0, "y": 220.0}, {"x": 429.0, "y": 220.0}]}, "description": " 1"}, {"boundingPoly": {"vertices": [{"x": 62.0, "y": 230.0}, {"x": 98.0, "y": 231.0}, {"x": 97.0, "y": 247.0}, {"x": 61.0, "y": 246.0}]}, "description": "PURCHASE"}, {"boundingPoly": {"vertices": [{"x": 60.0, "y": 246.0}, {"x": 95.0, "y": 246.0}, {"x": 95.0, "y": 263.0}, {"x": 60.0, "y": 261.0}]}, "description": "APPROVAL"}, {"boundingPoly": {"vertices": [{"x": 59.0, "y": 273.0}, {"x": 105.0, "y": 273.0}, {"x": 105.0, "y": 285.0}, {"x": 59.0, "y": 285.0}]}, "description": " Entry Mode:"}, {"boundingPoly": {"vertices": [{"x": 57.0, "y": 285.0}, {"x": 102.0, "y": 285.0}, {"x": 102.0, "y": 296.0}, {"x": 57.0, "y": 296.0}]}, "description": " Card Number"}, {"boundingPoly": {"vertices": [{"x": 57.0, "y": 296.0}, {"x": 109.0, "y": 296.0}, {"x": 109.0, "y": 307.0}, {"x": 57.0, "y": 307.0}]}, "description": " Card Expire:"}, {"boundingPoly": {"vertices": [{"x": 57.0, "y": 308.0}, {"x": 102.0, "y": 308.0}, {"x": 102.0, "y": 319.0}, {"x": 57.0, "y": 319.0}]}, "description": " Card Type:"}, {"boundingPoly": {"vertices": [{"x": 56.0, "y": 320.0}, {"x": 127.0, "y": 320.0}, {"x": 127.0, "y": 331.0}, {"x": 56.0, "y": 331.0}]}, "description": " Cardholder Name:"}, {"boundingPoly": {"vertices": [{"x": 56.0, "y": 331.0}, {"x": 120.0, "y": 331.0}, {"x": 120.0, "y": 343.0}, {"x": 56.0, "y": 343.0}]}, "description": " Approval Code:"}, {"boundingPoly": {"vertices": [{"x": 56.0, "y": 343.0}, {"x": 135.0, "y": 343.0}, {"x": 135.0, "y": 354.0}, {"x": 56.0, "y": 354.0}]}, "description": " Reference Number:"}, {"boundingPoly": {"vertices": [{"x": 278.0, "y": 231.0}, {"x": 335.0, "y": 232.0}, {"x": 334.0, "y": 242.0}, {"x": 278.0, "y": 242.0}]}, "description": "1 Chili Paneer"}, {"boundingPoly": {"vertices": [{"x": 415.0, "y": 231.0}, {"x": 436.0, "y": 230.0}, {"x": 436.0, "y": 240.0}, {"x": 415.0, "y": 240.0}]}, "description": "12.00"}, {"boundingPoly": {"vertices": [{"x": 420.0, "y": 241.0}, {"x": 439.0, "y": 241.0}, {"x": 438.0, "y": 250.0}, {"x": 420.0, "y": 250.0}]}, "description": "0.00"}, {"boundingPoly": {"vertices": [{"x": 418.0, "y": 251.0}, {"x": 439.0, "y": 251.0}, {"x": 439.0, "y": 261.0}, {"x": 418.0, "y": 262.0}]}, "description": "16.00"}, {"boundingPoly": {"vertices": [{"x": 421.0, "y": 262.0}, {"x": 439.0, "y": 262.0}, {"x": 439.0, "y": 272.0}, {"x": 421.0, "y": 273.0}]}, "description": "4.00"}, {"boundingPoly": {"vertices": [{"x": 279.0, "y": 254.0}, {"x": 283.0, "y": 254.0}, {"x": 283.0, "y": 265.0}, {"x": 279.0, "y": 265.0}]}, "description": " 1"}, {"boundingPoly": {"vertices": [{"x": 280.0, "y": 265.0}, {"x": 283.0, "y": 265.0}, {"x": 283.0, "y": 276.0}, {"x": 280.0, "y": 276.0}]}, "description": " 1"}, {"boundingPoly": {"vertices": [{"x": 285.0, "y": 254.0}, {"x": 332.0, "y": 254.0}, {"x": 332.0, "y": 265.0}, {"x": 285.0, "y": 265.0}]}, "description": " Dal Makhani"}, {"boundingPoly": {"vertices": [{"x": 285.0, "y": 265.0}, {"x": 344.0, "y": 265.0}, {"x": 344.0, "y": 276.0}, {"x": 285.0, "y": 276.0}]}, "description": " Peshawari Naan"}, {"boundingPoly": {"vertices": [{"x": 141.0, "y": 272.0}, {"x": 169.0, "y": 273.0}, {"x": 169.0, "y": 282.0}, {"x": 141.0, "y": 282.0}]}, "description": "Swiped"}, {"boundingPoly": {"vertices": [{"x": 142.0, "y": 283.0}, {"x": 207.0, "y": 283.0}, {"x": 207.0, "y": 294.0}, {"x": 142.0, "y": 293.0}]}, "description": "XXXXXXXXXXXX4006"}, {"boundingPoly": {"vertices": [{"x": 104.0, "y": 285.0}, {"x": 108.0, "y": 285.0}, {"x": 108.0, "y": 296.0}, {"x": 104.0, "y": 296.0}]}, "description": " :"}, {"boundingPoly": {"vertices": [{"x": 279.0, "y": 287.0}, {"x": 322.0, "y": 286.0}, {"x": 322.0, "y": 296.0}, {"x": 279.0, "y": 297.0}]}, "description": "SUB TOTAL!"}, {"boundingPoly": {"vertices": [{"x": 280.0, "y": 296.0}, {"x": 334.0, "y": 296.0}, {"x": 334.0, "y": 306.0}, {"x": 280.0, "y": 306.0}]}, "description": " NY State Tax:"}, {"boundingPoly": {"vertices": [{"x": 281.0, "y": 306.0}, {"x": 306.0, "y": 306.0}, {"x": 306.0, "y": 315.0}, {"x": 281.0, "y": 315.0}]}, "description": " Tax 2:"}, {"boundingPoly": {"vertices": [{"x": 419.0, "y": 285.0}, {"x": 442.0, "y": 284.0}, {"x": 442.0, "y": 292.0}, {"x": 420.0, "y": 293.0}]}, "description": "32.00"}, {"boundingPoly": {"vertices": [{"x": 424.0, "y": 294.0}, {"x": 445.0, "y": 293.0}, {"x": 445.0, "y": 301.0}, {"x": 424.0, "y": 302.0}]}, "description": "2.84"}, {"boundingPoly": {"vertices": [{"x": 426.0, "y": 303.0}, {"x": 445.0, "y": 303.0}, {"x": 445.0, "y": 312.0}, {"x": 426.0, "y": 312.0}]}, "description": "0.00"}, {"boundingPoly": {"vertices": [{"x": 143.0, "y": 306.0}, {"x": 212.0, "y": 307.0}, {"x": 212.0, "y": 318.0}, {"x": 143.0, "y": 317.0}]}, "description": "American Express"}, {"boundingPoly": {"vertices": [{"x": 143.0, "y": 330.0}, {"x": 170.0, "y": 330.0}, {"x": 170.0, "y": 340.0}, {"x": 142.0, "y": 340.0}]}, "description": "567251"}, {"boundingPoly": {"vertices": [{"x": 143.0, "y": 341.0}, {"x": 164.0, "y": 340.0}, {"x": 163.0, "y": 351.0}, {"x": 142.0, "y": 351.0}]}, "description": "9507"}, {"boundingPoly": {"vertices": [{"x": 281.0, "y": 327.0}, {"x": 309.0, "y": 327.0}, {"x": 309.0, "y": 344.0}, {"x": 281.0, "y": 344.0}]}, "description": " TOTAL:"}, {"boundingPoly": {"vertices": [{"x": 421.0, "y": 324.0}, {"x": 449.0, "y": 324.0}, {"x": 450.0, "y": 342.0}, {"x": 421.0, "y": 342.0}]}, "description": "$34.84"}, {"boundingPoly": {"vertices": [{"x": 53.0, "y": 365.0}, {"x": 95.0, "y": 365.0}, {"x": 95.0, "y": 383.0}, {"x": 53.0, "y": 383.0}]}, "description": " PURCHASE:"}, {"boundingPoly": {"vertices": [{"x": 51.0, "y": 395.0}, {"x": 92.0, "y": 395.0}, {"x": 92.0, "y": 415.0}, {"x": 51.0, "y": 415.0}]}, "description": " Gratuity:"}, {"boundingPoly": {"vertices": [{"x": 47.0, "y": 425.0}, {"x": 76.0, "y": 425.0}, {"x": 76.0, "y": 447.0}, {"x": 47.0, "y": 447.0}]}, "description": " Total:"}, {"boundingPoly": {"vertices": [{"x": 59.0, "y": 459.0}, {"x": 213.0, "y": 456.0}, {"x": 214.0, "y": 468.0}, {"x": 59.0, "y": 472.0}]}, "description": "Cardmember acknowledges receipt of"}, {"boundingPoly": {"vertices": [{"x": 53.0, "y": 486.0}, {"x": 214.0, "y": 482.0}, {"x": 215.0, "y": 494.0}, {"x": 53.0, "y": 499.0}]}, "description": "of the total shown heron and agrees"}, {"boundingPoly": {"vertices": [{"x": 44.0, "y": 514.0}, {"x": 217.0, "y": 509.0}, {"x": 218.0, "y": 521.0}, {"x": 45.0, "y": 527.0}]}, "description": "by cardmember's agreement with issuer"}, {"boundingPoly": {"vertices": [{"x": 199.0, "y": 362.0}, {"x": 228.0, "y": 360.0}, {"x": 229.0, "y": 377.0}, {"x": 200.0, "y": 379.0}]}, "description": "$34.84"}, {"boundingPoly": {"vertices": [{"x": 330.0, "y": 356.0}, {"x": 378.0, "y": 356.0}, {"x": 378.0, "y": 374.0}, {"x": 330.0, "y": 374.0}]}, "description": " >> Ticket #:"}, {"boundingPoly": {"vertices": [{"x": 328.0, "y": 372.0}, {"x": 415.0, "y": 372.0}, {"x": 415.0, "y": 385.0}, {"x": 328.0, "y": 385.0}]}, "description": " 12/9/2019 7:44:31 PM"}, {"boundingPoly": {"vertices": [{"x": 381.0, "y": 356.0}, {"x": 409.0, "y": 356.0}, {"x": 409.0, "y": 374.0}, {"x": 381.0, "y": 374.0}]}, "description": " 51 <"}, {"boundingPoly": {"vertices": [{"x": 350.0, "y": 397.0}, {"x": 395.0, "y": 397.0}, {"x": 395.0, "y": 408.0}, {"x": 350.0, "y": 409.0}]}, "description": "THANK YOU!"}, {"boundingPoly": {"vertices": [{"x": 175.0, "y": 412.0}, {"x": 230.0, "y": 404.0}, {"x": 234.0, "y": 437.0}, {"x": 176.0, "y": 445.0}]}, "description": "39/ 34"}, {"boundingPoly": {"vertices": [{"x": 53.0, "y": 474.0}, {"x": 213.0, "y": 469.0}, {"x": 214.0, "y": 481.0}, {"x": 53.0, "y": 486.0}]}, "description": "goods and/or services in the amount"}, {"boundingPoly": {"vertices": [{"x": 51.0, "y": 499.0}, {"x": 218.0, "y": 495.0}, {"x": 219.0, "y": 508.0}, {"x": 52.0, "y": 512.0}]}, "description": "to perform the obligations set forth"}, {"boundingPoly": {"vertices": [{"x": 56.0, "y": 554.0}, {"x": 108.0, "y": 554.0}, {"x": 108.0, "y": 570.0}, {"x": 56.0, "y": 570.0}]}, "description": " Signature:"}]}