{"textAnnotations": [{"boundingPoly": {"vertices": [{"x": 95.0, "y": 177.0}, {"x": 168.0, "y": 176.0}, {"x": 168.0, "y": 185.0}, {"x": 95.0, "y": 185.0}]}, "description": "merchant name"}, {"boundingPoly": {"vertices": [{"x": 86.0, "y": 185.0}, {"x": 181.0, "y": 184.0}, {"x": 181.0, "y": 193.0}, {"x": 86.0, "y": 194.0}]}, "description": "merchant address"}, {"boundingPoly": {"vertices": [{"x": 89.0, "y": 194.0}, {"x": 179.0, "y": 193.0}, {"x": 179.0, "y": 202.0}, {"x": 89.0, "y": 204.0}]}, "description": "merchant address"}, {"boundingPoly": {"vertices": [{"x": 98.0, "y": 203.0}, {"x": 121.0, "y": 203.0}, {"x": 121.0, "y": 214.0}, {"x": 98.0, "y": 214.0}]}, "description": "merchant phone"}, {"boundingPoly": {"vertices": [{"x": 123.0, "y": 203.0}, {"x": 163.0, "y": 203.0}, {"x": 163.0, "y": 213.0}, {"x": 123.0, "y": 213.0}]}, "description": "merchant phone"}, {"boundingPoly": {"vertices": [{"x": 129.0, "y": 212.0}, {"x": 202.0, "y": 212.0}, {"x": 202.0, "y": 225.0}, {"x": 129.0, "y": 225.0}]}, "description": " 12/13/2019 12:43"}, {"boundingPoly": {"vertices": [{"x": 156.0, "y": 229.0}, {"x": 202.0, "y": 236.0}, {"x": 201.0, "y": 244.0}, {"x": 155.0, "y": 236.0}]}, "description": "ry OFo AUTH"}, {"boundingPoly": {"vertices": [{"x": 178.0, "y": 252.0}, {"x": 201.0, "y": 256.0}, {"x": 199.0, "y": 264.0}, {"x": 177.0, "y": 260.0}]}, "description": "AMEX"}, {"boundingPoly": {"vertices": [{"x": 172.0, "y": 262.0}, {"x": 202.0, "y": 265.0}, {"x": 201.0, "y": 274.0}, {"x": 171.0, "y": 271.0}]}, "description": "823046"}, {"boundingPoly": {"vertices": [{"x": 57.0, "y": 216.0}, {"x": 80.0, "y": 216.0}, {"x": 80.0, "y": 225.0}, {"x": 57.0, "y": 225.0}]}, "description": " Date:"}, {"boundingPoly": {"vertices": [{"x": 58.0, "y": 225.0}, {"x": 104.0, "y": 225.0}, {"x": 104.0, "y": 236.0}, {"x": 58.0, "y": 236.0}]}, "description": " Trans Ref:"}, {"boundingPoly": {"vertices": [{"x": 57.0, "y": 235.0}, {"x": 106.0, "y": 235.0}, {"x": 106.0, "y": 246.0}, {"x": 57.0, "y": 246.0}]}, "description": " Trans Type:"}, {"boundingPoly": {"vertices": [{"x": 55.0, "y": 247.0}, {"x": 85.0, "y": 247.0}, {"x": 85.0, "y": 257.0}, {"x": 55.0, "y": 257.0}]}, "description": " Account"}, {"boundingPoly": {"vertices": [{"x": 54.0, "y": 257.0}, {"x": 101.0, "y": 257.0}, {"x": 101.0, "y": 268.0}, {"x": 54.0, "y": 268.0}]}, "description": " Card Type:"}, {"boundingPoly": {"vertices": [{"x": 52.0, "y": 266.0}, {"x": 100.0, "y": 266.0}, {"x": 100.0, "y": 277.0}, {"x": 52.0, "y": 277.0}]}, "description": " Auth Code:"}, {"boundingPoly": {"vertices": [{"x": 50.0, "y": 277.0}, {"x": 89.0, "y": 277.0}, {"x": 89.0, "y": 287.0}, {"x": 50.0, "y": 287.0}]}, "description": " Message:"}, {"boundingPoly": {"vertices": [{"x": 298.0, "y": 210.0}, {"x": 392.0, "y": 212.0}, {"x": 392.0, "y": 229.0}, {"x": 297.0, "y": 226.0}]}, "description": "merchant name"}, {"boundingPoly": {"vertices": [{"x": 297.0, "y": 241.0}, {"x": 397.0, "y": 244.0}, {"x": 396.0, "y": 259.0}, {"x": 297.0, "y": 254.0}]}, "description": "www.JalapenoInferno.com"}, {"boundingPoly": {"vertices": [{"x": 295.0, "y": 260.0}, {"x": 347.0, "y": 260.0}, {"x": 347.0, "y": 273.0}, {"x": 295.0, "y": 273.0}]}, "description": "merchant address"}, {"boundingPoly": {"vertices": [{"x": 159.0, "y": 221.0}, {"x": 202.0, "y": 224.0}, {"x": 201.0, "y": 234.0}, {"x": 158.0, "y": 230.0}]}, "description": "266626313"}, {"boundingPoly": {"vertices": [{"x": 143.0, "y": 241.0}, {"x": 202.0, "y": 245.0}, {"x": 201.0, "y": 254.0}, {"x": 143.0, "y": 249.0}]}, "description": "********* 1009"}, {"boundingPoly": {"vertices": [{"x": 306.0, "y": 220.0}, {"x": 344.0, "y": 220.0}, {"x": 344.0, "y": 231.0}, {"x": 306.0, "y": 231.0}]}, "description": " ......"}, {"boundingPoly": {"vertices": [{"x": 346.0, "y": 220.0}, {"x": 389.0, "y": 220.0}, {"x": 389.0, "y": 236.0}, {"x": 346.0, "y": 236.0}]}, "description": " ........"}, {"boundingPoly": {"vertices": [{"x": 86.0, "y": 247.0}, {"x": 93.0, "y": 247.0}, {"x": 93.0, "y": 256.0}, {"x": 86.0, "y": 256.0}]}, "description": " :"}, {"boundingPoly": {"vertices": [{"x": 298.0, "y": 250.0}, {"x": 325.0, "y": 250.0}, {"x": 325.0, "y": 263.0}, {"x": 298.0, "y": 263.0}]}, "description": "merchant address"}, {"boundingPoly": {"vertices": [{"x": 327.0, "y": 250.0}, {"x": 337.0, "y": 250.0}, {"x": 337.0, "y": 262.0}, {"x": 327.0, "y": 262.0}]}, "description": "merchant address"}, {"boundingPoly": {"vertices": [{"x": 340.0, "y": 251.0}, {"x": 402.0, "y": 251.0}, {"x": 402.0, "y": 269.0}, {"x": 340.0, "y": 269.0}]}, "description": "merchant address"}, {"boundingPoly": {"vertices": [{"x": 328.0, "y": 267.0}, {"x": 386.0, "y": 271.0}, {"x": 385.0, "y": 283.0}, {"x": 327.0, "y": 279.0}]}, "description": "merchant phone"}, {"boundingPoly": {"vertices": [{"x": 348.0, "y": 261.0}, {"x": 379.0, "y": 261.0}, {"x": 379.0, "y": 274.0}, {"x": 348.0, "y": 274.0}]}, "description": "merchant address"}, {"boundingPoly": {"vertices": [{"x": 380.0, "y": 263.0}, {"x": 403.0, "y": 263.0}, {"x": 403.0, "y": 278.0}, {"x": 380.0, "y": 278.0}]}, "description": "merchant address"}, {"boundingPoly": {"vertices": [{"x": 162.0, "y": 271.0}, {"x": 201.0, "y": 274.0}, {"x": 201.0, "y": 284.0}, {"x": 161.0, "y": 281.0}]}, "description": "APPROVED"}, {"boundingPoly": {"vertices": [{"x": 161.0, "y": 292.0}, {"x": 167.0, "y": 292.0}, {"x": 167.0, "y": 304.0}, {"x": 161.0, "y": 304.0}]}, "description": " 1"}, {"boundingPoly": {"vertices": [{"x": 47.0, "y": 296.0}, {"x": 73.0, "y": 296.0}, {"x": 73.0, "y": 306.0}, {"x": 47.0, "y": 306.0}]}, "description": " Arount"}, {"boundingPoly": {"vertices": [{"x": 74.0, "y": 296.0}, {"x": 80.0, "y": 296.0}, {"x": 80.0, "y": 306.0}, {"x": 74.0, "y": 306.0}]}, "description": " :"}, {"boundingPoly": {"vertices": [{"x": 169.0, "y": 293.0}, {"x": 201.0, "y": 293.0}, {"x": 201.0, "y": 305.0}, {"x": 169.0, "y": 305.0}]}, "description": " 691277"}, {"boundingPoly": {"vertices": [{"x": 270.0, "y": 295.0}, {"x": 319.0, "y": 291.0}, {"x": 320.0, "y": 302.0}, {"x": 271.0, "y": 306.0}]}, "description": "417 Beau H"}, {"boundingPoly": {"vertices": [{"x": 287.0, "y": 315.0}, {"x": 308.0, "y": 315.0}, {"x": 308.0, "y": 325.0}, {"x": 287.0, "y": 325.0}]}, "description": " 12/1"}, {"boundingPoly": {"vertices": [{"x": 43.0, "y": 317.0}, {"x": 73.0, "y": 317.0}, {"x": 73.0, "y": 328.0}, {"x": 43.0, "y": 328.0}]}, "description": " Total:"}, {"boundingPoly": {"vertices": [{"x": 268.0, "y": 316.0}, {"x": 286.0, "y": 316.0}, {"x": 286.0, "y": 326.0}, {"x": 268.0, "y": 326.0}]}, "description": " Tb1"}, {"boundingPoly": {"vertices": [{"x": 350.0, "y": 311.0}, {"x": 383.0, "y": 313.0}, {"x": 383.0, "y": 323.0}, {"x": 350.0, "y": 321.0}]}, "description": "Chk 532"}, {"boundingPoly": {"vertices": [{"x": 326.0, "y": 323.0}, {"x": 403.0, "y": 323.0}, {"x": 403.0, "y": 334.0}, {"x": 326.0, "y": 334.0}]}, "description": " Dec13'19 12:09PM"}, {"boundingPoly": {"vertices": [{"x": 174.0, "y": 328.0}, {"x": 200.0, "y": 329.0}, {"x": 199.0, "y": 337.0}, {"x": 174.0, "y": 336.0}]}, "description": "====="}, {"boundingPoly": {"vertices": [{"x": 39.0, "y": 339.0}, {"x": 71.0, "y": 339.0}, {"x": 71.0, "y": 351.0}, {"x": 39.0, "y": 351.0}]}, "description": " PMRef:"}, {"boundingPoly": {"vertices": [{"x": 38.0, "y": 351.0}, {"x": 70.0, "y": 351.0}, {"x": 70.0, "y": 364.0}, {"x": 38.0, "y": 364.0}]}, "description": " Check:"}, {"boundingPoly": {"vertices": [{"x": 37.0, "y": 364.0}, {"x": 85.0, "y": 364.0}, {"x": 85.0, "y": 376.0}, {"x": 37.0, "y": 376.0}]}, "description": " Check ID:"}, {"boundingPoly": {"vertices": [{"x": 73.0, "y": 337.0}, {"x": 120.0, "y": 337.0}, {"x": 120.0, "y": 351.0}, {"x": 73.0, "y": 351.0}]}, "description": " 266626313"}, {"boundingPoly": {"vertices": [{"x": 72.0, "y": 350.0}, {"x": 90.0, "y": 350.0}, {"x": 90.0, "y": 362.0}, {"x": 72.0, "y": 362.0}]}, "description": " 532"}, {"boundingPoly": {"vertices": [{"x": 289.0, "y": 346.0}, {"x": 360.0, "y": 345.0}, {"x": 360.0, "y": 357.0}, {"x": 289.0, "y": 358.0}]}, "description": "Dine In"}, {"boundingPoly": {"vertices": [{"x": 280.0, "y": 360.0}, {"x": 332.0, "y": 358.0}, {"x": 332.0, "y": 369.0}, {"x": 280.0, "y": 371.0}]}, "description": "1 Iced Tea"}, {"boundingPoly": {"vertices": [{"x": 290.0, "y": 371.0}, {"x": 339.0, "y": 371.0}, {"x": 339.0, "y": 383.0}, {"x": 290.0, "y": 383.0}]}, "description": " Cast Iron"}, {"boundingPoly": {"vertices": [{"x": 290.0, "y": 383.0}, {"x": 330.0, "y": 383.0}, {"x": 330.0, "y": 396.0}, {"x": 290.0, "y": 396.0}]}, "description": " COMBO 3"}, {"boundingPoly": {"vertices": [{"x": 281.0, "y": 396.0}, {"x": 361.0, "y": 395.0}, {"x": 361.0, "y": 407.0}, {"x": 281.0, "y": 408.0}]}, "description": "2 Chile Relleno"}, {"boundingPoly": {"vertices": [{"x": 292.0, "y": 408.0}, {"x": 397.0, "y": 408.0}, {"x": 397.0, "y": 422.0}, {"x": 292.0, "y": 422.0}]}, "description": " Quesadilla NO Choice"}, {"boundingPoly": {"vertices": [{"x": 293.0, "y": 422.0}, {"x": 334.0, "y": 422.0}, {"x": 334.0, "y": 435.0}, {"x": 293.0, "y": 435.0}]}, "description": " COMBO 2"}, {"boundingPoly": {"vertices": [{"x": 429.0, "y": 358.0}, {"x": 447.0, "y": 359.0}, {"x": 447.0, "y": 369.0}, {"x": 428.0, "y": 368.0}]}, "description": "2.90"}, {"boundingPoly": {"vertices": [{"x": 428.0, "y": 370.0}, {"x": 451.0, "y": 370.0}, {"x": 451.0, "y": 380.0}, {"x": 429.0, "y": 380.0}]}, "description": "15.99"}, {"boundingPoly": {"vertices": [{"x": 431.0, "y": 382.0}, {"x": 454.0, "y": 381.0}, {"x": 454.0, "y": 393.0}, {"x": 431.0, "y": 393.0}]}, "description": "13.99"}, {"boundingPoly": {"vertices": [{"x": 430.0, "y": 393.0}, {"x": 455.0, "y": 393.0}, {"x": 456.0, "y": 405.0}, {"x": 430.0, "y": 405.0}]}, "description": "29.98"}, {"boundingPoly": {"vertices": [{"x": 436.0, "y": 406.0}, {"x": 459.0, "y": 406.0}, {"x": 459.0, "y": 417.0}, {"x": 436.0, "y": 417.0}]}, "description": "9.99"}, {"boundingPoly": {"vertices": [{"x": 435.0, "y": 419.0}, {"x": 461.0, "y": 419.0}, {"x": 461.0, "y": 431.0}, {"x": 436.0, "y": 431.0}]}, "description": "11.99"}, {"boundingPoly": {"vertices": [{"x": 281.0, "y": 372.0}, {"x": 288.0, "y": 372.0}, {"x": 288.0, "y": 383.0}, {"x": 281.0, "y": 383.0}]}, "description": " 1"}, {"boundingPoly": {"vertices": [{"x": 282.0, "y": 383.0}, {"x": 287.0, "y": 383.0}, {"x": 287.0, "y": 396.0}, {"x": 282.0, "y": 396.0}]}, "description": " 1"}, {"boundingPoly": {"vertices": [{"x": 35.0, "y": 386.0}, {"x": 67.0, "y": 386.0}, {"x": 67.0, "y": 398.0}, {"x": 35.0, "y": 398.0}]}, "description": " Table:"}, {"boundingPoly": {"vertices": [{"x": 31.0, "y": 400.0}, {"x": 68.0, "y": 400.0}, {"x": 68.0, "y": 411.0}, {"x": 31.0, "y": 411.0}]}, "description": " Server:"}, {"boundingPoly": {"vertices": [{"x": 69.0, "y": 386.0}, {"x": 82.0, "y": 386.0}, {"x": 82.0, "y": 398.0}, {"x": 69.0, "y": 398.0}]}, "description": " 12"}, {"boundingPoly": {"vertices": [{"x": 70.0, "y": 399.0}, {"x": 106.0, "y": 399.0}, {"x": 106.0, "y": 411.0}, {"x": 70.0, "y": 411.0}]}, "description": " Beau H"}, {"boundingPoly": {"vertices": [{"x": 283.0, "y": 409.0}, {"x": 289.0, "y": 409.0}, {"x": 289.0, "y": 422.0}, {"x": 283.0, "y": 422.0}]}, "description": " 1"}, {"boundingPoly": {"vertices": [{"x": 284.0, "y": 422.0}, {"x": 290.0, "y": 422.0}, {"x": 290.0, "y": 435.0}, {"x": 284.0, "y": 435.0}]}, "description": " 1"}, {"boundingPoly": {"vertices": [{"x": 27.0, "y": 424.0}, {"x": 76.0, "y": 424.0}, {"x": 76.0, "y": 437.0}, {"x": 27.0, "y": 437.0}]}, "description": " SUBTOTAL:"}, {"boundingPoly": {"vertices": [{"x": 78.0, "y": 424.0}, {"x": 114.0, "y": 424.0}, {"x": 114.0, "y": 437.0}, {"x": 78.0, "y": 437.0}]}, "description": " $91.77"}, {"boundingPoly": {"vertices": [{"x": 102.0, "y": 446.0}, {"x": 154.0, "y": 446.0}, {"x": 154.0, "y": 466.0}, {"x": 102.0, "y": 466.0}]}, "description": " 18:00"}, {"boundingPoly": {"vertices": [{"x": 95.0, "y": 473.0}, {"x": 156.0, "y": 470.0}, {"x": 157.0, "y": 485.0}, {"x": 96.0, "y": 489.0}]}, "description": "109.77"}, {"boundingPoly": {"vertices": [{"x": 23.0, "y": 450.0}, {"x": 68.0, "y": 450.0}, {"x": 68.0, "y": 463.0}, {"x": 23.0, "y": 463.0}]}, "description": "GRATUITY"}, {"boundingPoly": {"vertices": [{"x": 293.0, "y": 446.0}, {"x": 315.0, "y": 446.0}, {"x": 314.0, "y": 456.0}, {"x": 293.0, "y": 455.0}]}, "description": "Food"}, {"boundingPoly": {"vertices": [{"x": 293.0, "y": 456.0}, {"x": 310.0, "y": 457.0}, {"x": 309.0, "y": 464.0}, {"x": 291.0, "y": 463.0}]}, "description": "Tax"}, {"boundingPoly": {"vertices": [{"x": 271.0, "y": 462.0}, {"x": 337.0, "y": 462.0}, {"x": 337.0, "y": 474.0}, {"x": 271.0, "y": 474.0}]}, "description": " 12:35PM Total"}, {"boundingPoly": {"vertices": [{"x": 290.0, "y": 473.0}, {"x": 318.0, "y": 474.0}, {"x": 317.0, "y": 482.0}, {"x": 289.0, "y": 480.0}]}, "description": "NOW"}, {"boundingPoly": {"vertices": [{"x": 433.0, "y": 444.0}, {"x": 461.0, "y": 444.0}, {"x": 460.0, "y": 454.0}, {"x": 433.0, "y": 454.0}]}, "description": "84.93"}, {"boundingPoly": {"vertices": [{"x": 435.0, "y": 455.0}, {"x": 458.0, "y": 455.0}, {"x": 458.0, "y": 464.0}, {"x": 434.0, "y": 464.0}]}, "description": "6.84"}, {"boundingPoly": {"vertices": [{"x": 405.0, "y": 464.0}, {"x": 456.0, "y": 464.0}, {"x": 457.0, "y": 474.0}, {"x": 405.0, "y": 475.0}]}, "description": "91.77"}, {"boundingPoly": {"vertices": [{"x": 21.0, "y": 478.0}, {"x": 50.0, "y": 478.0}, {"x": 50.0, "y": 491.0}, {"x": 21.0, "y": 491.0}]}, "description": "TOTAL"}, {"boundingPoly": {"vertices": [{"x": 87.0, "y": 517.0}, {"x": 138.0, "y": 518.0}, {"x": 138.0, "y": 527.0}, {"x": 87.0, "y": 527.0}]}, "description": "Signature"}]}