{"textAnnotations": [{"boundingPoly": {"vertices": [{"x": 555.0, "y": 301.0}, {"x": 969.0, "y": 303.0}, {"x": 968.0, "y": 349.0}, {"x": 555.0, "y": 346.0}]}, "description": "merchant name"}, {"boundingPoly": {"vertices": [{"x": 494.0, "y": 347.0}, {"x": 1058.0, "y": 353.0}, {"x": 1057.0, "y": 402.0}, {"x": 494.0, "y": 396.0}]}, "description": "merchant address"}, {"boundingPoly": {"vertices": [{"x": 557.0, "y": 400.0}, {"x": 981.0, "y": 402.0}, {"x": 981.0, "y": 449.0}, {"x": 557.0, "y": 446.0}]}, "description": "merchant address"}, {"boundingPoly": {"vertices": [{"x": 641.0, "y": 450.0}, {"x": 895.0, "y": 453.0}, {"x": 895.0, "y": 498.0}, {"x": 641.0, "y": 494.0}]}, "description": "merchant phone"}, {"boundingPoly": {"vertices": [{"x": 346.0, "y": 551.0}, {"x": 587.0, "y": 551.0}, {"x": 587.0, "y": 597.0}, {"x": 346.0, "y": 597.0}]}, "description": "Check 114/1"}, {"boundingPoly": {"vertices": [{"x": 553.0, "y": 603.0}, {"x": 667.0, "y": 603.0}, {"x": 667.0, "y": 651.0}, {"x": 553.0, "y": 651.0}]}, "description": " MADDI"}, {"boundingPoly": {"vertices": [{"x": 661.0, "y": 552.0}, {"x": 1177.0, "y": 552.0}, {"x": 1177.0, "y": 604.0}, {"x": 661.0, "y": 604.0}]}, "description": " 11/15/19-A 12:50pm"}, {"boundingPoly": {"vertices": [{"x": 349.0, "y": 604.0}, {"x": 491.0, "y": 604.0}, {"x": 491.0, "y": 650.0}, {"x": 349.0, "y": 650.0}]}, "description": " Guests"}, {"boundingPoly": {"vertices": [{"x": 505.0, "y": 604.0}, {"x": 545.0, "y": 604.0}, {"x": 545.0, "y": 650.0}, {"x": 505.0, "y": 650.0}]}, "description": " 1"}, {"boundingPoly": {"vertices": [{"x": 889.0, "y": 605.0}, {"x": 1180.0, "y": 605.0}, {"x": 1180.0, "y": 653.0}, {"x": 889.0, "y": 653.0}]}, "description": "Table P-02"}, {"boundingPoly": {"vertices": [{"x": 347.0, "y": 706.0}, {"x": 356.0, "y": 706.0}, {"x": 356.0, "y": 752.0}, {"x": 347.0, "y": 752.0}]}, "description": " 1"}, {"boundingPoly": {"vertices": [{"x": 346.0, "y": 758.0}, {"x": 357.0, "y": 758.0}, {"x": 357.0, "y": 804.0}, {"x": 346.0, "y": 804.0}]}, "description": " 1"}, {"boundingPoly": {"vertices": [{"x": 365.0, "y": 707.0}, {"x": 395.0, "y": 707.0}, {"x": 395.0, "y": 752.0}, {"x": 365.0, "y": 752.0}]}, "description": " .."}, {"boundingPoly": {"vertices": [{"x": 365.0, "y": 758.0}, {"x": 396.0, "y": 758.0}, {"x": 396.0, "y": 805.0}, {"x": 365.0, "y": 805.0}]}, "description": " .."}, {"boundingPoly": {"vertices": [{"x": 404.0, "y": 707.0}, {"x": 585.0, "y": 707.0}, {"x": 585.0, "y": 752.0}, {"x": 404.0, "y": 752.0}]}, "description": " LEMONADE"}, {"boundingPoly": {"vertices": [{"x": 404.0, "y": 758.0}, {"x": 692.0, "y": 758.0}, {"x": 692.0, "y": 806.0}, {"x": 404.0, "y": 806.0}]}, "description": " CHICKEN PESTO"}, {"boundingPoly": {"vertices": [{"x": 1090.0, "y": 711.0}, {"x": 1182.0, "y": 710.0}, {"x": 1181.0, "y": 755.0}, {"x": 1092.0, "y": 758.0}]}, "description": "3.25"}, {"boundingPoly": {"vertices": [{"x": 1082.0, "y": 762.0}, {"x": 1179.0, "y": 761.0}, {"x": 1178.0, "y": 804.0}, {"x": 1082.0, "y": 806.0}]}, "description": "14.95"}, {"boundingPoly": {"vertices": [{"x": 746.0, "y": 867.0}, {"x": 853.0, "y": 870.0}, {"x": 851.0, "y": 911.0}, {"x": 745.0, "y": 910.0}]}, "description": "Items"}, {"boundingPoly": {"vertices": [{"x": 765.0, "y": 916.0}, {"x": 851.0, "y": 918.0}, {"x": 851.0, "y": 960.0}, {"x": 765.0, "y": 960.0}]}, "description": "P206"}, {"boundingPoly": {"vertices": [{"x": 433.0, "y": 966.0}, {"x": 851.0, "y": 966.0}, {"x": 851.0, "y": 1014.0}, {"x": 433.0, "y": 1014.0}]}, "description": "Sales Tax (on 18.45)"}, {"boundingPoly": {"vertices": [{"x": 517.0, "y": 1051.0}, {"x": 846.0, "y": 1049.0}, {"x": 847.0, "y": 1102.0}, {"x": 517.0, "y": 1103.0}]}, "description": "Subtotal"}, {"boundingPoly": {"vertices": [{"x": 1078.0, "y": 864.0}, {"x": 1179.0, "y": 862.0}, {"x": 1178.0, "y": 907.0}, {"x": 1081.0, "y": 912.0}]}, "description": "18.20"}, {"boundingPoly": {"vertices": [{"x": 1128.0, "y": 915.0}, {"x": 1179.0, "y": 916.0}, {"x": 1178.0, "y": 959.0}, {"x": 1128.0, "y": 957.0}]}, "description": ".25"}, {"boundingPoly": {"vertices": [{"x": 1096.0, "y": 967.0}, {"x": 1178.0, "y": 966.0}, {"x": 1180.0, "y": 1009.0}, {"x": 1097.0, "y": 1009.0}]}, "description": "1.49"}, {"boundingPoly": {"vertices": [{"x": 979.0, "y": 1021.0}, {"x": 1185.0, "y": 1017.0}, {"x": 1185.0, "y": 1098.0}, {"x": 980.0, "y": 1101.0}]}, "description": "19.94"}, {"boundingPoly": {"vertices": [{"x": 793.0, "y": 1176.0}, {"x": 1138.0, "y": 1162.0}, {"x": 1143.0, "y": 1248.0}, {"x": 794.0, "y": 1258.0}]}, "description": "Tip $ 5.0"}, {"boundingPoly": {"vertices": [{"x": 872.0, "y": 1311.0}, {"x": 1246.0, "y": 1296.0}, {"x": 1252.0, "y": 1388.0}, {"x": 878.0, "y": 1411.0}]}, "description": "$ 24 . 94"}, {"boundingPoly": {"vertices": [{"x": 387.0, "y": 1508.0}, {"x": 877.0, "y": 1508.0}, {"x": 877.0, "y": 1559.0}, {"x": 387.0, "y": 1559.0}]}, "description": " 11-15-2019 13:27:41 NOS"}, {"boundingPoly": {"vertices": [{"x": 805.0, "y": 1563.0}, {"x": 981.0, "y": 1562.0}, {"x": 982.0, "y": 1609.0}, {"x": 806.0, "y": 1610.0}]}, "description": "Approval"}, {"boundingPoly": {"vertices": [{"x": 747.0, "y": 1351.0}, {"x": 859.0, "y": 1349.0}, {"x": 860.0, "y": 1397.0}, {"x": 748.0, "y": 1397.0}]}, "description": "TOTAL"}, {"boundingPoly": {"vertices": [{"x": 1083.0, "y": 1508.0}, {"x": 1185.0, "y": 1509.0}, {"x": 1184.0, "y": 1553.0}, {"x": 1083.0, "y": 1552.0}]}, "description": "19.94"}, {"boundingPoly": {"vertices": [{"x": 1056.0, "y": 1563.0}, {"x": 1183.0, "y": 1562.0}, {"x": 1182.0, "y": 1606.0}, {"x": 1056.0, "y": 1606.0}]}, "description": "566321"}, {"boundingPoly": {"vertices": [{"x": 490.0, "y": 1665.0}, {"x": 1037.0, "y": 1665.0}, {"x": 1037.0, "y": 1718.0}, {"x": 490.0, "y": 1718.0}]}, "description": "Customer Copy"}, {"boundingPoly": {"vertices": [{"x": 340.0, "y": 1771.0}, {"x": 1184.0, "y": 1766.0}, {"x": 1184.0, "y": 1815.0}, {"x": 341.0, "y": 1820.0}]}, "description": "Cardholder agrees to pay the above TOTAL"}, {"boundingPoly": {"vertices": [{"x": 386.0, "y": 1825.0}, {"x": 1161.0, "y": 1822.0}, {"x": 1161.0, "y": 1867.0}, {"x": 386.0, "y": 1872.0}]}, "description": "amount according to issuer agreement."}, {"boundingPoly": {"vertices": [{"x": 411.0, "y": 1927.0}, {"x": 1126.0, "y": 1920.0}, {"x": 1127.0, "y": 1969.0}, {"x": 411.0, "y": 1978.0}]}, "description": "Thank you for dining at Humble Pie"}]}