{"textAnnotations": [{"boundingPoly": {"vertices": [{"x": 636.0, "y": 177.0}, {"x": 1129.0, "y": 169.0}, {"x": 1130.0, "y": 279.0}, {"x": 638.0, "y": 286.0}]}, "description": "SETEFI"}, {"boundingPoly": {"vertices": [{"x": 622.0, "y": 304.0}, {"x": 491.0, "y": 307.0}, {"x": 489.0, "y": 231.0}, {"x": 621.0, "y": 231.0}]}, "description": "UUU"}, {"boundingPoly": {"vertices": [{"x": 639.0, "y": 286.0}, {"x": 1126.0, "y": 282.0}, {"x": 1126.0, "y": 351.0}, {"x": 639.0, "y": 354.0}]}, "description": "NUMEROVERDE 800825099"}, {"boundingPoly": {"vertices": [{"x": 608.0, "y": 441.0}, {"x": 1016.0, "y": 438.0}, {"x": 1016.0, "y": 501.0}, {"x": 608.0, "y": 504.0}]}, "description": "Mastercard"}, {"boundingPoly": {"vertices": [{"x": 654.0, "y": 522.0}, {"x": 975.0, "y": 516.0}, {"x": 977.0, "y": 616.0}, {"x": 655.0, "y": 622.0}]}, "description": "ACQUISTO"}, {"boundingPoly": {"vertices": [{"x": 886.0, "y": 642.0}, {"x": 1025.0, "y": 642.0}, {"x": 1025.0, "y": 703.0}, {"x": 886.0, "y": 703.0}]}, "description": "merchant name"}, {"boundingPoly": {"vertices": [{"x": 474.0, "y": 718.0}, {"x": 1124.0, "y": 710.0}, {"x": 1125.0, "y": 767.0}, {"x": 475.0, "y": 775.0}]}, "description": "merchant address"}, {"boundingPoly": {"vertices": [{"x": 559.0, "y": 782.0}, {"x": 1081.0, "y": 777.0}, {"x": 1082.0, "y": 831.0}, {"x": 560.0, "y": 838.0}]}, "description": "merchant address"}, {"boundingPoly": {"vertices": [{"x": 782.0, "y": 842.0}, {"x": 1113.0, "y": 842.0}, {"x": 1113.0, "y": 895.0}, {"x": 782.0, "y": 895.0}]}, "description": " SCONTRINO"}, {"boundingPoly": {"vertices": [{"x": 585.0, "y": 645.0}, {"x": 870.0, "y": 645.0}, {"x": 870.0, "y": 709.0}, {"x": 585.0, "y": 709.0}]}, "description": "merchant name"}, {"boundingPoly": {"vertices": [{"x": 394.0, "y": 857.0}, {"x": 524.0, "y": 857.0}, {"x": 524.0, "y": 892.0}, {"x": 394.0, "y": 891.0}]}, "description": "---"}, {"boundingPoly": {"vertices": [{"x": 531.0, "y": 846.0}, {"x": 720.0, "y": 846.0}, {"x": 720.0, "y": 896.0}, {"x": 531.0, "y": 896.0}]}, "description": " COPIA"}, {"boundingPoly": {"vertices": [{"x": 407.0, "y": 964.0}, {"x": 568.0, "y": 964.0}, {"x": 568.0, "y": 1012.0}, {"x": 407.0, "y": 1012.0}]}, "description": "Eser ."}, {"boundingPoly": {"vertices": [{"x": 414.0, "y": 1018.0}, {"x": 686.0, "y": 1016.0}, {"x": 687.0, "y": 1067.0}, {"x": 414.0, "y": 1070.0}]}, "description": "A.I.I.C."}, {"boundingPoly": {"vertices": [{"x": 722.0, "y": 960.0}, {"x": 1234.0, "y": 952.0}, {"x": 1235.0, "y": 1001.0}, {"x": 722.0, "y": 1009.0}]}, "description": "481174400001001"}, {"boundingPoly": {"vertices": [{"x": 852.0, "y": 1016.0}, {"x": 1234.0, "y": 1011.0}, {"x": 1234.0, "y": 1057.0}, {"x": 852.0, "y": 1062.0}]}, "description": "00000000018"}, {"boundingPoly": {"vertices": [{"x": 416.0, "y": 1067.0}, {"x": 1233.0, "y": 1067.0}, {"x": 1233.0, "y": 1129.0}, {"x": 416.0, "y": 1129.0}]}, "description": " Data 12/11/19 Ora 23:21"}, {"boundingPoly": {"vertices": [{"x": 418.0, "y": 1136.0}, {"x": 1234.0, "y": 1125.0}, {"x": 1235.0, "y": 1178.0}, {"x": 419.0, "y": 1190.0}]}, "description": "TML 97920367 STAN 005522"}, {"boundingPoly": {"vertices": [{"x": 414.0, "y": 1198.0}, {"x": 802.0, "y": 1196.0}, {"x": 803.0, "y": 1244.0}, {"x": 414.0, "y": 1248.0}]}, "description": "Mod. Online"}, {"boundingPoly": {"vertices": [{"x": 959.0, "y": 1189.0}, {"x": 1233.0, "y": 1185.0}, {"x": 1234.0, "y": 1235.0}, {"x": 959.0, "y": 1240.0}]}, "description": "CTLS ICC"}, {"boundingPoly": {"vertices": [{"x": 411.0, "y": 1256.0}, {"x": 1239.0, "y": 1244.0}, {"x": 1239.0, "y": 1296.0}, {"x": 412.0, "y": 1307.0}]}, "description": "AUT. 168898 OPER. 006025"}, {"boundingPoly": {"vertices": [{"x": 409.0, "y": 1315.0}, {"x": 969.0, "y": 1307.0}, {"x": 970.0, "y": 1357.0}, {"x": 409.0, "y": 1358.0}]}, "description": "************ 4796"}, {"boundingPoly": {"vertices": [{"x": 402.0, "y": 1373.0}, {"x": 748.0, "y": 1371.0}, {"x": 749.0, "y": 1423.0}, {"x": 403.0, "y": 1426.0}]}, "description": "A.ID A0000000041010"}, {"boundingPoly": {"vertices": [{"x": 397.0, "y": 1438.0}, {"x": 812.0, "y": 1435.0}, {"x": 813.0, "y": 1488.0}, {"x": 397.0, "y": 1493.0}]}, "description": "APPL. Debit Mastercard"}, {"boundingPoly": {"vertices": [{"x": 721.0, "y": 1497.0}, {"x": 896.0, "y": 1497.0}, {"x": 896.0, "y": 1554.0}, {"x": 721.0, "y": 1554.0}]}, "description": " TrCC 978"}, {"boundingPoly": {"vertices": [{"x": 394.0, "y": 1570.0}, {"x": 1126.0, "y": 1557.0}, {"x": 1127.0, "y": 1615.0}, {"x": 394.0, "y": 1627.0}]}, "description": "TUR 0000048000 A.R.Q.C. 99986AAD17293CF8"}, {"boundingPoly": {"vertices": [{"x": 1011.0, "y": 1630.0}, {"x": 1128.0, "y": 1627.0}, {"x": 1128.0, "y": 1678.0}, {"x": 1012.0, "y": 1681.0}]}, "description": "000OFF"}, {"boundingPoly": {"vertices": [{"x": 1106.0, "y": 1315.0}, {"x": 1241.0, "y": 1313.0}, {"x": 1241.0, "y": 1347.0}, {"x": 1106.0, "y": 1349.0}]}, "description": "****"}, {"boundingPoly": {"vertices": [{"x": 848.0, "y": 1432.0}, {"x": 1016.0, "y": 1430.0}, {"x": 1016.0, "y": 1483.0}, {"x": 849.0, "y": 1485.0}]}, "description": "ATC 0059"}, {"boundingPoly": {"vertices": [{"x": 913.0, "y": 1495.0}, {"x": 1120.0, "y": 1495.0}, {"x": 1120.0, "y": 1551.0}, {"x": 913.0, "y": 1551.0}]}, "description": " UN OC62413B"}, {"boundingPoly": {"vertices": [{"x": 401.0, "y": 1503.0}, {"x": 552.0, "y": 1503.0}, {"x": 552.0, "y": 1560.0}, {"x": 401.0, "y": 1560.0}]}, "description": " ICC 380"}, {"boundingPoly": {"vertices": [{"x": 575.0, "y": 1500.0}, {"x": 697.0, "y": 1500.0}, {"x": 697.0, "y": 1557.0}, {"x": 575.0, "y": 1557.0}]}, "description": " TT 00"}, {"boundingPoly": {"vertices": [{"x": 399.0, "y": 1640.0}, {"x": 918.0, "y": 1631.0}, {"x": 919.0, "y": 1685.0}, {"x": 399.0, "y": 1696.0}]}, "description": "IAD 0114A04003220400000000000"}, {"boundingPoly": {"vertices": [{"x": 507.0, "y": 1771.0}, {"x": 1140.0, "y": 1759.0}, {"x": 1141.0, "y": 1863.0}, {"x": 508.0, "y": 1873.0}]}, "description": "IMPORTO EUR 34,50"}, {"boundingPoly": {"vertices": [{"x": 793.0, "y": 1943.0}, {"x": 1126.0, "y": 1943.0}, {"x": 1126.0, "y": 2005.0}, {"x": 793.0, "y": 2005.0}]}, "description": " SCONTRINO"}, {"boundingPoly": {"vertices": [{"x": 401.0, "y": 1969.0}, {"x": 515.0, "y": 1965.0}, {"x": 516.0, "y": 1999.0}, {"x": 402.0, "y": 2002.0}]}, "description": "---"}, {"boundingPoly": {"vertices": [{"x": 540.0, "y": 1951.0}, {"x": 735.0, "y": 1951.0}, {"x": 735.0, "y": 2009.0}, {"x": 540.0, "y": 2009.0}]}, "description": " COPIA"}, {"boundingPoly": {"vertices": [{"x": 1160.0, "y": 1959.0}, {"x": 1271.0, "y": 1955.0}, {"x": 1272.0, "y": 1979.0}, {"x": 1161.0, "y": 1984.0}]}, "description": "----"}, {"boundingPoly": {"vertices": [{"x": 400.0, "y": 2082.0}, {"x": 1233.0, "y": 2069.0}, {"x": 1234.0, "y": 2120.0}, {"x": 401.0, "y": 2133.0}]}, "description": "Transazione autorizzata"}, {"boundingPoly": {"vertices": [{"x": 471.0, "y": 2192.0}, {"x": 1194.0, "y": 2180.0}, {"x": 1195.0, "y": 2229.0}, {"x": 472.0, "y": 2243.0}]}, "description": "ARRIVEDERCI E GRAZIE"}, {"boundingPoly": {"vertices": [{"x": 445.0, "y": 2243.0}, {"x": 924.0, "y": 2243.0}, {"x": 924.0, "y": 2298.0}, {"x": 445.0, "y": 2298.0}]}, "description": " Cod. Commerc:"}, {"boundingPoly": {"vertices": [{"x": 937.0, "y": 2235.0}, {"x": 1190.0, "y": 2235.0}, {"x": 1190.0, "y": 2288.0}, {"x": 937.0, "y": 2288.0}]}, "description": " 5188347"}]}