{"textAnnotations": [{"boundingPoly": {"vertices": [{"x": 173.0, "y": 135.0}, {"x": 242.0, "y": 137.0}, {"x": 242.0, "y": 148.0}, {"x": 173.0, "y": 147.0}]}, "description": "=========="}, {"boundingPoly": {"vertices": [{"x": 381.0, "y": 139.0}, {"x": 452.0, "y": 139.0}, {"x": 452.0, "y": 151.0}, {"x": 381.0, "y": 151.0}]}, "description": "=========="}, {"boundingPoly": {"vertices": [{"x": 252.0, "y": 151.0}, {"x": 349.0, "y": 156.0}, {"x": 348.0, "y": 172.0}, {"x": 251.0, "y": 167.0}]}, "description": "merchant name"}, {"boundingPoly": {"vertices": [{"x": 219.0, "y": 180.0}, {"x": 358.0, "y": 193.0}, {"x": 356.0, "y": 210.0}, {"x": 219.0, "y": 197.0}]}, "description": "merchant address"}, {"boundingPoly": {"vertices": [{"x": 213.0, "y": 214.0}, {"x": 435.0, "y": 217.0}, {"x": 435.0, "y": 241.0}, {"x": 213.0, "y": 238.0}]}, "description": "merchant address"}, {"boundingPoly": {"vertices": [{"x": 225.0, "y": 254.0}, {"x": 307.0, "y": 255.0}, {"x": 307.0, "y": 273.0}, {"x": 225.0, "y": 272.0}]}, "description": "merchant address"}, {"boundingPoly": {"vertices": [{"x": 211.0, "y": 165.0}, {"x": 406.0, "y": 175.0}, {"x": 405.0, "y": 192.0}, {"x": 211.0, "y": 181.0}]}, "description": "merchant address"}, {"boundingPoly": {"vertices": [{"x": 215.0, "y": 194.0}, {"x": 406.0, "y": 205.0}, {"x": 404.0, "y": 224.0}, {"x": 215.0, "y": 217.0}]}, "description": "merchant address"}, {"boundingPoly": {"vertices": [{"x": 192.0, "y": 229.0}, {"x": 444.0, "y": 234.0}, {"x": 443.0, "y": 257.0}, {"x": 191.0, "y": 253.0}]}, "description": "merchant address"}, {"boundingPoly": {"vertices": [{"x": 192.0, "y": 267.0}, {"x": 439.0, "y": 273.0}, {"x": 438.0, "y": 294.0}, {"x": 191.0, "y": 289.0}]}, "description": "VAT Registered TIN 008-645-951-000"}, {"boundingPoly": {"vertices": [{"x": 164.0, "y": 299.0}, {"x": 199.0, "y": 299.0}, {"x": 199.0, "y": 320.0}, {"x": 164.0, "y": 320.0}]}, "description": " MIN:"}, {"boundingPoly": {"vertices": [{"x": 165.0, "y": 319.0}, {"x": 338.0, "y": 330.0}, {"x": 337.0, "y": 348.0}, {"x": 164.0, "y": 337.0}]}, "description": "Serial No. T24784-1807 /"}, {"boundingPoly": {"vertices": [{"x": 162.0, "y": 357.0}, {"x": 310.0, "y": 366.0}, {"x": 309.0, "y": 382.0}, {"x": 162.0, "y": 372.0}]}, "description": "W15679SCPNN-SM80003"}, {"boundingPoly": {"vertices": [{"x": 163.0, "y": 395.0}, {"x": 206.0, "y": 395.0}, {"x": 206.0, "y": 412.0}, {"x": 163.0, "y": 412.0}]}, "description": " Name:"}, {"boundingPoly": {"vertices": [{"x": 202.0, "y": 303.0}, {"x": 331.0, "y": 303.0}, {"x": 331.0, "y": 330.0}, {"x": 202.0, "y": 330.0}]}, "description": " 18100415333701568"}, {"boundingPoly": {"vertices": [{"x": 162.0, "y": 338.0}, {"x": 439.0, "y": 352.0}, {"x": 438.0, "y": 368.0}, {"x": 162.0, "y": 356.0}]}, "description": "W15JSCSNN-SM70010/W156JSCSNN-SM70011/"}, {"boundingPoly": {"vertices": [{"x": 165.0, "y": 434.0}, {"x": 228.0, "y": 436.0}, {"x": 227.0, "y": 453.0}, {"x": 164.0, "y": 451.0}]}, "description": "12/16/19"}, {"boundingPoly": {"vertices": [{"x": 165.0, "y": 455.0}, {"x": 212.0, "y": 455.0}, {"x": 212.0, "y": 472.0}, {"x": 165.0, "y": 472.0}]}, "description": " Table:"}, {"boundingPoly": {"vertices": [{"x": 165.0, "y": 474.0}, {"x": 222.0, "y": 474.0}, {"x": 222.0, "y": 493.0}, {"x": 165.0, "y": 493.0}]}, "description": " Server:"}, {"boundingPoly": {"vertices": [{"x": 165.0, "y": 494.0}, {"x": 191.0, "y": 494.0}, {"x": 191.0, "y": 509.0}, {"x": 165.0, "y": 509.0}]}, "description": " : 1"}, {"boundingPoly": {"vertices": [{"x": 163.0, "y": 512.0}, {"x": 258.0, "y": 512.0}, {"x": 258.0, "y": 530.0}, {"x": 163.0, "y": 530.0}]}, "description": " Audit CHECK:"}, {"boundingPoly": {"vertices": [{"x": 165.0, "y": 532.0}, {"x": 205.0, "y": 532.0}, {"x": 205.0, "y": 549.0}, {"x": 165.0, "y": 548.0}]}, "description": "41595"}, {"boundingPoly": {"vertices": [{"x": 163.0, "y": 554.0}, {"x": 245.0, "y": 554.0}, {"x": 245.0, "y": 571.0}, {"x": 163.0, "y": 571.0}]}, "description": " Reference:"}, {"boundingPoly": {"vertices": [{"x": 166.0, "y": 574.0}, {"x": 301.0, "y": 574.0}, {"x": 301.0, "y": 594.0}, {"x": 166.0, "y": 594.0}]}, "description": " Transaction Type:"}, {"boundingPoly": {"vertices": [{"x": 164.0, "y": 597.0}, {"x": 282.0, "y": 598.0}, {"x": 282.0, "y": 610.0}, {"x": 164.0, "y": 608.0}]}, "description": "==============="}, {"boundingPoly": {"vertices": [{"x": 246.0, "y": 617.0}, {"x": 372.0, "y": 618.0}, {"x": 372.0, "y": 635.0}, {"x": 246.0, "y": 634.0}]}, "description": "OFFICIAL RECEIPT"}, {"boundingPoly": {"vertices": [{"x": 221.0, "y": 639.0}, {"x": 304.0, "y": 639.0}, {"x": 304.0, "y": 657.0}, {"x": 221.0, "y": 657.0}]}, "description": " Receipt #:"}, {"boundingPoly": {"vertices": [{"x": 168.0, "y": 661.0}, {"x": 290.0, "y": 661.0}, {"x": 290.0, "y": 675.0}, {"x": 168.0, "y": 675.0}]}, "description": " ===============:"}, {"boundingPoly": {"vertices": [{"x": 169.0, "y": 679.0}, {"x": 198.0, "y": 681.0}, {"x": 197.0, "y": 698.0}, {"x": 168.0, "y": 696.0}]}, "description": "Qty"}, {"boundingPoly": {"vertices": [{"x": 168.0, "y": 704.0}, {"x": 195.0, "y": 705.0}, {"x": 195.0, "y": 712.0}, {"x": 168.0, "y": 712.0}]}, "description": "---"}, {"boundingPoly": {"vertices": [{"x": 248.0, "y": 439.0}, {"x": 305.0, "y": 439.0}, {"x": 305.0, "y": 455.0}, {"x": 248.0, "y": 455.0}]}, "description": " 6:41 PM"}, {"boundingPoly": {"vertices": [{"x": 240.0, "y": 457.0}, {"x": 320.0, "y": 457.0}, {"x": 320.0, "y": 476.0}, {"x": 240.0, "y": 476.0}]}, "description": " 404:2"}, {"boundingPoly": {"vertices": [{"x": 224.0, "y": 476.0}, {"x": 382.0, "y": 476.0}, {"x": 382.0, "y": 497.0}, {"x": 224.0, "y": 497.0}]}, "description": " Cenido, John Nichols"}, {"boundingPoly": {"vertices": [{"x": 438.0, "y": 484.0}, {"x": 471.0, "y": 484.0}, {"x": 471.0, "y": 499.0}, {"x": 438.0, "y": 499.0}]}, "description": "Cust"}, {"boundingPoly": {"vertices": [{"x": 304.0, "y": 576.0}, {"x": 363.0, "y": 576.0}, {"x": 363.0, "y": 595.0}, {"x": 304.0, "y": 595.0}]}, "description": " DINE IN"}, {"boundingPoly": {"vertices": [{"x": 301.0, "y": 600.0}, {"x": 479.0, "y": 601.0}, {"x": 479.0, "y": 613.0}, {"x": 301.0, "y": 611.0}]}, "description": "======================="}, {"boundingPoly": {"vertices": [{"x": 307.0, "y": 639.0}, {"x": 435.0, "y": 639.0}, {"x": 435.0, "y": 657.0}, {"x": 307.0, "y": 657.0}]}, "description": " 0000000000146105"}, {"boundingPoly": {"vertices": [{"x": 290.0, "y": 663.0}, {"x": 480.0, "y": 663.0}, {"x": 480.0, "y": 674.0}, {"x": 290.0, "y": 674.0}]}, "description": "========================="}, {"boundingPoly": {"vertices": [{"x": 215.0, "y": 679.0}, {"x": 345.0, "y": 682.0}, {"x": 345.0, "y": 700.0}, {"x": 215.0, "y": 697.0}]}, "description": "Item Description"}, {"boundingPoly": {"vertices": [{"x": 420.0, "y": 682.0}, {"x": 468.0, "y": 682.0}, {"x": 469.0, "y": 697.0}, {"x": 420.0, "y": 697.0}]}, "description": "Amount"}, {"boundingPoly": {"vertices": [{"x": 169.0, "y": 743.0}, {"x": 315.0, "y": 743.0}, {"x": 315.0, "y": 762.0}, {"x": 169.0, "y": 762.0}]}, "description": "0.5 Bread & Butter"}, {"boundingPoly": {"vertices": [{"x": 170.0, "y": 765.0}, {"x": 324.0, "y": 766.0}, {"x": 324.0, "y": 784.0}, {"x": 170.0, "y": 783.0}]}, "description": "0.5 Mussels & Fries"}, {"boundingPoly": {"vertices": [{"x": 171.0, "y": 786.0}, {"x": 372.0, "y": 786.0}, {"x": 372.0, "y": 805.0}, {"x": 171.0, "y": 805.0}]}, "description": "0.5 Garlic Knot & Ricotta"}, {"boundingPoly": {"vertices": [{"x": 172.0, "y": 808.0}, {"x": 303.0, "y": 808.0}, {"x": 303.0, "y": 825.0}, {"x": 172.0, "y": 826.0}]}, "description": "0.5 Risotto Nero"}, {"boundingPoly": {"vertices": [{"x": 170.0, "y": 827.0}, {"x": 351.0, "y": 825.0}, {"x": 351.0, "y": 842.0}, {"x": 170.0, "y": 845.0}]}, "description": "0.5 Bucatini Meatballs"}, {"boundingPoly": {"vertices": [{"x": 168.0, "y": 846.0}, {"x": 370.0, "y": 844.0}, {"x": 370.0, "y": 861.0}, {"x": 168.0, "y": 864.0}]}, "description": "0.5 Spaghetti Alla Norma"}, {"boundingPoly": {"vertices": [{"x": 167.0, "y": 866.0}, {"x": 346.0, "y": 864.0}, {"x": 346.0, "y": 881.0}, {"x": 167.0, "y": 884.0}]}, "description": "0.5 Glass Jack Shiraz"}, {"boundingPoly": {"vertices": [{"x": 437.0, "y": 744.0}, {"x": 470.0, "y": 744.0}, {"x": 470.0, "y": 760.0}, {"x": 438.0, "y": 760.0}]}, "description": "0.00"}, {"boundingPoly": {"vertices": [{"x": 423.0, "y": 766.0}, {"x": 472.0, "y": 766.0}, {"x": 472.0, "y": 782.0}, {"x": 423.0, "y": 782.0}]}, "description": "280.00"}, {"boundingPoly": {"vertices": [{"x": 424.0, "y": 787.0}, {"x": 473.0, "y": 787.0}, {"x": 473.0, "y": 803.0}, {"x": 424.0, "y": 802.0}]}, "description": "190.00"}, {"boundingPoly": {"vertices": [{"x": 427.0, "y": 805.0}, {"x": 476.0, "y": 805.0}, {"x": 476.0, "y": 819.0}, {"x": 427.0, "y": 820.0}]}, "description": "435.00"}, {"boundingPoly": {"vertices": [{"x": 429.0, "y": 822.0}, {"x": 478.0, "y": 822.0}, {"x": 478.0, "y": 837.0}, {"x": 429.0, "y": 838.0}]}, "description": "315.00"}, {"boundingPoly": {"vertices": [{"x": 431.0, "y": 841.0}, {"x": 481.0, "y": 840.0}, {"x": 482.0, "y": 855.0}, {"x": 431.0, "y": 857.0}]}, "description": "247.50"}, {"boundingPoly": {"vertices": [{"x": 435.0, "y": 860.0}, {"x": 484.0, "y": 859.0}, {"x": 485.0, "y": 875.0}, {"x": 436.0, "y": 876.0}]}, "description": "120.00"}, {"boundingPoly": {"vertices": [{"x": 311.0, "y": 904.0}, {"x": 397.0, "y": 904.0}, {"x": 397.0, "y": 923.0}, {"x": 311.0, "y": 923.0}]}, "description": " Sub-total:"}, {"boundingPoly": {"vertices": [{"x": 260.0, "y": 926.0}, {"x": 390.0, "y": 926.0}, {"x": 390.0, "y": 948.0}, {"x": 260.0, "y": 948.0}]}, "description": " Service Charge:"}, {"boundingPoly": {"vertices": [{"x": 431.0, "y": 901.0}, {"x": 493.0, "y": 899.0}, {"x": 493.0, "y": 916.0}, {"x": 432.0, "y": 918.0}]}, "description": "1587.50"}, {"boundingPoly": {"vertices": [{"x": 433.0, "y": 922.0}, {"x": 478.0, "y": 920.0}, {"x": 479.0, "y": 936.0}, {"x": 434.0, "y": 938.0}]}, "description": "70.87"}, {"boundingPoly": {"vertices": [{"x": 202.0, "y": 971.0}, {"x": 404.0, "y": 966.0}, {"x": 404.0, "y": 985.0}, {"x": 202.0, "y": 991.0}]}, "description": "3 Item(s) Total Amount"}, {"boundingPoly": {"vertices": [{"x": 439.0, "y": 964.0}, {"x": 503.0, "y": 962.0}, {"x": 504.0, "y": 981.0}, {"x": 439.0, "y": 983.0}]}, "description": "1658.37"}, {"boundingPoly": {"vertices": [{"x": 159.0, "y": 1020.0}, {"x": 243.0, "y": 1020.0}, {"x": 243.0, "y": 1043.0}, {"x": 159.0, "y": 1043.0}]}, "description": " BDO AMEX:"}, {"boundingPoly": {"vertices": [{"x": 159.0, "y": 1047.0}, {"x": 224.0, "y": 1047.0}, {"x": 224.0, "y": 1068.0}, {"x": 159.0, "y": 1068.0}]}, "description": " CHANGE:"}, {"boundingPoly": {"vertices": [{"x": 444.0, "y": 1014.0}, {"x": 509.0, "y": 1012.0}, {"x": 510.0, "y": 1032.0}, {"x": 445.0, "y": 1034.0}]}, "description": "1658.37"}, {"boundingPoly": {"vertices": [{"x": 162.0, "y": 1098.0}, {"x": 236.0, "y": 1098.0}, {"x": 236.0, "y": 1120.0}, {"x": 162.0, "y": 1120.0}]}, "description": " SUMMARY:"}, {"boundingPoly": {"vertices": [{"x": 164.0, "y": 1151.0}, {"x": 291.0, "y": 1151.0}, {"x": 291.0, "y": 1175.0}, {"x": 164.0, "y": 1175.0}]}, "description": " Vatable Sales"}, {"boundingPoly": {"vertices": [{"x": 295.0, "y": 1151.0}, {"x": 308.0, "y": 1151.0}, {"x": 308.0, "y": 1171.0}, {"x": 295.0, "y": 1171.0}]}, "description": " :"}, {"boundingPoly": {"vertices": [{"x": 455.0, "y": 1144.0}, {"x": 522.0, "y": 1143.0}, {"x": 523.0, "y": 1165.0}, {"x": 455.0, "y": 1167.0}]}, "description": "1417.42"}, {"boundingPoly": {"vertices": [{"x": 466.0, "y": 1173.0}, {"x": 524.0, "y": 1170.0}, {"x": 524.0, "y": 1192.0}, {"x": 467.0, "y": 1195.0}]}, "description": "170.09"}, {"boundingPoly": {"vertices": [{"x": 488.0, "y": 1201.0}, {"x": 527.0, "y": 1200.0}, {"x": 527.0, "y": 1221.0}, {"x": 489.0, "y": 1222.0}]}, "description": "0.00"}, {"boundingPoly": {"vertices": [{"x": 490.0, "y": 1226.0}, {"x": 531.0, "y": 1225.0}, {"x": 531.0, "y": 1240.0}, {"x": 491.0, "y": 1240.0}]}, "description": "0.00"}, {"boundingPoly": {"vertices": [{"x": 346.0, "y": 1175.0}, {"x": 420.0, "y": 1175.0}, {"x": 420.0, "y": 1198.0}, {"x": 346.0, "y": 1198.0}]}, "description": " 12% VAT:"}, {"boundingPoly": {"vertices": [{"x": 166.0, "y": 1207.0}, {"x": 324.0, "y": 1207.0}, {"x": 324.0, "y": 1228.0}, {"x": 166.0, "y": 1228.0}]}, "description": " WAT- Exempt Sales"}, {"boundingPoly": {"vertices": [{"x": 171.0, "y": 1226.0}, {"x": 322.0, "y": 1226.0}, {"x": 322.0, "y": 1240.0}, {"x": 171.0, "y": 1239.0}]}, "description": "Zero Rated Sales"}, {"boundingPoly": {"vertices": [{"x": 327.0, "y": 1207.0}, {"x": 336.0, "y": 1207.0}, {"x": 336.0, "y": 1226.0}, {"x": 327.0, "y": 1226.0}]}, "description": " :"}]}