{"textAnnotations": [{"boundingPoly": {"vertices": [{"x": 36.0, "y": 88.0}, {"x": 209.0, "y": 86.0}, {"x": 209.0, "y": 98.0}, {"x": 36.0, "y": 100.0}]}, "description": "merchant name"}, {"boundingPoly": {"vertices": [{"x": 79.0, "y": 100.0}, {"x": 163.0, "y": 99.0}, {"x": 163.0, "y": 110.0}, {"x": 79.0, "y": 111.0}]}, "description": "merchant address"}, {"boundingPoly": {"vertices": [{"x": 88.0, "y": 112.0}, {"x": 151.0, "y": 111.0}, {"x": 152.0, "y": 122.0}, {"x": 88.0, "y": 123.0}]}, "description": "merchant address"}, {"boundingPoly": {"vertices": [{"x": 97.0, "y": 122.0}, {"x": 167.0, "y": 122.0}, {"x": 167.0, "y": 135.0}, {"x": 97.0, "y": 135.0}]}, "description": "merchant phone"}, {"boundingPoly": {"vertices": [{"x": 75.0, "y": 123.0}, {"x": 94.0, "y": 123.0}, {"x": 94.0, "y": 135.0}, {"x": 75.0, "y": 135.0}]}, "description": " Tel:"}, {"boundingPoly": {"vertices": [{"x": 12.0, "y": 147.0}, {"x": 36.0, "y": 147.0}, {"x": 36.0, "y": 157.0}, {"x": 12.0, "y": 157.0}]}, "description": " Server"}, {"boundingPoly": {"vertices": [{"x": 11.0, "y": 157.0}, {"x": 38.0, "y": 157.0}, {"x": 38.0, "y": 168.0}, {"x": 11.0, "y": 168.0}]}, "description": " Check"}, {"boundingPoly": {"vertices": [{"x": 15.0, "y": 168.0}, {"x": 49.0, "y": 168.0}, {"x": 49.0, "y": 177.0}, {"x": 15.0, "y": 177.0}]}, "description": " Guests:"}, {"boundingPoly": {"vertices": [{"x": 38.0, "y": 146.0}, {"x": 54.0, "y": 146.0}, {"x": 54.0, "y": 157.0}, {"x": 38.0, "y": 157.0}]}, "description": " : K"}, {"boundingPoly": {"vertices": [{"x": 40.0, "y": 156.0}, {"x": 77.0, "y": 156.0}, {"x": 77.0, "y": 168.0}, {"x": 40.0, "y": 168.0}]}, "description": " : 172112"}, {"boundingPoly": {"vertices": [{"x": 121.0, "y": 146.0}, {"x": 142.0, "y": 146.0}, {"x": 142.0, "y": 157.0}, {"x": 121.0, "y": 157.0}]}, "description": " Date"}, {"boundingPoly": {"vertices": [{"x": 121.0, "y": 157.0}, {"x": 142.0, "y": 157.0}, {"x": 142.0, "y": 168.0}, {"x": 121.0, "y": 168.0}]}, "description": " Time"}, {"boundingPoly": {"vertices": [{"x": 144.0, "y": 145.0}, {"x": 202.0, "y": 145.0}, {"x": 202.0, "y": 157.0}, {"x": 144.0, "y": 157.0}]}, "description": " : 2019-12-11"}, {"boundingPoly": {"vertices": [{"x": 144.0, "y": 156.0}, {"x": 203.0, "y": 156.0}, {"x": 203.0, "y": 168.0}, {"x": 144.0, "y": 168.0}]}, "description": " : 5:43:24 PM"}, {"boundingPoly": {"vertices": [{"x": 50.0, "y": 168.0}, {"x": 57.0, "y": 168.0}, {"x": 57.0, "y": 176.0}, {"x": 50.0, "y": 176.0}]}, "description": " 1"}, {"boundingPoly": {"vertices": [{"x": 25.0, "y": 187.0}, {"x": 30.0, "y": 187.0}, {"x": 30.0, "y": 198.0}, {"x": 25.0, "y": 198.0}]}, "description": " 1"}, {"boundingPoly": {"vertices": [{"x": 32.0, "y": 187.0}, {"x": 88.0, "y": 187.0}, {"x": 88.0, "y": 198.0}, {"x": 32.0, "y": 198.0}]}, "description": " Millefeuille"}, {"boundingPoly": {"vertices": [{"x": 209.0, "y": 189.0}, {"x": 233.0, "y": 189.0}, {"x": 233.0, "y": 198.0}, {"x": 209.0, "y": 199.0}]}, "description": "45.00"}, {"boundingPoly": {"vertices": [{"x": 117.0, "y": 210.0}, {"x": 159.0, "y": 210.0}, {"x": 159.0, "y": 221.0}, {"x": 117.0, "y": 221.0}]}, "description": " SUBTOTAL:"}, {"boundingPoly": {"vertices": [{"x": 139.0, "y": 221.0}, {"x": 150.0, "y": 221.0}, {"x": 150.0, "y": 231.0}, {"x": 139.0, "y": 231.0}]}, "description": " HST"}, {"boundingPoly": {"vertices": [{"x": 152.0, "y": 221.0}, {"x": 158.0, "y": 221.0}, {"x": 158.0, "y": 231.0}, {"x": 152.0, "y": 231.0}]}, "description": " :"}, {"boundingPoly": {"vertices": [{"x": 209.0, "y": 211.0}, {"x": 232.0, "y": 212.0}, {"x": 232.0, "y": 221.0}, {"x": 208.0, "y": 221.0}]}, "description": "45.00"}, {"boundingPoly": {"vertices": [{"x": 213.0, "y": 223.0}, {"x": 232.0, "y": 223.0}, {"x": 232.0, "y": 233.0}, {"x": 212.0, "y": 233.0}]}, "description": "0.00"}, {"boundingPoly": {"vertices": [{"x": 105.0, "y": 242.0}, {"x": 148.0, "y": 242.0}, {"x": 148.0, "y": 254.0}, {"x": 105.0, "y": 254.0}]}, "description": " TOTAL"}, {"boundingPoly": {"vertices": [{"x": 70.0, "y": 262.0}, {"x": 147.0, "y": 262.0}, {"x": 147.0, "y": 275.0}, {"x": 70.0, "y": 275.0}]}, "description": " AMEX 2002"}, {"boundingPoly": {"vertices": [{"x": 150.0, "y": 243.0}, {"x": 156.0, "y": 243.0}, {"x": 156.0, "y": 254.0}, {"x": 150.0, "y": 254.0}]}, "description": " :"}, {"boundingPoly": {"vertices": [{"x": 185.0, "y": 245.0}, {"x": 232.0, "y": 245.0}, {"x": 232.0, "y": 256.0}, {"x": 185.0, "y": 255.0}]}, "description": "45.00"}, {"boundingPoly": {"vertices": [{"x": 193.0, "y": 258.0}, {"x": 232.0, "y": 259.0}, {"x": 232.0, "y": 266.0}, {"x": 193.0, "y": 265.0}]}, "description": "========"}, {"boundingPoly": {"vertices": [{"x": 185.0, "y": 266.0}, {"x": 231.0, "y": 267.0}, {"x": 231.0, "y": 278.0}, {"x": 185.0, "y": 277.0}]}, "description": "45.00"}, {"boundingPoly": {"vertices": [{"x": 149.0, "y": 265.0}, {"x": 156.0, "y": 265.0}, {"x": 156.0, "y": 276.0}, {"x": 149.0, "y": 276.0}]}, "description": " :"}]}