{"textAnnotations": [{"boundingPoly": {"vertices": [{"x": 61.0, "y": 25.0}, {"x": 315.0, "y": 50.0}, {"x": 312.0, "y": 81.0}, {"x": 59.0, "y": 53.0}]}, "description": "merchant name"}, {"boundingPoly": {"vertices": [{"x": 89.0, "y": 95.0}, {"x": 283.0, "y": 107.0}, {"x": 282.0, "y": 127.0}, {"x": 88.0, "y": 115.0}]}, "description": "merchant address"}, {"boundingPoly": {"vertices": [{"x": 136.0, "y": 133.0}, {"x": 248.0, "y": 138.0}, {"x": 247.0, "y": 158.0}, {"x": 135.0, "y": 153.0}]}, "description": "merchant phone"}, {"boundingPoly": {"vertices": [{"x": 93.0, "y": 171.0}, {"x": 371.0, "y": 171.0}, {"x": 371.0, "y": 200.0}, {"x": 93.0, "y": 200.0}]}, "description": " 3032 0005 11/18/2019 6:57 PM"}, {"boundingPoly": {"vertices": [{"x": 4.0, "y": 208.0}, {"x": 274.0, "y": 210.0}, {"x": 274.0, "y": 231.0}, {"x": 4.0, "y": 229.0}]}, "description": "ALWAYS RONT SZ4 SCNT 2X WW 20S"}, {"boundingPoly": {"vertices": [{"x": 40.0, "y": 246.0}, {"x": 232.0, "y": 247.0}, {"x": 232.0, "y": 267.0}, {"x": 40.0, "y": 266.0}]}, "description": "RETURN VALUE 11.49"}, {"boundingPoly": {"vertices": [{"x": 91.0, "y": 62.0}, {"x": 287.0, "y": 77.0}, {"x": 285.0, "y": 109.0}, {"x": 90.0, "y": 93.0}]}, "description": "by Walgreens."}, {"boundingPoly": {"vertices": [{"x": 92.0, "y": 114.0}, {"x": 283.0, "y": 123.0}, {"x": 282.0, "y": 144.0}, {"x": 91.0, "y": 134.0}]}, "description": "merchant address"}, {"boundingPoly": {"vertices": [{"x": 3.0, "y": 171.0}, {"x": 30.0, "y": 170.0}, {"x": 30.0, "y": 190.0}, {"x": 3.0, "y": 190.0}]}, "description": "269"}, {"boundingPoly": {"vertices": [{"x": 39.0, "y": 227.0}, {"x": 193.0, "y": 225.0}, {"x": 193.0, "y": 245.0}, {"x": 39.0, "y": 248.0}]}, "description": "03700082023"}, {"boundingPoly": {"vertices": [{"x": 282.0, "y": 231.0}, {"x": 327.0, "y": 231.0}, {"x": 327.0, "y": 250.0}, {"x": 283.0, "y": 250.0}]}, "description": "11.49"}, {"boundingPoly": {"vertices": [{"x": 42.0, "y": 283.0}, {"x": 87.0, "y": 283.0}, {"x": 87.0, "y": 303.0}, {"x": 42.0, "y": 303.0}]}, "description": "TOTAL"}, {"boundingPoly": {"vertices": [{"x": 43.0, "y": 302.0}, {"x": 170.0, "y": 302.0}, {"x": 170.0, "y": 323.0}, {"x": 43.0, "y": 322.0}]}, "description": "AMEX ACCT 2004"}, {"boundingPoly": {"vertices": [{"x": 43.0, "y": 322.0}, {"x": 100.0, "y": 321.0}, {"x": 99.0, "y": 342.0}, {"x": 43.0, "y": 341.0}]}, "description": "CHANGE"}, {"boundingPoly": {"vertices": [{"x": 282.0, "y": 287.0}, {"x": 325.0, "y": 285.0}, {"x": 325.0, "y": 305.0}, {"x": 282.0, "y": 306.0}]}, "description": "11.49"}, {"boundingPoly": {"vertices": [{"x": 281.0, "y": 303.0}, {"x": 328.0, "y": 303.0}, {"x": 328.0, "y": 323.0}, {"x": 282.0, "y": 324.0}]}, "description": "11.49"}, {"boundingPoly": {"vertices": [{"x": 10.0, "y": 359.0}, {"x": 194.0, "y": 360.0}, {"x": 194.0, "y": 380.0}, {"x": 10.0, "y": 378.0}]}, "description": "AID A000000025010801."}, {"boundingPoly": {"vertices": [{"x": 11.0, "y": 377.0}, {"x": 154.0, "y": 378.0}, {"x": 154.0, "y": 398.0}, {"x": 11.0, "y": 397.0}]}, "description": "AMERICAN EXPRESS"}, {"boundingPoly": {"vertices": [{"x": 14.0, "y": 396.0}, {"x": 71.0, "y": 396.0}, {"x": 71.0, "y": 417.0}, {"x": 14.0, "y": 416.0}]}, "description": "Tapped"}, {"boundingPoly": {"vertices": [{"x": 18.0, "y": 469.0}, {"x": 334.0, "y": 469.0}, {"x": 334.0, "y": 489.0}, {"x": 18.0, "y": 488.0}]}, "description": "THANK YOU FOR SHOPPING AT DUANE READE"}, {"boundingPoly": {"vertices": [{"x": 20.0, "y": 504.0}, {"x": 309.0, "y": 504.0}, {"x": 309.0, "y": 523.0}, {"x": 20.0, "y": 523.0}]}, "description": "YOU COULD HAVE SAVED BY USING YOUR"}, {"boundingPoly": {"vertices": [{"x": 20.0, "y": 522.0}, {"x": 359.0, "y": 523.0}, {"x": 359.0, "y": 541.0}, {"x": 20.0, "y": 540.0}]}, "description": "BALANCE REWARDS CARD TODAY! RESTRICTIONS"}, {"boundingPoly": {"vertices": [{"x": 21.0, "y": 539.0}, {"x": 346.0, "y": 540.0}, {"x": 346.0, "y": 559.0}, {"x": 21.0, "y": 558.0}]}, "description": "APPLY. FOR TERMS AND CONDITIONS, VISIT"}, {"boundingPoly": {"vertices": [{"x": 21.0, "y": 557.0}, {"x": 234.0, "y": 557.0}, {"x": 234.0, "y": 576.0}, {"x": 21.0, "y": 575.0}]}, "description": "DUANEREADE.COM/BALANCE."}, {"boundingPoly": {"vertices": [{"x": 22.0, "y": 591.0}, {"x": 334.0, "y": 592.0}, {"x": 334.0, "y": 610.0}, {"x": 22.0, "y": 609.0}]}, "description": "DID YOU KNOW THAT YOU CAN EARN POINTS"}, {"boundingPoly": {"vertices": [{"x": 22.0, "y": 609.0}, {"x": 312.0, "y": 609.0}, {"x": 312.0, "y": 627.0}, {"x": 22.0, "y": 626.0}]}, "description": "ON THOUSANDS OF ITEMS IN-STORE AND"}, {"boundingPoly": {"vertices": [{"x": 22.0, "y": 626.0}, {"x": 310.0, "y": 626.0}, {"x": 310.0, "y": 644.0}, {"x": 22.0, "y": 644.0}]}, "description": "ONLINE? SEE OUR WEEKLY AD FOR MORE"}, {"boundingPoly": {"vertices": [{"x": 21.0, "y": 643.0}, {"x": 300.0, "y": 643.0}, {"x": 300.0, "y": 661.0}, {"x": 21.0, "y": 661.0}]}, "description": "INFORMATION. ITEMS CHANGE WEEKLY."}, {"boundingPoly": {"vertices": [{"x": 21.0, "y": 659.0}, {"x": 301.0, "y": 659.0}, {"x": 301.0, "y": 678.0}, {"x": 21.0, "y": 678.0}]}, "description": "RESTRICTIONS APPLY. FOR TERMS AND"}, {"boundingPoly": {"vertices": [{"x": 20.0, "y": 677.0}, {"x": 364.0, "y": 677.0}, {"x": 364.0, "y": 696.0}, {"x": 20.0, "y": 696.0}]}, "description": "CONDITIONS, VISIT DUANEREADE.COM/BALANCE."}, {"boundingPoly": {"vertices": [{"x": 78.0, "y": 711.0}, {"x": 325.0, "y": 711.0}, {"x": 325.0, "y": 730.0}, {"x": 78.0, "y": 730.0}]}, "description": "RFN# 1440-2053-0320-1911-1803"}, {"boundingPoly": {"vertices": [{"x": 154.0, "y": 817.0}, {"x": 205.0, "y": 817.0}, {"x": 205.0, "y": 831.0}, {"x": 154.0, "y": 831.0}]}, "description": "balance'"}, {"boundingPoly": {"vertices": [{"x": 57.0, "y": 842.0}, {"x": 112.0, "y": 840.0}, {"x": 113.0, "y": 869.0}, {"x": 57.0, "y": 870.0}]}, "description": "no"}, {"boundingPoly": {"vertices": [{"x": 8.0, "y": 877.0}, {"x": 367.0, "y": 875.0}, {"x": 367.0, "y": 894.0}, {"x": 8.0, "y": 897.0}]}, "description": "GET SALE PRICES WHEN YOU USE YOUR BALANCE"}, {"boundingPoly": {"vertices": [{"x": 4.0, "y": 913.0}, {"x": 358.0, "y": 911.0}, {"x": 358.0, "y": 931.0}, {"x": 5.0, "y": 933.0}]}, "description": "ITEMS EACH WEEK - JUST LOOK FOR THE BLUE"}, {"boundingPoly": {"vertices": [{"x": 4.0, "y": 950.0}, {"x": 287.0, "y": 949.0}, {"x": 287.0, "y": 968.0}, {"x": 4.0, "y": 969.0}]}, "description": "PURCHASES. FOR MORE INFORMATION,"}, {"boundingPoly": {"vertices": [{"x": 141.0, "y": 827.0}, {"x": 263.0, "y": 825.0}, {"x": 264.0, "y": 855.0}, {"x": 141.0, "y": 859.0}]}, "description": "rewards"}, {"boundingPoly": {"vertices": [{"x": 7.0, "y": 895.0}, {"x": 359.0, "y": 894.0}, {"x": 359.0, "y": 912.0}, {"x": 7.0, "y": 914.0}]}, "description": "REWARDS CARD AND EARN POINTS ON FEATURED"}, {"boundingPoly": {"vertices": [{"x": 5.0, "y": 932.0}, {"x": 318.0, "y": 930.0}, {"x": 318.0, "y": 948.0}, {"x": 5.0, "y": 951.0}]}, "description": "TAGS! REDEEM FOR DOLLARS OFF FUTURE"}, {"boundingPoly": {"vertices": [{"x": 3.0, "y": 968.0}, {"x": 320.0, "y": 966.0}, {"x": 320.0, "y": 986.0}, {"x": 3.0, "y": 988.0}]}, "description": "PLEASE GO TO DUANEREADE.COM/BALANCE."}, {"boundingPoly": {"vertices": [{"x": 33.0, "y": 1042.0}, {"x": 339.0, "y": 1040.0}, {"x": 339.0, "y": 1062.0}, {"x": 33.0, "y": 1063.0}]}, "description": "How are we doing?"}, {"boundingPoly": {"vertices": [{"x": 33.0, "y": 1063.0}, {"x": 332.0, "y": 1062.0}, {"x": 332.0, "y": 1080.0}, {"x": 33.0, "y": 1081.0}]}, "description": "Enter our monthly sweepstakes for"}, {"boundingPoly": {"vertices": [{"x": 87.0, "y": 1080.0}, {"x": 284.0, "y": 1080.0}, {"x": 284.0, "y": 1101.0}, {"x": 87.0, "y": 1101.0}]}, "description": "$3,000 cash"}, {"boundingPoly": {"vertices": [{"x": 155.0, "y": 1119.0}, {"x": 204.0, "y": 1119.0}, {"x": 203.0, "y": 1138.0}, {"x": 154.0, "y": 1139.0}]}, "description": "Visit"}, {"boundingPoly": {"vertices": [{"x": 101.0, "y": 1138.0}, {"x": 267.0, "y": 1138.0}, {"x": 267.0, "y": 1158.0}, {"x": 101.0, "y": 1159.0}]}, "description": "WWW.DRELISTENS.COM"}, {"boundingPoly": {"vertices": [{"x": 91.0, "y": 1160.0}, {"x": 266.0, "y": 1160.0}, {"x": 266.0, "y": 1175.0}, {"x": 91.0, "y": 1176.0}]}, "description": "*******************"}, {"boundingPoly": {"vertices": [{"x": 99.0, "y": 1179.0}, {"x": 258.0, "y": 1177.0}, {"x": 258.0, "y": 1197.0}, {"x": 100.0, "y": 1199.0}]}, "description": "or call toll free"}, {"boundingPoly": {"vertices": [{"x": 108.0, "y": 1197.0}, {"x": 239.0, "y": 1197.0}, {"x": 239.0, "y": 1217.0}, {"x": 108.0, "y": 1218.0}]}, "description": "1-888-424-1018"}, {"boundingPoly": {"vertices": [{"x": 34.0, "y": 1217.0}, {"x": 320.0, "y": 1217.0}, {"x": 320.0, "y": 1238.0}, {"x": 34.0, "y": 1238.0}]}, "description": "within 72 hours to take a short"}, {"boundingPoly": {"vertices": [{"x": 14.0, "y": 1240.0}, {"x": 283.0, "y": 1237.0}, {"x": 283.0, "y": 1253.0}, {"x": 14.0, "y": 1256.0}]}, "description": "survey about this Duane Roads"}]}