{"textAnnotations": [{"boundingPoly": {"vertices": [{"x": 450.0, "y": 118.0}, {"x": 1050.0, "y": 130.0}, {"x": 1048.0, "y": 207.0}, {"x": 449.0, "y": 198.0}]}, "description": "merchant name"}, {"boundingPoly": {"vertices": [{"x": 539.0, "y": 219.0}, {"x": 951.0, "y": 229.0}, {"x": 948.0, "y": 306.0}, {"x": 537.0, "y": 294.0}]}, "description": "merchant address"}, {"boundingPoly": {"vertices": [{"x": 217.0, "y": 299.0}, {"x": 525.0, "y": 299.0}, {"x": 525.0, "y": 377.0}, {"x": 217.0, "y": 377.0}]}, "description": " MERCHANT ID:"}, {"boundingPoly": {"vertices": [{"x": 218.0, "y": 391.0}, {"x": 533.0, "y": 391.0}, {"x": 533.0, "y": 477.0}, {"x": 218.0, "y": 477.0}]}, "description": " TERMINAL ID:"}, {"boundingPoly": {"vertices": [{"x": 213.0, "y": 497.0}, {"x": 355.0, "y": 497.0}, {"x": 355.0, "y": 563.0}, {"x": 213.0, "y": 563.0}]}, "description": " DATE:"}, {"boundingPoly": {"vertices": [{"x": 213.0, "y": 595.0}, {"x": 400.0, "y": 595.0}, {"x": 400.0, "y": 670.0}, {"x": 213.0, "y": 670.0}]}, "description": " BATCH:"}, {"boundingPoly": {"vertices": [{"x": 212.0, "y": 695.0}, {"x": 321.0, "y": 695.0}, {"x": 321.0, "y": 763.0}, {"x": 212.0, "y": 763.0}]}, "description": " RRN:"}, {"boundingPoly": {"vertices": [{"x": 218.0, "y": 794.0}, {"x": 635.0, "y": 796.0}, {"x": 634.0, "y": 864.0}, {"x": 217.0, "y": 862.0}]}, "description": "AMERICAN EXPRESS"}, {"boundingPoly": {"vertices": [{"x": 421.0, "y": 894.0}, {"x": 825.0, "y": 893.0}, {"x": 825.0, "y": 958.0}, {"x": 421.0, "y": 959.0}]}, "description": "A000000025010801"}, {"boundingPoly": {"vertices": [{"x": 212.0, "y": 993.0}, {"x": 605.0, "y": 993.0}, {"x": 604.0, "y": 1057.0}, {"x": 212.0, "y": 1049.0}]}, "description": "*********** 2004"}, {"boundingPoly": {"vertices": [{"x": 1003.0, "y": 312.0}, {"x": 1257.0, "y": 312.0}, {"x": 1256.0, "y": 378.0}, {"x": 1002.0, "y": 370.0}]}, "description": "****** 8902"}, {"boundingPoly": {"vertices": [{"x": 959.0, "y": 410.0}, {"x": 1258.0, "y": 411.0}, {"x": 1256.0, "y": 474.0}, {"x": 959.0, "y": 464.0}]}, "description": "******** 1616"}, {"boundingPoly": {"vertices": [{"x": 1126.0, "y": 504.0}, {"x": 1254.0, "y": 504.0}, {"x": 1254.0, "y": 568.0}, {"x": 1126.0, "y": 568.0}]}, "description": " 10:56"}, {"boundingPoly": {"vertices": [{"x": 1107.0, "y": 601.0}, {"x": 1258.0, "y": 601.0}, {"x": 1259.0, "y": 662.0}, {"x": 1106.0, "y": 664.0}]}, "description": "010129"}, {"boundingPoly": {"vertices": [{"x": 1108.0, "y": 696.0}, {"x": 1264.0, "y": 694.0}, {"x": 1263.0, "y": 759.0}, {"x": 1109.0, "y": 760.0}]}, "description": "883204"}, {"boundingPoly": {"vertices": [{"x": 1163.0, "y": 795.0}, {"x": 1259.0, "y": 794.0}, {"x": 1258.0, "y": 853.0}, {"x": 1164.0, "y": 856.0}]}, "description": "SALE"}, {"boundingPoly": {"vertices": [{"x": 421.0, "y": 499.0}, {"x": 680.0, "y": 505.0}, {"x": 678.0, "y": 574.0}, {"x": 419.0, "y": 569.0}]}, "description": "07/11/2019"}, {"boundingPoly": {"vertices": [{"x": 413.0, "y": 599.0}, {"x": 683.0, "y": 599.0}, {"x": 683.0, "y": 670.0}, {"x": 413.0, "y": 670.0}]}, "description": " 000807-004"}, {"boundingPoly": {"vertices": [{"x": 426.0, "y": 696.0}, {"x": 736.0, "y": 696.0}, {"x": 736.0, "y": 769.0}, {"x": 426.0, "y": 770.0}]}, "description": "180000025209"}, {"boundingPoly": {"vertices": [{"x": 814.0, "y": 511.0}, {"x": 930.0, "y": 511.0}, {"x": 930.0, "y": 577.0}, {"x": 814.0, "y": 577.0}]}, "description": " TIME:"}, {"boundingPoly": {"vertices": [{"x": 810.0, "y": 604.0}, {"x": 1012.0, "y": 604.0}, {"x": 1012.0, "y": 674.0}, {"x": 810.0, "y": 674.0}]}, "description": " INVOICE:"}, {"boundingPoly": {"vertices": [{"x": 820.0, "y": 703.0}, {"x": 994.0, "y": 703.0}, {"x": 994.0, "y": 767.0}, {"x": 820.0, "y": 767.0}]}, "description": " AUTH NO."}, {"boundingPoly": {"vertices": [{"x": 1006.0, "y": 704.0}, {"x": 1039.0, "y": 704.0}, {"x": 1039.0, "y": 765.0}, {"x": 1006.0, "y": 765.0}]}, "description": " :"}, {"boundingPoly": {"vertices": [{"x": 217.0, "y": 897.0}, {"x": 299.0, "y": 895.0}, {"x": 297.0, "y": 961.0}, {"x": 215.0, "y": 960.0}]}, "description": "AID"}, {"boundingPoly": {"vertices": [{"x": 213.0, "y": 1172.0}, {"x": 506.0, "y": 1169.0}, {"x": 507.0, "y": 1233.0}, {"x": 214.0, "y": 1237.0}]}, "description": "CONTACTLESS"}, {"boundingPoly": {"vertices": [{"x": 572.0, "y": 1495.0}, {"x": 960.0, "y": 1484.0}, {"x": 961.0, "y": 1554.0}, {"x": 575.0, "y": 1569.0}]}, "description": "AMERICAN EXPRESS"}, {"boundingPoly": {"vertices": [{"x": 258.0, "y": 1672.0}, {"x": 730.0, "y": 1636.0}, {"x": 735.0, "y": 1697.0}, {"x": 263.0, "y": 1731.0}]}, "description": "SALE AMOUNT"}, {"boundingPoly": {"vertices": [{"x": 364.0, "y": 1759.0}, {"x": 784.0, "y": 1759.0}, {"x": 784.0, "y": 1874.0}, {"x": 364.0, "y": 1874.0}]}, "description": " agree to pay the"}, {"boundingPoly": {"vertices": [{"x": 680.0, "y": 1893.0}, {"x": 876.0, "y": 1884.0}, {"x": 879.0, "y": 1941.0}, {"x": 684.0, "y": 1957.0}]}, "description": "agreement"}, {"boundingPoly": {"vertices": [{"x": 519.0, "y": 2068.0}, {"x": 810.0, "y": 1976.0}, {"x": 824.0, "y": 2025.0}, {"x": 532.0, "y": 2117.0}]}, "description": "CUSTOMER"}, {"boundingPoly": {"vertices": [{"x": 1051.0, "y": 1642.0}, {"x": 1256.0, "y": 1634.0}, {"x": 1259.0, "y": 1690.0}, {"x": 1053.0, "y": 1699.0}]}, "description": "\u20ac2.90"}, {"boundingPoly": {"vertices": [{"x": 739.0, "y": 1751.0}, {"x": 1176.0, "y": 1783.0}, {"x": 1172.0, "y": 1835.0}, {"x": 739.0, "y": 1807.0}]}, "description": "above final amount"}, {"boundingPoly": {"vertices": [{"x": 331.0, "y": 1860.0}, {"x": 1183.0, "y": 1833.0}, {"x": 1187.0, "y": 1913.0}, {"x": 334.0, "y": 1962.0}]}, "description": "According to the calermerchants issue'"}, {"boundingPoly": {"vertices": [{"x": 322.0, "y": 1812.0}, {"x": 358.0, "y": 1812.0}, {"x": 358.0, "y": 1875.0}, {"x": 322.0, "y": 1875.0}]}, "description": " I"}, {"boundingPoly": {"vertices": [{"x": 857.0, "y": 2011.0}, {"x": 1013.0, "y": 2034.0}, {"x": 1006.0, "y": 2083.0}, {"x": 850.0, "y": 2059.0}]}, "description": "COPY"}, {"boundingPoly": {"vertices": [{"x": 541.0, "y": 2174.0}, {"x": 761.0, "y": 2103.0}, {"x": 775.0, "y": 2154.0}, {"x": 550.0, "y": 2209.0}]}, "description": "6078549B7E!"}]}