{"textAnnotations": [{"boundingPoly": {"vertices": [{"x": 98.0, "y": 91.0}, {"x": 286.0, "y": 87.0}, {"x": 286.0, "y": 106.0}, {"x": 98.0, "y": 111.0}]}, "description": "Boulangerie Patisserie"}, {"boundingPoly": {"vertices": [{"x": 80.0, "y": 115.0}, {"x": 299.0, "y": 112.0}, {"x": 300.0, "y": 145.0}, {"x": 80.0, "y": 148.0}]}, "description": "merchant name"}, {"boundingPoly": {"vertices": [{"x": 106.0, "y": 170.0}, {"x": 276.0, "y": 168.0}, {"x": 276.0, "y": 187.0}, {"x": 106.0, "y": 189.0}]}, "description": "merchant address"}, {"boundingPoly": {"vertices": [{"x": 149.0, "y": 192.0}, {"x": 241.0, "y": 191.0}, {"x": 241.0, "y": 209.0}, {"x": 149.0, "y": 210.0}]}, "description": "12000 RODEZ"}, {"boundingPoly": {"vertices": [{"x": 16.0, "y": 234.0}, {"x": 214.0, "y": 234.0}, {"x": 214.0, "y": 254.0}, {"x": 16.0, "y": 254.0}]}, "description": " 18 novembre 2019 - 13:24"}, {"boundingPoly": {"vertices": [{"x": 17.0, "y": 252.0}, {"x": 168.0, "y": 252.0}, {"x": 168.0, "y": 275.0}, {"x": 17.0, "y": 275.0}]}, "description": " Ticket n\u00ba 00268338"}, {"boundingPoly": {"vertices": [{"x": 15.0, "y": 276.0}, {"x": 88.0, "y": 273.0}, {"x": 89.0, "y": 292.0}, {"x": 15.0, "y": 295.0}]}, "description": "CHEF (V1)"}, {"boundingPoly": {"vertices": [{"x": 174.0, "y": 251.0}, {"x": 254.0, "y": 251.0}, {"x": 254.0, "y": 269.0}, {"x": 174.0, "y": 269.0}]}, "description": " Caisse 01"}, {"boundingPoly": {"vertices": [{"x": 15.0, "y": 319.0}, {"x": 107.0, "y": 317.0}, {"x": 108.0, "y": 335.0}, {"x": 15.0, "y": 337.0}]}, "description": "Description"}, {"boundingPoly": {"vertices": [{"x": 321.0, "y": 308.0}, {"x": 349.0, "y": 307.0}, {"x": 349.0, "y": 326.0}, {"x": 320.0, "y": 326.0}]}, "description": "EUR"}, {"boundingPoly": {"vertices": [{"x": 317.0, "y": 338.0}, {"x": 334.0, "y": 337.0}, {"x": 334.0, "y": 343.0}, {"x": 317.0, "y": 344.0}]}, "description": "---"}, {"boundingPoly": {"vertices": [{"x": 14.0, "y": 360.0}, {"x": 41.0, "y": 361.0}, {"x": 41.0, "y": 376.0}, {"x": 14.0, "y": 376.0}]}, "description": "EAU"}, {"boundingPoly": {"vertices": [{"x": 11.0, "y": 380.0}, {"x": 81.0, "y": 380.0}, {"x": 81.0, "y": 397.0}, {"x": 11.0, "y": 397.0}]}, "description": "POIREAUX"}, {"boundingPoly": {"vertices": [{"x": 311.0, "y": 354.0}, {"x": 347.0, "y": 353.0}, {"x": 347.0, "y": 370.0}, {"x": 311.0, "y": 371.0}]}, "description": "1.00"}, {"boundingPoly": {"vertices": [{"x": 308.0, "y": 376.0}, {"x": 346.0, "y": 375.0}, {"x": 346.0, "y": 392.0}, {"x": 309.0, "y": 394.0}]}, "description": "2.50"}, {"boundingPoly": {"vertices": [{"x": 168.0, "y": 420.0}, {"x": 254.0, "y": 420.0}, {"x": 254.0, "y": 437.0}, {"x": 168.0, "y": 438.0}]}, "description": "Sous-Total"}, {"boundingPoly": {"vertices": [{"x": 308.0, "y": 418.0}, {"x": 345.0, "y": 418.0}, {"x": 345.0, "y": 435.0}, {"x": 309.0, "y": 436.0}]}, "description": "3.50"}, {"boundingPoly": {"vertices": [{"x": 144.0, "y": 464.0}, {"x": 181.0, "y": 464.0}, {"x": 181.0, "y": 494.0}, {"x": 144.0, "y": 494.0}]}, "description": " TOTAL"}, {"boundingPoly": {"vertices": [{"x": 187.0, "y": 464.0}, {"x": 199.0, "y": 464.0}, {"x": 199.0, "y": 493.0}, {"x": 187.0, "y": 493.0}]}, "description": " A"}, {"boundingPoly": {"vertices": [{"x": 204.0, "y": 464.0}, {"x": 254.0, "y": 464.0}, {"x": 254.0, "y": 493.0}, {"x": 204.0, "y": 493.0}]}, "description": " PAYER"}, {"boundingPoly": {"vertices": [{"x": 305.0, "y": 461.0}, {"x": 346.0, "y": 461.0}, {"x": 346.0, "y": 490.0}, {"x": 305.0, "y": 491.0}]}, "description": "3.50"}, {"boundingPoly": {"vertices": [{"x": 298.0, "y": 498.0}, {"x": 344.0, "y": 498.0}, {"x": 344.0, "y": 504.0}, {"x": 298.0, "y": 504.0}]}, "description": "------"}, {"boundingPoly": {"vertices": [{"x": 10.0, "y": 515.0}, {"x": 104.0, "y": 515.0}, {"x": 104.0, "y": 534.0}, {"x": 10.0, "y": 534.0}]}, "description": " Nb.articles"}, {"boundingPoly": {"vertices": [{"x": 8.0, "y": 535.0}, {"x": 75.0, "y": 535.0}, {"x": 75.0, "y": 551.0}, {"x": 8.0, "y": 552.0}]}, "description": "Total HT"}, {"boundingPoly": {"vertices": [{"x": 7.0, "y": 555.0}, {"x": 90.0, "y": 554.0}, {"x": 90.0, "y": 571.0}, {"x": 8.0, "y": 572.0}]}, "description": "TVA 10.00%"}, {"boundingPoly": {"vertices": [{"x": 5.0, "y": 575.0}, {"x": 81.0, "y": 575.0}, {"x": 81.0, "y": 592.0}, {"x": 5.0, "y": 593.0}]}, "description": "Total TTC"}, {"boundingPoly": {"vertices": [{"x": 107.0, "y": 515.0}, {"x": 136.0, "y": 515.0}, {"x": 136.0, "y": 533.0}, {"x": 107.0, "y": 533.0}]}, "description": " : 2"}, {"boundingPoly": {"vertices": [{"x": 306.0, "y": 533.0}, {"x": 344.0, "y": 533.0}, {"x": 344.0, "y": 550.0}, {"x": 307.0, "y": 551.0}]}, "description": "3.18"}, {"boundingPoly": {"vertices": [{"x": 307.0, "y": 555.0}, {"x": 345.0, "y": 554.0}, {"x": 345.0, "y": 570.0}, {"x": 308.0, "y": 571.0}]}, "description": "0.32"}, {"boundingPoly": {"vertices": [{"x": 307.0, "y": 574.0}, {"x": 343.0, "y": 573.0}, {"x": 343.0, "y": 589.0}, {"x": 308.0, "y": 590.0}]}, "description": "3.50"}, {"boundingPoly": {"vertices": [{"x": 2.0, "y": 617.0}, {"x": 161.0, "y": 615.0}, {"x": 161.0, "y": 634.0}, {"x": 2.0, "y": 635.0}]}, "description": "MONTANT PAYABLE PAR"}, {"boundingPoly": {"vertices": [{"x": 3.0, "y": 638.0}, {"x": 208.0, "y": 635.0}, {"x": 208.0, "y": 655.0}, {"x": 3.0, "y": 658.0}]}, "description": "TICKETS RESTAURANTS (EUR)"}, {"boundingPoly": {"vertices": [{"x": 304.0, "y": 633.0}, {"x": 344.0, "y": 632.0}, {"x": 344.0, "y": 650.0}, {"x": 305.0, "y": 651.0}]}, "description": "3.50"}, {"boundingPoly": {"vertices": [{"x": 173.0, "y": 678.0}, {"x": 244.0, "y": 677.0}, {"x": 244.0, "y": 700.0}, {"x": 173.0, "y": 700.0}]}, "description": "CB (EUR)"}, {"boundingPoly": {"vertices": [{"x": 304.0, "y": 678.0}, {"x": 345.0, "y": 678.0}, {"x": 345.0, "y": 697.0}, {"x": 305.0, "y": 697.0}]}, "description": "3.50"}, {"boundingPoly": {"vertices": [{"x": 89.0, "y": 720.0}, {"x": 268.0, "y": 720.0}, {"x": 268.0, "y": 743.0}, {"x": 89.0, "y": 743.0}]}, "description": " MERCI DE VOTRE VISITE"}, {"boundingPoly": {"vertices": [{"x": 147.0, "y": 741.0}, {"x": 224.0, "y": 743.0}, {"x": 224.0, "y": 760.0}, {"x": 147.0, "y": 758.0}]}, "description": "A BIENTOT"}, {"boundingPoly": {"vertices": [{"x": 134.0, "y": 760.0}, {"x": 297.0, "y": 760.0}, {"x": 297.0, "y": 783.0}, {"x": 134.0, "y": 783.0}]}, "description": " : 381 698 562 00018"}, {"boundingPoly": {"vertices": [{"x": 271.0, "y": 724.0}, {"x": 282.0, "y": 724.0}, {"x": 282.0, "y": 744.0}, {"x": 271.0, "y": 744.0}]}, "description": " !"}, {"boundingPoly": {"vertices": [{"x": 87.0, "y": 758.0}, {"x": 131.0, "y": 758.0}, {"x": 131.0, "y": 777.0}, {"x": 87.0, "y": 777.0}]}, "description": " Siret"}, {"boundingPoly": {"vertices": [{"x": 99.0, "y": 778.0}, {"x": 157.0, "y": 778.0}, {"x": 157.0, "y": 797.0}, {"x": 99.0, "y": 797.0}]}, "description": " Tel/Fax"}, {"boundingPoly": {"vertices": [{"x": 160.0, "y": 780.0}, {"x": 298.0, "y": 780.0}, {"x": 298.0, "y": 803.0}, {"x": 160.0, "y": 803.0}]}, "description": "merchant phone"}]}