{"textAnnotations": [{"boundingPoly": {"vertices": [{"x": 170.0, "y": 142.0}, {"x": 250.0, "y": 145.0}, {"x": 249.0, "y": 166.0}, {"x": 169.0, "y": 163.0}]}, "description": "merchant name"}, {"boundingPoly": {"vertices": [{"x": 74.0, "y": 190.0}, {"x": 356.0, "y": 198.0}, {"x": 356.0, "y": 220.0}, {"x": 73.0, "y": 212.0}]}, "description": "merchant address"}, {"boundingPoly": {"vertices": [{"x": 104.0, "y": 215.0}, {"x": 340.0, "y": 222.0}, {"x": 339.0, "y": 246.0}, {"x": 104.0, "y": 240.0}]}, "description": "merchant address"}, {"boundingPoly": {"vertices": [{"x": 184.0, "y": 245.0}, {"x": 261.0, "y": 246.0}, {"x": 261.0, "y": 269.0}, {"x": 184.0, "y": 268.0}]}, "description": "merchant address"}, {"boundingPoly": {"vertices": [{"x": 20.0, "y": 291.0}, {"x": 166.0, "y": 293.0}, {"x": 165.0, "y": 313.0}, {"x": 20.0, "y": 311.0}]}, "description": "Elliott Alleyne"}, {"boundingPoly": {"vertices": [{"x": 17.0, "y": 314.0}, {"x": 156.0, "y": 314.0}, {"x": 156.0, "y": 332.0}, {"x": 17.0, "y": 332.0}]}, "description": " 21/10/19 22:20"}, {"boundingPoly": {"vertices": [{"x": 326.0, "y": 291.0}, {"x": 426.0, "y": 286.0}, {"x": 427.0, "y": 303.0}, {"x": 327.0, "y": 307.0}]}, "description": "Terminal 2"}, {"boundingPoly": {"vertices": [{"x": 334.0, "y": 309.0}, {"x": 428.0, "y": 306.0}, {"x": 428.0, "y": 325.0}, {"x": 335.0, "y": 327.0}]}, "description": "000000334"}, {"boundingPoly": {"vertices": [{"x": 130.0, "y": 378.0}, {"x": 307.0, "y": 380.0}, {"x": 307.0, "y": 403.0}, {"x": 130.0, "y": 399.0}]}, "description": "Take Away"}, {"boundingPoly": {"vertices": [{"x": 53.0, "y": 481.0}, {"x": 242.0, "y": 479.0}, {"x": 243.0, "y": 497.0}, {"x": 54.0, "y": 500.0}]}, "description": "High Protein Chilli"}, {"boundingPoly": {"vertices": [{"x": 57.0, "y": 501.0}, {"x": 341.0, "y": 500.0}, {"x": 341.0, "y": 522.0}, {"x": 57.0, "y": 523.0}]}, "description": "Propercorn Lightly Sea Salted"}, {"boundingPoly": {"vertices": [{"x": 377.0, "y": 478.0}, {"x": 429.0, "y": 479.0}, {"x": 428.0, "y": 496.0}, {"x": 378.0, "y": 496.0}]}, "description": "\u00a36.99"}, {"boundingPoly": {"vertices": [{"x": 377.0, "y": 502.0}, {"x": 428.0, "y": 502.0}, {"x": 427.0, "y": 522.0}, {"x": 377.0, "y": 522.0}]}, "description": "\u00a31.20"}, {"boundingPoly": {"vertices": [{"x": 215.0, "y": 550.0}, {"x": 286.0, "y": 552.0}, {"x": 285.0, "y": 571.0}, {"x": 215.0, "y": 570.0}]}, "description": "2 Items"}, {"boundingPoly": {"vertices": [{"x": 65.0, "y": 600.0}, {"x": 95.0, "y": 600.0}, {"x": 94.0, "y": 621.0}, {"x": 65.0, "y": 621.0}]}, "description": "VAT"}, {"boundingPoly": {"vertices": [{"x": 380.0, "y": 599.0}, {"x": 431.0, "y": 600.0}, {"x": 430.0, "y": 620.0}, {"x": 379.0, "y": 619.0}]}, "description": "\u00a31.37"}, {"boundingPoly": {"vertices": [{"x": 65.0, "y": 650.0}, {"x": 115.0, "y": 651.0}, {"x": 114.0, "y": 671.0}, {"x": 64.0, "y": 670.0}]}, "description": "TOTAL"}, {"boundingPoly": {"vertices": [{"x": 335.0, "y": 650.0}, {"x": 431.0, "y": 649.0}, {"x": 431.0, "y": 670.0}, {"x": 335.0, "y": 670.0}]}, "description": "\u00a38.19"}, {"boundingPoly": {"vertices": [{"x": 66.0, "y": 701.0}, {"x": 107.0, "y": 700.0}, {"x": 107.0, "y": 720.0}, {"x": 66.0, "y": 720.0}]}, "description": "AMEX"}, {"boundingPoly": {"vertices": [{"x": 65.0, "y": 725.0}, {"x": 109.0, "y": 725.0}, {"x": 109.0, "y": 747.0}, {"x": 65.0, "y": 747.0}]}, "description": " Ref:"}, {"boundingPoly": {"vertices": [{"x": 336.0, "y": 699.0}, {"x": 432.0, "y": 698.0}, {"x": 432.0, "y": 722.0}, {"x": 336.0, "y": 723.0}]}, "description": "\u00a38.19"}, {"boundingPoly": {"vertices": [{"x": 113.0, "y": 724.0}, {"x": 222.0, "y": 724.0}, {"x": 222.0, "y": 747.0}, {"x": 113.0, "y": 747.0}]}, "description": " 20000000277"}, {"boundingPoly": {"vertices": [{"x": 145.0, "y": 774.0}, {"x": 214.0, "y": 774.0}, {"x": 214.0, "y": 798.0}, {"x": 145.0, "y": 798.0}]}, "description": " VAT no:"}, {"boundingPoly": {"vertices": [{"x": 219.0, "y": 774.0}, {"x": 333.0, "y": 774.0}, {"x": 333.0, "y": 799.0}, {"x": 219.0, "y": 799.0}]}, "description": " 970 809 593"}, {"boundingPoly": {"vertices": [{"x": 107.0, "y": 824.0}, {"x": 359.0, "y": 824.0}, {"x": 359.0, "y": 848.0}, {"x": 107.0, "y": 848.0}]}, "description": "Pure Delivers"}, {"boundingPoly": {"vertices": [{"x": 185.0, "y": 878.0}, {"x": 283.0, "y": 876.0}, {"x": 283.0, "y": 896.0}, {"x": 185.0, "y": 897.0}]}, "description": "pure.co.uk"}]}