{"textAnnotations": [{"boundingPoly": {"vertices": [{"x": 44.0, "y": 151.0}, {"x": 97.0, "y": 152.0}, {"x": 97.0, "y": 171.0}, {"x": 45.0, "y": 171.0}]}, "description": "merchant name"}, {"boundingPoly": {"vertices": [{"x": 45.0, "y": 177.0}, {"x": 122.0, "y": 177.0}, {"x": 122.0, "y": 197.0}, {"x": 45.0, "y": 197.0}]}, "description": " GST NO:"}, {"boundingPoly": {"vertices": [{"x": 126.0, "y": 176.0}, {"x": 282.0, "y": 176.0}, {"x": 282.0, "y": 197.0}, {"x": 126.0, "y": 197.0}]}, "description": " 06AABCD5534A1Z9"}, {"boundingPoly": {"vertices": [{"x": 200.0, "y": 201.0}, {"x": 232.0, "y": 201.0}, {"x": 232.0, "y": 222.0}, {"x": 200.0, "y": 222.0}]}, "description": " 155"}, {"boundingPoly": {"vertices": [{"x": 138.0, "y": 202.0}, {"x": 173.0, "y": 202.0}, {"x": 173.0, "y": 222.0}, {"x": 138.0, "y": 222.0}]}, "description": " KOT"}, {"boundingPoly": {"vertices": [{"x": 177.0, "y": 202.0}, {"x": 196.0, "y": 202.0}, {"x": 196.0, "y": 222.0}, {"x": 177.0, "y": 222.0}]}, "description": " -"}, {"boundingPoly": {"vertices": [{"x": 46.0, "y": 281.0}, {"x": 125.0, "y": 281.0}, {"x": 125.0, "y": 302.0}, {"x": 46.0, "y": 302.0}]}, "description": " Invoice"}, {"boundingPoly": {"vertices": [{"x": 43.0, "y": 306.0}, {"x": 97.0, "y": 306.0}, {"x": 97.0, "y": 330.0}, {"x": 43.0, "y": 330.0}]}, "description": " Name:"}, {"boundingPoly": {"vertices": [{"x": 43.0, "y": 331.0}, {"x": 161.0, "y": 331.0}, {"x": 161.0, "y": 352.0}, {"x": 43.0, "y": 352.0}]}, "description": " Order Time:"}, {"boundingPoly": {"vertices": [{"x": 42.0, "y": 357.0}, {"x": 167.0, "y": 357.0}, {"x": 167.0, "y": 378.0}, {"x": 42.0, "y": 378.0}]}, "description": " Order Status:"}, {"boundingPoly": {"vertices": [{"x": 42.0, "y": 386.0}, {"x": 251.0, "y": 386.0}, {"x": 251.0, "y": 408.0}, {"x": 42.0, "y": 408.0}]}, "description": " Hot Chocolate Regula"}, {"boundingPoly": {"vertices": [{"x": 140.0, "y": 409.0}, {"x": 323.0, "y": 409.0}, {"x": 323.0, "y": 434.0}, {"x": 140.0, "y": 434.0}]}, "description": " : Flavour Hazelnut"}, {"boundingPoly": {"vertices": [{"x": 134.0, "y": 279.0}, {"x": 261.0, "y": 279.0}, {"x": 261.0, "y": 301.0}, {"x": 134.0, "y": 301.0}]}, "description": " #COSAAQ74924"}, {"boundingPoly": {"vertices": [{"x": 165.0, "y": 330.0}, {"x": 327.0, "y": 330.0}, {"x": 327.0, "y": 352.0}, {"x": 165.0, "y": 352.0}]}, "description": " 18:47 18-12-2019"}, {"boundingPoly": {"vertices": [{"x": 171.0, "y": 356.0}, {"x": 266.0, "y": 356.0}, {"x": 266.0, "y": 378.0}, {"x": 171.0, "y": 378.0}]}, "description": " delivered"}, {"boundingPoly": {"vertices": [{"x": 262.0, "y": 386.0}, {"x": 277.0, "y": 386.0}, {"x": 277.0, "y": 408.0}, {"x": 262.0, "y": 408.0}]}, "description": " 1"}, {"boundingPoly": {"vertices": [{"x": 281.0, "y": 385.0}, {"x": 352.0, "y": 385.0}, {"x": 352.0, "y": 408.0}, {"x": 281.0, "y": 408.0}]}, "description": " \u00d7 84. 76"}, {"boundingPoly": {"vertices": [{"x": 41.0, "y": 411.0}, {"x": 136.0, "y": 411.0}, {"x": 136.0, "y": 434.0}, {"x": 41.0, "y": 434.0}]}, "description": " Hot Addon"}, {"boundingPoly": {"vertices": [{"x": 126.0, "y": 483.0}, {"x": 316.0, "y": 483.0}, {"x": 316.0, "y": 503.0}, {"x": 126.0, "y": 503.0}]}, "description": "CGST @ 2.50% = 2.12"}, {"boundingPoly": {"vertices": [{"x": 125.0, "y": 507.0}, {"x": 315.0, "y": 507.0}, {"x": 315.0, "y": 528.0}, {"x": 125.0, "y": 527.0}]}, "description": "SGST @ 2.50% = 2.12"}, {"boundingPoly": {"vertices": [{"x": 156.0, "y": 532.0}, {"x": 209.0, "y": 532.0}, {"x": 209.0, "y": 553.0}, {"x": 156.0, "y": 553.0}]}, "description": " Total"}, {"boundingPoly": {"vertices": [{"x": 212.0, "y": 532.0}, {"x": 277.0, "y": 532.0}, {"x": 277.0, "y": 555.0}, {"x": 212.0, "y": 555.0}]}, "description": " = 89. 0"}, {"boundingPoly": {"vertices": [{"x": 99.0, "y": 581.0}, {"x": 292.0, "y": 581.0}, {"x": 292.0, "y": 606.0}, {"x": 99.0, "y": 606.0}]}, "description": " 18:50:15 18-12-2019"}]}