{"textAnnotations": [{"boundingPoly": {"vertices": [{"x": 423.0, "y": 226.0}, {"x": 690.0, "y": 226.0}, {"x": 690.0, "y": 253.0}, {"x": 423.0, "y": 253.0}]}, "description": " ----- DUPLICATE RECEIPT"}, {"boundingPoly": {"vertices": [{"x": 693.0, "y": 226.0}, {"x": 717.0, "y": 226.0}, {"x": 717.0, "y": 251.0}, {"x": 693.0, "y": 251.0}]}, "description": " --"}, {"boundingPoly": {"vertices": [{"x": 459.0, "y": 285.0}, {"x": 719.0, "y": 281.0}, {"x": 720.0, "y": 307.0}, {"x": 460.0, "y": 311.0}]}, "description": "merchant name"}, {"boundingPoly": {"vertices": [{"x": 506.0, "y": 313.0}, {"x": 689.0, "y": 312.0}, {"x": 689.0, "y": 337.0}, {"x": 506.0, "y": 338.0}]}, "description": "merchant address"}, {"boundingPoly": {"vertices": [{"x": 451.0, "y": 342.0}, {"x": 734.0, "y": 336.0}, {"x": 735.0, "y": 363.0}, {"x": 451.0, "y": 368.0}]}, "description": "merchant address"}, {"boundingPoly": {"vertices": [{"x": 544.0, "y": 399.0}, {"x": 656.0, "y": 398.0}, {"x": 656.0, "y": 422.0}, {"x": 544.0, "y": 423.0}]}, "description": "CHK 783055"}, {"boundingPoly": {"vertices": [{"x": 491.0, "y": 424.0}, {"x": 699.0, "y": 424.0}, {"x": 699.0, "y": 451.0}, {"x": 491.0, "y": 451.0}]}, "description": " 11/15/2019 04:59 PM"}, {"boundingPoly": {"vertices": [{"x": 443.0, "y": 453.0}, {"x": 528.0, "y": 453.0}, {"x": 528.0, "y": 474.0}, {"x": 443.0, "y": 475.0}]}, "description": "2801203"}, {"boundingPoly": {"vertices": [{"x": 556.0, "y": 454.0}, {"x": 664.0, "y": 453.0}, {"x": 665.0, "y": 477.0}, {"x": 556.0, "y": 479.0}]}, "description": "Drancy. 1"}, {"boundingPoly": {"vertices": [{"x": 671.0, "y": 453.0}, {"x": 722.0, "y": 453.0}, {"x": 722.0, "y": 476.0}, {"x": 671.0, "y": 476.0}]}, "description": " Reg:"}, {"boundingPoly": {"vertices": [{"x": 726.0, "y": 451.0}, {"x": 743.0, "y": 451.0}, {"x": 743.0, "y": 475.0}, {"x": 726.0, "y": 475.0}]}, "description": " 3"}, {"boundingPoly": {"vertices": [{"x": 410.0, "y": 500.0}, {"x": 601.0, "y": 500.0}, {"x": 601.0, "y": 523.0}, {"x": 410.0, "y": 524.0}]}, "description": "Trky Pesto Panini"}, {"boundingPoly": {"vertices": [{"x": 409.0, "y": 524.0}, {"x": 436.0, "y": 524.0}, {"x": 436.0, "y": 548.0}, {"x": 409.0, "y": 548.0}]}, "description": " Tl"}, {"boundingPoly": {"vertices": [{"x": 431.0, "y": 548.0}, {"x": 512.0, "y": 550.0}, {"x": 512.0, "y": 574.0}, {"x": 430.0, "y": 571.0}]}, "description": "Vanilla"}, {"boundingPoly": {"vertices": [{"x": 407.0, "y": 574.0}, {"x": 615.0, "y": 574.0}, {"x": 615.0, "y": 599.0}, {"x": 407.0, "y": 599.0}]}, "description": "Tl Carml Macchiato"}, {"boundingPoly": {"vertices": [{"x": 440.0, "y": 525.0}, {"x": 604.0, "y": 525.0}, {"x": 604.0, "y": 549.0}, {"x": 440.0, "y": 549.0}]}, "description": " Chai Tea Latte"}, {"boundingPoly": {"vertices": [{"x": 720.0, "y": 501.0}, {"x": 765.0, "y": 500.0}, {"x": 765.0, "y": 521.0}, {"x": 721.0, "y": 522.0}]}, "description": "6.45"}, {"boundingPoly": {"vertices": [{"x": 722.0, "y": 524.0}, {"x": 769.0, "y": 525.0}, {"x": 768.0, "y": 543.0}, {"x": 722.0, "y": 543.0}]}, "description": "4.25"}, {"boundingPoly": {"vertices": [{"x": 722.0, "y": 548.0}, {"x": 770.0, "y": 547.0}, {"x": 770.0, "y": 567.0}, {"x": 723.0, "y": 569.0}]}, "description": "0.50"}, {"boundingPoly": {"vertices": [{"x": 724.0, "y": 573.0}, {"x": 771.0, "y": 572.0}, {"x": 772.0, "y": 592.0}, {"x": 724.0, "y": 592.0}]}, "description": "4.95"}, {"boundingPoly": {"vertices": [{"x": 407.0, "y": 630.0}, {"x": 458.0, "y": 630.0}, {"x": 458.0, "y": 651.0}, {"x": 408.0, "y": 650.0}]}, "description": "Amex"}, {"boundingPoly": {"vertices": [{"x": 407.0, "y": 656.0}, {"x": 594.0, "y": 654.0}, {"x": 595.0, "y": 678.0}, {"x": 407.0, "y": 681.0}]}, "description": "XXXXXXXXXXXX1009"}, {"boundingPoly": {"vertices": [{"x": 409.0, "y": 682.0}, {"x": 539.0, "y": 682.0}, {"x": 539.0, "y": 712.0}, {"x": 409.0, "y": 712.0}]}, "description": " Card Entry:"}, {"boundingPoly": {"vertices": [{"x": 412.0, "y": 711.0}, {"x": 538.0, "y": 711.0}, {"x": 538.0, "y": 739.0}, {"x": 412.0, "y": 739.0}]}, "description": " Trans Type:"}, {"boundingPoly": {"vertices": [{"x": 408.0, "y": 738.0}, {"x": 550.0, "y": 738.0}, {"x": 550.0, "y": 769.0}, {"x": 408.0, "y": 769.0}]}, "description": " Reference #:"}, {"boundingPoly": {"vertices": [{"x": 718.0, "y": 622.0}, {"x": 775.0, "y": 621.0}, {"x": 775.0, "y": 643.0}, {"x": 719.0, "y": 645.0}]}, "description": "17.58"}, {"boundingPoly": {"vertices": [{"x": 544.0, "y": 678.0}, {"x": 639.0, "y": 678.0}, {"x": 639.0, "y": 708.0}, {"x": 544.0, "y": 708.0}]}, "description": " TAP CHIP"}, {"boundingPoly": {"vertices": [{"x": 543.0, "y": 707.0}, {"x": 641.0, "y": 707.0}, {"x": 641.0, "y": 736.0}, {"x": 543.0, "y": 736.0}]}, "description": " PURCHASE"}, {"boundingPoly": {"vertices": [{"x": 555.0, "y": 736.0}, {"x": 656.0, "y": 736.0}, {"x": 656.0, "y": 763.0}, {"x": 555.0, "y": 763.0}]}, "description": " 00000311"}, {"boundingPoly": {"vertices": [{"x": 410.0, "y": 766.0}, {"x": 529.0, "y": 766.0}, {"x": 529.0, "y": 795.0}, {"x": 410.0, "y": 795.0}]}, "description": " App Label:"}, {"boundingPoly": {"vertices": [{"x": 501.0, "y": 793.0}, {"x": 572.0, "y": 793.0}, {"x": 572.0, "y": 820.0}, {"x": 501.0, "y": 820.0}]}, "description": " 839313"}, {"boundingPoly": {"vertices": [{"x": 466.0, "y": 818.0}, {"x": 654.0, "y": 818.0}, {"x": 654.0, "y": 849.0}, {"x": 466.0, "y": 849.0}]}, "description": " A000000025010801"}, {"boundingPoly": {"vertices": [{"x": 468.0, "y": 849.0}, {"x": 587.0, "y": 849.0}, {"x": 587.0, "y": 875.0}, {"x": 468.0, "y": 875.0}]}, "description": " 0010008000"}, {"boundingPoly": {"vertices": [{"x": 469.0, "y": 878.0}, {"x": 517.0, "y": 878.0}, {"x": 517.0, "y": 903.0}, {"x": 469.0, "y": 903.0}]}, "description": " E800"}, {"boundingPoly": {"vertices": [{"x": 533.0, "y": 760.0}, {"x": 723.0, "y": 760.0}, {"x": 723.0, "y": 792.0}, {"x": 533.0, "y": 792.0}]}, "description": " AMERICAN EXPRESS"}, {"boundingPoly": {"vertices": [{"x": 412.0, "y": 796.0}, {"x": 497.0, "y": 796.0}, {"x": 497.0, "y": 822.0}, {"x": 412.0, "y": 822.0}]}, "description": " Auth #:"}, {"boundingPoly": {"vertices": [{"x": 413.0, "y": 825.0}, {"x": 461.0, "y": 825.0}, {"x": 461.0, "y": 851.0}, {"x": 413.0, "y": 851.0}]}, "description": " AID:"}, {"boundingPoly": {"vertices": [{"x": 415.0, "y": 852.0}, {"x": 464.0, "y": 852.0}, {"x": 464.0, "y": 876.0}, {"x": 415.0, "y": 876.0}]}, "description": " TVR:"}, {"boundingPoly": {"vertices": [{"x": 415.0, "y": 879.0}, {"x": 464.0, "y": 879.0}, {"x": 464.0, "y": 904.0}, {"x": 415.0, "y": 904.0}]}, "description": " TSI:"}, {"boundingPoly": {"vertices": [{"x": 411.0, "y": 935.0}, {"x": 510.0, "y": 932.0}, {"x": 510.0, "y": 955.0}, {"x": 411.0, "y": 958.0}]}, "description": "Subtotal"}, {"boundingPoly": {"vertices": [{"x": 409.0, "y": 961.0}, {"x": 532.0, "y": 959.0}, {"x": 532.0, "y": 985.0}, {"x": 409.0, "y": 987.0}]}, "description": "Tax 8.875%"}, {"boundingPoly": {"vertices": [{"x": 410.0, "y": 991.0}, {"x": 475.0, "y": 991.0}, {"x": 475.0, "y": 1014.0}, {"x": 410.0, "y": 1016.0}]}, "description": "Total"}, {"boundingPoly": {"vertices": [{"x": 371.0, "y": 1022.0}, {"x": 614.0, "y": 1015.0}, {"x": 615.0, "y": 1041.0}, {"x": 371.0, "y": 1049.0}]}, "description": "Change Due"}, {"boundingPoly": {"vertices": [{"x": 514.0, "y": 1073.0}, {"x": 678.0, "y": 1073.0}, {"x": 678.0, "y": 1105.0}, {"x": 514.0, "y": 1105.0}]}, "description": " Check Closed"}, {"boundingPoly": {"vertices": [{"x": 702.0, "y": 926.0}, {"x": 774.0, "y": 924.0}, {"x": 775.0, "y": 948.0}, {"x": 704.0, "y": 950.0}]}, "description": "$16.15"}, {"boundingPoly": {"vertices": [{"x": 715.0, "y": 953.0}, {"x": 776.0, "y": 951.0}, {"x": 779.0, "y": 976.0}, {"x": 718.0, "y": 979.0}]}, "description": "$1.43"}, {"boundingPoly": {"vertices": [{"x": 707.0, "y": 981.0}, {"x": 781.0, "y": 978.0}, {"x": 783.0, "y": 1004.0}, {"x": 708.0, "y": 1007.0}]}, "description": "$17.58"}, {"boundingPoly": {"vertices": [{"x": 729.0, "y": 1010.0}, {"x": 854.0, "y": 1004.0}, {"x": 856.0, "y": 1032.0}, {"x": 730.0, "y": 1037.0}]}, "description": "$0.00"}, {"boundingPoly": {"vertices": [{"x": 493.0, "y": 1079.0}, {"x": 510.0, "y": 1079.0}, {"x": 510.0, "y": 1106.0}, {"x": 493.0, "y": 1106.0}]}, "description": " -"}, {"boundingPoly": {"vertices": [{"x": 495.0, "y": 1099.0}, {"x": 734.0, "y": 1099.0}, {"x": 734.0, "y": 1138.0}, {"x": 495.0, "y": 1138.0}]}, "description": " 11/15/2019 04:59 PM"}, {"boundingPoly": {"vertices": [{"x": 474.0, "y": 1267.0}, {"x": 785.0, "y": 1263.0}, {"x": 786.0, "y": 1290.0}, {"x": 475.0, "y": 1295.0}]}, "description": "Join our loyalty program"}, {"boundingPoly": {"vertices": [{"x": 438.0, "y": 1313.0}, {"x": 820.0, "y": 1312.0}, {"x": 820.0, "y": 1341.0}, {"x": 438.0, "y": 1342.0}]}, "description": "Sign up for promotional emails"}, {"boundingPoly": {"vertices": [{"x": 453.0, "y": 1341.0}, {"x": 793.0, "y": 1342.0}, {"x": 793.0, "y": 1369.0}, {"x": 453.0, "y": 1368.0}]}, "description": "Visit Starbucks.com/rewards"}, {"boundingPoly": {"vertices": [{"x": 502.0, "y": 1372.0}, {"x": 744.0, "y": 1373.0}, {"x": 744.0, "y": 1400.0}, {"x": 502.0, "y": 1399.0}]}, "description": "Or download our app"}, {"boundingPoly": {"vertices": [{"x": 475.0, "y": 1400.0}, {"x": 773.0, "y": 1401.0}, {"x": 772.0, "y": 1428.0}, {"x": 475.0, "y": 1426.0}]}, "description": "At participating stores"}, {"boundingPoly": {"vertices": [{"x": 479.0, "y": 1428.0}, {"x": 768.0, "y": 1430.0}, {"x": 768.0, "y": 1459.0}, {"x": 479.0, "y": 1455.0}]}, "description": "Some restrictions apply"}, {"boundingPoly": {"vertices": [{"x": 507.0, "y": 1290.0}, {"x": 747.0, "y": 1290.0}, {"x": 747.0, "y": 1317.0}, {"x": 507.0, "y": 1316.0}]}, "description": "Starbucks Rewards\u00ae"}]}