{"textAnnotations": [{"boundingPoly": {"vertices": [{"x": 36.0, "y": 36.0}, {"x": 148.0, "y": 36.0}, {"x": 148.0, "y": 46.0}, {"x": 36.0, "y": 46.0}]}, "description": "Thank You For Visiting the"}, {"boundingPoly": {"vertices": [{"x": 38.0, "y": 46.0}, {"x": 146.0, "y": 46.0}, {"x": 146.0, "y": 56.0}, {"x": 38.0, "y": 55.0}]}, "description": "merchant name"}, {"boundingPoly": {"vertices": [{"x": 57.0, "y": 56.0}, {"x": 126.0, "y": 57.0}, {"x": 126.0, "y": 67.0}, {"x": 57.0, "y": 65.0}]}, "description": "Matthew Fraysier"}, {"boundingPoly": {"vertices": [{"x": 60.0, "y": 66.0}, {"x": 124.0, "y": 67.0}, {"x": 124.0, "y": 76.0}, {"x": 60.0, "y": 75.0}]}, "description": "General Manager"}, {"boundingPoly": {"vertices": [{"x": 66.0, "y": 76.0}, {"x": 122.0, "y": 76.0}, {"x": 122.0, "y": 86.0}, {"x": 65.0, "y": 85.0}]}, "description": "merchant phone"}, {"boundingPoly": {"vertices": [{"x": 45.0, "y": 85.0}, {"x": 139.0, "y": 86.0}, {"x": 139.0, "y": 96.0}, {"x": 45.0, "y": 95.0}]}, "description": "We Love Your Feedback!"}, {"boundingPoly": {"vertices": [{"x": 43.0, "y": 95.0}, {"x": 142.0, "y": 96.0}, {"x": 141.0, "y": 106.0}, {"x": 43.0, "y": 105.0}]}, "description": "Text @LTF11479 to 73940"}, {"boundingPoly": {"vertices": [{"x": 5.0, "y": 125.0}, {"x": 64.0, "y": 125.0}, {"x": 64.0, "y": 135.0}, {"x": 5.0, "y": 134.0}]}, "description": "Eggs Your Way"}, {"boundingPoly": {"vertices": [{"x": 6.0, "y": 134.0}, {"x": 48.0, "y": 134.0}, {"x": 48.0, "y": 143.0}, {"x": 6.0, "y": 143.0}]}, "description": "2 Engs CF"}, {"boundingPoly": {"vertices": [{"x": 7.0, "y": 143.0}, {"x": 66.0, "y": 144.0}, {"x": 66.0, "y": 154.0}, {"x": 7.0, "y": 152.0}]}, "description": "Sunny Side Up"}, {"boundingPoly": {"vertices": [{"x": 7.0, "y": 152.0}, {"x": 86.0, "y": 153.0}, {"x": 86.0, "y": 163.0}, {"x": 7.0, "y": 162.0}]}, "description": "Pork Sausage Links"}, {"boundingPoly": {"vertices": [{"x": 7.0, "y": 162.0}, {"x": 56.0, "y": 163.0}, {"x": 56.0, "y": 173.0}, {"x": 7.0, "y": 172.0}]}, "description": "White Toast"}, {"boundingPoly": {"vertices": [{"x": 7.0, "y": 173.0}, {"x": 56.0, "y": 174.0}, {"x": 56.0, "y": 184.0}, {"x": 7.0, "y": 183.0}]}, "description": "White Toast"}, {"boundingPoly": {"vertices": [{"x": 9.0, "y": 184.0}, {"x": 94.0, "y": 185.0}, {"x": 94.0, "y": 195.0}, {"x": 9.0, "y": 194.0}]}, "description": "12oz Island Watermel"}, {"boundingPoly": {"vertices": [{"x": 9.0, "y": 195.0}, {"x": 58.0, "y": 195.0}, {"x": 58.0, "y": 206.0}, {"x": 9.0, "y": 206.0}]}, "description": " Smart Water"}, {"boundingPoly": {"vertices": [{"x": 167.0, "y": 117.0}, {"x": 181.0, "y": 117.0}, {"x": 181.0, "y": 127.0}, {"x": 167.0, "y": 127.0}]}, "description": "USD"}, {"boundingPoly": {"vertices": [{"x": 163.0, "y": 128.0}, {"x": 182.0, "y": 128.0}, {"x": 182.0, "y": 137.0}, {"x": 163.0, "y": 137.0}]}, "description": "1.25"}, {"boundingPoly": {"vertices": [{"x": 164.0, "y": 136.0}, {"x": 183.0, "y": 137.0}, {"x": 183.0, "y": 146.0}, {"x": 164.0, "y": 146.0}]}, "description": "1.25"}, {"boundingPoly": {"vertices": [{"x": 164.0, "y": 147.0}, {"x": 182.0, "y": 147.0}, {"x": 182.0, "y": 155.0}, {"x": 164.0, "y": 156.0}]}, "description": "0.00"}, {"boundingPoly": {"vertices": [{"x": 164.0, "y": 156.0}, {"x": 183.0, "y": 156.0}, {"x": 182.0, "y": 165.0}, {"x": 164.0, "y": 164.0}]}, "description": "0.99"}, {"boundingPoly": {"vertices": [{"x": 164.0, "y": 165.0}, {"x": 184.0, "y": 166.0}, {"x": 183.0, "y": 176.0}, {"x": 164.0, "y": 174.0}]}, "description": "0.35"}, {"boundingPoly": {"vertices": [{"x": 165.0, "y": 176.0}, {"x": 183.0, "y": 177.0}, {"x": 182.0, "y": 186.0}, {"x": 165.0, "y": 185.0}]}, "description": "0.35"}, {"boundingPoly": {"vertices": [{"x": 164.0, "y": 186.0}, {"x": 182.0, "y": 187.0}, {"x": 182.0, "y": 196.0}, {"x": 164.0, "y": 195.0}]}, "description": "5.20"}, {"boundingPoly": {"vertices": [{"x": 165.0, "y": 196.0}, {"x": 182.0, "y": 198.0}, {"x": 182.0, "y": 207.0}, {"x": 164.0, "y": 206.0}]}, "description": "3.10"}, {"boundingPoly": {"vertices": [{"x": 60.0, "y": 195.0}, {"x": 65.0, "y": 195.0}, {"x": 65.0, "y": 206.0}, {"x": 60.0, "y": 206.0}]}, "description": " 1"}, {"boundingPoly": {"vertices": [{"x": 67.0, "y": 195.0}, {"x": 73.0, "y": 195.0}, {"x": 73.0, "y": 206.0}, {"x": 67.0, "y": 206.0}]}, "description": " L"}, {"boundingPoly": {"vertices": [{"x": 106.0, "y": 216.0}, {"x": 145.0, "y": 216.0}, {"x": 145.0, "y": 226.0}, {"x": 106.0, "y": 226.0}]}, "description": "Sub Total"}, {"boundingPoly": {"vertices": [{"x": 106.0, "y": 227.0}, {"x": 150.0, "y": 227.0}, {"x": 150.0, "y": 237.0}, {"x": 106.0, "y": 237.0}]}, "description": "Tax Amount"}, {"boundingPoly": {"vertices": [{"x": 161.0, "y": 217.0}, {"x": 183.0, "y": 218.0}, {"x": 182.0, "y": 227.0}, {"x": 161.0, "y": 227.0}]}, "description": "12.49"}, {"boundingPoly": {"vertices": [{"x": 166.0, "y": 228.0}, {"x": 181.0, "y": 228.0}, {"x": 181.0, "y": 237.0}, {"x": 166.0, "y": 237.0}]}, "description": "1.11"}, {"boundingPoly": {"vertices": [{"x": 4.0, "y": 257.0}, {"x": 83.0, "y": 257.0}, {"x": 83.0, "y": 274.0}, {"x": 4.0, "y": 274.0}]}, "description": "Total USD"}, {"boundingPoly": {"vertices": [{"x": 141.0, "y": 258.0}, {"x": 181.0, "y": 258.0}, {"x": 181.0, "y": 274.0}, {"x": 141.0, "y": 275.0}]}, "description": "13.60"}, {"boundingPoly": {"vertices": [{"x": 3.0, "y": 303.0}, {"x": 47.0, "y": 304.0}, {"x": 46.0, "y": 315.0}, {"x": 3.0, "y": 314.0}]}, "description": "5008 AMEX"}, {"boundingPoly": {"vertices": [{"x": 160.0, "y": 304.0}, {"x": 181.0, "y": 304.0}, {"x": 181.0, "y": 313.0}, {"x": 160.0, "y": 314.0}]}, "description": "13.60"}, {"boundingPoly": {"vertices": [{"x": 8.0, "y": 336.0}, {"x": 22.0, "y": 336.0}, {"x": 22.0, "y": 343.0}, {"x": 7.0, "y": 343.0}]}, "description": "Tax"}, {"boundingPoly": {"vertices": [{"x": 7.0, "y": 344.0}, {"x": 42.0, "y": 343.0}, {"x": 42.0, "y": 354.0}, {"x": 7.0, "y": 354.0}]}, "description": "() 8.875"}, {"boundingPoly": {"vertices": [{"x": 6.0, "y": 354.0}, {"x": 53.0, "y": 354.0}, {"x": 53.0, "y": 365.0}, {"x": 6.0, "y": 365.0}]}, "description": " (Sunrise FL"}, {"boundingPoly": {"vertices": [{"x": 72.0, "y": 335.0}, {"x": 136.0, "y": 335.0}, {"x": 136.0, "y": 345.0}, {"x": 72.0, "y": 345.0}]}, "description": " Taxable Amount"}, {"boundingPoly": {"vertices": [{"x": 111.0, "y": 345.0}, {"x": 133.0, "y": 345.0}, {"x": 133.0, "y": 354.0}, {"x": 111.0, "y": 354.0}]}, "description": "12.49"}, {"boundingPoly": {"vertices": [{"x": 62.0, "y": 354.0}, {"x": 133.0, "y": 354.0}, {"x": 133.0, "y": 365.0}, {"x": 62.0, "y": 365.0}]}, "description": " DO NOT USE) 0.00"}, {"boundingPoly": {"vertices": [{"x": 139.0, "y": 336.0}, {"x": 181.0, "y": 336.0}, {"x": 181.0, "y": 345.0}, {"x": 139.0, "y": 345.0}]}, "description": " Tax Amount"}, {"boundingPoly": {"vertices": [{"x": 163.0, "y": 345.0}, {"x": 181.0, "y": 345.0}, {"x": 181.0, "y": 354.0}, {"x": 163.0, "y": 354.0}]}, "description": "1.11"}, {"boundingPoly": {"vertices": [{"x": 164.0, "y": 355.0}, {"x": 182.0, "y": 355.0}, {"x": 181.0, "y": 364.0}, {"x": 164.0, "y": 364.0}]}, "description": "0.00"}, {"boundingPoly": {"vertices": [{"x": 55.0, "y": 354.0}, {"x": 61.0, "y": 354.0}, {"x": 61.0, "y": 365.0}, {"x": 55.0, "y": 365.0}]}, "description": " -"}, {"boundingPoly": {"vertices": [{"x": 6.0, "y": 384.0}, {"x": 181.0, "y": 384.0}, {"x": 181.0, "y": 396.0}, {"x": 6.0, "y": 396.0}]}, "description": " 12/10/2019 08:57 AM #:44118 Op:4049 C:11"}, {"boundingPoly": {"vertices": [{"x": 6.0, "y": 395.0}, {"x": 48.0, "y": 395.0}, {"x": 48.0, "y": 406.0}, {"x": 6.0, "y": 406.0}]}, "description": " 101 S:1111"}, {"boundingPoly": {"vertices": [{"x": 4.0, "y": 406.0}, {"x": 48.0, "y": 406.0}, {"x": 48.0, "y": 417.0}, {"x": 4.0, "y": 417.0}]}, "description": " Served you"}, {"boundingPoly": {"vertices": [{"x": 50.0, "y": 406.0}, {"x": 133.0, "y": 406.0}, {"x": 133.0, "y": 417.0}, {"x": 50.0, "y": 417.0}]}, "description": " : Guadalupe Canarte"}, {"boundingPoly": {"vertices": [{"x": 43.0, "y": 446.0}, {"x": 132.0, "y": 446.0}, {"x": 132.0, "y": 456.0}, {"x": 43.0, "y": 456.0}]}, "description": "*** Customer copy ***"}, {"boundingPoly": {"vertices": [{"x": 59.0, "y": 466.0}, {"x": 120.0, "y": 466.0}, {"x": 120.0, "y": 476.0}, {"x": 59.0, "y": 477.0}]}, "description": "AMEX NY937 (1)"}, {"boundingPoly": {"vertices": [{"x": 4.0, "y": 486.0}, {"x": 41.0, "y": 486.0}, {"x": 41.0, "y": 496.0}, {"x": 4.0, "y": 496.0}]}, "description": " PURCHASE"}, {"boundingPoly": {"vertices": [{"x": 4.0, "y": 496.0}, {"x": 24.0, "y": 496.0}, {"x": 23.0, "y": 505.0}, {"x": 4.0, "y": 505.0}]}, "description": "AMEX"}, {"boundingPoly": {"vertices": [{"x": 3.0, "y": 506.0}, {"x": 68.0, "y": 506.0}, {"x": 68.0, "y": 515.0}, {"x": 3.0, "y": 515.0}]}, "description": "*********** 1001"}, {"boundingPoly": {"vertices": [{"x": 4.0, "y": 516.0}, {"x": 52.0, "y": 516.0}, {"x": 52.0, "y": 527.0}, {"x": 4.0, "y": 527.0}]}, "description": " CONTACTLESS"}, {"boundingPoly": {"vertices": [{"x": 43.0, "y": 486.0}, {"x": 88.0, "y": 486.0}, {"x": 88.0, "y": 496.0}, {"x": 43.0, "y": 496.0}]}, "description": " / APPROVED"}, {"boundingPoly": {"vertices": [{"x": 54.0, "y": 516.0}, {"x": 61.0, "y": 516.0}, {"x": 61.0, "y": 527.0}, {"x": 54.0, "y": 527.0}]}, "description": " /"}, {"boundingPoly": {"vertices": [{"x": 62.0, "y": 516.0}, {"x": 92.0, "y": 516.0}, {"x": 92.0, "y": 527.0}, {"x": 62.0, "y": 527.0}]}, "description": " No CVM"}, {"boundingPoly": {"vertices": [{"x": 3.0, "y": 537.0}, {"x": 87.0, "y": 537.0}, {"x": 87.0, "y": 548.0}, {"x": 3.0, "y": 548.0}]}, "description": " 2019/12/10 08:57:20"}, {"boundingPoly": {"vertices": [{"x": 4.0, "y": 548.0}, {"x": 18.0, "y": 548.0}, {"x": 17.0, "y": 558.0}, {"x": 3.0, "y": 558.0}]}, "description": "TID"}, {"boundingPoly": {"vertices": [{"x": 4.0, "y": 559.0}, {"x": 18.0, "y": 559.0}, {"x": 17.0, "y": 568.0}, {"x": 3.0, "y": 568.0}]}, "description": "MID"}, {"boundingPoly": {"vertices": [{"x": 2.0, "y": 570.0}, {"x": 42.0, "y": 570.0}, {"x": 42.0, "y": 580.0}, {"x": 2.0, "y": 580.0}]}, "description": "REFERENCE"}, {"boundingPoly": {"vertices": [{"x": 2.0, "y": 580.0}, {"x": 43.0, "y": 580.0}, {"x": 43.0, "y": 591.0}, {"x": 2.0, "y": 591.0}]}, "description": "AUTH CODE"}, {"boundingPoly": {"vertices": [{"x": 140.0, "y": 548.0}, {"x": 175.0, "y": 548.0}, {"x": 175.0, "y": 557.0}, {"x": 140.0, "y": 557.0}]}, "description": "**** 6030"}, {"boundingPoly": {"vertices": [{"x": 143.0, "y": 559.0}, {"x": 175.0, "y": 559.0}, {"x": 175.0, "y": 568.0}, {"x": 143.0, "y": 568.0}]}, "description": "6634459"}, {"boundingPoly": {"vertices": [{"x": 66.0, "y": 569.0}, {"x": 175.0, "y": 569.0}, {"x": 176.0, "y": 579.0}, {"x": 66.0, "y": 580.0}]}, "description": "1111111101#441188233392"}, {"boundingPoly": {"vertices": [{"x": 148.0, "y": 581.0}, {"x": 176.0, "y": 579.0}, {"x": 175.0, "y": 589.0}, {"x": 148.0, "y": 590.0}]}, "description": "577714"}, {"boundingPoly": {"vertices": [{"x": 3.0, "y": 602.0}, {"x": 24.0, "y": 602.0}, {"x": 24.0, "y": 613.0}, {"x": 2.0, "y": 612.0}]}, "description": "TOTAL"}, {"boundingPoly": {"vertices": [{"x": 139.0, "y": 602.0}, {"x": 174.0, "y": 600.0}, {"x": 174.0, "y": 610.0}, {"x": 139.0, "y": 612.0}]}, "description": "USD13.60"}]}