{"textAnnotations": [{"boundingPoly": {"vertices": [{"x": 105.0, "y": 57.0}, {"x": 202.0, "y": 59.0}, {"x": 202.0, "y": 74.0}, {"x": 105.0, "y": 72.0}]}, "description": "merchant name"}, {"boundingPoly": {"vertices": [{"x": 107.0, "y": 75.0}, {"x": 211.0, "y": 77.0}, {"x": 210.0, "y": 92.0}, {"x": 106.0, "y": 90.0}]}, "description": "merchant address"}, {"boundingPoly": {"vertices": [{"x": 111.0, "y": 91.0}, {"x": 203.0, "y": 94.0}, {"x": 203.0, "y": 110.0}, {"x": 111.0, "y": 107.0}]}, "description": "merchant address"}, {"boundingPoly": {"vertices": [{"x": 98.0, "y": 108.0}, {"x": 225.0, "y": 112.0}, {"x": 225.0, "y": 127.0}, {"x": 97.0, "y": 123.0}]}, "description": "merchant phone"}, {"boundingPoly": {"vertices": [{"x": 104.0, "y": 126.0}, {"x": 218.0, "y": 129.0}, {"x": 218.0, "y": 144.0}, {"x": 104.0, "y": 141.0}]}, "description": "Fax-732-640-1165"}, {"boundingPoly": {"vertices": [{"x": 29.0, "y": 157.0}, {"x": 101.0, "y": 160.0}, {"x": 101.0, "y": 175.0}, {"x": 28.0, "y": 172.0}]}, "description": "2 shweta s"}, {"boundingPoly": {"vertices": [{"x": 23.0, "y": 192.0}, {"x": 79.0, "y": 193.0}, {"x": 78.0, "y": 209.0}, {"x": 23.0, "y": 207.0}]}, "description": "Tb1 36/1"}, {"boundingPoly": {"vertices": [{"x": 139.0, "y": 196.0}, {"x": 191.0, "y": 197.0}, {"x": 190.0, "y": 212.0}, {"x": 139.0, "y": 210.0}]}, "description": "Chk 334"}, {"boundingPoly": {"vertices": [{"x": 104.0, "y": 212.0}, {"x": 219.0, "y": 212.0}, {"x": 219.0, "y": 231.0}, {"x": 104.0, "y": 231.0}]}, "description": " Dec15'19 08:30PM"}, {"boundingPoly": {"vertices": [{"x": 47.0, "y": 245.0}, {"x": 149.0, "y": 245.0}, {"x": 149.0, "y": 263.0}, {"x": 47.0, "y": 263.0}]}, "description": "merchant address"}, {"boundingPoly": {"vertices": [{"x": 65.0, "y": 262.0}, {"x": 108.0, "y": 263.0}, {"x": 108.0, "y": 279.0}, {"x": 64.0, "y": 277.0}]}, "description": "Eat In"}, {"boundingPoly": {"vertices": [{"x": 47.0, "y": 279.0}, {"x": 128.0, "y": 279.0}, {"x": 128.0, "y": 296.0}, {"x": 47.0, "y": 296.0}]}, "description": " Dal Makhani"}, {"boundingPoly": {"vertices": [{"x": 62.0, "y": 297.0}, {"x": 109.0, "y": 298.0}, {"x": 109.0, "y": 311.0}, {"x": 62.0, "y": 310.0}]}, "description": "Eat In"}, {"boundingPoly": {"vertices": [{"x": 36.0, "y": 312.0}, {"x": 143.0, "y": 314.0}, {"x": 143.0, "y": 329.0}, {"x": 36.0, "y": 327.0}]}, "description": "3 Tandoori Roti"}, {"boundingPoly": {"vertices": [{"x": 66.0, "y": 330.0}, {"x": 110.0, "y": 330.0}, {"x": 110.0, "y": 345.0}, {"x": 65.0, "y": 344.0}]}, "description": "Eat In"}, {"boundingPoly": {"vertices": [{"x": 49.0, "y": 348.0}, {"x": 131.0, "y": 348.0}, {"x": 131.0, "y": 363.0}, {"x": 49.0, "y": 363.0}]}, "description": " Garlic Naan"}, {"boundingPoly": {"vertices": [{"x": 50.0, "y": 365.0}, {"x": 132.0, "y": 365.0}, {"x": 132.0, "y": 380.0}, {"x": 50.0, "y": 380.0}]}, "description": " Garlic Naan"}, {"boundingPoly": {"vertices": [{"x": 66.0, "y": 381.0}, {"x": 110.0, "y": 381.0}, {"x": 110.0, "y": 396.0}, {"x": 66.0, "y": 396.0}]}, "description": "Eat In"}, {"boundingPoly": {"vertices": [{"x": 43.0, "y": 399.0}, {"x": 150.0, "y": 399.0}, {"x": 150.0, "y": 414.0}, {"x": 43.0, "y": 414.0}]}, "description": "XXXXXXXXXXX1001"}, {"boundingPoly": {"vertices": [{"x": 52.0, "y": 419.0}, {"x": 82.0, "y": 419.0}, {"x": 82.0, "y": 432.0}, {"x": 51.0, "y": 432.0}]}, "description": "amex"}, {"boundingPoly": {"vertices": [{"x": 256.0, "y": 201.0}, {"x": 283.0, "y": 201.0}, {"x": 283.0, "y": 216.0}, {"x": 256.0, "y": 216.0}]}, "description": " Gst"}, {"boundingPoly": {"vertices": [{"x": 289.0, "y": 202.0}, {"x": 299.0, "y": 202.0}, {"x": 299.0, "y": 216.0}, {"x": 289.0, "y": 216.0}]}, "description": " 0"}, {"boundingPoly": {"vertices": [{"x": 36.0, "y": 244.0}, {"x": 44.0, "y": 244.0}, {"x": 44.0, "y": 260.0}, {"x": 36.0, "y": 260.0}]}, "description": " 1"}, {"boundingPoly": {"vertices": [{"x": 249.0, "y": 252.0}, {"x": 279.0, "y": 252.0}, {"x": 279.0, "y": 267.0}, {"x": 249.0, "y": 266.0}]}, "description": "9.95"}, {"boundingPoly": {"vertices": [{"x": 36.0, "y": 279.0}, {"x": 45.0, "y": 279.0}, {"x": 45.0, "y": 295.0}, {"x": 36.0, "y": 295.0}]}, "description": " 1"}, {"boundingPoly": {"vertices": [{"x": 250.0, "y": 285.0}, {"x": 279.0, "y": 286.0}, {"x": 278.0, "y": 300.0}, {"x": 250.0, "y": 299.0}]}, "description": "8.95"}, {"boundingPoly": {"vertices": [{"x": 250.0, "y": 316.0}, {"x": 279.0, "y": 317.0}, {"x": 279.0, "y": 331.0}, {"x": 250.0, "y": 330.0}]}, "description": "8.85"}, {"boundingPoly": {"vertices": [{"x": 38.0, "y": 347.0}, {"x": 47.0, "y": 347.0}, {"x": 47.0, "y": 363.0}, {"x": 38.0, "y": 363.0}]}, "description": " 1"}, {"boundingPoly": {"vertices": [{"x": 38.0, "y": 365.0}, {"x": 47.0, "y": 365.0}, {"x": 47.0, "y": 380.0}, {"x": 38.0, "y": 380.0}]}, "description": " 1"}, {"boundingPoly": {"vertices": [{"x": 249.0, "y": 350.0}, {"x": 278.0, "y": 350.0}, {"x": 278.0, "y": 365.0}, {"x": 248.0, "y": 364.0}]}, "description": "3.95"}, {"boundingPoly": {"vertices": [{"x": 249.0, "y": 366.0}, {"x": 279.0, "y": 367.0}, {"x": 278.0, "y": 381.0}, {"x": 249.0, "y": 381.0}]}, "description": "3.95"}, {"boundingPoly": {"vertices": [{"x": 244.0, "y": 417.0}, {"x": 279.0, "y": 417.0}, {"x": 279.0, "y": 432.0}, {"x": 244.0, "y": 432.0}]}, "description": "38.01"}, {"boundingPoly": {"vertices": [{"x": 53.0, "y": 451.0}, {"x": 83.0, "y": 450.0}, {"x": 82.0, "y": 466.0}, {"x": 53.0, "y": 466.0}]}, "description": "food"}, {"boundingPoly": {"vertices": [{"x": 52.0, "y": 470.0}, {"x": 75.0, "y": 470.0}, {"x": 75.0, "y": 483.0}, {"x": 53.0, "y": 484.0}]}, "description": "Tax"}, {"boundingPoly": {"vertices": [{"x": 245.0, "y": 451.0}, {"x": 280.0, "y": 451.0}, {"x": 280.0, "y": 466.0}, {"x": 245.0, "y": 467.0}]}, "description": "35.65"}, {"boundingPoly": {"vertices": [{"x": 250.0, "y": 469.0}, {"x": 281.0, "y": 469.0}, {"x": 281.0, "y": 483.0}, {"x": 251.0, "y": 483.0}]}, "description": "2.36"}, {"boundingPoly": {"vertices": [{"x": 111.0, "y": 486.0}, {"x": 228.0, "y": 486.0}, {"x": 228.0, "y": 501.0}, {"x": 111.0, "y": 501.0}]}, "description": "-2 Check Closed --."}, {"boundingPoly": {"vertices": [{"x": 103.0, "y": 504.0}, {"x": 237.0, "y": 504.0}, {"x": 237.0, "y": 519.0}, {"x": 103.0, "y": 519.0}]}, "description": " -Dec 15' 19 08:31PM ---"}]}