{"textAnnotations": [{"boundingPoly": {"vertices": [{"x": 100.0, "y": 22.0}, {"x": 124.0, "y": 22.0}, {"x": 124.0, "y": 31.0}, {"x": 100.0, "y": 31.0}]}, "description": "merchant name"}, {"boundingPoly": {"vertices": [{"x": 118.0, "y": 30.0}, {"x": 144.0, "y": 30.0}, {"x": 144.0, "y": 40.0}, {"x": 118.0, "y": 40.0}]}, "description": "merchant address"}, {"boundingPoly": {"vertices": [{"x": 82.0, "y": 31.0}, {"x": 116.0, "y": 31.0}, {"x": 116.0, "y": 41.0}, {"x": 82.0, "y": 41.0}]}, "description": "merchant address"}, {"boundingPoly": {"vertices": [{"x": 77.0, "y": 41.0}, {"x": 146.0, "y": 37.0}, {"x": 147.0, "y": 46.0}, {"x": 77.0, "y": 50.0}]}, "description": "merchant address"}, {"boundingPoly": {"vertices": [{"x": 63.0, "y": 58.0}, {"x": 92.0, "y": 58.0}, {"x": 92.0, "y": 68.0}, {"x": 63.0, "y": 68.0}]}, "description": " Joselyn"}, {"boundingPoly": {"vertices": [{"x": 32.0, "y": 66.0}, {"x": 71.0, "y": 67.0}, {"x": 71.0, "y": 75.0}, {"x": 32.0, "y": 75.0}]}, "description": "210/Duo/1"}, {"boundingPoly": {"vertices": [{"x": 32.0, "y": 76.0}, {"x": 61.0, "y": 76.0}, {"x": 61.0, "y": 85.0}, {"x": 32.0, "y": 85.0}]}, "description": " Guests:"}, {"boundingPoly": {"vertices": [{"x": 32.0, "y": 58.0}, {"x": 62.0, "y": 58.0}, {"x": 62.0, "y": 67.0}, {"x": 32.0, "y": 67.0}]}, "description": " Server:"}, {"boundingPoly": {"vertices": [{"x": 151.0, "y": 55.0}, {"x": 192.0, "y": 51.0}, {"x": 193.0, "y": 60.0}, {"x": 152.0, "y": 64.0}]}, "description": "12/10/2019"}, {"boundingPoly": {"vertices": [{"x": 164.0, "y": 61.0}, {"x": 194.0, "y": 61.0}, {"x": 194.0, "y": 73.0}, {"x": 164.0, "y": 73.0}]}, "description": " 1:04 PM"}, {"boundingPoly": {"vertices": [{"x": 144.0, "y": 83.0}, {"x": 192.0, "y": 79.0}, {"x": 192.0, "y": 89.0}, {"x": 144.0, "y": 93.0}]}, "description": "#20027"}, {"boundingPoly": {"vertices": [{"x": 171.0, "y": 101.0}, {"x": 193.0, "y": 99.0}, {"x": 194.0, "y": 106.0}, {"x": 172.0, "y": 109.0}]}, "description": "13.00"}, {"boundingPoly": {"vertices": [{"x": 62.0, "y": 76.0}, {"x": 68.0, "y": 76.0}, {"x": 68.0, "y": 84.0}, {"x": 62.0, "y": 84.0}]}, "description": " 0"}, {"boundingPoly": {"vertices": [{"x": 32.0, "y": 103.0}, {"x": 60.0, "y": 103.0}, {"x": 60.0, "y": 112.0}, {"x": 32.0, "y": 112.0}]}, "description": "Tlayuda"}, {"boundingPoly": {"vertices": [{"x": 31.0, "y": 112.0}, {"x": 71.0, "y": 113.0}, {"x": 71.0, "y": 122.0}, {"x": 31.0, "y": 121.0}]}, "description": "Steak Taco"}, {"boundingPoly": {"vertices": [{"x": 173.0, "y": 107.0}, {"x": 194.0, "y": 106.0}, {"x": 195.0, "y": 113.0}, {"x": 173.0, "y": 115.0}]}, "description": "18.00"}, {"boundingPoly": {"vertices": [{"x": 31.0, "y": 130.0}, {"x": 95.0, "y": 130.0}, {"x": 95.0, "y": 140.0}, {"x": 31.0, "y": 140.0}]}, "description": "Complete Subtotal"}, {"boundingPoly": {"vertices": [{"x": 171.0, "y": 124.0}, {"x": 194.0, "y": 122.0}, {"x": 195.0, "y": 130.0}, {"x": 171.0, "y": 133.0}]}, "description": "31.00"}, {"boundingPoly": {"vertices": [{"x": 171.0, "y": 141.0}, {"x": 195.0, "y": 141.0}, {"x": 195.0, "y": 150.0}, {"x": 172.0, "y": 150.0}]}, "description": "31.00"}, {"boundingPoly": {"vertices": [{"x": 176.0, "y": 150.0}, {"x": 195.0, "y": 150.0}, {"x": 195.0, "y": 159.0}, {"x": 176.0, "y": 159.0}]}, "description": "2,75"}, {"boundingPoly": {"vertices": [{"x": 31.0, "y": 149.0}, {"x": 62.0, "y": 149.0}, {"x": 62.0, "y": 158.0}, {"x": 31.0, "y": 158.0}]}, "description": "Subtotal"}, {"boundingPoly": {"vertices": [{"x": 28.0, "y": 176.0}, {"x": 47.0, "y": 176.0}, {"x": 47.0, "y": 185.0}, {"x": 27.0, "y": 184.0}]}, "description": "Total"}, {"boundingPoly": {"vertices": [{"x": 172.0, "y": 171.0}, {"x": 197.0, "y": 171.0}, {"x": 197.0, "y": 181.0}, {"x": 172.0, "y": 181.0}]}, "description": "33.75"}, {"boundingPoly": {"vertices": [{"x": 24.0, "y": 194.0}, {"x": 109.0, "y": 194.0}, {"x": 109.0, "y": 204.0}, {"x": 24.0, "y": 205.0}]}, "description": "Balance Due"}, {"boundingPoly": {"vertices": [{"x": 151.0, "y": 192.0}, {"x": 197.0, "y": 192.0}, {"x": 197.0, "y": 203.0}, {"x": 151.0, "y": 203.0}]}, "description": "33.75"}, {"boundingPoly": {"vertices": [{"x": 44.0, "y": 214.0}, {"x": 80.0, "y": 214.0}, {"x": 80.0, "y": 226.0}, {"x": 44.0, "y": 226.0}]}, "description": " Visit the"}, {"boundingPoly": {"vertices": [{"x": 44.0, "y": 225.0}, {"x": 114.0, "y": 225.0}, {"x": 114.0, "y": 237.0}, {"x": 44.0, "y": 237.0}]}, "description": " 11am - 4pm Monday"}, {"boundingPoly": {"vertices": [{"x": 111.0, "y": 237.0}, {"x": 127.0, "y": 237.0}, {"x": 127.0, "y": 248.0}, {"x": 111.0, "y": 248.0}]}, "description": " are"}, {"boundingPoly": {"vertices": [{"x": 82.0, "y": 214.0}, {"x": 92.0, "y": 214.0}, {"x": 92.0, "y": 226.0}, {"x": 82.0, "y": 226.0}]}, "description": " el"}, {"boundingPoly": {"vertices": [{"x": 94.0, "y": 215.0}, {"x": 108.0, "y": 215.0}, {"x": 108.0, "y": 226.0}, {"x": 94.0, "y": 226.0}]}, "description": " Vez"}, {"boundingPoly": {"vertices": [{"x": 110.0, "y": 215.0}, {"x": 143.0, "y": 215.0}, {"x": 143.0, "y": 226.0}, {"x": 110.0, "y": 226.0}]}, "description": " Burrito"}, {"boundingPoly": {"vertices": [{"x": 145.0, "y": 215.0}, {"x": 166.0, "y": 215.0}, {"x": 166.0, "y": 226.0}, {"x": 145.0, "y": 226.0}]}, "description": " Bar!"}, {"boundingPoly": {"vertices": [{"x": 136.0, "y": 227.0}, {"x": 166.0, "y": 227.0}, {"x": 166.0, "y": 238.0}, {"x": 136.0, "y": 238.0}]}, "description": " Friday"}, {"boundingPoly": {"vertices": [{"x": 128.0, "y": 237.0}, {"x": 167.0, "y": 237.0}, {"x": 167.0, "y": 249.0}, {"x": 128.0, "y": 249.0}]}, "description": " ENDLESS!"}, {"boundingPoly": {"vertices": [{"x": 135.0, "y": 257.0}, {"x": 164.0, "y": 258.0}, {"x": 164.0, "y": 276.0}, {"x": 136.0, "y": 275.0}]}, "description": "yo"}, {"boundingPoly": {"vertices": [{"x": 115.0, "y": 226.0}, {"x": 135.0, "y": 226.0}, {"x": 135.0, "y": 237.0}, {"x": 115.0, "y": 237.0}]}, "description": " thru"}, {"boundingPoly": {"vertices": [{"x": 46.0, "y": 234.0}, {"x": 109.0, "y": 234.0}, {"x": 109.0, "y": 247.0}, {"x": 46.0, "y": 247.0}]}, "description": " The possibilites"}]}