{"textAnnotations": [{"boundingPoly": {"vertices": [{"x": 597.0, "y": 353.0}, {"x": 878.0, "y": 357.0}, {"x": 877.0, "y": 399.0}, {"x": 597.0, "y": 395.0}]}, "description": "merchant name"}, {"boundingPoly": {"vertices": [{"x": 552.0, "y": 402.0}, {"x": 923.0, "y": 407.0}, {"x": 923.0, "y": 453.0}, {"x": 551.0, "y": 449.0}]}, "description": "merchant address"}, {"boundingPoly": {"vertices": [{"x": 316.0, "y": 452.0}, {"x": 1157.0, "y": 462.0}, {"x": 1156.0, "y": 514.0}, {"x": 315.0, "y": 504.0}]}, "description": "merchant address"}, {"boundingPoly": {"vertices": [{"x": 170.0, "y": 620.0}, {"x": 372.0, "y": 620.0}, {"x": 372.0, "y": 672.0}, {"x": 170.0, "y": 672.0}]}, "description": " Check #:"}, {"boundingPoly": {"vertices": [{"x": 168.0, "y": 680.0}, {"x": 344.0, "y": 680.0}, {"x": 344.0, "y": 730.0}, {"x": 168.0, "y": 730.0}]}, "description": " Server:"}, {"boundingPoly": {"vertices": [{"x": 169.0, "y": 735.0}, {"x": 319.0, "y": 735.0}, {"x": 319.0, "y": 786.0}, {"x": 169.0, "y": 786.0}]}, "description": " Table:"}, {"boundingPoly": {"vertices": [{"x": 378.0, "y": 623.0}, {"x": 483.0, "y": 623.0}, {"x": 483.0, "y": 674.0}, {"x": 378.0, "y": 674.0}]}, "description": " 9627"}, {"boundingPoly": {"vertices": [{"x": 353.0, "y": 681.0}, {"x": 504.0, "y": 681.0}, {"x": 504.0, "y": 735.0}, {"x": 353.0, "y": 735.0}]}, "description": " Bar B."}, {"boundingPoly": {"vertices": [{"x": 328.0, "y": 738.0}, {"x": 413.0, "y": 738.0}, {"x": 413.0, "y": 788.0}, {"x": 328.0, "y": 788.0}]}, "description": " B10"}, {"boundingPoly": {"vertices": [{"x": 1110.0, "y": 631.0}, {"x": 1301.0, "y": 633.0}, {"x": 1300.0, "y": 684.0}, {"x": 1109.0, "y": 683.0}]}, "description": "11/14/19"}, {"boundingPoly": {"vertices": [{"x": 1149.0, "y": 690.0}, {"x": 1298.0, "y": 690.0}, {"x": 1298.0, "y": 742.0}, {"x": 1149.0, "y": 742.0}]}, "description": " 6:39pm"}, {"boundingPoly": {"vertices": [{"x": 1082.0, "y": 751.0}, {"x": 1262.0, "y": 751.0}, {"x": 1262.0, "y": 796.0}, {"x": 1082.0, "y": 796.0}]}, "description": " Guests:"}, {"boundingPoly": {"vertices": [{"x": 1269.0, "y": 752.0}, {"x": 1294.0, "y": 752.0}, {"x": 1294.0, "y": 796.0}, {"x": 1269.0, "y": 796.0}]}, "description": " 1"}, {"boundingPoly": {"vertices": [{"x": 168.0, "y": 851.0}, {"x": 202.0, "y": 851.0}, {"x": 202.0, "y": 902.0}, {"x": 168.0, "y": 902.0}]}, "description": " 1"}, {"boundingPoly": {"vertices": [{"x": 167.0, "y": 907.0}, {"x": 195.0, "y": 907.0}, {"x": 195.0, "y": 959.0}, {"x": 167.0, "y": 959.0}]}, "description": " 1"}, {"boundingPoly": {"vertices": [{"x": 166.0, "y": 968.0}, {"x": 196.0, "y": 968.0}, {"x": 196.0, "y": 1018.0}, {"x": 166.0, "y": 1018.0}]}, "description": " 1"}, {"boundingPoly": {"vertices": [{"x": 166.0, "y": 1027.0}, {"x": 196.0, "y": 1027.0}, {"x": 196.0, "y": 1077.0}, {"x": 166.0, "y": 1077.0}]}, "description": " 1"}, {"boundingPoly": {"vertices": [{"x": 164.0, "y": 1084.0}, {"x": 854.0, "y": 1084.0}, {"x": 854.0, "y": 1136.0}, {"x": 164.0, "y": 1135.0}]}, "description": "1 Marshmallow Root Herbal Tea"}, {"boundingPoly": {"vertices": [{"x": 211.0, "y": 852.0}, {"x": 782.0, "y": 852.0}, {"x": 782.0, "y": 913.0}, {"x": 211.0, "y": 913.0}]}, "description": " Taiwanese Style Eggplant"}, {"boundingPoly": {"vertices": [{"x": 1149.0, "y": 863.0}, {"x": 1299.0, "y": 860.0}, {"x": 1300.0, "y": 909.0}, {"x": 1150.0, "y": 912.0}]}, "description": "$16.00"}, {"boundingPoly": {"vertices": [{"x": 204.0, "y": 908.0}, {"x": 457.0, "y": 908.0}, {"x": 457.0, "y": 962.0}, {"x": 204.0, "y": 962.0}]}, "description": " White Rice"}, {"boundingPoly": {"vertices": [{"x": 205.0, "y": 968.0}, {"x": 432.0, "y": 968.0}, {"x": 432.0, "y": 1019.0}, {"x": 205.0, "y": 1019.0}]}, "description": " Shui Jiao"}, {"boundingPoly": {"vertices": [{"x": 205.0, "y": 1028.0}, {"x": 503.0, "y": 1028.0}, {"x": 503.0, "y": 1080.0}, {"x": 205.0, "y": 1080.0}]}, "description": " Frozen Honey"}, {"boundingPoly": {"vertices": [{"x": 1152.0, "y": 976.0}, {"x": 1297.0, "y": 975.0}, {"x": 1298.0, "y": 1023.0}, {"x": 1152.0, "y": 1026.0}]}, "description": "$18.00"}, {"boundingPoly": {"vertices": [{"x": 1154.0, "y": 1034.0}, {"x": 1298.0, "y": 1034.0}, {"x": 1300.0, "y": 1081.0}, {"x": 1154.0, "y": 1083.0}]}, "description": "$13.00"}, {"boundingPoly": {"vertices": [{"x": 1177.0, "y": 1093.0}, {"x": 1299.0, "y": 1094.0}, {"x": 1299.0, "y": 1140.0}, {"x": 1177.0, "y": 1141.0}]}, "description": "$5.00"}, {"boundingPoly": {"vertices": [{"x": 160.0, "y": 1201.0}, {"x": 375.0, "y": 1201.0}, {"x": 374.0, "y": 1252.0}, {"x": 160.0, "y": 1251.0}]}, "description": "Sub-total"}, {"boundingPoly": {"vertices": [{"x": 159.0, "y": 1260.0}, {"x": 639.0, "y": 1264.0}, {"x": 639.0, "y": 1315.0}, {"x": 158.0, "y": 1311.0}]}, "description": "SF Mandate Surcharge"}, {"boundingPoly": {"vertices": [{"x": 159.0, "y": 1318.0}, {"x": 381.0, "y": 1320.0}, {"x": 380.0, "y": 1372.0}, {"x": 158.0, "y": 1369.0}]}, "description": "Total Tax"}, {"boundingPoly": {"vertices": [{"x": 161.0, "y": 1379.0}, {"x": 281.0, "y": 1379.0}, {"x": 278.0, "y": 1429.0}, {"x": 161.0, "y": 1427.0}]}, "description": "TOTAL"}, {"boundingPoly": {"vertices": [{"x": 1156.0, "y": 1208.0}, {"x": 1301.0, "y": 1207.0}, {"x": 1301.0, "y": 1255.0}, {"x": 1160.0, "y": 1258.0}]}, "description": "$52.00"}, {"boundingPoly": {"vertices": [{"x": 1180.0, "y": 1270.0}, {"x": 1303.0, "y": 1266.0}, {"x": 1301.0, "y": 1314.0}, {"x": 1180.0, "y": 1318.0}]}, "description": "$2.60"}, {"boundingPoly": {"vertices": [{"x": 1181.0, "y": 1327.0}, {"x": 1305.0, "y": 1326.0}, {"x": 1305.0, "y": 1373.0}, {"x": 1181.0, "y": 1375.0}]}, "description": "$4.64"}, {"boundingPoly": {"vertices": [{"x": 1159.0, "y": 1384.0}, {"x": 1305.0, "y": 1383.0}, {"x": 1304.0, "y": 1431.0}, {"x": 1158.0, "y": 1434.0}]}, "description": "$59.24"}, {"boundingPoly": {"vertices": [{"x": 158.0, "y": 1495.0}, {"x": 424.0, "y": 1498.0}, {"x": 423.0, "y": 1549.0}, {"x": 158.0, "y": 1546.0}]}, "description": "Balance Due"}, {"boundingPoly": {"vertices": [{"x": 1157.0, "y": 1502.0}, {"x": 1304.0, "y": 1498.0}, {"x": 1304.0, "y": 1548.0}, {"x": 1160.0, "y": 1552.0}]}, "description": "$59.24"}, {"boundingPoly": {"vertices": [{"x": 547.0, "y": 1621.0}, {"x": 909.0, "y": 1621.0}, {"x": 909.0, "y": 1676.0}, {"x": 547.0, "y": 1676.0}]}, "description": " Suggested Tips:"}, {"boundingPoly": {"vertices": [{"x": 602.0, "y": 1678.0}, {"x": 864.0, "y": 1678.0}, {"x": 864.0, "y": 1730.0}, {"x": 602.0, "y": 1730.0}]}, "description": "18% = $9.36"}, {"boundingPoly": {"vertices": [{"x": 584.0, "y": 1738.0}, {"x": 876.0, "y": 1738.0}, {"x": 876.0, "y": 1789.0}, {"x": 584.0, "y": 1788.0}]}, "description": "20% = $10.40"}, {"boundingPoly": {"vertices": [{"x": 584.0, "y": 1797.0}, {"x": 880.0, "y": 1798.0}, {"x": 879.0, "y": 1848.0}, {"x": 583.0, "y": 1847.0}]}, "description": "22% = $11.44"}]}