{"textAnnotations": [{"boundingPoly": {"vertices": [{"x": 389.0, "y": 414.0}, {"x": 614.0, "y": 413.0}, {"x": 615.0, "y": 439.0}, {"x": 389.0, "y": 440.0}]}, "description": "merchant name"}, {"boundingPoly": {"vertices": [{"x": 415.0, "y": 453.0}, {"x": 439.0, "y": 455.0}, {"x": 438.0, "y": 465.0}, {"x": 414.0, "y": 464.0}]}, "description": "Table"}, {"boundingPoly": {"vertices": [{"x": 133.0, "y": 442.0}, {"x": 218.0, "y": 445.0}, {"x": 218.0, "y": 468.0}, {"x": 132.0, "y": 466.0}]}, "description": "merchant name"}, {"boundingPoly": {"vertices": [{"x": 120.0, "y": 470.0}, {"x": 228.0, "y": 473.0}, {"x": 227.0, "y": 495.0}, {"x": 119.0, "y": 492.0}]}, "description": "merchant address"}, {"boundingPoly": {"vertices": [{"x": 116.0, "y": 496.0}, {"x": 225.0, "y": 498.0}, {"x": 224.0, "y": 522.0}, {"x": 115.0, "y": 520.0}]}, "description": "merchant address"}, {"boundingPoly": {"vertices": [{"x": 129.0, "y": 525.0}, {"x": 219.0, "y": 525.0}, {"x": 219.0, "y": 551.0}, {"x": 129.0, "y": 551.0}]}, "description": "merchant phone"}, {"boundingPoly": {"vertices": [{"x": 67.0, "y": 554.0}, {"x": 204.0, "y": 554.0}, {"x": 204.0, "y": 577.0}, {"x": 67.0, "y": 577.0}]}, "description": " Terminal 10 16:4/117"}, {"boundingPoly": {"vertices": [{"x": 69.0, "y": 580.0}, {"x": 129.0, "y": 579.0}, {"x": 128.0, "y": 601.0}, {"x": 69.0, "y": 602.0}]}, "description": "11/21/19"}, {"boundingPoly": {"vertices": [{"x": 69.0, "y": 606.0}, {"x": 129.0, "y": 606.0}, {"x": 129.0, "y": 629.0}, {"x": 69.0, "y": 629.0}]}, "description": " SERVER #:"}, {"boundingPoly": {"vertices": [{"x": 67.0, "y": 631.0}, {"x": 181.0, "y": 631.0}, {"x": 181.0, "y": 655.0}, {"x": 67.0, "y": 655.0}]}, "description": " AMERICAN EXPRESS -"}, {"boundingPoly": {"vertices": [{"x": 117.0, "y": 657.0}, {"x": 225.0, "y": 657.0}, {"x": 225.0, "y": 679.0}, {"x": 117.0, "y": 679.0}]}, "description": " *********** 1006."}, {"boundingPoly": {"vertices": [{"x": 68.0, "y": 685.0}, {"x": 143.0, "y": 684.0}, {"x": 144.0, "y": 706.0}, {"x": 68.0, "y": 707.0}]}, "description": "CREDIT SALE"}, {"boundingPoly": {"vertices": [{"x": 96.0, "y": 709.0}, {"x": 239.0, "y": 709.0}, {"x": 239.0, "y": 737.0}, {"x": 96.0, "y": 737.0}]}, "description": " 932540157518 REF #:"}, {"boundingPoly": {"vertices": [{"x": 233.0, "y": 736.0}, {"x": 276.0, "y": 736.0}, {"x": 276.0, "y": 760.0}, {"x": 233.0, "y": 760.0}]}, "description": " 192856"}, {"boundingPoly": {"vertices": [{"x": 234.0, "y": 762.0}, {"x": 277.0, "y": 762.0}, {"x": 277.0, "y": 784.0}, {"x": 233.0, "y": 785.0}]}, "description": "344.95"}, {"boundingPoly": {"vertices": [{"x": 367.0, "y": 454.0}, {"x": 390.0, "y": 454.0}, {"x": 389.0, "y": 465.0}, {"x": 366.0, "y": 464.0}]}, "description": "Date"}, {"boundingPoly": {"vertices": [{"x": 461.0, "y": 456.0}, {"x": 495.0, "y": 455.0}, {"x": 496.0, "y": 465.0}, {"x": 461.0, "y": 466.0}]}, "description": "Guests"}, {"boundingPoly": {"vertices": [{"x": 512.0, "y": 454.0}, {"x": 543.0, "y": 453.0}, {"x": 543.0, "y": 464.0}, {"x": 512.0, "y": 465.0}]}, "description": "Server"}, {"boundingPoly": {"vertices": [{"x": 564.0, "y": 458.0}, {"x": 640.0, "y": 457.0}, {"x": 640.0, "y": 486.0}, {"x": 564.0, "y": 487.0}]}, "description": "52833"}, {"boundingPoly": {"vertices": [{"x": 356.0, "y": 491.0}, {"x": 652.0, "y": 490.0}, {"x": 652.0, "y": 508.0}, {"x": 356.0, "y": 509.0}]}, "description": "APPT-SOUP/SAL-ENTREE-VEG/POT-DESSERT-BEV"}, {"boundingPoly": {"vertices": [{"x": 528.0, "y": 508.0}, {"x": 616.0, "y": 508.0}, {"x": 617.0, "y": 531.0}, {"x": 528.0, "y": 533.0}]}, "description": "MANEL"}, {"boundingPoly": {"vertices": [{"x": 347.0, "y": 546.0}, {"x": 442.0, "y": 505.0}, {"x": 459.0, "y": 537.0}, {"x": 358.0, "y": 579.0}]}, "description": "yu. 95"}, {"boundingPoly": {"vertices": [{"x": 434.0, "y": 618.0}, {"x": 590.0, "y": 625.0}, {"x": 588.0, "y": 661.0}, {"x": 433.0, "y": 652.0}]}, "description": "Chi vindalo"}, {"boundingPoly": {"vertices": [{"x": 444.0, "y": 672.0}, {"x": 504.0, "y": 672.0}, {"x": 504.0, "y": 712.0}, {"x": 444.0, "y": 712.0}]}, "description": " Chi"}, {"boundingPoly": {"vertices": [{"x": 218.0, "y": 579.0}, {"x": 278.0, "y": 579.0}, {"x": 278.0, "y": 601.0}, {"x": 218.0, "y": 601.0}]}, "description": " 10:25 PM"}, {"boundingPoly": {"vertices": [{"x": 427.0, "y": 559.0}, {"x": 563.0, "y": 568.0}, {"x": 560.0, "y": 600.0}, {"x": 425.0, "y": 590.0}]}, "description": "Chrcurry"}, {"boundingPoly": {"vertices": [{"x": 133.0, "y": 606.0}, {"x": 146.0, "y": 606.0}, {"x": 146.0, "y": 627.0}, {"x": 133.0, "y": 627.0}]}, "description": " 1"}, {"boundingPoly": {"vertices": [{"x": 185.0, "y": 630.0}, {"x": 230.0, "y": 630.0}, {"x": 230.0, "y": 653.0}, {"x": 185.0, "y": 653.0}]}, "description": " MANUAL"}, {"boundingPoly": {"vertices": [{"x": 67.0, "y": 659.0}, {"x": 114.0, "y": 659.0}, {"x": 114.0, "y": 681.0}, {"x": 67.0, "y": 681.0}]}, "description": " ACCT #:"}, {"boundingPoly": {"vertices": [{"x": 510.0, "y": 676.0}, {"x": 594.0, "y": 676.0}, {"x": 594.0, "y": 718.0}, {"x": 510.0, "y": 718.0}]}, "description": " Buten"}, {"boundingPoly": {"vertices": [{"x": 68.0, "y": 713.0}, {"x": 92.0, "y": 713.0}, {"x": 92.0, "y": 738.0}, {"x": 68.0, "y": 738.0}]}, "description": " UID:"}, {"boundingPoly": {"vertices": [{"x": 65.0, "y": 742.0}, {"x": 118.0, "y": 742.0}, {"x": 118.0, "y": 765.0}, {"x": 65.0, "y": 765.0}]}, "description": " BATCH #:"}, {"boundingPoly": {"vertices": [{"x": 66.0, "y": 770.0}, {"x": 109.0, "y": 769.0}, {"x": 109.0, "y": 792.0}, {"x": 67.0, "y": 792.0}]}, "description": "AMOUNT"}, {"boundingPoly": {"vertices": [{"x": 244.0, "y": 707.0}, {"x": 277.0, "y": 707.0}, {"x": 277.0, "y": 732.0}, {"x": 244.0, "y": 732.0}]}, "description": " 0516"}, {"boundingPoly": {"vertices": [{"x": 123.0, "y": 741.0}, {"x": 149.0, "y": 741.0}, {"x": 149.0, "y": 764.0}, {"x": 123.0, "y": 764.0}]}, "description": " 223"}, {"boundingPoly": {"vertices": [{"x": 180.0, "y": 738.0}, {"x": 207.0, "y": 738.0}, {"x": 207.0, "y": 761.0}, {"x": 180.0, "y": 761.0}]}, "description": " AUTH"}, {"boundingPoly": {"vertices": [{"x": 211.0, "y": 737.0}, {"x": 229.0, "y": 737.0}, {"x": 229.0, "y": 760.0}, {"x": 211.0, "y": 760.0}]}, "description": " #"}, {"boundingPoly": {"vertices": [{"x": 443.0, "y": 766.0}, {"x": 523.0, "y": 766.0}, {"x": 523.0, "y": 804.0}, {"x": 443.0, "y": 804.0}]}, "description": " Gall"}, {"boundingPoly": {"vertices": [{"x": 480.0, "y": 815.0}, {"x": 532.0, "y": 806.0}, {"x": 538.0, "y": 840.0}, {"x": 485.0, "y": 848.0}]}, "description": "121"}, {"boundingPoly": {"vertices": [{"x": 530.0, "y": 770.0}, {"x": 597.0, "y": 770.0}, {"x": 597.0, "y": 806.0}, {"x": 530.0, "y": 806.0}]}, "description": " nan"}, {"boundingPoly": {"vertices": [{"x": 67.0, "y": 812.0}, {"x": 90.0, "y": 812.0}, {"x": 89.0, "y": 836.0}, {"x": 66.0, "y": 835.0}]}, "description": "TIP"}, {"boundingPoly": {"vertices": [{"x": 66.0, "y": 855.0}, {"x": 100.0, "y": 854.0}, {"x": 99.0, "y": 878.0}, {"x": 65.0, "y": 878.0}]}, "description": "TOTAL"}, {"boundingPoly": {"vertices": [{"x": 117.0, "y": 884.0}, {"x": 222.0, "y": 882.0}, {"x": 223.0, "y": 905.0}, {"x": 117.0, "y": 907.0}]}, "description": "APPROVED"}, {"boundingPoly": {"vertices": [{"x": 122.0, "y": 915.0}, {"x": 212.0, "y": 911.0}, {"x": 213.0, "y": 935.0}, {"x": 122.0, "y": 939.0}]}, "description": "CUSTOMER COPY"}, {"boundingPoly": {"vertices": [{"x": 360.0, "y": 877.0}, {"x": 428.0, "y": 825.0}, {"x": 449.0, "y": 852.0}, {"x": 381.0, "y": 905.0}]}, "description": "Room"}, {"boundingPoly": {"vertices": [{"x": 403.0, "y": 956.0}, {"x": 598.0, "y": 903.0}, {"x": 608.0, "y": 938.0}, {"x": 410.0, "y": 991.0}]}, "description": "Home and said"}, {"boundingPoly": {"vertices": [{"x": 466.0, "y": 917.0}, {"x": 536.0, "y": 894.0}, {"x": 544.0, "y": 918.0}, {"x": 473.0, "y": 941.0}]}, "description": "Wind"}]}