{"textAnnotations": [{"boundingPoly": {"vertices": [{"x": 447.0, "y": 329.0}, {"x": 1105.0, "y": 336.0}, {"x": 1104.0, "y": 415.0}, {"x": 446.0, "y": 408.0}]}, "description": "merchant name"}, {"boundingPoly": {"vertices": [{"x": 598.0, "y": 447.0}, {"x": 965.0, "y": 448.0}, {"x": 965.0, "y": 486.0}, {"x": 598.0, "y": 485.0}]}, "description": "merchant address"}, {"boundingPoly": {"vertices": [{"x": 745.0, "y": 488.0}, {"x": 820.0, "y": 490.0}, {"x": 820.0, "y": 527.0}, {"x": 745.0, "y": 525.0}]}, "description": "merchant address"}, {"boundingPoly": {"vertices": [{"x": 583.0, "y": 531.0}, {"x": 978.0, "y": 531.0}, {"x": 978.0, "y": 571.0}, {"x": 583.0, "y": 570.0}]}, "description": "merchant address"}, {"boundingPoly": {"vertices": [{"x": 611.0, "y": 575.0}, {"x": 952.0, "y": 574.0}, {"x": 952.0, "y": 613.0}, {"x": 611.0, "y": 615.0}]}, "description": "merchant phone"}, {"boundingPoly": {"vertices": [{"x": 394.0, "y": 666.0}, {"x": 575.0, "y": 663.0}, {"x": 576.0, "y": 704.0}, {"x": 394.0, "y": 708.0}]}, "description": "11/14/2019"}, {"boundingPoly": {"vertices": [{"x": 572.0, "y": 706.0}, {"x": 812.0, "y": 706.0}, {"x": 812.0, "y": 750.0}, {"x": 572.0, "y": 750.0}]}, "description": " 1142194964517"}, {"boundingPoly": {"vertices": [{"x": 394.0, "y": 755.0}, {"x": 703.0, "y": 755.0}, {"x": 703.0, "y": 796.0}, {"x": 394.0, "y": 796.0}]}, "description": "Stay#66 - To Stay"}, {"boundingPoly": {"vertices": [{"x": 959.0, "y": 649.0}, {"x": 1173.0, "y": 649.0}, {"x": 1173.0, "y": 697.0}, {"x": 959.0, "y": 697.0}]}, "description": " 12:03:21 PM"}, {"boundingPoly": {"vertices": [{"x": 394.0, "y": 710.0}, {"x": 564.0, "y": 710.0}, {"x": 564.0, "y": 752.0}, {"x": 394.0, "y": 752.0}]}, "description": " Order Id:"}, {"boundingPoly": {"vertices": [{"x": 435.0, "y": 842.0}, {"x": 461.0, "y": 842.0}, {"x": 461.0, "y": 883.0}, {"x": 435.0, "y": 883.0}]}, "description": " 1"}, {"boundingPoly": {"vertices": [{"x": 468.0, "y": 841.0}, {"x": 672.0, "y": 841.0}, {"x": 672.0, "y": 883.0}, {"x": 468.0, "y": 883.0}]}, "description": " TRY 2 COMBO"}, {"boundingPoly": {"vertices": [{"x": 1068.0, "y": 835.0}, {"x": 1167.0, "y": 833.0}, {"x": 1165.0, "y": 868.0}, {"x": 1069.0, "y": 871.0}]}, "description": "$9.99"}, {"boundingPoly": {"vertices": [{"x": 1061.0, "y": 876.0}, {"x": 1163.0, "y": 875.0}, {"x": 1164.0, "y": 909.0}, {"x": 1061.0, "y": 910.0}]}, "description": "$1.00"}, {"boundingPoly": {"vertices": [{"x": 1064.0, "y": 915.0}, {"x": 1161.0, "y": 915.0}, {"x": 1162.0, "y": 949.0}, {"x": 1066.0, "y": 950.0}]}, "description": "$9.99"}, {"boundingPoly": {"vertices": [{"x": 1063.0, "y": 955.0}, {"x": 1161.0, "y": 954.0}, {"x": 1161.0, "y": 990.0}, {"x": 1065.0, "y": 990.0}]}, "description": "$7.49"}, {"boundingPoly": {"vertices": [{"x": 490.0, "y": 886.0}, {"x": 892.0, "y": 876.0}, {"x": 893.0, "y": 912.0}, {"x": 491.0, "y": 924.0}]}, "description": "Combo Steak & Chs Sand"}, {"boundingPoly": {"vertices": [{"x": 471.0, "y": 925.0}, {"x": 678.0, "y": 925.0}, {"x": 678.0, "y": 969.0}, {"x": 471.0, "y": 969.0}]}, "description": " TRY 2 COMBO"}, {"boundingPoly": {"vertices": [{"x": 437.0, "y": 930.0}, {"x": 465.0, "y": 930.0}, {"x": 465.0, "y": 970.0}, {"x": 437.0, "y": 970.0}]}, "description": " 1"}, {"boundingPoly": {"vertices": [{"x": 439.0, "y": 973.0}, {"x": 464.0, "y": 973.0}, {"x": 464.0, "y": 1013.0}, {"x": 439.0, "y": 1013.0}]}, "description": " 1"}, {"boundingPoly": {"vertices": [{"x": 470.0, "y": 959.0}, {"x": 893.0, "y": 959.0}, {"x": 893.0, "y": 1012.0}, {"x": 470.0, "y": 1012.0}]}, "description": " Steak & Cheese Sandwich"}, {"boundingPoly": {"vertices": [{"x": 404.0, "y": 1060.0}, {"x": 568.0, "y": 1058.0}, {"x": 568.0, "y": 1096.0}, {"x": 405.0, "y": 1099.0}]}, "description": "Sub Total"}, {"boundingPoly": {"vertices": [{"x": 1048.0, "y": 1041.0}, {"x": 1160.0, "y": 1038.0}, {"x": 1161.0, "y": 1078.0}, {"x": 1049.0, "y": 1081.0}]}, "description": "$28.47"}, {"boundingPoly": {"vertices": [{"x": 402.0, "y": 1150.0}, {"x": 574.0, "y": 1149.0}, {"x": 574.0, "y": 1185.0}, {"x": 403.0, "y": 1187.0}]}, "description": "Sales Tax"}, {"boundingPoly": {"vertices": [{"x": 403.0, "y": 1196.0}, {"x": 607.0, "y": 1187.0}, {"x": 609.0, "y": 1224.0}, {"x": 404.0, "y": 1234.0}]}, "description": "Order Total"}, {"boundingPoly": {"vertices": [{"x": 1069.0, "y": 1128.0}, {"x": 1166.0, "y": 1125.0}, {"x": 1170.0, "y": 1163.0}, {"x": 1071.0, "y": 1167.0}]}, "description": "$2.35"}, {"boundingPoly": {"vertices": [{"x": 1052.0, "y": 1172.0}, {"x": 1167.0, "y": 1171.0}, {"x": 1168.0, "y": 1208.0}, {"x": 1052.0, "y": 1209.0}]}, "description": "$30.82"}, {"boundingPoly": {"vertices": [{"x": 403.0, "y": 1280.0}, {"x": 702.0, "y": 1272.0}, {"x": 703.0, "y": 1309.0}, {"x": 404.0, "y": 1317.0}]}, "description": "American Express"}, {"boundingPoly": {"vertices": [{"x": 481.0, "y": 1317.0}, {"x": 599.0, "y": 1317.0}, {"x": 599.0, "y": 1361.0}, {"x": 481.0, "y": 1361.0}]}, "description": " Card#:"}, {"boundingPoly": {"vertices": [{"x": 1053.0, "y": 1257.0}, {"x": 1168.0, "y": 1257.0}, {"x": 1168.0, "y": 1296.0}, {"x": 1055.0, "y": 1296.0}]}, "description": "$30.82"}, {"boundingPoly": {"vertices": [{"x": 604.0, "y": 1304.0}, {"x": 879.0, "y": 1304.0}, {"x": 879.0, "y": 1353.0}, {"x": 604.0, "y": 1353.0}]}, "description": " *********** 2006"}, {"boundingPoly": {"vertices": [{"x": 484.0, "y": 1353.0}, {"x": 743.0, "y": 1353.0}, {"x": 743.0, "y": 1403.0}, {"x": 484.0, "y": 1403.0}]}, "description": " Authorization:"}, {"boundingPoly": {"vertices": [{"x": 750.0, "y": 1347.0}, {"x": 861.0, "y": 1347.0}, {"x": 861.0, "y": 1393.0}, {"x": 750.0, "y": 1393.0}]}, "description": " 804243"}, {"boundingPoly": {"vertices": [{"x": 620.0, "y": 1477.0}, {"x": 912.0, "y": 1477.0}, {"x": 912.0, "y": 1527.0}, {"x": 620.0, "y": 1527.0}]}, "description": " -- > Order Closed"}, {"boundingPoly": {"vertices": [{"x": 489.0, "y": 1583.0}, {"x": 1108.0, "y": 1558.0}, {"x": 1109.0, "y": 1600.0}, {"x": 491.0, "y": 1627.0}]}, "description": "Thank You For Visiting Cafe Zupas!"}, {"boundingPoly": {"vertices": [{"x": 412.0, "y": 1670.0}, {"x": 1178.0, "y": 1651.0}, {"x": 1179.0, "y": 1685.0}, {"x": 413.0, "y": 1711.0}]}, "description": "******************************************"}, {"boundingPoly": {"vertices": [{"x": 917.0, "y": 1474.0}, {"x": 974.0, "y": 1474.0}, {"x": 974.0, "y": 1516.0}, {"x": 917.0, "y": 1516.0}]}, "description": " < --"}, {"boundingPoly": {"vertices": [{"x": 668.0, "y": 1701.0}, {"x": 939.0, "y": 1693.0}, {"x": 940.0, "y": 1731.0}, {"x": 669.0, "y": 1741.0}]}, "description": "Loyalty Summary"}, {"boundingPoly": {"vertices": [{"x": 678.0, "y": 1896.0}, {"x": 935.0, "y": 1893.0}, {"x": 935.0, "y": 1936.0}, {"x": 678.0, "y": 1939.0}]}, "description": "2380384679930"}, {"boundingPoly": {"vertices": [{"x": 422.0, "y": 1980.0}, {"x": 1178.0, "y": 1983.0}, {"x": 1177.0, "y": 2035.0}, {"x": 422.0, "y": 2030.0}]}, "description": "******************************************"}]}