{"textAnnotations": [{"boundingPoly": {"vertices": [{"x": 340.0, "y": 203.0}, {"x": 600.0, "y": 202.0}, {"x": 600.0, "y": 226.0}, {"x": 340.0, "y": 230.0}]}, "description": "Thank You For Visiting the"}, {"boundingPoly": {"vertices": [{"x": 389.0, "y": 241.0}, {"x": 554.0, "y": 243.0}, {"x": 554.0, "y": 265.0}, {"x": 389.0, "y": 263.0}]}, "description": "Matthew Fraysier"}, {"boundingPoly": {"vertices": [{"x": 399.0, "y": 280.0}, {"x": 544.0, "y": 281.0}, {"x": 544.0, "y": 306.0}, {"x": 399.0, "y": 305.0}]}, "description": "merchant phone"}, {"boundingPoly": {"vertices": [{"x": 359.0, "y": 323.0}, {"x": 599.0, "y": 324.0}, {"x": 598.0, "y": 350.0}, {"x": 359.0, "y": 348.0}]}, "description": "Text @LTF11479 to 73940"}, {"boundingPoly": {"vertices": [{"x": 343.0, "y": 222.0}, {"x": 599.0, "y": 222.0}, {"x": 599.0, "y": 247.0}, {"x": 343.0, "y": 246.0}]}, "description": "merchant name"}, {"boundingPoly": {"vertices": [{"x": 395.0, "y": 261.0}, {"x": 550.0, "y": 264.0}, {"x": 550.0, "y": 286.0}, {"x": 395.0, "y": 283.0}]}, "description": "General Manager"}, {"boundingPoly": {"vertices": [{"x": 360.0, "y": 302.0}, {"x": 593.0, "y": 305.0}, {"x": 592.0, "y": 328.0}, {"x": 360.0, "y": 325.0}]}, "description": "We Love Your Feedback!"}, {"boundingPoly": {"vertices": [{"x": 273.0, "y": 391.0}, {"x": 288.0, "y": 391.0}, {"x": 288.0, "y": 412.0}, {"x": 273.0, "y": 412.0}]}, "description": " 2"}, {"boundingPoly": {"vertices": [{"x": 292.0, "y": 387.0}, {"x": 462.0, "y": 387.0}, {"x": 462.0, "y": 411.0}, {"x": 292.0, "y": 411.0}]}, "description": " Low white Omelet"}, {"boundingPoly": {"vertices": [{"x": 658.0, "y": 378.0}, {"x": 691.0, "y": 379.0}, {"x": 690.0, "y": 398.0}, {"x": 657.0, "y": 397.0}]}, "description": "USD"}, {"boundingPoly": {"vertices": [{"x": 651.0, "y": 400.0}, {"x": 693.0, "y": 401.0}, {"x": 692.0, "y": 420.0}, {"x": 651.0, "y": 419.0}]}, "description": "3.99"}, {"boundingPoly": {"vertices": [{"x": 653.0, "y": 424.0}, {"x": 695.0, "y": 424.0}, {"x": 694.0, "y": 443.0}, {"x": 652.0, "y": 442.0}]}, "description": "2.50"}, {"boundingPoly": {"vertices": [{"x": 656.0, "y": 446.0}, {"x": 697.0, "y": 447.0}, {"x": 696.0, "y": 465.0}, {"x": 656.0, "y": 464.0}]}, "description": "0.00"}, {"boundingPoly": {"vertices": [{"x": 656.0, "y": 469.0}, {"x": 699.0, "y": 469.0}, {"x": 698.0, "y": 487.0}, {"x": 656.0, "y": 487.0}]}, "description": "0.00"}, {"boundingPoly": {"vertices": [{"x": 662.0, "y": 489.0}, {"x": 704.0, "y": 489.0}, {"x": 704.0, "y": 508.0}, {"x": 661.0, "y": 507.0}]}, "description": "0.00"}, {"boundingPoly": {"vertices": [{"x": 661.0, "y": 510.0}, {"x": 705.0, "y": 510.0}, {"x": 706.0, "y": 528.0}, {"x": 662.0, "y": 529.0}]}, "description": "0.65"}, {"boundingPoly": {"vertices": [{"x": 271.0, "y": 407.0}, {"x": 465.0, "y": 408.0}, {"x": 465.0, "y": 432.0}, {"x": 271.0, "y": 431.0}]}, "description": "2 Extra Egg Whites"}, {"boundingPoly": {"vertices": [{"x": 270.0, "y": 432.0}, {"x": 371.0, "y": 436.0}, {"x": 370.0, "y": 458.0}, {"x": 269.0, "y": 453.0}]}, "description": "No Cheese"}, {"boundingPoly": {"vertices": [{"x": 274.0, "y": 457.0}, {"x": 341.0, "y": 459.0}, {"x": 340.0, "y": 479.0}, {"x": 274.0, "y": 478.0}]}, "description": "Tomato"}, {"boundingPoly": {"vertices": [{"x": 272.0, "y": 480.0}, {"x": 353.0, "y": 482.0}, {"x": 352.0, "y": 504.0}, {"x": 271.0, "y": 501.0}]}, "description": "Spinach"}, {"boundingPoly": {"vertices": [{"x": 270.0, "y": 503.0}, {"x": 352.0, "y": 505.0}, {"x": 351.0, "y": 525.0}, {"x": 270.0, "y": 522.0}]}, "description": "Peppers"}, {"boundingPoly": {"vertices": [{"x": 273.0, "y": 523.0}, {"x": 344.0, "y": 525.0}, {"x": 343.0, "y": 545.0}, {"x": 273.0, "y": 542.0}]}, "description": "Onions"}, {"boundingPoly": {"vertices": [{"x": 274.0, "y": 544.0}, {"x": 362.0, "y": 545.0}, {"x": 362.0, "y": 565.0}, {"x": 274.0, "y": 564.0}]}, "description": "Broccoli"}, {"boundingPoly": {"vertices": [{"x": 274.0, "y": 568.0}, {"x": 353.0, "y": 568.0}, {"x": 353.0, "y": 589.0}, {"x": 274.0, "y": 589.0}]}, "description": "Avocado"}, {"boundingPoly": {"vertices": [{"x": 275.0, "y": 594.0}, {"x": 472.0, "y": 594.0}, {"x": 472.0, "y": 617.0}, {"x": 275.0, "y": 618.0}]}, "description": "Pork Sausage Patty"}, {"boundingPoly": {"vertices": [{"x": 276.0, "y": 620.0}, {"x": 450.0, "y": 619.0}, {"x": 450.0, "y": 642.0}, {"x": 276.0, "y": 642.0}]}, "description": "Multigrain Toast"}, {"boundingPoly": {"vertices": [{"x": 277.0, "y": 644.0}, {"x": 390.0, "y": 643.0}, {"x": 390.0, "y": 666.0}, {"x": 277.0, "y": 667.0}]}, "description": "US Tea Bag"}, {"boundingPoly": {"vertices": [{"x": 277.0, "y": 668.0}, {"x": 389.0, "y": 667.0}, {"x": 389.0, "y": 689.0}, {"x": 277.0, "y": 690.0}]}, "description": "US Tea Bag"}, {"boundingPoly": {"vertices": [{"x": 275.0, "y": 690.0}, {"x": 500.0, "y": 689.0}, {"x": 500.0, "y": 712.0}, {"x": 275.0, "y": 713.0}]}, "description": "Honey Nut Cheerios C"}, {"boundingPoly": {"vertices": [{"x": 667.0, "y": 555.0}, {"x": 712.0, "y": 554.0}, {"x": 712.0, "y": 571.0}, {"x": 669.0, "y": 571.0}]}, "description": "0.65"}, {"boundingPoly": {"vertices": [{"x": 668.0, "y": 573.0}, {"x": 712.0, "y": 572.0}, {"x": 713.0, "y": 588.0}, {"x": 669.0, "y": 589.0}]}, "description": "0.99"}, {"boundingPoly": {"vertices": [{"x": 671.0, "y": 592.0}, {"x": 716.0, "y": 589.0}, {"x": 716.0, "y": 610.0}, {"x": 673.0, "y": 611.0}]}, "description": "0.65"}, {"boundingPoly": {"vertices": [{"x": 672.0, "y": 618.0}, {"x": 717.0, "y": 615.0}, {"x": 718.0, "y": 635.0}, {"x": 672.0, "y": 636.0}]}, "description": "0.35"}, {"boundingPoly": {"vertices": [{"x": 674.0, "y": 644.0}, {"x": 720.0, "y": 642.0}, {"x": 720.0, "y": 661.0}, {"x": 675.0, "y": 664.0}]}, "description": "0.95"}, {"boundingPoly": {"vertices": [{"x": 674.0, "y": 668.0}, {"x": 720.0, "y": 666.0}, {"x": 720.0, "y": 686.0}, {"x": 675.0, "y": 687.0}]}, "description": "0.95"}, {"boundingPoly": {"vertices": [{"x": 675.0, "y": 692.0}, {"x": 722.0, "y": 691.0}, {"x": 723.0, "y": 710.0}, {"x": 676.0, "y": 712.0}]}, "description": "2.20"}, {"boundingPoly": {"vertices": [{"x": 530.0, "y": 738.0}, {"x": 625.0, "y": 742.0}, {"x": 624.0, "y": 765.0}, {"x": 530.0, "y": 762.0}]}, "description": "Sub Total"}, {"boundingPoly": {"vertices": [{"x": 529.0, "y": 766.0}, {"x": 639.0, "y": 768.0}, {"x": 639.0, "y": 791.0}, {"x": 529.0, "y": 789.0}]}, "description": "Tax Amount"}, {"boundingPoly": {"vertices": [{"x": 670.0, "y": 741.0}, {"x": 724.0, "y": 738.0}, {"x": 724.0, "y": 759.0}, {"x": 671.0, "y": 762.0}]}, "description": "14.53"}, {"boundingPoly": {"vertices": [{"x": 681.0, "y": 766.0}, {"x": 727.0, "y": 764.0}, {"x": 728.0, "y": 785.0}, {"x": 682.0, "y": 788.0}]}, "description": "1.29"}, {"boundingPoly": {"vertices": [{"x": 265.0, "y": 838.0}, {"x": 470.0, "y": 839.0}, {"x": 469.0, "y": 884.0}, {"x": 265.0, "y": 881.0}]}, "description": "Total USD"}, {"boundingPoly": {"vertices": [{"x": 622.0, "y": 841.0}, {"x": 731.0, "y": 838.0}, {"x": 732.0, "y": 887.0}, {"x": 622.0, "y": 890.0}]}, "description": "15.82"}, {"boundingPoly": {"vertices": [{"x": 267.0, "y": 962.0}, {"x": 507.0, "y": 962.0}, {"x": 507.0, "y": 986.0}, {"x": 267.0, "y": 986.0}]}, "description": "5009 AMERICAN EXPRESS"}, {"boundingPoly": {"vertices": [{"x": 680.0, "y": 962.0}, {"x": 734.0, "y": 960.0}, {"x": 735.0, "y": 984.0}, {"x": 680.0, "y": 985.0}]}, "description": "15.82"}, {"boundingPoly": {"vertices": [{"x": 273.0, "y": 1044.0}, {"x": 306.0, "y": 1046.0}, {"x": 304.0, "y": 1067.0}, {"x": 271.0, "y": 1065.0}]}, "description": "Tax"}, {"boundingPoly": {"vertices": [{"x": 273.0, "y": 1069.0}, {"x": 364.0, "y": 1068.0}, {"x": 364.0, "y": 1093.0}, {"x": 273.0, "y": 1095.0}]}, "description": "() 8.875"}, {"boundingPoly": {"vertices": [{"x": 454.0, "y": 1042.0}, {"x": 618.0, "y": 1042.0}, {"x": 618.0, "y": 1069.0}, {"x": 454.0, "y": 1069.0}]}, "description": " Taxable Amount"}, {"boundingPoly": {"vertices": [{"x": 554.0, "y": 1071.0}, {"x": 609.0, "y": 1070.0}, {"x": 610.0, "y": 1091.0}, {"x": 555.0, "y": 1093.0}]}, "description": "14.53"}, {"boundingPoly": {"vertices": [{"x": 626.0, "y": 1041.0}, {"x": 738.0, "y": 1041.0}, {"x": 738.0, "y": 1068.0}, {"x": 626.0, "y": 1068.0}]}, "description": " Tax Amount"}, {"boundingPoly": {"vertices": [{"x": 696.0, "y": 1068.0}, {"x": 740.0, "y": 1066.0}, {"x": 741.0, "y": 1090.0}, {"x": 696.0, "y": 1092.0}]}, "description": "1.29"}, {"boundingPoly": {"vertices": [{"x": 271.0, "y": 1147.0}, {"x": 746.0, "y": 1147.0}, {"x": 746.0, "y": 1182.0}, {"x": 271.0, "y": 1182.0}]}, "description": " 11/13/2019 08:53 AM #:49830 Op:4023 C:111"}, {"boundingPoly": {"vertices": [{"x": 271.0, "y": 1181.0}, {"x": 389.0, "y": 1181.0}, {"x": 389.0, "y": 1208.0}, {"x": 271.0, "y": 1208.0}]}, "description": " 105 S:1111"}, {"boundingPoly": {"vertices": [{"x": 269.0, "y": 1207.0}, {"x": 393.0, "y": 1207.0}, {"x": 393.0, "y": 1232.0}, {"x": 269.0, "y": 1232.0}]}, "description": " Served you"}, {"boundingPoly": {"vertices": [{"x": 398.0, "y": 1201.0}, {"x": 608.0, "y": 1201.0}, {"x": 608.0, "y": 1231.0}, {"x": 398.0, "y": 1231.0}]}, "description": " : Lucrecia Findley"}, {"boundingPoly": {"vertices": [{"x": 376.0, "y": 1318.0}, {"x": 625.0, "y": 1314.0}, {"x": 625.0, "y": 1340.0}, {"x": 376.0, "y": 1343.0}]}, "description": "*** Customer copy ***"}, {"boundingPoly": {"vertices": [{"x": 423.0, "y": 1373.0}, {"x": 590.0, "y": 1370.0}, {"x": 590.0, "y": 1399.0}, {"x": 423.0, "y": 1403.0}]}, "description": "AMEX NY937 (5)"}, {"boundingPoly": {"vertices": [{"x": 280.0, "y": 1409.0}, {"x": 724.0, "y": 1397.0}, {"x": 725.0, "y": 1425.0}, {"x": 281.0, "y": 1438.0}]}, "description": "I agree to pay the above total amount"}, {"boundingPoly": {"vertices": [{"x": 265.0, "y": 1474.0}, {"x": 741.0, "y": 1456.0}, {"x": 742.0, "y": 1483.0}, {"x": 265.0, "y": 1501.0}]}, "description": "agreement. (Merchant agreement if Credit"}, {"boundingPoly": {"vertices": [{"x": 466.0, "y": 1528.0}, {"x": 565.0, "y": 1524.0}, {"x": 566.0, "y": 1551.0}, {"x": 467.0, "y": 1555.0}]}, "description": "records."}, {"boundingPoly": {"vertices": [{"x": 366.0, "y": 1439.0}, {"x": 654.0, "y": 1428.0}, {"x": 655.0, "y": 1456.0}, {"x": 366.0, "y": 1465.0}]}, "description": "according to card issuer"}, {"boundingPoly": {"vertices": [{"x": 306.0, "y": 1501.0}, {"x": 708.0, "y": 1488.0}, {"x": 709.0, "y": 1517.0}, {"x": 306.0, "y": 1530.0}]}, "description": "Voucher)Retain this copy for your"}, {"boundingPoly": {"vertices": [{"x": 264.0, "y": 1593.0}, {"x": 505.0, "y": 1587.0}, {"x": 506.0, "y": 1615.0}, {"x": 265.0, "y": 1621.0}]}, "description": "PURCHASE / APPROVED"}, {"boundingPoly": {"vertices": [{"x": 269.0, "y": 1625.0}, {"x": 469.0, "y": 1618.0}, {"x": 470.0, "y": 1643.0}, {"x": 270.0, "y": 1650.0}]}, "description": "AMERICAN EXPRESS"}, {"boundingPoly": {"vertices": [{"x": 271.0, "y": 1654.0}, {"x": 457.0, "y": 1650.0}, {"x": 458.0, "y": 1672.0}, {"x": 271.0, "y": 1677.0}]}, "description": "*********** 1009"}, {"boundingPoly": {"vertices": [{"x": 271.0, "y": 1682.0}, {"x": 407.0, "y": 1680.0}, {"x": 407.0, "y": 1707.0}, {"x": 271.0, "y": 1708.0}]}, "description": "CHIP READ /"}, {"boundingPoly": {"vertices": [{"x": 273.0, "y": 1735.0}, {"x": 509.0, "y": 1735.0}, {"x": 509.0, "y": 1770.0}, {"x": 273.0, "y": 1770.0}]}, "description": " 2019/11/13 08:54:05"}, {"boundingPoly": {"vertices": [{"x": 276.0, "y": 1770.0}, {"x": 313.0, "y": 1770.0}, {"x": 314.0, "y": 1791.0}, {"x": 276.0, "y": 1791.0}]}, "description": "TID"}, {"boundingPoly": {"vertices": [{"x": 279.0, "y": 1794.0}, {"x": 315.0, "y": 1795.0}, {"x": 314.0, "y": 1814.0}, {"x": 278.0, "y": 1813.0}]}, "description": "MID"}, {"boundingPoly": {"vertices": [{"x": 277.0, "y": 1820.0}, {"x": 394.0, "y": 1821.0}, {"x": 394.0, "y": 1845.0}, {"x": 277.0, "y": 1842.0}]}, "description": "REFERENCE"}, {"boundingPoly": {"vertices": [{"x": 279.0, "y": 1846.0}, {"x": 400.0, "y": 1847.0}, {"x": 399.0, "y": 1873.0}, {"x": 279.0, "y": 1871.0}]}, "description": "AUTH CODE"}, {"boundingPoly": {"vertices": [{"x": 662.0, "y": 1757.0}, {"x": 760.0, "y": 1753.0}, {"x": 761.0, "y": 1778.0}, {"x": 663.0, "y": 1782.0}]}, "description": "**** 6039"}, {"boundingPoly": {"vertices": [{"x": 680.0, "y": 1788.0}, {"x": 763.0, "y": 1785.0}, {"x": 764.0, "y": 1810.0}, {"x": 681.0, "y": 1814.0}]}, "description": "6634459"}, {"boundingPoly": {"vertices": [{"x": 464.0, "y": 1825.0}, {"x": 769.0, "y": 1817.0}, {"x": 770.0, "y": 1843.0}, {"x": 465.0, "y": 1851.0}]}, "description": "S1111T111105#498300335612"}, {"boundingPoly": {"vertices": [{"x": 703.0, "y": 1846.0}, {"x": 776.0, "y": 1844.0}, {"x": 777.0, "y": 1868.0}, {"x": 703.0, "y": 1870.0}]}, "description": "817215"}, {"boundingPoly": {"vertices": [{"x": 281.0, "y": 1910.0}, {"x": 348.0, "y": 1906.0}, {"x": 349.0, "y": 1936.0}, {"x": 283.0, "y": 1940.0}]}, "description": "TOTAL"}, {"boundingPoly": {"vertices": [{"x": 694.0, "y": 1902.0}, {"x": 796.0, "y": 1894.0}, {"x": 798.0, "y": 1919.0}, {"x": 696.0, "y": 1927.0}]}, "description": "USD15.82"}, {"boundingPoly": {"vertices": [{"x": 282.0, "y": 1976.0}, {"x": 347.0, "y": 1976.0}, {"x": 347.0, "y": 2006.0}, {"x": 282.0, "y": 2006.0}]}, "description": " ARC:"}, {"boundingPoly": {"vertices": [{"x": 288.0, "y": 2004.0}, {"x": 349.0, "y": 2004.0}, {"x": 349.0, "y": 2030.0}, {"x": 288.0, "y": 2030.0}]}, "description": " TSI:"}, {"boundingPoly": {"vertices": [{"x": 287.0, "y": 2033.0}, {"x": 347.0, "y": 2033.0}, {"x": 347.0, "y": 2066.0}, {"x": 287.0, "y": 2066.0}]}, "description": " IAD:"}, {"boundingPoly": {"vertices": [{"x": 286.0, "y": 2070.0}, {"x": 352.0, "y": 2070.0}, {"x": 352.0, "y": 2101.0}, {"x": 286.0, "y": 2101.0}]}, "description": " TVR:"}, {"boundingPoly": {"vertices": [{"x": 286.0, "y": 2104.0}, {"x": 469.0, "y": 2104.0}, {"x": 469.0, "y": 2156.0}, {"x": 286.0, "y": 2156.0}]}, "description": " PAN Seq No:"}, {"boundingPoly": {"vertices": [{"x": 351.0, "y": 1974.0}, {"x": 386.0, "y": 1974.0}, {"x": 386.0, "y": 2002.0}, {"x": 351.0, "y": 2002.0}]}, "description": " 00"}, {"boundingPoly": {"vertices": [{"x": 354.0, "y": 2003.0}, {"x": 417.0, "y": 2003.0}, {"x": 417.0, "y": 2029.0}, {"x": 354.0, "y": 2029.0}]}, "description": " F800"}, {"boundingPoly": {"vertices": [{"x": 353.0, "y": 2023.0}, {"x": 559.0, "y": 2023.0}, {"x": 559.0, "y": 2066.0}, {"x": 353.0, "y": 2066.0}]}, "description": " 06600103602002"}, {"boundingPoly": {"vertices": [{"x": 285.0, "y": 2096.0}, {"x": 357.0, "y": 2096.0}, {"x": 357.0, "y": 2129.0}, {"x": 285.0, "y": 2129.0}]}, "description": " AID:"}, {"boundingPoly": {"vertices": [{"x": 356.0, "y": 2053.0}, {"x": 510.0, "y": 2053.0}, {"x": 510.0, "y": 2096.0}, {"x": 356.0, "y": 2096.0}]}, "description": " 0000008000"}, {"boundingPoly": {"vertices": [{"x": 360.0, "y": 2058.0}, {"x": 600.0, "y": 2058.0}, {"x": 600.0, "y": 2122.0}, {"x": 360.0, "y": 2122.0}]}, "description": " A000000025010801"}, {"boundingPoly": {"vertices": [{"x": 471.0, "y": 2096.0}, {"x": 508.0, "y": 2096.0}, {"x": 508.0, "y": 2131.0}, {"x": 471.0, "y": 2131.0}]}, "description": " 00"}]}