{"textAnnotations": [{"boundingPoly": {"vertices": [{"x": 292.0, "y": 28.0}, {"x": 298.0, "y": 106.0}, {"x": 241.0, "y": 105.0}, {"x": 238.0, "y": 31.0}]}, "description": "00"}, {"boundingPoly": {"vertices": [{"x": 565.0, "y": 185.0}, {"x": 989.0, "y": 192.0}, {"x": 988.0, "y": 229.0}, {"x": 564.0, "y": 222.0}]}, "description": "Thank You For Visiting the"}, {"boundingPoly": {"vertices": [{"x": 637.0, "y": 257.0}, {"x": 899.0, "y": 260.0}, {"x": 898.0, "y": 293.0}, {"x": 637.0, "y": 289.0}]}, "description": "Matthew Fraysier"}, {"boundingPoly": {"vertices": [{"x": 641.0, "y": 292.0}, {"x": 891.0, "y": 293.0}, {"x": 891.0, "y": 326.0}, {"x": 641.0, "y": 325.0}]}, "description": "General Manager"}, {"boundingPoly": {"vertices": [{"x": 655.0, "y": 325.0}, {"x": 877.0, "y": 325.0}, {"x": 877.0, "y": 359.0}, {"x": 655.0, "y": 360.0}]}, "description": "merchant phone"}, {"boundingPoly": {"vertices": [{"x": 574.0, "y": 358.0}, {"x": 941.0, "y": 363.0}, {"x": 941.0, "y": 398.0}, {"x": 574.0, "y": 392.0}]}, "description": "We Love Your Feedback!"}, {"boundingPoly": {"vertices": [{"x": 567.0, "y": 224.0}, {"x": 976.0, "y": 227.0}, {"x": 976.0, "y": 261.0}, {"x": 567.0, "y": 257.0}]}, "description": "merchant name"}, {"boundingPoly": {"vertices": [{"x": 574.0, "y": 393.0}, {"x": 951.0, "y": 397.0}, {"x": 951.0, "y": 433.0}, {"x": 573.0, "y": 428.0}]}, "description": "Text @LTF11479 to 73940"}, {"boundingPoly": {"vertices": [{"x": 418.0, "y": 497.0}, {"x": 755.0, "y": 499.0}, {"x": 755.0, "y": 535.0}, {"x": 418.0, "y": 532.0}]}, "description": "Water Aquafina 33.80"}, {"boundingPoly": {"vertices": [{"x": 1047.0, "y": 477.0}, {"x": 1105.0, "y": 478.0}, {"x": 1103.0, "y": 509.0}, {"x": 1045.0, "y": 508.0}]}, "description": "USD"}, {"boundingPoly": {"vertices": [{"x": 1036.0, "y": 510.0}, {"x": 1104.0, "y": 509.0}, {"x": 1102.0, "y": 542.0}, {"x": 1034.0, "y": 543.0}]}, "description": "2.35"}, {"boundingPoly": {"vertices": [{"x": 797.0, "y": 574.0}, {"x": 948.0, "y": 576.0}, {"x": 948.0, "y": 613.0}, {"x": 796.0, "y": 612.0}]}, "description": "Sub Total"}, {"boundingPoly": {"vertices": [{"x": 791.0, "y": 613.0}, {"x": 965.0, "y": 616.0}, {"x": 965.0, "y": 651.0}, {"x": 790.0, "y": 648.0}]}, "description": "Tax Amount"}, {"boundingPoly": {"vertices": [{"x": 1032.0, "y": 582.0}, {"x": 1100.0, "y": 584.0}, {"x": 1097.0, "y": 616.0}, {"x": 1029.0, "y": 615.0}]}, "description": "2.35"}, {"boundingPoly": {"vertices": [{"x": 1030.0, "y": 620.0}, {"x": 1092.0, "y": 621.0}, {"x": 1090.0, "y": 651.0}, {"x": 1028.0, "y": 651.0}]}, "description": "0.21"}, {"boundingPoly": {"vertices": [{"x": 382.0, "y": 713.0}, {"x": 687.0, "y": 715.0}, {"x": 687.0, "y": 782.0}, {"x": 381.0, "y": 780.0}]}, "description": "Total USD"}, {"boundingPoly": {"vertices": [{"x": 944.0, "y": 731.0}, {"x": 1089.0, "y": 730.0}, {"x": 1089.0, "y": 793.0}, {"x": 945.0, "y": 793.0}]}, "description": "2.56"}, {"boundingPoly": {"vertices": [{"x": 355.0, "y": 888.0}, {"x": 730.0, "y": 895.0}, {"x": 729.0, "y": 936.0}, {"x": 354.0, "y": 928.0}]}, "description": "5009 AMERICAN EXPRESS"}, {"boundingPoly": {"vertices": [{"x": 1017.0, "y": 909.0}, {"x": 1087.0, "y": 906.0}, {"x": 1086.0, "y": 942.0}, {"x": 1015.0, "y": 944.0}]}, "description": "2.56"}, {"boundingPoly": {"vertices": [{"x": 358.0, "y": 1012.0}, {"x": 404.0, "y": 1013.0}, {"x": 402.0, "y": 1045.0}, {"x": 356.0, "y": 1045.0}]}, "description": "Tax"}, {"boundingPoly": {"vertices": [{"x": 348.0, "y": 1044.0}, {"x": 488.0, "y": 1048.0}, {"x": 487.0, "y": 1089.0}, {"x": 347.0, "y": 1085.0}]}, "description": "() 8.875"}, {"boundingPoly": {"vertices": [{"x": 628.0, "y": 1015.0}, {"x": 890.0, "y": 1015.0}, {"x": 890.0, "y": 1060.0}, {"x": 628.0, "y": 1060.0}]}, "description": " Taxable Amount"}, {"boundingPoly": {"vertices": [{"x": 808.0, "y": 1064.0}, {"x": 874.0, "y": 1062.0}, {"x": 874.0, "y": 1095.0}, {"x": 808.0, "y": 1097.0}]}, "description": "2.35"}, {"boundingPoly": {"vertices": [{"x": 903.0, "y": 1023.0}, {"x": 1085.0, "y": 1023.0}, {"x": 1085.0, "y": 1066.0}, {"x": 903.0, "y": 1066.0}]}, "description": " Tax Amount"}, {"boundingPoly": {"vertices": [{"x": 1015.0, "y": 1066.0}, {"x": 1078.0, "y": 1066.0}, {"x": 1075.0, "y": 1104.0}, {"x": 1013.0, "y": 1103.0}]}, "description": "0.21"}, {"boundingPoly": {"vertices": [{"x": 332.0, "y": 1167.0}, {"x": 1078.0, "y": 1167.0}, {"x": 1078.0, "y": 1230.0}, {"x": 332.0, "y": 1230.0}]}, "description": " 11/14/2019 01:32 PM #:50529 Op:4023 C:111"}, {"boundingPoly": {"vertices": [{"x": 317.0, "y": 1255.0}, {"x": 513.0, "y": 1255.0}, {"x": 513.0, "y": 1298.0}, {"x": 317.0, "y": 1298.0}]}, "description": " Served you"}, {"boundingPoly": {"vertices": [{"x": 330.0, "y": 1211.0}, {"x": 430.0, "y": 1211.0}, {"x": 430.0, "y": 1253.0}, {"x": 330.0, "y": 1253.0}]}, "description": " 105 S:"}, {"boundingPoly": {"vertices": [{"x": 435.0, "y": 1213.0}, {"x": 527.0, "y": 1213.0}, {"x": 527.0, "y": 1255.0}, {"x": 435.0, "y": 1255.0}]}, "description": " 1111"}, {"boundingPoly": {"vertices": [{"x": 519.0, "y": 1259.0}, {"x": 846.0, "y": 1259.0}, {"x": 846.0, "y": 1308.0}, {"x": 519.0, "y": 1308.0}]}, "description": " : Lucrecia Findley"}, {"boundingPoly": {"vertices": [{"x": 471.0, "y": 1426.0}, {"x": 856.0, "y": 1437.0}, {"x": 855.0, "y": 1471.0}, {"x": 470.0, "y": 1463.0}]}, "description": "*** Customer copy ***"}, {"boundingPoly": {"vertices": [{"x": 537.0, "y": 1513.0}, {"x": 802.0, "y": 1518.0}, {"x": 801.0, "y": 1562.0}, {"x": 535.0, "y": 1554.0}]}, "description": "AMEX NY937 (5)"}, {"boundingPoly": {"vertices": [{"x": 306.0, "y": 1553.0}, {"x": 993.0, "y": 1566.0}, {"x": 993.0, "y": 1609.0}, {"x": 305.0, "y": 1599.0}]}, "description": "I agree to pay the above total amount"}, {"boundingPoly": {"vertices": [{"x": 280.0, "y": 1646.0}, {"x": 833.0, "y": 1646.0}, {"x": 833.0, "y": 1697.0}, {"x": 280.0, "y": 1697.0}]}, "description": " agreement. (Merchant agreement"}, {"boundingPoly": {"vertices": [{"x": 431.0, "y": 1604.0}, {"x": 882.0, "y": 1610.0}, {"x": 881.0, "y": 1651.0}, {"x": 431.0, "y": 1643.0}]}, "description": "according to card issuer"}, {"boundingPoly": {"vertices": [{"x": 839.0, "y": 1654.0}, {"x": 1009.0, "y": 1654.0}, {"x": 1009.0, "y": 1700.0}, {"x": 839.0, "y": 1700.0}]}, "description": " if Credit"}, {"boundingPoly": {"vertices": [{"x": 332.0, "y": 1691.0}, {"x": 954.0, "y": 1702.0}, {"x": 953.0, "y": 1745.0}, {"x": 331.0, "y": 1730.0}]}, "description": "Voucher)Retain this copy for your"}, {"boundingPoly": {"vertices": [{"x": 574.0, "y": 1745.0}, {"x": 719.0, "y": 1746.0}, {"x": 719.0, "y": 1784.0}, {"x": 574.0, "y": 1782.0}]}, "description": "records."}, {"boundingPoly": {"vertices": [{"x": 257.0, "y": 1824.0}, {"x": 622.0, "y": 1831.0}, {"x": 621.0, "y": 1876.0}, {"x": 257.0, "y": 1868.0}]}, "description": "PURCHASE / APPROVED"}, {"boundingPoly": {"vertices": [{"x": 255.0, "y": 1874.0}, {"x": 561.0, "y": 1878.0}, {"x": 561.0, "y": 1921.0}, {"x": 255.0, "y": 1916.0}]}, "description": "AMERICAN EXPRESS"}, {"boundingPoly": {"vertices": [{"x": 251.0, "y": 1924.0}, {"x": 542.0, "y": 1929.0}, {"x": 541.0, "y": 1969.0}, {"x": 250.0, "y": 1961.0}]}, "description": "*********** 1006"}, {"boundingPoly": {"vertices": [{"x": 243.0, "y": 1969.0}, {"x": 465.0, "y": 1974.0}, {"x": 464.0, "y": 2017.0}, {"x": 241.0, "y": 2011.0}]}, "description": "CHIP READ /"}, {"boundingPoly": {"vertices": [{"x": 231.0, "y": 2061.0}, {"x": 604.0, "y": 2061.0}, {"x": 604.0, "y": 2119.0}, {"x": 231.0, "y": 2119.0}]}, "description": " 2019/11/14 13:32:31"}, {"boundingPoly": {"vertices": [{"x": 235.0, "y": 2113.0}, {"x": 294.0, "y": 2115.0}, {"x": 289.0, "y": 2161.0}, {"x": 231.0, "y": 2160.0}]}, "description": "TID"}, {"boundingPoly": {"vertices": [{"x": 224.0, "y": 2164.0}, {"x": 287.0, "y": 2163.0}, {"x": 287.0, "y": 2204.0}, {"x": 223.0, "y": 2205.0}]}, "description": "MID"}, {"boundingPoly": {"vertices": [{"x": 213.0, "y": 2211.0}, {"x": 399.0, "y": 2217.0}, {"x": 398.0, "y": 2263.0}, {"x": 212.0, "y": 2257.0}]}, "description": "REFERENCE"}, {"boundingPoly": {"vertices": [{"x": 213.0, "y": 2264.0}, {"x": 397.0, "y": 2269.0}, {"x": 395.0, "y": 2315.0}, {"x": 212.0, "y": 2310.0}]}, "description": "AUTH CODE"}, {"boundingPoly": {"vertices": [{"x": 851.0, "y": 2129.0}, {"x": 1011.0, "y": 2131.0}, {"x": 1010.0, "y": 2172.0}, {"x": 850.0, "y": 2168.0}]}, "description": "**** 6039"}, {"boundingPoly": {"vertices": [{"x": 866.0, "y": 2177.0}, {"x": 1008.0, "y": 2178.0}, {"x": 1007.0, "y": 2223.0}, {"x": 865.0, "y": 2222.0}]}, "description": "6634459"}, {"boundingPoly": {"vertices": [{"x": 510.0, "y": 2218.0}, {"x": 1006.0, "y": 2227.0}, {"x": 1005.0, "y": 2275.0}, {"x": 509.0, "y": 2267.0}]}, "description": "S1111T111105#50529@997998"}, {"boundingPoly": {"vertices": [{"x": 886.0, "y": 2280.0}, {"x": 1006.0, "y": 2281.0}, {"x": 1005.0, "y": 2324.0}, {"x": 884.0, "y": 2323.0}]}, "description": "872898"}, {"boundingPoly": {"vertices": [{"x": 207.0, "y": 2367.0}, {"x": 301.0, "y": 2371.0}, {"x": 299.0, "y": 2414.0}, {"x": 206.0, "y": 2410.0}]}, "description": "TOTAL"}, {"boundingPoly": {"vertices": [{"x": 856.0, "y": 2383.0}, {"x": 1004.0, "y": 2383.0}, {"x": 1004.0, "y": 2429.0}, {"x": 856.0, "y": 2428.0}]}, "description": "USD2.56"}, {"boundingPoly": {"vertices": [{"x": 194.0, "y": 2472.0}, {"x": 281.0, "y": 2472.0}, {"x": 281.0, "y": 2521.0}, {"x": 194.0, "y": 2521.0}]}, "description": " ARC:"}, {"boundingPoly": {"vertices": [{"x": 288.0, "y": 2475.0}, {"x": 339.0, "y": 2475.0}, {"x": 339.0, "y": 2521.0}, {"x": 288.0, "y": 2521.0}]}, "description": " 00"}, {"boundingPoly": {"vertices": [{"x": 281.0, "y": 2524.0}, {"x": 377.0, "y": 2524.0}, {"x": 377.0, "y": 2571.0}, {"x": 281.0, "y": 2571.0}]}, "description": " F800"}, {"boundingPoly": {"vertices": [{"x": 275.0, "y": 2578.0}, {"x": 574.0, "y": 2578.0}, {"x": 574.0, "y": 2633.0}, {"x": 275.0, "y": 2633.0}]}, "description": " 066D0103602002"}, {"boundingPoly": {"vertices": [{"x": 270.0, "y": 2631.0}, {"x": 485.0, "y": 2631.0}, {"x": 485.0, "y": 2684.0}, {"x": 270.0, "y": 2684.0}]}, "description": " 0000008000"}, {"boundingPoly": {"vertices": [{"x": 264.0, "y": 2684.0}, {"x": 616.0, "y": 2684.0}, {"x": 616.0, "y": 2732.0}, {"x": 264.0, "y": 2732.0}]}, "description": " A000000025010801."}, {"boundingPoly": {"vertices": [{"x": 235.0, "y": 2747.0}, {"x": 297.0, "y": 2748.0}, {"x": 299.0, "y": 2796.0}, {"x": 238.0, "y": 2794.0}]}, "description": "Se"}, {"boundingPoly": {"vertices": [{"x": 191.0, "y": 2518.0}, {"x": 274.0, "y": 2518.0}, {"x": 274.0, "y": 2570.0}, {"x": 191.0, "y": 2570.0}]}, "description": " TSI:"}, {"boundingPoly": {"vertices": [{"x": 185.0, "y": 2576.0}, {"x": 268.0, "y": 2576.0}, {"x": 268.0, "y": 2623.0}, {"x": 185.0, "y": 2623.0}]}, "description": " IAD:"}, {"boundingPoly": {"vertices": [{"x": 182.0, "y": 2627.0}, {"x": 262.0, "y": 2627.0}, {"x": 262.0, "y": 2678.0}, {"x": 182.0, "y": 2678.0}]}, "description": " TVR:"}, {"boundingPoly": {"vertices": [{"x": 167.0, "y": 2680.0}, {"x": 257.0, "y": 2680.0}, {"x": 257.0, "y": 2731.0}, {"x": 167.0, "y": 2731.0}]}, "description": " AID:"}, {"boundingPoly": {"vertices": [{"x": 318.0, "y": 2721.0}, {"x": 853.0, "y": 2716.0}, {"x": 854.0, "y": 2777.0}, {"x": 319.0, "y": 2786.0}]}, "description": "REDMI NOTE 5 PRO"}, {"boundingPoly": {"vertices": [{"x": 339.0, "y": 2788.0}, {"x": 811.0, "y": 2788.0}, {"x": 811.0, "y": 2845.0}, {"x": 339.0, "y": 2845.0}]}, "description": "MI DUAL CAMERA"}]}