{"textAnnotations": [{"boundingPoly": {"vertices": [{"x": 33.0, "y": 87.0}, {"x": 112.0, "y": 87.0}, {"x": 112.0, "y": 106.0}, {"x": 33.0, "y": 105.0}]}, "description": "11/13/2019"}, {"boundingPoly": {"vertices": [{"x": 246.0, "y": 90.0}, {"x": 282.0, "y": 90.0}, {"x": 282.0, "y": 107.0}, {"x": 246.0, "y": 107.0}]}, "description": " 10:41"}, {"boundingPoly": {"vertices": [{"x": 228.0, "y": 114.0}, {"x": 283.0, "y": 113.0}, {"x": 283.0, "y": 124.0}, {"x": 228.0, "y": 125.0}]}, "description": "======="}, {"boundingPoly": {"vertices": [{"x": 76.0, "y": 126.0}, {"x": 225.0, "y": 128.0}, {"x": 225.0, "y": 147.0}, {"x": 76.0, "y": 144.0}]}, "description": "merchant name"}, {"boundingPoly": {"vertices": [{"x": 32.0, "y": 145.0}, {"x": 82.0, "y": 145.0}, {"x": 82.0, "y": 164.0}, {"x": 32.0, "y": 164.0}]}, "description": " Check:"}, {"boundingPoly": {"vertices": [{"x": 30.0, "y": 165.0}, {"x": 90.0, "y": 165.0}, {"x": 90.0, "y": 184.0}, {"x": 30.0, "y": 184.0}]}, "description": " Server:"}, {"boundingPoly": {"vertices": [{"x": 34.0, "y": 185.0}, {"x": 106.0, "y": 185.0}, {"x": 106.0, "y": 203.0}, {"x": 34.0, "y": 203.0}]}, "description": " Terminal:"}, {"boundingPoly": {"vertices": [{"x": 85.0, "y": 147.0}, {"x": 142.0, "y": 147.0}, {"x": 142.0, "y": 166.0}, {"x": 85.0, "y": 166.0}]}, "description": " 3759133"}, {"boundingPoly": {"vertices": [{"x": 93.0, "y": 166.0}, {"x": 135.0, "y": 166.0}, {"x": 135.0, "y": 185.0}, {"x": 93.0, "y": 185.0}]}, "description": " Flora"}, {"boundingPoly": {"vertices": [{"x": 109.0, "y": 186.0}, {"x": 136.0, "y": 186.0}, {"x": 136.0, "y": 204.0}, {"x": 109.0, "y": 204.0}]}, "description": " 375"}, {"boundingPoly": {"vertices": [{"x": 125.0, "y": 224.0}, {"x": 187.0, "y": 224.0}, {"x": 187.0, "y": 241.0}, {"x": 125.0, "y": 241.0}]}, "description": "SLC Amex"}, {"boundingPoly": {"vertices": [{"x": 81.0, "y": 244.0}, {"x": 127.0, "y": 244.0}, {"x": 127.0, "y": 261.0}, {"x": 81.0, "y": 261.0}]}, "description": " 1 16oz"}, {"boundingPoly": {"vertices": [{"x": 130.0, "y": 244.0}, {"x": 188.0, "y": 244.0}, {"x": 188.0, "y": 261.0}, {"x": 130.0, "y": 261.0}]}, "description": " Seattle"}, {"boundingPoly": {"vertices": [{"x": 251.0, "y": 242.0}, {"x": 283.0, "y": 242.0}, {"x": 283.0, "y": 260.0}, {"x": 252.0, "y": 260.0}]}, "description": "1.25"}, {"boundingPoly": {"vertices": [{"x": 109.0, "y": 281.0}, {"x": 171.0, "y": 281.0}, {"x": 171.0, "y": 298.0}, {"x": 109.0, "y": 299.0}]}, "description": "Subtotal"}, {"boundingPoly": {"vertices": [{"x": 145.0, "y": 302.0}, {"x": 172.0, "y": 302.0}, {"x": 172.0, "y": 317.0}, {"x": 147.0, "y": 317.0}]}, "description": "Tax"}, {"boundingPoly": {"vertices": [{"x": 134.0, "y": 320.0}, {"x": 171.0, "y": 320.0}, {"x": 171.0, "y": 336.0}, {"x": 134.0, "y": 336.0}]}, "description": "Total"}, {"boundingPoly": {"vertices": [{"x": 237.0, "y": 281.0}, {"x": 268.0, "y": 280.0}, {"x": 267.0, "y": 297.0}, {"x": 238.0, "y": 298.0}]}, "description": "1.25"}, {"boundingPoly": {"vertices": [{"x": 237.0, "y": 301.0}, {"x": 268.0, "y": 300.0}, {"x": 268.0, "y": 316.0}, {"x": 237.0, "y": 316.0}]}, "description": "0.10"}, {"boundingPoly": {"vertices": [{"x": 238.0, "y": 319.0}, {"x": 268.0, "y": 318.0}, {"x": 269.0, "y": 334.0}, {"x": 238.0, "y": 335.0}]}, "description": "1.35"}, {"boundingPoly": {"vertices": [{"x": 34.0, "y": 376.0}, {"x": 98.0, "y": 376.0}, {"x": 98.0, "y": 394.0}, {"x": 34.0, "y": 394.0}]}, "description": "AMEX EMV"}, {"boundingPoly": {"vertices": [{"x": 48.0, "y": 397.0}, {"x": 165.0, "y": 395.0}, {"x": 165.0, "y": 411.0}, {"x": 48.0, "y": 413.0}]}, "description": "XXXXXXXXXXX3003"}, {"boundingPoly": {"vertices": [{"x": 94.0, "y": 434.0}, {"x": 217.0, "y": 433.0}, {"x": 217.0, "y": 449.0}, {"x": 94.0, "y": 450.0}]}, "description": "AMERICAN EXPRESS"}, {"boundingPoly": {"vertices": [{"x": 86.0, "y": 453.0}, {"x": 160.0, "y": 453.0}, {"x": 160.0, "y": 470.0}, {"x": 86.0, "y": 470.0}]}, "description": " Signature"}, {"boundingPoly": {"vertices": [{"x": 51.0, "y": 472.0}, {"x": 136.0, "y": 472.0}, {"x": 136.0, "y": 489.0}, {"x": 51.0, "y": 489.0}]}, "description": " Entry Mode:"}, {"boundingPoly": {"vertices": [{"x": 52.0, "y": 491.0}, {"x": 130.0, "y": 491.0}, {"x": 130.0, "y": 507.0}, {"x": 52.0, "y": 507.0}]}, "description": " Auth Mode:"}, {"boundingPoly": {"vertices": [{"x": 86.0, "y": 509.0}, {"x": 209.0, "y": 509.0}, {"x": 209.0, "y": 526.0}, {"x": 86.0, "y": 526.0}]}, "description": " A000000025010801"}, {"boundingPoly": {"vertices": [{"x": 86.0, "y": 528.0}, {"x": 165.0, "y": 528.0}, {"x": 165.0, "y": 545.0}, {"x": 86.0, "y": 545.0}]}, "description": " 0800008000"}, {"boundingPoly": {"vertices": [{"x": 86.0, "y": 547.0}, {"x": 194.0, "y": 547.0}, {"x": 194.0, "y": 564.0}, {"x": 86.0, "y": 564.0}]}, "description": " 06590103602000"}, {"boundingPoly": {"vertices": [{"x": 86.0, "y": 567.0}, {"x": 120.0, "y": 567.0}, {"x": 120.0, "y": 584.0}, {"x": 86.0, "y": 584.0}]}, "description": " F800"}, {"boundingPoly": {"vertices": [{"x": 87.0, "y": 586.0}, {"x": 106.0, "y": 586.0}, {"x": 106.0, "y": 603.0}, {"x": 87.0, "y": 603.0}]}, "description": " 00"}, {"boundingPoly": {"vertices": [{"x": 251.0, "y": 376.0}, {"x": 283.0, "y": 375.0}, {"x": 283.0, "y": 392.0}, {"x": 253.0, "y": 393.0}]}, "description": "1.35"}, {"boundingPoly": {"vertices": [{"x": 52.0, "y": 453.0}, {"x": 83.0, "y": 453.0}, {"x": 83.0, "y": 470.0}, {"x": 52.0, "y": 470.0}]}, "description": " CVM:"}, {"boundingPoly": {"vertices": [{"x": 139.0, "y": 472.0}, {"x": 173.0, "y": 472.0}, {"x": 173.0, "y": 490.0}, {"x": 139.0, "y": 490.0}]}, "description": " Chip"}, {"boundingPoly": {"vertices": [{"x": 133.0, "y": 491.0}, {"x": 181.0, "y": 491.0}, {"x": 181.0, "y": 507.0}, {"x": 133.0, "y": 507.0}]}, "description": " Issuer"}, {"boundingPoly": {"vertices": [{"x": 52.0, "y": 510.0}, {"x": 83.0, "y": 510.0}, {"x": 83.0, "y": 526.0}, {"x": 52.0, "y": 526.0}]}, "description": " AID:"}, {"boundingPoly": {"vertices": [{"x": 51.0, "y": 528.0}, {"x": 83.0, "y": 528.0}, {"x": 83.0, "y": 545.0}, {"x": 51.0, "y": 545.0}]}, "description": " TVR:"}, {"boundingPoly": {"vertices": [{"x": 50.0, "y": 548.0}, {"x": 82.0, "y": 548.0}, {"x": 82.0, "y": 565.0}, {"x": 50.0, "y": 565.0}]}, "description": " IAD:"}, {"boundingPoly": {"vertices": [{"x": 49.0, "y": 567.0}, {"x": 83.0, "y": 567.0}, {"x": 83.0, "y": 584.0}, {"x": 49.0, "y": 584.0}]}, "description": " TSI:"}, {"boundingPoly": {"vertices": [{"x": 49.0, "y": 587.0}, {"x": 84.0, "y": 587.0}, {"x": 84.0, "y": 603.0}, {"x": 49.0, "y": 603.0}]}, "description": " ARC:"}, {"boundingPoly": {"vertices": [{"x": 87.0, "y": 623.0}, {"x": 171.0, "y": 623.0}, {"x": 171.0, "y": 639.0}, {"x": 87.0, "y": 640.0}]}, "description": "GRAND TOTAL"}, {"boundingPoly": {"vertices": [{"x": 243.0, "y": 623.0}, {"x": 275.0, "y": 623.0}, {"x": 274.0, "y": 639.0}, {"x": 244.0, "y": 639.0}]}, "description": "1.35"}, {"boundingPoly": {"vertices": [{"x": 237.0, "y": 664.0}, {"x": 283.0, "y": 664.0}, {"x": 283.0, "y": 672.0}, {"x": 237.0, "y": 672.0}]}, "description": "======"}, {"boundingPoly": {"vertices": [{"x": 33.0, "y": 680.0}, {"x": 239.0, "y": 680.0}, {"x": 239.0, "y": 699.0}, {"x": 33.0, "y": 699.0}]}, "description": " T375 C1962 11/13/2019 10:42"}, {"boundingPoly": {"vertices": [{"x": 91.0, "y": 740.0}, {"x": 221.0, "y": 739.0}, {"x": 221.0, "y": 756.0}, {"x": 91.0, "y": 757.0}]}, "description": "DUPLICATE RECEIPT"}]}