{"textAnnotations": [{"boundingPoly": {"vertices": [{"x": 154.0, "y": 65.0}, {"x": 233.0, "y": 65.0}, {"x": 233.0, "y": 77.0}, {"x": 154.0, "y": 77.0}]}, "description": "merchant name"}, {"boundingPoly": {"vertices": [{"x": 199.0, "y": 80.0}, {"x": 279.0, "y": 78.0}, {"x": 280.0, "y": 87.0}, {"x": 199.0, "y": 89.0}]}, "description": "merchant address"}, {"boundingPoly": {"vertices": [{"x": 151.0, "y": 97.0}, {"x": 208.0, "y": 95.0}, {"x": 208.0, "y": 107.0}, {"x": 151.0, "y": 109.0}]}, "description": "Eat In"}, {"boundingPoly": {"vertices": [{"x": 151.0, "y": 107.0}, {"x": 209.0, "y": 107.0}, {"x": 209.0, "y": 122.0}, {"x": 151.0, "y": 122.0}]}, "description": " Order:"}, {"boundingPoly": {"vertices": [{"x": 187.0, "y": 130.0}, {"x": 200.0, "y": 130.0}, {"x": 200.0, "y": 141.0}, {"x": 187.0, "y": 141.0}]}, "description": " :2"}, {"boundingPoly": {"vertices": [{"x": 183.0, "y": 140.0}, {"x": 242.0, "y": 140.0}, {"x": 242.0, "y": 153.0}, {"x": 183.0, "y": 153.0}]}, "description": " :Terrence J."}, {"boundingPoly": {"vertices": [{"x": 237.0, "y": 65.0}, {"x": 297.0, "y": 65.0}, {"x": 297.0, "y": 75.0}, {"x": 237.0, "y": 75.0}]}, "description": "merchant address"}, {"boundingPoly": {"vertices": [{"x": 298.0, "y": 67.0}, {"x": 325.0, "y": 67.0}, {"x": 325.0, "y": 77.0}, {"x": 298.0, "y": 77.0}]}, "description": "merchant address"}, {"boundingPoly": {"vertices": [{"x": 216.0, "y": 71.0}, {"x": 268.0, "y": 72.0}, {"x": 268.0, "y": 80.0}, {"x": 215.0, "y": 79.0}]}, "description": "merchant address"}, {"boundingPoly": {"vertices": [{"x": 154.0, "y": 86.0}, {"x": 255.0, "y": 86.0}, {"x": 255.0, "y": 97.0}, {"x": 154.0, "y": 97.0}]}, "description": " 11/13/2019 12:34:44 PM"}, {"boundingPoly": {"vertices": [{"x": 219.0, "y": 105.0}, {"x": 246.0, "y": 105.0}, {"x": 246.0, "y": 120.0}, {"x": 219.0, "y": 120.0}]}, "description": " 411"}, {"boundingPoly": {"vertices": [{"x": 243.0, "y": 127.0}, {"x": 300.0, "y": 127.0}, {"x": 300.0, "y": 139.0}, {"x": 243.0, "y": 139.0}]}, "description": " Tran Seq No:"}, {"boundingPoly": {"vertices": [{"x": 152.0, "y": 131.0}, {"x": 185.0, "y": 131.0}, {"x": 185.0, "y": 144.0}, {"x": 152.0, "y": 144.0}]}, "description": " Register"}, {"boundingPoly": {"vertices": [{"x": 153.0, "y": 142.0}, {"x": 181.0, "y": 142.0}, {"x": 181.0, "y": 154.0}, {"x": 153.0, "y": 154.0}]}, "description": " Cashier"}, {"boundingPoly": {"vertices": [{"x": 302.0, "y": 126.0}, {"x": 336.0, "y": 126.0}, {"x": 336.0, "y": 138.0}, {"x": 302.0, "y": 138.0}]}, "description": " 1597411"}, {"boundingPoly": {"vertices": [{"x": 210.0, "y": 150.0}, {"x": 276.0, "y": 148.0}, {"x": 276.0, "y": 159.0}, {"x": 210.0, "y": 161.0}]}, "description": "***** SALE *****"}, {"boundingPoly": {"vertices": [{"x": 166.0, "y": 173.0}, {"x": 181.0, "y": 173.0}, {"x": 181.0, "y": 184.0}, {"x": 166.0, "y": 184.0}]}, "description": " Ssg"}, {"boundingPoly": {"vertices": [{"x": 166.0, "y": 184.0}, {"x": 191.0, "y": 184.0}, {"x": 191.0, "y": 193.0}, {"x": 166.0, "y": 193.0}]}, "description": "Donut"}, {"boundingPoly": {"vertices": [{"x": 183.0, "y": 172.0}, {"x": 241.0, "y": 172.0}, {"x": 241.0, "y": 184.0}, {"x": 183.0, "y": 184.0}]}, "description": " Egg Amr Cros"}, {"boundingPoly": {"vertices": [{"x": 316.0, "y": 169.0}, {"x": 337.0, "y": 169.0}, {"x": 337.0, "y": 180.0}, {"x": 315.0, "y": 180.0}]}, "description": "3.79"}, {"boundingPoly": {"vertices": [{"x": 317.0, "y": 180.0}, {"x": 337.0, "y": 180.0}, {"x": 336.0, "y": 190.0}, {"x": 317.0, "y": 190.0}]}, "description": "1.09"}, {"boundingPoly": {"vertices": [{"x": 165.0, "y": 204.0}, {"x": 218.0, "y": 204.0}, {"x": 218.0, "y": 215.0}, {"x": 165.0, "y": 215.0}]}, "description": " Sub. Total:"}, {"boundingPoly": {"vertices": [{"x": 310.0, "y": 201.0}, {"x": 336.0, "y": 201.0}, {"x": 336.0, "y": 211.0}, {"x": 311.0, "y": 211.0}]}, "description": "$4.88"}, {"boundingPoly": {"vertices": [{"x": 311.0, "y": 211.0}, {"x": 323.0, "y": 211.0}, {"x": 323.0, "y": 221.0}, {"x": 311.0, "y": 221.0}]}, "description": " $0."}, {"boundingPoly": {"vertices": [{"x": 310.0, "y": 223.0}, {"x": 336.0, "y": 222.0}, {"x": 336.0, "y": 232.0}, {"x": 311.0, "y": 232.0}]}, "description": "$5.44"}, {"boundingPoly": {"vertices": [{"x": 311.0, "y": 233.0}, {"x": 336.0, "y": 233.0}, {"x": 336.0, "y": 242.0}, {"x": 311.0, "y": 243.0}]}, "description": "$0.00"}, {"boundingPoly": {"vertices": [{"x": 325.0, "y": 211.0}, {"x": 336.0, "y": 211.0}, {"x": 336.0, "y": 221.0}, {"x": 325.0, "y": 221.0}]}, "description": " 58"}, {"boundingPoly": {"vertices": [{"x": 167.0, "y": 225.0}, {"x": 195.0, "y": 225.0}, {"x": 195.0, "y": 235.0}, {"x": 167.0, "y": 235.0}]}, "description": " Total:"}, {"boundingPoly": {"vertices": [{"x": 167.0, "y": 235.0}, {"x": 235.0, "y": 235.0}, {"x": 235.0, "y": 246.0}, {"x": 167.0, "y": 246.0}]}, "description": " Discount Total:"}, {"boundingPoly": {"vertices": [{"x": 166.0, "y": 256.0}, {"x": 196.0, "y": 257.0}, {"x": 195.0, "y": 266.0}, {"x": 166.0, "y": 264.0}]}, "description": "Change"}, {"boundingPoly": {"vertices": [{"x": 167.0, "y": 266.0}, {"x": 192.0, "y": 266.0}, {"x": 192.0, "y": 275.0}, {"x": 167.0, "y": 275.0}]}, "description": " Amex:"}, {"boundingPoly": {"vertices": [{"x": 310.0, "y": 255.0}, {"x": 336.0, "y": 254.0}, {"x": 336.0, "y": 263.0}, {"x": 311.0, "y": 264.0}]}, "description": "$0.00"}, {"boundingPoly": {"vertices": [{"x": 311.0, "y": 265.0}, {"x": 336.0, "y": 264.0}, {"x": 336.0, "y": 274.0}, {"x": 311.0, "y": 275.0}]}, "description": "$5.44"}, {"boundingPoly": {"vertices": [{"x": 152.0, "y": 304.0}, {"x": 191.0, "y": 304.0}, {"x": 191.0, "y": 314.0}, {"x": 152.0, "y": 314.0}]}, "description": " Card Num"}, {"boundingPoly": {"vertices": [{"x": 152.0, "y": 314.0}, {"x": 191.0, "y": 314.0}, {"x": 191.0, "y": 323.0}, {"x": 152.0, "y": 323.0}]}, "description": " Terminal"}, {"boundingPoly": {"vertices": [{"x": 149.0, "y": 323.0}, {"x": 191.0, "y": 323.0}, {"x": 191.0, "y": 333.0}, {"x": 149.0, "y": 333.0}]}, "description": " Approval"}, {"boundingPoly": {"vertices": [{"x": 148.0, "y": 332.0}, {"x": 166.0, "y": 332.0}, {"x": 166.0, "y": 342.0}, {"x": 148.0, "y": 342.0}]}, "description": " AID"}, {"boundingPoly": {"vertices": [{"x": 148.0, "y": 342.0}, {"x": 166.0, "y": 342.0}, {"x": 166.0, "y": 353.0}, {"x": 148.0, "y": 353.0}]}, "description": " TVR"}, {"boundingPoly": {"vertices": [{"x": 148.0, "y": 353.0}, {"x": 165.0, "y": 353.0}, {"x": 165.0, "y": 364.0}, {"x": 148.0, "y": 364.0}]}, "description": " IAD"}, {"boundingPoly": {"vertices": [{"x": 148.0, "y": 363.0}, {"x": 164.0, "y": 363.0}, {"x": 164.0, "y": 375.0}, {"x": 148.0, "y": 375.0}]}, "description": " TSI"}, {"boundingPoly": {"vertices": [{"x": 147.0, "y": 375.0}, {"x": 159.0, "y": 375.0}, {"x": 159.0, "y": 386.0}, {"x": 147.0, "y": 386.0}]}, "description": " AR"}, {"boundingPoly": {"vertices": [{"x": 146.0, "y": 385.0}, {"x": 159.0, "y": 385.0}, {"x": 159.0, "y": 397.0}, {"x": 146.0, "y": 397.0}]}, "description": " TC"}, {"boundingPoly": {"vertices": [{"x": 192.0, "y": 304.0}, {"x": 272.0, "y": 304.0}, {"x": 272.0, "y": 314.0}, {"x": 192.0, "y": 314.0}]}, "description": " : *********** 3007"}, {"boundingPoly": {"vertices": [{"x": 192.0, "y": 314.0}, {"x": 208.0, "y": 314.0}, {"x": 208.0, "y": 323.0}, {"x": 192.0, "y": 323.0}]}, "description": " : 2"}, {"boundingPoly": {"vertices": [{"x": 192.0, "y": 323.0}, {"x": 233.0, "y": 323.0}, {"x": 233.0, "y": 333.0}, {"x": 192.0, "y": 333.0}]}, "description": " : 842832"}, {"boundingPoly": {"vertices": [{"x": 168.0, "y": 332.0}, {"x": 253.0, "y": 332.0}, {"x": 253.0, "y": 344.0}, {"x": 168.0, "y": 344.0}]}, "description": " : A000000025010801"}, {"boundingPoly": {"vertices": [{"x": 167.0, "y": 342.0}, {"x": 226.0, "y": 342.0}, {"x": 226.0, "y": 353.0}, {"x": 167.0, "y": 353.0}]}, "description": " : 000000 1000"}, {"boundingPoly": {"vertices": [{"x": 167.0, "y": 353.0}, {"x": 245.0, "y": 353.0}, {"x": 245.0, "y": 364.0}, {"x": 167.0, "y": 364.0}]}, "description": " : 06590103402002"}, {"boundingPoly": {"vertices": [{"x": 166.0, "y": 364.0}, {"x": 197.0, "y": 364.0}, {"x": 197.0, "y": 375.0}, {"x": 166.0, "y": 375.0}]}, "description": " : E800"}, {"boundingPoly": {"vertices": [{"x": 161.0, "y": 376.0}, {"x": 184.0, "y": 376.0}, {"x": 184.0, "y": 386.0}, {"x": 161.0, "y": 386.0}]}, "description": " : Y3"}, {"boundingPoly": {"vertices": [{"x": 160.0, "y": 386.0}, {"x": 201.0, "y": 386.0}, {"x": 201.0, "y": 397.0}, {"x": 160.0, "y": 397.0}]}, "description": " : E02808"}, {"boundingPoly": {"vertices": [{"x": 153.0, "y": 295.0}, {"x": 173.0, "y": 295.0}, {"x": 172.0, "y": 303.0}, {"x": 153.0, "y": 303.0}]}, "description": "ANEX"}, {"boundingPoly": {"vertices": [{"x": 144.0, "y": 407.0}, {"x": 192.0, "y": 407.0}, {"x": 192.0, "y": 418.0}, {"x": 144.0, "y": 418.0}]}, "description": "USD$ 5.44"}, {"boundingPoly": {"vertices": [{"x": 144.0, "y": 442.0}, {"x": 341.0, "y": 442.0}, {"x": 341.0, "y": 452.0}, {"x": 144.0, "y": 451.0}]}, "description": "****************************************"}, {"boundingPoly": {"vertices": [{"x": 171.0, "y": 453.0}, {"x": 307.0, "y": 453.0}, {"x": 307.0, "y": 464.0}, {"x": 171.0, "y": 464.0}]}, "description": "Tell us about today's visit"}, {"boundingPoly": {"vertices": [{"x": 166.0, "y": 465.0}, {"x": 184.0, "y": 465.0}, {"x": 184.0, "y": 477.0}, {"x": 166.0, "y": 477.0}]}, "description": " www."}, {"boundingPoly": {"vertices": [{"x": 167.0, "y": 476.0}, {"x": 210.0, "y": 476.0}, {"x": 210.0, "y": 496.0}, {"x": 167.0, "y": 496.0}]}, "description": " RECEIVE A"}, {"boundingPoly": {"vertices": [{"x": 172.0, "y": 506.0}, {"x": 308.0, "y": 506.0}, {"x": 308.0, "y": 517.0}, {"x": 172.0, "y": 516.0}]}, "description": "on your next visit when you"}, {"boundingPoly": {"vertices": [{"x": 148.0, "y": 515.0}, {"x": 209.0, "y": 515.0}, {"x": 209.0, "y": 528.0}, {"x": 148.0, "y": 528.0}]}, "description": " Survey code:"}, {"boundingPoly": {"vertices": [{"x": 143.0, "y": 537.0}, {"x": 254.0, "y": 537.0}, {"x": 254.0, "y": 550.0}, {"x": 143.0, "y": 550.0}]}, "description": " Enter Validation Code:"}, {"boundingPoly": {"vertices": [{"x": 153.0, "y": 548.0}, {"x": 329.0, "y": 551.0}, {"x": 329.0, "y": 562.0}, {"x": 153.0, "y": 559.0}]}, "description": "See restrictions on dunkindonuts.com"}, {"boundingPoly": {"vertices": [{"x": 155.0, "y": 570.0}, {"x": 326.0, "y": 574.0}, {"x": 325.0, "y": 593.0}, {"x": 155.0, "y": 589.0}]}, "description": "Visit DunkinNation.com for product"}, {"boundingPoly": {"vertices": [{"x": 143.0, "y": 598.0}, {"x": 341.0, "y": 606.0}, {"x": 341.0, "y": 617.0}, {"x": 143.0, "y": 607.0}]}, "description": "****************************************"}, {"boundingPoly": {"vertices": [{"x": 154.0, "y": 465.0}, {"x": 164.0, "y": 465.0}, {"x": 164.0, "y": 477.0}, {"x": 154.0, "y": 477.0}]}, "description": " at"}, {"boundingPoly": {"vertices": [{"x": 187.0, "y": 465.0}, {"x": 301.0, "y": 465.0}, {"x": 301.0, "y": 476.0}, {"x": 187.0, "y": 476.0}]}, "description": " telldunkin.com within 3"}, {"boundingPoly": {"vertices": [{"x": 303.0, "y": 465.0}, {"x": 325.0, "y": 465.0}, {"x": 325.0, "y": 476.0}, {"x": 303.0, "y": 476.0}]}, "description": " days"}, {"boundingPoly": {"vertices": [{"x": 238.0, "y": 476.0}, {"x": 309.0, "y": 476.0}, {"x": 309.0, "y": 495.0}, {"x": 238.0, "y": 495.0}]}, "description": " CLASSIC DONUT"}, {"boundingPoly": {"vertices": [{"x": 214.0, "y": 477.0}, {"x": 234.0, "y": 477.0}, {"x": 234.0, "y": 495.0}, {"x": 214.0, "y": 495.0}]}, "description": " FREE"}, {"boundingPoly": {"vertices": [{"x": 224.0, "y": 516.0}, {"x": 331.0, "y": 516.0}, {"x": 331.0, "y": 528.0}, {"x": 224.0, "y": 527.0}]}, "description": "41101-51459-1211-1395"}, {"boundingPoly": {"vertices": [{"x": 142.0, "y": 559.0}, {"x": 341.0, "y": 562.0}, {"x": 341.0, "y": 573.0}, {"x": 142.0, "y": 569.0}]}, "description": "****************************************"}, {"boundingPoly": {"vertices": [{"x": 156.0, "y": 588.0}, {"x": 327.0, "y": 593.0}, {"x": 327.0, "y": 605.0}, {"x": 156.0, "y": 599.0}]}, "description": "offers and news. Enter Code 002957"}, {"boundingPoly": {"vertices": [{"x": 175.0, "y": 609.0}, {"x": 301.0, "y": 616.0}, {"x": 301.0, "y": 628.0}, {"x": 174.0, "y": 621.0}]}, "description": "Thank You Come Back Again"}]}