{"textAnnotations": [{"boundingPoly": {"vertices": [{"x": 126.0, "y": 80.0}, {"x": 316.0, "y": 80.0}, {"x": 315.0, "y": 144.0}, {"x": 126.0, "y": 142.0}]}, "description": "BDO"}, {"boundingPoly": {"vertices": [{"x": 177.0, "y": 158.0}, {"x": 271.0, "y": 159.0}, {"x": 271.0, "y": 174.0}, {"x": 177.0, "y": 173.0}]}, "description": "merchant name"}, {"boundingPoly": {"vertices": [{"x": 144.0, "y": 175.0}, {"x": 301.0, "y": 178.0}, {"x": 300.0, "y": 193.0}, {"x": 144.0, "y": 190.0}]}, "description": "merchant address"}, {"boundingPoly": {"vertices": [{"x": 136.0, "y": 193.0}, {"x": 316.0, "y": 195.0}, {"x": 316.0, "y": 210.0}, {"x": 135.0, "y": 208.0}]}, "description": "merchant address"}, {"boundingPoly": {"vertices": [{"x": 112.0, "y": 211.0}, {"x": 199.0, "y": 211.0}, {"x": 199.0, "y": 227.0}, {"x": 112.0, "y": 227.0}]}, "description": "merchant address"}, {"boundingPoly": {"vertices": [{"x": 188.0, "y": 230.0}, {"x": 215.0, "y": 230.0}, {"x": 215.0, "y": 244.0}, {"x": 188.0, "y": 244.0}]}, "description": "merchant address"}, {"boundingPoly": {"vertices": [{"x": 179.0, "y": 246.0}, {"x": 271.0, "y": 247.0}, {"x": 271.0, "y": 263.0}, {"x": 179.0, "y": 261.0}]}, "description": "VERSION 10.1"}, {"boundingPoly": {"vertices": [{"x": 230.0, "y": 266.0}, {"x": 375.0, "y": 266.0}, {"x": 375.0, "y": 281.0}, {"x": 230.0, "y": 281.0}]}, "description": " MID:000009181011420"}, {"boundingPoly": {"vertices": [{"x": 202.0, "y": 212.0}, {"x": 337.0, "y": 212.0}, {"x": 337.0, "y": 229.0}, {"x": 202.0, "y": 229.0}]}, "description": "merchant address"}, {"boundingPoly": {"vertices": [{"x": 218.0, "y": 230.0}, {"x": 265.0, "y": 230.0}, {"x": 265.0, "y": 245.0}, {"x": 218.0, "y": 245.0}]}, "description": "merchant address"}, {"boundingPoly": {"vertices": [{"x": 64.0, "y": 264.0}, {"x": 159.0, "y": 264.0}, {"x": 159.0, "y": 280.0}, {"x": 64.0, "y": 280.0}]}, "description": " TID:31406177"}, {"boundingPoly": {"vertices": [{"x": 61.0, "y": 282.0}, {"x": 106.0, "y": 282.0}, {"x": 106.0, "y": 298.0}, {"x": 61.0, "y": 298.0}]}, "description": " BATCH:"}, {"boundingPoly": {"vertices": [{"x": 63.0, "y": 300.0}, {"x": 182.0, "y": 300.0}, {"x": 182.0, "y": 317.0}, {"x": 63.0, "y": 317.0}]}, "description": " INVOICE:"}, {"boundingPoly": {"vertices": [{"x": 59.0, "y": 321.0}, {"x": 276.0, "y": 321.0}, {"x": 276.0, "y": 336.0}, {"x": 59.0, "y": 336.0}]}, "description": " **** **** *** 1"}, {"boundingPoly": {"vertices": [{"x": 108.0, "y": 283.0}, {"x": 158.0, "y": 283.0}, {"x": 158.0, "y": 298.0}, {"x": 108.0, "y": 298.0}]}, "description": " 000805"}, {"boundingPoly": {"vertices": [{"x": 185.0, "y": 302.0}, {"x": 277.0, "y": 302.0}, {"x": 277.0, "y": 318.0}, {"x": 185.0, "y": 318.0}]}, "description": " 007588"}, {"boundingPoly": {"vertices": [{"x": 291.0, "y": 320.0}, {"x": 334.0, "y": 320.0}, {"x": 334.0, "y": 336.0}, {"x": 291.0, "y": 336.0}]}, "description": " 003"}, {"boundingPoly": {"vertices": [{"x": 183.0, "y": 356.0}, {"x": 245.0, "y": 356.0}, {"x": 245.0, "y": 372.0}, {"x": 183.0, "y": 372.0}]}, "description": "SALE"}, {"boundingPoly": {"vertices": [{"x": 183.0, "y": 376.0}, {"x": 381.0, "y": 376.0}, {"x": 381.0, "y": 394.0}, {"x": 183.0, "y": 394.0}]}, "description": " 19 11:33:36 C"}, {"boundingPoly": {"vertices": [{"x": 56.0, "y": 374.0}, {"x": 174.0, "y": 374.0}, {"x": 174.0, "y": 392.0}, {"x": 56.0, "y": 392.0}]}, "description": "DEC 11."}, {"boundingPoly": {"vertices": [{"x": 56.0, "y": 395.0}, {"x": 169.0, "y": 395.0}, {"x": 169.0, "y": 411.0}, {"x": 56.0, "y": 411.0}]}, "description": " CARD TYPE:AMEX"}, {"boundingPoly": {"vertices": [{"x": 55.0, "y": 414.0}, {"x": 193.0, "y": 414.0}, {"x": 193.0, "y": 431.0}, {"x": 55.0, "y": 431.0}]}, "description": " APP CODE:"}, {"boundingPoly": {"vertices": [{"x": 54.0, "y": 434.0}, {"x": 82.0, "y": 434.0}, {"x": 82.0, "y": 450.0}, {"x": 54.0, "y": 450.0}]}, "description": " RRN:"}, {"boundingPoly": {"vertices": [{"x": 51.0, "y": 453.0}, {"x": 80.0, "y": 453.0}, {"x": 80.0, "y": 469.0}, {"x": 51.0, "y": 469.0}]}, "description": " AID:"}, {"boundingPoly": {"vertices": [{"x": 196.0, "y": 414.0}, {"x": 289.0, "y": 414.0}, {"x": 289.0, "y": 431.0}, {"x": 196.0, "y": 431.0}]}, "description": " 803268"}, {"boundingPoly": {"vertices": [{"x": 227.0, "y": 434.0}, {"x": 253.0, "y": 434.0}, {"x": 253.0, "y": 450.0}, {"x": 227.0, "y": 450.0}]}, "description": " APP:"}, {"boundingPoly": {"vertices": [{"x": 83.0, "y": 453.0}, {"x": 376.0, "y": 453.0}, {"x": 376.0, "y": 470.0}, {"x": 83.0, "y": 470.0}]}, "description": " A000000025010801 TC:6513AB1C2918E1EE"}, {"boundingPoly": {"vertices": [{"x": 85.0, "y": 434.0}, {"x": 183.0, "y": 434.0}, {"x": 183.0, "y": 450.0}, {"x": 85.0, "y": 450.0}]}, "description": " 934512816660"}, {"boundingPoly": {"vertices": [{"x": 256.0, "y": 434.0}, {"x": 383.0, "y": 434.0}, {"x": 383.0, "y": 450.0}, {"x": 256.0, "y": 450.0}]}, "description": " AMERICAN EXPRESS"}, {"boundingPoly": {"vertices": [{"x": 50.0, "y": 489.0}, {"x": 128.0, "y": 489.0}, {"x": 128.0, "y": 508.0}, {"x": 50.0, "y": 508.0}]}, "description": " TOTAL"}, {"boundingPoly": {"vertices": [{"x": 131.0, "y": 491.0}, {"x": 142.0, "y": 491.0}, {"x": 142.0, "y": 508.0}, {"x": 131.0, "y": 508.0}]}, "description": " :"}, {"boundingPoly": {"vertices": [{"x": 131.0, "y": 512.0}, {"x": 157.0, "y": 512.0}, {"x": 157.0, "y": 525.0}, {"x": 131.0, "y": 525.0}]}, "description": " ---"}, {"boundingPoly": {"vertices": [{"x": 210.0, "y": 492.0}, {"x": 380.0, "y": 492.0}, {"x": 380.0, "y": 508.0}, {"x": 210.0, "y": 508.0}]}, "description": "PHP1,067.50"}, {"boundingPoly": {"vertices": [{"x": 160.0, "y": 511.0}, {"x": 268.0, "y": 511.0}, {"x": 268.0, "y": 527.0}, {"x": 160.0, "y": 527.0}]}, "description": " CUSTOMER COPY"}, {"boundingPoly": {"vertices": [{"x": 272.0, "y": 512.0}, {"x": 297.0, "y": 512.0}, {"x": 297.0, "y": 526.0}, {"x": 272.0, "y": 526.0}]}, "description": " ---"}]}