{"textAnnotations": [{"boundingPoly": {"vertices": [{"x": 100.0, "y": 29.0}, {"x": 191.0, "y": 21.0}, {"x": 192.0, "y": 34.0}, {"x": 101.0, "y": 41.0}]}, "description": "State Bank of India"}, {"boundingPoly": {"vertices": [{"x": 89.0, "y": 43.0}, {"x": 185.0, "y": 44.0}, {"x": 185.0, "y": 56.0}, {"x": 89.0, "y": 55.0}]}, "description": "merchant name"}, {"boundingPoly": {"vertices": [{"x": 457.0, "y": 38.0}, {"x": 610.0, "y": 45.0}, {"x": 609.0, "y": 64.0}, {"x": 457.0, "y": 57.0}]}, "description": "merchant name"}, {"boundingPoly": {"vertices": [{"x": 393.0, "y": 68.0}, {"x": 484.0, "y": 68.0}, {"x": 484.0, "y": 88.0}, {"x": 393.0, "y": 88.0}]}, "description": "merchant address"}, {"boundingPoly": {"vertices": [{"x": 452.0, "y": 86.0}, {"x": 576.0, "y": 86.0}, {"x": 576.0, "y": 104.0}, {"x": 452.0, "y": 104.0}]}, "description": "merchant phone"}, {"boundingPoly": {"vertices": [{"x": 369.0, "y": 112.0}, {"x": 470.0, "y": 112.0}, {"x": 470.0, "y": 137.0}, {"x": 369.0, "y": 137.0}]}, "description": " : 26| 11/ 2019"}, {"boundingPoly": {"vertices": [{"x": 376.0, "y": 145.0}, {"x": 489.0, "y": 151.0}, {"x": 488.0, "y": 163.0}, {"x": 376.0, "y": 156.0}]}, "description": "Product / Service Details"}, {"boundingPoly": {"vertices": [{"x": 351.0, "y": 168.0}, {"x": 429.0, "y": 172.0}, {"x": 428.0, "y": 189.0}, {"x": 350.0, "y": 184.0}]}, "description": "Chapata"}, {"boundingPoly": {"vertices": [{"x": 357.0, "y": 191.0}, {"x": 447.0, "y": 196.0}, {"x": 446.0, "y": 213.0}, {"x": 356.0, "y": 208.0}]}, "description": "Veg Gray"}, {"boundingPoly": {"vertices": [{"x": 354.0, "y": 212.0}, {"x": 440.0, "y": 217.0}, {"x": 439.0, "y": 235.0}, {"x": 354.0, "y": 229.0}]}, "description": "Veg Dry"}, {"boundingPoly": {"vertices": [{"x": 365.0, "y": 237.0}, {"x": 400.0, "y": 239.0}, {"x": 399.0, "y": 253.0}, {"x": 365.0, "y": 252.0}]}, "description": "Rice"}, {"boundingPoly": {"vertices": [{"x": 359.0, "y": 259.0}, {"x": 395.0, "y": 259.0}, {"x": 395.0, "y": 278.0}, {"x": 359.0, "y": 277.0}]}, "description": "Del"}, {"boundingPoly": {"vertices": [{"x": 354.0, "y": 282.0}, {"x": 415.0, "y": 282.0}, {"x": 415.0, "y": 301.0}, {"x": 354.0, "y": 301.0}]}, "description": "Sweets"}, {"boundingPoly": {"vertices": [{"x": 354.0, "y": 302.0}, {"x": 416.0, "y": 303.0}, {"x": 415.0, "y": 323.0}, {"x": 354.0, "y": 322.0}]}, "description": "Salads"}, {"boundingPoly": {"vertices": [{"x": 101.0, "y": 67.0}, {"x": 174.0, "y": 66.0}, {"x": 174.0, "y": 75.0}, {"x": 101.0, "y": 76.0}]}, "description": "merchant address"}, {"boundingPoly": {"vertices": [{"x": 160.0, "y": 75.0}, {"x": 228.0, "y": 74.0}, {"x": 228.0, "y": 85.0}, {"x": 160.0, "y": 86.0}]}, "description": "TIME 00 43 31"}, {"boundingPoly": {"vertices": [{"x": 158.0, "y": 85.0}, {"x": 230.0, "y": 85.0}, {"x": 230.0, "y": 95.0}, {"x": 158.0, "y": 95.0}]}, "description": "TID MI046E29"}, {"boundingPoly": {"vertices": [{"x": 446.0, "y": 57.0}, {"x": 622.0, "y": 66.0}, {"x": 621.0, "y": 80.0}, {"x": 445.0, "y": 72.0}]}, "description": "merchant address"}, {"boundingPoly": {"vertices": [{"x": 418.0, "y": 83.0}, {"x": 451.0, "y": 83.0}, {"x": 451.0, "y": 97.0}, {"x": 418.0, "y": 97.0}]}, "description": " Contact"}, {"boundingPoly": {"vertices": [{"x": 486.0, "y": 76.0}, {"x": 499.0, "y": 76.0}, {"x": 499.0, "y": 89.0}, {"x": 486.0, "y": 89.0}]}, "description": "merchant address"}, {"boundingPoly": {"vertices": [{"x": 501.0, "y": 77.0}, {"x": 669.0, "y": 77.0}, {"x": 669.0, "y": 95.0}, {"x": 501.0, "y": 95.0}]}, "description": "merchant address"}, {"boundingPoly": {"vertices": [{"x": 577.0, "y": 93.0}, {"x": 646.0, "y": 93.0}, {"x": 646.0, "y": 105.0}, {"x": 577.0, "y": 105.0}]}, "description": " AMAPM5059M"}, {"boundingPoly": {"vertices": [{"x": 41.0, "y": 97.0}, {"x": 139.0, "y": 97.0}, {"x": 139.0, "y": 107.0}, {"x": 41.0, "y": 107.0}]}, "description": "BATCHHIM 000019"}, {"boundingPoly": {"vertices": [{"x": 67.0, "y": 107.0}, {"x": 207.0, "y": 106.0}, {"x": 207.0, "y": 118.0}, {"x": 67.0, "y": 119.0}]}, "description": "CREDIT DETAIL REPORT"}, {"boundingPoly": {"vertices": [{"x": 349.0, "y": 110.0}, {"x": 367.0, "y": 110.0}, {"x": 367.0, "y": 128.0}, {"x": 349.0, "y": 128.0}]}, "description": " Date"}, {"boundingPoly": {"vertices": [{"x": 185.0, "y": 134.0}, {"x": 229.0, "y": 135.0}, {"x": 229.0, "y": 145.0}, {"x": 185.0, "y": 144.0}]}, "description": "Card Type"}, {"boundingPoly": {"vertices": [{"x": 506.0, "y": 123.0}, {"x": 553.0, "y": 125.0}, {"x": 553.0, "y": 138.0}, {"x": 506.0, "y": 136.0}]}, "description": "Invoice"}, {"boundingPoly": {"vertices": [{"x": 619.0, "y": 128.0}, {"x": 679.0, "y": 128.0}, {"x": 679.0, "y": 144.0}, {"x": 619.0, "y": 144.0}]}, "description": " Invoice No .:"}, {"boundingPoly": {"vertices": [{"x": 683.0, "y": 127.0}, {"x": 722.0, "y": 127.0}, {"x": 722.0, "y": 146.0}, {"x": 683.0, "y": 146.0}]}, "description": " 0)54"}, {"boundingPoly": {"vertices": [{"x": 671.0, "y": 159.0}, {"x": 707.0, "y": 159.0}, {"x": 707.0, "y": 170.0}, {"x": 670.0, "y": 170.0}]}, "description": "Amount"}, {"boundingPoly": {"vertices": [{"x": 149.0, "y": 165.0}, {"x": 184.0, "y": 165.0}, {"x": 184.0, "y": 175.0}, {"x": 149.0, "y": 175.0}]}, "description": "000034"}, {"boundingPoly": {"vertices": [{"x": 196.0, "y": 165.0}, {"x": 229.0, "y": 164.0}, {"x": 230.0, "y": 174.0}, {"x": 196.0, "y": 175.0}]}, "description": "864065"}, {"boundingPoly": {"vertices": [{"x": 599.0, "y": 156.0}, {"x": 636.0, "y": 158.0}, {"x": 636.0, "y": 170.0}, {"x": 598.0, "y": 167.0}]}, "description": "Quantity"}, {"boundingPoly": {"vertices": [{"x": 588.0, "y": 179.0}, {"x": 607.0, "y": 179.0}, {"x": 607.0, "y": 196.0}, {"x": 588.0, "y": 196.0}]}, "description": " 12"}, {"boundingPoly": {"vertices": [{"x": 74.0, "y": 179.0}, {"x": 124.0, "y": 178.0}, {"x": 124.0, "y": 188.0}, {"x": 74.0, "y": 189.0}]}, "description": "* -** 1007"}, {"boundingPoly": {"vertices": [{"x": 29.0, "y": 192.0}, {"x": 84.0, "y": 192.0}, {"x": 84.0, "y": 202.0}, {"x": 29.0, "y": 203.0}]}, "description": "IS 1920 00"}, {"boundingPoly": {"vertices": [{"x": 29.0, "y": 206.0}, {"x": 97.0, "y": 203.0}, {"x": 97.0, "y": 213.0}, {"x": 29.0, "y": 216.0}]}, "description": "002033525463"}, {"boundingPoly": {"vertices": [{"x": 204.0, "y": 189.0}, {"x": 230.0, "y": 188.0}, {"x": 229.0, "y": 197.0}, {"x": 204.0, "y": 197.0}]}, "description": "AMEX"}, {"boundingPoly": {"vertices": [{"x": 609.0, "y": 179.0}, {"x": 658.0, "y": 179.0}, {"x": 658.0, "y": 198.0}, {"x": 609.0, "y": 198.0}]}, "description": " X160|"}, {"boundingPoly": {"vertices": [{"x": 661.0, "y": 181.0}, {"x": 722.0, "y": 181.0}, {"x": 722.0, "y": 200.0}, {"x": 661.0, "y": 200.0}]}, "description": " 192 01 -"}, {"boundingPoly": {"vertices": [{"x": 32.0, "y": 241.0}, {"x": 101.0, "y": 240.0}, {"x": 101.0, "y": 250.0}, {"x": 32.0, "y": 252.0}]}, "description": "ISSUER AMEX"}, {"boundingPoly": {"vertices": [{"x": 36.0, "y": 252.0}, {"x": 105.0, "y": 252.0}, {"x": 105.0, "y": 266.0}, {"x": 36.0, "y": 266.0}]}, "description": " TRAN TYPE"}, {"boundingPoly": {"vertices": [{"x": 167.0, "y": 237.0}, {"x": 232.0, "y": 235.0}, {"x": 233.0, "y": 245.0}, {"x": 167.0, "y": 247.0}]}, "description": "HOST CREDIT"}, {"boundingPoly": {"vertices": [{"x": 183.0, "y": 249.0}, {"x": 233.0, "y": 247.0}, {"x": 233.0, "y": 258.0}, {"x": 183.0, "y": 260.0}]}, "description": "AMOUNT"}, {"boundingPoly": {"vertices": [{"x": 111.0, "y": 251.0}, {"x": 155.0, "y": 251.0}, {"x": 155.0, "y": 264.0}, {"x": 111.0, "y": 264.0}]}, "description": " COUNT"}, {"boundingPoly": {"vertices": [{"x": 37.0, "y": 282.0}, {"x": 62.0, "y": 282.0}, {"x": 63.0, "y": 292.0}, {"x": 37.0, "y": 292.0}]}, "description": "SALE"}, {"boundingPoly": {"vertices": [{"x": 38.0, "y": 295.0}, {"x": 66.0, "y": 294.0}, {"x": 66.0, "y": 304.0}, {"x": 38.0, "y": 305.0}]}, "description": "VOID"}, {"boundingPoly": {"vertices": [{"x": 40.0, "y": 307.0}, {"x": 84.0, "y": 305.0}, {"x": 84.0, "y": 315.0}, {"x": 41.0, "y": 317.0}]}, "description": "REFUND"}, {"boundingPoly": {"vertices": [{"x": 43.0, "y": 315.0}, {"x": 118.0, "y": 315.0}, {"x": 118.0, "y": 330.0}, {"x": 43.0, "y": 330.0}]}, "description": " VOID REFULLY"}, {"boundingPoly": {"vertices": [{"x": 49.0, "y": 340.0}, {"x": 80.0, "y": 338.0}, {"x": 81.0, "y": 348.0}, {"x": 49.0, "y": 350.0}]}, "description": "TOTAL"}, {"boundingPoly": {"vertices": [{"x": 115.0, "y": 279.0}, {"x": 160.0, "y": 277.0}, {"x": 160.0, "y": 288.0}, {"x": 115.0, "y": 290.0}]}, "description": "0001 R$"}, {"boundingPoly": {"vertices": [{"x": 116.0, "y": 291.0}, {"x": 144.0, "y": 291.0}, {"x": 144.0, "y": 302.0}, {"x": 116.0, "y": 302.0}]}, "description": " 0000"}, {"boundingPoly": {"vertices": [{"x": 119.0, "y": 303.0}, {"x": 145.0, "y": 303.0}, {"x": 145.0, "y": 314.0}, {"x": 119.0, "y": 314.0}]}, "description": " 0000"}, {"boundingPoly": {"vertices": [{"x": 121.0, "y": 314.0}, {"x": 147.0, "y": 314.0}, {"x": 147.0, "y": 326.0}, {"x": 121.0, "y": 326.0}]}, "description": " 0000"}, {"boundingPoly": {"vertices": [{"x": 198.0, "y": 274.0}, {"x": 235.0, "y": 274.0}, {"x": 235.0, "y": 286.0}, {"x": 198.0, "y": 286.0}]}, "description": " 1920:00"}, {"boundingPoly": {"vertices": [{"x": 214.0, "y": 287.0}, {"x": 236.0, "y": 285.0}, {"x": 236.0, "y": 296.0}, {"x": 215.0, "y": 297.0}]}, "description": "0 00"}, {"boundingPoly": {"vertices": [{"x": 147.0, "y": 291.0}, {"x": 163.0, "y": 291.0}, {"x": 163.0, "y": 301.0}, {"x": 147.0, "y": 301.0}]}, "description": " RS"}, {"boundingPoly": {"vertices": [{"x": 148.0, "y": 302.0}, {"x": 163.0, "y": 302.0}, {"x": 163.0, "y": 313.0}, {"x": 148.0, "y": 313.0}]}, "description": " R%"}, {"boundingPoly": {"vertices": [{"x": 149.0, "y": 313.0}, {"x": 160.0, "y": 313.0}, {"x": 160.0, "y": 325.0}, {"x": 149.0, "y": 325.0}]}, "description": " R"}, {"boundingPoly": {"vertices": [{"x": 218.0, "y": 312.0}, {"x": 237.0, "y": 311.0}, {"x": 237.0, "y": 320.0}, {"x": 218.0, "y": 321.0}]}, "description": "0. 00"}, {"boundingPoly": {"vertices": [{"x": 204.0, "y": 333.0}, {"x": 240.0, "y": 333.0}, {"x": 240.0, "y": 344.0}, {"x": 204.0, "y": 344.0}]}, "description": " 1920:00"}, {"boundingPoly": {"vertices": [{"x": 555.0, "y": 494.0}, {"x": 583.0, "y": 494.0}, {"x": 584.0, "y": 505.0}, {"x": 555.0, "y": 506.0}]}, "description": "Total"}, {"boundingPoly": {"vertices": [{"x": 420.0, "y": 513.0}, {"x": 723.0, "y": 513.0}, {"x": 723.0, "y": 535.0}, {"x": 420.0, "y": 535.0}]}, "description": " One Thousand Nine Hundred Twety out"}, {"boundingPoly": {"vertices": [{"x": 442.0, "y": 539.0}, {"x": 612.0, "y": 537.0}, {"x": 613.0, "y": 551.0}, {"x": 442.0, "y": 552.0}]}, "description": "THANK YOU FOR YOUR BUSINESS!"}, {"boundingPoly": {"vertices": [{"x": 654.0, "y": 490.0}, {"x": 717.0, "y": 490.0}, {"x": 717.0, "y": 507.0}, {"x": 654.0, "y": 508.0}]}, "description": "11920/-"}, {"boundingPoly": {"vertices": [{"x": 325.0, "y": 518.0}, {"x": 415.0, "y": 518.0}, {"x": 415.0, "y": 534.0}, {"x": 325.0, "y": 534.0}]}, "description": " Rupees in words:"}]}