{"textAnnotations": [{"boundingPoly": {"vertices": [{"x": 73.0, "y": 50.0}, {"x": 289.0, "y": 52.0}, {"x": 289.0, "y": 72.0}, {"x": 73.0, "y": 70.0}]}, "description": "merchant name"}, {"boundingPoly": {"vertices": [{"x": 54.0, "y": 75.0}, {"x": 298.0, "y": 79.0}, {"x": 298.0, "y": 98.0}, {"x": 54.0, "y": 94.0}]}, "description": "merchant address"}, {"boundingPoly": {"vertices": [{"x": 104.0, "y": 103.0}, {"x": 174.0, "y": 104.0}, {"x": 174.0, "y": 124.0}, {"x": 103.0, "y": 123.0}]}, "description": "merchant address"}, {"boundingPoly": {"vertices": [{"x": 143.0, "y": 133.0}, {"x": 223.0, "y": 134.0}, {"x": 223.0, "y": 154.0}, {"x": 143.0, "y": 154.0}]}, "description": "23632232"}, {"boundingPoly": {"vertices": [{"x": 122.0, "y": 160.0}, {"x": 241.0, "y": 162.0}, {"x": 240.0, "y": 185.0}, {"x": 122.0, "y": 183.0}]}, "description": "GH2363223201"}, {"boundingPoly": {"vertices": [{"x": 228.0, "y": 105.0}, {"x": 254.0, "y": 105.0}, {"x": 253.0, "y": 127.0}, {"x": 227.0, "y": 127.0}]}, "description": "merchant address"}, {"boundingPoly": {"vertices": [{"x": 144.0, "y": 227.0}, {"x": 225.0, "y": 227.0}, {"x": 224.0, "y": 263.0}, {"x": 144.0, "y": 261.0}]}, "description": "PURCHASE"}, {"boundingPoly": {"vertices": [{"x": 299.0, "y": 226.0}, {"x": 337.0, "y": 226.0}, {"x": 337.0, "y": 246.0}, {"x": 298.0, "y": 246.0}]}, "description": "****"}, {"boundingPoly": {"vertices": [{"x": 29.0, "y": 277.0}, {"x": 129.0, "y": 277.0}, {"x": 129.0, "y": 300.0}, {"x": 29.0, "y": 300.0}]}, "description": "12-10-2019"}, {"boundingPoly": {"vertices": [{"x": 117.0, "y": 305.0}, {"x": 263.0, "y": 309.0}, {"x": 262.0, "y": 332.0}, {"x": 117.0, "y": 324.0}]}, "description": "*********** 1004"}, {"boundingPoly": {"vertices": [{"x": 28.0, "y": 337.0}, {"x": 129.0, "y": 337.0}, {"x": 129.0, "y": 364.0}, {"x": 28.0, "y": 364.0}]}, "description": " Card Type"}, {"boundingPoly": {"vertices": [{"x": 29.0, "y": 368.0}, {"x": 83.0, "y": 368.0}, {"x": 83.0, "y": 390.0}, {"x": 29.0, "y": 390.0}]}, "description": " Name:"}, {"boundingPoly": {"vertices": [{"x": 29.0, "y": 397.0}, {"x": 187.0, "y": 397.0}, {"x": 187.0, "y": 417.0}, {"x": 29.0, "y": 418.0}]}, "description": "A000000025010801"}, {"boundingPoly": {"vertices": [{"x": 30.0, "y": 426.0}, {"x": 187.0, "y": 425.0}, {"x": 188.0, "y": 445.0}, {"x": 30.0, "y": 447.0}]}, "description": "AMERICAN EXPRESS"}, {"boundingPoly": {"vertices": [{"x": 261.0, "y": 282.0}, {"x": 339.0, "y": 282.0}, {"x": 339.0, "y": 302.0}, {"x": 261.0, "y": 302.0}]}, "description": " 17:59:22"}, {"boundingPoly": {"vertices": [{"x": 27.0, "y": 308.0}, {"x": 90.0, "y": 308.0}, {"x": 90.0, "y": 329.0}, {"x": 27.0, "y": 329.0}]}, "description": "Acct #"}, {"boundingPoly": {"vertices": [{"x": 317.0, "y": 313.0}, {"x": 333.0, "y": 314.0}, {"x": 332.0, "y": 329.0}, {"x": 316.0, "y": 327.0}]}, "description": "C"}, {"boundingPoly": {"vertices": [{"x": 134.0, "y": 338.0}, {"x": 161.0, "y": 338.0}, {"x": 161.0, "y": 363.0}, {"x": 134.0, "y": 363.0}]}, "description": " AM"}, {"boundingPoly": {"vertices": [{"x": 30.0, "y": 480.0}, {"x": 149.0, "y": 478.0}, {"x": 150.0, "y": 499.0}, {"x": 30.0, "y": 501.0}]}, "description": "Trace # 9625"}, {"boundingPoly": {"vertices": [{"x": 76.0, "y": 507.0}, {"x": 149.0, "y": 507.0}, {"x": 149.0, "y": 530.0}, {"x": 76.0, "y": 530.0}]}, "description": " # 11302"}, {"boundingPoly": {"vertices": [{"x": 27.0, "y": 538.0}, {"x": 160.0, "y": 536.0}, {"x": 160.0, "y": 558.0}, {"x": 27.0, "y": 559.0}]}, "description": "Auth # 890272"}, {"boundingPoly": {"vertices": [{"x": 30.0, "y": 509.0}, {"x": 73.0, "y": 509.0}, {"x": 73.0, "y": 531.0}, {"x": 30.0, "y": 531.0}]}, "description": " Inv."}, {"boundingPoly": {"vertices": [{"x": 215.0, "y": 536.0}, {"x": 351.0, "y": 535.0}, {"x": 351.0, "y": 557.0}, {"x": 215.0, "y": 558.0}]}, "description": "RRN 001452015"}, {"boundingPoly": {"vertices": [{"x": 26.0, "y": 598.0}, {"x": 111.0, "y": 598.0}, {"x": 111.0, "y": 620.0}, {"x": 26.0, "y": 620.0}]}, "description": "Purchase"}, {"boundingPoly": {"vertices": [{"x": 29.0, "y": 628.0}, {"x": 60.0, "y": 628.0}, {"x": 60.0, "y": 653.0}, {"x": 28.0, "y": 653.0}]}, "description": "Tip"}, {"boundingPoly": {"vertices": [{"x": 28.0, "y": 667.0}, {"x": 80.0, "y": 670.0}, {"x": 80.0, "y": 701.0}, {"x": 26.0, "y": 700.0}]}, "description": "Total"}, {"boundingPoly": {"vertices": [{"x": 71.0, "y": 725.0}, {"x": 111.0, "y": 725.0}, {"x": 111.0, "y": 770.0}, {"x": 71.0, "y": 770.0}]}, "description": " [000)"}, {"boundingPoly": {"vertices": [{"x": 246.0, "y": 595.0}, {"x": 321.0, "y": 595.0}, {"x": 321.0, "y": 619.0}, {"x": 246.0, "y": 619.0}]}, "description": "$162.99"}, {"boundingPoly": {"vertices": [{"x": 258.0, "y": 625.0}, {"x": 323.0, "y": 625.0}, {"x": 322.0, "y": 649.0}, {"x": 258.0, "y": 650.0}]}, "description": "$29.34"}, {"boundingPoly": {"vertices": [{"x": 249.0, "y": 661.0}, {"x": 324.0, "y": 660.0}, {"x": 324.0, "y": 703.0}, {"x": 249.0, "y": 705.0}]}, "description": "$192.33"}, {"boundingPoly": {"vertices": [{"x": 119.0, "y": 725.0}, {"x": 314.0, "y": 725.0}, {"x": 314.0, "y": 770.0}, {"x": 119.0, "y": 770.0}]}, "description": " APPROVED-THANK YOU"}, {"boundingPoly": {"vertices": [{"x": 58.0, "y": 809.0}, {"x": 308.0, "y": 807.0}, {"x": 308.0, "y": 830.0}, {"x": 58.0, "y": 832.0}]}, "description": "Retain this copy for your"}, {"boundingPoly": {"vertices": [{"x": 150.0, "y": 838.0}, {"x": 221.0, "y": 838.0}, {"x": 221.0, "y": 856.0}, {"x": 151.0, "y": 857.0}]}, "description": "records"}, {"boundingPoly": {"vertices": [{"x": 120.0, "y": 865.0}, {"x": 249.0, "y": 865.0}, {"x": 249.0, "y": 884.0}, {"x": 120.0, "y": 884.0}]}, "description": "Customer copy"}]}