{"textAnnotations": [{"boundingPoly": {"vertices": [{"x": 154.0, "y": 93.0}, {"x": 337.0, "y": 106.0}, {"x": 335.0, "y": 131.0}, {"x": 154.0, "y": 119.0}]}, "description": "merchant name"}, {"boundingPoly": {"vertices": [{"x": 51.0, "y": 152.0}, {"x": 425.0, "y": 167.0}, {"x": 423.0, "y": 197.0}, {"x": 50.0, "y": 180.0}]}, "description": "merchant address"}, {"boundingPoly": {"vertices": [{"x": 169.0, "y": 126.0}, {"x": 326.0, "y": 134.0}, {"x": 325.0, "y": 159.0}, {"x": 168.0, "y": 150.0}]}, "description": "merchant address"}, {"boundingPoly": {"vertices": [{"x": 159.0, "y": 187.0}, {"x": 341.0, "y": 192.0}, {"x": 340.0, "y": 220.0}, {"x": 159.0, "y": 216.0}]}, "description": "merchant phone"}, {"boundingPoly": {"vertices": [{"x": 8.0, "y": 284.0}, {"x": 126.0, "y": 284.0}, {"x": 126.0, "y": 318.0}, {"x": 8.0, "y": 318.0}]}, "description": " ate/Time:"}, {"boundingPoly": {"vertices": [{"x": 12.0, "y": 320.0}, {"x": 163.0, "y": 320.0}, {"x": 163.0, "y": 350.0}, {"x": 12.0, "y": 350.0}]}, "description": " rder Number:"}, {"boundingPoly": {"vertices": [{"x": 12.0, "y": 354.0}, {"x": 176.0, "y": 354.0}, {"x": 176.0, "y": 384.0}, {"x": 12.0, "y": 384.0}]}, "description": " ccount Type:"}, {"boundingPoly": {"vertices": [{"x": 15.0, "y": 386.0}, {"x": 157.0, "y": 386.0}, {"x": 157.0, "y": 418.0}, {"x": 15.0, "y": 418.0}]}, "description": " DC Tran ID:"}, {"boundingPoly": {"vertices": [{"x": 13.0, "y": 424.0}, {"x": 80.0, "y": 424.0}, {"x": 80.0, "y": 450.0}, {"x": 13.0, "y": 450.0}]}, "description": " Server"}, {"boundingPoly": {"vertices": [{"x": 15.0, "y": 454.0}, {"x": 63.0, "y": 454.0}, {"x": 63.0, "y": 481.0}, {"x": 15.0, "y": 481.0}]}, "description": " POS:"}, {"boundingPoly": {"vertices": [{"x": 188.0, "y": 285.0}, {"x": 429.0, "y": 285.0}, {"x": 429.0, "y": 317.0}, {"x": 188.0, "y": 317.0}]}, "description": " 2019-11-15 08:28 PM"}, {"boundingPoly": {"vertices": [{"x": 189.0, "y": 319.0}, {"x": 267.0, "y": 318.0}, {"x": 268.0, "y": 345.0}, {"x": 189.0, "y": 346.0}]}, "description": "433659"}, {"boundingPoly": {"vertices": [{"x": 189.0, "y": 353.0}, {"x": 268.0, "y": 351.0}, {"x": 269.0, "y": 378.0}, {"x": 189.0, "y": 379.0}]}, "description": "CREDIT"}, {"boundingPoly": {"vertices": [{"x": 195.0, "y": 386.0}, {"x": 308.0, "y": 385.0}, {"x": 309.0, "y": 411.0}, {"x": 195.0, "y": 412.0}]}, "description": "429828570"}, {"boundingPoly": {"vertices": [{"x": 194.0, "y": 419.0}, {"x": 287.0, "y": 415.0}, {"x": 288.0, "y": 444.0}, {"x": 194.0, "y": 448.0}]}, "description": "CASHIER"}, {"boundingPoly": {"vertices": [{"x": 199.0, "y": 454.0}, {"x": 218.0, "y": 454.0}, {"x": 217.0, "y": 477.0}, {"x": 198.0, "y": 476.0}]}, "description": "3"}, {"boundingPoly": {"vertices": [{"x": 85.0, "y": 424.0}, {"x": 97.0, "y": 424.0}, {"x": 97.0, "y": 448.0}, {"x": 85.0, "y": 448.0}]}, "description": " :"}, {"boundingPoly": {"vertices": [{"x": 26.0, "y": 516.0}, {"x": 138.0, "y": 516.0}, {"x": 138.0, "y": 560.0}, {"x": 26.0, "y": 560.0}]}, "description": " PURCHASE:"}, {"boundingPoly": {"vertices": [{"x": 46.0, "y": 591.0}, {"x": 174.0, "y": 591.0}, {"x": 174.0, "y": 614.0}, {"x": 46.0, "y": 614.0}]}, "description": " Entry Mode:"}, {"boundingPoly": {"vertices": [{"x": 54.0, "y": 616.0}, {"x": 195.0, "y": 616.0}, {"x": 195.0, "y": 639.0}, {"x": 54.0, "y": 639.0}]}, "description": " Card Number:"}, {"boundingPoly": {"vertices": [{"x": 60.0, "y": 641.0}, {"x": 196.0, "y": 641.0}, {"x": 196.0, "y": 662.0}, {"x": 60.0, "y": 662.0}]}, "description": " Card Expire:"}, {"boundingPoly": {"vertices": [{"x": 71.0, "y": 663.0}, {"x": 181.0, "y": 663.0}, {"x": 181.0, "y": 683.0}, {"x": 71.0, "y": 683.0}]}, "description": " Card Type:"}, {"boundingPoly": {"vertices": [{"x": 75.0, "y": 685.0}, {"x": 196.0, "y": 685.0}, {"x": 196.0, "y": 708.0}, {"x": 75.0, "y": 708.0}]}, "description": " Cardholder:"}, {"boundingPoly": {"vertices": [{"x": 71.0, "y": 712.0}, {"x": 231.0, "y": 712.0}, {"x": 231.0, "y": 736.0}, {"x": 71.0, "y": 736.0}]}, "description": " Approval Code:"}, {"boundingPoly": {"vertices": [{"x": 65.0, "y": 737.0}, {"x": 191.0, "y": 737.0}, {"x": 191.0, "y": 761.0}, {"x": 65.0, "y": 761.0}]}, "description": " Ref Number:"}, {"boundingPoly": {"vertices": [{"x": 209.0, "y": 517.0}, {"x": 309.0, "y": 515.0}, {"x": 309.0, "y": 557.0}, {"x": 210.0, "y": 557.0}]}, "description": "APPROVAL"}, {"boundingPoly": {"vertices": [{"x": 222.0, "y": 616.0}, {"x": 395.0, "y": 614.0}, {"x": 395.0, "y": 636.0}, {"x": 222.0, "y": 638.0}]}, "description": "XXXXXXXXXXX1009"}, {"boundingPoly": {"vertices": [{"x": 229.0, "y": 642.0}, {"x": 286.0, "y": 642.0}, {"x": 286.0, "y": 662.0}, {"x": 230.0, "y": 662.0}]}, "description": "XX/XX"}, {"boundingPoly": {"vertices": [{"x": 232.0, "y": 665.0}, {"x": 409.0, "y": 666.0}, {"x": 408.0, "y": 685.0}, {"x": 232.0, "y": 684.0}]}, "description": "American Express"}, {"boundingPoly": {"vertices": [{"x": 235.0, "y": 712.0}, {"x": 304.0, "y": 712.0}, {"x": 304.0, "y": 735.0}, {"x": 235.0, "y": 735.0}]}, "description": " 552166"}, {"boundingPoly": {"vertices": [{"x": 236.0, "y": 738.0}, {"x": 302.0, "y": 738.0}, {"x": 302.0, "y": 759.0}, {"x": 236.0, "y": 760.0}]}, "description": "126716"}, {"boundingPoly": {"vertices": [{"x": 52.0, "y": 792.0}, {"x": 156.0, "y": 792.0}, {"x": 156.0, "y": 831.0}, {"x": 52.0, "y": 831.0}]}, "description": " PURCHASE:"}, {"boundingPoly": {"vertices": [{"x": 74.0, "y": 860.0}, {"x": 471.0, "y": 861.0}, {"x": 471.0, "y": 891.0}, {"x": 74.0, "y": 890.0}]}, "description": "Cardmember acknowledges receipt of"}, {"boundingPoly": {"vertices": [{"x": 60.0, "y": 893.0}, {"x": 470.0, "y": 893.0}, {"x": 470.0, "y": 919.0}, {"x": 60.0, "y": 919.0}]}, "description": "goods and/or services in the amount"}, {"boundingPoly": {"vertices": [{"x": 56.0, "y": 922.0}, {"x": 483.0, "y": 926.0}, {"x": 483.0, "y": 952.0}, {"x": 56.0, "y": 948.0}]}, "description": "of the total shown hereon and agrees"}, {"boundingPoly": {"vertices": [{"x": 56.0, "y": 951.0}, {"x": 482.0, "y": 952.0}, {"x": 482.0, "y": 983.0}, {"x": 56.0, "y": 981.0}]}, "description": "to perform the obligations set forth"}, {"boundingPoly": {"vertices": [{"x": 449.0, "y": 792.0}, {"x": 508.0, "y": 791.0}, {"x": 508.0, "y": 832.0}, {"x": 450.0, "y": 833.0}]}, "description": "$9.55"}, {"boundingPoly": {"vertices": [{"x": 40.0, "y": 980.0}, {"x": 482.0, "y": 983.0}, {"x": 482.0, "y": 1015.0}, {"x": 39.0, "y": 1012.0}]}, "description": "by cardmember's agreement with issuer"}, {"boundingPoly": {"vertices": [{"x": 69.0, "y": 1077.0}, {"x": 193.0, "y": 1077.0}, {"x": 193.0, "y": 1105.0}, {"x": 69.0, "y": 1105.0}]}, "description": " Signature:"}]}