{"textAnnotations": [{"boundingPoly": {"vertices": [{"x": 582.0, "y": 58.0}, {"x": 1029.0, "y": 25.0}, {"x": 1032.0, "y": 62.0}, {"x": 584.0, "y": 96.0}]}, "description": "Thank You For Visiting The"}, {"boundingPoly": {"vertices": [{"x": 655.0, "y": 126.0}, {"x": 936.0, "y": 108.0}, {"x": 938.0, "y": 142.0}, {"x": 656.0, "y": 160.0}]}, "description": "Matthew Fraysier"}, {"boundingPoly": {"vertices": [{"x": 684.0, "y": 197.0}, {"x": 906.0, "y": 182.0}, {"x": 908.0, "y": 219.0}, {"x": 686.0, "y": 234.0}]}, "description": "merchant phone"}, {"boundingPoly": {"vertices": [{"x": 593.0, "y": 277.0}, {"x": 995.0, "y": 251.0}, {"x": 998.0, "y": 288.0}, {"x": 594.0, "y": 315.0}]}, "description": "Text @LTF11479 to 73940"}, {"boundingPoly": {"vertices": [{"x": 585.0, "y": 69.0}, {"x": 920.0, "y": 69.0}, {"x": 920.0, "y": 132.0}, {"x": 585.0, "y": 132.0}]}, "description": "merchant name"}, {"boundingPoly": {"vertices": [{"x": 664.0, "y": 162.0}, {"x": 922.0, "y": 146.0}, {"x": 925.0, "y": 182.0}, {"x": 666.0, "y": 198.0}]}, "description": "General Manager"}, {"boundingPoly": {"vertices": [{"x": 600.0, "y": 240.0}, {"x": 983.0, "y": 214.0}, {"x": 985.0, "y": 249.0}, {"x": 603.0, "y": 276.0}]}, "description": "We Love Your Feedback!"}, {"boundingPoly": {"vertices": [{"x": 924.0, "y": 67.0}, {"x": 949.0, "y": 67.0}, {"x": 949.0, "y": 105.0}, {"x": 924.0, "y": 105.0}]}, "description": " -"}, {"boundingPoly": {"vertices": [{"x": 954.0, "y": 60.0}, {"x": 1023.0, "y": 60.0}, {"x": 1023.0, "y": 103.0}, {"x": 954.0, "y": 103.0}]}, "description": "merchant name"}, {"boundingPoly": {"vertices": [{"x": 1101.0, "y": 322.0}, {"x": 1159.0, "y": 322.0}, {"x": 1157.0, "y": 358.0}, {"x": 1099.0, "y": 358.0}]}, "description": "USD"}, {"boundingPoly": {"vertices": [{"x": 1086.0, "y": 362.0}, {"x": 1169.0, "y": 362.0}, {"x": 1168.0, "y": 399.0}, {"x": 1084.0, "y": 398.0}]}, "description": "2.05"}, {"boundingPoly": {"vertices": [{"x": 1083.0, "y": 402.0}, {"x": 1167.0, "y": 402.0}, {"x": 1166.0, "y": 435.0}, {"x": 1082.0, "y": 435.0}]}, "description": "2.99"}, {"boundingPoly": {"vertices": [{"x": 438.0, "y": 399.0}, {"x": 790.0, "y": 380.0}, {"x": 792.0, "y": 419.0}, {"x": 439.0, "y": 438.0}]}, "description": "Tropicana Apple Orch"}, {"boundingPoly": {"vertices": [{"x": 430.0, "y": 475.0}, {"x": 770.0, "y": 459.0}, {"x": 772.0, "y": 499.0}, {"x": 432.0, "y": 513.0}]}, "description": "0.85 lb x $ 7.68/lb"}, {"boundingPoly": {"vertices": [{"x": 434.0, "y": 435.0}, {"x": 792.0, "y": 422.0}, {"x": 793.0, "y": 460.0}, {"x": 435.0, "y": 474.0}]}, "description": "Strawberry Fruit Yog"}, {"boundingPoly": {"vertices": [{"x": 429.0, "y": 515.0}, {"x": 694.0, "y": 505.0}, {"x": 695.0, "y": 543.0}, {"x": 429.0, "y": 554.0}]}, "description": "Small Clamshell"}, {"boundingPoly": {"vertices": [{"x": 1082.0, "y": 484.0}, {"x": 1162.0, "y": 483.0}, {"x": 1161.0, "y": 516.0}, {"x": 1081.0, "y": 517.0}]}, "description": "6.53"}, {"boundingPoly": {"vertices": [{"x": 825.0, "y": 574.0}, {"x": 993.0, "y": 568.0}, {"x": 995.0, "y": 607.0}, {"x": 825.0, "y": 612.0}]}, "description": "Sub Total"}, {"boundingPoly": {"vertices": [{"x": 1064.0, "y": 563.0}, {"x": 1158.0, "y": 559.0}, {"x": 1158.0, "y": 597.0}, {"x": 1067.0, "y": 600.0}]}, "description": "11.57"}, {"boundingPoly": {"vertices": [{"x": 1082.0, "y": 605.0}, {"x": 1158.0, "y": 601.0}, {"x": 1160.0, "y": 635.0}, {"x": 1084.0, "y": 639.0}]}, "description": "1.03"}, {"boundingPoly": {"vertices": [{"x": 828.0, "y": 618.0}, {"x": 1012.0, "y": 608.0}, {"x": 1014.0, "y": 646.0}, {"x": 828.0, "y": 656.0}]}, "description": "Tax Amount"}, {"boundingPoly": {"vertices": [{"x": 388.0, "y": 756.0}, {"x": 716.0, "y": 743.0}, {"x": 717.0, "y": 813.0}, {"x": 391.0, "y": 827.0}]}, "description": "Total USD"}, {"boundingPoly": {"vertices": [{"x": 969.0, "y": 734.0}, {"x": 1151.0, "y": 724.0}, {"x": 1155.0, "y": 794.0}, {"x": 973.0, "y": 804.0}]}, "description": "12.60"}, {"boundingPoly": {"vertices": [{"x": 378.0, "y": 946.0}, {"x": 767.0, "y": 935.0}, {"x": 769.0, "y": 978.0}, {"x": 378.0, "y": 988.0}]}, "description": "5009 AMERICAN EXPRESS"}, {"boundingPoly": {"vertices": [{"x": 1060.0, "y": 927.0}, {"x": 1154.0, "y": 924.0}, {"x": 1154.0, "y": 962.0}, {"x": 1059.0, "y": 965.0}]}, "description": "12.60"}, {"boundingPoly": {"vertices": [{"x": 378.0, "y": 1076.0}, {"x": 432.0, "y": 1073.0}, {"x": 430.0, "y": 1114.0}, {"x": 376.0, "y": 1116.0}]}, "description": "Tax"}, {"boundingPoly": {"vertices": [{"x": 369.0, "y": 1118.0}, {"x": 516.0, "y": 1117.0}, {"x": 517.0, "y": 1157.0}, {"x": 369.0, "y": 1160.0}]}, "description": "() 8.875"}, {"boundingPoly": {"vertices": [{"x": 660.0, "y": 1067.0}, {"x": 938.0, "y": 1064.0}, {"x": 938.0, "y": 1105.0}, {"x": 661.0, "y": 1109.0}]}, "description": "Taxable Amount"}, {"boundingPoly": {"vertices": [{"x": 835.0, "y": 1111.0}, {"x": 923.0, "y": 1109.0}, {"x": 922.0, "y": 1148.0}, {"x": 832.0, "y": 1150.0}]}, "description": "11.57"}, {"boundingPoly": {"vertices": [{"x": 947.0, "y": 1063.0}, {"x": 1153.0, "y": 1058.0}, {"x": 1154.0, "y": 1096.0}, {"x": 947.0, "y": 1103.0}]}, "description": "Tax Amount"}, {"boundingPoly": {"vertices": [{"x": 1078.0, "y": 1103.0}, {"x": 1149.0, "y": 1102.0}, {"x": 1150.0, "y": 1141.0}, {"x": 1079.0, "y": 1142.0}]}, "description": "1.03"}, {"boundingPoly": {"vertices": [{"x": 361.0, "y": 1234.0}, {"x": 1151.0, "y": 1234.0}, {"x": 1151.0, "y": 1293.0}, {"x": 361.0, "y": 1293.0}]}, "description": " 11/14/2019 09:27 AM #:50321 Op:4023 C:111"}, {"boundingPoly": {"vertices": [{"x": 358.0, "y": 1292.0}, {"x": 551.0, "y": 1292.0}, {"x": 551.0, "y": 1336.0}, {"x": 358.0, "y": 1336.0}]}, "description": " 105 S:1111"}, {"boundingPoly": {"vertices": [{"x": 350.0, "y": 1336.0}, {"x": 546.0, "y": 1336.0}, {"x": 546.0, "y": 1382.0}, {"x": 350.0, "y": 1382.0}]}, "description": " Served you"}, {"boundingPoly": {"vertices": [{"x": 553.0, "y": 1332.0}, {"x": 894.0, "y": 1332.0}, {"x": 894.0, "y": 1381.0}, {"x": 553.0, "y": 1381.0}]}, "description": " : Lucrecia Findley"}, {"boundingPoly": {"vertices": [{"x": 505.0, "y": 1521.0}, {"x": 910.0, "y": 1518.0}, {"x": 910.0, "y": 1562.0}, {"x": 505.0, "y": 1565.0}]}, "description": "*** Customer copy ***"}, {"boundingPoly": {"vertices": [{"x": 578.0, "y": 1611.0}, {"x": 839.0, "y": 1611.0}, {"x": 839.0, "y": 1657.0}, {"x": 578.0, "y": 1656.0}]}, "description": "AMEX NY937 (5)"}, {"boundingPoly": {"vertices": [{"x": 347.0, "y": 1663.0}, {"x": 1060.0, "y": 1659.0}, {"x": 1061.0, "y": 1703.0}, {"x": 347.0, "y": 1708.0}]}, "description": "I agree to pay the above total amount"}, {"boundingPoly": {"vertices": [{"x": 476.0, "y": 1712.0}, {"x": 943.0, "y": 1710.0}, {"x": 944.0, "y": 1751.0}, {"x": 476.0, "y": 1754.0}]}, "description": "according to card issuer"}, {"boundingPoly": {"vertices": [{"x": 899.0, "y": 1753.0}, {"x": 1078.0, "y": 1753.0}, {"x": 1078.0, "y": 1803.0}, {"x": 899.0, "y": 1803.0}]}, "description": " if Credit"}, {"boundingPoly": {"vertices": [{"x": 369.0, "y": 1804.0}, {"x": 1021.0, "y": 1805.0}, {"x": 1021.0, "y": 1852.0}, {"x": 369.0, "y": 1850.0}]}, "description": "Voucher)Retain this copy for your"}, {"boundingPoly": {"vertices": [{"x": 621.0, "y": 1858.0}, {"x": 777.0, "y": 1860.0}, {"x": 777.0, "y": 1899.0}, {"x": 620.0, "y": 1897.0}]}, "description": "records."}, {"boundingPoly": {"vertices": [{"x": 320.0, "y": 1756.0}, {"x": 892.0, "y": 1756.0}, {"x": 892.0, "y": 1805.0}, {"x": 320.0, "y": 1805.0}]}, "description": " agreement. (Merchant agreement"}, {"boundingPoly": {"vertices": [{"x": 301.0, "y": 1952.0}, {"x": 684.0, "y": 1953.0}, {"x": 683.0, "y": 2001.0}, {"x": 301.0, "y": 1998.0}]}, "description": "PURCHASE / APPROVED"}, {"boundingPoly": {"vertices": [{"x": 300.0, "y": 1999.0}, {"x": 618.0, "y": 2002.0}, {"x": 617.0, "y": 2048.0}, {"x": 300.0, "y": 2046.0}]}, "description": "AMERICAN EXPRESS"}, {"boundingPoly": {"vertices": [{"x": 297.0, "y": 2053.0}, {"x": 592.0, "y": 2056.0}, {"x": 591.0, "y": 2097.0}, {"x": 297.0, "y": 2092.0}]}, "description": "*********** 1006"}, {"boundingPoly": {"vertices": [{"x": 290.0, "y": 2101.0}, {"x": 518.0, "y": 2103.0}, {"x": 517.0, "y": 2150.0}, {"x": 290.0, "y": 2145.0}]}, "description": "CHIP READ /"}, {"boundingPoly": {"vertices": [{"x": 283.0, "y": 2200.0}, {"x": 662.0, "y": 2200.0}, {"x": 662.0, "y": 2258.0}, {"x": 283.0, "y": 2258.0}]}, "description": " 2019/11/14 09:28:10"}, {"boundingPoly": {"vertices": [{"x": 287.0, "y": 2255.0}, {"x": 344.0, "y": 2256.0}, {"x": 342.0, "y": 2300.0}, {"x": 284.0, "y": 2299.0}]}, "description": "TID"}, {"boundingPoly": {"vertices": [{"x": 273.0, "y": 2308.0}, {"x": 340.0, "y": 2308.0}, {"x": 337.0, "y": 2351.0}, {"x": 270.0, "y": 2351.0}]}, "description": "MID"}, {"boundingPoly": {"vertices": [{"x": 271.0, "y": 2355.0}, {"x": 451.0, "y": 2363.0}, {"x": 449.0, "y": 2411.0}, {"x": 269.0, "y": 2403.0}]}, "description": "REFERENCE"}, {"boundingPoly": {"vertices": [{"x": 268.0, "y": 2413.0}, {"x": 450.0, "y": 2416.0}, {"x": 449.0, "y": 2462.0}, {"x": 267.0, "y": 2459.0}]}, "description": "AUTH CODE"}, {"boundingPoly": {"vertices": [{"x": 921.0, "y": 2272.0}, {"x": 1089.0, "y": 2273.0}, {"x": 1089.0, "y": 2315.0}, {"x": 920.0, "y": 2312.0}]}, "description": "**** 6039"}, {"boundingPoly": {"vertices": [{"x": 940.0, "y": 2323.0}, {"x": 1093.0, "y": 2323.0}, {"x": 1093.0, "y": 2368.0}, {"x": 940.0, "y": 2369.0}]}, "description": "6634459"}, {"boundingPoly": {"vertices": [{"x": 568.0, "y": 2365.0}, {"x": 1094.0, "y": 2379.0}, {"x": 1092.0, "y": 2431.0}, {"x": 567.0, "y": 2415.0}]}, "description": "S1111T111105#50321@486515"}, {"boundingPoly": {"vertices": [{"x": 961.0, "y": 2433.0}, {"x": 1090.0, "y": 2435.0}, {"x": 1088.0, "y": 2480.0}, {"x": 959.0, "y": 2478.0}]}, "description": "876933"}, {"boundingPoly": {"vertices": [{"x": 266.0, "y": 2512.0}, {"x": 365.0, "y": 2520.0}, {"x": 363.0, "y": 2568.0}, {"x": 262.0, "y": 2560.0}]}, "description": "TOTAL"}, {"boundingPoly": {"vertices": [{"x": 917.0, "y": 2535.0}, {"x": 1090.0, "y": 2541.0}, {"x": 1089.0, "y": 2593.0}, {"x": 915.0, "y": 2588.0}]}, "description": "USD12.60"}, {"boundingPoly": {"vertices": [{"x": 257.0, "y": 2625.0}, {"x": 341.0, "y": 2625.0}, {"x": 341.0, "y": 2675.0}, {"x": 257.0, "y": 2675.0}]}, "description": " ARC:"}, {"boundingPoly": {"vertices": [{"x": 254.0, "y": 2676.0}, {"x": 334.0, "y": 2676.0}, {"x": 334.0, "y": 2730.0}, {"x": 254.0, "y": 2730.0}]}, "description": " TSI:"}, {"boundingPoly": {"vertices": [{"x": 287.0, "y": 2732.0}, {"x": 340.0, "y": 2732.0}, {"x": 340.0, "y": 2784.0}, {"x": 287.0, "y": 2784.0}]}, "description": " 0:"}, {"boundingPoly": {"vertices": [{"x": 295.0, "y": 2789.0}, {"x": 818.0, "y": 2789.0}, {"x": 818.0, "y": 2870.0}, {"x": 295.0, "y": 2870.0}]}, "description": " : MIDUAL CAMERA"}, {"boundingPoly": {"vertices": [{"x": 237.0, "y": 2897.0}, {"x": 466.0, "y": 2897.0}, {"x": 466.0, "y": 2954.0}, {"x": 237.0, "y": 2954.0}]}, "description": " PAN Seg No:"}, {"boundingPoly": {"vertices": [{"x": 349.0, "y": 2628.0}, {"x": 402.0, "y": 2628.0}, {"x": 402.0, "y": 2675.0}, {"x": 349.0, "y": 2675.0}]}, "description": " 00"}, {"boundingPoly": {"vertices": [{"x": 343.0, "y": 2680.0}, {"x": 436.0, "y": 2680.0}, {"x": 436.0, "y": 2734.0}, {"x": 343.0, "y": 2734.0}]}, "description": " F800"}, {"boundingPoly": {"vertices": [{"x": 348.0, "y": 2733.0}, {"x": 862.0, "y": 2733.0}, {"x": 862.0, "y": 2802.0}, {"x": 348.0, "y": 2802.0}]}, "description": " REDMINOTE 5 PRO"}, {"boundingPoly": {"vertices": [{"x": 336.0, "y": 2846.0}, {"x": 679.0, "y": 2846.0}, {"x": 679.0, "y": 2912.0}, {"x": 336.0, "y": 2912.0}]}, "description": " A000000025010801"}, {"boundingPoly": {"vertices": [{"x": 473.0, "y": 2910.0}, {"x": 530.0, "y": 2910.0}, {"x": 530.0, "y": 2958.0}, {"x": 473.0, "y": 2958.0}]}, "description": " 00"}, {"boundingPoly": {"vertices": [{"x": 244.0, "y": 2842.0}, {"x": 327.0, "y": 2842.0}, {"x": 327.0, "y": 2893.0}, {"x": 244.0, "y": 2893.0}]}, "description": " AID:"}]}