{"textAnnotations": [{"boundingPoly": {"vertices": [{"x": 10.0, "y": 82.0}, {"x": 29.0, "y": 82.0}, {"x": 29.0, "y": 114.0}, {"x": 10.0, "y": 114.0}]}, "description": "merchant name"}, {"boundingPoly": {"vertices": [{"x": 12.0, "y": 116.0}, {"x": 60.0, "y": 116.0}, {"x": 60.0, "y": 136.0}, {"x": 12.0, "y": 136.0}]}, "description": "merchant address"}, {"boundingPoly": {"vertices": [{"x": 12.0, "y": 136.0}, {"x": 38.0, "y": 136.0}, {"x": 38.0, "y": 157.0}, {"x": 12.0, "y": 157.0}]}, "description": " Tel"}, {"boundingPoly": {"vertices": [{"x": 35.0, "y": 82.0}, {"x": 100.0, "y": 82.0}, {"x": 100.0, "y": 115.0}, {"x": 35.0, "y": 115.0}]}, "description": "merchant name"}, {"boundingPoly": {"vertices": [{"x": 63.0, "y": 117.0}, {"x": 91.0, "y": 117.0}, {"x": 91.0, "y": 137.0}, {"x": 63.0, "y": 137.0}]}, "description": " WAN"}, {"boundingPoly": {"vertices": [{"x": 41.0, "y": 137.0}, {"x": 133.0, "y": 137.0}, {"x": 133.0, "y": 158.0}, {"x": 41.0, "y": 158.0}]}, "description": "merchant phone"}, {"boundingPoly": {"vertices": [{"x": 94.0, "y": 118.0}, {"x": 215.0, "y": 118.0}, {"x": 215.0, "y": 138.0}, {"x": 94.0, "y": 138.0}]}, "description": "merchant address"}, {"boundingPoly": {"vertices": [{"x": 218.0, "y": 118.0}, {"x": 239.0, "y": 118.0}, {"x": 239.0, "y": 137.0}, {"x": 218.0, "y": 137.0}]}, "description": " HK"}, {"boundingPoly": {"vertices": [{"x": 20.0, "y": 181.0}, {"x": 51.0, "y": 181.0}, {"x": 51.0, "y": 212.0}, {"x": 20.0, "y": 212.0}]}, "description": " \u5957 \u88c5"}, {"boundingPoly": {"vertices": [{"x": 15.0, "y": 216.0}, {"x": 49.0, "y": 216.0}, {"x": 49.0, "y": 236.0}, {"x": 15.0, "y": 235.0}]}, "description": "\u65e5\u671f"}, {"boundingPoly": {"vertices": [{"x": 14.0, "y": 237.0}, {"x": 49.0, "y": 236.0}, {"x": 48.0, "y": 255.0}, {"x": 15.0, "y": 255.0}]}, "description": "\u5177\u5de5"}, {"boundingPoly": {"vertices": [{"x": 57.0, "y": 182.0}, {"x": 95.0, "y": 182.0}, {"x": 95.0, "y": 213.0}, {"x": 57.0, "y": 213.0}]}, "description": " :16"}, {"boundingPoly": {"vertices": [{"x": 67.0, "y": 216.0}, {"x": 130.0, "y": 216.0}, {"x": 130.0, "y": 235.0}, {"x": 67.0, "y": 235.0}]}, "description": " : 25 Se"}, {"boundingPoly": {"vertices": [{"x": 127.0, "y": 181.0}, {"x": 156.0, "y": 181.0}, {"x": 156.0, "y": 215.0}, {"x": 127.0, "y": 215.0}]}, "description": " \u4eba \u6570"}, {"boundingPoly": {"vertices": [{"x": 163.0, "y": 180.0}, {"x": 257.0, "y": 180.0}, {"x": 257.0, "y": 215.0}, {"x": 163.0, "y": 215.0}]}, "description": " :5 \u5355 \u53f7 \u79f0 #"}, {"boundingPoly": {"vertices": [{"x": 202.0, "y": 216.0}, {"x": 262.0, "y": 216.0}, {"x": 262.0, "y": 237.0}, {"x": 202.0, "y": 237.0}]}, "description": " \u7528 \u55ae \u6642 \u9593"}, {"boundingPoly": {"vertices": [{"x": 234.0, "y": 237.0}, {"x": 263.0, "y": 237.0}, {"x": 263.0, "y": 257.0}, {"x": 234.0, "y": 257.0}]}, "description": " \u5370 \u7ae0"}, {"boundingPoly": {"vertices": [{"x": 263.0, "y": 181.0}, {"x": 324.0, "y": 181.0}, {"x": 324.0, "y": 214.0}, {"x": 263.0, "y": 214.0}]}, "description": " :261476"}, {"boundingPoly": {"vertices": [{"x": 272.0, "y": 216.0}, {"x": 323.0, "y": 216.0}, {"x": 323.0, "y": 236.0}, {"x": 272.0, "y": 236.0}]}, "description": " :17:55"}, {"boundingPoly": {"vertices": [{"x": 273.0, "y": 238.0}, {"x": 302.0, "y": 238.0}, {"x": 302.0, "y": 256.0}, {"x": 273.0, "y": 256.0}]}, "description": " : 1"}, {"boundingPoly": {"vertices": [{"x": 15.0, "y": 279.0}, {"x": 26.0, "y": 279.0}, {"x": 25.0, "y": 295.0}, {"x": 14.0, "y": 294.0}]}, "description": "5"}, {"boundingPoly": {"vertices": [{"x": 268.0, "y": 278.0}, {"x": 318.0, "y": 278.0}, {"x": 318.0, "y": 296.0}, {"x": 268.0, "y": 296.0}]}, "description": "390.00"}, {"boundingPoly": {"vertices": [{"x": 17.0, "y": 320.0}, {"x": 48.0, "y": 318.0}, {"x": 49.0, "y": 334.0}, {"x": 17.0, "y": 335.0}]}, "description": "1.50"}, {"boundingPoly": {"vertices": [{"x": 270.0, "y": 318.0}, {"x": 318.0, "y": 319.0}, {"x": 318.0, "y": 338.0}, {"x": 270.0, "y": 338.0}]}, "description": "252.00"}, {"boundingPoly": {"vertices": [{"x": 16.0, "y": 365.0}, {"x": 30.0, "y": 365.0}, {"x": 29.0, "y": 381.0}, {"x": 15.0, "y": 381.0}]}, "description": "3"}, {"boundingPoly": {"vertices": [{"x": 276.0, "y": 362.0}, {"x": 315.0, "y": 364.0}, {"x": 315.0, "y": 382.0}, {"x": 276.0, "y": 382.0}]}, "description": "60.00"}, {"boundingPoly": {"vertices": [{"x": 18.0, "y": 409.0}, {"x": 31.0, "y": 410.0}, {"x": 30.0, "y": 425.0}, {"x": 17.0, "y": 424.0}]}, "description": "5"}, {"boundingPoly": {"vertices": [{"x": 278.0, "y": 406.0}, {"x": 316.0, "y": 406.0}, {"x": 316.0, "y": 425.0}, {"x": 278.0, "y": 425.0}]}, "description": "40.00"}, {"boundingPoly": {"vertices": [{"x": 269.0, "y": 447.0}, {"x": 315.0, "y": 449.0}, {"x": 314.0, "y": 468.0}, {"x": 269.0, "y": 466.0}]}, "description": "288.00"}, {"boundingPoly": {"vertices": [{"x": 30.0, "y": 449.0}, {"x": 31.0, "y": 466.0}, {"x": 23.0, "y": 467.0}, {"x": 21.0, "y": 449.0}]}, "description": "--"}, {"boundingPoly": {"vertices": [{"x": 56.0, "y": 471.0}, {"x": 105.0, "y": 471.0}, {"x": 103.0, "y": 488.0}, {"x": 56.0, "y": 488.0}]}, "description": "ST PRA"}, {"boundingPoly": {"vertices": [{"x": 59.0, "y": 491.0}, {"x": 157.0, "y": 494.0}, {"x": 156.0, "y": 512.0}, {"x": 58.0, "y": 509.0}]}, "description": "\u7687\u724c\u64e6\u6728\u62fc\u7ad9"}, {"boundingPoly": {"vertices": [{"x": 60.0, "y": 511.0}, {"x": 69.0, "y": 511.0}, {"x": 69.0, "y": 529.0}, {"x": 60.0, "y": 529.0}]}, "description": " A."}, {"boundingPoly": {"vertices": [{"x": 61.0, "y": 531.0}, {"x": 181.0, "y": 531.0}, {"x": 181.0, "y": 551.0}, {"x": 61.0, "y": 551.0}]}, "description": "\u9ed1\u849c\u9c9c\u7f8a\u767e\u5408\u7092\u725b\u67f3"}, {"boundingPoly": {"vertices": [{"x": 57.0, "y": 551.0}, {"x": 174.0, "y": 552.0}, {"x": 174.0, "y": 570.0}, {"x": 57.0, "y": 569.0}]}, "description": "BEEF LILY BULBS"}, {"boundingPoly": {"vertices": [{"x": 63.0, "y": 571.0}, {"x": 184.0, "y": 572.0}, {"x": 184.0, "y": 591.0}, {"x": 63.0, "y": 589.0}]}, "description": "\u9ed1\u677e\u9732\u9171\u9999\u714e\u9152\u9b5a"}, {"boundingPoly": {"vertices": [{"x": 62.0, "y": 590.0}, {"x": 191.0, "y": 590.0}, {"x": 190.0, "y": 609.0}, {"x": 62.0, "y": 607.0}]}, "description": "COD BLACK TRUFFLE"}, {"boundingPoly": {"vertices": [{"x": 64.0, "y": 609.0}, {"x": 141.0, "y": 609.0}, {"x": 141.0, "y": 628.0}, {"x": 64.0, "y": 628.0}]}, "description": "\u4e94\u9999\u5364\u725b\u5c55"}, {"boundingPoly": {"vertices": [{"x": 63.0, "y": 628.0}, {"x": 167.0, "y": 629.0}, {"x": 167.0, "y": 644.0}, {"x": 63.0, "y": 643.0}]}, "description": "SLICED SHIN BE"}, {"boundingPoly": {"vertices": [{"x": 64.0, "y": 645.0}, {"x": 94.0, "y": 645.0}, {"x": 94.0, "y": 660.0}, {"x": 63.0, "y": 660.0}]}, "description": "SODA"}, {"boundingPoly": {"vertices": [{"x": 266.0, "y": 489.0}, {"x": 314.0, "y": 490.0}, {"x": 313.0, "y": 509.0}, {"x": 266.0, "y": 510.0}]}, "description": "208.00"}, {"boundingPoly": {"vertices": [{"x": 72.0, "y": 511.0}, {"x": 172.0, "y": 511.0}, {"x": 172.0, "y": 530.0}, {"x": 72.0, "y": 530.0}]}, "description": " MEAT COMBINA"}, {"boundingPoly": {"vertices": [{"x": 268.0, "y": 531.0}, {"x": 315.0, "y": 531.0}, {"x": 315.0, "y": 549.0}, {"x": 267.0, "y": 549.0}]}, "description": "298.00"}, {"boundingPoly": {"vertices": [{"x": 269.0, "y": 571.0}, {"x": 314.0, "y": 571.0}, {"x": 314.0, "y": 590.0}, {"x": 269.0, "y": 590.0}]}, "description": "398.00"}, {"boundingPoly": {"vertices": [{"x": 269.0, "y": 613.0}, {"x": 314.0, "y": 612.0}, {"x": 314.0, "y": 630.0}, {"x": 269.0, "y": 631.0}]}, "description": "128.00"}, {"boundingPoly": {"vertices": [{"x": 272.0, "y": 650.0}, {"x": 312.0, "y": 650.0}, {"x": 312.0, "y": 668.0}, {"x": 272.0, "y": 667.0}]}, "description": "38.00"}, {"boundingPoly": {"vertices": [{"x": 61.0, "y": 681.0}, {"x": 130.0, "y": 682.0}, {"x": 129.0, "y": 700.0}, {"x": 61.0, "y": 699.0}]}, "description": "COKE ZERO"}, {"boundingPoly": {"vertices": [{"x": 273.0, "y": 687.0}, {"x": 314.0, "y": 689.0}, {"x": 313.0, "y": 706.0}, {"x": 273.0, "y": 705.0}]}, "description": "38.00"}, {"boundingPoly": {"vertices": [{"x": 193.0, "y": 744.0}, {"x": 226.0, "y": 744.0}, {"x": 225.0, "y": 763.0}, {"x": 192.0, "y": 763.0}]}, "description": "\u5fb7\u8a08"}, {"boundingPoly": {"vertices": [{"x": 260.0, "y": 746.0}, {"x": 314.0, "y": 748.0}, {"x": 313.0, "y": 766.0}, {"x": 259.0, "y": 764.0}]}, "description": "2768.00"}, {"boundingPoly": {"vertices": [{"x": 21.0, "y": 820.0}, {"x": 100.0, "y": 821.0}, {"x": 100.0, "y": 839.0}, {"x": 21.0, "y": 839.0}]}, "description": "MEMBERSHIP"}, {"boundingPoly": {"vertices": [{"x": 24.0, "y": 841.0}, {"x": 55.0, "y": 841.0}, {"x": 55.0, "y": 859.0}, {"x": 23.0, "y": 859.0}]}, "description": "\u5c0f\u773c"}, {"boundingPoly": {"vertices": [{"x": 192.0, "y": 825.0}, {"x": 322.0, "y": 825.0}, {"x": 322.0, "y": 846.0}, {"x": 192.0, "y": 846.0}]}, "description": " 2768.00 19:46:17"}, {"boundingPoly": {"vertices": [{"x": 214.0, "y": 846.0}, {"x": 246.0, "y": 845.0}, {"x": 245.0, "y": 863.0}, {"x": 214.0, "y": 862.0}]}, "description": "0.00"}, {"boundingPoly": {"vertices": [{"x": 29.0, "y": 878.0}, {"x": 82.0, "y": 878.0}, {"x": 82.0, "y": 895.0}, {"x": 29.0, "y": 895.0}]}, "description": " \u98df \u5458 \u7f16 \u865f"}, {"boundingPoly": {"vertices": [{"x": 24.0, "y": 893.0}, {"x": 102.0, "y": 893.0}, {"x": 102.0, "y": 912.0}, {"x": 24.0, "y": 912.0}]}, "description": " First Name"}, {"boundingPoly": {"vertices": [{"x": 25.0, "y": 910.0}, {"x": 93.0, "y": 910.0}, {"x": 93.0, "y": 928.0}, {"x": 25.0, "y": 928.0}]}, "description": " Last Name"}, {"boundingPoly": {"vertices": [{"x": 94.0, "y": 879.0}, {"x": 157.0, "y": 879.0}, {"x": 157.0, "y": 896.0}, {"x": 94.0, "y": 896.0}]}, "description": " :A033010"}, {"boundingPoly": {"vertices": [{"x": 23.0, "y": 998.0}, {"x": 50.0, "y": 998.0}, {"x": 50.0, "y": 1015.0}, {"x": 23.0, "y": 1015.0}]}, "description": " \u7f8e \u540d"}, {"boundingPoly": {"vertices": [{"x": 60.0, "y": 1000.0}, {"x": 68.0, "y": 1000.0}, {"x": 68.0, "y": 1016.0}, {"x": 60.0, "y": 1016.0}]}, "description": " :"}, {"boundingPoly": {"vertices": [{"x": 98.0, "y": 1114.0}, {"x": 245.0, "y": 1119.0}, {"x": 244.0, "y": 1138.0}, {"x": 98.0, "y": 1134.0}]}, "description": "Thank You \u591a\u8c22\u60e0\u987e"}, {"boundingPoly": {"vertices": [{"x": 101.0, "y": 1138.0}, {"x": 209.0, "y": 1138.0}, {"x": 209.0, "y": 1176.0}, {"x": 101.0, "y": 1176.0}]}, "description": " \u6b64 \u65e9 \u5df2 \u4ed8 \u6b3e >>"}, {"boundingPoly": {"vertices": [{"x": 75.0, "y": 1137.0}, {"x": 95.0, "y": 1137.0}, {"x": 95.0, "y": 1173.0}, {"x": 75.0, "y": 1173.0}]}, "description": " \u300a <"}]}