{"textAnnotations": [{"boundingPoly": {"vertices": [{"x": 204.0, "y": 89.0}, {"x": 321.0, "y": 89.0}, {"x": 321.0, "y": 114.0}, {"x": 204.0, "y": 113.0}]}, "description": "SSP France"}, {"boundingPoly": {"vertices": [{"x": 206.0, "y": 119.0}, {"x": 311.0, "y": 119.0}, {"x": 311.0, "y": 145.0}, {"x": 206.0, "y": 144.0}]}, "description": "merchant name"}, {"boundingPoly": {"vertices": [{"x": 173.0, "y": 151.0}, {"x": 325.0, "y": 151.0}, {"x": 325.0, "y": 177.0}, {"x": 173.0, "y": 177.0}]}, "description": "merchant address"}, {"boundingPoly": {"vertices": [{"x": 206.0, "y": 182.0}, {"x": 319.0, "y": 182.0}, {"x": 319.0, "y": 206.0}, {"x": 206.0, "y": 206.0}]}, "description": "merchant address"}, {"boundingPoly": {"vertices": [{"x": 329.0, "y": 152.0}, {"x": 343.0, "y": 152.0}, {"x": 343.0, "y": 177.0}, {"x": 329.0, "y": 177.0}]}, "description": "merchant address"}, {"boundingPoly": {"vertices": [{"x": 96.0, "y": 245.0}, {"x": 266.0, "y": 246.0}, {"x": 266.0, "y": 272.0}, {"x": 96.0, "y": 271.0}]}, "description": "3001838 Fafou M"}, {"boundingPoly": {"vertices": [{"x": 88.0, "y": 312.0}, {"x": 204.0, "y": 312.0}, {"x": 204.0, "y": 335.0}, {"x": 88.0, "y": 335.0}]}, "description": " Fct 3513 N"}, {"boundingPoly": {"vertices": [{"x": 185.0, "y": 338.0}, {"x": 341.0, "y": 338.0}, {"x": 341.0, "y": 359.0}, {"x": 185.0, "y": 359.0}]}, "description": " 07NOV' 19 19:14"}, {"boundingPoly": {"vertices": [{"x": 209.0, "y": 312.0}, {"x": 441.0, "y": 312.0}, {"x": 441.0, "y": 335.0}, {"x": 209.0, "y": 335.0}]}, "description": " :0001-0078308 Cvt 0"}, {"boundingPoly": {"vertices": [{"x": 128.0, "y": 391.0}, {"x": 328.0, "y": 391.0}, {"x": 328.0, "y": 414.0}, {"x": 128.0, "y": 414.0}]}, "description": "Sur place"}, {"boundingPoly": {"vertices": [{"x": 125.0, "y": 418.0}, {"x": 298.0, "y": 418.0}, {"x": 298.0, "y": 443.0}, {"x": 125.0, "y": 443.0}]}, "description": " STB Caffe Latte"}, {"boundingPoly": {"vertices": [{"x": 128.0, "y": 447.0}, {"x": 142.0, "y": 449.0}, {"x": 141.0, "y": 468.0}, {"x": 126.0, "y": 467.0}]}, "description": "T"}, {"boundingPoly": {"vertices": [{"x": 126.0, "y": 475.0}, {"x": 300.0, "y": 475.0}, {"x": 300.0, "y": 502.0}, {"x": 126.0, "y": 502.0}]}, "description": " STB Carrot Cake"}, {"boundingPoly": {"vertices": [{"x": 126.0, "y": 504.0}, {"x": 311.0, "y": 504.0}, {"x": 311.0, "y": 533.0}, {"x": 126.0, "y": 533.0}]}, "description": " STB Roll English"}, {"boundingPoly": {"vertices": [{"x": 129.0, "y": 535.0}, {"x": 232.0, "y": 536.0}, {"x": 232.0, "y": 560.0}, {"x": 129.0, "y": 558.0}]}, "description": "Croissant"}, {"boundingPoly": {"vertices": [{"x": 128.0, "y": 565.0}, {"x": 256.0, "y": 568.0}, {"x": 256.0, "y": 592.0}, {"x": 128.0, "y": 589.0}]}, "description": "Carte Bleue"}, {"boundingPoly": {"vertices": [{"x": 110.0, "y": 418.0}, {"x": 121.0, "y": 418.0}, {"x": 121.0, "y": 442.0}, {"x": 110.0, "y": 442.0}]}, "description": " 1"}, {"boundingPoly": {"vertices": [{"x": 360.0, "y": 419.0}, {"x": 409.0, "y": 420.0}, {"x": 409.0, "y": 442.0}, {"x": 360.0, "y": 442.0}]}, "description": "5.00"}, {"boundingPoly": {"vertices": [{"x": 109.0, "y": 475.0}, {"x": 121.0, "y": 475.0}, {"x": 121.0, "y": 498.0}, {"x": 109.0, "y": 498.0}]}, "description": " 1"}, {"boundingPoly": {"vertices": [{"x": 109.0, "y": 504.0}, {"x": 122.0, "y": 504.0}, {"x": 122.0, "y": 528.0}, {"x": 109.0, "y": 528.0}]}, "description": " 1"}, {"boundingPoly": {"vertices": [{"x": 361.0, "y": 479.0}, {"x": 408.0, "y": 479.0}, {"x": 407.0, "y": 502.0}, {"x": 361.0, "y": 501.0}]}, "description": "4.30"}, {"boundingPoly": {"vertices": [{"x": 361.0, "y": 509.0}, {"x": 408.0, "y": 510.0}, {"x": 407.0, "y": 533.0}, {"x": 360.0, "y": 533.0}]}, "description": "6.30"}, {"boundingPoly": {"vertices": [{"x": 354.0, "y": 572.0}, {"x": 407.0, "y": 572.0}, {"x": 406.0, "y": 597.0}, {"x": 355.0, "y": 596.0}]}, "description": "15.60"}, {"boundingPoly": {"vertices": [{"x": 146.0, "y": 659.0}, {"x": 279.0, "y": 660.0}, {"x": 279.0, "y": 684.0}, {"x": 146.0, "y": 683.0}]}, "description": "1.42 TVA 10%"}, {"boundingPoly": {"vertices": [{"x": 186.0, "y": 687.0}, {"x": 266.0, "y": 689.0}, {"x": 266.0, "y": 707.0}, {"x": 186.0, "y": 705.0}]}, "description": "TTL Net"}, {"boundingPoly": {"vertices": [{"x": 131.0, "y": 711.0}, {"x": 242.0, "y": 712.0}, {"x": 242.0, "y": 733.0}, {"x": 131.0, "y": 733.0}]}, "description": "Sous Total"}, {"boundingPoly": {"vertices": [{"x": 129.0, "y": 739.0}, {"x": 234.0, "y": 740.0}, {"x": 233.0, "y": 762.0}, {"x": 129.0, "y": 761.0}]}, "description": "Reglement"}, {"boundingPoly": {"vertices": [{"x": 375.0, "y": 662.0}, {"x": 427.0, "y": 662.0}, {"x": 427.0, "y": 683.0}, {"x": 376.0, "y": 685.0}]}, "description": "15.60"}, {"boundingPoly": {"vertices": [{"x": 375.0, "y": 689.0}, {"x": 429.0, "y": 688.0}, {"x": 429.0, "y": 708.0}, {"x": 375.0, "y": 708.0}]}, "description": "14.18"}, {"boundingPoly": {"vertices": [{"x": 354.0, "y": 712.0}, {"x": 406.0, "y": 712.0}, {"x": 406.0, "y": 732.0}, {"x": 354.0, "y": 732.0}]}, "description": "15.60"}, {"boundingPoly": {"vertices": [{"x": 303.0, "y": 738.0}, {"x": 407.0, "y": 736.0}, {"x": 407.0, "y": 760.0}, {"x": 303.0, "y": 761.0}]}, "description": "15.60"}, {"boundingPoly": {"vertices": [{"x": 84.0, "y": 796.0}, {"x": 387.0, "y": 797.0}, {"x": 387.0, "y": 820.0}, {"x": 84.0, "y": 818.0}]}, "description": "*** Merci et bon voyage ***"}, {"boundingPoly": {"vertices": [{"x": 84.0, "y": 824.0}, {"x": 235.0, "y": 824.0}, {"x": 235.0, "y": 848.0}, {"x": 84.0, "y": 848.0}]}, "description": " RCS DE PARIS:"}, {"boundingPoly": {"vertices": [{"x": 239.0, "y": 824.0}, {"x": 344.0, "y": 824.0}, {"x": 344.0, "y": 847.0}, {"x": 239.0, "y": 847.0}]}, "description": " XXXXXXXXX"}, {"boundingPoly": {"vertices": [{"x": 83.0, "y": 883.0}, {"x": 365.0, "y": 883.0}, {"x": 365.0, "y": 905.0}, {"x": 83.0, "y": 906.0}]}, "description": "Votre avis nous interesse"}, {"boundingPoly": {"vertices": [{"x": 82.0, "y": 919.0}, {"x": 122.0, "y": 919.0}, {"x": 122.0, "y": 928.0}, {"x": 82.0, "y": 928.0}]}, "description": "----"}, {"boundingPoly": {"vertices": [{"x": 80.0, "y": 941.0}, {"x": 179.0, "y": 941.0}, {"x": 179.0, "y": 966.0}, {"x": 80.0, "y": 966.0}]}, "description": " Code UR:"}, {"boundingPoly": {"vertices": [{"x": 183.0, "y": 941.0}, {"x": 254.0, "y": 941.0}, {"x": 254.0, "y": 964.0}, {"x": 183.0, "y": 964.0}]}, "description": " 701110"}, {"boundingPoly": {"vertices": [{"x": 86.0, "y": 1192.0}, {"x": 419.0, "y": 1191.0}, {"x": 419.0, "y": 1214.0}, {"x": 87.0, "y": 1215.0}]}, "description": "Rendez-vous sur notre site web"}, {"boundingPoly": {"vertices": [{"x": 89.0, "y": 1222.0}, {"x": 277.0, "y": 1219.0}, {"x": 277.0, "y": 1241.0}, {"x": 89.0, "y": 1243.0}]}, "description": "go to the website"}, {"boundingPoly": {"vertices": [{"x": 90.0, "y": 1249.0}, {"x": 343.0, "y": 1245.0}, {"x": 343.0, "y": 1267.0}, {"x": 90.0, "y": 1270.0}]}, "description": "www.eatonthemove.com/FR"}]}