{"textAnnotations": [{"boundingPoly": {"vertices": [{"x": 66.0, "y": 39.0}, {"x": 258.0, "y": 41.0}, {"x": 257.0, "y": 63.0}, {"x": 66.0, "y": 60.0}]}, "description": "merchant name"}, {"boundingPoly": {"vertices": [{"x": 69.0, "y": 82.0}, {"x": 199.0, "y": 85.0}, {"x": 198.0, "y": 102.0}, {"x": 69.0, "y": 99.0}]}, "description": "merchant address"}, {"boundingPoly": {"vertices": [{"x": 68.0, "y": 107.0}, {"x": 260.0, "y": 111.0}, {"x": 260.0, "y": 129.0}, {"x": 68.0, "y": 125.0}]}, "description": "merchant address"}, {"boundingPoly": {"vertices": [{"x": 68.0, "y": 132.0}, {"x": 234.0, "y": 138.0}, {"x": 233.0, "y": 155.0}, {"x": 67.0, "y": 148.0}]}, "description": "bluebottlecoffee.com"}, {"boundingPoly": {"vertices": [{"x": 68.0, "y": 157.0}, {"x": 202.0, "y": 162.0}, {"x": 201.0, "y": 179.0}, {"x": 67.0, "y": 173.0}]}, "description": "@bluebottleroast"}, {"boundingPoly": {"vertices": [{"x": 305.0, "y": 88.0}, {"x": 408.0, "y": 89.0}, {"x": 407.0, "y": 108.0}, {"x": 305.0, "y": 106.0}]}, "description": "Nov 15, 2019"}, {"boundingPoly": {"vertices": [{"x": 339.0, "y": 115.0}, {"x": 404.0, "y": 115.0}, {"x": 404.0, "y": 134.0}, {"x": 339.0, "y": 134.0}]}, "description": " 4:24 PM"}, {"boundingPoly": {"vertices": [{"x": 181.0, "y": 203.0}, {"x": 286.0, "y": 206.0}, {"x": 286.0, "y": 222.0}, {"x": 181.0, "y": 219.0}]}, "description": "PURCHASE"}, {"boundingPoly": {"vertices": [{"x": 63.0, "y": 239.0}, {"x": 117.0, "y": 239.0}, {"x": 117.0, "y": 258.0}, {"x": 63.0, "y": 258.0}]}, "description": " Ticket:"}, {"boundingPoly": {"vertices": [{"x": 61.0, "y": 264.0}, {"x": 230.0, "y": 268.0}, {"x": 230.0, "y": 285.0}, {"x": 61.0, "y": 281.0}]}, "description": "Authorization 802204"}, {"boundingPoly": {"vertices": [{"x": 59.0, "y": 289.0}, {"x": 168.0, "y": 291.0}, {"x": 167.0, "y": 309.0}, {"x": 59.0, "y": 306.0}]}, "description": "Receipt CtXG"}, {"boundingPoly": {"vertices": [{"x": 119.0, "y": 241.0}, {"x": 165.0, "y": 241.0}, {"x": 165.0, "y": 259.0}, {"x": 119.0, "y": 259.0}]}, "description": " Vlasti"}, {"boundingPoly": {"vertices": [{"x": 56.0, "y": 336.0}, {"x": 229.0, "y": 341.0}, {"x": 228.0, "y": 358.0}, {"x": 56.0, "y": 352.0}]}, "description": "AMERICAN EXPRESS"}, {"boundingPoly": {"vertices": [{"x": 59.0, "y": 361.0}, {"x": 275.0, "y": 366.0}, {"x": 274.0, "y": 383.0}, {"x": 59.0, "y": 378.0}]}, "description": "AID A0 00 00 00 25 01 08 01"}, {"boundingPoly": {"vertices": [{"x": 203.0, "y": 398.0}, {"x": 249.0, "y": 399.0}, {"x": 249.0, "y": 413.0}, {"x": 203.0, "y": 412.0}]}, "description": "TO GO"}, {"boundingPoly": {"vertices": [{"x": 56.0, "y": 434.0}, {"x": 153.0, "y": 435.0}, {"x": 153.0, "y": 453.0}, {"x": 56.0, "y": 452.0}]}, "description": "Cappuccino"}, {"boundingPoly": {"vertices": [{"x": 56.0, "y": 459.0}, {"x": 313.0, "y": 460.0}, {"x": 313.0, "y": 478.0}, {"x": 56.0, "y": 477.0}]}, "description": "Hayes Valley, Almond Milk ($1.00)"}, {"boundingPoly": {"vertices": [{"x": 346.0, "y": 437.0}, {"x": 390.0, "y": 437.0}, {"x": 390.0, "y": 453.0}, {"x": 346.0, "y": 453.0}]}, "description": "$6.00"}, {"boundingPoly": {"vertices": [{"x": 57.0, "y": 497.0}, {"x": 153.0, "y": 497.0}, {"x": 153.0, "y": 514.0}, {"x": 57.0, "y": 514.0}]}, "description": "Cappuccino"}, {"boundingPoly": {"vertices": [{"x": 56.0, "y": 520.0}, {"x": 334.0, "y": 519.0}, {"x": 334.0, "y": 535.0}, {"x": 56.0, "y": 537.0}]}, "description": "Hayes Valley, Whole Milk, Flat White"}, {"boundingPoly": {"vertices": [{"x": 343.0, "y": 498.0}, {"x": 387.0, "y": 498.0}, {"x": 387.0, "y": 512.0}, {"x": 343.0, "y": 513.0}]}, "description": "$5.00"}, {"boundingPoly": {"vertices": [{"x": 56.0, "y": 563.0}, {"x": 122.0, "y": 563.0}, {"x": 122.0, "y": 579.0}, {"x": 56.0, "y": 579.0}]}, "description": "Subtotal"}, {"boundingPoly": {"vertices": [{"x": 55.0, "y": 587.0}, {"x": 231.0, "y": 584.0}, {"x": 232.0, "y": 603.0}, {"x": 55.0, "y": 605.0}]}, "description": "Healthy SF Surcharge*"}, {"boundingPoly": {"vertices": [{"x": 341.0, "y": 558.0}, {"x": 388.0, "y": 558.0}, {"x": 388.0, "y": 574.0}, {"x": 340.0, "y": 575.0}]}, "description": "$11.00"}, {"boundingPoly": {"vertices": [{"x": 346.0, "y": 582.0}, {"x": 390.0, "y": 582.0}, {"x": 390.0, "y": 597.0}, {"x": 345.0, "y": 598.0}]}, "description": "$0.44"}, {"boundingPoly": {"vertices": [{"x": 56.0, "y": 638.0}, {"x": 96.0, "y": 638.0}, {"x": 96.0, "y": 653.0}, {"x": 56.0, "y": 653.0}]}, "description": "Total"}, {"boundingPoly": {"vertices": [{"x": 56.0, "y": 661.0}, {"x": 193.0, "y": 658.0}, {"x": 194.0, "y": 676.0}, {"x": 56.0, "y": 679.0}]}, "description": "AmEx 1000 (Chip)"}, {"boundingPoly": {"vertices": [{"x": 335.0, "y": 631.0}, {"x": 392.0, "y": 630.0}, {"x": 392.0, "y": 646.0}, {"x": 335.0, "y": 648.0}]}, "description": "$11.44"}, {"boundingPoly": {"vertices": [{"x": 341.0, "y": 655.0}, {"x": 392.0, "y": 654.0}, {"x": 393.0, "y": 668.0}, {"x": 342.0, "y": 670.0}]}, "description": "$11.44"}, {"boundingPoly": {"vertices": [{"x": 72.0, "y": 725.0}, {"x": 175.0, "y": 725.0}, {"x": 175.0, "y": 746.0}, {"x": 72.0, "y": 746.0}]}, "description": " Order ahead:"}, {"boundingPoly": {"vertices": [{"x": 177.0, "y": 719.0}, {"x": 379.0, "y": 719.0}, {"x": 379.0, "y": 742.0}, {"x": 177.0, "y": 742.0}]}, "description": " Download our mobile app"}, {"boundingPoly": {"vertices": [{"x": 87.0, "y": 749.0}, {"x": 364.0, "y": 739.0}, {"x": 365.0, "y": 755.0}, {"x": 87.0, "y": 766.0}]}, "description": "now available on the iOS App Store."}, {"boundingPoly": {"vertices": [{"x": 221.0, "y": 783.0}, {"x": 345.0, "y": 783.0}, {"x": 345.0, "y": 807.0}, {"x": 221.0, "y": 807.0}]}, "description": " For a refund on"}, {"boundingPoly": {"vertices": [{"x": 74.0, "y": 838.0}, {"x": 380.0, "y": 824.0}, {"x": 381.0, "y": 839.0}, {"x": 75.0, "y": 854.0}]}, "description": "ask that you return the item to the cafe"}, {"boundingPoly": {"vertices": [{"x": 68.0, "y": 875.0}, {"x": 390.0, "y": 857.0}, {"x": 391.0, "y": 871.0}, {"x": 69.0, "y": 892.0}]}, "description": "with a receipt, and within 30 days. We are"}, {"boundingPoly": {"vertices": [{"x": 84.0, "y": 915.0}, {"x": 376.0, "y": 892.0}, {"x": 377.0, "y": 907.0}, {"x": 85.0, "y": 931.0}]}, "description": "an item is returned at a different store"}, {"boundingPoly": {"vertices": [{"x": 69.0, "y": 978.0}, {"x": 392.0, "y": 944.0}, {"x": 394.0, "y": 960.0}, {"x": 70.0, "y": 995.0}]}, "description": "If you purchased your merchandise online,"}, {"boundingPoly": {"vertices": [{"x": 157.0, "y": 1022.0}, {"x": 318.0, "y": 1010.0}, {"x": 319.0, "y": 1024.0}, {"x": 158.0, "y": 1037.0}]}, "description": "about online returns."}, {"boundingPoly": {"vertices": [{"x": 80.0, "y": 1053.0}, {"x": 397.0, "y": 1038.0}, {"x": 398.0, "y": 1053.0}, {"x": 80.0, "y": 1068.0}]}, "description": "*A 4% surcharge is added in support of"}, {"boundingPoly": {"vertices": [{"x": 111.0, "y": 788.0}, {"x": 219.0, "y": 788.0}, {"x": 219.0, "y": 810.0}, {"x": 111.0, "y": 810.0}]}, "description": " Return Policy:"}, {"boundingPoly": {"vertices": [{"x": 70.0, "y": 816.0}, {"x": 385.0, "y": 804.0}, {"x": 385.0, "y": 820.0}, {"x": 70.0, "y": 834.0}]}, "description": "merchandise purchased in our cafes, we"}, {"boundingPoly": {"vertices": [{"x": 68.0, "y": 857.0}, {"x": 387.0, "y": 841.0}, {"x": 388.0, "y": 855.0}, {"x": 69.0, "y": 872.0}]}, "description": "where it was purchased in new condition,"}, {"boundingPoly": {"vertices": [{"x": 377.0, "y": 873.0}, {"x": 393.0, "y": 873.0}, {"x": 393.0, "y": 889.0}, {"x": 377.0, "y": 889.0}]}, "description": " if"}, {"boundingPoly": {"vertices": [{"x": 67.0, "y": 875.0}, {"x": 374.0, "y": 875.0}, {"x": 374.0, "y": 914.0}, {"x": 67.0, "y": 914.0}]}, "description": " happy to offer exchanges or store credit"}, {"boundingPoly": {"vertices": [{"x": 199.0, "y": 925.0}, {"x": 265.0, "y": 919.0}, {"x": 266.0, "y": 933.0}, {"x": 200.0, "y": 940.0}]}, "description": "location."}, {"boundingPoly": {"vertices": [{"x": 185.0, "y": 986.0}, {"x": 285.0, "y": 974.0}, {"x": 287.0, "y": 990.0}, {"x": 187.0, "y": 1002.0}]}, "description": "please email"}, {"boundingPoly": {"vertices": [{"x": 82.0, "y": 1012.0}, {"x": 384.0, "y": 984.0}, {"x": 386.0, "y": 1000.0}, {"x": 83.0, "y": 1027.0}]}, "description": "support@bluebottlecoffee.com to learn"}, {"boundingPoly": {"vertices": [{"x": 84.0, "y": 1069.0}, {"x": 400.0, "y": 1055.0}, {"x": 400.0, "y": 1068.0}, {"x": 85.0, "y": 1083.0}]}, "description": "employee healthcare In San Francisco"}]}