{"textAnnotations": [{"boundingPoly": {"vertices": [{"x": 74.0, "y": 88.0}, {"x": 169.0, "y": 88.0}, {"x": 169.0, "y": 143.0}, {"x": 74.0, "y": 143.0}]}, "description": " Coffee"}, {"boundingPoly": {"vertices": [{"x": 79.0, "y": 158.0}, {"x": 385.0, "y": 166.0}, {"x": 384.0, "y": 239.0}, {"x": 77.0, "y": 233.0}]}, "description": "merchant name"}, {"boundingPoly": {"vertices": [{"x": 189.0, "y": 290.0}, {"x": 308.0, "y": 290.0}, {"x": 308.0, "y": 324.0}, {"x": 189.0, "y": 324.0}]}, "description": "merchant address"}, {"boundingPoly": {"vertices": [{"x": 190.0, "y": 349.0}, {"x": 289.0, "y": 347.0}, {"x": 290.0, "y": 371.0}, {"x": 190.0, "y": 374.0}]}, "description": "merchant phone"}, {"boundingPoly": {"vertices": [{"x": 177.0, "y": 99.0}, {"x": 191.0, "y": 99.0}, {"x": 191.0, "y": 143.0}, {"x": 177.0, "y": 143.0}]}, "description": " +"}, {"boundingPoly": {"vertices": [{"x": 200.0, "y": 86.0}, {"x": 378.0, "y": 86.0}, {"x": 378.0, "y": 143.0}, {"x": 200.0, "y": 143.0}]}, "description": " cookies for"}, {"boundingPoly": {"vertices": [{"x": 255.0, "y": 141.0}, {"x": 428.0, "y": 110.0}, {"x": 434.0, "y": 149.0}, {"x": 258.0, "y": 176.0}]}, "description": "RBA Heeg"}, {"boundingPoly": {"vertices": [{"x": 161.0, "y": 295.0}, {"x": 184.0, "y": 295.0}, {"x": 184.0, "y": 322.0}, {"x": 161.0, "y": 322.0}]}, "description": "merchant address"}, {"boundingPoly": {"vertices": [{"x": 99.0, "y": 315.0}, {"x": 376.0, "y": 304.0}, {"x": 377.0, "y": 338.0}, {"x": 100.0, "y": 346.0}]}, "description": "merchant address"}, {"boundingPoly": {"vertices": [{"x": 46.0, "y": 396.0}, {"x": 127.0, "y": 398.0}, {"x": 127.0, "y": 434.0}, {"x": 46.0, "y": 430.0}]}, "description": "Take Out"}, {"boundingPoly": {"vertices": [{"x": 43.0, "y": 434.0}, {"x": 126.0, "y": 434.0}, {"x": 126.0, "y": 471.0}, {"x": 43.0, "y": 471.0}]}, "description": " Order #:"}, {"boundingPoly": {"vertices": [{"x": 48.0, "y": 488.0}, {"x": 59.0, "y": 489.0}, {"x": 58.0, "y": 502.0}, {"x": 48.0, "y": 500.0}]}, "description": "1"}, {"boundingPoly": {"vertices": [{"x": 49.0, "y": 510.0}, {"x": 58.0, "y": 512.0}, {"x": 57.0, "y": 523.0}, {"x": 48.0, "y": 521.0}]}, "description": "1"}, {"boundingPoly": {"vertices": [{"x": 129.0, "y": 439.0}, {"x": 167.0, "y": 439.0}, {"x": 167.0, "y": 473.0}, {"x": 129.0, "y": 473.0}]}, "description": " 377"}, {"boundingPoly": {"vertices": [{"x": 65.0, "y": 489.0}, {"x": 219.0, "y": 503.0}, {"x": 218.0, "y": 519.0}, {"x": 65.0, "y": 504.0}]}, "description": "MD Ref Specialty Tea"}, {"boundingPoly": {"vertices": [{"x": 78.0, "y": 538.0}, {"x": 113.0, "y": 540.0}, {"x": 111.0, "y": 559.0}, {"x": 76.0, "y": 556.0}]}, "description": "Milk"}, {"boundingPoly": {"vertices": [{"x": 68.0, "y": 565.0}, {"x": 141.0, "y": 570.0}, {"x": 140.0, "y": 588.0}, {"x": 67.0, "y": 583.0}]}, "description": "Btl Water"}, {"boundingPoly": {"vertices": [{"x": 77.0, "y": 593.0}, {"x": 136.0, "y": 593.0}, {"x": 136.0, "y": 615.0}, {"x": 77.0, "y": 615.0}]}, "description": " TR 2 of"}, {"boundingPoly": {"vertices": [{"x": 409.0, "y": 483.0}, {"x": 446.0, "y": 476.0}, {"x": 448.0, "y": 490.0}, {"x": 411.0, "y": 497.0}]}, "description": "$1.66"}, {"boundingPoly": {"vertices": [{"x": 78.0, "y": 511.0}, {"x": 207.0, "y": 523.0}, {"x": 205.0, "y": 540.0}, {"x": 76.0, "y": 528.0}]}, "description": "English Breakfast"}, {"boundingPoly": {"vertices": [{"x": 49.0, "y": 565.0}, {"x": 61.0, "y": 567.0}, {"x": 60.0, "y": 580.0}, {"x": 48.0, "y": 578.0}]}, "description": "1"}, {"boundingPoly": {"vertices": [{"x": 413.0, "y": 557.0}, {"x": 451.0, "y": 551.0}, {"x": 452.0, "y": 569.0}, {"x": 415.0, "y": 574.0}]}, "description": "$1.79"}, {"boundingPoly": {"vertices": [{"x": 139.0, "y": 597.0}, {"x": 151.0, "y": 597.0}, {"x": 151.0, "y": 616.0}, {"x": 139.0, "y": 616.0}]}, "description": " 7"}, {"boundingPoly": {"vertices": [{"x": 50.0, "y": 645.0}, {"x": 118.0, "y": 645.0}, {"x": 118.0, "y": 665.0}, {"x": 50.0, "y": 665.0}]}, "description": " Subtotal:"}, {"boundingPoly": {"vertices": [{"x": 50.0, "y": 670.0}, {"x": 68.0, "y": 670.0}, {"x": 68.0, "y": 688.0}, {"x": 50.0, "y": 688.0}]}, "description": " HST"}, {"boundingPoly": {"vertices": [{"x": 50.0, "y": 696.0}, {"x": 128.0, "y": 696.0}, {"x": 128.0, "y": 715.0}, {"x": 50.0, "y": 715.0}]}, "description": " Total Tax:"}, {"boundingPoly": {"vertices": [{"x": 51.0, "y": 725.0}, {"x": 173.0, "y": 725.0}, {"x": 173.0, "y": 767.0}, {"x": 51.0, "y": 767.0}]}, "description": " Grand Total:"}, {"boundingPoly": {"vertices": [{"x": 52.0, "y": 767.0}, {"x": 92.0, "y": 767.0}, {"x": 92.0, "y": 784.0}, {"x": 52.0, "y": 784.0}]}, "description": " AMEX:"}, {"boundingPoly": {"vertices": [{"x": 52.0, "y": 792.0}, {"x": 136.0, "y": 792.0}, {"x": 136.0, "y": 808.0}, {"x": 52.0, "y": 808.0}]}, "description": " Change Due:"}, {"boundingPoly": {"vertices": [{"x": 50.0, "y": 812.0}, {"x": 117.0, "y": 812.0}, {"x": 117.0, "y": 829.0}, {"x": 50.0, "y": 829.0}]}, "description": " Cashier:"}, {"boundingPoly": {"vertices": [{"x": 411.0, "y": 633.0}, {"x": 448.0, "y": 630.0}, {"x": 449.0, "y": 647.0}, {"x": 412.0, "y": 650.0}]}, "description": "$3.45"}, {"boundingPoly": {"vertices": [{"x": 412.0, "y": 657.0}, {"x": 450.0, "y": 654.0}, {"x": 451.0, "y": 670.0}, {"x": 413.0, "y": 674.0}]}, "description": "$0.17"}, {"boundingPoly": {"vertices": [{"x": 414.0, "y": 680.0}, {"x": 451.0, "y": 678.0}, {"x": 452.0, "y": 695.0}, {"x": 415.0, "y": 697.0}]}, "description": "$0.17"}, {"boundingPoly": {"vertices": [{"x": 399.0, "y": 709.0}, {"x": 452.0, "y": 706.0}, {"x": 454.0, "y": 741.0}, {"x": 401.0, "y": 745.0}]}, "description": "$3.62"}, {"boundingPoly": {"vertices": [{"x": 415.0, "y": 746.0}, {"x": 455.0, "y": 744.0}, {"x": 456.0, "y": 760.0}, {"x": 415.0, "y": 762.0}]}, "description": "$3.62"}, {"boundingPoly": {"vertices": [{"x": 418.0, "y": 771.0}, {"x": 456.0, "y": 768.0}, {"x": 457.0, "y": 785.0}, {"x": 418.0, "y": 787.0}]}, "description": "$0.00"}, {"boundingPoly": {"vertices": [{"x": 71.0, "y": 670.0}, {"x": 81.0, "y": 670.0}, {"x": 81.0, "y": 688.0}, {"x": 71.0, "y": 688.0}]}, "description": " :"}, {"boundingPoly": {"vertices": [{"x": 120.0, "y": 812.0}, {"x": 176.0, "y": 812.0}, {"x": 176.0, "y": 828.0}, {"x": 120.0, "y": 828.0}]}, "description": " SHIFT 2"}, {"boundingPoly": {"vertices": [{"x": 189.0, "y": 938.0}, {"x": 333.0, "y": 938.0}, {"x": 333.0, "y": 958.0}, {"x": 189.0, "y": 958.0}]}, "description": " GST/HST #:119394708"}, {"boundingPoly": {"vertices": [{"x": 173.0, "y": 964.0}, {"x": 341.0, "y": 964.0}, {"x": 341.0, "y": 986.0}, {"x": 173.0, "y": 986.0}]}, "description": " 11-20-2019 01:20:42 PM"}, {"boundingPoly": {"vertices": [{"x": 181.0, "y": 992.0}, {"x": 260.0, "y": 992.0}, {"x": 260.0, "y": 1011.0}, {"x": 181.0, "y": 1011.0}]}, "description": " Receipt #:"}, {"boundingPoly": {"vertices": [{"x": 263.0, "y": 992.0}, {"x": 335.0, "y": 992.0}, {"x": 335.0, "y": 1012.0}, {"x": 263.0, "y": 1012.0}]}, "description": " 354549103"}]}