{"textAnnotations": [{"boundingPoly": {"vertices": [{"x": 83.0, "y": 43.0}, {"x": 225.0, "y": 45.0}, {"x": 225.0, "y": 60.0}, {"x": 83.0, "y": 58.0}]}, "description": "merchant name"}, {"boundingPoly": {"vertices": [{"x": 90.0, "y": 63.0}, {"x": 226.0, "y": 65.0}, {"x": 226.0, "y": 80.0}, {"x": 90.0, "y": 77.0}]}, "description": "merchant address"}, {"boundingPoly": {"vertices": [{"x": 80.0, "y": 82.0}, {"x": 201.0, "y": 84.0}, {"x": 201.0, "y": 99.0}, {"x": 80.0, "y": 96.0}]}, "description": "merchant address"}, {"boundingPoly": {"vertices": [{"x": 211.0, "y": 85.0}, {"x": 236.0, "y": 85.0}, {"x": 236.0, "y": 99.0}, {"x": 211.0, "y": 98.0}]}, "description": "merchant address"}, {"boundingPoly": {"vertices": [{"x": 28.0, "y": 116.0}, {"x": 71.0, "y": 117.0}, {"x": 70.0, "y": 132.0}, {"x": 27.0, "y": 131.0}]}, "description": "CARD"}, {"boundingPoly": {"vertices": [{"x": 28.0, "y": 139.0}, {"x": 125.0, "y": 140.0}, {"x": 124.0, "y": 157.0}, {"x": 28.0, "y": 156.0}]}, "description": "CARD TYPE"}, {"boundingPoly": {"vertices": [{"x": 30.0, "y": 164.0}, {"x": 72.0, "y": 164.0}, {"x": 72.0, "y": 180.0}, {"x": 30.0, "y": 179.0}]}, "description": "DATE"}, {"boundingPoly": {"vertices": [{"x": 32.0, "y": 188.0}, {"x": 74.0, "y": 188.0}, {"x": 74.0, "y": 204.0}, {"x": 32.0, "y": 203.0}]}, "description": "TIME"}, {"boundingPoly": {"vertices": [{"x": 32.0, "y": 211.0}, {"x": 180.0, "y": 213.0}, {"x": 179.0, "y": 229.0}, {"x": 32.0, "y": 227.0}]}, "description": "RECEIPT NUMBER"}, {"boundingPoly": {"vertices": [{"x": 43.0, "y": 234.0}, {"x": 281.0, "y": 236.0}, {"x": 281.0, "y": 252.0}, {"x": 43.0, "y": 250.0}]}, "description": "C82034030-001-001-804-0"}, {"boundingPoly": {"vertices": [{"x": 239.0, "y": 123.0}, {"x": 279.0, "y": 123.0}, {"x": 279.0, "y": 137.0}, {"x": 239.0, "y": 136.0}]}, "description": "1004"}, {"boundingPoly": {"vertices": [{"x": 240.0, "y": 144.0}, {"x": 281.0, "y": 145.0}, {"x": 281.0, "y": 160.0}, {"x": 239.0, "y": 160.0}]}, "description": "AMEX"}, {"boundingPoly": {"vertices": [{"x": 230.0, "y": 168.0}, {"x": 258.0, "y": 168.0}, {"x": 258.0, "y": 184.0}, {"x": 230.0, "y": 184.0}]}, "description": " 12 /"}, {"boundingPoly": {"vertices": [{"x": 147.0, "y": 190.0}, {"x": 281.0, "y": 190.0}, {"x": 281.0, "y": 207.0}, {"x": 147.0, "y": 207.0}]}, "description": " 6397 18:54:32"}, {"boundingPoly": {"vertices": [{"x": 178.0, "y": 168.0}, {"x": 215.0, "y": 168.0}, {"x": 215.0, "y": 184.0}, {"x": 178.0, "y": 184.0}]}, "description": " 20 19"}, {"boundingPoly": {"vertices": [{"x": 218.0, "y": 168.0}, {"x": 227.0, "y": 168.0}, {"x": 227.0, "y": 184.0}, {"x": 218.0, "y": 184.0}]}, "description": " /"}, {"boundingPoly": {"vertices": [{"x": 261.0, "y": 168.0}, {"x": 280.0, "y": 168.0}, {"x": 280.0, "y": 184.0}, {"x": 261.0, "y": 184.0}]}, "description": " 12"}, {"boundingPoly": {"vertices": [{"x": 35.0, "y": 279.0}, {"x": 120.0, "y": 281.0}, {"x": 119.0, "y": 297.0}, {"x": 35.0, "y": 295.0}]}, "description": "PURCHASE"}, {"boundingPoly": {"vertices": [{"x": 36.0, "y": 303.0}, {"x": 98.0, "y": 304.0}, {"x": 97.0, "y": 319.0}, {"x": 36.0, "y": 318.0}]}, "description": "AMOUNT"}, {"boundingPoly": {"vertices": [{"x": 37.0, "y": 325.0}, {"x": 69.0, "y": 325.0}, {"x": 69.0, "y": 341.0}, {"x": 37.0, "y": 340.0}]}, "description": "TIP"}, {"boundingPoly": {"vertices": [{"x": 38.0, "y": 348.0}, {"x": 88.0, "y": 348.0}, {"x": 88.0, "y": 363.0}, {"x": 38.0, "y": 362.0}]}, "description": "TOTAL"}, {"boundingPoly": {"vertices": [{"x": 221.0, "y": 305.0}, {"x": 283.0, "y": 305.0}, {"x": 282.0, "y": 321.0}, {"x": 221.0, "y": 321.0}]}, "description": "$70.00"}, {"boundingPoly": {"vertices": [{"x": 221.0, "y": 327.0}, {"x": 282.0, "y": 327.0}, {"x": 282.0, "y": 343.0}, {"x": 221.0, "y": 344.0}]}, "description": "$10.50"}, {"boundingPoly": {"vertices": [{"x": 161.0, "y": 375.0}, {"x": 282.0, "y": 375.0}, {"x": 282.0, "y": 405.0}, {"x": 161.0, "y": 405.0}]}, "description": "$80.50"}, {"boundingPoly": {"vertices": [{"x": 38.0, "y": 452.0}, {"x": 204.0, "y": 455.0}, {"x": 204.0, "y": 471.0}, {"x": 38.0, "y": 467.0}]}, "description": "AMERICAN EXPRESS"}, {"boundingPoly": {"vertices": [{"x": 38.0, "y": 474.0}, {"x": 203.0, "y": 477.0}, {"x": 202.0, "y": 492.0}, {"x": 38.0, "y": 489.0}]}, "description": "A0 0 0000025010801"}, {"boundingPoly": {"vertices": [{"x": 37.0, "y": 496.0}, {"x": 205.0, "y": 498.0}, {"x": 205.0, "y": 513.0}, {"x": 37.0, "y": 511.0}]}, "description": "A535C9305673608B"}, {"boundingPoly": {"vertices": [{"x": 37.0, "y": 518.0}, {"x": 195.0, "y": 517.0}, {"x": 195.0, "y": 532.0}, {"x": 37.0, "y": 534.0}]}, "description": "0000008000-E800"}, {"boundingPoly": {"vertices": [{"x": 39.0, "y": 539.0}, {"x": 207.0, "y": 536.0}, {"x": 207.0, "y": 551.0}, {"x": 39.0, "y": 554.0}]}, "description": "1E 109611DF94E0E5"}, {"boundingPoly": {"vertices": [{"x": 37.0, "y": 560.0}, {"x": 197.0, "y": 558.0}, {"x": 197.0, "y": 574.0}, {"x": 37.0, "y": 576.0}]}, "description": "0000008000-F800"}, {"boundingPoly": {"vertices": [{"x": 37.0, "y": 610.0}, {"x": 207.0, "y": 605.0}, {"x": 208.0, "y": 633.0}, {"x": 38.0, "y": 639.0}]}, "description": "APPROVED"}, {"boundingPoly": {"vertices": [{"x": 40.0, "y": 647.0}, {"x": 168.0, "y": 641.0}, {"x": 168.0, "y": 657.0}, {"x": 41.0, "y": 663.0}]}, "description": "AUTH# 863460"}, {"boundingPoly": {"vertices": [{"x": 41.0, "y": 669.0}, {"x": 137.0, "y": 665.0}, {"x": 138.0, "y": 680.0}, {"x": 42.0, "y": 685.0}]}, "description": "THANK YOU"}, {"boundingPoly": {"vertices": [{"x": 228.0, "y": 640.0}, {"x": 289.0, "y": 640.0}, {"x": 289.0, "y": 656.0}, {"x": 228.0, "y": 656.0}]}, "description": "00-025"}, {"boundingPoly": {"vertices": [{"x": 41.0, "y": 712.0}, {"x": 241.0, "y": 708.0}, {"x": 241.0, "y": 724.0}, {"x": 42.0, "y": 730.0}]}, "description": "CARDHOLDER WILL PAY"}, {"boundingPoly": {"vertices": [{"x": 43.0, "y": 733.0}, {"x": 293.0, "y": 730.0}, {"x": 294.0, "y": 746.0}, {"x": 43.0, "y": 752.0}]}, "description": "CARD ISSUER ABOVE AMOUNT"}, {"boundingPoly": {"vertices": [{"x": 43.0, "y": 755.0}, {"x": 274.0, "y": 752.0}, {"x": 274.0, "y": 769.0}, {"x": 44.0, "y": 774.0}]}, "description": "PURSUANT TO CARDHOLDER"}, {"boundingPoly": {"vertices": [{"x": 45.0, "y": 780.0}, {"x": 149.0, "y": 774.0}, {"x": 150.0, "y": 791.0}, {"x": 46.0, "y": 798.0}]}, "description": "AGREEMENT."}, {"boundingPoly": {"vertices": [{"x": 99.0, "y": 820.0}, {"x": 255.0, "y": 819.0}, {"x": 255.0, "y": 837.0}, {"x": 99.0, "y": 838.0}]}, "description": "CARDHOLDER COPY"}, {"boundingPoly": {"vertices": [{"x": 52.0, "y": 864.0}, {"x": 170.0, "y": 864.0}, {"x": 170.0, "y": 889.0}, {"x": 52.0, "y": 889.0}]}, "description": " IMPORTANT -"}, {"boundingPoly": {"vertices": [{"x": 172.0, "y": 864.0}, {"x": 289.0, "y": 864.0}, {"x": 289.0, "y": 882.0}, {"x": 172.0, "y": 882.0}]}, "description": " RETAIN THIS"}, {"boundingPoly": {"vertices": [{"x": 72.0, "y": 888.0}, {"x": 288.0, "y": 885.0}, {"x": 289.0, "y": 902.0}, {"x": 72.0, "y": 909.0}]}, "description": "COPY FOR YOUR RECORDS"}]}