[{"id": 0, "text": "merchant name", "label": "others", "box": [169, 103, 709, 12], "linking": []}, {"id": 1, "text": " 11/2/2019 12:04:16 PM", "label": "others", "box": [117, 180, 462, 109], "linking": []}, {"id": 2, "text": " 884", "label": "others", "box": [340, 280, 446, 212], "linking": []}, {"id": 3, "text": " Tran Seq No:", "label": "others", "box": [433, 348, 643, 306], "linking": []}, {"id": 4, "text": "merchant address", "label": "others", "box": [328, 113, 524, 63], "linking": []}, {"id": 5, "text": "Eat In", "label": "others", "box": [120, 233, 298, 160], "linking": []}, {"id": 6, "text": " Order:", "label": "others", "box": [109, 290, 328, 219], "linking": []}, {"id": 7, "text": " : 2", "label": "others", "box": [243, 357, 284, 321], "linking": []}, {"id": 8, "text": " Register", "label": "others", "box": [117, 361, 239, 323], "linking": []}, {"id": 9, "text": " Cashier", "label": "others", "box": [126, 398, 227, 361], "linking": []}, {"id": 10, "text": " 185884", "label": "others", "box": [660, 340, 761, 300], "linking": []}, {"id": 11, "text": " : Mohammad H.", "label": "others", "box": [232, 394, 419, 354], "linking": []}, {"id": 12, "text": "****** SALE *****", "label": "others", "box": [332, 422, 555, 387], "linking": []}, {"id": 13, "text": "7", "label": "e quantity", "box": [138, 489, 154, 467], "linking": []}, {"id": 14, "text": "Ht Cappcno MD Orig", "label": "0 description beginning", "box": [177, 491, 462, 460], "linking": []}, {"id": 15, "text": "Whl Milk", "label": "1 description inside", "box": [207, 517, 334, 489], "linking": []}, {"id": 16, "text": "Ht Cappcno _G Orig", "label": "0 description beginning", "box": [168, 551, 462, 519], "linking": []}, {"id": 17, "text": "Whl Milk", "label": "1 description inside", "box": [200, 581, 330, 551], "linking": []}, {"id": 18, "text": "Sugar", "label": "1 description inside", "box": [190, 616, 281, 588], "linking": []}, {"id": 19, "text": "Cooler Bottled Water", "label": "0 description beginning", "box": [162, 652, 489, 617], "linking": []}, {"id": 20, "text": "3.59", "label": "5 total price per item", "box": [696, 481, 759, 453], "linking": []}, {"id": 21, "text": "1", "label": "e quantity", "box": [128, 547, 144, 527], "linking": []}, {"id": 22, "text": "3.99", "label": "5 total price per item", "box": [696, 544, 763, 513], "linking": []}, {"id": 23, "text": "3", "label": "e quantity", "box": [116, 615, 135, 591], "linking": []}, {"id": 24, "text": "1", "label": "e quantity", "box": [115, 647, 132, 625], "linking": []}, {"id": 25, "text": "1.69", "label": "5 total price per item", "box": [703, 643, 766, 612], "linking": []}, {"id": 26, "text": " Sub. Total:", "label": "others", "box": [157, 723, 340, 689], "linking": []}, {"id": 27, "text": " Tax:", "label": "others", "box": [157, 758, 221, 729], "linking": []}, {"id": 28, "text": " Total:", "label": "others", "box": [159, 797, 256, 764], "linking": []}, {"id": 29, "text": " Discount Total:", "label": "others", "box": [157, 836, 407, 798], "linking": []}, {"id": 30, "text": "$9.27", "label": "sub total", "box": [687, 716, 770, 682], "linking": []}, {"id": 31, "text": "$0.82", "label": "2 tax total", "box": [688, 751, 773, 717], "linking": []}, {"id": 32, "text": "$10.09", "label": "total amount", "box": [670, 789, 773, 754], "linking": []}, {"id": 33, "text": "$0.00", "label": "others", "box": [689, 827, 775, 792], "linking": []}, {"id": 34, "text": "Change", "label": "others", "box": [163, 909, 260, 876], "linking": []}, {"id": 35, "text": " Amex", "label": "others", "box": [167, 942, 227, 913], "linking": []}, {"id": 36, "text": "$0.00", "label": "others", "box": [690, 900, 776, 867], "linking": []}, {"id": 37, "text": "$10.09", "label": "others", "box": [673, 937, 776, 904], "linking": []}, {"id": 38, "text": " :", "label": "others", "box": [233, 942, 246, 913], "linking": []}, {"id": 39, "text": "AMEX", "label": "others", "box": [140, 1034, 204, 1006], "linking": []}, {"id": 40, "text": " Card Num", "label": "others", "box": [137, 1073, 270, 1040], "linking": []}, {"id": 41, "text": " Terminal", "label": "others", "box": [137, 1108, 271, 1076], "linking": []}, {"id": 42, "text": " Approval", "label": "others", "box": [134, 1145, 272, 1111], "linking": []}, {"id": 43, "text": " : A000000025010801", "label": "others", "box": [199, 1180, 483, 1147], "linking": []}, {"id": 44, "text": " : 0000001000", "label": "others", "box": [200, 1214, 392, 1182], "linking": []}, {"id": 45, "text": " : 06600103A02002", "label": "others", "box": [199, 1251, 459, 1216], "linking": []}, {"id": 46, "text": " : E800", "label": "others", "box": [200, 1287, 298, 1254], "linking": []}, {"id": 47, "text": " : Y3", "label": "others", "box": [183, 1323, 249, 1290], "linking": []}, {"id": 48, "text": " : E028C8", "label": "others", "box": [183, 1361, 317, 1325], "linking": []}, {"id": 49, "text": " : *********** 1000", "label": "others", "box": [276, 1070, 550, 1040], "linking": []}, {"id": 50, "text": " : 2", "label": "others", "box": [277, 1108, 332, 1074], "linking": []}, {"id": 51, "text": " : 863756", "label": "others", "box": [278, 1143, 407, 1109], "linking": []}, {"id": 52, "text": " AID", "label": "others", "box": [133, 1180, 193, 1148], "linking": []}, {"id": 53, "text": " TVR", "label": "others", "box": [137, 1214, 193, 1184], "linking": []}, {"id": 54, "text": " IAD", "label": "others", "box": [138, 1252, 194, 1219], "linking": []}, {"id": 55, "text": " TSI", "label": "others", "box": [137, 1287, 194, 1256], "linking": []}, {"id": 56, "text": " AR", "label": "others", "box": [139, 1324, 178, 1293], "linking": []}, {"id": 57, "text": " TC", "label": "others", "box": [139, 1362, 178, 1328], "linking": []}, {"id": 58, "text": "USD$ 10.09", "label": "others", "box": [136, 1434, 299, 1396], "linking": []}, {"id": 59, "text": "****************************************", "label": "others", "box": [134, 1545, 779, 1503], "linking": []}, {"id": 60, "text": "within 3 days", "label": "others", "box": [500, 1599, 713, 1568], "linking": []}, {"id": 61, "text": "Tell us about today's visit at", "label": "others", "box": [228, 1580, 695, 1531], "linking": []}]