[{"id": 0, "text": "merchant name", "label": "others", "box": [193, 88, 533, 57], "linking": []}, {"id": 1, "text": "merchant address", "label": "others", "box": [205, 118, 521, 87], "linking": []}, {"id": 2, "text": "merchant address", "label": "others", "box": [296, 148, 429, 118], "linking": []}, {"id": 3, "text": "merchant address", "label": "others", "box": [182, 183, 544, 149], "linking": []}, {"id": 4, "text": "merchant phone", "label": "others", "box": [275, 215, 444, 185], "linking": []}, {"id": 5, "text": "VENTE", "label": "others", "box": [271, 311, 441, 272], "linking": []}, {"id": 6, "text": " No Serveur:", "label": "others", "box": [56, 389, 260, 354], "linking": []}, {"id": 7, "text": " Table #:", "label": "others", "box": [58, 430, 206, 396], "linking": []}, {"id": 8, "text": " Ch\u00e8que #:", "label": "others", "box": [53, 478, 234, 435], "linking": []}, {"id": 9, "text": " IDM:", "label": "others", "box": [51, 516, 127, 481], "linking": []}, {"id": 10, "text": " IDT:", "label": "others", "box": [49, 558, 124, 524], "linking": []}, {"id": 11, "text": " No Lot:", "label": "others", "box": [45, 605, 187, 568], "linking": []}, {"id": 12, "text": "11/05/19", "label": "others", "box": [48, 648, 165, 613], "linking": []}, {"id": 13, "text": " CODE APPR:", "label": "others", "box": [43, 700, 277, 654], "linking": []}, {"id": 14, "text": "AMEX", "label": "others", "box": [44, 738, 144, 702], "linking": []}, {"id": 15, "text": "*********** 1002", "label": "others", "box": [44, 790, 276, 748], "linking": []}, {"id": 16, "text": " 000160", "label": "others", "box": [266, 390, 371, 354], "linking": []}, {"id": 17, "text": " 0040", "label": "others", "box": [213, 430, 291, 396], "linking": []}, {"id": 18, "text": " 0000146201", "label": "others", "box": [241, 479, 416, 436], "linking": []}, {"id": 19, "text": " 6087990", "label": "others", "box": [134, 519, 263, 481], "linking": []}, {"id": 20, "text": " 001", "label": "others", "box": [130, 559, 186, 525], "linking": []}, {"id": 21, "text": " No. REF:", "label": "others", "box": [359, 565, 513, 529], "linking": []}, {"id": 22, "text": " 00000019", "label": "others", "box": [520, 565, 656, 529], "linking": []}, {"id": 23, "text": " 391", "label": "others", "box": [193, 607, 247, 570], "linking": []}, {"id": 24, "text": " 880255", "label": "others", "box": [284, 703, 398, 659], "linking": []}, {"id": 25, "text": " 19:37:31", "label": "others", "box": [551, 656, 657, 619], "linking": []}, {"id": 26, "text": "Puce", "label": "others", "box": [578, 744, 657, 708], "linking": []}, {"id": 27, "text": "*****", "label": "others", "box": [587, 776, 657, 752], "linking": []}, {"id": 28, "text": "MONTANT", "label": "0 description beginning", "box": [42, 895, 313, 852], "linking": []}, {"id": 29, "text": "POURB", "label": "0 description beginning", "box": [42, 940, 233, 900], "linking": []}, {"id": 30, "text": "TOTAL", "label": "others", "box": [42, 989, 223, 944], "linking": []}, {"id": 31, "text": "$162.44", "label": "5 total price per item", "box": [472, 897, 657, 853], "linking": []}, {"id": 32, "text": "$24.37", "label": "5 total price per item", "box": [496, 941, 654, 899], "linking": []}, {"id": 33, "text": "$186.81", "label": "total amount", "box": [471, 988, 658, 943], "linking": []}, {"id": 34, "text": "APPROUVE", "label": "others", "box": [259, 1088, 445, 1045], "linking": []}, {"id": 35, "text": "AMERICAN EXPRESS", "label": "others", "box": [31, 1199, 400, 1149], "linking": []}, {"id": 36, "text": " A000000025010801", "label": "others", "box": [121, 1244, 417, 1199], "linking": []}, {"id": 37, "text": " 00 00 00 80 00", "label": "others", "box": [133, 1292, 428, 1248], "linking": []}, {"id": 38, "text": " F8 00", "label": "others", "box": [111, 1341, 220, 1301], "linking": []}, {"id": 39, "text": " AID:", "label": "others", "box": [33, 1246, 114, 1206], "linking": []}, {"id": 40, "text": " TVR:", "label": "others", "box": [29, 1295, 126, 1253], "linking": []}, {"id": 41, "text": " TSI:", "label": "others", "box": [30, 1342, 104, 1303], "linking": []}, {"id": 42, "text": "J'ACCEPTE DE PAYER LE MONTANT TOTAL", "label": "others", "box": [118, 1432, 578, 1387], "linking": []}, {"id": 43, "text": "DE L'EMETTEUR DE CARTE", "label": "others", "box": [198, 1499, 498, 1459], "linking": []}, {"id": 44, "text": "VEUILLES CONSERVER CETTE COPIE POUR LA", "label": "others", "box": [100, 1568, 597, 1523], "linking": []}, {"id": 45, "text": "CI-DESSUS EN ACCORD AVEC L'ENTENTE", "label": "others", "box": [122, 1467, 572, 1422], "linking": []}, {"id": 46, "text": "(ENTENTE DU COMMERCANT EN CAS DE CREDIT)", "label": "others", "box": [87, 1536, 606, 1488], "linking": []}, {"id": 47, "text": "VERIFICATION DU RELEVE", "label": "others", "box": [204, 1598, 493, 1558], "linking": []}, {"id": 48, "text": "THANK YOU / MERCI!", "label": "others", "box": [160, 1663, 539, 1615], "linking": []}, {"id": 49, "text": "COPIE CLIENT", "label": "others", "box": [231, 1731, 465, 1692], "linking": []}]