[{"id": 0, "text": "merchant name", "label": "others", "box": [972, 176, 1293, 145], "linking": []}, {"id": 1, "text": "merchant address", "label": "others", "box": [1049, 203, 1218, 175], "linking": []}, {"id": 2, "text": "merchant address", "label": "others", "box": [1021, 233, 1359, 204], "linking": []}, {"id": 3, "text": " 10/31/2019 7:12:32 AM", "label": "others", "box": [889, 266, 1156, 235], "linking": []}, {"id": 4, "text": "Eat In", "label": "others", "box": [884, 314, 1040, 267], "linking": []}, {"id": 5, "text": " Order:", "label": "others", "box": [886, 361, 1057, 313], "linking": []}, {"id": 6, "text": " :1", "label": "others", "box": [990, 413, 1017, 388], "linking": []}, {"id": 7, "text": " Cashier:FATEMA B.", "label": "others", "box": [888, 442, 1105, 416], "linking": []}, {"id": 8, "text": "***** SALE *****", "label": "others", "box": [1056, 466, 1237, 442], "linking": []}, {"id": 9, "text": "merchant address", "label": "others", "box": [910, 234, 1018, 208], "linking": []}, {"id": 10, "text": " 815", "label": "others", "box": [1072, 360, 1151, 308], "linking": []}, {"id": 11, "text": " Tran Seq No:", "label": "others", "box": [1145, 412, 1300, 381], "linking": []}, {"id": 12, "text": " Register", "label": "others", "box": [887, 416, 985, 389], "linking": []}, {"id": 13, "text": " 3425815", "label": "others", "box": [1306, 411, 1402, 377], "linking": []}, {"id": 14, "text": "25 Munchkins", "label": "0 description beginning", "box": [930, 528, 1087, 499], "linking": []}, {"id": 15, "text": "Cooler Coca-Cola", "label": "0 description beginning", "box": [927, 556, 1135, 528], "linking": []}, {"id": 16, "text": "6.59", "label": "5 total price per item", "box": [1347, 523, 1405, 496], "linking": []}, {"id": 17, "text": "1.99", "label": "5 total price per item", "box": [1355, 550, 1402, 522], "linking": []}, {"id": 18, "text": "1", "label": "e quantity", "box": [891, 552, 910, 529], "linking": []}, {"id": 19, "text": " Sub. Total:", "label": "others", "box": [928, 615, 1072, 587], "linking": []}, {"id": 20, "text": " Tax:", "label": "others", "box": [932, 641, 980, 619], "linking": []}, {"id": 21, "text": " Total:", "label": "others", "box": [931, 672, 1007, 646], "linking": []}, {"id": 22, "text": " Discount Total:", "label": "others", "box": [931, 701, 1124, 673], "linking": []}, {"id": 23, "text": "$8.58", "label": "sub total", "box": [1340, 608, 1410, 582], "linking": []}, {"id": 24, "text": "$0.51", "label": "2 tax total", "box": [1338, 636, 1403, 610], "linking": []}, {"id": 25, "text": "$9.09", "label": "total amount", "box": [1340, 666, 1408, 639], "linking": []}, {"id": 26, "text": "$0.00", "label": "others", "box": [1337, 694, 1401, 668], "linking": []}, {"id": 27, "text": "Change", "label": "others", "box": [935, 760, 1010, 732], "linking": []}, {"id": 28, "text": " Amex", "label": "others", "box": [932, 787, 982, 764], "linking": []}, {"id": 29, "text": "$0.00", "label": "others", "box": [1341, 750, 1406, 727], "linking": []}, {"id": 30, "text": "$9.09", "label": "others", "box": [1339, 781, 1403, 753], "linking": []}, {"id": 31, "text": " :", "label": "others", "box": [986, 787, 1000, 764], "linking": []}, {"id": 32, "text": "AMEX", "label": "others", "box": [897, 873, 951, 849], "linking": []}, {"id": 33, "text": " Card Num", "label": "others", "box": [897, 904, 1007, 877], "linking": []}, {"id": 34, "text": "Terminal", "label": "others", "box": [900, 931, 1002, 906], "linking": []}, {"id": 35, "text": " Approval", "label": "others", "box": [900, 962, 1010, 935], "linking": []}, {"id": 36, "text": " : A000000025010801", "label": "others", "box": [951, 986, 1181, 960], "linking": []}, {"id": 37, "text": " : 0000001000", "label": "others", "box": [950, 1015, 1106, 990], "linking": []}, {"id": 38, "text": " : 06480103A02002", "label": "others", "box": [951, 1045, 1157, 1017], "linking": []}, {"id": 39, "text": " : E800", "label": "others", "box": [952, 1074, 1032, 1047], "linking": []}, {"id": 40, "text": " : Y3", "label": "others", "box": [940, 1102, 994, 1078], "linking": []}, {"id": 41, "text": " : E028C8", "label": "others", "box": [940, 1131, 1045, 1106], "linking": []}, {"id": 42, "text": " : *********** 1003", "label": "others", "box": [1012, 901, 1232, 873], "linking": []}, {"id": 43, "text": " : 1", "label": "others", "box": [1013, 930, 1050, 904], "linking": []}, {"id": 44, "text": " : 843291", "label": "others", "box": [1014, 958, 1117, 933], "linking": []}, {"id": 45, "text": " AID", "label": "others", "box": [901, 987, 944, 964], "linking": []}, {"id": 46, "text": " TVR", "label": "others", "box": [900, 1017, 946, 992], "linking": []}, {"id": 47, "text": " IAD", "label": "others", "box": [900, 1045, 947, 1020], "linking": []}, {"id": 48, "text": " TSI", "label": "others", "box": [900, 1075, 948, 1049], "linking": []}, {"id": 49, "text": " AR", "label": "others", "box": [902, 1103, 936, 1079], "linking": []}, {"id": 50, "text": " TC", "label": "others", "box": [904, 1132, 936, 1107], "linking": []}, {"id": 51, "text": "USD$ 9.09", "label": "total amount", "box": [901, 1191, 1018, 1162], "linking": []}, {"id": 52, "text": "****************************************", "label": "others", "box": [906, 1273, 1420, 1245], "linking": []}, {"id": 53, "text": "Tell us about today's visit at", "label": "others", "box": [970, 1303, 1355, 1273], "linking": []}, {"id": 54, "text": "www.telldunkin.com within 3 days", "label": "others", "box": [959, 1334, 1370, 1302], "linking": []}, {"id": 55, "text": " A", "label": "others", "box": [1066, 1382, 1084, 1336], "linking": []}, {"id": 56, "text": "purchase a Medium or Larger Beverage", "label": "others", "box": [933, 1437, 1397, 1407], "linking": []}, {"id": 57, "text": " Survey Code:", "label": "others", "box": [923, 1467, 1077, 1439], "linking": []}, {"id": 58, "text": " RECEIVE", "label": "others", "box": [970, 1382, 1059, 1337], "linking": []}, {"id": 59, "text": " FREE CLASSIC DONUT", "label": "others", "box": [1091, 1382, 1329, 1330], "linking": []}, {"id": 60, "text": "on your next visit when you", "label": "others", "box": [987, 1408, 1333, 1379], "linking": []}, {"id": 61, "text": "81501-42056-0710-3199", "label": "others", "box": [1127, 1462, 1397, 1434], "linking": []}, {"id": 62, "text": " Enter Validation Code:", "label": "others", "box": [911, 1525, 1195, 1493], "linking": []}, {"id": 63, "text": "See restrictions on dunkindonuts.com", "label": "others", "box": [937, 1551, 1399, 1522], "linking": []}, {"id": 64, "text": "****************************************", "label": "others", "box": [913, 1577, 1426, 1551], "linking": []}, {"id": 65, "text": " product", "label": "others", "box": [1286, 1630, 1389, 1579], "linking": []}, {"id": 66, "text": "****************************************", "label": "others", "box": [910, 1683, 1427, 1653], "linking": []}, {"id": 67, "text": " Visit", "label": "others", "box": [946, 1631, 1008, 1583], "linking": []}, {"id": 68, "text": " Dunkinllation.com for", "label": "others", "box": [1017, 1631, 1277, 1582], "linking": []}, {"id": 69, "text": "offers and news. Enter Code DD2957", "label": "others", "box": [952, 1657, 1391, 1624], "linking": []}]