[{"id": 0, "text": "merchant name", "label": "others", "box": [509, 268, 683, 237], "linking": []}, {"id": 1, "text": " .", "label": "others", "box": [550, 292, 555, 267], "linking": []}, {"id": 2, "text": "MAKE EVERY", "label": "others", "box": [533, 330, 660, 309], "linking": []}, {"id": 3, "text": " MAN ......", "label": "others", "box": [559, 292, 681, 267], "linking": []}, {"id": 4, "text": "CUP COUNT", "label": "others", "box": [537, 345, 653, 322], "linking": []}, {"id": 5, "text": "All Be Happy! N.", "label": "others", "box": [339, 506, 595, 466], "linking": []}, {"id": 6, "text": "merchant address", "label": "others", "box": [340, 551, 565, 518], "linking": []}, {"id": 7, "text": "merchant address", "label": "others", "box": [342, 584, 463, 557], "linking": []}, {"id": 8, "text": "merchant address", "label": "others", "box": [342, 617, 512, 589], "linking": []}, {"id": 9, "text": " https://www.laughingmancafe.com/", "label": "others", "box": [345, 657, 783, 628], "linking": []}, {"id": 10, "text": "November 3, 2019", "label": "others", "box": [626, 549, 849, 522], "linking": []}, {"id": 11, "text": " 12:13 PM", "label": "others", "box": [739, 585, 844, 559], "linking": []}, {"id": 12, "text": "PURCHASE", "label": "others", "box": [525, 725, 674, 698], "linking": []}, {"id": 13, "text": " Receipt:", "label": "others", "box": [348, 793, 451, 767], "linking": []}, {"id": 14, "text": " Authorization:", "label": "others", "box": [349, 829, 522, 803], "linking": []}, {"id": 15, "text": " BK9T", "label": "others", "box": [455, 793, 527, 765], "linking": []}, {"id": 16, "text": " 829466", "label": "others", "box": [526, 828, 619, 802], "linking": []}, {"id": 17, "text": "AMERICAN EXPRESS", "label": "others", "box": [350, 898, 612, 872], "linking": []}, {"id": 18, "text": "AID A0 00 00 00 25 01 08 01", "label": "others", "box": [350, 935, 687, 905], "linking": []}, {"id": 19, "text": "FOR HERE", "label": "others", "box": [547, 993, 656, 970], "linking": []}, {"id": 20, "text": "Cappuccino", "label": "0 description beginning", "box": [352, 1062, 500, 1036], "linking": []}, {"id": 21, "text": "Medium", "label": "1 description inside", "box": [352, 1090, 452, 1066], "linking": []}, {"id": 22, "text": "Plain Croissant", "label": "0 description beginning", "box": [349, 1136, 539, 1107], "linking": []}, {"id": 23, "text": "$4.30", "label": "5 total price per item", "box": [779, 1053, 850, 1027], "linking": []}, {"id": 24, "text": "$2.90", "label": "5 total price per item", "box": [781, 1132, 852, 1106], "linking": []}, {"id": 25, "text": "Subtotal", "label": "others", "box": [346, 1214, 453, 1188], "linking": []}, {"id": 26, "text": "New York Sales Tax (1)", "label": "others", "box": [347, 1250, 627, 1216], "linking": []}, {"id": 27, "text": "$7.20", "label": "sub total", "box": [785, 1210, 857, 1182], "linking": []}, {"id": 28, "text": "$0.38", "label": "2 tax total", "box": [783, 1242, 857, 1215], "linking": []}, {"id": 29, "text": "Total", "label": "others", "box": [346, 1325, 415, 1298], "linking": []}, {"id": 30, "text": "American Express 1000 (Chip)", "label": "others", "box": [345, 1361, 720, 1326], "linking": []}, {"id": 31, "text": "$7.58", "label": "total amount", "box": [777, 1322, 861, 1288], "linking": []}, {"id": 32, "text": "$7.58", "label": "others", "box": [788, 1358, 866, 1329], "linking": []}]