[{"id": 0, "text": "merchant name", "label": "others", "box": [137, 206, 148, 195], "linking": []}, {"id": 1, "text": "merchant address", "label": "others", "box": [127, 216, 172, 206], "linking": []}, {"id": 2, "text": "merchant phone", "label": "others", "box": [132, 227, 157, 216], "linking": []}, {"id": 3, "text": "merchant name", "label": "others", "box": [149, 206, 191, 196], "linking": []}, {"id": 4, "text": "merchant address", "label": "others", "box": [174, 217, 203, 206], "linking": []}, {"id": 5, "text": "merchant phone", "label": "others", "box": [159, 227, 200, 216], "linking": []}, {"id": 6, "text": "merchant name", "label": "others", "box": [354, 237, 365, 226], "linking": []}, {"id": 7, "text": "merchant address", "label": "others", "box": [346, 249, 362, 237], "linking": []}, {"id": 8, "text": "merchant phone", "label": "others", "box": [351, 260, 419, 248], "linking": []}, {"id": 9, "text": "merchant name", "label": "others", "box": [367, 237, 410, 226], "linking": []}, {"id": 10, "text": "merchant address", "label": "others", "box": [364, 249, 390, 237], "linking": []}, {"id": 11, "text": " Server:", "label": "others", "box": [68, 251, 101, 239], "linking": []}, {"id": 12, "text": " 03:11 PM", "label": "others", "box": [67, 262, 107, 250], "linking": []}, {"id": 13, "text": " TBL", "label": "others", "box": [68, 273, 82, 261], "linking": []}, {"id": 14, "text": " Luke", "label": "others", "box": [102, 250, 124, 238], "linking": []}, {"id": 15, "text": " DOB:", "label": "others", "box": [191, 249, 214, 237], "linking": []}, {"id": 16, "text": " 12/07/2019", "label": "others", "box": [215, 251, 263, 238], "linking": []}, {"id": 17, "text": "12/07/2019", "label": "others", "box": [217, 262, 263, 249], "linking": []}, {"id": 18, "text": "7/70029", "label": "others", "box": [227, 273, 264, 260], "linking": []}, {"id": 19, "text": "merchant address", "label": "others", "box": [392, 249, 421, 237], "linking": []}, {"id": 20, "text": " 50/1", "label": "others", "box": [84, 272, 105, 261], "linking": []}, {"id": 21, "text": "SALE", "label": "others", "box": [153, 291, 174, 280], "linking": []}, {"id": 22, "text": " Server:", "label": "others", "box": [286, 286, 321, 275], "linking": []}, {"id": 23, "text": "Table 50/1", "label": "others", "box": [287, 296, 335, 284], "linking": []}, {"id": 24, "text": " Guests:", "label": "others", "box": [287, 307, 322, 295], "linking": []}, {"id": 25, "text": " MD", "label": "others", "box": [322, 285, 335, 274], "linking": []}, {"id": 26, "text": "12/07/2019", "label": "others", "box": [435, 284, 479, 272], "linking": []}, {"id": 27, "text": " 3:08 PM", "label": "others", "box": [448, 294, 480, 284], "linking": []}, {"id": 28, "text": "70029", "label": "others", "box": [458, 305, 482, 295], "linking": []}, {"id": 29, "text": "11534345", "label": "others", "box": [225, 316, 263, 304], "linking": []}, {"id": 30, "text": " 2", "label": "others", "box": [324, 306, 331, 295], "linking": []}, {"id": 31, "text": "Amex", "label": "others", "box": [64, 316, 86, 308], "linking": []}, {"id": 32, "text": "Card XXXXXXXXXXXXX1001", "label": "others", "box": [64, 328, 161, 314], "linking": []}, {"id": 33, "text": " Magnetic card present", "label": "others", "box": [64, 340, 159, 327], "linking": []}, {"id": 34, "text": " Card Entry Method:", "label": "others", "box": [63, 351, 152, 338], "linking": []}, {"id": 35, "text": " S", "label": "others", "box": [156, 349, 164, 338], "linking": []}, {"id": 36, "text": "Allagash White", "label": "0 description beginning", "box": [287, 329, 356, 317], "linking": []}, {"id": 37, "text": "Buttermilk Chicken Sanwch", "label": "0 description beginning", "box": [286, 341, 409, 328], "linking": []}, {"id": 38, "text": "10.00", "label": "5 total price per item", "box": [461, 328, 484, 317], "linking": []}, {"id": 39, "text": "18.25", "label": "5 total price per item", "box": [464, 340, 485, 329], "linking": []}, {"id": 40, "text": " Approval:", "label": "others", "box": [62, 376, 104, 362], "linking": []}, {"id": 41, "text": " 588392", "label": "others", "box": [107, 374, 139, 362], "linking": []}, {"id": 42, "text": "Complete Subtotal", "label": "others", "box": [286, 364, 370, 352], "linking": []}, {"id": 43, "text": "28.25", "label": "sub total", "box": [463, 364, 487, 352], "linking": []}, {"id": 44, "text": " Amount", "label": "others", "box": [155, 398, 184, 386], "linking": []}, {"id": 45, "text": " :", "label": "others", "box": [185, 398, 192, 387], "linking": []}, {"id": 46, "text": "$30.76", "label": "sub total", "box": [235, 397, 265, 384], "linking": []}, {"id": 47, "text": "Subtotal", "label": "others", "box": [286, 388, 328, 376], "linking": []}, {"id": 48, "text": "Tax", "label": "others", "box": [288, 399, 304, 389], "linking": []}, {"id": 49, "text": "28.25", "label": "sub total", "box": [464, 388, 489, 376], "linking": []}, {"id": 50, "text": "2.5", "label": "2 tax total", "box": [469, 399, 488, 387], "linking": []}, {"id": 51, "text": " + Tip:", "label": "others", "box": [160, 422, 192, 410], "linking": []}, {"id": 52, "text": " 2:00", "label": "3 tip", "box": [242, 420, 268, 407], "linking": []}, {"id": 53, "text": "32. 74", "label": "total amount", "box": [228, 443, 267, 427], "linking": []}, {"id": 54, "text": "Total", "label": "others", "box": [288, 425, 313, 413], "linking": []}, {"id": 55, "text": "30.76", "label": "total amount", "box": [465, 424, 488, 412], "linking": []}, {"id": 56, "text": " = Total:", "label": "others", "box": [149, 447, 191, 435], "linking": []}, {"id": 57, "text": "Balance Due", "label": "others", "box": [289, 451, 398, 438], "linking": []}, {"id": 58, "text": "30.76", "label": "total amount", "box": [443, 449, 487, 437], "linking": []}, {"id": 59, "text": "I agree to pay the above", "label": "others", "box": [101, 486, 222, 471], "linking": []}, {"id": 60, "text": "total amount according to the", "label": "others", "box": [86, 498, 232, 484], "linking": []}, {"id": 61, "text": "card issuer agreement.", "label": "others", "box": [103, 511, 216, 497], "linking": []}, {"id": 62, "text": "General Manager", "label": "others", "box": [354, 475, 426, 463], "linking": []}, {"id": 63, "text": "Clare Bohrer", "label": "others", "box": [363, 489, 423, 475], "linking": []}, {"id": 64, "text": "General Manager", "label": "others", "box": [118, 562, 197, 549], "linking": []}, {"id": 65, "text": "Clare Bohrer", "label": "others", "box": [129, 575, 191, 562], "linking": []}, {"id": 66, "text": ">>Customer Copy<<", "label": "others", "box": [112, 614, 202, 600], "linking": []}]