[{"id": 0, "text": "merchant phone", "label": "others", "box": [447, 46, 631, 4], "linking": []}, {"id": 1, "text": "Sales Receipt", "label": "others", "box": [348, 163, 711, 119], "linking": []}, {"id": 2, "text": " Transaction #:", "label": "others", "box": [215, 279, 407, 239], "linking": []}, {"id": 3, "text": " Date:", "label": "others", "box": [219, 309, 297, 279], "linking": []}, {"id": 4, "text": " Cashier:", "label": "others", "box": [220, 345, 341, 314], "linking": []}, {"id": 5, "text": "2893050", "label": "others", "box": [531, 262, 629, 227], "linking": []}, {"id": 6, "text": " Time:", "label": "others", "box": [529, 297, 614, 264], "linking": []}, {"id": 7, "text": " Register #:", "label": "others", "box": [529, 335, 693, 296], "linking": []}, {"id": 8, "text": "11/2/2019", "label": "others", "box": [320, 307, 450, 271], "linking": []}, {"id": 9, "text": "JOE", "label": "others", "box": [361, 341, 408, 309], "linking": []}, {"id": 10, "text": " 1:08:23 PM", "label": "others", "box": [628, 294, 776, 258], "linking": []}, {"id": 11, "text": "3", "label": "others", "box": [722, 329, 746, 298], "linking": []}, {"id": 12, "text": " Ref#:", "label": "others", "box": [317, 485, 375, 451], "linking": []}, {"id": 13, "text": " [3HLUBTKXH9RVA2CAK21VMT1UZ6]", "label": "others", "box": [380, 483, 774, 438], "linking": []}, {"id": 14, "text": "Description", "label": "others", "box": [233, 619, 382, 590], "linking": []}, {"id": 15, "text": "==", "label": "others", "box": [235, 648, 263, 630], "linking": []}, {"id": 16, "text": "BANANA", "label": "0 description beginning", "box": [239, 684, 318, 656], "linking": []}, {"id": 17, "text": "GRANNY SMITH APPLE", "label": "0 description beginning", "box": [238, 718, 479, 686], "linking": []}, {"id": 18, "text": "--- > 0.45 @ $2.99", "label": "1 description inside", "box": [239, 750, 471, 719], "linking": []}, {"id": 19, "text": "TRIDENT MINTY SWEET", "label": "0 description beginning", "box": [238, 782, 492, 752], "linking": []}, {"id": 20, "text": "SIMPLY GUM MINTS GINGER", "label": "0 description beginning", "box": [238, 814, 545, 784], "linking": []}, {"id": 21, "text": "Amount", "label": "others", "box": [768, 613, 857, 585], "linking": []}, {"id": 22, "text": "==", "label": "others", "box": [828, 641, 854, 624], "linking": []}, {"id": 23, "text": "$0.50", "label": "5 total price per item", "box": [784, 681, 855, 653], "linking": []}, {"id": 24, "text": "$1.35", "label": "5 total price per item", "box": [780, 712, 854, 685], "linking": []}, {"id": 25, "text": "=========", "label": "others", "box": [619, 642, 732, 625], "linking": []}, {"id": 26, "text": "$1.99", "label": "5 total price per item", "box": [781, 781, 854, 751], "linking": []}, {"id": 27, "text": "$3.99", "label": "5 total price per item", "box": [779, 814, 853, 784], "linking": []}, {"id": 28, "text": "==", "label": "others", "box": [671, 874, 700, 858], "linking": []}, {"id": 29, "text": "===", "label": "others", "box": [810, 878, 852, 860], "linking": []}, {"id": 30, "text": "$7.83", "label": "sub total", "box": [782, 919, 855, 887], "linking": []}, {"id": 31, "text": "$7.83", "label": "total amount", "box": [781, 950, 855, 922], "linking": []}, {"id": 32, "text": "Sub Total", "label": "others", "box": [556, 915, 669, 882], "linking": []}, {"id": 33, "text": "Total", "label": "others", "box": [606, 945, 672, 916], "linking": []}, {"id": 34, "text": "Credit Card Tendered", "label": "others", "box": [412, 1014, 680, 978], "linking": []}, {"id": 35, "text": "Change Due", "label": "others", "box": [545, 1045, 678, 1013], "linking": []}, {"id": 36, "text": "$7.83", "label": "others", "box": [781, 1019, 856, 990], "linking": []}, {"id": 37, "text": "$0.00", "label": "others", "box": [782, 1053, 854, 1024], "linking": []}, {"id": 38, "text": " ACCT", "label": "others", "box": [242, 1206, 291, 1180], "linking": []}, {"id": 39, "text": " APP NAME:", "label": "others", "box": [238, 1243, 359, 1213], "linking": []}, {"id": 40, "text": " AID:", "label": "others", "box": [241, 1270, 297, 1247], "linking": []}, {"id": 41, "text": " ARQC:", "label": "others", "box": [243, 1300, 310, 1275], "linking": []}, {"id": 42, "text": " ENTRY", "label": "others", "box": [244, 1332, 306, 1306], "linking": []}, {"id": 43, "text": " APPROVAL", "label": "others", "box": [245, 1363, 345, 1337], "linking": []}, {"id": 44, "text": " :", "label": "others", "box": [296, 1206, 310, 1180], "linking": []}, {"id": 45, "text": "************ 1000", "label": "others", "box": [560, 1219, 772, 1175], "linking": []}, {"id": 46, "text": "A000000025010801", "label": "others", "box": [597, 1289, 813, 1241], "linking": []}, {"id": 47, "text": "Chip", "label": "others", "box": [542, 1335, 602, 1304], "linking": []}, {"id": 48, "text": "856301", "label": "others", "box": [490, 1366, 573, 1334], "linking": []}, {"id": 49, "text": "AMEX", "label": "others", "box": [504, 1235, 562, 1207], "linking": []}, {"id": 50, "text": "3D4CD57AB21C3F5D", "label": "others", "box": [556, 1318, 774, 1270], "linking": []}, {"id": 51, "text": " :", "label": "others", "box": [311, 1331, 324, 1306], "linking": []}, {"id": 52, "text": " :", "label": "others", "box": [350, 1363, 364, 1337], "linking": []}, {"id": 53, "text": "Thank you for shopping", "label": "others", "box": [402, 1509, 695, 1463], "linking": []}, {"id": 54, "text": "We hope you' ll come back soon!", "label": "others", "box": [349, 1577, 745, 1527], "linking": []}, {"id": 55, "text": "merchant name", "label": "others", "box": [480, 1536, 643, 1497], "linking": []}]