[{"id": 0, "text": "merchant name", "label": "others", "box": [141, 80, 339, 41], "linking": []}, {"id": 1, "text": "merchant address", "label": "others", "box": [176, 120, 295, 93], "linking": []}, {"id": 2, "text": " 161 7091 19", "label": "others", "box": [211, 163, 314, 136], "linking": []}, {"id": 3, "text": "merchant address", "label": "others", "box": [171, 99, 305, 68], "linking": []}, {"id": 4, "text": "merchant address", "label": "others", "box": [174, 142, 291, 115], "linking": []}, {"id": 5, "text": " VAT:", "label": "others", "box": [166, 165, 208, 143], "linking": []}, {"id": 6, "text": " Phone:", "label": "others", "box": [148, 187, 206, 164], "linking": []}, {"id": 7, "text": "CUSTOMER RECEIPT", "label": "others", "box": [469, 141, 701, 113], "linking": []}, {"id": 8, "text": "merchant address", "label": "others", "box": [472, 179, 751, 146], "linking": []}, {"id": 9, "text": "WIE", "label": "others", "box": [468, 197, 513, 177], "linking": []}, {"id": 10, "text": "5 LB", "label": "others", "box": [468, 221, 509, 200], "linking": []}, {"id": 11, "text": "merchant address", "label": "others", "box": [470, 158, 845, 121], "linking": []}, {"id": 12, "text": "merchant address", "label": "others", "box": [786, 162, 899, 135], "linking": []}, {"id": 13, "text": "merchant address", "label": "others", "box": [949, 152, 965, 131], "linking": []}, {"id": 14, "text": "merchant phone", "label": "others", "box": [209, 185, 323, 158], "linking": []}, {"id": 15, "text": "28 Vassel N", "label": "others", "box": [67, 231, 166, 208], "linking": []}, {"id": 16, "text": " 11/11/2019 19:58:22", "label": "others", "box": [469, 248, 747, 216], "linking": []}, {"id": 17, "text": " XXXXX17718", "label": "others", "box": [521, 291, 665, 267], "linking": []}, {"id": 18, "text": "3042", "label": "others", "box": [467, 314, 525, 293], "linking": []}, {"id": 19, "text": " : A000000025010801", "label": "others", "box": [505, 338, 750, 314], "linking": []}, {"id": 20, "text": "AMERICAN EXPRESS", "label": "others", "box": [467, 359, 689, 337], "linking": []}, {"id": 21, "text": "XXXX XXXX XXX 1002", "label": "others", "box": [465, 381, 716, 359], "linking": []}, {"id": 22, "text": " PAN SEQ NO.", "label": "others", "box": [462, 403, 619, 382], "linking": []}, {"id": 23, "text": "ICC", "label": "others", "box": [464, 423, 504, 404], "linking": []}, {"id": 24, "text": "SALE", "label": "others", "box": [462, 443, 518, 423], "linking": []}, {"id": 25, "text": "4.25", "label": "total amount", "box": [464, 466, 516, 445], "linking": []}, {"id": 26, "text": "TOTAL", "label": "others", "box": [463, 489, 527, 468], "linking": []}, {"id": 27, "text": "4.25", "label": "total amount", "box": [462, 512, 515, 490], "linking": []}, {"id": 28, "text": "Tb1 335/1", "label": "others", "box": [55, 273, 138, 252], "linking": []}, {"id": 29, "text": "Chk 7481", "label": "others", "box": [197, 268, 273, 248], "linking": []}, {"id": 30, "text": "M", "label": "others", "box": [225, 289, 239, 270], "linking": []}, {"id": 31, "text": " Nov11'19 07:57PM", "label": "others", "box": [160, 313, 311, 289], "linking": []}, {"id": 32, "text": "Gst 0", "label": "others", "box": [362, 264, 420, 243], "linking": []}, {"id": 33, "text": " RECEIPT NO.", "label": "others", "box": [467, 269, 619, 245], "linking": []}, {"id": 34, "text": " : 124198", "label": "others", "box": [623, 266, 728, 241], "linking": []}, {"id": 35, "text": " MID:", "label": "others", "box": [466, 292, 517, 271], "linking": []}, {"id": 36, "text": " TID:", "label": "others", "box": [819, 284, 879, 259], "linking": []}, {"id": 37, "text": " XXXX", "label": "others", "box": [883, 281, 948, 255], "linking": []}, {"id": 38, "text": " AID", "label": "others", "box": [466, 338, 501, 317], "linking": []}, {"id": 39, "text": "Dine In", "label": "others", "box": [90, 357, 217, 336], "linking": []}, {"id": 40, "text": "1 Smoke Shack", "label": "0 description beginning", "box": [75, 380, 193, 359], "linking": []}, {"id": 41, "text": "1 Smoke Shack Dbl", "label": "0 description beginning", "box": [74, 401, 224, 379], "linking": []}, {"id": 42, "text": "1 Fries", "label": "0 description beginning", "box": [72, 422, 135, 403], "linking": []}, {"id": 43, "text": "1 HrbMayo Bacon", "label": "0 description beginning", "box": [71, 444, 207, 423], "linking": []}, {"id": 44, "text": "1 R Ice Tea", "label": "0 description beginning", "box": [71, 465, 169, 444], "linking": []}, {"id": 45, "text": "1 Pt Lager", "label": "0 description beginning", "box": [71, 486, 160, 466], "linking": []}, {"id": 46, "text": "VISA SS", "label": "others", "box": [84, 505, 153, 486], "linking": []}, {"id": 47, "text": "7.50", "label": "5 total price per item", "box": [352, 373, 393, 354], "linking": []}, {"id": 48, "text": "10.75", "label": "5 total price per item", "box": [347, 396, 393, 377], "linking": []}, {"id": 49, "text": "3.00", "label": "5 total price per item", "box": [352, 419, 391, 399], "linking": []}, {"id": 50, "text": "4.50", "label": "5 total price per item", "box": [353, 440, 392, 421], "linking": []}, {"id": 51, "text": "3.00", "label": "5 total price per item", "box": [350, 463, 393, 444], "linking": []}, {"id": 52, "text": "5.50", "label": "5 total price per item", "box": [349, 485, 391, 466], "linking": []}, {"id": 53, "text": "34.25", "label": "others", "box": [339, 506, 390, 488], "linking": []}, {"id": 54, "text": " : 00", "label": "others", "box": [628, 403, 673, 383], "linking": []}, {"id": 55, "text": "GBP3", "label": "others", "box": [852, 440, 912, 418], "linking": []}, {"id": 56, "text": "GBP3", "label": "others", "box": [858, 485, 918, 462], "linking": []}, {"id": 57, "text": "Subtotal", "label": "others", "box": [79, 546, 152, 526], "linking": []}, {"id": 58, "text": "Payment", "label": "others", "box": [74, 569, 141, 549], "linking": []}, {"id": 59, "text": "34.25", "label": "sub total", "box": [334, 546, 387, 527], "linking": []}, {"id": 60, "text": "34.25", "label": "total amount", "box": [285, 570, 383, 548], "linking": []}, {"id": 61, "text": "PLEASE DEBIT MY ACCOUNT", "label": "others", "box": [460, 560, 784, 536], "linking": []}, {"id": 62, "text": "PIN VERIFIED", "label": "others", "box": [459, 582, 625, 560], "linking": []}, {"id": 63, "text": "PLEASE KEEP THIS RECEIPT FOR YOU", "label": "others", "box": [459, 610, 923, 584], "linking": []}, {"id": 64, "text": "RECORDS", "label": "others", "box": [460, 649, 555, 629], "linking": []}, {"id": 65, "text": " AUTH CODE:74", "label": "others", "box": [462, 675, 624, 650], "linking": []}, {"id": 66, "text": "20% VAT", "label": "others", "box": [70, 615, 138, 593], "linking": []}, {"id": 67, "text": "5.71", "label": "2 tax total", "box": [342, 617, 382, 595], "linking": []}, {"id": 68, "text": "R", "label": "others", "box": [461, 626, 476, 607], "linking": []}, {"id": 69, "text": "5.71 =20% VAT of", "label": "others", "box": [115, 662, 266, 638], "linking": []}, {"id": 70, "text": "Net TTL", "label": "others", "box": [115, 684, 181, 663], "linking": []}, {"id": 71, "text": "0.00 =20% VAT of", "label": "others", "box": [114, 707, 266, 685], "linking": []}, {"id": 72, "text": "Net TTL", "label": "others", "box": [116, 725, 185, 706], "linking": []}, {"id": 73, "text": " -28 Check Closed 07:58PM-", "label": "others", "box": [96, 751, 337, 727], "linking": []}, {"id": 74, "text": "34.25", "label": "others", "box": [351, 664, 404, 643], "linking": []}, {"id": 75, "text": "28.54", "label": "others", "box": [353, 686, 403, 666], "linking": []}, {"id": 76, "text": "0,00", "label": "others", "box": [361, 708, 403, 689], "linking": []}, {"id": 77, "text": "0.00", "label": "others", "box": [362, 730, 404, 712], "linking": []}, {"id": 78, "text": "www.shakeshack.co.uk", "label": "others", "box": [124, 801, 322, 774], "linking": []}]