[{"id": 0, "text": "merchant name", "label": "others", "box": [65, 49, 215, 30], "linking": []}, {"id": 1, "text": "on Eurostar Real", "label": "others", "box": [33, 71, 249, 42], "linking": []}, {"id": 2, "text": "SALE", "label": "others", "box": [125, 91, 156, 75], "linking": []}, {"id": 3, "text": " TRAIN No:", "label": "others", "box": [24, 135, 98, 118], "linking": []}, {"id": 4, "text": " Route:", "label": "others", "box": [24, 156, 76, 140], "linking": []}, {"id": 5, "text": " Crew ID:", "label": "others", "box": [24, 177, 87, 161], "linking": []}, {"id": 6, "text": " Train Date:", "label": "others", "box": [23, 199, 108, 182], "linking": []}, {"id": 7, "text": " Sale:", "label": "others", "box": [25, 219, 65, 203], "linking": []}, {"id": 8, "text": " 9046 R1", "label": "others", "box": [102, 134, 156, 118], "linking": []}, {"id": 9, "text": " SPI - PNO", "label": "others", "box": [82, 156, 151, 140], "linking": []}, {"id": 10, "text": " 601359", "label": "others", "box": [90, 178, 137, 162], "linking": []}, {"id": 11, "text": " 25/11/2019", "label": "others", "box": [111, 199, 190, 182], "linking": []}, {"id": 12, "text": " 869216", "label": "others", "box": [69, 220, 118, 203], "linking": []}, {"id": 13, "text": "Qty", "label": "others", "box": [26, 283, 50, 266], "linking": []}, {"id": 14, "text": "1", "label": "e quantity", "box": [27, 301, 38, 289], "linking": []}, {"id": 15, "text": "H BAGUETTE", "label": "1 description inside", "box": [24, 324, 103, 307], "linking": []}, {"id": 16, "text": " VITTEL", "label": "0 description beginning", "box": [94, 342, 139, 326], "linking": []}, {"id": 17, "text": "Product", "label": "others", "box": [92, 282, 145, 264], "linking": []}, {"id": 18, "text": "HAM AND CHEESE SOURDOUG", "label": "0 description beginning", "box": [93, 303, 261, 286], "linking": []}, {"id": 19, "text": "Price GBP", "label": "others", "box": [191, 282, 260, 264], "linking": []}, {"id": 20, "text": "4,95", "label": "5 total price per item", "box": [229, 322, 261, 307], "linking": []}, {"id": 21, "text": "2.10", "label": "5 total price per item", "box": [229, 340, 261, 325], "linking": []}, {"id": 22, "text": " 50CL", "label": "0 description beginning", "box": [142, 341, 173, 326], "linking": []}, {"id": 23, "text": " TOTAL:", "label": "others", "box": [26, 402, 71, 386], "linking": []}, {"id": 24, "text": "7.05", "label": "total amount", "box": [229, 399, 261, 382], "linking": []}, {"id": 25, "text": " PAYMENTS:", "label": "others", "box": [109, 463, 176, 447], "linking": []}, {"id": 26, "text": "GBP", "label": "others", "box": [143, 482, 167, 467], "linking": []}, {"id": 27, "text": "Card", "label": "others", "box": [25, 484, 56, 468], "linking": []}, {"id": 28, "text": "7.05", "label": "others", "box": [231, 482, 261, 465], "linking": []}, {"id": 29, "text": "All taxes Included", "label": "others", "box": [23, 527, 159, 509], "linking": []}, {"id": 30, "text": "THANK YOU", "label": "others", "box": [110, 567, 177, 550], "linking": []}, {"id": 31, "text": " shopping with us we", "label": "others", "box": [86, 590, 230, 573], "linking": []}, {"id": 32, "text": "hope you enjoy your journey", "label": "others", "box": [42, 611, 243, 593], "linking": []}, {"id": 33, "text": " for", "label": "others", "box": [59, 590, 82, 573], "linking": []}, {"id": 34, "text": " 25/11/2019 20:01", "label": "others", "box": [23, 675, 145, 655], "linking": []}, {"id": 35, "text": "MOMENTUM SERVICE LID", "label": "others", "box": [67, 754, 219, 735], "linking": []}, {"id": 36, "text": "CARDHOLDER COPY", "label": "others", "box": [85, 796, 199, 778], "linking": []}, {"id": 37, "text": " TRAIN No:", "label": "others", "box": [24, 841, 99, 823], "linking": []}, {"id": 38, "text": " SPI - PNO", "label": "others", "box": [82, 861, 153, 844], "linking": []}, {"id": 39, "text": " 601359", "label": "others", "box": [89, 883, 137, 865], "linking": []}, {"id": 40, "text": " 25/11/2019", "label": "others", "box": [111, 906, 191, 887], "linking": []}, {"id": 41, "text": " 9046 R1", "label": "others", "box": [104, 839, 160, 822], "linking": []}, {"id": 42, "text": " Route:", "label": "others", "box": [22, 863, 75, 845], "linking": []}, {"id": 43, "text": " Crew ID:", "label": "others", "box": [22, 884, 86, 867], "linking": []}, {"id": 44, "text": " Train Date:", "label": "others", "box": [24, 907, 108, 889], "linking": []}, {"id": 45, "text": "MID", "label": "others", "box": [21, 950, 47, 934], "linking": []}, {"id": 46, "text": "TID", "label": "others", "box": [22, 975, 46, 955], "linking": []}, {"id": 47, "text": "***** 12539", "label": "others", "box": [142, 949, 220, 933], "linking": []}, {"id": 48, "text": "**** 3812", "label": "others", "box": [143, 971, 205, 956], "linking": []}]