[{"id": 0, "text": "merchant name", "label": "others", "box": [735, 321, 872, 285], "linking": []}, {"id": 1, "text": "merchant address", "label": "others", "box": [666, 362, 949, 324], "linking": []}, {"id": 2, "text": "merchant address", "label": "others", "box": [669, 404, 939, 365], "linking": []}, {"id": 3, "text": "merchant phone", "label": "others", "box": [699, 446, 902, 404], "linking": []}, {"id": 4, "text": " Server:", "label": "others", "box": [412, 523, 539, 480], "linking": []}, {"id": 5, "text": " Blair G", "label": "others", "box": [545, 525, 672, 485], "linking": []}, {"id": 6, "text": "Check #63", "label": "others", "box": [411, 561, 571, 520], "linking": []}, {"id": 7, "text": " 11/19/19 6:20 PM", "label": "others", "box": [918, 526, 1189, 480], "linking": []}, {"id": 8, "text": "Table 24, Pregnant", "label": "others", "box": [885, 565, 1184, 525], "linking": []}, {"id": 9, "text": "D-Fritter", "label": "0 description beginning", "box": [411, 680, 564, 640], "linking": []}, {"id": 10, "text": "D-Crab Pimento", "label": "0 description beginning", "box": [410, 721, 654, 682], "linking": []}, {"id": 11, "text": "D-Bread", "label": "0 description beginning", "box": [406, 761, 541, 722], "linking": []}, {"id": 12, "text": "D-Quail", "label": "0 description beginning", "box": [407, 799, 538, 763], "linking": []}, {"id": 13, "text": "D-Pretzel", "label": "0 description beginning", "box": [405, 842, 563, 804], "linking": []}, {"id": 14, "text": "Basil Hayden Odd Fashioned", "label": "0 description beginning", "box": [403, 888, 857, 843], "linking": []}, {"id": 15, "text": "$5.50", "label": "5 total price per item", "box": [1099, 685, 1185, 647], "linking": []}, {"id": 16, "text": "$7.00", "label": "5 total price per item", "box": [1097, 724, 1186, 689], "linking": []}, {"id": 17, "text": "$7.00", "label": "5 total price per item", "box": [1097, 766, 1185, 728], "linking": []}, {"id": 18, "text": "$11.00", "label": "5 total price per item", "box": [1082, 809, 1186, 772], "linking": []}, {"id": 19, "text": "$4.00", "label": "5 total price per item", "box": [1095, 847, 1181, 811], "linking": []}, {"id": 20, "text": "$17.00", "label": "5 total price per item", "box": [1080, 886, 1182, 852], "linking": []}, {"id": 21, "text": "$8.00", "label": "5 total price per item", "box": [1096, 926, 1187, 892], "linking": []}, {"id": 22, "text": "$9.00", "label": "5 total price per item", "box": [1098, 969, 1180, 933], "linking": []}, {"id": 23, "text": "$14.00", "label": "5 total price per item", "box": [1078, 1008, 1179, 973], "linking": []}, {"id": 24, "text": "$36.00", "label": "5 total price per item", "box": [1075, 1049, 1180, 1013], "linking": []}, {"id": 25, "text": "2 Mocktail", "label": "0 description beginning", "box": [403, 923, 579, 883], "linking": []}, {"id": 26, "text": "D-Squash", "label": "0 description beginning", "box": [404, 964, 545, 926], "linking": []}, {"id": 27, "text": "D-Nachos", "label": "0 description beginning", "box": [406, 1005, 548, 968], "linking": []}, {"id": 28, "text": "D-Pork Chop", "label": "0 description beginning", "box": [408, 1048, 598, 1008], "linking": []}, {"id": 29, "text": "Subtotal", "label": "others", "box": [408, 1126, 549, 1089], "linking": []}, {"id": 30, "text": "Tax", "label": "others", "box": [408, 1166, 466, 1133], "linking": []}, {"id": 31, "text": "Total", "label": "others", "box": [413, 1209, 495, 1170], "linking": []}, {"id": 32, "text": "$118.50", "label": "sub total", "box": [1057, 1132, 1178, 1093], "linking": []}, {"id": 33, "text": "$9.78", "label": "2 tax total", "box": [1092, 1170, 1177, 1134], "linking": []}, {"id": 34, "text": "$128.28", "label": "total amount", "box": [1057, 1212, 1175, 1174], "linking": []}, {"id": 35, "text": "Credit Card", "label": "others", "box": [410, 1289, 600, 1252], "linking": []}, {"id": 36, "text": "Amex", "label": "others", "box": [410, 1326, 481, 1294], "linking": []}, {"id": 37, "text": "Time", "label": "others", "box": [411, 1366, 484, 1331], "linking": []}, {"id": 38, "text": "Swiped", "label": "others", "box": [1071, 1290, 1175, 1254], "linking": []}, {"id": 39, "text": "xxxxxxxx1000", "label": "others", "box": [967, 1329, 1172, 1293], "linking": []}, {"id": 40, "text": " 7:37 PM", "label": "others", "box": [1057, 1369, 1173, 1332], "linking": []}, {"id": 41, "text": "Transaction Type", "label": "others", "box": [411, 1450, 679, 1409], "linking": []}, {"id": 42, "text": "Authorization", "label": "others", "box": [409, 1491, 633, 1452], "linking": []}, {"id": 43, "text": "Approval Code", "label": "others", "box": [406, 1533, 630, 1492], "linking": []}, {"id": 44, "text": "Payment ID", "label": "others", "box": [403, 1573, 578, 1534], "linking": []}, {"id": 45, "text": "Merchant ID", "label": "others", "box": [408, 1610, 596, 1575], "linking": []}, {"id": 46, "text": "Card Reader", "label": "others", "box": [410, 1648, 592, 1613], "linking": []}, {"id": 47, "text": "Sale", "label": "others", "box": [1103, 1447, 1168, 1414], "linking": []}, {"id": 48, "text": "Approved", "label": "others", "box": [1033, 1487, 1170, 1455], "linking": []}, {"id": 49, "text": "588794", "label": "others", "box": [1065, 1525, 1165, 1491], "linking": []}, {"id": 50, "text": "XbwCzN9PjXg9", "label": "others", "box": [966, 1566, 1165, 1529], "linking": []}, {"id": 51, "text": "024908731", "label": "others", "box": [1016, 1605, 1165, 1569], "linking": []}, {"id": 52, "text": "MAGTEK_EDYNAMO", "label": "others", "box": [927, 1648, 1164, 1610], "linking": []}, {"id": 53, "text": "Amount", "label": "others", "box": [576, 1728, 677, 1694], "linking": []}, {"id": 54, "text": " + Tip:", "label": "others", "box": [591, 1772, 687, 1735], "linking": []}, {"id": 55, "text": " = Total:", "label": "others", "box": [560, 1813, 690, 1777], "linking": []}, {"id": 56, "text": "$100.00", "label": "others", "box": [1049, 1733, 1169, 1693], "linking": []}, {"id": 57, "text": "$0.00", "label": "3 tip", "box": [1086, 1776, 1167, 1738], "linking": []}, {"id": 58, "text": "$100.00", "label": "others", "box": [1052, 1822, 1173, 1782], "linking": []}, {"id": 59, "text": "Thank you for dining at Odd Duck.", "label": "others", "box": [513, 1954, 1064, 1901], "linking": []}, {"id": 60, "text": "sister restaurant Barley Swine", "label": "others", "box": [526, 2036, 1032, 1986], "linking": []}, {"id": 61, "text": "Receive a 10% discount at our", "label": "others", "box": [529, 1995, 1023, 1945], "linking": []}, {"id": 62, "text": "by presenting this receipt.", "label": "others", "box": [557, 2077, 1011, 2028], "linking": []}]