[{"id": 0, "text": "Thank You For Visiting the", "label": "others", "box": [194, 144, 446, 100], "linking": []}, {"id": 1, "text": "Nadine Varella, General Manager", "label": "others", "box": [165, 192, 462, 148], "linking": []}, {"id": 2, "text": "We Love Your Feedback!", "label": "others", "box": [207, 234, 416, 201], "linking": []}, {"id": 3, "text": "merchant name", "label": "others", "box": [177, 168, 456, 123], "linking": []}, {"id": 4, "text": "merchant phone", "label": "others", "box": [252, 209, 386, 178], "linking": []}, {"id": 5, "text": "Text @LTF41042 to 73940", "label": "others", "box": [201, 258, 421, 224], "linking": []}, {"id": 6, "text": "Chef Spec/Phila Roll", "label": "0 description beginning", "box": [113, 320, 310, 291], "linking": []}, {"id": 7, "text": "Dessert Bites", "label": "0 description beginning", "box": [112, 362, 244, 339], "linking": []}, {"id": 8, "text": "USO", "label": "others", "box": [466, 305, 497, 285], "linking": []}, {"id": 9, "text": "7.49", "label": "5 total price per item", "box": [458, 328, 497, 307], "linking": []}, {"id": 10, "text": "3.44", "label": "5 total price per item", "box": [454, 349, 494, 329], "linking": []}, {"id": 11, "text": "0.65", "label": "5 total price per item", "box": [452, 371, 490, 351], "linking": []}, {"id": 12, "text": "Monster Energy 16oz", "label": "0 description beginning", "box": [113, 342, 298, 316], "linking": []}, {"id": 13, "text": "Sub Total", "label": "others", "box": [326, 410, 407, 389], "linking": []}, {"id": 14, "text": "Tax Amount", "label": "others", "box": [324, 431, 417, 412], "linking": []}, {"id": 15, "text": "11.58", "label": "sub total", "box": [443, 411, 485, 392], "linking": []}, {"id": 16, "text": "0.81", "label": "2 tax total", "box": [446, 430, 481, 413], "linking": []}, {"id": 17, "text": "Total USD", "label": "others", "box": [96, 508, 268, 473], "linking": []}, {"id": 18, "text": "12.39", "label": "total amount", "box": [394, 503, 480, 470], "linking": []}, {"id": 19, "text": "5009 AMERICAN EXPRESS", "label": "others", "box": [87, 596, 289, 572], "linking": []}, {"id": 20, "text": "12.39", "label": "others", "box": [430, 586, 473, 566], "linking": []}, {"id": 21, "text": "Tax", "label": "others", "box": [81, 666, 116, 645], "linking": []}, {"id": 22, "text": " Taxable Amount", "label": "others", "box": [238, 659, 373, 635], "linking": []}, {"id": 23, "text": "11.58", "label": "sub total", "box": [318, 678, 363, 657], "linking": []}, {"id": 24, "text": " Tax Amount", "label": "others", "box": [381, 654, 472, 631], "linking": []}, {"id": 25, "text": "0.81", "label": "2 tax total", "box": [432, 672, 468, 653], "linking": []}, {"id": 26, "text": "( 7.00", "label": "others", "box": [84, 689, 153, 662], "linking": []}, {"id": 27, "text": " 11/13/2019 01:18 PM #:", "label": "others", "box": [72, 761, 282, 726], "linking": []}, {"id": 28, "text": " 102 S:", "label": "others", "box": [70, 785, 129, 760], "linking": []}, {"id": 29, "text": " 18716 Op:3053 C:113", "label": "others", "box": [285, 748, 467, 718], "linking": []}, {"id": 30, "text": " 1131", "label": "others", "box": [132, 780, 172, 757], "linking": []}, {"id": 31, "text": " Served you", "label": "others", "box": [65, 810, 174, 780], "linking": []}, {"id": 32, "text": " : Marie Leonce", "label": "others", "box": [177, 802, 314, 771], "linking": []}, {"id": 33, "text": "*** Customer copy ***", "label": "others", "box": [150, 897, 355, 861], "linking": []}, {"id": 34, "text": "AMEX Sunrise 937-7", "label": "others", "box": [166, 946, 343, 906], "linking": []}, {"id": 35, "text": "according to card issuer", "label": "others", "box": [130, 1004, 366, 953], "linking": []}, {"id": 36, "text": "records,", "label": "others", "box": [206, 1070, 283, 1039], "linking": []}, {"id": 37, "text": "I agree to pay the above total amount", "label": "others", "box": [58, 989, 423, 921], "linking": []}, {"id": 38, "text": "Voucher)Retain this copy for your", "label": "others", "box": [73, 1064, 401, 999], "linking": []}, {"id": 39, "text": "PURCHASE / APPROVED", "label": "others", "box": [35, 1146, 235, 1094], "linking": []}, {"id": 40, "text": "*********** 7008", "label": "others", "box": [32, 1187, 191, 1158], "linking": []}, {"id": 41, "text": "CHIP READ /", "label": "others", "box": [31, 1216, 147, 1186], "linking": []}, {"id": 42, "text": "agreement. (Merchant agreement if Credit", "label": "others", "box": [43, 1043, 429, 969], "linking": []}, {"id": 43, "text": "AMERICAN EXPRESS", "label": "others", "box": [36, 1168, 204, 1129], "linking": []}]