[{"id": 0, "text": "CUSTOMER COPY", "label": "others", "box": [586, 1022, 850, 991], "linking": []}, {"id": 1, "text": "merchant name", "label": "others", "box": [525, 1102, 895, 1065], "linking": []}, {"id": 2, "text": "merchant name", "label": "others", "box": [591, 1159, 832, 1128], "linking": []}, {"id": 3, "text": "merchant address", "label": "others", "box": [506, 1204, 915, 1172], "linking": []}, {"id": 4, "text": "merchant address", "label": "others", "box": [591, 1232, 835, 1204], "linking": []}, {"id": 5, "text": "merchant phone", "label": "others", "box": [625, 1260, 796, 1234], "linking": []}, {"id": 6, "text": "Date", "label": "others", "box": [561, 1334, 624, 1309], "linking": []}, {"id": 7, "text": "Server Jonathan R", "label": "others", "box": [532, 1366, 776, 1339], "linking": []}, {"id": 8, "text": "Check #", "label": "others", "box": [516, 1395, 625, 1366], "linking": []}, {"id": 9, "text": " # Guest", "label": "others", "box": [517, 1424, 627, 1399], "linking": []}, {"id": 10, "text": "Order Type", "label": "others", "box": [478, 1456, 624, 1428], "linking": []}, {"id": 11, "text": " Table", "label": "others", "box": [550, 1483, 622, 1459], "linking": []}, {"id": 12, "text": " 11/17/19, 6:46 PM", "label": "others", "box": [638, 1338, 854, 1310], "linking": []}, {"id": 13, "text": "7886", "label": "others", "box": [638, 1395, 699, 1368], "linking": []}, {"id": 14, "text": " 4", "label": "others", "box": [638, 1424, 659, 1400], "linking": []}, {"id": 15, "text": "Dine In", "label": "others", "box": [640, 1455, 727, 1431], "linking": []}, {"id": 16, "text": " 446", "label": "others", "box": [637, 1484, 686, 1459], "linking": []}, {"id": 17, "text": " Cardholder", "label": "others", "box": [476, 1544, 629, 1515], "linking": []}, {"id": 18, "text": "Card Type AMEX-3007", "label": "others", "box": [486, 1574, 782, 1547], "linking": []}, {"id": 19, "text": "Auth Code", "label": "others", "box": [481, 1605, 625, 1577], "linking": []}, {"id": 20, "text": " Status", "label": "others", "box": [536, 1633, 620, 1608], "linking": []}, {"id": 21, "text": "515581", "label": "others", "box": [625, 1604, 724, 1577], "linking": []}, {"id": 22, "text": " Approved", "label": "others", "box": [638, 1634, 754, 1610], "linking": []}, {"id": 23, "text": "Check Total", "label": "others", "box": [455, 1739, 594, 1711], "linking": []}, {"id": 24, "text": "$155.16", "label": "sub total", "box": [825, 1749, 995, 1708], "linking": []}, {"id": 25, "text": "$77.58", "label": "others", "box": [850, 1806, 993, 1766], "linking": []}, {"id": 26, "text": "Amount Due", "label": "others", "box": [431, 1800, 595, 1770], "linking": []}, {"id": 27, "text": "Tip", "label": "others", "box": [505, 1922, 546, 1892], "linking": []}, {"id": 28, "text": "15. \"", "label": "3 tip", "box": [904, 1925, 980, 1857], "linking": []}, {"id": 29, "text": "92.58", "label": "total amount", "box": [843, 2060, 984, 1975], "linking": []}, {"id": 30, "text": "Tota", "label": "others", "box": [486, 2041, 539, 2013], "linking": []}]