[{"id": 0, "text": "merchant name", "label": "others", "box": [23, 49, 149, 24], "linking": []}, {"id": 1, "text": " Total:", "label": "others", "box": [258, 37, 286, 25], "linking": []}, {"id": 2, "text": "Sun, Nov 24, 2019", "label": "others", "box": [227, 54, 326, 41], "linking": []}, {"id": 3, "text": " $23.62", "label": "total amount", "box": [288, 37, 327, 25], "linking": []}, {"id": 4, "text": "Thanks for tipping,", "label": "others", "box": [24, 132, 311, 98], "linking": []}, {"id": 5, "text": "Here's your updated receipt for", "label": "others", "box": [25, 203, 299, 182], "linking": []}, {"id": 6, "text": "Hong Kong Asian Cuisine.", "label": "others", "box": [25, 228, 253, 207], "linking": []}, {"id": 7, "text": "Total", "label": "others", "box": [25, 479, 82, 456], "linking": []}, {"id": 8, "text": "$23.62", "label": "total amount", "box": [246, 480, 328, 456], "linking": []}, {"id": 9, "text": "1", "label": "e quantity", "box": [35, 559, 43, 545], "linking": []}, {"id": 10, "text": "Curry Chicken", "label": "0 description beginning", "box": [59, 563, 162, 546], "linking": []}, {"id": 11, "text": "$12.70", "label": "5 total price per item", "box": [277, 561, 327, 545], "linking": []}, {"id": 12, "text": "Make It A Dinner Combo", "label": "1 description inside", "box": [74, 593, 227, 578], "linking": []}, {"id": 13, "text": " Fried", "label": "1 description inside", "box": [59, 617, 91, 602], "linking": []}, {"id": 14, "text": " Rice", "label": "1 description inside", "box": [94, 617, 120, 602], "linking": []}, {"id": 15, "text": " ($1.95)", "label": "1 description inside", "box": [123, 617, 167, 602], "linking": []}, {"id": 16, "text": "1", "label": "e quantity", "box": [34, 644, 44, 631], "linking": []}, {"id": 17, "text": "Chicken Egg Roll", "label": "0 description beginning", "box": [59, 648, 182, 631], "linking": []}, {"id": 18, "text": "$1.45", "label": "5 total price per item", "box": [284, 646, 328, 631], "linking": []}, {"id": 19, "text": "Subtotal", "label": "others", "box": [25, 735, 88, 720], "linking": []}, {"id": 20, "text": "$14.15", "label": "sub total", "box": [277, 734, 328, 720], "linking": []}, {"id": 21, "text": "Tax", "label": "others", "box": [25, 772, 51, 757], "linking": []}, {"id": 22, "text": "$1.22", "label": "2 tax total", "box": [285, 772, 327, 757], "linking": []}, {"id": 23, "text": "Service fee", "label": "others", "box": [25, 809, 107, 793], "linking": []}, {"id": 24, "text": "$2.12", "label": "others", "box": [286, 809, 327, 793], "linking": []}, {"id": 25, "text": " Delivery fee", "label": "others", "box": [26, 847, 113, 831], "linking": []}, {"id": 26, "text": " @", "label": "others", "box": [117, 845, 130, 830], "linking": []}, {"id": 27, "text": "$3.99", "label": "others", "box": [285, 846, 325, 831], "linking": []}, {"id": 28, "text": "Tip", "label": "others", "box": [24, 885, 49, 867], "linking": []}, {"id": 29, "text": "$2.14", "label": "3 tip", "box": [285, 883, 327, 867], "linking": []}, {"id": 30, "text": "Amount Charged", "label": "others", "box": [25, 972, 149, 956], "linking": []}, {"id": 31, "text": ".... 1006 Switch", "label": "others", "box": [69, 1010, 185, 992], "linking": []}, {"id": 32, "text": "$23.62", "label": "others", "box": [277, 1013, 328, 998], "linking": []}]