[{"id": 0, "text": "e pr\u00e9l\u00e8veme", "label": "others", "box": [768, 50, 891, 29], "linking": []}, {"id": 1, "text": "\u00e9l\u00e8vement", "label": "others", "box": [770, 74, 886, 52], "linking": []}, {"id": 2, "text": "le r\u00e8glemer", "label": "others", "box": [774, 98, 892, 75], "linking": []}, {"id": 3, "text": "5,", "label": "others", "box": [596, 134, 640, 87], "linking": []}, {"id": 4, "text": "merchant name", "label": "others", "box": [331, 252, 486, 205], "linking": []}, {"id": 5, "text": "merchant address", "label": "others", "box": [333, 316, 490, 273], "linking": []}, {"id": 6, "text": " TEL:", "label": "others", "box": [277, 374, 340, 340], "linking": []}, {"id": 7, "text": "merchant address", "label": "others", "box": [217, 282, 610, 224], "linking": []}, {"id": 8, "text": "merchant address", "label": "others", "box": [372, 346, 456, 312], "linking": []}, {"id": 9, "text": "merchant phone", "label": "others", "box": [343, 381, 543, 344], "linking": []}, {"id": 10, "text": " TVA FR95825272180", "label": "others", "box": [408, 409, 643, 380], "linking": []}, {"id": 11, "text": "JL", "label": "others", "box": [786, 233, 813, 210], "linking": []}, {"id": 12, "text": "OURBE", "label": "others", "box": [790, 296, 891, 271], "linking": []}, {"id": 13, "text": "IENTS", "label": "others", "box": [789, 330, 874, 304], "linking": []}, {"id": 14, "text": "OLAS S", "label": "others", "box": [790, 365, 889, 338], "linking": []}, {"id": 15, "text": " CODE NAF 5610A", "label": "others", "box": [176, 406, 389, 365], "linking": []}, {"id": 16, "text": "SIRET 825 272 180", "label": "others", "box": [284, 443, 528, 405], "linking": []}, {"id": 17, "text": "TABLE", "label": "others", "box": [91, 515, 182, 460], "linking": []}, {"id": 18, "text": "COUVERTS", "label": "others", "box": [91, 551, 227, 515], "linking": []}, {"id": 19, "text": " SALLE", "label": "others", "box": [87, 587, 184, 553], "linking": []}, {"id": 20, "text": "registre", "label": "others", "box": [799, 456, 886, 425], "linking": []}, {"id": 21, "text": "42", "label": "others", "box": [232, 519, 280, 470], "linking": []}, {"id": 22, "text": "O", "label": "others", "box": [298, 555, 315, 528], "linking": []}, {"id": 23, "text": " : SALLE DE DEVANT", "label": "others", "box": [188, 591, 448, 558], "linking": []}, {"id": 24, "text": " MER 27 NOV 2019 11:28", "label": "others", "box": [250, 665, 586, 634], "linking": []}, {"id": 25, "text": "QTE DESIGNATION", "label": "others", "box": [121, 742, 371, 709], "linking": []}, {"id": 26, "text": " P.U", "label": "others", "box": [534, 737, 593, 706], "linking": []}, {"id": 27, "text": " Total \u20ac T", "label": "others", "box": [611, 737, 750, 704], "linking": []}, {"id": 28, "text": " 1", "label": "e quantity", "box": [156, 822, 176, 789], "linking": []}, {"id": 29, "text": " CAFE CREME", "label": "0 description beginning", "box": [182, 821, 356, 786], "linking": []}, {"id": 30, "text": "5.00", "label": "unit price", "box": [523, 813, 589, 782], "linking": []}, {"id": 31, "text": "5.00 0", "label": "5 total price per item", "box": [658, 811, 755, 780], "linking": []}, {"id": 32, "text": "TOTAL TTC", "label": "others", "box": [382, 924, 533, 865], "linking": []}, {"id": 33, "text": "5.00\u20ac", "label": "total amount", "box": [661, 917, 744, 860], "linking": []}, {"id": 34, "text": "-", "label": "others", "box": [457, 995, 470, 972], "linking": []}, {"id": 35, "text": "NOMBRE LIGNES ARTICLES", "label": "others", "box": [64, 1015, 351, 974], "linking": []}, {"id": 36, "text": "CODE", "label": "others", "box": [63, 1103, 118, 1074], "linking": []}, {"id": 37, "text": " 0 TVA", "label": "others", "box": [74, 1146, 152, 1116], "linking": []}, {"id": 38, "text": "TVA", "label": "others", "box": [299, 1089, 338, 1062], "linking": []}, {"id": 39, "text": "0.45", "label": "others", "box": [294, 1130, 348, 1104], "linking": []}, {"id": 40, "text": "0 45", "label": "others", "box": [297, 1165, 349, 1146], "linking": []}, {"id": 41, "text": "HT", "label": "others", "box": [431, 1081, 458, 1055], "linking": []}, {"id": 42, "text": "4.55", "label": "others", "box": [421, 1122, 472, 1096], "linking": []}, {"id": 43, "text": "4.55", "label": "others", "box": [421, 1163, 471, 1138], "linking": []}, {"id": 44, "text": "TTC", "label": "others", "box": [542, 1076, 580, 1051], "linking": []}, {"id": 45, "text": "5.00", "label": "others", "box": [541, 1116, 591, 1092], "linking": []}, {"id": 46, "text": "5.00", "label": "others", "box": [542, 1157, 593, 1133], "linking": []}, {"id": 47, "text": " 10.00%", "label": "others", "box": [167, 1141, 250, 1111], "linking": []}]