[{"id": 0, "text": "merchant name", "label": "others", "box": [41, 138, 375, 69], "linking": []}, {"id": 1, "text": "merchant address", "label": "others", "box": [280, 204, 646, 177], "linking": []}, {"id": 2, "text": " 646 6744 04", "label": "others", "box": [519, 230, 645, 206], "linking": []}, {"id": 3, "text": "merchant name", "label": "others", "box": [52, 208, 85, 183], "linking": []}, {"id": 4, "text": "merchant name", "label": "others", "box": [89, 207, 218, 179], "linking": []}, {"id": 5, "text": "merchant name", "label": "others", "box": [222, 205, 276, 178], "linking": []}, {"id": 6, "text": " VAT Number:", "label": "others", "box": [383, 230, 515, 207], "linking": []}, {"id": 7, "text": "RECEIPT", "label": "others", "box": [267, 310, 426, 274], "linking": []}, {"id": 8, "text": "Cir. No.", "label": "others", "box": [56, 367, 149, 339], "linking": []}, {"id": 9, "text": "Date", "label": "others", "box": [353, 367, 418, 338], "linking": []}, {"id": 10, "text": "13- 11- 19", "label": "others", "box": [430, 382, 647, 328], "linking": []}, {"id": 11, "text": "CH", "label": "others", "box": [495, 431, 512, 406], "linking": []}, {"id": 12, "text": "p", "label": "others", "box": [588, 435, 610, 409], "linking": []}, {"id": 13, "text": " *COFFEE", "label": "others", "box": [65, 496, 187, 467], "linking": []}, {"id": 14, "text": " / TEA", "label": "others", "box": [191, 496, 268, 467], "linking": []}, {"id": 15, "text": "*BEERS / WINES / SPIRITS", "label": "others", "box": [71, 560, 422, 530], "linking": []}, {"id": 16, "text": "*MINERALS / WATER", "label": "others", "box": [71, 621, 351, 592], "linking": []}, {"id": 17, "text": " *CRISPS", "label": "others", "box": [78, 683, 187, 655], "linking": []}, {"id": 18, "text": " /", "label": "others", "box": [192, 683, 204, 655], "linking": []}, {"id": 19, "text": " NUTS", "label": "others", "box": [209, 683, 293, 656], "linking": []}, {"id": 20, "text": "*CONFECTIONERY", "label": "others", "box": [81, 744, 331, 717], "linking": []}, {"id": 21, "text": "IXPorry Deal 3 65", "label": "0 description beginning", "box": [69, 846, 661, 747], "linking": []}, {"id": 22, "text": "PASTRIES", "label": "others", "box": [78, 928, 218, 901], "linking": []}, {"id": 23, "text": "SANDWICHES / CAKES /", "label": "others", "box": [78, 868, 405, 839], "linking": []}, {"id": 24, "text": "TOTAL", "label": "others", "box": [75, 1123, 171, 1090], "linking": []}, {"id": 25, "text": " 3", "label": "others", "box": [522, 1133, 562, 1090], "linking": []}, {"id": 26, "text": " 65", "label": "total amount", "box": [598, 1136, 665, 1089], "linking": []}, {"id": 27, "text": " *", "label": "others", "box": [115, 1202, 124, 1168], "linking": []}, {"id": 28, "text": " includes VAT at the standard rate", "label": "others", "box": [131, 1205, 596, 1168], "linking": []}]