[{"id": 0, "text": "merchant name", "label": "others", "box": [59, 253, 518, 112], "linking": []}, {"id": 1, "text": "merchant address", "label": "others", "box": [210, 339, 377, 315], "linking": []}, {"id": 2, "text": "merchant address", "label": "others", "box": [154, 369, 422, 340], "linking": []}, {"id": 3, "text": "merchant phone", "label": "others", "box": [223, 394, 361, 370], "linking": []}, {"id": 4, "text": "merchant name", "label": "others", "box": [291, 261, 502, 226], "linking": []}, {"id": 5, "text": "10509 Carolyn", "label": "others", "box": [82, 450, 229, 423], "linking": []}, {"id": 6, "text": " Chk", "label": "others", "box": [65, 503, 107, 477], "linking": []}, {"id": 7, "text": " 1141", "label": "others", "box": [112, 503, 158, 476], "linking": []}, {"id": 8, "text": " Nov07'19 02:15P", "label": "others", "box": [259, 500, 433, 479], "linking": []}, {"id": 9, "text": "Gst", "label": "others", "box": [453, 501, 493, 476], "linking": []}, {"id": 10, "text": "0", "label": "others", "box": [506, 498, 525, 479], "linking": []}, {"id": 11, "text": "To Go", "label": "others", "box": [108, 552, 223, 529], "linking": []}, {"id": 12, "text": " BOX GRATITUDE 3M", "label": "0 description beginning", "box": [105, 581, 296, 557], "linking": []}, {"id": 13, "text": "RED VELVET M", "label": "1 description inside", "box": [129, 608, 273, 585], "linking": []}, {"id": 14, "text": "DARK CHOC M", "label": "1 description inside", "box": [129, 636, 264, 613], "linking": []}, {"id": 15, "text": "PUMPKIN M", "label": "1 description inside", "box": [129, 665, 240, 642], "linking": []}, {"id": 16, "text": "2500215746607110042", "label": "others", "box": [96, 696, 319, 668], "linking": []}, {"id": 17, "text": "AMEX", "label": "others", "box": [105, 723, 156, 700], "linking": []}, {"id": 18, "text": " 1", "label": "e quantity", "box": [85, 581, 101, 558], "linking": []}, {"id": 19, "text": "6.00", "label": "5 total price per item", "box": [446, 577, 495, 554], "linking": []}, {"id": 20, "text": "6.00", "label": "others", "box": [447, 722, 497, 700], "linking": []}, {"id": 21, "text": "FOOD", "label": "others", "box": [105, 781, 152, 759], "linking": []}, {"id": 22, "text": "PAYMENT", "label": "others", "box": [100, 812, 187, 788], "linking": []}, {"id": 23, "text": "6.00", "label": "others", "box": [450, 783, 501, 759], "linking": []}, {"id": 24, "text": "6.00", "label": "total amount", "box": [450, 815, 501, 789], "linking": []}, {"id": 25, "text": "follow sprinkles on", "label": "others", "box": [99, 877, 333, 847], "linking": []}, {"id": 26, "text": "facebook and twitter to get the", "label": "others", "box": [96, 910, 480, 879], "linking": []}, {"id": 27, "text": "inside scoop!", "label": "others", "box": [98, 938, 257, 909], "linking": []}, {"id": 28, "text": "facebook.com/sprinkles", "label": "others", "box": [95, 999, 369, 968], "linking": []}, {"id": 29, "text": "twitter.com/sprinkles", "label": "others", "box": [97, 1030, 358, 999], "linking": []}, {"id": 30, "text": "sprinkles.com", "label": "others", "box": [96, 1090, 258, 1063], "linking": []}]