[{"id": 0, "text": "merchant name", "label": "others", "box": [126, 96, 246, 69], "linking": []}, {"id": 1, "text": "merchant address", "label": "others", "box": [82, 125, 138, 108], "linking": []}, {"id": 2, "text": "merchant address", "label": "others", "box": [71, 145, 99, 129], "linking": []}, {"id": 3, "text": "merchant phone", "label": "others", "box": [98, 163, 178, 147], "linking": []}, {"id": 4, "text": " TAFEL", "label": "others", "box": [167, 181, 200, 166], "linking": []}, {"id": 5, "text": "merchant address", "label": "others", "box": [141, 125, 186, 108], "linking": []}, {"id": 6, "text": "merchant address", "label": "others", "box": [132, 144, 200, 129], "linking": []}, {"id": 7, "text": "merchant address", "label": "others", "box": [102, 144, 126, 129], "linking": []}, {"id": 8, "text": " 12-12-19 23:07", "label": "others", "box": [49, 184, 154, 167], "linking": []}, {"id": 9, "text": " : 1", "label": "others", "box": [202, 181, 217, 166], "linking": []}, {"id": 10, "text": " 15x", "label": "e quantity", "box": [20, 222, 44, 207], "linking": []}, {"id": 11, "text": " 9\u00d7", "label": "e quantity", "box": [29, 240, 44, 225], "linking": []}, {"id": 12, "text": " 9\u00d7", "label": "e quantity", "box": [28, 258, 46, 244], "linking": []}, {"id": 13, "text": " 1\u00d7", "label": "e quantity", "box": [29, 276, 45, 262], "linking": []}, {"id": 14, "text": " 5x", "label": "e quantity", "box": [28, 293, 47, 280], "linking": []}, {"id": 15, "text": "1x MALT", "label": "0 description beginning", "box": [28, 311, 78, 297], "linking": []}, {"id": 16, "text": "7\u00d7 COLA", "label": "0 description beginning", "box": [29, 328, 78, 314], "linking": []}, {"id": 17, "text": " COLA ZERO", "label": "0 description beginning", "box": [48, 346, 112, 331], "linking": []}, {"id": 18, "text": " TONIC", "label": "0 description beginning", "box": [50, 363, 87, 349], "linking": []}, {"id": 19, "text": " ICE TEA", "label": "0 description beginning", "box": [50, 380, 98, 366], "linking": []}, {"id": 20, "text": " RUM", "label": "0 description beginning", "box": [49, 396, 73, 383], "linking": []}, {"id": 21, "text": "4x LYCHEE LIQOR", "label": "0 description beginning", "box": [31, 412, 131, 398], "linking": []}, {"id": 22, "text": "3\u00d7 KOFFIE", "label": "0 description beginning", "box": [29, 430, 91, 415], "linking": []}, {"id": 23, "text": " 1\u00d7", "label": "e quantity", "box": [32, 448, 45, 434], "linking": []}, {"id": 24, "text": "7\u00d7 CAPPUCCINO", "label": "0 description beginning", "box": [29, 465, 117, 450], "linking": []}, {"id": 25, "text": " 1\u00d7", "label": "e quantity", "box": [29, 483, 46, 469], "linking": []}, {"id": 26, "text": " 1x", "label": "e quantity", "box": [28, 501, 46, 487], "linking": []}, {"id": 27, "text": " 1x", "label": "e quantity", "box": [28, 518, 44, 505], "linking": []}, {"id": 28, "text": " 7\u00d7", "label": "e quantity", "box": [28, 536, 43, 522], "linking": []}, {"id": 29, "text": " MICHELIN BIBGOURMAND", "label": "0 description beginning", "box": [46, 222, 188, 205], "linking": []}, {"id": 30, "text": " BIER", "label": "0 description beginning", "box": [47, 240, 78, 225], "linking": []}, {"id": 31, "text": " THAISE", "label": "0 description beginning", "box": [49, 258, 93, 243], "linking": []}, {"id": 32, "text": " CHINESE BIER", "label": "0 description beginning", "box": [47, 276, 133, 261], "linking": []}, {"id": 33, "text": " JAPANSE", "label": "0 description beginning", "box": [50, 293, 100, 279], "linking": []}, {"id": 34, "text": "525.00", "label": "5 total price per item", "box": [220, 217, 264, 202], "linking": []}, {"id": 35, "text": "26.10", "label": "5 total price per item", "box": [227, 235, 264, 221], "linking": []}, {"id": 36, "text": "39.60", "label": "5 total price per item", "box": [227, 253, 263, 239], "linking": []}, {"id": 37, "text": "4.40", "label": "5 total price per item", "box": [233, 271, 262, 258], "linking": []}, {"id": 38, "text": "22.00", "label": "5 total price per item", "box": [226, 290, 261, 275], "linking": []}, {"id": 39, "text": "3.50", "label": "5 total price per item", "box": [232, 307, 262, 293], "linking": []}, {"id": 40, "text": "20.30", "label": "5 total price per item", "box": [224, 325, 261, 311], "linking": []}, {"id": 41, "text": "37.70", "label": "5 total price per item", "box": [225, 343, 260, 329], "linking": []}, {"id": 42, "text": "8.70", "label": "5 total price per item", "box": [231, 360, 260, 347], "linking": []}, {"id": 43, "text": "2.90", "label": "5 total price per item", "box": [231, 378, 260, 364], "linking": []}, {"id": 44, "text": "16.50", "label": "5 total price per item", "box": [226, 395, 259, 381], "linking": []}, {"id": 45, "text": "22.00", "label": "5 total price per item", "box": [223, 412, 260, 398], "linking": []}, {"id": 46, "text": "8.70", "label": "5 total price per item", "box": [231, 430, 259, 416], "linking": []}, {"id": 47, "text": "2.90", "label": "5 total price per item", "box": [230, 448, 260, 434], "linking": []}, {"id": 48, "text": "21.70", "label": "5 total price per item", "box": [223, 467, 260, 452], "linking": []}, {"id": 49, "text": "7.90", "label": "5 total price per item", "box": [230, 484, 260, 470], "linking": []}, {"id": 50, "text": "2.90", "label": "5 total price per item", "box": [230, 502, 260, 488], "linking": []}, {"id": 51, "text": "3.50", "label": "5 total price per item", "box": [230, 520, 261, 506], "linking": []}, {"id": 52, "text": "49.00", "label": "5 total price per item", "box": [224, 538, 261, 523], "linking": []}, {"id": 53, "text": " BIER", "label": "1 description inside", "box": [95, 257, 126, 242], "linking": []}, {"id": 54, "text": " BIER", "label": "1 description inside", "box": [102, 292, 134, 279], "linking": []}, {"id": 55, "text": " 13\u00d7", "label": "e quantity", "box": [24, 346, 46, 332], "linking": []}, {"id": 56, "text": " 3\u00d7", "label": "e quantity", "box": [30, 363, 47, 350], "linking": []}, {"id": 57, "text": " 1\u00d7", "label": "e quantity", "box": [31, 380, 47, 367], "linking": []}, {"id": 58, "text": " 3x", "label": "e quantity", "box": [30, 396, 46, 383], "linking": []}, {"id": 59, "text": " ESPRESSO", "label": "0 description beginning", "box": [47, 448, 104, 434], "linking": []}, {"id": 60, "text": " IRISH COFFEE", "label": "0 description beginning", "box": [49, 483, 131, 469], "linking": []}, {"id": 61, "text": " THEE", "label": "0 description beginning", "box": [48, 500, 76, 486], "linking": []}, {"id": 62, "text": " GROENE", "label": "0 description beginning", "box": [46, 519, 92, 504], "linking": []}, {"id": 63, "text": " MINERAL", "label": "0 description beginning", "box": [45, 537, 97, 522], "linking": []}, {"id": 64, "text": " THEE PER POT", "label": "1 description inside", "box": [95, 519, 178, 504], "linking": []}, {"id": 65, "text": " WATER BOTTLE", "label": "1 description inside", "box": [99, 537, 185, 522], "linking": []}, {"id": 66, "text": "825.30", "label": "total amount", "box": [176, 587, 262, 559], "linking": []}, {"id": 67, "text": "31", "label": "others", "box": [243, 663, 253, 648], "linking": []}, {"id": 68, "text": " Auth. code:", "label": "others", "box": [244, 732, 256, 669], "linking": []}, {"id": 69, "text": " 12/12/2019 23:10", "label": "others", "box": [244, 836, 258, 746], "linking": []}, {"id": 70, "text": " Transactie:", "label": "others", "box": [154, 729, 166, 670], "linking": []}, {"id": 71, "text": " 9346", "label": "others", "box": [156, 787, 167, 765], "linking": []}, {"id": 72, "text": " Periode:", "label": "others", "box": [156, 836, 168, 789], "linking": []}, {"id": 73, "text": " 00026109", "label": "others", "box": [153, 668, 165, 624], "linking": []}, {"id": 74, "text": "900,00 EUR", "label": "total amount", "box": [295, 733, 316, 624], "linking": []}, {"id": 75, "text": " Totaal:", "label": "others", "box": [297, 839, 319, 756], "linking": []}, {"id": 76, "text": "merchant address", "label": "others", "box": [92, 759, 103, 701], "linking": []}, {"id": 77, "text": "merchant phone", "label": "others", "box": [117, 764, 128, 696], "linking": []}, {"id": 78, "text": "merchant address", "label": "others", "box": [104, 776, 116, 685], "linking": []}, {"id": 79, "text": "AKKOORD", "label": "others", "box": [336, 774, 355, 699], "linking": []}, {"id": 80, "text": "merchant name", "label": "others", "box": [67, 788, 87, 669], "linking": []}, {"id": 81, "text": "Kopie Kaarthouder", "label": "others", "box": [39, 826, 56, 647], "linking": []}, {"id": 82, "text": " Terminal:", "label": "others", "box": [143, 835, 155, 785], "linking": []}, {"id": 83, "text": " CT109972 Merchant:", "label": "others", "box": [141, 782, 154, 680], "linking": []}, {"id": 84, "text": " 9534002365", "label": "others", "box": [140, 678, 153, 625], "linking": []}, {"id": 85, "text": "AMERICAN EXPRESS (A000000025010801)", "label": "others", "box": [166, 835, 180, 650], "linking": []}, {"id": 86, "text": " Kaart:", "label": "others", "box": [183, 836, 194, 800], "linking": []}, {"id": 87, "text": " xxxxxxxxxxx1004", "label": "others", "box": [180, 798, 193, 718], "linking": []}, {"id": 88, "text": " Kaartnr:", "label": "others", "box": [195, 836, 207, 790], "linking": []}, {"id": 89, "text": " 00", "label": "others", "box": [194, 787, 205, 776], "linking": []}, {"id": 90, "text": "BETALING", "label": "others", "box": [220, 836, 239, 748], "linking": []}, {"id": 91, "text": "Visit www.americanexpress.nl", "label": "others", "box": [270, 837, 283, 688], "linking": []}]