[{"id": 0, "text": "merchant name", "label": "others", "box": [819, 525, 1317, 415], "linking": []}, {"id": 1, "text": "merchant phone", "label": "others", "box": [1227, 647, 1440, 594], "linking": []}, {"id": 2, "text": "merchant address", "label": "others", "box": [974, 705, 1341, 650], "linking": []}, {"id": 3, "text": "countdown.co.nz", "label": "others", "box": [877, 573, 1262, 519], "linking": []}, {"id": 4, "text": "merchant address", "label": "others", "box": [837, 659, 1218, 600], "linking": []}, {"id": 5, "text": "Tax Invoice/Credit Note - GST No. 44-833-938", "label": "others", "box": [751, 762, 1546, 694], "linking": []}, {"id": 6, "text": "~ Pascall Pineapple Lumps 140g", "label": "0 description beginning", "box": [630, 858, 1188, 818], "linking": []}, {"id": 7, "text": "each", "label": "others", "box": [1081, 885, 1171, 857], "linking": []}, {"id": 8, "text": "$", "label": "others", "box": [1600, 827, 1626, 795], "linking": []}, {"id": 9, "text": "Qty", "label": "others", "box": [658, 880, 720, 851], "linking": []}, {"id": 10, "text": "3 @", "label": "e quantity", "box": [803, 885, 876, 852], "linking": []}, {"id": 11, "text": "3 SUBTOTAL", "label": "others", "box": [708, 943, 899, 909], "linking": []}, {"id": 12, "text": "TOTAL", "label": "others", "box": [735, 1008, 835, 947], "linking": []}, {"id": 13, "text": "$2.00", "label": "unit price", "box": [914, 883, 1028, 854], "linking": []}, {"id": 14, "text": "6.00", "label": "5 total price per item", "box": [1578, 888, 1654, 857], "linking": []}, {"id": 15, "text": "$6.00", "label": "sub total", "box": [1572, 946, 1671, 910], "linking": []}, {"id": 16, "text": "$6.00", "label": "total amount", "box": [1582, 1006, 1687, 949], "linking": []}, {"id": 17, "text": "COUNTDOWN HOBSONVILL", "label": "others", "box": [947, 1174, 1352, 1126], "linking": []}, {"id": 18, "text": "NZ", "label": "others", "box": [1291, 1231, 1330, 1179], "linking": []}, {"id": 19, "text": " MERCH ID:611000609009551", "label": "others", "box": [906, 1288, 1396, 1236], "linking": []}, {"id": 20, "text": "N9551062", "label": "others", "box": [1234, 1340, 1392, 1292], "linking": []}, {"id": 21, "text": " 1006 D", "label": "others", "box": [1268, 1397, 1396, 1349], "linking": []}, {"id": 22, "text": " CREDIT", "label": "others", "box": [1264, 1455, 1393, 1405], "linking": []}, {"id": 23, "text": "A000000025010801", "label": "others", "box": [1072, 1510, 1396, 1463], "linking": []}, {"id": 24, "text": "4A0129266525C35C", "label": "others", "box": [1069, 1570, 1398, 1519], "linking": []}, {"id": 25, "text": "6352B99E62EC1C93", "label": "others", "box": [1070, 1627, 1397, 1577], "linking": []}, {"id": 26, "text": "0000000000", "label": "others", "box": [1190, 1689, 1401, 1637], "linking": []}, {"id": 27, "text": "NZ$6.00", "label": "total amount", "box": [1252, 1747, 1402, 1697], "linking": []}, {"id": 28, "text": "HOBSONVILLE", "label": "others", "box": [948, 1232, 1169, 1181], "linking": []}, {"id": 29, "text": " TERM ID:", "label": "others", "box": [912, 1343, 1066, 1293], "linking": []}, {"id": 30, "text": " CARD:", "label": "others", "box": [914, 1395, 1014, 1350], "linking": []}, {"id": 31, "text": " AMERICAN EXPRESS", "label": "others", "box": [907, 1456, 1255, 1405], "linking": []}, {"id": 32, "text": "AID", "label": "others", "box": [908, 1513, 969, 1463], "linking": []}, {"id": 33, "text": "ARQC", "label": "others", "box": [906, 1568, 993, 1521], "linking": []}, {"id": 34, "text": "TC", "label": "others", "box": [914, 1626, 953, 1582], "linking": []}, {"id": 35, "text": "TVR", "label": "others", "box": [909, 1684, 969, 1634], "linking": []}, {"id": 36, "text": "PURCHASE", "label": "others", "box": [898, 1747, 1078, 1693], "linking": []}, {"id": 37, "text": " .", "label": "others", "box": [1259, 1397, 1262, 1352], "linking": []}, {"id": 38, "text": "TOTAL", "label": "others", "box": [903, 1868, 1010, 1816], "linking": []}, {"id": 39, "text": "APPROVED", "label": "others", "box": [901, 1926, 1077, 1875], "linking": []}, {"id": 40, "text": " 22/10/19 19:04", "label": "others", "box": [897, 1992, 1204, 1939], "linking": []}, {"id": 41, "text": "NZ$6.00", "label": "others", "box": [1248, 1870, 1405, 1816], "linking": []}, {"id": 42, "text": "08", "label": "others", "box": [1362, 1923, 1407, 1879], "linking": []}, {"id": 43, "text": "007403", "label": "others", "box": [1276, 1987, 1409, 1936], "linking": []}, {"id": 44, "text": "EFT", "label": "others", "box": [705, 2117, 766, 2062], "linking": []}, {"id": 45, "text": "Change", "label": "others", "box": [704, 2179, 836, 2130], "linking": []}, {"id": 46, "text": "$6.00", "label": "others", "box": [1626, 2117, 1735, 2064], "linking": []}, {"id": 47, "text": "$0.00", "label": "others", "box": [1622, 2179, 1733, 2128], "linking": []}, {"id": 48, "text": "^Promotional Price", "label": "others", "box": [549, 2296, 948, 2241], "linking": []}, {"id": 49, "text": "TOTAL includes GST", "label": "others", "box": [551, 2415, 943, 2359], "linking": []}, {"id": 50, "text": " OTHER SAVINGS:", "label": "others", "box": [549, 2476, 845, 2421], "linking": []}, {"id": 51, "text": "$0.78", "label": "2 tax total", "box": [1632, 2425, 1740, 2370], "linking": []}, {"id": 52, "text": "$2.37", "label": "others", "box": [1628, 2488, 1737, 2430], "linking": []}, {"id": 53, "text": "TOTAL SAVINGS $2.37", "label": "others", "box": [879, 2646, 1423, 2545], "linking": []}]