[{"id": 0, "text": "merchant name", "label": "others", "box": [32, 66, 144, 45], "linking": []}, {"id": 1, "text": " Total:", "label": "others", "box": [239, 56, 265, 45], "linking": []}, {"id": 2, "text": "Thu, Nov 28, 2019", "label": "others", "box": [213, 71, 300, 59], "linking": []}, {"id": 3, "text": " $19.33", "label": "total amount", "box": [267, 57, 300, 45], "linking": []}, {"id": 4, "text": "Thanks for tipping,", "label": "others", "box": [33, 140, 289, 110], "linking": []}, {"id": 5, "text": "Here's your updated receipt for", "label": "others", "box": [32, 204, 275, 185], "linking": []}, {"id": 6, "text": "McDonald's\u00ae (Deer Valley & 1-17).", "label": "others", "box": [33, 226, 295, 207], "linking": []}, {"id": 7, "text": "Total", "label": "others", "box": [34, 448, 85, 428], "linking": []}, {"id": 8, "text": "$19.33", "label": "total amount", "box": [229, 448, 301, 428], "linking": []}, {"id": 9, "text": "1", "label": "e quantity", "box": [41, 519, 49, 507], "linking": []}, {"id": 10, "text": "10 Piece McNuggets", "label": "0 description beginning", "box": [63, 522, 194, 507], "linking": []}, {"id": 11, "text": "$5.09", "label": "5 total price per item", "box": [264, 520, 299, 507], "linking": []}, {"id": 12, "text": "Select Option", "label": "others", "box": [76, 549, 153, 535], "linking": []}, {"id": 13, "text": " McNuggets", "label": "1 description inside", "box": [113, 571, 176, 556], "linking": []}, {"id": 14, "text": "Select Sauce", "label": "others", "box": [76, 592, 150, 579], "linking": []}, {"id": 15, "text": " Tangy", "label": "1 description inside", "box": [64, 613, 95, 599], "linking": []}, {"id": 16, "text": " Ketchup", "label": "1 description inside", "box": [64, 632, 109, 618], "linking": []}, {"id": 17, "text": " 10", "label": "1 description inside", "box": [65, 570, 77, 557], "linking": []}, {"id": 18, "text": " Piece", "label": "1 description inside", "box": [80, 570, 111, 557], "linking": []}, {"id": 19, "text": " ($0.00)", "label": "unit price", "box": [178, 571, 218, 556], "linking": []}, {"id": 20, "text": " BBQ", "label": "1 description inside", "box": [98, 614, 124, 599], "linking": []}, {"id": 21, "text": " Dipping", "label": "1 description inside", "box": [127, 614, 170, 599], "linking": []}, {"id": 22, "text": " Packet", "label": "1 description inside", "box": [112, 632, 149, 618], "linking": []}, {"id": 23, "text": " Sauce", "label": "1 description inside", "box": [173, 614, 205, 599], "linking": []}, {"id": 24, "text": " ($0.00)", "label": "unit price", "box": [152, 632, 192, 618], "linking": []}, {"id": 25, "text": " ($0.00)", "label": "unit price", "box": [208, 614, 249, 599], "linking": []}, {"id": 26, "text": "1", "label": "e quantity", "box": [41, 656, 50, 644], "linking": []}, {"id": 27, "text": "Grilled Artisan Chicken", "label": "0 description beginning", "box": [62, 659, 207, 644], "linking": []}, {"id": 28, "text": "$8.99", "label": "5 total price per item", "box": [264, 658, 300, 644], "linking": []}, {"id": 29, "text": "Select Option", "label": "others", "box": [76, 686, 152, 673], "linking": []}, {"id": 30, "text": " Chicken -", "label": "1 description inside", "box": [143, 708, 195, 694], "linking": []}, {"id": 31, "text": "Select Drink", "label": "others", "box": [77, 728, 144, 716], "linking": []}, {"id": 32, "text": " Grilled Artisan", "label": "1 description inside", "box": [64, 707, 140, 695], "linking": []}, {"id": 33, "text": " Large", "label": "1 description inside", "box": [197, 708, 229, 694], "linking": []}, {"id": 34, "text": " Meal", "label": "1 description inside", "box": [231, 708, 258, 694], "linking": []}, {"id": 35, "text": " ($3.40)", "label": "unit price", "box": [260, 708, 300, 694], "linking": []}, {"id": 36, "text": " Large", "label": "1 description inside", "box": [64, 751, 94, 737], "linking": []}, {"id": 37, "text": "Grilled Artisan Chicken Comes With", "label": "1 description inside", "box": [77, 772, 272, 759], "linking": []}, {"id": 38, "text": " Roma Tomato -", "label": "1 description inside", "box": [64, 793, 148, 780], "linking": []}, {"id": 39, "text": " Crisp Green", "label": "1 description inside", "box": [64, 813, 128, 799], "linking": []}, {"id": 40, "text": " Grilled", "label": "1 description inside", "box": [65, 831, 99, 818], "linking": []}, {"id": 41, "text": " Artisan", "label": "1 description inside", "box": [64, 850, 101, 837], "linking": []}, {"id": 42, "text": " Mayonnaise", "label": "1 description inside", "box": [64, 870, 128, 856], "linking": []}, {"id": 43, "text": "Large French Fries Comes With", "label": "1 description inside", "box": [76, 891, 249, 877], "linking": []}, {"id": 44, "text": " Salt", "label": "e quantity", "box": [64, 912, 83, 898], "linking": []}, {"id": 45, "text": " Coke\u00ae,", "label": "1 description inside", "box": [96, 751, 138, 737], "linking": []}, {"id": 46, "text": " Ice", "label": "1 description inside", "box": [141, 751, 157, 737], "linking": []}, {"id": 47, "text": " ($0.00)", "label": "unit price", "box": [160, 751, 201, 736], "linking": []}, {"id": 48, "text": " 3", "label": "e quantity", "box": [150, 793, 158, 780], "linking": []}, {"id": 49, "text": " Leaf", "label": "1 description inside", "box": [130, 812, 154, 799], "linking": []}, {"id": 50, "text": " Chicken", "label": "1 description inside", "box": [101, 831, 146, 818], "linking": []}, {"id": 51, "text": " Roll ($0.00)", "label": "1 description inside", "box": [104, 851, 167, 837], "linking": []}, {"id": 52, "text": " ($0.00)", "label": "unit price", "box": [130, 870, 171, 855], "linking": []}, {"id": 53, "text": " Slices", "label": "1 description inside", "box": [160, 793, 193, 780], "linking": []}, {"id": 54, "text": " Lettuce", "label": "1 description inside", "box": [157, 812, 197, 799], "linking": []}, {"id": 55, "text": " Filet", "label": "1 description inside", "box": [148, 831, 171, 818], "linking": []}, {"id": 56, "text": " ($0.49)", "label": "unit price", "box": [195, 794, 234, 780], "linking": []}, {"id": 57, "text": " ($0.39)", "label": "unit price", "box": [200, 813, 240, 799], "linking": []}, {"id": 58, "text": " ($1.69)", "label": "unit price", "box": [174, 832, 214, 818], "linking": []}, {"id": 59, "text": " ($0.00)", "label": "unit price", "box": [85, 913, 126, 899], "linking": []}, {"id": 60, "text": "Subtotal", "label": "others", "box": [34, 984, 88, 971], "linking": []}, {"id": 61, "text": "$14.08", "label": "sub total", "box": [255, 984, 300, 971], "linking": []}, {"id": 62, "text": "Tax", "label": "others", "box": [33, 1017, 55, 1004], "linking": []}, {"id": 63, "text": "$1.21", "label": "2 tax total", "box": [263, 1017, 298, 1003], "linking": []}]