[{"id": 0, "text": "merchant name", "label": "others", "box": [374, 530, 789, 469], "linking": []}, {"id": 1, "text": "merchant name", "label": "others", "box": [644, 559, 788, 534], "linking": []}, {"id": 2, "text": "merchant name", "label": "others", "box": [490, 707, 679, 680], "linking": []}, {"id": 3, "text": "merchant address", "label": "others", "box": [281, 740, 884, 711], "linking": []}, {"id": 4, "text": "merchant address", "label": "others", "box": [342, 775, 821, 743], "linking": []}, {"id": 5, "text": " Server:", "label": "others", "box": [264, 848, 416, 822], "linking": []}, {"id": 6, "text": "Check #672", "label": "others", "box": [263, 882, 476, 855], "linking": []}, {"id": 7, "text": " Edwin H", "label": "others", "box": [431, 849, 580, 822], "linking": []}, {"id": 8, "text": "11/13/19", "label": "others", "box": [735, 846, 894, 816], "linking": []}, {"id": 9, "text": " 1:00 PM", "label": "others", "box": [756, 881, 896, 852], "linking": []}, {"id": 10, "text": "Chicken Bowl/Salad", "label": "0 description beginning", "box": [265, 987, 647, 957], "linking": []}, {"id": 11, "text": "Guacamole", "label": "1 description inside", "box": [290, 1020, 478, 995], "linking": []}, {"id": 12, "text": "Chips", "label": "0 description beginning", "box": [269, 1055, 374, 1029], "linking": []}, {"id": 13, "text": "$8.99", "label": "5 total price per item", "box": [799, 981, 896, 955], "linking": []}, {"id": 14, "text": "$1.84", "label": "5 total price per item", "box": [799, 1015, 899, 989], "linking": []}, {"id": 15, "text": "$1.25", "label": "5 total price per item", "box": [800, 1050, 897, 1023], "linking": []}, {"id": 16, "text": "Subtotal", "label": "others", "box": [275, 1118, 434, 1094], "linking": []}, {"id": 17, "text": "Tax", "label": "others", "box": [275, 1150, 335, 1128], "linking": []}, {"id": 18, "text": "Total", "label": "others", "box": [271, 1182, 371, 1158], "linking": []}, {"id": 19, "text": "$12.08", "label": "sub total", "box": [777, 1120, 895, 1092], "linking": []}, {"id": 20, "text": "$1.07", "label": "2 tax total", "box": [800, 1154, 895, 1126], "linking": []}, {"id": 21, "text": "$13.15", "label": "total amount", "box": [778, 1187, 896, 1160], "linking": []}, {"id": 22, "text": "Credit Card", "label": "others", "box": [262, 1248, 496, 1218], "linking": []}, {"id": 23, "text": "Amex", "label": "others", "box": [258, 1280, 345, 1254], "linking": []}, {"id": 24, "text": "Swiped", "label": "others", "box": [777, 1256, 896, 1230], "linking": []}, {"id": 25, "text": "xxxxxxxx1009", "label": "others", "box": [648, 1291, 894, 1265], "linking": []}, {"id": 26, "text": "Transaction Type", "label": "others", "box": [256, 1359, 601, 1324], "linking": []}, {"id": 27, "text": "Authorization", "label": "others", "box": [255, 1394, 533, 1359], "linking": []}, {"id": 28, "text": "Approval Code", "label": "others", "box": [255, 1429, 533, 1396], "linking": []}, {"id": 29, "text": "Payment ID", "label": "others", "box": [253, 1464, 469, 1429], "linking": []}, {"id": 30, "text": "Merchant ID", "label": "others", "box": [249, 1499, 487, 1465], "linking": []}, {"id": 31, "text": "Card Reader", "label": "others", "box": [250, 1534, 484, 1502], "linking": []}, {"id": 32, "text": "Sale", "label": "others", "box": [813, 1361, 892, 1335], "linking": []}, {"id": 33, "text": "Approved", "label": "others", "box": [728, 1395, 891, 1369], "linking": []}, {"id": 34, "text": "582525", "label": "others", "box": [770, 1429, 888, 1402], "linking": []}, {"id": 35, "text": "fjJYmTxjgJgH", "label": "others", "box": [643, 1464, 888, 1435], "linking": []}, {"id": 36, "text": "027611244", "label": "others", "box": [706, 1498, 885, 1470], "linking": []}, {"id": 37, "text": "MAGTEK_DYNAMAG", "label": "others", "box": [598, 1534, 883, 1504], "linking": []}, {"id": 38, "text": "Amount", "label": "others", "box": [461, 1605, 589, 1577], "linking": []}, {"id": 39, "text": "$13.15", "label": "total amount", "box": [762, 1602, 879, 1570], "linking": []}, {"id": 40, "text": "Have you ever wanted to follow", "label": "others", "box": [244, 1741, 874, 1700], "linking": []}, {"id": 41, "text": "a burrito", "label": "others", "box": [471, 1775, 664, 1744], "linking": []}, {"id": 42, "text": "on Instagram? Checkout the", "label": "others", "box": [290, 1810, 834, 1770], "linking": []}, {"id": 43, "text": "shenanigans of", "label": "others", "box": [418, 1843, 712, 1810], "linking": []}, {"id": 44, "text": "@pintotheburrito", "label": "others", "box": [396, 1878, 730, 1843], "linking": []}, {"id": 45, "text": "@DosToros on Instagram", "label": "others", "box": [329, 1913, 787, 1872], "linking": []}]