[{"id": 0, "text": "merchant name", "label": "others", "box": [12, 85, 232, 61], "linking": []}, {"id": 1, "text": "merchant address", "label": "others", "box": [13, 102, 152, 83], "linking": []}, {"id": 2, "text": "merchant address", "label": "others", "box": [13, 127, 99, 102], "linking": []}, {"id": 3, "text": "merchant phone", "label": "others", "box": [14, 148, 140, 124], "linking": []}, {"id": 4, "text": "***", "label": "others", "box": [13, 185, 39, 172], "linking": []}, {"id": 5, "text": "DINE-IN", "label": "others", "box": [42, 190, 116, 169], "linking": []}, {"id": 6, "text": "***", "label": "others", "box": [119, 181, 144, 169], "linking": []}, {"id": 7, "text": " ORDER NUMBER:", "label": "others", "box": [11, 236, 183, 216], "linking": []}, {"id": 8, "text": " SERVER:", "label": "others", "box": [10, 258, 107, 239], "linking": []}, {"id": 9, "text": " 11/20/2019 12:40:49 PM", "label": "others", "box": [12, 281, 233, 261], "linking": []}, {"id": 10, "text": "040", "label": "others", "box": [223, 234, 259, 216], "linking": []}, {"id": 11, "text": " eliodoro", "label": "others", "box": [110, 258, 186, 239], "linking": []}, {"id": 12, "text": "1", "label": "e quantity", "box": [10, 348, 26, 331], "linking": []}, {"id": 13, "text": "2 Meat Plate", "label": "0 description beginning", "box": [56, 350, 174, 332], "linking": []}, {"id": 14, "text": "Brisket", "label": "1 description inside", "box": [69, 373, 133, 354], "linking": []}, {"id": 15, "text": "Turkey", "label": "1 description inside", "box": [68, 398, 130, 376], "linking": []}, {"id": 16, "text": "Soda", "label": "0 description beginning", "box": [56, 417, 106, 399], "linking": []}, {"id": 17, "text": "$14.99", "label": "5 total price per item", "box": [351, 350, 417, 331], "linking": []}, {"id": 18, "text": "1", "label": "e quantity", "box": [13, 416, 27, 401], "linking": []}, {"id": 19, "text": "$2.25", "label": "5 total price per item", "box": [365, 417, 420, 398], "linking": []}, {"id": 20, "text": "SUBTOTAL", "label": "others", "box": [110, 483, 214, 466], "linking": []}, {"id": 21, "text": " TAX:", "label": "others", "box": [171, 505, 212, 488], "linking": []}, {"id": 22, "text": " TOTAL:", "label": "others", "box": [119, 536, 213, 512], "linking": []}, {"id": 23, "text": " Amex:", "label": "others", "box": [161, 560, 214, 543], "linking": []}, {"id": 24, "text": " PAN:XXXXXXXXXXX1009", "label": "others", "box": [26, 583, 266, 563], "linking": []}, {"id": 25, "text": " AUTH:519842", "label": "others", "box": [25, 606, 155, 586], "linking": []}, {"id": 26, "text": " Token:", "label": "others", "box": [25, 628, 82, 608], "linking": []}, {"id": 27, "text": " Expires:", "label": "others", "box": [24, 655, 93, 629], "linking": []}, {"id": 28, "text": "$17.24", "label": "sub total", "box": [356, 485, 420, 466], "linking": []}, {"id": 29, "text": "$1.42", "label": "2 tax total", "box": [364, 507, 416, 488], "linking": []}, {"id": 30, "text": "$18.66", "label": "total amount", "box": [333, 537, 416, 513], "linking": []}, {"id": 31, "text": "$18.66", "label": "others", "box": [356, 562, 417, 543], "linking": []}, {"id": 32, "text": " 1481052094", "label": "others", "box": [85, 627, 198, 608], "linking": []}, {"id": 33, "text": " 10/23", "label": "others", "box": [97, 653, 151, 629], "linking": []}, {"id": 34, "text": " CHANGE:", "label": "others", "box": [126, 673, 217, 653], "linking": []}, {"id": 35, "text": "$0.00", "label": "others", "box": [368, 673, 423, 654], "linking": []}, {"id": 36, "text": "B000107043", "label": "others", "box": [12, 818, 153, 796], "linking": []}, {"id": 37, "text": "000107043", "label": "others", "box": [11, 874, 137, 849], "linking": []}]