[{"id": 0, "text": "erican Express\u00ae Cards", "label": "others", "box": [375, 278, 406, 4], "linking": []}, {"id": 1, "text": "55. 00", "label": "5 total price per item", "box": [326, 337, 391, 314], "linking": []}, {"id": 2, "text": "merchant name", "label": "others", "box": [156, 88, 261, 66], "linking": []}, {"id": 3, "text": "GS1 06AMPP5473LIZF", "label": "others", "box": [97, 119, 313, 95], "linking": []}, {"id": 4, "text": " SILL NO:82737", "label": "others", "box": [19, 181, 180, 157], "linking": []}, {"id": 5, "text": " DATE:", "label": "others", "box": [233, 182, 292, 155], "linking": []}, {"id": 6, "text": " TIME:", "label": "others", "box": [234, 213, 292, 188], "linking": []}, {"id": 7, "text": " 09/09/1", "label": "others", "box": [297, 183, 379, 153], "linking": []}, {"id": 8, "text": " 20:18", "label": "others", "box": [297, 214, 359, 188], "linking": []}, {"id": 9, "text": "EM", "label": "others", "box": [46, 275, 75, 250], "linking": []}, {"id": 10, "text": "OTY", "label": "others", "box": [130, 272, 167, 249], "linking": []}, {"id": 11, "text": "PRICE", "label": "others", "box": [230, 275, 292, 251], "linking": []}, {"id": 12, "text": "AMOUNT", "label": "others", "box": [319, 276, 402, 252], "linking": []}, {"id": 13, "text": "American Express\u00ae Ca", "label": "others", "box": [15, 279, 41, 1], "linking": []}, {"id": 14, "text": "COMBO1", "label": "0 description beginning", "box": [23, 336, 93, 313], "linking": []}, {"id": 15, "text": "IP", "label": "e quantity", "box": [175, 335, 199, 313], "linking": []}, {"id": 16, "text": "55. 00", "label": "unit price", "box": [238, 338, 302, 313], "linking": []}, {"id": 17, "text": "TOTAL", "label": "others", "box": [22, 399, 86, 375], "linking": []}, {"id": 18, "text": "55. 00", "label": "total amount", "box": [330, 401, 389, 378], "linking": []}, {"id": 19, "text": " PRICE", "label": "others", "box": [21, 463, 87, 438], "linking": []}, {"id": 20, "text": " IS", "label": "others", "box": [91, 461, 120, 438], "linking": []}, {"id": 21, "text": " INCLUSIVE", "label": "others", "box": [124, 461, 232, 438], "linking": []}, {"id": 22, "text": " GST", "label": "others", "box": [237, 462, 275, 439], "linking": []}]