[{"id": 0, "text": "VEG", "label": "others", "box": [122, 93, 205, 45], "linking": []}, {"id": 1, "text": "Order online", "label": "others", "box": [157, 112, 263, 94], "linking": []}, {"id": 2, "text": "merchant name", "label": "others", "box": [144, 133, 277, 116], "linking": []}, {"id": 3, "text": " r", "label": "others", "box": [22, 92, 34, 74], "linking": []}, {"id": 4, "text": " blazing 1de", "label": "others", "box": [37, 93, 143, 74], "linking": []}, {"id": 5, "text": " 3", "label": "others", "box": [230, 92, 242, 74], "linking": []}, {"id": 6, "text": " & Loya ..__ Donvito", "label": "others", "box": [245, 92, 415, 74], "linking": []}, {"id": 7, "text": " Order", "label": "others", "box": [20, 176, 65, 159], "linking": []}, {"id": 8, "text": "Order Time", "label": "others", "box": [19, 197, 108, 179], "linking": []}, {"id": 9, "text": "Name", "label": "others", "box": [21, 218, 57, 202], "linking": []}, {"id": 10, "text": "Contact", "label": "others", "box": [18, 239, 81, 221], "linking": []}, {"id": 11, "text": "Delivery Address", "label": "others", "box": [17, 264, 164, 241], "linking": []}, {"id": 12, "text": " no", "label": "others", "box": [69, 176, 89, 160], "linking": []}, {"id": 13, "text": "6483379141870423", "label": "others", "box": [174, 175, 315, 157], "linking": []}, {"id": 14, "text": " 29/11/19 4:45 PM", "label": "others", "box": [175, 197, 315, 178], "linking": []}, {"id": 15, "text": "+91-9871330598", "label": "others", "box": [175, 239, 298, 220], "linking": []}, {"id": 16, "text": " floor building no", "label": "others", "box": [198, 264, 347, 240], "linking": []}, {"id": 17, "text": " 11", "label": "others", "box": [173, 264, 193, 241], "linking": []}, {"id": 18, "text": " 5", "label": "others", "box": [352, 264, 366, 240], "linking": []}, {"id": 19, "text": " tower", "label": "others", "box": [371, 264, 419, 239], "linking": []}, {"id": 20, "text": " C,", "label": "others", "box": [173, 305, 193, 285], "linking": []}, {"id": 21, "text": " DLF Cyber City,", "label": "others", "box": [197, 305, 332, 284], "linking": []}, {"id": 22, "text": " DLF", "label": "others", "box": [336, 305, 367, 284], "linking": []}, {"id": 23, "text": " Phase", "label": "others", "box": [371, 305, 419, 284], "linking": []}, {"id": 24, "text": " 2,", "label": "others", "box": [175, 348, 195, 327], "linking": []}, {"id": 25, "text": " Cyber City,", "label": "others", "box": [175, 369, 273, 349], "linking": []}, {"id": 26, "text": " Sector", "label": "others", "box": [176, 390, 231, 371], "linking": []}, {"id": 27, "text": "ZOMATO", "label": "others", "box": [175, 410, 231, 392], "linking": []}, {"id": 28, "text": "2038042143", "label": "others", "box": [199, 435, 291, 411], "linking": []}, {"id": 29, "text": " Sector 24, Gurugram,DLF", "label": "others", "box": [198, 348, 403, 326], "linking": []}, {"id": 30, "text": " DLF Phase 2,", "label": "others", "box": [276, 368, 386, 349], "linking": []}, {"id": 31, "text": " Gurugram,", "label": "others", "box": [269, 391, 344, 371], "linking": []}, {"id": 32, "text": " 24,", "label": "others", "box": [235, 391, 266, 371], "linking": []}, {"id": 33, "text": " Gurgaon", "label": "others", "box": [347, 390, 411, 371], "linking": []}, {"id": 34, "text": "Channel Partner", "label": "others", "box": [18, 411, 153, 393], "linking": []}, {"id": 35, "text": "Channel Partner ID", "label": "others", "box": [17, 435, 188, 412], "linking": []}, {"id": 36, "text": "Item", "label": "others", "box": [21, 476, 58, 459], "linking": []}, {"id": 37, "text": "00009963", "label": "others", "box": [20, 497, 92, 479], "linking": []}, {"id": 38, "text": "Desi Chai Badi", "label": "0 description beginning", "box": [20, 519, 144, 500], "linking": []}, {"id": 39, "text": "Ketli", "label": "1 description inside", "box": [29, 539, 75, 522], "linking": []}, {"id": 40, "text": "A", "label": "1 description inside", "box": [20, 560, 32, 545], "linking": []}, {"id": 41, "text": "00009963", "label": "others", "box": [21, 582, 92, 564], "linking": []}, {"id": 42, "text": "Packaging Charges", "label": "0 description beginning", "box": [21, 606, 176, 585], "linking": []}, {"id": 43, "text": "Qty", "label": "others", "box": [175, 478, 208, 455], "linking": []}, {"id": 44, "text": "Price", "label": "others", "box": [224, 477, 276, 454], "linking": []}, {"id": 45, "text": "Amount", "label": "others", "box": [290, 475, 351, 457], "linking": []}, {"id": 46, "text": " 2", "label": "e quantity", "box": [194, 519, 211, 500], "linking": []}, {"id": 47, "text": " 371.43", "label": "unit price", "box": [226, 518, 286, 499], "linking": []}, {"id": 48, "text": "742.86", "label": "5 total price per item", "box": [315, 517, 369, 497], "linking": []}, {"id": 49, "text": " 1", "label": "e quantity", "box": [195, 603, 213, 585], "linking": []}, {"id": 50, "text": " 74.29", "label": "unit price", "box": [228, 603, 275, 584], "linking": []}, {"id": 51, "text": "74.29", "label": "5 total price per item", "box": [314, 602, 361, 583], "linking": []}, {"id": 52, "text": "Total", "label": "others", "box": [22, 646, 65, 628], "linking": []}, {"id": 53, "text": "SGST/UTGST @ 2.50%", "label": "others", "box": [22, 669, 182, 648], "linking": []}, {"id": 54, "text": " @ 2.50%", "label": "others", "box": [63, 689, 129, 670], "linking": []}, {"id": 55, "text": "Round Off", "label": "others", "box": [22, 711, 102, 691], "linking": []}, {"id": 56, "text": "Bill Total", "label": "others", "box": [22, 731, 110, 713], "linking": []}, {"id": 57, "text": "Rs. eight hundred and fifty eight only", "label": "others", "box": [22, 754, 354, 732], "linking": []}, {"id": 58, "text": "817.15", "label": "sub total", "box": [314, 644, 369, 626], "linking": []}, {"id": 59, "text": "20.43", "label": "2 tax total", "box": [314, 666, 361, 648], "linking": []}, {"id": 60, "text": "20.43", "label": "2 tax total", "box": [315, 687, 362, 669], "linking": []}, {"id": 61, "text": "-0.01", "label": "others", "box": [321, 709, 361, 690], "linking": []}, {"id": 62, "text": "858.00", "label": "total amount", "box": [316, 729, 371, 711], "linking": []}, {"id": 63, "text": " CGST", "label": "others", "box": [23, 689, 60, 671], "linking": []}, {"id": 64, "text": "Credit", "label": "others", "box": [22, 796, 77, 777], "linking": []}, {"id": 65, "text": "858", "label": "others", "box": [317, 792, 345, 775], "linking": []}, {"id": 66, "text": "CIN", "label": "others", "box": [23, 837, 52, 820], "linking": []}, {"id": 67, "text": "GSTIN", "label": "others", "box": [24, 859, 69, 842], "linking": []}, {"id": 68, "text": "merchant address", "label": "others", "box": [22, 882, 312, 859], "linking": []}, {"id": 69, "text": "merchant address", "label": "others", "box": [83, 903, 277, 883], "linking": []}, {"id": 70, "text": "merchant address", "label": "others", "box": [23, 925, 131, 905], "linking": []}, {"id": 71, "text": "ADIOU55204DL2012PTC304447", "label": "others", "box": [169, 837, 422, 815], "linking": []}, {"id": 72, "text": "06AARCS3853M1ZN", "label": "others", "box": [290, 857, 424, 838], "linking": []}, {"id": 73, "text": "merchant address", "label": "others", "box": [23, 903, 53, 885], "linking": []}, {"id": 74, "text": "merchant address", "label": "others", "box": [56, 903, 81, 885], "linking": []}, {"id": 75, "text": "#experimentsWithchai", "label": "others", "box": [24, 969, 198, 947], "linking": []}]