[{"id": 0, "text": "merchant name", "label": "others", "box": [419, 373, 561, 343], "linking": []}, {"id": 1, "text": "merchant address", "label": "others", "box": [479, 418, 603, 393], "linking": []}, {"id": 2, "text": "merchant address", "label": "others", "box": [422, 389, 455, 367], "linking": []}, {"id": 3, "text": "merchant name", "label": "others", "box": [585, 378, 672, 351], "linking": []}, {"id": 4, "text": "merchant address", "label": "others", "box": [471, 402, 703, 370], "linking": []}, {"id": 5, "text": "merchant phone", "label": "others", "box": [482, 441, 659, 414], "linking": []}, {"id": 6, "text": " Nov03' 19/ 04:", "label": "others", "box": [514, 465, 686, 440], "linking": []}, {"id": 7, "text": "amex", "label": "others", "box": [516, 488, 578, 467], "linking": []}, {"id": 8, "text": "XXXXXXXXXXX1004", "label": "others", "box": [515, 517, 738, 488], "linking": []}, {"id": 9, "text": " SWIPED", "label": "others", "box": [515, 541, 609, 517], "linking": []}, {"id": 10, "text": " PURCHASE", "label": "others", "box": [518, 569, 641, 543], "linking": []}, {"id": 11, "text": "KIK010213601023", "label": "others", "box": [519, 594, 742, 569], "linking": []}, {"id": 12, "text": "542833", "label": "others", "box": [521, 621, 613, 597], "linking": []}, {"id": 13, "text": "3797", "label": "others", "box": [524, 647, 584, 623], "linking": []}, {"id": 14, "text": "43/1", "label": "others", "box": [526, 677, 586, 653], "linking": []}, {"id": 15, "text": "12 STELLA B", "label": "others", "box": [530, 708, 695, 678], "linking": []}, {"id": 16, "text": "21.50", "label": "sub total", "box": [659, 760, 804, 728], "linking": []}, {"id": 17, "text": "merchant address", "label": "others", "box": [617, 419, 649, 398], "linking": []}, {"id": 18, "text": " Date:", "label": "others", "box": [329, 461, 404, 438], "linking": []}, {"id": 19, "text": " Card Type", "label": "others", "box": [329, 489, 467, 462], "linking": []}, {"id": 20, "text": " Acct #", "label": "others", "box": [330, 513, 422, 487], "linking": []}, {"id": 21, "text": " Card Entry:", "label": "others", "box": [329, 541, 511, 515], "linking": []}, {"id": 22, "text": " Trans Type:", "label": "others", "box": [331, 569, 513, 543], "linking": []}, {"id": 23, "text": " Trans Key:", "label": "others", "box": [330, 596, 493, 569], "linking": []}, {"id": 24, "text": " Auth Code:", "label": "others", "box": [333, 623, 490, 597], "linking": []}, {"id": 25, "text": " Check:", "label": "others", "box": [334, 651, 431, 625], "linking": []}, {"id": 26, "text": " Table:", "label": "others", "box": [333, 680, 429, 654], "linking": []}, {"id": 27, "text": " Server", "label": "others", "box": [332, 710, 427, 684], "linking": []}, {"id": 28, "text": " :", "label": "others", "box": [470, 489, 481, 464], "linking": []}, {"id": 29, "text": " 14PM", "label": "others", "box": [689, 467, 747, 442], "linking": []}, {"id": 30, "text": " :", "label": "others", "box": [425, 513, 440, 489], "linking": []}, {"id": 31, "text": " :", "label": "others", "box": [431, 709, 445, 685], "linking": []}, {"id": 32, "text": " Subtotal:", "label": "others", "box": [333, 769, 480, 738], "linking": []}, {"id": 33, "text": " 3", "label": "3 tip", "box": [492, 823, 508, 771], "linking": []}, {"id": 34, "text": " TOTAL ___ 2 4", "label": "total amount", "box": [334, 896, 537, 837], "linking": []}, {"id": 35, "text": "SIGNATURE", "label": "others", "box": [337, 960, 495, 920], "linking": []}, {"id": 36, "text": "Thank you for dining with us!", "label": "others", "box": [337, 1029, 837, 964], "linking": []}, {"id": 37, "text": "Customer Copy", "label": "others", "box": [335, 1101, 798, 1034], "linking": []}, {"id": 38, "text": " : 23", "label": "3 tip", "box": [516, 822, 619, 768], "linking": []}, {"id": 39, "text": " : 23", "label": "total amount", "box": [540, 892, 641, 829], "linking": []}, {"id": 40, "text": "TIP", "label": "others", "box": [333, 830, 387, 801], "linking": []}]