[{"id": 0, "text": "merchant name", "label": "others", "box": [224, 180, 350, 156], "linking": []}, {"id": 1, "text": "merchant address", "label": "others", "box": [150, 213, 425, 186], "linking": []}, {"id": 2, "text": " VAT:", "label": "others", "box": [194, 239, 251, 215], "linking": []}, {"id": 3, "text": " 795871669", "label": "others", "box": [256, 241, 372, 215], "linking": []}, {"id": 4, "text": "18569 RicoV", "label": "others", "box": [43, 299, 172, 274], "linking": []}, {"id": 5, "text": "CHK 12684", "label": "others", "box": [215, 357, 330, 330], "linking": []}, {"id": 6, "text": "Take Away", "label": "others", "box": [94, 414, 202, 388], "linking": []}, {"id": 7, "text": "1 Green Tea", "label": "0 description beginning", "box": [52, 442, 177, 417], "linking": []}, {"id": 8, "text": "Credit Card MPG", "label": "others", "box": [72, 468, 252, 445], "linking": []}, {"id": 9, "text": "2100015104763139400", "label": "others", "box": [72, 497, 299, 473], "linking": []}, {"id": 10, "text": "2.10", "label": "5 total price per item", "box": [462, 445, 508, 425], "linking": []}, {"id": 11, "text": "GBP 2.10", "label": "others", "box": [417, 471, 511, 448], "linking": []}, {"id": 12, "text": "0.35 VAT 20 %", "label": "2 tax total", "box": [103, 553, 263, 530], "linking": []}, {"id": 13, "text": " Net Total:", "label": "others", "box": [72, 582, 186, 558], "linking": []}, {"id": 14, "text": "Subtotal", "label": "others", "box": [72, 609, 166, 585], "linking": []}, {"id": 15, "text": "Payment", "label": "others", "box": [69, 638, 155, 613], "linking": []}, {"id": 16, "text": " Change Due", "label": "others", "box": [38, 665, 163, 640], "linking": []}, {"id": 17, "text": "2.10", "label": "others", "box": [466, 555, 514, 527], "linking": []}, {"id": 18, "text": "GBP 1.75", "label": "sub total", "box": [418, 581, 516, 558], "linking": []}, {"id": 19, "text": "GBP 2.10", "label": "others", "box": [418, 609, 516, 586], "linking": []}, {"id": 20, "text": "GBP 2.10", "label": "total amount", "box": [418, 637, 515, 614], "linking": []}, {"id": 21, "text": " GBP 0.00", "label": "others", "box": [173, 665, 273, 642], "linking": []}, {"id": 22, "text": "Check Closed", "label": "others", "box": [194, 721, 348, 697], "linking": []}, {"id": 23, "text": " 16 Nov'19 16:11 PM", "label": "others", "box": [166, 750, 385, 725], "linking": []}, {"id": 24, "text": "Tell us how we did today.", "label": "others", "box": [120, 806, 414, 775], "linking": []}, {"id": 25, "text": "Visit www.mynerovisit.com", "label": "others", "box": [120, 831, 416, 802], "linking": []}]