[{"id": 0, "text": "merchant name", "label": "others", "box": [591, 112, 679, 84], "linking": []}, {"id": 1, "text": "merchant address", "label": "others", "box": [581, 153, 894, 117], "linking": []}, {"id": 2, "text": "merchant address", "label": "others", "box": [590, 189, 737, 157], "linking": []}, {"id": 3, "text": "merchant name", "label": "others", "box": [682, 114, 790, 87], "linking": []}, {"id": 4, "text": "merchant name", "label": "others", "box": [800, 115, 864, 89], "linking": []}, {"id": 5, "text": "merchant address", "label": "others", "box": [744, 189, 787, 159], "linking": []}, {"id": 6, "text": "merchant address", "label": "others", "box": [793, 189, 877, 159], "linking": []}, {"id": 7, "text": " Check #:37472", "label": "others", "box": [778, 303, 985, 274], "linking": []}, {"id": 8, "text": "Table 423", "label": "others", "box": [499, 341, 639, 310], "linking": []}, {"id": 9, "text": " 19:47:01 11/05/2019", "label": "others", "box": [503, 418, 795, 387], "linking": []}, {"id": 10, "text": "Gst", "label": "others", "box": [873, 413, 920, 388], "linking": []}, {"id": 11, "text": " 1", "label": "e quantity", "box": [536, 572, 558, 542], "linking": []}, {"id": 12, "text": "1 Chicken & Shrimp Ca", "label": "0 description beginning", "box": [537, 606, 857, 574], "linking": []}, {"id": 13, "text": " |", "label": "e quantity", "box": [538, 641, 559, 613], "linking": []}, {"id": 14, "text": " Iced Tea", "label": "0 description beginning", "box": [563, 571, 692, 541], "linking": []}, {"id": 15, "text": "2.90", "label": "5 total price per item", "box": [917, 564, 984, 535], "linking": []}, {"id": 16, "text": "19.29", "label": "5 total price per item", "box": [904, 601, 982, 572], "linking": []}, {"id": 17, "text": "0.00", "label": "5 total price per item", "box": [917, 634, 983, 608], "linking": []}, {"id": 18, "text": " *", "label": "0 description beginning", "box": [564, 641, 588, 614], "linking": []}, {"id": 19, "text": " Salad", "label": "0 description beginning", "box": [593, 641, 679, 613], "linking": []}, {"id": 20, "text": "SUBTOTAL", "label": "others", "box": [508, 716, 625, 688], "linking": []}, {"id": 21, "text": "TAX", "label": "others", "box": [510, 750, 560, 726], "linking": []}, {"id": 22, "text": "TOTAL", "label": "others", "box": [508, 789, 586, 762], "linking": []}, {"id": 23, "text": "22.19", "label": "sub total", "box": [901, 709, 984, 681], "linking": []}, {"id": 24, "text": "2.11", "label": "2 tax total", "box": [917, 742, 980, 717], "linking": []}, {"id": 25, "text": "24.30", "label": "total amount", "box": [901, 779, 982, 755], "linking": []}, {"id": 26, "text": " Payments", "label": "others", "box": [511, 897, 627, 870], "linking": []}, {"id": 27, "text": "AMERICAN EXPRESS/1005", "label": "others", "box": [511, 932, 835, 901], "linking": []}, {"id": 28, "text": "Auth/Chip Read", "label": "others", "box": [510, 968, 730, 939], "linking": []}, {"id": 29, "text": " *** 2936", "label": "others", "box": [572, 1001, 679, 974], "linking": []}, {"id": 30, "text": " 1911050700037472", "label": "others", "box": [576, 1039, 818, 1007], "linking": []}, {"id": 31, "text": " A000000025010801", "label": "others", "box": [572, 1074, 816, 1044], "linking": []}, {"id": 32, "text": " 0000008000", "label": "others", "box": [572, 1109, 731, 1081], "linking": []}, {"id": 33, "text": " AD:2581925F413030", "label": "others", "box": [527, 1145, 881, 1112], "linking": []}, {"id": 34, "text": " E800", "label": "others", "box": [574, 1180, 642, 1153], "linking": []}, {"id": 35, "text": " 00", "label": "others", "box": [574, 1215, 610, 1189], "linking": []}, {"id": 36, "text": " TRN SEQ:", "label": "others", "box": [520, 1252, 628, 1222], "linking": []}, {"id": 37, "text": " 858621284", "label": "others", "box": [623, 1286, 763, 1255], "linking": []}, {"id": 38, "text": " : Amex", "label": "others", "box": [563, 1322, 644, 1297], "linking": []}, {"id": 39, "text": " MODE", "label": "others", "box": [516, 1358, 575, 1331], "linking": []}, {"id": 40, "text": " Auth Code:", "label": "others", "box": [516, 1394, 665, 1366], "linking": []}, {"id": 41, "text": " :", "label": "others", "box": [632, 896, 644, 870], "linking": []}, {"id": 42, "text": " TID:", "label": "others", "box": [517, 1002, 567, 976], "linking": []}, {"id": 43, "text": " RRN:", "label": "others", "box": [513, 1040, 571, 1013], "linking": []}, {"id": 44, "text": " AID:", "label": "others", "box": [514, 1076, 567, 1049], "linking": []}, {"id": 45, "text": " TVR:", "label": "others", "box": [518, 1110, 567, 1083], "linking": []}, {"id": 46, "text": " TSI:", "label": "others", "box": [519, 1181, 569, 1154], "linking": []}, {"id": 47, "text": " ARC", "label": "others", "box": [515, 1216, 568, 1190], "linking": []}, {"id": 48, "text": " 00001476", "label": "others", "box": [634, 1251, 764, 1221], "linking": []}, {"id": 49, "text": " TRN ID:", "label": "others", "box": [521, 1287, 618, 1258], "linking": []}, {"id": 50, "text": " NET", "label": "others", "box": [514, 1322, 558, 1297], "linking": []}, {"id": 51, "text": " : Issuer", "label": "others", "box": [580, 1357, 688, 1331], "linking": []}, {"id": 52, "text": " 843002", "label": "others", "box": [670, 1391, 764, 1364], "linking": []}, {"id": 53, "text": "Purchase Amount", "label": "others", "box": [580, 1466, 811, 1434], "linking": []}, {"id": 54, "text": "Tip Paid", "label": "others", "box": [583, 1504, 704, 1470], "linking": []}, {"id": 55, "text": "24.30", "label": "sub total", "box": [918, 1459, 996, 1433], "linking": []}, {"id": 56, "text": "3.70", "label": "3 tip", "box": [937, 1494, 1000, 1469], "linking": []}, {"id": 57, "text": " TOTAL", "label": "others", "box": [584, 1576, 664, 1549], "linking": []}, {"id": 58, "text": " PAID", "label": "others", "box": [671, 1576, 737, 1547], "linking": []}, {"id": 59, "text": "USD$ 28.00", "label": "total amount", "box": [841, 1570, 1005, 1541], "linking": []}, {"id": 60, "text": "Check Balance", "label": "others", "box": [522, 1651, 724, 1623], "linking": []}, {"id": 61, "text": "0.00", "label": "others", "box": [936, 1642, 1004, 1617], "linking": []}, {"id": 62, "text": " Try", "label": "others", "box": [521, 1849, 562, 1829], "linking": []}, {"id": 63, "text": " -5", "label": "others", "box": [565, 1849, 597, 1829], "linking": []}, {"id": 64, "text": " TO G", "label": "others", "box": [602, 1848, 651, 1828], "linking": []}, {"id": 65, "text": " order online:", "label": "others", "box": [692, 1849, 855, 1824], "linking": []}, {"id": 66, "text": " ogtogo. com", "label": "others", "box": [860, 1849, 986, 1824], "linking": []}, {"id": 67, "text": "THANKS FOR VISIT NG US TODAY", "label": "others", "box": [519, 1904, 861, 1882], "linking": []}, {"id": 68, "text": "GRACIAS POR VISI ARNOS HOY", "label": "others", "box": [522, 1962, 832, 1936], "linking": []}, {"id": 69, "text": "Lee Maybury", "label": "others", "box": [523, 1991, 654, 1966], "linking": []}, {"id": 70, "text": "GENERAL MANAGER", "label": "others", "box": [522, 2042, 699, 2019], "linking": []}, {"id": 71, "text": "(623) 975-6774", "label": "others", "box": [526, 2070, 691, 2046], "linking": []}]