[{"id": 0, "text": "merchant name", "label": "others", "box": [199, 152, 360, 118], "linking": []}, {"id": 1, "text": "merchant address", "label": "others", "box": [224, 181, 343, 157], "linking": []}, {"id": 2, "text": " VAT No:", "label": "others", "box": [211, 201, 270, 180], "linking": []}, {"id": 3, "text": "595 Ahmed Kabir", "label": "others", "box": [132, 225, 252, 199], "linking": []}, {"id": 4, "text": "CHK 132319", "label": "others", "box": [244, 257, 327, 237], "linking": []}, {"id": 5, "text": "merchant address", "label": "others", "box": [233, 156, 335, 133], "linking": []}, {"id": 6, "text": "merchant address", "label": "others", "box": [178, 172, 390, 138], "linking": []}, {"id": 7, "text": "merchant phone", "label": "others", "box": [256, 197, 355, 172], "linking": []}, {"id": 8, "text": " Tel:", "label": "others", "box": [220, 185, 254, 169], "linking": []}, {"id": 9, "text": " 184 1867 79", "label": "others", "box": [272, 207, 354, 187], "linking": []}, {"id": 10, "text": " 24 Oct 19 22:47 PM", "label": "others", "box": [215, 271, 360, 250], "linking": []}, {"id": 11, "text": "TAKEAWAY", "label": "others", "box": [224, 300, 349, 280], "linking": []}, {"id": 12, "text": "1 Triple Choc Butter", "label": "0 description beginning", "box": [131, 329, 295, 304], "linking": []}, {"id": 13, "text": "Debit/Credit Card", "label": "others", "box": [143, 348, 290, 333], "linking": []}, {"id": 14, "text": "Food", "label": "0 description beginning", "box": [137, 370, 176, 356], "linking": []}, {"id": 15, "text": "Drink", "label": "0 description beginning", "box": [134, 385, 181, 370], "linking": []}, {"id": 16, "text": "Change Due", "label": "others", "box": [103, 420, 291, 392], "linking": []}, {"id": 17, "text": " Net Total:", "label": "others", "box": [124, 453, 221, 430], "linking": []}, {"id": 18, "text": "1 Regular Cappuccino", "label": "0 description beginning", "box": [131, 314, 296, 287], "linking": []}, {"id": 19, "text": "Shortbread.", "label": "1 description inside", "box": [145, 339, 237, 322], "linking": []}, {"id": 20, "text": "1.20", "label": "5 total price per item", "box": [427, 366, 463, 346], "linking": []}, {"id": 21, "text": "4.15", "label": "total amount", "box": [433, 385, 475, 369], "linking": []}, {"id": 22, "text": "2.95", "label": "5 total price per item", "box": [430, 376, 470, 357], "linking": []}, {"id": 23, "text": "00", "label": "others", "box": [433, 399, 479, 382], "linking": []}, {"id": 24, "text": "2.95", "label": "others", "box": [441, 412, 484, 397], "linking": []}, {"id": 25, "text": "2.46", "label": "others", "box": [445, 428, 488, 410], "linking": []}, {"id": 26, "text": "Payment", "label": "others", "box": [132, 402, 200, 382], "linking": []}, {"id": 27, "text": "0.49 UK 20% VAT", "label": "2 tax total", "box": [157, 433, 297, 405], "linking": []}, {"id": 28, "text": "Check Closed", "label": "others", "box": [224, 480, 353, 451], "linking": []}, {"id": 29, "text": "O", "label": "others", "box": [403, 399, 424, 386], "linking": []}, {"id": 30, "text": " 24 Oct '19 22:48", "label": "others", "box": [196, 504, 361, 471], "linking": []}, {"id": 31, "text": "Thank you!", "label": "others", "box": [237, 588, 352, 555], "linking": []}]