[{"id": 0, "text": "merchant name", "label": "others", "box": [200, 140, 240, 128], "linking": []}, {"id": 1, "text": "merchant address", "label": "others", "box": [139, 162, 279, 147], "linking": []}, {"id": 2, "text": "310031020 Tonniee", "label": "others", "box": [11, 191, 188, 172], "linking": []}, {"id": 3, "text": "TBL 50/1", "label": "others", "box": [158, 226, 244, 201], "linking": []}, {"id": 4, "text": "merchant name", "label": "others", "box": [153, 151, 285, 137], "linking": []}, {"id": 5, "text": "merchant address", "label": "others", "box": [129, 174, 297, 158], "linking": []}, {"id": 6, "text": "HK 10764", "label": "others", "box": [12, 227, 98, 202], "linking": []}, {"id": 7, "text": "GST 4", "label": "others", "box": [372, 221, 429, 200], "linking": []}, {"id": 8, "text": "2 GaRD Burger @ 19.00", "label": "0 description beginning", "box": [15, 281, 238, 253], "linking": []}, {"id": 9, "text": " 1", "label": "e quantity", "box": [20, 304, 32, 283], "linking": []}, {"id": 10, "text": " 1", "label": "e quantity", "box": [23, 330, 34, 308], "linking": []}, {"id": 11, "text": "38.00", "label": "5 total price per item", "box": [337, 275, 393, 255], "linking": []}, {"id": 12, "text": "4.50", "label": "5 total price per item", "box": [348, 301, 391, 281], "linking": []}, {"id": 13, "text": "4.00", "label": "5 total price per item", "box": [346, 326, 390, 307], "linking": []}, {"id": 14, "text": " Fresh Mint Tea", "label": "0 description beginning", "box": [36, 304, 185, 283], "linking": []}, {"id": 15, "text": " Cappuccino", "label": "0 description beginning", "box": [38, 330, 146, 308], "linking": []}, {"id": 16, "text": " 3.84 BTW /", "label": "others", "box": [75, 376, 185, 354], "linking": []}, {"id": 17, "text": " VAT 9%", "label": "others", "box": [193, 375, 257, 354], "linking": []}, {"id": 18, "text": "46.50", "label": "others", "box": [335, 373, 388, 353], "linking": []}, {"id": 19, "text": "46.50\u20ac", "label": "others", "box": [324, 396, 385, 377], "linking": []}, {"id": 20, "text": "46.50\u20ac", "label": "total amount", "box": [294, 418, 412, 398], "linking": []}, {"id": 21, "text": " Tip", "label": "others", "box": [81, 453, 112, 437], "linking": []}, {"id": 22, "text": " :..", "label": "others", "box": [118, 454, 144, 438], "linking": []}, {"id": 23, "text": " Total", "label": "others", "box": [102, 492, 142, 471], "linking": []}, {"id": 24, "text": " :....", "label": "others", "box": [145, 496, 188, 472], "linking": []}, {"id": 25, "text": " Name:", "label": "others", "box": [75, 540, 129, 515], "linking": []}, {"id": 26, "text": " RoomNo", "label": "others", "box": [63, 589, 116, 566], "linking": []}, {"id": 27, "text": " :...", "label": "others", "box": [118, 592, 158, 568], "linking": []}, {"id": 28, "text": " Signature:", "label": "others", "box": [66, 644, 169, 616], "linking": []}]