[{"id": 0, "text": "merchant name", "label": "others", "box": [613, 181, 1029, 137], "linking": []}, {"id": 1, "text": "merchant address", "label": "others", "box": [599, 227, 1029, 182], "linking": []}, {"id": 2, "text": "merchant address", "label": "others", "box": [871, 269, 982, 226], "linking": []}, {"id": 3, "text": "merchant phone", "label": "others", "box": [750, 317, 1001, 273], "linking": []}, {"id": 4, "text": "merchant address", "label": "others", "box": [649, 272, 854, 231], "linking": []}, {"id": 5, "text": " PHONE:", "label": "others", "box": [628, 317, 743, 278], "linking": []}, {"id": 6, "text": " ORDER:", "label": "others", "box": [467, 414, 586, 373], "linking": []}, {"id": 7, "text": "****************************************", "label": "others", "box": [470, 455, 1176, 413], "linking": []}, {"id": 8, "text": "Purchase", "label": "others", "box": [752, 501, 898, 462], "linking": []}, {"id": 9, "text": " 7447 Table D4", "label": "others", "box": [592, 412, 840, 367], "linking": []}, {"id": 10, "text": " DATE:", "label": "others", "box": [470, 559, 555, 519], "linking": []}, {"id": 11, "text": " TIME:", "label": "others", "box": [474, 607, 560, 571], "linking": []}, {"id": 12, "text": "TID", "label": "others", "box": [480, 655, 530, 619], "linking": []}, {"id": 13, "text": " CARD TYPE:", "label": "others", "box": [474, 705, 650, 665], "linking": []}, {"id": 14, "text": " CARD NO:", "label": "others", "box": [472, 756, 616, 717], "linking": []}, {"id": 15, "text": "ENTRY MODE", "label": "others", "box": [473, 806, 659, 765], "linking": []}, {"id": 16, "text": "CVM", "label": "others", "box": [472, 851, 527, 816], "linking": []}, {"id": 17, "text": "11/18/2019", "label": "others", "box": [1000, 549, 1181, 504], "linking": []}, {"id": 18, "text": " 9:26 PM", "label": "others", "box": [1054, 596, 1183, 556], "linking": []}, {"id": 19, "text": "75344772", "label": "others", "box": [1034, 647, 1183, 607], "linking": []}, {"id": 20, "text": "Amex", "label": "others", "box": [1109, 693, 1183, 661], "linking": []}, {"id": 21, "text": "XXXXXXXXXXX1006", "label": "others", "box": [908, 750, 1182, 707], "linking": []}, {"id": 22, "text": "CHIP", "label": "others", "box": [1112, 794, 1180, 758], "linking": []}, {"id": 23, "text": "SIGN", "label": "others", "box": [1105, 844, 1180, 809], "linking": []}, {"id": 24, "text": "INVOICE", "label": "others", "box": [473, 953, 603, 915], "linking": []}, {"id": 25, "text": "SERVER", "label": "others", "box": [473, 1003, 586, 964], "linking": []}, {"id": 26, "text": "RESPONSE", "label": "others", "box": [468, 1053, 622, 1014], "linking": []}, {"id": 27, "text": "AUTH CODE", "label": "others", "box": [468, 1106, 636, 1062], "linking": []}, {"id": 28, "text": "0000007388", "label": "others", "box": [1002, 947, 1184, 906], "linking": []}, {"id": 29, "text": "Kamai (7)", "label": "others", "box": [1014, 1000, 1182, 956], "linking": []}, {"id": 30, "text": "APPROVED", "label": "others", "box": [1038, 1050, 1184, 1007], "linking": []}, {"id": 31, "text": "866473", "label": "others", "box": [1074, 1097, 1184, 1059], "linking": []}, {"id": 32, "text": "EMV DETAILS", "label": "others", "box": [721, 1203, 925, 1159], "linking": []}, {"id": 33, "text": "A000000025010801", "label": "others", "box": [899, 1250, 1184, 1207], "linking": []}, {"id": 34, "text": "0000008000", "label": "others", "box": [1008, 1296, 1190, 1259], "linking": []}, {"id": 35, "text": "066B0103A02002", "label": "others", "box": [936, 1350, 1191, 1308], "linking": []}, {"id": 36, "text": "E800", "label": "others", "box": [1119, 1396, 1194, 1360], "linking": []}, {"id": 37, "text": "Z3", "label": "others", "box": [1154, 1448, 1195, 1413], "linking": []}, {"id": 38, "text": "$22.45", "label": "sub total", "box": [1011, 1507, 1233, 1460], "linking": []}, {"id": 39, "text": "$3.15", "label": "3 tip", "box": [984, 1618, 1200, 1526], "linking": []}, {"id": 40, "text": "$25.60", "label": "total amount", "box": [996, 1737, 1276, 1635], "linking": []}, {"id": 41, "text": " AGREE TO PAY ABOVE TOTAL AMOUNT", "label": "others", "box": [549, 1835, 1127, 1781], "linking": []}, {"id": 42, "text": "AID", "label": "others", "box": [471, 1256, 523, 1219], "linking": []}, {"id": 43, "text": "TVR", "label": "others", "box": [471, 1305, 523, 1267], "linking": []}, {"id": 44, "text": "IAD", "label": "others", "box": [472, 1356, 522, 1320], "linking": []}, {"id": 45, "text": "TSI", "label": "others", "box": [472, 1408, 522, 1369], "linking": []}, {"id": 46, "text": "ARC", "label": "others", "box": [467, 1463, 522, 1423], "linking": []}, {"id": 47, "text": " AMOUNT", "label": "others", "box": [464, 1517, 683, 1469], "linking": []}, {"id": 48, "text": " :", "label": "others", "box": [691, 1516, 718, 1468], "linking": []}, {"id": 49, "text": "GRATUITY", "label": "others", "box": [464, 1623, 761, 1572], "linking": []}, {"id": 50, "text": " TOTAL", "label": "others", "box": [468, 1728, 647, 1682], "linking": []}, {"id": 51, "text": " :", "label": "others", "box": [655, 1726, 679, 1681], "linking": []}, {"id": 52, "text": " I", "label": "others", "box": [516, 1835, 541, 1789], "linking": []}, {"id": 53, "text": "ACCORDING TO CARDISSUER AGREEMENT OR", "label": "others", "box": [501, 1886, 1167, 1831], "linking": []}, {"id": 54, "text": "MERCHANT AGREEMENT IF CREDIT VOUCHER", "label": "others", "box": [498, 1939, 1169, 1885], "linking": []}, {"id": 55, "text": " SIGNATURE:", "label": "others", "box": [570, 2100, 769, 2057], "linking": []}, {"id": 56, "text": "CUSTOMER COPY", "label": "others", "box": [706, 2153, 952, 2108], "linking": []}, {"id": 57, "text": "======", "label": "others", "box": [461, 2201, 568, 2180], "linking": []}]