[{"id": 0, "text": "merchant name", "label": "others", "box": [573, 60, 752, 7], "linking": []}, {"id": 1, "text": "merchant address", "label": "others", "box": [424, 123, 891, 59], "linking": []}, {"id": 2, "text": "merchant address", "label": "others", "box": [395, 178, 925, 125], "linking": []}, {"id": 3, "text": " Server:", "label": "others", "box": [36, 313, 262, 261], "linking": []}, {"id": 4, "text": " 05:27 PM", "label": "others", "box": [31, 381, 277, 323], "linking": []}, {"id": 5, "text": "WITHERSPOON ROD/1", "label": "others", "box": [26, 449, 532, 386], "linking": []}, {"id": 6, "text": " Joselyn", "label": "others", "box": [272, 313, 479, 256], "linking": []}, {"id": 7, "text": " DOB:", "label": "others", "box": [830, 301, 972, 243], "linking": []}, {"id": 8, "text": " 11/26/2019", "label": "others", "box": [982, 302, 1286, 243], "linking": []}, {"id": 9, "text": "11/26/2019", "label": "others", "box": [986, 376, 1287, 314], "linking": []}, {"id": 10, "text": "4/40103", "label": "others", "box": [1071, 446, 1288, 385], "linking": []}, {"id": 11, "text": "SALE", "label": "others", "box": [593, 590, 712, 534], "linking": []}, {"id": 12, "text": "AMEX", "label": "others", "box": [16, 738, 140, 680], "linking": []}, {"id": 13, "text": "Card #XXXXXXXXXXX1005", "label": "others", "box": [8, 818, 658, 751], "linking": []}, {"id": 14, "text": " Magnetic card present:", "label": "others", "box": [11, 897, 686, 830], "linking": []}, {"id": 15, "text": "4194329", "label": "others", "box": [1069, 744, 1286, 687], "linking": []}, {"id": 16, "text": " Card Entry Method:", "label": "others", "box": [13, 1045, 592, 976], "linking": []}, {"id": 17, "text": " S", "label": "others", "box": [611, 1045, 661, 977], "linking": []}, {"id": 18, "text": " Approval:", "label": "others", "box": [25, 1184, 302, 1124], "linking": []}, {"id": 19, "text": " 515604", "label": "others", "box": [314, 1183, 512, 1124], "linking": []}, {"id": 20, "text": " Amount", "label": "others", "box": [614, 1325, 785, 1271], "linking": []}, {"id": 21, "text": " :", "label": "others", "box": [795, 1325, 819, 1271], "linking": []}, {"id": 22, "text": "$100.00", "label": "sub total", "box": [1064, 1331, 1292, 1274], "linking": []}, {"id": 23, "text": " + Gratuity:", "label": "others", "box": [486, 1486, 823, 1415], "linking": []}, {"id": 24, "text": "10.00", "label": "3 tip", "box": [1094, 1475, 1299, 1380], "linking": []}, {"id": 25, "text": "10.00", "label": "total amount", "box": [983, 1639, 1283, 1534], "linking": []}, {"id": 26, "text": " = Total:", "label": "others", "box": [576, 1637, 821, 1575], "linking": []}, {"id": 27, "text": "I agree to pay the above", "label": "others", "box": [247, 1892, 1026, 1812], "linking": []}, {"id": 28, "text": "total amount according to the", "label": "others", "box": [147, 1972, 1091, 1894], "linking": []}, {"id": 29, "text": "card isQuer agreement.", "label": "others", "box": [268, 2050, 984, 1987], "linking": []}, {"id": 30, "text": "N", "label": "others", "box": [628, 2186, 777, 2083], "linking": []}, {"id": 31, "text": "K.", "label": "others", "box": [371, 2188, 586, 2086], "linking": []}]