[{"id": 0, "text": "CUSTOMER COPY", "label": "others", "box": [125, 98, 293, 78], "linking": []}, {"id": 1, "text": "Eataly NYC Downtown", "label": "others", "box": [82, 156, 331, 131], "linking": []}, {"id": 2, "text": "merchant name", "label": "others", "box": [126, 195, 289, 175], "linking": []}, {"id": 3, "text": "merchant address", "label": "others", "box": [71, 227, 346, 206], "linking": []}, {"id": 4, "text": "merchant address", "label": "others", "box": [123, 247, 291, 229], "linking": []}, {"id": 5, "text": "merchant phone", "label": "others", "box": [150, 269, 264, 251], "linking": []}, {"id": 6, "text": " Date 10/29/19, 8:34 PM", "label": "others", "box": [102, 322, 306, 303], "linking": []}, {"id": 7, "text": "Server Jorge C", "label": "others", "box": [87, 343, 224, 324], "linking": []}, {"id": 8, "text": "Check # 5561", "label": "others", "box": [73, 363, 199, 346], "linking": []}, {"id": 9, "text": " # Guest", "label": "others", "box": [76, 385, 154, 367], "linking": []}, {"id": 10, "text": "Order Type", "label": "others", "box": [47, 407, 153, 388], "linking": []}, {"id": 11, "text": " Table", "label": "others", "box": [98, 426, 148, 409], "linking": []}, {"id": 12, "text": " 2", "label": "others", "box": [158, 385, 175, 368], "linking": []}, {"id": 13, "text": "Dine In", "label": "others", "box": [154, 405, 218, 388], "linking": []}, {"id": 14, "text": " 234", "label": "others", "box": [159, 425, 191, 409], "linking": []}, {"id": 15, "text": "Card Type AMEX-1005", "label": "others", "box": [54, 489, 258, 469], "linking": []}, {"id": 16, "text": "Auth Code 562688", "label": "others", "box": [49, 509, 223, 490], "linking": []}, {"id": 17, "text": "Status Approved", "label": "others", "box": [87, 534, 240, 509], "linking": []}, {"id": 18, "text": "Amount Due", "label": "others", "box": [19, 605, 128, 586], "linking": []}, {"id": 19, "text": "$92.56", "label": "total amount", "box": [304, 605, 399, 580], "linking": []}, {"id": 20, "text": "Tip", "label": "others", "box": [68, 692, 98, 669], "linking": []}, {"id": 21, "text": "Total", "label": "others", "box": [57, 777, 93, 754], "linking": []}]