[{"id": 0, "text": "Thank You For Visiting the", "label": "others", "box": [320, 112, 579, 87], "linking": []}, {"id": 1, "text": "merchant name", "label": "others", "box": [302, 138, 590, 109], "linking": []}, {"id": 2, "text": "Nadine Varella, General Manager", "label": "others", "box": [289, 163, 599, 131], "linking": []}, {"id": 3, "text": "We Love Your Feedback!", "label": "others", "box": [336, 212, 554, 181], "linking": []}, {"id": 4, "text": "merchant phone", "label": "others", "box": [378, 189, 520, 160], "linking": []}, {"id": 5, "text": "Text @LTF41042 to 73940", "label": "others", "box": [332, 235, 561, 202], "linking": []}, {"id": 6, "text": "USD", "label": "others", "box": [623, 266, 656, 244], "linking": []}, {"id": 7, "text": "0.55", "label": "5 total price per item", "box": [613, 292, 656, 269], "linking": []}, {"id": 8, "text": "1.70", "label": "5 total price per item", "box": [614, 318, 656, 294], "linking": []}, {"id": 9, "text": "Assorted Cookie", "label": "0 description beginning", "box": [246, 306, 400, 277], "linking": []}, {"id": 10, "text": "Starbucks Drip Coffe", "label": "0 description beginning", "box": [245, 331, 446, 299], "linking": []}, {"id": 11, "text": "Sub Total", "label": "others", "box": [468, 372, 563, 349], "linking": []}, {"id": 12, "text": "Tax Amount", "label": "others", "box": [470, 397, 574, 374], "linking": []}, {"id": 13, "text": "2.25", "label": "sub total", "box": [612, 367, 659, 343], "linking": []}, {"id": 14, "text": "0.16", "label": "2 tax total", "box": [611, 392, 656, 369], "linking": []}, {"id": 15, "text": "Total USD", "label": "others", "box": [231, 490, 414, 444], "linking": []}, {"id": 16, "text": "2.41", "label": "total amount", "box": [565, 485, 653, 444], "linking": []}, {"id": 17, "text": "5009 AMERICAN EXPRESS", "label": "others", "box": [230, 582, 443, 557], "linking": []}, {"id": 18, "text": "2.41", "label": "others", "box": [610, 583, 653, 560], "linking": []}, {"id": 19, "text": "Tax", "label": "others", "box": [228, 652, 265, 630], "linking": []}, {"id": 20, "text": " ()", "label": "others", "box": [229, 676, 256, 654], "linking": []}, {"id": 21, "text": " Taxable Amount", "label": "others", "box": [391, 657, 539, 633], "linking": []}, {"id": 22, "text": "2.25", "label": "sub total", "box": [490, 679, 532, 658], "linking": []}, {"id": 23, "text": " Tax Amount", "label": "others", "box": [548, 657, 653, 636], "linking": []}, {"id": 24, "text": "0.16", "label": "2 tax total", "box": [611, 680, 655, 660], "linking": []}, {"id": 25, "text": " 7.00", "label": "others", "box": [260, 677, 305, 654], "linking": []}, {"id": 26, "text": " 11/19/2019 01:23 PM #:", "label": "others", "box": [223, 754, 443, 725], "linking": []}, {"id": 27, "text": " 19917 Op:3053 C:113", "label": "others", "box": [446, 757, 658, 730], "linking": []}, {"id": 28, "text": " 102 S:1131", "label": "others", "box": [219, 776, 325, 751], "linking": []}, {"id": 29, "text": " Served you", "label": "others", "box": [214, 802, 329, 776], "linking": []}, {"id": 30, "text": " : Marie Leonce", "label": "others", "box": [331, 805, 479, 779], "linking": []}, {"id": 31, "text": "*** Customer copy ***", "label": "others", "box": [299, 909, 536, 879], "linking": []}, {"id": 32, "text": "AMEX Sunrise 937-8", "label": "others", "box": [322, 961, 525, 930], "linking": []}, {"id": 33, "text": "according to card issuer", "label": "others", "box": [289, 1014, 555, 976], "linking": []}, {"id": 34, "text": "Voucher ) Retain this copy for your", "label": "others", "box": [236, 1065, 595, 1020], "linking": []}, {"id": 35, "text": "PURCHASE / APPROVED", "label": "others", "box": [208, 1107, 413, 1084], "linking": []}, {"id": 36, "text": "*********** 1009", "label": "others", "box": [213, 1148, 369, 1124], "linking": []}, {"id": 37, "text": " I", "label": "others", "box": [214, 974, 228, 951], "linking": []}, {"id": 38, "text": " agree to pay the above total amount", "label": "others", "box": [232, 996, 623, 951], "linking": []}, {"id": 39, "text": "agreement. (Merchant agreement if Credit", "label": "others", "box": [202, 1046, 632, 1000], "linking": []}, {"id": 40, "text": "records.", "label": "others", "box": [375, 1068, 462, 1045], "linking": []}, {"id": 41, "text": "AMERICAN EXPRESS", "label": "others", "box": [211, 1124, 381, 1104], "linking": []}, {"id": 42, "text": "CHIP READ /", "label": "others", "box": [210, 1174, 330, 1145], "linking": []}]