[{"id": 0, "text": "merchant name", "label": "others", "box": [654, 409, 929, 377], "linking": []}, {"id": 1, "text": "merchant address", "label": "others", "box": [691, 470, 905, 432], "linking": []}, {"id": 2, "text": "merchant address", "label": "others", "box": [630, 438, 954, 404], "linking": []}, {"id": 3, "text": "merchant phone", "label": "others", "box": [714, 500, 894, 462], "linking": []}, {"id": 4, "text": " DOB:", "label": "others", "box": [873, 551, 936, 517], "linking": []}, {"id": 5, "text": " Server:", "label": "others", "box": [525, 551, 626, 517], "linking": []}, {"id": 6, "text": " 07:38 PM", "label": "others", "box": [527, 582, 645, 549], "linking": []}, {"id": 7, "text": "Table 9123/6", "label": "others", "box": [525, 619, 690, 581], "linking": []}, {"id": 8, "text": " Ross", "label": "others", "box": [630, 555, 690, 522], "linking": []}, {"id": 9, "text": " 11/13/2019", "label": "others", "box": [941, 549, 1076, 512], "linking": []}, {"id": 10, "text": "11/13/2019", "label": "others", "box": [945, 580, 1077, 545], "linking": []}, {"id": 11, "text": "5/50003", "label": "others", "box": [986, 611, 1080, 579], "linking": []}, {"id": 12, "text": "SALE", "label": "others", "box": [775, 684, 837, 654], "linking": []}, {"id": 13, "text": "AMEX", "label": "others", "box": [529, 735, 587, 707], "linking": []}, {"id": 14, "text": "Card #XXXXXXXXXXX1006", "label": "others", "box": [526, 777, 811, 739], "linking": []}, {"id": 15, "text": "5242881", "label": "others", "box": [985, 736, 1082, 706], "linking": []}, {"id": 16, "text": " Magnetic card present:", "label": "others", "box": [527, 808, 823, 772], "linking": []}, {"id": 17, "text": " Card Entry Method:", "label": "others", "box": [527, 869, 779, 834], "linking": []}, {"id": 18, "text": "S", "label": "others", "box": [791, 867, 812, 843], "linking": []}, {"id": 19, "text": " Approval:", "label": "others", "box": [526, 931, 654, 900], "linking": []}, {"id": 20, "text": " 566106", "label": "others", "box": [659, 931, 748, 900], "linking": []}, {"id": 21, "text": " Amount", "label": "others", "box": [802, 995, 876, 969], "linking": []}, {"id": 22, "text": " :", "label": "others", "box": [881, 995, 891, 970], "linking": []}, {"id": 23, "text": "$43.87", "label": "sub total", "box": [1008, 994, 1095, 963], "linking": []}, {"id": 24, "text": "$15.00", "label": "3 tip", "box": [927, 1061, 1080, 1008], "linking": []}, {"id": 25, "text": "$58, 87", "label": "total amount", "box": [932, 1118, 1088, 1066], "linking": []}, {"id": 26, "text": " + Tip:", "label": "others", "box": [818, 1060, 896, 1032], "linking": []}, {"id": 27, "text": " = Balance Due:", "label": "others", "box": [708, 1129, 894, 1099], "linking": []}, {"id": 28, "text": " I", "label": "others", "box": [654, 1233, 671, 1201], "linking": []}, {"id": 29, "text": " agree to pay the above", "label": "others", "box": [676, 1233, 982, 1198], "linking": []}, {"id": 30, "text": "total amount according to the", "label": "others", "box": [611, 1267, 1011, 1230], "linking": []}, {"id": 31, "text": "card/jissuer agreement.", "label": "others", "box": [665, 1306, 966, 1265], "linking": []}, {"id": 32, "text": "x", "label": "others", "box": [527, 1372, 566, 1335], "linking": []}, {"id": 33, "text": "A suggested gratuity of 15% - 20%", "label": "others", "box": [583, 1445, 1051, 1402], "linking": []}, {"id": 34, "text": "is customary. The amount of", "label": "others", "box": [630, 1480, 1005, 1442], "linking": []}, {"id": 35, "text": "gratuity is always discretionary.", "label": "others", "box": [582, 1518, 1049, 1479], "linking": []}, {"id": 36, "text": "\"There are no spare customers\"", "label": "others", "box": [608, 1568, 1045, 1530], "linking": []}, {"id": 37, "text": "Tell us what you think about your", "label": "others", "box": [568, 1630, 1076, 1580], "linking": []}, {"id": 38, "text": "a chance to win a $500 LandryAs Gift card.", "label": "others", "box": [497, 1695, 1157, 1644], "linking": []}, {"id": 39, "text": "to share your feedback.", "label": "others", "box": [628, 1765, 1021, 1710], "linking": []}, {"id": 40, "text": "-Tilman J. Fertitta", "label": "others", "box": [668, 1600, 962, 1559], "linking": []}, {"id": 41, "text": "experience today, and be entered for", "label": "others", "box": [545, 1661, 1109, 1613], "linking": []}, {"id": 42, "text": " Visit https://survey. landrysinc.com", "label": "others", "box": [539, 1732, 1109, 1674], "linking": []}, {"id": 43, "text": " See Official rules at:", "label": "others", "box": [511, 1800, 886, 1738], "linking": []}, {"id": 44, "text": " www.ldryor.com", "label": "others", "box": [891, 1806, 1137, 1761], "linking": []}]