[{"id": 0, "text": "merchant address", "label": "others", "box": [483, 79, 928, 0], "linking": []}, {"id": 1, "text": "merchant phone", "label": "others", "box": [610, 186, 797, 123], "linking": []}, {"id": 2, "text": "merchant address", "label": "others", "box": [585, 129, 692, 70], "linking": []}, {"id": 3, "text": "merchant address", "label": "others", "box": [703, 128, 736, 69], "linking": []}, {"id": 4, "text": "merchant address", "label": "others", "box": [747, 127, 831, 65], "linking": []}, {"id": 5, "text": " Ticket #:", "label": "others", "box": [529, 247, 799, 183], "linking": []}, {"id": 6, "text": " Register", "label": "others", "box": [412, 318, 537, 283], "linking": []}, {"id": 7, "text": " Thu, Nov", "label": "others", "box": [415, 360, 537, 324], "linking": []}, {"id": 8, "text": " Cashier:", "label": "others", "box": [414, 401, 534, 366], "linking": []}, {"id": 9, "text": " 01", "label": "others", "box": [810, 242, 870, 182], "linking": []}, {"id": 10, "text": "9682199401", "label": "others", "box": [846, 314, 994, 273], "linking": []}, {"id": 11, "text": " 03:34:29 PM", "label": "others", "box": [788, 360, 956, 316], "linking": []}, {"id": 12, "text": " 1", "label": "others", "box": [543, 318, 561, 285], "linking": []}, {"id": 13, "text": " 7", "label": "others", "box": [543, 360, 564, 325], "linking": []}, {"id": 14, "text": " Gilbert S", "label": "others", "box": [540, 401, 676, 367], "linking": []}, {"id": 15, "text": " 2019", "label": "others", "box": [570, 360, 636, 324], "linking": []}, {"id": 16, "text": " 1", "label": "e quantity", "box": [432, 481, 446, 446], "linking": []}, {"id": 17, "text": " DBL CHZ", "label": "0 description beginning", "box": [453, 481, 575, 446], "linking": []}, {"id": 18, "text": "BACON", "label": "1 description inside", "box": [472, 519, 549, 490], "linking": []}, {"id": 19, "text": "** MEDIUM SIZED **", "label": "1 description inside", "box": [471, 562, 710, 530], "linking": []}, {"id": 20, "text": "NO MAYO", "label": "1 description inside", "box": [472, 601, 579, 571], "linking": []}, {"id": 21, "text": "NO PICKLE", "label": "1 description inside", "box": [471, 644, 608, 608], "linking": []}, {"id": 22, "text": "NO ONION", "label": "1 description inside", "box": [469, 684, 599, 651], "linking": []}, {"id": 23, "text": "Cbm Md Dr Pepper", "label": "1 description inside", "box": [473, 726, 709, 691], "linking": []}, {"id": 24, "text": " COMBO", "label": "1 description inside", "box": [584, 480, 666, 448], "linking": []}, {"id": 25, "text": "8.59", "label": "5 total price per item", "box": [790, 480, 851, 449], "linking": []}, {"id": 26, "text": "1.49", "label": "5 total price per item", "box": [792, 519, 850, 489], "linking": []}, {"id": 27, "text": "0.99", "label": "5 total price per item", "box": [790, 559, 851, 529], "linking": []}, {"id": 28, "text": " Subtotal:", "label": "others", "box": [445, 873, 702, 816], "linking": []}, {"id": 29, "text": " Tax:", "label": "others", "box": [591, 929, 705, 872], "linking": []}, {"id": 30, "text": "11.07", "label": "sub total", "box": [825, 868, 970, 812], "linking": []}, {"id": 31, "text": "0.95", "label": "2 tax total", "box": [846, 924, 970, 870], "linking": []}, {"id": 32, "text": "12.02", "label": "total amount", "box": [828, 980, 970, 925], "linking": []}, {"id": 33, "text": "12.02", "label": "others", "box": [829, 1037, 971, 979], "linking": []}, {"id": 34, "text": "0.00", "label": "others", "box": [850, 1094, 971, 1038], "linking": []}, {"id": 35, "text": " Total:", "label": "others", "box": [530, 984, 706, 924], "linking": []}, {"id": 36, "text": " Credit:", "label": "others", "box": [503, 1041, 706, 982], "linking": []}, {"id": 37, "text": " Change", "label": "others", "box": [502, 1101, 665, 1041], "linking": []}, {"id": 38, "text": " :", "label": "others", "box": [674, 1101, 707, 1044], "linking": []}, {"id": 39, "text": "merchant name", "label": "others", "box": [584, 1337, 820, 1272], "linking": []}, {"id": 40, "text": "merchant address", "label": "others", "box": [484, 1394, 693, 1335], "linking": []}, {"id": 41, "text": "merchant address", "label": "others", "box": [587, 1450, 695, 1392], "linking": []}, {"id": 42, "text": "merchant address", "label": "others", "box": [705, 1394, 788, 1334], "linking": []}, {"id": 43, "text": "merchant address", "label": "others", "box": [800, 1394, 921, 1333], "linking": []}, {"id": 44, "text": "merchant address", "label": "others", "box": [706, 1450, 739, 1391], "linking": []}, {"id": 45, "text": "merchant address", "label": "others", "box": [750, 1450, 839, 1390], "linking": []}, {"id": 46, "text": "merchant phone", "label": "others", "box": [616, 1505, 787, 1447], "linking": []}, {"id": 47, "text": " Ticket #:", "label": "others", "box": [530, 1568, 797, 1504], "linking": []}, {"id": 48, "text": "American Express Card #xxxxxxxxxxxx1005", "label": "others", "box": [413, 1648, 976, 1608], "linking": []}, {"id": 49, "text": " Magnetic card present", "label": "others", "box": [412, 1691, 709, 1650], "linking": []}, {"id": 50, "text": "r", "label": "others", "box": [412, 1722, 429, 1696], "linking": []}, {"id": 51, "text": " 01", "label": "others", "box": [808, 1569, 869, 1511], "linking": []}, {"id": 52, "text": " 11/7/2019 3:34:27 PM", "label": "others", "box": [418, 1602, 711, 1563], "linking": []}, {"id": 53, "text": " Register", "label": "others", "box": [413, 1811, 539, 1776], "linking": []}, {"id": 54, "text": "Thu, Nov 7 2019", "label": "others", "box": [413, 1853, 634, 1817], "linking": []}, {"id": 55, "text": " Cashier:", "label": "others", "box": [412, 1897, 534, 1860], "linking": []}, {"id": 56, "text": " 1", "label": "others", "box": [545, 1811, 565, 1776], "linking": []}, {"id": 57, "text": "6952199401", "label": "others", "box": [844, 1827, 984, 1781], "linking": []}, {"id": 58, "text": " 03:34:27 PM", "label": "others", "box": [781, 1871, 947, 1832], "linking": []}, {"id": 59, "text": " Gilbert S", "label": "others", "box": [540, 1899, 678, 1861], "linking": []}, {"id": 60, "text": " Amount", "label": "others", "box": [497, 2062, 659, 1992], "linking": []}, {"id": 61, "text": "** Customer Copy **", "label": "others", "box": [407, 2189, 961, 2091], "linking": []}, {"id": 62, "text": " :", "label": "others", "box": [665, 2065, 703, 1998], "linking": []}, {"id": 63, "text": "12.02", "label": "total amount", "box": [816, 2082, 958, 2012], "linking": []}]