[{"id": 0, "text": "merchant name", "label": "others", "box": [340, 220, 386, 200], "linking": []}, {"id": 1, "text": "merchant address", "label": "others", "box": [273, 267, 558, 233], "linking": []}, {"id": 2, "text": "merchant address", "label": "others", "box": [355, 291, 463, 265], "linking": []}, {"id": 3, "text": "Chk 6594", "label": "others", "box": [209, 383, 318, 355], "linking": []}, {"id": 4, "text": "merchant name", "label": "others", "box": [398, 219, 493, 195], "linking": []}, {"id": 5, "text": "merchant address", "label": "others", "box": [286, 245, 532, 213], "linking": []}, {"id": 6, "text": " 4", "label": "others", "box": [468, 286, 482, 264], "linking": []}, {"id": 7, "text": "108", "label": "others", "box": [407, 379, 444, 359], "linking": []}, {"id": 8, "text": "Gst", "label": "others", "box": [549, 370, 605, 348], "linking": []}, {"id": 9, "text": "0", "label": "others", "box": [612, 367, 627, 349], "linking": []}, {"id": 10, "text": " Nov07'19 11:22AM", "label": "others", "box": [320, 407, 524, 376], "linking": []}, {"id": 11, "text": "** TO GO **", "label": "others", "box": [262, 452, 492, 427], "linking": []}, {"id": 12, "text": " Kung Pao Chicken", "label": "0 description beginning", "box": [263, 475, 472, 453], "linking": []}, {"id": 13, "text": " Sam Adams Btl", "label": "0 description beginning", "box": [264, 498, 435, 476], "linking": []}, {"id": 14, "text": "XXXXXXXXXXXXXXX7008", "label": "others", "box": [251, 520, 501, 496], "linking": []}, {"id": 15, "text": "Amex", "label": "others", "box": [264, 539, 320, 520], "linking": []}, {"id": 16, "text": " 1", "label": "e quantity", "box": [241, 475, 259, 454], "linking": []}, {"id": 17, "text": " 1", "label": "e quantity", "box": [241, 496, 259, 476], "linking": []}, {"id": 18, "text": "10.29", "label": "5 total price per item", "box": [528, 467, 591, 441], "linking": []}, {"id": 19, "text": "8.50", "label": "5 total price per item", "box": [538, 489, 591, 466], "linking": []}, {"id": 20, "text": "20.40", "label": "others", "box": [526, 540, 594, 515], "linking": []}, {"id": 21, "text": "Food", "label": "0 description beginning", "box": [262, 584, 318, 562], "linking": []}, {"id": 22, "text": "Alcohol", "label": "0 description beginning", "box": [261, 611, 355, 586], "linking": []}, {"id": 23, "text": "Tax", "label": "others", "box": [259, 634, 303, 612], "linking": []}, {"id": 24, "text": "Payment", "label": "others", "box": [260, 661, 356, 637], "linking": []}, {"id": 25, "text": "10.29", "label": "5 total price per item", "box": [531, 588, 598, 565], "linking": []}, {"id": 26, "text": "8.50", "label": "5 total price per item", "box": [543, 612, 596, 590], "linking": []}, {"id": 27, "text": "1.61", "label": "2 tax total", "box": [544, 637, 597, 614], "linking": []}, {"id": 28, "text": "20.40", "label": "total amount", "box": [528, 662, 600, 640], "linking": []}, {"id": 29, "text": " Gratu", "label": "others", "box": [286, 710, 361, 686], "linking": []}, {"id": 30, "text": " ty Not Included", "label": "others", "box": [369, 713, 575, 687], "linking": []}, {"id": 31, "text": "Gratu dad No Incluida", "label": "others", "box": [282, 763, 576, 737], "linking": []}, {"id": 32, "text": " Win a", "label": "others", "box": [222, 789, 305, 763], "linking": []}, {"id": 33, "text": "Go to the website to tell us", "label": "others", "box": [224, 816, 620, 790], "linking": []}, {"id": 34, "text": "about your visit and enter", "label": "others", "box": [235, 844, 604, 816], "linking": []}, {"id": 35, "text": "See website for T&C", "label": "others", "box": [278, 895, 549, 862], "linking": []}, {"id": 36, "text": " $500 Amazon Gift Card", "label": "others", "box": [322, 791, 621, 764], "linking": []}, {"id": 37, "text": "our prize draw", "label": "others", "box": [293, 864, 492, 841], "linking": []}, {"id": 38, "text": "www.eatonthemove.com/US", "label": "others", "box": [263, 925, 592, 891], "linking": []}, {"id": 39, "text": " LOCATION:", "label": "others", "box": [300, 976, 439, 945], "linking": []}, {"id": 40, "text": "merchant phone", "label": "others", "box": [210, 1045, 622, 998], "linking": []}, {"id": 41, "text": " 6301389", "label": "others", "box": [443, 980, 547, 951], "linking": []}]