[{"id": 0, "text": "merchant name", "label": "others", "box": [522, 625, 712, 560], "linking": []}, {"id": 1, "text": "PURE GOODNESS", "label": "others", "box": [541, 758, 726, 711], "linking": []}, {"id": 2, "text": "merchant address", "label": "others", "box": [514, 826, 743, 789], "linking": []}, {"id": 3, "text": "merchant phone", "label": "others", "box": [549, 887, 723, 853], "linking": []}, {"id": 4, "text": "www.skinnypizza.com", "label": "others", "box": [510, 918, 752, 888], "linking": []}, {"id": 5, "text": "merchant address", "label": "others", "box": [554, 855, 706, 822], "linking": []}, {"id": 6, "text": "ORDER # 26", "label": "others", "box": [515, 950, 767, 915], "linking": []}, {"id": 7, "text": "Chk 2426", "label": "others", "box": [400, 1073, 498, 1045], "linking": []}, {"id": 8, "text": " Nov01'19 07:19P Gst 0", "label": "others", "box": [608, 1073, 911, 1043], "linking": []}, {"id": 9, "text": "TO STAY", "label": "others", "box": [444, 1137, 620, 1108], "linking": []}, {"id": 10, "text": " Veggie Slice", "label": "0 description beginning", "box": [441, 1173, 599, 1143], "linking": []}, {"id": 11, "text": " PEPPERONI", "label": "0 description beginning", "box": [437, 1205, 560, 1174], "linking": []}, {"id": 12, "text": "XXXXXXXXXXX1000", "label": "others", "box": [428, 1238, 623, 1209], "linking": []}, {"id": 13, "text": "Amex", "label": "others", "box": [438, 1270, 495, 1245], "linking": []}, {"id": 14, "text": " 1", "label": "e quantity", "box": [420, 1173, 435, 1143], "linking": []}, {"id": 15, "text": " 1", "label": "e quantity", "box": [420, 1204, 432, 1174], "linking": []}, {"id": 16, "text": "4.80", "label": "5 total price per item", "box": [816, 1173, 875, 1144], "linking": []}, {"id": 17, "text": "4.00", "label": "5 total price per item", "box": [818, 1207, 877, 1176], "linking": []}, {"id": 18, "text": "9.58", "label": "others", "box": [819, 1274, 876, 1244], "linking": []}, {"id": 19, "text": "Subtotal", "label": "others", "box": [437, 1342, 542, 1308], "linking": []}, {"id": 20, "text": "Tax", "label": "others", "box": [437, 1375, 484, 1345], "linking": []}, {"id": 21, "text": "Payment", "label": "others", "box": [433, 1414, 529, 1381], "linking": []}, {"id": 22, "text": "8.80", "label": "sub total", "box": [824, 1345, 882, 1315], "linking": []}, {"id": 23, "text": "0.78", "label": "2 tax total", "box": [822, 1379, 882, 1352], "linking": []}, {"id": 24, "text": "9.58", "label": "total amount", "box": [769, 1419, 881, 1383], "linking": []}]