[{"id": 0, "text": " 12:28", "label": "others", "box": [331, 29, 390, 7], "linking": []}, {"id": 1, "text": "BO", "label": "others", "box": [610, 30, 653, 7], "linking": []}, {"id": 2, "text": "ORDER #57943844220", "label": "others", "box": [96, 91, 418, 64], "linking": []}, {"id": 3, "text": "Delivered | 7 Items\u20b91455", "label": "others", "box": [98, 118, 356, 95], "linking": []}, {"id": 4, "text": "HELP", "label": "others", "box": [622, 102, 689, 79], "linking": []}, {"id": 5, "text": "merchant name", "label": "others", "box": [97, 228, 488, 198], "linking": []}, {"id": 6, "text": "merchant address", "label": "others", "box": [99, 254, 156, 232], "linking": []}, {"id": 7, "text": "merchant address", "label": "others", "box": [160, 256, 472, 232], "linking": []}, {"id": 8, "text": "merchant address", "label": "others", "box": [476, 256, 664, 232], "linking": []}, {"id": 9, "text": " ...", "label": "others", "box": [667, 255, 688, 233], "linking": []}, {"id": 10, "text": "Ofc add", "label": "others", "box": [95, 338, 206, 314], "linking": []}, {"id": 11, "text": " Floor Am@10", "label": "others", "box": [190, 369, 329, 346], "linking": []}, {"id": 12, "text": " Ikeva 1st", "label": "others", "box": [99, 368, 186, 347], "linking": []}, {"id": 13, "text": " Building,", "label": "others", "box": [333, 370, 425, 346], "linking": []}, {"id": 14, "text": " Icici", "label": "others", "box": [429, 370, 473, 346], "linking": []}, {"id": 15, "text": " Prudential, Opp", "label": "others", "box": [476, 370, 644, 346], "linking": []}, {"id": 16, "text": " Ci", "label": "others", "box": [647, 370, 662, 346], "linking": []}, {"id": 17, "text": " ...", "label": "others", "box": [665, 370, 687, 346], "linking": []}, {"id": 18, "text": "V", "label": "others", "box": [35, 508, 65, 474], "linking": []}, {"id": 19, "text": " Order delivered on November 27, 9:54 PM", "label": "others", "box": [102, 501, 550, 478], "linking": []}, {"id": 20, "text": "Veg Biryani x 1", "label": "0 description beginning", "box": [32, 611, 238, 584], "linking": []}, {"id": 21, "text": "Full", "label": "1 description inside", "box": [71, 638, 110, 616], "linking": []}, {"id": 22, "text": "\u5929180", "label": "5 total price per item", "box": [631, 606, 688, 585], "linking": []}, {"id": 23, "text": "Butter Roti x 10", "label": "0 description beginning", "box": [69, 684, 244, 661], "linking": []}, {"id": 24, "text": "\u5929250", "label": "5 total price per item", "box": [627, 682, 687, 661], "linking": []}, {"id": 25, "text": "Masala Kulcha x 4", "label": "0 description beginning", "box": [64, 731, 277, 709], "linking": []}, {"id": 26, "text": "\u5929280", "label": "5 total price per item", "box": [628, 730, 687, 708], "linking": []}, {"id": 27, "text": "Aloo Gobi Masala x 1", "label": "0 description beginning", "box": [62, 780, 310, 757], "linking": []}, {"id": 28, "text": "Full", "label": "1 description inside", "box": [70, 810, 109, 790], "linking": []}, {"id": 29, "text": "\u5929190", "label": "5 total price per item", "box": [633, 779, 688, 757], "linking": []}, {"id": 30, "text": "Kadai Veg x 1", "label": "0 description beginning", "box": [60, 861, 225, 829], "linking": []}, {"id": 31, "text": "\u5929200", "label": "5 total price per item", "box": [624, 855, 688, 833], "linking": []}, {"id": 32, "text": "Item Total", "label": "others", "box": [29, 942, 135, 921], "linking": []}, {"id": 33, "text": "\u59291460.00", "label": "sub total", "box": [587, 941, 688, 920], "linking": []}, {"id": 34, "text": "GST", "label": "others", "box": [32, 982, 78, 961], "linking": []}, {"id": 35, "text": "769.75", "label": "2 tax total", "box": [618, 981, 688, 961], "linking": []}, {"id": 36, "text": "Delivery Charges", "label": "others", "box": [30, 1025, 216, 1002], "linking": []}, {"id": 37, "text": "Discount Applied (SWIGGYIT)", "label": "others", "box": [32, 1066, 342, 1038], "linking": []}, {"id": 38, "text": "25.00", "label": "others", "box": [609, 1021, 688, 1000], "linking": []}, {"id": 39, "text": "\u2192100.00", "label": "others", "box": [595, 1062, 688, 1041], "linking": []}, {"id": 40, "text": " Paid Via Credit/Debit", "label": "others", "box": [30, 1145, 250, 1122], "linking": []}, {"id": 41, "text": " card", "label": "others", "box": [254, 1144, 307, 1123], "linking": []}, {"id": 42, "text": "Total", "label": "others", "box": [503, 1145, 563, 1123], "linking": []}, {"id": 43, "text": "\u59291455", "label": "total amount", "box": [615, 1144, 689, 1123], "linking": []}, {"id": 44, "text": "REORDER", "label": "others", "box": [296, 1241, 424, 1217], "linking": []}]