[{"id": 0, "text": "Thank You For Visiting the", "label": "others", "box": [330, 334, 719, 293], "linking": []}, {"id": 1, "text": "Matthew Fraysier", "label": "others", "box": [401, 396, 645, 364], "linking": []}, {"id": 2, "text": "General Manager", "label": "others", "box": [407, 431, 640, 399], "linking": []}, {"id": 3, "text": "merchant phone", "label": "others", "box": [423, 467, 626, 434], "linking": []}, {"id": 4, "text": "We Love Your Feedback!", "label": "others", "box": [356, 502, 690, 470], "linking": []}, {"id": 5, "text": "Text @LTF11479 to 73940", "label": "others", "box": [348, 538, 700, 504], "linking": []}, {"id": 6, "text": "merchant name", "label": "others", "box": [333, 363, 712, 328], "linking": []}, {"id": 7, "text": "Starbucks Drip Coffe", "label": "0 description beginning", "box": [215, 650, 527, 597], "linking": []}, {"id": 8, "text": "USD", "label": "others", "box": [793, 611, 842, 580], "linking": []}, {"id": 9, "text": "1.80", "label": "5 total price per item", "box": [782, 649, 842, 616], "linking": []}, {"id": 10, "text": "Sub Total", "label": "others", "box": [568, 713, 708, 682], "linking": []}, {"id": 11, "text": "Tax Amount", "label": "others", "box": [570, 750, 726, 715], "linking": []}, {"id": 12, "text": "1.80", "label": "sub total", "box": [784, 719, 842, 689], "linking": []}, {"id": 13, "text": "0.16", "label": "2 tax total", "box": [781, 753, 844, 723], "linking": []}, {"id": 14, "text": "Total USD", "label": "others", "box": [189, 869, 482, 808], "linking": []}, {"id": 15, "text": "1.96", "label": "total amount", "box": [731, 884, 852, 827], "linking": []}, {"id": 16, "text": "5008 AMEX", "label": "others", "box": [184, 1017, 339, 980], "linking": []}, {"id": 17, "text": "1.96", "label": "others", "box": [799, 1026, 864, 993], "linking": []}, {"id": 18, "text": "Tax", "label": "others", "box": [179, 1134, 235, 1101], "linking": []}, {"id": 19, "text": "() 8.875", "label": "others", "box": [183, 1178, 318, 1140], "linking": []}, {"id": 20, "text": "Taxable Amount Tax Amount", "label": "others", "box": [445, 1143, 872, 1101], "linking": []}, {"id": 21, "text": "1.80", "label": "sub total", "box": [614, 1178, 677, 1146], "linking": []}, {"id": 22, "text": "0.16", "label": "2 tax total", "box": [805, 1182, 873, 1148], "linking": []}, {"id": 23, "text": " 11/11/2019 03:14 PM #:36450 Op:4025 C:111", "label": "others", "box": [175, 1304, 873, 1263], "linking": []}, {"id": 24, "text": " 121 S:1111", "label": "others", "box": [179, 1343, 346, 1306], "linking": []}, {"id": 25, "text": " Served you", "label": "others", "box": [169, 1387, 351, 1349], "linking": []}, {"id": 26, "text": " : Graciela Chavez", "label": "others", "box": [357, 1387, 647, 1348], "linking": []}, {"id": 27, "text": "*** Customer copy ***", "label": "others", "box": [321, 1557, 686, 1520], "linking": []}, {"id": 28, "text": "AMEX NY937 (16)", "label": "others", "box": [372, 1644, 634, 1603], "linking": []}, {"id": 29, "text": "PURCHASE / APPROVED", "label": "others", "box": [160, 1734, 498, 1694], "linking": []}, {"id": 30, "text": "AMEX", "label": "others", "box": [161, 1778, 236, 1743], "linking": []}, {"id": 31, "text": "*********** 1009", "label": "others", "box": [161, 1823, 429, 1785], "linking": []}, {"id": 32, "text": "CONTACTLESS / No CVM", "label": "others", "box": [155, 1873, 518, 1830], "linking": []}, {"id": 33, "text": " 2019/11/11 15:14:57", "label": "others", "box": [154, 1968, 500, 1923], "linking": []}, {"id": 34, "text": "TID", "label": "others", "box": [151, 2015, 209, 1975], "linking": []}, {"id": 35, "text": "MID", "label": "others", "box": [147, 2064, 209, 2025], "linking": []}, {"id": 36, "text": "REFERENCE", "label": "others", "box": [144, 2117, 316, 2073], "linking": []}, {"id": 37, "text": "AUTH CODE", "label": "others", "box": [143, 2169, 313, 2125], "linking": []}, {"id": 38, "text": "**** 9204", "label": "others", "box": [728, 2005, 872, 1965], "linking": []}, {"id": 39, "text": "6634459", "label": "others", "box": [747, 2056, 875, 2011], "linking": []}, {"id": 40, "text": "S1111T111121#36450@193422", "label": "others", "box": [419, 2114, 877, 2059], "linking": []}, {"id": 41, "text": "506648", "label": "others", "box": [769, 2153, 878, 2109], "linking": []}]