[{"id": 0, "text": "****************************************", "label": "others", "box": [11, 57, 385, 36], "linking": []}, {"id": 1, "text": "merchant name", "label": "others", "box": [61, 113, 337, 89], "linking": []}, {"id": 2, "text": "merchant address", "label": "others", "box": [109, 137, 291, 115], "linking": []}, {"id": 3, "text": "merchant address", "label": "others", "box": [184, 161, 228, 141], "linking": []}, {"id": 4, "text": "merchant phone", "label": "others", "box": [123, 186, 273, 165], "linking": []}, {"id": 5, "text": "BAR MAIN", "label": "others", "box": [21, 233, 98, 213], "linking": []}, {"id": 6, "text": "AUTHORIZATION", "label": "others", "box": [25, 257, 142, 237], "linking": []}, {"id": 7, "text": " : ZW2M18ZC", "label": "others", "box": [130, 281, 222, 260], "linking": []}, {"id": 8, "text": " 11/11/19 07:04:13 PM", "label": "others", "box": [201, 234, 379, 213], "linking": []}, {"id": 9, "text": "Bar PM", "label": "others", "box": [321, 256, 378, 237], "linking": []}, {"id": 10, "text": " MERCHANT ID", "label": "others", "box": [24, 281, 127, 261], "linking": []}, {"id": 11, "text": "CHECK NUMBER", "label": "others", "box": [29, 327, 136, 307], "linking": []}, {"id": 12, "text": "370869", "label": "others", "box": [218, 326, 272, 307], "linking": []}, {"id": 13, "text": " AMOUNT:", "label": "others", "box": [49, 371, 167, 352], "linking": []}, {"id": 14, "text": " :$14. 00", "label": "3 tip", "box": [154, 394, 268, 371], "linking": []}, {"id": 15, "text": " :$88.04", "label": "total amount", "box": [153, 436, 281, 409], "linking": []}, {"id": 16, "text": "- --", "label": "others", "box": [162, 446, 182, 435], "linking": []}, {"id": 17, "text": " $74.04", "label": "sub total", "box": [171, 371, 271, 350], "linking": []}, {"id": 18, "text": "TIP", "label": "others", "box": [51, 391, 104, 372], "linking": []}, {"id": 19, "text": "TOTAL", "label": "others", "box": [49, 429, 133, 411], "linking": []}, {"id": 20, "text": "----", "label": "others", "box": [83, 444, 136, 435], "linking": []}, {"id": 21, "text": " TERMINAL ID", "label": "others", "box": [28, 491, 128, 472], "linking": []}, {"id": 22, "text": " APPROVAL CODE", "label": "others", "box": [26, 511, 146, 493], "linking": []}, {"id": 23, "text": " ENTRY MODE", "label": "others", "box": [24, 533, 120, 512], "linking": []}, {"id": 24, "text": " : 0", "label": "others", "box": [132, 490, 160, 472], "linking": []}, {"id": 25, "text": " : 862688", "label": "others", "box": [149, 513, 223, 494], "linking": []}, {"id": 26, "text": " : SWIPE", "label": "others", "box": [123, 533, 186, 514], "linking": []}, {"id": 27, "text": "AID", "label": "others", "box": [24, 574, 53, 556], "linking": []}, {"id": 28, "text": " APPLICATION LABEL", "label": "others", "box": [24, 599, 180, 578], "linking": []}, {"id": 29, "text": " CARD EXPIRY DATE", "label": "others", "box": [25, 620, 171, 601], "linking": []}, {"id": 30, "text": "CRYPTOGRAM TYPE", "label": "others", "box": [25, 640, 161, 621], "linking": []}, {"id": 31, "text": "CRYPTOGRAM", "label": "others", "box": [25, 660, 117, 641], "linking": []}, {"id": 32, "text": "6", "label": "others", "box": [24, 679, 36, 664], "linking": []}, {"id": 33, "text": " : A000000025010801", "label": "others", "box": [151, 579, 304, 559], "linking": []}, {"id": 34, "text": " : AMERICAN EXPRESS", "label": "others", "box": [183, 601, 340, 580], "linking": []}, {"id": 35, "text": " : 07/24", "label": "others", "box": [174, 621, 239, 602], "linking": []}, {"id": 36, "text": " : C1A45F0467F4CCA", "label": "others", "box": [227, 662, 372, 645], "linking": []}, {"id": 37, "text": "CARD NUMBER", "label": "others", "box": [23, 725, 124, 705], "linking": []}, {"id": 38, "text": "CARD BRAND", "label": "others", "box": [23, 747, 114, 728], "linking": []}, {"id": 39, "text": " NAME ON CARD", "label": "others", "box": [21, 770, 133, 750], "linking": []}, {"id": 40, "text": " : xxxxxxxxxxx2007", "label": "others", "box": [138, 725, 286, 706], "linking": []}, {"id": 41, "text": " : AMEX", "label": "others", "box": [137, 747, 195, 728], "linking": []}, {"id": 42, "text": " SIGNATURE", "label": "others", "box": [18, 815, 106, 795], "linking": []}, {"id": 43, "text": " :", "label": "others", "box": [108, 815, 119, 795], "linking": []}, {"id": 44, "text": " Cardholder", "label": "others", "box": [12, 909, 109, 887], "linking": []}, {"id": 45, "text": " amount pursuant", "label": "others", "box": [12, 932, 155, 912], "linking": []}, {"id": 46, "text": " will pay card issuer above", "label": "others", "box": [112, 909, 354, 887], "linking": []}, {"id": 47, "text": " to cardholder agreement", "label": "others", "box": [158, 932, 372, 910], "linking": []}, {"id": 48, "text": "CARD HOLDER COPY", "label": "others", "box": [49, 978, 343, 953], "linking": []}, {"id": 49, "text": "****************************************", "label": "others", "box": [15, 1017, 381, 996], "linking": []}]