[{"id": 0, "text": "merchant name", "label": "others", "box": [628, 63, 1065, 13], "linking": []}, {"id": 1, "text": "merchant address", "label": "others", "box": [607, 143, 1084, 90], "linking": []}, {"id": 2, "text": "CHK 713182", "label": "others", "box": [752, 220, 946, 179], "linking": []}, {"id": 3, "text": " 11/21/2019 04:06 PM", "label": "others", "box": [662, 267, 1028, 218], "linking": []}, {"id": 4, "text": "2582261", "label": "others", "box": [577, 306, 742, 266], "linking": []}, {"id": 5, "text": "merchant address", "label": "others", "box": [689, 100, 1009, 53], "linking": []}, {"id": 6, "text": " Drawer:", "label": "others", "box": [768, 307, 918, 262], "linking": []}, {"id": 7, "text": " 1 Reg:", "label": "others", "box": [925, 301, 1073, 260], "linking": []}, {"id": 8, "text": " 1", "label": "others", "box": [1080, 298, 1103, 259], "linking": []}, {"id": 9, "text": "Tl Latte", "label": "0 description beginning", "box": [520, 395, 679, 356], "linking": []}, {"id": 10, "text": "Caramel Syrup", "label": "1 description inside", "box": [549, 438, 812, 396], "linking": []}, {"id": 11, "text": "Tl Cappuccino", "label": "0 description beginning", "box": [517, 481, 776, 440], "linking": []}, {"id": 12, "text": "Vanilla Madeleine", "label": "0 description beginning", "box": [512, 524, 853, 479], "linking": []}, {"id": 13, "text": "3.95", "label": "5 total price per item", "box": [1059, 378, 1142, 340], "linking": []}, {"id": 14, "text": "0.50", "label": "5 total price per item", "box": [1067, 425, 1144, 382], "linking": []}, {"id": 15, "text": "3.95", "label": "5 total price per item", "box": [1060, 466, 1149, 428], "linking": []}, {"id": 16, "text": "2.45", "label": "5 total price per item", "box": [1060, 506, 1150, 471], "linking": []}, {"id": 17, "text": "1.75", "label": "5 total price per item", "box": [1064, 553, 1139, 509], "linking": []}, {"id": 18, "text": "3.45", "label": "5 total price per item", "box": [1059, 596, 1151, 559], "linking": []}, {"id": 19, "text": "Salted Chips", "label": "0 description beginning", "box": [510, 569, 747, 520], "linking": []}, {"id": 20, "text": "Banana Nut Bread", "label": "0 description beginning", "box": [503, 614, 829, 567], "linking": []}, {"id": 21, "text": "Warmed", "label": "1 description inside", "box": [543, 657, 670, 618], "linking": []}, {"id": 22, "text": "Amex", "label": "others", "box": [501, 749, 577, 713], "linking": []}, {"id": 23, "text": "XXXXXXXXXXXX1006", "label": "others", "box": [501, 794, 826, 750], "linking": []}, {"id": 24, "text": " QUICK CHIP", "label": "others", "box": [733, 841, 947, 794], "linking": []}, {"id": 25, "text": " PURCHASE", "label": "others", "box": [730, 887, 902, 842], "linking": []}, {"id": 26, "text": " 00000130", "label": "others", "box": [751, 934, 927, 887], "linking": []}, {"id": 27, "text": " AMERICAN EXPRESS", "label": "others", "box": [710, 983, 1052, 934], "linking": []}, {"id": 28, "text": " 894395", "label": "others", "box": [649, 1029, 780, 983], "linking": []}, {"id": 29, "text": " A000000025010801", "label": "others", "box": [585, 1078, 921, 1031], "linking": []}, {"id": 30, "text": " 0000008000", "label": "others", "box": [585, 1128, 801, 1086], "linking": []}, {"id": 31, "text": " E800", "label": "others", "box": [583, 1180, 682, 1133], "linking": []}, {"id": 32, "text": "16.80", "label": "others", "box": [1047, 740, 1144, 698], "linking": []}, {"id": 33, "text": " Card Entry:", "label": "others", "box": [496, 843, 725, 796], "linking": []}, {"id": 34, "text": " Trans Type:", "label": "others", "box": [491, 892, 722, 843], "linking": []}, {"id": 35, "text": " Reference #:", "label": "others", "box": [489, 938, 744, 890], "linking": []}, {"id": 36, "text": " App Label:", "label": "others", "box": [495, 985, 702, 937], "linking": []}, {"id": 37, "text": " Auth #:", "label": "others", "box": [490, 1032, 641, 986], "linking": []}, {"id": 38, "text": " AID:", "label": "others", "box": [491, 1077, 578, 1035], "linking": []}, {"id": 39, "text": " TVR:", "label": "others", "box": [491, 1129, 578, 1086], "linking": []}, {"id": 40, "text": " TSI:", "label": "others", "box": [489, 1180, 576, 1134], "linking": []}, {"id": 41, "text": "Subtotal", "label": "others", "box": [481, 1275, 648, 1230], "linking": []}, {"id": 42, "text": "Tax 8.875%", "label": "others", "box": [478, 1326, 698, 1278], "linking": []}, {"id": 43, "text": "Total", "label": "others", "box": [475, 1371, 590, 1329], "linking": []}, {"id": 44, "text": "Change Due", "label": "others", "box": [408, 1427, 832, 1379], "linking": []}, {"id": 45, "text": "$16.05", "label": "sub total", "box": [1006, 1275, 1132, 1229], "linking": []}, {"id": 46, "text": "$0.75", "label": "2 tax total", "box": [1025, 1323, 1134, 1279], "linking": []}, {"id": 47, "text": "$16.80", "label": "total amount", "box": [1002, 1372, 1134, 1325], "linking": []}, {"id": 48, "text": "$0.00", "label": "others", "box": [1043, 1426, 1259, 1376], "linking": []}, {"id": 49, "text": "- Check Closed", "label": "others", "box": [611, 1528, 930, 1483], "linking": []}, {"id": 50, "text": " 11/21/2019 04:06 PM", "label": "others", "box": [622, 1582, 1033, 1532], "linking": []}, {"id": 51, "text": "Merchandise, Packaged Coffee and", "label": "others", "box": [447, 1796, 1157, 1740], "linking": []}, {"id": 52, "text": "Packaged Tea on this receipt may be", "label": "others", "box": [423, 1848, 1206, 1798], "linking": []}, {"id": 53, "text": "returned or exchanged within 60 days", "label": "others", "box": [424, 1903, 1226, 1853], "linking": []}, {"id": 54, "text": "of the transaction date printed", "label": "others", "box": [468, 1961, 1160, 1909], "linking": []}, {"id": 55, "text": "above. All returns or exchanges must", "label": "others", "box": [397, 2018, 1199, 1966], "linking": []}, {"id": 56, "text": "be accompanied with this original", "label": "others", "box": [441, 2073, 1178, 2019], "linking": []}, {"id": 57, "text": "receipt. Refund method depends on", "label": "others", "box": [437, 2132, 1185, 2076], "linking": []}, {"id": 58, "text": "form of payment. For questions call", "label": "others", "box": [409, 2190, 1196, 2132], "linking": []}, {"id": 59, "text": "1-800-STARBUC-800-782-7282)", "label": "others", "box": [479, 2250, 1153, 2189], "linking": []}, {"id": 60, "text": "Join our loyalty program", "label": "others", "box": [532, 2428, 1089, 2367], "linking": []}, {"id": 61, "text": "Starbucks Rewards\u00ae", "label": "others", "box": [598, 2486, 1015, 2428], "linking": []}, {"id": 62, "text": "Sign up for promotional emails", "label": "others", "box": [456, 2553, 1156, 2490], "linking": []}, {"id": 63, "text": "Visit Starbucks.com/rewards", "label": "others", "box": [478, 2614, 1113, 2546], "linking": []}, {"id": 64, "text": "Or download our app", "label": "others", "box": [567, 2674, 1016, 2611], "linking": []}, {"id": 65, "text": "At participating stores", "label": "others", "box": [514, 2736, 1063, 2671], "linking": []}, {"id": 66, "text": "REDMISNOTE 5 PROons apply", "label": "others", "box": [353, 2802, 1061, 2724], "linking": []}, {"id": 67, "text": "MI DUAL CAMERA", "label": "others", "box": [348, 2857, 816, 2793], "linking": []}]