[{"id": 0, "text": "TENGATORO", "label": "others", "box": [1217, 292, 1454, 259], "linking": []}, {"id": 1, "text": "merchant name", "label": "others", "box": [750, 542, 1046, 485], "linking": []}, {"id": 2, "text": "merchant name", "label": "others", "box": [1055, 538, 1225, 485], "linking": []}, {"id": 3, "text": "BILL NO", "label": "others", "box": [534, 653, 726, 597], "linking": []}, {"id": 4, "text": "DATE AND TIME", "label": "others", "box": [851, 651, 1205, 593], "linking": []}, {"id": 5, "text": "PAX", "label": "others", "box": [1303, 643, 1393, 591], "linking": []}, {"id": 6, "text": " 0900261463 20/11/2019 3:15 PM 1", "label": "others", "box": [531, 710, 1361, 645], "linking": []}, {"id": 7, "text": " TABLE NO", "label": "others", "box": [541, 767, 761, 715], "linking": []}, {"id": 8, "text": " :KMT", "label": "others", "box": [738, 824, 864, 768], "linking": []}, {"id": 9, "text": " : wuimi", "label": "others", "box": [845, 878, 1020, 824], "linking": []}, {"id": 10, "text": " :K00215056", "label": "others", "box": [766, 938, 1044, 878], "linking": []}, {"id": 11, "text": "--------", "label": "others", "box": [806, 982, 932, 957], "linking": []}, {"id": 12, "text": " :01", "label": "others", "box": [771, 767, 850, 715], "linking": []}, {"id": 13, "text": " CASHIER", "label": "others", "box": [528, 827, 728, 770], "linking": []}, {"id": 14, "text": " :WMI", "label": "others", "box": [713, 881, 836, 827], "linking": []}, {"id": 15, "text": " ORDER NO", "label": "others", "box": [528, 942, 756, 886], "linking": []}, {"id": 16, "text": " : Krishna Murthy", "label": "others", "box": [875, 822, 1291, 762], "linking": []}, {"id": 17, "text": " WAITER", "label": "others", "box": [529, 884, 704, 829], "linking": []}, {"id": 18, "text": "Qty Menu Item", "label": "others", "box": [524, 1058, 884, 1004], "linking": []}, {"id": 19, "text": "Amount", "label": "others", "box": [1293, 1051, 1468, 1001], "linking": []}, {"id": 20, "text": " SAC/HSN Code:", "label": "others", "box": [526, 1181, 890, 1123], "linking": []}, {"id": 21, "text": " TENDER COCONUT WATER", "label": "0 description beginning", "box": [628, 1242, 1188, 1183], "linking": []}, {"id": 22, "text": " TAJ CAPE TOWN CHICKE", "label": "0 description beginning", "box": [628, 1305, 1189, 1247], "linking": []}, {"id": 23, "text": " 996332", "label": "others", "box": [902, 1180, 1078, 1121], "linking": []}, {"id": 24, "text": " 1", "label": "e quantity", "box": [573, 1242, 617, 1186], "linking": []}, {"id": 25, "text": " 1", "label": "e quantity", "box": [578, 1305, 617, 1247], "linking": []}, {"id": 26, "text": "---", "label": "others", "box": [516, 1343, 592, 1321], "linking": []}, {"id": 27, "text": "325.00", "label": "5 total price per item", "box": [1297, 1241, 1467, 1183], "linking": []}, {"id": 28, "text": "1050.00", "label": "5 total price per item", "box": [1268, 1303, 1468, 1247], "linking": []}, {"id": 29, "text": "Total", "label": "others", "box": [566, 1420, 708, 1365], "linking": []}, {"id": 30, "text": " SAC/HSN Code:", "label": "others", "box": [508, 1483, 893, 1424], "linking": []}, {"id": 31, "text": "CGST9%", "label": "others", "box": [556, 1548, 749, 1490], "linking": []}, {"id": 32, "text": "SGST9%", "label": "others", "box": [557, 1614, 742, 1555], "linking": []}, {"id": 33, "text": "1375.00", "label": "sub total", "box": [1280, 1421, 1481, 1365], "linking": []}, {"id": 34, "text": " 996332", "label": "others", "box": [904, 1482, 1093, 1421], "linking": []}, {"id": 35, "text": "123.75", "label": "2 tax total", "box": [1324, 1549, 1511, 1486], "linking": []}, {"id": 36, "text": "123.75", "label": "2 tax total", "box": [1333, 1615, 1517, 1552], "linking": []}, {"id": 37, "text": "Grand Total", "label": "others", "box": [545, 1756, 880, 1690], "linking": []}, {"id": 38, "text": "1623.00", "label": "total amount", "box": [1304, 1757, 1531, 1694], "linking": []}, {"id": 39, "text": "Earn back 25% of your future", "label": "others", "box": [484, 1906, 1354, 1827], "linking": []}, {"id": 40, "text": "dining / spa bills as TIC Points", "label": "others", "box": [486, 1978, 1485, 1899], "linking": []}, {"id": 41, "text": "To know more, dial 080-66697001", "label": "others", "box": [484, 2051, 1454, 1970], "linking": []}, {"id": 42, "text": "for a call back", "label": "others", "box": [488, 2117, 954, 2043], "linking": []}]