[{"id": 0, "text": "Bill/Cash Memo", "label": "others", "box": [131, 23, 212, 8], "linking": []}, {"id": 1, "text": "merchant name", "label": "others", "box": [58, 59, 283, 27], "linking": []}, {"id": 2, "text": "merchant address", "label": "others", "box": [88, 71, 251, 57], "linking": []}, {"id": 3, "text": " E-mail", "label": "others", "box": [89, 82, 118, 70], "linking": []}, {"id": 4, "text": " Mob.", "label": "others", "box": [221, 22, 242, 11], "linking": []}, {"id": 5, "text": "merchant phone", "label": "others", "box": [244, 22, 307, 11], "linking": []}, {"id": 6, "text": "merchant phone", "label": "others", "box": [252, 33, 307, 20], "linking": []}, {"id": 7, "text": " : aonecoffee77@gmail.com", "label": "others", "box": [120, 83, 252, 70], "linking": []}, {"id": 8, "text": " Dated .. <>.L .:. 1.2:19.", "label": "others", "box": [184, 101, 293, 87], "linking": []}, {"id": 9, "text": "Bill No.", "label": "others", "box": [34, 100, 68, 90], "linking": []}, {"id": 10, "text": "1 .....", "label": "others", "box": [288, 101, 307, 91], "linking": []}, {"id": 11, "text": "M/S.", "label": "others", "box": [34, 122, 56, 111], "linking": []}, {"id": 12, "text": "038", "label": "others", "box": [85, 117, 118, 101], "linking": []}, {"id": 13, "text": "...................", "label": "others", "box": [79, 122, 132, 116], "linking": []}, {"id": 14, "text": "PARTICULARS", "label": "others", "box": [76, 158, 145, 147], "linking": []}, {"id": 15, "text": "1. Small Tea", "label": "0 description beginning", "box": [30, 184, 132, 165], "linking": []}, {"id": 16, "text": "Qty", "label": "others", "box": [181, 160, 197, 149], "linking": []}, {"id": 17, "text": "Rate", "label": "others", "box": [209, 159, 232, 149], "linking": []}, {"id": 18, "text": "Amount", "label": "others", "box": [251, 157, 293, 147], "linking": []}, {"id": 19, "text": "40 15", "label": "unit price", "box": [175, 184, 225, 169], "linking": []}, {"id": 20, "text": "600 .00", "label": "5 total price per item", "box": [243, 183, 325, 165], "linking": []}, {"id": 21, "text": "TOTAL Goood", "label": "total amount", "box": [203, 423, 337, 404], "linking": []}, {"id": 22, "text": "For A-One Coffee", "label": "others", "box": [224, 441, 310, 427], "linking": []}, {"id": 23, "text": "Auth. Signature", "label": "others", "box": [237, 468, 310, 450], "linking": []}, {"id": 24, "text": "E. & O. E.", "label": "others", "box": [24, 438, 70, 425], "linking": []}]