[{"id": 0, "text": "****************************************", "label": "others", "box": [38, 132, 388, 106], "linking": []}, {"id": 1, "text": "*", "label": "others", "box": [38, 148, 49, 136], "linking": []}, {"id": 2, "text": "Customer Copy", "label": "others", "box": [151, 165, 270, 137], "linking": []}, {"id": 3, "text": "*", "label": "others", "box": [375, 153, 389, 138], "linking": []}, {"id": 4, "text": "****************************************", "label": "others", "box": [39, 187, 391, 159], "linking": []}, {"id": 5, "text": "merchant name", "label": "others", "box": [173, 242, 238, 219], "linking": []}, {"id": 6, "text": "merchant address", "label": "others", "box": [103, 273, 316, 239], "linking": []}, {"id": 7, "text": "merchant address", "label": "others", "box": [259, 299, 306, 275], "linking": []}, {"id": 8, "text": "merchant address", "label": "others", "box": [101, 297, 256, 266], "linking": []}, {"id": 9, "text": "merchant phone", "label": "others", "box": [157, 323, 267, 294], "linking": []}, {"id": 10, "text": " MERCHANT ID:", "label": "others", "box": [54, 367, 170, 335], "linking": []}, {"id": 11, "text": " 101 Ian W", "label": "others", "box": [148, 398, 235, 369], "linking": []}, {"id": 12, "text": " 45026440164", "label": "others", "box": [172, 375, 275, 346], "linking": []}, {"id": 13, "text": " CLERK ID:", "label": "others", "box": [56, 391, 145, 361], "linking": []}, {"id": 14, "text": "SALE", "label": "others", "box": [194, 451, 234, 428], "linking": []}, {"id": 15, "text": " Card No:", "label": "others", "box": [62, 504, 138, 478], "linking": []}, {"id": 16, "text": " ENTRY METHOD:", "label": "others", "box": [63, 534, 181, 506], "linking": []}, {"id": 17, "text": " DATE:", "label": "others", "box": [63, 560, 112, 534], "linking": []}, {"id": 18, "text": " INVOICE:", "label": "others", "box": [64, 587, 140, 562], "linking": []}, {"id": 19, "text": " DESCRIPTION:", "label": "others", "box": [65, 614, 175, 590], "linking": []}, {"id": 20, "text": " REFERENCE:", "label": "others", "box": [65, 641, 156, 617], "linking": []}, {"id": 21, "text": " AUTH CODE:", "label": "others", "box": [67, 667, 158, 644], "linking": []}, {"id": 22, "text": " CHIP", "label": "others", "box": [185, 535, 228, 511], "linking": []}, {"id": 23, "text": " 11/12/2019 TIME:", "label": "others", "box": [116, 562, 269, 536], "linking": []}, {"id": 24, "text": "XXXXXXXXXXXX1007", "label": "others", "box": [230, 509, 369, 485], "linking": []}, {"id": 25, "text": " 20:52:19", "label": "others", "box": [273, 563, 347, 540], "linking": []}, {"id": 26, "text": " 312626", "label": "others", "box": [143, 588, 201, 564], "linking": []}, {"id": 27, "text": " Table 40:1", "label": "others", "box": [234, 615, 318, 592], "linking": []}, {"id": 28, "text": " 0225", "label": "others", "box": [161, 641, 201, 618], "linking": []}, {"id": 29, "text": " 840406", "label": "others", "box": [162, 667, 219, 645], "linking": []}, {"id": 30, "text": "APPROVED - THANK YOU", "label": "others", "box": [129, 721, 304, 695], "linking": []}, {"id": 31, "text": " Purchases:", "label": "others", "box": [66, 777, 159, 753], "linking": []}, {"id": 32, "text": "$", "label": "others", "box": [231, 771, 249, 754], "linking": []}, {"id": 33, "text": "132.50", "label": "sub total", "box": [276, 773, 328, 749], "linking": []}, {"id": 34, "text": "Gratuity", "label": "others", "box": [68, 858, 140, 833], "linking": []}, {"id": 35, "text": "$24.20", "label": "3 tip", "box": [231, 855, 356, 809], "linking": []}, {"id": 36, "text": "156.70", "label": "total amount", "box": [254, 926, 376, 884], "linking": []}, {"id": 37, "text": " Total:", "label": "others", "box": [71, 937, 124, 914], "linking": []}, {"id": 38, "text": "$", "label": "others", "box": [234, 932, 247, 911], "linking": []}, {"id": 39, "text": " Suggested Gratuity Amounts:", "label": "others", "box": [53, 1020, 287, 991], "linking": []}, {"id": 40, "text": " 26.62", "label": "others", "box": [179, 1042, 230, 1018], "linking": []}, {"id": 41, "text": " 24.20", "label": "others", "box": [177, 1068, 231, 1045], "linking": []}, {"id": 42, "text": " 21.78", "label": "others", "box": [179, 1094, 232, 1072], "linking": []}, {"id": 43, "text": "22.0%", "label": "others", "box": [72, 1044, 120, 1020], "linking": []}, {"id": 44, "text": "20.0%", "label": "others", "box": [74, 1071, 121, 1048], "linking": []}, {"id": 45, "text": "18.0%", "label": "others", "box": [76, 1099, 120, 1075], "linking": []}, {"id": 46, "text": " $159.12", "label": "others", "box": [235, 1041, 300, 1017], "linking": []}, {"id": 47, "text": " $156.70", "label": "others", "box": [235, 1067, 299, 1044], "linking": []}, {"id": 48, "text": " $154.28", "label": "others", "box": [236, 1094, 300, 1071], "linking": []}, {"id": 49, "text": " I", "label": "others", "box": [55, 1154, 69, 1131], "linking": []}, {"id": 50, "text": " AGREE TO PAY THE ABOVE TOTAL AMOUNT", "label": "others", "box": [72, 1153, 379, 1123], "linking": []}, {"id": 51, "text": "(MERCHANT AGREEMENT IF CREDIT VOUCHER)", "label": "others", "box": [60, 1204, 388, 1175], "linking": []}, {"id": 52, "text": "ACCORDING TO THE CARD ISSUER AGREEMENT.", "label": "others", "box": [58, 1179, 395, 1149], "linking": []}]