[{"id": 0, "text": "79", "label": "others", "box": [75, 92, 96, 67], "linking": []}, {"id": 1, "text": " 09:21 AM", "label": "others", "box": [197, 91, 272, 71], "linking": []}, {"id": 2, "text": "merchant name", "label": "others", "box": [173, 117, 342, 96], "linking": []}, {"id": 3, "text": "merchant address", "label": "others", "box": [193, 136, 318, 117], "linking": []}, {"id": 4, "text": "merchant address", "label": "others", "box": [286, 157, 362, 137], "linking": []}, {"id": 5, "text": "lorisdiner.com", "label": "others", "box": [195, 177, 320, 158], "linking": []}, {"id": 6, "text": "11/12/2019", "label": "others", "box": [321, 91, 410, 70], "linking": []}, {"id": 7, "text": "merchant address", "label": "others", "box": [154, 159, 283, 138], "linking": []}, {"id": 8, "text": "AMEX 2002", "label": "others", "box": [52, 232, 127, 208], "linking": []}, {"id": 9, "text": "2", "label": "others", "box": [401, 223, 417, 207], "linking": []}, {"id": 10, "text": "830567 Chip", "label": "others", "box": [50, 254, 145, 229], "linking": []}, {"id": 11, "text": " ID", "label": "others", "box": [126, 290, 144, 272], "linking": []}, {"id": 12, "text": " #", "label": "others", "box": [114, 311, 127, 294], "linking": []}, {"id": 13, "text": "Reference", "label": "others", "box": [48, 333, 125, 315], "linking": []}, {"id": 14, "text": "AID", "label": "others", "box": [47, 353, 73, 336], "linking": []}, {"id": 15, "text": "TVR", "label": "others", "box": [45, 374, 71, 356], "linking": []}, {"id": 16, "text": "TSI", "label": "others", "box": [44, 394, 68, 376], "linking": []}, {"id": 17, "text": " Merchant", "label": "others", "box": [53, 296, 123, 274], "linking": []}, {"id": 18, "text": "9000008119", "label": "others", "box": [165, 286, 257, 264], "linking": []}, {"id": 19, "text": "1573574926530", "label": "others", "box": [168, 307, 280, 285], "linking": []}, {"id": 20, "text": "0059", "label": "others", "box": [163, 327, 201, 309], "linking": []}, {"id": 21, "text": "A000000025010801", "label": "others", "box": [163, 350, 306, 328], "linking": []}, {"id": 22, "text": "0000008800", "label": "others", "box": [163, 370, 253, 350], "linking": []}, {"id": 23, "text": "E800", "label": "others", "box": [162, 391, 198, 374], "linking": []}, {"id": 24, "text": " Invoice", "label": "others", "box": [52, 314, 112, 295], "linking": []}, {"id": 25, "text": "Subtotal", "label": "others", "box": [90, 436, 161, 417], "linking": []}, {"id": 26, "text": " *(5%) SF", "label": "others", "box": [91, 459, 162, 439], "linking": []}, {"id": 27, "text": " *(8.5", "label": "others", "box": [91, 481, 136, 461], "linking": []}, {"id": 28, "text": " $", "label": "others", "box": [345, 437, 360, 419], "linking": []}, {"id": 29, "text": " $", "label": "others", "box": [345, 459, 360, 442], "linking": []}, {"id": 30, "text": " $", "label": "others", "box": [345, 481, 358, 463], "linking": []}, {"id": 31, "text": " 22.90", "label": "sub total", "box": [363, 438, 409, 419], "linking": []}, {"id": 32, "text": " 1.15", "label": "others", "box": [363, 460, 400, 441], "linking": []}, {"id": 33, "text": " 2.04", "label": "2 tax total", "box": [361, 481, 400, 463], "linking": []}, {"id": 34, "text": " HEALTH MANDATE", "label": "others", "box": [166, 458, 296, 439], "linking": []}, {"id": 35, "text": " Sales", "label": "others", "box": [166, 480, 217, 461], "linking": []}, {"id": 36, "text": " %)", "label": "others", "box": [139, 480, 163, 461], "linking": []}, {"id": 37, "text": " Tax", "label": "others", "box": [220, 480, 250, 461], "linking": []}, {"id": 38, "text": " Check", "label": "others", "box": [90, 523, 138, 504], "linking": []}, {"id": 39, "text": " Total", "label": "others", "box": [141, 524, 186, 504], "linking": []}, {"id": 40, "text": "$ 26.09", "label": "total amount", "box": [343, 524, 407, 505], "linking": []}, {"id": 41, "text": " ADD", "label": "others", "box": [177, 583, 205, 564], "linking": []}, {"id": 42, "text": " A", "label": "others", "box": [208, 583, 223, 565], "linking": []}, {"id": 43, "text": " TIP", "label": "others", "box": [226, 583, 256, 564], "linking": []}, {"id": 44, "text": "18%", "label": "others", "box": [99, 632, 127, 612], "linking": []}, {"id": 45, "text": " (Tip $4.70,", "label": "3 tip", "box": [153, 636, 245, 614], "linking": []}, {"id": 46, "text": " Total", "label": "others", "box": [249, 637, 298, 616], "linking": []}, {"id": 47, "text": " $30.79)", "label": "total amount", "box": [302, 638, 366, 617], "linking": []}, {"id": 48, "text": "20%", "label": "others", "box": [94, 683, 125, 663], "linking": []}, {"id": 49, "text": " (Tip", "label": "others", "box": [154, 687, 190, 665], "linking": []}, {"id": 50, "text": " $5.22,", "label": "others", "box": [194, 688, 244, 666], "linking": []}, {"id": 51, "text": " Total", "label": "others", "box": [248, 689, 296, 667], "linking": []}, {"id": 52, "text": " $31.31)", "label": "others", "box": [300, 689, 364, 668], "linking": []}, {"id": 53, "text": "25%", "label": "others", "box": [92, 734, 123, 713], "linking": []}, {"id": 54, "text": "(Tip $6.52, Total $32.61)", "label": "others", "box": [153, 739, 363, 716], "linking": []}, {"id": 55, "text": "CUSTOM TIP", "label": "others", "box": [122, 823, 213, 799], "linking": []}, {"id": 56, "text": "TOTAL", "label": "others", "box": [247, 821, 288, 804], "linking": []}, {"id": 57, "text": "x", "label": "others", "box": [29, 979, 41, 966], "linking": []}, {"id": 58, "text": " 09:56 AM 11/12/2019", "label": "others", "box": [24, 1137, 188, 1110], "linking": []}]