[{"id": 0, "text": "Thank You For Visiting the", "label": "others", "box": [271, 160, 486, 123], "linking": []}, {"id": 1, "text": "merchant phone", "label": "others", "box": [318, 212, 435, 180], "linking": []}, {"id": 2, "text": "exmo 12 to 73940", "label": "others", "box": [286, 256, 472, 216], "linking": []}, {"id": 3, "text": " # 947", "label": "others", "box": [381, 303, 468, 260], "linking": []}, {"id": 4, "text": "merchant name", "label": "others", "box": [258, 179, 498, 140], "linking": []}, {"id": 5, "text": "Nadine Varella, General Manager", "label": "others", "box": [250, 199, 505, 156], "linking": []}, {"id": 6, "text": "We love Your Feedback!", "label": "others", "box": [285, 233, 463, 198], "linking": []}, {"id": 7, "text": " Order", "label": "others", "box": [286, 309, 377, 270], "linking": []}, {"id": 8, "text": "USD", "label": "others", "box": [526, 306, 552, 286], "linking": []}, {"id": 9, "text": "1.85", "label": "5 total price per item", "box": [520, 329, 554, 306], "linking": []}, {"id": 10, "text": "Sub Total", "label": "others", "box": [401, 382, 476, 355], "linking": []}, {"id": 11, "text": "1.85", "label": "sub total", "box": [519, 370, 555, 351], "linking": []}, {"id": 12, "text": "0.13", "label": "2 tax total", "box": [515, 388, 552, 370], "linking": []}, {"id": 13, "text": "Tax Amount", "label": "others", "box": [392, 400, 483, 376], "linking": []}, {"id": 14, "text": "Total USD", "label": "others", "box": [201, 480, 358, 445], "linking": []}, {"id": 15, "text": "1.98", "label": "total amount", "box": [485, 471, 553, 435], "linking": []}, {"id": 16, "text": "5009 AMERICAN EXPRESS", "label": "others", "box": [203, 559, 383, 539], "linking": []}, {"id": 17, "text": "1.98", "label": "others", "box": [518, 554, 551, 535], "linking": []}, {"id": 18, "text": "Tax", "label": "others", "box": [202, 615, 231, 597], "linking": []}, {"id": 19, "text": " ()", "label": "others", "box": [201, 637, 221, 616], "linking": []}, {"id": 20, "text": " 7.00", "label": "others", "box": [225, 637, 262, 617], "linking": []}, {"id": 21, "text": " Taxable Amount", "label": "others", "box": [338, 618, 464, 600], "linking": []}, {"id": 22, "text": "1.85", "label": "sub total", "box": [427, 639, 456, 621], "linking": []}, {"id": 23, "text": " Tax Amount", "label": "others", "box": [469, 618, 555, 598], "linking": []}, {"id": 24, "text": "0.13", "label": "2 tax total", "box": [522, 637, 556, 619], "linking": []}, {"id": 25, "text": " 11/19/2019 10:40 AM #:50327 Op:3055 C:113", "label": "others", "box": [197, 703, 561, 679], "linking": []}, {"id": 26, "text": " 221 S:1132", "label": "others", "box": [194, 722, 285, 701], "linking": []}, {"id": 27, "text": " Served you", "label": "others", "box": [192, 744, 286, 723], "linking": []}, {"id": 28, "text": " : Maribel Cuc", "label": "others", "box": [289, 745, 404, 723], "linking": []}, {"id": 29, "text": "*** Customer copy ***", "label": "others", "box": [267, 833, 453, 809], "linking": []}, {"id": 30, "text": "AMEX Sunrise 937-11", "label": "others", "box": [273, 878, 443, 853], "linking": []}, {"id": 31, "text": " I", "label": "others", "box": [192, 896, 204, 875], "linking": []}, {"id": 32, "text": " agree to pay the above total amount", "label": "others", "box": [207, 900, 523, 875], "linking": []}, {"id": 33, "text": "according to card issuer", "label": "others", "box": [253, 920, 468, 900], "linking": []}, {"id": 34, "text": "agreement . (Merchant agreement if Credit", "label": "others", "box": [182, 942, 533, 919], "linking": []}, {"id": 35, "text": "Voucher)Retain this copy for your", "label": "others", "box": [209, 963, 504, 938], "linking": []}, {"id": 36, "text": "records.", "label": "others", "box": [322, 983, 397, 963], "linking": []}, {"id": 37, "text": "PURCHASE / APPROVED", "label": "others", "box": [181, 1021, 353, 1001], "linking": []}, {"id": 38, "text": "AMERICAN EXPRESS", "label": "others", "box": [181, 1042, 327, 1023], "linking": []}, {"id": 39, "text": "*********** 1009", "label": "others", "box": [180, 1063, 318, 1045], "linking": []}, {"id": 40, "text": "CHIP READ /", "label": "others", "box": [180, 1083, 281, 1064], "linking": []}, {"id": 41, "text": " 2019/11/19 10:40:50", "label": "others", "box": [172, 1135, 348, 1107], "linking": []}, {"id": 42, "text": "TID", "label": "others", "box": [171, 1153, 200, 1134], "linking": []}]