[{"id": 0, "text": "merchant name", "label": "others", "box": [517, 64, 714, 10], "linking": []}, {"id": 1, "text": "merchant name", "label": "others", "box": [484, 112, 748, 64], "linking": []}, {"id": 2, "text": "merchant address", "label": "others", "box": [529, 140, 689, 111], "linking": []}, {"id": 3, "text": "Served by BANK", "label": "others", "box": [415, 176, 574, 147], "linking": []}, {"id": 4, "text": " 11/3/2019 3:11 PM", "label": "others", "box": [417, 216, 601, 189], "linking": []}, {"id": 5, "text": " 1", "label": "others", "box": [419, 240, 427, 217], "linking": []}, {"id": 6, "text": "Receipt Number 14841", "label": "others", "box": [415, 272, 638, 245], "linking": []}, {"id": 7, "text": "To Stay", "label": "others", "box": [415, 313, 512, 279], "linking": []}, {"id": 8, "text": "Buzzer 39", "label": "others", "box": [510, 371, 706, 331], "linking": []}, {"id": 9, "text": " Cover", "label": "others", "box": [431, 241, 491, 218], "linking": []}, {"id": 10, "text": "6am", "label": "others", "box": [7, 268, 85, 244], "linking": []}, {"id": 11, "text": "TANDEE)", "label": "others", "box": [9, 293, 87, 268], "linking": []}, {"id": 12, "text": "6.25", "label": "others", "box": [41, 344, 91, 320], "linking": []}, {"id": 13, "text": "3.75", "label": "others", "box": [43, 371, 93, 347], "linking": []}, {"id": 14, "text": "11.80", "label": "others", "box": [38, 397, 94, 372], "linking": []}, {"id": 15, "text": "2.55", "label": "others", "box": [52, 450, 98, 426], "linking": []}, {"id": 16, "text": "Zaab Wing", "label": "0 description beginning", "box": [414, 432, 520, 405], "linking": []}, {"id": 17, "text": "Item Total", "label": "others", "box": [433, 473, 548, 446], "linking": []}, {"id": 18, "text": "Sales Tax 8.875%", "label": "others", "box": [434, 505, 601, 479], "linking": []}, {"id": 19, "text": "Gratuity - Thank You", "label": "others", "box": [432, 535, 624, 504], "linking": []}, {"id": 20, "text": "Total", "label": "others", "box": [435, 584, 507, 555], "linking": []}, {"id": 21, "text": "$9.00", "label": "5 total price per item", "box": [751, 436, 807, 414], "linking": []}, {"id": 22, "text": "$9.00", "label": "sub total", "box": [739, 477, 803, 452], "linking": []}, {"id": 23, "text": "50 80", "label": "2 tax total", "box": [749, 508, 806, 487], "linking": []}, {"id": 24, "text": "$0 10", "label": "3 tip", "box": [748, 534, 805, 512], "linking": []}, {"id": 25, "text": "24.35", "label": "others", "box": [43, 502, 106, 476], "linking": []}, {"id": 26, "text": "2.16", "label": "others", "box": [57, 527, 111, 504], "linking": []}, {"id": 27, "text": "6.51", "label": "others", "box": [16, 557, 102, 528], "linking": []}, {"id": 28, "text": "$9.90", "label": "total amount", "box": [724, 589, 800, 561], "linking": []}, {"id": 29, "text": "Payment", "label": "others", "box": [413, 634, 506, 611], "linking": []}, {"id": 30, "text": "amex", "label": "others", "box": [411, 655, 459, 638], "linking": []}, {"id": 31, "text": "Pald", "label": "others", "box": [411, 677, 459, 658], "linking": []}, {"id": 32, "text": "Amount", "label": "others", "box": [717, 639, 799, 618], "linking": []}, {"id": 33, "text": "59 90", "label": "others", "box": [753, 661, 800, 643], "linking": []}, {"id": 34, "text": "$9.90", "label": "others", "box": [743, 684, 800, 664], "linking": []}, {"id": 35, "text": "Card Information", "label": "others", "box": [412, 714, 552, 693], "linking": []}, {"id": 36, "text": "Card number", "label": "others", "box": [412, 731, 512, 713], "linking": []}, {"id": 37, "text": "Result", "label": "others", "box": [413, 750, 464, 732], "linking": []}, {"id": 38, "text": "AuthCode", "label": "others", "box": [411, 770, 489, 752], "linking": []}, {"id": 39, "text": "26.51", "label": "others", "box": [74, 777, 129, 756], "linking": []}, {"id": 40, "text": "00025010801", "label": "others", "box": [21, 805, 132, 780], "linking": []}, {"id": 41, "text": "2002/865484", "label": "others", "box": [23, 830, 134, 803], "linking": []}, {"id": 42, "text": "**** 1000", "label": "others", "box": [730, 736, 800, 717], "linking": []}, {"id": 43, "text": "APPROVED", "label": "others", "box": [701, 756, 799, 738], "linking": []}, {"id": 44, "text": "880615", "label": "others", "box": [737, 776, 798, 758], "linking": []}, {"id": 45, "text": "Tr", "label": "others", "box": [428, 812, 447, 795], "linking": []}, {"id": 46, "text": "no", "label": "others", "box": [411, 829, 437, 813], "linking": []}, {"id": 47, "text": "5QHe001672811862041 6315728716805006", "label": "others", "box": [459, 833, 798, 805], "linking": []}, {"id": 48, "text": "py", "label": "others", "box": [26, 881, 58, 857], "linking": []}, {"id": 49, "text": "above TOTAL", "label": "others", "box": [26, 929, 136, 901], "linking": []}, {"id": 50, "text": "agreement.", "label": "others", "box": [27, 955, 125, 927], "linking": []}, {"id": 51, "text": "CARDHOLDER COPY", "label": "others", "box": [408, 960, 585, 940], "linking": []}, {"id": 52, "text": "onage.", "label": "others", "box": [25, 1003, 82, 983], "linking": []}, {"id": 53, "text": "Date", "label": "others", "box": [407, 1006, 442, 989], "linking": []}, {"id": 54, "text": "Time", "label": "others", "box": [408, 1026, 448, 1009], "linking": []}, {"id": 55, "text": "Card", "label": "others", "box": [405, 1048, 448, 1029], "linking": []}, {"id": 56, "text": "PAN seq", "label": "others", "box": [401, 1070, 478, 1049], "linking": []}, {"id": 57, "text": "Pref name", "label": "others", "box": [401, 1090, 498, 1070], "linking": []}, {"id": 58, "text": "Card type", "label": "others", "box": [400, 1113, 484, 1090], "linking": []}, {"id": 59, "text": "Payment method", "label": "others", "box": [401, 1133, 540, 1113], "linking": []}, {"id": 60, "text": "Payment variant", "label": "others", "box": [399, 1155, 532, 1135], "linking": []}, {"id": 61, "text": "Entry mode", "label": "others", "box": [399, 1178, 496, 1158], "linking": []}, {"id": 62, "text": "CVM res", "label": "others", "box": [398, 1200, 473, 1179], "linking": []}, {"id": 63, "text": "AID", "label": "others", "box": [398, 1221, 428, 1202], "linking": []}, {"id": 64, "text": "MIC", "label": "others", "box": [394, 1244, 427, 1224], "linking": []}, {"id": 65, "text": "TID", "label": "others", "box": [396, 1264, 427, 1246], "linking": []}, {"id": 66, "text": "PTID", "label": "others", "box": [392, 1288, 440, 1267], "linking": []}, {"id": 67, "text": "Auth code", "label": "others", "box": [393, 1312, 484, 1293], "linking": []}, {"id": 68, "text": "Tender", "label": "others", "box": [395, 1335, 467, 1315], "linking": []}, {"id": 69, "text": "Reference", "label": "others", "box": [391, 1360, 483, 1338], "linking": []}, {"id": 70, "text": "Type", "label": "others", "box": [387, 1383, 435, 1363], "linking": []}, {"id": 71, "text": "Purchase Amount", "label": "others", "box": [388, 1408, 543, 1386], "linking": []}, {"id": 72, "text": "Gratuity", "label": "others", "box": [387, 1434, 458, 1411], "linking": []}, {"id": 73, "text": "TOTAL", "label": "others", "box": [388, 1457, 452, 1435], "linking": []}, {"id": 74, "text": "APPROVED", "label": "others", "box": [384, 1483, 493, 1460], "linking": []}, {"id": 75, "text": "Please retain for your records", "label": "others", "box": [380, 1515, 640, 1485], "linking": []}, {"id": 76, "text": "Thank you", "label": "others", "box": [375, 1537, 477, 1513], "linking": []}, {"id": 77, "text": "03/11/2019", "label": "others", "box": [522, 1007, 612, 987], "linking": []}, {"id": 78, "text": " 15:11 02", "label": "others", "box": [536, 1027, 603, 1009], "linking": []}, {"id": 79, "text": "******** 1000", "label": "others", "box": [519, 1046, 619, 1027], "linking": []}, {"id": 80, "text": "00", "label": "others", "box": [578, 1066, 603, 1050], "linking": []}, {"id": 81, "text": "AMERICAN EXPRESS", "label": "others", "box": [511, 1089, 697, 1068], "linking": []}, {"id": 82, "text": "amex", "label": "others", "box": [562, 1113, 611, 1094], "linking": []}, {"id": 83, "text": "amex", "label": "others", "box": [599, 1130, 652, 1117], "linking": []}, {"id": 84, "text": "amex", "label": "others", "box": [586, 1152, 633, 1139], "linking": []}, {"id": 85, "text": "ICC", "label": "others", "box": [580, 1175, 613, 1157], "linking": []}, {"id": 86, "text": "PIN VERIFIED", "label": "others", "box": [528, 1197, 648, 1177], "linking": []}, {"id": 87, "text": "A000000025010801", "label": "others", "box": [486, 1221, 650, 1199], "linking": []}, {"id": 88, "text": "2043493246", "label": "others", "box": [518, 1241, 620, 1223], "linking": []}, {"id": 89, "text": "P400Plus-275174358", "label": "others", "box": [475, 1265, 653, 1244], "linking": []}, {"id": 90, "text": "75174358", "label": "others", "box": [530, 1287, 615, 1267], "linking": []}, {"id": 91, "text": "880615", "label": "others", "box": [554, 1311, 621, 1292], "linking": []}, {"id": 92, "text": "5QHe001572811862041", "label": "others", "box": [486, 1336, 691, 1313], "linking": []}, {"id": 93, "text": " 14841:201930720111", "label": "others", "box": [504, 1361, 686, 1339], "linking": []}, {"id": 94, "text": "GOODS_SERVICES", "label": "others", "box": [500, 1384, 679, 1362], "linking": []}, {"id": 95, "text": "$ 9.80", "label": "total amount", "box": [583, 1408, 646, 1387], "linking": []}, {"id": 96, "text": "$ 0.10", "label": "others", "box": [534, 1433, 594, 1412], "linking": []}, {"id": 97, "text": "$ 9.90", "label": "total amount", "box": [550, 1458, 606, 1437], "linking": []}]