[{"id": 0, "text": "will ........ TRANSACTION RECORO", "label": "others", "box": [79, 150, 431, 111], "linking": []}, {"id": 1, "text": "merchant address", "label": "others", "box": [193, 213, 419, 179], "linking": []}, {"id": 2, "text": "merchant address", "label": "others", "box": [198, 247, 415, 212], "linking": []}, {"id": 3, "text": "merchant name", "label": "others", "box": [173, 179, 441, 140], "linking": []}, {"id": 4, "text": "Purchase", "label": "others", "box": [222, 325, 392, 288], "linking": []}, {"id": 5, "text": "Nov 20,2019", "label": "others", "box": [55, 391, 206, 360], "linking": []}, {"id": 6, "text": "AMEX", "label": "others", "box": [56, 420, 133, 395], "linking": []}, {"id": 7, "text": " TID:", "label": "others", "box": [57, 457, 106, 428], "linking": []}, {"id": 8, "text": " Sequence:", "label": "others", "box": [59, 492, 180, 464], "linking": []}, {"id": 9, "text": " Auth#:", "label": "others", "box": [58, 531, 159, 500], "linking": []}, {"id": 10, "text": " Batch:", "label": "others", "box": [57, 567, 128, 542], "linking": []}, {"id": 11, "text": " 20:57:50", "label": "others", "box": [446, 382, 544, 352], "linking": []}, {"id": 12, "text": "*********** 3008", "label": "others", "box": [339, 421, 541, 386], "linking": []}, {"id": 13, "text": " Chip (C)", "label": "others", "box": [448, 452, 543, 419], "linking": []}, {"id": 14, "text": " 14002311", "label": "others", "box": [110, 459, 225, 429], "linking": []}, {"id": 15, "text": " Entry:", "label": "others", "box": [386, 454, 444, 425], "linking": []}, {"id": 16, "text": " 016 831", "label": "others", "box": [185, 492, 278, 466], "linking": []}, {"id": 17, "text": " 859579", "label": "others", "box": [165, 531, 267, 502], "linking": []}, {"id": 18, "text": " 016", "label": "others", "box": [133, 567, 182, 542], "linking": []}, {"id": 19, "text": " Response:", "label": "others", "box": [342, 526, 455, 496], "linking": []}, {"id": 20, "text": " 00-025", "label": "others", "box": [459, 521, 540, 490], "linking": []}, {"id": 21, "text": "Amount", "label": "others", "box": [55, 633, 146, 609], "linking": []}, {"id": 22, "text": "Tip", "label": "others", "box": [56, 671, 95, 642], "linking": []}, {"id": 23, "text": "$ 43.28", "label": "sub total", "box": [454, 622, 538, 596], "linking": []}, {"id": 24, "text": "$ 6.50", "label": "3 tip", "box": [467, 654, 537, 629], "linking": []}, {"id": 25, "text": "Total", "label": "others", "box": [56, 747, 152, 712], "linking": []}, {"id": 26, "text": "$ 49.78", "label": "total amount", "box": [406, 736, 535, 701], "linking": []}, {"id": 27, "text": "A000000025010801", "label": "others", "box": [52, 854, 283, 815], "linking": []}, {"id": 28, "text": "TVR 0000008000 TSI F800", "label": "others", "box": [54, 917, 357, 882], "linking": []}, {"id": 29, "text": "AMERICAN EXPRESS", "label": "others", "box": [53, 885, 307, 849], "linking": []}, {"id": 30, "text": "Approved", "label": "others", "box": [209, 994, 381, 949], "linking": []}, {"id": 31, "text": " Important:Retain this copy for your recard", "label": "others", "box": [76, 1062, 509, 1008], "linking": []}, {"id": 32, "text": "Cardholder copy", "label": "others", "box": [207, 1116, 381, 1083], "linking": []}]