[{"id": 0, "text": "Thank You For Visiting the", "label": "others", "box": [106, 114, 324, 86], "linking": []}, {"id": 1, "text": "Nadine Varella, General Manager", "label": "others", "box": [90, 159, 346, 133], "linking": []}, {"id": 2, "text": "merchant phone", "label": "others", "box": [159, 182, 279, 159], "linking": []}, {"id": 3, "text": "Text @LTF41042 to 73940", "label": "others", "box": [127, 225, 316, 195], "linking": []}, {"id": 4, "text": "merchant name", "label": "others", "box": [92, 137, 337, 109], "linking": []}, {"id": 5, "text": "USD", "label": "others", "box": [368, 253, 396, 235], "linking": []}, {"id": 6, "text": "0.89", "label": "5 total price per item", "box": [362, 272, 396, 255], "linking": []}, {"id": 7, "text": "0.65", "label": "5 total price per item", "box": [363, 292, 397, 273], "linking": []}, {"id": 8, "text": "10.99", "label": "5 total price per item", "box": [358, 309, 397, 290], "linking": []}, {"id": 9, "text": "Sushi Sauce", "label": "0 description beginning", "box": [64, 292, 152, 267], "linking": []}, {"id": 10, "text": "Chef Spec/Tasty Roll", "label": "0 description beginning", "box": [65, 332, 223, 301], "linking": []}, {"id": 11, "text": "Dessert Bites", "label": "0 description beginning", "box": [65, 312, 167, 285], "linking": []}, {"id": 12, "text": "Monster Energy 16oz", "label": "0 description beginning", "box": [66, 350, 218, 323], "linking": []}, {"id": 13, "text": "3.44", "label": "5 total price per item", "box": [364, 328, 398, 305], "linking": []}, {"id": 14, "text": "Sub Total", "label": "others", "box": [251, 414, 327, 390], "linking": []}, {"id": 15, "text": "15.97", "label": "sub total", "box": [360, 397, 400, 374], "linking": []}, {"id": 16, "text": "1.12", "label": "2 tax total", "box": [369, 415, 404, 395], "linking": []}, {"id": 17, "text": "Tax Amount", "label": "others", "box": [253, 432, 336, 410], "linking": []}, {"id": 18, "text": "Total USD", "label": "others", "box": [63, 512, 203, 469], "linking": []}, {"id": 19, "text": "17.09", "label": "total amount", "box": [323, 491, 407, 455], "linking": []}, {"id": 20, "text": "5009 AMERICAN EXPRESS", "label": "others", "box": [64, 591, 237, 565], "linking": []}, {"id": 21, "text": "17014661112881", "label": "others", "box": [68, 630, 182, 607], "linking": []}, {"id": 22, "text": "17.09", "label": "others", "box": [369, 580, 413, 558], "linking": []}, {"id": 23, "text": "Tax", "label": "others", "box": [72, 690, 100, 672], "linking": []}, {"id": 24, "text": "() 7.00", "label": "others", "box": [75, 714, 130, 691], "linking": []}, {"id": 25, "text": " Taxable Amount", "label": "others", "box": [201, 693, 326, 671], "linking": []}, {"id": 26, "text": "15.97", "label": "sub total", "box": [277, 712, 320, 692], "linking": []}, {"id": 27, "text": " Tax Amount", "label": "others", "box": [333, 690, 418, 669], "linking": []}, {"id": 28, "text": "1.12", "label": "2 tax total", "box": [387, 709, 421, 691], "linking": []}, {"id": 29, "text": " 11/11/2019 11:58 AM #:17946 Op:3053 C:113", "label": "others", "box": [77, 777, 426, 755], "linking": []}, {"id": 30, "text": " 102 S:1131", "label": "others", "box": [80, 798, 165, 777], "linking": []}, {"id": 31, "text": " Served you", "label": "others", "box": [79, 819, 164, 799], "linking": []}, {"id": 32, "text": " : Marie Leonce", "label": "others", "box": [168, 819, 287, 799], "linking": []}, {"id": 33, "text": "Global Rewards Points", "label": "others", "box": [82, 860, 258, 839], "linking": []}, {"id": 34, "text": " Previous Balance:", "label": "others", "box": [83, 882, 234, 862], "linking": []}, {"id": 35, "text": " Accrued (new):", "label": "others", "box": [88, 902, 202, 883], "linking": []}, {"id": 36, "text": " Redeemed (used):", "label": "others", "box": [89, 923, 221, 903], "linking": []}, {"id": 37, "text": " New Balance:", "label": "others", "box": [91, 943, 188, 923], "linking": []}, {"id": 38, "text": " 181", "label": "others", "box": [239, 882, 264, 863], "linking": []}, {"id": 39, "text": "36", "label": "others", "box": [241, 903, 259, 883], "linking": []}, {"id": 40, "text": "0", "label": "others", "box": [241, 920, 254, 904], "linking": []}, {"id": 41, "text": "217", "label": "others", "box": [243, 941, 271, 924], "linking": []}, {"id": 42, "text": "*** Customer copy ***", "label": "others", "box": [170, 1017, 340, 998], "linking": []}, {"id": 43, "text": "AMEX Sunrise 937-7", "label": "others", "box": [191, 1050, 334, 1026], "linking": []}, {"id": 44, "text": "according to card issuer", "label": "others", "box": [164, 1092, 358, 1067], "linking": []}, {"id": 45, "text": " if Credit", "label": "others", "box": [340, 1117, 416, 1093], "linking": []}, {"id": 46, "text": "I agree to pay the above total amount", "label": "others", "box": [114, 1075, 407, 1044], "linking": []}, {"id": 47, "text": " agreement. (Merchant agreement", "label": "others", "box": [108, 1113, 338, 1085], "linking": []}, {"id": 48, "text": "records.", "label": "others", "box": [232, 1149, 297, 1129], "linking": []}, {"id": 49, "text": "PURCHASE / APPROVED", "label": "others", "box": [110, 1186, 261, 1160], "linking": []}, {"id": 50, "text": "*********** 7008", "label": "others", "box": [112, 1224, 230, 1202], "linking": []}, {"id": 51, "text": "Voucher)Retain this copy for your", "label": "others", "box": [129, 1135, 393, 1103], "linking": []}, {"id": 52, "text": "AMERICAN EXPRESS", "label": "others", "box": [112, 1205, 238, 1181], "linking": []}, {"id": 53, "text": "CHIP READ /", "label": "others", "box": [112, 1243, 200, 1220], "linking": []}, {"id": 54, "text": " 2019/11/11 11:59:10", "label": "others", "box": [115, 1286, 266, 1260], "linking": []}, {"id": 55, "text": "MID", "label": "others", "box": [116, 1317, 142, 1301], "linking": []}, {"id": 56, "text": "REFERENCE", "label": "others", "box": [119, 1338, 190, 1320], "linking": []}, {"id": 57, "text": "AUTH CODE", "label": "others", "box": [121, 1359, 191, 1337], "linking": []}, {"id": 58, "text": "TOTAL", "label": "others", "box": [122, 1396, 163, 1374], "linking": []}, {"id": 59, "text": "TID", "label": "others", "box": [119, 1299, 140, 1280], "linking": []}, {"id": 60, "text": "**** 5736", "label": "others", "box": [363, 1323, 433, 1298], "linking": []}, {"id": 61, "text": "S1131T113102#17946@207036", "label": "others", "box": [231, 1366, 435, 1324], "linking": []}, {"id": 62, "text": "6634461", "label": "others", "box": [373, 1345, 433, 1320], "linking": []}, {"id": 63, "text": "817033", "label": "others", "box": [381, 1386, 436, 1361], "linking": []}, {"id": 64, "text": "USD17.09", "label": "others", "box": [367, 1429, 438, 1399], "linking": []}, {"id": 65, "text": " ARC:", "label": "others", "box": [125, 1432, 159, 1414], "linking": []}, {"id": 66, "text": " 00", "label": "others", "box": [162, 1433, 182, 1416], "linking": []}]