[{"id": 0, "text": "merchant name", "label": "others", "box": [37, 79, 276, 42], "linking": []}, {"id": 1, "text": "merchant address", "label": "others", "box": [8, 104, 174, 89], "linking": []}, {"id": 2, "text": "GROCERY", "label": "others", "box": [8, 131, 57, 115], "linking": []}, {"id": 3, "text": " BADIA", "label": "0 description beginning", "box": [22, 148, 58, 132], "linking": []}, {"id": 4, "text": " BADIA", "label": "0 description beginning", "box": [22, 163, 58, 146], "linking": []}, {"id": 5, "text": " FL", "label": "0 description beginning", "box": [22, 177, 38, 161], "linking": []}, {"id": 6, "text": " M&M", "label": "0 description beginning", "box": [23, 191, 45, 176], "linking": []}, {"id": 7, "text": " 2LT", "label": "0 description beginning", "box": [20, 219, 43, 202], "linking": []}, {"id": 8, "text": "MEAT", "label": "others", "box": [8, 236, 38, 221], "linking": []}, {"id": 9, "text": " STORE", "label": "0 description beginning", "box": [8, 253, 45, 237], "linking": []}, {"id": 10, "text": " ORIGINAL", "label": "0 description beginning", "box": [9, 268, 66, 251], "linking": []}, {"id": 11, "text": "merchant address", "label": "others", "box": [36, 90, 145, 76], "linking": []}, {"id": 12, "text": "merchant phone", "label": "others", "box": [160, 92, 260, 76], "linking": []}, {"id": 13, "text": "merchant address", "label": "others", "box": [179, 108, 287, 89], "linking": []}, {"id": 14, "text": " BLACK", "label": "0 description beginning", "box": [60, 147, 100, 130], "linking": []}, {"id": 15, "text": " SEA SLT", "label": "0 description beginning", "box": [61, 162, 113, 145], "linking": []}, {"id": 16, "text": " CANOLA", "label": "0 description beginning", "box": [41, 176, 86, 160], "linking": []}, {"id": 17, "text": " DARK", "label": "0 description beginning", "box": [48, 190, 80, 174], "linking": []}, {"id": 18, "text": "3 @", "label": "e quantity", "box": [47, 203, 73, 188], "linking": []}, {"id": 19, "text": " CLASSIC", "label": "0 description beginning", "box": [46, 218, 100, 201], "linking": []}, {"id": 20, "text": " PEPPER", "label": "0 description beginning", "box": [102, 146, 151, 129], "linking": []}, {"id": 21, "text": " GRNOR", "label": "0 description beginning", "box": [116, 160, 158, 144], "linking": []}, {"id": 22, "text": "2.88", "label": "5 total price per item", "box": [227, 149, 258, 134], "linking": []}, {"id": 23, "text": "2.39", "label": "5 total price per item", "box": [227, 162, 262, 147], "linking": []}, {"id": 24, "text": "1.59", "label": "5 total price per item", "box": [228, 176, 260, 160], "linking": []}, {"id": 25, "text": " OIL", "label": "0 description beginning", "box": [89, 175, 113, 159], "linking": []}, {"id": 26, "text": " CHOC", "label": "0 description beginning", "box": [83, 189, 114, 173], "linking": []}, {"id": 27, "text": "3.78", "label": "unit price", "box": [111.45, 202, 143.45, 187], "linking": []}, {"id": 28, "text": " COKE", "label": "0 description beginning", "box": [102, 217, 140, 200], "linking": []}, {"id": 29, "text": " MINT", "label": "0 description beginning", "box": [117, 189, 147, 173], "linking": []}, {"id": 30, "text": "M", "label": "1 description inside", "box": [171.45, 191, 185.45, 175], "linking": []}, {"id": 31, "text": "M", "label": "1 description inside", "box": [172, 219, 183, 205], "linking": []}, {"id": 32, "text": "11.34", "label": "5 total price per item", "box": [223, 208, 258, 191], "linking": []}, {"id": 33, "text": "1.99", "label": "5 total price per item", "box": [227, 221, 258, 206], "linking": []}, {"id": 34, "text": " PRICE", "label": "0 description beginning", "box": [48, 253, 86, 236], "linking": []}, {"id": 35, "text": " REDUCTION", "label": "0 description beginning", "box": [89, 253, 157, 236], "linking": []}, {"id": 36, "text": " PRICE", "label": "0 description beginning", "box": [69, 267, 109, 251], "linking": []}, {"id": 37, "text": " FP BNLS", "label": "1 description inside", "box": [24, 282, 73, 265], "linking": []}, {"id": 38, "text": "PRODUCE", "label": "others", "box": [10, 299, 60, 283], "linking": []}, {"id": 39, "text": "LARGE LEMONS", "label": "0 description beginning", "box": [25, 316, 108, 297], "linking": []}, {"id": 40, "text": " 4 @", "label": "e quantity", "box": [26, 329, 51, 314], "linking": []}, {"id": 41, "text": "GINGER ROOT", "label": "0 description beginning", "box": [24, 343, 100, 327], "linking": []}, {"id": 42, "text": " 0.38", "label": "1 description inside", "box": [25, 356, 57, 342], "linking": []}, {"id": 43, "text": "COLLARD GREENS EACH", "label": "0 description beginning", "box": [24, 371, 156, 355], "linking": []}, {"id": 44, "text": "KALE", "label": "0 description beginning", "box": [24, 384, 64, 369], "linking": []}, {"id": 45, "text": "ORGANIC BANANAS", "label": "0 description beginning", "box": [25, 398, 129, 383], "linking": []}, {"id": 46, "text": "1.96 lb @", "label": "e quantity", "box": [25, 412, 89, 396], "linking": []}, {"id": 47, "text": "YELLOW ONIONS 3LB", "label": "0 description beginning", "box": [25, 426, 142, 411], "linking": []}, {"id": 48, "text": " FL", "label": "0 description beginning", "box": [24, 439, 41, 424], "linking": []}, {"id": 49, "text": "LUCINDAS ORG ROSEMRY", "label": "0 description beginning", "box": [22, 454, 162, 439], "linking": []}, {"id": 50, "text": "Savings", "label": "others", "box": [9, 471, 61, 457], "linking": []}, {"id": 51, "text": " You saved:", "label": "others", "box": [12, 487, 80, 472], "linking": []}, {"id": 52, "text": "LARGE LEMONS", "label": "others", "box": [22, 500, 109, 485], "linking": []}, {"id": 53, "text": "M&M DARK CHOC MINT", "label": "others", "box": [24, 514, 148, 499], "linking": []}, {"id": 54, "text": "2LT CLASSIC COKE", "label": "others", "box": [25, 528, 136, 513], "linking": []}, {"id": 55, "text": " TOTAL", "label": "others", "box": [14, 542, 51, 528], "linking": []}, {"id": 56, "text": "19 BALANCE DUE", "label": "others", "box": [20, 558, 115, 543], "linking": []}, {"id": 57, "text": "American Express", "label": "others", "box": [40, 571, 151, 558], "linking": []}, {"id": 58, "text": " 13.33", "label": "unit price", "box": [111, 266, 150, 250], "linking": []}, {"id": 59, "text": " DENVR STK", "label": "1 description inside", "box": [96, 281, 162, 265], "linking": []}, {"id": 60, "text": " BF", "label": "1 description inside", "box": [76, 281, 93, 265], "linking": []}, {"id": 61, "text": "10.00", "label": "5 total price per item", "box": [222, 284, 258, 268], "linking": []}, {"id": 62, "text": " 2 FOR", "label": "1 description inside", "box": [65, 328, 104, 313], "linking": []}, {"id": 63, "text": "1.58", "label": "unit price", "box": [141, 330, 168, 315], "linking": []}, {"id": 64, "text": " 2.99/", "label": "unit price", "box": [118, 358, 156, 341], "linking": []}, {"id": 65, "text": "M", "label": "1 description inside", "box": [172, 316, 182, 303], "linking": []}, {"id": 66, "text": "3.16", "label": "5 total price per item", "box": [224, 333, 255, 317], "linking": []}, {"id": 67, "text": "1.14", "label": "5 total price per item", "box": [225, 359, 255, 343], "linking": []}, {"id": 68, "text": "1.49", "label": "5 total price per item", "box": [227, 372, 256, 358], "linking": []}, {"id": 69, "text": "1.19", "label": "5 total price per item", "box": [228, 386, 257, 371], "linking": []}, {"id": 70, "text": " lb", "label": "1 description inside", "box": [59, 356, 75, 342], "linking": []}, {"id": 71, "text": " @", "label": "1 description inside", "box": [78, 356, 89, 342], "linking": []}, {"id": 72, "text": " 1b", "label": "1 description inside", "box": [159, 359, 177, 342], "linking": []}, {"id": 73, "text": " 0.64/", "label": "5 total price per item", "box": [120, 413, 156, 398], "linking": []}, {"id": 74, "text": " lb", "label": "1 description inside", "box": [159, 414, 176, 398], "linking": []}, {"id": 75, "text": " 16Z", "label": "0 description beginning", "box": [140, 441, 161, 425], "linking": []}, {"id": 76, "text": "1.25", "label": "5 total price per item", "box": [225, 413, 257, 398], "linking": []}, {"id": 77, "text": "2.49", "label": "5 total price per item", "box": [223, 426, 259, 412], "linking": []}, {"id": 78, "text": "3.99", "label": "5 total price per item", "box": [220, 439, 260, 424], "linking": []}, {"id": 79, "text": "0.99", "label": "5 total price per item", "box": [222, 453, 257, 438], "linking": []}, {"id": 80, "text": "****", "label": "others", "box": [273, 452, 283, 399], "linking": []}, {"id": 81, "text": " BRSSL SPROUTS", "label": "0 description beginning", "box": [43, 440, 137, 424], "linking": []}, {"id": 82, "text": "-1.16", "label": "others", "box": [220, 500, 257, 486], "linking": []}, {"id": 83, "text": "-1.80", "label": "others", "box": [216, 514, 256, 499], "linking": []}, {"id": 84, "text": "-1.10", "label": "others", "box": [223, 527, 257, 513], "linking": []}, {"id": 85, "text": "0.00", "label": "2 tax total", "box": [226, 540, 256, 527], "linking": []}, {"id": 86, "text": "41.83", "label": "total amount", "box": [219, 557, 257, 543], "linking": []}, {"id": 87, "text": "$41.83", "label": "others", "box": [212, 571, 256, 557], "linking": []}, {"id": 88, "text": " TAX", "label": "others", "box": [53, 542, 79, 528], "linking": []}, {"id": 89, "text": "12/01/2019", "label": "others", "box": [15, 598, 83, 583], "linking": []}, {"id": 90, "text": " AMERICAN EXPRESS Entry Method:", "label": "others", "box": [14, 611, 220, 596], "linking": []}, {"id": 91, "text": " CARD #:", "label": "others", "box": [14, 624, 65, 610], "linking": []}, {"id": 92, "text": " AUTH CODE:852983", "label": "others", "box": [11, 647, 124, 632], "linking": []}, {"id": 93, "text": " Mode", "label": "others", "box": [10, 663, 35, 650], "linking": []}, {"id": 94, "text": " AID:", "label": "others", "box": [8, 675, 39, 662], "linking": []}, {"id": 95, "text": " TVR", "label": "others", "box": [8, 688, 27, 675], "linking": []}, {"id": 96, "text": " IAD:", "label": "others", "box": [8, 703, 36, 689], "linking": []}, {"id": 97, "text": " TSI", "label": "others", "box": [8, 717, 26, 703], "linking": []}, {"id": 98, "text": " ARC:", "label": "others", "box": [6, 732, 36, 717], "linking": []}, {"id": 99, "text": " TC:", "label": "others", "box": [8, 747, 31, 733], "linking": []}, {"id": 100, "text": " MID:", "label": "others", "box": [7, 761, 39, 746], "linking": []}, {"id": 101, "text": " Total:", "label": "others", "box": [8, 773, 54, 760], "linking": []}, {"id": 102, "text": " 18:04:33", "label": "others", "box": [227, 597, 281, 584], "linking": []}, {"id": 103, "text": "Chip", "label": "others", "box": [251, 608, 282, 597], "linking": []}, {"id": 104, "text": "XXXXXXXXXXX1006", "label": "others", "box": [180, 620, 282, 607], "linking": []}, {"id": 105, "text": "APPROVED", "label": "others", "box": [132, 633, 205, 619], "linking": []}, {"id": 106, "text": "PURCHASE", "label": "others", "box": [10, 634, 69, 620], "linking": []}, {"id": 107, "text": " :", "label": "others", "box": [38, 663, 48, 651], "linking": []}, {"id": 108, "text": "Issuer", "label": "others", "box": [237, 662, 285, 648], "linking": []}, {"id": 109, "text": "A000000025010801", "label": "others", "box": [175, 676, 288, 661], "linking": []}, {"id": 110, "text": "0000008000", "label": "others", "box": [216, 689, 287, 675], "linking": []}, {"id": 111, "text": "06710103A02002", "label": "others", "box": [187, 704, 287, 687], "linking": []}, {"id": 112, "text": "E800", "label": "others", "box": [257, 718, 286, 703], "linking": []}, {"id": 113, "text": "00", "label": "others", "box": [272, 731, 286, 717], "linking": []}, {"id": 114, "text": "A5FAA58EEB6847A0", "label": "others", "box": [174, 746, 287, 731], "linking": []}, {"id": 115, "text": " 001 SEQ:", "label": "others", "box": [167, 761, 226, 745], "linking": []}, {"id": 116, "text": "USD$ 41.83", "label": "total amount", "box": [214, 774, 287, 759], "linking": []}, {"id": 117, "text": " :", "label": "others", "box": [30, 688, 37, 675], "linking": []}, {"id": 118, "text": " :", "label": "others", "box": [29, 717, 36, 703], "linking": []}, {"id": 119, "text": " 262153", "label": "others", "box": [42, 761, 88, 745], "linking": []}, {"id": 120, "text": " TID:", "label": "others", "box": [112, 760, 144, 745], "linking": []}, {"id": 121, "text": " 063615", "label": "others", "box": [228, 761, 274, 746], "linking": []}, {"id": 122, "text": "CHANGE", "label": "others", "box": [36, 806, 80, 791], "linking": []}, {"id": 123, "text": "0.00", "label": "others", "box": [227, 807, 260, 793], "linking": []}]