[{"id": 0, "text": "FSC, protecting the world's forests for the future.", "label": "others", "box": [191, 54, 1014, 81], "linking": []}, {"id": 1, "text": "Plan A commiunen", "label": "others", "box": [676, 88, 1068, 100], "linking": []}, {"id": 2, "text": "merchant name", "label": "others", "box": [560, 423, 944, 294], "linking": []}, {"id": 3, "text": "EST. 1884", "label": "others", "box": [607, 503, 898, 453], "linking": []}, {"id": 4, "text": "merchant address", "label": "others", "box": [341, 646, 1090, 576], "linking": []}, {"id": 5, "text": "olu,oo.", "label": "others", "box": [411, 752, 593, 686], "linking": []}, {"id": 6, "text": "merchant phone", "label": "others", "box": [545, 856, 871, 776], "linking": []}, {"id": 7, "text": "www.marksandspencer.com", "label": "others", "box": [390, 961, 1052, 879], "linking": []}, {"id": 8, "text": "COKE ZERO 500ML", "label": "0 description beginning", "box": [459, 1077, 913, 999], "linking": []}, {"id": 9, "text": "RST CHKN AVO", "label": "0 description beginning", "box": [450, 1190, 821, 1131], "linking": []}, {"id": 10, "text": "Balance to Pay", "label": "others", "box": [446, 1260, 886, 1191], "linking": []}, {"id": 11, "text": "Card Tendered", "label": "others", "box": [47, 1389, 478, 1310], "linking": []}, {"id": 12, "text": "*** CARDHOLDER COPY ***", "label": "others", "box": [364, 1458, 1056, 1391], "linking": []}, {"id": 13, "text": "merchant address", "label": "others", "box": [524, 698, 928, 637], "linking": []}, {"id": 14, "text": "wwww.dieiv", "label": "others", "box": [830, 752, 1124, 697], "linking": []}, {"id": 15, "text": "easce", "label": "others", "box": [402, 804, 568, 736], "linking": []}, {"id": 16, "text": "VAT NO. GB884257978", "label": "others", "box": [460, 907, 986, 817], "linking": []}, {"id": 17, "text": "merchant address", "label": "others", "box": [622, 750, 820, 692], "linking": []}, {"id": 18, "text": "RH6 ONN", "label": "others", "box": [626, 798, 820, 735], "linking": []}, {"id": 19, "text": "goriq 10", "label": "others", "box": [889, 806, 1125, 749], "linking": []}, {"id": 20, "text": "00632720", "label": "others", "box": [106, 1064, 360, 995], "linking": []}, {"id": 21, "text": "\u00a32.00", "label": "5 total price per item", "box": [1087, 1053, 1247, 986], "linking": []}, {"id": 22, "text": "\u00a32.50", "label": "5 total price per item", "box": [1094, 1118, 1250, 1052], "linking": []}, {"id": 23, "text": "\u00a33.60", "label": "5 total price per item", "box": [1096, 1183, 1259, 1116], "linking": []}, {"id": 24, "text": "00485289", "label": "others", "box": [97, 1123, 350, 1057], "linking": []}, {"id": 25, "text": "00062862", "label": "others", "box": [84, 1186, 343, 1117], "linking": []}, {"id": 26, "text": " 3", "label": "e quantity", "box": [294, 1250, 334, 1194], "linking": []}, {"id": 27, "text": "SMPLY EGG CRESS", "label": "0 description beginning", "box": [463, 1129, 913, 1067], "linking": []}, {"id": 28, "text": " Items:", "label": "others", "box": [75, 1250, 283, 1181], "linking": []}, {"id": 29, "text": "\u00a38.10", "label": "total amount", "box": [1104, 1254, 1268, 1180], "linking": []}, {"id": 30, "text": "\u00a38.10", "label": "others", "box": [1108, 1386, 1285, 1319], "linking": []}, {"id": 31, "text": "AMERICAN EXPRESS", "label": "others", "box": [21, 1528, 555, 1452], "linking": []}, {"id": 32, "text": " ***** 66716", "label": "others", "box": [209, 1605, 554, 1529], "linking": []}, {"id": 33, "text": " *********** 1001", "label": "others", "box": [197, 1685, 725, 1607], "linking": []}, {"id": 34, "text": " MID:", "label": "others", "box": [10, 1598, 174, 1525], "linking": []}, {"id": 35, "text": " CARD:", "label": "others", "box": [0, 1670, 185, 1602], "linking": []}, {"id": 36, "text": " READ:", "label": "others", "box": [0, 1751, 171, 1675], "linking": []}, {"id": 37, "text": " ID:", "label": "others", "box": [8, 1838, 139, 1759], "linking": []}, {"id": 38, "text": "TAL ianisind", "label": "others", "box": [0, 1891, 389, 1837], "linking": []}, {"id": 39, "text": " TID", "label": "others", "box": [782, 1608, 867, 1537], "linking": []}, {"id": 40, "text": " AUTH:", "label": "others", "box": [770, 1688, 962, 1614], "linking": []}, {"id": 41, "text": " :**** 0806", "label": "others", "box": [881, 1608, 1201, 1539], "linking": []}, {"id": 42, "text": " ICC es beiling 08mo ble", "label": "others", "box": [186, 1754, 1412, 1681], "linking": []}, {"id": 43, "text": " A000000025010801", "label": "others", "box": [166, 1854, 745, 1762], "linking": []}, {"id": 44, "text": "0074", "label": "others", "box": [1062, 1687, 1209, 1621], "linking": []}, {"id": 45, "text": "eau of themlianoo A", "label": "others", "box": [768, 1833, 1346, 1775], "linking": []}]