[{"id": 0, "text": " 13:18 11 .. 1 KB/S", "label": "others", "box": [47, 62, 294, 31], "linking": []}, {"id": 1, "text": "BOX", "label": "others", "box": [338, 52, 369, 37], "linking": []}, {"id": 2, "text": "95", "label": "others", "box": [986, 56, 1013, 37], "linking": []}, {"id": 3, "text": "ORDER DETAILS", "label": "others", "box": [130, 161, 418, 126], "linking": []}, {"id": 4, "text": "HELP", "label": "others", "box": [974, 155, 1041, 127], "linking": []}, {"id": 5, "text": "Order #YU99KC", "label": "others", "box": [28, 289, 321, 253], "linking": []}, {"id": 6, "text": " DELIVERED on 24 Nov, 2019 @ 11:58 AM", "label": "others", "box": [29, 356, 639, 321], "linking": []}, {"id": 7, "text": " Work", "label": "others", "box": [130, 485, 226, 451], "linking": []}, {"id": 8, "text": "Phase 2 Mwtro Station", "label": "others", "box": [131, 528, 467, 495], "linking": []}, {"id": 9, "text": "Building Number 5, Gali Number 1, DLF Cyber City, DLF Phase", "label": "others", "box": [131, 573, 1051, 536], "linking": []}, {"id": 10, "text": "2, Sector 24, Gurugram, Haryana 122002, India", "label": "others", "box": [127, 616, 828, 580], "linking": []}, {"id": 11, "text": " |", "label": "others", "box": [247, 486, 279, 450], "linking": []}, {"id": 12, "text": " Epitome Tower ... Tower c", "label": "others", "box": [293, 486, 694, 450], "linking": []}, {"id": 13, "text": "ITEM DETAILS", "label": "others", "box": [40, 734, 271, 701], "linking": []}, {"id": 14, "text": "Drinks [Pack of 2] -", "label": "0 description beginning", "box": [38, 812, 337, 775], "linking": []}, {"id": 15, "text": "Masala Lemonade, Masala Lemonade", "label": "1 description inside", "box": [40, 851, 536, 821], "linking": []}, {"id": 16, "text": " \u00d7", "label": "others", "box": [796, 811, 829, 776], "linking": []}, {"id": 17, "text": " 05", "label": "e quantity", "box": [835, 810, 877, 775], "linking": []}, {"id": 18, "text": "\u5929 380", "label": "5 total price per item", "box": [953, 807, 1042, 777], "linking": []}, {"id": 19, "text": "Moong Dal Ka Halwa -", "label": "0 description beginning", "box": [37, 928, 396, 888], "linking": []}, {"id": 20, "text": " \u00d7", "label": "others", "box": [797, 925, 826, 889], "linking": []}, {"id": 21, "text": " 09", "label": "e quantity", "box": [832, 924, 875, 888], "linking": []}, {"id": 22, "text": "\u4e4f 612", "label": "5 total price per item", "box": [952, 922, 1041, 889], "linking": []}, {"id": 23, "text": " Paneer Makhni Meal", "label": "0 description beginning", "box": [39, 1040, 362, 1002], "linking": []}, {"id": 24, "text": "Chocolate Brownie (EGG), Rajma, Paratha + Rice [Half]", "label": "1 description inside", "box": [40, 1080, 744, 1047], "linking": []}, {"id": 25, "text": " -", "label": "others", "box": [368, 1040, 382, 1003], "linking": []}, {"id": 26, "text": " [ALLIN1]", "label": "0 description beginning", "box": [389, 1040, 533, 1003], "linking": []}, {"id": 27, "text": " \u00d7", "label": "others", "box": [796, 1037, 827, 1002], "linking": []}, {"id": 28, "text": " 09", "label": "e quantity", "box": [834, 1037, 878, 1002], "linking": []}, {"id": 29, "text": "\u5f55 2097", "label": "5 total price per item", "box": [932, 1037, 1040, 1003], "linking": []}, {"id": 30, "text": "23 Items", "label": "others", "box": [37, 1172, 177, 1140], "linking": []}, {"id": 31, "text": "SUB TOTAL \u20b9 3089", "label": "sub total", "box": [757, 1171, 1039, 1139], "linking": []}, {"id": 32, "text": "DISCOUNT (PRO8PASS)", "label": "others", "box": [41, 1268, 385, 1233], "linking": []}, {"id": 33, "text": "\u20b9 369.75", "label": "others", "box": [913, 1264, 1041, 1233], "linking": []}, {"id": 34, "text": "PACKAGING CHARGE", "label": "others", "box": [41, 1348, 354, 1315], "linking": []}, {"id": 35, "text": "\u5f55 10.0", "label": "others", "box": [947, 1347, 1040, 1316], "linking": []}, {"id": 36, "text": "CGST@2.5%", "label": "others", "box": [39, 1432, 221, 1399], "linking": []}, {"id": 37, "text": "\u20b9 68.23", "label": "2 tax total", "box": [930, 1431, 1040, 1398], "linking": []}, {"id": 38, "text": "SGST@2.5%", "label": "others", "box": [38, 1514, 219, 1482], "linking": []}, {"id": 39, "text": "\u20b9 68.23", "label": "2 tax total", "box": [931, 1513, 1039, 1483], "linking": []}, {"id": 40, "text": "TOTAL", "label": "others", "box": [41, 1609, 145, 1577], "linking": []}, {"id": 41, "text": "< 2866", "label": "total amount", "box": [935, 1611, 1040, 1579], "linking": []}, {"id": 42, "text": " Paid Via", "label": "others", "box": [28, 1741, 168, 1707], "linking": []}, {"id": 43, "text": " Paytm", "label": "others", "box": [182, 1742, 278, 1707], "linking": []}, {"id": 44, "text": "INVOICE", "label": "others", "box": [918, 1727, 1049, 1696], "linking": []}, {"id": 45, "text": "200", "label": "others", "box": [362, 1959, 390, 1945], "linking": []}, {"id": 46, "text": "Refer & Earn", "label": "others", "box": [520, 2057, 978, 1995], "linking": []}, {"id": 47, "text": "From each friend's 1st order.", "label": "others", "box": [574, 2091, 925, 2065], "linking": []}, {"id": 48, "text": "BOX 8", "label": "others", "box": [124, 2065, 207, 2020], "linking": []}, {"id": 49, "text": "\u20b9200", "label": "others", "box": [428, 2054, 453, 2038], "linking": []}, {"id": 50, "text": "You Get", "label": "others", "box": [539, 2147, 662, 2118], "linking": []}, {"id": 51, "text": "\u20b9200", "label": "others", "box": [520, 2216, 677, 2160], "linking": []}, {"id": 52, "text": "Your Friend Gets", "label": "others", "box": [756, 2147, 1011, 2118], "linking": []}, {"id": 53, "text": "\u20b9150 OFF", "label": "others", "box": [813, 2183, 947, 2154], "linking": []}, {"id": 54, "text": "+", "label": "others", "box": [878, 2202, 899, 2185], "linking": []}, {"id": 55, "text": "200", "label": "others", "box": [450, 2174, 465, 2154], "linking": []}, {"id": 56, "text": "\u20b9150.", "label": "others", "box": [801, 2218, 875, 2200], "linking": []}, {"id": 57, "text": "REORDER", "label": "others", "box": [454, 2296, 626, 2262], "linking": []}]