[{"id": 0, "text": "merchant name", "label": "others", "box": [237, 108, 282, 91], "linking": []}, {"id": 1, "text": "merchant address", "label": "others", "box": [233, 140, 313, 127], "linking": []}, {"id": 2, "text": "merchant address", "label": "others", "box": [218, 157, 330, 143], "linking": []}, {"id": 3, "text": "merchant address", "label": "others", "box": [229, 149, 318, 135], "linking": []}, {"id": 4, "text": " Phone:", "label": "others", "box": [227, 162, 260, 152], "linking": []}, {"id": 5, "text": "merchant phone", "label": "others", "box": [261, 165, 324, 154], "linking": []}, {"id": 6, "text": "Take Out", "label": "others", "box": [249, 192, 309, 176], "linking": []}, {"id": 7, "text": " Server:", "label": "others", "box": [164, 237, 202, 225], "linking": []}, {"id": 8, "text": "Check #232", "label": "others", "box": [164, 249, 215, 236], "linking": []}, {"id": 9, "text": " Chris M", "label": "others", "box": [203, 238, 241, 225], "linking": []}, {"id": 10, "text": "12/01/19", "label": "others", "box": [320, 239, 360, 227], "linking": []}, {"id": 11, "text": " 5:14 PM", "label": "others", "box": [323, 251, 359, 240], "linking": []}, {"id": 12, "text": "Cookie Dat", "label": "0 description beginning", "box": [164, 285, 215, 273], "linking": []}, {"id": 13, "text": "Blueberry Muffin", "label": "0 description beginning", "box": [165, 298, 246, 285], "linking": []}, {"id": 14, "text": "Latte", "label": "0 description beginning", "box": [164, 308, 191, 298], "linking": []}, {"id": 15, "text": "Regular", "label": "1 description inside", "box": [169, 321, 206, 310], "linking": []}, {"id": 16, "text": "Whole Milk", "label": "1 description inside", "box": [170, 333, 220, 321], "linking": []}, {"id": 17, "text": "$1.00", "label": "5 total price per item", "box": [333, 287, 357, 275], "linking": []}, {"id": 18, "text": "$3.99", "label": "5 total price per item", "box": [331, 298, 357, 287], "linking": []}, {"id": 19, "text": "$4.29", "label": "5 total price per item", "box": [331, 310, 357, 299], "linking": []}, {"id": 20, "text": "Subtotal", "label": "others", "box": [166, 357, 206, 345], "linking": []}, {"id": 21, "text": "Tax", "label": "others", "box": [167, 367, 181, 358], "linking": []}, {"id": 22, "text": "Total", "label": "others", "box": [166, 380, 190, 369], "linking": []}, {"id": 23, "text": "$9.28", "label": "sub total", "box": [330, 357, 355, 345], "linking": []}, {"id": 24, "text": "$0.43", "label": "2 tax total", "box": [329, 367, 355, 357], "linking": []}, {"id": 25, "text": "$9.71", "label": "total amount", "box": [329, 378, 353, 368], "linking": []}, {"id": 26, "text": "Input Type", "label": "others", "box": [165, 402, 215, 391], "linking": []}, {"id": 27, "text": " EXPRESS", "label": "others", "box": [208, 413, 243, 401], "linking": []}, {"id": 28, "text": "C (EMV Chip Read)", "label": "others", "box": [272, 401, 353, 388], "linking": []}, {"id": 29, "text": " AMERICAN", "label": "others", "box": [166, 413, 206, 402], "linking": []}, {"id": 30, "text": " Transaction", "label": "others", "box": [166, 437, 220, 425], "linking": []}, {"id": 31, "text": "Authorization", "label": "others", "box": [165, 449, 230, 437], "linking": []}, {"id": 32, "text": "Approval Code", "label": "others", "box": [165, 462, 230, 450], "linking": []}, {"id": 33, "text": "Payment ID", "label": "others", "box": [165, 475, 215, 461], "linking": []}, {"id": 34, "text": " Application", "label": "others", "box": [166, 488, 221, 474], "linking": []}, {"id": 35, "text": " Application", "label": "others", "box": [165, 500, 220, 486], "linking": []}, {"id": 36, "text": " Terminal", "label": "others", "box": [165, 513, 206, 499], "linking": []}, {"id": 37, "text": " Reader", "label": "others", "box": [188, 536, 220, 523], "linking": []}, {"id": 38, "text": " Type", "label": "others", "box": [223, 437, 243, 425], "linking": []}, {"id": 39, "text": "Sale", "label": "others", "box": [333, 434, 353, 424], "linking": []}, {"id": 40, "text": "Approved", "label": "others", "box": [314, 446, 354, 436], "linking": []}, {"id": 41, "text": "884489", "label": "others", "box": [325, 458, 354, 447], "linking": []}, {"id": 42, "text": "xLJww7fMCdch", "label": "others", "box": [295, 470, 355, 459], "linking": []}, {"id": 43, "text": "A000000025010801", "label": "others", "box": [277, 482, 354, 471], "linking": []}, {"id": 44, "text": " EXPRESS", "label": "others", "box": [320, 495, 356, 483], "linking": []}, {"id": 45, "text": "6b14c5ade9fdaa40", "label": "others", "box": [278, 507, 356, 495], "linking": []}, {"id": 46, "text": "033741785", "label": "others", "box": [312, 518, 355, 507], "linking": []}, {"id": 47, "text": "G SINGH", "label": "others", "box": [258, 544, 294, 532], "linking": []}, {"id": 48, "text": " ID", "label": "others", "box": [223, 485, 236, 473], "linking": []}, {"id": 49, "text": " Label", "label": "others", "box": [222, 498, 249, 485], "linking": []}, {"id": 50, "text": " AMERICAN", "label": "others", "box": [278, 495, 318, 484], "linking": []}, {"id": 51, "text": " ID", "label": "others", "box": [208, 511, 221, 499], "linking": []}, {"id": 52, "text": "Merchant ID", "label": "others", "box": [164, 525, 220, 510], "linking": []}, {"id": 53, "text": " Card", "label": "others", "box": [164, 537, 186, 525], "linking": []}, {"id": 54, "text": " Suggested Tip:", "label": "others", "box": [241, 606, 310, 593], "linking": []}, {"id": 55, "text": " (Tip $1.67 Total $11.38)", "label": "others", "box": [225, 620, 348, 604], "linking": []}, {"id": 56, "text": " (Tip $2.04 Total $11.75)", "label": "others", "box": [226, 642, 347, 626], "linking": []}, {"id": 57, "text": " 18%:", "label": "others", "box": [204, 621, 223, 608], "linking": []}, {"id": 58, "text": " 20%:", "label": "others", "box": [202, 632, 224, 620], "linking": []}, {"id": 59, "text": " 22%:", "label": "others", "box": [203, 642, 224, 631], "linking": []}, {"id": 60, "text": " (Tip $1.86 Total $11.57)", "label": "others", "box": [226, 631, 348, 614], "linking": []}]