[{"id": 0, "text": "Thank You For Visiting the", "label": "others", "box": [46, 78, 198, 50], "linking": []}, {"id": 1, "text": "Matthew Fraysier", "label": "others", "box": [73, 101, 169, 81], "linking": []}, {"id": 2, "text": "merchant phone", "label": "others", "box": [83, 132, 164, 110], "linking": []}, {"id": 3, "text": "Text ITIE to 99299", "label": "others", "box": [71, 166, 182, 141], "linking": []}, {"id": 4, "text": "merchant name", "label": "others", "box": [48, 91, 160, 67], "linking": []}, {"id": 5, "text": "General Manager", "label": "others", "box": [78, 118, 168, 97], "linking": []}, {"id": 6, "text": "we love Your Feedback!", "label": "others", "box": [61, 151, 191, 127], "linking": []}, {"id": 7, "text": "merchant name", "label": "others", "box": [162, 89, 197, 67], "linking": []}, {"id": 8, "text": " 0.99", "label": "others", "box": [16, 205, 37, 189], "linking": []}, {"id": 9, "text": "Larp Clamshell", "label": "0 description beginning", "box": [16, 221, 103, 203], "linking": []}, {"id": 10, "text": "Brownie", "label": "0 description beginning", "box": [17, 232, 57, 219], "linking": []}, {"id": 11, "text": "ater Aquaf Ina 20oz", "label": "0 description beginning", "box": [18, 255, 130, 234], "linking": []}, {"id": 12, "text": " lb", "label": "others", "box": [40, 204, 53, 188], "linking": []}, {"id": 13, "text": " x", "label": "others", "box": [55, 205, 66, 188], "linking": []}, {"id": 14, "text": " $ 7.68/16", "label": "others", "box": [68, 208, 126, 188], "linking": []}, {"id": 15, "text": "USD", "label": "others", "box": [232, 203, 253, 189], "linking": []}, {"id": 16, "text": "7.60", "label": "5 total price per item", "box": [229, 235, 253, 218], "linking": []}, {"id": 17, "text": "1.25", "label": "5 total price per item", "box": [231, 249, 255, 235], "linking": []}, {"id": 18, "text": "1.25", "label": "5 total price per item", "box": [232, 264, 257, 250], "linking": []}, {"id": 19, "text": "Sub Total", "label": "others", "box": [152, 292, 208, 274], "linking": []}, {"id": 20, "text": "Tax Amount", "label": "others", "box": [155, 308, 216, 291], "linking": []}, {"id": 21, "text": "10.10", "label": "sub total", "box": [227, 294, 259, 280], "linking": []}, {"id": 22, "text": "0.90", "label": "2 tax total", "box": [235, 310, 260, 295], "linking": []}, {"id": 23, "text": "otal USD", "label": "others", "box": [27, 351, 126, 326], "linking": []}, {"id": 24, "text": "11.00", "label": "total amount", "box": [205, 360, 262, 337], "linking": []}, {"id": 25, "text": "109 AMERICAN EXPRESS", "label": "others", "box": [31, 411, 151, 389], "linking": []}, {"id": 26, "text": "11.00", "label": "others", "box": [239, 416, 269, 402], "linking": []}, {"id": 27, "text": "8.975", "label": "others", "box": [41, 465, 79, 450], "linking": []}, {"id": 28, "text": " Taxable Amount", "label": "others", "box": [122, 457, 210, 440], "linking": []}, {"id": 29, "text": "10.10", "label": "sub total", "box": [176, 470, 206, 456], "linking": []}, {"id": 30, "text": " Tax", "label": "others", "box": [213, 458, 233, 443], "linking": []}, {"id": 31, "text": " Amount", "label": "others", "box": [236, 459, 271, 444], "linking": []}, {"id": 32, "text": "0.90", "label": "2 tax total", "box": [248, 472, 274, 459], "linking": []}, {"id": 33, "text": " 0/29/2019 01:49 PM #:27468 Op:4046 C:111", "label": "others", "box": [39, 514, 278, 494], "linking": []}, {"id": 34, "text": " erved you", "label": "others", "box": [40, 539, 98, 525], "linking": []}, {"id": 35, "text": " 04 S:", "label": "others", "box": [39, 523, 67, 509], "linking": []}, {"id": 36, "text": " 1111", "label": "others", "box": [69, 524, 95, 510], "linking": []}, {"id": 37, "text": " : Aniya Taylor", "label": "others", "box": [100, 540, 184, 525], "linking": []}, {"id": 38, "text": "*** Customer copy ***", "label": "others", "box": [93, 596, 216, 581], "linking": []}, {"id": 39, "text": "AMEX NY937 (4)", "label": "others", "box": [119, 624, 201, 610], "linking": []}, {"id": 40, "text": " agree to pay the above total amount", "label": "others", "box": [61, 640, 264, 625], "linking": []}, {"id": 41, "text": "according to card issuer", "label": "others", "box": [93, 653, 234, 639], "linking": []}, {"id": 42, "text": " greement . (Merchant agreement", "label": "others", "box": [53, 667, 218, 654], "linking": []}, {"id": 43, "text": " Voucher", "label": "others", "box": [65, 681, 105, 668], "linking": []}, {"id": 44, "text": " I", "label": "others", "box": [50, 639, 58, 625], "linking": []}, {"id": 45, "text": " if", "label": "others", "box": [220, 667, 233, 654], "linking": []}, {"id": 46, "text": " for", "label": "others", "box": [210, 681, 230, 668], "linking": []}, {"id": 47, "text": " Credit", "label": "others", "box": [235, 667, 272, 654], "linking": []}, {"id": 48, "text": " your", "label": "others", "box": [232, 682, 257, 669], "linking": []}, {"id": 49, "text": " )Retain this copy", "label": "others", "box": [108, 681, 208, 668], "linking": []}, {"id": 50, "text": "records.", "label": "others", "box": [144, 695, 190, 682], "linking": []}, {"id": 51, "text": "URCHASE / APPROVED", "label": "others", "box": [55, 723, 165, 710], "linking": []}, {"id": 52, "text": "MERICAN EXPRESS", "label": "others", "box": [57, 738, 148, 723], "linking": []}, {"id": 53, "text": "********** 1005", "label": "others", "box": [59, 752, 143, 738], "linking": []}, {"id": 54, "text": "HIP READ /", "label": "others", "box": [60, 767, 120, 752], "linking": []}, {"id": 55, "text": " 019/10/29 13:49:16", "label": "others", "box": [62, 797, 171, 779], "linking": []}, {"id": 56, "text": "ID", "label": "others", "box": [64, 810, 75, 798], "linking": []}, {"id": 57, "text": "**** 0033", "label": "others", "box": [246, 802, 292, 790], "linking": []}, {"id": 58, "text": "6634459", "label": "others", "box": [250, 815, 291, 802], "linking": []}, {"id": 59, "text": "S11111111104#27468297603", "label": "others", "box": [147, 834, 293, 815], "linking": []}, {"id": 60, "text": "EFERENCE", "label": "others", "box": [66, 840, 114, 824], "linking": []}, {"id": 61, "text": "JJTH CODE", "label": "others", "box": [66, 853, 115, 838], "linking": []}, {"id": 62, "text": "627219", "label": "others", "box": [258, 842, 292, 828], "linking": []}, {"id": 63, "text": "OTAL", "label": "others", "box": [69, 882, 96, 867], "linking": []}, {"id": 64, "text": "USD11.00", "label": "total amount", "box": [249, 870, 295, 855], "linking": []}, {"id": 65, "text": " RC:", "label": "others", "box": [71, 910, 93, 896], "linking": []}, {"id": 66, "text": " SI:", "label": "others", "box": [72, 925, 94, 911], "linking": []}, {"id": 67, "text": " AD:", "label": "others", "box": [75, 940, 95, 925], "linking": []}, {"id": 68, "text": " VR:", "label": "others", "box": [76, 954, 97, 939], "linking": []}, {"id": 69, "text": " ID:", "label": "others", "box": [78, 969, 99, 954], "linking": []}, {"id": 70, "text": " 00", "label": "others", "box": [95, 909, 111, 895], "linking": []}, {"id": 71, "text": " F600", "label": "others", "box": [96, 924, 124, 909], "linking": []}, {"id": 72, "text": " 0000008000", "label": "others", "box": [99, 952, 162, 935], "linking": []}, {"id": 73, "text": " 00", "label": "others", "box": [143, 978, 160, 964], "linking": []}, {"id": 74, "text": " 064A0103602002", "label": "others", "box": [97, 938, 185, 919], "linking": []}, {"id": 75, "text": " A000000025010801", "label": "others", "box": [101, 967, 198, 946], "linking": []}, {"id": 76, "text": " AN Seq No:", "label": "others", "box": [78, 983, 142, 965], "linking": []}]