[{"id": 0, "text": " el", "label": "others", "box": [5, 18, 17, 0], "linking": []}, {"id": 1, "text": " No.", "label": "others", "box": [20, 18, 42, 1], "linking": []}, {"id": 2, "text": " 19-8600670-D", "label": "others", "box": [32, 34, 112, 16], "linking": []}, {"id": 3, "text": " To Go", "label": "others", "box": [21, 62, 90, 34], "linking": []}, {"id": 4, "text": " 6910-1215", "label": "others", "box": [45, 22, 108, 2], "linking": []}, {"id": 5, "text": " No:", "label": "others", "box": [7, 34, 28, 13], "linking": []}, {"id": 6, "text": " )", "label": "others", "box": [94, 63, 109, 36], "linking": []}, {"id": 7, "text": "$5.90", "label": "others", "box": [137, 91, 171, 75], "linking": []}, {"id": 8, "text": "cRal", "label": "others", "box": [0, 116, 27, 102], "linking": []}, {"id": 9, "text": "$7.50", "label": "others", "box": [136, 120, 168, 106], "linking": []}, {"id": 10, "text": "G", "label": "others", "box": [3, 139, 15, 128], "linking": []}, {"id": 11, "text": "$6.80", "label": "others", "box": [131, 145, 164, 131], "linking": []}, {"id": 12, "text": "ashes", "label": "others", "box": [0, 166, 33, 154], "linking": []}, {"id": 13, "text": "$5.50", "label": "others", "box": [129, 171, 162, 157], "linking": []}, {"id": 14, "text": "\"les", "label": "others", "box": [2, 192, 23, 180], "linking": []}, {"id": 15, "text": "$3.60", "label": "others", "box": [125, 199, 161, 184], "linking": []}, {"id": 16, "text": " SGP", "label": "others", "box": [287, 206, 316, 180], "linking": []}, {"id": 17, "text": " .", "label": "others", "box": [321, 203, 344, 178], "linking": []}, {"id": 18, "text": " uinch - self", "label": "others", "box": [356, 207, 470, 177], "linking": []}, {"id": 19, "text": "(Inclusive SSI", "label": "others", "box": [12, 255, 101, 238], "linking": []}, {"id": 20, "text": "$29.30", "label": "2 tax total", "box": [118, 242, 157, 229], "linking": []}, {"id": 21, "text": "$1.92)", "label": "others", "box": [109, 255, 150, 243], "linking": []}, {"id": 22, "text": "$29.30", "label": "others", "box": [103, 294, 144, 280], "linking": []}, {"id": 23, "text": "merchant name", "label": "others", "box": [362, 340, 445, 286], "linking": []}, {"id": 24, "text": "merchant name", "label": "others", "box": [360, 364, 436, 347], "linking": []}, {"id": 25, "text": "COFFEE-FPS", "label": "others", "box": [2, 313, 72, 298], "linking": []}, {"id": 26, "text": "OF CONNEXES", "label": "others", "box": [1, 334, 77, 319], "linking": []}, {"id": 27, "text": "FOLES MAY", "label": "others", "box": [1, 322, 62, 310], "linking": []}, {"id": 28, "text": "1381532", "label": "others", "box": [4, 344, 47, 331], "linking": []}, {"id": 29, "text": " TID:", "label": "others", "box": [89, 390, 118, 374], "linking": []}, {"id": 30, "text": "merchant address", "label": "others", "box": [341, 405, 464, 390], "linking": []}, {"id": 31, "text": "merchant address", "label": "others", "box": [342, 435, 466, 416], "linking": []}, {"id": 32, "text": " GST No:", "label": "others", "box": [350, 449, 395, 435], "linking": []}, {"id": 33, "text": " INVOICE#:", "label": "others", "box": [31, 423, 97, 404], "linking": []}, {"id": 34, "text": " 01", "label": "others", "box": [99, 424, 117, 407], "linking": []}, {"id": 35, "text": "merchant address", "label": "others", "box": [311, 420, 489, 401], "linking": []}, {"id": 36, "text": " 200609290K", "label": "others", "box": [397, 448, 461, 432], "linking": []}, {"id": 37, "text": "RESS", "label": "others", "box": [0, 468, 30, 451], "linking": []}, {"id": 38, "text": "002", "label": "others", "box": [4, 484, 32, 468], "linking": []}, {"id": 39, "text": " Table:", "label": "others", "box": [281, 480, 321, 466], "linking": []}, {"id": 40, "text": " Bill. No:#0009585", "label": "others", "box": [280, 494, 384, 478], "linking": []}, {"id": 41, "text": " Closed Date:2019-11-16 16:25:58", "label": "others", "box": [280, 524, 477, 504], "linking": []}, {"id": 42, "text": " Closed By Staff:", "label": "others", "box": [281, 542, 383, 524], "linking": []}, {"id": 43, "text": " 1", "label": "others", "box": [324, 557, 337, 542], "linking": []}, {"id": 44, "text": " Carrot Chewy Dumpling", "label": "0 description beginning", "box": [298, 575, 437, 558], "linking": []}, {"id": 45, "text": "\u7ea2\u841d\u535c\u6216\u6c34\u89d2", "label": "1 description inside", "box": [303, 592, 369, 577], "linking": []}, {"id": 46, "text": " C3", "label": "others", "box": [323, 478, 340, 465], "linking": []}, {"id": 47, "text": " EN!", "label": "others", "box": [62, 503, 87, 487], "linking": []}, {"id": 48, "text": " TY", "label": "others", "box": [90, 504, 106, 487], "linking": []}, {"id": 49, "text": " SAP", "label": "others", "box": [593, 507, 637, 484], "linking": []}, {"id": 50, "text": "wirecard", "label": "others", "box": [593, 560, 748, 523], "linking": []}, {"id": 51, "text": "merchant name", "label": "others", "box": [622, 572, 645, 560], "linking": []}, {"id": 52, "text": "001-12/13/14", "label": "others", "box": [641, 592, 696, 580], "linking": []}, {"id": 53, "text": " lunch.", "label": "others", "box": [641, 507, 694, 484], "linking": []}, {"id": 54, "text": " se4", "label": "others", "box": [698, 509, 730, 486], "linking": []}, {"id": 55, "text": " Opened Date:2019-11-16 15:53:52", "label": "others", "box": [279, 509, 478, 490], "linking": []}, {"id": 56, "text": " masa@m", "label": "others", "box": [385, 539, 428, 524], "linking": []}, {"id": 57, "text": "6937578", "label": "others", "box": [0, 549, 54, 532], "linking": []}, {"id": 58, "text": "CA93708045", "label": "others", "box": [0, 566, 68, 549], "linking": []}, {"id": 59, "text": "008000", "label": "others", "box": [2, 580, 50, 565], "linking": []}, {"id": 60, "text": "025010801", "label": "others", "box": [2, 598, 67, 582], "linking": []}, {"id": 61, "text": " Cover:", "label": "others", "box": [281, 559, 322, 543], "linking": []}, {"id": 62, "text": " 1", "label": "e quantity", "box": [281, 576, 295, 561], "linking": []}, {"id": 63, "text": "5.50", "label": "5 total price per item", "box": [510, 568, 537, 555], "linking": []}, {"id": 64, "text": "merchant name", "label": "others", "box": [646, 572, 657, 560], "linking": []}, {"id": 65, "text": "merchant address", "label": "others", "box": [659, 575, 716, 560], "linking": []}, {"id": 66, "text": "merchant address", "label": "others", "box": [625, 583, 711, 568], "linking": []}, {"id": 67, "text": "merchant address", "label": "others", "box": [633, 602, 705, 589], "linking": []}, {"id": 68, "text": "DATE/TIME - 16/11/19", "label": "others", "box": [576, 619, 674, 605], "linking": []}, {"id": 69, "text": " TID:", "label": "others", "box": [577, 634, 600, 624], "linking": []}, {"id": 70, "text": " BATCH:", "label": "others", "box": [577, 642, 615, 633], "linking": []}, {"id": 71, "text": " ORDER", "label": "others", "box": [578, 651, 610, 640], "linking": []}, {"id": 72, "text": " SERIAL", "label": "others", "box": [579, 661, 618, 650], "linking": []}, {"id": 73, "text": " APR/AUTH CODE:", "label": "others", "box": [581, 672, 671, 659], "linking": []}, {"id": 74, "text": "CONTACTLESS SALE", "label": "others", "box": [609, 686, 734, 670], "linking": []}, {"id": 75, "text": "376536 ****** 002", "label": "others", "box": [658, 700, 766, 686], "linking": []}, {"id": 76, "text": "ENT EXPRESS", "label": "others", "box": [704, 709, 766, 698], "linking": []}, {"id": 77, "text": "6.00", "label": "5 total price per item", "box": [511, 601, 537, 587], "linking": []}, {"id": 78, "text": "1", "label": "e quantity", "box": [284, 606, 290, 596], "linking": []}, {"id": 79, "text": "Four Seasons Spring Roll", "label": "0 description beginning", "box": [298, 608, 455, 589], "linking": []}, {"id": 80, "text": "\u56db\u5b63\u8c46\u6625\u5377", "label": "1 description inside", "box": [302, 625, 360, 609], "linking": []}, {"id": 81, "text": "Special Crab Meat Sauce", "label": "0 description beginning", "box": [299, 642, 449, 623], "linking": []}, {"id": 82, "text": "Linguine", "label": "1 description inside", "box": [306, 658, 361, 643], "linking": []}, {"id": 83, "text": "Cream Snapper Fish & Chips", "label": "0 description beginning", "box": [301, 676, 469, 656], "linking": []}, {"id": 84, "text": " MID:", "label": "others", "box": [577, 625, 600, 615], "linking": []}, {"id": 85, "text": " 9800584625", "label": "others", "box": [602, 627, 669, 615], "linking": []}, {"id": 86, "text": " 37235652", "label": "others", "box": [602, 634, 657, 625], "linking": []}, {"id": 87, "text": " 16:26:01", "label": "others", "box": [711, 621, 753, 611], "linking": []}, {"id": 88, "text": " INV:", "label": "others", "box": [692, 636, 716, 626], "linking": []}, {"id": 89, "text": " TRACE", "label": "others", "box": [682, 644, 713, 634], "linking": []}, {"id": 90, "text": " : 8600.00.05_D.0,3", "label": "others", "box": [620, 664, 732, 651], "linking": []}, {"id": 91, "text": " 860570", "label": "others", "box": [673, 673, 715, 662], "linking": []}, {"id": 92, "text": "22.00", "label": "5 total price per item", "box": [504, 633, 539, 620], "linking": []}, {"id": 93, "text": " 004534", "label": "others", "box": [717, 636, 758, 627], "linking": []}, {"id": 94, "text": " : 005298", "label": "others", "box": [715, 646, 760, 635], "linking": []}, {"id": 95, "text": "1", "label": "e quantity", "box": [283, 640, 290, 629], "linking": []}, {"id": 96, "text": " 000085", "label": "others", "box": [617, 642, 658, 634], "linking": []}, {"id": 97, "text": " : 004534-000085005298", "label": "others", "box": [612, 654, 743, 641], "linking": []}, {"id": 98, "text": "18.00", "label": "5 total price per item", "box": [508, 668, 541, 654], "linking": []}, {"id": 99, "text": "6.50", "label": "5 total price per item", "box": [512, 686, 542, 672], "linking": []}, {"id": 100, "text": "6.5", "label": "5 total price per item", "box": [514, 703, 537, 689], "linking": []}, {"id": 101, "text": "7.50", "label": "5 total price per item", "box": [516, 719, 542, 706], "linking": []}, {"id": 102, "text": "QUIRED", "label": "others", "box": [1, 680, 42, 662], "linking": []}, {"id": 103, "text": "Success", "label": "others", "box": [0, 698, 49, 680], "linking": []}, {"id": 104, "text": "1", "label": "e quantity", "box": [279, 692, 294, 681], "linking": []}, {"id": 105, "text": "Jasmine with Apple & Plum", "label": "0 description beginning", "box": [295, 694, 465, 672], "linking": []}, {"id": 106, "text": "Orange Yuzu", "label": "0 description beginning", "box": [295, 711, 375, 694], "linking": []}, {"id": 107, "text": " Roselle Jujube with Aloe", "label": "0 description beginning", "box": [300, 728, 460, 709], "linking": []}, {"id": 108, "text": "Vera-Cold", "label": "1 description inside", "box": [306, 746, 367, 730], "linking": []}, {"id": 109, "text": "AMEX", "label": "others", "box": [582, 693, 613, 683], "linking": []}, {"id": 110, "text": " FXP DATE", "label": "others", "box": [581, 704, 626, 693], "linking": []}, {"id": 111, "text": " REF NUM:113216942435", "label": "others", "box": [581, 716, 694, 702], "linking": []}, {"id": 112, "text": "BASE", "label": "others", "box": [581, 734, 618, 718], "linking": []}, {"id": 113, "text": "TOTAL", "label": "others", "box": [581, 761, 624, 744], "linking": []}, {"id": 114, "text": " :** / **", "label": "others", "box": [627, 705, 659, 694], "linking": []}, {"id": 115, "text": " 1", "label": "e quantity", "box": [281, 728, 293, 715], "linking": []}, {"id": 116, "text": "S", "label": "others", "box": [643, 737, 664, 721], "linking": []}, {"id": 117, "text": " : S$", "label": "others", "box": [634, 763, 668, 745], "linking": []}, {"id": 118, "text": "SIGN - NO SIGNATURE REQUIRED --", "label": "others", "box": [575, 791, 758, 774], "linking": []}, {"id": 119, "text": "ACCORDING TO THE CARD ISSUER AGREEMENT,", "label": "others", "box": [582, 807, 754, 793], "linking": []}, {"id": 120, "text": "84.74", "label": "total amount", "box": [727, 739, 764, 724], "linking": []}, {"id": 121, "text": "84.74", "label": "total amount", "box": [725, 765, 766, 749], "linking": []}, {"id": 122, "text": "E TOTAL AMOUNT", "label": "others", "box": [0, 747, 91, 727], "linking": []}, {"id": 123, "text": "GUER AGREEMENT", "label": "others", "box": [0, 764, 92, 743], "linking": []}, {"id": 124, "text": "PY *****", "label": "others", "box": [0, 792, 54, 778], "linking": []}, {"id": 125, "text": " Subtotal:", "label": "others", "box": [419, 774, 479, 759], "linking": []}, {"id": 126, "text": " SVC CHARGE:", "label": "others", "box": [407, 793, 481, 776], "linking": []}, {"id": 127, "text": " GST:", "label": "others", "box": [453, 807, 478, 794], "linking": []}, {"id": 128, "text": "72.00", "label": "sub total", "box": [512, 773, 546, 758], "linking": []}, {"id": 129, "text": "7.20", "label": "others", "box": [517, 790, 547, 775], "linking": []}, {"id": 130, "text": "5.54", "label": "2 tax total", "box": [518, 806, 547, 793], "linking": []}, {"id": 131, "text": " I", "label": "others", "box": [587, 794, 594, 784], "linking": []}, {"id": 132, "text": " AGREE TO PAY THE ABOVE TOTAL AMOUNT", "label": "others", "box": [596, 799, 755, 785], "linking": []}, {"id": 133, "text": "**** CUSTOMER COPY ***", "label": "others", "box": [604, 814, 731, 802], "linking": []}, {"id": 134, "text": " Total:", "label": "others", "box": [441, 842, 480, 828], "linking": []}, {"id": 135, "text": " Amex:", "label": "others", "box": [446, 859, 480, 846], "linking": []}, {"id": 136, "text": " Change:", "label": "others", "box": [435, 879, 482, 864], "linking": []}, {"id": 137, "text": "84.74", "label": "total amount", "box": [514, 843, 549, 827], "linking": []}, {"id": 138, "text": "84.74", "label": "others", "box": [513, 860, 547, 846], "linking": []}, {"id": 139, "text": "0.00", "label": "others", "box": [520, 878, 549, 864], "linking": []}, {"id": 140, "text": "G51.", "label": "others", "box": [6, 906, 34, 890], "linking": []}, {"id": 141, "text": "Chase", "label": "others", "box": [3, 923, 44, 908], "linking": []}, {"id": 142, "text": "s Card", "label": "others", "box": [1, 940, 46, 924], "linking": []}, {"id": 143, "text": "Thank you! Please come again.", "label": "others", "box": [321, 917, 513, 898], "linking": []}]