[{"id": 0, "text": "merchant name", "label": "others", "box": [132, 169, 262, 138], "linking": []}, {"id": 1, "text": "merchant address", "label": "others", "box": [186, 204, 356, 170], "linking": []}, {"id": 2, "text": "merchant address", "label": "others", "box": [95, 240, 446, 206], "linking": []}, {"id": 3, "text": "merchant address", "label": "others", "box": [271, 169, 420, 134], "linking": []}, {"id": 4, "text": "CHK 682547", "label": "others", "box": [208, 308, 343, 279], "linking": []}, {"id": 5, "text": " 11/29/2019 07:09 PM", "label": "others", "box": [149, 347, 394, 313], "linking": []}, {"id": 6, "text": " 1 Reg:", "label": "others", "box": [326, 380, 420, 348], "linking": []}, {"id": 7, "text": "2652503", "label": "others", "box": [94, 378, 189, 349], "linking": []}, {"id": 8, "text": " Drawer:", "label": "others", "box": [218, 381, 320, 349], "linking": []}, {"id": 9, "text": " 4", "label": "others", "box": [425, 379, 448, 347], "linking": []}, {"id": 10, "text": "Gr Cappuccino", "label": "0 description beginning", "box": [56, 454, 228, 421], "linking": []}, {"id": 11, "text": "4.75", "label": "5 total price per item", "box": [417, 450, 472, 420], "linking": []}, {"id": 12, "text": "Amex", "label": "others", "box": [58, 521, 114, 495], "linking": []}, {"id": 13, "text": "XXXXXXXXXXXX1009", "label": "others", "box": [59, 556, 268, 527], "linking": []}, {"id": 14, "text": " TAP CHIP", "label": "others", "box": [212, 593, 318, 560], "linking": []}, {"id": 15, "text": " PURCHASE", "label": "others", "box": [209, 627, 319, 595], "linking": []}, {"id": 16, "text": " 00000152", "label": "others", "box": [221, 659, 330, 629], "linking": []}, {"id": 17, "text": " AMERICAN EXPRESS", "label": "others", "box": [195, 695, 407, 663], "linking": []}, {"id": 18, "text": " 809378", "label": "others", "box": [156, 732, 242, 699], "linking": []}, {"id": 19, "text": " A000000025010801", "label": "others", "box": [119, 766, 331, 734], "linking": []}, {"id": 20, "text": " 0010008000", "label": "others", "box": [115, 802, 254, 769], "linking": []}, {"id": 21, "text": " E800", "label": "others", "box": [115, 837, 176, 805], "linking": []}, {"id": 22, "text": "5.17", "label": "others", "box": [416, 522, 470, 492], "linking": []}, {"id": 23, "text": " Card Entry:", "label": "others", "box": [57, 594, 206, 562], "linking": []}, {"id": 24, "text": " Trans Type:", "label": "others", "box": [61, 628, 204, 597], "linking": []}, {"id": 25, "text": " Reference #:", "label": "others", "box": [58, 663, 215, 631], "linking": []}, {"id": 26, "text": " App Label:", "label": "others", "box": [58, 699, 189, 665], "linking": []}, {"id": 27, "text": " Auth #:", "label": "others", "box": [59, 735, 151, 701], "linking": []}, {"id": 28, "text": " AID:", "label": "others", "box": [57, 768, 114, 739], "linking": []}, {"id": 29, "text": " TVR:", "label": "others", "box": [57, 802, 110, 771], "linking": []}, {"id": 30, "text": " TSI:", "label": "others", "box": [57, 839, 110, 807], "linking": []}, {"id": 31, "text": "Subtotal", "label": "others", "box": [55, 906, 160, 877], "linking": []}, {"id": 32, "text": "Tax 8.875%", "label": "others", "box": [55, 942, 189, 912], "linking": []}, {"id": 33, "text": "Total", "label": "others", "box": [53, 976, 121, 948], "linking": []}, {"id": 34, "text": "Change Due", "label": "others", "box": [12, 1014, 278, 984], "linking": []}, {"id": 35, "text": "$4.75", "label": "sub total", "box": [393, 907, 458, 875], "linking": []}, {"id": 36, "text": "$0.42", "label": "2 tax total", "box": [393, 941, 461, 911], "linking": []}, {"id": 37, "text": "$5.17", "label": "total amount", "box": [392, 976, 461, 947], "linking": []}, {"id": 38, "text": "$0.00", "label": "others", "box": [405, 1013, 536, 983], "linking": []}, {"id": 39, "text": "--", "label": "others", "box": [136, 1076, 166, 1059], "linking": []}, {"id": 40, "text": " 11/29/2019 07:09 PM", "label": "others", "box": [151, 1118, 399, 1083], "linking": []}, {"id": 41, "text": "Check Closed", "label": "others", "box": [173, 1082, 335, 1048], "linking": []}, {"id": 42, "text": ".Inin our lovaltv program", "label": "others", "box": [127, 1279, 435, 1256], "linking": []}]