[{"id": 0, "text": "merchant name", "label": "others", "box": [186, 124, 478, 81], "linking": []}, {"id": 1, "text": "merchant address", "label": "others", "box": [171, 188, 487, 145], "linking": []}, {"id": 2, "text": "CHK 714745", "label": "others", "box": [264, 243, 391, 210], "linking": []}, {"id": 3, "text": "merchant address", "label": "others", "box": [248, 152, 413, 112], "linking": []}, {"id": 4, "text": " 11/17/2019 07:37 PM", "label": "others", "box": [202, 278, 441, 240], "linking": []}, {"id": 5, "text": "2239433", "label": "others", "box": [148, 313, 238, 278], "linking": []}, {"id": 6, "text": " Drawer:", "label": "others", "box": [266, 308, 363, 273], "linking": []}, {"id": 7, "text": " 1 Reg:", "label": "others", "box": [369, 305, 462, 272], "linking": []}, {"id": 8, "text": " 1", "label": "others", "box": [468, 304, 482, 272], "linking": []}, {"id": 9, "text": "Vt Latte", "label": "0 description beginning", "box": [110, 372, 208, 344], "linking": []}, {"id": 10, "text": "5.25", "label": "5 total price per item", "box": [448, 363, 503, 338], "linking": []}, {"id": 11, "text": "Amex", "label": "others", "box": [104, 432, 155, 410], "linking": []}, {"id": 12, "text": "XXXXXXXXXXXX1002", "label": "others", "box": [99, 462, 299, 433], "linking": []}, {"id": 13, "text": " TAP CHIP", "label": "others", "box": [242, 492, 345, 461], "linking": []}, {"id": 14, "text": " PURCHASE", "label": "others", "box": [237, 520, 343, 492], "linking": []}, {"id": 15, "text": " 00000177", "label": "others", "box": [247, 549, 354, 522], "linking": []}, {"id": 16, "text": " AMERICAN EXPRESS", "label": "others", "box": [219, 580, 422, 552], "linking": []}, {"id": 17, "text": " 867796", "label": "others", "box": [179, 611, 260, 585], "linking": []}, {"id": 18, "text": " A000000025010801", "label": "others", "box": [140, 641, 343, 615], "linking": []}, {"id": 19, "text": " 0010008000", "label": "others", "box": [139, 671, 264, 646], "linking": []}, {"id": 20, "text": " E800", "label": "others", "box": [137, 699, 190, 675], "linking": []}, {"id": 21, "text": "5.72", "label": "others", "box": [441, 426, 497, 400], "linking": []}, {"id": 22, "text": " Card Entry:", "label": "others", "box": [94, 494, 237, 462], "linking": []}, {"id": 23, "text": " Trans Type:", "label": "others", "box": [94, 521, 233, 494], "linking": []}, {"id": 24, "text": " Reference #:", "label": "others", "box": [88, 551, 243, 524], "linking": []}, {"id": 25, "text": " App Label:", "label": "others", "box": [86, 582, 214, 554], "linking": []}, {"id": 26, "text": " Auth #:", "label": "others", "box": [84, 611, 175, 586], "linking": []}, {"id": 27, "text": " AID:", "label": "others", "box": [83, 641, 136, 616], "linking": []}, {"id": 28, "text": " TVR:", "label": "others", "box": [84, 670, 135, 646], "linking": []}, {"id": 29, "text": " TSI:", "label": "others", "box": [81, 699, 133, 675], "linking": []}, {"id": 30, "text": "Subtotal", "label": "others", "box": [76, 756, 174, 731], "linking": []}, {"id": 31, "text": "Tax 8.875%", "label": "others", "box": [74, 785, 195, 761], "linking": []}, {"id": 32, "text": "Total", "label": "others", "box": [70, 814, 131, 790], "linking": []}, {"id": 33, "text": "Change Due", "label": "others", "box": [33, 847, 270, 818], "linking": []}, {"id": 34, "text": "$5.25", "label": "sub total", "box": [389, 761, 452, 735], "linking": []}, {"id": 35, "text": "$0.47", "label": "2 tax total", "box": [386, 793, 450, 763], "linking": []}, {"id": 36, "text": "$5.72", "label": "total amount", "box": [382, 819, 446, 793], "linking": []}, {"id": 37, "text": "$0.00", "label": "others", "box": [391, 850, 512, 822], "linking": []}, {"id": 38, "text": "Check Closed", "label": "others", "box": [169, 901, 316, 877], "linking": []}, {"id": 39, "text": " 11/17/2019 07:37 PM", "label": "others", "box": [147, 930, 374, 903], "linking": []}, {"id": 40, "text": "--", "label": "others", "box": [316, 900, 353, 882], "linking": []}, {"id": 41, "text": "Invaltv program", "label": "others", "box": [212, 1079, 403, 1047], "linking": []}]