[{"id": 0, "text": "merchant name", "label": "others", "box": [691, 482, 976, 431], "linking": []}, {"id": 1, "text": "merchant address", "label": "others", "box": [666, 533, 1032, 484], "linking": []}, {"id": 2, "text": "merchant address", "label": "others", "box": [615, 591, 1081, 534], "linking": []}, {"id": 3, "text": "merchant phone", "label": "others", "box": [674, 647, 1005, 589], "linking": []}, {"id": 4, "text": "rt of asserl 11/15/2019", "label": "others", "box": [715, 709, 1403, 648], "linking": []}, {"id": 5, "text": " 2:14 PM", "label": "others", "box": [1212, 766, 1406, 712], "linking": []}, {"id": 6, "text": "40046", "label": "others", "box": [1275, 828, 1409, 775], "linking": []}, {"id": 7, "text": "noteu?", "label": "others", "box": [1046, 538, 1226, 489], "linking": []}, {"id": 8, "text": " Host:", "label": "others", "box": [294, 720, 438, 665], "linking": []}, {"id": 9, "text": "70 BIN", "label": "others", "box": [299, 779, 460, 725], "linking": []}, {"id": 10, "text": " Stephanie", "label": "others", "box": [447, 719, 696, 661], "linking": []}, {"id": 11, "text": "Shroom Burger", "label": "0 description beginning", "box": [292, 977, 640, 919], "linking": []}, {"id": 12, "text": "7.49", "label": "5 total price per item", "box": [1302, 958, 1418, 901], "linking": []}, {"id": 13, "text": "Subtotal", "label": "others", "box": [278, 1097, 499, 1042], "linking": []}, {"id": 14, "text": "Tax", "label": "others", "box": [274, 1160, 363, 1108], "linking": []}, {"id": 15, "text": "7.49", "label": "sub total", "box": [1310, 1088, 1424, 1034], "linking": []}, {"id": 16, "text": "0.66", "label": "2 tax total", "box": [1313, 1148, 1430, 1093], "linking": []}, {"id": 17, "text": "To Go Total", "label": "others", "box": [265, 1297, 871, 1229], "linking": []}, {"id": 18, "text": "8.15", "label": "total amount", "box": [1211, 1286, 1441, 1219], "linking": []}, {"id": 19, "text": "Amex #XXXXXXXXXXX1002", "label": "others", "box": [243, 1432, 1339, 1350], "linking": []}, {"id": 20, "text": "rolq lwol ol/", "label": "others", "box": [650, 1519, 1134, 1433], "linking": []}, {"id": 21, "text": "8.15", "label": "others", "box": [1335, 1425, 1458, 1364], "linking": []}, {"id": 22, "text": " Auth:555127", "label": "others", "box": [295, 1502, 622, 1439], "linking": []}, {"id": 23, "text": "How'd We Do?", "label": "others", "box": [662, 1720, 1038, 1653], "linking": []}, {"id": 24, "text": "shakeshack.com/feedback", "label": "others", "box": [474, 1807, 1200, 1732], "linking": []}, {"id": 25, "text": "--- Check Closed ---", "label": "others", "box": [536, 1973, 1175, 1900], "linking": []}, {"id": 26, "text": "NOAHE", "label": "others", "box": [375, 2050, 801, 1939], "linking": []}, {"id": 27, "text": "UNAHZ", "label": "others", "box": [1042, 2055, 1406, 1943], "linking": []}]