[{"id": 0, "text": "merchant name", "label": "others", "box": [669, 269, 1066, 203], "linking": []}, {"id": 1, "text": "merchant address", "label": "others", "box": [695, 337, 1041, 278], "linking": []}, {"id": 2, "text": "merchant address", "label": "others", "box": [598, 405, 1144, 341], "linking": []}, {"id": 3, "text": "1030 Yasmin A", "label": "others", "box": [395, 534, 730, 474], "linking": []}, {"id": 4, "text": "Chk 1579", "label": "others", "box": [366, 660, 581, 605], "linking": []}, {"id": 5, "text": "CLAIRE", "label": "others", "box": [825, 662, 979, 609], "linking": []}, {"id": 6, "text": " Nov12'19 07:24AM", "label": "others", "box": [671, 726, 1080, 672], "linking": []}, {"id": 7, "text": " Gst", "label": "others", "box": [1222, 661, 1324, 608], "linking": []}, {"id": 8, "text": " 0", "label": "others", "box": [1346, 661, 1386, 608], "linking": []}, {"id": 9, "text": " 1", "label": "e quantity", "box": [426, 853, 458, 801], "linking": []}, {"id": 10, "text": " Brk Burrito", "label": "0 description beginning", "box": [467, 853, 752, 801], "linking": []}, {"id": 11, "text": "Veggie", "label": "1 description inside", "box": [528, 914, 677, 863], "linking": []}, {"id": 12, "text": "XXXXXXXXXXX1000", "label": "others", "box": [447, 972, 827, 920], "linking": []}, {"id": 13, "text": "Amex", "label": "others", "box": [473, 1032, 578, 985], "linking": []}, {"id": 14, "text": "10.17", "label": "5 total price per item", "box": [1178, 850, 1299, 799], "linking": []}, {"id": 15, "text": "11.33", "label": "others", "box": [1178, 1032, 1302, 981], "linking": []}, {"id": 16, "text": "Subtotal", "label": "others", "box": [469, 1155, 672, 1103], "linking": []}, {"id": 17, "text": "Tax", "label": "others", "box": [473, 1213, 558, 1165], "linking": []}, {"id": 18, "text": "2% ee srchg", "label": "others", "box": [469, 1280, 754, 1226], "linking": []}, {"id": 19, "text": "Payment", "label": "others", "box": [469, 1341, 653, 1286], "linking": []}, {"id": 20, "text": "-- 1030 Check Closed-", "label": "others", "box": [609, 1403, 1102, 1351], "linking": []}, {"id": 21, "text": " -Nov12'19 07:24AM -----", "label": "others", "box": [653, 1467, 1214, 1412], "linking": []}, {"id": 22, "text": "10.17", "label": "sub total", "box": [1179, 1153, 1302, 1101], "linking": []}, {"id": 23, "text": "0.96", "label": "2 tax total", "box": [1193, 1214, 1299, 1163], "linking": []}, {"id": 24, "text": "0.20", "label": "others", "box": [1193, 1278, 1302, 1227], "linking": []}, {"id": 25, "text": "11.33", "label": "total amount", "box": [1178, 1341, 1306, 1287], "linking": []}, {"id": 26, "text": "---", "label": "others", "box": [1124, 1395, 1187, 1362], "linking": []}, {"id": 27, "text": "- - -- -", "label": "others", "box": [369, 1452, 484, 1430], "linking": []}, {"id": 28, "text": "If we did or did not exceed your", "label": "others", "box": [463, 1594, 1281, 1531], "linking": []}, {"id": 29, "text": "expectations, we would like to", "label": "others", "box": [470, 1648, 1228, 1592], "linking": []}, {"id": 30, "text": "hear from you. Please call", "label": "others", "box": [468, 1706, 1126, 1650], "linking": []}, {"id": 31, "text": "800-426-5971 x1021 or email", "label": "others", "box": [467, 1766, 1147, 1711], "linking": []}, {"id": 32, "text": "72@hbfcares.com", "label": "others", "box": [473, 1827, 851, 1773], "linking": []}, {"id": 33, "text": "text 510-473-5971", "label": "others", "box": [469, 1887, 893, 1832], "linking": []}]