[{"id": 0, "text": "merchant name", "label": "others", "box": [358, 257, 1053, 181], "linking": []}, {"id": 1, "text": "merchant address", "label": "others", "box": [475, 364, 903, 300], "linking": []}, {"id": 2, "text": "Game Room", "label": "others", "box": [572, 414, 801, 365], "linking": []}, {"id": 3, "text": " Nov11'19 08:26PM", "label": "others", "box": [600, 473, 1009, 413], "linking": []}, {"id": 4, "text": "Amex", "label": "others", "box": [595, 528, 702, 485], "linking": []}, {"id": 5, "text": "XXXXXXXXXXX1009", "label": "others", "box": [593, 590, 985, 533], "linking": []}, {"id": 6, "text": " KEYED", "label": "others", "box": [589, 657, 727, 604], "linking": []}, {"id": 7, "text": " PURCHASE", "label": "others", "box": [589, 720, 805, 661], "linking": []}, {"id": 8, "text": "merchant address", "label": "others", "box": [456, 306, 951, 246], "linking": []}, {"id": 9, "text": " Date:", "label": "others", "box": [300, 485, 425, 436], "linking": []}, {"id": 10, "text": " Card Type:", "label": "others", "box": [296, 542, 547, 488], "linking": []}, {"id": 11, "text": " Acct #:", "label": "others", "box": [300, 602, 471, 546], "linking": []}, {"id": 12, "text": " Card Entry:", "label": "others", "box": [294, 665, 579, 606], "linking": []}, {"id": 13, "text": " Trans Type:", "label": "others", "box": [293, 724, 580, 666], "linking": []}, {"id": 14, "text": " Trans Key:", "label": "others", "box": [292, 783, 567, 730], "linking": []}, {"id": 15, "text": " Auth Code:", "label": "others", "box": [292, 847, 553, 794], "linking": []}, {"id": 16, "text": " Check:", "label": "others", "box": [285, 909, 440, 855], "linking": []}, {"id": 17, "text": " Table:", "label": "others", "box": [284, 969, 437, 917], "linking": []}, {"id": 18, "text": " Check ID:", "label": "others", "box": [284, 1036, 518, 980], "linking": []}, {"id": 19, "text": " Server", "label": "others", "box": [282, 1099, 428, 1047], "linking": []}, {"id": 20, "text": " GIG010604222009", "label": "others", "box": [588, 782, 985, 716], "linking": []}, {"id": 21, "text": "103534", "label": "others", "box": [584, 845, 755, 792], "linking": []}, {"id": 22, "text": "9284", "label": "others", "box": [599, 906, 702, 855], "linking": []}, {"id": 23, "text": "24D/1", "label": "others", "box": [592, 968, 725, 915], "linking": []}, {"id": 24, "text": "2593 Jesse M", "label": "others", "box": [589, 1091, 908, 1034], "linking": []}, {"id": 25, "text": " :", "label": "others", "box": [437, 1099, 466, 1050], "linking": []}, {"id": 26, "text": " Subtotal:", "label": "others", "box": [279, 1226, 508, 1169], "linking": []}, {"id": 27, "text": "179.52", "label": "sub total", "box": [752, 1212, 1073, 1141], "linking": []}, {"id": 28, "text": "30. 52", "label": "3 tip", "box": [779, 1312, 1073, 1211], "linking": []}, {"id": 29, "text": "209. 52", "label": "total amount", "box": [573, 1467, 1070, 1355], "linking": []}, {"id": 30, "text": " Gratuity:", "label": "others", "box": [275, 1357, 513, 1301], "linking": []}, {"id": 31, "text": " Total:", "label": "others", "box": [264, 1487, 426, 1430], "linking": []}, {"id": 32, "text": "Signature", "label": "others", "box": [264, 1694, 513, 1635], "linking": []}, {"id": 33, "text": "I agree to pay above total", "label": "others", "box": [265, 1765, 979, 1697], "linking": []}, {"id": 34, "text": "according to my card issuer", "label": "others", "box": [266, 1836, 1007, 1773], "linking": []}, {"id": 35, "text": "agreement .", "label": "others", "box": [261, 1904, 530, 1846], "linking": []}, {"id": 36, "text": "* * * * Merchant Copy * * * *", "label": "others", "box": [254, 2047, 1083, 1989], "linking": []}]