[{"id": 0, "text": "merchant name", "label": "others", "box": [305, 122, 534, 68], "linking": []}, {"id": 1, "text": " :", "label": "others", "box": [519, 143, 530, 121], "linking": []}, {"id": 2, "text": "merchant name", "label": "others", "box": [313, 143, 515, 115], "linking": []}, {"id": 3, "text": "merchant address", "label": "others", "box": [120, 201, 630, 163], "linking": []}, {"id": 4, "text": " 11/11/2019 03:14 PM EXPIRES 02/09/20", "label": "others", "box": [124, 226, 644, 187], "linking": []}, {"id": 5, "text": "GROCERY", "label": "others", "box": [58, 345, 162, 317], "linking": []}, {"id": 6, "text": "071091413", "label": "others", "box": [57, 371, 191, 343], "linking": []}, {"id": 7, "text": "211080052", "label": "others", "box": [54, 398, 192, 370], "linking": []}, {"id": 8, "text": "OREO COOKIES", "label": "0 description beginning", "box": [289, 377, 465, 347], "linking": []}, {"id": 9, "text": " MP", "label": "0 description beginning", "box": [284, 427, 321, 399], "linking": []}, {"id": 10, "text": "FN", "label": "others", "box": [484, 378, 519, 353], "linking": []}, {"id": 11, "text": "FN", "label": "others", "box": [483, 401, 522, 377], "linking": []}, {"id": 12, "text": "FN", "label": "others", "box": [485, 425, 518, 400], "linking": []}, {"id": 13, "text": "$2.99", "label": "5 total price per item", "box": [571, 379, 644, 353], "linking": []}, {"id": 14, "text": "$2.50", "label": "5 total price per item", "box": [570, 405, 644, 379], "linking": []}, {"id": 15, "text": "$1.49", "label": "5 total price per item", "box": [569, 431, 642, 405], "linking": []}, {"id": 16, "text": "261070170", "label": "others", "box": [54, 424, 190, 395], "linking": []}, {"id": 17, "text": "NAKED", "label": "0 description beginning", "box": [287, 401, 362, 374], "linking": []}, {"id": 18, "text": " DRIED FRT", "label": "0 description beginning", "box": [326, 429, 460, 400], "linking": []}, {"id": 19, "text": "HEALTH-BEAUTY-COSMETICS", "label": "others", "box": [53, 478, 391, 448], "linking": []}, {"id": 20, "text": "DRAMAMINE", "label": "0 description beginning", "box": [283, 505, 418, 477], "linking": []}, {"id": 21, "text": "094010545", "label": "others", "box": [52, 502, 190, 474], "linking": []}, {"id": 22, "text": "T", "label": "others", "box": [483, 515, 518, 479], "linking": []}, {"id": 23, "text": "SUBTOTAL", "label": "others", "box": [397, 559, 516, 530], "linking": []}, {"id": 24, "text": "$3.99", "label": "others", "box": [441, 584, 516, 558], "linking": []}, {"id": 25, "text": "$3.99", "label": "5 total price per item", "box": [570, 509, 643, 481], "linking": []}, {"id": 26, "text": " T = AZ TAX", "label": "others", "box": [87, 581, 243, 552], "linking": []}, {"id": 27, "text": "tideb fepist Hifiw min top", "label": "others", "box": [65, 618, 438, 581], "linking": []}, {"id": 28, "text": " tel", "label": "others", "box": [132, 653, 201, 623], "linking": []}, {"id": 29, "text": " 8.6000% on", "label": "others", "box": [254, 584, 407, 553], "linking": []}, {"id": 30, "text": "$10.97", "label": "sub total", "box": [555, 558, 643, 532], "linking": []}, {"id": 31, "text": "$0.34", "label": "2 tax total", "box": [569, 586, 645, 559], "linking": []}, {"id": 32, "text": "Ele", "label": "others", "box": [636, 590, 678, 618], "linking": []}, {"id": 33, "text": "$11.31", "label": "others", "box": [550, 663, 655, 634], "linking": []}, {"id": 34, "text": "AMERICAN EXPRESS", "label": "others", "box": [356, 711, 585, 683], "linking": []}, {"id": 35, "text": "4 INDICATES SAVINGS", "label": "others", "box": [234, 757, 499, 728], "linking": []}, {"id": 36, "text": " won*5002 AMEX CHARGE", "label": "others", "box": [206, 661, 514, 625], "linking": []}, {"id": 37, "text": " AID:", "label": "others", "box": [356, 684, 404, 659], "linking": []}, {"id": 38, "text": "TOTAL", "label": "others", "box": [440, 636, 511, 609], "linking": []}, {"id": 39, "text": "$11.31", "label": "total amount", "box": [552, 638, 644, 611], "linking": []}, {"id": 40, "text": " A000000025010801", "label": "others", "box": [409, 690, 641, 659], "linking": []}, {"id": 41, "text": "REC#2-9315-1141-0077-4269-9 VCD#752-259-246", "label": "others", "box": [90, 832, 678, 794], "linking": []}, {"id": 42, "text": "---", "label": "others", "box": [112, 929, 144, 917], "linking": []}, {"id": 43, "text": "Help make your Target Run better.", "label": "others", "box": [141, 1014, 578, 970], "linking": []}, {"id": 44, "text": " Take a 2 minute survey about today's trip:", "label": "others", "box": [85, 1044, 645, 993], "linking": []}, {"id": 45, "text": "informtarget.com", "label": "others", "box": [265, 1089, 482, 1050], "linking": []}, {"id": 46, "text": " 257 301", "label": "others", "box": [400, 1134, 496, 1101], "linking": []}, {"id": 47, "text": " User ID:", "label": "others", "box": [208, 1118, 332, 1083], "linking": []}, {"id": 48, "text": " 7068 4885 9992", "label": "others", "box": [347, 1109, 537, 1073], "linking": []}, {"id": 49, "text": " Password:", "label": "others", "box": [250, 1142, 385, 1108], "linking": []}]