[{"id": 0, "text": "merchant name", "label": "others", "box": [421, 473, 724, 425], "linking": []}, {"id": 1, "text": "merchant address", "label": "others", "box": [382, 526, 750, 478], "linking": []}, {"id": 2, "text": "merchant address", "label": "others", "box": [384, 578, 765, 530], "linking": []}, {"id": 3, "text": "merchant phone", "label": "others", "box": [445, 629, 705, 584], "linking": []}, {"id": 4, "text": " Host:", "label": "others", "box": [131, 684, 246, 639], "linking": []}, {"id": 5, "text": " Didier", "label": "others", "box": [253, 683, 383, 638], "linking": []}, {"id": 6, "text": "10/31/2019", "label": "others", "box": [811, 677, 1033, 630], "linking": []}, {"id": 7, "text": " 5:53 PM", "label": "others", "box": [870, 725, 1030, 682], "linking": []}, {"id": 8, "text": "20273", "label": "others", "box": [915, 778, 1029, 734], "linking": []}, {"id": 9, "text": "Sour Spicy Chicken Noodle", "label": "0 description beginning", "box": [134, 890, 665, 842], "linking": []}, {"id": 10, "text": "12.50", "label": "5 total price per item", "box": [920, 885, 1032, 838], "linking": []}, {"id": 11, "text": "Subtotal", "label": "others", "box": [138, 989, 304, 946], "linking": []}, {"id": 12, "text": "Tax", "label": "others", "box": [137, 1026, 201, 995], "linking": []}, {"id": 13, "text": "12. 50", "label": "sub total", "box": [921, 989, 1028, 945], "linking": []}, {"id": 14, "text": "1. 11", "label": "2 tax total", "box": [940, 1037, 1029, 996], "linking": []}, {"id": 15, "text": "13.61", "label": "total amount", "box": [834, 1091, 1036, 1054], "linking": []}, {"id": 16, "text": "13.61", "label": "others", "box": [958, 1148, 1084, 1109], "linking": []}, {"id": 17, "text": "To Go Total", "label": "others", "box": [104, 1096, 581, 1051], "linking": []}, {"id": 18, "text": "Amex", "label": "others", "box": [44, 1167, 155, 1130], "linking": []}, {"id": 19, "text": " Auth", "label": "others", "box": [72, 1213, 172, 1172], "linking": []}, {"id": 20, "text": " : 555965", "label": "others", "box": [178, 1216, 362, 1175], "linking": []}, {"id": 21, "text": "Thank You!", "label": "others", "box": [405, 1357, 690, 1299], "linking": []}, {"id": 22, "text": "---", "label": "others", "box": [222, 1488, 322, 1454], "linking": []}, {"id": 23, "text": "Check Closed", "label": "others", "box": [345, 1508, 736, 1430], "linking": []}, {"id": 24, "text": "---", "label": "others", "box": [759, 1483, 853, 1443], "linking": []}]