[{"id": 0, "text": "OPERATED BY", "label": "others", "box": [285, 171, 493, 141], "linking": []}, {"id": 1, "text": "merchant name", "label": "others", "box": [274, 241, 472, 194], "linking": []}, {"id": 2, "text": "merchant name", "label": "others", "box": [289, 264, 466, 243], "linking": []}, {"id": 3, "text": "merchant address", "label": "others", "box": [193, 315, 539, 288], "linking": []}, {"id": 4, "text": "merchant address", "label": "others", "box": [99, 345, 650, 315], "linking": []}, {"id": 5, "text": "CHK 9342", "label": "others", "box": [67, 465, 216, 437], "linking": []}, {"id": 6, "text": " NOV17'19 11:08AM", "label": "others", "box": [214, 496, 517, 468], "linking": []}, {"id": 7, "text": "GST", "label": "others", "box": [577, 469, 631, 434], "linking": []}, {"id": 8, "text": "786162338006", "label": "others", "box": [125, 585, 357, 558], "linking": []}, {"id": 9, "text": " WTR SMART 11tr", "label": "0 description beginning", "box": [115, 615, 393, 588], "linking": []}, {"id": 10, "text": "BTL Smartwater", "label": "1 description inside", "box": [110, 645, 391, 616], "linking": []}, {"id": 11, "text": " FRUIT BANANA", "label": "0 description beginning", "box": [101, 673, 348, 647], "linking": []}, {"id": 12, "text": " 1", "label": "e quantity", "box": [81, 614, 106, 589], "linking": []}, {"id": 13, "text": "5.69", "label": "5 total price per item", "box": [532, 617, 614, 589], "linking": []}, {"id": 14, "text": "PET", "label": "1 description inside", "box": [521.96, 644, 592.96, 619], "linking": []}, {"id": 15, "text": "1.79", "label": "5 total price per item", "box": [535, 673, 616, 648], "linking": []}, {"id": 16, "text": " 1", "label": "e quantity", "box": [415, 644, 437, 620], "linking": []}, {"id": 17, "text": " LTR", "label": "1 description inside", "box": [451, 644, 515, 619], "linking": []}, {"id": 18, "text": " 1", "label": "e quantity", "box": [68, 673, 92, 647], "linking": []}, {"id": 19, "text": "SUBTOTAL", "label": "others", "box": [87, 734, 256, 704], "linking": []}, {"id": 20, "text": "TAX", "label": "others", "box": [84, 771, 151, 740], "linking": []}, {"id": 21, "text": " 9AMOUNT PAID", "label": "others", "box": [63, 811, 330, 771], "linking": []}, {"id": 22, "text": "AT828061 XXX1009", "label": "others", "box": [84, 848, 425, 816], "linking": []}, {"id": 23, "text": " CCIqmoipouANA", "label": "others", "box": [188, 885, 515, 853], "linking": []}, {"id": 24, "text": " -354029 Closed NOV17 11:08AM- - -", "label": "others", "box": [24, 927, 675, 893], "linking": []}, {"id": 25, "text": "7.48", "label": "sub total", "box": [531, 735, 614, 705], "linking": []}, {"id": 26, "text": "0.62", "label": "2 tax total", "box": [529, 773, 615, 740], "linking": []}, {"id": 27, "text": " 0 8 .1 0", "label": "total amount", "box": [364, 812, 606, 771], "linking": []}, {"id": 28, "text": " AMEX", "label": "others", "box": [86, 890, 180, 855], "linking": []}, {"id": 29, "text": " 8.10", "label": "others", "box": [529, 889, 615, 854], "linking": []}, {"id": 30, "text": "WE WANT TO HEAR YOUR FEEDBACK!", "label": "others", "box": [22, 1006, 658, 972], "linking": []}, {"id": 31, "text": "LEASE CONTACT 1-877-672-7467", "label": "others", "box": [26, 1046, 641, 1014], "linking": []}, {"id": 32, "text": "R CUSTOMERSERVICE@HMSHOST.COM", "label": "others", "box": [26, 1089, 664, 1053], "linking": []}, {"id": 33, "text": "TO SHARE YOUR EXPERIENCE.", "label": "others", "box": [49, 1132, 593, 1094], "linking": []}, {"id": 34, "text": " STOREID:", "label": "others", "box": [126, 1216, 316, 1179], "linking": []}, {"id": 35, "text": " LASFAS01", "label": "others", "box": [325, 1217, 506, 1181], "linking": []}, {"id": 36, "text": "T 2", "label": "others", "box": [137, 1345, 271, 1291], "linking": []}, {"id": 37, "text": " ur order number is:", "label": "others", "box": [27, 1399, 472, 1358], "linking": []}, {"id": 38, "text": " bood gril991", "label": "others", "box": [289, 1446, 568, 1399], "linking": []}, {"id": 39, "text": "O", "label": "others", "box": [321, 1348, 376, 1294], "linking": []}, {"id": 40, "text": "H", "label": "others", "box": [416, 1346, 470, 1299], "linking": []}, {"id": 41, "text": " 9342", "label": "others", "box": [485, 1402, 664, 1363], "linking": []}, {"id": 42, "text": " VOM ert no", "label": "others", "box": [42, 1438, 282, 1395], "linking": []}, {"id": 43, "text": " Vaisgmo)", "label": "others", "box": [165, 1528, 313, 1496], "linking": []}, {"id": 44, "text": " IlispotuA", "label": "others", "box": [319, 1527, 456, 1496], "linking": []}, {"id": 45, "text": " nA", "label": "others", "box": [461, 1527, 508, 1497], "linking": []}]