[{"id": 0, "text": "merchant name", "label": "others", "box": [42, 144, 230, 112], "linking": []}, {"id": 1, "text": "merchant address", "label": "others", "box": [47, 183, 172, 164], "linking": []}, {"id": 2, "text": "merchant address", "label": "others", "box": [47, 212, 234, 190], "linking": []}, {"id": 3, "text": "bluebottlecoffee.com", "label": "others", "box": [48, 239, 208, 220], "linking": []}, {"id": 4, "text": "@bluebottleroast", "label": "others", "box": [51, 266, 180, 248], "linking": []}, {"id": 5, "text": "Nov 13, 2019", "label": "others", "box": [277, 182, 382, 160], "linking": []}, {"id": 6, "text": " 3:45 PM", "label": "others", "box": [312, 210, 382, 190], "linking": []}, {"id": 7, "text": "PURCHASE", "label": "others", "box": [161, 318, 264, 297], "linking": []}, {"id": 8, "text": " Ticket:", "label": "others", "box": [52, 361, 104, 340], "linking": []}, {"id": 9, "text": "Authorization 805304", "label": "others", "box": [52, 386, 214, 364], "linking": []}, {"id": 10, "text": "Receipt yhVj", "label": "others", "box": [52, 409, 147, 388], "linking": []}, {"id": 11, "text": "AMERICAN EXPRESS", "label": "others", "box": [53, 454, 214, 434], "linking": []}, {"id": 12, "text": "AID A0 00 00 00 25 01 08 01", "label": "others", "box": [53, 479, 261, 460], "linking": []}, {"id": 13, "text": "TO GO", "label": "others", "box": [190, 513, 237, 498], "linking": []}, {"id": 14, "text": "Espresso", "label": "0 description beginning", "box": [54, 557, 124, 537], "linking": []}, {"id": 15, "text": "Hayes Valley", "label": "1 description inside", "box": [54, 583, 149, 563], "linking": []}, {"id": 16, "text": "$3.50", "label": "5 total price per item", "box": [332, 556, 378, 538], "linking": []}, {"id": 17, "text": "Subtotal", "label": "others", "box": [55, 625, 117, 607], "linking": []}, {"id": 18, "text": "Healthy SF Surcharge*", "label": "others", "box": [55, 650, 223, 632], "linking": []}, {"id": 19, "text": "$3.50", "label": "sub total", "box": [334, 628, 377, 611], "linking": []}, {"id": 20, "text": "$0.14", "label": "2 tax total", "box": [335, 651, 376, 636], "linking": []}, {"id": 21, "text": "Total", "label": "others", "box": [58, 699, 96, 684], "linking": []}, {"id": 22, "text": "AmEx 1000 (Chip)", "label": "others", "box": [58, 726, 189, 706], "linking": []}, {"id": 23, "text": "Vlastimil Fiser", "label": "others", "box": [59, 748, 162, 731], "linking": []}, {"id": 24, "text": "$3.64", "label": "total amount", "box": [326, 700, 376, 683], "linking": []}, {"id": 25, "text": "$3.64", "label": "others", "box": [333, 723, 376, 708], "linking": []}, {"id": 26, "text": " Order ahead:", "label": "others", "box": [73, 795, 169, 776], "linking": []}, {"id": 27, "text": "now available on the iOS App Store.", "label": "others", "box": [88, 816, 356, 793], "linking": []}, {"id": 28, "text": " Download our mobile app", "label": "others", "box": [172, 793, 368, 774], "linking": []}, {"id": 29, "text": " Return Policy:", "label": "others", "box": [113, 858, 215, 840], "linking": []}, {"id": 30, "text": "merchandise purchased in our cafes, we", "label": "others", "box": [76, 881, 376, 860], "linking": []}, {"id": 31, "text": "ask that you return the item to the cafe", "label": "others", "box": [82, 902, 372, 881], "linking": []}, {"id": 32, "text": " was purchased in new condition,", "label": "others", "box": [137, 922, 383, 903], "linking": []}, {"id": 33, "text": "with a receipt, and within 30 days. We are", "label": "others", "box": [76, 943, 384, 923], "linking": []}, {"id": 34, "text": "happy to offer exchanges or store credit if", "label": "others", "box": [75, 964, 387, 944], "linking": []}, {"id": 35, "text": "an item is returned at a different store", "label": "others", "box": [92, 985, 372, 965], "linking": []}, {"id": 36, "text": "location.", "label": "others", "box": [200, 1003, 264, 984], "linking": []}, {"id": 37, "text": " For a refund on", "label": "others", "box": [218, 858, 336, 839], "linking": []}, {"id": 38, "text": " where", "label": "others", "box": [76, 923, 120, 905], "linking": []}, {"id": 39, "text": " It", "label": "others", "box": [123, 922, 134, 905], "linking": []}, {"id": 40, "text": "If you purchased your merchandise online,", "label": "others", "box": [79, 1055, 386, 1027], "linking": []}, {"id": 41, "text": "support@bluebottlecoffee.com to learn", "label": "others", "box": [93, 1089, 380, 1067], "linking": []}, {"id": 42, "text": "about online returns.", "label": "others", "box": [161, 1106, 316, 1088], "linking": []}, {"id": 43, "text": "please email", "label": "others", "box": [189, 1066, 279, 1048], "linking": []}, {"id": 44, "text": "*A 4% surcharge is added in support of", "label": "others", "box": [99, 1151, 385, 1132], "linking": []}, {"id": 45, "text": "employee healthcare in San Francisco", "label": "others", "box": [100, 1175, 384, 1154], "linking": []}]