[{"id": 0, "text": "Thank You For Visiting the", "label": "others", "box": [223, 53, 445, 26], "linking": []}, {"id": 1, "text": "Nadine Varella, General Manager", "label": "others", "box": [208, 100, 466, 72], "linking": []}, {"id": 2, "text": "We Love Your Feedback!", "label": "others", "box": [251, 143, 431, 116], "linking": []}, {"id": 3, "text": "merchant name", "label": "others", "box": [213, 77, 458, 48], "linking": []}, {"id": 4, "text": "merchant phone", "label": "others", "box": [284, 119, 400, 97], "linking": []}, {"id": 5, "text": "Text @LTF41042 to 73940", "label": "others", "box": [252, 164, 437, 138], "linking": []}, {"id": 6, "text": "Starbucks Drip Coffe", "label": "0 description beginning", "box": [183, 219, 346, 195], "linking": []}, {"id": 7, "text": "USD", "label": "others", "box": [483, 197, 514, 178], "linking": []}, {"id": 8, "text": "1.70", "label": "5 total price per item", "box": [479, 216, 512, 199], "linking": []}, {"id": 9, "text": "Sub Total", "label": "others", "box": [367, 254, 440, 237], "linking": []}, {"id": 10, "text": "Tax Amount", "label": "others", "box": [367, 273, 448, 255], "linking": []}, {"id": 11, "text": "1.70", "label": "sub total", "box": [481, 254, 514, 238], "linking": []}, {"id": 12, "text": "0.12", "label": "2 tax total", "box": [479, 272, 513, 256], "linking": []}, {"id": 13, "text": "Total USD", "label": "others", "box": [167, 343, 318, 301], "linking": []}, {"id": 14, "text": "1.82", "label": "total amount", "box": [451, 342, 514, 311], "linking": []}, {"id": 15, "text": "5009 AMERICAN EXPRESS", "label": "others", "box": [157, 402, 340, 375], "linking": []}, {"id": 16, "text": "1.82", "label": "others", "box": [483, 402, 516, 388], "linking": []}, {"id": 17, "text": "Tax", "label": "others", "box": [152, 449, 182, 434], "linking": []}, {"id": 18, "text": "() 7.00", "label": "others", "box": [149, 468, 212, 449], "linking": []}, {"id": 19, "text": "Taxable Amount", "label": "others", "box": [290, 451, 416, 433], "linking": []}, {"id": 20, "text": "1.70", "label": "sub total", "box": [378, 468, 415, 451], "linking": []}, {"id": 21, "text": "Tax Amount", "label": "others", "box": [424, 451, 518, 434], "linking": []}, {"id": 22, "text": "0.12", "label": "2 tax total", "box": [484, 470, 520, 451], "linking": []}, {"id": 23, "text": " 11/18/2019 02:15 PM #:25471 Op:102 C:1131", "label": "others", "box": [147, 537, 517, 511], "linking": []}, {"id": 24, "text": " Served you", "label": "others", "box": [145, 576, 243, 555], "linking": []}, {"id": 25, "text": " 13 S:1131", "label": "others", "box": [147, 553, 229, 533], "linking": []}, {"id": 26, "text": " : SR Self Checkout - 2", "label": "others", "box": [246, 579, 442, 556], "linking": []}, {"id": 27, "text": " Reprint #", "label": "others", "box": [144, 618, 234, 597], "linking": []}, {"id": 28, "text": " 1", "label": "others", "box": [237, 618, 248, 597], "linking": []}, {"id": 29, "text": "*** Customer copy ***", "label": "others", "box": [228, 682, 413, 662], "linking": []}, {"id": 30, "text": "AMEX Sunrise 937-3", "label": "others", "box": [244, 723, 405, 702], "linking": []}, {"id": 31, "text": "I agree to pay the above total amount", "label": "others", "box": [153, 747, 481, 725], "linking": []}, {"id": 32, "text": "according to card issuer", "label": "others", "box": [215, 768, 429, 747], "linking": []}, {"id": 33, "text": " agreement. (Merchant agreement", "label": "others", "box": [140, 792, 406, 769], "linking": []}, {"id": 34, "text": "Voucher) Retain this copy for your", "label": "others", "box": [168, 813, 463, 791], "linking": []}, {"id": 35, "text": "records.", "label": "others", "box": [283, 835, 353, 816], "linking": []}, {"id": 36, "text": " if Credit", "label": "others", "box": [410, 790, 493, 769], "linking": []}, {"id": 37, "text": "PURCHASE / APPROVED", "label": "others", "box": [138, 881, 312, 859], "linking": []}, {"id": 38, "text": "AMERICAN EXPRESS", "label": "others", "box": [135, 906, 283, 883], "linking": []}, {"id": 39, "text": "*********** 1009", "label": "others", "box": [137, 926, 274, 907], "linking": []}, {"id": 40, "text": "CHIP READ", "label": "others", "box": [134, 952, 228, 930], "linking": []}, {"id": 41, "text": " 2019/11/18 14:16:06", "label": "others", "box": [133, 1001, 310, 978], "linking": []}, {"id": 42, "text": "TID", "label": "others", "box": [130, 1025, 161, 1003], "linking": []}, {"id": 43, "text": "MID", "label": "others", "box": [129, 1049, 161, 1028], "linking": []}, {"id": 44, "text": "REFERENCE", "label": "others", "box": [127, 1075, 217, 1052], "linking": []}, {"id": 45, "text": "AUTH CODE", "label": "others", "box": [128, 1102, 214, 1079], "linking": []}, {"id": 46, "text": "**** 5714", "label": "others", "box": [429, 1026, 505, 1004], "linking": []}, {"id": 47, "text": "S1131T113113#254710877", "label": "others", "box": [268, 1076, 498, 1048], "linking": []}, {"id": 48, "text": "869405", "label": "others", "box": [447, 1097, 501, 1072], "linking": []}, {"id": 49, "text": "TOTAL", "label": "others", "box": [119, 1153, 170, 1131], "linking": []}, {"id": 50, "text": "USD1.82", "label": "total amount", "box": [429, 1153, 508, 1127], "linking": []}]