[{"id": 0, "text": "merchant name", "label": "others", "box": [171, 269, 423, 233], "linking": []}, {"id": 1, "text": "TAX INVOICE", "label": "others", "box": [229, 351, 365, 318], "linking": []}, {"id": 2, "text": "ABN 35 106 886 793", "label": "others", "box": [185, 393, 404, 360], "linking": []}, {"id": 3, "text": "merchant phone", "label": "others", "box": [205, 433, 381, 399], "linking": []}, {"id": 4, "text": "----------------------------------..", "label": "others", "box": [50, 571, 372, 559], "linking": []}, {"id": 5, "text": "----------", "label": "others", "box": [419, 570, 519, 558], "linking": []}, {"id": 6, "text": "----------------------------------------", "label": "others", "box": [50, 577, 523, 565], "linking": []}, {"id": 7, "text": "Item", "label": "others", "box": [50, 619, 98, 591], "linking": []}, {"id": 8, "text": "---------", "label": "others", "box": [49, 641, 136, 631], "linking": []}, {"id": 9, "text": "Qty", "label": "others", "box": [284, 622, 321, 591], "linking": []}, {"id": 10, "text": "Price", "label": "others", "box": [440, 619, 502, 592], "linking": []}, {"id": 11, "text": "------", "label": "others", "box": [49, 645, 113, 635], "linking": []}, {"id": 12, "text": "---", "label": "others", "box": [152, 641, 181, 632], "linking": []}, {"id": 13, "text": "Porridge B Bowl", "label": "0 description beginning", "box": [47, 722, 217, 693], "linking": []}, {"id": 14, "text": "S Banana Blitz", "label": "0 description beginning", "box": [48, 756, 209, 727], "linking": []}, {"id": 15, "text": "Protein Scoop", "label": "1 description inside", "box": [94, 789, 240, 762], "linking": []}, {"id": 16, "text": "S Long Black P&R", "label": "0 description beginning", "box": [49, 823, 230, 793], "linking": []}, {"id": 17, "text": "S Latte P&R", "label": "0 description beginning", "box": [52, 855, 173, 826], "linking": []}, {"id": 18, "text": "1.0", "label": "e quantity", "box": [283, 721, 319, 696], "linking": []}, {"id": 19, "text": "1.0", "label": "e quantity", "box": [283, 753, 318, 728], "linking": []}, {"id": 20, "text": "1.0", "label": "e quantity", "box": [281, 787, 316, 761], "linking": []}, {"id": 21, "text": "1.0", "label": "e quantity", "box": [280, 819, 316, 794], "linking": []}, {"id": 22, "text": "1.0", "label": "e quantity", "box": [279, 851, 311, 827], "linking": []}, {"id": 23, "text": "$9. 95 *", "label": "5 total price per item", "box": [433, 723, 514, 696], "linking": []}, {"id": 24, "text": "$7.00 *", "label": "5 total price per item", "box": [432, 756, 510, 730], "linking": []}, {"id": 25, "text": "$2.00 *", "label": "5 total price per item", "box": [432, 788, 509, 763], "linking": []}, {"id": 26, "text": "$3.50 *", "label": "5 total price per item", "box": [427, 821, 506, 795], "linking": []}, {"id": 27, "text": "$3.50 *", "label": "5 total price per item", "box": [427, 853, 506, 827], "linking": []}, {"id": 28, "text": "---------------", "label": "others", "box": [57, 904, 181, 895], "linking": []}, {"id": 29, "text": " Sub-Total:", "label": "others", "box": [182, 943, 287, 918], "linking": []}, {"id": 30, "text": " Sale Discount", "label": "others", "box": [182, 974, 308, 948], "linking": []}, {"id": 31, "text": " Total:", "label": "others", "box": [183, 1002, 244, 978], "linking": []}, {"id": 32, "text": " TAX", "label": "others", "box": [182, 1031, 205, 1008], "linking": []}, {"id": 33, "text": "95", "label": "sub total", "box": [452, 946, 476, 919], "linking": []}, {"id": 34, "text": "-$2.00", "label": "others", "box": [410, 975, 472, 951], "linking": []}, {"id": 35, "text": "$23.95", "label": "total amount", "box": [405, 1006, 472, 979], "linking": []}, {"id": 36, "text": "$2. 18", "label": "2 tax total", "box": [415, 1035, 470, 1011], "linking": []}, {"id": 37, "text": " :", "label": "others", "box": [313, 974, 325, 949], "linking": []}, {"id": 38, "text": " :", "label": "others", "box": [209, 1031, 219, 1008], "linking": []}, {"id": 39, "text": " Debit Card:", "label": "others", "box": [176, 1087, 289, 1064], "linking": []}, {"id": 40, "text": " CHANGE", "label": "others", "box": [173, 1113, 230, 1091], "linking": []}, {"id": 41, "text": "$23. 95", "label": "total amount", "box": [402, 1088, 469, 1065], "linking": []}, {"id": 42, "text": "$0.00", "label": "others", "box": [413, 1113, 468, 1091], "linking": []}, {"id": 43, "text": " :", "label": "others", "box": [234, 1112, 244, 1091], "linking": []}, {"id": 44, "text": "-----", "label": "others", "box": [199, 1156, 252, 1148], "linking": []}, {"id": 45, "text": "--------", "label": "others", "box": [408, 1161, 483, 1152], "linking": []}, {"id": 46, "text": "201", "label": "others", "box": [191, 1249, 315, 1167], "linking": []}, {"id": 47, "text": " Terminal Number:", "label": "others", "box": [15, 1317, 197, 1288], "linking": []}, {"id": 48, "text": " CLERK:", "label": "others", "box": [14, 1344, 81, 1318], "linking": []}, {"id": 49, "text": " Receipt Number:", "label": "others", "box": [15, 1373, 181, 1347], "linking": []}, {"id": 50, "text": " Sale Date:", "label": "others", "box": [15, 1401, 128, 1375], "linking": []}, {"id": 51, "text": "------", "label": "others", "box": [425, 1286, 486, 1275], "linking": []}, {"id": 52, "text": " 1622", "label": "others", "box": [201, 1317, 247, 1292], "linking": []}, {"id": 53, "text": " Default User", "label": "others", "box": [85, 1347, 219, 1319], "linking": []}, {"id": 54, "text": " 0000000904", "label": "others", "box": [185, 1374, 301, 1349], "linking": []}, {"id": 55, "text": " 24/10/2019 08:48:01", "label": "others", "box": [133, 1403, 342, 1376], "linking": []}, {"id": 56, "text": "*Indicates tax inclusive item.", "label": "others", "box": [18, 1456, 336, 1430], "linking": []}]