[{"id": 0, "text": "Thank You For Joining Us At", "label": "others", "box": [571, 109, 1025, 69], "linking": []}, {"id": 1, "text": "The Avenue Cafe", "label": "others", "box": [671, 144, 927, 109], "linking": []}, {"id": 2, "text": "11/15/2019", "label": "others", "box": [520, 181, 688, 144], "linking": []}, {"id": 3, "text": "=====", "label": "others", "box": [514, 215, 604, 188], "linking": []}, {"id": 4, "text": " 8:49", "label": "others", "box": [1006, 177, 1076, 146], "linking": []}, {"id": 5, "text": "=====", "label": "others", "box": [985, 214, 1076, 189], "linking": []}, {"id": 6, "text": "============", "label": "others", "box": [721, 214, 918, 188], "linking": []}, {"id": 7, "text": "merchant name", "label": "others", "box": [698, 256, 890, 222], "linking": []}, {"id": 8, "text": " Table:", "label": "others", "box": [852, 292, 962, 257], "linking": []}, {"id": 9, "text": " Guests:", "label": "others", "box": [848, 329, 980, 295], "linking": []}, {"id": 10, "text": " Check:", "label": "others", "box": [511, 292, 629, 257], "linking": []}, {"id": 11, "text": " Server:", "label": "others", "box": [507, 329, 636, 294], "linking": []}, {"id": 12, "text": " Terminal:", "label": "others", "box": [512, 367, 666, 333], "linking": []}, {"id": 13, "text": "==", "label": "others", "box": [502, 397, 540, 375], "linking": []}, {"id": 14, "text": " 3189187", "label": "others", "box": [644, 293, 768, 258], "linking": []}, {"id": 15, "text": " Evelyn A", "label": "others", "box": [642, 330, 786, 294], "linking": []}, {"id": 16, "text": " 318", "label": "others", "box": [672, 366, 729, 332], "linking": []}, {"id": 17, "text": " 32", "label": "others", "box": [967, 292, 1012, 257], "linking": []}, {"id": 18, "text": " 3", "label": "others", "box": [986, 329, 1008, 295], "linking": []}, {"id": 19, "text": "=======", "label": "others", "box": [959, 399, 1078, 378], "linking": []}, {"id": 20, "text": "Regular Check", "label": "others", "box": [676, 444, 904, 407], "linking": []}, {"id": 21, "text": " Coffee", "label": "0 description beginning", "box": [631, 481, 746, 447], "linking": []}, {"id": 22, "text": " Hot Tea", "label": "0 description beginning", "box": [627, 520, 758, 483], "linking": []}, {"id": 23, "text": "5 Fresh OJ", "label": "0 description beginning", "box": [595, 558, 773, 522], "linking": []}, {"id": 24, "text": "@ 8.00", "label": "unit price", "box": [627, 596, 740, 563], "linking": []}, {"id": 25, "text": " BYO Omelet", "label": "0 description beginning", "box": [621, 638, 809, 599], "linking": []}, {"id": 26, "text": "$Bell P $1", "label": "1 description inside", "box": [624, 679, 805, 642], "linking": []}, {"id": 27, "text": "$American $1", "label": "1 description inside", "box": [624, 723, 839, 684], "linking": []}, {"id": 28, "text": " BYO Omelet", "label": "0 description beginning", "box": [615, 762, 810, 722], "linking": []}, {"id": 29, "text": "Bell P", "label": "0 description beginning", "box": [619, 800, 729, 764], "linking": []}, {"id": 30, "text": " French Toast", "label": "0 description beginning", "box": [610, 845, 837, 804], "linking": []}, {"id": 31, "text": "$Strawberry $2", "label": "1 description inside", "box": [614, 889, 877, 850], "linking": []}, {"id": 32, "text": " American Brkfast", "label": "0 description beginning", "box": [606, 932, 907, 891], "linking": []}, {"id": 33, "text": " 1", "label": "e quantity", "box": [604, 481, 626, 446], "linking": []}, {"id": 34, "text": " 1", "label": "e quantity", "box": [598, 520, 620, 483], "linking": []}, {"id": 35, "text": "5.00", "label": "5 total price per item", "box": [1005, 481, 1082, 447], "linking": []}, {"id": 36, "text": "5.00", "label": "5 total price per item", "box": [1005, 518, 1082, 484], "linking": []}, {"id": 37, "text": "40.00", "label": "5 total price per item", "box": [986, 558, 1076, 523], "linking": []}, {"id": 38, "text": " 1", "label": "e quantity", "box": [595, 638, 614, 598], "linking": []}, {"id": 39, "text": "21.00", "label": "5 total price per item", "box": [984, 637, 1081, 601], "linking": []}, {"id": 40, "text": " 1", "label": "e quantity", "box": [587, 761, 609, 721], "linking": []}, {"id": 41, "text": "19.00", "label": "5 total price per item", "box": [986, 762, 1081, 725], "linking": []}, {"id": 42, "text": " 1", "label": "e quantity", "box": [581, 844, 603, 803], "linking": []}, {"id": 43, "text": "17.00", "label": "5 total price per item", "box": [986, 846, 1079, 806], "linking": []}, {"id": 44, "text": " 1", "label": "e quantity", "box": [576, 930, 600, 892], "linking": []}, {"id": 45, "text": "19.00", "label": "5 total price per item", "box": [987, 932, 1078, 894], "linking": []}, {"id": 46, "text": "Subtotal", "label": "others", "box": [643, 1017, 797, 976], "linking": []}, {"id": 47, "text": "Sales Tax", "label": "others", "box": [623, 1063, 799, 1020], "linking": []}, {"id": 48, "text": "Total", "label": "others", "box": [700, 1106, 794, 1068], "linking": []}, {"id": 49, "text": "126.00", "label": "sub total", "box": [929, 1020, 1042, 980], "linking": []}, {"id": 50, "text": "10.40", "label": "2 tax total", "box": [945, 1064, 1038, 1026], "linking": []}, {"id": 51, "text": "136.40", "label": "total amount", "box": [929, 1110, 1041, 1070], "linking": []}, {"id": 52, "text": "=========", "label": "others", "box": [452, 1235, 611, 1212], "linking": []}, {"id": 53, "text": "=========", "label": "others", "box": [907, 1243, 1077, 1221], "linking": []}, {"id": 54, "text": "Payments", "label": "others", "box": [674, 1290, 831, 1251], "linking": []}, {"id": 55, "text": "MGM Room Charge", "label": "others", "box": [452, 1376, 740, 1334], "linking": []}, {"id": 56, "text": "merchant address", "label": "others", "box": [499, 1426, 1059, 1377], "linking": []}, {"id": 57, "text": "136.40", "label": "others", "box": [965, 1382, 1077, 1342], "linking": []}, {"id": 58, "text": "Total Payments", "label": "others", "box": [436, 1553, 707, 1504], "linking": []}, {"id": 59, "text": "136.40", "label": "total amount", "box": [962, 1561, 1081, 1517], "linking": []}, {"id": 60, "text": "Remaining Balance", "label": "others", "box": [420, 1654, 755, 1601], "linking": []}, {"id": 61, "text": "0.00", "label": "others", "box": [994, 1663, 1082, 1619], "linking": []}, {"id": 62, "text": "Check Fully Authorized", "label": "others", "box": [413, 1761, 860, 1699], "linking": []}, {"id": 63, "text": "==", "label": "others", "box": [413, 1834, 453, 1815], "linking": []}, {"id": 64, "text": "***** GRATUITY/TIP Not Included *****", "label": "others", "box": [409, 1922, 1125, 1855], "linking": []}, {"id": 65, "text": "your convenience.", "label": "others", "box": [411, 2013, 750, 1962], "linking": []}, {"id": 66, "text": "====", "label": "others", "box": [996, 1863, 1086, 1840], "linking": []}, {"id": 67, "text": "This tip/gratuity guide is provided for", "label": "others", "box": [406, 1982, 1210, 1900], "linking": []}, {"id": 68, "text": "18%-22.68", "label": "others", "box": [573, 2111, 753, 2061], "linking": []}, {"id": 69, "text": "19%-23.94", "label": "others", "box": [572, 2162, 755, 2111], "linking": []}, {"id": 70, "text": "20%-25 20", "label": "others", "box": [564, 2198, 747, 2163], "linking": []}]