[{"id": 0, "text": "#407", "label": "others", "box": [888, 573, 993, 539], "linking": []}, {"id": 1, "text": "merchant name", "label": "others", "box": [1101, 603, 1235, 575], "linking": []}, {"id": 2, "text": "merchant address", "label": "others", "box": [1232, 639, 1298, 610], "linking": []}, {"id": 3, "text": "merchant address", "label": "others", "box": [1050, 672, 1291, 644], "linking": []}, {"id": 4, "text": "merchant phone", "label": "others", "box": [1036, 706, 1293, 678], "linking": []}, {"id": 5, "text": " #", "label": "others", "box": [1156, 740, 1179, 713], "linking": []}, {"id": 6, "text": "merchant address", "label": "others", "box": [996, 639, 1163, 611], "linking": []}, {"id": 7, "text": "merchant address", "label": "others", "box": [1168, 639, 1188, 611], "linking": []}, {"id": 8, "text": "merchant address", "label": "others", "box": [1193, 639, 1227, 611], "linking": []}, {"id": 9, "text": "merchant address", "label": "others", "box": [1303, 638, 1346, 610], "linking": []}, {"id": 10, "text": " Business", "label": "others", "box": [1037, 740, 1151, 714], "linking": []}, {"id": 11, "text": " 763219680", "label": "others", "box": [1184, 740, 1304, 713], "linking": []}, {"id": 12, "text": " Date:", "label": "others", "box": [889, 810, 964, 784], "linking": []}, {"id": 13, "text": " Server:", "label": "others", "box": [891, 846, 989, 819], "linking": []}, {"id": 14, "text": " Nov 05, 2019", "label": "others", "box": [969, 810, 1135, 783], "linking": []}, {"id": 15, "text": " Time:", "label": "others", "box": [1211, 810, 1281, 783], "linking": []}, {"id": 16, "text": " 07:59PM", "label": "others", "box": [1286, 810, 1386, 783], "linking": []}, {"id": 17, "text": " May", "label": "others", "box": [994, 846, 1042, 819], "linking": []}, {"id": 18, "text": " Table", "label": "others", "box": [1210, 882, 1289, 852], "linking": []}, {"id": 19, "text": " : 407", "label": "others", "box": [1301, 882, 1374, 852], "linking": []}, {"id": 20, "text": "1", "label": "others", "box": [906, 949, 922, 920], "linking": []}, {"id": 21, "text": "Adult Weekday Dinner", "label": "0 description beginning", "box": [946, 952, 1225, 919], "linking": []}, {"id": 22, "text": "30.99", "label": "5 total price per item", "box": [1384, 949, 1451, 921], "linking": []}, {"id": 23, "text": "Subtotal", "label": "others", "box": [1011, 1017, 1117, 987], "linking": []}, {"id": 24, "text": "HST", "label": "others", "box": [1008, 1052, 1052, 1021], "linking": []}, {"id": 25, "text": "30.99", "label": "sub total", "box": [1383, 1017, 1456, 988], "linking": []}, {"id": 26, "text": "4.0", "label": "others", "box": [1396, 1051, 1444, 1024], "linking": []}, {"id": 27, "text": "Total", "label": "others", "box": [889, 1124, 1018, 1092], "linking": []}, {"id": 28, "text": "35.02", "label": "total amount", "box": [1314, 1122, 1451, 1090], "linking": []}, {"id": 29, "text": " Open Time", "label": "others", "box": [893, 1262, 1019, 1231], "linking": []}, {"id": 30, "text": " : Nov 05, 2019 06:40PM", "label": "others", "box": [1025, 1261, 1322, 1229], "linking": []}, {"id": 31, "text": " poor", "label": "others", "box": [1026, 1331, 1091, 1302], "linking": []}, {"id": 32, "text": " good", "label": "others", "box": [1102, 1330, 1171, 1301], "linking": []}, {"id": 33, "text": " excellent", "label": "others", "box": [1183, 1330, 1309, 1299], "linking": []}, {"id": 34, "text": "Service", "label": "others", "box": [1038, 1399, 1137, 1367], "linking": []}, {"id": 35, "text": "Food", "label": "others", "box": [1054, 1431, 1107, 1404], "linking": []}, {"id": 36, "text": "Environment", "label": "others", "box": [931, 1468, 1083, 1437], "linking": []}, {"id": 37, "text": " Thank You For", "label": "others", "box": [1026, 1538, 1202, 1504], "linking": []}, {"id": 38, "text": "Pease Come Again!", "label": "others", "box": [1053, 1573, 1282, 1541], "linking": []}, {"id": 39, "text": " Coming!", "label": "others", "box": [1208, 1539, 1305, 1505], "linking": []}]