[{"id": 0, "text": " Thank You For", "label": "others", "box": [63, 101, 160, 79], "linking": []}, {"id": 1, "text": " We Love", "label": "others", "box": [74, 132, 130, 113], "linking": []}, {"id": 2, "text": " Visiting the", "label": "others", "box": [163, 98, 256, 78], "linking": []}, {"id": 3, "text": " Feedback!", "label": "others", "box": [169, 130, 239, 112], "linking": []}, {"id": 4, "text": " 73940", "label": "others", "box": [203, 147, 244, 128], "linking": []}, {"id": 5, "text": "merchant name", "label": "others", "box": [58, 117, 161, 97], "linking": []}, {"id": 6, "text": " Text @LTF10051", "label": "others", "box": [71, 149, 177, 129], "linking": []}, {"id": 7, "text": "merchant name", "label": "others", "box": [165, 114, 258, 94], "linking": []}, {"id": 8, "text": " Your", "label": "others", "box": [133, 131, 166, 113], "linking": []}, {"id": 9, "text": " to", "label": "others", "box": [180, 147, 200, 129], "linking": []}, {"id": 10, "text": "USD", "label": "others", "box": [291, 169, 316, 153], "linking": []}, {"id": 11, "text": "3.88", "label": "5 total price per item", "box": [282, 187, 316, 171], "linking": []}, {"id": 12, "text": "1.09", "label": "5 total price per item", "box": [284, 205, 316, 187], "linking": []}, {"id": 13, "text": "Chicken Tenders", "label": "0 description beginning", "box": [14, 204, 122, 183], "linking": []}, {"id": 14, "text": "French Fries", "label": "0 description beginning", "box": [11, 223, 99, 202], "linking": []}, {"id": 15, "text": "Sub Total", "label": "others", "box": [177, 249, 248, 227], "linking": []}, {"id": 16, "text": "4.97", "label": "sub total", "box": [284, 240, 317, 223], "linking": []}, {"id": 17, "text": "0.43", "label": "2 tax total", "box": [284, 260, 318, 241], "linking": []}, {"id": 18, "text": "Tax Amount", "label": "others", "box": [180, 269, 256, 246], "linking": []}, {"id": 19, "text": "Total USD", "label": "others", "box": [7, 341, 139, 309], "linking": []}, {"id": 20, "text": "5.40", "label": "total amount", "box": [253, 334, 321, 300], "linking": []}, {"id": 21, "text": " 5009 AMERICAN", "label": "others", "box": [5, 414, 103, 394], "linking": []}, {"id": 22, "text": " EXPRESS", "label": "others", "box": [106, 411, 164, 392], "linking": []}, {"id": 23, "text": "5.40", "label": "others", "box": [289, 405, 323, 387], "linking": []}, {"id": 24, "text": "Tax", "label": "others", "box": [5, 467, 30, 451], "linking": []}, {"id": 25, "text": "() 8.60", "label": "others", "box": [7, 486, 59, 468], "linking": []}, {"id": 26, "text": " Taxable Amount", "label": "others", "box": [125, 463, 238, 443], "linking": []}, {"id": 27, "text": "4.97", "label": "sub total", "box": [202, 477, 233, 461], "linking": []}, {"id": 28, "text": " Tax", "label": "others", "box": [246, 460, 271, 443], "linking": []}, {"id": 29, "text": " Amount", "label": "others", "box": [275, 459, 323, 443], "linking": []}, {"id": 30, "text": "0.43", "label": "2 tax total", "box": [293, 477, 324, 460], "linking": []}, {"id": 31, "text": " 11/22/2019 12:36 PM #:61122 Op:3066 C:112", "label": "others", "box": [8, 540, 328, 511], "linking": []}, {"id": 32, "text": " 103 S:1121", "label": "others", "box": [8, 556, 84, 538], "linking": []}, {"id": 33, "text": " Served you", "label": "others", "box": [6, 575, 87, 556], "linking": []}, {"id": 34, "text": " : Stephanie Paredes", "label": "others", "box": [90, 575, 237, 554], "linking": []}, {"id": 35, "text": " ***", "label": "others", "box": [77, 645, 104, 629], "linking": []}, {"id": 36, "text": " Customer", "label": "others", "box": [107, 646, 173, 630], "linking": []}, {"id": 37, "text": " copy ***", "label": "others", "box": [176, 646, 241, 629], "linking": []}, {"id": 38, "text": " AMEX AESCP", "label": "others", "box": [108, 684, 188, 665], "linking": []}, {"id": 39, "text": " above total amount", "label": "others", "box": [160, 702, 303, 682], "linking": []}, {"id": 40, "text": "according to card issuer", "label": "others", "box": [69, 721, 255, 703], "linking": []}, {"id": 41, "text": " if", "label": "others", "box": [239, 739, 258, 720], "linking": []}, {"id": 42, "text": " this copy for", "label": "others", "box": [146, 759, 250, 740], "linking": []}, {"id": 43, "text": "records.", "label": "others", "box": [133, 777, 196, 760], "linking": []}, {"id": 44, "text": " (5)", "label": "others", "box": [192, 683, 219, 665], "linking": []}, {"id": 45, "text": " I", "label": "others", "box": [15, 705, 26, 686], "linking": []}, {"id": 46, "text": " agree", "label": "others", "box": [29, 705, 73, 686], "linking": []}, {"id": 47, "text": " to", "label": "others", "box": [77, 704, 96, 686], "linking": []}, {"id": 48, "text": " pay", "label": "others", "box": [99, 703, 128, 686], "linking": []}, {"id": 49, "text": " the", "label": "others", "box": [131, 703, 157, 685], "linking": []}, {"id": 50, "text": " agreement", "label": "others", "box": [6, 743, 74, 724], "linking": []}, {"id": 51, "text": " Voucher)Retain", "label": "others", "box": [31, 760, 143, 741], "linking": []}, {"id": 52, "text": " .", "label": "others", "box": [77, 741, 82, 724], "linking": []}, {"id": 53, "text": " (Merchant", "label": "others", "box": [85, 741, 158, 723], "linking": []}, {"id": 54, "text": " agreement", "label": "others", "box": [161, 740, 236, 721], "linking": []}, {"id": 55, "text": " Credit", "label": "others", "box": [261, 738, 312, 719], "linking": []}, {"id": 56, "text": " your", "label": "others", "box": [253, 758, 288, 740], "linking": []}, {"id": 57, "text": " PURCHASE", "label": "others", "box": [5, 818, 73, 799], "linking": []}, {"id": 58, "text": "AMERICAN EXPRESS", "label": "others", "box": [6, 837, 134, 818], "linking": []}, {"id": 59, "text": "*********** 1006", "label": "others", "box": [7, 855, 126, 838], "linking": []}, {"id": 60, "text": " READ /", "label": "others", "box": [44, 876, 95, 857], "linking": []}, {"id": 61, "text": " /", "label": "others", "box": [76, 817, 88, 799], "linking": []}, {"id": 62, "text": " APPROVED", "label": "others", "box": [91, 817, 157, 798], "linking": []}, {"id": 63, "text": " CHIP", "label": "others", "box": [6, 876, 40, 858], "linking": []}, {"id": 64, "text": " 119/11/22 12:36:33", "label": "others", "box": [17, 915, 158, 896], "linking": []}, {"id": 65, "text": "**** 5970", "label": "others", "box": [257, 936, 326, 918], "linking": []}, {"id": 66, "text": "6634458", "label": "others", "box": [267, 957, 326, 939], "linking": []}, {"id": 67, "text": "S11211112103#611220344955", "label": "others", "box": [123, 978, 327, 958], "linking": []}, {"id": 68, "text": "806900", "label": "others", "box": [277, 997, 329, 980], "linking": []}, {"id": 69, "text": "ERENCE", "label": "others", "box": [29, 975, 79, 957], "linking": []}, {"id": 70, "text": " |", "label": "others", "box": [32, 994, 39, 976], "linking": []}, {"id": 71, "text": " CODE", "label": "others", "box": [43, 994, 78, 976], "linking": []}, {"id": 72, "text": "USD5.40", "label": "total amount", "box": [268, 1036, 328, 1018], "linking": []}, {"id": 73, "text": "800", "label": "others", "box": [51, 1094, 77, 1079], "linking": []}, {"id": 74, "text": "5600103602002", "label": "others", "box": [56, 1113, 158, 1094], "linking": []}, {"id": 75, "text": "00008000", "label": "others", "box": [61, 1132, 131, 1113], "linking": []}, {"id": 76, "text": "00000025010801", "label": "others", "box": [63, 1153, 175, 1131], "linking": []}, {"id": 77, "text": " 00", "label": "others", "box": [102, 1170, 120, 1154], "linking": []}, {"id": 78, "text": " No:", "label": "others", "box": [72, 1172, 100, 1155], "linking": []}]