[{"id": 0, "text": "merchant name", "label": "others", "box": [0, 120, 399, 86], "linking": []}, {"id": 1, "text": "merchant address", "label": "others", "box": [15, 146, 235, 120], "linking": []}, {"id": 2, "text": "merchant address", "label": "others", "box": [239, 143, 368, 116], "linking": []}, {"id": 3, "text": "merchant address", "label": "others", "box": [6, 175, 398, 143], "linking": []}, {"id": 4, "text": "merchant address", "label": "others", "box": [334, 195, 396, 173], "linking": []}, {"id": 5, "text": "Services Accounting Code 996331", "label": "others", "box": [31, 227, 363, 198], "linking": []}, {"id": 6, "text": "GSTIN/UIN 06AACCI476C1Z3", "label": "others", "box": [40, 252, 356, 226], "linking": []}, {"id": 7, "text": " : 06", "label": "others", "box": [317, 271, 355, 252], "linking": []}, {"id": 8, "text": " U74140DL2004PTC128424", "label": "others", "box": [91, 300, 357, 274], "linking": []}, {"id": 9, "text": " : cs@wholefoods.co. in", "label": "others", "box": [124, 324, 334, 301], "linking": []}, {"id": 10, "text": "Tax Invoice", "label": "others", "box": [145, 357, 253, 338], "linking": []}, {"id": 11, "text": "merchant address", "label": "others", "box": [4, 202, 321, 174], "linking": []}, {"id": 12, "text": " State Name Faryan Code", "label": "others", "box": [44, 276, 314, 253], "linking": []}, {"id": 13, "text": " CIN:", "label": "others", "box": [45, 300, 87, 280], "linking": []}, {"id": 14, "text": " E-Mail", "label": "others", "box": [64, 324, 120, 304], "linking": []}, {"id": 15, "text": " Bill No .:", "label": "others", "box": [15, 385, 86, 365], "linking": []}, {"id": 16, "text": " : 22-8-2019", "label": "others", "box": [75, 408, 178, 387], "linking": []}, {"id": 17, "text": " HS Qty", "label": "others", "box": [159, 434, 249, 412], "linking": []}, {"id": 18, "text": "Exp Dt.", "label": "others", "box": [207, 459, 275, 436], "linking": []}, {"id": 19, "text": " 96.00", "label": "unit price", "box": [245, 482, 304, 461], "linking": []}, {"id": 20, "text": " 8322", "label": "others", "box": [90, 384, 140, 364], "linking": []}, {"id": 21, "text": " Time", "label": "others", "box": [256, 380, 288, 361], "linking": []}, {"id": 22, "text": " User", "label": "others", "box": [255, 405, 289, 387], "linking": []}, {"id": 23, "text": " Rate Amount", "label": "others", "box": [260, 431, 392, 410], "linking": []}, {"id": 24, "text": " : 21:27 hrs", "label": "others", "box": [290, 379, 392, 358], "linking": []}, {"id": 25, "text": " : user", "label": "others", "box": [292, 404, 352, 386], "linking": []}, {"id": 26, "text": " Date", "label": "others", "box": [14, 409, 63, 390], "linking": []}, {"id": 27, "text": " SI", "label": "others", "box": [14, 438, 28, 414], "linking": []}, {"id": 28, "text": " Description", "label": "others", "box": [33, 437, 120, 414], "linking": []}, {"id": 29, "text": "Batch Mfg Dt", "label": "others", "box": [33, 461, 169, 438], "linking": []}, {"id": 30, "text": " Piri Piri", "label": "0 description beginning", "box": [34, 487, 105, 464], "linking": []}, {"id": 31, "text": "Paneer", "label": "1 description inside", "box": [37, 509, 104, 491], "linking": []}, {"id": 32, "text": "Shashlik", "label": "1 description inside", "box": [36, 533, 115, 514], "linking": []}, {"id": 33, "text": " 1", "label": "others", "box": [16, 487, 30, 464], "linking": []}, {"id": 34, "text": " 1", "label": "e quantity", "box": [226, 483, 243, 463], "linking": []}, {"id": 35, "text": "96.00", "label": "5 total price per item", "box": [333, 480, 392, 461], "linking": []}, {"id": 36, "text": "Output CGST", "label": "others", "box": [98, 584, 211, 562], "linking": []}, {"id": 37, "text": "Output SGST", "label": "others", "box": [98, 606, 212, 585], "linking": []}, {"id": 38, "text": "ROUND OFF", "label": "others", "box": [98, 626, 209, 608], "linking": []}, {"id": 39, "text": "Total", "label": "others", "box": [113, 650, 155, 632], "linking": []}, {"id": 40, "text": "2.40", "label": "2 tax total", "box": [351, 581, 392, 562], "linking": []}, {"id": 41, "text": "2.40", "label": "2 tax total", "box": [351, 604, 392, 585], "linking": []}, {"id": 42, "text": "0.20", "label": "others", "box": [352, 627, 392, 609], "linking": []}, {"id": 43, "text": "\u20b9 101.00", "label": "total amount", "box": [311, 652, 392, 632], "linking": []}, {"id": 44, "text": "CGST @2.50%", "label": "others", "box": [0, 706, 150, 681], "linking": []}, {"id": 45, "text": "SGST @2.50%", "label": "others", "box": [0, 731, 149, 708], "linking": []}, {"id": 46, "text": "Total", "label": "others", "box": [0, 755, 44, 735], "linking": []}, {"id": 47, "text": "On", "label": "others", "box": [200, 704, 227, 686], "linking": []}, {"id": 48, "text": "On", "label": "others", "box": [201, 732, 226, 711], "linking": []}, {"id": 49, "text": "96.00", "label": "others", "box": [238, 705, 310, 686], "linking": []}, {"id": 50, "text": "96.00", "label": "others", "box": [243, 732, 307, 712], "linking": []}, {"id": 51, "text": "2.40", "label": "2 tax total", "box": [344, 706, 392, 686], "linking": []}, {"id": 52, "text": "2.40", "label": "2 tax total", "box": [345, 734, 391, 713], "linking": []}, {"id": 53, "text": "4.80", "label": "2 tax total", "box": [346, 761, 391, 741], "linking": []}, {"id": 54, "text": "Cash", "label": "others", "box": [2, 803, 53, 784], "linking": []}, {"id": 55, "text": "Cash Tendered", "label": "others", "box": [3, 825, 112, 807], "linking": []}, {"id": 56, "text": "Balance", "label": "others", "box": [5, 846, 85, 829], "linking": []}, {"id": 57, "text": "Total Paid", "label": "others", "box": [15, 869, 108, 851], "linking": []}, {"id": 58, "text": "101.00", "label": "total amount", "box": [184, 809, 254, 789], "linking": []}, {"id": 59, "text": "101.00", "label": "total amount", "box": [185, 831, 252, 812], "linking": []}, {"id": 60, "text": "101.00", "label": "others", "box": [186, 875, 252, 857], "linking": []}, {"id": 61, "text": "ALL TAKE AWAY ITEMS ARE FOR", "label": "others", "box": [8, 910, 374, 883], "linking": []}, {"id": 62, "text": "IMMEDIATE CONSUMPTION", "label": "others", "box": [13, 931, 287, 906], "linking": []}]