[{"id": 0, "text": "Thank You For Visiting the", "label": "others", "box": [302, 280, 673, 248], "linking": []}, {"id": 1, "text": "merchant name", "label": "others", "box": [300, 312, 661, 282], "linking": []}, {"id": 2, "text": "Matthew Fraysier", "label": "others", "box": [368, 342, 606, 315], "linking": []}, {"id": 3, "text": "General Manager", "label": "others", "box": [380, 377, 596, 347], "linking": []}, {"id": 4, "text": "merchant phone", "label": "others", "box": [387, 409, 576, 379], "linking": []}, {"id": 5, "text": "We Love Your Feedback!", "label": "others", "box": [322, 445, 641, 411], "linking": []}, {"id": 6, "text": "Text ITIE to 99299", "label": "others", "box": [353, 479, 615, 447], "linking": []}, {"id": 7, "text": "USD", "label": "others", "box": [741, 539, 791, 515], "linking": []}, {"id": 8, "text": "0.83 lb \u00d7 $ 7.68/1b", "label": "0 description beginning", "box": [184, 580, 468, 550], "linking": []}, {"id": 9, "text": "Large Clamshell", "label": "1 description inside", "box": [181, 615, 406, 584], "linking": []}, {"id": 10, "text": "Strwbry Parf Vanilla", "label": "0 description beginning", "box": [179, 648, 481, 619], "linking": []}, {"id": 11, "text": "6.37", "label": "5 total price per item", "box": [726, 611, 790, 579], "linking": []}, {"id": 12, "text": "2.99", "label": "5 total price per item", "box": [724, 644, 789, 615], "linking": []}, {"id": 13, "text": "Sub Total", "label": "others", "box": [520, 723, 654, 690], "linking": []}, {"id": 14, "text": "Tax Amount", "label": "others", "box": [521, 761, 672, 729], "linking": []}, {"id": 15, "text": "9.36", "label": "sub total", "box": [724, 722, 792, 691], "linking": []}, {"id": 16, "text": "0.83", "label": "2 tax total", "box": [725, 759, 790, 729], "linking": []}, {"id": 17, "text": "Total USD", "label": "others", "box": [149, 897, 433, 836], "linking": []}, {"id": 18, "text": "10.19", "label": "total amount", "box": [640, 898, 790, 840], "linking": []}, {"id": 19, "text": "5008 AMEX", "label": "others", "box": [143, 1042, 289, 1010], "linking": []}, {"id": 20, "text": "10.19", "label": "others", "box": [713, 1041, 790, 1008], "linking": []}, {"id": 21, "text": "Tax", "label": "others", "box": [136, 1151, 187, 1124], "linking": []}, {"id": 22, "text": "0 8.875", "label": "others", "box": [140, 1190, 268, 1157], "linking": []}, {"id": 23, "text": " Taxable Amount", "label": "others", "box": [393, 1154, 619, 1121], "linking": []}, {"id": 24, "text": "9.36", "label": "sub total", "box": [543, 1191, 607, 1159], "linking": []}, {"id": 25, "text": " Tax Amount", "label": "others", "box": [634, 1160, 787, 1123], "linking": []}, {"id": 26, "text": "0.83", "label": "2 tax total", "box": [725, 1197, 789, 1165], "linking": []}, {"id": 27, "text": " 10/31/2019 01:59 PM #:29028 Op:", "label": "others", "box": [131, 1315, 608, 1276], "linking": []}, {"id": 28, "text": " 14 S:", "label": "others", "box": [124, 1351, 198, 1316], "linking": []}, {"id": 29, "text": " Served you", "label": "others", "box": [119, 1395, 293, 1356], "linking": []}, {"id": 30, "text": " 120 C:1111", "label": "others", "box": [613, 1320, 788, 1280], "linking": []}, {"id": 31, "text": " 1111", "label": "others", "box": [204, 1350, 274, 1316], "linking": []}, {"id": 32, "text": " : AENY Self Checkout - 4", "label": "others", "box": [299, 1398, 682, 1356], "linking": []}, {"id": 33, "text": "*** Customer copy ***", "label": "others", "box": [256, 1556, 600, 1521], "linking": []}, {"id": 34, "text": "AMEX NY937 (12)", "label": "others", "box": [300, 1642, 543, 1599], "linking": []}]