[{"id": 0, "text": "OPERATED BY", "label": "others", "box": [152, 144, 277, 123], "linking": []}, {"id": 1, "text": "merchant name", "label": "others", "box": [150, 195, 265, 162], "linking": []}, {"id": 2, "text": "merchant name", "label": "others", "box": [143, 213, 269, 197], "linking": []}, {"id": 3, "text": "merchant address", "label": "others", "box": [137, 248, 225, 230], "linking": []}, {"id": 4, "text": "merchant address", "label": "others", "box": [136, 267, 276, 250], "linking": []}, {"id": 5, "text": "merchant address", "label": "others", "box": [229, 248, 255, 231], "linking": []}, {"id": 6, "text": "merchant address", "label": "others", "box": [258, 248, 283, 231], "linking": []}, {"id": 7, "text": "merchant address", "label": "others", "box": [279, 267, 353, 249], "linking": []}, {"id": 8, "text": "merchant address", "label": "others", "box": [52, 267, 131, 249], "linking": []}, {"id": 9, "text": "407487 Rebeca", "label": "others", "box": [41, 306, 175, 288], "linking": []}, {"id": 10, "text": "2285", "label": "others", "box": [38, 344, 119, 325], "linking": []}, {"id": 11, "text": "GST 1", "label": "others", "box": [320, 344, 370, 327], "linking": []}, {"id": 12, "text": "NOV21'19", "label": "others", "box": [124, 364, 213, 347], "linking": []}, {"id": 13, "text": " 6:06PM", "label": "others", "box": [226, 364, 290, 347], "linking": []}, {"id": 14, "text": "TO GO", "label": "others", "box": [90, 403, 142, 386], "linking": []}, {"id": 15, "text": " 1", "label": "e quantity", "box": [59, 443, 73, 426], "linking": []}, {"id": 16, "text": " PNNI", "label": "0 description beginning", "box": [76, 443, 127, 425], "linking": []}, {"id": 17, "text": "786162001511", "label": "others", "box": [79, 462, 203, 445], "linking": []}, {"id": 18, "text": " 1 WTR", "label": "0 description beginning", "box": [58, 483, 114, 466], "linking": []}, {"id": 19, "text": " BTL Smartwater", "label": "1 description inside", "box": [78, 501, 229, 485], "linking": []}, {"id": 20, "text": " BTL WIR", "label": "1 description inside", "box": [100, 519, 177, 502], "linking": []}, {"id": 21, "text": " COOKIE", "label": "0 description beginning", "box": [76, 538, 141, 521], "linking": []}, {"id": 22, "text": "AT813255 XXX1000", "label": "others", "box": [77, 557, 242, 540], "linking": []}, {"id": 23, "text": "AMEX CC", "label": "1 description inside", "box": [76, 577, 149, 560], "linking": []}, {"id": 24, "text": " TURK BERRY", "label": "1 description inside", "box": [131, 442, 237, 425], "linking": []}, {"id": 25, "text": "11.29", "label": "5 total price per item", "box": [290, 442, 339, 425], "linking": []}, {"id": 26, "text": " SMART", "label": "1 description inside", "box": [119, 483, 178, 466], "linking": []}, {"id": 27, "text": " 700m", "label": "1 description inside", "box": [184, 483, 225, 466], "linking": []}, {"id": 28, "text": "4.79", "label": "5 total price per item", "box": [297, 481, 338, 465], "linking": []}, {"id": 29, "text": " 700ML PET", "label": "1 description inside", "box": [234, 501, 327, 484], "linking": []}, {"id": 30, "text": "0.05", "label": "5 total price per item", "box": [295, 518, 336, 502], "linking": []}, {"id": 31, "text": "3.09", "label": "5 total price per item", "box": [294, 538, 335, 521], "linking": []}, {"id": 32, "text": " TAX", "label": "1 description inside", "box": [183, 519, 215, 502], "linking": []}, {"id": 33, "text": " 1", "label": "e quantity", "box": [58, 538, 73, 521], "linking": []}, {"id": 34, "text": "21.42", "label": "5 total price per item", "box": [283, 577, 336, 560], "linking": []}, {"id": 35, "text": "SUBTOTAL", "label": "others", "box": [73, 616, 157, 599], "linking": []}, {"id": 36, "text": "FOODTX ADD207001", "label": "others", "box": [73, 636, 240, 618], "linking": []}, {"id": 37, "text": "21.42", "label": "total amount", "box": [226, 656, 327, 638], "linking": []}, {"id": 38, "text": " -- 407487 Closed NOV21 06:07PM ---", "label": "others", "box": [29, 676, 361, 658], "linking": []}, {"id": 39, "text": "19.22", "label": "sub total", "box": [283, 616, 334, 599], "linking": []}, {"id": 40, "text": "2.20", "label": "2 tax total", "box": [292, 635, 333, 618], "linking": []}, {"id": 41, "text": " AMOUNT", "label": "others", "box": [72, 657, 141, 639], "linking": []}, {"id": 42, "text": " PAID", "label": "others", "box": [145, 656, 189, 639], "linking": []}, {"id": 43, "text": " WE", "label": "others", "box": [37, 717, 64, 699], "linking": []}, {"id": 44, "text": " PLEASE", "label": "others", "box": [36, 738, 104, 719], "linking": []}, {"id": 45, "text": "OR CUSTOMERSERVICE@HMSHOST.COM", "label": "others", "box": [35, 757, 351, 737], "linking": []}, {"id": 46, "text": " YOUR", "label": "others", "box": [152, 776, 197, 758], "linking": []}, {"id": 47, "text": " WANT", "label": "others", "box": [67, 717, 118, 698], "linking": []}, {"id": 48, "text": " CONTACT", "label": "others", "box": [109, 736, 190, 718], "linking": []}, {"id": 49, "text": " TO", "label": "others", "box": [121, 716, 149, 698], "linking": []}, {"id": 50, "text": " HEAR", "label": "others", "box": [152, 716, 201, 698], "linking": []}, {"id": 51, "text": " YOUR", "label": "others", "box": [205, 715, 253, 697], "linking": []}, {"id": 52, "text": "merchant phone", "label": "others", "box": [195, 736, 340, 718], "linking": []}, {"id": 53, "text": " FEEDBACK!", "label": "others", "box": [256, 715, 351, 697], "linking": []}, {"id": 54, "text": " TO SHARE", "label": "others", "box": [56, 777, 146, 759], "linking": []}, {"id": 55, "text": " EXPERIENCE.", "label": "others", "box": [202, 775, 316, 758], "linking": []}, {"id": 56, "text": " STOREID:", "label": "others", "box": [97, 816, 186, 797], "linking": []}, {"id": 57, "text": " GRATUITY", "label": "others", "box": [76, 835, 166, 817], "linking": []}, {"id": 58, "text": " NO", "label": "others", "box": [147, 854, 174, 837], "linking": []}, {"id": 59, "text": " PARTY", "label": "others", "box": [156, 875, 216, 857], "linking": []}, {"id": 60, "text": " 18% DE PROPINA POR", "label": "others", "box": [22, 897, 214, 876], "linking": []}, {"id": 61, "text": " 0", "label": "others", "box": [157, 913, 173, 896], "linking": []}, {"id": 62, "text": " ORDTAP01", "label": "others", "box": [189, 814, 273, 796], "linking": []}, {"id": 63, "text": " INCLUDED", "label": "others", "box": [211, 834, 295, 816], "linking": []}, {"id": 64, "text": " ESTA INCLUIDA", "label": "others", "box": [179, 854, 314, 836], "linking": []}, {"id": 65, "text": " OF", "label": "others", "box": [220, 874, 246, 856], "linking": []}, {"id": 66, "text": " UN GRUPO", "label": "others", "box": [218, 893, 307, 875], "linking": []}, {"id": 67, "text": " NOT", "label": "others", "box": [169, 834, 208, 817], "linking": []}, {"id": 68, "text": " PROPINA", "label": "others", "box": [65, 856, 142, 838], "linking": []}, {"id": 69, "text": " 18% GRATUITY", "label": "others", "box": [22, 878, 153, 858], "linking": []}, {"id": 70, "text": " 6", "label": "others", "box": [250, 873, 266, 856], "linking": []}, {"id": 71, "text": " OR", "label": "others", "box": [271, 873, 298, 856], "linking": []}, {"id": 72, "text": " MORE", "label": "others", "box": [301, 873, 346, 856], "linking": []}, {"id": 73, "text": " DE", "label": "others", "box": [310, 893, 338, 875], "linking": []}, {"id": 74, "text": " 6", "label": "others", "box": [342, 893, 356, 875], "linking": []}, {"id": 75, "text": " MAS", "label": "others", "box": [176, 913, 210, 896], "linking": []}]