[{"id": 0, "text": " 13:32 4G", "label": "others", "box": [47, 61, 177, 28], "linking": []}, {"id": 1, "text": "14.0 VO", "label": "others", "box": [245, 52, 318, 27], "linking": []}, {"id": 2, "text": "80 .00 KB/S LTEQ", "label": "others", "box": [134, 64, 326, 33], "linking": []}, {"id": 3, "text": "BOX", "label": "others", "box": [380, 52, 409, 38], "linking": []}, {"id": 4, "text": "93", "label": "others", "box": [986, 56, 1013, 37], "linking": []}, {"id": 5, "text": "ORDER DETAILS", "label": "others", "box": [130, 161, 419, 126], "linking": []}, {"id": 6, "text": "HELP", "label": "others", "box": [974, 155, 1041, 127], "linking": []}, {"id": 7, "text": "Order #NAHAWJ", "label": "others", "box": [28, 293, 336, 253], "linking": []}, {"id": 8, "text": " DELIVERED on 29 Nov, 2019 @ 07:19 PM", "label": "others", "box": [29, 356, 640, 320], "linking": []}, {"id": 9, "text": " Work", "label": "others", "box": [130, 485, 226, 451], "linking": []}, {"id": 10, "text": "merchant address", "label": "others", "box": [131, 528, 467, 495], "linking": []}, {"id": 11, "text": "merchant address", "label": "others", "box": [131, 573, 1051, 536], "linking": []}, {"id": 12, "text": "merchant address", "label": "others", "box": [127, 616, 828, 580], "linking": []}, {"id": 13, "text": " |", "label": "others", "box": [247, 486, 279, 450], "linking": []}, {"id": 14, "text": "merchant name", "label": "others", "box": [294, 486, 694, 450], "linking": []}, {"id": 15, "text": "ITEM DETAILS", "label": "others", "box": [40, 734, 271, 701], "linking": []}, {"id": 16, "text": " Amritsari Chole Chawal", "label": "0 description beginning", "box": [40, 812, 406, 775], "linking": []}, {"id": 17, "text": " -", "label": "others", "box": [412, 812, 426, 775], "linking": []}, {"id": 18, "text": " [BOX]", "label": "1 description inside", "box": [432, 814, 532, 775], "linking": []}, {"id": 19, "text": " X", "label": "others", "box": [796, 811, 829, 776], "linking": []}, {"id": 20, "text": " 01", "label": "e quantity", "box": [835, 810, 874, 776], "linking": []}, {"id": 21, "text": "\u4e4f 148", "label": "5 total price per item", "box": [953, 808, 1041, 776], "linking": []}, {"id": 22, "text": " Spicy Paneer Meal", "label": "0 description beginning", "box": [37, 930, 322, 889], "linking": []}, {"id": 23, "text": "Chocolate Brownie (EGG), Rajma, Paratha + Rice [Half]", "label": "1 description inside", "box": [39, 967, 745, 934], "linking": []}, {"id": 24, "text": " -", "label": "others", "box": [330, 927, 343, 889], "linking": []}, {"id": 25, "text": " [ALLIN1]", "label": "0 description beginning", "box": [350, 927, 496, 889], "linking": []}, {"id": 26, "text": " \u00d7", "label": "others", "box": [796, 924, 828, 890], "linking": []}, {"id": 27, "text": " 05", "label": "e quantity", "box": [833, 923, 876, 888], "linking": []}, {"id": 28, "text": "\u5f55 1215", "label": "5 total price per item", "box": [944.55, 918.22, 1051.55, 885.22], "linking": []}, {"id": 29, "text": "Shahi Paneer Biryani -", "label": "0 description beginning", "box": [37, 1041, 392, 1001], "linking": []}, {"id": 30, "text": "Raita", "label": "1 description inside", "box": [40, 1078, 110, 1051], "linking": []}, {"id": 31, "text": " \u00d7", "label": "others", "box": [797, 1038, 826, 1002], "linking": []}, {"id": 32, "text": " 01", "label": "e quantity", "box": [833, 1038, 874, 1002], "linking": []}, {"id": 33, "text": "\u20b9 228", "label": "5 total price per item", "box": [953, 1036, 1040, 1004], "linking": []}, {"id": 34, "text": "07 Items", "label": "others", "box": [40, 1172, 178, 1139], "linking": []}, {"id": 35, "text": "SUB TOTAL \u20b9 1591", "label": "sub total", "box": [756, 1171, 1039, 1139], "linking": []}, {"id": 36, "text": "PACKAGING CHARGE", "label": "others", "box": [41, 1266, 355, 1232], "linking": []}, {"id": 37, "text": "\u20b9 10.0", "label": "others", "box": [948, 1264, 1041, 1233], "linking": []}, {"id": 38, "text": "CGST@2.5%", "label": "others", "box": [39, 1349, 221, 1316], "linking": []}, {"id": 39, "text": "\u4e4f 40.03", "label": "2 tax total", "box": [929, 1348, 1039, 1316], "linking": []}, {"id": 40, "text": "SGST@2.5%", "label": "others", "box": [40, 1432, 220, 1399], "linking": []}, {"id": 41, "text": "\u4e4f 40.03", "label": "2 tax total", "box": [930, 1431, 1040, 1399], "linking": []}, {"id": 42, "text": "TOTAL", "label": "others", "box": [40, 1526, 146, 1495], "linking": []}, {"id": 43, "text": "\u4e4f 1681", "label": "total amount", "box": [934, 1527, 1038, 1495], "linking": []}, {"id": 44, "text": " Paid Via", "label": "others", "box": [28, 1658, 167, 1624], "linking": []}, {"id": 45, "text": " Paytm", "label": "others", "box": [179, 1660, 276, 1624], "linking": []}, {"id": 46, "text": "INVOICE", "label": "others", "box": [918, 1644, 1049, 1611], "linking": []}, {"id": 47, "text": "\u20b9200", "label": "others", "box": [359, 1874, 391, 1862], "linking": []}, {"id": 48, "text": "Refer & Earn", "label": "others", "box": [519, 1976, 978, 1911], "linking": []}, {"id": 49, "text": "From each friend's 1st order.", "label": "others", "box": [573, 2007, 925, 1982], "linking": []}, {"id": 50, "text": "BOX 8", "label": "others", "box": [125, 1982, 206, 1938], "linking": []}, {"id": 51, "text": "200", "label": "others", "box": [432, 1971, 453, 1957], "linking": []}, {"id": 52, "text": "You Get", "label": "others", "box": [540, 2065, 662, 2034], "linking": []}, {"id": 53, "text": "200", "label": "others", "box": [541, 2133, 673, 2077], "linking": []}, {"id": 54, "text": "BOX8 MONEY", "label": "others", "box": [543, 2157, 670, 2136], "linking": []}, {"id": 55, "text": "Your Friend Gets", "label": "others", "box": [755, 2064, 1013, 2035], "linking": []}, {"id": 56, "text": "\u20b9150 OFF", "label": "others", "box": [818, 2100, 947, 2072], "linking": []}, {"id": 57, "text": "+", "label": "others", "box": [878, 2119, 902, 2102], "linking": []}, {"id": 58, "text": "200", "label": "others", "box": [448, 2088, 467, 2071], "linking": []}, {"id": 59, "text": "\u20b9 150 BOX8MONEY", "label": "others", "box": [799, 2145, 969, 2116], "linking": []}, {"id": 60, "text": " : \u20b9 300", "label": "others", "box": [898, 2169, 954, 2150], "linking": []}, {"id": 61, "text": " Min order", "label": "others", "box": [814, 2169, 895, 2151], "linking": []}, {"id": 62, "text": "200", "label": "others", "box": [413, 2204, 429, 2186], "linking": []}, {"id": 63, "text": "REORDER", "label": "others", "box": [454, 2296, 627, 2263], "linking": []}]