[{"id": 0, "text": "merchant name", "label": "others", "box": [1187, 524, 1533, 504], "linking": []}, {"id": 1, "text": "merchant address", "label": "others", "box": [1172, 547, 1549, 526], "linking": []}, {"id": 2, "text": "merchant address", "label": "others", "box": [1187, 568, 1517, 548], "linking": []}, {"id": 3, "text": "merchant phone", "label": "others", "box": [1266, 590, 1454, 570], "linking": []}, {"id": 4, "text": "**", "label": "others", "box": [1170, 632, 1207, 615], "linking": []}, {"id": 5, "text": " Tran. #:", "label": "others", "box": [1173, 660, 1303, 639], "linking": []}, {"id": 6, "text": " Check #:", "label": "others", "box": [1172, 681, 1303, 661], "linking": []}, {"id": 7, "text": " Employee #:", "label": "others", "box": [1171, 706, 1351, 683], "linking": []}, {"id": 8, "text": " Employee:", "label": "others", "box": [1172, 729, 1321, 705], "linking": []}, {"id": 9, "text": "TRANSACTION RECORD **", "label": "others", "box": [1218, 638, 1550, 616], "linking": []}, {"id": 10, "text": " 1405", "label": "others", "box": [1316, 660, 1375, 638], "linking": []}, {"id": 11, "text": " 1909589", "label": "others", "box": [1314, 681, 1422, 661], "linking": []}, {"id": 12, "text": " 310", "label": "others", "box": [1358, 705, 1407, 683], "linking": []}, {"id": 13, "text": " SURIL", "label": "others", "box": [1327, 728, 1404, 706], "linking": []}, {"id": 14, "text": "American Express", "label": "others", "box": [1171, 775, 1423, 750], "linking": []}, {"id": 15, "text": "Purchase", "label": "others", "box": [1173, 794, 1299, 774], "linking": []}, {"id": 16, "text": "xxxxxxxxxxx1003 C", "label": "others", "box": [1171, 817, 1440, 797], "linking": []}, {"id": 17, "text": " AID:", "label": "others", "box": [1173, 839, 1238, 819], "linking": []}, {"id": 18, "text": " App Name:", "label": "others", "box": [1172, 864, 1310, 843], "linking": []}, {"id": 19, "text": "AMERICAN EXPRESS", "label": "others", "box": [1186, 885, 1438, 864], "linking": []}, {"id": 20, "text": " A000000025010801", "label": "others", "box": [1249, 841, 1500, 820], "linking": []}, {"id": 21, "text": "Amount", "label": "others", "box": [1296, 947, 1395, 912], "linking": []}, {"id": 22, "text": "Tip", "label": "others", "box": [1344, 998, 1389, 954], "linking": []}, {"id": 23, "text": "==========", "label": "others", "box": [1383, 1026, 1551, 999], "linking": []}, {"id": 24, "text": "$21.47", "label": "sub total", "box": [1444, 950, 1553, 911], "linking": []}, {"id": 25, "text": "$4.29", "label": "3 tip", "box": [1472, 994, 1546, 959], "linking": []}, {"id": 26, "text": "TOTAL CAD$25.76", "label": "total amount", "box": [1311, 1065, 1550, 1023], "linking": []}, {"id": 27, "text": "APPROVED 807560", "label": "others", "box": [1170, 1112, 1405, 1091], "linking": []}, {"id": 28, "text": "00-000 (000) 807560", "label": "others", "box": [1169, 1135, 1468, 1113], "linking": []}, {"id": 29, "text": "300MCS15/300MCC15", "label": "others", "box": [1170, 1157, 1439, 1136], "linking": []}, {"id": 30, "text": "000090607649", "label": "others", "box": [1169, 1179, 1358, 1158], "linking": []}, {"id": 31, "text": "11/04/2019", "label": "others", "box": [1169, 1201, 1327, 1180], "linking": []}, {"id": 32, "text": " 9:05:28 PM", "label": "others", "box": [1388, 1207, 1547, 1180], "linking": []}, {"id": 33, "text": " 0000008000", "label": "others", "box": [1244, 1250, 1405, 1226], "linking": []}, {"id": 34, "text": "F800", "label": "others", "box": [1245, 1271, 1316, 1248], "linking": []}, {"id": 35, "text": " TVR:", "label": "others", "box": [1168, 1248, 1237, 1225], "linking": []}, {"id": 36, "text": " TSI:", "label": "others", "box": [1167, 1271, 1227, 1248], "linking": []}, {"id": 37, "text": "Customer Copy", "label": "others", "box": [1246, 1320, 1448, 1295], "linking": []}]