[{"id": 0, "text": "merchant name", "label": "others", "box": [186, 159, 328, 137], "linking": []}, {"id": 1, "text": "TAQUERIA", "label": "others", "box": [276, 168, 327, 157], "linking": []}, {"id": 2, "text": "merchant name", "label": "others", "box": [222, 217, 290, 207], "linking": []}, {"id": 3, "text": "merchant address", "label": "others", "box": [151, 228, 362, 216], "linking": []}, {"id": 4, "text": "merchant address", "label": "others", "box": [171, 239, 339, 227], "linking": []}, {"id": 5, "text": " Server:", "label": "others", "box": [143, 264, 198, 254], "linking": []}, {"id": 6, "text": "Check #1212", "label": "others", "box": [143, 275, 225, 265], "linking": []}, {"id": 7, "text": " BLANCA M", "label": "others", "box": [201, 264, 263, 253], "linking": []}, {"id": 8, "text": "12/02/19", "label": "others", "box": [309, 262, 367, 251], "linking": []}, {"id": 9, "text": " 3:12 PM", "label": "others", "box": [315, 274, 368, 264], "linking": []}, {"id": 10, "text": "Chicken Quesadilla", "label": "0 description beginning", "box": [141, 310, 277, 298], "linking": []}, {"id": 11, "text": "Corona", "label": "0 description beginning", "box": [141, 322, 188, 312], "linking": []}, {"id": 12, "text": "$8.99", "label": "5 total price per item", "box": [329, 309, 368, 299], "linking": []}, {"id": 13, "text": "$4.59", "label": "5 total price per item", "box": [329, 321, 368, 312], "linking": []}, {"id": 14, "text": "Subtotal", "label": "others", "box": [141, 347, 201, 336], "linking": []}, {"id": 15, "text": "Tax", "label": "others", "box": [141, 358, 165, 349], "linking": []}, {"id": 16, "text": "Total", "label": "others", "box": [142, 370, 177, 361], "linking": []}, {"id": 17, "text": "$13.58", "label": "sub total", "box": [323, 346, 369, 335], "linking": []}, {"id": 18, "text": "$1.21", "label": "2 tax total", "box": [329, 359, 369, 347], "linking": []}, {"id": 19, "text": "$14.79", "label": "total amount", "box": [323, 370, 369, 359], "linking": []}, {"id": 20, "text": "Credit Card", "label": "others", "box": [138, 395, 224, 384], "linking": []}, {"id": 21, "text": "Anex", "label": "others", "box": [138, 407, 170, 398], "linking": []}, {"id": 22, "text": "Swiped", "label": "others", "box": [323, 395, 371, 384], "linking": []}, {"id": 23, "text": "xxxxxxxx1001", "label": "others", "box": [278, 408, 370, 396], "linking": []}, {"id": 24, "text": "Transaction Type", "label": "others", "box": [137, 434, 262, 423], "linking": []}, {"id": 25, "text": "Authorization", "label": "others", "box": [137, 447, 239, 436], "linking": []}, {"id": 26, "text": "Approval Code", "label": "others", "box": [136, 460, 239, 448], "linking": []}, {"id": 27, "text": "Payment ID", "label": "others", "box": [136, 473, 215, 462], "linking": []}, {"id": 28, "text": "Merchant ID", "label": "others", "box": [135, 486, 224, 475], "linking": []}, {"id": 29, "text": "Card Reader", "label": "others", "box": [134, 499, 223, 488], "linking": []}, {"id": 30, "text": "Sale", "label": "others", "box": [341, 433, 372, 423], "linking": []}, {"id": 31, "text": "Approved", "label": "others", "box": [310, 446, 374, 436], "linking": []}, {"id": 32, "text": "535160", "label": "others", "box": [325, 458, 374, 448], "linking": []}, {"id": 33, "text": "pxPgyidgp7bk", "label": "others", "box": [279, 473, 374, 461], "linking": []}, {"id": 34, "text": "027611244", "label": "others", "box": [303, 485, 374, 474], "linking": []}, {"id": 35, "text": "Amount", "label": "others", "box": [213, 526, 262, 515], "linking": []}, {"id": 36, "text": "$14.79", "label": "total amount", "box": [328, 525, 376, 513], "linking": []}, {"id": 37, "text": "Have you ever wanted to follow", "label": "others", "box": [134, 580, 379, 566], "linking": []}, {"id": 38, "text": "a burrito", "label": "others", "box": [219, 594, 294, 582], "linking": []}, {"id": 39, "text": "on Instagram? Checkout the", "label": "others", "box": [148, 608, 362, 595], "linking": []}, {"id": 40, "text": "shenanigans of", "label": "others", "box": [198, 622, 314, 611], "linking": []}, {"id": 41, "text": "@pintotheburrito", "label": "others", "box": [189, 637, 323, 625], "linking": []}, {"id": 42, "text": "ADasToros on Instagram", "label": "others", "box": [164, 652, 348, 639], "linking": []}]