[{"id": 0, "text": "Thank You For Visiting the", "label": "others", "box": [73, 69, 198, 43], "linking": []}, {"id": 1, "text": "Matthew Frayster", "label": "others", "box": [96, 95, 172, 74], "linking": []}, {"id": 2, "text": "merchant phone", "label": "others", "box": [100, 123, 164, 101], "linking": []}, {"id": 3, "text": " 8. 1611479 to 73940", "label": "others", "box": [102, 147, 192, 125], "linking": []}, {"id": 4, "text": "merchant name", "label": "others", "box": [73, 82, 195, 55], "linking": []}, {"id": 5, "text": "General Manager", "label": "others", "box": [99, 108, 170, 87], "linking": []}, {"id": 6, "text": " Love Your Feedback!", "label": "others", "box": [93, 134, 188, 112], "linking": []}, {"id": 7, "text": " Text", "label": "others", "box": [81, 148, 100, 134], "linking": []}, {"id": 8, "text": " We", "label": "others", "box": [80, 135, 91, 122], "linking": []}, {"id": 9, "text": "USO", "label": "others", "box": [218, 163, 234, 150], "linking": []}, {"id": 10, "text": "2.85", "label": "5 total price per item", "box": [212, 175, 235, 161], "linking": []}, {"id": 11, "text": "SOup - 12oz", "label": "0 description beginning", "box": [36, 186, 93, 171], "linking": []}, {"id": 12, "text": "Sub Total", "label": "others", "box": [145, 209, 190, 193], "linking": []}, {"id": 13, "text": "2.85", "label": "sub total", "box": [210, 202, 235, 189], "linking": []}, {"id": 14, "text": "0.25", "label": "2 tax total", "box": [211, 214, 233, 201], "linking": []}, {"id": 15, "text": "Tax Amount", "label": "others", "box": [145, 222, 195, 206], "linking": []}, {"id": 16, "text": "Total USD", "label": "others", "box": [30, 273, 118, 248], "linking": []}, {"id": 17, "text": "3.10", "label": "total amount", "box": [189, 265, 232, 241], "linking": []}, {"id": 18, "text": "5009 AMERICAN EXPRESS", "label": "others", "box": [30, 320, 132, 306], "linking": []}, {"id": 19, "text": "3.10", "label": "others", "box": [209, 313, 231, 300], "linking": []}, {"id": 20, "text": "Tax", "label": "others", "box": [31, 357, 46, 345], "linking": []}, {"id": 21, "text": " 0", "label": "others", "box": [32, 369, 40, 357], "linking": []}, {"id": 22, "text": " Taxable Mount", "label": "others", "box": [105, 357, 177, 342], "linking": []}, {"id": 23, "text": " Tax", "label": "others", "box": [180, 353, 196, 341], "linking": []}, {"id": 24, "text": " Asount", "label": "others", "box": [198, 353, 231, 340], "linking": []}, {"id": 25, "text": "0.25", "label": "2 tax total", "box": [208, 363, 231, 351], "linking": []}, {"id": 26, "text": " 8.875", "label": "others", "box": [42, 370, 71, 358], "linking": []}, {"id": 27, "text": " 11/19/2019 12:51 PM #:31955 0:123 0:1111", "label": "others", "box": [30, 407, 229, 389], "linking": []}, {"id": 28, "text": " 17 5:1111", "label": "others", "box": [30, 419, 73, 407], "linking": []}, {"id": 29, "text": " Served you", "label": "others", "box": [28, 432, 77, 419], "linking": []}, {"id": 30, "text": " : AENY Self Checkout - 7", "label": "others", "box": [79, 431, 200, 415], "linking": []}, {"id": 31, "text": "AMEX NY937 (15)", "label": "others", "box": [88, 504, 154, 492], "linking": []}, {"id": 32, "text": " above", "label": "others", "box": [119, 517, 146, 505], "linking": []}, {"id": 33, "text": "according to card Issuer", "label": "others", "box": [63, 529, 177, 518], "linking": []}, {"id": 34, "text": " (Merchant agreement", "label": "others", "box": [73, 542, 164, 530], "linking": []}, {"id": 35, "text": " Voucher)Retain", "label": "others", "box": [40, 554, 108, 543], "linking": []}, {"id": 36, "text": "records.", "label": "others", "box": [102, 566, 138, 556], "linking": []}, {"id": 37, "text": " I agree to pay", "label": "others", "box": [33, 518, 99, 506], "linking": []}, {"id": 38, "text": " the", "label": "others", "box": [101, 517, 116, 506], "linking": []}, {"id": 39, "text": " total", "label": "others", "box": [149, 517, 174, 505], "linking": []}, {"id": 40, "text": " amount", "label": "others", "box": [176, 516, 208, 503], "linking": []}, {"id": 41, "text": " agreement.", "label": "others", "box": [26, 542, 71, 531], "linking": []}, {"id": 42, "text": " it", "label": "others", "box": [166, 542, 178, 530], "linking": []}, {"id": 43, "text": " for", "label": "others", "box": [157, 554, 173, 543], "linking": []}, {"id": 44, "text": " Credit", "label": "others", "box": [180, 541, 212, 529], "linking": []}, {"id": 45, "text": " your", "label": "others", "box": [175, 554, 197, 543], "linking": []}, {"id": 46, "text": " this copy", "label": "others", "box": [110, 554, 155, 543], "linking": []}, {"id": 47, "text": "PURCHASE / APPROVED", "label": "others", "box": [24, 591, 116, 579], "linking": []}, {"id": 48, "text": "AMERICAN EXPRESS", "label": "others", "box": [23, 603, 102, 592], "linking": []}, {"id": 49, "text": "*********** 1006", "label": "others", "box": [23, 616, 97, 604], "linking": []}, {"id": 50, "text": " CHIP READ", "label": "others", "box": [24, 629, 68, 617], "linking": []}, {"id": 51, "text": " /", "label": "others", "box": [70, 629, 79, 617], "linking": []}, {"id": 52, "text": " 2019/11/19 12:51:12", "label": "others", "box": [23, 656, 116, 642], "linking": []}, {"id": 53, "text": "**** 9174", "label": "others", "box": [174, 668, 214, 655], "linking": []}, {"id": 54, "text": "6634459", "label": "others", "box": [178, 681, 214, 669], "linking": []}, {"id": 55, "text": "HID", "label": "others", "box": [22, 678, 38, 667], "linking": []}, {"id": 56, "text": "REFERENCE", "label": "others", "box": [22, 691, 67, 680], "linking": []}, {"id": 57, "text": "AUTH CODE", "label": "others", "box": [22, 704, 68, 692], "linking": []}, {"id": 58, "text": "871233", "label": "others", "box": [183, 707, 213, 694], "linking": []}, {"id": 59, "text": "TOTAL", "label": "others", "box": [22, 729, 46, 717], "linking": []}, {"id": 60, "text": "US03.10", "label": "total amount", "box": [177, 733, 215, 720], "linking": []}, {"id": 61, "text": " ARC:", "label": "others", "box": [22, 755, 41, 743], "linking": []}, {"id": 62, "text": " TSI:", "label": "others", "box": [21, 768, 40, 755], "linking": []}, {"id": 63, "text": " IAD:", "label": "others", "box": [20, 780, 41, 768], "linking": []}, {"id": 64, "text": " TVR:", "label": "others", "box": [21, 793, 40, 781], "linking": []}, {"id": 65, "text": " AID:", "label": "others", "box": [20, 805, 41, 794], "linking": []}, {"id": 66, "text": " PAN S Nb:", "label": "others", "box": [19, 819, 74, 806], "linking": []}, {"id": 67, "text": " 00", "label": "others", "box": [43, 755, 58, 743], "linking": []}, {"id": 68, "text": " F803", "label": "others", "box": [43, 768, 66, 756], "linking": []}, {"id": 69, "text": " 06710103602002", "label": "others", "box": [42, 781, 113, 768], "linking": []}, {"id": 70, "text": " 0020008000", "label": "others", "box": [42, 793, 93, 781], "linking": []}, {"id": 71, "text": " A000000025010801", "label": "others", "box": [43, 806, 120, 794], "linking": []}, {"id": 72, "text": " 03", "label": "others", "box": [76, 819, 89, 807], "linking": []}]