[{"id": 0, "text": "Thank You For Joining Us At", "label": "others", "box": [586, 105, 1017, 68], "linking": []}, {"id": 1, "text": "merchant name", "label": "others", "box": [683, 138, 923, 103], "linking": []}, {"id": 2, "text": "11/16/2019", "label": "others", "box": [535, 171, 697, 136], "linking": []}, {"id": 3, "text": "=====", "label": "others", "box": [528, 202, 612, 178], "linking": []}, {"id": 4, "text": " 8:19", "label": "others", "box": [1001, 178, 1068, 146], "linking": []}, {"id": 5, "text": "===", "label": "others", "box": [1016, 211, 1067, 189], "linking": []}, {"id": 6, "text": "Avenue Cafe", "label": "others", "box": [708, 247, 889, 213], "linking": []}, {"id": 7, "text": " 3145547", "label": "others", "box": [654, 286, 774, 248], "linking": []}, {"id": 8, "text": " Rachel G", "label": "others", "box": [653, 325, 792, 289], "linking": []}, {"id": 9, "text": " Terminal:", "label": "others", "box": [527, 361, 679, 326], "linking": []}, {"id": 10, "text": "===", "label": "others", "box": [521, 392, 566, 369], "linking": []}, {"id": 11, "text": " Check:", "label": "others", "box": [528, 284, 643, 247], "linking": []}, {"id": 12, "text": " Server:", "label": "others", "box": [528, 325, 648, 289], "linking": []}, {"id": 13, "text": " Table:", "label": "others", "box": [849, 288, 957, 253], "linking": []}, {"id": 14, "text": " Guests:", "label": "others", "box": [849, 327, 972, 291], "linking": []}, {"id": 15, "text": " 406", "label": "others", "box": [962, 289, 1018, 255], "linking": []}, {"id": 16, "text": " 3", "label": "others", "box": [977, 327, 1002, 293], "linking": []}, {"id": 17, "text": " 314", "label": "others", "box": [684, 361, 737, 327], "linking": []}, {"id": 18, "text": "===", "label": "others", "box": [1023, 400, 1066, 379], "linking": []}, {"id": 19, "text": "Regular Check", "label": "others", "box": [684, 442, 897, 402], "linking": []}, {"id": 20, "text": " Hot Tea", "label": "0 description beginning", "box": [643, 480, 772, 442], "linking": []}, {"id": 21, "text": "2 Fresh OJ", "label": "0 description beginning", "box": [614, 517, 785, 480], "linking": []}, {"id": 22, "text": "@ 8.00", "label": "unit price", "box": [642, 553, 751, 518], "linking": []}, {"id": 23, "text": "2 Coffee", "label": "0 description beginning", "box": [611, 589, 747, 552], "linking": []}, {"id": 24, "text": "@ 5.00", "label": "unit price", "box": [639, 624, 743, 591], "linking": []}, {"id": 25, "text": "2 BYO Omelet", "label": "0 description beginning", "box": [605, 666, 809, 625], "linking": []}, {"id": 26, "text": "@ 20.00", "label": "unit price", "box": [635, 703, 761, 666], "linking": []}, {"id": 27, "text": "Bell P", "label": "1 description inside", "box": [636, 742, 740, 703], "linking": []}, {"id": 28, "text": "$Swiss $1", "label": "1 description inside", "box": [636, 785, 789, 746], "linking": []}, {"id": 29, "text": "3 Sub Fruit", "label": "0 description beginning", "box": [599, 827, 790, 787], "linking": []}, {"id": 30, "text": " @", "label": "others", "box": [630, 868, 659, 833], "linking": []}, {"id": 31, "text": " Eggs Benedict", "label": "0 description beginning", "box": [628, 912, 856, 873], "linking": []}, {"id": 32, "text": " Belgian Waffles", "label": "0 description beginning", "box": [627, 954, 888, 910], "linking": []}, {"id": 33, "text": " 1", "label": "e quantity", "box": [616, 479, 636, 442], "linking": []}, {"id": 34, "text": "5.00", "label": "5 total price per item", "box": [991, 483, 1064, 449], "linking": []}, {"id": 35, "text": "16.00", "label": "5 total price per item", "box": [983, 522, 1060, 489], "linking": []}, {"id": 36, "text": "10.00", "label": "5 total price per item", "box": [979, 597, 1061, 565], "linking": []}, {"id": 37, "text": "40.00", "label": "5 total price per item", "box": [973, 669, 1063, 635], "linking": []}, {"id": 38, "text": "6.00", "label": "5 total price per item", "box": [988, 830, 1061, 795], "linking": []}, {"id": 39, "text": " 2.00", "label": "5 total price per item", "box": [664, 867, 740, 833], "linking": []}, {"id": 40, "text": " 1", "label": "e quantity", "box": [602, 909, 623, 872], "linking": []}, {"id": 41, "text": " 1", "label": "e quantity", "box": [600, 947, 620, 909], "linking": []}, {"id": 42, "text": "19.00", "label": "5 total price per item", "box": [972, 913, 1060, 878], "linking": []}, {"id": 43, "text": "15.00", "label": "5 total price per item", "box": [970, 953, 1058, 918], "linking": []}, {"id": 44, "text": "Subtotal", "label": "others", "box": [662, 1034, 794, 994], "linking": []}, {"id": 45, "text": "Sales Tax", "label": "others", "box": [645, 1076, 796, 1039], "linking": []}, {"id": 46, "text": "Total", "label": "others", "box": [713, 1117, 793, 1080], "linking": []}, {"id": 47, "text": "111.00", "label": "sub total", "box": [920, 1038, 1022, 1001], "linking": []}, {"id": 48, "text": "9.16", "label": "2 tax total", "box": [952, 1078, 1022, 1041], "linking": []}, {"id": 49, "text": "120.16", "label": "total amount", "box": [920, 1122, 1019, 1084], "linking": []}, {"id": 50, "text": "==========", "label": "others", "box": [485, 1235, 648, 1211], "linking": []}, {"id": 51, "text": "----", "label": "others", "box": [928, 1235, 985, 1217], "linking": []}, {"id": 52, "text": "Payments", "label": "others", "box": [686, 1284, 830, 1246], "linking": []}, {"id": 53, "text": "MGM Room Charge", "label": "others", "box": [465, 1360, 737, 1316], "linking": []}, {"id": 54, "text": "120.16", "label": "others", "box": [949, 1366, 1056, 1327], "linking": []}, {"id": 55, "text": "merchant address", "label": "others", "box": [499, 1408, 1041, 1357], "linking": []}, {"id": 56, "text": "Total Payments", "label": "others", "box": [450, 1538, 710, 1490], "linking": []}, {"id": 57, "text": "120.16", "label": "total amount", "box": [951, 1545, 1064, 1503], "linking": []}, {"id": 58, "text": "Remaining Balance", "label": "others", "box": [435, 1635, 764, 1585], "linking": []}, {"id": 59, "text": "0.00", "label": "others", "box": [983, 1641, 1066, 1599], "linking": []}, {"id": 60, "text": "Check Fully Authorized", "label": "others", "box": [429, 1733, 860, 1678], "linking": []}, {"id": 61, "text": "==", "label": "others", "box": [429, 1804, 471, 1780], "linking": []}, {"id": 62, "text": "***** GRATUITY/TIP Not Included *****", "label": "others", "box": [430, 1879, 1104, 1819], "linking": []}, {"id": 63, "text": "your convenience.", "label": "others", "box": [425, 1964, 750, 1920], "linking": []}, {"id": 64, "text": "====", "label": "others", "box": [977, 1823, 1062, 1797], "linking": []}, {"id": 65, "text": "This tip/gratuity guide is provided for", "label": "others", "box": [430, 1932, 1177, 1865], "linking": []}, {"id": 66, "text": "18%-19.98", "label": "others", "box": [584, 2058, 750, 2014], "linking": []}, {"id": 67, "text": "19%-21.09", "label": "others", "box": [584, 2103, 750, 2060], "linking": []}, {"id": 68, "text": "20%-22.20", "label": "others", "box": [578, 2145, 749, 2104], "linking": []}]