[{"id": 0, "text": "Thank You For Visiting the", "label": "others", "box": [296, 70, 553, 35], "linking": []}, {"id": 1, "text": "Nadine Varella, General Manager", "label": "others", "box": [268, 112, 575, 79], "linking": []}, {"id": 2, "text": "We Love Your Feedback!", "label": "others", "box": [313, 156, 531, 126], "linking": []}, {"id": 3, "text": "merchant name", "label": "others", "box": [280, 90, 565, 57], "linking": []}, {"id": 4, "text": "merchant phone", "label": "others", "box": [341, 130, 501, 100], "linking": []}, {"id": 5, "text": "Text @LTF41042 to 73940", "label": "others", "box": [310, 179, 537, 150], "linking": []}, {"id": 6, "text": "USD", "label": "others", "box": [595, 223, 626, 202], "linking": []}, {"id": 7, "text": "2.25", "label": "5 total price per item", "box": [588, 245, 628, 224], "linking": []}, {"id": 8, "text": " 15", "label": "5 total price per item", "box": [608, 270, 629, 247], "linking": []}, {"id": 9, "text": "Pizza Slice", "label": "0 description beginning", "box": [228, 250, 336, 226], "linking": []}, {"id": 10, "text": "Water Aquafina 20oz", "label": "0 description beginning", "box": [229, 273, 417, 249], "linking": []}, {"id": 11, "text": "Chip Doritos Nacho C", "label": "0 description beginning", "box": [229, 296, 426, 273], "linking": []}, {"id": 12, "text": " 11.", "label": "5 total price per item", "box": [582, 272, 605, 248], "linking": []}, {"id": 13, "text": "1,05", "label": "5 total price per item", "box": [584, 297, 626, 266], "linking": []}, {"id": 14, "text": "4.45", "label": "sub total", "box": [587, 339, 629, 319], "linking": []}, {"id": 15, "text": "0.31", "label": "2 tax total", "box": [585, 362, 628, 342], "linking": []}, {"id": 16, "text": "Sub Total", "label": "others", "box": [450, 343, 541, 320], "linking": []}, {"id": 17, "text": "Tax Amount", "label": "others", "box": [452, 368, 552, 344], "linking": []}, {"id": 18, "text": "Total USD", "label": "others", "box": [226, 457, 396, 419], "linking": []}, {"id": 19, "text": "4.76", "label": "total amount", "box": [544, 458, 628, 414], "linking": []}, {"id": 20, "text": "5009 AMERICAN EXPRESS", "label": "others", "box": [224, 547, 426, 524], "linking": []}, {"id": 21, "text": "4.76", "label": "others", "box": [587, 544, 629, 525], "linking": []}, {"id": 22, "text": "Tax", "label": "others", "box": [225, 614, 253, 595], "linking": []}, {"id": 23, "text": " ()", "label": "others", "box": [225, 639, 246, 617], "linking": []}, {"id": 24, "text": "Taxable Amount Tax Amount", "label": "others", "box": [378, 616, 631, 593], "linking": []}, {"id": 25, "text": "0.3", "label": "2 tax total", "box": [589, 638, 627, 617], "linking": []}, {"id": 26, "text": " 7.00", "label": "others", "box": [250, 639, 292, 618], "linking": []}, {"id": 27, "text": "4.45", "label": "sub total", "box": [469, 638, 511, 618], "linking": []}, {"id": 28, "text": " 11/22/2019 01:17 PM #:20726 Op:3053 C:113", "label": "others", "box": [223, 713, 634, 689], "linking": []}, {"id": 29, "text": " 102 S:1131", "label": "others", "box": [225, 736, 321, 714], "linking": []}, {"id": 30, "text": " Served you", "label": "others", "box": [221, 761, 323, 739], "linking": []}, {"id": 31, "text": " : Marie Leonce", "label": "others", "box": [326, 762, 464, 739], "linking": []}, {"id": 32, "text": "*** Customer copy ***", "label": "others", "box": [302, 863, 515, 836], "linking": []}, {"id": 33, "text": "AMEX Sunrise 937-8", "label": "others", "box": [321, 916, 507, 886], "linking": []}, {"id": 34, "text": "according to card issuer", "label": "others", "box": [290, 967, 534, 935], "linking": []}, {"id": 35, "text": " if", "label": "others", "box": [514, 994, 538, 968], "linking": []}, {"id": 36, "text": "I agree to pay the above total amount", "label": "others", "box": [228, 942, 597, 906], "linking": []}, {"id": 37, "text": " agreement. (Merchant agreement", "label": "others", "box": [216, 994, 511, 956], "linking": []}, {"id": 38, "text": "records.", "label": "others", "box": [371, 1042, 454, 1016], "linking": []}, {"id": 39, "text": " Credit", "label": "others", "box": [541, 994, 609, 968], "linking": []}, {"id": 40, "text": "Woucher )Retain this copy for your", "label": "others", "box": [244, 1018, 576, 977], "linking": []}, {"id": 41, "text": "PURCHASE / APPROVED", "label": "others", "box": [227, 1084, 405, 1037], "linking": []}, {"id": 42, "text": "*********** 1009", "label": "others", "box": [229, 1123, 369, 1086], "linking": []}, {"id": 43, "text": "AMERICAN EXPRESS", "label": "others", "box": [228, 1104, 376, 1062], "linking": []}, {"id": 44, "text": "CHIP READ /", "label": "others", "box": [228, 1139, 333, 1108], "linking": []}, {"id": 45, "text": "0010/11.", "label": "others", "box": [226, 1172, 306, 1155], "linking": []}]