[{"id": 0, "text": "0048", "label": "others", "box": [200, 126, 294, 89], "linking": []}, {"id": 1, "text": " ANDRIA W", "label": "others", "box": [289, 154, 382, 125], "linking": []}, {"id": 2, "text": " Server:", "label": "others", "box": [202, 148, 286, 116], "linking": []}, {"id": 3, "text": " 11/19/19 21:44, Swiped T:", "label": "others", "box": [203, 176, 508, 140], "linking": []}, {"id": 4, "text": "merchant name", "label": "others", "box": [201, 225, 308, 189], "linking": []}, {"id": 5, "text": "merchant address", "label": "others", "box": [203, 273, 429, 239], "linking": []}, {"id": 6, "text": " 23 Term:", "label": "others", "box": [512, 172, 615, 138], "linking": []}, {"id": 7, "text": " 2", "label": "others", "box": [619, 159, 637, 136], "linking": []}, {"id": 8, "text": " Rec:", "label": "others", "box": [553, 142, 605, 115], "linking": []}, {"id": 9, "text": " 61", "label": "others", "box": [607, 136, 634, 112], "linking": []}, {"id": 10, "text": "merchant address", "label": "others", "box": [203, 250, 428, 215], "linking": []}, {"id": 11, "text": "merchant phone", "label": "others", "box": [205, 298, 354, 265], "linking": []}, {"id": 12, "text": "CARD TYPE", "label": "others", "box": [203, 348, 313, 317], "linking": []}, {"id": 13, "text": "00 TRANSACTION APPROVED", "label": "others", "box": [205, 400, 469, 370], "linking": []}, {"id": 14, "text": " AUTHORIZATION #:", "label": "others", "box": [206, 426, 395, 399], "linking": []}, {"id": 15, "text": " Reference:", "label": "others", "box": [204, 453, 331, 425], "linking": []}, {"id": 16, "text": " TRANS TYPE:", "label": "others", "box": [206, 480, 341, 452], "linking": []}, {"id": 17, "text": "ACCOUNT NUMBER", "label": "others", "box": [398, 348, 555, 317], "linking": []}, {"id": 18, "text": "AMERICAN EXPRES XXXXXXXXXXXX2008", "label": "others", "box": [205, 374, 582, 340], "linking": []}, {"id": 19, "text": " 529348", "label": "others", "box": [399, 426, 472, 400], "linking": []}, {"id": 20, "text": " 1119010000048", "label": "others", "box": [336, 453, 487, 425], "linking": []}, {"id": 21, "text": " Credit Card SALE", "label": "others", "box": [346, 480, 533, 448], "linking": []}, {"id": 22, "text": " CHECK", "label": "others", "box": [209, 537, 327, 509], "linking": []}, {"id": 23, "text": " :", "label": "others", "box": [331, 537, 349, 510], "linking": []}, {"id": 24, "text": "100.00", "label": "total amount", "box": [541, 527, 671, 487], "linking": []}, {"id": 25, "text": " TIP", "label": "others", "box": [212, 593, 281, 565], "linking": []}, {"id": 26, "text": " :", "label": "others", "box": [286, 592, 299, 565], "linking": []}, {"id": 27, "text": "00", "label": "others", "box": [645, 618, 666, 594], "linking": []}, {"id": 28, "text": " TOTAL", "label": "others", "box": [212, 652, 332, 622], "linking": []}, {"id": 29, "text": " :", "label": "others", "box": [337, 650, 356, 622], "linking": []}, {"id": 30, "text": "CARDHOLDER WILL PAY CARD ISSUER ABOVE", "label": "others", "box": [214, 961, 681, 903], "linking": []}, {"id": 31, "text": "AMOUNT PURSUANT TO CARDHOLDER AGREEMENT", "label": "others", "box": [217, 994, 708, 935], "linking": []}]