[{"id": 0, "text": "merchant name", "label": "others", "box": [220, 167, 390, 135], "linking": []}, {"id": 1, "text": "merchant address", "label": "others", "box": [181, 197, 442, 168], "linking": []}, {"id": 2, "text": "merchant address", "label": "others", "box": [209, 230, 401, 201], "linking": []}, {"id": 3, "text": "merchant address", "label": "others", "box": [245, 262, 363, 236], "linking": []}, {"id": 4, "text": "merchant address", "label": "others", "box": [260, 295, 349, 268], "linking": []}, {"id": 5, "text": " 14/08/2019 18:21:04 32754000251", "label": "others", "box": [54, 363, 474, 329], "linking": []}, {"id": 6, "text": " : 6 - Till 6", "label": "others", "box": [101, 428, 258, 400], "linking": []}, {"id": 7, "text": " POS", "label": "others", "box": [51, 429, 96, 401], "linking": []}, {"id": 8, "text": "TAKE AWAY", "label": "others", "box": [127, 491, 244, 465], "linking": []}, {"id": 9, "text": "FLAT WHITE", "label": "0 description beginning", "box": [119, 525, 257, 495], "linking": []}, {"id": 10, "text": "BEST EVER BLT", "label": "0 description beginning", "box": [123, 556, 294, 529], "linking": []}, {"id": 11, "text": "2.75 *", "label": "5 total price per item", "box": [492, 520, 575, 491], "linking": []}, {"id": 12, "text": "3.45", "label": "5 total price per item", "box": [492, 553, 547, 525], "linking": []}, {"id": 13, "text": "INCLUSIVE TOTAL DUE", "label": "others", "box": [123, 621, 366, 592], "linking": []}, {"id": 14, "text": "6.20", "label": "total amount", "box": [490, 618, 545, 591], "linking": []}, {"id": 15, "text": "AMEX", "label": "others", "box": [120, 685, 176, 659], "linking": []}, {"id": 16, "text": "6.20", "label": "others", "box": [488, 684, 544, 655], "linking": []}, {"id": 17, "text": "VAT BREAKDOWN", "label": "others", "box": [120, 750, 287, 723], "linking": []}, {"id": 18, "text": "%", "label": "others", "box": [115, 780, 133, 759], "linking": []}, {"id": 19, "text": "20.00", "label": "others", "box": [116, 815, 182, 789], "linking": []}, {"id": 20, "text": "NET", "label": "others", "box": [293, 782, 336, 754], "linking": []}, {"id": 21, "text": "2.29", "label": "others", "box": [279, 816, 335, 787], "linking": []}, {"id": 22, "text": "TAX", "label": "others", "box": [396, 782, 440, 752], "linking": []}, {"id": 23, "text": "0.46", "label": "2 tax total", "box": [382, 815, 438, 788], "linking": []}, {"id": 24, "text": "Gross", "label": "others", "box": [473, 781, 543, 755], "linking": []}, {"id": 25, "text": "2.75 *", "label": "others", "box": [485, 815, 570, 787], "linking": []}, {"id": 26, "text": "merchant phone", "label": "others", "box": [215, 881, 373, 854], "linking": []}, {"id": 27, "text": "VAT No. 927137420", "label": "others", "box": [186, 916, 412, 886], "linking": []}, {"id": 28, "text": " CLOSED 14/08/2019 18:21:35", "label": "others", "box": [78, 1087, 418, 1052], "linking": []}]