[{"id": 0, "text": "merchant name", "label": "others", "box": [82, 90, 169, 73], "linking": []}, {"id": 1, "text": "--- Terrace Club ---", "label": "others", "box": [79, 104, 178, 90], "linking": []}, {"id": 2, "text": "0051-2", "label": "others", "box": [262, 112, 321, 99], "linking": []}, {"id": 3, "text": " NAOMI L", "label": "others", "box": [298, 125, 334, 113], "linking": []}, {"id": 4, "text": " 12/03/19 20:13, Swiped T:", "label": "others", "box": [263, 140, 385, 126], "linking": []}, {"id": 5, "text": " Server:", "label": "others", "box": [262, 125, 296, 114], "linking": []}, {"id": 6, "text": " 101 Term:", "label": "others", "box": [387, 140, 433, 127], "linking": []}, {"id": 7, "text": " 3", "label": "others", "box": [435, 141, 443, 127], "linking": []}, {"id": 8, "text": " Rec:", "label": "others", "box": [413, 127, 430, 114], "linking": []}, {"id": 9, "text": " 29", "label": "others", "box": [432, 128, 444, 114], "linking": []}, {"id": 10, "text": " 0051-2", "label": "others", "box": [36, 155, 95, 142], "linking": []}, {"id": 11, "text": "NAOMI L", "label": "others", "box": [37, 166, 76, 153], "linking": []}, {"id": 12, "text": " Table 101", "label": "others", "box": [102, 157, 150, 143], "linking": []}, {"id": 13, "text": " SvrCk:", "label": "others", "box": [93, 169, 128, 155], "linking": []}, {"id": 14, "text": " Happy Beer, hh gansett", "label": "0 description beginning", "box": [47, 193, 152, 179], "linking": []}, {"id": 15, "text": " Narragansett", "label": "0 description beginning", "box": [44, 211, 104, 199], "linking": []}, {"id": 16, "text": " #Party", "label": "others", "box": [152, 159, 185, 145], "linking": []}, {"id": 17, "text": " 7 6:12p 12/03/19", "label": "others", "box": [130, 172, 211, 157], "linking": []}, {"id": 18, "text": " 1", "label": "others", "box": [187, 159, 194, 147], "linking": []}, {"id": 19, "text": "merchant name", "label": "others", "box": [260, 162, 338, 151], "linking": []}, {"id": 20, "text": "merchant address", "label": "others", "box": [261, 175, 353, 164], "linking": []}, {"id": 21, "text": "merchant address", "label": "others", "box": [260, 187, 339, 175], "linking": []}, {"id": 22, "text": " I", "label": "e quantity", "box": [40, 189, 46, 179], "linking": []}, {"id": 23, "text": " 1", "label": "e quantity", "box": [38, 198, 45, 189], "linking": []}, {"id": 24, "text": " 1", "label": "e quantity", "box": [36, 208, 43, 198], "linking": []}, {"id": 25, "text": " BBQ Wings", "label": "0 description beginning", "box": [46, 201, 91, 189], "linking": []}, {"id": 26, "text": "5.00", "label": "5 total price per item", "box": [202, 194, 225, 184], "linking": []}, {"id": 27, "text": "12.00", "label": "5 total price per item", "box": [200, 204, 224, 194], "linking": []}, {"id": 28, "text": "6.00", "label": "5 total price per item", "box": [203, 214, 223, 205], "linking": []}, {"id": 29, "text": "CARD TYPE", "label": "others", "box": [261, 217, 303, 207], "linking": []}, {"id": 30, "text": "AMERICAN EXPRES", "label": "others", "box": [262, 227, 333, 216], "linking": []}, {"id": 31, "text": "00 TRANSACTION APPROVED", "label": "others", "box": [265, 248, 372, 236], "linking": []}, {"id": 32, "text": " 560676", "label": "others", "box": [342, 258, 372, 247], "linking": []}, {"id": 33, "text": " 1203010200051", "label": "others", "box": [317, 271, 378, 258], "linking": []}, {"id": 34, "text": " Credit Card SALE", "label": "others", "box": [322, 283, 398, 269], "linking": []}, {"id": 35, "text": "ACCOUNT NUMBER", "label": "others", "box": [336, 216, 397, 206], "linking": []}, {"id": 36, "text": "XXXXXXXXXXXX1001", "label": "others", "box": [337, 226, 409, 215], "linking": []}, {"id": 37, "text": " Sub Total:", "label": "others", "box": [128, 234, 177, 221], "linking": []}, {"id": 38, "text": " Tax:", "label": "others", "box": [157, 243, 177, 234], "linking": []}, {"id": 39, "text": " Sub Total:", "label": "others", "box": [127, 256, 176, 243], "linking": []}, {"id": 40, "text": " 12/03 8:03pTOTAL:", "label": "others", "box": [28, 268, 145, 254], "linking": []}, {"id": 41, "text": "23.00", "label": "sub total", "box": [198, 234, 224, 223], "linking": []}, {"id": 42, "text": "2.04", "label": "2 tax total", "box": [203, 245, 224, 235], "linking": []}, {"id": 43, "text": "25.04", "label": "total amount", "box": [198, 255, 224, 245], "linking": []}, {"id": 44, "text": "25.04", "label": "total amount", "box": [175, 268, 223, 256], "linking": []}, {"id": 45, "text": " Naze:", "label": "others", "box": [264, 238, 289, 228], "linking": []}, {"id": 46, "text": " AUTHORIZATION #:", "label": "others", "box": [266, 260, 340, 248], "linking": []}, {"id": 47, "text": " Reference:", "label": "others", "box": [266, 271, 315, 260], "linking": []}, {"id": 48, "text": " TRANS TYPE:", "label": "others", "box": [268, 284, 320, 271], "linking": []}, {"id": 49, "text": "SUGGESTED GRATUITY", "label": "others", "box": [25, 292, 116, 279], "linking": []}, {"id": 50, "text": "18% GRATUIT", "label": "others", "box": [25, 305, 80, 292], "linking": []}, {"id": 51, "text": "20% GRATUIT", "label": "others", "box": [23, 318, 82, 306], "linking": []}, {"id": 52, "text": "22% GRATUIT", "label": "others", "box": [24, 332, 81, 319], "linking": []}, {"id": 53, "text": "4.51", "label": "others", "box": [110, 305, 130, 294], "linking": []}, {"id": 54, "text": "5.01", "label": "others", "box": [109, 318, 131, 307], "linking": []}, {"id": 55, "text": "5.51", "label": "others", "box": [109, 331, 130, 320], "linking": []}, {"id": 56, "text": "25.04", "label": "sub total", "box": [407, 306, 452, 292], "linking": []}, {"id": 57, "text": "2.00", "label": "3 tip", "box": [412, 331, 452, 316], "linking": []}, {"id": 58, "text": "22.04", "label": "total amount", "box": [397, 355, 454, 339], "linking": []}, {"id": 59, "text": "27 .05", "label": "total amount", "box": [394, 377, 446, 361], "linking": []}, {"id": 60, "text": " CHECK", "label": "others", "box": [269, 309, 314, 296], "linking": []}, {"id": 61, "text": " :", "label": "others", "box": [316, 309, 324, 296], "linking": []}, {"id": 62, "text": " TIP", "label": "others", "box": [270, 334, 296, 322], "linking": []}, {"id": 63, "text": " :", "label": "others", "box": [299, 334, 304, 322], "linking": []}, {"id": 64, "text": "*-*-*-***", "label": "others", "box": [100, 355, 148, 346], "linking": []}, {"id": 65, "text": "Club Quarters Hotel", "label": "others", "box": [75, 370, 171, 357], "linking": []}, {"id": 66, "text": "140 Washington St", "label": "others", "box": [81, 382, 165, 370], "linking": []}, {"id": 67, "text": "merchant address", "label": "others", "box": [78, 395, 172, 382], "linking": []}, {"id": 68, "text": "(646) 746-3200", "label": "others", "box": [87, 409, 159, 395], "linking": []}, {"id": 69, "text": "www.viewoftheworld.com", "label": "others", "box": [64, 423, 179, 408], "linking": []}, {"id": 70, "text": "*-*-*-*", "label": "others", "box": [101, 434, 139, 423], "linking": []}, {"id": 71, "text": " TOTAL", "label": "others", "box": [271, 360, 314, 346], "linking": []}, {"id": 72, "text": " :", "label": "others", "box": [316, 359, 324, 346], "linking": []}, {"id": 73, "text": "X", "label": "others", "box": [275, 450, 287, 436], "linking": []}, {"id": 74, "text": "CHARGE TO ROOM", "label": "others", "box": [49, 480, 194, 463], "linking": []}, {"id": 75, "text": " PHONE:", "label": "others", "box": [278, 492, 311, 478], "linking": []}, {"id": 76, "text": "AMOUNT PURSUANT TO CARDHOLDER AGREEMENT", "label": "others", "box": [281, 521, 474, 495], "linking": []}, {"id": 77, "text": " (", "label": "others", "box": [313, 491, 322, 477], "linking": []}, {"id": 78, "text": "ROOM NO.", "label": "others", "box": [15, 510, 99, 493], "linking": []}, {"id": 79, "text": "PRINT NAME", "label": "others", "box": [12, 540, 122, 521], "linking": []}, {"id": 80, "text": "CARDHOLDER WILL PAY CARD ISSUER ABOVE", "label": "others", "box": [279, 507, 463, 481], "linking": []}, {"id": 81, "text": "Top Copy -> Customer", "label": "others", "box": [282, 537, 385, 516], "linking": []}, {"id": 82, "text": "GRATUITY", "label": "others", "box": [11, 587, 100, 566], "linking": []}, {"id": 83, "text": "TOTAL", "label": "others", "box": [11, 616, 66, 599], "linking": []}, {"id": 84, "text": "CTGNATURE", "label": "others", "box": [9, 639, 110, 625], "linking": []}]