[{"id": 0, "text": "684 Avenue of the Amer", "label": "others", "box": [589, 57, 1163, 0], "linking": []}, {"id": 1, "text": "merchant phone", "label": "others", "box": [583, 111, 1291, 26], "linking": []}, {"id": 2, "text": "CHK 718738", "label": "others", "box": [813, 212, 1078, 150], "linking": []}, {"id": 3, "text": " 1 Reg:", "label": "others", "box": [1041, 316, 1246, 257], "linking": []}, {"id": 4, "text": " 11/23/2019 10:32 AM", "label": "others", "box": [679, 274, 1182, 203], "linking": []}, {"id": 5, "text": "2767175", "label": "others", "box": [568, 333, 755, 275], "linking": []}, {"id": 6, "text": " Drawer:", "label": "others", "box": [830, 323, 1032, 267], "linking": []}, {"id": 7, "text": " 1", "label": "others", "box": [1255, 306, 1283, 255], "linking": []}, {"id": 8, "text": "Gr Cappuccino", "label": "0 description beginning", "box": [487, 451, 831, 392], "linking": []}, {"id": 9, "text": "4.65", "label": "5 total price per item", "box": [1227, 423, 1342, 367], "linking": []}, {"id": 10, "text": "3.25", "label": "5 total price per item", "box": [1220, 487, 1343, 429], "linking": []}, {"id": 11, "text": "2.45", "label": "5 total price per item", "box": [1220, 548, 1344, 490], "linking": []}, {"id": 12, "text": "Banana Nut Bread", "label": "0 description beginning", "box": [481, 511, 911, 447], "linking": []}, {"id": 13, "text": "Vanilla Madeleine", "label": "0 description beginning", "box": [471, 569, 931, 507], "linking": []}, {"id": 14, "text": "Amex", "label": "others", "box": [467, 687, 577, 639], "linking": []}, {"id": 15, "text": "XXXXXXXXXXXX1006", "label": "others", "box": [458, 749, 900, 690], "linking": []}, {"id": 16, "text": " QUICK CHIP", "label": "others", "box": [773, 811, 1059, 747], "linking": []}, {"id": 17, "text": " PURCHASE", "label": "others", "box": [773, 876, 1007, 815], "linking": []}, {"id": 18, "text": " 00000053", "label": "others", "box": [796, 939, 1033, 878], "linking": []}, {"id": 19, "text": " AMERICAN EXPRESS", "label": "others", "box": [738, 1005, 1202, 940], "linking": []}, {"id": 20, "text": " 854719", "label": "others", "box": [652, 1071, 825, 1015], "linking": []}, {"id": 21, "text": " A000000025010801", "label": "others", "box": [566, 1138, 1026, 1077], "linking": []}, {"id": 22, "text": " 0000008000", "label": "others", "box": [563, 1205, 855, 1148], "linking": []}, {"id": 23, "text": " E800", "label": "others", "box": [559, 1274, 678, 1214], "linking": []}, {"id": 24, "text": "10.76", "label": "others", "box": [1204, 674, 1342, 613], "linking": []}, {"id": 25, "text": " Card Entry:", "label": "others", "box": [454, 812, 762, 753], "linking": []}, {"id": 26, "text": " Trans Type:", "label": "others", "box": [452, 876, 763, 816], "linking": []}, {"id": 27, "text": " Reference #:", "label": "others", "box": [445, 941, 787, 883], "linking": []}, {"id": 28, "text": " App Label:", "label": "others", "box": [443, 1008, 727, 947], "linking": []}, {"id": 29, "text": " Auth #:", "label": "others", "box": [438, 1072, 641, 1016], "linking": []}, {"id": 30, "text": " AID:", "label": "others", "box": [429, 1138, 555, 1082], "linking": []}, {"id": 31, "text": " TVR:", "label": "others", "box": [430, 1205, 553, 1148], "linking": []}, {"id": 32, "text": " TSI:", "label": "others", "box": [423, 1274, 550, 1215], "linking": []}, {"id": 33, "text": "Subtotal", "label": "others", "box": [413, 1409, 645, 1345], "linking": []}, {"id": 34, "text": "Tax 8.875%", "label": "others", "box": [413, 1481, 701, 1421], "linking": []}, {"id": 35, "text": "Total", "label": "others", "box": [408, 1549, 550, 1490], "linking": []}, {"id": 36, "text": "Change Due", "label": "others", "box": [310, 1626, 889, 1561], "linking": []}, {"id": 37, "text": "$10.35", "label": "sub total", "box": [1129, 1409, 1313, 1345], "linking": []}, {"id": 38, "text": "$0.41", "label": "2 tax total", "box": [1155, 1483, 1309, 1421], "linking": []}, {"id": 39, "text": "$10.76", "label": "total amount", "box": [1124, 1556, 1316, 1490], "linking": []}, {"id": 40, "text": "$0.00", "label": "others", "box": [1186, 1631, 1496, 1564], "linking": []}, {"id": 41, "text": "---- Check Closed --", "label": "others", "box": [504, 1771, 1091, 1706], "linking": []}, {"id": 42, "text": " 11/23/2019 10:32 AM", "label": "others", "box": [593, 1851, 1168, 1779], "linking": []}, {"id": 43, "text": "Join our loyalty program", "label": "others", "box": [504, 2255, 1256, 2162], "linking": []}, {"id": 44, "text": "Sign up for promotional emails", "label": "others", "box": [395, 2420, 1354, 2314], "linking": []}, {"id": 45, "text": "Or download our app", "label": "others", "box": [537, 2584, 1159, 2483], "linking": []}, {"id": 46, "text": "Some restrictions apply", "label": "others", "box": [469, 2767, 1225, 2651], "linking": []}, {"id": 47, "text": "MI DUAL CAMERA", "label": "others", "box": [342, 2846, 813, 2788], "linking": []}, {"id": 48, "text": "Starbucks Rewards\u00ae", "label": "others", "box": [583, 2323, 1155, 2240], "linking": []}, {"id": 49, "text": "Visit Starbucks.com/rewards", "label": "others", "box": [433, 2505, 1287, 2395], "linking": []}, {"id": 50, "text": "At participating stores", "label": "others", "box": [480, 2670, 1219, 2565], "linking": []}, {"id": 51, "text": "REDMI NOTE 5 PRO", "label": "others", "box": [349, 2775, 867, 2711], "linking": []}]