[{"id": 0, "text": "merchant name", "label": "others", "box": [231, 707, 712, 648], "linking": []}, {"id": 1, "text": " market", "label": "others", "box": [578, 751, 704, 713], "linking": []}, {"id": 2, "text": " catering", "label": "others", "box": [237, 753, 389, 720], "linking": []}, {"id": 3, "text": " |", "label": "others", "box": [399, 753, 419, 719], "linking": []}, {"id": 4, "text": " eatery", "label": "others", "box": [425, 753, 547, 716], "linking": []}, {"id": 5, "text": " |", "label": "others", "box": [552, 751, 572, 716], "linking": []}, {"id": 6, "text": "merchant name", "label": "others", "box": [1033, 774, 1494, 711], "linking": []}, {"id": 7, "text": " market", "label": "others", "box": [1369, 823, 1491, 786], "linking": []}, {"id": 8, "text": "merchant name", "label": "others", "box": [204, 825, 616, 786], "linking": []}, {"id": 9, "text": "merchant address", "label": "others", "box": [220, 867, 606, 827], "linking": []}, {"id": 10, "text": "merchant address", "label": "others", "box": [224, 911, 588, 870], "linking": []}, {"id": 11, "text": "merchant phone", "label": "others", "box": [302, 955, 534, 915], "linking": []}, {"id": 12, "text": " Nov09'19 03:13PM", "label": "others", "box": [348, 997, 624, 956], "linking": []}, {"id": 13, "text": "Amex", "label": "others", "box": [346, 1035, 423, 1003], "linking": []}, {"id": 14, "text": "XXXXXXXXXXX1006", "label": "others", "box": [350, 1081, 609, 1042], "linking": []}, {"id": 15, "text": " SWIPED", "label": "others", "box": [347, 1126, 453, 1087], "linking": []}, {"id": 16, "text": " PURCHASE", "label": "others", "box": [347, 1168, 492, 1127], "linking": []}, {"id": 17, "text": " KIK010239072597", "label": "others", "box": [346, 1211, 612, 1168], "linking": []}, {"id": 18, "text": "523827", "label": "others", "box": [350, 1251, 455, 1214], "linking": []}, {"id": 19, "text": "2703", "label": "others", "box": [357, 1292, 423, 1258], "linking": []}, {"id": 20, "text": "802/1", "label": "others", "box": [357, 1334, 441, 1299], "linking": []}, {"id": 21, "text": "10043 Morgan K", "label": "others", "box": [360, 1377, 597, 1337], "linking": []}, {"id": 22, "text": " catering", "label": "others", "box": [1042, 823, 1189, 788], "linking": []}, {"id": 23, "text": " |", "label": "others", "box": [1196, 823, 1218, 788], "linking": []}, {"id": 24, "text": " eatery", "label": "others", "box": [1223, 824, 1339, 787], "linking": []}, {"id": 25, "text": " |", "label": "others", "box": [1345, 823, 1364, 787], "linking": []}, {"id": 26, "text": "merchant name", "label": "others", "box": [1140, 898, 1406, 860], "linking": []}, {"id": 27, "text": "merchant address", "label": "others", "box": [1078, 939, 1454, 899], "linking": []}, {"id": 28, "text": "merchant address", "label": "others", "box": [1091, 982, 1434, 942], "linking": []}, {"id": 29, "text": "merchant phone", "label": "others", "box": [1158, 1023, 1385, 983], "linking": []}, {"id": 30, "text": " Date:", "label": "others", "box": [136, 998, 222, 962], "linking": []}, {"id": 31, "text": " Card Type:", "label": "others", "box": [141, 1042, 315, 1004], "linking": []}, {"id": 32, "text": " Acct #:", "label": "others", "box": [143, 1084, 265, 1049], "linking": []}, {"id": 33, "text": " Card Entry:", "label": "others", "box": [143, 1128, 341, 1089], "linking": []}, {"id": 34, "text": " Trans Type:", "label": "others", "box": [147, 1172, 341, 1130], "linking": []}, {"id": 35, "text": " Trans Key:", "label": "others", "box": [148, 1214, 336, 1174], "linking": []}, {"id": 36, "text": " Auth Code:", "label": "others", "box": [152, 1257, 322, 1218], "linking": []}, {"id": 37, "text": " Check:", "label": "others", "box": [152, 1297, 255, 1264], "linking": []}, {"id": 38, "text": " Table:", "label": "others", "box": [154, 1338, 257, 1304], "linking": []}, {"id": 39, "text": " Server", "label": "others", "box": [153, 1382, 252, 1346], "linking": []}, {"id": 40, "text": "10043 Morgan K", "label": "others", "box": [964, 1102, 1189, 1065], "linking": []}, {"id": 41, "text": "Tb1 802/1", "label": "others", "box": [943, 1183, 1087, 1145], "linking": []}, {"id": 42, "text": "Chk 2703", "label": "others", "box": [1200, 1181, 1332, 1146], "linking": []}, {"id": 43, "text": " Nov09'19 02:17PM", "label": "others", "box": [1136, 1225, 1398, 1187], "linking": []}, {"id": 44, "text": "Gst", "label": "others", "box": [1492, 1184, 1543, 1149], "linking": []}, {"id": 45, "text": "1", "label": "others", "box": [1560, 1179, 1593, 1152], "linking": []}, {"id": 46, "text": " 1", "label": "e quantity", "box": [975, 1305, 995, 1267], "linking": []}, {"id": 47, "text": " 1", "label": "e quantity", "box": [980, 1344, 994, 1306], "linking": []}, {"id": 48, "text": " Lemonade", "label": "0 description beginning", "box": [1002, 1305, 1142, 1267], "linking": []}, {"id": 49, "text": " Baja Grl Chix", "label": "0 description beginning", "box": [1000, 1346, 1220, 1306], "linking": []}, {"id": 50, "text": "4.00", "label": "5 total price per item", "box": [1474, 1305, 1540, 1273], "linking": []}, {"id": 51, "text": "19.00", "label": "5 total price per item", "box": [1462, 1345, 1539, 1311], "linking": []}, {"id": 52, "text": " :", "label": "others", "box": [258, 1378, 276, 1345], "linking": []}, {"id": 53, "text": "24.85", "label": "sub total", "box": [496, 1458, 663, 1415], "linking": []}, {"id": 54, "text": "$s", "label": "3 tip", "box": [485, 1554, 594, 1474], "linking": []}, {"id": 55, "text": "Food", "label": "0 description beginning", "box": [1006, 1422, 1077, 1387], "linking": []}, {"id": 56, "text": "NA Bevs", "label": "0 description beginning", "box": [1007, 1465, 1128, 1431], "linking": []}, {"id": 57, "text": "Tax", "label": "others", "box": [1009, 1505, 1064, 1472], "linking": []}, {"id": 58, "text": " 03:11PM Total", "label": "others", "box": [941, 1551, 1152, 1512], "linking": []}, {"id": 59, "text": " Subtotal:", "label": "others", "box": [162, 1462, 314, 1424], "linking": []}, {"id": 60, "text": "19.00", "label": "5 total price per item", "box": [1464, 1427, 1542, 1392], "linking": []}, {"id": 61, "text": "4.00", "label": "5 total price per item", "box": [1478, 1465, 1546, 1433], "linking": []}, {"id": 62, "text": "1.85", "label": "2 tax total", "box": [1475, 1508, 1545, 1472], "linking": []}, {"id": 63, "text": "24.85", "label": "total amount", "box": [1378, 1551, 1541, 1512], "linking": []}, {"id": 64, "text": " Tip", "label": "others", "box": [386, 1541, 424, 1504], "linking": []}, {"id": 65, "text": " Total:", "label": "others", "box": [352, 1629, 455, 1566], "linking": []}, {"id": 66, "text": " :_", "label": "others", "box": [431, 1542, 462, 1504], "linking": []}, {"id": 67, "text": " 929 . 85", "label": "total amount", "box": [462, 1629, 692, 1551], "linking": []}, {"id": 68, "text": "********************************", "label": "others", "box": [1008, 1631, 1528, 1598], "linking": []}, {"id": 69, "text": "HOLIDAYS ARE HERE SOON", "label": "others", "box": [1008, 1677, 1372, 1639], "linking": []}, {"id": 70, "text": "Book your Holiday party at", "label": "others", "box": [1006, 1719, 1437, 1678], "linking": []}, {"id": 71, "text": "THE HERB BOX !!!", "label": "others", "box": [1010, 1760, 1253, 1722], "linking": []}, {"id": 72, "text": "********************************", "label": "others", "box": [1007, 1797, 1524, 1761], "linking": []}, {"id": 73, "text": "www.theherbbox.com", "label": "others", "box": [1121, 1840, 1416, 1804], "linking": []}, {"id": 74, "text": "I agree to pay above total", "label": "others", "box": [178, 1748, 600, 1703], "linking": []}, {"id": 75, "text": "according to my card issuer", "label": "others", "box": [173, 1791, 622, 1744], "linking": []}, {"id": 76, "text": "agreement.", "label": "others", "box": [172, 1836, 335, 1795], "linking": []}, {"id": 77, "text": "*Customer Copy*", "label": "others", "box": [201, 1922, 703, 1869], "linking": []}]