[{"id": 0, "text": "merchant name", "label": "others", "box": [195, 117, 280, 101], "linking": []}, {"id": 1, "text": "merchant address", "label": "others", "box": [186, 134, 293, 118], "linking": []}, {"id": 2, "text": "merchant address", "label": "others", "box": [171, 153, 311, 136], "linking": []}, {"id": 3, "text": "merchant phone", "label": "others", "box": [191, 170, 288, 153], "linking": []}, {"id": 4, "text": "DO", "label": "others", "box": [188, 184, 212, 171], "linking": []}, {"id": 5, "text": " Host:", "label": "others", "box": [80, 192, 121, 175], "linking": []}, {"id": 6, "text": " Nnenna", "label": "others", "box": [123, 190, 171, 175], "linking": []}, {"id": 7, "text": "12/06/2019", "label": "others", "box": [325, 192, 402, 174], "linking": []}, {"id": 8, "text": " 3:30 PM", "label": "others", "box": [347, 208, 402, 193], "linking": []}, {"id": 9, "text": "10087", "label": "others", "box": [364, 225, 401, 211], "linking": []}, {"id": 10, "text": "Shroom Burger", "label": "0 description beginning", "box": [74, 263, 177, 246], "linking": []}, {"id": 11, "text": "cheese fries", "label": "0 description beginning", "box": [76, 283, 170, 264], "linking": []}, {"id": 12, "text": "Shack 2 0 Water", "label": "0 description beginning", "box": [76, 301, 193, 282], "linking": []}, {"id": 13, "text": "7.49", "label": "5 total price per item", "box": [369, 265, 403, 248], "linking": []}, {"id": 14, "text": "4.09", "label": "5 total price per item", "box": [367, 283, 402, 267], "linking": []}, {"id": 15, "text": "2.55", "label": "5 total price per item", "box": [367, 303, 401, 286], "linking": []}, {"id": 16, "text": "Subtotal", "label": "others", "box": [72, 338, 135, 321], "linking": []}, {"id": 17, "text": "Tax", "label": "others", "box": [72, 357, 98, 342], "linking": []}, {"id": 18, "text": "14.13", "label": "sub total", "box": [364, 338, 403, 322], "linking": []}, {"id": 19, "text": "1.26", "label": "2 tax total", "box": [373, 357, 404, 341], "linking": []}, {"id": 20, "text": "To Stay Total", "label": "others", "box": [71, 398, 319, 376], "linking": []}, {"id": 21, "text": "15.39", "label": "total amount", "box": [329, 396, 406, 378], "linking": []}, {"id": 22, "text": "Amex #XXXXXXXXXXX1001", "label": "others", "box": [68, 437, 239, 420], "linking": []}, {"id": 23, "text": " Auth:593270", "label": "others", "box": [84, 459, 175, 441], "linking": []}, {"id": 24, "text": "15.39", "label": "others", "box": [369, 437, 409, 419], "linking": []}, {"id": 25, "text": "How'd We Do?", "label": "others", "box": [188, 519, 289, 502], "linking": []}, {"id": 26, "text": "shakeshack.com/feedback", "label": "others", "box": [140, 541, 330, 522], "linking": []}, {"id": 27, "text": "--- Check Closed ---", "label": "others", "box": [158, 580, 320, 562], "linking": []}]