[{"id": 0, "text": "PHP", "label": "others", "box": [272, 22, 281, 0], "linking": []}, {"id": 1, "text": "Visit jambey", "label": "others", "box": [594, 48, 682, 21], "linking": []}, {"id": 2, "text": " RRN:934547017914", "label": "others", "box": [170, 82, 224, 19], "linking": []}, {"id": 3, "text": "merchant address", "label": "others", "box": [222, 122, 413, 100], "linking": []}, {"id": 4, "text": " CITY", "label": "others", "box": [388, 143, 421, 128], "linking": []}, {"id": 5, "text": "merchant phone", "label": "others", "box": [319, 160, 426, 142], "linking": []}, {"id": 6, "text": " Serial Number:", "label": "others", "box": [243, 175, 345, 160], "linking": []}, {"id": 7, "text": " 19080714134050135", "label": "others", "box": [250, 189, 371, 174], "linking": []}, {"id": 8, "text": "... CUSTOMER COPY --", "label": "others", "box": [237, 82, 294, 0], "linking": []}, {"id": 9, "text": "merchant address", "label": "others", "box": [229, 109, 393, 89], "linking": []}, {"id": 10, "text": "merchant address", "label": "others", "box": [230, 136, 400, 115], "linking": []}, {"id": 11, "text": "merchant name", "label": "others", "box": [263, 82, 416, 63], "linking": []}, {"id": 12, "text": "merchant address", "label": "others", "box": [395, 101, 418, 88], "linking": []}, {"id": 13, "text": "merchant address", "label": "others", "box": [415, 114, 440, 99], "linking": []}, {"id": 14, "text": "merchant address", "label": "others", "box": [402, 128, 432, 114], "linking": []}, {"id": 15, "text": " AID:A000000825018801", "label": "others", "box": [175, 93, 247, 11], "linking": []}, {"id": 16, "text": "COMPANY, INC.", "label": "others", "box": [284, 91, 375, 77], "linking": []}, {"id": 17, "text": " TOTAL", "label": "others", "box": [194, 107, 231, 67], "linking": []}, {"id": 18, "text": " :", "label": "others", "box": [224, 72, 237, 61], "linking": []}, {"id": 19, "text": "merchant address", "label": "others", "box": [234, 149, 385, 130], "linking": []}, {"id": 20, "text": " JJXTG91241", "label": "others", "box": [348, 174, 420, 156], "linking": []}, {"id": 21, "text": " VAT REG TIN:", "label": "others", "box": [229, 163, 317, 146], "linking": []}, {"id": 22, "text": "AMERICAN EXPRESS", "label": "others", "box": [34, 317, 63, 156], "linking": []}, {"id": 23, "text": "CORPORATE", "label": "others", "box": [11, 310, 44, 163], "linking": []}, {"id": 24, "text": " MIN:", "label": "others", "box": [213, 191, 248, 177], "linking": []}, {"id": 25, "text": "FP82017044013530000001", "label": "others", "box": [247, 203, 406, 186], "linking": []}, {"id": 26, "text": "17082511390934509", "label": "others", "box": [272, 217, 394, 201], "linking": []}, {"id": 27, "text": "1 POS1", "label": "others", "box": [215, 232, 258, 218], "linking": []}, {"id": 28, "text": " 14", "label": "others", "box": [408, 228, 424, 216], "linking": []}, {"id": 29, "text": " JC", "label": "others", "box": [427, 228, 444, 216], "linking": []}, {"id": 30, "text": " Trans No .:", "label": "others", "box": [214, 260, 282, 247], "linking": []}, {"id": 31, "text": " 39695", "label": "others", "box": [284, 260, 322, 246], "linking": []}, {"id": 32, "text": " Cust Count:0", "label": "others", "box": [356, 259, 445, 244], "linking": []}, {"id": 33, "text": " 11 Dec 19 08:59:36 PM", "label": "others", "box": [258, 287, 410, 272], "linking": []}, {"id": 34, "text": " --", "label": "others", "box": [271, 315, 288, 302], "linking": []}, {"id": 35, "text": " Five", "label": "0 description beginning", "box": [238, 330, 273, 316], "linking": []}, {"id": 36, "text": " Mega", "label": "0 description beginning", "box": [239, 343, 273, 331], "linking": []}, {"id": 37, "text": " 376534597791007", "label": "others", "box": [232, 359, 348, 345], "linking": []}, {"id": 38, "text": "AMEXCO", "label": "others", "box": [237, 388, 287, 375], "linking": []}, {"id": 39, "text": " Dine", "label": "others", "box": [291, 315, 326, 303], "linking": []}, {"id": 40, "text": " Fruit", "label": "0 description beginning", "box": [276, 329, 319, 316], "linking": []}, {"id": 41, "text": " Mango", "label": "0 description beginning", "box": [275, 343, 318, 331], "linking": []}, {"id": 42, "text": " In -----", "label": "others", "box": [329, 315, 391, 303], "linking": []}, {"id": 43, "text": " 22oz", "label": "0 description beginning", "box": [322, 329, 355, 316], "linking": []}, {"id": 44, "text": " 22oz D 225.00", "label": "0 description beginning", "box": [322, 343, 420, 330], "linking": []}, {"id": 45, "text": " D 225.00", "label": "0 description beginning", "box": [358, 329, 419, 316], "linking": []}, {"id": 46, "text": "- -", "label": "e quantity", "box": [211, 340, 218, 317], "linking": []}, {"id": 47, "text": " 08/24", "label": "others", "box": [351, 359, 391, 345], "linking": []}, {"id": 48, "text": "450.00", "label": "others", "box": [373, 387, 420, 373], "linking": []}, {"id": 49, "text": " Total:", "label": "others", "box": [230, 419, 279, 404], "linking": []}, {"id": 50, "text": " Amount Due:", "label": "others", "box": [230, 434, 314, 420], "linking": []}, {"id": 51, "text": "450.00", "label": "total amount", "box": [374, 417, 422, 402], "linking": []}, {"id": 52, "text": "450.00", "label": "others", "box": [374, 432, 424, 418], "linking": []}, {"id": 53, "text": "VATable Sales", "label": "others", "box": [229, 465, 330, 450], "linking": []}, {"id": 54, "text": "VAT Amount", "label": "others", "box": [227, 482, 312, 467], "linking": []}, {"id": 55, "text": "VAT Exempt Sales", "label": "others", "box": [228, 500, 354, 481], "linking": []}, {"id": 56, "text": " VAT Zero-rated", "label": "others", "box": [228, 515, 341, 499], "linking": []}, {"id": 57, "text": "376534597791007 08/24", "label": "others", "box": [226, 530, 396, 513], "linking": []}, {"id": 58, "text": "450.00", "label": "others", "box": [379, 544, 427, 529], "linking": []}, {"id": 59, "text": " 100021577", "label": "others", "box": [347, 562, 420, 545], "linking": []}, {"id": 60, "text": " 14 CLOSED 11 Dec 19 09:03:47 PM-", "label": "others", "box": [202, 581, 459, 561], "linking": []}, {"id": 61, "text": "401.78", "label": "sub total", "box": [375, 463, 424, 449], "linking": []}, {"id": 62, "text": "48.22", "label": "2 tax total", "box": [384, 479, 424, 464], "linking": []}, {"id": 63, "text": "0.00", "label": "others", "box": [391, 496, 425, 481], "linking": []}, {"id": 64, "text": " Sales 0.00", "label": "others", "box": [344, 514, 426, 497], "linking": []}, {"id": 65, "text": "AMEXCO", "label": "others", "box": [221, 547, 277, 531], "linking": []}, {"id": 66, "text": " Official Receipt:", "label": "others", "box": [200, 564, 344, 546], "linking": []}, {"id": 67, "text": "Thank You Please Come Again", "label": "others", "box": [215, 597, 439, 578], "linking": []}, {"id": 68, "text": " Sign X:", "label": "others", "box": [212, 652, 271, 633], "linking": []}, {"id": 69, "text": " For feedback", "label": "others", "box": [193, 689, 300, 669], "linking": []}, {"id": 70, "text": " &", "label": "others", "box": [303, 687, 317, 669], "linking": []}, {"id": 71, "text": " suggestions, visit", "label": "others", "box": [320, 686, 468, 664], "linking": []}, {"id": 72, "text": " https://feedback.jambajuice.ph", "label": "others", "box": [200, 708, 461, 683], "linking": []}, {"id": 73, "text": "CUSTOMER INFO", "label": "others", "box": [277, 762, 395, 742], "linking": []}, {"id": 74, "text": " Customer Name:", "label": "others", "box": [188, 787, 313, 766], "linking": []}, {"id": 75, "text": " Address:", "label": "others", "box": [188, 806, 262, 791], "linking": []}, {"id": 76, "text": " TIN:", "label": "others", "box": [188, 827, 225, 812], "linking": []}, {"id": 77, "text": "Pos Provider", "label": "others", "box": [275, 847, 386, 828], "linking": []}, {"id": 78, "text": " Labels Sys. Marketing In", "label": "others", "box": [254, 871, 481, 845], "linking": []}, {"id": 79, "text": " Makati City", "label": "others", "box": [375, 912, 485, 889], "linking": []}, {"id": 80, "text": " 221-007-336-113", "label": "others", "box": [322, 935, 468, 913], "linking": []}, {"id": 81, "text": " Accreditation, Number:", "label": "others", "box": [240, 957, 439, 937], "linking": []}, {"id": 82, "text": "04100815695800056551810", "label": "others", "box": [219, 979, 439, 958], "linking": []}, {"id": 83, "text": " PTU Number:", "label": "others", "box": [277, 1001, 381, 983], "linking": []}, {"id": 84, "text": "FP082019-125-0224", "label": "others", "box": [218, 1021, 387, 1004], "linking": []}, {"id": 85, "text": " Tills", "label": "others", "box": [184, 872, 233, 853], "linking": []}, {"id": 86, "text": " N", "label": "others", "box": [236, 871, 251, 853], "linking": []}, {"id": 87, "text": "6th floor, BA Lepanto Building", "label": "others", "box": [194, 894, 475, 868], "linking": []}, {"id": 88, "text": " Paseo de Roxas Ave .,", "label": "others", "box": [183, 915, 372, 893], "linking": []}, {"id": 89, "text": " VAT Reg TIN:", "label": "others", "box": [203, 938, 319, 916], "linking": []}]