[{"id": 0, "text": "merchant name", "label": "others", "box": [974, 506, 1441, 399], "linking": []}, {"id": 1, "text": "merchant address", "label": "others", "box": [1018, 580, 1208, 516], "linking": []}, {"id": 2, "text": " Check", "label": "others", "box": [979, 650, 1034, 614], "linking": []}, {"id": 3, "text": " Server", "label": "others", "box": [981, 707, 1048, 672], "linking": []}, {"id": 4, "text": "Customer Copy", "label": "others", "box": [458, 483, 774, 444], "linking": []}, {"id": 5, "text": "merchant address", "label": "others", "box": [1062, 565, 1349, 502], "linking": []}, {"id": 6, "text": "merchant phone", "label": "others", "box": [1202, 605, 1262, 576], "linking": []}, {"id": 7, "text": "merchant phone", "label": "others", "box": [1067, 599, 1181, 557], "linking": []}, {"id": 8, "text": " : 523533", "label": "others", "box": [1033, 667, 1122, 623], "linking": []}, {"id": 9, "text": "NY", "label": "others", "box": [1207, 581, 1310, 550], "linking": []}, {"id": 10, "text": "merchant phone", "label": "others", "box": [1267, 610, 1372, 576], "linking": []}, {"id": 11, "text": "merchant name", "label": "others", "box": [349, 748, 899, 657], "linking": []}, {"id": 12, "text": " Date:", "label": "others", "box": [339, 841, 421, 808], "linking": []}, {"id": 13, "text": "merchant name", "label": "others", "box": [589, 666, 659, 639], "linking": []}, {"id": 14, "text": " Table:", "label": "others", "box": [980, 678, 1044, 641], "linking": []}, {"id": 15, "text": " 11/10/19 07:09pm", "label": "others", "box": [985, 747, 1175, 695], "linking": []}, {"id": 16, "text": "2 Longboard Lager", "label": "0 description beginning", "box": [1013, 829, 1210, 783], "linking": []}, {"id": 17, "text": "1 Mhouse Burger", "label": "0 description beginning", "box": [1017, 880, 1195, 833], "linking": []}, {"id": 18, "text": " R9", "label": "others", "box": [1045, 683, 1081, 653], "linking": []}, {"id": 19, "text": " : Gio PM", "label": "others", "box": [1048, 715, 1137, 682], "linking": []}, {"id": 20, "text": "The Malt House", "label": "others", "box": [454, 799, 821, 734], "linking": []}, {"id": 21, "text": " 11/10/19", "label": "others", "box": [425, 846, 540, 813], "linking": []}, {"id": 22, "text": " 1", "label": "e quantity", "box": [1017, 839, 1032, 810], "linking": []}, {"id": 23, "text": " Fish Tacos", "label": "0 description beginning", "box": [1034, 851, 1160, 812], "linking": []}, {"id": 24, "text": "1 Beignets", "label": "0 description beginning", "box": [1022, 902, 1141, 862], "linking": []}, {"id": 25, "text": " Subtotal", "label": "others", "box": [1119, 956, 1214, 929], "linking": []}, {"id": 26, "text": " Tax:", "label": "others", "box": [1177, 981, 1221, 958], "linking": []}, {"id": 27, "text": " Sub w/Tax:", "label": "others", "box": [1116, 1008, 1243, 982], "linking": []}, {"id": 28, "text": " :", "label": "others", "box": [1235, 1033, 1250, 1009], "linking": []}, {"id": 29, "text": "$18.00", "label": "5 total price per item", "box": [1410, 824, 1482, 801], "linking": []}, {"id": 30, "text": "$20.00", "label": "5 total price per item", "box": [1418, 844, 1490, 823], "linking": []}, {"id": 31, "text": "$20.00", "label": "5 total price per item", "box": [1426, 868, 1501, 845], "linking": []}, {"id": 32, "text": "$9. 00", "label": "5 total price per item", "box": [1438, 900, 1501, 869], "linking": []}, {"id": 33, "text": " Time:", "label": "others", "box": [586, 851, 660, 823], "linking": []}, {"id": 34, "text": " 07:11pm", "label": "others", "box": [664, 853, 764, 823], "linking": []}, {"id": 35, "text": "merchant address", "label": "others", "box": [546, 878, 724, 848], "linking": []}, {"id": 36, "text": "merchant address", "label": "others", "box": [505, 905, 750, 877], "linking": []}, {"id": 37, "text": "merchant phone", "label": "others", "box": [551, 934, 723, 906], "linking": []}, {"id": 38, "text": " :", "label": "others", "box": [1218, 956, 1232, 932], "linking": []}, {"id": 39, "text": "$67.00", "label": "sub total", "box": [1424, 956, 1500, 931], "linking": []}, {"id": 40, "text": "$5. 95", "label": "2 tax total", "box": [1438, 983, 1511, 957], "linking": []}, {"id": 41, "text": "$72.95", "label": "total amount", "box": [1427, 1012, 1513, 984], "linking": []}, {"id": 42, "text": " :", "label": "others", "box": [1225, 980, 1234, 958], "linking": []}, {"id": 43, "text": " Check:", "label": "others", "box": [333, 1020, 425, 990], "linking": []}, {"id": 44, "text": "Card Type", "label": "others", "box": [327, 1052, 465, 1020], "linking": []}, {"id": 45, "text": "Card Number", "label": "others", "box": [323, 1082, 489, 1051], "linking": []}, {"id": 46, "text": " 523533", "label": "others", "box": [430, 1023, 522, 992], "linking": []}, {"id": 47, "text": "AX", "label": "others", "box": [576, 1047, 605, 1026], "linking": []}, {"id": 48, "text": " Total", "label": "others", "box": [1173, 1034, 1231, 1010], "linking": []}, {"id": 49, "text": "$72. 95", "label": "total amount", "box": [1372, 1038, 1515, 1009], "linking": []}, {"id": 50, "text": "*********** 3001", "label": "others", "box": [574, 1072, 783, 1040], "linking": []}, {"id": 51, "text": "##/##", "label": "others", "box": [568, 1103, 645, 1076], "linking": []}, {"id": 52, "text": "Expiration Date", "label": "others", "box": [321, 1114, 553, 1079], "linking": []}, {"id": 53, "text": "THE MALT HOUSE", "label": "others", "box": [1124, 1149, 1478, 1094], "linking": []}, {"id": 54, "text": "OUR HOUSE, YOUR HOME", "label": "others", "box": [1049, 1219, 1552, 1183], "linking": []}, {"id": 55, "text": "Amount", "label": "others", "box": [311, 1281, 408, 1253], "linking": []}, {"id": 56, "text": "$72. 95", "label": "sub total", "box": [632, 1265, 723, 1231], "linking": []}, {"id": 57, "text": "JOIN US", "label": "others", "box": [1201, 1285, 1383, 1252], "linking": []}, {"id": 58, "text": "SATURDAY AND SUNDAY\u00ab", "label": "others", "box": [1036, 1334, 1530, 1305], "linking": []}, {"id": 59, "text": "FOR UNLIMITED BRUNCH", "label": "others", "box": [1032, 1311, 1521, 1281], "linking": []}, {"id": 60, "text": " Tip:", "label": "others", "box": [494, 1381, 578, 1336], "linking": []}, {"id": 61, "text": "$13.40", "label": "3 tip", "box": [564, 1370, 763, 1305], "linking": []}, {"id": 62, "text": " $86 . 35", "label": "total amount", "box": [585, 1487, 761, 1418], "linking": []}, {"id": 63, "text": " Total:", "label": "others", "box": [464, 1499, 577, 1438], "linking": []}, {"id": 64, "text": " MALT HOUSE", "label": "others", "box": [560, 1639, 873, 1585], "linking": []}, {"id": 65, "text": " YOUR HOME", "label": "others", "box": [661, 1686, 811, 1645], "linking": []}, {"id": 66, "text": " US FOR UNLIMITED BRUNCH", "label": "others", "box": [486, 1764, 886, 1695], "linking": []}, {"id": 67, "text": " THE", "label": "others", "box": [441, 1648, 528, 1611], "linking": []}, {"id": 68, "text": " OUR", "label": "others", "box": [476, 1702, 538, 1668], "linking": []}, {"id": 69, "text": " HOUSE,", "label": "others", "box": [542, 1696, 656, 1657], "linking": []}, {"id": 70, "text": " JOIN", "label": "others", "box": [404, 1774, 482, 1733], "linking": []}, {"id": 71, "text": " SATURDAY", "label": "others", "box": [488, 1798, 641, 1751], "linking": []}, {"id": 72, "text": " AND", "label": "others", "box": [644, 1783, 710, 1744], "linking": []}, {"id": 73, "text": " SUNDAY", "label": "others", "box": [713, 1776, 822, 1733], "linking": []}, {"id": 74, "text": "\u57fa\u91d1\u91d1", "label": "others", "box": [1347, 1946, 1509, 1728], "linking": []}]