[{"id": 0, "text": "820269160", "label": "others", "box": [111, 61, 236, 38], "linking": []}, {"id": 1, "text": "20610", "label": "others", "box": [439, 108, 664, 54], "linking": []}, {"id": 2, "text": "merchant name", "label": "others", "box": [438, 172, 582, 146], "linking": []}, {"id": 3, "text": "merchant address", "label": "others", "box": [451, 204, 664, 180], "linking": []}, {"id": 4, "text": "102/2", "label": "others", "box": [575, 236, 615, 220], "linking": []}, {"id": 5, "text": "61258/Elias C/", "label": "others", "box": [540, 257, 647, 236], "linking": []}, {"id": 6, "text": "3808", "label": "others", "box": [578, 274, 608, 258], "linking": []}, {"id": 7, "text": " 2019/11/08 12:11:30", "label": "others", "box": [492, 300, 643, 275], "linking": []}, {"id": 8, "text": " MERC ID:0075420008031134284601", "label": "others", "box": [433, 333, 661, 312], "linking": []}, {"id": 9, "text": " 1108171130", "label": "others", "box": [536, 352, 615, 332], "linking": []}, {"id": 10, "text": " *********** 1006", "label": "others", "box": [518, 369, 634, 351], "linking": []}, {"id": 11, "text": "XX/XX", "label": "others", "box": [555, 387, 599, 369], "linking": []}, {"id": 12, "text": "AMERICAN EXPRESS", "label": "others", "box": [504, 408, 637, 388], "linking": []}, {"id": 13, "text": " CheckNo:3808", "label": "others", "box": [498, 427, 591, 409], "linking": []}, {"id": 14, "text": " TableNo:", "label": "others", "box": [496, 446, 552, 428], "linking": []}, {"id": 15, "text": " APPROVAL CODE:", "label": "others", "box": [465, 466, 570, 447], "linking": []}, {"id": 16, "text": " Subtotal:", "label": "others", "box": [543, 482, 612, 465], "linking": []}, {"id": 17, "text": "merchant name", "label": "others", "box": [120, 152, 265, 134], "linking": []}, {"id": 18, "text": "merchant address", "label": "others", "box": [151, 170, 245, 152], "linking": []}, {"id": 19, "text": "merchant address", "label": "others", "box": [88, 189, 297, 170], "linking": []}, {"id": 20, "text": "merchant address", "label": "others", "box": [111, 209, 218, 190], "linking": []}, {"id": 21, "text": "merchant name", "label": "others", "box": [586, 169, 670, 146], "linking": []}, {"id": 22, "text": "merchant address", "label": "others", "box": [502, 185, 599, 166], "linking": []}, {"id": 23, "text": "TBL 102/2", "label": "others", "box": [75, 246, 148, 227], "linking": []}, {"id": 24, "text": " GST", "label": "others", "box": [275, 245, 303, 228], "linking": []}, {"id": 25, "text": " 1", "label": "others", "box": [307, 245, 314, 228], "linking": []}, {"id": 26, "text": "TABLE#", "label": "others", "box": [485, 240, 531, 223], "linking": []}, {"id": 27, "text": "SERVER", "label": "others", "box": [450, 257, 499, 240], "linking": []}, {"id": 28, "text": "CHECK#", "label": "others", "box": [487, 277, 534, 260], "linking": []}, {"id": 29, "text": "3808", "label": "others", "box": [165, 265, 226, 248], "linking": []}, {"id": 30, "text": " 08NOV'19 11:51AM", "label": "others", "box": [132, 285, 258, 267], "linking": []}, {"id": 31, "text": " 1", "label": "e quantity", "box": [91, 322, 101, 304], "linking": []}, {"id": 32, "text": " 1", "label": "e quantity", "box": [92, 341, 102, 323], "linking": []}, {"id": 33, "text": " LG SAM ADAMS", "label": "0 description beginning", "box": [104, 322, 203, 304], "linking": []}, {"id": 34, "text": " TRIPLE CHESEBURG", "label": "0 description beginning", "box": [105, 341, 234, 323], "linking": []}, {"id": 35, "text": "SUBTOTAL", "label": "others", "box": [107, 360, 169, 342], "linking": []}, {"id": 36, "text": "TAX", "label": "others", "box": [107, 378, 136, 363], "linking": []}, {"id": 37, "text": "TOTAL DUE", "label": "others", "box": [98, 399, 176, 381], "linking": []}, {"id": 38, "text": "********************************", "label": "others", "box": [63, 416, 316, 401], "linking": []}, {"id": 39, "text": "Tell us how we did and enter to", "label": "others", "box": [65, 438, 311, 419], "linking": []}, {"id": 40, "text": "win 2 round trip airline tickets", "label": "others", "box": [63, 456, 316, 439], "linking": []}, {"id": 41, "text": "***** Authorize *****", "label": "others", "box": [497, 314, 643, 294], "linking": []}, {"id": 42, "text": "12.50", "label": "5 total price per item", "box": [264, 321, 302, 305], "linking": []}, {"id": 43, "text": "5.49", "label": "5 total price per item", "box": [262, 340, 302, 323], "linking": []}, {"id": 44, "text": "27.99", "label": "sub total", "box": [258, 360, 301, 343], "linking": []}, {"id": 45, "text": "1.85", "label": "2 tax total", "box": [271, 379, 302, 363], "linking": []}, {"id": 46, "text": "$29.84", "label": "total amount", "box": [200, 398, 299, 381], "linking": []}, {"id": 47, "text": " REF No:", "label": "others", "box": [474, 353, 533, 334], "linking": []}, {"id": 48, "text": " CT No:", "label": "others", "box": [460, 372, 512, 353], "linking": []}, {"id": 49, "text": " EXP", "label": "others", "box": [495, 389, 515, 371], "linking": []}, {"id": 50, "text": " :", "label": "others", "box": [517, 387, 529, 371], "linking": []}, {"id": 51, "text": " CARD:", "label": "others", "box": [455, 407, 500, 391], "linking": []}, {"id": 52, "text": " 102/2", "label": "others", "box": [555, 446, 596, 428], "linking": []}, {"id": 53, "text": " 54028B", "label": "others", "box": [574, 463, 624, 446], "linking": []}, {"id": 54, "text": "Complete a brief survey at", "label": "others", "box": [86, 496, 294, 476], "linking": []}, {"id": 55, "text": "www.areasask.com/31009", "label": "others", "box": [101, 515, 278, 495], "linking": []}, {"id": 56, "text": " $29.84", "label": "sub total", "box": [616, 482, 669, 465], "linking": []}, {"id": 57, "text": " 6.00", "label": "3 tip", "box": [617, 520, 665, 492], "linking": []}, {"id": 58, "text": " 35 84", "label": "total amount", "box": [618, 558, 680, 532], "linking": []}, {"id": 59, "text": " Tip:", "label": "others", "box": [580, 522, 613, 496], "linking": []}, {"id": 60, "text": " Total:", "label": "others", "box": [563, 559, 614, 535], "linking": []}, {"id": 61, "text": " Enter code below:", "label": "others", "box": [122, 554, 258, 533], "linking": []}, {"id": 62, "text": "38080-61258-12081-13289", "label": "others", "box": [98, 572, 280, 551], "linking": []}, {"id": 63, "text": "********************************", "label": "others", "box": [55, 590, 312, 572], "linking": []}, {"id": 64, "text": "x", "label": "others", "box": [419, 597, 432, 579], "linking": []}, {"id": 65, "text": " For Guest Service:", "label": "others", "box": [111, 632, 256, 611], "linking": []}, {"id": 66, "text": "Signature", "label": "others", "box": [549, 615, 622, 599], "linking": []}, {"id": 67, "text": "CUSTOMER COPY", "label": "others", "box": [525, 634, 628, 616], "linking": []}, {"id": 68, "text": "Visit areasask.com/31009", "label": "others", "box": [88, 651, 278, 629], "linking": []}, {"id": 69, "text": "Or Call 866.820.1178", "label": "others", "box": [102, 671, 263, 649], "linking": []}, {"id": 70, "text": "# XXXXXXXXXXX1006", "label": "others", "box": [109, 690, 246, 670], "linking": []}, {"id": 71, "text": "AMEX 540288", "label": "others", "box": [131, 709, 229, 690], "linking": []}, {"id": 72, "text": "29.84", "label": "others", "box": [187, 727, 229, 709], "linking": []}, {"id": 73, "text": "009.26916.WWW", "label": "others", "box": [426, 713, 657, 687], "linking": []}, {"id": 74, "text": "Auth", "label": "others", "box": [123, 728, 161, 712], "linking": []}]