[{"id": 0, "text": " Operated", "label": "others", "box": [55, 82, 121, 64], "linking": []}, {"id": 1, "text": " ABN:", "label": "others", "box": [102, 101, 136, 83], "linking": []}, {"id": 2, "text": " By", "label": "others", "box": [124, 82, 145, 64], "linking": []}, {"id": 3, "text": "merchant name", "label": "others", "box": [148, 86, 310, 64], "linking": []}, {"id": 4, "text": " 90 003 940 350", "label": "others", "box": [139, 103, 255, 83], "linking": []}, {"id": 5, "text": "merchant address", "label": "others", "box": [71, 141, 136, 122], "linking": []}, {"id": 6, "text": "merchant address", "label": "others", "box": [116, 161, 199, 143], "linking": []}, {"id": 7, "text": "merchant address", "label": "others", "box": [108, 180, 158, 162], "linking": []}, {"id": 8, "text": "merchant address", "label": "others", "box": [120, 201, 174, 181], "linking": []}, {"id": 9, "text": "merchant address", "label": "others", "box": [113, 220, 166, 202], "linking": []}, {"id": 10, "text": " Ph:", "label": "others", "box": [114, 239, 142, 221], "linking": []}, {"id": 11, "text": "merchant address", "label": "others", "box": [139, 144, 292, 122], "linking": []}, {"id": 12, "text": "merchant address", "label": "others", "box": [201, 162, 238, 145], "linking": []}, {"id": 13, "text": "merchant address", "label": "others", "box": [161, 181, 231, 163], "linking": []}, {"id": 14, "text": "merchant address", "label": "others", "box": [234, 181, 253, 164], "linking": []}, {"id": 15, "text": "merchant address", "label": "others", "box": [177, 201, 237, 183], "linking": []}, {"id": 16, "text": "merchant address", "label": "others", "box": [169, 221, 237, 202], "linking": []}, {"id": 17, "text": "merchant phone", "label": "others", "box": [145, 242, 244, 222], "linking": []}, {"id": 18, "text": " Date:", "label": "others", "box": [18, 281, 67, 262], "linking": []}, {"id": 19, "text": " Store:", "label": "others", "box": [19, 301, 69, 283], "linking": []}, {"id": 20, "text": " Staff:", "label": "others", "box": [17, 321, 68, 303], "linking": []}, {"id": 21, "text": " 05/11/19 7:22 Slip:", "label": "others", "box": [73, 282, 250, 262], "linking": []}, {"id": 22, "text": " SYD302", "label": "others", "box": [72, 300, 125, 282], "linking": []}, {"id": 23, "text": " Reshma", "label": "others", "box": [71, 321, 125, 303], "linking": []}, {"id": 24, "text": " 1411193921", "label": "others", "box": [256, 282, 336, 263], "linking": []}, {"id": 25, "text": "N141", "label": "others", "box": [302, 301, 335, 284], "linking": []}, {"id": 26, "text": "1294958", "label": "others", "box": [281, 321, 337, 303], "linking": []}, {"id": 27, "text": " POS:", "label": "others", "box": [152, 301, 186, 283], "linking": []}, {"id": 28, "text": "Tax Invoice", "label": "others", "box": [153, 321, 242, 302], "linking": []}, {"id": 29, "text": "Description", "label": "others", "box": [15, 361, 107, 342], "linking": []}, {"id": 30, "text": "Amount", "label": "others", "box": [262, 361, 310, 343], "linking": []}, {"id": 31, "text": " Item No .:", "label": "others", "box": [16, 400, 95, 383], "linking": []}, {"id": 32, "text": " JCs", "label": "others", "box": [17, 421, 42, 403], "linking": []}, {"id": 33, "text": " Item No .:", "label": "others", "box": [15, 441, 93, 423], "linking": []}, {"id": 34, "text": " Munch", "label": "0 description beginning", "box": [14, 461, 57, 443], "linking": []}, {"id": 35, "text": " 399314", "label": "others", "box": [111, 400, 162, 383], "linking": []}, {"id": 36, "text": " Outback Mix 150g PCS", "label": "0 description beginning", "box": [45, 421, 208, 403], "linking": []}, {"id": 37, "text": "8.47 *1", "label": "5 total price per item", "box": [276, 421, 331, 402], "linking": []}, {"id": 38, "text": "449774", "label": "others", "box": [105, 440, 162, 423], "linking": []}, {"id": 39, "text": " Pistachio", "label": "0 description beginning", "box": [60, 461, 137, 443], "linking": []}, {"id": 40, "text": " Cran PCS", "label": "0 description beginning", "box": [140, 461, 207, 443], "linking": []}, {"id": 41, "text": " 8.97", "label": "5 total price per item", "box": [275, 461, 308, 442], "linking": []}, {"id": 42, "text": " *1", "label": "e quantity", "box": [312, 461, 330, 443], "linking": []}, {"id": 43, "text": "Total $", "label": "others", "box": [13, 501, 73, 483], "linking": []}, {"id": 44, "text": "EFTPOS", "label": "others", "box": [13, 521, 65, 503], "linking": []}, {"id": 45, "text": "American Express", "label": "others", "box": [27, 541, 160, 523], "linking": []}, {"id": 46, "text": "17.44", "label": "total amount", "box": [268, 499, 308, 482], "linking": []}, {"id": 47, "text": "-17.44", "label": "total amount", "box": [259, 519, 307, 502], "linking": []}, {"id": 48, "text": " GST", "label": "others", "box": [12, 581, 44, 563], "linking": []}, {"id": 49, "text": " *1", "label": "others", "box": [52, 580, 69, 563], "linking": []}, {"id": 50, "text": "10%", "label": "others", "box": [111, 579, 135, 562], "linking": []}, {"id": 51, "text": "17.44", "label": "total amount", "box": [180, 578, 221, 561], "linking": []}, {"id": 52, "text": "1.59", "label": "2 tax total", "box": [282, 578, 312, 561], "linking": []}, {"id": 53, "text": " Newslink", "label": "others", "box": [60, 620, 127, 601], "linking": []}, {"id": 54, "text": "merchant address", "label": "others", "box": [10, 642, 248, 621], "linking": []}, {"id": 55, "text": " NSW 2020", "label": "others", "box": [113, 659, 178, 641], "linking": []}, {"id": 56, "text": " SYD302", "label": "others", "box": [130, 619, 181, 600], "linking": []}, {"id": 57, "text": " Mascot", "label": "others", "box": [57, 660, 110, 642], "linking": []}, {"id": 58, "text": " Tyro", "label": "others", "box": [41, 702, 75, 682], "linking": []}, {"id": 59, "text": " Payments EFTPOS", "label": "others", "box": [78, 701, 201, 680], "linking": []}, {"id": 60, "text": "AMERICAN EXPRESS", "label": "others", "box": [8, 740, 138, 720], "linking": []}, {"id": 61, "text": " A000000025010801", "label": "others", "box": [45, 761, 176, 741], "linking": []}, {"id": 62, "text": " xxxxxxxxxxx1001(t)", "label": "others", "box": [54, 781, 199, 761], "linking": []}, {"id": 63, "text": " AID:", "label": "others", "box": [7, 761, 42, 743], "linking": []}, {"id": 64, "text": " Card:", "label": "others", "box": [7, 782, 50, 764], "linking": []}, {"id": 65, "text": "Purchase", "label": "others", "box": [5, 822, 72, 803], "linking": []}, {"id": 66, "text": "AUD", "label": "others", "box": [110, 820, 135, 802], "linking": []}, {"id": 67, "text": "$17.44", "label": "sub total", "box": [181, 819, 231, 801], "linking": []}, {"id": 68, "text": "Total", "label": "others", "box": [6, 861, 46, 844], "linking": []}, {"id": 69, "text": "AUD", "label": "others", "box": [110, 859, 135, 843], "linking": []}, {"id": 70, "text": "$17.44", "label": "total amount", "box": [179, 860, 230, 841], "linking": []}, {"id": 71, "text": "APPROVED", "label": "others", "box": [6, 901, 71, 882], "linking": []}, {"id": 72, "text": "No pin or signature required", "label": "others", "box": [3, 922, 229, 901], "linking": []}, {"id": 73, "text": "00", "label": "others", "box": [212, 898, 229, 882], "linking": []}, {"id": 74, "text": " Terminal ID:", "label": "others", "box": [4, 960, 105, 941], "linking": []}, {"id": 75, "text": " Transaction Ref:", "label": "others", "box": [4, 979, 135, 960], "linking": []}, {"id": 76, "text": " Authorisation No:", "label": "others", "box": [5, 997, 143, 979], "linking": []}, {"id": 77, "text": " 05 Nov 2019 at 07:22 PM", "label": "others", "box": [4, 1016, 190, 998], "linking": []}, {"id": 78, "text": " 1", "label": "others", "box": [108, 959, 118, 941], "linking": []}, {"id": 79, "text": " 607482", "label": "others", "box": [138, 977, 190, 959], "linking": []}, {"id": 80, "text": " 841474", "label": "others", "box": [146, 996, 197, 978], "linking": []}, {"id": 81, "text": " Thank", "label": "others", "box": [62, 1069, 104, 1053], "linking": []}, {"id": 82, "text": "merchant address", "label": "others", "box": [54, 1087, 226, 1070], "linking": []}, {"id": 83, "text": " You", "label": "others", "box": [107, 1069, 135, 1052], "linking": []}, {"id": 84, "text": " for", "label": "others", "box": [138, 1069, 165, 1052], "linking": []}, {"id": 85, "text": " shopping at", "label": "others", "box": [168, 1069, 256, 1052], "linking": []}, {"id": 86, "text": " Kiosk", "label": "others", "box": [228, 1087, 272, 1070], "linking": []}]