[{"id": 0, "text": "merchant name", "label": "others", "box": [100, 96, 330, 72], "linking": []}, {"id": 1, "text": "merchant address", "label": "others", "box": [152, 122, 286, 99], "linking": []}, {"id": 2, "text": "merchant address", "label": "others", "box": [36, 149, 225, 125], "linking": []}, {"id": 3, "text": "merchant phone", "label": "others", "box": [237, 149, 396, 125], "linking": []}, {"id": 4, "text": "CHK 724691", "label": "others", "box": [159, 198, 271, 176], "linking": []}, {"id": 5, "text": " 11/09/2019 05:22 PM", "label": "others", "box": [107, 225, 318, 202], "linking": []}, {"id": 6, "text": "2801240", "label": "others", "box": [60, 249, 139, 227], "linking": []}, {"id": 7, "text": " Drawer:", "label": "others", "box": [167, 250, 255, 228], "linking": []}, {"id": 8, "text": " 1 Reg:", "label": "others", "box": [259, 249, 345, 228], "linking": []}, {"id": 9, "text": " 1", "label": "others", "box": [350, 249, 362, 228], "linking": []}, {"id": 10, "text": "Gr Flat White", "label": "0 description beginning", "box": [32, 306, 171, 279], "linking": []}, {"id": 11, "text": "4.95", "label": "5 total price per item", "box": [334, 302, 383, 276], "linking": []}, {"id": 12, "text": "Amex", "label": "others", "box": [33, 358, 75, 337], "linking": []}, {"id": 13, "text": "XXXXXXXXXXXX1000", "label": "others", "box": [33, 386, 205, 363], "linking": []}, {"id": 14, "text": " Card Entry:", "label": "others", "box": [32, 415, 151, 390], "linking": []}, {"id": 15, "text": " Trans Type:", "label": "others", "box": [32, 442, 153, 416], "linking": []}, {"id": 16, "text": " Reference #:", "label": "others", "box": [33, 468, 164, 443], "linking": []}, {"id": 17, "text": " App Label:", "label": "others", "box": [33, 494, 143, 471], "linking": []}, {"id": 18, "text": " Auth #:", "label": "others", "box": [33, 519, 111, 496], "linking": []}, {"id": 19, "text": " AID:", "label": "others", "box": [34, 547, 78, 520], "linking": []}, {"id": 20, "text": " TVR:", "label": "others", "box": [34, 572, 80, 549], "linking": []}, {"id": 21, "text": " TSI:", "label": "others", "box": [35, 597, 82, 575], "linking": []}, {"id": 22, "text": "4.95", "label": "others", "box": [334, 358, 382, 334], "linking": []}, {"id": 23, "text": " QUICK CHIP", "label": "others", "box": [156, 415, 270, 392], "linking": []}, {"id": 24, "text": " PURCHASE", "label": "others", "box": [158, 442, 247, 419], "linking": []}, {"id": 25, "text": " 00000236", "label": "others", "box": [169, 469, 259, 446], "linking": []}, {"id": 26, "text": " AMERICAN EXPRESS", "label": "others", "box": [147, 498, 323, 472], "linking": []}, {"id": 27, "text": " 841927", "label": "others", "box": [115, 521, 184, 498], "linking": []}, {"id": 28, "text": " A000000025010801", "label": "others", "box": [82, 551, 259, 521], "linking": []}, {"id": 29, "text": " 0000008000", "label": "others", "box": [84, 573, 194, 550], "linking": []}, {"id": 30, "text": " E800", "label": "others", "box": [86, 597, 133, 576], "linking": []}, {"id": 31, "text": "Subtotal", "label": "others", "box": [33, 648, 120, 626], "linking": []}, {"id": 32, "text": "Total", "label": "others", "box": [35, 674, 89, 652], "linking": []}, {"id": 33, "text": "Change Due", "label": "others", "box": [3, 705, 214, 679], "linking": []}, {"id": 34, "text": "$4.95", "label": "sub total", "box": [310, 655, 368, 632], "linking": []}, {"id": 35, "text": "$4.95", "label": "total amount", "box": [309, 683, 368, 660], "linking": []}, {"id": 36, "text": "$0.00", "label": "others", "box": [320, 713, 437, 686], "linking": []}, {"id": 37, "text": "Check Closed", "label": "others", "box": [127, 761, 261, 732], "linking": []}, {"id": 38, "text": " 11/09/2019 05:22 PM", "label": "others", "box": [111, 791, 314, 759], "linking": []}, {"id": 39, "text": "----.", "label": "others", "box": [270, 758, 316, 744], "linking": []}, {"id": 40, "text": "Join our loyalty.program", "label": "others", "box": [89, 924, 349, 887], "linking": []}, {"id": 41, "text": "Sign up for promotional emails", "label": "others", "box": [56, 982, 383, 937], "linking": []}, {"id": 42, "text": "Or download our app", "label": "others", "box": [105, 1038, 318, 997], "linking": []}, {"id": 43, "text": "Some restrictions apply", "label": "others", "box": [82, 1101, 339, 1053], "linking": []}, {"id": 44, "text": "Starbucks Rewards\u00ae", "label": "others", "box": [119, 950, 319, 913], "linking": []}, {"id": 45, "text": "Visit Starbucks.com/rewards", "label": "others", "box": [68, 1011, 362, 966], "linking": []}, {"id": 46, "text": "At participating stores", "label": "others", "box": [84, 1071, 341, 1022], "linking": []}]