[{"id": 0, "text": " Supper while", "label": "others", "box": [39, 62, 188, 22], "linking": []}, {"id": 1, "text": "merchant name", "label": "others", "box": [128, 92, 206, 77], "linking": []}, {"id": 2, "text": "merchant address", "label": "others", "box": [70, 106, 165, 90], "linking": []}, {"id": 3, "text": " 80263594RT0001", "label": "others", "box": [96, 129, 194, 112], "linking": []}, {"id": 4, "text": " Call", "label": "others", "box": [70, 157, 101, 140], "linking": []}, {"id": 5, "text": " Chk 9900 Oct23 19 07:49P Gst 1", "label": "others", "box": [28, 187, 236, 165], "linking": []}, {"id": 6, "text": "Delivery", "label": "others", "box": [54, 214, 156, 195], "linking": []}, {"id": 7, "text": "AMEX $22.76", "label": "others", "box": [56, 242, 128, 223], "linking": []}, {"id": 8, "text": "TIP INCLUDED $2.67", "label": "others", "box": [56, 270, 175, 247], "linking": []}, {"id": 9, "text": "Online", "label": "others", "box": [57, 294, 98, 280], "linking": []}, {"id": 10, "text": "Delivery Time", "label": "others", "box": [56, 316, 143, 302], "linking": []}, {"id": 11, "text": " 08:39 PM", "label": "others", "box": [56, 340, 112, 325], "linking": []}, {"id": 12, "text": " Travelling", "label": "others", "box": [196, 56, 288, 20], "linking": []}, {"id": 13, "text": "merchant name", "label": "others", "box": [53, 94, 126, 78], "linking": []}, {"id": 14, "text": "merchant address", "label": "others", "box": [52, 119, 151, 102], "linking": []}, {"id": 15, "text": "merchant address", "label": "others", "box": [167, 102, 185, 90], "linking": []}, {"id": 16, "text": "merchant address", "label": "others", "box": [154, 114, 179, 101], "linking": []}, {"id": 17, "text": "merchant address", "label": "others", "box": [182, 114, 202, 101], "linking": []}, {"id": 18, "text": " REG:", "label": "others", "box": [65, 130, 94, 115], "linking": []}, {"id": 19, "text": " 20999", "label": "others", "box": [33, 158, 67, 141], "linking": []}, {"id": 20, "text": "PREPAID", "label": "others", "box": [55, 228, 102, 211], "linking": []}, {"id": 21, "text": " 915-5745", "label": "others", "box": [95, 419, 150, 404], "linking": []}, {"id": 22, "text": "900 York Mills Rd", "label": "others", "box": [57, 443, 168, 428], "linking": []}, {"id": 23, "text": " 1710", "label": "others", "box": [103, 467, 129, 452], "linking": []}, {"id": 24, "text": " York,", "label": "others", "box": [95, 491, 129, 476], "linking": []}, {"id": 25, "text": "M383H2", "label": "others", "box": [56, 515, 96, 501], "linking": []}, {"id": 26, "text": " (514)", "label": "others", "box": [59, 419, 93, 405], "linking": []}, {"id": 27, "text": " Room#:", "label": "others", "box": [57, 467, 100, 453], "linking": []}, {"id": 28, "text": " North", "label": "others", "box": [57, 491, 92, 477], "linking": []}, {"id": 29, "text": " ON", "label": "others", "box": [132, 491, 149, 476], "linking": []}, {"id": 30, "text": "Building", "label": "others", "box": [55, 543, 110, 527], "linking": []}, {"id": 31, "text": " name:", "label": "others", "box": [55, 570, 83, 555], "linking": []}, {"id": 32, "text": "2", "label": "others", "box": [54, 593, 63, 581], "linking": []}, {"id": 33, "text": " Westin Prince", "label": "others", "box": [86, 569, 174, 555], "linking": []}, {"id": 34, "text": " eSwiss", "label": "others", "box": [56, 634, 97, 620], "linking": []}, {"id": 35, "text": " Ticket", "label": "others", "box": [99, 634, 142, 619], "linking": []}, {"id": 36, "text": " 20191023", "label": "others", "box": [56, 660, 111, 645], "linking": []}, {"id": 37, "text": " FRIES", "label": "0 description beginning", "box": [81, 685, 117, 670], "linking": []}, {"id": 38, "text": " CHICKEN", "label": "0 description beginning", "box": [81, 698, 130, 683], "linking": []}, {"id": 39, "text": "WHITE MEAT", "label": "1 description inside", "box": [68, 720, 135, 707], "linking": []}, {"id": 40, "text": "+ GARON SLD", "label": "1 description inside", "box": [68, 731, 141, 718], "linking": []}, {"id": 41, "text": " VIN BALSMC", "label": "1 description inside", "box": [66, 744, 133, 730], "linking": []}, {"id": 42, "text": " #", "label": "others", "box": [144, 633, 154, 618], "linking": []}, {"id": 43, "text": " 1217034", "label": "others", "box": [113, 660, 160, 645], "linking": []}, {"id": 44, "text": " 1", "label": "e quantity", "box": [44, 686, 53, 672], "linking": []}, {"id": 45, "text": " 1", "label": "e quantity", "box": [45, 698, 55, 684], "linking": []}, {"id": 46, "text": " ADD", "label": "0 description beginning", "box": [56, 685, 79, 671], "linking": []}, {"id": 47, "text": " 1/4", "label": "0 description beginning", "box": [58, 698, 79, 684], "linking": []}, {"id": 48, "text": "2.99", "label": "5 total price per item", "box": [187, 683, 217, 670], "linking": []}, {"id": 49, "text": "14.79", "label": "5 total price per item", "box": [183, 695, 218, 682], "linking": []}, {"id": 50, "text": "1/4 CHICKEN", "label": "1 description inside", "box": [67, 708, 143, 694], "linking": []}, {"id": 51, "text": " DRESS", "label": "1 description inside", "box": [136, 744, 172, 730], "linking": []}, {"id": 52, "text": "WHITE ROLL", "label": "1 description inside", "box": [66, 756, 134, 741], "linking": []}, {"id": 53, "text": "Food", "label": "others", "box": [51, 780, 79, 766], "linking": []}, {"id": 54, "text": "HIST", "label": "others", "box": [50, 791, 75, 777], "linking": []}, {"id": 55, "text": "Total Due", "label": "others", "box": [49, 804, 110, 791], "linking": []}, {"id": 56, "text": "17.78", "label": "sub total", "box": [183, 780, 215, 766], "linking": []}, {"id": 57, "text": "2.31", "label": "2 tax total", "box": [185, 791, 212, 778], "linking": []}, {"id": 58, "text": "20.09", "label": "total amount", "box": [147, 804, 213, 789], "linking": []}]