[{"id": 0, "text": "merchant name", "label": "others", "box": [964, 232, 1317, 192], "linking": []}, {"id": 1, "text": "merchant address", "label": "others", "box": [1051, 267, 1230, 234], "linking": []}, {"id": 2, "text": "merchant address", "label": "others", "box": [1007, 307, 1275, 271], "linking": []}, {"id": 3, "text": "merchant phone", "label": "others", "box": [1040, 348, 1247, 312], "linking": []}, {"id": 4, "text": " 10/28/2019, 06:07 PM", "label": "others", "box": [1056, 396, 1329, 368], "linking": []}, {"id": 5, "text": "48", "label": "others", "box": [1055, 432, 1088, 407], "linking": []}, {"id": 6, "text": "AMEX", "label": "others", "box": [1057, 469, 1137, 444], "linking": []}, {"id": 7, "text": "xxxx xxxx xxxx 1003", "label": "others", "box": [1054, 509, 1296, 480], "linking": []}, {"id": 8, "text": "Chip", "label": "others", "box": [1056, 586, 1118, 557], "linking": []}, {"id": 9, "text": "SALE", "label": "others", "box": [1060, 622, 1131, 595], "linking": []}, {"id": 10, "text": " 39", "label": "others", "box": [1058, 662, 1092, 635], "linking": []}, {"id": 11, "text": " Date", "label": "others", "box": [856, 399, 915, 376], "linking": []}, {"id": 12, "text": " Check#", "label": "others", "box": [858, 436, 950, 411], "linking": []}, {"id": 13, "text": " Card Type", "label": "others", "box": [857, 475, 983, 448], "linking": []}, {"id": 14, "text": " Card #", "label": "others", "box": [858, 512, 941, 486], "linking": []}, {"id": 15, "text": " Card Holder", "label": "others", "box": [857, 550, 1005, 523], "linking": []}, {"id": 16, "text": " Card Entry", "label": "others", "box": [857, 588, 992, 561], "linking": []}, {"id": 17, "text": " Trans Type", "label": "others", "box": [861, 627, 995, 599], "linking": []}, {"id": 18, "text": " Transaction #:", "label": "others", "box": [860, 664, 1053, 635], "linking": []}, {"id": 19, "text": " Ref. Number", "label": "others", "box": [862, 703, 1015, 675], "linking": []}, {"id": 20, "text": " Auth Code", "label": "others", "box": [861, 740, 993, 716], "linking": []}, {"id": 21, "text": " Server", "label": "others", "box": [859, 780, 940, 754], "linking": []}, {"id": 22, "text": " Table#", "label": "others", "box": [862, 815, 944, 790], "linking": []}, {"id": 23, "text": " :", "label": "others", "box": [919, 398, 933, 376], "linking": []}, {"id": 24, "text": " :", "label": "others", "box": [955, 434, 969, 410], "linking": []}, {"id": 25, "text": " :", "label": "others", "box": [988, 473, 1002, 447], "linking": []}, {"id": 26, "text": " :", "label": "others", "box": [946, 511, 961, 486], "linking": []}, {"id": 27, "text": " :", "label": "others", "box": [1010, 549, 1027, 523], "linking": []}, {"id": 28, "text": " :", "label": "others", "box": [996, 588, 1007, 561], "linking": []}, {"id": 29, "text": " :", "label": "others", "box": [1000, 626, 1014, 600], "linking": []}, {"id": 30, "text": " :", "label": "others", "box": [1020, 702, 1031, 675], "linking": []}, {"id": 31, "text": " :", "label": "others", "box": [997, 740, 1013, 716], "linking": []}, {"id": 32, "text": "855577", "label": "others", "box": [1059, 737, 1152, 712], "linking": []}, {"id": 33, "text": "2", "label": "others", "box": [1059, 776, 1077, 754], "linking": []}, {"id": 34, "text": "23", "label": "others", "box": [1061, 811, 1091, 787], "linking": []}, {"id": 35, "text": " :", "label": "others", "box": [945, 780, 956, 754], "linking": []}, {"id": 36, "text": " :", "label": "others", "box": [949, 815, 961, 789], "linking": []}, {"id": 37, "text": " Amount", "label": "others", "box": [863, 870, 976, 841], "linking": []}, {"id": 38, "text": " :", "label": "others", "box": [981, 869, 993, 841], "linking": []}, {"id": 39, "text": "$24.09", "label": "sub total", "box": [1335, 866, 1433, 834], "linking": []}, {"id": 40, "text": "- 4.34-", "label": "3 tip", "box": [1273, 932, 1459, 880], "linking": []}, {"id": 41, "text": "- 28. 43 -", "label": "total amount", "box": [1244, 995, 1460, 943], "linking": []}, {"id": 42, "text": "I AGREE TO PAY ABOVE TOTAL AMOUNT", "label": "others", "box": [885, 1040, 1412, 1011], "linking": []}, {"id": 43, "text": " TO CARD ISSUER", "label": "others", "box": [1121, 1068, 1348, 1042], "linking": []}, {"id": 44, "text": "AGREEMENT!", "label": "others", "box": [1061, 1098, 1238, 1073], "linking": []}, {"id": 45, "text": " Gratuity:", "label": "others", "box": [864, 931, 988, 898], "linking": []}, {"id": 46, "text": " Total:", "label": "others", "box": [864, 988, 945, 958], "linking": []}, {"id": 47, "text": " ACCORDING", "label": "others", "box": [948, 1070, 1114, 1044], "linking": []}, {"id": 48, "text": "X.", "label": "others", "box": [943, 1203, 973, 1174], "linking": []}, {"id": 49, "text": "SIGNATURE", "label": "others", "box": [1071, 1239, 1228, 1212], "linking": []}, {"id": 50, "text": "AMERICAN EXPRESS", "label": "others", "box": [1065, 1274, 1342, 1249], "linking": []}, {"id": 51, "text": "A000000025010801", "label": "others", "box": [1065, 1311, 1303, 1282], "linking": []}, {"id": 52, "text": "0037", "label": "others", "box": [1066, 1343, 1128, 1321], "linking": []}, {"id": 53, "text": "E4A998AE1807D338", "label": "others", "box": [1067, 1381, 1322, 1352], "linking": []}, {"id": 54, "text": "0000008000", "label": "others", "box": [1068, 1414, 1218, 1391], "linking": []}, {"id": 55, "text": "F800", "label": "others", "box": [1067, 1449, 1132, 1427], "linking": []}, {"id": 56, "text": " APP LABEL", "label": "others", "box": [868, 1279, 1008, 1253], "linking": []}, {"id": 57, "text": " AID", "label": "others", "box": [867, 1312, 912, 1289], "linking": []}, {"id": 58, "text": " ATC", "label": "others", "box": [868, 1347, 922, 1324], "linking": []}, {"id": 59, "text": " TC", "label": "others", "box": [869, 1382, 905, 1358], "linking": []}, {"id": 60, "text": " TVR", "label": "others", "box": [870, 1417, 924, 1393], "linking": []}, {"id": 61, "text": " TSI", "label": "others", "box": [869, 1452, 911, 1428], "linking": []}, {"id": 62, "text": "Gratuity Suggestion", "label": "others", "box": [872, 1494, 1109, 1467], "linking": []}, {"id": 63, "text": " 18:00% = $4.34", "label": "others", "box": [1063, 1525, 1248, 1498], "linking": []}, {"id": 64, "text": "20.00% = $4.82", "label": "others", "box": [1060, 1559, 1251, 1533], "linking": []}, {"id": 65, "text": "25.00% = $6.02", "label": "others", "box": [1059, 1595, 1249, 1568], "linking": []}, {"id": 66, "text": " :", "label": "others", "box": [1013, 1278, 1032, 1252], "linking": []}, {"id": 67, "text": " :", "label": "others", "box": [917, 1312, 929, 1290], "linking": []}, {"id": 68, "text": " :", "label": "others", "box": [926, 1347, 939, 1324], "linking": []}, {"id": 69, "text": " :", "label": "others", "box": [909, 1382, 920, 1359], "linking": []}, {"id": 70, "text": " :", "label": "others", "box": [928, 1417, 939, 1394], "linking": []}, {"id": 71, "text": " :", "label": "others", "box": [915, 1452, 928, 1428], "linking": []}]