[{"id": 0, "text": "merchant name", "label": "others", "box": [343, 165, 433, 139], "linking": []}, {"id": 1, "text": "merchant address", "label": "others", "box": [254, 197, 517, 162], "linking": []}, {"id": 2, "text": "merchant phone", "label": "others", "box": [316, 246, 458, 220], "linking": []}, {"id": 3, "text": "merchant address", "label": "others", "box": [327, 219, 438, 194], "linking": []}, {"id": 4, "text": " Server:", "label": "others", "box": [146, 308, 228, 286], "linking": []}, {"id": 5, "text": " 12:17 PM", "label": "others", "box": [146, 337, 241, 309], "linking": []}, {"id": 6, "text": " DOB:", "label": "others", "box": [457, 302, 513, 275], "linking": []}, {"id": 7, "text": " 11/22/2019", "label": "others", "box": [517, 301, 640, 270], "linking": []}, {"id": 8, "text": "11/22/2019", "label": "others", "box": [522, 329, 641, 299], "linking": []}, {"id": 9, "text": "4/40006", "label": "others", "box": [555, 350, 644, 327], "linking": []}, {"id": 10, "text": "Table 1/1", "label": "others", "box": [145, 361, 246, 333], "linking": []}, {"id": 11, "text": "SALE", "label": "others", "box": [363, 411, 415, 387], "linking": []}, {"id": 12, "text": "AMEX", "label": "others", "box": [131, 469, 184, 445], "linking": []}, {"id": 13, "text": "Card #XXXXXXXXXXX1004", "label": "others", "box": [125, 500, 392, 470], "linking": []}, {"id": 14, "text": " Magnetic card present:", "label": "others", "box": [125, 531, 404, 500], "linking": []}, {"id": 15, "text": "4194306", "label": "others", "box": [558, 464, 648, 438], "linking": []}, {"id": 16, "text": " Card Entry Method:", "label": "others", "box": [117, 588, 361, 558], "linking": []}, {"id": 17, "text": " S", "label": "others", "box": [371, 585, 390, 558], "linking": []}, {"id": 18, "text": " Approval:", "label": "others", "box": [111, 650, 233, 620], "linking": []}, {"id": 19, "text": " 643446", "label": "others", "box": [238, 647, 323, 618], "linking": []}, {"id": 20, "text": " Amount", "label": "others", "box": [370, 710, 445, 683], "linking": []}, {"id": 21, "text": " :", "label": "others", "box": [450, 710, 465, 683], "linking": []}, {"id": 22, "text": "$20.03", "label": "sub total", "box": [583, 707, 667, 678], "linking": []}, {"id": 23, "text": "4.00", "label": "3 tip", "box": [589, 770, 676, 708], "linking": []}, {"id": 24, "text": " + Tip:", "label": "others", "box": [382, 775, 471, 749], "linking": []}, {"id": 25, "text": " = Total:", "label": "others", "box": [349, 841, 465, 813], "linking": []}, {"id": 26, "text": "J4 03", "label": "total amount", "box": [536, 833, 677, 758], "linking": []}, {"id": 27, "text": "I agree to pay the above", "label": "others", "box": [215, 945, 558, 908], "linking": []}, {"id": 28, "text": "total amount according to the", "label": "others", "box": [180, 976, 592, 942], "linking": []}, {"id": 29, "text": "card issuer agreement.", "label": "others", "box": [238, 1009, 548, 978], "linking": []}, {"id": 30, "text": "X", "label": "others", "box": [107, 1076, 121, 1049], "linking": []}, {"id": 31, "text": "Thank you for joining us!", "label": "others", "box": [216, 1150, 564, 1108], "linking": []}]