[{"id": 0, "text": "merchant name", "label": "others", "box": [342, 246, 573, 215], "linking": []}, {"id": 1, "text": "merchant address", "label": "others", "box": [359, 290, 564, 263], "linking": []}, {"id": 2, "text": "43", "label": "others", "box": [548, 328, 582, 298], "linking": []}, {"id": 3, "text": "merchant address", "label": "others", "box": [386, 266, 532, 242], "linking": []}, {"id": 4, "text": "merchant phone", "label": "others", "box": [403, 310, 519, 287], "linking": []}, {"id": 5, "text": " HUNEEN", "label": "others", "box": [375, 345, 463, 320], "linking": []}, {"id": 6, "text": " 03-Nov-2019 9:05:35A", "label": "others", "box": [293, 371, 507, 344], "linking": []}, {"id": 7, "text": "Transaction 001512", "label": "others", "box": [292, 408, 487, 382], "linking": []}, {"id": 8, "text": " Cashier:", "label": "others", "box": [294, 343, 371, 318], "linking": []}, {"id": 9, "text": " 1", "label": "e quantity", "box": [290, 461, 312, 436], "linking": []}, {"id": 10, "text": " Chicken Tikka Platter", "label": "0 description beginning", "box": [316, 466, 531, 436], "linking": []}, {"id": 11, "text": "$7.00", "label": "5 total price per item", "box": [574, 469, 632, 443], "linking": []}, {"id": 12, "text": "Subtotal", "label": "others", "box": [286, 518, 381, 493], "linking": []}, {"id": 13, "text": "Tax", "label": "others", "box": [288, 545, 327, 522], "linking": []}, {"id": 14, "text": "$7.00", "label": "sub total", "box": [576, 524, 637, 499], "linking": []}, {"id": 15, "text": "$0.62", "label": "2 tax total", "box": [578, 551, 637, 529], "linking": []}, {"id": 16, "text": "Total", "label": "others", "box": [286, 607, 345, 581], "linking": []}, {"id": 17, "text": "CREDIT CARD SALE", "label": "others", "box": [284, 649, 487, 625], "linking": []}, {"id": 18, "text": "AMEX 1004", "label": "others", "box": [285, 675, 407, 652], "linking": []}, {"id": 19, "text": "$7.62", "label": "total amount", "box": [578, 609, 639, 584], "linking": []}, {"id": 20, "text": "$7.62", "label": "others", "box": [584, 649, 641, 625], "linking": []}, {"id": 21, "text": " 03-Nov-2019 9:06:11A", "label": "others", "box": [283, 721, 516, 693], "linking": []}, {"id": 22, "text": " $7.62 | Method:", "label": "others", "box": [282, 752, 444, 723], "linking": []}, {"id": 23, "text": "AMERICAN EXPRESS", "label": "others", "box": [281, 782, 506, 753], "linking": []}, {"id": 24, "text": "XXXXXXXXXXXX1004", "label": "others", "box": [277, 815, 517, 785], "linking": []}, {"id": 25, "text": " **** 4242", "label": "others", "box": [332, 846, 441, 819], "linking": []}, {"id": 26, "text": " A000000025010801", "label": "others", "box": [328, 882, 555, 849], "linking": []}, {"id": 27, "text": "PIN VERIFIED", "label": "others", "box": [276, 917, 425, 887], "linking": []}, {"id": 28, "text": " EMV", "label": "others", "box": [449, 748, 503, 723], "linking": []}, {"id": 29, "text": " MID:", "label": "others", "box": [278, 850, 327, 820], "linking": []}, {"id": 30, "text": " AID:", "label": "others", "box": [277, 883, 323, 855], "linking": []}, {"id": 31, "text": " Online:", "label": "others", "box": [323, 988, 402, 955], "linking": []}, {"id": 32, "text": " https://clover.com/", "label": "others", "box": [407, 986, 625, 947], "linking": []}, {"id": 33, "text": "p/9J1BDBW9Q8KPP", "label": "others", "box": [361, 1024, 593, 982], "linking": []}, {"id": 34, "text": "Order E6BAJKHFEAZYR", "label": "others", "box": [269, 1117, 552, 1074], "linking": []}]