[{"id": 0, "text": " 13:31 1 .. 1 KB/S LTE", "label": "others", "box": [47, 63, 326, 32], "linking": []}, {"id": 1, "text": "BOX&", "label": "others", "box": [429, 51, 459, 40], "linking": []}, {"id": 2, "text": "94", "label": "others", "box": [985, 56, 1014, 37], "linking": []}, {"id": 3, "text": "ORDER DETAILS", "label": "others", "box": [130, 161, 418, 126], "linking": []}, {"id": 4, "text": "HELP", "label": "others", "box": [974, 155, 1041, 127], "linking": []}, {"id": 5, "text": "Order #P391E0", "label": "others", "box": [28, 289, 313, 254], "linking": []}, {"id": 6, "text": " DELIVERED on 28 Nov, 2019 @ 08:41 PM", "label": "others", "box": [29, 356, 640, 320], "linking": []}, {"id": 7, "text": " Work", "label": "others", "box": [130, 485, 226, 451], "linking": []}, {"id": 8, "text": "merchant address", "label": "others", "box": [131, 528, 467, 495], "linking": []}, {"id": 9, "text": "merchant address", "label": "others", "box": [131, 573, 1051, 536], "linking": []}, {"id": 10, "text": "merchant address", "label": "others", "box": [127, 616, 828, 581], "linking": []}, {"id": 11, "text": " |", "label": "others", "box": [247, 486, 279, 450], "linking": []}, {"id": 12, "text": "merchant name", "label": "others", "box": [293, 486, 694, 450], "linking": []}, {"id": 13, "text": "ITEM DETAILS", "label": "others", "box": [40, 734, 271, 701], "linking": []}, {"id": 14, "text": "Shahi Paneer Biryani -", "label": "0 description beginning", "box": [37, 812, 389, 774], "linking": []}, {"id": 15, "text": "Raita", "label": "1 description inside", "box": [40, 849, 109, 822], "linking": []}, {"id": 16, "text": " X", "label": "others", "box": [796, 812, 831, 776], "linking": []}, {"id": 17, "text": " 17", "label": "e quantity", "box": [838, 811, 878, 776], "linking": []}, {"id": 18, "text": "\u4e4f 3706", "label": "5 total price per item", "box": [934, 808, 1041, 776], "linking": []}, {"id": 19, "text": "17 Items", "label": "others", "box": [42, 944, 178, 912], "linking": []}, {"id": 20, "text": "SUB TOTAL \u20b9 3706", "label": "sub total", "box": [756, 942, 1042, 911], "linking": []}, {"id": 21, "text": "PACKAGING CHARGE", "label": "others", "box": [39, 1038, 353, 1004], "linking": []}, {"id": 22, "text": "\u20b9 10.0", "label": "others", "box": [949, 1036, 1040, 1004], "linking": []}, {"id": 23, "text": "CGST@2.5%", "label": "others", "box": [40, 1121, 223, 1088], "linking": []}, {"id": 24, "text": "\u20b9 92.9", "label": "2 tax total", "box": [949, 1119, 1041, 1087], "linking": []}, {"id": 25, "text": "SGST@2.5%", "label": "others", "box": [39, 1203, 219, 1172], "linking": []}, {"id": 26, "text": "\u20b9 92.9", "label": "2 tax total", "box": [947, 1202, 1038, 1172], "linking": []}, {"id": 27, "text": "TOTAL", "label": "others", "box": [40, 1298, 144, 1266], "linking": []}, {"id": 28, "text": "\u4e4f 3902", "label": "total amount", "box": [934, 1299, 1042, 1268], "linking": []}, {"id": 29, "text": " Paid Via", "label": "others", "box": [27, 1431, 168, 1395], "linking": []}, {"id": 30, "text": " Paytm", "label": "others", "box": [180, 1432, 278, 1396], "linking": []}, {"id": 31, "text": "INVOICE", "label": "others", "box": [917, 1416, 1051, 1385], "linking": []}, {"id": 32, "text": "200", "label": "others", "box": [361, 1648, 389, 1634], "linking": []}, {"id": 33, "text": "Refer & Earn", "label": "others", "box": [518, 1746, 979, 1683], "linking": []}, {"id": 34, "text": "From each friend's 1st order.", "label": "others", "box": [574, 1780, 925, 1754], "linking": []}, {"id": 35, "text": "BOX 8", "label": "others", "box": [123, 1755, 209, 1708], "linking": []}, {"id": 36, "text": "\u20b9200", "label": "others", "box": [427, 1743, 454, 1727], "linking": []}, {"id": 37, "text": "You Get", "label": "others", "box": [540, 1837, 663, 1806], "linking": []}, {"id": 38, "text": "\u20b9200", "label": "others", "box": [516, 1904, 674, 1848], "linking": []}, {"id": 39, "text": "BOX8 MONEY", "label": "others", "box": [544, 1929, 671, 1907], "linking": []}, {"id": 40, "text": "Your Friend Gets", "label": "others", "box": [756, 1836, 1011, 1807], "linking": []}, {"id": 41, "text": "\u20b9150 OFF", "label": "others", "box": [814, 1872, 947, 1843], "linking": []}, {"id": 42, "text": "+", "label": "others", "box": [876, 1890, 903, 1873], "linking": []}, {"id": 43, "text": "\u20b9 150 BOX8MONEY", "label": "others", "box": [800, 1916, 968, 1889], "linking": []}, {"id": 44, "text": " Min order", "label": "others", "box": [812, 1942, 895, 1923], "linking": []}, {"id": 45, "text": "200", "label": "others", "box": [451, 1861, 466, 1846], "linking": []}, {"id": 46, "text": " : \u20b9 300", "label": "others", "box": [898, 1942, 955, 1923], "linking": []}, {"id": 47, "text": "EEB", "label": "others", "box": [318, 2114, 334, 2069], "linking": []}, {"id": 48, "text": "\u56fe", "label": "others", "box": [606, 2107, 633, 2078], "linking": []}, {"id": 49, "text": " Your Invite Code", "label": "others", "box": [51, 2217, 304, 2185], "linking": []}, {"id": 50, "text": " SHRAD33MO", "label": "others", "box": [310, 2217, 510, 2184], "linking": []}, {"id": 51, "text": "INVITE NOW", "label": "others", "box": [837, 2215, 1010, 2188], "linking": []}, {"id": 52, "text": "REORDER", "label": "others", "box": [454, 2296, 627, 2263], "linking": []}]