[{"id": 0, "text": "merchant name", "label": "others", "box": [117, 149, 196, 136], "linking": []}, {"id": 1, "text": "merchant address", "label": "others", "box": [123, 159, 187, 147], "linking": []}, {"id": 2, "text": "merchant address", "label": "others", "box": [116, 170, 200, 158], "linking": []}, {"id": 3, "text": "merchant phone", "label": "others", "box": [127, 181, 186, 168], "linking": []}, {"id": 4, "text": " Server", "label": "others", "box": [57, 198, 84, 188], "linking": []}, {"id": 5, "text": " 08:35 PM", "label": "others", "box": [55, 207, 95, 197], "linking": []}, {"id": 6, "text": "B10/2", "label": "others", "box": [54, 218, 80, 207], "linking": []}, {"id": 7, "text": " : Deona", "label": "others", "box": [85, 200, 120, 189], "linking": []}, {"id": 8, "text": " DOB:", "label": "others", "box": [183, 202, 205, 193], "linking": []}, {"id": 9, "text": " 12/05/2019", "label": "others", "box": [206, 202, 255, 193], "linking": []}, {"id": 10, "text": "12/05/2019", "label": "others", "box": [207, 210, 254, 202], "linking": []}, {"id": 11, "text": "1/10034", "label": "others", "box": [219, 219, 254, 210], "linking": []}, {"id": 12, "text": "merchant name", "label": "others", "box": [330, 196, 405, 183], "linking": []}, {"id": 13, "text": "merchant address", "label": "others", "box": [338, 206, 398, 194], "linking": []}, {"id": 14, "text": "merchant address", "label": "others", "box": [331, 217, 411, 206], "linking": []}, {"id": 15, "text": "merchant phone", "label": "others", "box": [344, 228, 400, 217], "linking": []}, {"id": 16, "text": "SALE", "label": "others", "box": [142, 239, 163, 227], "linking": []}, {"id": 17, "text": "12/05/2019", "label": "others", "box": [422, 252, 462, 239], "linking": []}, {"id": 18, "text": " 8:31 PM", "label": "others", "box": [435, 262, 464, 251], "linking": []}, {"id": 19, "text": "10004", "label": "others", "box": [445, 272, 465, 263], "linking": []}, {"id": 20, "text": "Amex", "label": "others", "box": [50, 263, 73, 253], "linking": []}, {"id": 21, "text": "Card #XXXXXXXXXXX1001", "label": "others", "box": [50, 274, 152, 263], "linking": []}, {"id": 22, "text": " Magnetic card present", "label": "others", "box": [48, 287, 149, 275], "linking": []}, {"id": 23, "text": " Card Entry Method:", "label": "others", "box": [49, 298, 142, 287], "linking": []}, {"id": 24, "text": "1048589", "label": "others", "box": [221, 260, 254, 250], "linking": []}, {"id": 25, "text": " Server:", "label": "others", "box": [276, 253, 312, 242], "linking": []}, {"id": 26, "text": "B10/2", "label": "others", "box": [277, 263, 302, 252], "linking": []}, {"id": 27, "text": " Guests:", "label": "others", "box": [277, 276, 314, 266], "linking": []}, {"id": 28, "text": " Deona", "label": "others", "box": [313, 252, 339, 241], "linking": []}, {"id": 29, "text": " :", "label": "others", "box": [151, 286, 156, 275], "linking": []}, {"id": 30, "text": " S", "label": "others", "box": [145, 298, 152, 287], "linking": []}, {"id": 31, "text": " 1", "label": "others", "box": [315, 276, 320, 266], "linking": []}, {"id": 32, "text": "Hendricks", "label": "0 description beginning", "box": [276, 299, 320, 288], "linking": []}, {"id": 33, "text": "2 Balls", "label": "0 description beginning", "box": [276, 309, 311, 298], "linking": []}, {"id": 34, "text": "11.00", "label": "5 total price per item", "box": [448, 295, 469, 284], "linking": []}, {"id": 35, "text": "7.00", "label": "5 total price per item", "box": [450, 305, 469, 295], "linking": []}, {"id": 36, "text": " Approval:", "label": "others", "box": [47, 323, 93, 310], "linking": []}, {"id": 37, "text": " 664496", "label": "others", "box": [95, 322, 127, 310], "linking": []}, {"id": 38, "text": "Complete Subtotal", "label": "others", "box": [277, 330, 358, 319], "linking": []}, {"id": 39, "text": "18.00", "label": "sub total", "box": [448, 329, 470, 319], "linking": []}, {"id": 40, "text": " Amount", "label": "others", "box": [146, 344, 174, 334], "linking": []}, {"id": 41, "text": " :", "label": "others", "box": [176, 344, 181, 334], "linking": []}, {"id": 42, "text": "$19.60", "label": "sub total", "box": [224, 343, 253, 332], "linking": []}, {"id": 43, "text": "2.10", "label": "3 tip", "box": [228, 365, 253, 347], "linking": []}, {"id": 44, "text": "21.70", "label": "total amount", "box": [218, 387, 254, 366], "linking": []}, {"id": 45, "text": "Subtotal", "label": "others", "box": [278, 353, 317, 341], "linking": []}, {"id": 46, "text": "Tax", "label": "others", "box": [279, 365, 295, 354], "linking": []}, {"id": 47, "text": "18.00", "label": "sub total", "box": [449, 352, 471, 342], "linking": []}, {"id": 48, "text": "1.60", "label": "2 tax total", "box": [451, 364, 470, 354], "linking": []}, {"id": 49, "text": " + Tip:", "label": "others", "box": [152, 368, 183, 357], "linking": []}, {"id": 50, "text": " = Total:", "label": "others", "box": [142, 392, 182, 380], "linking": []}, {"id": 51, "text": "Total", "label": "others", "box": [279, 390, 303, 379], "linking": []}, {"id": 52, "text": "19.60", "label": "total amount", "box": [449, 387, 471, 376], "linking": []}, {"id": 53, "text": "Balance Due", "label": "others", "box": [280, 414, 384, 401], "linking": []}, {"id": 54, "text": "19.60", "label": "total amount", "box": [429, 411, 473, 399], "linking": []}, {"id": 55, "text": "I agree to pay the above", "label": "others", "box": [90, 431, 213, 415], "linking": []}, {"id": 56, "text": "card issuer agreement.", "label": "others", "box": [94, 456, 208, 440], "linking": []}, {"id": 57, "text": "total amount according to the", "label": "others", "box": [76, 443, 222, 426], "linking": []}, {"id": 58, "text": " Suggested Tips:", "label": "others", "box": [343, 438, 411, 425], "linking": []}, {"id": 59, "text": " 18%:", "label": "others", "box": [359, 449, 381, 437], "linking": []}, {"id": 60, "text": " 20%:", "label": "others", "box": [359, 461, 384, 449], "linking": []}, {"id": 61, "text": " 22%:", "label": "others", "box": [359, 473, 384, 461], "linking": []}, {"id": 62, "text": "Thank You!", "label": "others", "box": [360, 485, 406, 472], "linking": []}, {"id": 63, "text": " 3.24", "label": "others", "box": [383, 448, 406, 435], "linking": []}, {"id": 64, "text": " 3.60", "label": "others", "box": [385, 461, 407, 449], "linking": []}, {"id": 65, "text": " 3.96", "label": "others", "box": [387, 473, 407, 460], "linking": []}, {"id": 66, "text": " Suggested Tips:", "label": "others", "box": [109, 507, 187, 493], "linking": []}, {"id": 67, "text": " 3.24", "label": "others", "box": [154, 518, 178, 505], "linking": []}, {"id": 68, "text": " 3.60", "label": "others", "box": [155, 531, 178, 519], "linking": []}, {"id": 69, "text": " 3.96", "label": "others", "box": [155, 545, 178, 532], "linking": []}, {"id": 70, "text": "Thank You!", "label": "others", "box": [125, 559, 178, 545], "linking": []}, {"id": 71, "text": " 18%:", "label": "others", "box": [126, 519, 151, 506], "linking": []}, {"id": 72, "text": " 20%:", "label": "others", "box": [126, 532, 151, 520], "linking": []}, {"id": 73, "text": " 22%:", "label": "others", "box": [125, 545, 151, 533], "linking": []}, {"id": 74, "text": ">>Customer Copy<<", "label": "others", "box": [103, 600, 194, 584], "linking": []}]