[{"id": 0, "text": "merchant name", "label": "others", "box": [979, 76, 1213, 22], "linking": []}, {"id": 1, "text": "merchant name", "label": "others", "box": [943, 125, 1234, 74], "linking": []}, {"id": 2, "text": "merchant address", "label": "others", "box": [812, 212, 1356, 152], "linking": []}, {"id": 3, "text": " Tel:", "label": "others", "box": [866, 274, 919, 232], "linking": []}, {"id": 4, "text": " Fax:", "label": "others", "box": [902, 317, 972, 277], "linking": []}, {"id": 5, "text": "merchant address", "label": "others", "box": [950, 162, 1231, 114], "linking": []}, {"id": 6, "text": "merchant address", "label": "others", "box": [905, 247, 1270, 194], "linking": []}, {"id": 7, "text": "merchant phone", "label": "others", "box": [926, 290, 1294, 234], "linking": []}, {"id": 8, "text": "Dine In", "label": "others", "box": [979, 386, 1156, 331], "linking": []}, {"id": 9, "text": " 10:18PM", "label": "others", "box": [1067, 437, 1213, 388], "linking": []}, {"id": 10, "text": " (212) 227-8655", "label": "others", "box": [978, 326, 1247, 277], "linking": []}, {"id": 11, "text": " Date:", "label": "others", "box": [666, 421, 758, 374], "linking": []}, {"id": 12, "text": " Server:", "label": "others", "box": [660, 484, 782, 439], "linking": []}, {"id": 13, "text": " TAB#:", "label": "others", "box": [662, 544, 805, 490], "linking": []}, {"id": 14, "text": " No. of Guest", "label": "others", "box": [652, 593, 861, 543], "linking": []}, {"id": 15, "text": " 1", "label": "e quantity", "box": [734, 670, 768, 622], "linking": []}, {"id": 16, "text": " 11-18-2019 Time:", "label": "others", "box": [765, 431, 1059, 377], "linking": []}, {"id": 17, "text": " BOSS", "label": "others", "box": [788, 485, 884, 443], "linking": []}, {"id": 18, "text": "# 73", "label": "others", "box": [1379, 446, 1488, 396], "linking": []}, {"id": 19, "text": " 41 ..", "label": "others", "box": [815, 552, 912, 495], "linking": []}, {"id": 20, "text": " : 1", "label": "others", "box": [870, 595, 912, 553], "linking": []}, {"id": 21, "text": " Dinner Veg Thali", "label": "0 description beginning", "box": [776, 682, 1067, 624], "linking": []}, {"id": 22, "text": "20.99", "label": "5 total price per item", "box": [1400, 691, 1506, 657], "linking": []}, {"id": 23, "text": " : 20.99", "label": "sub total", "box": [1357, 755, 1503, 715], "linking": []}, {"id": 24, "text": " : 1.86", "label": "2 tax total", "box": [1373, 802, 1503, 757], "linking": []}, {"id": 25, "text": " : 3.15", "label": "3 tip", "box": [1370, 843, 1499, 801], "linking": []}, {"id": 26, "text": " : 26.00", "label": "total amount", "box": [1277, 902, 1503, 842], "linking": []}, {"id": 27, "text": "Thank you very much.", "label": "others", "box": [804, 988, 1289, 916], "linking": []}, {"id": 28, "text": " Amount", "label": "others", "box": [1214, 752, 1351, 708], "linking": []}, {"id": 29, "text": " TAX(8.875%)", "label": "others", "box": [1153, 796, 1366, 746], "linking": []}, {"id": 30, "text": " Gratis(15%)", "label": "others", "box": [1177, 839, 1364, 793], "linking": []}, {"id": 31, "text": " TOTAL", "label": "others", "box": [1114, 893, 1268, 837], "linking": []}, {"id": 32, "text": "merchant name", "label": "others", "box": [850, 1431, 1272, 1384], "linking": []}, {"id": 33, "text": "merchant address", "label": "others", "box": [944, 1478, 1186, 1439], "linking": []}, {"id": 34, "text": "merchant address", "label": "others", "box": [872, 1532, 1231, 1485], "linking": []}, {"id": 35, "text": "merchant phone", "label": "others", "box": [937, 1584, 1189, 1537], "linking": []}, {"id": 36, "text": " Terminal ID:", "label": "others", "box": [731, 1676, 988, 1630], "linking": []}, {"id": 37, "text": " ***** 611", "label": "others", "box": [996, 1670, 1168, 1630], "linking": []}, {"id": 38, "text": "*** 3", "label": "others", "box": [1315, 1661, 1399, 1632], "linking": []}, {"id": 39, "text": "11/18/19", "label": "others", "box": [730, 1762, 898, 1721], "linking": []}, {"id": 40, "text": " 9:46 PM", "label": "others", "box": [1254, 1756, 1412, 1719], "linking": []}, {"id": 41, "text": "AMERICAN EXPRESS - INSERT", "label": "others", "box": [725, 1853, 1260, 1807], "linking": []}, {"id": 42, "text": " A000000025010801", "label": "others", "box": [830, 1897, 1172, 1854], "linking": []}, {"id": 43, "text": " *********** 1006", "label": "others", "box": [894, 1940, 1221, 1900], "linking": []}, {"id": 44, "text": " AID:", "label": "others", "box": [723, 1899, 823, 1859], "linking": []}, {"id": 45, "text": " ACCT #:", "label": "others", "box": [724, 1946, 887, 1907], "linking": []}, {"id": 46, "text": "CREDIT SALE", "label": "others", "box": [723, 2042, 965, 1995], "linking": []}, {"id": 47, "text": " 932243539689", "label": "others", "box": [829, 2099, 1093, 2049], "linking": []}, {"id": 48, "text": " 194", "label": "others", "box": [922, 2145, 987, 2104], "linking": []}, {"id": 49, "text": " UID:", "label": "others", "box": [723, 2099, 820, 2053], "linking": []}, {"id": 50, "text": " BATCH #:", "label": "others", "box": [721, 2146, 915, 2106], "linking": []}, {"id": 51, "text": " REF #:", "label": "others", "box": [1172, 2090, 1315, 2044], "linking": []}, {"id": 52, "text": " 890234", "label": "others", "box": [1282, 2141, 1419, 2098], "linking": []}, {"id": 53, "text": " 4091", "label": "others", "box": [1323, 2090, 1414, 2044], "linking": []}, {"id": 54, "text": " AUTH #:", "label": "others", "box": [1111, 2142, 1275, 2099], "linking": []}, {"id": 55, "text": "AMOUNT", "label": "others", "box": [720, 2249, 860, 2202], "linking": []}, {"id": 56, "text": "$22.85", "label": "sub total", "box": [1289, 2239, 1425, 2191], "linking": []}, {"id": 57, "text": "TIP", "label": "others", "box": [720, 2350, 793, 2304], "linking": []}, {"id": 58, "text": "$3.15", "label": "3 tip", "box": [1312, 2338, 1427, 2291], "linking": []}, {"id": 59, "text": "TOTAL", "label": "others", "box": [722, 2452, 836, 2405], "linking": []}, {"id": 60, "text": "$26.00", "label": "total amount", "box": [1296, 2440, 1429, 2394], "linking": []}, {"id": 61, "text": "APPROVED", "label": "others", "box": [902, 2553, 1258, 2495], "linking": []}, {"id": 62, "text": "ARQC - 64B9824F 232A65B5", "label": "others", "box": [807, 2652, 1326, 2593], "linking": []}, {"id": 63, "text": "REDMI NOTE 5 PRO", "label": "others", "box": [370, 2790, 886, 2728], "linking": []}, {"id": 64, "text": "MI DUAL CAMERA", "label": "others", "box": [370, 2859, 839, 2798], "linking": []}, {"id": 65, "text": "CUSTOMER COPY", "label": "others", "box": [919, 2796, 1220, 2743], "linking": []}]