[{"id": 0, "text": "merchant name", "label": "others", "box": [552, 85, 629, 10], "linking": []}, {"id": 1, "text": "merchant name", "label": "others", "box": [406, 190, 627, 111], "linking": []}, {"id": 2, "text": "BUILD-YOUR-OWN HAPPINESS", "label": "others", "box": [353, 290, 706, 239], "linking": []}, {"id": 3, "text": "merchant address", "label": "others", "box": [341, 365, 713, 305], "linking": []}, {"id": 4, "text": "merchant phone", "label": "others", "box": [435, 434, 640, 377], "linking": []}, {"id": 5, "text": "TA 301", "label": "others", "box": [280, 423, 391, 379], "linking": []}, {"id": 6, "text": " Marlene", "label": "others", "box": [316, 473, 430, 439], "linking": []}, {"id": 7, "text": "ORDER #240", "label": "others", "box": [235, 514, 385, 478], "linking": []}, {"id": 8, "text": "merchant address", "label": "others", "box": [419, 397, 653, 339], "linking": []}, {"id": 9, "text": "EE CHI", "label": "others", "box": [465, 428, 677, 479], "linking": []}, {"id": 10, "text": " Host:", "label": "others", "box": [230, 474, 310, 442], "linking": []}, {"id": 11, "text": "10/30/2019", "label": "others", "box": [698, 454, 845, 417], "linking": []}, {"id": 12, "text": " 12:46 PM", "label": "others", "box": [731, 490, 846, 454], "linking": []}, {"id": 13, "text": "10141", "label": "others", "box": [774, 526, 847, 494], "linking": []}, {"id": 14, "text": "Chicken Bowl", "label": "0 description beginning", "box": [245, 697, 421, 658], "linking": []}, {"id": 15, "text": "Guacamole", "label": "1 description inside", "box": [279, 730, 410, 696], "linking": []}, {"id": 16, "text": "6.95", "label": "5 total price per item", "box": [792, 673, 856, 641], "linking": []}, {"id": 17, "text": "2.05", "label": "5 total price per item", "box": [793, 710, 856, 677], "linking": []}, {"id": 18, "text": "How're we doing? Let us know at", "label": "others", "box": [258, 838, 697, 796], "linking": []}, {"id": 19, "text": "to win FREE Chipotle for a year!", "label": "others", "box": [263, 907, 712, 869], "linking": []}, {"id": 20, "text": " Unique Code:", "label": "others", "box": [264, 941, 430, 906], "linking": []}, {"id": 21, "text": "ChipotleFeedback.com", "label": "others", "box": [261, 873, 539, 835], "linking": []}, {"id": 22, "text": "128 000 100 102 310 513 54", "label": "others", "box": [280, 1007, 641, 975], "linking": []}, {"id": 23, "text": "For complete rules visit our website.", "label": "others", "box": [269, 1086, 789, 1043], "linking": []}, {"id": 24, "text": "Subtotal", "label": "others", "box": [277, 1176, 393, 1145], "linking": []}, {"id": 25, "text": "Tax", "label": "others", "box": [281, 1208, 323, 1180], "linking": []}, {"id": 26, "text": "MOTTA RUDY T30 3W DIG", "label": "others", "box": [399, 1179, 778, 1136], "linking": []}, {"id": 27, "text": "9.00", "label": "sub total", "box": [806, 1195, 871, 1162], "linking": []}, {"id": 28, "text": "0.77", "label": "2 tax total", "box": [806, 1227, 870, 1196], "linking": []}, {"id": 29, "text": "TAKE OUT Total", "label": "others", "box": [284, 1279, 473, 1248], "linking": []}, {"id": 30, "text": "CP Card", "label": "others", "box": [284, 1310, 382, 1280], "linking": []}, {"id": 31, "text": "Authorizing ...", "label": "others", "box": [311, 1351, 501, 1315], "linking": []}, {"id": 32, "text": "9.77", "label": "total amount", "box": [812, 1295, 876, 1262], "linking": []}, {"id": 33, "text": "9.77", "label": "others", "box": [810, 1327, 875, 1295], "linking": []}, {"id": 34, "text": "Balance Due", "label": "others", "box": [290, 1378, 442, 1343], "linking": []}, {"id": 35, "text": "9.77", "label": "others", "box": [814, 1395, 879, 1361], "linking": []}, {"id": 36, "text": "Chipotle Rewards is finally here", "label": "others", "box": [359, 1458, 808, 1409], "linking": []}, {"id": 37, "text": "In our app or online", "label": "others", "box": [442, 1518, 727, 1477], "linking": []}, {"id": 38, "text": "Sign up and start earning", "label": "others", "box": [401, 1489, 750, 1443], "linking": []}, {"id": 39, "text": "chipotle.com/rewards", "label": "others", "box": [445, 1553, 727, 1507], "linking": []}]