[{"id": 0, "text": "Thank You For", "label": "others", "box": [519, 51, 743, 14], "linking": []}, {"id": 1, "text": "Matthew Fraysier", "label": "others", "box": [588, 124, 868, 74], "linking": []}, {"id": 2, "text": "merchant phone", "label": "others", "box": [614, 194, 845, 147], "linking": []}, {"id": 3, "text": "Text @LTF11479 to 73940", "label": "others", "box": [522, 274, 930, 219], "linking": []}, {"id": 4, "text": "merchant name", "label": "others", "box": [514, 89, 943, 30], "linking": []}, {"id": 5, "text": "General Manager", "label": "others", "box": [601, 162, 857, 112], "linking": []}, {"id": 6, "text": "We Love Your Feedback!", "label": "others", "box": [533, 234, 915, 183], "linking": []}, {"id": 7, "text": "USD", "label": "others", "box": [1035, 332, 1091, 299], "linking": []}, {"id": 8, "text": "0.99 lb x $ 7.68/lb", "label": "1 description inside", "box": [371, 391, 705, 341], "linking": []}, {"id": 9, "text": "Chobani Non Fat Peac", "label": "0 description beginning", "box": [365, 472, 722, 422], "linking": []}, {"id": 10, "text": "Breakfast Pastry", "label": "0 description beginning", "box": [360, 552, 646, 505], "linking": []}, {"id": 11, "text": "Small Clamshell", "label": "0 description beginning", "box": [365, 433, 645, 385], "linking": []}, {"id": 12, "text": "Breakfast Pastry", "label": "0 description beginning", "box": [362, 510, 646, 465], "linking": []}, {"id": 13, "text": "Tropicana Apple Orch", "label": "0 description beginning", "box": [359, 592, 716, 542], "linking": []}, {"id": 14, "text": "7.60", "label": "5 total price per item", "box": [1021, 412, 1089, 376], "linking": []}, {"id": 15, "text": "2.70", "label": "5 total price per item", "box": [1020, 450, 1085, 417], "linking": []}, {"id": 16, "text": "1.89", "label": "5 total price per item", "box": [1022, 490, 1090, 455], "linking": []}, {"id": 17, "text": "1.89", "label": "5 total price per item", "box": [1017, 530, 1092, 496], "linking": []}, {"id": 18, "text": "2.05", "label": "5 total price per item", "box": [1015, 569, 1086, 535], "linking": []}, {"id": 19, "text": "Sub Total", "label": "others", "box": [758, 659, 921, 618], "linking": []}, {"id": 20, "text": "Tax Amount", "label": "others", "box": [760, 699, 944, 659], "linking": []}, {"id": 21, "text": "16.13", "label": "sub total", "box": [997, 653, 1088, 615], "linking": []}, {"id": 22, "text": "1.43", "label": "2 tax total", "box": [1011, 692, 1090, 653], "linking": []}, {"id": 23, "text": "Total USD", "label": "others", "box": [326, 863, 648, 790], "linking": []}, {"id": 24, "text": "17.56", "label": "total amount", "box": [905, 853, 1082, 778], "linking": []}, {"id": 25, "text": "5009 AMERICAN EXPRESS", "label": "others", "box": [302, 1025, 700, 980], "linking": []}, {"id": 26, "text": "17.56", "label": "others", "box": [991, 1013, 1085, 973], "linking": []}, {"id": 27, "text": "Tax", "label": "others", "box": [300, 1154, 363, 1115], "linking": []}, {"id": 28, "text": "() 8.875", "label": "others", "box": [295, 1200, 449, 1158], "linking": []}, {"id": 29, "text": " Taxable Amount", "label": "others", "box": [594, 1155, 878, 1111], "linking": []}, {"id": 30, "text": "16.13", "label": "sub total", "box": [766, 1195, 856, 1155], "linking": []}, {"id": 31, "text": " Tax Amount", "label": "others", "box": [892, 1151, 1081, 1109], "linking": []}, {"id": 32, "text": "1.43", "label": "2 tax total", "box": [1009, 1193, 1080, 1154], "linking": []}, {"id": 33, "text": " 11/27/2019 09:26 AM #:43395 Op:4024 C:111", "label": "others", "box": [288, 1333, 1081, 1286], "linking": []}, {"id": 34, "text": " 103 S:1111", "label": "others", "box": [286, 1377, 479, 1334], "linking": []}, {"id": 35, "text": " Served you", "label": "others", "box": [274, 1425, 481, 1382], "linking": []}, {"id": 36, "text": " : Winifred Wellington", "label": "others", "box": [488, 1424, 891, 1378], "linking": []}, {"id": 37, "text": "*** Customer copy ***", "label": "others", "box": [440, 1607, 850, 1567], "linking": []}, {"id": 38, "text": "AMEX NY937 (3)", "label": "others", "box": [515, 1703, 781, 1658], "linking": []}, {"id": 39, "text": "I agree to pay the above total amount", "label": "others", "box": [277, 1755, 1000, 1705], "linking": []}, {"id": 40, "text": "according to card issuer", "label": "others", "box": [408, 1799, 886, 1754], "linking": []}, {"id": 41, "text": "agreement. (Merchant agreement if Credit", "label": "others", "box": [250, 1852, 1016, 1798], "linking": []}, {"id": 42, "text": "Voucher)Retain this copy for your", "label": "others", "box": [309, 1898, 963, 1851], "linking": []}, {"id": 43, "text": "records.", "label": "others", "box": [560, 1945, 717, 1904], "linking": []}, {"id": 44, "text": "PURCHASE / APPROVED", "label": "others", "box": [238, 2046, 620, 1999], "linking": []}, {"id": 45, "text": "AMERICAN EXPRESS", "label": "others", "box": [235, 2097, 560, 2051], "linking": []}, {"id": 46, "text": "*********** 1006", "label": "others", "box": [233, 2145, 536, 2104], "linking": []}, {"id": 47, "text": "CHIP READ /", "label": "others", "box": [229, 2198, 454, 2150], "linking": []}, {"id": 48, "text": " 2019/11/27 09:26:56", "label": "others", "box": [222, 2304, 612, 2250], "linking": []}, {"id": 49, "text": "TID", "label": "others", "box": [223, 2351, 288, 2304], "linking": []}, {"id": 50, "text": "MID", "label": "others", "box": [213, 2404, 283, 2358], "linking": []}, {"id": 51, "text": "REFERENCE", "label": "others", "box": [208, 2462, 398, 2408], "linking": []}, {"id": 52, "text": "AUTH CODE", "label": "others", "box": [212, 2513, 394, 2464], "linking": []}, {"id": 53, "text": "**** 6038", "label": "others", "box": [870, 2357, 1031, 2309], "linking": []}, {"id": 54, "text": "6634459", "label": "others", "box": [886, 2409, 1036, 2361], "linking": []}, {"id": 55, "text": "S1111T111103#43395@676631", "label": "others", "box": [515, 2465, 1031, 2412], "linking": []}, {"id": 56, "text": "871415", "label": "others", "box": [905, 2516, 1032, 2470], "linking": []}, {"id": 57, "text": "TOTAL", "label": "others", "box": [206, 2621, 310, 2570], "linking": []}, {"id": 58, "text": "USD17.56", "label": "total amount", "box": [856, 2624, 1035, 2574], "linking": []}, {"id": 59, "text": " ARC:", "label": "others", "box": [193, 2727, 283, 2682], "linking": []}, {"id": 60, "text": " 00", "label": "others", "box": [291, 2728, 344, 2681], "linking": []}, {"id": 61, "text": "580REDMI NOTE 5 PRO", "label": "others", "box": [283, 2805, 862, 2730], "linking": []}, {"id": 62, "text": " 0000008000", "label": "others", "box": [279, 2902, 510, 2848], "linking": []}, {"id": 63, "text": " 4000000025010801", "label": "others", "box": [279, 2957, 624, 2905], "linking": []}, {"id": 64, "text": "066MI DUAL CAMERA", "label": "others", "box": [290, 2874, 816, 2791], "linking": []}, {"id": 65, "text": " TVR:", "label": "others", "box": [184, 2897, 269, 2845], "linking": []}, {"id": 66, "text": " AID:", "label": "others", "box": [183, 2947, 272, 2903], "linking": []}]