[{"id": 0, "text": "merchant name", "label": "others", "box": [68, 127, 274, 107], "linking": []}, {"id": 1, "text": " GST NO:", "label": "others", "box": [66, 148, 136, 129], "linking": []}, {"id": 2, "text": " 06AADCC9070A1Z1", "label": "others", "box": [140, 148, 279, 129], "linking": []}, {"id": 3, "text": "KOT - 383", "label": "others", "box": [147, 169, 234, 150], "linking": []}, {"id": 4, "text": " Invoice", "label": "others", "box": [62, 241, 133, 222], "linking": []}, {"id": 5, "text": " Order Time:", "label": "others", "box": [58, 289, 165, 268], "linking": []}, {"id": 6, "text": " Order Status:", "label": "others", "box": [57, 312, 172, 292], "linking": []}, {"id": 7, "text": "Veg Salad Bowl", "label": "0 description beginning", "box": [56, 339, 185, 318], "linking": []}, {"id": 8, "text": " #FOOQWG7194", "label": "others", "box": [142, 241, 249, 221], "linking": []}, {"id": 9, "text": " Name:", "label": "others", "box": [59, 266, 109, 246], "linking": []}, {"id": 10, "text": " 20:09 05-09-2019", "label": "others", "box": [169, 288, 319, 268], "linking": []}, {"id": 11, "text": " delivered", "label": "others", "box": [175, 311, 263, 292], "linking": []}, {"id": 12, "text": " 1", "label": "e quantity", "box": [257, 337, 271, 318], "linking": []}, {"id": 13, "text": " \u00d7 85. 71", "label": "5 total price per item", "box": [274, 337, 339, 318], "linking": []}, {"id": 14, "text": "Veg Grain Bowl", "label": "0 description beginning", "box": [55, 384, 183, 363], "linking": []}, {"id": 15, "text": "3 \u00d7 85.72", "label": "5 total price per item", "box": [253, 381, 338, 362], "linking": []}, {"id": 16, "text": " CGST @ 2.50%", "label": "others", "box": [129, 454, 241, 430], "linking": []}, {"id": 17, "text": " SGST @ 2.50%", "label": "others", "box": [130, 476, 242, 456], "linking": []}, {"id": 18, "text": " =", "label": "others", "box": [246, 454, 260, 430], "linking": []}, {"id": 19, "text": " =", "label": "others", "box": [245, 475, 260, 456], "linking": []}, {"id": 20, "text": " 8.57", "label": "2 tax total", "box": [264, 454, 306, 430], "linking": []}, {"id": 21, "text": " 8.57", "label": "2 tax total", "box": [263, 475, 305, 456], "linking": []}, {"id": 22, "text": " Total", "label": "others", "box": [152, 545, 201, 526], "linking": []}, {"id": 23, "text": " =", "label": "others", "box": [204, 545, 219, 526], "linking": []}, {"id": 24, "text": " 360. 0", "label": "total amount", "box": [222, 546, 273, 525], "linking": []}, {"id": 25, "text": " 20:10:50 05-09-2019-", "label": "others", "box": [93, 592, 274, 572], "linking": []}, {"id": 26, "text": "1.0.57", "label": "others", "box": [151, 640, 211, 618], "linking": []}]