[{"id": 0, "text": "Thank You For Visiting the", "label": "others", "box": [633, 314, 1121, 252], "linking": []}, {"id": 1, "text": "Matthew Fraysier", "label": "others", "box": [717, 385, 1013, 337], "linking": []}, {"id": 2, "text": "merchant phone", "label": "others", "box": [747, 462, 984, 417], "linking": []}, {"id": 3, "text": "Text @LTF11479 to 73940", "label": "others", "box": [646, 547, 1079, 495], "linking": []}, {"id": 4, "text": "merchant name", "label": "others", "box": [636, 351, 1112, 289], "linking": []}, {"id": 5, "text": "General Manager", "label": "others", "box": [728, 425, 1003, 380], "linking": []}, {"id": 6, "text": "We Love Your Feedback!", "label": "others", "box": [652, 505, 1068, 452], "linking": []}, {"id": 7, "text": "USD", "label": "others", "box": [1199, 613, 1253, 575], "linking": []}, {"id": 8, "text": "0.95", "label": "5 total price per item", "box": [1182, 654, 1259, 617], "linking": []}, {"id": 9, "text": "1.30", "label": "5 total price per item", "box": [1183, 695, 1257, 655], "linking": []}, {"id": 10, "text": "1.80", "label": "5 total price per item", "box": [1184, 739, 1254, 699], "linking": []}, {"id": 11, "text": "Assorted Cookie", "label": "0 description beginning", "box": [476, 678, 764, 627], "linking": []}, {"id": 12, "text": "Schweppes Ginger Ale", "label": "0 description beginning", "box": [471, 758, 853, 709], "linking": []}, {"id": 13, "text": " Chip Lays Classic", "label": "0 description beginning", "box": [474, 720, 805, 667], "linking": []}, {"id": 14, "text": " 1", "label": "1 description inside", "box": [813, 710, 836, 666], "linking": []}, {"id": 15, "text": "Sub Total", "label": "others", "box": [901, 834, 1079, 790], "linking": []}, {"id": 16, "text": "Tax Amount", "label": "others", "box": [899, 877, 1096, 834], "linking": []}, {"id": 17, "text": "4.05", "label": "sub total", "box": [1176, 824, 1257, 784], "linking": []}, {"id": 18, "text": "0.36", "label": "2 tax total", "box": [1169, 868, 1259, 827], "linking": []}, {"id": 19, "text": "Total USD", "label": "others", "box": [427, 1054, 781, 972], "linking": []}, {"id": 20, "text": "4.41", "label": "total amount", "box": [1091, 1042, 1251, 964], "linking": []}, {"id": 21, "text": "5008 AMEX", "label": "others", "box": [411, 1229, 601, 1187], "linking": []}, {"id": 22, "text": "4.41", "label": "others", "box": [1169, 1219, 1247, 1178], "linking": []}, {"id": 23, "text": "Tax", "label": "others", "box": [407, 1370, 474, 1329], "linking": []}, {"id": 24, "text": "() 8.875", "label": "others", "box": [404, 1420, 565, 1373], "linking": []}, {"id": 25, "text": " Taxable Amount-", "label": "others", "box": [725, 1372, 1035, 1322], "linking": []}, {"id": 26, "text": "4.05", "label": "sub total", "box": [923, 1410, 1006, 1371], "linking": []}, {"id": 27, "text": " Tax Amount", "label": "others", "box": [1042, 1365, 1252, 1321], "linking": []}, {"id": 28, "text": "0.36", "label": "2 tax total", "box": [1167, 1408, 1251, 1367], "linking": []}, {"id": 29, "text": " 11/25/2019 01:15 PM #:", "label": "others", "box": [393, 1568, 823, 1515], "linking": []}, {"id": 30, "text": " 103 S:1111", "label": "others", "box": [385, 1615, 604, 1568], "linking": []}, {"id": 31, "text": " Served you", "label": "others", "box": [379, 1666, 595, 1618], "linking": []}, {"id": 32, "text": " 43060 Op:4024 C:111", "label": "others", "box": [832, 1564, 1249, 1512], "linking": []}, {"id": 33, "text": " : Winifred Wellington", "label": "others", "box": [604, 1666, 1049, 1615], "linking": []}, {"id": 34, "text": "*** Customer copy ***", "label": "others", "box": [547, 1870, 996, 1822], "linking": []}, {"id": 35, "text": "AMEX NY937 (3)", "label": "others", "box": [622, 1980, 924, 1927], "linking": []}, {"id": 36, "text": "PURCHASE / APPROVED", "label": "others", "box": [344, 2084, 754, 2033], "linking": []}, {"id": 37, "text": "AMEX", "label": "others", "box": [340, 2135, 427, 2089], "linking": []}, {"id": 38, "text": "*********** 1006", "label": "others", "box": [333, 2194, 662, 2145], "linking": []}, {"id": 39, "text": "CONTACTLESS / No CVM", "label": "others", "box": [328, 2252, 770, 2196], "linking": []}, {"id": 40, "text": " 2019/11/25 13:16:04", "label": "others", "box": [314, 2367, 739, 2307], "linking": []}, {"id": 41, "text": "TID", "label": "others", "box": [317, 2419, 386, 2367], "linking": []}, {"id": 42, "text": "MID", "label": "others", "box": [310, 2474, 383, 2426], "linking": []}, {"id": 43, "text": "REFERENCE", "label": "others", "box": [300, 2541, 507, 2482], "linking": []}, {"id": 44, "text": "AUTH CODE", "label": "others", "box": [295, 2598, 502, 2545], "linking": []}, {"id": 45, "text": "**** 6038", "label": "others", "box": [1021, 2431, 1209, 2383], "linking": []}, {"id": 46, "text": "6634459", "label": "others", "box": [1045, 2493, 1205, 2441], "linking": []}, {"id": 47, "text": "S1111T111103#43060@893046", "label": "others", "box": [631, 2552, 1204, 2489], "linking": []}, {"id": 48, "text": "503800", "label": "others", "box": [1059, 2612, 1207, 2561], "linking": []}, {"id": 49, "text": "TOTAL", "label": "others", "box": [291, 2714, 402, 2663], "linking": []}, {"id": 50, "text": "USD4.41", "label": "total amount", "box": [1037, 2738, 1205, 2682], "linking": []}, {"id": 51, "text": "REDMI NOTE 5 PRO", "label": "others", "box": [412, 2812, 914, 2745], "linking": []}, {"id": 52, "text": "MI DUAL CAMERA", "label": "others", "box": [396, 2881, 873, 2818], "linking": []}]