[{"id": 0, "text": "#C1", "label": "others", "box": [808, 590, 898, 537], "linking": []}, {"id": 1, "text": " ( \u5802 \u98df", "label": "others", "box": [951, 600, 1078, 541], "linking": []}, {"id": 2, "text": "merchant address", "label": "others", "box": [923, 661, 1259, 626], "linking": []}, {"id": 3, "text": "merchant address", "label": "others", "box": [989, 692, 1191, 663], "linking": []}, {"id": 4, "text": " Tel:", "label": "others", "box": [968, 725, 1028, 696], "linking": []}, {"id": 5, "text": " HST#:", "label": "others", "box": [986, 761, 1060, 731], "linking": []}, {"id": 6, "text": " )", "label": "others", "box": [1091, 600, 1096, 543], "linking": []}, {"id": 7, "text": "merchant name", "label": "others", "box": [969, 624, 1210, 594], "linking": []}, {"id": 8, "text": "merchant phone", "label": "others", "box": [1033, 727, 1210, 697], "linking": []}, {"id": 9, "text": " 745543116", "label": "others", "box": [1066, 763, 1191, 732], "linking": []}, {"id": 10, "text": "=====", "label": "others", "box": [824, 789, 893, 768], "linking": []}, {"id": 11, "text": "11/7/2019", "label": "others", "box": [929, 830, 1054, 799], "linking": []}, {"id": 12, "text": " Server:", "label": "others", "box": [890, 865, 991, 833], "linking": []}, {"id": 13, "text": " Time:", "label": "others", "box": [1100, 834, 1175, 802], "linking": []}, {"id": 14, "text": " Table #:", "label": "others", "box": [1133, 868, 1244, 839], "linking": []}, {"id": 15, "text": " 17:29", "label": "others", "box": [1179, 834, 1250, 803], "linking": []}, {"id": 16, "text": " cashier", "label": "others", "box": [995, 867, 1097, 836], "linking": []}, {"id": 17, "text": " C1", "label": "others", "box": [1248, 869, 1281, 839], "linking": []}, {"id": 18, "text": " 1", "label": "e quantity", "box": [807, 930, 831, 904], "linking": []}, {"id": 19, "text": " Fried Rice Noodle Thai Style", "label": "0 description beginning", "box": [842, 939, 1223, 904], "linking": []}, {"id": 20, "text": "\u6cf0\u5f0f\u7092\u6cb3", "label": "1 description inside", "box": [850, 967, 955, 939], "linking": []}, {"id": 21, "text": " FXO Pork Neck mushroom", "label": "0 description beginning", "box": [842, 1004, 1141, 974], "linking": []}, {"id": 22, "text": " X0 \u96d9 \u83c7 \u7092 \u732a", "label": "1 description inside", "box": [850, 1037, 977, 1006], "linking": []}, {"id": 23, "text": " Steam Rice", "label": "0 description beginning", "box": [839, 1070, 981, 1041], "linking": []}, {"id": 24, "text": "\u767d\u98ef", "label": "1 description inside", "box": [847, 1104, 900, 1077], "linking": []}, {"id": 25, "text": "--", "label": "others", "box": [879, 1125, 911, 1119], "linking": []}, {"id": 26, "text": "13.95", "label": "5 total price per item", "box": [1287, 940, 1354, 911], "linking": []}, {"id": 27, "text": " 1", "label": "e quantity", "box": [806, 997, 828, 973], "linking": []}, {"id": 28, "text": "18.95", "label": "5 total price per item", "box": [1288, 1009, 1357, 982], "linking": []}, {"id": 29, "text": " \u8089", "label": "others", "box": [1012, 1039, 1030, 1009], "linking": []}, {"id": 30, "text": " 1", "label": "e quantity", "box": [804, 1068, 829, 1041], "linking": []}, {"id": 31, "text": "2.50", "label": "5 total price per item", "box": [1296, 1079, 1355, 1049], "linking": []}, {"id": 32, "text": "--", "label": "others", "box": [804, 1124, 817, 1118], "linking": []}, {"id": 33, "text": "====", "label": "others", "box": [1066, 1140, 1127, 1119], "linking": []}, {"id": 34, "text": " Sub Total:", "label": "others", "box": [1069, 1180, 1201, 1151], "linking": []}, {"id": 35, "text": " HST", "label": "others", "box": [1148, 1212, 1183, 1188], "linking": []}, {"id": 36, "text": "-------", "label": "others", "box": [1238, 1135, 1317, 1126], "linking": []}, {"id": 37, "text": "-----", "label": "others", "box": [1242, 1140, 1289, 1132], "linking": []}, {"id": 38, "text": "--", "label": "others", "box": [1319, 1134, 1337, 1128], "linking": []}, {"id": 39, "text": "$35.40", "label": "sub total", "box": [1241, 1180, 1323, 1155], "linking": []}, {"id": 40, "text": "$4.60", "label": "2 tax total", "box": [1254, 1216, 1322, 1191], "linking": []}, {"id": 41, "text": " :", "label": "others", "box": [1188, 1212, 1198, 1188], "linking": []}, {"id": 42, "text": "RoundUp Total $40.00", "label": "others", "box": [1077, 1290, 1348, 1253], "linking": []}, {"id": 43, "text": " $40.00", "label": "total amount", "box": [1164, 1347, 1336, 1291], "linking": []}, {"id": 44, "text": "Thank You, Please Come Again!", "label": "others", "box": [883, 1428, 1275, 1387], "linking": []}, {"id": 45, "text": " Total:", "label": "others", "box": [983, 1344, 1154, 1286], "linking": []}]