[{"id": 0, "text": "merchant name", "label": "others", "box": [643, 177, 782, 131], "linking": []}, {"id": 1, "text": "merchant address", "label": "others", "box": [569, 238, 863, 202], "linking": []}, {"id": 2, "text": "merchant address", "label": "others", "box": [621, 206, 808, 174], "linking": []}, {"id": 3, "text": " Phone:", "label": "others", "box": [588, 305, 672, 271], "linking": []}, {"id": 4, "text": "merchant phone", "label": "others", "box": [678, 302, 848, 267], "linking": []}, {"id": 5, "text": "TAX INVOICE", "label": "others", "box": [642, 369, 795, 334], "linking": []}, {"id": 6, "text": "1", "label": "e quantity", "box": [447, 529, 460, 508], "linking": []}, {"id": 7, "text": "\u00d7 CHAI LATTE - 80Z", "label": "0 description beginning", "box": [509, 532, 756, 498], "linking": []}, {"id": 8, "text": "T/A", "label": "1 description inside", "box": [541, 565, 583, 536], "linking": []}, {"id": 9, "text": "SOY MILK REG", "label": "1 description inside", "box": [569, 598, 732, 565], "linking": []}, {"id": 10, "text": "Credit Card Surcharge", "label": "others", "box": [443, 632, 731, 600], "linking": []}, {"id": 11, "text": "0.90%", "label": "others", "box": [664, 662, 733, 632], "linking": []}, {"id": 12, "text": " SALE TOTAL:", "label": "others", "box": [592, 720, 746, 670], "linking": []}, {"id": 13, "text": "4.80", "label": "5 total price per item", "box": [906, 525, 962, 497], "linking": []}, {"id": 14, "text": "0.80", "label": "5 total price per item", "box": [904, 590, 963, 560], "linking": []}, {"id": 15, "text": "$0.05", "label": "others", "box": [888, 623, 962, 597], "linking": []}, {"id": 16, "text": "$5.65", "label": "total amount", "box": [888, 715, 968, 660], "linking": []}, {"id": 17, "text": "INTEGRATED EFTPOS", "label": "others", "box": [473, 749, 706, 716], "linking": []}, {"id": 18, "text": "$5.65", "label": "others", "box": [893, 743, 964, 710], "linking": []}, {"id": 19, "text": " total in sale:", "label": "others", "box": [557, 817, 745, 785], "linking": []}, {"id": 20, "text": "$0.51", "label": "others", "box": [893, 810, 960, 778], "linking": []}, {"id": 21, "text": "COMMONWEALTH BANK EFTPOS", "label": "others", "box": [433, 917, 765, 880], "linking": []}, {"id": 22, "text": "AIRPORT RETAIL ENTER", "label": "others", "box": [433, 950, 711, 916], "linking": []}, {"id": 23, "text": "merchant address", "label": "others", "box": [431, 983, 577, 951], "linking": []}, {"id": 24, "text": "TERMINAL", "label": "others", "box": [435, 1014, 545, 984], "linking": []}, {"id": 25, "text": "REFERENCE", "label": "others", "box": [433, 1048, 559, 1016], "linking": []}, {"id": 26, "text": "CUSTOMER COPY", "label": "others", "box": [433, 1083, 615, 1048], "linking": []}, {"id": 27, "text": " CARD NO:", "label": "others", "box": [433, 1117, 559, 1086], "linking": []}, {"id": 28, "text": " EXPIRY DATE:", "label": "others", "box": [432, 1151, 597, 1118], "linking": []}, {"id": 29, "text": " AID:", "label": "others", "box": [435, 1185, 485, 1155], "linking": []}, {"id": 30, "text": " ATC:82", "label": "others", "box": [426, 1220, 522, 1189], "linking": []}, {"id": 31, "text": " CSN:00 E707B2E9A7C1F5CC", "label": "others", "box": [425, 1255, 769, 1219], "linking": []}, {"id": 32, "text": " 11:51", "label": "others", "box": [692, 1284, 760, 1253], "linking": []}, {"id": 33, "text": "12119900", "label": "others", "box": [651, 1012, 765, 981], "linking": []}, {"id": 34, "text": "148680", "label": "others", "box": [682, 1045, 765, 1014], "linking": []}, {"id": 35, "text": "376096-006(c)", "label": "others", "box": [582, 1115, 761, 1080], "linking": []}, {"id": 36, "text": "A000000025010801", "label": "others", "box": [545, 1183, 765, 1148], "linking": []}, {"id": 37, "text": " TVR:0000008000", "label": "others", "box": [569, 1218, 768, 1184], "linking": []}, {"id": 38, "text": "09 NOV 2019", "label": "others", "box": [423, 1291, 584, 1258], "linking": []}, {"id": 39, "text": "AMERICAN EXPRESS", "label": "others", "box": [423, 1326, 653, 1289], "linking": []}, {"id": 40, "text": "CREDIT", "label": "others", "box": [425, 1363, 512, 1330], "linking": []}, {"id": 41, "text": "PURCHASE", "label": "others", "box": [421, 1399, 539, 1365], "linking": []}, {"id": 42, "text": "TOTAL", "label": "others", "box": [421, 1435, 492, 1401], "linking": []}, {"id": 43, "text": "APPROVED", "label": "others", "box": [420, 1473, 539, 1439], "linking": []}, {"id": 44, "text": " AUTH NO:", "label": "others", "box": [418, 1511, 533, 1477], "linking": []}, {"id": 45, "text": " POS REF NO:", "label": "others", "box": [416, 1549, 575, 1513], "linking": []}, {"id": 46, "text": "THANK YOU", "label": "others", "box": [416, 1584, 553, 1549], "linking": []}, {"id": 47, "text": "$5.65", "label": "others", "box": [692, 1395, 772, 1360], "linking": []}, {"id": 48, "text": "AUD $5.65", "label": "others", "box": [634, 1434, 773, 1399], "linking": []}, {"id": 49, "text": "00", "label": "others", "box": [734, 1468, 772, 1435], "linking": []}, {"id": 50, "text": "824184", "label": "others", "box": [679, 1507, 772, 1472], "linking": []}, {"id": 51, "text": "9805", "label": "others", "box": [705, 1544, 772, 1512], "linking": []}, {"id": 52, "text": " Reprinted By:", "label": "others", "box": [410, 1701, 606, 1663], "linking": []}, {"id": 53, "text": " SAFAL", "label": "others", "box": [613, 1701, 694, 1663], "linking": []}, {"id": 54, "text": " Receipt #:", "label": "others", "box": [410, 1772, 566, 1739], "linking": []}, {"id": 55, "text": " Date:", "label": "others", "box": [412, 1810, 490, 1775], "linking": []}, {"id": 56, "text": " Clerk:", "label": "others", "box": [413, 1844, 506, 1811], "linking": []}, {"id": 57, "text": " Terminal:", "label": "others", "box": [413, 1882, 551, 1847], "linking": []}, {"id": 58, "text": " 325439", "label": "others", "box": [571, 1772, 666, 1739], "linking": []}, {"id": 59, "text": " 9/11/2019 Time:", "label": "others", "box": [496, 1812, 748, 1776], "linking": []}, {"id": 60, "text": " 11:52:10 AM", "label": "others", "box": [754, 1813, 929, 1777], "linking": []}, {"id": 61, "text": " 345 SAFAL", "label": "others", "box": [512, 1846, 660, 1811], "linking": []}, {"id": 62, "text": " 409 SYD T1 - Peroni Bar 409", "label": "others", "box": [557, 1884, 971, 1848], "linking": []}, {"id": 63, "text": "088", "label": "others", "box": [712, 1971, 755, 1920], "linking": []}]