[{"id": 0, "text": "merchant name", "label": "others", "box": [215, 213, 400, 185], "linking": []}, {"id": 1, "text": "merchant address", "label": "others", "box": [198, 247, 413, 220], "linking": []}, {"id": 2, "text": "merchant address", "label": "others", "box": [159, 281, 452, 254], "linking": []}, {"id": 3, "text": "1001 TIM E", "label": "others", "box": [53, 354, 189, 326], "linking": []}, {"id": 4, "text": "---", "label": "others", "box": [72, 383, 98, 374], "linking": []}, {"id": 5, "text": "Tbl 5a/1", "label": "others", "box": [40, 433, 148, 402], "linking": []}, {"id": 6, "text": "Chk 424", "label": "others", "box": [263, 434, 359, 403], "linking": []}, {"id": 7, "text": " Nov10'19 10:46PM", "label": "others", "box": [196, 472, 414, 441], "linking": []}, {"id": 8, "text": " Gst", "label": "others", "box": [486, 431, 540, 404], "linking": []}, {"id": 9, "text": " 1", "label": "others", "box": [553, 431, 570, 404], "linking": []}, {"id": 10, "text": "2 GUINNESS", "label": "0 description beginning", "box": [62, 546, 201, 517], "linking": []}, {"id": 11, "text": "18.50", "label": "5 total price per item", "box": [458, 547, 527, 516], "linking": []}, {"id": 12, "text": "Subtotal", "label": "others", "box": [90, 624, 203, 592], "linking": []}, {"id": 13, "text": "Tax", "label": "others", "box": [92, 662, 137, 631], "linking": []}, {"id": 14, "text": "Gov Mandates", "label": "others", "box": [91, 699, 254, 670], "linking": []}, {"id": 15, "text": " 11:38PM Total", "label": "others", "box": [34, 742, 212, 709], "linking": []}, {"id": 16, "text": "18.50", "label": "sub total", "box": [456, 624, 526, 592], "linking": []}, {"id": 17, "text": "1.63", "label": "2 tax total", "box": [467, 659, 525, 629], "linking": []}, {"id": 18, "text": "0.74", "label": "others", "box": [468, 697, 525, 669], "linking": []}, {"id": 19, "text": "20.87", "label": "total amount", "box": [392, 738, 522, 704], "linking": []}, {"id": 20, "text": " Go Raibh Mile Maith Agat", "label": "others", "box": [86, 816, 412, 782], "linking": []}, {"id": 21, "text": " !!", "label": "others", "box": [314, 851, 342, 821], "linking": []}, {"id": 22, "text": " !!", "label": "others", "box": [416, 812, 442, 781], "linking": []}, {"id": 23, "text": " Have a Great Day", "label": "others", "box": [86, 853, 309, 822], "linking": []}]