[{"id": 0, "text": "Thank You For Visiting the", "label": "others", "box": [458, 101, 1036, 33], "linking": []}, {"id": 1, "text": "Matthew Fraysier", "label": "others", "box": [556, 188, 921, 139], "linking": []}, {"id": 2, "text": "General Manager", "label": "others", "box": [564, 238, 906, 189], "linking": []}, {"id": 3, "text": "merchant name", "label": "others", "box": [458, 145, 1018, 79], "linking": []}, {"id": 4, "text": "merchant phone", "label": "others", "box": [589, 287, 880, 235], "linking": []}, {"id": 5, "text": "We Love Your Feedback!", "label": "others", "box": [478, 335, 980, 279], "linking": []}, {"id": 6, "text": "Text @LTF11479 to 73940", "label": "others", "box": [470, 385, 1001, 331], "linking": []}, {"id": 7, "text": "USC", "label": "others", "box": [1137, 467, 1205, 426], "linking": []}, {"id": 8, "text": "5.20", "label": "5 total price per item", "box": [1120, 522, 1214, 475], "linking": []}, {"id": 9, "text": "0.35", "label": "5 total price per item", "box": [1118, 573, 1211, 528], "linking": []}, {"id": 10, "text": "0.35", "label": "5 total price per item", "box": [1122, 627, 1219, 581], "linking": []}, {"id": 11, "text": "0.35", "label": "5 total price per item", "box": [1118, 680, 1214, 633], "linking": []}, {"id": 12, "text": "0.30", "label": "5 total price per item", "box": [1118, 731, 1215, 688], "linking": []}, {"id": 13, "text": "0.30", "label": "5 total price per item", "box": [1118, 786, 1218, 744], "linking": []}, {"id": 14, "text": "12oz Funky Monkey", "label": "0 description beginning", "box": [269, 545, 657, 487], "linking": []}, {"id": 15, "text": "Toast", "label": "0 description beginning", "box": [258, 592, 377, 547], "linking": []}, {"id": 16, "text": "Toast", "label": "0 description beginning", "box": [254, 641, 366, 601], "linking": []}, {"id": 17, "text": "Toast", "label": "0 description beginning", "box": [259, 694, 364, 653], "linking": []}, {"id": 18, "text": "Add Spread", "label": "0 description beginning", "box": [249, 747, 485, 700], "linking": []}, {"id": 19, "text": "Add Spread", "label": "0 description beginning", "box": [242, 802, 485, 753], "linking": []}, {"id": 20, "text": "Sub Total", "label": "others", "box": [783, 903, 1001, 851], "linking": []}, {"id": 21, "text": "Tax Amount", "label": "others", "box": [784, 957, 1026, 907], "linking": []}, {"id": 22, "text": "6.85", "label": "sub total", "box": [1118, 896, 1220, 848], "linking": []}, {"id": 23, "text": "0.61", "label": "2 tax total", "box": [1120, 953, 1214, 905], "linking": []}, {"id": 24, "text": "Total USD", "label": "others", "box": [192, 1171, 630, 1075], "linking": []}, {"id": 25, "text": "7.46", "label": "total amount", "box": [1020, 1167, 1221, 1067], "linking": []}, {"id": 26, "text": "5009 AMERICAN EXPRESS", "label": "others", "box": [167, 1399, 700, 1340], "linking": []}, {"id": 27, "text": "7.46", "label": "others", "box": [1120, 1388, 1226, 1336], "linking": []}, {"id": 28, "text": "Tax", "label": "others", "box": [158, 1580, 240, 1527], "linking": []}, {"id": 29, "text": "() 8.875", "label": "others", "box": [155, 1648, 358, 1585], "linking": []}, {"id": 30, "text": " Taxable Amount", "label": "others", "box": [564, 1576, 943, 1520], "linking": []}, {"id": 31, "text": "6.85", "label": "sub total", "box": [818, 1634, 923, 1584], "linking": []}, {"id": 32, "text": " Tax Amount", "label": "others", "box": [964, 1574, 1223, 1517], "linking": []}, {"id": 33, "text": "0.61", "label": "2 tax total", "box": [1123, 1631, 1224, 1581], "linking": []}, {"id": 34, "text": " 11/15/2019 09:32 AM #:50700 Op:4023 C:111", "label": "others", "box": [138, 1834, 1222, 1763], "linking": []}, {"id": 35, "text": " 105 S:1111", "label": "others", "box": [133, 1896, 394, 1836], "linking": []}, {"id": 36, "text": " Served you", "label": "others", "box": [119, 1963, 399, 1903], "linking": []}, {"id": 37, "text": " : Lucrecia Findley", "label": "others", "box": [409, 1963, 889, 1895], "linking": []}, {"id": 38, "text": "*** Customer copy ***", "label": "others", "box": [343, 2230, 915, 2165], "linking": []}, {"id": 39, "text": "AMEX NY937 (5)", "label": "others", "box": [436, 2365, 820, 2298], "linking": []}, {"id": 40, "text": "I agree to pay the above total amount", "label": "others", "box": [108, 2442, 1125, 2369], "linking": []}, {"id": 41, "text": "according to card issuer", "label": "others", "box": [298, 2508, 960, 2442], "linking": []}, {"id": 42, "text": "agreement. (Merchant agreement if Credit", "label": "others", "box": [74, 2582, 1149, 2506], "linking": []}, {"id": 43, "text": "Voucher)Retain this copy for your", "label": "others", "box": [149, 2653, 1066, 2585], "linking": []}, {"id": 44, "text": "records.", "label": "others", "box": [499, 2722, 734, 2662], "linking": []}, {"id": 45, "text": "REDMI NOTE 5 PRO", "label": "others", "box": [355, 2790, 858, 2724], "linking": []}, {"id": 46, "text": "MI DUAL CAMERA", "label": "others", "box": [339, 2861, 818, 2797], "linking": []}, {"id": 47, "text": "AMERICAN EXPRESS", "label": "others", "box": [49, 2944, 507, 2881], "linking": []}, {"id": 48, "text": "PURCHASE", "label": "others", "box": [48, 2871, 302, 2805], "linking": []}]