[{"id": 0, "text": "Thank You For Visitto the", "label": "others", "box": [64, 21, 155, 12], "linking": []}, {"id": 1, "text": "Rating Varella, General Manager", "label": "others", "box": [55, 35, 163, 24], "linking": []}, {"id": 2, "text": "we love Your Foodback !", "label": "others", "box": [71, 49, 148, 38], "linking": []}, {"id": 3, "text": "merchant name", "label": "others", "box": [57, 28, 161, 18], "linking": []}, {"id": 4, "text": "merchant phone", "label": "others", "box": [81, 41, 135, 32], "linking": []}, {"id": 5, "text": " Fork & Spoon", "label": "0 description beginning", "box": [39, 78, 81, 69], "linking": []}, {"id": 6, "text": " Presikit", "label": "1 description inside", "box": [83, 77, 111, 69], "linking": []}, {"id": 7, "text": "Mater Aguafina 2002", "label": "0 description beginning", "box": [38, 86, 106, 75], "linking": []}, {"id": 8, "text": "11.50", "label": "5 total price per item", "box": [166, 73, 184, 65], "linking": []}, {"id": 9, "text": "1.15", "label": "5 total price per item", "box": [166, 79, 184, 72], "linking": []}, {"id": 10, "text": "Sub Total", "label": "others", "box": [117, 96, 152, 87], "linking": []}, {"id": 11, "text": "Tax Amount", "label": "others", "box": [119, 104, 157, 96], "linking": []}, {"id": 12, "text": "9.65", "label": "sub total", "box": [167, 96, 185, 88], "linking": []}, {"id": 13, "text": "Total USD", "label": "others", "box": [32, 137, 98, 120], "linking": []}, {"id": 14, "text": "10.33", "label": "total amount", "box": [149, 132, 186, 118], "linking": []}, {"id": 15, "text": "5009 AMERICAN EXPRESS", "label": "others", "box": [30, 168, 110, 158], "linking": []}, {"id": 16, "text": "10.33", "label": "others", "box": [167, 164, 187, 155], "linking": []}, {"id": 17, "text": "Tax", "label": "others", "box": [30, 192, 44, 184], "linking": []}, {"id": 18, "text": " ()", "label": "others", "box": [29, 200, 39, 191], "linking": []}, {"id": 19, "text": " 7.00", "label": "others", "box": [40, 200, 56, 191], "linking": []}, {"id": 20, "text": " Taxable Amount", "label": "others", "box": [88, 193, 146, 182], "linking": []}, {"id": 21, "text": "9.65", "label": "sub total", "box": [125, 199, 143, 191], "linking": []}, {"id": 22, "text": " Tax", "label": "others", "box": [148, 191, 161, 181], "linking": []}, {"id": 23, "text": " Amount", "label": "others", "box": [162, 190, 188, 181], "linking": []}, {"id": 24, "text": "0.68", "label": "2 tax total", "box": [168, 197, 189, 189], "linking": []}, {"id": 25, "text": " 11/18/2019 12:43 PM #:51284 Op:3052 C:113", "label": "others", "box": [28, 226, 190, 214], "linking": []}, {"id": 26, "text": " 103 5:1131", "label": "others", "box": [27, 235, 70, 226], "linking": []}, {"id": 27, "text": " Served you", "label": "others", "box": [26, 244, 66, 234], "linking": []}, {"id": 28, "text": " : Adriana Granado", "label": "others", "box": [68, 243, 135, 232], "linking": []}, {"id": 29, "text": "*** Customer copy ***", "label": "others", "box": [57, 278, 141, 269], "linking": []}, {"id": 30, "text": "AMEX Sunrise 937-10", "label": "others", "box": [61, 297, 139, 286], "linking": []}, {"id": 31, "text": " agree to pay the above total amount", "label": "others", "box": [33, 308, 177, 296], "linking": []}, {"id": 32, "text": "according to card issuer", "label": "others", "box": [52, 316, 153, 306], "linking": []}, {"id": 33, "text": " (Merchant agreement", "label": "others", "box": [61, 326, 141, 315], "linking": []}, {"id": 34, "text": " this copy for your", "label": "others", "box": [92, 336, 169, 325], "linking": []}, {"id": 35, "text": " records .:", "label": "others", "box": [85, 345, 119, 336], "linking": []}, {"id": 36, "text": " I", "label": "others", "box": [26, 308, 32, 297], "linking": []}, {"id": 37, "text": " agreement.", "label": "others", "box": [21, 326, 60, 317], "linking": []}, {"id": 38, "text": " Voucher Rota", "label": "others", "box": [33, 336, 86, 326], "linking": []}, {"id": 39, "text": " if", "label": "others", "box": [142, 325, 152, 315], "linking": []}, {"id": 40, "text": " Credit", "label": "others", "box": [154, 325, 180, 314], "linking": []}, {"id": 41, "text": "PURCHASE / APPROVED", "label": "others", "box": [17, 365, 97, 354], "linking": []}, {"id": 42, "text": "AMERICAN EXPRESS", "label": "others", "box": [16, 375, 88, 365], "linking": []}, {"id": 43, "text": "*********** 1007", "label": "others", "box": [16, 385, 82, 375], "linking": []}, {"id": 44, "text": "CHIP READ /", "label": "others", "box": [14, 396, 64, 385], "linking": []}, {"id": 45, "text": " 2019/11/18 12:43:57", "label": "others", "box": [13, 419, 97, 407], "linking": []}, {"id": 46, "text": "TID", "label": "others", "box": [12, 429, 33, 418], "linking": []}, {"id": 47, "text": "**** 5749", "label": "others", "box": [153, 430, 191, 419], "linking": []}, {"id": 48, "text": "6634461", "label": "others", "box": [157, 441, 191, 430], "linking": []}, {"id": 49, "text": "$1131113103#512840018042", "label": "others", "box": [76, 453, 192, 440], "linking": []}, {"id": 50, "text": "895155", "label": "others", "box": [161, 465, 192, 453], "linking": []}, {"id": 51, "text": "REFERENCE", "label": "others", "box": [11, 452, 53, 439], "linking": []}, {"id": 52, "text": "AUTH CODE", "label": "others", "box": [10, 463, 52, 451], "linking": []}, {"id": 53, "text": "TOTAL", "label": "others", "box": [8, 486, 33, 474], "linking": []}, {"id": 54, "text": "USD10.33", "label": "total amount", "box": [151, 488, 192, 476], "linking": []}, {"id": 55, "text": " ARC:", "label": "others", "box": [7, 509, 26, 497], "linking": []}, {"id": 56, "text": " TSI:", "label": "others", "box": [8, 523, 26, 510], "linking": []}, {"id": 57, "text": " IAD:", "label": "others", "box": [7, 535, 25, 523], "linking": []}, {"id": 58, "text": " TVR:", "label": "others", "box": [5, 547, 25, 534], "linking": []}, {"id": 59, "text": " AID:", "label": "others", "box": [5, 559, 25, 547], "linking": []}, {"id": 60, "text": " PAN Se No:", "label": "others", "box": [5, 572, 57, 558], "linking": []}, {"id": 61, "text": " 00", "label": "others", "box": [28, 509, 41, 497], "linking": []}, {"id": 62, "text": " F800", "label": "others", "box": [28, 523, 49, 510], "linking": []}, {"id": 63, "text": " 065A0103602002", "label": "others", "box": [27, 536, 96, 523], "linking": []}, {"id": 64, "text": " 0000008000", "label": "others", "box": [27, 548, 77, 535], "linking": []}, {"id": 65, "text": " A000000025010801", "label": "others", "box": [27, 561, 104, 547], "linking": []}, {"id": 66, "text": " 00", "label": "others", "box": [59, 572, 72, 561], "linking": []}]