[{"id": 0, "text": " Thank", "label": "others", "box": [64, 42, 97, 11], "linking": []}, {"id": 1, "text": "merchant name", "label": "others", "box": [64, 60, 261, 40], "linking": []}, {"id": 2, "text": "We Love Your Feedback!", "label": "others", "box": [80, 78, 244, 58], "linking": []}, {"id": 3, "text": " You", "label": "others", "box": [103, 42, 128, 11], "linking": []}, {"id": 4, "text": " For", "label": "others", "box": [134, 43, 156, 11], "linking": []}, {"id": 5, "text": " Visiting", "label": "others", "box": [162, 44, 223, 12], "linking": []}, {"id": 6, "text": " the", "label": "others", "box": [229, 45, 262, 13], "linking": []}, {"id": 7, "text": "Text @LTF11606 to 73940", "label": "others", "box": [78, 97, 249, 75], "linking": []}, {"id": 8, "text": "Quesadilla", "label": "0 description beginning", "box": [12, 144, 90, 127], "linking": []}, {"id": 9, "text": "Chicken Fajita", "label": "0 description beginning", "box": [12, 164, 120, 145], "linking": []}, {"id": 10, "text": "French Fries", "label": "0 description beginning", "box": [12, 181, 105, 163], "linking": []}, {"id": 11, "text": "Minute Maid CranAppl", "label": "0 description beginning", "box": [11, 200, 162, 182], "linking": []}, {"id": 12, "text": "Twix Bar Caramel Mil", "label": "0 description beginning", "box": [12, 219, 162, 198], "linking": []}, {"id": 13, "text": "USD", "label": "others", "box": [294, 132, 317, 117], "linking": []}, {"id": 14, "text": "1.93", "label": "5 total price per item", "box": [287, 151, 317, 134], "linking": []}, {"id": 15, "text": "3.15", "label": "5 total price per item", "box": [287, 169, 317, 151], "linking": []}, {"id": 16, "text": "1.09", "label": "5 total price per item", "box": [287, 186, 317, 170], "linking": []}, {"id": 17, "text": "1.94", "label": "5 total price per item", "box": [287, 205, 318, 189], "linking": []}, {"id": 18, "text": "1.24", "label": "5 total price per item", "box": [288, 223, 318, 207], "linking": []}, {"id": 19, "text": "1.24", "label": "5 total price per item", "box": [287, 241, 319, 225], "linking": []}, {"id": 20, "text": "Candy M&M Plain 1.69", "label": "0 description beginning", "box": [10, 237, 163, 216], "linking": []}, {"id": 21, "text": "Total USD", "label": "others", "box": [3, 287, 143, 251], "linking": []}, {"id": 22, "text": "11.50", "label": "total amount", "box": [246, 290, 318, 261], "linking": []}, {"id": 23, "text": "5009 AMERICAN EXPRESS", "label": "others", "box": [3, 360, 166, 336], "linking": []}, {"id": 24, "text": "11.50", "label": "others", "box": [281, 362, 319, 345], "linking": []}, {"id": 25, "text": "Vat percent", "label": "others", "box": [5, 412, 92, 392], "linking": []}, {"id": 26, "text": "Net", "label": "others", "box": [118, 414, 144, 397], "linking": []}, {"id": 27, "text": "Gross", "label": "others", "box": [184, 415, 225, 400], "linking": []}, {"id": 28, "text": "VAT", "label": "others", "box": [265, 415, 289, 399], "linking": []}, {"id": 29, "text": " 11/12/2019 12:15 PM #:60620 Op:", "label": "others", "box": [5, 470, 235, 447], "linking": []}, {"id": 30, "text": " Served you", "label": "others", "box": [4, 503, 86, 485], "linking": []}, {"id": 31, "text": " 1917 C:112", "label": "others", "box": [237, 470, 320, 452], "linking": []}, {"id": 32, "text": " 202 S:1122", "label": "others", "box": [6, 484, 85, 466], "linking": []}, {"id": 33, "text": " : Rubby Blascruz", "label": "others", "box": [89, 506, 210, 486], "linking": []}, {"id": 34, "text": "*** Customer copy ***", "label": "others", "box": [72, 576, 233, 557], "linking": []}, {"id": 35, "text": "AMEX AEDR (4)", "label": "others", "box": [103, 612, 200, 592], "linking": []}, {"id": 36, "text": "I agree to pay the above total amount", "label": "others", "box": [13, 631, 290, 608], "linking": []}, {"id": 37, "text": "according to card issuer", "label": "others", "box": [62, 648, 245, 630], "linking": []}, {"id": 38, "text": "agreement. (Merchant agreement if Credit", "label": "others", "box": [6, 666, 297, 646], "linking": []}, {"id": 39, "text": " your", "label": "others", "box": [242, 684, 278, 668], "linking": []}, {"id": 40, "text": " Voucher)Retain this copy for", "label": "others", "box": [29, 683, 240, 663], "linking": []}, {"id": 41, "text": "records.", "label": "others", "box": [121, 698, 184, 683], "linking": []}, {"id": 42, "text": "PURCHASE / APPROVED", "label": "others", "box": [0, 734, 145, 713], "linking": []}, {"id": 43, "text": "AMERICAN EXPRESS", "label": "others", "box": [0, 752, 123, 732], "linking": []}, {"id": 44, "text": "*********** 5002", "label": "others", "box": [0, 771, 114, 752], "linking": []}, {"id": 45, "text": "CHIP READ /", "label": "others", "box": [0, 789, 83, 770], "linking": []}, {"id": 46, "text": " 2019/11/12 12:15:57", "label": "others", "box": [0, 828, 144, 806], "linking": []}, {"id": 47, "text": "TID", "label": "others", "box": [1, 843, 22, 824], "linking": []}, {"id": 48, "text": "**** 6037", "label": "others", "box": [239, 847, 303, 831], "linking": []}, {"id": 49, "text": "6634460", "label": "others", "box": [247, 866, 303, 849], "linking": []}, {"id": 50, "text": "S1122T112202#606200334649", "label": "others", "box": [109, 885, 302, 865], "linking": []}, {"id": 51, "text": "866131", "label": "others", "box": [254, 903, 303, 887], "linking": []}, {"id": 52, "text": "EFERENCE", "label": "others", "box": [2, 880, 67, 863], "linking": []}, {"id": 53, "text": "AUTH CODE", "label": "others", "box": [0, 899, 66, 882], "linking": []}, {"id": 54, "text": "OTAL", "label": "others", "box": [3, 936, 34, 919], "linking": []}, {"id": 55, "text": "USD11.50", "label": "others", "box": [239, 940, 302, 924], "linking": []}, {"id": 56, "text": " RC:", "label": "others", "box": [0, 974, 30, 958], "linking": []}, {"id": 57, "text": " SI:", "label": "others", "box": [0, 992, 29, 976], "linking": []}, {"id": 58, "text": " AD:", "label": "others", "box": [0, 1012, 28, 995], "linking": []}, {"id": 59, "text": " VR:", "label": "others", "box": [2, 1030, 27, 1014], "linking": []}, {"id": 60, "text": " ID:", "label": "others", "box": [0, 1049, 27, 1032], "linking": []}, {"id": 61, "text": " AN Seq No:", "label": "others", "box": [0, 1069, 82, 1052], "linking": []}, {"id": 62, "text": " 00", "label": "others", "box": [32, 974, 51, 957], "linking": []}, {"id": 63, "text": " F800", "label": "others", "box": [32, 992, 66, 975], "linking": []}, {"id": 64, "text": " 06680103602002", "label": "others", "box": [31, 1013, 143, 995], "linking": []}, {"id": 65, "text": " 0000008000", "label": "others", "box": [30, 1031, 110, 1014], "linking": []}, {"id": 66, "text": " A000000025010801", "label": "others", "box": [30, 1050, 157, 1032], "linking": []}, {"id": 67, "text": " 00", "label": "others", "box": [85, 1068, 104, 1052], "linking": []}]