[{"id": 0, "text": "merchant name", "label": "others", "box": [44, 39, 139, 21], "linking": []}, {"id": 1, "text": "CREATIVE", "label": "others", "box": [56, 50, 93, 43], "linking": []}, {"id": 2, "text": "Chopt Creative Salad Co.", "label": "others", "box": [72, 71, 152, 61], "linking": []}, {"id": 3, "text": "12/03/19", "label": "others", "box": [112, 86, 141, 77], "linking": []}, {"id": 4, "text": " 12:42 PM", "label": "others", "box": [113, 94, 141, 86], "linking": []}, {"id": 5, "text": " Server:", "label": "others", "box": [34, 86, 59, 78], "linking": []}, {"id": 6, "text": "Check #633", "label": "others", "box": [34, 94, 72, 86], "linking": []}, {"id": 7, "text": " Kristina R", "label": "others", "box": [61, 86, 98, 78], "linking": []}, {"id": 8, "text": "Kebab Cobb Salad", "label": "0 description beginning", "box": [33, 118, 93, 109], "linking": []}, {"id": 9, "text": "Grilled Chickens", "label": "0 description beginning", "box": [35, 126, 94, 118], "linking": []}, {"id": 10, "text": "Bottled Water", "label": "0 description beginning", "box": [32, 134, 79, 126], "linking": []}, {"id": 11, "text": "$9.79", "label": "5 total price per item", "box": [122, 118, 141, 110], "linking": []}, {"id": 12, "text": "$2.00", "label": "5 total price per item", "box": [121, 127, 142, 118], "linking": []}, {"id": 13, "text": "$1.79", "label": "5 total price per item", "box": [122, 134, 142, 125], "linking": []}, {"id": 14, "text": "Subtotal", "label": "others", "box": [32, 151, 62, 142], "linking": []}, {"id": 15, "text": "Tax", "label": "others", "box": [33, 159, 46, 151], "linking": []}, {"id": 16, "text": "Total", "label": "others", "box": [33, 167, 51, 160], "linking": []}, {"id": 17, "text": "$13,58", "label": "sub total", "box": [120, 151, 142, 143], "linking": []}, {"id": 18, "text": "$1.21", "label": "2 tax total", "box": [122, 159, 141, 150], "linking": []}, {"id": 19, "text": "514.79", "label": "total amount", "box": [120, 167, 142, 159], "linking": []}, {"id": 20, "text": "Credit Card", "label": "others", "box": [31, 184, 73, 175], "linking": []}, {"id": 21, "text": "Swiped", "label": "others", "box": [118, 183, 142, 175], "linking": []}, {"id": 22, "text": "xxxxxxxxxxxxx1001", "label": "others", "box": [98, 192, 142, 184], "linking": []}, {"id": 23, "text": "Transact fon Type", "label": "others", "box": [29, 211, 89, 202], "linking": []}, {"id": 24, "text": "Authorization", "label": "others", "box": [29, 220, 79, 211], "linking": []}, {"id": 25, "text": "Approval Code", "label": "others", "box": [29, 229, 78, 220], "linking": []}, {"id": 26, "text": "Payment 10", "label": "others", "box": [29, 238, 68, 229], "linking": []}, {"id": 27, "text": "Merchant ID", "label": "others", "box": [29, 247, 71, 238], "linking": []}, {"id": 28, "text": "Card Reader", "label": "others", "box": [30, 256, 71, 247], "linking": []}, {"id": 29, "text": "Sal", "label": "others", "box": [127, 209, 140, 201], "linking": []}, {"id": 30, "text": "Approved", "label": "others", "box": [112, 219, 144, 211], "linking": []}, {"id": 31, "text": "502406", "label": "others", "box": [118, 228, 143, 219], "linking": []}, {"id": 32, "text": "Tof NP Jobsxw", "label": "others", "box": [99, 237, 144, 228], "linking": []}, {"id": 33, "text": "032556371", "label": "others", "box": [108, 246, 143, 237], "linking": []}, {"id": 34, "text": "MAGTEK_DYNAMAG", "label": "others", "box": [91, 256, 144, 246], "linking": []}, {"id": 35, "text": "Amount", "label": "others", "box": [65, 274, 89, 265], "linking": []}, {"id": 36, "text": "$14,79", "label": "total amount", "box": [120, 274, 144, 264], "linking": []}, {"id": 37, "text": "Thank you for dining with us!", "label": "others", "box": [58, 312, 168, 300], "linking": []}, {"id": 38, "text": "Earn rewards with the Chopt App.", "label": "others", "box": [55, 319, 171, 309], "linking": []}]