[{"id": 0, "text": "merchant name", "label": "others", "box": [105, 106, 222, 85], "linking": []}, {"id": 1, "text": "merchant address", "label": "others", "box": [85, 131, 279, 108], "linking": []}, {"id": 2, "text": "merchant address", "label": "others", "box": [105, 153, 157, 132], "linking": []}, {"id": 3, "text": "merchant address", "label": "others", "box": [115, 177, 223, 156], "linking": []}, {"id": 4, "text": "merchant phone", "label": "others", "box": [152, 200, 268, 179], "linking": []}, {"id": 5, "text": " Eat.", "label": "others", "box": [151, 224, 194, 203], "linking": []}, {"id": 6, "text": "merchant name", "label": "others", "box": [226, 107, 306, 86], "linking": []}, {"id": 7, "text": "merchant address", "label": "others", "box": [283, 131, 337, 111], "linking": []}, {"id": 8, "text": "merchant address", "label": "others", "box": [284, 155, 307, 134], "linking": []}, {"id": 9, "text": "merchant address", "label": "others", "box": [254, 178, 305, 157], "linking": []}, {"id": 10, "text": "merchant address", "label": "others", "box": [160, 154, 280, 133], "linking": []}, {"id": 11, "text": "merchant address", "label": "others", "box": [227, 178, 251, 157], "linking": []}, {"id": 12, "text": " BISTRO.", "label": "others", "box": [78, 223, 147, 202], "linking": []}, {"id": 13, "text": "4165 Noelle", "label": "others", "box": [19, 245, 129, 224], "linking": []}, {"id": 14, "text": " Drink.", "label": "others", "box": [198, 224, 259, 203], "linking": []}, {"id": 15, "text": " Connect.", "label": "others", "box": [263, 225, 343, 204], "linking": []}, {"id": 16, "text": "CHK 9120", "label": "others", "box": [20, 291, 172, 270], "linking": []}, {"id": 17, "text": " TBL", "label": "others", "box": [268, 294, 322, 273], "linking": []}, {"id": 18, "text": "GST", "label": "others", "box": [303, 316, 366, 295], "linking": []}, {"id": 19, "text": " 2/1", "label": "others", "box": [340, 295, 394, 273], "linking": []}, {"id": 20, "text": "1", "label": "others", "box": [380, 314, 395, 299], "linking": []}, {"id": 21, "text": " 13 Nov'19 9:13 AM", "label": "others", "box": [128, 340, 287, 316], "linking": []}, {"id": 22, "text": " 1", "label": "e quantity", "box": [32, 382, 45, 361], "linking": []}, {"id": 23, "text": "1 LEMON B PANCAKE", "label": "0 description beginning", "box": [32, 404, 192, 385], "linking": []}, {"id": 24, "text": " 1", "label": "e quantity", "box": [33, 427, 46, 408], "linking": []}, {"id": 25, "text": " GRND CAPPUCCINO", "label": "0 description beginning", "box": [48, 382, 194, 361], "linking": []}, {"id": 26, "text": "4.10", "label": "5 total price per item", "box": [303, 383, 342, 365], "linking": []}, {"id": 27, "text": "11.00", "label": "5 total price per item", "box": [295, 409, 342, 385], "linking": []}, {"id": 28, "text": "3.50", "label": "5 total price per item", "box": [302, 429, 341, 411], "linking": []}, {"id": 29, "text": " COFFEE CAKE", "label": "0 description beginning", "box": [49, 428, 156, 408], "linking": []}, {"id": 30, "text": "WARMED", "label": "others", "box": [71, 449, 128, 431], "linking": []}, {"id": 31, "text": "SUBTOTAL", "label": "others", "box": [53, 493, 127, 474], "linking": []}, {"id": 32, "text": "TAX", "label": "others", "box": [52, 514, 82, 495], "linking": []}, {"id": 33, "text": " 9:14 AM", "label": "others", "box": [21, 540, 151, 518], "linking": []}, {"id": 34, "text": " TOTAL", "label": "others", "box": [98, 564, 189, 542], "linking": []}, {"id": 35, "text": "$18.60", "label": "sub total", "box": [283, 497, 343, 479], "linking": []}, {"id": 36, "text": "$1.54", "label": "2 tax total", "box": [292, 520, 342, 500], "linking": []}, {"id": 37, "text": " DUE", "label": "others", "box": [207, 566, 266, 543], "linking": []}, {"id": 38, "text": " $20.14", "label": "others", "box": [287, 567, 399, 544], "linking": []}, {"id": 39, "text": "PLEASE COMPLETE FOR ROOM CHARGES", "label": "others", "box": [55, 638, 364, 612], "linking": []}, {"id": 40, "text": "GRATUITY", "label": "others", "box": [28, 675, 105, 656], "linking": []}, {"id": 41, "text": "3.00", "label": "3 tip", "box": [251, 680, 329, 656], "linking": []}, {"id": 42, "text": " $ 23", "label": "total amount", "box": [232, 722, 284, 688], "linking": []}, {"id": 43, "text": "TOTAL", "label": "others", "box": [31, 710, 81, 694], "linking": []}, {"id": 44, "text": " .", "label": "total amount", "box": [291, 720, 294, 688], "linking": []}, {"id": 45, "text": " 14", "label": "total amount", "box": [300, 721, 339, 688], "linking": []}, {"id": 46, "text": "ROOM NUMBER", "label": "others", "box": [30, 755, 135, 732], "linking": []}, {"id": 47, "text": "PRINT LAST NAME", "label": "others", "box": [18, 805, 162, 780], "linking": []}, {"id": 48, "text": "SIGNATURE", "label": "others", "box": [16, 851, 105, 825], "linking": []}]