[{"id": 0, "text": "Thank You For Visiting the", "label": "others", "box": [319, 75, 538, 51], "linking": []}, {"id": 1, "text": "Nadine Varella, General Manager", "label": "others", "box": [292, 111, 556, 85], "linking": []}, {"id": 2, "text": "We Love Your Feedback!", "label": "others", "box": [330, 152, 519, 126], "linking": []}, {"id": 3, "text": "merchant name", "label": "others", "box": [304, 93, 552, 68], "linking": []}, {"id": 4, "text": "merchant phone", "label": "others", "box": [363, 131, 489, 108], "linking": []}, {"id": 5, "text": "Text @LTF41042 to 73940", "label": "others", "box": [329, 173, 526, 145], "linking": []}, {"id": 6, "text": "USD", "label": "others", "box": [579, 198, 609, 179], "linking": []}, {"id": 7, "text": "2.25", "label": "5 total price per item", "box": [571, 219, 608, 201], "linking": []}, {"id": 8, "text": "1.15", "label": "5 total price per item", "box": [571, 239, 609, 220], "linking": []}, {"id": 9, "text": "0.55", "label": "5 total price per item", "box": [572, 261, 609, 241], "linking": []}, {"id": 10, "text": "0.55", "label": "5 total price per item", "box": [572, 280, 608, 262], "linking": []}, {"id": 11, "text": "1.05", "label": "5 total price per item", "box": [572, 301, 609, 284], "linking": []}, {"id": 12, "text": "Pizza Slice", "label": "0 description beginning", "box": [253, 234, 351, 214], "linking": []}, {"id": 13, "text": "Water Aquafina 20oz", "label": "0 description beginning", "box": [254, 254, 419, 233], "linking": []}, {"id": 14, "text": "Assorted Cookie", "label": "0 description beginning", "box": [254, 274, 386, 254], "linking": []}, {"id": 15, "text": "Assorted Cookie", "label": "0 description beginning", "box": [253, 295, 387, 274], "linking": []}, {"id": 16, "text": "Chip Doritos Nacho \u20ac", "label": "0 description beginning", "box": [253, 315, 428, 294], "linking": []}, {"id": 17, "text": "Sub Total", "label": "others", "box": [450, 354, 528, 330], "linking": []}, {"id": 18, "text": "Tax Amount", "label": "others", "box": [448, 376, 539, 352], "linking": []}, {"id": 19, "text": "5.55", "label": "sub total", "box": [571, 344, 610, 325], "linking": []}, {"id": 20, "text": "0.39", "label": "2 tax total", "box": [571, 366, 610, 348], "linking": []}, {"id": 21, "text": "Total USD", "label": "others", "box": [238, 457, 402, 416], "linking": []}, {"id": 22, "text": "5.94", "label": "total amount", "box": [534, 450, 610, 413], "linking": []}, {"id": 23, "text": "5009 AMERICAN EXPRESS", "label": "others", "box": [238, 534, 426, 513], "linking": []}, {"id": 24, "text": "5.94", "label": "others", "box": [568, 532, 614, 513], "linking": []}, {"id": 25, "text": "Tax", "label": "others", "box": [232, 593, 265, 575], "linking": []}, {"id": 26, "text": "() 7.00", "label": "others", "box": [233, 616, 297, 594], "linking": []}, {"id": 27, "text": " Taxable Amount", "label": "others", "box": [379, 596, 513, 576], "linking": []}, {"id": 28, "text": "5.55", "label": "sub total", "box": [464, 615, 505, 597], "linking": []}, {"id": 29, "text": " Tax Amount", "label": "others", "box": [520, 596, 612, 577], "linking": []}, {"id": 30, "text": "0.39", "label": "2 tax total", "box": [573, 616, 610, 597], "linking": []}, {"id": 31, "text": " 11/18/2019-01:55 PM #:56092 Op:3051 C:113", "label": "others", "box": [225, 685, 618, 660], "linking": []}, {"id": 32, "text": " 101 S:1131", "label": "others", "box": [228, 704, 322, 683], "linking": []}, {"id": 33, "text": " Served you", "label": "others", "box": [226, 728, 322, 705], "linking": []}, {"id": 34, "text": " : Denise Gray", "label": "others", "box": [326, 728, 448, 706], "linking": []}, {"id": 35, "text": "*** Customer copy ***", "label": "others", "box": [306, 818, 501, 794], "linking": []}, {"id": 36, "text": "AMEX Sunrise 937-6", "label": "others", "box": [323, 865, 496, 840], "linking": []}, {"id": 37, "text": " agree to pay the above total amount", "label": "others", "box": [246, 892, 576, 864], "linking": []}, {"id": 38, "text": "agreement . (Merchant agreement if Credit", "label": "others", "box": [221, 939, 585, 910], "linking": []}, {"id": 39, "text": "records.", "label": "others", "box": [369, 978, 442, 958], "linking": []}, {"id": 40, "text": " I", "label": "others", "box": [230, 886, 242, 864], "linking": []}, {"id": 41, "text": "according to card issuer", "label": "others", "box": [291, 912, 520, 888], "linking": []}, {"id": 42, "text": "Voucher)Retain this copy for your", "label": "others", "box": [247, 962, 556, 929], "linking": []}, {"id": 43, "text": "PURCHASE / APPROVED", "label": "others", "box": [221, 1023, 399, 996], "linking": []}, {"id": 44, "text": "*********** 1009", "label": "others", "box": [219, 1067, 363, 1043], "linking": []}, {"id": 45, "text": "AMERICAN EXPRESS", "label": "others", "box": [220, 1045, 371, 1018], "linking": []}, {"id": 46, "text": "CHIP READ /", "label": "others", "box": [221, 1088, 321, 1064], "linking": []}, {"id": 47, "text": " 2019/11/18 13:56:08", "label": "others", "box": [215, 1145, 398, 1113], "linking": []}, {"id": 48, "text": "TID", "label": "others", "box": [217, 1163, 245, 1140], "linking": []}]