[{"id": 0, "text": "merchant name", "label": "others", "box": [208, 106, 348, 74], "linking": []}, {"id": 1, "text": "merchant name", "label": "others", "box": [233, 136, 323, 107], "linking": []}, {"id": 2, "text": "merchant address", "label": "others", "box": [171, 174, 397, 138], "linking": []}, {"id": 3, "text": "merchant address", "label": "others", "box": [132, 208, 422, 173], "linking": []}, {"id": 4, "text": " Server:", "label": "others", "box": [22, 269, 114, 242], "linking": []}, {"id": 5, "text": " 14", "label": "others", "box": [25, 303, 59, 274], "linking": []}, {"id": 6, "text": " Guests:", "label": "others", "box": [22, 334, 114, 307], "linking": []}, {"id": 7, "text": " Jose", "label": "others", "box": [118, 271, 169, 244], "linking": []}, {"id": 8, "text": " Laty/1", "label": "others", "box": [66, 304, 144, 275], "linking": []}, {"id": 9, "text": "11/10/2019", "label": "others", "box": [417, 273, 547, 243], "linking": []}, {"id": 10, "text": " 1:43 PM", "label": "others", "box": [453, 306, 545, 279], "linking": []}, {"id": 11, "text": " 1", "label": "others", "box": [118, 334, 133, 310], "linking": []}, {"id": 12, "text": "#20100", "label": "others", "box": [384, 374, 537, 346], "linking": []}, {"id": 13, "text": " Order Type:", "label": "others", "box": [20, 403, 165, 372], "linking": []}, {"id": 14, "text": " DINE IN", "label": "others", "box": [171, 404, 262, 376], "linking": []}, {"id": 15, "text": "Mini", "label": "0 description beginning", "box": [19, 461, 68, 436], "linking": []}, {"id": 16, "text": "Cheese", "label": "1 description inside", "box": [42, 493, 115, 468], "linking": []}, {"id": 17, "text": "XT Cheese", "label": "1 description inside", "box": [40, 524, 150, 497], "linking": []}, {"id": 18, "text": "Garlic Fries", "label": "0 description beginning", "box": [17, 555, 162, 527], "linking": []}, {"id": 19, "text": "6.00", "label": "5 total price per item", "box": [475, 470, 528, 447], "linking": []}, {"id": 20, "text": "0.50", "label": "5 total price per item", "box": [476, 500, 525, 474], "linking": []}, {"id": 21, "text": "0.75", "label": "5 total price per item", "box": [474, 528, 530, 503], "linking": []}, {"id": 22, "text": "3.75", "label": "5 total price per item", "box": [475, 560, 529, 534], "linking": []}, {"id": 23, "text": "Subtotal", "label": "others", "box": [16, 616, 112, 589], "linking": []}, {"id": 24, "text": "Tax", "label": "others", "box": [21, 647, 57, 621], "linking": []}, {"id": 25, "text": "11.00", "label": "sub total", "box": [463, 625, 529, 598], "linking": []}, {"id": 26, "text": "0.97", "label": "2 tax total", "box": [470, 656, 525, 631], "linking": []}, {"id": 27, "text": "SF Mandate", "label": "others", "box": [16, 710, 136, 681], "linking": []}, {"id": 28, "text": "Total", "label": "others", "box": [18, 738, 76, 714], "linking": []}, {"id": 29, "text": "0.39", "label": "others", "box": [468, 716, 520, 693], "linking": []}, {"id": 30, "text": "12.36", "label": "total amount", "box": [455, 744, 517, 722], "linking": []}, {"id": 31, "text": "MC", "label": "others", "box": [16, 798, 44, 773], "linking": []}, {"id": 32, "text": " Auth:", "label": "others", "box": [39, 828, 92, 802], "linking": []}, {"id": 33, "text": "Balance Due", "label": "others", "box": [18, 860, 273, 832], "linking": []}, {"id": 34, "text": "12.36", "label": "others", "box": [455, 800, 515, 774], "linking": []}, {"id": 35, "text": " 188394", "label": "others", "box": [97, 828, 170, 802], "linking": []}, {"id": 36, "text": "0.00", "label": "others", "box": [414, 863, 516, 835], "linking": []}, {"id": 37, "text": "FOLLOW US ON", "label": "others", "box": [190, 923, 336, 895], "linking": []}, {"id": 38, "text": "FACEBOOK & INSTAGRAM", "label": "others", "box": [144, 952, 383, 924], "linking": []}, {"id": 39, "text": "Come again!", "label": "others", "box": [190, 983, 321, 954], "linking": []}, {"id": 40, "text": "superduperburgers.com", "label": "others", "box": [134, 1015, 380, 984], "linking": []}, {"id": 41, "text": "CODE 78305", "label": "others", "box": [191, 1041, 321, 1014], "linking": []}, {"id": 42, "text": "Check Closed", "label": "others", "box": [191, 1098, 332, 1070], "linking": []}]