[{"id": 0, "text": "OPERATED BY", "label": "others", "box": [284, 223, 446, 195], "linking": []}, {"id": 1, "text": "merchant name", "label": "others", "box": [212, 350, 289, 328], "linking": []}, {"id": 2, "text": "merchant name", "label": "others", "box": [292, 350, 511, 325], "linking": []}, {"id": 3, "text": "merchant address", "label": "others", "box": [141, 374, 560, 347], "linking": []}, {"id": 4, "text": "83554 Teresa", "label": "others", "box": [145, 424, 310, 399], "linking": []}, {"id": 5, "text": "----", "label": "others", "box": [529, 438, 578, 428], "linking": []}, {"id": 6, "text": " 2", "label": "others", "box": [564, 468, 579, 445], "linking": []}, {"id": 7, "text": "CHK 1602", "label": "others", "box": [143, 471, 256, 449], "linking": []}, {"id": 8, "text": " NOVO4:", "label": "others", "box": [253, 492, 334, 471], "linking": []}, {"id": 9, "text": "-- -", "label": "others", "box": [329, 512, 360, 503], "linking": []}, {"id": 10, "text": " GST", "label": "others", "box": [511, 468, 559, 446], "linking": []}, {"id": 11, "text": " 19", "label": "others", "box": [338, 490, 367, 470], "linking": []}, {"id": 12, "text": "8 51AM", "label": "others", "box": [388, 489, 472, 471], "linking": []}, {"id": 13, "text": "BAGEL EGG CHS", "label": "0 description beginning", "box": [197, 569, 376, 544], "linking": []}, {"id": 14, "text": " LG WTR FIJI", "label": "0 description beginning", "box": [197, 593, 358, 569], "linking": []}, {"id": 15, "text": " SM COFFEE", "label": "0 description beginning", "box": [198, 616, 329, 594], "linking": []}, {"id": 16, "text": "6.29", "label": "5 total price per item", "box": [484, 566, 538, 544], "linking": []}, {"id": 17, "text": "4.89", "label": "5 total price per item", "box": [483, 587, 537, 566], "linking": []}, {"id": 18, "text": "2.69", "label": "5 total price per item", "box": [483, 613, 538, 591], "linking": []}, {"id": 19, "text": " L", "label": "1 description inside", "box": [362, 591, 377, 569], "linking": []}, {"id": 20, "text": " 1", "label": "e quantity", "box": [174, 617, 194, 595], "linking": []}, {"id": 21, "text": " S", "label": "1 description inside", "box": [335, 616, 352, 594], "linking": []}, {"id": 22, "text": "SUBTOTAL", "label": "others", "box": [202, 664, 308, 641], "linking": []}, {"id": 23, "text": "TAX", "label": "others", "box": [201, 688, 242, 665], "linking": []}, {"id": 24, "text": "AMOUNT PAID", "label": "others", "box": [197, 714, 350, 688], "linking": []}, {"id": 25, "text": "AT01658Z XXX2789", "label": "others", "box": [201, 737, 417, 712], "linking": []}, {"id": 26, "text": "MSTRCD CC", "label": "others", "box": [198, 762, 323, 739], "linking": []}, {"id": 27, "text": " --- 83554 Closed NOV04 08:51AM- - -", "label": "others", "box": [145, 787, 580, 762], "linking": []}, {"id": 28, "text": "13.87", "label": "sub total", "box": [473, 661, 536, 638], "linking": []}, {"id": 29, "text": "1.14", "label": "2 tax total", "box": [487, 684, 541, 662], "linking": []}, {"id": 30, "text": "15.01", "label": "total amount", "box": [391, 711, 530, 686], "linking": []}, {"id": 31, "text": "15.01", "label": "others", "box": [473, 759, 536, 736], "linking": []}, {"id": 32, "text": " WE WANT", "label": "others", "box": [158, 836, 262, 812], "linking": []}, {"id": 33, "text": "merchant phone", "label": "others", "box": [157, 861, 553, 834], "linking": []}, {"id": 34, "text": "OR CUSTOMERSERVICE@HMSHOST.COM", "label": "others", "box": [159, 884, 566, 859], "linking": []}, {"id": 35, "text": "TO SHARE YOUR EXPERIENCE.", "label": "others", "box": [187, 907, 527, 884], "linking": []}, {"id": 36, "text": " STOREID:", "label": "others", "box": [240, 931, 358, 908], "linking": []}, {"id": 37, "text": " TO HEAR YOUR FEEDBACK", "label": "others", "box": [266, 836, 555, 810], "linking": []}, {"id": 38, "text": " CLTGAB01", "label": "others", "box": [362, 931, 472, 908], "linking": []}, {"id": 39, "text": " ASK ABOUT OUR", "label": "others", "box": [145, 1007, 328, 982], "linking": []}, {"id": 40, "text": " 10% OFF COUPON AT", "label": "others", "box": [336, 1005, 568, 979], "linking": []}, {"id": 41, "text": "PINO GELATO LOCATIONS ON", "label": "others", "box": [198, 1031, 528, 1003], "linking": []}, {"id": 42, "text": " CONCOURSE", "label": "others", "box": [283, 1054, 409, 1031], "linking": []}, {"id": 43, "text": " B", "label": "others", "box": [416, 1054, 430, 1031], "linking": []}]