[{"id": 0, "text": "merchant name", "label": "others", "box": [210, 101, 402, 56], "linking": []}, {"id": 1, "text": " EXPECT MORE. PAY LESS:", "label": "others", "box": [218, 121, 396, 100], "linking": []}, {"id": 2, "text": "merchant address", "label": "others", "box": [56, 171, 326, 143], "linking": []}, {"id": 3, "text": "merchant address", "label": "others", "box": [170, 214, 377, 188], "linking": []}, {"id": 4, "text": " -", "label": "others", "box": [328, 171, 347, 149], "linking": []}, {"id": 5, "text": "merchant phone", "label": "others", "box": [350, 174, 492, 150], "linking": []}, {"id": 6, "text": "merchant address", "label": "others", "box": [195, 191, 343, 168], "linking": []}, {"id": 7, "text": " 11/03/2019 01:24 PM EXPIRES 02/01/20", "label": "others", "box": [67, 238, 490, 198], "linking": []}, {"id": 8, "text": "GROCERY", "label": "others", "box": [15, 312, 101, 292], "linking": []}, {"id": 9, "text": "055010047", "label": "others", "box": [15, 334, 123, 313], "linking": []}, {"id": 10, "text": "055020758", "label": "others", "box": [14, 357, 123, 335], "linking": []}, {"id": 11, "text": "MENTOS", "label": "0 description beginning", "box": [203, 338, 279, 317], "linking": []}, {"id": 12, "text": "REESE'S", "label": "0 description beginning", "box": [202, 360, 289, 339], "linking": []}, {"id": 13, "text": "Saved $2.00 off $6.99", "label": "1 description inside", "box": [192, 386, 441, 360], "linking": []}, {"id": 14, "text": "FN", "label": "others", "box": [369, 406, 398, 386], "linking": []}, {"id": 15, "text": "FN", "label": "others", "box": [369, 427, 397, 407], "linking": []}, {"id": 16, "text": "FN", "label": "others", "box": [363, 448, 396, 427], "linking": []}, {"id": 17, "text": "FT", "label": "others", "box": [366, 344, 392, 324], "linking": []}, {"id": 18, "text": "FT", "label": "others", "box": [367, 362, 392, 343], "linking": []}, {"id": 19, "text": "$3.99", "label": "5 total price per item", "box": [435, 348, 496, 327], "linking": []}, {"id": 20, "text": "$4.99", "label": "5 total price per item", "box": [437, 369, 501, 347], "linking": []}, {"id": 21, "text": "211080030", "label": "others", "box": [13, 400, 123, 378], "linking": []}, {"id": 22, "text": "211110059", "label": "others", "box": [14, 422, 123, 400], "linking": []}, {"id": 23, "text": "231000572", "label": "others", "box": [13, 444, 124, 423], "linking": []}, {"id": 24, "text": "NAKED", "label": "0 description beginning", "box": [201, 402, 267, 381], "linking": []}, {"id": 25, "text": "JBSS", "label": "0 description beginning", "box": [206, 423, 255, 403], "linking": []}, {"id": 26, "text": "CN TST CRNCH", "label": "0 description beginning", "box": [202, 448, 354, 424], "linking": []}, {"id": 27, "text": "$3.29", "label": "5 total price per item", "box": [439, 409, 500, 387], "linking": []}, {"id": 28, "text": "$5.99", "label": "5 total price per item", "box": [439, 429, 502, 408], "linking": []}, {"id": 29, "text": "$3.99", "label": "5 total price per item", "box": [439, 452, 503, 429], "linking": []}, {"id": 30, "text": "SUBTOTAL", "label": "others", "box": [300, 493, 394, 470], "linking": []}, {"id": 31, "text": "$8.98", "label": "others", "box": [332, 514, 397, 494], "linking": []}, {"id": 32, "text": "$22.25", "label": "sub total", "box": [429, 494, 505, 472], "linking": []}, {"id": 33, "text": "$0.80", "label": "2 tax total", "box": [442, 516, 504, 494], "linking": []}, {"id": 34, "text": " T", "label": "others", "box": [38, 510, 57, 488], "linking": []}, {"id": 35, "text": " = NY TAX", "label": "others", "box": [60, 512, 164, 488], "linking": []}, {"id": 36, "text": " 8.8750% on", "label": "others", "box": [179, 515, 303, 489], "linking": []}, {"id": 37, "text": "TOTAL", "label": "others", "box": [336, 559, 398, 537], "linking": []}, {"id": 38, "text": "*5002 AMEX CHARGE", "label": "others", "box": [192, 580, 398, 557], "linking": []}, {"id": 39, "text": " AID:", "label": "others", "box": [266, 601, 308, 580], "linking": []}, {"id": 40, "text": "AMERICAN EXPRESS", "label": "others", "box": [265, 624, 460, 601], "linking": []}, {"id": 41, "text": "INDICATES SAVINGS", "label": "others", "box": [175, 664, 388, 636], "linking": []}, {"id": 42, "text": "$23.05", "label": "total amount", "box": [432, 559, 508, 537], "linking": []}, {"id": 43, "text": "$23.05", "label": "others", "box": [428, 582, 508, 560], "linking": []}, {"id": 44, "text": " A000000025010801", "label": "others", "box": [311, 605, 506, 580], "linking": []}, {"id": 45, "text": "TOTAL SAVINGS THIS TRIP", "label": "others", "box": [146, 762, 411, 732], "linking": []}, {"id": 46, "text": "$2.00", "label": "others", "box": [260, 778, 319, 756], "linking": []}, {"id": 47, "text": "----------", "label": "others", "box": [106, 814, 217, 803], "linking": []}, {"id": 48, "text": " ----", "label": "others", "box": [222, 814, 257, 807], "linking": []}, {"id": 49, "text": " --", "label": "others", "box": [262, 815, 278, 808], "linking": []}, {"id": 50, "text": "---", "label": "others", "box": [452, 817, 479, 808], "linking": []}, {"id": 51, "text": "REC#2-9307-3277-0073-8181-8 VCD#751-257-348", "label": "others", "box": [43, 894, 544, 859], "linking": []}, {"id": 52, "text": " Restroom Code:", "label": "others", "box": [169, 957, 337, 926], "linking": []}, {"id": 53, "text": " 6682", "label": "others", "box": [340, 960, 392, 935], "linking": []}]