[{"id": 0, "text": "Thank You For Visiting the", "label": "others", "box": [101, 152, 285, 123], "linking": []}, {"id": 1, "text": "Matthew Fraysier", "label": "others", "box": [136, 190, 254, 167], "linking": []}, {"id": 2, "text": "merchant phone", "label": "others", "box": [151, 228, 242, 206], "linking": []}, {"id": 3, "text": "Text @LTF11479 to 73940", "label": "others", "box": [117, 267, 276, 240], "linking": []}, {"id": 4, "text": "merchant name", "label": "others", "box": [104, 172, 281, 146], "linking": []}, {"id": 5, "text": "General Manager", "label": "others", "box": [141, 210, 247, 187], "linking": []}, {"id": 6, "text": "We Love Your Feedback!", "label": "others", "box": [118, 248, 270, 223], "linking": []}, {"id": 7, "text": " 12oz", "label": "0 description beginning", "box": [60, 306, 89, 287], "linking": []}, {"id": 8, "text": " 0.68", "label": "1 description inside", "box": [57, 324, 92, 304], "linking": []}, {"id": 9, "text": "Small Clamshell", "label": "0 description beginning", "box": [58, 349, 167, 322], "linking": []}, {"id": 10, "text": " Citrux Rem", "label": "0 description beginning", "box": [127, 370, 201, 348], "linking": []}, {"id": 11, "text": "Snickers Bar", "label": "0 description beginning", "box": [61, 402, 146, 379], "linking": []}, {"id": 12, "text": " Banana Berry", "label": "0 description beginning", "box": [92, 314, 179, 290], "linking": []}, {"id": 13, "text": " 7.68/1b", "label": "1 description inside", "box": [142, 333, 196, 312], "linking": []}, {"id": 14, "text": " lb", "label": "1 description inside", "box": [94, 326, 113, 308], "linking": []}, {"id": 15, "text": " x", "label": "1 description inside", "box": [114.46, 327, 126.46, 309], "linking": []}, {"id": 16, "text": " $", "label": "1 description inside", "box": [127, 328, 141, 311], "linking": []}, {"id": 17, "text": "4.20", "label": "5 total price per item", "box": [310, 319, 337, 302], "linking": []}, {"id": 18, "text": " Orbit Gum", "label": "0 description beginning", "box": [59, 364, 125, 343], "linking": []}, {"id": 19, "text": "5.22", "label": "5 total price per item", "box": [308, 357, 339, 339], "linking": []}, {"id": 20, "text": "1.90", "label": "5 total price per item", "box": [312, 373, 338, 358], "linking": []}, {"id": 21, "text": "1.55", "label": "5 total price per item", "box": [311, 390, 338, 374], "linking": []}, {"id": 22, "text": "1.55", "label": "5 total price per item", "box": [311, 408, 339, 391], "linking": []}, {"id": 23, "text": "1.89", "label": "5 total price per item", "box": [312, 425, 340, 410], "linking": []}, {"id": 24, "text": "Candy M&M Plain 1.69", "label": "0 description beginning", "box": [59, 388, 201, 361], "linking": []}, {"id": 25, "text": "Breakfast Pastry", "label": "0 description beginning", "box": [60, 423, 175, 398], "linking": []}, {"id": 26, "text": "Sub Total", "label": "others", "box": [219, 458, 280, 442], "linking": []}, {"id": 27, "text": "Tax Amount", "label": "others", "box": [221, 475, 287, 460], "linking": []}, {"id": 28, "text": "16.31", "label": "sub total", "box": [306, 459, 339, 443], "linking": []}, {"id": 29, "text": "1.45", "label": "2 tax total", "box": [312, 474, 340, 460], "linking": []}, {"id": 30, "text": "Total USD", "label": "others", "box": [56, 537, 183, 504], "linking": []}, {"id": 31, "text": "17.76", "label": "total amount", "box": [275, 537, 340, 511], "linking": []}, {"id": 32, "text": "5009 AMERICAN EXPRESS", "label": "others", "box": [59, 604, 205, 583], "linking": []}, {"id": 33, "text": "17.76", "label": "others", "box": [308, 603, 342, 588], "linking": []}, {"id": 34, "text": "Tax", "label": "others", "box": [64, 649, 86, 636], "linking": []}, {"id": 35, "text": "() 8.875", "label": "others", "box": [64, 667, 120, 650], "linking": []}, {"id": 36, "text": " Taxable Amount", "label": "others", "box": [170, 655, 271, 638], "linking": []}, {"id": 37, "text": "16.31", "label": "others", "box": [231, 670, 262, 655], "linking": []}, {"id": 38, "text": " Tax Amount", "label": "others", "box": [275, 654, 342, 638], "linking": []}, {"id": 39, "text": "1.45", "label": "others", "box": [317, 669, 343, 654], "linking": []}, {"id": 40, "text": " 11/08/2019 08:40 AM #:48727 Op:4023", "label": "others", "box": [65, 721, 304, 701], "linking": []}, {"id": 41, "text": " 105 S:", "label": "others", "box": [64, 735, 102, 719], "linking": []}, {"id": 42, "text": " Served you", "label": "others", "box": [63, 753, 135, 737], "linking": []}, {"id": 43, "text": " :11", "label": "others", "box": [314, 720, 342, 703], "linking": []}, {"id": 44, "text": " 1111", "label": "others", "box": [105, 736, 134, 720], "linking": []}, {"id": 45, "text": " : Lucrecia Findley", "label": "others", "box": [138, 755, 261, 737], "linking": []}, {"id": 46, "text": " *** Customer", "label": "others", "box": [126, 821, 209, 805], "linking": []}, {"id": 47, "text": " copy", "label": "others", "box": [211, 821, 242, 805], "linking": []}, {"id": 48, "text": " ***", "label": "others", "box": [245, 821, 268, 805], "linking": []}, {"id": 49, "text": "AMEX NY937 (5)", "label": "others", "box": [150, 853, 247, 838], "linking": []}, {"id": 50, "text": " above total amount", "label": "others", "box": [197, 870, 320, 853], "linking": []}, {"id": 51, "text": "according to card issuer", "label": "others", "box": [118, 888, 280, 871], "linking": []}, {"id": 52, "text": " if", "label": "others", "box": [267, 903, 282, 887], "linking": []}, {"id": 53, "text": "Voucher )Retain this copy for your", "label": "others", "box": [85, 921, 306, 905], "linking": []}, {"id": 54, "text": "records.", "label": "others", "box": [174, 937, 229, 923], "linking": []}, {"id": 55, "text": " I", "label": "others", "box": [72, 872, 80, 855], "linking": []}, {"id": 56, "text": " agree to pay the", "label": "others", "box": [82, 872, 195, 855], "linking": []}, {"id": 57, "text": " agreement.", "label": "others", "box": [64, 906, 131, 890], "linking": []}, {"id": 58, "text": " (Merchant agreement", "label": "others", "box": [133, 905, 264, 888], "linking": []}, {"id": 59, "text": " Credit", "label": "others", "box": [284, 903, 327, 887], "linking": []}, {"id": 60, "text": " PURCHASE", "label": "others", "box": [63, 974, 124, 958], "linking": []}, {"id": 61, "text": "AMERICAN EXPRESS", "label": "others", "box": [66, 991, 176, 973], "linking": []}, {"id": 62, "text": "*********** 5002", "label": "others", "box": [67, 1007, 171, 991], "linking": []}, {"id": 63, "text": " /", "label": "others", "box": [135, 1024, 143, 1008], "linking": []}, {"id": 64, "text": " /", "label": "others", "box": [126, 973, 137, 957], "linking": []}, {"id": 65, "text": " APPROVED", "label": "others", "box": [140, 972, 198, 956], "linking": []}, {"id": 66, "text": " CHIP READ", "label": "others", "box": [67, 1024, 132, 1009], "linking": []}, {"id": 67, "text": " 2019/11/08 08:40:54", "label": "others", "box": [64, 1054, 198, 1038], "linking": []}, {"id": 68, "text": "TID", "label": "others", "box": [62, 1068, 86, 1055], "linking": []}, {"id": 69, "text": "MID", "label": "others", "box": [59, 1085, 84, 1070], "linking": []}, {"id": 70, "text": "REFERENCE", "label": "others", "box": [59, 1104, 126, 1087], "linking": []}, {"id": 71, "text": "AUTH CODE", "label": "others", "box": [59, 1121, 126, 1105], "linking": []}, {"id": 72, "text": " ****", "label": "others", "box": [284, 1066, 306, 1054], "linking": []}, {"id": 73, "text": "6634459", "label": "others", "box": [290, 1083, 338, 1068], "linking": []}, {"id": 74, "text": "S11111111105#487278930168", "label": "others", "box": [166, 1102, 339, 1085], "linking": []}, {"id": 75, "text": "886599", "label": "others", "box": [298, 1119, 338, 1103], "linking": []}, {"id": 76, "text": " 6039", "label": "others", "box": [308, 1066, 338, 1054], "linking": []}, {"id": 77, "text": "TOTAL", "label": "others", "box": [59, 1157, 95, 1141], "linking": []}, {"id": 78, "text": "USD17.76", "label": "others", "box": [281, 1152, 338, 1136], "linking": []}, {"id": 79, "text": " ARC:", "label": "others", "box": [56, 1190, 91, 1174], "linking": []}, {"id": 80, "text": " TSI:", "label": "others", "box": [58, 1205, 91, 1190], "linking": []}, {"id": 81, "text": " TV8:", "label": "others", "box": [61, 1224, 92, 1212], "linking": []}, {"id": 82, "text": " 00", "label": "others", "box": [93, 1189, 112, 1174], "linking": []}, {"id": 83, "text": " F800", "label": "others", "box": [93, 1204, 124, 1189], "linking": []}, {"id": 84, "text": " 0000005990", "label": "others", "box": [94, 1223, 166, 1212], "linking": []}]