[{"id": 0, "text": "merchant name", "label": "others", "box": [46, 64, 180, 38], "linking": []}, {"id": 1, "text": " Final Total:", "label": "others", "box": [265, 51, 325, 38], "linking": []}, {"id": 2, "text": "Mon, Nov 25, 2019", "label": "others", "box": [261, 68, 369, 55], "linking": []}, {"id": 3, "text": " $43.85", "label": "others", "box": [328, 51, 370, 38], "linking": []}, {"id": 4, "text": "Thanks for tipping,", "label": "others", "box": [47, 151, 354, 116], "linking": []}, {"id": 5, "text": "Here's your updated receipt for", "label": "others", "box": [45, 229, 339, 205], "linking": []}, {"id": 6, "text": "Chennai Chettinaad Palace.", "label": "others", "box": [47, 253, 307, 232], "linking": []}, {"id": 7, "text": "Final Total", "label": "others", "box": [49, 523, 175, 498], "linking": []}, {"id": 8, "text": "$43.85", "label": "total amount", "box": [284, 523, 369, 497], "linking": []}, {"id": 9, "text": "1", "label": "e quantity", "box": [59, 606, 67, 594], "linking": []}, {"id": 10, "text": "Chicken Tikka Masala", "label": "0 description beginning", "box": [85, 609, 251, 592], "linking": []}, {"id": 11, "text": "1", "label": "e quantity", "box": [59, 645, 66, 632], "linking": []}, {"id": 12, "text": "Egg Fried Rice", "label": "0 description beginning", "box": [85, 650, 195, 631], "linking": []}, {"id": 13, "text": "Final Subtotal + Tax @", "label": "others", "box": [48, 742, 224, 725], "linking": []}, {"id": 14, "text": "$27.13", "label": "sub total", "box": [316, 741, 370, 726], "linking": []}, {"id": 15, "text": "Service fee", "label": "others", "box": [48, 780, 138, 766], "linking": []}, {"id": 16, "text": "$3.75", "label": "others", "box": [326, 781, 369, 765], "linking": []}, {"id": 17, "text": "Delivery fee", "label": "others", "box": [48, 821, 137, 804], "linking": []}, {"id": 18, "text": "$8.99", "label": "others", "box": [325, 820, 368, 804], "linking": []}, {"id": 19, "text": "Tip", "label": "others", "box": [47, 861, 74, 843], "linking": []}, {"id": 20, "text": "$3.98", "label": "3 tip", "box": [325, 859, 369, 843], "linking": []}, {"id": 21, "text": "Amount Charged", "label": "others", "box": [48, 955, 181, 937], "linking": []}, {"id": 22, "text": "AM", "label": "others", "box": [62, 988, 83, 974], "linking": []}, {"id": 23, "text": ".... 1006 Switch", "label": "others", "box": [92, 995, 218, 978], "linking": []}, {"id": 24, "text": "$43.85", "label": "others", "box": [316, 998, 369, 982], "linking": []}]