[{"id": 0, "text": "Thank You For visiting the", "label": "others", "box": [96, 83, 281, 55], "linking": []}, {"id": 1, "text": "Matthew Fraisier", "label": "others", "box": [129, 120, 245, 95], "linking": []}, {"id": 2, "text": "merchant phone", "label": "others", "box": [142, 155, 237, 132], "linking": []}, {"id": 3, "text": "Text @L11 11479 to 73940", "label": "others", "box": [106, 191, 270, 166], "linking": []}, {"id": 4, "text": "merchant name", "label": "others", "box": [98, 101, 234, 72], "linking": []}, {"id": 5, "text": "General Mereget", "label": "others", "box": [133, 138, 244, 114], "linking": []}, {"id": 6, "text": "We Love Your Feedback!", "label": "others", "box": [108, 173, 267, 148], "linking": []}, {"id": 7, "text": " - WFC", "label": "others", "box": [237, 100, 280, 74], "linking": []}, {"id": 8, "text": "USE", "label": "others", "box": [310, 216, 333, 197], "linking": []}, {"id": 9, "text": "2.85", "label": "5 total price per item", "box": [303, 237, 336, 215], "linking": []}, {"id": 10, "text": " Soup", "label": "0 description beginning", "box": [41, 236, 75, 216], "linking": []}, {"id": 11, "text": "Nigiri Combo 12pcs", "label": "0 description beginning", "box": [40, 265, 176, 234], "linking": []}, {"id": 12, "text": " -", "label": "0 description beginning", "box": [77, 237, 91, 219], "linking": []}, {"id": 13, "text": " 12oz", "label": "0 description beginning", "box": [93, 240, 125, 220], "linking": []}, {"id": 14, "text": "10.50", "label": "5 total price per item", "box": [300, 256, 338, 234], "linking": []}, {"id": 15, "text": "13.35", "label": "sub total", "box": [299, 295, 336, 272], "linking": []}, {"id": 16, "text": "Sub Total", "label": "others", "box": [206, 300, 276, 279], "linking": []}, {"id": 17, "text": "Tax Amount", "label": "others", "box": [207, 319, 282, 298], "linking": []}, {"id": 18, "text": "1.18", "label": "2 tax total", "box": [304, 312, 337, 292], "linking": []}, {"id": 19, "text": "Total USD", "label": "others", "box": [32, 385, 167, 348], "linking": []}, {"id": 20, "text": "14.53", "label": "total amount", "box": [264, 385, 337, 349], "linking": []}, {"id": 21, "text": "5009 AMERICAN EXPRESS", "label": "others", "box": [30, 460, 187, 434], "linking": []}, {"id": 22, "text": "14.53", "label": "others", "box": [299, 457, 336, 437], "linking": []}, {"id": 23, "text": "Tax", "label": "others", "box": [33, 510, 58, 492], "linking": []}, {"id": 24, "text": "() 8.875", "label": "others", "box": [31, 531, 94, 510], "linking": []}, {"id": 25, "text": " Taxable Amount", "label": "others", "box": [147, 516, 257, 498], "linking": []}, {"id": 26, "text": "13.35", "label": "sub total", "box": [213, 534, 249, 516], "linking": []}, {"id": 27, "text": " Tax Amount", "label": "others", "box": [261, 516, 337, 496], "linking": []}, {"id": 28, "text": "1.18", "label": "2 tax total", "box": [305, 532, 335, 514], "linking": []}, {"id": 29, "text": " 11/18/2019 01:00 PM #:25151 Op:118 C:1111", "label": "others", "box": [32, 591, 335, 568], "linking": []}, {"id": 30, "text": " 12 S:1111", "label": "others", "box": [31, 609, 99, 588], "linking": []}, {"id": 31, "text": " Served you", "label": "others", "box": [30, 628, 106, 609], "linking": []}, {"id": 32, "text": " : AENY Self Checkout - 2", "label": "others", "box": [109, 629, 287, 609], "linking": []}, {"id": 33, "text": "*** Customer copy ***", "label": "others", "box": [93, 705, 249, 686], "linking": []}, {"id": 34, "text": "AMEX NY937 (10)", "label": "others", "box": [116, 742, 226, 724], "linking": []}, {"id": 35, "text": "I agree to pay the above total amount", "label": "others", "box": [33, 763, 305, 741], "linking": []}, {"id": 36, "text": "according to card issuer", "label": "others", "box": [86, 782, 264, 764], "linking": []}, {"id": 37, "text": "agreement. (Merchant agreement if Credit", "label": "others", "box": [26, 801, 313, 782], "linking": []}, {"id": 38, "text": "Voucher)Retain this copy for your", "label": "others", "box": [49, 821, 290, 801], "linking": []}, {"id": 39, "text": "records.", "label": "others", "box": [145, 840, 202, 822], "linking": []}, {"id": 40, "text": "PURCHASE / APPROVED", "label": "others", "box": [23, 879, 166, 859], "linking": []}, {"id": 41, "text": "AMERICAN EXPRESS", "label": "others", "box": [23, 898, 146, 879], "linking": []}, {"id": 42, "text": "*********** 1006", "label": "others", "box": [24, 917, 137, 900], "linking": []}, {"id": 43, "text": "CHIP READ /", "label": "others", "box": [22, 939, 107, 918], "linking": []}, {"id": 44, "text": " 2019/11/18 13:00:45", "label": "others", "box": [21, 980, 166, 959], "linking": []}, {"id": 45, "text": "TID", "label": "others", "box": [21, 997, 47, 980], "linking": []}, {"id": 46, "text": "MID", "label": "others", "box": [19, 1017, 45, 1000], "linking": []}, {"id": 47, "text": "REFERENCE", "label": "others", "box": [19, 1038, 89, 1020], "linking": []}, {"id": 48, "text": "AUTH CODE", "label": "others", "box": [18, 1058, 88, 1041], "linking": []}, {"id": 49, "text": "**** 6050", "label": "others", "box": [257, 999, 320, 982], "linking": []}, {"id": 50, "text": "6634459", "label": "others", "box": [266, 1020, 320, 1002], "linking": []}, {"id": 51, "text": "S11111111112#251510018647", "label": "others", "box": [131, 1040, 319, 1022], "linking": []}, {"id": 52, "text": "884107", "label": "others", "box": [274, 1061, 319, 1043], "linking": []}, {"id": 53, "text": "TOTAL", "label": "others", "box": [18, 1099, 58, 1080], "linking": []}, {"id": 54, "text": "USD14.53", "label": "others", "box": [256, 1101, 320, 1084], "linking": []}, {"id": 55, "text": " ARC:", "label": "others", "box": [15, 1140, 51, 1122], "linking": []}, {"id": 56, "text": " TSI:", "label": "others", "box": [17, 1161, 50, 1143], "linking": []}, {"id": 57, "text": " IAD:", "label": "others", "box": [16, 1181, 50, 1163], "linking": []}, {"id": 58, "text": " TVR:", "label": "others", "box": [17, 1202, 49, 1184], "linking": []}, {"id": 59, "text": " AID:", "label": "others", "box": [16, 1222, 49, 1204], "linking": []}, {"id": 60, "text": " PAN Seq No:", "label": "others", "box": [16, 1243, 102, 1224], "linking": []}, {"id": 61, "text": " 00", "label": "others", "box": [54, 1140, 73, 1122], "linking": []}, {"id": 62, "text": " F800", "label": "others", "box": [52, 1161, 87, 1143], "linking": []}, {"id": 63, "text": " 06710103602002", "label": "others", "box": [53, 1183, 163, 1163], "linking": []}, {"id": 64, "text": " 0020008000", "label": "others", "box": [52, 1202, 132, 1184], "linking": []}, {"id": 65, "text": " A000000025010801", "label": "others", "box": [52, 1224, 175, 1204], "linking": []}, {"id": 66, "text": " 00", "label": "others", "box": [105, 1243, 124, 1225], "linking": []}]