[{"id": 0, "text": " Thank", "label": "others", "box": [62, 34, 84, 24], "linking": []}, {"id": 1, "text": "merchant name", "label": "others", "box": [63, 44, 92, 34], "linking": []}, {"id": 2, "text": " Matthew", "label": "others", "box": [81, 53, 110, 44], "linking": []}, {"id": 3, "text": " General", "label": "others", "box": [83, 63, 112, 53], "linking": []}, {"id": 4, "text": "merchant phone", "label": "others", "box": [86, 72, 141, 61], "linking": []}, {"id": 5, "text": " Love Your", "label": "others", "box": [80, 83, 117, 72], "linking": []}, {"id": 6, "text": " OLIF", "label": "others", "box": [85, 92, 100, 81], "linking": []}, {"id": 7, "text": " You For Visiting the", "label": "others", "box": [85, 34, 168, 23], "linking": []}, {"id": 8, "text": " - WFC", "label": "others", "box": [142, 42, 166, 32], "linking": []}, {"id": 9, "text": " Fraysier", "label": "others", "box": [112, 53, 147, 42], "linking": []}, {"id": 10, "text": " Manager", "label": "others", "box": [113, 62, 143, 52], "linking": []}, {"id": 11, "text": "merchant name", "label": "others", "box": [94, 44, 120, 33], "linking": []}, {"id": 12, "text": "merchant name", "label": "others", "box": [122, 43, 140, 33], "linking": []}, {"id": 13, "text": " Me", "label": "others", "box": [68, 83, 78, 73], "linking": []}, {"id": 14, "text": " Text", "label": "others", "box": [67, 92, 83, 82], "linking": []}, {"id": 15, "text": " Feedback!", "label": "others", "box": [118, 81, 157, 69], "linking": []}, {"id": 16, "text": " 11479 to 73940", "label": "others", "box": [102, 92, 160, 79], "linking": []}, {"id": 17, "text": "Cappuccino 12oz", "label": "0 description beginning", "box": [32, 121, 93, 111], "linking": []}, {"id": 18, "text": "3.40", "label": "5 total price per item", "box": [181, 118, 200, 106], "linking": []}, {"id": 19, "text": "Sub Total", "label": "others", "box": [123, 139, 162, 129], "linking": []}, {"id": 20, "text": "Tax Amount", "label": "others", "box": [124, 149, 167, 139], "linking": []}, {"id": 21, "text": "3.40", "label": "sub total", "box": [180, 138, 201, 129], "linking": []}, {"id": 22, "text": "0.30", "label": "2 tax total", "box": [179, 148, 200, 138], "linking": []}, {"id": 23, "text": " Total", "label": "others", "box": [28, 187, 71, 170], "linking": []}, {"id": 24, "text": " USD", "label": "others", "box": [74, 187, 102, 169], "linking": []}, {"id": 25, "text": "3.70", "label": "total amount", "box": [162, 186, 199, 169], "linking": []}, {"id": 26, "text": "5009 AMERICAN EXPRESS", "label": "others", "box": [25, 225, 114, 215], "linking": []}, {"id": 27, "text": "3.70", "label": "others", "box": [181, 225, 200, 215], "linking": []}, {"id": 28, "text": "Tax", "label": "others", "box": [29, 254, 43, 245], "linking": []}, {"id": 29, "text": "() 8.875", "label": "others", "box": [28, 264, 62, 254], "linking": []}, {"id": 30, "text": "Taxable Amount Tax Amount", "label": "others", "box": [91, 256, 199, 245], "linking": []}, {"id": 31, "text": "3.40", "label": "sub total", "box": [131, 265, 151, 256], "linking": []}, {"id": 32, "text": "0.30", "label": "2 tax total", "box": [179, 266, 201, 256], "linking": []}, {"id": 33, "text": " 12/11/2019 08:45 AM #:19028 Op:", "label": "others", "box": [28, 296, 150, 281], "linking": []}, {"id": 34, "text": " Served you", "label": "others", "box": [22, 316, 66, 303], "linking": []}, {"id": 35, "text": " 4032 C:111", "label": "others", "box": [152, 298, 202, 286], "linking": []}, {"id": 36, "text": " 108 5:1111", "label": "others", "box": [25, 304, 67, 291], "linking": []}, {"id": 37, "text": " : Fnu Yangdon", "label": "others", "box": [68, 318, 126, 305], "linking": []}]