[{"id": 0, "text": "** PURCHASE **", "label": "others", "box": [82, 67, 153, 50], "linking": []}, {"id": 1, "text": "merchant name", "label": "others", "box": [68, 97, 166, 78], "linking": []}, {"id": 2, "text": "merchant address", "label": "others", "box": [81, 107, 157, 95], "linking": []}, {"id": 3, "text": "merchant phone", "label": "others", "box": [86, 119, 153, 106], "linking": []}, {"id": 4, "text": " 12/15/2019 2:35:18 PM", "label": "others", "box": [8, 142, 114, 130], "linking": []}, {"id": 5, "text": " Order:", "label": "others", "box": [7, 153, 40, 142], "linking": []}, {"id": 6, "text": " 240003", "label": "others", "box": [42, 154, 75, 143], "linking": []}, {"id": 7, "text": "-HERE", "label": "others", "box": [176, 145, 205, 134], "linking": []}, {"id": 8, "text": " Kamara D", "label": "others", "box": [165, 159, 208, 147], "linking": []}, {"id": 9, "text": " Server:", "label": "others", "box": [127, 157, 163, 145], "linking": []}, {"id": 10, "text": "1 Bigger Plate", "label": "0 description beginning", "box": [24, 181, 95, 168], "linking": []}, {"id": 11, "text": "CHOW MEIN-1/2", "label": "1 description inside", "box": [47, 194, 113, 181], "linking": []}, {"id": 12, "text": "CHOW MEIN-1/2", "label": "1 description inside", "box": [48, 207, 114, 194], "linking": []}, {"id": 13, "text": "BLK PPR CKN", "label": "1 description inside", "box": [49, 219, 107, 207], "linking": []}, {"id": 14, "text": "SUPER GREENS", "label": "1 description inside", "box": [49, 232, 109, 220], "linking": []}, {"id": 15, "text": "MUSHROOM CKN", "label": "1 description inside", "box": [49, 245, 110, 233], "linking": []}, {"id": 16, "text": "1 SMALL DRINK", "label": "0 description beginning", "box": [25, 258, 89, 245], "linking": []}, {"id": 17, "text": "9.70", "label": "5 total price per item", "box": [184, 184, 206, 173], "linking": []}, {"id": 18, "text": "1.90", "label": "5 total price per item", "box": [184, 261, 205, 249], "linking": []}, {"id": 19, "text": "SubTotal", "label": "others", "box": [88, 283, 127, 272], "linking": []}, {"id": 20, "text": "TAX", "label": "others", "box": [89, 294, 103, 285], "linking": []}, {"id": 21, "text": "Total", "label": "others", "box": [88, 315, 112, 299], "linking": []}, {"id": 22, "text": "11.60", "label": "sub total", "box": [179, 285, 205, 274], "linking": []}, {"id": 23, "text": "0.77", "label": "2 tax total", "box": [183, 297, 205, 287], "linking": []}, {"id": 24, "text": "12.37", "label": "total amount", "box": [179, 317, 204, 300], "linking": []}, {"id": 25, "text": "American Express 12.37", "label": "others", "box": [88, 348, 205, 329], "linking": []}, {"id": 26, "text": " Acct:", "label": "others", "box": [88, 356, 110, 346], "linking": []}, {"id": 27, "text": " AuthCode:", "label": "others", "box": [88, 369, 129, 358], "linking": []}, {"id": 28, "text": "*Card details below", "label": "others", "box": [88, 383, 182, 370], "linking": []}, {"id": 29, "text": " XXXXXXXX1001", "label": "others", "box": [111, 357, 171, 346], "linking": []}, {"id": 30, "text": " 848481", "label": "others", "box": [131, 370, 161, 359], "linking": []}, {"id": 31, "text": " EMV:", "label": "others", "box": [10, 405, 32, 395], "linking": []}, {"id": 32, "text": " APL:", "label": "others", "box": [11, 418, 32, 407], "linking": []}, {"id": 33, "text": " AID:", "label": "others", "box": [10, 431, 33, 420], "linking": []}, {"id": 34, "text": " Chip Read", "label": "others", "box": [34, 406, 81, 395], "linking": []}, {"id": 35, "text": " AMERICAN EXPRESS", "label": "others", "box": [34, 419, 114, 407], "linking": []}, {"id": 36, "text": " A000000025010801", "label": "others", "box": [34, 432, 114, 420], "linking": []}, {"id": 37, "text": "FREE ENTREE ITEM!", "label": "others", "box": [75, 490, 159, 472], "linking": []}, {"id": 38, "text": "Tell us about your visit and", "label": "others", "box": [52, 502, 192, 489], "linking": []}, {"id": 39, "text": "\u00b7 receive a free entree item on us.", "label": "others", "box": [28, 514, 196, 502], "linking": []}, {"id": 40, "text": "See back for details.", "label": "others", "box": [66, 526, 170, 515], "linking": []}, {"id": 41, "text": " Survey Code:", "label": "others", "box": [86, 551, 145, 540], "linking": []}, {"id": 42, "text": "1519-4000-2103-0012-1411-03", "label": "others", "box": [52, 564, 184, 552], "linking": []}, {"id": 43, "text": "Questions or Comments?", "label": "others", "box": [63, 601, 172, 589], "linking": []}, {"id": 44, "text": "pandaexpress.com/connect", "label": "others", "box": [58, 615, 176, 603], "linking": []}]