[{"id": 0, "text": "merchant name", "label": "others", "box": [145, 123, 249, 105], "linking": []}, {"id": 1, "text": "merchant address", "label": "others", "box": [145, 143, 247, 125], "linking": []}, {"id": 2, "text": "merchant address", "label": "others", "box": [130, 162, 266, 145], "linking": []}, {"id": 3, "text": " S0143 T02 E0030 020193 12/05/19 2:54pm", "label": "others", "box": [39, 202, 338, 184], "linking": []}, {"id": 4, "text": "MMS WH CH", "label": "0 description beginning", "box": [41, 239, 112, 222], "linking": []}, {"id": 5, "text": "VICKS VAPODR", "label": "0 description beginning", "box": [44, 257, 137, 241], "linking": []}, {"id": 6, "text": "COKE 85 OZ", "label": "0 description beginning", "box": [46, 275, 122, 259], "linking": []}, {"id": 7, "text": "040000527152", "label": "others", "box": [163, 240.04, 256, 223.04], "linking": []}, {"id": 8, "text": "323900010765", "label": "others", "box": [164, 257, 255, 241], "linking": []}, {"id": 9, "text": "049000049930", "label": "others", "box": [166, 274, 256, 259], "linking": []}, {"id": 10, "text": "1.39 T", "label": "5 total price per item", "box": [306, 239, 353, 222], "linking": []}, {"id": 11, "text": "1.99 N", "label": "5 total price per item", "box": [305, 257, 351, 241], "linking": []}, {"id": 12, "text": "1.79 T", "label": "5 total price per item", "box": [305, 273, 350, 259], "linking": []}, {"id": 13, "text": "Sub/Ttl", "label": "others", "box": [124, 307, 175, 292], "linking": []}, {"id": 14, "text": "Tax", "label": "others", "box": [125, 322, 148, 309], "linking": []}, {"id": 15, "text": "Total", "label": "others", "box": [125, 339, 161, 325], "linking": []}, {"id": 16, "text": "5.17", "label": "sub total", "box": [301, 305, 332, 291], "linking": []}, {"id": 17, "text": "0.28", "label": "2 tax total", "box": [300, 322, 330, 307], "linking": []}, {"id": 18, "text": "5.45", "label": "total amount", "box": [301, 337, 332, 323], "linking": []}, {"id": 19, "text": "AmEx", "label": "others", "box": [46, 376, 79, 361], "linking": []}, {"id": 20, "text": "5.45", "label": "others", "box": [304, 372, 336, 357], "linking": []}, {"id": 21, "text": " Acct:", "label": "others", "box": [84, 395, 125, 379], "linking": []}, {"id": 22, "text": " Auth:", "label": "others", "box": [83, 413, 125, 397], "linking": []}, {"id": 23, "text": " Trans ID:", "label": "others", "box": [83, 433, 155, 414], "linking": []}, {"id": 24, "text": " *********** 1001", "label": "others", "box": [128, 393, 242, 376], "linking": []}, {"id": 25, "text": " 826224", "label": "others", "box": [128, 412, 177, 395], "linking": []}, {"id": 26, "text": " 27646", "label": "others", "box": [158, 431, 198, 413], "linking": []}, {"id": 27, "text": "# Items 3", "label": "others", "box": [166, 468, 237, 451], "linking": []}, {"id": 28, "text": "Your cashier was Farida", "label": "others", "box": [43, 509, 222, 490], "linking": []}, {"id": 29, "text": "Thank you for shopping with us!", "label": "others", "box": [83, 528, 320, 507], "linking": []}]