[{"id": 0, "text": "merchant name", "label": "others", "box": [499, 515, 1004, 426], "linking": []}, {"id": 1, "text": "merchant address", "label": "others", "box": [497, 581, 1013, 504], "linking": []}, {"id": 2, "text": "merchant phone", "label": "others", "box": [646, 645, 908, 598], "linking": []}, {"id": 3, "text": "DATE", "label": "others", "box": [331, 849, 430, 801], "linking": []}, {"id": 4, "text": "11/22/2019", "label": "others", "box": [671, 855, 890, 806], "linking": []}, {"id": 5, "text": "LG COFFEE T1", "label": "0 description beginning", "box": [465, 925, 734, 875], "linking": []}, {"id": 6, "text": "SCOOP CHK SALAD T1", "label": "0 description beginning", "box": [466, 995, 867, 946], "linking": []}, {"id": 7, "text": "20oz AQUAFINA T1", "label": "0 description beginning", "box": [461, 1068, 820, 1018], "linking": []}, {"id": 8, "text": "TAX1 AMT", "label": "0 description beginning", "box": [462, 1141, 647, 1093], "linking": []}, {"id": 9, "text": "TOTAL", "label": "others", "box": [460, 1216, 576, 1168], "linking": []}, {"id": 10, "text": "CHARGE", "label": "others", "box": [459, 1294, 598, 1244], "linking": []}, {"id": 11, "text": "FRI", "label": "others", "box": [1136, 844, 1204, 791], "linking": []}, {"id": 12, "text": "$2.59", "label": "5 total price per item", "box": [1101, 922, 1209, 868], "linking": []}, {"id": 13, "text": "$7.99", "label": "5 total price per item", "box": [1106, 994, 1217, 943], "linking": []}, {"id": 14, "text": "$2.59", "label": "5 total price per item", "box": [1112, 1067, 1225, 1017], "linking": []}, {"id": 15, "text": "$1.09", "label": "5 total price per item", "box": [1112, 1142, 1233, 1094], "linking": []}, {"id": 16, "text": "$14.26", "label": "total amount", "box": [1095, 1216, 1237, 1166], "linking": []}, {"id": 17, "text": "$14.26", "label": "2 tax total", "box": [1095, 1290, 1237, 1241], "linking": []}, {"id": 18, "text": "$14.26", "label": "others", "box": [1101, 1368, 1240, 1316], "linking": []}, {"id": 19, "text": "SALE", "label": "others", "box": [310, 1373, 412, 1320], "linking": []}, {"id": 20, "text": "*********** 1006", "label": "others", "box": [308, 1448, 670, 1396], "linking": []}, {"id": 21, "text": " 581059", "label": "others", "box": [417, 1532, 575, 1478], "linking": []}, {"id": 22, "text": " 00000000", "label": "others", "box": [420, 1612, 618, 1558], "linking": []}, {"id": 23, "text": " 108", "label": "others", "box": [419, 1694, 498, 1640], "linking": []}, {"id": 24, "text": " APP:", "label": "others", "box": [303, 1532, 408, 1480], "linking": []}, {"id": 25, "text": " REF:", "label": "others", "box": [304, 1614, 410, 1561], "linking": []}, {"id": 26, "text": " REC:", "label": "others", "box": [296, 1698, 409, 1642], "linking": []}, {"id": 27, "text": "* ORDER# 0177 *", "label": "others", "box": [589, 1769, 954, 1716], "linking": []}, {"id": 28, "text": "NO. 431678 REG01 CASHIER 1", "label": "others", "box": [288, 1870, 899, 1788], "linking": []}, {"id": 29, "text": " TIME 11:34", "label": "others", "box": [1020, 1853, 1263, 1794], "linking": []}]