[{"id": 0, "text": "merchant name", "label": "others", "box": [100, 80, 398, 30], "linking": []}, {"id": 1, "text": "merchant name", "label": "others", "box": [137, 122, 363, 82], "linking": []}, {"id": 2, "text": "merchant address", "label": "others", "box": [143, 144, 365, 121], "linking": []}, {"id": 3, "text": "merchant address", "label": "others", "box": [142, 165, 369, 142], "linking": []}, {"id": 4, "text": "merchant phone", "label": "others", "box": [192, 185, 325, 163], "linking": []}, {"id": 5, "text": "669", "label": "others", "box": [37, 227, 70, 204], "linking": []}, {"id": 6, "text": " 8454 0003 11/30/2019 4:10 PM", "label": "others", "box": [142, 230, 477, 205], "linking": []}, {"id": 7, "text": "NICE! DISTILLED WATER 1GL", "label": "0 description beginning", "box": [38, 273, 306, 248], "linking": []}, {"id": 8, "text": "04902251745", "label": "others", "box": [77, 294, 201, 270], "linking": []}, {"id": 9, "text": "RETURN VALUE 1.29", "label": "1 description inside", "box": [79, 317, 264, 293], "linking": []}, {"id": 10, "text": "1.29", "label": "5 total price per item", "box": [381, 297, 425, 270], "linking": []}, {"id": 11, "text": "NICE! WHOLE MILK QT", "label": "0 description beginning", "box": [38, 338, 243, 314], "linking": []}, {"id": 12, "text": "04902271274", "label": "others", "box": [79, 360, 206, 336], "linking": []}, {"id": 13, "text": "RETURN VALUE 1.59", "label": "1 description inside", "box": [80, 384, 266, 358], "linking": []}, {"id": 14, "text": "TOTAL", "label": "others", "box": [82, 426, 135, 403], "linking": []}, {"id": 15, "text": "AMEX ACCT 1009", "label": "others", "box": [81, 450, 236, 425], "linking": []}, {"id": 16, "text": "1.59", "label": "5 total price per item", "box": [381, 364, 423, 340], "linking": []}, {"id": 17, "text": "2.88", "label": "total amount", "box": [378, 430, 425, 408], "linking": []}, {"id": 18, "text": "2.88", "label": "others", "box": [378, 452, 425, 431], "linking": []}, {"id": 19, "text": "CHANGE", "label": "others", "box": [81, 470, 149, 447], "linking": []}, {"id": 20, "text": "AID A000000025010801.", "label": "others", "box": [38, 516, 264, 490], "linking": []}, {"id": 21, "text": "AMERICAN EXPRESS", "label": "others", "box": [39, 537, 215, 512], "linking": []}, {"id": 22, "text": "Tapped", "label": "others", "box": [39, 559, 107, 537], "linking": []}, {"id": 23, "text": "THANK YOU FOR SHOPPING AT DUANE READE", "label": "others", "box": [39, 648, 439, 623], "linking": []}, {"id": 24, "text": "DID YOU KNOW THAT YOU CAN EARN POINTS", "label": "others", "box": [36, 692, 441, 667], "linking": []}, {"id": 25, "text": "ON THOUSANDS OF ITEMS IN-STORE AND", "label": "others", "box": [34, 714, 409, 689], "linking": []}, {"id": 26, "text": "ONLINE? SEE OUR WEEKLY AD FOR MORE", "label": "others", "box": [36, 736, 409, 712], "linking": []}, {"id": 27, "text": "INFORMATION. ITEMS CHANGE WEEKLY.", "label": "others", "box": [36, 760, 396, 735], "linking": []}, {"id": 28, "text": "RESTRICTIONS APPLY. FOR TERMS AND", "label": "others", "box": [34, 781, 398, 757], "linking": []}, {"id": 29, "text": "CONDITIONS, VISIT DUANEREADE.COM/BALANCE.", "label": "others", "box": [35, 806, 483, 779], "linking": []}, {"id": 30, "text": "RFN# 1440-2038-4545-1911-3003", "label": "others", "box": [109, 851, 433, 826], "linking": []}, {"id": 31, "text": "balance*", "label": "others", "box": [219, 984, 284, 966], "linking": []}, {"id": 32, "text": "rewards", "label": "others", "box": [192, 1015, 355, 977], "linking": []}, {"id": 33, "text": "GET SALE PRICES WHEN YOU USE YOUR BALANCE", "label": "others", "box": [37, 1064, 490, 1038], "linking": []}, {"id": 34, "text": "ITEMS EACH WEEK - JUST LOOK FOR THE BLUE", "label": "others", "box": [39, 1107, 478, 1082], "linking": []}, {"id": 35, "text": "TAGS! REDEEM FOR DOLLARS OFF FUTURE", "label": "others", "box": [39, 1129, 428, 1105], "linking": []}, {"id": 36, "text": "PURCHASES. FOR MORE INFORMATION", "label": "others", "box": [39, 1151, 385, 1127], "linking": []}, {"id": 37, "text": "PLEASE GO TO DUANEREADE.COM/BALANCE.", "label": "others", "box": [39, 1175, 433, 1149], "linking": []}, {"id": 38, "text": "REWARDS CARD AND EARN POINTS ON FEATURED", "label": "others", "box": [36, 1086, 478, 1060], "linking": []}]