[{"id": 0, "text": " Pret", "label": "others", "box": [58, 75, 161, 4], "linking": []}, {"id": 1, "text": " 1 Oct 19 19:04 PM", "label": "others", "box": [138, 120, 335, 91], "linking": []}, {"id": 2, "text": " Lare Working", "label": "others", "box": [173, 76, 420, 13], "linking": []}, {"id": 3, "text": " at", "label": "others", "box": [329, 112, 365, 73], "linking": []}, {"id": 4, "text": " Bigton", "label": "others", "box": [371, 119, 483, 73], "linking": []}, {"id": 5, "text": "TABLE#", "label": "others", "box": [15, 175, 86, 149], "linking": []}, {"id": 6, "text": "SERVER", "label": "others", "box": [16, 205, 87, 178], "linking": []}, {"id": 7, "text": "CHECK#", "label": "others", "box": [14, 232, 85, 208], "linking": []}, {"id": 8, "text": "0", "label": "others", "box": [146, 173, 163, 156], "linking": []}, {"id": 9, "text": " 15069/Edit", "label": "others", "box": [151, 207, 261, 179], "linking": []}, {"id": 10, "text": "117593", "label": "others", "box": [150, 232, 216, 208], "linking": []}, {"id": 11, "text": " L", "label": "others", "box": [266, 207, 280, 179], "linking": []}, {"id": 12, "text": "CUSTOMER COPY", "label": "others", "box": [115, 290, 260, 263], "linking": []}, {"id": 13, "text": " M:9602495277 L:002410 T:50040196", "label": "others", "box": [14, 320, 371, 292], "linking": []}, {"id": 14, "text": " 01/10/19 19:04", "label": "others", "box": [16, 353, 179, 323], "linking": []}, {"id": 15, "text": "APPROVED", "label": "others", "box": [150, 380, 239, 352], "linking": []}, {"id": 16, "text": "AMERICAN EXPRESS", "label": "others", "box": [19, 409, 198, 382], "linking": []}, {"id": 17, "text": " AID:", "label": "others", "box": [18, 437, 54, 412], "linking": []}, {"id": 18, "text": "xxxxXXXXXXX1006", "label": "others", "box": [17, 466, 188, 441], "linking": []}, {"id": 19, "text": "NFC-CHIP", "label": "others", "box": [17, 495, 110, 468], "linking": []}, {"id": 20, "text": " A00000002501", "label": "others", "box": [59, 437, 195, 412], "linking": []}, {"id": 21, "text": " SEQ:", "label": "others", "box": [247, 467, 295, 440], "linking": []}, {"id": 22, "text": " 00", "label": "others", "box": [300, 467, 328, 441], "linking": []}, {"id": 23, "text": "SALE", "label": "others", "box": [172, 523, 220, 497], "linking": []}, {"id": 24, "text": ".....................", "label": "others", "box": [138, 546, 371, 534], "linking": []}, {"id": 25, "text": " TOTAL AMOUNT ......:", "label": "others", "box": [15, 584, 229, 555], "linking": []}, {"id": 26, "text": ".................................", "label": "others", "box": [17, 607, 373, 592], "linking": []}, {"id": 27, "text": " AUTH CODE:", "label": "others", "box": [17, 643, 132, 615], "linking": []}, {"id": 28, "text": "CARDHOLDER NOT VERIFIED", "label": "others", "box": [60, 671, 318, 644], "linking": []}, {"id": 29, "text": " GBP 8.97", "label": "total amount", "box": [234, 584, 331, 555], "linking": []}, {"id": 30, "text": " 17", "label": "others", "box": [138, 642, 165, 615], "linking": []}]