[{"id": 0, "text": "15%", "label": "others", "box": [992, 80, 1029, 39], "linking": []}, {"id": 1, "text": "merchant name", "label": "others", "box": [297, 353, 670, 315], "linking": []}, {"id": 2, "text": "merchant address", "label": "others", "box": [360, 387, 626, 355], "linking": []}, {"id": 3, "text": "merchant address", "label": "others", "box": [283, 426, 688, 388], "linking": []}, {"id": 4, "text": "-----", "label": "others", "box": [737, 445, 817, 429], "linking": []}, {"id": 5, "text": "CHK 668880", "label": "others", "box": [413, 496, 579, 464], "linking": []}, {"id": 6, "text": " 11/12/2019 01:01 PM", "label": "others", "box": [336, 534, 644, 500], "linking": []}, {"id": 7, "text": "2598808", "label": "others", "box": [263, 568, 392, 535], "linking": []}, {"id": 8, "text": " Drawer:", "label": "others", "box": [430, 570, 554, 537], "linking": []}, {"id": 9, "text": " 2 Reg:", "label": "others", "box": [560, 570, 684, 536], "linking": []}, {"id": 10, "text": " 3", "label": "others", "box": [689, 569, 712, 535], "linking": []}, {"id": 11, "text": "Gr Carml Macchiato", "label": "0 description beginning", "box": [211, 646, 517, 612], "linking": []}, {"id": 12, "text": "Tl Chai Tea Latte", "label": "0 description beginning", "box": [215, 685, 503, 649], "linking": []}, {"id": 13, "text": "5.45", "label": "5 total price per item", "box": [678, 643, 746, 609], "linking": []}, {"id": 14, "text": "4.25", "label": "5 total price per item", "box": [679, 679, 748, 647], "linking": []}, {"id": 15, "text": "Amex", "label": "others", "box": [212, 763, 284, 733], "linking": []}, {"id": 16, "text": "XXXXXXXXXXXX1009", "label": "others", "box": [211, 806, 486, 768], "linking": []}, {"id": 17, "text": " TAP CHIP", "label": "others", "box": [414, 845, 554, 808], "linking": []}, {"id": 18, "text": " PURCHASE", "label": "others", "box": [414, 885, 554, 847], "linking": []}, {"id": 19, "text": " 00000129", "label": "others", "box": [432, 923, 571, 888], "linking": []}, {"id": 20, "text": " AMERICAN EXPRESS", "label": "others", "box": [398, 961, 674, 921], "linking": []}, {"id": 21, "text": "10.56", "label": "total amount", "box": [668, 758, 751, 724], "linking": []}, {"id": 22, "text": " Card Entry:", "label": "others", "box": [211, 848, 407, 809], "linking": []}, {"id": 23, "text": " Trans Type:", "label": "others", "box": [214, 885, 410, 849], "linking": []}, {"id": 24, "text": " Reference #:", "label": "others", "box": [211, 918, 427, 878], "linking": []}, {"id": 25, "text": " App Label:", "label": "others", "box": [211, 951, 392, 916], "linking": []}, {"id": 26, "text": " Auth #:", "label": "others", "box": [208, 985, 343, 951], "linking": []}, {"id": 27, "text": " AID:", "label": "others", "box": [207, 1024, 288, 990], "linking": []}, {"id": 28, "text": " TVR:", "label": "others", "box": [204, 1064, 285, 1027], "linking": []}, {"id": 29, "text": " TSI:", "label": "others", "box": [205, 1105, 286, 1069], "linking": []}, {"id": 30, "text": " 842029", "label": "others", "box": [348, 989, 459, 953], "linking": []}, {"id": 31, "text": " A000000025010801", "label": "others", "box": [293, 1029, 576, 991], "linking": []}, {"id": 32, "text": " 0010008000", "label": "others", "box": [292, 1065, 478, 1030], "linking": []}, {"id": 33, "text": " E800", "label": "others", "box": [293, 1107, 372, 1071], "linking": []}, {"id": 34, "text": "Subtotal", "label": "others", "box": [198, 1190, 349, 1152], "linking": []}, {"id": 35, "text": "Tax 8.875%", "label": "others", "box": [198, 1235, 391, 1197], "linking": []}, {"id": 36, "text": "Total", "label": "others", "box": [199, 1281, 295, 1246], "linking": []}, {"id": 37, "text": "Change Due", "label": "others", "box": [136, 1332, 513, 1289], "linking": []}, {"id": 38, "text": "$9.70", "label": "sub total", "box": [670, 1196, 760, 1159], "linking": []}, {"id": 39, "text": "$0.86", "label": "2 tax total", "box": [672, 1239, 761, 1203], "linking": []}, {"id": 40, "text": "$10.56", "label": "total amount", "box": [655, 1285, 763, 1247], "linking": []}, {"id": 41, "text": "$0.00", "label": "others", "box": [691, 1334, 867, 1291], "linking": []}, {"id": 42, "text": "Check Closed", "label": "others", "box": [357, 1421, 595, 1382], "linking": []}, {"id": 43, "text": " 11/12/2019 01:01 PM", "label": "others", "box": [327, 1472, 679, 1426], "linking": []}, {"id": 44, "text": "Join our loyalty program", "label": "others", "box": [288, 1716, 731, 1659], "linking": []}, {"id": 45, "text": "Sign up for promotional emails", "label": "others", "box": [224, 1824, 787, 1747], "linking": []}, {"id": 46, "text": "Or download our app", "label": "others", "box": [323, 1920, 685, 1858], "linking": []}, {"id": 47, "text": "Some restrictions apply", "label": "others", "box": [284, 2035, 727, 1954], "linking": []}, {"id": 48, "text": "Starbucks Rewards\u00ae", "label": "others", "box": [342, 1764, 681, 1703], "linking": []}, {"id": 49, "text": "Visit Starbucks.com/rewards", "label": "others", "box": [246, 1872, 753, 1797], "linking": []}, {"id": 50, "text": "At participating stores", "label": "others", "box": [283, 1984, 722, 1898], "linking": []}]