[{"id": 0, "text": "EFTPOS FROM WESTPAC", "label": "others", "box": [296, 439, 844, 390], "linking": []}, {"id": 1, "text": "merchant name", "label": "others", "box": [292, 477, 465, 439], "linking": []}, {"id": 2, "text": "merchant address", "label": "others", "box": [292, 513, 407, 481], "linking": []}, {"id": 3, "text": "merchant name", "label": "others", "box": [492, 471, 764, 431], "linking": []}, {"id": 4, "text": "merchant name", "label": "others", "box": [786, 463, 818, 428], "linking": []}, {"id": 5, "text": "w", "label": "others", "box": [844, 462, 872, 425], "linking": []}, {"id": 6, "text": "merchant address", "label": "others", "box": [440, 513, 466, 482], "linking": []}, {"id": 7, "text": "merchant address", "label": "others", "box": [291, 554, 728, 508], "linking": []}, {"id": 8, "text": "merchant address", "label": "others", "box": [292, 593, 549, 555], "linking": []}, {"id": 9, "text": "TIME 10NOV19", "label": "others", "box": [295, 669, 691, 627], "linking": []}, {"id": 10, "text": "MID", "label": "others", "box": [290, 710, 374, 677], "linking": []}, {"id": 11, "text": "TSP", "label": "others", "box": [294, 748, 378, 714], "linking": []}, {"id": 12, "text": "RRN", "label": "others", "box": [290, 788, 381, 755], "linking": []}, {"id": 13, "text": "AMERICAN EXPRESS", "label": "others", "box": [293, 831, 768, 789], "linking": []}, {"id": 14, "text": "Amex (C)", "label": "others", "box": [292, 871, 493, 832], "linking": []}, {"id": 15, "text": "CARD.", "label": "others", "box": [291, 910, 449, 877], "linking": []}, {"id": 16, "text": "AID", "label": "others", "box": [294, 949, 380, 916], "linking": []}, {"id": 17, "text": "TUR", "label": "others", "box": [298, 989, 381, 955], "linking": []}, {"id": 18, "text": "AUTH", "label": "others", "box": [297, 1030, 413, 995], "linking": []}, {"id": 19, "text": " 09:53", "label": "others", "box": [793, 657, 960, 621], "linking": []}, {"id": 20, "text": "25047184", "label": "others", "box": [737, 703, 974, 663], "linking": []}, {"id": 21, "text": "100381963494", "label": "others", "box": [622, 744, 977, 703], "linking": []}, {"id": 22, "text": "191110053620", "label": "others", "box": [622, 785, 973, 745], "linking": []}, {"id": 23, "text": "CR", "label": "others", "box": [924, 863, 980, 829], "linking": []}, {"id": 24, "text": " 1006", "label": "others", "box": [862, 907, 979, 871], "linking": []}, {"id": 25, "text": "A000000025010801", "label": "others", "box": [503, 948, 976, 911], "linking": []}, {"id": 26, "text": "0000008000", "label": "others", "box": [680, 987, 981, 953], "linking": []}, {"id": 27, "text": "804778", "label": "others", "box": [802, 1028, 983, 993], "linking": []}, {"id": 28, "text": " .", "label": "others", "box": [833, 908, 858, 875], "linking": []}, {"id": 29, "text": "PURCHASE", "label": "others", "box": [297, 1107, 567, 1071], "linking": []}, {"id": 30, "text": "AUD5.50", "label": "total amount", "box": [731, 1109, 969, 1072], "linking": []}, {"id": 31, "text": "(000) APPROVED", "label": "others", "box": [398, 1188, 867, 1151], "linking": []}, {"id": 32, "text": "*CUSTOMER COPY*", "label": "others", "box": [418, 1265, 861, 1229], "linking": []}]