[{"id": 0, "text": "merchant name", "label": "others", "box": [355, 97, 399, 80], "linking": []}, {"id": 1, "text": "merchant address", "label": "others", "box": [347, 109, 423, 98], "linking": []}, {"id": 2, "text": "Amer icano Large", "label": "0 description beginning", "box": [247, 148, 352, 130], "linking": []}, {"id": 3, "text": "Total GB", "label": "others", "box": [238, 191, 349, 161], "linking": []}, {"id": 4, "text": "il Cake Croissant A", "label": "0 description beginning", "box": [245, 160, 385, 139], "linking": []}, {"id": 5, "text": "1.40", "label": "5 total price per item", "box": [479, 152, 514, 137], "linking": []}, {"id": 6, "text": "1.10", "label": "5 total price per item", "box": [479, 160, 514, 145], "linking": []}, {"id": 7, "text": "2.50", "label": "total amount", "box": [457, 192, 516, 166], "linking": []}, {"id": 8, "text": "5005 AMERICANEXPRESS", "label": "others", "box": [234, 243, 378, 218], "linking": []}, {"id": 9, "text": "Net", "label": "others", "box": [327, 269, 354, 255], "linking": []}, {"id": 10, "text": "2.08", "label": "sub total", "box": [322, 285, 353, 269], "linking": []}, {"id": 11, "text": "2.50", "label": "others", "box": [485, 241, 517, 226], "linking": []}, {"id": 12, "text": "Vat percent", "label": "others", "box": [230, 280, 313, 263], "linking": []}, {"id": 13, "text": "Gross", "label": "others", "box": [390, 273, 432, 259], "linking": []}, {"id": 14, "text": "2.50", "label": "total amount", "box": [398, 285, 432, 272], "linking": []}, {"id": 15, "text": "(2) 20.00", "label": "others", "box": [230, 290, 299, 276], "linking": []}, {"id": 16, "text": "VAT", "label": "others", "box": [466, 275, 489, 263], "linking": []}, {"id": 17, "text": "0.42", "label": "2 tax total", "box": [461, 287, 492, 274], "linking": []}, {"id": 18, "text": " 8 10/2019 11:14 AM #:37227 Op:2042 C:21330", "label": "others", "box": [235, 331, 562, 310], "linking": []}, {"id": 19, "text": " : Justin Swift", "label": "others", "box": [307, 360, 416, 343], "linking": []}, {"id": 20, "text": " 2 5:2133", "label": "others", "box": [225, 347, 291, 328], "linking": []}, {"id": 21, "text": " Served you", "label": "others", "box": [225, 361, 304, 344], "linking": []}, {"id": 22, "text": " VAT No:", "label": "others", "box": [311, 389, 369, 373], "linking": []}, {"id": 23, "text": "Thank You !", "label": "others", "box": [331, 405, 420, 389], "linking": []}, {"id": 24, "text": "All prices inclusive of VAT.", "label": "others", "box": [270, 422, 486, 404], "linking": []}, {"id": 25, "text": " 561229061", "label": "others", "box": [371, 389, 443, 374], "linking": []}, {"id": 26, "text": "*** CARDHOLDER COPY ***", "label": "others", "box": [246, 469, 423, 452], "linking": []}, {"id": 27, "text": " P:", "label": "others", "box": [218, 534, 232, 518], "linking": []}, {"id": 28, "text": " :***** 15982", "label": "others", "box": [226, 550, 317, 534], "linking": []}, {"id": 29, "text": " 23/10/2019 11:14:48", "label": "others", "box": [257, 565, 411, 549], "linking": []}, {"id": 30, "text": " W3625115", "label": "others", "box": [235, 534, 301, 518], "linking": []}, {"id": 31, "text": " T", "label": "others", "box": [384, 532, 387, 515], "linking": []}, {"id": 32, "text": " :**** 7675", "label": "others", "box": [391, 532, 464, 515], "linking": []}, {"id": 33, "text": " M", "label": "others", "box": [216, 550, 224, 535], "linking": []}, {"id": 34, "text": "AMERICAN EXPRESS", "label": "others", "box": [215, 596, 345, 579], "linking": []}, {"id": 35, "text": "*********** 1004", "label": "others", "box": [215, 613, 338, 597], "linking": []}, {"id": 36, "text": "CONTACTLESS CP SALE", "label": "others", "box": [211, 647, 386, 629], "linking": []}, {"id": 37, "text": "Please debit my account", "label": "others", "box": [232, 683, 426, 665], "linking": []}, {"id": 38, "text": "GBP2.50", "label": "others", "box": [408, 699, 468, 682], "linking": []}, {"id": 39, "text": "GBP2.50", "label": "others", "box": [407, 717, 468, 700], "linking": []}, {"id": 40, "text": "AMOUNT", "label": "others", "box": [207, 699, 260, 683], "linking": []}, {"id": 41, "text": "TOTAL", "label": "others", "box": [207, 717, 251, 701], "linking": []}, {"id": 42, "text": "NO CARDHOLDER VERIFICATION", "label": "others", "box": [222, 754, 446, 735], "linking": []}, {"id": 43, "text": "Please Keep This Receipt", "label": "others", "box": [227, 791, 436, 772], "linking": []}, {"id": 44, "text": "For your Records", "label": "others", "box": [259, 810, 402, 791], "linking": []}, {"id": 45, "text": " Auth Code:", "label": "others", "box": [198, 828, 292, 809], "linking": []}, {"id": 46, "text": " Ref:", "label": "others", "box": [196, 845, 233, 828], "linking": []}, {"id": 47, "text": "133", "label": "others", "box": [195, 864, 224, 847], "linking": []}, {"id": 48, "text": " AID:", "label": "others", "box": [194, 884, 234, 866], "linking": []}, {"id": 49, "text": " App Seq:", "label": "others", "box": [191, 905, 268, 886], "linking": []}, {"id": 50, "text": " 39", "label": "others", "box": [294, 828, 316, 810], "linking": []}, {"id": 51, "text": "Trn# 37227 - Till 213302 - Shop 2", "label": "others", "box": [293, 852, 587, 828], "linking": []}, {"id": 52, "text": " A000000025010801", "label": "others", "box": [237, 887, 383, 866], "linking": []}, {"id": 53, "text": " 00", "label": "others", "box": [272, 905, 294, 886], "linking": []}]