[{"id": 0, "text": "merchant name", "label": "others", "box": [65, 89, 254, 61], "linking": []}, {"id": 1, "text": "merchant address", "label": "others", "box": [54, 106, 116, 88], "linking": []}, {"id": 2, "text": "merchant address", "label": "others", "box": [63, 124, 100, 108], "linking": []}, {"id": 3, "text": "merchant address", "label": "others", "box": [87, 143, 130, 126], "linking": []}, {"id": 4, "text": "merchant address", "label": "others", "box": [100, 161, 221, 143], "linking": []}, {"id": 5, "text": " GSTIN No.", "label": "others", "box": [50, 178, 131, 161], "linking": []}, {"id": 6, "text": " Service Code Tariff", "label": "others", "box": [41, 196, 205, 179], "linking": []}, {"id": 7, "text": " .", "label": "others", "box": [259, 88, 271, 61], "linking": []}, {"id": 8, "text": "merchant address", "label": "others", "box": [233, 105, 269, 90], "linking": []}, {"id": 9, "text": "merchant address", "label": "others", "box": [150, 125, 261, 108], "linking": []}, {"id": 10, "text": "merchant address", "label": "others", "box": [134, 143, 172, 126], "linking": []}, {"id": 11, "text": "merchant address", "label": "others", "box": [120, 106, 230, 89], "linking": []}, {"id": 12, "text": "merchant address", "label": "others", "box": [103, 125, 148, 108], "linking": []}, {"id": 13, "text": "merchant address", "label": "others", "box": [175, 143, 238, 126], "linking": []}, {"id": 14, "text": " : 06AABCD5534A1Z9", "label": "others", "box": [134, 178, 269, 161], "linking": []}, {"id": 15, "text": " :996331", "label": "others", "box": [208, 196, 266, 180], "linking": []}, {"id": 16, "text": "IV NO 41E1914767", "label": "others", "box": [0, 231, 138, 213], "linking": []}, {"id": 17, "text": " ate:", "label": "others", "box": [0, 253, 39, 236], "linking": []}, {"id": 18, "text": " taff:", "label": "others", "box": [2, 276, 45, 257], "linking": []}, {"id": 19, "text": "ust.", "label": "others", "box": [0, 297, 40, 280], "linking": []}, {"id": 20, "text": "ORD No", "label": "others", "box": [152, 232, 210, 213], "linking": []}, {"id": 21, "text": " 17-09-19 20:15 POS No.", "label": "others", "box": [48, 256, 243, 236], "linking": []}, {"id": 22, "text": " Addi", "label": "others", "box": [48, 276, 87, 257], "linking": []}, {"id": 23, "text": "8888888888 --", "label": "others", "box": [54, 298, 161, 279], "linking": []}, {"id": 24, "text": "41E1914780", "label": "others", "box": [239, 232, 327, 215], "linking": []}, {"id": 25, "text": "T41E03", "label": "others", "box": [282, 255, 335, 237], "linking": []}, {"id": 26, "text": "1", "label": "others", "box": [307, 275, 318, 261], "linking": []}, {"id": 27, "text": "Table", "label": "others", "box": [217, 277, 260, 258], "linking": []}, {"id": 28, "text": "MN", "label": "others", "box": [182, 298, 203, 280], "linking": []}, {"id": 29, "text": "3888888888", "label": "others", "box": [0, 362, 81, 343], "linking": []}, {"id": 30, "text": "MN", "label": "others", "box": [111, 362, 128, 344], "linking": []}, {"id": 31, "text": "Description", "label": "others", "box": [0, 403, 95, 385], "linking": []}, {"id": 32, "text": "Price Qty Disc.", "label": "others", "box": [119, 404, 242, 386], "linking": []}, {"id": 33, "text": "Amount", "label": "others", "box": [281, 404, 333, 388], "linking": []}, {"id": 34, "text": "BELG CHOCO COOKIE FR", "label": "0 description beginning", "box": [2, 443, 167, 425], "linking": []}, {"id": 35, "text": "145.00", "label": "unit price", "box": [110, 462, 159, 446], "linking": []}, {"id": 36, "text": "BELG CHOCO COOKIE FR", "label": "0 description beginning", "box": [5, 482, 167, 465], "linking": []}, {"id": 37, "text": "125.00", "label": "unit price", "box": [113, 501, 161, 485], "linking": []}, {"id": 38, "text": " 1", "label": "e quantity", "box": [180, 464, 197, 446], "linking": []}, {"id": 39, "text": " 0.00", "label": "others", "box": [202, 464, 238, 446], "linking": []}, {"id": 40, "text": "144.99", "label": "5 total price per item", "box": [274, 463, 323, 446], "linking": []}, {"id": 41, "text": " 1", "label": "e quantity", "box": [182, 501, 197, 485], "linking": []}, {"id": 42, "text": " 0.00", "label": "others", "box": [203, 502, 238, 485], "linking": []}, {"id": 43, "text": "124.99", "label": "5 total price per item", "box": [277, 501, 323, 484], "linking": []}, {"id": 44, "text": "Subtotal", "label": "others", "box": [6, 562, 71, 544], "linking": []}, {"id": 45, "text": "Total Amount (Before Tax)", "label": "others", "box": [6, 582, 207, 561], "linking": []}, {"id": 46, "text": "SGST @2.5", "label": "others", "box": [7, 601, 82, 584], "linking": []}, {"id": 47, "text": "CGST @ 2.5%", "label": "others", "box": [7, 621, 98, 603], "linking": []}, {"id": 48, "text": "Gross Amount", "label": "others", "box": [9, 640, 106, 624], "linking": []}, {"id": 49, "text": "Bill Amount", "label": "others", "box": [7, 660, 99, 643], "linking": []}, {"id": 50, "text": "269.98", "label": "sub total", "box": [275, 560, 323, 544], "linking": []}, {"id": 51, "text": "269.98", "label": "others", "box": [275, 580, 323, 564], "linking": []}, {"id": 52, "text": "6.76", "label": "2 tax total", "box": [282, 599, 316, 582], "linking": []}, {"id": 53, "text": "%", "label": "others", "box": [100, 600, 114, 585], "linking": []}, {"id": 54, "text": "6.76", "label": "2 tax total", "box": [220, 619, 253, 602], "linking": []}, {"id": 55, "text": "283.50", "label": "total amount", "box": [273, 639, 323, 622], "linking": []}, {"id": 56, "text": "283.50", "label": "others", "box": [274, 658, 325, 642], "linking": []}, {"id": 57, "text": " Payments:", "label": "others", "box": [10, 700, 84, 683], "linking": []}, {"id": 58, "text": "AMEX", "label": "others", "box": [11, 718, 47, 702], "linking": []}, {"id": 59, "text": "Approval Code 0", "label": "others", "box": [27, 739, 147, 719], "linking": []}, {"id": 60, "text": "283.50", "label": "others", "box": [267, 716, 316, 700], "linking": []}, {"id": 61, "text": "Share Your Feedback", "label": "others", "box": [5, 790, 307, 758], "linking": []}, {"id": 62, "text": "feedback. costaindia@dil-rjcorp.com", "label": "others", "box": [28, 809, 302, 791], "linking": []}, {"id": 63, "text": "--------------", "label": "others", "box": [92, 825, 282, 815], "linking": []}]