[{"id": 0, "text": "merchant address", "label": "others", "box": [186, 585, 736, 527], "linking": []}, {"id": 1, "text": " Tel:", "label": "others", "box": [307, 618, 379, 579], "linking": []}, {"id": 2, "text": "merchant phone", "label": "others", "box": [386, 615, 599, 573], "linking": []}, {"id": 3, "text": "beaubourgnyc.com", "label": "others", "box": [319, 693, 601, 658], "linking": []}, {"id": 4, "text": "Suggested Gratuity 18% - 20%", "label": "others", "box": [209, 739, 703, 691], "linking": []}, {"id": 5, "text": "merchant address", "label": "others", "box": [972, 678, 1388, 641], "linking": []}, {"id": 6, "text": "beaubourgnyc.com", "label": "others", "box": [1068, 754, 1278, 728], "linking": []}, {"id": 7, "text": "2152 Sudhan", "label": "others", "box": [100, 823, 296, 782], "linking": []}, {"id": 8, "text": "2", "label": "others", "box": [790, 806, 813, 775], "linking": []}, {"id": 9, "text": "Suggested Gratuity 18% - 20%", "label": "others", "box": [1005, 841, 1383, 803], "linking": []}, {"id": 10, "text": " 11/19/2019 8:47 PM", "label": "others", "box": [1073, 880, 1316, 847], "linking": []}, {"id": 11, "text": "CHK 12396", "label": "others", "box": [92, 904, 258, 864], "linking": []}, {"id": 12, "text": "TBL 6/1", "label": "others", "box": [384, 897, 509, 857], "linking": []}, {"id": 13, "text": "GST 2", "label": "others", "box": [719, 892, 813, 854], "linking": []}, {"id": 14, "text": " 1", "label": "e quantity", "box": [108, 990, 131, 952], "linking": []}, {"id": 15, "text": " 1", "label": "e quantity", "box": [103, 1033, 128, 995], "linking": []}, {"id": 16, "text": " 1", "label": "e quantity", "box": [104, 1077, 129, 1039], "linking": []}, {"id": 17, "text": " 1", "label": "e quantity", "box": [99, 1121, 123, 1081], "linking": []}, {"id": 18, "text": " 1", "label": "e quantity", "box": [97, 1167, 119, 1126], "linking": []}, {"id": 19, "text": " 1", "label": "e quantity", "box": [95, 1211, 115, 1170], "linking": []}, {"id": 20, "text": " Ketel One", "label": "0 description beginning", "box": [138, 990, 308, 951], "linking": []}, {"id": 21, "text": " Cosmo Blanc", "label": "0 description beginning", "box": [135, 1033, 346, 993], "linking": []}, {"id": 22, "text": " Trout Almondine", "label": "0 description beginning", "box": [136, 1077, 416, 1033], "linking": []}, {"id": 23, "text": " Roasted Asparagus", "label": "0 description beginning", "box": [130, 1121, 453, 1078], "linking": []}, {"id": 24, "text": " Cosmo Blanc", "label": "0 description beginning", "box": [126, 1166, 338, 1123], "linking": []}, {"id": 25, "text": "14.00", "label": "5 total price per item", "box": [620, 980, 712, 944], "linking": []}, {"id": 26, "text": "14.00", "label": "5 total price per item", "box": [619, 1022, 706, 985], "linking": []}, {"id": 27, "text": "28.00", "label": "5 total price per item", "box": [616, 1063, 709, 1028], "linking": []}, {"id": 28, "text": "12.00", "label": "5 total price per item", "box": [620, 1107, 707, 1070], "linking": []}, {"id": 29, "text": "14.00", "label": "5 total price per item", "box": [621, 1150, 706, 1113], "linking": []}, {"id": 30, "text": "13.00", "label": "5 total price per item", "box": [618, 1194, 708, 1156], "linking": []}, {"id": 31, "text": " Check:", "label": "others", "box": [932, 963, 1011, 936], "linking": []}, {"id": 32, "text": " Table:", "label": "others", "box": [934, 1006, 1008, 979], "linking": []}, {"id": 33, "text": " Server:", "label": "others", "box": [936, 1052, 1028, 1023], "linking": []}, {"id": 34, "text": " Card Type:", "label": "others", "box": [932, 1097, 1072, 1066], "linking": []}, {"id": 35, "text": " Acct Num:", "label": "others", "box": [934, 1140, 1073, 1108], "linking": []}, {"id": 36, "text": " Auth Code:", "label": "others", "box": [938, 1186, 1075, 1152], "linking": []}, {"id": 37, "text": " Customer:", "label": "others", "box": [935, 1229, 1075, 1197], "linking": []}, {"id": 38, "text": "CHK 12396", "label": "others", "box": [1076, 964, 1201, 932], "linking": []}, {"id": 39, "text": "6/1", "label": "others", "box": [1077, 1008, 1114, 980], "linking": []}, {"id": 40, "text": "2152 Sudhan", "label": "others", "box": [1080, 1051, 1235, 1019], "linking": []}, {"id": 41, "text": " AMEX", "label": "others", "box": [1078, 1097, 1143, 1064], "linking": []}, {"id": 42, "text": " *********** 3004", "label": "others", "box": [1080, 1137, 1296, 1104], "linking": []}, {"id": 43, "text": " 567380", "label": "others", "box": [1082, 1184, 1172, 1151], "linking": []}, {"id": 44, "text": " Warm Profiteroles", "label": "0 description beginning", "box": [122, 1211, 449, 1163], "linking": []}, {"id": 45, "text": "FOOD", "label": "others", "box": [131, 1297, 200, 1260], "linking": []}, {"id": 46, "text": "LIQUOR", "label": "others", "box": [123, 1347, 238, 1306], "linking": []}, {"id": 47, "text": "TAX", "label": "others", "box": [122, 1393, 173, 1353], "linking": []}, {"id": 48, "text": "TOTAL DUE", "label": "others", "box": [59, 1437, 318, 1395], "linking": []}, {"id": 49, "text": "$53.00", "label": "others", "box": [596, 1287, 709, 1244], "linking": []}, {"id": 50, "text": "$42.00", "label": "others", "box": [597, 1334, 706, 1292], "linking": []}, {"id": 51, "text": "$8.43", "label": "2 tax total", "box": [613, 1379, 709, 1338], "linking": []}, {"id": 52, "text": "$103.43", "label": "total amount", "box": [430, 1426, 633, 1384], "linking": []}, {"id": 53, "text": " Amount:", "label": "others", "box": [940, 1323, 1131, 1286], "linking": []}, {"id": 54, "text": "$103.43", "label": "sub total", "box": [1309, 1317, 1505, 1276], "linking": []}, {"id": 55, "text": "20", "label": "3 tip", "box": [1207, 1456, 1362, 1351], "linking": []}, {"id": 56, "text": "123.43", "label": "total amount", "box": [1181, 1573, 1459, 1462], "linking": []}, {"id": 57, "text": " Tip", "label": "others", "box": [1034, 1461, 1067, 1426], "linking": []}, {"id": 58, "text": " :_", "label": "others", "box": [1073, 1461, 1104, 1426], "linking": []}, {"id": 59, "text": "Suggested Gratuity 18% - 20%", "label": "others", "box": [132, 1583, 546, 1532], "linking": []}, {"id": 60, "text": " Total:", "label": "others", "box": [1023, 1560, 1112, 1525], "linking": []}, {"id": 61, "text": " Suggested Gratuity 18%", "label": "others", "box": [124, 1735, 458, 1687], "linking": []}, {"id": 62, "text": " -", "label": "others", "box": [464, 1726, 486, 1687], "linking": []}, {"id": 63, "text": " 20%", "label": "others", "box": [492, 1725, 548, 1685], "linking": []}]