[{"id": 0, "text": "merchant name", "label": "others", "box": [444, 476, 747, 432], "linking": []}, {"id": 1, "text": "merchant address", "label": "others", "box": [401, 526, 772, 480], "linking": []}, {"id": 2, "text": "merchant address", "label": "others", "box": [611, 576, 789, 533], "linking": []}, {"id": 3, "text": "merchant phone", "label": "others", "box": [465, 627, 729, 585], "linking": []}, {"id": 4, "text": "merchant address", "label": "others", "box": [402, 576, 604, 534], "linking": []}, {"id": 5, "text": " Host:", "label": "others", "box": [143, 688, 259, 638], "linking": []}, {"id": 6, "text": "112 MELANIE", "label": "others", "box": [149, 733, 383, 690], "linking": []}, {"id": 7, "text": " Didier", "label": "others", "box": [268, 686, 400, 637], "linking": []}, {"id": 8, "text": "11/12/2019", "label": "others", "box": [830, 678, 1052, 630], "linking": []}, {"id": 9, "text": " 7:24 PM", "label": "others", "box": [897, 728, 1051, 685], "linking": []}, {"id": 10, "text": "20396", "label": "others", "box": [938, 780, 1051, 737], "linking": []}, {"id": 11, "text": "Braised Beef Noodle Soup", "label": "0 description beginning", "box": [133, 887, 662, 843], "linking": []}, {"id": 12, "text": "Hoji Green Tea", "label": "0 description beginning", "box": [127, 938, 444, 895], "linking": []}, {"id": 13, "text": "14.50", "label": "5 total price per item", "box": [938, 886, 1053, 839], "linking": []}, {"id": 14, "text": "4.00", "label": "5 total price per item", "box": [962, 934, 1054, 892], "linking": []}, {"id": 15, "text": "Subtotal", "label": "others", "box": [121, 1045, 298, 996], "linking": []}, {"id": 16, "text": "Tax", "label": "others", "box": [117, 1093, 194, 1052], "linking": []}, {"id": 17, "text": "18.50", "label": "sub total", "box": [945, 1038, 1061, 996], "linking": []}, {"id": 18, "text": "1.65", "label": "2 tax total", "box": [972, 1089, 1062, 1046], "linking": []}, {"id": 19, "text": "To Go Total", "label": "others", "box": [113, 1205, 597, 1156], "linking": []}, {"id": 20, "text": "20. 15", "label": "total amount", "box": [835, 1203, 1065, 1151], "linking": []}, {"id": 21, "text": "Amex", "label": "others", "box": [93, 1316, 193, 1273], "linking": []}, {"id": 22, "text": " Auth:", "label": "others", "box": [137, 1377, 237, 1326], "linking": []}, {"id": 23, "text": "Amex", "label": "others", "box": [89, 1435, 189, 1386], "linking": []}, {"id": 24, "text": " Auth:", "label": "others", "box": [128, 1492, 231, 1447], "linking": []}, {"id": 25, "text": "20.00", "label": "others", "box": [954, 1313, 1075, 1267], "linking": []}, {"id": 26, "text": " 534378", "label": "others", "box": [246, 1376, 394, 1325], "linking": []}, {"id": 27, "text": "0. 15", "label": "others", "box": [978, 1437, 1080, 1385], "linking": []}, {"id": 28, "text": " 585559", "label": "others", "box": [239, 1493, 389, 1446], "linking": []}, {"id": 29, "text": "Thank You!", "label": "others", "box": [455, 1672, 692, 1622], "linking": []}, {"id": 30, "text": "---", "label": "others", "box": [344, 1771, 426, 1742], "linking": []}, {"id": 31, "text": "Check Closed", "label": "others", "box": [435, 1781, 724, 1735], "linking": []}, {"id": 32, "text": "---", "label": "others", "box": [742, 1769, 818, 1749], "linking": []}]