[{"id": 0, "text": "merchant name", "label": "others", "box": [307, 232, 445, 210], "linking": []}, {"id": 1, "text": "merchant address", "label": "others", "box": [323, 270, 433, 247], "linking": []}, {"id": 2, "text": "VAT 876808764", "label": "others", "box": [330, 309, 428, 284], "linking": []}, {"id": 3, "text": "merchant address", "label": "others", "box": [310, 251, 444, 227], "linking": []}, {"id": 4, "text": " TEL:", "label": "others", "box": [313, 285, 344, 265], "linking": []}, {"id": 5, "text": "merchant phone", "label": "others", "box": [347, 290, 438, 267], "linking": []}, {"id": 6, "text": "TABLE", "label": "others", "box": [236, 364, 283, 329], "linking": []}, {"id": 7, "text": "INSIDE", "label": "others", "box": [357, 401, 406, 372], "linking": []}, {"id": 8, "text": "NEGRONI/KIR", "label": "0 description beginning", "box": [227, 431, 318, 409], "linking": []}, {"id": 9, "text": "Trebbiano 175ml", "label": "0 description beginning", "box": [230, 454, 348, 430], "linking": []}, {"id": 10, "text": "-DRINKS", "label": "1 description inside", "box": [229, 471, 289, 452], "linking": []}, {"id": 11, "text": "7.20", "label": "5 total price per item", "box": [493, 430, 524, 410], "linking": []}, {"id": 12, "text": "4.95", "label": "5 total price per item", "box": [494, 450, 525, 429], "linking": []}, {"id": 13, "text": "12.15 --", "label": "5 total price per item", "box": [475, 473, 526, 451], "linking": []}, {"id": 14, "text": "SPECIAL PIZZA", "label": "0 description beginning", "box": [226, 516, 334, 496], "linking": []}, {"id": 15, "text": "SPECIAL STARTER", "label": "0 description beginning", "box": [227, 537, 349, 519], "linking": []}, {"id": 16, "text": "GARLIC BREAD CHEESE", "label": "0 description beginning", "box": [225, 558, 380, 540], "linking": []}, {"id": 17, "text": "-FOOD", "label": "1 description inside", "box": [227, 576, 269, 559], "linking": []}, {"id": 18, "text": "12.95", "label": "5 total price per item", "box": [493, 512, 531, 492], "linking": []}, {"id": 19, "text": "9.95", "label": "5 total price per item", "box": [501, 532, 534, 515], "linking": []}, {"id": 20, "text": "3.95", "label": "5 total price per item", "box": [501, 550, 536, 533], "linking": []}, {"id": 21, "text": "26.85 --", "label": "5 total price per item", "box": [479, 570, 535, 550], "linking": []}, {"id": 22, "text": " Prev Bal:", "label": "others", "box": [222, 620, 299, 602], "linking": []}, {"id": 23, "text": "SUBTOTAL", "label": "others", "box": [221, 642, 291, 623], "linking": []}, {"id": 24, "text": "39.00", "label": "others", "box": [497, 608, 540, 590], "linking": []}, {"id": 25, "text": "39.00", "label": "sub total", "box": [458, 633, 502, 614], "linking": []}, {"id": 26, "text": "SERVICE", "label": "others", "box": [219, 690, 284, 668], "linking": []}, {"id": 27, "text": "%12.50", "label": "others", "box": [235, 713, 290, 693], "linking": []}, {"id": 28, "text": "4.88", "label": "others", "box": [514, 700, 549, 680], "linking": []}, {"id": 29, "text": "CASH", "label": "others", "box": [214, 778, 289, 742], "linking": []}, {"id": 30, "text": "43.88", "label": "total amount", "box": [467, 771, 557, 727], "linking": []}, {"id": 31, "text": " #001-001-0038-0001 25/10/2019 13:29-R", "label": "others", "box": [220, 847, 558, 805], "linking": []}, {"id": 32, "text": "DISCRETIONARY SERVICE GOES ALL TO STAFF", "label": "others", "box": [200, 882, 575, 843], "linking": []}]