[{"id": 0, "text": "Thank You For Visiting the", "label": "others", "box": [305, 139, 510, 114], "linking": []}, {"id": 1, "text": "Nadine Varella, General Manager", "label": "others", "box": [281, 166, 528, 138], "linking": []}, {"id": 2, "text": "We Love Your Feedback!", "label": "others", "box": [313, 192, 495, 168], "linking": []}, {"id": 3, "text": "merchant name", "label": "others", "box": [287, 151, 522, 127], "linking": []}, {"id": 4, "text": "merchant phone", "label": "others", "box": [344, 176, 464, 154], "linking": []}, {"id": 5, "text": "Text @LTF41042 to 73940", "label": "others", "box": [311, 205, 500, 183], "linking": []}, {"id": 6, "text": "USD", "label": "others", "box": [551, 226, 579, 211], "linking": []}, {"id": 7, "text": "2.25", "label": "5 total price per item", "box": [544, 242, 582, 226], "linking": []}, {"id": 8, "text": "1.15", "label": "5 total price per item", "box": [546, 257, 583, 242], "linking": []}, {"id": 9, "text": "1.05", "label": "5 total price per item", "box": [549, 273, 583, 257], "linking": []}, {"id": 10, "text": "Pizza Slice", "label": "0 description beginning", "box": [231, 243, 330, 227], "linking": []}, {"id": 11, "text": "Chip Doritos Nacho C", "label": "0 description beginning", "box": [228, 272, 402, 253], "linking": []}, {"id": 12, "text": "Water Aquafina 20oz", "label": "0 description beginning", "box": [229, 258, 396, 240], "linking": []}, {"id": 13, "text": "Sub Total", "label": "others", "box": [425, 312, 505, 291], "linking": []}, {"id": 14, "text": "Tax Amount", "label": "others", "box": [423, 334, 515, 314], "linking": []}, {"id": 15, "text": "4.45", "label": "sub total", "box": [548, 310, 587, 293], "linking": []}, {"id": 16, "text": "0.31", "label": "2 tax total", "box": [546, 332, 585, 313], "linking": []}, {"id": 17, "text": "Total USD", "label": "others", "box": [223, 415, 377, 379], "linking": []}, {"id": 18, "text": "4.76", "label": "total amount", "box": [512, 413, 583, 378], "linking": []}, {"id": 19, "text": "5009 AMERICAN EXPRESS", "label": "others", "box": [224, 496, 404, 475], "linking": []}, {"id": 20, "text": "4.76", "label": "others", "box": [546, 495, 582, 476], "linking": []}, {"id": 21, "text": "Tax", "label": "others", "box": [226, 556, 256, 536], "linking": []}, {"id": 22, "text": "() 7.00", "label": "others", "box": [227, 577, 287, 556], "linking": []}, {"id": 23, "text": " Taxable Amount", "label": "others", "box": [361, 559, 487, 537], "linking": []}, {"id": 24, "text": "4.45", "label": "sub total", "box": [443, 576, 478, 559], "linking": []}, {"id": 25, "text": " Tax Amount", "label": "others", "box": [492, 559, 583, 539], "linking": []}, {"id": 26, "text": "0.31", "label": "2 tax total", "box": [545, 578, 579, 559], "linking": []}, {"id": 27, "text": " 11/19/2019 12:55 PM #:51596 Op:3052 C:113", "label": "others", "box": [231, 641, 582, 616], "linking": []}, {"id": 28, "text": " Served you", "label": "others", "box": [223, 674, 312, 654], "linking": []}, {"id": 29, "text": " 103 S:1131", "label": "others", "box": [229, 654, 321, 636], "linking": []}, {"id": 30, "text": " : Adriana Granado", "label": "others", "box": [314, 679, 462, 656], "linking": []}, {"id": 31, "text": "*** Customer copy ***", "label": "others", "box": [290, 762, 476, 735], "linking": []}, {"id": 32, "text": "AMEX Sunrise 937-9", "label": "others", "box": [301, 805, 467, 779], "linking": []}, {"id": 33, "text": "I agree to pay the above total amount", "label": "others", "box": [214, 832, 547, 798], "linking": []}, {"id": 34, "text": "agreement. (Merchant agreement if Credit", "label": "others", "box": [202, 877, 556, 844], "linking": []}, {"id": 35, "text": "records.", "label": "others", "box": [343, 913, 415, 895], "linking": []}, {"id": 36, "text": "according to card issuer", "label": "others", "box": [275, 852, 492, 825], "linking": []}, {"id": 37, "text": "Voucher)Retain this copy for your", "label": "others", "box": [228, 900, 529, 867], "linking": []}, {"id": 38, "text": "PURCHASE / APPROVED", "label": "others", "box": [198, 957, 372, 931], "linking": []}, {"id": 39, "text": "*********** 1009", "label": "others", "box": [201, 995, 337, 972], "linking": []}, {"id": 40, "text": "AMERICAN EXPRESS", "label": "others", "box": [199, 975, 345, 952], "linking": []}, {"id": 41, "text": "CHIP READ /", "label": "others", "box": [201, 1014, 303, 990], "linking": []}, {"id": 42, "text": " 2019/11/19 12:55:27", "label": "others", "box": [199, 1064, 371, 1030], "linking": []}, {"id": 43, "text": "MID", "label": "others", "box": [186, 1099, 219, 1078], "linking": []}, {"id": 44, "text": "REFERENCE", "label": "others", "box": [178, 1130, 271, 1102], "linking": []}, {"id": 45, "text": "AUTH CODE", "label": "others", "box": [174, 1154, 262, 1128], "linking": []}, {"id": 46, "text": "TID", "label": "others", "box": [196, 1076, 222, 1054], "linking": []}, {"id": 47, "text": "**** 5750", "label": "others", "box": [480, 1094, 559, 1070], "linking": []}, {"id": 48, "text": "6634461", "label": "others", "box": [491, 1119, 559, 1095], "linking": []}, {"id": 49, "text": "S1131T113103#51596@863912", "label": "others", "box": [318, 1146, 562, 1113], "linking": []}]