[{"id": 0, "text": " From:", "label": "others", "box": [19, 35, 86, 9], "linking": []}, {"id": 1, "text": " Date:", "label": "others", "box": [21, 69, 81, 43], "linking": []}, {"id": 2, "text": " Subject:", "label": "others", "box": [21, 104, 111, 77], "linking": []}, {"id": 3, "text": " To:", "label": "others", "box": [22, 137, 52, 111], "linking": []}, {"id": 4, "text": "merchant name", "label": "others", "box": [91, 36, 603, 9], "linking": []}, {"id": 5, "text": " Wed, Nov 20, 2019 at 11:42 AM", "label": "others", "box": [86, 69, 449, 42], "linking": []}, {"id": 6, "text": " Order Confirmation for Mezi from Tay Ho", "label": "others", "box": [115, 105, 587, 77], "linking": []}, {"id": 7, "text": "Thanks for your order, Mezi", "label": "others", "box": [627, 438, 1312, 385], "linking": []}, {"id": 8, "text": "Paid with American Express ending in 1004", "label": "others", "box": [660, 516, 1279, 479], "linking": []}, {"id": 9, "text": "Tay Ho", "label": "others", "box": [917, 564, 1022, 529], "linking": []}, {"id": 10, "text": " Total:", "label": "others", "box": [863, 613, 948, 581], "linking": []}, {"id": 11, "text": " $110.85", "label": "total amount", "box": [953, 613, 1074, 581], "linking": []}, {"id": 12, "text": "Track your order", "label": "others", "box": [828, 733, 1112, 693], "linking": []}, {"id": 13, "text": "Your receipt", "label": "others", "box": [846, 919, 1100, 871], "linking": []}]