[{"id": 0, "text": " OPERATED", "label": "others", "box": [281, 213, 390, 192], "linking": []}, {"id": 1, "text": "merchant name", "label": "others", "box": [239, 266, 414, 228], "linking": []}, {"id": 2, "text": " BY", "label": "others", "box": [395, 212, 423, 192], "linking": []}, {"id": 3, "text": "merchant name", "label": "others", "box": [206, 320, 483, 298], "linking": []}, {"id": 4, "text": "merchant address", "label": "others", "box": [150, 344, 524, 322], "linking": []}, {"id": 5, "text": "360450 Ashley", "label": "others", "box": [148, 389, 309, 364], "linking": []}, {"id": 6, "text": "CHK 7481", "label": "others", "box": [148, 430, 248, 409], "linking": []}, {"id": 7, "text": " NOV08 19 5:38AM", "label": "others", "box": [246, 456, 447, 432], "linking": []}, {"id": 8, "text": " GST", "label": "others", "box": [479, 433, 523, 412], "linking": []}, {"id": 9, "text": " 1", "label": "others", "box": [528, 433, 541, 413], "linking": []}, {"id": 10, "text": "TO GO", "label": "others", "box": [212, 497, 275, 476], "linking": []}, {"id": 11, "text": " 1", "label": "e quantity", "box": [175, 542, 195, 521], "linking": []}, {"id": 12, "text": " VAN LATT SKNY", "label": "0 description beginning", "box": [198, 543, 365, 521], "linking": []}, {"id": 13, "text": "W/ EXTRA HOT", "label": "1 description inside", "box": [222, 563, 370, 542], "linking": []}, {"id": 14, "text": "NO FOAM", "label": "1 description inside", "box": [224, 584, 311, 564], "linking": []}, {"id": 15, "text": "BB OATMEAL STBK", "label": "0 description beginning", "box": [198, 606, 382, 584], "linking": []}, {"id": 16, "text": "Hearty Blueberry Oatmeal", "label": "1 description inside", "box": [199, 627, 489, 608], "linking": []}, {"id": 17, "text": "LBE SCNE BLUBRY", "label": "0 description beginning", "box": [196, 650, 379, 629], "linking": []}, {"id": 18, "text": "LaBoulange Scone Blueberry", "label": "1 description inside", "box": [197, 673, 513, 651], "linking": []}, {"id": 19, "text": "LBE LOAF LEM VAN", "label": "0 description beginning", "box": [175, 694, 392, 672], "linking": []}, {"id": 20, "text": "LaBoulange Loaf Lemon", "label": "1 description inside", "box": [197, 717, 453, 695], "linking": []}, {"id": 21, "text": "Vanilla", "label": "1 description inside", "box": [196, 739, 282, 716], "linking": []}, {"id": 22, "text": " V", "label": "0 description beginning", "box": [369, 543, 383, 522], "linking": []}, {"id": 23, "text": "5.80", "label": "5 total price per item", "box": [453, 542, 503, 520], "linking": []}, {"id": 24, "text": "4.15", "label": "5 total price per item", "box": [454, 605, 501, 585], "linking": []}, {"id": 25, "text": "3.25", "label": "5 total price per item", "box": [456, 649, 501, 629], "linking": []}, {"id": 26, "text": "3.40", "label": "5 total price per item", "box": [455, 695, 502, 673], "linking": []}, {"id": 27, "text": "SUBTOTAL", "label": "others", "box": [196, 783, 293, 762], "linking": []}, {"id": 28, "text": "TAX", "label": "others", "box": [199, 803, 234, 785], "linking": []}, {"id": 29, "text": "AMOUNT PAID", "label": "others", "box": [196, 825, 330, 806], "linking": []}, {"id": 30, "text": "AT027442 XXX2783", "label": "others", "box": [197, 849, 391, 828], "linking": []}, {"id": 31, "text": "MSTROD CC", "label": "others", "box": [195, 871, 306, 849], "linking": []}, {"id": 32, "text": " -- 360450 Closed NOV08 05:38AM ---", "label": "others", "box": [145, 895, 537, 873], "linking": []}, {"id": 33, "text": "16.60", "label": "sub total", "box": [443, 783, 501, 762], "linking": []}, {"id": 34, "text": "1.37", "label": "2 tax total", "box": [455, 803, 500, 783], "linking": []}, {"id": 35, "text": "97", "label": "total amount", "box": [443, 825, 497, 806], "linking": []}, {"id": 36, "text": "17.97", "label": "total amount", "box": [441, 871, 501, 850], "linking": []}, {"id": 37, "text": "WE WANT TO HEAR YOUR FEEDBACK!", "label": "others", "box": [153, 940, 524, 917], "linking": []}, {"id": 38, "text": "merchant phone", "label": "others", "box": [156, 963, 513, 939], "linking": []}, {"id": 39, "text": "OR CUSTOMERSERVICE@HMSHOST.COM", "label": "others", "box": [157, 987, 529, 962], "linking": []}, {"id": 40, "text": "TO SHARE YOUR EXPERIENCE.", "label": "others", "box": [178, 1010, 488, 985], "linking": []}, {"id": 41, "text": " STOREID:", "label": "others", "box": [228, 1055, 333, 1032], "linking": []}, {"id": 42, "text": " CLTSTA03", "label": "others", "box": [336, 1055, 441, 1032], "linking": []}]