[{"id": 0, "text": "merchant name", "label": "others", "box": [244, 153, 299, 127], "linking": []}, {"id": 1, "text": "merchant address", "label": "others", "box": [225, 183, 316, 168], "linking": []}, {"id": 2, "text": "merchant address", "label": "others", "box": [245, 199, 297, 184], "linking": []}, {"id": 3, "text": "merchant address", "label": "others", "box": [164, 215, 379, 197], "linking": []}, {"id": 4, "text": "10007 USA", "label": "others", "box": [240, 229, 297, 214], "linking": []}, {"id": 5, "text": " POS:", "label": "others", "box": [142, 260, 173, 245], "linking": []}, {"id": 6, "text": " 113C01", "label": "others", "box": [175, 260, 215, 245], "linking": []}, {"id": 7, "text": "TRANSACTION NUM. 125537", "label": "others", "box": [195, 275, 339, 260], "linking": []}, {"id": 8, "text": " TRANSACTION DATE:", "label": "others", "box": [144, 291, 254, 276], "linking": []}, {"id": 9, "text": " CASHIER .:", "label": "others", "box": [220, 306, 277, 292], "linking": []}, {"id": 10, "text": " 12/07/2019", "label": "others", "box": [257, 292, 322, 277], "linking": []}, {"id": 11, "text": " Mario", "label": "others", "box": [279, 306, 314, 292], "linking": []}, {"id": 12, "text": "Articles", "label": "others", "box": [143, 334, 195, 321], "linking": []}, {"id": 13, "text": "BIG CONE", "label": "0 description beginning", "box": [144, 348, 195, 335], "linking": []}, {"id": 14, "text": "TOPPING 1 $", "label": "0 description beginning", "box": [144, 362, 215, 348], "linking": []}, {"id": 15, "text": "Qty. Total", "label": "others", "box": [285, 334, 342, 321], "linking": []}, {"id": 16, "text": "x 1.000", "label": "e quantity", "box": [296, 348, 341, 336], "linking": []}, {"id": 17, "text": " \u00d7", "label": "others", "box": [297, 363, 307, 350], "linking": []}, {"id": 18, "text": "Price", "label": "others", "box": [364, 335, 397, 321], "linking": []}, {"id": 19, "text": "7.12", "label": "5 total price per item", "box": [363, 348, 391, 335], "linking": []}, {"id": 20, "text": "0.92", "label": "5 total price per item", "box": [365, 362, 392, 349], "linking": []}, {"id": 21, "text": " 1.000", "label": "e quantity", "box": [309, 362, 343, 350], "linking": []}, {"id": 22, "text": "VAT DESCR.", "label": "others", "box": [142, 408, 206, 394], "linking": []}, {"id": 23, "text": "TAXABLE", "label": "others", "box": [287, 407, 334, 393], "linking": []}, {"id": 24, "text": "TAX", "label": "others", "box": [373, 407, 396, 393], "linking": []}, {"id": 25, "text": "Tax 8.875 NYC", "label": "others", "box": [141, 440, 226, 424], "linking": []}, {"id": 26, "text": "8.04", "label": "sub total", "box": [306, 439, 334, 424], "linking": []}, {"id": 27, "text": "0.71", "label": "2 tax total", "box": [369, 438, 395, 424], "linking": []}, {"id": 28, "text": "SubTotal", "label": "others", "box": [139, 489, 241, 472], "linking": []}, {"id": 29, "text": "8.04", "label": "sub total", "box": [346, 487, 397, 471], "linking": []}, {"id": 30, "text": " Total", "label": "others", "box": [137, 534, 217, 506], "linking": []}, {"id": 31, "text": "POS", "label": "others", "box": [135, 566, 159, 550], "linking": []}, {"id": 32, "text": " USD", "label": "others", "box": [226, 533, 271, 507], "linking": []}, {"id": 33, "text": "8,75", "label": "total amount", "box": [346, 531, 398, 504], "linking": []}, {"id": 34, "text": "8,75", "label": "others", "box": [373, 564, 402, 547], "linking": []}, {"id": 35, "text": "Thank you bye bye!", "label": "others", "box": [209, 619, 330, 600], "linking": []}]