[{"id": 0, "text": "merchant name", "label": "others", "box": [424, 633, 515, 602], "linking": []}, {"id": 1, "text": "merchant address", "label": "others", "box": [329, 694, 611, 642], "linking": []}, {"id": 2, "text": " :- 06AALFN6263H1Z1", "label": "others", "box": [386, 746, 630, 699], "linking": []}, {"id": 3, "text": "merchant address", "label": "others", "box": [350, 720, 592, 675], "linking": []}, {"id": 4, "text": " GSTN", "label": "others", "box": [310, 747, 382, 717], "linking": []}, {"id": 5, "text": "[RETAIL INVOICE]", "label": "others", "box": [364, 831, 579, 791], "linking": []}, {"id": 6, "text": " : 19404000048732", "label": "others", "box": [370, 873, 585, 837], "linking": []}, {"id": 7, "text": "Bill No", "label": "others", "box": [148, 862, 223, 833], "linking": []}, {"id": 8, "text": "Bill Date", "label": "others", "box": [146, 893, 247, 862], "linking": []}, {"id": 9, "text": "Card No", "label": "others", "box": [145, 919, 245, 892], "linking": []}, {"id": 10, "text": "Cashier", "label": "others", "box": [144, 946, 239, 920], "linking": []}, {"id": 11, "text": " : 2019-11-22 21:16:58", "label": "others", "box": [368, 900, 622, 865], "linking": []}, {"id": 12, "text": " : 0000", "label": "others", "box": [367, 927, 440, 903], "linking": []}, {"id": 13, "text": " : Cashier", "label": "others", "box": [368, 955, 471, 930], "linking": []}, {"id": 14, "text": "Description", "label": "others", "box": [142, 1008, 280, 974], "linking": []}, {"id": 15, "text": "Paneer Shashlik Tikka", "label": "0 description beginning", "box": [139, 1070, 404, 1033], "linking": []}, {"id": 16, "text": "Bill Total", "label": "others", "box": [137, 1122, 243, 1092], "linking": []}, {"id": 17, "text": "Discount", "label": "others", "box": [135, 1151, 244, 1123], "linking": []}, {"id": 18, "text": "Taxable Amount", "label": "others", "box": [131, 1184, 331, 1152], "linking": []}, {"id": 19, "text": " SGST:", "label": "others", "box": [131, 1213, 219, 1184], "linking": []}, {"id": 20, "text": " CGST:", "label": "others", "box": [129, 1244, 220, 1214], "linking": []}, {"id": 21, "text": "R. Off.", "label": "others", "box": [129, 1273, 216, 1245], "linking": []}, {"id": 22, "text": "Qty", "label": "others", "box": [524, 1009, 575, 985], "linking": []}, {"id": 23, "text": "Amount", "label": "others", "box": [582, 1005, 682, 978], "linking": []}, {"id": 24, "text": "1", "label": "e quantity", "box": [526, 1066, 536, 1047], "linking": []}, {"id": 25, "text": "190", "label": "total amount", "box": [609, 1062, 646, 1038], "linking": []}, {"id": 26, "text": " Rs.", "label": "others", "box": [476, 1127, 518, 1102], "linking": []}, {"id": 27, "text": "Rs. 0", "label": "others", "box": [474, 1155, 537, 1129], "linking": []}, {"id": 28, "text": " 190", "label": "sub total", "box": [522, 1185, 569, 1158], "linking": []}, {"id": 29, "text": "Rs. 4.75", "label": "2 tax total", "box": [474, 1215, 578, 1187], "linking": []}, {"id": 30, "text": "Rs. 4.75", "label": "2 tax total", "box": [475, 1245, 574, 1216], "linking": []}, {"id": 31, "text": "Rs. 0.5", "label": "others", "box": [474, 1276, 562, 1248], "linking": []}, {"id": 32, "text": " 190", "label": "others", "box": [522, 1126, 568, 1100], "linking": []}, {"id": 33, "text": " @2.5%", "label": "others", "box": [224, 1215, 316, 1185], "linking": []}, {"id": 34, "text": " @2.5%", "label": "others", "box": [225, 1245, 320, 1217], "linking": []}, {"id": 35, "text": " Rs.", "label": "others", "box": [476, 1185, 518, 1159], "linking": []}, {"id": 36, "text": "Amount Payable Rs. 200", "label": "total amount", "box": [313, 1341, 631, 1307], "linking": []}, {"id": 37, "text": " Order No", "label": "others", "box": [390, 1401, 504, 1372], "linking": []}, {"id": 38, "text": " : 85", "label": "others", "box": [509, 1401, 562, 1373], "linking": []}]