[{"id": 0, "text": "- visiting thise", "label": "others", "box": [769, 82, 977, 54], "linking": []}, {"id": 1, "text": "Nadine Varella, General Manager", "label": "others", "box": [561, 117, 989, 81], "linking": []}, {"id": 2, "text": "We Love Your Feedback!", "label": "others", "box": [611, 151, 926, 125], "linking": []}, {"id": 3, "text": "merchant name", "label": "others", "box": [576, 97, 846, 68], "linking": []}, {"id": 4, "text": "merchant phone", "label": "others", "box": [676, 126, 873, 102], "linking": []}, {"id": 5, "text": "Text @LTF41042 to 73940", "label": "others", "box": [608, 186, 938, 148], "linking": []}, {"id": 6, "text": " 0.53", "label": "0 description beginning", "box": [481, 289, 547, 252], "linking": []}, {"id": 7, "text": " Salad Bar Lunch", "label": "1 description inside", "box": [482, 330, 708, 291], "linking": []}, {"id": 8, "text": " 1b x $ 6.72/1b", "label": "1 description inside", "box": [553, 295, 756, 253], "linking": []}, {"id": 9, "text": " Lg", "label": "1 description inside", "box": [719, 331, 757, 297], "linking": []}, {"id": 10, "text": "USD", "label": "others", "box": [1021, 264, 1063, 232], "linking": []}, {"id": 11, "text": "Monster Energy Zero", "label": "0 description beginning", "box": [483, 368, 756, 326], "linking": []}, {"id": 12, "text": "3.56", "label": "5 total price per item", "box": [1000, 337, 1064, 304], "linking": []}, {"id": 13, "text": "3.00", "label": "5 total price per item", "box": [1003, 373, 1058, 343], "linking": []}, {"id": 14, "text": "Sub Total", "label": "others", "box": [802, 439, 926, 405], "linking": []}, {"id": 15, "text": "Tax Amount", "label": "others", "box": [800, 471, 940, 436], "linking": []}, {"id": 16, "text": "6.56", "label": "sub total", "box": [994, 445, 1053, 411], "linking": []}, {"id": 17, "text": "0.46", "label": "2 tax total", "box": [986, 474, 1048, 445], "linking": []}, {"id": 18, "text": "Total USD", "label": "others", "box": [481, 589, 721, 529], "linking": []}, {"id": 19, "text": "7.02", "label": "total amount", "box": [927, 593, 1037, 539], "linking": []}, {"id": 20, "text": "5009 AMERICAN EXPRESS", "label": "others", "box": [480, 718, 761, 680], "linking": []}, {"id": 21, "text": "7.02", "label": "others", "box": [979, 719, 1034, 688], "linking": []}, {"id": 22, "text": "Tax", "label": "others", "box": [476, 800, 528, 770], "linking": []}, {"id": 23, "text": " ()", "label": "others", "box": [478, 831, 512, 800], "linking": []}, {"id": 24, "text": " 7.00", "label": "others", "box": [517, 833, 576, 801], "linking": []}, {"id": 25, "text": " Taxable Amount", "label": "others", "box": [691, 816, 884, 781], "linking": []}, {"id": 26, "text": "6.56", "label": "sub total", "box": [819, 843, 876, 816], "linking": []}, {"id": 27, "text": " Tax Amount", "label": "others", "box": [894, 817, 1033, 786], "linking": []}, {"id": 28, "text": "0.46", "label": "2 tax total", "box": [972, 846, 1031, 820], "linking": []}, {"id": 29, "text": " 11/21/2019 01:17 PM #:57304 Op:3051 C:113", "label": "others", "box": [474, 939, 1034, 893], "linking": []}, {"id": 30, "text": " Served you", "label": "others", "box": [468, 994, 613, 961], "linking": []}, {"id": 31, "text": " 101 S:1131", "label": "others", "box": [473, 960, 607, 927], "linking": []}, {"id": 32, "text": " : Denise Gray", "label": "others", "box": [619, 997, 796, 962], "linking": []}, {"id": 33, "text": "*** Customer copy ***", "label": "others", "box": [593, 1124, 873, 1090], "linking": []}, {"id": 34, "text": "AMEX Sunrise 937-6", "label": "others", "box": [612, 1190, 860, 1153], "linking": []}, {"id": 35, "text": "I agree to pay the above total amount", "label": "others", "box": [479, 1222, 973, 1182], "linking": []}, {"id": 36, "text": "according to card issuer", "label": "others", "box": [571, 1250, 895, 1221], "linking": []}, {"id": 37, "text": " if Credit", "label": "others", "box": [863, 1282, 983, 1250], "linking": []}, {"id": 38, "text": "Voucher)Retain this copy for your", "label": "others", "box": [506, 1313, 944, 1281], "linking": []}, {"id": 39, "text": "records.", "label": "others", "box": [680, 1343, 782, 1316], "linking": []}, {"id": 40, "text": " agreement. (Merchant agreement", "label": "others", "box": [467, 1282, 858, 1251], "linking": []}, {"id": 41, "text": "PURCHASE / APPROVED", "label": "others", "box": [464, 1407, 721, 1373], "linking": []}, {"id": 42, "text": "AMERICAN EXPRESS", "label": "others", "box": [463, 1438, 677, 1406], "linking": []}, {"id": 43, "text": "*********** 1005", "label": "others", "box": [462, 1470, 666, 1440], "linking": []}, {"id": 44, "text": "CHIP READ /", "label": "others", "box": [463, 1505, 610, 1471], "linking": []}, {"id": 45, "text": " 2019/11/21 13:17:16", "label": "others", "box": [459, 1573, 716, 1538], "linking": []}, {"id": 46, "text": "TID", "label": "others", "box": [463, 1602, 506, 1572], "linking": []}, {"id": 47, "text": "MID", "label": "others", "box": [457, 1632, 496, 1603], "linking": []}, {"id": 48, "text": "REFERENCE", "label": "others", "box": [452, 1669, 583, 1635], "linking": []}, {"id": 49, "text": "AUTH CODE", "label": "others", "box": [455, 1703, 579, 1667], "linking": []}, {"id": 50, "text": "**** 5748", "label": "others", "box": [882, 1607, 992, 1575], "linking": []}, {"id": 51, "text": "6634461", "label": "others", "box": [894, 1639, 986, 1608], "linking": []}, {"id": 52, "text": "S1131T113101#57304@517427", "label": "others", "box": [656, 1671, 987, 1634], "linking": []}, {"id": 53, "text": "803476", "label": "others", "box": [909, 1703, 986, 1673], "linking": []}, {"id": 54, "text": "TOTAL", "label": "others", "box": [457, 1774, 526, 1742], "linking": []}, {"id": 55, "text": "USD7.02", "label": "others", "box": [890, 1768, 990, 1736], "linking": []}, {"id": 56, "text": " ARC:", "label": "others", "box": [459, 1844, 513, 1809], "linking": []}, {"id": 57, "text": " TSI:", "label": "others", "box": [461, 1879, 511, 1843], "linking": []}, {"id": 58, "text": " IAD:", "label": "others", "box": [457, 1915, 510, 1878], "linking": []}, {"id": 59, "text": " TVR:", "label": "others", "box": [459, 1953, 509, 1916], "linking": []}, {"id": 60, "text": " AID:", "label": "others", "box": [460, 1991, 507, 1953], "linking": []}, {"id": 61, "text": " PAN Seq No:", "label": "others", "box": [462, 2029, 603, 1989], "linking": []}, {"id": 62, "text": " 00", "label": "others", "box": [518, 1842, 552, 1808], "linking": []}, {"id": 63, "text": " F800", "label": "others", "box": [518, 1878, 583, 1841], "linking": []}, {"id": 64, "text": " 065A0103602002", "label": "others", "box": [517, 1913, 715, 1871], "linking": []}, {"id": 65, "text": " A000000025010801", "label": "others", "box": [514, 1991, 745, 1944], "linking": []}, {"id": 66, "text": " 0000008000", "label": "others", "box": [514, 1952, 659, 1909], "linking": []}, {"id": 67, "text": " 00", "label": "others", "box": [609, 2027, 650, 1989], "linking": []}]