[{"id": 0, "text": "merchant name", "label": "others", "box": [81, 105, 302, 71], "linking": []}, {"id": 1, "text": "merchant address", "label": "others", "box": [73, 146, 314, 116], "linking": []}, {"id": 2, "text": "CHK 655751", "label": "others", "box": [147, 187, 245, 164], "linking": []}, {"id": 3, "text": " 11/03/2019 06:52 PM", "label": "others", "box": [102, 212, 286, 186], "linking": []}, {"id": 4, "text": " Drawer:", "label": "others", "box": [154, 233, 233, 212], "linking": []}, {"id": 5, "text": "merchant address", "label": "others", "box": [149, 120, 246, 99], "linking": []}, {"id": 6, "text": "2503030", "label": "others", "box": [61, 234, 132, 213], "linking": []}, {"id": 7, "text": " 1 Reg:", "label": "others", "box": [236, 231, 310, 209], "linking": []}, {"id": 8, "text": " 2", "label": "others", "box": [314, 229, 328, 208], "linking": []}, {"id": 9, "text": "Biscotti Vanilla", "label": "0 description beginning", "box": [30, 281, 188, 259], "linking": []}, {"id": 10, "text": "Choc Chip Pbtr Bar", "label": "0 description beginning", "box": [28, 305, 208, 281], "linking": []}, {"id": 11, "text": "Sqrl Almonds", "label": "0 description beginning", "box": [28, 327, 149, 306], "linking": []}, {"id": 12, "text": "Apple Bluebry Bar", "label": "0 description beginning", "box": [27, 353, 198, 329], "linking": []}, {"id": 13, "text": "Gr Cappuccino", "label": "0 description beginning", "box": [29, 377, 158, 355], "linking": []}, {"id": 14, "text": "Hazelnut", "label": "1 description inside", "box": [50, 401, 129, 379], "linking": []}, {"id": 15, "text": "1.95", "label": "5 total price per item", "box": [308, 276, 348, 256], "linking": []}, {"id": 16, "text": "3.45", "label": "5 total price per item", "box": [306, 301, 350, 280], "linking": []}, {"id": 17, "text": "2.25", "label": "5 total price per item", "box": [306, 326, 349, 303], "linking": []}, {"id": 18, "text": "1.95", "label": "5 total price per item", "box": [311, 352, 349, 328], "linking": []}, {"id": 19, "text": "4.65", "label": "5 total price per item", "box": [309, 375, 352, 355], "linking": []}, {"id": 20, "text": "0.50", "label": "5 total price per item", "box": [308, 400, 351, 380], "linking": []}, {"id": 21, "text": "Amex", "label": "others", "box": [34, 449, 76, 431], "linking": []}, {"id": 22, "text": "XXXXXXXXXXXX5002", "label": "others", "box": [34, 475, 192, 455], "linking": []}, {"id": 23, "text": " Card Entry:", "label": "others", "box": [36, 501, 146, 479], "linking": []}, {"id": 24, "text": " Trans Type:", "label": "others", "box": [38, 527, 146, 503], "linking": []}, {"id": 25, "text": " Reference #:", "label": "others", "box": [40, 548, 159, 527], "linking": []}, {"id": 26, "text": " App Label:", "label": "others", "box": [42, 570, 141, 550], "linking": []}, {"id": 27, "text": " Auth #:", "label": "others", "box": [44, 592, 114, 571], "linking": []}, {"id": 28, "text": " AID:", "label": "others", "box": [45, 615, 87, 595], "linking": []}, {"id": 29, "text": " TVR:", "label": "others", "box": [47, 638, 88, 618], "linking": []}, {"id": 30, "text": " TSI:", "label": "others", "box": [48, 660, 90, 641], "linking": []}, {"id": 31, "text": "15.21", "label": "others", "box": [301, 452, 350, 428], "linking": []}, {"id": 32, "text": " QUICK CHIP", "label": "others", "box": [150, 501, 254, 480], "linking": []}, {"id": 33, "text": " PURCHASE", "label": "others", "box": [151, 527, 234, 503], "linking": []}, {"id": 34, "text": " 00000137", "label": "others", "box": [163, 548, 244, 529], "linking": []}, {"id": 35, "text": " AMERICAN EXPRESS", "label": "others", "box": [144, 573, 305, 551], "linking": []}, {"id": 36, "text": " 885039", "label": "others", "box": [118, 594, 179, 573], "linking": []}, {"id": 37, "text": " A000000025010801", "label": "others", "box": [90, 620, 246, 596], "linking": []}, {"id": 38, "text": " 0000008000", "label": "others", "box": [91, 641, 191, 619], "linking": []}, {"id": 39, "text": " E800", "label": "others", "box": [93, 661, 135, 642], "linking": []}, {"id": 40, "text": "Subtotal", "label": "others", "box": [43, 704, 121, 681], "linking": []}, {"id": 41, "text": "Tax 8.875%", "label": "others", "box": [42, 729, 140, 705], "linking": []}, {"id": 42, "text": "$14.75", "label": "sub total", "box": [284, 717, 348, 695], "linking": []}, {"id": 43, "text": "$0.46", "label": "2 tax total", "box": [296, 741, 348, 719], "linking": []}, {"id": 44, "text": "$15.21", "label": "total amount", "box": [285, 767, 349, 743], "linking": []}, {"id": 45, "text": "$0.00", "label": "others", "box": [307, 799, 415, 770], "linking": []}, {"id": 46, "text": "Total", "label": "others", "box": [39, 751, 90, 726], "linking": []}, {"id": 47, "text": "hange Due", "label": "others", "box": [26, 787, 207, 751], "linking": []}, {"id": 48, "text": "Check Closed", "label": "others", "box": [123, 841, 250, 811], "linking": []}, {"id": 49, "text": " 11/03/2019 06:52 PM", "label": "others", "box": [105, 876, 304, 837], "linking": []}]