[{"id": 0, "text": "merchant name", "label": "others", "box": [333, 379, 597, 352], "linking": []}, {"id": 1, "text": "merchant address", "label": "others", "box": [311, 413, 585, 392], "linking": []}, {"id": 2, "text": "merchant phone", "label": "others", "box": [347, 436, 531, 414], "linking": []}, {"id": 3, "text": "merchant address", "label": "others", "box": [380, 392, 529, 371], "linking": []}, {"id": 4, "text": "merchant name", "label": "others", "box": [1013, 464, 1293, 434], "linking": []}, {"id": 5, "text": "merchant address", "label": "others", "box": [1225, 514, 1307, 482], "linking": []}, {"id": 6, "text": "merchant phone", "label": "others", "box": [1069, 552, 1262, 514], "linking": []}, {"id": 7, "text": " Server", "label": "others", "box": [104, 483, 189, 461], "linking": []}, {"id": 8, "text": " 10:03 PM", "label": "others", "box": [91, 517, 217, 485], "linking": []}, {"id": 9, "text": "Table 11/1", "label": "others", "box": [93, 559, 251, 519], "linking": []}, {"id": 10, "text": " : Khan", "label": "others", "box": [193, 483, 284, 461], "linking": []}, {"id": 11, "text": " DOB", "label": "others", "box": [514, 480, 560, 457], "linking": []}, {"id": 12, "text": " :", "label": "others", "box": [564, 481, 585, 459], "linking": []}, {"id": 13, "text": "11/18/2019", "label": "others", "box": [588, 484, 760, 456], "linking": []}, {"id": 14, "text": "11/18/2019", "label": "others", "box": [599, 527, 757, 490], "linking": []}, {"id": 15, "text": "2/20257", "label": "others", "box": [645, 568, 760, 532], "linking": []}, {"id": 16, "text": "merchant address", "label": "others", "box": [1080, 487, 1240, 461], "linking": []}, {"id": 17, "text": "merchant address", "label": "others", "box": [1025, 515, 1220, 485], "linking": []}, {"id": 18, "text": "SALE", "label": "others", "box": [394, 640, 463, 604], "linking": []}, {"id": 19, "text": " Server", "label": "others", "box": [827, 638, 917, 603], "linking": []}, {"id": 20, "text": "Table 11/1", "label": "others", "box": [832, 676, 986, 638], "linking": []}, {"id": 21, "text": " 2", "label": "others", "box": [954, 714, 976, 679], "linking": []}, {"id": 22, "text": " : Khan", "label": "others", "box": [923, 635, 1025, 601], "linking": []}, {"id": 23, "text": "11/18/2019", "label": "others", "box": [1329, 628, 1484, 593], "linking": []}, {"id": 24, "text": " 10:00 PM", "label": "others", "box": [1357, 667, 1484, 634], "linking": []}, {"id": 25, "text": "20257", "label": "others", "box": [1399, 703, 1478, 672], "linking": []}, {"id": 26, "text": "Amex", "label": "others", "box": [112, 710, 179, 681], "linking": []}, {"id": 27, "text": "Card #XXXXXXXXXXX3001", "label": "others", "box": [113, 752, 434, 716], "linking": []}, {"id": 28, "text": " Magnetic card present:", "label": "others", "box": [120, 794, 454, 753], "linking": []}, {"id": 29, "text": " Card Entry Method:", "label": "others", "box": [129, 859, 398, 824], "linking": []}, {"id": 30, "text": " Guests:", "label": "others", "box": [833, 717, 948, 680], "linking": []}, {"id": 31, "text": "2097210", "label": "others", "box": [640, 728, 757, 694], "linking": []}, {"id": 32, "text": "Stella Artois (3 @9.00)", "label": "0 description beginning", "box": [832, 793, 1183, 749], "linking": []}, {"id": 33, "text": "APP SP", "label": "0 description beginning", "box": [831, 827, 927, 796], "linking": []}, {"id": 34, "text": "Shepherds Pie", "label": "0 description beginning", "box": [832, 866, 1034, 831], "linking": []}, {"id": 35, "text": "27. 00", "label": "5 total price per item", "box": [1393, 779, 1476, 746], "linking": []}, {"id": 36, "text": "12. 00", "label": "5 total price per item", "box": [1393, 816, 1470, 784], "linking": []}, {"id": 37, "text": "21. 00", "label": "5 total price per item", "box": [1389, 852, 1468, 820], "linking": []}, {"id": 38, "text": "co", "label": "others", "box": [420, 860, 446, 830], "linking": []}, {"id": 39, "text": " Approval:", "label": "others", "box": [126, 927, 266, 893], "linking": []}, {"id": 40, "text": " 561036", "label": "others", "box": [271, 929, 369, 895], "linking": []}, {"id": 41, "text": "Complete Subtotal", "label": "others", "box": [832, 929, 1089, 900], "linking": []}, {"id": 42, "text": "60.00", "label": "sub total", "box": [1383, 924, 1460, 895], "linking": []}, {"id": 43, "text": "Subtotal", "label": "others", "box": [839, 984, 963, 955], "linking": []}, {"id": 44, "text": "Tax", "label": "others", "box": [842, 1015, 893, 988], "linking": []}, {"id": 45, "text": "60.00", "label": "sub total", "box": [1400, 982, 1474, 954], "linking": []}, {"id": 46, "text": "5.33", "label": "2 tax total", "box": [1419, 1016, 1484, 985], "linking": []}, {"id": 47, "text": " Amount", "label": "others", "box": [416, 1007, 502, 974], "linking": []}, {"id": 48, "text": " :", "label": "others", "box": [507, 1007, 522, 976], "linking": []}, {"id": 49, "text": "$65. 33", "label": "sub total", "box": [660, 1015, 753, 980], "linking": []}, {"id": 50, "text": "$ 12.00", "label": "3 tip", "box": [559, 1082, 754, 1022], "linking": []}, {"id": 51, "text": "$77.33", "label": "total amount", "box": [539, 1161, 742, 1094], "linking": []}, {"id": 52, "text": " + Tip:", "label": "others", "box": [431, 1077, 521, 1047], "linking": []}, {"id": 53, "text": "Total", "label": "others", "box": [847, 1087, 924, 1054], "linking": []}, {"id": 54, "text": "65.33", "label": "total amount", "box": [1422, 1085, 1499, 1054], "linking": []}, {"id": 55, "text": " = Total", "label": "others", "box": [391, 1152, 493, 1116], "linking": []}, {"id": 56, "text": " :", "label": "others", "box": [498, 1152, 525, 1120], "linking": []}, {"id": 57, "text": "Balance Due", "label": "others", "box": [847, 1162, 1209, 1127], "linking": []}, {"id": 58, "text": "65.33", "label": "total amount", "box": [1358, 1160, 1515, 1125], "linking": []}, {"id": 59, "text": " I", "label": "others", "box": [228, 1257, 248, 1222], "linking": []}, {"id": 60, "text": "total amount according to the", "label": "others", "box": [181, 1308, 635, 1258], "linking": []}, {"id": 61, "text": " agreement.", "label": "others", "box": [420, 1346, 574, 1307], "linking": []}, {"id": 62, "text": "J. Wesses", "label": "others", "box": [355, 1421, 592, 1355], "linking": []}, {"id": 63, "text": "If You Have Enjoyed", "label": "others", "box": [244, 1501, 548, 1450], "linking": []}, {"id": 64, "text": " With Us", "label": "others", "box": [407, 1539, 530, 1499], "linking": []}, {"id": 65, "text": " agree to pay the above", "label": "others", "box": [253, 1269, 606, 1224], "linking": []}, {"id": 66, "text": " card issuer", "label": "others", "box": [233, 1341, 413, 1300], "linking": []}, {"id": 67, "text": " If", "label": "others", "box": [1034, 1242, 1069, 1205], "linking": []}, {"id": 68, "text": " Your", "label": "others", "box": [1048, 1279, 1126, 1246], "linking": []}, {"id": 69, "text": " You Have Enjoyed", "label": "others", "box": [1075, 1241, 1345, 1205], "linking": []}, {"id": 70, "text": " Time With Us", "label": "others", "box": [1132, 1280, 1330, 1245], "linking": []}, {"id": 71, "text": " YELP.", "label": "others", "box": [1305, 1312, 1380, 1280], "linking": []}, {"id": 72, "text": " Please Review Us On", "label": "others", "box": [979, 1311, 1300, 1272], "linking": []}, {"id": 73, "text": " COM", "label": "others", "box": [1384, 1313, 1436, 1278], "linking": []}, {"id": 74, "text": "X", "label": "others", "box": [86, 1393, 106, 1370], "linking": []}, {"id": 75, "text": " Your", "label": "others", "box": [254, 1530, 327, 1493], "linking": []}, {"id": 76, "text": " Time", "label": "others", "box": [332, 1534, 403, 1496], "linking": []}, {"id": 77, "text": "Please Review Us On YELP. COM", "label": "others", "box": [176, 1580, 623, 1526], "linking": []}, {"id": 78, "text": "\u949f\u949f", "label": "others", "box": [983, 1683, 1195, 1532], "linking": []}, {"id": 79, "text": ">>Customer Copy<<", "label": "others", "box": [247, 1697, 524, 1648], "linking": []}]