[{"id": 0, "text": "merchant name", "label": "others", "box": [117, 89, 411, 28], "linking": []}, {"id": 1, "text": "merchant name", "label": "others", "box": [158, 122, 375, 100], "linking": []}, {"id": 2, "text": "Chopt Creative Salad Co.", "label": "others", "box": [143, 187, 384, 163], "linking": []}, {"id": 3, "text": " Server:", "label": "others", "box": [32, 238, 109, 212], "linking": []}, {"id": 4, "text": "Check #1426", "label": "others", "box": [35, 260, 147, 238], "linking": []}, {"id": 5, "text": " Julia M", "label": "others", "box": [113, 238, 188, 212], "linking": []}, {"id": 6, "text": "11/20/19", "label": "others", "box": [416, 231, 500, 207], "linking": []}, {"id": 7, "text": " 8:27 PM", "label": "others", "box": [424, 255, 500, 232], "linking": []}, {"id": 8, "text": "Crispy Chicken Ranch Salad", "label": "0 description beginning", "box": [34, 336, 296, 312], "linking": []}, {"id": 9, "text": "Honest Tea Half & Half", "label": "0 description beginning", "box": [33, 358, 257, 337], "linking": []}, {"id": 10, "text": "$11.49", "label": "5 total price per item", "box": [433, 333, 502, 307], "linking": []}, {"id": 11, "text": "$2.49", "label": "5 total price per item", "box": [447, 357, 501, 332], "linking": []}, {"id": 12, "text": "Subtotal", "label": "others", "box": [33, 408, 115, 386], "linking": []}, {"id": 13, "text": "Tax", "label": "others", "box": [35, 433, 69, 413], "linking": []}, {"id": 14, "text": "Total", "label": "others", "box": [38, 457, 87, 437], "linking": []}, {"id": 15, "text": "$13.98", "label": "sub total", "box": [434, 407, 500, 384], "linking": []}, {"id": 16, "text": "$1.24", "label": "2 tax total", "box": [445, 432, 500, 410], "linking": []}, {"id": 17, "text": "$15.22", "label": "total amount", "box": [433, 459, 497, 434], "linking": []}, {"id": 18, "text": "Credit Card", "label": "others", "box": [40, 505, 152, 484], "linking": []}, {"id": 19, "text": "Amex", "label": "others", "box": [44, 531, 83, 507], "linking": []}, {"id": 20, "text": "Swiped", "label": "others", "box": [433, 508, 498, 485], "linking": []}, {"id": 21, "text": "xxxxxxxx1002", "label": "others", "box": [373, 532, 496, 511], "linking": []}, {"id": 22, "text": "Transaction Type", "label": "others", "box": [48, 577, 204, 552], "linking": []}, {"id": 23, "text": "Authorization", "label": "others", "box": [47, 598, 175, 578], "linking": []}, {"id": 24, "text": "Approval Code", "label": "others", "box": [47, 623, 174, 601], "linking": []}, {"id": 25, "text": "Payment ID", "label": "others", "box": [47, 648, 147, 622], "linking": []}, {"id": 26, "text": "Merchant ID", "label": "others", "box": [48, 668, 156, 648], "linking": []}, {"id": 27, "text": "Card Reader", "label": "others", "box": [49, 694, 155, 670], "linking": []}, {"id": 28, "text": "Sale", "label": "others", "box": [453, 579, 496, 559], "linking": []}, {"id": 29, "text": "Approved", "label": "others", "box": [413, 604, 495, 583], "linking": []}, {"id": 30, "text": "582989", "label": "others", "box": [432, 626, 495, 606], "linking": []}, {"id": 31, "text": "rFdYwTmTHYrk", "label": "others", "box": [374, 651, 495, 630], "linking": []}, {"id": 32, "text": "032656371", "label": "others", "box": [401, 675, 493, 653], "linking": []}, {"id": 33, "text": "MAGTEK_DYNAMAG", "label": "others", "box": [349, 701, 493, 670], "linking": []}, {"id": 34, "text": "$15.22", "label": "total amount", "box": [429, 748, 493, 724], "linking": []}, {"id": 35, "text": "Amount", "label": "others", "box": [144, 738, 204, 719], "linking": []}, {"id": 36, "text": "Thank you for dining with us!", "label": "others", "box": [132, 832, 404, 807], "linking": []}, {"id": 37, "text": "Download at", "label": "others", "box": [216, 872, 322, 849], "linking": []}, {"id": 38, "text": " http://choptsalad.com/order", "label": "others", "box": [143, 902, 395, 872], "linking": []}, {"id": 39, "text": "Earn rewards with the Chopt App.", "label": "others", "box": [118, 859, 418, 829], "linking": []}]