[{"id": 0, "text": "merchant name", "label": "others", "box": [920, 204, 1322, 159], "linking": []}, {"id": 1, "text": "merchant address", "label": "others", "box": [898, 276, 1340, 231], "linking": []}, {"id": 2, "text": "CHK 657077", "label": "others", "box": [1041, 345, 1213, 308], "linking": []}, {"id": 3, "text": " 11/11/2019 07:30 AM", "label": "others", "box": [956, 385, 1293, 346], "linking": []}, {"id": 4, "text": " Drawer:", "label": "others", "box": [1054, 422, 1194, 383], "linking": []}, {"id": 5, "text": "merchant address", "label": "others", "box": [1035, 236, 1213, 199], "linking": []}, {"id": 6, "text": "1694695", "label": "others", "box": [884, 419, 1012, 384], "linking": []}, {"id": 7, "text": " 1 Reg:", "label": "others", "box": [1201, 420, 1333, 380], "linking": []}, {"id": 8, "text": " 2", "label": "others", "box": [1339, 417, 1363, 380], "linking": []}, {"id": 9, "text": "Salted Chips", "label": "0 description beginning", "box": [822, 498, 1042, 459], "linking": []}, {"id": 10, "text": "Banana Nut Bread", "label": "0 description beginning", "box": [821, 537, 1120, 501], "linking": []}, {"id": 11, "text": "Warmed", "label": "1 description inside", "box": [858, 577, 979, 542], "linking": []}, {"id": 12, "text": "Pumpkin Loaf Cake", "label": "0 description beginning", "box": [822, 616, 1139, 579], "linking": []}, {"id": 13, "text": "Warmed", "label": "1 description inside", "box": [849, 655, 978, 619], "linking": []}, {"id": 14, "text": "Tl Cappuccino", "label": "0 description beginning", "box": [824, 696, 1068, 655], "linking": []}, {"id": 15, "text": "1.75", "label": "5 total price per item", "box": [1328, 493, 1404, 456], "linking": []}, {"id": 16, "text": "3.45", "label": "5 total price per item", "box": [1325, 531, 1405, 494], "linking": []}, {"id": 17, "text": "3.45", "label": "5 total price per item", "box": [1330, 610, 1405, 573], "linking": []}, {"id": 18, "text": "3.95", "label": "5 total price per item", "box": [1329, 690, 1408, 652], "linking": []}, {"id": 19, "text": "Amex", "label": "others", "box": [825, 774, 894, 741], "linking": []}, {"id": 20, "text": "XXXXXXXXXXXX1006", "label": "others", "box": [815, 820, 1123, 780], "linking": []}, {"id": 21, "text": " QUICK CHIP", "label": "others", "box": [1035, 862, 1232, 821], "linking": []}, {"id": 22, "text": " PURCHASE", "label": "others", "box": [1035, 905, 1198, 864], "linking": []}, {"id": 23, "text": " Reference #:", "label": "others", "box": [812, 949, 1045, 907], "linking": []}, {"id": 24, "text": " AMERICAN EXPRESS", "label": "others", "box": [1016, 990, 1323, 947], "linking": []}, {"id": 25, "text": " 843474", "label": "others", "box": [958, 1032, 1079, 992], "linking": []}, {"id": 26, "text": " A000000025010801", "label": "others", "box": [900, 1077, 1214, 1034], "linking": []}, {"id": 27, "text": " 0000008000", "label": "others", "box": [903, 1121, 1099, 1079], "linking": []}, {"id": 28, "text": " E800", "label": "others", "box": [904, 1164, 987, 1124], "linking": []}, {"id": 29, "text": "12.95", "label": "others", "box": [1326, 772, 1407, 731], "linking": []}, {"id": 30, "text": " Card Entry:", "label": "others", "box": [818, 862, 1028, 822], "linking": []}, {"id": 31, "text": " Trans Type:", "label": "others", "box": [818, 905, 1029, 865], "linking": []}, {"id": 32, "text": " 00000011", "label": "others", "box": [1052, 950, 1210, 907], "linking": []}, {"id": 33, "text": " App Label:", "label": "others", "box": [813, 990, 1010, 950], "linking": []}, {"id": 34, "text": " Auth #:", "label": "others", "box": [813, 1033, 952, 993], "linking": []}, {"id": 35, "text": " AID:", "label": "others", "box": [808, 1076, 893, 1036], "linking": []}, {"id": 36, "text": " TVR:", "label": "others", "box": [813, 1119, 895, 1079], "linking": []}, {"id": 37, "text": " TSI:", "label": "others", "box": [813, 1164, 897, 1126], "linking": []}, {"id": 38, "text": "Subtotal", "label": "others", "box": [803, 1253, 958, 1213], "linking": []}, {"id": 39, "text": "Tax 8.875%", "label": "others", "box": [809, 1299, 1009, 1258], "linking": []}, {"id": 40, "text": "Total", "label": "others", "box": [807, 1343, 904, 1304], "linking": []}, {"id": 41, "text": "Change Due", "label": "others", "box": [741, 1394, 1139, 1346], "linking": []}, {"id": 42, "text": "$12.60", "label": "sub total", "box": [1284, 1253, 1409, 1213], "linking": []}, {"id": 43, "text": "$0.35", "label": "2 tax total", "box": [1310, 1298, 1411, 1257], "linking": []}, {"id": 44, "text": "$12.95", "label": "total amount", "box": [1293, 1343, 1413, 1303], "linking": []}, {"id": 45, "text": "$0.00", "label": "others", "box": [1328, 1391, 1524, 1346], "linking": []}, {"id": 46, "text": "Check Closed --", "label": "others", "box": [966, 1484, 1268, 1440], "linking": []}, {"id": 47, "text": " 11/11/2019 07:30 AM", "label": "others", "box": [944, 1535, 1328, 1488], "linking": []}, {"id": 48, "text": "Merchandise, Packaged Coffee and", "label": "others", "box": [790, 1730, 1446, 1681], "linking": []}, {"id": 49, "text": "Packaged Tea on this receipt may be", "label": "others", "box": [775, 1779, 1488, 1732], "linking": []}, {"id": 50, "text": "returned or exchanged within 60 days", "label": "others", "box": [775, 1829, 1510, 1782], "linking": []}, {"id": 51, "text": "of the transaction date printed", "label": "others", "box": [806, 1881, 1454, 1832], "linking": []}, {"id": 52, "text": "above. All returns or exchanges must", "label": "others", "box": [741, 1935, 1492, 1887], "linking": []}, {"id": 53, "text": "be accompanied with this original", "label": "others", "box": [783, 1989, 1479, 1938], "linking": []}, {"id": 54, "text": "receipt. Refund method depends on", "label": "others", "box": [787, 2044, 1488, 1993], "linking": []}, {"id": 55, "text": "form of payment. For questions call", "label": "others", "box": [759, 2098, 1499, 2045], "linking": []}, {"id": 56, "text": "1-800-STARBUC-800-782-7282)", "label": "others", "box": [821, 2151, 1464, 2096], "linking": []}, {"id": 57, "text": "Join our loyalty program", "label": "others", "box": [883, 2318, 1404, 2264], "linking": []}, {"id": 58, "text": "Starbucks Rewards\u00ae", "label": "others", "box": [945, 2375, 1344, 2319], "linking": []}, {"id": 59, "text": "Sign up for promotional emails", "label": "others", "box": [818, 2435, 1471, 2378], "linking": []}, {"id": 60, "text": "Visit Starbucks.com/rewards", "label": "others", "box": [833, 2494, 1437, 2440], "linking": []}, {"id": 61, "text": "Or download our app", "label": "others", "box": [921, 2552, 1352, 2500], "linking": []}, {"id": 62, "text": "At participating stores", "label": "others", "box": [882, 2612, 1391, 2558], "linking": []}, {"id": 63, "text": "Some restrictions apply", "label": "others", "box": [879, 2672, 1395, 2617], "linking": []}, {"id": 64, "text": "REDMI NOTE 5 PRO", "label": "others", "box": [403, 2804, 903, 2740], "linking": []}, {"id": 65, "text": "MI DUAL CAMERA", "label": "others", "box": [395, 2873, 863, 2814], "linking": []}]