[{"id": 0, "text": "merchant name", "label": "others", "box": [25, 51, 62, 38], "linking": []}, {"id": 1, "text": " GST NO:", "label": "others", "box": [26, 66, 75, 53], "linking": []}, {"id": 2, "text": " 06AABCD5534A129", "label": "others", "box": [77, 66, 179, 54], "linking": []}, {"id": 3, "text": "KOT - 74", "label": "others", "box": [83, 80, 137, 67], "linking": []}, {"id": 4, "text": " Invoice", "label": "others", "box": [20, 120, 70, 108], "linking": []}, {"id": 5, "text": " Order Time:", "label": "others", "box": [15, 150, 94, 134], "linking": []}, {"id": 6, "text": " Order Status:", "label": "others", "box": [15, 168, 100, 152], "linking": []}, {"id": 7, "text": "Hot Chocolate Large", "label": "0 description beginning", "box": [16, 190, 149, 174], "linking": []}, {"id": 8, "text": " Hot Addon", "label": "1 description inside", "box": [17, 207, 82, 192], "linking": []}, {"id": 9, "text": " #COSAAQ56099", "label": "others", "box": [80, 119, 163, 103], "linking": []}, {"id": 10, "text": " Name:", "label": "others", "box": [17, 134, 55, 122], "linking": []}, {"id": 11, "text": " 03:24 27-11-2019", "label": "others", "box": [97, 150, 213, 134], "linking": []}, {"id": 12, "text": " delivered", "label": "others", "box": [103, 168, 171, 152], "linking": []}, {"id": 13, "text": " 1", "label": "e quantity", "box": [166, 189, 177, 173], "linking": []}, {"id": 14, "text": " : Chocolate Sauce", "label": "1 description inside", "box": [85, 207, 204, 192], "linking": []}, {"id": 15, "text": " X 95.24", "label": "5 total price per item", "box": [179, 189, 233, 173], "linking": []}, {"id": 16, "text": " Hot Chocolate Large", "label": "0 description beginning", "box": [20, 241, 153, 225], "linking": []}, {"id": 17, "text": " : Flavour Hazelnut", "label": "1 description inside", "box": [87, 257, 208, 241], "linking": []}, {"id": 18, "text": " 1", "label": "e quantity", "box": [165, 240, 175, 225], "linking": []}, {"id": 19, "text": " \u00d7 95.24", "label": "5 total price per item", "box": [178, 240, 229, 224], "linking": []}, {"id": 20, "text": " Hot Addon", "label": "1 description inside", "box": [23, 257, 84, 242], "linking": []}, {"id": 21, "text": " Choco Walnut Brownie", "label": "0 description beginning", "box": [27, 302, 157, 287], "linking": []}, {"id": 22, "text": " 1", "label": "e quantity", "box": [164, 300, 173, 287], "linking": []}, {"id": 23, "text": " \u00d7 79.05", "label": "5 total price per item", "box": [176, 300, 224, 286], "linking": []}, {"id": 24, "text": "Mocha Regular", "label": "0 description beginning", "box": [31, 376, 110, 361], "linking": []}, {"id": 25, "text": " 1", "label": "e quantity", "box": [165, 376, 170, 360], "linking": []}, {"id": 26, "text": " \u00d7 70. 48", "label": "5 total price per item", "box": [173, 376, 220, 360], "linking": []}, {"id": 27, "text": "Mocha Large", "label": "0 description beginning", "box": [30, 407, 100, 391], "linking": []}, {"id": 28, "text": " 1", "label": "e quantity", "box": [165, 407, 171, 391], "linking": []}, {"id": 29, "text": " \u00d7 80.00", "label": "5 total price per item", "box": [174, 407, 221, 391], "linking": []}, {"id": 30, "text": "Mocha Large", "label": "0 description beginning", "box": [30, 438, 99, 422], "linking": []}, {"id": 31, "text": " 1", "label": "e quantity", "box": [164, 437, 171, 422], "linking": []}, {"id": 32, "text": " \u00d7 80. 00", "label": "5 total price per item", "box": [174, 437, 221, 422], "linking": []}, {"id": 33, "text": "Mocha Large", "label": "0 description beginning", "box": [30, 467, 101, 453], "linking": []}, {"id": 34, "text": " 1", "label": "e quantity", "box": [165, 467, 171, 452], "linking": []}, {"id": 35, "text": " \u00d7 80.00", "label": "5 total price per item", "box": [174, 467, 219, 452], "linking": []}, {"id": 36, "text": "Bombay Style Sandwicx 88.57", "label": "0 description beginning", "box": [32, 492, 219, 479], "linking": []}, {"id": 37, "text": "CGSI @ 2.50% - 16.71", "label": "2 tax total", "box": [86, 536, 205, 520], "linking": []}, {"id": 38, "text": "SGSI @ 2.50% = 16.71", "label": "2 tax total", "box": [86, 552, 205, 536], "linking": []}, {"id": 39, "text": "Total - 702.0", "label": "total amount", "box": [104, 567, 184, 551], "linking": []}, {"id": 40, "text": " -03:25:16 27-11-2019-", "label": "others", "box": [63, 597, 188, 582], "linking": []}, {"id": 41, "text": "-1.0.60", "label": "others", "box": [104, 625, 148, 611], "linking": []}]