[{"id": 0, "text": "Track your Order", "label": "others", "box": [10, 38, 103, 24], "linking": []}, {"id": 1, "text": "Item Name", "label": "others", "box": [41, 87, 99, 75], "linking": []}, {"id": 2, "text": "Quantity", "label": "others", "box": [286, 87, 329, 75], "linking": []}, {"id": 3, "text": "Price", "label": "others", "box": [379, 86, 406, 75], "linking": []}, {"id": 4, "text": "Peppercom Keto Steak", "label": "0 description beginning", "box": [42, 126, 160, 113], "linking": []}, {"id": 5, "text": "Z169.0", "label": "5 total price per item", "box": [369, 125, 406, 113], "linking": []}, {"id": 6, "text": "FreshClub One Month", "label": "0 description beginning", "box": [43, 180, 155, 168], "linking": []}, {"id": 7, "text": "\u20b958.0", "label": "5 total price per item", "box": [376, 179, 405, 167], "linking": []}, {"id": 8, "text": " Signature Grilled Chicken", "label": "0 description beginning", "box": [42, 236, 168, 223], "linking": []}, {"id": 9, "text": " 'n'", "label": "0 description beginning", "box": [170, 235, 183, 223], "linking": []}, {"id": 10, "text": " Brown Rice", "label": "0 description beginning", "box": [185, 236, 246, 223], "linking": []}, {"id": 11, "text": "Z179.0", "label": "5 total price per item", "box": [369, 234, 406, 223], "linking": []}, {"id": 12, "text": "Subtotal", "label": "others", "box": [310, 290, 358, 278], "linking": []}, {"id": 13, "text": "Z406.0", "label": "sub total", "box": [368, 289, 405, 278], "linking": []}, {"id": 14, "text": "Discount", "label": "others", "box": [305, 327, 356, 316], "linking": []}, {"id": 15, "text": "\u20b90.0", "label": "others", "box": [382, 327, 405, 315], "linking": []}, {"id": 16, "text": "Product Discount", "label": "others", "box": [260, 365, 356, 354], "linking": []}, {"id": 17, "text": "Cashback Used", "label": "others", "box": [271, 403, 355, 391], "linking": []}, {"id": 18, "text": "\u20b940.0", "label": "others", "box": [375, 403, 405, 391], "linking": []}, {"id": 19, "text": "Bank Offer", "label": "others", "box": [296, 442, 356, 430], "linking": []}, {"id": 20, "text": "\u20b90.0", "label": "others", "box": [382, 441, 405, 430], "linking": []}, {"id": 21, "text": "Packaging Fee", "label": "others", "box": [274, 480, 356, 468], "linking": []}, {"id": 22, "text": "Z32.0", "label": "others", "box": [376, 479, 405, 468], "linking": []}, {"id": 23, "text": "Convenience Fee", "label": "others", "box": [261, 517, 355, 506], "linking": []}, {"id": 24, "text": "\u20b90.0", "label": "others", "box": [381, 517, 406, 506], "linking": []}, {"id": 25, "text": "CGST (2.5%)", "label": "others", "box": [286, 556, 355, 543], "linking": []}, {"id": 26, "text": "\u20b98.5", "label": "2 tax total", "box": [382, 555, 406, 543], "linking": []}, {"id": 27, "text": "SGST (2.5%)", "label": "others", "box": [287, 594, 355, 581], "linking": []}, {"id": 28, "text": "\u20b98.5", "label": "2 tax total", "box": [382, 593, 406, 581], "linking": []}, {"id": 29, "text": "CGST (9%)", "label": "others", "box": [296, 632, 354, 619], "linking": []}, {"id": 30, "text": "Z5.22", "label": "2 tax total", "box": [375, 631, 405, 620], "linking": []}, {"id": 31, "text": "SGST (9%)", "label": "others", "box": [297, 670, 358, 657], "linking": []}, {"id": 32, "text": "\u20b95.22", "label": "2 tax total", "box": [375, 669, 405, 658], "linking": []}, {"id": 33, "text": "Grand Total", "label": "others", "box": [290, 707, 359, 696], "linking": []}, {"id": 34, "text": "\u20b9425.0", "label": "total amount", "box": [367, 707, 405, 695], "linking": []}]