[{"id": 0, "text": "merchant name", "label": "others", "box": [411, 233, 1007, 174], "linking": []}, {"id": 1, "text": "TAX INVOICE", "label": "others", "box": [461, 269, 736, 231], "linking": []}, {"id": 2, "text": "merchant name", "label": "others", "box": [405, 314, 808, 269], "linking": []}, {"id": 3, "text": "merchant address", "label": "others", "box": [250, 364, 992, 309], "linking": []}, {"id": 4, "text": "merchant address", "label": "others", "box": [421, 420, 786, 361], "linking": []}, {"id": 5, "text": "merchant phone", "label": "others", "box": [341, 489, 943, 425], "linking": []}, {"id": 6, "text": "A division of", "label": "others", "box": [444, 558, 899, 490], "linking": []}, {"id": 7, "text": "Mars Realty", "label": "others", "box": [445, 623, 734, 569], "linking": []}, {"id": 8, "text": " : 27AAAFN0971B1ZP", "label": "others", "box": [549, 689, 994, 629], "linking": []}, {"id": 9, "text": " : K00045709", "label": "others", "box": [370, 758, 660, 706], "linking": []}, {"id": 10, "text": "Cri", "label": "others", "box": [0, 475, 33, 446], "linking": []}, {"id": 11, "text": " TEL", "label": "others", "box": [245, 491, 334, 439], "linking": []}, {"id": 12, "text": "P", "label": "others", "box": [236, 572, 330, 494], "linking": []}, {"id": 13, "text": " POS GSTN NO", "label": "others", "box": [244, 691, 540, 638], "linking": []}, {"id": 14, "text": "Order No", "label": "others", "box": [93, 764, 305, 711], "linking": []}, {"id": 15, "text": "----", "label": "others", "box": [97, 814, 156, 795], "linking": []}, {"id": 16, "text": "BILL NO", "label": "others", "box": [96, 896, 277, 846], "linking": []}, {"id": 17, "text": " PF00019631 20/11/2019 3:22 PM", "label": "others", "box": [99, 961, 856, 902], "linking": []}, {"id": 18, "text": " :Ketan Barot", "label": "others", "box": [303, 1029, 614, 977], "linking": []}, {"id": 19, "text": " :Ketan Barot", "label": "others", "box": [278, 1095, 590, 1043], "linking": []}, {"id": 20, "text": "DATE AND TIME", "label": "others", "box": [429, 892, 766, 839], "linking": []}, {"id": 21, "text": "PAX TABLE", "label": "others", "box": [862, 887, 1105, 832], "linking": []}, {"id": 22, "text": "007", "label": "others", "box": [991, 958, 1076, 896], "linking": []}, {"id": 23, "text": " CASHIER", "label": "others", "box": [101, 1031, 294, 979], "linking": []}, {"id": 24, "text": " WAITER", "label": "others", "box": [103, 1096, 268, 1046], "linking": []}, {"id": 25, "text": "Qty Menu Item", "label": "others", "box": [171, 1224, 515, 1173], "linking": []}, {"id": 26, "text": "Rate", "label": "others", "box": [761, 1215, 870, 1171], "linking": []}, {"id": 27, "text": "Amount", "label": "others", "box": [943, 1215, 1106, 1171], "linking": []}, {"id": 28, "text": " SAC/HSN Code:", "label": "others", "box": [86, 1359, 436, 1305], "linking": []}, {"id": 29, "text": " HERB FRIED CRISPY", "label": "0 description beginning", "box": [257, 1427, 718, 1372], "linking": []}, {"id": 30, "text": "CHICKEN", "label": "1 description inside", "box": [265, 1496, 454, 1443], "linking": []}, {"id": 31, "text": " MEAT ULTIMO 8", "label": "0 description beginning", "box": [252, 1568, 613, 1514], "linking": []}, {"id": 32, "text": " 996331", "label": "others", "box": [446, 1356, 607, 1302], "linking": []}, {"id": 33, "text": "UEBAY", "label": "others", "box": [671, 1373, 1033, 1286], "linking": []}, {"id": 34, "text": " 1", "label": "e quantity", "box": [212, 1427, 248, 1377], "linking": []}, {"id": 35, "text": "750.00", "label": "unit price", "box": [738, 1494, 905, 1442], "linking": []}, {"id": 36, "text": "940.00", "label": "unit price", "box": [736, 1565, 906, 1512], "linking": []}, {"id": 37, "text": "750.00", "label": "5 total price per item", "box": [951, 1494, 1119, 1443], "linking": []}, {"id": 38, "text": "940.00", "label": "5 total price per item", "box": [949, 1565, 1121, 1512], "linking": []}, {"id": 39, "text": " 1", "label": "e quantity", "box": [205, 1568, 243, 1515], "linking": []}, {"id": 40, "text": "Total", "label": "others", "box": [259, 1711, 396, 1659], "linking": []}, {"id": 41, "text": "1690.00", "label": "sub total", "box": [931, 1710, 1128, 1656], "linking": []}, {"id": 42, "text": "YDE BA", "label": "others", "box": [633, 1800, 975, 1722], "linking": []}, {"id": 43, "text": "CGST", "label": "others", "box": [258, 1851, 368, 1801], "linking": []}, {"id": 44, "text": "SGST", "label": "others", "box": [260, 1923, 369, 1872], "linking": []}, {"id": 45, "text": "42.25", "label": "2 tax total", "box": [986, 1850, 1124, 1798], "linking": []}, {"id": 46, "text": "42.25", "label": "2 tax total", "box": [986, 1918, 1122, 1867], "linking": []}, {"id": 47, "text": "-------", "label": "others", "box": [932, 1975, 1123, 1957], "linking": []}, {"id": 48, "text": "Grand Total", "label": "others", "box": [250, 2082, 558, 2014], "linking": []}, {"id": 49, "text": "1775.00", "label": "total amount", "box": [935, 2070, 1132, 2015], "linking": []}, {"id": 50, "text": "--", "label": "others", "box": [937, 2129, 995, 2109], "linking": []}, {"id": 51, "text": "Charity contribution is voluntary &", "label": "others", "box": [55, 2311, 1030, 2245], "linking": []}, {"id": 52, "text": "is made on behalf of charity", "label": "others", "box": [58, 2391, 841, 2321], "linking": []}, {"id": 53, "text": "GARHWAL ENGLISH MEDIUM SCHOOL (GEMS)", "label": "others", "box": [53, 2472, 1060, 2399], "linking": []}, {"id": 54, "text": "Prices are inclusive of charges", "label": "others", "box": [48, 2551, 926, 2484], "linking": []}, {"id": 55, "text": "for facilities and services.", "label": "others", "box": [42, 2629, 835, 2564], "linking": []}, {"id": 56, "text": "-", "label": "others", "box": [45, 2688, 79, 2666], "linking": []}]