[{"id": 0, "text": " Date:", "label": "others", "box": [6, 118, 60, 100], "linking": []}, {"id": 1, "text": " Card Type", "label": "others", "box": [6, 139, 106, 121], "linking": []}, {"id": 2, "text": " Acct #:", "label": "others", "box": [11, 158, 89, 141], "linking": []}, {"id": 3, "text": " Card Entry:", "label": "others", "box": [12, 179, 139, 161], "linking": []}, {"id": 4, "text": " Trans Type:", "label": "others", "box": [17, 198, 139, 181], "linking": []}, {"id": 5, "text": " Auth Code:", "label": "others", "box": [17, 217, 126, 200], "linking": []}, {"id": 6, "text": " Check", "label": "others", "box": [16, 236, 68, 219], "linking": []}, {"id": 7, "text": " Check ID", "label": "others", "box": [16, 256, 100, 239], "linking": []}, {"id": 8, "text": " Server", "label": "others", "box": [16, 276, 79, 259], "linking": []}, {"id": 9, "text": " Oct28'19 09:05AM", "label": "others", "box": [139, 119, 322, 100], "linking": []}, {"id": 10, "text": "Amex", "label": "others", "box": [141, 138, 185, 122], "linking": []}, {"id": 11, "text": "XXXXXXXXXXX1000", "label": "others", "box": [142, 159, 307, 141], "linking": []}, {"id": 12, "text": " SWIPED", "label": "others", "box": [142, 179, 208, 162], "linking": []}, {"id": 13, "text": " PURCHASE", "label": "others", "box": [143, 198, 231, 181], "linking": []}, {"id": 14, "text": "585879", "label": "others", "box": [145, 216, 209, 199], "linking": []}, {"id": 15, "text": "1746", "label": "others", "box": [148, 235, 188, 219], "linking": []}, {"id": 16, "text": "20", "label": "others", "box": [145, 255, 165, 239], "linking": []}, {"id": 17, "text": "1006 CASHIER", "label": "others", "box": [147, 275, 273, 258], "linking": []}, {"id": 18, "text": " :", "label": "others", "box": [109, 139, 117, 122], "linking": []}, {"id": 19, "text": " :", "label": "others", "box": [71, 236, 79, 220], "linking": []}, {"id": 20, "text": " :", "label": "others", "box": [103, 256, 112, 239], "linking": []}, {"id": 21, "text": " :", "label": "others", "box": [82, 276, 90, 260], "linking": []}, {"id": 22, "text": " Subtotal:", "label": "others", "box": [15, 315, 112, 298], "linking": []}, {"id": 23, "text": "34.17", "label": "sub total", "box": [232, 315, 334, 295], "linking": []}, {"id": 24, "text": " TIP", "label": "others", "box": [15, 374, 45, 358], "linking": []}, {"id": 25, "text": " :", "label": "others", "box": [48, 374, 57, 358], "linking": []}, {"id": 26, "text": "TOTAL", "label": "others", "box": [12, 475, 68, 457], "linking": []}, {"id": 27, "text": "GUEST COPY", "label": "others", "box": [78, 538, 291, 518], "linking": []}]