[{"id": 0, "text": "merchant name", "label": "others", "box": [25, 50, 160, 24], "linking": []}, {"id": 1, "text": " Total:", "label": "others", "box": [271, 37, 300, 24], "linking": []}, {"id": 2, "text": "Sat, Nov 23, 2019", "label": "others", "box": [243, 54, 342, 41], "linking": []}, {"id": 3, "text": " $25.91", "label": "total amount", "box": [302, 37, 341, 24], "linking": []}, {"id": 4, "text": "Thanks for tipping,", "label": "others", "box": [29, 137, 328, 100], "linking": []}, {"id": 5, "text": "Here's your updated receipt for", "label": "others", "box": [27, 212, 313, 187], "linking": []}, {"id": 6, "text": "India Palace.", "label": "others", "box": [29, 234, 147, 215], "linking": []}, {"id": 7, "text": "Total", "label": "others", "box": [28, 498, 89, 473], "linking": []}, {"id": 8, "text": "$25.91", "label": "total amount", "box": [260, 497, 339, 474], "linking": []}, {"id": 9, "text": "1", "label": "e quantity", "box": [40, 579, 52, 565], "linking": []}, {"id": 10, "text": "Chicken Naan", "label": "0 description beginning", "box": [63, 582, 169, 567], "linking": []}, {"id": 11, "text": "$3.50", "label": "5 total price per item", "box": [300, 582, 342, 566], "linking": []}, {"id": 12, "text": "1", "label": "e quantity", "box": [39, 618, 47, 605], "linking": []}, {"id": 13, "text": "Chicken Tikka Masala", "label": "0 description beginning", "box": [64, 621, 226, 605], "linking": []}, {"id": 14, "text": "$13.95", "label": "5 total price per item", "box": [291, 621, 342, 605], "linking": []}, {"id": 15, "text": "Subtotal", "label": "others", "box": [29, 712, 94, 696], "linking": []}, {"id": 16, "text": "$17.45", "label": "sub total", "box": [290, 712, 342, 696], "linking": []}, {"id": 17, "text": "Tax", "label": "others", "box": [30, 750, 56, 735], "linking": []}, {"id": 18, "text": "$1.50", "label": "2 tax total", "box": [300, 750, 342, 734], "linking": []}, {"id": 19, "text": "Service fee", "label": "others", "box": [29, 789, 113, 773], "linking": []}, {"id": 20, "text": "$2.62", "label": "others", "box": [300, 789, 342, 773], "linking": []}, {"id": 21, "text": "Delivery fee @", "label": "others", "box": [29, 829, 138, 811], "linking": []}, {"id": 22, "text": "$1.99", "label": "others", "box": [300, 827, 341, 811], "linking": []}, {"id": 23, "text": "Tip", "label": "others", "box": [28, 868, 54, 849], "linking": []}, {"id": 24, "text": "$2.35", "label": "3 tip", "box": [300, 866, 342, 850], "linking": []}, {"id": 25, "text": "Amount Charged", "label": "others", "box": [30, 959, 158, 942], "linking": []}, {"id": 26, "text": "AM", "label": "others", "box": [42, 989, 63, 978], "linking": []}, {"id": 27, "text": "EX", "label": "others", "box": [42, 997, 64, 984], "linking": []}, {"id": 28, "text": " .... 1006", "label": "others", "box": [73, 998, 139, 981], "linking": []}, {"id": 29, "text": " Switch", "label": "others", "box": [142, 998, 196, 983], "linking": []}, {"id": 30, "text": "$25.91", "label": "others", "box": [291, 1001, 340, 985], "linking": []}]