[{"id": 0, "text": "merchant name", "label": "others", "box": [67, 113, 299, 70], "linking": []}, {"id": 1, "text": "merchant address", "label": "others", "box": [95, 140, 278, 124], "linking": []}, {"id": 2, "text": "merchant address", "label": "others", "box": [116, 160, 248, 145], "linking": []}, {"id": 3, "text": "merchant address", "label": "others", "box": [124, 179, 249, 165], "linking": []}, {"id": 4, "text": " 01296 REG:", "label": "others", "box": [71, 199, 157, 185], "linking": []}, {"id": 5, "text": "SOUR PATCH KIDS 8 OZ", "label": "0 description beginning", "box": [20, 219, 171, 204], "linking": []}, {"id": 6, "text": "070462035964", "label": "others", "box": [23, 238, 113, 224], "linking": []}, {"id": 7, "text": "DUNKIN DONUTS ICED COFFE", "label": "0 description beginning", "box": [22, 258, 198, 243], "linking": []}, {"id": 8, "text": "049000072396", "label": "others", "box": [23, 276, 115, 263], "linking": []}, {"id": 9, "text": "GODIVA DARK CHOCOLATE PE", "label": "0 description beginning", "box": [25, 296, 198, 281], "linking": []}, {"id": 10, "text": " @ 3.99", "label": "unit price", "box": [154, 315, 198, 300], "linking": []}, {"id": 11, "text": "ALTOIDS PEPPERMINT", "label": "0 description beginning", "box": [23, 334, 157, 319], "linking": []}, {"id": 12, "text": "022000159335", "label": "others", "box": [23, 352, 114, 338], "linking": []}, {"id": 13, "text": "SUBTOTAL.", "label": "others", "box": [25, 371, 84, 357], "linking": []}, {"id": 14, "text": "SALES TAX (8.87500%)", "label": "others", "box": [25, 390, 172, 374], "linking": []}, {"id": 15, "text": "TOTAL", "label": "others", "box": [26, 417, 63, 396], "linking": []}, {"id": 16, "text": "AMOUNT TENDERED", "label": "others", "box": [24, 436, 135, 422], "linking": []}, {"id": 17, "text": "Amex", "label": "others", "box": [24, 466, 56, 442], "linking": []}, {"id": 18, "text": "SFLE", "label": "others", "box": [39, 485, 69, 471], "linking": []}, {"id": 19, "text": " ACCT:", "label": "others", "box": [40, 505, 80, 491], "linking": []}, {"id": 20, "text": " EXP:", "label": "others", "box": [39, 523, 72, 510], "linking": []}, {"id": 21, "text": " APPROVAL:", "label": "others", "box": [39, 543, 108, 527], "linking": []}, {"id": 22, "text": " AMERICAN EXPRESS", "label": "others", "box": [81, 561, 199, 545], "linking": []}, {"id": 23, "text": " INSERT", "label": "others", "box": [140, 579, 184, 564], "linking": []}, {"id": 24, "text": " a000000025010801", "label": "others", "box": [74, 598, 191, 582], "linking": []}, {"id": 25, "text": " fbad7f76285d59de", "label": "others", "box": [67, 618, 184, 602], "linking": []}, {"id": 26, "text": " 0000008000", "label": "others", "box": [73, 636, 148, 620], "linking": []}, {"id": 27, "text": " 1800", "label": "others", "box": [74, 655, 106, 640], "linking": []}, {"id": 28, "text": " d82e57647265ed763030", "label": "others", "box": [73, 675, 221, 659], "linking": []}, {"id": 29, "text": " STORE:", "label": "others", "box": [19, 199, 68, 185], "linking": []}, {"id": 30, "text": " 001 CASHIER:", "label": "others", "box": [160, 200, 251, 185], "linking": []}, {"id": 31, "text": " Ashvin", "label": "others", "box": [254, 200, 303, 186], "linking": []}, {"id": 32, "text": " 1", "label": "e quantity", "box": [140, 239, 149, 224], "linking": []}, {"id": 33, "text": " @ 6.49", "label": "unit price", "box": [152, 239, 198, 224], "linking": []}, {"id": 34, "text": "6.49", "label": "5 total price per item", "box": [276, 237, 310, 223], "linking": []}, {"id": 35, "text": " 1", "label": "e quantity", "box": [141, 277, 152, 264], "linking": []}, {"id": 36, "text": " @ 4.99", "label": "unit price", "box": [155, 276, 199, 263], "linking": []}, {"id": 37, "text": "4.99 N", "label": "5 total price per item", "box": [269, 275, 316, 261], "linking": []}, {"id": 38, "text": "031290092543", "label": "others", "box": [24, 314, 115, 301], "linking": []}, {"id": 39, "text": " 1", "label": "e quantity", "box": [141, 315, 152, 301], "linking": []}, {"id": 40, "text": "3.99", "label": "5 total price per item", "box": [276, 312, 306, 298], "linking": []}, {"id": 41, "text": " 1", "label": "e quantity", "box": [141, 353, 152, 338], "linking": []}, {"id": 42, "text": " @ 3.99", "label": "unit price", "box": [154, 353, 200, 338], "linking": []}, {"id": 43, "text": "3.99", "label": "5 total price per item", "box": [276, 350, 307, 335], "linking": []}, {"id": 44, "text": "19.46", "label": "sub total", "box": [291, 368, 329, 354], "linking": []}, {"id": 45, "text": "1 29", "label": "2 tax total", "box": [295, 386, 327, 371], "linking": []}, {"id": 46, "text": "$20.75", "label": "total amount", "box": [282, 415, 328, 391], "linking": []}, {"id": 47, "text": "$20.75", "label": "others", "box": [282, 465, 328, 440], "linking": []}, {"id": 48, "text": " *********** 5002", "label": "others", "box": [83, 504, 193, 489], "linking": []}, {"id": 49, "text": " ****", "label": "others", "box": [74, 522, 107, 510], "linking": []}, {"id": 50, "text": " 805175", "label": "others", "box": [110, 542, 157, 527], "linking": []}, {"id": 51, "text": " AFPL:", "label": "others", "box": [39, 561, 79, 547], "linking": []}, {"id": 52, "text": " ENTRY METHOD:", "label": "others", "box": [39, 580, 138, 565], "linking": []}, {"id": 53, "text": " AID:", "label": "others", "box": [39, 599, 71, 584], "linking": []}, {"id": 54, "text": " TC:", "label": "others", "box": [39, 619, 64, 603], "linking": []}, {"id": 55, "text": " TVR:", "label": "others", "box": [39, 636, 71, 622], "linking": []}, {"id": 56, "text": " TSI:", "label": "others", "box": [39, 656, 71, 641], "linking": []}, {"id": 57, "text": " IFD:", "label": "others", "box": [39, 676, 70, 660], "linking": []}, {"id": 58, "text": "Fmex", "label": "others", "box": [22, 728, 54, 702], "linking": []}, {"id": 59, "text": "$20.75", "label": "others", "box": [281, 730, 332, 703], "linking": []}, {"id": 60, "text": "*** DECLINE ***", "label": "others", "box": [38, 746, 148, 725], "linking": []}, {"id": 61, "text": " *********** 5002", "label": "others", "box": [80, 763, 191, 748], "linking": []}, {"id": 62, "text": " ****", "label": "others", "box": [72, 782, 105, 766], "linking": []}, {"id": 63, "text": "AFPROVAL", "label": "others", "box": [36, 804, 100, 787], "linking": []}, {"id": 64, "text": " AMERICAN EXPRESS", "label": "others", "box": [78, 823, 200, 805], "linking": []}, {"id": 65, "text": " INSERT", "label": "others", "box": [138, 840, 185, 823], "linking": []}, {"id": 66, "text": " #000000025010801", "label": "others", "box": [70, 863, 191, 844], "linking": []}, {"id": 67, "text": " 7553d8209bbb8efd", "label": "others", "box": [64, 884, 184, 864], "linking": []}, {"id": 68, "text": " 0000008000", "label": "others", "box": [70, 903, 147, 884], "linking": []}, {"id": 69, "text": " 2800", "label": "others", "box": [70, 923, 103, 906], "linking": []}, {"id": 70, "text": " d3600052623a5c4d3030", "label": "others", "box": [68, 944, 220, 925], "linking": []}, {"id": 71, "text": " ACCT:", "label": "others", "box": [36, 766, 77, 750], "linking": []}, {"id": 72, "text": " EXP:", "label": "others", "box": [36, 785, 71, 769], "linking": []}, {"id": 73, "text": " AFPL:", "label": "others", "box": [33, 825, 77, 807], "linking": []}, {"id": 74, "text": " ENTRY METHOD:", "label": "others", "box": [35, 845, 136, 825], "linking": []}, {"id": 75, "text": " AID:", "label": "others", "box": [34, 866, 69, 848], "linking": []}, {"id": 76, "text": " TC:", "label": "others", "box": [35, 886, 62, 868], "linking": []}, {"id": 77, "text": " TVR:", "label": "others", "box": [35, 905, 68, 888], "linking": []}, {"id": 78, "text": " TSI:", "label": "others", "box": [34, 925, 68, 908], "linking": []}, {"id": 79, "text": " IFD:", "label": "others", "box": [34, 946, 66, 928], "linking": []}, {"id": 80, "text": "TOTAL PAYMENT", "label": "others", "box": [18, 988, 118, 965], "linking": []}, {"id": 81, "text": " Trasaction:", "label": "others", "box": [19, 1008, 112, 988], "linking": []}, {"id": 82, "text": "Comments\\Inquiries? (800) 326-7711", "label": "others", "box": [54, 1026, 307, 1007], "linking": []}, {"id": 83, "text": "$20.75", "label": "total amount", "box": [286, 986, 335, 968], "linking": []}, {"id": 84, "text": " 11/9/2019 11:48 AM", "label": "others", "box": [210, 1007, 350, 985], "linking": []}, {"id": 85, "text": " 238628", "label": "others", "box": [114, 1004, 163, 985], "linking": []}]