[{"id": 0, "text": "merchant name", "label": "others", "box": [600, 260, 864, 230], "linking": []}, {"id": 1, "text": "merchant address", "label": "others", "box": [790, 291, 851, 262], "linking": []}, {"id": 2, "text": "merchant address", "label": "others", "box": [592, 325, 876, 291], "linking": []}, {"id": 3, "text": "merchant address", "label": "others", "box": [734, 355, 773, 325], "linking": []}, {"id": 4, "text": "merchant address", "label": "others", "box": [628, 292, 786, 263], "linking": []}, {"id": 5, "text": "merchant address", "label": "others", "box": [629, 358, 730, 326], "linking": []}, {"id": 6, "text": "merchant address", "label": "others", "box": [777, 354, 856, 322], "linking": []}, {"id": 7, "text": "Alexandra Ev", "label": "others", "box": [520, 479, 691, 454], "linking": []}, {"id": 8, "text": " Tbl", "label": "others", "box": [522, 541, 574, 518], "linking": []}, {"id": 9, "text": "Station", "label": "others", "box": [522, 572, 624, 550], "linking": []}, {"id": 10, "text": " 11", "label": "others", "box": [580, 541, 601, 517], "linking": []}, {"id": 11, "text": "Chk 40006", "label": "others", "box": [659, 541, 782, 516], "linking": []}, {"id": 12, "text": " Nov12'19 02:40PM", "label": "others", "box": [726, 572, 949, 546], "linking": []}, {"id": 13, "text": " Gst", "label": "others", "box": [881, 539, 925, 515], "linking": []}, {"id": 14, "text": " 0", "label": "others", "box": [930, 538, 944, 515], "linking": []}, {"id": 15, "text": " 1", "label": "e quantity", "box": [557, 700, 572, 674], "linking": []}, {"id": 16, "text": " 1 UNSWEET", "label": "0 description beginning", "box": [556, 733, 686, 706], "linking": []}, {"id": 17, "text": " 1", "label": "e quantity", "box": [558, 763, 575, 738], "linking": []}, {"id": 18, "text": " 1 SOUP & HOUSE", "label": "0 description beginning", "box": [556, 796, 752, 769], "linking": []}, {"id": 19, "text": " FAJITAS", "label": "1 description inside", "box": [675, 826, 776, 800], "linking": []}, {"id": 20, "text": " STRAWBERRY LEMON", "label": "0 description beginning", "box": [577, 700, 805, 674], "linking": []}, {"id": 21, "text": "3.19", "label": "5 total price per item", "box": [865, 698, 923, 674], "linking": []}, {"id": 22, "text": "2.79", "label": "5 total price per item", "box": [866, 728, 922, 706], "linking": []}, {"id": 23, "text": "10.69", "label": "5 total price per item", "box": [854, 760, 923, 738], "linking": []}, {"id": 24, "text": "7.99", "label": "5 total price per item", "box": [871, 792, 921, 768], "linking": []}, {"id": 25, "text": "merchant phone", "label": "others", "box": [855, 824, 922, 800], "linking": []}, {"id": 26, "text": " TEA", "label": "1 description inside", "box": [690, 731, 734, 706], "linking": []}, {"id": 27, "text": " WING8", "label": "0 description beginning", "box": [579, 763, 657, 739], "linking": []}, {"id": 28, "text": " SAL", "label": "1 description inside", "box": [757, 795, 800, 769], "linking": []}, {"id": 29, "text": " 1 VEGGIE", "label": "0 description beginning", "box": [558, 829, 670, 801], "linking": []}, {"id": 30, "text": " 1", "label": "e quantity", "box": [561, 859, 576, 834], "linking": []}, {"id": 31, "text": " 1", "label": "e quantity", "box": [561, 889, 581, 862], "linking": []}, {"id": 32, "text": " WATER", "label": "0 description beginning", "box": [581, 859, 661, 834], "linking": []}, {"id": 33, "text": " TABLE", "label": "0 description beginning", "box": [585, 889, 659, 863], "linking": []}, {"id": 34, "text": " ENTERTAIN", "label": "1 description inside", "box": [664, 889, 792, 862], "linking": []}, {"id": 35, "text": "1.99", "label": "5 total price per item", "box": [870, 886, 924, 861], "linking": []}, {"id": 36, "text": "Sub Total", "label": "others", "box": [588, 983, 710, 955], "linking": []}, {"id": 37, "text": "TAX", "label": "others", "box": [590, 1009, 633, 988], "linking": []}, {"id": 38, "text": "TOTAL", "label": "others", "box": [590, 1042, 654, 1018], "linking": []}, {"id": 39, "text": "41.64", "label": "sub total", "box": [856, 978, 927, 955], "linking": []}, {"id": 40, "text": "3.58", "label": "2 tax total", "box": [871, 1007, 927, 984], "linking": []}, {"id": 41, "text": "45.22", "label": "others", "box": [857, 1038, 923, 1016], "linking": []}, {"id": 42, "text": " Payments", "label": "others", "box": [560, 1163, 668, 1141], "linking": []}, {"id": 43, "text": "AMERICAN EXPRESS/ 1006", "label": "others", "box": [590, 1195, 874, 1167], "linking": []}, {"id": 44, "text": "Auth/Chip Read", "label": "others", "box": [587, 1226, 780, 1200], "linking": []}, {"id": 45, "text": " TID:", "label": "others", "box": [591, 1257, 638, 1233], "linking": []}, {"id": 46, "text": " RRN:", "label": "others", "box": [589, 1288, 641, 1264], "linking": []}, {"id": 47, "text": " A000000025010801", "label": "others", "box": [640, 1320, 863, 1292], "linking": []}, {"id": 48, "text": " : 0000008000", "label": "others", "box": [630, 1350, 785, 1325], "linking": []}, {"id": 49, "text": " : 13247FBC29C821703030", "label": "others", "box": [629, 1382, 916, 1352], "linking": []}, {"id": 50, "text": " E800", "label": "others", "box": [642, 1413, 704, 1389], "linking": []}, {"id": 51, "text": " ARC:00", "label": "others", "box": [589, 1445, 673, 1421], "linking": []}, {"id": 52, "text": " TRN SEQ:00003052", "label": "others", "box": [592, 1476, 810, 1447], "linking": []}, {"id": 53, "text": " TRN ID:927683803", "label": "others", "box": [596, 1508, 812, 1481], "linking": []}, {"id": 54, "text": " NET", "label": "others", "box": [590, 1538, 628, 1513], "linking": []}, {"id": 55, "text": " MODE", "label": "others", "box": [591, 1565, 643, 1543], "linking": []}, {"id": 56, "text": " Auth Code:", "label": "others", "box": [592, 1593, 724, 1572], "linking": []}, {"id": 57, "text": " Paid", "label": "others", "box": [645, 1623, 702, 1599], "linking": []}, {"id": 58, "text": "Total", "label": "others", "box": [595, 1649, 661, 1630], "linking": []}, {"id": 59, "text": " :", "label": "others", "box": [672, 1163, 681, 1140], "linking": []}, {"id": 60, "text": " *** 1022", "label": "others", "box": [642, 1256, 741, 1233], "linking": []}, {"id": 61, "text": " 1911120100140006", "label": "others", "box": [645, 1287, 860, 1263], "linking": []}, {"id": 62, "text": " AID:", "label": "others", "box": [589, 1321, 636, 1296], "linking": []}, {"id": 63, "text": " TVR", "label": "others", "box": [591, 1351, 626, 1326], "linking": []}, {"id": 64, "text": " IAD", "label": "others", "box": [590, 1382, 626, 1358], "linking": []}, {"id": 65, "text": " TSI:", "label": "others", "box": [590, 1414, 638, 1390], "linking": []}, {"id": 66, "text": " : Amex", "label": "others", "box": [630, 1535, 702, 1515], "linking": []}, {"id": 67, "text": " : Issuer", "label": "others", "box": [647, 1564, 737, 1542], "linking": []}, {"id": 68, "text": " 806386", "label": "others", "box": [727, 1591, 809, 1572], "linking": []}, {"id": 69, "text": "45,22", "label": "sub total", "box": [864, 1592, 934, 1569], "linking": []}, {"id": 70, "text": "4.78", "label": "3 tip", "box": [874, 1621, 934, 1599], "linking": []}, {"id": 71, "text": "50.00", "label": "total amount", "box": [863, 1649, 933, 1629], "linking": []}, {"id": 72, "text": " Tip", "label": "others", "box": [595, 1625, 641, 1601], "linking": []}, {"id": 73, "text": " TOTAL", "label": "others", "box": [596, 1715, 669, 1689], "linking": []}, {"id": 74, "text": " PAID", "label": "others", "box": [673, 1714, 731, 1688], "linking": []}, {"id": 75, "text": "USD$ 50.00", "label": "total amount", "box": [797, 1710, 930, 1685], "linking": []}, {"id": 76, "text": " BALANCE", "label": "others", "box": [591, 1811, 695, 1785], "linking": []}, {"id": 77, "text": " DUE", "label": "others", "box": [699, 1809, 746, 1784], "linking": []}, {"id": 78, "text": "0.00", "label": "others", "box": [876, 1803, 934, 1781], "linking": []}, {"id": 79, "text": " Want", "label": "others", "box": [570, 1921, 618, 1903], "linking": []}, {"id": 80, "text": " or a", "label": "others", "box": [580, 1944, 626, 1927], "linking": []}, {"id": 81, "text": " Chilis.", "label": "others", "box": [611, 1967, 679, 1949], "linking": []}, {"id": 82, "text": " free Chips and", "label": "others", "box": [620, 1921, 769, 1901], "linking": []}, {"id": 83, "text": " every visit?", "label": "others", "box": [703, 1943, 826, 1922], "linking": []}, {"id": 84, "text": " com/Rewards", "label": "others", "box": [682, 1966, 795, 1947], "linking": []}, {"id": 85, "text": " Salsa", "label": "others", "box": [773, 1918, 826, 1901], "linking": []}, {"id": 86, "text": " drink,", "label": "others", "box": [631, 1944, 699, 1925], "linking": []}, {"id": 87, "text": " Gift", "label": "others", "box": [581, 2013, 629, 1996], "linking": []}, {"id": 88, "text": "delayed by 4 hours", "label": "others", "box": [602, 2036, 791, 2013], "linking": []}, {"id": 89, "text": " Card", "label": "others", "box": [631, 2012, 679, 1995], "linking": []}, {"id": 90, "text": " activation", "label": "others", "box": [684, 2011, 789, 1993], "linking": []}, {"id": 91, "text": " is", "label": "others", "box": [795, 2007, 818, 1992], "linking": []}]