[{"id": 0, "text": "merchant name", "label": "others", "box": [80, 45, 128, 32], "linking": []}, {"id": 1, "text": "merchant address", "label": "others", "box": [55, 69, 158, 53], "linking": []}, {"id": 2, "text": "The Art of Eating Healthy", "label": "others", "box": [51, 58, 158, 42], "linking": []}, {"id": 3, "text": "merchant address", "label": "others", "box": [68, 79, 143, 65], "linking": []}, {"id": 4, "text": " Brittney", "label": "others", "box": [53, 100, 88, 89], "linking": []}, {"id": 5, "text": " Rocio", "label": "others", "box": [59, 110, 83, 99], "linking": []}, {"id": 6, "text": "Table 25/1", "label": "others", "box": [23, 120, 66, 109], "linking": []}, {"id": 7, "text": "Guestsset", "label": "others", "box": [26, 129, 64, 119], "linking": []}, {"id": 8, "text": " Server:", "label": "others", "box": [23, 101, 51, 90], "linking": []}, {"id": 9, "text": " Cashler:", "label": "others", "box": [24, 110, 57, 100], "linking": []}, {"id": 10, "text": "11/30/2019", "label": "others", "box": [152, 96, 197, 84], "linking": []}, {"id": 11, "text": " 9:43 PM", "label": "others", "box": [163, 116, 197, 105], "linking": []}, {"id": 12, "text": "10046", "label": "others", "box": [172, 126, 196, 116], "linking": []}, {"id": 13, "text": "Falafel Pita", "label": "0 description beginning", "box": [26, 147, 75, 137], "linking": []}, {"id": 14, "text": "1.69", "label": "5 total price per item", "box": [176, 145, 196, 135], "linking": []}, {"id": 15, "text": "Subitotal", "label": "others", "box": [23, 166, 57, 156], "linking": []}, {"id": 16, "text": "7.69", "label": "sub total", "box": [177, 165, 198, 154], "linking": []}, {"id": 17, "text": "6.66", "label": "2 tax total", "box": [177, 175, 197, 165], "linking": []}, {"id": 18, "text": "Total", "label": "others", "box": [22, 195, 42, 185], "linking": []}, {"id": 19, "text": "8.35", "label": "total amount", "box": [173, 196, 198, 184], "linking": []}, {"id": 20, "text": " Balance", "label": "others", "box": [22, 216, 81, 205], "linking": []}, {"id": 21, "text": " Due", "label": "others", "box": [86, 217, 113, 206], "linking": []}, {"id": 22, "text": "8.35", "label": "total amount", "box": [161, 217, 197, 205], "linking": []}, {"id": 23, "text": "Thank You For Being", "label": "others", "box": [66, 247, 148, 235], "linking": []}, {"id": 24, "text": "Our Guest Today !", "label": "others", "box": [70, 258, 145, 245], "linking": []}, {"id": 25, "text": "www.pitajungle.com", "label": "others", "box": [68, 280, 147, 266], "linking": []}, {"id": 26, "text": "Gift Cards now Available!", "label": "others", "box": [53, 269, 159, 255], "linking": []}]