[{"id": 0, "text": "*** Customer copy ***", "label": "others", "box": [408, 370, 1028, 306], "linking": []}, {"id": 1, "text": "merchant name", "label": "others", "box": [445, 515, 1002, 441], "linking": []}, {"id": 2, "text": "I agree to pay the above total amount", "label": "others", "box": [180, 596, 1263, 515], "linking": []}, {"id": 3, "text": "agreement. (Merchant agreement if Credit", "label": "others", "box": [157, 738, 1290, 655], "linking": []}, {"id": 4, "text": "Voucher)Retain this copy for your", "label": "others", "box": [251, 807, 1204, 737], "linking": []}, {"id": 5, "text": "records.", "label": "others", "box": [632, 874, 857, 816], "linking": []}, {"id": 6, "text": "according to card issuer", "label": "others", "box": [392, 662, 1086, 589], "linking": []}, {"id": 7, "text": "PURCHASE / APPROVED", "label": "others", "box": [167, 1017, 725, 950], "linking": []}, {"id": 8, "text": "AMERICAN EXPRESS", "label": "others", "box": [179, 1086, 639, 1021], "linking": []}, {"id": 9, "text": "*********** 1006", "label": "others", "box": [181, 1151, 616, 1091], "linking": []}, {"id": 10, "text": "CHIP READ /", "label": "others", "box": [181, 1224, 508, 1163], "linking": []}, {"id": 11, "text": " 2019/11/21 14:33:10", "label": "others", "box": [184, 1362, 733, 1290], "linking": []}, {"id": 12, "text": "TID", "label": "others", "box": [199, 1425, 283, 1371], "linking": []}, {"id": 13, "text": "MID", "label": "others", "box": [193, 1491, 283, 1438], "linking": []}, {"id": 14, "text": "REFERENCE", "label": "others", "box": [195, 1558, 451, 1502], "linking": []}, {"id": 15, "text": "AUTH CODE", "label": "others", "box": [198, 1626, 451, 1568], "linking": []}, {"id": 16, "text": "**** 5749", "label": "others", "box": [1085, 1413, 1315, 1355], "linking": []}, {"id": 17, "text": "6634461", "label": "others", "box": [1116, 1483, 1311, 1424], "linking": []}, {"id": 18, "text": "S1131T113103#52228@265839", "label": "others", "box": [614, 1556, 1317, 1492], "linking": []}, {"id": 19, "text": "889582", "label": "others", "box": [1141, 1619, 1318, 1560], "linking": []}, {"id": 20, "text": "TOTAL", "label": "others", "box": [207, 1758, 351, 1702], "linking": []}, {"id": 21, "text": "USD3.48", "label": "total amount", "box": [1118, 1757, 1323, 1696], "linking": []}, {"id": 22, "text": " ARC:", "label": "others", "box": [212, 1888, 332, 1832], "linking": []}, {"id": 23, "text": " TSI:", "label": "others", "box": [216, 1953, 333, 1894], "linking": []}, {"id": 24, "text": " IAD:", "label": "others", "box": [219, 2016, 336, 1959], "linking": []}, {"id": 25, "text": " TVR:", "label": "others", "box": [224, 2079, 341, 2025], "linking": []}, {"id": 26, "text": " AID:", "label": "others", "box": [222, 2144, 338, 2087], "linking": []}, {"id": 27, "text": " PAN Seq No:", "label": "others", "box": [226, 2211, 528, 2153], "linking": []}, {"id": 28, "text": " 00", "label": "others", "box": [343, 1888, 403, 1832], "linking": []}, {"id": 29, "text": " F800", "label": "others", "box": [344, 1953, 461, 1897], "linking": []}, {"id": 30, "text": " 066B0103602002", "label": "others", "box": [347, 2024, 738, 1961], "linking": []}, {"id": 31, "text": " 0000008000", "label": "others", "box": [350, 2083, 629, 2026], "linking": []}, {"id": 32, "text": " A000000025010801", "label": "others", "box": [349, 2146, 794, 2089], "linking": []}, {"id": 33, "text": " 00", "label": "others", "box": [538, 2209, 605, 2153], "linking": []}]