[{"id": 0, "text": "2140808", "label": "others", "box": [380, 176, 734, 78], "linking": []}, {"id": 1, "text": "merchant address", "label": "others", "box": [346, 284, 1417, 239], "linking": []}, {"id": 2, "text": "merchant phone", "label": "others", "box": [458, 323, 861, 283], "linking": []}, {"id": 3, "text": " Website", "label": "others", "box": [571, 371, 731, 327], "linking": []}, {"id": 4, "text": "merchant name", "label": "others", "box": [775, 144, 917, 78], "linking": []}, {"id": 5, "text": "merchant address", "label": "others", "box": [762, 191, 940, 155], "linking": []}, {"id": 6, "text": "merchant address", "label": "others", "box": [768, 224, 930, 194], "linking": []}, {"id": 7, "text": " Phone", "label": "others", "box": [336, 321, 453, 284], "linking": []}, {"id": 8, "text": " : 033-2223 1766, 2223 8805", "label": "others", "box": [866, 329, 1405, 283], "linking": []}, {"id": 9, "text": " : www.tajhotels.com", "label": "others", "box": [738, 380, 1158, 329], "linking": []}, {"id": 10, "text": "SONARGOAN", "label": "others", "box": [967, 453, 1210, 397], "linking": []}, {"id": 11, "text": " Tax", "label": "others", "box": [969, 400, 1052, 362], "linking": []}, {"id": 12, "text": " Invoice", "label": "others", "box": [1073, 403, 1256, 361], "linking": []}, {"id": 13, "text": "OiSERIE", "label": "others", "box": [306, 577, 544, 497], "linking": []}, {"id": 14, "text": "BILL NO", "label": "others", "box": [646, 552, 838, 497], "linking": []}, {"id": 15, "text": " 0300403773 20/10/2019 10:41 PM 4", "label": "others", "box": [638, 629, 1485, 556], "linking": []}, {"id": 16, "text": " CASHIER", "label": "others", "box": [642, 679, 838, 637], "linking": []}, {"id": 17, "text": " WAITER", "label": "others", "box": [639, 723, 814, 677], "linking": []}, {"id": 18, "text": " DATE AND", "label": "others", "box": [964, 569, 1190, 505], "linking": []}, {"id": 19, "text": " :20", "label": "others", "box": [885, 642, 974, 608], "linking": []}, {"id": 20, "text": " TIME", "label": "others", "box": [1197, 571, 1310, 515], "linking": []}, {"id": 21, "text": "PAX", "label": "others", "box": [1397, 578, 1488, 526], "linking": []}, {"id": 22, "text": " TABLE NO", "label": "others", "box": [648, 642, 867, 602], "linking": []}, {"id": 23, "text": " : SUD", "label": "others", "box": [854, 681, 974, 639], "linking": []}, {"id": 24, "text": " :SUD", "label": "others", "box": [828, 724, 951, 680], "linking": []}, {"id": 25, "text": " : Sudeep Chakravorty", "label": "others", "box": [990, 691, 1499, 642], "linking": []}, {"id": 26, "text": "amigaon it", "label": "others", "box": [280, 755, 522, 694], "linking": []}, {"id": 27, "text": " :Sudeep Chakravorty", "label": "others", "box": [964, 732, 1483, 682], "linking": []}, {"id": 28, "text": "Qty Menu Item", "label": "others", "box": [689, 831, 1054, 777], "linking": []}, {"id": 29, "text": "Amount", "label": "others", "box": [1413, 826, 1576, 783], "linking": []}, {"id": 30, "text": "ouk", "label": "others", "box": [239, 996, 508, 886], "linking": []}, {"id": 31, "text": " SAC/HSN Code:", "label": "others", "box": [625, 944, 1012, 886], "linking": []}, {"id": 32, "text": " 996332", "label": "others", "box": [1022, 938, 1200, 883], "linking": []}, {"id": 33, "text": "1.000 MACHHLI GANDHARAJ", "label": "0 description beginning", "box": [625, 999, 1281, 941], "linking": []}, {"id": 34, "text": "1.000 KOSHA MANGSHO S/G", "label": "0 description beginning", "box": [622, 1058, 1295, 999], "linking": []}, {"id": 35, "text": "1.000 NAAN GARLIC", "label": "0 description beginning", "box": [622, 1117, 1119, 1062], "linking": []}, {"id": 36, "text": "2.000 LUCHI S/G", "label": "0 description beginning", "box": [626, 1181, 1070, 1118], "linking": []}, {"id": 37, "text": "1.000 SORSON KA PHOOL", "label": "0 description beginning", "box": [624, 1244, 1228, 1182], "linking": []}, {"id": 38, "text": "1.000 PANEER SONARGAON", "label": "0 description beginning", "box": [624, 1308, 1276, 1245], "linking": []}, {"id": 39, "text": "1.000 DAL SONARGAON", "label": "0 description beginning", "box": [620, 1374, 1187, 1312], "linking": []}, {"id": 40, "text": "2.000 TAWA PHULKA S/G", "label": "0 description beginning", "box": [620, 1439, 1238, 1378], "linking": []}, {"id": 41, "text": "1.000 SANGRIA-PEACH AND H", "label": "0 description beginning", "box": [617, 1525, 1375, 1461], "linking": []}, {"id": 42, "text": "1250.00", "label": "5 total price per item", "box": [1394, 994, 1596, 940], "linking": []}, {"id": 43, "text": "1400.00", "label": "5 total price per item", "box": [1401, 1053, 1600, 997], "linking": []}, {"id": 44, "text": "250.00", "label": "5 total price per item", "box": [1428, 1115, 1600, 1059], "linking": []}, {"id": 45, "text": "500.00", "label": "5 total price per item", "box": [1431, 1178, 1601, 1118], "linking": []}, {"id": 46, "text": "950.00", "label": "5 total price per item", "box": [1432, 1242, 1606, 1183], "linking": []}, {"id": 47, "text": "1050.00", "label": "5 total price per item", "box": [1406, 1305, 1606, 1245], "linking": []}, {"id": 48, "text": "850.00", "label": "5 total price per item", "box": [1430, 1369, 1614, 1309], "linking": []}, {"id": 49, "text": "450.00", "label": "5 total price per item", "box": [1434, 1426, 1613, 1375], "linking": []}, {"id": 50, "text": "Colgo", "label": "others", "box": [174, 1313, 481, 1155], "linking": []}, {"id": 51, "text": "00", "label": "others", "box": [63, 1383, 124, 1328], "linking": []}, {"id": 52, "text": " SAC/HSN Code:", "label": "others", "box": [622, 1478, 1017, 1432], "linking": []}, {"id": 53, "text": " None", "label": "others", "box": [1034, 1471, 1165, 1432], "linking": []}, {"id": 54, "text": "EJUNCTION", "label": "others", "box": [127, 1587, 480, 1473], "linking": []}, {"id": 55, "text": "ONEY", "label": "1 description inside", "box": [804, 1571, 925, 1521], "linking": []}, {"id": 56, "text": "1250.00", "label": "5 total price per item", "box": [1446, 1552, 1653, 1502], "linking": []}, {"id": 57, "text": "Total", "label": "others", "box": [679, 1703, 836, 1643], "linking": []}, {"id": 58, "text": "7950.00", "label": "sub total", "box": [1451, 1672, 1678, 1607], "linking": []}, {"id": 59, "text": " SAC/HSN Code:", "label": "others", "box": [611, 1777, 1042, 1693], "linking": []}, {"id": 60, "text": " 9%", "label": "others", "box": [902, 1897, 980, 1828], "linking": []}, {"id": 61, "text": " 996332", "label": "others", "box": [1052, 1755, 1258, 1684], "linking": []}, {"id": 62, "text": "603.00", "label": "2 tax total", "box": [1503, 1799, 1701, 1731], "linking": []}, {"id": 63, "text": "603.00", "label": "2 tax total", "box": [1515, 1862, 1716, 1799], "linking": []}, {"id": 64, "text": "THE PROMENADE", "label": "others", "box": [45, 1856, 450, 1788], "linking": []}, {"id": 65, "text": " CGST", "label": "others", "box": [670, 1840, 821, 1769], "linking": []}, {"id": 66, "text": " SGST", "label": "others", "box": [670, 1909, 822, 1843], "linking": []}, {"id": 67, "text": " @", "label": "others", "box": [832, 1830, 884, 1769], "linking": []}, {"id": 68, "text": " @", "label": "others", "box": [832, 1901, 888, 1837], "linking": []}, {"id": 69, "text": " 9%", "label": "others", "box": [895, 1828, 973, 1769], "linking": []}, {"id": 70, "text": "LOUNGE", "label": "others", "box": [176, 1880, 305, 1846], "linking": []}, {"id": 71, "text": "---", "label": "others", "box": [1396, 1923, 1475, 1899], "linking": []}, {"id": 72, "text": "9156.00", "label": "total amount", "box": [1501, 2010, 1740, 1935], "linking": []}, {"id": 73, "text": "La Patisserie", "label": "others", "box": [11, 2148, 503, 2038], "linking": []}, {"id": 74, "text": "Grand Total", "label": "others", "box": [671, 2057, 1037, 1974], "linking": []}, {"id": 75, "text": "& Deli", "label": "others", "box": [271, 2214, 497, 2132], "linking": []}]