[{"id": 0, "text": "Your order number is", "label": "others", "box": [45, 128, 295, 96], "linking": []}, {"id": 1, "text": "118", "label": "others", "box": [132, 187, 228, 129], "linking": []}, {"id": 2, "text": "merchant name", "label": "others", "box": [110, 236, 219, 219], "linking": []}, {"id": 3, "text": "merchant address", "label": "others", "box": [90, 254, 239, 235], "linking": []}, {"id": 4, "text": " ABN:", "label": "others", "box": [104, 269, 131, 253], "linking": []}, {"id": 5, "text": "Please email Feedback to", "label": "others", "box": [84, 288, 237, 268], "linking": []}, {"id": 6, "text": "merchant phone", "label": "others", "box": [134, 271, 227, 253], "linking": []}, {"id": 7, "text": "0116@au.stores.mcd.com", "label": "others", "box": [90, 305, 230, 285], "linking": []}, {"id": 8, "text": "TAX INVOICE", "label": "others", "box": [129, 320, 201, 303], "linking": []}, {"id": 9, "text": " MFY Side", "label": "others", "box": [134, 355, 187, 337], "linking": []}, {"id": 10, "text": " ORD #18 -REG #4- 22/10/2019 20:46:39", "label": "others", "box": [39, 389, 266, 367], "linking": []}, {"id": 11, "text": "TOTAL", "label": "others", "box": [251, 405, 282, 390], "linking": []}, {"id": 12, "text": "3.45", "label": "5 total price per item", "box": [255, 423, 281, 407], "linking": []}, {"id": 13, "text": "11.85", "label": "5 total price per item", "box": [249, 439, 281, 424], "linking": []}, {"id": 14, "text": " 1", "label": "others", "box": [189, 355, 199, 338], "linking": []}, {"id": 15, "text": "QTY ITEM", "label": "others", "box": [38, 402, 96, 384], "linking": []}, {"id": 16, "text": " 1", "label": "e quantity", "box": [50, 418, 59, 402], "linking": []}, {"id": 17, "text": " 1", "label": "e quantity", "box": [51, 436, 58, 419], "linking": []}, {"id": 18, "text": " Cheeseburger", "label": "0 description beginning", "box": [61, 422, 143, 403], "linking": []}, {"id": 19, "text": " 1", "label": "e quantity", "box": [63, 453, 71, 436], "linking": []}, {"id": 20, "text": " Lrg Big Mac VM", "label": "0 description beginning", "box": [61, 438, 155, 419], "linking": []}, {"id": 21, "text": " Big Mac", "label": "0 description beginning", "box": [74, 454, 123, 437], "linking": []}, {"id": 22, "text": " NO Beef 10:1", "label": "1 description inside", "box": [87, 471, 166, 455], "linking": []}, {"id": 23, "text": "ADD 2 McChkn Patty", "label": "1 description inside", "box": [86, 489, 202, 471], "linking": []}, {"id": 24, "text": " Lrg Fries", "label": "0 description beginning", "box": [72, 505, 135, 488], "linking": []}, {"id": 25, "text": " Lrg Coke", "label": "0 description beginning", "box": [72, 522, 128, 505], "linking": []}, {"id": 26, "text": "-2.20", "label": "5 total price per item", "box": [251, 472, 282, 456], "linking": []}, {"id": 27, "text": "4,00", "label": "5 total price per item", "box": [254, 488, 282, 473], "linking": []}, {"id": 28, "text": " 1", "label": "e quantity", "box": [62, 505, 69, 488], "linking": []}, {"id": 29, "text": " 1", "label": "e quantity", "box": [63, 521, 69, 505], "linking": []}, {"id": 30, "text": "Subtotal", "label": "others", "box": [34, 555, 88, 538], "linking": []}, {"id": 31, "text": "Take-Out Total (incl GST)", "label": "others", "box": [33, 573, 194, 556], "linking": []}, {"id": 32, "text": "EFTPOS", "label": "others", "box": [33, 590, 77, 574], "linking": []}, {"id": 33, "text": "17.10", "label": "sub total", "box": [248, 555, 281, 540], "linking": []}, {"id": 34, "text": "17.10", "label": "total amount", "box": [249, 572, 281, 557], "linking": []}, {"id": 35, "text": "17.10", "label": "total amount", "box": [249, 590, 281, 574], "linking": []}, {"id": 36, "text": "TOTAL INCLUDES GST OF", "label": "others", "box": [33, 624, 170, 607], "linking": []}, {"id": 37, "text": "1.55", "label": "2 tax total", "box": [255, 624, 280, 606], "linking": []}, {"id": 38, "text": " -- EFT transaction information", "label": "others", "box": [31, 678, 225, 659], "linking": []}, {"id": 39, "text": "EFTPOS FROM WESTPAC", "label": "others", "box": [30, 696, 156, 677], "linking": []}, {"id": 40, "text": " 24531022", "label": "others", "box": [62, 713, 118, 696], "linking": []}, {"id": 41, "text": " 95011604", "label": "others", "box": [61, 731, 118, 713], "linking": []}, {"id": 42, "text": " 19", "label": "others", "box": [82, 749, 97, 731], "linking": []}, {"id": 43, "text": " --", "label": "others", "box": [228, 676, 243, 659], "linking": []}, {"id": 44, "text": " MID:", "label": "others", "box": [29, 714, 58, 697], "linking": []}, {"id": 45, "text": " TID:", "label": "others", "box": [31, 731, 58, 715], "linking": []}, {"id": 46, "text": " OCT 22,", "label": "others", "box": [29, 750, 79, 732], "linking": []}, {"id": 47, "text": " ROC:", "label": "others", "box": [28, 766, 58, 751], "linking": []}, {"id": 48, "text": "ACCOUNT TYPE", "label": "others", "box": [28, 785, 110, 766], "linking": []}, {"id": 49, "text": "AMEX", "label": "others", "box": [28, 803, 57, 787], "linking": []}, {"id": 50, "text": "A000000025010901", "label": "others", "box": [27, 822, 133, 802], "linking": []}, {"id": 51, "text": " 20:47", "label": "others", "box": [152, 745, 185, 729], "linking": []}, {"id": 52, "text": "018500", "label": "others", "box": [146, 762, 186, 747], "linking": []}, {"id": 53, "text": "CREDIT", "label": "others", "box": [144, 781, 185, 765], "linking": []}, {"id": 54, "text": "AMERICAN EXPRESS", "label": "others", "box": [23, 841, 134, 819], "linking": []}, {"id": 55, "text": ".... 9248(t)", "label": "others", "box": [74, 859, 144, 837], "linking": []}, {"id": 56, "text": "AUD", "label": "others", "box": [83, 873, 106, 858], "linking": []}, {"id": 57, "text": "SALE", "label": "others", "box": [24, 876, 57, 859], "linking": []}, {"id": 58, "text": "$17.10", "label": "total amount", "box": [143, 871, 185, 854], "linking": []}, {"id": 59, "text": "APPROVED", "label": "others", "box": [24, 913, 81, 895], "linking": []}, {"id": 60, "text": "APPROVAL CODE", "label": "others", "box": [23, 932, 113, 911], "linking": []}, {"id": 61, "text": " ARQC:", "label": "others", "box": [24, 950, 65, 933], "linking": []}, {"id": 62, "text": " APSN:00", "label": "others", "box": [22, 970, 74, 950], "linking": []}, {"id": 63, "text": "100", "label": "others", "box": [156, 905, 171, 890], "linking": []}, {"id": 64, "text": "840385", "label": "others", "box": [144, 924, 184, 908], "linking": []}, {"id": 65, "text": " 056A7EA5E7BD67ED", "label": "others", "box": [75, 948, 184, 926], "linking": []}, {"id": 66, "text": "CUSTOMER COPY", "label": "others", "box": [56, 986, 144, 963], "linking": []}, {"id": 67, "text": " ATC:0069", "label": "others", "box": [131, 962, 184, 945], "linking": []}, {"id": 68, "text": "How was your Experience?", "label": "others", "box": [67, 1097, 229, 1068], "linking": []}, {"id": 69, "text": "FAST and Free Wi-Fry", "label": "others", "box": [80, 1133, 215, 1107], "linking": []}, {"id": 70, "text": "www.macc.as/feedback", "label": "others", "box": [77, 1172, 213, 1143], "linking": []}, {"id": 71, "text": "Connect to Macca's", "label": "others", "box": [86, 1113, 207, 1089], "linking": []}, {"id": 72, "text": "and tell us now at", "label": "others", "box": [82, 1152, 206, 1126], "linking": []}]