[{"id": 0, "text": "Thank You For Visiting the", "label": "others", "box": [80, 72, 269, 31], "linking": []}, {"id": 1, "text": "Matthew Fraysier", "label": "others", "box": [116, 105, 231, 78], "linking": []}, {"id": 2, "text": "merchant phone", "label": "others", "box": [127, 138, 223, 116], "linking": []}, {"id": 3, "text": "Text @LTF11479 to 73940", "label": "others", "box": [88, 171, 260, 151], "linking": []}, {"id": 4, "text": "merchant name", "label": "others", "box": [81, 90, 224, 58], "linking": []}, {"id": 5, "text": "General Manager", "label": "others", "box": [119, 121, 229, 99], "linking": []}, {"id": 6, "text": "We Love Your Feedback!", "label": "others", "box": [91, 154, 255, 132], "linking": []}, {"id": 7, "text": " -", "label": "others", "box": [225, 75, 238, 56], "linking": []}, {"id": 8, "text": "merchant name", "label": "others", "box": [239, 73, 268, 52], "linking": []}, {"id": 9, "text": "USD", "label": "others", "box": [304, 199, 329, 182], "linking": []}, {"id": 10, "text": "2.85", "label": "5 total price per item", "box": [298, 218, 330, 199], "linking": []}, {"id": 11, "text": "1.80", "label": "5 total price per item", "box": [300, 236, 330, 218], "linking": []}, {"id": 12, "text": " Soup", "label": "0 description beginning", "box": [20, 217, 55, 204], "linking": []}, {"id": 13, "text": "Coke Zero 20oz", "label": "0 description beginning", "box": [19, 236, 128, 218], "linking": []}, {"id": 14, "text": " -", "label": "others", "box": [59, 218, 72, 204], "linking": []}, {"id": 15, "text": " 12oz", "label": "1 description inside", "box": [75, 218, 106, 204], "linking": []}, {"id": 16, "text": "Sub Total", "label": "others", "box": [194, 276, 262, 260], "linking": []}, {"id": 17, "text": "Tax Amount", "label": "others", "box": [195, 293, 271, 277], "linking": []}, {"id": 18, "text": "4.65", "label": "sub total", "box": [299, 273, 332, 256], "linking": []}, {"id": 19, "text": "0.41", "label": "2 tax total", "box": [298, 291, 331, 275], "linking": []}, {"id": 20, "text": "Total USD", "label": "others", "box": [12, 362, 150, 331], "linking": []}, {"id": 21, "text": "5.06", "label": "total amount", "box": [266, 359, 329, 331], "linking": []}, {"id": 22, "text": "5009 AMERICAN EXPRESS", "label": "others", "box": [15, 433, 174, 419], "linking": []}, {"id": 23, "text": "5.06", "label": "others", "box": [297, 431, 330, 416], "linking": []}, {"id": 24, "text": "Tax", "label": "others", "box": [11, 484, 36, 469], "linking": []}, {"id": 25, "text": "() 8.875", "label": "others", "box": [11, 505, 72, 487], "linking": []}, {"id": 26, "text": " Taxable Amount", "label": "others", "box": [131, 484, 245, 467], "linking": []}, {"id": 27, "text": "4.65", "label": "sub total", "box": [206, 501, 238, 485], "linking": []}, {"id": 28, "text": " Tax Amount", "label": "others", "box": [252, 483, 330, 466], "linking": []}, {"id": 29, "text": "0.41", "label": "2 tax total", "box": [298, 500, 329, 485], "linking": []}, {"id": 30, "text": " 12/10/2019 02:16 PM #:29206 Op:119 C:1111", "label": "others", "box": [12, 561, 328, 541], "linking": []}, {"id": 31, "text": " 13 S:1111", "label": "others", "box": [15, 579, 82, 562], "linking": []}, {"id": 32, "text": " Served you", "label": "others", "box": [11, 597, 90, 580], "linking": []}, {"id": 33, "text": " : AENY Self Checkout - 3", "label": "others", "box": [93, 596, 278, 577], "linking": []}, {"id": 34, "text": "*** Customer copy ***", "label": "others", "box": [76, 671, 238, 655], "linking": []}, {"id": 35, "text": "AMEX NY937 (11)", "label": "others", "box": [99, 709, 213, 691], "linking": []}]