[{"id": 0, "text": "merchant name", "label": "others", "box": [146, 90, 304, 73], "linking": []}, {"id": 1, "text": "merchant address", "label": "others", "box": [171, 104, 278, 89], "linking": []}, {"id": 2, "text": "merchant address", "label": "others", "box": [163, 119, 286, 105], "linking": []}, {"id": 3, "text": "merchant phone", "label": "others", "box": [183, 133, 266, 119], "linking": []}, {"id": 4, "text": "Cntr 789", "label": "others", "box": [88, 163, 164, 147], "linking": []}, {"id": 5, "text": "merchant name", "label": "others", "box": [153, 178, 237, 163], "linking": []}, {"id": 6, "text": " 12/06/19-A 11", "label": "others", "box": [191, 163, 290, 148], "linking": []}, {"id": 7, "text": "Table (STANDEE)", "label": "others", "box": [252, 175, 359, 161], "linking": []}, {"id": 8, "text": " :30am", "label": "others", "box": [292, 162, 357, 148], "linking": []}, {"id": 9, "text": " Guests", "label": "others", "box": [88, 178, 132, 164], "linking": []}, {"id": 10, "text": " 1", "label": "others", "box": [138, 178, 150, 164], "linking": []}, {"id": 11, "text": "1 .. VEGGIE OMLET", "label": "0 description beginning", "box": [87, 210, 188, 192], "linking": []}, {"id": 12, "text": "W/ Cheese", "label": "1 description inside", "box": [106, 225, 167, 210], "linking": []}, {"id": 13, "text": " Tropicana", "label": "0 description beginning", "box": [106, 244, 169, 228], "linking": []}, {"id": 14, "text": " Sm Latte", "label": "0 description beginning", "box": [105, 259, 162, 244], "linking": []}, {"id": 15, "text": " .. Special Item", "label": "0 description beginning", "box": [92, 276, 189, 260], "linking": []}, {"id": 16, "text": "8.75", "label": "5 total price per item", "box": [331, 205, 362, 189], "linking": []}, {"id": 17, "text": ".50", "label": "5 total price per item", "box": [337, 223, 359, 208], "linking": []}, {"id": 18, "text": "3.00", "label": "5 total price per item", "box": [329, 239, 361, 224], "linking": []}, {"id": 19, "text": "3.30", "label": "5 total price per item", "box": [329, 256, 359, 241], "linking": []}, {"id": 20, "text": "1.20", "label": "5 total price per item", "box": [331, 273, 359, 259], "linking": []}, {"id": 21, "text": " 1 ..", "label": "e quantity", "box": [88, 244, 103, 228], "linking": []}, {"id": 22, "text": " 1", "label": "e quantity", "box": [88, 259, 90, 245], "linking": []}, {"id": 23, "text": " 1", "label": "e quantity", "box": [88, 276, 89, 261], "linking": []}, {"id": 24, "text": " ..", "label": "e quantity", "box": [93, 259, 102, 245], "linking": []}, {"id": 25, "text": "Items", "label": "others", "box": [213, 308, 249, 293], "linking": []}, {"id": 26, "text": "Tax (on 13.75)", "label": "others", "box": [152, 325, 248, 309], "linking": []}, {"id": 27, "text": "Subtotal", "label": "others", "box": [137, 341, 246, 327], "linking": []}, {"id": 28, "text": "16.75", "label": "others", "box": [324, 307, 358, 292], "linking": []}, {"id": 29, "text": "1.22", "label": "2 tax total", "box": [329, 324, 359, 309], "linking": []}, {"id": 30, "text": "17.97", "label": "sub total", "box": [291, 341, 356, 325], "linking": []}, {"id": 31, "text": "Tip", "label": "others", "box": [227, 390, 251, 375], "linking": []}, {"id": 32, "text": "2.000", "label": "3 tip", "box": [292, 386, 346, 365], "linking": []}, {"id": 33, "text": "TOTAL", "label": "others", "box": [213, 440, 250, 424], "linking": []}, {"id": 34, "text": "19.97", "label": "total amount", "box": [276, 437, 337, 411], "linking": []}, {"id": 35, "text": "01.38510770 AMEX*1001 Chp", "label": "others", "box": [81, 477, 257, 460], "linking": []}, {"id": 36, "text": " 12-06-2019 11:30:13 NOS", "label": "others", "box": [96, 495, 258, 478], "linking": []}, {"id": 37, "text": "A000000025010801", "label": "others", "box": [249, 509, 362, 494], "linking": []}, {"id": 38, "text": " 06600103602002/855145", "label": "others", "box": [213, 527, 362, 511], "linking": []}, {"id": 39, "text": "17.97", "label": "others", "box": [328, 493, 362, 478], "linking": []}, {"id": 40, "text": "AMERICAN EXPRESS", "label": "others", "box": [96, 511, 209, 496], "linking": []}, {"id": 41, "text": " 0000008000/F800", "label": "others", "box": [96, 529, 206, 512], "linking": []}, {"id": 42, "text": "Customer Copy", "label": "others", "box": [131, 562, 312, 542], "linking": []}, {"id": 43, "text": "Cardholder agrees to pay the above TOTAL", "label": "others", "box": [81, 599, 366, 577], "linking": []}, {"id": 44, "text": "amount according to issuer agreement.", "label": "others", "box": [92, 617, 357, 598], "linking": []}, {"id": 45, "text": "man for your patronage", "label": "others", "box": [168, 651, 325, 636], "linking": []}]