[{"id": 0, "text": "merchant name", "label": "others", "box": [172, 185, 301, 139], "linking": []}, {"id": 1, "text": "merchant address", "label": "others", "box": [190, 240, 382, 211], "linking": []}, {"id": 2, "text": "merchant address", "label": "others", "box": [153, 271, 415, 240], "linking": []}, {"id": 3, "text": "merchant phone", "label": "others", "box": [170, 302, 395, 270], "linking": []}, {"id": 4, "text": " -", "label": "others", "box": [309, 182, 322, 138], "linking": []}, {"id": 5, "text": "merchant address", "label": "others", "box": [329, 181, 367, 138], "linking": []}, {"id": 6, "text": "merchant address", "label": "others", "box": [375, 180, 410, 137], "linking": []}, {"id": 7, "text": "11/11/2019", "label": "others", "box": [44, 359, 155, 334], "linking": []}, {"id": 8, "text": " Order Id:", "label": "others", "box": [40, 390, 142, 363], "linking": []}, {"id": 9, "text": "#87 - Take Out", "label": "others", "box": [39, 418, 196, 393], "linking": []}, {"id": 10, "text": " Employee:", "label": "others", "box": [40, 450, 138, 422], "linking": []}, {"id": 11, "text": " 1:06:27 PM", "label": "others", "box": [401, 359, 518, 329], "linking": []}, {"id": 12, "text": " AAB7THZ6ACGF", "label": "others", "box": [147, 390, 287, 363], "linking": []}, {"id": 13, "text": " Marison Perez Zambrano", "label": "others", "box": [143, 451, 397, 422], "linking": []}, {"id": 14, "text": " 1", "label": "e quantity", "box": [60, 508, 69, 480], "linking": []}, {"id": 15, "text": " 1", "label": "e quantity", "box": [58, 536, 70, 510], "linking": []}, {"id": 16, "text": " 1", "label": "e quantity", "box": [58, 564, 72, 541], "linking": []}, {"id": 17, "text": " BYO Salad Full", "label": "0 description beginning", "box": [74, 508, 235, 480], "linking": []}, {"id": 18, "text": " Grilled Chicken", "label": "0 description beginning", "box": [75, 538, 247, 511], "linking": []}, {"id": 19, "text": " Avocado", "label": "0 description beginning", "box": [76, 566, 157, 541], "linking": []}, {"id": 20, "text": "$9.75", "label": "5 total price per item", "box": [446, 511, 505, 484], "linking": []}, {"id": 21, "text": "$3.00", "label": "5 total price per item", "box": [443, 539, 501, 515], "linking": []}, {"id": 22, "text": "$1.50", "label": "5 total price per item", "box": [440, 570, 499, 544], "linking": []}, {"id": 23, "text": "Sub Total", "label": "others", "box": [31, 620, 131, 596], "linking": []}, {"id": 24, "text": "$14.25", "label": "sub total", "box": [426, 621, 498, 598], "linking": []}, {"id": 25, "text": "Order Total", "label": "others", "box": [27, 680, 150, 653], "linking": []}, {"id": 26, "text": "$14.25", "label": "total amount", "box": [427, 678, 499, 653], "linking": []}, {"id": 27, "text": "American Express", "label": "others", "box": [27, 738, 205, 713], "linking": []}, {"id": 28, "text": " Card#:", "label": "others", "box": [69, 767, 140, 743], "linking": []}, {"id": 29, "text": " Authorization:", "label": "others", "box": [69, 798, 225, 770], "linking": []}, {"id": 30, "text": "$14.25", "label": "others", "box": [426, 737, 500, 711], "linking": []}, {"id": 31, "text": " *********** 1000", "label": "others", "box": [145, 765, 316, 743], "linking": []}, {"id": 32, "text": " 521999", "label": "others", "box": [231, 798, 306, 770], "linking": []}, {"id": 33, "text": " -- > Order Closed", "label": "others", "box": [147, 888, 330, 859], "linking": []}, {"id": 34, "text": " < --", "label": "others", "box": [335, 888, 376, 860], "linking": []}, {"id": 35, "text": " Thank you for visiting Ladle and Leaf.", "label": "others", "box": [27, 949, 462, 914], "linking": []}, {"id": 36, "text": " Visit", "label": "others", "box": [70, 999, 134, 974], "linking": []}, {"id": 37, "text": "Chance to earn free soups and salads!", "label": "others", "box": [51, 1034, 461, 1001], "linking": []}, {"id": 38, "text": " We", "label": "others", "box": [467, 949, 499, 921], "linking": []}, {"id": 39, "text": "would love to hear from you.", "label": "others", "box": [100, 977, 411, 944], "linking": []}, {"id": 40, "text": " www.ladleandleaf.com/survey", "label": "others", "box": [141, 1006, 449, 975], "linking": []}]