[{"id": 0, "text": "USD", "label": "others", "box": [348, 112, 375, 96], "linking": []}, {"id": 1, "text": "1.30", "label": "5 total price per item", "box": [341, 130, 376, 114], "linking": []}, {"id": 2, "text": " Coke", "label": "0 description beginning", "box": [23, 131, 60, 113], "linking": []}, {"id": 3, "text": " 0.85", "label": "1 description inside", "box": [23, 150, 63, 132], "linking": []}, {"id": 4, "text": "PHX Salad Bar Weighe", "label": "0 description beginning", "box": [22, 169, 195, 151], "linking": []}, {"id": 5, "text": "Pizza Slice", "label": "0 description beginning", "box": [21, 187, 118, 170], "linking": []}, {"id": 6, "text": " Diet", "label": "0 description beginning", "box": [64, 131, 105, 114], "linking": []}, {"id": 7, "text": " \u00d7 $ 6.88/1b", "label": "1 description inside", "box": [90, 150.69, 187, 132.69], "linking": []}, {"id": 8, "text": " 20oz", "label": "0 description beginning", "box": [107, 131, 145, 114], "linking": []}, {"id": 9, "text": " lb", "label": "1 description inside", "box": [66, 150, 87, 133], "linking": []}, {"id": 10, "text": "5.85", "label": "5 total price per item", "box": [340, 169, 377, 151], "linking": []}, {"id": 11, "text": "2.20", "label": "5 total price per item", "box": [341, 188, 380, 171], "linking": []}, {"id": 12, "text": "Total USD", "label": "others", "box": [12, 242, 167, 210], "linking": []}, {"id": 13, "text": "10.15", "label": "total amount", "box": [293, 244, 379, 211], "linking": []}, {"id": 14, "text": "5009 AMERICAN EXPRESS", "label": "others", "box": [12, 330, 196, 308], "linking": []}, {"id": 15, "text": "10.15", "label": "others", "box": [336, 331, 381, 312], "linking": []}, {"id": 16, "text": "Vat percent", "label": "others", "box": [15, 396, 112, 375], "linking": []}, {"id": 17, "text": "Net", "label": "others", "box": [142, 396, 169, 378], "linking": []}, {"id": 18, "text": "Gross", "label": "others", "box": [219, 399, 265, 380], "linking": []}, {"id": 19, "text": "VAT", "label": "others", "box": [315, 399, 343, 380], "linking": []}, {"id": 20, "text": " 10/15/2019 01:08 PM #:54331 Op:3062 C:112", "label": "others", "box": [23, 463, 375, 438], "linking": []}, {"id": 21, "text": " Served you", "label": "others", "box": [25, 498, 112, 479], "linking": []}, {"id": 22, "text": " 202 S:1122", "label": "others", "box": [25, 477, 108, 459], "linking": []}, {"id": 23, "text": " : Aracely Blascruz", "label": "others", "box": [115, 501, 263, 481], "linking": []}, {"id": 24, "text": "*** Customer copy ***", "label": "others", "box": [97, 576, 275, 556], "linking": []}, {"id": 25, "text": "AMEX AEDR (3)", "label": "others", "box": [129, 616, 241, 595], "linking": []}, {"id": 26, "text": "PURCHASE / APPROVED", "label": "others", "box": [19, 656, 182, 634], "linking": []}, {"id": 27, "text": "AMERICAN EXPRESS", "label": "others", "box": [18, 676, 158, 657], "linking": []}, {"id": 28, "text": "*********** 1007", "label": "others", "box": [19, 697, 148, 679], "linking": []}, {"id": 29, "text": "CHIP READ / VERIFIED BY PIN", "label": "others", "box": [18, 723, 253, 699], "linking": []}, {"id": 30, "text": " 2019/10/15 14:08:21", "label": "others", "box": [18, 765, 183, 742], "linking": []}, {"id": 31, "text": "TID", "label": "others", "box": [21, 782, 48, 763], "linking": []}, {"id": 32, "text": "MID", "label": "others", "box": [19, 803, 47, 786], "linking": []}, {"id": 33, "text": "REFERENCE", "label": "others", "box": [19, 826, 100, 807], "linking": []}, {"id": 34, "text": "AUTH CODE", "label": "others", "box": [18, 847, 100, 829], "linking": []}, {"id": 35, "text": "**** 6040", "label": "others", "box": [293, 790, 364, 772], "linking": []}, {"id": 36, "text": "6634460", "label": "others", "box": [303, 812, 364, 793], "linking": []}, {"id": 37, "text": "S11221112202#54331@244897", "label": "others", "box": [147, 833, 364, 810], "linking": []}, {"id": 38, "text": "822364", "label": "others", "box": [311, 854, 365, 836], "linking": []}, {"id": 39, "text": "TOTAL", "label": "others", "box": [22, 887, 67, 870], "linking": []}, {"id": 40, "text": "USD10.15", "label": "others", "box": [294, 895, 365, 876], "linking": []}, {"id": 41, "text": " ARC:", "label": "others", "box": [23, 928, 60, 911], "linking": []}, {"id": 42, "text": " TSI:", "label": "others", "box": [23, 948, 61, 930], "linking": []}, {"id": 43, "text": " IAD:", "label": "others", "box": [25, 968, 62, 951], "linking": []}, {"id": 44, "text": " TVR:", "label": "others", "box": [25, 988, 61, 971], "linking": []}, {"id": 45, "text": " AID:", "label": "others", "box": [25, 1008, 63, 991], "linking": []}, {"id": 46, "text": " PAN Seq No:", "label": "others", "box": [24, 1029, 121, 1011], "linking": []}, {"id": 47, "text": " 00", "label": "others", "box": [63, 929, 85, 911], "linking": []}, {"id": 48, "text": " F800", "label": "others", "box": [64, 948, 101, 931], "linking": []}, {"id": 49, "text": " 06600103642002", "label": "others", "box": [65, 970, 187, 951], "linking": []}, {"id": 50, "text": " 0000008000", "label": "others", "box": [65, 989, 153, 971], "linking": []}, {"id": 51, "text": " A000000025010801", "label": "others", "box": [66, 1009, 201, 991], "linking": []}, {"id": 52, "text": " 00", "label": "others", "box": [124, 1028, 143, 1011], "linking": []}]