[{"id": 0, "text": " **", "label": "others", "box": [450, 155, 495, 120], "linking": []}, {"id": 1, "text": "merchant name", "label": "others", "box": [502, 156, 836, 120], "linking": []}, {"id": 2, "text": "merchant address", "label": "others", "box": [554, 198, 737, 159], "linking": []}, {"id": 3, "text": "5006.1", "label": "others", "box": [591, 233, 690, 202], "linking": []}, {"id": 4, "text": "98008/TOGO EMP", "label": "others", "box": [589, 277, 820, 241], "linking": []}, {"id": 5, "text": "3753", "label": "others", "box": [588, 312, 659, 280], "linking": []}, {"id": 6, "text": "merchant name", "label": "others", "box": [555, 357, 681, 320], "linking": []}, {"id": 7, "text": "merchant address", "label": "others", "box": [498, 396, 825, 358], "linking": []}, {"id": 8, "text": "merchant address", "label": "others", "box": [529, 435, 794, 396], "linking": []}, {"id": 9, "text": "merchant phone", "label": "others", "box": [549, 475, 779, 437], "linking": []}, {"id": 10, "text": "TABLE#", "label": "others", "box": [393, 235, 492, 201], "linking": []}, {"id": 11, "text": "SERVER", "label": "others", "box": [392, 274, 492, 241], "linking": []}, {"id": 12, "text": "CHECK#", "label": "others", "box": [390, 314, 496, 283], "linking": []}, {"id": 13, "text": "merchant name", "label": "others", "box": [498, 356, 548, 320], "linking": []}, {"id": 14, "text": " (", "label": "others", "box": [688, 357, 723, 320], "linking": []}, {"id": 15, "text": " 2647)", "label": "others", "box": [736, 357, 821, 319], "linking": []}, {"id": 16, "text": "****** TRANSACTION RECORD ******", "label": "others", "box": [402, 553, 927, 516], "linking": []}, {"id": 17, "text": " :5006.1", "label": "others", "box": [780, 592, 900, 553], "linking": []}, {"id": 18, "text": " Tran.", "label": "others", "box": [401, 593, 493, 560], "linking": []}, {"id": 19, "text": " Check", "label": "others", "box": [401, 635, 492, 599], "linking": []}, {"id": 20, "text": " Employee", "label": "others", "box": [400, 677, 544, 640], "linking": []}, {"id": 21, "text": " : 040972", "label": "others", "box": [500, 715, 638, 678], "linking": []}, {"id": 22, "text": " : 3882", "label": "others", "box": [498, 593, 605, 557], "linking": []}, {"id": 23, "text": " : 3753", "label": "others", "box": [499, 634, 604, 598], "linking": []}, {"id": 24, "text": " : 98008", "label": "others", "box": [550, 675, 671, 637], "linking": []}, {"id": 25, "text": " Table", "label": "others", "box": [682, 592, 773, 556], "linking": []}, {"id": 26, "text": " Trace", "label": "others", "box": [405, 716, 493, 679], "linking": []}, {"id": 27, "text": "Pre-Auth Purchase", "label": "others", "box": [403, 796, 693, 758], "linking": []}, {"id": 28, "text": "American Express xxxxxxxxxxx1005", "label": "others", "box": [407, 836, 936, 792], "linking": []}, {"id": 29, "text": "APPROVED", "label": "others", "box": [406, 875, 544, 840], "linking": []}, {"id": 30, "text": "Chip Read", "label": "others", "box": [789, 869, 940, 832], "linking": []}, {"id": 31, "text": "Amount", "label": "others", "box": [542, 953, 645, 918], "linking": []}, {"id": 32, "text": "USD $20.21", "label": "others", "box": [772, 949, 936, 911], "linking": []}, {"id": 33, "text": " Tip", "label": "others", "box": [595, 1074, 648, 1034], "linking": []}, {"id": 34, "text": " $.", "label": "others", "box": [656, 1074, 686, 1034], "linking": []}, {"id": 35, "text": "2 . 2", "label": "3 tip", "box": [699, 1077, 913, 988], "linking": []}, {"id": 36, "text": "22. 21", "label": "total amount", "box": [687, 1187, 941, 1110], "linking": []}, {"id": 37, "text": " agree to pay the above total", "label": "others", "box": [454, 1278, 933, 1230], "linking": []}, {"id": 38, "text": "TOTAL $", "label": "others", "box": [565, 1194, 686, 1156], "linking": []}, {"id": 39, "text": " I", "label": "others", "box": [425, 1278, 448, 1242], "linking": []}, {"id": 40, "text": "amount according to the card", "label": "others", "box": [439, 1318, 928, 1275], "linking": []}, {"id": 41, "text": "issuer agreement", "label": "others", "box": [551, 1357, 827, 1320], "linking": []}, {"id": 42, "text": "x", "label": "others", "box": [410, 1469, 432, 1441], "linking": []}, {"id": 43, "text": "Cardholder Signature", "label": "others", "box": [515, 1520, 875, 1478], "linking": []}, {"id": 44, "text": " 000000021645 C", "label": "others", "box": [504, 1584, 754, 1547], "linking": []}, {"id": 45, "text": " : 828826", "label": "others", "box": [527, 1617, 645, 1583], "linking": []}, {"id": 46, "text": "4/TGIF2647CC03", "label": "others", "box": [425, 1655, 673, 1617], "linking": []}, {"id": 47, "text": " RRN:", "label": "others", "box": [419, 1578, 498, 1546], "linking": []}, {"id": 48, "text": " Auth.", "label": "others", "box": [422, 1615, 522, 1581], "linking": []}, {"id": 49, "text": " Mode:", "label": "others", "box": [714, 1623, 812, 1587], "linking": []}, {"id": 50, "text": "00 (001)", "label": "others", "box": [731, 1661, 873, 1624], "linking": []}, {"id": 51, "text": " 6:13:24 PM", "label": "others", "box": [801, 1700, 977, 1663], "linking": []}, {"id": 52, "text": " Issuer", "label": "others", "box": [817, 1627, 927, 1592], "linking": []}, {"id": 53, "text": "11/21/2019", "label": "others", "box": [428, 1693, 602, 1652], "linking": []}, {"id": 54, "text": " AID:", "label": "others", "box": [426, 1769, 503, 1734], "linking": []}, {"id": 55, "text": " App Name:", "label": "others", "box": [428, 1810, 587, 1776], "linking": []}, {"id": 56, "text": " TVR:", "label": "others", "box": [429, 1851, 501, 1814], "linking": []}, {"id": 57, "text": " IAD:", "label": "others", "box": [429, 1891, 502, 1856], "linking": []}, {"id": 58, "text": " TSI:", "label": "others", "box": [429, 1935, 498, 1895], "linking": []}, {"id": 59, "text": " A000000025010801", "label": "others", "box": [508, 1772, 787, 1734], "linking": []}, {"id": 60, "text": " AMERICAN EXPRESS", "label": "others", "box": [592, 1816, 871, 1776], "linking": []}, {"id": 61, "text": " 0000008000", "label": "others", "box": [508, 1851, 681, 1815], "linking": []}, {"id": 62, "text": " 065A0103602002", "label": "others", "box": [508, 1894, 753, 1856], "linking": []}, {"id": 63, "text": " F800", "label": "others", "box": [504, 1935, 581, 1897], "linking": []}, {"id": 64, "text": " ARC:", "label": "others", "box": [733, 1938, 807, 1900], "linking": []}, {"id": 65, "text": " 00", "label": "others", "box": [814, 1938, 854, 1903], "linking": []}, {"id": 66, "text": "Customer Copy", "label": "others", "box": [576, 2027, 802, 1985], "linking": []}]