[{"id": 0, "text": "BOX8", "label": "others", "box": [464, 155, 649, 111], "linking": []}, {"id": 1, "text": "merchant phone", "label": "others", "box": [96, 263, 1052, 182], "linking": []}, {"id": 2, "text": "-------", "label": "others", "box": [901, 291, 1050, 268], "linking": []}, {"id": 3, "text": "Download & Order on App", "label": "others", "box": [306, 222, 831, 147], "linking": []}, {"id": 4, "text": "merchant name", "label": "others", "box": [90, 315, 413, 271], "linking": []}, {"id": 5, "text": "merchant address", "label": "others", "box": [91, 354, 162, 314], "linking": []}, {"id": 6, "text": "merchant address", "label": "others", "box": [84, 429, 755, 363], "linking": []}, {"id": 7, "text": "merchant name", "label": "others", "box": [417, 320, 498, 277], "linking": []}, {"id": 8, "text": "merchant address", "label": "others", "box": [260, 391, 842, 320], "linking": []}, {"id": 9, "text": " 055204KA2012PTC087024 GSTIN:27AAGCP7465F124", "label": "others", "box": [147, 488, 923, 415], "linking": []}, {"id": 10, "text": "RETAIL INVOICE", "label": "others", "box": [430, 587, 765, 532], "linking": []}, {"id": 11, "text": " Bill No:", "label": "others", "box": [680, 641, 888, 586], "linking": []}, {"id": 12, "text": " 996331", "label": "others", "box": [683, 692, 831, 640], "linking": []}, {"id": 13, "text": " : 2019/11/22/BOM-1025/82", "label": "others", "box": [335, 747, 908, 693], "linking": []}, {"id": 14, "text": " Ordered at:", "label": "others", "box": [65, 800, 352, 748], "linking": []}, {"id": 15, "text": "merchant name", "label": "others", "box": [502, 327, 589, 282], "linking": []}, {"id": 16, "text": " (talk@box8.in)", "label": "others", "box": [594, 351, 831, 288], "linking": []}, {"id": 17, "text": "merchant address", "label": "others", "box": [169, 358, 253, 316], "linking": []}, {"id": 18, "text": " (Agara)", "label": "others", "box": [847, 400, 970, 353], "linking": []}, {"id": 19, "text": " CIN:", "label": "others", "box": [78, 453, 141, 413], "linking": []}, {"id": 20, "text": " ---", "label": "others", "box": [80, 500, 145, 483], "linking": []}, {"id": 21, "text": " --", "label": "others", "box": [154, 504, 188, 485], "linking": []}, {"id": 22, "text": "----- --", "label": "others", "box": [932, 533, 1060, 514], "linking": []}, {"id": 23, "text": " Track. Id:", "label": "others", "box": [70, 637, 332, 575], "linking": []}, {"id": 24, "text": " Pay. Mode:", "label": "others", "box": [68, 691, 323, 635], "linking": []}, {"id": 25, "text": " Invoice No.", "label": "others", "box": [73, 746, 330, 693], "linking": []}, {"id": 26, "text": " ZHDY48", "label": "others", "box": [340, 637, 615, 584], "linking": []}, {"id": 27, "text": " Cash SAC/HSN:", "label": "others", "box": [329, 693, 676, 641], "linking": []}, {"id": 28, "text": " 82", "label": "others", "box": [897, 644, 995, 597], "linking": []}, {"id": 29, "text": " 22-11 14:03 Est Del. By:", "label": "others", "box": [358, 802, 946, 749], "linking": []}, {"id": 30, "text": "--- - - -- - --", "label": "others", "box": [609, 841, 822, 816], "linking": []}, {"id": 31, "text": " 14:41", "label": "others", "box": [952, 797, 1072, 747], "linking": []}, {"id": 32, "text": "- --", "label": "others", "box": [1009, 836, 1071, 815], "linking": []}, {"id": 33, "text": " -", "label": "others", "box": [938, 833, 950, 816], "linking": []}, {"id": 34, "text": " --", "label": "others", "box": [954, 833, 984, 816], "linking": []}, {"id": 35, "text": " Name:", "label": "others", "box": [65, 908, 198, 857], "linking": []}, {"id": 36, "text": " Address:", "label": "others", "box": [58, 961, 358, 915], "linking": []}, {"id": 37, "text": "Indiabull Center Senapati", "label": "others", "box": [67, 1019, 962, 967], "linking": []}, {"id": 38, "text": "Bapat Margh, Parel", "label": "others", "box": [56, 1079, 706, 1026], "linking": []}, {"id": 39, "text": " OPERATOR", "label": "others", "box": [206, 917, 415, 860], "linking": []}, {"id": 40, "text": " Box8, Tower 2. One", "label": "others", "box": [391, 962, 1035, 907], "linking": []}, {"id": 41, "text": " LANDMARK", "label": "others", "box": [54, 1200, 245, 1147], "linking": []}, {"id": 42, "text": " :", "label": "others", "box": [252, 1200, 275, 1152], "linking": []}, {"id": 43, "text": " -", "label": "others", "box": [729, 1244, 740, 1229], "linking": []}, {"id": 44, "text": " ---", "label": "others", "box": [743, 1244, 800, 1229], "linking": []}, {"id": 45, "text": "Sr", "label": "others", "box": [40, 1288, 101, 1250], "linking": []}, {"id": 46, "text": "Description", "label": "others", "box": [168, 1303, 449, 1252], "linking": []}, {"id": 47, "text": "Qty Amount", "label": "others", "box": [834, 1315, 1084, 1258], "linking": []}, {"id": 48, "text": "------", "label": "others", "box": [947, 1351, 1073, 1329], "linking": []}, {"id": 49, "text": " -", "label": "others", "box": [888, 1353, 903, 1339], "linking": []}, {"id": 50, "text": " -", "label": "others", "box": [913, 1353, 927, 1339], "linking": []}, {"id": 51, "text": " -", "label": "others", "box": [936, 1353, 946, 1339], "linking": []}, {"id": 52, "text": "Butter Chicken Meal", "label": "0 description beginning", "box": [133, 1421, 626, 1356], "linking": []}, {"id": 53, "text": "[ALLIN1]", "label": "1 description inside", "box": [136, 1468, 344, 1410], "linking": []}, {"id": 54, "text": "-", "label": "others", "box": [631, 1417, 669, 1380], "linking": []}, {"id": 55, "text": "1", "label": "e quantity", "box": [912, 1417, 944, 1384], "linking": []}, {"id": 56, "text": "198", "label": "5 total price per item", "box": [1012, 1420, 1086, 1369], "linking": []}, {"id": 57, "text": "Gulab Jamun", "label": "0 description beginning", "box": [148, 1592, 443, 1530], "linking": []}, {"id": 58, "text": "Paratha", "label": "0 description beginning", "box": [147, 1648, 338, 1593], "linking": []}, {"id": 59, "text": "Dal Makhni", "label": "0 description beginning", "box": [146, 1717, 407, 1651], "linking": []}, {"id": 60, "text": "---", "label": "others", "box": [1006, 1767, 1090, 1750], "linking": []}, {"id": 61, "text": " Sub total:", "label": "others", "box": [612, 1851, 867, 1796], "linking": []}, {"id": 62, "text": " Total:", "label": "others", "box": [714, 1915, 864, 1861], "linking": []}, {"id": 63, "text": " CGST@2.5%:", "label": "others", "box": [611, 1979, 864, 1926], "linking": []}, {"id": 64, "text": " SGST@2.5%:", "label": "others", "box": [607, 2045, 865, 1989], "linking": []}, {"id": 65, "text": " Total Payable:", "label": "others", "box": [503, 2110, 868, 2050], "linking": []}, {"id": 66, "text": "---.", "label": "others", "box": [680, 2157, 773, 2137], "linking": []}, {"id": 67, "text": "208.00", "label": "total amount", "box": [624, 2244, 947, 2170], "linking": []}, {"id": 68, "text": "198.00", "label": "sub total", "box": [948, 1848, 1097, 1793], "linking": []}, {"id": 69, "text": "198.00", "label": "others", "box": [945, 1912, 1097, 1856], "linking": []}, {"id": 70, "text": "4.95", "label": "2 tax total", "box": [996, 1974, 1101, 1923], "linking": []}, {"id": 71, "text": "4.95", "label": "2 tax total", "box": [997, 2041, 1104, 1987], "linking": []}, {"id": 72, "text": "208.00", "label": "total amount", "box": [945, 2107, 1105, 2053], "linking": []}, {"id": 73, "text": " otal Due:", "label": "others", "box": [25, 2247, 506, 2170], "linking": []}, {"id": 74, "text": "- -.", "label": "others", "box": [6, 2283, 67, 2261], "linking": []}, {"id": 75, "text": "otal", "label": "others", "box": [23, 2373, 256, 2314], "linking": []}, {"id": 76, "text": " Units:", "label": "others", "box": [290, 2382, 614, 2312], "linking": []}, {"id": 77, "text": "---", "label": "others", "box": [502, 2425, 550, 2408], "linking": []}, {"id": 78, "text": "1", "label": "others", "box": [847, 2370, 889, 2321], "linking": []}, {"id": 79, "text": "- --", "label": "others", "box": [553, 2424, 599, 2408], "linking": []}, {"id": 80, "text": "----", "label": "others", "box": [1022, 2417, 1107, 2403], "linking": []}, {"id": 81, "text": "immediate (60 mins) consumption only", "label": "others", "box": [37, 2580, 790, 2528], "linking": []}]