[{"id": 0, "text": "0337", "label": "others", "box": [128, 86, 227, 60], "linking": []}, {"id": 1, "text": " Server:", "label": "others", "box": [126, 113, 218, 90], "linking": []}, {"id": 2, "text": " 11/09/19 19:59", "label": "others", "box": [126, 142, 298, 113], "linking": []}, {"id": 3, "text": " AM BAR A (#123)", "label": "others", "box": [221, 115, 405, 90], "linking": []}, {"id": 4, "text": " Rec:219", "label": "others", "box": [520, 111, 608, 90], "linking": []}, {"id": 5, "text": " 212 Term:", "label": "others", "box": [463, 137, 577, 115], "linking": []}, {"id": 6, "text": " T:", "label": "others", "box": [430, 137, 459, 114], "linking": []}, {"id": 7, "text": "1", "label": "others", "box": [595, 136, 611, 116], "linking": []}, {"id": 8, "text": "merchant name", "label": "others", "box": [116, 198, 332, 167], "linking": []}, {"id": 9, "text": "merchant address", "label": "others", "box": [116, 228, 418, 196], "linking": []}, {"id": 10, "text": "merchant address", "label": "others", "box": [111, 255, 317, 228], "linking": []}, {"id": 11, "text": "merchant phone", "label": "others", "box": [111, 285, 280, 252], "linking": []}, {"id": 12, "text": " Name:", "label": "others", "box": [101, 342, 175, 315], "linking": []}, {"id": 13, "text": "TID", "label": "others", "box": [101, 371, 142, 343], "linking": []}, {"id": 14, "text": "0001", "label": "others", "box": [557, 373, 607, 347], "linking": []}, {"id": 15, "text": "Purchase", "label": "others", "box": [295, 408, 405, 382], "linking": []}, {"id": 16, "text": "American Express", "label": "others", "box": [94, 442, 310, 412], "linking": []}, {"id": 17, "text": "Invoice", "label": "others", "box": [94, 473, 190, 444], "linking": []}, {"id": 18, "text": "APPROVED", "label": "others", "box": [88, 504, 202, 477], "linking": []}, {"id": 19, "text": "Amount", "label": "others", "box": [84, 539, 172, 513], "linking": []}, {"id": 20, "text": "XXXXXXXXXXX3007", "label": "others", "box": [413, 439, 612, 413], "linking": []}, {"id": 21, "text": "0033702236", "label": "others", "box": [479, 473, 613, 447], "linking": []}, {"id": 22, "text": "530519", "label": "others", "box": [532, 507, 616, 479], "linking": []}, {"id": 23, "text": "USD $25.62", "label": "sub total", "box": [480, 538, 619, 512], "linking": []}, {"id": 24, "text": " CHECK", "label": "others", "box": [73, 647, 213, 616], "linking": []}, {"id": 25, "text": " :", "label": "others", "box": [217, 647, 243, 617], "linking": []}, {"id": 26, "text": "25.62", "label": "sub total", "box": [499, 645, 634, 613], "linking": []}, {"id": 27, "text": " TIP:", "label": "others", "box": [73, 722, 181, 690], "linking": []}, {"id": 28, "text": "4.60", "label": "3 tip", "box": [519, 716, 633, 669], "linking": []}, {"id": 29, "text": "30 22", "label": "total amount", "box": [474, 796, 659, 748], "linking": []}, {"id": 30, "text": " TOTAL", "label": "others", "box": [66, 800, 204, 768], "linking": []}, {"id": 31, "text": " :", "label": "others", "box": [209, 800, 232, 770], "linking": []}, {"id": 32, "text": "-----", "label": "others", "box": [354, 807, 479, 790], "linking": []}, {"id": 33, "text": "X", "label": "others", "box": [29, 1097, 71, 1062], "linking": []}, {"id": 34, "text": "---", "label": "others", "box": [123, 1106, 221, 1086], "linking": []}, {"id": 35, "text": "RESS", "label": "others", "box": [744, 1113, 863, 1065], "linking": []}, {"id": 36, "text": "---------- - --", "label": "others", "box": [268, 1104, 662, 1086], "linking": []}]