[{"id": 0, "text": "merchant name", "label": "others", "box": [402, 113, 577, 29], "linking": []}, {"id": 1, "text": "merchant address", "label": "others", "box": [416, 186, 569, 154], "linking": []}, {"id": 2, "text": "Served by ELIZABETH ALVAREZ", "label": "others", "box": [320, 221, 606, 184], "linking": []}, {"id": 3, "text": " 11/3/2019 3:16 PM", "label": "others", "box": [324, 258, 493, 230], "linking": []}, {"id": 4, "text": "1 Cover", "label": "others", "box": [325, 282, 394, 261], "linking": []}, {"id": 5, "text": "Receipt Number 25433", "label": "others", "box": [324, 308, 532, 281], "linking": []}, {"id": 6, "text": "To Stay", "label": "others", "box": [325, 344, 415, 317], "linking": []}, {"id": 7, "text": "merchant name", "label": "others", "box": [383, 162, 614, 104], "linking": []}, {"id": 8, "text": "Buzzer 39", "label": "others", "box": [417, 394, 594, 358], "linking": []}, {"id": 9, "text": "Bucatini All'AMATRICIANA", "label": "0 description beginning", "box": [330, 452, 561, 430], "linking": []}, {"id": 10, "text": "Item Total", "label": "others", "box": [352, 491, 454, 468], "linking": []}, {"id": 11, "text": "Sales Tax 8 875%", "label": "others", "box": [352, 518, 509, 497], "linking": []}, {"id": 12, "text": " - Thank You", "label": "others", "box": [422, 543, 529, 523], "linking": []}, {"id": 13, "text": "$15 00", "label": "5 total price per item", "box": [631, 448, 690, 427], "linking": []}, {"id": 14, "text": "$15.00", "label": "sub total", "box": [621, 487, 689, 461], "linking": []}, {"id": 15, "text": "$1.33", "label": "2 tax total", "box": [643, 511, 692, 489], "linking": []}, {"id": 16, "text": "$1.11", "label": "3 tip", "box": [644, 535, 692, 513], "linking": []}, {"id": 17, "text": " Gratuity", "label": "others", "box": [354, 544, 419, 525], "linking": []}, {"id": 18, "text": "Total", "label": "others", "box": [356, 592, 422, 567], "linking": []}, {"id": 19, "text": "$17.44", "label": "total amount", "box": [609, 588, 692, 559], "linking": []}, {"id": 20, "text": "Amount", "label": "others", "box": [623, 632, 698, 609], "linking": []}, {"id": 21, "text": "$17.44", "label": "others", "box": [648, 651, 702, 632], "linking": []}, {"id": 22, "text": "$17.44", "label": "others", "box": [640, 672, 703, 652], "linking": []}, {"id": 23, "text": "Payment", "label": "others", "box": [338, 641, 422, 619], "linking": []}, {"id": 24, "text": "amex", "label": "others", "box": [340, 660, 377, 645], "linking": []}, {"id": 25, "text": "Paid", "label": "others", "box": [340, 682, 381, 664], "linking": []}, {"id": 26, "text": "Card information", "label": "others", "box": [339, 712, 470, 695], "linking": []}, {"id": 27, "text": " Card number:", "label": "others", "box": [341, 731, 436, 715], "linking": []}, {"id": 28, "text": " Result:", "label": "others", "box": [345, 749, 390, 734], "linking": []}, {"id": 29, "text": "AuthCode", "label": "others", "box": [345, 768, 412, 751], "linking": []}, {"id": 30, "text": "**** 1000", "label": "others", "box": [637, 715, 702, 701], "linking": []}, {"id": 31, "text": "APPROVED", "label": "others", "box": [612, 738, 700, 718], "linking": []}, {"id": 32, "text": "888006", "label": "others", "box": [650, 754, 703, 737], "linking": []}, {"id": 33, "text": "Tra", "label": "others", "box": [368, 806, 390, 791], "linking": []}, {"id": 34, "text": " no:", "label": "others", "box": [351, 823, 374, 808], "linking": []}, {"id": 35, "text": "5Yj0001572812155001.6815728121754674", "label": "others", "box": [403, 824, 707, 791], "linking": []}, {"id": 36, "text": "CARDHOLDER COPY", "label": "others", "box": [356, 944, 516, 926], "linking": []}, {"id": 37, "text": "Date", "label": "others", "box": [354, 988, 388, 971], "linking": []}, {"id": 38, "text": "Time", "label": "others", "box": [355, 1007, 393, 992], "linking": []}, {"id": 39, "text": "Card", "label": "others", "box": [353, 1026, 388, 1008], "linking": []}, {"id": 40, "text": "PAN seq", "label": "others", "box": [351, 1046, 420, 1028], "linking": []}, {"id": 41, "text": "Pref. name", "label": "others", "box": [350, 1065, 435, 1049], "linking": []}, {"id": 42, "text": "Card type", "label": "others", "box": [349, 1086, 422, 1068], "linking": []}, {"id": 43, "text": "Payment method", "label": "others", "box": [347, 1104, 476, 1088], "linking": []}, {"id": 44, "text": "Payment variant", "label": "others", "box": [347, 1124, 469, 1107], "linking": []}, {"id": 45, "text": "Entry mode", "label": "others", "box": [346, 1146, 434, 1127], "linking": []}, {"id": 46, "text": "CVM res", "label": "others", "box": [342, 1166, 413, 1145], "linking": []}, {"id": 47, "text": "AID", "label": "others", "box": [340, 1183, 371, 1165], "linking": []}, {"id": 48, "text": "MID", "label": "others", "box": [341, 1202, 372, 1185], "linking": []}, {"id": 49, "text": "TID", "label": "others", "box": [336, 1222, 368, 1205], "linking": []}, {"id": 50, "text": "PTID", "label": "others", "box": [330, 1243, 377, 1225], "linking": []}, {"id": 51, "text": "Auth. code", "label": "others", "box": [329, 1268, 417, 1248], "linking": []}, {"id": 52, "text": "Tender", "label": "others", "box": [329, 1289, 393, 1269], "linking": []}, {"id": 53, "text": " Reference 25433:2019307201553", "label": "others", "box": [326, 1315, 611, 1291], "linking": []}, {"id": 54, "text": "Type", "label": "others", "box": [326, 1334, 375, 1314], "linking": []}, {"id": 55, "text": "Purchase Amount", "label": "others", "box": [325, 1358, 471, 1336], "linking": []}, {"id": 56, "text": "Gratuity", "label": "others", "box": [322, 1381, 388, 1359], "linking": []}, {"id": 57, "text": "TOTAL", "label": "others", "box": [320, 1403, 384, 1381], "linking": []}, {"id": 58, "text": "APPROVED", "label": "others", "box": [317, 1426, 421, 1405], "linking": []}, {"id": 59, "text": "Please retain for your records", "label": "others", "box": [315, 1456, 557, 1429], "linking": []}, {"id": 60, "text": "03/11/2019", "label": "others", "box": [461, 987, 542, 969], "linking": []}, {"id": 61, "text": " 15:15:55", "label": "others", "box": [474, 1007, 537, 990], "linking": []}, {"id": 62, "text": "** 1000", "label": "others", "box": [497, 1025, 553, 1006], "linking": []}, {"id": 63, "text": "00", "label": "others", "box": [512, 1043, 534, 1027], "linking": []}, {"id": 64, "text": "AMERICAN EXPRESS", "label": "others", "box": [454, 1064, 622, 1046], "linking": []}, {"id": 65, "text": "amex", "label": "others", "box": [497, 1085, 542, 1069], "linking": []}, {"id": 66, "text": "amex", "label": "others", "box": [533, 1103, 575, 1090], "linking": []}, {"id": 67, "text": "amex", "label": "others", "box": [521, 1122, 563, 1110], "linking": []}, {"id": 68, "text": "ICC", "label": "others", "box": [515, 1145, 545, 1128], "linking": []}, {"id": 69, "text": "PIN VERIFIED", "label": "others", "box": [464, 1165, 576, 1146], "linking": []}, {"id": 70, "text": "A000000025010801", "label": "others", "box": [423, 1185, 575, 1165], "linking": []}, {"id": 71, "text": "2043493246", "label": "others", "box": [448, 1205, 548, 1187], "linking": []}, {"id": 72, "text": "P400Plus-275206806", "label": "others", "box": [412, 1228, 581, 1205], "linking": []}, {"id": 73, "text": "75206806", "label": "others", "box": [462, 1248, 541, 1228], "linking": []}, {"id": 74, "text": "888006", "label": "others", "box": [486, 1270, 546, 1251], "linking": []}, {"id": 75, "text": "5Yj0001572812155001", "label": "others", "box": [417, 1293, 599, 1270], "linking": []}, {"id": 76, "text": "GOODS_SERVICES", "label": "others", "box": [429, 1337, 598, 1314], "linking": []}, {"id": 77, "text": "$ 16 33", "label": "others", "box": [510, 1359, 571, 1339], "linking": []}, {"id": 78, "text": "$ 1.11", "label": "others", "box": [466, 1382, 518, 1362], "linking": []}, {"id": 79, "text": "$ 17.44", "label": "total amount", "box": [469, 1406, 536, 1384], "linking": []}, {"id": 80, "text": "Thank you", "label": "others", "box": [312, 1475, 406, 1453], "linking": []}, {"id": 81, "text": "Gratuity Is Not Included", "label": "others", "box": [397, 1574, 637, 1539], "linking": []}]