[{"id": 0, "text": "merchant name", "label": "others", "box": [17, 119, 68, 100], "linking": []}, {"id": 1, "text": " GST NO:", "label": "others", "box": [17, 139, 76, 121], "linking": []}, {"id": 2, "text": "Cards", "label": "others", "box": [12, 196, 26, 138], "linking": []}, {"id": 3, "text": " invoice", "label": "others", "box": [12, 221, 78, 204], "linking": []}, {"id": 4, "text": " Name:", "label": "others", "box": [12, 240, 58, 222], "linking": []}, {"id": 5, "text": " Order Time:", "label": "others", "box": [11, 260, 105, 240], "linking": []}, {"id": 6, "text": " LUrderStatus:", "label": "others", "box": [7, 281, 110, 259], "linking": []}, {"id": 7, "text": " Corn & Peas", "label": "0 description beginning", "box": [11, 306, 112, 284], "linking": []}, {"id": 8, "text": " Choice of Bread", "label": "others", "box": [13, 328, 136, 307], "linking": []}, {"id": 9, "text": " Hoice of Toast", "label": "others", "box": [12, 350, 129, 330], "linking": []}, {"id": 10, "text": " Te of Vegetables", "label": "others", "box": [13, 371, 145, 352], "linking": []}, {"id": 11, "text": " of Sauce", "label": "others", "box": [24, 393, 91, 373], "linking": []}, {"id": 12, "text": " Seasoning", "label": "others", "box": [16, 414, 92, 395], "linking": []}, {"id": 13, "text": " 06AFZPM5150M1ZQ", "label": "others", "box": [79, 139, 202, 117], "linking": []}, {"id": 14, "text": " 93", "label": "others", "box": [134, 159, 154, 141], "linking": []}, {"id": 15, "text": "American Express", "label": "others", "box": [261, 308, 281, 128], "linking": []}, {"id": 16, "text": " : White Italiane", "label": "others", "box": [139, 328, 280, 308], "linking": []}, {"id": 17, "text": " : Plain BreadCho ??", "label": "others", "box": [133, 349, 281, 330], "linking": []}, {"id": 18, "text": " KOT", "label": "others", "box": [88, 161, 116, 142], "linking": []}, {"id": 19, "text": " -", "label": "others", "box": [119, 159, 131, 142], "linking": []}, {"id": 20, "text": " #SUBWHO12331", "label": "others", "box": [87, 221, 183, 201], "linking": []}, {"id": 21, "text": " 21:19 15-10-2019", "label": "others", "box": [109, 259, 242, 238], "linking": []}, {"id": 22, "text": " confirmed", "label": "others", "box": [114, 281, 191, 261], "linking": []}, {"id": 23, "text": " 6\"", "label": "others", "box": [115, 306, 137, 286], "linking": []}, {"id": 24, "text": " Inch", "label": "others", "box": [140, 306, 183, 287], "linking": []}, {"id": 25, "text": " 1", "label": "others", "box": [187, 306, 201, 287], "linking": []}, {"id": 26, "text": " X 138. 163", "label": "5 total price per item", "box": [204, 306, 280, 286], "linking": []}, {"id": 27, "text": " : LettuceChoices", "label": "others", "box": [149, 371, 281, 352], "linking": []}, {"id": 28, "text": " : Mayo SauceChoice of", "label": "others", "box": [94, 393, 264, 373], "linking": []}, {"id": 29, "text": " : Salt & Pepper", "label": "others", "box": [96, 414, 214, 394], "linking": []}, {"id": 30, "text": " CGST @ 2.50% =", "label": "others", "box": [90, 477, 200, 457], "linking": []}, {"id": 31, "text": " SGST @ 2.50% =", "label": "others", "box": [90, 498, 202, 478], "linking": []}, {"id": 32, "text": " 145.0", "label": "total amount", "box": [174, 517, 218, 499], "linking": []}, {"id": 33, "text": " 3.45", "label": "2 tax total", "box": [203, 475, 241, 456], "linking": []}, {"id": 34, "text": " 3.45", "label": "2 tax total", "box": [205, 496, 242, 478], "linking": []}, {"id": 35, "text": " Total", "label": "others", "box": [115, 518, 154, 500], "linking": []}, {"id": 36, "text": " =", "label": "others", "box": [157, 517, 171, 500], "linking": []}, {"id": 37, "text": " -21:20:37 15-10-2019", "label": "others", "box": [62, 560, 217, 541], "linking": []}, {"id": 38, "text": "American Express Cards", "label": "others", "box": [262, 799, 282, 561], "linking": []}, {"id": 39, "text": " X 138. 10", "label": "others", "box": [206, 833, 273, 816], "linking": []}, {"id": 40, "text": " : White ItalianC", "label": "others", "box": [144, 854, 273, 835], "linking": []}, {"id": 41, "text": " : Plain BreadChoi", "label": "others", "box": [136, 874, 272, 855], "linking": []}, {"id": 42, "text": " ce of Vegetables", "label": "others", "box": [24, 893, 149, 875], "linking": []}, {"id": 43, "text": " of Sauce", "label": "others", "box": [31, 912, 95, 894], "linking": []}, {"id": 44, "text": " Seasoning", "label": "others", "box": [23, 932, 96, 915], "linking": []}, {"id": 45, "text": "\"subway", "label": "others", "box": [11, 644, 71, 620], "linking": []}, {"id": 46, "text": " SST NO:", "label": "others", "box": [13, 664, 77, 647], "linking": []}, {"id": 47, "text": " 06AFZPM5150M1ZQ", "label": "others", "box": [79, 665, 201, 647], "linking": []}, {"id": 48, "text": " KOT", "label": "others", "box": [88, 686, 115, 668], "linking": []}, {"id": 49, "text": " -", "label": "others", "box": [118, 686, 131, 668], "linking": []}, {"id": 50, "text": " 93", "label": "others", "box": [134, 685, 154, 668], "linking": []}, {"id": 51, "text": " Invoice", "label": "others", "box": [22, 748, 80, 730], "linking": []}, {"id": 52, "text": " Name:", "label": "others", "box": [19, 768, 62, 751], "linking": []}, {"id": 53, "text": " Order Time:", "label": "others", "box": [19, 789, 110, 770], "linking": []}, {"id": 54, "text": " Order Status:", "label": "others", "box": [21, 809, 117, 790], "linking": []}, {"id": 55, "text": " Corn & Peas", "label": "0 description beginning", "box": [22, 832, 114, 814], "linking": []}, {"id": 56, "text": " Choice of Bread", "label": "others", "box": [22, 853, 141, 834], "linking": []}, {"id": 57, "text": " hoice of Toast", "label": "others", "box": [23, 873, 133, 854], "linking": []}, {"id": 58, "text": " #SUBWHO12331", "label": "others", "box": [89, 749, 183, 731], "linking": []}, {"id": 59, "text": " 21:19 15-10-2019", "label": "others", "box": [113, 789, 242, 770], "linking": []}, {"id": 60, "text": "American Express Cards", "label": "others", "box": [12, 788, 35, 561], "linking": []}, {"id": 61, "text": " delivered", "label": "others", "box": [119, 810, 194, 792], "linking": []}, {"id": 62, "text": " 6\" Inch", "label": "others", "box": [120, 833, 182, 815], "linking": []}, {"id": 63, "text": " 1", "label": "others", "box": [191, 833, 204, 816], "linking": []}, {"id": 64, "text": " : LettuceChoice", "label": "others", "box": [152, 894, 273, 875], "linking": []}, {"id": 65, "text": " : Mayo SauceChoice of", "label": "others", "box": [99, 914, 264, 894], "linking": []}, {"id": 66, "text": " : Salt & Pepper", "label": "others", "box": [99, 934, 216, 915], "linking": []}, {"id": 67, "text": "American", "label": "others", "box": [263, 1047, 280, 959], "linking": []}, {"id": 68, "text": " CGST @ 2.50%", "label": "others", "box": [93, 993, 188, 975], "linking": []}, {"id": 69, "text": " SGST @", "label": "others", "box": [94, 1013, 142, 996], "linking": []}, {"id": 70, "text": " Total", "label": "others", "box": [116, 1034, 157, 1016], "linking": []}, {"id": 71, "text": " =", "label": "others", "box": [191, 993, 203, 975], "linking": []}, {"id": 72, "text": " 50% = 3.45", "label": "others", "box": [160, 1015, 242, 996], "linking": []}, {"id": 73, "text": " =", "label": "others", "box": [160, 1035, 173, 1017], "linking": []}, {"id": 74, "text": " 3.45", "label": "others", "box": [207, 994, 241, 975], "linking": []}, {"id": 75, "text": " 2.", "label": "others", "box": [146, 1014, 157, 996], "linking": []}, {"id": 76, "text": " 145.0", "label": "total amount", "box": [177, 1036, 219, 1017], "linking": []}, {"id": 77, "text": "ess Cards", "label": "others", "box": [16, 1049, 33, 958], "linking": []}]