[{"id": 0, "text": "merchant name", "label": "others", "box": [606, 225, 1149, 141], "linking": []}, {"id": 1, "text": "merchant address", "label": "others", "box": [732, 298, 1020, 254], "linking": []}, {"id": 2, "text": "merchant address", "label": "others", "box": [734, 343, 1016, 296], "linking": []}, {"id": 3, "text": "All Sales Taxes are Included in Price", "label": "others", "box": [545, 390, 1209, 338], "linking": []}, {"id": 4, "text": " Tab Name:", "label": "others", "box": [455, 476, 617, 435], "linking": []}, {"id": 5, "text": " REG 2-502", "label": "others", "box": [571, 518, 736, 478], "linking": []}, {"id": 6, "text": " AF7598", "label": "others", "box": [501, 559, 609, 521], "linking": []}, {"id": 7, "text": " Payment ID:", "label": "others", "box": [446, 602, 652, 564], "linking": []}, {"id": 8, "text": " 11/15/19 7:37:49 PM", "label": "others", "box": [455, 647, 790, 602], "linking": []}, {"id": 9, "text": " Order:", "label": "others", "box": [454, 518, 564, 479], "linking": []}, {"id": 10, "text": " Server:", "label": "others", "box": [997, 512, 1127, 472], "linking": []}, {"id": 11, "text": " BARTENDER", "label": "others", "box": [1134, 511, 1305, 468], "linking": []}, {"id": 12, "text": " #:", "label": "others", "box": [453, 559, 495, 524], "linking": []}, {"id": 13, "text": " A10EB3", "label": "others", "box": [658, 602, 772, 561], "linking": []}, {"id": 14, "text": "Subtotal", "label": "others", "box": [451, 731, 598, 693], "linking": []}, {"id": 15, "text": "Total Tax", "label": "others", "box": [454, 776, 616, 735], "linking": []}, {"id": 16, "text": "TOTAL", "label": "others", "box": [453, 817, 544, 780], "linking": []}, {"id": 17, "text": "SALE", "label": "others", "box": [452, 860, 528, 823], "linking": []}, {"id": 18, "text": "AMEX", "label": "others", "box": [456, 903, 526, 867], "linking": []}, {"id": 19, "text": "CARD", "label": "others", "box": [457, 946, 525, 909], "linking": []}, {"id": 20, "text": "ENTRY METHOD", "label": "others", "box": [457, 991, 669, 952], "linking": []}, {"id": 21, "text": "APPROVAL", "label": "others", "box": [458, 1034, 596, 996], "linking": []}, {"id": 22, "text": "RESPONSE", "label": "others", "box": [455, 1076, 604, 1037], "linking": []}, {"id": 23, "text": "$20.00", "label": "sub total", "box": [1193, 727, 1301, 687], "linking": []}, {"id": 24, "text": "$0.00", "label": "2 tax total", "box": [1212, 770, 1302, 733], "linking": []}, {"id": 25, "text": "$20.00", "label": "others", "box": [1190, 817, 1303, 775], "linking": []}, {"id": 26, "text": "7634", "label": "others", "box": [1225, 901, 1299, 866], "linking": []}, {"id": 27, "text": "xxxxxxxxxxxx1000", "label": "others", "box": [1010, 949, 1297, 910], "linking": []}, {"id": 28, "text": "SWIPED", "label": "others", "box": [1192, 989, 1298, 952], "linking": []}, {"id": 29, "text": "509114", "label": "others", "box": [1188, 1032, 1301, 996], "linking": []}, {"id": 30, "text": "00", "label": "others", "box": [1259, 1075, 1298, 1039], "linking": []}, {"id": 31, "text": " Amount", "label": "others", "box": [631, 1190, 822, 1125], "linking": []}, {"id": 32, "text": " + Tip:", "label": "others", "box": [664, 1307, 875, 1234], "linking": []}, {"id": 33, "text": " = Total:", "label": "others", "box": [596, 1407, 869, 1340], "linking": []}, {"id": 34, "text": "I agree to pay the above total amount", "label": "others", "box": [555, 1496, 1200, 1449], "linking": []}, {"id": 35, "text": " :", "label": "others", "box": [834, 1190, 864, 1125], "linking": []}, {"id": 36, "text": "$20.00", "label": "sub total", "box": [1076, 1193.8, 1290, 1125.8], "linking": []}, {"id": 37, "text": "7. co", "label": "3 tip", "box": [1045, 1294, 1192, 1222], "linking": []}, {"id": 38, "text": "23 w", "label": "total amount", "box": [994, 1414, 1197, 1324], "linking": []}, {"id": 39, "text": "according to the card issuer agreement.", "label": "others", "box": [539, 1543, 1220, 1492], "linking": []}, {"id": 40, "text": "CUSTOMER COPY", "label": "others", "box": [756, 1759, 990, 1714], "linking": []}, {"id": 41, "text": "Thank You!", "label": "others", "box": [784, 1807, 961, 1761], "linking": []}, {"id": 42, "text": "Tip Suggestions", "label": "others", "box": [737, 1906, 1010, 1854], "linking": []}, {"id": 43, "text": "18% $3.60", "label": "others", "box": [797, 1952, 959, 1905], "linking": []}, {"id": 44, "text": "20% $4.00", "label": "others", "box": [788, 2002, 956, 1954], "linking": []}, {"id": 45, "text": "22% $4.40", "label": "others", "box": [787, 2051, 956, 2002], "linking": []}, {"id": 46, "text": "Next time, close your tab from your iphone,", "label": "others", "box": [483, 2171, 1274, 2079], "linking": []}, {"id": 47, "text": "Download the UNION Tab app now", "label": "others", "box": [585, 2199, 1144, 2137], "linking": []}]