[{"id": 0, "text": " 9:03", "label": "others", "box": [405, 84, 442, 66], "linking": []}, {"id": 1, "text": "11/12/2019", "label": "others", "box": [177, 102, 259, 82], "linking": []}, {"id": 2, "text": " Lake", "label": "others", "box": [254, 130, 291, 112], "linking": []}, {"id": 3, "text": " 3758819", "label": "others", "box": [222, 147, 282, 129], "linking": []}, {"id": 4, "text": " Flora", "label": "others", "box": [226, 164, 267, 147], "linking": []}, {"id": 5, "text": " 375", "label": "others", "box": [239, 178, 265, 162], "linking": []}, {"id": 6, "text": " Salt", "label": "others", "box": [218, 132, 251, 114], "linking": []}, {"id": 7, "text": " Check:", "label": "others", "box": [167, 150, 219, 133], "linking": []}, {"id": 8, "text": " Server:", "label": "others", "box": [165, 166, 223, 149], "linking": []}, {"id": 9, "text": " Terminal:", "label": "others", "box": [162, 182, 236, 164], "linking": []}, {"id": 10, "text": " City AMEX", "label": "others", "box": [294, 128, 371, 105], "linking": []}, {"id": 11, "text": "SLC Amex", "label": "others", "box": [249, 210, 314, 193], "linking": []}, {"id": 12, "text": " Yogurt", "label": "0 description beginning", "box": [215, 231, 266, 213], "linking": []}, {"id": 13, "text": " 1", "label": "e quantity", "box": [200, 231, 212, 215], "linking": []}, {"id": 14, "text": "1.00", "label": "5 total price per item", "box": [383, 221, 417, 202], "linking": []}, {"id": 15, "text": "070470006550", "label": "others", "box": [213, 247, 310, 227], "linking": []}, {"id": 16, "text": " 20oz Seattle", "label": "0 description beginning", "box": [211, 265, 307, 246], "linking": []}, {"id": 17, "text": " Dasani", "label": "0 description beginning", "box": [207, 282, 258, 265], "linking": []}, {"id": 18, "text": "04997704", "label": "others", "box": [206, 299, 271, 281], "linking": []}, {"id": 19, "text": " Whole Fruit", "label": "0 description beginning", "box": [202, 317, 290, 299], "linking": []}, {"id": 20, "text": " 1", "label": "e quantity", "box": [196, 266, 208, 250], "linking": []}, {"id": 21, "text": "1.45", "label": "5 total price per item", "box": [376, 259, 411, 240], "linking": []}, {"id": 22, "text": "1.25", "label": "5 total price per item", "box": [374, 275, 408, 257], "linking": []}, {"id": 23, "text": " 1", "label": "e quantity", "box": [194, 282, 204, 267], "linking": []}, {"id": 24, "text": " 1", "label": "e quantity", "box": [189, 318, 199, 301], "linking": []}, {"id": 25, "text": "0.60", "label": "5 total price per item", "box": [365, 310, 402, 294], "linking": []}, {"id": 26, "text": "Subtotal", "label": "others", "box": [213, 350, 276, 332], "linking": []}, {"id": 27, "text": "Tax", "label": "others", "box": [248, 365, 275, 350], "linking": []}, {"id": 28, "text": "Total", "label": "others", "box": [233, 382, 271, 368], "linking": []}, {"id": 29, "text": "4.30", "label": "sub total", "box": [345, 346, 381, 330], "linking": []}, {"id": 30, "text": "0.34", "label": "2 tax total", "box": [340, 363, 377, 347], "linking": []}, {"id": 31, "text": "4.64", "label": "total amount", "box": [339, 381, 374, 365], "linking": []}, {"id": 32, "text": "AMEX EMV", "label": "others", "box": [129, 431, 191, 417], "linking": []}, {"id": 33, "text": "XXXXXXXXXXX3003", "label": "others", "box": [141, 448, 254, 433], "linking": []}, {"id": 34, "text": "AMERICAN EXPRESS", "label": "others", "box": [173, 482, 300, 466], "linking": []}, {"id": 35, "text": " Signature", "label": "others", "box": [165, 500, 235, 483], "linking": []}, {"id": 36, "text": " Entry Mode:", "label": "others", "box": [126, 517, 210, 500], "linking": []}, {"id": 37, "text": " Auth Mode:", "label": "others", "box": [121, 533, 200, 516], "linking": []}, {"id": 38, "text": " AID:", "label": "others", "box": [118, 549, 152, 533], "linking": []}, {"id": 39, "text": " TVR:", "label": "others", "box": [117, 566, 148, 550], "linking": []}, {"id": 40, "text": " IAD:", "label": "others", "box": [113, 583, 146, 566], "linking": []}, {"id": 41, "text": " TSI:", "label": "others", "box": [111, 600, 143, 584], "linking": []}, {"id": 42, "text": " ARC:", "label": "others", "box": [109, 616, 141, 600], "linking": []}, {"id": 43, "text": "4.64", "label": "others", "box": [347, 432, 381, 416], "linking": []}, {"id": 44, "text": " CVM:", "label": "others", "box": [129, 499, 162, 483], "linking": []}, {"id": 45, "text": " Chip", "label": "others", "box": [212, 517, 246, 501], "linking": []}, {"id": 46, "text": " Issuer", "label": "others", "box": [203, 534, 251, 518], "linking": []}, {"id": 47, "text": " A000000025010801", "label": "others", "box": [154, 553, 278, 533], "linking": []}, {"id": 48, "text": " 0800008000", "label": "others", "box": [151, 569, 230, 550], "linking": []}, {"id": 49, "text": " 06590103603000", "label": "others", "box": [148, 587, 257, 568], "linking": []}, {"id": 50, "text": " F800", "label": "others", "box": [145, 601, 179, 585], "linking": []}, {"id": 51, "text": " 00", "label": "others", "box": [142, 617, 162, 601], "linking": []}, {"id": 52, "text": "GRAND TOTAL", "label": "others", "box": [139, 652, 222, 633], "linking": []}, {"id": 53, "text": "4.64", "label": "total amount", "box": [296, 658, 332, 640], "linking": []}, {"id": 54, "text": " T375 C1962 11/12/2019 09:04", "label": "others", "box": [82, 707, 284, 677], "linking": []}, {"id": 55, "text": "=======", "label": "others", "box": [76, 713, 125, 698], "linking": []}, {"id": 56, "text": " DUPLICATE", "label": "others", "box": [123, 757, 195, 734], "linking": []}, {"id": 57, "text": " RECEIPT", "label": "others", "box": [197, 761, 256, 740], "linking": []}]