[{"id": 0, "text": "Thank You For Visiting the", "label": "others", "box": [322, 203, 676, 169], "linking": []}, {"id": 1, "text": "merchant name", "label": "others", "box": [326, 235, 592, 202], "linking": []}, {"id": 2, "text": "Matthew Fraysier", "label": "others", "box": [387, 267, 610, 235], "linking": []}, {"id": 3, "text": "General Manager", "label": "others", "box": [397, 299, 602, 267], "linking": []}, {"id": 4, "text": "merchant name", "label": "others", "box": [596, 234, 671, 202], "linking": []}, {"id": 5, "text": "merchant phone", "label": "others", "box": [413, 328, 592, 295], "linking": []}, {"id": 6, "text": "We Love Your Feedback!", "label": "others", "box": [349, 361, 650, 326], "linking": []}, {"id": 7, "text": "Text @LTF11479 to 73940", "label": "others", "box": [342, 391, 660, 356], "linking": []}, {"id": 8, "text": "USD", "label": "others", "box": [743, 441, 789, 412], "linking": []}, {"id": 9, "text": "0.23 1b \u00d7 $ 7.68/1b", "label": "0 description beginning", "box": [222, 473, 491, 443], "linking": []}, {"id": 10, "text": "Large Plate", "label": "1 description inside", "box": [222, 500, 381, 475], "linking": []}, {"id": 11, "text": " 0.43", "label": "0 description beginning", "box": [223, 531, 289, 502], "linking": []}, {"id": 12, "text": "Small Clamshell", "label": "1 description inside", "box": [219, 569, 439, 530], "linking": []}, {"id": 13, "text": " lb \u00d7 $ 7.68/1b", "label": "0 description beginning", "box": [293, 540, 492, 502], "linking": []}, {"id": 14, "text": "Breakfast Pastry", "label": "0 description beginning", "box": [219, 604, 449, 562], "linking": []}, {"id": 15, "text": "1.77", "label": "5 total price per item", "box": [737, 502, 790, 471], "linking": []}, {"id": 16, "text": "3.30", "label": "5 total price per item", "box": [737, 563, 795, 535], "linking": []}, {"id": 17, "text": "1.89", "label": "5 total price per item", "box": [740, 593, 797, 563], "linking": []}, {"id": 18, "text": "Sub Total", "label": "others", "box": [544, 663, 673, 631], "linking": []}, {"id": 19, "text": "Tax Amount", "label": "others", "box": [544, 695, 693, 663], "linking": []}, {"id": 20, "text": "6.96", "label": "sub total", "box": [742, 654, 802, 624], "linking": []}, {"id": 21, "text": "0.62", "label": "2 tax total", "box": [744, 685, 803, 655], "linking": []}, {"id": 22, "text": "Total USD", "label": "others", "box": [203, 821, 467, 766], "linking": []}, {"id": 23, "text": "7.58", "label": "total amount", "box": [687, 808, 806, 755], "linking": []}, {"id": 24, "text": "5008 AMEX", "label": "others", "box": [197, 953, 332, 921], "linking": []}, {"id": 25, "text": "7.58", "label": "others", "box": [755, 939, 817, 907], "linking": []}, {"id": 26, "text": "Tax", "label": "others", "box": [197, 1056, 244, 1030], "linking": []}, {"id": 27, "text": "() 8.875", "label": "others", "box": [197, 1090, 319, 1058], "linking": []}, {"id": 28, "text": " Taxable Amount", "label": "others", "box": [433, 1056, 653, 1018], "linking": []}, {"id": 29, "text": "6.96", "label": "sub total", "box": [581, 1087, 642, 1056], "linking": []}, {"id": 30, "text": " Tax Amount", "label": "others", "box": [667, 1050, 819, 1017], "linking": []}, {"id": 31, "text": "0.62", "label": "2 tax total", "box": [760, 1081, 821, 1051], "linking": []}, {"id": 32, "text": " 11/12/2019 09:05 AM #:40221 Op:4024 C:111", "label": "others", "box": [195, 1191, 826, 1153], "linking": []}, {"id": 33, "text": " 103 S:1111", "label": "others", "box": [192, 1223, 345, 1189], "linking": []}, {"id": 34, "text": " Served you", "label": "others", "box": [185, 1263, 352, 1227], "linking": []}, {"id": 35, "text": " : Winifred Wellington", "label": "others", "box": [358, 1267, 680, 1228], "linking": []}, {"id": 36, "text": "*** Customer copy ***", "label": "others", "box": [322, 1415, 651, 1380], "linking": []}, {"id": 37, "text": "AMEX NY937 (3)", "label": "others", "box": [389, 1493, 603, 1457], "linking": []}, {"id": 38, "text": "PURCHASE / APPROVED", "label": "others", "box": [173, 1573, 483, 1537], "linking": []}, {"id": 39, "text": "AMEX", "label": "others", "box": [175, 1612, 244, 1578], "linking": []}, {"id": 40, "text": "*********** 1009", "label": "others", "box": [175, 1651, 418, 1618], "linking": []}, {"id": 41, "text": "CONTACTLESS / No CVM", "label": "others", "box": [171, 1694, 502, 1658], "linking": []}, {"id": 42, "text": " 2019/11/12 09:06:05", "label": "others", "box": [168, 1778, 485, 1738], "linking": []}, {"id": 43, "text": "TID", "label": "others", "box": [170, 1819, 220, 1784], "linking": []}, {"id": 44, "text": "MID", "label": "others", "box": [166, 1861, 222, 1827], "linking": []}, {"id": 45, "text": "REFERENCE", "label": "others", "box": [166, 1906, 320, 1867], "linking": []}, {"id": 46, "text": "AUTH CODE", "label": "others", "box": [164, 1950, 318, 1910], "linking": []}, {"id": 47, "text": "**** 6038", "label": "others", "box": [688, 1811, 821, 1777], "linking": []}, {"id": 48, "text": "6634459", "label": "others", "box": [706, 1854, 824, 1819], "linking": []}, {"id": 49, "text": "S1111T111103#40221@278143", "label": "others", "box": [413, 1901, 827, 1861], "linking": []}, {"id": 50, "text": "524067", "label": "others", "box": [726, 1941, 827, 1905], "linking": []}, {"id": 51, "text": "TOTAL", "label": "others", "box": [163, 2041, 245, 2001], "linking": []}, {"id": 52, "text": "USD7.58", "label": "total amount", "box": [711, 2031, 833, 1994], "linking": []}]