[{"id": 0, "text": "Thank You For Visiting the", "label": "others", "box": [67, 99, 281, 79], "linking": []}, {"id": 1, "text": "merchant name", "label": "others", "box": [56, 122, 212, 102], "linking": []}, {"id": 2, "text": "Nadine Varella, General Manager", "label": "others", "box": [51, 143, 301, 122], "linking": []}, {"id": 3, "text": "merchant phone", "label": "others", "box": [118, 163, 234, 144], "linking": []}, {"id": 4, "text": "We Love Your Feedback!", "label": "others", "box": [87, 183, 262, 165], "linking": []}, {"id": 5, "text": "Text @LTF41042 to 73940", "label": "others", "box": [87, 204, 267, 185], "linking": []}, {"id": 6, "text": "merchant name", "label": "others", "box": [215, 122, 228, 102], "linking": []}, {"id": 7, "text": "merchant name", "label": "others", "box": [231, 122, 294, 102], "linking": []}, {"id": 8, "text": "Order # 462", "label": "others", "box": [93, 255, 263, 225], "linking": []}, {"id": 9, "text": "Starbucks Cappuccino", "label": "0 description beginning", "box": [30, 291, 178, 272], "linking": []}, {"id": 10, "text": " Starbucks", "label": "0 description beginning", "box": [32, 308, 99, 292], "linking": []}, {"id": 11, "text": "Starbucks Coffee 160", "label": "0 description beginning", "box": [34, 325, 180, 309], "linking": []}, {"id": 12, "text": "Starbucks Coffee 160", "label": "0 description beginning", "box": [35, 341, 180, 326], "linking": []}, {"id": 13, "text": "Starbucks Double Esp", "label": "0 description beginning", "box": [35, 358, 180, 342], "linking": []}, {"id": 14, "text": "Starbucks Add Extra", "label": "0 description beginning", "box": [35, 373, 175, 358], "linking": []}, {"id": 15, "text": "Starbucks Mocha Gran", "label": "0 description beginning", "box": [36, 390, 181, 374], "linking": []}, {"id": 16, "text": "Starbucks Cappuccino", "label": "0 description beginning", "box": [35, 406, 181, 390], "linking": []}, {"id": 17, "text": "USD", "label": "others", "box": [311, 274, 336, 256], "linking": []}, {"id": 18, "text": "3.10", "label": "5 total price per item", "box": [301, 292, 335, 276], "linking": []}, {"id": 19, "text": "3.95", "label": "5 total price per item", "box": [301, 310, 334, 294], "linking": []}, {"id": 20, "text": "1.90", "label": "5 total price per item", "box": [301, 326, 332, 312], "linking": []}, {"id": 21, "text": "1.90", "label": "5 total price per item", "box": [301, 341, 331, 327], "linking": []}, {"id": 22, "text": "1.60", "label": "5 total price per item", "box": [302, 355, 332, 341], "linking": []}, {"id": 23, "text": "0.25", "label": "5 total price per item", "box": [300, 370, 331, 356], "linking": []}, {"id": 24, "text": "3.40", "label": "5 total price per item", "box": [300, 387, 333, 372], "linking": []}, {"id": 25, "text": "3.50", "label": "5 total price per item", "box": [301, 403, 334, 388], "linking": []}, {"id": 26, "text": " Caramel Ma", "label": "1 description inside", "box": [103, 308, 179, 292], "linking": []}, {"id": 27, "text": "Sub Total", "label": "others", "box": [200, 440, 269, 424], "linking": []}, {"id": 28, "text": "Tax Amount", "label": "others", "box": [202, 457, 277, 441], "linking": []}, {"id": 29, "text": "19.60", "label": "sub total", "box": [298, 439, 336, 422], "linking": []}, {"id": 30, "text": "1.37", "label": "2 tax total", "box": [306, 456, 336, 439], "linking": []}, {"id": 31, "text": "Total USD", "label": "others", "box": [29, 520, 160, 489], "linking": []}, {"id": 32, "text": "20.97", "label": "total amount", "box": [262, 520, 338, 493], "linking": []}, {"id": 33, "text": "5009 AMERICAN EXPRESS", "label": "others", "box": [31, 590, 185, 570], "linking": []}, {"id": 34, "text": "20.97", "label": "others", "box": [303, 590, 343, 573], "linking": []}, {"id": 35, "text": "Tax", "label": "others", "box": [32, 643, 57, 627], "linking": []}, {"id": 36, "text": "() 7.00", "label": "others", "box": [33, 663, 86, 643], "linking": []}, {"id": 37, "text": " Taxable Amount", "label": "others", "box": [149, 644, 260, 625], "linking": []}, {"id": 38, "text": "19.60", "label": "sub total", "box": [216, 661, 253, 645], "linking": []}, {"id": 39, "text": " Tax Amount", "label": "others", "box": [265, 645, 344, 627], "linking": []}, {"id": 40, "text": "1.37", "label": "2 tax total", "box": [313, 663, 344, 646], "linking": []}, {"id": 41, "text": " 11/16/2019 07:32 AM #:49857 Op:3056 C:113", "label": "others", "box": [35, 719, 351, 698], "linking": []}, {"id": 42, "text": " 221 S:1132", "label": "others", "box": [33, 734, 112, 717], "linking": []}, {"id": 43, "text": " Served you", "label": "others", "box": [33, 754, 113, 735], "linking": []}, {"id": 44, "text": " : Ashley Williams", "label": "others", "box": [116, 755, 243, 735], "linking": []}, {"id": 45, "text": "*** Customer copy ***", "label": "others", "box": [101, 830, 263, 810], "linking": []}, {"id": 46, "text": "AMEX Sunrise 937-11", "label": "others", "box": [110, 868, 256, 847], "linking": []}, {"id": 47, "text": " agree to pay the above total amount", "label": "others", "box": [55, 893, 328, 868], "linking": []}, {"id": 48, "text": "agreement. (Merchant agreement if Credit", "label": "others", "box": [31, 931, 338, 907], "linking": []}, {"id": 49, "text": "records.", "label": "others", "box": [160, 965, 224, 948], "linking": []}, {"id": 50, "text": " I", "label": "others", "box": [43, 886, 51, 868], "linking": []}, {"id": 51, "text": "according to card issuer", "label": "others", "box": [95, 908, 282, 887], "linking": []}, {"id": 52, "text": "Voucher )Retain this copy for your", "label": "others", "box": [58, 951, 315, 926], "linking": []}, {"id": 53, "text": "PURCHASE / APPROVED", "label": "others", "box": [32, 1005, 185, 985], "linking": []}, {"id": 54, "text": "AMERICAN EXPRESS", "label": "others", "box": [34, 1025, 161, 1006], "linking": []}, {"id": 55, "text": "*********** 7008", "label": "others", "box": [31, 1045, 155, 1027], "linking": []}]