[{"id": 0, "text": "merchant name", "label": "others", "box": [344, 153, 451, 128], "linking": []}, {"id": 1, "text": "merchant name", "label": "others", "box": [448, 178, 489, 156], "linking": []}, {"id": 2, "text": "merchant address", "label": "others", "box": [247, 210, 547, 180], "linking": []}, {"id": 3, "text": "merchant address", "label": "others", "box": [259, 237, 547, 208], "linking": []}, {"id": 4, "text": "merchant phone", "label": "others", "box": [313, 263, 479, 237], "linking": []}, {"id": 5, "text": "merchant name", "label": "others", "box": [316, 182, 415, 158], "linking": []}, {"id": 6, "text": "merchant name", "label": "others", "box": [423, 179, 443, 157], "linking": []}, {"id": 7, "text": " Server:", "label": "others", "box": [181, 322, 282, 300], "linking": []}, {"id": 8, "text": " 08:20 PM", "label": "others", "box": [180, 351, 289, 327], "linking": []}, {"id": 9, "text": "10/4", "label": "others", "box": [183, 380, 237, 356], "linking": []}, {"id": 10, "text": " Isaac", "label": "others", "box": [288, 321, 357, 299], "linking": []}, {"id": 11, "text": " DOB:", "label": "others", "box": [422, 320, 487, 295], "linking": []}, {"id": 12, "text": " 11/06/2019", "label": "others", "box": [493, 319, 633, 288], "linking": []}, {"id": 13, "text": "11/06/2019", "label": "others", "box": [494, 348, 631, 317], "linking": []}, {"id": 14, "text": "2/20069", "label": "others", "box": [534, 374, 630, 346], "linking": []}, {"id": 15, "text": "SALE", "label": "others", "box": [370, 432, 425, 411], "linking": []}, {"id": 16, "text": "AMEX", "label": "others", "box": [175, 487, 230, 465], "linking": []}, {"id": 17, "text": "Card #XXXXXXXXXXX1004", "label": "others", "box": [171, 518, 466, 494], "linking": []}, {"id": 18, "text": " Magnetic card present:", "label": "others", "box": [173, 548, 487, 522], "linking": []}, {"id": 19, "text": " Card Entry Method:", "label": "others", "box": [171, 606, 425, 581], "linking": []}, {"id": 20, "text": "2097207", "label": "others", "box": [533, 489, 634, 462], "linking": []}, {"id": 21, "text": "co", "label": "others", "box": [452, 603, 467, 581], "linking": []}, {"id": 22, "text": " Approval:", "label": "others", "box": [171, 666, 304, 640], "linking": []}, {"id": 23, "text": " 572835", "label": "others", "box": [309, 665, 397, 638], "linking": []}, {"id": 24, "text": " Amount", "label": "others", "box": [325, 723, 404, 698], "linking": []}, {"id": 25, "text": " :", "label": "others", "box": [409, 723, 423, 699], "linking": []}, {"id": 26, "text": "$ 34.29", "label": "sub total", "box": [536, 724, 638, 699], "linking": []}, {"id": 27, "text": " 6:50", "label": "3 tip", "box": [571, 787, 657, 733], "linking": []}, {"id": 28, "text": "+", "label": "others", "box": [337, 781, 358, 761], "linking": []}, {"id": 29, "text": " Tip:", "label": "others", "box": [365, 786, 423, 760], "linking": []}, {"id": 30, "text": "40 ,79", "label": "total amount", "box": [482, 854, 663, 781], "linking": []}, {"id": 31, "text": " = Total:", "label": "others", "box": [306, 846, 422, 820], "linking": []}, {"id": 32, "text": " I", "label": "others", "box": [215, 944, 237, 918], "linking": []}, {"id": 33, "text": "total amount according to the", "label": "others", "box": [186, 978, 620, 949], "linking": []}, {"id": 34, "text": "Thank You!", "label": "others", "box": [315, 1144, 466, 1117], "linking": []}, {"id": 35, "text": " agree to pay the above", "label": "others", "box": [242, 946, 569, 918], "linking": []}]