[{"id": 0, "text": "merchant name", "label": "others", "box": [156, 229, 322, 204], "linking": []}, {"id": 1, "text": "merchant address", "label": "others", "box": [211, 253, 263, 234], "linking": []}, {"id": 2, "text": " Server", "label": "others", "box": [29, 347, 73, 328], "linking": []}, {"id": 3, "text": "Boss/1", "label": "others", "box": [31, 371, 79, 353], "linking": []}, {"id": 4, "text": " Guests:", "label": "others", "box": [32, 398, 90, 379], "linking": []}, {"id": 5, "text": " : Tavon", "label": "others", "box": [75, 350, 133, 330], "linking": []}, {"id": 6, "text": "11/19/2019", "label": "others", "box": [366, 356, 439, 337], "linking": []}, {"id": 7, "text": " 2:11 PM", "label": "others", "box": [386, 380, 440, 363], "linking": []}, {"id": 8, "text": " 1", "label": "others", "box": [93, 398, 103, 381], "linking": []}, {"id": 9, "text": "#20019", "label": "others", "box": [352, 427, 436, 409], "linking": []}, {"id": 10, "text": "Jerk Chez Burger", "label": "0 description beginning", "box": [34, 474, 156, 454], "linking": []}, {"id": 11, "text": " 14.", "label": "5 total price per item", "box": [400, 475, 416, 458], "linking": []}, {"id": 12, "text": " 95", "label": "5 total price per item", "box": [419, 475, 436, 458], "linking": []}, {"id": 13, "text": "Subtotal", "label": "others", "box": [33, 522, 96, 504], "linking": []}, {"id": 14, "text": "Tax", "label": "others", "box": [36, 546, 60, 530], "linking": []}, {"id": 15, "text": "14.95", "label": "sub total", "box": [399, 523, 436, 506], "linking": []}, {"id": 16, "text": "2.47", "label": "2 tax total", "box": [404, 546, 435, 529], "linking": []}, {"id": 17, "text": "Total", "label": "others", "box": [37, 595, 74, 578], "linking": []}, {"id": 18, "text": "17.42", "label": "total amount", "box": [399, 593, 435, 576], "linking": []}, {"id": 19, "text": "Balance Due", "label": "others", "box": [37, 642, 120, 625], "linking": []}, {"id": 20, "text": "Jamaican Dollars 0.007048", "label": "others", "box": [46, 667, 228, 647], "linking": []}, {"id": 21, "text": "Euro 1.02777", "label": "others", "box": [46, 689, 136, 672], "linking": []}, {"id": 22, "text": "English Pound 1.190527", "label": "others", "box": [47, 713, 207, 694], "linking": []}, {"id": 23, "text": "Canadian 0.727833", "label": "others", "box": [47, 738, 171, 718], "linking": []}, {"id": 24, "text": "Cayman 0.959036", "label": "others", "box": [46, 762, 155, 742], "linking": []}, {"id": 25, "text": "$17.42", "label": "others", "box": [392, 639, 435, 623], "linking": []}, {"id": 26, "text": "2.471.62", "label": "others", "box": [376, 663, 436, 646], "linking": []}, {"id": 27, "text": "16.95", "label": "others", "box": [400, 686, 435, 670], "linking": []}, {"id": 28, "text": "14.63", "label": "others", "box": [399, 711, 436, 694], "linking": []}, {"id": 29, "text": "23.93", "label": "others", "box": [398, 735, 436, 718], "linking": []}, {"id": 30, "text": "18. 16", "label": "others", "box": [399, 759, 437, 743], "linking": []}, {"id": 31, "text": " THANKS FOR JOINING US.", "label": "others", "box": [83, 809, 240, 791], "linking": []}, {"id": 32, "text": "WE WOULD LOVE TO SEE THEM", "label": "others", "box": [141, 833, 324, 815], "linking": []}, {"id": 33, "text": " OMVILLECARIBBEAN", "label": "others", "box": [110, 858, 226, 840], "linking": []}, {"id": 34, "text": "WE VALUE YOUR FEEDBACK!", "label": "others", "box": [149, 882, 314, 865], "linking": []}, {"id": 35, "text": "merchant phone", "label": "others", "box": [109, 908, 366, 887], "linking": []}, {"id": 36, "text": "INFO@MARGARITAVILLECARIBBEAN. COM", "label": "others", "box": [124, 932, 352, 912], "linking": []}, {"id": 37, "text": " IF YOU TOOK PICTURES", "label": "others", "box": [243, 809, 388, 791], "linking": []}, {"id": 38, "text": " |", "label": "others", "box": [229, 858, 238, 841], "linking": []}, {"id": 39, "text": " #MVILLECARIBBEAN", "label": "others", "box": [241, 858, 360, 841], "linking": []}, {"id": 40, "text": "108", "label": "others", "box": [100, 1070, 129, 1043], "linking": []}, {"id": 41, "text": "EW", "label": "others", "box": [182, 1064, 215, 1038], "linking": []}, {"id": 42, "text": "109", "label": "others", "box": [106, 1090, 136, 1066], "linking": []}, {"id": 43, "text": "CHURCH", "label": "others", "box": [190, 1086, 276, 1037], "linking": []}]