[{"id": 0, "text": "merchant name", "label": "others", "box": [546, 550, 1137, 478], "linking": []}, {"id": 1, "text": "at", "label": "others", "box": [801, 616, 865, 561], "linking": []}, {"id": 2, "text": "merchant address", "label": "others", "box": [365, 704, 1293, 609], "linking": []}, {"id": 3, "text": "merchant phone", "label": "others", "box": [731, 771, 1039, 703], "linking": []}, {"id": 4, "text": " Tel:", "label": "others", "box": [597, 771, 720, 708], "linking": []}, {"id": 5, "text": "200011 Jack D", "label": "others", "box": [293, 919, 663, 825], "linking": []}, {"id": 6, "text": "-- --", "label": "others", "box": [272, 942, 370, 919], "linking": []}, {"id": 7, "text": " ---", "label": "others", "box": [988, 960, 1053, 941], "linking": []}, {"id": 8, "text": " -", "label": "others", "box": [1065, 960, 1084, 940], "linking": []}, {"id": 9, "text": "- - -", "label": "others", "box": [1333, 952, 1406, 930], "linking": []}, {"id": 10, "text": "Chk 5789", "label": "others", "box": [263, 1035, 498, 969], "linking": []}, {"id": 11, "text": "O", "label": "others", "box": [1379, 1038, 1411, 982], "linking": []}, {"id": 12, "text": " 27Nov 19 13:59", "label": "others", "box": [765, 1061, 1204, 990], "linking": []}, {"id": 13, "text": "--------", "label": "others", "box": [894, 1104, 1126, 1075], "linking": []}, {"id": 14, "text": "Gst", "label": "others", "box": [1223, 1046, 1338, 989], "linking": []}, {"id": 15, "text": " 1", "label": "e quantity", "box": [326, 1172, 363, 1109], "linking": []}, {"id": 16, "text": " 1", "label": "e quantity", "box": [323, 1248, 363, 1188], "linking": []}, {"id": 17, "text": "CHARGE POSTED", "label": "1 description inside", "box": [349, 1318, 720, 1254], "linking": []}, {"id": 18, "text": "Visa", "label": "others", "box": [381, 1391, 503, 1335], "linking": []}, {"id": 19, "text": " Chef Spec 13.95", "label": "0 description beginning", "box": [374, 1197, 802, 1111], "linking": []}, {"id": 20, "text": " Can Minerals", "label": "0 description beginning", "box": [373, 1260, 729, 1186], "linking": []}, {"id": 21, "text": "13.95", "label": "5 total price per item", "box": [1182, 1190, 1322, 1129], "linking": []}, {"id": 22, "text": "1.50", "label": "5 total price per item", "box": [1206, 1253, 1319, 1198], "linking": []}, {"id": 23, "text": "15.45", "label": "others", "box": [1171, 1387, 1310, 1329], "linking": []}, {"id": 24, "text": "Subtotal", "label": "others", "box": [382, 1529, 611, 1464], "linking": []}, {"id": 25, "text": "Payment", "label": "others", "box": [376, 1605, 579, 1537], "linking": []}, {"id": 26, "text": "15.45", "label": "sub total", "box": [1164, 1521, 1308, 1461], "linking": []}, {"id": 27, "text": "15.45", "label": "total amount", "box": [1160, 1586, 1305, 1530], "linking": []}]