[{"id": 0, "text": "Thank You For Visiting the", "label": "others", "box": [583, 77, 1071, 21], "linking": []}, {"id": 1, "text": "Matthew Fraysier", "label": "others", "box": [663, 152, 974, 101], "linking": []}, {"id": 2, "text": "merchant phone", "label": "others", "box": [695, 231, 942, 184], "linking": []}, {"id": 3, "text": "Text @LTF11479 to 73940", "label": "others", "box": [598, 318, 1040, 263], "linking": []}, {"id": 4, "text": "merchant name", "label": "others", "box": [580, 119, 1059, 63], "linking": []}, {"id": 5, "text": "General Manager", "label": "others", "box": [671, 192, 960, 143], "linking": []}, {"id": 6, "text": "We Love Your Feedback!", "label": "others", "box": [600, 277, 1028, 222], "linking": []}, {"id": 7, "text": "USD", "label": "others", "box": [1153, 386, 1219, 348], "linking": []}, {"id": 8, "text": "2.99", "label": "5 total price per item", "box": [1140, 431, 1227, 393], "linking": []}, {"id": 9, "text": "Strawberry Fruit Yog", "label": "0 description beginning", "box": [421, 447, 818, 401], "linking": []}, {"id": 10, "text": "0.44 lb x $ 7.68/1b", "label": "1 description inside", "box": [418, 487, 798, 444], "linking": []}, {"id": 11, "text": "Small Clamshell", "label": "0 description beginning", "box": [413, 529, 720, 487], "linking": []}, {"id": 12, "text": "Tropicana Orange w/C", "label": "0 description beginning", "box": [413, 575, 811, 529], "linking": []}, {"id": 13, "text": "3.38", "label": "5 total price per item", "box": [1139, 516, 1221, 477], "linking": []}, {"id": 14, "text": "2.05", "label": "5 total price per item", "box": [1136, 560, 1229, 521], "linking": []}, {"id": 15, "text": "Sub Total", "label": "others", "box": [860, 656, 1047, 610], "linking": []}, {"id": 16, "text": "Tax Amount", "label": "others", "box": [863, 702, 1062, 657], "linking": []}, {"id": 17, "text": "8.42", "label": "sub total", "box": [1139, 651, 1223, 610], "linking": []}, {"id": 18, "text": "0.75", "label": "2 tax total", "box": [1142, 694, 1223, 656], "linking": []}, {"id": 19, "text": "Total USD", "label": "others", "box": [376, 874, 739, 794], "linking": []}, {"id": 20, "text": "9.17", "label": "total amount", "box": [1060, 867, 1220, 792], "linking": []}, {"id": 21, "text": "9.17", "label": "others", "box": [1141, 1049, 1224, 1006], "linking": []}, {"id": 22, "text": "Tax", "label": "others", "box": [354, 1200, 430, 1157], "linking": []}, {"id": 23, "text": "() 8.875", "label": "others", "box": [355, 1251, 521, 1202], "linking": []}, {"id": 24, "text": " Taxable Amount", "label": "others", "box": [686, 1201, 998, 1153], "linking": []}, {"id": 25, "text": "8.42", "label": "sub total", "box": [896, 1245, 977, 1205], "linking": []}, {"id": 26, "text": " Tax Amount", "label": "others", "box": [1015, 1199, 1230, 1151], "linking": []}, {"id": 27, "text": "0.75", "label": "2 tax total", "box": [1145, 1242, 1228, 1200], "linking": []}, {"id": 28, "text": " 11/11/2019 08:58 AM #:39925 Op:4024 C:111", "label": "others", "box": [345, 1401, 1230, 1348], "linking": []}, {"id": 29, "text": " 103 S:1111", "label": "others", "box": [345, 1449, 549, 1402], "linking": []}, {"id": 30, "text": " Served you", "label": "others", "box": [332, 1502, 558, 1452], "linking": []}, {"id": 31, "text": " : Winifred Wellington", "label": "others", "box": [566, 1502, 1024, 1450], "linking": []}, {"id": 32, "text": "*** Customer copy ***", "label": "others", "box": [514, 1707, 978, 1661], "linking": []}, {"id": 33, "text": "AMEX NY937 (3)", "label": "others", "box": [596, 1814, 898, 1763], "linking": []}, {"id": 34, "text": "according to card issuer", "label": "others", "box": [482, 1926, 1013, 1875], "linking": []}, {"id": 35, "text": "agreement. (Merchant agreement if Credit", "label": "others", "box": [294, 1984, 1167, 1925], "linking": []}, {"id": 36, "text": "Voucher)Retain this copy for your", "label": "others", "box": [362, 2040, 1096, 1983], "linking": []}, {"id": 37, "text": "records.", "label": "others", "box": [645, 2094, 824, 2044], "linking": []}, {"id": 38, "text": "PURCHASE / APPROVED", "label": "others", "box": [283, 2207, 720, 2153], "linking": []}, {"id": 39, "text": "AMERICAN EXPRESS", "label": "others", "box": [274, 2266, 645, 2214], "linking": []}, {"id": 40, "text": "*********** 1006", "label": "others", "box": [274, 2321, 621, 2274], "linking": []}, {"id": 41, "text": "CHIP READ /", "label": "others", "box": [268, 2384, 525, 2329], "linking": []}, {"id": 42, "text": " 2019/11/11 08:58:51", "label": "others", "box": [258, 2505, 698, 2449], "linking": []}, {"id": 43, "text": "TID", "label": "others", "box": [252, 2563, 333, 2512], "linking": []}, {"id": 44, "text": "MID", "label": "others", "box": [248, 2624, 331, 2572], "linking": []}, {"id": 45, "text": "REFERENCE", "label": "others", "box": [246, 2686, 466, 2634], "linking": []}, {"id": 46, "text": "AUTH SADE", "label": "others", "box": [237, 2748, 462, 2693], "linking": []}, {"id": 47, "text": "O", "label": "others", "box": [207, 2826, 314, 2747], "linking": []}, {"id": 48, "text": "**** 6038", "label": "others", "box": [999, 2563, 1192, 2513], "linking": []}, {"id": 49, "text": "6634459", "label": "others", "box": [1028, 2626, 1192, 2573], "linking": []}, {"id": 50, "text": "S1111T111103#39925@181042", "label": "others", "box": [598, 2686, 1191, 2634], "linking": []}, {"id": 51, "text": "815962", "label": "others", "box": [1046, 2753, 1192, 2697], "linking": []}, {"id": 52, "text": "REDMI NOTE 5 PRO", "label": "others", "box": [340, 2779, 851, 2720], "linking": []}, {"id": 53, "text": "TOTALMI DUAL CAMERA", "label": "others", "box": [230, 2877, 810, 2790], "linking": []}, {"id": 54, "text": "USD9.17", "label": "total amount", "box": [1019, 2881, 1193, 2822], "linking": []}]