[{"id": 0, "text": "merchant name", "label": "others", "box": [132, 146, 276, 130], "linking": []}, {"id": 1, "text": "merchant address", "label": "others", "box": [129, 164, 276, 147], "linking": []}, {"id": 2, "text": "merchant address", "label": "others", "box": [137, 182, 263, 165], "linking": []}, {"id": 3, "text": " Merchant ID:", "label": "others", "box": [54, 216, 144, 199], "linking": []}, {"id": 4, "text": " -Term #:", "label": "others", "box": [48, 232, 109, 216], "linking": []}, {"id": 5, "text": " 9362", "label": "others", "box": [147, 216, 178, 201], "linking": []}, {"id": 6, "text": " 0003", "label": "others", "box": [111, 234, 143, 217], "linking": []}, {"id": 7, "text": " Store #:", "label": "others", "box": [260, 235, 320, 219], "linking": []}, {"id": 8, "text": " Ref -#:", "label": "others", "box": [272, 252, 319, 237], "linking": []}, {"id": 9, "text": " 0001", "label": "others", "box": [322, 234, 353, 218], "linking": []}, {"id": 10, "text": " 0028", "label": "others", "box": [322, 251, 353, 236], "linking": []}, {"id": 11, "text": "Sale", "label": "others", "box": [170, 298, 227, 270], "linking": []}, {"id": 12, "text": "XXXXXXXXXXX1006", "label": "others", "box": [54, 347, 167, 319], "linking": []}, {"id": 13, "text": "AMEX", "label": "others", "box": [54, 379, 89, 353], "linking": []}, {"id": 14, "text": " Entry Method:", "label": "others", "box": [209, 384, 299, 357], "linking": []}, {"id": 15, "text": " Swiped", "label": "others", "box": [304, 383, 355, 357], "linking": []}, {"id": 16, "text": " Amount:", "label": "others", "box": [57, 450, 149, 424], "linking": []}, {"id": 17, "text": " Tip:", "label": "others", "box": [56, 483, 110, 456], "linking": []}, {"id": 18, "text": " $", "label": "others", "box": [154, 449, 173, 423], "linking": []}, {"id": 19, "text": "85.40", "label": "sub total", "box": [280, 450, 352, 424], "linking": []}, {"id": 20, "text": " 5", "label": "3 tip", "box": [270, 499, 283, 468], "linking": []}, {"id": 21, "text": " 98:", "label": "total amount", "box": [269, 542, 312, 510], "linking": []}, {"id": 22, "text": " :00", "label": "3 tip", "box": [288, 499, 343, 468], "linking": []}, {"id": 23, "text": " 40", "label": "total amount", "box": [318, 539, 360, 508], "linking": []}, {"id": 24, "text": " Total:", "label": "others", "box": [58, 529, 140, 506], "linking": []}, {"id": 25, "text": "11/21/19", "label": "others", "box": [49, 640, 115, 613], "linking": []}, {"id": 26, "text": " 000028", "label": "others", "box": [97, 676, 150, 649], "linking": []}, {"id": 27, "text": " :- 007752839651774", "label": "others", "box": [149, 708, 283, 682], "linking": []}, {"id": 28, "text": " Online", "label": "others", "box": [103, 725, 154, 709], "linking": []}, {"id": 29, "text": " 12:23:09", "label": "others", "box": [300, 638, 361, 613], "linking": []}, {"id": 30, "text": " 594238", "label": "others", "box": [311, 674, 365, 647], "linking": []}, {"id": 31, "text": " Inv #:", "label": "others", "box": [52, 678, 92, 650], "linking": []}, {"id": 32, "text": " Transaction ID", "label": "others", "box": [45, 709, 144, 684], "linking": []}, {"id": 33, "text": " Apprvd:", "label": "others", "box": [41, 725, 101, 709], "linking": []}, {"id": 34, "text": " Appr Code:", "label": "others", "box": [232, 676, 307, 649], "linking": []}, {"id": 35, "text": " Batch#l:", "label": "others", "box": [258, 723, 317, 709], "linking": []}, {"id": 36, "text": " 000337", "label": "others", "box": [319, 722, 369, 709], "linking": []}, {"id": 37, "text": " Customer", "label": "others", "box": [146, 771, 213, 756], "linking": []}, {"id": 38, "text": " Copy", "label": "others", "box": [219, 770, 257, 755], "linking": []}]