[{"id": 0, "text": "AWAY ON BACK", "label": "others", "box": [601, 205, 631, 0], "linking": []}, {"id": 1, "text": "-", "label": "others", "box": [595, 252, 631, 230], "linking": []}, {"id": 2, "text": " For", "label": "others", "box": [181, 65, 222, 14], "linking": []}, {"id": 3, "text": " Survey Code:", "label": "others", "box": [91, 151, 257, 97], "linking": []}, {"id": 4, "text": "(Diganos en Espanol)", "label": "others", "box": [181, 183, 463, 149], "linking": []}, {"id": 5, "text": "*************", "label": "others", "box": [340, 225, 551, 187], "linking": []}, {"id": 6, "text": " a", "label": "others", "box": [231, 66, 248, 15], "linking": []}, {"id": 7, "text": " Chance", "label": "others", "box": [257, 67, 347, 15], "linking": []}, {"id": 8, "text": " Receipt", "label": "others", "box": [345, 97, 444, 65], "linking": []}, {"id": 9, "text": " 0021-6134-0152-2300", "label": "others", "box": [265, 151, 540, 97], "linking": []}, {"id": 10, "text": " to", "label": "others", "box": [356, 67, 386, 15], "linking": []}, {"id": 11, "text": " WIN", "label": "others", "box": [395, 67, 455, 13], "linking": []}, {"id": 12, "text": " See Back of", "label": "others", "box": [184, 95, 339, 62], "linking": []}, {"id": 13, "text": "***", "label": "others", "box": [80, 226, 126, 194], "linking": []}, {"id": 14, "text": "$500 CASH GIVEAWAY ON BACK", "label": "others", "box": [601, 702, 633, 281], "linking": []}, {"id": 15, "text": "-", "label": "others", "box": [597, 752, 638, 733], "linking": []}, {"id": 16, "text": "merchant name", "label": "others", "box": [207, 357, 255, 305], "linking": []}, {"id": 17, "text": "merchant address", "label": "others", "box": [210, 389, 273, 358], "linking": []}, {"id": 18, "text": "merchant address", "label": "others", "box": [196, 420, 435, 389], "linking": []}, {"id": 19, "text": "merchant phone", "label": "others", "box": [228, 452, 412, 421], "linking": []}, {"id": 20, "text": "merchant name", "label": "others", "box": [263, 358, 430, 304], "linking": []}, {"id": 21, "text": "merchant address", "label": "others", "box": [279, 390, 427, 356], "linking": []}, {"id": 22, "text": "BERT", "label": "others", "box": [458, 348, 588, 388], "linking": []}, {"id": 23, "text": "11/2/2019", "label": "others", "box": [29, 520, 150, 486], "linking": []}, {"id": 24, "text": " 306060", "label": "others", "box": [119, 552, 209, 523], "linking": []}, {"id": 25, "text": " Customer:", "label": "others", "box": [24, 584, 154, 555], "linking": []}, {"id": 26, "text": " 12:34:31 A", "label": "others", "box": [427, 522, 565, 489], "linking": []}, {"id": 27, "text": " Cashier:", "label": "others", "box": [326, 554, 440, 524], "linking": []}, {"id": 28, "text": " Order", "label": "others", "box": [29, 551, 106, 524], "linking": []}, {"id": 29, "text": " Lisa W", "label": "others", "box": [445, 554, 537, 524], "linking": []}, {"id": 30, "text": " 2.", "label": "e quantity", "box": [71, 649, 85, 620], "linking": []}, {"id": 31, "text": " Beef Chalupa Sup", "label": "0 description beginning", "box": [89, 650, 319, 620], "linking": []}, {"id": 32, "text": " 2", "label": "1 description inside", "box": [134, 679, 153, 650], "linking": []}, {"id": 33, "text": "2 No Beef", "label": "1 description inside", "box": [131, 711, 263, 681], "linking": []}, {"id": 34, "text": "2 Sb frm Bf to Bn", "label": "1 description inside", "box": [134, 747, 373, 712], "linking": []}, {"id": 35, "text": " Beef Soft Taco Sup", "label": "0 description beginning", "box": [91, 781, 344, 749], "linking": []}, {"id": 36, "text": "2 SOUR ON SIDE", "label": "1 description inside", "box": [133, 814, 331, 782], "linking": []}, {"id": 37, "text": "2 No Beef", "label": "1 description inside", "box": [134, 846, 261, 815], "linking": []}, {"id": 38, "text": "2 Sb frm Bf to Bn", "label": "1 description inside", "box": [132, 881, 375, 847], "linking": []}, {"id": 39, "text": " Nacho Supreme", "label": "0 description beginning", "box": [91, 913, 287, 880], "linking": []}, {"id": 40, "text": "No Beef", "label": "1 description inside", "box": [149, 945, 251, 914], "linking": []}, {"id": 41, "text": " Side Jalapeno", "label": "0 description beginning", "box": [91, 980, 282, 948], "linking": []}, {"id": 42, "text": " Aquafina", "label": "0 description beginning", "box": [91, 1013, 211, 981], "linking": []}, {"id": 43, "text": "6.38", "label": "5 total price per item", "box": [519, 650, 576, 620], "linking": []}, {"id": 44, "text": "0.00", "label": "5 total price per item", "box": [517, 680, 578, 652], "linking": []}, {"id": 45, "text": "0.00", "label": "5 total price per item", "box": [519, 713, 576, 686], "linking": []}, {"id": 46, "text": "0.00", "label": "5 total price per item", "box": [519, 746, 577, 719], "linking": []}, {"id": 47, "text": "4.58", "label": "5 total price per item", "box": [522, 780, 577, 751], "linking": []}, {"id": 48, "text": "0.00", "label": "5 total price per item", "box": [521, 813, 576, 786], "linking": []}, {"id": 49, "text": "0.00", "label": "5 total price per item", "box": [520, 845, 568, 818], "linking": []}, {"id": 50, "text": "0.00", "label": "5 total price per item", "box": [520, 878, 567, 851], "linking": []}, {"id": 51, "text": "3.49", "label": "5 total price per item", "box": [521, 912, 574, 885], "linking": []}, {"id": 52, "text": "0.00", "label": "5 total price per item", "box": [519, 945, 577, 919], "linking": []}, {"id": 53, "text": "0.40", "label": "5 total price per item", "box": [519, 978, 577, 951], "linking": []}, {"id": 54, "text": "1.59", "label": "5 total price per item", "box": [523, 1011, 578, 983], "linking": []}, {"id": 55, "text": " SOUR ON SIDE", "label": "1 description inside", "box": [158, 681, 335, 650], "linking": []}, {"id": 56, "text": " 2", "label": "e quantity", "box": [69, 779, 85, 749], "linking": []}, {"id": 57, "text": " 11/8/2019 11:01:46 PM", "label": "others", "box": [865, 813, 1156, 774], "linking": []}, {"id": 58, "text": " Order Number:", "label": "others", "box": [739, 848, 922, 815], "linking": []}, {"id": 59, "text": "Circle K", "label": "others", "box": [795, 876, 912, 849], "linking": []}, {"id": 60, "text": "merchant name", "label": "others", "box": [882, 909, 1103, 877], "linking": []}, {"id": 61, "text": "$500 CASH GIVEAWAY ON BACK", "label": "others", "box": [606, 1214, 632, 785], "linking": []}, {"id": 62, "text": "-", "label": "others", "box": [600, 1263, 636, 1239], "linking": []}, {"id": 63, "text": "3479243", "label": "others", "box": [1050, 838, 1156, 808], "linking": []}, {"id": 64, "text": "2708518", "label": "others", "box": [1069, 872, 1169, 841], "linking": []}, {"id": 65, "text": " 1", "label": "e quantity", "box": [72, 912, 86, 879], "linking": []}, {"id": 66, "text": "merchant address", "label": "others", "box": [866, 944, 1099, 906], "linking": []}, {"id": 67, "text": "merchant phone", "label": "others", "box": [895, 978, 1072, 942], "linking": []}, {"id": 68, "text": " 1", "label": "e quantity", "box": [71, 979, 86, 948], "linking": []}, {"id": 69, "text": " 1", "label": "e quantity", "box": [69, 1012, 85, 980], "linking": []}, {"id": 70, "text": " Register:2", "label": "others", "box": [713, 1016, 860, 981], "linking": []}, {"id": 71, "text": "2 DOUBLE CHEESE QUESADILLA", "label": "0 description beginning", "box": [766, 1078, 1131, 1038], "linking": []}, {"id": 72, "text": "MXM AZ 310582 BEAN BURR B", "label": "1 description inside", "box": [798, 1143, 1144, 1104], "linking": []}, {"id": 73, "text": " Sub. Total:", "label": "others", "box": [761, 1180, 911, 1145], "linking": []}, {"id": 74, "text": " Tax:", "label": "others", "box": [761, 1209, 821, 1181], "linking": []}, {"id": 75, "text": " Total:", "label": "others", "box": [765, 1242, 844, 1212], "linking": []}, {"id": 76, "text": " Discount Total:", "label": "others", "box": [762, 1279, 967, 1242], "linking": []}, {"id": 77, "text": "D, Jason", "label": "others", "box": [1152, 1003, 1267, 972], "linking": []}, {"id": 78, "text": "SubTotal", "label": "others", "box": [247, 1081, 361, 1047], "linking": []}, {"id": 79, "text": "Tax", "label": "others", "box": [246, 1110, 296, 1081], "linking": []}, {"id": 80, "text": "Total", "label": "others", "box": [248, 1166, 313, 1117], "linking": []}, {"id": 81, "text": "American Express", "label": "others", "box": [249, 1199, 470, 1169], "linking": []}, {"id": 82, "text": " :XXXXXXXX1007", "label": "others", "box": [300, 1232, 489, 1201], "linking": []}, {"id": 83, "text": "16.44", "label": "sub total", "box": [514, 1079, 578, 1051], "linking": []}, {"id": 84, "text": "1.41", "label": "2 tax total", "box": [520, 1114, 578, 1084], "linking": []}, {"id": 85, "text": "17.85", "label": "total amount", "box": [509, 1165, 579, 1119], "linking": []}, {"id": 86, "text": "17.85", "label": "others", "box": [511, 1195, 578, 1167], "linking": []}, {"id": 87, "text": "1", "label": "e quantity", "box": [719, 1078, 735, 1051], "linking": []}, {"id": 88, "text": "$2.78", "label": "5 total price per item", "box": [1191, 1069, 1267, 1039], "linking": []}, {"id": 89, "text": "$4.38", "label": "5 total price per item", "box": [1191, 1101, 1268, 1072], "linking": []}, {"id": 90, "text": "-$0.60", "label": "5 total price per item", "box": [1194, 1135, 1267, 1103], "linking": []}, {"id": 91, "text": "$6.56", "label": "sub total", "box": [1195, 1167, 1266, 1134], "linking": []}, {"id": 92, "text": "$0.19", "label": "2 tax total", "box": [1193, 1199, 1268, 1169], "linking": []}, {"id": 93, "text": "$6.75", "label": "total amount", "box": [1194, 1234, 1267, 1201], "linking": []}, {"id": 94, "text": "$0.60", "label": "others", "box": [1195, 1267, 1274, 1236], "linking": []}, {"id": 95, "text": "2 BON AP CAKE BAN SLCD 3.7", "label": "0 description beginning", "box": [771, 1111, 1132, 1072], "linking": []}, {"id": 96, "text": "2", "label": "others", "box": [204, 1244, 245, 1207], "linking": []}, {"id": 97, "text": " Acct", "label": "others", "box": [243, 1233, 294, 1202], "linking": []}, {"id": 98, "text": " Approval:825809", "label": "others", "box": [248, 1299, 461, 1264], "linking": []}, {"id": 99, "text": "NUJOY", "label": "others", "box": [237, 1373, 423, 1320], "linking": []}, {"id": 100, "text": "AMERICAN EXPRES", "label": "others", "box": [138, 1427, 349, 1397], "linking": []}, {"id": 101, "text": "A000000025010801", "label": "others", "box": [141, 1460, 361, 1431], "linking": []}, {"id": 102, "text": "0000003000", "label": "others", "box": [140, 1493, 283, 1462], "linking": []}, {"id": 103, "text": "-800", "label": "others", "box": [147, 1524, 195, 1497], "linking": []}, {"id": 104, "text": "06600103642002", "label": "others", "box": [142, 1560, 337, 1528], "linking": []}, {"id": 105, "text": "PIN", "label": "others", "box": [137, 1592, 185, 1563], "linking": []}, {"id": 106, "text": " American Express:", "label": "others", "box": [763, 1310, 994, 1276], "linking": []}, {"id": 107, "text": "Change", "label": "others", "box": [767, 1342, 930, 1311], "linking": []}, {"id": 108, "text": "$6. 70", "label": "others", "box": [1198, 1297, 1264, 1264], "linking": []}, {"id": 109, "text": "$0.00", "label": "others", "box": [1132, 1334, 1268, 1300], "linking": []}, {"id": 110, "text": "$500 CASH GIVEAWAY ON BACK", "label": "others", "box": [606, 1712, 638, 1286], "linking": []}, {"id": 111, "text": "-", "label": "others", "box": [603, 1762, 640, 1743], "linking": []}, {"id": 112, "text": " Entry Mode:", "label": "others", "box": [27, 1396, 185, 1365], "linking": []}, {"id": 113, "text": " Chip Tead", "label": "others", "box": [190, 1397, 327, 1366], "linking": []}, {"id": 114, "text": " APL:", "label": "others", "box": [27, 1425, 86, 1399], "linking": []}, {"id": 115, "text": " AID:", "label": "others", "box": [30, 1460, 80, 1430], "linking": []}, {"id": 116, "text": " TVR:", "label": "others", "box": [32, 1488, 80, 1463], "linking": []}, {"id": 117, "text": " 131:", "label": "others", "box": [34, 1528, 84, 1504], "linking": []}, {"id": 118, "text": " IAD:", "label": "others", "box": [35, 1557, 87, 1529], "linking": []}, {"id": 119, "text": " CVM:", "label": "others", "box": [33, 1590, 89, 1562], "linking": []}, {"id": 120, "text": "SALE", "label": "others", "box": [721, 1409, 788, 1380], "linking": []}, {"id": 121, "text": "American Express", "label": "others", "box": [724, 1443, 944, 1408], "linking": []}, {"id": 122, "text": " Card Num", "label": "others", "box": [728, 1479, 841, 1444], "linking": []}, {"id": 123, "text": " : (S) XXXXXXXXXXX1007", "label": "others", "box": [847, 1475, 1141, 1435], "linking": []}, {"id": 124, "text": " Terminal", "label": "others", "box": [727, 1512, 843, 1475], "linking": []}, {"id": 125, "text": " Approval", "label": "others", "box": [729, 1545, 845, 1510], "linking": []}, {"id": 126, "text": " : 720000097222101", "label": "others", "box": [849, 1508, 1083, 1470], "linking": []}, {"id": 127, "text": " : 595016", "label": "others", "box": [850, 1541, 962, 1506], "linking": []}, {"id": 128, "text": " Ha", "label": "others", "box": [75, 1784, 189, 1704], "linking": []}, {"id": 129, "text": "m", "label": "others", "box": [120, 1883, 159, 1839], "linking": []}, {"id": 130, "text": " ADRIVE THRU", "label": "others", "box": [198, 1771, 399, 1688], "linking": []}, {"id": 131, "text": "Thank you for visiting!", "label": "others", "box": [164, 1812, 487, 1776], "linking": []}, {"id": 132, "text": " 7 V", "label": "others", "box": [459, 1893, 611, 1826], "linking": []}, {"id": 133, "text": "Thank You", "label": "others", "box": [888, 1771, 1135, 1736], "linking": []}, {"id": 134, "text": "Come Again", "label": "others", "box": [872, 1804, 1147, 1768], "linking": []}, {"id": 135, "text": "$500 CASH GIVEAWAY ON BAC", "label": "others", "box": [609, 2192, 642, 1788], "linking": []}, {"id": 136, "text": "Sparky's Touchdown", "label": "others", "box": [914, 1838, 1160, 1801], "linking": []}, {"id": 137, "text": " Total Items in Order:", "label": "others", "box": [164, 1903, 449, 1841], "linking": []}, {"id": 138, "text": " Text \"Touchdown\" to 620620 te", "label": "others", "box": [760, 1874, 1172, 1834], "linking": []}, {"id": 139, "text": " .n", "label": "others", "box": [1183, 1865, 1215, 1833], "linking": []}, {"id": 140, "text": "Weekly Tickets & Grand Prize Experience", "label": "others", "box": [731, 1906, 1273, 1866], "linking": []}, {"id": 141, "text": "merchant name", "label": "others", "box": [119, 2093, 537, 2023], "linking": []}, {"id": 142, "text": "DELIVERY", "label": "others", "box": [118, 2198, 545, 2096], "linking": []}]