[{"id": 0, "text": "merchant name", "label": "others", "box": [643, 482, 940, 352], "linking": []}, {"id": 1, "text": "YOU + CHIPOTLE", "label": "others", "box": [657, 586, 936, 543], "linking": []}, {"id": 2, "text": "A BURRITOFUL COMBINATION", "label": "others", "box": [556, 635, 1033, 585], "linking": []}, {"id": 3, "text": "merchant address", "label": "others", "box": [540, 682, 1026, 632], "linking": []}, {"id": 4, "text": "merchant address", "label": "others", "box": [593, 728, 976, 679], "linking": []}, {"id": 5, "text": "merchant phone", "label": "others", "box": [661, 775, 933, 726], "linking": []}, {"id": 6, "text": " Host:", "label": "others", "box": [372, 818, 485, 772], "linking": []}, {"id": 7, "text": "ORDER #127", "label": "others", "box": [373, 867, 574, 822], "linking": []}, {"id": 8, "text": " valery", "label": "others", "box": [492, 820, 619, 774], "linking": []}, {"id": 9, "text": "12/01/2019", "label": "others", "box": [1010, 822, 1205, 774], "linking": []}, {"id": 10, "text": " 12:10 PM", "label": "others", "box": [1052, 871, 1209, 826], "linking": []}, {"id": 11, "text": "10028", "label": "others", "box": [1107, 916, 1205, 874], "linking": []}, {"id": 12, "text": "Veggie Bowl", "label": "0 description beginning", "box": [365, 1108, 592, 1062], "linking": []}, {"id": 13, "text": "Small Soda", "label": "0 description beginning", "box": [365, 1155, 572, 1110], "linking": []}, {"id": 14, "text": "7.00", "label": "5 total price per item", "box": [1124, 1109, 1204, 1069], "linking": []}, {"id": 15, "text": "1.95", "label": "5 total price per item", "box": [1128, 1160, 1208, 1115], "linking": []}, {"id": 16, "text": "How're we doing? Let us know at", "label": "others", "box": [356, 1309, 992, 1261], "linking": []}, {"id": 17, "text": "ChipotleFeedback.com", "label": "others", "box": [357, 1358, 775, 1311], "linking": []}, {"id": 18, "text": "to win FREE Chipotle for a year!", "label": "others", "box": [358, 1409, 1007, 1362], "linking": []}, {"id": 19, "text": " Unique Code:", "label": "others", "box": [354, 1460, 605, 1413], "linking": []}, {"id": 20, "text": "029 002 100 112 010 186 42", "label": "others", "box": [370, 1560, 910, 1513], "linking": []}, {"id": 21, "text": "For complete rules visit our website.", "label": "others", "box": [345, 1669, 1109, 1617], "linking": []}, {"id": 22, "text": "Subtotal", "label": "others", "box": [340, 1823, 515, 1774], "linking": []}, {"id": 23, "text": "Tax", "label": "others", "box": [343, 1874, 411, 1833], "linking": []}, {"id": 24, "text": "8.95", "label": "sub total", "box": [1129, 1822, 1216, 1778], "linking": []}, {"id": 25, "text": "0.63", "label": "2 tax total", "box": [1127, 1874, 1218, 1828], "linking": []}, {"id": 26, "text": "DINE IN Total", "label": "others", "box": [332, 1989, 611, 1928], "linking": []}, {"id": 27, "text": "CP Card", "label": "others", "box": [330, 2046, 494, 1989], "linking": []}, {"id": 28, "text": "9.58", "label": "others", "box": [1130, 1978, 1219, 1931], "linking": []}, {"id": 29, "text": "9.58", "label": "others", "box": [1131, 2029, 1218, 1984], "linking": []}, {"id": 30, "text": "Authorizing ...", "label": "others", "box": [370, 2101, 668, 2043], "linking": []}, {"id": 31, "text": "Balance Due", "label": "others", "box": [323, 2163, 569, 2097], "linking": []}, {"id": 32, "text": "Order online at chipotle com", "label": "others", "box": [475, 2267, 1081, 2201], "linking": []}, {"id": 33, "text": "9.58", "label": "total amount", "box": [1132, 2140, 1221, 2092], "linking": []}]