[{"id": 0, "text": "merchant name", "label": "others", "box": [140, 117, 372, 95], "linking": []}, {"id": 1, "text": "merchant address", "label": "others", "box": [170, 139, 362, 117], "linking": []}, {"id": 2, "text": "merchant address", "label": "others", "box": [260, 158, 333, 137], "linking": []}, {"id": 3, "text": "merchant address", "label": "others", "box": [247, 178, 336, 158], "linking": []}, {"id": 4, "text": "1051 Tytianna", "label": "others", "box": [162, 218, 291, 193], "linking": []}, {"id": 5, "text": " Nov11'19 12:37P Gst 0", "label": "others", "box": [193, 256, 414, 233], "linking": []}, {"id": 6, "text": "Dine In", "label": "others", "box": [127, 294, 263, 272], "linking": []}, {"id": 7, "text": "Chk 1047", "label": "others", "box": [26, 255, 107, 234], "linking": []}, {"id": 8, "text": "Aquafina", "label": "0 description beginning", "box": [80, 316, 165, 290], "linking": []}, {"id": 9, "text": " 1", "label": "e quantity", "box": [67, 333, 81, 314], "linking": []}, {"id": 10, "text": "3.25", "label": "5 total price per item", "box": [359, 310, 400, 291], "linking": []}, {"id": 11, "text": "5.50", "label": "5 total price per item", "box": [359, 329, 399, 309], "linking": []}, {"id": 12, "text": "3.89", "label": "5 total price per item", "box": [360, 347, 399, 328], "linking": []}, {"id": 13, "text": " Fruit Cup", "label": "0 description beginning", "box": [84, 333, 175, 312], "linking": []}, {"id": 14, "text": "XXXXXXXXXXX3003", "label": "others", "box": [169, 367, 312, 343], "linking": []}, {"id": 15, "text": "Protien Pack", "label": "0 description beginning", "box": [85, 354, 204, 324], "linking": []}, {"id": 16, "text": "Amex", "label": "others", "box": [93, 385, 132, 368], "linking": []}, {"id": 17, "text": "Subtotal", "label": "others", "box": [95, 416, 170, 396], "linking": []}, {"id": 18, "text": "Tax", "label": "others", "box": [96, 435, 127, 414], "linking": []}, {"id": 19, "text": "13.44", "label": "others", "box": [354, 385, 401, 362], "linking": []}, {"id": 20, "text": "12.64", "label": "sub total", "box": [354, 417, 401, 397], "linking": []}, {"id": 21, "text": "0.80", "label": "2 tax total", "box": [360, 436, 399, 417], "linking": []}, {"id": 22, "text": "13.44", "label": "total amount", "box": [354, 455, 401, 436], "linking": []}, {"id": 23, "text": "Payment", "label": "others", "box": [96, 455, 162, 432], "linking": []}, {"id": 24, "text": "Sales Tax", "label": "others", "box": [94, 489, 182, 469], "linking": []}, {"id": 25, "text": "1051 Check Closed-", "label": "others", "box": [145, 509, 309, 489], "linking": []}, {"id": 26, "text": " -Nov11'19 12:37PM-", "label": "others", "box": [148, 529, 310, 507], "linking": []}, {"id": 27, "text": "If we did or did not exceed your", "label": "others", "box": [103, 568, 396, 538], "linking": []}, {"id": 28, "text": " hear from you.", "label": "others", "box": [125, 601, 263, 578], "linking": []}, {"id": 29, "text": "124@hbfcares.com, or text", "label": "others", "box": [139, 640, 366, 611], "linking": []}, {"id": 30, "text": "0.80", "label": "others", "box": [361, 491, 400, 472], "linking": []}, {"id": 31, "text": "expectations, we would like to", "label": "others", "box": [114, 586, 389, 561], "linking": []}, {"id": 32, "text": "800-426-5971 x1021 or email", "label": "others", "box": [128, 622, 374, 595], "linking": []}, {"id": 33, "text": "merchant phone", "label": "others", "box": [195, 656, 307, 633], "linking": []}, {"id": 34, "text": " Please call", "label": "others", "box": [269, 604, 373, 582], "linking": []}]