[{"id": 0, "text": "merchant name", "label": "others", "box": [120, 146, 411, 86], "linking": []}, {"id": 1, "text": "merchant address", "label": "others", "box": [143, 191, 283, 149], "linking": []}, {"id": 2, "text": "merchant phone", "label": "others", "box": [220, 228, 340, 190], "linking": []}, {"id": 3, "text": "merchant address", "label": "others", "box": [70, 159, 275, 108], "linking": []}, {"id": 4, "text": "H3G2B6", "label": "others", "box": [374, 179, 460, 150], "linking": []}, {"id": 5, "text": "QC", "label": "others", "box": [363, 205, 401, 179], "linking": []}, {"id": 6, "text": "QW2360321707", "label": "others", "box": [202, 262, 363, 219], "linking": []}, {"id": 7, "text": "SALE", "label": "others", "box": [248, 367, 348, 332], "linking": []}, {"id": 8, "text": "11-13-2019", "label": "others", "box": [79, 422, 195, 386], "linking": []}, {"id": 9, "text": "Acct # 379060 ***** 3008", "label": "others", "box": [87, 465, 368, 421], "linking": []}, {"id": 10, "text": "Card Type AM", "label": "others", "box": [344, 504, 520, 472], "linking": []}, {"id": 11, "text": " 20:23:42", "label": "others", "box": [431, 442, 510, 413], "linking": []}, {"id": 12, "text": "C", "label": "others", "box": [497, 468, 516, 449], "linking": []}, {"id": 13, "text": "Exp Date 06/20", "label": "others", "box": [85, 494, 285, 454], "linking": []}, {"id": 14, "text": "A000000025010801", "label": "others", "box": [98, 556, 304, 522], "linking": []}, {"id": 15, "text": " Name:", "label": "others", "box": [90, 520, 171, 487], "linking": []}, {"id": 16, "text": "AMERICAN EXPRESS", "label": "others", "box": [100, 590, 355, 553], "linking": []}, {"id": 17, "text": "Trace # 500008", "label": "others", "box": [109, 657, 309, 627], "linking": []}, {"id": 18, "text": "TCC 0124", "label": "others", "box": [114, 689, 241, 660], "linking": []}, {"id": 19, "text": "Inv. # 1110", "label": "others", "box": [117, 722, 253, 694], "linking": []}, {"id": 20, "text": "Auth # 892316", "label": "others", "box": [122, 756, 304, 724], "linking": []}, {"id": 21, "text": "TVR 0000008000", "label": "others", "box": [129, 789, 327, 755], "linking": []}, {"id": 22, "text": "Operator 74", "label": "others", "box": [399, 664, 538, 633], "linking": []}, {"id": 23, "text": "TCD 0124", "label": "others", "box": [430, 690, 541, 665], "linking": []}, {"id": 24, "text": "RRN 001001512", "label": "others", "box": [388, 750, 549, 725], "linking": []}, {"id": 25, "text": "TSI F800", "label": "others", "box": [451, 781, 551, 757], "linking": []}, {"id": 26, "text": "TC A78C8BBB407D2CB1", "label": "others", "box": [130, 823, 416, 785], "linking": []}, {"id": 27, "text": "Sale", "label": "others", "box": [138, 886, 190, 861], "linking": []}, {"id": 28, "text": "Tip", "label": "others", "box": [142, 922, 182, 895], "linking": []}, {"id": 29, "text": "$39.39", "label": "sub total", "box": [498, 873, 562, 846], "linking": []}, {"id": 30, "text": "$5.91", "label": "3 tip", "box": [514, 906, 567, 874], "linking": []}, {"id": 31, "text": "TOTAL", "label": "others", "box": [154, 999, 281, 961], "linking": []}, {"id": 32, "text": "$45.30", "label": "total amount", "box": [467, 978, 575, 945], "linking": []}, {"id": 33, "text": "+++++++++++++++++++++++++", "label": "others", "box": [217, 1101, 540, 1049], "linking": []}, {"id": 34, "text": "+++++++++++++++++++++++++", "label": "others", "box": [225, 1165, 547, 1111], "linking": []}, {"id": 35, "text": "(PIN VERIFIED)", "label": "others", "box": [319, 1219, 477, 1170], "linking": []}, {"id": 36, "text": "00 APPROVED-THANK YOU", "label": "others", "box": [226, 1134, 539, 1078], "linking": []}]