[{"id": 0, "text": "Your order details", "label": "others", "box": [3, 24, 126, 7], "linking": []}, {"id": 1, "text": "Order number", "label": "others", "box": [16, 51, 80, 40], "linking": []}, {"id": 2, "text": "Order date", "label": "others", "box": [16, 66, 68, 54], "linking": []}, {"id": 3, "text": "301-0012882-0954118", "label": "others", "box": [118, 52, 220, 39], "linking": []}, {"id": 4, "text": "Fri 22 November 2019", "label": "others", "box": [115, 66, 219, 55], "linking": []}, {"id": 5, "text": "Amount paid", "label": "others", "box": [388, 52, 446, 39], "linking": []}, {"id": 6, "text": "\u00a388.00", "label": "others", "box": [388, 71, 445, 53], "linking": []}, {"id": 7, "text": "Order number", "label": "others", "box": [14, 116, 82, 102], "linking": []}, {"id": 8, "text": "Order date", "label": "others", "box": [16, 130, 67, 119], "linking": []}, {"id": 9, "text": "301-0012882-0954119", "label": "others", "box": [100, 115, 204, 103], "linking": []}, {"id": 10, "text": "22/11/2019", "label": "others", "box": [100, 129, 152, 119], "linking": []}, {"id": 11, "text": "\u00a388.00", "label": "total amount", "box": [100, 149, 156, 133], "linking": []}, {"id": 12, "text": "Amount", "label": "others", "box": [15, 151, 54, 140], "linking": []}, {"id": 13, "text": "Collect-in-store at \" BRIGHTON\" on Tue 26 November 2019", "label": "others", "box": [17, 193, 317, 180], "linking": []}, {"id": 14, "text": " To see the opening hours of", "label": "others", "box": [18, 207, 147, 194], "linking": []}, {"id": 15, "text": " the store please click here .", "label": "others", "box": [150, 207, 281, 195], "linking": []}, {"id": 16, "text": "merchant address", "label": "others", "box": [17, 241, 275, 227], "linking": []}, {"id": 17, "text": "x", "label": "others", "box": [15, 276, 26, 266], "linking": []}, {"id": 18, "text": "R", "label": "others", "box": [33, 275, 42, 266], "linking": []}, {"id": 19, "text": "Classic Sandwich Selection (30 Pieces)", "label": "0 description beginning", "box": [64, 273, 233, 260], "linking": []}, {"id": 20, "text": "\u20ac18.50", "label": "5 total price per item", "box": [416, 272, 442, 261], "linking": []}, {"id": 21, "text": " Product code:", "label": "0 description beginning", "box": [65, 331, 118, 319], "linking": []}, {"id": 22, "text": " 00879208| Qty:", "label": "0 description beginning", "box": [120, 331, 183, 319], "linking": []}, {"id": 23, "text": " 1", "label": "e quantity", "box": [185, 332, 192, 319], "linking": []}, {"id": 24, "text": ".................................................................................", "label": "others", "box": [359, 512, 367, 403], "linking": []}, {"id": 25, "text": "........................................................................................", "label": "others", "box": [359, 662, 368, 553], "linking": []}, {"id": 26, "text": ".................................", "label": "others", "box": [358, 757, 367, 702], "linking": []}, {"id": 27, "text": "Afternoon Tea Sandwich Fingers (20 Pieces)", "label": "0 description beginning", "box": [63, 423, 255, 410], "linking": []}, {"id": 28, "text": "\u00a317.00", "label": "5 total price per item", "box": [416, 421, 445, 411], "linking": []}, {"id": 29, "text": "9", "label": "others", "box": [32, 452, 43, 443], "linking": []}, {"id": 30, "text": " Product code:", "label": "0 description beginning", "box": [64, 481, 118, 469], "linking": []}, {"id": 31, "text": " 00687715| Qty:", "label": "0 description beginning", "box": [120, 481, 182, 469], "linking": []}, {"id": 32, "text": " 1", "label": "e quantity", "box": [185, 482, 191, 469], "linking": []}, {"id": 33, "text": "...........", "label": "others", "box": [4, 529, 28, 521], "linking": []}, {"id": 34, "text": "............................................", "label": "others", "box": [379, 529, 458, 520], "linking": []}, {"id": 35, "text": "x", "label": "others", "box": [14, 576, 25, 566], "linking": []}, {"id": 36, "text": "Vegetarian Sandwich & Wrap Selection (20 Pieces)", "label": "0 description beginning", "box": [62, 573, 282, 560], "linking": []}, {"id": 37, "text": "\u20ac12.50", "label": "5 total price per item", "box": [415, 571, 445, 561], "linking": []}, {"id": 38, "text": " Product code:", "label": "0 description beginning", "box": [63, 631, 117, 619], "linking": []}, {"id": 39, "text": " 00179720| Qty:", "label": "0 description beginning", "box": [120, 632, 182, 618], "linking": []}, {"id": 40, "text": " 1", "label": "e quantity", "box": [185, 632, 192, 618], "linking": []}, {"id": 41, "text": "X", "label": "others", "box": [15, 726, 27, 715], "linking": []}, {"id": 42, "text": "Mini Fresh Fruit Kebabs (16 Pieces)", "label": "5 total price per item", "box": [64, 722, 219, 710], "linking": []}, {"id": 43, "text": "\u00a310.00", "label": "5 total price per item", "box": [415, 721, 445, 711], "linking": []}]