[{"id": 0, "text": "merchant name", "label": "others", "box": [117, 167, 389, 140], "linking": []}, {"id": 1, "text": "merchant address", "label": "others", "box": [128, 199, 246, 172], "linking": []}, {"id": 2, "text": " 20211061", "label": "others", "box": [100, 230, 196, 204], "linking": []}, {"id": 3, "text": " NOV 20, 2019 21:40", "label": "others", "box": [36, 260, 241, 236], "linking": []}, {"id": 4, "text": " ROC#:000856", "label": "others", "box": [37, 291, 162, 265], "linking": []}, {"id": 5, "text": "************ 1002 - (C)", "label": "others", "box": [38, 323, 288, 297], "linking": []}, {"id": 6, "text": "AMERICAN EXPRESS", "label": "others", "box": [38, 352, 221, 325], "linking": []}, {"id": 7, "text": "A000000025010801", "label": "others", "box": [40, 380, 223, 356], "linking": []}, {"id": 8, "text": "merchant phone", "label": "others", "box": [251, 199, 377, 173], "linking": []}, {"id": 9, "text": " 9360176060", "label": "others", "box": [353, 230, 483, 201], "linking": []}, {"id": 10, "text": " 856181", "label": "others", "box": [401, 262, 482, 235], "linking": []}, {"id": 11, "text": " 000283", "label": "others", "box": [403, 292, 482, 267], "linking": []}, {"id": 12, "text": " TERM#:", "label": "others", "box": [35, 229, 96, 204], "linking": []}, {"id": 13, "text": " MERCH#:", "label": "others", "box": [272, 232, 348, 204], "linking": []}, {"id": 14, "text": " APPROVAL:", "label": "others", "box": [295, 263, 396, 236], "linking": []}, {"id": 15, "text": " BATCH#:", "label": "others", "box": [320, 292, 399, 268], "linking": []}, {"id": 16, "text": "SALE", "label": "others", "box": [234, 445, 284, 420], "linking": []}, {"id": 17, "text": ">FOOD AND BEVERAGE", "label": "others", "box": [54, 505, 262, 473], "linking": []}, {"id": 18, "text": "000283", "label": "others", "box": [280, 513, 364, 482], "linking": []}, {"id": 19, "text": " BASE AMOUNT", "label": "others", "box": [44, 563, 161, 534], "linking": []}, {"id": 20, "text": " :", "label": "others", "box": [163, 564, 176, 539], "linking": []}, {"id": 21, "text": "USD 24.23", "label": "sub total", "box": [372, 591, 491, 552], "linking": []}, {"id": 22, "text": " TIP AMOUNT", "label": "others", "box": [45, 622, 153, 592], "linking": []}, {"id": 23, "text": " :", "label": "others", "box": [155, 623, 168, 599], "linking": []}, {"id": 24, "text": " TOTAL", "label": "others", "box": [49, 678, 95, 653], "linking": []}, {"id": 25, "text": " :", "label": "others", "box": [100, 678, 110, 654], "linking": []}, {"id": 26, "text": "TC - DBA677B84791091F", "label": "others", "box": [49, 757, 286, 712], "linking": []}, {"id": 27, "text": "CUSTOMER COPY", "label": "others", "box": [184, 822, 340, 782], "linking": []}]