[{"id": 0, "text": "merchant name", "label": "others", "box": [66, 128, 205, 106], "linking": []}, {"id": 1, "text": "merchant address", "label": "others", "box": [72, 159, 198, 137], "linking": []}, {"id": 2, "text": "merchant address", "label": "others", "box": [97, 141, 174, 123], "linking": []}, {"id": 3, "text": "merchant phone", "label": "others", "box": [96, 173, 182, 155], "linking": []}, {"id": 4, "text": "25", "label": "others", "box": [118, 218, 142, 201], "linking": []}, {"id": 5, "text": " Host:", "label": "others", "box": [12, 269, 44, 255], "linking": []}, {"id": 6, "text": "25", "label": "others", "box": [12, 282, 26, 268], "linking": []}, {"id": 7, "text": " DERRICK", "label": "others", "box": [46, 268, 91, 254], "linking": []}, {"id": 8, "text": "11/18/2019", "label": "others", "box": [201, 264, 263, 249], "linking": []}, {"id": 9, "text": " 4:58 PM", "label": "others", "box": [220, 279, 263, 266], "linking": []}, {"id": 10, "text": "60006", "label": "others", "box": [231, 293, 262, 281], "linking": []}, {"id": 11, "text": "Water", "label": "0 description beginning", "box": [12, 405, 44, 392], "linking": []}, {"id": 12, "text": "Btl Water", "label": "1 description inside", "box": [24, 421, 78, 408], "linking": []}, {"id": 13, "text": "Premium Beer", "label": "0 description beginning", "box": [11, 437, 83, 423], "linking": []}, {"id": 14, "text": "0.00", "label": "5 total price per item", "box": [235, 404, 262, 390], "linking": []}, {"id": 15, "text": "1.59", "label": "5 total price per item", "box": [236, 420, 261, 405], "linking": []}, {"id": 16, "text": "5.00", "label": "5 total price per item", "box": [235, 433, 260, 421], "linking": []}, {"id": 17, "text": "GET A FREE LARGE FRY", "label": "others", "box": [11, 495, 130, 481], "linking": []}, {"id": 18, "text": "with your next purchase!", "label": "others", "box": [10, 510, 154, 496], "linking": []}, {"id": 19, "text": "We value your opinion. Please visit", "label": "others", "box": [10, 524, 218, 507], "linking": []}, {"id": 20, "text": "www.portillos.com/survey and", "label": "others", "box": [10, 540, 177, 524], "linking": []}, {"id": 21, "text": "tell us about your experience.", "label": "others", "box": [12, 555, 188, 540], "linking": []}, {"id": 22, "text": " Enter this code to start the survey:", "label": "others", "box": [12, 571, 224, 556], "linking": []}, {"id": 23, "text": "| 060 001 600 180 110 068 80 |", "label": "others", "box": [12, 602, 190, 586], "linking": []}, {"id": 24, "text": "You will be provided a validation", "label": "others", "box": [12, 632, 208, 616], "linking": []}, {"id": 25, "text": "code upon survey completion.", "label": "others", "box": [13, 647, 176, 632], "linking": []}, {"id": 26, "text": "To redeem offer, write the code", "label": "others", "box": [12, 662, 196, 648], "linking": []}, {"id": 27, "text": "in the space provided below", "label": "others", "box": [13, 677, 172, 662], "linking": []}, {"id": 28, "text": "and bring this receipt back", "label": "others", "box": [12, 693, 171, 677], "linking": []}, {"id": 29, "text": "to redeem in-store or place order", "label": "others", "box": [12, 708, 207, 693], "linking": []}, {"id": 30, "text": "online, add large fry to your order,", "label": "others", "box": [12, 724, 224, 708], "linking": []}, {"id": 31, "text": "enter validation code at checkout.", "label": "others", "box": [12, 738, 214, 723], "linking": []}, {"id": 32, "text": " Validation Code:", "label": "others", "box": [13, 753, 107, 739], "linking": []}, {"id": 33, "text": "OFFER NOT VALID WITHOUT CODE.", "label": "others", "box": [11, 783, 181, 768], "linking": []}, {"id": 34, "text": "Subtotal", "label": "others", "box": [13, 858, 60, 844], "linking": []}, {"id": 35, "text": "Tax", "label": "others", "box": [11, 873, 31, 861], "linking": []}, {"id": 36, "text": "6.59", "label": "sub total", "box": [236, 857, 261, 842], "linking": []}, {"id": 37, "text": "0.50", "label": "2 tax total", "box": [234, 871, 262, 857], "linking": []}, {"id": 38, "text": "PHONE Total", "label": "others", "box": [12, 904, 79, 889], "linking": []}, {"id": 39, "text": "7.09", "label": "total amount", "box": [236, 903, 263, 888], "linking": []}, {"id": 40, "text": "Balance Due", "label": "others", "box": [13, 936, 143, 919], "linking": []}, {"id": 41, "text": "7.09", "label": "others", "box": [214, 934, 263, 919], "linking": []}, {"id": 42, "text": "Portillo's Now Delivers!", "label": "others", "box": [66, 981, 210, 967], "linking": []}, {"id": 43, "text": "Order at portillos.com", "label": "others", "box": [73, 997, 206, 982], "linking": []}, {"id": 44, "text": "or download the app.", "label": "others", "box": [79, 1013, 200, 999], "linking": []}]