[{"id": 0, "text": "merchant name", "label": "others", "box": [313, 249, 905, 212], "linking": []}, {"id": 1, "text": "merchant address", "label": "others", "box": [210, 299, 1089, 249], "linking": []}, {"id": 2, "text": " 27AAQFG0888A1ZA", "label": "others", "box": [807, 346, 1189, 298], "linking": []}, {"id": 3, "text": "merchant phone", "label": "others", "box": [506, 401, 840, 352], "linking": []}, {"id": 4, "text": "merchant name", "label": "others", "box": [920, 243, 1053, 209], "linking": []}, {"id": 5, "text": " VAT:", "label": "others", "box": [178, 350, 293, 305], "linking": []}, {"id": 6, "text": " 27661483006V / GST:", "label": "others", "box": [300, 350, 799, 301], "linking": []}, {"id": 7, "text": " BillNo", "label": "others", "box": [132, 518, 312, 469], "linking": []}, {"id": 8, "text": " : L14 Covers", "label": "others", "box": [286, 586, 647, 520], "linking": []}, {"id": 9, "text": " : F11448", "label": "others", "box": [322, 517, 538, 465], "linking": []}, {"id": 10, "text": " Date", "label": "others", "box": [604, 515, 727, 466], "linking": []}, {"id": 11, "text": " : 21-11-2019 18:31 PM", "label": "others", "box": [737, 515, 1280, 464], "linking": []}, {"id": 12, "text": " : 2 Waiter", "label": "others", "box": [659, 584, 933, 520], "linking": []}, {"id": 13, "text": " Table", "label": "others", "box": [125, 586, 275, 522], "linking": []}, {"id": 14, "text": " : Waiter", "label": "others", "box": [945, 584, 1152, 520], "linking": []}, {"id": 15, "text": "Item", "label": "others", "box": [127, 703, 235, 653], "linking": []}, {"id": 16, "text": " Qty", "label": "others", "box": [766, 707, 875, 644], "linking": []}, {"id": 17, "text": " Rate", "label": "others", "box": [890, 707, 1003, 644], "linking": []}, {"id": 18, "text": "Amount", "label": "others", "box": [1105, 699, 1267, 647], "linking": []}, {"id": 19, "text": "*Food*", "label": "others", "box": [119, 832, 288, 780], "linking": []}, {"id": 20, "text": "Grilled Chicken Salad", "label": "0 description beginning", "box": [112, 900, 701, 839], "linking": []}, {"id": 21, "text": "Parmesan Puffs", "label": "0 description beginning", "box": [106, 967, 508, 907], "linking": []}, {"id": 22, "text": "1.0", "label": "e quantity", "box": [771, 899, 860, 837], "linking": []}, {"id": 23, "text": "1.0", "label": "e quantity", "box": [778, 957, 858, 905], "linking": []}, {"id": 24, "text": "410.0", "label": "unit price", "box": [932, 888, 1072, 835], "linking": []}, {"id": 25, "text": "395.0", "label": "unit price", "box": [929, 953, 1075, 900], "linking": []}, {"id": 26, "text": "410.00", "label": "5 total price per item", "box": [1147, 885, 1305, 832], "linking": []}, {"id": 27, "text": "395.00", "label": "5 total price per item", "box": [1147, 948, 1317, 896], "linking": []}, {"id": 28, "text": "SubTotal", "label": "others", "box": [803, 1093, 1043, 1028], "linking": []}, {"id": 29, "text": "SC 10.00 %", "label": "others", "box": [746, 1166, 1047, 1098], "linking": []}, {"id": 30, "text": " 2.50 %", "label": "others", "box": [856, 1232, 1045, 1174], "linking": []}, {"id": 31, "text": " 2.50 %", "label": "others", "box": [858, 1306, 1055, 1239], "linking": []}, {"id": 32, "text": " Total", "label": "others", "box": [895, 1375, 1048, 1315], "linking": []}, {"id": 33, "text": "805.00", "label": "sub total", "box": [1153, 1085, 1322, 1028], "linking": []}, {"id": 34, "text": "80.50", "label": "others", "box": [1184, 1153, 1322, 1097], "linking": []}, {"id": 35, "text": "22.15", "label": "2 tax total", "box": [1189, 1223, 1329, 1166], "linking": []}, {"id": 36, "text": "22.15", "label": "2 tax total", "box": [1188, 1297, 1333, 1233], "linking": []}, {"id": 37, "text": "929.80", "label": "total amount", "box": [1161, 1368, 1337, 1302], "linking": []}, {"id": 38, "text": " SGST", "label": "others", "box": [690, 1234, 831, 1175], "linking": []}, {"id": 39, "text": " CGST", "label": "others", "box": [691, 1309, 837, 1242], "linking": []}, {"id": 40, "text": " :", "label": "others", "box": [1058, 1370, 1091, 1314], "linking": []}, {"id": 41, "text": " Total (RS)", "label": "others", "box": [117, 1551, 573, 1481], "linking": []}, {"id": 42, "text": " :", "label": "others", "box": [596, 1535, 640, 1481], "linking": []}, {"id": 43, "text": "930", "label": "total amount", "box": [726, 1525, 853, 1474], "linking": []}]