[{"id": 0, "text": "merchant name", "label": "others", "box": [406, 167, 651, 136], "linking": []}, {"id": 1, "text": "merchant name", "label": "others", "box": [218, 191, 328, 160], "linking": []}, {"id": 2, "text": "merchant name", "label": "others", "box": [333, 202, 858, 163], "linking": []}, {"id": 3, "text": "merchant address", "label": "others", "box": [279, 260, 772, 225], "linking": []}, {"id": 4, "text": "merchant phone", "label": "others", "box": [275, 292, 733, 258], "linking": []}, {"id": 5, "text": "Order No", "label": "others", "box": [171, 327, 316, 294], "linking": []}, {"id": 6, "text": "merchant address", "label": "others", "box": [385, 227, 686, 195], "linking": []}, {"id": 7, "text": " : 000085373", "label": "others", "box": [364, 328, 563, 294], "linking": []}, {"id": 8, "text": "-HOW", "label": "others", "box": [785, 380, 951, 319], "linking": []}, {"id": 9, "text": "pibal", "label": "others", "box": [811, 438, 942, 389], "linking": []}, {"id": 10, "text": " BILL NO", "label": "others", "box": [167, 406, 301, 372], "linking": []}, {"id": 11, "text": "DATE AND TIME", "label": "others", "box": [163, 444, 399, 410], "linking": []}, {"id": 12, "text": " 21/10/2019 8:35 AM", "label": "others", "box": [161, 486, 486, 448], "linking": []}, {"id": 13, "text": " :DIPENDU DEY", "label": "others", "box": [302, 524, 519, 488], "linking": []}, {"id": 14, "text": " : 103274100085037", "label": "others", "box": [307, 405, 610, 372], "linking": []}, {"id": 15, "text": "PAX", "label": "others", "box": [534, 441, 595, 410], "linking": []}, {"id": 16, "text": "1", "label": "others", "box": [530, 480, 553, 452], "linking": []}, {"id": 17, "text": " CASHIER", "label": "others", "box": [158, 526, 296, 490], "linking": []}, {"id": 18, "text": "Qty Menu Item", "label": "others", "box": [209, 607, 448, 568], "linking": []}, {"id": 19, "text": "Rate", "label": "others", "box": [619, 600, 700, 568], "linking": []}, {"id": 20, "text": "Amount", "label": "others", "box": [743, 602, 857, 567], "linking": []}, {"id": 21, "text": " SAC/HSN Code:", "label": "others", "box": [152, 690, 394, 653], "linking": []}, {"id": 22, "text": " 1", "label": "e quantity", "box": [241, 731, 267, 695], "linking": []}, {"id": 23, "text": " 996331", "label": "others", "box": [400, 688, 510, 651], "linking": []}, {"id": 24, "text": " CHICKEN JUNGLEE", "label": "0 description beginning", "box": [274, 730, 553, 695], "linking": []}, {"id": 25, "text": "SANDWICH", "label": "1 description inside", "box": [277, 772, 427, 736], "linking": []}, {"id": 26, "text": " CHEESE", "label": "0 description beginning", "box": [271, 815, 390, 779], "linking": []}, {"id": 27, "text": " THE ORIGINAL ANAR", "label": "0 description beginning", "box": [275, 859, 591, 823], "linking": []}, {"id": 28, "text": "SHIKANJI 200ML", "label": "1 description inside", "box": [275, 902, 534, 864], "linking": []}, {"id": 29, "text": " 00.20 1", "label": "e quantity", "box": [103, 814, 264, 773], "linking": []}, {"id": 30, "text": " 1", "label": "e quantity", "box": [238, 859, 269, 823], "linking": []}, {"id": 31, "text": "200.00", "label": "unit price", "box": [602, 771, 723, 737], "linking": []}, {"id": 32, "text": "28.57", "label": "unit price", "box": [616, 814, 720, 779], "linking": []}, {"id": 33, "text": "200.00", "label": "5 total price per item", "box": [740, 771, 861, 737], "linking": []}, {"id": 34, "text": "28.57", "label": "5 total price per item", "box": [760, 814, 856, 780], "linking": []}, {"id": 35, "text": "mos", "label": "others", "box": [139, 878, 252, 842], "linking": []}, {"id": 36, "text": "95.24", "label": "unit price", "box": [620, 899, 714, 864], "linking": []}, {"id": 37, "text": "95.24", "label": "5 total price per item", "box": [762, 898, 859, 864], "linking": []}, {"id": 38, "text": "Total", "label": "others", "box": [279, 983, 369, 948], "linking": []}, {"id": 39, "text": "323.81", "label": "sub total", "box": [746, 979, 851, 944], "linking": []}, {"id": 40, "text": "CGST @ 2.5%", "label": "others", "box": [270, 1038, 477, 1011], "linking": []}, {"id": 41, "text": "SGST @ 2.5%", "label": "others", "box": [262, 1068, 475, 1038], "linking": []}, {"id": 42, "text": "8.10", "label": "2 tax total", "box": [787, 1038, 863, 1012], "linking": []}, {"id": 43, "text": "8.10", "label": "2 tax total", "box": [788, 1064, 869, 1032], "linking": []}, {"id": 44, "text": "no12 Grand Total", "label": "others", "box": [125, 1141, 471, 1104], "linking": []}, {"id": 45, "text": "810.00", "label": "others", "box": [128, 1204, 340, 1152], "linking": []}, {"id": 46, "text": " :- 19AAECT8193LIZJ", "label": "others", "box": [171, 1270, 508, 1223], "linking": []}, {"id": 47, "text": "340.00", "label": "total amount", "box": [753, 1128, 869, 1097], "linking": []}, {"id": 48, "text": "OW", "label": "others", "box": [873, 1195, 971, 1122], "linking": []}, {"id": 49, "text": "oibail", "label": "others", "box": [838, 1262, 969, 1203], "linking": []}, {"id": 50, "text": " GST", "label": "others", "box": [115, 1271, 165, 1232], "linking": []}, {"id": 51, "text": "Thank You ....... Visit Again", "label": "others", "box": [114, 1317, 648, 1266], "linking": []}, {"id": 52, "text": "For Feedback/Comments Write on", "label": "others", "box": [108, 1364, 709, 1313], "linking": []}, {"id": 53, "text": "customerservice@travelfoodservices.com", "label": "others", "box": [106, 1413, 870, 1357], "linking": []}, {"id": 54, "text": "E & O E", "label": "others", "box": [105, 1462, 252, 1417], "linking": []}, {"id": 55, "text": "Signature", "label": "others", "box": [582, 1601, 771, 1547], "linking": []}, {"id": 56, "text": " Credit Card", "label": "others", "box": [103, 1708, 339, 1661], "linking": []}, {"id": 57, "text": ".......", "label": "others", "box": [104, 1742, 152, 1728], "linking": []}, {"id": 58, "text": " : AMEX", "label": "others", "box": [346, 1701, 477, 1658], "linking": []}]