[{"id": 0, "text": "merchant name", "label": "others", "box": [231, 164, 434, 143], "linking": []}, {"id": 1, "text": "merchant address", "label": "others", "box": [279, 181, 356, 163], "linking": []}, {"id": 2, "text": "401.1", "label": "others", "box": [296, 197, 349, 181], "linking": []}, {"id": 3, "text": "43/ADRIAN", "label": "others", "box": [294, 216, 382, 198], "linking": []}, {"id": 4, "text": "4701", "label": "others", "box": [295, 235, 333, 218], "linking": []}, {"id": 5, "text": "merchant name", "label": "others", "box": [273, 257, 345, 238], "linking": []}, {"id": 6, "text": "merchant address", "label": "others", "box": [239, 275, 427, 255], "linking": []}, {"id": 7, "text": "merchant address", "label": "others", "box": [356, 294, 407, 274], "linking": []}, {"id": 8, "text": "merchant phone", "label": "others", "box": [263, 316, 397, 295], "linking": []}, {"id": 9, "text": "merchant address", "label": "others", "box": [359, 181, 380, 163], "linking": []}, {"id": 10, "text": "TABLE#", "label": "others", "box": [188, 201, 247, 184], "linking": []}, {"id": 11, "text": "SERVER", "label": "others", "box": [186, 220, 244, 203], "linking": []}, {"id": 12, "text": "CHECK#", "label": "others", "box": [185, 240, 239, 221], "linking": []}, {"id": 13, "text": "merchant name", "label": "others", "box": [240, 257, 270, 239], "linking": []}, {"id": 14, "text": "merchant name", "label": "others", "box": [348, 256, 366, 237], "linking": []}, {"id": 15, "text": "merchant name", "label": "others", "box": [376, 256, 424, 236], "linking": []}, {"id": 16, "text": "merchant address", "label": "others", "box": [254, 297, 353, 275], "linking": []}, {"id": 17, "text": "****** TRANSACTION RECORD ******", "label": "others", "box": [172, 358, 484, 336], "linking": []}, {"id": 18, "text": " Table", "label": "others", "box": [336, 378, 390, 357], "linking": []}, {"id": 19, "text": " Employee", "label": "others", "box": [335, 400, 419, 378], "linking": []}, {"id": 20, "text": " Tran.", "label": "others", "box": [173, 381, 226, 361], "linking": []}, {"id": 21, "text": " Check", "label": "others", "box": [171, 402, 225, 382], "linking": []}, {"id": 22, "text": " Trace", "label": "others", "box": [170, 424, 223, 404], "linking": []}, {"id": 23, "text": " : 18824", "label": "others", "box": [229, 380, 300, 359], "linking": []}, {"id": 24, "text": " : 4701", "label": "others", "box": [228, 401, 288, 381], "linking": []}, {"id": 25, "text": " : 036985", "label": "others", "box": [226, 424, 309, 402], "linking": []}, {"id": 26, "text": " : 401.1", "label": "others", "box": [394, 377, 464, 355], "linking": []}, {"id": 27, "text": " : 43", "label": "others", "box": [423, 399, 467, 376], "linking": []}, {"id": 28, "text": "Pre-Auth Purchase", "label": "others", "box": [163, 470, 336, 447], "linking": []}, {"id": 29, "text": "American Express xxxxxxxxxxx3007", "label": "others", "box": [161, 493, 485, 468], "linking": []}, {"id": 30, "text": "FSwipe", "label": "others", "box": [424, 512, 486, 491], "linking": []}, {"id": 31, "text": "APPROVED", "label": "others", "box": [159, 515, 244, 494], "linking": []}, {"id": 32, "text": "Amount", "label": "others", "box": [239, 561, 302, 541], "linking": []}, {"id": 33, "text": "$18.93", "label": "sub total", "box": [423, 561, 487, 537], "linking": []}, {"id": 34, "text": "Tip $", "label": "others", "box": [267, 636, 324, 611], "linking": []}, {"id": 35, "text": "4 -", "label": "3 tip", "box": [428, 627, 478, 597], "linking": []}, {"id": 36, "text": "TOTAL $", "label": "others", "box": [240, 712, 318, 688], "linking": []}, {"id": 37, "text": "22.93", "label": "total amount", "box": [383, 714, 483, 664], "linking": []}, {"id": 38, "text": "I agree to pay the above total", "label": "others", "box": [145, 768, 478, 738], "linking": []}, {"id": 39, "text": "amount according to the card", "label": "others", "box": [152, 795, 472, 768], "linking": []}, {"id": 40, "text": "X", "label": "others", "box": [118, 908, 138, 885], "linking": []}, {"id": 41, "text": "Cardholder Signature", "label": "others", "box": [187, 940, 427, 913], "linking": []}, {"id": 42, "text": " RRN:", "label": "others", "box": [111, 1003, 163, 975], "linking": []}, {"id": 43, "text": " Auth.", "label": "others", "box": [108, 1035, 178, 1007], "linking": []}, {"id": 44, "text": "21/TGIF2647CC04", "label": "others", "box": [104, 1068, 296, 1038], "linking": []}, {"id": 45, "text": "00 (001)", "label": "others", "box": [103, 1102, 206, 1071], "linking": []}, {"id": 46, "text": "11/05/2019", "label": "others", "box": [103, 1136, 230, 1105], "linking": []}, {"id": 47, "text": " 000000019534 S", "label": "others", "box": [169, 1002, 344, 974], "linking": []}, {"id": 48, "text": " : 541877", "label": "others", "box": [183, 1035, 280, 1006], "linking": []}, {"id": 49, "text": " Mode:", "label": "others", "box": [312, 1033, 382, 1006], "linking": []}, {"id": 50, "text": " Issuer", "label": "others", "box": [386, 1034, 462, 1006], "linking": []}, {"id": 51, "text": " 7:17:55 PM", "label": "others", "box": [378, 1139, 504, 1098], "linking": []}]