[{"id": 0, "text": "merchant name", "label": "others", "box": [193, 66, 265, 53], "linking": []}, {"id": 1, "text": "merchant address", "label": "others", "box": [124, 80, 328, 62], "linking": []}, {"id": 2, "text": " ID", "label": "others", "box": [181, 105, 194, 92], "linking": []}, {"id": 3, "text": " ID", "label": "others", "box": [180, 117, 195, 104], "linking": []}, {"id": 4, "text": " Merchant", "label": "others", "box": [118, 105, 178, 93], "linking": []}, {"id": 5, "text": " Terminal", "label": "others", "box": [118, 117, 178, 105], "linking": []}, {"id": 6, "text": "Check No", "label": "others", "box": [118, 129, 174, 117], "linking": []}, {"id": 7, "text": "Table No", "label": "others", "box": [119, 141, 174, 130], "linking": []}, {"id": 8, "text": "Server", "label": "others", "box": [118, 154, 159, 143], "linking": []}, {"id": 9, "text": " Name on Card:", "label": "others", "box": [118, 167, 212, 153], "linking": []}, {"id": 10, "text": " Num", "label": "others", "box": [152, 178, 175, 167], "linking": []}, {"id": 11, "text": "Expiry Date", "label": "others", "box": [116, 191, 194, 178], "linking": []}, {"id": 12, "text": "Card Type", "label": "others", "box": [117, 203, 180, 192], "linking": []}, {"id": 13, "text": "Trans Type", "label": "others", "box": [117, 216, 192, 204], "linking": []}, {"id": 14, "text": "Trans Date", "label": "others", "box": [117, 229, 186, 216], "linking": []}, {"id": 15, "text": "Tine", "label": "others", "box": [158, 240, 187, 229], "linking": []}, {"id": 16, "text": " Mode", "label": "others", "box": [158, 254, 187, 243], "linking": []}, {"id": 17, "text": "Auth Code", "label": "others", "box": [117, 266, 183, 255], "linking": []}, {"id": 18, "text": "Resp Code", "label": "others", "box": [117, 280, 181, 268], "linking": []}, {"id": 19, "text": "Mode", "label": "others", "box": [116, 292, 146, 281], "linking": []}, {"id": 20, "text": "App Label", "label": "others", "box": [116, 305, 182, 292], "linking": []}, {"id": 21, "text": "AID", "label": "others", "box": [117, 317, 138, 306], "linking": []}, {"id": 22, "text": "ARC", "label": "others", "box": [117, 330, 138, 319], "linking": []}, {"id": 23, "text": "WR", "label": "others", "box": [116, 343, 138, 332], "linking": []}, {"id": 24, "text": "TSI", "label": "others", "box": [117, 355, 137, 343], "linking": []}, {"id": 25, "text": "TAD", "label": "others", "box": [117, 368, 138, 357], "linking": []}, {"id": 26, "text": "336012", "label": "others", "box": [215, 116, 257, 103], "linking": []}, {"id": 27, "text": "7171", "label": "others", "box": [216, 128, 241, 116], "linking": []}, {"id": 28, "text": "504/1", "label": "others", "box": [212, 140, 250, 127], "linking": []}, {"id": 29, "text": " **", "label": "others", "box": [214, 188, 226, 177], "linking": []}, {"id": 30, "text": "AMEX", "label": "others", "box": [214, 200, 244, 188], "linking": []}, {"id": 31, "text": "AUTHORIZE", "label": "others", "box": [215, 214, 279, 199], "linking": []}, {"id": 32, "text": "11/7/2019", "label": "others", "box": [216, 227, 278, 213], "linking": []}, {"id": 33, "text": " 8:38 PM", "label": "others", "box": [214, 240, 266, 227], "linking": []}, {"id": 34, "text": "Chip", "label": "others", "box": [215, 252, 244, 241], "linking": []}, {"id": 35, "text": "888032", "label": "others", "box": [215, 265, 258, 253], "linking": []}, {"id": 36, "text": "00", "label": "others", "box": [215, 277, 229, 266], "linking": []}, {"id": 37, "text": "Issuer", "label": "others", "box": [215, 290, 258, 279], "linking": []}, {"id": 38, "text": "AMERICAN EXPRESS", "label": "others", "box": [212, 304, 333, 289], "linking": []}, {"id": 39, "text": "A000000025010801", "label": "others", "box": [215, 316, 330, 303], "linking": []}, {"id": 40, "text": "00", "label": "others", "box": [215, 328, 229, 317], "linking": []}, {"id": 41, "text": "0000008000", "label": "others", "box": [213, 342, 287, 329], "linking": []}, {"id": 42, "text": "F800", "label": "others", "box": [215, 355, 244, 343], "linking": []}, {"id": 43, "text": "06590103002002", "label": "others", "box": [211, 369, 318, 356], "linking": []}, {"id": 44, "text": "197736 Olivia", "label": "others", "box": [216, 152, 306, 137], "linking": []}, {"id": 45, "text": "XXXXXXXXXXXX1009", "label": "others", "box": [212, 176, 330, 158], "linking": []}, {"id": 46, "text": " Acct", "label": "others", "box": [118, 178, 149, 168], "linking": []}, {"id": 47, "text": " /", "label": "others", "box": [228, 188, 233, 177], "linking": []}, {"id": 48, "text": " **", "label": "others", "box": [235, 188, 250, 177], "linking": []}, {"id": 49, "text": "Trans", "label": "others", "box": [119, 240, 154, 230], "linking": []}, {"id": 50, "text": " Entry", "label": "others", "box": [118, 254, 155, 243], "linking": []}, {"id": 51, "text": "00", "label": "others", "box": [114, 434, 130, 423], "linking": []}, {"id": 52, "text": " APPROVED - THANK", "label": "others", "box": [159, 437, 277, 423], "linking": []}, {"id": 53, "text": " YOU", "label": "others", "box": [281, 438, 305, 423], "linking": []}, {"id": 54, "text": "000", "label": "others", "box": [324, 437, 350, 424], "linking": []}, {"id": 55, "text": "SUBTOTAL", "label": "others", "box": [112, 504, 171, 490], "linking": []}, {"id": 56, "text": " : USDS", "label": "others", "box": [200, 506, 248, 493], "linking": []}, {"id": 57, "text": "Gratuity", "label": "others", "box": [113, 531, 182, 516], "linking": []}, {"id": 58, "text": "Total", "label": "others", "box": [112, 558, 150, 544], "linking": []}, {"id": 59, "text": "35. 98", "label": "total amount", "box": [214, 601, 332, 563], "linking": []}, {"id": 60, "text": "Signature", "label": "others", "box": [191, 620, 262, 604], "linking": []}, {"id": 61, "text": " to pay total amount", "label": "others", "box": [169, 637, 319, 618], "linking": []}, {"id": 62, "text": " I", "label": "others", "box": [111, 630, 123, 616], "linking": []}, {"id": 63, "text": " Agree", "label": "others", "box": [125, 631, 167, 617], "linking": []}]