[{"id": 0, "text": "merchant name", "label": "others", "box": [1531, 75, 1777, 27], "linking": []}, {"id": 1, "text": "General Manager", "label": "others", "box": [1513, 139, 1781, 96], "linking": []}, {"id": 2, "text": "We Love Your Feedback!", "label": "others", "box": [1455, 211, 1841, 166], "linking": []}, {"id": 3, "text": "Matthew Frayser", "label": "others", "box": [1508, 104, 1785, 62], "linking": []}, {"id": 4, "text": "merchant phone", "label": "others", "box": [1536, 174, 1772, 131], "linking": []}, {"id": 5, "text": "Text @LF 11479 to 73940", "label": "others", "box": [1453, 248, 1859, 203], "linking": []}, {"id": 6, "text": "USD", "label": "others", "box": [1969, 306, 2031, 273], "linking": []}, {"id": 7, "text": "2.85", "label": "5 total price per item", "box": [1960, 348, 2034, 315], "linking": []}, {"id": 8, "text": "1.30", "label": "5 total price per item", "box": [1959, 387, 2044, 353], "linking": []}, {"id": 9, "text": "Coup", "label": "0 description beginning", "box": [1313, 362, 1388, 328], "linking": []}, {"id": 10, "text": " Chip Lays Classle", "label": "0 description beginning", "box": [1306, 400, 1617, 360], "linking": []}, {"id": 11, "text": " Chip Lays Classic", "label": "0 description beginning", "box": [1301, 439, 1618, 399], "linking": []}, {"id": 12, "text": "1207", "label": "1 description inside", "box": [1420, 360, 1499, 324], "linking": []}, {"id": 13, "text": " 1", "label": "e quantity", "box": [1623, 400, 1646, 360], "linking": []}, {"id": 14, "text": " 1", "label": "e quantity", "box": [1624, 437, 1647, 398], "linking": []}, {"id": 15, "text": "Minute Maid Lemonade", "label": "0 description beginning", "box": [1303, 474, 1661, 435], "linking": []}, {"id": 16, "text": "0.35 lb x $ 7.68/15", "label": "0 description beginning", "box": [1302, 513, 1646, 472], "linking": []}, {"id": 17, "text": "Large Clamshell", "label": "1 description inside", "box": [1305, 556, 1586, 512], "linking": []}, {"id": 18, "text": "1.30", "label": "5 total price per item", "box": [1962, 423, 2044, 384], "linking": []}, {"id": 19, "text": "1.80", "label": "5 total price per item", "box": [1967, 458, 2045, 424], "linking": []}, {"id": 20, "text": "2.69", "label": "5 total price per item", "box": [1973, 541, 2048, 504], "linking": []}, {"id": 21, "text": "Sub Total", "label": "others", "box": [1715, 627, 1887, 586], "linking": []}, {"id": 22, "text": "Tax Amount", "label": "others", "box": [1718, 668, 1908, 628], "linking": []}, {"id": 23, "text": "9.94", "label": "sub total", "box": [1982, 621, 2056, 586], "linking": []}, {"id": 24, "text": "0.88", "label": "2 tax total", "box": [1980, 660, 2057, 626], "linking": []}, {"id": 25, "text": "Total USD", "label": "others", "box": [1285, 824, 1619, 750], "linking": []}, {"id": 26, "text": "10.82", "label": "total amount", "box": [1880, 815, 2064, 743], "linking": []}, {"id": 27, "text": "5009 AMERICAN EXPRESS", "label": "others", "box": [1277, 982, 1681, 940], "linking": []}, {"id": 28, "text": "10.82", "label": "others", "box": [1982, 977, 2088, 937], "linking": []}, {"id": 29, "text": "Tax", "label": "others", "box": [1284, 1111, 1343, 1075], "linking": []}, {"id": 30, "text": "() 8.875", "label": "others", "box": [1281, 1155, 1438, 1112], "linking": []}, {"id": 31, "text": "Taxable Amount", "label": "others", "box": [1587, 1109, 1867, 1069], "linking": []}, {"id": 32, "text": "9.94", "label": "sub total", "box": [1781, 1149, 1858, 1110], "linking": []}, {"id": 33, "text": "Tax Amount", "label": "others", "box": [1884, 1108, 2089, 1066], "linking": []}, {"id": 34, "text": ").88", "label": "2 tax total", "box": [2022, 1147, 2091, 1110], "linking": []}, {"id": 35, "text": " 11/15/2019 01:39 PM #", "label": "others", "box": [1281, 1289, 1673, 1245], "linking": []}, {"id": 36, "text": " 103 S:1111", "label": "others", "box": [1277, 1334, 1471, 1291], "linking": []}, {"id": 37, "text": " Served you", "label": "others", "box": [1277, 1383, 1480, 1337], "linking": []}, {"id": 38, "text": " :41478 Op:4024 C:111", "label": "others", "box": [1681, 1289, 2102, 1242], "linking": []}, {"id": 39, "text": " : Winifred Wellington", "label": "others", "box": [1487, 1381, 1911, 1335], "linking": []}, {"id": 40, "text": "*** Customer copy ***", "label": "others", "box": [1451, 1567, 1877, 1521], "linking": []}, {"id": 41, "text": "AMEX NY937 (3)", "label": "others", "box": [1528, 1664, 1814, 1615], "linking": []}, {"id": 42, "text": " I", "label": "others", "box": [1294, 1708, 1319, 1658], "linking": []}, {"id": 43, "text": " agree to pay the above total amount", "label": "others", "box": [1326, 1714, 2044, 1659], "linking": []}, {"id": 44, "text": "according to card issuer", "label": "others", "box": [1429, 1759, 1928, 1715], "linking": []}, {"id": 45, "text": "agreement. (Merchant agreement if Credit", "label": "others", "box": [1272, 1812, 2072, 1760], "linking": []}, {"id": 46, "text": "Voucher )Retain this copy for your", "label": "others", "box": [1333, 1863, 2013, 1805], "linking": []}, {"id": 47, "text": "records.", "label": "others", "box": [1591, 1908, 1770, 1863], "linking": []}, {"id": 48, "text": "PURCHASE / APPROVED", "label": "others", "box": [1265, 2008, 1669, 1953], "linking": []}, {"id": 49, "text": "AMERICAN EXPRESS", "label": "others", "box": [1268, 2056, 1608, 2006], "linking": []}, {"id": 50, "text": "*********** 1006", "label": "others", "box": [1269, 2113, 1586, 2065], "linking": []}, {"id": 51, "text": "CHIP READ /", "label": "others", "box": [1263, 2165, 1512, 2113], "linking": []}, {"id": 52, "text": " 2019/11/15 13:39:59", "label": "others", "box": [1267, 2273, 1674, 2215], "linking": []}, {"id": 53, "text": "TID", "label": "others", "box": [1264, 2316, 1334, 2275], "linking": []}, {"id": 54, "text": "MID", "label": "others", "box": [1266, 2375, 1332, 2327], "linking": []}, {"id": 55, "text": "REFERENCE", "label": "others", "box": [1262, 2431, 1458, 2380], "linking": []}, {"id": 56, "text": "AUTH CODE", "label": "others", "box": [1265, 2490, 1465, 2439], "linking": []}, {"id": 57, "text": "**** 6038", "label": "others", "box": [1953, 2333, 2125, 2288], "linking": []}, {"id": 58, "text": "6634459", "label": "others", "box": [1974, 2389, 2131, 2340], "linking": []}, {"id": 59, "text": "S11111111103#414780584093", "label": "others", "box": [1586, 2445, 2139, 2388], "linking": []}, {"id": 60, "text": "830717", "label": "others", "box": [2002, 2503, 2138, 2453], "linking": []}, {"id": 61, "text": "TOTAL", "label": "others", "box": [1266, 2601, 1377, 2551], "linking": []}, {"id": 62, "text": "USD10.82", "label": "total amount", "box": [1960, 2619, 2152, 2565], "linking": []}, {"id": 63, "text": " ARC:", "label": "others", "box": [1264, 2717, 1360, 2666], "linking": []}, {"id": 64, "text": " TSI:", "label": "others", "box": [1266, 2776, 1355, 2724], "linking": []}, {"id": 65, "text": " IAD:", "label": "others", "box": [1263, 2837, 1359, 2782], "linking": []}, {"id": 66, "text": " TVR:", "label": "others", "box": [1257, 2896, 1356, 2839], "linking": []}, {"id": 67, "text": " AID:", "label": "others", "box": [1260, 2956, 1361, 2904], "linking": []}, {"id": 68, "text": "PAN Sen Ma", "label": "others", "box": [1256, 3010, 1496, 2962], "linking": []}, {"id": 69, "text": " 00", "label": "others", "box": [1367, 2718, 1422, 2667], "linking": []}, {"id": 70, "text": " F800", "label": "others", "box": [1364, 2776, 1467, 2726], "linking": []}, {"id": 71, "text": " 06600103602002", "label": "others", "box": [1367, 2844, 1690, 2785], "linking": []}, {"id": 72, "text": " 0000008000", "label": "others", "box": [1366, 2901, 1600, 2843], "linking": []}, {"id": 73, "text": " A000000025010801", "label": "others", "box": [1370, 2968, 1737, 2905], "linking": []}]