[{"id": 0, "text": "Thank You For visiting the", "label": "others", "box": [260, 114, 417, 86], "linking": []}, {"id": 1, "text": "Ne Love Your Feedback !", "label": "others", "box": [270, 141, 406, 115], "linking": []}, {"id": 2, "text": "Order # 529", "label": "others", "box": [268, 191, 405, 157], "linking": []}, {"id": 3, "text": "PHK Lunch Weighed Sa", "label": "0 description beginning", "box": [213, 236, 340, 198], "linking": []}, {"id": 4, "text": "Adobe Sour Cream / C", "label": "0 description beginning", "box": [211, 278, 341, 244], "linking": []}, {"id": 5, "text": "Pepsi Wild Cherry 20", "label": "1 description inside", "box": [213.89, 307.56, 344.89, 276.56], "linking": []}, {"id": 6, "text": "merchant name", "label": "others", "box": [257, 127, 416, 99], "linking": []}, {"id": 7, "text": " 8 11 11606 to 73940", "label": "others", "box": [297, 154, 411, 128], "linking": []}, {"id": 8, "text": " Text", "label": "others", "box": [269, 152, 293, 129], "linking": []}, {"id": 9, "text": "0.63.Jb x $ 6.88/1b", "label": "0 description beginning", "box": [215.41, 282.94, 336.41, 242.94], "linking": []}, {"id": 10, "text": "Adobe Guacamole", "label": "0 description beginning", "box": [208.93, 243.64, 309.93, 211.64], "linking": []}, {"id": 11, "text": "Adobe Extra Topping", "label": "0 description beginning", "box": [211, 286.78, 338, 252.78], "linking": []}, {"id": 12, "text": "Adobe Burrito", "label": "0 description beginning", "box": [212, 243, 299, 215], "linking": []}, {"id": 13, "text": "4.33", "label": "5 total price per item", "box": [439, 221, 470, 204], "linking": []}, {"id": 14, "text": "0.74", "label": "5 total price per item", "box": [437, 247, 471, 230], "linking": []}, {"id": 15, "text": "0.23", "label": "5 total price per item", "box": [438, 262, 471, 246], "linking": []}, {"id": 16, "text": "0.23", "label": "5 total price per item", "box": [440, 277, 471, 261], "linking": []}, {"id": 17, "text": "1.30", "label": "5 total price per item", "box": [441, 290, 470, 276], "linking": []}, {"id": 18, "text": "3.28", "label": "5 total price per item", "box": [437, 234, 471, 215], "linking": []}, {"id": 19, "text": "Sub Total", "label": "others", "box": [354, 331, 412, 312], "linking": []}, {"id": 20, "text": "10.11", "label": "sub total", "box": [438, 323, 469, 307], "linking": []}, {"id": 21, "text": "0.87", "label": "2 tax total", "box": [443, 338, 470, 322], "linking": []}, {"id": 22, "text": "Tax Amount", "label": "others", "box": [355, 346, 419, 327], "linking": []}, {"id": 23, "text": "Total USD", "label": "others", "box": [200, 403, 322, 366], "linking": []}, {"id": 24, "text": "10.98", "label": "total amount", "box": [407, 397, 470, 369], "linking": []}, {"id": 25, "text": "5009 AMERICAN EXPRESS", "label": "others", "box": [199, 464, 341, 438], "linking": []}, {"id": 26, "text": "Tax", "label": "others", "box": [202, 498, 224, 483], "linking": []}, {"id": 27, "text": "0 8.60", "label": "others", "box": [201, 517, 250, 497], "linking": []}, {"id": 28, "text": "10.98", "label": "others", "box": [439, 455, 473, 438], "linking": []}, {"id": 29, "text": " Taxable Amount", "label": "others", "box": [305, 509, 402, 490], "linking": []}, {"id": 30, "text": "10.11", "label": "sub total", "box": [363, 521, 396, 507], "linking": []}, {"id": 31, "text": " Tax Amount", "label": "others", "box": [406, 505, 474, 485], "linking": []}, {"id": 32, "text": "0.87", "label": "2 tax total", "box": [447, 516, 473, 500], "linking": []}, {"id": 33, "text": " 11/25/2019 01:15 PM #:303 Op:3068 C:", "label": "others", "box": [198, 568, 437, 547], "linking": []}, {"id": 34, "text": " Served you", "label": "others", "box": [195, 598, 267, 581], "linking": []}, {"id": 35, "text": " 11220", "label": "others", "box": [441, 565, 479, 547], "linking": []}, {"id": 36, "text": " 6 S:", "label": "others", "box": [196, 580, 220, 563], "linking": []}, {"id": 37, "text": " 1122", "label": "others", "box": [222, 581, 254, 565], "linking": []}, {"id": 38, "text": " : Adriel Damas", "label": "others", "box": [269, 599, 366, 582], "linking": []}, {"id": 39, "text": "*** Customer copy ***", "label": "others", "box": [254, 660, 398, 646], "linking": []}, {"id": 40, "text": " AMEX Cafe", "label": "others", "box": [279, 693, 348, 677], "linking": []}, {"id": 41, "text": " agree to pay the above total amount", "label": "others", "box": [209, 711, 456, 694], "linking": []}, {"id": 42, "text": "according to card Issuer", "label": "others", "box": [245, 726, 414, 710], "linking": []}, {"id": 43, "text": " agreement. (Merchant agreement", "label": "others", "box": [187, 743, 396, 727], "linking": []}, {"id": 44, "text": " Voucher) Retain this copy", "label": "others", "box": [209, 759, 381, 744], "linking": []}, {"id": 45, "text": "records.", "label": "others", "box": [299, 776, 359, 761], "linking": []}, {"id": 46, "text": " (1)", "label": "others", "box": [350, 692, 372, 677], "linking": []}, {"id": 47, "text": " I", "label": "others", "box": [198, 711, 206, 694], "linking": []}, {"id": 48, "text": " it", "label": "others", "box": [399, 742, 415, 727], "linking": []}, {"id": 49, "text": " for", "label": "others", "box": [384, 759, 409, 744], "linking": []}, {"id": 50, "text": " Credit", "label": "others", "box": [418, 741, 464, 726], "linking": []}, {"id": 51, "text": " your", "label": "others", "box": [411, 759, 442, 744], "linking": []}, {"id": 52, "text": "PURCHASE / APPROVED", "label": "others", "box": [187, 811, 323, 794], "linking": []}, {"id": 53, "text": "AMERICAN EXPRESS", "label": "others", "box": [188, 830, 301, 812], "linking": []}, {"id": 54, "text": "*********** 1006", "label": "others", "box": [187, 846, 294, 831], "linking": []}, {"id": 55, "text": "CHIP READ /", "label": "others", "box": [187, 867, 267, 848], "linking": []}, {"id": 56, "text": " 2019/11/25 13:16:01", "label": "others", "box": [188, 904, 323, 884], "linking": []}, {"id": 57, "text": "TID", "label": "others", "box": [190, 921, 211, 905], "linking": []}, {"id": 58, "text": "MID", "label": "others", "box": [188, 939, 212, 924], "linking": []}, {"id": 59, "text": "REFERENCE", "label": "others", "box": [188, 958, 254, 941], "linking": []}, {"id": 60, "text": "AUTH CODE", "label": "others", "box": [190, 976, 255, 960], "linking": []}, {"id": 61, "text": "**** 4997", "label": "others", "box": [416, 919, 478, 902], "linking": []}, {"id": 62, "text": "6634460", "label": "others", "box": [424, 938, 479, 922], "linking": []}, {"id": 63, "text": "S11221112206#3039397812", "label": "others", "box": [309, 958, 480, 939], "linking": []}, {"id": 64, "text": "833151", "label": "others", "box": [431, 976, 478, 960], "linking": []}, {"id": 65, "text": "TOTAL", "label": "others", "box": [191, 1012, 228, 996], "linking": []}, {"id": 66, "text": "USD10.98", "label": "total amount", "box": [418, 1015, 482, 997], "linking": []}, {"id": 67, "text": " ARC:", "label": "others", "box": [191, 1050, 223, 1033], "linking": []}, {"id": 68, "text": " TSI:", "label": "others", "box": [194, 1068, 222, 1052], "linking": []}, {"id": 69, "text": " IAD:", "label": "others", "box": [195, 1087, 224, 1070], "linking": []}, {"id": 70, "text": " TVR:", "label": "others", "box": [194, 1105, 225, 1088], "linking": []}, {"id": 71, "text": " AID:", "label": "others", "box": [195, 1124, 225, 1106], "linking": []}, {"id": 72, "text": " PAN Seq No:", "label": "others", "box": [193, 1142, 278, 1123], "linking": []}, {"id": 73, "text": " 00", "label": "others", "box": [226, 1049, 245, 1032], "linking": []}, {"id": 74, "text": " F800", "label": "others", "box": [225, 1068, 261, 1051], "linking": []}, {"id": 75, "text": " 06600103602002", "label": "others", "box": [227, 1086, 332, 1065], "linking": []}, {"id": 76, "text": " 0000008000", "label": "others", "box": [227, 1105, 306, 1086], "linking": []}, {"id": 77, "text": " A000000025010801", "label": "others", "box": [228, 1123, 347, 1102], "linking": []}, {"id": 78, "text": " 00", "label": "others", "box": [280, 1139, 299, 1122], "linking": []}]