[{"id": 0, "text": "merchant address", "label": "others", "box": [134, 28, 236, 12], "linking": []}, {"id": 1, "text": "merchant address", "label": "others", "box": [63, 48, 299, 22], "linking": []}, {"id": 2, "text": "merchant phone", "label": "others", "box": [146, 75, 230, 59], "linking": []}, {"id": 3, "text": "merchant address", "label": "others", "box": [118, 61, 254, 42], "linking": []}, {"id": 4, "text": " Name:", "label": "others", "box": [63, 114, 96, 102], "linking": []}, {"id": 5, "text": " Address:", "label": "others", "box": [64, 130, 119, 117], "linking": []}, {"id": 6, "text": " 4802 Cayview Ave 208", "label": "others", "box": [126, 129, 251, 116], "linking": []}, {"id": 7, "text": "Orlando FL 32819", "label": "others", "box": [125, 144, 226, 129], "linking": []}, {"id": 8, "text": "SALE", "label": "others", "box": [176, 175, 204, 160], "linking": []}, {"id": 9, "text": " Order #:", "label": "others", "box": [65, 205, 119, 193], "linking": []}, {"id": 10, "text": " 0006", "label": "others", "box": [121, 205, 148, 193], "linking": []}, {"id": 11, "text": "Phone / Delivery", "label": "others", "box": [214, 205, 311, 190], "linking": []}, {"id": 12, "text": "John", "label": "others", "box": [62, 231, 90, 219], "linking": []}, {"id": 13, "text": " Out Time:", "label": "others", "box": [59, 248, 119, 234], "linking": []}, {"id": 14, "text": "10/01/2019", "label": "others", "box": [165, 233, 231, 219], "linking": []}, {"id": 15, "text": " 12:46 PM", "label": "others", "box": [159, 249, 212, 234], "linking": []}, {"id": 16, "text": " 12:16 PM", "label": "others", "box": [265, 235, 314, 221], "linking": []}, {"id": 17, "text": " MID:", "label": "others", "box": [59, 281, 88, 266], "linking": []}, {"id": 18, "text": " Card Type:", "label": "others", "box": [58, 298, 128, 284], "linking": []}, {"id": 19, "text": " Entry Mode:", "label": "others", "box": [57, 315, 135, 300], "linking": []}, {"id": 20, "text": " Account #:", "label": "others", "box": [59, 331, 129, 317], "linking": []}, {"id": 21, "text": " Authorization #:", "label": "others", "box": [62, 348, 169, 334], "linking": []}, {"id": 22, "text": " Reference #:", "label": "others", "box": [61, 363, 145, 349], "linking": []}, {"id": 23, "text": " Batch ID:", "label": "others", "box": [64, 378, 125, 365], "linking": []}, {"id": 24, "text": " 2421", "label": "others", "box": [91, 281, 119, 267], "linking": []}, {"id": 25, "text": " Lane:", "label": "others", "box": [269, 281, 304, 268], "linking": []}, {"id": 26, "text": " 5", "label": "others", "box": [307, 281, 317, 268], "linking": []}, {"id": 27, "text": " American Express", "label": "others", "box": [131, 298, 236, 284], "linking": []}, {"id": 28, "text": " M", "label": "others", "box": [137, 314, 149, 301], "linking": []}, {"id": 29, "text": " xxxx1002", "label": "others", "box": [132, 331, 188, 317], "linking": []}, {"id": 30, "text": " 217592", "label": "others", "box": [171, 347, 212, 333], "linking": []}, {"id": 31, "text": " 756357", "label": "others", "box": [147, 363, 186, 349], "linking": []}, {"id": 32, "text": " 338", "label": "others", "box": [127, 377, 151, 365], "linking": []}, {"id": 33, "text": " Subtotal:", "label": "others", "box": [160, 405, 215, 392], "linking": []}, {"id": 34, "text": " Tak:", "label": "others", "box": [191, 419, 216, 407], "linking": []}, {"id": 35, "text": "58.00", "label": "sub total", "box": [280, 403, 312, 391], "linking": []}, {"id": 36, "text": "3.51", "label": "2 tax total", "box": [286, 418, 310, 406], "linking": []}, {"id": 37, "text": "========", "label": "others", "box": [221, 431, 270, 423], "linking": []}, {"id": 38, "text": " Total:", "label": "others", "box": [178, 451, 216, 438], "linking": []}, {"id": 39, "text": " American Express:", "label": "others", "box": [105, 468, 216, 455], "linking": []}, {"id": 40, "text": "61.51", "label": "total amount", "box": [280, 450, 314, 437], "linking": []}, {"id": 41, "text": "61.51", "label": "others", "box": [283, 466, 315, 452], "linking": []}, {"id": 42, "text": " Tip:", "label": "others", "box": [188, 503, 216, 487], "linking": []}, {"id": 43, "text": "5.00", "label": "3 tip", "box": [282, 500, 319, 480], "linking": []}, {"id": 44, "text": "166.51", "label": "total amount", "box": [268, 538, 320, 514], "linking": []}, {"id": 45, "text": "0.00", "label": "others", "box": [290, 570, 319, 555], "linking": []}, {"id": 46, "text": " Total:", "label": "others", "box": [174, 537, 214, 522], "linking": []}, {"id": 47, "text": " Additional Tender Amt:", "label": "others", "box": [65, 577, 215, 558], "linking": []}, {"id": 48, "text": "Any delivery fee charged is not a tip for the", "label": "others", "box": [48, 610, 350, 588], "linking": []}, {"id": 49, "text": "for outstanding service.", "label": "others", "box": [54, 638, 215, 621], "linking": []}, {"id": 50, "text": "driver. Please reward your Driver with a tip", "label": "others", "box": [52, 624, 342, 603], "linking": []}]