[{"id": 0, "text": "merchant name", "label": "others", "box": [152, 120, 261, 99], "linking": []}, {"id": 1, "text": "merchant address", "label": "others", "box": [44, 144, 410, 121], "linking": []}, {"id": 2, "text": "merchant phone", "label": "others", "box": [136, 168, 392, 144], "linking": []}, {"id": 3, "text": " Tel:", "label": "others", "box": [49, 168, 123, 146], "linking": []}, {"id": 4, "text": "WED OCTOBER 23,2019", "label": "others", "box": [127, 214, 299, 194], "linking": []}, {"id": 5, "text": " CHECK #583193-", "label": "others", "box": [64, 238, 318, 216], "linking": []}, {"id": 6, "text": " 1", "label": "others", "box": [338, 237, 352, 217], "linking": []}, {"id": 7, "text": "Take Away", "label": "others", "box": [171, 286, 253, 262], "linking": []}, {"id": 8, "text": "1 Latte", "label": "0 description beginning", "box": [74, 306, 139, 286], "linking": []}, {"id": 9, "text": " 1", "label": "e quantity", "box": [74, 329, 86, 309], "linking": []}, {"id": 10, "text": " 1", "label": "e quantity", "box": [77, 354, 84, 330], "linking": []}, {"id": 11, "text": " 1", "label": "e quantity", "box": [74, 374, 86, 355], "linking": []}, {"id": 12, "text": "Fresh OJ", "label": "0 description beginning", "box": [81, 398, 161, 375], "linking": []}, {"id": 13, "text": "TAX", "label": "others", "box": [88, 418, 120, 400], "linking": []}, {"id": 14, "text": "TOTAL", "label": "others", "box": [63, 444, 150, 421], "linking": []}, {"id": 15, "text": "3.50", "label": "5 total price per item", "box": [323, 307, 363, 287], "linking": []}, {"id": 16, "text": "0.00", "label": "5 total price per item", "box": [323, 330, 363, 311], "linking": []}, {"id": 17, "text": "3.50", "label": "5 total price per item", "box": [322, 353, 361, 334], "linking": []}, {"id": 18, "text": "0.80", "label": "5 total price per item", "box": [322, 374, 360, 357], "linking": []}, {"id": 19, "text": "7.00", "label": "5 total price per item", "box": [322, 395, 359, 378], "linking": []}, {"id": 20, "text": "1.35", "label": "2 tax total", "box": [323, 418, 359, 400], "linking": []}, {"id": 21, "text": "14.80", "label": "total amount", "box": [261, 442, 349, 420], "linking": []}, {"id": 22, "text": " Sugar", "label": "0 description beginning", "box": [89, 330, 138, 310], "linking": []}, {"id": 23, "text": " Long Black", "label": "0 description beginning", "box": [89, 354, 182, 330], "linking": []}, {"id": 24, "text": " LARGE", "label": "0 description beginning", "box": [89, 374, 138, 355], "linking": []}, {"id": 25, "text": "Total is inclusive of GST", "label": "others", "box": [98, 491, 324, 467], "linking": []}, {"id": 26, "text": "Vessel", "label": "others", "box": [151, 559, 259, 536], "linking": []}, {"id": 27, "text": "Take Away", "label": "others", "box": [135, 584, 296, 559], "linking": []}, {"id": 28, "text": " Time:", "label": "others", "box": [102, 602, 151, 583], "linking": []}, {"id": 29, "text": " 11 14", "label": "others", "box": [154, 603, 203, 583], "linking": []}, {"id": 30, "text": " 1", "label": "others", "box": [242, 605, 254, 585], "linking": []}, {"id": 31, "text": " CUSTOMER", "label": "others", "box": [257, 605, 336, 585], "linking": []}, {"id": 32, "text": "TAX INVOICE", "label": "others", "box": [163, 649, 264, 629], "linking": []}, {"id": 33, "text": "ABN# 48 629 038 777", "label": "others", "box": [128, 672, 299, 649], "linking": []}, {"id": 34, "text": "YOU HAVE BEEN SERVED", "label": "others", "box": [130, 715, 309, 693], "linking": []}, {"id": 35, "text": " BY", "label": "others", "box": [174, 735, 198, 715], "linking": []}, {"id": 36, "text": " : Preet", "label": "others", "box": [200, 737, 264, 717], "linking": []}, {"id": 37, "text": " SETTLED BY:", "label": "others", "box": [167, 801, 265, 780], "linking": []}, {"id": 38, "text": "patt", "label": "others", "box": [64, 820, 101, 800], "linking": []}, {"id": 39, "text": "14.80", "label": "others", "box": [326, 827, 372, 806], "linking": []}, {"id": 40, "text": "CUSTOMER COPY", "label": "others", "box": [159, 844, 276, 823], "linking": []}]