[{"id": 0, "text": "merchant name", "label": "others", "box": [688, 95, 1066, 6], "linking": []}, {"id": 1, "text": "merchant name", "label": "others", "box": [590, 299, 1082, 242], "linking": []}, {"id": 2, "text": "merchant address", "label": "others", "box": [310, 370, 1099, 318], "linking": []}, {"id": 3, "text": "merchant address", "label": "others", "box": [711, 436, 951, 390], "linking": []}, {"id": 4, "text": " PH NO:", "label": "others", "box": [608, 503, 775, 455], "linking": []}, {"id": 5, "text": "merchant address", "label": "others", "box": [1107, 368, 1246, 318], "linking": []}, {"id": 6, "text": "merchant address", "label": "others", "box": [1255, 367, 1333, 318], "linking": []}, {"id": 7, "text": "merchant address", "label": "others", "box": [1342, 366, 1362, 318], "linking": []}, {"id": 8, "text": "merchant phone", "label": "others", "box": [784, 504, 1058, 456], "linking": []}, {"id": 9, "text": "29AARFB5783C122", "label": "others", "box": [604, 608, 1056, 561], "linking": []}, {"id": 10, "text": " Date & Time", "label": "others", "box": [531, 679, 884, 628], "linking": []}, {"id": 11, "text": "FOD1929913-11-19 23.01", "label": "others", "box": [248, 741, 904, 690], "linking": []}, {"id": 12, "text": "Bill No", "label": "others", "box": [256, 677, 440, 625], "linking": []}, {"id": 13, "text": " Pax", "label": "others", "box": [929, 679, 1036, 632], "linking": []}, {"id": 14, "text": "5", "label": "others", "box": [998, 734, 1035, 692], "linking": []}, {"id": 15, "text": "Table", "label": "others", "box": [1255, 678, 1406, 632], "linking": []}, {"id": 16, "text": "P55", "label": "others", "box": [1319, 737, 1417, 691], "linking": []}, {"id": 17, "text": "Waiter", "label": "others", "box": [1238, 811, 1423, 756], "linking": []}, {"id": 18, "text": "6 NITHIN", "label": "others", "box": [1156, 882, 1418, 825], "linking": []}, {"id": 19, "text": "Food Bill", "label": "others", "box": [247, 846, 511, 785], "linking": []}, {"id": 20, "text": "SI. Description", "label": "others", "box": [240, 963, 665, 899], "linking": []}, {"id": 21, "text": "Qty", "label": "others", "box": [629, 1027, 728, 972], "linking": []}, {"id": 22, "text": "Rate", "label": "others", "box": [851, 1023, 983, 972], "linking": []}, {"id": 23, "text": "Amount", "label": "others", "box": [1119, 1024, 1350, 973], "linking": []}, {"id": 24, "text": "========", "label": "others", "box": [1263, 1047, 1426, 1026], "linking": []}, {"id": 25, "text": " 1.", "label": "e quantity", "box": [237, 1174, 312, 1116], "linking": []}, {"id": 26, "text": " HOME MADE NACHOS,", "label": "0 description beginning", "box": [329, 1174, 966, 1116], "linking": []}, {"id": 27, "text": "180.00", "label": "unit price", "box": [862, 1243, 1032, 1193], "linking": []}, {"id": 28, "text": " MULTANI PANEER TIKKA,", "label": "0 description beginning", "box": [332, 1319, 1027, 1260], "linking": []}, {"id": 29, "text": "250.00", "label": "unit price", "box": [852, 1382, 1035, 1330], "linking": []}, {"id": 30, "text": " NIMBU MURGH TIKKA,", "label": "0 description beginning", "box": [323, 1465, 949, 1401], "linking": []}, {"id": 31, "text": "250.00", "label": "unit price", "box": [854, 1536, 1044, 1478], "linking": []}, {"id": 32, "text": " EXOTIC VEG PIZZA,", "label": "0 description beginning", "box": [322, 1617, 882, 1554], "linking": []}, {"id": 33, "text": "270.00", "label": "unit price", "box": [858, 1687, 1044, 1630], "linking": []}, {"id": 34, "text": "1", "label": "e quantity", "box": [660, 1245, 694, 1194], "linking": []}, {"id": 35, "text": "180.00", "label": "5 total price per item", "box": [1237, 1244, 1405, 1194], "linking": []}, {"id": 36, "text": " 2.", "label": "e quantity", "box": [231, 1321, 307, 1263], "linking": []}, {"id": 37, "text": "1", "label": "e quantity", "box": [661, 1384, 690, 1340], "linking": []}, {"id": 38, "text": "250.00", "label": "5 total price per item", "box": [1229, 1382, 1411, 1328], "linking": []}, {"id": 39, "text": " 3.", "label": "e quantity", "box": [222, 1467, 304, 1407], "linking": []}, {"id": 40, "text": "3", "label": "e quantity", "box": [651, 1533, 693, 1484], "linking": []}, {"id": 41, "text": "750.00", "label": "5 total price per item", "box": [1245, 1534, 1424, 1475], "linking": []}, {"id": 42, "text": " 4.", "label": "e quantity", "box": [222, 1619, 302, 1557], "linking": []}, {"id": 43, "text": "270.00", "label": "5 total price per item", "box": [1246, 1685, 1434, 1626], "linking": []}, {"id": 44, "text": "1450.00", "label": "sub total", "box": [1224, 1759, 1438, 1704], "linking": []}, {"id": 45, "text": "36.25", "label": "2 tax total", "box": [1278, 1830, 1430, 1775], "linking": []}, {"id": 46, "text": "36.25", "label": "2 tax total", "box": [1278, 1900, 1430, 1847], "linking": []}, {"id": 47, "text": "108.75", "label": "2 tax total", "box": [1251, 1969, 1428, 1916], "linking": []}, {"id": 48, "text": "1631.25", "label": "total amount", "box": [1214, 2034, 1421, 1983], "linking": []}, {"id": 49, "text": "Total Amount", "label": "others", "box": [279, 1767, 672, 1711], "linking": []}, {"id": 50, "text": "Central Gst @ 2.5%", "label": "others", "box": [228, 1841, 780, 1782], "linking": []}, {"id": 51, "text": "State Gst @ 2.5%", "label": "others", "box": [294, 1914, 778, 1856], "linking": []}, {"id": 52, "text": "vice Charge @ 7.5%", "label": "others", "box": [213, 1987, 779, 1926], "linking": []}, {"id": 53, "text": "Food Amount", "label": "others", "box": [279, 2053, 675, 2000], "linking": []}, {"id": 54, "text": " : 6", "label": "others", "box": [531, 2116, 606, 2067], "linking": []}, {"id": 55, "text": " Total Items", "label": "others", "box": [234, 2119, 522, 2068], "linking": []}]