[{"id": 0, "text": "merchant name", "label": "others", "box": [17, 93, 255, 66], "linking": []}, {"id": 1, "text": "ORDER # 90", "label": "others", "box": [96, 124, 177, 104], "linking": []}, {"id": 2, "text": " Device:", "label": "others", "box": [17, 217, 74, 198], "linking": []}, {"id": 3, "text": " Origin:", "label": "others", "box": [17, 235, 76, 216], "linking": []}, {"id": 4, "text": " Order ID:", "label": "others", "box": [19, 252, 95, 234], "linking": []}, {"id": 5, "text": " POS Order Id:", "label": "others", "box": [19, 270, 127, 251], "linking": []}, {"id": 6, "text": " 10/24/2019", "label": "others", "box": [69, 288, 151, 269], "linking": []}, {"id": 7, "text": " 08:00 AM", "label": "others", "box": [68, 305, 139, 287], "linking": []}, {"id": 8, "text": "Take Out", "label": "others", "box": [118, 320, 181, 305], "linking": []}, {"id": 9, "text": " KSKPEIWEI03", "label": "others", "box": [77, 216, 167, 195], "linking": []}, {"id": 10, "text": " Kiosk", "label": "others", "box": [79, 234, 122, 216], "linking": []}, {"id": 11, "text": " 74056", "label": "others", "box": [98, 251, 138, 233], "linking": []}, {"id": 12, "text": " 7190", "label": "others", "box": [130, 269, 163, 250], "linking": []}, {"id": 13, "text": " Date:", "label": "others", "box": [24, 288, 66, 270], "linking": []}, {"id": 14, "text": " Time:", "label": "others", "box": [25, 305, 65, 286], "linking": []}, {"id": 15, "text": "=========", "label": "others", "box": [25, 352, 97, 342], "linking": []}, {"id": 16, "text": " Cauliflower", "label": "0 description beginning", "box": [39, 372, 129, 353], "linking": []}, {"id": 17, "text": " Fried Rice", "label": "1 description inside", "box": [119, 389, 199, 370], "linking": []}, {"id": 18, "text": "==========-", "label": "others", "box": [187, 352, 273, 341], "linking": []}, {"id": 19, "text": " Fried Rice $11.99", "label": "0 description beginning", "box": [132, 373, 275, 353], "linking": []}, {"id": 20, "text": "$3.00", "label": "5 total price per item", "box": [236, 390, 277, 371], "linking": []}, {"id": 21, "text": " 1", "label": "e quantity", "box": [27, 371, 36, 354], "linking": []}, {"id": 22, "text": " *Substitute", "label": "0 description beginning", "box": [26, 389, 116, 371], "linking": []}, {"id": 23, "text": "*No Egg", "label": "1 description inside", "box": [29, 407, 86, 390], "linking": []}, {"id": 24, "text": "1 Fountain Beverage", "label": "0 description beginning", "box": [35, 442, 181, 424], "linking": []}, {"id": 25, "text": "==", "label": "others", "box": [38, 455, 53, 446], "linking": []}, {"id": 26, "text": "Sub-Total", "label": "others", "box": [38, 475, 107, 458], "linking": []}, {"id": 27, "text": " Sales", "label": "others", "box": [40, 493, 82, 477], "linking": []}, {"id": 28, "text": "TOTAL - Plus Tax", "label": "others", "box": [39, 510, 166, 492], "linking": []}, {"id": 29, "text": " Customer Name:", "label": "others", "box": [41, 527, 149, 510], "linking": []}, {"id": 30, "text": " Paid - Card#:", "label": "others", "box": [42, 543, 145, 526], "linking": []}, {"id": 31, "text": "AMEX", "label": "others", "box": [44, 559, 76, 543], "linking": []}, {"id": 32, "text": "$3.79", "label": "5 total price per item", "box": [237, 441, 279, 423], "linking": []}, {"id": 33, "text": "=====", "label": "others", "box": [128, 455, 167, 447], "linking": []}, {"id": 34, "text": "$18.78", "label": "sub total", "box": [234, 475, 280, 457], "linking": []}, {"id": 35, "text": "$1.60", "label": "2 tax total", "box": [240, 493, 280, 475], "linking": []}, {"id": 36, "text": "$20.18", "label": "total amount", "box": [236, 510, 282, 493], "linking": []}, {"id": 37, "text": " Tax", "label": "others", "box": [85, 493, 110, 477], "linking": []}, {"id": 38, "text": " ************ 1007", "label": "others", "box": [148, 544, 270, 527], "linking": []}, {"id": 39, "text": "$20.18", "label": "others", "box": [241, 579, 287, 561], "linking": []}, {"id": 40, "text": " ***************", "label": "others", "box": [49, 609, 166, 594], "linking": []}, {"id": 41, "text": "***************", "label": "others", "box": [50, 625, 164, 610], "linking": []}, {"id": 42, "text": " PURCHASE", "label": "others", "box": [168, 611, 232, 594], "linking": []}, {"id": 43, "text": "APPROVED", "label": "others", "box": [172, 643, 232, 626], "linking": []}, {"id": 44, "text": " Total:", "label": "others", "box": [56, 674, 100, 657], "linking": []}, {"id": 45, "text": "$20.18", "label": "total amount", "box": [55, 690, 101, 673], "linking": []}, {"id": 46, "text": " Card Type:", "label": "others", "box": [55, 724, 130, 706], "linking": []}, {"id": 47, "text": " Card Entry:", "label": "others", "box": [56, 742, 137, 724], "linking": []}, {"id": 48, "text": " Acct #:", "label": "others", "box": [57, 757, 112, 740], "linking": []}, {"id": 49, "text": " Approval Code:", "label": "others", "box": [57, 776, 162, 757], "linking": []}, {"id": 50, "text": "AMEX", "label": "others", "box": [165, 725, 196, 708], "linking": []}, {"id": 51, "text": "CHIP", "label": "others", "box": [165, 741, 196, 725], "linking": []}, {"id": 52, "text": "*********** 1007", "label": "others", "box": [166, 761, 280, 743], "linking": []}, {"id": 53, "text": " 826152", "label": "others", "box": [165, 777, 214, 758], "linking": []}, {"id": 54, "text": " PIN", "label": "others", "box": [161, 809, 186, 791], "linking": []}, {"id": 55, "text": " Verified", "label": "others", "box": [189, 809, 255, 792], "linking": []}, {"id": 56, "text": " *************", "label": "others", "box": [58, 839, 160, 823], "linking": []}, {"id": 57, "text": "*************", "label": "others", "box": [60, 853, 158, 839], "linking": []}, {"id": 58, "text": " App Label:", "label": "others", "box": [63, 870, 137, 853], "linking": []}, {"id": 59, "text": " Mode", "label": "others", "box": [65, 895, 94, 881], "linking": []}, {"id": 60, "text": "Issuer", "label": "others", "box": [68, 911, 114, 895], "linking": []}, {"id": 61, "text": " AID:", "label": "others", "box": [69, 927, 101, 910], "linking": []}, {"id": 62, "text": " TVR:", "label": "others", "box": [69, 944, 101, 926], "linking": []}, {"id": 63, "text": " IAD:", "label": "others", "box": [67, 961, 101, 944], "linking": []}, {"id": 64, "text": " TSI:", "label": "others", "box": [66, 977, 100, 960], "linking": []}, {"id": 65, "text": " ARC:", "label": "others", "box": [66, 994, 99, 977], "linking": []}, {"id": 66, "text": " EMV PURCHASE", "label": "others", "box": [162, 841, 255, 824], "linking": []}, {"id": 67, "text": "AMERICAN EXPRESS", "label": "others", "box": [64, 886, 184, 866], "linking": []}, {"id": 68, "text": " :", "label": "others", "box": [95, 896, 103, 882], "linking": []}, {"id": 69, "text": " A000000025010801", "label": "others", "box": [104, 930, 222, 911], "linking": []}, {"id": 70, "text": " 06600103642002", "label": "others", "box": [103, 962, 209, 944], "linking": []}, {"id": 71, "text": " F800", "label": "others", "box": [103, 978, 136, 960], "linking": []}, {"id": 72, "text": " 00", "label": "others", "box": [102, 995, 121, 978], "linking": []}, {"id": 73, "text": " 0000008000", "label": "others", "box": [103, 945, 181, 927], "linking": []}, {"id": 74, "text": "Balance", "label": "others", "box": [63, 1047, 119, 1028], "linking": []}, {"id": 75, "text": "$0.00", "label": "others", "box": [260, 1051, 303, 1031], "linking": []}, {"id": 76, "text": "X", "label": "others", "box": [59, 1137, 68, 1120], "linking": []}]