[{"id": 0, "text": "munch while travelling", "label": "others", "box": [63, 114, 472, 52], "linking": []}, {"id": 1, "text": "GlencoreMecting", "label": "others", "box": [134, 148, 388, 114], "linking": []}, {"id": 2, "text": "merchant name", "label": "others", "box": [170, 193, 340, 170], "linking": []}, {"id": 3, "text": "merchant address", "label": "others", "box": [323, 220, 340, 196], "linking": []}, {"id": 4, "text": "Thank You For Visiting the", "label": "others", "box": [141, 167, 368, 144], "linking": []}, {"id": 5, "text": "merchant address", "label": "others", "box": [171, 220, 319, 197], "linking": []}, {"id": 6, "text": "merchant address", "label": "others", "box": [189, 247, 314, 223], "linking": []}, {"id": 7, "text": "CAD", "label": "others", "box": [403, 288, 431, 268], "linking": []}, {"id": 8, "text": "7.25", "label": "5 total price per item", "box": [394, 310, 430, 291], "linking": []}, {"id": 9, "text": " Culinary", "label": "0 description beginning", "box": [77, 321, 149, 298], "linking": []}, {"id": 10, "text": " Theater", "label": "1 description inside", "box": [153, 323, 216, 299], "linking": []}, {"id": 11, "text": "Sub Total", "label": "others", "box": [271, 414, 349, 388], "linking": []}, {"id": 12, "text": " Tax", "label": "others", "box": [270, 439, 300, 418], "linking": []}, {"id": 13, "text": "7.25", "label": "sub total", "box": [391, 402, 430, 381], "linking": []}, {"id": 14, "text": "0.94", "label": "total amount", "box": [390, 426, 430, 405], "linking": []}, {"id": 15, "text": " Amount", "label": "others", "box": [303, 436, 363, 411], "linking": []}, {"id": 16, "text": "Total CAD", "label": "others", "box": [63, 524, 220, 491], "linking": []}, {"id": 17, "text": "8.19", "label": "total amount", "box": [353, 519, 425, 480], "linking": []}, {"id": 18, "text": " 5000", "label": "others", "box": [61, 615, 99, 595], "linking": []}, {"id": 19, "text": " Credit", "label": "others", "box": [102, 616, 158, 596], "linking": []}, {"id": 20, "text": " Card", "label": "others", "box": [162, 617, 202, 597], "linking": []}, {"id": 21, "text": "8.19", "label": "total amount", "box": [385, 609, 424, 588], "linking": []}, {"id": 22, "text": " 10/23/2019 12:28 PM #:14892 Op:5024 C:121", "label": "others", "box": [60, 690, 422, 662], "linking": []}, {"id": 23, "text": " 101 S:1211", "label": "others", "box": [60, 715, 147, 691], "linking": []}, {"id": 24, "text": " Served you", "label": "others", "box": [57, 739, 148, 718], "linking": []}, {"id": 25, "text": " : Kathy Sun", "label": "others", "box": [151, 740, 250, 719], "linking": []}, {"id": 26, "text": "Global Rewards Points", "label": "others", "box": [55, 785, 239, 765], "linking": []}, {"id": 27, "text": " Previous Balance:", "label": "others", "box": [55, 809, 210, 790], "linking": []}, {"id": 28, "text": " Accrued (new)", "label": "others", "box": [53, 834, 163, 814], "linking": []}, {"id": 29, "text": " Redeemed (used)", "label": "others", "box": [52, 858, 178, 838], "linking": []}, {"id": 30, "text": " New Balance:", "label": "others", "box": [50, 882, 158, 863], "linking": []}, {"id": 31, "text": " 152", "label": "others", "box": [217, 809, 247, 790], "linking": []}, {"id": 32, "text": "21", "label": "others", "box": [217, 832, 235, 815], "linking": []}, {"id": 33, "text": "0", "label": "others", "box": [215, 854, 230, 839], "linking": []}, {"id": 34, "text": "173", "label": "others", "box": [217, 881, 244, 862], "linking": []}, {"id": 35, "text": " :", "label": "others", "box": [166, 834, 176, 815], "linking": []}, {"id": 36, "text": " :", "label": "others", "box": [182, 858, 192, 838], "linking": []}, {"id": 37, "text": " GST# 88778 3355", "label": "others", "box": [137, 931, 269, 910], "linking": []}, {"id": 38, "text": " RT0001", "label": "others", "box": [273, 931, 326, 909], "linking": []}]