[{"id": 0, "text": "merchant name", "label": "others", "box": [165, 200, 334, 183], "linking": []}, {"id": 1, "text": "merchant address", "label": "others", "box": [140, 229, 360, 208], "linking": []}, {"id": 2, "text": "merchant phone", "label": "others", "box": [223, 256, 326, 239], "linking": []}, {"id": 3, "text": " VAT No:", "label": "others", "box": [179, 272, 238, 255], "linking": []}, {"id": 4, "text": "CHK 132321", "label": "others", "box": [216, 331, 295, 314], "linking": []}, {"id": 5, "text": " 24 Oct'19 22:50 PM", "label": "others", "box": [185, 348, 328, 329], "linking": []}, {"id": 6, "text": "TAKEAWAY", "label": "others", "box": [190, 380, 320, 360], "linking": []}, {"id": 7, "text": "Debit/Credit Card", "label": "others", "box": [113, 410, 261, 387], "linking": []}, {"id": 8, "text": "Food", "label": "0 description beginning", "box": [109, 429, 149, 412], "linking": []}, {"id": 9, "text": "Payment", "label": "others", "box": [106, 446, 174, 427], "linking": []}, {"id": 10, "text": "0.41 UK 20% VAT", "label": "2 tax total", "box": [129, 480, 270, 458], "linking": []}, {"id": 11, "text": "merchant address", "label": "others", "box": [202, 213, 308, 197], "linking": []}, {"id": 12, "text": "merchant address", "label": "others", "box": [193, 242, 310, 225], "linking": []}, {"id": 13, "text": " Tel:", "label": "others", "box": [187, 257, 220, 241], "linking": []}, {"id": 14, "text": " 184 1867 79", "label": "others", "box": [241, 272, 326, 255], "linking": []}, {"id": 15, "text": "1 Double Chocolate Muffin", "label": "0 description beginning", "box": [100, 396, 310, 374], "linking": []}, {"id": 16, "text": "2.45", "label": "5 total price per item", "box": [382, 392, 417, 373], "linking": []}, {"id": 17, "text": "2.45", "label": "5 total price per item", "box": [383, 409, 419, 388], "linking": []}, {"id": 18, "text": "2.45", "label": "5 total price per item", "box": [385, 442, 421, 423], "linking": []}, {"id": 19, "text": "2.45", "label": "total amount", "box": [386, 456, 425, 441], "linking": []}, {"id": 20, "text": "0.00", "label": "others", "box": [359, 472, 427, 454], "linking": []}, {"id": 21, "text": "2.45", "label": "others", "box": [390, 490, 430, 472], "linking": []}, {"id": 22, "text": "2.04", "label": "sub total", "box": [393, 507, 431, 488], "linking": []}, {"id": 23, "text": "Change", "label": "others", "box": [75, 463, 197, 440], "linking": []}, {"id": 24, "text": " Net Total:", "label": "others", "box": [97, 497, 197, 474], "linking": []}, {"id": 25, "text": "- Check Closed", "label": "others", "box": [180, 536, 321, 513], "linking": []}, {"id": 26, "text": "Due", "label": "others", "box": [204, 465, 263, 446], "linking": []}, {"id": 27, "text": " 24 Oct'19 22:50 PM", "label": "others", "box": [171, 557, 347, 531], "linking": []}, {"id": 28, "text": "Thank you!", "label": "others", "box": [209, 643, 315, 613], "linking": []}]