[{"id": 0, "text": "DUPLICATE RECEIPT", "label": "others", "box": [129, 144, 311, 118], "linking": []}, {"id": 1, "text": "-----", "label": "others", "box": [315, 138, 366, 124], "linking": []}, {"id": 2, "text": "merchant name", "label": "others", "box": [112, 202, 333, 177], "linking": []}, {"id": 3, "text": "merchant address", "label": "others", "box": [125, 231, 324, 206], "linking": []}, {"id": 4, "text": "merchant address", "label": "others", "box": [61, 260, 239, 233], "linking": []}, {"id": 5, "text": "merchant phone", "label": "others", "box": [247, 260, 397, 233], "linking": []}, {"id": 6, "text": "CHK 709492", "label": "others", "box": [178, 316, 286, 291], "linking": []}, {"id": 7, "text": " 11/21/2019 03:44 PM", "label": "others", "box": [131, 347, 327, 321], "linking": []}, {"id": 8, "text": "2713223", "label": "others", "box": [90, 374, 165, 351], "linking": []}, {"id": 9, "text": " Drawer:", "label": "others", "box": [189, 375, 270, 352], "linking": []}, {"id": 10, "text": " 1 Reg:", "label": "others", "box": [274, 375, 352, 352], "linking": []}, {"id": 11, "text": " 1", "label": "others", "box": [356, 374, 367, 352], "linking": []}, {"id": 12, "text": "Gr Flat White", "label": "0 description beginning", "box": [57, 427, 196, 402], "linking": []}, {"id": 13, "text": "4.75", "label": "5 total price per item", "box": [346, 424, 389, 403], "linking": []}, {"id": 14, "text": "Amex", "label": "others", "box": [60, 478, 104, 457], "linking": []}, {"id": 15, "text": "XXXXXXXXXXXX1007", "label": "others", "box": [58, 502, 225, 480], "linking": []}, {"id": 16, "text": " QUICK CHIP", "label": "others", "box": [179, 530, 289, 506], "linking": []}, {"id": 17, "text": " PURCHASE", "label": "others", "box": [179, 557, 266, 533], "linking": []}, {"id": 18, "text": " Reference #:", "label": "others", "box": [59, 584, 186, 561], "linking": []}, {"id": 19, "text": " App Label:", "label": "others", "box": [59, 611, 165, 588], "linking": []}, {"id": 20, "text": " Auth #:", "label": "others", "box": [60, 637, 136, 614], "linking": []}, {"id": 21, "text": " AID:", "label": "others", "box": [59, 664, 105, 641], "linking": []}, {"id": 22, "text": " TVR:", "label": "others", "box": [59, 692, 105, 667], "linking": []}, {"id": 23, "text": " TSI:", "label": "others", "box": [62, 720, 106, 696], "linking": []}, {"id": 24, "text": "5.04", "label": "others", "box": [345, 476, 391, 454], "linking": []}, {"id": 25, "text": " Card Entry:", "label": "others", "box": [57, 530, 175, 507], "linking": []}, {"id": 26, "text": " Trans Type:", "label": "others", "box": [59, 557, 175, 533], "linking": []}, {"id": 27, "text": " 00000058", "label": "others", "box": [190, 585, 280, 561], "linking": []}, {"id": 28, "text": " AMERICAN EXPRESS", "label": "others", "box": [170, 612, 342, 588], "linking": []}, {"id": 29, "text": " 864372", "label": "others", "box": [139, 638, 208, 614], "linking": []}, {"id": 30, "text": " A000000025010801", "label": "others", "box": [109, 665, 278, 641], "linking": []}, {"id": 31, "text": " 0000008000", "label": "others", "box": [109, 692, 219, 668], "linking": []}, {"id": 32, "text": " E800", "label": "others", "box": [110, 720, 155, 696], "linking": []}, {"id": 33, "text": "Subtotal", "label": "others", "box": [63, 774, 148, 751], "linking": []}, {"id": 34, "text": "Tax 6%", "label": "others", "box": [66, 802, 129, 779], "linking": []}, {"id": 35, "text": "Total", "label": "others", "box": [66, 828, 119, 805], "linking": []}, {"id": 36, "text": "Change Due", "label": "others", "box": [35, 859, 240, 833], "linking": []}, {"id": 37, "text": "$4.75", "label": "sub total", "box": [330, 776, 385, 753], "linking": []}, {"id": 38, "text": "$0.29", "label": "2 tax total", "box": [331, 805, 385, 782], "linking": []}, {"id": 39, "text": "$5.04", "label": "total amount", "box": [332, 833, 387, 809], "linking": []}, {"id": 40, "text": "$0.00", "label": "others", "box": [344, 862, 447, 836], "linking": []}, {"id": 41, "text": "Check Closed", "label": "others", "box": [156, 912, 286, 888], "linking": []}, {"id": 42, "text": " 11/21/2019 03:44 PM", "label": "others", "box": [139, 941, 339, 915], "linking": []}, {"id": 43, "text": "Join our loyalty program", "label": "others", "box": [113, 1085, 370, 1052], "linking": []}, {"id": 44, "text": "Sign up for promotional emails", "label": "others", "box": [83, 1141, 404, 1103], "linking": []}, {"id": 45, "text": "Or download our app", "label": "others", "box": [133, 1195, 339, 1160], "linking": []}, {"id": 46, "text": "Some restrictions apply", "label": "others", "box": [115, 1253, 361, 1216], "linking": []}, {"id": 47, "text": "Starbucks Rewards\u00ae", "label": "others", "box": [143, 1109, 338, 1078], "linking": []}, {"id": 48, "text": "Visit Starbucks.com/rewards", "label": "others", "box": [95, 1169, 382, 1129], "linking": []}, {"id": 49, "text": "At participating stores", "label": "others", "box": [116, 1224, 362, 1187], "linking": []}]