[{"id": 0, "text": "merchant name", "label": "others", "box": [279, 136, 383, 116], "linking": []}, {"id": 1, "text": "merchant address", "label": "others", "box": [218, 188, 439, 162], "linking": []}, {"id": 2, "text": "merchant address", "label": "others", "box": [226, 210, 433, 188], "linking": []}, {"id": 3, "text": " GSTN", "label": "others", "box": [194, 234, 254, 213], "linking": []}, {"id": 4, "text": " :- 06AACFL4844P1ZW", "label": "others", "box": [258, 234, 463, 214], "linking": []}, {"id": 5, "text": "[RETAIL INVOICE]", "label": "others", "box": [243, 307, 420, 286], "linking": []}, {"id": 6, "text": "194010000042661", "label": "others", "box": [260, 342, 424, 322], "linking": []}, {"id": 7, "text": " 2019-03-11 21 38:22", "label": "others", "box": [261, 367, 446, 346], "linking": []}, {"id": 8, "text": "0000", "label": "others", "box": [261, 389, 308, 371], "linking": []}, {"id": 9, "text": "Cashier", "label": "others", "box": [260, 414, 332, 397], "linking": []}, {"id": 10, "text": "Bill No", "label": "others", "box": [66, 340, 130, 321], "linking": []}, {"id": 11, "text": "Bill Date", "label": "others", "box": [67, 365, 148, 346], "linking": []}, {"id": 12, "text": "Card No", "label": "others", "box": [70, 391, 152, 371], "linking": []}, {"id": 13, "text": "Cashier", "label": "others", "box": [70, 415, 146, 395], "linking": []}, {"id": 14, "text": "Description", "label": "others", "box": [72, 460, 181, 443], "linking": []}, {"id": 15, "text": "Oty", "label": "others", "box": [375, 459, 410, 439], "linking": []}, {"id": 16, "text": "Amount", "label": "others", "box": [425, 457, 497, 440], "linking": []}, {"id": 17, "text": "Chef Special Sizzler", "label": "0 description beginning", "box": [68, 507, 259, 487], "linking": []}, {"id": 18, "text": "275", "label": "5 total price per item", "box": [431, 502, 468, 483], "linking": []}, {"id": 19, "text": " Bill", "label": "others", "box": [67, 556, 98, 536], "linking": []}, {"id": 20, "text": "Discount", "label": "others", "box": [65, 579, 152, 560], "linking": []}, {"id": 21, "text": "Taxable Amount", "label": "others", "box": [69, 604, 222, 584], "linking": []}, {"id": 22, "text": "SGST @2 5%", "label": "others", "box": [65, 629, 211, 608], "linking": []}, {"id": 23, "text": "CGST @2 5%", "label": "others", "box": [63, 655, 212, 632], "linking": []}, {"id": 24, "text": " R.", "label": "others", "box": [64, 680, 88, 660], "linking": []}, {"id": 25, "text": " Total", "label": "others", "box": [102, 556, 151, 536], "linking": []}, {"id": 26, "text": "Rs 275", "label": "sub total", "box": [334, 551, 402, 532], "linking": []}, {"id": 27, "text": " Rs.", "label": "others", "box": [334, 574, 363, 556], "linking": []}, {"id": 28, "text": " Rs.", "label": "others", "box": [334, 600, 364, 580], "linking": []}, {"id": 29, "text": "Rs 6.88", "label": "2 tax total", "box": [334, 624, 406, 605], "linking": []}, {"id": 30, "text": "Rs 6.88", "label": "2 tax total", "box": [332, 649, 406, 629], "linking": []}, {"id": 31, "text": "Rs. 0.24", "label": "others", "box": [332, 674, 405, 654], "linking": []}, {"id": 32, "text": " 0", "label": "others", "box": [366, 574, 381, 556], "linking": []}, {"id": 33, "text": " 275", "label": "others", "box": [367, 600, 402, 579], "linking": []}, {"id": 34, "text": " Off", "label": "others", "box": [91, 680, 128, 660], "linking": []}, {"id": 35, "text": "Amount Payable Rs. 289", "label": "total amount", "box": [215, 725, 442, 703], "linking": []}, {"id": 36, "text": " Order No", "label": "others", "box": [264, 774, 346, 754], "linking": []}, {"id": 37, "text": " : 109", "label": "others", "box": [350, 775, 398, 755], "linking": []}]