[{"id": 0, "text": "merchant name", "label": "others", "box": [481, 248, 611, 201], "linking": []}, {"id": 1, "text": "merchant address", "label": "others", "box": [227, 337, 697, 269], "linking": []}, {"id": 2, "text": "merchant address", "label": "others", "box": [495, 380, 719, 337], "linking": []}, {"id": 3, "text": "merchant address", "label": "others", "box": [99, 309, 200, 256], "linking": []}, {"id": 4, "text": "merchant address", "label": "others", "box": [113, 363, 222, 313], "linking": []}, {"id": 5, "text": "merchant address", "label": "others", "box": [703, 338, 886, 297], "linking": []}, {"id": 6, "text": "merchant address", "label": "others", "box": [893, 338, 1006, 299], "linking": []}, {"id": 7, "text": "merchant address", "label": "others", "box": [725, 380, 1004, 340], "linking": []}, {"id": 8, "text": "merchant address", "label": "others", "box": [237, 376, 482, 323], "linking": []}, {"id": 9, "text": " OrderId:", "label": "others", "box": [36, 638, 230, 585], "linking": []}, {"id": 10, "text": " 29AACCB5438N178", "label": "others", "box": [191, 691, 533, 639], "linking": []}, {"id": 11, "text": " 06 Nov 2019 14:17 PM", "label": "others", "box": [169, 743, 617, 694], "linking": []}, {"id": 12, "text": " ORD10401680", "label": "others", "box": [237, 638, 482, 594], "linking": []}, {"id": 13, "text": " GSTIN:", "label": "others", "box": [32, 691, 184, 631], "linking": []}, {"id": 14, "text": " Date:", "label": "others", "box": [36, 736, 163, 687], "linking": []}, {"id": 15, "text": "Item Name", "label": "others", "box": [38, 843, 247, 789], "linking": []}, {"id": 16, "text": " Qty", "label": "others", "box": [853, 840, 942, 790], "linking": []}, {"id": 17, "text": " Price", "label": "others", "box": [955, 839, 1071, 788], "linking": []}, {"id": 18, "text": "Penci", "label": "0 description beginning", "box": [30, 940, 154, 895], "linking": []}, {"id": 19, "text": "merchant address", "label": "others", "box": [35, 1000, 208, 953], "linking": [[19, 22]]}, {"id": 20, "text": "1\u00d760 60", "label": "e quantity", "box": [838, 944, 988, 891], "linking": []}, {"id": 21, "text": "merchant phone", "label": "others", "box": [837, 993, 1030, 947], "linking": []}, {"id": 22, "text": " Patty", "label": "1 description inside", "box": [215, 1005, 335, 956], "linking": [[19, 22]]}, {"id": 23, "text": " Total", "label": "others", "box": [32, 1110, 159, 1057], "linking": []}, {"id": 24, "text": " Sub", "label": "others", "box": [33, 1145, 108, 1110], "linking": []}, {"id": 25, "text": " Quantity", "label": "others", "box": [169, 1112, 360, 1058], "linking": []}, {"id": 26, "text": " total", "label": "others", "box": [127, 1145, 240, 1112], "linking": []}, {"id": 27, "text": "2", "label": "others", "box": [828, 1092, 856, 1057], "linking": []}, {"id": 28, "text": "505", "label": "sub total", "box": [952, 1134, 1012, 1098], "linking": []}, {"id": 29, "text": " Net", "label": "others", "box": [24, 1239, 105, 1195], "linking": []}, {"id": 30, "text": " Amount", "label": "others", "box": [113, 1236, 274, 1191], "linking": []}, {"id": 31, "text": "305", "label": "total amount", "box": [970, 1224, 1038, 1170], "linking": []}, {"id": 32, "text": " *", "label": "others", "box": [211, 1342, 249, 1299], "linking": []}, {"id": 33, "text": " GST", "label": "others", "box": [255, 1342, 356, 1294], "linking": []}, {"id": 34, "text": " included", "label": "others", "box": [362, 1340, 565, 1289], "linking": []}, {"id": 35, "text": " in", "label": "others", "box": [574, 1336, 631, 1289], "linking": []}, {"id": 36, "text": " item", "label": "others", "box": [643, 1334, 747, 1289], "linking": []}, {"id": 37, "text": "Rs.7.26", "label": "2 tax total", "box": [736, 1389, 903, 1338], "linking": []}, {"id": 38, "text": "26", "label": "others", "box": [859, 1437, 906, 1389], "linking": []}, {"id": 39, "text": " price", "label": "others", "box": [754, 1332, 876, 1291], "linking": []}, {"id": 40, "text": "CGST", "label": "others", "box": [8, 1409, 113, 1358], "linking": []}, {"id": 41, "text": "ionep", "label": "others", "box": [49, 1581, 167, 1541], "linking": []}, {"id": 42, "text": "---", "label": "others", "box": [206, 1913, 216, 1864], "linking": []}, {"id": 43, "text": " Printed on 06 Nov 2019 14:17 PM", "label": "others", "box": [24, 2088, 801, 2015], "linking": []}, {"id": 44, "text": " Thank", "label": "others", "box": [297, 2140, 426, 2088], "linking": []}, {"id": 45, "text": " You, Visit us again", "label": "others", "box": [435, 2138, 897, 2085], "linking": []}, {"id": 46, "text": "X ---- - - - ----- X", "label": "others", "box": [439, 2197, 734, 2157], "linking": []}]