[{"id": 0, "text": "merchant name", "label": "others", "box": [892, 330, 1473, 119], "linking": []}, {"id": 1, "text": "BAR AND GRILL", "label": "others", "box": [1073, 406, 1301, 381], "linking": []}, {"id": 2, "text": "Food the way it ought to be,", "label": "others", "box": [1001, 436, 1330, 406], "linking": []}, {"id": 3, "text": "priced the way it used to be!", "label": "others", "box": [1000, 466, 1340, 436], "linking": []}, {"id": 4, "text": "merchant name", "label": "others", "box": [995, 377, 1391, 312], "linking": []}, {"id": 5, "text": "2019-11-06", "label": "others", "box": [906, 528, 1031, 499], "linking": []}, {"id": 6, "text": " 19:01:25", "label": "others", "box": [1355, 521, 1452, 495], "linking": []}, {"id": 7, "text": " RECEIPT", "label": "others", "box": [908, 621, 998, 594], "linking": []}, {"id": 8, "text": " ORDER #", "label": "others", "box": [910, 652, 999, 624], "linking": []}, {"id": 9, "text": " : 12", "label": "others", "box": [981, 679, 1031, 656], "linking": []}, {"id": 10, "text": " : Keri", "label": "others", "box": [992, 710, 1065, 685], "linking": []}, {"id": 11, "text": " : 1", "label": "others", "box": [970, 741, 1009, 718], "linking": []}, {"id": 12, "text": " : 108552", "label": "others", "box": [1002, 620, 1100, 592], "linking": []}, {"id": 13, "text": " : 74997", "label": "others", "box": [1003, 650, 1090, 622], "linking": []}, {"id": 14, "text": " TABLE", "label": "others", "box": [911, 681, 976, 657], "linking": []}, {"id": 15, "text": " SERVER", "label": "others", "box": [912, 711, 988, 687], "linking": []}, {"id": 16, "text": " SEAT", "label": "others", "box": [912, 741, 966, 718], "linking": []}, {"id": 17, "text": "QTY DESCRIPTION", "label": "others", "box": [912, 835, 1091, 805], "linking": []}, {"id": 18, "text": "TOTAL", "label": "others", "box": [1398, 827, 1445, 805], "linking": []}, {"id": 19, "text": " ***** Seat", "label": "others", "box": [1078, 924, 1204, 899], "linking": []}, {"id": 20, "text": " 1", "label": "others", "box": [1207, 923, 1227, 899], "linking": []}, {"id": 21, "text": " *****", "label": "others", "box": [1230, 922, 1291, 899], "linking": []}, {"id": 22, "text": "1", "label": "e quantity", "box": [915, 987, 930, 963], "linking": []}, {"id": 23, "text": "Top Sirloin & Lobster Tail", "label": "0 description beginning", "box": [961, 985, 1266, 957], "linking": []}, {"id": 24, "text": "Fries & Gravy", "label": "1 description inside", "box": [961, 1017, 1115, 991], "linking": []}, {"id": 25, "text": "Coke", "label": "0 description beginning", "box": [959, 1046, 1011, 1022], "linking": []}, {"id": 26, "text": "$20.00", "label": "5 total price per item", "box": [1384, 980, 1454, 955], "linking": []}, {"id": 27, "text": "$1.25", "label": "5 total price per item", "box": [1398, 1012, 1455, 985], "linking": []}, {"id": 28, "text": "$2.99", "label": "5 total price per item", "box": [1396, 1041, 1457, 1017], "linking": []}, {"id": 29, "text": "1", "label": "e quantity", "box": [915, 1048, 931, 1026], "linking": []}, {"id": 30, "text": "SUBTOTAL", "label": "others", "box": [1243, 1134, 1336, 1112], "linking": []}, {"id": 31, "text": "HONEST TO GOODNESS FEE 3.0%", "label": "others", "box": [1019, 1166, 1339, 1142], "linking": []}, {"id": 32, "text": "HARMONIZED SALES TAX", "label": "others", "box": [1102, 1199, 1341, 1171], "linking": []}, {"id": 33, "text": "TOTAL", "label": "others", "box": [1280, 1227, 1340, 1202], "linking": []}, {"id": 34, "text": "$24.24", "label": "sub total", "box": [1384, 1135, 1458, 1109], "linking": []}, {"id": 35, "text": "$0.73", "label": "others", "box": [1397, 1164, 1458, 1139], "linking": []}, {"id": 36, "text": "$3.24", "label": "2 tax total", "box": [1397, 1194, 1459, 1170], "linking": []}, {"id": 37, "text": "$28.21", "label": "total amount", "box": [1386, 1227, 1456, 1201], "linking": []}, {"id": 38, "text": " $4", "label": "others", "box": [950, 1329, 975, 1297], "linking": []}, {"id": 39, "text": " -", "label": "others", "box": [981, 1328, 1002, 1297], "linking": []}, {"id": 40, "text": "1/2 Price Appetizers After 9PM", "label": "others", "box": [1001, 1356, 1356, 1326], "linking": []}, {"id": 41, "text": "$9 - 54oz. Domestic Pitchers, Every Thurs", "label": "others", "box": [938, 1384, 1428, 1357], "linking": []}, {"id": 42, "text": "$6.50 - Chuck's Size Caesars", "label": "others", "box": [1008, 1414, 1344, 1390], "linking": []}, {"id": 43, "text": " 18oz. Domestic Draught, 11AM", "label": "others", "box": [1008, 1328, 1342, 1294], "linking": []}, {"id": 44, "text": " -", "label": "others", "box": [1348, 1323, 1363, 1293], "linking": []}, {"id": 45, "text": " 5PM", "label": "others", "box": [1369, 1323, 1419, 1292], "linking": []}, {"id": 46, "text": "HST# 761093319 RT0001", "label": "others", "box": [1057, 1509, 1306, 1479], "linking": []}, {"id": 47, "text": "merchant address", "label": "others", "box": [985, 1571, 1367, 1542], "linking": []}, {"id": 48, "text": "merchant address", "label": "others", "box": [1197, 1599, 1287, 1574], "linking": []}, {"id": 49, "text": "merchant phone", "label": "others", "box": [1113, 1633, 1274, 1602], "linking": []}, {"id": 50, "text": "merchant address", "label": "others", "box": [1082, 1602, 1187, 1575], "linking": []}]