[{"id": 0, "text": "merchant name", "label": "others", "box": [289, 141, 942, 77], "linking": []}, {"id": 1, "text": "merchant name", "label": "others", "box": [287, 205, 1046, 145], "linking": []}, {"id": 2, "text": " Order #:", "label": "others", "box": [287, 348, 488, 294], "linking": []}, {"id": 3, "text": "6", "label": "others", "box": [281, 418, 319, 375], "linking": []}, {"id": 4, "text": " Server:", "label": "others", "box": [283, 496, 461, 443], "linking": []}, {"id": 5, "text": " 2019-11-20 13:17:36", "label": "others", "box": [272, 559, 780, 508], "linking": []}, {"id": 6, "text": " 1002-28382 Check:", "label": "others", "box": [498, 347, 1003, 292], "linking": []}, {"id": 7, "text": " 1", "label": "others", "box": [1013, 345, 1040, 294], "linking": []}, {"id": 8, "text": " Ignacia", "label": "others", "box": [470, 498, 658, 445], "linking": []}, {"id": 9, "text": "CREDIT CARD SALE", "label": "others", "box": [447, 763, 969, 709], "linking": []}, {"id": 10, "text": " AMEX", "label": "others", "box": [266, 907, 413, 854], "linking": []}, {"id": 11, "text": " Ref #:", "label": "others", "box": [266, 984, 415, 930], "linking": []}, {"id": 12, "text": " Auth Code:", "label": "others", "box": [270, 1060, 544, 1006], "linking": []}, {"id": 13, "text": " ...", "label": "others", "box": [422, 907, 465, 855], "linking": []}, {"id": 14, "text": " 1481112254", "label": "others", "box": [425, 984, 724, 931], "linking": []}, {"id": 15, "text": " 1008", "label": "others", "box": [474, 908, 598, 855], "linking": []}, {"id": 16, "text": " 587026", "label": "others", "box": [554, 1059, 741, 1006], "linking": []}, {"id": 17, "text": " Amount:", "label": "others", "box": [635, 1198, 857, 1145], "linking": []}, {"id": 18, "text": "$ 52.61", "label": "sub total", "box": [959, 1202, 1144, 1144], "linking": []}, {"id": 19, "text": "100", "label": "3 tip", "box": [1021, 1355, 1155, 1228], "linking": []}, {"id": 20, "text": "6261", "label": "total amount", "box": [984, 1477, 1160, 1354], "linking": []}, {"id": 21, "text": " Gratuity:", "label": "others", "box": [635, 1356, 862, 1293], "linking": []}, {"id": 22, "text": " Total:", "label": "others", "box": [716, 1504, 859, 1446], "linking": []}, {"id": 23, "text": " Signed:", "label": "others", "box": [225, 1742, 422, 1676], "linking": []}, {"id": 24, "text": "Merchant Copy", "label": "others", "box": [497, 1948, 906, 1876], "linking": []}]