[{"id": 0, "text": "merchant name", "label": "others", "box": [430, 393, 964, 336], "linking": []}, {"id": 1, "text": "merchant address", "label": "others", "box": [529, 458, 869, 403], "linking": []}, {"id": 2, "text": "merchant address", "label": "others", "box": [328, 524, 1067, 461], "linking": []}, {"id": 3, "text": "merchant address", "label": "others", "box": [484, 584, 916, 528], "linking": []}, {"id": 4, "text": "merchant phone", "label": "others", "box": [556, 647, 869, 593], "linking": []}, {"id": 5, "text": "BISTRO eat drink connect", "label": "others", "box": [333, 710, 1067, 652], "linking": []}, {"id": 6, "text": " 7 Nov'19 6:12 AM", "label": "others", "box": [514, 773, 924, 717], "linking": []}, {"id": 7, "text": " Check", "label": "others", "box": [209, 893, 324, 838], "linking": []}, {"id": 8, "text": " Table:", "label": "others", "box": [212, 954, 367, 901], "linking": []}, {"id": 9, "text": " Server", "label": "others", "box": [213, 1018, 357, 967], "linking": []}, {"id": 10, "text": " Card Type:", "label": "others", "box": [210, 1080, 476, 1026], "linking": []}, {"id": 11, "text": " Acct Num:", "label": "others", "box": [218, 1142, 469, 1089], "linking": []}, {"id": 12, "text": " Auth Code:", "label": "others", "box": [216, 1206, 477, 1150], "linking": []}, {"id": 13, "text": " Customer:", "label": "others", "box": [213, 1266, 467, 1212], "linking": []}, {"id": 14, "text": " :", "label": "others", "box": [334, 893, 364, 839], "linking": []}, {"id": 15, "text": "CHK 5109", "label": "others", "box": [490, 892, 693, 840], "linking": []}, {"id": 16, "text": "8/2", "label": "others", "box": [491, 956, 574, 902], "linking": []}, {"id": 17, "text": "58949 Guadalupe", "label": "others", "box": [492, 1016, 869, 963], "linking": []}, {"id": 18, "text": " AMERICAN EXPRESS", "label": "others", "box": [486, 1080, 892, 1023], "linking": []}, {"id": 19, "text": " *********** 1005", "label": "others", "box": [492, 1136, 871, 1086], "linking": []}, {"id": 20, "text": " 578654", "label": "others", "box": [486, 1201, 646, 1148], "linking": []}, {"id": 21, "text": " :", "label": "others", "box": [365, 1017, 394, 971], "linking": []}, {"id": 22, "text": " Amount", "label": "others", "box": [220, 1389, 520, 1332], "linking": []}, {"id": 23, "text": " :", "label": "others", "box": [530, 1386, 561, 1332], "linking": []}, {"id": 24, "text": "$6.03", "label": "sub total", "box": [966, 1385, 1213, 1328], "linking": []}, {"id": 25, "text": "GRATUITY", "label": "others", "box": [374, 1566, 574, 1513], "linking": []}, {"id": 26, "text": "TOTAL", "label": "others", "box": [399, 1691, 523, 1639], "linking": []}, {"id": 27, "text": "SIGNATURE Rebeca slaughter", "label": "others", "box": [346, 1833, 1239, 1720], "linking": []}, {"id": 28, "text": "Thank you for joining us", "label": "others", "box": [423, 1943, 1026, 1883], "linking": []}, {"id": 29, "text": "at Courtyard by Marriott !", "label": "others", "box": [393, 2005, 1051, 1946], "linking": []}, {"id": 30, "text": "4.03", "label": "total amount", "box": [711, 1687, 958, 1590], "linking": []}]