[{"id": 0, "text": "merchant name", "label": "others", "box": [35, 191, 300, 158], "linking": []}, {"id": 1, "text": " GST NO:", "label": "others", "box": [41, 219, 125, 192], "linking": []}, {"id": 2, "text": " 06AADCC9070A1Z1", "label": "others", "box": [129, 216, 312, 185], "linking": []}, {"id": 3, "text": " 394", "label": "others", "box": [216, 240, 258, 217], "linking": []}, {"id": 4, "text": " KOT", "label": "others", "box": [147, 243, 188, 219], "linking": []}, {"id": 5, "text": " -", "label": "others", "box": [192, 241, 212, 218], "linking": []}, {"id": 6, "text": " Invoice", "label": "others", "box": [58, 322, 142, 300], "linking": []}, {"id": 7, "text": " Order Time:", "label": "others", "box": [57, 381, 189, 355], "linking": []}, {"id": 8, "text": " Order Status:", "label": "others", "box": [58, 411, 200, 386], "linking": []}, {"id": 9, "text": "Veg Grain Bowl", "label": "0 description beginning", "box": [59, 448, 222, 421], "linking": []}, {"id": 10, "text": " #F00QWG7255", "label": "others", "box": [157, 321, 289, 298], "linking": []}, {"id": 11, "text": " Name:", "label": "others", "box": [56, 352, 117, 327], "linking": []}, {"id": 12, "text": " 20:33 05-09-2019", "label": "others", "box": [193, 383, 392, 355], "linking": []}, {"id": 13, "text": " confirmed", "label": "others", "box": [205, 413, 319, 386], "linking": []}, {"id": 14, "text": " 1", "label": "e quantity", "box": [318, 454, 336, 426], "linking": []}, {"id": 15, "text": " \u00d7 85.72", "label": "5 total price per item", "box": [340, 456, 436, 427], "linking": []}, {"id": 16, "text": " CGST @ 2.50%", "label": "others", "box": [168, 549, 319, 513], "linking": []}, {"id": 17, "text": " =", "label": "others", "box": [322, 551, 345, 523], "linking": []}, {"id": 18, "text": " =", "label": "others", "box": [323, 585, 345, 556], "linking": []}, {"id": 19, "text": " 2.14", "label": "2 tax total", "box": [347, 556, 407, 525], "linking": []}, {"id": 20, "text": " 2.14", "label": "2 tax total", "box": [348, 590, 409, 558], "linking": []}, {"id": 21, "text": " SGST @ 2.50%", "label": "others", "box": [170, 583, 319, 544], "linking": []}, {"id": 22, "text": "Total = 90.0", "label": "total amount", "box": [205, 619, 360, 576], "linking": []}, {"id": 23, "text": " -20:33:46 05-09-2019", "label": "others", "box": [130, 687, 375, 638], "linking": []}, {"id": 24, "text": "1.0.57", "label": "others", "box": [224, 742, 300, 705], "linking": []}, {"id": 25, "text": "----", "label": "others", "box": [67, 659, 115, 642], "linking": []}]