[{"id": 0, "text": "68.14", "label": "total amount", "box": [99, 52, 223, 12], "linking": []}, {"id": 1, "text": "Custom Amount", "label": "others", "box": [31, 91, 111, 80], "linking": []}, {"id": 2, "text": "$68.14", "label": "others", "box": [254, 91, 290, 80], "linking": []}, {"id": 3, "text": "Total", "label": "others", "box": [32, 120, 57, 109], "linking": []}, {"id": 4, "text": "$68.14", "label": "total amount", "box": [254, 120, 290, 109], "linking": []}, {"id": 5, "text": "Malle", "label": "others", "box": [127, 178, 170, 146], "linking": []}, {"id": 6, "text": "NW 87TH AVE", "label": "others", "box": [286, 255, 295, 206], "linking": []}, {"id": 7, "text": "CACHE", "label": "others", "box": [268, 274, 295, 264], "linking": []}, {"id": 8, "text": "WW. 33RD ST", "label": "others", "box": [24, 231, 70, 222], "linking": []}, {"id": 9, "text": "NW 33RD ST", "label": "others", "box": [216, 229, 264, 219], "linking": []}, {"id": 10, "text": "Broward Health", "label": "others", "box": [30, 268, 96, 259], "linking": []}, {"id": 11, "text": "Coral Springs", "label": "others", "box": [33, 278, 87, 268], "linking": []}, {"id": 12, "text": "NW.31ST CT", "label": "others", "box": [97, 265, 154, 255], "linking": []}, {"id": 13, "text": "N'UND", "label": "others", "box": [156, 296, 163, 271], "linking": []}, {"id": 14, "text": "merchant name", "label": "others", "box": [127, 322, 194, 312], "linking": []}, {"id": 15, "text": "merchant address", "label": "others", "box": [96, 341, 224, 329], "linking": []}, {"id": 16, "text": "merchant address", "label": "others", "box": [101, 358, 220, 346], "linking": []}, {"id": 17, "text": "merchant phone", "label": "others", "box": [126, 374, 195, 362], "linking": []}, {"id": 18, "text": " AMEX", "label": "others", "box": [32, 442, 63, 430], "linking": []}, {"id": 19, "text": " 1001", "label": "others", "box": [65, 443, 88, 430], "linking": []}, {"id": 20, "text": " (Chip)", "label": "others", "box": [90, 444, 123, 430], "linking": []}, {"id": 21, "text": "Nov 12", "label": "others", "box": [252, 441, 290, 430], "linking": []}, {"id": 22, "text": "2019", "label": "others", "box": [263, 457, 289, 446], "linking": []}, {"id": 23, "text": " at 6:31", "label": "others", "box": [256, 472, 290, 461], "linking": []}, {"id": 24, "text": "PM", "label": "others", "box": [272, 487, 287, 477], "linking": []}, {"id": 25, "text": "#50Cm", "label": "others", "box": [251, 504, 290, 493], "linking": []}, {"id": 26, "text": "Auth", "label": "others", "box": [266, 520, 290, 509], "linking": []}, {"id": 27, "text": " code:", "label": "others", "box": [260, 536, 289, 526], "linking": []}, {"id": 28, "text": "805414", "label": "others", "box": [251, 551, 290, 540], "linking": []}, {"id": 29, "text": " AID:", "label": "others", "box": [31, 581, 52, 569], "linking": []}, {"id": 30, "text": " Signature", "label": "others", "box": [30, 598, 78, 586], "linking": []}, {"id": 31, "text": " A000000025010801", "label": "others", "box": [54, 581, 154, 569], "linking": []}, {"id": 32, "text": " Verified", "label": "others", "box": [80, 597, 119, 586], "linking": []}]