[{"id": 0, "text": "ORDER #58091038968", "label": "others", "box": [166, 98, 742, 51], "linking": []}, {"id": 1, "text": " Delivered |", "label": "others", "box": [171, 147, 373, 107], "linking": []}, {"id": 2, "text": " 1 Item \u20b9 346", "label": "others", "box": [381, 147, 585, 107], "linking": []}, {"id": 3, "text": "HELP", "label": "others", "box": [1270, 118, 1388, 76], "linking": []}, {"id": 4, "text": "merchant name", "label": "others", "box": [172, 338, 478, 289], "linking": []}, {"id": 5, "text": "merchant name", "label": "others", "box": [170, 392, 599, 351], "linking": []}, {"id": 6, "text": "merchant name", "label": "others", "box": [607, 393, 668, 351], "linking": []}, {"id": 7, "text": "merchant address", "label": "others", "box": [676, 394, 952, 350], "linking": []}, {"id": 8, "text": "merchant address", "label": "others", "box": [959, 394, 1309, 350], "linking": []}, {"id": 9, "text": "merchant address", "label": "others", "box": [1316, 394, 1341, 351], "linking": []}, {"id": 10, "text": " ...", "label": "others", "box": [1348, 394, 1386, 351], "linking": []}, {"id": 11, "text": "Other", "label": "others", "box": [170, 572, 329, 524], "linking": []}, {"id": 12, "text": " Oasis Mall, Oasis Mall, 100", "label": "others", "box": [172, 626, 658, 585], "linking": []}, {"id": 13, "text": " Feet Road, Avs", "label": "others", "box": [665, 628, 946, 585], "linking": []}, {"id": 14, "text": " Layout,", "label": "others", "box": [953, 629, 1090, 585], "linking": []}, {"id": 15, "text": " Koramangala ,...", "label": "others", "box": [1097, 631, 1385, 585], "linking": []}, {"id": 16, "text": "V", "label": "others", "box": [73, 869, 149, 808], "linking": []}, {"id": 17, "text": " Order delivered on November 29, 2:16 PM", "label": "others", "box": [179, 857, 962, 814], "linking": []}, {"id": 18, "text": "BILL DETAILS", "label": "others", "box": [55, 1115, 294, 1081], "linking": []}, {"id": 19, "text": "McSaver McSpicy Chicken Meal with Whole Wheat", "label": "0 description beginning", "box": [119, 1285, 1155, 1238], "linking": []}, {"id": 20, "text": "Bun x 1", "label": "e quantity", "box": [124, 1327, 270, 1286], "linking": []}, {"id": 21, "text": "\u53ea296.20", "label": "5 total price per item", "box": [1208, 1302, 1385, 1262], "linking": []}, {"id": 22, "text": "Item Total", "label": "others", "box": [55, 1475, 237, 1437], "linking": []}, {"id": 23, "text": "\u20b9296.20", "label": "total amount", "box": [1225, 1475, 1388, 1435], "linking": []}, {"id": 24, "text": "GST", "label": "others", "box": [58, 1543, 138, 1507], "linking": []}, {"id": 25, "text": "\u592916.47", "label": "2 tax total", "box": [1264, 1544, 1384, 1506], "linking": []}, {"id": 26, "text": "Order Packing Charges", "label": "others", "box": [53, 1621, 490, 1577], "linking": []}, {"id": 27, "text": "Delivery Charges", "label": "others", "box": [52, 1691, 374, 1646], "linking": []}, {"id": 28, "text": "\u20b933.34", "label": "others", "box": [1256, 1614, 1387, 1575], "linking": []}, {"id": 29, "text": " Paid Via", "label": "others", "box": [54, 1832, 200, 1788], "linking": []}, {"id": 30, "text": " LazyPay", "label": "others", "box": [208, 1834, 364, 1789], "linking": []}, {"id": 31, "text": "Total", "label": "others", "box": [1058, 1829, 1166, 1788], "linking": []}, {"id": 32, "text": "7346", "label": "total amount", "box": [1278, 1828, 1388, 1788], "linking": []}]