[{"id": 0, "text": "+12 Beach Club", "label": "0 description beginning", "box": [459, 59, 530, 47], "linking": []}, {"id": 1, "text": ". . UNWICH", "label": "1 description inside", "box": [469, 72, 514, 60], "linking": []}, {"id": 2, "text": "X avocado", "label": "1 description inside", "box": [466, 85, 517, 72], "linking": []}, {"id": 3, "text": "x turkey", "label": "1 description inside", "box": [466, 99, 511, 86], "linking": []}, {"id": 4, "text": "Oatmeal Coukie", "label": "0 description beginning", "box": [455, 114, 536, 97], "linking": []}, {"id": 5, "text": "Jalapeno Chips", "label": "0 description beginning", "box": [458, 127, 530, 112], "linking": []}, {"id": 6, "text": "7.59", "label": "5 total price per item", "box": [626, 54, 650, 43], "linking": []}, {"id": 7, "text": "JAR", "label": "others", "box": [206, 111, 254, 68], "linking": []}, {"id": 8, "text": " -- Ready At 11:15 AM --", "label": "others", "box": [244, 155, 359, 133], "linking": []}, {"id": 9, "text": " AINAN", "label": "others", "box": [520, 84, 578, 63], "linking": []}, {"id": 10, "text": " *", "label": "others", "box": [584, 81, 600, 63], "linking": []}, {"id": 11, "text": "1.00", "label": "5 total price per item", "box": [625, 81, 650, 69], "linking": []}, {"id": 12, "text": "2.00", "label": "5 total price per item", "box": [629, 96, 650, 82], "linking": []}, {"id": 13, "text": "1.99", "label": "5 total price per item", "box": [630, 110, 649, 94], "linking": []}, {"id": 14, "text": "1.59", "label": "5 total price per item", "box": [628, 122, 649, 108], "linking": []}, {"id": 15, "text": "2.19", "label": "5 total price per item", "box": [626, 133, 648, 122], "linking": []}, {"id": 16, "text": "!DELAY !!", "label": "others", "box": [254, 124, 345, 98], "linking": []}, {"id": 17, "text": "Bottled Water", "label": "0 description beginning", "box": [456, 137, 526, 123], "linking": []}, {"id": 18, "text": " >", "label": "others", "box": [570, 148, 580, 136], "linking": []}, {"id": 19, "text": " 18.38 <-", "label": "total amount", "box": [581, 148, 625, 136], "linking": []}, {"id": 20, "text": "-=-=-=-=", "label": "others", "box": [441, 160, 484, 152], "linking": []}, {"id": 21, "text": "17 Spicy Italian", "label": "0 description beginning", "box": [459, 175, 540, 162], "linking": []}, {"id": 22, "text": "French Bread", "label": "1 description inside", "box": [467, 186, 530, 175], "linking": []}, {"id": 23, "text": "7,59", "label": "5 total price per item", "box": [626, 171, 648, 160], "linking": []}, {"id": 24, "text": "***************", "label": "others", "box": [225, 199, 378, 182], "linking": []}, {"id": 25, "text": "** DELIVERY **", "label": "others", "box": [232, 220, 375, 200], "linking": []}, {"id": 26, "text": "***************", "label": "others", "box": [227, 238, 378, 222], "linking": []}, {"id": 27, "text": "-- ONLINE ORDER-", "label": "others", "box": [223, 260, 367, 240], "linking": []}, {"id": 28, "text": "merchant name", "label": "others", "box": [325, 284, 348, 272], "linking": []}, {"id": 29, "text": "merchant address", "label": "others", "box": [253, 296, 354, 285], "linking": []}, {"id": 30, "text": "merchant phone", "label": "others", "box": [273, 308, 335, 297], "linking": []}, {"id": 31, "text": " CUI", "label": "1 description inside", "box": [467, 213, 485, 201], "linking": []}, {"id": 32, "text": "TAKE napkins", "label": "1 description inside", "box": [468, 224, 531, 213], "linking": []}, {"id": 33, "text": "880 Chips", "label": "0 description beginning", "box": [457, 237, 504, 225], "linking": []}, {"id": 34, "text": " 1/2", "label": "1 description inside", "box": [487, 213, 509, 200], "linking": []}, {"id": 35, "text": "1.59", "label": "5 total price per item", "box": [626, 235, 648, 224], "linking": []}, {"id": 36, "text": "#9 Italian Club", "label": "0 description beginning", "box": [456, 275, 535, 263], "linking": []}, {"id": 37, "text": "French Bread", "label": "1 description inside", "box": [466, 289, 570, 274], "linking": []}, {"id": 38, "text": " CUT", "label": "1 description inside", "box": [466, 301, 486, 289], "linking": []}, {"id": 39, "text": " TAKE", "label": "1 description inside", "box": [467, 313, 488, 302], "linking": []}, {"id": 40, "text": "Datmeal Cookie", "label": "0 description beginning", "box": [457, 325, 530, 314], "linking": []}, {"id": 41, "text": "Pickle (reg)", "label": "0 description beginning", "box": [456, 338, 520, 327], "linking": []}, {"id": 42, "text": "Bottled Nater", "label": "0 description beginning", "box": [456, 351, 523, 340], "linking": []}, {"id": 43, "text": "7.59", "label": "5 total price per item", "box": [626, 274, 647, 261], "linking": []}, {"id": 44, "text": "merchant name", "label": "others", "box": [259, 287, 322, 273], "linking": []}, {"id": 45, "text": " 1/2", "label": "1 description inside", "box": [488, 301, 505, 289], "linking": []}, {"id": 46, "text": " napkins", "label": "1 description inside", "box": [490, 313, 530, 302], "linking": []}, {"id": 47, "text": " 11-06-2019", "label": "others", "box": [197, 334, 252, 323], "linking": []}, {"id": 48, "text": " Online Order", "label": "others", "box": [197, 347, 258, 335], "linking": []}, {"id": 49, "text": " hk#", "label": "others", "box": [256, 334, 274, 323], "linking": []}, {"id": 50, "text": " 4", "label": "others", "box": [276, 334, 284, 323], "linking": []}, {"id": 51, "text": " 400601865", "label": "others", "box": [271, 346, 319, 336], "linking": []}, {"id": 52, "text": " Open", "label": "others", "box": [286, 334, 311, 323], "linking": []}, {"id": 53, "text": " 10", "label": "others", "box": [313, 334, 326, 323], "linking": []}, {"id": 54, "text": " 16 AN", "label": "others", "box": [328, 334, 354, 323], "linking": []}, {"id": 55, "text": "1.59", "label": "5 total price per item", "box": [625, 337, 650, 323], "linking": []}, {"id": 56, "text": "2.19", "label": "5 total price per item", "box": [623, 348, 649, 336], "linking": []}, {"id": 57, "text": " 14 <-", "label": "total amount", "box": [598, 363, 625, 350], "linking": []}, {"id": 58, "text": " #", "label": "others", "box": [260, 346, 269, 336], "linking": []}, {"id": 59, "text": "! DELAY !!", "label": "others", "box": [259, 381, 345, 360], "linking": []}, {"id": 60, "text": " - Ready At 11:15 AM --", "label": "others", "box": [248, 414, 359, 393], "linking": []}, {"id": 61, "text": "#3 Totally Tuna", "label": "0 description beginning", "box": [220, 438, 301, 423], "linking": []}, {"id": 62, "text": "French Bread", "label": "1 description inside", "box": [233, 449, 296, 438], "linking": []}, {"id": 63, "text": "X cuiunbars", "label": "1 description inside", "box": [233, 461, 292, 450], "linking": []}, {"id": 64, "text": " CUT", "label": "1 description inside", "box": [233, 473, 252, 462], "linking": []}, {"id": 65, "text": "TAKE napkins", "label": "1 description inside", "box": [233, 486, 296, 475], "linking": []}, {"id": 66, "text": "Regular Chips", "label": "0 description beginning", "box": [222, 498, 290, 487], "linking": []}, {"id": 67, "text": " 15.", "label": "total amount", "box": [582, 363, 595, 351], "linking": []}, {"id": 68, "text": "=-=", "label": "others", "box": [634, 373, 647, 365], "linking": []}, {"id": 69, "text": "Subtotal", "label": "others", "box": [559, 400, 602, 389], "linking": []}, {"id": 70, "text": "Del Fee", "label": "others", "box": [567, 413, 605, 402], "linking": []}, {"id": 71, "text": "Sales Tax (B.6%)", "label": "others", "box": [517, 426, 602, 414], "linking": []}, {"id": 72, "text": "107.11", "label": "sub total", "box": [617, 400, 648, 389], "linking": []}, {"id": 73, "text": "4.50", "label": "others", "box": [626, 414, 651, 402], "linking": []}, {"id": 74, "text": "9.6", "label": "2 tax total", "box": [626, 425, 646, 413], "linking": []}, {"id": 75, "text": "5.59", "label": "5 total price per item", "box": [389, 437, 410, 426], "linking": []}, {"id": 76, "text": "BVKED", "label": "others", "box": [302, 443, 396, 470], "linking": []}, {"id": 77, "text": "1.59", "label": "5 total price per item", "box": [381, 500, 411, 487], "linking": []}, {"id": 78, "text": " 1/2", "label": "1 description inside", "box": [254, 474, 273, 463], "linking": []}, {"id": 79, "text": "27", "label": "others", "box": [437, 496, 476, 456], "linking": []}, {"id": 80, "text": " Total", "label": "others", "box": [577, 461, 599, 440], "linking": []}, {"id": 81, "text": "*** PAID ***", "label": "others", "box": [476, 493, 602, 473], "linking": []}, {"id": 82, "text": " $", "label": "others", "box": [603, 461, 611, 440], "linking": []}, {"id": 83, "text": " 121.21", "label": "total amount", "box": [615, 461, 649, 440], "linking": []}, {"id": 84, "text": " >", "label": "others", "box": [340, 511, 347, 500], "linking": []}, {"id": 85, "text": " 9.49", "label": "total amount", "box": [349, 511, 375, 500], "linking": []}, {"id": 86, "text": "15 Vito", "label": "0 description beginning", "box": [225, 535, 261, 524], "linking": []}, {"id": 87, "text": "French Bread", "label": "1 description inside", "box": [232, 547, 296, 536], "linking": []}, {"id": 88, "text": "4.59", "label": "5 total price per item", "box": [387, 535, 410, 524], "linking": []}, {"id": 89, "text": "merchant name", "label": "others", "box": [432, 543, 575, 530], "linking": []}, {"id": 90, "text": "merchant address", "label": "others", "box": [429, 562, 517, 543], "linking": []}, {"id": 91, "text": "merchant address", "label": "others", "box": [431, 581, 456, 563], "linking": []}, {"id": 92, "text": "merchant address", "label": "others", "box": [428, 594, 474, 581], "linking": []}, {"id": 93, "text": "NO tomatops", "label": "1 description inside", "box": [233, 572, 292, 560], "linking": []}, {"id": 94, "text": "ADO pickles", "label": "1 description inside", "box": [233, 584, 291, 572], "linking": []}, {"id": 95, "text": "E-Z onion", "label": "1 description inside", "box": [234, 595, 281, 584], "linking": []}, {"id": 96, "text": "ND lettuce", "label": "1 description inside", "box": [234, 608, 288, 597], "linking": []}, {"id": 97, "text": "ADD jimny mustard", "label": "1 description inside", "box": [234, 620, 322, 609], "linking": []}, {"id": 98, "text": "Add Han", "label": "1 description inside", "box": [234, 632, 270, 621], "linking": []}, {"id": 99, "text": "CUT 1/2", "label": "1 description inside", "box": [234, 644, 271, 633], "linking": []}, {"id": 100, "text": "TAKE napkins", "label": "1 description inside", "box": [235, 657, 296, 645], "linking": []}, {"id": 101, "text": " Pickle (174", "label": "0 description beginning", "box": [224, 669, 285, 658], "linking": []}, {"id": 102, "text": "Chocolate Chunk Conkie", "label": "0 description beginning", "box": [225, 681, 337, 669], "linking": []}, {"id": 103, "text": "Salt Vin Chips", "label": "0 description beginning", "box": [224, 693, 297, 681], "linking": []}, {"id": 104, "text": "Unsweetend Tea (red)", "label": "0 description beginning", "box": [224, 705, 325, 694], "linking": []}, {"id": 105, "text": "merchant phone", "label": "others", "box": [478, 593, 543, 581], "linking": []}, {"id": 106, "text": "American Express", "label": "others", "box": [431, 617, 513, 606], "linking": []}, {"id": 107, "text": "2.00", "label": "5 total price per item", "box": [391, 632, 410, 622], "linking": []}, {"id": 108, "text": " )", "label": "0 description beginning", "box": [290, 669, 296, 658], "linking": []}, {"id": 109, "text": "***************", "label": "others", "box": [460, 662, 612, 646], "linking": []}, {"id": 110, "text": "** DELIVERY **", "label": "others", "box": [465, 682, 607, 664], "linking": []}, {"id": 111, "text": "***************", "label": "others", "box": [459, 702, 615, 685], "linking": []}, {"id": 112, "text": "! IDELAYN!", "label": "others", "box": [491, 736, 579, 714], "linking": []}, {"id": 113, "text": " -- Ready At 11:15 AM --", "label": "others", "box": [479, 768, 597, 748], "linking": []}, {"id": 114, "text": "Chk# 4", "label": "others", "box": [503, 800, 571, 779], "linking": []}, {"id": 115, "text": "Delivery charges are not distributed to", "label": "others", "box": [435, 826, 636, 811], "linking": []}, {"id": 116, "text": "employees as lips.", "label": "others", "box": [485, 837, 584, 825], "linking": []}, {"id": 117, "text": "1.59", "label": "5 total price per item", "box": [380, 673, 410, 658], "linking": []}, {"id": 118, "text": "1.59", "label": "5 total price per item", "box": [389, 693, 410, 682], "linking": []}, {"id": 119, "text": "1.89", "label": "5 total price per item", "box": [388, 705, 409, 694], "linking": []}, {"id": 120, "text": " 17.60 <-", "label": "total amount", "box": [348, 718, 389, 707], "linking": []}, {"id": 121, "text": "1.99", "label": "5 total price per item", "box": [381, 682, 412, 669], "linking": []}, {"id": 122, "text": "ETIAE", "label": "others", "box": [331, 658, 385, 678], "linking": []}, {"id": 123, "text": " >", "label": "others", "box": [337, 718, 346, 707], "linking": []}, {"id": 124, "text": "-=-=-", "label": "others", "box": [200, 729, 226, 719], "linking": []}, {"id": 125, "text": "#12 Beach Club", "label": "0 description beginning", "box": [224, 742, 297, 730], "linking": []}, {"id": 126, "text": "French Bread", "label": "1 description inside", "box": [234, 755, 296, 742], "linking": []}, {"id": 127, "text": "NO mayo", "label": "1 description inside", "box": [235, 767, 272, 755], "linking": []}, {"id": 128, "text": "E-Z oregano", "label": "1 description inside", "box": [234, 780, 291, 768], "linking": []}, {"id": 129, "text": "E-Z cheese", "label": "1 description inside", "box": [234, 791, 286, 779], "linking": []}, {"id": 130, "text": "CUT 1/2", "label": "1 description inside", "box": [234, 803, 271, 791], "linking": []}, {"id": 131, "text": "Jalapeno Chips", "label": "0 description beginning", "box": [224, 816, 296, 804], "linking": []}, {"id": 132, "text": "Bottled Water", "label": "0 description beginning", "box": [224, 827, 290, 816], "linking": []}, {"id": 133, "text": "7.59", "label": "5 total price per item", "box": [363, 743, 411, 728], "linking": []}, {"id": 134, "text": "1.59", "label": "5 total price per item", "box": [389, 816, 411, 805], "linking": []}, {"id": 135, "text": "2.19", "label": "5 total price per item", "box": [388, 828, 410, 818], "linking": []}, {"id": 136, "text": " ->", "label": "others", "box": [329, 841, 343, 829], "linking": []}, {"id": 137, "text": " 12.98 <-", "label": "total amount", "box": [345, 841, 386, 829], "linking": []}, {"id": 138, "text": "-==-=-=", "label": "others", "box": [369, 852, 412, 842], "linking": []}, {"id": 139, "text": "7.55", "label": "5 total price per item", "box": [388, 865, 411, 853], "linking": []}, {"id": 140, "text": "#9 Italian Club", "label": "0 description beginning", "box": [224, 864, 301, 852], "linking": []}, {"id": 141, "text": ".. UNMICH", "label": "1 description inside", "box": [236, 876, 278, 865], "linking": []}, {"id": 142, "text": "E-Z nayo", "label": "1 description inside", "box": [236, 888, 277, 876], "linking": []}, {"id": 143, "text": "& tomatoes", "label": "1 description inside", "box": [236, 900, 292, 888], "linking": []}, {"id": 144, "text": "E-Z cucuillers", "label": "1 description inside", "box": [236, 913, 302, 899], "linking": []}, {"id": 145, "text": "NO onion", "label": "1 description inside", "box": [236, 924, 277, 912], "linking": []}, {"id": 146, "text": "E-Z sauce", "label": "1 description inside", "box": [236, 936, 283, 924], "linking": []}, {"id": 147, "text": "TAKE napkin", "label": "1 description inside", "box": [237, 949, 294, 935], "linking": []}, {"id": 148, "text": "Oatmeal Cookie", "label": "0 description beginning", "box": [225, 960, 297, 948], "linking": []}, {"id": 149, "text": "Jalapeno Chips", "label": "0 description beginning", "box": [227, 973, 297, 960], "linking": []}, {"id": 150, "text": " Pickle (1/1", "label": "0 description beginning", "box": [227, 985, 287, 973], "linking": []}, {"id": 151, "text": "Bottled Water", "label": "0 description beginning", "box": [225, 997, 293, 985], "linking": []}, {"id": 152, "text": "Look up your Freaky Fast Rewards al", "label": "others", "box": [445, 862, 624, 849], "linking": []}, {"id": 153, "text": "jimmyjonns.com.", "label": "others", "box": [495, 874, 575, 862], "linking": []}, {"id": 154, "text": "Not a member? Sign up on the app", "label": "others", "box": [455, 900, 621, 886], "linking": []}, {"id": 155, "text": " Check No:", "label": "others", "box": [451, 923, 498, 911], "linking": []}, {"id": 156, "text": " Trans Time:", "label": "others", "box": [441, 935, 499, 923], "linking": []}, {"id": 157, "text": " Trans Type:", "label": "others", "box": [441, 947, 498, 935], "linking": []}, {"id": 158, "text": " Acct No:", "label": "others", "box": [454, 959, 498, 948], "linking": []}, {"id": 159, "text": " Auth Code:", "label": "others", "box": [445, 971, 498, 960], "linking": []}, {"id": 160, "text": " 4 Reg# 33 Nob Delivery", "label": "others", "box": [500, 926, 613, 911], "linking": []}, {"id": 161, "text": " Sale", "label": "others", "box": [499, 947, 523, 935], "linking": []}, {"id": 162, "text": " Amex XX 2008", "label": "others", "box": [499, 959, 564, 948], "linking": []}, {"id": 163, "text": " Online Order # 409601865", "label": "others", "box": [500, 974, 623, 960], "linking": []}, {"id": 164, "text": " $ 121.21", "label": "total amount", "box": [499, 997, 540, 984], "linking": []}, {"id": 165, "text": " 11/6/2019 10:15 AM", "label": "others", "box": [501, 937, 594, 923], "linking": []}, {"id": 166, "text": "1.99", "label": "5 total price per item", "box": [388, 963, 409, 952], "linking": []}, {"id": 167, "text": "1.59", "label": "5 total price per item", "box": [384, 977, 413, 965], "linking": []}, {"id": 168, "text": "1.59", "label": "5 total price per item", "box": [387, 987, 412, 976], "linking": []}, {"id": 169, "text": " )", "label": "0 description beginning", "box": [290, 985, 296, 974], "linking": []}, {"id": 170, "text": " Pre Auth:", "label": "others", "box": [451, 996, 497, 984], "linking": []}, {"id": 171, "text": " ->", "label": "others", "box": [330, 1010, 345, 998], "linking": []}, {"id": 172, "text": " 16.84 <-", "label": "total amount", "box": [347, 1011, 386, 999], "linking": []}, {"id": 173, "text": "Gratuity $10.00", "label": "others", "box": [450, 1019, 533, 1008], "linking": []}, {"id": 174, "text": " GIANT $4", "label": "0 description beginning", "box": [226, 1033, 268, 1021], "linking": []}, {"id": 175, "text": "French Bread", "label": "1 description inside", "box": [237, 1044, 298, 1033], "linking": []}, {"id": 176, "text": "NO tomatoes", "label": "1 description inside", "box": [237, 1055, 294, 1044], "linking": []}, {"id": 177, "text": "ADD sprouts", "label": "1 description inside", "box": [237, 1067, 292, 1054], "linking": []}, {"id": 178, "text": "CUT 1/2", "label": "1 description inside", "box": [237, 1079, 274, 1066], "linking": []}, {"id": 179, "text": "TAKE napkins", "label": "1 description inside", "box": [237, 1091, 299, 1079], "linking": []}, {"id": 180, "text": "Salt Vin Dipa", "label": "0 description beginning", "box": [229, 1103, 298, 1091], "linking": []}, {"id": 181, "text": "Chocolate Chunk Cookie", "label": "0 description beginning", "box": [226, 1115, 338, 1102], "linking": []}, {"id": 182, "text": "Coke (ed", "label": "0 description beginning", "box": [227, 1126, 279, 1114], "linking": []}, {"id": 183, "text": " Turkey of", "label": "0 description beginning", "box": [270, 1034, 323, 1022], "linking": []}, {"id": 184, "text": " Signature:", "label": "others", "box": [444, 1069, 496, 1058], "linking": []}, {"id": 185, "text": "[ agree to pay the above total", "label": "others", "box": [463, 1096, 611, 1083], "linking": []}, {"id": 186, "text": "according to card issuer agreement", "label": "others", "box": [450, 1110, 622, 1096], "linking": []}, {"id": 187, "text": "customer Copy **", "label": "others", "box": [478, 1132, 583, 1118], "linking": []}, {"id": 188, "text": "abuse a", "label": "others", "box": [459, 1122, 517, 1107], "linking": []}, {"id": 189, "text": " 20:22", "label": "total amount", "box": [348, 1142, 379, 1129], "linking": []}, {"id": 190, "text": "1.89", "label": "5 total price per item", "box": [388, 1131, 411, 1120], "linking": []}]