[{"id": 0, "text": "merchant name", "label": "others", "box": [92, 81, 105, 69], "linking": []}, {"id": 1, "text": "merchant name", "label": "others", "box": [91, 102, 147, 82], "linking": []}, {"id": 2, "text": "merchant name", "label": "others", "box": [107, 82, 150, 69], "linking": []}, {"id": 3, "text": "merchant name", "label": "others", "box": [356, 78, 368, 66], "linking": []}, {"id": 4, "text": "merchant name", "label": "others", "box": [355, 99, 410, 78], "linking": []}, {"id": 5, "text": "merchant name", "label": "others", "box": [371, 79, 409, 66], "linking": []}, {"id": 6, "text": "merchant name", "label": "others", "box": [67, 169, 176, 153], "linking": []}, {"id": 7, "text": "merchant address", "label": "others", "box": [74, 182, 169, 169], "linking": []}, {"id": 8, "text": "merchant address", "label": "others", "box": [73, 195, 168, 181], "linking": []}, {"id": 9, "text": "merchant address", "label": "others", "box": [66, 208, 174, 194], "linking": []}, {"id": 10, "text": "merchant name", "label": "others", "box": [316, 158, 336, 145], "linking": []}, {"id": 11, "text": "merchant name", "label": "others", "box": [338, 157, 420, 142], "linking": []}, {"id": 12, "text": "merchant address", "label": "others", "box": [323, 170, 415, 155], "linking": []}, {"id": 13, "text": "merchant address", "label": "others", "box": [321, 184, 415, 169], "linking": []}, {"id": 14, "text": " Dec04' 19 10:24PM", "label": "others", "box": [350, 206, 442, 194], "linking": []}, {"id": 15, "text": "AMER EXPRESS", "label": "others", "box": [344, 219, 419, 207], "linking": []}, {"id": 16, "text": "XXXXXXXXXXX1001", "label": "others", "box": [351, 233, 437, 220], "linking": []}, {"id": 17, "text": " SWIPED", "label": "others", "box": [351, 248, 389, 235], "linking": []}, {"id": 18, "text": " PURCHASE", "label": "others", "box": [351, 263, 400, 249], "linking": []}, {"id": 19, "text": " GIG010689991361", "label": "others", "box": [351, 278, 439, 264], "linking": []}, {"id": 20, "text": " 584697", "label": "others", "box": [351, 292, 389, 278], "linking": []}, {"id": 21, "text": "1660", "label": "others", "box": [355, 304, 377, 292], "linking": []}, {"id": 22, "text": "20/4", "label": "others", "box": [353, 319, 379, 306], "linking": []}, {"id": 23, "text": " 1020 Ricky", "label": "others", "box": [355, 334, 414, 320], "linking": []}, {"id": 24, "text": "merchant address", "label": "others", "box": [319, 195, 423, 181], "linking": []}, {"id": 25, "text": " Date:", "label": "others", "box": [281, 207, 313, 195], "linking": []}, {"id": 26, "text": " Card Type:", "label": "others", "box": [282, 221, 343, 208], "linking": []}, {"id": 27, "text": " Acct #:", "label": "others", "box": [283, 235, 325, 223], "linking": []}, {"id": 28, "text": " Card Entry:", "label": "others", "box": [282, 249, 349, 235], "linking": []}, {"id": 29, "text": " Trans Type:", "label": "others", "box": [283, 264, 349, 250], "linking": []}, {"id": 30, "text": " Trans Key:", "label": "others", "box": [284, 279, 348, 264], "linking": []}, {"id": 31, "text": " Auth Code:", "label": "others", "box": [284, 293, 348, 279], "linking": []}, {"id": 32, "text": " Check:", "label": "others", "box": [283, 307, 320, 294], "linking": []}, {"id": 33, "text": " Table:", "label": "others", "box": [286, 320, 319, 308], "linking": []}, {"id": 34, "text": " Server", "label": "others", "box": [284, 335, 316, 323], "linking": []}, {"id": 35, "text": "1020 Ricky L", "label": "others", "box": [9, 236, 80, 222], "linking": []}, {"id": 36, "text": "Tb1 20/4", "label": "others", "box": [5, 266, 52, 252], "linking": []}, {"id": 37, "text": "Chk 1660", "label": "others", "box": [95, 264, 145, 251], "linking": []}, {"id": 38, "text": " Dec04' 19 09:35PM", "label": "others", "box": [72, 280, 170, 266], "linking": []}, {"id": 39, "text": "Gst 0", "label": "others", "box": [201, 265, 238, 251], "linking": []}, {"id": 40, "text": "Dine In", "label": "others", "box": [26, 309, 108, 295], "linking": []}, {"id": 41, "text": " Chocolate Cake", "label": "0 description beginning", "box": [24, 325, 111, 311], "linking": []}, {"id": 42, "text": "2 Bud Light", "label": "0 description beginning", "box": [14, 339, 80, 325], "linking": []}, {"id": 43, "text": " 1", "label": "e quantity", "box": [15, 325, 22, 311], "linking": []}, {"id": 44, "text": "12.00", "label": "5 total price per item", "box": [191, 322, 222, 309], "linking": []}, {"id": 45, "text": "18.00", "label": "5 total price per item", "box": [192, 336, 221, 324], "linking": []}, {"id": 46, "text": " :", "label": "others", "box": [318, 335, 326, 323], "linking": []}, {"id": 47, "text": " L", "label": "others", "box": [417, 334, 426, 320], "linking": []}, {"id": 48, "text": "SUBTOTAL", "label": "others", "box": [26, 367, 74, 354], "linking": []}, {"id": 49, "text": "TAX", "label": "others", "box": [26, 380, 47, 368], "linking": []}, {"id": 50, "text": " 10:23PM TOTAL DUE", "label": "others", "box": [5, 397, 107, 381], "linking": []}, {"id": 51, "text": "THANK YOU FOR VISITING", "label": "others", "box": [49, 422, 182, 404], "linking": []}, {"id": 52, "text": "Please tell us about your", "label": "others", "box": [68, 451, 217, 434], "linking": []}, {"id": 53, "text": "www.grillefeedback.com", "label": "others", "box": [69, 480, 200, 463], "linking": []}, {"id": 54, "text": "30.00", "label": "sub total", "box": [190, 364, 221, 351], "linking": []}, {"id": 55, "text": "2.67", "label": "2 tax total", "box": [197, 377, 221, 364], "linking": []}, {"id": 56, "text": "32.67", "label": "total amount", "box": [162, 391, 219, 376], "linking": []}, {"id": 57, "text": " Subtotal:", "label": "others", "box": [285, 377, 338, 364], "linking": []}, {"id": 58, "text": "32.67", "label": "sub total", "box": [402, 376, 455, 362], "linking": []}, {"id": 59, "text": "2. 33", "label": "3 tip", "box": [406, 400, 454, 383], "linking": []}, {"id": 60, "text": "TIP", "label": "others", "box": [287, 399, 303, 388], "linking": []}, {"id": 61, "text": "WE LOVE TO HEAR FROM OUR GUESTS", "label": "others", "box": [26, 438, 211, 418], "linking": []}, {"id": 62, "text": "experience by going to", "label": "others", "box": [74, 466, 206, 448], "linking": []}, {"id": 63, "text": "TOTAL", "label": "others", "box": [285, 443, 315, 429], "linking": []}, {"id": 64, "text": " 35:00 1-", "label": "total amount", "box": [394, 442, 474, 420], "linking": []}, {"id": 65, "text": "SIGNATURE", "label": "others", "box": [282, 498, 337, 485], "linking": []}, {"id": 66, "text": " I", "label": "others", "box": [282, 512, 290, 499], "linking": []}, {"id": 67, "text": " AGREE TO PAY THE ABOVE TOTAL", "label": "others", "box": [293, 512, 448, 495], "linking": []}, {"id": 68, "text": "AGREEMENT!", "label": "others", "box": [282, 538, 340, 524], "linking": []}, {"id": 69, "text": "ACCORDING TOMY CARD ISSUER", "label": "others", "box": [283, 526, 432, 509], "linking": []}]