[{"id": 0, "text": "Thank You For Visiting The", "label": "others", "box": [455, 56, 946, 11], "linking": []}, {"id": 1, "text": "merchant name", "label": "others", "box": [458, 95, 942, 46], "linking": []}, {"id": 2, "text": "Matthew Fraysier", "label": "others", "box": [547, 133, 851, 96], "linking": []}, {"id": 3, "text": "General Manager", "label": "others", "box": [548, 176, 840, 135], "linking": []}, {"id": 4, "text": "merchant phone", "label": "others", "box": [569, 218, 824, 174], "linking": []}, {"id": 5, "text": "We Love Your Feedback!", "label": "others", "box": [478, 257, 908, 213], "linking": []}, {"id": 6, "text": "Text @LTF11479 to 73940", "label": "others", "box": [474, 301, 921, 254], "linking": []}, {"id": 7, "text": "USD", "label": "others", "box": [1031, 374, 1101, 335], "linking": []}, {"id": 8, "text": "2.70", "label": "5 total price per item", "box": [1015, 419, 1105, 375], "linking": []}, {"id": 9, "text": "2.99", "label": "5 total price per item", "box": [1021, 462, 1109, 419], "linking": []}, {"id": 10, "text": "Chobani Non Fat Peac", "label": "0 description beginning", "box": [297, 430, 694, 385], "linking": []}, {"id": 11, "text": "Strawberry Fruit Yog", "label": "0 description beginning", "box": [292, 472, 691, 428], "linking": []}, {"id": 12, "text": "1.69 lb \u00d7 $ 7.68/1b", "label": "1 description inside", "box": [298, 513, 674, 472], "linking": []}, {"id": 13, "text": "Large Clamshell", "label": "0 description beginning", "box": [290, 560, 591, 515], "linking": []}, {"id": 14, "text": "12.98", "label": "5 total price per item", "box": [1003, 548, 1109, 507], "linking": []}, {"id": 15, "text": "Sub Total", "label": "others", "box": [742, 644, 927, 601], "linking": []}, {"id": 16, "text": "Tax Amount", "label": "others", "box": [741, 689, 947, 649], "linking": []}, {"id": 17, "text": "18.67", "label": "sub total", "box": [1005, 638, 1110, 595], "linking": []}, {"id": 18, "text": "1.66", "label": "2 tax total", "box": [1027, 683, 1110, 645], "linking": []}, {"id": 19, "text": "Total USD", "label": "others", "box": [255, 863, 624, 783], "linking": []}, {"id": 20, "text": "20.33", "label": "total amount", "box": [901, 856, 1108, 779], "linking": []}, {"id": 21, "text": "5009 AMERICAN EXPRESS", "label": "others", "box": [242, 1047, 687, 997], "linking": []}, {"id": 22, "text": "20.33", "label": "others", "box": [998, 1042, 1110, 998], "linking": []}, {"id": 23, "text": "Tax", "label": "others", "box": [247, 1191, 313, 1153], "linking": []}, {"id": 24, "text": "() 8.875", "label": "others", "box": [243, 1244, 410, 1194], "linking": []}, {"id": 25, "text": " Taxable Amount", "label": "others", "box": [576, 1190, 883, 1143], "linking": []}, {"id": 26, "text": "18.67", "label": "sub total", "box": [766, 1235, 864, 1193], "linking": []}, {"id": 27, "text": " Tax Amount", "label": "others", "box": [901, 1189, 1113, 1143], "linking": []}, {"id": 28, "text": "1.66", "label": "2 tax total", "box": [1026, 1234, 1117, 1192], "linking": []}, {"id": 29, "text": " 11/19/2019 09:19 AM #:", "label": "others", "box": [234, 1394, 680, 1339], "linking": []}, {"id": 30, "text": " 106 S:1111", "label": "others", "box": [233, 1442, 439, 1395], "linking": []}, {"id": 31, "text": " Served you", "label": "others", "box": [218, 1495, 447, 1445], "linking": []}, {"id": 32, "text": " 41417 Op:4022 C:111", "label": "others", "box": [690, 1388, 1113, 1337], "linking": []}, {"id": 33, "text": " : Ethlyn St-Paul", "label": "others", "box": [456, 1493, 802, 1442], "linking": []}, {"id": 34, "text": "*** Customer copy ***", "label": "others", "box": [408, 1698, 861, 1649], "linking": []}, {"id": 35, "text": "AMEX NY937 (6)", "label": "others", "box": [485, 1804, 792, 1752], "linking": []}, {"id": 36, "text": "I agree to pay the above total amount", "label": "others", "box": [225, 1865, 1032, 1804], "linking": []}, {"id": 37, "text": "agreement. (Merphant agreement if Credit", "label": "others", "box": [196, 1973, 1053, 1909], "linking": []}, {"id": 38, "text": "according to card issuer", "label": "others", "box": [378, 1914, 902, 1858], "linking": []}, {"id": 39, "text": "Voucher )Retain this copy for your", "label": "others", "box": [261, 2026, 990, 1968], "linking": []}, {"id": 40, "text": "records.", "label": "others", "box": [541, 2072, 722, 2028], "linking": []}, {"id": 41, "text": "PURCHASE / APPROVED", "label": "others", "box": [182, 2192, 610, 2130], "linking": []}, {"id": 42, "text": "AMERICAN EXPRESS", "label": "others", "box": [180, 2250, 537, 2188], "linking": []}, {"id": 43, "text": "*********** 1006", "label": "others", "box": [171, 2302, 517, 2248], "linking": []}, {"id": 44, "text": "CHIP READ /", "label": "others", "box": [149, 2361, 421, 2300], "linking": []}, {"id": 45, "text": " 2019/11/19 09:19:40", "label": "others", "box": [161, 2478, 594, 2417], "linking": []}, {"id": 46, "text": "TID", "label": "others", "box": [169, 2529, 234, 2478], "linking": []}, {"id": 47, "text": "MID", "label": "others", "box": [157, 2586, 225, 2536], "linking": []}, {"id": 48, "text": "REFERENCE", "label": "others", "box": [145, 2653, 357, 2600], "linking": []}, {"id": 49, "text": "AUTH CODE", "label": "others", "box": [145, 2712, 357, 2654], "linking": []}, {"id": 50, "text": "REDMI NOTE 5 PRO", "label": "others", "box": [352, 2788, 860, 2724], "linking": []}, {"id": 51, "text": "MI DUAL CAMERA", "label": "others", "box": [347, 2859, 817, 2794], "linking": []}, {"id": 52, "text": "**** 6008", "label": "others", "box": [888, 2533, 1077, 2485], "linking": []}, {"id": 53, "text": "6634459", "label": "others", "box": [909, 2595, 1075, 2541], "linking": []}, {"id": 54, "text": "S1106#41417@017579", "label": "others", "box": [491, 2658, 1076, 2603], "linking": []}, {"id": 55, "text": "849480", "label": "others", "box": [932, 2715, 1074, 2666], "linking": []}, {"id": 56, "text": "USD20.33", "label": "total amount", "box": [885, 2841, 1077, 2786], "linking": []}, {"id": 57, "text": "ARC . 00", "label": "others", "box": [135, 2944, 300, 2900], "linking": []}]