[{"id": 0, "text": "ES", "label": "others", "box": [0, 58, 18, 38], "linking": []}, {"id": 1, "text": "Breakfast", "label": "others", "box": [94, 74, 335, 1], "linking": []}, {"id": 2, "text": "0651", "label": "others", "box": [25, 128, 107, 103], "linking": []}, {"id": 3, "text": " Server:", "label": "others", "box": [24, 154, 102, 129], "linking": []}, {"id": 4, "text": " Rec:", "label": "others", "box": [364, 128, 406, 101], "linking": []}, {"id": 5, "text": " 8 Term:", "label": "others", "box": [313, 164, 401, 128], "linking": []}, {"id": 6, "text": " 101", "label": "others", "box": [409, 124, 447, 97], "linking": []}, {"id": 7, "text": " 7", "label": "others", "box": [410, 152, 425, 125], "linking": []}, {"id": 8, "text": " LINA 1 (#140)", "label": "others", "box": [106, 152, 242, 119], "linking": []}, {"id": 9, "text": " 11/15/19 11:17, Chip T:", "label": "others", "box": [28, 181, 295, 140], "linking": []}, {"id": 10, "text": "merchant name", "label": "others", "box": [27, 233, 133, 208], "linking": []}, {"id": 11, "text": "merchant address", "label": "others", "box": [24, 260, 184, 233], "linking": []}, {"id": 12, "text": "merchant address", "label": "others", "box": [21, 285, 215, 258], "linking": []}, {"id": 13, "text": "merchant phone", "label": "others", "box": [24, 310, 164, 287], "linking": []}, {"id": 14, "text": " MERCHANT #:", "label": "others", "box": [21, 337, 141, 314], "linking": []}, {"id": 15, "text": "CARD TYPE", "label": "others", "box": [20, 386, 121, 362], "linking": []}, {"id": 16, "text": " AMERICAN EXPRES", "label": "others", "box": [20, 413, 188, 386], "linking": []}, {"id": 17, "text": " AUTHORIZATION #:", "label": "others", "box": [15, 458, 200, 425], "linking": []}, {"id": 18, "text": "ACCOUNT NUMBER", "label": "others", "box": [203, 389, 354, 361], "linking": []}, {"id": 19, "text": " XXXXXXXXXXXX1000", "label": "others", "box": [202, 414, 376, 388], "linking": []}, {"id": 20, "text": "CO TRANSACTION APPROVED", "label": "others", "box": [16, 440, 269, 406], "linking": []}, {"id": 21, "text": " 861495", "label": "others", "box": [202, 463, 270, 440], "linking": []}, {"id": 22, "text": " MID:", "label": "others", "box": [14, 475, 63, 446], "linking": []}, {"id": 23, "text": " 45024613356", "label": "others", "box": [67, 485, 196, 450], "linking": []}, {"id": 24, "text": " AMEX:", "label": "others", "box": [15, 537, 77, 507], "linking": []}, {"id": 25, "text": " Approval Code:", "label": "others", "box": [14, 571, 173, 539], "linking": []}, {"id": 26, "text": " CHIP", "label": "others", "box": [88, 598, 139, 572], "linking": []}, {"id": 27, "text": " App Label:", "label": "others", "box": [15, 625, 128, 596], "linking": []}, {"id": 28, "text": " AID:", "label": "others", "box": [13, 650, 61, 624], "linking": []}, {"id": 29, "text": " TVR:", "label": "others", "box": [14, 678, 60, 652], "linking": []}, {"id": 30, "text": " IAD:", "label": "others", "box": [14, 706, 61, 681], "linking": []}, {"id": 31, "text": " TSI:", "label": "others", "box": [11, 733, 58, 709], "linking": []}, {"id": 32, "text": " ARC:", "label": "others", "box": [8, 760, 57, 737], "linking": []}, {"id": 33, "text": " CVM:", "label": "others", "box": [8, 788, 55, 765], "linking": []}, {"id": 34, "text": " Reference:", "label": "others", "box": [5, 816, 120, 793], "linking": []}, {"id": 35, "text": " TRANS TYPE:", "label": "others", "box": [5, 843, 124, 819], "linking": []}, {"id": 36, "text": " XXXXXXXXXXXX1000", "label": "others", "box": [80, 547, 258, 514], "linking": []}, {"id": 37, "text": " 861495", "label": "others", "box": [176, 576, 246, 547], "linking": []}, {"id": 38, "text": " Entry:", "label": "others", "box": [15, 596, 84, 568], "linking": []}, {"id": 39, "text": " AMERICAN EXPRESS", "label": "others", "box": [132, 628, 308, 602], "linking": []}, {"id": 40, "text": " A000000025010801", "label": "others", "box": [65, 655, 242, 627], "linking": []}, {"id": 41, "text": " 0000008000", "label": "others", "box": [64, 681, 178, 654], "linking": []}, {"id": 42, "text": " 06580103602002", "label": "others", "box": [64, 709, 220, 682], "linking": []}, {"id": 43, "text": " F800", "label": "others", "box": [63, 734, 112, 710], "linking": []}, {"id": 44, "text": " 00", "label": "others", "box": [60, 761, 89, 737], "linking": []}, {"id": 45, "text": " SIGN", "label": "others", "box": [60, 789, 108, 765], "linking": []}, {"id": 46, "text": " 1115010000651", "label": "others", "box": [124, 816, 266, 792], "linking": []}, {"id": 47, "text": " Credit Card SALE", "label": "others", "box": [128, 843, 311, 819], "linking": []}, {"id": 48, "text": " CHECK", "label": "others", "box": [2, 896, 99, 871], "linking": []}, {"id": 49, "text": " :", "label": "others", "box": [104, 895, 119, 870], "linking": []}, {"id": 50, "text": "31.99", "label": "sub total", "box": [328, 897, 447, 873], "linking": []}, {"id": 51, "text": "uggested Gratuity", "label": "others", "box": [4, 952, 191, 926], "linking": []}, {"id": 52, "text": "22%", "label": "others", "box": [80, 977, 118, 953], "linking": []}, {"id": 53, "text": "20%", "label": "others", "box": [82, 1004, 120, 981], "linking": []}, {"id": 54, "text": "18%", "label": "others", "box": [87, 1032, 120, 1009], "linking": []}, {"id": 55, "text": "15%", "label": "others", "box": [91, 1059, 123, 1037], "linking": []}, {"id": 56, "text": "6.60", "label": "others", "box": [179, 979, 227, 955], "linking": []}, {"id": 57, "text": "6.00", "label": "others", "box": [181, 1006, 229, 983], "linking": []}, {"id": 58, "text": "5.40", "label": "others", "box": [181, 1035, 231, 1011], "linking": []}, {"id": 59, "text": "4.50", "label": "others", "box": [185, 1062, 232, 1040], "linking": []}, {"id": 60, "text": " TIP", "label": "others", "box": [11, 1114, 69, 1088], "linking": []}, {"id": 61, "text": " :", "label": "others", "box": [74, 1115, 87, 1089], "linking": []}, {"id": 62, "text": "6", "label": "3 tip", "box": [279, 1124, 348, 1078], "linking": []}, {"id": 63, "text": "37", "label": "total amount", "box": [251, 1173, 341, 1129], "linking": []}, {"id": 64, "text": " TOTAL", "label": "others", "box": [13, 1172, 114, 1143], "linking": []}, {"id": 65, "text": " :", "label": "others", "box": [119, 1172, 132, 1148], "linking": []}, {"id": 66, "text": ".99", "label": "total amount", "box": [374, 1190, 471, 1124], "linking": []}, {"id": 67, "text": "X", "label": "others", "box": [13, 1335, 32, 1309], "linking": []}]