[{"id": 0, "text": "merchant name", "label": "others", "box": [333, 58, 407, 35], "linking": []}, {"id": 1, "text": "merchant name", "label": "others", "box": [333, 176, 420, 150], "linking": []}, {"id": 2, "text": "merchant address", "label": "others", "box": [268, 205, 481, 180], "linking": []}, {"id": 3, "text": "merchant address", "label": "others", "box": [287, 231, 463, 207], "linking": []}, {"id": 4, "text": "merchant phone", "label": "others", "box": [327, 256, 428, 234], "linking": []}, {"id": 5, "text": " ORDER:", "label": "others", "box": [293, 318, 393, 287], "linking": []}, {"id": 6, "text": "To Go", "label": "others", "box": [343, 355, 419, 325], "linking": []}, {"id": 7, "text": " Victor", "label": "others", "box": [308, 383, 357, 362], "linking": []}, {"id": 8, "text": " 02-Dec-2019 11:10:01A", "label": "others", "box": [236, 407, 428, 386], "linking": []}, {"id": 9, "text": "Transaction 5504314", "label": "others", "box": [236, 443, 413, 420], "linking": []}, {"id": 10, "text": " allen", "label": "others", "box": [399, 317, 469, 285], "linking": []}, {"id": 11, "text": " Cashier:", "label": "others", "box": [233, 383, 304, 363], "linking": []}, {"id": 12, "text": " 1", "label": "e quantity", "box": [234, 489, 251, 471], "linking": []}, {"id": 13, "text": " Flat White", "label": "0 description beginning", "box": [257, 490, 346, 470], "linking": []}, {"id": 14, "text": "$4.25", "label": "5 total price per item", "box": [479, 489, 531, 469], "linking": []}, {"id": 15, "text": "Small $0.00", "label": "1 description inside", "box": [427, 514, 529, 492], "linking": []}, {"id": 16, "text": "Caffeinated $0.00", "label": "1 description inside", "box": [377, 541, 530, 517], "linking": []}, {"id": 17, "text": "Regular Milk $0.00", "label": "1 description inside", "box": [372, 567, 529, 541], "linking": []}, {"id": 18, "text": "1 Coffee", "label": "0 description beginning", "box": [235, 615, 317, 594], "linking": []}, {"id": 19, "text": "$2.50", "label": "5 total price per item", "box": [483, 614, 530, 593], "linking": []}, {"id": 20, "text": "Small $0.00", "label": "1 description inside", "box": [426, 640, 530, 617], "linking": []}, {"id": 21, "text": "Regular Milk $0.00", "label": "1 description inside", "box": [374, 667, 530, 641], "linking": []}, {"id": 22, "text": "Subtotal", "label": "others", "box": [236, 740, 312, 720], "linking": []}, {"id": 23, "text": "Tax", "label": "others", "box": [236, 765, 270, 746], "linking": []}, {"id": 24, "text": "$6.75", "label": "sub total", "box": [482, 738, 533, 716], "linking": []}, {"id": 25, "text": "$0.60", "label": "2 tax total", "box": [481, 763, 532, 742], "linking": []}, {"id": 26, "text": "Total", "label": "others", "box": [234, 816, 280, 795], "linking": []}, {"id": 27, "text": "Tip", "label": "others", "box": [231, 845, 264, 822], "linking": []}, {"id": 28, "text": "CREDIT CARD SALE", "label": "others", "box": [232, 880, 408, 858], "linking": []}, {"id": 29, "text": "AMEX 1005", "label": "others", "box": [229, 906, 333, 884], "linking": []}, {"id": 30, "text": "$7.35", "label": "total amount", "box": [479, 814, 534, 793], "linking": []}, {"id": 31, "text": "$1.10", "label": "3 tip", "box": [480, 841, 534, 819], "linking": []}, {"id": 32, "text": "$8.45", "label": "others", "box": [483, 879, 534, 856], "linking": []}, {"id": 33, "text": " 02-Dec-2019 11:11:56A", "label": "others", "box": [232, 946, 426, 924], "linking": []}, {"id": 34, "text": " $8.45 | Method:", "label": "total amount", "box": [230, 973, 362, 950], "linking": []}, {"id": 35, "text": "AMERICAN EXPRESS", "label": "others", "box": [230, 999, 409, 978], "linking": []}, {"id": 36, "text": "XXXXXXXXXXXX1005", "label": "others", "box": [229, 1025, 417, 1004], "linking": []}, {"id": 37, "text": " Ref #:", "label": "others", "box": [227, 1081, 277, 1059], "linking": []}, {"id": 38, "text": " Auth #:", "label": "others", "box": [229, 1108, 292, 1086], "linking": []}, {"id": 39, "text": " MID:", "label": "others", "box": [228, 1134, 266, 1112], "linking": []}, {"id": 40, "text": " AID:", "label": "others", "box": [227, 1161, 262, 1140], "linking": []}, {"id": 41, "text": " AthNtwkNm:", "label": "others", "box": [229, 1186, 341, 1165], "linking": []}, {"id": 42, "text": " EMV", "label": "others", "box": [366, 973, 409, 951], "linking": []}, {"id": 43, "text": " 933600550040", "label": "others", "box": [280, 1081, 414, 1059], "linking": []}, {"id": 44, "text": " 878376", "label": "others", "box": [295, 1108, 362, 1086], "linking": []}, {"id": 45, "text": " ******** 1880", "label": "others", "box": [270, 1135, 395, 1112], "linking": []}, {"id": 46, "text": " A000000025010801", "label": "others", "box": [266, 1162, 446, 1140], "linking": []}, {"id": 47, "text": " AMEX", "label": "others", "box": [345, 1186, 403, 1165], "linking": []}, {"id": 48, "text": " Online:", "label": "others", "box": [261, 1260, 319, 1237], "linking": []}, {"id": 49, "text": "09K7073 JWT", "label": "others", "box": [305, 1279, 435, 1261], "linking": []}, {"id": 50, "text": " https://clover.com/p/", "label": "others", "box": [323, 1268, 513, 1239], "linking": []}]