[{"id": 0, "text": "Thank You For Visiting the", "label": "others", "box": [158, 138, 505, 85], "linking": []}, {"id": 1, "text": "Matthew Fraysier", "label": "others", "box": [226, 199, 443, 157], "linking": []}, {"id": 2, "text": "merchant phone", "label": "others", "box": [252, 263, 428, 226], "linking": []}, {"id": 3, "text": "Text @LTF11479 to 73940", "label": "others", "box": [186, 334, 497, 287], "linking": []}, {"id": 4, "text": "merchant name", "label": "others", "box": [166, 167, 499, 118], "linking": []}, {"id": 5, "text": "General Manager", "label": "others", "box": [234, 233, 438, 190], "linking": []}, {"id": 6, "text": "We Love Your Feedback!", "label": "others", "box": [190, 299, 484, 256], "linking": []}, {"id": 7, "text": " Oatmeal", "label": "0 description beginning", "box": [70, 427, 173, 388], "linking": []}, {"id": 8, "text": " /", "label": "1 description inside", "box": [179, 427, 199, 392], "linking": []}, {"id": 9, "text": " Grits", "label": "1 description inside", "box": [204, 430, 281, 393], "linking": []}, {"id": 10, "text": " -", "label": "1 description inside", "box": [286, 431, 310, 396], "linking": []}, {"id": 11, "text": " 12", "label": "1 description inside", "box": [316, 432, 351, 397], "linking": []}, {"id": 12, "text": "USD", "label": "others", "box": [574, 403, 613, 375], "linking": []}, {"id": 13, "text": "1.75", "label": "5 total price per item", "box": [564, 441, 615, 408], "linking": []}, {"id": 14, "text": "0.56 lb x $ 7.68/1b", "label": "1 description inside", "box": [70, 467, 339, 424], "linking": []}, {"id": 15, "text": "Small Clamshell", "label": "0 description beginning", "box": [74, 499, 284, 462], "linking": []}, {"id": 16, "text": "4.30", "label": "5 total price per item", "box": [566, 507, 619, 479], "linking": []}, {"id": 17, "text": "Sub Total", "label": "others", "box": [389, 575, 508, 545], "linking": []}, {"id": 18, "text": "Tax Amount", "label": "others", "box": [393, 613, 525, 579], "linking": []}, {"id": 19, "text": "6.05", "label": "sub total", "box": [565, 578, 619, 546], "linking": []}, {"id": 20, "text": "0.54", "label": "2 tax total", "box": [566, 612, 622, 582], "linking": []}, {"id": 21, "text": "Total USD", "label": "others", "box": [71, 737, 320, 680], "linking": []}, {"id": 22, "text": "6.59", "label": "total amount", "box": [523, 730, 625, 680], "linking": []}, {"id": 23, "text": "5008 AMEX", "label": "others", "box": [79, 874, 208, 843], "linking": []}, {"id": 24, "text": "6.59", "label": "others", "box": [580, 859, 634, 831], "linking": []}, {"id": 25, "text": "Tax", "label": "others", "box": [84, 982, 127, 949], "linking": []}, {"id": 26, "text": "() 8.875", "label": "others", "box": [85, 1020, 196, 980], "linking": []}, {"id": 27, "text": " Taxable Amount", "label": "others", "box": [301, 974, 499, 937], "linking": []}, {"id": 28, "text": " Tax Amount", "label": "others", "box": [508, 966, 638, 933], "linking": []}, {"id": 29, "text": "0.54", "label": "2 tax total", "box": [590, 999, 640, 965], "linking": []}, {"id": 30, "text": "6.05", "label": "sub total", "box": [432, 1001, 488, 971], "linking": []}, {"id": 31, "text": " 11/26/2019 09:11 AM #:53395 Op:4023 C:111", "label": "others", "box": [88, 1127, 643, 1069], "linking": []}, {"id": 32, "text": " 105 S:1111", "label": "others", "box": [92, 1161, 228, 1125], "linking": []}, {"id": 33, "text": " Served you", "label": "others", "box": [89, 1199, 233, 1158], "linking": []}, {"id": 34, "text": " : Lucrecia Findley", "label": "others", "box": [239, 1192, 484, 1146], "linking": []}, {"id": 35, "text": "*** Customer copy ***", "label": "others", "box": [223, 1328, 502, 1276], "linking": []}, {"id": 36, "text": "AMEX NY937 (5)", "label": "others", "box": [279, 1396, 465, 1350], "linking": []}]