[{"id": 0, "text": "merchant name", "label": "others", "box": [188, 107, 306, 85], "linking": []}, {"id": 1, "text": "merchant address", "label": "others", "box": [62, 164, 465, 109], "linking": []}, {"id": 2, "text": "WED OCTOBER 23,2019", "label": "others", "box": [159, 221, 344, 178], "linking": []}, {"id": 3, "text": "Take Away", "label": "others", "box": [201, 288, 288, 252], "linking": []}, {"id": 4, "text": " Tel:", "label": "others", "box": [83, 184, 163, 144], "linking": []}, {"id": 5, "text": "CHECK #583042- 1", "label": "others", "box": [97, 254, 399, 204], "linking": []}, {"id": 6, "text": "merchant phone", "label": "others", "box": [170, 170, 449, 134], "linking": []}, {"id": 7, "text": "1 Latte", "label": "0 description beginning", "box": [101, 320, 170, 298], "linking": []}, {"id": 8, "text": "JOE", "label": "1 description inside", "box": [118, 341, 148, 322], "linking": []}, {"id": 9, "text": "TAX", "label": "others", "box": [118, 366, 148, 345], "linking": []}, {"id": 10, "text": "TOTAL", "label": "others", "box": [92, 395, 180, 368], "linking": []}, {"id": 11, "text": "Total is inclusive of GST", "label": "others", "box": [126, 448, 365, 403], "linking": []}, {"id": 12, "text": "3.50", "label": "5 total price per item", "box": [368, 302, 412, 280], "linking": []}, {"id": 13, "text": "0.32", "label": "2 tax total", "box": [365, 352, 408, 331], "linking": []}, {"id": 14, "text": "3.50", "label": "total amount", "box": [310, 381, 398, 355], "linking": []}, {"id": 15, "text": "Vessel", "label": "others", "box": [180, 519, 289, 489], "linking": []}, {"id": 16, "text": "1 CUSTOMER", "label": "others", "box": [267, 562, 368, 538], "linking": []}, {"id": 17, "text": "Take Away", "label": "others", "box": [162, 544, 328, 515], "linking": []}, {"id": 18, "text": " 09:14", "label": "others", "box": [173, 569, 227, 542], "linking": []}, {"id": 19, "text": " Time:", "label": "others", "box": [119, 571, 168, 544], "linking": []}, {"id": 20, "text": "TAX INVOICE", "label": "others", "box": [180, 613, 290, 591], "linking": []}, {"id": 21, "text": "ABN# 48 629 038 777", "label": "others", "box": [140, 640, 324, 617], "linking": []}, {"id": 22, "text": "YOU HAVE BEEN SERVED", "label": "others", "box": [137, 692, 332, 666], "linking": []}, {"id": 23, "text": " BY", "label": "others", "box": [183, 715, 210, 694], "linking": []}, {"id": 24, "text": " : Renad", "label": "others", "box": [213, 717, 282, 695], "linking": []}, {"id": 25, "text": " SETTLED BY:", "label": "others", "box": [173, 792, 280, 769], "linking": []}, {"id": 26, "text": "patt", "label": "others", "box": [54, 810, 95, 790], "linking": []}, {"id": 27, "text": "CUSTOMER COPY", "label": "others", "box": [162, 841, 287, 815], "linking": []}, {"id": 28, "text": "3.50", "label": "total amount", "box": [352, 821, 396, 799], "linking": []}]