[{"id": 0, "text": "merchant name", "label": "others", "box": [230, 233, 378, 204], "linking": []}, {"id": 1, "text": "merchant address", "label": "others", "box": [226, 267, 390, 236], "linking": []}, {"id": 2, "text": " Host:", "label": "others", "box": [24, 304, 102, 275], "linking": []}, {"id": 3, "text": " Tiara", "label": "others", "box": [107, 303, 178, 274], "linking": []}, {"id": 4, "text": "10/30/2019", "label": "others", "box": [456, 299, 589, 269], "linking": []}, {"id": 5, "text": " 7:20 PM", "label": "others", "box": [493, 331, 590, 303], "linking": []}, {"id": 6, "text": "20470", "label": "others", "box": [519, 366, 589, 336], "linking": []}, {"id": 7, "text": "ShackBurger", "label": "0 description beginning", "box": [23, 440, 176, 410], "linking": []}, {"id": 8, "text": "Shroom Burger", "label": "0 description beginning", "box": [24, 475, 201, 445], "linking": []}, {"id": 9, "text": "french fries", "label": "0 description beginning", "box": [25.59, 510, 192.59, 479], "linking": []}, {"id": 10, "text": "Shake", "label": "0 description beginning", "box": [24, 546, 96, 516], "linking": []}, {"id": 11, "text": "Black & White Shake", "label": "1 description inside", "box": [55, 581, 312, 551], "linking": []}, {"id": 12, "text": "5.89", "label": "5 total price per item", "box": [533, 434, 588, 407], "linking": []}, {"id": 13, "text": "7.49", "label": "5 total price per item", "box": [533, 469, 589, 440], "linking": []}, {"id": 14, "text": "3.09", "label": "5 total price per item", "box": [531, 504, 586, 477], "linking": []}, {"id": 15, "text": "5.39", "label": "5 total price per item", "box": [531, 539, 585, 511], "linking": []}, {"id": 16, "text": "Subtotal", "label": "others", "box": [31, 648, 139, 619], "linking": []}, {"id": 17, "text": "Tax", "label": "others", "box": [30, 683, 71, 654], "linking": []}, {"id": 18, "text": "21.86", "label": "sub total", "box": [519, 641, 582, 612], "linking": []}, {"id": 19, "text": "1.94", "label": "2 tax total", "box": [531, 673, 589, 643], "linking": []}, {"id": 20, "text": "To Go Total", "label": "others", "box": [29, 753, 316, 716], "linking": []}, {"id": 21, "text": "23.80", "label": "total amount", "box": [452, 743, 586, 712], "linking": []}, {"id": 22, "text": "Amex #XXXXXXXXXXX1005", "label": "others", "box": [27, 821, 308, 788], "linking": []}, {"id": 23, "text": " Auth:527402", "label": "others", "box": [54, 857, 202, 826], "linking": []}, {"id": 24, "text": "23.80", "label": "others", "box": [518, 809, 587, 783], "linking": []}, {"id": 25, "text": "How'd we do?", "label": "others", "box": [225, 958, 388, 927], "linking": []}, {"id": 26, "text": "shakeshack.com/feedback", "label": "others", "box": [148, 994, 453, 959], "linking": []}, {"id": 27, "text": " Restroom Code:", "label": "others", "box": [176, 1059, 372, 1030], "linking": []}, {"id": 28, "text": " 9336", "label": "others", "box": [383, 1057, 440, 1029], "linking": []}, {"id": 29, "text": "--- Check Closed", "label": "others", "box": [177, 1126, 390, 1094], "linking": []}]