[{"id": 0, "text": "----- DUPLICATE RECEIPT", "label": "others", "box": [276, 368, 617, 337], "linking": []}, {"id": 1, "text": "merchant name", "label": "others", "box": [320, 432, 663, 396], "linking": []}, {"id": 2, "text": "merchant address", "label": "others", "box": [381, 464, 619, 430], "linking": []}, {"id": 3, "text": "merchant address", "label": "others", "box": [302, 498, 682, 462], "linking": []}, {"id": 4, "text": "CHK 691806", "label": "others", "box": [428, 562, 581, 531], "linking": []}, {"id": 5, "text": " 11/11/2019 10:37 AM", "label": "others", "box": [356, 603, 644, 563], "linking": []}, {"id": 6, "text": " Drawer:", "label": "others", "box": [437, 640, 556, 605], "linking": []}, {"id": 7, "text": "2344657", "label": "others", "box": [290, 635, 404, 600], "linking": []}, {"id": 8, "text": " 2 Reg:", "label": "others", "box": [561, 643, 674, 607], "linking": []}, {"id": 9, "text": " 2", "label": "others", "box": [679, 644, 702, 609], "linking": []}, {"id": 10, "text": "Tl Chai Tea Latte", "label": "0 description beginning", "box": [246, 712, 505, 676], "linking": []}, {"id": 11, "text": "Gr Carml Macchiato", "label": "0 description beginning", "box": [242, 749, 521, 714], "linking": []}, {"id": 12, "text": "Ex Caramel Drizzle", "label": "1 description inside", "box": [274, 785, 551, 751], "linking": []}, {"id": 13, "text": "4.25", "label": "5 total price per item", "box": [670, 715, 729, 683], "linking": []}, {"id": 14, "text": "5.45", "label": "5 total price per item", "box": [665, 750, 729, 718], "linking": []}, {"id": 15, "text": "Amex", "label": "others", "box": [243, 854, 307, 824], "linking": []}, {"id": 16, "text": "XXXXXXXXXXXX1009", "label": "others", "box": [240, 892, 492, 860], "linking": []}, {"id": 17, "text": " Card Entry:", "label": "others", "box": [239, 931, 420, 898], "linking": []}, {"id": 18, "text": " Trans Type:", "label": "others", "box": [243, 969, 418, 935], "linking": []}, {"id": 19, "text": " Reference #:", "label": "others", "box": [238, 1006, 433, 974], "linking": []}, {"id": 20, "text": " App Label:", "label": "others", "box": [237, 1045, 402, 1011], "linking": []}, {"id": 21, "text": " 862008", "label": "others", "box": [362, 1081, 458, 1049], "linking": []}, {"id": 22, "text": " A000000025010801", "label": "others", "box": [313, 1118, 570, 1085], "linking": []}, {"id": 23, "text": " 0010008000", "label": "others", "box": [314, 1157, 477, 1123], "linking": []}, {"id": 24, "text": " E800", "label": "others", "box": [313, 1195, 383, 1159], "linking": []}, {"id": 25, "text": "10.56", "label": "others", "box": [657, 857, 731, 826], "linking": []}, {"id": 26, "text": " TAP CHIP", "label": "others", "box": [426, 931, 553, 899], "linking": []}, {"id": 27, "text": " PURCHASE", "label": "others", "box": [424, 969, 553, 936], "linking": []}, {"id": 28, "text": " 00000088", "label": "others", "box": [438, 1006, 569, 975], "linking": []}, {"id": 29, "text": " AMERICAN EXPRESS", "label": "others", "box": [409, 1044, 662, 1011], "linking": []}, {"id": 30, "text": " Auth #:", "label": "others", "box": [240, 1081, 356, 1050], "linking": []}, {"id": 31, "text": " AID:", "label": "others", "box": [239, 1118, 307, 1086], "linking": []}, {"id": 32, "text": " TVR:", "label": "others", "box": [237, 1157, 308, 1123], "linking": []}, {"id": 33, "text": " TSI:", "label": "others", "box": [238, 1195, 306, 1161], "linking": []}, {"id": 34, "text": "Subtotal", "label": "others", "box": [233, 1275, 364, 1239], "linking": []}, {"id": 35, "text": "Tax 8.875%", "label": "others", "box": [233, 1314, 398, 1278], "linking": []}, {"id": 36, "text": "Total", "label": "others", "box": [233, 1353, 314, 1320], "linking": []}, {"id": 37, "text": "Change Due", "label": "others", "box": [180, 1397, 508, 1360], "linking": []}, {"id": 38, "text": "$9.70", "label": "sub total", "box": [649, 1273, 727, 1239], "linking": []}, {"id": 39, "text": "$0.86", "label": "2 tax total", "box": [649, 1310, 728, 1278], "linking": []}, {"id": 40, "text": "$10.56", "label": "total amount", "box": [631, 1351, 727, 1316], "linking": []}, {"id": 41, "text": "$0.00", "label": "others", "box": [664, 1394, 821, 1354], "linking": []}, {"id": 42, "text": "Check Closed ---", "label": "others", "box": [376, 1475, 627, 1438], "linking": []}, {"id": 43, "text": " 11/11/2019 10:37 AM", "label": "others", "box": [346, 1518, 655, 1475], "linking": []}, {"id": 44, "text": "Join our loyalty program", "label": "others", "box": [311, 1730, 709, 1685], "linking": []}, {"id": 45, "text": "Sign up for promotional emails", "label": "others", "box": [255, 1814, 760, 1762], "linking": []}, {"id": 46, "text": "Starbucks Rewards\u00ae", "label": "others", "box": [359, 1772, 659, 1724], "linking": []}, {"id": 47, "text": "Visit Starbucks.com/rewards", "label": "others", "box": [273, 1855, 728, 1808], "linking": []}, {"id": 48, "text": "Or download our app", "label": "others", "box": [340, 1899, 663, 1859], "linking": []}, {"id": 49, "text": "At participating stores", "label": "others", "box": [305, 1943, 696, 1898], "linking": []}, {"id": 50, "text": "Some restrictions apply", "label": "others", "box": [303, 1988, 697, 1943], "linking": []}]