[{"id": 0, "text": " Sap-", "label": "others", "box": [167, 127, 258, 85], "linking": []}, {"id": 1, "text": "merchant name", "label": "others", "box": [244, 160, 326, 143], "linking": []}, {"id": 2, "text": "merchant name", "label": "others", "box": [246, 182, 318, 165], "linking": []}, {"id": 3, "text": "merchant address", "label": "others", "box": [200, 205, 377, 187], "linking": []}, {"id": 4, "text": "merchant address", "label": "others", "box": [226, 225, 345, 208], "linking": []}, {"id": 5, "text": "merchant address", "label": "others", "box": [240, 247, 341, 229], "linking": []}, {"id": 6, "text": " M9-0368961-A", "label": "others", "box": [263, 269, 341, 251], "linking": []}, {"id": 7, "text": " 7", "label": "others", "box": [269, 290, 282, 272], "linking": []}, {"id": 8, "text": " Dinnl- selp", "label": "others", "box": [268, 138, 444, 90], "linking": []}, {"id": 9, "text": " 5 4P -", "label": "others", "box": [601, 123, 683, 88], "linking": []}, {"id": 10, "text": " Dinnce", "label": "others", "box": [699, 129, 775, 89], "linking": []}, {"id": 11, "text": " -", "label": "others", "box": [781, 132, 807, 92], "linking": []}, {"id": 12, "text": " sey", "label": "others", "box": [813, 140, 871, 94], "linking": []}, {"id": 13, "text": "merchant name", "label": "others", "box": [667, 182, 747, 164], "linking": []}, {"id": 14, "text": "merchant name", "label": "others", "box": [672, 203, 738, 186], "linking": []}, {"id": 15, "text": "merchant address", "label": "others", "box": [615, 226, 791, 207], "linking": []}, {"id": 16, "text": "merchant address", "label": "others", "box": [640, 246, 761, 229], "linking": []}, {"id": 17, "text": "merchant address", "label": "others", "box": [654, 267, 751, 249], "linking": []}, {"id": 18, "text": " M9-0368961-A", "label": "others", "box": [675, 287, 752, 271], "linking": []}, {"id": 19, "text": " GST:", "label": "others", "box": [234, 268, 260, 252], "linking": []}, {"id": 20, "text": " TAG NO .:", "label": "others", "box": [122, 291, 255, 271], "linking": []}, {"id": 21, "text": " GST:", "label": "others", "box": [648, 288, 672, 272], "linking": []}, {"id": 22, "text": " Qty", "label": "others", "box": [117, 326, 146, 311], "linking": []}, {"id": 23, "text": " Description", "label": "others", "box": [149, 326, 217, 310], "linking": []}, {"id": 24, "text": "@Price", "label": "others", "box": [370, 325, 410, 311], "linking": []}, {"id": 25, "text": "Amount", "label": "others", "box": [421, 326, 463, 313], "linking": []}, {"id": 26, "text": " Qty", "label": "others", "box": [533, 328, 560, 313], "linking": []}, {"id": 27, "text": " Description", "label": "others", "box": [562, 328, 634, 311], "linking": []}, {"id": 28, "text": "@Price", "label": "others", "box": [782, 321, 822, 308], "linking": []}, {"id": 29, "text": "Amount", "label": "others", "box": [833, 321, 873, 308], "linking": []}, {"id": 30, "text": "CHICKEN TIKKA & NAAN SET", "label": "0 description beginning", "box": [142, 366, 296, 348], "linking": []}, {"id": 31, "text": " COCA COLA LIGHT CAN", "label": "0 description beginning", "box": [146, 386, 269, 368], "linking": []}, {"id": 32, "text": "Gulam Jamun", "label": "0 description beginning", "box": [145, 405, 215, 390], "linking": []}, {"id": 33, "text": "19.90", "label": "unit price", "box": [378, 365, 409, 350], "linking": []}, {"id": 34, "text": "3.50", "label": "unit price", "box": [379, 384, 407, 370], "linking": []}, {"id": 35, "text": "2.00", "label": "unit price", "box": [379, 404, 406, 390], "linking": []}, {"id": 36, "text": "19.9", "label": "5 total price per item", "box": [431, 365, 458, 351], "linking": []}, {"id": 37, "text": "3.50", "label": "5 total price per item", "box": [434, 386, 462, 370], "linking": []}, {"id": 38, "text": "2.0", "label": "5 total price per item", "box": [435, 405, 458, 390], "linking": []}, {"id": 39, "text": "1x", "label": "0 description beginning", "box": [538, 368, 554, 353], "linking": []}, {"id": 40, "text": "1x", "label": "e quantity", "box": [538, 386, 556, 370], "linking": []}, {"id": 41, "text": "ROASTED DUCK NOODLE SET", "label": "0 description beginning", "box": [562, 367, 707, 345], "linking": []}, {"id": 42, "text": " HEINEKEN (8TL)", "label": "1 description inside", "box": [606, 385, 697, 365], "linking": []}, {"id": 43, "text": "19.90", "label": "unit price", "box": [791, 358, 822, 344], "linking": []}, {"id": 44, "text": "12.00", "label": "unit price", "box": [793, 377, 827, 363], "linking": []}, {"id": 45, "text": "19.90", "label": "5 total price per item", "box": [847, 357, 877, 343], "linking": []}, {"id": 46, "text": "12.00", "label": "5 total price per item", "box": [848, 376, 880, 362], "linking": []}, {"id": 47, "text": "1x", "label": "e quantity", "box": [117, 385, 134, 372], "linking": []}, {"id": 48, "text": "1x", "label": "e quantity", "box": [117, 403, 134, 390], "linking": []}, {"id": 49, "text": " (HCS)", "label": "1 description inside", "box": [274, 384, 308, 368], "linking": []}, {"id": 50, "text": " BEER", "label": "0 description beginning", "box": [564, 388, 593, 370], "linking": []}, {"id": 51, "text": " -", "label": "others", "box": [596, 386, 604, 370], "linking": []}, {"id": 52, "text": "$31.90", "label": "total amount", "box": [781, 423, 881, 401], "linking": []}, {"id": 53, "text": "TOTAL", "label": "others", "box": [117, 448, 196, 429], "linking": []}, {"id": 54, "text": "AMEX", "label": "others", "box": [115, 468, 182, 450], "linking": []}, {"id": 55, "text": "Invoice No", "label": "others", "box": [118, 486, 186, 469], "linking": []}, {"id": 56, "text": "Bank Code", "label": "others", "box": [118, 504, 178, 488], "linking": []}, {"id": 57, "text": "Card No", "label": "others", "box": [117, 520, 161, 506], "linking": []}, {"id": 58, "text": "Amount", "label": "others", "box": [113, 539, 153, 525], "linking": []}, {"id": 59, "text": "GST 72", "label": "others", "box": [105, 558, 143, 543], "linking": []}, {"id": 60, "text": " Total Quantity", "label": "others", "box": [101, 577, 193, 562], "linking": []}, {"id": 61, "text": "TOTAL", "label": "others", "box": [538, 430, 618, 410], "linking": []}, {"id": 62, "text": "AMEX", "label": "others", "box": [539, 450, 605, 431], "linking": []}, {"id": 63, "text": "Invoice No", "label": "others", "box": [544, 466, 608, 450], "linking": []}, {"id": 64, "text": "Bank Code", "label": "others", "box": [546, 486, 601, 470], "linking": []}, {"id": 65, "text": "Card No", "label": "others", "box": [543, 506, 591, 487], "linking": []}, {"id": 66, "text": "Amount", "label": "others", "box": [547, 519, 588, 505], "linking": []}, {"id": 67, "text": "GST 7%", "label": "others", "box": [544, 535, 580, 520], "linking": []}, {"id": 68, "text": " Total Quantity", "label": "others", "box": [544, 553, 634, 536], "linking": []}, {"id": 69, "text": "$31.90", "label": "others", "box": [780, 442, 884, 420], "linking": []}, {"id": 70, "text": "$25.40", "label": "total amount", "box": [360, 452, 461, 430], "linking": []}, {"id": 71, "text": "$25.40", "label": "others", "box": [359, 472, 460, 448], "linking": []}, {"id": 72, "text": "= 005035", "label": "others", "box": [628, 464, 680, 447], "linking": []}, {"id": 73, "text": "= AM", "label": "others", "box": [628, 485, 657, 467], "linking": []}, {"id": 74, "text": "= xxxx-xxxx-xxxx-1002", "label": "others", "box": [631, 501, 763, 484], "linking": []}, {"id": 75, "text": "= $31.90", "label": "total amount", "box": [630, 516, 683, 502], "linking": []}, {"id": 76, "text": "$2.09", "label": "2 tax total", "box": [641, 532, 674, 519], "linking": []}, {"id": 77, "text": " : 2", "label": "others", "box": [637, 551, 661, 535], "linking": []}, {"id": 78, "text": "= 006207", "label": "others", "box": [205, 485, 258, 470], "linking": []}, {"id": 79, "text": "= AM", "label": "others", "box": [205, 503, 235, 491], "linking": []}, {"id": 80, "text": "= xxxx-xxxx-xxxx-1002", "label": "others", "box": [203, 523, 340, 509], "linking": []}, {"id": 81, "text": "= $25.40", "label": "total amount", "box": [202, 539, 257, 525], "linking": []}, {"id": 82, "text": "$1.66", "label": "2 tax total", "box": [202, 557, 239, 544], "linking": []}, {"id": 83, "text": " : 3", "label": "others", "box": [196, 577, 217, 562], "linking": []}, {"id": 84, "text": " SIGNATURE", "label": "others", "box": [549, 640, 612, 625], "linking": []}, {"id": 85, "text": " : ..", "label": "others", "box": [614, 640, 634, 625], "linking": []}, {"id": 86, "text": " SIGNATURE", "label": "others", "box": [84, 676, 147, 658], "linking": []}, {"id": 87, "text": " : ..", "label": "others", "box": [150, 677, 170, 659], "linking": []}, {"id": 88, "text": " Receipt", "label": "others", "box": [553, 679, 602, 662], "linking": []}, {"id": 89, "text": " Terminal", "label": "others", "box": [554, 700, 608, 683], "linking": []}, {"id": 90, "text": " : 16/11/2019 21:57:47", "label": "others", "box": [585, 721, 731, 702], "linking": []}, {"id": 91, "text": " : 006-006-000190263", "label": "others", "box": [605, 678, 736, 659], "linking": []}, {"id": 92, "text": " : 01", "label": "others", "box": [692, 698, 721, 681], "linking": []}, {"id": 93, "text": " Receipt", "label": "others", "box": [84, 723, 149, 700], "linking": []}, {"id": 94, "text": " Terminal", "label": "others", "box": [86, 743, 159, 722], "linking": []}, {"id": 95, "text": " : 16/11/2019 22:01:17", "label": "others", "box": [130, 764, 319, 742], "linking": []}, {"id": 96, "text": " : 002-002-000220521", "label": "others", "box": [153, 721, 325, 698], "linking": []}, {"id": 97, "text": " : 01", "label": "others", "box": [271, 742, 310, 720], "linking": []}, {"id": 98, "text": " : 006 Shift", "label": "others", "box": [612, 699, 689, 682], "linking": []}, {"id": 99, "text": " : 002 Shift", "label": "others", "box": [163, 743, 267, 721], "linking": []}, {"id": 100, "text": " Date", "label": "others", "box": [552, 721, 582, 704], "linking": []}, {"id": 101, "text": " Date", "label": "others", "box": [86, 764, 127, 743], "linking": []}, {"id": 102, "text": " Transacted on:", "label": "others", "box": [553, 765, 649, 746], "linking": []}, {"id": 103, "text": " : LI WEI", "label": "others", "box": [604, 784, 661, 766], "linking": []}, {"id": 104, "text": " 16/11/2019", "label": "others", "box": [652, 763, 721, 744], "linking": []}, {"id": 105, "text": " Transacted on:", "label": "others", "box": [94, 805, 218, 783], "linking": []}, {"id": 106, "text": " Cashier", "label": "others", "box": [95, 825, 158, 804], "linking": []}, {"id": 107, "text": " 16/11/2019", "label": "others", "box": [222, 805, 312, 783], "linking": []}, {"id": 108, "text": " : NOR SUHADAH BINTI AHAWAN", "label": "others", "box": [162, 825, 393, 804], "linking": []}, {"id": 109, "text": " Cashier", "label": "others", "box": [554, 785, 601, 768], "linking": []}, {"id": 110, "text": "Thank You, See You Again", "label": "others", "box": [657, 825, 818, 807], "linking": []}, {"id": 111, "text": "Thank You, See You Again", "label": "others", "box": [199, 864, 359, 844], "linking": []}]