[{"id": 0, "text": "S", "label": "others", "box": [1387, 154, 1435, 96], "linking": []}, {"id": 1, "text": "Guest Copy", "label": "others", "box": [498, 203, 702, 164], "linking": []}, {"id": 2, "text": "merchant name", "label": "others", "box": [488, 346, 1059, 248], "linking": []}, {"id": 3, "text": "merchant address", "label": "others", "box": [884, 414, 1040, 358], "linking": []}, {"id": 4, "text": "merchant address", "label": "others", "box": [908, 460, 943, 414], "linking": []}, {"id": 5, "text": " : 09AADCC2835P1Z9", "label": "others", "box": [660, 525, 1020, 459], "linking": []}, {"id": 6, "text": "N", "label": "others", "box": [1253, 361, 1294, 297], "linking": []}, {"id": 7, "text": "X", "label": "others", "box": [1505, 398, 1550, 331], "linking": []}, {"id": 8, "text": "merchant address", "label": "others", "box": [525, 438, 612, 390], "linking": []}, {"id": 9, "text": "merchant address", "label": "others", "box": [619, 432, 866, 371], "linking": []}, {"id": 10, "text": "merchant address", "label": "others", "box": [499, 484, 815, 423], "linking": []}, {"id": 11, "text": "merchant address", "label": "others", "box": [820, 466, 903, 417], "linking": []}, {"id": 12, "text": "merchant address", "label": "others", "box": [948, 457, 1066, 407], "linking": []}, {"id": 13, "text": " GST NO", "label": "others", "box": [521, 533, 654, 480], "linking": []}, {"id": 14, "text": "Alt", "label": "others", "box": [1489, 620, 1554, 575], "linking": []}, {"id": 15, "text": "RESTAURANT", "label": "others", "box": [271, 667, 489, 621], "linking": []}, {"id": 16, "text": " Bill", "label": "others", "box": [267, 714, 369, 669], "linking": []}, {"id": 17, "text": "Date", "label": "others", "box": [262, 759, 357, 719], "linking": []}, {"id": 18, "text": "30/11/19", "label": "others", "box": [271, 814, 453, 765], "linking": []}, {"id": 19, "text": " : R000834", "label": "others", "box": [375, 720, 573, 672], "linking": []}, {"id": 20, "text": " Table Cvr", "label": "others", "box": [527, 768, 731, 725], "linking": []}, {"id": 21, "text": "45 0", "label": "others", "box": [595, 818, 685, 774], "linking": []}, {"id": 22, "text": " Time", "label": "others", "box": [857, 715, 955, 666], "linking": []}, {"id": 23, "text": " : 16:55", "label": "others", "box": [963, 711, 1119, 660], "linking": []}, {"id": 24, "text": "UID", "label": "others", "box": [1055, 756, 1120, 713], "linking": []}, {"id": 25, "text": "------", "label": "others", "box": [1013, 848, 1115, 830], "linking": []}, {"id": 26, "text": " Stw", "label": "others", "box": [747, 766, 822, 725], "linking": []}, {"id": 27, "text": "Item Name", "label": "others", "box": [261, 916, 460, 870], "linking": []}, {"id": 28, "text": "---- -", "label": "0 description beginning", "box": [264, 955, 372, 937], "linking": []}, {"id": 29, "text": " Qty. Rate", "label": "others", "box": [748, 919, 964, 872], "linking": []}, {"id": 30, "text": " Amount", "label": "others", "box": [983, 917, 1123, 872], "linking": []}, {"id": 31, "text": "KADHAI PANEER", "label": "0 description beginning", "box": [255, 1021, 542, 976], "linking": []}, {"id": 32, "text": "Dal makhani", "label": "0 description beginning", "box": [251, 1068, 498, 1029], "linking": []}, {"id": 33, "text": "MIXED VEGETABLE", "label": "0 description beginning", "box": [245, 1111, 581, 1070], "linking": []}, {"id": 34, "text": "TANDOORI ROTI", "label": "0 description beginning", "box": [239, 1160, 526, 1113], "linking": []}, {"id": 35, "text": "TAWA ROTI", "label": "0 description beginning", "box": [220, 1210, 431, 1164], "linking": []}, {"id": 36, "text": "FRESH LIME SODA", "label": "0 description beginning", "box": [219, 1265, 566, 1214], "linking": []}, {"id": 37, "text": "COLD COFFEE", "label": "0 description beginning", "box": [211, 1323, 472, 1272], "linking": []}, {"id": 38, "text": "PUDINA PARANTHA", "label": "0 description beginning", "box": [208, 1383, 562, 1329], "linking": []}, {"id": 39, "text": " 1", "label": "e quantity", "box": [753, 1022, 784, 979], "linking": []}, {"id": 40, "text": " 1", "label": "e quantity", "box": [756, 1066, 788, 1031], "linking": []}, {"id": 41, "text": " 1", "label": "e quantity", "box": [754, 1106, 783, 1073], "linking": []}, {"id": 42, "text": "3", "label": "e quantity", "box": [746, 1150, 773, 1114], "linking": []}, {"id": 43, "text": "2", "label": "e quantity", "box": [744, 1198, 776, 1158], "linking": []}, {"id": 44, "text": "1", "label": "e quantity", "box": [747, 1250, 774, 1215], "linking": []}, {"id": 45, "text": "2 124.00", "label": "unit price", "box": [745, 1315, 934, 1267], "linking": []}, {"id": 46, "text": " 1", "label": "e quantity", "box": [749, 1371, 790, 1325], "linking": []}, {"id": 47, "text": " 250.00", "label": "unit price", "box": [791, 1022, 925, 978], "linking": []}, {"id": 48, "text": " 195.00", "label": "unit price", "box": [796, 1066, 925, 1030], "linking": []}, {"id": 49, "text": " 160.00", "label": "unit price", "box": [797, 1106, 925, 1069], "linking": []}, {"id": 50, "text": "20.00", "label": "unit price", "box": [811, 1149, 927, 1110], "linking": []}, {"id": 51, "text": "10.00", "label": "unit price", "box": [818, 1202, 931, 1156], "linking": []}, {"id": 52, "text": "65.00", "label": "unit price", "box": [808, 1256, 930, 1211], "linking": []}, {"id": 53, "text": "250.00", "label": "5 total price per item", "box": [980, 1021, 1120, 977], "linking": []}, {"id": 54, "text": "195.00", "label": "5 total price per item", "box": [991, 1064, 1118, 1030], "linking": []}, {"id": 55, "text": "160.00", "label": "5 total price per item", "box": [995, 1101, 1125, 1066], "linking": []}, {"id": 56, "text": "60.00", "label": "5 total price per item", "box": [1017, 1148, 1131, 1104], "linking": []}, {"id": 57, "text": "20.00", "label": "5 total price per item", "box": [1020, 1198, 1137, 1155], "linking": []}, {"id": 58, "text": "65.00", "label": "5 total price per item", "box": [1020, 1255, 1141, 1210], "linking": []}, {"id": 59, "text": "248.00", "label": "5 total price per item", "box": [998, 1312, 1142, 1263], "linking": []}, {"id": 60, "text": "50.00", "label": "5 total price per item", "box": [1027, 1372, 1148, 1323], "linking": []}, {"id": 61, "text": " 50.00", "label": "unit price", "box": [809, 1374, 937, 1326], "linking": []}, {"id": 62, "text": "Sub Total", "label": "others", "box": [214, 1553, 424, 1505], "linking": []}, {"id": 63, "text": "CGST2.5%", "label": "others", "box": [217, 1606, 407, 1560], "linking": []}, {"id": 64, "text": "SGST2.5%", "label": "others", "box": [225, 1657, 413, 1611], "linking": []}, {"id": 65, "text": "12", "label": "others", "box": [729, 1551, 780, 1501], "linking": []}, {"id": 66, "text": "1048.00", "label": "sub total", "box": [989, 1551, 1160, 1502], "linking": []}, {"id": 67, "text": "26.21", "label": "2 tax total", "box": [1033, 1608, 1153, 1558], "linking": []}, {"id": 68, "text": "26.21", "label": "2 tax total", "box": [1031, 1661, 1153, 1614], "linking": []}, {"id": 69, "text": "Gross Amount", "label": "others", "box": [220, 1813, 507, 1720], "linking": []}, {"id": 70, "text": " KOT No.", "label": "others", "box": [193, 1924, 371, 1867], "linking": []}, {"id": 71, "text": "1100.00", "label": "total amount", "box": [990, 1830, 1172, 1738], "linking": []}, {"id": 72, "text": " : G001664\\G001670\\G001678\\G001687", "label": "others", "box": [377, 1955, 1177, 1874], "linking": []}, {"id": 73, "text": "WISH YOU A HAPPY AND SAFE JOURNEY", "label": "others", "box": [290, 2068, 1141, 1978], "linking": []}]