[{"id": 0, "text": "merchant name", "label": "others", "box": [168, 112, 348, 89], "linking": []}, {"id": 1, "text": " Phone:", "label": "others", "box": [175, 146, 230, 126], "linking": []}, {"id": 2, "text": "www.panerabread.com", "label": "others", "box": [178, 174, 334, 150], "linking": []}, {"id": 3, "text": "merchant address", "label": "others", "box": [185, 131, 329, 107], "linking": []}, {"id": 4, "text": "merchant phone", "label": "others", "box": [232, 153, 340, 130], "linking": []}, {"id": 5, "text": " Accuracy Matters:", "label": "others", "box": [183, 217, 322, 194], "linking": []}, {"id": 6, "text": "If your order is not right, let an", "label": "others", "box": [112, 241, 389, 209], "linking": []}, {"id": 7, "text": " right", "label": "others", "box": [209, 277, 255, 260], "linking": []}, {"id": 8, "text": "associate know and we will fix it", "label": "others", "box": [117, 261, 384, 235], "linking": []}, {"id": 9, "text": " away!", "label": "others", "box": [257, 279, 300, 262], "linking": []}, {"id": 10, "text": "11/15/2019", "label": "others", "box": [72, 309, 159, 291], "linking": []}, {"id": 11, "text": " Check Number:", "label": "others", "box": [71, 330, 189, 311], "linking": []}, {"id": 12, "text": " 1", "label": "e quantity", "box": [96, 349, 107, 333], "linking": []}, {"id": 13, "text": " 241202", "label": "others", "box": [196, 331, 253, 314], "linking": []}, {"id": 14, "text": " Ched", "label": "0 description beginning", "box": [187, 350, 227, 335], "linking": []}, {"id": 15, "text": "1 French Baguette", "label": "1 description inside", "box": [138, 371, 283, 355], "linking": []}, {"id": 16, "text": "SubTotal", "label": "others", "box": [206, 390, 271, 374], "linking": []}, {"id": 17, "text": "Tax", "label": "others", "box": [207, 410, 233, 396], "linking": []}, {"id": 18, "text": "Gratuity", "label": "others", "box": [206, 431, 275, 416], "linking": []}, {"id": 19, "text": "Total", "label": "others", "box": [206, 452, 248, 437], "linking": []}, {"id": 20, "text": "American Express", "label": "others", "box": [205, 474, 346, 458], "linking": []}, {"id": 21, "text": " Acct:XXXXXXXX1004", "label": "others", "box": [205, 498, 357, 479], "linking": []}, {"id": 22, "text": " 870290", "label": "others", "box": [284, 519, 341, 501], "linking": []}, {"id": 23, "text": " 110774", "label": "others", "box": [268, 542, 323, 524], "linking": []}, {"id": 24, "text": " 11:09:20 AM", "label": "others", "box": [318, 319, 406, 302], "linking": []}, {"id": 25, "text": " Cashier:", "label": "others", "box": [269, 335, 342, 317], "linking": []}, {"id": 26, "text": " Jonathan", "label": "others", "box": [352, 338, 417, 320], "linking": []}, {"id": 27, "text": "7.09", "label": "5 total price per item", "box": [368, 354, 402, 339], "linking": []}, {"id": 28, "text": " Bwl", "label": "0 description beginning", "box": [110, 350, 142, 333], "linking": []}, {"id": 29, "text": " Broc", "label": "0 description beginning", "box": [145, 350, 185, 334], "linking": []}, {"id": 30, "text": " Soup", "label": "0 description beginning", "box": [230, 350, 266, 335], "linking": []}, {"id": 31, "text": "7.09", "label": "sub total", "box": [371, 393, 406, 377], "linking": []}, {"id": 32, "text": "0.61", "label": "2 tax total", "box": [373, 413, 406, 397], "linking": []}, {"id": 33, "text": "1.00", "label": "3 tip", "box": [375, 433, 409, 418], "linking": []}, {"id": 34, "text": "8.70", "label": "total amount", "box": [375, 454, 412, 438], "linking": []}, {"id": 35, "text": "8.70", "label": "others", "box": [377, 474, 413, 459], "linking": []}, {"id": 36, "text": " AuthCode:", "label": "others", "box": [205, 520, 281, 502], "linking": []}, {"id": 37, "text": " Trans#:", "label": "others", "box": [204, 543, 265, 525], "linking": []}, {"id": 38, "text": " If", "label": "others", "box": [155, 590, 179, 573], "linking": []}, {"id": 39, "text": "MyPanera card, use the code below at", "label": "others", "box": [88, 614, 419, 595], "linking": []}, {"id": 40, "text": "www.mypanera.com/missedvisit.", "label": "others", "box": [119, 638, 389, 619], "linking": []}, {"id": 41, "text": "Or if not a member go on-line", "label": "others", "box": [118, 663, 390, 644], "linking": []}, {"id": 42, "text": " or ask an associate and join", "label": "others", "box": [93, 690, 363, 669], "linking": []}, {"id": 43, "text": " you didn't use your", "label": "others", "box": [181, 590, 357, 572], "linking": []}, {"id": 44, "text": " today.", "label": "others", "box": [366, 688, 421, 669], "linking": []}, {"id": 45, "text": "2888-1027-8090-8979-8953-88", "label": "others", "box": [124, 739, 382, 718], "linking": []}, {"id": 46, "text": "TOGO POS", "label": "others", "box": [222, 790, 301, 771], "linking": []}, {"id": 47, "text": " Your Order Number is:", "label": "others", "box": [136, 819, 347, 797], "linking": []}, {"id": 48, "text": " 202", "label": "others", "box": [351, 816, 382, 797], "linking": []}, {"id": 49, "text": " Customer / Pager:", "label": "others", "box": [114, 848, 289, 826], "linking": []}, {"id": 50, "text": "Customer Copy", "label": "others", "box": [193, 905, 332, 880], "linking": []}]