[{"id": 0, "text": "merchant name", "label": "others", "box": [105, 35, 183, 12], "linking": []}, {"id": 1, "text": " Tels:", "label": "others", "box": [82, 65, 120, 49], "linking": []}, {"id": 2, "text": " Store#:", "label": "others", "box": [52, 102, 160, 72], "linking": []}, {"id": 3, "text": " 1LNV4YJC5X", "label": "others", "box": [137, 137, 274, 100], "linking": []}, {"id": 4, "text": "merchant address", "label": "others", "box": [74, 49, 215, 21], "linking": []}, {"id": 5, "text": "merchant phone", "label": "others", "box": [122, 88, 281, 52], "linking": []}, {"id": 6, "text": " TRANS#:", "label": "others", "box": [26, 121, 132, 93], "linking": []}, {"id": 7, "text": "Walcome to McDonald's", "label": "others", "box": [73, 154, 223, 130], "linking": []}, {"id": 8, "text": " 3211 Young", "label": "others", "box": [162, 106, 319, 81], "linking": []}, {"id": 9, "text": "263", "label": "others", "box": [105, 271, 221, 177], "linking": []}, {"id": 10, "text": " 12/05/2019 12:15:36 PM", "label": "others", "box": [133, 333, 287, 313], "linking": []}, {"id": 11, "text": "KS# 2", "label": "others", "box": [11, 330, 50, 311], "linking": []}, {"id": 12, "text": "PLEASE", "label": "others", "box": [310, 382, 323, 325], "linking": []}, {"id": 13, "text": "QTY ITEM", "label": "others", "box": [10, 364, 71, 346], "linking": []}, {"id": 14, "text": "2 Ranch Wrap Crispy", "label": "0 description beginning", "box": [24, 384, 161, 364], "linking": []}, {"id": 15, "text": " M French Fries", "label": "0 description beginning", "box": [37, 400, 140, 382], "linking": []}, {"id": 16, "text": "TOTAL", "label": "others", "box": [250, 367, 288, 350], "linking": []}, {"id": 17, "text": "5.38", "label": "5 total price per item", "box": [254, 384, 288, 367], "linking": []}, {"id": 18, "text": "3.29", "label": "5 total price per item", "box": [254, 400, 287, 383], "linking": []}, {"id": 19, "text": " 1", "label": "e quantity", "box": [25, 398, 34, 381], "linking": []}, {"id": 20, "text": "Subtotal", "label": "others", "box": [11, 432, 69, 415], "linking": []}, {"id": 21, "text": "HST", "label": "others", "box": [12, 448, 31, 432], "linking": []}, {"id": 22, "text": "Take-Out Total", "label": "others", "box": [11, 468, 111, 450], "linking": []}, {"id": 23, "text": "8.67", "label": "sub total", "box": [256, 434, 287, 417], "linking": []}, {"id": 24, "text": "1.13", "label": "2 tax total", "box": [256, 452, 287, 435], "linking": []}, {"id": 25, "text": "9.80", "label": "total amount", "box": [254, 469, 288, 452], "linking": []}, {"id": 26, "text": "CREDIT CARD", "label": "others", "box": [10, 501, 91, 484], "linking": []}, {"id": 27, "text": "Change", "label": "others", "box": [9, 519, 56, 502], "linking": []}, {"id": 28, "text": "9.80", "label": "total amount", "box": [254, 504, 288, 487], "linking": []}, {"id": 29, "text": "0.00", "label": "others", "box": [255, 521, 288, 504], "linking": []}, {"id": 30, "text": "PLEASE TURN I", "label": "others", "box": [311, 630, 322, 531], "linking": []}, {"id": 31, "text": "GST # 120907092", "label": "others", "box": [96, 572, 204, 554], "linking": []}, {"id": 32, "text": "========= TRANSACTION RECORD ==========", "label": "others", "box": [11, 607, 287, 589], "linking": []}, {"id": 33, "text": " TYPE:", "label": "others", "box": [15, 640, 50, 622], "linking": []}, {"id": 34, "text": " PURCHASE", "label": "others", "box": [53, 640, 113, 622], "linking": []}, {"id": 35, "text": " ACCT:", "label": "others", "box": [15, 673, 51, 657], "linking": []}, {"id": 36, "text": " AMEX", "label": "others", "box": [54, 674, 87, 657], "linking": []}, {"id": 37, "text": "9.80", "label": "others", "box": [240, 674, 271, 658], "linking": []}, {"id": 38, "text": " CARD NUMBER:", "label": "others", "box": [16, 724, 101, 708], "linking": []}, {"id": 39, "text": " DATE/TIME:", "label": "others", "box": [16, 741, 93, 725], "linking": []}, {"id": 40, "text": " REFERENCE #:", "label": "others", "box": [16, 759, 101, 742], "linking": []}, {"id": 41, "text": " AUTHOR. #:", "label": "others", "box": [14, 776, 89, 759], "linking": []}, {"id": 42, "text": " TRANS #:", "label": "others", "box": [17, 793, 74, 775], "linking": []}, {"id": 43, "text": " *********** 4007", "label": "others", "box": [104, 725, 210, 708], "linking": []}, {"id": 44, "text": " 05-Dec-2019 12:15:54", "label": "others", "box": [103, 743, 244, 726], "linking": []}, {"id": 45, "text": " 66164220 0010640640 C", "label": "others", "box": [104, 760, 251, 742], "linking": []}, {"id": 46, "text": "886265", "label": "others", "box": [105, 775, 149, 759], "linking": []}, {"id": 47, "text": "1LNV4YJC5X", "label": "others", "box": [106, 792, 175, 776], "linking": []}, {"id": 48, "text": "PLEASE TURN THIS OVERT", "label": "others", "box": [307, 896, 320, 734], "linking": []}, {"id": 49, "text": "PLEASE TURN TIES SWINE", "label": "others", "box": [308, 1104, 321, 937], "linking": []}, {"id": 50, "text": " APP", "label": "others", "box": [15, 825, 35, 810], "linking": []}, {"id": 51, "text": " AID:", "label": "others", "box": [16, 843, 45, 827], "linking": []}, {"id": 52, "text": " ARQC TVR:", "label": "others", "box": [17, 860, 78, 844], "linking": []}, {"id": 53, "text": " ARQC:", "label": "others", "box": [17, 876, 54, 861], "linking": []}, {"id": 54, "text": " TC/AAC:", "label": "others", "box": [14, 893, 64, 878], "linking": []}, {"id": 55, "text": "VERIFIED BY PIN", "label": "others", "box": [16, 911, 121, 894], "linking": []}, {"id": 56, "text": " :", "label": "others", "box": [38, 825, 43, 810], "linking": []}, {"id": 57, "text": "AMERICAN EXPRESS", "label": "others", "box": [125, 827, 237, 810], "linking": []}, {"id": 58, "text": "A000000025010801", "label": "others", "box": [125, 844, 235, 827], "linking": []}, {"id": 59, "text": "0000008000F800", "label": "others", "box": [125, 861, 222, 844], "linking": []}, {"id": 60, "text": "118483FA781602E3", "label": "others", "box": [127, 878, 237, 861], "linking": []}, {"id": 61, "text": "70939F4FC8607200", "label": "others", "box": [127, 896, 236, 878], "linking": []}, {"id": 62, "text": "00 APPROVED - THANK YOU 025", "label": "others", "box": [55, 946, 244, 928], "linking": []}, {"id": 63, "text": "IMPORTANT - retain this copy for", "label": "others", "box": [13, 981, 237, 961], "linking": []}, {"id": 64, "text": "your records", "label": "others", "box": [95, 997, 180, 982], "linking": []}, {"id": 65, "text": "***** CARDHOLDER COPY *****", "label": "others", "box": [11, 1048, 200, 1031], "linking": []}]