[{"id": 0, "text": "merchant address", "label": "others", "box": [60, 657, 394, 613], "linking": []}, {"id": 1, "text": "merchant address", "label": "others", "box": [401, 658, 492, 617], "linking": []}, {"id": 2, "text": "merchant name", "label": "others", "box": [1124, 657, 1262, 579], "linking": []}, {"id": 3, "text": "merchant address", "label": "others", "box": [1091, 713, 1160, 669], "linking": []}, {"id": 4, "text": "merchant address", "label": "others", "box": [1092, 754, 1297, 715], "linking": []}, {"id": 5, "text": "merchant address", "label": "others", "box": [1167, 714, 1298, 670], "linking": []}, {"id": 6, "text": "MEMORIES OF CHINA", "label": "others", "box": [674, 1141, 1072, 1094], "linking": []}, {"id": 7, "text": "DATE AND TIME", "label": "others", "box": [765, 1231, 1074, 1182], "linking": []}, {"id": 8, "text": " 0900824486 18/11/2019 9:16 PM 1", "label": "others", "box": [485, 1280, 1232, 1230], "linking": []}, {"id": 9, "text": "THELE HO $01", "label": "others", "box": [489, 1331, 774, 1279], "linking": []}, {"id": 10, "text": " CHEMIER", "label": "others", "box": [485, 1385, 659, 1331], "linking": []}, {"id": 11, "text": " WAITER", "label": "others", "box": [482, 1440, 632, 1385], "linking": []}, {"id": 12, "text": " ORDER NO", "label": "others", "box": [480, 1496, 681, 1440], "linking": []}, {"id": 13, "text": " :PKK", "label": "others", "box": [669, 1385, 778, 1331], "linking": []}, {"id": 14, "text": " :PRK", "label": "others", "box": [643, 1440, 753, 1385], "linking": []}, {"id": 15, "text": " :PRAKASH", "label": "others", "box": [787, 1387, 993, 1331], "linking": []}, {"id": 16, "text": " :PRAKASH", "label": "others", "box": [764, 1440, 974, 1385], "linking": []}, {"id": 17, "text": " :K00127939", "label": "others", "box": [692, 1496, 946, 1440], "linking": []}, {"id": 18, "text": "@tw Menu Item", "label": "others", "box": [475, 1609, 801, 1554], "linking": []}, {"id": 19, "text": "Amount", "label": "others", "box": [1154, 1608, 1311, 1563], "linking": []}, {"id": 20, "text": " SRC/HON Code:", "label": "others", "box": [475, 1722, 801, 1667], "linking": []}, {"id": 21, "text": "1 DRY CHILLY CHIKEN WO", "label": "0 description beginning", "box": [518, 1776, 1069, 1721], "linking": []}, {"id": 22, "text": "1 BURNT GARLIC FRIED R", "label": "0 description beginning", "box": [523, 1829, 1075, 1774], "linking": []}, {"id": 23, "text": " 996332", "label": "others", "box": [811, 1722, 971, 1667], "linking": []}, {"id": 24, "text": "800.00", "label": "5 total price per item", "box": [1161, 1771, 1311, 1720], "linking": []}, {"id": 25, "text": "700.00", "label": "5 total price per item", "box": [1162, 1826, 1310, 1774], "linking": []}, {"id": 26, "text": "Total", "label": "others", "box": [511, 1944, 650, 1888], "linking": []}, {"id": 27, "text": " SAC/HEN Code:", "label": "others", "box": [468, 2008, 802, 1947], "linking": []}, {"id": 28, "text": "COST9%", "label": "others", "box": [510, 2071, 677, 2009], "linking": []}, {"id": 29, "text": "86819%", "label": "others", "box": [504, 2134, 674, 2076], "linking": []}, {"id": 30, "text": "1500.00", "label": "total amount", "box": [1145, 1945, 1324, 1885], "linking": []}, {"id": 31, "text": " 996332", "label": "others", "box": [812, 2008, 980, 1947], "linking": []}, {"id": 32, "text": "135.00", "label": "2 tax total", "box": [1179, 2071, 1339, 2007], "linking": []}, {"id": 33, "text": "35.00", "label": "2 tax total", "box": [1216, 2133, 1341, 2070], "linking": []}, {"id": 34, "text": "-------", "label": "others", "box": [1083, 2185, 1284, 2156], "linking": []}, {"id": 35, "text": "1770.00", "label": "total amount", "box": [1166, 2266, 1362, 2202], "linking": []}, {"id": 36, "text": "Grand Total", "label": "others", "box": [503, 2270, 803, 2206], "linking": []}]