[{"id": 0, "text": " Order:", "label": "others", "box": [238, 247, 409, 194], "linking": []}, {"id": 1, "text": "French Fries", "label": "0 description beginning", "box": [116, 314, 274, 280], "linking": []}, {"id": 2, "text": " 816", "label": "others", "box": [440, 238, 528, 185], "linking": []}, {"id": 3, "text": "Sub Total", "label": "others", "box": [409, 362, 528, 332], "linking": []}, {"id": 4, "text": "Tax Amount", "label": "others", "box": [409, 395, 544, 365], "linking": []}, {"id": 5, "text": "1.45", "label": "sub total", "box": [599, 354, 655, 327], "linking": []}, {"id": 6, "text": "0.13", "label": "2 tax total", "box": [595, 386, 654, 360], "linking": []}, {"id": 7, "text": "Total USD", "label": "others", "box": [94, 494, 213, 447], "linking": []}, {"id": 8, "text": " 11/14/2019 12:13 PM Terminal 11|1:143", "label": "others", "box": [92, 559, 632, 513], "linking": []}, {"id": 9, "text": "1.58", "label": "total amount", "box": [592, 478, 649, 430], "linking": []}, {"id": 10, "text": "9700000725460", "label": "others", "box": [246, 826, 424, 798], "linking": []}, {"id": 11, "text": "Please take this order confirmation slip", "label": "others", "box": [47, 902, 598, 871], "linking": []}, {"id": 12, "text": "to a cashier or self-checkout station to", "label": "others", "box": [42, 938, 596, 908], "linking": []}, {"id": 13, "text": "pay for your order.", "label": "others", "box": [33, 974, 290, 943], "linking": []}]