[{"id": 0, "text": "S128-WHSM-MUMBAI-ARPT-DOM.ARR.CTN", "label": "others", "box": [174, 306, 850, 238], "linking": []}, {"id": 1, "text": "merchant name", "label": "others", "box": [659, 355, 850, 311], "linking": []}, {"id": 2, "text": "merchant address", "label": "others", "box": [495, 403, 882, 355], "linking": []}, {"id": 3, "text": "merchant name", "label": "others", "box": [256, 343, 384, 294], "linking": []}, {"id": 4, "text": "merchant address", "label": "others", "box": [274, 396, 452, 347], "linking": []}, {"id": 5, "text": "merchant name", "label": "others", "box": [390, 353, 653, 301], "linking": []}, {"id": 6, "text": "merchant address", "label": "others", "box": [458, 397, 488, 354], "linking": []}, {"id": 7, "text": "merchant name", "label": "others", "box": [856, 355, 930, 313], "linking": []}, {"id": 8, "text": "merchant address", "label": "others", "box": [231, 452, 916, 391], "linking": []}, {"id": 9, "text": "merchant address", "label": "others", "box": [333, 498, 842, 447], "linking": []}, {"id": 10, "text": "GSTIN 27AADCT2481N2ZU", "label": "others", "box": [374, 545, 798, 498], "linking": []}, {"id": 11, "text": "day ... Tax Invoice", "label": "others", "box": [301, 592, 684, 551], "linking": []}, {"id": 12, "text": " Bill No:", "label": "others", "box": [166, 683, 342, 636], "linking": []}, {"id": 13, "text": " 20-Nov-2019 10:12:09", "label": "others", "box": [163, 734, 590, 682], "linking": []}, {"id": 14, "text": " : 1 / 20-Nov-2019", "label": "others", "box": [525, 783, 873, 740], "linking": []}, {"id": 15, "text": " 2010790038427", "label": "others", "box": [348, 687, 609, 642], "linking": []}, {"id": 16, "text": " Counter:", "label": "others", "box": [708, 692, 881, 654], "linking": []}, {"id": 17, "text": "CASHIER", "label": "others", "box": [706, 735, 854, 695], "linking": []}, {"id": 18, "text": " 01", "label": "others", "box": [888, 694, 926, 659], "linking": []}, {"id": 19, "text": " Session No & Date", "label": "others", "box": [163, 781, 519, 729], "linking": []}, {"id": 20, "text": " *", "label": "others", "box": [163, 863, 197, 822], "linking": []}, {"id": 21, "text": " Item Description/MRP", "label": "others", "box": [202, 876, 606, 825], "linking": []}, {"id": 22, "text": "Qty", "label": "others", "box": [301, 920, 366, 879], "linking": []}, {"id": 23, "text": "HSN-SAC", "label": "others", "box": [656, 876, 818, 837], "linking": []}, {"id": 24, "text": "Price", "label": "others", "box": [565, 923, 668, 884], "linking": []}, {"id": 25, "text": "Value", "label": "others", "box": [864, 928, 974, 889], "linking": []}, {"id": 26, "text": " [Minute Maid Pulpy orange Can 300 ML]", "label": "0 description beginning", "box": [186, 1026, 939, 970], "linking": []}, {"id": 27, "text": " 70.", "label": "unit price", "box": [946, 1026, 1004, 985], "linking": []}, {"id": 28, "text": "00", "label": "unit price", "box": [156, 1054, 213, 1017], "linking": []}, {"id": 29, "text": "22029020", "label": "others", "box": [257, 1065, 425, 1020], "linking": []}, {"id": 30, "text": "1.00", "label": "e quantity", "box": [279, 1109, 363, 1071], "linking": []}, {"id": 31, "text": " 8901764361333/1", "label": "others", "box": [196, 1159, 514, 1113], "linking": []}, {"id": 32, "text": " (I)CGST", "label": "others", "box": [199, 1200, 347, 1157], "linking": []}, {"id": 33, "text": " SGST", "label": "others", "box": [188, 1242, 284, 1201], "linking": []}, {"id": 34, "text": "70.00", "label": "unit price", "box": [565, 1115, 667, 1075], "linking": []}, {"id": 35, "text": " X EA", "label": "others", "box": [520, 1161, 603, 1121], "linking": []}, {"id": 36, "text": " %", "label": "others", "box": [498, 1205, 530, 1165], "linking": []}, {"id": 37, "text": " @ 6%", "label": "others", "box": [475, 1251, 570, 1211], "linking": []}, {"id": 38, "text": "70.00", "label": "5 total price per item", "box": [866, 1114, 966, 1078], "linking": []}, {"id": 39, "text": " -", "label": "others", "box": [353, 1201, 388, 1161], "linking": []}, {"id": 40, "text": " 6.00 %", "label": "others", "box": [329, 1248, 469, 1206], "linking": []}, {"id": 41, "text": " 6.00", "label": "others", "box": [394, 1204, 492, 1162], "linking": []}, {"id": 42, "text": " @ 6%", "label": "others", "box": [537, 1208, 621, 1166], "linking": []}, {"id": 43, "text": "3.75", "label": "2 tax total", "box": [882, 1202, 967, 1161], "linking": []}, {"id": 44, "text": "-3.75", "label": "2 tax total", "box": [849, 1246, 968, 1205], "linking": []}, {"id": 45, "text": " -", "label": "others", "box": [289, 1244, 323, 1205], "linking": []}, {"id": 46, "text": " Items:", "label": "others", "box": [143, 1337, 282, 1293], "linking": []}, {"id": 47, "text": " 1 Qty:", "label": "others", "box": [288, 1342, 427, 1298], "linking": []}, {"id": 48, "text": "Tax Amt", "label": "others", "box": [376, 1391, 520, 1349], "linking": []}, {"id": 49, "text": "Net Value", "label": "others", "box": [371, 1441, 559, 1397], "linking": []}, {"id": 50, "text": " Total Received:", "label": "others", "box": [367, 1492, 676, 1446], "linking": []}, {"id": 51, "text": " 1.00", "label": "e quantity", "box": [434, 1344, 521, 1302], "linking": []}, {"id": 52, "text": " Amt", "label": "others", "box": [597, 1346, 654, 1309], "linking": []}, {"id": 53, "text": " :", "label": "others", "box": [661, 1346, 678, 1309], "linking": []}, {"id": 54, "text": "70.00", "label": "sub total", "box": [866, 1341, 968, 1299], "linking": []}, {"id": 55, "text": "7.50", "label": "2 tax total", "box": [885, 1387, 969, 1346], "linking": []}, {"id": 56, "text": "70.00", "label": "others", "box": [866, 1437, 970, 1396], "linking": []}, {"id": 57, "text": "70.00", "label": "total amount", "box": [868, 1485, 971, 1445], "linking": []}, {"id": 58, "text": "Tax Details", "label": "others", "box": [425, 1584, 662, 1546], "linking": []}, {"id": 59, "text": "Taxable", "label": "others", "box": [551, 1619, 702, 1583], "linking": []}, {"id": 60, "text": "Tax Desc", "label": "others", "box": [128, 1619, 308, 1579], "linking": []}, {"id": 61, "text": "Tax Amt", "label": "others", "box": [828, 1609, 978, 1577], "linking": []}, {"id": 62, "text": " CGST", "label": "others", "box": [113, 1707, 215, 1665], "linking": []}, {"id": 63, "text": "SGST - 6.00", "label": "others", "box": [108, 1762, 367, 1709], "linking": []}, {"id": 64, "text": " - 6.00", "label": "others", "box": [223, 1714, 369, 1668], "linking": []}, {"id": 65, "text": "%", "label": "others", "box": [366, 1759, 401, 1724], "linking": []}, {"id": 66, "text": " %", "label": "others", "box": [376, 1715, 403, 1681], "linking": []}, {"id": 67, "text": "62.50", "label": "others", "box": [594, 1704, 700, 1662], "linking": []}, {"id": 68, "text": "62.50", "label": "others", "box": [591, 1746, 702, 1707], "linking": []}, {"id": 69, "text": "3.75", "label": "2 tax total", "box": [894, 1690, 984, 1653], "linking": []}, {"id": 70, "text": "3.75", "label": "2 tax total", "box": [895, 1734, 986, 1695], "linking": []}, {"id": 71, "text": "Total Tax Value", "label": "others", "box": [101, 1856, 439, 1806], "linking": []}, {"id": 72, "text": "7.50", "label": "2 tax total", "box": [903, 1827, 993, 1787], "linking": []}, {"id": 73, "text": "Tender Type Reference No.", "label": "others", "box": [86, 1956, 647, 1895], "linking": []}, {"id": 74, "text": "Amount", "label": "others", "box": [839, 1926, 979, 1886], "linking": []}, {"id": 75, "text": "005", "label": "others", "box": [352, 2049, 423, 2007], "linking": []}, {"id": 76, "text": "70.00", "label": "total amount", "box": [868, 2026, 985, 1980], "linking": []}, {"id": 77, "text": "AMEX", "label": "others", "box": [73, 2058, 174, 2013], "linking": []}, {"id": 78, "text": "Sign.", "label": "others", "box": [394, 2158, 577, 2114], "linking": []}, {"id": 79, "text": "Thanks, Please Visit Again", "label": "others", "box": [223, 2281, 831, 2216], "linking": []}, {"id": 80, "text": "WWW.whsmithindia.com", "label": "others", "box": [284, 2396, 784, 2336], "linking": []}, {"id": 81, "text": "1507/ 0101-10", "label": "others", "box": [79, 2446, 267, 2421], "linking": []}]