[{"id": 0, "text": "merchant name", "label": "others", "box": [476, 141, 1046, 63], "linking": []}, {"id": 1, "text": "merchant address", "label": "others", "box": [446, 255, 1073, 178], "linking": []}, {"id": 2, "text": "CHK 656831", "label": "others", "box": [642, 360, 886, 298], "linking": []}, {"id": 3, "text": "merchant address", "label": "others", "box": [569, 187, 968, 127], "linking": []}, {"id": 4, "text": " 11/18/2019 05:41 PM", "label": "others", "box": [520, 424, 997, 352], "linking": []}, {"id": 5, "text": "2824157", "label": "others", "box": [410, 483, 592, 427], "linking": []}, {"id": 6, "text": " Drawer:", "label": "others", "box": [655, 477, 855, 418], "linking": []}, {"id": 7, "text": " 1 Reg:", "label": "others", "box": [863, 469, 1056, 412], "linking": []}, {"id": 8, "text": " 3", "label": "others", "box": [1065, 465, 1104, 410], "linking": []}, {"id": 9, "text": "Tl Cappuccino", "label": "0 description beginning", "box": [331, 604, 663, 546], "linking": []}, {"id": 10, "text": "3.95", "label": "5 total price per item", "box": [1040, 581, 1143, 528], "linking": []}, {"id": 11, "text": "2.45", "label": "5 total price per item", "box": [1035, 643, 1144, 589], "linking": []}, {"id": 12, "text": "Vanilla Madeleine", "label": "0 description beginning", "box": [324, 662, 761, 601], "linking": []}, {"id": 13, "text": "Amex", "label": "others", "box": [319, 777, 430, 731], "linking": []}, {"id": 14, "text": "XXXXXXXXXXXX1006", "label": "others", "box": [311, 834, 732, 783], "linking": []}, {"id": 15, "text": " QUICK CHIP", "label": "others", "box": [612, 897, 884, 841], "linking": []}, {"id": 16, "text": " PURCHASE", "label": "others", "box": [609, 959, 836, 904], "linking": []}, {"id": 17, "text": " 00000167", "label": "others", "box": [635, 1023, 858, 963], "linking": []}, {"id": 18, "text": " AMERICAN EXPRESS", "label": "others", "box": [584, 1088, 1018, 1027], "linking": []}, {"id": 19, "text": " 888039", "label": "others", "box": [504, 1146, 669, 1094], "linking": []}, {"id": 20, "text": " A000000025010801", "label": "others", "box": [417, 1211, 847, 1154], "linking": []}, {"id": 21, "text": " 0000008000", "label": "others", "box": [417, 1275, 692, 1218], "linking": []}, {"id": 22, "text": " E800", "label": "others", "box": [411, 1339, 528, 1283], "linking": []}, {"id": 23, "text": "6.75", "label": "others", "box": [1038, 765, 1147, 712], "linking": []}, {"id": 24, "text": " Card Entry:", "label": "others", "box": [304, 897, 603, 843], "linking": []}, {"id": 25, "text": " Trans Type:", "label": "others", "box": [303, 959, 600, 904], "linking": []}, {"id": 26, "text": " Reference #:", "label": "others", "box": [298, 1023, 624, 965], "linking": []}, {"id": 27, "text": " App Label:", "label": "others", "box": [302, 1090, 574, 1031], "linking": []}, {"id": 28, "text": " Auth #:", "label": "others", "box": [297, 1146, 496, 1095], "linking": []}, {"id": 29, "text": " AID:", "label": "others", "box": [297, 1211, 406, 1154], "linking": []}, {"id": 30, "text": " TVR:", "label": "others", "box": [296, 1275, 406, 1218], "linking": []}, {"id": 31, "text": " TSI:", "label": "others", "box": [287, 1339, 402, 1282], "linking": []}, {"id": 32, "text": "Subtotal", "label": "others", "box": [277, 1470, 496, 1410], "linking": []}, {"id": 33, "text": "Tax 8.875%", "label": "others", "box": [280, 1535, 556, 1477], "linking": []}, {"id": 34, "text": "Total", "label": "others", "box": [276, 1601, 408, 1544], "linking": []}, {"id": 35, "text": "Change Due", "label": "others", "box": [189, 1674, 730, 1610], "linking": []}, {"id": 36, "text": "$6.40", "label": "sub total", "box": [978, 1470, 1115, 1415], "linking": []}, {"id": 37, "text": "$0.35", "label": "2 tax total", "box": [976, 1538, 1114, 1480], "linking": []}, {"id": 38, "text": "$6.75", "label": "total amount", "box": [974, 1604, 1113, 1546], "linking": []}, {"id": 39, "text": "$0.00", "label": "others", "box": [997, 1676, 1275, 1613], "linking": []}, {"id": 40, "text": "Check Closed --", "label": "others", "box": [497, 1805, 911, 1747], "linking": []}, {"id": 41, "text": " 11/18/2019 05:41 PM", "label": "others", "box": [450, 1879, 977, 1815], "linking": []}, {"id": 42, "text": "Join our loyalty program", "label": "others", "box": [375, 2234, 1058, 2165], "linking": []}, {"id": 43, "text": "Starbucks Rewards\u00ae", "label": "others", "box": [451, 2302, 967, 2237], "linking": []}, {"id": 44, "text": "Sign up for promotional emails", "label": "others", "box": [278, 2382, 1136, 2308], "linking": []}, {"id": 45, "text": "Visit Starbucks.com/rewards", "label": "others", "box": [304, 2458, 1080, 2376], "linking": []}, {"id": 46, "text": "Or download our app", "label": "others", "box": [415, 2527, 965, 2454], "linking": []}, {"id": 47, "text": "At participating stores", "label": "others", "box": [355, 2600, 1021, 2529], "linking": []}, {"id": 48, "text": "Some restrictions apply", "label": "others", "box": [350, 2681, 1014, 2602], "linking": []}, {"id": 49, "text": "REDMI NOTE 5 PRO", "label": "others", "box": [371, 2790, 883, 2729], "linking": []}, {"id": 50, "text": "MI DUAL CAMERA", "label": "others", "box": [366, 2861, 844, 2799], "linking": []}]