[{"id": 0, "text": "merchant name", "label": "others", "box": [358, 184, 575, 102], "linking": []}, {"id": 1, "text": "merchant address", "label": "others", "box": [333, 251, 594, 221], "linking": []}, {"id": 2, "text": "merchant address", "label": "others", "box": [392, 287, 534, 264], "linking": []}, {"id": 3, "text": "merchant address", "label": "others", "box": [352, 269, 574, 242], "linking": []}, {"id": 4, "text": "merchant address", "label": "others", "box": [361, 309, 564, 280], "linking": []}, {"id": 5, "text": " Rebecca D", "label": "others", "box": [377, 348, 482, 327], "linking": []}, {"id": 6, "text": " Server:", "label": "others", "box": [289, 350, 371, 333], "linking": []}, {"id": 7, "text": " 12/15/19 6:16 PM", "label": "others", "box": [454, 361, 637, 336], "linking": []}, {"id": 8, "text": "Check #11", "label": "others", "box": [290, 383, 392, 366], "linking": []}, {"id": 9, "text": "Table B7", "label": "others", "box": [544, 376, 636, 357], "linking": []}, {"id": 10, "text": ".* pe", "label": "others", "box": [363, 418, 406, 405], "linking": []}, {"id": 11, "text": "AMERICAN EXPRESS", "label": "others", "box": [290, 441, 479, 418], "linking": []}, {"id": 12, "text": " C", "label": "others", "box": [447, 418, 461, 404], "linking": []}, {"id": 13, "text": " (EMV Chip Read)", "label": "others", "box": [471, 423, 643, 404], "linking": []}, {"id": 14, "text": " 7:20 PM", "label": "others", "box": [571, 449, 657, 434], "linking": []}, {"id": 15, "text": "XXXXXXXX1005", "label": "others", "box": [504, 435, 651, 419], "linking": []}, {"id": 16, "text": "Transaction Type", "label": "others", "box": [289, 495, 481, 474], "linking": []}, {"id": 17, "text": "Sale", "label": "others", "box": [611, 487, 664, 472], "linking": []}, {"id": 18, "text": "Approved", "label": "others", "box": [560, 510, 666, 491], "linking": []}, {"id": 19, "text": "805886", "label": "others", "box": [588, 529, 668, 511], "linking": []}, {"id": 20, "text": "hFgmdHsnNffF", "label": "others", "box": [510, 552, 669, 531], "linking": []}, {"id": 21, "text": "Authorization", "label": "others", "box": [287, 513, 444, 492], "linking": []}, {"id": 22, "text": "Approval Code", "label": "others", "box": [287, 532, 446, 513], "linking": []}, {"id": 23, "text": "Payment ID", "label": "others", "box": [286, 551, 409, 533], "linking": []}, {"id": 24, "text": "Application ID", "label": "others", "box": [283, 572, 460, 552], "linking": []}, {"id": 25, "text": "A000000025010801", "label": "others", "box": [465, 590, 672, 569], "linking": []}, {"id": 26, "text": "Application Label", "label": "others", "box": [282, 613, 497, 595], "linking": []}, {"id": 27, "text": "AMERICAN EXPRESS", "label": "others", "box": [465, 632, 680, 613], "linking": []}, {"id": 28, "text": "37d6d1985cef31a8", "label": "others", "box": [467, 657, 682, 639], "linking": []}, {"id": 29, "text": "031515700", "label": "others", "box": [563, 680, 682, 661], "linking": []}, {"id": 30, "text": "MAGTEK_EDYNAMO", "label": "others", "box": [497, 702, 684, 684], "linking": []}, {"id": 31, "text": "Terminal ID", "label": "others", "box": [280, 657, 424, 638], "linking": []}, {"id": 32, "text": "Merchant ID", "label": "others", "box": [279, 679, 425, 662], "linking": []}, {"id": 33, "text": "Card Reader", "label": "others", "box": [277, 702, 426, 685], "linking": []}, {"id": 34, "text": "Amount", "label": "others", "box": [414, 750, 497, 732], "linking": []}, {"id": 35, "text": "$41.27", "label": "sub total", "box": [606, 750, 686, 730], "linking": []}, {"id": 36, "text": " + Tip:", "label": "others", "box": [431, 799, 511, 780], "linking": []}, {"id": 37, "text": " = Total:", "label": "others", "box": [400, 848, 514, 828], "linking": []}, {"id": 38, "text": "A $ 6 .27", "label": "total amount", "box": [563, 852, 701, 803], "linking": []}, {"id": 39, "text": "Gideel the", "label": "others", "box": [304, 926, 683, 839], "linking": []}]