[{"id": 0, "text": "merchant name", "label": "others", "box": [207, 20, 270, 0], "linking": []}, {"id": 1, "text": "merchant name", "label": "others", "box": [205, 94, 265, 79], "linking": []}, {"id": 2, "text": "merchant address", "label": "others", "box": [160, 111, 309, 92], "linking": []}, {"id": 3, "text": "merchant phone", "label": "others", "box": [196, 140, 269, 125], "linking": []}, {"id": 4, "text": "merchant address", "label": "others", "box": [169, 126, 297, 108], "linking": []}, {"id": 5, "text": " ORDER:", "label": "others", "box": [187, 176, 258, 156], "linking": []}, {"id": 6, "text": "To Go", "label": "others", "box": [207, 199, 260, 181], "linking": []}, {"id": 7, "text": " oi", "label": "others", "box": [262, 176, 281, 156], "linking": []}, {"id": 8, "text": " Cashier:", "label": "others", "box": [98, 218, 145, 205], "linking": []}, {"id": 9, "text": " 06-Dec-2019 8:39:17P", "label": "others", "box": [96, 233, 230, 219], "linking": []}, {"id": 10, "text": " Normi", "label": "others", "box": [147, 217, 186, 205], "linking": []}, {"id": 11, "text": "Brownie", "label": "0 description beginning", "box": [119, 263, 169, 250], "linking": []}, {"id": 12, "text": "Latte", "label": "0 description beginning", "box": [119, 278, 152, 266], "linking": []}, {"id": 13, "text": "$4.50", "label": "5 total price per item", "box": [333, 263, 368, 250], "linking": []}, {"id": 14, "text": "$4.25", "label": "5 total price per item", "box": [332, 279, 368, 266], "linking": []}, {"id": 15, "text": "Medium $0.25", "label": "1 description inside", "box": [284, 292, 369, 280], "linking": []}, {"id": 16, "text": "Caffeinated $0.00", "label": "1 description inside", "box": [261, 306, 369, 293], "linking": []}, {"id": 17, "text": "Regular Milk $0.00", "label": "1 description inside", "box": [259, 322, 372, 307], "linking": []}, {"id": 18, "text": "Subtotal", "label": "others", "box": [94, 370, 147, 356], "linking": []}, {"id": 19, "text": "Tax", "label": "others", "box": [94, 386, 116, 374], "linking": []}, {"id": 20, "text": "$9.00", "label": "sub total", "box": [340, 366, 375, 353], "linking": []}, {"id": 21, "text": "$0.80", "label": "2 tax total", "box": [341, 382, 373, 369], "linking": []}, {"id": 22, "text": "Total", "label": "others", "box": [94, 418, 126, 405], "linking": []}, {"id": 23, "text": "$9.80", "label": "total amount", "box": [340, 413, 375, 400], "linking": []}, {"id": 24, "text": " Online:", "label": "others", "box": [150, 465, 193, 451], "linking": []}, {"id": 25, "text": " https://clover.com/r", "label": "others", "box": [195, 464, 317, 447], "linking": []}, {"id": 26, "text": "/J9GGHEWXZOENR", "label": "others", "box": [176, 479, 296, 462], "linking": []}, {"id": 27, "text": "J9GGHEWXZOENR", "label": "others", "box": [180, 542, 296, 526], "linking": []}, {"id": 28, "text": "Customer Info", "label": "others", "box": [96, 576, 185, 561], "linking": []}, {"id": 29, "text": " Name:", "label": "others", "box": [96, 592, 137, 580], "linking": []}]