[{"id": 0, "text": "merchant name", "label": "others", "box": [910, 274, 1004, 168], "linking": []}, {"id": 1, "text": "merchant name", "label": "others", "box": [930, 388, 1000, 311], "linking": []}, {"id": 2, "text": "----- -", "label": "others", "box": [796, 442, 957, 404], "linking": []}, {"id": 3, "text": "DELICIOUSNESS, RECEIVED", "label": "others", "box": [648, 514, 1079, 462], "linking": []}, {"id": 4, "text": "merchant address", "label": "others", "box": [683, 602, 1060, 550], "linking": []}, {"id": 5, "text": "merchant address", "label": "others", "box": [704, 639, 923, 600], "linking": []}, {"id": 6, "text": "merchant phone", "label": "others", "box": [751, 679, 984, 639], "linking": []}, {"id": 7, "text": "merchant name", "label": "others", "box": [747, 242, 801, 195], "linking": []}, {"id": 8, "text": "merchant name", "label": "others", "box": [722, 418, 899, 302], "linking": []}, {"id": 9, "text": "merchant address", "label": "others", "box": [929, 640, 1024, 601], "linking": []}, {"id": 10, "text": " Host:", "label": "others", "box": [471, 720, 576, 680], "linking": []}, {"id": 11, "text": "ORDER #609", "label": "others", "box": [469, 762, 664, 724], "linking": []}, {"id": 12, "text": " Kenneth", "label": "others", "box": [583, 720, 727, 682], "linking": []}, {"id": 13, "text": "11/15/2019", "label": "others", "box": [1082, 730, 1270, 689], "linking": []}, {"id": 14, "text": " 3:12 PM", "label": "others", "box": [1132, 773, 1274, 734], "linking": []}, {"id": 15, "text": "10511", "label": "others", "box": [1176, 818, 1265, 777], "linking": []}, {"id": 16, "text": "Chicken Bowl", "label": "0 description beginning", "box": [461, 983, 695, 942], "linking": []}, {"id": 17, "text": "Guacamole", "label": "1 description inside", "box": [494, 1028, 676, 988], "linking": []}, {"id": 18, "text": "Blackberry [ZZE", "label": "0 description beginning", "box": [452, 1074, 759, 1028], "linking": []}, {"id": 19, "text": "8.95", "label": "5 total price per item", "box": [1207, 981, 1287, 944], "linking": []}, {"id": 20, "text": "2.70", "label": "5 total price per item", "box": [1207, 1024, 1289, 987], "linking": []}, {"id": 21, "text": "3.20", "label": "5 total price per item", "box": [1207, 1072, 1292, 1031], "linking": []}, {"id": 22, "text": "How're we doing? Let us know at", "label": "others", "box": [449, 1222, 1076, 1177], "linking": []}, {"id": 23, "text": "ChipotleFeedback.com", "label": "others", "box": [449, 1273, 858, 1226], "linking": []}, {"id": 24, "text": "to win FREE Chipotle for a year!", "label": "others", "box": [443, 1324, 1096, 1276], "linking": []}, {"id": 25, "text": " Unique Code:", "label": "others", "box": [442, 1375, 687, 1329], "linking": []}, {"id": 26, "text": "558 001 100 151 110 719 11", "label": "others", "box": [457, 1475, 1003, 1427], "linking": []}, {"id": 27, "text": "For complete rules visit our website.", "label": "others", "box": [431, 1584, 1206, 1534], "linking": []}, {"id": 28, "text": "Subtotal", "label": "others", "box": [423, 1747, 596, 1698], "linking": []}, {"id": 29, "text": "Tax", "label": "others", "box": [418, 1801, 490, 1758], "linking": []}, {"id": 30, "text": "14.85", "label": "sub total", "box": [1216, 1742, 1324, 1695], "linking": []}, {"id": 31, "text": "1.32", "label": "2 tax total", "box": [1238, 1800, 1327, 1749], "linking": []}, {"id": 32, "text": "TAKE OUT Total", "label": "others", "box": [413, 1916, 722, 1866], "linking": []}, {"id": 33, "text": "CP Card", "label": "others", "box": [406, 1975, 569, 1925], "linking": []}, {"id": 34, "text": " Authorizing ..", "label": "others", "box": [451, 2037, 727, 1983], "linking": []}, {"id": 35, "text": "Balance Due", "label": "others", "box": [400, 2094, 659, 2043], "linking": []}, {"id": 36, "text": "16.17", "label": "total amount", "box": [1230, 1914, 1336, 1865], "linking": []}, {"id": 37, "text": "16.17", "label": "others", "box": [1232, 1971, 1340, 1921], "linking": []}, {"id": 38, "text": " .", "label": "others", "box": [736, 2038, 757, 1990], "linking": []}, {"id": 39, "text": "16.17", "label": "others", "box": [1236, 2090, 1347, 2035], "linking": []}, {"id": 40, "text": " Bathroom Coce:", "label": "others", "box": [647, 2218, 969, 2165], "linking": []}, {"id": 41, "text": " Order", "label": "others", "box": [550, 2281, 673, 2229], "linking": []}, {"id": 42, "text": " 5186", "label": "others", "box": [979, 2218, 1081, 2163], "linking": []}, {"id": 43, "text": " online at chipot e.com", "label": "others", "box": [682, 2281, 1200, 2229], "linking": []}]