[{"id": 0, "text": "merchant name", "label": "others", "box": [346, 111, 475, 79], "linking": []}, {"id": 1, "text": "merchant address", "label": "others", "box": [248, 144, 568, 114], "linking": []}, {"id": 2, "text": "merchant address", "label": "others", "box": [269, 177, 542, 147], "linking": []}, {"id": 3, "text": "merchant phone", "label": "others", "box": [332, 209, 485, 179], "linking": []}, {"id": 4, "text": " ORDER:", "label": "others", "box": [282, 297, 447, 247], "linking": []}, {"id": 5, "text": "To Go", "label": "others", "box": [350, 360, 476, 302], "linking": []}, {"id": 6, "text": " Jonathan I.", "label": "others", "box": [294, 398, 454, 366], "linking": []}, {"id": 7, "text": " Anu", "label": "others", "box": [455, 299, 538, 251], "linking": []}, {"id": 8, "text": " Cashier:", "label": "others", "box": [175, 398, 288, 365], "linking": []}, {"id": 9, "text": " 31-Oct-2019 9:44:55A", "label": "others", "box": [171, 421, 465, 394], "linking": []}, {"id": 10, "text": "Transaction 5307328", "label": "others", "box": [165, 457, 457, 428], "linking": []}, {"id": 11, "text": " 1", "label": "e quantity", "box": [154, 523, 186, 490], "linking": []}, {"id": 12, "text": " Egg Sandwich", "label": "0 description beginning", "box": [193, 524, 398, 491], "linking": []}, {"id": 13, "text": "$9.50", "label": "5 total price per item", "box": [575, 523, 655, 493], "linking": []}, {"id": 14, "text": "Everyday $0.00", "label": "1 description inside", "box": [441, 563, 656, 528], "linking": []}, {"id": 15, "text": "Pizza Bianca $0.00", "label": "1 description inside", "box": [381, 604, 662, 567], "linking": []}, {"id": 16, "text": "Subtotal", "label": "others", "box": [158, 734, 293, 700], "linking": []}, {"id": 17, "text": "Tax", "label": "others", "box": [161, 776, 218, 743], "linking": []}, {"id": 18, "text": "$9.50", "label": "sub total", "box": [576, 728, 662, 694], "linking": []}, {"id": 19, "text": "$0.84", "label": "2 tax total", "box": [577, 770, 662, 737], "linking": []}, {"id": 20, "text": "Total", "label": "others", "box": [175, 854, 249, 824], "linking": []}, {"id": 21, "text": "Tip", "label": "others", "box": [178, 893, 229, 861], "linking": []}, {"id": 22, "text": "CREDIT CARD SALE", "label": "others", "box": [190, 936, 453, 907], "linking": []}, {"id": 23, "text": "AMEX 1000", "label": "others", "box": [198, 963, 353, 936], "linking": []}, {"id": 24, "text": " 31-Dct-2019 9:45:54A", "label": "others", "box": [204, 1003, 485, 974], "linking": []}, {"id": 25, "text": " $11.37 | Method:", "label": "others", "box": [197, 1039, 414, 1005], "linking": []}, {"id": 26, "text": "AMERICAN EXPRESS", "label": "others", "box": [190, 1075, 469, 1042], "linking": []}, {"id": 27, "text": "XXXXXXXXXXXX1000", "label": "others", "box": [187, 1117, 479, 1081], "linking": []}, {"id": 28, "text": " Ref #:", "label": "others", "box": [181, 1198, 258, 1165], "linking": []}, {"id": 29, "text": " Auth #:", "label": "others", "box": [180, 1240, 280, 1206], "linking": []}, {"id": 30, "text": " MID:", "label": "others", "box": [177, 1280, 241, 1246], "linking": []}, {"id": 31, "text": " AID:", "label": "others", "box": [178, 1320, 234, 1286], "linking": []}, {"id": 32, "text": " AthNtwkNm:", "label": "others", "box": [180, 1365, 353, 1327], "linking": []}, {"id": 33, "text": "SIGNATURE VERIFIED", "label": "others", "box": [177, 1412, 464, 1367], "linking": []}, {"id": 34, "text": "$10.34", "label": "others", "box": [560, 847, 663, 816], "linking": []}, {"id": 35, "text": "$1.03", "label": "3 tip", "box": [578, 880, 660, 853], "linking": []}, {"id": 36, "text": "$11.37", "label": "total amount", "box": [567, 930, 659, 901], "linking": []}, {"id": 37, "text": " EMV", "label": "others", "box": [418, 1039, 485, 1011], "linking": []}, {"id": 38, "text": " 930400843070", "label": "others", "box": [264, 1200, 473, 1165], "linking": []}, {"id": 39, "text": " 802846", "label": "others", "box": [286, 1240, 397, 1206], "linking": []}, {"id": 40, "text": " ******** 1880", "label": "others", "box": [247, 1281, 438, 1246], "linking": []}, {"id": 41, "text": " A000000025010801", "label": "others", "box": [240, 1327, 516, 1287], "linking": []}, {"id": 42, "text": " AMEX", "label": "others", "box": [358, 1367, 444, 1331], "linking": []}, {"id": 43, "text": " Online:", "label": "others", "box": [220, 1497, 304, 1452], "linking": []}, {"id": 44, "text": "XZWVCJ303Y9EW", "label": "others", "box": [282, 1553, 534, 1500], "linking": []}, {"id": 45, "text": " https://clover.com/p/", "label": "others", "box": [311, 1515, 608, 1457], "linking": []}]