[{"id": 0, "text": "merchant name", "label": "others", "box": [174, 141, 315, 102], "linking": []}, {"id": 1, "text": "merchant address", "label": "others", "box": [119, 167, 364, 142], "linking": []}, {"id": 2, "text": "merchant address", "label": "others", "box": [152, 193, 336, 168], "linking": []}, {"id": 3, "text": "merchant address", "label": "others", "box": [189, 220, 297, 196], "linking": []}, {"id": 4, "text": "ABN 16 008 749 031", "label": "others", "box": [147, 270, 338, 247], "linking": []}, {"id": 5, "text": "TAX INVOICE", "label": "others", "box": [186, 324, 303, 300], "linking": []}, {"id": 6, "text": "#1", "label": "others", "box": [19, 452, 43, 432], "linking": []}, {"id": 7, "text": " \u00d7 FLAT WHITE", "label": "0 description beginning", "box": [80, 455, 213, 429], "linking": []}, {"id": 8, "text": "T/A", "label": "1 description inside", "box": [102, 478, 137, 456], "linking": []}, {"id": 9, "text": " -", "label": "0 description beginning", "box": [217, 453, 235, 429], "linking": []}, {"id": 10, "text": " 120Z", "label": "0 description beginning", "box": [240, 453, 287, 428], "linking": []}, {"id": 11, "text": "5.70", "label": "5 total price per item", "box": [384, 448, 429, 426], "linking": []}, {"id": 12, "text": " SALE TOTAL:", "label": "others", "box": [143, 522, 260, 484], "linking": []}, {"id": 13, "text": " CASH", "label": "others", "box": [205, 543, 245, 523], "linking": []}, {"id": 14, "text": " CHANGE", "label": "others", "box": [186, 572, 244, 550], "linking": []}, {"id": 15, "text": "$5.70", "label": "total amount", "box": [374, 518, 430, 478], "linking": []}, {"id": 16, "text": "$6.00", "label": "others", "box": [373, 542, 426, 520], "linking": []}, {"id": 17, "text": "$0.30", "label": "others", "box": [373, 569, 428, 546], "linking": []}, {"id": 18, "text": " :", "label": "others", "box": [249, 543, 257, 523], "linking": []}, {"id": 19, "text": " :", "label": "others", "box": [248, 571, 258, 550], "linking": []}, {"id": 20, "text": " TAX total in sale:", "label": "others", "box": [69, 626, 256, 601], "linking": []}, {"id": 21, "text": "$0.52", "label": "2 tax total", "box": [374, 623, 428, 600], "linking": []}, {"id": 22, "text": " Reprinted By:", "label": "others", "box": [13, 681, 153, 656], "linking": []}, {"id": 23, "text": " DAIANE", "label": "others", "box": [158, 679, 227, 655], "linking": []}, {"id": 24, "text": " Receipt #:", "label": "others", "box": [13, 734, 124, 709], "linking": []}, {"id": 25, "text": " 4/11/2019 Time:", "label": "others", "box": [72, 759, 248, 736], "linking": []}, {"id": 26, "text": " Clerk:", "label": "others", "box": [13, 786, 80, 762], "linking": []}, {"id": 27, "text": " Terminal:", "label": "others", "box": [14, 812, 113, 788], "linking": []}, {"id": 28, "text": " 739965", "label": "others", "box": [128, 733, 194, 708], "linking": []}, {"id": 29, "text": " Date:", "label": "others", "box": [11, 759, 69, 737], "linking": []}, {"id": 30, "text": " 6:50:08 AM", "label": "others", "box": [252, 759, 364, 736], "linking": []}, {"id": 31, "text": " 277 DAIANE", "label": "others", "box": [85, 786, 195, 762], "linking": []}, {"id": 32, "text": " 138 SYD T3 - TOBY'S 138", "label": "others", "box": [118, 812, 365, 787], "linking": []}]