[{"id": 0, "text": " **", "label": "others", "box": [132, 263, 225, 191], "linking": []}, {"id": 1, "text": " TGI", "label": "others", "box": [231, 276, 349, 199], "linking": []}, {"id": 2, "text": "SUNRISE, FL", "label": "others", "box": [325, 393, 695, 283], "linking": []}, {"id": 3, "text": "98008/TOGO EMP", "label": "others", "box": [393, 556, 843, 451], "linking": []}, {"id": 4, "text": "merchant name", "label": "others", "box": [206, 695, 570, 587], "linking": []}, {"id": 5, "text": "merchant address", "label": "others", "box": [261, 851, 782, 759], "linking": []}, {"id": 6, "text": " Friday's", "label": "others", "box": [355, 306, 632, 210], "linking": []}, {"id": 7, "text": "5006.1", "label": "others", "box": [393, 458, 596, 373], "linking": []}, {"id": 8, "text": " #2647 **", "label": "others", "box": [639, 330, 874, 239], "linking": []}, {"id": 9, "text": "TABLE#", "label": "others", "box": [6, 414, 208, 346], "linking": []}, {"id": 10, "text": "SERVER", "label": "others", "box": [0, 489, 210, 425], "linking": []}, {"id": 11, "text": "HECK#", "label": "others", "box": [28, 570, 211, 503], "linking": []}, {"id": 12, "text": "3753", "label": "others", "box": [391, 611, 539, 532], "linking": []}, {"id": 13, "text": "merchant address", "label": "others", "box": [210, 778, 848, 668], "linking": []}, {"id": 14, "text": "merchant phone", "label": "others", "box": [299, 924, 750, 848], "linking": []}, {"id": 15, "text": "merchant name", "label": "others", "box": [578, 701, 653, 625], "linking": []}, {"id": 16, "text": "merchant name", "label": "others", "box": [671, 708, 839, 632], "linking": []}, {"id": 17, "text": "****** TRANSACTION RECORD ******", "label": "others", "box": [10, 1070, 1034, 985], "linking": []}, {"id": 18, "text": " : 3882", "label": "others", "box": [207, 1150, 406, 1071], "linking": []}, {"id": 19, "text": " : 3753", "label": "others", "box": [202, 1229, 410, 1150], "linking": []}, {"id": 20, "text": " : 98008", "label": "others", "box": [301, 1303, 532, 1233], "linking": []}, {"id": 21, "text": " : 040972", "label": "others", "box": [206, 1380, 479, 1306], "linking": []}, {"id": 22, "text": " Tran.", "label": "others", "box": [13, 1138, 197, 1059], "linking": []}, {"id": 23, "text": " Check", "label": "others", "box": [9, 1214, 192, 1137], "linking": []}, {"id": 24, "text": " Employee", "label": "others", "box": [6, 1298, 291, 1216], "linking": []}, {"id": 25, "text": " Table", "label": "others", "box": [551, 1151, 729, 1079], "linking": []}, {"id": 26, "text": " :5006.1", "label": "others", "box": [742, 1151, 966, 1080], "linking": []}, {"id": 27, "text": " Trace", "label": "others", "box": [13, 1368, 195, 1293], "linking": []}, {"id": 28, "text": "Pre-Auth Purchase", "label": "others", "box": [5, 1531, 571, 1453], "linking": []}, {"id": 29, "text": "American Express xxxxxxxxxxx1005", "label": "others", "box": [13, 1607, 1042, 1530], "linking": []}, {"id": 30, "text": "APPROVED", "label": "others", "box": [12, 1674, 288, 1607], "linking": []}, {"id": 31, "text": "Chip Read", "label": "others", "box": [762, 1684, 1046, 1618], "linking": []}, {"id": 32, "text": "Amount", "label": "others", "box": [290, 1828, 487, 1765], "linking": []}, {"id": 33, "text": "USD $20.21", "label": "sub total", "box": [733, 1836, 1048, 1768], "linking": []}, {"id": 34, "text": "Tip $", "label": "others", "box": [389, 2067, 566, 1994], "linking": []}, {"id": 35, "text": "2.20", "label": "3 tip", "box": [592, 2081, 990, 1892], "linking": []}, {"id": 36, "text": "22. 21", "label": "total amount", "box": [580, 2301, 1042, 2146], "linking": []}, {"id": 37, "text": " agree to pay the above total", "label": "others", "box": [114, 2485, 1052, 2380], "linking": []}, {"id": 38, "text": " agreement", "label": "others", "box": [534, 2635, 840, 2563], "linking": []}, {"id": 39, "text": "TOTAL $", "label": "others", "box": [334, 2305, 569, 2233], "linking": []}, {"id": 40, "text": " I", "label": "others", "box": [56, 2486, 102, 2412], "linking": []}, {"id": 41, "text": " amount according", "label": "others", "box": [80, 2566, 654, 2478], "linking": []}, {"id": 42, "text": " issuer", "label": "others", "box": [302, 2643, 524, 2572], "linking": []}, {"id": 43, "text": " to", "label": "others", "box": [665, 2547, 753, 2474], "linking": []}, {"id": 44, "text": " the", "label": "others", "box": [764, 2543, 876, 2471], "linking": []}, {"id": 45, "text": " card", "label": "others", "box": [887, 2537, 1027, 2468], "linking": []}, {"id": 46, "text": "X", "label": "others", "box": [28, 2891, 72, 2838], "linking": []}, {"id": 47, "text": " Cardholder", "label": "others", "box": [240, 2962, 603, 2897], "linking": []}, {"id": 48, "text": " Signature", "label": "others", "box": [615, 2957, 934, 2895], "linking": []}, {"id": 49, "text": " RRN:", "label": "others", "box": [46, 3102, 202, 3037], "linking": []}, {"id": 50, "text": " Auth.", "label": "others", "box": [60, 3169, 249, 3106], "linking": []}, {"id": 51, "text": " 000000021645 C", "label": "others", "box": [213, 3098, 704, 3022], "linking": []}, {"id": 52, "text": " : 828826", "label": "others", "box": [259, 3166, 500, 3099], "linking": []}, {"id": 53, "text": "4/TGIF2647CC03", "label": "others", "box": [67, 3238, 537, 3165], "linking": []}, {"id": 54, "text": "11/21/2019", "label": "others", "box": [70, 3301, 408, 3237], "linking": []}, {"id": 55, "text": " Mode:", "label": "others", "box": [623, 3150, 816, 3093], "linking": []}, {"id": 56, "text": "00 (001)", "label": "others", "box": [658, 3216, 921, 3152], "linking": []}, {"id": 57, "text": " Issuer", "label": "others", "box": [826, 3149, 1020, 3088], "linking": []}, {"id": 58, "text": " 6:13:24 PM", "label": "others", "box": [787, 3280, 1121, 3213], "linking": []}, {"id": 59, "text": " AID:", "label": "others", "box": [80, 3431, 225, 3372], "linking": []}, {"id": 60, "text": " App Name:", "label": "others", "box": [86, 3501, 392, 3436], "linking": []}, {"id": 61, "text": " TVR:", "label": "others", "box": [88, 3569, 233, 3505], "linking": []}, {"id": 62, "text": " IAD:", "label": "others", "box": [96, 3639, 237, 3574], "linking": []}, {"id": 63, "text": " TSI:", "label": "others", "box": [96, 3713, 239, 3643], "linking": []}, {"id": 64, "text": " A000000025010801", "label": "others", "box": [235, 3428, 759, 3359], "linking": []}, {"id": 65, "text": " AMERICAN EXPRESS", "label": "others", "box": [402, 3494, 925, 3414], "linking": []}, {"id": 66, "text": " 0000008000", "label": "others", "box": [241, 3563, 573, 3498], "linking": []}, {"id": 67, "text": " 065A0103602002", "label": "others", "box": [248, 3632, 701, 3556], "linking": []}, {"id": 68, "text": " F800", "label": "others", "box": [249, 3705, 389, 3635], "linking": []}, {"id": 69, "text": "Customer Copy", "label": "others", "box": [387, 3837, 800, 3752], "linking": []}, {"id": 70, "text": " ARC:", "label": "others", "box": [672, 3678, 814, 3618], "linking": []}, {"id": 71, "text": " 00", "label": "others", "box": [822, 3673, 896, 3614], "linking": []}]