[{"id": 0, "text": "COSTA", "label": "others", "box": [17, 42, 68, 22], "linking": []}, {"id": 1, "text": "GSTIN 06AABCD5534A1Z9", "label": "others", "box": [286, 29, 512, 8], "linking": []}, {"id": 2, "text": "BILL / CASH MEMO", "label": "others", "box": [178, 53, 367, 32], "linking": []}, {"id": 3, "text": "merchant name", "label": "others", "box": [93, 91, 425, 53], "linking": []}, {"id": 4, "text": "merchant address", "label": "others", "box": [153, 113, 362, 90], "linking": []}, {"id": 5, "text": "merchant address", "label": "others", "box": [129, 137, 388, 112], "linking": []}, {"id": 6, "text": "820", "label": "others", "box": [74, 179, 129, 150], "linking": []}, {"id": 7, "text": " No ....", "label": "others", "box": [72, 200, 121, 183], "linking": []}, {"id": 8, "text": "No.", "label": "others", "box": [10, 169, 44, 151], "linking": []}, {"id": 9, "text": "Date .. /.7- 09- 19 ..", "label": "others", "box": [331, 166, 508, 128], "linking": []}, {"id": 10, "text": " Table", "label": "others", "box": [13, 202, 63, 183], "linking": []}, {"id": 11, "text": "S.No.", "label": "others", "box": [18, 232, 64, 216], "linking": []}, {"id": 12, "text": "Item Description", "label": "others", "box": [148, 231, 286, 211], "linking": []}, {"id": 13, "text": "Amount", "label": "others", "box": [405, 215, 472, 198], "linking": []}, {"id": 14, "text": "Rs.", "label": "others", "box": [378, 236, 404, 220], "linking": []}, {"id": 15, "text": "112-35", "label": "5 total price per item", "box": [381, 271, 505, 245], "linking": []}, {"id": 16, "text": "P.", "label": "others", "box": [483, 234, 495, 217], "linking": []}, {"id": 17, "text": "1.", "label": "e quantity", "box": [21, 282, 50, 253], "linking": []}, {"id": 18, "text": " Paneer tikke", "label": "0 description beginning", "box": [80, 279, 254, 249], "linking": []}, {"id": 19, "text": " earp", "label": "0 description beginning", "box": [265, 275, 328, 249], "linking": []}, {"id": 20, "text": "COSTA COFFE (40E)", "label": "others", "box": [108, 480, 298, 338], "linking": []}, {"id": 21, "text": "Sub Total", "label": "others", "box": [275, 514, 358, 494], "linking": []}, {"id": 22, "text": " \u00b7\u00b7:", "label": "others", "box": [221, 481, 255, 450], "linking": []}, {"id": 23, "text": " City Phase-IL", "label": "others", "box": [247, 465, 372, 380], "linking": []}, {"id": 24, "text": "Deveyni International Ltd. 7", "label": "others", "box": [111, 503, 332, 348], "linking": []}, {"id": 25, "text": "CGST ........ %", "label": "others", "box": [240, 560, 357, 539], "linking": []}, {"id": 26, "text": " 112", "label": "sub total", "box": [379, 520, 440, 484], "linking": []}, {"id": 27, "text": " - 135", "label": "sub total", "box": [445, 515, 512, 478], "linking": []}, {"id": 28, "text": "Amrican Exprce OLF Bliding 5A", "label": "others", "box": [98, 536, 350, 360], "linking": []}, {"id": 29, "text": "w.G .c.102030", "label": "others", "box": [163, 549, 321, 424], "linking": []}, {"id": 30, "text": "SGST ........ %", "label": "others", "box": [240, 604, 358, 585], "linking": []}, {"id": 31, "text": "G. Total", "label": "others", "box": [283, 643, 355, 626], "linking": []}, {"id": 32, "text": "112 - 135", "label": "total amount", "box": [378, 655, 512, 610], "linking": []}, {"id": 33, "text": "merchant name", "label": "others", "box": [225, 693, 516, 665], "linking": []}, {"id": 34, "text": "& O. E.", "label": "others", "box": [9, 692, 68, 675], "linking": []}]