[{"id": 0, "text": "merchant name", "label": "others", "box": [213, 33, 337, 12], "linking": []}, {"id": 1, "text": "TAQUERIA", "label": "others", "box": [292, 41, 336, 33], "linking": []}, {"id": 2, "text": "merchant name", "label": "others", "box": [226, 118, 323, 99], "linking": []}, {"id": 3, "text": "merchant address", "label": "others", "box": [143, 147, 407, 125], "linking": []}, {"id": 4, "text": "merchant address", "label": "others", "box": [156, 174, 390, 152], "linking": []}, {"id": 5, "text": " Server:", "label": "others", "box": [19, 226, 86, 207], "linking": []}, {"id": 6, "text": "Check #1059", "label": "others", "box": [19, 253, 139, 233], "linking": []}, {"id": 7, "text": " Bolarin F", "label": "others", "box": [89, 226, 175, 207], "linking": []}, {"id": 8, "text": "12/04/19", "label": "others", "box": [450, 225, 531, 206], "linking": []}, {"id": 9, "text": " 1:57 PM", "label": "others", "box": [455, 253, 530, 234], "linking": []}, {"id": 10, "text": "How was your visit?", "label": "others", "box": [151, 324, 398, 297], "linking": []}, {"id": 11, "text": "Chicken Quesadilla", "label": "0 description beginning", "box": [18, 496, 198, 476], "linking": []}, {"id": 12, "text": "Guacamole", "label": "0 description beginning", "box": [24, 523, 130, 504], "linking": []}, {"id": 13, "text": "Spindrift", "label": "0 description beginning", "box": [18, 551, 96, 530], "linking": []}, {"id": 14, "text": "Soda Can", "label": "0 description beginning", "box": [18, 577, 110, 558], "linking": []}, {"id": 15, "text": "$8.99", "label": "5 total price per item", "box": [477, 495, 530, 476], "linking": []}, {"id": 16, "text": "$1.84", "label": "5 total price per item", "box": [478, 523, 530, 503], "linking": []}, {"id": 17, "text": "$2.75", "label": "5 total price per item", "box": [478, 550, 530, 530], "linking": []}, {"id": 18, "text": "$1.84", "label": "5 total price per item", "box": [477, 577, 531, 558], "linking": []}, {"id": 19, "text": "Subtotal", "label": "others", "box": [19, 631, 96, 611], "linking": []}, {"id": 20, "text": "Tax", "label": "others", "box": [19, 658, 54, 639], "linking": []}, {"id": 21, "text": "Total", "label": "others", "box": [19, 684, 71, 666], "linking": []}, {"id": 22, "text": "$15.42", "label": "sub total", "box": [465, 630, 531, 611], "linking": []}, {"id": 23, "text": "$1.36", "label": "2 tax total", "box": [478, 658, 530, 638], "linking": []}, {"id": 24, "text": "$16.78", "label": "total amount", "box": [466, 685, 530, 665], "linking": []}, {"id": 25, "text": "Credit Card", "label": "others", "box": [18, 739, 124, 720], "linking": []}, {"id": 26, "text": "Amex", "label": "others", "box": [18, 766, 73, 747], "linking": []}, {"id": 27, "text": "Tima", "label": "others", "box": [19, 788, 65, 773], "linking": []}, {"id": 28, "text": "Swiped", "label": "others", "box": [461, 741, 531, 719], "linking": []}, {"id": 29, "text": "xxxxxxxx1001", "label": "others", "box": [402, 767, 529, 746], "linking": []}, {"id": 30, "text": "1.57 DM", "label": "others", "box": [455, 786, 531, 773], "linking": []}]