[{"id": 0, "text": "merchant name", "label": "others", "box": [113, 63, 405, 29], "linking": []}, {"id": 1, "text": "merchant address", "label": "others", "box": [162, 91, 357, 69], "linking": []}, {"id": 2, "text": "merchant address", "label": "others", "box": [143, 76, 371, 52], "linking": []}, {"id": 3, "text": "merchant phone", "label": "others", "box": [192, 107, 320, 87], "linking": []}, {"id": 4, "text": " 089", "label": "others", "box": [291, 147, 353, 120], "linking": []}, {"id": 5, "text": "Dine-In", "label": "others", "box": [199, 181, 312, 153], "linking": []}, {"id": 6, "text": "b4", "label": "others", "box": [241, 203, 268, 185], "linking": []}, {"id": 7, "text": " ORDER:", "label": "others", "box": [163, 153, 287, 123], "linking": []}, {"id": 8, "text": " Cashier:", "label": "others", "box": [19, 248, 102, 224], "linking": []}, {"id": 9, "text": " Front", "label": "others", "box": [105, 243, 163, 221], "linking": []}, {"id": 10, "text": " 15-Oct-2019 9:02:52P", "label": "others", "box": [19, 270, 241, 239], "linking": []}, {"id": 11, "text": "Transaction 101607", "label": "others", "box": [19, 313, 221, 278], "linking": []}, {"id": 12, "text": "Paneer Makhani", "label": "0 description beginning", "box": [53, 371, 226, 335], "linking": []}, {"id": 13, "text": "$10.99", "label": "5 total price per item", "box": [424, 352, 498, 326], "linking": []}, {"id": 14, "text": "Medium $0.00", "label": "1 description inside", "box": [341, 391, 498, 353], "linking": []}, {"id": 15, "text": "$2.99", "label": "5 total price per item", "box": [437, 441, 495, 416], "linking": []}, {"id": 16, "text": "$3.99", "label": "5 total price per item", "box": [434, 470, 495, 446], "linking": []}, {"id": 17, "text": "$8.99", "label": "5 total price per item", "box": [433, 499, 492, 474], "linking": []}, {"id": 18, "text": "Medium $0.00", "label": "1 description inside", "box": [341, 532, 492, 503], "linking": []}, {"id": 19, "text": "togo", "label": "1 description inside", "box": [445, 557, 492, 536], "linking": []}, {"id": 20, "text": "1", "label": "e quantity", "box": [26, 452, 40, 436], "linking": []}, {"id": 21, "text": "1", "label": "e quantity", "box": [27, 480, 41, 463], "linking": []}, {"id": 22, "text": "1", "label": "e quantity", "box": [29, 507, 45, 490], "linking": []}, {"id": 23, "text": "Garlic Naan", "label": "0 description beginning", "box": [61, 455, 181, 430], "linking": []}, {"id": 24, "text": "Peshawari Naan", "label": "0 description beginning", "box": [63, 482, 226, 458], "linking": []}, {"id": 25, "text": "Veg Dum Biryani", "label": "0 description beginning", "box": [65, 511, 232, 485], "linking": []}, {"id": 26, "text": " 2", "label": "e quantity", "box": [32, 621, 54, 598], "linking": []}, {"id": 27, "text": " Soda(Coke/Sprite)", "label": "0 description beginning", "box": [69, 621, 255, 596], "linking": []}, {"id": 28, "text": "$3.98", "label": "5 total price per item", "box": [430, 612, 489, 589], "linking": []}, {"id": 29, "text": "Subtotal", "label": "others", "box": [37, 672, 121, 651], "linking": []}, {"id": 30, "text": "Tax", "label": "others", "box": [39, 697, 74, 678], "linking": []}, {"id": 31, "text": "$30.94", "label": "sub total", "box": [417, 667, 489, 644], "linking": []}, {"id": 32, "text": "$2.66", "label": "2 tax total", "box": [428, 694, 486, 671], "linking": []}, {"id": 33, "text": "Total", "label": "others", "box": [41, 748, 92, 728], "linking": []}, {"id": 34, "text": "$33.60", "label": "others", "box": [415, 746, 486, 724], "linking": []}, {"id": 35, "text": "$33.60", "label": "others", "box": [414, 783, 482, 761], "linking": []}, {"id": 36, "text": "CREDIT CARD AUTH", "label": "others", "box": [44, 784, 233, 763], "linking": []}, {"id": 37, "text": "AMEX 1007", "label": "others", "box": [40, 808, 152, 789], "linking": []}, {"id": 38, "text": "Tip", "label": "others", "box": [38, 859, 67, 836], "linking": []}, {"id": 39, "text": "Soy", "label": "3 tip", "box": [437, 851, 489, 819], "linking": []}, {"id": 40, "text": "38.64", "label": "total amount", "box": [414, 908, 493, 872], "linking": []}, {"id": 41, "text": "Total", "label": "others", "box": [33, 907, 83, 886], "linking": []}, {"id": 42, "text": " Retain this copy", "label": "others", "box": [55, 966, 213, 942], "linking": []}, {"id": 43, "text": " for statement validation", "label": "others", "box": [216, 967, 465, 943], "linking": []}, {"id": 44, "text": " 15-Oct-2019 9:34:37P", "label": "others", "box": [28, 1034, 246, 1007], "linking": []}, {"id": 45, "text": " $33.60 | Method:", "label": "others", "box": [25, 1060, 192, 1034], "linking": []}, {"id": 46, "text": "AMERICAN EXPRESS XXXXXXXXXXXX1007", "label": "others", "box": [25, 1093, 470, 1062], "linking": []}, {"id": 47, "text": " Ref #:", "label": "others", "box": [26, 1138, 85, 1116], "linking": []}, {"id": 48, "text": " MID:", "label": "others", "box": [25, 1164, 70, 1143], "linking": []}, {"id": 49, "text": " AID:", "label": "others", "box": [28, 1190, 67, 1168], "linking": []}, {"id": 50, "text": " AthNtwkNm:", "label": "others", "box": [29, 1216, 154, 1193], "linking": []}, {"id": 51, "text": "SIGNATURE VERIFIED", "label": "others", "box": [30, 1239, 242, 1217], "linking": []}, {"id": 52, "text": " EMV", "label": "others", "box": [196, 1060, 246, 1038], "linking": []}, {"id": 53, "text": " 928900653640 | Auth #:", "label": "others", "box": [88, 1145, 336, 1118], "linking": []}, {"id": 54, "text": " ******** 6998", "label": "others", "box": [74, 1169, 205, 1143], "linking": []}, {"id": 55, "text": " A000000025010801", "label": "others", "box": [70, 1194, 283, 1169], "linking": []}, {"id": 56, "text": " 844854", "label": "others", "box": [340, 1146, 423, 1123], "linking": []}, {"id": 57, "text": " AMEX", "label": "others", "box": [158, 1216, 221, 1196], "linking": []}]