[{"id": 0, "text": "merchant name", "label": "others", "box": [57, 89, 241, 56], "linking": []}, {"id": 1, "text": "merchant address", "label": "others", "box": [216, 104, 248, 87], "linking": []}, {"id": 2, "text": "merchant address", "label": "others", "box": [94, 126, 244, 106], "linking": []}, {"id": 3, "text": "merchant address", "label": "others", "box": [80, 146, 120, 127], "linking": []}, {"id": 4, "text": "merchant address", "label": "others", "box": [96, 165, 205, 145], "linking": []}, {"id": 5, "text": " : 06AABCD5534A179", "label": "others", "box": [126, 183, 249, 165], "linking": []}, {"id": 6, "text": " :996331", "label": "others", "box": [196, 201, 249, 184], "linking": []}, {"id": 7, "text": "merchant address", "label": "others", "box": [51, 107, 106, 89], "linking": []}, {"id": 8, "text": "merchant address", "label": "others", "box": [109, 106, 213, 88], "linking": []}, {"id": 9, "text": "merchant address", "label": "others", "box": [61, 126, 92, 108], "linking": []}, {"id": 10, "text": "merchant address", "label": "others", "box": [123, 144, 220, 127], "linking": []}, {"id": 11, "text": " GSTIN No.", "label": "others", "box": [53, 184, 123, 166], "linking": []}, {"id": 12, "text": " Service Code Tariff", "label": "others", "box": [47, 203, 193, 185], "linking": []}, {"id": 13, "text": " Tv No", "label": "others", "box": [5, 241, 52, 224], "linking": []}, {"id": 14, "text": " Date:", "label": "others", "box": [5, 258, 48, 242], "linking": []}, {"id": 15, "text": " Staff:", "label": "others", "box": [5, 276, 51, 260], "linking": []}, {"id": 16, "text": "Cust.", "label": "others", "box": [4, 294, 45, 278], "linking": []}, {"id": 17, "text": " 41E1912650", "label": "others", "box": [55, 239, 136, 223], "linking": []}, {"id": 18, "text": " 22-08-19 21:18 POS No.", "label": "others", "box": [55, 257, 226, 241], "linking": []}, {"id": 19, "text": "Table", "label": "others", "box": [202, 273, 243, 258], "linking": []}, {"id": 20, "text": " ORD No", "label": "others", "box": [149, 238, 200, 223], "linking": []}, {"id": 21, "text": "41E1912661", "label": "others", "box": [223, 237, 302, 221], "linking": []}, {"id": 22, "text": "T41E03", "label": "others", "box": [263, 255, 311, 239], "linking": []}, {"id": 23, "text": "2", "label": "others", "box": [284, 274, 296, 259], "linking": []}, {"id": 24, "text": " Addi", "label": "others", "box": [54, 275, 86, 260], "linking": []}, {"id": 25, "text": "8888888888 -- amex3", "label": "others", "box": [61, 293, 190, 277], "linking": []}, {"id": 26, "text": "8888888688 amex3", "label": "others", "box": [4, 349, 123, 333], "linking": []}, {"id": 27, "text": "Description", "label": "others", "box": [4, 387, 89, 371], "linking": []}, {"id": 28, "text": "Price Qty Disc.", "label": "others", "box": [112, 388, 226, 371], "linking": []}, {"id": 29, "text": "Amount", "label": "others", "box": [263, 388, 311, 373], "linking": []}, {"id": 30, "text": " ULTIMAI CHOCOLATE", "label": "0 description beginning", "box": [6, 423, 134, 407], "linking": []}, {"id": 31, "text": "109.00", "label": "unit price", "box": [105, 441, 155, 425], "linking": []}, {"id": 32, "text": "BCCIND PRIMO", "label": "0 description beginning", "box": [40, 458, 127, 442], "linking": []}, {"id": 33, "text": "65.00", "label": "unit price", "box": [109, 476, 148, 461], "linking": []}, {"id": 34, "text": " TR", "label": "0 description beginning", "box": [137, 423, 157, 408], "linking": []}, {"id": 35, "text": "1 0.00", "label": "e quantity", "box": [167, 441, 221, 426], "linking": []}, {"id": 36, "text": "108.99", "label": "5 total price per item", "box": [256, 442, 303, 426], "linking": []}, {"id": 37, "text": " 1", "label": "e quantity", "box": [166, 478, 182, 461], "linking": []}, {"id": 38, "text": " 0.00", "label": "others", "box": [186, 478, 221, 461], "linking": []}, {"id": 39, "text": "64.99", "label": "5 total price per item", "box": [262, 479, 302, 462], "linking": []}, {"id": 40, "text": "Subtotal", "label": "others", "box": [4, 530, 65, 515], "linking": []}, {"id": 41, "text": "Total Amount (Before Tax)", "label": "others", "box": [4, 552, 189, 533], "linking": []}, {"id": 42, "text": " SGST", "label": "others", "box": [3, 569, 32, 552], "linking": []}, {"id": 43, "text": " CGST", "label": "others", "box": [2, 587, 32, 570], "linking": []}, {"id": 44, "text": "Gross Amount", "label": "others", "box": [0, 607, 89, 590], "linking": []}, {"id": 45, "text": "Bill Amount", "label": "others", "box": [0, 626, 81, 609], "linking": []}, {"id": 46, "text": "173.98", "label": "sub total", "box": [255, 535, 302, 517], "linking": []}, {"id": 47, "text": "173.98", "label": "others", "box": [254, 554, 301, 537], "linking": []}, {"id": 48, "text": "4.36", "label": "2 tax total", "box": [261, 573, 295, 556], "linking": []}, {"id": 49, "text": " @2.5", "label": "others", "box": [35, 570, 74, 552], "linking": []}, {"id": 50, "text": " @ 2.5%", "label": "others", "box": [35, 588, 84, 571], "linking": []}, {"id": 51, "text": "4.36", "label": "2 tax total", "box": [199, 591, 232, 574], "linking": []}, {"id": 52, "text": "182.70", "label": "others", "box": [255, 613, 301, 595], "linking": []}, {"id": 53, "text": "182.70", "label": "total amount", "box": [254, 633, 301, 616], "linking": []}, {"id": 54, "text": " ayments:", "label": "others", "box": [3, 666, 64, 649], "linking": []}, {"id": 55, "text": " Approval Code", "label": "others", "box": [10, 702, 113, 686], "linking": []}, {"id": 56, "text": " 1", "label": "others", "box": [116, 702, 125, 686], "linking": []}, {"id": 57, "text": "182.70", "label": "others", "box": [246, 691, 294, 675], "linking": []}, {"id": 58, "text": "Share Your Feedback", "label": "others", "box": [1, 750, 286, 719], "linking": []}, {"id": 59, "text": "feedback.costaindia@dil-rjcorp.com", "label": "others", "box": [22, 766, 280, 745], "linking": []}]