[{"id": 0, "text": "merchant name", "label": "others", "box": [393, 227, 563, 182], "linking": []}, {"id": 1, "text": "merchant address", "label": "others", "box": [261, 283, 687, 233], "linking": []}, {"id": 2, "text": "merchant phone", "label": "others", "box": [367, 357, 577, 315], "linking": []}, {"id": 3, "text": "merchant address", "label": "others", "box": [289, 318, 652, 270], "linking": []}, {"id": 4, "text": " ORDER:", "label": "others", "box": [318, 457, 526, 403], "linking": []}, {"id": 5, "text": "To Go", "label": "others", "box": [400, 526, 551, 472], "linking": []}, {"id": 6, "text": " anu", "label": "others", "box": [535, 458, 634, 407], "linking": []}, {"id": 7, "text": " Cashier:", "label": "others", "box": [89, 580, 230, 542], "linking": []}, {"id": 8, "text": " 31-Oct-2019 6:00:12P", "label": "others", "box": [90, 623, 461, 585], "linking": []}, {"id": 9, "text": "Transaction 5139491", "label": "others", "box": [91, 687, 446, 650], "linking": []}, {"id": 10, "text": " Victor", "label": "others", "box": [238, 578, 339, 543], "linking": []}, {"id": 11, "text": "1", "label": "e quantity", "box": [91, 769, 112, 742], "linking": []}, {"id": 12, "text": "Diet Coke", "label": "0 description beginning", "box": [153, 772, 329, 739], "linking": []}, {"id": 13, "text": "$2.75", "label": "5 total price per item", "box": [763, 771, 845, 729], "linking": []}, {"id": 14, "text": "Subtotal", "label": "others", "box": [90, 862, 244, 826], "linking": []}, {"id": 15, "text": "Tax", "label": "others", "box": [93, 905, 161, 873], "linking": []}, {"id": 16, "text": "$2.75", "label": "sub total", "box": [760, 853, 845, 811], "linking": []}, {"id": 17, "text": "$0.24", "label": "2 tax total", "box": [761, 893, 851, 850], "linking": []}, {"id": 18, "text": "Total", "label": "others", "box": [85, 981, 179, 950], "linking": []}, {"id": 19, "text": "CREDIT CARD SALE", "label": "others", "box": [67, 1041, 422, 1002], "linking": []}, {"id": 20, "text": "AMEX 1000", "label": "others", "box": [52, 1082, 283, 1044], "linking": []}, {"id": 21, "text": " 31-Oct-2019 6:00:32P", "label": "others", "box": [39, 1160, 458, 1109], "linking": []}, {"id": 22, "text": " EMV", "label": "others", "box": [340, 1201, 433, 1159], "linking": []}, {"id": 23, "text": "$2.99", "label": "total amount", "box": [769, 967, 863, 930], "linking": []}, {"id": 24, "text": "$2.99", "label": "others", "box": [776, 1022, 873, 985], "linking": []}, {"id": 25, "text": " $2.99 | Method:", "label": "others", "box": [28, 1199, 333, 1155], "linking": []}, {"id": 26, "text": "AMERICAN EXPRESS XXXXXXXXXXXX1000", "label": "others", "box": [16, 1253, 855, 1190], "linking": []}, {"id": 27, "text": " 930400849820 | Auth #:", "label": "others", "box": [137, 1360, 621, 1306], "linking": []}, {"id": 28, "text": " ******** 1880", "label": "others", "box": [97, 1420, 372, 1370], "linking": []}, {"id": 29, "text": " A000000025010801", "label": "others", "box": [77, 1477, 516, 1427], "linking": []}, {"id": 30, "text": " AMEX", "label": "others", "box": [259, 1536, 395, 1488], "linking": []}, {"id": 31, "text": " Ref #:", "label": "others", "box": [3, 1357, 130, 1312], "linking": []}, {"id": 32, "text": " MID:", "label": "others", "box": [5, 1420, 88, 1370], "linking": []}, {"id": 33, "text": " 831517", "label": "others", "box": [627, 1353, 777, 1299], "linking": []}, {"id": 34, "text": " ID:", "label": "others", "box": [7, 1477, 69, 1429], "linking": []}, {"id": 35, "text": " thNtwkNm:", "label": "others", "box": [8, 1540, 249, 1490], "linking": []}]