[{"id": 0, "text": "NAB EFTPOS", "label": "others", "box": [509, 245, 718, 213], "linking": []}, {"id": 1, "text": "merchant name", "label": "others", "box": [376, 284, 608, 253], "linking": []}, {"id": 2, "text": "merchant address", "label": "others", "box": [364, 326, 599, 292], "linking": []}, {"id": 3, "text": " MID:", "label": "others", "box": [361, 368, 460, 335], "linking": []}, {"id": 4, "text": " TID:", "label": "others", "box": [365, 412, 457, 377], "linking": []}, {"id": 5, "text": " Version:", "label": "others", "box": [449, 455, 626, 421], "linking": []}, {"id": 6, "text": "merchant address", "label": "others", "box": [736, 327, 784, 296], "linking": []}, {"id": 7, "text": " 21676945", "label": "others", "box": [466, 368, 638, 335], "linking": []}, {"id": 8, "text": " M2VB44", "label": "others", "box": [462, 411, 596, 377], "linking": []}, {"id": 9, "text": " 0.8.30E", "label": "others", "box": [631, 455, 782, 421], "linking": []}, {"id": 10, "text": "==", "label": "others", "box": [364, 493, 394, 475], "linking": []}, {"id": 11, "text": "=", "label": "others", "box": [841, 494, 869, 473], "linking": []}, {"id": 12, "text": "CUSTOMER COPY", "label": "others", "box": [480, 541, 753, 506], "linking": []}, {"id": 13, "text": "NOV 14, 19", "label": "others", "box": [362, 587, 579, 549], "linking": []}, {"id": 14, "text": " BATCH:", "label": "others", "box": [368, 629, 492, 594], "linking": []}, {"id": 15, "text": " SETTLE DATE:", "label": "others", "box": [368, 673, 616, 637], "linking": []}, {"id": 16, "text": " INV", "label": "others", "box": [370, 714, 425, 682], "linking": []}, {"id": 17, "text": " STAN", "label": "others", "box": [365, 759, 445, 725], "linking": []}, {"id": 18, "text": "ACCOUNT TYPE", "label": "others", "box": [368, 802, 620, 765], "linking": []}, {"id": 19, "text": "000221006466", "label": "others", "box": [619, 843, 870, 809], "linking": []}, {"id": 20, "text": " 21:02.", "label": "others", "box": [763, 586, 872, 551], "linking": []}, {"id": 21, "text": "000221", "label": "others", "box": [737, 628, 869, 594], "linking": []}, {"id": 22, "text": "15/11/19", "label": "others", "box": [699, 673, 869, 637], "linking": []}, {"id": 23, "text": "6466", "label": "others", "box": [780, 713, 869, 681], "linking": []}, {"id": 24, "text": "007238", "label": "others", "box": [741, 757, 868, 723], "linking": []}, {"id": 25, "text": "CREDIT", "label": "others", "box": [743, 799, 867, 767], "linking": []}, {"id": 26, "text": " :", "label": "others", "box": [432, 714, 447, 682], "linking": []}, {"id": 27, "text": " :", "label": "others", "box": [451, 758, 471, 725], "linking": []}, {"id": 28, "text": " RRN", "label": "others", "box": [367, 846, 424, 811], "linking": []}, {"id": 29, "text": "AMEX", "label": "others", "box": [362, 889, 456, 855], "linking": []}, {"id": 30, "text": "A000000025010801", "label": "others", "box": [362, 933, 703, 897], "linking": []}, {"id": 31, "text": "AMERICAN EXPRESS", "label": "others", "box": [452, 977, 791, 939], "linking": []}, {"id": 32, "text": ".. 1006(t)", "label": "others", "box": [550, 1022, 742, 983], "linking": []}, {"id": 33, "text": "$40.00", "label": "total amount", "box": [724, 1061, 853, 1024], "linking": []}, {"id": 34, "text": " :", "label": "others", "box": [430, 846, 446, 812], "linking": []}, {"id": 35, "text": "SALE", "label": "others", "box": [386, 1064, 474, 1029], "linking": []}, {"id": 36, "text": "AUD", "label": "others", "box": [558, 1061, 624, 1028], "linking": []}, {"id": 37, "text": "APPROVED", "label": "others", "box": [386, 1156, 562, 1116], "linking": []}, {"id": 38, "text": "APPROVAL CODE", "label": "others", "box": [361, 1203, 644, 1160], "linking": []}, {"id": 39, "text": "AC2BAOEBEE66D64E", "label": "others", "box": [522, 1244, 880, 1205], "linking": []}, {"id": 40, "text": " ATC:0013", "label": "others", "box": [706, 1287, 879, 1249], "linking": []}, {"id": 41, "text": "---", "label": "others", "box": [829, 1318, 878, 1305], "linking": []}, {"id": 42, "text": "00", "label": "others", "box": [815, 1147, 857, 1116], "linking": []}, {"id": 43, "text": "518046", "label": "others", "box": [748, 1195, 881, 1159], "linking": []}, {"id": 44, "text": " ARQC", "label": "others", "box": [363, 1249, 448, 1211], "linking": []}, {"id": 45, "text": " APSN:00", "label": "others", "box": [363, 1294, 519, 1256], "linking": []}, {"id": 46, "text": " :", "label": "others", "box": [454, 1249, 477, 1210], "linking": []}, {"id": 47, "text": "PLEASE RETAIN RECEIPT", "label": "others", "box": [437, 1422, 794, 1387], "linking": []}, {"id": 48, "text": "FOR YOUR RECORDS", "label": "others", "box": [489, 1461, 760, 1429], "linking": []}]