[{"id": 0, "text": "Thank You For Visiting the", "label": "others", "box": [39, 56, 178, 40], "linking": []}, {"id": 1, "text": " -", "label": "others", "box": [146, 69, 154, 55], "linking": []}, {"id": 2, "text": "Matthew Fraysier", "label": "others", "box": [63, 84, 153, 70], "linking": []}, {"id": 3, "text": "General Manager", "label": "others", "box": [68, 97, 148, 84], "linking": []}, {"id": 4, "text": "merchant phone", "label": "others", "box": [74, 111, 144, 97], "linking": []}, {"id": 5, "text": " Feedback!", "label": "others", "box": [116, 124, 166, 110], "linking": []}, {"id": 6, "text": " to 99299", "label": "others", "box": [112, 138, 159, 124], "linking": []}, {"id": 7, "text": "merchant name", "label": "others", "box": [41, 71, 143, 56], "linking": []}, {"id": 8, "text": "merchant name", "label": "others", "box": [156, 69, 175, 55], "linking": []}, {"id": 9, "text": " We Love Your", "label": "others", "box": [48, 125, 114, 112], "linking": []}, {"id": 10, "text": " Text", "label": "others", "box": [60, 139, 84, 126], "linking": []}, {"id": 11, "text": " ITIE", "label": "others", "box": [86, 138, 110, 125], "linking": []}, {"id": 12, "text": "Nater Aquafina 20oz", "label": "0 description beginning", "box": [2, 178, 104, 164], "linking": []}, {"id": 13, "text": "Soup - 160z", "label": "0 description beginning", "box": [1, 191, 63, 177], "linking": []}, {"id": 14, "text": "Nigiri Combo 12pcs", "label": "0 description beginning", "box": [0, 203, 99, 191], "linking": []}, {"id": 15, "text": "USD", "label": "others", "box": [200, 163, 221, 150], "linking": []}, {"id": 16, "text": "1.25", "label": "5 total price per item", "box": [197, 176, 220, 163], "linking": []}, {"id": 17, "text": "3.85", "label": "5 total price per item", "box": [197, 189, 221, 177], "linking": []}, {"id": 18, "text": "10.50", "label": "5 total price per item", "box": [192, 201, 222, 189], "linking": []}, {"id": 19, "text": "Sub Total", "label": "others", "box": [122, 250, 172, 238], "linking": []}, {"id": 20, "text": "Tax Amount", "label": "others", "box": [123, 264, 178, 251], "linking": []}, {"id": 21, "text": "15.60", "label": "sub total", "box": [192, 249, 221, 238], "linking": []}, {"id": 22, "text": "1.38", "label": "2 tax total", "box": [198, 263, 221, 250], "linking": []}, {"id": 23, "text": "otal USD", "label": "others", "box": [5, 320, 94, 294], "linking": []}, {"id": 24, "text": "16.98", "label": "total amount", "box": [167, 317, 219, 295], "linking": []}, {"id": 25, "text": "5009 AMERICAN EXPRESS", "label": "others", "box": [0, 373, 112, 359], "linking": []}, {"id": 26, "text": "16.98", "label": "others", "box": [192, 371, 222, 358], "linking": []}, {"id": 27, "text": "17013159512621", "label": "others", "box": [0, 400, 74, 386], "linking": []}, {"id": 28, "text": "ax", "label": "others", "box": [3, 439, 16, 429], "linking": []}, {"id": 29, "text": " ()", "label": "others", "box": [2, 454, 10, 440], "linking": []}, {"id": 30, "text": " 8.875", "label": "others", "box": [12, 454, 44, 440], "linking": []}, {"id": 31, "text": " Taxable Amount", "label": "others", "box": [82, 441, 163, 426], "linking": []}, {"id": 32, "text": "15.60", "label": "sub total", "box": [130, 451, 158, 440], "linking": []}, {"id": 33, "text": " Tax Amount", "label": "others", "box": [165, 440, 219, 426], "linking": []}, {"id": 34, "text": "1.38", "label": "2 tax total", "box": [199, 451, 220, 439], "linking": []}, {"id": 35, "text": " 10/30/2019 02:24 PM #:38549 Dp:4049", "label": "others", "box": [0, 494, 189, 480], "linking": []}, {"id": 36, "text": " 101 5:1111", "label": "others", "box": [1, 507, 54, 494], "linking": []}, {"id": 37, "text": " Served you", "label": "others", "box": [0, 521, 54, 508], "linking": []}, {"id": 38, "text": " :111", "label": "others", "box": [197, 492, 221, 479], "linking": []}, {"id": 39, "text": " : Guadalupe Canarte", "label": "others", "box": [56, 521, 158, 508], "linking": []}, {"id": 40, "text": " Reprint #", "label": "others", "box": [1, 548, 50, 534], "linking": []}, {"id": 41, "text": "Global Rewards Points", "label": "others", "box": [0, 560, 112, 547], "linking": []}, {"id": 42, "text": " Previous Balance:", "label": "others", "box": [0, 573, 95, 560], "linking": []}, {"id": 43, "text": " Accrued (new):", "label": "others", "box": [0, 586, 77, 573], "linking": []}, {"id": 44, "text": " Redeemed (used):", "label": "others", "box": [0, 599, 88, 585], "linking": []}, {"id": 45, "text": " New Balance:", "label": "others", "box": [0, 611, 65, 598], "linking": []}, {"id": 46, "text": " 1", "label": "others", "box": [52, 548, 59, 534], "linking": []}, {"id": 47, "text": " 137", "label": "others", "box": [98, 572, 119, 560], "linking": []}, {"id": 48, "text": "42", "label": "others", "box": [97, 583, 112, 572], "linking": []}, {"id": 49, "text": "0", "label": "others", "box": [96, 597, 114, 585], "linking": []}, {"id": 50, "text": "179", "label": "others", "box": [100, 608, 117, 597], "linking": []}, {"id": 51, "text": "Healthy Living Digital Punch Card", "label": "others", "box": [0, 637, 176, 622], "linking": []}, {"id": 52, "text": "-", "label": "others", "box": [97, 650, 105, 636], "linking": []}, {"id": 53, "text": " Previous Balance:", "label": "others", "box": [0, 650, 89, 638], "linking": []}, {"id": 54, "text": " Accrued (new):", "label": "others", "box": [1, 664, 74, 651], "linking": []}, {"id": 55, "text": " Redeemed (used):", "label": "others", "box": [2, 677, 88, 664], "linking": []}, {"id": 56, "text": " New Balance:", "label": "others", "box": [1, 691, 63, 678], "linking": []}, {"id": 57, "text": "*** Customer copy ***", "label": "others", "box": [46, 743, 159, 729], "linking": []}, {"id": 58, "text": "AMEX NY937 (1)", "label": "others", "box": [66, 770, 144, 755], "linking": []}, {"id": 59, "text": " agree to pay the above total ancunt", "label": "others", "box": [13, 785, 200, 769], "linking": []}, {"id": 60, "text": "according to card issuer", "label": "others", "box": [41, 797, 168, 783], "linking": []}, {"id": 61, "text": "agreement. (Merchant agreement if Credit", "label": "others", "box": [0, 811, 207, 795], "linking": []}, {"id": 62, "text": "Voucher )Retain this copy for your", "label": "others", "box": [16, 822, 190, 809], "linking": []}, {"id": 63, "text": "records.", "label": "others", "box": [82, 833, 127, 823], "linking": []}, {"id": 64, "text": " I", "label": "others", "box": [4, 785, 11, 772], "linking": []}, {"id": 65, "text": " PURCHASE", "label": "others", "box": [2, 860, 44, 847], "linking": []}, {"id": 66, "text": "AMERICAN EXPRESS", "label": "others", "box": [0, 873, 87, 860], "linking": []}, {"id": 67, "text": "*********** 1005", "label": "others", "box": [0, 886, 80, 874], "linking": []}, {"id": 68, "text": " CHIP READ", "label": "others", "box": [0, 900, 50, 888], "linking": []}, {"id": 69, "text": " /", "label": "others", "box": [47, 861, 55, 847], "linking": []}, {"id": 70, "text": " APPROVED", "label": "others", "box": [57, 861, 103, 847], "linking": []}, {"id": 71, "text": " /", "label": "others", "box": [52, 900, 61, 888], "linking": []}, {"id": 72, "text": " 2019/10/30 14:25:02", "label": "others", "box": [0, 927, 104, 914], "linking": []}, {"id": 73, "text": "TID", "label": "others", "box": [2, 940, 18, 927], "linking": []}, {"id": 74, "text": "NID", "label": "others", "box": [0, 952, 18, 940], "linking": []}, {"id": 75, "text": "REFERENCE", "label": "others", "box": [0, 966, 49, 953], "linking": []}, {"id": 76, "text": "AUTH CODE", "label": "others", "box": [0, 979, 49, 967], "linking": []}, {"id": 77, "text": "**** 6030", "label": "others", "box": [167, 939, 210, 927], "linking": []}, {"id": 78, "text": "6634459", "label": "others", "box": [169, 952, 210, 941], "linking": []}, {"id": 79, "text": "51111/111101#385490900396", "label": "others", "box": [77, 967, 210, 953], "linking": []}, {"id": 80, "text": "864928", "label": "others", "box": [176, 979, 209, 967], "linking": []}, {"id": 81, "text": "TOTAL", "label": "others", "box": [3, 1005, 27, 992], "linking": []}, {"id": 82, "text": "US016.98", "label": "others", "box": [166, 1006, 211, 992], "linking": []}, {"id": 83, "text": " ARC:", "label": "others", "box": [0, 1032, 23, 1020], "linking": []}, {"id": 84, "text": " TSI:", "label": "others", "box": [2, 1045, 22, 1033], "linking": []}, {"id": 85, "text": " IAD:", "label": "others", "box": [2, 1059, 23, 1046], "linking": []}, {"id": 86, "text": " TVR:", "label": "others", "box": [2, 1071, 22, 1059], "linking": []}, {"id": 87, "text": " AID:", "label": "others", "box": [0, 1085, 23, 1073], "linking": []}, {"id": 88, "text": " PAN Seq No:", "label": "others", "box": [0, 1097, 60, 1085], "linking": []}, {"id": 89, "text": " 00", "label": "others", "box": [25, 1031, 39, 1019], "linking": []}, {"id": 90, "text": " F800", "label": "others", "box": [24, 1045, 48, 1033], "linking": []}, {"id": 91, "text": " 064A0103602002", "label": "others", "box": [25, 1058, 100, 1045], "linking": []}, {"id": 92, "text": " 0000008000", "label": "others", "box": [24, 1071, 80, 1059], "linking": []}, {"id": 93, "text": " A000000025010801", "label": "others", "box": [25, 1084, 112, 1071], "linking": []}, {"id": 94, "text": " 00", "label": "others", "box": [61, 1097, 75, 1085], "linking": []}]