[{"id": 0, "text": " From:", "label": "others", "box": [10, 35, 78, 9], "linking": []}, {"id": 1, "text": " Date:", "label": "others", "box": [12, 69, 74, 43], "linking": []}, {"id": 2, "text": " Subject:", "label": "others", "box": [12, 104, 104, 76], "linking": []}, {"id": 3, "text": "merchant name", "label": "others", "box": [83, 36, 596, 9], "linking": []}, {"id": 4, "text": " Tue, Nov 26, 2019 at 11:39 AM", "label": "others", "box": [79, 69, 429, 42], "linking": []}, {"id": 5, "text": " Order Confirmation for Mezi from The Counter", "label": "others", "box": [109, 104, 643, 75], "linking": []}, {"id": 6, "text": " To:", "label": "others", "box": [12, 137, 45, 111], "linking": []}, {"id": 7, "text": "Thanks for your order, Mezi", "label": "others", "box": [622, 438, 1301, 387], "linking": []}, {"id": 8, "text": "Paid with American Express ending in 1004", "label": "others", "box": [651, 517, 1272, 480], "linking": []}, {"id": 9, "text": "The Counter", "label": "others", "box": [872, 563, 1053, 530], "linking": []}, {"id": 10, "text": " Total:", "label": "others", "box": [856, 613, 940, 581], "linking": []}, {"id": 11, "text": " $152.79", "label": "total amount", "box": [946, 613, 1069, 581], "linking": []}, {"id": 12, "text": "Track your order", "label": "others", "box": [819, 733, 1105, 693], "linking": []}, {"id": 13, "text": "Your receipt", "label": "others", "box": [839, 919, 1087, 872], "linking": []}]