[{"id": 0, "text": "merchant name", "label": "others", "box": [83, 93, 372, 68], "linking": []}, {"id": 1, "text": "merchant address", "label": "others", "box": [101, 119, 355, 96], "linking": []}, {"id": 2, "text": "merchant address", "label": "others", "box": [239, 137, 265, 121], "linking": []}, {"id": 3, "text": "merchant phone", "label": "others", "box": [169, 157, 285, 137], "linking": []}, {"id": 4, "text": "merchant address", "label": "others", "box": [129, 136, 236, 116], "linking": []}, {"id": 5, "text": "merchant address", "label": "others", "box": [268, 140, 326, 122], "linking": []}, {"id": 6, "text": " ORDER:", "label": "others", "box": [146, 208, 261, 178], "linking": []}, {"id": 7, "text": "To Go", "label": "others", "box": [185, 244, 266, 215], "linking": []}, {"id": 8, "text": " 87", "label": "others", "box": [265, 208, 302, 182], "linking": []}, {"id": 9, "text": " Cashier:", "label": "others", "box": [9, 268, 86, 247], "linking": []}, {"id": 10, "text": " 19 Oct 2019 1:29:1/P", "label": "others", "box": [13, 298, 213, 270], "linking": []}, {"id": 11, "text": " Transaction", "label": "others", "box": [15, 331, 122, 309], "linking": []}, {"id": 12, "text": " Nuthi", "label": "others", "box": [90, 270, 144, 248], "linking": []}, {"id": 13, "text": " 008421", "label": "others", "box": [125, 333, 196, 311], "linking": []}, {"id": 14, "text": "1", "label": "e quantity", "box": [18, 373, 31, 360], "linking": []}, {"id": 15, "text": " Paneer", "label": "0 description beginning", "box": [50, 380, 116, 359], "linking": []}, {"id": 16, "text": " Mango", "label": "0 description beginning", "box": [55, 404, 116, 384], "linking": []}, {"id": 17, "text": "Sodas", "label": "0 description beginning", "box": [56, 426, 115, 407], "linking": []}, {"id": 18, "text": " Biriyani", "label": "1 description inside", "box": [119, 382, 190, 361], "linking": []}, {"id": 19, "text": " Lassi", "label": "1 description inside", "box": [120, 404, 171, 385], "linking": []}, {"id": 20, "text": "$8. 99", "label": "5 total price per item", "box": [383, 385, 433, 364], "linking": []}, {"id": 21, "text": "$2.99", "label": "5 total price per item", "box": [383, 409, 431, 388], "linking": []}, {"id": 22, "text": "$1.49", "label": "5 total price per item", "box": [381, 434, 431, 410], "linking": []}, {"id": 23, "text": "-", "label": "e quantity", "box": [21, 399, 31, 383], "linking": []}, {"id": 24, "text": "Subtotal", "label": "others", "box": [25, 470, 104, 453], "linking": []}, {"id": 25, "text": "Tax", "label": "others", "box": [27, 492, 60, 476], "linking": []}, {"id": 26, "text": "$13.47", "label": "sub total", "box": [367, 476, 429, 458], "linking": []}, {"id": 27, "text": "$1.16", "label": "2 tax total", "box": [378, 498, 428, 480], "linking": []}, {"id": 28, "text": "Total", "label": "others", "box": [24, 539, 74, 521], "linking": []}, {"id": 29, "text": "$1463", "label": "total amount", "box": [370, 540, 429, 523], "linking": []}, {"id": 30, "text": "CREDIT CARD AUTH", "label": "others", "box": [23, 573, 206, 554], "linking": []}, {"id": 31, "text": " AMEX", "label": "others", "box": [22, 598, 80, 579], "linking": []}, {"id": 32, "text": " 19- Oct-2019 1:29:34P", "label": "others", "box": [23, 631, 219, 612], "linking": []}, {"id": 33, "text": " $14.63 | Method:", "label": "others", "box": [20, 655, 171, 636], "linking": []}, {"id": 34, "text": "AMERICAN EXPRESS XXXXXXXXXXXX1007", "label": "others", "box": [19, 680, 411, 656], "linking": []}, {"id": 35, "text": " 929200584601 |Auth # 885716", "label": "others", "box": [76, 727, 369, 705], "linking": []}, {"id": 36, "text": " MID. ********", "label": "others", "box": [17, 753, 129, 732], "linking": []}, {"id": 37, "text": " A000000025010801", "label": "others", "box": [57, 776, 250, 755], "linking": []}, {"id": 38, "text": " AthNtwkNm.", "label": "others", "box": [16, 801, 131, 781], "linking": []}, {"id": 39, "text": "SIGNATURE VERIFIED", "label": "others", "box": [15, 824, 212, 804], "linking": []}, {"id": 40, "text": "*** REPRINT ***", "label": "others", "box": [116, 854, 341, 835], "linking": []}, {"id": 41, "text": " 1007", "label": "others", "box": [83, 598, 129, 579], "linking": []}, {"id": 42, "text": " EMV", "label": "others", "box": [175, 654, 219, 636], "linking": []}, {"id": 43, "text": " Ref #:", "label": "others", "box": [17, 727, 72, 708], "linking": []}, {"id": 44, "text": " 1889", "label": "others", "box": [133, 752, 182, 732], "linking": []}, {"id": 45, "text": " AID:", "label": "others", "box": [15, 776, 53, 757], "linking": []}, {"id": 46, "text": " AMEX", "label": "others", "box": [135, 800, 194, 781], "linking": []}]