[{"id": 0, "text": "merchant name", "label": "others", "box": [151, 105, 267, 87], "linking": []}, {"id": 1, "text": "merchant address", "label": "others", "box": [150, 124, 265, 106], "linking": []}, {"id": 2, "text": "merchant address", "label": "others", "box": [133, 145, 285, 126], "linking": []}, {"id": 3, "text": " S0143 T01 E0059 010106 12/04/19 11:50am", "label": "others", "box": [26, 189, 376, 167], "linking": []}, {"id": 4, "text": "KETTLE DILL PIC 084114112484", "label": "0 description beginning", "box": [28, 233, 280, 209], "linking": []}, {"id": 5, "text": "049000049930", "label": "others", "box": [169, 250, 278, 231], "linking": []}, {"id": 6, "text": "BAZZINI PEARAIS 075062000336", "label": "0 description beginning", "box": [31, 276, 279, 253], "linking": []}, {"id": 7, "text": "1.99 N", "label": "5 total price per item", "box": [339, 228, 392, 210], "linking": []}, {"id": 8, "text": "1.79 T", "label": "5 total price per item", "box": [339, 249, 393, 231], "linking": []}, {"id": 9, "text": "1.69 N", "label": "5 total price per item", "box": [341, 271, 394, 253], "linking": []}, {"id": 10, "text": "COKE 85 OZ", "label": "0 description beginning", "box": [29, 256.63, 118, 235.63], "linking": []}, {"id": 11, "text": "Sub/Ttl", "label": "others", "box": [121, 317, 184, 297], "linking": []}, {"id": 12, "text": "Tax", "label": "others", "box": [123, 337, 152, 320], "linking": []}, {"id": 13, "text": "Total", "label": "others", "box": [123, 357, 166, 340], "linking": []}, {"id": 14, "text": "5.47", "label": "sub total", "box": [341, 314, 378, 295], "linking": []}, {"id": 15, "text": "0.16", "label": "2 tax total", "box": [341, 336, 378, 317], "linking": []}, {"id": 16, "text": "5.63", "label": "total amount", "box": [340, 358, 378, 339], "linking": []}, {"id": 17, "text": "AmEx", "label": "others", "box": [33, 400, 69, 382], "linking": []}, {"id": 18, "text": "5.63", "label": "others", "box": [342, 405, 378, 382], "linking": []}, {"id": 19, "text": " Acct:", "label": "others", "box": [75, 424, 122, 406], "linking": []}, {"id": 20, "text": " Auth:", "label": "others", "box": [73, 447, 122, 428], "linking": []}, {"id": 21, "text": " Trans ID:", "label": "others", "box": [72, 469, 157, 450], "linking": []}, {"id": 22, "text": " *********** 1001", "label": "others", "box": [126.53, 425, 262.53, 406], "linking": []}, {"id": 23, "text": " 808590", "label": "others", "box": [125, 448, 183, 428], "linking": []}, {"id": 24, "text": " 47355", "label": "others", "box": [160, 470, 210, 451], "linking": []}, {"id": 25, "text": "# Items 3", "label": "others", "box": [169, 513, 255, 495], "linking": []}, {"id": 26, "text": "Your cashier was Khan", "label": "others", "box": [27, 554, 217, 536], "linking": []}, {"id": 27, "text": "Thank you for shopping with us!", "label": "others", "box": [73, 576, 347, 555], "linking": []}]