[{"id": 0, "text": "****************", "label": "others", "box": [405, 351, 1026, 305], "linking": []}, {"id": 1, "text": "*", "label": "others", "box": [979, 388, 1027, 353], "linking": []}, {"id": 2, "text": "****************", "label": "others", "box": [407, 447, 1027, 399], "linking": []}, {"id": 3, "text": "Lunch", "label": "others", "box": [978, 537, 1225, 461], "linking": []}, {"id": 4, "text": "* CLOSED CHECK", "label": "others", "box": [405, 401, 951, 348], "linking": []}, {"id": 5, "text": "merchant name", "label": "others", "box": [581, 546, 855, 497], "linking": []}, {"id": 6, "text": "merchant address", "label": "others", "box": [659, 594, 797, 548], "linking": []}, {"id": 7, "text": " 501 565 65338", "label": "others", "box": [636, 645, 898, 598], "linking": []}, {"id": 8, "text": " ABN:", "label": "others", "box": [547, 646, 628, 600], "linking": []}, {"id": 9, "text": "Tax Invoice", "label": "others", "box": [610, 839, 822, 796], "linking": []}, {"id": 10, "text": " Check", "label": "others", "box": [352, 935, 439, 893], "linking": []}, {"id": 11, "text": " :605912", "label": "others", "box": [446, 935, 584, 890], "linking": []}, {"id": 12, "text": " Server", "label": "others", "box": [368, 1046, 474, 1010], "linking": []}, {"id": 13, "text": "12/03/19", "label": "others", "box": [378, 1087, 521, 1048], "linking": []}, {"id": 14, "text": " : Ipao 2", "label": "others", "box": [479, 1047, 608, 1010], "linking": []}, {"id": 15, "text": " 01:01pm", "label": "others", "box": [984, 1086, 1120, 1046], "linking": []}, {"id": 16, "text": " 1", "label": "e quantity", "box": [452, 1175, 491, 1134], "linking": []}, {"id": 17, "text": " Combo Box $14.50", "label": "0 description beginning", "box": [511, 1175, 1096, 1129], "linking": []}, {"id": 18, "text": " Total:", "label": "others", "box": [606, 1264, 713, 1223], "linking": []}, {"id": 19, "text": "$14.50", "label": "total amount", "box": [861, 1266, 1084, 1221], "linking": []}, {"id": 20, "text": " Tax:", "label": "others", "box": [638, 1358, 711, 1318], "linking": []}, {"id": 21, "text": "$1.31", "label": "2 tax total", "box": [993, 1362, 1087, 1318], "linking": []}, {"id": 22, "text": "Eftpos", "label": "others", "box": [361, 1454, 475, 1413], "linking": []}, {"id": 23, "text": "$14.50", "label": "others", "box": [975, 1457, 1090, 1412], "linking": []}, {"id": 24, "text": "\"ybank-You\"", "label": "others", "box": [628, 1673, 829, 1630], "linking": []}, {"id": 25, "text": "463", "label": "others", "box": [454, 1746, 560, 1709], "linking": []}]