[{"id": 0, "text": "merchant name", "label": "others", "box": [160, 113, 525, 53], "linking": []}, {"id": 1, "text": "merchant name", "label": "others", "box": [318, 141, 360, 100], "linking": []}, {"id": 2, "text": "merchant name", "label": "others", "box": [239, 192, 444, 158], "linking": []}, {"id": 3, "text": "merchant address", "label": "others", "box": [205, 218, 483, 179], "linking": []}, {"id": 4, "text": "(Customer Copy)", "label": "others", "box": [204, 268, 494, 227], "linking": []}, {"id": 5, "text": "TAX INVOICE", "label": "others", "box": [293, 311, 409, 282], "linking": []}, {"id": 6, "text": " Bill Date:", "label": "others", "box": [343, 359, 448, 330], "linking": []}, {"id": 7, "text": " User Code:", "label": "others", "box": [338, 400, 445, 379], "linking": []}, {"id": 8, "text": " QTY", "label": "others", "box": [367, 428, 406, 410], "linking": []}, {"id": 9, "text": " Bill No:", "label": "others", "box": [147, 368, 229, 341], "linking": []}, {"id": 10, "text": " Time:", "label": "others", "box": [145, 398, 200, 383], "linking": []}, {"id": 11, "text": "Product", "label": "others", "box": [131, 423, 210, 406], "linking": []}, {"id": 12, "text": " Walk-In Guest", "label": "0 description beginning", "box": [124, 454, 276, 434], "linking": []}, {"id": 13, "text": " 46241", "label": "others", "box": [233, 363, 286, 338], "linking": []}, {"id": 14, "text": " 2019-11-10", "label": "others", "box": [453, 354, 559, 324], "linking": []}, {"id": 15, "text": " 2400105", "label": "others", "box": [448, 400, 523, 375], "linking": []}, {"id": 16, "text": " RATE", "label": "others", "box": [417, 429, 466, 411], "linking": []}, {"id": 17, "text": "750.00", "label": "unit price", "box": [413, 456, 485, 437], "linking": [[17, 24]]}, {"id": 18, "text": "CGST 09.00%", "label": "others", "box": [337, 486, 462, 467], "linking": []}, {"id": 19, "text": "SGST 09.00%", "label": "others", "box": [338, 499, 462, 485], "linking": []}, {"id": 20, "text": "VAT", "label": "others", "box": [338, 514, 375, 500], "linking": []}, {"id": 21, "text": " 04:13:00", "label": "others", "box": [204, 399, 291, 383], "linking": []}, {"id": 22, "text": " Value (RS)", "label": "others", "box": [478, 429, 571, 411], "linking": []}, {"id": 23, "text": " (ADULT)", "label": "0 description beginning", "box": [280, 455, 357, 437], "linking": []}, {"id": 24, "text": "750.00", "label": "5 total price per item", "box": [499, 456, 570, 438], "linking": [[17, 24]]}, {"id": 25, "text": "67.5", "label": "2 tax total", "box": [523, 485, 570, 469], "linking": []}, {"id": 26, "text": "AMERICAN", "label": "others", "box": [806, 466, 904, 446], "linking": []}, {"id": 27, "text": "EXPRESS", "label": "others", "box": [822, 481, 908, 461], "linking": []}, {"id": 28, "text": "67.5", "label": "2 tax total", "box": [520, 501, 571, 479], "linking": []}, {"id": 29, "text": "@0.00%", "label": "others", "box": [394, 514, 460, 500], "linking": []}, {"id": 30, "text": "O", "label": "2 tax total", "box": [524, 514, 542, 498], "linking": []}, {"id": 31, "text": "Bill Amount (Rs) 885.00", "label": "total amount", "box": [309, 548, 565, 530], "linking": []}, {"id": 32, "text": "AMEX", "label": "others", "box": [829, 533, 886, 513], "linking": []}, {"id": 33, "text": "merchant name", "label": "others", "box": [759, 553, 965, 529], "linking": []}, {"id": 34, "text": "merchant address", "label": "others", "box": [828, 572, 898, 553], "linking": []}, {"id": 35, "text": " DATE", "label": "others", "box": [690, 587, 721, 566], "linking": []}, {"id": 36, "text": " MID", "label": "others", "box": [691, 606, 715, 585], "linking": []}, {"id": 37, "text": " BATCH NUM", "label": "others", "box": [693, 628, 757, 605], "linking": []}, {"id": 38, "text": " BILL NUM", "label": "others", "box": [695, 648, 752, 626], "linking": []}, {"id": 39, "text": "376537 ****** 009", "label": "others", "box": [696, 689, 807, 663], "linking": []}, {"id": 40, "text": " : XX/XX", "label": "others", "box": [766, 710, 816, 689], "linking": []}, {"id": 41, "text": " : 2306904210", "label": "others", "box": [768, 731, 855, 709], "linking": []}, {"id": 42, "text": " A000000025010801", "label": "others", "box": [726, 751, 846, 729], "linking": []}, {"id": 43, "text": " E800", "label": "others", "box": [725, 772, 761, 750], "linking": []}, {"id": 44, "text": " APPR CODE", "label": "others", "box": [698, 793, 766, 773], "linking": []}, {"id": 45, "text": "BASE AMT.", "label": "others", "box": [694, 813, 836, 793], "linking": []}, {"id": 46, "text": "TIP AMT.", "label": "others", "box": [702, 834, 824, 812], "linking": []}, {"id": 47, "text": " : 2019-11-10", "label": "others", "box": [724, 589, 809, 566], "linking": []}, {"id": 48, "text": " Flight No", "label": "others", "box": [78, 599, 196, 578], "linking": []}, {"id": 49, "text": " Guest Name:", "label": "others", "box": [67, 633, 217, 613], "linking": []}, {"id": 50, "text": " : BA 118", "label": "others", "box": [206, 599, 306, 581], "linking": []}, {"id": 51, "text": "36K", "label": "others", "box": [223, 615, 269, 598], "linking": []}, {"id": 52, "text": " TIME", "label": "others", "box": [929, 591, 960, 571], "linking": []}, {"id": 53, "text": " TID", "label": "others", "box": [939, 612, 961, 592], "linking": []}, {"id": 54, "text": " : 04:", "label": "others", "box": [963, 591, 989, 571], "linking": []}, {"id": 55, "text": " : 72174986", "label": "others", "box": [965, 612, 1039, 590], "linking": []}, {"id": 56, "text": " 12:45", "label": "others", "box": [993, 591, 1034, 569], "linking": []}, {"id": 57, "text": "Seat No", "label": "others", "box": [73, 613, 167, 595], "linking": []}, {"id": 58, "text": " : 8112566047", "label": "others", "box": [718, 608, 805, 586], "linking": []}, {"id": 59, "text": " : 000057", "label": "others", "box": [761, 629, 818, 607], "linking": []}, {"id": 60, "text": " :", "label": "others", "box": [755, 648, 767, 628], "linking": []}, {"id": 61, "text": "ROC #", "label": "others", "box": [919, 630, 965, 609], "linking": []}, {"id": 62, "text": " : 000204", "label": "others", "box": [981, 632, 1037, 609], "linking": []}, {"id": 63, "text": "1234", "label": "others", "box": [1010, 649, 1041, 630], "linking": []}, {"id": 64, "text": "Package Breakup", "label": "others", "box": [60, 684, 210, 661], "linking": []}, {"id": 65, "text": "Sale", "label": "others", "box": [838, 673, 898, 650], "linking": []}, {"id": 66, "text": " EXP DATE", "label": "others", "box": [695, 710, 763, 686], "linking": []}, {"id": 67, "text": "TXN ID", "label": "others", "box": [701, 728, 750, 709], "linking": []}, {"id": 68, "text": "Chip", "label": "others", "box": [1013, 693, 1044, 672], "linking": []}, {"id": 69, "text": " : AMEX", "label": "others", "box": [1004, 713, 1048, 694], "linking": []}, {"id": 70, "text": " AMERICAN EXPRESS", "label": "others", "box": [929, 731, 1054, 713], "linking": []}, {"id": 71, "text": " TVR:", "label": "others", "box": [946, 753, 970, 732], "linking": []}, {"id": 72, "text": " : 05060053792A2094", "label": "others", "box": [922, 775, 1057, 752], "linking": []}, {"id": 73, "text": " : 007405305358370", "label": "others", "box": [932, 796, 1060, 774], "linking": []}, {"id": 74, "text": "885.00", "label": "total amount", "box": [969, 818, 1058, 795], "linking": []}, {"id": 75, "text": " Amex Differential:", "label": "others", "box": [59, 746, 240, 720], "linking": []}, {"id": 76, "text": " Rs. 750.00", "label": "others", "box": [243, 743, 347, 717], "linking": []}, {"id": 77, "text": " CARD TYPE", "label": "others", "box": [936, 713, 1001, 694], "linking": []}, {"id": 78, "text": " AID:", "label": "others", "box": [699, 752, 722, 731], "linking": []}, {"id": 79, "text": " TSI:", "label": "others", "box": [699, 772, 721, 751], "linking": []}, {"id": 80, "text": " APP:", "label": "others", "box": [902, 731, 926, 713], "linking": []}, {"id": 81, "text": " 0000008000", "label": "others", "box": [974, 753, 1055, 732], "linking": []}, {"id": 82, "text": " TC", "label": "others", "box": [904, 776, 918, 753], "linking": []}, {"id": 83, "text": " ARN", "label": "others", "box": [906, 796, 928, 775], "linking": []}, {"id": 84, "text": " : RS.", "label": "others", "box": [849, 818, 908, 796], "linking": []}, {"id": 85, "text": " FOOD:", "label": "others", "box": [56, 808, 111, 785], "linking": []}, {"id": 86, "text": " Rs. 750.00", "label": "sub total", "box": [115, 807, 219, 781], "linking": []}, {"id": 87, "text": " : 847974", "label": "others", "box": [769, 792, 828, 771], "linking": []}, {"id": 88, "text": " : Rs .", "label": "others", "box": [855, 835, 907, 815], "linking": []}, {"id": 89, "text": " VAT TIN NO:", "label": "others", "box": [53, 872, 168, 846], "linking": []}, {"id": 90, "text": " 29AAICB4881B", "label": "others", "box": [132, 902, 253, 876], "linking": []}, {"id": 91, "text": " 0000000000", "label": "others", "box": [198, 933, 302, 906], "linking": []}, {"id": 92, "text": " 000000000000", "label": "others", "box": [172, 869, 296, 843], "linking": []}, {"id": 93, "text": " TOTAL AMT.", "label": "others", "box": [703, 880, 851, 854], "linking": []}, {"id": 94, "text": "PIN VERIFIED", "label": "others", "box": [793, 903, 983, 879], "linking": []}, {"id": 95, "text": " : Rs.", "label": "others", "box": [856, 882, 912, 858], "linking": []}, {"id": 96, "text": "NO SIGNATURE REQUIRED", "label": "others", "box": [734, 928, 1061, 899], "linking": []}, {"id": 97, "text": " AGREE TO PAY THE ABOVETOTAL AMOUNT ACCORDING", "label": "others", "box": [719, 975, 1070, 945], "linking": []}, {"id": 98, "text": "**** CUSTOMER COPY ****", "label": "others", "box": [810, 1020, 997, 995], "linking": []}, {"id": 99, "text": "THANK YOU!", "label": "others", "box": [859, 1043, 941, 1020], "linking": []}, {"id": 100, "text": "Plutus v2. 0 AMEX", "label": "others", "box": [836, 1069, 973, 1044], "linking": []}, {"id": 101, "text": " GST NO:", "label": "others", "box": [53, 902, 128, 878], "linking": []}, {"id": 102, "text": " SERVICE TAX NO:", "label": "others", "box": [53, 935, 194, 908], "linking": []}, {"id": 103, "text": "TO CARD ISSUER AGREEMENT", "label": "others", "box": [706, 995, 905, 967], "linking": []}, {"id": 104, "text": " I", "label": "others", "box": [702, 969, 715, 945], "linking": []}, {"id": 105, "text": "* I/We hereby certify that our registration certificate u", "label": "others", "box": [46, 1001, 622, 962], "linking": []}, {"id": 106, "text": " in", "label": "others", "box": [600, 1054, 624, 1029], "linking": []}, {"id": 107, "text": "this tax invoice is made by us and that the transaction", "label": "others", "box": [42, 1101, 616, 1064], "linking": []}, {"id": 108, "text": " nder the Maharashtra Value Added Tax Act. 2002", "label": "others", "box": [41, 1035, 514, 997], "linking": []}, {"id": 109, "text": " is", "label": "others", "box": [519, 1022, 543, 997], "linking": []}, {"id": 110, "text": " e on the date on which the sale of the goods specified", "label": "others", "box": [40, 1067, 596, 1030], "linking": []}, {"id": 111, "text": " in forc", "label": "others", "box": [548, 1021, 623, 996], "linking": []}, {"id": 112, "text": "of sale covered by this Tax invoice has been effected by", "label": "others", "box": [30, 1136, 614, 1097], "linking": []}, {"id": 113, "text": " us and", "label": "others", "box": [23, 1170, 94, 1145], "linking": []}, {"id": 114, "text": " it shall be accounted for In the turnover of sales", "label": "others", "box": [98, 1170, 626, 1132], "linking": []}, {"id": 115, "text": "halt be paid-", "label": "others", "box": [339, 1199, 481, 1177], "linking": []}, {"id": 116, "text": "While filling of return and the due tax. it any payable", "label": "others", "box": [27, 1207, 613, 1150], "linking": []}, {"id": 117, "text": "on the", "label": "others", "box": [19, 1236, 100, 1211], "linking": []}, {"id": 118, "text": " Payment Mode:", "label": "others", "box": [34, 1282, 217, 1252], "linking": []}, {"id": 119, "text": "Chen paid or", "label": "others", "box": [181, 1217, 333, 1188], "linking": []}, {"id": 120, "text": "E & O.E", "label": "others", "box": [509, 1244, 606, 1220], "linking": []}, {"id": 121, "text": "AMEX", "label": "others", "box": [510, 1265, 566, 1245], "linking": []}]