[{"id": 0, "text": "merchant name", "label": "others", "box": [198, 163, 321, 141], "linking": []}, {"id": 1, "text": "merchant address", "label": "others", "box": [69, 189, 325, 164], "linking": []}, {"id": 2, "text": " VAT:", "label": "others", "box": [177, 213, 232, 192], "linking": []}, {"id": 3, "text": "merchant address", "label": "others", "box": [329, 189, 447, 168], "linking": []}, {"id": 4, "text": " 795871659", "label": "others", "box": [235, 214, 344, 193], "linking": []}, {"id": 5, "text": "16934 IoanaA", "label": "others", "box": [32, 259, 169, 239], "linking": []}, {"id": 6, "text": "CHK 32630", "label": "others", "box": [203, 310, 307, 290], "linking": []}, {"id": 7, "text": "Take Away", "label": "others", "box": [90, 360, 193, 337], "linking": []}, {"id": 8, "text": " Still Water Large", "label": "0 description beginning", "box": [66, 387, 262, 361], "linking": []}, {"id": 9, "text": " Mango & Lime Fruit Pot", "label": "0 description beginning", "box": [65, 412, 316, 388], "linking": []}, {"id": 10, "text": " Smoked Salmon & Soft Cheese", "label": "0 description beginning", "box": [65, 438, 375, 414], "linking": []}, {"id": 11, "text": "Sandwich", "label": "0 description beginning", "box": [64, 461, 157, 439], "linking": []}, {"id": 12, "text": "Credit Card MPG", "label": "others", "box": [63, 488, 239, 466], "linking": []}, {"id": 13, "text": "2100215104659060700", "label": "others", "box": [61, 515, 282, 492], "linking": []}, {"id": 14, "text": " 1", "label": "e quantity", "box": [47, 383, 62, 361], "linking": []}, {"id": 15, "text": " 1", "label": "e quantity", "box": [46, 410, 61, 388], "linking": []}, {"id": 16, "text": " 1", "label": "e quantity", "box": [46, 435, 61, 414], "linking": []}, {"id": 17, "text": "2.20", "label": "5 total price per item", "box": [436, 388, 483, 367], "linking": []}, {"id": 18, "text": "2.75", "label": "5 total price per item", "box": [436, 413, 483, 393], "linking": []}, {"id": 19, "text": "3.55", "label": "5 total price per item", "box": [436, 465, 483, 445], "linking": []}, {"id": 20, "text": "GBP 8.50", "label": "others", "box": [394, 492, 486, 471], "linking": []}, {"id": 21, "text": "0.96 VAT 20 %", "label": "2 tax total", "box": [93, 569, 247, 546], "linking": []}, {"id": 22, "text": " Net Total:", "label": "others", "box": [59, 598, 175, 575], "linking": []}, {"id": 23, "text": "Subtotal", "label": "others", "box": [58, 624, 153, 602], "linking": []}, {"id": 24, "text": "Payment", "label": "others", "box": [56, 653, 142, 630], "linking": []}, {"id": 25, "text": " Change Due", "label": "others", "box": [21, 684, 151, 658], "linking": []}, {"id": 26, "text": "5.75", "label": "others", "box": [439, 573, 488, 551], "linking": []}, {"id": 27, "text": "GBP 4.79", "label": "others", "box": [396, 600, 489, 578], "linking": []}, {"id": 28, "text": "GBP 8.50", "label": "total amount", "box": [397, 629, 490, 606], "linking": []}, {"id": 29, "text": "GBP 8.50", "label": "total amount", "box": [397, 657, 492, 635], "linking": []}, {"id": 30, "text": " GBP 0.00", "label": "others", "box": [160, 683, 257, 658], "linking": []}, {"id": 31, "text": "Check Closed", "label": "others", "box": [181, 745, 329, 715], "linking": []}, {"id": 32, "text": " 10 Nov'19 18:34 PM", "label": "others", "box": [151, 778, 366, 742], "linking": []}, {"id": 33, "text": "Tell us how we did today.", "label": "others", "box": [101, 843, 400, 799], "linking": []}, {"id": 34, "text": "Visit www.mynerovisit.com", "label": "others", "box": [100, 872, 403, 829], "linking": []}]