[{"id": 0, "text": "merchant name", "label": "others", "box": [826, 886, 1047, 850], "linking": []}, {"id": 1, "text": "merchant address", "label": "others", "box": [808, 919, 1080, 884], "linking": []}, {"id": 2, "text": "merchant address", "label": "others", "box": [815, 949, 866, 920], "linking": []}, {"id": 3, "text": "merchant phone", "label": "others", "box": [862, 983, 1027, 952], "linking": []}, {"id": 4, "text": "merchant address", "label": "others", "box": [870, 953, 1068, 921], "linking": []}, {"id": 5, "text": "Check 293/2", "label": "others", "box": [671, 1047, 831, 1016], "linking": []}, {"id": 6, "text": "11/19/19-A", "label": "others", "box": [871, 1050, 1021, 1016], "linking": []}, {"id": 7, "text": " 5:59pm", "label": "others", "box": [1046, 1053, 1208, 1019], "linking": []}, {"id": 8, "text": "Table 43", "label": "others", "box": [1072, 1082, 1204, 1054], "linking": []}, {"id": 9, "text": " 1", "label": "e quantity", "box": [677, 1145, 682, 1117], "linking": []}, {"id": 10, "text": " 1", "label": "e quantity", "box": [672, 1179, 680, 1150], "linking": []}, {"id": 11, "text": " ..", "label": "others", "box": [686, 1145, 706, 1117], "linking": []}, {"id": 12, "text": " ..", "label": "others", "box": [686, 1180, 703, 1150], "linking": []}, {"id": 13, "text": " ..", "label": "others", "box": [686, 1212, 704, 1183], "linking": []}, {"id": 14, "text": "1 .. Dragon Fly", "label": "0 description beginning", "box": [678, 1247, 856, 1214], "linking": []}, {"id": 15, "text": " 1", "label": "e quantity", "box": [676, 1279, 680, 1249], "linking": []}, {"id": 16, "text": "2 .. Prosecco Glass", "label": "0 description beginning", "box": [678, 1311, 908, 1280], "linking": []}, {"id": 17, "text": " 1", "label": "e quantity", "box": [673, 1345, 680, 1314], "linking": []}, {"id": 18, "text": " Edamame", "label": "0 description beginning", "box": [710, 1145, 813, 1117], "linking": []}, {"id": 19, "text": " CR Spicy Tuna Roll", "label": "0 description beginning", "box": [709, 1182, 957, 1149], "linking": []}, {"id": 20, "text": " Hamachi Lover", "label": "0 description beginning", "box": [709, 1214, 885, 1183], "linking": []}, {"id": 21, "text": "6.00", "label": "5 total price per item", "box": [1152, 1146, 1205, 1118], "linking": []}, {"id": 22, "text": "8.00", "label": "5 total price per item", "box": [1150, 1181, 1206, 1153], "linking": []}, {"id": 23, "text": "18.95", "label": "5 total price per item", "box": [1148, 1213, 1213, 1186], "linking": []}, {"id": 24, "text": "18.95", "label": "5 total price per item", "box": [1149, 1246, 1213, 1219], "linking": []}, {"id": 25, "text": "18.95", "label": "5 total price per item", "box": [1148, 1281, 1211, 1252], "linking": []}, {"id": 26, "text": "22.00", "label": "5 total price per item", "box": [1141, 1312, 1212, 1285], "linking": []}, {"id": 27, "text": "12.00", "label": "5 total price per item", "box": [1146, 1347, 1211, 1317], "linking": []}, {"id": 28, "text": " 1", "label": "e quantity", "box": [680, 1212, 683, 1183], "linking": []}, {"id": 29, "text": " ..", "label": "others", "box": [686, 1279, 705, 1249], "linking": []}, {"id": 30, "text": " Goldman Roll", "label": "0 description beginning", "box": [710, 1279, 877, 1249], "linking": []}, {"id": 31, "text": " ..", "label": "others", "box": [686, 1346, 704, 1315], "linking": []}, {"id": 32, "text": " Hana Fuga Peach", "label": "0 description beginning", "box": [710, 1347, 917, 1315], "linking": []}, {"id": 33, "text": "Items", "label": "others", "box": [931, 1411, 1000, 1380], "linking": []}, {"id": 34, "text": "Tax", "label": "others", "box": [950, 1443, 1000, 1415], "linking": []}, {"id": 35, "text": "Subtotal", "label": "others", "box": [879, 1478, 995, 1447], "linking": []}, {"id": 36, "text": "104.85", "label": "others", "box": [1130, 1411, 1215, 1382], "linking": []}, {"id": 37, "text": "9.31", "label": "2 tax total", "box": [1151, 1442, 1206, 1416], "linking": []}, {"id": 38, "text": "114.16", "label": "sub total", "box": [1132, 1479, 1213, 1448], "linking": []}, {"id": 39, "text": "AMERICAN EXPRESS", "label": "others", "box": [779, 1542, 1001, 1512], "linking": []}, {"id": 40, "text": "57.08", "label": "others", "box": [1074, 1546, 1216, 1513], "linking": []}, {"id": 41, "text": "Tip", "label": "others", "box": [954, 1643, 1002, 1611], "linking": []}, {"id": 42, "text": "1 2 . 20", "label": "3 tip", "box": [1093, 1651, 1182, 1591], "linking": []}, {"id": 43, "text": "49. 08", "label": "total amount", "box": [1020, 1761, 1207, 1684], "linking": []}, {"id": 44, "text": " 02.66122742 AMEX*3007 Chp", "label": "others", "box": [678, 1807, 1024, 1773], "linking": []}, {"id": 45, "text": " 11-19-2019 18:51:40 SIG", "label": "others", "box": [703, 1840, 1015, 1809], "linking": []}, {"id": 46, "text": "AMERICAN EXPRESS", "label": "others", "box": [702, 1872, 917, 1841], "linking": []}, {"id": 47, "text": " 0000008000/F800", "label": "others", "box": [705, 1907, 919, 1874], "linking": []}, {"id": 48, "text": "TOTA", "label": "others", "box": [929, 1741, 989, 1710], "linking": []}, {"id": 49, "text": "57.08", "label": "others", "box": [1146, 1839, 1216, 1812], "linking": []}, {"id": 50, "text": "A000000025010801", "label": "others", "box": [998, 1873, 1217, 1844], "linking": []}, {"id": 51, "text": " 0658010360A002/879/14", "label": "others", "box": [928, 1908, 1214, 1876], "linking": []}, {"id": 52, "text": "Customer Copy", "label": "others", "box": [773, 1976, 1117, 1939], "linking": []}, {"id": 53, "text": "Cardholder agrees to pay the above TOTAL", "label": "others", "box": [676, 2038, 1217, 2004], "linking": []}, {"id": 54, "text": "amount according to issuer agreement.", "label": "others", "box": [704, 2070, 1200, 2039], "linking": []}, {"id": 55, "text": "Thank You", "label": "others", "box": [895, 2137, 1017, 2103], "linking": []}, {"id": 56, "text": "Please Come Again.", "label": "others", "box": [825, 2170, 1069, 2136], "linking": []}]