[{"id": 0, "text": "SSP", "label": "others", "box": [265, 136, 306, 113], "linking": []}, {"id": 1, "text": "merchant name", "label": "others", "box": [252, 163, 430, 140], "linking": []}, {"id": 2, "text": "merchant address", "label": "others", "box": [193, 188, 498, 165], "linking": []}, {"id": 3, "text": "merchant address", "label": "others", "box": [279, 213, 410, 190], "linking": []}, {"id": 4, "text": "America", "label": "others", "box": [332, 137, 429, 114], "linking": []}, {"id": 5, "text": " 1455 Jaylen", "label": "others", "box": [145, 267, 303, 243], "linking": []}, {"id": 6, "text": " L", "label": "others", "box": [307, 267, 322, 242], "linking": []}, {"id": 7, "text": " Chk 3795 Nov04'19 12:57P", "label": "others", "box": [136, 318, 460, 294], "linking": []}, {"id": 8, "text": "Gst", "label": "others", "box": [479, 317, 529, 295], "linking": []}, {"id": 9, "text": "0", "label": "others", "box": [547, 316, 564, 295], "linking": []}, {"id": 10, "text": " ** TO", "label": "others", "box": [192, 365, 289, 345], "linking": []}, {"id": 11, "text": " WUW EggChs", "label": "0 description beginning", "box": [188, 392, 324, 369], "linking": []}, {"id": 12, "text": " WUW EggChs", "label": "0 description beginning", "box": [189, 417, 326, 394], "linking": []}, {"id": 13, "text": "NO CHEESE BOTH", "label": "1 description inside", "box": [191, 440, 381, 417], "linking": []}, {"id": 14, "text": "spec prep", "label": "1 description inside", "box": [219, 465, 338, 446], "linking": []}, {"id": 15, "text": " Donut", "label": "0 description beginning", "box": [188, 491, 260, 468], "linking": []}, {"id": 16, "text": " L", "label": "0 description beginning", "box": [188, 515, 210, 493], "linking": []}, {"id": 17, "text": "XXXXXXXXXXXXXXX2789", "label": "others", "box": [177, 539, 436, 516], "linking": []}, {"id": 18, "text": "Master Card", "label": "others", "box": [192, 565, 341, 543], "linking": []}, {"id": 19, "text": " GO **", "label": "others", "box": [325, 365, 428, 345], "linking": []}, {"id": 20, "text": " 1", "label": "e quantity", "box": [166, 390, 183, 371], "linking": []}, {"id": 21, "text": " 1", "label": "e quantity", "box": [166, 413, 181, 395], "linking": []}, {"id": 22, "text": "1.49", "label": "5 total price per item", "box": [474, 391, 526, 368], "linking": []}, {"id": 23, "text": "1.49", "label": "5 total price per item", "box": [475, 415, 527, 392], "linking": []}, {"id": 24, "text": " 2", "label": "e quantity", "box": [163, 491, 184, 468], "linking": []}, {"id": 25, "text": " 1", "label": "e quantity", "box": [165, 515, 185, 493], "linking": []}, {"id": 26, "text": "2.38", "label": "5 total price per item", "box": [474, 490, 527, 466], "linking": []}, {"id": 27, "text": "2.69", "label": "5 total price per item", "box": [474, 513, 527, 491], "linking": []}, {"id": 28, "text": " Coffee Orig", "label": "1 description inside", "box": [215, 516, 367, 493], "linking": []}, {"id": 29, "text": "8.74", "label": "others", "box": [474, 564, 528, 541], "linking": []}, {"id": 30, "text": "Food", "label": "others", "box": [193, 614, 249, 592], "linking": []}, {"id": 31, "text": "NA Bev", "label": "others", "box": [193, 638, 276, 617], "linking": []}, {"id": 32, "text": "Tax", "label": "others", "box": [195, 662, 239, 642], "linking": []}, {"id": 33, "text": "Payment", "label": "others", "box": [195, 688, 288, 666], "linking": []}, {"id": 34, "text": "5.36", "label": "others", "box": [475, 613, 528, 589], "linking": []}, {"id": 35, "text": "2.69", "label": "others", "box": [476, 636, 528, 615], "linking": []}, {"id": 36, "text": "0.69", "label": "2 tax total", "box": [475, 660, 528, 638], "linking": []}, {"id": 37, "text": "8.74", "label": "total amount", "box": [476, 685, 530, 663], "linking": []}, {"id": 38, "text": "Gratuity Not Included", "label": "others", "box": [221, 740, 504, 712], "linking": []}, {"id": 39, "text": "Gratuidad No Incluida", "label": "others", "box": [221, 789, 505, 764], "linking": []}, {"id": 40, "text": " $500 Amazon Gift Card", "label": "others", "box": [258, 815, 548, 789], "linking": []}, {"id": 41, "text": " us", "label": "others", "box": [515, 838, 546, 816], "linking": []}, {"id": 42, "text": "about your visit and enter", "label": "others", "box": [181, 867, 531, 842], "linking": []}, {"id": 43, "text": "our prize draw", "label": "others", "box": [234, 891, 428, 869], "linking": []}, {"id": 44, "text": "See website for T&C", "label": "others", "box": [221, 918, 480, 891], "linking": []}, {"id": 45, "text": "www.eatonthemove.com/US", "label": "others", "box": [207, 943, 521, 918], "linking": []}, {"id": 46, "text": "-----", "label": "others", "box": [514, 961, 573, 949], "linking": []}, {"id": 47, "text": " Win", "label": "others", "box": [168, 815, 213, 792], "linking": []}, {"id": 48, "text": " Go to the website to tell", "label": "others", "box": [169, 841, 512, 817], "linking": []}, {"id": 49, "text": " a", "label": "others", "box": [219, 815, 242, 792], "linking": []}, {"id": 50, "text": " LOCATION:", "label": "others", "box": [249, 993, 379, 970], "linking": []}, {"id": 51, "text": " 6301060", "label": "others", "box": [382, 991, 480, 969], "linking": []}, {"id": 52, "text": "merchant phone", "label": "others", "box": [167, 1041, 550, 1013], "linking": []}]