[{"id": 0, "text": "merchant name", "label": "others", "box": [151, 37, 254, 22], "linking": []}, {"id": 1, "text": "merchant address", "label": "others", "box": [65, 52, 337, 34], "linking": []}, {"id": 2, "text": "Merchant ID", "label": "others", "box": [50, 79, 156, 65], "linking": []}, {"id": 3, "text": " Terminal", "label": "others", "box": [50, 94, 131, 80], "linking": []}, {"id": 4, "text": "Check No", "label": "others", "box": [46, 107, 125, 94], "linking": []}, {"id": 5, "text": "Table No", "label": "others", "box": [46, 122, 122, 108], "linking": []}, {"id": 6, "text": "Server", "label": "others", "box": [41, 137, 102, 125], "linking": []}, {"id": 7, "text": " Name on Card:", "label": "others", "box": [40, 154, 173, 139], "linking": []}, {"id": 8, "text": "Acct Num", "label": "others", "box": [38, 171, 116, 156], "linking": []}, {"id": 9, "text": "Expiry Date", "label": "others", "box": [38, 191, 152, 172], "linking": []}, {"id": 10, "text": "Card Type", "label": "others", "box": [39, 209, 130, 192], "linking": []}, {"id": 11, "text": "Trans Type", "label": "others", "box": [41, 227, 139, 211], "linking": []}, {"id": 12, "text": "Trans Date", "label": "others", "box": [38, 246, 141, 229], "linking": []}, {"id": 13, "text": "Trans Time", "label": "others", "box": [40, 265, 140, 248], "linking": []}, {"id": 14, "text": "Entry Mode", "label": "others", "box": [41, 283, 140, 267], "linking": []}, {"id": 15, "text": "Auth Code", "label": "others", "box": [40, 302, 130, 285], "linking": []}, {"id": 16, "text": "Resp Code", "label": "others", "box": [41, 320, 131, 304], "linking": []}, {"id": 17, "text": "Mode", "label": "others", "box": [42, 338, 81, 323], "linking": []}, {"id": 18, "text": "App Label", "label": "others", "box": [41, 358, 130, 341], "linking": []}, {"id": 19, "text": "AID", "label": "others", "box": [43, 374, 72, 359], "linking": []}, {"id": 20, "text": "ARC", "label": "others", "box": [46, 391, 73, 376], "linking": []}, {"id": 21, "text": "TVR", "label": "others", "box": [47, 408, 78, 393], "linking": []}, {"id": 22, "text": "TSI", "label": "others", "box": [49, 422, 78, 409], "linking": []}, {"id": 23, "text": "IAD", "label": "others", "box": [49, 440, 78, 424], "linking": []}, {"id": 24, "text": " ID", "label": "others", "box": [136, 94, 154, 80], "linking": []}, {"id": 25, "text": "337953", "label": "others", "box": [183, 93, 242, 79], "linking": []}, {"id": 26, "text": "7669", "label": "others", "box": [182, 107, 222, 94], "linking": []}, {"id": 27, "text": "3/1", "label": "others", "box": [180, 122, 211, 108], "linking": []}, {"id": 28, "text": "414172 Katherin", "label": "others", "box": [174, 137, 332, 122], "linking": []}, {"id": 29, "text": "XXXXXXXXXXXX1009", "label": "others", "box": [171, 169, 344, 151], "linking": []}, {"id": 30, "text": "AMEX", "label": "others", "box": [170, 207, 221, 189], "linking": []}, {"id": 31, "text": " : AUTHORIZE", "label": "others", "box": [159, 226, 272, 208], "linking": []}, {"id": 32, "text": " : 11/5/2019", "label": "others", "box": [159, 245, 275, 227], "linking": []}, {"id": 33, "text": " 9:12 AM", "label": "others", "box": [178, 264, 251, 248], "linking": []}, {"id": 34, "text": "Chip", "label": "others", "box": [179, 283, 221, 266], "linking": []}, {"id": 35, "text": "809654", "label": "others", "box": [179, 301, 240, 285], "linking": []}, {"id": 36, "text": "00", "label": "others", "box": [180, 319, 202, 303], "linking": []}, {"id": 37, "text": "Issuer", "label": "others", "box": [180, 338, 239, 323], "linking": []}, {"id": 38, "text": "AMERICAN EXPRESS", "label": "others", "box": [179, 356, 343, 340], "linking": []}, {"id": 39, "text": "A000000025010801", "label": "others", "box": [182, 374, 340, 358], "linking": []}, {"id": 40, "text": "00", "label": "others", "box": [182, 390, 201, 376], "linking": []}, {"id": 41, "text": "0000008000", "label": "others", "box": [178, 407, 280, 392], "linking": []}, {"id": 42, "text": "F800", "label": "others", "box": [183, 422, 222, 408], "linking": []}, {"id": 43, "text": "06590103603002", "label": "others", "box": [181, 441, 320, 424], "linking": []}, {"id": 44, "text": "CavoM erit no bood prillos?", "label": "others", "box": [61, 476, 336, 455], "linking": []}, {"id": 45, "text": "00", "label": "others", "box": [40, 535, 66, 518], "linking": []}, {"id": 46, "text": " APPROVED", "label": "others", "box": [98, 537, 185, 519], "linking": []}, {"id": 47, "text": " -", "label": "others", "box": [189, 538, 206, 520], "linking": []}, {"id": 48, "text": " THANK YOU", "label": "others", "box": [211, 538, 309, 520], "linking": []}, {"id": 49, "text": "000", "label": "others", "box": [333, 538, 366, 520], "linking": []}, {"id": 50, "text": "SUBTOTAL", "label": "others", "box": [39, 633, 119, 615], "linking": []}, {"id": 51, "text": "USD$", "label": "others", "box": [178, 639, 222, 620], "linking": []}, {"id": 52, "text": "23.96", "label": "total amount", "box": [315, 640, 370, 622], "linking": []}]