[{"id": 0, "text": "merchant name", "label": "others", "box": [764, 414, 1209, 369], "linking": []}, {"id": 1, "text": "merchant address", "label": "others", "box": [857, 476, 1116, 441], "linking": []}, {"id": 2, "text": "merchant address", "label": "others", "box": [871, 442, 1089, 407], "linking": []}, {"id": 3, "text": " Served by:", "label": "others", "box": [735, 503, 882, 470], "linking": []}, {"id": 4, "text": "Term ID-Trans# 1/A-299127", "label": "others", "box": [816, 544, 1152, 504], "linking": []}, {"id": 5, "text": "Qty Size Item", "label": "others", "box": [687, 601, 870, 566], "linking": []}, {"id": 6, "text": " 1235 11/5/2019 6:28:57 pm", "label": "others", "box": [887, 515, 1231, 473], "linking": []}, {"id": 7, "text": "merchant name", "label": "others", "box": [58, 581, 513, 547], "linking": []}, {"id": 8, "text": "merchant address", "label": "others", "box": [94, 612, 204, 582], "linking": []}, {"id": 9, "text": "merchant address", "label": "others", "box": [162, 644, 416, 613], "linking": []}, {"id": 10, "text": " Served by:", "label": "others", "box": [55, 679, 193, 645], "linking": []}, {"id": 11, "text": "Term ID-Trans# 1/A-375335", "label": "others", "box": [114, 711, 457, 678], "linking": []}, {"id": 12, "text": "merchant address", "label": "others", "box": [213, 613, 463, 583], "linking": []}, {"id": 13, "text": "Price", "label": "others", "box": [1163, 611, 1238, 580], "linking": []}, {"id": 14, "text": " 07 11/4/2019 1:17:23 pm", "label": "others", "box": [198, 680, 520, 645], "linking": []}, {"id": 15, "text": " 1", "label": "e quantity", "box": [714, 662, 740, 635], "linking": []}, {"id": 16, "text": "1", "label": "e quantity", "box": [715, 687, 727, 667], "linking": []}, {"id": 17, "text": " 12\" Veggie Patty Sub", "label": "0 description beginning", "box": [754, 672, 1034, 635], "linking": []}, {"id": 18, "text": "7.35", "label": "5 total price per item", "box": [1181, 677, 1235, 646], "linking": []}, {"id": 19, "text": "-Fresh Value Meal (20/21- 3.19", "label": "1 description inside", "box": [824, 712, 1232, 668], "linking": []}, {"id": 20, "text": "- - Chips", "label": "1 description inside", "box": [816, 767, 936, 730], "linking": []}, {"id": 21, "text": "-Bottled Juice", "label": "1 description inside", "box": [848, 737, 1041, 701], "linking": []}, {"id": 22, "text": "ty Size Item", "label": "others", "box": [5, 777, 175, 746], "linking": []}, {"id": 23, "text": "Price", "label": "others", "box": [468, 776, 545, 746], "linking": []}, {"id": 24, "text": "Bottled Juice", "label": "0 description beginning", "box": [799, 801, 986, 764], "linking": []}, {"id": 25, "text": "3 Cookies", "label": "0 description beginning", "box": [801, 831, 928, 800], "linking": []}, {"id": 26, "text": "1", "label": "e quantity", "box": [706, 815, 728, 792], "linking": []}, {"id": 27, "text": "2.39", "label": "5 total price per item", "box": [1167, 810, 1231, 778], "linking": []}, {"id": 28, "text": "1.69", "label": "5 total price per item", "box": [1167, 841, 1230, 811], "linking": []}, {"id": 29, "text": "---", "label": "e quantity", "box": [22, 907, 38, 812], "linking": []}, {"id": 30, "text": "Sub Total", "label": "others", "box": [0, 978, 125, 945], "linking": []}, {"id": 31, "text": "eneral Sales Tax (8.6%)", "label": "others", "box": [2, 1014, 326, 979], "linking": []}, {"id": 32, "text": "otal (Eat In)", "label": "others", "box": [7, 1046, 188, 1013], "linking": []}, {"id": 33, "text": "Credit Card", "label": "others", "box": [0, 1077, 153, 1047], "linking": []}, {"id": 34, "text": "Change", "label": "others", "box": [0, 1111, 83, 1080], "linking": []}, {"id": 35, "text": " all us", "label": "others", "box": [2, 1145, 93, 1116], "linking": []}, {"id": 36, "text": "hone (800)888-4848", "label": "others", "box": [5, 1178, 257, 1146], "linking": []}, {"id": 37, "text": " 860318", "label": "others", "box": [234, 1211, 329, 1179], "linking": []}, {"id": 38, "text": " 5tGB001572898642047", "label": "others", "box": [234, 1245, 506, 1213], "linking": []}, {"id": 39, "text": " Amex", "label": "others", "box": [235, 1278, 300, 1248], "linking": []}, {"id": 40, "text": " ************ 1007", "label": "others", "box": [235, 1308, 460, 1280], "linking": []}, {"id": 41, "text": " ICC", "label": "others", "box": [236, 1344, 279, 1313], "linking": []}, {"id": 42, "text": " $10.09", "label": "total amount", "box": [235, 1378, 330, 1347], "linking": []}, {"id": 43, "text": " AMERICAN EXPRESS", "label": "others", "box": [234, 1412, 460, 1380], "linking": []}, {"id": 44, "text": " A00000002501", "label": "others", "box": [235, 1444, 406, 1413], "linking": []}, {"id": 45, "text": " 5029166097", "label": "others", "box": [233, 1477, 378, 1445], "linking": []}, {"id": 46, "text": " 75285743", "label": "others", "box": [236, 1511, 349, 1479], "linking": []}, {"id": 47, "text": " 11/04/2019 13:17:22", "label": "others", "box": [236, 1546, 503, 1513], "linking": []}, {"id": 48, "text": "APPROVED", "label": "others", "box": [171, 1576, 284, 1546], "linking": []}, {"id": 49, "text": "Chips", "label": "0 description beginning", "box": [116, 843, 191, 813], "linking": []}, {"id": 50, "text": "Soup RTU 8oz Soup", "label": "0 description beginning", "box": [114, 879, 354, 844], "linking": []}, {"id": 51, "text": "6\" Veggie Patty Sub", "label": "0 description beginning", "box": [71, 910, 339, 878], "linking": []}, {"id": 52, "text": "1.25", "label": "5 total price per item", "box": [485, 847, 546, 815], "linking": []}, {"id": 53, "text": "2.75", "label": "5 total price per item", "box": [481, 876, 543, 848], "linking": []}, {"id": 54, "text": "5.29", "label": "5 total price per item", "box": [484, 908, 543, 881], "linking": []}, {"id": 55, "text": "Sub Total", "label": "others", "box": [677, 894, 799, 859], "linking": []}, {"id": 56, "text": "General Sales Tax (8.6%)", "label": "others", "box": [673, 935, 1005, 893], "linking": []}, {"id": 57, "text": "Credit Card", "label": "others", "box": [673, 994, 830, 961], "linking": []}, {"id": 58, "text": "Change", "label": "others", "box": [675, 1027, 760, 994], "linking": []}, {"id": 59, "text": "Call us with your Comments", "label": "others", "box": [670, 1067, 1032, 1026], "linking": []}, {"id": 60, "text": " Approval No:", "label": "others", "box": [735, 1131, 907, 1095], "linking": []}, {"id": 61, "text": "14.62", "label": "sub total", "box": [1154, 909, 1230, 875], "linking": []}, {"id": 62, "text": "1.26", "label": "2 tax total", "box": [1172, 944, 1227, 912], "linking": []}, {"id": 63, "text": "15.88", "label": "total amount", "box": [1156, 974, 1224, 945], "linking": []}, {"id": 64, "text": "15.88", "label": "others", "box": [1151, 1005, 1221, 977], "linking": []}, {"id": 65, "text": "0.00", "label": "others", "box": [1163, 1040, 1222, 1010], "linking": []}, {"id": 66, "text": "Total (Eat In)", "label": "others", "box": [676, 964, 877, 927], "linking": []}, {"id": 67, "text": "9.29", "label": "sub total", "box": [484, 976, 548, 946], "linking": []}, {"id": 68, "text": "0.80", "label": "2 tax total", "box": [484, 1012, 545, 980], "linking": []}, {"id": 69, "text": "10.09", "label": "total amount", "box": [478, 1044, 547, 1015], "linking": []}, {"id": 70, "text": "10.09", "label": "others", "box": [471, 1078, 547, 1048], "linking": []}, {"id": 71, "text": "0.00", "label": "others", "box": [482, 1110, 544, 1080], "linking": []}, {"id": 72, "text": "Phone (480)222-6226", "label": "others", "box": [667, 1096, 934, 1060], "linking": []}, {"id": 73, "text": " 855755", "label": "others", "box": [911, 1134, 999, 1099], "linking": []}, {"id": 74, "text": " 5YRy001573003739057", "label": "others", "box": [908, 1171, 1176, 1132], "linking": []}, {"id": 75, "text": " ************ 1007", "label": "others", "box": [908, 1235, 1134, 1198], "linking": []}, {"id": 76, "text": " with your Comments", "label": "others", "box": [98, 1144, 355, 1115], "linking": []}, {"id": 77, "text": " Reference No:", "label": "others", "box": [724, 1164, 904, 1127], "linking": []}, {"id": 78, "text": " Card Issuer:", "label": "others", "box": [731, 1195, 904, 1161], "linking": []}, {"id": 79, "text": " Account No:", "label": "others", "box": [746, 1228, 905, 1196], "linking": []}, {"id": 80, "text": " Acquired:", "label": "others", "box": [772, 1262, 903, 1229], "linking": []}, {"id": 81, "text": " Amount:", "label": "others", "box": [796, 1294, 901, 1263], "linking": []}, {"id": 82, "text": " Application:", "label": "others", "box": [729, 1328, 900, 1293], "linking": []}, {"id": 83, "text": " AID:", "label": "others", "box": [838, 1359, 899, 1329], "linking": []}, {"id": 84, "text": " MID:", "label": "others", "box": [834, 1391, 896, 1360], "linking": []}, {"id": 85, "text": " TID:", "label": "others", "box": [837, 1425, 898, 1393], "linking": []}, {"id": 86, "text": " Date/Time:", "label": "others", "box": [754, 1460, 898, 1424], "linking": []}, {"id": 87, "text": "APPROVED", "label": "others", "box": [830, 1492, 949, 1461], "linking": []}, {"id": 88, "text": " Amex", "label": "others", "box": [908, 1198, 970, 1165], "linking": []}, {"id": 89, "text": " Approval No:", "label": "others", "box": [59, 1213, 229, 1180], "linking": []}, {"id": 90, "text": " Reference No:", "label": "others", "box": [47, 1246, 229, 1213], "linking": []}, {"id": 91, "text": " Card Issuer:", "label": "others", "box": [62, 1278, 231, 1248], "linking": []}, {"id": 92, "text": " Account No:", "label": "others", "box": [72, 1313, 231, 1281], "linking": []}, {"id": 93, "text": " Acquired:", "label": "others", "box": [104, 1344, 230, 1313], "linking": []}, {"id": 94, "text": " Amount:", "label": "others", "box": [131, 1377, 230, 1346], "linking": []}, {"id": 95, "text": " Application:", "label": "others", "box": [60, 1411, 228, 1379], "linking": []}, {"id": 96, "text": " AID:", "label": "others", "box": [176, 1443, 230, 1412], "linking": []}, {"id": 97, "text": " MID:", "label": "others", "box": [166, 1477, 227, 1445], "linking": []}, {"id": 98, "text": " TID:", "label": "others", "box": [177, 1511, 231, 1478], "linking": []}, {"id": 99, "text": " Date/Time:", "label": "others", "box": [87, 1546, 231, 1513], "linking": []}, {"id": 100, "text": " ICC", "label": "others", "box": [907, 1263, 955, 1231], "linking": []}, {"id": 101, "text": " $15.88", "label": "total amount", "box": [904, 1294, 1001, 1264], "linking": []}, {"id": 102, "text": " AMERICAN EXPRESS", "label": "others", "box": [905, 1334, 1130, 1295], "linking": []}, {"id": 103, "text": " 5020316147", "label": "others", "box": [901, 1395, 1045, 1362], "linking": []}, {"id": 104, "text": " 75205750", "label": "others", "box": [903, 1428, 1018, 1395], "linking": []}, {"id": 105, "text": " 11/05/2019 18:28:59", "label": "others", "box": [902, 1467, 1164, 1427], "linking": []}, {"id": 106, "text": " A00000002501", "label": "others", "box": [902, 1365, 1072, 1330], "linking": []}, {"id": 107, "text": "uns", "label": "others", "box": [1257, 1415, 1290, 1392], "linking": []}, {"id": 108, "text": "CUSTOMER COPY", "label": "others", "box": [828, 1593, 1012, 1556], "linking": []}, {"id": 109, "text": "CUSTOMER COPY", "label": "others", "box": [173, 1676, 349, 1646], "linking": []}, {"id": 110, "text": " Host Order ID:", "label": "others", "box": [649, 1688, 845, 1652], "linking": []}, {"id": 111, "text": " 3315730037391379", "label": "others", "box": [849, 1694, 1081, 1657], "linking": []}, {"id": 112, "text": "Lettuce know how we did today at", "label": "others", "box": [650, 1765, 1096, 1718], "linking": []}, {"id": 113, "text": "you a sweet offer.", "label": "others", "box": [641, 1819, 895, 1786], "linking": []}, {"id": 114, "text": " lost Order ID:", "label": "others", "box": [1, 1779, 187, 1745], "linking": []}, {"id": 115, "text": " 6615728986401926", "label": "others", "box": [192, 1778, 421, 1745], "linking": []}, {"id": 116, "text": "global.subway.com and we'll send", "label": "others", "box": [649, 1795, 1090, 1752], "linking": []}, {"id": 117, "text": "ettuce know how we did today at", "label": "others", "box": [6, 1844, 432, 1811], "linking": []}, {"id": 118, "text": "global.subway.com and we'll send", "label": "others", "box": [0, 1877, 436, 1844], "linking": []}, {"id": 119, "text": "you a sweet offer.", "label": "others", "box": [1, 1911, 247, 1879], "linking": []}, {"id": 120, "text": "receipt powered by mobivity", "label": "others", "box": [682, 1916, 1189, 1861], "linking": []}]