[{"id": 0, "text": "11/18/2019", "label": "others", "box": [111, 124, 219, 100], "linking": []}, {"id": 1, "text": " 10:59", "label": "others", "box": [409, 127, 463, 107], "linking": []}, {"id": 2, "text": "=====", "label": "others", "box": [410, 149, 462, 136], "linking": []}, {"id": 3, "text": "ABP D-44", "label": "others", "box": [234, 178, 324, 153], "linking": []}, {"id": 4, "text": " 4412262", "label": "others", "box": [175, 205, 257, 178], "linking": []}, {"id": 5, "text": " MARYANGELA", "label": "others", "box": [183, 231, 299, 207], "linking": []}, {"id": 6, "text": " Terminal:", "label": "others", "box": [98, 260, 199, 235], "linking": []}, {"id": 7, "text": " Check:", "label": "others", "box": [103, 206, 170, 178], "linking": []}, {"id": 8, "text": " Server:", "label": "others", "box": [99, 232, 179, 208], "linking": []}, {"id": 9, "text": " 441", "label": "others", "box": [204, 257, 240, 235], "linking": []}, {"id": 10, "text": "Regular Check", "label": "others", "box": [202, 312, 346, 288], "linking": []}, {"id": 11, "text": " ABP, Chicken Mar", "label": "0 description beginning", "box": [175, 342, 358, 314], "linking": []}, {"id": 12, "text": "Ciabatta Bread", "label": "1 description inside", "box": [173, 368, 336, 341], "linking": []}, {"id": 13, "text": "1 Amer Coffee Reg", "label": "0 description beginning", "box": [157, 396, 343, 370], "linking": []}, {"id": 14, "text": " 1", "label": "e quantity", "box": [160, 342, 169, 314], "linking": []}, {"id": 15, "text": "8.69", "label": "5 total price per item", "box": [405, 337, 454, 313], "linking": []}, {"id": 16, "text": "2.49", "label": "5 total price per item", "box": [403, 392, 451, 368], "linking": []}, {"id": 17, "text": "Subtotal", "label": "others", "box": [195, 450, 283, 425], "linking": []}, {"id": 18, "text": "Tax", "label": "others", "box": [249, 476, 283, 454], "linking": []}, {"id": 19, "text": "Tip", "label": "others", "box": [246, 504, 280, 482], "linking": []}, {"id": 20, "text": "Total", "label": "others", "box": [223, 531, 279, 508], "linking": []}, {"id": 21, "text": "11.18", "label": "sub total", "box": [369, 446, 425, 424], "linking": []}, {"id": 22, "text": "0.91", "label": "2 tax total", "box": [378, 473, 420, 451], "linking": []}, {"id": 23, "text": "1.00", "label": "3 tip", "box": [378, 501, 421, 479], "linking": []}, {"id": 24, "text": "13.09", "label": "total amount", "box": [366, 529, 420, 505], "linking": []}, {"id": 25, "text": "Amex EMV", "label": "others", "box": [74, 619, 165, 592], "linking": []}, {"id": 26, "text": "13.09", "label": "others", "box": [380, 613, 437, 585], "linking": []}, {"id": 27, "text": " GARNER/AT", "label": "others", "box": [286, 644, 392, 614], "linking": []}, {"id": 28, "text": "AMERICAN EXPRESS", "label": "others", "box": [158, 672, 335, 644], "linking": []}, {"id": 29, "text": " Signature", "label": "others", "box": [143, 700, 247, 675], "linking": []}, {"id": 30, "text": " Chip", "label": "others", "box": [216, 727, 267, 702], "linking": []}, {"id": 31, "text": " Issuer", "label": "others", "box": [206, 755, 276, 731], "linking": []}, {"id": 32, "text": " A000000025010801", "label": "others", "box": [138, 784, 317, 757], "linking": []}, {"id": 33, "text": " 0000008000", "label": "others", "box": [136, 812, 249, 786], "linking": []}, {"id": 34, "text": " 06490103602002", "label": "others", "box": [133, 840, 293, 814], "linking": []}, {"id": 35, "text": " F800", "label": "others", "box": [131, 868, 180, 845], "linking": []}, {"id": 36, "text": " 00", "label": "others", "box": [129, 896, 156, 873], "linking": []}, {"id": 37, "text": " XXXXXXXXXXX1002", "label": "others", "box": [92, 649, 261, 616], "linking": []}, {"id": 38, "text": " -", "label": "others", "box": [266, 644, 281, 616], "linking": []}, {"id": 39, "text": " CVM:", "label": "others", "box": [91, 701, 139, 677], "linking": []}, {"id": 40, "text": " Entry Mode:", "label": "others", "box": [89, 730, 212, 703], "linking": []}, {"id": 41, "text": " Auth Mode:", "label": "others", "box": [84, 757, 202, 732], "linking": []}, {"id": 42, "text": " AID:", "label": "others", "box": [86, 784, 133, 760], "linking": []}, {"id": 43, "text": " TVR:", "label": "others", "box": [86, 813, 131, 789], "linking": []}, {"id": 44, "text": " IAD:", "label": "others", "box": [82, 840, 129, 817], "linking": []}, {"id": 45, "text": " TSI:", "label": "others", "box": [80, 868, 127, 845], "linking": []}, {"id": 46, "text": " ARC:", "label": "others", "box": [80, 896, 126, 873], "linking": []}, {"id": 47, "text": "GRAND TOTAL", "label": "others", "box": [129, 951, 252, 927], "linking": []}, {"id": 48, "text": "13.09", "label": "others", "box": [354, 950, 411, 926], "linking": []}, {"id": 49, "text": " T441 C12751 11/18/2019 10:59", "label": "others", "box": [53, 1035, 358, 1006], "linking": []}, {"id": 50, "text": "=======", "label": "others", "box": [334, 1055, 413, 1043], "linking": []}]