[{"id": 0, "text": "Thank You For Visiting the", "label": "others", "box": [172, 131, 506, 100], "linking": []}, {"id": 1, "text": "merchant name", "label": "others", "box": [220, 160, 465, 129], "linking": []}, {"id": 2, "text": "merchant address", "label": "others", "box": [221, 189, 468, 157], "linking": []}, {"id": 3, "text": "merchant address", "label": "others", "box": [249, 218, 432, 187], "linking": []}, {"id": 4, "text": "We Love Your Feedback!", "label": "others", "box": [199, 246, 481, 215], "linking": []}, {"id": 5, "text": "Text @LTF23016 to 73940", "label": "others", "box": [198, 276, 495, 243], "linking": []}, {"id": 6, "text": "CAD", "label": "others", "box": [572, 326, 613, 302], "linking": []}, {"id": 7, "text": "1.71", "label": "5 total price per item", "box": [560, 357, 610, 332], "linking": []}, {"id": 8, "text": "1.71", "label": "5 total price per item", "box": [562, 388, 611, 363], "linking": []}, {"id": 9, "text": "1.71", "label": "5 total price per item", "box": [563, 418, 613, 394], "linking": []}, {"id": 10, "text": "1.29", "label": "5 total price per item", "box": [566, 449, 618, 424], "linking": []}, {"id": 11, "text": "Coffee Medium", "label": "0 description beginning", "box": [84, 359, 256, 328], "linking": []}, {"id": 12, "text": "Coffee Medium", "label": "0 description beginning", "box": [85, 389, 256, 358], "linking": []}, {"id": 13, "text": "Coffee Medium", "label": "0 description beginning", "box": [87, 420, 259, 388], "linking": []}, {"id": 14, "text": "Hand Fruit", "label": "0 description beginning", "box": [85, 446, 220, 418], "linking": []}, {"id": 15, "text": "Sub Total", "label": "others", "box": [382, 639, 502, 612], "linking": []}, {"id": 16, "text": "Tax Amount", "label": "others", "box": [384, 670, 520, 643], "linking": []}, {"id": 17, "text": "6.42", "label": "sub total", "box": [567, 636, 624, 611], "linking": []}, {"id": 18, "text": "0.83", "label": "2 tax total", "box": [568, 668, 624, 642], "linking": []}, {"id": 19, "text": "Total CAD", "label": "others", "box": [73, 782, 313, 725], "linking": []}, {"id": 20, "text": "7.25", "label": "total amount", "box": [517, 786, 624, 739], "linking": []}, {"id": 21, "text": "5000 Credit Card", "label": "others", "box": [74, 905, 292, 868], "linking": []}, {"id": 22, "text": "7.25", "label": "others", "box": [576, 911, 635, 884], "linking": []}, {"id": 23, "text": " 11/05/2019 09:07 AM #:27327 Op:5021 C:121", "label": "others", "box": [73, 1010, 634, 967], "linking": []}, {"id": 24, "text": " Served you", "label": "others", "box": [74, 1068, 220, 1037], "linking": []}, {"id": 25, "text": " 102 S:1211", "label": "others", "box": [77, 1032, 211, 1002], "linking": []}, {"id": 26, "text": " : Mary Zhao", "label": "others", "box": [225, 1071, 372, 1040], "linking": []}, {"id": 27, "text": "Global Rewards Points", "label": "others", "box": [73, 1138, 363, 1104], "linking": []}, {"id": 28, "text": " Previous Balance:", "label": "others", "box": [72, 1171, 320, 1139], "linking": []}, {"id": 29, "text": " Accrued (new)", "label": "others", "box": [75, 1205, 247, 1174], "linking": []}, {"id": 30, "text": " Redeemed (used)", "label": "others", "box": [73, 1239, 273, 1208], "linking": []}, {"id": 31, "text": " New Balance:", "label": "others", "box": [71, 1274, 242, 1244], "linking": []}, {"id": 32, "text": " 0", "label": "others", "box": [331, 1171, 348, 1144], "linking": []}, {"id": 33, "text": "20", "label": "others", "box": [332, 1205, 362, 1179], "linking": []}, {"id": 34, "text": "0", "label": "others", "box": [332, 1238, 352, 1215], "linking": []}, {"id": 35, "text": "20", "label": "others", "box": [336, 1273, 365, 1248], "linking": []}, {"id": 36, "text": " :", "label": "others", "box": [252, 1205, 268, 1176], "linking": []}, {"id": 37, "text": " :", "label": "others", "box": [279, 1240, 296, 1211], "linking": []}, {"id": 38, "text": "GST# 88778 3355 RT0001", "label": "others", "box": [211, 1346, 516, 1315], "linking": []}]