[{"id": 0, "text": "merchant name", "label": "others", "box": [307, 96, 443, 71], "linking": []}, {"id": 1, "text": "merchant address", "label": "others", "box": [264, 123, 500, 100], "linking": []}, {"id": 2, "text": "merchant address", "label": "others", "box": [297, 152, 419, 129], "linking": []}, {"id": 3, "text": "merchant address", "label": "others", "box": [245, 182, 511, 158], "linking": []}, {"id": 4, "text": "merchant address", "label": "others", "box": [423, 152, 455, 129], "linking": []}, {"id": 5, "text": "SWIW OSS", "label": "others", "box": [337, 239, 424, 218], "linking": []}, {"id": 6, "text": "9695 Elisa", "label": "others", "box": [172, 297, 298, 273], "linking": []}, {"id": 7, "text": " WS#:", "label": "others", "box": [523, 328, 571, 304], "linking": []}, {"id": 8, "text": " 2", "label": "others", "box": [575, 327, 589, 304], "linking": []}, {"id": 9, "text": "CHK 101247", "label": "others", "box": [329, 384, 433, 363], "linking": []}, {"id": 10, "text": " 11 Nov'19 15:50 PM", "label": "others", "box": [288, 414, 475, 391], "linking": []}, {"id": 11, "text": " 1", "label": "e quantity", "box": [184, 470, 198, 447], "linking": []}, {"id": 12, "text": " 1", "label": "e quantity", "box": [184, 498, 200, 477], "linking": []}, {"id": 13, "text": " 1", "label": "e quantity", "box": [185, 526, 198, 503], "linking": []}, {"id": 14, "text": " TA Chocolate Croissant", "label": "0 description beginning", "box": [202, 471, 432, 447], "linking": []}, {"id": 15, "text": " TA Water 750ml Still", "label": "0 description beginning", "box": [203, 499, 408, 476], "linking": []}, {"id": 16, "text": " TA Americano White", "label": "0 description beginning", "box": [202, 529, 392, 504], "linking": []}, {"id": 17, "text": "AmnEx", "label": "others", "box": [204, 554, 247, 535], "linking": []}, {"id": 18, "text": "XXXXXXXXXXX1002", "label": "others", "box": [202, 584, 360, 561], "linking": []}, {"id": 19, "text": "1.70", "label": "5 total price per item", "box": [480, 471, 526, 449], "linking": []}, {"id": 20, "text": "1.50", "label": "5 total price per item", "box": [480, 501, 524, 479], "linking": []}, {"id": 21, "text": "2.10", "label": "5 total price per item", "box": [480, 528, 524, 507], "linking": []}, {"id": 22, "text": "$5.30", "label": "others", "box": [472, 557, 525, 534], "linking": []}, {"id": 23, "text": "0.88 VAT 20%", "label": "others", "box": [233, 641, 359, 619], "linking": []}, {"id": 24, "text": " Net Total:", "label": "others", "box": [200, 670, 302, 648], "linking": []}, {"id": 25, "text": "Snacks", "label": "0 description beginning", "box": [199, 699, 263, 676], "linking": []}, {"id": 26, "text": "Cold Drinks", "label": "0 description beginning", "box": [198, 729, 314, 705], "linking": []}, {"id": 27, "text": "Hot Drinks", "label": "0 description beginning", "box": [196, 760, 304, 733], "linking": []}, {"id": 28, "text": "Payment", "label": "others", "box": [191, 788, 269, 765], "linking": []}, {"id": 29, "text": "Change Due", "label": "others", "box": [160, 820, 372, 793], "linking": []}, {"id": 30, "text": "5.30", "label": "total amount", "box": [479, 644, 524, 621], "linking": []}, {"id": 31, "text": "$4.42", "label": "sub total", "box": [470, 674, 525, 650], "linking": []}, {"id": 32, "text": "$1.70", "label": "5 total price per item", "box": [470, 703, 525, 679], "linking": []}, {"id": 33, "text": "$1.50", "label": "5 total price per item", "box": [469, 732, 525, 709], "linking": []}, {"id": 34, "text": "$2.10", "label": "5 total price per item", "box": [468, 762, 523, 739], "linking": []}, {"id": 35, "text": "$5.30", "label": "total amount", "box": [469, 792, 523, 768], "linking": []}, {"id": 36, "text": "\u00a50.00", "label": "others", "box": [478, 825, 588, 800], "linking": []}, {"id": 37, "text": "Check Closed", "label": "others", "box": [304, 882, 439, 857], "linking": []}, {"id": 38, "text": " 11 Nov'19 15:50 PM", "label": "others", "box": [275, 914, 472, 887], "linking": []}, {"id": 39, "text": "www.pret. com", "label": "others", "box": [303, 977, 436, 955], "linking": []}, {"id": 40, "text": " TALK", "label": "others", "box": [302, 1006, 352, 983], "linking": []}, {"id": 41, "text": "We love to hear your feedback (the good", "label": "others", "box": [151, 1042, 579, 1009], "linking": []}, {"id": 42, "text": "the bad and the ugly).", "label": "others", "box": [248, 1073, 488, 1042], "linking": []}, {"id": 43, "text": "Pret A Manger (Europe) Ltd", "label": "others", "box": [223, 1103, 515, 1071], "linking": []}, {"id": 44, "text": " VAT No.", "label": "others", "box": [268, 1128, 349, 1103], "linking": []}, {"id": 45, "text": " TO PRET", "label": "others", "box": [356, 1007, 435, 983], "linking": []}, {"id": 46, "text": " 927137420", "label": "others", "box": [353, 1131, 457, 1105], "linking": []}]