[{"id": 0, "text": "merchant name", "label": "others", "box": [262, 155, 359, 134], "linking": []}, {"id": 1, "text": "merchant name", "label": "others", "box": [252, 183, 372, 161], "linking": []}, {"id": 2, "text": "merchant address", "label": "others", "box": [188, 211, 431, 188], "linking": []}, {"id": 3, "text": "merchant address", "label": "others", "box": [247, 238, 376, 214], "linking": []}, {"id": 4, "text": "merchant address", "label": "others", "box": [280, 264, 343, 241], "linking": []}, {"id": 5, "text": " Tbl:0", "label": "others", "box": [48, 312, 101, 293], "linking": []}, {"id": 6, "text": " Guests:1", "label": "others", "box": [51, 342, 145, 321], "linking": []}, {"id": 7, "text": " Ref:87744", "label": "others", "box": [461, 315, 566, 292], "linking": []}, {"id": 8, "text": " Chk:87744", "label": "others", "box": [451, 342, 563, 322], "linking": []}, {"id": 9, "text": " 11/22/2019 10:02 am", "label": "others", "box": [354, 378, 559, 355], "linking": []}, {"id": 10, "text": "------.", "label": "others", "box": [272, 399, 323, 391], "linking": []}, {"id": 11, "text": "Evolution Frsh 11oz", "label": "0 description beginning", "box": [86, 433, 276, 411], "linking": []}, {"id": 12, "text": "Spicy Chorizo Sndwic", "label": "0 description beginning", "box": [83, 470, 295, 439], "linking": []}, {"id": 13, "text": "--------", "label": "others", "box": [272, 493, 322, 485], "linking": []}, {"id": 14, "text": "4.95", "label": "5 total price per item", "box": [520, 436, 563, 417], "linking": []}, {"id": 15, "text": "4.95", "label": "5 total price per item", "box": [521, 469, 566, 448], "linking": []}, {"id": 16, "text": "SubTotal", "label": "others", "box": [254, 529, 350, 505], "linking": []}, {"id": 17, "text": "Sales Tax", "label": "others", "box": [246, 558, 350, 534], "linking": []}, {"id": 18, "text": "9.90", "label": "sub total", "box": [523, 534, 569, 511], "linking": []}, {"id": 19, "text": "0.59", "label": "2 tax total", "box": [525, 562, 571, 539], "linking": []}, {"id": 20, "text": "----------", "label": "others", "box": [491, 586, 573, 576], "linking": []}, {"id": 21, "text": "Total", "label": "others", "box": [295, 614, 351, 591], "linking": []}, {"id": 22, "text": "10.49", "label": "total amount", "box": [516, 620, 573, 597], "linking": []}, {"id": 23, "text": "AMEX ************ 1007", "label": "others", "box": [116, 676, 349, 647], "linking": []}, {"id": 24, "text": "10.49", "label": "others", "box": [516, 678, 574, 654], "linking": []}, {"id": 25, "text": "Amount Paid", "label": "others", "box": [205, 735, 350, 707], "linking": []}, {"id": 26, "text": "10.49", "label": "others", "box": [512, 737, 573, 709], "linking": []}]