[{"id": 0, "text": "#11", "label": "others", "box": [990, 457, 1062, 403], "linking": []}, {"id": 1, "text": "(\u5802\u98df1)", "label": "others", "box": [1104, 459, 1271, 406], "linking": []}, {"id": 2, "text": "merchant address", "label": "others", "box": [1092, 510, 1390, 482], "linking": []}, {"id": 3, "text": "merchant address", "label": "others", "box": [1103, 539, 1377, 511], "linking": []}, {"id": 4, "text": " Tel:", "label": "others", "box": [1134, 567, 1188, 541], "linking": []}, {"id": 5, "text": " HST#:", "label": "others", "box": [1116, 596, 1180, 569], "linking": []}, {"id": 6, "text": "===========", "label": "others", "box": [1090, 618, 1203, 605], "linking": []}, {"id": 7, "text": "11/8/2019", "label": "others", "box": [1098, 652, 1207, 626], "linking": []}, {"id": 8, "text": " Server", "label": "others", "box": [1090, 683, 1167, 656], "linking": []}, {"id": 9, "text": "******** Reprint 2 ********", "label": "others", "box": [1079, 713, 1399, 686], "linking": []}, {"id": 10, "text": "merchant name", "label": "others", "box": [1109, 481, 1373, 453], "linking": []}, {"id": 11, "text": "merchant phone", "label": "others", "box": [1193, 568, 1349, 541], "linking": []}, {"id": 12, "text": " 790008916RT0001", "label": "others", "box": [1185, 598, 1361, 570], "linking": []}, {"id": 13, "text": "=", "label": "others", "box": [1469, 621, 1482, 612], "linking": []}, {"id": 14, "text": " Time:", "label": "others", "box": [1248, 655, 1313, 629], "linking": []}, {"id": 15, "text": " : PettyTable #:", "label": "others", "box": [1172, 684, 1357, 656], "linking": []}, {"id": 16, "text": " 09:11", "label": "others", "box": [1318, 655, 1380, 630], "linking": []}, {"id": 17, "text": " 11", "label": "others", "box": [1361, 684, 1387, 659], "linking": []}, {"id": 18, "text": " 1", "label": "e quantity", "box": [985, 768, 1010, 742], "linking": []}, {"id": 19, "text": " Beef Tendon w/Chu Hou", "label": "0 description beginning", "box": [1017, 772, 1275, 742], "linking": []}, {"id": 20, "text": "13.\u725b\u4ed4\u6839 L", "label": "1 description inside", "box": [1024, 799, 1152, 771], "linking": []}, {"id": 21, "text": " Mushoom Bean Curd Roll", "label": "0 description beginning", "box": [1016, 830, 1282, 801], "linking": []}, {"id": 22, "text": "15.\u9c9c\u7af9\u5377", "label": "1 description inside", "box": [1022, 858, 1129, 830], "linking": []}, {"id": 23, "text": " S/Sticky Rice w/Chic", "label": "0 description beginning", "box": [1017, 889, 1260, 860], "linking": []}, {"id": 24, "text": "16.\u73cd\u73e0\u96e3", "label": "1 description inside", "box": [1022, 915, 1133, 888], "linking": []}, {"id": 25, "text": " Steam OXs Tail", "label": "0 description beginning", "box": [1016, 944, 1187, 918], "linking": []}, {"id": 26, "text": "18.\u679d\u7af9\u71f4\u725b\u5c3e L", "label": "1 description inside", "box": [1022, 973, 1199, 945], "linking": []}, {"id": 27, "text": " BBQ Pork Rice Roll.", "label": "0 description beginning", "box": [1015, 1002, 1242, 974], "linking": []}, {"id": 28, "text": "37.\u53c9\u70e7\u8178", "label": "1 description inside", "box": [1017, 1030, 1129, 1002], "linking": []}, {"id": 29, "text": " Person(tea /water)", "label": "0 description beginning", "box": [1016, 1059, 1233, 1033], "linking": []}, {"id": 30, "text": "\u8336/\u6c34", "label": "1 description inside", "box": [1019, 1088, 1081, 1061], "linking": []}, {"id": 31, "text": "===========", "label": "others", "box": [979, 1116, 1111, 1092], "linking": []}, {"id": 32, "text": "5.90", "label": "5 total price per item", "box": [1418, 775, 1473, 746], "linking": []}, {"id": 33, "text": " 1", "label": "e quantity", "box": [985, 827, 1010, 801], "linking": []}, {"id": 34, "text": "3.90", "label": "5 total price per item", "box": [1422, 832, 1473, 806], "linking": []}, {"id": 35, "text": " 1", "label": "e quantity", "box": [985, 885, 1009, 859], "linking": []}, {"id": 36, "text": "1", "label": "e quantity", "box": [986, 884, 1003, 860], "linking": []}, {"id": 37, "text": "3.90", "label": "5 total price per item", "box": [1418, 892, 1472, 862], "linking": []}, {"id": 38, "text": " 1", "label": "e quantity", "box": [986, 942, 1006, 919], "linking": []}, {"id": 39, "text": "5.90", "label": "5 total price per item", "box": [1423, 950, 1471, 924], "linking": []}, {"id": 40, "text": " 1", "label": "e quantity", "box": [986, 999, 1008, 973], "linking": []}, {"id": 41, "text": "3.90", "label": "5 total price per item", "box": [1423, 1006, 1471, 979], "linking": []}, {"id": 42, "text": " 1", "label": "e quantity", "box": [984, 1056, 1006, 1032], "linking": []}, {"id": 43, "text": "1.80", "label": "5 total price per item", "box": [1420, 1064, 1468, 1038], "linking": []}, {"id": 44, "text": "=======", "label": "others", "box": [1207, 1113, 1283, 1101], "linking": []}, {"id": 45, "text": "==", "label": "others", "box": [1279, 1113, 1297, 1103], "linking": []}, {"id": 46, "text": "===", "label": "others", "box": [1435, 1117, 1467, 1106], "linking": []}, {"id": 47, "text": " Sub Total:", "label": "others", "box": [1205, 1149, 1323, 1123], "linking": []}, {"id": 48, "text": " HST:", "label": "others", "box": [1274, 1177, 1320, 1154], "linking": []}, {"id": 49, "text": "$25.30", "label": "sub total", "box": [1356, 1151, 1431, 1125], "linking": []}, {"id": 50, "text": "$3.29", "label": "2 tax total", "box": [1370, 1179, 1433, 1154], "linking": []}, {"id": 51, "text": "RoundUp Total $28.60", "label": "others", "box": [1238, 1241, 1475, 1207], "linking": []}, {"id": 52, "text": " $28.59", "label": "total amount", "box": [1309, 1291, 1462, 1239], "linking": []}, {"id": 53, "text": "Thank You, Please Come Again!", "label": "others", "box": [1055, 1364, 1404, 1328], "linking": []}, {"id": 54, "text": " Total:", "label": "others", "box": [1152, 1291, 1298, 1234], "linking": []}, {"id": 55, "text": " http://www.skyviewfusioncuisine.com", "label": "others", "box": [1022, 1395, 1444, 1358], "linking": []}, {"id": 56, "text": " Received Tender Type:", "label": "others", "box": [1082, 1448, 1329, 1417], "linking": []}, {"id": 57, "text": " Received Amount:", "label": "others", "box": [1137, 1478, 1327, 1446], "linking": []}, {"id": 58, "text": " Change Tender Type:", "label": "others", "box": [1105, 1507, 1328, 1476], "linking": []}, {"id": 59, "text": " Change Amount:", "label": "others", "box": [1164, 1535, 1328, 1506], "linking": []}, {"id": 60, "text": "Cash", "label": "others", "box": [1411, 1451, 1463, 1421], "linking": []}, {"id": 61, "text": "100.00", "label": "others", "box": [1390, 1479, 1460, 1451], "linking": []}, {"id": 62, "text": "Cast", "label": "others", "box": [1407, 1508, 1454, 1481], "linking": []}, {"id": 63, "text": "71.40", "label": "others", "box": [1399, 1538, 1459, 1509], "linking": []}]