[{"id": 0, "text": "merchant name", "label": "others", "box": [260, 478, 490, 393], "linking": []}, {"id": 1, "text": "merchant address", "label": "others", "box": [401, 512, 470, 485], "linking": []}, {"id": 2, "text": "merchant address", "label": "others", "box": [344, 541, 478, 513], "linking": []}, {"id": 3, "text": "merchant address", "label": "others", "box": [440, 566, 507, 539], "linking": []}, {"id": 4, "text": "merchant address", "label": "others", "box": [241, 518, 329, 489], "linking": []}, {"id": 5, "text": "merchant address", "label": "others", "box": [287, 543, 340, 516], "linking": []}, {"id": 6, "text": "merchant address", "label": "others", "box": [326, 569, 388, 542], "linking": []}, {"id": 7, "text": "merchant address", "label": "others", "box": [318, 594, 380, 571], "linking": []}, {"id": 8, "text": " VERSION", "label": "others", "box": [309, 622, 381, 596], "linking": []}, {"id": 9, "text": " MID:", "label": "others", "box": [359, 650, 398, 624], "linking": []}, {"id": 10, "text": "merchant address", "label": "others", "box": [333, 515, 397, 487], "linking": []}, {"id": 11, "text": "merchant address", "label": "others", "box": [245, 544, 283, 518], "linking": []}, {"id": 12, "text": "merchant address", "label": "others", "box": [271, 570, 322, 544], "linking": []}, {"id": 13, "text": "merchant address", "label": "others", "box": [212, 572, 266, 545], "linking": []}, {"id": 14, "text": "merchant address", "label": "others", "box": [393, 568, 436, 541], "linking": []}, {"id": 15, "text": " 12", "label": "others", "box": [386, 622, 411, 596], "linking": []}, {"id": 16, "text": " 000009181566662", "label": "others", "box": [403, 650, 560, 622], "linking": []}, {"id": 17, "text": " TID:", "label": "others", "box": [162, 652, 201, 627], "linking": []}, {"id": 18, "text": " BATCH:", "label": "others", "box": [161, 679, 218, 654], "linking": []}, {"id": 19, "text": " INVOICE:", "label": "others", "box": [166, 706, 301, 681], "linking": []}, {"id": 20, "text": " **** **** ***", "label": "others", "box": [161, 733, 393, 710], "linking": []}, {"id": 21, "text": " VALUED", "label": "others", "box": [156, 760, 215, 735], "linking": []}, {"id": 22, "text": " 39501801", "label": "others", "box": [206, 652, 286, 627], "linking": []}, {"id": 23, "text": " 000247", "label": "others", "box": [223, 679, 284, 654], "linking": []}, {"id": 24, "text": " 000554", "label": "others", "box": [311, 706, 417, 681], "linking": []}, {"id": 25, "text": " 1", "label": "others", "box": [397, 733, 415, 710], "linking": []}, {"id": 26, "text": " 003", "label": "others", "box": [431, 736, 488, 709], "linking": []}, {"id": 27, "text": " CUSTOMER", "label": "others", "box": [219, 761, 303, 736], "linking": []}, {"id": 28, "text": "CONTACTLESS SALE", "label": "others", "box": [223, 794, 507, 763], "linking": []}, {"id": 29, "text": " DEC 02, 19 10:48:17", "label": "others", "box": [156, 824, 489, 789], "linking": []}, {"id": 30, "text": " APP CODE:", "label": "others", "box": [152, 878, 312, 847], "linking": []}, {"id": 31, "text": " 936710097234", "label": "others", "box": [194, 906, 323, 877], "linking": []}, {"id": 32, "text": " A000000025010801 TC:", "label": "others", "box": [195, 934, 400, 904], "linking": []}, {"id": 33, "text": "PHP1,300.00", "label": "total amount", "box": [363, 982, 566, 955], "linking": []}, {"id": 34, "text": " CUSTOMER COPY ---", "label": "others", "box": [295, 1022, 465, 1000], "linking": []}, {"id": 35, "text": " CARD TYPE:", "label": "others", "box": [154, 847, 249, 819], "linking": []}, {"id": 36, "text": " AMEX", "label": "others", "box": [253, 848, 301, 821], "linking": []}, {"id": 37, "text": " 824580", "label": "others", "box": [322, 881, 436, 852], "linking": []}, {"id": 38, "text": " : AMERICAN EXPRESS", "label": "others", "box": [394, 909, 581, 883], "linking": []}, {"id": 39, "text": " EOD3E2234AB50A97", "label": "others", "box": [404, 934, 577, 910], "linking": []}, {"id": 40, "text": " RRN:", "label": "others", "box": [152, 901, 191, 875], "linking": []}, {"id": 41, "text": " AID:", "label": "others", "box": [152, 929, 190, 902], "linking": []}, {"id": 42, "text": " APP", "label": "others", "box": [365, 908, 390, 884], "linking": []}, {"id": 43, "text": " TOTAL:", "label": "others", "box": [155, 982, 255, 956], "linking": []}, {"id": 44, "text": " ---", "label": "others", "box": [255, 1022, 289, 1005], "linking": []}]