[{"id": 0, "text": "Thank You For Visiting the", "label": "others", "box": [671, 248, 1104, 189], "linking": []}, {"id": 1, "text": "Matthew Fraysier", "label": "others", "box": [748, 318, 1018, 271], "linking": []}, {"id": 2, "text": "merchant phone", "label": "others", "box": [765, 393, 992, 346], "linking": []}, {"id": 3, "text": "Text @LTF11479 to 73940", "label": "others", "box": [683, 471, 1081, 421], "linking": []}, {"id": 4, "text": "merchant name", "label": "others", "box": [674, 284, 1094, 227], "linking": []}, {"id": 5, "text": "General Manager", "label": "others", "box": [755, 356, 1004, 311], "linking": []}, {"id": 6, "text": "We Love Your Feedback!", "label": "others", "box": [695, 434, 1063, 382], "linking": []}, {"id": 7, "text": "USD", "label": "others", "box": [1178, 537, 1235, 501], "linking": []}, {"id": 8, "text": "0.95", "label": "5 total price per item", "box": [1162, 572, 1226, 538], "linking": []}, {"id": 9, "text": "2.99", "label": "5 total price per item", "box": [1162, 611, 1234, 577], "linking": []}, {"id": 10, "text": "Assorted Cookie", "label": "0 description beginning", "box": [538, 589, 800, 546], "linking": []}, {"id": 11, "text": "Strawberry Fruit Yog", "label": "0 description beginning", "box": [540, 626, 881, 583], "linking": []}, {"id": 12, "text": "Sub Total", "label": "others", "box": [923, 695, 1081, 658], "linking": []}, {"id": 13, "text": "Tax Amount", "label": "others", "box": [923, 735, 1097, 698], "linking": []}, {"id": 14, "text": "3.94", "label": "sub total", "box": [1164, 689, 1235, 654], "linking": []}, {"id": 15, "text": "0.35", "label": "2 tax total", "box": [1164, 727, 1226, 694], "linking": []}, {"id": 16, "text": "Total USD", "label": "others", "box": [515, 892, 825, 816], "linking": []}, {"id": 17, "text": "4.29", "label": "total amount", "box": [1096, 876, 1234, 813], "linking": []}, {"id": 18, "text": "5009 AMERICAN EXPRESS", "label": "others", "box": [505, 1047, 874, 1001], "linking": []}, {"id": 19, "text": "4.29", "label": "others", "box": [1164, 1036, 1227, 1000], "linking": []}, {"id": 20, "text": "Tax", "label": "others", "box": [510, 1172, 566, 1134], "linking": []}, {"id": 21, "text": " Taxable Amount", "label": "others", "box": [783, 1165, 1043, 1126], "linking": []}, {"id": 22, "text": "3.94", "label": "sub total", "box": [952, 1200, 1029, 1165], "linking": []}, {"id": 23, "text": " Tax Amount", "label": "others", "box": [1059, 1162, 1240, 1124], "linking": []}, {"id": 24, "text": "0.35", "label": "2 tax total", "box": [1172, 1197, 1241, 1166], "linking": []}, {"id": 25, "text": "() 8.875", "label": "others", "box": [500, 1212, 644, 1168], "linking": []}, {"id": 26, "text": " 11/19/2019 12:16 PM #:", "label": "others", "box": [501, 1339, 872, 1291], "linking": []}, {"id": 27, "text": " 103 S:1111", "label": "others", "box": [500, 1377, 692, 1338], "linking": []}, {"id": 28, "text": " : Winifred Wellington", "label": "others", "box": [686, 1421, 1065, 1375], "linking": []}, {"id": 29, "text": " 41904 Op:4024 C:111", "label": "others", "box": [882, 1333, 1241, 1285], "linking": []}, {"id": 30, "text": " Served you", "label": "others", "box": [495, 1423, 679, 1380], "linking": []}, {"id": 31, "text": "*** Customer copy ***", "label": "others", "box": [647, 1589, 1028, 1550], "linking": []}, {"id": 32, "text": "AMEX NY937 (3)", "label": "others", "box": [717, 1677, 963, 1635], "linking": []}, {"id": 33, "text": "I agree to pay the above total amount", "label": "others", "box": [498, 1729, 1168, 1678], "linking": []}, {"id": 34, "text": "agreement. (Merchant agreement if Credit", "label": "others", "box": [482, 1815, 1184, 1765], "linking": []}, {"id": 35, "text": "Voucher )Retain this copy for your", "label": "others", "box": [529, 1859, 1137, 1813], "linking": []}, {"id": 36, "text": "records.", "label": "others", "box": [765, 1902, 909, 1862], "linking": []}, {"id": 37, "text": "according to card issuer", "label": "others", "box": [618, 1766, 1065, 1726], "linking": []}, {"id": 38, "text": "PURCHASE / APPROVED", "label": "others", "box": [466, 1994, 823, 1951], "linking": []}, {"id": 39, "text": "AMERICAN EXPRESS", "label": "others", "box": [467, 2041, 768, 1998], "linking": []}, {"id": 40, "text": "*********** 1006", "label": "others", "box": [465, 2084, 744, 2047], "linking": []}, {"id": 41, "text": "CHIP READ /", "label": "others", "box": [462, 2136, 674, 2092], "linking": []}, {"id": 42, "text": " 2019/11/19 12:16:52", "label": "others", "box": [454, 2232, 815, 2184], "linking": []}, {"id": 43, "text": "TID", "label": "others", "box": [457, 2277, 519, 2233], "linking": []}, {"id": 44, "text": "MID", "label": "others", "box": [454, 2323, 517, 2280], "linking": []}, {"id": 45, "text": "REFERENCE", "label": "others", "box": [454, 2374, 626, 2327], "linking": []}, {"id": 46, "text": "AUTH CODE", "label": "others", "box": [451, 2420, 624, 2377], "linking": []}, {"id": 47, "text": "**** 6038", "label": "others", "box": [1054, 2275, 1208, 2233], "linking": []}, {"id": 48, "text": "6634459", "label": "others", "box": [1070, 2324, 1209, 2281], "linking": []}, {"id": 49, "text": "S1111T111103#41904@112216", "label": "others", "box": [726, 2376, 1209, 2327], "linking": []}, {"id": 50, "text": "839926", "label": "others", "box": [1086, 2422, 1210, 2380], "linking": []}, {"id": 51, "text": "TOTAL", "label": "others", "box": [447, 2518, 548, 2473], "linking": []}, {"id": 52, "text": "USD4.29", "label": "total amount", "box": [1067, 2522, 1208, 2474], "linking": []}, {"id": 53, "text": " ARC:", "label": "others", "box": [444, 2618, 527, 2575], "linking": []}, {"id": 54, "text": " TSI:", "label": "others", "box": [438, 2670, 521, 2622], "linking": []}, {"id": 55, "text": " IAD:", "label": "others", "box": [440, 2719, 519, 2670], "linking": []}, {"id": 56, "text": "REDMI NOTE 5 PRO", "label": "others", "box": [353, 2807, 863, 2725], "linking": []}, {"id": 57, "text": " 00", "label": "others", "box": [534, 2618, 585, 2576], "linking": []}, {"id": 58, "text": " F800", "label": "others", "box": [528, 2668, 618, 2623], "linking": []}, {"id": 59, "text": " 06600103602002", "label": "others", "box": [527, 2723, 799, 2671], "linking": []}, {"id": 60, "text": "MI DUAL CAMERA", "label": "others", "box": [345, 2873, 822, 2795], "linking": []}]