[{"id": 0, "text": "215", "label": "others", "box": [191, 231, 362, 64], "linking": []}, {"id": 1, "text": "Buy 1 Get 1 Free Big Mac", "label": "others", "box": [98, 297, 381, 263], "linking": []}, {"id": 2, "text": "and tell us about your visit.", "label": "others", "box": [73, 357, 413, 320], "linking": []}, {"id": 3, "text": " Validation Code:", "label": "others", "box": [62, 387, 249, 361], "linking": []}, {"id": 4, "text": "Go to www.mcdvoice.com within 7 days", "label": "others", "box": [30, 331, 451, 283], "linking": []}, {"id": 5, "text": "Expires 30 days after receipt date.", "label": "others", "box": [38, 417, 447, 381], "linking": []}, {"id": 6, "text": "Valid at participating US McDonald's.", "label": "others", "box": [24, 449, 459, 408], "linking": []}, {"id": 7, "text": "13654-02151-11519-12367-00073-7", "label": "others", "box": [59, 510, 428, 471], "linking": []}, {"id": 8, "text": "merchant name", "label": "others", "box": [67, 567, 401, 538], "linking": []}, {"id": 9, "text": "merchant address", "label": "others", "box": [137, 597, 329, 572], "linking": []}, {"id": 10, "text": "merchant address", "label": "others", "box": [114, 629, 352, 601], "linking": []}, {"id": 11, "text": "merchant phone", "label": "others", "box": [125, 658, 353, 632], "linking": []}, {"id": 12, "text": " Survey Code:", "label": "others", "box": [163, 476, 308, 446], "linking": []}, {"id": 13, "text": "KS# 2", "label": "others", "box": [7, 720, 69, 696], "linking": []}, {"id": 14, "text": "Sidel", "label": "others", "box": [8, 750, 66, 727], "linking": []}, {"id": 15, "text": " 11/15/2019 12:36 PM", "label": "others", "box": [246, 721, 471, 695], "linking": []}, {"id": 16, "text": "Order 15", "label": "others", "box": [375, 754, 469, 722], "linking": []}, {"id": 17, "text": "1 Egg Cheese Biscuit", "label": "0 description beginning", "box": [5, 815, 245, 787], "linking": []}, {"id": 18, "text": "1 M French Fries", "label": "0 description beginning", "box": [9, 844, 198, 818], "linking": []}, {"id": 19, "text": "3.72", "label": "5 total price per item", "box": [417, 811, 468, 786], "linking": []}, {"id": 20, "text": "3.19", "label": "5 total price per item", "box": [417, 842, 468, 817], "linking": []}, {"id": 21, "text": "Subtotal", "label": "others", "box": [7, 908, 103, 879], "linking": []}, {"id": 22, "text": "Tax", "label": "others", "box": [33, 936, 71, 912], "linking": []}, {"id": 23, "text": "Take-Out Total", "label": "others", "box": [9, 969, 172, 939], "linking": []}, {"id": 24, "text": "6.91", "label": "sub total", "box": [417, 905, 465, 880], "linking": []}, {"id": 25, "text": "0.46", "label": "2 tax total", "box": [418, 938, 467, 908], "linking": []}, {"id": 26, "text": "7.37", "label": "total amount", "box": [416, 967, 465, 942], "linking": []}, {"id": 27, "text": "Cashless", "label": "others", "box": [9, 1028, 105, 1001], "linking": []}, {"id": 28, "text": "Change", "label": "others", "box": [10, 1057, 82, 1032], "linking": []}, {"id": 29, "text": "7.37", "label": "total amount", "box": [417, 1028, 467, 1004], "linking": []}, {"id": 30, "text": "0.00", "label": "others", "box": [417, 1058, 466, 1035], "linking": []}, {"id": 31, "text": "MER# 820504", "label": "others", "box": [11, 1115, 140, 1092], "linking": []}, {"id": 32, "text": "CARD ISSUER", "label": "others", "box": [12, 1146, 141, 1121], "linking": []}, {"id": 33, "text": "Amex SALE", "label": "others", "box": [12, 1176, 119, 1151], "linking": []}, {"id": 34, "text": "TRANSACTION AMOUNT", "label": "others", "box": [12, 1208, 220, 1180], "linking": []}, {"id": 35, "text": "CONTACTLESS", "label": "others", "box": [11, 1239, 142, 1209], "linking": []}, {"id": 36, "text": "AUTHORIZATION CODE - 882097", "label": "others", "box": [11, 1270, 324, 1243], "linking": []}, {"id": 37, "text": "ACCOUNT#", "label": "others", "box": [254, 1149, 350, 1125], "linking": []}, {"id": 38, "text": "*********** 1009", "label": "others", "box": [184, 1178, 361, 1154], "linking": []}, {"id": 39, "text": "7.37", "label": "total amount", "box": [418, 1215, 463, 1183], "linking": []}]