[{"id": 0, "text": "merchant name", "label": "others", "box": [317, 256, 540, 204], "linking": []}, {"id": 1, "text": "E - 480-419.33", "label": "others", "box": [329, 335, 521, 306], "linking": []}, {"id": 2, "text": " ORDER #:", "label": "others", "box": [290, 383, 397, 354], "linking": []}, {"id": 3, "text": " 88492", "label": "others", "box": [402, 383, 473, 356], "linking": []}, {"id": 4, "text": " BF -", "label": "0 description beginning", "box": [308, 535, 383, 499], "linking": []}, {"id": 5, "text": "GRANDE LATTE", "label": "0 description beginning", "box": [314, 560, 476, 534], "linking": []}, {"id": 6, "text": " Orange", "label": "0 description beginning", "box": [388, 539, 472, 511], "linking": []}, {"id": 7, "text": "T", "label": "others", "box": [508, 509, 524, 492], "linking": []}, {"id": 8, "text": "N", "label": "others", "box": [506, 534, 527, 515], "linking": []}, {"id": 9, "text": "T", "label": "others", "box": [507, 554, 525, 536], "linking": []}, {"id": 10, "text": "$2.95", "label": "5 total price per item", "box": [571, 513, 642, 489], "linking": []}, {"id": 11, "text": "$3.95", "label": "5 total price per item", "box": [574, 535, 644, 511], "linking": []}, {"id": 12, "text": "$5.05", "label": "5 total price per item", "box": [573, 559, 643, 535], "linking": []}, {"id": 13, "text": " 8.6000%", "label": "others", "box": [286, 633, 387, 607], "linking": []}, {"id": 14, "text": " on", "label": "others", "box": [392, 632, 426, 608], "linking": []}, {"id": 15, "text": "SUBTOTAL", "label": "others", "box": [419, 607, 524, 583], "linking": []}, {"id": 16, "text": "$8.00", "label": "others", "box": [457, 631, 528, 606], "linking": []}, {"id": 17, "text": "$11.95", "label": "sub total", "box": [561, 608, 645, 582], "linking": []}, {"id": 18, "text": "$0.69", "label": "2 tax total", "box": [573, 630, 643, 607], "linking": []}, {"id": 19, "text": "TOTAL", "label": "others", "box": [460, 678, 524, 654], "linking": []}, {"id": 20, "text": "*1007 AMEX CHARGE", "label": "others", "box": [302, 703, 526, 677], "linking": []}, {"id": 21, "text": " AID", "label": "others", "box": [380, 727, 424, 701], "linking": []}, {"id": 22, "text": "$12.64", "label": "total amount", "box": [563, 678, 644, 653], "linking": []}, {"id": 23, "text": "$12.64", "label": "others", "box": [561, 700, 645, 677], "linking": []}, {"id": 24, "text": " A000000005010201", "label": "others", "box": [429, 725, 643, 700], "linking": []}, {"id": 25, "text": "AMERICAN EXPRESS", "label": "others", "box": [381, 749, 593, 720], "linking": []}, {"id": 26, "text": " -9313-1360-0158-8492-2", "label": "others", "box": [183, 826, 478, 799], "linking": []}, {"id": 27, "text": " VCD#752-258-942", "label": "others", "box": [482, 826, 685, 798], "linking": []}, {"id": 28, "text": "TARGET", "label": "others", "box": [322, 1049, 542, 997], "linking": []}, {"id": 29, "text": " EXPECT MICRE PAY LESS:", "label": "others", "box": [329, 1073, 539, 1048], "linking": []}]