[{"id": 0, "text": "merchant name", "label": "others", "box": [130, 155, 427, 118], "linking": []}, {"id": 1, "text": "merchant address", "label": "others", "box": [181, 189, 389, 155], "linking": []}, {"id": 2, "text": "merchant address", "label": "others", "box": [119, 226, 442, 188], "linking": []}, {"id": 3, "text": "---", "label": "others", "box": [31, 247, 72, 239], "linking": []}, {"id": 4, "text": "CHK 713103", "label": "others", "box": [220, 291, 351, 262], "linking": []}, {"id": 5, "text": " 11/04/2019 08:26 AM", "label": "others", "box": [161, 329, 402, 295], "linking": []}, {"id": 6, "text": " 1 Reg:", "label": "others", "box": [334, 360, 431, 329], "linking": []}, {"id": 7, "text": "2818467", "label": "others", "box": [105, 359, 208, 330], "linking": []}, {"id": 8, "text": " Drawer:", "label": "others", "box": [228, 361, 328, 330], "linking": []}, {"id": 9, "text": " 1", "label": "others", "box": [437, 359, 451, 329], "linking": []}, {"id": 10, "text": "Tl Cappuccino", "label": "0 description beginning", "box": [68, 429, 237, 397], "linking": []}, {"id": 11, "text": "Hazelnut", "label": "1 description inside", "box": [92, 460, 198, 431], "linking": []}, {"id": 12, "text": "Choc Croissant", "label": "0 description beginning", "box": [70, 493, 248, 464], "linking": []}, {"id": 13, "text": "3.95", "label": "5 total price per item", "box": [425, 423, 477, 397], "linking": []}, {"id": 14, "text": "0.50", "label": "5 total price per item", "box": [425, 457, 476, 432], "linking": []}, {"id": 15, "text": "3.25", "label": "5 total price per item", "box": [424, 488, 477, 464], "linking": []}, {"id": 16, "text": "Amex", "label": "others", "box": [69, 555, 121, 531], "linking": []}, {"id": 17, "text": "XXXXXXXXXXXX5002", "label": "others", "box": [68, 588, 273, 561], "linking": []}, {"id": 18, "text": " Card Entry:", "label": "others", "box": [67, 623, 208, 594], "linking": []}, {"id": 19, "text": " Trans Type:", "label": "others", "box": [67, 656, 209, 627], "linking": []}, {"id": 20, "text": " Reference #:", "label": "others", "box": [63, 690, 222, 661], "linking": []}, {"id": 21, "text": " App Label:", "label": "others", "box": [64, 724, 196, 695], "linking": []}, {"id": 22, "text": " Auth #:", "label": "others", "box": [66, 756, 158, 728], "linking": []}, {"id": 23, "text": " AID:", "label": "others", "box": [65, 788, 122, 762], "linking": []}, {"id": 24, "text": " TVR:", "label": "others", "box": [67, 818, 124, 792], "linking": []}, {"id": 25, "text": " TSI:", "label": "others", "box": [70, 849, 124, 824], "linking": []}, {"id": 26, "text": "8.38", "label": "others", "box": [423, 555, 480, 527], "linking": []}, {"id": 27, "text": " QUICK CHIP", "label": "others", "box": [214, 623, 348, 594], "linking": []}, {"id": 28, "text": " PURCHASE", "label": "others", "box": [214, 656, 323, 627], "linking": []}, {"id": 29, "text": " 00000022", "label": "others", "box": [226, 691, 337, 663], "linking": []}, {"id": 30, "text": " AMERICAN EXPRESS", "label": "others", "box": [201, 725, 412, 695], "linking": []}, {"id": 31, "text": " 866552", "label": "others", "box": [163, 757, 247, 729], "linking": []}, {"id": 32, "text": " A000000025010801", "label": "others", "box": [126, 789, 332, 762], "linking": []}, {"id": 33, "text": " 0000008000", "label": "others", "box": [129, 819, 258, 793], "linking": []}, {"id": 34, "text": " E800", "label": "others", "box": [129, 849, 184, 824], "linking": []}, {"id": 35, "text": "Subtotal", "label": "others", "box": [61, 913, 167, 884], "linking": []}, {"id": 36, "text": "Tax 8.875%", "label": "others", "box": [61, 949, 195, 919], "linking": []}, {"id": 37, "text": "Tax 8.875%", "label": "others", "box": [59, 983, 191, 954], "linking": []}, {"id": 38, "text": "Total", "label": "others", "box": [57, 1016, 123, 988], "linking": []}, {"id": 39, "text": "Change Due", "label": "others", "box": [16, 1055, 278, 1022], "linking": []}, {"id": 40, "text": "$7.70", "label": "sub total", "box": [394, 918, 462, 889], "linking": []}, {"id": 41, "text": "$0.39", "label": "2 tax total", "box": [394, 954, 460, 925], "linking": []}, {"id": 42, "text": "$0.29", "label": "2 tax total", "box": [395, 988, 461, 960], "linking": []}, {"id": 43, "text": "$8.38", "label": "total amount", "box": [394, 1023, 461, 995], "linking": []}, {"id": 44, "text": "$0.00", "label": "others", "box": [408, 1059, 538, 1029], "linking": []}, {"id": 45, "text": "Check Closed", "label": "others", "box": [168, 1120, 332, 1089], "linking": []}, {"id": 46, "text": " 11/04/2019 08:26 AM", "label": "others", "box": [151, 1150, 394, 1122], "linking": []}, {"id": 47, "text": "--", "label": "others", "box": [340, 1114, 367, 1100], "linking": []}]