[{"id": 0, "text": "merchant name", "label": "others", "box": [131, 102, 305, 79], "linking": []}, {"id": 1, "text": "merchant address", "label": "others", "box": [83, 128, 364, 104], "linking": []}, {"id": 2, "text": "merchant address", "label": "others", "box": [189, 151, 258, 130], "linking": []}, {"id": 3, "text": "merchant address", "label": "others", "box": [140, 176, 307, 155], "linking": []}, {"id": 4, "text": "merchant phone", "label": "others", "box": [158, 203, 278, 178], "linking": []}, {"id": 5, "text": "Cntr 136", "label": "others", "box": [25, 254, 132, 228], "linking": []}, {"id": 6, "text": " Guests 1", "label": "others", "box": [25, 275, 116, 255], "linking": []}, {"id": 7, "text": "11/01/19-A", "label": "others", "box": [173, 254, 272, 229], "linking": []}, {"id": 8, "text": "Table (STANDEE)", "label": "others", "box": [266, 272, 413, 252], "linking": []}, {"id": 9, "text": " 9:56am", "label": "others", "box": [292, 253, 411, 228], "linking": []}, {"id": 10, "text": " 1", "label": "e quantity", "box": [25, 325, 30, 304], "linking": []}, {"id": 11, "text": " ..", "label": "others", "box": [33, 325, 48, 304], "linking": []}, {"id": 12, "text": " EVIAN WATER", "label": "0 description beginning", "box": [52, 325, 163, 302], "linking": []}, {"id": 13, "text": "4.99", "label": "5 total price per item", "box": [372, 317, 413, 296], "linking": []}, {"id": 14, "text": "Items", "label": "others", "box": [208, 373, 257, 350], "linking": []}, {"id": 15, "text": "NonCash Adjustmnt", "label": "others", "box": [92, 401, 259, 374], "linking": []}, {"id": 16, "text": "Tax", "label": "others", "box": [229, 422, 261, 403], "linking": []}, {"id": 17, "text": "TOTAL", "label": "others", "box": [164, 449, 258, 426], "linking": []}, {"id": 18, "text": "4.99", "label": "others", "box": [372, 367, 413, 346], "linking": []}, {"id": 19, "text": ".20", "label": "others", "box": [386, 395, 413, 373], "linking": []}, {"id": 20, "text": ".44", "label": "2 tax total", "box": [387, 418, 415, 398], "linking": []}, {"id": 21, "text": "5.63", "label": "total amount", "box": [335, 445, 411, 423], "linking": []}, {"id": 22, "text": "American Express", "label": "others", "box": [105, 498, 260, 477], "linking": []}, {"id": 23, "text": "5.63", "label": "others", "box": [335, 495, 411, 472], "linking": []}, {"id": 24, "text": " Check 136 CHARGED 9:56am FILESVR#1-A", "label": "others", "box": [46, 547, 395, 522], "linking": []}, {"id": 25, "text": "01.66511762 AMEX*1005 Chp JAVIER, CORREC", "label": "others", "box": [26, 595, 413, 569], "linking": []}, {"id": 26, "text": "5.63", "label": "others", "box": [372, 615, 413, 594], "linking": []}, {"id": 27, "text": "A000000025010801", "label": "others", "box": [258, 641, 412, 618], "linking": []}, {"id": 28, "text": " 064A010360A002/805825", "label": "others", "box": [207, 669, 414, 642], "linking": []}, {"id": 29, "text": " 11-01-2019 09:56:13 NOS", "label": "others", "box": [47, 619, 271, 596], "linking": []}, {"id": 30, "text": "AMERICAN EXPRESS", "label": "others", "box": [45, 643, 204, 621], "linking": []}, {"id": 31, "text": " 0000008000/F800", "label": "others", "box": [42, 671, 202, 645], "linking": []}, {"id": 32, "text": " Cardholder agree to pay theabove", "label": "others", "box": [22, 718, 359, 694], "linking": []}, {"id": 33, "text": " amount according to issuer", "label": "others", "box": [41, 743, 302, 720], "linking": []}, {"id": 34, "text": " TOTAL", "label": "others", "box": [363, 715, 413, 693], "linking": []}, {"id": 35, "text": " agreement.", "label": "others", "box": [304, 740, 401, 720], "linking": []}, {"id": 36, "text": "THANK YOU FOR CHOOSING ABITINO'S", "label": "others", "box": [60, 793, 378, 766], "linking": []}, {"id": 37, "text": "THANK YOU", "label": "others", "box": [179, 815, 271, 794], "linking": []}, {"id": 38, "text": "HAVE A NICE TRIP", "label": "others", "box": [136, 839, 299, 818], "linking": []}, {"id": 39, "text": "LIKE US ON FACEBOOK", "label": "others", "box": [130, 883, 320, 862], "linking": []}, {"id": 40, "text": "WWW.FACEBOOK.COM/PAGES/ABITINOG PIZZA", "label": "others", "box": [44, 908, 403, 884], "linking": []}, {"id": 41, "text": "Valued Customer", "label": "others", "box": [151, 955, 295, 933], "linking": []}, {"id": 42, "text": "All credit/debit card", "label": "others", "box": [121, 980, 325, 955], "linking": []}, {"id": 43, "text": "transactions are subject", "label": "others", "box": [103, 1002, 334, 981], "linking": []}, {"id": 44, "text": "to a 3.95% Non Cash Adjustment", "label": "others", "box": [75, 1027, 362, 1003], "linking": []}]