[{"id": 0, "text": "merchant name", "label": "others", "box": [13, 128, 156, 99], "linking": []}, {"id": 1, "text": "merchant phone", "label": "others", "box": [17, 152, 145, 126], "linking": []}, {"id": 2, "text": "merchant name", "label": "others", "box": [160, 124, 175, 99], "linking": []}, {"id": 3, "text": "merchant name", "label": "others", "box": [179, 123, 290, 96], "linking": []}, {"id": 4, "text": " Date:", "label": "others", "box": [13, 204, 67, 178], "linking": []}, {"id": 5, "text": " Status:Approved", "label": "others", "box": [16, 227, 167, 203], "linking": []}, {"id": 6, "text": " Card Type:American Express", "label": "others", "box": [15, 251, 275, 227], "linking": []}, {"id": 7, "text": " Card Number:XXXXXXXXXXX1000", "label": "others", "box": [15, 274, 288, 250], "linking": []}, {"id": 8, "text": " Expiration Date", "label": "others", "box": [16, 299, 161, 276], "linking": []}, {"id": 9, "text": " 1055 Ignacio", "label": "others", "box": [87, 323, 207, 301], "linking": []}, {"id": 10, "text": " Check Number:439213", "label": "others", "box": [17, 348, 208, 325], "linking": []}, {"id": 11, "text": " Table Number:9", "label": "others", "box": [17, 374, 161, 350], "linking": []}, {"id": 12, "text": " Persons:1", "label": "others", "box": [16, 397, 110, 377], "linking": []}, {"id": 13, "text": " Approved.", "label": "others", "box": [105, 449, 199, 426], "linking": []}, {"id": 14, "text": " 11/19/2019", "label": "others", "box": [72, 202, 177, 175], "linking": []}, {"id": 15, "text": " Time:", "label": "others", "box": [203, 198, 257, 174], "linking": []}, {"id": 16, "text": " 9:43:51 PM", "label": "others", "box": [261, 196, 369, 172], "linking": []}, {"id": 17, "text": " :** / **", "label": "others", "box": [165, 298, 227, 276], "linking": []}, {"id": 18, "text": " Server:", "label": "others", "box": [16, 323, 83, 302], "linking": []}, {"id": 19, "text": " Response:", "label": "others", "box": [16, 450, 101, 427], "linking": []}, {"id": 20, "text": "AMOUNT", "label": "others", "box": [16, 521, 80, 499], "linking": []}, {"id": 21, "text": "109.22", "label": "sub total", "box": [119, 519, 179, 498], "linking": []}, {"id": 22, "text": "15.00", "label": "3 tip", "box": [125, 588, 217, 547], "linking": []}, {"id": 23, "text": "TIP", "label": "others", "box": [16, 596, 47, 574], "linking": []}, {"id": 24, "text": "124.22", "label": "total amount", "box": [101, 663, 226, 622], "linking": []}, {"id": 25, "text": " 140076", "label": "others", "box": [114, 702, 179, 676], "linking": []}, {"id": 26, "text": "TOTAL", "label": "others", "box": [13, 674, 63, 653], "linking": []}, {"id": 27, "text": " Approval:", "label": "others", "box": [13, 705, 109, 677], "linking": []}, {"id": 28, "text": "RETAIN THIS COPY FOR YOUR RECORDS", "label": "others", "box": [11, 750, 354, 728], "linking": []}]