[{"id": 0, "text": "merchant name", "label": "others", "box": [282, 520, 538, 482], "linking": []}, {"id": 1, "text": "merchant address", "label": "others", "box": [283, 558, 705, 517], "linking": []}, {"id": 2, "text": "merchant address", "label": "others", "box": [285, 595, 404, 560], "linking": []}, {"id": 3, "text": "TABLE#", "label": "others", "box": [286, 668, 377, 637], "linking": []}, {"id": 4, "text": "SERVER", "label": "others", "box": [289, 705, 375, 675], "linking": []}, {"id": 5, "text": "CHECK#", "label": "others", "box": [285, 742, 375, 710], "linking": []}, {"id": 6, "text": " 2019/11/11 09:51:52", "label": "others", "box": [374, 778, 660, 743], "linking": []}, {"id": 7, "text": "***** Authorize *****", "label": "others", "box": [372, 812, 659, 781], "linking": []}, {"id": 8, "text": " MERC ID:0010600008029886440767", "label": "others", "box": [280, 849, 734, 817], "linking": []}, {"id": 9, "text": " REF No:", "label": "others", "box": [283, 886, 394, 854], "linking": []}, {"id": 10, "text": "*********** 1009", "label": "others", "box": [386, 921, 627, 890], "linking": []}, {"id": 11, "text": "XX/XX", "label": "others", "box": [395, 957, 476, 927], "linking": []}, {"id": 12, "text": "AMERICAN EXPRESS", "label": "others", "box": [394, 998, 643, 963], "linking": []}, {"id": 13, "text": " 1420", "label": "others", "box": [395, 1033, 457, 1000], "linking": []}, {"id": 14, "text": " TableNo:2/1", "label": "others", "box": [277, 1071, 443, 1036], "linking": []}, {"id": 15, "text": " APPROVAL CODE:", "label": "others", "box": [274, 1107, 495, 1072], "linking": []}, {"id": 16, "text": "2/1", "label": "others", "box": [460, 666, 508, 633], "linking": []}, {"id": 17, "text": "30013/Jeff", "label": "others", "box": [462, 702, 612, 668], "linking": []}, {"id": 18, "text": "1420", "label": "others", "box": [462, 738, 524, 707], "linking": []}, {"id": 19, "text": " 1112025152", "label": "others", "box": [400, 887, 553, 854], "linking": []}, {"id": 20, "text": " CT No:", "label": "others", "box": [281, 922, 383, 891], "linking": []}, {"id": 21, "text": " EXP", "label": "others", "box": [279, 957, 318, 927], "linking": []}, {"id": 22, "text": " CARD", "label": "others", "box": [276, 994, 330, 962], "linking": []}, {"id": 23, "text": " CheckNo:", "label": "others", "box": [277, 1033, 389, 999], "linking": []}, {"id": 24, "text": " :", "label": "others", "box": [323, 957, 341, 928], "linking": []}, {"id": 25, "text": " :", "label": "others", "box": [335, 994, 348, 963], "linking": []}, {"id": 26, "text": " 133738", "label": "others", "box": [500, 1109, 592, 1075], "linking": []}, {"id": 27, "text": " Subtotal:", "label": "others", "box": [514, 1147, 656, 1112], "linking": []}, {"id": 28, "text": " $10.66", "label": "total amount", "box": [662, 1148, 760, 1115], "linking": []}, {"id": 29, "text": " Tip:", "label": "others", "box": [588, 1217, 652, 1183], "linking": []}, {"id": 30, "text": " Total:", "label": "others", "box": [556, 1287, 651, 1252], "linking": []}, {"id": 31, "text": "X", "label": "others", "box": [246, 1353, 270, 1327], "linking": []}, {"id": 32, "text": "Signature", "label": "others", "box": [422, 1399, 572, 1360], "linking": []}, {"id": 33, "text": "CUSTOMER COPY", "label": "others", "box": [385, 1438, 606, 1398], "linking": []}]