[{"id": 0, "text": "merchant name", "label": "others", "box": [571, 435, 694, 400], "linking": []}, {"id": 1, "text": "merchant address", "label": "others", "box": [441, 514, 825, 455], "linking": []}, {"id": 2, "text": "merchant name", "label": "others", "box": [1578, 453, 1716, 395], "linking": []}, {"id": 3, "text": "merchant address", "label": "others", "box": [1439, 532, 1870, 483], "linking": []}, {"id": 4, "text": "merchant address", "label": "others", "box": [507, 475, 769, 428], "linking": []}, {"id": 5, "text": "merchant phone", "label": "others", "box": [519, 548, 742, 498], "linking": []}, {"id": 6, "text": "merchant address", "label": "others", "box": [1511, 488, 1796, 447], "linking": []}, {"id": 7, "text": "merchant phone", "label": "others", "box": [1525, 567, 1782, 523], "linking": []}, {"id": 8, "text": " Date/Time:", "label": "others", "box": [283, 671, 449, 634], "linking": []}, {"id": 9, "text": " Order Number:", "label": "others", "box": [281, 710, 501, 670], "linking": []}, {"id": 10, "text": " 2019-11-27 06:03 PM", "label": "others", "box": [530, 662, 852, 608], "linking": []}, {"id": 11, "text": "79146", "label": "others", "box": [523, 698, 613, 663], "linking": []}, {"id": 12, "text": "CREDIT", "label": "others", "box": [503, 740, 623, 702], "linking": []}, {"id": 13, "text": " Server", "label": "others", "box": [1295, 650, 1392, 610], "linking": []}, {"id": 14, "text": " : kevin", "label": "others", "box": [1400, 650, 1534, 608], "linking": []}, {"id": 15, "text": " Station:", "label": "others", "box": [1842, 645, 1999, 602], "linking": []}, {"id": 16, "text": " 2", "label": "others", "box": [2007, 645, 2034, 601], "linking": []}, {"id": 17, "text": " Account Type:", "label": "others", "box": [271, 748, 496, 707], "linking": []}, {"id": 18, "text": " EDC Tran ID:", "label": "others", "box": [267, 787, 466, 747], "linking": []}, {"id": 19, "text": " Server", "label": "others", "box": [256, 827, 350, 791], "linking": []}, {"id": 20, "text": " Table:", "label": "others", "box": [250, 864, 348, 830], "linking": []}, {"id": 21, "text": "143440247", "label": "others", "box": [519, 779, 673, 735], "linking": []}, {"id": 22, "text": "kevin", "label": "others", "box": [506, 820, 598, 784], "linking": []}, {"id": 23, "text": "21", "label": "others", "box": [507, 858, 542, 821], "linking": []}, {"id": 24, "text": " Order #:", "label": "others", "box": [1288, 737, 1448, 697], "linking": []}, {"id": 25, "text": " Table:", "label": "others", "box": [1291, 778, 1408, 737], "linking": []}, {"id": 26, "text": " 79146", "label": "others", "box": [1455, 737, 1550, 696], "linking": []}, {"id": 27, "text": " 21", "label": "others", "box": [1414, 778, 1458, 741], "linking": []}, {"id": 28, "text": "Dine In", "label": "others", "box": [1897, 731, 2045, 687], "linking": []}, {"id": 29, "text": " 1", "label": "others", "box": [2021, 774, 2045, 734], "linking": []}, {"id": 30, "text": " Guests:", "label": "others", "box": [1863, 780, 2013, 735], "linking": []}, {"id": 31, "text": " :", "label": "others", "box": [355, 827, 375, 791], "linking": []}, {"id": 32, "text": " 1", "label": "e quantity", "box": [1290, 862, 1311, 822], "linking": []}, {"id": 33, "text": " 1", "label": "e quantity", "box": [1282, 906, 1306, 864], "linking": []}, {"id": 34, "text": " 1", "label": "e quantity", "box": [1281, 952, 1305, 911], "linking": []}, {"id": 35, "text": " Bhuttey Kebab", "label": "0 description beginning", "box": [1316, 865, 1569, 823], "linking": []}, {"id": 36, "text": " Mango Lassi", "label": "0 description beginning", "box": [1312, 908, 1523, 865], "linking": []}, {"id": 37, "text": " Rasmalai", "label": "0 description beginning", "box": [1311, 952, 1469, 912], "linking": []}, {"id": 38, "text": "8.00", "label": "5 total price per item", "box": [1971, 858, 2052, 820], "linking": []}, {"id": 39, "text": "5.00", "label": "5 total price per item", "box": [1966, 904, 2056, 864], "linking": []}, {"id": 40, "text": "8.00", "label": "5 total price per item", "box": [1970, 951, 2056, 910], "linking": []}, {"id": 41, "text": "PURCHASE", "label": "others", "box": [233, 983, 377, 913], "linking": []}, {"id": 42, "text": "APPROVAL", "label": "others", "box": [217, 1052, 364, 984], "linking": []}, {"id": 43, "text": " Entry Mode:", "label": "others", "box": [202, 1141, 394, 1097], "linking": []}, {"id": 44, "text": " Card Number:", "label": "others", "box": [195, 1184, 406, 1143], "linking": []}, {"id": 45, "text": " Card Expire:", "label": "others", "box": [188, 1230, 404, 1188], "linking": []}, {"id": 46, "text": " Card Type:", "label": "others", "box": [181, 1278, 368, 1234], "linking": []}, {"id": 47, "text": " Cardholder Name:", "label": "others", "box": [172, 1324, 461, 1278], "linking": []}, {"id": 48, "text": " Approval Code:", "label": "others", "box": [168, 1373, 417, 1327], "linking": []}, {"id": 49, "text": " Reference Number:", "label": "others", "box": [151, 1422, 473, 1376], "linking": []}, {"id": 50, "text": " SUB TOTAL:", "label": "others", "box": [1280, 1049, 1473, 1002], "linking": []}, {"id": 51, "text": " NY State Tax:", "label": "others", "box": [1273, 1099, 1523, 1048], "linking": []}, {"id": 52, "text": "21.00", "label": "sub total", "box": [1958, 1048, 2061, 1002], "linking": []}, {"id": 53, "text": "1.86", "label": "2 tax total", "box": [1986, 1092, 2072, 1050], "linking": []}, {"id": 54, "text": "0.00", "label": "2 tax total", "box": [1986, 1140, 2074, 1098], "linking": []}, {"id": 55, "text": "========", "label": "others", "box": [1907, 1187, 2075, 1155], "linking": []}, {"id": 56, "text": "$22.86", "label": "total amount", "box": [1953, 1282, 2093, 1197], "linking": []}, {"id": 57, "text": "Swiped", "label": "others", "box": [555, 1126, 665, 1089], "linking": []}, {"id": 58, "text": "XXXXXXXXXXX1006", "label": "others", "box": [541, 1174, 825, 1125], "linking": []}, {"id": 59, "text": "XX/XX", "label": "others", "box": [542, 1220, 638, 1178], "linking": []}, {"id": 60, "text": "American Express", "label": "others", "box": [536, 1269, 840, 1225], "linking": []}, {"id": 61, "text": "564446", "label": "others", "box": [529, 1362, 642, 1319], "linking": []}, {"id": 62, "text": "8825", "label": "others", "box": [516, 1414, 597, 1373], "linking": []}, {"id": 63, "text": " Tax 2:", "label": "others", "box": [1274, 1142, 1391, 1096], "linking": []}, {"id": 64, "text": " TOTAL", "label": "others", "box": [1263, 1272, 1337, 1197], "linking": []}, {"id": 65, "text": " :", "label": "others", "box": [1350, 1273, 1381, 1198], "linking": []}, {"id": 66, "text": " >> Ticket #:", "label": "others", "box": [1473, 1412, 1721, 1329], "linking": []}, {"id": 67, "text": " 51 <<", "label": "others", "box": [1733, 1412, 1864, 1332], "linking": []}, {"id": 68, "text": " 11/27/2019 5:33:34 PM", "label": "others", "box": [1441, 1461, 1883, 1407], "linking": []}, {"id": 69, "text": " PURCHASE:", "label": "others", "box": [123, 1558, 302, 1473], "linking": []}, {"id": 70, "text": " Gratuity:", "label": "others", "box": [104, 1701, 282, 1610], "linking": []}, {"id": 71, "text": " Total:", "label": "others", "box": [77, 1837, 211, 1748], "linking": []}, {"id": 72, "text": "Cardmember acknowledges receipt of", "label": "others", "box": [113, 1951, 799, 1890], "linking": []}, {"id": 73, "text": "goods and/or services in the amount", "label": "others", "box": [81, 2009, 797, 1954], "linking": []}, {"id": 74, "text": "of the total shown heron and agrees", "label": "others", "box": [83, 2072, 790, 2009], "linking": []}, {"id": 75, "text": "$22.86", "label": "sub total", "box": [766, 1551, 899, 1466], "linking": []}, {"id": 76, "text": "8.2.14", "label": "3 tip", "box": [727, 1683, 899, 1559], "linking": []}, {"id": 77, "text": " 25 0", "label": "total amount", "box": [746, 1826, 949, 1694], "linking": []}, {"id": 78, "text": "THANK YOU!", "label": "others", "box": [1563, 1571, 1778, 1511], "linking": []}, {"id": 79, "text": " $", "label": "others", "box": [708, 1829, 733, 1712], "linking": []}, {"id": 80, "text": "to perform the obligations set forth", "label": "others", "box": [66, 2134, 813, 2068], "linking": []}, {"id": 81, "text": "MNaver", "label": "others", "box": [337, 2366, 815, 2160], "linking": []}, {"id": 82, "text": "by cardmember's agreement with issuer", "label": "others", "box": [34, 2195, 800, 2122], "linking": []}, {"id": 83, "text": "Signature", "label": "others", "box": [67, 2374, 274, 2310], "linking": []}, {"id": 84, "text": "REDMI NOTE 5 PRO", "label": "others", "box": [353, 2792, 856, 2724], "linking": []}, {"id": 85, "text": "MI DUAL CAMERA", "label": "others", "box": [349, 2862, 815, 2794], "linking": []}]