[{"id": 0, "text": "merchant address", "label": "others", "box": [52, 55, 179, 43], "linking": []}, {"id": 1, "text": "merchant phone", "label": "others", "box": [98, 63, 148, 53], "linking": []}, {"id": 2, "text": "bealbourgnyc.com", "label": "others", "box": [82, 74, 147, 62], "linking": []}, {"id": 3, "text": " www.", "label": "others", "box": [80, 83, 93, 74], "linking": []}, {"id": 4, "text": " Suggested gratuity", "label": "others", "box": [59, 94, 132, 82], "linking": []}, {"id": 5, "text": "10373 Lesite", "label": "others", "box": [35, 112, 82, 102], "linking": []}, {"id": 6, "text": " Tel:", "label": "others", "box": [80, 64, 97, 54], "linking": []}, {"id": 7, "text": " ledistrict.com", "label": "others", "box": [95, 83, 153, 74], "linking": []}, {"id": 8, "text": " 18%", "label": "others", "box": [133, 92, 147, 82], "linking": []}, {"id": 9, "text": " - 20%", "label": "others", "box": [149, 92, 171, 82], "linking": []}, {"id": 10, "text": "CHK 1009", "label": "others", "box": [94, 130, 130, 120], "linking": []}, {"id": 11, "text": " 12/11/2019 2:45 PM", "label": "others", "box": [76, 142, 151, 130], "linking": []}, {"id": 12, "text": "Cappuccino SM", "label": "0 description beginning", "box": [39, 161, 96, 151], "linking": []}, {"id": 13, "text": "1 Tea SM", "label": "0 description beginning", "box": [36, 170, 68, 161], "linking": []}, {"id": 14, "text": "AMEX", "label": "others", "box": [41, 180, 60, 171], "linking": []}, {"id": 15, "text": "*********** 2005", "label": "others", "box": [41, 191, 104, 182], "linking": []}, {"id": 16, "text": "3.25", "label": "5 total price per item", "box": [152, 163, 171, 153], "linking": []}, {"id": 17, "text": "2.00", "label": "5 total price per item", "box": [151, 172, 171, 161], "linking": []}, {"id": 18, "text": "$5.72", "label": "others", "box": [148, 182, 172, 172], "linking": []}, {"id": 19, "text": "FOOD", "label": "0 description beginning", "box": [43, 213, 59, 202], "linking": []}, {"id": 20, "text": "TAX", "label": "others", "box": [40, 223, 55, 213], "linking": []}, {"id": 21, "text": "PAYMENT", "label": "others", "box": [40, 234, 69, 223], "linking": []}, {"id": 22, "text": "Change Due", "label": "others", "box": [28, 247, 110, 234], "linking": []}, {"id": 23, "text": "$5.25", "label": "5 total price per item", "box": [148, 215, 171, 205], "linking": []}, {"id": 24, "text": "$0.47", "label": "2 tax total", "box": [148, 225, 171, 215], "linking": []}, {"id": 25, "text": "$5.72", "label": "total amount", "box": [148, 235, 170, 225], "linking": []}, {"id": 26, "text": "$0.00", "label": "others", "box": [151, 246, 195, 236], "linking": []}, {"id": 27, "text": " Check", "label": "others", "box": [82, 269, 104, 257], "linking": []}, {"id": 28, "text": " 12/11/2019 2:45 PM", "label": "others", "box": [73, 281, 149, 268], "linking": []}, {"id": 29, "text": " Closed", "label": "others", "box": [107, 268, 135, 257], "linking": []}, {"id": 30, "text": " --", "label": "others", "box": [137, 268, 149, 257], "linking": []}]