[{"id": 0, "text": "\u56fd\u7a96", "label": "others", "box": [716, 107, 856, 18], "linking": []}, {"id": 1, "text": "merchant name", "label": "others", "box": [604, 153, 955, 114], "linking": []}, {"id": 2, "text": " ( \u4e9a \u6d32 \u5ee3 \u5834 )", "label": "others", "box": [841, 219, 1035, 170], "linking": []}, {"id": 3, "text": "merchant name", "label": "others", "box": [508, 280, 1059, 222], "linking": []}, {"id": 4, "text": "merchant address", "label": "others", "box": [603, 328, 961, 278], "linking": []}, {"id": 5, "text": "merchant address", "label": "others", "box": [814, 366, 847, 331], "linking": []}, {"id": 6, "text": " \u5fa1 \u5bf6 \u81f3 \u5c0a \u70e4 \u9e2d \u5e97", "label": "others", "box": [533, 231, 821, 176], "linking": []}, {"id": 7, "text": "merchant address", "label": "others", "box": [554, 374, 808, 333], "linking": []}, {"id": 8, "text": "merchant phone", "label": "others", "box": [566, 443, 849, 398], "linking": []}, {"id": 9, "text": "** Guest Check **", "label": "others", "box": [672, 507, 892, 468], "linking": []}, {"id": 10, "text": "merchant address", "label": "others", "box": [853, 364, 988, 325], "linking": []}, {"id": 11, "text": " (65)6636 1979", "label": "others", "box": [854, 433, 1051, 392], "linking": []}, {"id": 12, "text": "merchant address", "label": "others", "box": [994, 359, 1005, 324], "linking": []}, {"id": 13, "text": "merchant address", "label": "others", "box": [1011, 358, 1037, 323], "linking": []}, {"id": 14, "text": "merchant address", "label": "others", "box": [567, 406, 992, 360], "linking": []}, {"id": 15, "text": " :M9-0010008-Y", "label": "others", "box": [805, 470, 1002, 429], "linking": []}, {"id": 16, "text": " Tel:", "label": "others", "box": [513, 446, 562, 409], "linking": []}, {"id": 17, "text": " GST Registration", "label": "others", "box": [563, 478, 799, 437], "linking": []}, {"id": 18, "text": " Check:", "label": "others", "box": [479, 604, 648, 552], "linking": []}, {"id": 19, "text": " Table:C9 (309)", "label": "others", "box": [481, 676, 786, 629], "linking": []}, {"id": 20, "text": " : 2019-11-21", "label": "others", "box": [660, 722, 840, 685], "linking": []}, {"id": 21, "text": " : Wong Pooi Lan", "label": "others", "box": [660, 756, 883, 721], "linking": []}, {"id": 22, "text": " : 4", "label": "others", "box": [662, 790, 712, 758], "linking": []}, {"id": 23, "text": " 124871", "label": "others", "box": [657, 601, 831, 547], "linking": []}, {"id": 24, "text": "Date/Time", "label": "others", "box": [476, 721, 613, 687], "linking": []}, {"id": 25, "text": "Print By", "label": "others", "box": [479, 755, 606, 723], "linking": []}, {"id": 26, "text": " No. of Guest", "label": "others", "box": [479, 791, 656, 759], "linking": []}, {"id": 27, "text": " 12:15:32", "label": "others", "box": [938, 714, 1060, 677], "linking": []}, {"id": 28, "text": "4", "label": "e quantity", "box": [480, 854, 496, 835], "linking": []}, {"id": 29, "text": "Chinese Tea (pax)", "label": "0 description beginning", "box": [554, 861, 796, 829], "linking": []}, {"id": 30, "text": "Pickles", "label": "0 description beginning", "box": [549, 894, 661, 863], "linking": []}, {"id": 31, "text": "Twin Combination of", "label": "0 description beginning", "box": [552, 929, 834, 896], "linking": []}, {"id": 32, "text": "Barbecue Meat (S)", "label": "1 description inside", "box": [548, 964, 798, 930], "linking": []}, {"id": 33, "text": "Roast Pork", "label": "0 description beginning", "box": [536, 998, 692, 965], "linking": []}, {"id": 34, "text": " \u53c9 \u70e7", "label": "0 description beginning", "box": [551, 1033, 598, 1000], "linking": []}, {"id": 35, "text": "Baked Barbecue Pork Pastry", "label": "0 description beginning", "box": [551, 1071, 934, 1037], "linking": []}, {"id": 36, "text": "Steamed Prawn Dumpling 'Ha", "label": "0 description beginning", "box": [551, 1106, 928, 1072], "linking": []}, {"id": 37, "text": "Kau", "label": "1 description inside", "box": [547, 1140, 603, 1109], "linking": []}, {"id": 38, "text": "Steamed Shrimp & Pork", "label": "0 description beginning", "box": [549, 1177, 863, 1143], "linking": []}, {"id": 39, "text": "Dumpling with Shrimp Roe'S", "label": "1 description inside", "box": [548, 1216, 933, 1180], "linking": []}, {"id": 40, "text": "iew Mai'", "label": "1 description inside", "box": [550, 1251, 669, 1217], "linking": []}, {"id": 41, "text": "Fried Carrot Cake with XO", "label": "0 description beginning", "box": [549, 1288, 922, 1253], "linking": []}, {"id": 42, "text": "Sauce", "label": "1 description inside", "box": [544, 1325, 626, 1296], "linking": []}, {"id": 43, "text": "Baked Egg Tart", "label": "0 description beginning", "box": [543, 1366, 760, 1329], "linking": []}, {"id": 44, "text": "Beancurd Roll With Shrimp", "label": "0 description beginning", "box": [541, 1405, 926, 1366], "linking": []}, {"id": 45, "text": "Steam Custard Bun", "label": "0 description beginning", "box": [543, 1440, 804, 1406], "linking": []}, {"id": 46, "text": "Poached Seasonal", "label": "0 description beginning", "box": [541, 1480, 793, 1445], "linking": []}, {"id": 47, "text": "Vegetables in Chicken", "label": "1 description inside", "box": [544, 1519, 866, 1483], "linking": []}, {"id": 48, "text": "Broth (S)", "label": "1 description inside", "box": [541, 1556, 678, 1521], "linking": []}, {"id": 49, "text": "12.00", "label": "5 total price per item", "box": [1021, 851, 1092, 819], "linking": []}, {"id": 50, "text": "3.00", "label": "5 total price per item", "box": [1029, 886, 1094, 854], "linking": []}, {"id": 51, "text": "26.00", "label": "5 total price per item", "box": [1016, 921, 1091, 890], "linking": []}, {"id": 52, "text": "1", "label": "e quantity", "box": [478, 917, 492, 900], "linking": []}, {"id": 53, "text": "0.00", "label": "5 total price per item", "box": [1033, 992, 1095, 961], "linking": []}, {"id": 54, "text": "0.00", "label": "5 total price per item", "box": [1034, 1029, 1096, 997], "linking": []}, {"id": 55, "text": "6.00", "label": "5 total price per item", "box": [1034, 1063, 1096, 1033], "linking": []}, {"id": 56, "text": "6.80", "label": "5 total price per item", "box": [1036, 1102, 1099, 1071], "linking": []}, {"id": 57, "text": " (", "label": "others", "box": [621, 1032, 629, 1000], "linking": []}, {"id": 58, "text": " \u62fc )", "label": "0 description beginning", "box": [635, 1032, 680, 1000], "linking": []}, {"id": 59, "text": "1", "label": "e quantity", "box": [478, 1096, 493, 1078], "linking": []}, {"id": 60, "text": "1", "label": "e quantity", "box": [478, 1172, 489, 1152], "linking": []}, {"id": 61, "text": "6.20", "label": "5 total price per item", "box": [1036, 1173, 1100, 1142], "linking": []}, {"id": 62, "text": "12.00", "label": "5 total price per item", "box": [1030, 1288, 1109, 1255], "linking": []}, {"id": 63, "text": "5.70", "label": "5 total price per item", "box": [1041, 1365, 1108, 1331], "linking": []}, {"id": 64, "text": "6.20", "label": "5 total price per item", "box": [1043, 1402, 1108, 1369], "linking": []}, {"id": 65, "text": "6.30", "label": "5 total price per item", "box": [1043, 1440, 1109, 1407], "linking": []}, {"id": 66, "text": "20.00", "label": "5 total price per item", "box": [1026, 1479, 1111, 1447], "linking": []}, {"id": 67, "text": "1", "label": "e quantity", "box": [469, 1433, 486, 1414], "linking": []}, {"id": 68, "text": "1", "label": "e quantity", "box": [468, 1471, 482, 1452], "linking": []}, {"id": 69, "text": " Sub-total:", "label": "others", "box": [742, 1640, 896, 1598], "linking": []}, {"id": 70, "text": " Service 10%:", "label": "others", "box": [711, 1678, 894, 1640], "linking": []}, {"id": 71, "text": " 7% GST", "label": "others", "box": [775, 1715, 873, 1677], "linking": []}, {"id": 72, "text": "110.20", "label": "sub total", "box": [1019, 1640, 1111, 1606], "linking": []}, {"id": 73, "text": "11.02", "label": "others", "box": [1040, 1679, 1116, 1645], "linking": []}, {"id": 74, "text": "8.49", "label": "2 tax total", "box": [1051, 1718, 1117, 1685], "linking": []}, {"id": 75, "text": " :", "label": "others", "box": [878, 1716, 898, 1680], "linking": []}, {"id": 76, "text": " Please Pay:", "label": "others", "box": [558, 1813, 788, 1760], "linking": []}, {"id": 77, "text": "129.71", "label": "total amount", "box": [982, 1814, 1118, 1765], "linking": []}]