[{"id": 0, "text": "merchant name", "label": "others", "box": [59, 133, 363, 55], "linking": []}, {"id": 1, "text": "merchant address", "label": "others", "box": [118, 153, 289, 134], "linking": []}, {"id": 2, "text": "merchant phone", "label": "others", "box": [152, 187, 252, 167], "linking": []}, {"id": 3, "text": " 0025 11/12/2019 9:26 PM", "label": "others", "box": [162, 227, 369, 201], "linking": []}, {"id": 4, "text": "NICE! ICLND PURE SPNG WTR 50.720Z", "label": "0 description beginning", "box": [23, 261, 296, 230], "linking": []}, {"id": 5, "text": "4.58", "label": "5 total price per item", "box": [283, 280, 319, 261], "linking": []}, {"id": 6, "text": "merchant address", "label": "others", "box": [102, 171, 296, 150], "linking": []}, {"id": 7, "text": "345", "label": "others", "box": [24, 215, 53, 197], "linking": []}, {"id": 8, "text": "3964", "label": "others", "box": [105, 218, 148, 199], "linking": []}, {"id": 9, "text": "04902213900", "label": "others", "box": [54, 272, 147, 248], "linking": []}, {"id": 10, "text": "RETURN VALUE 2.29 ea", "label": "1 description inside", "box": [51, 308, 220, 284], "linking": []}, {"id": 11, "text": "2 @ 2.29", "label": "1 description inside", "box": [52, 287, 125, 266], "linking": []}, {"id": 12, "text": "SHOPPING BAG FEE", "label": "0 description beginning", "box": [17, 318, 153, 297], "linking": []}, {"id": 13, "text": "TOTAL", "label": "others", "box": [50, 348, 90, 330], "linking": []}, {"id": 14, "text": "AMEX ACCT 1000", "label": "others", "box": [50, 366, 166, 347], "linking": []}, {"id": 15, "text": "CHANGE", "label": "others", "box": [48, 382, 101, 364], "linking": []}, {"id": 16, "text": "0.10", "label": "5 total price per item", "box": [282, 321, 317, 305], "linking": []}, {"id": 17, "text": "4.68", "label": "total amount", "box": [282, 350, 319, 335], "linking": []}, {"id": 18, "text": "4.68", "label": "others", "box": [281, 365, 319, 348], "linking": []}, {"id": 19, "text": ".00", "label": "others", "box": [292, 383, 317, 365], "linking": []}, {"id": 20, "text": "bsolqu", "label": "others", "box": [140, 397, 204, 381], "linking": []}, {"id": 21, "text": "AID A000000025010801", "label": "others", "box": [13, 417, 184, 398], "linking": []}, {"id": 22, "text": "AMERICAN EXPRESS", "label": "others", "box": [13, 434, 147, 415], "linking": []}, {"id": 23, "text": "Integrated chip card", "label": "others", "box": [14, 453, 183, 434], "linking": []}, {"id": 24, "text": "THANK YOU FOR SHOPPING AT WALGREENS", "label": "others", "box": [11, 525, 303, 501], "linking": []}, {"id": 25, "text": "DID YOU KNOW THAT YOU CAN EARN POINTS", "label": "others", "box": [9, 560, 319, 535], "linking": []}, {"id": 26, "text": "ONLINE? SEE OUR WEEKLY AD FOR MORE", "label": "others", "box": [8, 593, 289, 569], "linking": []}, {"id": 27, "text": "RESTRICTIONS APPLY. FOR TERMS AND", "label": "others", "box": [6, 623, 281, 603], "linking": []}, {"id": 28, "text": "ON THOUSANDS OF ITEMS IN-STORE AND", "label": "others", "box": [8, 577, 292, 553], "linking": []}, {"id": 29, "text": "INFORMATION. ITEMS CHANGE WEEKLY.", "label": "others", "box": [8, 608, 277, 586], "linking": []}, {"id": 30, "text": "CONDITIONS, VISIT WALGREENS.COM/BALANCE.", "label": "others", "box": [7, 642, 334, 620], "linking": []}, {"id": 31, "text": "RFN# 0089-0253-9644-1911-1203", "label": "others", "box": [63, 674, 306, 654], "linking": []}, {"id": 32, "text": "zet", "label": "others", "box": [136, 755, 152, 743], "linking": []}, {"id": 33, "text": "balance*", "label": "others", "box": [141, 777, 190, 761], "linking": []}, {"id": 34, "text": "ewards", "label": "others", "box": [127, 800, 243, 769], "linking": []}, {"id": 35, "text": "How are we doing?", "label": "others", "box": [33, 875, 324, 852], "linking": []}, {"id": 36, "text": "$3,000 cash", "label": "others", "box": [79, 907, 271, 886], "linking": []}, {"id": 37, "text": "Visit", "label": "others", "box": [147, 936, 193, 919], "linking": []}, {"id": 38, "text": "Enter our monthly sweepstakes for", "label": "others", "box": [31, 891, 319, 870], "linking": []}, {"id": 39, "text": "WWW.WALGREENSLISTENS.COM", "label": "others", "box": [64, 954, 274, 931], "linking": []}, {"id": 40, "text": "or call toll free", "label": "others", "box": [101, 984, 248, 965], "linking": []}, {"id": 41, "text": "within 72 hours to take a short", "label": "others", "box": [43, 1019, 309, 992], "linking": []}, {"id": 42, "text": "*******************", "label": "others", "box": [91, 967, 256, 949], "linking": []}, {"id": 43, "text": "1-800-219-7451", "label": "others", "box": [105, 999, 232, 979], "linking": []}, {"id": 44, "text": "survey about this Walgreens visit", "label": "others", "box": [38, 1034, 320, 1012], "linking": []}, {"id": 45, "text": "SURVEY#", "label": "others", "box": [145, 1062, 208, 1043], "linking": []}, {"id": 46, "text": "10 0089-0253-964", "label": "others", "box": [40, 1081, 292, 1056], "linking": []}, {"id": 47, "text": "PASSWORD", "label": "others", "box": [145, 1111, 218, 1093], "linking": []}, {"id": 48, "text": "4191-1120-326", "label": "others", "box": [75, 1130, 292, 1110], "linking": []}, {"id": 49, "text": "For contest rules, see store or", "label": "others", "box": [47, 1166, 309, 1144], "linking": []}, {"id": 50, "text": "WWW.WALGREENSLISTENS.COM", "label": "others", "box": [80, 1183, 286, 1161], "linking": []}]