[{"id": 0, "text": "merchant name", "label": "others", "box": [113, 374, 879, 97], "linking": []}, {"id": 1, "text": "merchant address", "label": "others", "box": [359, 530, 622, 476], "linking": []}, {"id": 2, "text": "merchant phone", "label": "others", "box": [387, 620, 601, 569], "linking": []}, {"id": 3, "text": "merchant name", "label": "others", "box": [472, 390, 818, 292], "linking": []}, {"id": 4, "text": "merchant address", "label": "others", "box": [273, 582, 695, 515], "linking": []}, {"id": 5, "text": "O", "label": "others", "box": [845, 783, 865, 746], "linking": []}, {"id": 6, "text": "Chk 4109", "label": "others", "box": [135, 802, 290, 765], "linking": []}, {"id": 7, "text": " Oct31'19 06:02P Gst", "label": "others", "box": [443, 796, 825, 739], "linking": []}, {"id": 8, "text": "To Go", "label": "others", "box": [205, 882, 398, 842], "linking": []}, {"id": 9, "text": " PB CHOC", "label": "0 description beginning", "box": [198, 926, 344, 886], "linking": []}, {"id": 10, "text": "2100015746731100108", "label": "others", "box": [180, 972, 536, 934], "linking": []}, {"id": 11, "text": "AMEX", "label": "others", "box": [201, 1018, 284, 980], "linking": []}, {"id": 12, "text": " 1", "label": "e quantity", "box": [166, 926, 190, 886], "linking": []}, {"id": 13, "text": "3.95", "label": "5 total price per item", "box": [727, 924, 808, 884], "linking": []}, {"id": 14, "text": "3.95", "label": "others", "box": [731, 1015, 810, 972], "linking": []}, {"id": 15, "text": "FOOD", "label": "0 description beginning", "box": [196, 1114, 276, 1074], "linking": []}, {"id": 16, "text": "PAYMENT", "label": "others", "box": [194, 1160, 334, 1122], "linking": []}, {"id": 17, "text": "3.95", "label": "5 total price per item", "box": [732, 1109, 815, 1067], "linking": []}, {"id": 18, "text": "3.95", "label": "total amount", "box": [737, 1155, 817, 1115], "linking": []}, {"id": 19, "text": "follow sprinkles on", "label": "others", "box": [195, 1260, 561, 1213], "linking": []}, {"id": 20, "text": "facebook and twitter to get the", "label": "others", "box": [194, 1307, 786, 1259], "linking": []}, {"id": 21, "text": "inside scoop!", "label": "others", "box": [192, 1355, 447, 1313], "linking": []}, {"id": 22, "text": "facebook.com/sprinkles", "label": "others", "box": [196, 1448, 622, 1397], "linking": []}, {"id": 23, "text": "twitter.com/sprinkles", "label": "others", "box": [192, 1500, 598, 1441], "linking": []}, {"id": 24, "text": "sprinkles.com", "label": "others", "box": [165, 1603, 437, 1547], "linking": []}]