[{"id": 0, "text": "merchant name", "label": "others", "box": [215, 168, 334, 141], "linking": []}, {"id": 1, "text": "merchant address", "label": "others", "box": [136, 202, 415, 171], "linking": []}, {"id": 2, "text": " 795871659", "label": "others", "box": [252, 232, 356, 206], "linking": []}, {"id": 3, "text": " VAT:", "label": "others", "box": [195, 233, 247, 207], "linking": []}, {"id": 4, "text": "24565 FroialF", "label": "others", "box": [50, 293, 199, 268], "linking": []}, {"id": 5, "text": "CHK 12775", "label": "others", "box": [219, 348, 325, 325], "linking": []}, {"id": 6, "text": "Take Away", "label": "others", "box": [102, 409, 212, 381], "linking": []}, {"id": 7, "text": " Americano Regular", "label": "0 description beginning", "box": [75, 438, 278, 412], "linking": []}, {"id": 8, "text": " Vegan Club Sandwich", "label": "0 description beginning", "box": [73, 468, 306, 440], "linking": []}, {"id": 9, "text": " Tuna Red Pepper & Rocket", "label": "0 description beginning", "box": [72, 500, 362, 470], "linking": []}, {"id": 10, "text": "Sandwich", "label": "1 description inside", "box": [71, 528, 172, 501], "linking": []}, {"id": 11, "text": "Credit Card MPG", "label": "others", "box": [69, 559, 257, 531], "linking": []}, {"id": 12, "text": "2692015104450898400", "label": "others", "box": [71, 589, 305, 564], "linking": []}, {"id": 13, "text": " 1", "label": "e quantity", "box": [55, 437, 70, 412], "linking": []}, {"id": 14, "text": " 1", "label": "e quantity", "box": [53, 468, 68, 441], "linking": []}, {"id": 15, "text": " 1", "label": "e quantity", "box": [51, 497, 67, 470], "linking": []}, {"id": 16, "text": "2.45", "label": "5 total price per item", "box": [463, 436, 514, 409], "linking": []}, {"id": 17, "text": "3.65", "label": "5 total price per item", "box": [465, 466, 516, 439], "linking": []}, {"id": 18, "text": "3.35", "label": "5 total price per item", "box": [468, 529, 518, 503], "linking": []}, {"id": 19, "text": "GBP 9.45", "label": "total amount", "box": [422, 561, 520, 534], "linking": []}, {"id": 20, "text": "1.58 VAT 20 %", "label": "others", "box": [113, 647, 269, 622], "linking": []}, {"id": 21, "text": " Net Total:", "label": "others", "box": [75, 680, 193, 650], "linking": []}, {"id": 22, "text": "Subtotal", "label": "others", "box": [80, 709, 175, 679], "linking": []}, {"id": 23, "text": "Payment", "label": "others", "box": [81, 741, 164, 711], "linking": []}, {"id": 24, "text": " Change Due", "label": "others", "box": [43, 778, 178, 739], "linking": []}, {"id": 25, "text": "9.45", "label": "others", "box": [464, 650, 515, 625], "linking": []}, {"id": 26, "text": "GBP 7.87", "label": "sub total", "box": [417, 680, 516, 652], "linking": []}, {"id": 27, "text": "GBP 9.45", "label": "total amount", "box": [417, 709, 513, 680], "linking": []}, {"id": 28, "text": "GBP 9.45", "label": "total amount", "box": [416, 738, 512, 709], "linking": []}, {"id": 29, "text": " GBP 0.00", "label": "others", "box": [183, 766, 280, 733], "linking": []}, {"id": 30, "text": "Check Closed", "label": "others", "box": [209, 821, 349, 787], "linking": []}, {"id": 31, "text": " 28 Oct'19 9:21 AM", "label": "others", "box": [176, 849, 374, 818], "linking": []}, {"id": 32, "text": "Tell us how we did today.", "label": "others", "box": [134, 905, 413, 875], "linking": []}, {"id": 33, "text": "Visit www.mynerovisit.com", "label": "others", "box": [130, 934, 416, 905], "linking": []}]