[{"id": 0, "text": "USD", "label": "others", "box": [442, 103, 472, 85], "linking": []}, {"id": 1, "text": "1.30", "label": "5 total price per item", "box": [436, 126, 472, 106], "linking": []}, {"id": 2, "text": "Mt Dew Diet 20oz", "label": "0 description beginning", "box": [78, 127, 236, 107], "linking": []}, {"id": 3, "text": "0.90 lb \u00d7 $ 6.88/1b", "label": "1 description inside", "box": [77, 149, 264, 126], "linking": []}, {"id": 4, "text": "PHX Salad Bar Weighe", "label": "0 description beginning", "box": [75, 171, 272, 148], "linking": []}, {"id": 5, "text": "6.19", "label": "5 total price per item", "box": [434, 167, 474, 147], "linking": []}, {"id": 6, "text": "0.50", "label": "5 total price per item", "box": [433, 189, 474, 168], "linking": []}, {"id": 7, "text": "0.50", "label": "5 total price per item", "box": [433, 208, 474, 189], "linking": []}, {"id": 8, "text": "Dinner Roll", "label": "0 description beginning", "box": [75, 194, 182, 168], "linking": []}, {"id": 9, "text": "Dinner Roll", "label": "0 description beginning", "box": [73, 217, 179, 192], "linking": []}, {"id": 10, "text": "Total USD", "label": "others", "box": [61, 276, 236, 236], "linking": []}, {"id": 11, "text": "9.22", "label": "total amount", "box": [393, 268, 474, 232], "linking": []}, {"id": 12, "text": "5009 AMERICAN EXPRESS", "label": "others", "box": [51, 365, 266, 341], "linking": []}, {"id": 13, "text": "9.22", "label": "others", "box": [433, 358, 477, 336], "linking": []}, {"id": 14, "text": "Vat percent", "label": "others", "box": [45, 439, 162, 415], "linking": []}, {"id": 15, "text": "Net", "label": "others", "box": [199, 438, 232, 417], "linking": []}, {"id": 16, "text": "Gross", "label": "others", "box": [290, 438, 344, 417], "linking": []}, {"id": 17, "text": "VAT", "label": "others", "box": [400, 438, 432, 415], "linking": []}, {"id": 18, "text": " 10/14/2019 12:56 PM #:54095 Op:8991 C:112", "label": "others", "box": [49, 518, 469, 493], "linking": []}, {"id": 19, "text": " 202 S:1122", "label": "others", "box": [50, 543, 154, 520], "linking": []}, {"id": 20, "text": " Served you", "label": "others", "box": [49, 569, 156, 547], "linking": []}, {"id": 21, "text": " : Cassandra Monje", "label": "others", "box": [160, 569, 330, 545], "linking": []}, {"id": 22, "text": "*** Customer copy ***", "label": "others", "box": [139, 665, 346, 645], "linking": []}, {"id": 23, "text": "AMEX AEDR (3)", "label": "others", "box": [175, 710, 303, 688], "linking": []}, {"id": 24, "text": "PURCHASE / APPROVED", "label": "others", "box": [39, 759, 234, 736], "linking": []}, {"id": 25, "text": "AMERICAN EXPRESS", "label": "others", "box": [40, 785, 204, 761], "linking": []}, {"id": 26, "text": "*********** 1007", "label": "others", "box": [39, 809, 191, 787], "linking": []}, {"id": 27, "text": " VERIFIED BY PIN", "label": "others", "box": [157, 836, 312, 811], "linking": []}, {"id": 28, "text": " CHIP READ", "label": "others", "box": [39, 836, 133, 813], "linking": []}, {"id": 29, "text": " /", "label": "others", "box": [137, 836, 153, 813], "linking": []}, {"id": 30, "text": " 2019/10/14 13:56:38", "label": "others", "box": [40, 885, 230, 862], "linking": []}, {"id": 31, "text": "TID", "label": "others", "box": [42, 906, 73, 886], "linking": []}, {"id": 32, "text": "MID", "label": "others", "box": [37, 932, 70, 910], "linking": []}, {"id": 33, "text": "REFERENCE", "label": "others", "box": [35, 958, 128, 935], "linking": []}, {"id": 34, "text": "AUTH CODE", "label": "others", "box": [35, 984, 126, 962], "linking": []}, {"id": 35, "text": "**** 6040", "label": "others", "box": [356, 908, 440, 888], "linking": []}, {"id": 36, "text": "6634460", "label": "others", "box": [365, 930, 438, 911], "linking": []}, {"id": 37, "text": "S1122T112202#54095@906642", "label": "others", "box": [185, 958, 438, 933], "linking": []}, {"id": 38, "text": "806302", "label": "others", "box": [375, 980, 437, 960], "linking": []}, {"id": 39, "text": "TOTAL", "label": "others", "box": [32, 1036, 82, 1014], "linking": []}, {"id": 40, "text": "USD9.22", "label": "others", "box": [362, 1034, 437, 1011], "linking": []}, {"id": 41, "text": " ARC:", "label": "others", "box": [26, 1090, 71, 1067], "linking": []}, {"id": 42, "text": " TSI:", "label": "others", "box": [25, 1118, 67, 1094], "linking": []}, {"id": 43, "text": " IAD:", "label": "others", "box": [23, 1144, 66, 1121], "linking": []}, {"id": 44, "text": " TVR:", "label": "others", "box": [20, 1175, 63, 1145], "linking": []}, {"id": 45, "text": " AID:", "label": "others", "box": [16, 1201, 62, 1176], "linking": []}, {"id": 46, "text": " PAN Seq No:", "label": "others", "box": [14, 1230, 133, 1203], "linking": []}, {"id": 47, "text": " 00", "label": "others", "box": [75, 1090, 101, 1067], "linking": []}, {"id": 48, "text": " F800", "label": "others", "box": [72, 1117, 120, 1092], "linking": []}, {"id": 49, "text": " 066D010364A002", "label": "others", "box": [71, 1144, 221, 1118], "linking": []}, {"id": 50, "text": " 0000008000", "label": "others", "box": [69, 1174, 179, 1143], "linking": []}, {"id": 51, "text": " A000000025010801", "label": "others", "box": [66, 1200, 236, 1173], "linking": []}, {"id": 52, "text": " 00", "label": "others", "box": [138, 1227, 163, 1202], "linking": []}]