[{"id": 0, "text": "Delivery", "label": "others", "box": [190, 39, 293, 16], "linking": []}, {"id": 1, "text": "BRYCE SELINE READY", "label": "others", "box": [111, 61, 292, 47], "linking": []}, {"id": 2, "text": "200 VESEY ST", "label": "others", "box": [110, 72, 229, 60], "linking": []}, {"id": 3, "text": "AMERICAN EXPRESS", "label": "others", "box": [109, 86, 271, 71], "linking": []}, {"id": 4, "text": "(583) 508-4415", "label": "others", "box": [110, 101, 249, 87], "linking": []}, {"id": 5, "text": "1 -40", "label": "others", "box": [311, 63, 346, 50], "linking": []}, {"id": 6, "text": "merchant name", "label": "others", "box": [162, 138, 331, 121], "linking": []}, {"id": 7, "text": "merchant address", "label": "others", "box": [189, 155, 303, 140], "linking": []}, {"id": 8, "text": "merchant phone", "label": "others", "box": [206, 173, 296, 156], "linking": []}, {"id": 9, "text": " Server:", "label": "others", "box": [115, 206, 162, 191], "linking": []}, {"id": 10, "text": " Guests:", "label": "others", "box": [117, 238, 165, 223], "linking": []}, {"id": 11, "text": " Delivery", "label": "others", "box": [164, 206, 220, 191], "linking": []}, {"id": 12, "text": "11/13/2019", "label": "others", "box": [319, 205, 385, 189], "linking": []}, {"id": 13, "text": " 10:10 AM", "label": "others", "box": [334, 220, 385, 206], "linking": []}, {"id": 14, "text": " 1", "label": "others", "box": [167, 238, 176, 223], "linking": []}, {"id": 15, "text": "#30008", "label": "others", "box": [304, 252, 382, 237], "linking": []}, {"id": 16, "text": "Square Pie (3 @27.00)", "label": "0 description beginning", "box": [116, 284, 250, 270], "linking": []}, {"id": 17, "text": "Square Pie", "label": "0 description beginning", "box": [118, 300, 184, 286], "linking": []}, {"id": 18, "text": "Whole", "label": "1 description inside", "box": [128, 315, 166, 301], "linking": []}, {"id": 19, "text": "Peoperoni", "label": "1 description inside", "box": [141, 331, 201, 317], "linking": []}, {"id": 20, "text": " Square", "label": "0 description beginning", "box": [119, 346, 160, 333], "linking": []}, {"id": 21, "text": "Whole", "label": "1 description inside", "box": [132, 360, 166, 348], "linking": []}, {"id": 22, "text": "Mushroom", "label": "1 description inside", "box": [144, 375, 197, 362], "linking": []}, {"id": 23, "text": "Broccoli", "label": "1 description inside", "box": [144, 390, 195, 376], "linking": []}, {"id": 24, "text": " Caesar Salad F", "label": "0 description beginning", "box": [119, 406, 210, 391], "linking": []}, {"id": 25, "text": "81.00", "label": "5 total price per item", "box": [346, 282, 381, 269], "linking": []}, {"id": 26, "text": "30.00", "label": "5 total price per item", "box": [347, 298, 381, 285], "linking": []}, {"id": 27, "text": " Pie", "label": "0 description beginning", "box": [162, 346, 183, 333], "linking": []}, {"id": 28, "text": "33.00", "label": "5 total price per item", "box": [345, 344, 379, 329], "linking": []}, {"id": 29, "text": " (2 #20.00)", "label": "0 description beginning", "box": [212, 405, 276, 390], "linking": []}, {"id": 30, "text": "40.00", "label": "5 total price per item", "box": [347, 401, 382, 389], "linking": []}, {"id": 31, "text": "Complete Subtotal", "label": "others", "box": [115, 437, 226, 419], "linking": []}, {"id": 32, "text": "184.00", "label": "sub total", "box": [347, 432, 385, 416], "linking": []}, {"id": 33, "text": "9 Foid 10%", "label": "others", "box": [112, 470, 183, 453], "linking": []}, {"id": 34, "text": "Subtotal", "label": "others", "box": [112, 486, 168, 471], "linking": []}, {"id": 35, "text": "-18.40", "label": "others", "box": [347, 465, 388, 448], "linking": []}, {"id": 36, "text": "165.60", "label": "sub total", "box": [350, 481, 388, 466], "linking": []}, {"id": 37, "text": "Total Tax", "label": "others", "box": [114, 537, 176, 520], "linking": []}, {"id": 38, "text": "14.70", "label": "2 tax total", "box": [355, 529, 388, 513], "linking": []}, {"id": 39, "text": "Total", "label": "others", "box": [115, 568, 150, 553], "linking": []}, {"id": 40, "text": "180.30", "label": "total amount", "box": [350, 560, 387, 544], "linking": []}, {"id": 41, "text": "9 Fold", "label": "others", "box": [114, 595, 158, 582], "linking": []}, {"id": 42, "text": " CC Tip:", "label": "others", "box": [118, 606, 165, 596], "linking": []}, {"id": 43, "text": "Total", "label": "others", "box": [120, 617, 152, 605], "linking": []}, {"id": 44, "text": "180.30", "label": "others", "box": [349, 591, 387, 576], "linking": []}, {"id": 45, "text": "27.60", "label": "3 tip", "box": [352, 604, 386, 591], "linking": []}, {"id": 46, "text": "207.90", "label": "total amount", "box": [345, 616, 385, 603], "linking": []}]