[{"id": 0, "text": "Thank you for dining with", "label": "others", "box": [129, 206, 402, 158], "linking": []}, {"id": 1, "text": "merchant address", "label": "others", "box": [141, 258, 401, 213], "linking": []}, {"id": 2, "text": "merchant name", "label": "others", "box": [129, 231, 407, 189], "linking": []}, {"id": 3, "text": "merchant address", "label": "others", "box": [172, 273, 299, 242], "linking": []}, {"id": 4, "text": " 85085", "label": "others", "box": [305, 279, 367, 245], "linking": []}, {"id": 5, "text": " Server:", "label": "others", "box": [47, 343, 127, 312], "linking": []}, {"id": 6, "text": " 31/1", "label": "others", "box": [106, 390, 153, 363], "linking": []}, {"id": 7, "text": " Victor", "label": "others", "box": [130, 336, 197, 305], "linking": []}, {"id": 8, "text": " 01:25 PM", "label": "others", "box": [47, 367, 136, 339], "linking": []}, {"id": 9, "text": " Tabl:", "label": "others", "box": [47, 393, 103, 366], "linking": []}, {"id": 10, "text": " DOB:", "label": "others", "box": [325, 337, 377, 307], "linking": []}, {"id": 11, "text": " 11/20/2019", "label": "others", "box": [379, 348, 490, 312], "linking": []}, {"id": 12, "text": "2/20007", "label": "others", "box": [411, 400, 484, 371], "linking": []}, {"id": 13, "text": "11/20/2019", "label": "others", "box": [379, 374, 486, 342], "linking": []}, {"id": 14, "text": "SALE", "label": "others", "box": [240, 431, 291, 404], "linking": []}, {"id": 15, "text": "AMEX", "label": "others", "box": [37, 497, 82, 473], "linking": []}, {"id": 16, "text": "2097155", "label": "others", "box": [412, 504, 490, 476], "linking": []}, {"id": 17, "text": "Card #XXXXXXXXXXX2 009", "label": "others", "box": [36, 527, 266, 489], "linking": []}, {"id": 18, "text": " S", "label": "others", "box": [247, 577, 266, 549], "linking": []}, {"id": 19, "text": " Magnetic card present:", "label": "others", "box": [33, 556, 276, 523], "linking": []}, {"id": 20, "text": " Card Entry Method:", "label": "others", "box": [34, 583, 240, 550], "linking": []}, {"id": 21, "text": " Approval:", "label": "others", "box": [30, 640, 132, 612], "linking": []}, {"id": 22, "text": " 559542", "label": "others", "box": [136, 636, 209, 609], "linking": []}, {"id": 23, "text": " Amount", "label": "others", "box": [249, 691, 312, 669], "linking": []}, {"id": 24, "text": " :", "label": "others", "box": [316, 692, 328, 669], "linking": []}, {"id": 25, "text": "$308.75", "label": "others", "box": [413, 693, 491, 670], "linking": []}, {"id": 26, "text": " + Tip", "label": "others", "box": [259, 749, 310, 718], "linking": []}, {"id": 27, "text": " : C2 C2", "label": "3 tip", "box": [313, 753, 487, 712], "linking": []}, {"id": 28, "text": "378.75", "label": "total amount", "box": [334, 813, 491, 763], "linking": []}, {"id": 29, "text": " = Total:", "label": "others", "box": [236, 805, 332, 778], "linking": []}, {"id": 30, "text": "I agree to pay the above", "label": "others", "box": [122, 895, 392, 861], "linking": []}, {"id": 31, "text": "total amount according to the", "label": "others", "box": [90, 921, 412, 893], "linking": []}, {"id": 32, "text": "card issuer agreement.", "label": "others", "box": [133, 950, 379, 924], "linking": []}, {"id": 33, "text": "X", "label": "others", "box": [17, 1004, 35, 982], "linking": []}, {"id": 34, "text": "******************************************", "label": "others", "box": [21, 1057, 483, 1027], "linking": []}, {"id": 35, "text": "Don't forget to give your phone", "label": "others", "box": [76, 1110, 415, 1078], "linking": []}, {"id": 36, "text": " today's meal.", "label": "others", "box": [238, 1159, 381, 1133], "linking": []}, {"id": 37, "text": " P.F. Chang's Rewards Members:", "label": "others", "box": [87, 1085, 405, 1052], "linking": []}, {"id": 38, "text": "number to your server to earn", "label": "others", "box": [87, 1134, 404, 1106], "linking": []}, {"id": 39, "text": " points fo", "label": "others", "box": [123, 1160, 215, 1134], "linking": []}, {"id": 40, "text": " -", "label": "others", "box": [219, 1159, 234, 1134], "linking": []}, {"id": 41, "text": "******************************************", "label": "others", "box": [21, 1181, 475, 1156], "linking": []}, {"id": 42, "text": "Gratuity Not Included", "label": "others", "box": [131, 1208, 360, 1183], "linking": []}, {"id": 43, "text": "Thank You!", "label": "others", "box": [195, 1280, 302, 1256], "linking": []}, {"id": 44, "text": "CS", "label": "others", "box": [15, 1321, 40, 1305], "linking": []}, {"id": 45, "text": "Scanned with", "label": "others", "box": [50, 1315, 135, 1300], "linking": []}, {"id": 46, "text": "CamScanner", "label": "others", "box": [51, 1331, 133, 1316], "linking": []}]