[{"id": 0, "text": "merchant name", "label": "others", "box": [56, 172, 464, 131], "linking": []}, {"id": 1, "text": "merchant address", "label": "others", "box": [55, 237, 355, 193], "linking": []}, {"id": 2, "text": "merchant address", "label": "others", "box": [56, 294, 251, 258], "linking": []}, {"id": 3, "text": "TIME 22OCT19", "label": "others", "box": [56, 357, 347, 318], "linking": []}, {"id": 4, "text": "TSP", "label": "others", "box": [56, 410, 120, 382], "linking": []}, {"id": 5, "text": "RRN", "label": "others", "box": [54, 442, 121, 413], "linking": []}, {"id": 6, "text": "AMERICAN EXPRESS", "label": "others", "box": [57, 479, 396, 446], "linking": []}, {"id": 7, "text": "Amex(C)", "label": "others", "box": [57, 504, 206, 478], "linking": []}, {"id": 8, "text": " CARD.", "label": "others", "box": [58, 534, 164, 508], "linking": []}, {"id": 9, "text": "AID", "label": "others", "box": [57, 563, 121, 539], "linking": []}, {"id": 10, "text": "TUR", "label": "others", "box": [59, 594, 121, 569], "linking": []}, {"id": 11, "text": "AUTH", "label": "others", "box": [57, 628, 145, 599], "linking": []}, {"id": 12, "text": "merchant address", "label": "others", "box": [56, 202, 462, 162], "linking": []}, {"id": 13, "text": "merchant address", "label": "others", "box": [53, 267, 294, 223], "linking": []}, {"id": 14, "text": " 14:31", "label": "others", "box": [418, 354, 537, 326], "linking": []}, {"id": 15, "text": "25058413", "label": "others", "box": [375, 389, 547, 354], "linking": []}, {"id": 16, "text": "100381961090", "label": "others", "box": [296, 419, 545, 388], "linking": []}, {"id": 17, "text": "191022010976", "label": "others", "box": [294, 449, 547, 419], "linking": []}, {"id": 18, "text": "MID", "label": "others", "box": [56, 379, 122, 352], "linking": []}, {"id": 19, "text": "CR", "label": "others", "box": [499, 508, 546, 479], "linking": []}, {"id": 20, "text": "9248", "label": "others", "box": [450, 536, 544, 510], "linking": []}, {"id": 21, "text": "A000000025010901", "label": "others", "box": [208, 566, 543, 542], "linking": []}, {"id": 22, "text": "0000008000", "label": "others", "box": [334, 597, 545, 572], "linking": []}, {"id": 23, "text": "883864", "label": "others", "box": [416, 626, 544, 603], "linking": []}, {"id": 24, "text": " .", "label": "others", "box": [169, 534, 184, 511], "linking": []}, {"id": 25, "text": "PURCHASE", "label": "others", "box": [57, 685, 252, 660], "linking": []}, {"id": 26, "text": "AUD18.50", "label": "total amount", "box": [343, 688, 536, 661], "linking": []}, {"id": 27, "text": "(000) APPROVED", "label": "others", "box": [133, 747, 463, 721], "linking": []}, {"id": 28, "text": "*CUSTOMER COPY*", "label": "others", "box": [143, 810, 458, 780], "linking": []}]