[{"id": 0, "text": "merchant address", "label": "others", "box": [171, 418, 522, 390], "linking": []}, {"id": 1, "text": "merchant address", "label": "others", "box": [234, 444, 455, 416], "linking": []}, {"id": 2, "text": " Nov11'19 07:27PM", "label": "others", "box": [289, 472, 511, 444], "linking": []}, {"id": 3, "text": "Amex", "label": "others", "box": [288, 500, 347, 474], "linking": []}, {"id": 4, "text": "XXXXXXXXXXX3007", "label": "others", "box": [284, 529, 497, 500], "linking": []}, {"id": 5, "text": " SWIPED", "label": "others", "box": [282, 559, 373, 530], "linking": []}, {"id": 6, "text": " PURCHASE", "label": "others", "box": [280, 589, 401, 559], "linking": []}, {"id": 7, "text": "III010186910831", "label": "others", "box": [264, 618, 496, 589], "linking": []}, {"id": 8, "text": " 524967", "label": "others", "box": [277, 650, 368, 621], "linking": []}, {"id": 9, "text": "41", "label": "others", "box": [280, 680, 315, 651], "linking": []}, {"id": 10, "text": "MARKB18", "label": "others", "box": [275, 713, 385, 682], "linking": []}, {"id": 11, "text": "1197 Cassandr", "label": "others", "box": [281, 746, 471, 714], "linking": []}, {"id": 12, "text": "18.46", "label": "sub total", "box": [401, 788, 543, 753], "linking": []}, {"id": 13, "text": "3,32", "label": "3 tip", "box": [431, 828, 538, 788], "linking": []}, {"id": 14, "text": "2121. 78", "label": "total amount", "box": [366, 880, 544, 827], "linking": []}, {"id": 15, "text": " Date:", "label": "others", "box": [121, 471, 193, 446], "linking": []}, {"id": 16, "text": " Card Type:", "label": "others", "box": [118, 501, 259, 474], "linking": []}, {"id": 17, "text": " Acct #:", "label": "others", "box": [116, 530, 215, 503], "linking": []}, {"id": 18, "text": " Card Entry:", "label": "others", "box": [113, 559, 277, 531], "linking": []}, {"id": 19, "text": " Trans Type:", "label": "others", "box": [110, 589, 275, 560], "linking": []}, {"id": 20, "text": " Trans Key:", "label": "others", "box": [109, 620, 264, 591], "linking": []}, {"id": 21, "text": " Auth Code:", "label": "others", "box": [104, 651, 266, 622], "linking": []}, {"id": 22, "text": " Check", "label": "others", "box": [103, 684, 172, 654], "linking": []}, {"id": 23, "text": " Check ID:", "label": "others", "box": [101, 716, 234, 685], "linking": []}, {"id": 24, "text": " Server", "label": "others", "box": [98, 748, 182, 719], "linking": []}, {"id": 25, "text": " Subtotal:", "label": "others", "box": [95, 791, 231, 760], "linking": []}, {"id": 26, "text": " Tip:", "label": "others", "box": [94, 836, 152, 803], "linking": []}, {"id": 27, "text": " Total:", "label": "others", "box": [88, 880, 180, 847], "linking": []}, {"id": 28, "text": " :", "label": "others", "box": [177, 684, 193, 654], "linking": []}, {"id": 29, "text": " :", "label": "others", "box": [188, 748, 204, 720], "linking": []}, {"id": 30, "text": "Signature", "label": "others", "box": [80, 963, 227, 928], "linking": []}, {"id": 31, "text": "I agree to pay above total", "label": "others", "box": [76, 1000, 490, 960], "linking": []}, {"id": 32, "text": "according to my card issuer", "label": "others", "box": [74, 1038, 505, 1000], "linking": []}, {"id": 33, "text": "agreement.", "label": "others", "box": [70, 1078, 236, 1040], "linking": []}, {"id": 34, "text": "* * * * Guest Copy * * * *", "label": "others", "box": [64, 1125, 497, 1085], "linking": []}]