[{"id": 0, "text": "merchant name", "label": "others", "box": [78, 52, 132, 41], "linking": []}, {"id": 1, "text": "merchant address", "label": "others", "box": [76, 70, 136, 60], "linking": []}, {"id": 2, "text": "merchant address", "label": "others", "box": [81, 84, 131, 74], "linking": []}, {"id": 3, "text": "merchant address", "label": "others", "box": [69, 93, 143, 84], "linking": []}, {"id": 4, "text": "merchant phone", "label": "others", "box": [79, 101, 135, 93], "linking": []}, {"id": 5, "text": " Date 12/12/19, 12:11 PM", "label": "others", "box": [63, 128, 153, 119], "linking": []}, {"id": 6, "text": "Devantao E", "label": "others", "box": [85, 136, 128, 127], "linking": []}, {"id": 7, "text": "Check #", "label": "others", "box": [50, 145, 85, 137], "linking": []}, {"id": 8, "text": "Label", "label": "others", "box": [60, 153, 83, 146], "linking": []}, {"id": 9, "text": "Quest", "label": "others", "box": [54, 162, 85, 155], "linking": []}, {"id": 10, "text": "Order Type Takeout", "label": "others", "box": [40, 171, 117, 162], "linking": []}, {"id": 11, "text": "Server", "label": "others", "box": [55, 136, 84, 129], "linking": []}, {"id": 12, "text": "9511", "label": "others", "box": [86, 144, 105, 137], "linking": []}, {"id": 13, "text": "ITEMS", "label": "others", "box": [25, 185, 53, 178], "linking": []}, {"id": 14, "text": "Grilled Vegetable Bowl", "label": "0 description beginning", "box": [23, 196, 105, 186], "linking": []}, {"id": 15, "text": "White", "label": "1 description inside", "box": [31, 204, 53, 196], "linking": []}, {"id": 16, "text": "PRICE", "label": "others", "box": [164, 185, 188, 177], "linking": []}, {"id": 17, "text": "30.05", "label": "5 total price per item", "box": [169, 195, 190, 186], "linking": []}, {"id": 18, "text": "Subtotal", "label": "others", "box": [105, 230, 134, 222], "linking": []}, {"id": 19, "text": "Ta", "label": "others", "box": [121, 239, 134, 232], "linking": []}, {"id": 20, "text": "Total", "label": "others", "box": [118, 248, 136, 241], "linking": []}, {"id": 21, "text": "$9.95", "label": "sub total", "box": [171, 230, 193, 222], "linking": []}, {"id": 22, "text": "$0.88", "label": "2 tax total", "box": [172, 238, 194, 231], "linking": []}, {"id": 23, "text": "$10.83", "label": "total amount", "box": [168, 247, 194, 239], "linking": []}, {"id": 24, "text": "Balance Que", "label": "others", "box": [87, 268, 136, 259], "linking": []}, {"id": 25, "text": "$0.00", "label": "others", "box": [174, 266, 195, 257], "linking": []}, {"id": 26, "text": "PAYMENTS", "label": "others", "box": [17, 291, 66, 280], "linking": []}, {"id": 27, "text": "Amex-1002", "label": "others", "box": [16, 304, 64, 293], "linking": []}, {"id": 28, "text": "TIP", "label": "others", "box": [125, 286, 138, 278], "linking": []}, {"id": 29, "text": "TOTAL", "label": "others", "box": [170, 286, 198, 276], "linking": []}, {"id": 30, "text": "$10.83", "label": "total amount", "box": [170, 299, 200, 289], "linking": []}]