[{"id": 0, "text": "merchant name", "label": "others", "box": [766, 372, 1032, 318], "linking": []}, {"id": 1, "text": "merchant phone", "label": "others", "box": [894, 407, 1007, 374], "linking": []}, {"id": 2, "text": "merchant name", "label": "others", "box": [266, 392, 368, 356], "linking": []}, {"id": 3, "text": "merchant address", "label": "others", "box": [290, 429, 450, 393], "linking": []}, {"id": 4, "text": "merchant address", "label": "others", "box": [254, 455, 340, 430], "linking": []}, {"id": 5, "text": "merchant address", "label": "others", "box": [286, 492, 512, 457], "linking": []}, {"id": 6, "text": "merchant name", "label": "others", "box": [372, 394, 440, 361], "linking": []}, {"id": 7, "text": "merchant address", "label": "others", "box": [453, 432, 522, 398], "linking": []}, {"id": 8, "text": "merchant address", "label": "others", "box": [415, 459, 478, 431], "linking": []}, {"id": 9, "text": "merchant address", "label": "others", "box": [346, 456, 410, 430], "linking": []}, {"id": 10, "text": "merchant address", "label": "others", "box": [482, 462, 539, 432], "linking": []}, {"id": 11, "text": " 02:02 PM", "label": "others", "box": [112, 586, 232, 555], "linking": []}, {"id": 12, "text": " 11/08/2019", "label": "others", "box": [548, 566, 692, 530], "linking": []}, {"id": 13, "text": " 11/07/2019 10:03:51 PM", "label": "others", "box": [913, 571, 1213, 538], "linking": []}, {"id": 14, "text": "11/08/2019", "label": "others", "box": [548, 596, 690, 562], "linking": []}, {"id": 31, "text": "AMEX", "label": "others", "box": [110, 747, 160, 717], "linking": []}, {"id": 18, "text": "AQUAFINA", "label": "0 description beginning", "box": [772, 769, 887, 738], "linking": []}, {"id": 17, "text": "2 @ $1.69", "label": "1 description inside", "box": [771, 800, 905, 769], "linking": []}, {"id": 18, "text": " 1", "label": "1 description inside", "box": [895, 835, 918, 802], "linking": []}, {"id": 19, "text": "$3.38 102", "label": "5 total price per item", "box": [1223, 802, 1348, 770], "linking": []}, {"id": 20, "text": "$-1.16", "label": "5 total price per item", "box": [1257, 834, 1355, 803], "linking": []}, {"id": 21, "text": " Aquafina", "label": "0 description beginning", "box": [770, 835, 891, 803], "linking": []}, {"id": 22, "text": " liter 2/2.00", "label": "1 description inside", "box": [923, 837, 1092, 801], "linking": []}, {"id": 23, "text": "BA BANANA CAKE", "label": "0 description beginning", "box": [768, 935, 970, 901], "linking": []}, {"id": 24, "text": "2 @ $1.99", "label": "1 description inside", "box": [772, 969, 904, 934], "linking": []}, {"id": 25, "text": " V-POWER", "label": "0 description beginning", "box": [769, 999, 871, 968], "linking": []}, {"id": 26, "text": " CA", "label": "1 description inside", "box": [877, 999, 922, 969], "linking": []}, {"id": 27, "text": "PUMP# 5", "label": "1 description inside", "box": [941, 1001, 1049, 966], "linking": []}, {"id": 28, "text": "$3.98 102", "label": "5 total price per item", "box": [1210, 978, 1354, 938], "linking": []}, {"id": 29, "text": "$25.00", "label": "5 total price per item", "box": [1203, 999, 1308, 957], "linking": []}, {"id": 30, "text": " 22", "label": "total amount", "box": [559, 1102, 626, 1064], "linking": []}, {"id": 34, "text": "$31.20", "label": "sub total", "box": [1207, 1070, 1294, 1031], "linking": []}, {"id": 36, "text": "$31.20", "label": "total amount", "box": [1203, 1165, 1293, 1132], "linking": []}, {"id": 70, "text": "$0.00", "label": "others", "box": [1216, 1231, 1295, 1198], "linking": []}, {"id": 78, "text": " EXPRESS", "label": "others", "box": [890, 1367, 1001, 1326], "linking": []}, {"id": 86, "text": "Free Chips ano Base", "label": "others", "box": [277, 1619, 556, 1582], "linking": []}, {"id": 94, "text": " A000000025010801", "label": "others", "box": [836, 1624, 1057, 1592], "linking": []}, {"id": 102, "text": " oy", "label": "others", "box": [360, 1781, 398, 1753], "linking": []}]