[{"id": 0, "text": "merchant name", "label": "others", "box": [185, 136, 327, 99], "linking": []}, {"id": 1, "text": "merchant name", "label": "others", "box": [237, 175, 383, 142], "linking": []}, {"id": 2, "text": "merchant name", "label": "others", "box": [192, 226, 369, 197], "linking": []}, {"id": 3, "text": "merchant address", "label": "others", "box": [159, 273, 385, 245], "linking": []}, {"id": 4, "text": "merchant address", "label": "others", "box": [208, 248, 338, 222], "linking": []}, {"id": 5, "text": "merchant phone", "label": "others", "box": [80, 302, 461, 264], "linking": []}, {"id": 6, "text": "Welcome to Taylor Coffee Shop", "label": "others", "box": [127, 341, 412, 312], "linking": []}, {"id": 7, "text": "Order#26", "label": "others", "box": [193, 379, 354, 358], "linking": []}, {"id": 8, "text": "Togo Walk in", "label": "others", "box": [392, 403, 517, 383], "linking": []}, {"id": 9, "text": "Guest #26", "label": "others", "box": [331, 427, 515, 405], "linking": []}, {"id": 10, "text": " Date:", "label": "others", "box": [36, 453, 92, 432], "linking": []}, {"id": 11, "text": " Server:", "label": "others", "box": [36, 477, 111, 457], "linking": []}, {"id": 12, "text": " 11/12/2019 8:17 AM", "label": "others", "box": [96, 453, 276, 431], "linking": []}, {"id": 13, "text": " Je aey", "label": "others", "box": [115, 479, 175, 457], "linking": []}, {"id": 14, "text": "(T.1)", "label": "others", "box": [464, 478, 515, 453], "linking": []}, {"id": 15, "text": "Swedish Pancake", "label": "0 description beginning", "box": [35, 525, 186, 504], "linking": []}, {"id": 16, "text": "[Fruits]", "label": "1 description inside", "box": [49, 552, 124, 527], "linking": []}, {"id": 17, "text": "Bag Fee", "label": "0 description beginning", "box": [37, 574, 108, 550], "linking": []}, {"id": 18, "text": "$19.00", "label": "5 total price per item", "box": [449, 526, 515, 502], "linking": []}, {"id": 19, "text": "$0.10", "label": "5 total price per item", "box": [459, 570, 511, 550], "linking": []}, {"id": 20, "text": "Total 2 item(s)", "label": "others", "box": [36, 622, 184, 599], "linking": []}, {"id": 21, "text": "SF Employee Benefit Mandate 4%", "label": "others", "box": [35, 647, 335, 621], "linking": []}, {"id": 22, "text": "Sales Tax", "label": "others", "box": [35, 671, 129, 649], "linking": []}, {"id": 23, "text": "$19.10", "label": "sub total", "box": [449, 618, 513, 597], "linking": []}, {"id": 24, "text": "$0.76", "label": "2 tax total", "box": [461, 643, 514, 620], "linking": []}, {"id": 25, "text": "$1.68", "label": "2 tax total", "box": [462, 669, 516, 644], "linking": []}, {"id": 26, "text": "-----", "label": "others", "box": [42, 713, 80, 704], "linking": []}, {"id": 27, "text": "--", "label": "others", "box": [99, 711, 120, 704], "linking": []}, {"id": 28, "text": "====", "label": "others", "box": [201, 712, 238, 703], "linking": []}, {"id": 29, "text": "----", "label": "others", "box": [339, 709, 384, 702], "linking": []}, {"id": 30, "text": "====", "label": "others", "box": [385, 712, 427, 702], "linking": []}, {"id": 31, "text": "----", "label": "others", "box": [456, 709, 495, 702], "linking": []}, {"id": 32, "text": "--", "label": "others", "box": [465, 713, 487, 707], "linking": []}, {"id": 33, "text": "Grand Total", "label": "others", "box": [33, 763, 251, 720], "linking": []}, {"id": 34, "text": "Tip Guide", "label": "others", "box": [34, 813, 130, 785], "linking": []}, {"id": 35, "text": "$21.54", "label": "total amount", "box": [391, 761, 518, 722], "linking": []}, {"id": 36, "text": "15%=$2.87, 18%=$3.44, 20%=$3.82", "label": "others", "box": [36, 838, 346, 807], "linking": []}, {"id": 37, "text": "Thank you very much.", "label": "others", "box": [176, 884, 372, 859], "linking": []}, {"id": 38, "text": "Come back again.", "label": "others", "box": [190, 910, 353, 882], "linking": []}]