[{"id": 0, "text": " 1.11", "label": "0 description beginning", "box": [14, 51, 47, 39], "linking": []}, {"id": 1, "text": "PHX Lunch Weighed La", "label": "1 description inside", "box": [12, 70, 162, 51], "linking": []}, {"id": 2, "text": "Minute Maid", "label": "0 description beginning", "box": [12, 91, 96, 71], "linking": []}, {"id": 3, "text": " Tb x $ 6.68/1b", "label": "0 description beginning", "box": [50, 52, 156, 38], "linking": []}, {"id": 4, "text": "USD", "label": "others", "box": [294, 41, 317, 28], "linking": []}, {"id": 5, "text": "7.64", "label": "5 total price per item", "box": [289, 66, 319, 54], "linking": []}, {"id": 6, "text": "1.93", "label": "5 total price per item", "box": [289, 83, 322, 66], "linking": []}, {"id": 7, "text": " Sub", "label": "others", "box": [182, 126, 209, 109], "linking": []}, {"id": 8, "text": " Tax", "label": "others", "box": [184, 146, 208, 129], "linking": []}, {"id": 9, "text": " Total", "label": "others", "box": [212, 125, 251, 108], "linking": []}, {"id": 10, "text": " Amount", "label": "others", "box": [211, 146, 261, 128], "linking": []}, {"id": 11, "text": "9.57", "label": "sub total", "box": [287, 124, 321, 106], "linking": []}, {"id": 12, "text": "0.82", "label": "2 tax total", "box": [287, 144, 319, 126], "linking": []}, {"id": 13, "text": " Total", "label": "others", "box": [8, 220, 84, 188], "linking": []}, {"id": 14, "text": " USD", "label": "others", "box": [90, 218, 141, 188], "linking": []}, {"id": 15, "text": "10.39", "label": "total amount", "box": [245, 214, 319, 186], "linking": []}, {"id": 16, "text": "5009 AMERICAN EXPRESS", "label": "others", "box": [10, 293, 163, 275], "linking": []}, {"id": 17, "text": "10.39", "label": "others", "box": [279, 291, 317, 275], "linking": []}, {"id": 18, "text": "Tax", "label": "others", "box": [11, 345, 34, 329], "linking": []}, {"id": 19, "text": "() 8.60", "label": "others", "box": [11, 364, 62, 346], "linking": []}, {"id": 20, "text": " Taxable Amount Tax", "label": "others", "box": [125, 348, 265, 330], "linking": []}, {"id": 21, "text": "9.57", "label": "sub total", "box": [198, 365, 228, 349], "linking": []}, {"id": 22, "text": " Amount", "label": "others", "box": [268, 347, 315, 330], "linking": []}, {"id": 23, "text": "0.82", "label": "2 tax total", "box": [284, 364, 316, 348], "linking": []}, {"id": 24, "text": " 10/23/2019 11:40 AM #:41979 Op:8991 C:112", "label": "others", "box": [11, 420, 317, 400], "linking": []}, {"id": 25, "text": " 201 S:1122", "label": "others", "box": [11, 436, 85, 419], "linking": []}, {"id": 26, "text": " Served you", "label": "others", "box": [10, 455, 86, 438], "linking": []}, {"id": 27, "text": " : Cassandra Monje", "label": "others", "box": [89, 457, 215, 439], "linking": []}, {"id": 28, "text": "*** Customer copy ***", "label": "others", "box": [75, 529, 229, 511], "linking": []}, {"id": 29, "text": "AMEX AEDR (2)", "label": "others", "box": [104, 563, 197, 547], "linking": []}, {"id": 30, "text": "I agree to pay the above total amount", "label": "others", "box": [19, 582, 286, 563], "linking": []}, {"id": 31, "text": "according to card issuer", "label": "others", "box": [68, 599, 242, 582], "linking": []}, {"id": 32, "text": "agreement. (Merchant agreement if Credit", "label": "others", "box": [11, 618, 294, 599], "linking": []}, {"id": 33, "text": "Voucher)Retain this copy for your", "label": "others", "box": [33, 637, 272, 617], "linking": []}, {"id": 34, "text": "records.", "label": "others", "box": [124, 652, 184, 637], "linking": []}, {"id": 35, "text": "PURCHASE / APPROVED", "label": "others", "box": [10, 687, 148, 669], "linking": []}, {"id": 36, "text": "AMERICAN EXPRESS", "label": "others", "box": [10, 705, 127, 688], "linking": []}, {"id": 37, "text": "*********** 1007", "label": "others", "box": [10, 723, 119, 707], "linking": []}, {"id": 38, "text": "CHIP READ /", "label": "others", "box": [9, 741, 92, 723], "linking": []}, {"id": 39, "text": " 2019/10/23 12:40:51", "label": "others", "box": [8, 779, 146, 759], "linking": []}, {"id": 40, "text": "TID", "label": "others", "box": [11, 794, 33, 778], "linking": []}, {"id": 41, "text": "MID", "label": "others", "box": [9, 812, 34, 796], "linking": []}, {"id": 42, "text": "REFERENCE", "label": "others", "box": [9, 831, 76, 815], "linking": []}, {"id": 43, "text": "AUTH CODE", "label": "others", "box": [7, 850, 77, 834], "linking": []}, {"id": 44, "text": "**** 6047", "label": "others", "box": [240, 799, 301, 783], "linking": []}, {"id": 45, "text": "6634460", "label": "others", "box": [248, 817, 301, 800], "linking": []}, {"id": 46, "text": "S1122T112201#41979@071455", "label": "others", "box": [117, 835, 302, 815], "linking": []}, {"id": 47, "text": "822095", "label": "others", "box": [256, 852, 301, 836], "linking": []}, {"id": 48, "text": "TOTAL", "label": "others", "box": [9, 887, 45, 871], "linking": []}, {"id": 49, "text": "USD10.39", "label": "others", "box": [240, 888, 301, 872], "linking": []}, {"id": 50, "text": " ARC:", "label": "others", "box": [8, 925, 40, 909], "linking": []}, {"id": 51, "text": " TSI:", "label": "others", "box": [7, 943, 40, 927], "linking": []}, {"id": 52, "text": " IAD:", "label": "others", "box": [7, 962, 40, 946], "linking": []}, {"id": 53, "text": " TVR:", "label": "others", "box": [6, 980, 40, 964], "linking": []}, {"id": 54, "text": " AID:", "label": "others", "box": [6, 998, 40, 982], "linking": []}, {"id": 55, "text": " PAN Seq No:", "label": "others", "box": [5, 1017, 95, 999], "linking": []}, {"id": 56, "text": " 00", "label": "others", "box": [43, 925, 62, 909], "linking": []}, {"id": 57, "text": " F800", "label": "others", "box": [43, 943, 77, 928], "linking": []}, {"id": 58, "text": " 06600103602002", "label": "others", "box": [42, 963, 153, 946], "linking": []}, {"id": 59, "text": " 0000008000", "label": "others", "box": [43, 980, 124, 964], "linking": []}, {"id": 60, "text": " A000000025010801", "label": "others", "box": [43, 999, 169, 982], "linking": []}, {"id": 61, "text": " 00", "label": "others", "box": [98, 1017, 118, 1001], "linking": []}]