[{"id": 0, "text": "merchant name", "label": "others", "box": [126, 221, 431, 172], "linking": []}, {"id": 1, "text": "TAQUERIA", "label": "others", "box": [324, 243, 429, 224], "linking": []}, {"id": 2, "text": "merchant name", "label": "others", "box": [220, 356, 352, 337], "linking": []}, {"id": 3, "text": "merchant address", "label": "others", "box": [75, 383, 497, 361], "linking": []}, {"id": 4, "text": "merchant address", "label": "others", "box": [123, 405, 449, 385], "linking": []}, {"id": 5, "text": " Server:", "label": "others", "box": [78, 450, 177, 433], "linking": []}, {"id": 6, "text": "Check #693", "label": "others", "box": [78, 473, 219, 452], "linking": []}, {"id": 7, "text": " WENDY C", "label": "others", "box": [189, 453, 288, 433], "linking": []}, {"id": 8, "text": "11/21/19", "label": "others", "box": [391, 455, 504, 436], "linking": []}, {"id": 9, "text": " 1:21 PM", "label": "others", "box": [405, 479, 503, 460], "linking": []}, {"id": 10, "text": "Impossible Burrito", "label": "0 description beginning", "box": [75, 543, 328, 522], "linking": []}, {"id": 11, "text": "subtotal", "label": "others", "box": [60, 569, 176, 554], "linking": []}, {"id": 12, "text": "Tax", "label": "others", "box": [53, 582, 98, 568], "linking": []}, {"id": 13, "text": "Total", "label": "others", "box": [46, 601, 119, 585], "linking": []}, {"id": 14, "text": "$10.99", "label": "5 total price per item", "box": [416, 545, 503, 528], "linking": []}, {"id": 15, "text": "$10,99", "label": "sub total", "box": [417, 574, 505, 559], "linking": []}, {"id": 16, "text": "$0.98", "label": "2 tax total", "box": [432, 586, 508, 572], "linking": []}, {"id": 17, "text": "$11.97", "label": "total amount", "box": [416, 601, 509, 586], "linking": []}, {"id": 18, "text": "Credit Card", "label": "others", "box": [36, 646, 206, 625], "linking": []}, {"id": 19, "text": "Amex", "label": "others", "box": [39, 670, 99, 653], "linking": []}, {"id": 20, "text": "Swiped", "label": "others", "box": [415, 642, 514, 624], "linking": []}, {"id": 21, "text": "xxxxxxxx1009", "label": "others", "box": [321, 671, 514, 649], "linking": []}, {"id": 22, "text": "Transaction Type", "label": "others", "box": [47, 722, 289, 700], "linking": []}, {"id": 23, "text": "Authorization", "label": "others", "box": [51, 745, 244, 723], "linking": []}, {"id": 24, "text": "Approval Code", "label": "others", "box": [57, 766, 248, 746], "linking": []}, {"id": 25, "text": "Payment ID", "label": "others", "box": [62, 783, 207, 764], "linking": []}, {"id": 26, "text": "Merchant ID", "label": "others", "box": [60, 808, 224, 788], "linking": []}, {"id": 27, "text": "Card Reader", "label": "others", "box": [58, 835, 221, 814], "linking": []}, {"id": 28, "text": "Sale", "label": "others", "box": [451, 723, 518, 703], "linking": []}, {"id": 29, "text": "Approved", "label": "others", "box": [390, 748, 517, 729], "linking": []}, {"id": 30, "text": "582783", "label": "others", "box": [422, 770, 520, 753], "linking": []}, {"id": 31, "text": "xsMXmgfhaNLq", "label": "others", "box": [333, 792, 520, 772], "linking": []}, {"id": 32, "text": "027611244", "label": "others", "box": [379, 812, 521, 791], "linking": []}, {"id": 33, "text": "Amount", "label": "others", "box": [206, 890, 298, 871], "linking": []}, {"id": 34, "text": "$11.97", "label": "total amount", "box": [427, 895, 524, 873], "linking": []}, {"id": 35, "text": "Have you ever wanted to follow", "label": "others", "box": [48, 1006, 531, 970], "linking": []}, {"id": 36, "text": "a burrito", "label": "others", "box": [213, 1029, 359, 1005], "linking": []}, {"id": 37, "text": "on Instagram? Checkout the", "label": "others", "box": [68, 1063, 501, 1029], "linking": []}, {"id": 38, "text": "shenanigans of", "label": "others", "box": [161, 1091, 400, 1062], "linking": []}, {"id": 39, "text": "@pintotheburrito", "label": "others", "box": [140, 1124, 418, 1093], "linking": []}, {"id": 40, "text": "@DosToros on Instagram", "label": "others", "box": [85, 1160, 472, 1125], "linking": []}]