[{"id": 0, "text": "merchant name", "label": "others", "box": [154, 128, 320, 105], "linking": []}, {"id": 1, "text": "merchant address", "label": "others", "box": [53, 156, 418, 131], "linking": []}, {"id": 2, "text": "Merchant ID", "label": "others", "box": [39, 209, 179, 185], "linking": []}, {"id": 3, "text": " Terminal", "label": "others", "box": [41, 233, 149, 211], "linking": []}, {"id": 4, "text": "Check No", "label": "others", "box": [39, 255, 140, 236], "linking": []}, {"id": 5, "text": "Table No", "label": "others", "box": [39, 275, 139, 257], "linking": []}, {"id": 6, "text": "Server", "label": "others", "box": [37, 296, 112, 278], "linking": []}, {"id": 7, "text": " Name on Card:", "label": "others", "box": [36, 316, 205, 295], "linking": []}, {"id": 8, "text": "Acct Num", "label": "others", "box": [35, 338, 137, 318], "linking": []}, {"id": 9, "text": "Expiry Date", "label": "others", "box": [35, 363, 175, 340], "linking": []}, {"id": 10, "text": "Card Type", "label": "others", "box": [35, 387, 153, 366], "linking": []}, {"id": 11, "text": "Trans Type", "label": "others", "box": [36, 410, 162, 390], "linking": []}, {"id": 12, "text": "Trans Date", "label": "others", "box": [36, 434, 161, 413], "linking": []}, {"id": 13, "text": "Trans Time", "label": "others", "box": [36, 457, 160, 436], "linking": []}, {"id": 14, "text": "Entry Mode", "label": "others", "box": [36, 482, 160, 461], "linking": []}, {"id": 15, "text": "Auth Code", "label": "others", "box": [36, 506, 147, 485], "linking": []}, {"id": 16, "text": "Resp Code", "label": "others", "box": [36, 529, 148, 509], "linking": []}, {"id": 17, "text": "Mode", "label": "others", "box": [36, 552, 85, 533], "linking": []}, {"id": 18, "text": "App Label", "label": "others", "box": [36, 576, 145, 555], "linking": []}, {"id": 19, "text": "AID", "label": "others", "box": [36, 598, 73, 579], "linking": []}, {"id": 20, "text": "ARC", "label": "others", "box": [35, 620, 71, 601], "linking": []}, {"id": 21, "text": "TVR", "label": "others", "box": [36, 642, 71, 623], "linking": []}, {"id": 22, "text": "TSI", "label": "others", "box": [33, 665, 68, 646], "linking": []}, {"id": 23, "text": "IAD", "label": "others", "box": [31, 688, 68, 668], "linking": []}, {"id": 24, "text": " ID", "label": "others", "box": [152, 232, 182, 211], "linking": []}, {"id": 25, "text": "335938", "label": "others", "box": [213, 230, 289, 208], "linking": []}, {"id": 26, "text": "7740", "label": "others", "box": [215, 249, 264, 229], "linking": []}, {"id": 27, "text": "7/1", "label": "others", "box": [213, 270, 251, 251], "linking": []}, {"id": 28, "text": " 273343 Jesus", "label": "others", "box": [214, 293, 372, 272], "linking": []}, {"id": 29, "text": "XXXXXXXXXXXX2007", "label": "others", "box": [212, 335, 420, 313], "linking": []}, {"id": 30, "text": " : ** / **", "label": "others", "box": [187, 360, 277, 340], "linking": []}, {"id": 31, "text": "AMEX", "label": "others", "box": [206, 386, 262, 365], "linking": []}, {"id": 32, "text": "AUTHORIZE", "label": "others", "box": [211, 409, 326, 388], "linking": []}, {"id": 33, "text": "11/10/2019", "label": "others", "box": [206, 432, 339, 411], "linking": []}, {"id": 34, "text": " 3:31 PM", "label": "others", "box": [209, 455, 303, 435], "linking": []}, {"id": 35, "text": "Chip", "label": "others", "box": [209, 480, 262, 458], "linking": []}, {"id": 36, "text": "807280", "label": "others", "box": [209, 502, 284, 481], "linking": []}, {"id": 37, "text": "00", "label": "others", "box": [209, 526, 234, 507], "linking": []}, {"id": 38, "text": "Issuer", "label": "others", "box": [209, 550, 285, 532], "linking": []}, {"id": 39, "text": "AMERICAN EXPRESS", "label": "others", "box": [205, 574, 415, 552], "linking": []}, {"id": 40, "text": "A000000025010801", "label": "others", "box": [208, 598, 412, 575], "linking": []}, {"id": 41, "text": "00", "label": "others", "box": [208, 619, 231, 600], "linking": []}, {"id": 42, "text": "0000008000", "label": "others", "box": [204, 643, 335, 623], "linking": []}, {"id": 43, "text": "F800", "label": "others", "box": [201, 666, 257, 647], "linking": []}, {"id": 44, "text": "06550103602002", "label": "others", "box": [203, 689, 382, 669], "linking": []}, {"id": 45, "text": " R", "label": "others", "box": [378, 292, 392, 272], "linking": []}, {"id": 46, "text": "00", "label": "others", "box": [29, 802, 55, 782], "linking": []}, {"id": 47, "text": " APPROVED", "label": "others", "box": [102, 802, 206, 781], "linking": []}, {"id": 48, "text": " -", "label": "others", "box": [213, 801, 234, 781], "linking": []}, {"id": 49, "text": " THANK YOU", "label": "others", "box": [239, 802, 352, 781], "linking": []}, {"id": 50, "text": "000", "label": "others", "box": [389, 802, 428, 783], "linking": []}, {"id": 51, "text": "SUBTOTAL", "label": "others", "box": [30, 910, 126, 890], "linking": []}, {"id": 52, "text": " : USD$", "label": "others", "box": [176, 917, 250, 895], "linking": []}, {"id": 53, "text": "41.47", "label": "sub total", "box": [361, 920, 427, 898], "linking": []}, {"id": 54, "text": "8.00", "label": "3 tip", "box": [364, 959, 427, 925], "linking": []}, {"id": 55, "text": "4 9, 47", "label": "total amount", "box": [324, 1014, 432, 980], "linking": []}, {"id": 56, "text": "Gratuity", "label": "others", "box": [29, 955, 126, 933], "linking": []}, {"id": 57, "text": "Total", "label": "others", "box": [27, 998, 84, 976], "linking": []}, {"id": 58, "text": "Signature", "label": "others", "box": [148, 1111, 267, 1081], "linking": []}, {"id": 59, "text": "I Agree to pay total amount as", "label": "others", "box": [22, 1146, 402, 1087], "linking": []}, {"id": 60, "text": "per the Card Issuer Agreement.", "label": "others", "box": [22, 1172, 400, 1107], "linking": []}, {"id": 61, "text": "CUSTOMER COPY", "label": "others", "box": [129, 1181, 294, 1141], "linking": []}]