[{"id": 0, "text": "Thank You For Visiting the", "label": "others", "box": [96, 54, 328, 37], "linking": []}, {"id": 1, "text": "merchant name", "label": "others", "box": [96, 71, 325, 52], "linking": []}, {"id": 2, "text": "Matthew Fraysier", "label": "others", "box": [135, 90, 282, 69], "linking": []}, {"id": 3, "text": "General Manager", "label": "others", "box": [140, 110, 279, 89], "linking": []}, {"id": 4, "text": "merchant phone", "label": "others", "box": [152, 129, 272, 109], "linking": []}, {"id": 5, "text": "We Love Your Feedback!", "label": "others", "box": [107, 151, 310, 129], "linking": []}, {"id": 6, "text": "Text @LTF11479 to 73940", "label": "others", "box": [105, 176, 319, 148], "linking": []}, {"id": 7, "text": "Coke Vanilla 20oz", "label": "0 description beginning", "box": [22, 241, 185, 218], "linking": []}, {"id": 8, "text": "USD", "label": "others", "box": [373, 221, 405, 199], "linking": []}, {"id": 9, "text": "1.80", "label": "5 total price per item", "box": [369, 245, 405, 222], "linking": []}, {"id": 10, "text": "Sub Total", "label": "others", "box": [239, 289, 321, 269], "linking": []}, {"id": 11, "text": "Tax Amount", "label": "others", "box": [240, 313, 334, 293], "linking": []}, {"id": 12, "text": "1.80", "label": "sub total", "box": [369, 292, 406, 269], "linking": []}, {"id": 13, "text": "0.16", "label": "2 tax total", "box": [367, 313, 408, 294], "linking": []}, {"id": 14, "text": "Total USD", "label": "others", "box": [17, 400, 188, 361], "linking": []}, {"id": 15, "text": "1.96", "label": "total amount", "box": [335, 399, 405, 365], "linking": []}, {"id": 16, "text": "5009 AMERICAN EXPRESS", "label": "others", "box": [22, 491, 218, 470], "linking": []}, {"id": 17, "text": "1.96", "label": "others", "box": [371, 493, 409, 470], "linking": []}, {"id": 18, "text": "Tax", "label": "others", "box": [25, 561, 55, 541], "linking": []}, {"id": 19, "text": "() 8.875", "label": "others", "box": [25, 585, 100, 564], "linking": []}, {"id": 20, "text": " Taxable Amount", "label": "others", "box": [171, 564, 310, 540], "linking": []}, {"id": 21, "text": "1.80", "label": "sub total", "box": [265, 585, 301, 566], "linking": []}, {"id": 22, "text": " Tax Amount", "label": "others", "box": [315, 564, 409, 540], "linking": []}, {"id": 23, "text": "0.16", "label": "2 tax total", "box": [371, 585, 411, 566], "linking": []}, {"id": 24, "text": " 11/22/2019 12:41 PM #:27082 Op:119 C:1111", "label": "others", "box": [26, 659, 413, 635], "linking": []}, {"id": 25, "text": " 13 S:1111", "label": "others", "box": [26, 680, 110, 660], "linking": []}, {"id": 26, "text": " Served you", "label": "others", "box": [23, 705, 121, 683], "linking": []}, {"id": 27, "text": " : AENY Self Checkout - 3", "label": "others", "box": [125, 705, 350, 682], "linking": []}]