[{"id": 0, "text": "merchant name", "label": "others", "box": [555, 60, 631, 46], "linking": []}, {"id": 1, "text": "merchant phone", "label": "others", "box": [532, 76, 654, 62], "linking": []}, {"id": 2, "text": " 20211127", "label": "others", "box": [518, 93, 567, 78], "linking": []}, {"id": 3, "text": " NOV 19. 2019 20:10", "label": "others", "box": [482, 109, 590, 95], "linking": []}, {"id": 4, "text": " ROC#:", "label": "others", "box": [483, 126, 507, 111], "linking": []}, {"id": 5, "text": "************ 1002 - (C)", "label": "others", "box": [482, 142, 609, 127], "linking": []}, {"id": 6, "text": "AMERICAN EXPRESS", "label": "others", "box": [482, 158, 576, 143], "linking": []}, {"id": 7, "text": "A000000025010801", "label": "others", "box": [481, 176, 576, 159], "linking": []}, {"id": 8, "text": " TERM#:", "label": "others", "box": [486, 93, 515, 79], "linking": []}, {"id": 9, "text": " MERCH#:", "label": "others", "box": [605, 92, 641, 78], "linking": []}, {"id": 10, "text": " APPROVAL:", "label": "others", "box": [616, 109, 664, 94], "linking": []}, {"id": 11, "text": " BATCH#:", "label": "others", "box": [627, 126, 663, 111], "linking": []}, {"id": 12, "text": " 9360181474", "label": "others", "box": [643, 93, 704, 78], "linking": []}, {"id": 13, "text": " 813720", "label": "others", "box": [666, 109, 704, 95], "linking": []}, {"id": 14, "text": " 000297", "label": "others", "box": [666, 126, 704, 111], "linking": []}, {"id": 15, "text": " 002683", "label": "others", "box": [510, 126, 549, 111], "linking": []}, {"id": 16, "text": "RESTAURANT SALE", "label": "others", "box": [549, 208, 637, 193], "linking": []}, {"id": 17, "text": ">LODGING", "label": "others", "box": [486, 245, 537, 229], "linking": []}, {"id": 18, "text": "000297", "label": "others", "box": [607, 243, 644, 227], "linking": []}, {"id": 19, "text": " BASE AMOUNT", "label": "others", "box": [485, 280, 539, 264], "linking": []}, {"id": 20, "text": " :", "label": "others", "box": [542, 280, 549, 264], "linking": []}, {"id": 21, "text": "USD 59.13", "label": "sub total", "box": [647, 281, 705, 263], "linking": []}, {"id": 22, "text": " TIP AMOUNT:", "label": "others", "box": [484, 317, 542, 297], "linking": []}, {"id": 23, "text": "59.13", "label": "total amount", "box": [611, 350, 689, 309], "linking": []}, {"id": 24, "text": "1DB53D", "label": "others", "box": [565, 388, 602, 372], "linking": []}, {"id": 25, "text": "OMER COPY", "label": "others", "box": [569, 426, 628, 410], "linking": []}]