[{"id": 0, "text": "merchant name", "label": "others", "box": [499, 252, 633, 196], "linking": []}, {"id": 1, "text": "merchant address", "label": "others", "box": [324, 356, 567, 293], "linking": []}, {"id": 2, "text": "merchant address", "label": "others", "box": [113, 345, 314, 284], "linking": []}, {"id": 3, "text": "merchant address", "label": "others", "box": [577, 360, 676, 302], "linking": []}, {"id": 4, "text": "merchant address", "label": "others", "box": [685, 366, 1018, 305], "linking": []}, {"id": 5, "text": "merchant address", "label": "others", "box": [124, 407, 501, 338], "linking": []}, {"id": 6, "text": "merchant address", "label": "others", "box": [511, 413, 731, 353], "linking": []}, {"id": 7, "text": "merchant address", "label": "others", "box": [740, 416, 944, 359], "linking": []}, {"id": 8, "text": "merchant address", "label": "others", "box": [953, 416, 1026, 362], "linking": []}, {"id": 9, "text": "merchant address", "label": "others", "box": [539, 453, 608, 408], "linking": []}, {"id": 10, "text": "C016", "label": "others", "box": [486, 595, 675, 507], "linking": []}, {"id": 11, "text": " ORD10401777", "label": "others", "box": [245, 698, 490, 643], "linking": []}, {"id": 12, "text": " 29AACCB5438N1Z8", "label": "others", "box": [203, 753, 536, 703], "linking": []}, {"id": 13, "text": " 06 Nov 2019 14:32 PM", "label": "others", "box": [181, 811, 622, 756], "linking": []}, {"id": 14, "text": " OrderId:", "label": "others", "box": [55, 700, 236, 647], "linking": []}, {"id": 15, "text": " GSTIN:", "label": "others", "box": [54, 754, 195, 705], "linking": []}, {"id": 16, "text": " Date:", "label": "others", "box": [58, 811, 171, 761], "linking": []}, {"id": 17, "text": "Item Name", "label": "others", "box": [69, 922, 262, 875], "linking": []}, {"id": 18, "text": " Qty", "label": "others", "box": [845, 917, 932, 868], "linking": []}, {"id": 19, "text": " Price", "label": "others", "box": [943, 916, 1062, 867], "linking": []}, {"id": 20, "text": "--", "label": "others", "box": [1019, 955, 1052, 937], "linking": []}, {"id": 21, "text": "Veg Patty", "label": "0 description beginning", "box": [71, 1034, 261, 983], "linking": []}, {"id": 22, "text": "1\u00d7245 245", "label": "5 total price per item", "box": [823, 1023, 1010, 975], "linking": []}, {"id": 23, "text": "Total Quantity", "label": "others", "box": [85, 1131, 372, 1086], "linking": []}, {"id": 24, "text": "Sub Total", "label": "others", "box": [75, 1174, 260, 1133], "linking": []}, {"id": 25, "text": "245", "label": "sub total", "box": [915, 1163, 984, 1125], "linking": []}, {"id": 26, "text": "Net Amount", "label": "others", "box": [63, 1272, 272, 1227], "linking": []}, {"id": 27, "text": "245", "label": "total amount", "box": [915, 1258, 986, 1217], "linking": []}, {"id": 28, "text": "* GST included in item price *", "label": "others", "box": [221, 1370, 856, 1318], "linking": []}, {"id": 29, "text": "CGST", "label": "others", "box": [53, 1425, 141, 1379], "linking": []}, {"id": 30, "text": "SGST", "label": "others", "box": [47, 1477, 134, 1432], "linking": []}, {"id": 31, "text": "Rs.5.83", "label": "2 tax total", "box": [680, 1416, 833, 1366], "linking": []}, {"id": 32, "text": "Rs.5.83", "label": "2 tax total", "box": [674, 1469, 835, 1421], "linking": []}, {"id": 33, "text": " Debit Card", "label": "others", "box": [45, 1584, 259, 1536], "linking": []}, {"id": 34, "text": " :", "label": "others", "box": [267, 1584, 297, 1537], "linking": []}, {"id": 35, "text": "Rs. 245", "label": "others", "box": [673, 1577, 807, 1528], "linking": []}, {"id": 36, "text": " Printed on:", "label": "others", "box": [27, 2032, 262, 1982], "linking": []}, {"id": 37, "text": "Thank You, Visit us again", "label": "others", "box": [257, 2091, 793, 2039], "linking": []}, {"id": 38, "text": "X-", "label": "others", "box": [378, 2136, 412, 2103], "linking": []}, {"id": 39, "text": " 06 Nov 2019 14:32 PM", "label": "others", "box": [272, 2036, 712, 1984], "linking": []}, {"id": 40, "text": "CS", "label": "others", "box": [37, 2157, 94, 2120], "linking": []}, {"id": 41, "text": "Scanned with", "label": "others", "box": [114, 2146, 303, 2114], "linking": []}, {"id": 42, "text": "CamScanner", "label": "others", "box": [116, 2177, 301, 2146], "linking": []}, {"id": 43, "text": "X", "label": "others", "box": [610, 2137, 641, 2105], "linking": []}]