[{"id": 0, "text": "*** Customer copy ***", "label": "others", "box": [444, 373, 991, 314], "linking": []}, {"id": 1, "text": "merchant name", "label": "others", "box": [467, 499, 967, 428], "linking": []}, {"id": 2, "text": " I", "label": "others", "box": [233, 571, 271, 518], "linking": []}, {"id": 3, "text": " agree to pay the above total amount", "label": "others", "box": [281, 570, 1207, 490], "linking": []}, {"id": 4, "text": "agreement. (Merchant agreement if Credit", "label": "others", "box": [203, 692, 1234, 611], "linking": []}, {"id": 5, "text": "records.", "label": "others", "box": [622, 809, 847, 752], "linking": []}, {"id": 6, "text": "according to card issuer", "label": "others", "box": [414, 625, 1049, 557], "linking": []}, {"id": 7, "text": "Voucher)Retain this copy for your", "label": "others", "box": [279, 749, 1156, 682], "linking": []}, {"id": 8, "text": "PURCHASE / APPROVED", "label": "others", "box": [188, 940, 709, 877], "linking": []}, {"id": 9, "text": "AMERICAN EXPRESS", "label": "others", "box": [190, 1006, 628, 943], "linking": []}, {"id": 10, "text": "*********** 1006", "label": "others", "box": [189, 1067, 605, 1012], "linking": []}, {"id": 11, "text": "CHIP READ /", "label": "others", "box": [193, 1137, 492, 1080], "linking": []}, {"id": 12, "text": " 2019/11/18 13:50:27", "label": "others", "box": [190, 1270, 713, 1205], "linking": []}, {"id": 13, "text": "TID", "label": "others", "box": [198, 1334, 282, 1280], "linking": []}, {"id": 14, "text": "MID", "label": "others", "box": [197, 1397, 283, 1345], "linking": []}, {"id": 15, "text": "REFERENCE", "label": "others", "box": [201, 1464, 450, 1405], "linking": []}, {"id": 16, "text": "AUTH CODE", "label": "others", "box": [204, 1531, 446, 1473], "linking": []}, {"id": 17, "text": "**** 5749", "label": "others", "box": [1055, 1317, 1276, 1261], "linking": []}, {"id": 18, "text": "6634461", "label": "others", "box": [1084, 1384, 1276, 1327], "linking": []}, {"id": 19, "text": "S1131T113103#51361@268934", "label": "others", "box": [601, 1458, 1280, 1393], "linking": []}, {"id": 20, "text": "800724", "label": "others", "box": [1118, 1516, 1285, 1459], "linking": []}, {"id": 21, "text": "TOTAL", "label": "others", "box": [199, 1665, 336, 1609], "linking": []}, {"id": 22, "text": "USD7.16", "label": "total amount", "box": [1091, 1653, 1289, 1592], "linking": []}, {"id": 23, "text": " ARC:", "label": "others", "box": [201, 1799, 319, 1743], "linking": []}, {"id": 24, "text": " TSI:", "label": "others", "box": [206, 1865, 321, 1809], "linking": []}, {"id": 25, "text": " IAD:", "label": "others", "box": [210, 1929, 321, 1874], "linking": []}, {"id": 26, "text": " TVR:", "label": "others", "box": [210, 1991, 324, 1937], "linking": []}, {"id": 27, "text": " AID:", "label": "others", "box": [214, 2054, 328, 2000], "linking": []}, {"id": 28, "text": " PAN Seq No:", "label": "others", "box": [213, 2117, 518, 2063], "linking": []}, {"id": 29, "text": " 00", "label": "others", "box": [328, 1798, 395, 1742], "linking": []}, {"id": 30, "text": " F800", "label": "others", "box": [332, 1862, 446, 1806], "linking": []}, {"id": 31, "text": " 066B0103602002", "label": "others", "box": [332, 1927, 723, 1868], "linking": []}, {"id": 32, "text": " 0000008000", "label": "others", "box": [334, 1990, 618, 1937], "linking": []}, {"id": 33, "text": " A000000025010801", "label": "others", "box": [338, 2053, 774, 1996], "linking": []}, {"id": 34, "text": " 00", "label": "others", "box": [529, 2116, 590, 2062], "linking": []}]