[{"id": 0, "text": "merchant name", "label": "others", "box": [293, 240, 369, 215], "linking": []}, {"id": 1, "text": "merchant address", "label": "others", "box": [225, 270, 435, 242], "linking": []}, {"id": 2, "text": "merchant address", "label": "others", "box": [214, 299, 449, 269], "linking": []}, {"id": 3, "text": " Server:", "label": "others", "box": [57, 361, 154, 333], "linking": []}, {"id": 4, "text": " 02:01 PM", "label": "others", "box": [54, 390, 163, 362], "linking": []}, {"id": 5, "text": "Table 52/1", "label": "others", "box": [51, 419, 187, 390], "linking": []}, {"id": 6, "text": " Ashley", "label": "others", "box": [159, 359, 242, 333], "linking": []}, {"id": 7, "text": " DOB:", "label": "others", "box": [407, 357, 468, 330], "linking": []}, {"id": 8, "text": " 11/06/2019", "label": "others", "box": [472, 358, 601, 330], "linking": []}, {"id": 9, "text": "11/06/2019", "label": "others", "box": [474, 388, 602, 360], "linking": []}, {"id": 10, "text": "4/40026", "label": "others", "box": [511, 419, 603, 391], "linking": []}, {"id": 11, "text": "SALE", "label": "others", "box": [304, 480, 361, 452], "linking": []}, {"id": 12, "text": "AMEX", "label": "others", "box": [44, 547, 102, 520], "linking": []}, {"id": 13, "text": "Card #XXXXXXXXXXX1004", "label": "others", "box": [40, 581, 336, 549], "linking": []}, {"id": 14, "text": " Magnetic card present:", "label": "others", "box": [41, 617, 352, 584], "linking": []}, {"id": 15, "text": "13631505", "label": "others", "box": [505, 544, 608, 516], "linking": []}, {"id": 16, "text": " Card Entry Method:", "label": "others", "box": [38, 686, 309, 649], "linking": []}, {"id": 17, "text": " S", "label": "others", "box": [315, 680, 339, 649], "linking": []}, {"id": 18, "text": " Approval:", "label": "others", "box": [33, 756, 167, 721], "linking": []}, {"id": 19, "text": " 509491", "label": "others", "box": [173, 752, 264, 718], "linking": []}, {"id": 20, "text": " Amount", "label": "others", "box": [319, 817, 398, 787], "linking": []}, {"id": 21, "text": " :", "label": "others", "box": [402, 815, 418, 787], "linking": []}, {"id": 22, "text": "$72.95", "label": "sub total", "box": [540, 811, 624, 778], "linking": []}, {"id": 23, "text": "10.00", "label": "3 tip", "box": [548, 866, 652, 816], "linking": []}, {"id": 24, "text": " 82/ 9:5", "label": "total amount", "box": [536, 943, 666, 868], "linking": []}, {"id": 25, "text": " + Gratuity:", "label": "others", "box": [258, 892, 417, 859], "linking": []}, {"id": 26, "text": " = Total:", "label": "others", "box": [301, 965, 420, 931], "linking": []}, {"id": 27, "text": "I agree to pay the above", "label": "others", "box": [147, 1095, 513, 1040], "linking": []}, {"id": 28, "text": "Miacuor agreement", "label": "others", "box": [210, 1154, 488, 1125], "linking": []}, {"id": 29, "text": "total amount according to the", "label": "others", "box": [102, 1139, 544, 1078], "linking": []}]