[{"id": 0, "text": "merchant name", "label": "others", "box": [179, 168, 342, 141], "linking": []}, {"id": 1, "text": "merchant address", "label": "others", "box": [168, 202, 370, 172], "linking": []}, {"id": 2, "text": "merchant address", "label": "others", "box": [168, 234, 355, 205], "linking": []}, {"id": 3, "text": "merchant address", "label": "others", "box": [217, 266, 319, 238], "linking": []}, {"id": 4, "text": "BN1 3XP", "label": "others", "box": [217, 298, 308, 270], "linking": []}, {"id": 5, "text": " 12/08/2019 19:44:51 05962500471", "label": "others", "box": [24, 366, 430, 335], "linking": []}, {"id": 6, "text": "Halima Be", "label": "others", "box": [22, 397, 136, 369], "linking": []}, {"id": 7, "text": " POS", "label": "others", "box": [22, 429, 65, 402], "linking": []}, {"id": 8, "text": " : 3 - Till 3", "label": "others", "box": [70, 429, 223, 402], "linking": []}, {"id": 9, "text": "TAKE AWAY", "label": "others", "box": [94, 492, 211, 466], "linking": []}, {"id": 10, "text": "BEST EVER BLT", "label": "0 description beginning", "box": [95, 525, 258, 498], "linking": []}, {"id": 11, "text": "SOUP VEGETABLE TAGINE", "label": "0 description beginning", "box": [94, 559, 357, 529], "linking": []}, {"id": 12, "text": "3.45", "label": "5 total price per item", "box": [449, 524, 503, 497], "linking": []}, {"id": 13, "text": "3.79 *", "label": "5 total price per item", "box": [450, 556, 528, 529], "linking": []}, {"id": 14, "text": "INCLUSIVE TOTAL DUE", "label": "others", "box": [100, 622, 331, 595], "linking": []}, {"id": 15, "text": "7.24", "label": "total amount", "box": [450, 621, 507, 592], "linking": []}, {"id": 16, "text": "AMEX", "label": "others", "box": [101, 685, 152, 660], "linking": []}, {"id": 17, "text": "7.24", "label": "others", "box": [450, 683, 503, 657], "linking": []}, {"id": 18, "text": "VAT BREAKDOWN", "label": "others", "box": [102, 748, 260, 722], "linking": []}, {"id": 19, "text": "NET", "label": "others", "box": [269, 780, 306, 754], "linking": []}, {"id": 20, "text": "3.16", "label": "others", "box": [256, 812, 309, 784], "linking": []}, {"id": 21, "text": "TAX", "label": "others", "box": [368, 779, 416, 753], "linking": []}, {"id": 22, "text": "0.63", "label": "others", "box": [353, 811, 404, 786], "linking": []}, {"id": 23, "text": "Gross", "label": "others", "box": [436, 780, 503, 752], "linking": []}, {"id": 24, "text": "3.79 *", "label": "others", "box": [449, 811, 529, 786], "linking": []}, {"id": 25, "text": "20.00", "label": "others", "box": [100, 813, 164, 786], "linking": []}, {"id": 26, "text": "01273738992", "label": "others", "box": [207, 875, 345, 849], "linking": []}, {"id": 27, "text": "VAT No. 927137420", "label": "others", "box": [170, 908, 382, 881], "linking": []}, {"id": 28, "text": " CLOSED 12/08/2019 19:45:09", "label": "others", "box": [67, 1073, 393, 1041], "linking": []}]