[{"id": 0, "text": "merchant name", "label": "others", "box": [388, 271, 841, 145], "linking": []}, {"id": 1, "text": "merchant address", "label": "others", "box": [417, 412, 793, 342], "linking": []}, {"id": 2, "text": " Julia M", "label": "others", "box": [365, 486, 488, 444], "linking": []}, {"id": 3, "text": "CREATIVE SALAD CO.", "label": "others", "box": [449, 315, 788, 251], "linking": []}, {"id": 4, "text": " Server:", "label": "others", "box": [232, 479, 361, 440], "linking": []}, {"id": 5, "text": "11/11/19", "label": "others", "box": [851, 444, 983, 388], "linking": []}, {"id": 6, "text": "Check #1373", "label": "others", "box": [228, 520, 423, 476], "linking": []}, {"id": 7, "text": " 7:36 PM", "label": "others", "box": [863, 481, 990, 429], "linking": []}, {"id": 8, "text": "Global Street Food Pairing", "label": "0 description beginning", "box": [226, 718, 661, 678], "linking": []}, {"id": 9, "text": "Chocolate Chip Cookie", "label": "1 description inside", "box": [261, 758, 611, 720], "linking": []}, {"id": 10, "text": "NYC Street Cart Salad", "label": "1 description inside", "box": [258, 798, 612, 758], "linking": []}, {"id": 11, "text": "Spindrift Grapefruit", "label": "1 description inside", "box": [255, 839, 595, 799], "linking": []}, {"id": 12, "text": "$12.79", "label": "5 total price per item", "box": [884, 685, 991, 637], "linking": []}, {"id": 13, "text": "Subtotal", "label": "others", "box": [217, 960, 359, 920], "linking": []}, {"id": 14, "text": "Tax", "label": "others", "box": [215, 999, 273, 965], "linking": []}, {"id": 15, "text": "Total", "label": "others", "box": [213, 1042, 304, 1006], "linking": []}, {"id": 16, "text": "$12.79", "label": "sub total", "box": [886, 933, 990, 885], "linking": []}, {"id": 17, "text": "$1.13", "label": "2 tax total", "box": [902, 974, 990, 929], "linking": []}, {"id": 18, "text": "$13.92", "label": "total amount", "box": [884, 1019, 994, 974], "linking": []}, {"id": 19, "text": "Credit Card", "label": "others", "box": [204, 1128, 407, 1089], "linking": []}, {"id": 20, "text": "Amex", "label": "others", "box": [205, 1167, 280, 1134], "linking": []}, {"id": 21, "text": "Swiped", "label": "others", "box": [881, 1107, 997, 1066], "linking": []}, {"id": 22, "text": "xxxxxxxx5007", "label": "others", "box": [780, 1158, 994, 1112], "linking": []}, {"id": 23, "text": "Transaction Type", "label": "others", "box": [200, 1258, 487, 1217], "linking": []}, {"id": 24, "text": "Authorization", "label": "others", "box": [195, 1302, 433, 1262], "linking": []}, {"id": 25, "text": "Approval Code", "label": "others", "box": [191, 1348, 431, 1307], "linking": []}, {"id": 26, "text": "Payment ID", "label": "others", "box": [190, 1392, 376, 1348], "linking": []}, {"id": 27, "text": "Merchant ID", "label": "others", "box": [187, 1438, 392, 1395], "linking": []}, {"id": 28, "text": "Card Reader", "label": "others", "box": [187, 1485, 390, 1442], "linking": []}, {"id": 29, "text": "Sale", "label": "others", "box": [924, 1245, 1000, 1205], "linking": []}, {"id": 30, "text": "Approved", "label": "others", "box": [849, 1294, 1005, 1255], "linking": []}, {"id": 31, "text": "553923", "label": "others", "box": [880, 1342, 1003, 1301], "linking": []}, {"id": 32, "text": "PCyqmYmPrgNb", "label": "others", "box": [777, 1393, 1007, 1348], "linking": []}, {"id": 33, "text": "032656371", "label": "others", "box": [835, 1439, 1007, 1397], "linking": []}, {"id": 34, "text": "MAGTEK_DYNAMAG", "label": "others", "box": [742, 1490, 1015, 1446], "linking": []}, {"id": 35, "text": "Amount", "label": "others", "box": [366, 1573, 477, 1535], "linking": []}, {"id": 36, "text": "$13.92", "label": "total amount", "box": [895, 1588, 1018, 1544], "linking": []}, {"id": 37, "text": "Thank you for dining with us!", "label": "others", "box": [334, 1782, 859, 1718], "linking": []}, {"id": 38, "text": "Download at", "label": "others", "box": [489, 1873, 693, 1819], "linking": []}, {"id": 39, "text": "Earn rewards with the Chopt App.", "label": "others", "box": [298, 1830, 889, 1768], "linking": []}, {"id": 40, "text": " http://choptsalad.com/order", "label": "others", "box": [342, 1917, 848, 1863], "linking": []}]