[{"id": 0, "text": "on", "label": "others", "box": [267, 68, 284, 22], "linking": []}, {"id": 1, "text": " 13:20", "label": "others", "box": [47, 60, 128, 31], "linking": []}, {"id": 2, "text": "18", "label": "others", "box": [254, 65, 269, 31], "linking": []}, {"id": 3, "text": "BOX", "label": "others", "box": [379, 52, 410, 38], "linking": []}, {"id": 4, "text": "95", "label": "others", "box": [986, 56, 1013, 37], "linking": []}, {"id": 5, "text": "Support", "label": "others", "box": [951, 158, 1069, 128], "linking": []}, {"id": 6, "text": "Order Summary", "label": "others", "box": [31, 282, 454, 223], "linking": []}, {"id": 7, "text": "merchant name", "label": "others", "box": [26, 386, 228, 341], "linking": []}, {"id": 8, "text": "merchant address", "label": "others", "box": [28, 425, 770, 394], "linking": []}, {"id": 9, "text": "This order with Rajasthali was delivered", "label": "others", "box": [27, 509, 580, 480], "linking": []}, {"id": 10, "text": "Your Order", "label": "others", "box": [26, 646, 260, 606], "linking": []}, {"id": 11, "text": "MARK AS FAVORITE", "label": "others", "box": [774, 637, 1024, 612], "linking": []}, {"id": 12, "text": " O", "label": "others", "box": [29, 732, 55, 700], "linking": []}, {"id": 13, "text": " Special Meal Box", "label": "0 description beginning", "box": [73, 734, 358, 699], "linking": []}, {"id": 14, "text": "10", "label": "e quantity", "box": [47, 792, 80, 767], "linking": []}, {"id": 15, "text": " X", "label": "others", "box": [117, 795, 148, 765], "linking": []}, {"id": 16, "text": " \u20b9 160", "label": "unit price", "box": [154, 795, 223, 764], "linking": []}, {"id": 17, "text": "\u20b91600", "label": "5 total price per item", "box": [964, 792, 1051, 765], "linking": []}, {"id": 18, "text": "Item Total", "label": "others", "box": [28, 904, 197, 874], "linking": []}, {"id": 19, "text": "21600", "label": "sub total", "box": [948, 904, 1050, 872], "linking": []}, {"id": 20, "text": "Delivery Charge", "label": "others", "box": [27, 964, 236, 935], "linking": []}, {"id": 21, "text": "\u592926", "label": "others", "box": [1002, 959, 1050, 933], "linking": []}, {"id": 22, "text": "Total", "label": "others", "box": [27, 1044, 118, 1013], "linking": []}, {"id": 23, "text": "\u59291626", "label": "total amount", "box": [955, 1043, 1051, 1014], "linking": []}, {"id": 24, "text": "Order Details", "label": "others", "box": [27, 1218, 309, 1179], "linking": []}, {"id": 25, "text": "Order Number", "label": "others", "box": [28, 1298, 206, 1273], "linking": []}, {"id": 26, "text": "1763598198", "label": "others", "box": [28, 1333, 191, 1306], "linking": []}, {"id": 27, "text": "Payment", "label": "others", "box": [27, 1408, 138, 1381], "linking": []}, {"id": 28, "text": " Paid", "label": "others", "box": [28, 1443, 88, 1412], "linking": []}, {"id": 29, "text": " : Using Card", "label": "others", "box": [93, 1444, 269, 1413], "linking": []}, {"id": 30, "text": "Date", "label": "others", "box": [30, 1511, 87, 1491], "linking": []}, {"id": 31, "text": " November 25, 2019 at 07:54 PM", "label": "others", "box": [28, 1551, 469, 1520], "linking": []}, {"id": 32, "text": "Phone number", "label": "others", "box": [28, 1623, 209, 1598], "linking": []}, {"id": 33, "text": "merchant phone", "label": "others", "box": [31, 1657, 197, 1629], "linking": []}, {"id": 34, "text": "Deliver to", "label": "others", "box": [29, 1731, 146, 1705], "linking": []}, {"id": 35, "text": "epitime towers, DLF Building No. 5 Tower C, DLF Cyber City, DLF Phase 2,", "label": "others", "box": [30, 1769, 1051, 1736], "linking": []}, {"id": 36, "text": "Sector 24, Gurugram, Haryana, India", "label": "others", "box": [28, 1809, 536, 1777], "linking": []}, {"id": 37, "text": "merchant phone", "label": "others", "box": [330, 1971, 750, 1937], "linking": []}, {"id": 38, "text": "Repeat Order", "label": "others", "box": [409, 2250, 666, 2209], "linking": []}, {"id": 39, "text": "VIEW CART ON NEXT STEP", "label": "others", "box": [371, 2281, 709, 2253], "linking": []}]