[{"id": 0, "text": "merchant name", "label": "others", "box": [44, 86, 411, 31], "linking": []}, {"id": 1, "text": " the", "label": "others", "box": [325, 131, 355, 106], "linking": []}, {"id": 2, "text": "merchant name", "label": "others", "box": [153, 160, 328, 133], "linking": []}, {"id": 3, "text": " Thank You For Visiting", "label": "others", "box": [118, 135, 322, 108], "linking": []}, {"id": 4, "text": "merchant address", "label": "others", "box": [155, 186, 330, 155], "linking": []}, {"id": 5, "text": "merchant address", "label": "others", "box": [280, 207, 304, 184], "linking": []}, {"id": 6, "text": "merchant address", "label": "others", "box": [174, 208, 276, 185], "linking": []}, {"id": 7, "text": "CAD", "label": "others", "box": [397, 238, 426, 219], "linking": []}, {"id": 8, "text": "7.25", "label": "5 total price per item", "box": [388, 263, 427, 242], "linking": []}, {"id": 9, "text": "1.75", "label": "5 total price per item", "box": [392, 290, 425, 263], "linking": []}, {"id": 10, "text": "1.99", "label": "5 total price per item", "box": [390, 311, 425, 291], "linking": []}, {"id": 11, "text": " Culinary", "label": "0 description beginning", "box": [59, 277, 136, 258], "linking": []}, {"id": 12, "text": " Small", "label": "0 description beginning", "box": [60, 297, 108, 280], "linking": []}, {"id": 13, "text": "Hand Fruit Premium", "label": "0 description beginning", "box": [58, 322, 223, 301], "linking": []}, {"id": 14, "text": " Theater", "label": "1 description inside", "box": [140, 276, 202, 257], "linking": []}, {"id": 15, "text": " Soup", "label": "1 description inside", "box": [112, 298, 150, 280], "linking": []}, {"id": 16, "text": "Sub Total", "label": "others", "box": [263, 458, 345, 437], "linking": []}, {"id": 17, "text": "Tax Amount", "label": "others", "box": [264, 481, 357, 459], "linking": []}, {"id": 18, "text": "10.99", "label": "sub total", "box": [380, 452, 425, 431], "linking": []}, {"id": 19, "text": "1.43", "label": "2 tax total", "box": [387, 474, 424, 454], "linking": []}, {"id": 20, "text": "Total CAD", "label": "others", "box": [47, 561, 212, 526], "linking": []}, {"id": 21, "text": "12.42", "label": "total amount", "box": [335, 559, 423, 523], "linking": []}, {"id": 22, "text": "5000 Credit Card", "label": "others", "box": [50, 650, 196, 630], "linking": []}, {"id": 23, "text": "12.42", "label": "total amount", "box": [378, 648, 426, 623], "linking": []}, {"id": 24, "text": " 10/24/2019 12:51 PM #:15059 Op:5024 C:121", "label": "others", "box": [50, 717, 423, 694], "linking": []}, {"id": 25, "text": " 101 S:1211", "label": "others", "box": [49, 739, 140, 721], "linking": []}, {"id": 26, "text": " Served you", "label": "others", "box": [49, 763, 143, 744], "linking": []}, {"id": 27, "text": " : Kathy Sun", "label": "others", "box": [146, 763, 247, 743], "linking": []}, {"id": 28, "text": "Global Rewards Points", "label": "others", "box": [47, 807, 239, 788], "linking": []}, {"id": 29, "text": " 215", "label": "others", "box": [216, 829, 247, 810], "linking": []}, {"id": 30, "text": "32", "label": "others", "box": [217, 850, 237, 833], "linking": []}, {"id": 31, "text": "0", "label": "others", "box": [215, 872, 230, 856], "linking": []}, {"id": 32, "text": "247", "label": "others", "box": [218, 895, 247, 878], "linking": []}, {"id": 33, "text": " Previous Balance:", "label": "others", "box": [48, 830, 209, 811], "linking": []}, {"id": 34, "text": " Accrued (new)", "label": "others", "box": [48, 853, 161, 834], "linking": []}, {"id": 35, "text": " Redeemed (used)", "label": "others", "box": [48, 876, 178, 856], "linking": []}, {"id": 36, "text": " New Balance:", "label": "others", "box": [47, 899, 156, 880], "linking": []}, {"id": 37, "text": " :", "label": "others", "box": [164, 852, 175, 834], "linking": []}, {"id": 38, "text": " :", "label": "others", "box": [181, 875, 191, 856], "linking": []}, {"id": 39, "text": "GST# 88778 3355 RT0001", "label": "others", "box": [137, 942, 332, 921], "linking": []}]