[{"id": 0, "text": "11/11/19", "label": "others", "box": [126, 135, 241, 103], "linking": []}, {"id": 1, "text": "SALES DRAFT", "label": "others", "box": [263, 167, 423, 137], "linking": []}, {"id": 2, "text": "merchant name", "label": "others", "box": [192, 220, 509, 185], "linking": []}, {"id": 3, "text": " 11:08", "label": "others", "box": [480, 137, 551, 109], "linking": []}, {"id": 4, "text": "merchant address", "label": "others", "box": [152, 250, 550, 216], "linking": []}, {"id": 5, "text": "merchant phone", "label": "others", "box": [250, 280, 438, 249], "linking": []}, {"id": 6, "text": " MERCH ID:", "label": "others", "box": [123, 328, 250, 297], "linking": []}, {"id": 7, "text": " SERVER:", "label": "others", "box": [122, 360, 238, 328], "linking": []}, {"id": 8, "text": " TERMINAL:", "label": "others", "box": [125, 390, 259, 360], "linking": []}, {"id": 9, "text": " Ryan", "label": "others", "box": [247, 361, 312, 330], "linking": []}, {"id": 10, "text": " 439", "label": "others", "box": [265, 390, 312, 362], "linking": []}, {"id": 11, "text": "American Express", "label": "others", "box": [264, 441, 492, 411], "linking": []}, {"id": 12, "text": "XXXXXXXXXXX2002", "label": "others", "box": [279, 518, 494, 488], "linking": []}, {"id": 13, "text": "XX/XX", "label": "others", "box": [280, 549, 353, 519], "linking": []}, {"id": 14, "text": "842807", "label": "others", "box": [279, 580, 366, 550], "linking": []}, {"id": 15, "text": "20.40", "label": "total amount", "box": [278, 611, 352, 582], "linking": []}, {"id": 16, "text": "4399158", "label": "others", "box": [280, 661, 380, 630], "linking": []}, {"id": 17, "text": " NAME", "label": "others", "box": [124, 486, 176, 458], "linking": []}, {"id": 18, "text": " NUMBER:", "label": "others", "box": [125, 517, 222, 489], "linking": []}, {"id": 19, "text": " EXPIRE:", "label": "others", "box": [124, 550, 224, 520], "linking": []}, {"id": 20, "text": " AUTH:", "label": "others", "box": [121, 580, 194, 551], "linking": []}, {"id": 21, "text": " AMOUNT", "label": "others", "box": [123, 612, 202, 583], "linking": []}, {"id": 22, "text": " CHECK:", "label": "others", "box": [122, 661, 207, 632], "linking": []}, {"id": 23, "text": " TABLE:", "label": "others", "box": [123, 690, 207, 662], "linking": []}, {"id": 24, "text": " TOTAL", "label": "others", "box": [127, 738, 189, 709], "linking": []}, {"id": 25, "text": " :", "label": "others", "box": [182, 486, 195, 458], "linking": []}, {"id": 26, "text": " :", "label": "others", "box": [207, 611, 224, 583], "linking": []}, {"id": 27, "text": " :", "label": "others", "box": [194, 738, 206, 709], "linking": []}, {"id": 28, "text": "20.40", "label": "total amount", "box": [280, 739, 352, 711], "linking": []}, {"id": 29, "text": " GRATUITY:", "label": "others", "box": [125, 805, 252, 776], "linking": []}, {"id": 30, "text": " TOTAL", "label": "others", "box": [122, 871, 186, 841], "linking": []}, {"id": 31, "text": " :", "label": "others", "box": [191, 871, 205, 842], "linking": []}, {"id": 32, "text": "------", "label": "others", "box": [457, 873, 506, 862], "linking": []}, {"id": 33, "text": "I agree to pay above total", "label": "others", "box": [122, 939, 491, 905], "linking": []}, {"id": 34, "text": "amount according to my card", "label": "others", "box": [123, 970, 506, 939], "linking": []}, {"id": 35, "text": "issuer agreement.", "label": "others", "box": [121, 1002, 361, 971], "linking": []}, {"id": 36, "text": "X", "label": "others", "box": [121, 1067, 137, 1039], "linking": []}, {"id": 37, "text": "SIGNATURE", "label": "others", "box": [133, 1098, 266, 1069], "linking": []}, {"id": 38, "text": "Customer Copy", "label": "others", "box": [233, 1154, 421, 1133], "linking": []}]