[{"id": 0, "text": "merchant name", "label": "others", "box": [324, 122, 504, 96], "linking": []}, {"id": 1, "text": "merchant address", "label": "others", "box": [365, 146, 476, 122], "linking": []}, {"id": 2, "text": "merchant address", "label": "others", "box": [308, 170, 522, 145], "linking": []}, {"id": 3, "text": " Merchant. ID:", "label": "others", "box": [226, 213, 340, 190], "linking": []}, {"id": 4, "text": " Term #:", "label": "others", "box": [228, 235, 297, 215], "linking": []}, {"id": 5, "text": " 1110", "label": "others", "box": [344, 214, 386, 192], "linking": []}, {"id": 6, "text": " 0006", "label": "others", "box": [300, 235, 340, 215], "linking": []}, {"id": 7, "text": " Store #:", "label": "others", "box": [489, 240, 564, 220], "linking": []}, {"id": 8, "text": "Ref #. 0119", "label": "others", "box": [504, 262, 605, 242], "linking": []}, {"id": 9, "text": " 0001", "label": "others", "box": [567, 240, 606, 221], "linking": []}, {"id": 10, "text": " Server ID:", "label": "others", "box": [230, 280, 325, 257], "linking": []}, {"id": 11, "text": " 1", "label": "others", "box": [329, 281, 340, 260], "linking": []}, {"id": 12, "text": "Sale", "label": "others", "box": [371, 335, 446, 302], "linking": []}, {"id": 13, "text": "XXXXXXXXXXX2002", "label": "others", "box": [223, 393, 369, 357], "linking": []}, {"id": 14, "text": "AMEX", "label": "others", "box": [225, 432, 267, 399], "linking": []}, {"id": 15, "text": " Entry Method:", "label": "others", "box": [442, 438, 556, 405], "linking": []}, {"id": 16, "text": " Chip", "label": "others", "box": [562, 439, 607, 406], "linking": []}, {"id": 17, "text": " Amount:", "label": "others", "box": [222, 520, 345, 488], "linking": []}, {"id": 18, "text": " Tip:", "label": "others", "box": [224, 561, 296, 530], "linking": []}, {"id": 19, "text": " $", "label": "others", "box": [351, 520, 376, 488], "linking": []}, {"id": 20, "text": "59.75", "label": "sub total", "box": [515, 524, 609, 488], "linking": []}, {"id": 21, "text": "12- 00", "label": "3 tip", "box": [460, 588, 581, 545], "linking": []}, {"id": 22, "text": "71 - 73", "label": "total amount", "box": [460, 650, 605, 604], "linking": []}, {"id": 23, "text": " Total:", "label": "others", "box": [221, 629, 327, 593], "linking": []}, {"id": 24, "text": " 11/1:1/19", "label": "others", "box": [217, 777, 299, 743], "linking": []}, {"id": 25, "text": " 000061", "label": "others", "box": [279, 821, 342, 787], "linking": []}, {"id": 26, "text": " Transaction ID:", "label": "others", "box": [217, 866, 352, 830], "linking": []}, {"id": 27, "text": " Online", "label": "others", "box": [285, 912, 350, 870], "linking": []}, {"id": 28, "text": "AMERICAN EXPRESS", "label": "others", "box": [216, 975, 368, 937], "linking": []}, {"id": 29, "text": " A000000025010801", "label": "others", "box": [263, 1001, 410, 977], "linking": []}, {"id": 30, "text": " F800", "label": "others", "box": [262, 1021, 303, 1002], "linking": []}, {"id": 31, "text": " 0000008000", "label": "others", "box": [263, 1041, 358, 1019], "linking": []}, {"id": 32, "text": " 16:57:08", "label": "others", "box": [527, 776, 603, 745], "linking": []}, {"id": 33, "text": " 817517", "label": "others", "box": [541, 819, 600, 786], "linking": []}, {"id": 34, "text": " Inv #:", "label": "others", "box": [220, 822, 274, 789], "linking": []}, {"id": 35, "text": " Appr Code:", "label": "others", "box": [449, 821, 536, 788], "linking": []}, {"id": 36, "text": " 007542167181977", "label": "others", "box": [358, 864, 504, 829], "linking": []}, {"id": 37, "text": " Batch#:", "label": "others", "box": [470, 908, 527, 868], "linking": []}, {"id": 38, "text": " Apprvd:", "label": "others", "box": [218, 912, 278, 872], "linking": []}, {"id": 39, "text": " 000302", "label": "others", "box": [535, 907, 606, 867], "linking": []}, {"id": 40, "text": " AID:", "label": "others", "box": [217, 1003, 260, 984], "linking": []}, {"id": 41, "text": " TSI:", "label": "others", "box": [217, 1024, 259, 1004], "linking": []}, {"id": 42, "text": " TVR:", "label": "others", "box": [217, 1043, 260, 1024], "linking": []}, {"id": 43, "text": "Customer Copy", "label": "others", "box": [345, 1100, 460, 1076], "linking": []}]