[{"id": 0, "text": "merchant name", "label": "others", "box": [159, 189, 258, 173], "linking": []}, {"id": 1, "text": "merchant address", "label": "others", "box": [161, 207, 258, 189], "linking": []}, {"id": 2, "text": "merchant address", "label": "others", "box": [148, 225, 274, 207], "linking": []}, {"id": 3, "text": " S0143 T02 E0030 020033 12/05/19 9:31am", "label": "others", "box": [65, 266, 347, 242], "linking": []}, {"id": 4, "text": "3.49 T", "label": "5 total price per item", "box": [316, 292, 361, 276], "linking": []}, {"id": 5, "text": " 5.25", "label": "5 total price per item", "box": [317, 310, 350, 294], "linking": []}, {"id": 6, "text": " SMART WATER", "label": "0 description beginning", "box": [65, 301, 148, 281], "linking": []}, {"id": 7, "text": " PREPARED FOOD", "label": "0 description beginning", "box": [67, 320, 164, 299], "linking": []}, {"id": 8, "text": "Sub/Ttl", "label": "others", "box": [139, 351, 189, 334], "linking": []}, {"id": 9, "text": "Tax", "label": "others", "box": [142, 367, 165, 354], "linking": []}, {"id": 10, "text": "Total", "label": "others", "box": [143, 384, 177, 370], "linking": []}, {"id": 11, "text": " 1", "label": "1 description inside", "box": [150, 297, 160, 281], "linking": []}, {"id": 12, "text": " L", "label": "1 description inside", "box": [162, 297, 175, 280], "linking": []}, {"id": 13, "text": " 786162338006", "label": "others", "box": [178, 296, 270, 277], "linking": []}, {"id": 14, "text": " 000000008286", "label": "others", "box": [177, 314, 269, 295], "linking": []}, {"id": 15, "text": " T", "label": "others", "box": [353, 310, 362, 295], "linking": []}, {"id": 16, "text": "8.74", "label": "sub total", "box": [317, 346, 347, 331], "linking": []}, {"id": 17, "text": "0.78", "label": "2 tax total", "box": [315, 363, 346, 349], "linking": []}, {"id": 18, "text": "9.52", "label": "total amount", "box": [318, 382, 348, 366], "linking": []}, {"id": 19, "text": "AmEx", "label": "others", "box": [73, 420, 101, 405], "linking": []}, {"id": 20, "text": "9.52", "label": "others", "box": [322, 419, 352, 402], "linking": []}, {"id": 21, "text": " Acct:", "label": "others", "box": [105, 440, 141, 424], "linking": []}, {"id": 22, "text": " Auth:", "label": "others", "box": [104, 458, 141, 442], "linking": []}, {"id": 23, "text": " Trans ID:", "label": "others", "box": [103, 478, 170, 460], "linking": []}, {"id": 24, "text": " *********** 1001", "label": "others", "box": [144, 441, 257, 424], "linking": []}, {"id": 25, "text": " 839391", "label": "others", "box": [144, 460, 192, 443], "linking": []}, {"id": 26, "text": " 27556", "label": "others", "box": [173, 479, 215, 462], "linking": []}, {"id": 27, "text": "# Items 2", "label": "others", "box": [182, 515, 253, 498], "linking": []}, {"id": 28, "text": "Your cashier was Farida", "label": "others", "box": [68, 551, 237, 530], "linking": []}, {"id": 29, "text": "Thank you for shopping with us!", "label": "others", "box": [104, 569, 332, 548], "linking": []}]