[{"id": 0, "text": "merchant name", "label": "others", "box": [308, 178, 470, 151], "linking": []}, {"id": 1, "text": "merchant name", "label": "others", "box": [345, 194, 448, 178], "linking": []}, {"id": 2, "text": "merchant name", "label": "others", "box": [327, 195, 341, 181], "linking": []}, {"id": 3, "text": "merchant address", "label": "others", "box": [250, 231, 410, 212], "linking": []}, {"id": 4, "text": "Www.waitrose.com/burgesshill", "label": "others", "box": [259, 257, 518, 235], "linking": []}, {"id": 5, "text": " 01444 230092", "label": "others", "box": [414, 229, 528, 210], "linking": []}, {"id": 6, "text": " WR BRIE", "label": "0 description beginning", "box": [238, 307, 309, 292], "linking": []}, {"id": 7, "text": "V WRIGLEYS BUBBLEMINT", "label": "0 description beginning", "box": [216, 324, 415, 306], "linking": []}, {"id": 8, "text": " ITSU DC", "label": "0 description beginning", "box": [238, 336, 307, 322], "linking": []}, {"id": 9, "text": "TANGERINES", "label": "0 description beginning", "box": [236, 351, 338, 334], "linking": []}, {"id": 10, "text": "V WR ONION RINGS", "label": "0 description beginning", "box": [218, 367, 371, 349], "linking": []}, {"id": 11, "text": "5 items", "label": "others", "box": [233, 391, 305, 373], "linking": []}, {"id": 12, "text": "BALANCE DUE", "label": "others", "box": [232, 406, 342, 390], "linking": []}, {"id": 13, "text": "Visa Debit", "label": "others", "box": [233, 432, 330, 415], "linking": []}, {"id": 14, "text": "************ 4320", "label": "others", "box": [240, 447, 396, 432], "linking": []}, {"id": 15, "text": "CHANGE", "label": "others", "box": [230, 473, 293, 455], "linking": []}, {"id": 16, "text": " & CRANBERRY", "label": "1 description inside", "box": [313, 307, 416, 292], "linking": []}, {"id": 17, "text": "3.00", "label": "5 total price per item", "box": [523, 305, 565, 289], "linking": []}, {"id": 18, "text": "0.51", "label": "5 total price per item", "box": [523, 320, 565, 304], "linking": []}, {"id": 19, "text": "1.85", "label": "5 total price per item", "box": [526, 335, 565, 319], "linking": []}, {"id": 20, "text": "2.50", "label": "5 total price per item", "box": [527, 349, 565, 334], "linking": []}, {"id": 21, "text": "0.85", "label": "5 total price per item", "box": [525, 365, 567, 349], "linking": []}, {"id": 22, "text": "3", "label": "others", "box": [533, 276, 546, 290], "linking": []}, {"id": 23, "text": "V", "label": "0 description beginning", "box": [215, 332, 236, 316], "linking": []}, {"id": 24, "text": " & 0 RICE", "label": "1 description inside", "box": [312, 337, 391, 322], "linking": []}, {"id": 25, "text": " C", "label": "1 description inside", "box": [395, 338, 409, 322], "linking": []}, {"id": 26, "text": "98.71", "label": "total amount", "box": [517, 405, 568, 388], "linking": []}, {"id": 27, "text": "28.71", "label": "others", "box": [516, 447, 567, 431], "linking": []}, {"id": 28, "text": "0.00", "label": "others", "box": [526, 472, 568, 455], "linking": []}, {"id": 29, "text": "Rate", "label": "others", "box": [197, 516, 242, 499], "linking": []}, {"id": 30, "text": "0.0%", "label": "others", "box": [207, 532, 252, 516], "linking": []}, {"id": 31, "text": "20.0%", "label": "others", "box": [196, 548, 252, 532], "linking": []}, {"id": 32, "text": "Totals", "label": "others", "box": [198, 565, 260, 547], "linking": []}, {"id": 33, "text": "*** CARDHOLDER COPY ***", "label": "others", "box": [205, 592, 433, 574], "linking": []}, {"id": 34, "text": " W3602329", "label": "others", "box": [191, 619, 278, 602], "linking": []}, {"id": 35, "text": " :** 21885", "label": "others", "box": [183, 636, 268, 619], "linking": []}, {"id": 36, "text": " 04/12/2019 13:37:56", "label": "others", "box": [223, 653, 414, 634], "linking": []}, {"id": 37, "text": "Visa Debit", "label": "others", "box": [167, 686, 273, 667], "linking": []}, {"id": 38, "text": "************ 4320", "label": "others", "box": [166, 702, 334, 684], "linking": []}, {"id": 39, "text": " CONTACTLESS", "label": "others", "box": [165, 732, 287, 713], "linking": []}, {"id": 40, "text": "Please debit my account", "label": "others", "box": [194, 762, 433, 742], "linking": []}, {"id": 41, "text": "AMOUNT", "label": "others", "box": [161, 778, 229, 760], "linking": []}, {"id": 42, "text": "TOTAL", "label": "others", "box": [161, 796, 220, 778], "linking": []}, {"id": 43, "text": "NO CARDHOLDER VERIFICATION", "label": "others", "box": [181, 826, 453, 807], "linking": []}, {"id": 44, "text": "----", "label": "others", "box": [444, 842, 481, 830], "linking": []}, {"id": 45, "text": "VAT SUMMARY", "label": "others", "box": [326, 502, 433, 486], "linking": []}, {"id": 46, "text": "Net", "label": "others", "box": [327, 517, 358, 502], "linking": []}, {"id": 47, "text": "5.50", "label": "others", "box": [314, 534, 358, 518], "linking": []}, {"id": 48, "text": "2.67", "label": "others", "box": [312, 550, 360, 532], "linking": []}, {"id": 49, "text": "8. 17", "label": "others", "box": [313, 564, 357, 549], "linking": []}, {"id": 50, "text": "VAT", "label": "others", "box": [422, 518, 451, 502], "linking": []}, {"id": 51, "text": "0.00", "label": "others", "box": [413, 533, 454, 518], "linking": []}, {"id": 52, "text": "0.54", "label": "2 tax total", "box": [413, 549, 455, 533], "linking": []}, {"id": 53, "text": "0.54", "label": "others", "box": [410, 565, 453, 549], "linking": []}, {"id": 54, "text": "Gross", "label": "others", "box": [516, 518, 568, 502], "linking": []}, {"id": 55, "text": "5.50", "label": "others", "box": [525, 534, 570, 516], "linking": []}, {"id": 56, "text": "3.21", "label": "others", "box": [525, 550, 569, 532], "linking": []}, {"id": 57, "text": "8.71", "label": "others", "box": [525, 563, 569, 545], "linking": []}, {"id": 58, "text": " P:", "label": "others", "box": [172, 619, 189, 602], "linking": []}, {"id": 59, "text": " M", "label": "others", "box": [170, 635, 181, 619], "linking": []}, {"id": 60, "text": " T", "label": "others", "box": [384, 620, 388, 603], "linking": []}, {"id": 61, "text": " :**** 6764", "label": "others", "box": [392, 621, 484, 603], "linking": []}, {"id": 62, "text": " CP SALE", "label": "others", "box": [307, 732, 386, 713], "linking": []}, {"id": 63, "text": "GBP8.71", "label": "others", "box": [409, 777, 483, 760], "linking": []}, {"id": 64, "text": "GBP8.71", "label": "others", "box": [409, 795, 483, 778], "linking": []}, {"id": 65, "text": "Please Keep This Receipt", "label": "others", "box": [191, 864, 441, 843], "linking": []}, {"id": 66, "text": " For your", "label": "others", "box": [230, 882, 319, 863], "linking": []}, {"id": 67, "text": " Auth Code:", "label": "others", "box": [157, 899, 268, 880], "linking": []}, {"id": 68, "text": " Ref:", "label": "others", "box": [156, 916, 200, 900], "linking": []}, {"id": 69, "text": " AID:", "label": "others", "box": [156, 935, 204, 916], "linking": []}, {"id": 70, "text": " App Seq:", "label": "others", "box": [154, 955, 246, 936], "linking": []}, {"id": 71, "text": " Records", "label": "others", "box": [323, 882, 399, 864], "linking": []}, {"id": 72, "text": " 483567", "label": "others", "box": [272, 899, 339, 881], "linking": []}, {"id": 73, "text": "000005066060", "label": "others", "box": [271, 918, 402, 898], "linking": []}, {"id": 74, "text": " A0000000031010", "label": "others", "box": [208, 938, 357, 916], "linking": []}, {"id": 75, "text": " 00", "label": "others", "box": [249, 955, 275, 937], "linking": []}, {"id": 76, "text": "Account on File Registration", "label": "others", "box": [161, 1008, 463, 984], "linking": []}, {"id": 77, "text": " Result:", "label": "others", "box": [148, 1044, 230, 1023], "linking": []}, {"id": 78, "text": " Token ID:", "label": "others", "box": [149, 1063, 252, 1042], "linking": []}, {"id": 79, "text": "Details", "label": "others", "box": [268, 1023, 347, 1004], "linking": []}, {"id": 80, "text": " Registration Successful", "label": "others", "box": [234, 1046, 483, 1024], "linking": []}, {"id": 81, "text": " 33307252521", "label": "others", "box": [256, 1063, 377, 1042], "linking": []}, {"id": 82, "text": "Did you receive great service today?", "label": "others", "box": [176, 1139, 572, 1112], "linking": []}, {"id": 83, "text": "Visit waitrosehaveununcan", "label": "others", "box": [176, 1171, 454, 1148], "linking": []}]