[{"id": 0, "text": "merchant name", "label": "others", "box": [282, 259, 476, 218], "linking": []}, {"id": 1, "text": "merchant address", "label": "others", "box": [253, 300, 527, 256], "linking": []}, {"id": 2, "text": "merchant phone", "label": "others", "box": [280, 344, 514, 298], "linking": []}, {"id": 3, "text": " Server:", "label": "others", "box": [37, 424, 164, 391], "linking": []}, {"id": 4, "text": " Guests:", "label": "others", "box": [39, 507, 167, 471], "linking": []}, {"id": 5, "text": " Reprint #:", "label": "others", "box": [38, 550, 222, 515], "linking": []}, {"id": 6, "text": " Matt", "label": "others", "box": [170, 425, 244, 390], "linking": []}, {"id": 7, "text": "11/19/2019", "label": "others", "box": [580, 414, 752, 367], "linking": []}, {"id": 8, "text": " 8:46 PM", "label": "others", "box": [626, 451, 757, 409], "linking": []}, {"id": 9, "text": "130037", "label": "others", "box": [649, 493, 753, 453], "linking": []}, {"id": 10, "text": " 0", "label": "others", "box": [173, 506, 195, 472], "linking": []}, {"id": 11, "text": " 1", "label": "others", "box": [228, 548, 246, 516], "linking": []}, {"id": 12, "text": "Circa Pinot Grigio GL", "label": "0 description beginning", "box": [35, 629, 397, 595], "linking": []}, {"id": 13, "text": "Moscow Mule", "label": "0 description beginning", "box": [33, 668, 229, 633], "linking": []}, {"id": 14, "text": "12.00", "label": "5 total price per item", "box": [669, 620, 755, 582], "linking": []}, {"id": 15, "text": "16.00", "label": "5 total price per item", "box": [669, 662, 754, 625], "linking": []}, {"id": 16, "text": "Complete Subtotal", "label": "others", "box": [28, 746, 331, 710], "linking": []}, {"id": 17, "text": "28.00", "label": "sub total", "box": [666, 746, 757, 710], "linking": []}, {"id": 18, "text": "Subtotal", "label": "others", "box": [28, 831, 173, 791], "linking": []}, {"id": 19, "text": "Tax", "label": "others", "box": [31, 872, 88, 840], "linking": []}, {"id": 20, "text": "28.00", "label": "sub total", "box": [668, 832, 759, 796], "linking": []}, {"id": 21, "text": "2.49", "label": "2 tax total", "box": [684, 874, 759, 838], "linking": []}, {"id": 22, "text": "Total", "label": "others", "box": [30, 960, 199, 923], "linking": []}, {"id": 23, "text": "30.49", "label": "total amount", "box": [582, 960, 759, 923], "linking": []}, {"id": 24, "text": "Amex #XXXXXXXXXXX2006", "label": "others", "box": [25, 1048, 397, 1006], "linking": []}, {"id": 25, "text": "Tip", "label": "others", "box": [30, 1092, 81, 1054], "linking": []}, {"id": 26, "text": "Total", "label": "others", "box": [23, 1132, 115, 1097], "linking": []}, {"id": 27, "text": " Auth:579050", "label": "others", "box": [58, 1180, 256, 1141], "linking": []}, {"id": 28, "text": "30.49", "label": "others", "box": [668, 1046, 766, 1007], "linking": []}, {"id": 29, "text": "6.00", "label": "3 tip", "box": [688, 1089, 765, 1053], "linking": []}, {"id": 30, "text": "36.49", "label": "total amount", "box": [671, 1134, 767, 1095], "linking": []}, {"id": 31, "text": "Grand Total", "label": "others", "box": [19, 1268, 218, 1229], "linking": []}, {"id": 32, "text": "Balance Due", "label": "others", "box": [15, 1313, 410, 1274], "linking": []}, {"id": 33, "text": "36.49", "label": "total amount", "box": [672, 1265, 767, 1227], "linking": []}, {"id": 34, "text": "0.00", "label": "others", "box": [619, 1312, 765, 1271], "linking": []}, {"id": 35, "text": "General Manager", "label": "others", "box": [248, 1402, 517, 1363], "linking": []}, {"id": 36, "text": "Clare Bohrer", "label": "others", "box": [283, 1449, 501, 1408], "linking": []}, {"id": 37, "text": "*-- Check Closed", "label": "others", "box": [215, 1539, 503, 1496], "linking": []}]