[{"id": 0, "text": "merchant name", "label": "others", "box": [200, 79, 302, 61], "linking": []}, {"id": 1, "text": "merchant address", "label": "others", "box": [189, 101, 321, 81], "linking": []}, {"id": 2, "text": "merchant address", "label": "others", "box": [171, 123, 341, 103], "linking": []}, {"id": 3, "text": "merchant phone", "label": "others", "box": [198, 143, 313, 124], "linking": []}, {"id": 4, "text": " Host:", "label": "others", "box": [64, 173, 109, 151], "linking": []}, {"id": 5, "text": "62 SUNNY", "label": "others", "box": [65, 194, 135, 171], "linking": []}, {"id": 6, "text": "zitoidiInA 10 zeromioH of", "label": "others", "box": [111, 234, 407, 208], "linking": []}, {"id": 7, "text": "Chickn Shack", "label": "0 description beginning", "box": [64, 264, 342, 238], "linking": []}, {"id": 8, "text": "Shake", "label": "0 description beginning", "box": [67, 284, 110, 265], "linking": []}, {"id": 9, "text": "Christmas Cookie 16oz", "label": "1 description inside", "box": [85, 307, 272, 285], "linking": []}, {"id": 10, "text": "DAHa", "label": "others", "box": [130, 346, 224, 315], "linking": []}, {"id": 11, "text": " Carolina", "label": "others", "box": [113, 170, 191, 147], "linking": []}, {"id": 12, "text": "12/04/2019", "label": "others", "box": [358, 171, 451, 148], "linking": []}, {"id": 13, "text": " 5:43 PM", "label": "others", "box": [384, 193, 451, 173], "linking": []}, {"id": 14, "text": "30153", "label": "others", "box": [403, 217, 451, 196], "linking": []}, {"id": 15, "text": "7.09", "label": "5 total price per item", "box": [410, 263, 448, 243], "linking": []}, {"id": 16, "text": "5.99", "label": "5 total price per item", "box": [409, 286, 447, 267], "linking": []}, {"id": 17, "text": "Subtotal", "label": "others", "box": [62, 350, 132, 329], "linking": []}, {"id": 18, "text": "Tax", "label": "others", "box": [60, 373, 90, 350], "linking": []}, {"id": 19, "text": "13.08", "label": "sub total", "box": [401, 354, 447, 329], "linking": []}, {"id": 20, "text": "1.16", "label": "2 tax total", "box": [412, 376, 449, 356], "linking": []}, {"id": 21, "text": "To Stay Total", "label": "others", "box": [58, 425, 297, 398], "linking": []}, {"id": 22, "text": "14.24", "label": "total amount", "box": [355, 425, 449, 401], "linking": []}, {"id": 23, "text": "Amex #XXXXXXXXXXX1001", "label": "others", "box": [57, 472, 252, 446], "linking": []}, {"id": 24, "text": " Auth:500920", "label": "others", "box": [73, 494, 176, 470], "linking": []}, {"id": 25, "text": "14.24", "label": "others", "box": [403, 471.31, 450, 452.31], "linking": []}, {"id": 26, "text": "How'd We Do?", "label": "others", "box": [191, 565, 309, 545], "linking": []}, {"id": 27, "text": "shakeshack.com/feedback", "label": "others", "box": [137, 588, 355, 565], "linking": []}, {"id": 28, "text": "--- Check Closed ---", "label": "others", "box": [156, 631, 343, 610], "linking": []}]