[{"id": 0, "text": "19", "label": "others", "box": [211, 89, 290, 11], "linking": []}, {"id": 1, "text": "Thank You For Visiting the", "label": "others", "box": [559, 112, 987, 40], "linking": []}, {"id": 2, "text": "Matthew Fraysier", "label": "others", "box": [630, 175, 896, 122], "linking": []}, {"id": 3, "text": "merchant phone", "label": "others", "box": [651, 250, 869, 197], "linking": []}, {"id": 4, "text": "Text @LIF11479 to 73940", "label": "others", "box": [569, 328, 956, 264], "linking": []}, {"id": 5, "text": "merchant name", "label": "others", "box": [561, 147, 878, 86], "linking": []}, {"id": 6, "text": "General Manager", "label": "others", "box": [641, 214, 885, 162], "linking": []}, {"id": 7, "text": "We Love Your Feedback!", "label": "others", "box": [578, 290, 942, 228], "linking": []}, {"id": 8, "text": "merchant name", "label": "others", "box": [882, 120, 910, 83], "linking": []}, {"id": 9, "text": "merchant name", "label": "others", "box": [914, 117, 978, 77], "linking": []}, {"id": 10, "text": "USD", "label": "others", "box": [1056, 365, 1115, 332], "linking": []}, {"id": 11, "text": "2.99", "label": "5 total price per item", "box": [1038, 406, 1117, 369], "linking": []}, {"id": 12, "text": "Strawberry Fruit Yog", "label": "0 description beginning", "box": [426, 449, 763, 397], "linking": []}, {"id": 13, "text": "Small Clamshell", "label": "0 description beginning", "box": [417, 520, 671, 476], "linking": []}, {"id": 14, "text": "Toast", "label": "0 description beginning", "box": [422, 558, 513, 524], "linking": []}, {"id": 15, "text": "Toast", "label": "0 description beginning", "box": [425, 599, 497, 561], "linking": []}, {"id": 16, "text": "0.55 lb x $ 7.68/lb", "label": "1 description inside", "box": [419, 483, 746, 432], "linking": []}, {"id": 17, "text": "4.22", "label": "5 total price per item", "box": [1038, 485, 1115, 448], "linking": []}, {"id": 18, "text": "0.35", "label": "5 total price per item", "box": [1035, 520, 1119, 486], "linking": []}, {"id": 19, "text": "0.35", "label": "5 total price per item", "box": [1039, 559, 1113, 521], "linking": []}, {"id": 20, "text": "Sub Total", "label": "others", "box": [795, 656, 955, 614], "linking": []}, {"id": 21, "text": "Tax Amount", "label": "others", "box": [798, 697, 969, 656], "linking": []}, {"id": 22, "text": "7.91", "label": "sub total", "box": [1046, 643, 1106, 606], "linking": []}, {"id": 23, "text": "0.70", "label": "2 tax total", "box": [1036, 681, 1110, 644], "linking": []}, {"id": 24, "text": "Total USD", "label": "others", "box": [385, 864, 691, 788], "linking": []}, {"id": 25, "text": "8.61", "label": "total amount", "box": [963, 841, 1104, 767], "linking": []}, {"id": 26, "text": "5009 AMERICAN EXPRESS", "label": "others", "box": [369, 1018, 741, 971], "linking": []}, {"id": 27, "text": "8.61", "label": "others", "box": [1033, 1000, 1106, 961], "linking": []}, {"id": 28, "text": "Tax", "label": "others", "box": [370, 1141, 424, 1107], "linking": []}, {"id": 29, "text": "() 8.875", "label": "others", "box": [367, 1186, 507, 1145], "linking": []}, {"id": 30, "text": " Taxable Amount", "label": "others", "box": [643, 1140, 912, 1093], "linking": []}, {"id": 31, "text": " Tax Amount", "label": "others", "box": [925, 1133, 1109, 1087], "linking": []}, {"id": 32, "text": "0.70", "label": "2 tax total", "box": [1035, 1169, 1097, 1134], "linking": []}, {"id": 33, "text": "7.91", "label": "sub total", "box": [823, 1175, 890, 1136], "linking": []}, {"id": 34, "text": " 11/18/2019 09:23 AM #:51028 Op:4023 C:111", "label": "others", "box": [356, 1313, 1109, 1259], "linking": []}, {"id": 35, "text": " 105 S:1111", "label": "others", "box": [352, 1354, 537, 1314], "linking": []}, {"id": 36, "text": " Served you", "label": "others", "box": [349, 1399, 538, 1356], "linking": []}, {"id": 37, "text": " : Lucrecia Findley", "label": "others", "box": [545, 1398, 873, 1351], "linking": []}, {"id": 38, "text": "*** Customer copy ***", "label": "others", "box": [501, 1571, 891, 1532], "linking": []}, {"id": 39, "text": "AMEX NY937 (5)", "label": "others", "box": [571, 1664, 818, 1620], "linking": []}, {"id": 40, "text": "I agree to pay the above total amount", "label": "others", "box": [347, 1711, 1032, 1664], "linking": []}, {"id": 41, "text": "according to card issuer", "label": "others", "box": [475, 1753, 915, 1712], "linking": []}, {"id": 42, "text": " if Credit", "label": "others", "box": [879, 1799, 1045, 1755], "linking": []}, {"id": 43, "text": "Voucher)Retain this copy for your", "label": "others", "box": [376, 1849, 991, 1803], "linking": []}, {"id": 44, "text": "records.", "label": "others", "box": [619, 1892, 761, 1855], "linking": []}, {"id": 45, "text": " agreement .", "label": "others", "box": [324, 1801, 496, 1759], "linking": []}, {"id": 46, "text": " (Merchant agreement", "label": "others", "box": [504, 1801, 871, 1757], "linking": []}, {"id": 47, "text": "PURCHASE / APPROVED", "label": "others", "box": [304, 1988, 671, 1941], "linking": []}, {"id": 48, "text": "AMERICAN EXPRESS", "label": "others", "box": [308, 2033, 611, 1988], "linking": []}, {"id": 49, "text": "*********** 1006", "label": "others", "box": [304, 2080, 592, 2037], "linking": []}, {"id": 50, "text": "CHIP READ /", "label": "others", "box": [303, 2129, 518, 2082], "linking": []}, {"id": 51, "text": " 2019/11/18 09:24:04", "label": "others", "box": [297, 2231, 667, 2178], "linking": []}, {"id": 52, "text": "TID", "label": "others", "box": [296, 2275, 358, 2229], "linking": []}, {"id": 53, "text": "MID", "label": "others", "box": [289, 2322, 357, 2278], "linking": []}, {"id": 54, "text": "REFERENCE", "label": "others", "box": [280, 2377, 462, 2327], "linking": []}, {"id": 55, "text": "AUTH CODE", "label": "others", "box": [281, 2427, 456, 2378], "linking": []}, {"id": 56, "text": "**** 6039", "label": "others", "box": [904, 2283, 1063, 2242], "linking": []}, {"id": 57, "text": "6634459", "label": "others", "box": [918, 2335, 1062, 2290], "linking": []}, {"id": 58, "text": "S1111T111105#51028@330157", "label": "others", "box": [566, 2388, 1057, 2333], "linking": []}, {"id": 59, "text": "892736", "label": "others", "box": [940, 2437, 1061, 2394], "linking": []}, {"id": 60, "text": "TOTAL", "label": "others", "box": [279, 2524, 378, 2477], "linking": []}, {"id": 61, "text": "USD8.61", "label": "total amount", "box": [910, 2542, 1053, 2496], "linking": []}, {"id": 62, "text": " ARC:", "label": "others", "box": [276, 2624, 353, 2578], "linking": []}, {"id": 63, "text": " TSI:", "label": "others", "box": [277, 2678, 349, 2626], "linking": []}, {"id": 64, "text": " IAD:", "label": "others", "box": [279, 2731, 345, 2682], "linking": []}, {"id": 65, "text": " OD:", "label": "others", "box": [204, 2841, 316, 2746], "linking": []}, {"id": 66, "text": " 00", "label": "others", "box": [360, 2625, 411, 2580], "linking": []}, {"id": 67, "text": " F800", "label": "others", "box": [358, 2680, 450, 2631], "linking": []}, {"id": 68, "text": " 0660010360A002", "label": "others", "box": [352, 2734, 643, 2683], "linking": []}, {"id": 69, "text": " MI DUALICAMERA", "label": "others", "box": [331, 2854, 812, 2772], "linking": []}, {"id": 70, "text": " YR:", "label": "others", "box": [273, 2787, 335, 2728], "linking": []}, {"id": 71, "text": " REDMI NOTE 5 PRO", "label": "others", "box": [344, 2786, 860, 2725], "linking": []}, {"id": 72, "text": " PAN Seq No:", "label": "others", "box": [259, 2892, 476, 2834], "linking": []}, {"id": 73, "text": " 00", "label": "others", "box": [484, 2896, 540, 2844], "linking": []}]