[{"id": 0, "text": "Subway#528", "label": "others", "box": [47, 144, 145, 124], "linking": []}, {"id": 1, "text": "merchant name", "label": "others", "box": [30, 166, 148, 146], "linking": []}, {"id": 2, "text": "merchant address", "label": "others", "box": [37, 189, 122, 169], "linking": []}, {"id": 3, "text": "merchant address", "label": "others", "box": [54, 216, 353, 189], "linking": []}, {"id": 4, "text": " Phone", "label": "others", "box": [193, 147, 246, 127], "linking": []}, {"id": 5, "text": "merchant address", "label": "others", "box": [187, 169, 242, 151], "linking": []}, {"id": 6, "text": "merchant address", "label": "others", "box": [125, 191, 259, 171], "linking": []}, {"id": 7, "text": "merchant phone", "label": "others", "box": [249, 148, 295, 128], "linking": []}, {"id": 8, "text": "merchant address", "label": "others", "box": [245, 171, 338, 151], "linking": []}, {"id": 9, "text": "merchant phone", "label": "others", "box": [298, 150, 370, 128], "linking": []}, {"id": 10, "text": "merchant address", "label": "others", "box": [341, 173, 382, 153], "linking": []}, {"id": 11, "text": "merchant address", "label": "others", "box": [263, 193, 373, 173], "linking": []}, {"id": 12, "text": "merchant address", "label": "others", "box": [91, 240, 321, 213], "linking": []}, {"id": 13, "text": " Served by:", "label": "others", "box": [46, 261, 153, 238], "linking": []}, {"id": 14, "text": "Term ID-Trans# 1/A-62726", "label": "others", "box": [77, 289, 327, 262], "linking": []}, {"id": 15, "text": " 7 11/03/2019 22:01:54", "label": "others", "box": [156, 266, 365, 240], "linking": []}, {"id": 16, "text": " GST:", "label": "others", "box": [89, 332, 134, 311], "linking": []}, {"id": 17, "text": " GST#06AADCT9526A1ZJ", "label": "others", "box": [138, 336, 327, 312], "linking": []}, {"id": 18, "text": " CIN:", "label": "others", "box": [183, 357, 224, 338], "linking": []}, {"id": 19, "text": "Qty Size Item", "label": "others", "box": [2, 402, 133, 381], "linking": []}, {"id": 20, "text": "Price", "label": "others", "box": [337, 408, 389, 384], "linking": []}, {"id": 21, "text": "Bottled Soda 600ml", "label": "0 description beginning", "box": [90, 449, 267, 428], "linking": []}, {"id": 22, "text": " ChatpataChanaPatty Wrap", "label": "0 description beginning", "box": [89, 474, 320, 452], "linking": []}, {"id": 23, "text": "60.00", "label": "5 total price per item", "box": [329, 450, 379, 431], "linking": []}, {"id": 24, "text": " 75.00", "label": "5 total price per item", "box": [330, 474, 380, 455], "linking": []}, {"id": 25, "text": " Sub", "label": "others", "box": [1, 520, 38, 500], "linking": []}, {"id": 26, "text": "S GST 2.5% (2.5%)", "label": "others", "box": [0, 543, 168, 522], "linking": []}, {"id": 27, "text": " Total", "label": "others", "box": [41, 519, 93, 499], "linking": []}, {"id": 28, "text": "128.58", "label": "sub total", "box": [322, 521, 380, 501], "linking": []}, {"id": 29, "text": "3.21", "label": "2 tax total", "box": [340, 543, 378, 524], "linking": []}, {"id": 30, "text": "3.21", "label": "2 tax total", "box": [337, 569, 377, 547], "linking": []}, {"id": 31, "text": "135.00", "label": "total amount", "box": [322, 591, 379, 571], "linking": []}, {"id": 32, "text": "135.00", "label": "others", "box": [322, 614, 378, 595], "linking": []}, {"id": 33, "text": "0.00", "label": "others", "box": [338, 639, 379, 618], "linking": []}, {"id": 34, "text": "UBWA", "label": "others", "box": [96, 602, 322, 535], "linking": []}, {"id": 35, "text": "jyoti order,", "label": "others", "box": [0, 663, 119, 642], "linking": []}, {"id": 36, "text": " We love to", "label": "others", "box": [3, 688, 100, 664], "linking": []}, {"id": 37, "text": " how we", "label": "others", "box": [2, 711, 63, 690], "linking": []}, {"id": 38, "text": "survey at www.global.subway.com", "label": "others", "box": [0, 735, 305, 713], "linking": []}, {"id": 39, "text": "Total (Eat)In)", "label": "others", "box": [5, 592, 141, 568], "linking": []}, {"id": 40, "text": "MasterCard", "label": "others", "box": [3, 614, 104, 593], "linking": []}, {"id": 41, "text": "Change", "label": "others", "box": [4, 638, 65, 617], "linking": []}, {"id": 42, "text": " LISTEN", "label": "others", "box": [104, 688, 162, 664], "linking": []}, {"id": 43, "text": " today", "label": "others", "box": [107, 711, 161, 690], "linking": []}, {"id": 44, "text": " !! Please let us know", "label": "others", "box": [167, 688, 373, 663], "linking": []}, {"id": 45, "text": " taking our", "label": "others", "box": [196, 711, 300, 689], "linking": []}, {"id": 46, "text": " did", "label": "others", "box": [67, 711, 104, 690], "linking": []}, {"id": 47, "text": " by", "label": "others", "box": [165, 711, 192, 690], "linking": []}, {"id": 48, "text": " 1", "label": "others", "box": [304, 711, 315, 689], "linking": []}, {"id": 49, "text": " minute", "label": "others", "box": [318, 711, 380, 689], "linking": []}]