[{"id": 0, "text": "merchant name", "label": "others", "box": [290, 440, 339, 409], "linking": []}, {"id": 1, "text": "merchant name", "label": "others", "box": [345, 439, 551, 410], "linking": []}, {"id": 2, "text": "merchant address", "label": "others", "box": [348, 465, 387, 441], "linking": []}, {"id": 3, "text": "merchant address", "label": "others", "box": [346, 495, 426, 469], "linking": []}, {"id": 4, "text": "merchant phone", "label": "others", "box": [327, 524, 381, 497], "linking": []}, {"id": 5, "text": "merchant address", "label": "others", "box": [391, 466, 495, 441], "linking": []}, {"id": 6, "text": "merchant address", "label": "others", "box": [477, 494, 551, 467], "linking": []}, {"id": 7, "text": "merchant phone", "label": "others", "box": [445, 524, 510, 495], "linking": []}, {"id": 8, "text": "merchant address", "label": "others", "box": [286, 495, 338, 470], "linking": []}, {"id": 9, "text": "merchant address", "label": "others", "box": [430, 495, 472, 468], "linking": []}, {"id": 10, "text": "merchant phone", "label": "others", "box": [385, 524, 440, 498], "linking": []}, {"id": 11, "text": " Server", "label": "others", "box": [110, 603, 196, 569], "linking": []}, {"id": 12, "text": " 09:42 PM", "label": "others", "box": [109, 639, 237, 603], "linking": []}, {"id": 13, "text": " 11/1", "label": "others", "box": [204, 670, 264, 637], "linking": []}, {"id": 14, "text": " : Nancy", "label": "others", "box": [200, 601, 308, 568], "linking": []}, {"id": 15, "text": " DOB:", "label": "others", "box": [509, 591, 575, 560], "linking": []}, {"id": 16, "text": " 11/20/2019", "label": "others", "box": [580, 590, 726, 559], "linking": []}, {"id": 17, "text": "11/20/2019", "label": "others", "box": [585, 627, 725, 594], "linking": []}, {"id": 18, "text": "2/20293", "label": "others", "box": [627, 660, 732, 630], "linking": []}, {"id": 19, "text": " Table", "label": "others", "box": [115, 673, 198, 640], "linking": []}, {"id": 20, "text": "SALE", "label": "others", "box": [399, 733, 460, 701], "linking": []}, {"id": 21, "text": "merchant name", "label": "others", "box": [965, 712, 1219, 670], "linking": []}, {"id": 22, "text": "merchant address", "label": "others", "box": [963, 773, 1095, 738], "linking": []}, {"id": 23, "text": "merchant phone", "label": "others", "box": [1005, 809, 1180, 772], "linking": []}, {"id": 24, "text": "merchant address", "label": "others", "box": [1021, 739, 1058, 707], "linking": []}, {"id": 25, "text": "merchant address", "label": "others", "box": [1062, 741, 1165, 709], "linking": []}, {"id": 26, "text": "merchant address", "label": "others", "box": [1100, 777, 1220, 743], "linking": []}, {"id": 27, "text": "Amex", "label": "others", "box": [114, 811, 180, 787], "linking": []}, {"id": 28, "text": "2097210", "label": "others", "box": [630, 798, 736, 767], "linking": []}, {"id": 29, "text": "Card #XXXXXXXXXXX3001", "label": "others", "box": [115, 851, 431, 807], "linking": []}, {"id": 30, "text": " Magnetic card present", "label": "others", "box": [116, 888, 427, 844], "linking": []}, {"id": 31, "text": "S", "label": "others", "box": [418, 943, 441, 914], "linking": []}, {"id": 32, "text": " Server", "label": "others", "box": [791, 866, 872, 836], "linking": []}, {"id": 33, "text": "Table 11/1", "label": "others", "box": [795, 902, 935, 866], "linking": []}, {"id": 34, "text": " Guests:", "label": "others", "box": [792, 934, 899, 902], "linking": []}, {"id": 35, "text": " : Nancy", "label": "others", "box": [875, 871, 981, 838], "linking": []}, {"id": 36, "text": "11/20/2019", "label": "others", "box": [1245, 884, 1387, 849], "linking": []}, {"id": 37, "text": " 9:40 PM", "label": "others", "box": [1285, 917, 1386, 887], "linking": []}, {"id": 38, "text": "20293", "label": "others", "box": [1309, 952, 1383, 920], "linking": []}, {"id": 39, "text": " 1", "label": "others", "box": [905, 934, 923, 903], "linking": []}, {"id": 40, "text": " Card Entry Method:", "label": "others", "box": [122, 961, 400, 916], "linking": []}, {"id": 41, "text": " 561364", "label": "others", "box": [274, 1022, 367, 986], "linking": []}, {"id": 42, "text": "Stella Artois", "label": "0 description beginning", "box": [788, 998, 980, 967], "linking": []}, {"id": 43, "text": " Leinster", "label": "0 description beginning", "box": [789, 1031, 911, 999], "linking": []}, {"id": 44, "text": "Irish Bacon", "label": "0 description beginning", "box": [817, 1065, 984, 1030], "linking": []}, {"id": 45, "text": " Stella Artois", "label": "0 description beginning", "box": [787, 1102, 986, 1064], "linking": []}, {"id": 46, "text": " Approval:", "label": "others", "box": [129, 1028, 269, 992], "linking": []}, {"id": 47, "text": " House Burger", "label": "1 description inside", "box": [915, 1038, 1090, 1001], "linking": []}, {"id": 48, "text": "9.00", "label": "5 total price per item", "box": [1332, 1011, 1389, 985], "linking": []}, {"id": 49, "text": " 19.", "label": "5 total price per item", "box": [1325, 1045, 1355, 1015], "linking": []}, {"id": 50, "text": "1.00", "label": "5 total price per item", "box": [1339, 1077, 1396, 1049], "linking": []}, {"id": 51, "text": "27.00", "label": "5 total price per item", "box": [1330, 1114, 1402, 1083], "linking": []}, {"id": 52, "text": " Amount", "label": "others", "box": [425, 1076, 510, 1045], "linking": []}, {"id": 53, "text": " :", "label": "others", "box": [514, 1072, 528, 1044], "linking": []}, {"id": 54, "text": "$60. 98", "label": "sub total", "box": [663, 1062, 748, 1029], "linking": []}, {"id": 55, "text": "$12.00", "label": "3 tip", "box": [565, 1137, 766, 1079], "linking": []}, {"id": 56, "text": "$ 72.98", "label": "total amount", "box": [547, 1216, 743, 1150], "linking": []}, {"id": 57, "text": " 00", "label": "others", "box": [1361, 1045, 1393, 1015], "linking": []}, {"id": 58, "text": " (3 @9.00)", "label": "1 description inside", "box": [991, 1107, 1121, 1070], "linking": []}, {"id": 59, "text": " + Tip:", "label": "others", "box": [440, 1146, 539, 1109], "linking": []}, {"id": 60, "text": "Complete Subtotal", "label": "others", "box": [787, 1175, 1037, 1135], "linking": []}, {"id": 61, "text": " = Total:", "label": "others", "box": [408, 1221, 544, 1180], "linking": []}, {"id": 62, "text": "56.00", "label": "sub total", "box": [1331, 1187, 1406, 1153], "linking": []}, {"id": 63, "text": "Subtotal", "label": "others", "box": [785, 1243, 903, 1209], "linking": []}, {"id": 64, "text": "Tax", "label": "others", "box": [786, 1276, 832, 1247], "linking": []}, {"id": 65, "text": " 56.", "label": "others", "box": [1330, 1259, 1365, 1226], "linking": []}, {"id": 66, "text": " 4.", "label": "2 tax total", "box": [1347, 1294, 1364, 1262], "linking": []}, {"id": 67, "text": " 00", "label": "others", "box": [1371, 1260, 1405, 1227], "linking": []}, {"id": 68, "text": " 98", "label": "2 tax total", "box": [1370, 1294, 1407, 1261], "linking": []}, {"id": 69, "text": " I", "label": "others", "box": [255, 1347, 275, 1312], "linking": []}, {"id": 70, "text": " agree", "label": "others", "box": [281, 1346, 371, 1307], "linking": []}, {"id": 71, "text": " to", "label": "others", "box": [377, 1340, 416, 1304], "linking": []}, {"id": 72, "text": " total amount", "label": "others", "box": [211, 1388, 402, 1343], "linking": []}, {"id": 73, "text": "J. Webster", "label": "others", "box": [364, 1487, 620, 1411], "linking": []}, {"id": 74, "text": " You Have Enjoyed", "label": "others", "box": [336, 1565, 594, 1515], "linking": []}, {"id": 75, "text": " Your", "label": "others", "box": [304, 1607, 377, 1567], "linking": []}, {"id": 76, "text": " Please", "label": "others", "box": [221, 1654, 322, 1610], "linking": []}, {"id": 77, "text": " pay the", "label": "others", "box": [421, 1337, 540, 1297], "linking": []}, {"id": 78, "text": " above", "label": "others", "box": [546, 1329, 629, 1293], "linking": []}, {"id": 79, "text": " according to the", "label": "others", "box": [407, 1376, 662, 1327], "linking": []}, {"id": 80, "text": " card issuer", "label": "others", "box": [273, 1422, 451, 1379], "linking": []}, {"id": 81, "text": "Total", "label": "others", "box": [783, 1353, 856, 1322], "linking": []}, {"id": 82, "text": " 60.", "label": "others", "box": [1329, 1365, 1363, 1333], "linking": []}, {"id": 83, "text": " 98", "label": "others", "box": [1368, 1367, 1402, 1335], "linking": []}, {"id": 84, "text": " agreement.", "label": "others", "box": [455, 1412, 610, 1368], "linking": []}, {"id": 85, "text": "Balance Due", "label": "others", "box": [778, 1435, 1109, 1394], "linking": []}, {"id": 86, "text": "60.98", "label": "total amount", "box": [1255, 1435, 1404, 1402], "linking": []}, {"id": 87, "text": "X", "label": "others", "box": [117, 1500, 137, 1473], "linking": []}, {"id": 88, "text": " If", "label": "others", "box": [946, 1504, 983, 1471], "linking": []}, {"id": 89, "text": " Your", "label": "others", "box": [962, 1543, 1033, 1510], "linking": []}, {"id": 90, "text": "Please Review Us On YELP. COM", "label": "others", "box": [885, 1582, 1334, 1542], "linking": []}, {"id": 91, "text": " You Have Enjoyed", "label": "others", "box": [988, 1505, 1246, 1471], "linking": []}, {"id": 92, "text": " Time With Us", "label": "others", "box": [1039, 1544, 1233, 1509], "linking": []}, {"id": 93, "text": " If", "label": "others", "box": [291, 1567, 331, 1532], "linking": []}, {"id": 94, "text": " Time", "label": "others", "box": [382, 1603, 452, 1561], "linking": []}, {"id": 95, "text": " Review", "label": "others", "box": [327, 1646, 434, 1602], "linking": []}, {"id": 96, "text": " With Us", "label": "others", "box": [457, 1597, 580, 1552], "linking": []}, {"id": 97, "text": " Us", "label": "others", "box": [439, 1638, 484, 1598], "linking": []}, {"id": 98, "text": " On", "label": "others", "box": [489, 1634, 534, 1594], "linking": []}, {"id": 99, "text": " YELP. COM", "label": "others", "box": [539, 1630, 674, 1582], "linking": []}, {"id": 100, "text": ">>Customer Copy<<", "label": "others", "box": [292, 1775, 580, 1713], "linking": []}]