[{"id": 0, "text": "merchant name", "label": "others", "box": [293, 215, 436, 184], "linking": []}, {"id": 1, "text": " INC.", "label": "others", "box": [403, 241, 447, 216], "linking": []}, {"id": 2, "text": "merchant address", "label": "others", "box": [213, 296, 533, 257], "linking": []}, {"id": 3, "text": "VAT-Reg TIN. 008-391-125-000", "label": "others", "box": [232, 321, 505, 305], "linking": []}, {"id": 4, "text": "10 JENNIELYN BALTE", "label": "others", "box": [354, 335, 534, 319], "linking": []}, {"id": 5, "text": "10 JENNIELYN BALTE", "label": "others", "box": [354, 351, 536, 335], "linking": []}, {"id": 6, "text": " BVCUISINE,", "label": "others", "box": [295, 239, 400, 210], "linking": []}, {"id": 7, "text": "merchant address", "label": "others", "box": [213, 270, 524, 231], "linking": []}, {"id": 8, "text": "merchant address", "label": "others", "box": [235, 309, 510, 284], "linking": []}, {"id": 9, "text": " 2 POS2 SN:", "label": "others", "box": [211, 335, 316, 318], "linking": []}, {"id": 10, "text": " Print Cnt:", "label": "others", "box": [209, 352, 320, 334], "linking": []}, {"id": 11, "text": " 0", "label": "others", "box": [323, 351, 337, 334], "linking": []}, {"id": 12, "text": " Trans #:", "label": "others", "box": [210, 391, 291, 372], "linking": []}, {"id": 13, "text": " 12/09/19 12:11:31 PM", "label": "others", "box": [271, 413, 482, 391], "linking": []}, {"id": 14, "text": " /", "label": "others", "box": [413, 452, 452, 413], "linking": []}, {"id": 15, "text": " ---", "label": "others", "box": [406, 498, 439, 479], "linking": []}, {"id": 16, "text": " POULET ET CHAMP", "label": "0 description beginning", "box": [247, 525, 412, 502], "linking": []}, {"id": 17, "text": " VEGETABLE SFOOD P", "label": "0 description beginning", "box": [250, 551, 434, 527], "linking": []}, {"id": 18, "text": "CROQUE SAUMON POI 395.00", "label": "0 description beginning", "box": [247, 576, 505, 552], "linking": []}, {"id": 19, "text": "SW TOMATO MOZZA W 380.00", "label": "0 description beginning", "box": [249, 601, 503, 579], "linking": []}, {"id": 20, "text": " COMPLIMENTARY", "label": "0 description beginning", "box": [249, 628, 391, 604], "linking": []}, {"id": 21, "text": " D", "label": "0 description beginning", "box": [375, 653, 389, 630], "linking": []}, {"id": 22, "text": " AMERICA 250.00", "label": "0 description beginning", "box": [353, 677, 505, 656], "linking": []}, {"id": 23, "text": "CAPPUCCINO D", "label": "0 description beginning", "box": [249, 696, 380, 677], "linking": []}, {"id": 24, "text": "VANILLA TEA D", "label": "0 description beginning", "box": [249, 716, 392, 695], "linking": []}, {"id": 25, "text": " 102940", "label": "others", "box": [293, 391, 357, 372], "linking": []}, {"id": 26, "text": " Cust Count", "label": "others", "box": [414, 390, 516, 371], "linking": []}, {"id": 27, "text": " :2", "label": "others", "box": [519, 390, 543, 371], "linking": []}, {"id": 28, "text": " Table:", "label": "others", "box": [206, 451, 329, 414], "linking": []}, {"id": 29, "text": " Dine In", "label": "others", "box": [320, 499, 401, 477], "linking": []}, {"id": 30, "text": " 108", "label": "others", "box": [335, 451, 398, 414], "linking": []}, {"id": 31, "text": " 1", "label": "others", "box": [460, 452, 483, 413], "linking": []}, {"id": 32, "text": "2", "label": "e quantity", "box": [204, 523, 220, 505], "linking": []}, {"id": 33, "text": "1", "label": "e quantity", "box": [206, 544, 221, 530], "linking": []}, {"id": 34, "text": " D", "label": "0 description beginning", "box": [416, 525, 432, 503], "linking": []}, {"id": 35, "text": " 640.00", "label": "5 total price per item", "box": [437, 525, 505, 503], "linking": []}, {"id": 36, "text": " 310.00", "label": "5 total price per item", "box": [437, 551, 504, 528], "linking": []}, {"id": 37, "text": "1", "label": "e quantity", "box": [207, 571, 220, 557], "linking": []}, {"id": 38, "text": "1", "label": "e quantity", "box": [207, 596, 220, 583], "linking": []}, {"id": 39, "text": "5", "label": "e quantity", "box": [204, 626, 221, 607], "linking": []}, {"id": 40, "text": "1", "label": "e quantity", "box": [205, 649, 222, 633], "linking": []}, {"id": 41, "text": "2", "label": "e quantity", "box": [205, 678, 222, 660], "linking": []}, {"id": 42, "text": " BREAD", "label": "0 description beginning", "box": [395, 627, 454, 604], "linking": []}, {"id": 43, "text": "200.00", "label": "5 total price per item", "box": [437, 651, 504, 630], "linking": []}, {"id": 44, "text": " 0.00", "label": "5 total price per item", "box": [459, 627, 502, 604], "linking": []}, {"id": 45, "text": " MANGO JUICE", "label": "0 description beginning", "box": [248, 653, 371, 631], "linking": []}, {"id": 46, "text": " ICED CAF", "label": "0 description beginning", "box": [250, 678, 344, 656], "linking": []}, {"id": 47, "text": "145.00", "label": "5 total price per item", "box": [445, 693, 507, 674], "linking": []}, {"id": 48, "text": "105.00", "label": "5 total price per item", "box": [447, 713, 511, 693], "linking": []}, {"id": 49, "text": "1", "label": "e quantity", "box": [206, 712, 216, 700], "linking": []}, {"id": 50, "text": "Food", "label": "others", "box": [236, 761, 283, 740], "linking": []}, {"id": 51, "text": "2,425.00", "label": "sub total", "box": [424, 760, 517, 735], "linking": []}, {"id": 52, "text": "Table Charge", "label": "others", "box": [235, 814, 375, 790], "linking": []}, {"id": 53, "text": "216.52", "label": "2 tax total", "box": [451, 811, 521, 788], "linking": []}, {"id": 54, "text": "Amt 2,641.52", "label": "total amount", "box": [229, 892, 512, 843], "linking": []}, {"id": 55, "text": "VAT Sales", "label": "others", "box": [231, 977, 342, 950], "linking": []}, {"id": 56, "text": "VAT Exempt Sales", "label": "others", "box": [230, 1009, 427, 978], "linking": []}, {"id": 57, "text": "2,165.18", "label": "others", "box": [432, 974, 529, 946], "linking": []}, {"id": 58, "text": "0.00", "label": "others", "box": [479, 1002, 531, 976], "linking": []}, {"id": 59, "text": "VAT Zero-rated Sales 0.00", "label": "others", "box": [231, 1039, 533, 1006], "linking": []}, {"id": 60, "text": "259.82", "label": "others", "box": [460, 1064, 535, 1037], "linking": []}, {"id": 61, "text": " 12%", "label": "others", "box": [232, 1072, 273, 1044], "linking": []}, {"id": 62, "text": " VAT", "label": "others", "box": [278, 1071, 319, 1042], "linking": []}, {"id": 63, "text": "11007", "label": "others", "box": [233, 1162, 282, 1137], "linking": []}, {"id": 64, "text": "BDO/AMEXCO/JCB", "label": "others", "box": [229, 1192, 404, 1161], "linking": []}, {"id": 65, "text": " Official Receipt:", "label": "others", "box": [191, 1224, 417, 1190], "linking": []}, {"id": 66, "text": " -10 CLOSED 12/09/19 01:05:12 PM-", "label": "others", "box": [193, 1283, 583, 1241], "linking": []}, {"id": 67, "text": "2,641.52", "label": "others", "box": [432, 1186, 537, 1157], "linking": []}, {"id": 68, "text": " 000059753", "label": "others", "box": [423, 1215, 538, 1186], "linking": []}, {"id": 69, "text": "YOU !!!", "label": "others", "box": [410, 1300, 511, 1273], "linking": []}]