[{"id": 0, "text": "merchant name", "label": "others", "box": [126, 75, 339, 57], "linking": []}, {"id": 1, "text": "merchant address", "label": "others", "box": [177, 88, 295, 73], "linking": []}, {"id": 2, "text": "merchant address", "label": "others", "box": [180, 101, 288, 88], "linking": []}, {"id": 3, "text": "merchant phone", "label": "others", "box": [198, 114, 270, 101], "linking": []}, {"id": 4, "text": "Check 398/1", "label": "others", "box": [112, 141, 183, 123], "linking": []}, {"id": 5, "text": "1 .. Kids $13", "label": "0 description beginning", "box": [111, 181, 182, 163], "linking": []}, {"id": 6, "text": "1 .. Guinness", "label": "0 description beginning", "box": [110, 210, 183, 192], "linking": []}, {"id": 7, "text": " 11/30/19-A 10:32pm", "label": "others", "box": [205, 142, 354, 125], "linking": []}, {"id": 8, "text": "Table 40", "label": "others", "box": [293, 151, 355, 136], "linking": []}, {"id": 9, "text": "13.00", "label": "5 total price per item", "box": [326, 174, 357, 159], "linking": []}, {"id": 10, "text": "21.00", "label": "5 total price per item", "box": [324, 189, 357, 174], "linking": []}, {"id": 11, "text": "9.00", "label": "5 total price per item", "box": [331, 204, 358, 190], "linking": []}, {"id": 12, "text": "1 .. FARFALLE MAISON", "label": "0 description beginning", "box": [110, 196, 225, 177], "linking": []}, {"id": 13, "text": "Items", "label": "others", "box": [227, 237, 261, 223], "linking": []}, {"id": 14, "text": "Tax", "label": "others", "box": [240, 251, 262, 238], "linking": []}, {"id": 15, "text": "Subtotal", "label": "others", "box": [157, 266, 257, 251], "linking": []}, {"id": 16, "text": "43.00", "label": "sub total", "box": [326, 232, 360, 219], "linking": []}, {"id": 17, "text": "3.82", "label": "2 tax total", "box": [332, 247, 360, 234], "linking": []}, {"id": 18, "text": "46.82", "label": "total amount", "box": [297, 263, 360, 248], "linking": []}, {"id": 19, "text": "Tip", "label": "others", "box": [240, 310, 262, 295], "linking": []}, {"id": 20, "text": "TOTAL", "label": "others", "box": [229, 355, 262, 341], "linking": []}, {"id": 21, "text": "01.70991358 AMEX*1001 Swp", "label": "others", "box": [104, 384, 268, 370], "linking": []}, {"id": 22, "text": " 11-30-2019 23:32:50 NOS", "label": "others", "box": [115, 397, 269, 383], "linking": []}, {"id": 23, "text": "Approval", "label": "others", "box": [248, 412, 301, 396], "linking": []}, {"id": 24, "text": "46.82", "label": "others", "box": [332, 395, 366, 382], "linking": []}, {"id": 25, "text": "511208", "label": "others", "box": [325, 410, 368, 396], "linking": []}, {"id": 26, "text": "Customer Copy", "label": "others", "box": [144, 446, 322, 428], "linking": []}, {"id": 27, "text": "Cardholder agrees to pay the above TOTAL", "label": "others", "box": [92, 482, 372, 461], "linking": []}, {"id": 28, "text": "amount according to issuer agreement.", "label": "others", "box": [107, 499, 366, 481], "linking": []}, {"id": 29, "text": "PLEASE LEAVE SIGNED MERCHANT COPY", "label": "others", "box": [120, 532, 352, 513], "linking": []}, {"id": 30, "text": "MERCI BEAUCOUP", "label": "others", "box": [184, 560, 284, 546], "linking": []}, {"id": 31, "text": "THANK YOU", "label": "others", "box": [207, 574, 269, 560], "linking": []}, {"id": 32, "text": "WE DO NOT ACCEPT", "label": "others", "box": [177, 605, 289, 588], "linking": []}, {"id": 33, "text": "PREPAID VISA AND MASTERCARDS", "label": "others", "box": [134, 623, 332, 606], "linking": []}]