[{"id": 0, "text": "breakfast", "label": "others", "box": [56, 104, 320, 16], "linking": []}, {"id": 1, "text": " Thank", "label": "others", "box": [162, 145, 224, 121], "linking": []}, {"id": 2, "text": " You For", "label": "others", "box": [227, 147, 310, 122], "linking": []}, {"id": 3, "text": "merchant name", "label": "others", "box": [228, 177, 350, 150], "linking": []}, {"id": 4, "text": "merchant address", "label": "others", "box": [180, 208, 328, 177], "linking": []}, {"id": 5, "text": "merchant address", "label": "others", "box": [206, 238, 268, 211], "linking": []}, {"id": 6, "text": " Visiting", "label": "others", "box": [313, 151, 407, 123], "linking": []}, {"id": 7, "text": "merchant address", "label": "others", "box": [333, 209, 371, 183], "linking": []}, {"id": 8, "text": "merchant address", "label": "others", "box": [334, 240, 365, 214], "linking": []}, {"id": 9, "text": "merchant address", "label": "others", "box": [376, 209, 395, 183], "linking": []}, {"id": 10, "text": "merchant address", "label": "others", "box": [272, 240, 331, 212], "linking": []}, {"id": 11, "text": " Order", "label": "others", "box": [159, 323, 279, 275], "linking": []}, {"id": 12, "text": "MD Dark Roast", "label": "0 description beginning", "box": [63, 380, 210, 354], "linking": []}, {"id": 13, "text": "Bacon Biscuit", "label": "0 description beginning", "box": [65, 411, 209, 387], "linking": []}, {"id": 14, "text": "Hashbrown", "label": "0 description beginning", "box": [65, 442, 166, 419], "linking": []}, {"id": 15, "text": " # 475", "label": "others", "box": [288, 323, 405, 277], "linking": []}, {"id": 16, "text": "CAD", "label": "others", "box": [477, 348, 513, 325], "linking": []}, {"id": 17, "text": "1.71", "label": "5 total price per item", "box": [467, 380, 510, 356], "linking": []}, {"id": 18, "text": "3.69", "label": "5 total price per item", "box": [463, 410, 512, 386], "linking": []}, {"id": 19, "text": "1.59", "label": "5 total price per item", "box": [465, 441, 511, 416], "linking": []}, {"id": 20, "text": " TH", "label": "0 description beginning", "box": [69, 506, 92, 481], "linking": []}, {"id": 21, "text": " BF", "label": "1 description inside", "box": [96, 506, 124, 480], "linking": []}, {"id": 22, "text": " Combo", "label": "1 description inside", "box": [129, 506, 188, 480], "linking": []}, {"id": 23, "text": "-1.10", "label": "5 total price per item", "box": [454, 502, 511, 477], "linking": []}, {"id": 24, "text": "Sub Total", "label": "others", "box": [312, 623, 410, 599], "linking": []}, {"id": 25, "text": "Tax Amount", "label": "others", "box": [315, 651, 424, 628], "linking": []}, {"id": 26, "text": "5.89", "label": "sub total", "box": [462, 620, 508, 596], "linking": []}, {"id": 27, "text": "0.76", "label": "2 tax total", "box": [463, 646, 511, 624], "linking": []}, {"id": 28, "text": "Total CAD", "label": "others", "box": [56, 758, 252, 713], "linking": []}, {"id": 29, "text": "6.65", "label": "total amount", "box": [421, 745, 512, 704], "linking": []}, {"id": 30, "text": "5000 Credit Card", "label": "others", "box": [56, 867, 233, 842], "linking": []}, {"id": 31, "text": "6.65", "label": "total amount", "box": [465, 861, 512, 836], "linking": []}, {"id": 32, "text": " 10/25/2019 08:05 AM #:", "label": "others", "box": [57, 951, 288, 927], "linking": []}, {"id": 33, "text": " 201 S:1212", "label": "others", "box": [56, 980, 167, 955], "linking": []}, {"id": 34, "text": " Served you", "label": "others", "box": [56, 1008, 169, 985], "linking": []}, {"id": 35, "text": " 12404 Op:5025 C:121", "label": "others", "box": [292, 951, 511, 927], "linking": []}, {"id": 36, "text": " : Wendy Lam", "label": "others", "box": [173, 1009, 298, 986], "linking": []}, {"id": 37, "text": "Global Rewards Points", "label": "others", "box": [53, 1064, 288, 1041], "linking": []}, {"id": 38, "text": " Previous Balance:", "label": "others", "box": [54, 1095, 252, 1071], "linking": []}, {"id": 39, "text": " Accrued (new):", "label": "others", "box": [55, 1124, 208, 1101], "linking": []}, {"id": 40, "text": " Redeemed (used)", "label": "others", "box": [54, 1154, 213, 1130], "linking": []}, {"id": 41, "text": " New Balance:", "label": "others", "box": [54, 1183, 186, 1160], "linking": []}, {"id": 42, "text": " 247", "label": "others", "box": [259, 1094, 296, 1071], "linking": []}, {"id": 43, "text": "15", "label": "others", "box": [265, 1122, 286, 1100], "linking": []}, {"id": 44, "text": "0", "label": "others", "box": [259, 1151, 277, 1130], "linking": []}, {"id": 45, "text": "262", "label": "others", "box": [263, 1182, 296, 1158], "linking": []}, {"id": 46, "text": " :", "label": "others", "box": [218, 1153, 231, 1130], "linking": []}, {"id": 47, "text": "GST# 88778 3355 RT0001", "label": "others", "box": [164, 1243, 405, 1218], "linking": []}]