[{"id": 0, "text": "merchant name", "label": "others", "box": [645, 91, 1011, 43], "linking": []}, {"id": 1, "text": "merchant address", "label": "others", "box": [691, 132, 964, 90], "linking": []}, {"id": 2, "text": "merchant address", "label": "others", "box": [644, 180, 992, 134], "linking": []}, {"id": 3, "text": "merchant phone", "label": "others", "box": [728, 219, 931, 182], "linking": []}, {"id": 4, "text": "MID #878801421508", "label": "others", "box": [643, 264, 990, 230], "linking": []}, {"id": 5, "text": " Record Num.", "label": "others", "box": [394, 406, 612, 366], "linking": []}, {"id": 6, "text": " : 0014", "label": "others", "box": [619, 404, 744, 366], "linking": []}, {"id": 7, "text": "CREDIT CARD", "label": "others", "box": [599, 528, 1047, 453], "linking": []}, {"id": 8, "text": "Sale", "label": "others", "box": [717, 620, 888, 551], "linking": []}, {"id": 9, "text": " Application Label", "label": "others", "box": [382, 730, 752, 688], "linking": []}, {"id": 10, "text": "xxxxxxxxxxx1006", "label": "others", "box": [379, 809, 697, 740], "linking": []}, {"id": 11, "text": " AID:", "label": "others", "box": [375, 904, 455, 832], "linking": []}, {"id": 12, "text": "AMEX", "label": "others", "box": [368, 1000, 458, 928], "linking": []}, {"id": 13, "text": "CHIP READ", "label": "others", "box": [367, 1098, 568, 1023], "linking": []}, {"id": 14, "text": "AIC. 6080", "label": "others", "box": [366, 1163, 563, 1122], "linking": []}, {"id": 15, "text": " AC:", "label": "others", "box": [362, 1215, 441, 1171], "linking": []}, {"id": 16, "text": " AMERICAN EXPRESS", "label": "others", "box": [772, 729, 1107, 691], "linking": []}, {"id": 17, "text": "Exp. XX/XX", "label": "others", "box": [1035, 812, 1259, 737], "linking": []}, {"id": 18, "text": " A000000025010801", "label": "others", "box": [468, 904, 819, 832], "linking": []}, {"id": 19, "text": " Entry Method:", "label": "others", "box": [807, 1007, 1076, 933], "linking": []}, {"id": 20, "text": " Contact", "label": "others", "box": [1088, 1007, 1258, 935], "linking": []}, {"id": 21, "text": " 2E19DB271273E8AA", "label": "others", "box": [448, 1219, 800, 1171], "linking": []}, {"id": 22, "text": " Amount:", "label": "others", "box": [351, 1348, 509, 1281], "linking": []}, {"id": 23, "text": " Tip:", "label": "others", "box": [352, 1447, 439, 1377], "linking": []}, {"id": 24, "text": "6.48", "label": "total amount", "box": [1161, 1355, 1258, 1277], "linking": []}, {"id": 25, "text": " Total:", "label": "others", "box": [346, 1604, 473, 1528], "linking": []}, {"id": 26, "text": " USD$", "label": "others", "box": [488, 1604, 596, 1525], "linking": []}, {"id": 27, "text": "================", "label": "others", "box": [906, 1670, 1258, 1638], "linking": []}, {"id": 28, "text": "11/23/19", "label": "others", "box": [336, 1815, 531, 1734], "linking": []}, {"id": 29, "text": " Resp Code:", "label": "others", "box": [329, 1920, 548, 1841], "linking": []}, {"id": 30, "text": " TVR:", "label": "others", "box": [335, 1988, 430, 1945], "linking": []}, {"id": 31, "text": " TSI:", "label": "others", "box": [333, 2043, 427, 1999], "linking": []}, {"id": 32, "text": " Inv#:", "label": "others", "box": [328, 2136, 430, 2057], "linking": []}, {"id": 33, "text": " Apprvd:", "label": "others", "box": [324, 2247, 474, 2168], "linking": []}, {"id": 34, "text": " TRN Ref #:", "label": "others", "box": [320, 2353, 545, 2276], "linking": []}, {"id": 35, "text": " 12:56:01", "label": "others", "box": [1078, 1828, 1249, 1728], "linking": []}, {"id": 36, "text": " 00", "label": "others", "box": [562, 1920, 630, 1840], "linking": []}, {"id": 37, "text": " 0000008000", "label": "others", "box": [438, 1990, 669, 1946], "linking": []}, {"id": 38, "text": " E800", "label": "others", "box": [434, 2044, 538, 1999], "linking": []}, {"id": 39, "text": " 000014", "label": "others", "box": [445, 2137, 599, 2055], "linking": []}, {"id": 40, "text": " Appr Code:", "label": "others", "box": [873, 2141, 1096, 2061], "linking": []}, {"id": 41, "text": " Batch#:", "label": "others", "box": [937, 2251, 1094, 2170], "linking": []}, {"id": 42, "text": "007468708988573", "label": "others", "box": [922, 2357, 1271, 2280], "linking": []}, {"id": 43, "text": " 822223", "label": "others", "box": [1109, 2143, 1264, 2057], "linking": []}, {"id": 44, "text": " 000312", "label": "others", "box": [1109, 2252, 1266, 2168], "linking": []}, {"id": 45, "text": " Online", "label": "others", "box": [487, 2249, 639, 2168], "linking": []}, {"id": 46, "text": "REDMI NOTE 5 PRON SIAILMENT", "label": "others", "box": [367, 2783, 1121, 2720], "linking": []}, {"id": 47, "text": "MI DUAL CAMERA !ON", "label": "others", "box": [360, 2854, 919, 2785], "linking": []}]