[{"id": 0, "text": "merchant name", "label": "others", "box": [172, 264, 763, 171], "linking": []}, {"id": 1, "text": "----", "label": "others", "box": [299, 304, 365, 289], "linking": []}, {"id": 2, "text": "---", "label": "others", "box": [160, 304, 226, 290], "linking": []}, {"id": 3, "text": "merchant name", "label": "others", "box": [127, 417, 244, 378], "linking": []}, {"id": 4, "text": " GST NO:", "label": "others", "box": [126, 470, 300, 427], "linking": []}, {"id": 5, "text": " 06AABCD5534A1Z9", "label": "others", "box": [308, 473, 653, 428], "linking": []}, {"id": 6, "text": " KOT", "label": "others", "box": [332, 529, 413, 477], "linking": []}, {"id": 7, "text": " -", "label": "others", "box": [423, 529, 460, 477], "linking": []}, {"id": 8, "text": " 207", "label": "others", "box": [470, 529, 544, 477], "linking": []}, {"id": 9, "text": "-", "label": "others", "box": [129, 616, 153, 603], "linking": []}, {"id": 10, "text": "Invoice", "label": "others", "box": [124, 698, 304, 646], "linking": []}, {"id": 11, "text": " Name:", "label": "others", "box": [126, 755, 253, 706], "linking": []}, {"id": 12, "text": " Order Time:", "label": "others", "box": [126, 815, 398, 762], "linking": []}, {"id": 13, "text": " OrderStatus:", "label": "others", "box": [127, 874, 419, 821], "linking": []}, {"id": 14, "text": "Americano Regular", "label": "0 description beginning", "box": [130, 945, 528, 894], "linking": []}, {"id": 15, "text": "#COSAAQ44870", "label": "others", "box": [330, 700, 618, 646], "linking": []}, {"id": 16, "text": " 19:27 13-11-2019", "label": "others", "box": [408, 816, 775, 763], "linking": []}, {"id": 17, "text": " delivered", "label": "others", "box": [429, 874, 643, 821], "linking": []}, {"id": 18, "text": " 1", "label": "e quantity", "box": [640, 940, 673, 894], "linking": []}, {"id": 19, "text": " \u00d7 60. 00", "label": "5 total price per item", "box": [682, 940, 841, 892], "linking": []}, {"id": 20, "text": "Tea Masala", "label": "0 description beginning", "box": [130, 1061, 371, 1010], "linking": []}, {"id": 21, "text": " 1", "label": "e quantity", "box": [640, 1054, 674, 1007], "linking": []}, {"id": 22, "text": " \u00d7 44. 76", "label": "5 total price per item", "box": [682, 1054, 847, 1005], "linking": []}, {"id": 23, "text": "Cappuccino Small", "label": "0 description beginning", "box": [135, 1382, 510, 1314], "linking": []}, {"id": 24, "text": "2 \u00d7 55.24", "label": "5 total price per item", "box": [642, 1359, 853, 1302], "linking": []}, {"id": 25, "text": "CGST @ 2.50% = 5.38", "label": "2 tax total", "box": [353, 1559, 791, 1493], "linking": []}, {"id": 26, "text": "SGST @ 2.50% = 5.38", "label": "2 tax total", "box": [357, 1758, 797, 1677], "linking": []}, {"id": 27, "text": " = 226. 0", "label": "total amount", "box": [561, 1850, 735, 1783], "linking": []}, {"id": 28, "text": " -19:28:45 13-11-2019", "label": "others", "box": [285, 1998, 742, 1900], "linking": []}, {"id": 29, "text": "57", "label": "others", "box": [547, 2050, 601, 2029], "linking": []}, {"id": 30, "text": " Total", "label": "others", "box": [431, 1861, 555, 1797], "linking": []}]