[{"id": 0, "text": "merchant name", "label": "others", "box": [1027, 351, 1468, 322], "linking": []}, {"id": 1, "text": "merchant address", "label": "others", "box": [1091, 380, 1328, 352], "linking": []}, {"id": 2, "text": "merchant address", "label": "others", "box": [1181, 410, 1317, 380], "linking": []}, {"id": 3, "text": " Cashier Name:", "label": "others", "box": [1143, 452, 1298, 424], "linking": []}, {"id": 4, "text": " POS Station:", "label": "others", "box": [1144, 480, 1291, 451], "linking": []}, {"id": 5, "text": "merchant address", "label": "others", "box": [1333, 380, 1409, 354], "linking": []}, {"id": 6, "text": " rffv", "label": "others", "box": [1302, 452, 1354, 425], "linking": []}, {"id": 7, "text": " POS2", "label": "others", "box": [1295, 480, 1345, 453], "linking": []}, {"id": 8, "text": "#183", "label": "others", "box": [1153, 598, 1337, 511], "linking": []}, {"id": 9, "text": " #6182082", "label": "others", "box": [1147, 639, 1248, 614], "linking": []}, {"id": 10, "text": " Transaction Type:", "label": "others", "box": [963, 668, 1167, 642], "linking": []}, {"id": 11, "text": " Date:", "label": "others", "box": [961, 706, 1027, 682], "linking": []}, {"id": 12, "text": " Transaction Id:", "label": "others", "box": [962, 639, 1143, 612], "linking": []}, {"id": 13, "text": " SALE", "label": "others", "box": [1172, 669, 1225, 644], "linking": []}, {"id": 14, "text": " 2019-11-04 08:39:24 PM", "label": "others", "box": [1031, 710, 1297, 683], "linking": []}, {"id": 15, "text": "Item", "label": "others", "box": [967, 764, 1012, 740], "linking": []}, {"id": 16, "text": "Price", "label": "others", "box": [1395, 768, 1462, 743], "linking": []}, {"id": 17, "text": "1", "label": "0 description beginning", "box": [962, 875, 978, 848], "linking": []}, {"id": 18, "text": "Mango D Slush (L)", "label": "0 description beginning", "box": [1002, 877, 1210, 850], "linking": []}, {"id": 19, "text": "+ Mixed Jelly", "label": "1 description inside", "box": [1008, 907, 1161, 877], "linking": []}, {"id": 20, "text": "$6.99", "label": "5 total price per item", "box": [1393, 881, 1457, 853], "linking": []}, {"id": 21, "text": "$0.50", "label": "5 total price per item", "box": [1393, 907, 1456, 883], "linking": []}, {"id": 22, "text": " Subtotal:", "label": "others", "box": [958, 1014, 1064, 988], "linking": []}, {"id": 23, "text": " Tax:", "label": "others", "box": [960, 1042, 1006, 1017], "linking": []}, {"id": 24, "text": " Total:", "label": "others", "box": [958, 1103, 1033, 1058], "linking": []}, {"id": 25, "text": "$7.49", "label": "sub total", "box": [1394, 1016, 1454, 992], "linking": []}, {"id": 26, "text": "$0.98", "label": "2 tax total", "box": [1393, 1046, 1457, 1019], "linking": []}, {"id": 27, "text": "$8.47", "label": "total amount", "box": [1394, 1109, 1455, 1060], "linking": []}, {"id": 28, "text": " Cash Received:", "label": "others", "box": [954, 1211, 1123, 1185], "linking": []}, {"id": 29, "text": " Card Amount Received:", "label": "others", "box": [957, 1241, 1205, 1215], "linking": []}, {"id": 30, "text": " Cash Rounding:", "label": "others", "box": [957, 1270, 1123, 1244], "linking": []}, {"id": 31, "text": " Change:", "label": "others", "box": [949, 1318, 1039, 1273], "linking": []}, {"id": 32, "text": "$10.00", "label": "others", "box": [1382, 1214, 1456, 1187], "linking": []}, {"id": 33, "text": "$0.00", "label": "others", "box": [1391, 1245, 1452, 1217], "linking": []}, {"id": 34, "text": "$0.02", "label": "others", "box": [1391, 1274, 1455, 1245], "linking": []}, {"id": 35, "text": "$1.55", "label": "others", "box": [1390, 1324, 1457, 1276], "linking": []}, {"id": 36, "text": "Rewards Summary", "label": "others", "box": [1149, 1390, 1327, 1361], "linking": []}, {"id": 37, "text": "----------------", "label": "others", "box": [1091, 1407, 1253, 1399], "linking": []}, {"id": 38, "text": "----", "label": "others", "box": [1409, 1414, 1454, 1397], "linking": []}, {"id": 39, "text": "0 PTS", "label": "others", "box": [1390, 1444, 1452, 1422], "linking": []}, {"id": 40, "text": "0 PTS", "label": "others", "box": [1391, 1473, 1451, 1450], "linking": []}, {"id": 41, "text": "0 PTS", "label": "others", "box": [1389, 1502, 1452, 1479], "linking": []}, {"id": 42, "text": "Download the Real Fruit app to earn points on yo", "label": "others", "box": [953, 1535, 1524, 1505], "linking": []}, {"id": 43, "text": "ur next purchase!", "label": "others", "box": [954, 1559, 1155, 1535], "linking": []}, {"id": 44, "text": "---", "label": "others", "box": [951, 1585, 989, 1565], "linking": []}, {"id": 45, "text": " Collected:", "label": "others", "box": [954, 1442, 1072, 1418], "linking": []}, {"id": 46, "text": " Redeemed", "label": "others", "box": [954, 1471, 1056, 1447], "linking": []}, {"id": 47, "text": " Balance", "label": "others", "box": [954, 1501, 1043, 1477], "linking": []}, {"id": 48, "text": " :", "label": "others", "box": [1060, 1472, 1073, 1447], "linking": []}, {"id": 49, "text": " :", "label": "others", "box": [1048, 1501, 1060, 1478], "linking": []}, {"id": 50, "text": "Thank you for visiting.", "label": "others", "box": [1099, 1634, 1375, 1603], "linking": []}, {"id": 51, "text": " -", "label": "others", "box": [1272, 1663, 1289, 1634], "linking": []}, {"id": 52, "text": " Real Fruit Bubble Tea", "label": "others", "box": [1011, 1663, 1266, 1631], "linking": []}, {"id": 53, "text": " Fairview Mall", "label": "others", "box": [1295, 1666, 1453, 1634], "linking": []}]