[{"id": 0, "text": " 9:30 4", "label": "others", "box": [75, 90, 215, 49], "linking": []}, {"id": 1, "text": "Thursday, Nov 7", "label": "others", "box": [330, 228, 799, 167], "linking": []}, {"id": 2, "text": "Your trip time was 02m 03s", "label": "others", "box": [328, 303, 796, 263], "linking": []}, {"id": 3, "text": " 7:58 PM", "label": "others", "box": [48, 436, 180, 401], "linking": []}, {"id": 4, "text": "1 ITEM", "label": "others", "box": [965, 436, 1079, 401], "linking": []}, {"id": 5, "text": "Hale & Hearty Soups Cream of", "label": "0 description beginning", "box": [339, 574, 1027, 523], "linking": []}, {"id": 6, "text": "Tomato Chix Orzo, 16 fl oz", "label": "1 description inside", "box": [340, 637, 931, 589], "linking": []}, {"id": 7, "text": "CREAM OF TOMATO", "label": "others", "box": [126, 707, 247, 687], "linking": []}, {"id": 8, "text": "WITH CHICKEN & ORZO", "label": "others", "box": [121, 718, 253, 694], "linking": []}, {"id": 9, "text": "OZ. (1.08 LBS.)", "label": "others", "box": [187, 741, 238, 724], "linking": []}, {"id": 10, "text": "$5.99", "label": "5 total price per item", "box": [965, 732, 1079, 674], "linking": []}, {"id": 11, "text": "WET WT. 1", "label": "others", "box": [133, 738, 168, 726], "linking": []}, {"id": 12, "text": "Subtotal", "label": "others", "box": [45, 884, 214, 846], "linking": []}, {"id": 13, "text": "$5.99", "label": "sub total", "box": [973, 885, 1088, 843], "linking": []}, {"id": 14, "text": "Sales tax", "label": "others", "box": [47, 970, 225, 929], "linking": []}, {"id": 15, "text": "$0.00", "label": "2 tax total", "box": [976, 969, 1089, 929], "linking": []}, {"id": 16, "text": "Total (Visa *4719)", "label": "others", "box": [47, 1057, 383, 1011], "linking": []}, {"id": 17, "text": "$5.99", "label": "total amount", "box": [972, 1059, 1088, 1004], "linking": []}, {"id": 18, "text": "merchant address", "label": "others", "box": [535, 1269, 813, 1231], "linking": []}, {"id": 19, "text": "merchant address", "label": "others", "box": [205, 1325, 917, 1284], "linking": []}, {"id": 20, "text": "merchant name", "label": "others", "box": [316, 1269, 509, 1232], "linking": []}, {"id": 21, "text": " |", "label": "others", "box": [515, 1269, 529, 1232], "linking": []}, {"id": 22, "text": "Contact us about this trip", "label": "others", "box": [346, 1430, 778, 1391], "linking": []}, {"id": 23, "text": "Order #113-7893973-5613812", "label": "others", "box": [340, 1490, 787, 1455], "linking": []}, {"id": 24, "text": "Learn more about refunds", "label": "others", "box": [340, 1604, 781, 1567], "linking": []}, {"id": 25, "text": "Key", "label": "others", "box": [86, 2319, 140, 2288], "linking": []}, {"id": 26, "text": "Discover", "label": "others", "box": [275, 2317, 399, 2288], "linking": []}, {"id": 27, "text": "Receipts", "label": "others", "box": [502, 2319, 624, 2288], "linking": []}, {"id": 28, "text": "Stores", "label": "others", "box": [741, 2317, 834, 2289], "linking": []}, {"id": 29, "text": "More", "label": "others", "box": [974, 2316, 1048, 2289], "linking": []}]