[{"id": 0, "text": "Thank You For Visiting the", "label": "others", "box": [564, 182, 1082, 113], "linking": []}, {"id": 1, "text": "Matthew Fraysier", "label": "others", "box": [652, 262, 981, 209], "linking": []}, {"id": 2, "text": "merchant phone", "label": "others", "box": [685, 350, 949, 300], "linking": []}, {"id": 3, "text": "Text @LTF11479 to 73940", "label": "others", "box": [585, 445, 1051, 379], "linking": []}, {"id": 4, "text": "merchant name", "label": "others", "box": [570, 225, 1074, 155], "linking": []}, {"id": 5, "text": "General Manager", "label": "others", "box": [664, 306, 964, 255], "linking": []}, {"id": 6, "text": "We Love Your Feedback!", "label": "others", "box": [590, 398, 1033, 336], "linking": []}, {"id": 7, "text": "USD", "label": "others", "box": [1176, 510, 1250, 468], "linking": []}, {"id": 8, "text": "3.75", "label": "5 total price per item", "box": [1163, 555, 1253, 514], "linking": []}, {"id": 9, "text": "0.95", "label": "5 total price per item", "box": [1163, 602, 1252, 560], "linking": []}, {"id": 10, "text": "0.95", "label": "5 total price per item", "box": [1166, 649, 1251, 606], "linking": []}, {"id": 11, "text": "1.80", "label": "5 total price per item", "box": [1168, 699, 1254, 656], "linking": []}, {"id": 12, "text": "Pizza Slice with Top", "label": "0 description beginning", "box": [404, 585, 817, 533], "linking": []}, {"id": 13, "text": "Assorted Cookie", "label": "0 description beginning", "box": [404, 631, 713, 583], "linking": []}, {"id": 14, "text": "Assorted Cookie", "label": "0 description beginning", "box": [400, 679, 708, 627], "linking": []}, {"id": 15, "text": "Schweppes Ginger Ale", "label": "0 description beginning", "box": [397, 726, 813, 670], "linking": []}, {"id": 16, "text": "Sub Total", "label": "others", "box": [869, 806, 1064, 756], "linking": []}, {"id": 17, "text": "Tax Amount", "label": "others", "box": [868, 853, 1083, 806], "linking": []}, {"id": 18, "text": "7.45", "label": "sub total", "box": [1168, 795, 1260, 750], "linking": []}, {"id": 19, "text": "0.66", "label": "2 tax total", "box": [1166, 843, 1259, 801], "linking": []}, {"id": 20, "text": "Total USD", "label": "others", "box": [362, 1050, 741, 959], "linking": []}, {"id": 21, "text": "8.11", "label": "total amount", "box": [1074, 1032, 1249, 951], "linking": []}, {"id": 22, "text": "5008 AMEX", "label": "others", "box": [343, 1244, 549, 1197], "linking": []}, {"id": 23, "text": "8.11", "label": "others", "box": [1169, 1229, 1253, 1182], "linking": []}, {"id": 24, "text": "Tax", "label": "others", "box": [339, 1400, 412, 1356], "linking": []}, {"id": 25, "text": "() 8.875", "label": "others", "box": [339, 1454, 518, 1403], "linking": []}, {"id": 26, "text": " Taxable Amount", "label": "others", "box": [687, 1396, 1019, 1343], "linking": []}, {"id": 27, "text": "7.45", "label": "sub total", "box": [911, 1441, 999, 1396], "linking": []}, {"id": 28, "text": " Tax Amount", "label": "others", "box": [1036, 1391, 1257, 1341], "linking": []}, {"id": 29, "text": "0.66", "label": "2 tax total", "box": [1163, 1438, 1264, 1395], "linking": []}, {"id": 30, "text": " T1/11/2019 01:09 PM #:29353-Op:4046 C:111", "label": "others", "box": [327, 1607, 1261, 1552], "linking": []}, {"id": 31, "text": " 104 S:1111", "label": "others", "box": [333, 1659, 563, 1609], "linking": []}, {"id": 32, "text": " Served you", "label": "others", "box": [320, 1717, 555, 1664], "linking": []}, {"id": 33, "text": " : Aniya Taylor", "label": "others", "box": [564, 1717, 886, 1660], "linking": []}, {"id": 34, "text": "*** Customer copy ***", "label": "others", "box": [510, 1941, 990, 1887], "linking": []}, {"id": 35, "text": "AMEX NY937 (4)", "label": "others", "box": [598, 2057, 923, 1999], "linking": []}, {"id": 36, "text": "PURCHASE / APPROVED", "label": "others", "box": [287, 2174, 736, 2117], "linking": []}, {"id": 37, "text": "AMEX", "label": "others", "box": [284, 2226, 384, 2178], "linking": []}, {"id": 38, "text": "*********** 1006", "label": "others", "box": [286, 2288, 644, 2240], "linking": []}, {"id": 39, "text": "CONTACTLESS / No CVM", "label": "others", "box": [277, 2353, 760, 2295], "linking": []}, {"id": 40, "text": " 2019/11/11 13:09:27", "label": "others", "box": [267, 2479, 723, 2414], "linking": []}, {"id": 41, "text": "TID", "label": "others", "box": [267, 2535, 343, 2477], "linking": []}, {"id": 42, "text": "MID", "label": "others", "box": [266, 2595, 338, 2545], "linking": []}, {"id": 43, "text": "REFERENCE", "label": "others", "box": [263, 2658, 485, 2604], "linking": []}, {"id": 44, "text": "AUTH CODE", "label": "others", "box": [256, 2725, 475, 2668], "linking": []}, {"id": 45, "text": "**** 6033", "label": "others", "box": [1025, 2541, 1225, 2490], "linking": []}, {"id": 46, "text": "6634459", "label": "others", "box": [1055, 2606, 1222, 2552], "linking": []}, {"id": 47, "text": "S1111T111104#29353@924342", "label": "others", "box": [618, 2670, 1228, 2606], "linking": []}, {"id": 48, "text": "521625", "label": "others", "box": [1075, 2735, 1222, 2677], "linking": []}, {"id": 49, "text": "USD8.11", "label": "others", "box": [1048, 2868, 1223, 2807], "linking": []}]