[{"id": 0, "text": "merchant name", "label": "others", "box": [127, 359, 290, 320], "linking": []}, {"id": 1, "text": "merchant address", "label": "others", "box": [125, 410, 598, 365], "linking": []}, {"id": 2, "text": "TVA N\u00ba FR91000050434", "label": "others", "box": [279, 462, 795, 411], "linking": []}, {"id": 3, "text": "161 Whittaker", "label": "others", "box": [119, 508, 458, 462], "linking": []}, {"id": 4, "text": "----", "label": "others", "box": [112, 548, 198, 533], "linking": []}, {"id": 5, "text": "merchant name", "label": "others", "box": [306, 361, 442, 320], "linking": []}, {"id": 6, "text": "merchant name", "label": "others", "box": [458, 364, 643, 322], "linking": []}, {"id": 7, "text": "merchant name", "label": "others", "box": [657, 367, 792, 326], "linking": []}, {"id": 8, "text": "merchant address", "label": "others", "box": [608, 414, 751, 371], "linking": []}, {"id": 9, "text": "merchant name", "label": "others", "box": [804, 370, 935, 330], "linking": []}, {"id": 10, "text": "merchant address", "label": "others", "box": [758, 418, 918, 374], "linking": []}, {"id": 11, "text": "102/1", "label": "others", "box": [113, 626, 322, 572], "linking": []}, {"id": 12, "text": "3473", "label": "others", "box": [534, 627, 751, 576], "linking": []}, {"id": 13, "text": " 11NOV'19 11:55", "label": "others", "box": [351, 689, 731, 634], "linking": []}, {"id": 14, "text": "-------------", "label": "others", "box": [97, 731, 436, 716], "linking": []}, {"id": 15, "text": " COV", "label": "others", "box": [854, 629, 950, 585], "linking": []}, {"id": 16, "text": " 1", "label": "others", "box": [963, 628, 987, 585], "linking": []}, {"id": 17, "text": " 1", "label": "e quantity", "box": [154, 816, 184, 759], "linking": []}, {"id": 18, "text": " 0.00", "label": "others", "box": [174, 879, 308, 824], "linking": []}, {"id": 19, "text": " 0.64", "label": "others", "box": [170, 943, 305, 890], "linking": []}, {"id": 20, "text": " 11:55 Total Du 7.00 Eur", "label": "total amount", "box": [90, 1012, 955, 954], "linking": []}, {"id": 21, "text": " Gunpowder The Ve", "label": "0 description beginning", "box": [195, 816, 653, 759], "linking": []}, {"id": 22, "text": "7.00", "label": "5 total price per item", "box": [785, 812, 898, 758], "linking": []}, {"id": 23, "text": "0.00", "label": "others", "box": [840, 876, 958, 822], "linking": []}, {"id": 24, "text": "7.00", "label": "sub total", "box": [847, 942, 965, 886], "linking": []}, {"id": 25, "text": " TVA 20.0%", "label": "others", "box": [343, 879, 601, 824], "linking": []}, {"id": 26, "text": " TVA", "label": "others", "box": [342, 943, 446, 891], "linking": []}, {"id": 27, "text": " 10.0%", "label": "others", "box": [483, 943, 628, 892], "linking": []}, {"id": 28, "text": "CHAMBRE/ROOM", "label": "others", "box": [74, 1152, 431, 1090], "linking": []}, {"id": 29, "text": "----------", "label": "others", "box": [908, 1153, 1007, 1139], "linking": []}, {"id": 30, "text": "NOM/NAME", "label": "others", "box": [68, 1297, 309, 1235], "linking": []}, {"id": 31, "text": "Carte Cercle requise", "label": "others", "box": [64, 1371, 674, 1308], "linking": []}, {"id": 32, "text": "---------", "label": "others", "box": [676, 1298, 772, 1282], "linking": []}, {"id": 33, "text": " requested", "label": "others", "box": [745, 1366, 1017, 1309], "linking": []}, {"id": 34, "text": " /", "label": "others", "box": [687, 1366, 729, 1319], "linking": []}, {"id": 35, "text": "SIGNATURE", "label": "others", "box": [65, 1519, 342, 1457], "linking": []}, {"id": 36, "text": "Join us at the Blue Gin bar", "label": "others", "box": [130, 1666, 927, 1601], "linking": []}, {"id": 37, "text": "DJ Thursday, Friday, Saturday", "label": "others", "box": [98, 1738, 959, 1674], "linking": []}, {"id": 38, "text": "Finger food by Marcel Ravin", "label": "others", "box": [132, 1807, 929, 1744], "linking": []}]