[{"id": 0, "text": "Thank You For Visiting the", "label": "others", "box": [800, 229, 1462, 167], "linking": []}, {"id": 1, "text": "merchant name", "label": "others", "box": [809, 289, 1446, 226], "linking": []}, {"id": 2, "text": "Matthew Fraysier", "label": "others", "box": [923, 353, 1333, 288], "linking": []}, {"id": 3, "text": "General Manager", "label": "others", "box": [935, 420, 1318, 349], "linking": []}, {"id": 4, "text": "We Love Your Feedback!", "label": "others", "box": [846, 532, 1404, 459], "linking": []}, {"id": 5, "text": "merchant phone", "label": "others", "box": [965, 471, 1295, 411], "linking": []}, {"id": 6, "text": "Text @LTF11479 to 73940", "label": "others", "box": [833, 594, 1420, 512], "linking": []}, {"id": 7, "text": "1.33 1b \u00d7 $ 7.68/1b", "label": "0 description beginning", "box": [616, 768, 1113, 678], "linking": []}, {"id": 8, "text": "USD", "label": "others", "box": [1576, 705, 1649, 651], "linking": []}, {"id": 9, "text": "Large Clamshell", "label": "1 description inside", "box": [607, 821, 1005, 741], "linking": []}, {"id": 10, "text": "10.21", "label": "5 total price per item", "box": [1531, 825, 1657, 773], "linking": []}, {"id": 11, "text": "Sub Total", "label": "others", "box": [1201, 955, 1428, 900], "linking": []}, {"id": 12, "text": "Tax Amount", "label": "others", "box": [1204, 1016, 1462, 961], "linking": []}, {"id": 13, "text": "10.21", "label": "sub total", "box": [1531, 951, 1657, 893], "linking": []}, {"id": 14, "text": "0.91", "label": "2 tax total", "box": [1557, 1009, 1655, 956], "linking": []}, {"id": 15, "text": "Total USD", "label": "others", "box": [575, 1244, 1057, 1124], "linking": []}, {"id": 16, "text": "11.12", "label": "total amount", "box": [1407, 1235, 1671, 1139], "linking": []}, {"id": 17, "text": "5008 AMEX", "label": "others", "box": [575, 1474, 828, 1417], "linking": []}, {"id": 18, "text": "11.12", "label": "others", "box": [1546, 1470, 1679, 1412], "linking": []}, {"id": 19, "text": "Tax", "label": "others", "box": [573, 1661, 666, 1610], "linking": []}, {"id": 20, "text": "() 8 675", "label": "others", "box": [576, 1729, 795, 1665], "linking": []}, {"id": 21, "text": " Taxable Amount", "label": "others", "box": [994, 1672, 1391, 1611], "linking": []}, {"id": 22, "text": "10.21", "label": "sub total", "box": [1239, 1731, 1360, 1676], "linking": []}, {"id": 23, "text": " Tax Amount", "label": "others", "box": [1414, 1669, 1694, 1608], "linking": []}, {"id": 24, "text": "0.91", "label": "2 tax total", "box": [1583, 1730, 1690, 1677], "linking": []}, {"id": 25, "text": " 11/01/2019 12:24 PM #:47134 Op:4023 C:111", "label": "others", "box": [563, 1934, 1700, 1870], "linking": []}, {"id": 26, "text": " 105 S:", "label": "others", "box": [559, 2003, 708, 1941], "linking": []}, {"id": 27, "text": " Served you", "label": "others", "box": [542, 2078, 844, 2013], "linking": []}, {"id": 28, "text": " 1111", "label": "others", "box": [719, 2003, 835, 1941], "linking": []}, {"id": 29, "text": " : Lucrecia Findley", "label": "others", "box": [855, 2078, 1353, 2011], "linking": []}, {"id": 30, "text": "*** Customer copy ***", "label": "others", "box": [786, 2357, 1389, 2296], "linking": []}, {"id": 31, "text": "AMEX NY937 (5)", "label": "others", "box": [902, 2506, 1306, 2425], "linking": []}, {"id": 32, "text": "PURCHASE / APPROVED", "label": "others", "box": [564, 2681, 1081, 2586], "linking": []}, {"id": 33, "text": "AMEX", "label": "others", "box": [574, 2768, 654, 2697], "linking": []}, {"id": 34, "text": "*********** 1000", "label": "others", "box": [566, 2843, 977, 2755], "linking": []}, {"id": 35, "text": "CONTACTLESS / No CVM", "label": "others", "box": [551, 2940, 1132, 2830], "linking": []}]