[{"id": 0, "text": "---", "label": "others", "box": [960, 395, 981, 351], "linking": []}, {"id": 1, "text": "OPERATED BY", "label": "others", "box": [558, 405, 909, 356], "linking": []}, {"id": 2, "text": "merchant name", "label": "others", "box": [464, 541, 879, 451], "linking": []}, {"id": 3, "text": "merchant name", "label": "others", "box": [579, 584, 869, 543], "linking": []}, {"id": 4, "text": "merchant address", "label": "others", "box": [458, 684, 957, 628], "linking": []}, {"id": 5, "text": "merchant address", "label": "others", "box": [290, 741, 1122, 677], "linking": []}, {"id": 6, "text": "CHK 3294", "label": "others", "box": [271, 944, 503, 896], "linking": []}, {"id": 7, "text": "GST", "label": "others", "box": [1035, 949, 1134, 906], "linking": []}, {"id": 8, "text": "1", "label": "others", "box": [1143, 943, 1172, 911], "linking": []}, {"id": 9, "text": "NOVO8 ' 19", "label": "others", "box": [503, 1000, 745, 953], "linking": []}, {"id": 10, "text": " 3:36PM", "label": "others", "box": [784, 1002, 953, 958], "linking": []}, {"id": 11, "text": "TO GO", "label": "others", "box": [420, 1101, 564, 1055], "linking": []}, {"id": 12, "text": "PIZ ART CHEESE", "label": "0 description beginning", "box": [352, 1205, 786, 1157], "linking": []}, {"id": 13, "text": " M", "label": "1 description inside", "box": [584, 1256, 618, 1209], "linking": []}, {"id": 14, "text": "9.29", "label": "5 total price per item", "box": [983, 1207, 1090, 1163], "linking": []}, {"id": 15, "text": "2.55", "label": "5 total price per item", "box": [981, 1254, 1090, 1210], "linking": []}, {"id": 16, "text": " COFFEE", "label": "0 description beginning", "box": [387, 1255, 573, 1210], "linking": []}, {"id": 17, "text": "SUBTOTAL", "label": "others", "box": [392, 1358, 615, 1312], "linking": []}, {"id": 18, "text": "FOODTX ADD207001", "label": "others", "box": [395, 1409, 841, 1360], "linking": []}, {"id": 19, "text": "13.20", "label": "total amount", "box": [827, 1458, 1079, 1407], "linking": []}, {"id": 20, "text": "AT885219 XXX1006", "label": "others", "box": [396, 1513, 844, 1463], "linking": []}, {"id": 21, "text": "AMEX CC", "label": "others", "box": [395, 1566, 592, 1519], "linking": []}, {"id": 22, "text": " -- 105452 Closed NOV08 03:36PM- - -", "label": "others", "box": [284, 1618, 1174, 1568], "linking": []}, {"id": 23, "text": "11.84", "label": "sub total", "box": [956, 1355, 1093, 1309], "linking": []}, {"id": 24, "text": "1.36", "label": "2 tax total", "box": [981, 1406, 1090, 1360], "linking": []}, {"id": 25, "text": "AMOUNT PAID", "label": "others", "box": [393, 1461, 708, 1414], "linking": []}, {"id": 26, "text": "13.20", "label": "others", "box": [957, 1559, 1093, 1516], "linking": []}, {"id": 27, "text": "WE WANT TO HEAR YOUR FEEDBACK!", "label": "others", "box": [310, 1724, 1148, 1669], "linking": []}, {"id": 28, "text": "PLEASE CONTACT 1-877-672-7467", "label": "others", "box": [310, 1776, 1134, 1722], "linking": []}, {"id": 29, "text": "OR CUSTOMERSERVICE@HMSHOST.COM", "label": "others", "box": [311, 1828, 1154, 1777], "linking": []}, {"id": 30, "text": "TO SHARE YOUR EXPERIENCE.", "label": "others", "box": [366, 1876, 1074, 1829], "linking": []}, {"id": 31, "text": " STOREID:", "label": "others", "box": [486, 1973, 726, 1927], "linking": []}, {"id": 32, "text": " ORDBDC02", "label": "others", "box": [733, 1972, 960, 1924], "linking": []}, {"id": 33, "text": " Your order number is:", "label": "others", "box": [325, 2176, 920, 2126], "linking": []}, {"id": 34, "text": " 3294", "label": "others", "box": [935, 2169, 1145, 2120], "linking": []}]