[{"id": 0, "text": "merchant name", "label": "others", "box": [71, 89, 399, 60], "linking": []}, {"id": 1, "text": "merchant address", "label": "others", "box": [93, 116, 169, 94], "linking": []}, {"id": 2, "text": "merchant address", "label": "others", "box": [127, 145, 348, 122], "linking": []}, {"id": 3, "text": "merchant phone", "label": "others", "box": [176, 174, 304, 148], "linking": []}, {"id": 4, "text": "merchant address", "label": "others", "box": [173, 119, 381, 94], "linking": []}, {"id": 5, "text": " ORDER:", "label": "others", "box": [152, 238, 276, 206], "linking": []}, {"id": 6, "text": "Dine In", "label": "others", "box": [184, 282, 294, 250], "linking": []}, {"id": 7, "text": " MADHAVI M.", "label": "others", "box": [92, 316, 225, 292], "linking": []}, {"id": 8, "text": " 16 Oct 2019 7:29:02P", "label": "others", "box": [11, 344, 227, 320], "linking": []}, {"id": 9, "text": " 48", "label": "others", "box": [282, 239, 325, 208], "linking": []}, {"id": 10, "text": " Cashier:", "label": "others", "box": [5, 314, 88, 292], "linking": []}, {"id": 11, "text": "Transaction 008145", "label": "others", "box": [11, 386, 210, 363], "linking": []}, {"id": 12, "text": "2", "label": "e quantity", "box": [10, 441, 27, 422], "linking": []}, {"id": 13, "text": "-", "label": "others", "box": [15, 471, 27, 445], "linking": []}, {"id": 14, "text": "-", "label": "others", "box": [18, 498, 30, 476], "linking": []}, {"id": 15, "text": "Masala Chaal", "label": "0 description beginning", "box": [48, 443, 188, 421], "linking": []}, {"id": 16, "text": "Iranian Samosa (3 PCS)", "label": "0 description beginning", "box": [53, 473, 289, 450], "linking": []}, {"id": 17, "text": "Samosa (2 Pcs)", "label": "0 description beginning", "box": [54, 501, 211, 479], "linking": []}, {"id": 18, "text": "$3.58", "label": "5 total price per item", "box": [414, 446, 470, 419], "linking": []}, {"id": 19, "text": "$2.99", "label": "5 total price per item", "box": [416, 472, 468, 449], "linking": []}, {"id": 20, "text": "$2.99", "label": "5 total price per item", "box": [414, 502, 468, 474], "linking": []}, {"id": 21, "text": "Subtotal", "label": "others", "box": [22, 553, 106, 533], "linking": []}, {"id": 22, "text": "Tax", "label": "others", "box": [24, 579, 61, 561], "linking": []}, {"id": 23, "text": "$9.56", "label": "sub total", "box": [411, 553, 466, 534], "linking": []}, {"id": 24, "text": "$0.82", "label": "2 tax total", "box": [412, 581, 464, 560], "linking": []}, {"id": 25, "text": "Total", "label": "others", "box": [26, 631, 79, 612], "linking": []}, {"id": 26, "text": "Tip", "label": "others", "box": [27, 657, 57, 636], "linking": []}, {"id": 27, "text": " CREDIT", "label": "others", "box": [22, 689, 94, 670], "linking": []}, {"id": 28, "text": " AMEX", "label": "others", "box": [19, 714, 82, 694], "linking": []}, {"id": 29, "text": " 16 Oct 2019 7:30:53P", "label": "others", "box": [17, 750, 235, 728], "linking": []}, {"id": 30, "text": " FMV", "label": "others", "box": [184, 774, 233, 753], "linking": []}, {"id": 31, "text": " EXPRESS XXXXXXXXXXXX1007", "label": "others", "box": [125, 802, 453, 775], "linking": []}, {"id": 32, "text": " 929000581831 | Auth # 82/387", "label": "others", "box": [75, 856, 409, 831], "linking": []}, {"id": 33, "text": " ******** 1889", "label": "others", "box": [59, 885, 193, 862], "linking": []}, {"id": 34, "text": " A000000025010801", "label": "others", "box": [53, 915, 274, 889], "linking": []}, {"id": 35, "text": " AMEX", "label": "others", "box": [143, 942, 209, 919], "linking": []}, {"id": 36, "text": "SIGNATURE VERIFIED", "label": "others", "box": [6, 971, 230, 948], "linking": []}, {"id": 37, "text": "$10.38", "label": "others", "box": [399, 632, 465, 613], "linking": []}, {"id": 38, "text": "$1.04", "label": "3 tip", "box": [411, 654, 465, 636], "linking": []}, {"id": 39, "text": "$11.42", "label": "total amount", "box": [401, 686, 468, 665], "linking": []}, {"id": 40, "text": " CARD AUTH", "label": "others", "box": [98, 689, 219, 669], "linking": []}, {"id": 41, "text": " 1007", "label": "others", "box": [85, 714, 136, 694], "linking": []}, {"id": 42, "text": " $11.42 | Method:", "label": "others", "box": [15, 776, 181, 754], "linking": []}, {"id": 43, "text": " AMERICAN", "label": "others", "box": [13, 803, 122, 780], "linking": []}, {"id": 44, "text": " Ref #:", "label": "others", "box": [11, 856, 71, 835], "linking": []}, {"id": 45, "text": " MID:", "label": "others", "box": [18, 885, 55, 862], "linking": []}, {"id": 46, "text": " AID:", "label": "others", "box": [9, 916, 48, 890], "linking": []}, {"id": 47, "text": " AthNtwkNm:", "label": "others", "box": [7, 942, 138, 920], "linking": []}, {"id": 48, "text": "Order 8JQZYTBHSYDMT", "label": "others", "box": [3, 1044, 261, 1020], "linking": []}]