[{"id": 0, "text": "merchant name", "label": "others", "box": [451, 214, 736, 149], "linking": []}, {"id": 1, "text": "merchant address", "label": "others", "box": [353, 287, 840, 246], "linking": []}, {"id": 2, "text": " Tel:", "label": "others", "box": [459, 325, 527, 289], "linking": []}, {"id": 3, "text": " ABN:", "label": "others", "box": [443, 364, 512, 329], "linking": []}, {"id": 4, "text": "merchant phone", "label": "others", "box": [534, 325, 736, 289], "linking": []}, {"id": 5, "text": " 57 631 603 186", "label": "others", "box": [518, 364, 754, 329], "linking": []}, {"id": 6, "text": "Tax Invoice", "label": "others", "box": [505, 442, 687, 407], "linking": []}, {"id": 7, "text": " Order No .:", "label": "others", "box": [203, 520, 378, 483], "linking": []}, {"id": 8, "text": " 13", "label": "others", "box": [385, 520, 420, 484], "linking": []}, {"id": 9, "text": "======", "label": "others", "box": [706, 554, 806, 537], "linking": []}, {"id": 10, "text": " Kevin", "label": "others", "box": [651, 601, 745, 566], "linking": []}, {"id": 11, "text": " Check Id:40631 Time:13/11/2019 8:31:28 AM", "label": "others", "box": [203, 641, 892, 601], "linking": []}, {"id": 12, "text": " Station:", "label": "others", "box": [204, 599, 339, 562], "linking": []}, {"id": 13, "text": " SG01", "label": "others", "box": [345, 599, 414, 564], "linking": []}, {"id": 14, "text": " Staff:", "label": "others", "box": [542, 602, 645, 565], "linking": []}, {"id": 15, "text": "QTY", "label": "others", "box": [201, 717, 257, 683], "linking": []}, {"id": 16, "text": "ITEM", "label": "others", "box": [294, 718, 371, 684], "linking": []}, {"id": 17, "text": "$", "label": "others", "box": [686, 719, 709, 690], "linking": []}, {"id": 18, "text": "TOTAL", "label": "others", "box": [805, 720, 887, 685], "linking": []}, {"id": 19, "text": "*Mushroom Wrap", "label": "0 description beginning", "box": [299, 802, 532, 765], "linking": []}, {"id": 20, "text": "*WRAP COMBO", "label": "0 description beginning", "box": [298, 838, 482, 803], "linking": []}, {"id": 21, "text": "8.90", "label": "5 total price per item", "box": [821, 799, 888, 765], "linking": []}, {"id": 22, "text": "2.00", "label": "5 total price per item", "box": [819, 839, 890, 805], "linking": []}, {"id": 23, "text": " Sub Total:$", "label": "others", "box": [526, 923, 712, 884], "linking": []}, {"id": 24, "text": "10.90", "label": "sub total", "box": [808, 922, 892, 886], "linking": []}, {"id": 25, "text": "===========", "label": "others", "box": [706, 994, 891, 975], "linking": []}, {"id": 26, "text": " TOTAL:$", "label": "others", "box": [590, 1071, 714, 1010], "linking": []}, {"id": 27, "text": " (inc. GST):$", "label": "others", "box": [510, 1113, 711, 1073], "linking": []}, {"id": 28, "text": "======", "label": "others", "box": [709, 1145, 799, 1125], "linking": []}, {"id": 29, "text": " TYRO:$", "label": "others", "box": [608, 1196, 712, 1156], "linking": []}, {"id": 30, "text": " Change:$", "label": "others", "box": [572, 1240, 714, 1201], "linking": []}, {"id": 31, "text": "10.90", "label": "total amount", "box": [809, 1072, 895, 1009], "linking": []}, {"id": 32, "text": "(0.99)", "label": "2 tax total", "box": [792, 1113, 893, 1075], "linking": []}, {"id": 33, "text": "-----", "label": "others", "box": [809, 1148, 892, 1132], "linking": []}, {"id": 34, "text": "10.90", "label": "total amount", "box": [812, 1198, 894, 1157], "linking": []}, {"id": 35, "text": "0.00", "label": "others", "box": [825, 1238, 896, 1203], "linking": []}, {"id": 36, "text": " -- SG01 13/11/2019 8:31:30 AM Kevin --", "label": "others", "box": [352, 1360, 834, 1327], "linking": []}, {"id": 37, "text": "* Indicates GST inclusive item(s)", "label": "others", "box": [308, 1411, 872, 1370], "linking": []}, {"id": 38, "text": "Thank you for coming", "label": "others", "box": [423, 1455, 765, 1413], "linking": []}, {"id": 39, "text": "Have a lovely day", "label": "others", "box": [441, 1499, 738, 1457], "linking": []}]