[{"id": 0, "text": "merchant name", "label": "others", "box": [99, 71, 188, 54], "linking": []}, {"id": 1, "text": "merchant address", "label": "others", "box": [74, 88, 156, 72], "linking": []}, {"id": 2, "text": " : 20211127", "label": "others", "box": [49, 107, 113, 91], "linking": []}, {"id": 3, "text": " NOV 19, 2019 20:10", "label": "others", "box": [15, 126, 140, 110], "linking": []}, {"id": 4, "text": " ROC#:", "label": "others", "box": [15, 145, 45, 129], "linking": []}, {"id": 5, "text": "************ 1002 - (C)", "label": "others", "box": [15, 165, 164, 148], "linking": []}, {"id": 6, "text": "AMERICAN EXPRESS", "label": "others", "box": [14, 184, 125, 167], "linking": []}, {"id": 7, "text": "A000000025010801", "label": "others", "box": [14, 204, 122, 186], "linking": []}, {"id": 8, "text": "merchant phone", "label": "others", "box": [159, 88, 216, 72], "linking": []}, {"id": 9, "text": " MERCH#", "label": "others", "box": [157, 107, 194, 91], "linking": []}, {"id": 10, "text": " APPROVAL", "label": "others", "box": [170, 126, 220, 110], "linking": []}, {"id": 11, "text": " BATCH#:000297", "label": "others", "box": [184, 147, 273, 129], "linking": []}, {"id": 12, "text": " TERM#", "label": "others", "box": [17, 108, 45, 91], "linking": []}, {"id": 13, "text": " : 9360181474", "label": "others", "box": [197, 107, 271, 91], "linking": []}, {"id": 14, "text": " : 813720", "label": "others", "box": [223, 127, 272, 110], "linking": []}, {"id": 15, "text": " 002683", "label": "others", "box": [47, 145, 92, 129], "linking": []}, {"id": 16, "text": "RESTAURANT SALE", "label": "others", "box": [92, 241, 195, 224], "linking": []}, {"id": 17, "text": ">LODGING", "label": "others", "box": [20, 285, 76, 266], "linking": []}, {"id": 18, "text": "000297", "label": "others", "box": [159, 282, 203, 265], "linking": []}, {"id": 19, "text": " BASE AMOUNT", "label": "others", "box": [16, 325, 82, 308], "linking": []}, {"id": 20, "text": " :", "label": "others", "box": [85, 325, 93, 308], "linking": []}, {"id": 21, "text": "USD 59.13", "label": "sub total", "box": [207, 326, 274, 306], "linking": []}, {"id": 22, "text": " TIP AMOUNT", "label": "others", "box": [17, 366, 72, 346], "linking": []}, {"id": 23, "text": " :", "label": "others", "box": [76, 367, 85, 350], "linking": []}, {"id": 24, "text": "59.13", "label": "total amount", "box": [168, 408, 259, 362], "linking": []}, {"id": 25, "text": "1DB53D", "label": "others", "box": [111, 451, 152, 433], "linking": []}, {"id": 26, "text": "OMER COPY", "label": "others", "box": [115, 495, 184, 477], "linking": []}]