[{"id": 0, "text": "merchant name", "label": "others", "box": [491, 754, 796, 722], "linking": []}, {"id": 1, "text": "merchant address", "label": "others", "box": [543, 785, 754, 757], "linking": []}, {"id": 2, "text": "merchant address", "label": "others", "box": [475, 821, 814, 789], "linking": []}, {"id": 3, "text": "CHK 657911", "label": "others", "box": [580, 883, 715, 854], "linking": []}, {"id": 4, "text": " 11/19/2019 08:02 AM", "label": "others", "box": [512, 920, 776, 887], "linking": []}, {"id": 5, "text": "1995275", "label": "others", "box": [467, 950, 562, 920], "linking": []}, {"id": 6, "text": " Drawer:", "label": "others", "box": [591, 952, 697, 921], "linking": []}, {"id": 7, "text": " 1 Reg:", "label": "others", "box": [703, 952, 802, 921], "linking": []}, {"id": 8, "text": " 3", "label": "others", "box": [807, 951, 824, 921], "linking": []}, {"id": 9, "text": "Gr Blonde Roast", "label": "0 description beginning", "box": [423, 1018, 625, 987], "linking": []}, {"id": 10, "text": "Ham&Cheese Croisnt", "label": "0 description beginning", "box": [422, 1051, 664, 1019], "linking": []}, {"id": 11, "text": "2.75", "label": "5 total price per item", "box": [790, 1015, 853, 987], "linking": []}, {"id": 12, "text": "3.75", "label": "5 total price per item", "box": [801, 1047, 851, 1018], "linking": []}, {"id": 13, "text": "Amex", "label": "others", "box": [423, 1114, 471, 1088], "linking": []}, {"id": 14, "text": "XXXXXXXXXXXX3007", "label": "others", "box": [423, 1147, 638, 1117], "linking": []}, {"id": 15, "text": " QUICK CHIP", "label": "others", "box": [578, 1181, 714, 1148], "linking": []}, {"id": 16, "text": " PURCHASE", "label": "others", "box": [578, 1214, 688, 1182], "linking": []}, {"id": 17, "text": " 00000029", "label": "others", "box": [591, 1246, 707, 1212], "linking": []}, {"id": 18, "text": " AMERICAN EXPRESS", "label": "others", "box": [566, 1281, 788, 1247], "linking": []}, {"id": 19, "text": " 884817", "label": "others", "box": [526, 1313, 612, 1281], "linking": []}, {"id": 20, "text": " A000000025010801", "label": "others", "box": [485, 1346, 705, 1312], "linking": []}, {"id": 21, "text": " 0000008000", "label": "others", "box": [486, 1378, 626, 1347], "linking": []}, {"id": 22, "text": " E800", "label": "others", "box": [487, 1410, 547, 1380], "linking": []}, {"id": 23, "text": "7.08", "label": "others", "box": [795, 1113, 854, 1083], "linking": []}, {"id": 24, "text": " Card Entry:", "label": "others", "box": [424, 1182, 572, 1151], "linking": []}, {"id": 25, "text": " Trans Type:", "label": "others", "box": [426, 1216, 572, 1183], "linking": []}, {"id": 26, "text": " Reference #:", "label": "others", "box": [424, 1247, 587, 1215], "linking": []}, {"id": 27, "text": " App Label:", "label": "others", "box": [423, 1281, 561, 1248], "linking": []}, {"id": 28, "text": " Auth #:", "label": "others", "box": [423, 1314, 520, 1282], "linking": []}, {"id": 29, "text": " AID:", "label": "others", "box": [423, 1346, 480, 1315], "linking": []}, {"id": 30, "text": " TVR:", "label": "others", "box": [425, 1378, 480, 1347], "linking": []}, {"id": 31, "text": " TSI:", "label": "others", "box": [426, 1410, 481, 1380], "linking": []}, {"id": 32, "text": "Subtotal", "label": "others", "box": [423, 1475, 529, 1444], "linking": []}, {"id": 33, "text": "Tax 8.875%", "label": "others", "box": [423, 1509, 558, 1477], "linking": []}, {"id": 34, "text": "Total", "label": "others", "box": [426, 1541, 488, 1513], "linking": []}, {"id": 35, "text": "Change Due", "label": "others", "box": [379, 1576, 650, 1544], "linking": []}, {"id": 36, "text": "$6.50", "label": "sub total", "box": [764, 1479, 840, 1446], "linking": []}, {"id": 37, "text": "$0.58", "label": "2 tax total", "box": [764, 1505, 842, 1477], "linking": []}, {"id": 38, "text": "$7.08", "label": "total amount", "box": [770, 1538, 841, 1511], "linking": []}, {"id": 39, "text": "$0.00", "label": "others", "box": [779, 1574, 916, 1540], "linking": []}, {"id": 40, "text": "-- Check Closed --", "label": "others", "box": [507, 1639, 747, 1608], "linking": []}, {"id": 41, "text": " 11/19/2019 08:02 AM", "label": "others", "box": [519, 1673, 774, 1639], "linking": []}, {"id": 42, "text": "Join our loyalty program", "label": "others", "box": [490, 1839, 810, 1806], "linking": []}, {"id": 43, "text": "Starbucks Rewards\u00ae", "label": "others", "box": [529, 1870, 771, 1839], "linking": []}, {"id": 44, "text": "Sign up for promotional emails", "label": "others", "box": [449, 1905, 852, 1872], "linking": []}, {"id": 45, "text": "Visit Starbucks.com/rewards", "label": "others", "box": [459, 1936, 828, 1904], "linking": []}, {"id": 46, "text": "Or download our app", "label": "others", "box": [514, 1969, 774, 1939], "linking": []}, {"id": 47, "text": "At participating stores", "label": "others", "box": [491, 2001, 801, 1970], "linking": []}, {"id": 48, "text": "Some restrictions apply", "label": "others", "box": [487, 2035, 801, 2003], "linking": []}]