[{"id": 0, "text": "merchant name", "label": "others", "box": [1150, 336, 1299, 309], "linking": []}, {"id": 1, "text": "merchant address", "label": "others", "box": [1138, 363, 1182, 337], "linking": []}, {"id": 2, "text": "merchant address", "label": "others", "box": [1029, 393, 1430, 363], "linking": []}, {"id": 3, "text": "merchant address", "label": "others", "box": [1186, 363, 1325, 337], "linking": []}, {"id": 4, "text": "GST # 825875560RT001", "label": "others", "box": [1096, 418, 1363, 390], "linking": []}, {"id": 5, "text": "merchant phone", "label": "others", "box": [1150, 444, 1311, 417], "linking": []}, {"id": 6, "text": "1124 JOSUSELL", "label": "others", "box": [976, 495, 1151, 462], "linking": []}, {"id": 7, "text": "Chk 3206", "label": "others", "box": [965, 548, 1070, 519], "linking": []}, {"id": 8, "text": " Nov08'19 03:17P Gst 0", "label": "others", "box": [1192, 555, 1498, 521], "linking": []}, {"id": 9, "text": "** TO GO **", "label": "others", "box": [1017, 601, 1255, 574], "linking": []}, {"id": 10, "text": " Timbit", "label": "0 description beginning", "box": [1016, 628, 1104, 602], "linking": []}, {"id": 11, "text": " 20z Coke Btl", "label": "0 description beginning", "box": [1015, 655, 1175, 630], "linking": []}, {"id": 12, "text": " TIM Water", "label": "0 description beginning", "box": [1017, 682, 1136, 656], "linking": []}, {"id": 13, "text": "XXXXXXXXXXX1003", "label": "others", "box": [1003, 709, 1205, 681], "linking": []}, {"id": 14, "text": "Amex", "label": "others", "box": [1017, 734, 1073, 709], "linking": []}, {"id": 15, "text": " 1", "label": "e quantity", "box": [992, 627, 1012, 602], "linking": []}, {"id": 16, "text": " 1", "label": "e quantity", "box": [992, 654, 1011, 630], "linking": []}, {"id": 17, "text": " 1", "label": "e quantity", "box": [992, 680, 1013, 656], "linking": []}, {"id": 18, "text": " -", "label": "0 description beginning", "box": [1108, 628, 1131, 603], "linking": []}, {"id": 19, "text": " 20", "label": "1 description inside", "box": [1135, 628, 1166, 603], "linking": []}, {"id": 20, "text": "4.61", "label": "5 total price per item", "box": [1399, 634, 1456, 605], "linking": []}, {"id": 21, "text": "2.74", "label": "5 total price per item", "box": [1400, 658, 1457, 631], "linking": []}, {"id": 22, "text": "1.97", "label": "5 total price per item", "box": [1402, 684, 1457, 656], "linking": []}, {"id": 23, "text": "10.54", "label": "others", "box": [1391, 740, 1462, 711], "linking": []}, {"id": 24, "text": "Food", "label": "others", "box": [1016, 785, 1071, 757], "linking": []}, {"id": 25, "text": "NA Bev", "label": "others", "box": [1017, 813, 1098, 786], "linking": []}, {"id": 26, "text": "HST Tax", "label": "others", "box": [1015, 839, 1112, 814], "linking": []}, {"id": 27, "text": "Payment", "label": "others", "box": [1014, 867, 1110, 841], "linking": []}, {"id": 28, "text": "4.61", "label": "others", "box": [1400, 788, 1452, 762], "linking": []}, {"id": 29, "text": "4.71", "label": "others", "box": [1400, 815, 1453, 790], "linking": []}, {"id": 30, "text": "1.22", "label": "2 tax total", "box": [1401, 841, 1455, 816], "linking": []}, {"id": 31, "text": "10,54", "label": "total amount", "box": [1388, 868, 1455, 845], "linking": []}, {"id": 32, "text": " Win a", "label": "others", "box": [1040, 918, 1119, 891], "linking": []}, {"id": 33, "text": " Go to the website to", "label": "others", "box": [1043, 945, 1314, 918], "linking": []}, {"id": 34, "text": "website to tell us about your", "label": "others", "box": [1041, 973, 1427, 944], "linking": []}, {"id": 35, "text": "visit and enter our prize draw", "label": "others", "box": [1043, 1000, 1441, 971], "linking": []}, {"id": 36, "text": " See website for", "label": "others", "box": [1095, 1026, 1301, 999], "linking": []}, {"id": 37, "text": "www.eatonthemove.com/CA", "label": "others", "box": [1080, 1054, 1388, 1026], "linking": []}, {"id": 38, "text": " $500 Amazon Gift Card", "label": "others", "box": [1130, 920, 1415, 891], "linking": []}, {"id": 39, "text": " tell us", "label": "others", "box": [1319, 946, 1415, 919], "linking": []}, {"id": 40, "text": " T&C", "label": "others", "box": [1305, 1026, 1350, 1000], "linking": []}, {"id": 41, "text": " LOCATION:", "label": "others", "box": [1123, 1110, 1247, 1078], "linking": []}, {"id": 42, "text": "Customer Care 1-877-325-8777", "label": "others", "box": [1041, 1163, 1419, 1132], "linking": []}, {"id": 43, "text": "ENTREZ pour GAGNER!", "label": "others", "box": [1105, 1219, 1370, 1185], "linking": []}, {"id": 44, "text": "Parlez-nous de votre visite a", "label": "others", "box": [1025, 1271, 1415, 1242], "linking": []}, {"id": 45, "text": " 7104351", "label": "others", "box": [1252, 1110, 1344, 1080], "linking": []}, {"id": 46, "text": "Bon cadeau Amazon de $500", "label": "others", "box": [1066, 1243, 1400, 1215], "linking": []}, {"id": 47, "text": " 1", "label": "others", "box": [1078, 1297, 1097, 1267], "linking": []}, {"id": 48, "text": "participez au tirage au sort", "label": "others", "box": [1040, 1326, 1413, 1296], "linking": []}, {"id": 49, "text": " Consulter les conditions sur:", "label": "others", "box": [1041, 1351, 1425, 1324], "linking": []}, {"id": 50, "text": "www.eatonthemove.com/CA", "label": "others", "box": [1079, 1378, 1389, 1352], "linking": []}, {"id": 51, "text": " un de nos magasins et", "label": "others", "box": [1102, 1299, 1388, 1268], "linking": []}, {"id": 52, "text": " LOCATION:", "label": "others", "box": [1122, 1434, 1245, 1402], "linking": []}, {"id": 53, "text": "Customer Care 1-877-325-8777", "label": "others", "box": [1036, 1489, 1414, 1457], "linking": []}, {"id": 54, "text": " 7104351", "label": "others", "box": [1250, 1434, 1343, 1404], "linking": []}]