[{"id": 0, "text": "merchant name", "label": "others", "box": [213, 332, 598, 298], "linking": []}, {"id": 1, "text": "merchant address", "label": "others", "box": [194, 373, 617, 339], "linking": []}, {"id": 2, "text": "merchant address", "label": "others", "box": [224, 414, 582, 380], "linking": []}, {"id": 3, "text": "merchant phone", "label": "others", "box": [314, 454, 495, 421], "linking": []}, {"id": 4, "text": "39300981721730", "label": "others", "box": [298, 497, 514, 464], "linking": []}, {"id": 5, "text": "SALE", "label": "others", "box": [348, 599, 469, 562], "linking": []}, {"id": 6, "text": " MID:", "label": "others", "box": [138, 678, 209, 646], "linking": []}, {"id": 7, "text": " 1730", "label": "others", "box": [215, 678, 277, 645], "linking": []}, {"id": 8, "text": " Store:", "label": "others", "box": [327, 678, 419, 645], "linking": []}, {"id": 9, "text": " 0001 Term:", "label": "others", "box": [425, 677, 604, 645], "linking": []}, {"id": 10, "text": " REF#:", "label": "others", "box": [453, 719, 544, 687], "linking": []}, {"id": 11, "text": " 931721411517", "label": "others", "box": [508, 760, 679, 727], "linking": []}, {"id": 12, "text": " 13:48:03", "label": "others", "box": [575, 800, 676, 768], "linking": []}, {"id": 13, "text": " 0004", "label": "others", "box": [609, 678, 679, 645], "linking": []}, {"id": 14, "text": " 00000072", "label": "others", "box": [550, 719, 679, 687], "linking": []}, {"id": 15, "text": " Batch #:", "label": "others", "box": [141, 760, 282, 729], "linking": []}, {"id": 16, "text": "11/13/19", "label": "others", "box": [147, 800, 243, 767], "linking": []}, {"id": 17, "text": " Trans ID:", "label": "others", "box": [146, 843, 289, 809], "linking": []}, {"id": 18, "text": " Ship-to Postal/Zip:", "label": "others", "box": [149, 882, 413, 849], "linking": []}, {"id": 19, "text": " APPR CODE:", "label": "others", "box": [149, 916, 346, 885], "linking": []}, {"id": 20, "text": "AMEX", "label": "others", "box": [146, 951, 232, 921], "linking": []}, {"id": 21, "text": "*********** 1009", "label": "others", "box": [144, 990, 343, 958], "linking": []}, {"id": 22, "text": " 017", "label": "others", "box": [287, 760, 334, 729], "linking": []}, {"id": 23, "text": " RRN:", "label": "others", "box": [427, 760, 502, 728], "linking": []}, {"id": 24, "text": " 007548080043970", "label": "others", "box": [296, 842, 530, 808], "linking": []}, {"id": 25, "text": " 89119", "label": "others", "box": [419, 881, 490, 848], "linking": []}, {"id": 26, "text": " 820079", "label": "others", "box": [352, 915, 450, 885], "linking": []}, {"id": 27, "text": "Chip", "label": "others", "box": [615, 954, 680, 918], "linking": []}, {"id": 28, "text": "** / **", "label": "others", "box": [617, 977, 681, 955], "linking": []}, {"id": 29, "text": "AMOUNT", "label": "others", "box": [141, 1080, 347, 1041], "linking": []}, {"id": 30, "text": "$5.36", "label": "total amount", "box": [568, 1081, 683, 1038], "linking": []}, {"id": 31, "text": "APPROVED", "label": "others", "box": [331, 1162, 495, 1131], "linking": []}, {"id": 32, "text": "AMERICAN EXPRESS", "label": "others", "box": [129, 1256, 452, 1216], "linking": []}, {"id": 33, "text": " A000000025010801", "label": "others", "box": [207, 1295, 469, 1261], "linking": []}, {"id": 34, "text": " 00 00 00 80 00", "label": "others", "box": [218, 1338, 480, 1303], "linking": []}, {"id": 35, "text": " F8 00", "label": "others", "box": [196, 1385, 297, 1344], "linking": []}, {"id": 36, "text": " AID:", "label": "others", "box": [129, 1295, 201, 1263], "linking": []}, {"id": 37, "text": " TVR:", "label": "others", "box": [130, 1339, 211, 1304], "linking": []}, {"id": 38, "text": " TSI:", "label": "others", "box": [128, 1386, 188, 1344], "linking": []}, {"id": 39, "text": "THANK YOU!", "label": "others", "box": [311, 1471, 513, 1430], "linking": []}, {"id": 40, "text": "CUSTOMER COPY", "label": "others", "box": [266, 1565, 556, 1517], "linking": []}]