[{"id": 0, "text": "merchant name", "label": "others", "box": [196, 87, 394, 56], "linking": []}, {"id": 1, "text": "merchant address", "label": "others", "box": [60, 117, 532, 93], "linking": []}, {"id": 2, "text": "merchant address", "label": "others", "box": [150, 154, 312, 128], "linking": []}, {"id": 3, "text": "QC", "label": "others", "box": [413, 153, 453, 129], "linking": []}, {"id": 4, "text": "CARD", "label": "others", "box": [44, 235, 128, 209], "linking": []}, {"id": 5, "text": "CARD TYPE", "label": "others", "box": [41, 279, 229, 249], "linking": []}, {"id": 6, "text": "DATE", "label": "others", "box": [40, 324, 124, 294], "linking": []}, {"id": 7, "text": "TIME", "label": "others", "box": [42, 369, 123, 339], "linking": []}, {"id": 8, "text": "RECEIPT NUMBER", "label": "others", "box": [38, 418, 329, 386], "linking": []}, {"id": 9, "text": "C82022761-001-897-003-0", "label": "others", "box": [57, 465, 523, 431], "linking": []}, {"id": 10, "text": "*** * * * * * * * * 3008", "label": "others", "box": [234, 240, 532, 207], "linking": []}, {"id": 11, "text": "AMEX", "label": "others", "box": [451, 283, 533, 254], "linking": []}, {"id": 12, "text": "2019/ 11/ 13", "label": "others", "box": [332, 331, 528, 297], "linking": []}, {"id": 13, "text": " 9282 17:", "label": "others", "box": [271, 376, 427, 343], "linking": []}, {"id": 14, "text": " 12:", "label": "others", "box": [432, 377, 487, 345], "linking": []}, {"id": 15, "text": " 10", "label": "others", "box": [492, 377, 528, 346], "linking": []}, {"id": 16, "text": "PURCHASE", "label": "others", "box": [36, 555, 205, 524], "linking": []}, {"id": 17, "text": "AMOUNT", "label": "others", "box": [36, 601, 162, 571], "linking": []}, {"id": 18, "text": "TIP", "label": "others", "box": [37, 648, 99, 617], "linking": []}, {"id": 19, "text": "TOTAL", "label": "others", "box": [36, 693, 139, 662], "linking": []}, {"id": 20, "text": "$26.44", "label": "sub total", "box": [401, 599, 519, 569], "linking": []}, {"id": 21, "text": "$3.97", "label": "3 tip", "box": [421, 642, 517, 613], "linking": []}, {"id": 22, "text": "$30.41", "label": "total amount", "box": [284, 772, 516, 703], "linking": []}, {"id": 23, "text": "AMERICAN EXPRESS", "label": "others", "box": [32, 910, 357, 870], "linking": []}, {"id": 24, "text": "A000000025010801", "label": "others", "box": [32, 954, 356, 913], "linking": []}, {"id": 25, "text": "BE34C4EAF 68E0F35", "label": "others", "box": [32, 999, 353, 957], "linking": []}, {"id": 26, "text": "0000008000-E800", "label": "others", "box": [33, 1045, 333, 1002], "linking": []}, {"id": 27, "text": "398 15C2BDDF 5AOCO", "label": "others", "box": [31, 1090, 354, 1045], "linking": []}, {"id": 28, "text": "0000008000-F800", "label": "others", "box": [31, 1134, 331, 1091], "linking": []}]