[{"id": 0, "text": "hunch", "label": "others", "box": [121, 80, 268, 40], "linking": []}, {"id": 1, "text": "Thank You For Visiting the", "label": "others", "box": [118, 110, 322, 89], "linking": []}, {"id": 2, "text": "merchant name", "label": "others", "box": [147, 128, 299, 107], "linking": []}, {"id": 3, "text": "merchant address", "label": "others", "box": [145, 148, 299, 127], "linking": []}, {"id": 4, "text": "merchant address", "label": "others", "box": [161, 166, 277, 146], "linking": []}, {"id": 5, "text": "Culinary Theater", "label": "0 description beginning", "box": [58, 223, 187, 204], "linking": []}, {"id": 6, "text": "CAD", "label": "others", "box": [357, 208, 383, 192], "linking": []}, {"id": 7, "text": "7.25", "label": "5 total price per item", "box": [350, 228, 384, 212], "linking": []}, {"id": 8, "text": "Sub Total", "label": "others", "box": [239, 306, 312, 288], "linking": []}, {"id": 9, "text": "Tax Amount", "label": "others", "box": [239, 327, 323, 309], "linking": []}, {"id": 10, "text": "7.25", "label": "sub total", "box": [349, 308, 383, 291], "linking": []}, {"id": 11, "text": "0.94", "label": "2 tax total", "box": [349, 327, 383, 311], "linking": []}, {"id": 12, "text": "Total CAD", "label": "others", "box": [47, 397, 193, 368], "linking": []}, {"id": 13, "text": "8.19", "label": "total amount", "box": [317, 400, 382, 372], "linking": []}, {"id": 14, "text": "5000 Credit Card", "label": "others", "box": [48, 478, 178, 460], "linking": []}, {"id": 15, "text": "8.19", "label": "total amount", "box": [348, 477, 382, 461], "linking": []}, {"id": 16, "text": " 10/25/2019 12:48 PM #:15222 Op:5024 C:121", "label": "others", "box": [48, 540, 379, 522], "linking": []}, {"id": 17, "text": " 101 S:1211", "label": "others", "box": [48, 561, 127, 543], "linking": []}, {"id": 18, "text": " Served you", "label": "others", "box": [46, 582, 130, 565], "linking": []}, {"id": 19, "text": " : Kathy Sun", "label": "others", "box": [134, 582, 225, 564], "linking": []}, {"id": 20, "text": "Global Rewards Points", "label": "others", "box": [49, 622, 217, 605], "linking": []}, {"id": 21, "text": " Previous Balance:", "label": "others", "box": [48, 643, 190, 625], "linking": []}, {"id": 22, "text": " Accrued (new):", "label": "others", "box": [47, 664, 157, 646], "linking": []}, {"id": 23, "text": " Redeemed (used)", "label": "others", "box": [45, 685, 161, 666], "linking": []}, {"id": 24, "text": " New Balance:", "label": "others", "box": [42, 706, 141, 688], "linking": []}, {"id": 25, "text": " 262", "label": "others", "box": [198, 643, 224, 626], "linking": []}, {"id": 26, "text": "21", "label": "others", "box": [197, 662, 213, 647], "linking": []}, {"id": 27, "text": "O", "label": "others", "box": [198, 682, 206, 668], "linking": []}, {"id": 28, "text": "283", "label": "others", "box": [196, 704, 223, 687], "linking": []}, {"id": 29, "text": " :", "label": "others", "box": [164, 685, 174, 668], "linking": []}, {"id": 30, "text": "GST# 88778 3355 RT0001", "label": "others", "box": [121, 747, 301, 725], "linking": []}]