[{"id": 0, "text": " #", "label": "others", "box": [134, 54, 142, 27], "linking": []}, {"id": 1, "text": " 46", "label": "others", "box": [147, 58, 183, 27], "linking": []}, {"id": 2, "text": " KB/S LTEO", "label": "others", "box": [241, 63, 325, 34], "linking": []}, {"id": 3, "text": " 13:23 il", "label": "others", "box": [47, 64, 201, 31], "linking": []}, {"id": 4, "text": "BOX", "label": "others", "box": [380, 52, 410, 38], "linking": []}, {"id": 5, "text": "94", "label": "others", "box": [985, 56, 1014, 37], "linking": []}, {"id": 6, "text": "ORDER DETAILS", "label": "others", "box": [133, 161, 419, 126], "linking": []}, {"id": 7, "text": "HELP", "label": "others", "box": [974, 155, 1041, 128], "linking": []}, {"id": 8, "text": "Order #FCCOFS", "label": "others", "box": [28, 289, 308, 254], "linking": []}, {"id": 9, "text": " DELIVERED on 26 Nov, 2019 @ 09:23 PM", "label": "others", "box": [29, 355, 640, 320], "linking": []}, {"id": 10, "text": " Work", "label": "others", "box": [131, 485, 226, 451], "linking": []}, {"id": 11, "text": "Phase 2 Mwtro Station", "label": "others", "box": [131, 528, 467, 495], "linking": []}, {"id": 12, "text": "Building Number 5, Gali Number 1, DLF Cyber City, DLF Phase", "label": "others", "box": [131, 573, 1051, 536], "linking": []}, {"id": 13, "text": "2, Sector 24, Gurugram, Haryana 122002, India", "label": "others", "box": [127, 616, 828, 581], "linking": []}, {"id": 14, "text": " |", "label": "others", "box": [248, 486, 280, 451], "linking": []}, {"id": 15, "text": " Epitome Tower ... Tower c", "label": "others", "box": [294, 486, 694, 451], "linking": []}, {"id": 16, "text": "ITEM DETAILS", "label": "others", "box": [41, 734, 271, 701], "linking": []}, {"id": 17, "text": "Spicy Paneer Meal - [ALLIN1]", "label": "0 description beginning", "box": [39, 815, 496, 774], "linking": []}, {"id": 18, "text": "Chocolate Brownie (EGG), Rajma, Paratha + Rice [Half]", "label": "1 description inside", "box": [41, 852, 744, 820], "linking": []}, {"id": 19, "text": " X", "label": "others", "box": [797, 811, 830, 776], "linking": []}, {"id": 20, "text": " 12", "label": "others", "box": [837, 811, 879, 776], "linking": []}, {"id": 21, "text": "\u4e4f 2796", "label": "5 total price per item", "box": [934, 808, 1042, 776], "linking": []}, {"id": 22, "text": "12 Items", "label": "others", "box": [41, 944, 178, 912], "linking": []}, {"id": 23, "text": "SUB TOTAL \u20b9 2796", "label": "sub total", "box": [756, 942, 1042, 911], "linking": []}, {"id": 24, "text": "DISCOUNT (PRO8PASS)", "label": "others", "box": [41, 1040, 386, 1005], "linking": []}, {"id": 25, "text": "\u20b9 300.0", "label": "others", "box": [932, 1037, 1042, 1005], "linking": []}, {"id": 26, "text": "CGST@2.5%", "label": "others", "box": [40, 1121, 224, 1088], "linking": []}, {"id": 27, "text": "\u20b9 62.65", "label": "2 tax total", "box": [931, 1119, 1040, 1087], "linking": []}, {"id": 28, "text": "PACKAGING CHARGE", "label": "others", "box": [41, 1203, 354, 1171], "linking": []}, {"id": 29, "text": "\u4e4f 10.0", "label": "others", "box": [948, 1201, 1039, 1172], "linking": []}, {"id": 30, "text": "SGST@2.5%", "label": "others", "box": [39, 1287, 220, 1254], "linking": []}, {"id": 31, "text": "\u4e4f 62.65", "label": "2 tax total", "box": [929, 1286, 1040, 1253], "linking": []}, {"id": 32, "text": "TOTAL", "label": "others", "box": [39, 1382, 146, 1349], "linking": []}, {"id": 33, "text": "\u20b9 2631", "label": "total amount", "box": [933, 1382, 1037, 1350], "linking": []}, {"id": 34, "text": " Paid Via", "label": "others", "box": [28, 1513, 165, 1479], "linking": []}, {"id": 35, "text": " Paytm", "label": "others", "box": [181, 1515, 276, 1479], "linking": []}, {"id": 36, "text": "INVOICE", "label": "others", "box": [917, 1499, 1053, 1467], "linking": []}, {"id": 37, "text": "\u20b9200", "label": "others", "box": [361, 1733, 390, 1719], "linking": []}, {"id": 38, "text": "Refer & Earn", "label": "others", "box": [519, 1831, 978, 1766], "linking": []}, {"id": 39, "text": "From each friend's 1st order.", "label": "others", "box": [574, 1863, 925, 1837], "linking": []}, {"id": 40, "text": "BOX 8", "label": "others", "box": [124, 1837, 207, 1793], "linking": []}, {"id": 41, "text": "200", "label": "others", "box": [431, 1824, 454, 1811], "linking": []}, {"id": 42, "text": "You Get", "label": "others", "box": [539, 1921, 663, 1890], "linking": []}, {"id": 43, "text": "200", "label": "others", "box": [530, 1989, 673, 1933], "linking": []}, {"id": 44, "text": "BOX8 MONEY", "label": "others", "box": [544, 2012, 670, 1991], "linking": []}, {"id": 45, "text": "Your Friend Gets", "label": "others", "box": [755, 1920, 1013, 1890], "linking": []}, {"id": 46, "text": "\u20b9150 OFF", "label": "others", "box": [821, 1954, 947, 1928], "linking": []}, {"id": 47, "text": "+", "label": "others", "box": [876, 1974, 904, 1957], "linking": []}, {"id": 48, "text": "\u20b9 150 BOX8MONEY", "label": "others", "box": [799, 1999, 969, 1972], "linking": []}, {"id": 49, "text": " : \u20b9 300", "label": "others", "box": [897, 2025, 954, 2005], "linking": []}, {"id": 50, "text": " :200", "label": "others", "box": [446, 1942, 467, 1927], "linking": []}, {"id": 51, "text": " Min order", "label": "others", "box": [814, 2025, 894, 2006], "linking": []}, {"id": 52, "text": "200", "label": "others", "box": [414, 2059, 429, 2042], "linking": []}, {"id": 53, "text": "EEE", "label": "others", "box": [320, 2195, 334, 2151], "linking": []}, {"id": 54, "text": " .:::::::::", "label": "others", "box": [996, 2195, 1011, 2160], "linking": []}, {"id": 55, "text": "REORDER", "label": "others", "box": [454, 2297, 627, 2262], "linking": []}]