[{"id": 0, "text": "merchant name", "label": "others", "box": [470, 842, 719, 774], "linking": []}, {"id": 1, "text": "merchant name", "label": "others", "box": [423, 900, 751, 843], "linking": []}, {"id": 2, "text": "merchant address", "label": "others", "box": [293, 998, 876, 923], "linking": []}, {"id": 3, "text": "merchant phone", "label": "others", "box": [419, 1081, 822, 1018], "linking": []}, {"id": 4, "text": " Fax:", "label": "others", "box": [396, 1130, 468, 1083], "linking": []}, {"id": 5, "text": "merchant name", "label": "others", "box": [1531, 841, 1973, 790], "linking": []}, {"id": 6, "text": "merchant address", "label": "others", "box": [1629, 888, 1888, 845], "linking": []}, {"id": 7, "text": "merchant address", "label": "others", "box": [1550, 939, 1928, 893], "linking": []}, {"id": 8, "text": "merchant phone", "label": "others", "box": [1622, 991, 1890, 945], "linking": []}, {"id": 9, "text": "merchant address", "label": "others", "box": [440, 942, 738, 888], "linking": []}, {"id": 10, "text": "merchant address", "label": "others", "box": [396, 1036, 769, 976], "linking": []}, {"id": 11, "text": " Tel:", "label": "others", "box": [356, 1083, 412, 1038], "linking": []}, {"id": 12, "text": " Terminal ID:", "label": "others", "box": [1400, 1074, 1675, 1028], "linking": []}, {"id": 13, "text": " ***** 611", "label": "others", "box": [1682, 1076, 1863, 1038], "linking": []}, {"id": 14, "text": " (212) 227-8655", "label": "others", "box": [474, 1127, 771, 1067], "linking": []}, {"id": 15, "text": "Dine In", "label": "others", "box": [480, 1197, 670, 1136], "linking": []}, {"id": 16, "text": " 11-23-2019 Time:", "label": "others", "box": [248, 1262, 577, 1199], "linking": []}, {"id": 17, "text": " BOSS", "label": "others", "box": [274, 1333, 383, 1287], "linking": []}, {"id": 18, "text": " 4 ..", "label": "others", "box": [308, 1403, 390, 1347], "linking": []}, {"id": 19, "text": " : 1", "label": "others", "box": [369, 1453, 419, 1405], "linking": []}, {"id": 20, "text": "*** 3", "label": "others", "box": [2015, 1081, 2106, 1051], "linking": []}, {"id": 21, "text": "11/23/19", "label": "others", "box": [1399, 1160, 1575, 1118], "linking": []}, {"id": 22, "text": "# 30", "label": "others", "box": [916, 1231, 1038, 1175], "linking": []}, {"id": 23, "text": " 10:06 PM", "label": "others", "box": [1935, 1174, 2112, 1133], "linking": []}, {"id": 24, "text": "AMERICAN EXPRESS - INSERT", "label": "others", "box": [1397, 1258, 1950, 1204], "linking": []}, {"id": 25, "text": " ACCT #:", "label": "others", "box": [1394, 1339, 1559, 1295], "linking": []}, {"id": 26, "text": " Date:", "label": "others", "box": [142, 1267, 241, 1216], "linking": []}, {"id": 27, "text": " Server:", "label": "others", "box": [137, 1339, 268, 1291], "linking": []}, {"id": 28, "text": " TAB#:", "label": "others", "box": [143, 1406, 299, 1348], "linking": []}, {"id": 29, "text": " No. of Guest", "label": "others", "box": [137, 1458, 362, 1408], "linking": []}, {"id": 30, "text": " Onion Naan", "label": "0 description beginning", "box": [272, 1545, 510, 1495], "linking": []}, {"id": 31, "text": " Pickle", "label": "0 description beginning", "box": [267, 1618, 386, 1568], "linking": []}, {"id": 32, "text": " Plain Yogurt", "label": "0 description beginning", "box": [264, 1695, 514, 1638], "linking": []}, {"id": 33, "text": " Mango Lassi", "label": "0 description beginning", "box": [259, 1771, 519, 1708], "linking": []}, {"id": 34, "text": " 10:38PM", "label": "others", "box": [584, 1247, 746, 1191], "linking": []}, {"id": 35, "text": " AID:", "label": "others", "box": [1396, 1294, 1496, 1252], "linking": []}, {"id": 36, "text": " A000000025010801", "label": "others", "box": [1501, 1301, 1865, 1253], "linking": []}, {"id": 37, "text": " *********** 1006", "label": "others", "box": [1567, 1349, 1913, 1302], "linking": []}, {"id": 38, "text": "CREDIT SALE", "label": "others", "box": [1391, 1438, 1644, 1386], "linking": []}, {"id": 39, "text": " UID:", "label": "others", "box": [1391, 1488, 1489, 1440], "linking": []}, {"id": 40, "text": " BATCH #:", "label": "others", "box": [1389, 1539, 1587, 1493], "linking": []}, {"id": 41, "text": " 932717352924", "label": "others", "box": [1498, 1496, 1780, 1443], "linking": []}, {"id": 42, "text": " 199", "label": "others", "box": [1595, 1540, 1659, 1498], "linking": []}, {"id": 43, "text": " 1", "label": "e quantity", "box": [230, 1545, 266, 1500], "linking": []}, {"id": 44, "text": " 1", "label": "e quantity", "box": [231, 1619, 259, 1569], "linking": []}, {"id": 45, "text": " 1", "label": "e quantity", "box": [226, 1695, 254, 1642], "linking": []}, {"id": 46, "text": " 1", "label": "e quantity", "box": [222, 1771, 248, 1715], "linking": []}, {"id": 47, "text": "3.99", "label": "5 total price per item", "box": [982, 1510, 1066, 1468], "linking": []}, {"id": 48, "text": "3.99", "label": "5 total price per item", "box": [986, 1581, 1070, 1540], "linking": []}, {"id": 49, "text": " REF #:", "label": "others", "box": [1854, 1503, 2011, 1451], "linking": []}, {"id": 50, "text": " AUTH #:", "label": "others", "box": [1797, 1551, 1970, 1506], "linking": []}, {"id": 51, "text": " 4372", "label": "others", "box": [2018, 1507, 2121, 1457], "linking": []}, {"id": 52, "text": " 817439", "label": "others", "box": [1978, 1554, 2119, 1509], "linking": []}, {"id": 53, "text": "3.99", "label": "5 total price per item", "box": [981, 1656, 1068, 1614], "linking": []}, {"id": 54, "text": "AMOUNT", "label": "others", "box": [1384, 1632, 1533, 1586], "linking": []}, {"id": 55, "text": "$19.02", "label": "sub total", "box": [1981, 1655, 2123, 1604], "linking": []}, {"id": 56, "text": "5.50", "label": "5 total price per item", "box": [983, 1730, 1075, 1688], "linking": []}, {"id": 57, "text": " : 17.47", "label": "sub total", "box": [918, 1814, 1079, 1761], "linking": []}, {"id": 58, "text": " : 1.55", "label": "2 tax total", "box": [932, 1866, 1083, 1812], "linking": []}, {"id": 59, "text": " : 2.62", "label": "3 tip", "box": [926, 1919, 1080, 1869], "linking": []}, {"id": 60, "text": " : 21.64", "label": "total amount", "box": [841, 1991, 1077, 1922], "linking": []}, {"id": 61, "text": "TIP", "label": "others", "box": [1381, 1731, 1458, 1686], "linking": []}, {"id": 62, "text": "$2.62", "label": "3 tip", "box": [2002, 1757, 2131, 1706], "linking": []}, {"id": 63, "text": " Amount", "label": "others", "box": [767, 1820, 911, 1768], "linking": []}, {"id": 64, "text": " TAX(8.875%)", "label": "others", "box": [689, 1876, 922, 1818], "linking": []}, {"id": 65, "text": "TOTAL", "label": "others", "box": [1384, 1836, 1506, 1785], "linking": []}, {"id": 66, "text": "$21.64", "label": "total amount", "box": [1984, 1858, 2132, 1807], "linking": []}, {"id": 67, "text": " Gratis(15%)", "label": "others", "box": [711, 1926, 918, 1871], "linking": []}, {"id": 68, "text": " TOTAL", "label": "others", "box": [660, 1997, 830, 1930], "linking": []}, {"id": 69, "text": "Thank you very much.", "label": "others", "box": [314, 2124, 849, 2043], "linking": []}, {"id": 70, "text": "APPROVED", "label": "others", "box": [1567, 1955, 1944, 1894], "linking": []}, {"id": 71, "text": "ARQC - EE487B5C11B39466", "label": "others", "box": [1474, 2054, 2018, 1991], "linking": []}, {"id": 72, "text": "CUSTOMER COPY", "label": "others", "box": [1586, 2206, 1907, 2145], "linking": []}, {"id": 73, "text": "REDMI NOTE 5 PRO", "label": "others", "box": [507, 2872, 1005, 2786], "linking": []}, {"id": 74, "text": "MI DUAL CAMERA", "label": "others", "box": [500, 2943, 968, 2861], "linking": []}]