[{"id": 0, "text": "merchant name", "label": "others", "box": [370, 450, 1034, 308], "linking": []}, {"id": 1, "text": "merchant phone", "label": "others", "box": [594, 561, 841, 485], "linking": []}, {"id": 2, "text": " 22-Nov-2019 12:19:56P", "label": "others", "box": [253, 666, 751, 564], "linking": []}, {"id": 3, "text": "1", "label": "e quantity", "box": [245, 792, 291, 742], "linking": []}, {"id": 4, "text": "merchant address", "label": "others", "box": [514, 474, 871, 379], "linking": []}, {"id": 5, "text": "merchant address", "label": "others", "box": [872, 480, 908, 437], "linking": []}, {"id": 6, "text": "merchant address", "label": "others", "box": [554, 520, 876, 429], "linking": []}, {"id": 7, "text": " Sandra", "label": "others", "box": [441, 593, 602, 532], "linking": []}, {"id": 8, "text": " Cashier:", "label": "others", "box": [251, 574, 438, 509], "linking": []}, {"id": 9, "text": "Transaction 715107", "label": "others", "box": [244, 725, 677, 639], "linking": []}, {"id": 10, "text": "Mangos", "label": "0 description beginning", "box": [311, 817, 516, 750], "linking": []}, {"id": 11, "text": "Subtotal", "label": "others", "box": [241, 914, 443, 856], "linking": []}, {"id": 12, "text": "Tax", "label": "others", "box": [244, 961, 325, 913], "linking": []}, {"id": 13, "text": "$7.99", "label": "5 total price per item", "box": [1031, 859, 1136, 817], "linking": []}, {"id": 14, "text": "$7.99", "label": "sub total", "box": [1036, 952, 1139, 912], "linking": []}, {"id": 15, "text": "$0.56", "label": "2 tax total", "box": [1037, 1000, 1146, 961], "linking": []}, {"id": 16, "text": "Total", "label": "others", "box": [238, 1075, 359, 1028], "linking": []}, {"id": 17, "text": "Tip", "label": "others", "box": [237, 1141, 310, 1086], "linking": []}, {"id": 18, "text": "CREDIT CARD SALE", "label": "others", "box": [230, 1221, 677, 1173], "linking": []}, {"id": 19, "text": "AMEX 1005", "label": "others", "box": [231, 1280, 501, 1231], "linking": []}, {"id": 20, "text": " 22-Nov-2019 12:20:19P", "label": "others", "box": [231, 1369, 761, 1308], "linking": []}, {"id": 21, "text": " $10.55 | Method:", "label": "total amount", "box": [228, 1428, 610, 1369], "linking": []}, {"id": 22, "text": "$8.55", "label": "total amount", "box": [1045, 1097, 1152, 1055], "linking": []}, {"id": 23, "text": "$2.00", "label": "3 tip", "box": [1048, 1147, 1157, 1106], "linking": []}, {"id": 24, "text": "$10.55", "label": "others", "box": [1032, 1222, 1164, 1177], "linking": []}, {"id": 25, "text": " EMV", "label": "others", "box": [619, 1416, 725, 1364], "linking": []}, {"id": 26, "text": "AMERICAN EXPRESS XXXXXXXXXXXX1005", "label": "others", "box": [225, 1488, 1146, 1407], "linking": []}, {"id": 27, "text": " 864108", "label": "others", "box": [892, 1577, 1051, 1521], "linking": []}, {"id": 28, "text": " Ref #:", "label": "others", "box": [221, 1613, 357, 1557], "linking": []}, {"id": 29, "text": " MID:", "label": "others", "box": [217, 1679, 331, 1624], "linking": []}, {"id": 30, "text": " AID:", "label": "others", "box": [216, 1740, 321, 1684], "linking": []}, {"id": 31, "text": "SIGNATURE VERIFIED", "label": "others", "box": [217, 1863, 728, 1774], "linking": []}, {"id": 32, "text": " 932600871250 | Auth #:", "label": "others", "box": [365, 1606, 884, 1530], "linking": []}, {"id": 33, "text": " A000000025010801", "label": "others", "box": [329, 1732, 791, 1652], "linking": []}, {"id": 34, "text": " AthNtwkNm:", "label": "others", "box": [212, 1802, 519, 1733], "linking": []}, {"id": 35, "text": " ******** 8884", "label": "others", "box": [339, 1666, 640, 1603], "linking": []}, {"id": 36, "text": " AMEX", "label": "others", "box": [526, 1779, 671, 1722], "linking": []}, {"id": 37, "text": "Order BNYW8P1R39PAO", "label": "others", "box": [217, 2056, 774, 1964], "linking": []}]