[{"id": 0, "text": "merchant name", "label": "others", "box": [213, 83, 257, 64], "linking": []}, {"id": 1, "text": "merchant address", "label": "others", "box": [170, 106, 297, 87], "linking": []}, {"id": 2, "text": "merchant address", "label": "others", "box": [124, 128, 342, 108], "linking": []}, {"id": 3, "text": "merchant phone", "label": "others", "box": [181, 149, 284, 130], "linking": []}, {"id": 4, "text": " https://sini.mycloveronline.com", "label": "others", "box": [107, 176, 358, 151], "linking": []}, {"id": 5, "text": " ORDER:", "label": "others", "box": [169, 225, 264, 196], "linking": []}, {"id": 6, "text": "DIne-In", "label": "others", "box": [180, 259, 271, 233], "linking": []}, {"id": 7, "text": " 3", "label": "others", "box": [269, 224, 288, 196], "linking": []}, {"id": 8, "text": " Cashier:", "label": "others", "box": [48, 286, 110, 266], "linking": []}, {"id": 9, "text": " 12-Nov-2019 1:17:42P", "label": "others", "box": [47, 307, 226, 288], "linking": []}, {"id": 10, "text": "Transaction 043991", "label": "others", "box": [46, 335, 200, 315], "linking": []}, {"id": 11, "text": " Luis F.", "label": "others", "box": [113, 286, 166, 267], "linking": []}, {"id": 12, "text": "1", "label": "e quantity", "box": [42, 375, 52, 362], "linking": []}, {"id": 13, "text": "Falafel w/ Hummus Plate+", "label": "0 description beginning", "box": [66, 378, 278, 355], "linking": []}, {"id": 14, "text": "Pita", "label": "1 description inside", "box": [70, 400, 104, 382], "linking": []}, {"id": 15, "text": "$11.90", "label": "5 total price per item", "box": [344, 372, 403, 354], "linking": []}, {"id": 16, "text": "Subtotal", "label": "others", "box": [40, 443, 108, 424], "linking": []}, {"id": 17, "text": "Tax", "label": "others", "box": [40, 464, 68, 447], "linking": []}, {"id": 18, "text": "$11.90", "label": "sub total", "box": [341, 438, 401, 418], "linking": []}, {"id": 19, "text": "$1.01", "label": "2 tax total", "box": [351, 460, 397, 441], "linking": []}, {"id": 20, "text": "Total", "label": "others", "box": [38, 508, 77, 491], "linking": []}, {"id": 21, "text": "$12.91", "label": "total amount", "box": [339, 504, 395, 485], "linking": []}, {"id": 22, "text": "$12.91", "label": "total amount", "box": [337, 536, 394, 517], "linking": []}, {"id": 23, "text": "CREDIT CARD AUTH", "label": "others", "box": [36, 539, 195, 521], "linking": []}, {"id": 24, "text": "AMEX 1000", "label": "others", "box": [34, 561, 126, 544], "linking": []}, {"id": 25, "text": " 12-Nov-2019 1:17:52P", "label": "others", "box": [35, 593, 211, 574], "linking": []}, {"id": 26, "text": " SWIPED", "label": "others", "box": [168, 614, 233, 595], "linking": []}, {"id": 27, "text": "AMEX XXXXXXXXXXXX1000", "label": "others", "box": [32, 636, 258, 616], "linking": []}, {"id": 28, "text": " 931600633000 | Auth #:", "label": "others", "box": [77, 680, 266, 661], "linking": []}, {"id": 29, "text": " ******** 9995", "label": "others", "box": [69, 702, 171, 684], "linking": []}, {"id": 30, "text": " AthNtwkNm:", "label": "others", "box": [28, 725, 126, 707], "linking": []}, {"id": 31, "text": "SIGNATURE VERIFIED", "label": "others", "box": [26, 746, 199, 727], "linking": []}, {"id": 32, "text": " $12.91 | Method:", "label": "others", "box": [34, 615, 164, 596], "linking": []}, {"id": 33, "text": " Ref #:", "label": "others", "box": [30, 680, 73, 662], "linking": []}, {"id": 34, "text": " 526730", "label": "others", "box": [269, 680, 335, 661], "linking": []}, {"id": 35, "text": " MID:", "label": "others", "box": [29, 702, 66, 685], "linking": []}, {"id": 36, "text": " AMEX", "label": "others", "box": [129, 724, 180, 707], "linking": []}, {"id": 37, "text": "How are we doing?", "label": "others", "box": [130, 816, 280, 795], "linking": []}, {"id": 38, "text": "Text \"hepuq3\" to 73752", "label": "others", "box": [111, 838, 299, 817], "linking": []}, {"id": 39, "text": "to send us your feedback", "label": "others", "box": [103, 861, 306, 841], "linking": []}, {"id": 40, "text": " Online:", "label": "others", "box": [90, 976, 143, 954], "linking": []}, {"id": 41, "text": "p/67PN7FQ0QWN8C", "label": "others", "box": [115, 999, 285, 979], "linking": []}, {"id": 42, "text": " https://clover.com/", "label": "others", "box": [147, 977, 309, 955], "linking": []}, {"id": 43, "text": "67PN7FQ0QWN8C", "label": "others", "box": [123, 1084, 275, 1063], "linking": []}, {"id": 44, "text": "Order RQAH9A0E2D9A8", "label": "others", "box": [13, 1137, 207, 1116], "linking": []}]