[{"id": 0, "text": "merchant name", "label": "others", "box": [45, 154, 306, 128], "linking": []}, {"id": 1, "text": "merchant name", "label": "others", "box": [309, 148, 368, 124], "linking": []}, {"id": 2, "text": "www.wildflowerbread.com", "label": "others", "box": [107, 175, 308, 151], "linking": []}, {"id": 3, "text": "11/13/2013", "label": "others", "box": [307, 213, 396, 190], "linking": []}, {"id": 4, "text": " 12:47 PM", "label": "others", "box": [326, 234, 398, 213], "linking": []}, {"id": 5, "text": " Server:", "label": "others", "box": [28, 214, 95, 195], "linking": []}, {"id": 6, "text": "RR 354/1", "label": "others", "box": [26, 233, 103, 214], "linking": []}, {"id": 7, "text": " Guests:", "label": "others", "box": [28, 255, 98, 236], "linking": []}, {"id": 8, "text": " REG2 016", "label": "others", "box": [98, 217, 173, 195], "linking": []}, {"id": 9, "text": " 1", "label": "others", "box": [101, 255, 113, 236], "linking": []}, {"id": 10, "text": "#20353", "label": "others", "box": [286, 282, 396, 255], "linking": []}, {"id": 11, "text": " Reprint #:", "label": "others", "box": [29, 300, 124, 280], "linking": []}, {"id": 12, "text": " Orcer Type:", "label": "others", "box": [31, 321, 137, 301], "linking": []}, {"id": 13, "text": " 2", "label": "others", "box": [128, 300, 140, 281], "linking": []}, {"id": 14, "text": " TG", "label": "others", "box": [145, 322, 166, 303], "linking": []}, {"id": 15, "text": " Naked", "label": "0 description beginning", "box": [31, 363, 80, 344], "linking": []}, {"id": 16, "text": "Chips", "label": "1 description inside", "box": [31, 383, 79, 365], "linking": []}, {"id": 17, "text": "Chcc & Custard", "label": "0 description beginning", "box": [31, 406, 158, 386], "linking": []}, {"id": 18, "text": "Airport Bagels", "label": "0 description beginning", "box": [30, 428, 159, 409], "linking": []}, {"id": 19, "text": "Cinnamon Bagel", "label": "1 description inside", "box": [48, 451, 174, 431], "linking": []}, {"id": 20, "text": "add plain co", "label": "1 description inside", "box": [67, 472, 177, 453], "linking": []}, {"id": 21, "text": " -", "label": "0 description beginning", "box": [83, 362, 97, 344], "linking": []}, {"id": 22, "text": " Blue", "label": "0 description beginning", "box": [101, 363, 140, 344], "linking": []}, {"id": 23, "text": "4 ., 23", "label": "5 total price per item", "box": [360, 363, 400, 346], "linking": []}, {"id": 24, "text": "1.99", "label": "5 total price per item", "box": [363, 385, 399, 367], "linking": []}, {"id": 25, "text": "2.99", "label": "5 total price per item", "box": [362, 408, 400, 388], "linking": []}, {"id": 26, "text": "0.00", "label": "5 total price per item", "box": [362, 429, 399, 410], "linking": []}, {"id": 27, "text": "1.63", "label": "5 total price per item", "box": [365, 451, 400, 433], "linking": []}, {"id": 28, "text": "1.30", "label": "5 total price per item", "box": [364, 474, 402, 455], "linking": []}, {"id": 29, "text": "Subtotal", "label": "others", "box": [32, 514, 105, 495], "linking": []}, {"id": 30, "text": "Tax", "label": "others", "box": [33, 535, 60, 520], "linking": []}, {"id": 31, "text": "12.25", "label": "sub total", "box": [354, 518, 401, 495], "linking": []}, {"id": 32, "text": "1.05", "label": "2 tax total", "box": [363, 539, 401, 519], "linking": []}, {"id": 33, "text": "Total", "label": "others", "box": [31, 580, 76, 562], "linking": []}, {"id": 34, "text": "13.31", "label": "total amount", "box": [355, 584, 399, 561], "linking": []}, {"id": 35, "text": "AMEX #XXXXXXXXXXX5002", "label": "others", "box": [31, 627, 220, 603], "linking": []}, {"id": 36, "text": " Auth:509493", "label": "others", "box": [47, 650, 151, 629], "linking": []}, {"id": 37, "text": "13.3", "label": "others", "box": [356, 630, 394, 606], "linking": []}, {"id": 38, "text": "Operated by TLB Hospitality LLC", "label": "others", "box": [72, 810, 351, 780], "linking": []}, {"id": 39, "text": "guestservice@wildflowerbread.com", "label": "others", "box": [71, 857, 361, 827], "linking": []}, {"id": 40, "text": " General Manager:", "label": "others", "box": [71, 896, 217, 875], "linking": []}, {"id": 41, "text": "merchant phone", "label": "others", "box": [160, 919, 271, 895], "linking": []}, {"id": 42, "text": " Feedback welcome via:", "label": "others", "box": [117, 833, 305, 803], "linking": []}, {"id": 43, "text": "www.wildflowerbread.com/contact", "label": "others", "box": [72, 877, 349, 851], "linking": []}, {"id": 44, "text": " Sal DiGiovanni", "label": "others", "box": [221, 896, 344, 875], "linking": []}, {"id": 45, "text": "Check Closed", "label": "others", "box": [158, 963, 271, 940], "linking": []}]