[{"id": 0, "text": "U", "label": "others", "box": [198, 33, 237, 0], "linking": []}, {"id": 1, "text": "merchant name", "label": "others", "box": [49, 151, 373, 123], "linking": []}, {"id": 2, "text": "merchant address", "label": "others", "box": [131, 173, 288, 149], "linking": []}, {"id": 3, "text": "merchant address", "label": "others", "box": [77, 196, 286, 172], "linking": []}, {"id": 4, "text": "merchant address", "label": "others", "box": [93, 219, 329, 194], "linking": []}, {"id": 5, "text": " Served by:", "label": "others", "box": [53, 246, 154, 221], "linking": []}, {"id": 6, "text": "merchant address", "label": "others", "box": [290, 193, 343, 172], "linking": []}, {"id": 7, "text": " 3 23/09/2019 20:22:13", "label": "others", "box": [159, 243, 370, 215], "linking": []}, {"id": 8, "text": "S", "label": "others", "box": [45, 329, 107, 265], "linking": []}, {"id": 9, "text": "Qty Size Item", "label": "others", "box": [6, 395, 134, 369], "linking": []}, {"id": 10, "text": "6\" ChatpataChanaPatty 15cm 132.00", "label": "0 description beginning", "box": [65, 439, 383, 412], "linking": []}, {"id": 11, "text": " PaneerTikka 15cm", "label": "0 description beginning", "box": [92, 463, 249, 441], "linking": []}, {"id": 12, "text": "Term ID-Trans# 1/A-45428", "label": "others", "box": [94, 269, 329, 240], "linking": []}, {"id": 13, "text": " 06AAUFA2162PIZY", "label": "others", "box": [158, 318, 309, 290], "linking": []}, {"id": 14, "text": " CIN:", "label": "others", "box": [185, 339, 224, 320], "linking": []}, {"id": 15, "text": " GST:", "label": "others", "box": [112, 319, 153, 294], "linking": []}, {"id": 16, "text": "Price", "label": "others", "box": [343, 385, 393, 362], "linking": []}, {"id": 17, "text": " 6\"", "label": "0 description beginning", "box": [63, 463, 89, 443], "linking": []}, {"id": 18, "text": "145.00", "label": "5 total price per item", "box": [326, 456, 384, 436], "linking": []}, {"id": 19, "text": "6\" Mexican Bean Patty 15cm 132.00", "label": "0 description beginning", "box": [63, 487, 384, 460], "linking": []}, {"id": 20, "text": "6\" B.M.T. 15cm", "label": "0 description beginning", "box": [61, 513, 203, 487], "linking": []}, {"id": 21, "text": "6\" Chicken Slice 15cm", "label": "0 description beginning", "box": [64, 535, 270, 512], "linking": []}, {"id": 22, "text": "e WA", "label": "others", "box": [104, 612, 321, 550], "linking": []}, {"id": 23, "text": "Total (Eat In)", "label": "others", "box": [13, 651, 144, 630], "linking": []}, {"id": 24, "text": "Amex", "label": "others", "box": [12, 674, 53, 657], "linking": []}, {"id": 25, "text": "Change", "label": "others", "box": [7, 700, 69, 677], "linking": []}, {"id": 26, "text": " We love to LISTEN !! Please", "label": "others", "box": [7, 724, 263, 699], "linking": []}, {"id": 27, "text": " how we did today by taking our", "label": "others", "box": [4, 749, 303, 723], "linking": []}, {"id": 28, "text": "survey at www.global.subway.com", "label": "others", "box": [3, 775, 307, 749], "linking": []}, {"id": 29, "text": "174.00", "label": "5 total price per item", "box": [327, 505, 384, 484], "linking": []}, {"id": 30, "text": "162.00", "label": "5 total price per item", "box": [327, 530, 384, 508], "linking": []}, {"id": 31, "text": "Sub Total", "label": "others", "box": [10, 582, 97, 562], "linking": []}, {"id": 32, "text": "S GST 2.5% (2.5%).", "label": "others", "box": [9, 606, 182, 583], "linking": []}, {"id": 33, "text": "C GST 2.5% (2.5%)", "label": "others", "box": [12, 628, 184, 606], "linking": []}, {"id": 34, "text": "709.52", "label": "sub total", "box": [324, 576, 385, 555], "linking": []}, {"id": 35, "text": "17.74", "label": "2 tax total", "box": [335, 600, 385, 577], "linking": []}, {"id": 36, "text": "17.74", "label": "2 tax total", "box": [335, 623, 385, 601], "linking": []}, {"id": 37, "text": "745.00", "label": "total amount", "box": [325, 643, 383, 625], "linking": []}, {"id": 38, "text": "745.00", "label": "others", "box": [324, 668, 384, 648], "linking": []}, {"id": 39, "text": "0.00", "label": "others", "box": [343, 692, 384, 673], "linking": []}, {"id": 40, "text": " us know", "label": "others", "box": [303, 720, 376, 698], "linking": []}, {"id": 41, "text": " 1", "label": "others", "box": [307, 746, 319, 723], "linking": []}, {"id": 42, "text": " let", "label": "others", "box": [267, 721, 299, 698], "linking": []}, {"id": 43, "text": " minute", "label": "others", "box": [322, 745, 387, 723], "linking": []}]