[{"id": 0, "text": "Starbucks Doubleshot", "label": "0 description beginning", "box": [22, 47, 190, 27], "linking": []}, {"id": 1, "text": " 6.88/1b", "label": "1 description inside", "box": [121, 68, 183, 48], "linking": []}, {"id": 2, "text": " Weighe", "label": "1 description inside", "box": [138, 89, 192, 69], "linking": []}, {"id": 3, "text": "USD", "label": "others", "box": [334, 25, 360, 7], "linking": []}, {"id": 4, "text": "3.46", "label": "5 total price per item", "box": [326, 45, 361, 27], "linking": []}, {"id": 5, "text": " 1.08", "label": "1 description inside", "box": [24, 68, 61, 50], "linking": []}, {"id": 6, "text": " PHX Salad Bar", "label": "0 description beginning", "box": [23, 89, 134, 70], "linking": []}, {"id": 7, "text": " lb \u00d7", "label": "1 description inside", "box": [64, 68, 102, 49], "linking": []}, {"id": 8, "text": " $", "label": "1 description inside", "box": [105, 68, 118, 49], "linking": []}, {"id": 9, "text": "7.43", "label": "5 total price per item", "box": [329, 87, 363, 68], "linking": []}, {"id": 10, "text": "Sub Total", "label": "others", "box": [213, 128, 291, 110], "linking": []}, {"id": 11, "text": " Amount", "label": "others", "box": [246, 151, 302, 132], "linking": []}, {"id": 12, "text": "10.89", "label": "sub total", "box": [323, 129, 364, 111], "linking": []}, {"id": 13, "text": "0.94", "label": "2 tax total", "box": [329, 150, 366, 131], "linking": []}, {"id": 14, "text": " Tax", "label": "others", "box": [215, 151, 243, 133], "linking": []}, {"id": 15, "text": "Total USD", "label": "others", "box": [14, 243, 168, 204], "linking": []}, {"id": 16, "text": "11.83", "label": "total amount", "box": [285, 232, 363, 198], "linking": []}, {"id": 17, "text": "5009 AMERICAN EXPRESS", "label": "others", "box": [19, 334, 193, 309], "linking": []}, {"id": 18, "text": "11.83", "label": "others", "box": [324, 322, 365, 301], "linking": []}, {"id": 19, "text": "Tax", "label": "others", "box": [20, 402, 48, 384], "linking": []}, {"id": 20, "text": "() 8.60", "label": "others", "box": [23, 426, 80, 405], "linking": []}, {"id": 21, "text": "Taxable Amount Tax Amount", "label": "others", "box": [151, 400, 365, 372], "linking": []}, {"id": 22, "text": "10.89", "label": "sub total", "box": [226, 419, 266, 398], "linking": []}, {"id": 23, "text": "0.94", "label": "2 tax total", "box": [330, 414, 365, 395], "linking": []}, {"id": 24, "text": " 10/21/2019 12:35 PM #:41335 Op:8991 C:112", "label": "others", "box": [24, 494, 365, 464], "linking": []}, {"id": 25, "text": " 201 S:1122", "label": "others", "box": [24, 510, 106, 494], "linking": []}, {"id": 26, "text": " Served you", "label": "others", "box": [23, 527, 110, 510], "linking": []}, {"id": 27, "text": " : Cassandra Monje", "label": "others", "box": [113, 527, 253, 507], "linking": []}, {"id": 28, "text": "*** Customer copy", "label": "others", "box": [99, 601, 243, 582], "linking": []}, {"id": 29, "text": "AMEX AEDR (1)", "label": "others", "box": [135, 620, 245, 601], "linking": []}, {"id": 30, "text": "I agree to pay the above total amount", "label": "others", "box": [27, 643, 346, 621], "linking": []}, {"id": 31, "text": "according to card issuer", "label": "others", "box": [91, 665, 295, 644], "linking": []}, {"id": 32, "text": "agreement . (Merchant agreement if Credit", "label": "others", "box": [21, 689, 354, 667], "linking": []}, {"id": 33, "text": "Voucher)Retain this copy for your", "label": "others", "box": [49, 713, 328, 690], "linking": []}, {"id": 34, "text": "records.", "label": "others", "box": [160, 734, 226, 715], "linking": []}, {"id": 35, "text": "***", "label": "others", "box": [245, 591, 273, 580], "linking": []}, {"id": 36, "text": "PURCHASE / APPROVED", "label": "others", "box": [20, 780, 184, 759], "linking": []}, {"id": 37, "text": "AMERICAN EXPRESS", "label": "others", "box": [22, 803, 159, 782], "linking": []}, {"id": 38, "text": "*********** 1007", "label": "others", "box": [20, 826, 151, 806], "linking": []}, {"id": 39, "text": "CHIP READ /", "label": "others", "box": [19, 849, 116, 829], "linking": []}, {"id": 40, "text": " 2019/10/21 13:36:05", "label": "others", "box": [18, 897, 182, 874], "linking": []}, {"id": 41, "text": "TID", "label": "others", "box": [20, 918, 47, 900], "linking": []}, {"id": 42, "text": "MID", "label": "others", "box": [18, 942, 47, 923], "linking": []}, {"id": 43, "text": "REFERENCE", "label": "others", "box": [18, 967, 100, 945], "linking": []}, {"id": 44, "text": "AUTH CODE", "label": "others", "box": [19, 989, 98, 967], "linking": []}, {"id": 45, "text": "**** 6043", "label": "others", "box": [287, 915, 356, 896], "linking": []}, {"id": 46, "text": "6634460", "label": "others", "box": [297, 937, 356, 918], "linking": []}, {"id": 47, "text": "S1122T112201#41335@914354", "label": "others", "box": [146, 963, 356, 941], "linking": []}, {"id": 48, "text": "865087", "label": "others", "box": [304, 983, 355, 963], "linking": []}, {"id": 49, "text": "TOTAL", "label": "others", "box": [18, 1035, 62, 1015], "linking": []}, {"id": 50, "text": "USD11.83", "label": "others", "box": [287, 1027, 357, 1007], "linking": []}, {"id": 51, "text": " ARC:", "label": "others", "box": [18, 1083, 57, 1062], "linking": []}, {"id": 52, "text": " TSI:", "label": "others", "box": [18, 1106, 55, 1085], "linking": []}, {"id": 53, "text": " IAD:", "label": "others", "box": [18, 1129, 55, 1108], "linking": []}, {"id": 54, "text": " TVR:", "label": "others", "box": [20, 1152, 56, 1131], "linking": []}, {"id": 55, "text": " AID:", "label": "others", "box": [18, 1175, 56, 1154], "linking": []}, {"id": 56, "text": " PAN Seq No:", "label": "others", "box": [17, 1197, 115, 1176], "linking": []}, {"id": 57, "text": " 00", "label": "others", "box": [60, 1080, 81, 1061], "linking": []}, {"id": 58, "text": " F800", "label": "others", "box": [59, 1104, 99, 1083], "linking": []}, {"id": 59, "text": " 0660010360A002", "label": "others", "box": [59, 1127, 182, 1103], "linking": []}, {"id": 60, "text": " 0000008000", "label": "others", "box": [59, 1151, 150, 1128], "linking": []}, {"id": 61, "text": " A000000025010801", "label": "others", "box": [59, 1174, 200, 1149], "linking": []}, {"id": 62, "text": " 00", "label": "others", "box": [119, 1194, 141, 1175], "linking": []}]