[{"id": 0, "text": "merchant name", "label": "others", "box": [296, 265, 596, 199], "linking": []}, {"id": 1, "text": " At:", "label": "others", "box": [329, 315, 367, 282], "linking": []}, {"id": 2, "text": "merchant address", "label": "others", "box": [254, 308, 636, 236], "linking": []}, {"id": 3, "text": "11/16/2019", "label": "others", "box": [210, 351, 362, 307], "linking": []}, {"id": 4, "text": "==========", "label": "others", "box": [210, 383, 360, 351], "linking": []}, {"id": 5, "text": "Starbucks Casino_MGM", "label": "others", "box": [292, 447, 586, 387], "linking": []}, {"id": 6, "text": " Server:", "label": "others", "box": [209, 494, 316, 454], "linking": []}, {"id": 7, "text": "merchant address", "label": "others", "box": [368, 336, 562, 285], "linking": []}, {"id": 8, "text": " 13:52", "label": "others", "box": [610, 384, 682, 346], "linking": []}, {"id": 9, "text": "==========", "label": "others", "box": [547, 415, 680, 382], "linking": []}, {"id": 10, "text": " Check:", "label": "others", "box": [208, 456, 304, 418], "linking": []}, {"id": 11, "text": " 4189260", "label": "others", "box": [307, 465, 415, 425], "linking": []}, {"id": 12, "text": " Terminal:", "label": "others", "box": [211, 530, 345, 491], "linking": []}, {"id": 13, "text": "===============", "label": "others", "box": [211, 566, 424, 532], "linking": []}, {"id": 14, "text": " Regular", "label": "others", "box": [349, 597, 452, 570], "linking": []}, {"id": 15, "text": " Maria", "label": "others", "box": [320, 501, 400, 462], "linking": []}, {"id": 16, "text": " 418", "label": "others", "box": [349, 534, 399, 500], "linking": []}, {"id": 17, "text": " Guests:", "label": "others", "box": [489, 518, 594, 478], "linking": []}, {"id": 18, "text": " 1", "label": "others", "box": [599, 519, 615, 487], "linking": []}, {"id": 19, "text": "===============", "label": "others", "box": [458, 569, 667, 550], "linking": []}, {"id": 20, "text": " Check", "label": "others", "box": [456, 599, 531, 572], "linking": []}, {"id": 21, "text": "2 Whole Fruit", "label": "0 description beginning", "box": [293, 625, 475, 593], "linking": []}, {"id": 22, "text": " 2.49", "label": "5 total price per item", "box": [345, 648, 406, 623], "linking": []}, {"id": 23, "text": " Tomato", "label": "0 description beginning", "box": [316, 677, 409, 650], "linking": []}, {"id": 24, "text": " Evolution", "label": "0 description beginning", "box": [309, 707, 448, 676], "linking": []}, {"id": 25, "text": " @", "label": "others", "box": [315, 647, 340, 622], "linking": []}, {"id": 26, "text": "4.98", "label": "unit price", "box": [611, 623, 668, 599], "linking": []}, {"id": 27, "text": " 1", "label": "e quantity", "box": [289, 675, 313, 650], "linking": []}, {"id": 28, "text": " 1", "label": "e quantity", "box": [288, 703, 305, 675], "linking": []}, {"id": 29, "text": " Panini", "label": "0 description beginning", "box": [412, 679, 498, 652], "linking": []}, {"id": 30, "text": " Orange", "label": "0 description beginning", "box": [452, 711, 543, 682], "linking": []}, {"id": 31, "text": "Subtotal", "label": "others", "box": [336, 763, 455, 732], "linking": []}, {"id": 32, "text": "Tax", "label": "others", "box": [409, 793, 453, 768], "linking": []}, {"id": 33, "text": "Total", "label": "others", "box": [378, 824, 450, 795], "linking": []}, {"id": 34, "text": "8.95", "label": "5 total price per item", "box": [610, 681, 668, 655], "linking": []}, {"id": 35, "text": "6.50", "label": "5 total price per item", "box": [611, 709, 668, 682], "linking": []}, {"id": 36, "text": "20.43", "label": "sub total", "box": [564, 766, 641, 740], "linking": []}, {"id": 37, "text": "1.69", "label": "2 tax total", "box": [583, 796, 641, 768], "linking": []}, {"id": 38, "text": "22.12", "label": "total amount", "box": [566, 825, 640, 798], "linking": []}, {"id": 39, "text": "Amex EMV", "label": "others", "box": [176, 914, 299, 884], "linking": []}, {"id": 40, "text": "22.12", "label": "others", "box": [591, 907, 670, 879], "linking": []}, {"id": 41, "text": "AMERICAN EXPRESS", "label": "others", "box": [297, 980, 537, 945], "linking": []}, {"id": 42, "text": " Verified by PIN", "label": "others", "box": [278, 1017, 509, 982], "linking": []}, {"id": 43, "text": " Entry Mode:", "label": "others", "box": [207, 1055, 375, 1021], "linking": []}, {"id": 44, "text": " Auth Mode:", "label": "others", "box": [205, 1090, 365, 1057], "linking": []}, {"id": 45, "text": " A000000025010801", "label": "others", "box": [277, 1125, 524, 1091], "linking": []}, {"id": 46, "text": " 0000008000", "label": "others", "box": [276, 1160, 436, 1128], "linking": []}, {"id": 47, "text": " 066D0103642002", "label": "others", "box": [275, 1196, 496, 1163], "linking": []}, {"id": 48, "text": " F800", "label": "others", "box": [273, 1231, 342, 1199], "linking": []}, {"id": 49, "text": " 00", "label": "others", "box": [274, 1268, 311, 1236], "linking": []}, {"id": 50, "text": " XXXXXXXXXXX1009", "label": "others", "box": [204, 945, 432, 911], "linking": []}, {"id": 51, "text": " -", "label": "others", "box": [438, 942, 462, 911], "linking": []}, {"id": 52, "text": " CVM:", "label": "others", "box": [205, 1017, 273, 985], "linking": []}, {"id": 53, "text": " Chip", "label": "others", "box": [381, 1054, 451, 1021], "linking": []}, {"id": 54, "text": " Issuer", "label": "others", "box": [371, 1088, 463, 1057], "linking": []}, {"id": 55, "text": " AID:", "label": "others", "box": [204, 1126, 271, 1093], "linking": []}, {"id": 56, "text": " TVR:", "label": "others", "box": [204, 1160, 271, 1129], "linking": []}, {"id": 57, "text": " IAD:", "label": "others", "box": [200, 1196, 270, 1164], "linking": []}, {"id": 58, "text": " TSI:", "label": "others", "box": [200, 1232, 267, 1200], "linking": []}, {"id": 59, "text": " ARC:", "label": "others", "box": [198, 1268, 269, 1237], "linking": []}, {"id": 60, "text": "GRAND TOTAL", "label": "others", "box": [272, 1340, 449, 1306], "linking": []}, {"id": 61, "text": "22.12", "label": "total amount", "box": [588, 1339, 669, 1307], "linking": []}, {"id": 62, "text": "======", "label": "others", "box": [589, 1404, 688, 1386], "linking": []}, {"id": 63, "text": " T418 C442086 11/16/2019 13:53", "label": "others", "box": [152, 1452, 626, 1416], "linking": []}, {"id": 64, "text": "======", "label": "others", "box": [589, 1476, 692, 1457], "linking": []}, {"id": 65, "text": "===", "label": "others", "box": [146, 1479, 192, 1463], "linking": []}, {"id": 66, "text": "===", "label": "others", "box": [451, 1478, 493, 1463], "linking": []}, {"id": 67, "text": "Food", "label": "others", "box": [138, 1560, 210, 1525], "linking": []}, {"id": 68, "text": "N/A Beverage", "label": "others", "box": [136, 1604, 347, 1568], "linking": []}, {"id": 69, "text": "13.93", "label": "others", "box": [615, 1553, 698, 1517], "linking": []}, {"id": 70, "text": "6.50", "label": "others", "box": [626, 1597, 699, 1559], "linking": []}, {"id": 71, "text": "Visit our 2 other locations", "label": "others", "box": [188, 1687, 653, 1644], "linking": []}, {"id": 72, "text": "Lobby open 24 Hours", "label": "others", "box": [259, 1730, 585, 1688], "linking": []}, {"id": 73, "text": "& Casino open 24 Hours.", "label": "others", "box": [224, 1772, 616, 1731], "linking": []}]