[{"id": 0, "text": "merchant name", "label": "others", "box": [70, 46, 333, 26], "linking": []}, {"id": 1, "text": "merchant address", "label": "others", "box": [150, 66, 242, 49], "linking": []}, {"id": 2, "text": "merchant address", "label": "others", "box": [110, 84, 206, 68], "linking": []}, {"id": 3, "text": "merchant phone", "label": "others", "box": [148, 104, 252, 88], "linking": []}, {"id": 4, "text": "merchant address", "label": "others", "box": [84, 66, 127, 50], "linking": []}, {"id": 5, "text": "merchant address", "label": "others", "box": [129, 66, 145, 50], "linking": []}, {"id": 6, "text": "merchant address", "label": "others", "box": [245, 65, 292, 49], "linking": []}, {"id": 7, "text": "merchant address", "label": "others", "box": [236, 83, 290, 68], "linking": []}, {"id": 8, "text": "merchant address", "label": "others", "box": [295, 65, 319, 49], "linking": []}, {"id": 9, "text": "merchant address", "label": "others", "box": [209, 84, 233, 68], "linking": []}, {"id": 10, "text": " ORDER:", "label": "others", "box": [126, 154, 228, 128], "linking": []}, {"id": 11, "text": "Dine In", "label": "others", "box": [151, 190, 244, 163], "linking": []}, {"id": 12, "text": " SUmanth", "label": "others", "box": [74, 218, 157, 199], "linking": []}, {"id": 13, "text": " 18 Oct 2019 12:37:18P", "label": "others", "box": [6, 242, 200, 223], "linking": []}, {"id": 14, "text": " 87", "label": "others", "box": [232, 154, 268, 128], "linking": []}, {"id": 15, "text": " Cashier.", "label": "others", "box": [4, 219, 71, 200], "linking": []}, {"id": 16, "text": "Transaction 008288", "label": "others", "box": [10, 276, 171, 257], "linking": []}, {"id": 17, "text": "1 Paneer Dosa", "label": "0 description beginning", "box": [13, 323, 150, 303], "linking": []}, {"id": 18, "text": "Subtotal", "label": "others", "box": [14, 368, 88, 351], "linking": []}, {"id": 19, "text": "Tax", "label": "others", "box": [17, 389, 47, 374], "linking": []}, {"id": 20, "text": "$8.99", "label": "sub total", "box": [344, 368, 390, 351], "linking": []}, {"id": 21, "text": "$0.77", "label": "2 tax total", "box": [344, 390, 390, 372], "linking": []}, {"id": 22, "text": "Total", "label": "others", "box": [12, 429, 56, 414], "linking": []}, {"id": 23, "text": "$9.76", "label": "total amount", "box": [343, 427, 391, 411], "linking": []}, {"id": 24, "text": "CREDIT CARD AUTH", "label": "others", "box": [9, 459, 176, 442], "linking": []}, {"id": 25, "text": " AMEX", "label": "others", "box": [8, 484, 58, 466], "linking": []}, {"id": 26, "text": "18 Oct 2019 12.38.13P", "label": "others", "box": [5, 516, 198, 495], "linking": []}, {"id": 27, "text": " | Method CONTACTLESS", "label": "others", "box": [51, 538, 264, 518], "linking": []}, {"id": 28, "text": " EXPRESS XXXXXXXXXXXX1007", "label": "others", "box": [96, 561, 369, 538], "linking": []}, {"id": 29, "text": " 929100583271 | Auth # 801636", "label": "others", "box": [56, 584, 332, 563], "linking": []}, {"id": 30, "text": " ******** 1889", "label": "others", "box": [44, 608, 153, 589], "linking": []}, {"id": 31, "text": " A000000025010801", "label": "others", "box": [42, 630, 217, 612], "linking": []}, {"id": 32, "text": "AthNtwkNnTI AMEX", "label": "others", "box": [6, 652, 167, 633], "linking": []}, {"id": 33, "text": "*** REPRINT ***", "label": "others", "box": [93, 694, 303, 666], "linking": []}, {"id": 34, "text": "$9.76", "label": "others", "box": [343, 456, 390, 439], "linking": []}, {"id": 35, "text": " 1007", "label": "others", "box": [61, 483, 104, 466], "linking": []}, {"id": 36, "text": " $9.76", "label": "others", "box": [3, 538, 48, 520], "linking": []}, {"id": 37, "text": " AMERICAN", "label": "others", "box": [4, 562, 93, 543], "linking": []}, {"id": 38, "text": " Ref #:", "label": "others", "box": [4, 584, 53, 566], "linking": []}, {"id": 39, "text": " MID:", "label": "others", "box": [12, 609, 41, 589], "linking": []}, {"id": 40, "text": " AID:", "label": "others", "box": [5, 630, 39, 613], "linking": []}, {"id": 41, "text": "Order W4CZHDNY2JH00", "label": "others", "box": [9, 744, 213, 725], "linking": []}]