[{"id": 0, "text": "10157 CP", "label": "others", "box": [49, 216, 148, 196], "linking": []}, {"id": 1, "text": "CHK 6026", "label": "others", "box": [45, 263, 150, 243], "linking": []}, {"id": 2, "text": " OCT03'19 10:42AM", "label": "others", "box": [149, 287, 349, 263], "linking": []}, {"id": 3, "text": " 1", "label": "e quantity", "box": [74, 357, 93, 336], "linking": []}, {"id": 4, "text": "1 Pastries", "label": "0 description beginning", "box": [73, 380, 200, 360], "linking": []}, {"id": 5, "text": "XXXXXXXXXXX1002", "label": "others", "box": [97, 404, 284, 382], "linking": []}, {"id": 6, "text": "American Express", "label": "others", "box": [98, 428, 298, 406], "linking": []}, {"id": 7, "text": " 12 Mini-Donuts", "label": "0 description beginning", "box": [100, 357, 272, 336], "linking": []}, {"id": 8, "text": "6.75", "label": "5 total price per item", "box": [361, 354, 416, 333], "linking": []}, {"id": 9, "text": "4.00", "label": "5 total price per item", "box": [364, 378, 416, 358], "linking": []}, {"id": 10, "text": "10 75", "label": "others", "box": [352, 427, 419, 405], "linking": []}, {"id": 11, "text": "Subtotal ...", "label": "others", "box": [98, 475, 233, 451], "linking": []}, {"id": 12, "text": "Payment", "label": "others", "box": [97, 498, 186, 475], "linking": []}, {"id": 13, "text": "10.75", "label": "sub total", "box": [354, 479, 422, 458], "linking": []}, {"id": 14, "text": "10.75", "label": "total amount", "box": [354, 504, 421, 484], "linking": []}]