[{"id": 0, "text": "merchant name", "label": "others", "box": [212, 243, 343, 174], "linking": []}, {"id": 1, "text": "Feeling Good on the Move", "label": "others", "box": [204, 296, 357, 260], "linking": []}, {"id": 2, "text": "merchant address", "label": "others", "box": [208, 332, 316, 303], "linking": []}, {"id": 3, "text": "merchant address", "label": "others", "box": [82, 396, 420, 343], "linking": []}, {"id": 4, "text": "311700034 Amber", "label": "others", "box": [48, 455, 203, 425], "linking": []}, {"id": 5, "text": "HOST", "label": "others", "box": [218, 268, 330, 234], "linking": []}, {"id": 6, "text": "merchant address", "label": "others", "box": [191, 417, 311, 382], "linking": []}, {"id": 7, "text": "CHK 364503", "label": "others", "box": [197, 497, 300, 478], "linking": []}, {"id": 8, "text": " 30 OCT'19 6:39 AM", "label": "others", "box": [155, 521, 331, 500], "linking": []}, {"id": 9, "text": " 06:39 B by:", "label": "others", "box": [70, 568, 188, 545], "linking": []}, {"id": 10, "text": " Croissant Ham Kaas", "label": "0 description beginning", "box": [64, 591, 255, 569], "linking": []}, {"id": 11, "text": " Croissant Ham Kaas", "label": "0 description beginning", "box": [62, 615, 255, 593], "linking": []}, {"id": 12, "text": " Cafe Creme", "label": "0 description beginning", "box": [60, 639, 171, 617], "linking": []}, {"id": 13, "text": "AMEX", "label": "others", "box": [59, 663, 105, 642], "linking": []}, {"id": 14, "text": " Amber", "label": "others", "box": [192, 567, 246, 546], "linking": []}, {"id": 15, "text": " 1", "label": "e quantity", "box": [46, 590, 60, 569], "linking": []}, {"id": 16, "text": " 1", "label": "e quantity", "box": [43, 615, 58, 593], "linking": []}, {"id": 17, "text": " 1", "label": "e quantity", "box": [43, 639, 56, 617], "linking": []}, {"id": 18, "text": "2.10", "label": "5 total price per item", "box": [375, 590, 418, 570], "linking": []}, {"id": 19, "text": "2.10", "label": "5 total price per item", "box": [375, 613, 420, 593], "linking": []}, {"id": 20, "text": "2.30", "label": "5 total price per item", "box": [376, 637, 419, 616], "linking": []}, {"id": 21, "text": "6.50", "label": "others", "box": [376, 660, 419, 637], "linking": []}, {"id": 22, "text": "Subtotal", "label": "others", "box": [55, 714, 143, 690], "linking": []}, {"id": 23, "text": "Payment", "label": "others", "box": [51, 743, 132, 717], "linking": []}, {"id": 24, "text": "Change Due", "label": "others", "box": [19, 774, 236, 744], "linking": []}, {"id": 25, "text": "0.54 VAT 9%", "label": "2 tax total", "box": [83, 801, 206, 773], "linking": []}, {"id": 26, "text": " Net Total:", "label": "others", "box": [50, 832, 161, 804], "linking": []}, {"id": 27, "text": "6.50", "label": "sub total", "box": [375, 710, 419, 685], "linking": []}, {"id": 28, "text": "6.50", "label": "total amount", "box": [376, 739, 419, 709], "linking": []}, {"id": 29, "text": "0.00", "label": "others", "box": [362, 767, 445, 741], "linking": []}, {"id": 30, "text": "6.50", "label": "others", "box": [369, 793, 414, 770], "linking": []}, {"id": 31, "text": "5.96", "label": "others", "box": [366, 822, 413, 798], "linking": []}, {"id": 32, "text": "Check Closed", "label": "others", "box": [165, 888, 301, 854], "linking": []}, {"id": 33, "text": " 30 OCT'19 6:39 AM", "label": "others", "box": [135, 916, 315, 885], "linking": []}, {"id": 34, "text": "Thank You,", "label": "others", "box": [177, 1000, 280, 972], "linking": []}, {"id": 35, "text": "Please Visit Us Again", "label": "others", "box": [110, 1032, 335, 997], "linking": []}, {"id": 36, "text": " http://hmshost.international", "label": "others", "box": [75, 1092, 379, 1048], "linking": []}, {"id": 37, "text": "========", "label": "others", "box": [203, 1103, 289, 1085], "linking": []}, {"id": 38, "text": "VAT#", "label": "others", "box": [199, 1159, 245, 1137], "linking": []}]