[{"id": 0, "text": "O", "label": "others", "box": [255, 82, 323, 40], "linking": []}, {"id": 1, "text": "merchant name", "label": "others", "box": [173, 291, 300, 266], "linking": []}, {"id": 2, "text": "merchant address", "label": "others", "box": [175, 313, 312, 289], "linking": []}, {"id": 3, "text": "merchant address", "label": "others", "box": [142, 338, 351, 311], "linking": []}, {"id": 4, "text": " 11/17/2019 14:11", "label": "others", "box": [43, 378, 224, 350], "linking": []}, {"id": 5, "text": "=====", "label": "others", "box": [43, 395, 101, 382], "linking": []}, {"id": 6, "text": "Cobble & Co", "label": "others", "box": [42, 423, 169, 400], "linking": []}, {"id": 7, "text": " 23192167", "label": "others", "box": [122, 447, 216, 423], "linking": []}, {"id": 8, "text": " Kayla", "label": "others", "box": [132, 471, 197, 448], "linking": []}, {"id": 9, "text": " 110", "label": "others", "box": [126, 495, 161, 473], "linking": []}, {"id": 10, "text": "---------", "label": "others", "box": [43, 513, 148, 506], "linking": []}, {"id": 11, "text": "------", "label": "others", "box": [349, 390, 403, 383], "linking": []}, {"id": 12, "text": " CHECK:", "label": "others", "box": [42, 448, 118, 425], "linking": []}, {"id": 13, "text": " SERVER:", "label": "others", "box": [43, 471, 128, 449], "linking": []}, {"id": 14, "text": " TABLE:", "label": "others", "box": [44, 495, 121, 473], "linking": []}, {"id": 15, "text": " GUESTS:", "label": "others", "box": [297, 445, 387, 422], "linking": []}, {"id": 16, "text": " 1", "label": "others", "box": [391, 444, 404, 422], "linking": []}, {"id": 17, "text": "---------------", "label": "others", "box": [228, 508, 387, 500], "linking": []}, {"id": 18, "text": "-------", "label": "others", "box": [206, 513, 291, 507], "linking": []}, {"id": 19, "text": "------------------", "label": "others", "box": [248, 512, 451, 503], "linking": []}, {"id": 20, "text": "Dine In", "label": "others", "box": [196, 566, 283, 544], "linking": []}, {"id": 21, "text": "1 CHICKEN FINGERS", "label": "0 description beginning", "box": [115, 591, 319, 569], "linking": []}, {"id": 22, "text": "1 AMERICAN STANDAR", "label": "0 description beginning", "box": [115, 617, 333, 593], "linking": []}, {"id": 23, "text": "2 0J", "label": "0 description beginning", "box": [113, 643, 164, 617], "linking": []}, {"id": 24, "text": "@ 5.00", "label": "others", "box": [137, 669, 214, 643], "linking": []}, {"id": 25, "text": "Subtotal", "label": "others", "box": [163, 711, 262, 683], "linking": []}, {"id": 26, "text": "Tax", "label": "others", "box": [225, 733, 265, 712], "linking": []}, {"id": 27, "text": "Total", "label": "others", "box": [202, 760, 264, 736], "linking": []}, {"id": 28, "text": "11.00", "label": "5 total price per item", "box": [379, 592, 437, 569], "linking": []}, {"id": 29, "text": "19.00", "label": "5 total price per item", "box": [381, 618, 438, 594], "linking": []}, {"id": 30, "text": "10.00", "label": "5 total price per item", "box": [382, 645, 438, 618], "linking": []}, {"id": 31, "text": "40.00", "label": "sub total", "box": [359, 708, 419, 685], "linking": []}, {"id": 32, "text": "3.55", "label": "2 tax total", "box": [371, 736, 421, 711], "linking": []}, {"id": 33, "text": "43.55", "label": "total amount", "box": [362, 763, 421, 736], "linking": []}, {"id": 34, "text": "Gratuity is not included.", "label": "others", "box": [103, 820, 405, 792], "linking": []}, {"id": 35, "text": "Servicio no includido.", "label": "others", "box": [105, 848, 375, 818], "linking": []}, {"id": 36, "text": "The guide below is provided", "label": "others", "box": [104, 893, 425, 860], "linking": []}, {"id": 37, "text": "for your convenience.", "label": "others", "box": [108, 918, 361, 887], "linking": []}, {"id": 38, "text": "20%", "label": "others", "box": [182, 958, 238, 931], "linking": []}, {"id": 39, "text": "22%", "label": "others", "box": [182, 983, 225, 959], "linking": []}, {"id": 40, "text": "40% - 10.00", "label": "others", "box": [176, 1022, 323, 989], "linking": []}, {"id": 41, "text": "--------", "label": "others", "box": [154, 1046, 248, 1037], "linking": []}, {"id": 42, "text": "8.00", "label": "others", "box": [263, 959, 321, 932], "linking": []}, {"id": 43, "text": "8.80", "label": "others", "box": [264, 986, 322, 960], "linking": []}, {"id": 44, "text": "-----", "label": "others", "box": [193, 1052, 250, 1042], "linking": []}, {"id": 45, "text": "--- -", "label": "others", "box": [349, 1065, 381, 1050], "linking": []}, {"id": 46, "text": "------", "label": "others", "box": [382, 1084, 427, 1065], "linking": []}]