[{"id": 0, "text": "merchant name", "label": "others", "box": [126, 109, 235, 86], "linking": []}, {"id": 1, "text": "merchant address", "label": "others", "box": [95, 131, 271, 110], "linking": []}, {"id": 2, "text": " 20211127", "label": "others", "box": [74, 153, 145, 133], "linking": []}, {"id": 3, "text": " NOV 21, 2019 20:30", "label": "others", "box": [24, 179, 178, 153], "linking": []}, {"id": 4, "text": " 002697", "label": "others", "box": [66, 199, 121, 178], "linking": []}, {"id": 5, "text": "************ 1002 - (C)", "label": "others", "box": [27, 224, 208, 202], "linking": []}, {"id": 6, "text": "AMERICAN EXPRESS", "label": "others", "box": [25, 245, 161, 224], "linking": []}, {"id": 7, "text": "A000000025010801", "label": "others", "box": [28, 267, 164, 247], "linking": []}, {"id": 8, "text": " TERM#:", "label": "others", "box": [25, 155, 71, 134], "linking": []}, {"id": 9, "text": " MERCH#:", "label": "others", "box": [198, 154, 251, 135], "linking": []}, {"id": 10, "text": " APPROVAL", "label": "others", "box": [215, 177, 276, 158], "linking": []}, {"id": 11, "text": " BATCH#:", "label": "others", "box": [229, 202, 281, 179], "linking": []}, {"id": 12, "text": " 9360181474", "label": "others", "box": [255, 154, 341, 135], "linking": []}, {"id": 13, "text": " : 874774", "label": "others", "box": [280, 177, 342, 158], "linking": []}, {"id": 14, "text": " ROC#:", "label": "others", "box": [25, 201, 63, 181], "linking": []}, {"id": 15, "text": " 000299", "label": "others", "box": [286, 202, 342, 179], "linking": []}, {"id": 16, "text": "RESTAURANT SALE", "label": "others", "box": [125, 315, 251, 293], "linking": []}, {"id": 17, "text": "> LODGING", "label": "others", "box": [38, 358, 106, 339], "linking": []}, {"id": 18, "text": "000299", "label": "others", "box": [210, 361, 264, 341], "linking": []}, {"id": 19, "text": " BASE AMOUNT", "label": "others", "box": [30, 409, 115, 384], "linking": []}, {"id": 20, "text": " :", "label": "others", "box": [119, 406, 129, 383], "linking": []}, {"id": 21, "text": "USD 43.67", "label": "total amount", "box": [271, 409, 352, 388], "linking": []}, {"id": 22, "text": " TIP AMOUNT", "label": "others", "box": [32, 453, 108, 433], "linking": []}, {"id": 23, "text": " :", "label": "others", "box": [111, 453, 121, 434], "linking": []}, {"id": 24, "text": " TOTAL", "label": "others", "box": [30, 501, 69, 481], "linking": []}, {"id": 25, "text": " :", "label": "others", "box": [72, 501, 81, 481], "linking": []}, {"id": 26, "text": "TC - F5E79F886EBE81DA", "label": "others", "box": [30, 557, 210, 531], "linking": []}, {"id": 27, "text": "CUSTOMER COPY", "label": "others", "box": [134, 610, 251, 580], "linking": []}]