[{"id": 0, "text": "merchant name", "label": "others", "box": [77, 18, 144, 7], "linking": []}, {"id": 1, "text": "merchant address", "label": "others", "box": [73, 27, 152, 16], "linking": []}, {"id": 2, "text": "merchant address", "label": "others", "box": [73, 37, 151, 25], "linking": []}, {"id": 3, "text": "merchant phone", "label": "others", "box": [86, 48, 142, 35], "linking": []}, {"id": 4, "text": "11/12/2019", "label": "others", "box": [39, 67, 79, 55], "linking": []}, {"id": 5, "text": "SubTotal", "label": "others", "box": [48, 76, 78, 66], "linking": []}, {"id": 6, "text": " 20:54:35", "label": "others", "box": [156, 65, 190, 55], "linking": []}, {"id": 7, "text": " 192.14", "label": "sub total", "box": [163, 75, 189, 63], "linking": []}, {"id": 8, "text": "137%", "label": "3 tip", "box": [162, 89, 191, 74], "linking": []}, {"id": 9, "text": " USD $", "label": "others", "box": [138, 75, 162, 64], "linking": []}, {"id": 10, "text": " AMERICAN EXPRESS Entry Method:", "label": "others", "box": [40, 121, 157, 112], "linking": []}, {"id": 11, "text": "XXXXXXXXXXXXXXX1007", "label": "others", "box": [130, 128, 188, 119], "linking": []}, {"id": 12, "text": "APPROVED", "label": "others", "box": [108, 138, 143, 129], "linking": []}, {"id": 13, "text": "Total", "label": "others", "box": [59, 111, 79, 102], "linking": []}, {"id": 14, "text": "Chip", "label": "others", "box": [170, 119, 189, 111], "linking": []}, {"id": 15, "text": "PURCHASE", "label": "others", "box": [39, 138, 73, 130], "linking": []}, {"id": 16, "text": " :644015", "label": "others", "box": [72, 148, 101, 138], "linking": []}, {"id": 17, "text": " AUTH CODE", "label": "others", "box": [39, 148, 70, 139], "linking": []}, {"id": 18, "text": "Issuer", "label": "others", "box": [167, 165, 190, 157], "linking": []}, {"id": 19, "text": "A000000025010801", "label": "others", "box": [127, 174, 191, 165], "linking": []}, {"id": 20, "text": "0000008600", "label": "others", "box": [149, 183, 191, 175], "linking": []}, {"id": 21, "text": "0650010360A002", "label": "others", "box": [135, 193, 192, 184], "linking": []}, {"id": 22, "text": "ARCH", "label": "others", "box": [145, 203, 167, 194], "linking": []}, {"id": 23, "text": " 00000000 PRN:", "label": "others", "box": [111, 214, 165, 204], "linking": []}, {"id": 24, "text": " AID:", "label": "others", "box": [36, 175, 54, 166], "linking": []}, {"id": 25, "text": "TADI", "label": "others", "box": [33, 194, 52, 184], "linking": []}, {"id": 26, "text": " TSE:", "label": "others", "box": [34, 204, 56, 194], "linking": []}, {"id": 27, "text": " MID:", "label": "others", "box": [32, 214, 50, 204], "linking": []}, {"id": 28, "text": " F800", "label": "others", "box": [61, 204, 80, 194], "linking": []}, {"id": 29, "text": " 0000000", "label": "others", "box": [52, 214, 84, 204], "linking": []}, {"id": 30, "text": " TID:", "label": "others", "box": [92, 214, 109, 204], "linking": []}, {"id": 31, "text": " 066936", "label": "others", "box": [167, 214, 194, 204], "linking": []}, {"id": 32, "text": "00", "label": "others", "box": [181, 204, 193, 194], "linking": []}, {"id": 33, "text": " Signature:", "label": "others", "box": [30, 246, 74, 234], "linking": []}, {"id": 34, "text": "I agree to pay above total ascint", "label": "others", "box": [28, 267, 169, 255], "linking": []}, {"id": 35, "text": "according to cami leover agreement", "label": "others", "box": [26, 279, 177, 267], "linking": []}, {"id": 36, "text": "(Merchant agreswoot ff Credit Voucher)", "label": "others", "box": [26, 290, 191, 278], "linking": []}, {"id": 37, "text": "Retain With puryy foc grammibords", "label": "others", "box": [23, 303, 170, 289], "linking": []}]