[{"id": 0, "text": "merchant name", "label": "others", "box": [433, 171, 623, 101], "linking": []}, {"id": 1, "text": "merchant address", "label": "others", "box": [364, 303, 680, 258], "linking": []}, {"id": 2, "text": "merchant address", "label": "others", "box": [348, 346, 698, 300], "linking": []}, {"id": 3, "text": "OMSCHRIJVING", "label": "0 description beginning", "box": [82, 381, 335, 342], "linking": []}, {"id": 4, "text": "Walnoten Californie", "label": "0 description beginning", "box": [86, 426, 473, 383], "linking": []}, {"id": 5, "text": "Ciabatta bake-off", "label": "0 description beginning", "box": [84, 467, 433, 425], "linking": []}, {"id": 6, "text": "Roomdessert", "label": "0 description beginning", "box": [87, 507, 312, 466], "linking": []}, {"id": 7, "text": "Filet Americain", "label": "0 description beginning", "box": [88, 549, 394, 506], "linking": []}, {"id": 8, "text": "6\u00d70.2 Frisse fruitdrank", "label": "0 description beginning", "box": [91, 592, 550, 548], "linking": []}, {"id": 9, "text": "EUR", "label": "others", "box": [833, 388, 899, 351], "linking": []}, {"id": 10, "text": "2,85", "label": "5 total price per item", "box": [808, 430, 896, 394], "linking": []}, {"id": 11, "text": "0,99", "label": "5 total price per item", "box": [809, 472, 894, 435], "linking": []}, {"id": 12, "text": "0,99", "label": "5 total price per item", "box": [808, 514, 891, 476], "linking": []}, {"id": 13, "text": "1,12", "label": "5 total price per item", "box": [811, 555, 892, 518], "linking": []}, {"id": 14, "text": "1,14", "label": "5 total price per item", "box": [809, 593, 891, 558], "linking": []}, {"id": 15, "text": "Te betalen", "label": "others", "box": [92, 667, 295, 627], "linking": []}, {"id": 16, "text": "5art .", "label": "others", "box": [488, 671, 583, 633], "linking": []}, {"id": 17, "text": "7.09", "label": "total amount", "box": [807, 674, 888, 636], "linking": []}, {"id": 18, "text": "============", "label": "others", "box": [688, 703, 923, 684], "linking": []}, {"id": 19, "text": "7,09", "label": "others", "box": [805, 752, 887, 716], "linking": []}, {"id": 20, "text": " -", "label": "others", "box": [835, 780, 848, 767], "linking": []}, {"id": 21, "text": "Bankpas", "label": "others", "box": [91, 746, 234, 706], "linking": []}, {"id": 22, "text": " --", "label": "others", "box": [853, 782, 881, 767], "linking": []}, {"id": 23, "text": "Ticket Client", "label": "others", "box": [150, 824, 412, 785], "linking": []}, {"id": 24, "text": " Ref. Commercant:", "label": "others", "box": [93, 903, 414, 863], "linking": []}, {"id": 25, "text": " NL039284090343275191", "label": "others", "box": [420, 908, 820, 867], "linking": []}, {"id": 26, "text": " Terminal:", "label": "others", "box": [96, 978, 278, 939], "linking": []}, {"id": 27, "text": " Periode:", "label": "others", "box": [98, 1014, 262, 977], "linking": []}, {"id": 28, "text": "Maestro (A0000000043060)", "label": "others", "box": [98, 1054, 561, 1017], "linking": []}, {"id": 29, "text": "MAESTRO", "label": "others", "box": [100, 1088, 237, 1052], "linking": []}, {"id": 30, "text": " Carte:", "label": "others", "box": [101, 1127, 228, 1092], "linking": []}, {"id": 31, "text": " No. carte:", "label": "others", "box": [98, 1166, 300, 1130], "linking": []}, {"id": 32, "text": " 5NTX04", "label": "others", "box": [285, 978, 414, 941], "linking": []}, {"id": 33, "text": " 9275", "label": "others", "box": [269, 1015, 355, 979], "linking": []}, {"id": 34, "text": " Commercant:", "label": "others", "box": [484, 983, 713, 947], "linking": []}, {"id": 35, "text": " Transaction:", "label": "others", "box": [464, 1021, 708, 982], "linking": []}, {"id": 36, "text": " 1770001", "label": "others", "box": [720, 983, 856, 948], "linking": []}, {"id": 37, "text": " 02420305", "label": "others", "box": [715, 1022, 878, 987], "linking": []}, {"id": 38, "text": " xxxxxxxxxxxxx", "label": "others", "box": [234, 1131, 498, 1097], "linking": []}, {"id": 39, "text": " 01", "label": "others", "box": [307, 1167, 350, 1132], "linking": []}, {"id": 40, "text": "PAIEMENT", "label": "others", "box": [96, 1241, 255, 1203], "linking": []}, {"id": 41, "text": " 02/10/2019 19:01", "label": "others", "box": [97, 1282, 405, 1244], "linking": []}, {"id": 42, "text": " Code autoris .:", "label": "others", "box": [479, 1288, 743, 1249], "linking": []}, {"id": 43, "text": " 851498", "label": "others", "box": [749, 1289, 875, 1253], "linking": []}, {"id": 44, "text": " Total:", "label": "others", "box": [96, 1357, 210, 1321], "linking": []}, {"id": 45, "text": "7,09 EUR", "label": "total amount", "box": [326, 1360, 484, 1321], "linking": []}, {"id": 46, "text": "APPROUVE", "label": "others", "box": [206, 1435, 365, 1398], "linking": []}, {"id": 47, "text": " -", "label": "others", "box": [206, 1463, 216, 1450], "linking": []}, {"id": 48, "text": "---", "label": "others", "box": [88, 1462, 139, 1448], "linking": []}, {"id": 49, "text": " -", "label": "others", "box": [152, 1463, 165, 1450], "linking": []}, {"id": 50, "text": " --", "label": "others", "box": [167, 1463, 185, 1450], "linking": []}, {"id": 51, "text": " -", "label": "others", "box": [187, 1463, 200, 1450], "linking": []}, {"id": 52, "text": ".....", "label": "others", "box": [846, 1473, 870, 1460], "linking": []}, {"id": 53, "text": " Bedr.", "label": "others", "box": [238, 1556, 326, 1520], "linking": []}, {"id": 54, "text": " Excl", "label": "others", "box": [332, 1556, 414, 1520], "linking": []}, {"id": 55, "text": "6.50", "label": "others", "box": [332, 1595, 414, 1560], "linking": []}, {"id": 56, "text": "BTW", "label": "others", "box": [532, 1559, 599, 1522], "linking": []}, {"id": 57, "text": "0,59", "label": "others", "box": [512, 1599, 596, 1562], "linking": []}, {"id": 58, "text": "Bedr. Incl", "label": "others", "box": [691, 1564, 871, 1527], "linking": []}, {"id": 59, "text": "7,09", "label": "others", "box": [792, 1606, 878, 1569], "linking": []}, {"id": 60, "text": "Exit Code", "label": "others", "box": [317, 1885, 697, 1803], "linking": []}, {"id": 61, "text": "090343/84", "label": "others", "box": [163, 2111, 368, 2063], "linking": []}, {"id": 62, "text": "02.10.19", "label": "others", "box": [627, 2120, 807, 2075], "linking": []}]