[{"id": 0, "text": "merchant name", "label": "others", "box": [458, 253, 635, 221], "linking": []}, {"id": 1, "text": "merchant address", "label": "others", "box": [286, 290, 789, 256], "linking": []}, {"id": 2, "text": "merchant address", "label": "others", "box": [408, 326, 692, 294], "linking": []}, {"id": 3, "text": "merchant address", "label": "others", "box": [335, 362, 627, 329], "linking": []}, {"id": 4, "text": " SIRET", "label": "others", "box": [319, 398, 420, 366], "linking": []}, {"id": 5, "text": " Code NAF", "label": "others", "box": [389, 436, 542, 404], "linking": []}, {"id": 6, "text": "merchant address", "label": "others", "box": [632, 363, 762, 332], "linking": []}, {"id": 7, "text": " : 534 681 697 00072", "label": "others", "box": [426, 401, 765, 366], "linking": []}, {"id": 8, "text": " : 5610 A", "label": "others", "box": [551, 440, 698, 404], "linking": []}, {"id": 9, "text": "3000578 Rattana", "label": "others", "box": [280, 514, 554, 479], "linking": []}, {"id": 10, "text": " Fct 1381 N", "label": "others", "box": [259, 595, 456, 560], "linking": []}, {"id": 11, "text": " Nov11'19 03:26PM", "label": "others", "box": [407, 639, 704, 602], "linking": []}, {"id": 12, "text": " :0001-0480576 Cvt 0", "label": "others", "box": [462, 597, 850, 561], "linking": []}, {"id": 13, "text": "Sur place", "label": "others", "box": [329, 727, 668, 685], "linking": []}, {"id": 14, "text": " The", "label": "0 description beginning", "box": [332, 768, 393, 732], "linking": []}, {"id": 15, "text": "Moyen", "label": "1 description inside", "box": [330, 811, 429, 777], "linking": []}, {"id": 16, "text": " Le Paleta", "label": "0 description beginning", "box": [327, 855, 507, 820], "linking": []}, {"id": 17, "text": "BEL", "label": "1 description inside", "box": [331, 899, 392, 863], "linking": []}, {"id": 18, "text": "Carte Bleue", "label": "others", "box": [331, 945, 546, 908], "linking": []}, {"id": 19, "text": " 1", "label": "e quantity", "box": [296, 766, 326, 731], "linking": []}, {"id": 20, "text": "3.20", "label": "5 total price per item", "box": [723, 767, 802, 732], "linking": []}, {"id": 21, "text": " 1", "label": "e quantity", "box": [297, 855, 320, 820], "linking": []}, {"id": 22, "text": "13.00", "label": "5 total price per item", "box": [716, 854, 806, 818], "linking": []}, {"id": 23, "text": "16.20", "label": "total amount", "box": [718, 941, 812, 905], "linking": []}, {"id": 24, "text": "1.47 TVA 10%", "label": "2 tax total", "box": [352, 1086, 588, 1044], "linking": []}, {"id": 25, "text": "TTL Net", "label": "others", "box": [433, 1130, 567, 1092], "linking": []}, {"id": 26, "text": "Sous Total", "label": "others", "box": [326, 1182, 525, 1139], "linking": []}, {"id": 27, "text": "Reglement", "label": "others", "box": [325, 1232, 508, 1189], "linking": []}, {"id": 28, "text": "16.20", "label": "total amount", "box": [764, 1079, 857, 1040], "linking": []}, {"id": 29, "text": "14.73", "label": "sub total", "box": [766, 1125, 862, 1087], "linking": []}, {"id": 30, "text": "16.20", "label": "total amount", "box": [728, 1174, 825, 1133], "linking": []}, {"id": 31, "text": "16.20", "label": "others", "box": [636, 1223, 826, 1181], "linking": []}, {"id": 32, "text": "*** Merci et bon voyage ***", "label": "others", "box": [242, 1330, 794, 1286], "linking": []}, {"id": 33, "text": " : 534 681 697", "label": "others", "box": [488, 1379, 756, 1331], "linking": []}, {"id": 34, "text": " RCS CRETEIL", "label": "others", "box": [242, 1385, 481, 1338], "linking": []}, {"id": 35, "text": "---", "label": "others", "box": [851, 1410, 903, 1394], "linking": []}, {"id": 36, "text": "5 rue Charles de Gaulle 94140", "label": "others", "box": [236, 1492, 848, 1434], "linking": []}, {"id": 37, "text": " TVA Intercom", "label": "others", "box": [240, 1545, 502, 1497], "linking": []}, {"id": 38, "text": " 707128", "label": "others", "box": [426, 1594, 559, 1548], "linking": []}, {"id": 39, "text": " : FR44 534 681 697", "label": "others", "box": [509, 1539, 893, 1486], "linking": []}, {"id": 40, "text": " Code UR:", "label": "others", "box": [235, 1600, 418, 1553], "linking": []}, {"id": 41, "text": "Rendez-vous sur notre site web", "label": "others", "box": [219, 2107, 905, 2038], "linking": []}, {"id": 42, "text": "go to the website", "label": "others", "box": [214, 2179, 616, 2105], "linking": []}, {"id": 43, "text": "anthomove com/FR", "label": "others", "box": [373, 2210, 751, 2165], "linking": []}]