[{"id": 0, "text": "merchant name", "label": "others", "box": [387, 382, 619, 349], "linking": []}, {"id": 1, "text": "merchant address", "label": "others", "box": [456, 414, 587, 385], "linking": []}, {"id": 2, "text": "merchant address", "label": "others", "box": [432, 439, 508, 412], "linking": []}, {"id": 3, "text": "merchant phone", "label": "others", "box": [426, 469, 471, 439], "linking": []}, {"id": 4, "text": " ORDER:", "label": "others", "box": [300, 533, 465, 487], "linking": []}, {"id": 5, "text": " 08 Nov-2019 8:17:42P", "label": "others", "box": [198, 635, 504, 594], "linking": []}, {"id": 6, "text": "Transaction 100010", "label": "others", "box": [195, 676, 470, 642], "linking": []}, {"id": 7, "text": "merchant address", "label": "others", "box": [419, 416, 451, 387], "linking": []}, {"id": 8, "text": "merchant address", "label": "others", "box": [362, 439, 426, 412], "linking": []}, {"id": 9, "text": "merchant address", "label": "others", "box": [513, 437, 644, 404], "linking": []}, {"id": 10, "text": "merchant name", "label": "others", "box": [1038, 484, 1237, 418], "linking": []}, {"id": 11, "text": "merchant address", "label": "others", "box": [1015, 539, 1261, 483], "linking": []}, {"id": 12, "text": " ORDER:", "label": "others", "box": [969, 618, 1113, 565], "linking": []}, {"id": 13, "text": "08 Nov 2019 0.11.32", "label": "others", "box": [883, 719, 1138, 682], "linking": []}, {"id": 14, "text": " Pinot", "label": "0 description beginning", "box": [943, 757, 1010, 733], "linking": []}, {"id": 15, "text": " Burger Royale", "label": "0 description beginning", "box": [947, 787, 1121, 760], "linking": []}, {"id": 16, "text": "merchant phone", "label": "others", "box": [475, 464, 587, 434], "linking": []}, {"id": 17, "text": "merchant address", "label": "others", "box": [1065, 507, 1209, 463], "linking": []}, {"id": 18, "text": "merchant phone", "label": "others", "box": [1072, 562, 1211, 523], "linking": []}, {"id": 19, "text": " Cashier:", "label": "others", "box": [198, 597, 312, 565], "linking": []}, {"id": 20, "text": " Acencion", "label": "others", "box": [316, 603, 450, 571], "linking": []}, {"id": 21, "text": " Cashier:", "label": "others", "box": [887, 687, 982, 650], "linking": []}, {"id": 22, "text": " Acencion", "label": "others", "box": [987, 698, 1102, 660], "linking": []}, {"id": 23, "text": "Pinot Noir 201", "label": "0 description beginning", "box": [244, 730, 450, 704], "linking": []}, {"id": 24, "text": "Burger Royal\u00e9 With Cheese", "label": "0 description beginning", "box": [242, 759, 626, 723], "linking": []}, {"id": 25, "text": "Subtotal", "label": "others", "box": [177, 799, 312, 770], "linking": []}, {"id": 26, "text": "Tax", "label": "others", "box": [173, 833, 235, 804], "linking": []}, {"id": 27, "text": "$42.00", "label": "5 total price per item", "box": [729, 742, 820, 715], "linking": []}, {"id": 28, "text": "$19.00", "label": "5 total price per item", "box": [729, 766, 827, 745], "linking": []}, {"id": 29, "text": "3", "label": "e quantity", "box": [895, 756, 912, 740], "linking": []}, {"id": 30, "text": " Noir", "label": "0 description beginning", "box": [1013, 758, 1070, 733], "linking": []}, {"id": 31, "text": " 2017", "label": "0 description beginning", "box": [1073, 759, 1136, 734], "linking": []}, {"id": 32, "text": "$42.00", "label": "5 total price per item", "box": [1363, 765, 1443, 741], "linking": []}, {"id": 33, "text": "$19.00", "label": "5 total price per item", "box": [1368, 793, 1452, 768], "linking": []}, {"id": 34, "text": " With Cheese", "label": "0 description beginning", "box": [1125, 787, 1280, 761], "linking": []}, {"id": 35, "text": "$61.00", "label": "sub total", "box": [742, 823, 833, 795], "linking": []}, {"id": 36, "text": "$5.41", "label": "2 tax total", "box": [756, 857, 835, 827], "linking": []}, {"id": 37, "text": "Subtotal", "label": "others", "box": [906, 846, 1021, 818], "linking": []}, {"id": 38, "text": "Tax", "label": "others", "box": [907, 879, 961, 853], "linking": []}, {"id": 39, "text": "$61.00", "label": "sub total", "box": [1384, 853, 1465, 826], "linking": []}, {"id": 40, "text": "$5.41", "label": "2 tax total", "box": [1398, 884, 1465, 859], "linking": []}, {"id": 41, "text": "Total", "label": "others", "box": [171, 908, 254, 877], "linking": []}, {"id": 42, "text": " CREDIT", "label": "others", "box": [169, 957, 287, 929], "linking": []}, {"id": 43, "text": "AMEX 3001", "label": "others", "box": [163, 991, 345, 960], "linking": []}, {"id": 44, "text": "$66.41", "label": "others", "box": [738, 926, 833, 894], "linking": []}, {"id": 45, "text": "$66.41", "label": "others", "box": [743, 971, 838, 941], "linking": []}, {"id": 46, "text": " CARD", "label": "others", "box": [292, 958, 383, 932], "linking": []}, {"id": 47, "text": " AUTH", "label": "others", "box": [388, 960, 480, 932], "linking": []}, {"id": 48, "text": "Total", "label": "others", "box": [910, 948, 980, 920], "linking": []}, {"id": 49, "text": "$66.41", "label": "others", "box": [1382, 950, 1469, 922], "linking": []}, {"id": 50, "text": "+13. 28", "label": "3 tip", "box": [1315, 990, 1442, 956], "linking": []}, {"id": 51, "text": " Online http://clover.comit 79 .69.", "label": "total amount", "box": [1038, 1034, 1497, 997], "linking": []}, {"id": 52, "text": "/9HBGEM49.JXY.JW", "label": "others", "box": [1100, 1052, 1353, 1032], "linking": []}, {"id": 53, "text": "13.28", "label": "3 tip", "box": [723, 1063, 853, 1005], "linking": []}, {"id": 54, "text": "$ 79.69", "label": "total amount", "box": [665, 1145, 860, 1072], "linking": []}, {"id": 55, "text": "Retain this copy for statement validation", "label": "others", "box": [187, 1220, 812, 1177], "linking": []}, {"id": 56, "text": "Tip", "label": "others", "box": [163, 1067, 214, 1033], "linking": []}, {"id": 57, "text": "Total", "label": "others", "box": [153, 1133, 239, 1103], "linking": []}, {"id": 58, "text": "OHBGRI49.JYYYY EN", "label": "others", "box": [1159, 1136, 1406, 1112], "linking": []}, {"id": 59, "text": " Order", "label": "others", "box": [991, 1191, 1076, 1164], "linking": []}, {"id": 60, "text": " 9HBGRM49JXY.JW", "label": "others", "box": [1080, 1197, 1344, 1165], "linking": []}, {"id": 61, "text": " 08-Nov-2019 9:56:43P", "label": "others", "box": [139, 1316, 512, 1280], "linking": []}, {"id": 62, "text": " EMV", "label": "others", "box": [423, 1356, 504, 1320], "linking": []}, {"id": 63, "text": "AMERICAN EXPRESS XXXXXXXXXXXX3001", "label": "others", "box": [131, 1403, 812, 1359], "linking": []}, {"id": 64, "text": " Ref #:", "label": "others", "box": [129, 1492, 231, 1455], "linking": []}, {"id": 65, "text": " ******** 2997", "label": "others", "box": [210, 1532, 425, 1495], "linking": []}, {"id": 66, "text": " A000000025010801", "label": "others", "box": [197, 1583, 547, 1530], "linking": []}, {"id": 67, "text": " AthNtwkNm:", "label": "others", "box": [119, 1633, 339, 1584], "linking": []}, {"id": 68, "text": " $66.41 | Method:", "label": "others", "box": [134, 1358, 416, 1321], "linking": []}, {"id": 69, "text": " 931300782280 | Auth #:", "label": "others", "box": [238, 1491, 622, 1443], "linking": []}, {"id": 70, "text": " 800709", "label": "others", "box": [627, 1481, 748, 1439], "linking": []}, {"id": 71, "text": " MID:", "label": "others", "box": [125, 1540, 204, 1500], "linking": []}, {"id": 72, "text": " AID:", "label": "others", "box": [124, 1586, 191, 1546], "linking": []}, {"id": 73, "text": " AMEX", "label": "others", "box": [345, 1623, 454, 1579], "linking": []}, {"id": 74, "text": "SIGNATURE VERIFIED", "label": "others", "box": [119, 1681, 485, 1621], "linking": []}, {"id": 75, "text": " Online:", "label": "others", "box": [270, 1818, 392, 1767], "linking": []}, {"id": 76, "text": " https://clover.com/p", "label": "others", "box": [396, 1808, 728, 1736], "linking": []}, {"id": 77, "text": "/88EE1VTWT9S5M", "label": "others", "box": [347, 1857, 665, 1785], "linking": []}, {"id": 78, "text": "88EE1VTWT9S5M", "label": "others", "box": [357, 2035, 665, 1967], "linking": []}]