[{"id": 0, "text": "American Expres", "label": "others", "box": [320, 281, 345, 87], "linking": []}, {"id": 1, "text": " \u00d7 55.24", "label": "5 total price per item", "box": [251, 358, 322, 332], "linking": []}, {"id": 2, "text": "merchant name", "label": "others", "box": [8, 127, 65, 109], "linking": []}, {"id": 3, "text": " COST NO:", "label": "others", "box": [6, 152, 87, 132], "linking": []}, {"id": 4, "text": " AABCD5534A", "label": "others", "box": [90, 154, 194, 132], "linking": []}, {"id": 5, "text": "KOT - 160", "label": "others", "box": [102, 177, 194, 156], "linking": []}, {"id": 6, "text": " invoice", "label": "others", "box": [7, 251, 90, 231], "linking": []}, {"id": 7, "text": " Name:", "label": "others", "box": [8, 279, 66, 257], "linking": []}, {"id": 8, "text": " Order Time:", "label": "others", "box": [8, 304, 126, 279], "linking": []}, {"id": 9, "text": " Order Status:", "label": "others", "box": [7, 328, 136, 305], "linking": []}, {"id": 10, "text": "Cappuccino Small", "label": "0 description beginning", "box": [13, 362, 173, 333], "linking": []}, {"id": 11, "text": " #COSAAQ15202", "label": "others", "box": [101, 252, 223, 231], "linking": []}, {"id": 12, "text": " 21:27 01-10-2019", "label": "others", "box": [130, 303, 293, 277], "linking": []}, {"id": 13, "text": "ass Cards", "label": "others", "box": [323, 365, 345, 255], "linking": []}, {"id": 14, "text": " \u00d7 124.76", "label": "5 total price per item", "box": [252, 405, 338, 383], "linking": []}, {"id": 15, "text": " delivered", "label": "others", "box": [140, 327, 235, 306], "linking": []}, {"id": 16, "text": " 1", "label": "e quantity", "box": [233, 358, 246, 333], "linking": []}, {"id": 17, "text": " Belgian Chocolate Co", "label": "0 description beginning", "box": [15, 409, 224, 384], "linking": []}, {"id": 18, "text": " 1", "label": "e quantity", "box": [233, 405, 248, 384], "linking": []}, {"id": 19, "text": " CGST @ 2.50%", "label": "others", "box": [105, 481, 230, 460], "linking": []}, {"id": 20, "text": "SGST @ 2.50% = 4.50", "label": "others", "box": [106, 507, 298, 483], "linking": []}, {"id": 21, "text": " =", "label": "others", "box": [234, 480, 251, 459], "linking": []}, {"id": 22, "text": " 4.50", "label": "2 tax total", "box": [254, 479, 299, 458], "linking": []}, {"id": 23, "text": " Total", "label": "others", "box": [138, 581, 192, 559], "linking": []}, {"id": 24, "text": " = 189.0", "label": "total amount", "box": [196, 579, 270, 558], "linking": []}, {"id": 25, "text": "American Express\u00ae C", "label": "others", "box": [320, 803, 345, 566], "linking": []}, {"id": 26, "text": " 21:28:26 01-10-2019", "label": "others", "box": [76, 633, 272, 606], "linking": []}, {"id": 27, "text": "1.0. 57", "label": "others", "box": [149, 679, 209, 654], "linking": []}, {"id": 28, "text": "erican Express Cards", "label": "others", "box": [1, 803, 27, 563], "linking": []}]