[{"id": 0, "text": "merchant name", "label": "others", "box": [575, 515, 1234, 341], "linking": []}, {"id": 1, "text": "merchant name", "label": "others", "box": [612, 667, 1226, 505], "linking": []}, {"id": 2, "text": "merchant phone", "label": "others", "box": [688, 754, 1133, 679], "linking": []}, {"id": 3, "text": "merchant phone", "label": "others", "box": [607, 895, 1228, 828], "linking": []}, {"id": 4, "text": "DRSCL OG RASPBERRIES 60Z", "label": "0 description beginning", "box": [355, 941, 1000, 872], "linking": []}, {"id": 5, "text": "$4.99 ea", "label": "unit price", "box": [873, 998, 1102, 946], "linking": []}, {"id": 6, "text": "2", "label": "e quantity", "box": [407, 984, 451, 932], "linking": []}, {"id": 7, "text": "OG BLUEBERRIES HALF PINT", "label": "0 description beginning", "box": [356, 1048, 994, 985], "linking": []}, {"id": 8, "text": "$9.98 F", "label": "5 total price per item", "box": [1220, 1004, 1402, 950], "linking": []}, {"id": 9, "text": " F", "label": "others", "box": [1370, 1054, 1409, 1004], "linking": []}, {"id": 10, "text": "CV BLUEBERRY PINT", "label": "0 description beginning", "box": [354, 1097, 815, 1035], "linking": []}, {"id": 11, "text": " Subtotal:", "label": "others", "box": [621, 1153, 866, 1102], "linking": []}, {"id": 12, "text": " Met Sales:", "label": "others", "box": [624, 1205, 891, 1151], "linking": []}, {"id": 13, "text": " Total:", "label": "others", "box": [736, 1259, 896, 1207], "linking": []}, {"id": 14, "text": " Sold Items:", "label": "others", "box": [734, 1315, 1024, 1257], "linking": []}, {"id": 15, "text": " $4.99", "label": "5 total price per item", "box": [1224, 1054, 1360, 1001], "linking": []}, {"id": 16, "text": "$4.99 F", "label": "5 total price per item", "box": [1227, 1103, 1408, 1051], "linking": []}, {"id": 17, "text": "$19.96", "label": "sub total", "box": [1199, 1158, 1360, 1107], "linking": []}, {"id": 18, "text": "$19.96", "label": "others", "box": [1205, 1213, 1357, 1158], "linking": []}, {"id": 19, "text": "$19.96", "label": "total amount", "box": [1202, 1265, 1360, 1211], "linking": []}, {"id": 20, "text": "4", "label": "others", "box": [1326, 1312, 1364, 1269], "linking": []}, {"id": 21, "text": " Faid:", "label": "others", "box": [620, 1364, 769, 1308], "linking": []}, {"id": 22, "text": "American Express", "label": "others", "box": [627, 1420, 1054, 1365], "linking": []}, {"id": 23, "text": "11/03/2019", "label": "others", "box": [349, 1473, 625, 1415], "linking": []}, {"id": 24, "text": "$19.96", "label": "others", "box": [1207, 1421, 1365, 1366], "linking": []}, {"id": 25, "text": " MID:0018998 98", "label": "others", "box": [339, 1526, 711, 1469], "linking": []}, {"id": 26, "text": "240771", "label": "others", "box": [340, 1585, 508, 1526], "linking": []}, {"id": 27, "text": " TID:", "label": "others", "box": [1135, 1525, 1243, 1470], "linking": []}, {"id": 28, "text": " 17:02:35", "label": "others", "box": [1207, 1471, 1415, 1416], "linking": []}, {"id": 29, "text": "CREDIT CARD", "label": "others", "box": [754, 1649, 1058, 1591], "linking": []}, {"id": 30, "text": "PURCHASE", "label": "others", "box": [755, 1719, 986, 1661], "linking": []}, {"id": 31, "text": " CARD #:", "label": "others", "box": [335, 1796, 535, 1742], "linking": []}, {"id": 32, "text": " Chip Card:", "label": "others", "box": [337, 1852, 625, 1797], "linking": []}, {"id": 33, "text": "XXXXXXXXXXX1000", "label": "others", "box": [1025, 1782, 1421, 1725], "linking": []}, {"id": 34, "text": "AMERICAN EXPRESS", "label": "others", "box": [996, 1840, 1426, 1776], "linking": []}, {"id": 35, "text": " Chip Card AID:", "label": "others", "box": [335, 1912, 728, 1847], "linking": []}, {"id": 36, "text": " ATC:", "label": "others", "box": [337, 1967, 450, 1912], "linking": []}, {"id": 37, "text": " TC:", "label": "others", "box": [334, 2022, 436, 1970], "linking": []}, {"id": 38, "text": " TSI:", "label": "others", "box": [329, 2085, 446, 2029], "linking": []}, {"id": 39, "text": " INVOICE", "label": "others", "box": [324, 2149, 516, 2086], "linking": []}, {"id": 40, "text": "A00000002501", "label": "others", "box": [1112, 1890, 1426, 1835], "linking": []}, {"id": 41, "text": "005B", "label": "others", "box": [1329, 1939, 1429, 1892], "linking": []}, {"id": 42, "text": "CBC42BAF06DOBF91", "label": "others", "box": [1002, 2011, 1430, 1946], "linking": []}, {"id": 43, "text": "E800", "label": "others", "box": [533, 2083, 642, 2021], "linking": []}, {"id": 44, "text": " :", "label": "others", "box": [526, 2145, 553, 2085], "linking": []}, {"id": 45, "text": " ARC:", "label": "others", "box": [1140, 2065, 1258, 2007], "linking": []}, {"id": 46, "text": " 829287", "label": "others", "box": [1269, 2064, 1438, 2001], "linking": []}, {"id": 47, "text": "494000059", "label": "others", "box": [1201, 2120, 1447, 2061], "linking": []}, {"id": 48, "text": "829287", "label": "others", "box": [1282, 2178, 1451, 2118], "linking": []}, {"id": 49, "text": "Cntctless", "label": "others", "box": [1198, 2244, 1458, 2182], "linking": []}, {"id": 50, "text": "Issuer", "label": "others", "box": [1285, 2301, 1461, 2243], "linking": []}, {"id": 51, "text": "$19.96", "label": "total amount", "box": [1288, 2384, 1466, 2315], "linking": []}, {"id": 52, "text": " Approval Code:", "label": "others", "box": [323, 2211, 727, 2141], "linking": []}, {"id": 53, "text": " Entry Method:", "label": "others", "box": [313, 2272, 697, 2201], "linking": []}, {"id": 54, "text": " Mode", "label": "others", "box": [310, 2333, 418, 2277], "linking": []}, {"id": 55, "text": "SALE AMOUNT", "label": "others", "box": [304, 2414, 638, 2340], "linking": []}, {"id": 56, "text": " :", "label": "others", "box": [429, 2333, 459, 2277], "linking": []}, {"id": 57, "text": "APPROVED BY ISSUER", "label": "others", "box": [606, 2469, 1131, 2386], "linking": []}, {"id": 58, "text": "*****************************************", "label": "others", "box": [337, 2580, 1514, 2491], "linking": []}, {"id": 59, "text": "and get Free Shipping, Video, Music & more", "label": "others", "box": [305, 2723, 1560, 2623], "linking": []}, {"id": 60, "text": "Earn 5% Back at Whole Foods Market", "label": "others", "box": [405, 2868, 1434, 2771], "linking": []}, {"id": 61, "text": "Prime members save at Whole Foods Market,", "label": "others", "box": [315, 2656, 1531, 2551], "linking": []}, {"id": 62, "text": "Learn more at amazon.com/PrimeSavings", "label": "others", "box": [383, 2787, 1488, 2690], "linking": []}, {"id": 63, "text": "with the Amazon Prime Rewards Visa.", "label": "others", "box": [411, 2936, 1463, 2843], "linking": []}]