[{"id": 0, "text": "merchant name", "label": "others", "box": [116, 75, 155, 62], "linking": []}, {"id": 1, "text": "merchant address", "label": "others", "box": [82, 95, 272, 80], "linking": []}, {"id": 2, "text": "merchant address", "label": "others", "box": [109, 117, 207, 101], "linking": []}, {"id": 3, "text": "merchant address", "label": "others", "box": [65, 139, 240, 122], "linking": []}, {"id": 4, "text": "merchant name", "label": "others", "box": [158, 75, 171, 62], "linking": []}, {"id": 5, "text": "merchant name", "label": "others", "box": [174, 75, 225, 62], "linking": []}, {"id": 6, "text": "merchant address", "label": "others", "box": [211, 117, 237, 101], "linking": []}, {"id": 7, "text": "merchant address", "label": "others", "box": [243, 139, 282, 122], "linking": []}, {"id": 8, "text": "SWIW OSS", "label": "others", "box": [142, 184, 214, 167], "linking": []}, {"id": 9, "text": "9693 Ricardo H", "label": "others", "box": [4, 232, 131, 213], "linking": []}, {"id": 10, "text": " WS#:", "label": "others", "box": [299, 260, 338, 240], "linking": []}, {"id": 11, "text": " 2", "label": "others", "box": [341, 260, 353, 241], "linking": []}, {"id": 12, "text": "CHK 135631", "label": "others", "box": [136, 306, 222, 288], "linking": []}, {"id": 13, "text": " 29 Oct' 19 9:36 AM", "label": "others", "box": [103, 331, 251, 313], "linking": []}, {"id": 14, "text": " 1", "label": "e quantity", "box": [19, 378, 33, 360], "linking": []}, {"id": 15, "text": " 1", "label": "e quantity", "box": [22, 400, 34, 383], "linking": []}, {"id": 16, "text": " TA Water", "label": "0 description beginning", "box": [35, 378, 109, 360], "linking": []}, {"id": 17, "text": " TA Black Filter", "label": "0 description beginning", "box": [37, 401, 163, 383], "linking": []}, {"id": 18, "text": "AmEx", "label": "others", "box": [40, 420, 75, 406], "linking": []}, {"id": 19, "text": "XXXXXXXXXXX1002", "label": "others", "box": [40, 442, 166, 424], "linking": []}, {"id": 20, "text": " 750ml Still", "label": "0 description beginning", "box": [112, 379, 206, 361], "linking": []}, {"id": 21, "text": "1.50", "label": "5 total price per item", "box": [265, 380, 299, 362], "linking": []}, {"id": 22, "text": "0.99", "label": "5 total price per item", "box": [264, 402, 299, 386], "linking": []}, {"id": 23, "text": "$2.49", "label": "others", "box": [255, 424, 298, 408], "linking": []}, {"id": 24, "text": " 0.42 VAT", "label": "2 tax total", "box": [66, 484, 138, 467], "linking": []}, {"id": 25, "text": " Net Total:", "label": "others", "box": [39, 506, 124, 488], "linking": []}, {"id": 26, "text": "Cold Drinks", "label": "0 description beginning", "box": [37, 530, 134, 510], "linking": []}, {"id": 27, "text": " Hot", "label": "0 description beginning", "box": [38, 552, 67, 534], "linking": []}, {"id": 28, "text": "Payment", "label": "others", "box": [36, 577, 100, 557], "linking": []}, {"id": 29, "text": "Change Due", "label": "others", "box": [11, 603, 182, 581], "linking": []}, {"id": 30, "text": " 20%", "label": "others", "box": [140, 485, 167, 469], "linking": []}, {"id": 31, "text": "2.49", "label": "others", "box": [262, 488, 297, 472], "linking": []}, {"id": 32, "text": "92.07", "label": "sub total", "box": [255, 511, 298, 494], "linking": []}, {"id": 33, "text": "91.50", "label": "5 total price per item", "box": [256, 535, 300, 517], "linking": []}, {"id": 34, "text": " $0.", "label": "5 total price per item", "box": [256, 557, 277, 540], "linking": []}, {"id": 35, "text": "$2.49", "label": "total amount", "box": [256, 582, 301, 564], "linking": []}, {"id": 36, "text": "$0.00", "label": "others", "box": [263, 607, 347, 588], "linking": []}, {"id": 37, "text": " Drinks", "label": "0 description beginning", "box": [70, 554, 125, 535], "linking": []}, {"id": 38, "text": " 99", "label": "5 total price per item", "box": [280, 558, 299, 541], "linking": []}, {"id": 39, "text": "Check Closed", "label": "others", "box": [129, 651, 235, 632], "linking": []}, {"id": 40, "text": " 29 Oct'19 9:37 AM", "label": "others", "box": [105, 675, 250, 656], "linking": []}, {"id": 41, "text": "----", "label": "others", "box": [238, 648, 277, 639], "linking": []}, {"id": 42, "text": "www. pret.com", "label": "others", "box": [130, 721, 233, 707], "linking": []}, {"id": 43, "text": " TALK", "label": "others", "box": [130, 744, 168, 728], "linking": []}, {"id": 44, "text": " We love to hear", "label": "others", "box": [10, 769, 143, 750], "linking": []}, {"id": 45, "text": " the", "label": "others", "box": [88, 792, 116, 774], "linking": []}, {"id": 46, "text": " Pret", "label": "others", "box": [69, 817, 109, 799], "linking": []}, {"id": 47, "text": " VAT", "label": "others", "box": [105, 841, 132, 823], "linking": []}, {"id": 48, "text": " TO PRET", "label": "others", "box": [171, 745, 232, 728], "linking": []}, {"id": 49, "text": " your", "label": "others", "box": [146, 770, 185, 751], "linking": []}, {"id": 50, "text": " bad and", "label": "others", "box": [119, 793, 184, 775], "linking": []}, {"id": 51, "text": " A Manger", "label": "others", "box": [112, 819, 184, 799], "linking": []}, {"id": 52, "text": " feedback", "label": "others", "box": [189, 770, 259, 751], "linking": []}, {"id": 53, "text": " the", "label": "others", "box": [188, 794, 216, 775], "linking": []}, {"id": 54, "text": " (Europe) Ltd", "label": "others", "box": [187, 819, 292, 799], "linking": []}, {"id": 55, "text": " 927137420", "label": "others", "box": [170, 842, 250, 823], "linking": []}, {"id": 56, "text": " (the", "label": "others", "box": [262, 771, 299, 752], "linking": []}, {"id": 57, "text": " ugly).", "label": "others", "box": [220, 795, 269, 775], "linking": []}, {"id": 58, "text": " good", "label": "others", "box": [302, 771, 341, 752], "linking": []}, {"id": 59, "text": " No.", "label": "others", "box": [136, 841, 167, 823], "linking": []}]