[{"id": 0, "text": "merchant name", "label": "others", "box": [162, 48, 181, 36], "linking": []}, {"id": 1, "text": "merchant address", "label": "others", "box": [175, 61, 215, 49], "linking": []}, {"id": 2, "text": "merchant phone", "label": "others", "box": [189, 75, 248, 61], "linking": []}, {"id": 3, "text": "merchant name", "label": "others", "box": [183, 48, 191, 35], "linking": []}, {"id": 4, "text": "merchant name", "label": "others", "box": [193, 47, 275, 32], "linking": []}, {"id": 5, "text": "merchant address", "label": "others", "box": [217, 60, 258, 47], "linking": []}, {"id": 6, "text": " Server:", "label": "others", "box": [85, 105, 121, 94], "linking": []}, {"id": 7, "text": " 08:30 PM", "label": "others", "box": [84, 117, 123, 107], "linking": []}, {"id": 8, "text": "41/10", "label": "others", "box": [81, 130, 108, 119], "linking": []}, {"id": 9, "text": " Trenna", "label": "others", "box": [123, 105, 153, 94], "linking": []}, {"id": 10, "text": " DO8:", "label": "others", "box": [279, 100, 302, 88], "linking": []}, {"id": 11, "text": " 11/05/2019", "label": "others", "box": [304, 100, 356, 86], "linking": []}, {"id": 12, "text": "11/05/2019", "label": "others", "box": [306, 112, 356, 101], "linking": []}, {"id": 13, "text": "9/90111", "label": "others", "box": [320, 128, 356, 116], "linking": []}, {"id": 14, "text": "SALE", "label": "others", "box": [207, 159, 229, 146], "linking": []}, {"id": 15, "text": "FREX", "label": "others", "box": [80, 193, 102, 181], "linking": []}, {"id": 16, "text": "Card #XXXXXXXXXXX1009", "label": "others", "box": [78, 209, 184, 195], "linking": []}, {"id": 17, "text": " Magnetic card present:", "label": "others", "box": [80, 226, 189, 211], "linking": []}, {"id": 18, "text": " S", "label": "others", "box": [176, 240, 184, 227], "linking": []}, {"id": 19, "text": "7340051", "label": "others", "box": [320, 191, 357, 179], "linking": []}, {"id": 20, "text": " Card Entry Method:", "label": "others", "box": [80, 241, 173, 228], "linking": []}, {"id": 21, "text": " Approval:", "label": "others", "box": [78, 273, 125, 260], "linking": []}, {"id": 22, "text": " 049500", "label": "others", "box": [127, 273, 159, 259], "linking": []}, {"id": 23, "text": " Amount", "label": "others", "box": [247, 305, 274, 293], "linking": []}, {"id": 24, "text": " :", "label": "others", "box": [276, 305, 284, 293], "linking": []}, {"id": 25, "text": "$26.06", "label": "sub total", "box": [327, 305, 360, 292], "linking": []}, {"id": 26, "text": " +Suggested Gratuity:", "label": "others", "box": [155, 338, 258, 326], "linking": []}, {"id": 27, "text": "$4.88", "label": "others", "box": [331, 337, 360, 325], "linking": []}, {"id": 28, "text": " = Balance Dus:", "label": "others", "box": [212, 372, 285, 359], "linking": []}, {"id": 29, "text": "$30.92", "label": "others", "box": [328, 371, 362, 358], "linking": []}, {"id": 30, "text": "LOICe)", "label": "3 tip", "box": [293, 400, 369, 377], "linking": []}, {"id": 31, "text": "0.92", "label": "total amount", "box": [278, 449, 380, 405], "linking": []}, {"id": 32, "text": "I agree to pay the above", "label": "others", "box": [154, 491, 282, 476], "linking": []}, {"id": 33, "text": "total amount according to the", "label": "others", "box": [140, 509, 293, 494], "linking": []}, {"id": 34, "text": "card issuer agreement.", "label": "others", "box": [158, 527, 275, 512], "linking": []}, {"id": 35, "text": " + Add1/Other Gratuity:", "label": "others", "box": [171, 405, 283, 391], "linking": []}, {"id": 36, "text": " =", "label": "others", "box": [211, 439, 217, 424], "linking": []}, {"id": 37, "text": " Grand Total", "label": "others", "box": [220, 440, 287, 421], "linking": []}, {"id": 38, "text": "A suggested gratuity of 15% - 20%", "label": "others", "box": [96, 607, 334, 581], "linking": []}, {"id": 39, "text": "gratuity is always discretionary", "label": "others", "box": [93, 647, 326, 619], "linking": []}, {"id": 40, "text": "is customary. The amount of", "label": "others", "box": [119, 626, 311, 600], "linking": []}]