[{"id": 0, "text": "merchant name", "label": "others", "box": [184, 89, 269, 74], "linking": []}, {"id": 1, "text": " RECEIVED", "label": "others", "box": [272, 88, 324, 73], "linking": []}, {"id": 2, "text": "merchant address", "label": "others", "box": [221, 118, 240, 104], "linking": []}, {"id": 3, "text": "merchant address", "label": "others", "box": [225, 133, 258, 118], "linking": []}, {"id": 4, "text": "merchant phone", "label": "others", "box": [249, 147, 301, 131], "linking": []}, {"id": 5, "text": "merchant address", "label": "others", "box": [242, 118, 293, 103], "linking": []}, {"id": 6, "text": "merchant address", "label": "others", "box": [281, 131, 314, 116], "linking": []}, {"id": 7, "text": "merchant address", "label": "others", "box": [203, 133, 223, 119], "linking": []}, {"id": 8, "text": "merchant phone", "label": "others", "box": [215, 148, 247, 133], "linking": []}, {"id": 9, "text": "merchant address", "label": "others", "box": [261, 132, 278, 118], "linking": []}, {"id": 10, "text": " Host:", "label": "others", "box": [130, 161, 163, 148], "linking": []}, {"id": 11, "text": "ORDER #698", "label": "others", "box": [131, 177, 193, 163], "linking": []}, {"id": 12, "text": " Wilbel", "label": "others", "box": [165, 161, 205, 148], "linking": []}, {"id": 13, "text": "12/06/2019", "label": "others", "box": [325, 159, 384, 144], "linking": []}, {"id": 14, "text": " 6:07 PM", "label": "others", "box": [342, 174, 385, 160], "linking": []}, {"id": 15, "text": "10605", "label": "others", "box": [355, 185, 386, 173], "linking": []}, {"id": 16, "text": "Chicken Bowl", "label": "0 description beginning", "box": [125, 241, 201, 227], "linking": []}, {"id": 17, "text": "Guacamole", "label": "1 description inside", "box": [135, 255, 196, 242], "linking": []}, {"id": 18, "text": "Regular Beer", "label": "0 description beginning", "box": [123, 271, 202, 256], "linking": []}, {"id": 19, "text": "8.95", "label": "5 total price per item", "box": [363, 241, 390, 227], "linking": []}, {"id": 20, "text": "2.70", "label": "5 total price per item", "box": [362, 255, 391, 242], "linking": []}, {"id": 21, "text": "5.10", "label": "5 total price per item", "box": [363, 271, 392, 257], "linking": []}, {"id": 22, "text": "How're we doing? Let us know at", "label": "others", "box": [121, 317, 323, 301], "linking": []}, {"id": 23, "text": "Chipot leFeedback.com", "label": "others", "box": [122, 334, 254, 317], "linking": []}, {"id": 24, "text": "to win FREE Chipotle for a year!", "label": "others", "box": [123, 349, 328, 333], "linking": []}, {"id": 25, "text": " Unique Code:", "label": "others", "box": [121, 365, 199, 350], "linking": []}, {"id": 26, "text": "685 002 100 161 010 459 70", "label": "others", "box": [123, 398, 299, 382], "linking": []}, {"id": 27, "text": "For complete rules visit our website.", "label": "others", "box": [115, 433, 363, 416], "linking": []}, {"id": 28, "text": "Subtotal", "label": "others", "box": [112, 485, 169, 469], "linking": []}, {"id": 29, "text": "Tax", "label": "others", "box": [112, 503, 135, 488], "linking": []}, {"id": 30, "text": "16.75", "label": "sub total", "box": [365, 483, 398, 467], "linking": []}, {"id": 31, "text": "1.49", "label": "2 tax total", "box": [372, 500, 398, 485], "linking": []}, {"id": 32, "text": "DINE IN Total", "label": "others", "box": [109, 539, 202, 524], "linking": []}, {"id": 33, "text": "CP Card", "label": "others", "box": [110, 555, 163, 540], "linking": []}, {"id": 34, "text": "Authorizing ...", "label": "others", "box": [124, 574, 223, 556], "linking": []}, {"id": 35, "text": "Balance Due", "label": "others", "box": [110, 588, 189, 572], "linking": []}, {"id": 36, "text": "18.24", "label": "total amount", "box": [368, 536, 404, 520], "linking": []}, {"id": 37, "text": "18.24", "label": "total amount", "box": [369, 553, 402, 537], "linking": []}, {"id": 38, "text": "18.24", "label": "total amount", "box": [369, 589, 403, 573], "linking": []}, {"id": 39, "text": "Buy a $30 holiday gift card & get a BOGO", "label": "others", "box": [117, 627, 397, 606], "linking": []}, {"id": 40, "text": "entr\u00e9e on your next visit", "label": "others", "box": [166, 642, 342, 624], "linking": []}]