[{"id": 0, "text": "merchant name", "label": "others", "box": [112, 45, 228, 21], "linking": []}, {"id": 1, "text": "merchant address", "label": "others", "box": [163, 75, 317, 48], "linking": []}, {"id": 2, "text": "merchant address", "label": "others", "box": [78, 105, 402, 77], "linking": []}, {"id": 3, "text": "merchant address", "label": "others", "box": [242, 45, 377, 20], "linking": []}, {"id": 4, "text": "CHK 712258", "label": "others", "box": [186, 162, 306, 133], "linking": []}, {"id": 5, "text": " 11/30/2019 08:25 PM", "label": "others", "box": [128, 190, 354, 165], "linking": []}, {"id": 6, "text": "2836583", "label": "others", "box": [76, 217, 166, 193], "linking": []}, {"id": 7, "text": " Drawer:", "label": "others", "box": [195, 219, 285, 194], "linking": []}, {"id": 8, "text": " 2 Reg:", "label": "others", "box": [290, 220, 382, 193], "linking": []}, {"id": 9, "text": " 1", "label": "others", "box": [386, 220, 402, 193], "linking": []}, {"id": 10, "text": " Tl", "label": "0 description beginning", "box": [42, 277, 68, 251], "linking": []}, {"id": 11, "text": " Classic Htchoc", "label": "1 description inside", "box": [73, 279, 250, 251], "linking": []}, {"id": 12, "text": "3.75", "label": "5 total price per item", "box": [375, 278, 425, 251], "linking": []}, {"id": 13, "text": "Anex", "label": "others", "box": [40, 334, 92, 311], "linking": []}, {"id": 14, "text": "XXXXXXXXXXXX1005", "label": "others", "box": [40, 366, 236, 339], "linking": []}, {"id": 15, "text": " Card Entry:", "label": "others", "box": [40, 397, 178, 369], "linking": []}, {"id": 16, "text": " Trans Type:", "label": "others", "box": [42, 427, 179, 399], "linking": []}, {"id": 17, "text": " Reference #:", "label": "others", "box": [43, 455, 193, 429], "linking": []}, {"id": 18, "text": " App Label:", "label": "others", "box": [46, 483, 171, 458], "linking": []}, {"id": 19, "text": " Auth #:", "label": "others", "box": [50, 510, 137, 486], "linking": []}, {"id": 20, "text": " A000000025010801", "label": "others", "box": [108, 537, 297, 512], "linking": []}, {"id": 21, "text": " 0000008000", "label": "others", "box": [108, 566, 228, 541], "linking": []}, {"id": 22, "text": " EBOO", "label": "others", "box": [109, 594, 161, 570], "linking": []}, {"id": 23, "text": "4.08", "label": "others", "box": [375, 339, 426, 314], "linking": []}, {"id": 24, "text": " QUICK CHIP", "label": "others", "box": [183, 397, 307, 370], "linking": []}, {"id": 25, "text": " PURCHASE", "label": "others", "box": [184, 428, 285, 401], "linking": []}, {"id": 26, "text": " 00000213", "label": "others", "box": [198, 456, 298, 431], "linking": []}, {"id": 27, "text": " AMERICAN EXPRESS", "label": "others", "box": [175, 484, 367, 458], "linking": []}, {"id": 28, "text": " 863575", "label": "others", "box": [141, 511, 216, 487], "linking": []}, {"id": 29, "text": " AID:", "label": "others", "box": [51, 538, 103, 513], "linking": []}, {"id": 30, "text": " TVR:", "label": "others", "box": [52, 567, 104, 542], "linking": []}, {"id": 31, "text": " TSI:", "label": "others", "box": [50, 595, 104, 570], "linking": []}, {"id": 32, "text": "Subtotal", "label": "others", "box": [50, 651, 146, 625], "linking": []}, {"id": 33, "text": "Tax 8.875%", "label": "others", "box": [51, 680, 172, 652], "linking": []}, {"id": 34, "text": "Total", "label": "others", "box": [53, 708, 113, 684], "linking": []}, {"id": 35, "text": "Change Due", "label": "others", "box": [17, 739, 251, 710], "linking": []}, {"id": 36, "text": "$3.75", "label": "sub total", "box": [351, 646, 411, 622], "linking": []}, {"id": 37, "text": "$0.33", "label": "2 tax total", "box": [352, 674, 410, 650], "linking": []}, {"id": 38, "text": "$4.08", "label": "total amount", "box": [352, 702, 411, 678], "linking": []}, {"id": 39, "text": "$0.00", "label": "others", "box": [363, 733, 476, 707], "linking": []}, {"id": 40, "text": "Check Closed", "label": "others", "box": [153, 792, 301, 761], "linking": []}, {"id": 41, "text": " 11/30/2019 08:25 PM", "label": "others", "box": [136, 823, 358, 791], "linking": []}, {"id": 42, "text": "Join our loyalty program", "label": "others", "box": [112, 971, 396, 941], "linking": []}, {"id": 43, "text": "Starbucks Rewardss", "label": "others", "box": [146, 999, 361, 968], "linking": []}, {"id": 44, "text": "Sign up for promotional emails", "label": "others", "box": [74, 1033, 431, 995], "linking": []}, {"id": 45, "text": "Or download our app", "label": "others", "box": [135, 1088, 365, 1053], "linking": []}, {"id": 46, "text": "Some restrictions apply", "label": "others", "box": [114, 1138, 383, 1105], "linking": []}, {"id": 47, "text": "Visit Starbucks.com/rewards", "label": "others", "box": [87, 1059, 409, 1027], "linking": []}, {"id": 48, "text": "At participating stores", "label": "others", "box": [112, 1113, 383, 1081], "linking": []}]