[{"id": 0, "text": " 13:24 4G", "label": "others", "box": [47, 61, 177, 27], "linking": []}, {"id": 1, "text": "KB/S LTEO", "label": "others", "box": [243, 62, 326, 42], "linking": []}, {"id": 2, "text": "BOX", "label": "others", "box": [379, 52, 409, 38], "linking": []}, {"id": 3, "text": "94", "label": "others", "box": [985, 56, 1014, 37], "linking": []}, {"id": 4, "text": "Support", "label": "others", "box": [951, 158, 1069, 128], "linking": []}, {"id": 5, "text": "Order Summary", "label": "others", "box": [30, 283, 454, 223], "linking": []}, {"id": 6, "text": "merchant name", "label": "others", "box": [29, 385, 347, 342], "linking": []}, {"id": 7, "text": "merchant address", "label": "others", "box": [29, 425, 997, 394], "linking": []}, {"id": 8, "text": "merchant address", "label": "others", "box": [29, 467, 150, 438], "linking": []}, {"id": 9, "text": "This order with Wakhra Punjab was delivered", "label": "others", "box": [30, 551, 660, 521], "linking": []}, {"id": 10, "text": "Your Order", "label": "others", "box": [28, 688, 260, 648], "linking": []}, {"id": 11, "text": "MARK AS FAVORITE", "label": "others", "box": [774, 679, 1023, 652], "linking": []}, {"id": 12, "text": "Veg Thali", "label": "0 description beginning", "box": [62, 773, 232, 739], "linking": []}, {"id": 13, "text": " Choose Your Dish:", "label": "1 description inside", "box": [29, 820, 279, 791], "linking": []}, {"id": 14, "text": " X", "label": "others", "box": [116, 871, 144, 841], "linking": []}, {"id": 15, "text": " Butter Naan", "label": "1 description inside", "box": [284, 820, 456, 791], "linking": []}, {"id": 16, "text": "17", "label": "e quantity", "box": [48, 870, 75, 842], "linking": []}, {"id": 17, "text": " \u20b9 235", "label": "others", "box": [150, 871, 232, 841], "linking": []}, {"id": 18, "text": " \u20b9 188", "label": "unit price", "box": [238, 870, 306, 842], "linking": []}, {"id": 19, "text": "23196", "label": "5 total price per item", "box": [968, 869, 1052, 842], "linking": []}, {"id": 20, "text": "Item Total", "label": "others", "box": [30, 981, 198, 949], "linking": []}, {"id": 21, "text": " \u00a53995", "label": "others", "box": [855, 978, 943, 948], "linking": []}, {"id": 22, "text": " 3196", "label": "sub total", "box": [980, 981, 1050, 949], "linking": []}, {"id": 23, "text": "Delivery Charge", "label": "others", "box": [28, 1040, 237, 1011], "linking": []}, {"id": 24, "text": "\u4e4f41", "label": "others", "box": [1006, 1036, 1051, 1010], "linking": []}, {"id": 25, "text": "Total", "label": "others", "box": [29, 1123, 115, 1090], "linking": []}, {"id": 26, "text": "73237", "label": "total amount", "box": [950, 1122, 1051, 1090], "linking": []}, {"id": 27, "text": "Your total savings", "label": "others", "box": [26, 1211, 324, 1176], "linking": []}, {"id": 28, "text": "\u5929799", "label": "others", "box": [970, 1206, 1049, 1175], "linking": []}, {"id": 29, "text": "Order Details", "label": "others", "box": [27, 1358, 311, 1318], "linking": []}, {"id": 30, "text": "Order Number", "label": "others", "box": [28, 1439, 205, 1413], "linking": []}, {"id": 31, "text": "1503783675", "label": "others", "box": [31, 1472, 200, 1445], "linking": []}, {"id": 32, "text": "Payment", "label": "others", "box": [28, 1547, 139, 1521], "linking": []}, {"id": 33, "text": " Paid", "label": "others", "box": [30, 1583, 87, 1552], "linking": []}, {"id": 34, "text": " : Using Card", "label": "others", "box": [93, 1583, 271, 1553], "linking": []}, {"id": 35, "text": "Date", "label": "others", "box": [30, 1652, 87, 1630], "linking": []}, {"id": 36, "text": " November 27, 2019 at 07:47 PM", "label": "others", "box": [29, 1690, 469, 1659], "linking": []}, {"id": 37, "text": "Phone number", "label": "others", "box": [29, 1762, 209, 1737], "linking": []}, {"id": 38, "text": "Deliver to", "label": "others", "box": [30, 1872, 147, 1845], "linking": []}, {"id": 39, "text": "epitime towers, DLF Building No. 5 Tower C, DLF Cyber City, DLF Phase 2,", "label": "others", "box": [28, 1909, 1049, 1875], "linking": []}, {"id": 40, "text": "Sector 24, Gurugram, Haryana, India", "label": "others", "box": [27, 1949, 535, 1918], "linking": []}, {"id": 41, "text": "Call Wakhra Punjab (0124 4001675)", "label": "others", "box": [290, 2110, 791, 2077], "linking": []}, {"id": 42, "text": " Repeat", "label": "others", "box": [412, 2250, 545, 2209], "linking": []}, {"id": 43, "text": " ON NEXT STEP", "label": "others", "box": [520, 2282, 709, 2253], "linking": []}, {"id": 44, "text": " Order", "label": "others", "box": [552, 2250, 668, 2210], "linking": []}, {"id": 45, "text": " VIEW", "label": "others", "box": [371, 2282, 438, 2254], "linking": []}, {"id": 46, "text": " CART", "label": "others", "box": [443, 2282, 515, 2254], "linking": []}]