[{"id": 0, "text": "merchant name", "label": "others", "box": [70, 119, 258, 87], "linking": []}, {"id": 1, "text": "merchant address", "label": "others", "box": [67, 158, 197, 132], "linking": []}, {"id": 2, "text": "merchant address", "label": "others", "box": [66, 185, 257, 161], "linking": []}, {"id": 3, "text": "bluebottlecoffee.com", "label": "others", "box": [64, 211, 232, 188], "linking": []}, {"id": 4, "text": "@bluebottleroast", "label": "others", "box": [64, 234, 198, 214], "linking": []}, {"id": 5, "text": "Nov 11, 2019", "label": "others", "box": [304, 163, 402, 144], "linking": []}, {"id": 6, "text": " 1:53 PM", "label": "others", "box": [337, 188, 399, 171], "linking": []}, {"id": 7, "text": "PURCHASE", "label": "others", "box": [176, 276, 282, 258], "linking": []}, {"id": 8, "text": " Ticket:", "label": "others", "box": [60, 323, 111, 302], "linking": []}, {"id": 9, "text": "Authorization 883578", "label": "others", "box": [60, 352, 227, 327], "linking": []}, {"id": 10, "text": "Receipt W8wJ", "label": "others", "box": [59, 380, 169, 359], "linking": []}, {"id": 11, "text": " Blasty", "label": "others", "box": [114, 323, 166, 302], "linking": []}, {"id": 12, "text": "AMERICAN EXPRESS", "label": "others", "box": [56, 430, 223, 411], "linking": []}, {"id": 13, "text": "AID A0 00 00 00 25 01 08 01", "label": "others", "box": [57, 457, 271, 438], "linking": []}, {"id": 14, "text": "TO GO", "label": "others", "box": [197, 496, 243, 479], "linking": []}, {"id": 15, "text": "Cappuccino", "label": "0 description beginning", "box": [54, 539, 148, 520], "linking": []}, {"id": 16, "text": "Hayes Valley, Whole Milk, Flat White", "label": "1 description inside", "box": [53, 567, 329, 545], "linking": []}, {"id": 17, "text": "$5.00", "label": "5 total price per item", "box": [340, 540, 385, 523], "linking": []}, {"id": 18, "text": "Subtotal", "label": "others", "box": [52, 612, 117, 592], "linking": []}, {"id": 19, "text": "Healthy SF Surcharge*", "label": "others", "box": [51, 640, 222, 619], "linking": []}, {"id": 20, "text": "Tip", "label": "others", "box": [50, 663, 76, 644], "linking": []}, {"id": 21, "text": "$5.00", "label": "sub total", "box": [335, 615, 378, 598], "linking": []}, {"id": 22, "text": "$0.20", "label": "others", "box": [334, 639, 378, 623], "linking": []}, {"id": 23, "text": "$1.00", "label": "3 tip", "box": [337, 660, 378, 645], "linking": []}, {"id": 24, "text": "Total", "label": "others", "box": [49, 714, 88, 697], "linking": []}, {"id": 25, "text": "AmEx 1000 (Chip)", "label": "others", "box": [47, 742, 181, 720], "linking": []}, {"id": 26, "text": "$6.20", "label": "total amount", "box": [331, 709, 381, 691], "linking": []}, {"id": 27, "text": "$6.20", "label": "others", "box": [336, 736, 381, 718], "linking": []}, {"id": 28, "text": " Order ahead:", "label": "others", "box": [59, 818, 159, 798], "linking": []}, {"id": 29, "text": "now available on the iOS App Store.", "label": "others", "box": [74, 840, 350, 819], "linking": []}, {"id": 30, "text": " Download our mobile app", "label": "others", "box": [162, 817, 367, 797], "linking": []}, {"id": 31, "text": " Return Policy:", "label": "others", "box": [97, 888, 202, 867], "linking": []}, {"id": 32, "text": "merchandise purchased In our cafes, we", "label": "others", "box": [57, 910, 366, 887], "linking": []}, {"id": 33, "text": "where it was purchased in new condition,", "label": "others", "box": [54, 954, 367, 927], "linking": []}, {"id": 34, "text": "happy to offer exchanges or store credit if", "label": "others", "box": [52, 998, 372, 969], "linking": []}, {"id": 35, "text": "location.", "label": "others", "box": [178, 1036, 244, 1019], "linking": []}, {"id": 36, "text": " For a refund on", "label": "others", "box": [205, 887, 327, 866], "linking": []}, {"id": 37, "text": "ask that you return the item to the cafe", "label": "others", "box": [62, 933, 361, 907], "linking": []}, {"id": 38, "text": "with a receipt, and within 30 days. We are", "label": "others", "box": [54, 975, 369, 948], "linking": []}, {"id": 39, "text": "an item is returned at a different store", "label": "others", "box": [67, 1018, 356, 993], "linking": []}, {"id": 40, "text": "If you purchased your merchandise online,", "label": "others", "box": [50, 1086, 373, 1060], "linking": []}, {"id": 41, "text": "please email", "label": "others", "box": [162, 1106, 261, 1084], "linking": []}, {"id": 42, "text": "support@bluebottlecoffee.com to learn", "label": "others", "box": [64, 1131, 362, 1107], "linking": []}, {"id": 43, "text": "about online returns.", "label": "others", "box": [128, 1150, 291, 1131], "linking": []}, {"id": 44, "text": "*A 4% surcharge is added in support of", "label": "others", "box": [64, 1196, 363, 1176], "linking": []}, {"id": 45, "text": "employee healthcare in San Francisco", "label": "others", "box": [67, 1219, 359, 1200], "linking": []}]