[{"id": 0, "text": "merchant name", "label": "others", "box": [748, 570, 1040, 508], "linking": []}, {"id": 1, "text": "merchant address", "label": "others", "box": [691, 639, 1112, 570], "linking": []}, {"id": 2, "text": "merchant address", "label": "others", "box": [748, 604, 1051, 545], "linking": []}, {"id": 3, "text": "merchant phone", "label": "others", "box": [800, 669, 1019, 619], "linking": []}, {"id": 4, "text": " Server:", "label": "others", "box": [522, 742, 666, 703], "linking": []}, {"id": 5, "text": " 83/1", "label": "others", "box": [630, 781, 708, 744], "linking": []}, {"id": 6, "text": " 2", "label": "others", "box": [665, 820, 691, 782], "linking": []}, {"id": 7, "text": " Tim", "label": "others", "box": [671, 745, 728, 710], "linking": []}, {"id": 8, "text": "11/13/2019", "label": "others", "box": [1121, 719, 1314, 665], "linking": []}, {"id": 9, "text": "40028", "label": "others", "box": [1220, 790, 1323, 748], "linking": []}, {"id": 10, "text": " Table", "label": "others", "box": [520, 777, 625, 739], "linking": []}, {"id": 11, "text": " Guests:", "label": "others", "box": [514, 818, 660, 777], "linking": []}, {"id": 12, "text": " 8:02 PM", "label": "others", "box": [1175, 753, 1318, 707], "linking": []}, {"id": 13, "text": "Chicken Spring Rolls", "label": "0 description beginning", "box": [506, 898, 890, 853], "linking": []}, {"id": 14, "text": "Steamed Duck Buns", "label": "0 description beginning", "box": [502, 937, 833, 896], "linking": []}, {"id": 15, "text": "Panir Naan", "label": "0 description beginning", "box": [494, 979, 699, 937], "linking": []}, {"id": 16, "text": "Pad Thai", "label": "0 description beginning", "box": [489, 1020, 650, 980], "linking": []}, {"id": 17, "text": "13.00", "label": "5 total price per item", "box": [1237, 874, 1331, 829], "linking": []}, {"id": 18, "text": "16.00", "label": "5 total price per item", "box": [1239, 914, 1345, 875], "linking": []}, {"id": 19, "text": "9.00", "label": "5 total price per item", "box": [1259, 957, 1345, 914], "linking": []}, {"id": 20, "text": "18.00", "label": "5 total price per item", "box": [1247, 1002, 1353, 960], "linking": []}, {"id": 21, "text": "Subtotal", "label": "others", "box": [488, 1108, 650, 1064], "linking": []}, {"id": 22, "text": "Tax", "label": "others", "box": [481, 1151, 549, 1113], "linking": []}, {"id": 23, "text": "56.00", "label": "sub total", "box": [1255, 1096, 1365, 1053], "linking": []}, {"id": 24, "text": "4.98", "label": "2 tax total", "box": [1282, 1145, 1378, 1102], "linking": []}, {"id": 25, "text": " SF", "label": "others", "box": [465, 1250, 515, 1204], "linking": []}, {"id": 26, "text": " Employer Mandates", "label": "others", "box": [523, 1251, 896, 1205], "linking": []}, {"id": 27, "text": "2.53", "label": "others", "box": [1297, 1249, 1393, 1200], "linking": []}, {"id": 28, "text": "Total", "label": "others", "box": [451, 1349, 564, 1304], "linking": []}, {"id": 29, "text": "63.51", "label": "total amount", "box": [1285, 1356, 1402, 1308], "linking": []}, {"id": 30, "text": "Balance Due", "label": "others", "box": [431, 1464, 946, 1410], "linking": []}, {"id": 31, "text": "63.51", "label": "total amount", "box": [1177, 1472, 1412, 1422], "linking": []}, {"id": 32, "text": " Cirque", "label": "others", "box": [625, 1581, 783, 1525], "linking": []}, {"id": 33, "text": " will be at", "label": "others", "box": [600, 1644, 855, 1584], "linking": []}, {"id": 34, "text": "from Nov 3 - Jan 12", "label": "others", "box": [670, 1715, 1161, 1647], "linking": []}, {"id": 35, "text": "Use code AMA15 for", "label": "others", "box": [690, 1777, 1158, 1714], "linking": []}, {"id": 36, "text": "15% off premium tickets,", "label": "others", "box": [616, 1851, 1246, 1776], "linking": []}, {"id": 37, "text": "subject to availability.", "label": "others", "box": [604, 1922, 1250, 1850], "linking": []}, {"id": 38, "text": " du", "label": "others", "box": [791, 1582, 854, 1527], "linking": []}, {"id": 39, "text": " Soleil", "label": "others", "box": [862, 1587, 1027, 1529], "linking": []}, {"id": 40, "text": " Oracle", "label": "others", "box": [865, 1649, 1028, 1591], "linking": []}, {"id": 41, "text": " Amaluna", "label": "others", "box": [1034, 1590, 1220, 1533], "linking": []}, {"id": 42, "text": " Park,", "label": "others", "box": [1038, 1653, 1178, 1595], "linking": []}, {"id": 43, "text": " SF", "label": "others", "box": [1188, 1654, 1249, 1597], "linking": []}]