[{"id": 0, "text": "Thank You For Visiting the", "label": "others", "box": [83, 115, 271, 81], "linking": []}, {"id": 1, "text": "We Love Your Feedback!", "label": "others", "box": [88, 158, 247, 128], "linking": []}, {"id": 2, "text": "merchant name", "label": "others", "box": [77, 139, 263, 108], "linking": []}, {"id": 3, "text": " Text @LTF11006", "label": "others", "box": [84, 178, 191, 144], "linking": []}, {"id": 4, "text": " to 73940", "label": "others", "box": [192, 160, 254, 136], "linking": []}, {"id": 5, "text": "USD", "label": "others", "box": [304, 173, 327, 160], "linking": []}, {"id": 6, "text": "3.99", "label": "5 total price per item", "box": [293, 196, 328, 174], "linking": []}, {"id": 7, "text": "0.23", "label": "5 total price per item", "box": [293, 216, 327, 194], "linking": []}, {"id": 8, "text": " Adobe Taco", "label": "0 description beginning", "box": [26, 239, 94, 216], "linking": []}, {"id": 9, "text": " Salad", "label": "1 description inside", "box": [97, 234, 139, 211], "linking": []}, {"id": 10, "text": " Adobe Sour Cream", "label": "0 description beginning", "box": [26, 257, 137, 230], "linking": []}, {"id": 11, "text": " / C", "label": "1 description inside", "box": [139, 248, 167, 226], "linking": []}, {"id": 12, "text": "4.22", "label": "sub total", "box": [290, 257, 323, 235], "linking": []}, {"id": 13, "text": "0.36", "label": "2 tax total", "box": [287, 278, 321, 257], "linking": []}, {"id": 14, "text": "Sub Total", "label": "others", "box": [182, 278, 250, 248], "linking": []}, {"id": 15, "text": "Tax Amount", "label": "others", "box": [182, 297, 257, 267], "linking": []}, {"id": 16, "text": "Total USD", "label": "others", "box": [19, 377, 135, 343], "linking": []}, {"id": 17, "text": "4.58", "label": "total amount", "box": [248, 359, 311, 323], "linking": []}, {"id": 18, "text": "5009 AMERICAN EXPRESS", "label": "others", "box": [18, 437, 161, 417], "linking": []}, {"id": 19, "text": "4.58", "label": "others", "box": [276, 425, 306, 410], "linking": []}, {"id": 20, "text": "Tax", "label": "others", "box": [18, 488, 39, 474], "linking": []}, {"id": 21, "text": "() 8.60", "label": "others", "box": [19, 506, 64, 490], "linking": []}, {"id": 22, "text": " Taxable Amount", "label": "others", "box": [124, 486, 227, 466], "linking": []}, {"id": 23, "text": "4.22", "label": "sub total", "box": [191, 499, 221, 484], "linking": []}, {"id": 24, "text": " Tax", "label": "others", "box": [232, 482, 257, 465], "linking": []}, {"id": 25, "text": " Amount", "label": "others", "box": [260, 481, 305, 463], "linking": []}, {"id": 26, "text": "0.36", "label": "2 tax total", "box": [273, 498, 304, 482], "linking": []}, {"id": 27, "text": " 11/14/2019 11:40 AM #:56916 Op:3060 C:112", "label": "others", "box": [17, 561, 300, 539], "linking": []}, {"id": 28, "text": " 203 S:1122", "label": "others", "box": [15, 579, 81, 562], "linking": []}, {"id": 29, "text": " Served you", "label": "others", "box": [14, 598, 79, 581], "linking": []}, {"id": 30, "text": " : Lori Schafer", "label": "others", "box": [82, 598, 178, 579], "linking": []}, {"id": 31, "text": " ***", "label": "others", "box": [66, 667, 87, 652], "linking": []}, {"id": 32, "text": " Customer", "label": "others", "box": [90, 667, 146, 652], "linking": []}, {"id": 33, "text": " copy ***", "label": "others", "box": [149, 667, 206, 652], "linking": []}, {"id": 34, "text": " AMEX AEDR", "label": "others", "box": [91, 700, 152, 685], "linking": []}, {"id": 35, "text": " pay", "label": "others", "box": [83, 717, 106, 702], "linking": []}, {"id": 36, "text": "according to card issuer", "label": "others", "box": [59, 734, 219, 718], "linking": []}, {"id": 37, "text": " agreement.", "label": "others", "box": [7, 750, 67, 733], "linking": []}, {"id": 38, "text": " Voucher", "label": "others", "box": [26, 766, 67, 750], "linking": []}, {"id": 39, "text": " (6)", "label": "others", "box": [155, 701, 177, 685], "linking": []}, {"id": 40, "text": " above", "label": "others", "box": [134, 717, 170, 702], "linking": []}, {"id": 41, "text": " I agree to", "label": "others", "box": [15, 717, 80, 701], "linking": []}, {"id": 42, "text": " the", "label": "others", "box": [109, 717, 131, 702], "linking": []}, {"id": 43, "text": " total", "label": "others", "box": [173, 717, 212, 702], "linking": []}, {"id": 44, "text": " amount", "label": "others", "box": [215, 717, 261, 701], "linking": []}, {"id": 45, "text": " (Merchant", "label": "others", "box": [69, 751, 130, 735], "linking": []}, {"id": 46, "text": " )Retain", "label": "others", "box": [70, 768, 117, 751], "linking": []}, {"id": 47, "text": "records.", "label": "others", "box": [108, 785, 159, 770], "linking": []}, {"id": 48, "text": " agreement", "label": "others", "box": [133, 751, 198, 735], "linking": []}, {"id": 49, "text": " this copy", "label": "others", "box": [119, 769, 183, 751], "linking": []}, {"id": 50, "text": " if", "label": "others", "box": [201, 751, 218, 735], "linking": []}, {"id": 51, "text": " for", "label": "others", "box": [185, 769, 211, 752], "linking": []}, {"id": 52, "text": " Credit", "label": "others", "box": [220, 751, 267, 733], "linking": []}, {"id": 53, "text": " your", "label": "others", "box": [213, 769, 245, 752], "linking": []}, {"id": 54, "text": " PURCHASE", "label": "others", "box": [5, 815, 59, 798], "linking": []}, {"id": 55, "text": "AMERICAN EXPRESS", "label": "others", "box": [4, 833, 107, 815], "linking": []}, {"id": 56, "text": "*********** 1002", "label": "others", "box": [6, 849, 99, 833], "linking": []}, {"id": 57, "text": "CHIP READ /", "label": "others", "box": [3, 865, 75, 847], "linking": []}, {"id": 58, "text": " / APPROVED", "label": "others", "box": [61, 817, 128, 800], "linking": []}, {"id": 59, "text": " 2019/11/14 11:40:16", "label": "others", "box": [4, 900, 124, 879], "linking": []}, {"id": 60, "text": "MID", "label": "others", "box": [5, 925, 24, 911], "linking": []}, {"id": 61, "text": "REFERENCE", "label": "others", "box": [4, 944, 61, 926], "linking": []}, {"id": 62, "text": "AUTH CODE", "label": "others", "box": [4, 960, 62, 943], "linking": []}, {"id": 63, "text": "TID", "label": "others", "box": [4, 911, 24, 895], "linking": []}, {"id": 64, "text": "**** 6041", "label": "others", "box": [209, 918, 266, 904], "linking": []}, {"id": 65, "text": "6634460", "label": "others", "box": [218, 933, 269, 919], "linking": []}, {"id": 66, "text": "S1122T112203#56916@100907", "label": "others", "box": [95, 950, 270, 930], "linking": []}, {"id": 67, "text": "879174", "label": "others", "box": [228, 966, 273, 950], "linking": []}, {"id": 68, "text": "TOTAL", "label": "others", "box": [4, 989, 39, 973], "linking": []}, {"id": 69, "text": "USD4.58", "label": "others", "box": [223, 997, 277, 982], "linking": []}, {"id": 70, "text": " ARC:", "label": "others", "box": [8, 1021, 31, 1006], "linking": []}, {"id": 71, "text": " TSI:", "label": "others", "box": [8, 1037, 33, 1022], "linking": []}, {"id": 72, "text": " IAD:", "label": "others", "box": [5, 1053, 34, 1038], "linking": []}, {"id": 73, "text": " TVR:", "label": "others", "box": [5, 1069, 34, 1054], "linking": []}, {"id": 74, "text": " AID:", "label": "others", "box": [9, 1085, 35, 1069], "linking": []}, {"id": 75, "text": " PAN Seq No:", "label": "others", "box": [6, 1103, 84, 1085], "linking": []}, {"id": 76, "text": " 00", "label": "others", "box": [34, 1022, 51, 1007], "linking": []}, {"id": 77, "text": " F800", "label": "others", "box": [35, 1037, 67, 1023], "linking": []}, {"id": 78, "text": " 06600103602002", "label": "others", "box": [37, 1057, 133, 1039], "linking": []}, {"id": 79, "text": " 0000008000", "label": "others", "box": [37, 1071, 107, 1055], "linking": []}, {"id": 80, "text": " A000000025010801", "label": "others", "box": [38, 1086, 151, 1070], "linking": []}, {"id": 81, "text": " 00", "label": "others", "box": [87, 1103, 103, 1088], "linking": []}]