[{"id": 0, "text": "merchant name", "label": "others", "box": [92, 105, 153, 52], "linking": []}, {"id": 1, "text": "merchant address", "label": "others", "box": [111, 162, 191, 127], "linking": []}, {"id": 2, "text": " GSTIN NO", "label": "others", "box": [132, 222, 235, 188], "linking": []}, {"id": 3, "text": "merchant name", "label": "others", "box": [161, 116, 318, 59], "linking": []}, {"id": 4, "text": "merchant name", "label": "others", "box": [326, 118, 365, 70], "linking": []}, {"id": 5, "text": "merchant address", "label": "others", "box": [194, 172, 375, 135], "linking": []}, {"id": 6, "text": "merchant name", "label": "others", "box": [373, 119, 421, 72], "linking": []}, {"id": 7, "text": "merchant name", "label": "others", "box": [430, 119, 489, 74], "linking": []}, {"id": 8, "text": "merchant address", "label": "others", "box": [380, 173, 467, 145], "linking": []}, {"id": 9, "text": "merchant address", "label": "others", "box": [192, 145, 366, 109], "linking": []}, {"id": 10, "text": "merchant address", "label": "others", "box": [229, 201, 340, 167], "linking": []}, {"id": 11, "text": "CIN-U22212DL2009PTC1", "label": "others", "box": [46, 258, 520, 204], "linking": []}, {"id": 12, "text": " In ) ce No.", "label": "others", "box": [44, 328, 174, 287], "linking": []}, {"id": 13, "text": " Da1", "label": "others", "box": [40, 377, 78, 348], "linking": []}, {"id": 14, "text": " POS", "label": "others", "box": [38, 408, 81, 379], "linking": []}, {"id": 15, "text": " :- 07AADCT2481N1ZY", "label": "others", "box": [238, 229, 445, 196], "linking": []}, {"id": 16, "text": " :", "label": "others", "box": [178, 330, 190, 301], "linking": []}, {"id": 17, "text": " :", "label": "others", "box": [177, 359, 201, 332], "linking": []}, {"id": 18, "text": "11,30/19", "label": "others", "box": [197, 397, 297, 360], "linking": []}, {"id": 19, "text": " Stad Name", "label": "others", "box": [43, 357, 174, 320], "linking": []}, {"id": 20, "text": "19PW169073974", "label": "others", "box": [357, 338, 514, 311], "linking": []}, {"id": 21, "text": " Trans:", "label": "others", "box": [332, 370, 415, 338], "linking": []}, {"id": 22, "text": " Time:", "label": "others", "box": [343, 396, 408, 369], "linking": []}, {"id": 23, "text": " a", "label": "others", "box": [81, 379, 98, 352], "linking": []}, {"id": 24, "text": " To.", "label": "others", "box": [84, 411, 125, 383], "linking": []}, {"id": 25, "text": "SHAIL", "label": "others", "box": [223, 365, 284, 336], "linking": []}, {"id": 26, "text": "331139", "label": "others", "box": [430, 369, 513, 340], "linking": []}, {"id": 27, "text": " ********", "label": "others", "box": [413, 397, 513, 372], "linking": []}, {"id": 28, "text": "PW 69", "label": "others", "box": [197, 424, 264, 390], "linking": []}, {"id": 29, "text": " Price/Unit", "label": "others", "box": [181, 485, 320, 445], "linking": []}, {"id": 30, "text": " Ite", "label": "others", "box": [39, 471, 68, 436], "linking": []}, {"id": 31, "text": " m", "label": "others", "box": [73, 472, 88, 439], "linking": []}, {"id": 32, "text": " Name", "label": "others", "box": [93, 477, 167, 440], "linking": []}, {"id": 33, "text": " Qty", "label": "others", "box": [324, 487, 371, 453], "linking": []}, {"id": 34, "text": "Value", "label": "others", "box": [448, 486, 514, 459], "linking": []}, {"id": 35, "text": "SCHWEPPES FLAVOURED WATER 500 ML", "label": "0 description beginning", "box": [33, 574, 429, 528], "linking": []}, {"id": 36, "text": " RAI", "label": "0 description beginning", "box": [28, 620, 73, 591], "linking": []}, {"id": 37, "text": "2003000", "label": "others", "box": [27, 652, 135, 622], "linking": []}, {"id": 38, "text": "YOUA BAR BREAKFAST BAR APPLE CINAMN", "label": "0 description beginning", "box": [30, 693, 467, 654], "linking": []}, {"id": 39, "text": "84.75", "label": "5 total price per item", "box": [459, 727, 526, 695], "linking": []}, {"id": 40, "text": "2201 010", "label": "others", "box": [29, 591, 138, 559], "linking": []}, {"id": 41, "text": "40.00", "label": "unit price", "box": [208, 596, 272, 569], "linking": []}, {"id": 42, "text": " FRESS JUICE POMEGRANATE 100% BT", "label": "0 description beginning", "box": [76, 634, 468, 593], "linking": []}, {"id": 43, "text": "214.29", "label": "5 total price per item", "box": [443, 663, 527, 637], "linking": []}, {"id": 44, "text": "33.90", "label": "5 total price per item", "box": [459, 606, 527, 573], "linking": []}, {"id": 45, "text": "240.00", "label": "unit price", "box": [190, 657, 269, 629], "linking": []}, {"id": 46, "text": "210090", "label": "others", "box": [26, 714, 109, 685], "linking": []}, {"id": 47, "text": "YOUA BAR BREAKFAST BAR APRICOT FIG", "label": "0 description beginning", "box": [27, 750, 456, 716], "linking": []}, {"id": 48, "text": "2", "label": "e quantity", "box": [364, 773, 384, 752], "linking": []}, {"id": 49, "text": "50.00", "label": "unit price", "box": [204, 718, 270, 690], "linking": []}, {"id": 50, "text": "2", "label": "e quantity", "box": [361, 721, 381, 699], "linking": []}, {"id": 51, "text": "210650", "label": "others", "box": [20, 769, 105, 743], "linking": []}, {"id": 52, "text": "50.00", "label": "unit price", "box": [201, 771, 270, 746], "linking": []}, {"id": 53, "text": "84.75", "label": "5 total price per item", "box": [467, 776, 533, 751], "linking": []}, {"id": 54, "text": " Item Count", "label": "others", "box": [17, 833, 156, 802], "linking": []}, {"id": 55, "text": " :", "label": "others", "box": [162, 833, 178, 805], "linking": []}, {"id": 56, "text": "6", "label": "others", "box": [210, 832, 233, 807], "linking": []}, {"id": 57, "text": "417.69", "label": "sub total", "box": [444, 839, 528, 807], "linking": []}, {"id": 58, "text": "Gro #", "label": "others", "box": [13, 899, 77, 870], "linking": []}, {"id": 59, "text": " GD:", "label": "others", "box": [14, 930, 50, 904], "linking": []}, {"id": 60, "text": "GD' 2", "label": "others", "box": [11, 961, 72, 934], "linking": []}, {"id": 61, "text": "--", "label": "others", "box": [16, 988, 50, 974], "linking": []}, {"id": 62, "text": "TON TAX", "label": "others", "box": [15, 1026, 138, 998], "linking": []}, {"id": 63, "text": "Base", "label": "others", "box": [119, 899, 176, 870], "linking": []}, {"id": 64, "text": "203.40", "label": "others", "box": [119, 932, 208, 903], "linking": []}, {"id": 65, "text": "214.29", "label": "others", "box": [119, 965, 204, 936], "linking": []}, {"id": 66, "text": "SGST", "label": "others", "box": [226, 899, 284, 871], "linking": []}, {"id": 67, "text": "18.31", "label": "others", "box": [222, 936, 291, 903], "linking": []}, {"id": 68, "text": "12.86", "label": "others", "box": [215, 967, 295, 935], "linking": []}, {"id": 69, "text": "CGST", "label": "others", "box": [330, 902, 382, 871], "linking": []}, {"id": 70, "text": "18.31", "label": "others", "box": [328, 937, 397, 905], "linking": []}, {"id": 71, "text": "12.86", "label": "others", "box": [334, 969, 401, 937], "linking": []}, {"id": 72, "text": "Cess", "label": "others", "box": [436, 903, 489, 872], "linking": []}, {"id": 73, "text": "0.00", "label": "others", "box": [435, 935, 490, 908], "linking": []}, {"id": 74, "text": "0.00", "label": "others", "box": [434, 968, 490, 940], "linking": []}, {"id": 75, "text": " 3", "label": "others", "box": [55, 930, 73, 904], "linking": []}, {"id": 76, "text": "62.31", "label": "2 tax total", "box": [445, 1030, 510, 1002], "linking": []}, {"id": 77, "text": "Ammt Due", "label": "others", "box": [15, 1084, 150, 1057], "linking": []}, {"id": 78, "text": "480.00", "label": "total amount", "box": [440, 1089, 520, 1063], "linking": []}, {"id": 79, "text": "Tenir Received", "label": "others", "box": [19, 1139, 214, 1111], "linking": []}, {"id": 80, "text": "An \u2039", "label": "others", "box": [20, 1164, 76, 1142], "linking": []}, {"id": 81, "text": "MX", "label": "others", "box": [41, 1196, 100, 1168], "linking": []}, {"id": 82, "text": "1001", "label": "others", "box": [48, 1229, 95, 1201], "linking": []}, {"id": 83, "text": "480.00", "label": "others", "box": [434, 1167, 513, 1140], "linking": []}, {"id": 84, "text": "**** hank You ****", "label": "others", "box": [155, 1296, 374, 1267], "linking": []}, {"id": 85, "text": "Please Visit Again", "label": "others", "box": [152, 1333, 394, 1300], "linking": []}, {"id": 86, "text": "www.wiSmithindia.com", "label": "others", "box": [142, 1365, 402, 1334], "linking": []}]