[{"id": 0, "text": "merchant name", "label": "others", "box": [403, 169, 593, 109], "linking": []}, {"id": 1, "text": "merchant address", "label": "others", "box": [433, 238, 798, 202], "linking": []}, {"id": 2, "text": "theboathousebb.com.au", "label": "others", "box": [458, 275, 785, 240], "linking": []}, {"id": 3, "text": "merchant phone", "label": "others", "box": [545, 311, 764, 277], "linking": []}, {"id": 4, "text": "merchant name", "label": "others", "box": [604, 168, 727, 109], "linking": []}, {"id": 5, "text": "merchant name", "label": "others", "box": [738, 169, 834, 109], "linking": []}, {"id": 6, "text": " ABN:", "label": "others", "box": [473, 311, 539, 278], "linking": []}, {"id": 7, "text": "Tax Invoice", "label": "others", "box": [534, 386, 704, 351], "linking": []}, {"id": 8, "text": " Table:", "label": "others", "box": [248, 458, 346, 424], "linking": []}, {"id": 9, "text": "====", "label": "others", "box": [293, 491, 349, 471], "linking": []}, {"id": 10, "text": " Station:", "label": "others", "box": [245, 534, 374, 500], "linking": []}, {"id": 11, "text": " Check Id:998232 Time:", "label": "others", "box": [242, 575, 564, 538], "linking": []}, {"id": 12, "text": " 38", "label": "others", "box": [353, 460, 391, 426], "linking": []}, {"id": 13, "text": " (Covers:", "label": "others", "box": [725, 462, 851, 427], "linking": []}, {"id": 14, "text": " 0)", "label": "others", "box": [857, 461, 890, 426], "linking": []}, {"id": 15, "text": "====", "label": "others", "box": [873, 492, 938, 475], "linking": []}, {"id": 16, "text": " POS2", "label": "others", "box": [381, 535, 451, 503], "linking": []}, {"id": 17, "text": " Staff:", "label": "others", "box": [570, 537, 665, 502], "linking": []}, {"id": 18, "text": " 14/11/2019 12:20:24 P", "label": "others", "box": [569, 575, 898, 540], "linking": []}, {"id": 19, "text": " Hutch", "label": "others", "box": [672, 536, 755, 503], "linking": []}, {"id": 20, "text": "QTY", "label": "others", "box": [243, 646, 295, 613], "linking": []}, {"id": 21, "text": "ITEM", "label": "others", "box": [337, 648, 403, 614], "linking": []}, {"id": 22, "text": "$", "label": "others", "box": [706, 647, 727, 622], "linking": []}, {"id": 23, "text": "TOTAL", "label": "others", "box": [817, 649, 893, 617], "linking": []}, {"id": 24, "text": "[Food]", "label": "others", "box": [246, 724, 339, 689], "linking": []}, {"id": 25, "text": "*Fish and Chips", "label": "0 description beginning", "box": [336, 803, 573, 767], "linking": []}, {"id": 26, "text": "29.00", "label": "5 total price per item", "box": [816, 802, 897, 768], "linking": []}, {"id": 27, "text": "--", "label": "others", "box": [286, 868, 316, 853], "linking": []}, {"id": 28, "text": " Sub Total:$", "label": "others", "box": [552, 920, 728, 884], "linking": []}, {"id": 29, "text": "29.00", "label": "sub total", "box": [815, 917, 899, 883], "linking": []}, {"id": 30, "text": " Payment Surcharge:$", "label": "others", "box": [423, 999, 729, 962], "linking": []}, {"id": 31, "text": "==", "label": "others", "box": [723, 1029, 749, 1013], "linking": []}, {"id": 32, "text": "0.44", "label": "others", "box": [832, 997, 901, 964], "linking": []}, {"id": 33, "text": " TOTAL:$", "label": "others", "box": [611, 1103, 733, 1044], "linking": []}, {"id": 34, "text": " (inc. GST):$", "label": "others", "box": [536, 1144, 730, 1106], "linking": []}, {"id": 35, "text": "==", "label": "others", "box": [725, 1174, 753, 1157], "linking": []}, {"id": 36, "text": "29.44", "label": "total amount", "box": [817, 1104, 907, 1045], "linking": []}, {"id": 37, "text": "(2.68)", "label": "2 tax total", "box": [806, 1144, 901, 1108], "linking": []}, {"id": 38, "text": " Tyro:$", "label": "others", "box": [629, 1227, 730, 1188], "linking": []}, {"id": 39, "text": " Change:$", "label": "others", "box": [594, 1270, 732, 1231], "linking": []}, {"id": 40, "text": "29.44", "label": "total amount", "box": [821, 1226, 906, 1189], "linking": []}, {"id": 41, "text": "0.00", "label": "others", "box": [837, 1266, 907, 1232], "linking": []}, {"id": 42, "text": " -- POS2 14/11/2019 12:20:31 PM Hutch --", "label": "others", "box": [370, 1388, 853, 1355], "linking": []}, {"id": 43, "text": "* Indicates GST inclusive item(s)", "label": "others", "box": [337, 1439, 884, 1399], "linking": []}, {"id": 44, "text": "Thank you for visiting", "label": "others", "box": [429, 1481, 795, 1440], "linking": []}, {"id": 45, "text": "Please help up with your feedback", "label": "others", "box": [335, 1524, 886, 1481], "linking": []}]