[{"id": 0, "text": "merchant name", "label": "others", "box": [271, 223, 525, 169], "linking": []}, {"id": 1, "text": "merchant address", "label": "others", "box": [285, 264, 523, 210], "linking": []}, {"id": 2, "text": "merchant address", "label": "others", "box": [116, 349, 379, 308], "linking": []}, {"id": 3, "text": "merchant phone", "label": "others", "box": [147, 388, 321, 353], "linking": []}, {"id": 4, "text": " FAX:9662 2518", "label": "others", "box": [120, 430, 312, 392], "linking": []}, {"id": 5, "text": "Tax Invoice", "label": "others", "box": [121, 512, 288, 469], "linking": []}, {"id": 6, "text": "ABN 15 816 216 902", "label": "others", "box": [128, 549, 384, 512], "linking": []}, {"id": 7, "text": "Table", "label": "others", "box": [256, 586, 396, 551], "linking": []}, {"id": 8, "text": " 2314 Serv:", "label": "others", "box": [328, 627, 486, 592], "linking": []}, {"id": 9, "text": " 19/11/2019 6:47 PM", "label": "others", "box": [137, 668, 389, 629], "linking": []}, {"id": 10, "text": "====", "label": "others", "box": [278, 696, 326, 679], "linking": []}, {"id": 11, "text": "Quan Descript", "label": "others", "box": [165, 743, 363, 706], "linking": []}, {"id": 12, "text": "=======", "label": "others", "box": [140, 774, 230, 757], "linking": []}, {"id": 13, "text": "1 GL FONTALEONI VERNACCIA", "label": "0 description beginning", "box": [182, 819, 530, 784], "linking": []}, {"id": 14, "text": "1 M/TAGLIER CRAB", "label": "0 description beginning", "box": [183, 854, 405, 820], "linking": []}, {"id": 15, "text": "=-===========", "label": "others", "box": [147, 879, 315, 865], "linking": []}, {"id": 16, "text": "#210", "label": "others", "box": [452, 586, 566, 551], "linking": []}, {"id": 17, "text": " Trans #:", "label": "others", "box": [128, 632, 248, 589], "linking": []}, {"id": 18, "text": " GRILL TRAINEE", "label": "others", "box": [491, 627, 693, 592], "linking": []}, {"id": 19, "text": " # Cust:1", "label": "others", "box": [551, 669, 677, 634], "linking": []}, {"id": 20, "text": "========", "label": "others", "box": [585, 703, 706, 684], "linking": []}, {"id": 21, "text": "Cost", "label": "others", "box": [613, 747, 677, 714], "linking": []}, {"id": 22, "text": "=======", "label": "others", "box": [603, 781, 704, 761], "linking": []}, {"id": 23, "text": "$15.00", "label": "5 total price per item", "box": [613, 825, 705, 794], "linking": []}, {"id": 24, "text": "$44.00", "label": "5 total price per item", "box": [612, 865, 704, 832], "linking": []}, {"id": 25, "text": "========", "label": "others", "box": [586, 900, 703, 878], "linking": []}, {"id": 26, "text": "$53.64", "label": "sub total", "box": [609, 943, 703, 908], "linking": []}, {"id": 27, "text": "$5.36", "label": "2 tax total", "box": [622, 980, 702, 947], "linking": []}, {"id": 28, "text": "=========", "label": "others", "box": [573, 1014, 701, 987], "linking": []}, {"id": 29, "text": " ========:", "label": "others", "box": [137, 701, 253, 680], "linking": []}, {"id": 30, "text": " Net Total:", "label": "others", "box": [429, 935, 571, 899], "linking": []}, {"id": 31, "text": "GST", "label": "others", "box": [500, 969, 545, 938], "linking": []}, {"id": 32, "text": "===", "label": "others", "box": [500, 1001, 547, 981], "linking": []}, {"id": 33, "text": " $59.00", "label": "total amount", "box": [524, 1060, 700, 1007], "linking": []}, {"id": 34, "text": " TOTAL:", "label": "others", "box": [339, 1046, 516, 997], "linking": []}, {"id": 35, "text": " Amount Due:", "label": "others", "box": [206, 1082, 515, 1032], "linking": []}, {"id": 36, "text": " $13.64", "label": "others", "box": [289, 1136, 375, 1105], "linking": []}, {"id": 37, "text": " Food:", "label": "others", "box": [160, 1102, 228, 1072], "linking": []}, {"id": 38, "text": " Beverage:", "label": "others", "box": [159, 1136, 284, 1106], "linking": []}, {"id": 39, "text": " $40.00", "label": "others", "box": [233, 1102, 321, 1071], "linking": []}, {"id": 40, "text": "$59.00", "label": "total amount", "box": [514, 1097, 700, 1042], "linking": []}]