[{"id": 0, "text": "merchant name", "label": "others", "box": [567, 181, 1125, 117], "linking": []}, {"id": 1, "text": "merchant address", "label": "others", "box": [694, 264, 994, 205], "linking": []}, {"id": 2, "text": " MERCHANT ID:", "label": "others", "box": [397, 420, 647, 361], "linking": []}, {"id": 3, "text": " TERMINAL ID:", "label": "others", "box": [399, 504, 651, 444], "linking": []}, {"id": 4, "text": " DATE:", "label": "others", "box": [407, 596, 520, 521], "linking": []}, {"id": 5, "text": " BATCH:", "label": "others", "box": [407, 669, 550, 611], "linking": []}, {"id": 6, "text": " RRN:", "label": "others", "box": [401, 750, 488, 693], "linking": []}, {"id": 7, "text": "AMERICAN EXPRESS", "label": "others", "box": [411, 830, 749, 773], "linking": []}, {"id": 8, "text": "A000000025010801", "label": "others", "box": [577, 911, 901, 851], "linking": []}, {"id": 9, "text": "*********** 2004", "label": "others", "box": [411, 989, 725, 935], "linking": []}, {"id": 10, "text": "****** 9161", "label": "others", "box": [1060, 423, 1273, 367], "linking": []}, {"id": 11, "text": "******** 6906", "label": "others", "box": [1014, 504, 1276, 447], "linking": []}, {"id": 12, "text": " 13:16", "label": "others", "box": [1164, 584, 1272, 527], "linking": []}, {"id": 13, "text": "009547", "label": "others", "box": [1136, 669, 1272, 608], "linking": []}, {"id": 14, "text": "806298", "label": "others", "box": [1122, 749, 1272, 692], "linking": []}, {"id": 15, "text": "SALE", "label": "others", "box": [1176, 830, 1268, 776], "linking": []}, {"id": 16, "text": "27/11/2019", "label": "others", "box": [535, 585, 783, 526], "linking": []}, {"id": 17, "text": " 000464-005", "label": "others", "box": [562, 669, 783, 610], "linking": []}, {"id": 18, "text": "180000167820", "label": "others", "box": [572, 749, 825, 691], "linking": []}, {"id": 19, "text": " TIME:", "label": "others", "box": [887, 584, 986, 526], "linking": []}, {"id": 20, "text": " INVOICE:", "label": "others", "box": [889, 667, 1049, 607], "linking": []}, {"id": 21, "text": " AUTH NO.", "label": "others", "box": [892, 749, 1036, 692], "linking": []}, {"id": 22, "text": " :", "label": "others", "box": [1047, 748, 1091, 692], "linking": []}, {"id": 23, "text": "AID", "label": "others", "box": [412, 912, 482, 856], "linking": []}, {"id": 24, "text": "CONTACTLESS", "label": "others", "box": [417, 1133, 646, 1071], "linking": []}, {"id": 25, "text": "AMERICAN EXPRESS", "label": "others", "box": [688, 1426, 1009, 1363], "linking": []}, {"id": 26, "text": "SALE AMOUNT", "label": "others", "box": [416, 1577, 819, 1508], "linking": []}, {"id": 27, "text": "\u20ac3.00", "label": "total amount", "box": [1096, 1583, 1291, 1517], "linking": []}, {"id": 28, "text": " I", "label": "others", "box": [455, 1728, 483, 1667], "linking": []}, {"id": 29, "text": " agree to pay the above final amount", "label": "others", "box": [493, 1730, 1219, 1651], "linking": []}, {"id": 30, "text": "According to the card/merchants issuer", "label": "others", "box": [466, 1812, 1233, 1722], "linking": []}, {"id": 31, "text": "agreement", "label": "others", "box": [771, 1856, 960, 1795], "linking": []}, {"id": 32, "text": "CUSTOMER COPY", "label": "others", "box": [614, 2038, 1067, 1907], "linking": []}, {"id": 33, "text": " OB37FC64DA8EB937", "label": "others", "box": [514, 2152, 833, 2045], "linking": []}, {"id": 34, "text": " TC:", "label": "others", "box": [426, 2103, 506, 2044], "linking": []}]