[{"id": 0, "text": "merchant name", "label": "others", "box": [79, 107, 453, 63], "linking": []}, {"id": 1, "text": "merchant address", "label": "others", "box": [79, 163, 298, 131], "linking": []}, {"id": 2, "text": "merchant address", "label": "others", "box": [78, 200, 276, 171], "linking": []}, {"id": 3, "text": "merchant phone", "label": "others", "box": [79, 239, 272, 208], "linking": []}, {"id": 4, "text": "Nov 19, 2019", "label": "others", "box": [456, 162, 611, 127], "linking": []}, {"id": 5, "text": " 10:48 AM", "label": "others", "box": [496, 197, 605, 167], "linking": []}, {"id": 6, "text": "PURCHASE", "label": "others", "box": [270, 310, 430, 279], "linking": []}, {"id": 7, "text": "Authorization 509132", "label": "others", "box": [84, 373, 348, 347], "linking": []}, {"id": 8, "text": "Receipt IzUg", "label": "others", "box": [86, 413, 244, 385], "linking": []}, {"id": 9, "text": "Coffee Small", "label": "0 description beginning", "box": [84, 483, 246, 457], "linking": []}, {"id": 10, "text": "$1.75", "label": "5 total price per item", "box": [544, 475, 609, 452], "linking": []}, {"id": 11, "text": "Subtotal", "label": "others", "box": [84, 552, 189, 527], "linking": []}, {"id": 12, "text": "Sales Tax", "label": "others", "box": [82, 591, 200, 565], "linking": []}, {"id": 13, "text": "$1.75", "label": "sub total", "box": [544, 546, 611, 521], "linking": []}, {"id": 14, "text": "$0.15", "label": "2 tax total", "box": [543, 585, 611, 561], "linking": []}, {"id": 15, "text": "Total", "label": "others", "box": [81, 672, 144, 649], "linking": []}, {"id": 16, "text": "AmEx 1000 (Swipe)", "label": "others", "box": [76, 715, 314, 681], "linking": []}, {"id": 17, "text": "$1.90", "label": "total amount", "box": [535, 670, 611, 641], "linking": []}, {"id": 18, "text": "$1.90", "label": "others", "box": [545, 710, 611, 683], "linking": []}]