[{"id": 0, "text": "merchant name", "label": "others", "box": [223, 41, 321, 23], "linking": []}, {"id": 1, "text": "merchant address", "label": "others", "box": [230, 53, 314, 40], "linking": []}, {"id": 2, "text": "Walkers Salt & Vineg", "label": "0 description beginning", "box": [177, 84, 279, 72], "linking": []}, {"id": 3, "text": "Open Food", "label": "0 description beginning", "box": [177, 95, 225, 84], "linking": []}, {"id": 4, "text": "Wrigleys Extra Spear", "label": "0 description beginning", "box": [177, 105, 277, 94], "linking": []}, {"id": 5, "text": "0.490 kg \u00d7 E 8.00/kg", "label": "1 description inside", "box": [177, 116, 278, 103], "linking": []}, {"id": 6, "text": "Hot Weigh & Pay", "label": "0 description beginning", "box": [177, 126, 257, 114], "linking": []}, {"id": 7, "text": "Large vegware", "label": "0 description beginning", "box": [175, 137, 246, 125], "linking": []}, {"id": 8, "text": "Total GB", "label": "others", "box": [175, 163, 255, 145], "linking": []}, {"id": 9, "text": "0.70", "label": "5 total price per item", "box": [344, 82, 371, 70], "linking": []}, {"id": 10, "text": "0.45", "label": "5 total price per item", "box": [345, 101, 370, 89], "linking": []}, {"id": 11, "text": "1.50", "label": "5 total price per item", "box": [344, 92, 369, 79], "linking": []}, {"id": 12, "text": "3.90", "label": "5 total price per item", "box": [345, 122, 369, 111], "linking": []}, {"id": 13, "text": "0.00", "label": "5 total price per item", "box": [346, 133, 369, 121], "linking": []}, {"id": 14, "text": "6.55", "label": "total amount", "box": [327, 163, 370, 143], "linking": []}, {"id": 15, "text": "5005 AMERICANEXPRESS", "label": "others", "box": [170, 200, 274, 186], "linking": []}, {"id": 16, "text": "6.55", "label": "others", "box": [345, 200, 368, 190], "linking": []}, {"id": 17, "text": "Vat percent", "label": "others", "box": [169, 225, 228, 215], "linking": []}, {"id": 18, "text": "(1) 0.00", "label": "others", "box": [169, 233, 213, 223], "linking": []}, {"id": 19, "text": "Zero Rated", "label": "others", "box": [167, 243, 221, 234], "linking": []}, {"id": 20, "text": "(2) 20.00", "label": "others", "box": [167, 252, 220, 242], "linking": []}, {"id": 21, "text": "Net", "label": "others", "box": [237, 225, 256, 216], "linking": []}, {"id": 22, "text": "5.40", "label": "others", "box": [234, 234, 257, 225], "linking": []}, {"id": 23, "text": "Gross", "label": "others", "box": [280, 226, 310, 216], "linking": []}, {"id": 24, "text": "5.40", "label": "others", "box": [285, 234, 309, 225], "linking": []}, {"id": 25, "text": "VAT", "label": "others", "box": [333, 226, 350, 216], "linking": []}, {"id": 26, "text": "0.00", "label": "others", "box": [329, 235, 351, 225], "linking": []}, {"id": 27, "text": "0.96", "label": "others", "box": [233, 253, 257, 243], "linking": []}, {"id": 28, "text": "1.15", "label": "others", "box": [287, 254, 308, 244], "linking": []}, {"id": 29, "text": "0.19", "label": "2 tax total", "box": [329, 254, 352, 244], "linking": []}, {"id": 30, "text": " 22/10/2019 12:52 PM #:58469 Op:2050 C:21210", "label": "others", "box": [165, 283, 400, 270], "linking": []}, {"id": 31, "text": " Served you", "label": "others", "box": [163, 300, 221, 290], "linking": []}, {"id": 32, "text": " 1 9:2121", "label": "others", "box": [165, 290, 209, 279], "linking": []}, {"id": 33, "text": " : Jean-Marie Bellidor", "label": "others", "box": [223, 301, 336, 290], "linking": []}, {"id": 34, "text": " VAT No:", "label": "others", "box": [225, 318, 266, 308], "linking": []}, {"id": 35, "text": "Thank You !", "label": "others", "box": [236, 328, 302, 318], "linking": []}, {"id": 36, "text": "All prices inclusive of VAT.", "label": "others", "box": [195, 337, 348, 326], "linking": []}, {"id": 37, "text": "Send us your feedback and be In the chance", "label": "others", "box": [158, 348, 392, 335], "linking": []}, {"id": 38, "text": "Email us eri", "label": "others", "box": [231, 365, 307, 354], "linking": []}, {"id": 39, "text": "belgravekitchen@goodeatingcompany.com", "label": "others", "box": [167, 378, 381, 365], "linking": []}, {"id": 40, "text": "To be entered into the draw!", "label": "others", "box": [191, 388, 351, 377], "linking": []}, {"id": 41, "text": " 766234908", "label": "others", "box": [268, 319, 318, 309], "linking": []}, {"id": 42, "text": "of winning your lunch for free!", "label": "others", "box": [183, 357, 361, 344], "linking": []}, {"id": 43, "text": "*** CARDHOLDER COPY ***", "label": "others", "box": [173, 423, 304, 410], "linking": []}, {"id": 44, "text": " P:", "label": "others", "box": [152, 471, 160, 459], "linking": []}, {"id": 45, "text": " :***** 90750", "label": "others", "box": [157, 483, 226, 471], "linking": []}, {"id": 46, "text": " 22/10/2019 12:52:30", "label": "others", "box": [179, 496, 294, 483], "linking": []}, {"id": 47, "text": " #3525106", "label": "others", "box": [163, 471, 214, 459], "linking": []}, {"id": 48, "text": " T", "label": "others", "box": [274, 471, 277, 459], "linking": []}, {"id": 49, "text": " :**** 7548", "label": "others", "box": [279, 472, 335, 458], "linking": []}, {"id": 50, "text": " M", "label": "others", "box": [150, 483, 156, 473], "linking": []}, {"id": 51, "text": "AMERICAN EXPRESS", "label": "others", "box": [148, 519, 246, 508], "linking": []}, {"id": 52, "text": "*********** 1004", "label": "others", "box": [146, 532, 239, 520], "linking": []}, {"id": 53, "text": "CONTACTLESS CP SALE", "label": "others", "box": [143, 558, 275, 544], "linking": []}, {"id": 54, "text": "Please debit my account", "label": "others", "box": [159, 584, 306, 570], "linking": []}, {"id": 55, "text": "AMOUNT", "label": "others", "box": [139, 597, 180, 584], "linking": []}, {"id": 56, "text": "TOTAL", "label": "others", "box": [137, 610, 174, 598], "linking": []}, {"id": 57, "text": "GBP6.55", "label": "others", "box": [290, 597, 338, 584], "linking": []}, {"id": 58, "text": "GBP6.55", "label": "others", "box": [291, 610, 339, 597], "linking": []}, {"id": 59, "text": "NO CAPOHOLDER VERIFICATION", "label": "others", "box": [146, 638, 321, 623], "linking": []}, {"id": 60, "text": "Please Keep This Receipt", "label": "others", "box": [151, 666, 312, 652], "linking": []}, {"id": 61, "text": "For your Records", "label": "others", "box": [177, 679, 288, 665], "linking": []}, {"id": 62, "text": " 17", "label": "others", "box": [206, 694, 222, 679], "linking": []}, {"id": 63, "text": "Trn# 58469 - Till 212101 - Shop 2", "label": "others", "box": [206, 709, 425, 692], "linking": []}, {"id": 64, "text": " Auth Code:", "label": "others", "box": [134, 694, 204, 680], "linking": []}, {"id": 65, "text": " Ref", "label": "others", "box": [131, 709, 150, 695], "linking": []}, {"id": 66, "text": "121", "label": "others", "box": [133, 723, 156, 710], "linking": []}, {"id": 67, "text": " AID:", "label": "others", "box": [131, 738, 160, 724], "linking": []}, {"id": 68, "text": " App Seq:", "label": "others", "box": [129, 755, 186, 739], "linking": []}, {"id": 69, "text": " :", "label": "others", "box": [152, 709, 159, 696], "linking": []}, {"id": 70, "text": " A000000025010801", "label": "others", "box": [163, 738, 273, 723], "linking": []}, {"id": 71, "text": " 00", "label": "others", "box": [189, 754, 206, 739], "linking": []}]