[{"id": 0, "text": " From:", "label": "others", "box": [12, 32, 78, 8], "linking": []}, {"id": 1, "text": " Mon, Nov 25, 2019 at 11:11 AM", "label": "others", "box": [76, 67, 442, 40], "linking": []}, {"id": 2, "text": " Order Confirmation for Mezi from Dumpling Garden", "label": "others", "box": [108, 103, 703, 74], "linking": []}, {"id": 3, "text": "merchant name", "label": "others", "box": [83, 33, 595, 8], "linking": []}, {"id": 4, "text": " Date:", "label": "others", "box": [12, 67, 72, 42], "linking": []}, {"id": 5, "text": " Subject:", "label": "others", "box": [12, 102, 103, 75], "linking": []}, {"id": 6, "text": " To:", "label": "others", "box": [13, 135, 44, 109], "linking": []}, {"id": 7, "text": "Thanks for your order, Mezi", "label": "others", "box": [622, 437, 1302, 385], "linking": []}, {"id": 8, "text": "Paid with American Express ending in 1004", "label": "others", "box": [650, 515, 1271, 477], "linking": []}, {"id": 9, "text": "Dumpling Garden", "label": "others", "box": [832, 564, 1089, 528], "linking": []}, {"id": 10, "text": " $149.50", "label": "total amount", "box": [945, 611, 1069, 577], "linking": []}, {"id": 11, "text": " Total:", "label": "others", "box": [857, 611, 939, 578], "linking": []}, {"id": 12, "text": "Track your order", "label": "others", "box": [819, 731, 1104, 690], "linking": []}, {"id": 13, "text": "Your receipt", "label": "others", "box": [835, 919, 1087, 867], "linking": []}]