[{"id": 0, "text": "merchant name", "label": "others", "box": [485, 448, 630, 414], "linking": []}, {"id": 1, "text": "merchant address", "label": "others", "box": [427, 518, 693, 473], "linking": []}, {"id": 2, "text": "merchant address", "label": "others", "box": [476, 481, 649, 443], "linking": []}, {"id": 3, "text": "merchant phone", "label": "others", "box": [478, 546, 642, 510], "linking": []}, {"id": 4, "text": " User:", "label": "others", "box": [623, 596, 719, 564], "linking": []}, {"id": 5, "text": " 11/10/2019 3:44 pm Station:", "label": "others", "box": [227, 658, 720, 604], "linking": []}, {"id": 6, "text": " Ticket", "label": "others", "box": [228, 619, 346, 582], "linking": []}, {"id": 7, "text": " #", "label": "others", "box": [350, 613, 380, 579], "linking": []}, {"id": 8, "text": " 5423973", "label": "others", "box": [385, 611, 515, 572], "linking": []}, {"id": 9, "text": " 9288", "label": "others", "box": [723, 591, 800, 559], "linking": []}, {"id": 10, "text": " 31", "label": "others", "box": [725, 632, 765, 602], "linking": []}, {"id": 11, "text": " SKU", "label": "others", "box": [233, 770, 293, 741], "linking": []}, {"id": 12, "text": "Description", "label": "others", "box": [233, 807, 432, 773], "linking": []}, {"id": 13, "text": " #", "label": "others", "box": [304, 769, 328, 739], "linking": []}, {"id": 14, "text": "Qty", "label": "others", "box": [531, 758, 585, 726], "linking": []}, {"id": 15, "text": "Price", "label": "others", "box": [654, 750, 759, 720], "linking": []}, {"id": 16, "text": "Total", "label": "others", "box": [783, 746, 883, 716], "linking": []}, {"id": 17, "text": "952", "label": "others", "box": [231, 911, 285, 884], "linking": []}, {"id": 18, "text": " Veggie", "label": "0 description beginning", "box": [228, 950, 344, 916], "linking": []}, {"id": 19, "text": " 1EACH", "label": "e quantity", "box": [498, 904, 600, 872], "linking": []}, {"id": 20, "text": " 10.25", "label": "unit price", "box": [627, 900, 727, 869], "linking": []}, {"id": 21, "text": "10.25", "label": "5 total price per item", "box": [785, 897, 878, 865], "linking": []}, {"id": 22, "text": " burger", "label": "1 description inside", "box": [350, 948, 462, 914], "linking": []}, {"id": 23, "text": " Cal:330", "label": "others", "box": [519, 1006, 631, 969], "linking": []}, {"id": 24, "text": " Cal:427", "label": "others", "box": [517, 1042, 631, 1007], "linking": []}, {"id": 25, "text": "1 EACH", "label": "e quantity", "box": [500, 1096, 595, 1066], "linking": []}, {"id": 26, "text": "Vegan / Local Snacks", "label": "0 description beginning", "box": [228, 1137, 592, 1106], "linking": []}, {"id": 27, "text": " Fat:", "label": "others", "box": [714, 1004, 774, 970], "linking": []}, {"id": 28, "text": " Fat:22", "label": "others", "box": [715, 1041, 816, 1006], "linking": []}, {"id": 29, "text": "4.95", "label": "5 total price per item", "box": [806, 1095, 879, 1064], "linking": []}, {"id": 30, "text": " 10", "label": "others", "box": [780, 1002, 816, 969], "linking": []}, {"id": 31, "text": "Fries only", "label": "0 description beginning", "box": [220, 1050, 377, 1015], "linking": []}, {"id": 32, "text": "5565", "label": "others", "box": [232, 1100, 301, 1072], "linking": []}, {"id": 33, "text": "4.95", "label": "unit price", "box": [647, 1094, 721, 1067], "linking": []}, {"id": 34, "text": "6315", "label": "others", "box": [231, 1215, 297, 1189], "linking": []}, {"id": 35, "text": "Torch Spicy Chicken", "label": "0 description beginning", "box": [226, 1255, 577, 1223], "linking": []}, {"id": 36, "text": " 1", "label": "e quantity", "box": [499, 1216, 512, 1188], "linking": []}, {"id": 37, "text": " EACH", "label": "others", "box": [517, 1216, 603, 1187], "linking": []}, {"id": 38, "text": " 12.95", "label": "unit price", "box": [627, 1215, 722, 1185], "linking": []}, {"id": 39, "text": "12.95", "label": "5 total price per item", "box": [785, 1215, 879, 1184], "linking": []}, {"id": 40, "text": "965", "label": "others", "box": [229, 1333, 281, 1306], "linking": []}, {"id": 41, "text": "HOT CHOC-MEDIUM", "label": "0 description beginning", "box": [226, 1369, 505, 1339], "linking": []}, {"id": 42, "text": " 2", "label": "e quantity", "box": [498, 1335, 511, 1307], "linking": []}, {"id": 43, "text": " EACH", "label": "others", "box": [516, 1336, 597, 1307], "linking": []}, {"id": 44, "text": "2.45", "label": "unit price", "box": [645, 1336, 722, 1305], "linking": []}, {"id": 45, "text": "4.90", "label": "5 total price per item", "box": [809, 1335, 878, 1306], "linking": []}, {"id": 46, "text": " Cal:120", "label": "others", "box": [519, 1442, 635, 1407], "linking": []}, {"id": 47, "text": " EACH", "label": "others", "box": [517, 1497, 604, 1468], "linking": []}, {"id": 48, "text": "Upgrade to Onion Rings", "label": "0 description beginning", "box": [228, 1535, 634, 1498], "linking": []}, {"id": 49, "text": " Fat", "label": "others", "box": [716, 1440, 759, 1406], "linking": []}, {"id": 50, "text": " :2", "label": "others", "box": [766, 1440, 802, 1406], "linking": []}, {"id": 51, "text": "1087", "label": "others", "box": [232, 1491, 301, 1464], "linking": []}, {"id": 52, "text": " 1", "label": "e quantity", "box": [501, 1496, 512, 1468], "linking": []}, {"id": 53, "text": "1.00", "label": "unit price", "box": [648, 1496, 724, 1467], "linking": []}, {"id": 54, "text": "1.00", "label": "5 total price per item", "box": [809, 1496, 884, 1467], "linking": []}, {"id": 55, "text": " Cal:520", "label": "others", "box": [521, 1603, 638, 1568], "linking": []}, {"id": 56, "text": " Fat", "label": "others", "box": [715, 1604, 758, 1568], "linking": []}, {"id": 57, "text": " :29", "label": "others", "box": [765, 1603, 819, 1568], "linking": []}, {"id": 58, "text": "- -", "label": "others", "box": [854, 1652, 883, 1635], "linking": []}, {"id": 59, "text": "Subtotal", "label": "others", "box": [239, 1692, 388, 1662], "linking": []}, {"id": 60, "text": "Sales Tax", "label": "others", "box": [243, 1737, 410, 1702], "linking": []}, {"id": 61, "text": "Total", "label": "others", "box": [243, 1771, 331, 1741], "linking": []}, {"id": 62, "text": "Payments", "label": "others", "box": [241, 1823, 384, 1788], "linking": []}, {"id": 63, "text": "AMEX", "label": "others", "box": [240, 1851, 317, 1821], "linking": []}, {"id": 64, "text": "************ 1009", "label": "others", "box": [244, 1901, 534, 1851], "linking": []}, {"id": 65, "text": "34.05", "label": "sub total", "box": [785, 1700, 883, 1666], "linking": []}, {"id": 66, "text": "3.03", "label": "2 tax total", "box": [805, 1743, 883, 1710], "linking": []}, {"id": 67, "text": "37.08", "label": "total amount", "box": [786, 1787, 882, 1752], "linking": []}, {"id": 68, "text": "37.08", "label": "others", "box": [653, 1866, 748, 1833], "linking": []}, {"id": 69, "text": "5423973", "label": "others", "box": [512, 2095, 641, 2055], "linking": []}, {"id": 70, "text": " Number of items purchased:", "label": "others", "box": [230, 2166, 713, 2107], "linking": []}, {"id": 71, "text": "6", "label": "others", "box": [773, 2165, 791, 2139], "linking": []}]