[{"id": 0, "text": " Thank", "label": "others", "box": [107, 114, 141, 84], "linking": []}, {"id": 1, "text": "merchant name", "label": "others", "box": [106, 133, 252, 114], "linking": []}, {"id": 2, "text": "We Love Your Feedback!", "label": "others", "box": [118, 151, 288, 133], "linking": []}, {"id": 3, "text": "Text @LTF11606 to 73940", "label": "others", "box": [118, 170, 291, 152], "linking": []}, {"id": 4, "text": " You", "label": "others", "box": [146, 115, 172, 84], "linking": []}, {"id": 5, "text": " For", "label": "others", "box": [177, 115, 203, 84], "linking": []}, {"id": 6, "text": " Visiting", "label": "others", "box": [208, 116, 268, 84], "linking": []}, {"id": 7, "text": " the", "label": "others", "box": [274, 117, 305, 85], "linking": []}, {"id": 8, "text": " - AEDR", "label": "others", "box": [256, 133, 304, 115], "linking": []}, {"id": 9, "text": "Pancake", "label": "0 description beginning", "box": [53, 226, 108, 208], "linking": []}, {"id": 10, "text": "Starbucks Frappuccin", "label": "0 description beginning", "box": [54, 246, 204, 228], "linking": []}, {"id": 11, "text": " 0.54 lb", "label": "1 description inside", "box": [55, 264, 110, 246], "linking": []}, {"id": 12, "text": "PHX Breakfast Weighe", "label": "0 description beginning", "box": [54, 281, 202, 264], "linking": []}, {"id": 13, "text": "Water Dasani 16.9oz", "label": "0 description beginning", "box": [55, 298, 194, 282], "linking": []}, {"id": 14, "text": "0.15 lb \u00d7 $ 7.20/1b", "label": "e quantity", "box": [56, 315, 195, 299], "linking": []}, {"id": 15, "text": "Weighed Candy", "label": "0 description beginning", "box": [55, 333, 150, 316], "linking": []}, {"id": 16, "text": "USD", "label": "others", "box": [332, 208, 356, 192], "linking": []}, {"id": 17, "text": "0.37", "label": "5 total price per item", "box": [324, 226, 356, 210], "linking": []}, {"id": 18, "text": "2.43", "label": "5 total price per item", "box": [322, 245, 354, 228], "linking": []}, {"id": 19, "text": " \u00d7", "label": "1 description inside", "box": [113, 264, 123, 246], "linking": []}, {"id": 20, "text": " $ 6.88/lb", "label": "1 description inside", "box": [126, 264, 197, 247], "linking": []}, {"id": 21, "text": "3.72", "label": "5 total price per item", "box": [320, 281, 353, 265], "linking": []}, {"id": 22, "text": "1.30", "label": "5 total price per item", "box": [321, 298, 350, 283], "linking": []}, {"id": 23, "text": "1,08", "label": "5 total price per item", "box": [321, 332, 349, 316], "linking": []}, {"id": 24, "text": "Total USD", "label": "others", "box": [46, 378, 178, 351], "linking": []}, {"id": 25, "text": "9,67", "label": "total amount", "box": [290, 378, 347, 350], "linking": []}, {"id": 26, "text": "5009 AMERICAN EXPRESS", "label": "others", "box": [41, 445, 198, 427], "linking": []}, {"id": 27, "text": "9.67", "label": "others", "box": [318, 443, 348, 427], "linking": []}, {"id": 28, "text": "Vat percent", "label": "others", "box": [38, 497, 122, 479], "linking": []}, {"id": 29, "text": "Net", "label": "others", "box": [149, 495, 176, 479], "linking": []}, {"id": 30, "text": "Gross", "label": "others", "box": [216, 494, 256, 479], "linking": []}, {"id": 31, "text": "VAT", "label": "others", "box": [297, 493, 321, 477], "linking": []}, {"id": 32, "text": " 11/12/2019 09:15 AM #:60443 Op:1917 C:112", "label": "others", "box": [36, 550, 350, 530], "linking": []}, {"id": 33, "text": " 202 S:1122", "label": "others", "box": [34, 565, 113, 550], "linking": []}, {"id": 34, "text": " Served you", "label": "others", "box": [34, 580, 114, 565], "linking": []}, {"id": 35, "text": " : Rubby Blascruz", "label": "others", "box": [118, 579, 238, 562], "linking": []}, {"id": 36, "text": "*** Customer copy ***", "label": "others", "box": [100, 644, 254, 625], "linking": []}, {"id": 37, "text": "AMEX AEDR (4)", "label": "others", "box": [129, 678, 223, 660], "linking": []}, {"id": 38, "text": " agree to pay the above total amount", "label": "others", "box": [52, 698, 311, 678], "linking": []}, {"id": 39, "text": "according to card issuer", "label": "others", "box": [89, 715, 266, 697], "linking": []}, {"id": 40, "text": " agreement. (Merchant agreement", "label": "others", "box": [29, 735, 247, 715], "linking": []}, {"id": 41, "text": " Voucher )Retain this copy", "label": "others", "box": [53, 753, 230, 734], "linking": []}, {"id": 42, "text": "records.", "label": "others", "box": [147, 769, 206, 753], "linking": []}, {"id": 43, "text": " I", "label": "others", "box": [40, 699, 49, 680], "linking": []}, {"id": 44, "text": " if", "label": "others", "box": [250, 732, 267, 715], "linking": []}, {"id": 45, "text": " for", "label": "others", "box": [233, 751, 259, 734], "linking": []}, {"id": 46, "text": " Credit", "label": "others", "box": [270, 732, 316, 714], "linking": []}, {"id": 47, "text": " your", "label": "others", "box": [262, 751, 295, 734], "linking": []}, {"id": 48, "text": "PURCHASE / APPROVED", "label": "others", "box": [23, 807, 169, 788], "linking": []}, {"id": 49, "text": "AMERICAN EXPRESS", "label": "others", "box": [26, 826, 147, 806], "linking": []}, {"id": 50, "text": "*********** 5002", "label": "others", "box": [25, 843, 138, 824], "linking": []}, {"id": 51, "text": "CHIP READ /", "label": "others", "box": [25, 861, 109, 843], "linking": []}, {"id": 52, "text": " 2019/11/12 09:16:02", "label": "others", "box": [22, 899, 167, 875], "linking": []}, {"id": 53, "text": "TID", "label": "others", "box": [23, 916, 47, 899], "linking": []}, {"id": 54, "text": "MID", "label": "others", "box": [22, 934, 45, 919], "linking": []}, {"id": 55, "text": "REFERENCE", "label": "others", "box": [17, 952, 90, 933], "linking": []}, {"id": 56, "text": "AUTH CODE", "label": "others", "box": [21, 969, 90, 951], "linking": []}, {"id": 57, "text": "**** 6037", "label": "others", "box": [256, 913, 319, 895], "linking": []}, {"id": 58, "text": "6634460", "label": "others", "box": [262, 929, 317, 914], "linking": []}, {"id": 59, "text": "S1122T112202#604430033935", "label": "others", "box": [132, 948, 318, 930], "linking": []}, {"id": 60, "text": "844827", "label": "others", "box": [271, 962, 317, 947], "linking": []}, {"id": 61, "text": "TOTAL", "label": "others", "box": [18, 1010, 57, 992], "linking": []}, {"id": 62, "text": "USD9.67", "label": "others", "box": [262, 997, 314, 980], "linking": []}, {"id": 63, "text": " ARC:", "label": "others", "box": [13, 1054, 48, 1034], "linking": []}, {"id": 64, "text": " TSI:", "label": "others", "box": [13, 1076, 45, 1056], "linking": []}, {"id": 65, "text": " 00", "label": "others", "box": [51, 1052, 71, 1033], "linking": []}, {"id": 66, "text": " F800", "label": "others", "box": [48, 1074, 86, 1053], "linking": []}, {"id": 67, "text": " 02:00103602002", "label": "others", "box": [52, 1087, 161, 1071], "linking": []}]