[{"id": 0, "text": "merchant name", "label": "others", "box": [401, 199, 655, 158], "linking": []}, {"id": 1, "text": "merchant address", "label": "others", "box": [418, 239, 656, 199], "linking": []}, {"id": 2, "text": "merchant address", "label": "others", "box": [379, 277, 676, 239], "linking": []}, {"id": 3, "text": "merchant phone", "label": "others", "box": [426, 316, 624, 279], "linking": []}, {"id": 4, "text": " Cntr 5449 11/02/19-A 2:52pm", "label": "others", "box": [216, 397, 839, 357], "linking": []}, {"id": 5, "text": "Guests 1 CASH #2", "label": "others", "box": [219, 435, 481, 398], "linking": []}, {"id": 6, "text": " 1 ..", "label": "e quantity", "box": [207, 489, 242, 459], "linking": []}, {"id": 7, "text": "COCONUT CHIA PARF", "label": "1 description inside", "box": [241, 526, 514, 490], "linking": []}, {"id": 8, "text": "REGULAR PREMIUM", "label": "1 description inside", "box": [221, 588, 476, 552], "linking": []}, {"id": 9, "text": "Table (STANDEE)", "label": "others", "box": [598, 436, 840, 398], "linking": []}, {"id": 10, "text": " SWEET TREATS", "label": "0 description beginning", "box": [247, 491, 440, 459], "linking": []}, {"id": 11, "text": "5.95", "label": "5 total price per item", "box": [768, 503, 841, 470], "linking": []}, {"id": 12, "text": "1 .. SOUP", "label": "0 description beginning", "box": [188, 551, 302, 519], "linking": []}, {"id": 13, "text": "6.25", "label": "5 total price per item", "box": [767, 570, 838, 537], "linking": []}, {"id": 14, "text": "Items", "label": "others", "box": [473, 658, 558, 626], "linking": []}, {"id": 15, "text": "Tax", "label": "others", "box": [497, 693, 556, 664], "linking": []}, {"id": 16, "text": "TOTAL", "label": "others", "box": [379, 733, 544, 694], "linking": []}, {"id": 17, "text": "12.20", "label": "sub total", "box": [752, 650, 838, 614], "linking": []}, {"id": 18, "text": "1.08", "label": "2 tax total", "box": [766, 689, 838, 654], "linking": []}, {"id": 19, "text": "13.28", "label": "total amount", "box": [660, 735, 837, 695], "linking": []}, {"id": 20, "text": "AMERICAN EXPRESS", "label": "others", "box": [270, 819, 551, 779], "linking": []}, {"id": 21, "text": "1. 376536xxxxx1000", "label": "others", "box": [321, 862, 638, 823], "linking": []}, {"id": 22, "text": "13.28", "label": "others", "box": [658, 825, 834, 782], "linking": []}, {"id": 23, "text": " Check 5449 CHARGED 2:52pm CASH2#1-B", "label": "others", "box": [188, 942, 796, 903], "linking": []}, {"id": 24, "text": "532167", "label": "others", "box": [717, 1048, 814, 1015], "linking": []}, {"id": 25, "text": "01.11174030 AMEX*1000 Swp", "label": "others", "box": [150, 1009, 575, 974], "linking": []}, {"id": 26, "text": "Approval", "label": "others", "box": [526, 1056, 653, 1018], "linking": []}, {"id": 27, "text": " 11-02-2019 14:52:13 NOS", "label": "others", "box": [195, 1036, 577, 999], "linking": []}, {"id": 28, "text": "13.28", "label": "others", "box": [741, 1017, 822, 994], "linking": []}, {"id": 29, "text": "Cardholder agrees to pay the above TOTAL", "label": "others", "box": [163, 1154, 821, 1090], "linking": []}, {"id": 30, "text": "amount according to issuer agreement.", "label": "others", "box": [199, 1195, 803, 1133], "linking": []}, {"id": 31, "text": "PLEASE EMAIL US YOUR", "label": "others", "box": [328, 1265, 662, 1206], "linking": []}, {"id": 32, "text": "QUESTIONS OR COMMENTS AT", "label": "others", "box": [301, 1306, 693, 1245], "linking": []}, {"id": 33, "text": "HELLO@FRESHANDCO.COM", "label": "others", "box": [338, 1378, 664, 1320], "linking": []}, {"id": 34, "text": "THANK YOU!", "label": "others", "box": [425, 1444, 582, 1398], "linking": []}, {"id": 35, "text": "COMPLIMENTARY WiFi IS HERE !!", "label": "others", "box": [282, 1580, 727, 1508], "linking": []}, {"id": 36, "text": "freshguest", "label": "others", "box": [429, 1621, 593, 1580], "linking": []}, {"id": 37, "text": " THIS WEEKS PASSWORD IS:", "label": "others", "box": [333, 1606, 695, 1545], "linking": []}]