[{"id": 0, "text": "merchant name", "label": "others", "box": [71, 110, 267, 76], "linking": []}, {"id": 1, "text": "merchant address", "label": "others", "box": [65, 129, 126, 111], "linking": []}, {"id": 2, "text": "merchant address", "label": "others", "box": [74, 151, 159, 132], "linking": []}, {"id": 3, "text": "merchant address", "label": "others", "box": [98, 172, 248, 153], "linking": []}, {"id": 4, "text": "merchant address", "label": "others", "box": [114, 191, 233, 173], "linking": []}, {"id": 5, "text": " GSTIN No.", "label": "others", "box": [68, 211, 146, 192], "linking": []}, {"id": 6, "text": " Service Code Tariff", "label": "others", "box": [62, 234, 219, 214], "linking": []}, {"id": 7, "text": "merchant address", "label": "others", "box": [129, 129, 237, 111], "linking": []}, {"id": 8, "text": "merchant address", "label": "others", "box": [241, 129, 275, 111], "linking": []}, {"id": 9, "text": "merchant address", "label": "others", "box": [234, 152, 271, 132], "linking": []}, {"id": 10, "text": "merchant address", "label": "others", "box": [162, 152, 231, 132], "linking": []}, {"id": 11, "text": " : 06AABCD5534A1Z9", "label": "others", "box": [150, 213, 282, 194], "linking": []}, {"id": 12, "text": " :996331", "label": "others", "box": [222, 235, 280, 215], "linking": []}, {"id": 13, "text": " Inv No 41E1912289", "label": "others", "box": [17, 274, 161, 255], "linking": []}, {"id": 14, "text": " Date:", "label": "others", "box": [17, 294, 66, 276], "linking": []}, {"id": 15, "text": " Staff:", "label": "others", "box": [18, 315, 69, 296], "linking": []}, {"id": 16, "text": " Cust.", "label": "others", "box": [17, 335, 68, 318], "linking": []}, {"id": 17, "text": " ORD", "label": "others", "box": [175, 275, 205, 257], "linking": []}, {"id": 18, "text": " 19-08-19 18:42 POS No.", "label": "others", "box": [74, 296, 259, 276], "linking": []}, {"id": 19, "text": " Addi", "label": "others", "box": [72, 315, 109, 296], "linking": []}, {"id": 20, "text": " 8888888888 -- amex3", "label": "others", "box": [82, 336, 222, 317], "linking": []}, {"id": 21, "text": " No", "label": "others", "box": [208, 275, 230, 258], "linking": []}, {"id": 22, "text": "41E1912300", "label": "others", "box": [256, 275, 338, 256], "linking": []}, {"id": 23, "text": "T41E03", "label": "others", "box": [296, 295, 348, 277], "linking": []}, {"id": 24, "text": "2", "label": "others", "box": [321, 314, 333, 299], "linking": []}, {"id": 25, "text": "Table", "label": "others", "box": [233, 315, 279, 298], "linking": []}, {"id": 26, "text": "8888888888 amex3", "label": "others", "box": [22, 397, 152, 379], "linking": []}, {"id": 27, "text": "Description", "label": "others", "box": [26, 437, 117, 419], "linking": []}, {"id": 28, "text": "Price Qty Disc.", "label": "others", "box": [142, 438, 263, 419], "linking": []}, {"id": 29, "text": "Amount", "label": "others", "box": [301, 438, 351, 421], "linking": []}, {"id": 30, "text": "Paneer Tikka Sandwic", "label": "0 description beginning", "box": [26, 476, 188, 458], "linking": []}, {"id": 31, "text": "107.00", "label": "unit price", "box": [135, 495, 180, 479], "linking": []}, {"id": 32, "text": " 1", "label": "e quantity", "box": [201, 496, 218, 479], "linking": []}, {"id": 33, "text": " 0.00", "label": "0 description beginning", "box": [223, 496, 258, 479], "linking": []}, {"id": 34, "text": "106.99", "label": "5 total price per item", "box": [296, 497, 344, 480], "linking": []}, {"id": 35, "text": "Subtotal", "label": "others", "box": [31, 556, 97, 539], "linking": []}, {"id": 36, "text": "Total Amount (Before Tax)", "label": "others", "box": [33, 576, 229, 558], "linking": []}, {"id": 37, "text": " SGST", "label": "others", "box": [34, 596, 67, 578], "linking": []}, {"id": 38, "text": "CGST @ 2.5%", "label": "others", "box": [33, 615, 123, 597], "linking": []}, {"id": 39, "text": "Gross Amount", "label": "others", "box": [36, 635, 130, 617], "linking": []}, {"id": 40, "text": "Bill Amount", "label": "others", "box": [38, 654, 127, 636], "linking": []}, {"id": 41, "text": "106.99", "label": "sub total", "box": [297, 557, 345, 541], "linking": []}, {"id": 42, "text": "106.99", "label": "others", "box": [299, 578, 346, 561], "linking": []}, {"id": 43, "text": "2.68", "label": "2 tax total", "box": [303, 598, 339, 581], "linking": []}, {"id": 44, "text": " 02.5", "label": "others", "box": [70, 596, 111, 578], "linking": []}, {"id": 45, "text": "%", "label": "others", "box": [120, 595, 138, 578], "linking": []}, {"id": 46, "text": "2.68", "label": "2 tax total", "box": [242, 616, 278, 599], "linking": []}, {"id": 47, "text": "112.35", "label": "others", "box": [299, 639, 349, 621], "linking": []}, {"id": 48, "text": "112.35", "label": "total amount", "box": [302, 658, 349, 641], "linking": []}, {"id": 49, "text": " Payments:", "label": "others", "box": [41, 691, 111, 673], "linking": []}, {"id": 50, "text": "AMEX", "label": "others", "box": [38, 707, 75, 692], "linking": []}, {"id": 51, "text": " Approval", "label": "others", "box": [55, 730, 119, 711], "linking": []}, {"id": 52, "text": " Code 1", "label": "others", "box": [122, 732, 172, 712], "linking": []}, {"id": 53, "text": "112.35", "label": "others", "box": [295, 716, 343, 698], "linking": []}, {"id": 54, "text": " Share Your", "label": "others", "box": [34, 786, 200, 749], "linking": []}, {"id": 55, "text": " Feedback", "label": "others", "box": [205, 790, 336, 756], "linking": []}, {"id": 56, "text": "feedback.costaindia@dil-rjcorp.com", "label": "others", "box": [56, 811, 331, 780], "linking": []}]