[{"id": 0, "text": " PQ", "label": "others", "box": [87, 62, 148, 26], "linking": []}, {"id": 1, "text": "merchant name", "label": "others", "box": [109, 98, 140, 86], "linking": []}, {"id": 2, "text": "merchant address", "label": "others", "box": [70, 113, 211, 98], "linking": []}, {"id": 3, "text": "merchant address", "label": "others", "box": [78, 126, 110, 113], "linking": []}, {"id": 4, "text": "merchant address", "label": "others", "box": [87, 140, 159, 127], "linking": []}, {"id": 5, "text": "merchant phone", "label": "others", "box": [107, 154, 225, 140], "linking": []}, {"id": 6, "text": " meal", "label": "others", "box": [169, 60, 251, 25], "linking": []}, {"id": 7, "text": "merchant name", "label": "others", "box": [148, 98, 216, 85], "linking": []}, {"id": 8, "text": " ***** DUPLICATE", "label": "others", "box": [67, 71, 214, 55], "linking": []}, {"id": 9, "text": " *******", "label": "others", "box": [217, 70, 285, 54], "linking": []}, {"id": 10, "text": "merchant address", "label": "others", "box": [216, 112, 266, 98], "linking": []}, {"id": 11, "text": "merchant address", "label": "others", "box": [186, 126, 253, 113], "linking": []}, {"id": 12, "text": "merchant address", "label": "others", "box": [196, 139, 244, 126], "linking": []}, {"id": 13, "text": "merchant address", "label": "others", "box": [119, 126, 151, 113], "linking": []}, {"id": 14, "text": "merchant address", "label": "others", "box": [158, 126, 181, 113], "linking": []}, {"id": 15, "text": "merchant address", "label": "others", "box": [166, 140, 189, 127], "linking": []}, {"id": 16, "text": " **", "label": "others", "box": [46, 182, 70, 169], "linking": []}, {"id": 17, "text": " Tran. #:", "label": "others", "box": [46, 196, 128, 183], "linking": []}, {"id": 18, "text": " Lookup #:", "label": "others", "box": [45, 210, 136, 197], "linking": []}, {"id": 19, "text": " RUC:", "label": "others", "box": [44, 224, 86, 211], "linking": []}, {"id": 20, "text": " Table #", "label": "others", "box": [44, 239, 111, 226], "linking": []}, {"id": 21, "text": " Check #:", "label": "others", "box": [44, 253, 125, 240], "linking": []}, {"id": 22, "text": " Group #:", "label": "others", "box": [43, 266, 124, 254], "linking": []}, {"id": 23, "text": " Employee #:", "label": "others", "box": [42, 281, 154, 268], "linking": []}, {"id": 24, "text": " Meschell", "label": "others", "box": [138, 295, 217, 281], "linking": []}, {"id": 25, "text": " TRANSACTION RECORD", "label": "others", "box": [76, 182, 255, 168], "linking": []}, {"id": 26, "text": " **", "label": "others", "box": [262, 181, 282, 167], "linking": []}, {"id": 27, "text": " 13793", "label": "others", "box": [136, 196, 186, 183], "linking": []}, {"id": 28, "text": " 1379320062467", "label": "others", "box": [145, 210, 271, 196], "linking": []}, {"id": 29, "text": " PHX FOUR PEAKS", "label": "others", "box": [93, 224, 232, 211], "linking": []}, {"id": 30, "text": "111", "label": "others", "box": [132, 238, 161, 225], "linking": []}, {"id": 31, "text": "3385", "label": "others", "box": [126, 252, 172, 238], "linking": []}, {"id": 32, "text": " :", "label": "others", "box": [114, 238, 125, 226], "linking": []}, {"id": 33, "text": " 13077", "label": "others", "box": [161, 280, 210, 265], "linking": []}, {"id": 34, "text": " Employee:", "label": "others", "box": [41, 296, 133, 282], "linking": []}, {"id": 35, "text": "American Express", "label": "others", "box": [39, 323, 197, 310], "linking": []}, {"id": 36, "text": "Purchase", "label": "others", "box": [39, 337, 119, 325], "linking": []}, {"id": 37, "text": " xxxxxxxxxxx2006", "label": "others", "box": [39, 353, 188, 337], "linking": []}, {"id": 38, "text": " A000000025010801", "label": "others", "box": [85, 366, 244, 351], "linking": []}, {"id": 39, "text": " APP Name", "label": "others", "box": [37, 381, 115, 368], "linking": []}, {"id": 40, "text": "AMERICAN EXPRESS", "label": "others", "box": [44, 395, 204, 380], "linking": []}, {"id": 41, "text": " C", "label": "others", "box": [196, 350, 206, 337], "linking": []}, {"id": 42, "text": " AID:", "label": "others", "box": [37, 366, 80, 353], "linking": []}, {"id": 43, "text": " :", "label": "others", "box": [117, 380, 126, 368], "linking": []}, {"id": 44, "text": "Amount", "label": "others", "box": [111, 434, 174, 410], "linking": []}, {"id": 45, "text": "Tip", "label": "others", "box": [142, 461, 173, 437], "linking": []}, {"id": 46, "text": "$20.83", "label": "sub total", "box": [213, 433, 272, 410], "linking": []}, {"id": 47, "text": "$3.84", "label": "3 tip", "box": [221, 461, 271, 439], "linking": []}, {"id": 48, "text": "TOTAL USD$24.67", "label": "total amount", "box": [119, 505, 272, 481], "linking": []}, {"id": 49, "text": "APPROVED 801935", "label": "others", "box": [31, 535, 178, 522], "linking": []}, {"id": 50, "text": "00-000 (000) 801935", "label": "others", "box": [30, 550, 218, 537], "linking": []}, {"id": 51, "text": "EPHXFPUS07/EPHXFPWC07", "label": "others", "box": [28, 566, 238, 551], "linking": []}, {"id": 52, "text": "000091223097", "label": "others", "box": [28, 578, 149, 565], "linking": []}, {"id": 53, "text": "11/14/2019", "label": "others", "box": [30, 593, 126, 578], "linking": []}, {"id": 54, "text": " 8:35:48 AM", "label": "others", "box": [167, 596, 267, 581], "linking": []}, {"id": 55, "text": " TVR:", "label": "others", "box": [28, 621, 71, 607], "linking": []}, {"id": 56, "text": " TSI:", "label": "others", "box": [28, 635, 71, 621], "linking": []}, {"id": 57, "text": " 0000008000", "label": "others", "box": [76, 622, 176, 608], "linking": []}, {"id": 58, "text": " F800", "label": "others", "box": [75, 636, 115, 623], "linking": []}, {"id": 59, "text": "No signature required", "label": "others", "box": [35, 667, 243, 650], "linking": []}, {"id": 60, "text": "Customer Copy", "label": "others", "box": [73, 695, 202, 679], "linking": []}, {"id": 61, "text": "THANK", "label": "others", "box": [93, 722, 145, 709], "linking": []}, {"id": 62, "text": "YOU", "label": "others", "box": [149, 722, 183, 710], "linking": []}]