[{"id": 0, "text": "merchant name", "label": "others", "box": [467, 330, 854, 277], "linking": []}, {"id": 1, "text": "merchant address", "label": "others", "box": [492, 378, 835, 328], "linking": []}, {"id": 2, "text": "merchant address", "label": "others", "box": [583, 423, 742, 378], "linking": []}, {"id": 3, "text": " Till", "label": "others", "box": [220, 536, 319, 489], "linking": []}, {"id": 4, "text": "Brittany", "label": "others", "box": [214, 582, 402, 542], "linking": []}, {"id": 5, "text": " 3", "label": "others", "box": [327, 535, 358, 488], "linking": []}, {"id": 6, "text": " 03 Dec 2019 12:59", "label": "others", "box": [741, 575, 1144, 521], "linking": []}, {"id": 7, "text": " 2366", "label": "others", "box": [1055, 655, 1152, 615], "linking": []}, {"id": 8, "text": " Table:", "label": "others", "box": [200, 669, 355, 626], "linking": []}, {"id": 9, "text": " 39 c:", "label": "others", "box": [363, 668, 526, 626], "linking": []}, {"id": 10, "text": " 1", "label": "others", "box": [534, 665, 555, 627], "linking": []}, {"id": 11, "text": " ORDER #:", "label": "others", "box": [841, 658, 1049, 617], "linking": []}, {"id": 12, "text": "1", "label": "e quantity", "box": [264, 755, 289, 727], "linking": []}, {"id": 13, "text": "1", "label": "e quantity", "box": [258, 800, 286, 772], "linking": []}, {"id": 14, "text": "Steak & Chips", "label": "0 description beginning", "box": [408, 759, 728, 716], "linking": []}, {"id": 15, "text": "Guinness", "label": "0 description beginning", "box": [407, 808, 606, 768], "linking": []}, {"id": 16, "text": "=", "label": "others", "box": [945, 741, 970, 720], "linking": []}, {"id": 17, "text": "19.50", "label": "5 total price per item", "box": [1042, 746, 1162, 703], "linking": []}, {"id": 18, "text": "5.40", "label": "5 total price per item", "box": [1067, 793, 1169, 752], "linking": []}, {"id": 19, "text": "=", "label": "others", "box": [946, 785, 972, 764], "linking": []}, {"id": 20, "text": "Total", "label": "others", "box": [177, 914, 421, 867], "linking": []}, {"id": 21, "text": "\u00a324.90", "label": "total amount", "box": [878, 905, 1176, 851], "linking": []}, {"id": 22, "text": "Payment Receipt", "label": "others", "box": [260, 1084, 1040, 1021], "linking": []}, {"id": 23, "text": "\u00a324.90", "label": "others", "box": [888, 1187, 1204, 1130], "linking": []}, {"id": 24, "text": "\u00a34.15", "label": "2 tax total", "box": [1079, 1240, 1219, 1192], "linking": []}, {"id": 25, "text": "Card Int", "label": "others", "box": [141, 1197, 569, 1142], "linking": []}, {"id": 26, "text": " included", "label": "others", "box": [407, 1254, 623, 1203], "linking": []}, {"id": 27, "text": "Receipt no. 76/0373", "label": "others", "box": [126, 1319, 649, 1258], "linking": []}, {"id": 28, "text": "340 377 862", "label": "others", "box": [114, 1378, 429, 1323], "linking": []}, {"id": 29, "text": " 20% VAT", "label": "others", "box": [132, 1255, 343, 1205], "linking": []}, {"id": 30, "text": " 1", "label": "others", "box": [352, 1255, 398, 1204], "linking": []}, {"id": 31, "text": " ORDER #:", "label": "others", "box": [279, 1509, 741, 1446], "linking": []}, {"id": 32, "text": "2366", "label": "others", "box": [761, 1509, 1018, 1435], "linking": []}, {"id": 33, "text": "Thank you for visiting and we", "label": "others", "box": [235, 1650, 1088, 1584], "linking": []}, {"id": 34, "text": "look forward to seeing you soon", "label": "others", "box": [198, 1720, 1129, 1659], "linking": []}, {"id": 35, "text": "merchant phone", "label": "others", "box": [575, 1795, 918, 1724], "linking": []}, {"id": 36, "text": " Tel:", "label": "others", "box": [424, 1797, 562, 1727], "linking": []}]