[{"id": 0, "text": "heer Shashlik Tikka", "label": "0 description beginning", "box": [15, 54, 217, 24], "linking": []}, {"id": 1, "text": "Total", "label": "others", "box": [21, 96, 79, 75], "linking": []}, {"id": 2, "text": "count", "label": "others", "box": [17, 119, 78, 99], "linking": []}, {"id": 3, "text": "1", "label": "e quantity", "box": [327, 55, 338, 40], "linking": []}, {"id": 4, "text": "190", "label": "5 total price per item", "box": [402, 57, 436, 40], "linking": []}, {"id": 5, "text": " Rs.", "label": "others", "box": [283, 100, 323, 76], "linking": []}, {"id": 6, "text": " 190", "label": "total amount", "box": [325, 102, 366, 80], "linking": []}, {"id": 7, "text": " 0", "label": "others", "box": [325, 121, 342, 100], "linking": []}, {"id": 8, "text": " 190", "label": "others", "box": [327, 146, 371, 122], "linking": []}, {"id": 9, "text": " 4.75", "label": "2 tax total", "box": [325, 171, 378, 145], "linking": []}, {"id": 10, "text": "Rs. 0.5", "label": "others", "box": [285, 215, 367, 186], "linking": []}, {"id": 11, "text": "Amount Payable Rs. 200", "label": "total amount", "box": [145, 270, 431, 213], "linking": []}, {"id": 12, "text": " : 85", "label": "others", "box": [319, 310, 370, 281], "linking": []}, {"id": 13, "text": " Rs.", "label": "others", "box": [281, 119, 323, 96], "linking": []}, {"id": 14, "text": " Rs.", "label": "others", "box": [282, 144, 325, 118], "linking": []}, {"id": 15, "text": " Rs.", "label": "others", "box": [283, 188, 324, 163], "linking": []}, {"id": 16, "text": "able Amount", "label": "others", "box": [18, 142, 155, 115], "linking": []}, {"id": 17, "text": " ST:", "label": "others", "box": [18, 167, 59, 142], "linking": []}, {"id": 18, "text": " ST:", "label": "others", "box": [18, 188, 62, 165], "linking": []}, {"id": 19, "text": "Off", "label": "others", "box": [17, 209, 59, 186], "linking": []}, {"id": 20, "text": " @2.5%", "label": "others", "box": [62, 165, 146, 137], "linking": []}, {"id": 21, "text": " Rs.", "label": "others", "box": [283, 166, 323, 140], "linking": []}, {"id": 22, "text": " @2.5%", "label": "others", "box": [65, 187, 146, 159], "linking": []}, {"id": 23, "text": " 4.75", "label": "2 tax total", "box": [327, 193, 378, 167], "linking": []}, {"id": 24, "text": " Order No", "label": "others", "box": [207, 303, 319, 261], "linking": []}, {"id": 25, "text": "merchant name", "label": "others", "box": [425, 729, 521, 703], "linking": []}, {"id": 26, "text": "merchant name", "label": "others", "box": [327, 785, 622, 753], "linking": []}, {"id": 27, "text": "merchant address", "label": "others", "box": [348, 814, 604, 783], "linking": []}, {"id": 28, "text": " GSTN", "label": "others", "box": [310, 842, 384, 814], "linking": []}, {"id": 29, "text": " :- 06AALFN6263H1Z1", "label": "others", "box": [389, 842, 643, 809], "linking": []}, {"id": 30, "text": "[RETAIL INVOICE]", "label": "others", "box": [365, 930, 592, 899], "linking": []}, {"id": 31, "text": " : 19404000048733", "label": "others", "box": [375, 974, 591, 947], "linking": []}, {"id": 32, "text": " : 2019-11-22 21:22:25", "label": "others", "box": [372, 1004, 633, 976], "linking": []}, {"id": 33, "text": " : 0000", "label": "others", "box": [370, 1029, 448, 1005], "linking": []}, {"id": 34, "text": " : Cashier", "label": "others", "box": [372, 1059, 479, 1032], "linking": []}, {"id": 35, "text": "Bill No", "label": "others", "box": [146, 969, 224, 942], "linking": []}, {"id": 36, "text": "Bill Date", "label": "others", "box": [145, 1001, 248, 973], "linking": []}, {"id": 37, "text": "Card No", "label": "others", "box": [145, 1029, 249, 1004], "linking": []}, {"id": 38, "text": "Cashier", "label": "others", "box": [146, 1058, 241, 1034], "linking": []}, {"id": 39, "text": "Description", "label": "others", "box": [141, 1121, 285, 1090], "linking": []}, {"id": 40, "text": " Qty", "label": "others", "box": [536, 1113, 588, 1087], "linking": []}, {"id": 41, "text": " Amount", "label": "others", "box": [605, 1113, 698, 1087], "linking": []}, {"id": 42, "text": "Veg. Biryani", "label": "0 description beginning", "box": [141, 1181, 294, 1152], "linking": []}, {"id": 43, "text": "1", "label": "e quantity", "box": [539, 1170, 552, 1150], "linking": []}, {"id": 44, "text": "160", "label": "5 total price per item", "box": [623, 1169, 665, 1145], "linking": []}, {"id": 45, "text": "Bill Total", "label": "others", "box": [143, 1241, 250, 1214], "linking": []}, {"id": 46, "text": "Discount", "label": "others", "box": [142, 1272, 250, 1246], "linking": []}, {"id": 47, "text": "Taxable Amount", "label": "others", "box": [139, 1304, 341, 1276], "linking": []}, {"id": 48, "text": " SGST:", "label": "others", "box": [143, 1337, 228, 1308], "linking": []}, {"id": 49, "text": " CGST:", "label": "others", "box": [136, 1369, 230, 1342], "linking": []}, {"id": 50, "text": "R. Off.", "label": "others", "box": [139, 1401, 226, 1372], "linking": []}, {"id": 51, "text": "Rs. 160", "label": "sub total", "box": [486, 1237, 582, 1208], "linking": []}, {"id": 52, "text": "Rs. 0", "label": "others", "box": [487, 1266, 552, 1239], "linking": []}, {"id": 53, "text": "Rs. 160", "label": "others", "box": [489, 1298, 584, 1269], "linking": []}, {"id": 54, "text": "Rs. 4", "label": "2 tax total", "box": [488, 1329, 557, 1303], "linking": []}, {"id": 55, "text": "Rs. 4", "label": "2 tax total", "box": [489, 1361, 559, 1334], "linking": []}, {"id": 56, "text": "Rs. 0", "label": "others", "box": [490, 1392, 558, 1365], "linking": []}, {"id": 57, "text": " @2.5%", "label": "others", "box": [233, 1336, 329, 1308], "linking": []}, {"id": 58, "text": " @2.5%", "label": "others", "box": [234, 1369, 329, 1340], "linking": []}, {"id": 59, "text": "Amount Payable Rs. 168", "label": "total amount", "box": [328, 1464, 651, 1425], "linking": []}, {"id": 60, "text": " : 86", "label": "others", "box": [527, 1524, 584, 1492], "linking": []}, {"id": 61, "text": " Order No", "label": "others", "box": [401, 1526, 522, 1494], "linking": []}]