[{"id": 0, "text": "merchant name", "label": "others", "box": [429, 115, 699, 31], "linking": []}, {"id": 1, "text": "merchant name", "label": "others", "box": [444, 140, 695, 101], "linking": []}, {"id": 2, "text": "merchant address", "label": "others", "box": [292, 231, 740, 190], "linking": []}, {"id": 3, "text": " 10/29/2019 05:52 PM EXPIRES 01/28/2020", "label": "others", "box": [190, 268, 868, 228], "linking": []}, {"id": 4, "text": "GROCERY", "label": "0 description beginning", "box": [154, 422, 279, 388], "linking": []}, {"id": 5, "text": "261070245 DRIED FRT", "label": "1 description inside", "box": [155, 457, 480, 420], "linking": []}, {"id": 6, "text": "261070170 MP DRIED FRT", "label": "1 description inside", "box": [160, 492, 530, 456], "linking": []}, {"id": 7, "text": "071080528 AF MIXED NUT", "label": "0 description beginning", "box": [163, 525, 531, 490], "linking": []}, {"id": 8, "text": "2 @ $5.50 ea", "label": "1 description inside", "box": [330, 556, 534, 523], "linking": []}, {"id": 9, "text": "Regular Price $5.99", "label": "1 description inside", "box": [334, 588, 647, 554], "linking": []}, {"id": 10, "text": "055021830 M&M'S", "label": "1 description inside", "box": [175, 621, 425, 588], "linking": []}, {"id": 11, "text": "NF", "label": "others", "box": [681, 459, 714, 424], "linking": []}, {"id": 12, "text": "NF", "label": "others", "box": [669, 488, 718, 453], "linking": []}, {"id": 13, "text": "NF", "label": "others", "box": [675, 525, 713, 489], "linking": []}, {"id": 14, "text": "$3.99", "label": "5 total price per item", "box": [780, 457, 870, 425], "linking": []}, {"id": 15, "text": "$1.19", "label": "5 total price per item", "box": [776, 491, 867, 458], "linking": []}, {"id": 16, "text": "$11.00", "label": "5 total price per item", "box": [759, 527, 865, 492], "linking": []}, {"id": 17, "text": "071201776 GG SNCK BAR", "label": "1 description inside", "box": [178, 653, 521, 617], "linking": []}, {"id": 18, "text": "$2.89", "label": "5 total price per item", "box": [766, 620, 859, 590], "linking": []}, {"id": 19, "text": "$2.59", "label": "5 total price per item", "box": [769, 653, 856, 623], "linking": []}, {"id": 20, "text": "HEALTH AND BEAUTY", "label": "0 description beginning", "box": [181, 683, 456, 649], "linking": []}, {"id": 21, "text": "245040832 TAMPAX", "label": "1 description inside", "box": [184, 712, 445, 681], "linking": []}, {"id": 22, "text": "245070659 BAND-AID", "label": "1 description inside", "box": [190, 740, 477, 710], "linking": []}, {"id": 23, "text": "T", "label": "others", "box": [672, 709, 693, 685], "linking": []}, {"id": 24, "text": "$3.99", "label": "5 total price per item", "box": [765, 714, 852, 685], "linking": []}, {"id": 25, "text": "$3.29", "label": "5 total price per item", "box": [763, 742, 847, 714], "linking": []}, {"id": 26, "text": "$11.99", "label": "5 total price per item", "box": [749, 771, 846, 743], "linking": []}, {"id": 27, "text": "$4.89", "label": "5 total price per item", "box": [759, 799, 842, 772], "linking": []}, {"id": 28, "text": "245070266 BIOFREEZE", "label": "1 description inside", "box": [190, 768, 495, 737], "linking": []}, {"id": 29, "text": "052031209 LIP SMACKR", "label": "1 description inside", "box": [198, 794, 510, 766], "linking": []}, {"id": 30, "text": "+", "label": "others", "box": [699, 736, 720, 718], "linking": []}, {"id": 31, "text": "T", "label": "others", "box": [666, 767, 692, 743], "linking": []}, {"id": 32, "text": "T", "label": "others", "box": [667, 791, 690, 765], "linking": []}, {"id": 33, "text": "SUBTOTAL", "label": "others", "box": [553, 850, 670, 822], "linking": []}, {"id": 34, "text": "T = AZ TAX 8.60000 on $24.16", "label": "others", "box": [251, 877, 674, 848], "linking": []}, {"id": 35, "text": "TOTAL", "label": "others", "box": [600, 902, 673, 876], "linking": []}, {"id": 36, "text": "*1000 AMEX CHARGE", "label": "others", "box": [448, 934, 705, 904], "linking": []}, {"id": 37, "text": " A000000025010801", "label": "others", "box": [611, 962, 855, 933], "linking": []}, {"id": 38, "text": "AMERICAN EXPRESS", "label": "others", "box": [616, 990, 858, 960], "linking": []}, {"id": 39, "text": "884234", "label": "others", "box": [768, 1019, 860, 990], "linking": []}, {"id": 40, "text": "$45.82", "label": "2 tax total", "box": [757, 855, 858, 826], "linking": []}, {"id": 41, "text": "$2.08", "label": "2 tax total", "box": [769, 880, 855, 854], "linking": []}, {"id": 42, "text": "$47.90", "label": "total amount", "box": [758, 905, 851, 878], "linking": []}, {"id": 43, "text": "$47.90", "label": "others", "box": [759, 932, 851, 904], "linking": []}, {"id": 44, "text": " AID:", "label": "others", "box": [538, 964, 606, 935], "linking": []}, {"id": 45, "text": " AUTH CODE:", "label": "others", "box": [557, 1023, 706, 992], "linking": []}, {"id": 46, "text": "+ INDICATES HEALTH ITEM", "label": "others", "box": [355, 1122, 714, 1084], "linking": []}, {"id": 47, "text": " 3.29", "label": "others", "box": [645, 1180, 716, 1147], "linking": []}, {"id": 48, "text": " HEALTH ITEM TOTAL:", "label": "others", "box": [352, 1187, 640, 1148], "linking": []}, {"id": 49, "text": "TOTAL SAVINGS THIS TRIP", "label": "others", "box": [355, 1250, 718, 1208], "linking": []}, {"id": 50, "text": "$0.98", "label": "others", "box": [492, 1274, 582, 1245], "linking": []}, {"id": 51, "text": "REC#2-9302-1360-0171-0538-6 VCD#759-254-549", "label": "others", "box": [189, 1388, 882, 1338], "linking": []}, {"id": 52, "text": "Help make your Target Run better.", "label": "others", "box": [267, 1454, 802, 1406], "linking": []}, {"id": 53, "text": "Take a 2 minute survey about today's trip", "label": "others", "box": [205, 1491, 868, 1440], "linking": []}, {"id": 54, "text": "informtarget.com", "label": "others", "box": [403, 1546, 664, 1508], "linking": []}, {"id": 55, "text": " User ID:", "label": "others", "box": [335, 1585, 477, 1545], "linking": []}, {"id": 56, "text": " 7069 7864 0982", "label": "others", "box": [482, 1577, 713, 1539], "linking": []}, {"id": 57, "text": " cd:", "label": "others", "box": [488, 1599, 540, 1574], "linking": []}, {"id": 58, "text": " 894 614", "label": "others", "box": [547, 1599, 667, 1573], "linking": []}]