[{"id": 0, "text": "6 Q", "label": "others", "box": [175, 148, 224, 53], "linking": []}, {"id": 1, "text": "mee", "label": "others", "box": [251, 189, 276, 84], "linking": []}, {"id": 2, "text": "merchant name", "label": "others", "box": [254, 229, 311, 203], "linking": []}, {"id": 3, "text": "merchant address", "label": "others", "box": [180, 264, 390, 233], "linking": []}, {"id": 4, "text": "I verdey", "label": "others", "box": [324, 181, 482, 49], "linking": []}, {"id": 5, "text": " Server:", "label": "others", "box": [18, 329, 111, 299], "linking": []}, {"id": 6, "text": " 07:45 PM", "label": "others", "box": [21, 358, 125, 332], "linking": []}, {"id": 7, "text": "3 P/1", "label": "others", "box": [22, 391, 88, 363], "linking": []}, {"id": 8, "text": " bar terminal", "label": "others", "box": [117, 328, 274, 298], "linking": []}, {"id": 9, "text": " DOB:", "label": "others", "box": [361, 327, 422, 298], "linking": []}, {"id": 10, "text": " 11/12/2019", "label": "others", "box": [427, 325, 562, 296], "linking": []}, {"id": 11, "text": "11/12/2019", "label": "others", "box": [429, 359, 561, 327], "linking": []}, {"id": 12, "text": "3/30037", "label": "others", "box": [465, 391, 564, 359], "linking": []}, {"id": 13, "text": "Amex", "label": "others", "box": [28, 453, 81, 429], "linking": []}, {"id": 14, "text": "Card #XXXXXXXXXXX2006", "label": "others", "box": [29, 485, 294, 458], "linking": []}, {"id": 15, "text": " Magnetic card present:", "label": "others", "box": [31, 518, 309, 490], "linking": []}, {"id": 16, "text": " 543786", "label": "others", "box": [153, 549, 234, 521], "linking": []}, {"id": 17, "text": "3145776", "label": "others", "box": [467, 453, 563, 426], "linking": []}, {"id": 18, "text": " Approval:", "label": "others", "box": [34, 550, 148, 522], "linking": []}, {"id": 19, "text": " Amount", "label": "others", "box": [284, 611, 355, 586], "linking": []}, {"id": 20, "text": " :", "label": "others", "box": [359, 611, 371, 587], "linking": []}, {"id": 21, "text": "43.44", "label": "sub total", "box": [500, 613, 568, 586], "linking": []}, {"id": 22, "text": " + Tip:", "label": "others", "box": [299, 677, 374, 650], "linking": []}, {"id": 23, "text": " 8:00", "label": "3 tip", "box": [515, 676, 594, 636], "linking": []}, {"id": 24, "text": "51.44", "label": "total amount", "box": [430, 747, 583, 684], "linking": []}, {"id": 25, "text": " = Total:", "label": "others", "box": [274, 737, 376, 711], "linking": []}, {"id": 26, "text": "Customer Copy", "label": "others", "box": [218, 927, 386, 896], "linking": []}, {"id": 27, "text": "X", "label": "others", "box": [37, 821, 57, 800], "linking": []}]