[{"id": 0, "text": "merchant name", "label": "others", "box": [215, 219, 529, 145], "linking": []}, {"id": 1, "text": "merchant address", "label": "others", "box": [282, 266, 401, 246], "linking": []}, {"id": 2, "text": "merchant address", "label": "others", "box": [264, 290, 494, 268], "linking": []}, {"id": 3, "text": "merchant address", "label": "others", "box": [253, 313, 368, 291], "linking": []}, {"id": 4, "text": "merchant phone", "label": "others", "box": [254, 336, 428, 313], "linking": []}, {"id": 5, "text": "merchant name", "label": "others", "box": [265, 228, 477, 204], "linking": []}, {"id": 6, "text": "merchant address", "label": "others", "box": [187, 288, 260, 267], "linking": []}, {"id": 7, "text": " 85050", "label": "others", "box": [376, 312, 428, 291], "linking": []}, {"id": 8, "text": "Check 171", "label": "others", "box": [173, 382, 258, 360], "linking": []}, {"id": 9, "text": "Ryan T.", "label": "others", "box": [175, 406, 238, 384], "linking": []}, {"id": 10, "text": " Eat", "label": "others", "box": [175, 428, 207, 407], "linking": []}, {"id": 11, "text": "11/11/2019", "label": "others", "box": [417, 408, 512, 385], "linking": []}, {"id": 12, "text": " 6:33 PM", "label": "others", "box": [443, 431, 511, 410], "linking": []}, {"id": 13, "text": " In", "label": "others", "box": [211, 428, 232, 408], "linking": []}, {"id": 14, "text": " Love", "label": "0 description beginning", "box": [202, 474, 244, 454], "linking": []}, {"id": 15, "text": "Plain Waffle", "label": "0 description beginning", "box": [210, 499, 325, 476], "linking": []}, {"id": 16, "text": "Water", "label": "0 description beginning", "box": [201, 519, 248, 500], "linking": []}, {"id": 17, "text": " It", "label": "1 description inside", "box": [247, 474, 270, 454], "linking": []}, {"id": 18, "text": " CYO", "label": "1 description inside", "box": [273, 474, 306, 454], "linking": []}, {"id": 19, "text": "5.49", "label": "5 total price per item", "box": [461, 477, 499, 456], "linking": []}, {"id": 20, "text": "1.29", "label": "5 total price per item", "box": [462, 499, 501, 480], "linking": []}, {"id": 21, "text": "2.59", "label": "5 total price per item", "box": [461, 520, 500, 502], "linking": []}, {"id": 22, "text": "Subtotal", "label": "others", "box": [167, 557, 243, 538], "linking": []}, {"id": 23, "text": "Food Tax", "label": "others", "box": [163, 577, 242, 558], "linking": []}, {"id": 24, "text": "Beverage Tax", "label": "others", "box": [158, 599, 278, 579], "linking": []}, {"id": 25, "text": "9.37", "label": "sub total", "box": [459, 559, 498, 541], "linking": []}, {"id": 26, "text": "0.58", "label": "2 tax total", "box": [459, 578, 500, 560], "linking": []}, {"id": 27, "text": "0.22", "label": "2 tax total", "box": [457, 598, 497, 580], "linking": []}, {"id": 28, "text": "TOTAL", "label": "others", "box": [151, 643, 201, 623], "linking": []}, {"id": 29, "text": "10.17", "label": "total amount", "box": [449, 642, 497, 621], "linking": []}, {"id": 30, "text": "Visa", "label": "others", "box": [153, 690, 195, 670], "linking": []}, {"id": 31, "text": "Acct.", "label": "others", "box": [172, 714, 222, 694], "linking": []}, {"id": 32, "text": "CHANGE DUE", "label": "others", "box": [153, 739, 255, 716], "linking": []}, {"id": 33, "text": "-10.17", "label": "others", "box": [437, 690, 498, 668], "linking": []}, {"id": 34, "text": "0.00", "label": "others", "box": [457, 735, 501, 714], "linking": []}, {"id": 35, "text": "Thank you for visiting", "label": "others", "box": [223, 787, 443, 764], "linking": []}, {"id": 36, "text": "Cold Stone Creamery", "label": "others", "box": [243, 811, 433, 788], "linking": []}, {"id": 37, "text": "Please come again!", "label": "others", "box": [244, 855, 422, 831], "linking": []}, {"id": 38, "text": "My Cold Stone Club", "label": "others", "box": [193, 1148, 545, 1099], "linking": []}, {"id": 39, "text": "Rewards", "label": "others", "box": [296, 1159, 434, 1125], "linking": []}]