[{"id": 0, "text": "merchant name", "label": "others", "box": [156, 152, 281, 124], "linking": []}, {"id": 1, "text": "merchant address", "label": "others", "box": [136, 181, 304, 152], "linking": []}, {"id": 2, "text": "merchant address", "label": "others", "box": [141, 206, 315, 184], "linking": []}, {"id": 3, "text": "SW1V 1JZ", "label": "others", "box": [186, 261, 274, 238], "linking": []}, {"id": 4, "text": "9232 Alejandro C", "label": "others", "box": [23, 313, 193, 289], "linking": []}, {"id": 5, "text": " WS#:", "label": "others", "box": [381, 345, 433, 321], "linking": []}, {"id": 6, "text": " 3", "label": "others", "box": [436, 346, 452, 323], "linking": []}, {"id": 7, "text": "CHK 148374", "label": "others", "box": [185, 389, 291, 368], "linking": []}, {"id": 8, "text": " 10 Nov'19 19:50 PM", "label": "others", "box": [148, 416, 334, 392], "linking": []}, {"id": 9, "text": " 1", "label": "e quantity", "box": [54, 460, 67, 439], "linking": []}, {"id": 10, "text": " 1", "label": "e quantity", "box": [54, 484, 69, 463], "linking": []}, {"id": 11, "text": " TA SB Chef's Italian", "label": "0 description beginning", "box": [70, 463, 272, 439], "linking": []}, {"id": 12, "text": " TA Peppermint Tea", "label": "0 description beginning", "box": [72, 486, 244, 463], "linking": []}, {"id": 13, "text": "AmEx", "label": "others", "box": [74, 508, 118, 487], "linking": []}, {"id": 14, "text": "XXXXXXXXXXX1002", "label": "others", "box": [73, 534, 226, 511], "linking": []}, {"id": 15, "text": "4.79", "label": "5 total price per item", "box": [343, 465, 387, 444], "linking": []}, {"id": 16, "text": "1.90", "label": "5 total price per item", "box": [344, 487, 385, 469], "linking": []}, {"id": 17, "text": "\u00a36.69", "label": "others", "box": [332, 511, 387, 491], "linking": []}, {"id": 18, "text": "0.32 VAT 20%", "label": "2 tax total", "box": [103, 586, 227, 562], "linking": []}, {"id": 19, "text": " Net Total:", "label": "others", "box": [73, 612, 175, 586], "linking": []}, {"id": 20, "text": "Non-Sandwiches", "label": "0 description beginning", "box": [74, 637, 219, 615], "linking": []}, {"id": 21, "text": "Hot Drinks", "label": "0 description beginning", "box": [71, 663, 178, 640], "linking": []}, {"id": 22, "text": "Payment", "label": "others", "box": [72, 690, 149, 666], "linking": []}, {"id": 23, "text": "Change Due", "label": "others", "box": [41, 718, 249, 693], "linking": []}, {"id": 24, "text": "1.90", "label": "others", "box": [349, 589, 388, 563], "linking": []}, {"id": 25, "text": "\u00a31.58", "label": "others", "box": [335, 615, 389, 589], "linking": []}, {"id": 26, "text": "\u00a34.79", "label": "5 total price per item", "box": [338, 638, 390, 617], "linking": []}, {"id": 27, "text": "\u00a31.90", "label": "5 total price per item", "box": [338, 667, 390, 642], "linking": []}, {"id": 28, "text": "$6.69", "label": "total amount", "box": [340, 693, 392, 668], "linking": []}, {"id": 29, "text": "\u00a30.00", "label": "others", "box": [351, 719, 457, 697], "linking": []}, {"id": 30, "text": "Check Closed", "label": "others", "box": [181, 775, 316, 748], "linking": []}, {"id": 31, "text": " 10 Nov'19 19:51 PM", "label": "others", "box": [157, 804, 350, 777], "linking": []}, {"id": 32, "text": "www.pret.com", "label": "others", "box": [189, 860, 319, 838], "linking": []}, {"id": 33, "text": "TALK TO PRET", "label": "others", "box": [189, 890, 322, 863], "linking": []}, {"id": 34, "text": "We love to hear your feedback (the good", "label": "others", "box": [37, 925, 465, 894], "linking": []}, {"id": 35, "text": "the bad and the ugly).", "label": "others", "box": [134, 952, 376, 924], "linking": []}, {"id": 36, "text": "Pret A Manger (Europe) Ltd", "label": "others", "box": [112, 983, 402, 955], "linking": []}, {"id": 37, "text": "VAT No. 927137420", "label": "others", "box": [159, 1014, 348, 985], "linking": []}, {"id": 38, "text": " 1478", "label": "others", "box": [304, 1044, 352, 1017], "linking": []}, {"id": 39, "text": " Toilet Code:", "label": "others", "box": [159, 1046, 300, 1018], "linking": []}]