[{"id": 0, "text": "Thank You For Joining Us At", "label": "others", "box": [571, 131, 1015, 65], "linking": []}, {"id": 1, "text": "11/12/2019", "label": "others", "box": [521, 179, 689, 129], "linking": []}, {"id": 2, "text": "merchant name", "label": "others", "box": [670, 156, 919, 108], "linking": []}, {"id": 3, "text": "===================", "label": "others", "box": [511, 216, 833, 173], "linking": []}, {"id": 4, "text": "Avenue Cafe", "label": "others", "box": [694, 256, 885, 217], "linking": []}, {"id": 5, "text": " Table:", "label": "others", "box": [848, 292, 955, 257], "linking": []}, {"id": 6, "text": " Guests:", "label": "others", "box": [842, 329, 972, 290], "linking": []}, {"id": 7, "text": " 8:56", "label": "others", "box": [995, 191, 1063, 162], "linking": []}, {"id": 8, "text": "=======", "label": "others", "box": [943, 220, 1065, 197], "linking": []}, {"id": 9, "text": " Check:", "label": "others", "box": [511, 282, 628, 243], "linking": []}, {"id": 10, "text": " Server:", "label": "others", "box": [506, 319, 635, 281], "linking": []}, {"id": 11, "text": " Terminal:", "label": "others", "box": [504, 355, 667, 320], "linking": []}, {"id": 12, "text": "==========", "label": "others", "box": [501, 388, 675, 358], "linking": []}, {"id": 13, "text": "Regular Check", "label": "others", "box": [668, 439, 900, 400], "linking": []}, {"id": 14, "text": " 3189072", "label": "others", "box": [640, 283, 770, 248], "linking": []}, {"id": 15, "text": " Yohannes", "label": "others", "box": [641, 321, 784, 285], "linking": []}, {"id": 16, "text": " 9", "label": "others", "box": [960, 292, 985, 261], "linking": []}, {"id": 17, "text": " 3", "label": "others", "box": [977, 329, 999, 297], "linking": []}, {"id": 18, "text": " 322", "label": "others", "box": [672, 358, 729, 323], "linking": []}, {"id": 19, "text": "======= ===", "label": "others", "box": [677, 393, 798, 366], "linking": []}, {"id": 20, "text": "===============", "label": "others", "box": [810, 403, 1066, 368], "linking": []}, {"id": 21, "text": " 1", "label": "e quantity", "box": [600, 474, 623, 436], "linking": []}, {"id": 22, "text": "2 Fresh JJ", "label": "0 description beginning", "box": [599, 510, 775, 472], "linking": []}, {"id": 23, "text": "@ 8.00", "label": "unit price", "box": [630, 548, 741, 512], "linking": []}, {"id": 24, "text": "2 Coffee", "label": "0 description beginning", "box": [596, 588, 737, 548], "linking": []}, {"id": 25, "text": "@ 5.00", "label": "unit price", "box": [625, 626, 736, 589], "linking": []}, {"id": 26, "text": "2 BYO Omelet", "label": "0 description beginning", "box": [594, 668, 803, 627], "linking": []}, {"id": 27, "text": "@ 19.00", "label": "unit price", "box": [619, 705, 747, 667], "linking": []}, {"id": 28, "text": "Bell P", "label": "1 description inside", "box": [621, 745, 733, 708], "linking": []}, {"id": 29, "text": " American Brkfast", "label": "0 description beginning", "box": [630, 477, 909, 436], "linking": []}, {"id": 30, "text": "19.00", "label": "5 total price per item", "box": [982, 479, 1065, 447], "linking": []}, {"id": 31, "text": "16.00", "label": "5 total price per item", "box": [980, 513, 1071, 482], "linking": []}, {"id": 32, "text": "10.00", "label": "5 total price per item", "box": [979, 590, 1068, 554], "linking": []}, {"id": 33, "text": "38.00", "label": "5 total price per item", "box": [977, 664, 1071, 630], "linking": []}, {"id": 34, "text": "Subtotal", "label": "others", "box": [655, 833, 797, 792], "linking": []}, {"id": 35, "text": "Sales Tax", "label": "others", "box": [639, 875, 801, 832], "linking": []}, {"id": 36, "text": "Total", "label": "others", "box": [709, 914, 795, 877], "linking": []}, {"id": 37, "text": "83.00", "label": "sub total", "box": [939, 832, 1032, 795], "linking": []}, {"id": 38, "text": "6.85", "label": "2 tax total", "box": [959, 871, 1031, 835], "linking": []}, {"id": 39, "text": "89.85", "label": "total amount", "box": [940, 912, 1032, 874], "linking": []}, {"id": 40, "text": "===================", "label": "others", "box": [466, 1035, 807, 1012], "linking": []}, {"id": 41, "text": "Payments", "label": "others", "box": [682, 1085, 833, 1047], "linking": []}, {"id": 42, "text": "=======", "label": "others", "box": [934, 1036, 1069, 1016], "linking": []}, {"id": 43, "text": "MGM Poen Charge", "label": "others", "box": [461, 1174, 745, 1132], "linking": []}, {"id": 44, "text": "merchant address", "label": "others", "box": [503, 1215, 1055, 1174], "linking": []}, {"id": 45, "text": "89.85", "label": "others", "box": [972, 1172, 1068, 1131], "linking": []}, {"id": 46, "text": "Total Payments", "label": "others", "box": [446, 1341, 716, 1295], "linking": []}, {"id": 47, "text": "89.85", "label": "total amount", "box": [976, 1339, 1075, 1299], "linking": []}, {"id": 48, "text": "Remaining Balance", "label": "others", "box": [436, 1433, 768, 1388], "linking": []}, {"id": 49, "text": "0.00", "label": "others", "box": [994, 1434, 1077, 1391], "linking": []}, {"id": 50, "text": "Check Fully Authorized", "label": "others", "box": [428, 1532, 867, 1481], "linking": []}, {"id": 51, "text": "======", "label": "others", "box": [651, 1620, 752, 1596], "linking": []}, {"id": 52, "text": "***** GRATUITY/TIP Not Included *****", "label": "others", "box": [414, 1681, 1123, 1634], "linking": []}, {"id": 53, "text": "This tip/gratuity guide is provided for", "label": "others", "box": [420, 1736, 1205, 1681], "linking": []}, {"id": 54, "text": "your convenience.", "label": "others", "box": [415, 1782, 765, 1737], "linking": []}, {"id": 55, "text": "===", "label": "others", "box": [1022, 1622, 1078, 1599], "linking": []}, {"id": 56, "text": "18%-14.94", "label": "others", "box": [575, 1884, 761, 1836], "linking": []}, {"id": 57, "text": "19%-15.77", "label": "others", "box": [575, 1937, 756, 1888], "linking": []}, {"id": 58, "text": "20%-16.60", "label": "others", "box": [568, 1992, 756, 1939], "linking": []}, {"id": 59, "text": "Loved Your Meal?", "label": "others", "box": [567, 2149, 899, 2096], "linking": []}, {"id": 60, "text": "Let us <now on YELP", "label": "others", "box": [542, 2198, 940, 2151], "linking": []}]