[{"id": 0, "text": "Thank You For Visiting the", "label": "others", "box": [105, 100, 276, 79], "linking": []}, {"id": 1, "text": "merchant name", "label": "others", "box": [105, 116, 273, 97], "linking": []}, {"id": 2, "text": "Matthew Fraysier", "label": "others", "box": [138, 134, 242, 116], "linking": []}, {"id": 3, "text": "General Manager", "label": "others", "box": [141, 151, 239, 134], "linking": []}, {"id": 4, "text": "merchant phone", "label": "others", "box": [150, 166, 234, 150], "linking": []}, {"id": 5, "text": " We Love Your", "label": "others", "box": [121, 184, 199, 167], "linking": []}, {"id": 6, "text": "Text @LTF11479 to 73940", "label": "others", "box": [118, 201, 265, 183], "linking": []}, {"id": 7, "text": " Feedback!", "label": "others", "box": [201, 185, 261, 168], "linking": []}, {"id": 8, "text": " HL", "label": "0 description beginning", "box": [64, 244, 78, 228], "linking": []}, {"id": 9, "text": " WW Sandwich", "label": "0 description beginning", "box": [63, 260, 137, 244], "linking": []}, {"id": 10, "text": "American", "label": "0 description beginning", "box": [63, 274, 120, 260], "linking": []}, {"id": 11, "text": "Lettuce", "label": "0 description beginning", "box": [63, 289, 111, 275], "linking": []}, {"id": 12, "text": "Avocado", "label": "0 description beginning", "box": [64, 305, 111, 290], "linking": []}, {"id": 13, "text": "Brownie", "label": "0 description beginning", "box": [63, 321, 111, 306], "linking": []}, {"id": 14, "text": "Assorted Cookie", "label": "0 description beginning", "box": [63, 339, 160, 322], "linking": []}, {"id": 15, "text": "Matts Munchies Tropi", "label": "0 description beginning", "box": [63, 355, 191, 338], "linking": []}, {"id": 16, "text": " Snapple Peach", "label": "0 description beginning", "box": [63, 370, 148, 354], "linking": []}, {"id": 17, "text": " Chicken Sandwich", "label": "0 description beginning", "box": [81, 247, 187, 229], "linking": []}, {"id": 18, "text": " Thin", "label": "0 description beginning", "box": [140, 261, 169, 246], "linking": []}, {"id": 19, "text": "USD", "label": "others", "box": [301, 233, 322, 218], "linking": []}, {"id": 20, "text": "4.85", "label": "5 total price per item", "box": [296, 248, 323, 234], "linking": []}, {"id": 21, "text": "0.00", "label": "5 total price per item", "box": [295, 263, 322, 250], "linking": []}, {"id": 22, "text": "0.45", "label": "5 total price per item", "box": [296, 279, 322, 265], "linking": []}, {"id": 23, "text": "0.00", "label": "5 total price per item", "box": [294, 294, 321, 281], "linking": []}, {"id": 24, "text": "0.99", "label": "5 total price per item", "box": [295, 310, 321, 296], "linking": []}, {"id": 25, "text": "1.25", "label": "5 total price per item", "box": [296, 325, 319, 312], "linking": []}, {"id": 26, "text": "0.95", "label": "5 total price per item", "box": [294, 340, 321, 327], "linking": []}, {"id": 27, "text": "3.05", "label": "5 total price per item", "box": [294, 356, 320, 342], "linking": []}, {"id": 28, "text": "1.55", "label": "5 total price per item", "box": [295, 371, 321, 357], "linking": []}, {"id": 29, "text": " Mangos", "label": "0 description beginning", "box": [150, 372, 192, 356], "linking": []}, {"id": 30, "text": "Sub Total", "label": "others", "box": [207, 401, 266, 387], "linking": []}, {"id": 31, "text": "Tax Amount", "label": "others", "box": [206, 417, 272, 402], "linking": []}, {"id": 32, "text": "13.09", "label": "sub total", "box": [288, 401, 321, 388], "linking": []}, {"id": 33, "text": "1.16", "label": "2 tax total", "box": [295, 416, 319, 403], "linking": []}, {"id": 34, "text": "Total USD", "label": "others", "box": [56, 472, 172, 446], "linking": []}, {"id": 35, "text": "14.25", "label": "total amount", "box": [256, 474, 318, 449], "linking": []}, {"id": 36, "text": " 5009 AMERICAN", "label": "others", "box": [55, 530, 139, 514], "linking": []}, {"id": 37, "text": " EXPRESS", "label": "others", "box": [142, 530, 190, 516], "linking": []}, {"id": 38, "text": "14.25", "label": "others", "box": [288, 532, 320, 518], "linking": []}, {"id": 39, "text": "Fax", "label": "others", "box": [53, 570, 73, 558], "linking": []}, {"id": 40, "text": "() 8.875", "label": "others", "box": [51, 584, 103, 570], "linking": []}, {"id": 41, "text": " Taxable Amount", "label": "others", "box": [154, 573, 249, 558], "linking": []}, {"id": 42, "text": "13.09", "label": "sub total", "box": [212, 584, 245, 572], "linking": []}, {"id": 43, "text": " Tax", "label": "others", "box": [255, 573, 277, 559], "linking": []}, {"id": 44, "text": " Amount", "label": "others", "box": [279, 574, 319, 559], "linking": []}, {"id": 45, "text": "1.16", "label": "2 tax total", "box": [295, 587, 320, 573], "linking": []}, {"id": 46, "text": " 11/08/2019 01:07 PM #:48921 Op:4023 0:111", "label": "others", "box": [47, 629, 320, 613], "linking": []}, {"id": 47, "text": " 105 S:1111", "label": "others", "box": [47, 643, 113, 627], "linking": []}, {"id": 48, "text": " Served you", "label": "others", "box": [44, 660, 113, 645], "linking": []}, {"id": 49, "text": " : Lucrecia Findley", "label": "others", "box": [116, 661, 239, 644], "linking": []}, {"id": 50, "text": "*** Customer copy ***", "label": "others", "box": [102, 725, 245, 709], "linking": []}, {"id": 51, "text": "AMEX NY937 (5)", "label": "others", "box": [128, 756, 222, 741], "linking": []}, {"id": 52, "text": " agree to pay the above total amount", "label": "others", "box": [62, 772, 295, 757], "linking": []}, {"id": 53, "text": "according to card issuer", "label": "others", "box": [96, 785, 255, 771], "linking": []}, {"id": 54, "text": " agreement (Merchant agreement", "label": "others", "box": [46, 802, 239, 787], "linking": []}, {"id": 55, "text": " Vouches )Retain this copy for", "label": "others", "box": [66, 817, 251, 801], "linking": []}, {"id": 56, "text": "records.", "label": "others", "box": [150, 827, 205, 815], "linking": []}, {"id": 57, "text": "PURCHASE / APPROVED", "label": "others", "box": [51, 849, 174, 833], "linking": []}, {"id": 58, "text": "*********** 5002", "label": "others", "box": [55, 867, 152, 854], "linking": []}, {"id": 59, "text": " I", "label": "others", "box": [50, 771, 60, 757], "linking": []}, {"id": 60, "text": " If", "label": "others", "box": [241, 802, 256, 787], "linking": []}, {"id": 61, "text": " Credit", "label": "others", "box": [259, 802, 300, 787], "linking": []}, {"id": 62, "text": " your", "label": "others", "box": [253, 818, 280, 803], "linking": []}, {"id": 63, "text": "CHIP READ /", "label": "others", "box": [57, 880, 129, 864], "linking": []}, {"id": 64, "text": " 2019/11/08 13:07:13", "label": "others", "box": [56, 912, 178, 895], "linking": []}, {"id": 65, "text": "TID", "label": "others", "box": [56, 927, 76, 911], "linking": []}, {"id": 66, "text": "MID", "label": "others", "box": [51, 942, 74, 928], "linking": []}, {"id": 67, "text": "REFERENCE", "label": "others", "box": [51, 958, 111, 944], "linking": []}, {"id": 68, "text": "AUTH CODE", "label": "others", "box": [51, 976, 110, 960], "linking": []}, {"id": 69, "text": "**** 6039", "label": "others", "box": [256, 928, 305, 915], "linking": []}, {"id": 70, "text": "6634459", "label": "others", "box": [259, 945, 305, 930], "linking": []}, {"id": 71, "text": "S11|1111105#489216246854", "label": "others", "box": [145, 963, 306, 944], "linking": []}, {"id": 72, "text": "823826", "label": "others", "box": [266, 978, 305, 963], "linking": []}, {"id": 73, "text": "TOTAL", "label": "others", "box": [47, 1009, 80, 994], "linking": []}, {"id": 74, "text": "USD14.25", "label": "total amount", "box": [250, 1012, 305, 997], "linking": []}, {"id": 75, "text": " ARC:", "label": "others", "box": [47, 1042, 75, 1028], "linking": []}, {"id": 76, "text": " TSI:", "label": "others", "box": [48, 1057, 74, 1043], "linking": []}, {"id": 77, "text": " IAD:", "label": "others", "box": [49, 1071, 75, 1059], "linking": []}, {"id": 78, "text": " TVP:", "label": "others", "box": [47, 1085, 76, 1073], "linking": []}, {"id": 79, "text": " AID:", "label": "others", "box": [50, 1095, 79, 1084], "linking": []}, {"id": 80, "text": " PAR SOO NO:", "label": "others", "box": [49, 1106, 124, 1094], "linking": []}, {"id": 81, "text": " 00", "label": "others", "box": [77, 1042, 94, 1028], "linking": []}, {"id": 82, "text": " 1800", "label": "others", "box": [77, 1057, 108, 1043], "linking": []}, {"id": 83, "text": " 06680103662002", "label": "others", "box": [78, 1072, 171, 1059], "linking": []}, {"id": 84, "text": " 0000008000", "label": "others", "box": [79, 1084, 145, 1071], "linking": []}, {"id": 85, "text": " A000000025010801", "label": "others", "box": [81, 1095, 186, 1080], "linking": []}, {"id": 86, "text": " 00", "label": "others", "box": [125, 1104, 142, 1094], "linking": []}]