[{"id": 0, "text": "merchant name", "label": "others", "box": [130, 109, 352, 81], "linking": []}, {"id": 1, "text": "merchant address", "label": "others", "box": [180, 133, 308, 107], "linking": []}, {"id": 2, "text": "merchant phone", "label": "others", "box": [262, 158, 413, 135], "linking": []}, {"id": 3, "text": "merchant address", "label": "others", "box": [67, 157, 251, 128], "linking": []}, {"id": 4, "text": "CHK 712991", "label": "others", "box": [186, 202, 294, 182], "linking": []}, {"id": 5, "text": " 11/15/2019 08:45 AM", "label": "others", "box": [136, 226, 337, 205], "linking": []}, {"id": 6, "text": " 2 Reg:", "label": "others", "box": [277, 248, 361, 227], "linking": []}, {"id": 7, "text": "1513490", "label": "others", "box": [95, 249, 171, 228], "linking": []}, {"id": 8, "text": " Drawer:", "label": "others", "box": [191, 250, 273, 230], "linking": []}, {"id": 9, "text": " 1", "label": "others", "box": [365, 245, 376, 226], "linking": []}, {"id": 10, "text": "Berry Trio Yogurt", "label": "0 description beginning", "box": [56, 296, 233, 270], "linking": []}, {"id": 11, "text": "Gr Flat White", "label": "0 description beginning", "box": [55, 322, 193, 297], "linking": []}, {"id": 12, "text": "3.95", "label": "5 total price per item", "box": [350, 286, 397, 265], "linking": []}, {"id": 13, "text": "4.95", "label": "5 total price per item", "box": [350, 315, 397, 291], "linking": []}, {"id": 14, "text": "Amex", "label": "others", "box": [58, 372, 100, 353], "linking": []}, {"id": 15, "text": "XXXXXXXXXXXX1000", "label": "others", "box": [57, 399, 223, 377], "linking": []}, {"id": 16, "text": " QUICK CHIP", "label": "others", "box": [175, 428, 284, 401], "linking": []}, {"id": 17, "text": " PURCHASE", "label": "others", "box": [177, 453, 265, 430], "linking": []}, {"id": 18, "text": " Reference #:", "label": "others", "box": [57, 478, 184, 456], "linking": []}, {"id": 19, "text": " App Label:", "label": "others", "box": [57, 503, 162, 481], "linking": []}, {"id": 20, "text": " Auth #:", "label": "others", "box": [56, 528, 131, 505], "linking": []}, {"id": 21, "text": " AID:", "label": "others", "box": [56, 553, 101, 532], "linking": []}, {"id": 22, "text": " TVR:", "label": "others", "box": [57, 578, 102, 557], "linking": []}, {"id": 23, "text": " TSI:", "label": "others", "box": [57, 602, 102, 582], "linking": []}, {"id": 24, "text": "8.90", "label": "others", "box": [348, 370, 397, 347], "linking": []}, {"id": 25, "text": " Card Entry:", "label": "others", "box": [59, 428, 170, 402], "linking": []}, {"id": 26, "text": " Trans Type:", "label": "others", "box": [57, 453, 172, 428], "linking": []}, {"id": 27, "text": " 00000135", "label": "others", "box": [188, 479, 277, 456], "linking": []}, {"id": 28, "text": " AMERICAN EXPRESS", "label": "others", "box": [166, 506, 338, 482], "linking": []}, {"id": 29, "text": " 803099", "label": "others", "box": [135, 529, 202, 507], "linking": []}, {"id": 30, "text": " A000000025010801", "label": "others", "box": [105, 556, 272, 532], "linking": []}, {"id": 31, "text": " 0000008000", "label": "others", "box": [106, 579, 213, 558], "linking": []}, {"id": 32, "text": " E800", "label": "others", "box": [106, 602, 152, 582], "linking": []}, {"id": 33, "text": "Subtotal", "label": "others", "box": [54, 653, 138, 631], "linking": []}, {"id": 34, "text": "Total", "label": "others", "box": [58, 680, 109, 655], "linking": []}, {"id": 35, "text": "Change Due", "label": "others", "box": [25, 707, 230, 682], "linking": []}, {"id": 36, "text": "$8.90", "label": "sub total", "box": [326, 656, 382, 633], "linking": []}, {"id": 37, "text": "$8.90", "label": "total amount", "box": [325, 683, 383, 661], "linking": []}, {"id": 38, "text": "$0.00", "label": "others", "box": [336, 712, 449, 687], "linking": []}, {"id": 39, "text": "Check Closed", "label": "others", "box": [145, 762, 276, 736], "linking": []}, {"id": 40, "text": " 11/15/2019 08:45 AM", "label": "others", "box": [129, 791, 332, 762], "linking": []}, {"id": 41, "text": "Join our loyalty program", "label": "others", "box": [111, 918, 366, 886], "linking": []}, {"id": 42, "text": "Sign up for promotional emails", "label": "others", "box": [78, 975, 401, 937], "linking": []}, {"id": 43, "text": "Or download our app", "label": "others", "box": [130, 1033, 336, 995], "linking": []}, {"id": 44, "text": "Some restrictions apply", "label": "others", "box": [109, 1093, 359, 1051], "linking": []}, {"id": 45, "text": "Starbucks Rewards@", "label": "others", "box": [140, 943, 333, 913], "linking": []}, {"id": 46, "text": "Visit Starbucks.com/rewards", "label": "others", "box": [88, 1006, 380, 963], "linking": []}, {"id": 47, "text": "At participating stores", "label": "others", "box": [111, 1063, 360, 1021], "linking": []}]