[{"id": 0, "text": "11/18/19", "label": "others", "box": [22, 132, 113, 107], "linking": []}, {"id": 1, "text": "Lago", "label": "others", "box": [65, 162, 111, 137], "linking": []}, {"id": 2, "text": " 15:42", "label": "others", "box": [289, 134, 348, 102], "linking": []}, {"id": 3, "text": "merchant phone", "label": "others", "box": [122, 195, 258, 167], "linking": []}, {"id": 4, "text": " MERCH ID:", "label": "others", "box": [23, 250, 130, 225], "linking": []}, {"id": 5, "text": " CASHIER:", "label": "others", "box": [23, 278, 124, 253], "linking": []}, {"id": 6, "text": " 1535802004", "label": "others", "box": [134, 252, 241, 226], "linking": []}, {"id": 7, "text": " ALESSANDRO", "label": "others", "box": [132, 281, 241, 256], "linking": []}, {"id": 8, "text": "AMEX EMV", "label": "others", "box": [135, 335, 220, 312], "linking": []}, {"id": 9, "text": "XXXXXXXXXXX2007", "label": "others", "box": [146, 395, 301, 363], "linking": []}, {"id": 10, "text": "XX/XX", "label": "others", "box": [145, 420, 202, 394], "linking": []}, {"id": 11, "text": "802595", "label": "others", "box": [146, 445, 210, 423], "linking": []}, {"id": 12, "text": "87.77", "label": "others", "box": [146, 472, 201, 450], "linking": []}, {"id": 13, "text": "34126", "label": "others", "box": [147, 499, 201, 476], "linking": []}, {"id": 14, "text": "89", "label": "others", "box": [149, 526, 170, 504], "linking": []}, {"id": 15, "text": " NAME:", "label": "others", "box": [27, 364, 82, 340], "linking": []}, {"id": 16, "text": " NUMBER", "label": "others", "box": [29, 392, 88, 369], "linking": []}, {"id": 17, "text": " EXPIRE:", "label": "others", "box": [31, 420, 104, 398], "linking": []}, {"id": 18, "text": " AUTH:", "label": "others", "box": [29, 448, 84, 424], "linking": []}, {"id": 19, "text": " AMOUNT", "label": "others", "box": [31, 475, 91, 453], "linking": []}, {"id": 20, "text": " CHECK", "label": "others", "box": [31, 501, 81, 479], "linking": []}, {"id": 21, "text": " TABLE:", "label": "others", "box": [34, 528, 96, 506], "linking": []}, {"id": 22, "text": " :", "label": "others", "box": [93, 392, 104, 369], "linking": []}, {"id": 23, "text": " :", "label": "others", "box": [95, 474, 106, 452], "linking": []}, {"id": 24, "text": " :", "label": "others", "box": [85, 501, 96, 479], "linking": []}, {"id": 25, "text": " TOTAL", "label": "others", "box": [35, 579, 83, 558], "linking": []}, {"id": 26, "text": " :", "label": "others", "box": [87, 579, 98, 558], "linking": []}, {"id": 27, "text": "87.77", "label": "sub total", "box": [148, 576, 199, 553], "linking": []}, {"id": 28, "text": "20", "label": "3 tip", "box": [193, 621, 236, 592], "linking": []}, {"id": 29, "text": "107", "label": "total amount", "box": [196, 676, 251, 640], "linking": []}, {"id": 30, "text": "I agree to pay above total", "label": "others", "box": [34, 734, 300, 701], "linking": []}, {"id": 31, "text": "issuer agreement.", "label": "others", "box": [38, 784, 210, 757], "linking": []}, {"id": 32, "text": "00", "label": "3 tip", "box": [250, 597, 277, 579], "linking": []}, {"id": 33, "text": " GRATUITY:", "label": "others", "box": [35, 629, 129, 606], "linking": []}, {"id": 34, "text": " TOTAL", "label": "others", "box": [38, 683, 81, 655], "linking": []}, {"id": 35, "text": " :", "label": "others", "box": [86, 682, 97, 655], "linking": []}, {"id": 36, "text": "tt", "label": "total amount", "box": [263, 625, 296, 650], "linking": []}, {"id": 37, "text": "amount according to my card", "label": "others", "box": [34, 759, 312, 729], "linking": []}, {"id": 38, "text": "X", "label": "others", "box": [36, 830, 49, 812], "linking": []}, {"id": 39, "text": "STONATIDE", "label": "others", "box": [48, 848, 141, 832], "linking": []}, {"id": 40, "text": "Customer Copy", "label": "others", "box": [116, 879, 252, 857], "linking": []}]