[{"id": 0, "text": "S3", "label": "others", "box": [87, 33, 141, 0], "linking": []}, {"id": 1, "text": "merchant name", "label": "others", "box": [218, 113, 327, 98], "linking": []}, {"id": 2, "text": "merchant name", "label": "others", "box": [220, 121, 316, 112], "linking": []}, {"id": 3, "text": "merchant address", "label": "others", "box": [220, 135, 309, 123], "linking": []}, {"id": 4, "text": "merchant address", "label": "others", "box": [116, 191, 241, 174], "linking": []}, {"id": 5, "text": "merchant phone", "label": "others", "box": [174, 206, 262, 190], "linking": []}, {"id": 6, "text": "merchant address", "label": "others", "box": [244, 189, 256, 173], "linking": []}, {"id": 7, "text": "merchant address", "label": "others", "box": [259, 189, 341, 172], "linking": []}, {"id": 8, "text": "Check44167", "label": "others", "box": [71, 233, 152, 211], "linking": []}, {"id": 9, "text": "Table $3", "label": "others", "box": [72, 266, 131, 241], "linking": []}, {"id": 10, "text": " 07/11/19 12:", "label": "others", "box": [299, 228, 383, 207], "linking": []}, {"id": 11, "text": " 1", "label": "others", "box": [160, 265, 170, 242], "linking": []}, {"id": 12, "text": "Refreshing Tuna Poke Rice Bowl", "label": "0 description beginning", "box": [63, 314, 299, 285], "linking": []}, {"id": 13, "text": "Coke", "label": "0 description beginning", "box": [63, 339, 101, 319], "linking": []}, {"id": 14, "text": "1", "label": "e quantity", "box": [320, 305, 339, 288], "linking": []}, {"id": 15, "text": "$158.", "label": "5 total price per item", "box": [347, 309, 396, 283], "linking": []}, {"id": 16, "text": "$28", "label": "5 total price per item", "box": [366, 339, 394, 312], "linking": []}, {"id": 17, "text": "Sub- total", "label": "others", "box": [93, 393, 160, 368], "linking": []}, {"id": 18, "text": "Service Charge", "label": "others", "box": [90, 428, 204, 404], "linking": []}, {"id": 19, "text": "$186.", "label": "sub total", "box": [365, 391, 402, 363], "linking": []}, {"id": 20, "text": "$18", "label": "others", "box": [378, 424, 406, 396], "linking": []}, {"id": 21, "text": "Total", "label": "others", "box": [80, 513, 183, 462], "linking": []}, {"id": 22, "text": "$204.6", "label": "total amount", "box": [306, 504, 423, 458], "linking": []}]