[{"id": 0, "text": " Zomato Order:", "label": "others", "box": [129, 87, 279, 68], "linking": []}, {"id": 1, "text": "merchant name", "label": "others", "box": [134, 112, 394, 90], "linking": []}, {"id": 2, "text": "merchant name", "label": "others", "box": [206, 134, 318, 115], "linking": []}, {"id": 3, "text": "merchant address", "label": "others", "box": [202, 158, 325, 139], "linking": []}, {"id": 4, "text": " 1656903777", "label": "others", "box": [285, 87, 399, 69], "linking": []}, {"id": 5, "text": " 29/:1/19 at 03:13 PM", "label": "others", "box": [167, 200, 357, 182], "linking": []}, {"id": 6, "text": "Delivered By Zomato", "label": "others", "box": [153, 246, 369, 224], "linking": []}, {"id": 7, "text": " Name:", "label": "others", "box": [91, 289, 153, 271], "linking": []}, {"id": 8, "text": " Address:", "label": "others", "box": [92, 313, 187, 295], "linking": []}, {"id": 9, "text": "GURGAON.", "label": "others", "box": [91, 334, 175, 316], "linking": []}, {"id": 10, "text": " OTP:", "label": "others", "box": [92, 361, 142, 342], "linking": []}, {"id": 11, "text": " [LF CYBER CITY,", "label": "others", "box": [190, 316, 346, 295], "linking": []}, {"id": 12, "text": " 0598", "label": "others", "box": [146, 361, 203, 342], "linking": []}, {"id": 13, "text": "Order", "label": "others", "box": [225, 411, 291, 392], "linking": []}, {"id": 14, "text": " Pakora", "label": "1 description inside", "box": [161, 439, 231, 423], "linking": []}, {"id": 15, "text": " Bread", "label": "0 description beginning", "box": [95, 439, 153, 423], "linking": []}, {"id": 16, "text": " 30", "label": "e quantity", "box": [94, 469, 122, 451], "linking": []}, {"id": 17, "text": " 2 828", "label": "unit price", "box": [127, 470, 176, 452], "linking": []}, {"id": 18, "text": "\u20b9840", "label": "5 total price per item", "box": [374, 473, 424, 454], "linking": []}, {"id": 19, "text": "Plain Dho la", "label": "0 description beginning", "box": [89, 524, 230, 505], "linking": []}, {"id": 20, "text": "Quantity", "label": "1 description inside", "box": [93, 551, 176, 532], "linking": []}, {"id": 21, "text": "1 Kg", "label": "e quantity", "box": [93, 573, 137, 554], "linking": []}, {"id": 22, "text": "290", "label": "5 total price per item", "box": [385, 604, 423, 587], "linking": []}, {"id": 23, "text": "Jalebi", "label": "0 description beginning", "box": [93, 653, 161, 635], "linking": []}, {"id": 24, "text": "Quantity", "label": "1 description inside", "box": [93, 681, 177, 663], "linking": []}, {"id": 25, "text": "1 kg", "label": "e quantity", "box": [93, 702, 136, 683], "linking": []}, {"id": 26, "text": " 1", "label": "e quantity", "box": [94, 729, 109, 711], "linking": []}, {"id": 27, "text": " x \u20b9 280", "label": "unit price", "box": [112, 730, 173, 712], "linking": []}, {"id": 28, "text": "\u5929289", "label": "5 total price per item", "box": [372, 732, 423, 714], "linking": []}, {"id": 29, "text": "Restaurant Promo", "label": "others", "box": [90, 785, 273, 766], "linking": []}, {"id": 30, "text": "Taxes", "label": "others", "box": [91, 813, 150, 796], "linking": []}, {"id": 31, "text": "\u20b9211.5", "label": "others", "box": [353, 788, 423, 768], "linking": []}, {"id": 32, "text": "\u20b959.92", "label": "2 tax total", "box": [352, 817, 423, 798], "linking": []}, {"id": 33, "text": "\u00a510", "label": "others", "box": [387, 848, 423, 829], "linking": []}, {"id": 34, "text": "\u20b91268.42", "label": "total amount", "box": [290, 888, 424, 860], "linking": []}, {"id": 35, "text": " Packaging", "label": "others", "box": [92, 847, 196, 827], "linking": []}, {"id": 36, "text": "Total", "label": "others", "box": [91, 883, 170, 857], "linking": []}, {"id": 37, "text": " Charge", "label": "others", "box": [203, 848, 272, 828], "linking": []}]