[{"id": 0, "text": "merchant name", "label": "others", "box": [820, 915, 897, 889], "linking": []}, {"id": 1, "text": "merchant name", "label": "others", "box": [780, 950, 921, 910], "linking": []}, {"id": 2, "text": "merchant name", "label": "others", "box": [794, 974, 925, 946], "linking": []}, {"id": 3, "text": " 11/18/2019 9:03 PM", "label": "others", "box": [683, 1218, 868, 1189], "linking": []}, {"id": 4, "text": " Check:", "label": "others", "box": [576, 1283, 634, 1258], "linking": []}, {"id": 5, "text": "Table", "label": "others", "box": [579, 1315, 629, 1290], "linking": []}, {"id": 6, "text": " Server:", "label": "others", "box": [574, 1347, 652, 1325], "linking": []}, {"id": 7, "text": " Card Type:", "label": "others", "box": [577, 1381, 678, 1355], "linking": []}, {"id": 8, "text": " Acct Num:", "label": "others", "box": [572, 1413, 679, 1389], "linking": []}, {"id": 9, "text": " Auth Code:", "label": "others", "box": [576, 1445, 680, 1420], "linking": []}, {"id": 10, "text": " Customer:", "label": "others", "box": [574, 1480, 679, 1453], "linking": []}, {"id": 11, "text": "26371", "label": "others", "box": [682, 1281, 733, 1257], "linking": []}, {"id": 12, "text": "G/4", "label": "others", "box": [684, 1316, 718, 1290], "linking": []}, {"id": 13, "text": "1031 Long Hall Bar", "label": "others", "box": [684, 1347, 866, 1321], "linking": []}, {"id": 14, "text": " AMEX", "label": "others", "box": [683, 1381, 732, 1355], "linking": []}, {"id": 15, "text": " *********** 3007", "label": "others", "box": [682, 1411, 837, 1387], "linking": []}, {"id": 16, "text": " 566206", "label": "others", "box": [684, 1445, 751, 1419], "linking": []}, {"id": 17, "text": " Amount", "label": "others", "box": [574, 1545, 692, 1518], "linking": []}, {"id": 18, "text": " :", "label": "others", "box": [697, 1544, 715, 1517], "linking": []}, {"id": 19, "text": "$68.28", "label": "sub total", "box": [858, 1542, 977, 1513], "linking": []}, {"id": 20, "text": " 11.", "label": "3 tip", "box": [803, 1633, 830, 1582], "linking": []}, {"id": 21, "text": " 70", "label": "3 tip", "box": [840, 1633, 898, 1582], "linking": []}, {"id": 22, "text": " Tip:", "label": "others", "box": [635, 1641, 681, 1615], "linking": []}, {"id": 23, "text": " Total", "label": "others", "box": [627, 1707, 672, 1679], "linking": []}, {"id": 24, "text": " :_", "label": "others", "box": [677, 1707, 704, 1680], "linking": []}, {"id": 25, "text": " Signature", "label": "others", "box": [610, 1771, 691, 1745], "linking": []}, {"id": 26, "text": " :.", "label": "others", "box": [696, 1771, 714, 1745], "linking": []}, {"id": 27, "text": "** Gratuity Not Included **", "label": "others", "box": [653, 1836, 902, 1807], "linking": []}, {"id": 28, "text": "** Service Pas Compris **", "label": "others", "box": [663, 1867, 905, 1841], "linking": []}, {"id": 29, "text": "** Propina No Includa **", "label": "others", "box": [661, 1901, 903, 1873], "linking": []}, {"id": 30, "text": " -", "label": "others", "box": [879, 1931, 893, 1905], "linking": []}, {"id": 31, "text": " *** Suggested Grauity 18%", "label": "others", "box": [619, 1933, 875, 1906], "linking": []}, {"id": 32, "text": " 22%", "label": "others", "box": [898, 1931, 932, 1905], "linking": []}]