[{"id": 0, "text": "merchant name", "label": "others", "box": [1174, 409, 1321, 380], "linking": []}, {"id": 1, "text": "merchant address", "label": "others", "box": [1109, 442, 1402, 414], "linking": []}, {"id": 2, "text": "merchant address", "label": "others", "box": [1147, 476, 1284, 446], "linking": []}, {"id": 3, "text": "merchant phone", "label": "others", "box": [1162, 508, 1348, 479], "linking": []}, {"id": 4, "text": " Oct30'19 06:24PM", "label": "others", "box": [1199, 541, 1417, 511], "linking": []}, {"id": 5, "text": "AMEX", "label": "others", "box": [1190, 572, 1254, 544], "linking": []}, {"id": 6, "text": "XXXXXXXXXXX1003", "label": "others", "box": [1201, 604, 1401, 577], "linking": []}, {"id": 7, "text": " SWIPED", "label": "others", "box": [1197, 637, 1282, 610], "linking": []}, {"id": 8, "text": " PURCHASE", "label": "others", "box": [1197, 672, 1307, 641], "linking": []}, {"id": 9, "text": "III010133643188", "label": "others", "box": [1188, 702, 1400, 673], "linking": []}, {"id": 10, "text": "541453", "label": "others", "box": [1190, 736, 1281, 706], "linking": []}, {"id": 11, "text": "658", "label": "others", "box": [1199, 766, 1240, 742], "linking": []}, {"id": 12, "text": "17/", "label": "others", "box": [1203, 802, 1245, 770], "linking": []}, {"id": 13, "text": "1051 MJ", "label": "others", "box": [1204, 835, 1292, 804], "linking": []}, {"id": 14, "text": " 20192", "label": "others", "box": [1289, 476, 1359, 446], "linking": []}, {"id": 15, "text": " Date:", "label": "others", "box": [1040, 540, 1103, 512], "linking": []}, {"id": 16, "text": " Card Type:", "label": "others", "box": [1040, 574, 1179, 545], "linking": []}, {"id": 17, "text": " Acct #:", "label": "others", "box": [1043, 607, 1135, 577], "linking": []}, {"id": 18, "text": " Card Entry:", "label": "others", "box": [1039, 638, 1192, 610], "linking": []}, {"id": 19, "text": " Trans Type:", "label": "others", "box": [1042, 672, 1191, 641], "linking": []}, {"id": 20, "text": " Trans Key:", "label": "others", "box": [1041, 706, 1182, 675], "linking": []}, {"id": 21, "text": " Auth Code:", "label": "others", "box": [1039, 736, 1181, 707], "linking": []}, {"id": 22, "text": " Check:", "label": "others", "box": [1039, 768, 1119, 741], "linking": []}, {"id": 23, "text": " Table:", "label": "others", "box": [1040, 801, 1120, 773], "linking": []}, {"id": 24, "text": " Server:", "label": "others", "box": [1039, 833, 1131, 807], "linking": []}, {"id": 25, "text": " Subtotal:", "label": "others", "box": [1039, 902, 1160, 869], "linking": []}, {"id": 26, "text": "23.85", "label": "sub total", "box": [1302, 901, 1439, 868], "linking": []}, {"id": 27, "text": "TIP (Thank You) ...", "label": "others", "box": [1039, 1002, 1255, 965], "linking": []}, {"id": 28, "text": "3.50-", "label": "3 tip", "box": [1319, 996, 1536, 930], "linking": []}, {"id": 29, "text": " -", "label": "others", "box": [1483, 1073, 1504, 1026], "linking": []}, {"id": 30, "text": "TOTAL", "label": "others", "box": [1039, 1097, 1111, 1064], "linking": []}, {"id": 31, "text": " -27. 35", "label": "total amount", "box": [1188, 1084, 1410, 1031], "linking": []}, {"id": 32, "text": "SIGNATURE", "label": "others", "box": [1035, 1194, 1159, 1161], "linking": []}, {"id": 33, "text": " I", "label": "others", "box": [1035, 1230, 1053, 1196], "linking": []}, {"id": 34, "text": " AGREE TO PAY THE ABOVE TOTAL", "label": "others", "box": [1059, 1229, 1439, 1196], "linking": []}, {"id": 35, "text": "ACCORDING TO MY CARD ISSUER", "label": "others", "box": [1036, 1261, 1400, 1227], "linking": []}, {"id": 36, "text": "AGREEMENT!", "label": "others", "box": [1034, 1293, 1174, 1262], "linking": []}]