[{"id": 0, "text": "merchant name", "label": "others", "box": [561, 449, 1195, 364], "linking": []}, {"id": 1, "text": "merchant address", "label": "others", "box": [528, 575, 1222, 490], "linking": []}, {"id": 2, "text": "CHK 727380", "label": "others", "box": [742, 691, 1021, 626], "linking": []}, {"id": 3, "text": "merchant address", "label": "others", "box": [664, 503, 1109, 437], "linking": []}, {"id": 4, "text": "--", "label": "others", "box": [1387, 590, 1447, 564], "linking": []}, {"id": 5, "text": " 11/12/2019 07:17 AM", "label": "others", "box": [599, 761, 1141, 687], "linking": []}, {"id": 6, "text": " Drawer:", "label": "others", "box": [751, 819, 977, 761], "linking": []}, {"id": 7, "text": "2824437", "label": "others", "box": [482, 826, 686, 766], "linking": []}, {"id": 8, "text": " 1 Reg:", "label": "others", "box": [986, 814, 1201, 754], "linking": []}, {"id": 9, "text": " 2", "label": "others", "box": [1210, 811, 1250, 752], "linking": []}, {"id": 10, "text": "Banana Nut Bread", "label": "0 description beginning", "box": [384, 961, 846, 900], "linking": []}, {"id": 11, "text": "Warmed", "label": "1 description inside", "box": [439, 1028, 619, 972], "linking": []}, {"id": 12, "text": "Pumpkin Loaf Cake", "label": "0 description beginning", "box": [375, 1100, 867, 1033], "linking": []}, {"id": 13, "text": "Warmed", "label": "1 description inside", "box": [433, 1167, 609, 1105], "linking": []}, {"id": 14, "text": "Tl Cappuccino", "label": "0 description beginning", "box": [369, 1235, 749, 1172], "linking": []}, {"id": 15, "text": "3.45", "label": "5 total price per item", "box": [1186, 949, 1303, 886], "linking": []}, {"id": 16, "text": "3.45", "label": "5 total price per item", "box": [1184, 1089, 1303, 1024], "linking": []}, {"id": 17, "text": "3.95", "label": "5 total price per item", "box": [1183, 1228, 1303, 1163], "linking": []}, {"id": 18, "text": "Amex", "label": "others", "box": [355, 1371, 477, 1318], "linking": []}, {"id": 19, "text": "XXXXXXXXXXXX1006", "label": "others", "box": [350, 1446, 830, 1381], "linking": []}, {"id": 20, "text": " QUICK CHIP", "label": "others", "box": [693, 1521, 1003, 1455], "linking": []}, {"id": 21, "text": " PURCHASE", "label": "others", "box": [689, 1595, 941, 1530], "linking": []}, {"id": 22, "text": " 00000027", "label": "others", "box": [718, 1668, 972, 1601], "linking": []}, {"id": 23, "text": " AMERICAN EXPRESS", "label": "others", "box": [651, 1742, 1148, 1676], "linking": []}, {"id": 24, "text": " 888226", "label": "others", "box": [556, 1817, 749, 1750], "linking": []}, {"id": 25, "text": " A000000025010801", "label": "others", "box": [457, 1895, 963, 1829], "linking": []}, {"id": 26, "text": " 0000008000", "label": "others", "box": [456, 1971, 773, 1903], "linking": []}, {"id": 27, "text": " E800", "label": "others", "box": [449, 2051, 587, 1983], "linking": []}, {"id": 28, "text": "11.20", "label": "others", "box": [1155, 1367, 1304, 1306], "linking": []}, {"id": 29, "text": " Card Entry:", "label": "others", "box": [341, 1521, 683, 1458], "linking": []}, {"id": 30, "text": " Trans Type:", "label": "others", "box": [339, 1595, 679, 1531], "linking": []}, {"id": 31, "text": " Reference #:", "label": "others", "box": [330, 1668, 706, 1604], "linking": []}, {"id": 32, "text": " App Label:", "label": "others", "box": [330, 1743, 640, 1678], "linking": []}, {"id": 33, "text": " Auth #:", "label": "others", "box": [323, 1817, 545, 1752], "linking": []}, {"id": 34, "text": " AID:", "label": "others", "box": [316, 1894, 445, 1827], "linking": []}, {"id": 35, "text": " TVR:", "label": "others", "box": [312, 1971, 444, 1903], "linking": []}, {"id": 36, "text": " TSI:", "label": "others", "box": [309, 2050, 438, 1981], "linking": []}, {"id": 37, "text": "Subtotal", "label": "others", "box": [292, 2213, 543, 2141], "linking": []}, {"id": 38, "text": "Tax 8.875%", "label": "others", "box": [285, 2295, 601, 2224], "linking": []}, {"id": 39, "text": "Total", "label": "others", "box": [282, 2379, 447, 2306], "linking": []}, {"id": 40, "text": "Change Due", "label": "others", "box": [177, 2473, 816, 2381], "linking": []}, {"id": 41, "text": "$10.85", "label": "sub total", "box": [1076, 2230, 1274, 2157], "linking": []}, {"id": 42, "text": "$0.35", "label": "2 tax total", "box": [1106, 2314, 1275, 2240], "linking": []}, {"id": 43, "text": "$11.20", "label": "total amount", "box": [1072, 2397, 1270, 2323], "linking": []}, {"id": 44, "text": "$0.00", "label": "others", "box": [1131, 2490, 1472, 2411], "linking": []}, {"id": 45, "text": "Check Closed ----", "label": "others", "box": [538, 2645, 1094, 2565], "linking": []}, {"id": 46, "text": " 11/12/2019 07:17 AM", "label": "others", "box": [475, 2744, 1111, 2648], "linking": []}, {"id": 47, "text": "REDMI NOTE 5 PRO", "label": "others", "box": [411, 2812, 914, 2745], "linking": []}, {"id": 48, "text": "MI DUAL CAMERA", "label": "others", "box": [408, 2881, 873, 2817], "linking": []}]