[{"id": 0, "text": " Breakfast-", "label": "others", "box": [54, 69, 247, 26], "linking": []}, {"id": 1, "text": " Visiting", "label": "others", "box": [219, 106, 284, 88], "linking": []}, {"id": 2, "text": "merchant name", "label": "others", "box": [188, 125, 245, 108], "linking": []}, {"id": 3, "text": "merchant address", "label": "others", "box": [129, 145, 276, 126], "linking": []}, {"id": 4, "text": "merchant address", "label": "others", "box": [234, 162, 253, 145], "linking": []}, {"id": 5, "text": " traveling", "label": "others", "box": [254, 67, 380, 29], "linking": []}, {"id": 6, "text": " Thank", "label": "others", "box": [119, 108, 158, 91], "linking": []}, {"id": 7, "text": " You For", "label": "others", "box": [161, 107, 217, 90], "linking": []}, {"id": 8, "text": "merchant name", "label": "others", "box": [160, 125, 185, 109], "linking": []}, {"id": 9, "text": "merchant address", "label": "others", "box": [146, 164, 187, 147], "linking": []}, {"id": 10, "text": "merchant address", "label": "others", "box": [190, 163, 231, 146], "linking": []}, {"id": 11, "text": " Order", "label": "others", "box": [115, 216, 198, 187], "linking": []}, {"id": 12, "text": " Roast", "label": "1 description inside", "box": [107, 252, 149, 237], "linking": []}, {"id": 13, "text": "Bacon Biscuit", "label": "0 description beginning", "box": [48, 271, 149, 255], "linking": []}, {"id": 14, "text": "Hashbrown", "label": "0 description beginning", "box": [48, 290, 119, 274], "linking": []}, {"id": 15, "text": " # 238", "label": "others", "box": [203, 215, 281, 186], "linking": []}, {"id": 16, "text": "CAD", "label": "others", "box": [333, 230, 357, 215], "linking": []}, {"id": 17, "text": "1.71", "label": "5 total price per item", "box": [325, 250, 354, 234], "linking": []}, {"id": 18, "text": "3.69", "label": "5 total price per item", "box": [324, 269, 357, 254], "linking": []}, {"id": 19, "text": "1.59", "label": "5 total price per item", "box": [326, 288, 357, 273], "linking": []}, {"id": 20, "text": " MD", "label": "0 description beginning", "box": [49, 253, 66, 236], "linking": []}, {"id": 21, "text": " Dark", "label": "1 description inside", "box": [69, 252, 104, 237], "linking": []}, {"id": 22, "text": " TH BF", "label": "0 description beginning", "box": [49, 328, 88, 312], "linking": []}, {"id": 23, "text": " Combo", "label": "1 description inside", "box": [91, 328, 133, 312], "linking": []}, {"id": 24, "text": "-1.10", "label": "5 total price per item", "box": [318, 327, 357, 312], "linking": []}, {"id": 25, "text": "Sub Total", "label": "others", "box": [220, 404, 288, 388], "linking": []}, {"id": 26, "text": "Tax Amount", "label": "others", "box": [220, 422, 299, 408], "linking": []}, {"id": 27, "text": "5.89", "label": "sub total", "box": [324, 404, 357, 389], "linking": []}, {"id": 28, "text": "0.76", "label": "2 tax total", "box": [325, 422, 357, 407], "linking": []}, {"id": 29, "text": "Total CAD", "label": "others", "box": [39, 492, 177, 462], "linking": []}, {"id": 30, "text": "6.65", "label": "total amount", "box": [296, 489, 359, 463], "linking": []}, {"id": 31, "text": "5000 Credit Card", "label": "others", "box": [39, 568, 164, 551], "linking": []}, {"id": 32, "text": "6.65", "label": "total amount", "box": [324, 565, 357, 550], "linking": []}, {"id": 33, "text": " 10/24/2019 08:16 AM #:12292 Op:5025 C:121", "label": "others", "box": [40, 626, 356, 607], "linking": []}, {"id": 34, "text": " 201 S:1212", "label": "others", "box": [40, 645, 118, 628], "linking": []}, {"id": 35, "text": " Served you", "label": "others", "box": [39, 666, 118, 648], "linking": []}, {"id": 36, "text": " : Wendy Lam", "label": "others", "box": [122, 665, 208, 647], "linking": []}, {"id": 37, "text": "Global Rewards Points", "label": "others", "box": [39, 704, 200, 686], "linking": []}, {"id": 38, "text": " 200", "label": "others", "box": [183, 721, 207, 706], "linking": []}, {"id": 39, "text": "15", "label": "others", "box": [184, 741, 200, 725], "linking": []}, {"id": 40, "text": "0", "label": "others", "box": [182, 760, 193, 745], "linking": []}, {"id": 41, "text": "215", "label": "others", "box": [182, 779, 207, 763], "linking": []}, {"id": 42, "text": " Previous Balance:", "label": "others", "box": [38, 723, 176, 707], "linking": []}, {"id": 43, "text": " Accrued (new):", "label": "others", "box": [40, 743, 146, 727], "linking": []}, {"id": 44, "text": " Redeemed (used)", "label": "others", "box": [39, 762, 150, 746], "linking": []}, {"id": 45, "text": " New Balance:", "label": "others", "box": [39, 782, 130, 766], "linking": []}, {"id": 46, "text": " :", "label": "others", "box": [153, 761, 162, 746], "linking": []}, {"id": 47, "text": "GST# 88778 3355 RT0001", "label": "others", "box": [115, 820, 280, 802], "linking": []}]