[{"id": 0, "text": "LAUGHING", "label": "others", "box": [396, 117, 602, 71], "linking": []}, {"id": 1, "text": "MAKE EVERY", "label": "others", "box": [429, 188, 577, 161], "linking": []}, {"id": 2, "text": "CUP COUNT", "label": "others", "box": [437, 206, 572, 180], "linking": []}, {"id": 3, "text": "merchant name", "label": "others", "box": [219, 406, 511, 355], "linking": []}, {"id": 4, "text": "merchant address", "label": "others", "box": [224, 458, 478, 419], "linking": []}, {"id": 5, "text": "merchant address", "label": "others", "box": [229, 502, 368, 466], "linking": []}, {"id": 6, "text": "merchant address", "label": "others", "box": [233, 547, 423, 508], "linking": []}, {"id": 7, "text": "November 1, 2019", "label": "others", "box": [556, 445, 816, 401], "linking": []}, {"id": 8, "text": " 3:20 PM", "label": "others", "box": [694, 484, 815, 449], "linking": []}, {"id": 9, "text": "LM", "label": "others", "box": [768, 526, 817, 495], "linking": []}, {"id": 10, "text": "'2019", "label": "others", "box": [910, 451, 991, 412], "linking": []}, {"id": 11, "text": "3 PM", "label": "others", "box": [914, 490, 986, 452], "linking": []}, {"id": 12, "text": "0273", "label": "others", "box": [910, 530, 980, 493], "linking": []}, {"id": 13, "text": " https://www.laughingmancafe.com/", "label": "others", "box": [237, 586, 738, 537], "linking": []}, {"id": 14, "text": "PURCHASE", "label": "others", "box": [448, 658, 613, 622], "linking": []}, {"id": 15, "text": "P. 50", "label": "others", "box": [909, 608, 968, 571], "linking": []}, {"id": 16, "text": "50", "label": "others", "box": [917, 686, 954, 651], "linking": []}, {"id": 17, "text": "11", "label": "others", "box": [918, 715, 948, 686], "linking": []}, {"id": 18, "text": " Receipt:", "label": "others", "box": [256, 731, 370, 705], "linking": []}, {"id": 19, "text": " Authorization:", "label": "others", "box": [247, 766, 448, 737], "linking": []}, {"id": 20, "text": " yvR5", "label": "others", "box": [375, 731, 445, 702], "linking": []}, {"id": 21, "text": " 876597", "label": "others", "box": [452, 766, 555, 736], "linking": []}, {"id": 22, "text": "1", "label": "others", "box": [918, 769, 939, 746], "linking": []}, {"id": 23, "text": "AMERICAN EXPRESS", "label": "others", "box": [236, 841, 545, 811], "linking": []}, {"id": 24, "text": "AID A0 00 00 00 25 01 08 01", "label": "others", "box": [234, 883, 635, 847], "linking": []}, {"id": 25, "text": "FOR HERE", "label": "others", "box": [464, 952, 594, 922], "linking": []}, {"id": 26, "text": "Cappuccino", "label": "0 description beginning", "box": [221, 1036, 403, 1004], "linking": []}, {"id": 27, "text": "Large", "label": "1 description inside", "box": [219, 1074, 310, 1041], "linking": []}, {"id": 28, "text": "Cappuccino", "label": "0 description beginning", "box": [211, 1125, 395, 1094], "linking": []}, {"id": 29, "text": "$4.70", "label": "5 total price per item", "box": [750, 1021, 839, 988], "linking": []}, {"id": 30, "text": ",49", "label": "others", "box": [952, 995, 984, 967], "linking": []}, {"id": 31, "text": "$3.90", "label": "5 total price per item", "box": [757, 1115, 847, 1086], "linking": []}, {"id": 32, "text": "ip", "label": "others", "box": [952, 1087, 987, 1059], "linking": []}, {"id": 33, "text": "Small", "label": "1 description inside", "box": [203, 1151, 289, 1121], "linking": []}, {"id": 34, "text": "Subtotal", "label": "others", "box": [168, 1235, 306, 1203], "linking": []}, {"id": 35, "text": "New York Sales Tax (1)", "label": "others", "box": [153, 1284, 531, 1240], "linking": []}, {"id": 36, "text": "$8.60", "label": "sub total", "box": [760, 1245, 859, 1211], "linking": []}, {"id": 37, "text": "$0.76", "label": "2 tax total", "box": [761, 1289, 866, 1253], "linking": []}, {"id": 38, "text": "Total", "label": "others", "box": [125, 1378, 215, 1338], "linking": []}, {"id": 39, "text": "American Express 1000 (Chip)", "label": "others", "box": [105, 1456, 661, 1390], "linking": []}, {"id": 40, "text": "$9.36", "label": "total amount", "box": [743, 1403, 874, 1355], "linking": []}, {"id": 41, "text": "$9.36", "label": "others", "box": [764, 1458, 877, 1417], "linking": []}, {"id": 42, "text": "Please debit my accoun .-", "label": "others", "box": [177, 1590, 445, 1547], "linking": []}, {"id": 43, "text": ".. 7935", "label": "others", "box": [352, 1602, 423, 1575], "linking": []}]