[{"id": 0, "text": "merchant name", "label": "others", "box": [147, 69, 430, 38], "linking": []}, {"id": 1, "text": "merchant address", "label": "others", "box": [126, 111, 442, 79], "linking": []}, {"id": 2, "text": "CHK 664222", "label": "others", "box": [219, 158, 353, 129], "linking": []}, {"id": 3, "text": " 11/22/2019 04:13 PM", "label": "others", "box": [157, 185, 402, 157], "linking": []}, {"id": 4, "text": "2829671", "label": "others", "box": [102, 214, 199, 186], "linking": []}, {"id": 5, "text": "merchant address", "label": "others", "box": [191, 88, 393, 59], "linking": []}, {"id": 6, "text": " Drawer:", "label": "others", "box": [226, 215, 327, 187], "linking": []}, {"id": 7, "text": " 1 Reg:", "label": "others", "box": [332, 218, 428, 187], "linking": []}, {"id": 8, "text": " 3", "label": "others", "box": [432, 219, 451, 189], "linking": []}, {"id": 9, "text": "Tl Pasntgo Icd Tea", "label": "0 description beginning", "box": [69, 282, 293, 250], "linking": []}, {"id": 10, "text": "Oz Horizon Chc Mlk", "label": "0 description beginning", "box": [65, 314, 295, 281], "linking": []}, {"id": 11, "text": "2.75", "label": "5 total price per item", "box": [422, 277, 480, 250], "linking": []}, {"id": 12, "text": "1.95", "label": "5 total price per item", "box": [423, 309, 475, 281], "linking": []}, {"id": 13, "text": "Amex", "label": "others", "box": [68, 377, 120, 354], "linking": []}, {"id": 14, "text": "XXXXXXXXXXXX1009", "label": "others", "box": [67, 410, 270, 383], "linking": []}, {"id": 15, "text": " Card Entry:", "label": "others", "box": [68, 445, 212, 417], "linking": []}, {"id": 16, "text": " Trans Type:", "label": "others", "box": [72, 480, 210, 449], "linking": []}, {"id": 17, "text": " Reference #:", "label": "others", "box": [70, 511, 225, 482], "linking": []}, {"id": 18, "text": " App Label:", "label": "others", "box": [71, 544, 199, 516], "linking": []}, {"id": 19, "text": " Auth #:", "label": "others", "box": [71, 576, 163, 546], "linking": []}, {"id": 20, "text": " AID:", "label": "others", "box": [72, 607, 124, 579], "linking": []}, {"id": 21, "text": " TVR:", "label": "others", "box": [69, 636, 123, 610], "linking": []}, {"id": 22, "text": " TSI:", "label": "others", "box": [64, 668, 118, 640], "linking": []}, {"id": 23, "text": "4.94", "label": "others", "box": [421, 377, 477, 350], "linking": []}, {"id": 24, "text": " TAP CHIP", "label": "others", "box": [216, 445, 321, 417], "linking": []}, {"id": 25, "text": " PURCHASE", "label": "others", "box": [215, 480, 325, 450], "linking": []}, {"id": 26, "text": " 00000147", "label": "others", "box": [230, 512, 337, 483], "linking": []}, {"id": 27, "text": " AMERICAN EXPRESS", "label": "others", "box": [204, 546, 415, 517], "linking": []}, {"id": 28, "text": " 847632", "label": "others", "box": [168, 577, 253, 548], "linking": []}, {"id": 29, "text": " A000000025010801", "label": "others", "box": [129, 610, 336, 580], "linking": []}, {"id": 30, "text": " 0010008000", "label": "others", "box": [128, 640, 262, 611], "linking": []}, {"id": 31, "text": " E800", "label": "others", "box": [123, 669, 182, 641], "linking": []}, {"id": 32, "text": "Subtotal", "label": "others", "box": [54, 732, 161, 704], "linking": []}, {"id": 33, "text": "Tax 8.875%", "label": "others", "box": [52, 768, 187, 738], "linking": []}, {"id": 34, "text": "Total", "label": "others", "box": [48, 799, 116, 771], "linking": []}, {"id": 35, "text": "Change Due", "label": "others", "box": [3, 842, 272, 802], "linking": []}, {"id": 36, "text": "$4.70", "label": "sub total", "box": [395, 742, 466, 712], "linking": []}, {"id": 37, "text": "$0.24", "label": "2 tax total", "box": [394, 774, 466, 747], "linking": []}, {"id": 38, "text": "$4.94", "label": "total amount", "box": [393, 809, 466, 782], "linking": []}, {"id": 39, "text": "$0.00", "label": "others", "box": [407, 848, 545, 817], "linking": []}, {"id": 40, "text": "Check Closed", "label": "others", "box": [151, 913, 328, 878], "linking": []}, {"id": 41, "text": " 11/22/2019 04:13 PM", "label": "others", "box": [129, 953, 394, 914], "linking": []}, {"id": 42, "text": "-", "label": "others", "box": [332, 909, 351, 890], "linking": []}, {"id": 43, "text": "Join our loyalty program", "label": "others", "box": [105, 1131, 437, 1084], "linking": []}, {"id": 44, "text": "Cinn", "label": "others", "box": [65, 1173, 129, 1151], "linking": []}, {"id": 45, "text": "Starbucks Rewards\u00ae", "label": "others", "box": [146, 1161, 396, 1119], "linking": []}, {"id": 46, "text": "for aromati", "label": "others", "box": [173, 1177, 323, 1153], "linking": []}]