[{"id": 0, "text": "merchant name", "label": "others", "box": [152, 138, 313, 79], "linking": []}, {"id": 1, "text": "Order # 37", "label": "others", "box": [169, 188, 369, 162], "linking": []}, {"id": 2, "text": "FRESH BURGERS A FRIFS", "label": "others", "box": [183, 143, 304, 129], "linking": []}, {"id": 3, "text": "461 Marissa", "label": "others", "box": [38, 230, 154, 207], "linking": []}, {"id": 4, "text": "Chk 2437", "label": "others", "box": [32, 275, 114, 255], "linking": []}, {"id": 5, "text": "ONLY", "label": "others", "box": [223, 277, 262, 254], "linking": []}, {"id": 6, "text": " Nov11'19 03:55PM", "label": "others", "box": [155, 300, 312, 279], "linking": []}, {"id": 7, "text": " Gst", "label": "others", "box": [366, 282, 404, 262], "linking": []}, {"id": 8, "text": " 2", "label": "others", "box": [412, 282, 426, 264], "linking": []}, {"id": 9, "text": "Dine In", "label": "others", "box": [77, 342, 215, 318], "linking": []}, {"id": 10, "text": " Fruit and cheese", "label": "0 description beginning", "box": [77, 364, 236, 341], "linking": []}, {"id": 11, "text": " Wrap", "label": "0 description beginning", "box": [74, 386, 119, 362], "linking": []}, {"id": 12, "text": "XXXXXXXXXXX3003", "label": "others", "box": [65, 410, 215, 387], "linking": []}, {"id": 13, "text": "Amex", "label": "others", "box": [73, 433, 117, 413], "linking": []}, {"id": 14, "text": " 1", "label": "e quantity", "box": [61, 361, 73, 340], "linking": []}, {"id": 15, "text": " 1", "label": "e quantity", "box": [59, 385, 70, 362], "linking": []}, {"id": 16, "text": "7.49", "label": "5 total price per item", "box": [354, 367, 393, 347], "linking": []}, {"id": 17, "text": "7.99", "label": "5 total price per item", "box": [354, 390, 395, 370], "linking": []}, {"id": 18, "text": "16.72", "label": "others", "box": [348, 439, 395, 418], "linking": []}, {"id": 19, "text": "Subtotal", "label": "others", "box": [73, 483, 153, 463], "linking": []}, {"id": 20, "text": "Tax Total", "label": "others", "box": [71, 509, 162, 486], "linking": []}, {"id": 21, "text": "Payment Made", "label": "others", "box": [70, 535, 195, 511], "linking": []}, {"id": 22, "text": "15.48", "label": "sub total", "box": [348, 487, 395, 466], "linking": []}, {"id": 23, "text": "1.24", "label": "2 tax total", "box": [356, 511, 396, 492], "linking": []}, {"id": 24, "text": "16.72", "label": "total amount", "box": [347, 538, 396, 515], "linking": []}, {"id": 25, "text": "Sales Tax", "label": "others", "box": [72, 584, 163, 563], "linking": []}, {"id": 26, "text": "1.24", "label": "2 tax total", "box": [355, 586, 397, 566], "linking": []}]