[{"id": 0, "text": " 13:27 46", "label": "others", "box": [47, 61, 176, 27], "linking": []}, {"id": 1, "text": "KB/S LTEO", "label": "others", "box": [243, 62, 326, 42], "linking": []}, {"id": 2, "text": "BOX", "label": "others", "box": [379, 52, 409, 38], "linking": []}, {"id": 3, "text": "94", "label": "others", "box": [985, 56, 1014, 37], "linking": []}, {"id": 4, "text": "Support", "label": "others", "box": [951, 158, 1069, 128], "linking": []}, {"id": 5, "text": "Order Summary", "label": "others", "box": [30, 282, 454, 223], "linking": []}, {"id": 6, "text": "merchant name", "label": "others", "box": [28, 387, 303, 343], "linking": []}, {"id": 7, "text": "merchant address", "label": "others", "box": [30, 426, 712, 394], "linking": []}, {"id": 8, "text": "This order with Biryani Blues was delivered", "label": "others", "box": [27, 510, 625, 479], "linking": []}, {"id": 9, "text": "Your Order", "label": "others", "box": [26, 647, 260, 606], "linking": []}, {"id": 10, "text": "MARK AS FAVORITE", "label": "others", "box": [774, 637, 1024, 612], "linking": []}, {"id": 11, "text": "Paneer Biryani Handi", "label": "0 description beginning", "box": [73, 735, 421, 697], "linking": []}, {"id": 12, "text": " Size:", "label": "others", "box": [30, 780, 91, 751], "linking": []}, {"id": 13, "text": "-", "label": "e quantity", "box": [45, 829, 65, 800], "linking": []}, {"id": 14, "text": " Lovers, 2 kg", "label": "e quantity", "box": [97, 783, 270, 751], "linking": []}, {"id": 15, "text": " X", "label": "others", "box": [100, 830, 129, 800], "linking": []}, {"id": 16, "text": " \u20b9 1195", "label": "unit price", "box": [134, 830, 212, 800], "linking": []}, {"id": 17, "text": "\u20b91195", "label": "5 total price per item", "box": [979, 828, 1051, 801], "linking": []}, {"id": 18, "text": "Item Total", "label": "others", "box": [28, 940, 197, 909], "linking": []}, {"id": 19, "text": "\u20b91195", "label": "total amount", "box": [963, 938, 1050, 908], "linking": []}, {"id": 20, "text": "Taxes & charges", "label": "others", "box": [28, 996, 229, 969], "linking": []}, {"id": 21, "text": "\u20b991.26", "label": "2 tax total", "box": [963, 998, 1049, 968], "linking": []}, {"id": 22, "text": "-----", "label": "others", "box": [151, 1012, 225, 993], "linking": []}, {"id": 23, "text": "Delivery Charge", "label": "others", "box": [28, 1059, 236, 1030], "linking": []}, {"id": 24, "text": "\u4e4f41", "label": "others", "box": [1005, 1055, 1051, 1029], "linking": []}, {"id": 25, "text": "Total", "label": "others", "box": [27, 1141, 118, 1109], "linking": []}, {"id": 26, "text": "\u20b91327.26", "label": "total amount", "box": [907, 1141, 1050, 1108], "linking": []}, {"id": 27, "text": "Order Details", "label": "others", "box": [27, 1314, 311, 1275], "linking": []}, {"id": 28, "text": "Order Number", "label": "others", "box": [28, 1394, 206, 1369], "linking": []}, {"id": 29, "text": "2091470329", "label": "others", "box": [26, 1429, 203, 1401], "linking": []}, {"id": 30, "text": "Payment", "label": "others", "box": [28, 1503, 139, 1478], "linking": []}, {"id": 31, "text": " Paid", "label": "others", "box": [30, 1540, 87, 1509], "linking": []}, {"id": 32, "text": " : Using Card", "label": "others", "box": [93, 1540, 270, 1509], "linking": []}, {"id": 33, "text": "Date", "label": "others", "box": [30, 1609, 87, 1586], "linking": []}, {"id": 34, "text": " November 29, 2019 at 02:09 AM", "label": "others", "box": [30, 1647, 477, 1617], "linking": []}, {"id": 35, "text": "Phone number", "label": "others", "box": [28, 1719, 208, 1694], "linking": []}, {"id": 36, "text": "Deliver to", "label": "others", "box": [28, 1827, 147, 1802], "linking": []}, {"id": 37, "text": "epitime towers, DLF Building No. 5 Tower C, DLF Cyber City, DLF Phase 2,", "label": "others", "box": [31, 1864, 1050, 1831], "linking": []}, {"id": 38, "text": "Sector 24, Gurugram, Haryana, India", "label": "others", "box": [30, 1904, 536, 1875], "linking": []}, {"id": 39, "text": "merchant phone", "label": "others", "box": [306, 2067, 775, 2034], "linking": []}, {"id": 40, "text": " Repeat", "label": "others", "box": [410, 2250, 546, 2209], "linking": []}, {"id": 41, "text": " ON NEXT STEP", "label": "others", "box": [519, 2282, 709, 2253], "linking": []}, {"id": 42, "text": " Order", "label": "others", "box": [553, 2250, 666, 2210], "linking": []}, {"id": 43, "text": " VIEW", "label": "others", "box": [371, 2282, 438, 2254], "linking": []}, {"id": 44, "text": " CART", "label": "others", "box": [442, 2282, 514, 2254], "linking": []}]