[{"id": 0, "text": "merchant name", "label": "others", "box": [504, 193, 929, 121], "linking": []}, {"id": 1, "text": "merchant address", "label": "others", "box": [284, 270, 1109, 187], "linking": []}, {"id": 2, "text": "merchant address", "label": "others", "box": [425, 323, 1000, 262], "linking": []}, {"id": 3, "text": "merchant address", "label": "others", "box": [484, 395, 813, 334], "linking": []}, {"id": 4, "text": "(602) 866-DUCE (3823", "label": "others", "box": [459, 477, 1009, 403], "linking": []}, {"id": 5, "text": "merchant address", "label": "others", "box": [835, 390, 980, 334], "linking": []}, {"id": 6, "text": " T40 Gsts:", "label": "others", "box": [338, 722, 602, 649], "linking": []}, {"id": 7, "text": " Date:", "label": "others", "box": [226, 796, 373, 736], "linking": []}, {"id": 8, "text": " Tbl:", "label": "others", "box": [211, 727, 329, 663], "linking": []}, {"id": 9, "text": " 1 Srvr:", "label": "others", "box": [611, 710, 813, 639], "linking": []}, {"id": 10, "text": " 11-08-2019 1:59pm", "label": "others", "box": [381, 790, 869, 718], "linking": []}, {"id": 11, "text": " AM Trailer", "label": "others", "box": [822, 699, 1104, 624], "linking": []}, {"id": 12, "text": "1.0925.00056", "label": "others", "box": [973, 766, 1293, 694], "linking": []}, {"id": 13, "text": " 1", "label": "e quantity", "box": [338, 916, 370, 868], "linking": []}, {"id": 14, "text": "2 Brie Special", "label": "0 description beginning", "box": [322, 986, 706, 928], "linking": []}, {"id": 15, "text": " NEW Chx Pot Pie", "label": "0 description beginning", "box": [363, 1057, 787, 997], "linking": []}, {"id": 16, "text": "2 Slider Sampler", "label": "0 description beginning", "box": [311, 1135, 755, 1072], "linking": []}, {"id": 17, "text": " 1", "label": "e quantity", "box": [316, 1211, 348, 1152], "linking": []}, {"id": 18, "text": " Guest # 1 Total:", "label": "others", "box": [277, 1297, 725, 1226], "linking": []}, {"id": 19, "text": " Mac Chs Platter", "label": "0 description beginning", "box": [379, 916, 787, 860], "linking": []}, {"id": 20, "text": "15.00", "label": "5 total price per item", "box": [920, 907, 1056, 850], "linking": []}, {"id": 21, "text": "26.00", "label": "5 total price per item", "box": [920, 978, 1055, 922], "linking": []}, {"id": 22, "text": "11.00", "label": "5 total price per item", "box": [921, 1054, 1056, 998], "linking": []}, {"id": 23, "text": "22.00", "label": "5 total price per item", "box": [915, 1131, 1056, 1074], "linking": []}, {"id": 24, "text": "10.00", "label": "5 total price per item", "box": [924, 1208, 1055, 1152], "linking": []}, {"id": 25, "text": "91.24", "label": "total amount", "box": [968, 1297, 1110, 1225], "linking": []}, {"id": 26, "text": " 1", "label": "e quantity", "box": [320, 1057, 352, 998], "linking": []}, {"id": 27, "text": " Artichoke Dip", "label": "0 description beginning", "box": [358, 1214, 731, 1152], "linking": []}, {"id": 28, "text": "*", "label": "others", "box": [197, 1283, 236, 1235], "linking": []}, {"id": 29, "text": " Sub-Total:", "label": "others", "box": [528, 1452, 801, 1391], "linking": []}, {"id": 30, "text": " Tax:", "label": "others", "box": [698, 1528, 804, 1473], "linking": []}, {"id": 31, "text": " Total Due:", "label": "others", "box": [202, 1607, 740, 1545], "linking": []}, {"id": 32, "text": "Pymt AMEX*", "label": "others", "box": [200, 1680, 752, 1619], "linking": []}, {"id": 33, "text": " # ****** 2009 ** / ** Auth:", "label": "others", "box": [287, 1753, 982, 1694], "linking": []}, {"id": 34, "text": "84.00", "label": "sub total", "box": [914, 1454, 1063, 1384], "linking": []}, {"id": 35, "text": "7.24", "label": "2 tax total", "box": [952, 1532, 1063, 1463], "linking": []}, {"id": 36, "text": "91.24", "label": "total amount", "box": [972, 1605, 1238, 1540], "linking": []}, {"id": 37, "text": "91.24", "label": "others", "box": [1027, 1678, 1291, 1616], "linking": []}, {"id": 38, "text": " 807437", "label": "others", "box": [991, 1753, 1161, 1694], "linking": []}, {"id": 39, "text": "15%=$13.68 17.5%=$15.96 20%=$18.24", "label": "others", "box": [286, 1897, 1222, 1834], "linking": []}, {"id": 40, "text": " For Your Convenience:", "label": "others", "box": [432, 1953, 1035, 1903], "linking": []}]