[{"id": 0, "text": "merchant name", "label": "others", "box": [591, 526, 794, 453], "linking": []}, {"id": 1, "text": "merchant address", "label": "others", "box": [551, 600, 810, 556], "linking": []}, {"id": 2, "text": "merchant address", "label": "others", "box": [443, 683, 1074, 615], "linking": []}, {"id": 3, "text": "TAX INVOICE", "label": "others", "box": [596, 759, 761, 715], "linking": []}, {"id": 4, "text": "merchant address", "label": "others", "box": [375, 569, 932, 510], "linking": []}, {"id": 5, "text": "merchant address", "label": "others", "box": [840, 631, 887, 591], "linking": []}, {"id": 6, "text": "merchant address", "label": "others", "box": [938, 549, 991, 507], "linking": []}, {"id": 7, "text": "merchant address", "label": "others", "box": [477, 641, 835, 593], "linking": []}, {"id": 8, "text": "merchant phone", "label": "others", "box": [476, 720, 882, 670], "linking": []}, {"id": 9, "text": "merchant name", "label": "others", "box": [1249, 739, 1393, 711], "linking": []}, {"id": 10, "text": "merchant name", "label": "others", "box": [1277, 769, 1414, 736], "linking": []}, {"id": 11, "text": "Cards", "label": "others", "box": [1462, 767, 1572, 734], "linking": []}, {"id": 12, "text": "Welcome", "label": "others", "box": [1457, 805, 1648, 771], "linking": []}, {"id": 13, "text": "THANK YOU FROM", "label": "others", "box": [1343, 855, 1520, 830], "linking": []}, {"id": 14, "text": "TRAVEL FOOD SERVICES", "label": "others", "box": [1306, 889, 1556, 861], "linking": []}, {"id": 15, "text": "07", "label": "others", "box": [874, 835, 927, 792], "linking": []}, {"id": 16, "text": "Delhi", "label": "others", "box": [842, 873, 925, 835], "linking": []}, {"id": 17, "text": " State Code:", "label": "others", "box": [370, 843, 552, 803], "linking": []}, {"id": 18, "text": "Place of Supply", "label": "others", "box": [367, 883, 613, 839], "linking": []}, {"id": 19, "text": " Invoice No.", "label": "others", "box": [376, 963, 566, 922], "linking": []}, {"id": 20, "text": " POS ND:", "label": "others", "box": [378, 994, 494, 962], "linking": []}, {"id": 21, "text": " Staff:", "label": "others", "box": [366, 1022, 471, 993], "linking": []}, {"id": 22, "text": " Date:", "label": "others", "box": [357, 1054, 455, 1022], "linking": []}, {"id": 23, "text": " 00000F4201000454050", "label": "others", "box": [572, 963, 892, 920], "linking": []}, {"id": 24, "text": "F420", "label": "others", "box": [797, 994, 872, 961], "linking": []}, {"id": 25, "text": " Trans:", "label": "others", "box": [735, 1026, 835, 995], "linking": []}, {"id": 26, "text": " DATE", "label": "others", "box": [1232, 952, 1289, 928], "linking": []}, {"id": 27, "text": " : 000009820719656 TID", "label": "others", "box": [1282, 978, 1557, 954], "linking": []}, {"id": 28, "text": " BATCH NO", "label": "others", "box": [1233, 1004, 1337, 984], "linking": []}, {"id": 29, "text": "INVOICE", "label": "others", "box": [1234, 1033, 1316, 1010], "linking": []}, {"id": 30, "text": " : 10/12/2019", "label": "others", "box": [1293, 952, 1445, 926], "linking": []}, {"id": 31, "text": " TIME", "label": "others", "box": [1505, 948, 1560, 923], "linking": []}, {"id": 32, "text": " : 06:07:36", "label": "others", "box": [1564, 947, 1695, 921], "linking": []}, {"id": 33, "text": " : 50130806", "label": "others", "box": [1565, 977, 1692, 951], "linking": []}, {"id": 34, "text": " : 000010", "label": "others", "box": [1574, 1008, 1681, 983], "linking": []}, {"id": 35, "text": " MID", "label": "others", "box": [1234, 976, 1274, 957], "linking": []}, {"id": 36, "text": " Manoj", "label": "others", "box": [474, 1022, 560, 994], "linking": []}, {"id": 37, "text": " 10/12/19 6:06", "label": "others", "box": [469, 1059, 706, 1024], "linking": []}, {"id": 38, "text": "478204", "label": "others", "box": [905, 1024, 1011, 993], "linking": []}, {"id": 39, "text": " : 000179", "label": "others", "box": [1344, 1005, 1446, 984], "linking": []}, {"id": 40, "text": "000007", "label": "others", "box": [1354, 1032, 1431, 1011], "linking": []}, {"id": 41, "text": "SALE", "label": "others", "box": [1430, 1078, 1480, 1043], "linking": []}, {"id": 42, "text": "AMERICAN EXPRESS", "label": "others", "box": [1331, 1117, 1533, 1094], "linking": []}, {"id": 43, "text": " :AMERICAN EXPRESS EXP:", "label": "others", "box": [1356, 1146, 1627, 1122], "linking": []}, {"id": 44, "text": " Chip", "label": "others", "box": [1580, 1174, 1633, 1151], "linking": []}, {"id": 45, "text": " :180001310827", "label": "others", "box": [1506, 1204, 1674, 1179], "linking": []}, {"id": 46, "text": " TSI:", "label": "others", "box": [1469, 1233, 1524, 1210], "linking": []}, {"id": 47, "text": "AID. A000000025010801", "label": "others", "box": [1233, 1264, 1484, 1241], "linking": []}, {"id": 48, "text": " :5567f84662ca2e0d3030", "label": "others", "box": [1270, 1295, 1537, 1271], "linking": []}, {"id": 49, "text": " ROC", "label": "others", "box": [1527, 1009, 1570, 984], "linking": []}, {"id": 50, "text": " Token No", "label": "others", "box": [561, 1128, 680, 1090], "linking": []}, {"id": 51, "text": " :- 119", "label": "others", "box": [685, 1130, 793, 1090], "linking": []}, {"id": 52, "text": " CARD TYPE", "label": "others", "box": [1234, 1148, 1351, 1124], "linking": []}, {"id": 53, "text": "CARD NO", "label": "others", "box": [1233, 1176, 1324, 1154], "linking": []}, {"id": 54, "text": " AUTH CODE:000065 RRN", "label": "others", "box": [1235, 1205, 1502, 1181], "linking": []}, {"id": 55, "text": " xx/xx", "label": "others", "box": [1631, 1145, 1697, 1122], "linking": []}, {"id": 56, "text": "HDFC BANK", "label": "others", "box": [1735, 1142, 1769, 954], "linking": []}, {"id": 57, "text": "A09/2019", "label": "others", "box": [1743, 1350, 1774, 1236], "linking": []}, {"id": 58, "text": "Qty", "label": "others", "box": [334, 1199, 385, 1160], "linking": []}, {"id": 59, "text": "Menu Item", "label": "others", "box": [445, 1200, 608, 1162], "linking": []}, {"id": 60, "text": "Rate", "label": "others", "box": [657, 1198, 752, 1162], "linking": []}, {"id": 61, "text": "Amount", "label": "others", "box": [783, 1201, 906, 1165], "linking": []}, {"id": 62, "text": " .3765 ******* 2001:", "label": "others", "box": [1358, 1175, 1576, 1152], "linking": []}, {"id": 63, "text": "TVR-0000008000", "label": "others", "box": [1236, 1234, 1410, 1212], "linking": []}, {"id": 64, "text": " FC00", "label": "others", "box": [1528, 1232, 1586, 1210], "linking": []}, {"id": 65, "text": " SAC:", "label": "others", "box": [330, 1275, 398, 1240], "linking": []}, {"id": 66, "text": "-", "label": "others", "box": [327, 1321, 343, 1282], "linking": []}, {"id": 67, "text": "996331", "label": "others", "box": [454, 1276, 561, 1238], "linking": []}, {"id": 68, "text": " 1VEGGIE", "label": "0 description beginning", "box": [442, 1320, 560, 1278], "linking": []}, {"id": 69, "text": "1AQUAVESS WA 28.57", "label": "0 description beginning", "box": [441, 1363, 751, 1320], "linking": []}, {"id": 70, "text": " DELI 152.38", "label": "1 description inside", "box": [565, 1321, 764, 1278], "linking": []}, {"id": 71, "text": "152.38", "label": "5 total price per item", "box": [818, 1324, 925, 1283], "linking": []}, {"id": 72, "text": "28.57", "label": "5 total price per item", "box": [833, 1365, 927, 1324], "linking": []}, {"id": 73, "text": " IC", "label": "others", "box": [1235, 1295, 1265, 1272], "linking": []}, {"id": 74, "text": "BASE AMOUNT", "label": "others", "box": [1226, 1356, 1376, 1330], "linking": []}, {"id": 75, "text": "Rs 190.00", "label": "sub total", "box": [1468, 1356, 1592, 1330], "linking": []}, {"id": 76, "text": "11P AMOUNT", "label": "others", "box": [1234, 1419, 1364, 1392], "linking": []}, {"id": 77, "text": "Total", "label": "others", "box": [335, 1479, 486, 1421], "linking": []}, {"id": 78, "text": "Total disc.", "label": "others", "box": [337, 1518, 513, 1483], "linking": []}, {"id": 79, "text": "180.95", "label": "sub total", "box": [841, 1487, 942, 1448], "linking": []}, {"id": 80, "text": "0.00", "label": "others", "box": [869, 1524, 942, 1491], "linking": []}, {"id": 81, "text": " TOTAL AMOUNT", "label": "others", "box": [1236, 1480, 1389, 1451], "linking": []}, {"id": 82, "text": " :", "label": "others", "box": [1393, 1479, 1411, 1452], "linking": []}, {"id": 83, "text": "Rs 190.00", "label": "total amount", "box": [1473, 1480, 1594, 1450], "linking": []}, {"id": 84, "text": "PIN VERIFIED", "label": "others", "box": [1319, 1586, 1476, 1543], "linking": []}, {"id": 85, "text": "received and agree to pay as per", "label": "others", "box": [1243, 1675, 1648, 1631], "linking": []}, {"id": 86, "text": "Subtotal", "label": "others", "box": [336, 1627, 471, 1587], "linking": []}, {"id": 87, "text": "CGST @ 2.5%", "label": "others", "box": [327, 1668, 523, 1626], "linking": []}, {"id": 88, "text": "SGST @ 2.5%", "label": "others", "box": [326, 1707, 524, 1666], "linking": []}, {"id": 89, "text": "180.95", "label": "sub total", "box": [846, 1637, 950, 1597], "linking": []}, {"id": 90, "text": "4.525", "label": "2 tax total", "box": [851, 1677, 954, 1637], "linking": []}, {"id": 91, "text": "4.525", "label": "2 tax total", "box": [855, 1718, 945, 1677], "linking": []}, {"id": 92, "text": "mI am satisfied with goods/services", "label": "others", "box": [1242, 1656, 1684, 1605], "linking": []}, {"id": 93, "text": "issuer aureement", "label": "others", "box": [1248, 1685, 1451, 1655], "linking": []}, {"id": 94, "text": "HDFC BANK", "label": "others", "box": [1746, 1613, 1776, 1457], "linking": []}, {"id": 95, "text": "** CUSTOMER COPY **", "label": "others", "box": [1368, 1743, 1590, 1712], "linking": []}, {"id": 96, "text": "a Thank You. Visit Again*", "label": "others", "box": [1330, 1775, 1646, 1735], "linking": []}, {"id": 97, "text": "bonushub", "label": "others", "box": [1299, 1872, 1686, 1799], "linking": []}, {"id": 98, "text": "1009 -9", "label": "others", "box": [1770, 1836, 1817, 1746], "linking": []}, {"id": 99, "text": "POWERED BY", "label": "others", "box": [1424, 1796, 1557, 1769], "linking": []}, {"id": 100, "text": "Offline Credit", "label": "others", "box": [313, 1924, 944, 1867], "linking": []}, {"id": 101, "text": "Total", "label": "others", "box": [329, 1873, 410, 1829], "linking": []}, {"id": 102, "text": "esolving boga,", "label": "others", "box": [513, 1858, 902, 1801], "linking": []}, {"id": 103, "text": "190.00", "label": "total amount", "box": [839, 1882, 942, 1835], "linking": []}, {"id": 104, "text": " APP VER", "label": "others", "box": [1349, 1893, 1455, 1859], "linking": []}, {"id": 105, "text": " : V.01.01.31", "label": "others", "box": [1459, 1899, 1628, 1863], "linking": []}, {"id": 106, "text": " EDC Invoice No.", "label": "others", "box": [336, 1958, 613, 1912], "linking": []}, {"id": 107, "text": " 1", "label": "others", "box": [619, 1959, 664, 1919], "linking": []}, {"id": 108, "text": "ANK", "label": "others", "box": [1816, 1978, 1855, 1931], "linking": []}, {"id": 109, "text": " GST NO:07AADCT370381ZW", "label": "others", "box": [293, 2083, 695, 2039], "linking": []}, {"id": 110, "text": "Thank You .. Visit Again", "label": "others", "box": [295, 2129, 717, 2082], "linking": []}, {"id": 111, "text": "customerservice@travelfoodservices.com.", "label": "others", "box": [277, 2223, 941, 2161], "linking": []}, {"id": 112, "text": " Signature:", "label": "others", "box": [590, 2305, 868, 2245], "linking": []}, {"id": 113, "text": "unless otherwise specified", "label": "others", "box": [265, 2384, 734, 2312], "linking": []}, {"id": 114, "text": "For Feedback\\Comments write to", "label": "others", "box": [285, 2171, 819, 2120], "linking": []}, {"id": 115, "text": "'E & DE\"", "label": "others", "box": [297, 2230, 532, 2193], "linking": []}, {"id": 116, "text": "Currency is in INR", "label": "others", "box": [272, 2328, 604, 2269], "linking": []}]