[{"id": 0, "text": "11/12/2019", "label": "others", "box": [32, 96, 108, 79], "linking": []}, {"id": 1, "text": "=================================", "label": "others", "box": [31, 111, 272, 101], "linking": []}, {"id": 2, "text": " Salt", "label": "others", "box": [75, 132, 106, 114], "linking": []}, {"id": 3, "text": " Check:", "label": "others", "box": [31, 150, 78, 133], "linking": []}, {"id": 4, "text": " Server:", "label": "others", "box": [31, 168, 84, 151], "linking": []}, {"id": 5, "text": " Terminal:", "label": "others", "box": [32, 186, 100, 169], "linking": []}, {"id": 6, "text": "===============", "label": "others", "box": [31, 200, 138, 191], "linking": []}, {"id": 7, "text": " SLC", "label": "others", "box": [118, 221, 143, 205], "linking": []}, {"id": 8, "text": " SAL - Salad Bar", "label": "0 description beginning", "box": [87, 239, 199, 223], "linking": []}, {"id": 9, "text": "0.89 @ 7.52", "label": "1 description inside", "box": [111.93, 257, 195.93, 239], "linking": []}, {"id": 10, "text": "1 Dasani", "label": "0 description beginning", "box": [74, 273, 133, 258], "linking": []}, {"id": 11, "text": "04997704", "label": "others", "box": [88, 291, 150, 275], "linking": []}, {"id": 12, "text": " 12:18", "label": "others", "box": [235, 96, 272, 79], "linking": []}, {"id": 13, "text": " Lake", "label": "others", "box": [109, 133, 142, 115], "linking": []}, {"id": 14, "text": " 3758939", "label": "others", "box": [80, 150, 136, 133], "linking": []}, {"id": 15, "text": " City", "label": "others", "box": [145, 133, 179, 116], "linking": []}, {"id": 16, "text": " AMEX", "label": "others", "box": [182, 133, 217, 116], "linking": []}, {"id": 17, "text": " Flora", "label": "others", "box": [87, 168, 128, 151], "linking": []}, {"id": 18, "text": " 375", "label": "others", "box": [103, 186, 129, 169], "linking": []}, {"id": 19, "text": "============", "label": "others", "box": [139, 200, 217, 189], "linking": []}, {"id": 20, "text": "======", "label": "others", "box": [226, 199, 271, 188], "linking": []}, {"id": 21, "text": " Amex", "label": "others", "box": [146, 221, 179, 205], "linking": []}, {"id": 22, "text": " 1", "label": "e quantity", "box": [76, 239, 85, 223], "linking": []}, {"id": 23, "text": "6.69", "label": "5 total price per item", "box": [240, 237, 272, 220], "linking": []}, {"id": 24, "text": "1.25", "label": "5 total price per item", "box": [241, 273, 272, 256], "linking": []}, {"id": 25, "text": "Subtotal", "label": "others", "box": [103, 327, 163, 311], "linking": []}, {"id": 26, "text": "Tax", "label": "others", "box": [141, 345, 163, 329], "linking": []}, {"id": 27, "text": "Total", "label": "others", "box": [127, 363, 163, 347], "linking": []}, {"id": 28, "text": "7.94", "label": "sub total", "box": [226, 327, 257, 310], "linking": []}, {"id": 29, "text": "0.62", "label": "2 tax total", "box": [226, 344, 257, 329], "linking": []}, {"id": 30, "text": "8.56", "label": "total amount", "box": [226, 362, 257, 347], "linking": []}, {"id": 31, "text": "AMEX EMV", "label": "others", "box": [33, 417, 93, 401], "linking": []}, {"id": 32, "text": "XXXXXXXXXXX3003", "label": "others", "box": [46, 435, 157, 418], "linking": []}, {"id": 33, "text": "AMERICAN EXPRESS", "label": "others", "box": [92, 470, 208, 453], "linking": []}, {"id": 34, "text": " Signature", "label": "others", "box": [82, 489, 150, 472], "linking": []}, {"id": 35, "text": " Chip", "label": "others", "box": [133, 506, 166, 489], "linking": []}, {"id": 36, "text": " Issuer", "label": "others", "box": [128, 523, 173, 508], "linking": []}, {"id": 37, "text": " A000000025010801", "label": "others", "box": [83, 542, 200, 525], "linking": []}, {"id": 38, "text": " 0800008000", "label": "others", "box": [83, 559, 157, 543], "linking": []}, {"id": 39, "text": " 06590103602000", "label": "others", "box": [83, 577, 188, 560], "linking": []}, {"id": 40, "text": " F800", "label": "others", "box": [82, 595, 115, 579], "linking": []}, {"id": 41, "text": " 00", "label": "others", "box": [83, 613, 99, 596], "linking": []}, {"id": 42, "text": "8.56", "label": "others", "box": [240, 416, 272, 400], "linking": []}, {"id": 43, "text": " CVM:", "label": "others", "box": [48, 489, 79, 472], "linking": []}, {"id": 44, "text": " Entry Mode:", "label": "others", "box": [48, 507, 130, 490], "linking": []}, {"id": 45, "text": " Auth Mode:", "label": "others", "box": [49, 524, 125, 508], "linking": []}, {"id": 46, "text": " AID:", "label": "others", "box": [48, 542, 80, 526], "linking": []}, {"id": 47, "text": " TVR:", "label": "others", "box": [47, 560, 81, 544], "linking": []}, {"id": 48, "text": " IAD:", "label": "others", "box": [49, 577, 80, 561], "linking": []}, {"id": 49, "text": " TSI:", "label": "others", "box": [49, 595, 79, 579], "linking": []}, {"id": 50, "text": " ARC:", "label": "others", "box": [48, 613, 80, 597], "linking": []}, {"id": 51, "text": "GRAND TOTAL", "label": "others", "box": [84, 648, 164, 632], "linking": []}, {"id": 52, "text": "8.56", "label": "total amount", "box": [233, 647, 265, 631], "linking": []}, {"id": 53, "text": "---------", "label": "others", "box": [202, 677, 269, 671], "linking": []}, {"id": 54, "text": "======", "label": "others", "box": [227, 681, 272, 673], "linking": []}, {"id": 55, "text": " T375 C1962 11/12/2019 12:19", "label": "others", "box": [33, 703, 231, 687], "linking": []}, {"id": 56, "text": "====---", "label": "others", "box": [33, 737, 82, 727], "linking": []}, {"id": 57, "text": "DUPLICATE RECEIPT", "label": "others", "box": [90, 756, 214, 740], "linking": []}]