[{"id": 0, "text": "merchant name", "label": "others", "box": [42, 74, 340, 26], "linking": []}, {"id": 1, "text": "Heures + CNL", "label": "others", "box": [55, 111, 255, 72], "linking": []}, {"id": 2, "text": "merchant address", "label": "others", "box": [134, 153, 270, 122], "linking": []}, {"id": 3, "text": " REG:", "label": "others", "box": [114, 187, 150, 162], "linking": []}, {"id": 4, "text": "106 Takeout", "label": "others", "box": [48, 221, 142, 195], "linking": []}, {"id": 5, "text": "Chk 5435", "label": "others", "box": [37, 260, 109, 235], "linking": []}, {"id": 6, "text": "Takeout", "label": "others", "box": [71, 303, 200, 277], "linking": []}, {"id": 7, "text": "Reprint", "label": "others", "box": [133, 343, 256, 320], "linking": []}, {"id": 8, "text": "WHITE MEAT", "label": "1 description inside", "box": [103, 379, 191, 358], "linking": []}, {"id": 9, "text": "+ GARON SLD", "label": "1 description inside", "box": [89, 398, 186, 377], "linking": []}, {"id": 10, "text": "BALSMC DRESS", "label": "1 description inside", "box": [106, 417, 208, 396], "linking": []}, {"id": 11, "text": "WHITE ROLL", "label": "1 description inside", "box": [105, 437, 192, 416], "linking": []}, {"id": 12, "text": " ADD FRIES", "label": "0 description beginning", "box": [71, 456, 153, 436], "linking": []}, {"id": 13, "text": " XTRA LG CH_T S", "label": "0 description beginning", "box": [72, 475, 193, 454], "linking": []}, {"id": 14, "text": "XXXXXXXXXXX4007", "label": "others", "box": [65, 494, 191, 473], "linking": []}, {"id": 15, "text": "Amex", "label": "others", "box": [74, 513, 111, 495], "linking": []}, {"id": 16, "text": "This location now offers", "label": "others", "box": [109, 547, 308, 524], "linking": []}, {"id": 17, "text": "Interac Debit, Visa, MasterCard", "label": "others", "box": [81, 584, 342, 559], "linking": []}, {"id": 18, "text": "merchant name", "label": "others", "box": [105, 131, 308, 103], "linking": []}, {"id": 19, "text": "merchant address", "label": "others", "box": [121, 172, 288, 143], "linking": []}, {"id": 20, "text": " 312169803 RT0001", "label": "others", "box": [153, 191, 291, 164], "linking": []}, {"id": 21, "text": " Nov03' 19 07:13P Gst", "label": "others", "box": [181, 266, 356, 238], "linking": []}, {"id": 22, "text": "Closed Check", "label": "others", "box": [104, 322, 308, 300], "linking": []}, {"id": 23, "text": " 1", "label": "e quantity", "box": [57, 358, 67, 336], "linking": []}, {"id": 24, "text": " 1/4 CHICKEN", "label": "0 description beginning", "box": [71, 359, 169, 336], "linking": []}, {"id": 25, "text": "12.79", "label": "5 total price per item", "box": [308, 358, 349, 336], "linking": []}, {"id": 26, "text": " 1", "label": "e quantity", "box": [56, 457, 67, 436], "linking": []}, {"id": 27, "text": " 1", "label": "e quantity", "box": [57, 475, 68, 455], "linking": []}, {"id": 28, "text": "2.99", "label": "5 total price per item", "box": [311, 452, 350, 432], "linking": []}, {"id": 29, "text": "0.79", "label": "5 total price per item", "box": [312, 470, 351, 450], "linking": []}, {"id": 30, "text": "18.73", "label": "others", "box": [307, 508, 350, 487], "linking": []}, {"id": 31, "text": "pay-at-the-door for", "label": "others", "box": [124, 566, 285, 543], "linking": []}, {"id": 32, "text": "and AMEX on all delivery orders.", "label": "others", "box": [73, 602, 340, 580], "linking": []}, {"id": 33, "text": "Order Summary", "label": "others", "box": [72, 675, 182, 652], "linking": []}, {"id": 34, "text": "Subtotal", "label": "others", "box": [72, 710, 140, 688], "linking": []}, {"id": 35, "text": "HST", "label": "others", "box": [71, 729, 101, 708], "linking": []}, {"id": 36, "text": "Payment", "label": "others", "box": [72, 749, 133, 729], "linking": []}, {"id": 37, "text": "16.57", "label": "sub total", "box": [308, 702, 350, 683], "linking": []}, {"id": 38, "text": "2.16", "label": "2 tax total", "box": [312, 721, 352, 701], "linking": []}, {"id": 39, "text": "18.73", "label": "total amount", "box": [305, 739, 351, 720], "linking": []}, {"id": 40, "text": " 14PM ----", "label": "others", "box": [255, 762, 321, 740], "linking": []}, {"id": 41, "text": "*Total if Paying Cash $18.75", "label": "others", "box": [72, 803, 309, 775], "linking": []}, {"id": 42, "text": " -106 Nov03' 19 07:", "label": "others", "box": [118, 766, 252, 742], "linking": []}, {"id": 43, "text": "Tell Us How We Did Today", "label": "others", "box": [98, 857, 299, 832], "linking": []}, {"id": 44, "text": " Complete our Guest survey at:", "label": "others", "box": [80, 896, 324, 870], "linking": []}, {"id": 45, "text": "www.swisschaletfeedback.com", "label": "others", "box": [107, 913, 334, 889], "linking": []}, {"id": 46, "text": " 6066-96587-80873", "label": "others", "box": [195, 948, 335, 924], "linking": []}, {"id": 47, "text": " Access Code:", "label": "others", "box": [88, 952, 191, 928], "linking": []}, {"id": 48, "text": "Now you can earn and redeem", "label": "others", "box": [87, 1065, 317, 1041], "linking": []}, {"id": 49, "text": "eat at Swiss Chalet!", "label": "others", "box": [112, 1103, 283, 1079], "linking": []}, {"id": 50, "text": "Visit www.scene.ca/swisschalet", "label": "others", "box": [78, 1140, 333, 1116], "linking": []}, {"id": 51, "text": "or participating restaurants", "label": "others", "box": [85, 1160, 326, 1138], "linking": []}, {"id": 52, "text": "SCENE points every time you", "label": "others", "box": [87, 1083, 317, 1061], "linking": []}, {"id": 53, "text": "for details", "label": "others", "box": [163, 1176, 258, 1156], "linking": []}]