[{"id": 0, "text": "Thank You For Visiting the", "label": "others", "box": [102, 73, 297, 56], "linking": []}, {"id": 1, "text": "merchant name", "label": "others", "box": [100, 89, 291, 73], "linking": []}, {"id": 2, "text": "Matthew Fraysier", "label": "others", "box": [136, 106, 258, 91], "linking": []}, {"id": 3, "text": "General Manager", "label": "others", "box": [142, 123, 258, 109], "linking": []}, {"id": 4, "text": "merchant phone", "label": "others", "box": [146, 142, 246, 126], "linking": []}, {"id": 5, "text": "We Love Your Feedback!", "label": "others", "box": [112, 161, 281, 144], "linking": []}, {"id": 6, "text": "Text @LTF11479 to 73940", "label": "others", "box": [112, 180, 289, 163], "linking": []}, {"id": 7, "text": "USD", "label": "others", "box": [329, 217, 356, 201], "linking": []}, {"id": 8, "text": "2.85", "label": "5 total price per item", "box": [323, 238, 356, 221], "linking": []}, {"id": 9, "text": " Soup -", "label": "0 description beginning", "box": [44, 238, 95, 222], "linking": []}, {"id": 10, "text": " 12oz", "label": "1 description inside", "box": [98, 238, 136, 223], "linking": []}, {"id": 11, "text": "Sub Total", "label": "others", "box": [219, 276, 288, 261], "linking": []}, {"id": 12, "text": "Tax Amount", "label": "others", "box": [220, 295, 297, 280], "linking": []}, {"id": 13, "text": "2.85", "label": "sub total", "box": [324, 277, 357, 260], "linking": []}, {"id": 14, "text": "0.25", "label": "2 tax total", "box": [324, 295, 357, 279], "linking": []}, {"id": 15, "text": "Total USD", "label": "others", "box": [38, 364, 175, 336], "linking": []}, {"id": 16, "text": "3.10", "label": "total amount", "box": [294, 364, 355, 337], "linking": []}, {"id": 17, "text": "5009 AMERICAN EXPRESS", "label": "others", "box": [36, 437, 200, 421], "linking": []}, {"id": 18, "text": "3.10", "label": "others", "box": [323, 437, 358, 422], "linking": []}, {"id": 19, "text": "Tax", "label": "others", "box": [35, 492, 63, 477], "linking": []}, {"id": 20, "text": "0 8.875", "label": "others", "box": [38, 511, 100, 495], "linking": []}, {"id": 21, "text": " Taxable Amount", "label": "others", "box": [159, 493, 271, 478], "linking": []}, {"id": 22, "text": "2.85", "label": "sub total", "box": [233, 511, 267, 496], "linking": []}, {"id": 23, "text": " Tax Amount", "label": "others", "box": [279, 494, 357, 478], "linking": []}, {"id": 24, "text": "0.25", "label": "2 tax total", "box": [324, 511, 357, 496], "linking": []}, {"id": 25, "text": " 11/26/2019 01:11 PM #:33241 Op:123 C:1111", "label": "others", "box": [36, 570, 358, 552], "linking": []}, {"id": 26, "text": " 17 S:1111", "label": "others", "box": [38, 589, 105, 571], "linking": []}, {"id": 27, "text": " Served you", "label": "others", "box": [37, 607, 118, 592], "linking": []}, {"id": 28, "text": " : AENY Self Checkout - 7", "label": "others", "box": [120, 607, 305, 590], "linking": []}]