[{"id": 0, "text": " Shop name:", "label": "others", "box": [127, 101, 247, 70], "linking": []}, {"id": 1, "text": "merchant address", "label": "others", "box": [211, 145, 478, 103], "linking": []}, {"id": 2, "text": "merchant name", "label": "others", "box": [251, 93, 468, 45], "linking": []}, {"id": 3, "text": " Shop Number:", "label": "others", "box": [201, 122, 354, 84], "linking": []}, {"id": 4, "text": " Address:", "label": "others", "box": [108, 154, 208, 122], "linking": []}, {"id": 5, "text": " 105", "label": "others", "box": [356, 107, 395, 79], "linking": []}, {"id": 6, "text": " Post\\ZIP Code:", "label": "others", "box": [170, 173, 349, 138], "linking": []}, {"id": 7, "text": "merchant address", "label": "others", "box": [353, 164, 414, 137], "linking": []}, {"id": 8, "text": "3563 Johnny Moren", "label": "others", "box": [55, 241, 251, 200], "linking": []}, {"id": 9, "text": " WS#:", "label": "others", "box": [456, 252, 514, 226], "linking": []}, {"id": 10, "text": " 7", "label": "others", "box": [518, 251, 536, 227], "linking": []}, {"id": 11, "text": "CHK 122779", "label": "others", "box": [224, 323, 346, 294], "linking": []}, {"id": 12, "text": " 11/23/2019 2:38 PM", "label": "others", "box": [179, 358, 395, 326], "linking": []}, {"id": 13, "text": "1 Egg Salad & Arugula", "label": "0 description beginning", "box": [58, 419, 309, 392], "linking": []}, {"id": 14, "text": "1 Tomato & Feta SM", "label": "0 description beginning", "box": [60, 449, 274, 422], "linking": []}, {"id": 15, "text": "AmEx", "label": "others", "box": [86, 480, 131, 453], "linking": []}, {"id": 16, "text": "XXXXXXXXXXX1009", "label": "others", "box": [81, 508, 260, 483], "linking": []}, {"id": 17, "text": "4.99", "label": "5 total price per item", "box": [399, 417, 448, 389], "linking": []}, {"id": 18, "text": "4.49", "label": "5 total price per item", "box": [401, 446, 449, 422], "linking": []}, {"id": 19, "text": "$10.32", "label": "sub total", "box": [375, 478, 447, 452], "linking": []}, {"id": 20, "text": "Sandwiches", "label": "others", "box": [75, 566, 197, 542], "linking": []}, {"id": 21, "text": "Non-Sandwiches", "label": "others", "box": [69, 597, 243, 569], "linking": []}, {"id": 22, "text": "Tax", "label": "others", "box": [69, 625, 108, 598], "linking": []}, {"id": 23, "text": "Payment", "label": "others", "box": [63, 654, 151, 629], "linking": []}, {"id": 24, "text": "Change Due", "label": "others", "box": [27, 685, 270, 659], "linking": []}, {"id": 25, "text": "$4.99", "label": "others", "box": [382, 567, 443, 542], "linking": []}, {"id": 26, "text": "$4.49", "label": "others", "box": [380, 594, 441, 571], "linking": []}, {"id": 27, "text": "$0.84", "label": "2 tax total", "box": [380, 624, 442, 597], "linking": []}, {"id": 28, "text": "$10.32", "label": "total amount", "box": [364, 652, 442, 627], "linking": []}, {"id": 29, "text": "$0.00", "label": "others", "box": [388, 683, 511, 654], "linking": []}, {"id": 30, "text": "-- Check Closed", "label": "others", "box": [149, 741, 341, 717], "linking": []}, {"id": 31, "text": " 11/23/2019 2:39 PM", "label": "others", "box": [150, 774, 375, 743], "linking": []}, {"id": 32, "text": "Free Wifi", "label": "others", "box": [189, 835, 308, 806], "linking": []}, {"id": 33, "text": "Wifi Password = hotwrap", "label": "others", "box": [99, 868, 396, 840], "linking": []}, {"id": 34, "text": " Restroom/Toilet Code:", "label": "others", "box": [88, 934, 359, 904], "linking": []}, {"id": 35, "text": " 3896", "label": "others", "box": [364, 934, 421, 907], "linking": []}, {"id": 36, "text": "www.Pret.com", "label": "others", "box": [177, 994, 329, 968], "linking": []}, {"id": 37, "text": "TALK TO PRET", "label": "others", "box": [180, 1053, 329, 1023], "linking": []}, {"id": 38, "text": "We love to hear your feedback (the good", "label": "others", "box": [20, 1093, 496, 1042], "linking": []}, {"id": 39, "text": "the bad and the ugly).", "label": "others", "box": [123, 1117, 392, 1078], "linking": []}, {"id": 40, "text": "Pret A Manger (USA) Ltd", "label": "others", "box": [113, 1176, 392, 1133], "linking": []}, {"id": 41, "text": "Reg. Number 3836164", "label": "others", "box": [136, 1203, 367, 1161], "linking": []}]