[{"id": 0, "text": "merchant name", "label": "others", "box": [661, 375, 1107, 293], "linking": []}, {"id": 1, "text": "merchant name", "label": "others", "box": [793, 529, 963, 465], "linking": []}, {"id": 2, "text": "www.bombayny.com", "label": "others", "box": [590, 613, 1149, 552], "linking": []}, {"id": 3, "text": "bombayny@gmail.com", "label": "others", "box": [606, 659, 1114, 602], "linking": []}, {"id": 4, "text": "merchant address", "label": "others", "box": [746, 720, 991, 669], "linking": []}, {"id": 5, "text": "merchant address", "label": "others", "box": [636, 783, 1095, 729], "linking": []}, {"id": 6, "text": "merchant phone", "label": "others", "box": [704, 848, 1028, 793], "linking": []}, {"id": 7, "text": "(212) 742-2227 (Fax)", "label": "others", "box": [634, 912, 1089, 847], "linking": []}, {"id": 8, "text": "DELIVERY", "label": "others", "box": [730, 1021, 997, 963], "linking": []}, {"id": 9, "text": "ORDER #312", "label": "others", "box": [720, 1089, 1002, 1036], "linking": []}, {"id": 10, "text": " Name:", "label": "others", "box": [288, 1202, 441, 1153], "linking": []}, {"id": 11, "text": " Address:", "label": "others", "box": [282, 1271, 487, 1215], "linking": []}, {"id": 12, "text": "St", "label": "others", "box": [278, 1332, 336, 1283], "linking": []}, {"id": 13, "text": " Phone:", "label": "others", "box": [271, 1406, 436, 1349], "linking": []}, {"id": 14, "text": "merchant address", "label": "others", "box": [498, 1271, 1396, 1208], "linking": []}, {"id": 15, "text": "merchant phone", "label": "others", "box": [445, 1410, 793, 1350], "linking": []}, {"id": 16, "text": "Invoice #2315", "label": "others", "box": [261, 1515, 527, 1464], "linking": []}, {"id": 17, "text": "Abhijeet V", "label": "others", "box": [260, 1565, 469, 1515], "linking": []}, {"id": 18, "text": " Tue, 11/26/2019 8:42 PM", "label": "others", "box": [974, 1510, 1434, 1457], "linking": []}, {"id": 19, "text": " 1", "label": "e quantity", "box": [251, 1695, 302, 1631], "linking": []}, {"id": 20, "text": " App + Entree + Naan", "label": "0 description beginning", "box": [314, 1695, 896, 1630], "linking": []}, {"id": 21, "text": "(A) Papdi Chaat", "label": "1 description inside", "box": [310, 1771, 705, 1703], "linking": []}, {"id": 22, "text": "Dal Makhani", "label": "1 description inside", "box": [309, 1837, 626, 1777], "linking": []}, {"id": 23, "text": " Rose Lassi", "label": "0 description beginning", "box": [304, 1918, 606, 1857], "linking": []}, {"id": 24, "text": "$15.95", "label": "5 total price per item", "box": [1267, 1693, 1439, 1634], "linking": []}, {"id": 25, "text": " 1", "label": "e quantity", "box": [233, 1918, 283, 1862], "linking": []}, {"id": 26, "text": "$3.95", "label": "5 total price per item", "box": [1294, 1926, 1447, 1862], "linking": []}, {"id": 27, "text": " SUBTOTAL", "label": "others", "box": [777, 2051, 1046, 1994], "linking": []}, {"id": 28, "text": " TAX", "label": "others", "box": [949, 2128, 1046, 2073], "linking": []}, {"id": 29, "text": " TOTAL", "label": "others", "box": [881, 2210, 1050, 2151], "linking": []}, {"id": 30, "text": " CREDIT CARD (AMEX)", "label": "others", "box": [477, 2297, 1040, 2224], "linking": []}, {"id": 31, "text": "Tips", "label": "others", "box": [992, 2444, 1188, 2307], "linking": []}, {"id": 32, "text": "15%=$2.99, 18%=$3.58, 20%=$3.98 $2.", "label": "total amount", "box": [412, 2572, 1537, 2466], "linking": []}, {"id": 33, "text": " :", "label": "others", "box": [1056, 2051, 1089, 1996], "linking": []}, {"id": 34, "text": " :", "label": "others", "box": [1057, 2128, 1086, 2074], "linking": []}, {"id": 35, "text": " :", "label": "others", "box": [1059, 2211, 1087, 2152], "linking": []}, {"id": 36, "text": " :", "label": "others", "box": [1052, 2298, 1083, 2228], "linking": []}, {"id": 37, "text": "$19.90", "label": "sub total", "box": [1276, 2060, 1447, 2001], "linking": []}, {"id": 38, "text": "$1.77", "label": "2 tax total", "box": [1322, 2139, 1446, 2079], "linking": []}, {"id": 39, "text": "$21.67", "label": "others", "box": [1291, 2218, 1450, 2158], "linking": []}, {"id": 40, "text": "$21.67", "label": "others", "box": [1290, 2298, 1451, 2235], "linking": []}, {"id": 41, "text": " 12:33", "label": "3 tip", "box": [1278, 2403, 1458, 2323], "linking": []}, {"id": 42, "text": "Tip Guide", "label": "others", "box": [696, 2457, 955, 2383], "linking": []}, {"id": 43, "text": "C", "label": "others", "box": [192, 2827, 267, 2738], "linking": []}, {"id": 44, "text": "REDMI NOTE 5 (BRO ) 567-7917", "label": "others", "box": [345, 2816, 1162, 2717], "linking": []}, {"id": 45, "text": "MI DUAL CAMERA", "label": "others", "box": [340, 2849, 814, 2789], "linking": []}]