[{"id": 0, "text": "merchant name", "label": "others", "box": [393, 224, 519, 199], "linking": []}, {"id": 1, "text": "Order Online", "label": "others", "box": [347, 261, 564, 239], "linking": []}, {"id": 2, "text": "www.chaayos.com", "label": "others", "box": [318, 281, 591, 259], "linking": []}, {"id": 3, "text": "olazing fast deliveries & LoyalTea benefits", "label": "others", "box": [282, 245, 667, 216], "linking": []}, {"id": 4, "text": "merchant address", "label": "others", "box": [242, 302, 472, 276], "linking": []}, {"id": 5, "text": "merchant address", "label": "others", "box": [243, 345, 372, 320], "linking": []}, {"id": 6, "text": "merchant address", "label": "others", "box": [245, 325, 478, 298], "linking": []}, {"id": 7, "text": "merchant address", "label": "others", "box": [243, 367, 389, 342], "linking": []}, {"id": 8, "text": "Order No", "label": "others", "box": [242, 408, 317, 385], "linking": []}, {"id": 9, "text": "Order Time", "label": "others", "box": [243, 431, 336, 408], "linking": []}, {"id": 10, "text": "Name", "label": "others", "box": [242, 449, 281, 431], "linking": []}, {"id": 11, "text": "Contact", "label": "others", "box": [243, 472, 309, 452], "linking": []}, {"id": 12, "text": "Loyalty Points", "label": "others", "box": [241, 496, 368, 473], "linking": []}, {"id": 13, "text": "1526097199406549", "label": "others", "box": [422, 413, 564, 392], "linking": []}, {"id": 14, "text": " 17/12/2019 16:48", "label": "others", "box": [422, 436, 565, 412], "linking": []}, {"id": 15, "text": " +91", "label": "others", "box": [418, 476, 441, 458], "linking": []}, {"id": 16, "text": "20", "label": "others", "box": [418, 496, 441, 478], "linking": []}, {"id": 17, "text": " -******* 349", "label": "others", "box": [444, 478, 546, 458], "linking": []}, {"id": 18, "text": "Item", "label": "others", "box": [241, 536, 278, 517], "linking": []}, {"id": 19, "text": "00009963", "label": "others", "box": [241, 558, 314, 538], "linking": []}, {"id": 20, "text": "Desi Chai Regular", "label": "0 description beginning", "box": [240, 583, 393, 560], "linking": []}, {"id": 21, "text": "Kadak, A", "label": "1 description inside", "box": [239, 603, 314, 581], "linking": []}, {"id": 22, "text": " Qty", "label": "others", "box": [463, 544, 498, 523], "linking": []}, {"id": 23, "text": "2", "label": "e quantity", "box": [478, 562, 492, 545], "linking": []}, {"id": 24, "text": " Price", "label": "others", "box": [512, 544, 561, 524], "linking": []}, {"id": 25, "text": "66.67", "label": "unit price", "box": [512, 564, 557, 544], "linking": []}, {"id": 26, "text": "Amount", "label": "others", "box": [592, 544, 648, 526], "linking": []}, {"id": 27, "text": "133.34", "label": "5 total price per item", "box": [593, 565, 646, 546], "linking": []}, {"id": 28, "text": "Total", "label": "others", "box": [239, 643, 285, 625], "linking": []}, {"id": 29, "text": "CGST @ 2.50 %", "label": "others", "box": [239, 667, 357, 646], "linking": []}, {"id": 30, "text": "SGST/UTGST @ 2.50 %", "label": "others", "box": [238, 689, 411, 668], "linking": []}, {"id": 31, "text": "Round Off", "label": "others", "box": [237, 711, 319, 692], "linking": []}, {"id": 32, "text": "Bill Total", "label": "others", "box": [235, 733, 333, 713], "linking": []}, {"id": 33, "text": "Rs. One Hundred and Forty only", "label": "others", "box": [233, 759, 507, 735], "linking": []}, {"id": 34, "text": "133.34", "label": "total amount", "box": [597, 649, 651, 629], "linking": []}, {"id": 35, "text": "3.33", "label": "2 tax total", "box": [612, 670, 652, 651], "linking": []}, {"id": 36, "text": "3.33", "label": "2 tax total", "box": [613, 692, 651, 674], "linking": []}, {"id": 37, "text": "-0.01", "label": "others", "box": [606, 715, 651, 696], "linking": []}, {"id": 38, "text": "140.00", "label": "others", "box": [596, 737, 653, 718], "linking": []}, {"id": 39, "text": "Cash", "label": "others", "box": [233, 799, 274, 781], "linking": []}, {"id": 40, "text": "140.00", "label": "total amount", "box": [597, 802, 651, 783], "linking": []}, {"id": 41, "text": "CIN", "label": "others", "box": [235, 844, 266, 825], "linking": []}, {"id": 42, "text": " GSTIN", "label": "others", "box": [236, 868, 289, 847], "linking": []}, {"id": 43, "text": "Sunshine Teahouse Private Limited", "label": "others", "box": [235, 891, 534, 866], "linking": []}, {"id": 44, "text": "Building No. 382, First Floor, 100 Feet Road, G", "label": "others", "box": [233, 914, 660, 889], "linking": []}, {"id": 45, "text": "hitorni", "label": "others", "box": [223, 935, 293, 915], "linking": []}, {"id": 46, "text": "Now Delhi 110030", "label": "others", "box": [231, 957, 383, 935], "linking": []}, {"id": 47, "text": "ets with chai", "label": "others", "box": [308, 979, 427, 957], "linking": []}, {"id": 48, "text": "U55204DL2012PTC304447", "label": "others", "box": [298, 845, 488, 824], "linking": []}, {"id": 49, "text": " 06AARCS3853M1ZN", "label": "others", "box": [296, 868, 438, 846], "linking": []}]