[{"id": 0, "text": "merchant name", "label": "others", "box": [73, 100, 399, 63], "linking": []}, {"id": 1, "text": "merchant address", "label": "others", "box": [71, 129, 229, 101], "linking": []}, {"id": 2, "text": "merchant address", "label": "others", "box": [67, 158, 246, 133], "linking": []}, {"id": 3, "text": "94108", "label": "others", "box": [65, 181, 126, 160], "linking": []}, {"id": 4, "text": "merchant phone", "label": "others", "box": [63, 213, 211, 190], "linking": []}, {"id": 5, "text": "bobaguys.com", "label": "others", "box": [60, 241, 204, 221], "linking": []}, {"id": 6, "text": "@bobaguys", "label": "others", "box": [58, 271, 173, 247], "linking": []}, {"id": 7, "text": "November 14, 2019", "label": "others", "box": [288, 130, 482, 109], "linking": []}, {"id": 8, "text": " 5:08 PM", "label": "others", "box": [393, 156, 477, 135], "linking": []}, {"id": 9, "text": "PURCHASE", "label": "others", "box": [201, 329, 319, 307], "linking": []}, {"id": 10, "text": " Receipt:", "label": "others", "box": [54, 390, 136, 367], "linking": []}, {"id": 11, "text": " Ticket:", "label": "others", "box": [52, 419, 121, 397], "linking": []}, {"id": 12, "text": " Authorization:", "label": "others", "box": [51, 450, 191, 428], "linking": []}, {"id": 13, "text": " cBoP", "label": "others", "box": [140, 390, 196, 367], "linking": []}, {"id": 14, "text": " Vlasti", "label": "others", "box": [125, 419, 180, 398], "linking": []}, {"id": 15, "text": " 802813", "label": "others", "box": [195, 450, 269, 429], "linking": []}, {"id": 16, "text": "AMERICAN EXPRESS", "label": "others", "box": [50, 512, 261, 490], "linking": []}, {"id": 17, "text": "AID A0 00 00 00 25 01 08 01", "label": "others", "box": [48, 539, 324, 520], "linking": []}, {"id": 18, "text": "TO GO", "label": "others", "box": [223, 587, 279, 569], "linking": []}, {"id": 19, "text": "To Go \u00d7 5", "label": "others", "box": [45, 647, 140, 624], "linking": []}, {"id": 20, "text": "Strawberry Matcha Latte", "label": "0 description beginning", "box": [41, 689, 300, 660], "linking": []}, {"id": 21, "text": "$0.00", "label": "others", "box": [405, 643, 466, 623], "linking": []}, {"id": 22, "text": "$5.50", "label": "5 total price per item", "box": [405, 681, 465, 660], "linking": []}, {"id": 23, "text": "16oz ICED, Toppings ($0.50), Almond", "label": "1 description inside", "box": [46, 715, 418, 685], "linking": []}, {"id": 24, "text": "Jelly, Dairy Milk (Whole Milk), Regular", "label": "1 description inside", "box": [43, 747, 418, 716], "linking": []}, {"id": 25, "text": "Ice", "label": "1 description inside", "box": [42, 772, 74, 754], "linking": []}, {"id": 26, "text": "Subtotal", "label": "others", "box": [41, 841, 126, 815], "linking": []}, {"id": 27, "text": "$5.50", "label": "sub total", "box": [400, 828, 458, 806], "linking": []}, {"id": 28, "text": "$0.28", "label": "others", "box": [402, 856, 460, 833], "linking": []}, {"id": 29, "text": "$1.00", "label": "3 tip", "box": [402, 884, 460, 863], "linking": []}, {"id": 30, "text": "Healthy SF Mandate (5%)", "label": "others", "box": [42, 870, 296, 837], "linking": []}, {"id": 31, "text": "Tip", "label": "others", "box": [43, 895, 77, 872], "linking": []}, {"id": 32, "text": "Total", "label": "others", "box": [47, 953, 97, 933], "linking": []}, {"id": 33, "text": "American Express 1000 (Chip)", "label": "others", "box": [48, 987, 346, 961], "linking": []}, {"id": 34, "text": "$6.78", "label": "total amount", "box": [393, 952, 465, 925], "linking": []}, {"id": 35, "text": "$6.78", "label": "others", "box": [405, 981, 467, 958], "linking": []}]