[{"id": 0, "text": "merchant name", "label": "others", "box": [66, 131, 190, 90], "linking": []}, {"id": 1, "text": " GST NO:", "label": "others", "box": [61, 192, 242, 135], "linking": []}, {"id": 2, "text": " 06AABCD5534A1Z9", "label": "others", "box": [250, 208, 620, 143], "linking": []}, {"id": 3, "text": "KOT - 38", "label": "others", "box": [273, 262, 481, 202], "linking": []}, {"id": 4, "text": " Invoice", "label": "others", "box": [60, 426, 249, 375], "linking": []}, {"id": 5, "text": " Name:", "label": "others", "box": [54, 484, 190, 433], "linking": []}, {"id": 6, "text": " Order Time:", "label": "others", "box": [52, 546, 337, 490], "linking": []}, {"id": 7, "text": " OrderStatus:", "label": "others", "box": [50, 606, 356, 552], "linking": []}, {"id": 8, "text": " Blue Berry Blast Muf", "label": "0 description beginning", "box": [51, 678, 566, 621], "linking": []}, {"id": 9, "text": " #COSAAQ48381", "label": "others", "box": [275, 432, 568, 379], "linking": []}, {"id": 10, "text": " 14:04 18-11-2019", "label": "others", "box": [346, 546, 739, 490], "linking": []}, {"id": 11, "text": " delivered", "label": "others", "box": [365, 606, 596, 553], "linking": []}, {"id": 12, "text": " 2 \u00d7 64. 76", "label": "unit price", "box": [583, 675, 809, 615], "linking": []}, {"id": 13, "text": " Triple Chocolate Muf", "label": "0 description beginning", "box": [49, 799, 570, 740], "linking": []}, {"id": 14, "text": " 1", "label": "e quantity", "box": [583, 796, 621, 739], "linking": []}, {"id": 15, "text": " \u00d7 68.57", "label": "unit price", "box": [631, 795, 810, 737], "linking": []}, {"id": 16, "text": "CashPoint Order Slip", "label": "others", "box": [1131, 791, 1640, 726], "linking": []}, {"id": 17, "text": "Order No", "label": "others", "box": [1007, 985, 1214, 925], "linking": []}, {"id": 18, "text": "Order Pin", "label": "others", "box": [1005, 1047, 1253, 994], "linking": []}, {"id": 19, "text": " : COSAAQ48381", "label": "others", "box": [1307, 983, 1625, 931], "linking": []}, {"id": 20, "text": " : 426985", "label": "others", "box": [1299, 1048, 1521, 993], "linking": []}, {"id": 21, "text": " Triple Chocolate Muf", "label": "0 description beginning", "box": [41, 1117, 568, 1052], "linking": []}, {"id": 22, "text": " 1", "label": "e quantity", "box": [582, 1108, 619, 1051], "linking": []}, {"id": 23, "text": " \u00d7 68.57", "label": "unit price", "box": [629, 1107, 811, 1048], "linking": []}, {"id": 24, "text": "Name", "label": "others", "box": [1006, 1173, 1118, 1124], "linking": []}, {"id": 25, "text": " Order Time", "label": "others", "box": [1012, 1241, 1288, 1187], "linking": []}, {"id": 26, "text": "merchant name", "label": "others", "box": [1315, 1175, 1492, 1124], "linking": []}, {"id": 27, "text": " : 14:04, 18-Nov", "label": "others", "box": [1309, 1241, 1694, 1187], "linking": []}, {"id": 28, "text": "Cappuccino Regular", "label": "0 description beginning", "box": [36, 1336, 489, 1271], "linking": []}, {"id": 29, "text": "6 \u00d7 64. 76", "label": "unit price", "box": [587, 1322, 820, 1263], "linking": []}, {"id": 30, "text": " Total", "label": "others", "box": [1312, 1370, 1450, 1317], "linking": []}, {"id": 31, "text": " = 995. 0", "label": "total amount", "box": [1459, 1370, 1658, 1314], "linking": []}, {"id": 32, "text": " Frostino Classic Col", "label": "0 description beginning", "box": [26, 1463, 566, 1397], "linking": []}, {"id": 33, "text": " 1", "label": "e quantity", "box": [580, 1455, 621, 1396], "linking": []}, {"id": 34, "text": " \u00d7 170.48", "label": "unit price", "box": [632, 1454, 842, 1391], "linking": []}, {"id": 35, "text": " Tandoori Chicken Tik", "label": "0 description beginning", "box": [27, 1591, 558, 1529], "linking": []}, {"id": 36, "text": " 1", "label": "e quantity", "box": [581, 1587, 619, 1528], "linking": []}, {"id": 37, "text": " \u00d7 121.92", "label": "unit price", "box": [630, 1586, 840, 1524], "linking": []}, {"id": 38, "text": "CGST @ 2.50% = 23.69", "label": "2 tax total", "box": [255, 1783, 769, 1722], "linking": []}, {"id": 39, "text": "SGST @ 2.50% = 23.69", "label": "2 tax total", "box": [260, 1843, 769, 1787], "linking": []}, {"id": 40, "text": " = 995. 0", "label": "total amount", "box": [479, 1905, 671, 1849], "linking": []}, {"id": 41, "text": " Total", "label": "others", "box": [341, 1908, 470, 1853], "linking": []}, {"id": 42, "text": " -14:06:10 18-11-2019 ------", "label": "others", "box": [169, 2046, 819, 1985], "linking": []}, {"id": 43, "text": "-1.0.57", "label": "others", "box": [343, 2177, 516, 2122], "linking": []}, {"id": 44, "text": "-------------", "label": "others", "box": [520, 2161, 846, 2128], "linking": []}]