[{"id": 0, "text": "merchant name", "label": "others", "box": [459, 647, 935, 586], "linking": []}, {"id": 1, "text": "merchant address", "label": "others", "box": [276, 714, 959, 651], "linking": []}, {"id": 2, "text": " Date:", "label": "others", "box": [183, 802, 324, 752], "linking": []}, {"id": 3, "text": " Card Type:", "label": "others", "box": [181, 865, 461, 804], "linking": []}, {"id": 4, "text": " Card Entry:", "label": "others", "box": [176, 970, 504, 910], "linking": []}, {"id": 5, "text": "merchant address", "label": "others", "box": [407, 763, 831, 710], "linking": []}, {"id": 6, "text": " Dec01'19 08:36PM", "label": "others", "box": [517, 814, 935, 761], "linking": []}, {"id": 7, "text": "Amex", "label": "others", "box": [511, 862, 630, 815], "linking": []}, {"id": 8, "text": "XXXXXXXXXXX1004", "label": "others", "box": [514, 917, 913, 863], "linking": []}, {"id": 9, "text": " SWIPED", "label": "others", "box": [512, 970, 681, 918], "linking": []}, {"id": 10, "text": " PURCHASE", "label": "others", "box": [510, 1024, 731, 970], "linking": []}, {"id": 11, "text": " Acct #:", "label": "others", "box": [180, 914, 390, 859], "linking": []}, {"id": 12, "text": " Trans Type:", "label": "others", "box": [177, 1024, 501, 967], "linking": []}, {"id": 13, "text": " Trans Key:", "label": "others", "box": [171, 1078, 486, 1020], "linking": []}, {"id": 14, "text": " Auth Code:", "label": "others", "box": [169, 1135, 462, 1076], "linking": []}, {"id": 15, "text": " GIG010680127775", "label": "others", "box": [509, 1078, 921, 1021], "linking": []}, {"id": 16, "text": "519470", "label": "others", "box": [504, 1132, 682, 1078], "linking": []}, {"id": 17, "text": "52", "label": "others", "box": [514, 1186, 576, 1134], "linking": []}, {"id": 18, "text": " Check:", "label": "others", "box": [167, 1189, 350, 1132], "linking": []}, {"id": 19, "text": " Check ID:", "label": "others", "box": [165, 1247, 432, 1190], "linking": []}, {"id": 20, "text": " Server", "label": "others", "box": [162, 1307, 335, 1251], "linking": []}, {"id": 21, "text": " Subtotal:", "label": "others", "box": [153, 1389, 427, 1317], "linking": []}, {"id": 22, "text": " Tip:", "label": "others", "box": [160, 1470, 277, 1400], "linking": []}, {"id": 23, "text": " Total:", "label": "others", "box": [151, 1549, 340, 1481], "linking": []}, {"id": 24, "text": " :", "label": "others", "box": [343, 1307, 374, 1255], "linking": []}, {"id": 25, "text": "444582 Paulie", "label": "others", "box": [519, 1301, 878, 1238], "linking": []}, {"id": 26, "text": "16.59", "label": "sub total", "box": [748, 1369, 1009, 1306], "linking": []}, {"id": 27, "text": "3,00", "label": "3 tip", "box": [745, 1435, 933, 1351], "linking": []}, {"id": 28, "text": " 19:59", "label": "total amount", "box": [750, 1529, 982, 1431], "linking": []}, {"id": 29, "text": "Signature", "label": "others", "box": [142, 1702, 433, 1624], "linking": []}, {"id": 30, "text": "according to my card issuer", "label": "others", "box": [146, 1840, 955, 1706], "linking": []}, {"id": 31, "text": "* * * * Guest Copy * * * *", "label": "others", "box": [153, 1965, 934, 1858], "linking": []}, {"id": 32, "text": "I agree to pay above total", "label": "others", "box": [148, 1776, 919, 1646], "linking": []}, {"id": 33, "text": "agreement.", "label": "others", "box": [145, 1901, 459, 1816], "linking": []}]