[{"id": 0, "text": "OPERATED BY", "label": "others", "box": [292, 228, 468, 201], "linking": []}, {"id": 1, "text": "merchant name", "label": "others", "box": [251, 302, 454, 252], "linking": []}, {"id": 2, "text": "merchant name", "label": "others", "box": [281, 371, 471, 348], "linking": []}, {"id": 3, "text": "merchant address", "label": "others", "box": [150, 399, 604, 373], "linking": []}, {"id": 4, "text": "422242 Peyton", "label": "others", "box": [147, 452, 334, 426], "linking": []}, {"id": 5, "text": "4355", "label": "others", "box": [147, 503, 257, 479], "linking": []}, {"id": 6, "text": " GST", "label": "others", "box": [535, 503, 585, 481], "linking": []}, {"id": 7, "text": " 1", "label": "others", "box": [595, 502, 606, 482], "linking": []}, {"id": 8, "text": "NOV07 19", "label": "others", "box": [262, 530, 377, 506], "linking": []}, {"id": 9, "text": " 9:31PM", "label": "others", "box": [404, 531, 497, 507], "linking": []}, {"id": 10, "text": "TO GO", "label": "others", "box": [216, 584, 289, 561], "linking": []}, {"id": 11, "text": " 1", "label": "e quantity", "box": [175, 637, 195, 615], "linking": []}, {"id": 12, "text": " 1", "label": "e quantity", "box": [173, 663, 193, 641], "linking": []}, {"id": 13, "text": " 1", "label": "e quantity", "box": [171, 692, 193, 669], "linking": []}, {"id": 14, "text": " WIR ART", "label": "0 description beginning", "box": [199, 638, 312, 615], "linking": []}, {"id": 15, "text": " RTE QUESADILLA", "label": "0 description beginning", "box": [198, 665, 405, 640], "linking": []}, {"id": 16, "text": " SD TORT CHIPS", "label": "0 description beginning", "box": [197, 692, 390, 667], "linking": []}, {"id": 17, "text": " AT06184Z", "label": "others", "box": [198, 719, 324, 694], "linking": []}, {"id": 18, "text": "MSTRCD CC", "label": "others", "box": [196, 746, 330, 722], "linking": []}, {"id": 19, "text": " SOL", "label": "1 description inside", "box": [331, 638, 382, 614], "linking": []}, {"id": 20, "text": " M", "label": "1 description inside", "box": [387, 638, 406, 614], "linking": []}, {"id": 21, "text": "2.99", "label": "5 total price per item", "box": [507, 638, 564, 614], "linking": []}, {"id": 22, "text": "8.75", "label": "5 total price per item", "box": [509, 664, 564, 640], "linking": []}, {"id": 23, "text": "1.00", "label": "5 total price per item", "box": [509, 691, 566, 667], "linking": []}, {"id": 24, "text": " XXX2789", "label": "others", "box": [330, 719, 433, 694], "linking": []}, {"id": 25, "text": "13.84", "label": "others", "box": [492, 747, 568, 721], "linking": []}, {"id": 26, "text": "SUBTOTAL", "label": "others", "box": [194, 802, 315, 776], "linking": []}, {"id": 27, "text": "TAX", "label": "others", "box": [194, 829, 241, 806], "linking": []}, {"id": 28, "text": "AMOUNT PAD", "label": "others", "box": [194, 859, 359, 833], "linking": []}, {"id": 29, "text": " -- 422242 Closed NOV07 09:32PM -- -", "label": "others", "box": [134, 889, 614, 862], "linking": []}, {"id": 30, "text": "12.74", "label": "sub total", "box": [497, 802, 570, 776], "linking": []}, {"id": 31, "text": "1.10", "label": "2 tax total", "box": [511, 831, 568, 806], "linking": []}, {"id": 32, "text": "13.84", "label": "total amount", "box": [422, 859, 569, 834], "linking": []}, {"id": 33, "text": "WE WANT TO HEAR YOUR FEEDBACK!", "label": "others", "box": [140, 949, 599, 921], "linking": []}, {"id": 34, "text": "PLEASE CONTACT 1 877-672-7467", "label": "others", "box": [141, 975, 586, 948], "linking": []}, {"id": 35, "text": "OR CUSTOMERSERVICE@HMSHOST.COM", "label": "others", "box": [144, 1003, 603, 976], "linking": []}, {"id": 36, "text": " TO SHARE YOUR", "label": "others", "box": [176, 1030, 376, 1003], "linking": []}, {"id": 37, "text": " EXPERIENCE.", "label": "others", "box": [385, 1031, 553, 1004], "linking": []}, {"id": 38, "text": " STOREID:", "label": "others", "box": [236, 1083, 363, 1058], "linking": []}, {"id": 39, "text": " PHXBIA01", "label": "others", "box": [368, 1084, 493, 1058], "linking": []}]