[{"id": 0, "text": "merchant name", "label": "others", "box": [345, 288, 581, 253], "linking": []}, {"id": 1, "text": "merchant address", "label": "others", "box": [312, 327, 601, 292], "linking": []}, {"id": 2, "text": "merchant address", "label": "others", "box": [475, 365, 614, 330], "linking": []}, {"id": 3, "text": "merchant phone", "label": "others", "box": [492, 408, 570, 367], "linking": []}, {"id": 4, "text": "merchant address", "label": "others", "box": [312, 368, 470, 333], "linking": []}, {"id": 5, "text": "merchant phone", "label": "others", "box": [365, 411, 485, 369], "linking": []}, {"id": 6, "text": " Host:", "label": "others", "box": [111, 452, 204, 418], "linking": []}, {"id": 7, "text": " Robert", "label": "others", "box": [211, 450, 315, 417], "linking": []}, {"id": 8, "text": "11/13/2019", "label": "others", "box": [649, 440, 818, 403], "linking": []}, {"id": 9, "text": " 5:56 PM", "label": "others", "box": [699, 479, 818, 444], "linking": []}, {"id": 10, "text": "20307", "label": "others", "box": [732, 517, 820, 483], "linking": []}, {"id": 11, "text": "Chicken Wonton Noodle", "label": "0 description beginning", "box": [107, 612, 471, 571], "linking": []}, {"id": 12, "text": "13. 75", "label": "5 total price per item", "box": [737, 602, 826, 559], "linking": []}, {"id": 13, "text": "Subtotal", "label": "others", "box": [105, 689, 238, 657], "linking": []}, {"id": 14, "text": "Tax", "label": "others", "box": [102, 735, 160, 694], "linking": []}, {"id": 15, "text": "13. 75", "label": "sub total", "box": [744, 680, 831, 639], "linking": []}, {"id": 16, "text": "1.22", "label": "2 tax total", "box": [760, 716, 834, 684], "linking": []}, {"id": 17, "text": "To Go Total", "label": "others", "box": [101, 816, 476, 773], "linking": []}, {"id": 18, "text": "14.97", "label": "total amount", "box": [662, 803, 836, 766], "linking": []}, {"id": 19, "text": "Amex", "label": "others", "box": [89, 901, 166, 870], "linking": []}, {"id": 20, "text": " Auth:", "label": "others", "box": [122, 946, 204, 909], "linking": []}, {"id": 21, "text": "14.97", "label": "others", "box": [754, 889, 840, 849], "linking": []}, {"id": 22, "text": " 530963", "label": "others", "box": [210, 944, 325, 904], "linking": []}, {"id": 23, "text": "Thank You!", "label": "others", "box": [376, 1076, 554, 1035], "linking": []}, {"id": 24, "text": "---", "label": "others", "box": [284, 1159, 341, 1142], "linking": []}, {"id": 25, "text": "Check Closed", "label": "others", "box": [355, 1170, 582, 1126], "linking": []}, {"id": 26, "text": "---", "label": "others", "box": [594, 1157, 653, 1133], "linking": []}]