[{"id": 0, "text": "merchant name", "label": "others", "box": [221, 112, 265, 88], "linking": []}, {"id": 1, "text": "merchant address", "label": "others", "box": [158, 142, 415, 114], "linking": []}, {"id": 2, "text": "merchant address", "label": "others", "box": [184, 171, 402, 145], "linking": []}, {"id": 3, "text": "merchant address", "label": "others", "box": [232, 200, 354, 174], "linking": []}, {"id": 4, "text": "merchant phone", "label": "others", "box": [216, 230, 366, 201], "linking": []}, {"id": 5, "text": "merchant name", "label": "others", "box": [277, 112, 365, 89], "linking": []}, {"id": 6, "text": "-", "label": "others", "box": [75, 306, 98, 299], "linking": []}, {"id": 7, "text": "-----------------", "label": "others", "box": [307, 311, 506, 302], "linking": []}, {"id": 8, "text": "--", "label": "others", "box": [520, 308, 535, 300], "linking": []}, {"id": 9, "text": "Chk 1440", "label": "others", "box": [46, 346, 146, 319], "linking": []}, {"id": 10, "text": "-----", "label": "others", "box": [53, 367, 97, 359], "linking": []}, {"id": 11, "text": " Nov11'19 02:10P Gst", "label": "others", "box": [254, 348, 502, 322], "linking": []}, {"id": 12, "text": "--------------", "label": "others", "box": [192, 369, 355, 359], "linking": []}, {"id": 13, "text": "0", "label": "others", "box": [515, 344, 536, 323], "linking": []}, {"id": 14, "text": "-----------", "label": "others", "box": [405, 371, 536, 359], "linking": []}, {"id": 15, "text": "** TO GO **", "label": "others", "box": [92, 406, 315, 381], "linking": []}, {"id": 16, "text": " Latte MED", "label": "0 description beginning", "box": [90, 437, 209, 412], "linking": []}, {"id": 17, "text": "XXXXXXXXXXXXXXX2001", "label": "others", "box": [79, 468, 314, 441], "linking": []}, {"id": 18, "text": "Amex", "label": "others", "box": [89, 497, 144, 473], "linking": []}, {"id": 19, "text": " 1", "label": "e quantity", "box": [71, 437, 85, 412], "linking": []}, {"id": 20, "text": "4.95", "label": "5 total price per item", "box": [448, 437, 499, 412], "linking": []}, {"id": 21, "text": "5.39", "label": "others", "box": [449, 498, 499, 473], "linking": []}, {"id": 22, "text": "NA Bev", "label": "others", "box": [86, 561, 165, 534], "linking": []}, {"id": 23, "text": "Tax", "label": "others", "box": [86, 592, 127, 567], "linking": []}, {"id": 24, "text": "Payment", "label": "others", "box": [84, 625, 177, 597], "linking": []}, {"id": 25, "text": "4.95", "label": "sub total", "box": [449, 563, 503, 536], "linking": []}, {"id": 26, "text": "0.44", "label": "2 tax total", "box": [449, 594, 503, 567], "linking": []}, {"id": 27, "text": "5.39", "label": "total amount", "box": [448, 626, 502, 599], "linking": []}, {"id": 28, "text": " Win a", "label": "others", "box": [110, 689, 182, 663], "linking": []}, {"id": 29, "text": "Go to the website to tell us", "label": "others", "box": [108, 723, 467, 693], "linking": []}, {"id": 30, "text": "about your visit and enter", "label": "others", "box": [122, 755, 451, 727], "linking": []}, {"id": 31, "text": "our prize draw", "label": "others", "box": [171, 786, 352, 760], "linking": []}, {"id": 32, "text": "See website for T&C", "label": "others", "box": [157, 820, 403, 791], "linking": []}, {"id": 33, "text": "www.eatonthemove.com/US", "label": "others", "box": [144, 854, 443, 824], "linking": []}, {"id": 34, "text": "------", "label": "others", "box": [407, 879, 490, 871], "linking": []}, {"id": 35, "text": " $500 Amazon Gift Card", "label": "others", "box": [196, 691, 463, 662], "linking": []}, {"id": 36, "text": "--", "label": "others", "box": [99, 873, 122, 866], "linking": []}, {"id": 37, "text": " LOCATION:", "label": "others", "box": [181, 920, 299, 890], "linking": []}, {"id": 38, "text": " 6354310", "label": "others", "box": [305, 922, 403, 892], "linking": []}, {"id": 39, "text": "----", "label": "others", "box": [81, 940, 134, 932], "linking": []}, {"id": 40, "text": "-------", "label": "others", "box": [407, 946, 492, 935], "linking": []}, {"id": 41, "text": "merchant phone", "label": "others", "box": [100, 990, 468, 955], "linking": []}]