[{"id": 0, "text": "CLEK.", "label": "others", "box": [192, 335, 287, 296], "linking": []}, {"id": 1, "text": "merchant name", "label": "others", "box": [980, 530, 1516, 486], "linking": []}, {"id": 2, "text": "merchant address", "label": "others", "box": [1097, 569, 1404, 532], "linking": []}, {"id": 3, "text": "merchant address", "label": "others", "box": [1081, 612, 1421, 574], "linking": []}, {"id": 4, "text": "merchant phone", "label": "others", "box": [1141, 654, 1381, 618], "linking": []}, {"id": 5, "text": " Terminal ID:", "label": "others", "box": [945, 692, 1195, 653], "linking": []}, {"id": 6, "text": "merchant name", "label": "others", "box": [366, 683, 561, 639], "linking": []}, {"id": 7, "text": "merchant address", "label": "others", "box": [262, 724, 639, 678], "linking": []}, {"id": 8, "text": "merchant address", "label": "others", "box": [242, 768, 532, 722], "linking": []}, {"id": 9, "text": " TEL", "label": "others", "box": [271, 811, 323, 769], "linking": []}, {"id": 10, "text": " ***** 563", "label": "others", "box": [1201, 692, 1365, 659], "linking": []}, {"id": 11, "text": "11/14/19", "label": "others", "box": [947, 724, 1105, 688], "linking": []}, {"id": 12, "text": "AMERICAN EXPRESS - INSERT", "label": "others", "box": [943, 771, 1457, 724], "linking": []}, {"id": 13, "text": " ACCT #:", "label": "others", "box": [942, 838, 1098, 800], "linking": []}, {"id": 14, "text": "CREDIT SALE", "label": "others", "box": [940, 885, 1177, 841], "linking": []}, {"id": 15, "text": " UID:", "label": "others", "box": [939, 928, 1036, 887], "linking": []}, {"id": 16, "text": " BATCH #:", "label": "others", "box": [938, 974, 1122, 933], "linking": []}, {"id": 17, "text": "AMOUNT", "label": "others", "box": [939, 1017, 1070, 975], "linking": []}, {"id": 18, "text": "*** 4", "label": "others", "box": [1501, 688, 1587, 663], "linking": []}, {"id": 19, "text": " 8:07 PM", "label": "others", "box": [1447, 731, 1592, 697], "linking": []}, {"id": 20, "text": "merchant address", "label": "others", "box": [556, 761, 657, 719], "linking": []}, {"id": 21, "text": "merchant phone", "label": "others", "box": [331, 809, 615, 763], "linking": []}, {"id": 22, "text": " AID:", "label": "others", "box": [942, 800, 1036, 763], "linking": []}, {"id": 23, "text": " A000000025010801", "label": "others", "box": [1042, 809, 1371, 766], "linking": []}, {"id": 24, "text": " *********** 1002", "label": "others", "box": [1105, 850, 1416, 808], "linking": []}, {"id": 25, "text": " DATE 11/14/2019 THU TIME 21:05", "label": "others", "box": [127, 859, 779, 804], "linking": []}, {"id": 26, "text": "$12.95", "label": "5 total price per item", "box": [650, 934, 777, 893], "linking": []}, {"id": 27, "text": "$2.95", "label": "5 total price per item", "box": [671, 981, 774, 939], "linking": []}, {"id": 28, "text": "$1.41", "label": "2 tax total", "box": [663, 1026, 773, 984], "linking": []}, {"id": 29, "text": "$17.31", "label": "total amount", "box": [646, 1074, 773, 1029], "linking": []}, {"id": 30, "text": "$17.31", "label": "others", "box": [643, 1122, 772, 1076], "linking": []}, {"id": 31, "text": "00000", "label": "others", "box": [664, 1170, 773, 1127], "linking": []}, {"id": 32, "text": "HOT ENTREE T1", "label": "0 description beginning", "box": [118, 947, 387, 897], "linking": []}, {"id": 33, "text": " 931814967067", "label": "others", "box": [1042, 939, 1295, 891], "linking": []}, {"id": 34, "text": " 170", "label": "others", "box": [1134, 976, 1195, 938], "linking": []}, {"id": 35, "text": " REF #:", "label": "others", "box": [1377, 939, 1516, 899], "linking": []}, {"id": 36, "text": " AUTH #:", "label": "others", "box": [1315, 982, 1479, 944], "linking": []}, {"id": 37, "text": " 5370", "label": "others", "box": [1522, 939, 1613, 899], "linking": []}, {"id": 38, "text": " 846247", "label": "others", "box": [1486, 981, 1616, 945], "linking": []}, {"id": 39, "text": "$17.31", "label": "total amount", "box": [1490, 1028, 1625, 987], "linking": []}, {"id": 40, "text": "LARGE WATER T1", "label": "0 description beginning", "box": [116, 990, 400, 942], "linking": []}, {"id": 41, "text": "TAX1", "label": "others", "box": [113, 1033, 197, 996], "linking": []}, {"id": 42, "text": "TOTAL", "label": "others", "box": [107, 1083, 203, 1042], "linking": []}, {"id": 43, "text": "CASH", "label": "others", "box": [95, 1133, 186, 1089], "linking": []}, {"id": 44, "text": " CLERK", "label": "others", "box": [90, 1183, 208, 1140], "linking": []}, {"id": 45, "text": "TIP", "label": "others", "box": [938, 1104, 1008, 1061], "linking": []}, {"id": 46, "text": " 1", "label": "others", "box": [216, 1182, 238, 1140], "linking": []}, {"id": 47, "text": "000051", "label": "others", "box": [469, 1174, 599, 1130], "linking": []}, {"id": 48, "text": "TOTAL", "label": "others", "box": [937, 1195, 1051, 1153], "linking": []}, {"id": 49, "text": "$", "label": "others", "box": [1305, 1206, 1339, 1167], "linking": []}, {"id": 50, "text": "APPROVED", "label": "others", "box": [1117, 1264, 1470, 1206], "linking": []}, {"id": 51, "text": "ARQC - A429B56E8AC3F 489", "label": "others", "box": [1021, 1353, 1543, 1295], "linking": []}, {"id": 52, "text": "CUSTOMER COPY", "label": "others", "box": [1135, 1401, 1435, 1350], "linking": []}]