[{"id": 0, "text": "TASTE ABOVE ALL", "label": "others", "box": [339, 60, 455, 24], "linking": []}, {"id": 1, "text": "merchant name", "label": "others", "box": [335, 113, 445, 93], "linking": []}, {"id": 2, "text": "merchant address", "label": "others", "box": [328, 131, 451, 112], "linking": []}, {"id": 3, "text": "merchant address", "label": "others", "box": [318, 151, 463, 131], "linking": []}, {"id": 4, "text": "merchant address", "label": "others", "box": [311, 171, 477, 152], "linking": []}, {"id": 5, "text": "rsvp@TheMasalalala.com", "label": "others", "box": [304, 190, 477, 171], "linking": []}, {"id": 6, "text": "Order# 166466", "label": "others", "box": [448, 226, 555, 207], "linking": []}, {"id": 7, "text": " Table:", "label": "others", "box": [443, 246, 493, 228], "linking": []}, {"id": 8, "text": " 11/11/19, 7:57 PM", "label": "others", "box": [419, 265, 554, 246], "linking": []}, {"id": 9, "text": " Table 6", "label": "others", "box": [496, 246, 554, 228], "linking": []}, {"id": 10, "text": " Date:", "label": "others", "box": [371, 265, 416, 247], "linking": []}, {"id": 11, "text": " Merchant ID:", "label": "others", "box": [224, 302, 318, 284], "linking": []}, {"id": 12, "text": " Terminal ID:", "label": "others", "box": [225, 320, 319, 302], "linking": []}, {"id": 13, "text": " Type:", "label": "others", "box": [224, 338, 262, 322], "linking": []}, {"id": 14, "text": "1266351", "label": "others", "box": [497, 301, 549, 284], "linking": []}, {"id": 15, "text": "4445032752693", "label": "others", "box": [450, 320, 551, 303], "linking": []}, {"id": 16, "text": "Pre Auth", "label": "others", "box": [487, 339, 552, 323], "linking": []}, {"id": 17, "text": " Reference #:", "label": "others", "box": [222, 377, 315, 358], "linking": []}, {"id": 18, "text": " Entry Method:", "label": "others", "box": [220, 395, 323, 377], "linking": []}, {"id": 19, "text": " Mode:", "label": "others", "box": [219, 412, 261, 396], "linking": []}, {"id": 20, "text": " AMERICAN EXPRESS:", "label": "others", "box": [219, 432, 354, 415], "linking": []}, {"id": 21, "text": " ARC", "label": "others", "box": [222, 449, 239, 432], "linking": []}, {"id": 22, "text": " Transaction ID:", "label": "others", "box": [218, 470, 336, 452], "linking": []}, {"id": 23, "text": " Approval Code:", "label": "others", "box": [217, 490, 333, 471], "linking": []}, {"id": 24, "text": " Response Code:", "label": "others", "box": [216, 509, 329, 491], "linking": []}, {"id": 25, "text": " Paid With:", "label": "others", "box": [215, 528, 298, 509], "linking": []}, {"id": 26, "text": " Bill:", "label": "others", "box": [214, 545, 256, 527], "linking": []}, {"id": 27, "text": " Total:", "label": "others", "box": [214, 565, 263, 547], "linking": []}, {"id": 28, "text": "10166466", "label": "others", "box": [489, 377, 553, 360], "linking": []}, {"id": 29, "text": "Chip Read", "label": "others", "box": [476, 396, 553, 378], "linking": []}, {"id": 30, "text": "Issuer", "label": "others", "box": [505, 415, 551, 398], "linking": []}, {"id": 31, "text": "A000000025010801", "label": "others", "box": [423, 433, 551, 415], "linking": []}, {"id": 32, "text": "TC ECA918CB750EFF28", "label": "others", "box": [400, 453, 551, 433], "linking": []}, {"id": 33, "text": "921485271", "label": "others", "box": [476, 472, 549, 454], "linking": []}, {"id": 34, "text": "887680", "label": "others", "box": [502, 490, 549, 473], "linking": []}, {"id": 35, "text": "00", "label": "others", "box": [532, 509, 550, 494], "linking": []}, {"id": 36, "text": "xxxx2008", "label": "others", "box": [485, 529, 551, 513], "linking": []}, {"id": 37, "text": "$104.52", "label": "sub total", "box": [493, 568, 551, 550], "linking": []}, {"id": 38, "text": " :", "label": "others", "box": [242, 449, 249, 432], "linking": []}, {"id": 39, "text": " AMEX", "label": "others", "box": [301, 528, 338, 510], "linking": []}, {"id": 40, "text": " Tip:", "label": "others", "box": [211, 606, 245, 585], "linking": []}, {"id": 41, "text": "$ 20", "label": "3 tip", "box": [406, 610, 473, 583], "linking": []}, {"id": 42, "text": "$ 12452", "label": "total amount", "box": [404, 650, 550, 618], "linking": []}, {"id": 43, "text": "OE", "label": "3 tip", "box": [512, 600, 537, 584], "linking": []}, {"id": 44, "text": " Total:", "label": "others", "box": [209, 645, 258, 624], "linking": []}, {"id": 45, "text": "Signature", "label": "others", "box": [344, 747, 421, 728], "linking": []}, {"id": 46, "text": "APPROVED", "label": "others", "box": [342, 810, 412, 789], "linking": []}, {"id": 47, "text": "I agree to pay the above total amount", "label": "others", "box": [240, 857, 553, 829], "linking": []}, {"id": 48, "text": "according to card issuer agreement", "label": "others", "box": [264, 878, 553, 852], "linking": []}, {"id": 49, "text": "Suggested Gratuity", "label": "others", "box": [293, 986, 449, 958], "linking": []}, {"id": 50, "text": "Tip", "label": "others", "box": [414, 1006, 440, 984], "linking": []}, {"id": 51, "text": "$17.28 =", "label": "others", "box": [386, 1028, 458, 1005], "linking": []}, {"id": 52, "text": "$19.20 =", "label": "others", "box": [387, 1050, 458, 1028], "linking": []}, {"id": 53, "text": "$21.12 =", "label": "others", "box": [383, 1074, 457, 1051], "linking": []}, {"id": 54, "text": " 18.00% of sale:", "label": "others", "box": [193, 1025, 322, 999], "linking": []}, {"id": 55, "text": "Total", "label": "others", "box": [510, 1010, 551, 988], "linking": []}, {"id": 56, "text": "$121.80", "label": "others", "box": [489, 1032, 552, 1010], "linking": []}, {"id": 57, "text": "$123.72", "label": "others", "box": [489, 1055, 552, 1032], "linking": []}, {"id": 58, "text": "$125.64", "label": "others", "box": [488, 1078, 555, 1055], "linking": []}, {"id": 59, "text": " 20.00% of sale:", "label": "others", "box": [190, 1046, 321, 1022], "linking": []}, {"id": 60, "text": " 22.00% of sale:", "label": "others", "box": [188, 1069, 319, 1045], "linking": []}]