[{"id": 0, "text": "merchant name", "label": "others", "box": [1547, 207, 1689, 173], "linking": []}, {"id": 1, "text": "merchant address", "label": "others", "box": [1474, 254, 1782, 211], "linking": []}, {"id": 2, "text": "merchant address", "label": "others", "box": [1398, 299, 1577, 257], "linking": []}, {"id": 3, "text": "merchant address", "label": "others", "box": [1584, 296, 1864, 251], "linking": []}, {"id": 4, "text": "merchant phone", "label": "others", "box": [1491, 343, 1769, 295], "linking": []}, {"id": 5, "text": " De te/fine:", "label": "others", "box": [1236, 480, 1439, 439], "linking": []}, {"id": 6, "text": " Order Number:", "label": "others", "box": [1237, 528, 1518, 480], "linking": []}, {"id": 7, "text": " Accourt Type:", "label": "others", "box": [1239, 576, 1515, 532], "linking": []}, {"id": 8, "text": " EDC Tran ID:", "label": "others", "box": [1236, 626, 1486, 575], "linking": []}, {"id": 9, "text": " Server", "label": "others", "box": [1231, 675, 1343, 629], "linking": []}, {"id": 10, "text": " Table:", "label": "others", "box": [1239, 722, 1356, 677], "linking": []}, {"id": 11, "text": " 2019-11-11 08:59 PM", "label": "others", "box": [1529, 480, 1914, 432], "linking": []}, {"id": 12, "text": "77947", "label": "others", "box": [1528, 523, 1631, 480], "linking": []}, {"id": 13, "text": " CREDIT", "label": "others", "box": [1525, 576, 1653, 528], "linking": []}, {"id": 14, "text": "290507410", "label": "others", "box": [1521, 622, 1717, 576], "linking": []}, {"id": 15, "text": "damin", "label": "others", "box": [1523, 673, 1640, 630], "linking": []}, {"id": 16, "text": "33", "label": "others", "box": [1528, 722, 1580, 675], "linking": []}, {"id": 17, "text": "merchant name", "label": "others", "box": [440, 543, 579, 483], "linking": []}, {"id": 18, "text": "merchant address", "label": "others", "box": [468, 633, 626, 579], "linking": []}, {"id": 19, "text": "merchant phone", "label": "others", "box": [379, 690, 475, 634], "linking": []}, {"id": 20, "text": "merchant address", "label": "others", "box": [372, 591, 412, 552], "linking": []}, {"id": 21, "text": "merchant address", "label": "others", "box": [363, 640, 460, 591], "linking": []}, {"id": 22, "text": "merchant address", "label": "others", "box": [419, 590, 667, 535], "linking": []}, {"id": 23, "text": "merchant address", "label": "others", "box": [295, 643, 356, 599], "linking": []}, {"id": 24, "text": "merchant address", "label": "others", "box": [633, 623, 734, 572], "linking": []}, {"id": 25, "text": "merchant phone", "label": "others", "box": [483, 682, 643, 624], "linking": []}, {"id": 26, "text": " :", "label": "others", "box": [1350, 675, 1374, 631], "linking": []}, {"id": 27, "text": " Server:", "label": "others", "box": [131, 791, 269, 742], "linking": []}, {"id": 28, "text": " dam in", "label": "others", "box": [276, 787, 379, 737], "linking": []}, {"id": 29, "text": " 77947", "label": "others", "box": [284, 880, 388, 824], "linking": []}, {"id": 30, "text": " Station:", "label": "others", "box": [677, 760, 842, 707], "linking": []}, {"id": 31, "text": " 2", "label": "others", "box": [851, 754, 880, 705], "linking": []}, {"id": 32, "text": "PURCHASE", "label": "others", "box": [1223, 853, 1398, 770], "linking": []}, {"id": 33, "text": " Order #:", "label": "others", "box": [122, 889, 275, 832], "linking": []}, {"id": 34, "text": " Dine", "label": "others", "box": [732, 856, 819, 803], "linking": []}, {"id": 35, "text": " In", "label": "others", "box": [828, 851, 881, 800], "linking": []}, {"id": 36, "text": " Table:", "label": "others", "box": [396, 920, 515, 871], "linking": []}, {"id": 37, "text": " 33", "label": "others", "box": [522, 919, 576, 869], "linking": []}, {"id": 38, "text": "APPROVAL", "label": "others", "box": [1231, 947, 1401, 844], "linking": []}, {"id": 39, "text": " Entry Mode:", "label": "others", "box": [1222, 1043, 1451, 987], "linking": []}, {"id": 40, "text": " Card Number", "label": "others", "box": [1218, 1097, 1438, 1042], "linking": []}, {"id": 41, "text": " Card Expire:", "label": "others", "box": [1218, 1150, 1469, 1096], "linking": []}, {"id": 42, "text": " 1", "label": "e quantity", "box": [106, 1035, 128, 988], "linking": []}, {"id": 43, "text": " 1", "label": "e quantity", "box": [100, 1081, 125, 1039], "linking": []}, {"id": 44, "text": " 1", "label": "others", "box": [97, 1128, 121, 1089], "linking": []}, {"id": 45, "text": " Bhuttey", "label": "0 description beginning", "box": [136, 1035, 277, 983], "linking": []}, {"id": 46, "text": " kadai", "label": "0 description beginning", "box": [132, 1081, 234, 1035], "linking": []}, {"id": 47, "text": " Laccha", "label": "0 description beginning", "box": [128, 1128, 248, 1090], "linking": []}, {"id": 48, "text": " Kebab", "label": "1 description inside", "box": [285, 1029, 389, 978], "linking": []}, {"id": 49, "text": " panir", "label": "1 description inside", "box": [241, 1080, 348, 1032], "linking": []}, {"id": 50, "text": "F.00", "label": "5 total price per item", "box": [785, 1000, 871, 954], "linking": []}, {"id": 51, "text": "18.00", "label": "5 total price per item", "box": [763, 1051, 869, 1009], "linking": []}, {"id": 52, "text": "4.03", "label": "5 total price per item", "box": [777, 1101, 868, 1055], "linking": []}, {"id": 53, "text": " :", "label": "others", "box": [1446, 1097, 1470, 1049], "linking": []}, {"id": 54, "text": "Swiped", "label": "others", "box": [1628, 1043, 1769, 995], "linking": []}, {"id": 55, "text": "XXXXXXXXXXXX", "label": "others", "box": [1628, 1092, 1935, 1047], "linking": []}, {"id": 56, "text": "Xx/XX", "label": "others", "box": [1629, 1149, 1745, 1101], "linking": []}, {"id": 57, "text": "American Express", "label": "others", "box": [1630, 1206, 1986, 1155], "linking": []}, {"id": 58, "text": "M KANNAN", "label": "others", "box": [1632, 1255, 1814, 1207], "linking": []}, {"id": 59, "text": "595174", "label": "others", "box": [1631, 1311, 1769, 1257], "linking": []}, {"id": 60, "text": "7513", "label": "others", "box": [1634, 1367, 1728, 1316], "linking": []}, {"id": 61, "text": " SUB TOTAL:", "label": "others", "box": [79, 1234, 275, 1183], "linking": []}, {"id": 62, "text": " NY State Tax:", "label": "others", "box": [71, 1288, 332, 1236], "linking": []}, {"id": 63, "text": " Tex 2:", "label": "others", "box": [67, 1339, 193, 1288], "linking": []}, {"id": 64, "text": "30.00", "label": "sub total", "box": [757, 1210, 867, 1161], "linking": []}, {"id": 65, "text": "2.65", "label": "2 tax total", "box": [770, 1263, 870, 1217], "linking": []}, {"id": 66, "text": "0.00", "label": "others", "box": [766, 1317, 861, 1270], "linking": []}, {"id": 67, "text": "========", "label": "others", "box": [689, 1369, 851, 1335], "linking": []}, {"id": 68, "text": "$32.66", "label": "total amount", "box": [721, 1478, 857, 1379], "linking": []}, {"id": 69, "text": " Card Type:", "label": "others", "box": [1213, 1202, 1427, 1146], "linking": []}, {"id": 70, "text": " Cardholder Name:", "label": "others", "box": [1215, 1256, 1549, 1201], "linking": []}, {"id": 71, "text": " Approval Code:", "label": "others", "box": [1210, 1310, 1518, 1258], "linking": []}, {"id": 72, "text": " Reference Number:", "label": "others", "box": [1208, 1367, 1579, 1308], "linking": []}, {"id": 73, "text": " TOTAL:", "label": "others", "box": [52, 1486, 171, 1396], "linking": []}, {"id": 74, "text": " PURCHASE:", "label": "others", "box": [1194, 1520, 1408, 1417], "linking": []}, {"id": 75, "text": " Gratuity:", "label": "others", "box": [1194, 1682, 1404, 1575], "linking": []}, {"id": 76, "text": " Total:", "label": "others", "box": [1194, 1831, 1333, 1724], "linking": []}, {"id": 77, "text": "Cardmember acknowledges receipt of", "label": "others", "box": [1252, 1981, 2046, 1887], "linking": []}, {"id": 78, "text": "of the total shown heron and agrees", "label": "others", "box": [1230, 2115, 2049, 2018], "linking": []}, {"id": 79, "text": "by cardmember's agreement with issuer", "label": "others", "box": [1195, 2252, 2073, 2149], "linking": []}, {"id": 80, "text": "$32.66", "label": "sub total", "box": [1952, 1543, 2096, 1439], "linking": []}, {"id": 81, "text": "2. 34", "label": "3 tip", "box": [1981, 1660, 2122, 1568], "linking": []}, {"id": 82, "text": "$35. no", "label": "total amount", "box": [1930, 1843, 2160, 1689], "linking": []}, {"id": 83, "text": " >> Ticket #:", "label": "others", "box": [245, 1626, 486, 1539], "linking": []}, {"id": 84, "text": " 11/11/2019 8:57:40 PM", "label": "others", "box": [207, 1685, 647, 1624], "linking": []}, {"id": 85, "text": " 56 <<", "label": "others", "box": [502, 1625, 636, 1539], "linking": []}, {"id": 86, "text": "THANK YOU!", "label": "others", "box": [318, 1794, 525, 1740], "linking": []}, {"id": 87, "text": "goods and/or services in the amount", "label": "others", "box": [1229, 2045, 2046, 1959], "linking": []}, {"id": 88, "text": "to perform the obligations set forth", "label": "others", "box": [1226, 2183, 2084, 2086], "linking": []}, {"id": 89, "text": "MiWa", "label": "others", "box": [1587, 2446, 1935, 2244], "linking": []}, {"id": 90, "text": " Signature:", "label": "others", "box": [1262, 2426, 1506, 2350], "linking": []}, {"id": 91, "text": "REDMI NOTE 5 PRO", "label": "others", "box": [355, 2778, 859, 2718], "linking": []}, {"id": 92, "text": "MI DUAL CAMERA", "label": "others", "box": [350, 2849, 821, 2791], "linking": []}]