[{"id": 0, "text": "merchant name", "label": "others", "box": [1300, 409, 1705, 331], "linking": []}, {"id": 1, "text": "www.bom ayny.com", "label": "others", "box": [1241, 624, 1754, 576], "linking": []}, {"id": 2, "text": "bombayny@gmail.com", "label": "others", "box": [1265, 668, 1719, 621], "linking": []}, {"id": 3, "text": "merchant address", "label": "others", "box": [1387, 721, 1610, 678], "linking": []}, {"id": 4, "text": "merchant address", "label": "others", "box": [1288, 781, 1710, 732], "linking": []}, {"id": 5, "text": "merchant phone", "label": "others", "box": [1350, 835, 1648, 786], "linking": []}, {"id": 6, "text": "(212) 742-2227 (Fax)", "label": "others", "box": [1297, 892, 1706, 840], "linking": []}, {"id": 7, "text": "DELIVERY", "label": "others", "box": [1382, 992, 1620, 941], "linking": []}, {"id": 8, "text": "ORDER #242", "label": "others", "box": [1368, 1054, 1634, 1005], "linking": []}, {"id": 9, "text": " Name:", "label": "others", "box": [992, 1151, 1126, 1106], "linking": []}, {"id": 10, "text": " Company:", "label": "others", "box": [990, 1214, 1200, 1163], "linking": []}, {"id": 11, "text": "merchant address", "label": "others", "box": [1180, 1271, 1688, 1218], "linking": []}, {"id": 12, "text": "merchant phone", "label": "others", "box": [1139, 1336, 1450, 1280], "linking": []}, {"id": 13, "text": " Cell Phone NM", "label": "others", "box": [1134, 1154, 1466, 1105], "linking": []}, {"id": 14, "text": " 1.30PM", "label": "others", "box": [1207, 1214, 1358, 1163], "linking": []}, {"id": 15, "text": " Address:", "label": "others", "box": [992, 1269, 1172, 1222], "linking": []}, {"id": 16, "text": " Phone:", "label": "others", "box": [985, 1332, 1130, 1277], "linking": []}, {"id": 17, "text": "Invoice #2241", "label": "others", "box": [984, 1422, 1213, 1379], "linking": []}, {"id": 18, "text": "Abhijeet V", "label": "others", "box": [984, 1468, 1168, 1424], "linking": []}, {"id": 19, "text": " Tue, 11/26/2019 2:19 PM", "label": "others", "box": [1618, 1433, 2031, 1385], "linking": []}, {"id": 20, "text": "3 (A) Aloo Tikkiyas", "label": "0 description beginning", "box": [976, 1588, 1469, 1523], "linking": []}, {"id": 21, "text": " (A) Bhel Puri", "label": "0 description beginning", "box": [1032, 1652, 1358, 1593], "linking": []}, {"id": 22, "text": "2 Sweet Cardamom Lassi", "label": "0 description beginning", "box": [974, 1726, 1614, 1660], "linking": []}, {"id": 23, "text": "$17.85", "label": "5 total price per item", "box": [1886, 1595, 2044, 1537], "linking": []}, {"id": 24, "text": "$6.95", "label": "5 total price per item", "box": [1904, 1669, 2047, 1610], "linking": []}, {"id": 25, "text": "$7.90", "label": "5 total price per item", "box": [1911, 1739, 2051, 1685], "linking": []}, {"id": 26, "text": " 1", "label": "e quantity", "box": [971, 1650, 1023, 1594], "linking": []}, {"id": 27, "text": " SUBTOTAL", "label": "others", "box": [1456, 1843, 1695, 1789], "linking": []}, {"id": 28, "text": " TAX", "label": "others", "box": [1613, 1907, 1696, 1857], "linking": []}, {"id": 29, "text": " TOTAL", "label": "others", "box": [1553, 1974, 1697, 1920], "linking": []}, {"id": 30, "text": " CREDIT CARD (AMEX)", "label": "others", "box": [1200, 2048, 1701, 1977], "linking": []}, {"id": 31, "text": " :", "label": "others", "box": [1703, 1843, 1729, 1794], "linking": []}, {"id": 32, "text": " :", "label": "others", "box": [1704, 1908, 1722, 1859], "linking": []}, {"id": 33, "text": " :", "label": "others", "box": [1704, 1975, 1734, 1926], "linking": []}, {"id": 34, "text": " :", "label": "others", "box": [1709, 2049, 1740, 1990], "linking": []}, {"id": 35, "text": "$32.70", "label": "sub total", "box": [1901, 1854, 2053, 1805], "linking": []}, {"id": 36, "text": "$2.90", "label": "2 tax total", "box": [1926, 1921, 2057, 1871], "linking": []}, {"id": 37, "text": "$35.60", "label": "others", "box": [1905, 1989, 2064, 1936], "linking": []}, {"id": 38, "text": "$35.60", "label": "others", "box": [1906, 2056, 2061, 2002], "linking": []}, {"id": 39, "text": "$ 4.90", "label": "3 tip", "box": [1827, 2170, 2093, 2071], "linking": []}, {"id": 40, "text": "15%=$4.91, 18%=$5.89, 20%=$6.54", "label": "others", "box": [1148, 2264, 1895, 2184], "linking": []}, {"id": 41, "text": "Tip Guide", "label": "others", "box": [1394, 2186, 1625, 2116], "linking": []}, {"id": 42, "text": "$ 40 w", "label": "total amount", "box": [1903, 2378, 2135, 2248], "linking": []}, {"id": 43, "text": "Cell Phone NM (505) 567-7917", "label": "others", "box": [1112, 2490, 1917, 2393], "linking": []}, {"id": 44, "text": "REDMI NOTE 5 PRO", "label": "others", "box": [537, 2888, 1032, 2799], "linking": []}, {"id": 45, "text": "MI DUAL CAMERA", "label": "others", "box": [531, 2957, 993, 2872], "linking": []}]