[{"id": 0, "text": "merchant name", "label": "others", "box": [109, 92, 280, 54], "linking": []}, {"id": 1, "text": "merchant name", "label": "others", "box": [180, 124, 229, 103], "linking": []}, {"id": 2, "text": "merchant address", "label": "others", "box": [157, 144, 253, 129], "linking": []}, {"id": 3, "text": "merchant address", "label": "others", "box": [163, 165, 245, 148], "linking": []}, {"id": 4, "text": " DATE/TIME:17/11/19", "label": "others", "box": [95, 190, 213, 170], "linking": []}, {"id": 5, "text": " TID:72564182", "label": "others", "box": [97, 211, 190, 193], "linking": []}, {"id": 6, "text": " : 4311.00.01.2", "label": "others", "box": [134, 231, 237, 210], "linking": []}, {"id": 7, "text": "-5", "label": "others", "box": [322, 102, 335, 91], "linking": []}, {"id": 8, "text": "merchant address", "label": "others", "box": [141, 156, 267, 136], "linking": []}, {"id": 9, "text": " 17:43:45", "label": "others", "box": [255, 177, 306, 163], "linking": []}, {"id": 10, "text": " : 008413", "label": "others", "box": [255, 198, 310, 183], "linking": []}, {"id": 11, "text": " MID:9801088220", "label": "others", "box": [96, 200, 204, 181], "linking": []}, {"id": 12, "text": " 000320", "label": "others", "box": [144, 218, 191, 203], "linking": []}, {"id": 13, "text": " 830188", "label": "others", "box": [176, 237, 224, 223], "linking": []}, {"id": 14, "text": " INV", "label": "others", "box": [232, 200, 253, 187], "linking": []}, {"id": 15, "text": " TRACE", "label": "others", "box": [220, 212, 255, 198], "linking": []}, {"id": 16, "text": " : 014940", "label": "others", "box": [257, 209, 312, 194], "linking": []}, {"id": 17, "text": "2", "label": "others", "box": [343, 205, 355, 190], "linking": []}, {"id": 18, "text": " BATCH:", "label": "others", "box": [96, 221, 142, 207], "linking": []}, {"id": 19, "text": " APPR CODE:", "label": "others", "box": [98, 242, 175, 226], "linking": []}, {"id": 20, "text": "AMEX", "label": "others", "box": [99, 265, 133, 253], "linking": []}, {"id": 21, "text": " : EXPRESS", "label": "others", "box": [120, 281, 173, 270], "linking": []}, {"id": 22, "text": "S/W", "label": "others", "box": [97, 231, 129, 218], "linking": []}, {"id": 23, "text": "CONTACTLESS SALE", "label": "others", "box": [133, 253, 278, 228], "linking": []}, {"id": 24, "text": "** 1002", "label": "others", "box": [170, 269, 215, 258], "linking": []}, {"id": 25, "text": " ENT", "label": "others", "box": [99, 282, 118, 273], "linking": []}, {"id": 26, "text": " REF NUM:926354762526", "label": "others", "box": [98, 291, 232, 273], "linking": []}, {"id": 27, "text": "S$", "label": "others", "box": [190, 305, 211, 292], "linking": []}, {"id": 28, "text": "S$", "label": "others", "box": [190, 329, 210, 312], "linking": []}, {"id": 29, "text": "S$", "label": "others", "box": [195, 359, 215, 341], "linking": []}, {"id": 30, "text": "ACCORDING TO THE CARD ISSUER AGREEMENT.", "label": "others", "box": [115, 393, 319, 359], "linking": []}, {"id": 31, "text": "** CUSTOMER COPY ****", "label": "others", "box": [160, 426, 291, 400], "linking": []}, {"id": 32, "text": "BASE", "label": "others", "box": [98, 310, 138, 294], "linking": []}, {"id": 33, "text": "TIP", "label": "others", "box": [100, 336, 128, 317], "linking": []}, {"id": 34, "text": "TOTAL", "label": "others", "box": [105, 367, 151, 347], "linking": []}, {"id": 35, "text": " I", "label": "others", "box": [116, 380, 125, 368], "linking": []}, {"id": 36, "text": "91.55", "label": "total amount", "box": [271, 300, 314, 284], "linking": []}, {"id": 37, "text": " AGREE TO PAY THE ABOVE TOTAL AMOUNT", "label": "others", "box": [126, 379, 316, 348], "linking": []}, {"id": 38, "text": "THANK YOU HAVE A NICE DAY", "label": "others", "box": [135, 439, 305, 410], "linking": []}, {"id": 39, "text": "CAFE", "label": "others", "box": [194, 474, 237, 462], "linking": []}, {"id": 40, "text": "!*!*!*!*!***** / *****!*!* /*/*/ ***", "label": "others", "box": [100, 486, 330, 474], "linking": []}, {"id": 41, "text": " Purchase Code:", "label": "others", "box": [112, 500, 213, 486], "linking": []}, {"id": 42, "text": "Being a Rock Star has its", "label": "others", "box": [126, 520, 308, 498], "linking": []}, {"id": 43, "text": "Hard Rock Rewards.", "label": "others", "box": [144, 554, 276, 533], "linking": []}, {"id": 44, "text": "It's Free!", "label": "others", "box": [173, 571, 246, 552], "linking": []}, {"id": 45, "text": "hardrockrewards.com", "label": "others", "box": [131, 590, 275, 570], "linking": []}, {"id": 46, "text": " 005682BE8F990E6", "label": "others", "box": [215, 503, 323, 486], "linking": []}, {"id": 47, "text": "Privileges! Sign up now for", "label": "others", "box": [117, 537, 312, 514], "linking": []}, {"id": 48, "text": "Use the above purchase code to", "label": "others", "box": [94, 609, 316, 587], "linking": []}, {"id": 49, "text": "track your visit.", "label": "others", "box": [144, 626, 272, 607], "linking": []}, {"id": 50, "text": "!*!*!*!*!* [ *!*.***!*!*!*!*!*!*!*", "label": "others", "box": [85, 644, 320, 625], "linking": []}, {"id": 51, "text": " +=+=+=+=+=4=+=+:", "label": "others", "box": [83, 660, 196, 646], "linking": []}, {"id": 52, "text": "CAFE", "label": "others", "box": [176, 683, 216, 668], "linking": []}, {"id": 53, "text": "SURVEY AND GET A FREE APPETIZER", "label": "others", "box": [75, 715, 308, 692], "linking": []}, {"id": 54, "text": "JUMBO COMBO AND SLIDERS). USE", "label": "others", "box": [75, 748, 301, 725], "linking": []}, {"id": 55, "text": "WITHIN NEXT 14 DAYS AT", "label": "others", "box": [95, 782, 270, 761], "linking": []}, {"id": 56, "text": "WWW.HARDROCKSURVEY.COM", "label": "others", "box": [93, 800, 271, 780], "linking": []}, {"id": 57, "text": "+=+=+=+=+=+=+=+=+=+=+=+=+=+=+=+=", "label": "others", "box": [57, 818, 316, 800], "linking": []}, {"id": 58, "text": "+=+=+ == +=+=+=+=", "label": "others", "box": [203, 663, 319, 646], "linking": []}, {"id": 59, "text": "COMPLETE OUR GUEST SATISFACTION", "label": "others", "box": [77, 698, 309, 677], "linking": []}, {"id": 60, "text": "ON NEXT PURCHASE (EXCLUDING", "label": "others", "box": [86, 731, 294, 708], "linking": []}, {"id": 61, "text": "PURCHASE CODE ABOVE FOR SURVEY", "label": "others", "box": [66, 765, 301, 742], "linking": []}, {"id": 62, "text": "Hard Rock", "label": "others", "box": [94, 887, 265, 841], "linking": []}, {"id": 63, "text": "CAFE", "label": "others", "box": [160, 895, 208, 881], "linking": []}]