[{"id": 0, "text": "Boots", "label": "others", "box": [226, 68, 359, 8], "linking": []}, {"id": 1, "text": "merchant name", "label": "others", "box": [187, 101, 424, 74], "linking": []}, {"id": 2, "text": "merchant phone", "label": "others", "box": [184, 143, 255, 119], "linking": []}, {"id": 3, "text": "www", "label": "others", "box": [391, 16, 421, 2], "linking": []}, {"id": 4, "text": "merchant address", "label": "others", "box": [38, 125, 459, 96], "linking": []}, {"id": 5, "text": "9/11/2019", "label": "others", "box": [36, 164, 172, 140], "linking": []}, {"id": 6, "text": " Served by:", "label": "others", "box": [22, 188, 177, 165], "linking": []}, {"id": 7, "text": "mTo.", "label": "others", "box": [463, 113, 502, 96], "linking": []}, {"id": 8, "text": "merchant address", "label": "others", "box": [494, 125, 555, 103], "linking": []}, {"id": 9, "text": "merchant phone", "label": "others", "box": [259, 146, 426, 120], "linking": []}, {"id": 10, "text": " AAT 08011 merlonidio)1,008a xo 9", "label": "others", "box": [281, 170, 538, 149], "linking": []}, {"id": 11, "text": " : 36", "label": "others", "box": [541, 169, 583, 147], "linking": []}, {"id": 12, "text": "-42", "label": "others", "box": [540, 189, 552, 162], "linking": []}, {"id": 13, "text": "Bts Appl Cntlp Bry00", "label": "0 description beginning", "box": [20, 235, 558, 206], "linking": []}, {"id": 14, "text": " 20", "label": "5 total price per item", "box": [529, 256, 557, 236], "linking": []}, {"id": 15, "text": " Sharan", "label": "others", "box": [184, 190, 274, 166], "linking": []}, {"id": 16, "text": " Glc Smrt Wtr 850", "label": "0 description beginning", "box": [20, 254, 220, 230], "linking": []}, {"id": 17, "text": "Glc Smrt Wtr 8500", "label": "0 description beginning", "box": [19, 278, 556, 253], "linking": []}, {"id": 18, "text": " Glc Smrt Wtr 850", "label": "0 description beginning", "box": [20, 300, 220, 277], "linking": []}, {"id": 19, "text": " 0", "label": "5 total price per item", "box": [539, 301, 555, 280], "linking": []}, {"id": 20, "text": " TOTAL TO PAY", "label": "others", "box": [50, 347, 236, 323], "linking": []}, {"id": 21, "text": "CARD SALES", "label": "others", "box": [48, 367, 243, 345], "linking": []}, {"id": 22, "text": " 5.60", "label": "total amount", "box": [489, 346, 550, 324], "linking": []}, {"id": 23, "text": " 60", "label": "others", "box": [519, 370, 550, 348], "linking": []}, {"id": 24, "text": "stibbe baietalpeAl", "label": "others", "box": [417, 389, 553, 372], "linking": []}, {"id": 25, "text": "ADVANTAGE CARD STATEMENT", "label": "others", "box": [128, 410, 458, 387], "linking": []}, {"id": 26, "text": "PICK UP YOUR INSTANT ADVANTAGE CARD", "label": "others", "box": [42, 432, 521, 409], "linking": []}, {"id": 27, "text": "YOU COULD HAVE EARNED 20p IN POINTS", "label": "others", "box": [44, 453, 519, 431], "linking": []}, {"id": 28, "text": " io noltermothi", "label": "others", "box": [343, 368, 445, 350], "linking": []}, {"id": 29, "text": " bnc\u00a3", "label": "others", "box": [448, 369, 487, 349], "linking": []}, {"id": 30, "text": " 5", "label": "others", "box": [490, 369, 504, 349], "linking": []}, {"id": 31, "text": " .", "label": "others", "box": [507, 369, 516, 349], "linking": []}, {"id": 32, "text": "******* FLIGHT NUMBER BA 0285 ********", "label": "others", "box": [16, 511, 567, 487], "linking": []}, {"id": 33, "text": " AUTH", "label": "others", "box": [354, 556, 407, 528], "linking": []}, {"id": 34, "text": " REF:", "label": "others", "box": [353, 601, 423, 573], "linking": []}, {"id": 35, "text": "AMERICAN EXPRESS", "label": "others", "box": [16, 558, 253, 533], "linking": []}, {"id": 36, "text": " : 75", "label": "others", "box": [412, 555, 454, 528], "linking": []}, {"id": 37, "text": " 1 /00", "label": "others", "box": [427, 601, 505, 571], "linking": []}, {"id": 38, "text": "*********** 1000 ICC", "label": "others", "box": [16, 580, 295, 555], "linking": []}, {"id": 39, "text": " : ***** 01893", "label": "others", "box": [60, 603, 225, 579], "linking": []}, {"id": 40, "text": " MID", "label": "others", "box": [16, 604, 56, 583], "linking": []}, {"id": 41, "text": " AID", "label": "others", "box": [15, 627, 56, 605], "linking": []}, {"id": 42, "text": " : A000000025010801", "label": "others", "box": [59, 626, 309, 600], "linking": []}, {"id": 43, "text": "PIN WAS SUCCESSFULLY VERIFIED.", "label": "others", "box": [15, 671, 455, 645], "linking": []}, {"id": 44, "text": " YOU WILL BE DEBITED BY:", "label": "others", "box": [16, 694, 362, 669], "linking": []}, {"id": 45, "text": "\u00a35.60", "label": "others", "box": [472, 687, 547, 665], "linking": []}, {"id": 46, "text": "PLEASE RETAIN THIS FOR YOUR RECORDS", "label": "others", "box": [17, 716, 532, 689], "linking": []}, {"id": 47, "text": "Jmiog", "label": "others", "box": [395, 757, 524, 726], "linking": []}, {"id": 48, "text": "2 2167 1145 133", "label": "others", "box": [47, 760, 344, 733], "linking": []}]