[{"id": 0, "text": "merchant name", "label": "others", "box": [900, 335, 1214, 301], "linking": []}, {"id": 1, "text": "merchant address", "label": "others", "box": [922, 369, 1171, 335], "linking": []}, {"id": 2, "text": "merchant address", "label": "others", "box": [1018, 413, 1239, 368], "linking": []}, {"id": 3, "text": "CHK 734905", "label": "others", "box": [943, 466, 1139, 431], "linking": []}, {"id": 4, "text": " 11/18/2019 10:00 AM", "label": "others", "box": [932, 504, 1198, 468], "linking": []}, {"id": 5, "text": "merchant address", "label": "others", "box": [890, 407, 1014, 369], "linking": []}, {"id": 6, "text": "2168599", "label": "others", "box": [880, 533, 974, 501], "linking": []}, {"id": 7, "text": " Drawer:", "label": "others", "box": [1010, 533, 1113, 501], "linking": []}, {"id": 8, "text": " 1 Reg:", "label": "others", "box": [1118, 533, 1216, 500], "linking": []}, {"id": 9, "text": " 2", "label": "others", "box": [1221, 533, 1251, 499], "linking": []}, {"id": 10, "text": "Gr Blonde Roast", "label": "0 description beginning", "box": [839, 599, 1043, 569], "linking": []}, {"id": 11, "text": "Ham&Cheese Croisnt", "label": "0 description beginning", "box": [835, 633, 1087, 600], "linking": []}, {"id": 12, "text": "Vt Wht Mocha", "label": "0 description beginning", "box": [842, 666, 1010, 634], "linking": []}, {"id": 13, "text": "Coconut Milk", "label": "1 description inside", "box": [864, 699, 1031, 667], "linking": []}, {"id": 14, "text": "No Whip", "label": "1 description inside", "box": [867, 731, 965, 700], "linking": []}, {"id": 15, "text": "2.75", "label": "5 total price per item", "box": [1210, 599, 1270, 567], "linking": []}, {"id": 16, "text": "3.75", "label": "5 total price per item", "box": [1210, 629, 1271, 598], "linking": []}, {"id": 17, "text": "5.75", "label": "5 total price per item", "box": [1208, 662, 1270, 633], "linking": []}, {"id": 18, "text": "0.80", "label": "5 total price per item", "box": [1213, 693, 1271, 666], "linking": []}, {"id": 19, "text": "Amex", "label": "others", "box": [843, 794, 896, 769], "linking": []}, {"id": 20, "text": "XXXXXXXXXXXX3007", "label": "others", "box": [840, 827, 1058, 797], "linking": []}, {"id": 21, "text": " QUICK CHIP", "label": "others", "box": [997, 862, 1136, 829], "linking": []}, {"id": 22, "text": " PURCHASE", "label": "others", "box": [999, 895, 1112, 863], "linking": []}, {"id": 23, "text": " 00000109", "label": "others", "box": [1015, 927, 1126, 895], "linking": []}, {"id": 24, "text": " AMERICAN EXPRESS", "label": "others", "box": [988, 960, 1209, 927], "linking": []}, {"id": 25, "text": " 871736", "label": "others", "box": [948, 993, 1037, 963], "linking": []}, {"id": 26, "text": " A000000025010801", "label": "others", "box": [908, 1025, 1129, 994], "linking": []}, {"id": 27, "text": " 0000008000", "label": "others", "box": [906, 1059, 1047, 1027], "linking": []}, {"id": 28, "text": " E800", "label": "others", "box": [908, 1092, 972, 1062], "linking": []}, {"id": 29, "text": "14.2", "label": "others", "box": [1204, 792, 1260, 764], "linking": []}, {"id": 30, "text": " Card Entry:", "label": "others", "box": [844, 863, 991, 830], "linking": []}, {"id": 31, "text": " Trans Type:", "label": "others", "box": [844, 896, 994, 865], "linking": []}, {"id": 32, "text": " Reference #:", "label": "others", "box": [838, 928, 1009, 897], "linking": []}, {"id": 33, "text": " App Label:", "label": "others", "box": [841, 960, 984, 929], "linking": []}, {"id": 34, "text": " Auth #:", "label": "others", "box": [843, 995, 942, 964], "linking": []}, {"id": 35, "text": " AID:", "label": "others", "box": [845, 1026, 904, 997], "linking": []}, {"id": 36, "text": " TVR:", "label": "others", "box": [844, 1060, 901, 1027], "linking": []}, {"id": 37, "text": " TSI:", "label": "others", "box": [846, 1092, 904, 1063], "linking": []}, {"id": 38, "text": "Subtotal", "label": "others", "box": [846, 1157, 954, 1127], "linking": []}, {"id": 39, "text": "Tax 8.875%", "label": "others", "box": [846, 1193, 984, 1157], "linking": []}, {"id": 40, "text": "Total", "label": "others", "box": [848, 1223, 919, 1193], "linking": []}, {"id": 41, "text": "Change Due", "label": "others", "box": [804, 1259, 1070, 1226], "linking": []}, {"id": 42, "text": "$13.05", "label": "sub total", "box": [1179, 1157, 1258, 1125], "linking": []}, {"id": 43, "text": "$1.16", "label": "2 tax total", "box": [1190, 1188, 1262, 1161], "linking": []}, {"id": 44, "text": "$14.21", "label": "total amount", "box": [1177, 1219, 1255, 1192], "linking": []}, {"id": 45, "text": "$0.00", "label": "others", "box": [1204, 1255, 1337, 1223], "linking": []}, {"id": 46, "text": " Check Closed", "label": "others", "box": [963, 1322, 1131, 1289], "linking": []}, {"id": 47, "text": " 11/18/2019 10:00 AM", "label": "others", "box": [942, 1356, 1201, 1322], "linking": []}, {"id": 48, "text": " -", "label": "others", "box": [1136, 1320, 1152, 1288], "linking": []}, {"id": 49, "text": "Join our loyalty program", "label": "others", "box": [911, 1523, 1235, 1490], "linking": []}, {"id": 50, "text": "Starbucks Rewards\u00ae", "label": "others", "box": [953, 1554, 1200, 1521], "linking": []}, {"id": 51, "text": "Sign up for promotional emails", "label": "others", "box": [876, 1591, 1275, 1552], "linking": []}, {"id": 52, "text": "Visit Starbucks.com/rewards", "label": "others", "box": [884, 1621, 1249, 1587], "linking": []}, {"id": 53, "text": "Or download our app", "label": "others", "box": [943, 1654, 1197, 1623], "linking": []}, {"id": 54, "text": "At participating stores", "label": "others", "box": [918, 1689, 1226, 1657], "linking": []}, {"id": 55, "text": "Some restrictions apply", "label": "others", "box": [915, 1723, 1227, 1688], "linking": []}]