[{"id": 0, "text": "merchant name", "label": "others", "box": [498, 122, 938, 67], "linking": []}, {"id": 1, "text": "merchant phone", "label": "others", "box": [657, 196, 958, 146], "linking": []}, {"id": 2, "text": "CHK 722553", "label": "others", "box": [616, 275, 818, 233], "linking": []}, {"id": 3, "text": " 11/13/2019 07:34 AM", "label": "others", "box": [525, 321, 899, 275], "linking": []}, {"id": 4, "text": "2474115", "label": "others", "box": [438, 366, 580, 320], "linking": []}, {"id": 5, "text": "merchant address", "label": "others", "box": [616, 155, 818, 114], "linking": []}, {"id": 6, "text": "merchant address", "label": "others", "box": [471, 206, 650, 158], "linking": []}, {"id": 7, "text": " Drawer:", "label": "others", "box": [630, 359, 787, 318], "linking": []}, {"id": 8, "text": " 1 Reg:", "label": "others", "box": [793, 357, 945, 313], "linking": []}, {"id": 9, "text": " 1", "label": "others", "box": [951, 355, 972, 312], "linking": []}, {"id": 10, "text": "Banana Nut Bread", "label": "0 description beginning", "box": [370, 452, 690, 403], "linking": []}, {"id": 11, "text": "Warmed", "label": "1 description inside", "box": [403, 493, 532, 454], "linking": []}, {"id": 12, "text": "3.45", "label": "5 total price per item", "box": [929, 435, 1012, 397], "linking": []}, {"id": 13, "text": "Pumpkin Loaf Cake", "label": "0 description beginning", "box": [363, 538, 707, 488], "linking": []}, {"id": 14, "text": "3.45", "label": "5 total price per item", "box": [924, 525, 1010, 482], "linking": []}, {"id": 15, "text": "Warmed", "label": "1 description inside", "box": [394, 580, 531, 535], "linking": []}, {"id": 16, "text": "Tl Cappuccino", "label": "0 description beginning", "box": [355, 627, 627, 581], "linking": []}, {"id": 17, "text": "3.95", "label": "5 total price per item", "box": [922, 610, 1008, 572], "linking": []}, {"id": 18, "text": "1.75", "label": "5 total price per item", "box": [926, 659, 1009, 617], "linking": []}, {"id": 19, "text": "Shortbread Cookies", "label": "0 description beginning", "box": [354, 672, 723, 621], "linking": []}, {"id": 20, "text": "Amex", "label": "others", "box": [348, 761, 432, 723], "linking": []}, {"id": 21, "text": "12.95", "label": "others", "box": [903, 751, 1009, 709], "linking": []}, {"id": 22, "text": "XXXXXXXXXXXX1006", "label": "others", "box": [340, 805, 672, 756], "linking": []}, {"id": 23, "text": " Card Entry:", "label": "others", "box": [335, 855, 569, 804], "linking": []}, {"id": 24, "text": " QUICK CHIP", "label": "others", "box": [577, 849, 797, 800], "linking": []}, {"id": 25, "text": " PURCHASE", "label": "others", "box": [576, 896, 752, 849], "linking": []}, {"id": 26, "text": " 00000014", "label": "others", "box": [597, 944, 777, 897], "linking": []}, {"id": 27, "text": " AMERICAN EXPRESS", "label": "others", "box": [552, 994, 900, 947], "linking": []}, {"id": 28, "text": " 815785", "label": "others", "box": [486, 1042, 626, 996], "linking": []}, {"id": 29, "text": " A000000025010801", "label": "others", "box": [419, 1091, 763, 1044], "linking": []}, {"id": 30, "text": " 0000008000", "label": "others", "box": [416, 1143, 639, 1098], "linking": []}, {"id": 31, "text": " E800", "label": "others", "box": [412, 1191, 508, 1147], "linking": []}, {"id": 32, "text": " Trans Type:", "label": "others", "box": [336, 905, 567, 851], "linking": []}, {"id": 33, "text": " Reference #:", "label": "others", "box": [326, 952, 588, 899], "linking": []}, {"id": 34, "text": " App Label:", "label": "others", "box": [323, 998, 544, 949], "linking": []}, {"id": 35, "text": " Auth #:", "label": "others", "box": [321, 1044, 478, 999], "linking": []}, {"id": 36, "text": " AID:", "label": "others", "box": [319, 1093, 411, 1049], "linking": []}, {"id": 37, "text": " TVR:", "label": "others", "box": [320, 1143, 408, 1100], "linking": []}, {"id": 38, "text": " TSI:", "label": "others", "box": [314, 1192, 406, 1147], "linking": []}, {"id": 39, "text": "Subtotal", "label": "others", "box": [301, 1293, 481, 1247], "linking": []}, {"id": 40, "text": "Tax 8.875%", "label": "others", "box": [297, 1346, 520, 1297], "linking": []}, {"id": 41, "text": "Total", "label": "others", "box": [295, 1395, 416, 1351], "linking": []}, {"id": 42, "text": "Change Due", "label": "others", "box": [217, 1453, 660, 1401], "linking": []}, {"id": 43, "text": "$12.60", "label": "sub total", "box": [842, 1292, 975, 1246], "linking": []}, {"id": 44, "text": "$0.35", "label": "2 tax total", "box": [863, 1340, 976, 1296], "linking": []}, {"id": 45, "text": "$12.95", "label": "total amount", "box": [838, 1394, 980, 1348], "linking": []}, {"id": 46, "text": "$0.00", "label": "others", "box": [884, 1449, 1107, 1397], "linking": []}, {"id": 47, "text": "Check Closed", "label": "others", "box": [480, 1558, 756, 1507], "linking": []}, {"id": 48, "text": " 11/13/2019 07:34 AM", "label": "others", "box": [435, 1617, 861, 1559], "linking": []}, {"id": 49, "text": "----", "label": "others", "box": [1060, 1543, 1112, 1520], "linking": []}, {"id": 50, "text": "Merchandise, Packaged Coffee and", "label": "others", "box": [252, 1839, 997, 1784], "linking": []}, {"id": 51, "text": "Packaged Tea on this receipt may be", "label": "others", "box": [223, 1897, 1038, 1844], "linking": []}, {"id": 52, "text": "returned or exchanged within 60 days", "label": "others", "box": [218, 1959, 1060, 1902], "linking": []}, {"id": 53, "text": "of the transaction date printed", "label": "others", "box": [266, 2018, 992, 1961], "linking": []}, {"id": 54, "text": "above. All returns or exchanges must", "label": "others", "box": [183, 2078, 1035, 2022], "linking": []}, {"id": 55, "text": "be accompanied with this original", "label": "others", "box": [231, 2139, 1009, 2082], "linking": []}, {"id": 56, "text": "receipt. Refund method depends on", "label": "others", "box": [227, 2202, 1015, 2143], "linking": []}, {"id": 57, "text": "form of payment. For questions call", "label": "others", "box": [200, 2262, 1030, 2201], "linking": []}, {"id": 58, "text": "1-800-STARBUC-800-782-7282)", "label": "others", "box": [262, 2328, 974, 2264], "linking": []}, {"id": 59, "text": "Join our loyalty program", "label": "others", "box": [313, 2525, 907, 2458], "linking": []}, {"id": 60, "text": "Starbucks Rewards\u00ae", "label": "others", "box": [388, 2585, 826, 2521], "linking": []}, {"id": 61, "text": "Sign up for promotional emails", "label": "others", "box": [237, 2657, 980, 2587], "linking": []}, {"id": 62, "text": "Visit Starbucks.com/rewards", "label": "others", "box": [258, 2724, 925, 2650], "linking": []}, {"id": 63, "text": "C", "label": "others", "box": [205, 2827, 267, 2743], "linking": []}, {"id": 64, "text": "REDMI NOTE 5 PRO", "label": "others", "box": [338, 2778, 853, 2718], "linking": []}, {"id": 65, "text": "AtMA DUAL CAMERA es", "label": "others", "box": [292, 2857, 875, 2785], "linking": []}, {"id": 66, "text": "Some restrictions apply", "label": "others", "box": [294, 2928, 871, 2856], "linking": []}]