[{"id": 0, "text": "11/13/2019", "label": "others", "box": [37, 110, 122, 89], "linking": []}, {"id": 1, "text": " 8:34", "label": "others", "box": [275, 109, 312, 89], "linking": []}, {"id": 2, "text": " Salt", "label": "others", "box": [83, 155, 119, 134], "linking": []}, {"id": 3, "text": " Check:", "label": "others", "box": [35, 178, 88, 157], "linking": []}, {"id": 4, "text": " Server:", "label": "others", "box": [35, 201, 94, 180], "linking": []}, {"id": 5, "text": " Terminal:", "label": "others", "box": [38, 223, 115, 202], "linking": []}, {"id": 6, "text": " Lake", "label": "others", "box": [123, 155, 161, 134], "linking": []}, {"id": 7, "text": " 3759053", "label": "others", "box": [92, 178, 155, 157], "linking": []}, {"id": 8, "text": " City", "label": "others", "box": [164, 155, 203, 134], "linking": []}, {"id": 9, "text": " AMEX", "label": "others", "box": [206, 155, 246, 134], "linking": []}, {"id": 10, "text": " Flora", "label": "others", "box": [98, 200, 145, 180], "linking": []}, {"id": 11, "text": " 375", "label": "others", "box": [118, 223, 147, 202], "linking": []}, {"id": 12, "text": "SLC Amex", "label": "others", "box": [134, 266, 204, 246], "linking": []}, {"id": 13, "text": " Nature", "label": "0 description beginning", "box": [100, 290, 154, 269], "linking": []}, {"id": 14, "text": "016000264694", "label": "others", "box": [102, 310, 203, 291], "linking": []}, {"id": 15, "text": "1 Yogurt", "label": "0 description beginning", "box": [85, 332, 154, 313], "linking": []}, {"id": 16, "text": "070470006550", "label": "others", "box": [101, 352, 202, 334], "linking": []}, {"id": 17, "text": " 1 20oz", "label": "e quantity", "box": [89, 376, 137, 356], "linking": []}, {"id": 18, "text": " 1", "label": "e quantity", "box": [86, 290, 97, 270], "linking": []}, {"id": 19, "text": " Valley", "label": "0 description beginning", "box": [158, 291, 210, 269], "linking": []}, {"id": 20, "text": "1.35", "label": "5 total price per item", "box": [275, 288, 310, 268], "linking": []}, {"id": 21, "text": "1.00", "label": "5 total price per item", "box": [275, 332, 309, 312], "linking": []}, {"id": 22, "text": " Seattle", "label": "0 description beginning", "box": [141, 376, 203, 356], "linking": []}, {"id": 23, "text": "1.45", "label": "5 total price per item", "box": [273, 375, 308, 355], "linking": []}, {"id": 24, "text": "Subtotal", "label": "others", "box": [119, 417, 184, 399], "linking": []}, {"id": 25, "text": "Tax", "label": "others", "box": [158, 439, 185, 421], "linking": []}, {"id": 26, "text": "Total", "label": "others", "box": [142, 459, 184, 441], "linking": []}, {"id": 27, "text": "3.80", "label": "sub total", "box": [255, 418, 292, 399], "linking": []}, {"id": 28, "text": "0.30", "label": "2 tax total", "box": [253, 438, 290, 420], "linking": []}, {"id": 29, "text": "4.10", "label": "total amount", "box": [255, 459, 290, 442], "linking": []}, {"id": 30, "text": "AMEX EMV", "label": "others", "box": [37, 520, 105, 502], "linking": []}, {"id": 31, "text": "XXXXXXXXXXX3003", "label": "others", "box": [52, 543, 177, 523], "linking": []}, {"id": 32, "text": "AMERICAN EXPRESS", "label": "others", "box": [103, 584, 234, 566], "linking": []}, {"id": 33, "text": " Signature", "label": "others", "box": [91, 606, 169, 587], "linking": []}, {"id": 34, "text": " Entry Mode:", "label": "others", "box": [52, 627, 144, 608], "linking": []}, {"id": 35, "text": " Auth Mode:", "label": "others", "box": [51, 648, 137, 629], "linking": []}, {"id": 36, "text": " A000000025010801", "label": "others", "box": [91, 669, 224, 649], "linking": []}, {"id": 37, "text": " 0800008000", "label": "others", "box": [92, 689, 175, 671], "linking": []}, {"id": 38, "text": " 06590103602000", "label": "others", "box": [92, 710, 208, 692], "linking": []}, {"id": 39, "text": " F800", "label": "others", "box": [92, 731, 128, 713], "linking": []}, {"id": 40, "text": " 00", "label": "others", "box": [92, 752, 112, 734], "linking": []}, {"id": 41, "text": "4.10", "label": "others", "box": [272, 523, 306, 505], "linking": []}, {"id": 42, "text": " CVM:", "label": "others", "box": [52, 606, 87, 586], "linking": []}, {"id": 43, "text": " Chip", "label": "others", "box": [148, 627, 185, 608], "linking": []}, {"id": 44, "text": " Issuer", "label": "others", "box": [141, 648, 194, 629], "linking": []}, {"id": 45, "text": " AID:", "label": "others", "box": [53, 669, 88, 651], "linking": []}, {"id": 46, "text": " TVR:", "label": "others", "box": [54, 689, 89, 671], "linking": []}, {"id": 47, "text": " IAD:", "label": "others", "box": [54, 710, 89, 692], "linking": []}, {"id": 48, "text": " TSI:", "label": "others", "box": [56, 731, 89, 713], "linking": []}, {"id": 49, "text": " ARC:", "label": "others", "box": [54, 752, 89, 734], "linking": []}, {"id": 50, "text": "GRAND TOTAL", "label": "others", "box": [94, 795, 184, 776], "linking": []}, {"id": 51, "text": "4.10", "label": "total amount", "box": [265, 797, 300, 779], "linking": []}, {"id": 52, "text": "-----", "label": "others", "box": [41, 828, 79, 822], "linking": []}, {"id": 53, "text": "---------", "label": "others", "box": [39, 834, 108, 826], "linking": []}, {"id": 54, "text": " T375 C1962 11/13/2019 08:35", "label": "others", "box": [39, 862, 257, 839], "linking": []}, {"id": 55, "text": "=======", "label": "others", "box": [38, 874, 90, 865], "linking": []}, {"id": 56, "text": "===", "label": "others", "box": [100, 877, 129, 867], "linking": []}, {"id": 57, "text": "======", "label": "others", "box": [261, 881, 308, 871], "linking": []}, {"id": 58, "text": "===", "label": "others", "box": [282, 903, 308, 893], "linking": []}, {"id": 59, "text": "DUPLICATE RECEIPT", "label": "others", "box": [100, 927, 241, 904], "linking": []}, {"id": 60, "text": "------------", "label": "others", "box": [168, 944, 254, 937], "linking": []}, {"id": 61, "text": "=====", "label": "others", "box": [263, 947, 308, 937], "linking": []}]