[{"id": 0, "text": " .. Il Airtel", "label": "others", "box": [11, 35, 125, 7], "linking": []}, {"id": 1, "text": " 4G", "label": "others", "box": [129, 34, 167, 6], "linking": []}, {"id": 2, "text": " 4:40 PM", "label": "others", "box": [328, 32, 425, 10], "linking": []}, {"id": 3, "text": "1 0 71%", "label": "others", "box": [569, 33, 684, 6], "linking": []}, {"id": 4, "text": "V", "label": "others", "box": [38, 94, 69, 68], "linking": []}, {"id": 5, "text": "Your Orders", "label": "others", "box": [281, 97, 470, 67], "linking": []}, {"id": 6, "text": "merchant name", "label": "others", "box": [137, 213, 428, 182], "linking": []}, {"id": 7, "text": "merchant address", "label": "others", "box": [136, 247, 402, 219], "linking": []}, {"id": 8, "text": "ITEMS", "label": "others", "box": [31, 318, 98, 299], "linking": []}, {"id": 9, "text": "1 x Paneer Takkatak, 2 x Cheese Chilli Naan, 1 x Chur", "label": "0 description beginning", "box": [31, 355, 686, 330], "linking": []}, {"id": 10, "text": "Chur Naan", "label": "1 description inside", "box": [30, 391, 163, 363], "linking": []}, {"id": 11, "text": "ORDERED ON", "label": "others", "box": [32, 434, 180, 413], "linking": []}, {"id": 12, "text": " November 15, 2019 at 10:24 PM", "label": "others", "box": [31, 469, 421, 445], "linking": []}, {"id": 13, "text": "TOTAL", "label": "others", "box": [32, 515, 105, 494], "linking": []}, {"id": 14, "text": "\u20b9718", "label": "total amount", "box": [33, 550, 88, 523], "linking": []}]