[{"id": 0, "text": "18", "label": "others", "box": [304, 64, 317, 47], "linking": []}, {"id": 1, "text": "FREE WHOPPER'?", "label": "others", "box": [304, 160, 321, 69], "linking": []}, {"id": 2, "text": "E JUAN ME OVER", "label": "others", "box": [309, 292, 323, 208], "linking": []}, {"id": 3, "text": "FREE WHOPPER'!", "label": "others", "box": [312, 420, 322, 330], "linking": []}, {"id": 4, "text": "TURN ME OVER", "label": "others", "box": [310, 563, 322, 459], "linking": []}, {"id": 5, "text": "FREE WHOPPER'!", "label": "others", "box": [308, 690, 326, 600], "linking": []}, {"id": 6, "text": "E OVER", "label": "others", "box": [316, 785, 328, 747], "linking": []}, {"id": 7, "text": "OPERATED BY", "label": "others", "box": [111, 107, 224, 80], "linking": []}, {"id": 8, "text": "merchant name", "label": "others", "box": [102, 148, 214, 113], "linking": []}, {"id": 9, "text": "merchant name", "label": "others", "box": [84, 200, 242, 170], "linking": []}, {"id": 10, "text": "merchant name", "label": "others", "box": [106, 162, 206, 143], "linking": []}, {"id": 11, "text": "merchant address", "label": "others", "box": [36, 214, 227, 191], "linking": []}, {"id": 12, "text": "423309 Taiyana", "label": "others", "box": [9, 247, 143, 227], "linking": []}, {"id": 13, "text": "merchant address", "label": "others", "box": [230, 219, 282, 196], "linking": []}, {"id": 14, "text": "CHK 9595", "label": "others", "box": [11, 285, 86, 266], "linking": []}, {"id": 15, "text": " DEC01'19 7:27PM", "label": "others", "box": [87, 303, 245, 281], "linking": []}, {"id": 16, "text": "GST", "label": "others", "box": [272, 287, 305, 272], "linking": []}, {"id": 17, "text": "TO GO", "label": "others", "box": [57, 337, 105, 320], "linking": []}, {"id": 18, "text": " 1", "label": "e quantity", "box": [33, 378, 46, 361], "linking": []}, {"id": 19, "text": " GRN TEA LATTE", "label": "0 description beginning", "box": [48, 377, 179, 356], "linking": []}, {"id": 20, "text": "Matcha Green Tea Latte", "label": "1 description inside", "box": [50, 397, 264, 376], "linking": []}, {"id": 21, "text": " AMERICANO", "label": "0 description beginning", "box": [48, 430, 134, 412], "linking": []}, {"id": 22, "text": " G", "label": "0 description beginning", "box": [193, 375, 207, 357], "linking": []}, {"id": 23, "text": "4.65", "label": "5 total price per item", "box": [252, 380, 291, 362], "linking": []}, {"id": 24, "text": " SUB NF", "label": "1 description inside", "box": [69, 411, 128, 394], "linking": []}, {"id": 25, "text": " MILK", "label": "1 description inside", "box": [133, 411, 176, 394], "linking": []}, {"id": 26, "text": " 1", "label": "e quantity", "box": [32, 430, 45, 414], "linking": []}, {"id": 27, "text": "3.75", "label": "5 total price per item", "box": [251, 435, 292, 416], "linking": []}, {"id": 28, "text": "SUBTOTAL", "label": "others", "box": [48, 467, 125, 449], "linking": []}, {"id": 29, "text": "TAX", "label": "others", "box": [48, 484, 78, 469], "linking": []}, {"id": 30, "text": "AMOUNT PAID", "label": "others", "box": [48, 504, 155, 487], "linking": []}, {"id": 31, "text": "AT890312 XXX1006", "label": "others", "box": [50, 524, 205, 507], "linking": []}, {"id": 32, "text": "AMEX CC", "label": "others", "box": [47, 542, 116, 525], "linking": []}, {"id": 33, "text": " -- 423309 Closed DEC01 07:27PM --", "label": "others", "box": [18, 562, 311, 544], "linking": []}, {"id": 34, "text": "8.40", "label": "sub total", "box": [251, 471, 292, 454], "linking": []}, {"id": 35, "text": "0.56", "label": "2 tax total", "box": [252, 488, 293, 472], "linking": []}, {"id": 36, "text": "8.96", "label": "total amount", "box": [213, 508, 287, 491], "linking": []}, {"id": 37, "text": "8.96", "label": "others", "box": [251, 545, 291, 529], "linking": []}, {"id": 38, "text": "WE WANT TO HEAR YOUR FEEDBACK!", "label": "others", "box": [28, 600, 308, 580], "linking": []}, {"id": 39, "text": " PLEASE CONTACT", "label": "others", "box": [28, 618, 161, 598], "linking": []}, {"id": 40, "text": "OR CUSTOMERSERVICE@HMSHOST.COM", "label": "others", "box": [25, 638, 311, 616], "linking": []}, {"id": 41, "text": "merchant phone", "label": "others", "box": [166, 618, 300, 601], "linking": []}, {"id": 42, "text": "TO SHARE YOUR EXPERIENCE.", "label": "others", "box": [43, 657, 280, 635], "linking": []}, {"id": 43, "text": " STOREID:", "label": "others", "box": [80, 695, 161, 676], "linking": []}, {"id": 44, "text": " 4NJSTA39", "label": "others", "box": [164, 695, 246, 678], "linking": []}]