[{"id": 0, "text": "merchant name", "label": "others", "box": [74, 275, 288, 250], "linking": []}, {"id": 1, "text": " 15/10/2019 11:07", "label": "others", "box": [238, 293, 356, 276], "linking": []}, {"id": 2, "text": "316144", "label": "others", "box": [302, 309, 355, 295], "linking": []}, {"id": 3, "text": "Price", "label": "others", "box": [315, 328, 354, 315], "linking": []}, {"id": 4, "text": "3 50", "label": "5 total price per item", "box": [322, 346, 352, 332], "linking": []}, {"id": 5, "text": "4.50", "label": "5 total price per item", "box": [323, 366, 354, 351], "linking": []}, {"id": 6, "text": "$ 8.00", "label": "total amount", "box": [295, 391, 352, 372], "linking": []}, {"id": 7, "text": "60", "label": "others", "box": [15, 289, 30, 277], "linking": []}, {"id": 8, "text": " #", "label": "others", "box": [15, 327, 27, 314], "linking": []}, {"id": 9, "text": "1", "label": "e quantity", "box": [15, 344, 27, 332], "linking": []}, {"id": 10, "text": " 1", "label": "e quantity", "box": [17, 365, 31, 351], "linking": []}, {"id": 11, "text": "Total", "label": "others", "box": [15, 388, 60, 371], "linking": []}, {"id": 12, "text": " Item", "label": "others", "box": [36, 328, 65, 314], "linking": []}, {"id": 13, "text": "Piccolo Latte", "label": "0 description beginning", "box": [36, 346, 121, 331], "linking": []}, {"id": 14, "text": " Lrg Flat White", "label": "0 description beginning", "box": [36, 366, 130, 351], "linking": []}, {"id": 15, "text": "No Split Bills - Sorry", "label": "others", "box": [83, 437, 282, 413], "linking": []}, {"id": 16, "text": "events@wildsage.com.au", "label": "others", "box": [97, 510, 268, 492], "linking": []}, {"id": 17, "text": "THANK YOU!", "label": "others", "box": [137, 526, 228, 509], "linking": []}, {"id": 18, "text": "GST INCLUDED", "label": "others", "box": [127, 561, 238, 544], "linking": []}, {"id": 19, "text": " ABN:", "label": "others", "box": [112, 578, 146, 562], "linking": []}, {"id": 20, "text": " 93 616 745 156", "label": "others", "box": [148, 581, 255, 563], "linking": []}, {"id": 21, "text": "merchant name", "label": "others", "box": [14, 612, 172, 592], "linking": []}, {"id": 22, "text": "merchant address", "label": "others", "box": [14, 631, 238, 611], "linking": []}, {"id": 23, "text": "merchant address", "label": "others", "box": [15, 645, 129, 629], "linking": []}, {"id": 24, "text": "merchant phone", "label": "others", "box": [16, 663, 125, 646], "linking": []}, {"id": 25, "text": "www.wildsage.com.au", "label": "others", "box": [15, 682, 159, 666], "linking": []}]