[{"id": 0, "text": "merchant name", "label": "others", "box": [663, 140, 965, 98], "linking": []}, {"id": 1, "text": "merchant address", "label": "others", "box": [626, 193, 975, 157], "linking": []}, {"id": 2, "text": "merchant name", "label": "others", "box": [971, 133, 992, 97], "linking": []}, {"id": 3, "text": "merchant name", "label": "others", "box": [998, 132, 1033, 95], "linking": []}, {"id": 4, "text": "merchant address", "label": "others", "box": [614, 164, 996, 130], "linking": []}, {"id": 5, "text": "merchant phone", "label": "others", "box": [681, 223, 925, 187], "linking": []}, {"id": 6, "text": " Merchant ID", "label": "others", "box": [517, 285, 722, 245], "linking": []}, {"id": 7, "text": "Check #", "label": "others", "box": [512, 341, 644, 312], "linking": []}, {"id": 8, "text": "Table #", "label": "others", "box": [510, 377, 638, 342], "linking": []}, {"id": 9, "text": "Server", "label": "others", "box": [506, 411, 616, 379], "linking": []}, {"id": 10, "text": "Acct Num", "label": "others", "box": [504, 449, 653, 413], "linking": []}, {"id": 11, "text": " Expiry Date", "label": "others", "box": [504, 497, 714, 455], "linking": []}, {"id": 12, "text": "Card Type", "label": "others", "box": [501, 542, 670, 500], "linking": []}, {"id": 13, "text": " Trans Type", "label": "others", "box": [505, 587, 706, 546], "linking": []}, {"id": 14, "text": "Trans Date", "label": "others", "box": [508, 633, 693, 592], "linking": []}, {"id": 15, "text": "Trans Time", "label": "others", "box": [508, 679, 704, 638], "linking": []}, {"id": 16, "text": "Entry Mode", "label": "others", "box": [507, 722, 695, 681], "linking": []}, {"id": 17, "text": "Auth Code", "label": "others", "box": [509, 764, 675, 727], "linking": []}, {"id": 18, "text": "Resp Code", "label": "others", "box": [510, 810, 681, 772], "linking": []}, {"id": 19, "text": "Mode", "label": "others", "box": [508, 854, 586, 819], "linking": []}, {"id": 20, "text": "AID", "label": "others", "box": [511, 899, 567, 863], "linking": []}, {"id": 21, "text": "ARC", "label": "others", "box": [515, 945, 569, 908], "linking": []}, {"id": 22, "text": "TVR", "label": "others", "box": [517, 991, 572, 952], "linking": []}, {"id": 23, "text": "TSI", "label": "others", "box": [519, 1035, 572, 996], "linking": []}, {"id": 24, "text": "IAD", "label": "others", "box": [521, 1076, 572, 1042], "linking": []}, {"id": 25, "text": "00", "label": "others", "box": [520, 1119, 554, 1085], "linking": []}, {"id": 26, "text": " :", "label": "others", "box": [728, 287, 752, 256], "linking": []}, {"id": 27, "text": "Terminal ID", "label": "others", "box": [512, 311, 718, 277], "linking": []}, {"id": 28, "text": "4", "label": "others", "box": [761, 313, 791, 284], "linking": []}, {"id": 29, "text": "5240", "label": "others", "box": [747, 345, 837, 313], "linking": []}, {"id": 30, "text": "21/1", "label": "others", "box": [760, 377, 836, 343], "linking": []}, {"id": 31, "text": "220399 Laura", "label": "others", "box": [752, 408, 983, 375], "linking": []}, {"id": 32, "text": " : XXXXXXXXXXXX3002", "label": "others", "box": [726, 446, 1057, 409], "linking": []}, {"id": 33, "text": " : ** / **", "label": "others", "box": [721, 494, 858, 454], "linking": []}, {"id": 34, "text": " : AMEX", "label": "others", "box": [723, 538, 839, 497], "linking": []}, {"id": 35, "text": " : Authorize", "label": "others", "box": [724, 585, 929, 543], "linking": []}, {"id": 36, "text": " : 12/1/2019", "label": "others", "box": [725, 631, 928, 586], "linking": []}, {"id": 37, "text": " : 8:23 PM", "label": "others", "box": [732, 675, 894, 633], "linking": []}, {"id": 38, "text": " : Chip", "label": "others", "box": [724, 721, 836, 682], "linking": []}, {"id": 39, "text": " : 874094", "label": "others", "box": [728, 766, 880, 725], "linking": []}, {"id": 40, "text": " : 00", "label": "others", "box": [727, 810, 805, 773], "linking": []}, {"id": 41, "text": " : Issuer", "label": "others", "box": [730, 856, 874, 818], "linking": []}, {"id": 42, "text": " : A000000025010801", "label": "others", "box": [732, 900, 1053, 856], "linking": []}, {"id": 43, "text": " : 00", "label": "others", "box": [733, 945, 800, 908], "linking": []}, {"id": 44, "text": " : 0000008000", "label": "others", "box": [733, 989, 953, 948], "linking": []}, {"id": 45, "text": " : F800", "label": "others", "box": [738, 1032, 841, 995], "linking": []}, {"id": 46, "text": " : 066D010360A002", "label": "others", "box": [740, 1077, 1024, 1037], "linking": []}, {"id": 47, "text": "APPROVED", "label": "others", "box": [730, 1119, 881, 1080], "linking": []}, {"id": 48, "text": "000", "label": "others", "box": [1034, 1111, 1097, 1078], "linking": []}, {"id": 49, "text": "Subtotal", "label": "others", "box": [513, 1205, 663, 1165], "linking": []}, {"id": 50, "text": " : USD$", "label": "others", "box": [736, 1207, 840, 1166], "linking": []}, {"id": 51, "text": "47.08", "label": "total amount", "box": [1000, 1198, 1094, 1159], "linking": []}, {"id": 52, "text": " Gratuity:", "label": "others", "box": [508, 1342, 679, 1297], "linking": []}, {"id": 53, "text": " Total:", "label": "others", "box": [505, 1429, 620, 1389], "linking": []}, {"id": 54, "text": "Signature", "label": "others", "box": [501, 1619, 675, 1577], "linking": []}, {"id": 55, "text": "I AUTHORIZE THIS TOTAL PURSUANT", "label": "others", "box": [503, 1664, 1088, 1616], "linking": []}, {"id": 56, "text": "TO MY CARD MEMBER AGREEMENT.", "label": "others", "box": [522, 1711, 1044, 1662], "linking": []}, {"id": 57, "text": " Check Total %:", "label": "others", "box": [652, 1805, 918, 1754], "linking": []}, {"id": 58, "text": "15% = $7.06", "label": "others", "box": [675, 1852, 880, 1804], "linking": []}, {"id": 59, "text": "18% = $8.47", "label": "others", "box": [673, 1903, 881, 1855], "linking": []}, {"id": 60, "text": "20% = $9.42", "label": "others", "box": [666, 1955, 883, 1906], "linking": []}, {"id": 61, "text": "Need a Reservation?", "label": "others", "box": [604, 2061, 984, 2008], "linking": []}, {"id": 62, "text": "Find us on RESY.com", "label": "others", "box": [597, 2115, 988, 2064], "linking": []}, {"id": 63, "text": "Download the RESY app", "label": "others", "box": [579, 2175, 1007, 2118], "linking": []}, {"id": 64, "text": "or call us directly!", "label": "others", "box": [594, 2233, 1005, 2172], "linking": []}]