[{"id": 0, "text": "0771", "label": "others", "box": [10, 45, 48, 25], "linking": []}, {"id": 1, "text": " CHRISTINA H ($50)", "label": "others", "box": [46, 61, 122, 45], "linking": []}, {"id": 2, "text": "merchant name", "label": "others", "box": [13, 94, 123, 72], "linking": []}, {"id": 3, "text": "merchant address", "label": "others", "box": [12, 116, 91, 96], "linking": []}, {"id": 4, "text": " Server:", "label": "others", "box": [12, 58, 45, 38], "linking": []}, {"id": 5, "text": " Rec:601", "label": "others", "box": [152, 47, 187, 30], "linking": []}, {"id": 6, "text": " 11/17/19 19:21", "label": "others", "box": [12, 72, 77, 49], "linking": []}, {"id": 7, "text": " 1:", "label": "others", "box": [119, 66, 130, 52], "linking": []}, {"id": 8, "text": " 106 Term:", "label": "others", "box": [131, 64, 174, 44], "linking": []}, {"id": 9, "text": " 12", "label": "others", "box": [174, 55, 188, 41], "linking": []}, {"id": 10, "text": "merchant address", "label": "others", "box": [12, 106, 112, 83], "linking": []}, {"id": 11, "text": "merchant phone", "label": "others", "box": [13, 126, 74, 107], "linking": []}, {"id": 12, "text": " MERCH ID:", "label": "others", "box": [14, 169, 55, 154], "linking": []}, {"id": 13, "text": " *********** 1007", "label": "others", "box": [15, 193, 88, 177], "linking": []}, {"id": 14, "text": " AUTH:", "label": "others", "box": [15, 212, 39, 199], "linking": []}, {"id": 15, "text": " ENTRY:", "label": "others", "box": [15, 223, 44, 211], "linking": []}, {"id": 16, "text": " 372460652889", "label": "others", "box": [57, 169, 113, 157], "linking": []}, {"id": 17, "text": " : 12", "label": "others", "box": [115, 169, 134, 157], "linking": []}, {"id": 18, "text": "PURCHASE USD$44.52", "label": "others", "box": [14, 182, 97, 165], "linking": []}, {"id": 19, "text": " AmEx", "label": "others", "box": [89, 194, 111, 182], "linking": []}, {"id": 20, "text": " 824725 Approved 000", "label": "others", "box": [41, 216, 130, 201], "linking": []}, {"id": 21, "text": "AMERICAN EXPRESS - A000000025010801", "label": "others", "box": [15, 236, 169, 219], "linking": []}, {"id": 22, "text": " Mode:", "label": "others", "box": [16, 257, 42, 246], "linking": []}, {"id": 23, "text": " TVR:", "label": "others", "box": [18, 268, 37, 257], "linking": []}, {"id": 24, "text": " IAD:", "label": "others", "box": [19, 280, 37, 269], "linking": []}, {"id": 25, "text": " TSI:", "label": "others", "box": [19, 291, 38, 280], "linking": []}, {"id": 26, "text": " ARC:", "label": "others", "box": [17, 302, 38, 292], "linking": []}, {"id": 27, "text": "***************************************", "label": "others", "box": [18, 313, 190, 300], "linking": []}, {"id": 28, "text": " 11/17/2019 7:21 PM", "label": "others", "box": [15, 205, 101, 188], "linking": []}, {"id": 29, "text": " CHIP READ", "label": "others", "box": [46, 225, 90, 212], "linking": []}, {"id": 30, "text": "IC - 9F12060508255809", "label": "others", "box": [16, 248, 112, 233], "linking": []}, {"id": 31, "text": " Issuer", "label": "others", "box": [44, 259, 76, 247], "linking": []}, {"id": 32, "text": " 0000008000", "label": "others", "box": [38, 269, 87, 257], "linking": []}, {"id": 33, "text": " 065A0103602002", "label": "others", "box": [39, 281, 105, 269], "linking": []}, {"id": 34, "text": " E800", "label": "others", "box": [40, 292, 61, 281], "linking": []}, {"id": 35, "text": " 00", "label": "others", "box": [40, 303, 52, 292], "linking": []}, {"id": 36, "text": " CHECK", "label": "others", "box": [20, 348, 63, 335], "linking": []}, {"id": 37, "text": "Gratuity Not Included", "label": "others", "box": [19, 371, 115, 355], "linking": []}, {"id": 38, "text": "9.79", "label": "others", "box": [96, 388, 116, 378], "linking": []}, {"id": 39, "text": "8.90", "label": "others", "box": [96, 399, 116, 388], "linking": []}, {"id": 40, "text": "8.01", "label": "others", "box": [96, 409, 116, 399], "linking": []}, {"id": 41, "text": "6.68", "label": "others", "box": [96, 421, 116, 410], "linking": []}, {"id": 42, "text": " :", "label": "others", "box": [66, 347, 72, 335], "linking": []}, {"id": 43, "text": "44.52", "label": "sub total", "box": [151, 343, 194, 331], "linking": []}, {"id": 44, "text": " Suggested Gratuity:", "label": "others", "box": [20, 383, 107, 367], "linking": []}, {"id": 45, "text": "22%", "label": "others", "box": [54, 391, 73, 380], "linking": []}, {"id": 46, "text": "20%", "label": "others", "box": [55, 402, 71, 390], "linking": []}, {"id": 47, "text": "8 .90", "label": "3 tip", "box": [138, 443, 204, 417], "linking": []}, {"id": 48, "text": "53. 42", "label": "total amount", "box": [130, 466, 209, 442], "linking": []}, {"id": 49, "text": " TIP", "label": "others", "box": [22, 451, 49, 437], "linking": []}, {"id": 50, "text": " TOTAL", "label": "others", "box": [22, 475, 67, 458], "linking": []}, {"id": 51, "text": "-- PLEASE LEAVE SIGNED COPY FOR SERVER !--", "label": "others", "box": [24, 508, 200, 484], "linking": []}, {"id": 52, "text": " We'd love to hear about your visit:", "label": "others", "box": [40, 530, 197, 507], "linking": []}, {"id": 53, "text": " Enter this code within 5 days:", "label": "others", "box": [55, 550, 191, 528], "linking": []}, {"id": 54, "text": "Guest Copy", "label": "others", "box": [70, 581, 159, 558], "linking": []}, {"id": 55, "text": " :", "label": "others", "box": [50, 449, 58, 437], "linking": []}, {"id": 56, "text": " :", "label": "others", "box": [69, 470, 77, 457], "linking": []}, {"id": 57, "text": "www.ccfsurvey.com", "label": "others", "box": [41, 541, 193, 517], "linking": []}, {"id": 58, "text": "7097-70111-12017", "label": "others", "box": [86, 556, 162, 536], "linking": []}, {"id": 59, "text": "Self Traveling", "label": "others", "box": [47, 614, 176, 575], "linking": []}]