[{"id": 0, "text": "DUPLICATE RECEIPT", "label": "others", "box": [616, 99, 1058, 42], "linking": []}, {"id": 1, "text": "merchant name", "label": "others", "box": [538, 210, 1126, 148], "linking": []}, {"id": 2, "text": "merchant address", "label": "others", "box": [712, 262, 973, 214], "linking": []}, {"id": 3, "text": "merchant address", "label": "others", "box": [511, 322, 1149, 260], "linking": []}, {"id": 4, "text": "CHK 713373", "label": "others", "box": [709, 433, 966, 379], "linking": []}, {"id": 5, "text": " 11/16/2019 02:08 PM", "label": "others", "box": [583, 492, 1075, 435], "linking": []}, {"id": 6, "text": " Reg:", "label": "others", "box": [1006, 544, 1136, 493], "linking": []}, {"id": 7, "text": "2818482", "label": "others", "box": [472, 549, 665, 495], "linking": []}, {"id": 8, "text": " Drawer:", "label": "others", "box": [723, 547, 927, 495], "linking": []}, {"id": 9, "text": " 1", "label": "others", "box": [936, 548, 971, 495], "linking": []}, {"id": 10, "text": " 1", "label": "others", "box": [1146, 543, 1170, 493], "linking": []}, {"id": 11, "text": "Gr Cappuccino", "label": "0 description beginning", "box": [384, 668, 731, 616], "linking": []}, {"id": 12, "text": "Almond Croissant", "label": "0 description beginning", "box": [387, 727, 804, 673], "linking": []}, {"id": 13, "text": "Vanilla Madeleine", "label": "0 description beginning", "box": [384, 788, 827, 732], "linking": []}, {"id": 14, "text": "4.75", "label": "5 total price per item", "box": [1119, 663, 1223, 608], "linking": []}, {"id": 15, "text": "3.45", "label": "5 total price per item", "box": [1117, 725, 1225, 671], "linking": []}, {"id": 16, "text": "2.45", "label": "5 total price per item", "box": [1114, 788, 1222, 733], "linking": []}, {"id": 17, "text": "Amex", "label": "others", "box": [368, 908, 489, 862], "linking": []}, {"id": 18, "text": "XXXXXXXXXXXX1006", "label": "others", "box": [369, 972, 800, 915], "linking": []}, {"id": 19, "text": " QUICK CHIP", "label": "others", "box": [679, 1038, 959, 980], "linking": []}, {"id": 20, "text": " PURCHASE", "label": "others", "box": [676, 1100, 903, 1044], "linking": []}, {"id": 21, "text": " Reference #:", "label": "others", "box": [359, 1163, 693, 1109], "linking": []}, {"id": 22, "text": " AMERICAN EXPRESS", "label": "others", "box": [645, 1230, 1086, 1171], "linking": []}, {"id": 23, "text": " 888183", "label": "others", "box": [563, 1295, 744, 1236], "linking": []}, {"id": 24, "text": " A000000025010801", "label": "others", "box": [478, 1359, 923, 1303], "linking": []}, {"id": 25, "text": " 0000008000", "label": "others", "box": [474, 1426, 761, 1368], "linking": []}, {"id": 26, "text": " E800", "label": "others", "box": [474, 1492, 594, 1435], "linking": []}, {"id": 27, "text": "11.07", "label": "others", "box": [1092, 907, 1226, 854], "linking": []}, {"id": 28, "text": " Card Entry:", "label": "others", "box": [364, 1038, 670, 981], "linking": []}, {"id": 29, "text": " Trans Type:", "label": "others", "box": [363, 1100, 668, 1044], "linking": []}, {"id": 30, "text": " 00000088", "label": "others", "box": [703, 1162, 925, 1109], "linking": []}, {"id": 31, "text": " App Label:", "label": "others", "box": [354, 1230, 635, 1172], "linking": []}, {"id": 32, "text": " Auth #:", "label": "others", "box": [350, 1295, 552, 1236], "linking": []}, {"id": 33, "text": " AID:", "label": "others", "box": [348, 1359, 468, 1303], "linking": []}, {"id": 34, "text": " TVR:", "label": "others", "box": [346, 1426, 464, 1367], "linking": []}, {"id": 35, "text": " TSI:", "label": "others", "box": [344, 1492, 463, 1434], "linking": []}, {"id": 36, "text": "Subtotal", "label": "others", "box": [337, 1627, 559, 1567], "linking": []}, {"id": 37, "text": "Tax 8.875%", "label": "others", "box": [334, 1697, 614, 1635], "linking": []}, {"id": 38, "text": "Total", "label": "others", "box": [327, 1765, 471, 1706], "linking": []}, {"id": 39, "text": "Change Due", "label": "others", "box": [239, 1841, 804, 1774], "linking": []}, {"id": 40, "text": "$10.65", "label": "sub total", "box": [1030, 1629, 1203, 1568], "linking": []}, {"id": 41, "text": "$0.42", "label": "2 tax total", "box": [1056, 1698, 1204, 1638], "linking": []}, {"id": 42, "text": "$11.07", "label": "total amount", "box": [1027, 1767, 1201, 1707], "linking": []}, {"id": 43, "text": "$0.00", "label": "others", "box": [1080, 1841, 1366, 1774], "linking": []}, {"id": 44, "text": "Check Closed", "label": "others", "box": [554, 1980, 927, 1916], "linking": []}, {"id": 45, "text": " 11/16/2019 02:08 PM", "label": "others", "box": [515, 2057, 1068, 1989], "linking": []}, {"id": 46, "text": "--", "label": "others", "box": [1316, 1960, 1376, 1940], "linking": []}, {"id": 47, "text": "Join our loyalty program", "label": "others", "box": [439, 2427, 1149, 2359], "linking": []}, {"id": 48, "text": "Starbucks Rewards\u00ae", "label": "others", "box": [521, 2500, 1055, 2432], "linking": []}, {"id": 49, "text": "Sign up for promotional emails", "label": "others", "box": [347, 2579, 1241, 2509], "linking": []}, {"id": 50, "text": "Visit Starbucks.com/rewards", "label": "others", "box": [375, 2657, 1179, 2585], "linking": []}, {"id": 51, "text": "Or download our app", "label": "others", "box": [482, 2736, 1061, 2663], "linking": []}, {"id": 52, "text": "mating stores", "label": "others", "box": [716, 2814, 1126, 2749], "linking": []}, {"id": 53, "text": "MI DUAL CAMERA !", "label": "others", "box": [349, 2846, 848, 2788], "linking": []}]