[{"id": 0, "text": " .ll", "label": "others", "box": [8, 37, 43, 8], "linking": []}, {"id": 1, "text": " Vodafone IN", "label": "others", "box": [49, 37, 193, 5], "linking": []}, {"id": 2, "text": " 17:20", "label": "others", "box": [292, 31, 355, 9], "linking": []}, {"id": 3, "text": "@ 'O", "label": "others", "box": [494, 30, 546, 8], "linking": []}, {"id": 4, "text": "316", "label": "others", "box": [66, 93, 110, 72], "linking": []}, {"id": 5, "text": "Powered by 1Razorpay", "label": "others", "box": [162, 169, 472, 133], "linking": []}, {"id": 6, "text": "merchant name", "label": "others", "box": [252, 274, 409, 242], "linking": []}, {"id": 7, "text": "<162.00", "label": "total amount", "box": [247, 393, 394, 354], "linking": []}, {"id": 8, "text": " Successfully", "label": "others", "box": [284, 454, 459, 421], "linking": []}, {"id": 9, "text": " Paid", "label": "others", "box": [217, 450, 279, 422], "linking": []}, {"id": 10, "text": "Payment Id", "label": "others", "box": [91, 590, 236, 561], "linking": []}, {"id": 11, "text": "pay_DabEOlX7tosDKC", "label": "others", "box": [91, 636, 362, 600], "linking": []}, {"id": 12, "text": " Paid", "label": "others", "box": [94, 712, 149, 687], "linking": []}, {"id": 13, "text": "31st Oct, 2019", "label": "others", "box": [92, 757, 278, 726], "linking": []}, {"id": 14, "text": " On", "label": "others", "box": [154, 712, 191, 686], "linking": []}, {"id": 15, "text": "Method", "label": "others", "box": [93, 835, 188, 810], "linking": []}, {"id": 16, "text": "XXXX-XXXX-XXXX-1003", "label": "others", "box": [93, 878, 372, 850], "linking": []}, {"id": 17, "text": "Card", "label": "others", "box": [94, 919, 153, 894], "linking": []}, {"id": 18, "text": " Mobile", "label": "others", "box": [93, 1002, 177, 977], "linking": []}, {"id": 19, "text": "+919820834199", "label": "others", "box": [95, 1044, 286, 1017], "linking": []}, {"id": 20, "text": " Number", "label": "others", "box": [181, 1002, 284, 977], "linking": []}]