[{"id": 0, "text": "merchant name", "label": "others", "box": [296, 256, 890, 189], "linking": []}, {"id": 1, "text": "merchant address", "label": "others", "box": [501, 290, 571, 254], "linking": []}, {"id": 2, "text": "merchant address", "label": "others", "box": [413, 330, 569, 294], "linking": []}, {"id": 3, "text": " A.B.N.", "label": "others", "box": [444, 369, 538, 334], "linking": []}, {"id": 4, "text": "merchant address", "label": "others", "box": [577, 289, 660, 252], "linking": []}, {"id": 5, "text": "merchant address", "label": "others", "box": [575, 330, 657, 293], "linking": []}, {"id": 6, "text": "merchant phone", "label": "others", "box": [573, 369, 791, 333], "linking": []}, {"id": 7, "text": "merchant address", "label": "others", "box": [667, 288, 703, 251], "linking": []}, {"id": 8, "text": "merchant address", "label": "others", "box": [664, 329, 718, 292], "linking": []}, {"id": 9, "text": "merchant address", "label": "others", "box": [725, 328, 791, 291], "linking": []}, {"id": 10, "text": " =", "label": "others", "box": [544, 369, 567, 334], "linking": []}, {"id": 11, "text": " DATE:", "label": "others", "box": [295, 451, 377, 414], "linking": []}, {"id": 12, "text": " Operator:", "label": "others", "box": [294, 492, 435, 457], "linking": []}, {"id": 13, "text": " Till:", "label": "others", "box": [293, 534, 376, 495], "linking": []}, {"id": 14, "text": " 13/11/2019", "label": "others", "box": [384, 451, 539, 414], "linking": []}, {"id": 15, "text": " TIME:", "label": "others", "box": [715, 450, 795, 414], "linking": []}, {"id": 16, "text": " Trans.#:", "label": "others", "box": [697, 491, 823, 455], "linking": []}, {"id": 17, "text": " 1 13/11/2019", "label": "others", "box": [740, 535, 927, 494], "linking": []}, {"id": 18, "text": " 12:52 PM", "label": "others", "box": [802, 449, 929, 412], "linking": []}, {"id": 19, "text": " 364209", "label": "others", "box": [828, 491, 927, 454], "linking": []}, {"id": 20, "text": " Claudia", "label": "others", "box": [441, 492, 554, 457], "linking": []}, {"id": 21, "text": " Till 5", "label": "others", "box": [383, 536, 481, 496], "linking": []}, {"id": 22, "text": " Shift:", "label": "others", "box": [634, 535, 733, 496], "linking": []}, {"id": 23, "text": "Food", "label": "others", "box": [340, 616, 407, 582], "linking": []}, {"id": 24, "text": "Mixed Grill $16.90, Meal", "label": "0 description beginning", "box": [290, 660, 640, 623], "linking": []}, {"id": 25, "text": "1", "label": "e quantity", "box": [726, 656, 744, 628], "linking": []}, {"id": 26, "text": "16.90", "label": "5 total price per item", "box": [846, 658, 923, 624], "linking": []}, {"id": 27, "text": "Food Total", "label": "others", "box": [575, 741, 729, 706], "linking": []}, {"id": 28, "text": "$16.90", "label": "total amount", "box": [828, 741, 923, 705], "linking": []}, {"id": 29, "text": " Subtotal:", "label": "others", "box": [290, 894, 555, 830], "linking": []}, {"id": 30, "text": "American Expr", "label": "others", "box": [317, 1007, 924, 938], "linking": []}, {"id": 31, "text": " American Express", "label": "others", "box": [403, 1044, 658, 1006], "linking": []}, {"id": 32, "text": " xxxxxxxxxxx1006", "label": "others", "box": [435, 1086, 670, 1046], "linking": []}, {"id": 33, "text": " Approval Code:", "label": "others", "box": [315, 1132, 533, 1091], "linking": []}, {"id": 34, "text": "$16.90", "label": "sub total", "box": [735, 895, 924, 831], "linking": []}, {"id": 35, "text": " Type:", "label": "others", "box": [318, 1045, 396, 1007], "linking": []}, {"id": 36, "text": " Number:", "label": "others", "box": [313, 1087, 428, 1048], "linking": []}, {"id": 37, "text": " 822106", "label": "others", "box": [540, 1129, 639, 1091], "linking": []}, {"id": 38, "text": " Number of items:", "label": "others", "box": [360, 1218, 611, 1178], "linking": []}, {"id": 39, "text": " 1", "label": "others", "box": [618, 1218, 636, 1180], "linking": []}, {"id": 40, "text": " Total Includes:", "label": "others", "box": [283, 1305, 515, 1264], "linking": []}, {"id": 41, "text": " GST of", "label": "others", "box": [523, 1306, 623, 1264], "linking": []}, {"id": 42, "text": "$1.54", "label": "2 tax total", "box": [848, 1307, 929, 1271], "linking": []}, {"id": 43, "text": "Thank You!", "label": "others", "box": [467, 1428, 767, 1354], "linking": []}, {"id": 44, "text": "Powered by Bepoz", "label": "others", "box": [475, 1470, 730, 1426], "linking": []}]