[{"id": 0, "text": " 12 November 2019 at 17:01", "label": "others", "box": [33, 41, 404, 10], "linking": []}, {"id": 1, "text": "Powered by 1Razorpay", "label": "others", "box": [163, 140, 472, 104], "linking": []}, {"id": 2, "text": "merchant name", "label": "others", "box": [252, 245, 407, 213], "linking": []}, {"id": 3, "text": "\u20b9200.00", "label": "total amount", "box": [246, 364, 395, 325], "linking": []}, {"id": 4, "text": "Paid Successfully", "label": "others", "box": [212, 425, 461, 391], "linking": []}, {"id": 5, "text": " Payment", "label": "others", "box": [92, 562, 202, 534], "linking": []}, {"id": 6, "text": "pay_DfPUwY2UMfm2E3", "label": "others", "box": [92, 604, 382, 574], "linking": []}, {"id": 7, "text": " Id", "label": "others", "box": [207, 562, 236, 533], "linking": []}, {"id": 8, "text": " Paid", "label": "others", "box": [93, 683, 149, 657], "linking": []}, {"id": 9, "text": "12th Nov, 2019", "label": "others", "box": [96, 727, 283, 696], "linking": []}, {"id": 10, "text": " On", "label": "others", "box": [154, 683, 191, 657], "linking": []}, {"id": 11, "text": "Method", "label": "others", "box": [92, 806, 188, 782], "linking": []}, {"id": 12, "text": "XXXX-XXXX-XXXX-1003", "label": "others", "box": [93, 849, 372, 821], "linking": []}, {"id": 13, "text": "Card", "label": "others", "box": [93, 889, 154, 865], "linking": []}]