[{"id": 0, "text": " hunch w/ Kristina", "label": "others", "box": [35, 60, 299, 24], "linking": []}, {"id": 1, "text": "wrok\"", "label": "others", "box": [298, 97, 415, 66], "linking": []}, {"id": 2, "text": " Visiting the", "label": "others", "box": [243, 130, 353, 103], "linking": []}, {"id": 3, "text": "merchant address", "label": "others", "box": [196, 177, 307, 149], "linking": []}, {"id": 4, "text": "merchant address", "label": "others", "box": [277, 202, 299, 180], "linking": []}, {"id": 5, "text": " \"Swain's", "label": "others", "box": [305, 65, 445, 24], "linking": []}, {"id": 6, "text": " Thank", "label": "others", "box": [125, 119, 173, 98], "linking": []}, {"id": 7, "text": "merchant name", "label": "others", "box": [155, 152, 325, 122], "linking": []}, {"id": 8, "text": "merchant address", "label": "others", "box": [309, 178, 325, 157], "linking": []}, {"id": 9, "text": " You For", "label": "others", "box": [175, 123, 241, 100], "linking": []}, {"id": 10, "text": "merchant address", "label": "others", "box": [156, 169, 194, 146], "linking": []}, {"id": 11, "text": "merchant address", "label": "others", "box": [174, 200, 275, 172], "linking": []}, {"id": 12, "text": "CAD", "label": "others", "box": [390, 233, 417, 219], "linking": []}, {"id": 13, "text": "7.25", "label": "unit price", "box": [380, 251, 418, 234], "linking": []}, {"id": 14, "text": "1.99", "label": "5 total price per item", "box": [382, 269, 418, 253], "linking": []}, {"id": 15, "text": " Entree", "label": "0 description beginning", "box": [59, 255, 116, 238], "linking": []}, {"id": 16, "text": "Pastry", "label": "0 description beginning", "box": [57, 271, 111, 256], "linking": []}, {"id": 17, "text": " Special", "label": "1 description inside", "box": [119, 254, 185, 236], "linking": []}, {"id": 18, "text": " $7.25", "label": "5 total price per item", "box": [188, 252, 236, 234], "linking": []}, {"id": 19, "text": "Sub Total", "label": "others", "box": [253, 351, 337, 332], "linking": []}, {"id": 20, "text": "Tax Amount", "label": "others", "box": [255, 377, 346, 356], "linking": []}, {"id": 21, "text": "9.24", "label": "sub total", "box": [378, 354, 418, 335], "linking": []}, {"id": 22, "text": "1.20", "label": "2 tax total", "box": [379, 377, 417, 359], "linking": []}, {"id": 23, "text": "Total CAD", "label": "others", "box": [43, 470, 204, 439], "linking": []}, {"id": 24, "text": "10.44", "label": "total amount", "box": [325, 470, 415, 433], "linking": []}, {"id": 25, "text": "5000 Credit Card", "label": "others", "box": [43, 573, 186, 550], "linking": []}, {"id": 26, "text": "10.44", "label": "total amount", "box": [372, 570, 417, 550], "linking": []}, {"id": 27, "text": " 10/23/2019 12:28 PM #:25195 Op:5021 C:121", "label": "others", "box": [47, 648, 415, 626], "linking": []}, {"id": 28, "text": " 102 S:1211", "label": "others", "box": [47, 675, 133, 649], "linking": []}, {"id": 29, "text": " Served you", "label": "others", "box": [45, 700, 132, 676], "linking": []}, {"id": 30, "text": " : Mary Zhao", "label": "others", "box": [137, 699, 240, 675], "linking": []}, {"id": 31, "text": "Global Rewards Points", "label": "others", "box": [44, 748, 231, 726], "linking": []}, {"id": 32, "text": " Previous Balance:", "label": "others", "box": [44, 773, 201, 753], "linking": []}, {"id": 33, "text": "Accrued (new);", "label": "others", "box": [44, 798, 167, 777], "linking": []}, {"id": 34, "text": " Redeemed (used)", "label": "others", "box": [44, 824, 170, 803], "linking": []}, {"id": 35, "text": " New Balance:", "label": "others", "box": [43, 849, 147, 828], "linking": []}, {"id": 36, "text": " 152", "label": "others", "box": [209, 773, 238, 753], "linking": []}, {"id": 37, "text": "27", "label": "others", "box": [209, 797, 229, 778], "linking": []}, {"id": 38, "text": "0", "label": "others", "box": [208, 819, 224, 805], "linking": []}, {"id": 39, "text": "179", "label": "others", "box": [211, 847, 239, 828], "linking": []}, {"id": 40, "text": " :", "label": "others", "box": [174, 823, 184, 802], "linking": []}, {"id": 41, "text": "GST# 88778 3355 RT0001", "label": "others", "box": [129, 900, 324, 876], "linking": []}]