[{"id": 0, "text": "merchant name", "label": "others", "box": [232, 65, 267, 49], "linking": []}, {"id": 1, "text": "merchant address", "label": "others", "box": [223, 77, 284, 66], "linking": []}, {"id": 2, "text": "Kettles", "label": "0 description beginning", "box": [146, 105, 189, 94], "linking": []}, {"id": 3, "text": "Hot deli offer 2", "label": "0 description beginning", "box": [145, 114, 236, 104], "linking": []}, {"id": 4, "text": "Sea Salt &", "label": "1 description inside", "box": [201, 104, 257, 93], "linking": []}, {"id": 5, "text": "Total GB", "label": "others", "box": [141, 141, 229, 123], "linking": []}, {"id": 6, "text": "4.70", "label": "total amount", "box": [311, 141, 356, 123], "linking": []}, {"id": 7, "text": "5005 AMERICANEXPRESS", "label": "others", "box": [138, 183, 253, 169], "linking": []}, {"id": 8, "text": "4.70", "label": "others", "box": [334, 180, 359, 168], "linking": []}, {"id": 9, "text": "Vat percent", "label": "others", "box": [137, 213, 202, 203], "linking": []}, {"id": 10, "text": "(2) 20.00", "label": "others", "box": [137, 223, 192, 212], "linking": []}, {"id": 11, "text": "Not", "label": "others", "box": [216, 211, 233, 202], "linking": []}, {"id": 12, "text": "3.925", "label": "sub total", "box": [211, 219, 238, 209], "linking": []}, {"id": 13, "text": "24.20", "label": "total amount", "box": [265, 217, 295, 207], "linking": []}, {"id": 14, "text": "0.78", "label": "2 tax total", "box": [315, 218, 341, 207], "linking": []}, {"id": 15, "text": " 23/10/2019 12:07 PM #:", "label": "others", "box": [134, 253, 262, 240], "linking": []}, {"id": 16, "text": "3 S. 2132", "label": "others", "box": [133, 263, 183, 251], "linking": []}, {"id": 17, "text": " Solved you", "label": "others", "box": [133, 276, 196, 264], "linking": []}, {"id": 18, "text": " 75362 012030 L /1320", "label": "others", "box": [264, 253, 392, 240], "linking": []}, {"id": 19, "text": " : Shirley Gatland", "label": "others", "box": [198, 276, 301, 264], "linking": []}, {"id": 20, "text": " VAT No:", "label": "others", "box": [201, 298, 246, 287], "linking": []}, {"id": 21, "text": "Thank You !", "label": "others", "box": [216, 308, 285, 297], "linking": []}, {"id": 22, "text": "All prices inclusive of VAT.", "label": "others", "box": [169, 320, 336, 307], "linking": []}, {"id": 23, "text": " 561229061", "label": "others", "box": [248, 298, 303, 287], "linking": []}, {"id": 24, "text": "*** CARDHOLDER COPY ***", "label": "others", "box": [148, 354, 291, 341], "linking": []}, {"id": 25, "text": " P:", "label": "others", "box": [126, 400, 136, 387], "linking": []}, {"id": 26, "text": " M", "label": "others", "box": [125, 411, 130, 400], "linking": []}, {"id": 27, "text": " W3625112", "label": "others", "box": [139, 399, 191, 385], "linking": []}, {"id": 28, "text": " :***** 1 082", "label": "others", "box": [132, 411, 204, 397], "linking": []}, {"id": 29, "text": "I .**** 7676", "label": "others", "box": [258, 398, 323, 384], "linking": []}, {"id": 30, "text": " 23/19/2019 12:07:20", "label": "others", "box": [156, 422, 282, 407], "linking": []}, {"id": 31, "text": "AMERICAN EXPRESS", "label": "others", "box": [119, 448, 230, 432], "linking": []}, {"id": 32, "text": "*********** 1004", "label": "others", "box": [121, 462, 222, 446], "linking": []}, {"id": 33, "text": "CONTACTLESS CP SALE", "label": "others", "box": [119, 489, 263, 473], "linking": []}, {"id": 34, "text": "Please debit my account", "label": "others", "box": [139, 516, 296, 501], "linking": []}, {"id": 35, "text": "AMOUNT", "label": "others", "box": [120, 531, 160, 517], "linking": []}, {"id": 36, "text": "TOTAL", "label": "others", "box": [119, 545, 156, 532], "linking": []}, {"id": 37, "text": "GBP4.70", "label": "others", "box": [278, 528, 329, 513], "linking": []}, {"id": 38, "text": "GBP4.70", "label": "others", "box": [280, 543, 328, 528], "linking": []}, {"id": 39, "text": "NO CARDHOLDER VERIFICATION", "label": "others", "box": [131, 575, 310, 557], "linking": []}, {"id": 40, "text": "Please Keep This Receipt", "label": "others", "box": [136, 604, 304, 589], "linking": []}, {"id": 41, "text": "For your Records", "label": "others", "box": [162, 618, 281, 604], "linking": []}, {"id": 42, "text": " Auth Code:", "label": "others", "box": [117, 634, 188, 618], "linking": []}, {"id": 43, "text": " Ref", "label": "others", "box": [115, 647, 135, 633], "linking": []}, {"id": 44, "text": "132", "label": "others", "box": [116, 662, 140, 648], "linking": []}, {"id": 45, "text": " AID:", "label": "others", "box": [115, 678, 146, 663], "linking": []}, {"id": 46, "text": " App Seq:", "label": "others", "box": [114, 695, 172, 679], "linking": []}, {"id": 47, "text": " 84", "label": "others", "box": [190, 634, 208, 620], "linking": []}, {"id": 48, "text": " :", "label": "others", "box": [137, 648, 144, 634], "linking": []}, {"id": 49, "text": "Ten# 75362 - Till 213203 - Shop", "label": "others", "box": [191, 649, 422, 629], "linking": []}, {"id": 50, "text": " A000000025010801", "label": "others", "box": [149, 679, 263, 664], "linking": []}, {"id": 51, "text": " 00", "label": "others", "box": [175, 695, 195, 680], "linking": []}]