[{"id": 0, "text": "USD", "label": "others", "box": [350, 128, 379, 110], "linking": []}, {"id": 1, "text": "1.07 1b x $ 6.88/1b", "label": "0 description beginning", "box": [26, 150, 191, 130], "linking": []}, {"id": 2, "text": "PHX Lunch Weighed Sm", "label": "1 description inside", "box": [26, 173, 199, 152], "linking": []}, {"id": 3, "text": "Core Power Hi Protei", "label": "0 description beginning", "box": [26, 194, 199, 173], "linking": []}, {"id": 4, "text": "Dinner Roll", "label": "0 description beginning", "box": [26, 214, 124, 195], "linking": []}, {"id": 5, "text": "7.36", "label": "5 total price per item", "box": [344, 176, 379, 152], "linking": []}, {"id": 6, "text": "3.75", "label": "5 total price per item", "box": [342, 196, 378, 178], "linking": []}, {"id": 7, "text": "0.50", "label": "5 total price per item", "box": [341, 218, 379, 200], "linking": []}, {"id": 8, "text": "Total USD", "label": "others", "box": [19, 278, 173, 241], "linking": []}, {"id": 9, "text": "12,61", "label": "total amount", "box": [293, 276, 377, 244], "linking": []}, {"id": 10, "text": "5009 AMERICAN EXPRESS", "label": "others", "box": [18, 364, 199, 343], "linking": []}, {"id": 11, "text": "12.61", "label": "others", "box": [336, 360, 378, 341], "linking": []}, {"id": 12, "text": "Vat percent", "label": "others", "box": [21, 432, 117, 411], "linking": []}, {"id": 13, "text": "Net", "label": "others", "box": [144, 432, 174, 413], "linking": []}, {"id": 14, "text": "Gross", "label": "others", "box": [221, 432, 268, 413], "linking": []}, {"id": 15, "text": "VAT", "label": "others", "box": [315, 430, 343, 410], "linking": []}, {"id": 16, "text": " 10/17/2019 01:11 PM #:55033 Op:2019 C:112", "label": "others", "box": [22, 498, 377, 476], "linking": []}, {"id": 17, "text": " 202 S:1122", "label": "others", "box": [22, 519, 108, 499], "linking": []}, {"id": 18, "text": " Served you", "label": "others", "box": [23, 541, 110, 522], "linking": []}, {"id": 19, "text": " : Kate Anaya", "label": "others", "box": [114, 542, 217, 522], "linking": []}, {"id": 20, "text": "*** Customer copy ***", "label": "others", "box": [99, 626, 272, 608], "linking": []}, {"id": 21, "text": "AMEX AEDR (3)", "label": "others", "box": [132, 666, 239, 647], "linking": []}, {"id": 22, "text": "PURCHASE / APPROVED", "label": "others", "box": [21, 707, 184, 688], "linking": []}, {"id": 23, "text": "AMERICAN EXPRESS", "label": "others", "box": [23, 728, 159, 710], "linking": []}, {"id": 24, "text": "*********** 1007", "label": "others", "box": [24, 749, 150, 732], "linking": []}, {"id": 25, "text": "CHIP READ / VERIFIED BY PIN", "label": "others", "box": [24, 772, 249, 752], "linking": []}, {"id": 26, "text": " 2019/10/17 14:11:32", "label": "others", "box": [26, 813, 183, 793], "linking": []}, {"id": 27, "text": "TID", "label": "others", "box": [27, 831, 53, 814], "linking": []}, {"id": 28, "text": "MID", "label": "others", "box": [27, 850, 53, 835], "linking": []}, {"id": 29, "text": "REFERENCE", "label": "others", "box": [27, 871, 102, 854], "linking": []}, {"id": 30, "text": "AUTH CODE", "label": "others", "box": [27, 892, 100, 873], "linking": []}, {"id": 31, "text": "**** 6040", "label": "others", "box": [285, 836, 353, 818], "linking": []}, {"id": 32, "text": "6634460", "label": "others", "box": [294, 857, 353, 839], "linking": []}, {"id": 33, "text": "S1122T112202#55033@458401", "label": "others", "box": [146, 878, 352, 855], "linking": []}, {"id": 34, "text": "827459", "label": "others", "box": [303, 896, 354, 879], "linking": []}, {"id": 35, "text": "TOTAL", "label": "others", "box": [25, 928, 64, 913], "linking": []}, {"id": 36, "text": "USD12.61", "label": "others", "box": [288, 931, 356, 914], "linking": []}, {"id": 37, "text": " ARC:", "label": "others", "box": [19, 964, 56, 948], "linking": []}, {"id": 38, "text": " TSI:", "label": "others", "box": [18, 983, 53, 966], "linking": []}, {"id": 39, "text": " IAD:", "label": "others", "box": [14, 1000, 51, 984], "linking": []}, {"id": 40, "text": " TVR:", "label": "others", "box": [11, 1020, 48, 1002], "linking": []}, {"id": 41, "text": " AID:", "label": "others", "box": [4, 1040, 45, 1022], "linking": []}, {"id": 42, "text": " PAN Seq No:", "label": "others", "box": [3, 1060, 105, 1042], "linking": []}, {"id": 43, "text": " 00", "label": "others", "box": [58, 963, 79, 948], "linking": []}, {"id": 44, "text": " F800", "label": "others", "box": [56, 982, 93, 966], "linking": []}, {"id": 45, "text": " 066D0103642002", "label": "others", "box": [54, 1000, 176, 982], "linking": []}, {"id": 46, "text": " 0000008000", "label": "others", "box": [51, 1019, 140, 1002], "linking": []}, {"id": 47, "text": " A000000025010801", "label": "others", "box": [48, 1039, 192, 1021], "linking": []}, {"id": 48, "text": " 00", "label": "others", "box": [108, 1059, 129, 1041], "linking": []}]