[{"id": 0, "text": "merchant name", "label": "others", "box": [73, 181, 199, 168], "linking": []}, {"id": 1, "text": "merchant address", "label": "others", "box": [93, 192, 145, 181], "linking": []}, {"id": 2, "text": "merchant phone", "label": "others", "box": [102, 204, 175, 191], "linking": []}, {"id": 3, "text": "merchant address", "label": "others", "box": [147, 192, 178, 181], "linking": []}, {"id": 4, "text": "merchant name", "label": "others", "box": [298, 195, 331, 184], "linking": []}, {"id": 5, "text": "merchant address", "label": "others", "box": [317, 205, 363, 195], "linking": []}, {"id": 6, "text": "merchant phone", "label": "others", "box": [351, 215, 391, 204], "linking": []}, {"id": 7, "text": "merchant name", "label": "others", "box": [333, 195, 366, 184], "linking": []}, {"id": 8, "text": "merchant address", "label": "others", "box": [364, 205, 394, 194], "linking": []}, {"id": 9, "text": "merchant name", "label": "others", "box": [368, 194, 393, 184], "linking": []}, {"id": 10, "text": "merchant name", "label": "others", "box": [395, 194, 411, 184], "linking": []}, {"id": 11, "text": " Server:", "label": "others", "box": [33, 228, 69, 217], "linking": []}, {"id": 12, "text": " 09:07 PM", "label": "others", "box": [30, 240, 74, 228], "linking": []}, {"id": 13, "text": "Table 62/1", "label": "others", "box": [32, 251, 83, 239], "linking": []}, {"id": 14, "text": " Bar", "label": "others", "box": [71, 228, 88, 216], "linking": []}, {"id": 15, "text": " DOB:", "label": "others", "box": [166, 227, 190, 215], "linking": []}, {"id": 16, "text": " 12/02/2019", "label": "others", "box": [192, 227, 243, 214], "linking": []}, {"id": 17, "text": "12/02/2019", "label": "others", "box": [192, 238, 244, 226], "linking": []}, {"id": 18, "text": "4/40029", "label": "others", "box": [206, 249, 243, 238], "linking": []}, {"id": 19, "text": "merchant phone", "label": "others", "box": [325, 215, 349, 205], "linking": []}, {"id": 20, "text": " Server:", "label": "others", "box": [262, 236, 295, 225], "linking": []}, {"id": 21, "text": "Table 62/1", "label": "others", "box": [262, 247, 308, 235], "linking": []}, {"id": 22, "text": " Guests:", "label": "others", "box": [263, 258, 296, 246], "linking": []}, {"id": 23, "text": " Bar", "label": "others", "box": [297, 236, 313, 225], "linking": []}, {"id": 24, "text": "12/02/2019", "label": "others", "box": [407, 235, 453, 224], "linking": []}, {"id": 25, "text": " 9:04 PM", "label": "others", "box": [421, 246, 454, 236], "linking": []}, {"id": 26, "text": " 2", "label": "others", "box": [297, 257, 305, 246], "linking": []}, {"id": 27, "text": "SALE", "label": "others", "box": [124, 274, 147, 262], "linking": []}, {"id": 28, "text": "#40029", "label": "others", "box": [398, 268, 454, 256], "linking": []}, {"id": 29, "text": "AMEX", "label": "others", "box": [27, 299, 51, 288], "linking": []}, {"id": 30, "text": "Card #XXXXXXXXXXX1001", "label": "others", "box": [26, 312, 134, 298], "linking": []}, {"id": 31, "text": " Magnetic card present", "label": "others", "box": [24, 325, 131, 311], "linking": []}, {"id": 32, "text": "4194309", "label": "others", "box": [206, 298, 243, 286], "linking": []}, {"id": 33, "text": "Bottle Bud Light", "label": "0 description beginning", "box": [261, 290, 335, 278], "linking": []}, {"id": 34, "text": " Vodka", "label": "1 description inside", "box": [289, 301, 314, 290], "linking": []}, {"id": 35, "text": "Coors Lt Draft", "label": "0 description beginning", "box": [261, 312, 326, 301], "linking": []}, {"id": 36, "text": "6.00", "label": "5 total price per item", "box": [435, 290, 456, 280], "linking": []}, {"id": 37, "text": "20.00", "label": "5 total price per item", "box": [431, 302, 457, 291], "linking": []}, {"id": 38, "text": "7.00", "label": "5 total price per item", "box": [435, 314, 456, 303], "linking": []}, {"id": 39, "text": " Penne", "label": "0 description beginning", "box": [261, 301, 287, 291], "linking": []}, {"id": 40, "text": " S", "label": "1 description inside", "box": [316, 301, 323, 290], "linking": []}, {"id": 41, "text": " Complete", "label": "others", "box": [261, 335, 299, 324], "linking": []}, {"id": 42, "text": " Subtotal", "label": "others", "box": [301, 335, 341, 324], "linking": []}, {"id": 43, "text": "33.00", "label": "sub total", "box": [430, 336, 455, 324], "linking": []}, {"id": 44, "text": " Card Entry Method:", "label": "others", "box": [25, 350, 123, 336], "linking": []}, {"id": 45, "text": " S", "label": "others", "box": [125, 350, 135, 336], "linking": []}, {"id": 46, "text": "Subtotal", "label": "others", "box": [261, 357, 298, 346], "linking": []}, {"id": 47, "text": "33.00", "label": "sub total", "box": [432, 358, 457, 348], "linking": []}, {"id": 48, "text": " Approval:", "label": "others", "box": [22, 376, 69, 362], "linking": []}, {"id": 49, "text": " 556321", "label": "others", "box": [72, 375, 106, 362], "linking": []}, {"id": 50, "text": " Amount", "label": "others", "box": [125, 400, 155, 389], "linking": []}, {"id": 51, "text": " :", "label": "others", "box": [157, 400, 163, 389], "linking": []}, {"id": 52, "text": "$35.93", "label": "sub total", "box": [210, 399, 244, 386], "linking": []}, {"id": 53, "text": " Total", "label": "others", "box": [260, 392, 286, 380], "linking": []}, {"id": 54, "text": " Tax", "label": "others", "box": [288, 392, 306, 381], "linking": []}, {"id": 55, "text": "2.93", "label": "2 tax total", "box": [439, 394, 461, 383], "linking": []}, {"id": 56, "text": " + CC Tip", "label": "others", "box": [109, 427, 149, 413], "linking": []}, {"id": 57, "text": " ::", "label": "others", "box": [151, 427, 164, 414], "linking": []}, {"id": 58, "text": "2.00", "label": "3 tip", "box": [215, 425, 248, 409], "linking": []}, {"id": 59, "text": "37. 93", "label": "total amount", "box": [203, 449, 250, 432], "linking": []}, {"id": 60, "text": "Total", "label": "others", "box": [261, 415, 284, 403], "linking": []}, {"id": 61, "text": "35.93", "label": "total amount", "box": [436, 418, 460, 406], "linking": []}, {"id": 62, "text": " = Total:", "label": "others", "box": [119, 453, 164, 440], "linking": []}, {"id": 63, "text": "Balance Due", "label": "others", "box": [260, 440, 366, 427], "linking": []}, {"id": 64, "text": "35.93", "label": "total amount", "box": [412, 442, 461, 429], "linking": []}, {"id": 65, "text": "I agree to pay the above", "label": "others", "box": [64, 494, 196, 480], "linking": []}, {"id": 66, "text": "total amount according to the", "label": "others", "box": [49, 507, 206, 494], "linking": []}, {"id": 67, "text": "card issuer agreerent.", "label": "others", "box": [68, 527, 196, 507], "linking": []}, {"id": 68, "text": "Cambiough", "label": "others", "box": [107, 551, 204, 517], "linking": []}, {"id": 69, "text": "CUSTOMERS COPY", "label": "others", "box": [88, 605, 168, 591], "linking": []}]