[{"id": 0, "text": "merchant name", "label": "others", "box": [330, 298, 580, 262], "linking": []}, {"id": 1, "text": "merchant address", "label": "others", "box": [346, 336, 567, 298], "linking": []}, {"id": 2, "text": "merchant address", "label": "others", "box": [184, 377, 707, 333], "linking": []}, {"id": 3, "text": "merchant phone", "label": "others", "box": [331, 413, 586, 378], "linking": []}, {"id": 4, "text": " Date/Time:", "label": "others", "box": [88, 533, 275, 498], "linking": []}, {"id": 5, "text": " Order Number:", "label": "others", "box": [88, 577, 330, 540], "linking": []}, {"id": 6, "text": " Account Type:", "label": "others", "box": [89, 621, 332, 584], "linking": []}, {"id": 7, "text": " EDC Tran ID:", "label": "others", "box": [90, 665, 312, 627], "linking": []}, {"id": 8, "text": " Server", "label": "others", "box": [88, 711, 195, 674], "linking": []}, {"id": 9, "text": " POS:", "label": "others", "box": [88, 755, 164, 717], "linking": []}, {"id": 10, "text": " 2019-11-11 08:55 PM", "label": "others", "box": [366, 540, 719, 500], "linking": []}, {"id": 11, "text": "432210", "label": "others", "box": [365, 579, 484, 544], "linking": []}, {"id": 12, "text": "CREDIT", "label": "others", "box": [366, 620, 481, 585], "linking": []}, {"id": 13, "text": "894425880", "label": "others", "box": [368, 662, 541, 627], "linking": []}, {"id": 14, "text": "mahesh", "label": "others", "box": [370, 709, 486, 675], "linking": []}, {"id": 15, "text": "2", "label": "others", "box": [369, 753, 394, 720], "linking": []}, {"id": 16, "text": " :", "label": "others", "box": [202, 710, 221, 675], "linking": []}, {"id": 17, "text": " PURCHASE", "label": "others", "box": [90, 847, 234, 809], "linking": []}, {"id": 18, "text": " :", "label": "others", "box": [241, 845, 260, 809], "linking": []}, {"id": 19, "text": "APPROVAL", "label": "others", "box": [374, 845, 522, 805], "linking": []}, {"id": 20, "text": " Entry Mode:", "label": "others", "box": [88, 940, 300, 901], "linking": []}, {"id": 21, "text": " Card Number:", "label": "others", "box": [90, 985, 320, 947], "linking": []}, {"id": 22, "text": " Card Expire:", "label": "others", "box": [88, 1031, 321, 992], "linking": []}, {"id": 23, "text": " Card Type:", "label": "others", "box": [89, 1074, 280, 1036], "linking": []}, {"id": 24, "text": " Cardholder:", "label": "others", "box": [83, 1119, 301, 1083], "linking": []}, {"id": 25, "text": " Approval Code:", "label": "others", "box": [84, 1168, 367, 1126], "linking": []}, {"id": 26, "text": " Ref Number", "label": "others", "box": [81, 1211, 276, 1175], "linking": []}, {"id": 27, "text": "XXXXXXXXXXX1009", "label": "others", "box": [375, 980, 659, 940], "linking": []}, {"id": 28, "text": "XX/XX", "label": "others", "box": [376, 1026, 477, 990], "linking": []}, {"id": 29, "text": "American Express", "label": "others", "box": [377, 1072, 682, 1032], "linking": []}, {"id": 30, "text": " 592310", "label": "others", "box": [373, 1163, 498, 1124], "linking": []}, {"id": 31, "text": "125525", "label": "others", "box": [386, 1207, 498, 1169], "linking": []}, {"id": 32, "text": " :", "label": "others", "box": [283, 1210, 299, 1175], "linking": []}, {"id": 33, "text": " PURCHASE:", "label": "others", "box": [78, 1307, 261, 1267], "linking": []}, {"id": 34, "text": "$22.72", "label": "total amount", "box": [747, 1296, 863, 1254], "linking": []}, {"id": 35, "text": "Cardmember acknowledges receipt of", "label": "others", "box": [137, 1405, 815, 1349], "linking": []}, {"id": 36, "text": "goods and/or services in the amount", "label": "others", "box": [117, 1458, 817, 1398], "linking": []}, {"id": 37, "text": "to perform the obligations set forth", "label": "others", "box": [117, 1561, 852, 1493], "linking": []}, {"id": 38, "text": "of the total shown hereon and agrees", "label": "others", "box": [116, 1507, 845, 1448], "linking": []}, {"id": 39, "text": "by cardmember's agreement with issuer", "label": "others", "box": [93, 1615, 854, 1544], "linking": []}, {"id": 40, "text": " Signature:", "label": "others", "box": [159, 1768, 370, 1721], "linking": []}, {"id": 41, "text": "---", "label": "others", "box": [398, 1764, 454, 1749], "linking": []}]