[{"id": 0, "text": "merchant name", "label": "others", "box": [386, 435, 1003, 43], "linking": []}, {"id": 1, "text": "merchant address", "label": "others", "box": [321, 716, 972, 608], "linking": []}, {"id": 2, "text": "merchant address", "label": "others", "box": [684, 771, 920, 715], "linking": []}, {"id": 3, "text": "in the city", "label": "others", "box": [497, 530, 955, 411], "linking": []}, {"id": 4, "text": "merchant address", "label": "others", "box": [392, 771, 673, 709], "linking": []}, {"id": 5, "text": "merchant address", "label": "others", "box": [492, 897, 821, 840], "linking": []}, {"id": 6, "text": "merchant address", "label": "others", "box": [453, 961, 873, 903], "linking": []}, {"id": 7, "text": "merchant phone", "label": "others", "box": [523, 1082, 819, 1026], "linking": []}, {"id": 8, "text": "REKENING", "label": "others", "box": [83, 1246, 479, 1152], "linking": []}, {"id": 9, "text": " Table:", "label": "others", "box": [164, 1460, 307, 1409], "linking": []}, {"id": 10, "text": " Waiter:", "label": "others", "box": [164, 1522, 332, 1473], "linking": []}, {"id": 11, "text": "303/01", "label": "others", "box": [576, 1459, 720, 1412], "linking": []}, {"id": 12, "text": " Merel", "label": "others", "box": [577, 1523, 706, 1472], "linking": []}, {"id": 13, "text": " .", "label": "others", "box": [715, 1523, 736, 1472], "linking": []}, {"id": 14, "text": "Check 5247", "label": "others", "box": [111, 1643, 358, 1590], "linking": []}, {"id": 15, "text": " 3", "label": "others", "box": [574, 1643, 604, 1590], "linking": []}, {"id": 16, "text": " okt. 2019", "label": "others", "box": [613, 1644, 842, 1590], "linking": []}, {"id": 17, "text": " 21:48", "label": "others", "box": [1102, 1643, 1226, 1590], "linking": []}, {"id": 18, "text": "2x Apple juice Organic", "label": "0 description beginning", "box": [215, 1767, 752, 1713], "linking": []}, {"id": 19, "text": " 1\u00d7 Rhythms Burger", "label": "0 description beginning", "box": [220, 1828, 634, 1773], "linking": []}, {"id": 20, "text": "\u20ac 3,00", "label": "unit price", "box": [811, 1765, 964, 1714], "linking": []}, {"id": 21, "text": "\u20ac 18,75", "label": "unit price", "box": [791, 1824, 967, 1773], "linking": []}, {"id": 22, "text": "\u20ac 6,00", "label": "5 total price per item", "box": [1033, 1763, 1179, 1714], "linking": []}, {"id": 23, "text": "\u20ac 18,75", "label": "5 total price per item", "box": [981, 1826, 1176, 1772], "linking": []}, {"id": 24, "text": " *", "label": "others", "box": [644, 1824, 673, 1775], "linking": []}, {"id": 25, "text": " Total:", "label": "others", "box": [175, 1988, 332, 1885], "linking": []}, {"id": 26, "text": " Tip:", "label": "others", "box": [177, 2148, 289, 2048], "linking": []}, {"id": 27, "text": " 9% BTW \u20ac 2,04 (Netto:", "label": "others", "box": [270, 2257, 787, 2200], "linking": []}, {"id": 28, "text": " 0% BTW \u20ac 0,00 (Netto:", "label": "others", "box": [269, 2317, 789, 2261], "linking": []}, {"id": 29, "text": " \u20ac", "label": "others", "box": [988, 1989, 1001, 1894], "linking": []}, {"id": 30, "text": " 24,75", "label": "total amount", "box": [1019, 1989, 1165, 1894], "linking": []}, {"id": 31, "text": " 0,00", "label": "others", "box": [1047, 2144, 1169, 2047], "linking": []}, {"id": 32, "text": " \u20ac", "label": "others", "box": [1010, 2145, 1031, 2051], "linking": []}, {"id": 33, "text": " Incl .:", "label": "others", "box": [106, 2257, 260, 2202], "linking": []}, {"id": 34, "text": " Incl .:", "label": "others", "box": [105, 2318, 259, 2263], "linking": []}, {"id": 35, "text": " \u20ac 22,71)", "label": "others", "box": [797, 2256, 990, 2199], "linking": []}, {"id": 36, "text": " \u20ac 0,00)", "label": "others", "box": [800, 2316, 974, 2261], "linking": []}, {"id": 37, "text": "Maestro", "label": "others", "box": [175, 2481, 521, 2382], "linking": []}, {"id": 38, "text": " Hartelijk dank voor uw", "label": "others", "box": [298, 2640, 821, 2535], "linking": []}, {"id": 39, "text": "www.jaz-hotel.com", "label": "others", "box": [457, 2748, 874, 2693], "linking": []}, {"id": 40, "text": "facebook.com/jazinthecity", "label": "others", "box": [362, 2808, 964, 2751], "linking": []}, {"id": 41, "text": "\u20ac 24,75", "label": "total amount", "box": [818, 2482, 1177, 2381], "linking": []}, {"id": 42, "text": " bezoek", "label": "others", "box": [840, 2636, 1008, 2536], "linking": []}, {"id": 43, "text": " VAT:", "label": "others", "box": [432, 2988, 536, 2935], "linking": []}, {"id": 44, "text": " NL851578020B01", "label": "others", "box": [546, 2987, 891, 2933], "linking": []}, {"id": 45, "text": "Card payment", "label": "others", "box": [527, 3171, 824, 3116], "linking": []}, {"id": 46, "text": "Maestro", "label": "others", "box": [577, 3230, 749, 3183], "linking": []}, {"id": 47, "text": " Terminal-ID:", "label": "others", "box": [154, 3299, 446, 3242], "linking": []}, {"id": 48, "text": " Merchant ID:", "label": "others", "box": [155, 3361, 446, 3303], "linking": []}, {"id": 49, "text": " Date:", "label": "others", "box": [151, 3420, 270, 3369], "linking": []}, {"id": 50, "text": " Time:", "label": "others", "box": [156, 3481, 272, 3430], "linking": []}, {"id": 51, "text": " Tx-Nr .:", "label": "others", "box": [154, 3544, 324, 3494], "linking": []}, {"id": 52, "text": " PAN:", "label": "others", "box": [149, 3602, 249, 3555], "linking": []}, {"id": 53, "text": "Authorisation method Chip", "label": "others", "box": [155, 3668, 765, 3604], "linking": []}, {"id": 54, "text": "71E37157", "label": "others", "box": [999, 3285, 1194, 3232], "linking": []}, {"id": 55, "text": "355633605", "label": "others", "box": [972, 3348, 1193, 3295], "linking": []}, {"id": 56, "text": "293478", "label": "others", "box": [1044, 3531, 1197, 3479], "linking": []}, {"id": 57, "text": "**** **** **** 0034", "label": "others", "box": [736, 3594, 1205, 3545], "linking": []}, {"id": 58, "text": " AID:", "label": "others", "box": [148, 3849, 251, 3802], "linking": []}, {"id": 59, "text": " pproval-Nr:", "label": "others", "box": [171, 3914, 449, 3858], "linking": []}, {"id": 60, "text": "A0000000043060", "label": "others", "box": [859, 3844, 1207, 3792], "linking": []}, {"id": 61, "text": "749853/668232", "label": "others", "box": [670, 3910, 986, 3856], "linking": []}]