[{"id": 0, "text": "B", "label": "others", "box": [1070, 130, 1105, 97], "linking": []}, {"id": 1, "text": "fn", "label": "others", "box": [4, 195, 38, 169], "linking": []}, {"id": 2, "text": "TM", "label": "others", "box": [675, 419, 709, 401], "linking": []}, {"id": 3, "text": "merchant name", "label": "others", "box": [372, 508, 812, 470], "linking": []}, {"id": 4, "text": "TAX INVOICE", "label": "others", "box": [515, 550, 681, 522], "linking": []}, {"id": 5, "text": "merchant address", "label": "others", "box": [351, 597, 836, 559], "linking": []}, {"id": 6, "text": "merchant address", "label": "others", "box": [454, 640, 720, 611], "linking": []}, {"id": 7, "text": "merchant address", "label": "others", "box": [450, 686, 737, 654], "linking": []}, {"id": 8, "text": "merchant address", "label": "others", "box": [391, 730, 795, 700], "linking": []}, {"id": 9, "text": "merchant address", "label": "others", "box": [393, 777, 796, 743], "linking": []}, {"id": 10, "text": "merchant address", "label": "others", "box": [490, 822, 688, 792], "linking": []}, {"id": 11, "text": " State Code", "label": "others", "box": [493, 869, 635, 840], "linking": []}, {"id": 12, "text": " GSTIN NO:27AAECT06060122", "label": "others", "box": [374, 917, 736, 884], "linking": []}, {"id": 13, "text": "its", "label": "others", "box": [0, 652, 33, 630], "linking": []}, {"id": 14, "text": "nts", "label": "others", "box": [0, 669, 34, 646], "linking": []}, {"id": 15, "text": " :27", "label": "others", "box": [640, 869, 690, 840], "linking": []}, {"id": 16, "text": "TAX INVOICE", "label": "others", "box": [176, 1050, 343, 1009], "linking": []}, {"id": 17, "text": "Invoice No .93617065191122", "label": "others", "box": [179, 1148, 578, 1102], "linking": []}, {"id": 18, "text": " Invoice Date:22-11-2019", "label": "others", "box": [182, 1194, 532, 1150], "linking": []}, {"id": 19, "text": " Invoice Time:08:21 PM", "label": "others", "box": [166, 1241, 488, 1196], "linking": []}, {"id": 20, "text": " Shift Code", "label": "others", "box": [816, 1148, 961, 1118], "linking": []}, {"id": 21, "text": " Till No:1 A", "label": "others", "box": [818, 1194, 985, 1165], "linking": []}, {"id": 22, "text": " : Dilipk", "label": "others", "box": [907, 1242, 1017, 1210], "linking": []}, {"id": 23, "text": " : 3", "label": "others", "box": [967, 1148, 999, 1118], "linking": []}, {"id": 24, "text": " Partner", "label": "others", "box": [800, 1241, 902, 1212], "linking": []}, {"id": 25, "text": "Item name", "label": "others", "box": [178, 1331, 318, 1290], "linking": []}, {"id": 26, "text": "HON code", "label": "others", "box": [175, 1374, 303, 1337], "linking": []}, {"id": 27, "text": "Qty", "label": "others", "box": [389, 1380, 435, 1349], "linking": []}, {"id": 28, "text": "Sale price", "label": "others", "box": [493, 1381, 648, 1350], "linking": []}, {"id": 29, "text": "Disc", "label": "others", "box": [750, 1381, 813, 1352], "linking": []}, {"id": 30, "text": "Total Amt", "label": "others", "box": [875, 1382, 1013, 1354], "linking": []}, {"id": 31, "text": "Short Capuccino", "label": "0 description beginning", "box": [174, 1476, 407, 1431], "linking": []}, {"id": 32, "text": "996331", "label": "others", "box": [173, 1512, 267, 1483], "linking": []}, {"id": 33, "text": "00.00", "label": "others", "box": [733, 1526, 812, 1497], "linking": []}, {"id": 34, "text": "245.00", "label": "5 total price per item", "box": [916, 1528, 1012, 1499], "linking": []}, {"id": 35, "text": "-", "label": "others", "box": [403, 1521, 417, 1493], "linking": []}, {"id": 36, "text": "245.00", "label": "unit price", "box": [549, 1524, 646, 1495], "linking": []}, {"id": 37, "text": "Total", "label": "others", "box": [174, 1610, 250, 1578], "linking": []}, {"id": 38, "text": "245.00", "label": "unit price", "box": [552, 1619, 645, 1591], "linking": []}, {"id": 39, "text": "245.00", "label": "5 total price per item", "box": [915, 1623, 1007, 1595], "linking": []}, {"id": 40, "text": "-", "label": "others", "box": [401, 1616, 418, 1590], "linking": []}, {"id": 41, "text": "00.00", "label": "others", "box": [733, 1620, 812, 1596], "linking": []}, {"id": 42, "text": "GST SUMMARY", "label": "others", "box": [154, 1696, 326, 1662], "linking": []}, {"id": 43, "text": "HSN Code", "label": "others", "box": [152, 1738, 281, 1702], "linking": []}, {"id": 44, "text": "CGST", "label": "others", "box": [150, 1777, 214, 1749], "linking": []}, {"id": 45, "text": "Rate", "label": "others", "box": [146, 1823, 216, 1794], "linking": []}, {"id": 46, "text": "Amt", "label": "others", "box": [143, 1868, 194, 1840], "linking": []}, {"id": 47, "text": "SGST", "label": "others", "box": [323, 1790, 385, 1763], "linking": []}, {"id": 48, "text": "Rate", "label": "others", "box": [319, 1837, 388, 1806], "linking": []}, {"id": 49, "text": "Amt", "label": "others", "box": [317, 1882, 373, 1853], "linking": []}, {"id": 50, "text": "cess", "label": "others", "box": [491, 1802, 557, 1774], "linking": []}, {"id": 51, "text": "Rate", "label": "others", "box": [490, 1847, 557, 1820], "linking": []}, {"id": 52, "text": "Amt", "label": "others", "box": [491, 1891, 542, 1866], "linking": []}, {"id": 53, "text": "Taxable", "label": "others", "box": [662, 1795, 771, 1763], "linking": []}, {"id": 54, "text": "Value", "label": "others", "box": [662, 1840, 741, 1812], "linking": []}, {"id": 55, "text": "Tax Amount", "label": "others", "box": [867, 1880, 1022, 1848], "linking": []}, {"id": 56, "text": "996331", "label": "others", "box": [142, 1967, 241, 1935], "linking": []}, {"id": 57, "text": "02.50%", "label": "others", "box": [139, 2017, 239, 1984], "linking": []}, {"id": 58, "text": "06.13", "label": "others", "box": [136, 2066, 221, 2033], "linking": []}, {"id": 59, "text": "02.50%", "label": "others", "box": [317, 2028, 418, 1997], "linking": []}, {"id": 60, "text": "06.13", "label": "others", "box": [315, 2077, 398, 2044], "linking": []}, {"id": 61, "text": "00.00%", "label": "others", "box": [490, 2036, 587, 2008], "linking": []}, {"id": 62, "text": "00.00", "label": "others", "box": [490, 2087, 571, 2055], "linking": []}, {"id": 63, "text": "245.00", "label": "others", "box": [681, 2034, 778, 1999], "linking": []}, {"id": 64, "text": "12.26", "label": "2 tax total", "box": [957, 2071, 1034, 2039], "linking": []}, {"id": 65, "text": "Total", "label": "others", "box": [135, 2165, 215, 2134], "linking": []}, {"id": 66, "text": "Net Invoice Amount", "label": "others", "box": [126, 2230, 431, 2185], "linking": []}, {"id": 67, "text": "Rounded Off Invoice Amount", "label": "others", "box": [125, 2289, 560, 2238], "linking": []}, {"id": 68, "text": "12.26", "label": "2 tax total", "box": [959, 2173, 1044, 2140], "linking": []}, {"id": 69, "text": "257 .26", "label": "sub total", "box": [946, 2225, 1045, 2191], "linking": []}, {"id": 70, "text": "257.00", "label": "total amount", "box": [948, 2277, 1053, 2245], "linking": []}, {"id": 71, "text": "PAYMENT SUMMARY", "label": "others", "box": [120, 2384, 380, 2345], "linking": []}, {"id": 72, "text": "card Amount", "label": "others", "box": [117, 2438, 312, 2401], "linking": []}, {"id": 73, "text": "Total Amount", "label": "others", "box": [119, 2492, 330, 2457], "linking": []}, {"id": 74, "text": "Amount Repaid", "label": "others", "box": [110, 2552, 346, 2513], "linking": []}, {"id": 75, "text": "257.00", "label": "total amount", "box": [923, 2444, 1026, 2408], "linking": []}, {"id": 76, "text": "257.00", "label": "total amount", "box": [926, 2499, 1032, 2466], "linking": []}, {"id": 77, "text": "00.00", "label": "others", "box": [949, 2552, 1034, 2520], "linking": []}, {"id": 78, "text": "PAYMENT DETAILS", "label": "others", "box": [105, 2664, 376, 2627], "linking": []}, {"id": 79, "text": "Card Amount", "label": "others", "box": [95, 2784, 302, 2746], "linking": []}, {"id": 80, "text": "Card No", "label": "others", "box": [92, 2842, 227, 2806], "linking": []}, {"id": 81, "text": "257.00", "label": "others", "box": [696, 2785, 805, 2749], "linking": []}, {"id": 82, "text": "*********** 1002", "label": "others", "box": [699, 2839, 964, 2802], "linking": []}]