[{"id": 0, "text": "merchant name", "label": "others", "box": [191, 154, 241, 140], "linking": []}, {"id": 1, "text": "merchant address", "label": "others", "box": [122, 173, 268, 156], "linking": []}, {"id": 2, "text": "merchant address", "label": "others", "box": [138, 188, 202, 172], "linking": []}, {"id": 3, "text": "merchant address", "label": "others", "box": [271, 175, 302, 158], "linking": []}, {"id": 4, "text": "merchant address", "label": "others", "box": [256, 192, 308, 176], "linking": []}, {"id": 5, "text": "merchant address", "label": "others", "box": [235, 209, 357, 191], "linking": []}, {"id": 6, "text": "merchant address", "label": "others", "box": [305, 176, 336, 159], "linking": []}, {"id": 7, "text": "merchant address", "label": "others", "box": [204, 190, 254, 174], "linking": []}, {"id": 8, "text": "merchant address", "label": "others", "box": [106, 206, 232, 185], "linking": []}, {"id": 9, "text": " : 541 2013FIC249972", "label": "others", "box": [165, 225, 321, 204], "linking": []}, {"id": 10, "text": " PIS GSIN N)", "label": "others", "box": [118, 250, 189, 232], "linking": []}, {"id": 11, "text": " : K308", "label": "others", "box": [161, 264, 200, 251], "linking": []}, {"id": 12, "text": " : 14/11/2019 6:20 PM", "label": "others", "box": [163, 278, 291, 264], "linking": []}, {"id": 13, "text": " DATE AND", "label": "others", "box": [179, 299, 231, 288], "linking": []}, {"id": 14, "text": " 4.0001250/14/116-19 6:20 PM", "label": "others", "box": [105, 309, 280, 298], "linking": []}, {"id": 15, "text": " 1", "label": "others", "box": [201, 318, 211, 307], "linking": []}, {"id": 16, "text": " CID", "label": "others", "box": [131, 218, 162, 202], "linking": []}, {"id": 17, "text": " : 27AMCO.49000122", "label": "others", "box": [191, 254, 305, 236], "linking": []}, {"id": 18, "text": " :3555", "label": "others", "box": [202, 265, 235, 252], "linking": []}, {"id": 19, "text": "Order No", "label": "others", "box": [94, 261, 148, 246], "linking": []}, {"id": 20, "text": " ORDER DATE", "label": "others", "box": [96, 276, 161, 261], "linking": []}, {"id": 21, "text": "BILL 43", "label": "others", "box": [101, 298, 146, 286], "linking": []}, {"id": 22, "text": " TIME", "label": "others", "box": [234, 300, 262, 289], "linking": []}, {"id": 23, "text": "PAX", "label": "others", "box": [281, 300, 302, 289], "linking": []}, {"id": 24, "text": " MEMBER trasat", "label": "others", "box": [106, 318, 194, 308], "linking": []}, {"id": 25, "text": " 3", "label": "others", "box": [218, 318, 227, 307], "linking": []}, {"id": 26, "text": " Fate", "label": "others", "box": [257, 343, 287, 330], "linking": []}, {"id": 27, "text": " Amount", "label": "others", "box": [304, 343, 344, 330], "linking": []}, {"id": 28, "text": " 4 JADA", "label": "0 description beginning", "box": [137, 370, 172, 357], "linking": []}, {"id": 29, "text": " PAJ", "label": "0 description beginning", "box": [174, 369, 198, 356], "linking": []}, {"id": 30, "text": "150.00 571.43", "label": "5 total price per item", "box": [254, 369, 337, 356], "linking": []}, {"id": 31, "text": "Total", "label": "others", "box": [145, 397, 176, 384], "linking": []}, {"id": 32, "text": "571.43", "label": "sub total", "box": [299, 397, 339, 383], "linking": []}, {"id": 33, "text": " DI CSST ON", "label": "others", "box": [142, 428, 206, 414], "linking": []}, {"id": 34, "text": " 02 SGST ON", "label": "others", "box": [143, 443, 206, 429], "linking": []}, {"id": 35, "text": " FB", "label": "others", "box": [209, 427, 226, 414], "linking": []}, {"id": 36, "text": " FB", "label": "others", "box": [208, 442, 226, 429], "linking": []}, {"id": 37, "text": " 2.5", "label": "others", "box": [228, 427, 250, 413], "linking": []}, {"id": 38, "text": " 2.5", "label": "others", "box": [228, 442, 250, 428], "linking": []}, {"id": 39, "text": " %", "label": "others", "box": [253, 427, 263, 413], "linking": []}, {"id": 40, "text": " %", "label": "others", "box": [253, 442, 262, 428], "linking": []}, {"id": 41, "text": "15.29", "label": "2 tax total", "box": [310, 427, 342, 413], "linking": []}, {"id": 42, "text": "16.29", "label": "2 tax total", "box": [309, 441, 342, 427], "linking": []}, {"id": 43, "text": "Grand Total", "label": "others", "box": [142, 473, 210, 458], "linking": []}, {"id": 44, "text": "600.00", "label": "total amount", "box": [303, 472, 344, 458], "linking": []}, {"id": 45, "text": " Thank You,", "label": "others", "box": [96, 522, 158, 507], "linking": []}, {"id": 46, "text": " Do Jisit Again.", "label": "others", "box": [161, 522, 262, 507], "linking": []}, {"id": 47, "text": " Credit Card", "label": "others", "box": [90, 555, 165, 540], "linking": []}, {"id": 48, "text": " : AMERICAN EXP", "label": "others", "box": [168, 555, 264, 539], "linking": []}]