[{"id": 0, "text": "merchant name", "label": "others", "box": [162, 55, 259, 30], "linking": []}, {"id": 1, "text": "merchant address", "label": "others", "box": [175, 83, 244, 69], "linking": []}, {"id": 2, "text": " Tel:", "label": "others", "box": [195, 98, 223, 84], "linking": []}, {"id": 3, "text": " 31 142 913 880", "label": "others", "box": [177, 116, 276, 98], "linking": []}, {"id": 4, "text": " ABN:", "label": "others", "box": [145, 116, 174, 101], "linking": []}, {"id": 5, "text": "Tax Invoice", "label": "others", "box": [172, 147, 249, 131], "linking": []}, {"id": 6, "text": " Order No .:", "label": "others", "box": [66, 184, 135, 167], "linking": []}, {"id": 7, "text": " 57", "label": "others", "box": [137, 182, 154, 167], "linking": []}, {"id": 8, "text": "==", "label": "others", "box": [345, 191, 356, 183], "linking": []}, {"id": 9, "text": " Station:", "label": "others", "box": [65, 217, 123, 201], "linking": []}, {"id": 10, "text": " Bill:0820000048 Time:", "label": "others", "box": [64, 233, 205, 216], "linking": []}, {"id": 11, "text": " IPad2", "label": "others", "box": [125, 216, 162, 200], "linking": []}, {"id": 12, "text": " Staff:", "label": "others", "box": [206, 214, 253, 199], "linking": []}, {"id": 13, "text": " 12/12/2019 7:45:15 AM", "label": "others", "box": [207, 232, 355, 213], "linking": []}, {"id": 14, "text": " Juan", "label": "others", "box": [256, 214, 285, 199], "linking": []}, {"id": 15, "text": "QTY", "label": "others", "box": [63, 265, 95, 251], "linking": []}, {"id": 16, "text": "ITEM", "label": "others", "box": [105, 265, 136, 250], "linking": []}, {"id": 17, "text": "$", "label": "others", "box": [269, 262, 279, 251], "linking": []}, {"id": 18, "text": "TOTAL", "label": "others", "box": [319, 263, 354, 247], "linking": []}, {"id": 19, "text": "*Large Coffee/Choc", "label": "0 description beginning", "box": [106, 300, 232, 283], "linking": []}, {"id": 20, "text": "-- Extra", "label": "1 description inside", "box": [106, 316, 163, 302], "linking": []}, {"id": 21, "text": "*Breakfast Box", "label": "0 description beginning", "box": [106, 333, 205, 317], "linking": []}, {"id": 22, "text": "4.30", "label": "5 total price per item", "box": [325, 296, 355, 282], "linking": []}, {"id": 23, "text": "0.50", "label": "5 total price per item", "box": [325, 313, 355, 298], "linking": []}, {"id": 24, "text": "8.90", "label": "5 total price per item", "box": [325, 330, 355, 315], "linking": []}, {"id": 25, "text": "-", "label": "others", "box": [65, 332, 70, 320], "linking": []}, {"id": 26, "text": " Sub Total:$", "label": "others", "box": [202, 366, 282, 350], "linking": []}, {"id": 27, "text": "13.70", "label": "sub total", "box": [320, 364, 358, 349], "linking": []}, {"id": 28, "text": " TOTAL:", "label": "others", "box": [230, 428, 261, 402], "linking": []}, {"id": 29, "text": " (inc. GST)", "label": "others", "box": [197, 447, 261, 430], "linking": []}, {"id": 30, "text": " S", "label": "others", "box": [266, 428, 279, 402], "linking": []}, {"id": 31, "text": " :$", "label": "others", "box": [264, 447, 283, 430], "linking": []}, {"id": 32, "text": "13.70", "label": "total amount", "box": [322, 428, 360, 401], "linking": []}, {"id": 33, "text": "(1.25)", "label": "2 tax total", "box": [315, 446, 359, 429], "linking": []}, {"id": 34, "text": "====", "label": "others", "box": [330, 460, 360, 452], "linking": []}, {"id": 35, "text": "13.70", "label": "others", "box": [325, 481, 361, 465], "linking": []}, {"id": 36, "text": "0.00", "label": "others", "box": [331, 498, 362, 484], "linking": []}, {"id": 37, "text": " CARD:$", "label": "others", "box": [237, 481, 283, 465], "linking": []}, {"id": 38, "text": " Change:$", "label": "others", "box": [223, 500, 284, 484], "linking": []}, {"id": 39, "text": " -- IPad2 12/12/2019 7:45:35 AM Juan --", "label": "others", "box": [110, 551, 318, 536], "linking": []}, {"id": 40, "text": "* Indicates GST inclusive item(s)", "label": "others", "box": [95, 572, 331, 553], "linking": []}, {"id": 41, "text": "Thank you for coming", "label": "others", "box": [140, 591, 287, 573], "linking": []}, {"id": 42, "text": "Have a lovely day", "label": "others", "box": [150, 608, 275, 592], "linking": []}]