[{"id": 0, "text": "merchant name", "label": "others", "box": [509, 126, 800, 81], "linking": []}, {"id": 1, "text": "merchant address", "label": "others", "box": [443, 175, 555, 130], "linking": []}, {"id": 2, "text": "merchant address", "label": "others", "box": [486, 224, 720, 177], "linking": []}, {"id": 3, "text": "merchant phone", "label": "others", "box": [585, 272, 864, 225], "linking": []}, {"id": 4, "text": " 994 7470 60", "label": "others", "box": [603, 320, 841, 273], "linking": []}, {"id": 5, "text": "merchant address", "label": "others", "box": [563, 174, 846, 130], "linking": []}, {"id": 6, "text": "merchant address", "label": "others", "box": [728, 221, 800, 175], "linking": []}, {"id": 7, "text": " Phone:", "label": "others", "box": [444, 274, 576, 228], "linking": []}, {"id": 8, "text": " VAT No:", "label": "others", "box": [445, 321, 595, 277], "linking": []}, {"id": 9, "text": " Gil D", "label": "others", "box": [357, 371, 466, 326], "linking": []}, {"id": 10, "text": " 26042", "label": "others", "box": [236, 370, 350, 326], "linking": []}, {"id": 11, "text": "--------", "label": "others", "box": [692, 405, 861, 384], "linking": []}, {"id": 12, "text": "---- - - -", "label": "others", "box": [927, 398, 1071, 377], "linking": []}, {"id": 13, "text": "CHK 23040", "label": "others", "box": [234, 469, 424, 424], "linking": []}, {"id": 14, "text": " TBL", "label": "others", "box": [547, 469, 610, 424], "linking": []}, {"id": 15, "text": " 1 Dec'19 19:38 PM", "label": "others", "box": [463, 519, 824, 469], "linking": []}, {"id": 16, "text": " -", "label": "others", "box": [795, 551, 811, 531], "linking": []}, {"id": 17, "text": " 54/1", "label": "others", "box": [619, 468, 709, 422], "linking": []}, {"id": 18, "text": " GST", "label": "others", "box": [966, 456, 1049, 416], "linking": []}, {"id": 19, "text": " 1", "label": "others", "box": [1056, 454, 1078, 416], "linking": []}, {"id": 20, "text": " --------", "label": "others", "box": [626, 553, 789, 532], "linking": []}, {"id": 21, "text": " --", "label": "others", "box": [816, 551, 849, 531], "linking": []}, {"id": 22, "text": "--- - ----- -", "label": "others", "box": [865, 546, 1074, 524], "linking": []}, {"id": 23, "text": "1 Asahi 50 cl", "label": "0 description beginning", "box": [247, 617, 519, 572], "linking": []}, {"id": 24, "text": " Sashimi Mix", "label": "0 description beginning", "box": [279, 666, 517, 624], "linking": []}, {"id": 25, "text": " Nana-Ban", "label": "0 description beginning", "box": [277, 717, 452, 675], "linking": []}, {"id": 26, "text": " Rainbow Roll", "label": "0 description beginning", "box": [273, 767, 531, 721], "linking": []}, {"id": 27, "text": "6.50", "label": "5 total price per item", "box": [856, 608, 945, 563], "linking": []}, {"id": 28, "text": "18.80", "label": "5 total price per item", "box": [842, 658, 948, 614], "linking": []}, {"id": 29, "text": "18.50", "label": "5 total price per item", "box": [841, 709, 947, 665], "linking": []}, {"id": 30, "text": "15.00", "label": "5 total price per item", "box": [841, 761, 946, 715], "linking": []}, {"id": 31, "text": " 1", "label": "e quantity", "box": [245, 665, 273, 625], "linking": []}, {"id": 32, "text": " 1", "label": "e quantity", "box": [244, 716, 272, 676], "linking": []}, {"id": 33, "text": " 1", "label": "e quantity", "box": [239, 767, 267, 724], "linking": []}, {"id": 34, "text": "9.80 vat 20%", "label": "2 tax total", "box": [329, 869, 596, 822], "linking": []}, {"id": 35, "text": " Net Total:", "label": "others", "box": [266, 923, 480, 877], "linking": []}, {"id": 36, "text": "Incl VAT 20 %", "label": "others", "box": [261, 976, 550, 928], "linking": []}, {"id": 37, "text": "Servicecharge", "label": "others", "box": [256, 1027, 545, 980], "linking": []}, {"id": 38, "text": "Total Due", "label": "others", "box": [185, 1077, 578, 1028], "linking": []}, {"id": 39, "text": "58.80", "label": "others", "box": [833, 864, 948, 819], "linking": []}, {"id": 40, "text": "\u00a349.00", "label": "sub total", "box": [809, 920, 947, 873], "linking": []}, {"id": 41, "text": "\u00a358.80", "label": "others", "box": [804, 974, 949, 927], "linking": []}, {"id": 42, "text": "27.35", "label": "others", "box": [827, 1026, 951, 981], "linking": []}, {"id": 43, "text": "266.15", "label": "total amount", "box": [806, 1080, 1086, 1029], "linking": []}, {"id": 44, "text": "SticksnSanta", "label": "others", "box": [427, 1188, 714, 1135], "linking": []}, {"id": 45, "text": "---", "label": "others", "box": [573, 1228, 639, 1212], "linking": []}, {"id": 46, "text": "Book your Christmas party with us.", "label": "others", "box": [207, 1312, 1030, 1247], "linking": []}, {"id": 47, "text": "Enquire at your local SticksnSushi", "label": "others", "box": [156, 1373, 982, 1306], "linking": []}, {"id": 48, "text": "or send us a message at", "label": "others", "box": [315, 1435, 879, 1372], "linking": []}, {"id": 49, "text": "contact@sticksnsushi.com", "label": "others", "box": [311, 1501, 906, 1434], "linking": []}, {"id": 50, "text": "An optional and discretionary", "label": "others", "box": [218, 1643, 960, 1557], "linking": []}, {"id": 51, "text": "been added to your bill, which", "label": "others", "box": [191, 1786, 994, 1688], "linking": []}, {"id": 52, "text": "sticksnsushi.com", "label": "others", "box": [355, 1926, 795, 1840], "linking": []}, {"id": 53, "text": "service charge of 12,5% has", "label": "others", "box": [230, 1710, 934, 1627], "linking": []}, {"id": 54, "text": "is shared between all our staff.", "label": "others", "box": [164, 1863, 1008, 1750], "linking": []}]