{"textAnnotations": [{"boundingPoly": {"vertices": [{"x": 813.0, "y": 313.0}, {"x": 1098.0, "y": 312.0}, {"x": 1099.0, "y": 397.0}, {"x": 814.0, "y": 401.0}]}, "description": "merchant name"}, {"boundingPoly": {"vertices": [{"x": 718.0, "y": 515.0}, {"x": 1236.0, "y": 516.0}, {"x": 1236.0, "y": 613.0}, {"x": 718.0, "y": 612.0}]}, "description": "merchant name"}, {"boundingPoly": {"vertices": [{"x": 662.0, "y": 847.0}, {"x": 1284.0, "y": 848.0}, {"x": 1283.0, "y": 911.0}, {"x": 662.0, "y": 907.0}]}, "description": "www.bombayny.com"}, {"boundingPoly": {"vertices": [{"x": 695.0, "y": 913.0}, {"x": 1243.0, "y": 914.0}, {"x": 1242.0, "y": 971.0}, {"x": 695.0, "y": 971.0}]}, "description": "bombayny@gmail.com"}, {"boundingPoly": {"vertices": [{"x": 844.0, "y": 990.0}, {"x": 1111.0, "y": 990.0}, {"x": 1111.0, "y": 1045.0}, {"x": 844.0, "y": 1045.0}]}, "description": "merchant address"}, {"boundingPoly": {"vertices": [{"x": 733.0, "y": 1061.0}, {"x": 1227.0, "y": 1064.0}, {"x": 1226.0, "y": 1122.0}, {"x": 733.0, "y": 1117.0}]}, "description": "merchant address"}, {"boundingPoly": {"vertices": [{"x": 813.0, "y": 1129.0}, {"x": 1150.0, "y": 1129.0}, {"x": 1150.0, "y": 1194.0}, {"x": 813.0, "y": 1195.0}]}, "description": "merchant phone"}, {"boundingPoly": {"vertices": [{"x": 743.0, "y": 1203.0}, {"x": 1219.0, "y": 1201.0}, {"x": 1219.0, "y": 1266.0}, {"x": 743.0, "y": 1267.0}]}, "description": "(212) 742-2227 (Fax)"}, {"boundingPoly": {"vertices": [{"x": 842.0, "y": 1328.0}, {"x": 1118.0, "y": 1327.0}, {"x": 1118.0, "y": 1386.0}, {"x": 843.0, "y": 1387.0}]}, "description": "DELIVERY"}, {"boundingPoly": {"vertices": [{"x": 835.0, "y": 1403.0}, {"x": 1130.0, "y": 1409.0}, {"x": 1129.0, "y": 1467.0}, {"x": 834.0, "y": 1459.0}]}, "description": "ORDER #303"}, {"boundingPoly": {"vertices": [{"x": 394.0, "y": 1474.0}, {"x": 449.0, "y": 1475.0}, {"x": 450.0, "y": 1505.0}, {"x": 395.0, "y": 1503.0}]}, "description": "==="}, {"boundingPoly": {"vertices": [{"x": 396.0, "y": 1525.0}, {"x": 554.0, "y": 1525.0}, {"x": 554.0, "y": 1578.0}, {"x": 396.0, "y": 1578.0}]}, "description": " Name:"}, {"boundingPoly": {"vertices": [{"x": 391.0, "y": 1592.0}, {"x": 601.0, "y": 1592.0}, {"x": 601.0, "y": 1650.0}, {"x": 391.0, "y": 1650.0}]}, "description": " Address:"}, {"boundingPoly": {"vertices": [{"x": 565.0, "y": 1659.0}, {"x": 919.0, "y": 1659.0}, {"x": 919.0, "y": 1724.0}, {"x": 565.0, "y": 1724.0}]}, "description": "merchant phone"}, {"boundingPoly": {"vertices": [{"x": 611.0, "y": 1591.0}, {"x": 1250.0, "y": 1591.0}, {"x": 1250.0, "y": 1655.0}, {"x": 611.0, "y": 1655.0}]}, "description": " 55 Church Street RM 5011,"}, {"boundingPoly": {"vertices": [{"x": 385.0, "y": 1662.0}, {"x": 555.0, "y": 1662.0}, {"x": 555.0, "y": 1724.0}, {"x": 385.0, "y": 1724.0}]}, "description": " Phone:"}, {"boundingPoly": {"vertices": [{"x": 372.0, "y": 1783.0}, {"x": 653.0, "y": 1783.0}, {"x": 653.0, "y": 1834.0}, {"x": 372.0, "y": 1831.0}]}, "description": "Invoice #1996"}, {"boundingPoly": {"vertices": [{"x": 371.0, "y": 1837.0}, {"x": 586.0, "y": 1837.0}, {"x": 586.0, "y": 1887.0}, {"x": 371.0, "y": 1887.0}]}, "description": "Abhijeet V"}, {"boundingPoly": {"vertices": [{"x": 1099.0, "y": 1786.0}, {"x": 1560.0, "y": 1786.0}, {"x": 1560.0, "y": 1841.0}, {"x": 1099.0, "y": 1841.0}]}, "description": " Mon, 11/25/2019 8:51 PM"}, {"boundingPoly": {"vertices": [{"x": 1437.0, "y": 1906.0}, {"x": 1575.0, "y": 1905.0}, {"x": 1575.0, "y": 1932.0}, {"x": 1437.0, "y": 1934.0}]}, "description": "========="}, {"boundingPoly": {"vertices": [{"x": 371.0, "y": 1962.0}, {"x": 417.0, "y": 1962.0}, {"x": 417.0, "y": 2018.0}, {"x": 371.0, "y": 2018.0}]}, "description": " 1"}, {"boundingPoly": {"vertices": [{"x": 437.0, "y": 1959.0}, {"x": 838.0, "y": 1959.0}, {"x": 838.0, "y": 2018.0}, {"x": 437.0, "y": 2018.0}]}, "description": " Matar Paneer"}, {"boundingPoly": {"vertices": [{"x": 442.0, "y": 2043.0}, {"x": 570.0, "y": 2041.0}, {"x": 566.0, "y": 2100.0}, {"x": 444.0, "y": 2103.0}]}, "description": "spicy"}, {"boundingPoly": {"vertices": [{"x": 369.0, "y": 2115.0}, {"x": 823.0, "y": 2112.0}, {"x": 823.0, "y": 2172.0}, {"x": 369.0, "y": 2174.0}]}, "description": "2 Onion Kulcha"}, {"boundingPoly": {"vertices": [{"x": 434.0, "y": 2195.0}, {"x": 705.0, "y": 2195.0}, {"x": 705.0, "y": 2258.0}, {"x": 434.0, "y": 2258.0}]}, "description": " Rasmalai"}, {"boundingPoly": {"vertices": [{"x": 1396.0, "y": 1962.0}, {"x": 1566.0, "y": 1965.0}, {"x": 1564.0, "y": 2027.0}, {"x": 1395.0, "y": 2025.0}]}, "description": "$13.95"}, {"boundingPoly": {"vertices": [{"x": 1411.0, "y": 2114.0}, {"x": 1559.0, "y": 2112.0}, {"x": 1559.0, "y": 2174.0}, {"x": 1412.0, "y": 2178.0}]}, "description": "$9.90"}, {"boundingPoly": {"vertices": [{"x": 1412.0, "y": 2198.0}, {"x": 1557.0, "y": 2192.0}, {"x": 1557.0, "y": 2253.0}, {"x": 1412.0, "y": 2259.0}]}, "description": "$4.50"}, {"boundingPoly": {"vertices": [{"x": 360.0, "y": 2200.0}, {"x": 415.0, "y": 2200.0}, {"x": 415.0, "y": 2258.0}, {"x": 360.0, "y": 2258.0}]}, "description": " 1"}, {"boundingPoly": {"vertices": [{"x": 913.0, "y": 2331.0}, {"x": 1180.0, "y": 2331.0}, {"x": 1180.0, "y": 2387.0}, {"x": 913.0, "y": 2387.0}]}, "description": " SUBTOTAL"}, {"boundingPoly": {"vertices": [{"x": 1090.0, "y": 2405.0}, {"x": 1183.0, "y": 2405.0}, {"x": 1183.0, "y": 2457.0}, {"x": 1090.0, "y": 2457.0}]}, "description": " TAX"}, {"boundingPoly": {"vertices": [{"x": 1022.0, "y": 2483.0}, {"x": 1178.0, "y": 2483.0}, {"x": 1178.0, "y": 2542.0}, {"x": 1022.0, "y": 2542.0}]}, "description": " TOTAL"}, {"boundingPoly": {"vertices": [{"x": 1190.0, "y": 2331.0}, {"x": 1220.0, "y": 2331.0}, {"x": 1220.0, "y": 2386.0}, {"x": 1190.0, "y": 2386.0}]}, "description": " :"}, {"boundingPoly": {"vertices": [{"x": 1192.0, "y": 2405.0}, {"x": 1220.0, "y": 2405.0}, {"x": 1220.0, "y": 2455.0}, {"x": 1192.0, "y": 2455.0}]}, "description": " :"}, {"boundingPoly": {"vertices": [{"x": 1187.0, "y": 2483.0}, {"x": 1224.0, "y": 2483.0}, {"x": 1224.0, "y": 2538.0}, {"x": 1187.0, "y": 2538.0}]}, "description": " :"}, {"boundingPoly": {"vertices": [{"x": 1402.0, "y": 2330.0}, {"x": 1562.0, "y": 2328.0}, {"x": 1561.0, "y": 2388.0}, {"x": 1404.0, "y": 2388.0}]}, "description": "$28.35"}, {"boundingPoly": {"vertices": [{"x": 1431.0, "y": 2405.0}, {"x": 1565.0, "y": 2406.0}, {"x": 1566.0, "y": 2456.0}, {"x": 1433.0, "y": 2459.0}]}, "description": "$2.52"}, {"boundingPoly": {"vertices": [{"x": 1402.0, "y": 2479.0}, {"x": 1561.0, "y": 2476.0}, {"x": 1560.0, "y": 2534.0}, {"x": 1404.0, "y": 2540.0}]}, "description": "$30.87"}, {"boundingPoly": {"vertices": [{"x": 847.0, "y": 2646.0}, {"x": 1097.0, "y": 2636.0}, {"x": 1101.0, "y": 2707.0}, {"x": 850.0, "y": 2718.0}]}, "description": "Tip Guide"}, {"boundingPoly": {"vertices": [{"x": 563.0, "y": 2742.0}, {"x": 1369.0, "y": 2713.0}, {"x": 1370.0, "y": 2780.0}, {"x": 566.0, "y": 2812.0}]}, "description": "15%=$4.25, 18%=$5.10, 20%=$5.67"}]}