{"textAnnotations": [{"boundingPoly": {"vertices": [{"x": 902.0, "y": 360.0}, {"x": 1089.0, "y": 360.0}, {"x": 1089.0, "y": 455.0}, {"x": 902.0, "y": 455.0}]}, "description": "merchant name"}, {"boundingPoly": {"vertices": [{"x": 757.0, "y": 502.0}, {"x": 1492.0, "y": 504.0}, {"x": 1492.0, "y": 564.0}, {"x": 757.0, "y": 562.0}]}, "description": "merchant address"}, {"boundingPoly": {"vertices": [{"x": 1028.0, "y": 566.0}, {"x": 1331.0, "y": 566.0}, {"x": 1331.0, "y": 621.0}, {"x": 1028.0, "y": 621.0}]}, "description": "merchant phone"}, {"boundingPoly": {"vertices": [{"x": 1004.0, "y": 626.0}, {"x": 1360.0, "y": 626.0}, {"x": 1360.0, "y": 680.0}, {"x": 1004.0, "y": 680.0}]}, "description": " 57 631 603 186"}, {"boundingPoly": {"vertices": [{"x": 1108.0, "y": 363.0}, {"x": 1326.0, "y": 363.0}, {"x": 1326.0, "y": 455.0}, {"x": 1108.0, "y": 455.0}]}, "description": "merchant name"}, {"boundingPoly": {"vertices": [{"x": 922.0, "y": 567.0}, {"x": 1018.0, "y": 567.0}, {"x": 1018.0, "y": 620.0}, {"x": 922.0, "y": 620.0}]}, "description": " Tel:"}, {"boundingPoly": {"vertices": [{"x": 888.0, "y": 627.0}, {"x": 994.0, "y": 627.0}, {"x": 994.0, "y": 680.0}, {"x": 888.0, "y": 680.0}]}, "description": " ABN:"}, {"boundingPoly": {"vertices": [{"x": 989.0, "y": 744.0}, {"x": 1262.0, "y": 745.0}, {"x": 1262.0, "y": 803.0}, {"x": 989.0, "y": 802.0}]}, "description": "Tax Invoice"}, {"boundingPoly": {"vertices": [{"x": 530.0, "y": 867.0}, {"x": 795.0, "y": 867.0}, {"x": 795.0, "y": 926.0}, {"x": 530.0, "y": 926.0}]}, "description": " Order No .:"}, {"boundingPoly": {"vertices": [{"x": 805.0, "y": 869.0}, {"x": 836.0, "y": 869.0}, {"x": 836.0, "y": 926.0}, {"x": 805.0, "y": 926.0}]}, "description": " 1"}, {"boundingPoly": {"vertices": [{"x": 1438.0, "y": 945.0}, {"x": 1527.0, "y": 945.0}, {"x": 1527.0, "y": 972.0}, {"x": 1438.0, "y": 972.0}]}, "description": "===="}, {"boundingPoly": {"vertices": [{"x": 536.0, "y": 988.0}, {"x": 739.0, "y": 988.0}, {"x": 739.0, "y": 1044.0}, {"x": 536.0, "y": 1044.0}]}, "description": " Station:"}, {"boundingPoly": {"vertices": [{"x": 536.0, "y": 1045.0}, {"x": 1573.0, "y": 1045.0}, {"x": 1573.0, "y": 1104.0}, {"x": 536.0, "y": 1104.0}]}, "description": " Check Id:40019 Time:11/11/2019 8:01:14 AM"}, {"boundingPoly": {"vertices": [{"x": 750.0, "y": 989.0}, {"x": 861.0, "y": 989.0}, {"x": 861.0, "y": 1043.0}, {"x": 750.0, "y": 1043.0}]}, "description": " SG01"}, {"boundingPoly": {"vertices": [{"x": 1053.0, "y": 988.0}, {"x": 1203.0, "y": 988.0}, {"x": 1203.0, "y": 1043.0}, {"x": 1053.0, "y": 1043.0}]}, "description": " Staff:"}, {"boundingPoly": {"vertices": [{"x": 1212.0, "y": 988.0}, {"x": 1348.0, "y": 988.0}, {"x": 1348.0, "y": 1042.0}, {"x": 1212.0, "y": 1042.0}]}, "description": " Kevin"}, {"boundingPoly": {"vertices": [{"x": 535.0, "y": 1173.0}, {"x": 614.0, "y": 1175.0}, {"x": 612.0, "y": 1221.0}, {"x": 535.0, "y": 1220.0}]}, "description": "QTY"}, {"boundingPoly": {"vertices": [{"x": 687.0, "y": 1170.0}, {"x": 790.0, "y": 1172.0}, {"x": 789.0, "y": 1221.0}, {"x": 687.0, "y": 1218.0}]}, "description": "ITEM"}, {"boundingPoly": {"vertices": [{"x": 1275.0, "y": 1175.0}, {"x": 1301.0, "y": 1177.0}, {"x": 1298.0, "y": 1216.0}, {"x": 1273.0, "y": 1215.0}]}, "description": "$"}, {"boundingPoly": {"vertices": [{"x": 1441.0, "y": 1166.0}, {"x": 1564.0, "y": 1165.0}, {"x": 1564.0, "y": 1217.0}, {"x": 1443.0, "y": 1218.0}]}, "description": "TOTAL"}, {"boundingPoly": {"vertices": [{"x": 684.0, "y": 1293.0}, {"x": 960.0, "y": 1293.0}, {"x": 961.0, "y": 1342.0}, {"x": 684.0, "y": 1343.0}]}, "description": "*Bacon Wrap"}, {"boundingPoly": {"vertices": [{"x": 684.0, "y": 1351.0}, {"x": 957.0, "y": 1350.0}, {"x": 957.0, "y": 1402.0}, {"x": 684.0, "y": 1403.0}]}, "description": "*WRAP COMBO"}, {"boundingPoly": {"vertices": [{"x": 685.0, "y": 1411.0}, {"x": 934.0, "y": 1412.0}, {"x": 933.0, "y": 1464.0}, {"x": 685.0, "y": 1461.0}]}, "description": "*50c Extra"}, {"boundingPoly": {"vertices": [{"x": 1468.0, "y": 1286.0}, {"x": 1572.0, "y": 1287.0}, {"x": 1571.0, "y": 1336.0}, {"x": 1469.0, "y": 1335.0}]}, "description": "8.90"}, {"boundingPoly": {"vertices": [{"x": 1469.0, "y": 1346.0}, {"x": 1572.0, "y": 1345.0}, {"x": 1571.0, "y": 1392.0}, {"x": 1470.0, "y": 1394.0}]}, "description": "2.00"}, {"boundingPoly": {"vertices": [{"x": 1470.0, "y": 1404.0}, {"x": 1575.0, "y": 1407.0}, {"x": 1574.0, "y": 1454.0}, {"x": 1471.0, "y": 1455.0}]}, "description": "0.50"}, {"boundingPoly": {"vertices": [{"x": 610.0, "y": 1491.0}, {"x": 654.0, "y": 1489.0}, {"x": 654.0, "y": 1513.0}, {"x": 610.0, "y": 1514.0}]}, "description": "- -"}, {"boundingPoly": {"vertices": [{"x": 1031.0, "y": 1529.0}, {"x": 1307.0, "y": 1529.0}, {"x": 1307.0, "y": 1587.0}, {"x": 1031.0, "y": 1587.0}]}, "description": " Sub Total:$"}, {"boundingPoly": {"vertices": [{"x": 1453.0, "y": 1526.0}, {"x": 1583.0, "y": 1527.0}, {"x": 1583.0, "y": 1581.0}, {"x": 1454.0, "y": 1580.0}]}, "description": "11.40"}, {"boundingPoly": {"vertices": [{"x": 1135.0, "y": 1716.0}, {"x": 1316.0, "y": 1716.0}, {"x": 1316.0, "y": 1813.0}, {"x": 1135.0, "y": 1813.0}]}, "description": " TOTAL:$"}, {"boundingPoly": {"vertices": [{"x": 1015.0, "y": 1811.0}, {"x": 1313.0, "y": 1811.0}, {"x": 1313.0, "y": 1872.0}, {"x": 1015.0, "y": 1872.0}]}, "description": " (inc. GST):$"}, {"boundingPoly": {"vertices": [{"x": 1454.0, "y": 1712.0}, {"x": 1600.0, "y": 1710.0}, {"x": 1602.0, "y": 1810.0}, {"x": 1455.0, "y": 1813.0}]}, "description": "11.40"}, {"boundingPoly": {"vertices": [{"x": 1315.0, "y": 1890.0}, {"x": 1591.0, "y": 1891.0}, {"x": 1591.0, "y": 1918.0}, {"x": 1315.0, "y": 1917.0}]}, "description": "==========="}, {"boundingPoly": {"vertices": [{"x": 1469.0, "y": 1941.0}, {"x": 1596.0, "y": 1937.0}, {"x": 1597.0, "y": 1992.0}, {"x": 1473.0, "y": 1998.0}]}, "description": "11.40"}, {"boundingPoly": {"vertices": [{"x": 1492.0, "y": 2002.0}, {"x": 1601.0, "y": 2002.0}, {"x": 1603.0, "y": 2057.0}, {"x": 1494.0, "y": 2058.0}]}, "description": "0.00"}, {"boundingPoly": {"vertices": [{"x": 1444.0, "y": 1811.0}, {"x": 1589.0, "y": 1807.0}, {"x": 1587.0, "y": 1865.0}, {"x": 1446.0, "y": 1868.0}]}, "description": "(1.04)"}, {"boundingPoly": {"vertices": [{"x": 1164.0, "y": 1940.0}, {"x": 1317.0, "y": 1940.0}, {"x": 1317.0, "y": 1997.0}, {"x": 1164.0, "y": 1997.0}]}, "description": " TYRO:$"}, {"boundingPoly": {"vertices": [{"x": 1112.0, "y": 2005.0}, {"x": 1320.0, "y": 2005.0}, {"x": 1320.0, "y": 2065.0}, {"x": 1112.0, "y": 2065.0}]}, "description": " Change:$"}, {"boundingPoly": {"vertices": [{"x": 772.0, "y": 2197.0}, {"x": 1508.0, "y": 2197.0}, {"x": 1508.0, "y": 2259.0}, {"x": 772.0, "y": 2259.0}]}, "description": " -- SG01 11/11/2019 8:01:18 AM Kevin --"}, {"boundingPoly": {"vertices": [{"x": 706.0, "y": 2276.0}, {"x": 1569.0, "y": 2264.0}, {"x": 1569.0, "y": 2325.0}, {"x": 707.0, "y": 2337.0}]}, "description": "* Indicates GST inclusive item(s)"}, {"boundingPoly": {"vertices": [{"x": 885.0, "y": 2339.0}, {"x": 1411.0, "y": 2336.0}, {"x": 1412.0, "y": 2395.0}, {"x": 885.0, "y": 2401.0}]}, "description": "Thank you for coming"}, {"boundingPoly": {"vertices": [{"x": 924.0, "y": 2403.0}, {"x": 1370.0, "y": 2398.0}, {"x": 1371.0, "y": 2461.0}, {"x": 924.0, "y": 2466.0}]}, "description": "Have a lovely day"}]}