{"textAnnotations": [{"boundingPoly": {"vertices": [{"x": 872.0, "y": 514.0}, {"x": 1264.0, "y": 532.0}, {"x": 1261.0, "y": 587.0}, {"x": 870.0, "y": 570.0}]}, "description": "merchant name"}, {"boundingPoly": {"vertices": [{"x": 730.0, "y": 578.0}, {"x": 1359.0, "y": 578.0}, {"x": 1359.0, "y": 659.0}, {"x": 730.0, "y": 659.0}]}, "description": "merchant address"}, {"boundingPoly": {"vertices": [{"x": 1369.0, "y": 602.0}, {"x": 1402.0, "y": 602.0}, {"x": 1402.0, "y": 661.0}, {"x": 1369.0, "y": 661.0}]}, "description": "merchant address"}, {"boundingPoly": {"vertices": [{"x": 803.0, "y": 652.0}, {"x": 1328.0, "y": 668.0}, {"x": 1326.0, "y": 725.0}, {"x": 802.0, "y": 709.0}]}, "description": "merchant address"}, {"boundingPoly": {"vertices": [{"x": 915.0, "y": 724.0}, {"x": 1220.0, "y": 727.0}, {"x": 1219.0, "y": 794.0}, {"x": 914.0, "y": 791.0}]}, "description": "merchant phone"}, {"boundingPoly": {"vertices": [{"x": 967.0, "y": 882.0}, {"x": 1178.0, "y": 886.0}, {"x": 1177.0, "y": 952.0}, {"x": 967.0, "y": 949.0}]}, "description": "SALE"}, {"boundingPoly": {"vertices": [{"x": 602.0, "y": 1086.0}, {"x": 708.0, "y": 1086.0}, {"x": 708.0, "y": 1146.0}, {"x": 602.0, "y": 1146.0}]}, "description": " TID:"}, {"boundingPoly": {"vertices": [{"x": 598.0, "y": 1160.0}, {"x": 714.0, "y": 1160.0}, {"x": 714.0, "y": 1216.0}, {"x": 598.0, "y": 1216.0}]}, "description": " DID:"}, {"boundingPoly": {"vertices": [{"x": 600.0, "y": 1232.0}, {"x": 841.0, "y": 1232.0}, {"x": 841.0, "y": 1287.0}, {"x": 600.0, "y": 1287.0}]}, "description": " Batch #:"}, {"boundingPoly": {"vertices": [{"x": 604.0, "y": 1297.0}, {"x": 782.0, "y": 1300.0}, {"x": 782.0, "y": 1353.0}, {"x": 604.0, "y": 1350.0}]}, "description": "11/23/19"}, {"boundingPoly": {"vertices": [{"x": 605.0, "y": 1366.0}, {"x": 953.0, "y": 1366.0}, {"x": 953.0, "y": 1426.0}, {"x": 605.0, "y": 1426.0}]}, "description": " APPR CODE:"}, {"boundingPoly": {"vertices": [{"x": 605.0, "y": 1436.0}, {"x": 753.0, "y": 1437.0}, {"x": 753.0, "y": 1484.0}, {"x": 603.0, "y": 1488.0}]}, "description": "AMEX"}, {"boundingPoly": {"vertices": [{"x": 602.0, "y": 1503.0}, {"x": 951.0, "y": 1507.0}, {"x": 949.0, "y": 1559.0}, {"x": 601.0, "y": 1545.0}]}, "description": "*********** 1000"}, {"boundingPoly": {"vertices": [{"x": 719.0, "y": 1089.0}, {"x": 813.0, "y": 1089.0}, {"x": 813.0, "y": 1147.0}, {"x": 719.0, "y": 1147.0}]}, "description": " 002"}, {"boundingPoly": {"vertices": [{"x": 723.0, "y": 1162.0}, {"x": 835.0, "y": 1162.0}, {"x": 835.0, "y": 1216.0}, {"x": 723.0, "y": 1216.0}]}, "description": " 0001"}, {"boundingPoly": {"vertices": [{"x": 1137.0, "y": 1097.0}, {"x": 1291.0, "y": 1097.0}, {"x": 1291.0, "y": 1155.0}, {"x": 1137.0, "y": 1155.0}]}, "description": " REF#:"}, {"boundingPoly": {"vertices": [{"x": 1301.0, "y": 1098.0}, {"x": 1523.0, "y": 1098.0}, {"x": 1523.0, "y": 1155.0}, {"x": 1301.0, "y": 1155.0}]}, "description": " 00000074"}, {"boundingPoly": {"vertices": [{"x": 849.0, "y": 1232.0}, {"x": 1017.0, "y": 1232.0}, {"x": 1017.0, "y": 1289.0}, {"x": 849.0, "y": 1289.0}]}, "description": " 000397"}, {"boundingPoly": {"vertices": [{"x": 1338.0, "y": 1305.0}, {"x": 1520.0, "y": 1305.0}, {"x": 1520.0, "y": 1361.0}, {"x": 1338.0, "y": 1361.0}]}, "description": " 21:49:44"}, {"boundingPoly": {"vertices": [{"x": 962.0, "y": 1369.0}, {"x": 1124.0, "y": 1369.0}, {"x": 1124.0, "y": 1428.0}, {"x": 962.0, "y": 1428.0}]}, "description": " 875919"}, {"boundingPoly": {"vertices": [{"x": 1413.0, "y": 1439.0}, {"x": 1520.0, "y": 1445.0}, {"x": 1516.0, "y": 1500.0}, {"x": 1409.0, "y": 1493.0}]}, "description": "Chip"}, {"boundingPoly": {"vertices": [{"x": 1417.0, "y": 1506.0}, {"x": 1523.0, "y": 1506.0}, {"x": 1522.0, "y": 1541.0}, {"x": 1417.0, "y": 1539.0}]}, "description": "*****"}, {"boundingPoly": {"vertices": [{"x": 601.0, "y": 1659.0}, {"x": 953.0, "y": 1656.0}, {"x": 954.0, "y": 1720.0}, {"x": 601.0, "y": 1726.0}]}, "description": "AMOUNT"}, {"boundingPoly": {"vertices": [{"x": 1283.0, "y": 1655.0}, {"x": 1517.0, "y": 1655.0}, {"x": 1517.0, "y": 1722.0}, {"x": 1283.0, "y": 1722.0}]}, "description": "$11.75"}, {"boundingPoly": {"vertices": [{"x": 601.0, "y": 1800.0}, {"x": 732.0, "y": 1796.0}, {"x": 730.0, "y": 1860.0}, {"x": 603.0, "y": 1865.0}]}, "description": "TIP"}, {"boundingPoly": {"vertices": [{"x": 1073.0, "y": 1794.0}, {"x": 1121.0, "y": 1801.0}, {"x": 1114.0, "y": 1858.0}, {"x": 1066.0, "y": 1852.0}]}, "description": "$"}, {"boundingPoly": {"vertices": [{"x": 596.0, "y": 1937.0}, {"x": 869.0, "y": 1930.0}, {"x": 871.0, "y": 1999.0}, {"x": 597.0, "y": 2005.0}]}, "description": "TOTAL"}, {"boundingPoly": {"vertices": [{"x": 1071.0, "y": 1931.0}, {"x": 1124.0, "y": 1939.0}, {"x": 1116.0, "y": 1998.0}, {"x": 1063.0, "y": 1990.0}]}, "description": "$"}, {"boundingPoly": {"vertices": [{"x": 924.0, "y": 2088.0}, {"x": 1206.0, "y": 2086.0}, {"x": 1206.0, "y": 2142.0}, {"x": 924.0, "y": 2144.0}]}, "description": "APPROVED"}, {"boundingPoly": {"vertices": [{"x": 591.0, "y": 2255.0}, {"x": 1132.0, "y": 2239.0}, {"x": 1134.0, "y": 2296.0}, {"x": 593.0, "y": 2312.0}]}, "description": "AMERICAN EXPRESS"}, {"boundingPoly": {"vertices": [{"x": 725.0, "y": 2310.0}, {"x": 1160.0, "y": 2310.0}, {"x": 1160.0, "y": 2382.0}, {"x": 725.0, "y": 2382.0}]}, "description": " A000000025010801"}, {"boundingPoly": {"vertices": [{"x": 589.0, "y": 2395.0}, {"x": 734.0, "y": 2395.0}, {"x": 734.0, "y": 2460.0}, {"x": 589.0, "y": 2460.0}]}, "description": " TVR:"}, {"boundingPoly": {"vertices": [{"x": 705.0, "y": 2462.0}, {"x": 877.0, "y": 2462.0}, {"x": 877.0, "y": 2531.0}, {"x": 705.0, "y": 2531.0}]}, "description": " F8 00"}, {"boundingPoly": {"vertices": [{"x": 592.0, "y": 2323.0}, {"x": 714.0, "y": 2323.0}, {"x": 714.0, "y": 2388.0}, {"x": 592.0, "y": 2388.0}]}, "description": " AID:"}, {"boundingPoly": {"vertices": [{"x": 742.0, "y": 2379.0}, {"x": 1181.0, "y": 2379.0}, {"x": 1181.0, "y": 2454.0}, {"x": 742.0, "y": 2454.0}]}, "description": " 00 00 00 80 00"}, {"boundingPoly": {"vertices": [{"x": 584.0, "y": 2469.0}, {"x": 696.0, "y": 2469.0}, {"x": 696.0, "y": 2539.0}, {"x": 584.0, "y": 2539.0}]}, "description": " TSI:"}, {"boundingPoly": {"vertices": [{"x": 907.0, "y": 2608.0}, {"x": 1232.0, "y": 2593.0}, {"x": 1235.0, "y": 2652.0}, {"x": 911.0, "y": 2669.0}]}, "description": "THANK YOU"}, {"boundingPoly": {"vertices": [{"x": 769.0, "y": 2692.0}, {"x": 1362.0, "y": 2659.0}, {"x": 1365.0, "y": 2719.0}, {"x": 771.0, "y": 2754.0}]}, "description": "PLEASE COME AGAIN"}, {"boundingPoly": {"vertices": [{"x": 827.0, "y": 2841.0}, {"x": 1305.0, "y": 2807.0}, {"x": 1309.0, "y": 2868.0}, {"x": 830.0, "y": 2904.0}]}, "description": "CUSTOMER COPY"}]}