{"textAnnotations": [{"boundingPoly": {"vertices": [{"x": 730.0, "y": 199.0}, {"x": 1226.0, "y": 199.0}, {"x": 1226.0, "y": 269.0}, {"x": 730.0, "y": 269.0}]}, "description": "merchant name"}, {"boundingPoly": {"vertices": [{"x": 927.0, "y": 309.0}, {"x": 1195.0, "y": 318.0}, {"x": 1193.0, "y": 373.0}, {"x": 925.0, "y": 362.0}]}, "description": "merchant address"}, {"boundingPoly": {"vertices": [{"x": 1234.0, "y": 214.0}, {"x": 1281.0, "y": 214.0}, {"x": 1281.0, "y": 270.0}, {"x": 1234.0, "y": 270.0}]}, "description": " -"}, {"boundingPoly": {"vertices": [{"x": 1289.0, "y": 215.0}, {"x": 1384.0, "y": 215.0}, {"x": 1384.0, "y": 270.0}, {"x": 1289.0, "y": 270.0}]}, "description": "merchant name"}, {"boundingPoly": {"vertices": [{"x": 543.0, "y": 242.0}, {"x": 1562.0, "y": 268.0}, {"x": 1561.0, "y": 322.0}, {"x": 542.0, "y": 301.0}]}, "description": "merchant address"}, {"boundingPoly": {"vertices": [{"x": 494.0, "y": 462.0}, {"x": 1039.0, "y": 468.0}, {"x": 1038.0, "y": 522.0}, {"x": 494.0, "y": 516.0}]}, "description": "SALESPERSON # 503970"}, {"boundingPoly": {"vertices": [{"x": 492.0, "y": 572.0}, {"x": 1359.0, "y": 580.0}, {"x": 1358.0, "y": 635.0}, {"x": 492.0, "y": 623.0}]}, "description": "BARNANA PNUT BRITTLE 74874298000"}, {"boundingPoly": {"vertices": [{"x": 497.0, "y": 677.0}, {"x": 1016.0, "y": 681.0}, {"x": 1015.0, "y": 735.0}, {"x": 496.0, "y": 730.0}]}, "description": "TT LEMN CRNBRY CHIA"}, {"boundingPoly": {"vertices": [{"x": 1063.0, "y": 632.0}, {"x": 1256.0, "y": 634.0}, {"x": 1255.0, "y": 686.0}, {"x": 1063.0, "y": 682.0}]}, "description": "7.99 NT"}, {"boundingPoly": {"vertices": [{"x": 1063.0, "y": 688.0}, {"x": 1361.0, "y": 688.0}, {"x": 1361.0, "y": 738.0}, {"x": 1063.0, "y": 737.0}]}, "description": "15036147000"}, {"boundingPoly": {"vertices": [{"x": 1067.0, "y": 739.0}, {"x": 1229.0, "y": 739.0}, {"x": 1229.0, "y": 792.0}, {"x": 1067.0, "y": 791.0}]}, "description": "3.99 N"}, {"boundingPoly": {"vertices": [{"x": 501.0, "y": 840.0}, {"x": 713.0, "y": 841.0}, {"x": 713.0, "y": 894.0}, {"x": 501.0, "y": 892.0}]}, "description": "SUBTOTAL"}, {"boundingPoly": {"vertices": [{"x": 498.0, "y": 898.0}, {"x": 639.0, "y": 899.0}, {"x": 639.0, "y": 947.0}, {"x": 499.0, "y": 946.0}]}, "description": "TAX13"}, {"boundingPoly": {"vertices": [{"x": 506.0, "y": 951.0}, {"x": 777.0, "y": 954.0}, {"x": 776.0, "y": 1007.0}, {"x": 506.0, "y": 1002.0}]}, "description": "TOTAL"}, {"boundingPoly": {"vertices": [{"x": 500.0, "y": 1007.0}, {"x": 617.0, "y": 1007.0}, {"x": 616.0, "y": 1053.0}, {"x": 500.0, "y": 1052.0}]}, "description": "AMEX"}, {"boundingPoly": {"vertices": [{"x": 495.0, "y": 1067.0}, {"x": 1577.0, "y": 1066.0}, {"x": 1577.0, "y": 1106.0}, {"x": 495.0, "y": 1107.0}]}, "description": "*************** PURCHASE ***************"}, {"boundingPoly": {"vertices": [{"x": 934.0, "y": 1115.0}, {"x": 1150.0, "y": 1115.0}, {"x": 1150.0, "y": 1164.0}, {"x": 934.0, "y": 1166.0}]}, "description": "APPROVED"}, {"boundingPoly": {"vertices": [{"x": 1432.0, "y": 847.0}, {"x": 1599.0, "y": 846.0}, {"x": 1599.0, "y": 896.0}, {"x": 1432.0, "y": 897.0}]}, "description": "$11.98"}, {"boundingPoly": {"vertices": [{"x": 1457.0, "y": 900.0}, {"x": 1600.0, "y": 899.0}, {"x": 1601.0, "y": 946.0}, {"x": 1457.0, "y": 948.0}]}, "description": "$0.33"}, {"boundingPoly": {"vertices": [{"x": 1434.0, "y": 954.0}, {"x": 1596.0, "y": 953.0}, {"x": 1596.0, "y": 1003.0}, {"x": 1434.0, "y": 1004.0}]}, "description": "$12.31"}, {"boundingPoly": {"vertices": [{"x": 1436.0, "y": 1005.0}, {"x": 1599.0, "y": 1004.0}, {"x": 1600.0, "y": 1051.0}, {"x": 1437.0, "y": 1053.0}]}, "description": "$12.31"}, {"boundingPoly": {"vertices": [{"x": 502.0, "y": 1219.0}, {"x": 626.0, "y": 1219.0}, {"x": 626.0, "y": 1273.0}, {"x": 502.0, "y": 1273.0}]}, "description": " Total"}, {"boundingPoly": {"vertices": [{"x": 635.0, "y": 1220.0}, {"x": 664.0, "y": 1220.0}, {"x": 664.0, "y": 1273.0}, {"x": 635.0, "y": 1273.0}]}, "description": " :"}, {"boundingPoly": {"vertices": [{"x": 1412.0, "y": 1215.0}, {"x": 1577.0, "y": 1213.0}, {"x": 1578.0, "y": 1269.0}, {"x": 1413.0, "y": 1271.0}]}, "description": "$12.31"}, {"boundingPoly": {"vertices": [{"x": 2158.0, "y": 1256.0}, {"x": 2219.0, "y": 1237.0}, {"x": 2224.0, "y": 1269.0}, {"x": 2168.0, "y": 1288.0}]}, "description": "IN"}, {"boundingPoly": {"vertices": [{"x": 498.0, "y": 1330.0}, {"x": 772.0, "y": 1330.0}, {"x": 772.0, "y": 1385.0}, {"x": 498.0, "y": 1385.0}]}, "description": " Card Type:"}, {"boundingPoly": {"vertices": [{"x": 493.0, "y": 1385.0}, {"x": 799.0, "y": 1385.0}, {"x": 799.0, "y": 1439.0}, {"x": 493.0, "y": 1439.0}]}, "description": " Card Entry:"}, {"boundingPoly": {"vertices": [{"x": 498.0, "y": 1441.0}, {"x": 693.0, "y": 1441.0}, {"x": 693.0, "y": 1489.0}, {"x": 498.0, "y": 1489.0}]}, "description": " Acct #:"}, {"boundingPoly": {"vertices": [{"x": 495.0, "y": 1491.0}, {"x": 901.0, "y": 1491.0}, {"x": 901.0, "y": 1549.0}, {"x": 495.0, "y": 1549.0}]}, "description": " Approval Code:"}, {"boundingPoly": {"vertices": [{"x": 914.0, "y": 1329.0}, {"x": 1026.0, "y": 1329.0}, {"x": 1024.0, "y": 1379.0}, {"x": 915.0, "y": 1381.0}]}, "description": "AMEX"}, {"boundingPoly": {"vertices": [{"x": 911.0, "y": 1381.0}, {"x": 1025.0, "y": 1379.0}, {"x": 1026.0, "y": 1430.0}, {"x": 913.0, "y": 1432.0}]}, "description": "CHIP"}, {"boundingPoly": {"vertices": [{"x": 914.0, "y": 1436.0}, {"x": 1319.0, "y": 1432.0}, {"x": 1319.0, "y": 1481.0}, {"x": 914.0, "y": 1482.0}]}, "description": "*********** 1005"}, {"boundingPoly": {"vertices": [{"x": 911.0, "y": 1487.0}, {"x": 1076.0, "y": 1487.0}, {"x": 1076.0, "y": 1543.0}, {"x": 911.0, "y": 1543.0}]}, "description": " 866748"}, {"boundingPoly": {"vertices": [{"x": 498.0, "y": 1606.0}, {"x": 1600.0, "y": 1595.0}, {"x": 1600.0, "y": 1637.0}, {"x": 498.0, "y": 1649.0}]}, "description": "************* EMV PURCHASE *************"}, {"boundingPoly": {"vertices": [{"x": 747.0, "y": 1657.0}, {"x": 776.0, "y": 1657.0}, {"x": 776.0, "y": 1713.0}, {"x": 747.0, "y": 1713.0}]}, "description": " :"}, {"boundingPoly": {"vertices": [{"x": 495.0, "y": 1658.0}, {"x": 738.0, "y": 1658.0}, {"x": 738.0, "y": 1715.0}, {"x": 495.0, "y": 1715.0}]}, "description": " App Label"}, {"boundingPoly": {"vertices": [{"x": 495.0, "y": 1720.0}, {"x": 635.0, "y": 1720.0}, {"x": 635.0, "y": 1767.0}, {"x": 495.0, "y": 1767.0}]}, "description": " Mode:"}, {"boundingPoly": {"vertices": [{"x": 495.0, "y": 1772.0}, {"x": 618.0, "y": 1772.0}, {"x": 618.0, "y": 1828.0}, {"x": 495.0, "y": 1828.0}]}, "description": " AID:"}, {"boundingPoly": {"vertices": [{"x": 491.0, "y": 1828.0}, {"x": 620.0, "y": 1828.0}, {"x": 620.0, "y": 1884.0}, {"x": 491.0, "y": 1884.0}]}, "description": " TVR:"}, {"boundingPoly": {"vertices": [{"x": 489.0, "y": 1884.0}, {"x": 620.0, "y": 1884.0}, {"x": 620.0, "y": 1940.0}, {"x": 489.0, "y": 1940.0}]}, "description": " IAD:"}, {"boundingPoly": {"vertices": [{"x": 495.0, "y": 1943.0}, {"x": 613.0, "y": 1943.0}, {"x": 613.0, "y": 1998.0}, {"x": 495.0, "y": 1998.0}]}, "description": " TSI:"}, {"boundingPoly": {"vertices": [{"x": 488.0, "y": 2000.0}, {"x": 618.0, "y": 2000.0}, {"x": 618.0, "y": 2058.0}, {"x": 488.0, "y": 2058.0}]}, "description": " ARC:"}, {"boundingPoly": {"vertices": [{"x": 487.0, "y": 2059.0}, {"x": 594.0, "y": 2059.0}, {"x": 594.0, "y": 2112.0}, {"x": 487.0, "y": 2112.0}]}, "description": " AC:"}, {"boundingPoly": {"vertices": [{"x": 485.0, "y": 2120.0}, {"x": 610.0, "y": 2120.0}, {"x": 610.0, "y": 2175.0}, {"x": 485.0, "y": 2175.0}]}, "description": " CVM:"}, {"boundingPoly": {"vertices": [{"x": 1162.0, "y": 1647.0}, {"x": 1602.0, "y": 1642.0}, {"x": 1603.0, "y": 1694.0}, {"x": 1163.0, "y": 1699.0}]}, "description": "AMERICAN EXPRESS"}, {"boundingPoly": {"vertices": [{"x": 1436.0, "y": 1701.0}, {"x": 1604.0, "y": 1701.0}, {"x": 1605.0, "y": 1749.0}, {"x": 1437.0, "y": 1751.0}]}, "description": "Issuer"}, {"boundingPoly": {"vertices": [{"x": 629.0, "y": 1760.0}, {"x": 1084.0, "y": 1760.0}, {"x": 1084.0, "y": 1825.0}, {"x": 629.0, "y": 1825.0}]}, "description": " A000000025010801"}, {"boundingPoly": {"vertices": [{"x": 630.0, "y": 1821.0}, {"x": 922.0, "y": 1821.0}, {"x": 922.0, "y": 1881.0}, {"x": 630.0, "y": 1881.0}]}, "description": " 0800008000"}, {"boundingPoly": {"vertices": [{"x": 628.0, "y": 1875.0}, {"x": 1036.0, "y": 1875.0}, {"x": 1036.0, "y": 1938.0}, {"x": 628.0, "y": 1938.0}]}, "description": " 06560103A02000"}, {"boundingPoly": {"vertices": [{"x": 623.0, "y": 1938.0}, {"x": 745.0, "y": 1938.0}, {"x": 745.0, "y": 1996.0}, {"x": 623.0, "y": 1996.0}]}, "description": " E800"}, {"boundingPoly": {"vertices": [{"x": 627.0, "y": 1998.0}, {"x": 692.0, "y": 1998.0}, {"x": 692.0, "y": 2055.0}, {"x": 627.0, "y": 2055.0}]}, "description": " 00"}, {"boundingPoly": {"vertices": [{"x": 624.0, "y": 2048.0}, {"x": 1089.0, "y": 2048.0}, {"x": 1089.0, "y": 2112.0}, {"x": 624.0, "y": 2112.0}]}, "description": " 8746C03FCFA3E1FF"}, {"boundingPoly": {"vertices": [{"x": 620.0, "y": 2116.0}, {"x": 802.0, "y": 2116.0}, {"x": 802.0, "y": 2174.0}, {"x": 620.0, "y": 2174.0}]}, "description": " 5E0300"}, {"boundingPoly": {"vertices": [{"x": 716.0, "y": 2290.0}, {"x": 1463.0, "y": 2273.0}, {"x": 1464.0, "y": 2337.0}, {"x": 718.0, "y": 2351.0}]}, "description": "CUSTOMER COPY"}, {"boundingPoly": {"vertices": [{"x": 489.0, "y": 2413.0}, {"x": 700.0, "y": 2411.0}, {"x": 700.0, "y": 2466.0}, {"x": 489.0, "y": 2467.0}]}, "description": "ITEMS 2"}, {"boundingPoly": {"vertices": [{"x": 1523.0, "y": 2389.0}, {"x": 1697.0, "y": 2386.0}, {"x": 1698.0, "y": 2438.0}, {"x": 1523.0, "y": 2444.0}]}, "description": "SANDRA"}, {"boundingPoly": {"vertices": [{"x": 491.0, "y": 2471.0}, {"x": 784.0, "y": 2464.0}, {"x": 786.0, "y": 2517.0}, {"x": 492.0, "y": 2524.0}]}, "description": "11/14/2019"}, {"boundingPoly": {"vertices": [{"x": 827.0, "y": 2464.0}, {"x": 1043.0, "y": 2464.0}, {"x": 1043.0, "y": 2517.0}, {"x": 827.0, "y": 2517.0}]}, "description": " 05:07PM"}, {"boundingPoly": {"vertices": [{"x": 490.0, "y": 2525.0}, {"x": 961.0, "y": 2519.0}, {"x": 961.0, "y": 2571.0}, {"x": 490.0, "y": 2577.0}]}, "description": "003372 02 503970"}, {"boundingPoly": {"vertices": [{"x": 727.0, "y": 2630.0}, {"x": 1432.0, "y": 2609.0}, {"x": 1434.0, "y": 2658.0}, {"x": 728.0, "y": 2679.0}]}, "description": "THANK YOU FOR SHOPPING AT"}, {"boundingPoly": {"vertices": [{"x": 563.0, "y": 2730.0}, {"x": 1627.0, "y": 2691.0}, {"x": 1629.0, "y": 2735.0}, {"x": 564.0, "y": 2775.0}]}, "description": "AUSTIN-BERGSTROM INTERNATIONAL AIRPORT"}, {"boundingPoly": {"vertices": [{"x": 1576.0, "y": 2502.0}, {"x": 1699.0, "y": 2500.0}, {"x": 1701.0, "y": 2544.0}, {"x": 1577.0, "y": 2548.0}]}, "description": "4133"}, {"boundingPoly": {"vertices": [{"x": 844.0, "y": 2677.0}, {"x": 1352.0, "y": 2659.0}, {"x": 1354.0, "y": 2702.0}, {"x": 845.0, "y": 2720.0}]}, "description": "PARADIES LAGARDERE"}, {"boundingPoly": {"vertices": [{"x": 806.0, "y": 2762.0}, {"x": 1357.0, "y": 2743.0}, {"x": 1358.0, "y": 2778.0}, {"x": 806.0, "y": 2798.0}]}, "description": "VISIT US ON THE WEB"}, {"boundingPoly": {"vertices": [{"x": 743.0, "y": 2801.0}, {"x": 1437.0, "y": 2770.0}, {"x": 1438.0, "y": 2804.0}, {"x": 745.0, "y": 2838.0}]}, "description": "WWW.PARADIESLAGARDERE.COM"}]}