{"textAnnotations": [{"boundingPoly": {"vertices": [{"x": 433.0, "y": 138.0}, {"x": 584.0, "y": 135.0}, {"x": 587.0, "y": 199.0}, {"x": 436.0, "y": 202.0}]}, "description": "merchant name"}, {"boundingPoly": {"vertices": [{"x": 288.0, "y": 261.0}, {"x": 745.0, "y": 237.0}, {"x": 746.0, "y": 282.0}, {"x": 288.0, "y": 305.0}]}, "description": "merchant address"}, {"boundingPoly": {"vertices": [{"x": 360.0, "y": 205.0}, {"x": 662.0, "y": 195.0}, {"x": 663.0, "y": 243.0}, {"x": 362.0, "y": 254.0}]}, "description": "merchant address"}, {"boundingPoly": {"vertices": [{"x": 378.0, "y": 301.0}, {"x": 642.0, "y": 291.0}, {"x": 643.0, "y": 335.0}, {"x": 380.0, "y": 347.0}]}, "description": "merchant phone"}, {"boundingPoly": {"vertices": [{"x": 1516.0, "y": 219.0}, {"x": 1663.0, "y": 217.0}, {"x": 1664.0, "y": 259.0}, {"x": 1517.0, "y": 261.0}]}, "description": "merchant name"}, {"boundingPoly": {"vertices": [{"x": 1439.0, "y": 265.0}, {"x": 1763.0, "y": 259.0}, {"x": 1765.0, "y": 305.0}, {"x": 1439.0, "y": 312.0}]}, "description": "merchant address"}, {"boundingPoly": {"vertices": [{"x": 1358.0, "y": 319.0}, {"x": 1843.0, "y": 303.0}, {"x": 1844.0, "y": 350.0}, {"x": 1358.0, "y": 365.0}]}, "description": "merchant address"}, {"boundingPoly": {"vertices": [{"x": 126.0, "y": 405.0}, {"x": 265.0, "y": 405.0}, {"x": 265.0, "y": 456.0}, {"x": 126.0, "y": 456.0}]}, "description": " Server:"}, {"boundingPoly": {"vertices": [{"x": 272.0, "y": 400.0}, {"x": 398.0, "y": 400.0}, {"x": 398.0, "y": 450.0}, {"x": 272.0, "y": 450.0}]}, "description": " olivia"}, {"boundingPoly": {"vertices": [{"x": 689.0, "y": 383.0}, {"x": 848.0, "y": 383.0}, {"x": 848.0, "y": 434.0}, {"x": 689.0, "y": 434.0}]}, "description": " Station:"}, {"boundingPoly": {"vertices": [{"x": 858.0, "y": 382.0}, {"x": 887.0, "y": 382.0}, {"x": 887.0, "y": 430.0}, {"x": 858.0, "y": 430.0}]}, "description": " 3"}, {"boundingPoly": {"vertices": [{"x": 1465.0, "y": 367.0}, {"x": 1746.0, "y": 357.0}, {"x": 1748.0, "y": 405.0}, {"x": 1465.0, "y": 416.0}]}, "description": "merchant phone"}, {"boundingPoly": {"vertices": [{"x": 120.0, "y": 504.0}, {"x": 278.0, "y": 504.0}, {"x": 278.0, "y": 551.0}, {"x": 120.0, "y": 551.0}]}, "description": " Order #:"}, {"boundingPoly": {"vertices": [{"x": 117.0, "y": 552.0}, {"x": 385.0, "y": 550.0}, {"x": 386.0, "y": 596.0}, {"x": 118.0, "y": 600.0}]}, "description": "(505) 567-7917"}, {"boundingPoly": {"vertices": [{"x": 116.0, "y": 603.0}, {"x": 395.0, "y": 603.0}, {"x": 395.0, "y": 652.0}, {"x": 116.0, "y": 652.0}]}, "description": " 140 washington"}, {"boundingPoly": {"vertices": [{"x": 285.0, "y": 502.0}, {"x": 391.0, "y": 502.0}, {"x": 391.0, "y": 550.0}, {"x": 285.0, "y": 550.0}]}, "description": " 78699"}, {"boundingPoly": {"vertices": [{"x": 725.0, "y": 486.0}, {"x": 885.0, "y": 486.0}, {"x": 884.0, "y": 533.0}, {"x": 725.0, "y": 533.0}]}, "description": "Delivery"}, {"boundingPoly": {"vertices": [{"x": 754.0, "y": 539.0}, {"x": 883.0, "y": 537.0}, {"x": 884.0, "y": 580.0}, {"x": 754.0, "y": 582.0}]}, "description": "kallan"}, {"boundingPoly": {"vertices": [{"x": 717.0, "y": 592.0}, {"x": 880.0, "y": 590.0}, {"x": 880.0, "y": 635.0}, {"x": 717.0, "y": 636.0}]}, "description": "New York"}, {"boundingPoly": {"vertices": [{"x": 1201.0, "y": 526.0}, {"x": 1400.0, "y": 526.0}, {"x": 1400.0, "y": 574.0}, {"x": 1201.0, "y": 574.0}]}, "description": " Date/Time:"}, {"boundingPoly": {"vertices": [{"x": 1204.0, "y": 578.0}, {"x": 1472.0, "y": 578.0}, {"x": 1472.0, "y": 626.0}, {"x": 1204.0, "y": 626.0}]}, "description": " Order Number:"}, {"boundingPoly": {"vertices": [{"x": 1199.0, "y": 628.0}, {"x": 1474.0, "y": 628.0}, {"x": 1474.0, "y": 679.0}, {"x": 1199.0, "y": 679.0}]}, "description": " Account Type:"}, {"boundingPoly": {"vertices": [{"x": 1197.0, "y": 678.0}, {"x": 1452.0, "y": 678.0}, {"x": 1452.0, "y": 731.0}, {"x": 1197.0, "y": 731.0}]}, "description": " EDC Tran ID:"}, {"boundingPoly": {"vertices": [{"x": 1201.0, "y": 737.0}, {"x": 1318.0, "y": 737.0}, {"x": 1318.0, "y": 782.0}, {"x": 1201.0, "y": 782.0}]}, "description": " Server"}, {"boundingPoly": {"vertices": [{"x": 1505.0, "y": 509.0}, {"x": 1898.0, "y": 509.0}, {"x": 1898.0, "y": 567.0}, {"x": 1505.0, "y": 567.0}]}, "description": " 2019-11-21 08:42 PM"}, {"boundingPoly": {"vertices": [{"x": 1489.0, "y": 574.0}, {"x": 1613.0, "y": 571.0}, {"x": 1612.0, "y": 615.0}, {"x": 1488.0, "y": 616.0}]}, "description": "78699"}, {"boundingPoly": {"vertices": [{"x": 1483.0, "y": 623.0}, {"x": 1627.0, "y": 621.0}, {"x": 1628.0, "y": 667.0}, {"x": 1483.0, "y": 669.0}]}, "description": "CREDIT"}, {"boundingPoly": {"vertices": [{"x": 1505.0, "y": 676.0}, {"x": 1699.0, "y": 672.0}, {"x": 1700.0, "y": 718.0}, {"x": 1506.0, "y": 724.0}]}, "description": "612208355"}, {"boundingPoly": {"vertices": [{"x": 1506.0, "y": 734.0}, {"x": 1638.0, "y": 733.0}, {"x": 1639.0, "y": 776.0}, {"x": 1507.0, "y": 779.0}]}, "description": "olivia"}, {"boundingPoly": {"vertices": [{"x": 407.0, "y": 602.0}, {"x": 456.0, "y": 602.0}, {"x": 456.0, "y": 647.0}, {"x": 407.0, "y": 647.0}]}, "description": " st"}, {"boundingPoly": {"vertices": [{"x": 98.0, "y": 703.0}, {"x": 256.0, "y": 703.0}, {"x": 256.0, "y": 753.0}, {"x": 98.0, "y": 753.0}]}, "description": " Remarks:"}, {"boundingPoly": {"vertices": [{"x": 265.0, "y": 692.0}, {"x": 797.0, "y": 692.0}, {"x": 797.0, "y": 752.0}, {"x": 265.0, "y": 752.0}]}, "description": " club quaters hotel room 411"}, {"boundingPoly": {"vertices": [{"x": 794.0, "y": 796.0}, {"x": 877.0, "y": 798.0}, {"x": 876.0, "y": 843.0}, {"x": 793.0, "y": 842.0}]}, "description": "5.00"}, {"boundingPoly": {"vertices": [{"x": 774.0, "y": 851.0}, {"x": 874.0, "y": 852.0}, {"x": 872.0, "y": 896.0}, {"x": 772.0, "y": 896.0}]}, "description": "14.00"}, {"boundingPoly": {"vertices": [{"x": 1326.0, "y": 739.0}, {"x": 1349.0, "y": 739.0}, {"x": 1349.0, "y": 782.0}, {"x": 1326.0, "y": 782.0}]}, "description": " :"}, {"boundingPoly": {"vertices": [{"x": 90.0, "y": 807.0}, {"x": 110.0, "y": 807.0}, {"x": 110.0, "y": 857.0}, {"x": 90.0, "y": 857.0}]}, "description": " 1"}, {"boundingPoly": {"vertices": [{"x": 91.0, "y": 859.0}, {"x": 112.0, "y": 859.0}, {"x": 112.0, "y": 908.0}, {"x": 91.0, "y": 908.0}]}, "description": " 1"}, {"boundingPoly": {"vertices": [{"x": 119.0, "y": 806.0}, {"x": 343.0, "y": 806.0}, {"x": 343.0, "y": 856.0}, {"x": 119.0, "y": 856.0}]}, "description": " Mango Lassi"}, {"boundingPoly": {"vertices": [{"x": 119.0, "y": 856.0}, {"x": 457.0, "y": 856.0}, {"x": 457.0, "y": 908.0}, {"x": 119.0, "y": 908.0}]}, "description": " Vegetable Biryani"}, {"boundingPoly": {"vertices": [{"x": 1195.0, "y": 843.0}, {"x": 1379.0, "y": 844.0}, {"x": 1378.0, "y": 926.0}, {"x": 1198.0, "y": 926.0}]}, "description": "PURCHASE"}, {"boundingPoly": {"vertices": [{"x": 1200.0, "y": 929.0}, {"x": 1372.0, "y": 928.0}, {"x": 1373.0, "y": 1015.0}, {"x": 1201.0, "y": 1015.0}]}, "description": "APPROVAL"}, {"boundingPoly": {"vertices": [{"x": 1201.0, "y": 1072.0}, {"x": 1430.0, "y": 1072.0}, {"x": 1430.0, "y": 1126.0}, {"x": 1201.0, "y": 1126.0}]}, "description": " Entry Mode:"}, {"boundingPoly": {"vertices": [{"x": 1201.0, "y": 1129.0}, {"x": 1448.0, "y": 1129.0}, {"x": 1448.0, "y": 1180.0}, {"x": 1201.0, "y": 1180.0}]}, "description": " Card Number:"}, {"boundingPoly": {"vertices": [{"x": 1200.0, "y": 1186.0}, {"x": 1453.0, "y": 1186.0}, {"x": 1453.0, "y": 1236.0}, {"x": 1200.0, "y": 1236.0}]}, "description": " Card Expire:"}, {"boundingPoly": {"vertices": [{"x": 1201.0, "y": 1241.0}, {"x": 1411.0, "y": 1241.0}, {"x": 1411.0, "y": 1293.0}, {"x": 1201.0, "y": 1293.0}]}, "description": " Card Type:"}, {"boundingPoly": {"vertices": [{"x": 1199.0, "y": 1297.0}, {"x": 1498.0, "y": 1297.0}, {"x": 1498.0, "y": 1349.0}, {"x": 1199.0, "y": 1349.0}]}, "description": " Approval Code:"}, {"boundingPoly": {"vertices": [{"x": 1200.0, "y": 1351.0}, {"x": 1569.0, "y": 1351.0}, {"x": 1569.0, "y": 1404.0}, {"x": 1200.0, "y": 1404.0}]}, "description": " Reference Number:"}, {"boundingPoly": {"vertices": [{"x": 69.0, "y": 1014.0}, {"x": 234.0, "y": 1014.0}, {"x": 234.0, "y": 1068.0}, {"x": 69.0, "y": 1068.0}]}, "description": " SUB TOTAL"}, {"boundingPoly": {"vertices": [{"x": 68.0, "y": 1071.0}, {"x": 330.0, "y": 1071.0}, {"x": 330.0, "y": 1120.0}, {"x": 68.0, "y": 1120.0}]}, "description": " NY State Tax:"}, {"boundingPoly": {"vertices": [{"x": 67.0, "y": 1124.0}, {"x": 183.0, "y": 1124.0}, {"x": 183.0, "y": 1174.0}, {"x": 67.0, "y": 1174.0}]}, "description": " Tax 2:"}, {"boundingPoly": {"vertices": [{"x": 244.0, "y": 1015.0}, {"x": 268.0, "y": 1015.0}, {"x": 268.0, "y": 1068.0}, {"x": 244.0, "y": 1068.0}]}, "description": " :"}, {"boundingPoly": {"vertices": [{"x": 770.0, "y": 1014.0}, {"x": 870.0, "y": 1012.0}, {"x": 868.0, "y": 1061.0}, {"x": 769.0, "y": 1061.0}]}, "description": "19.00"}, {"boundingPoly": {"vertices": [{"x": 787.0, "y": 1069.0}, {"x": 867.0, "y": 1069.0}, {"x": 867.0, "y": 1115.0}, {"x": 786.0, "y": 1115.0}]}, "description": "1.69"}, {"boundingPoly": {"vertices": [{"x": 785.0, "y": 1125.0}, {"x": 864.0, "y": 1127.0}, {"x": 862.0, "y": 1172.0}, {"x": 784.0, "y": 1170.0}]}, "description": "0.00"}, {"boundingPoly": {"vertices": [{"x": 1613.0, "y": 1066.0}, {"x": 1736.0, "y": 1066.0}, {"x": 1738.0, "y": 1114.0}, {"x": 1614.0, "y": 1115.0}]}, "description": "Keyed"}, {"boundingPoly": {"vertices": [{"x": 1618.0, "y": 1121.0}, {"x": 1949.0, "y": 1114.0}, {"x": 1951.0, "y": 1167.0}, {"x": 1618.0, "y": 1173.0}]}, "description": "XXXXXXXXXXX1006"}, {"boundingPoly": {"vertices": [{"x": 1621.0, "y": 1179.0}, {"x": 1734.0, "y": 1181.0}, {"x": 1735.0, "y": 1226.0}, {"x": 1620.0, "y": 1226.0}]}, "description": "XX/XX"}, {"boundingPoly": {"vertices": [{"x": 1623.0, "y": 1235.0}, {"x": 1976.0, "y": 1232.0}, {"x": 1976.0, "y": 1285.0}, {"x": 1623.0, "y": 1287.0}]}, "description": "American Express"}, {"boundingPoly": {"vertices": [{"x": 1625.0, "y": 1293.0}, {"x": 1753.0, "y": 1293.0}, {"x": 1749.0, "y": 1341.0}, {"x": 1626.0, "y": 1342.0}]}, "description": "140827"}, {"boundingPoly": {"vertices": [{"x": 1621.0, "y": 1350.0}, {"x": 1718.0, "y": 1348.0}, {"x": 1718.0, "y": 1399.0}, {"x": 1622.0, "y": 1400.0}]}, "description": "8335"}, {"boundingPoly": {"vertices": [{"x": 55.0, "y": 1236.0}, {"x": 174.0, "y": 1236.0}, {"x": 174.0, "y": 1325.0}, {"x": 55.0, "y": 1325.0}]}, "description": " TOTAL:"}, {"boundingPoly": {"vertices": [{"x": 728.0, "y": 1234.0}, {"x": 874.0, "y": 1232.0}, {"x": 873.0, "y": 1331.0}, {"x": 727.0, "y": 1333.0}]}, "description": "$20.69"}, {"boundingPoly": {"vertices": [{"x": 252.0, "y": 1379.0}, {"x": 493.0, "y": 1379.0}, {"x": 493.0, "y": 1468.0}, {"x": 252.0, "y": 1468.0}]}, "description": " >> Ticket #:"}, {"boundingPoly": {"vertices": [{"x": 213.0, "y": 1466.0}, {"x": 647.0, "y": 1466.0}, {"x": 647.0, "y": 1524.0}, {"x": 213.0, "y": 1524.0}]}, "description": " 11/21/2019 8:40:58 PM"}, {"boundingPoly": {"vertices": [{"x": 508.0, "y": 1382.0}, {"x": 638.0, "y": 1382.0}, {"x": 638.0, "y": 1468.0}, {"x": 508.0, "y": 1468.0}]}, "description": " 97 <<"}, {"boundingPoly": {"vertices": [{"x": 1195.0, "y": 1468.0}, {"x": 1391.0, "y": 1468.0}, {"x": 1391.0, "y": 1561.0}, {"x": 1195.0, "y": 1561.0}]}, "description": " PURCHASE:"}, {"boundingPoly": {"vertices": [{"x": 1188.0, "y": 1624.0}, {"x": 1391.0, "y": 1624.0}, {"x": 1391.0, "y": 1726.0}, {"x": 1188.0, "y": 1726.0}]}, "description": " Gratuity:"}, {"boundingPoly": {"vertices": [{"x": 1202.0, "y": 1775.0}, {"x": 1338.0, "y": 1775.0}, {"x": 1338.0, "y": 1878.0}, {"x": 1202.0, "y": 1878.0}]}, "description": " Total:"}, {"boundingPoly": {"vertices": [{"x": 1262.0, "y": 1936.0}, {"x": 2036.0, "y": 1946.0}, {"x": 2035.0, "y": 2006.0}, {"x": 1262.0, "y": 1996.0}]}, "description": "Cardmember acknowledges receipt of"}, {"boundingPoly": {"vertices": [{"x": 1935.0, "y": 1464.0}, {"x": 2080.0, "y": 1463.0}, {"x": 2082.0, "y": 1566.0}, {"x": 1937.0, "y": 1567.0}]}, "description": "$20.69"}, {"boundingPoly": {"vertices": [{"x": 1928.0, "y": 1593.0}, {"x": 2070.0, "y": 1592.0}, {"x": 2070.0, "y": 1694.0}, {"x": 1928.0, "y": 1695.0}]}, "description": "$3.31"}, {"boundingPoly": {"vertices": [{"x": 322.0, "y": 1582.0}, {"x": 533.0, "y": 1583.0}, {"x": 533.0, "y": 1636.0}, {"x": 322.0, "y": 1634.0}]}, "description": "THANK YOU!"}, {"boundingPoly": {"vertices": [{"x": 1241.0, "y": 2064.0}, {"x": 2049.0, "y": 2078.0}, {"x": 2048.0, "y": 2137.0}, {"x": 1241.0, "y": 2123.0}]}, "description": "of the total shown heron and agrees"}, {"boundingPoly": {"vertices": [{"x": 1243.0, "y": 2130.0}, {"x": 2074.0, "y": 2141.0}, {"x": 2074.0, "y": 2201.0}, {"x": 1242.0, "y": 2190.0}]}, "description": "to perform the obligations set forth"}, {"boundingPoly": {"vertices": [{"x": 1213.0, "y": 2195.0}, {"x": 2074.0, "y": 2205.0}, {"x": 2073.0, "y": 2268.0}, {"x": 1213.0, "y": 2256.0}]}, "description": "by cardmember's agreement with issuer"}, {"boundingPoly": {"vertices": [{"x": 1283.0, "y": 2393.0}, {"x": 1522.0, "y": 2393.0}, {"x": 1522.0, "y": 2458.0}, {"x": 1283.0, "y": 2458.0}]}, "description": " Signature:"}, {"boundingPoly": {"vertices": [{"x": 356.0, "y": 2724.0}, {"x": 864.0, "y": 2721.0}, {"x": 865.0, "y": 2777.0}, {"x": 356.0, "y": 2781.0}]}, "description": "REDMI NOTE 5 PRO"}, {"boundingPoly": {"vertices": [{"x": 356.0, "y": 2795.0}, {"x": 827.0, "y": 2794.0}, {"x": 828.0, "y": 2849.0}, {"x": 356.0, "y": 2850.0}]}, "description": "MI DUAL CAMERA"}]}