{"textAnnotations": [{"boundingPoly": {"vertices": [{"x": 353.0, "y": 296.0}, {"x": 592.0, "y": 295.0}, {"x": 593.0, "y": 349.0}, {"x": 354.0, "y": 350.0}]}, "description": "0178"}, {"boundingPoly": {"vertices": [{"x": 579.0, "y": 349.0}, {"x": 895.0, "y": 349.0}, {"x": 895.0, "y": 410.0}, {"x": 579.0, "y": 410.0}]}, "description": " MAXEWELL P"}, {"boundingPoly": {"vertices": [{"x": 354.0, "y": 415.0}, {"x": 1185.0, "y": 415.0}, {"x": 1185.0, "y": 484.0}, {"x": 354.0, "y": 484.0}]}, "description": " 10/29/19 13:31, Swiped T:"}, {"boundingPoly": {"vertices": [{"x": 347.0, "y": 357.0}, {"x": 569.0, "y": 357.0}, {"x": 569.0, "y": 415.0}, {"x": 347.0, "y": 415.0}]}, "description": " Server:"}, {"boundingPoly": {"vertices": [{"x": 1327.0, "y": 353.0}, {"x": 1465.0, "y": 353.0}, {"x": 1465.0, "y": 409.0}, {"x": 1327.0, "y": 409.0}]}, "description": " Rec:"}, {"boundingPoly": {"vertices": [{"x": 1209.0, "y": 415.0}, {"x": 1484.0, "y": 415.0}, {"x": 1484.0, "y": 479.0}, {"x": 1209.0, "y": 479.0}]}, "description": " 44 Term:"}, {"boundingPoly": {"vertices": [{"x": 1475.0, "y": 354.0}, {"x": 1546.0, "y": 354.0}, {"x": 1546.0, "y": 409.0}, {"x": 1475.0, "y": 409.0}]}, "description": " 63"}, {"boundingPoly": {"vertices": [{"x": 1507.0, "y": 416.0}, {"x": 1547.0, "y": 416.0}, {"x": 1547.0, "y": 479.0}, {"x": 1507.0, "y": 479.0}]}, "description": " 9"}, {"boundingPoly": {"vertices": [{"x": 335.0, "y": 558.0}, {"x": 1041.0, "y": 557.0}, {"x": 1041.0, "y": 619.0}, {"x": 335.0, "y": 620.0}]}, "description": "merchant name"}, {"boundingPoly": {"vertices": [{"x": 335.0, "y": 627.0}, {"x": 987.0, "y": 627.0}, {"x": 987.0, "y": 691.0}, {"x": 335.0, "y": 692.0}]}, "description": "merchant address"}, {"boundingPoly": {"vertices": [{"x": 335.0, "y": 700.0}, {"x": 922.0, "y": 700.0}, {"x": 922.0, "y": 764.0}, {"x": 335.0, "y": 764.0}]}, "description": "merchant address"}, {"boundingPoly": {"vertices": [{"x": 332.0, "y": 774.0}, {"x": 738.0, "y": 774.0}, {"x": 738.0, "y": 839.0}, {"x": 332.0, "y": 839.0}]}, "description": "merchant phone"}, {"boundingPoly": {"vertices": [{"x": 325.0, "y": 850.0}, {"x": 669.0, "y": 850.0}, {"x": 669.0, "y": 914.0}, {"x": 325.0, "y": 914.0}]}, "description": " MERCHANT #:"}, {"boundingPoly": {"vertices": [{"x": 332.0, "y": 993.0}, {"x": 624.0, "y": 992.0}, {"x": 625.0, "y": 1057.0}, {"x": 332.0, "y": 1058.0}]}, "description": "CARD TYPE"}, {"boundingPoly": {"vertices": [{"x": 333.0, "y": 1070.0}, {"x": 819.0, "y": 1070.0}, {"x": 819.0, "y": 1135.0}, {"x": 333.0, "y": 1135.0}]}, "description": "AMERICAN EXPRES"}, {"boundingPoly": {"vertices": [{"x": 323.0, "y": 1144.0}, {"x": 1044.0, "y": 1147.0}, {"x": 1044.0, "y": 1211.0}, {"x": 323.0, "y": 1207.0}]}, "description": "00 TRANSACTION APPROVED"}, {"boundingPoly": {"vertices": [{"x": 328.0, "y": 1219.0}, {"x": 835.0, "y": 1219.0}, {"x": 835.0, "y": 1287.0}, {"x": 328.0, "y": 1287.0}]}, "description": " AUTHORIZATION #:"}, {"boundingPoly": {"vertices": [{"x": 474.0, "y": 1295.0}, {"x": 705.0, "y": 1295.0}, {"x": 705.0, "y": 1361.0}, {"x": 474.0, "y": 1361.0}]}, "description": " *** 1766"}, {"boundingPoly": {"vertices": [{"x": 858.0, "y": 998.0}, {"x": 1286.0, "y": 995.0}, {"x": 1286.0, "y": 1059.0}, {"x": 858.0, "y": 1063.0}]}, "description": "ACCOUNT NUMBER"}, {"boundingPoly": {"vertices": [{"x": 843.0, "y": 1074.0}, {"x": 1355.0, "y": 1071.0}, {"x": 1355.0, "y": 1133.0}, {"x": 843.0, "y": 1136.0}]}, "description": "XXXXXXXXXXXX1009"}, {"boundingPoly": {"vertices": [{"x": 846.0, "y": 1222.0}, {"x": 1043.0, "y": 1222.0}, {"x": 1043.0, "y": 1288.0}, {"x": 846.0, "y": 1288.0}]}, "description": " 532362"}, {"boundingPoly": {"vertices": [{"x": 321.0, "y": 1298.0}, {"x": 461.0, "y": 1298.0}, {"x": 461.0, "y": 1361.0}, {"x": 321.0, "y": 1361.0}]}, "description": " MID:"}, {"boundingPoly": {"vertices": [{"x": 319.0, "y": 1446.0}, {"x": 493.0, "y": 1446.0}, {"x": 493.0, "y": 1516.0}, {"x": 319.0, "y": 1516.0}]}, "description": " AMEX:"}, {"boundingPoly": {"vertices": [{"x": 309.0, "y": 1521.0}, {"x": 775.0, "y": 1521.0}, {"x": 775.0, "y": 1597.0}, {"x": 309.0, "y": 1597.0}]}, "description": " Approval Code:"}, {"boundingPoly": {"vertices": [{"x": 307.0, "y": 1600.0}, {"x": 656.0, "y": 1600.0}, {"x": 656.0, "y": 1669.0}, {"x": 307.0, "y": 1669.0}]}, "description": " Reference:"}, {"boundingPoly": {"vertices": [{"x": 320.0, "y": 1676.0}, {"x": 678.0, "y": 1676.0}, {"x": 678.0, "y": 1747.0}, {"x": 320.0, "y": 1747.0}]}, "description": " TRANS TYPE:"}, {"boundingPoly": {"vertices": [{"x": 506.0, "y": 1446.0}, {"x": 1017.0, "y": 1446.0}, {"x": 1017.0, "y": 1516.0}, {"x": 506.0, "y": 1516.0}]}, "description": " xxxxxxxxxxxx1009"}, {"boundingPoly": {"vertices": [{"x": 788.0, "y": 1521.0}, {"x": 988.0, "y": 1521.0}, {"x": 988.0, "y": 1588.0}, {"x": 788.0, "y": 1588.0}]}, "description": " 532362"}, {"boundingPoly": {"vertices": [{"x": 669.0, "y": 1594.0}, {"x": 1081.0, "y": 1594.0}, {"x": 1081.0, "y": 1668.0}, {"x": 669.0, "y": 1668.0}]}, "description": " 1029030000178"}, {"boundingPoly": {"vertices": [{"x": 690.0, "y": 1668.0}, {"x": 1208.0, "y": 1668.0}, {"x": 1208.0, "y": 1743.0}, {"x": 690.0, "y": 1743.0}]}, "description": " Credit Card SALE"}, {"boundingPoly": {"vertices": [{"x": 321.0, "y": 1831.0}, {"x": 630.0, "y": 1831.0}, {"x": 630.0, "y": 1906.0}, {"x": 321.0, "y": 1906.0}]}, "description": " TOTAL"}, {"boundingPoly": {"vertices": [{"x": 643.0, "y": 1830.0}, {"x": 681.0, "y": 1830.0}, {"x": 681.0, "y": 1904.0}, {"x": 643.0, "y": 1904.0}]}, "description": " :"}, {"boundingPoly": {"vertices": [{"x": 1257.0, "y": 1814.0}, {"x": 1579.0, "y": 1814.0}, {"x": 1579.0, "y": 1891.0}, {"x": 1257.0, "y": 1891.0}]}, "description": "51.24"}, {"boundingPoly": {"vertices": [{"x": 306.0, "y": 2065.0}, {"x": 883.0, "y": 2065.0}, {"x": 883.0, "y": 2147.0}, {"x": 306.0, "y": 2147.0}]}, "description": " ADDL. TIP"}, {"boundingPoly": {"vertices": [{"x": 896.0, "y": 2065.0}, {"x": 938.0, "y": 2065.0}, {"x": 938.0, "y": 2139.0}, {"x": 896.0, "y": 2139.0}]}, "description": " :"}, {"boundingPoly": {"vertices": [{"x": 1262.0, "y": 2007.0}, {"x": 1591.0, "y": 1995.0}, {"x": 1593.0, "y": 2121.0}, {"x": 1265.0, "y": 2125.0}]}, "description": "8.00"}, {"boundingPoly": {"vertices": [{"x": 1086.0, "y": 2174.0}, {"x": 1644.0, "y": 2173.0}, {"x": 1644.0, "y": 2297.0}, {"x": 1086.0, "y": 2297.0}]}, "description": "59.24"}, {"boundingPoly": {"vertices": [{"x": 306.0, "y": 2233.0}, {"x": 624.0, "y": 2233.0}, {"x": 624.0, "y": 2312.0}, {"x": 306.0, "y": 2312.0}]}, "description": " TOTAL"}, {"boundingPoly": {"vertices": [{"x": 638.0, "y": 2233.0}, {"x": 679.0, "y": 2233.0}, {"x": 679.0, "y": 2309.0}, {"x": 638.0, "y": 2309.0}]}, "description": " :"}, {"boundingPoly": {"vertices": [{"x": 339.0, "y": 2752.0}, {"x": 343.0, "y": 2819.0}, {"x": 292.0, "y": 2821.0}, {"x": 288.0, "y": 2755.0}]}, "description": "\u00d7"}]}