{"textAnnotations": [{"boundingPoly": {"vertices": [{"x": 546.0, "y": 400.0}, {"x": 1106.0, "y": 400.0}, {"x": 1106.0, "y": 451.0}, {"x": 546.0, "y": 451.0}]}, "description": "*** Customer copy ***"}, {"boundingPoly": {"vertices": [{"x": 597.0, "y": 520.0}, {"x": 1080.0, "y": 515.0}, {"x": 1081.0, "y": 571.0}, {"x": 597.0, "y": 575.0}]}, "description": "merchant name"}, {"boundingPoly": {"vertices": [{"x": 327.0, "y": 586.0}, {"x": 1324.0, "y": 581.0}, {"x": 1324.0, "y": 634.0}, {"x": 327.0, "y": 640.0}]}, "description": "I agree to pay the above total amount"}, {"boundingPoly": {"vertices": [{"x": 514.0, "y": 648.0}, {"x": 1164.0, "y": 645.0}, {"x": 1164.0, "y": 700.0}, {"x": 514.0, "y": 703.0}]}, "description": "according to card issuer"}, {"boundingPoly": {"vertices": [{"x": 294.0, "y": 711.0}, {"x": 1355.0, "y": 706.0}, {"x": 1356.0, "y": 764.0}, {"x": 294.0, "y": 767.0}]}, "description": "agreement. (Merchant agreement if Credit"}, {"boundingPoly": {"vertices": [{"x": 371.0, "y": 773.0}, {"x": 1275.0, "y": 775.0}, {"x": 1275.0, "y": 833.0}, {"x": 371.0, "y": 830.0}]}, "description": "Voucher)Retain this copy for your"}, {"boundingPoly": {"vertices": [{"x": 727.0, "y": 845.0}, {"x": 946.0, "y": 845.0}, {"x": 946.0, "y": 896.0}, {"x": 727.0, "y": 896.0}]}, "description": "records."}, {"boundingPoly": {"vertices": [{"x": 274.0, "y": 964.0}, {"x": 812.0, "y": 964.0}, {"x": 812.0, "y": 1023.0}, {"x": 274.0, "y": 1023.0}]}, "description": "PURCHASE / APPROVED"}, {"boundingPoly": {"vertices": [{"x": 284.0, "y": 1032.0}, {"x": 732.0, "y": 1031.0}, {"x": 732.0, "y": 1086.0}, {"x": 284.0, "y": 1087.0}]}, "description": "AMERICAN EXPRESS"}, {"boundingPoly": {"vertices": [{"x": 289.0, "y": 1096.0}, {"x": 705.0, "y": 1094.0}, {"x": 705.0, "y": 1148.0}, {"x": 289.0, "y": 1149.0}]}, "description": "*********** 1006"}, {"boundingPoly": {"vertices": [{"x": 292.0, "y": 1158.0}, {"x": 596.0, "y": 1158.0}, {"x": 596.0, "y": 1215.0}, {"x": 292.0, "y": 1215.0}]}, "description": "CHIP READ /"}, {"boundingPoly": {"vertices": [{"x": 302.0, "y": 1286.0}, {"x": 812.0, "y": 1286.0}, {"x": 812.0, "y": 1343.0}, {"x": 302.0, "y": 1343.0}]}, "description": " 2019/11/20 14:38:40"}, {"boundingPoly": {"vertices": [{"x": 306.0, "y": 1352.0}, {"x": 389.0, "y": 1352.0}, {"x": 386.0, "y": 1404.0}, {"x": 306.0, "y": 1404.0}]}, "description": "TID"}, {"boundingPoly": {"vertices": [{"x": 306.0, "y": 1415.0}, {"x": 390.0, "y": 1415.0}, {"x": 388.0, "y": 1463.0}, {"x": 305.0, "y": 1463.0}]}, "description": "MID"}, {"boundingPoly": {"vertices": [{"x": 306.0, "y": 1478.0}, {"x": 552.0, "y": 1475.0}, {"x": 553.0, "y": 1526.0}, {"x": 306.0, "y": 1530.0}]}, "description": "REFERENCE"}, {"boundingPoly": {"vertices": [{"x": 312.0, "y": 1537.0}, {"x": 551.0, "y": 1537.0}, {"x": 552.0, "y": 1590.0}, {"x": 312.0, "y": 1591.0}]}, "description": "AUTH CODE"}, {"boundingPoly": {"vertices": [{"x": 1149.0, "y": 1348.0}, {"x": 1366.0, "y": 1348.0}, {"x": 1366.0, "y": 1400.0}, {"x": 1149.0, "y": 1400.0}]}, "description": "**** 5748"}, {"boundingPoly": {"vertices": [{"x": 1168.0, "y": 1411.0}, {"x": 1363.0, "y": 1411.0}, {"x": 1363.0, "y": 1462.0}, {"x": 1168.0, "y": 1463.0}]}, "description": "6634461"}, {"boundingPoly": {"vertices": [{"x": 702.0, "y": 1471.0}, {"x": 1366.0, "y": 1471.0}, {"x": 1366.0, "y": 1527.0}, {"x": 702.0, "y": 1528.0}]}, "description": "S1131T113101#56969@009804"}, {"boundingPoly": {"vertices": [{"x": 1197.0, "y": 1537.0}, {"x": 1365.0, "y": 1537.0}, {"x": 1364.0, "y": 1590.0}, {"x": 1197.0, "y": 1590.0}]}, "description": "882154"}, {"boundingPoly": {"vertices": [{"x": 309.0, "y": 1665.0}, {"x": 440.0, "y": 1667.0}, {"x": 439.0, "y": 1724.0}, {"x": 307.0, "y": 1722.0}]}, "description": "TOTAL"}, {"boundingPoly": {"vertices": [{"x": 1171.0, "y": 1665.0}, {"x": 1363.0, "y": 1664.0}, {"x": 1363.0, "y": 1722.0}, {"x": 1171.0, "y": 1723.0}]}, "description": "USD7.55"}, {"boundingPoly": {"vertices": [{"x": 304.0, "y": 1802.0}, {"x": 417.0, "y": 1802.0}, {"x": 417.0, "y": 1856.0}, {"x": 304.0, "y": 1856.0}]}, "description": " ARC:"}, {"boundingPoly": {"vertices": [{"x": 300.0, "y": 1865.0}, {"x": 416.0, "y": 1865.0}, {"x": 416.0, "y": 1923.0}, {"x": 300.0, "y": 1923.0}]}, "description": " TSI:"}, {"boundingPoly": {"vertices": [{"x": 302.0, "y": 1935.0}, {"x": 413.0, "y": 1935.0}, {"x": 413.0, "y": 1989.0}, {"x": 302.0, "y": 1989.0}]}, "description": " IAD:"}, {"boundingPoly": {"vertices": [{"x": 296.0, "y": 2000.0}, {"x": 413.0, "y": 2000.0}, {"x": 413.0, "y": 2057.0}, {"x": 296.0, "y": 2057.0}]}, "description": " TVR:"}, {"boundingPoly": {"vertices": [{"x": 288.0, "y": 2068.0}, {"x": 413.0, "y": 2068.0}, {"x": 413.0, "y": 2125.0}, {"x": 288.0, "y": 2125.0}]}, "description": " AID:"}, {"boundingPoly": {"vertices": [{"x": 288.0, "y": 2137.0}, {"x": 597.0, "y": 2137.0}, {"x": 597.0, "y": 2197.0}, {"x": 288.0, "y": 2197.0}]}, "description": " PAN Seq No:"}, {"boundingPoly": {"vertices": [{"x": 426.0, "y": 1803.0}, {"x": 489.0, "y": 1803.0}, {"x": 489.0, "y": 1856.0}, {"x": 426.0, "y": 1856.0}]}, "description": " 00"}, {"boundingPoly": {"vertices": [{"x": 427.0, "y": 1867.0}, {"x": 546.0, "y": 1867.0}, {"x": 546.0, "y": 1923.0}, {"x": 427.0, "y": 1923.0}]}, "description": " F800"}, {"boundingPoly": {"vertices": [{"x": 424.0, "y": 1935.0}, {"x": 810.0, "y": 1935.0}, {"x": 810.0, "y": 1992.0}, {"x": 424.0, "y": 1992.0}]}, "description": " 066B010360A002"}, {"boundingPoly": {"vertices": [{"x": 423.0, "y": 2000.0}, {"x": 704.0, "y": 2000.0}, {"x": 704.0, "y": 2056.0}, {"x": 423.0, "y": 2056.0}]}, "description": " 0000008000"}, {"boundingPoly": {"vertices": [{"x": 422.0, "y": 2066.0}, {"x": 866.0, "y": 2066.0}, {"x": 866.0, "y": 2125.0}, {"x": 422.0, "y": 2125.0}]}, "description": " A000000025010801"}, {"boundingPoly": {"vertices": [{"x": 609.0, "y": 2136.0}, {"x": 676.0, "y": 2136.0}, {"x": 676.0, "y": 2196.0}, {"x": 609.0, "y": 2196.0}]}, "description": " 00"}]}