{"textAnnotations": [{"boundingPoly": {"vertices": [{"x": 797.0, "y": 569.0}, {"x": 1291.0, "y": 567.0}, {"x": 1292.0, "y": 622.0}, {"x": 797.0, "y": 624.0}]}, "description": "merchant name"}, {"boundingPoly": {"vertices": [{"x": 932.0, "y": 638.0}, {"x": 1170.0, "y": 638.0}, {"x": 1169.0, "y": 693.0}, {"x": 932.0, "y": 692.0}]}, "description": "merchant address"}, {"boundingPoly": {"vertices": [{"x": 1013.0, "y": 699.0}, {"x": 1477.0, "y": 699.0}, {"x": 1477.0, "y": 763.0}, {"x": 1013.0, "y": 763.0}]}, "description": "merchant address"}, {"boundingPoly": {"vertices": [{"x": 608.0, "y": 702.0}, {"x": 1002.0, "y": 702.0}, {"x": 1002.0, "y": 768.0}, {"x": 608.0, "y": 768.0}]}, "description": "merchant address"}, {"boundingPoly": {"vertices": [{"x": 962.0, "y": 821.0}, {"x": 1138.0, "y": 821.0}, {"x": 1138.0, "y": 887.0}, {"x": 963.0, "y": 887.0}]}, "description": "BILL"}, {"boundingPoly": {"vertices": [{"x": 808.0, "y": 932.0}, {"x": 1287.0, "y": 928.0}, {"x": 1288.0, "y": 1034.0}, {"x": 809.0, "y": 1038.0}]}, "description": "(DINE IN)"}, {"boundingPoly": {"vertices": [{"x": 481.0, "y": 1069.0}, {"x": 946.0, "y": 1069.0}, {"x": 946.0, "y": 1140.0}, {"x": 481.0, "y": 1140.0}]}, "description": " BillNo:10025"}, {"boundingPoly": {"vertices": [{"x": 585.0, "y": 1181.0}, {"x": 688.0, "y": 1181.0}, {"x": 688.0, "y": 1236.0}, {"x": 585.0, "y": 1236.0}]}, "description": " A03"}, {"boundingPoly": {"vertices": [{"x": 482.0, "y": 1247.0}, {"x": 1064.0, "y": 1247.0}, {"x": 1064.0, "y": 1307.0}, {"x": 482.0, "y": 1307.0}]}, "description": " Dt:26/11/2019 02:09 PM"}, {"boundingPoly": {"vertices": [{"x": 491.0, "y": 1336.0}, {"x": 819.0, "y": 1338.0}, {"x": 819.0, "y": 1399.0}, {"x": 490.0, "y": 1397.0}]}, "description": "SI Description"}, {"boundingPoly": {"vertices": [{"x": 479.0, "y": 1134.0}, {"x": 746.0, "y": 1134.0}, {"x": 746.0, "y": 1196.0}, {"x": 479.0, "y": 1196.0}]}, "description": " Loc:AC MG"}, {"boundingPoly": {"vertices": [{"x": 482.0, "y": 1182.0}, {"x": 574.0, "y": 1182.0}, {"x": 574.0, "y": 1240.0}, {"x": 482.0, "y": 1240.0}]}, "description": " Tbl:"}, {"boundingPoly": {"vertices": [{"x": 1164.0, "y": 1339.0}, {"x": 1240.0, "y": 1340.0}, {"x": 1238.0, "y": 1397.0}, {"x": 1163.0, "y": 1397.0}]}, "description": "Qty"}, {"boundingPoly": {"vertices": [{"x": 1414.0, "y": 1337.0}, {"x": 1526.0, "y": 1337.0}, {"x": 1526.0, "y": 1384.0}, {"x": 1414.0, "y": 1385.0}]}, "description": "Rate"}, {"boundingPoly": {"vertices": [{"x": 1646.0, "y": 1339.0}, {"x": 1774.0, "y": 1339.0}, {"x": 1772.0, "y": 1384.0}, {"x": 1644.0, "y": 1385.0}]}, "description": "Amnt"}, {"boundingPoly": {"vertices": [{"x": 486.0, "y": 1469.0}, {"x": 974.0, "y": 1465.0}, {"x": 974.0, "y": 1516.0}, {"x": 487.0, "y": 1521.0}]}, "description": "1 CHICKEN BIRIYANI"}, {"boundingPoly": {"vertices": [{"x": 483.0, "y": 1528.0}, {"x": 860.0, "y": 1528.0}, {"x": 860.0, "y": 1579.0}, {"x": 483.0, "y": 1581.0}]}, "description": "2 SOFT DRINKS"}, {"boundingPoly": {"vertices": [{"x": 482.0, "y": 1592.0}, {"x": 880.0, "y": 1591.0}, {"x": 880.0, "y": 1641.0}, {"x": 482.0, "y": 1643.0}]}, "description": "3 VEG. BIRIYANI"}, {"boundingPoly": {"vertices": [{"x": 1206.0, "y": 1464.0}, {"x": 1501.0, "y": 1462.0}, {"x": 1501.0, "y": 1510.0}, {"x": 1206.0, "y": 1512.0}]}, "description": "8 NO 100.00"}, {"boundingPoly": {"vertices": [{"x": 1375.0, "y": 1525.0}, {"x": 1496.0, "y": 1527.0}, {"x": 1495.0, "y": 1573.0}, {"x": 1376.0, "y": 1572.0}]}, "description": "90.00"}, {"boundingPoly": {"vertices": [{"x": 1376.0, "y": 1590.0}, {"x": 1500.0, "y": 1588.0}, {"x": 1499.0, "y": 1635.0}, {"x": 1377.0, "y": 1635.0}]}, "description": "65.00"}, {"boundingPoly": {"vertices": [{"x": 1581.0, "y": 1462.0}, {"x": 1734.0, "y": 1463.0}, {"x": 1733.0, "y": 1508.0}, {"x": 1581.0, "y": 1507.0}]}, "description": "800.00"}, {"boundingPoly": {"vertices": [{"x": 1611.0, "y": 1525.0}, {"x": 1736.0, "y": 1525.0}, {"x": 1735.0, "y": 1572.0}, {"x": 1613.0, "y": 1574.0}]}, "description": "90.00"}, {"boundingPoly": {"vertices": [{"x": 1611.0, "y": 1590.0}, {"x": 1736.0, "y": 1588.0}, {"x": 1736.0, "y": 1634.0}, {"x": 1612.0, "y": 1637.0}]}, "description": "65.00"}, {"boundingPoly": {"vertices": [{"x": 1201.0, "y": 1526.0}, {"x": 1312.0, "y": 1527.0}, {"x": 1312.0, "y": 1574.0}, {"x": 1202.0, "y": 1573.0}]}, "description": "1 NO"}, {"boundingPoly": {"vertices": [{"x": 1204.0, "y": 1586.0}, {"x": 1315.0, "y": 1587.0}, {"x": 1314.0, "y": 1634.0}, {"x": 1206.0, "y": 1632.0}]}, "description": "1 NO"}, {"boundingPoly": {"vertices": [{"x": 808.0, "y": 1683.0}, {"x": 952.0, "y": 1683.0}, {"x": 952.0, "y": 1740.0}, {"x": 808.0, "y": 1740.0}]}, "description": " Total:"}, {"boundingPoly": {"vertices": [{"x": 806.0, "y": 1768.0}, {"x": 1196.0, "y": 1766.0}, {"x": 1196.0, "y": 1823.0}, {"x": 806.0, "y": 1825.0}]}, "description": "CGST @ 2.50 %"}, {"boundingPoly": {"vertices": [{"x": 805.0, "y": 1854.0}, {"x": 1194.0, "y": 1854.0}, {"x": 1195.0, "y": 1913.0}, {"x": 805.0, "y": 1913.0}]}, "description": "SGST @ 2.50 %"}, {"boundingPoly": {"vertices": [{"x": 809.0, "y": 1941.0}, {"x": 1283.0, "y": 1943.0}, {"x": 1282.0, "y": 2002.0}, {"x": 809.0, "y": 1998.0}]}, "description": "AC CHARGE @10%"}, {"boundingPoly": {"vertices": [{"x": 807.0, "y": 2008.0}, {"x": 1044.0, "y": 2005.0}, {"x": 1044.0, "y": 2062.0}, {"x": 808.0, "y": 2065.0}]}, "description": "RoundOff"}, {"boundingPoly": {"vertices": [{"x": 1554.0, "y": 1681.0}, {"x": 1745.0, "y": 1681.0}, {"x": 1745.0, "y": 1740.0}, {"x": 1554.0, "y": 1739.0}]}, "description": "955.00"}, {"boundingPoly": {"vertices": [{"x": 1603.0, "y": 1769.0}, {"x": 1746.0, "y": 1769.0}, {"x": 1745.0, "y": 1822.0}, {"x": 1604.0, "y": 1824.0}]}, "description": "21.63"}, {"boundingPoly": {"vertices": [{"x": 1600.0, "y": 1861.0}, {"x": 1749.0, "y": 1863.0}, {"x": 1747.0, "y": 1914.0}, {"x": 1600.0, "y": 1916.0}]}, "description": "21.63"}, {"boundingPoly": {"vertices": [{"x": 1608.0, "y": 1948.0}, {"x": 1750.0, "y": 1951.0}, {"x": 1750.0, "y": 2007.0}, {"x": 1609.0, "y": 2005.0}]}, "description": "95.50"}, {"boundingPoly": {"vertices": [{"x": 1638.0, "y": 2016.0}, {"x": 1752.0, "y": 2015.0}, {"x": 1751.0, "y": 2070.0}, {"x": 1640.0, "y": 2070.0}]}, "description": "0.24"}, {"boundingPoly": {"vertices": [{"x": 809.0, "y": 2126.0}, {"x": 1243.0, "y": 2130.0}, {"x": 1242.0, "y": 2195.0}, {"x": 809.0, "y": 2193.0}]}, "description": "Net Amount"}, {"boundingPoly": {"vertices": [{"x": 1437.0, "y": 2135.0}, {"x": 1749.0, "y": 2128.0}, {"x": 1750.0, "y": 2197.0}, {"x": 1437.0, "y": 2206.0}]}, "description": "1,094.00"}, {"boundingPoly": {"vertices": [{"x": 482.0, "y": 2248.0}, {"x": 1380.0, "y": 2254.0}, {"x": 1379.0, "y": 2320.0}, {"x": 482.0, "y": 2310.0}]}, "description": "INR One Thousand Ninety-Four Only"}, {"boundingPoly": {"vertices": [{"x": 806.0, "y": 2380.0}, {"x": 947.0, "y": 2381.0}, {"x": 946.0, "y": 2441.0}, {"x": 805.0, "y": 2441.0}]}, "description": "CASH"}, {"boundingPoly": {"vertices": [{"x": 1470.0, "y": 2384.0}, {"x": 1678.0, "y": 2379.0}, {"x": 1679.0, "y": 2440.0}, {"x": 1472.0, "y": 2447.0}]}, "description": "1,094.00"}, {"boundingPoly": {"vertices": [{"x": 473.0, "y": 2617.0}, {"x": 1521.0, "y": 2616.0}, {"x": 1521.0, "y": 2686.0}, {"x": 473.0, "y": 2687.0}]}, "description": "********* Thanks& Visit Again **********"}]}