{"textAnnotations": [{"boundingPoly": {"vertices": [{"x": 1770.0, "y": 0.0}, {"x": 1762.0, "y": 894.0}, {"x": 1642.0, "y": 893.0}, {"x": 1650.0, "y": 0.0}]}, "description": "an Express Cards"}, {"boundingPoly": {"vertices": [{"x": 1302.0, "y": 1144.0}, {"x": 1653.0, "y": 1144.0}, {"x": 1653.0, "y": 1249.0}, {"x": 1302.0, "y": 1249.0}]}, "description": " \u00d7 149.52"}, {"boundingPoly": {"vertices": [{"x": 772.0, "y": 1260.0}, {"x": 1642.0, "y": 1260.0}, {"x": 1642.0, "y": 1346.0}, {"x": 772.0, "y": 1346.0}]}, "description": " : Flavour Irish Cream"}, {"boundingPoly": {"vertices": [{"x": 447.0, "y": 262.0}, {"x": 599.0, "y": 262.0}, {"x": 599.0, "y": 349.0}, {"x": 447.0, "y": 349.0}]}, "description": " NO:"}, {"boundingPoly": {"vertices": [{"x": 611.0, "y": 240.0}, {"x": 1280.0, "y": 240.0}, {"x": 1280.0, "y": 347.0}, {"x": 611.0, "y": 347.0}]}, "description": " 06AABCD5534A1Z9"}, {"boundingPoly": {"vertices": [{"x": 659.0, "y": 360.0}, {"x": 1021.0, "y": 354.0}, {"x": 1023.0, "y": 457.0}, {"x": 661.0, "y": 464.0}]}, "description": "KOT - 76"}, {"boundingPoly": {"vertices": [{"x": 379.0, "y": 621.0}, {"x": 522.0, "y": 621.0}, {"x": 522.0, "y": 652.0}, {"x": 379.0, "y": 654.0}]}, "description": "---"}, {"boundingPoly": {"vertices": [{"x": 866.0, "y": 614.0}, {"x": 994.0, "y": 611.0}, {"x": 994.0, "y": 638.0}, {"x": 866.0, "y": 640.0}]}, "description": "--- -"}, {"boundingPoly": {"vertices": [{"x": 1025.0, "y": 610.0}, {"x": 1299.0, "y": 610.0}, {"x": 1299.0, "y": 637.0}, {"x": 1025.0, "y": 638.0}]}, "description": "--- -- - -"}, {"boundingPoly": {"vertices": [{"x": 1373.0, "y": 609.0}, {"x": 1531.0, "y": 609.0}, {"x": 1531.0, "y": 638.0}, {"x": 1373.0, "y": 637.0}]}, "description": "----"}, {"boundingPoly": {"vertices": [{"x": 362.0, "y": 693.0}, {"x": 628.0, "y": 693.0}, {"x": 628.0, "y": 810.0}, {"x": 362.0, "y": 810.0}]}, "description": " voice"}, {"boundingPoly": {"vertices": [{"x": 647.0, "y": 689.0}, {"x": 1201.0, "y": 689.0}, {"x": 1201.0, "y": 801.0}, {"x": 647.0, "y": 801.0}]}, "description": " #COSAAQ39330"}, {"boundingPoly": {"vertices": [{"x": 803.0, "y": 909.0}, {"x": 1497.0, "y": 909.0}, {"x": 1497.0, "y": 1019.0}, {"x": 803.0, "y": 1019.0}]}, "description": " 12:25 07-11-2019"}, {"boundingPoly": {"vertices": [{"x": 837.0, "y": 1018.0}, {"x": 1240.0, "y": 1018.0}, {"x": 1240.0, "y": 1126.0}, {"x": 837.0, "y": 1126.0}]}, "description": " delivered"}, {"boundingPoly": {"vertices": [{"x": 1221.0, "y": 1146.0}, {"x": 1282.0, "y": 1146.0}, {"x": 1282.0, "y": 1249.0}, {"x": 1221.0, "y": 1249.0}]}, "description": " 1"}, {"boundingPoly": {"vertices": [{"x": 293.0, "y": 797.0}, {"x": 519.0, "y": 797.0}, {"x": 519.0, "y": 911.0}, {"x": 293.0, "y": 911.0}]}, "description": " Name:"}, {"boundingPoly": {"vertices": [{"x": 307.0, "y": 915.0}, {"x": 783.0, "y": 915.0}, {"x": 783.0, "y": 1020.0}, {"x": 307.0, "y": 1020.0}]}, "description": " Order Time:"}, {"boundingPoly": {"vertices": [{"x": 307.0, "y": 1024.0}, {"x": 818.0, "y": 1024.0}, {"x": 818.0, "y": 1129.0}, {"x": 307.0, "y": 1129.0}]}, "description": " OrderStatus:"}, {"boundingPoly": {"vertices": [{"x": 323.0, "y": 1147.0}, {"x": 1194.0, "y": 1147.0}, {"x": 1194.0, "y": 1256.0}, {"x": 323.0, "y": 1256.0}]}, "description": " Belgian Chocolate Co"}, {"boundingPoly": {"vertices": [{"x": 299.0, "y": 894.0}, {"x": 287.0, "y": 18.0}, {"x": 397.0, "y": 15.0}, {"x": 416.0, "y": 893.0}]}, "description": "American Express"}, {"boundingPoly": {"vertices": [{"x": 331.0, "y": 1263.0}, {"x": 756.0, "y": 1263.0}, {"x": 756.0, "y": 1349.0}, {"x": 331.0, "y": 1349.0}]}, "description": " Cold Addon"}, {"boundingPoly": {"vertices": [{"x": 345.0, "y": 1463.0}, {"x": 988.0, "y": 1460.0}, {"x": 988.0, "y": 1540.0}, {"x": 345.0, "y": 1542.0}]}, "description": "Cappuccino Small"}, {"boundingPoly": {"vertices": [{"x": 1224.0, "y": 1462.0}, {"x": 1288.0, "y": 1462.0}, {"x": 1288.0, "y": 1543.0}, {"x": 1224.0, "y": 1543.0}]}, "description": " 1"}, {"boundingPoly": {"vertices": [{"x": 1302.0, "y": 1460.0}, {"x": 1606.0, "y": 1460.0}, {"x": 1606.0, "y": 1543.0}, {"x": 1302.0, "y": 1543.0}]}, "description": " \u00d7 55.24"}, {"boundingPoly": {"vertices": [{"x": 1764.0, "y": 1704.0}, {"x": 1754.0, "y": 2845.0}, {"x": 1636.0, "y": 2844.0}, {"x": 1651.0, "y": 1704.0}]}, "description": "American Express\u00ae Cards"}, {"boundingPoly": {"vertices": [{"x": 670.0, "y": 1744.0}, {"x": 1197.0, "y": 1744.0}, {"x": 1197.0, "y": 1849.0}, {"x": 670.0, "y": 1849.0}]}, "description": " CGST @ 2.50%"}, {"boundingPoly": {"vertices": [{"x": 666.0, "y": 1855.0}, {"x": 941.0, "y": 1855.0}, {"x": 941.0, "y": 1958.0}, {"x": 666.0, "y": 1958.0}]}, "description": " SGST @"}, {"boundingPoly": {"vertices": [{"x": 1215.0, "y": 1745.0}, {"x": 1503.0, "y": 1745.0}, {"x": 1503.0, "y": 1851.0}, {"x": 1215.0, "y": 1851.0}]}, "description": " = 5.12"}, {"boundingPoly": {"vertices": [{"x": 1214.0, "y": 1856.0}, {"x": 1281.0, "y": 1856.0}, {"x": 1281.0, "y": 1959.0}, {"x": 1214.0, "y": 1959.0}]}, "description": " ="}, {"boundingPoly": {"vertices": [{"x": 960.0, "y": 1855.0}, {"x": 1021.0, "y": 1855.0}, {"x": 1021.0, "y": 1958.0}, {"x": 960.0, "y": 1958.0}]}, "description": " 2."}, {"boundingPoly": {"vertices": [{"x": 1040.0, "y": 1855.0}, {"x": 1195.0, "y": 1855.0}, {"x": 1195.0, "y": 1959.0}, {"x": 1040.0, "y": 1959.0}]}, "description": " 50%"}, {"boundingPoly": {"vertices": [{"x": 1301.0, "y": 1856.0}, {"x": 1501.0, "y": 1856.0}, {"x": 1501.0, "y": 1960.0}, {"x": 1301.0, "y": 1960.0}]}, "description": " 5.12"}, {"boundingPoly": {"vertices": [{"x": 796.0, "y": 2071.0}, {"x": 1026.0, "y": 2071.0}, {"x": 1026.0, "y": 2168.0}, {"x": 796.0, "y": 2168.0}]}, "description": " Total"}, {"boundingPoly": {"vertices": [{"x": 1043.0, "y": 2076.0}, {"x": 1121.0, "y": 2076.0}, {"x": 1121.0, "y": 2168.0}, {"x": 1043.0, "y": 2168.0}]}, "description": " ="}, {"boundingPoly": {"vertices": [{"x": 1138.0, "y": 2074.0}, {"x": 1374.0, "y": 2074.0}, {"x": 1374.0, "y": 2171.0}, {"x": 1138.0, "y": 2171.0}]}, "description": " 215.0"}, {"boundingPoly": {"vertices": [{"x": 547.0, "y": 2283.0}, {"x": 774.0, "y": 2283.0}, {"x": 774.0, "y": 2394.0}, {"x": 547.0, "y": 2394.0}]}, "description": " 12:26:"}, {"boundingPoly": {"vertices": [{"x": 790.0, "y": 2283.0}, {"x": 1447.0, "y": 2283.0}, {"x": 1447.0, "y": 2394.0}, {"x": 790.0, "y": 2394.0}]}, "description": " 14 07-11-2019-"}, {"boundingPoly": {"vertices": [{"x": 848.0, "y": 2499.0}, {"x": 1107.0, "y": 2501.0}, {"x": 1106.0, "y": 2579.0}, {"x": 848.0, "y": 2577.0}]}, "description": "1.0.60"}, {"boundingPoly": {"vertices": [{"x": 294.0, "y": 2840.0}, {"x": 284.0, "y": 1690.0}, {"x": 416.0, "y": 1689.0}, {"x": 433.0, "y": 2838.0}]}, "description": "American Express\u00ae Cards"}]}