{"textAnnotations": [{"boundingPoly": {"vertices": [{"x": 522.0, "y": 39.0}, {"x": 988.0, "y": 11.0}, {"x": 989.0, "y": 52.0}, {"x": 525.0, "y": 80.0}]}, "description": "Thank You For Visiting the"}, {"boundingPoly": {"vertices": [{"x": 601.0, "y": 113.0}, {"x": 896.0, "y": 100.0}, {"x": 898.0, "y": 139.0}, {"x": 602.0, "y": 152.0}]}, "description": "Matthew Fraysier"}, {"boundingPoly": {"vertices": [{"x": 632.0, "y": 192.0}, {"x": 861.0, "y": 181.0}, {"x": 864.0, "y": 218.0}, {"x": 633.0, "y": 232.0}]}, "description": "merchant phone"}, {"boundingPoly": {"vertices": [{"x": 540.0, "y": 278.0}, {"x": 954.0, "y": 257.0}, {"x": 956.0, "y": 297.0}, {"x": 541.0, "y": 319.0}]}, "description": "Text @LTF11479 to 73940"}, {"boundingPoly": {"vertices": [{"x": 525.0, "y": 79.0}, {"x": 978.0, "y": 51.0}, {"x": 980.0, "y": 90.0}, {"x": 525.0, "y": 119.0}]}, "description": "merchant name"}, {"boundingPoly": {"vertices": [{"x": 614.0, "y": 154.0}, {"x": 887.0, "y": 143.0}, {"x": 889.0, "y": 179.0}, {"x": 615.0, "y": 193.0}]}, "description": "General Manager"}, {"boundingPoly": {"vertices": [{"x": 546.0, "y": 237.0}, {"x": 942.0, "y": 216.0}, {"x": 944.0, "y": 257.0}, {"x": 548.0, "y": 277.0}]}, "description": "We Love Your Feedback!"}, {"boundingPoly": {"vertices": [{"x": 1059.0, "y": 334.0}, {"x": 1125.0, "y": 332.0}, {"x": 1127.0, "y": 373.0}, {"x": 1061.0, "y": 375.0}]}, "description": "USD"}, {"boundingPoly": {"vertices": [{"x": 1044.0, "y": 382.0}, {"x": 1125.0, "y": 379.0}, {"x": 1124.0, "y": 420.0}, {"x": 1044.0, "y": 421.0}]}, "description": "2.05"}, {"boundingPoly": {"vertices": [{"x": 1046.0, "y": 422.0}, {"x": 1123.0, "y": 419.0}, {"x": 1123.0, "y": 455.0}, {"x": 1046.0, "y": 458.0}]}, "description": "2.99"}, {"boundingPoly": {"vertices": [{"x": 1049.0, "y": 461.0}, {"x": 1127.0, "y": 460.0}, {"x": 1127.0, "y": 499.0}, {"x": 1049.0, "y": 500.0}]}, "description": "1.30"}, {"boundingPoly": {"vertices": [{"x": 384.0, "y": 409.0}, {"x": 744.0, "y": 395.0}, {"x": 745.0, "y": 434.0}, {"x": 386.0, "y": 451.0}]}, "description": "Tropicana Orange w/C"}, {"boundingPoly": {"vertices": [{"x": 701.0, "y": 482.0}, {"x": 727.0, "y": 482.0}, {"x": 727.0, "y": 520.0}, {"x": 701.0, "y": 520.0}]}, "description": " 1"}, {"boundingPoly": {"vertices": [{"x": 373.0, "y": 531.0}, {"x": 722.0, "y": 522.0}, {"x": 723.0, "y": 562.0}, {"x": 374.0, "y": 573.0}]}, "description": "0.90 lb x $ 7.68/lb"}, {"boundingPoly": {"vertices": [{"x": 384.0, "y": 450.0}, {"x": 743.0, "y": 439.0}, {"x": 744.0, "y": 479.0}, {"x": 385.0, "y": 493.0}]}, "description": "Strawberry Fruit Yog"}, {"boundingPoly": {"vertices": [{"x": 379.0, "y": 483.0}, {"x": 693.0, "y": 483.0}, {"x": 693.0, "y": 532.0}, {"x": 379.0, "y": 532.0}]}, "description": " Chip Lays Classic"}, {"boundingPoly": {"vertices": [{"x": 375.0, "y": 574.0}, {"x": 653.0, "y": 565.0}, {"x": 654.0, "y": 603.0}, {"x": 375.0, "y": 614.0}]}, "description": "Small Clamshell"}, {"boundingPoly": {"vertices": [{"x": 1040.0, "y": 551.0}, {"x": 1122.0, "y": 549.0}, {"x": 1121.0, "y": 586.0}, {"x": 1039.0, "y": 588.0}]}, "description": "6.91"}, {"boundingPoly": {"vertices": [{"x": 783.0, "y": 644.0}, {"x": 950.0, "y": 639.0}, {"x": 951.0, "y": 679.0}, {"x": 785.0, "y": 685.0}]}, "description": "Sub Total"}, {"boundingPoly": {"vertices": [{"x": 1028.0, "y": 633.0}, {"x": 1126.0, "y": 631.0}, {"x": 1127.0, "y": 671.0}, {"x": 1030.0, "y": 674.0}]}, "description": "13.25"}, {"boundingPoly": {"vertices": [{"x": 1049.0, "y": 679.0}, {"x": 1118.0, "y": 677.0}, {"x": 1119.0, "y": 714.0}, {"x": 1050.0, "y": 717.0}]}, "description": "1.18"}, {"boundingPoly": {"vertices": [{"x": 781.0, "y": 689.0}, {"x": 969.0, "y": 682.0}, {"x": 971.0, "y": 721.0}, {"x": 781.0, "y": 729.0}]}, "description": "Tax Amount"}, {"boundingPoly": {"vertices": [{"x": 343.0, "y": 830.0}, {"x": 671.0, "y": 824.0}, {"x": 673.0, "y": 895.0}, {"x": 344.0, "y": 903.0}]}, "description": "Total USD"}, {"boundingPoly": {"vertices": [{"x": 931.0, "y": 817.0}, {"x": 1118.0, "y": 813.0}, {"x": 1117.0, "y": 884.0}, {"x": 932.0, "y": 889.0}]}, "description": "14.43"}, {"boundingPoly": {"vertices": [{"x": 330.0, "y": 1032.0}, {"x": 725.0, "y": 1026.0}, {"x": 725.0, "y": 1069.0}, {"x": 330.0, "y": 1074.0}]}, "description": "5009 AMERICAN EXPRESS"}, {"boundingPoly": {"vertices": [{"x": 1017.0, "y": 1021.0}, {"x": 1121.0, "y": 1022.0}, {"x": 1119.0, "y": 1062.0}, {"x": 1017.0, "y": 1061.0}]}, "description": "14.43"}, {"boundingPoly": {"vertices": [{"x": 328.0, "y": 1172.0}, {"x": 386.0, "y": 1171.0}, {"x": 385.0, "y": 1206.0}, {"x": 327.0, "y": 1207.0}]}, "description": "Tax"}, {"boundingPoly": {"vertices": [{"x": 325.0, "y": 1213.0}, {"x": 476.0, "y": 1209.0}, {"x": 477.0, "y": 1253.0}, {"x": 326.0, "y": 1258.0}]}, "description": "() 8.875"}, {"boundingPoly": {"vertices": [{"x": 622.0, "y": 1161.0}, {"x": 905.0, "y": 1161.0}, {"x": 905.0, "y": 1206.0}, {"x": 622.0, "y": 1206.0}]}, "description": " Taxable Amount"}, {"boundingPoly": {"vertices": [{"x": 796.0, "y": 1207.0}, {"x": 887.0, "y": 1206.0}, {"x": 886.0, "y": 1246.0}, {"x": 795.0, "y": 1248.0}]}, "description": "13.25"}, {"boundingPoly": {"vertices": [{"x": 921.0, "y": 1160.0}, {"x": 1116.0, "y": 1160.0}, {"x": 1116.0, "y": 1203.0}, {"x": 921.0, "y": 1203.0}]}, "description": " Tax Amount"}, {"boundingPoly": {"vertices": [{"x": 1049.0, "y": 1206.0}, {"x": 1115.0, "y": 1205.0}, {"x": 1115.0, "y": 1245.0}, {"x": 1049.0, "y": 1245.0}]}, "description": "1.18"}, {"boundingPoly": {"vertices": [{"x": 323.0, "y": 1342.0}, {"x": 1116.0, "y": 1342.0}, {"x": 1116.0, "y": 1391.0}, {"x": 323.0, "y": 1391.0}]}, "description": " 11/20/2019 09:20 AM #:51853 Op:4023 C:111"}, {"boundingPoly": {"vertices": [{"x": 319.0, "y": 1393.0}, {"x": 503.0, "y": 1393.0}, {"x": 503.0, "y": 1437.0}, {"x": 319.0, "y": 1437.0}]}, "description": " 105 S:1111"}, {"boundingPoly": {"vertices": [{"x": 311.0, "y": 1441.0}, {"x": 508.0, "y": 1441.0}, {"x": 508.0, "y": 1484.0}, {"x": 311.0, "y": 1484.0}]}, "description": " Served you"}, {"boundingPoly": {"vertices": [{"x": 515.0, "y": 1438.0}, {"x": 862.0, "y": 1438.0}, {"x": 862.0, "y": 1483.0}, {"x": 515.0, "y": 1483.0}]}, "description": " : Lucrecia Findley"}, {"boundingPoly": {"vertices": [{"x": 473.0, "y": 1629.0}, {"x": 881.0, "y": 1629.0}, {"x": 881.0, "y": 1672.0}, {"x": 473.0, "y": 1671.0}]}, "description": "*** Customer copy ***"}, {"boundingPoly": {"vertices": [{"x": 542.0, "y": 1719.0}, {"x": 812.0, "y": 1721.0}, {"x": 811.0, "y": 1769.0}, {"x": 542.0, "y": 1766.0}]}, "description": "AMEX NY937 (5)"}, {"boundingPoly": {"vertices": [{"x": 310.0, "y": 1769.0}, {"x": 1032.0, "y": 1770.0}, {"x": 1032.0, "y": 1818.0}, {"x": 310.0, "y": 1817.0}]}, "description": "I agree to pay the above total amount"}, {"boundingPoly": {"vertices": [{"x": 441.0, "y": 1821.0}, {"x": 916.0, "y": 1823.0}, {"x": 915.0, "y": 1867.0}, {"x": 441.0, "y": 1864.0}]}, "description": "according to card issuer"}, {"boundingPoly": {"vertices": [{"x": 473.0, "y": 1869.0}, {"x": 1052.0, "y": 1869.0}, {"x": 1052.0, "y": 1918.0}, {"x": 473.0, "y": 1918.0}]}, "description": " (Merchant agreement if Credit"}, {"boundingPoly": {"vertices": [{"x": 287.0, "y": 1870.0}, {"x": 447.0, "y": 1870.0}, {"x": 447.0, "y": 1916.0}, {"x": 287.0, "y": 1916.0}]}, "description": " agreement"}, {"boundingPoly": {"vertices": [{"x": 339.0, "y": 1915.0}, {"x": 992.0, "y": 1920.0}, {"x": 991.0, "y": 1970.0}, {"x": 339.0, "y": 1961.0}]}, "description": "Voucher) Retain this copy for your"}, {"boundingPoly": {"vertices": [{"x": 597.0, "y": 1970.0}, {"x": 745.0, "y": 1970.0}, {"x": 744.0, "y": 2012.0}, {"x": 597.0, "y": 2010.0}]}, "description": "records."}, {"boundingPoly": {"vertices": [{"x": 455.0, "y": 1870.0}, {"x": 465.0, "y": 1870.0}, {"x": 465.0, "y": 1915.0}, {"x": 455.0, "y": 1915.0}]}, "description": " ."}, {"boundingPoly": {"vertices": [{"x": 279.0, "y": 2059.0}, {"x": 653.0, "y": 2064.0}, {"x": 652.0, "y": 2112.0}, {"x": 279.0, "y": 2106.0}]}, "description": "PURCHASE / APPROVED"}, {"boundingPoly": {"vertices": [{"x": 276.0, "y": 2111.0}, {"x": 588.0, "y": 2113.0}, {"x": 588.0, "y": 2158.0}, {"x": 276.0, "y": 2154.0}]}, "description": "AMERICAN EXPRESS"}, {"boundingPoly": {"vertices": [{"x": 274.0, "y": 2163.0}, {"x": 569.0, "y": 2167.0}, {"x": 568.0, "y": 2208.0}, {"x": 274.0, "y": 2203.0}]}, "description": "*********** 1006"}, {"boundingPoly": {"vertices": [{"x": 264.0, "y": 2210.0}, {"x": 500.0, "y": 2213.0}, {"x": 499.0, "y": 2259.0}, {"x": 264.0, "y": 2256.0}]}, "description": "CHIP READ /"}, {"boundingPoly": {"vertices": [{"x": 262.0, "y": 2309.0}, {"x": 644.0, "y": 2309.0}, {"x": 644.0, "y": 2367.0}, {"x": 262.0, "y": 2367.0}]}, "description": " 2019/11/20 09:20:44"}, {"boundingPoly": {"vertices": [{"x": 271.0, "y": 2360.0}, {"x": 326.0, "y": 2364.0}, {"x": 324.0, "y": 2407.0}, {"x": 268.0, "y": 2403.0}]}, "description": "TID"}, {"boundingPoly": {"vertices": [{"x": 260.0, "y": 2412.0}, {"x": 323.0, "y": 2411.0}, {"x": 319.0, "y": 2455.0}, {"x": 256.0, "y": 2456.0}]}, "description": "MID"}, {"boundingPoly": {"vertices": [{"x": 256.0, "y": 2463.0}, {"x": 434.0, "y": 2468.0}, {"x": 432.0, "y": 2515.0}, {"x": 255.0, "y": 2510.0}]}, "description": "REFERENCE"}, {"boundingPoly": {"vertices": [{"x": 253.0, "y": 2515.0}, {"x": 431.0, "y": 2524.0}, {"x": 428.0, "y": 2568.0}, {"x": 251.0, "y": 2559.0}]}, "description": "AUTH CODE"}, {"boundingPoly": {"vertices": [{"x": 899.0, "y": 2383.0}, {"x": 1062.0, "y": 2387.0}, {"x": 1061.0, "y": 2428.0}, {"x": 898.0, "y": 2424.0}]}, "description": "**** 6039"}, {"boundingPoly": {"vertices": [{"x": 918.0, "y": 2434.0}, {"x": 1065.0, "y": 2437.0}, {"x": 1064.0, "y": 2482.0}, {"x": 917.0, "y": 2478.0}]}, "description": "6634459"}, {"boundingPoly": {"vertices": [{"x": 547.0, "y": 2473.0}, {"x": 1062.0, "y": 2488.0}, {"x": 1061.0, "y": 2536.0}, {"x": 546.0, "y": 2524.0}]}, "description": "S1111T111105#51853@425467"}, {"boundingPoly": {"vertices": [{"x": 933.0, "y": 2544.0}, {"x": 1065.0, "y": 2547.0}, {"x": 1063.0, "y": 2592.0}, {"x": 932.0, "y": 2588.0}]}, "description": "835116"}, {"boundingPoly": {"vertices": [{"x": 249.0, "y": 2619.0}, {"x": 345.0, "y": 2624.0}, {"x": 343.0, "y": 2669.0}, {"x": 247.0, "y": 2663.0}]}, "description": "TOTAL"}, {"boundingPoly": {"vertices": [{"x": 884.0, "y": 2647.0}, {"x": 1059.0, "y": 2654.0}, {"x": 1057.0, "y": 2700.0}, {"x": 882.0, "y": 2693.0}]}, "description": "USD14.43"}, {"boundingPoly": {"vertices": [{"x": 240.0, "y": 2760.0}, {"x": 297.0, "y": 2761.0}, {"x": 296.0, "y": 2819.0}, {"x": 239.0, "y": 2818.0}]}, "description": "TS"}, {"boundingPoly": {"vertices": [{"x": 244.0, "y": 2830.0}, {"x": 322.0, "y": 2830.0}, {"x": 322.0, "y": 2879.0}, {"x": 244.0, "y": 2879.0}]}, "description": " IAD:"}, {"boundingPoly": {"vertices": [{"x": 237.0, "y": 2882.0}, {"x": 321.0, "y": 2882.0}, {"x": 321.0, "y": 2931.0}, {"x": 237.0, "y": 2931.0}]}, "description": " TVR:"}, {"boundingPoly": {"vertices": [{"x": 316.0, "y": 2719.0}, {"x": 859.0, "y": 2719.0}, {"x": 859.0, "y": 2776.0}, {"x": 316.0, "y": 2774.0}]}, "description": "REDMI NOTE 5 PRO"}, {"boundingPoly": {"vertices": [{"x": 334.0, "y": 2785.0}, {"x": 815.0, "y": 2789.0}, {"x": 814.0, "y": 2846.0}, {"x": 334.0, "y": 2843.0}]}, "description": "FMI DUAL CAMERA"}, {"boundingPoly": {"vertices": [{"x": 328.0, "y": 2885.0}, {"x": 450.0, "y": 2885.0}, {"x": 450.0, "y": 2935.0}, {"x": 328.0, "y": 2935.0}]}, "description": " 000000"}, {"boundingPoly": {"vertices": [{"x": 328.0, "y": 2835.0}, {"x": 627.0, "y": 2835.0}, {"x": 627.0, "y": 2897.0}, {"x": 328.0, "y": 2897.0}]}, "description": " 06600103602002"}]}