{"textAnnotations": [{"boundingPoly": {"vertices": [{"x": 901.0, "y": 147.0}, {"x": 1488.0, "y": 125.0}, {"x": 1489.0, "y": 180.0}, {"x": 902.0, "y": 200.0}]}, "description": "Thank You For Visiting the"}, {"boundingPoly": {"vertices": [{"x": 1011.0, "y": 260.0}, {"x": 1375.0, "y": 247.0}, {"x": 1377.0, "y": 297.0}, {"x": 1013.0, "y": 311.0}]}, "description": "Matthew Fraysier"}, {"boundingPoly": {"vertices": [{"x": 1050.0, "y": 369.0}, {"x": 1344.0, "y": 357.0}, {"x": 1346.0, "y": 408.0}, {"x": 1052.0, "y": 424.0}]}, "description": "merchant phone"}, {"boundingPoly": {"vertices": [{"x": 944.0, "y": 481.0}, {"x": 1461.0, "y": 457.0}, {"x": 1464.0, "y": 507.0}, {"x": 945.0, "y": 533.0}]}, "description": "Text @LTF11479 to 73940"}, {"boundingPoly": {"vertices": [{"x": 911.0, "y": 206.0}, {"x": 1476.0, "y": 180.0}, {"x": 1477.0, "y": 235.0}, {"x": 913.0, "y": 260.0}]}, "description": "merchant name"}, {"boundingPoly": {"vertices": [{"x": 1026.0, "y": 318.0}, {"x": 1364.0, "y": 303.0}, {"x": 1366.0, "y": 351.0}, {"x": 1028.0, "y": 367.0}]}, "description": "General Manager"}, {"boundingPoly": {"vertices": [{"x": 952.0, "y": 429.0}, {"x": 1441.0, "y": 405.0}, {"x": 1443.0, "y": 456.0}, {"x": 953.0, "y": 477.0}]}, "description": "We Love Your Feedback!"}, {"boundingPoly": {"vertices": [{"x": 1606.0, "y": 555.0}, {"x": 1677.0, "y": 554.0}, {"x": 1677.0, "y": 596.0}, {"x": 1606.0, "y": 597.0}]}, "description": "USD"}, {"boundingPoly": {"vertices": [{"x": 1582.0, "y": 605.0}, {"x": 1680.0, "y": 603.0}, {"x": 1681.0, "y": 643.0}, {"x": 1584.0, "y": 646.0}]}, "description": "3.40"}, {"boundingPoly": {"vertices": [{"x": 758.0, "y": 637.0}, {"x": 1100.0, "y": 641.0}, {"x": 1099.0, "y": 694.0}, {"x": 757.0, "y": 689.0}]}, "description": "Cappuccino 12oz"}, {"boundingPoly": {"vertices": [{"x": 1266.0, "y": 733.0}, {"x": 1477.0, "y": 721.0}, {"x": 1480.0, "y": 771.0}, {"x": 1270.0, "y": 785.0}]}, "description": "Sub Total"}, {"boundingPoly": {"vertices": [{"x": 1581.0, "y": 714.0}, {"x": 1684.0, "y": 710.0}, {"x": 1685.0, "y": 759.0}, {"x": 1584.0, "y": 764.0}]}, "description": "3.40"}, {"boundingPoly": {"vertices": [{"x": 1582.0, "y": 771.0}, {"x": 1685.0, "y": 768.0}, {"x": 1688.0, "y": 814.0}, {"x": 1584.0, "y": 819.0}]}, "description": "0.30"}, {"boundingPoly": {"vertices": [{"x": 1271.0, "y": 789.0}, {"x": 1502.0, "y": 777.0}, {"x": 1505.0, "y": 829.0}, {"x": 1273.0, "y": 840.0}]}, "description": "Tax Amount"}, {"boundingPoly": {"vertices": [{"x": 747.0, "y": 967.0}, {"x": 1151.0, "y": 964.0}, {"x": 1152.0, "y": 1064.0}, {"x": 747.0, "y": 1068.0}]}, "description": "Total USD"}, {"boundingPoly": {"vertices": [{"x": 1497.0, "y": 947.0}, {"x": 1687.0, "y": 940.0}, {"x": 1689.0, "y": 1025.0}, {"x": 1502.0, "y": 1033.0}]}, "description": "3.70"}, {"boundingPoly": {"vertices": [{"x": 760.0, "y": 1226.0}, {"x": 962.0, "y": 1225.0}, {"x": 962.0, "y": 1271.0}, {"x": 760.0, "y": 1272.0}]}, "description": "5008 AMEX"}, {"boundingPoly": {"vertices": [{"x": 1596.0, "y": 1195.0}, {"x": 1688.0, "y": 1195.0}, {"x": 1689.0, "y": 1238.0}, {"x": 1598.0, "y": 1239.0}]}, "description": "3.70"}, {"boundingPoly": {"vertices": [{"x": 763.0, "y": 1370.0}, {"x": 827.0, "y": 1371.0}, {"x": 824.0, "y": 1407.0}, {"x": 760.0, "y": 1405.0}]}, "description": "Tax"}, {"boundingPoly": {"vertices": [{"x": 761.0, "y": 1401.0}, {"x": 942.0, "y": 1410.0}, {"x": 941.0, "y": 1448.0}, {"x": 759.0, "y": 1440.0}]}, "description": "() 8.875"}, {"boundingPoly": {"vertices": [{"x": 1120.0, "y": 1364.0}, {"x": 1444.0, "y": 1364.0}, {"x": 1444.0, "y": 1419.0}, {"x": 1120.0, "y": 1419.0}]}, "description": " Taxable Amount"}, {"boundingPoly": {"vertices": [{"x": 1467.0, "y": 1355.0}, {"x": 1705.0, "y": 1355.0}, {"x": 1705.0, "y": 1410.0}, {"x": 1467.0, "y": 1410.0}]}, "description": " Tax Amount"}, {"boundingPoly": {"vertices": [{"x": 1609.0, "y": 1411.0}, {"x": 1705.0, "y": 1408.0}, {"x": 1707.0, "y": 1454.0}, {"x": 1610.0, "y": 1457.0}]}, "description": "0.30"}, {"boundingPoly": {"vertices": [{"x": 1339.0, "y": 1417.0}, {"x": 1428.0, "y": 1416.0}, {"x": 1430.0, "y": 1460.0}, {"x": 1340.0, "y": 1462.0}]}, "description": "3.40"}, {"boundingPoly": {"vertices": [{"x": 758.0, "y": 1553.0}, {"x": 1247.0, "y": 1553.0}, {"x": 1247.0, "y": 1612.0}, {"x": 758.0, "y": 1612.0}]}, "description": " 11/12/2019 09:59 AM #:"}, {"boundingPoly": {"vertices": [{"x": 755.0, "y": 1611.0}, {"x": 990.0, "y": 1611.0}, {"x": 990.0, "y": 1665.0}, {"x": 755.0, "y": 1665.0}]}, "description": " 108 S:1111"}, {"boundingPoly": {"vertices": [{"x": 749.0, "y": 1670.0}, {"x": 995.0, "y": 1670.0}, {"x": 995.0, "y": 1724.0}, {"x": 749.0, "y": 1724.0}]}, "description": " Served you"}, {"boundingPoly": {"vertices": [{"x": 1258.0, "y": 1560.0}, {"x": 1633.0, "y": 1560.0}, {"x": 1633.0, "y": 1619.0}, {"x": 1258.0, "y": 1619.0}]}, "description": " 16323 Op:4048 C:"}, {"boundingPoly": {"vertices": [{"x": 1643.0, "y": 1569.0}, {"x": 1715.0, "y": 1569.0}, {"x": 1715.0, "y": 1620.0}, {"x": 1643.0, "y": 1620.0}]}, "description": " 111"}, {"boundingPoly": {"vertices": [{"x": 1005.0, "y": 1669.0}, {"x": 1410.0, "y": 1669.0}, {"x": 1410.0, "y": 1725.0}, {"x": 1005.0, "y": 1725.0}]}, "description": " : Tenesia Tulloch"}, {"boundingPoly": {"vertices": [{"x": 956.0, "y": 1904.0}, {"x": 1456.0, "y": 1908.0}, {"x": 1456.0, "y": 1957.0}, {"x": 956.0, "y": 1954.0}]}, "description": "*** Customer copy ***"}, {"boundingPoly": {"vertices": [{"x": 1053.0, "y": 2022.0}, {"x": 1378.0, "y": 2022.0}, {"x": 1378.0, "y": 2077.0}, {"x": 1053.0, "y": 2076.0}]}, "description": "AMEX NY937 (8)"}, {"boundingPoly": {"vertices": [{"x": 736.0, "y": 2136.0}, {"x": 1200.0, "y": 2142.0}, {"x": 1199.0, "y": 2195.0}, {"x": 736.0, "y": 2189.0}]}, "description": "PURCHASE / APPROVED"}, {"boundingPoly": {"vertices": [{"x": 736.0, "y": 2198.0}, {"x": 837.0, "y": 2200.0}, {"x": 835.0, "y": 2248.0}, {"x": 734.0, "y": 2247.0}]}, "description": "AMEX"}, {"boundingPoly": {"vertices": [{"x": 735.0, "y": 2261.0}, {"x": 1104.0, "y": 2264.0}, {"x": 1103.0, "y": 2316.0}, {"x": 734.0, "y": 2309.0}]}, "description": "*********** 1000"}, {"boundingPoly": {"vertices": [{"x": 729.0, "y": 2321.0}, {"x": 1229.0, "y": 2327.0}, {"x": 1228.0, "y": 2383.0}, {"x": 729.0, "y": 2375.0}]}, "description": "CONTACTLESS / No CVM"}, {"boundingPoly": {"vertices": [{"x": 727.0, "y": 2444.0}, {"x": 1199.0, "y": 2444.0}, {"x": 1199.0, "y": 2513.0}, {"x": 727.0, "y": 2513.0}]}, "description": " 2019/11/12 09:59:28"}, {"boundingPoly": {"vertices": [{"x": 720.0, "y": 2514.0}, {"x": 799.0, "y": 2512.0}, {"x": 799.0, "y": 2564.0}, {"x": 720.0, "y": 2567.0}]}, "description": "TID"}, {"boundingPoly": {"vertices": [{"x": 729.0, "y": 2577.0}, {"x": 801.0, "y": 2575.0}, {"x": 800.0, "y": 2625.0}, {"x": 728.0, "y": 2627.0}]}, "description": "MID"}, {"boundingPoly": {"vertices": [{"x": 714.0, "y": 2640.0}, {"x": 946.0, "y": 2643.0}, {"x": 946.0, "y": 2700.0}, {"x": 714.0, "y": 2697.0}]}, "description": "REFERENCE"}, {"boundingPoly": {"vertices": [{"x": 713.0, "y": 2707.0}, {"x": 946.0, "y": 2708.0}, {"x": 946.0, "y": 2767.0}, {"x": 713.0, "y": 2765.0}]}, "description": "AUTH CODE"}, {"boundingPoly": {"vertices": [{"x": 1506.0, "y": 2526.0}, {"x": 1689.0, "y": 2532.0}, {"x": 1687.0, "y": 2584.0}, {"x": 1506.0, "y": 2578.0}]}, "description": "**** 6034"}, {"boundingPoly": {"vertices": [{"x": 1524.0, "y": 2592.0}, {"x": 1697.0, "y": 2599.0}, {"x": 1696.0, "y": 2657.0}, {"x": 1523.0, "y": 2652.0}]}, "description": "6634459"}, {"boundingPoly": {"vertices": [{"x": 1082.0, "y": 2648.0}, {"x": 1706.0, "y": 2664.0}, {"x": 1704.0, "y": 2726.0}, {"x": 1082.0, "y": 2706.0}]}, "description": "S1111T111108#163230944902"}, {"boundingPoly": {"vertices": [{"x": 1549.0, "y": 2736.0}, {"x": 1713.0, "y": 2735.0}, {"x": 1711.0, "y": 2795.0}, {"x": 1549.0, "y": 2797.0}]}, "description": "528242"}, {"boundingPoly": {"vertices": [{"x": 699.0, "y": 2840.0}, {"x": 836.0, "y": 2844.0}, {"x": 835.0, "y": 2903.0}, {"x": 700.0, "y": 2898.0}]}, "description": "TOTAL"}, {"boundingPoly": {"vertices": [{"x": 1526.0, "y": 2873.0}, {"x": 1732.0, "y": 2877.0}, {"x": 1731.0, "y": 2937.0}, {"x": 1526.0, "y": 2934.0}]}, "description": "USD3.70"}]}