{"textAnnotations": [{"boundingPoly": {"vertices": [{"x": 424.0, "y": 37.0}, {"x": 497.0, "y": 43.0}, {"x": 495.0, "y": 75.0}, {"x": 421.0, "y": 69.0}]}, "description": "Esc"}, {"boundingPoly": {"vertices": [{"x": 631.0, "y": 45.0}, {"x": 685.0, "y": 45.0}, {"x": 683.0, "y": 85.0}, {"x": 630.0, "y": 84.0}]}, "description": "F1"}, {"boundingPoly": {"vertices": [{"x": 1411.0, "y": 84.0}, {"x": 1463.0, "y": 86.0}, {"x": 1462.0, "y": 120.0}, {"x": 1409.0, "y": 117.0}]}, "description": "F5"}, {"boundingPoly": {"vertices": [{"x": 1618.0, "y": 99.0}, {"x": 1668.0, "y": 102.0}, {"x": 1666.0, "y": 131.0}, {"x": 1616.0, "y": 128.0}]}, "description": "F6"}, {"boundingPoly": {"vertices": [{"x": 1819.0, "y": 110.0}, {"x": 1863.0, "y": 111.0}, {"x": 1861.0, "y": 141.0}, {"x": 1817.0, "y": 140.0}]}, "description": "F7"}, {"boundingPoly": {"vertices": [{"x": 2023.0, "y": 125.0}, {"x": 2068.0, "y": 127.0}, {"x": 2066.0, "y": 156.0}, {"x": 2021.0, "y": 153.0}]}, "description": "F8"}, {"boundingPoly": {"vertices": [{"x": 707.0, "y": 221.0}, {"x": 1321.0, "y": 198.0}, {"x": 1322.0, "y": 243.0}, {"x": 708.0, "y": 262.0}]}, "description": "OUT OF POCKET"}, {"boundingPoly": {"vertices": [{"x": 1025.0, "y": 288.0}, {"x": 1284.0, "y": 288.0}, {"x": 1284.0, "y": 326.0}, {"x": 1025.0, "y": 326.0}]}, "description": " Visiting the"}, {"boundingPoly": {"vertices": [{"x": 1513.0, "y": 215.0}, {"x": 1568.0, "y": 215.0}, {"x": 1568.0, "y": 259.0}, {"x": 1514.0, "y": 260.0}]}, "description": "%"}, {"boundingPoly": {"vertices": [{"x": 1513.0, "y": 270.0}, {"x": 1564.0, "y": 280.0}, {"x": 1559.0, "y": 325.0}, {"x": 1508.0, "y": 316.0}]}, "description": "5"}, {"boundingPoly": {"vertices": [{"x": 1792.0, "y": 230.0}, {"x": 1791.0, "y": 281.0}, {"x": 1755.0, "y": 281.0}, {"x": 1757.0, "y": 229.0}]}, "description": "<"}, {"boundingPoly": {"vertices": [{"x": 1749.0, "y": 292.0}, {"x": 1793.0, "y": 296.0}, {"x": 1790.0, "y": 335.0}, {"x": 1746.0, "y": 332.0}]}, "description": "6"}, {"boundingPoly": {"vertices": [{"x": 1983.0, "y": 242.0}, {"x": 2028.0, "y": 247.0}, {"x": 2025.0, "y": 285.0}, {"x": 1980.0, "y": 280.0}]}, "description": "&"}, {"boundingPoly": {"vertices": [{"x": 1986.0, "y": 310.0}, {"x": 2021.0, "y": 308.0}, {"x": 2019.0, "y": 343.0}, {"x": 1983.0, "y": 345.0}]}, "description": "7"}, {"boundingPoly": {"vertices": [{"x": 2217.0, "y": 260.0}, {"x": 2257.0, "y": 259.0}, {"x": 2256.0, "y": 291.0}, {"x": 2217.0, "y": 291.0}]}, "description": "*"}, {"boundingPoly": {"vertices": [{"x": 738.0, "y": 292.0}, {"x": 848.0, "y": 292.0}, {"x": 848.0, "y": 328.0}, {"x": 738.0, "y": 328.0}]}, "description": " Thank"}, {"boundingPoly": {"vertices": [{"x": 861.0, "y": 290.0}, {"x": 1017.0, "y": 290.0}, {"x": 1017.0, "y": 327.0}, {"x": 861.0, "y": 327.0}]}, "description": " You For"}, {"boundingPoly": {"vertices": [{"x": 367.0, "y": 337.0}, {"x": 440.0, "y": 345.0}, {"x": 437.0, "y": 375.0}, {"x": 364.0, "y": 367.0}]}, "description": "Tab"}, {"boundingPoly": {"vertices": [{"x": 698.0, "y": 329.0}, {"x": 1318.0, "y": 322.0}, {"x": 1319.0, "y": 359.0}, {"x": 698.0, "y": 367.0}]}, "description": "merchant name"}, {"boundingPoly": {"vertices": [{"x": 670.0, "y": 367.0}, {"x": 811.0, "y": 367.0}, {"x": 811.0, "y": 411.0}, {"x": 670.0, "y": 411.0}]}, "description": " Nadine"}, {"boundingPoly": {"vertices": [{"x": 2215.0, "y": 326.0}, {"x": 2260.0, "y": 327.0}, {"x": 2259.0, "y": 360.0}, {"x": 2213.0, "y": 359.0}]}, "description": "8"}, {"boundingPoly": {"vertices": [{"x": 818.0, "y": 356.0}, {"x": 1336.0, "y": 356.0}, {"x": 1336.0, "y": 407.0}, {"x": 818.0, "y": 407.0}]}, "description": " Varella, General Manager"}, {"boundingPoly": {"vertices": [{"x": 1035.0, "y": 440.0}, {"x": 1232.0, "y": 440.0}, {"x": 1232.0, "y": 487.0}, {"x": 1035.0, "y": 487.0}]}, "description": " Feedback!"}, {"boundingPoly": {"vertices": [{"x": 849.0, "y": 405.0}, {"x": 1155.0, "y": 398.0}, {"x": 1157.0, "y": 437.0}, {"x": 850.0, "y": 446.0}]}, "description": "merchant phone"}, {"boundingPoly": {"vertices": [{"x": 821.0, "y": 444.0}, {"x": 1028.0, "y": 444.0}, {"x": 1028.0, "y": 490.0}, {"x": 821.0, "y": 490.0}]}, "description": " Love Your"}, {"boundingPoly": {"vertices": [{"x": 748.0, "y": 491.0}, {"x": 841.0, "y": 491.0}, {"x": 841.0, "y": 536.0}, {"x": 748.0, "y": 536.0}]}, "description": " Text"}, {"boundingPoly": {"vertices": [{"x": 1626.0, "y": 401.0}, {"x": 1679.0, "y": 401.0}, {"x": 1677.0, "y": 457.0}, {"x": 1624.0, "y": 456.0}]}, "description": "T"}, {"boundingPoly": {"vertices": [{"x": 757.0, "y": 450.0}, {"x": 814.0, "y": 450.0}, {"x": 814.0, "y": 491.0}, {"x": 757.0, "y": 491.0}]}, "description": " We"}, {"boundingPoly": {"vertices": [{"x": 1864.0, "y": 416.0}, {"x": 1914.0, "y": 418.0}, {"x": 1912.0, "y": 469.0}, {"x": 1862.0, "y": 467.0}]}, "description": "Y"}, {"boundingPoly": {"vertices": [{"x": 2101.0, "y": 432.0}, {"x": 2162.0, "y": 432.0}, {"x": 2162.0, "y": 488.0}, {"x": 2102.0, "y": 488.0}]}, "description": "U"}, {"boundingPoly": {"vertices": [{"x": 317.0, "y": 522.0}, {"x": 496.0, "y": 533.0}, {"x": 494.0, "y": 575.0}, {"x": 314.0, "y": 563.0}]}, "description": "Caps Lod"}, {"boundingPoly": {"vertices": [{"x": 849.0, "y": 481.0}, {"x": 1251.0, "y": 481.0}, {"x": 1251.0, "y": 535.0}, {"x": 849.0, "y": 535.0}]}, "description": " @LTF41042 to 73940"}, {"boundingPoly": {"vertices": [{"x": 746.0, "y": 582.0}, {"x": 1239.0, "y": 570.0}, {"x": 1241.0, "y": 649.0}, {"x": 746.0, "y": 661.0}]}, "description": "Order # 433"}, {"boundingPoly": {"vertices": [{"x": 539.0, "y": 708.0}, {"x": 992.0, "y": 699.0}, {"x": 993.0, "y": 740.0}, {"x": 539.0, "y": 750.0}]}, "description": "Starbucks Cappuccino"}, {"boundingPoly": {"vertices": [{"x": 2156.0, "y": 477.0}, {"x": 2187.0, "y": 480.0}, {"x": 2186.0, "y": 519.0}, {"x": 2155.0, "y": 516.0}]}, "description": "4"}, {"boundingPoly": {"vertices": [{"x": 1673.0, "y": 604.0}, {"x": 1720.0, "y": 606.0}, {"x": 1716.0, "y": 656.0}, {"x": 1669.0, "y": 654.0}]}, "description": "G"}, {"boundingPoly": {"vertices": [{"x": 1373.0, "y": 646.0}, {"x": 1463.0, "y": 644.0}, {"x": 1462.0, "y": 685.0}, {"x": 1373.0, "y": 686.0}]}, "description": "USD"}, {"boundingPoly": {"vertices": [{"x": 1369.0, "y": 689.0}, {"x": 1465.0, "y": 688.0}, {"x": 1466.0, "y": 724.0}, {"x": 1369.0, "y": 727.0}]}, "description": "2.40"}, {"boundingPoly": {"vertices": [{"x": 1911.0, "y": 615.0}, {"x": 1973.0, "y": 618.0}, {"x": 1971.0, "y": 672.0}, {"x": 1908.0, "y": 669.0}]}, "description": "H"}, {"boundingPoly": {"vertices": [{"x": 2157.0, "y": 637.0}, {"x": 2211.0, "y": 637.0}, {"x": 2210.0, "y": 688.0}, {"x": 2156.0, "y": 689.0}]}, "description": "J"}, {"boundingPoly": {"vertices": [{"x": 280.0, "y": 724.0}, {"x": 374.0, "y": 731.0}, {"x": 370.0, "y": 769.0}, {"x": 276.0, "y": 759.0}]}, "description": "Shift"}, {"boundingPoly": {"vertices": [{"x": 269.0, "y": 776.0}, {"x": 334.0, "y": 776.0}, {"x": 334.0, "y": 825.0}, {"x": 270.0, "y": 825.0}]}, "description": "4"}, {"boundingPoly": {"vertices": [{"x": 1046.0, "y": 776.0}, {"x": 1259.0, "y": 772.0}, {"x": 1260.0, "y": 816.0}, {"x": 1046.0, "y": 820.0}]}, "description": "Sub Total"}, {"boundingPoly": {"vertices": [{"x": 1048.0, "y": 822.0}, {"x": 1289.0, "y": 818.0}, {"x": 1289.0, "y": 858.0}, {"x": 1048.0, "y": 863.0}]}, "description": "Tax Amount"}, {"boundingPoly": {"vertices": [{"x": 1368.0, "y": 770.0}, {"x": 1474.0, "y": 770.0}, {"x": 1473.0, "y": 809.0}, {"x": 1367.0, "y": 808.0}]}, "description": "2.40"}, {"boundingPoly": {"vertices": [{"x": 1372.0, "y": 813.0}, {"x": 1468.0, "y": 813.0}, {"x": 1468.0, "y": 852.0}, {"x": 1373.0, "y": 852.0}]}, "description": "0.17"}, {"boundingPoly": {"vertices": [{"x": 1782.0, "y": 827.0}, {"x": 1834.0, "y": 828.0}, {"x": 1830.0, "y": 882.0}, {"x": 1778.0, "y": 881.0}]}, "description": "B"}, {"boundingPoly": {"vertices": [{"x": 2034.0, "y": 840.0}, {"x": 2093.0, "y": 842.0}, {"x": 2089.0, "y": 906.0}, {"x": 2031.0, "y": 904.0}]}, "description": "N"}, {"boundingPoly": {"vertices": [{"x": 232.0, "y": 939.0}, {"x": 317.0, "y": 945.0}, {"x": 313.0, "y": 985.0}, {"x": 228.0, "y": 979.0}]}, "description": "Ctrl"}, {"boundingPoly": {"vertices": [{"x": 475.0, "y": 976.0}, {"x": 899.0, "y": 971.0}, {"x": 900.0, "y": 1056.0}, {"x": 476.0, "y": 1062.0}]}, "description": "Total USD"}, {"boundingPoly": {"vertices": [{"x": 1272.0, "y": 960.0}, {"x": 1471.0, "y": 956.0}, {"x": 1473.0, "y": 1046.0}, {"x": 1271.0, "y": 1048.0}]}, "description": "2.57"}, {"boundingPoly": {"vertices": [{"x": 466.0, "y": 1232.0}, {"x": 694.0, "y": 1232.0}, {"x": 694.0, "y": 1284.0}, {"x": 466.0, "y": 1284.0}]}, "description": "5008 AMEX"}, {"boundingPoly": {"vertices": [{"x": 1376.0, "y": 1219.0}, {"x": 1475.0, "y": 1220.0}, {"x": 1474.0, "y": 1270.0}, {"x": 1376.0, "y": 1272.0}]}, "description": "2.57"}, {"boundingPoly": {"vertices": [{"x": 481.0, "y": 1408.0}, {"x": 553.0, "y": 1406.0}, {"x": 554.0, "y": 1452.0}, {"x": 481.0, "y": 1453.0}]}, "description": "Tax"}, {"boundingPoly": {"vertices": [{"x": 857.0, "y": 1404.0}, {"x": 1205.0, "y": 1399.0}, {"x": 1206.0, "y": 1447.0}, {"x": 858.0, "y": 1452.0}]}, "description": "Taxable Amount"}, {"boundingPoly": {"vertices": [{"x": 1212.0, "y": 1398.0}, {"x": 1477.0, "y": 1396.0}, {"x": 1477.0, "y": 1444.0}, {"x": 1212.0, "y": 1445.0}]}, "description": "Tax Amount"}, {"boundingPoly": {"vertices": [{"x": 471.0, "y": 1453.0}, {"x": 641.0, "y": 1449.0}, {"x": 642.0, "y": 1488.0}, {"x": 471.0, "y": 1493.0}]}, "description": "() 7.00"}, {"boundingPoly": {"vertices": [{"x": 1084.0, "y": 1451.0}, {"x": 1191.0, "y": 1448.0}, {"x": 1192.0, "y": 1478.0}, {"x": 1084.0, "y": 1481.0}]}, "description": "2.40"}, {"boundingPoly": {"vertices": [{"x": 1375.0, "y": 1443.0}, {"x": 1476.0, "y": 1440.0}, {"x": 1478.0, "y": 1473.0}, {"x": 1375.0, "y": 1477.0}]}, "description": "0.17"}, {"boundingPoly": {"vertices": [{"x": 427.0, "y": 1564.0}, {"x": 1500.0, "y": 1564.0}, {"x": 1500.0, "y": 1623.0}, {"x": 427.0, "y": 1623.0}]}, "description": " 11/21/2019 09:06 AM #:50797 Op:3055 C:113"}, {"boundingPoly": {"vertices": [{"x": 409.0, "y": 1620.0}, {"x": 561.0, "y": 1620.0}, {"x": 561.0, "y": 1671.0}, {"x": 409.0, "y": 1671.0}]}, "description": " 221 S:"}, {"boundingPoly": {"vertices": [{"x": 396.0, "y": 1674.0}, {"x": 675.0, "y": 1674.0}, {"x": 675.0, "y": 1728.0}, {"x": 396.0, "y": 1728.0}]}, "description": " Served you"}, {"boundingPoly": {"vertices": [{"x": 569.0, "y": 1620.0}, {"x": 689.0, "y": 1620.0}, {"x": 689.0, "y": 1668.0}, {"x": 569.0, "y": 1668.0}]}, "description": " 1132"}, {"boundingPoly": {"vertices": [{"x": 685.0, "y": 1670.0}, {"x": 1033.0, "y": 1670.0}, {"x": 1033.0, "y": 1727.0}, {"x": 685.0, "y": 1727.0}]}, "description": " : Maribel Cuc"}, {"boundingPoly": {"vertices": [{"x": 600.0, "y": 1918.0}, {"x": 1195.0, "y": 1921.0}, {"x": 1195.0, "y": 1977.0}, {"x": 600.0, "y": 1975.0}]}, "description": "*** Customer copy ***"}, {"boundingPoly": {"vertices": [{"x": 619.0, "y": 2054.0}, {"x": 1155.0, "y": 2053.0}, {"x": 1155.0, "y": 2119.0}, {"x": 619.0, "y": 2119.0}]}, "description": "AMEX Sunrise 937-11"}, {"boundingPoly": {"vertices": [{"x": 319.0, "y": 2197.0}, {"x": 871.0, "y": 2199.0}, {"x": 870.0, "y": 2265.0}, {"x": 318.0, "y": 2260.0}]}, "description": "PURCHASE / APPROVED"}, {"boundingPoly": {"vertices": [{"x": 327.0, "y": 2272.0}, {"x": 443.0, "y": 2273.0}, {"x": 442.0, "y": 2328.0}, {"x": 327.0, "y": 2327.0}]}, "description": "AMEX"}, {"boundingPoly": {"vertices": [{"x": 326.0, "y": 2342.0}, {"x": 756.0, "y": 2343.0}, {"x": 755.0, "y": 2400.0}, {"x": 326.0, "y": 2395.0}]}, "description": "*********** 2008"}, {"boundingPoly": {"vertices": [{"x": 322.0, "y": 2408.0}, {"x": 901.0, "y": 2410.0}, {"x": 901.0, "y": 2472.0}, {"x": 322.0, "y": 2467.0}]}, "description": "CONTACTLESS / No CVM"}, {"boundingPoly": {"vertices": [{"x": 326.0, "y": 2540.0}, {"x": 872.0, "y": 2540.0}, {"x": 872.0, "y": 2602.0}, {"x": 326.0, "y": 2602.0}]}, "description": " 2019/11/21 09:06:23"}, {"boundingPoly": {"vertices": [{"x": 328.0, "y": 2608.0}, {"x": 421.0, "y": 2608.0}, {"x": 418.0, "y": 2660.0}, {"x": 330.0, "y": 2659.0}]}, "description": "TID"}, {"boundingPoly": {"vertices": [{"x": 337.0, "y": 2669.0}, {"x": 422.0, "y": 2670.0}, {"x": 422.0, "y": 2717.0}, {"x": 337.0, "y": 2717.0}]}, "description": "MID"}, {"boundingPoly": {"vertices": [{"x": 341.0, "y": 2728.0}, {"x": 599.0, "y": 2731.0}, {"x": 598.0, "y": 2782.0}, {"x": 341.0, "y": 2778.0}]}, "description": "REFERENCE"}, {"boundingPoly": {"vertices": [{"x": 348.0, "y": 2784.0}, {"x": 598.0, "y": 2786.0}, {"x": 597.0, "y": 2833.0}, {"x": 348.0, "y": 2831.0}]}, "description": "AUTH CODE"}, {"boundingPoly": {"vertices": [{"x": 1237.0, "y": 2612.0}, {"x": 1471.0, "y": 2612.0}, {"x": 1470.0, "y": 2665.0}, {"x": 1237.0, "y": 2662.0}]}, "description": "**** 5738"}, {"boundingPoly": {"vertices": [{"x": 1268.0, "y": 2672.0}, {"x": 1460.0, "y": 2674.0}, {"x": 1459.0, "y": 2727.0}, {"x": 1268.0, "y": 2725.0}]}, "description": "6634461"}, {"boundingPoly": {"vertices": [{"x": 756.0, "y": 2733.0}, {"x": 1464.0, "y": 2733.0}, {"x": 1464.0, "y": 2785.0}, {"x": 756.0, "y": 2785.0}]}, "description": "S1132T113221#50797@003205"}, {"boundingPoly": {"vertices": [{"x": 1291.0, "y": 2795.0}, {"x": 1463.0, "y": 2794.0}, {"x": 1464.0, "y": 2841.0}, {"x": 1291.0, "y": 2842.0}]}, "description": "585799"}, {"boundingPoly": {"vertices": [{"x": 361.0, "y": 2889.0}, {"x": 502.0, "y": 2892.0}, {"x": 501.0, "y": 2935.0}, {"x": 361.0, "y": 2931.0}]}, "description": "TOTAL"}, {"boundingPoly": {"vertices": [{"x": 1257.0, "y": 2899.0}, {"x": 1454.0, "y": 2901.0}, {"x": 1454.0, "y": 2948.0}, {"x": 1257.0, "y": 2947.0}]}, "description": "USD2.57"}]}