{"textAnnotations": [{"boundingPoly": {"vertices": [{"x": 791.0, "y": 418.0}, {"x": 1318.0, "y": 413.0}, {"x": 1319.0, "y": 471.0}, {"x": 791.0, "y": 474.0}]}, "description": "merchant name"}, {"boundingPoly": {"vertices": [{"x": 747.0, "y": 505.0}, {"x": 1321.0, "y": 497.0}, {"x": 1322.0, "y": 562.0}, {"x": 748.0, "y": 567.0}]}, "description": "merchant address"}, {"boundingPoly": {"vertices": [{"x": 829.0, "y": 463.0}, {"x": 1245.0, "y": 463.0}, {"x": 1245.0, "y": 520.0}, {"x": 829.0, "y": 522.0}]}, "description": "merchant address"}, {"boundingPoly": {"vertices": [{"x": 880.0, "y": 524.0}, {"x": 1443.0, "y": 524.0}, {"x": 1443.0, "y": 609.0}, {"x": 880.0, "y": 609.0}]}, "description": "merchant phone"}, {"boundingPoly": {"vertices": [{"x": 1436.0, "y": 667.0}, {"x": 1488.0, "y": 663.0}, {"x": 1489.0, "y": 699.0}, {"x": 1437.0, "y": 703.0}]}, "description": "58"}, {"boundingPoly": {"vertices": [{"x": 1250.0, "y": 731.0}, {"x": 1491.0, "y": 709.0}, {"x": 1495.0, "y": 750.0}, {"x": 1252.0, "y": 774.0}]}, "description": "67912190006"}, {"boundingPoly": {"vertices": [{"x": 875.0, "y": 849.0}, {"x": 1483.0, "y": 803.0}, {"x": 1487.0, "y": 858.0}, {"x": 875.0, "y": 900.0}]}, "description": "379040 ****** 1001"}, {"boundingPoly": {"vertices": [{"x": 828.0, "y": 994.0}, {"x": 1493.0, "y": 955.0}, {"x": 1497.0, "y": 1011.0}, {"x": 830.0, "y": 1044.0}]}, "description": "AMERICAN EXPRESS"}, {"boundingPoly": {"vertices": [{"x": 639.0, "y": 541.0}, {"x": 759.0, "y": 541.0}, {"x": 759.0, "y": 601.0}, {"x": 639.0, "y": 601.0}]}, "description": " TEL"}, {"boundingPoly": {"vertices": [{"x": 809.0, "y": 553.0}, {"x": 858.0, "y": 553.0}, {"x": 858.0, "y": 608.0}, {"x": 809.0, "y": 608.0}]}, "description": " #"}, {"boundingPoly": {"vertices": [{"x": 622.0, "y": 685.0}, {"x": 918.0, "y": 685.0}, {"x": 918.0, "y": 748.0}, {"x": 622.0, "y": 748.0}]}, "description": " TERMINAL I.D .:"}, {"boundingPoly": {"vertices": [{"x": 621.0, "y": 737.0}, {"x": 855.0, "y": 737.0}, {"x": 855.0, "y": 787.0}, {"x": 621.0, "y": 787.0}]}, "description": " MERCHANT #:"}, {"boundingPoly": {"vertices": [{"x": 619.0, "y": 835.0}, {"x": 716.0, "y": 836.0}, {"x": 715.0, "y": 879.0}, {"x": 617.0, "y": 877.0}]}, "description": "CR"}, {"boundingPoly": {"vertices": [{"x": 618.0, "y": 879.0}, {"x": 786.0, "y": 879.0}, {"x": 786.0, "y": 934.0}, {"x": 618.0, "y": 934.0}]}, "description": " EXP."}, {"boundingPoly": {"vertices": [{"x": 794.0, "y": 891.0}, {"x": 1040.0, "y": 891.0}, {"x": 1040.0, "y": 945.0}, {"x": 794.0, "y": 945.0}]}, "description": " :*****"}, {"boundingPoly": {"vertices": [{"x": 1315.0, "y": 867.0}, {"x": 1489.0, "y": 857.0}, {"x": 1493.0, "y": 902.0}, {"x": 1316.0, "y": 916.0}]}, "description": "CHIP"}, {"boundingPoly": {"vertices": [{"x": 621.0, "y": 1027.0}, {"x": 1030.0, "y": 1044.0}, {"x": 1028.0, "y": 1093.0}, {"x": 619.0, "y": 1080.0}]}, "description": "[ PURCHASE]"}, {"boundingPoly": {"vertices": [{"x": 617.0, "y": 1134.0}, {"x": 867.0, "y": 1134.0}, {"x": 867.0, "y": 1185.0}, {"x": 617.0, "y": 1185.0}]}, "description": " BATCH:"}, {"boundingPoly": {"vertices": [{"x": 1234.0, "y": 1122.0}, {"x": 1496.0, "y": 1112.0}, {"x": 1498.0, "y": 1158.0}, {"x": 1236.0, "y": 1169.0}]}, "description": "000029"}, {"boundingPoly": {"vertices": [{"x": 615.0, "y": 1181.0}, {"x": 998.0, "y": 1194.0}, {"x": 996.0, "y": 1239.0}, {"x": 614.0, "y": 1226.0}]}, "description": "DATE (MM/DD/YY)"}, {"boundingPoly": {"vertices": [{"x": 791.0, "y": 1241.0}, {"x": 829.0, "y": 1241.0}, {"x": 829.0, "y": 1284.0}, {"x": 791.0, "y": 1284.0}]}, "description": " :"}, {"boundingPoly": {"vertices": [{"x": 625.0, "y": 1285.0}, {"x": 900.0, "y": 1285.0}, {"x": 900.0, "y": 1338.0}, {"x": 625.0, "y": 1338.0}]}, "description": " TRACE#:"}, {"boundingPoly": {"vertices": [{"x": 616.0, "y": 1336.0}, {"x": 863.0, "y": 1336.0}, {"x": 863.0, "y": 1385.0}, {"x": 616.0, "y": 1385.0}]}, "description": " AUTH#:"}, {"boundingPoly": {"vertices": [{"x": 611.0, "y": 1387.0}, {"x": 820.0, "y": 1387.0}, {"x": 820.0, "y": 1433.0}, {"x": 611.0, "y": 1433.0}]}, "description": " REF#:"}, {"boundingPoly": {"vertices": [{"x": 1148.0, "y": 1179.0}, {"x": 1494.0, "y": 1159.0}, {"x": 1497.0, "y": 1205.0}, {"x": 1150.0, "y": 1225.0}]}, "description": "10/29/19"}, {"boundingPoly": {"vertices": [{"x": 1233.0, "y": 1277.0}, {"x": 1495.0, "y": 1268.0}, {"x": 1496.0, "y": 1311.0}, {"x": 1235.0, "y": 1320.0}]}, "description": "008620"}, {"boundingPoly": {"vertices": [{"x": 1239.0, "y": 1326.0}, {"x": 1500.0, "y": 1320.0}, {"x": 1501.0, "y": 1365.0}, {"x": 1240.0, "y": 1372.0}]}, "description": "869828"}, {"boundingPoly": {"vertices": [{"x": 988.0, "y": 1388.0}, {"x": 1500.0, "y": 1372.0}, {"x": 1501.0, "y": 1416.0}, {"x": 989.0, "y": 1433.0}]}, "description": "102900008620"}, {"boundingPoly": {"vertices": [{"x": 804.0, "y": 1492.0}, {"x": 1500.0, "y": 1476.0}, {"x": 1501.0, "y": 1521.0}, {"x": 805.0, "y": 1538.0}]}, "description": "A000000025010801"}, {"boundingPoly": {"vertices": [{"x": 1323.0, "y": 1587.0}, {"x": 1503.0, "y": 1583.0}, {"x": 1504.0, "y": 1626.0}, {"x": 1323.0, "y": 1631.0}]}, "description": "F800"}, {"boundingPoly": {"vertices": [{"x": 625.0, "y": 1234.0}, {"x": 786.0, "y": 1234.0}, {"x": 786.0, "y": 1282.0}, {"x": 625.0, "y": 1282.0}]}, "description": " TIME"}, {"boundingPoly": {"vertices": [{"x": 1155.0, "y": 1216.0}, {"x": 1495.0, "y": 1216.0}, {"x": 1495.0, "y": 1274.0}, {"x": 1155.0, "y": 1274.0}]}, "description": " 13:36:54"}, {"boundingPoly": {"vertices": [{"x": 615.0, "y": 1491.0}, {"x": 792.0, "y": 1491.0}, {"x": 792.0, "y": 1536.0}, {"x": 615.0, "y": 1536.0}]}, "description": " AID:"}, {"boundingPoly": {"vertices": [{"x": 620.0, "y": 1539.0}, {"x": 783.0, "y": 1539.0}, {"x": 783.0, "y": 1587.0}, {"x": 620.0, "y": 1587.0}]}, "description": " TVR:"}, {"boundingPoly": {"vertices": [{"x": 620.0, "y": 1591.0}, {"x": 780.0, "y": 1591.0}, {"x": 780.0, "y": 1637.0}, {"x": 620.0, "y": 1637.0}]}, "description": " TSI:"}, {"boundingPoly": {"vertices": [{"x": 1068.0, "y": 1537.0}, {"x": 1501.0, "y": 1529.0}, {"x": 1502.0, "y": 1574.0}, {"x": 1069.0, "y": 1581.0}]}, "description": "0000008000"}, {"boundingPoly": {"vertices": [{"x": 1372.0, "y": 1744.0}, {"x": 1507.0, "y": 1745.0}, {"x": 1508.0, "y": 1790.0}, {"x": 1373.0, "y": 1792.0}]}, "description": "BSD"}, {"boundingPoly": {"vertices": [{"x": 1240.0, "y": 1797.0}, {"x": 1511.0, "y": 1797.0}, {"x": 1511.0, "y": 1846.0}, {"x": 1240.0, "y": 1846.0}]}, "description": "$24.13"}, {"boundingPoly": {"vertices": [{"x": 606.0, "y": 1802.0}, {"x": 785.0, "y": 1798.0}, {"x": 786.0, "y": 1845.0}, {"x": 608.0, "y": 1850.0}]}, "description": "BASE"}, {"boundingPoly": {"vertices": [{"x": 610.0, "y": 1908.0}, {"x": 738.0, "y": 1903.0}, {"x": 739.0, "y": 1953.0}, {"x": 610.0, "y": 1957.0}]}, "description": "TIP"}, {"boundingPoly": {"vertices": [{"x": 904.0, "y": 1971.0}, {"x": 957.0, "y": 1970.0}, {"x": 957.0, "y": 1996.0}, {"x": 904.0, "y": 1997.0}]}, "description": "--"}, {"boundingPoly": {"vertices": [{"x": 603.0, "y": 2011.0}, {"x": 814.0, "y": 2006.0}, {"x": 815.0, "y": 2058.0}, {"x": 604.0, "y": 2063.0}]}, "description": "TOTAL"}, {"boundingPoly": {"vertices": [{"x": 597.0, "y": 2221.0}, {"x": 1477.0, "y": 2246.0}, {"x": 1475.0, "y": 2304.0}, {"x": 597.0, "y": 2274.0}]}, "description": "APPROVED - THANK YOU"}, {"boundingPoly": {"vertices": [{"x": 596.0, "y": 2443.0}, {"x": 698.0, "y": 2443.0}, {"x": 698.0, "y": 2490.0}, {"x": 596.0, "y": 2490.0}]}, "description": " SIGN"}, {"boundingPoly": {"vertices": [{"x": 706.0, "y": 2443.0}, {"x": 766.0, "y": 2443.0}, {"x": 766.0, "y": 2488.0}, {"x": 706.0, "y": 2488.0}]}, "description": " X __"}, {"boundingPoly": {"vertices": [{"x": 712.0, "y": 2493.0}, {"x": 1403.0, "y": 2531.0}, {"x": 1400.0, "y": 2579.0}, {"x": 710.0, "y": 2541.0}]}, "description": "I AGREE TO PAY THE ABOVE AMOUNT."}, {"boundingPoly": {"vertices": [{"x": 727.0, "y": 2605.0}, {"x": 1358.0, "y": 2633.0}, {"x": 1356.0, "y": 2681.0}, {"x": 725.0, "y": 2657.0}]}, "description": "THANK YOU. PLEASE COME AGAIN."}, {"boundingPoly": {"vertices": [{"x": 766.0, "y": 2722.0}, {"x": 1344.0, "y": 2727.0}, {"x": 1344.0, "y": 2780.0}, {"x": 766.0, "y": 2777.0}]}, "description": "CUSTOMER COPY"}, {"boundingPoly": {"vertices": [{"x": 1452.0, "y": 2502.0}, {"x": 1524.0, "y": 2505.0}, {"x": 1523.0, "y": 2528.0}, {"x": 1451.0, "y": 2526.0}]}, "description": "---"}, {"boundingPoly": {"vertices": [{"x": 677.0, "y": 2659.0}, {"x": 1418.0, "y": 2679.0}, {"x": 1416.0, "y": 2729.0}, {"x": 676.0, "y": 2716.0}]}, "description": "RETAIN THIS COPY FOR YOUR RECORDS"}]}