{"textAnnotations": [{"boundingPoly": {"vertices": [{"x": 844.0, "y": 409.0}, {"x": 1030.0, "y": 409.0}, {"x": 1030.0, "y": 467.0}, {"x": 844.0, "y": 467.0}]}, "description": "merchant name"}, {"boundingPoly": {"vertices": [{"x": 810.0, "y": 476.0}, {"x": 1098.0, "y": 495.0}, {"x": 1096.0, "y": 543.0}, {"x": 809.0, "y": 531.0}]}, "description": "merchant address"}, {"boundingPoly": {"vertices": [{"x": 935.0, "y": 569.0}, {"x": 1275.0, "y": 546.0}, {"x": 1278.0, "y": 598.0}, {"x": 937.0, "y": 621.0}]}, "description": "merchant address"}, {"boundingPoly": {"vertices": [{"x": 827.0, "y": 648.0}, {"x": 1040.0, "y": 655.0}, {"x": 1038.0, "y": 710.0}, {"x": 826.0, "y": 702.0}]}, "description": "29/2019"}, {"boundingPoly": {"vertices": [{"x": 1039.0, "y": 388.0}, {"x": 1338.0, "y": 388.0}, {"x": 1338.0, "y": 462.0}, {"x": 1039.0, "y": 462.0}]}, "description": "merchant name"}, {"boundingPoly": {"vertices": [{"x": 826.0, "y": 453.0}, {"x": 1255.0, "y": 413.0}, {"x": 1259.0, "y": 481.0}, {"x": 828.0, "y": 508.0}]}, "description": "merchant address"}, {"boundingPoly": {"vertices": [{"x": 1067.0, "y": 485.0}, {"x": 1401.0, "y": 454.0}, {"x": 1403.0, "y": 502.0}, {"x": 1071.0, "y": 537.0}]}, "description": "merchant address"}, {"boundingPoly": {"vertices": [{"x": 904.0, "y": 552.0}, {"x": 1302.0, "y": 502.0}, {"x": 1307.0, "y": 550.0}, {"x": 904.0, "y": 607.0}]}, "description": "merchant phone"}, {"boundingPoly": {"vertices": [{"x": 1339.0, "y": 601.0}, {"x": 1518.0, "y": 601.0}, {"x": 1518.0, "y": 665.0}, {"x": 1339.0, "y": 665.0}]}, "description": " 21:05"}, {"boundingPoly": {"vertices": [{"x": 1041.0, "y": 736.0}, {"x": 1171.0, "y": 729.0}, {"x": 1172.0, "y": 774.0}, {"x": 1042.0, "y": 782.0}]}, "description": "Sale"}, {"boundingPoly": {"vertices": [{"x": 726.0, "y": 823.0}, {"x": 982.0, "y": 823.0}, {"x": 982.0, "y": 893.0}, {"x": 726.0, "y": 893.0}]}, "description": " cans #:"}, {"boundingPoly": {"vertices": [{"x": 677.0, "y": 923.0}, {"x": 831.0, "y": 918.0}, {"x": 832.0, "y": 962.0}, {"x": 679.0, "y": 968.0}]}, "description": "AMEX"}, {"boundingPoly": {"vertices": [{"x": 1001.0, "y": 777.0}, {"x": 1436.0, "y": 777.0}, {"x": 1436.0, "y": 873.0}, {"x": 1001.0, "y": 873.0}]}, "description": " 314 Batch #:"}, {"boundingPoly": {"vertices": [{"x": 1356.0, "y": 920.0}, {"x": 1547.0, "y": 905.0}, {"x": 1550.0, "y": 947.0}, {"x": 1358.0, "y": 962.0}]}, "description": "** / **"}, {"boundingPoly": {"vertices": [{"x": 1456.0, "y": 766.0}, {"x": 1528.0, "y": 766.0}, {"x": 1528.0, "y": 829.0}, {"x": 1456.0, "y": 829.0}]}, "description": " 67"}, {"boundingPoly": {"vertices": [{"x": 1382.0, "y": 871.0}, {"x": 1536.0, "y": 859.0}, {"x": 1539.0, "y": 907.0}, {"x": 1386.0, "y": 920.0}]}, "description": "CHIP"}, {"boundingPoly": {"vertices": [{"x": 679.0, "y": 956.0}, {"x": 1208.0, "y": 930.0}, {"x": 1209.0, "y": 979.0}, {"x": 681.0, "y": 1000.0}]}, "description": "*********** 2008"}, {"boundingPoly": {"vertices": [{"x": 659.0, "y": 1066.0}, {"x": 944.0, "y": 1066.0}, {"x": 944.0, "y": 1118.0}, {"x": 659.0, "y": 1118.0}]}, "description": " BASE AMT"}, {"boundingPoly": {"vertices": [{"x": 952.0, "y": 1066.0}, {"x": 980.0, "y": 1066.0}, {"x": 980.0, "y": 1117.0}, {"x": 952.0, "y": 1117.0}]}, "description": " :"}, {"boundingPoly": {"vertices": [{"x": 1322.0, "y": 1046.0}, {"x": 1552.0, "y": 1035.0}, {"x": 1555.0, "y": 1085.0}, {"x": 1323.0, "y": 1098.0}]}, "description": "$17.44"}, {"boundingPoly": {"vertices": [{"x": 631.0, "y": 1193.0}, {"x": 1098.0, "y": 1190.0}, {"x": 1098.0, "y": 1243.0}, {"x": 631.0, "y": 1246.0}]}, "description": "Non Cash Adj"}, {"boundingPoly": {"vertices": [{"x": 1368.0, "y": 1179.0}, {"x": 1562.0, "y": 1173.0}, {"x": 1564.0, "y": 1226.0}, {"x": 1369.0, "y": 1230.0}]}, "description": "$0.69"}, {"boundingPoly": {"vertices": [{"x": 606.0, "y": 1323.0}, {"x": 1005.0, "y": 1323.0}, {"x": 1005.0, "y": 1385.0}, {"x": 606.0, "y": 1385.0}]}, "description": " SUB TOTAL:"}, {"boundingPoly": {"vertices": [{"x": 1329.0, "y": 1316.0}, {"x": 1575.0, "y": 1314.0}, {"x": 1576.0, "y": 1372.0}, {"x": 1329.0, "y": 1374.0}]}, "description": "$18.13"}, {"boundingPoly": {"vertices": [{"x": 587.0, "y": 1473.0}, {"x": 863.0, "y": 1473.0}, {"x": 863.0, "y": 1534.0}, {"x": 587.0, "y": 1534.0}]}, "description": " TIP AMT"}, {"boundingPoly": {"vertices": [{"x": 874.0, "y": 1474.0}, {"x": 906.0, "y": 1474.0}, {"x": 906.0, "y": 1533.0}, {"x": 874.0, "y": 1533.0}]}, "description": " :"}, {"boundingPoly": {"vertices": [{"x": 569.0, "y": 1581.0}, {"x": 987.0, "y": 1581.0}, {"x": 987.0, "y": 1649.0}, {"x": 569.0, "y": 1649.0}]}, "description": " TOTAL AMT:"}, {"boundingPoly": {"vertices": [{"x": 538.0, "y": 1835.0}, {"x": 748.0, "y": 1835.0}, {"x": 748.0, "y": 1915.0}, {"x": 538.0, "y": 1915.0}]}, "description": " Resp:"}, {"boundingPoly": {"vertices": [{"x": 526.0, "y": 1971.0}, {"x": 798.0, "y": 1971.0}, {"x": 798.0, "y": 2042.0}, {"x": 526.0, "y": 2042.0}]}, "description": " Ref #:"}, {"boundingPoly": {"vertices": [{"x": 527.0, "y": 2040.0}, {"x": 906.0, "y": 2040.0}, {"x": 906.0, "y": 2113.0}, {"x": 527.0, "y": 2113.0}]}, "description": " TransID:"}, {"boundingPoly": {"vertices": [{"x": 935.0, "y": 1833.0}, {"x": 1610.0, "y": 1842.0}, {"x": 1609.0, "y": 1915.0}, {"x": 935.0, "y": 1908.0}]}, "description": "APPROVAL 841671"}, {"boundingPoly": {"vertices": [{"x": 1065.0, "y": 1973.0}, {"x": 1611.0, "y": 1980.0}, {"x": 1610.0, "y": 2051.0}, {"x": 1065.0, "y": 2044.0}]}, "description": "930301000703"}, {"boundingPoly": {"vertices": [{"x": 535.0, "y": 1904.0}, {"x": 755.0, "y": 1904.0}, {"x": 755.0, "y": 1976.0}, {"x": 535.0, "y": 1976.0}]}, "description": " Code:"}, {"boundingPoly": {"vertices": [{"x": 1336.0, "y": 1911.0}, {"x": 1614.0, "y": 1912.0}, {"x": 1613.0, "y": 1984.0}, {"x": 1336.0, "y": 1981.0}]}, "description": "841671"}, {"boundingPoly": {"vertices": [{"x": 928.0, "y": 2040.0}, {"x": 1621.0, "y": 2040.0}, {"x": 1621.0, "y": 2122.0}, {"x": 928.0, "y": 2122.0}]}, "description": " 007552565863274"}, {"boundingPoly": {"vertices": [{"x": 1244.0, "y": 2180.0}, {"x": 1614.0, "y": 2182.0}, {"x": 1614.0, "y": 2253.0}, {"x": 1244.0, "y": 2251.0}]}, "description": "AMERICAN"}, {"boundingPoly": {"vertices": [{"x": 889.0, "y": 2302.0}, {"x": 1600.0, "y": 2313.0}, {"x": 1599.0, "y": 2377.0}, {"x": 888.0, "y": 2369.0}]}, "description": "A000000025010801"}, {"boundingPoly": {"vertices": [{"x": 1416.0, "y": 2423.0}, {"x": 1598.0, "y": 2426.0}, {"x": 1597.0, "y": 2476.0}, {"x": 1415.0, "y": 2472.0}]}, "description": "E800"}, {"boundingPoly": {"vertices": [{"x": 526.0, "y": 2175.0}, {"x": 924.0, "y": 2175.0}, {"x": 924.0, "y": 2252.0}, {"x": 526.0, "y": 2252.0}]}, "description": " App Name:"}, {"boundingPoly": {"vertices": [{"x": 533.0, "y": 2295.0}, {"x": 706.0, "y": 2295.0}, {"x": 706.0, "y": 2361.0}, {"x": 533.0, "y": 2361.0}]}, "description": " AID:"}, {"boundingPoly": {"vertices": [{"x": 552.0, "y": 2392.0}, {"x": 713.0, "y": 2392.0}, {"x": 713.0, "y": 2444.0}, {"x": 552.0, "y": 2444.0}]}, "description": " TSI:"}, {"boundingPoly": {"vertices": [{"x": 1297.0, "y": 2247.0}, {"x": 1604.0, "y": 2250.0}, {"x": 1603.0, "y": 2317.0}, {"x": 1296.0, "y": 2311.0}]}, "description": "EXPRESS"}, {"boundingPoly": {"vertices": [{"x": 1160.0, "y": 2368.0}, {"x": 1604.0, "y": 2370.0}, {"x": 1604.0, "y": 2428.0}, {"x": 1159.0, "y": 2425.0}]}, "description": "0000008800"}, {"boundingPoly": {"vertices": [{"x": 533.0, "y": 2349.0}, {"x": 694.0, "y": 2347.0}, {"x": 697.0, "y": 2404.0}, {"x": 532.0, "y": 2403.0}]}, "description": "TUR"}]}