{"textAnnotations": [{"boundingPoly": {"vertices": [{"x": 164.0, "y": 99.0}, {"x": 400.0, "y": 94.0}, {"x": 400.0, "y": 111.0}, {"x": 164.0, "y": 117.0}]}, "description": "Thank You For Visiting the"}, {"boundingPoly": {"vertices": [{"x": 141.0, "y": 130.0}, {"x": 421.0, "y": 129.0}, {"x": 421.0, "y": 146.0}, {"x": 141.0, "y": 148.0}]}, "description": "Nadine Varella, General Manager"}, {"boundingPoly": {"vertices": [{"x": 178.0, "y": 162.0}, {"x": 384.0, "y": 163.0}, {"x": 384.0, "y": 181.0}, {"x": 178.0, "y": 179.0}]}, "description": "We Love Your Feedback!"}, {"boundingPoly": {"vertices": [{"x": 149.0, "y": 112.0}, {"x": 327.0, "y": 112.0}, {"x": 327.0, "y": 133.0}, {"x": 149.0, "y": 133.0}]}, "description": "merchant name"}, {"boundingPoly": {"vertices": [{"x": 211.0, "y": 144.0}, {"x": 349.0, "y": 145.0}, {"x": 348.0, "y": 163.0}, {"x": 211.0, "y": 162.0}]}, "description": "merchant phone"}, {"boundingPoly": {"vertices": [{"x": 330.0, "y": 112.0}, {"x": 345.0, "y": 112.0}, {"x": 345.0, "y": 129.0}, {"x": 330.0, "y": 129.0}]}, "description": " -"}, {"boundingPoly": {"vertices": [{"x": 348.0, "y": 112.0}, {"x": 415.0, "y": 112.0}, {"x": 415.0, "y": 129.0}, {"x": 348.0, "y": 129.0}]}, "description": "merchant name"}, {"boundingPoly": {"vertices": [{"x": 177.0, "y": 178.0}, {"x": 391.0, "y": 180.0}, {"x": 391.0, "y": 198.0}, {"x": 177.0, "y": 196.0}]}, "description": "Text @LTF41042 to 73940"}, {"boundingPoly": {"vertices": [{"x": 95.0, "y": 232.0}, {"x": 199.0, "y": 232.0}, {"x": 199.0, "y": 249.0}, {"x": 95.0, "y": 249.0}]}, "description": "Aqua Fresca"}, {"boundingPoly": {"vertices": [{"x": 92.0, "y": 248.0}, {"x": 284.0, "y": 248.0}, {"x": 284.0, "y": 268.0}, {"x": 92.0, "y": 268.0}]}, "description": "Ruffles Original 1oz"}, {"boundingPoly": {"vertices": [{"x": 446.0, "y": 215.0}, {"x": 478.0, "y": 215.0}, {"x": 477.0, "y": 232.0}, {"x": 446.0, "y": 232.0}]}, "description": "USD"}, {"boundingPoly": {"vertices": [{"x": 441.0, "y": 233.0}, {"x": 479.0, "y": 233.0}, {"x": 478.0, "y": 249.0}, {"x": 441.0, "y": 250.0}]}, "description": "1.00"}, {"boundingPoly": {"vertices": [{"x": 443.0, "y": 252.0}, {"x": 481.0, "y": 251.0}, {"x": 480.0, "y": 268.0}, {"x": 443.0, "y": 268.0}]}, "description": "1.05"}, {"boundingPoly": {"vertices": [{"x": 310.0, "y": 285.0}, {"x": 400.0, "y": 286.0}, {"x": 400.0, "y": 304.0}, {"x": 310.0, "y": 302.0}]}, "description": "Sub Total"}, {"boundingPoly": {"vertices": [{"x": 312.0, "y": 303.0}, {"x": 408.0, "y": 304.0}, {"x": 408.0, "y": 322.0}, {"x": 312.0, "y": 321.0}]}, "description": "Tax Amount"}, {"boundingPoly": {"vertices": [{"x": 442.0, "y": 287.0}, {"x": 484.0, "y": 287.0}, {"x": 484.0, "y": 304.0}, {"x": 442.0, "y": 304.0}]}, "description": "2.05"}, {"boundingPoly": {"vertices": [{"x": 442.0, "y": 304.0}, {"x": 486.0, "y": 304.0}, {"x": 486.0, "y": 321.0}, {"x": 442.0, "y": 322.0}]}, "description": "0.14"}, {"boundingPoly": {"vertices": [{"x": 78.0, "y": 359.0}, {"x": 256.0, "y": 359.0}, {"x": 256.0, "y": 390.0}, {"x": 78.0, "y": 390.0}]}, "description": "Total USD"}, {"boundingPoly": {"vertices": [{"x": 409.0, "y": 359.0}, {"x": 489.0, "y": 356.0}, {"x": 490.0, "y": 386.0}, {"x": 410.0, "y": 389.0}]}, "description": "2.19"}, {"boundingPoly": {"vertices": [{"x": 65.0, "y": 434.0}, {"x": 287.0, "y": 433.0}, {"x": 287.0, "y": 450.0}, {"x": 65.0, "y": 451.0}]}, "description": "5009 AMERICAN EXPRESS"}, {"boundingPoly": {"vertices": [{"x": 456.0, "y": 433.0}, {"x": 499.0, "y": 432.0}, {"x": 500.0, "y": 447.0}, {"x": 456.0, "y": 448.0}]}, "description": "2.19"}, {"boundingPoly": {"vertices": [{"x": 69.0, "y": 505.0}, {"x": 102.0, "y": 505.0}, {"x": 102.0, "y": 526.0}, {"x": 69.0, "y": 526.0}]}, "description": "Tax"}, {"boundingPoly": {"vertices": [{"x": 70.0, "y": 527.0}, {"x": 143.0, "y": 526.0}, {"x": 144.0, "y": 549.0}, {"x": 70.0, "y": 551.0}]}, "description": "() 7.00"}, {"boundingPoly": {"vertices": [{"x": 234.0, "y": 495.0}, {"x": 388.0, "y": 495.0}, {"x": 388.0, "y": 523.0}, {"x": 234.0, "y": 523.0}]}, "description": " Taxable Amount"}, {"boundingPoly": {"vertices": [{"x": 397.0, "y": 493.0}, {"x": 504.0, "y": 493.0}, {"x": 504.0, "y": 518.0}, {"x": 397.0, "y": 518.0}]}, "description": " Tax Amount"}, {"boundingPoly": {"vertices": [{"x": 460.0, "y": 519.0}, {"x": 506.0, "y": 517.0}, {"x": 507.0, "y": 538.0}, {"x": 461.0, "y": 539.0}]}, "description": "0.14"}, {"boundingPoly": {"vertices": [{"x": 335.0, "y": 521.0}, {"x": 381.0, "y": 519.0}, {"x": 382.0, "y": 541.0}, {"x": 336.0, "y": 543.0}]}, "description": "2.05"}, {"boundingPoly": {"vertices": [{"x": 66.0, "y": 589.0}, {"x": 509.0, "y": 589.0}, {"x": 509.0, "y": 620.0}, {"x": 66.0, "y": 620.0}]}, "description": " 11/18/2019 03:10 PM #:51408 Op:3052 C:113"}, {"boundingPoly": {"vertices": [{"x": 65.0, "y": 621.0}, {"x": 172.0, "y": 621.0}, {"x": 172.0, "y": 644.0}, {"x": 65.0, "y": 644.0}]}, "description": " 103 S:1131"}, {"boundingPoly": {"vertices": [{"x": 61.0, "y": 645.0}, {"x": 175.0, "y": 645.0}, {"x": 175.0, "y": 668.0}, {"x": 61.0, "y": 668.0}]}, "description": " Served you"}, {"boundingPoly": {"vertices": [{"x": 179.0, "y": 643.0}, {"x": 365.0, "y": 643.0}, {"x": 365.0, "y": 667.0}, {"x": 179.0, "y": 667.0}]}, "description": " : Adriana Granado"}, {"boundingPoly": {"vertices": [{"x": 155.0, "y": 739.0}, {"x": 388.0, "y": 739.0}, {"x": 388.0, "y": 761.0}, {"x": 155.0, "y": 761.0}]}, "description": "*** Customer copy ***"}, {"boundingPoly": {"vertices": [{"x": 164.0, "y": 787.0}, {"x": 379.0, "y": 786.0}, {"x": 379.0, "y": 808.0}, {"x": 164.0, "y": 810.0}]}, "description": "AMEX Sunrise 937-10"}, {"boundingPoly": {"vertices": [{"x": 61.0, "y": 813.0}, {"x": 479.0, "y": 811.0}, {"x": 479.0, "y": 833.0}, {"x": 61.0, "y": 835.0}]}, "description": "I agree to pay the above total amount"}, {"boundingPoly": {"vertices": [{"x": 141.0, "y": 838.0}, {"x": 412.0, "y": 837.0}, {"x": 412.0, "y": 858.0}, {"x": 141.0, "y": 859.0}]}, "description": "according to card issuer"}, {"boundingPoly": {"vertices": [{"x": 43.0, "y": 861.0}, {"x": 495.0, "y": 860.0}, {"x": 495.0, "y": 883.0}, {"x": 43.0, "y": 884.0}]}, "description": "agreement. (Merchant agreement if Credit"}, {"boundingPoly": {"vertices": [{"x": 79.0, "y": 884.0}, {"x": 461.0, "y": 887.0}, {"x": 461.0, "y": 911.0}, {"x": 79.0, "y": 907.0}]}, "description": "Voucher)Retain this copy for your"}, {"boundingPoly": {"vertices": [{"x": 232.0, "y": 912.0}, {"x": 324.0, "y": 912.0}, {"x": 324.0, "y": 932.0}, {"x": 232.0, "y": 932.0}]}, "description": "records."}, {"boundingPoly": {"vertices": [{"x": 31.0, "y": 952.0}, {"x": 268.0, "y": 957.0}, {"x": 267.0, "y": 980.0}, {"x": 30.0, "y": 975.0}]}, "description": "PURCHASE / APPROVED"}, {"boundingPoly": {"vertices": [{"x": 28.0, "y": 977.0}, {"x": 231.0, "y": 979.0}, {"x": 230.0, "y": 1003.0}, {"x": 28.0, "y": 1000.0}]}, "description": "AMERICAN EXPRESS"}, {"boundingPoly": {"vertices": [{"x": 23.0, "y": 1004.0}, {"x": 219.0, "y": 1006.0}, {"x": 219.0, "y": 1029.0}, {"x": 22.0, "y": 1024.0}]}, "description": "*********** 1009"}, {"boundingPoly": {"vertices": [{"x": 19.0, "y": 1028.0}, {"x": 166.0, "y": 1030.0}, {"x": 165.0, "y": 1055.0}, {"x": 19.0, "y": 1052.0}]}, "description": "CHIP READ /"}, {"boundingPoly": {"vertices": [{"x": 13.0, "y": 1081.0}, {"x": 269.0, "y": 1081.0}, {"x": 269.0, "y": 1112.0}, {"x": 13.0, "y": 1112.0}]}, "description": " 2019/11/18 15:11:09"}, {"boundingPoly": {"vertices": [{"x": 9.0, "y": 1110.0}, {"x": 55.0, "y": 1111.0}, {"x": 53.0, "y": 1135.0}, {"x": 9.0, "y": 1134.0}]}, "description": "TID"}, {"boundingPoly": {"vertices": [{"x": 4.0, "y": 1139.0}, {"x": 51.0, "y": 1139.0}, {"x": 50.0, "y": 1161.0}, {"x": 5.0, "y": 1162.0}]}, "description": "MID"}, {"boundingPoly": {"vertices": [{"x": 4.0, "y": 1167.0}, {"x": 132.0, "y": 1166.0}, {"x": 132.0, "y": 1194.0}, {"x": 4.0, "y": 1195.0}]}, "description": "REFERENCE"}, {"boundingPoly": {"vertices": [{"x": 5.0, "y": 1201.0}, {"x": 132.0, "y": 1200.0}, {"x": 132.0, "y": 1227.0}, {"x": 5.0, "y": 1229.0}]}, "description": "AUTH CODE"}, {"boundingPoly": {"vertices": [{"x": 435.0, "y": 1122.0}, {"x": 541.0, "y": 1123.0}, {"x": 540.0, "y": 1146.0}, {"x": 435.0, "y": 1143.0}]}, "description": "**** 5749"}, {"boundingPoly": {"vertices": [{"x": 450.0, "y": 1149.0}, {"x": 543.0, "y": 1151.0}, {"x": 542.0, "y": 1175.0}, {"x": 450.0, "y": 1172.0}]}, "description": "6634461"}, {"boundingPoly": {"vertices": [{"x": 210.0, "y": 1169.0}, {"x": 552.0, "y": 1177.0}, {"x": 551.0, "y": 1204.0}, {"x": 210.0, "y": 1195.0}]}, "description": "S1131T113103#51408@371008"}, {"boundingPoly": {"vertices": [{"x": 474.0, "y": 1205.0}, {"x": 557.0, "y": 1206.0}, {"x": 557.0, "y": 1232.0}, {"x": 474.0, "y": 1231.0}]}, "description": "864486"}, {"boundingPoly": {"vertices": [{"x": 7.0, "y": 1268.0}, {"x": 78.0, "y": 1268.0}, {"x": 78.0, "y": 1296.0}, {"x": 7.0, "y": 1296.0}]}, "description": "TOTAL"}, {"boundingPoly": {"vertices": [{"x": 470.0, "y": 1260.0}, {"x": 571.0, "y": 1259.0}, {"x": 571.0, "y": 1294.0}, {"x": 470.0, "y": 1296.0}]}, "description": "USD2.19"}, {"boundingPoly": {"vertices": [{"x": 12.0, "y": 1337.0}, {"x": 71.0, "y": 1337.0}, {"x": 71.0, "y": 1364.0}, {"x": 12.0, "y": 1364.0}]}, "description": " ARC:"}, {"boundingPoly": {"vertices": [{"x": 11.0, "y": 1370.0}, {"x": 72.0, "y": 1370.0}, {"x": 72.0, "y": 1398.0}, {"x": 11.0, "y": 1398.0}]}, "description": " TSI:"}, {"boundingPoly": {"vertices": [{"x": 14.0, "y": 1402.0}, {"x": 75.0, "y": 1402.0}, {"x": 75.0, "y": 1430.0}, {"x": 14.0, "y": 1430.0}]}, "description": " IAD:"}, {"boundingPoly": {"vertices": [{"x": 15.0, "y": 1434.0}, {"x": 77.0, "y": 1434.0}, {"x": 77.0, "y": 1463.0}, {"x": 15.0, "y": 1463.0}]}, "description": " TVR:"}, {"boundingPoly": {"vertices": [{"x": 17.0, "y": 1466.0}, {"x": 78.0, "y": 1466.0}, {"x": 78.0, "y": 1497.0}, {"x": 17.0, "y": 1497.0}]}, "description": " AID:"}, {"boundingPoly": {"vertices": [{"x": 77.0, "y": 1336.0}, {"x": 109.0, "y": 1336.0}, {"x": 109.0, "y": 1364.0}, {"x": 77.0, "y": 1364.0}]}, "description": " 00"}, {"boundingPoly": {"vertices": [{"x": 77.0, "y": 1368.0}, {"x": 138.0, "y": 1368.0}, {"x": 138.0, "y": 1397.0}, {"x": 77.0, "y": 1397.0}]}, "description": " F800"}, {"boundingPoly": {"vertices": [{"x": 79.0, "y": 1397.0}, {"x": 279.0, "y": 1397.0}, {"x": 279.0, "y": 1429.0}, {"x": 79.0, "y": 1429.0}]}, "description": " 066D0103602002"}, {"boundingPoly": {"vertices": [{"x": 81.0, "y": 1428.0}, {"x": 225.0, "y": 1428.0}, {"x": 225.0, "y": 1461.0}, {"x": 81.0, "y": 1461.0}]}, "description": " 0000008000"}, {"boundingPoly": {"vertices": [{"x": 83.0, "y": 1461.0}, {"x": 307.0, "y": 1461.0}, {"x": 307.0, "y": 1494.0}, {"x": 83.0, "y": 1494.0}]}, "description": " A000000025010801"}, {"boundingPoly": {"vertices": [{"x": 181.0, "y": 1492.0}, {"x": 217.0, "y": 1492.0}, {"x": 217.0, "y": 1522.0}, {"x": 181.0, "y": 1522.0}]}, "description": " 00"}, {"boundingPoly": {"vertices": [{"x": 17.0, "y": 1494.0}, {"x": 177.0, "y": 1494.0}, {"x": 177.0, "y": 1529.0}, {"x": 17.0, "y": 1529.0}]}, "description": " PAN Seq No:"}]}