{"textAnnotations": [{"boundingPoly": {"vertices": [{"x": 561.0, "y": 228.0}, {"x": 1479.0, "y": 222.0}, {"x": 1479.0, "y": 285.0}, {"x": 562.0, "y": 293.0}]}, "description": "merchant phone"}, {"boundingPoly": {"vertices": [{"x": 771.0, "y": 297.0}, {"x": 1249.0, "y": 297.0}, {"x": 1249.0, "y": 358.0}, {"x": 771.0, "y": 359.0}]}, "description": "merchant address"}, {"boundingPoly": {"vertices": [{"x": 766.0, "y": 368.0}, {"x": 1287.0, "y": 362.0}, {"x": 1288.0, "y": 423.0}, {"x": 767.0, "y": 429.0}]}, "description": "merchant address"}, {"boundingPoly": {"vertices": [{"x": 840.0, "y": 431.0}, {"x": 1504.0, "y": 431.0}, {"x": 1504.0, "y": 500.0}, {"x": 840.0, "y": 500.0}]}, "description": " 99 11/25/2019 7:47:40 pm"}, {"boundingPoly": {"vertices": [{"x": 685.0, "y": 507.0}, {"x": 1366.0, "y": 498.0}, {"x": 1367.0, "y": 558.0}, {"x": 686.0, "y": 568.0}]}, "description": "Term ID-Trans# 1/A-329476"}, {"boundingPoly": {"vertices": [{"x": 548.0, "y": 436.0}, {"x": 830.0, "y": 436.0}, {"x": 830.0, "y": 504.0}, {"x": 548.0, "y": 504.0}]}, "description": " Served by:"}, {"boundingPoly": {"vertices": [{"x": 458.0, "y": 651.0}, {"x": 810.0, "y": 645.0}, {"x": 811.0, "y": 704.0}, {"x": 459.0, "y": 711.0}]}, "description": "Qty Size Item"}, {"boundingPoly": {"vertices": [{"x": 464.0, "y": 730.0}, {"x": 552.0, "y": 731.0}, {"x": 549.0, "y": 760.0}, {"x": 464.0, "y": 762.0}]}, "description": "---"}, {"boundingPoly": {"vertices": [{"x": 1389.0, "y": 637.0}, {"x": 1523.0, "y": 640.0}, {"x": 1521.0, "y": 692.0}, {"x": 1387.0, "y": 692.0}]}, "description": "Price"}, {"boundingPoly": {"vertices": [{"x": 619.0, "y": 779.0}, {"x": 1158.0, "y": 769.0}, {"x": 1159.0, "y": 828.0}, {"x": 620.0, "y": 838.0}]}, "description": "6\" Veggie Delite Sub"}, {"boundingPoly": {"vertices": [{"x": 1407.0, "y": 768.0}, {"x": 1519.0, "y": 770.0}, {"x": 1520.0, "y": 823.0}, {"x": 1408.0, "y": 824.0}]}, "description": "3.49"}, {"boundingPoly": {"vertices": [{"x": 731.0, "y": 843.0}, {"x": 1514.0, "y": 832.0}, {"x": 1515.0, "y": 889.0}, {"x": 732.0, "y": 901.0}]}, "description": "-Fresh Value Meal (20/21- 3.59"}, {"boundingPoly": {"vertices": [{"x": 807.0, "y": 900.0}, {"x": 1438.0, "y": 900.0}, {"x": 1438.0, "y": 961.0}, {"x": 807.0, "y": 961.0}]}, "description": " Bottled Carbonated Drink"}, {"boundingPoly": {"vertices": [{"x": 778.0, "y": 971.0}, {"x": 953.0, "y": 971.0}, {"x": 953.0, "y": 1022.0}, {"x": 778.0, "y": 1023.0}]}, "description": "-Chips"}, {"boundingPoly": {"vertices": [{"x": 633.0, "y": 1030.0}, {"x": 1153.0, "y": 1028.0}, {"x": 1153.0, "y": 1086.0}, {"x": 633.0, "y": 1091.0}]}, "description": "6\" Veggie Delite Sub"}, {"boundingPoly": {"vertices": [{"x": 735.0, "y": 908.0}, {"x": 771.0, "y": 908.0}, {"x": 771.0, "y": 960.0}, {"x": 735.0, "y": 960.0}]}, "description": " -"}, {"boundingPoly": {"vertices": [{"x": 781.0, "y": 908.0}, {"x": 798.0, "y": 908.0}, {"x": 798.0, "y": 960.0}, {"x": 781.0, "y": 960.0}]}, "description": " -"}, {"boundingPoly": {"vertices": [{"x": 534.0, "y": 1045.0}, {"x": 575.0, "y": 1044.0}, {"x": 576.0, "y": 1080.0}, {"x": 536.0, "y": 1081.0}]}, "description": "1"}, {"boundingPoly": {"vertices": [{"x": 1394.0, "y": 1027.0}, {"x": 1499.0, "y": 1026.0}, {"x": 1499.0, "y": 1077.0}, {"x": 1396.0, "y": 1080.0}]}, "description": "3.49"}, {"boundingPoly": {"vertices": [{"x": 494.0, "y": 1156.0}, {"x": 726.0, "y": 1156.0}, {"x": 726.0, "y": 1208.0}, {"x": 494.0, "y": 1209.0}]}, "description": "Sub Total"}, {"boundingPoly": {"vertices": [{"x": 498.0, "y": 1213.0}, {"x": 1148.0, "y": 1208.0}, {"x": 1149.0, "y": 1267.0}, {"x": 499.0, "y": 1269.0}]}, "description": "General Sales Tax (8.875%)"}, {"boundingPoly": {"vertices": [{"x": 507.0, "y": 1271.0}, {"x": 859.0, "y": 1269.0}, {"x": 859.0, "y": 1325.0}, {"x": 507.0, "y": 1326.0}]}, "description": "Total (Eat In)"}, {"boundingPoly": {"vertices": [{"x": 495.0, "y": 1330.0}, {"x": 787.0, "y": 1329.0}, {"x": 787.0, "y": 1384.0}, {"x": 495.0, "y": 1385.0}]}, "description": "Credit Card"}, {"boundingPoly": {"vertices": [{"x": 491.0, "y": 1392.0}, {"x": 666.0, "y": 1393.0}, {"x": 665.0, "y": 1446.0}, {"x": 491.0, "y": 1444.0}]}, "description": "Change"}, {"boundingPoly": {"vertices": [{"x": 631.0, "y": 1449.0}, {"x": 936.0, "y": 1449.0}, {"x": 936.0, "y": 1506.0}, {"x": 631.0, "y": 1506.0}]}, "description": " Approval No:"}, {"boundingPoly": {"vertices": [{"x": 601.0, "y": 1510.0}, {"x": 936.0, "y": 1510.0}, {"x": 936.0, "y": 1564.0}, {"x": 601.0, "y": 1564.0}]}, "description": " Reference No:"}, {"boundingPoly": {"vertices": [{"x": 629.0, "y": 1570.0}, {"x": 939.0, "y": 1570.0}, {"x": 939.0, "y": 1620.0}, {"x": 629.0, "y": 1620.0}]}, "description": " Card Issuer:"}, {"boundingPoly": {"vertices": [{"x": 655.0, "y": 1627.0}, {"x": 939.0, "y": 1627.0}, {"x": 939.0, "y": 1681.0}, {"x": 655.0, "y": 1681.0}]}, "description": " Account No:"}, {"boundingPoly": {"vertices": [{"x": 698.0, "y": 1681.0}, {"x": 936.0, "y": 1681.0}, {"x": 936.0, "y": 1733.0}, {"x": 698.0, "y": 1733.0}]}, "description": " Acquired:"}, {"boundingPoly": {"vertices": [{"x": 746.0, "y": 1736.0}, {"x": 940.0, "y": 1736.0}, {"x": 940.0, "y": 1783.0}, {"x": 746.0, "y": 1783.0}]}, "description": " Amount:"}, {"boundingPoly": {"vertices": [{"x": 607.0, "y": 1787.0}, {"x": 934.0, "y": 1787.0}, {"x": 934.0, "y": 1840.0}, {"x": 607.0, "y": 1840.0}]}, "description": " Application:"}, {"boundingPoly": {"vertices": [{"x": 820.0, "y": 1844.0}, {"x": 933.0, "y": 1844.0}, {"x": 933.0, "y": 1893.0}, {"x": 820.0, "y": 1893.0}]}, "description": " AID:"}, {"boundingPoly": {"vertices": [{"x": 814.0, "y": 1899.0}, {"x": 931.0, "y": 1899.0}, {"x": 931.0, "y": 1951.0}, {"x": 814.0, "y": 1951.0}]}, "description": " TVR:"}, {"boundingPoly": {"vertices": [{"x": 812.0, "y": 1958.0}, {"x": 929.0, "y": 1958.0}, {"x": 929.0, "y": 2011.0}, {"x": 812.0, "y": 2011.0}]}, "description": " TSI:"}, {"boundingPoly": {"vertices": [{"x": 625.0, "y": 2018.0}, {"x": 933.0, "y": 2018.0}, {"x": 933.0, "y": 2079.0}, {"x": 625.0, "y": 2079.0}]}, "description": " Date/Time:"}, {"boundingPoly": {"vertices": [{"x": 1374.0, "y": 1145.0}, {"x": 1492.0, "y": 1147.0}, {"x": 1491.0, "y": 1196.0}, {"x": 1376.0, "y": 1196.0}]}, "description": "10.57"}, {"boundingPoly": {"vertices": [{"x": 1392.0, "y": 1206.0}, {"x": 1492.0, "y": 1208.0}, {"x": 1491.0, "y": 1255.0}, {"x": 1392.0, "y": 1255.0}]}, "description": "0.94"}, {"boundingPoly": {"vertices": [{"x": 1373.0, "y": 1266.0}, {"x": 1490.0, "y": 1266.0}, {"x": 1487.0, "y": 1316.0}, {"x": 1374.0, "y": 1318.0}]}, "description": "11.51"}, {"boundingPoly": {"vertices": [{"x": 1376.0, "y": 1328.0}, {"x": 1490.0, "y": 1325.0}, {"x": 1492.0, "y": 1377.0}, {"x": 1376.0, "y": 1378.0}]}, "description": "11.51"}, {"boundingPoly": {"vertices": [{"x": 1392.0, "y": 1385.0}, {"x": 1494.0, "y": 1386.0}, {"x": 1496.0, "y": 1433.0}, {"x": 1393.0, "y": 1437.0}]}, "description": "0.00"}, {"boundingPoly": {"vertices": [{"x": 946.0, "y": 1446.0}, {"x": 1104.0, "y": 1446.0}, {"x": 1104.0, "y": 1502.0}, {"x": 946.0, "y": 1502.0}]}, "description": " 817867"}, {"boundingPoly": {"vertices": [{"x": 945.0, "y": 1504.0}, {"x": 1251.0, "y": 1504.0}, {"x": 1251.0, "y": 1563.0}, {"x": 945.0, "y": 1563.0}]}, "description": " 933000656479"}, {"boundingPoly": {"vertices": [{"x": 947.0, "y": 1572.0}, {"x": 1054.0, "y": 1572.0}, {"x": 1054.0, "y": 1620.0}, {"x": 947.0, "y": 1620.0}]}, "description": " Amex"}, {"boundingPoly": {"vertices": [{"x": 948.0, "y": 1625.0}, {"x": 1355.0, "y": 1625.0}, {"x": 1355.0, "y": 1677.0}, {"x": 948.0, "y": 1677.0}]}, "description": " ************ 1000"}, {"boundingPoly": {"vertices": [{"x": 945.0, "y": 1684.0}, {"x": 1222.0, "y": 1684.0}, {"x": 1222.0, "y": 1737.0}, {"x": 945.0, "y": 1737.0}]}, "description": " Contact_EMV"}, {"boundingPoly": {"vertices": [{"x": 946.0, "y": 1736.0}, {"x": 1100.0, "y": 1736.0}, {"x": 1100.0, "y": 1789.0}, {"x": 946.0, "y": 1789.0}]}, "description": " $11.51"}, {"boundingPoly": {"vertices": [{"x": 944.0, "y": 1787.0}, {"x": 1362.0, "y": 1787.0}, {"x": 1362.0, "y": 1847.0}, {"x": 944.0, "y": 1847.0}]}, "description": " AMERICAN EXPRESS"}, {"boundingPoly": {"vertices": [{"x": 941.0, "y": 1845.0}, {"x": 1365.0, "y": 1845.0}, {"x": 1365.0, "y": 1898.0}, {"x": 941.0, "y": 1898.0}]}, "description": " A000000025010801"}, {"boundingPoly": {"vertices": [{"x": 939.0, "y": 1901.0}, {"x": 1216.0, "y": 1901.0}, {"x": 1216.0, "y": 1954.0}, {"x": 939.0, "y": 1954.0}]}, "description": " 0000008000"}, {"boundingPoly": {"vertices": [{"x": 938.0, "y": 1959.0}, {"x": 1059.0, "y": 1959.0}, {"x": 1059.0, "y": 2009.0}, {"x": 938.0, "y": 2009.0}]}, "description": " E800"}, {"boundingPoly": {"vertices": [{"x": 944.0, "y": 2018.0}, {"x": 1527.0, "y": 2018.0}, {"x": 1527.0, "y": 2081.0}, {"x": 944.0, "y": 2081.0}]}, "description": " 11/25/2019 7:47:40 PM"}, {"boundingPoly": {"vertices": [{"x": 404.0, "y": 2138.0}, {"x": 1508.0, "y": 2149.0}, {"x": 1507.0, "y": 2211.0}, {"x": 403.0, "y": 2198.0}]}, "description": "By entering a verified PIN, cardholder"}, {"boundingPoly": {"vertices": [{"x": 393.0, "y": 2210.0}, {"x": 1410.0, "y": 2214.0}, {"x": 1410.0, "y": 2277.0}, {"x": 392.0, "y": 2270.0}]}, "description": "agrees to pay issuer such total in"}, {"boundingPoly": {"vertices": [{"x": 380.0, "y": 2277.0}, {"x": 1557.0, "y": 2287.0}, {"x": 1556.0, "y": 2353.0}, {"x": 379.0, "y": 2336.0}]}, "description": "accordance with issuer's agreement with"}, {"boundingPoly": {"vertices": [{"x": 366.0, "y": 2344.0}, {"x": 735.0, "y": 2345.0}, {"x": 734.0, "y": 2413.0}, {"x": 366.0, "y": 2411.0}]}, "description": "cardholder."}, {"boundingPoly": {"vertices": [{"x": 756.0, "y": 2670.0}, {"x": 1192.0, "y": 2668.0}, {"x": 1193.0, "y": 2740.0}, {"x": 756.0, "y": 2743.0}]}, "description": "CUSTOMER COPY"}]}