{"textAnnotations": [{"boundingPoly": {"vertices": [{"x": 529.0, "y": 115.0}, {"x": 960.0, "y": 96.0}, {"x": 962.0, "y": 133.0}, {"x": 529.0, "y": 152.0}]}, "description": "Thank You For Visiting the"}, {"boundingPoly": {"vertices": [{"x": 598.0, "y": 187.0}, {"x": 878.0, "y": 176.0}, {"x": 879.0, "y": 211.0}, {"x": 598.0, "y": 219.0}]}, "description": "Matthew Fraysier"}, {"boundingPoly": {"vertices": [{"x": 527.0, "y": 152.0}, {"x": 952.0, "y": 134.0}, {"x": 954.0, "y": 170.0}, {"x": 529.0, "y": 190.0}]}, "description": "merchant name"}, {"boundingPoly": {"vertices": [{"x": 611.0, "y": 225.0}, {"x": 862.0, "y": 214.0}, {"x": 864.0, "y": 249.0}, {"x": 611.0, "y": 261.0}]}, "description": "General Manager"}, {"boundingPoly": {"vertices": [{"x": 546.0, "y": 299.0}, {"x": 923.0, "y": 286.0}, {"x": 924.0, "y": 323.0}, {"x": 547.0, "y": 334.0}]}, "description": "We Love Your Feedback!"}, {"boundingPoly": {"vertices": [{"x": 628.0, "y": 259.0}, {"x": 848.0, "y": 252.0}, {"x": 850.0, "y": 287.0}, {"x": 630.0, "y": 296.0}]}, "description": "merchant phone"}, {"boundingPoly": {"vertices": [{"x": 542.0, "y": 339.0}, {"x": 933.0, "y": 326.0}, {"x": 935.0, "y": 359.0}, {"x": 542.0, "y": 374.0}]}, "description": "Text @LTF11479 to 73940"}, {"boundingPoly": {"vertices": [{"x": 1039.0, "y": 402.0}, {"x": 1094.0, "y": 402.0}, {"x": 1092.0, "y": 436.0}, {"x": 1037.0, "y": 436.0}]}, "description": "USD"}, {"boundingPoly": {"vertices": [{"x": 1023.0, "y": 444.0}, {"x": 1099.0, "y": 440.0}, {"x": 1099.0, "y": 472.0}, {"x": 1021.0, "y": 475.0}]}, "description": "8.00"}, {"boundingPoly": {"vertices": [{"x": 1030.0, "y": 481.0}, {"x": 1095.0, "y": 480.0}, {"x": 1093.0, "y": 513.0}, {"x": 1029.0, "y": 514.0}]}, "description": "1.80"}, {"boundingPoly": {"vertices": [{"x": 392.0, "y": 454.0}, {"x": 733.0, "y": 446.0}, {"x": 734.0, "y": 486.0}, {"x": 393.0, "y": 493.0}]}, "description": "Flatbread / Quesadil"}, {"boundingPoly": {"vertices": [{"x": 389.0, "y": 494.0}, {"x": 737.0, "y": 490.0}, {"x": 738.0, "y": 524.0}, {"x": 389.0, "y": 530.0}]}, "description": "Schweppes Ginger Ale"}, {"boundingPoly": {"vertices": [{"x": 778.0, "y": 561.0}, {"x": 942.0, "y": 559.0}, {"x": 942.0, "y": 596.0}, {"x": 778.0, "y": 598.0}]}, "description": "Sub Total"}, {"boundingPoly": {"vertices": [{"x": 781.0, "y": 601.0}, {"x": 954.0, "y": 600.0}, {"x": 954.0, "y": 638.0}, {"x": 782.0, "y": 639.0}]}, "description": "Tax Amount"}, {"boundingPoly": {"vertices": [{"x": 1029.0, "y": 557.0}, {"x": 1097.0, "y": 558.0}, {"x": 1096.0, "y": 594.0}, {"x": 1028.0, "y": 593.0}]}, "description": "9.80"}, {"boundingPoly": {"vertices": [{"x": 1017.0, "y": 598.0}, {"x": 1097.0, "y": 598.0}, {"x": 1095.0, "y": 632.0}, {"x": 1017.0, "y": 631.0}]}, "description": "0.87"}, {"boundingPoly": {"vertices": [{"x": 364.0, "y": 728.0}, {"x": 678.0, "y": 724.0}, {"x": 679.0, "y": 790.0}, {"x": 365.0, "y": 795.0}]}, "description": "Total USD"}, {"boundingPoly": {"vertices": [{"x": 923.0, "y": 719.0}, {"x": 1093.0, "y": 714.0}, {"x": 1092.0, "y": 782.0}, {"x": 925.0, "y": 784.0}]}, "description": "10.67"}, {"boundingPoly": {"vertices": [{"x": 351.0, "y": 912.0}, {"x": 726.0, "y": 908.0}, {"x": 727.0, "y": 949.0}, {"x": 351.0, "y": 952.0}]}, "description": "5009 AMERICAN EXPRESS"}, {"boundingPoly": {"vertices": [{"x": 1007.0, "y": 908.0}, {"x": 1096.0, "y": 906.0}, {"x": 1096.0, "y": 940.0}, {"x": 1007.0, "y": 942.0}]}, "description": "10.67"}, {"boundingPoly": {"vertices": [{"x": 357.0, "y": 1039.0}, {"x": 408.0, "y": 1038.0}, {"x": 407.0, "y": 1072.0}, {"x": 356.0, "y": 1073.0}]}, "description": "Tax"}, {"boundingPoly": {"vertices": [{"x": 349.0, "y": 1082.0}, {"x": 490.0, "y": 1080.0}, {"x": 491.0, "y": 1118.0}, {"x": 349.0, "y": 1121.0}]}, "description": "() 8.875"}, {"boundingPoly": {"vertices": [{"x": 636.0, "y": 1034.0}, {"x": 899.0, "y": 1034.0}, {"x": 899.0, "y": 1076.0}, {"x": 636.0, "y": 1076.0}]}, "description": " Taxable Amount"}, {"boundingPoly": {"vertices": [{"x": 809.0, "y": 1076.0}, {"x": 886.0, "y": 1075.0}, {"x": 885.0, "y": 1111.0}, {"x": 808.0, "y": 1112.0}]}, "description": "9.80"}, {"boundingPoly": {"vertices": [{"x": 912.0, "y": 1033.0}, {"x": 1096.0, "y": 1033.0}, {"x": 1096.0, "y": 1070.0}, {"x": 912.0, "y": 1070.0}]}, "description": " Tax Amount"}, {"boundingPoly": {"vertices": [{"x": 1029.0, "y": 1075.0}, {"x": 1093.0, "y": 1072.0}, {"x": 1092.0, "y": 1109.0}, {"x": 1028.0, "y": 1112.0}]}, "description": "0.87"}, {"boundingPoly": {"vertices": [{"x": 342.0, "y": 1195.0}, {"x": 1098.0, "y": 1195.0}, {"x": 1098.0, "y": 1249.0}, {"x": 342.0, "y": 1249.0}]}, "description": " 11/20/2019 02:07 PM #:31415 Op:4046 C:111"}, {"boundingPoly": {"vertices": [{"x": 343.0, "y": 1249.0}, {"x": 531.0, "y": 1249.0}, {"x": 531.0, "y": 1288.0}, {"x": 343.0, "y": 1288.0}]}, "description": " 104 S:1111"}, {"boundingPoly": {"vertices": [{"x": 530.0, "y": 1288.0}, {"x": 793.0, "y": 1288.0}, {"x": 793.0, "y": 1334.0}, {"x": 530.0, "y": 1334.0}]}, "description": " : Aniya Taylor"}, {"boundingPoly": {"vertices": [{"x": 338.0, "y": 1290.0}, {"x": 523.0, "y": 1290.0}, {"x": 523.0, "y": 1336.0}, {"x": 338.0, "y": 1336.0}]}, "description": " Served you"}, {"boundingPoly": {"vertices": [{"x": 490.0, "y": 1467.0}, {"x": 883.0, "y": 1467.0}, {"x": 883.0, "y": 1506.0}, {"x": 490.0, "y": 1506.0}]}, "description": "*** Customer copy ***"}, {"boundingPoly": {"vertices": [{"x": 562.0, "y": 1553.0}, {"x": 820.0, "y": 1551.0}, {"x": 820.0, "y": 1595.0}, {"x": 562.0, "y": 1596.0}]}, "description": "AMEX NY937 (4)"}, {"boundingPoly": {"vertices": [{"x": 340.0, "y": 1602.0}, {"x": 1024.0, "y": 1597.0}, {"x": 1024.0, "y": 1639.0}, {"x": 340.0, "y": 1646.0}]}, "description": "I agree to pay the above total amount"}, {"boundingPoly": {"vertices": [{"x": 465.0, "y": 1650.0}, {"x": 915.0, "y": 1645.0}, {"x": 915.0, "y": 1685.0}, {"x": 465.0, "y": 1690.0}]}, "description": "according to card issuer"}, {"boundingPoly": {"vertices": [{"x": 319.0, "y": 1689.0}, {"x": 865.0, "y": 1689.0}, {"x": 865.0, "y": 1738.0}, {"x": 319.0, "y": 1738.0}]}, "description": " agreement. (Merchant agreement"}, {"boundingPoly": {"vertices": [{"x": 370.0, "y": 1737.0}, {"x": 993.0, "y": 1736.0}, {"x": 993.0, "y": 1778.0}, {"x": 370.0, "y": 1780.0}]}, "description": "Voucher)Retain this copy for your"}, {"boundingPoly": {"vertices": [{"x": 611.0, "y": 1787.0}, {"x": 760.0, "y": 1786.0}, {"x": 760.0, "y": 1823.0}, {"x": 611.0, "y": 1824.0}]}, "description": "records."}, {"boundingPoly": {"vertices": [{"x": 873.0, "y": 1685.0}, {"x": 1044.0, "y": 1685.0}, {"x": 1044.0, "y": 1732.0}, {"x": 873.0, "y": 1732.0}]}, "description": " if Credit"}, {"boundingPoly": {"vertices": [{"x": 305.0, "y": 1873.0}, {"x": 664.0, "y": 1874.0}, {"x": 664.0, "y": 1919.0}, {"x": 305.0, "y": 1918.0}]}, "description": "PURCHASE / APPROVED"}, {"boundingPoly": {"vertices": [{"x": 301.0, "y": 1923.0}, {"x": 609.0, "y": 1921.0}, {"x": 609.0, "y": 1963.0}, {"x": 301.0, "y": 1965.0}]}, "description": "AMERICAN EXPRESS"}, {"boundingPoly": {"vertices": [{"x": 305.0, "y": 1973.0}, {"x": 588.0, "y": 1972.0}, {"x": 588.0, "y": 2010.0}, {"x": 305.0, "y": 2011.0}]}, "description": "*********** 1006"}, {"boundingPoly": {"vertices": [{"x": 300.0, "y": 2016.0}, {"x": 509.0, "y": 2017.0}, {"x": 509.0, "y": 2063.0}, {"x": 300.0, "y": 2061.0}]}, "description": "CHIP READ /"}, {"boundingPoly": {"vertices": [{"x": 296.0, "y": 2112.0}, {"x": 659.0, "y": 2112.0}, {"x": 659.0, "y": 2162.0}, {"x": 296.0, "y": 2162.0}]}, "description": " 2019/11/20 14:07:48"}, {"boundingPoly": {"vertices": [{"x": 304.0, "y": 2163.0}, {"x": 357.0, "y": 2163.0}, {"x": 354.0, "y": 2208.0}, {"x": 300.0, "y": 2208.0}]}, "description": "TID"}, {"boundingPoly": {"vertices": [{"x": 295.0, "y": 2209.0}, {"x": 356.0, "y": 2208.0}, {"x": 354.0, "y": 2251.0}, {"x": 293.0, "y": 2252.0}]}, "description": "MID"}, {"boundingPoly": {"vertices": [{"x": 287.0, "y": 2259.0}, {"x": 463.0, "y": 2262.0}, {"x": 462.0, "y": 2308.0}, {"x": 286.0, "y": 2304.0}]}, "description": "REFERENCE"}, {"boundingPoly": {"vertices": [{"x": 287.0, "y": 2311.0}, {"x": 459.0, "y": 2312.0}, {"x": 458.0, "y": 2356.0}, {"x": 286.0, "y": 2355.0}]}, "description": "AUTH CODE"}, {"boundingPoly": {"vertices": [{"x": 905.0, "y": 2167.0}, {"x": 1061.0, "y": 2167.0}, {"x": 1061.0, "y": 2208.0}, {"x": 905.0, "y": 2207.0}]}, "description": "**** 6033"}, {"boundingPoly": {"vertices": [{"x": 925.0, "y": 2214.0}, {"x": 1061.0, "y": 2215.0}, {"x": 1061.0, "y": 2257.0}, {"x": 925.0, "y": 2256.0}]}, "description": "6634459"}, {"boundingPoly": {"vertices": [{"x": 573.0, "y": 2262.0}, {"x": 1061.0, "y": 2264.0}, {"x": 1061.0, "y": 2310.0}, {"x": 572.0, "y": 2307.0}]}, "description": "S11111111104#31415@311668"}, {"boundingPoly": {"vertices": [{"x": 937.0, "y": 2315.0}, {"x": 1064.0, "y": 2314.0}, {"x": 1064.0, "y": 2357.0}, {"x": 937.0, "y": 2359.0}]}, "description": "888598"}, {"boundingPoly": {"vertices": [{"x": 283.0, "y": 2411.0}, {"x": 382.0, "y": 2413.0}, {"x": 380.0, "y": 2456.0}, {"x": 282.0, "y": 2454.0}]}, "description": "TOTAL"}, {"boundingPoly": {"vertices": [{"x": 897.0, "y": 2415.0}, {"x": 1063.0, "y": 2416.0}, {"x": 1063.0, "y": 2462.0}, {"x": 897.0, "y": 2461.0}]}, "description": "USD10.67"}, {"boundingPoly": {"vertices": [{"x": 273.0, "y": 2513.0}, {"x": 357.0, "y": 2513.0}, {"x": 357.0, "y": 2558.0}, {"x": 273.0, "y": 2558.0}]}, "description": " ARC:"}, {"boundingPoly": {"vertices": [{"x": 273.0, "y": 2563.0}, {"x": 354.0, "y": 2563.0}, {"x": 354.0, "y": 2609.0}, {"x": 273.0, "y": 2609.0}]}, "description": " TSI:"}, {"boundingPoly": {"vertices": [{"x": 269.0, "y": 2615.0}, {"x": 351.0, "y": 2615.0}, {"x": 351.0, "y": 2662.0}, {"x": 269.0, "y": 2662.0}]}, "description": " IAD:"}, {"boundingPoly": {"vertices": [{"x": 266.0, "y": 2668.0}, {"x": 349.0, "y": 2668.0}, {"x": 349.0, "y": 2713.0}, {"x": 266.0, "y": 2713.0}]}, "description": " TVR:"}, {"boundingPoly": {"vertices": [{"x": 262.0, "y": 2715.0}, {"x": 339.0, "y": 2715.0}, {"x": 339.0, "y": 2771.0}, {"x": 262.0, "y": 2771.0}]}, "description": " AID:"}, {"boundingPoly": {"vertices": [{"x": 365.0, "y": 2513.0}, {"x": 415.0, "y": 2513.0}, {"x": 415.0, "y": 2558.0}, {"x": 365.0, "y": 2558.0}]}, "description": " 00"}, {"boundingPoly": {"vertices": [{"x": 362.0, "y": 2565.0}, {"x": 452.0, "y": 2565.0}, {"x": 452.0, "y": 2609.0}, {"x": 362.0, "y": 2609.0}]}, "description": " F800"}, {"boundingPoly": {"vertices": [{"x": 358.0, "y": 2617.0}, {"x": 645.0, "y": 2617.0}, {"x": 645.0, "y": 2668.0}, {"x": 358.0, "y": 2668.0}]}, "description": " 066D0103602002"}, {"boundingPoly": {"vertices": [{"x": 357.0, "y": 2669.0}, {"x": 561.0, "y": 2669.0}, {"x": 561.0, "y": 2715.0}, {"x": 357.0, "y": 2715.0}]}, "description": " 0000008000"}, {"boundingPoly": {"vertices": [{"x": 345.0, "y": 2718.0}, {"x": 848.0, "y": 2718.0}, {"x": 848.0, "y": 2776.0}, {"x": 345.0, "y": 2776.0}]}, "description": " REDMINOTE 5 PRO"}, {"boundingPoly": {"vertices": [{"x": 340.0, "y": 2783.0}, {"x": 814.0, "y": 2786.0}, {"x": 813.0, "y": 2847.0}, {"x": 339.0, "y": 2843.0}]}, "description": "MI DUAL CAMERA"}, {"boundingPoly": {"vertices": [{"x": 243.0, "y": 2759.0}, {"x": 298.0, "y": 2759.0}, {"x": 295.0, "y": 2815.0}, {"x": 240.0, "y": 2816.0}]}, "description": "P"}]}