{"textAnnotations": [{"boundingPoly": {"vertices": [{"x": 1038.0, "y": 120.0}, {"x": 1737.0, "y": 151.0}, {"x": 1733.0, "y": 219.0}, {"x": 1035.0, "y": 189.0}]}, "description": "Thank You For Visiting the"}, {"boundingPoly": {"vertices": [{"x": 1583.0, "y": 221.0}, {"x": 1617.0, "y": 221.0}, {"x": 1617.0, "y": 286.0}, {"x": 1583.0, "y": 286.0}]}, "description": " -"}, {"boundingPoly": {"vertices": [{"x": 1048.0, "y": 199.0}, {"x": 1570.0, "y": 199.0}, {"x": 1570.0, "y": 285.0}, {"x": 1048.0, "y": 285.0}]}, "description": "merchant name"}, {"boundingPoly": {"vertices": [{"x": 1630.0, "y": 222.0}, {"x": 1725.0, "y": 222.0}, {"x": 1725.0, "y": 289.0}, {"x": 1630.0, "y": 289.0}]}, "description": "merchant name"}, {"boundingPoly": {"vertices": [{"x": 1172.0, "y": 280.0}, {"x": 1603.0, "y": 293.0}, {"x": 1601.0, "y": 355.0}, {"x": 1170.0, "y": 342.0}]}, "description": "Matthew Fraysier"}, {"boundingPoly": {"vertices": [{"x": 1186.0, "y": 350.0}, {"x": 1590.0, "y": 363.0}, {"x": 1588.0, "y": 426.0}, {"x": 1184.0, "y": 412.0}]}, "description": "General Manager"}, {"boundingPoly": {"vertices": [{"x": 1213.0, "y": 422.0}, {"x": 1571.0, "y": 425.0}, {"x": 1570.0, "y": 488.0}, {"x": 1213.0, "y": 485.0}]}, "description": "merchant phone"}, {"boundingPoly": {"vertices": [{"x": 1095.0, "y": 491.0}, {"x": 1680.0, "y": 494.0}, {"x": 1679.0, "y": 558.0}, {"x": 1094.0, "y": 554.0}]}, "description": "We Love Your Feedback!"}, {"boundingPoly": {"vertices": [{"x": 1089.0, "y": 558.0}, {"x": 1697.0, "y": 561.0}, {"x": 1697.0, "y": 624.0}, {"x": 1089.0, "y": 620.0}]}, "description": "Text @LTF11479 to 73940"}, {"boundingPoly": {"vertices": [{"x": 878.0, "y": 765.0}, {"x": 1246.0, "y": 765.0}, {"x": 1246.0, "y": 825.0}, {"x": 878.0, "y": 825.0}]}, "description": "Grilled Cheese"}, {"boundingPoly": {"vertices": [{"x": 877.0, "y": 833.0}, {"x": 1301.0, "y": 833.0}, {"x": 1301.0, "y": 890.0}, {"x": 877.0, "y": 889.0}]}, "description": "Multigrain Bread"}, {"boundingPoly": {"vertices": [{"x": 883.0, "y": 899.0}, {"x": 1273.0, "y": 899.0}, {"x": 1273.0, "y": 954.0}, {"x": 883.0, "y": 955.0}]}, "description": "American Cheese"}, {"boundingPoly": {"vertices": [{"x": 902.0, "y": 963.0}, {"x": 1051.0, "y": 964.0}, {"x": 1050.0, "y": 1018.0}, {"x": 899.0, "y": 1015.0}]}, "description": "Tomato"}, {"boundingPoly": {"vertices": [{"x": 898.0, "y": 1026.0}, {"x": 1074.0, "y": 1026.0}, {"x": 1074.0, "y": 1077.0}, {"x": 898.0, "y": 1077.0}]}, "description": "Avocado"}, {"boundingPoly": {"vertices": [{"x": 899.0, "y": 1085.0}, {"x": 1259.0, "y": 1088.0}, {"x": 1259.0, "y": 1139.0}, {"x": 898.0, "y": 1137.0}]}, "description": "Grilled Cheese"}, {"boundingPoly": {"vertices": [{"x": 898.0, "y": 1142.0}, {"x": 1318.0, "y": 1148.0}, {"x": 1317.0, "y": 1203.0}, {"x": 897.0, "y": 1198.0}]}, "description": "Multigrain Bread"}, {"boundingPoly": {"vertices": [{"x": 905.0, "y": 1206.0}, {"x": 1284.0, "y": 1208.0}, {"x": 1284.0, "y": 1263.0}, {"x": 905.0, "y": 1260.0}]}, "description": "American Cheese"}, {"boundingPoly": {"vertices": [{"x": 906.0, "y": 1268.0}, {"x": 1068.0, "y": 1269.0}, {"x": 1067.0, "y": 1321.0}, {"x": 905.0, "y": 1320.0}]}, "description": "Tomato"}, {"boundingPoly": {"vertices": [{"x": 911.0, "y": 1332.0}, {"x": 1090.0, "y": 1331.0}, {"x": 1090.0, "y": 1380.0}, {"x": 911.0, "y": 1381.0}]}, "description": "Avocado"}, {"boundingPoly": {"vertices": [{"x": 1849.0, "y": 706.0}, {"x": 1924.0, "y": 707.0}, {"x": 1920.0, "y": 765.0}, {"x": 1844.0, "y": 764.0}]}, "description": "USD"}, {"boundingPoly": {"vertices": [{"x": 1827.0, "y": 770.0}, {"x": 1924.0, "y": 770.0}, {"x": 1922.0, "y": 826.0}, {"x": 1825.0, "y": 826.0}]}, "description": "3.49"}, {"boundingPoly": {"vertices": [{"x": 1814.0, "y": 833.0}, {"x": 1900.0, "y": 835.0}, {"x": 1898.0, "y": 888.0}, {"x": 1812.0, "y": 885.0}]}, "description": "0.00"}, {"boundingPoly": {"vertices": [{"x": 1812.0, "y": 904.0}, {"x": 1918.0, "y": 902.0}, {"x": 1918.0, "y": 953.0}, {"x": 1811.0, "y": 955.0}]}, "description": "0,00"}, {"boundingPoly": {"vertices": [{"x": 1808.0, "y": 966.0}, {"x": 1913.0, "y": 961.0}, {"x": 1911.0, "y": 1015.0}, {"x": 1805.0, "y": 1016.0}]}, "description": "0.15"}, {"boundingPoly": {"vertices": [{"x": 1809.0, "y": 1027.0}, {"x": 1907.0, "y": 1024.0}, {"x": 1907.0, "y": 1075.0}, {"x": 1809.0, "y": 1078.0}]}, "description": "0.99"}, {"boundingPoly": {"vertices": [{"x": 1811.0, "y": 1089.0}, {"x": 1906.0, "y": 1088.0}, {"x": 1904.0, "y": 1136.0}, {"x": 1809.0, "y": 1138.0}]}, "description": "3.49"}, {"boundingPoly": {"vertices": [{"x": 1800.0, "y": 1152.0}, {"x": 1910.0, "y": 1149.0}, {"x": 1907.0, "y": 1197.0}, {"x": 1800.0, "y": 1198.0}]}, "description": "0.00"}, {"boundingPoly": {"vertices": [{"x": 1802.0, "y": 1209.0}, {"x": 1907.0, "y": 1206.0}, {"x": 1904.0, "y": 1257.0}, {"x": 1800.0, "y": 1260.0}]}, "description": "0.00"}, {"boundingPoly": {"vertices": [{"x": 1798.0, "y": 1268.0}, {"x": 1881.0, "y": 1266.0}, {"x": 1883.0, "y": 1319.0}, {"x": 1800.0, "y": 1320.0}]}, "description": "0. 15"}, {"boundingPoly": {"vertices": [{"x": 1803.0, "y": 1335.0}, {"x": 1899.0, "y": 1329.0}, {"x": 1899.0, "y": 1376.0}, {"x": 1803.0, "y": 1382.0}]}, "description": "0.99"}, {"boundingPoly": {"vertices": [{"x": 1467.0, "y": 1447.0}, {"x": 1684.0, "y": 1446.0}, {"x": 1684.0, "y": 1501.0}, {"x": 1467.0, "y": 1503.0}]}, "description": "Sub Total"}, {"boundingPoly": {"vertices": [{"x": 1468.0, "y": 1509.0}, {"x": 1714.0, "y": 1504.0}, {"x": 1715.0, "y": 1561.0}, {"x": 1468.0, "y": 1564.0}]}, "description": "Tax Amount"}, {"boundingPoly": {"vertices": [{"x": 1804.0, "y": 1446.0}, {"x": 1905.0, "y": 1448.0}, {"x": 1903.0, "y": 1494.0}, {"x": 1803.0, "y": 1490.0}]}, "description": "9.26"}, {"boundingPoly": {"vertices": [{"x": 1803.0, "y": 1505.0}, {"x": 1908.0, "y": 1501.0}, {"x": 1905.0, "y": 1549.0}, {"x": 1804.0, "y": 1551.0}]}, "description": "0.82"}, {"boundingPoly": {"vertices": [{"x": 895.0, "y": 1686.0}, {"x": 1340.0, "y": 1682.0}, {"x": 1341.0, "y": 1783.0}, {"x": 896.0, "y": 1786.0}]}, "description": "Total USD"}, {"boundingPoly": {"vertices": [{"x": 1667.0, "y": 1682.0}, {"x": 1905.0, "y": 1675.0}, {"x": 1904.0, "y": 1766.0}, {"x": 1667.0, "y": 1774.0}]}, "description": "10.08"}, {"boundingPoly": {"vertices": [{"x": 891.0, "y": 1938.0}, {"x": 1129.0, "y": 1944.0}, {"x": 1128.0, "y": 1997.0}, {"x": 890.0, "y": 1992.0}]}, "description": "5008 AMEX"}, {"boundingPoly": {"vertices": [{"x": 1798.0, "y": 1938.0}, {"x": 1919.0, "y": 1937.0}, {"x": 1921.0, "y": 1984.0}, {"x": 1800.0, "y": 1987.0}]}, "description": "10.08"}, {"boundingPoly": {"vertices": [{"x": 896.0, "y": 2120.0}, {"x": 973.0, "y": 2121.0}, {"x": 971.0, "y": 2172.0}, {"x": 894.0, "y": 2170.0}]}, "description": "Tax"}, {"boundingPoly": {"vertices": [{"x": 895.0, "y": 2173.0}, {"x": 1102.0, "y": 2173.0}, {"x": 1102.0, "y": 2226.0}, {"x": 895.0, "y": 2227.0}]}, "description": "() 8.875"}, {"boundingPoly": {"vertices": [{"x": 890.0, "y": 2227.0}, {"x": 1185.0, "y": 2227.0}, {"x": 1185.0, "y": 2287.0}, {"x": 890.0, "y": 2287.0}]}, "description": " (Sunrise FL"}, {"boundingPoly": {"vertices": [{"x": 1301.0, "y": 2112.0}, {"x": 1663.0, "y": 2112.0}, {"x": 1663.0, "y": 2168.0}, {"x": 1301.0, "y": 2168.0}]}, "description": " Taxable Amount"}, {"boundingPoly": {"vertices": [{"x": 1552.0, "y": 2173.0}, {"x": 1642.0, "y": 2170.0}, {"x": 1643.0, "y": 2214.0}, {"x": 1554.0, "y": 2218.0}]}, "description": "9.26"}, {"boundingPoly": {"vertices": [{"x": 1242.0, "y": 2223.0}, {"x": 1649.0, "y": 2223.0}, {"x": 1649.0, "y": 2280.0}, {"x": 1242.0, "y": 2280.0}]}, "description": " DO NOT USE) 0.00"}, {"boundingPoly": {"vertices": [{"x": 1684.0, "y": 2112.0}, {"x": 1930.0, "y": 2112.0}, {"x": 1930.0, "y": 2164.0}, {"x": 1684.0, "y": 2164.0}]}, "description": " Tax Amount"}, {"boundingPoly": {"vertices": [{"x": 1841.0, "y": 2169.0}, {"x": 1935.0, "y": 2167.0}, {"x": 1937.0, "y": 2209.0}, {"x": 1843.0, "y": 2212.0}]}, "description": "0.82"}, {"boundingPoly": {"vertices": [{"x": 1844.0, "y": 2225.0}, {"x": 1946.0, "y": 2223.0}, {"x": 1945.0, "y": 2267.0}, {"x": 1843.0, "y": 2269.0}]}, "description": "0.00"}, {"boundingPoly": {"vertices": [{"x": 1195.0, "y": 2227.0}, {"x": 1233.0, "y": 2227.0}, {"x": 1233.0, "y": 2281.0}, {"x": 1195.0, "y": 2281.0}]}, "description": " -"}, {"boundingPoly": {"vertices": [{"x": 875.0, "y": 2388.0}, {"x": 1444.0, "y": 2388.0}, {"x": 1444.0, "y": 2454.0}, {"x": 875.0, "y": 2454.0}]}, "description": " 11/26/2019 09:50 AM #:"}, {"boundingPoly": {"vertices": [{"x": 1455.0, "y": 2388.0}, {"x": 1959.0, "y": 2388.0}, {"x": 1959.0, "y": 2448.0}, {"x": 1455.0, "y": 2448.0}]}, "description": " 43168 Op:4024 C:111"}, {"boundingPoly": {"vertices": [{"x": 874.0, "y": 2450.0}, {"x": 1156.0, "y": 2450.0}, {"x": 1156.0, "y": 2512.0}, {"x": 874.0, "y": 2512.0}]}, "description": " 103 S:1111"}, {"boundingPoly": {"vertices": [{"x": 870.0, "y": 2515.0}, {"x": 1162.0, "y": 2515.0}, {"x": 1162.0, "y": 2578.0}, {"x": 870.0, "y": 2578.0}]}, "description": " Served you"}, {"boundingPoly": {"vertices": [{"x": 1172.0, "y": 2507.0}, {"x": 1723.0, "y": 2507.0}, {"x": 1723.0, "y": 2575.0}, {"x": 1172.0, "y": 2575.0}]}, "description": " : Winifred Wellington"}, {"boundingPoly": {"vertices": [{"x": 1115.0, "y": 2776.0}, {"x": 1702.0, "y": 2771.0}, {"x": 1702.0, "y": 2829.0}, {"x": 1115.0, "y": 2833.0}]}, "description": "*** Customer copy ***"}, {"boundingPoly": {"vertices": [{"x": 1229.0, "y": 2909.0}, {"x": 1615.0, "y": 2902.0}, {"x": 1616.0, "y": 2974.0}, {"x": 1229.0, "y": 2977.0}]}, "description": "AMEX NY937 (3)"}, {"boundingPoly": {"vertices": [{"x": 1178.0, "y": 3030.0}, {"x": 1420.0, "y": 3030.0}, {"x": 1420.0, "y": 3091.0}, {"x": 1178.0, "y": 3091.0}]}, "description": " APPROVED"}, {"boundingPoly": {"vertices": [{"x": 852.0, "y": 3025.0}, {"x": 1113.0, "y": 3025.0}, {"x": 1113.0, "y": 3089.0}, {"x": 852.0, "y": 3089.0}]}, "description": " PURCHASE"}, {"boundingPoly": {"vertices": [{"x": 854.0, "y": 3093.0}, {"x": 985.0, "y": 3091.0}, {"x": 986.0, "y": 3147.0}, {"x": 855.0, "y": 3149.0}]}, "description": "AMEX"}, {"boundingPoly": {"vertices": [{"x": 852.0, "y": 3167.0}, {"x": 1319.0, "y": 3164.0}, {"x": 1319.0, "y": 3218.0}, {"x": 852.0, "y": 3219.0}]}, "description": "*********** 1000"}, {"boundingPoly": {"vertices": [{"x": 1276.0, "y": 3228.0}, {"x": 1470.0, "y": 3228.0}, {"x": 1470.0, "y": 3300.0}, {"x": 1276.0, "y": 3300.0}]}, "description": " No CVM"}, {"boundingPoly": {"vertices": [{"x": 1122.0, "y": 3029.0}, {"x": 1169.0, "y": 3029.0}, {"x": 1169.0, "y": 3089.0}, {"x": 1122.0, "y": 3089.0}]}, "description": " /"}, {"boundingPoly": {"vertices": [{"x": 847.0, "y": 3232.0}, {"x": 1204.0, "y": 3232.0}, {"x": 1204.0, "y": 3303.0}, {"x": 847.0, "y": 3303.0}]}, "description": " CONTACTLESS"}, {"boundingPoly": {"vertices": [{"x": 1217.0, "y": 3231.0}, {"x": 1263.0, "y": 3231.0}, {"x": 1263.0, "y": 3300.0}, {"x": 1217.0, "y": 3300.0}]}, "description": " /"}, {"boundingPoly": {"vertices": [{"x": 844.0, "y": 3372.0}, {"x": 1457.0, "y": 3372.0}, {"x": 1457.0, "y": 3465.0}, {"x": 844.0, "y": 3465.0}]}, "description": " 2019/11/26 09:50:32"}, {"boundingPoly": {"vertices": [{"x": 851.0, "y": 3476.0}, {"x": 942.0, "y": 3471.0}, {"x": 946.0, "y": 3536.0}, {"x": 855.0, "y": 3541.0}]}, "description": "TID"}, {"boundingPoly": {"vertices": [{"x": 831.0, "y": 3564.0}, {"x": 949.0, "y": 3556.0}, {"x": 951.0, "y": 3628.0}, {"x": 833.0, "y": 3631.0}]}, "description": "MID"}, {"boundingPoly": {"vertices": [{"x": 826.0, "y": 3648.0}, {"x": 1143.0, "y": 3633.0}, {"x": 1145.0, "y": 3715.0}, {"x": 830.0, "y": 3729.0}]}, "description": "REFERENCE"}, {"boundingPoly": {"vertices": [{"x": 1845.0, "y": 3441.0}, {"x": 2081.0, "y": 3430.0}, {"x": 2083.0, "y": 3491.0}, {"x": 1846.0, "y": 3499.0}]}, "description": "**** 6038"}, {"boundingPoly": {"vertices": [{"x": 1888.0, "y": 3516.0}, {"x": 2097.0, "y": 3504.0}, {"x": 2101.0, "y": 3571.0}, {"x": 1891.0, "y": 3583.0}]}, "description": "6634459"}, {"boundingPoly": {"vertices": [{"x": 1322.0, "y": 3626.0}, {"x": 2104.0, "y": 3588.0}, {"x": 2108.0, "y": 3662.0}, {"x": 1326.0, "y": 3703.0}]}, "description": "S1111T111103#43168@862452"}, {"boundingPoly": {"vertices": [{"x": 837.0, "y": 3740.0}, {"x": 1148.0, "y": 3726.0}, {"x": 1151.0, "y": 3805.0}, {"x": 840.0, "y": 3817.0}]}, "description": "AUTH CODE"}, {"boundingPoly": {"vertices": [{"x": 1921.0, "y": 3690.0}, {"x": 2120.0, "y": 3671.0}, {"x": 2126.0, "y": 3740.0}, {"x": 1925.0, "y": 3756.0}]}, "description": "559393"}, {"boundingPoly": {"vertices": [{"x": 873.0, "y": 3918.0}, {"x": 1004.0, "y": 3925.0}, {"x": 1003.0, "y": 4005.0}, {"x": 869.0, "y": 3997.0}]}, "description": "ITAL"}, {"boundingPoly": {"vertices": [{"x": 1887.0, "y": 3859.0}, {"x": 2140.0, "y": 3848.0}, {"x": 2143.0, "y": 3926.0}, {"x": 1890.0, "y": 3937.0}]}, "description": "USD10.08"}]}