{"textAnnotations": [{"boundingPoly": {"vertices": [{"x": 829.0, "y": 249.0}, {"x": 1411.0, "y": 252.0}, {"x": 1411.0, "y": 302.0}, {"x": 829.0, "y": 297.0}]}, "description": "Thank You For Visiting the"}, {"boundingPoly": {"vertices": [{"x": 1280.0, "y": 302.0}, {"x": 1398.0, "y": 302.0}, {"x": 1398.0, "y": 345.0}, {"x": 1280.0, "y": 345.0}]}, "description": "merchant name"}, {"boundingPoly": {"vertices": [{"x": 839.0, "y": 293.0}, {"x": 1273.0, "y": 293.0}, {"x": 1273.0, "y": 341.0}, {"x": 839.0, "y": 341.0}]}, "description": "merchant name"}, {"boundingPoly": {"vertices": [{"x": 937.0, "y": 338.0}, {"x": 1302.0, "y": 344.0}, {"x": 1301.0, "y": 390.0}, {"x": 936.0, "y": 383.0}]}, "description": "Matthew Fraysier"}, {"boundingPoly": {"vertices": [{"x": 954.0, "y": 389.0}, {"x": 1291.0, "y": 392.0}, {"x": 1291.0, "y": 439.0}, {"x": 953.0, "y": 436.0}]}, "description": "General Manager"}, {"boundingPoly": {"vertices": [{"x": 976.0, "y": 440.0}, {"x": 1276.0, "y": 440.0}, {"x": 1277.0, "y": 487.0}, {"x": 976.0, "y": 489.0}]}, "description": "merchant phone"}, {"boundingPoly": {"vertices": [{"x": 875.0, "y": 491.0}, {"x": 1370.0, "y": 488.0}, {"x": 1371.0, "y": 538.0}, {"x": 875.0, "y": 540.0}]}, "description": "We Love Your Feedback!"}, {"boundingPoly": {"vertices": [{"x": 862.0, "y": 544.0}, {"x": 1394.0, "y": 538.0}, {"x": 1395.0, "y": 588.0}, {"x": 863.0, "y": 593.0}]}, "description": "Text @LTF11479 to 73940"}, {"boundingPoly": {"vertices": [{"x": 1532.0, "y": 645.0}, {"x": 1600.0, "y": 645.0}, {"x": 1600.0, "y": 694.0}, {"x": 1532.0, "y": 694.0}]}, "description": "USD"}, {"boundingPoly": {"vertices": [{"x": 1509.0, "y": 704.0}, {"x": 1604.0, "y": 703.0}, {"x": 1603.0, "y": 751.0}, {"x": 1510.0, "y": 752.0}]}, "description": "3.40"}, {"boundingPoly": {"vertices": [{"x": 677.0, "y": 716.0}, {"x": 1021.0, "y": 709.0}, {"x": 1022.0, "y": 760.0}, {"x": 678.0, "y": 769.0}]}, "description": "Cappuccino 12oz"}, {"boundingPoly": {"vertices": [{"x": 1194.0, "y": 817.0}, {"x": 1400.0, "y": 814.0}, {"x": 1401.0, "y": 865.0}, {"x": 1194.0, "y": 869.0}]}, "description": "Sub Total"}, {"boundingPoly": {"vertices": [{"x": 1196.0, "y": 876.0}, {"x": 1425.0, "y": 872.0}, {"x": 1426.0, "y": 921.0}, {"x": 1197.0, "y": 926.0}]}, "description": "Tax Amount"}, {"boundingPoly": {"vertices": [{"x": 1508.0, "y": 814.0}, {"x": 1609.0, "y": 815.0}, {"x": 1609.0, "y": 861.0}, {"x": 1509.0, "y": 862.0}]}, "description": "3.40"}, {"boundingPoly": {"vertices": [{"x": 1511.0, "y": 871.0}, {"x": 1607.0, "y": 870.0}, {"x": 1608.0, "y": 914.0}, {"x": 1511.0, "y": 916.0}]}, "description": "0.30"}, {"boundingPoly": {"vertices": [{"x": 663.0, "y": 1048.0}, {"x": 1063.0, "y": 1039.0}, {"x": 1065.0, "y": 1139.0}, {"x": 665.0, "y": 1148.0}]}, "description": "Total USD"}, {"boundingPoly": {"vertices": [{"x": 1416.0, "y": 1041.0}, {"x": 1599.0, "y": 1038.0}, {"x": 1600.0, "y": 1125.0}, {"x": 1415.0, "y": 1126.0}]}, "description": "3.70"}, {"boundingPoly": {"vertices": [{"x": 681.0, "y": 1296.0}, {"x": 880.0, "y": 1294.0}, {"x": 881.0, "y": 1339.0}, {"x": 681.0, "y": 1342.0}]}, "description": "5008 AMEX"}, {"boundingPoly": {"vertices": [{"x": 1496.0, "y": 1284.0}, {"x": 1592.0, "y": 1286.0}, {"x": 1592.0, "y": 1331.0}, {"x": 1497.0, "y": 1329.0}]}, "description": "3.70"}, {"boundingPoly": {"vertices": [{"x": 700.0, "y": 1448.0}, {"x": 767.0, "y": 1449.0}, {"x": 766.0, "y": 1491.0}, {"x": 699.0, "y": 1490.0}]}, "description": "Tax"}, {"boundingPoly": {"vertices": [{"x": 699.0, "y": 1496.0}, {"x": 867.0, "y": 1493.0}, {"x": 868.0, "y": 1542.0}, {"x": 699.0, "y": 1548.0}]}, "description": "() 8.875"}, {"boundingPoly": {"vertices": [{"x": 1030.0, "y": 1438.0}, {"x": 1349.0, "y": 1438.0}, {"x": 1349.0, "y": 1491.0}, {"x": 1030.0, "y": 1491.0}]}, "description": " Taxable Amount"}, {"boundingPoly": {"vertices": [{"x": 1245.0, "y": 1492.0}, {"x": 1328.0, "y": 1492.0}, {"x": 1328.0, "y": 1534.0}, {"x": 1243.0, "y": 1535.0}]}, "description": "3.40"}, {"boundingPoly": {"vertices": [{"x": 1365.0, "y": 1437.0}, {"x": 1579.0, "y": 1437.0}, {"x": 1579.0, "y": 1485.0}, {"x": 1365.0, "y": 1485.0}]}, "description": " Tax Amount"}, {"boundingPoly": {"vertices": [{"x": 1501.0, "y": 1490.0}, {"x": 1585.0, "y": 1487.0}, {"x": 1586.0, "y": 1530.0}, {"x": 1500.0, "y": 1533.0}]}, "description": "0.30"}, {"boundingPoly": {"vertices": [{"x": 701.0, "y": 1646.0}, {"x": 1152.0, "y": 1646.0}, {"x": 1152.0, "y": 1698.0}, {"x": 701.0, "y": 1698.0}]}, "description": " 11/19/2019 09:34 AM #:"}, {"boundingPoly": {"vertices": [{"x": 713.0, "y": 1698.0}, {"x": 912.0, "y": 1698.0}, {"x": 912.0, "y": 1743.0}, {"x": 713.0, "y": 1743.0}]}, "description": " 108 S:1111"}, {"boundingPoly": {"vertices": [{"x": 706.0, "y": 1746.0}, {"x": 923.0, "y": 1746.0}, {"x": 923.0, "y": 1794.0}, {"x": 706.0, "y": 1794.0}]}, "description": " Served you"}, {"boundingPoly": {"vertices": [{"x": 1160.0, "y": 1641.0}, {"x": 1587.0, "y": 1641.0}, {"x": 1587.0, "y": 1693.0}, {"x": 1160.0, "y": 1693.0}]}, "description": " 17096 Op:4032 C:111"}, {"boundingPoly": {"vertices": [{"x": 932.0, "y": 1745.0}, {"x": 1210.0, "y": 1745.0}, {"x": 1210.0, "y": 1793.0}, {"x": 932.0, "y": 1793.0}]}, "description": " : Fnu Yangdon"}, {"boundingPoly": {"vertices": [{"x": 890.0, "y": 1950.0}, {"x": 1342.0, "y": 1953.0}, {"x": 1341.0, "y": 2000.0}, {"x": 890.0, "y": 1997.0}]}, "description": "*** Customer copy ***"}, {"boundingPoly": {"vertices": [{"x": 979.0, "y": 2054.0}, {"x": 1265.0, "y": 2054.0}, {"x": 1265.0, "y": 2103.0}, {"x": 979.0, "y": 2103.0}]}, "description": "AMEX NY937 (8)"}, {"boundingPoly": {"vertices": [{"x": 692.0, "y": 2163.0}, {"x": 1114.0, "y": 2163.0}, {"x": 1114.0, "y": 2212.0}, {"x": 692.0, "y": 2212.0}]}, "description": "PURCHASE / APPROVED"}, {"boundingPoly": {"vertices": [{"x": 691.0, "y": 2217.0}, {"x": 784.0, "y": 2216.0}, {"x": 782.0, "y": 2258.0}, {"x": 688.0, "y": 2259.0}]}, "description": "AMEX"}, {"boundingPoly": {"vertices": [{"x": 690.0, "y": 2270.0}, {"x": 1023.0, "y": 2271.0}, {"x": 1023.0, "y": 2313.0}, {"x": 689.0, "y": 2310.0}]}, "description": "*********** 1000"}, {"boundingPoly": {"vertices": [{"x": 680.0, "y": 2317.0}, {"x": 1136.0, "y": 2322.0}, {"x": 1136.0, "y": 2374.0}, {"x": 679.0, "y": 2368.0}]}, "description": "CONTACTLESS / No CVM"}, {"boundingPoly": {"vertices": [{"x": 672.0, "y": 2431.0}, {"x": 1113.0, "y": 2431.0}, {"x": 1113.0, "y": 2489.0}, {"x": 672.0, "y": 2489.0}]}, "description": " 2019/11/19 09:34:20"}, {"boundingPoly": {"vertices": [{"x": 671.0, "y": 2490.0}, {"x": 743.0, "y": 2493.0}, {"x": 742.0, "y": 2544.0}, {"x": 670.0, "y": 2541.0}]}, "description": "TID"}, {"boundingPoly": {"vertices": [{"x": 660.0, "y": 2554.0}, {"x": 739.0, "y": 2551.0}, {"x": 738.0, "y": 2602.0}, {"x": 659.0, "y": 2603.0}]}, "description": "MID"}, {"boundingPoly": {"vertices": [{"x": 654.0, "y": 2614.0}, {"x": 874.0, "y": 2615.0}, {"x": 874.0, "y": 2667.0}, {"x": 654.0, "y": 2666.0}]}, "description": "REFERENCE"}, {"boundingPoly": {"vertices": [{"x": 656.0, "y": 2675.0}, {"x": 869.0, "y": 2671.0}, {"x": 870.0, "y": 2720.0}, {"x": 657.0, "y": 2724.0}]}, "description": "AUTH CODE"}, {"boundingPoly": {"vertices": [{"x": 1403.0, "y": 2499.0}, {"x": 1585.0, "y": 2499.0}, {"x": 1585.0, "y": 2547.0}, {"x": 1403.0, "y": 2545.0}]}, "description": "**** 6034"}, {"boundingPoly": {"vertices": [{"x": 1427.0, "y": 2558.0}, {"x": 1586.0, "y": 2558.0}, {"x": 1586.0, "y": 2605.0}, {"x": 1427.0, "y": 2606.0}]}, "description": "6634459"}, {"boundingPoly": {"vertices": [{"x": 1004.0, "y": 2614.0}, {"x": 1582.0, "y": 2614.0}, {"x": 1582.0, "y": 2665.0}, {"x": 1004.0, "y": 2666.0}]}, "description": "S1111T111108#17096@206006"}, {"boundingPoly": {"vertices": [{"x": 1442.0, "y": 2672.0}, {"x": 1579.0, "y": 2667.0}, {"x": 1581.0, "y": 2712.0}, {"x": 1444.0, "y": 2717.0}]}, "description": "586805"}, {"boundingPoly": {"vertices": [{"x": 648.0, "y": 2794.0}, {"x": 771.0, "y": 2790.0}, {"x": 773.0, "y": 2845.0}, {"x": 649.0, "y": 2848.0}]}, "description": "TOTAL"}, {"boundingPoly": {"vertices": [{"x": 1414.0, "y": 2778.0}, {"x": 1577.0, "y": 2775.0}, {"x": 1578.0, "y": 2825.0}, {"x": 1415.0, "y": 2828.0}]}, "description": "USD3.70"}]}