{"textAnnotations": [{"boundingPoly": {"vertices": [{"x": 575.0, "y": 444.0}, {"x": 1181.0, "y": 455.0}, {"x": 1180.0, "y": 501.0}, {"x": 574.0, "y": 492.0}]}, "description": "merchant name"}, {"boundingPoly": {"vertices": [{"x": 918.0, "y": 502.0}, {"x": 998.0, "y": 502.0}, {"x": 998.0, "y": 533.0}, {"x": 918.0, "y": 533.0}]}, "description": " ....."}, {"boundingPoly": {"vertices": [{"x": 708.0, "y": 496.0}, {"x": 912.0, "y": 496.0}, {"x": 912.0, "y": 532.0}, {"x": 708.0, "y": 532.0}]}, "description": " ....... .. Et"}, {"boundingPoly": {"vertices": [{"x": 1004.0, "y": 503.0}, {"x": 1065.0, "y": 503.0}, {"x": 1065.0, "y": 533.0}, {"x": 1004.0, "y": 533.0}]}, "description": " ...."}, {"boundingPoly": {"vertices": [{"x": 1071.0, "y": 503.0}, {"x": 1090.0, "y": 503.0}, {"x": 1090.0, "y": 534.0}, {"x": 1071.0, "y": 534.0}]}, "description": " ."}, {"boundingPoly": {"vertices": [{"x": 733.0, "y": 587.0}, {"x": 1145.0, "y": 595.0}, {"x": 1144.0, "y": 628.0}, {"x": 732.0, "y": 619.0}]}, "description": "merchant name"}, {"boundingPoly": {"vertices": [{"x": 789.0, "y": 649.0}, {"x": 1093.0, "y": 658.0}, {"x": 1092.0, "y": 689.0}, {"x": 788.0, "y": 679.0}]}, "description": "merchant phone"}, {"boundingPoly": {"vertices": [{"x": 641.0, "y": 710.0}, {"x": 870.0, "y": 710.0}, {"x": 870.0, "y": 758.0}, {"x": 641.0, "y": 758.0}]}, "description": " Alejandro R"}, {"boundingPoly": {"vertices": [{"x": 489.0, "y": 763.0}, {"x": 694.0, "y": 760.0}, {"x": 694.0, "y": 804.0}, {"x": 489.0, "y": 806.0}]}, "description": "Check #146"}, {"boundingPoly": {"vertices": [{"x": 495.0, "y": 812.0}, {"x": 737.0, "y": 812.0}, {"x": 737.0, "y": 858.0}, {"x": 495.0, "y": 858.0}]}, "description": " Guest Count:"}, {"boundingPoly": {"vertices": [{"x": 577.0, "y": 601.0}, {"x": 1301.0, "y": 624.0}, {"x": 1299.0, "y": 661.0}, {"x": 576.0, "y": 642.0}]}, "description": "merchant address"}, {"boundingPoly": {"vertices": [{"x": 490.0, "y": 710.0}, {"x": 632.0, "y": 710.0}, {"x": 632.0, "y": 757.0}, {"x": 490.0, "y": 757.0}]}, "description": " Server:"}, {"boundingPoly": {"vertices": [{"x": 962.0, "y": 718.0}, {"x": 1282.0, "y": 718.0}, {"x": 1282.0, "y": 762.0}, {"x": 962.0, "y": 762.0}]}, "description": " 11/20/19 6:02 PM"}, {"boundingPoly": {"vertices": [{"x": 1099.0, "y": 762.0}, {"x": 1283.0, "y": 760.0}, {"x": 1283.0, "y": 804.0}, {"x": 1099.0, "y": 806.0}]}, "description": "Table T33"}, {"boundingPoly": {"vertices": [{"x": 745.0, "y": 812.0}, {"x": 776.0, "y": 812.0}, {"x": 776.0, "y": 858.0}, {"x": 745.0, "y": 858.0}]}, "description": " 4"}, {"boundingPoly": {"vertices": [{"x": 494.0, "y": 955.0}, {"x": 697.0, "y": 955.0}, {"x": 697.0, "y": 1003.0}, {"x": 494.0, "y": 1002.0}]}, "description": "Input Type"}, {"boundingPoly": {"vertices": [{"x": 489.0, "y": 1002.0}, {"x": 818.0, "y": 1003.0}, {"x": 818.0, "y": 1047.0}, {"x": 489.0, "y": 1046.0}]}, "description": "AMERICAN EXPRESS"}, {"boundingPoly": {"vertices": [{"x": 491.0, "y": 1051.0}, {"x": 580.0, "y": 1051.0}, {"x": 579.0, "y": 1090.0}, {"x": 490.0, "y": 1091.0}]}, "description": "Time"}, {"boundingPoly": {"vertices": [{"x": 944.0, "y": 956.0}, {"x": 1279.0, "y": 955.0}, {"x": 1279.0, "y": 1003.0}, {"x": 944.0, "y": 1004.0}]}, "description": "C (EMV Chip Read)"}, {"boundingPoly": {"vertices": [{"x": 1041.0, "y": 1011.0}, {"x": 1283.0, "y": 1006.0}, {"x": 1283.0, "y": 1044.0}, {"x": 1041.0, "y": 1047.0}]}, "description": "xxxxxxxx1004"}, {"boundingPoly": {"vertices": [{"x": 1145.0, "y": 1053.0}, {"x": 1286.0, "y": 1053.0}, {"x": 1286.0, "y": 1095.0}, {"x": 1145.0, "y": 1095.0}]}, "description": " 7:11 PM"}, {"boundingPoly": {"vertices": [{"x": 491.0, "y": 1145.0}, {"x": 818.0, "y": 1147.0}, {"x": 817.0, "y": 1194.0}, {"x": 491.0, "y": 1190.0}]}, "description": "Transaction Type"}, {"boundingPoly": {"vertices": [{"x": 485.0, "y": 1194.0}, {"x": 764.0, "y": 1195.0}, {"x": 764.0, "y": 1240.0}, {"x": 485.0, "y": 1238.0}]}, "description": "Authorization"}, {"boundingPoly": {"vertices": [{"x": 485.0, "y": 1242.0}, {"x": 757.0, "y": 1241.0}, {"x": 757.0, "y": 1287.0}, {"x": 485.0, "y": 1289.0}]}, "description": "Approval Code"}, {"boundingPoly": {"vertices": [{"x": 483.0, "y": 1289.0}, {"x": 697.0, "y": 1289.0}, {"x": 697.0, "y": 1334.0}, {"x": 483.0, "y": 1334.0}]}, "description": "Payment ID"}, {"boundingPoly": {"vertices": [{"x": 484.0, "y": 1337.0}, {"x": 775.0, "y": 1333.0}, {"x": 776.0, "y": 1380.0}, {"x": 484.0, "y": 1384.0}]}, "description": "Application ID"}, {"boundingPoly": {"vertices": [{"x": 481.0, "y": 1388.0}, {"x": 830.0, "y": 1382.0}, {"x": 830.0, "y": 1426.0}, {"x": 481.0, "y": 1432.0}]}, "description": "Application Label"}, {"boundingPoly": {"vertices": [{"x": 484.0, "y": 1435.0}, {"x": 716.0, "y": 1431.0}, {"x": 717.0, "y": 1477.0}, {"x": 484.0, "y": 1481.0}]}, "description": "Terminal ID"}, {"boundingPoly": {"vertices": [{"x": 476.0, "y": 1482.0}, {"x": 715.0, "y": 1480.0}, {"x": 715.0, "y": 1527.0}, {"x": 476.0, "y": 1530.0}]}, "description": "Merchant ID"}, {"boundingPoly": {"vertices": [{"x": 478.0, "y": 1532.0}, {"x": 707.0, "y": 1531.0}, {"x": 707.0, "y": 1578.0}, {"x": 478.0, "y": 1578.0}]}, "description": "Card Reader"}, {"boundingPoly": {"vertices": [{"x": 1204.0, "y": 1145.0}, {"x": 1283.0, "y": 1147.0}, {"x": 1283.0, "y": 1184.0}, {"x": 1203.0, "y": 1183.0}]}, "description": "Sale"}, {"boundingPoly": {"vertices": [{"x": 1123.0, "y": 1196.0}, {"x": 1286.0, "y": 1193.0}, {"x": 1287.0, "y": 1231.0}, {"x": 1123.0, "y": 1236.0}]}, "description": "Approved"}, {"boundingPoly": {"vertices": [{"x": 1167.0, "y": 1238.0}, {"x": 1289.0, "y": 1238.0}, {"x": 1289.0, "y": 1276.0}, {"x": 1167.0, "y": 1277.0}]}, "description": "805214"}, {"boundingPoly": {"vertices": [{"x": 1043.0, "y": 1288.0}, {"x": 1286.0, "y": 1280.0}, {"x": 1287.0, "y": 1321.0}, {"x": 1044.0, "y": 1327.0}]}, "description": "py9f JKhgLtFf"}, {"boundingPoly": {"vertices": [{"x": 966.0, "y": 1332.0}, {"x": 1288.0, "y": 1324.0}, {"x": 1289.0, "y": 1365.0}, {"x": 966.0, "y": 1373.0}]}, "description": "A000000025010801"}, {"boundingPoly": {"vertices": [{"x": 967.0, "y": 1375.0}, {"x": 1292.0, "y": 1368.0}, {"x": 1293.0, "y": 1411.0}, {"x": 967.0, "y": 1418.0}]}, "description": "AMERICAN EXPRESS"}, {"boundingPoly": {"vertices": [{"x": 968.0, "y": 1423.0}, {"x": 1294.0, "y": 1416.0}, {"x": 1295.0, "y": 1459.0}, {"x": 968.0, "y": 1467.0}]}, "description": "4bde299dd82a5dac"}, {"boundingPoly": {"vertices": [{"x": 1111.0, "y": 1468.0}, {"x": 1296.0, "y": 1462.0}, {"x": 1297.0, "y": 1507.0}, {"x": 1112.0, "y": 1511.0}]}, "description": "032818377"}, {"boundingPoly": {"vertices": [{"x": 1008.0, "y": 1520.0}, {"x": 1295.0, "y": 1514.0}, {"x": 1297.0, "y": 1559.0}, {"x": 1009.0, "y": 1567.0}]}, "description": "MAGTEK_EDYNAMO"}, {"boundingPoly": {"vertices": [{"x": 684.0, "y": 1634.0}, {"x": 813.0, "y": 1631.0}, {"x": 813.0, "y": 1670.0}, {"x": 685.0, "y": 1673.0}]}, "description": "Amount"}, {"boundingPoly": {"vertices": [{"x": 1155.0, "y": 1616.0}, {"x": 1299.0, "y": 1610.0}, {"x": 1301.0, "y": 1655.0}, {"x": 1157.0, "y": 1660.0}]}, "description": "$100.00"}, {"boundingPoly": {"vertices": [{"x": 708.0, "y": 1729.0}, {"x": 831.0, "y": 1729.0}, {"x": 831.0, "y": 1775.0}, {"x": 708.0, "y": 1775.0}]}, "description": " + Tip:"}, {"boundingPoly": {"vertices": [{"x": 661.0, "y": 1833.0}, {"x": 833.0, "y": 1833.0}, {"x": 833.0, "y": 1880.0}, {"x": 661.0, "y": 1880.0}]}, "description": " = Total:"}, {"boundingPoly": {"vertices": [{"x": 464.0, "y": 2005.0}, {"x": 487.0, "y": 2003.0}, {"x": 485.0, "y": 2039.0}, {"x": 463.0, "y": 2040.0}]}, "description": "X"}, {"boundingPoly": {"vertices": [{"x": 812.0, "y": 2230.0}, {"x": 1105.0, "y": 2214.0}, {"x": 1106.0, "y": 2264.0}, {"x": 814.0, "y": 2278.0}]}, "description": "Customer Copy"}, {"boundingPoly": {"vertices": [{"x": 489.0, "y": 2475.0}, {"x": 1438.0, "y": 2404.0}, {"x": 1442.0, "y": 2464.0}, {"x": 493.0, "y": 2532.0}]}, "description": "Send a taste of NYC anywhere in the USA."}, {"boundingPoly": {"vertices": [{"x": 727.0, "y": 2649.0}, {"x": 1226.0, "y": 2619.0}, {"x": 1227.0, "y": 2673.0}, {"x": 731.0, "y": 2708.0}]}, "description": "russanddaughters.com"}, {"boundingPoly": {"vertices": [{"x": 550.0, "y": 2533.0}, {"x": 1367.0, "y": 2473.0}, {"x": 1371.0, "y": 2532.0}, {"x": 553.0, "y": 2591.0}]}, "description": "We ship bagels and lox nationwide!"}]}