{"textAnnotations": [{"boundingPoly": {"vertices": [{"x": 377.0, "y": 8.0}, {"x": 377.0, "y": 87.0}, {"x": 351.0, "y": 87.0}, {"x": 351.0, "y": 8.0}]}, "description": "Cards"}, {"boundingPoly": {"vertices": [{"x": 33.0, "y": 33.0}, {"x": 207.0, "y": 33.0}, {"x": 207.0, "y": 57.0}, {"x": 33.0, "y": 57.0}]}, "description": " ICE IS INCLUSIVE"}, {"boundingPoly": {"vertices": [{"x": 211.0, "y": 33.0}, {"x": 247.0, "y": 33.0}, {"x": 247.0, "y": 57.0}, {"x": 211.0, "y": 57.0}]}, "description": " GST"}, {"boundingPoly": {"vertices": [{"x": 13.0, "y": 88.0}, {"x": 13.0, "y": 3.0}, {"x": 38.0, "y": 3.0}, {"x": 38.0, "y": 88.0}]}, "description": "Americ"}, {"boundingPoly": {"vertices": [{"x": 125.0, "y": 181.0}, {"x": 227.0, "y": 182.0}, {"x": 227.0, "y": 204.0}, {"x": 125.0, "y": 203.0}]}, "description": "merchant name"}, {"boundingPoly": {"vertices": [{"x": 12.0, "y": 269.0}, {"x": 151.0, "y": 270.0}, {"x": 151.0, "y": 296.0}, {"x": 12.0, "y": 293.0}]}, "description": "BILL NO 93681"}, {"boundingPoly": {"vertices": [{"x": 199.0, "y": 271.0}, {"x": 262.0, "y": 271.0}, {"x": 262.0, "y": 296.0}, {"x": 199.0, "y": 296.0}]}, "description": " DATE:"}, {"boundingPoly": {"vertices": [{"x": 206.0, "y": 303.0}, {"x": 263.0, "y": 303.0}, {"x": 263.0, "y": 327.0}, {"x": 206.0, "y": 327.0}]}, "description": " TIME:"}, {"boundingPoly": {"vertices": [{"x": 267.0, "y": 271.0}, {"x": 360.0, "y": 271.0}, {"x": 360.0, "y": 297.0}, {"x": 267.0, "y": 297.0}]}, "description": " 24/09/19"}, {"boundingPoly": {"vertices": [{"x": 268.0, "y": 302.0}, {"x": 327.0, "y": 302.0}, {"x": 327.0, "y": 327.0}, {"x": 268.0, "y": 327.0}]}, "description": " 20:30"}, {"boundingPoly": {"vertices": [{"x": 383.0, "y": 334.0}, {"x": 384.0, "y": 463.0}, {"x": 358.0, "y": 463.0}, {"x": 358.0, "y": 334.0}]}, "description": "American"}, {"boundingPoly": {"vertices": [{"x": 35.0, "y": 360.0}, {"x": 61.0, "y": 361.0}, {"x": 61.0, "y": 380.0}, {"x": 34.0, "y": 380.0}]}, "description": "EM"}, {"boundingPoly": {"vertices": [{"x": 203.0, "y": 361.0}, {"x": 263.0, "y": 364.0}, {"x": 262.0, "y": 386.0}, {"x": 202.0, "y": 383.0}]}, "description": "PRICE"}, {"boundingPoly": {"vertices": [{"x": 154.0, "y": 420.0}, {"x": 185.0, "y": 420.0}, {"x": 185.0, "y": 445.0}, {"x": 154.0, "y": 445.0}]}, "description": " 1P"}, {"boundingPoly": {"vertices": [{"x": 214.0, "y": 422.0}, {"x": 275.0, "y": 422.0}, {"x": 275.0, "y": 447.0}, {"x": 214.0, "y": 447.0}]}, "description": " 55 00"}, {"boundingPoly": {"vertices": [{"x": 23.0, "y": 487.0}, {"x": 16.0, "y": 332.0}, {"x": 39.0, "y": 330.0}, {"x": 49.0, "y": 486.0}]}, "description": "Spresse Cards"}]}