{"textAnnotations": [{"boundingPoly": {"vertices": [{"x": 697.0, "y": 464.0}, {"x": 1274.0, "y": 461.0}, {"x": 1275.0, "y": 580.0}, {"x": 697.0, "y": 586.0}]}, "description": "merchant name"}, {"boundingPoly": {"vertices": [{"x": 727.0, "y": 579.0}, {"x": 1227.0, "y": 579.0}, {"x": 1227.0, "y": 635.0}, {"x": 727.0, "y": 635.0}]}, "description": " EXPECT MORE. PAY LESS"}, {"boundingPoly": {"vertices": [{"x": 1235.0, "y": 578.0}, {"x": 1262.0, "y": 578.0}, {"x": 1262.0, "y": 629.0}, {"x": 1235.0, "y": 629.0}]}, "description": " :"}, {"boundingPoly": {"vertices": [{"x": 347.0, "y": 714.0}, {"x": 937.0, "y": 714.0}, {"x": 937.0, "y": 785.0}, {"x": 347.0, "y": 785.0}]}, "description": "merchant address"}, {"boundingPoly": {"vertices": [{"x": 575.0, "y": 832.0}, {"x": 1206.0, "y": 828.0}, {"x": 1207.0, "y": 894.0}, {"x": 575.0, "y": 897.0}]}, "description": "merchant address"}, {"boundingPoly": {"vertices": [{"x": 952.0, "y": 713.0}, {"x": 1012.0, "y": 713.0}, {"x": 1012.0, "y": 775.0}, {"x": 952.0, "y": 775.0}]}, "description": " -"}, {"boundingPoly": {"vertices": [{"x": 1027.0, "y": 713.0}, {"x": 1443.0, "y": 713.0}, {"x": 1443.0, "y": 774.0}, {"x": 1027.0, "y": 774.0}]}, "description": "merchant phone"}, {"boundingPoly": {"vertices": [{"x": 600.0, "y": 775.0}, {"x": 1181.0, "y": 771.0}, {"x": 1182.0, "y": 829.0}, {"x": 601.0, "y": 834.0}]}, "description": "merchant address"}, {"boundingPoly": {"vertices": [{"x": 270.0, "y": 888.0}, {"x": 1552.0, "y": 888.0}, {"x": 1552.0, "y": 961.0}, {"x": 270.0, "y": 961.0}]}, "description": " 11/24/2019 07:21 PM EXPIRES 02/22/20"}, {"boundingPoly": {"vertices": [{"x": 600.0, "y": 956.0}, {"x": 905.0, "y": 956.0}, {"x": 905.0, "y": 1024.0}, {"x": 600.0, "y": 1024.0}]}, "description": " ORDER #:"}, {"boundingPoly": {"vertices": [{"x": 916.0, "y": 955.0}, {"x": 1098.0, "y": 955.0}, {"x": 1098.0, "y": 1024.0}, {"x": 916.0, "y": 1024.0}]}, "description": " 75693"}, {"boundingPoly": {"vertices": [{"x": 100.0, "y": 1244.0}, {"x": 363.0, "y": 1242.0}, {"x": 363.0, "y": 1304.0}, {"x": 100.0, "y": 1305.0}]}, "description": "GROCERY"}, {"boundingPoly": {"vertices": [{"x": 100.0, "y": 1306.0}, {"x": 418.0, "y": 1305.0}, {"x": 418.0, "y": 1363.0}, {"x": 100.0, "y": 1364.0}]}, "description": "254030013"}, {"boundingPoly": {"vertices": [{"x": 89.0, "y": 1364.0}, {"x": 421.0, "y": 1364.0}, {"x": 420.0, "y": 1429.0}, {"x": 89.0, "y": 1428.0}]}, "description": "254030188"}, {"boundingPoly": {"vertices": [{"x": 80.0, "y": 1431.0}, {"x": 414.0, "y": 1431.0}, {"x": 413.0, "y": 1494.0}, {"x": 80.0, "y": 1494.0}]}, "description": "254150064"}, {"boundingPoly": {"vertices": [{"x": 78.0, "y": 1493.0}, {"x": 410.0, "y": 1494.0}, {"x": 409.0, "y": 1563.0}, {"x": 78.0, "y": 1561.0}]}, "description": "254160022"}, {"boundingPoly": {"vertices": [{"x": 659.0, "y": 1307.0}, {"x": 1090.0, "y": 1306.0}, {"x": 1090.0, "y": 1367.0}, {"x": 659.0, "y": 1368.0}]}, "description": "Madeleines-P"}, {"boundingPoly": {"vertices": [{"x": 656.0, "y": 1372.0}, {"x": 1090.0, "y": 1372.0}, {"x": 1090.0, "y": 1431.0}, {"x": 656.0, "y": 1431.0}]}, "description": "Cookies-Shor"}, {"boundingPoly": {"vertices": [{"x": 656.0, "y": 1432.0}, {"x": 981.0, "y": 1431.0}, {"x": 982.0, "y": 1494.0}, {"x": 656.0, "y": 1495.0}]}, "description": "STARBUCKS"}, {"boundingPoly": {"vertices": [{"x": 652.0, "y": 1499.0}, {"x": 1059.0, "y": 1499.0}, {"x": 1059.0, "y": 1562.0}, {"x": 652.0, "y": 1561.0}]}, "description": "CAPPUCINO G"}, {"boundingPoly": {"vertices": [{"x": 1194.0, "y": 1316.0}, {"x": 1240.0, "y": 1315.0}, {"x": 1238.0, "y": 1365.0}, {"x": 1193.0, "y": 1365.0}]}, "description": "N"}, {"boundingPoly": {"vertices": [{"x": 1185.0, "y": 1373.0}, {"x": 1242.0, "y": 1376.0}, {"x": 1239.0, "y": 1423.0}, {"x": 1182.0, "y": 1421.0}]}, "description": "T"}, {"boundingPoly": {"vertices": [{"x": 1187.0, "y": 1442.0}, {"x": 1239.0, "y": 1447.0}, {"x": 1236.0, "y": 1497.0}, {"x": 1184.0, "y": 1491.0}]}, "description": "T"}, {"boundingPoly": {"vertices": [{"x": 1189.0, "y": 1497.0}, {"x": 1239.0, "y": 1506.0}, {"x": 1235.0, "y": 1556.0}, {"x": 1184.0, "y": 1548.0}]}, "description": "T"}, {"boundingPoly": {"vertices": [{"x": 1370.0, "y": 1304.0}, {"x": 1560.0, "y": 1303.0}, {"x": 1560.0, "y": 1364.0}, {"x": 1371.0, "y": 1369.0}]}, "description": "$2.45"}, {"boundingPoly": {"vertices": [{"x": 1367.0, "y": 1367.0}, {"x": 1559.0, "y": 1367.0}, {"x": 1559.0, "y": 1431.0}, {"x": 1367.0, "y": 1431.0}]}, "description": "$1.50"}, {"boundingPoly": {"vertices": [{"x": 1369.0, "y": 1435.0}, {"x": 1562.0, "y": 1437.0}, {"x": 1561.0, "y": 1499.0}, {"x": 1371.0, "y": 1500.0}]}, "description": "$3.35"}, {"boundingPoly": {"vertices": [{"x": 1370.0, "y": 1501.0}, {"x": 1562.0, "y": 1498.0}, {"x": 1564.0, "y": 1562.0}, {"x": 1371.0, "y": 1566.0}]}, "description": "$4.75"}, {"boundingPoly": {"vertices": [{"x": 136.0, "y": 1691.0}, {"x": 531.0, "y": 1691.0}, {"x": 531.0, "y": 1762.0}, {"x": 136.0, "y": 1762.0}]}, "description": " T = NY TAX"}, {"boundingPoly": {"vertices": [{"x": 565.0, "y": 1694.0}, {"x": 944.0, "y": 1694.0}, {"x": 944.0, "y": 1764.0}, {"x": 565.0, "y": 1764.0}]}, "description": " 8.8750% on"}, {"boundingPoly": {"vertices": [{"x": 940.0, "y": 1628.0}, {"x": 1228.0, "y": 1630.0}, {"x": 1227.0, "y": 1696.0}, {"x": 939.0, "y": 1693.0}]}, "description": "SUBTOTAL"}, {"boundingPoly": {"vertices": [{"x": 1331.0, "y": 1631.0}, {"x": 1565.0, "y": 1630.0}, {"x": 1566.0, "y": 1698.0}, {"x": 1332.0, "y": 1700.0}]}, "description": "$12.05"}, {"boundingPoly": {"vertices": [{"x": 1368.0, "y": 1699.0}, {"x": 1562.0, "y": 1699.0}, {"x": 1563.0, "y": 1764.0}, {"x": 1368.0, "y": 1764.0}]}, "description": "$0.85"}, {"boundingPoly": {"vertices": [{"x": 1037.0, "y": 1700.0}, {"x": 1232.0, "y": 1697.0}, {"x": 1233.0, "y": 1761.0}, {"x": 1038.0, "y": 1764.0}]}, "description": "$9.60"}, {"boundingPoly": {"vertices": [{"x": 1044.0, "y": 1829.0}, {"x": 1235.0, "y": 1834.0}, {"x": 1232.0, "y": 1898.0}, {"x": 1045.0, "y": 1896.0}]}, "description": "TOTAL"}, {"boundingPoly": {"vertices": [{"x": 604.0, "y": 1899.0}, {"x": 1242.0, "y": 1900.0}, {"x": 1242.0, "y": 1970.0}, {"x": 604.0, "y": 1967.0}]}, "description": "*1006 AMEX CHARGE"}, {"boundingPoly": {"vertices": [{"x": 815.0, "y": 1968.0}, {"x": 943.0, "y": 1968.0}, {"x": 943.0, "y": 2041.0}, {"x": 815.0, "y": 2041.0}]}, "description": " AID:"}, {"boundingPoly": {"vertices": [{"x": 1338.0, "y": 1832.0}, {"x": 1571.0, "y": 1834.0}, {"x": 1570.0, "y": 1902.0}, {"x": 1337.0, "y": 1899.0}]}, "description": "$12.90"}, {"boundingPoly": {"vertices": [{"x": 1337.0, "y": 1903.0}, {"x": 1573.0, "y": 1905.0}, {"x": 1573.0, "y": 1972.0}, {"x": 1336.0, "y": 1970.0}]}, "description": "$12.90"}, {"boundingPoly": {"vertices": [{"x": 461.0, "y": 1958.0}, {"x": 801.0, "y": 1973.0}, {"x": 799.0, "y": 2077.0}, {"x": 461.0, "y": 2068.0}]}, "description": "0160"}, {"boundingPoly": {"vertices": [{"x": 957.0, "y": 1968.0}, {"x": 1568.0, "y": 1968.0}, {"x": 1568.0, "y": 2046.0}, {"x": 957.0, "y": 2046.0}]}, "description": " A000000025010801"}, {"boundingPoly": {"vertices": [{"x": 817.0, "y": 2037.0}, {"x": 1426.0, "y": 2043.0}, {"x": 1426.0, "y": 2114.0}, {"x": 817.0, "y": 2110.0}]}, "description": "AMERICAN EXPRESS"}, {"boundingPoly": {"vertices": [{"x": 56.0, "y": 2241.0}, {"x": 1701.0, "y": 2261.0}, {"x": 1700.0, "y": 2337.0}, {"x": 55.0, "y": 2315.0}]}, "description": "REC#2-9328-1849-0157-5693-0 VCD#752-257-140"}, {"boundingPoly": {"vertices": [{"x": 1596.0, "y": 2526.0}, {"x": 1115.0, "y": 2530.0}, {"x": 1115.0, "y": 2375.0}, {"x": 1595.0, "y": 2375.0}]}, "description": "EAGUA"}, {"boundingPoly": {"vertices": [{"x": 457.0, "y": 2541.0}, {"x": 1199.0, "y": 2554.0}, {"x": 1198.0, "y": 2628.0}, {"x": 456.0, "y": 2619.0}]}, "description": "merchant address"}, {"boundingPoly": {"vertices": [{"x": 455.0, "y": 2629.0}, {"x": 1195.0, "y": 2644.0}, {"x": 1194.0, "y": 2693.0}, {"x": 455.0, "y": 2678.0}]}, "description": "*******************"}, {"boundingPoly": {"vertices": [{"x": 175.0, "y": 2385.0}, {"x": 488.0, "y": 2377.0}, {"x": 488.0, "y": 2512.0}, {"x": 177.0, "y": 2512.0}]}, "description": "eon"}, {"boundingPoly": {"vertices": [{"x": 536.0, "y": 2465.0}, {"x": 1162.0, "y": 2475.0}, {"x": 1160.0, "y": 2550.0}, {"x": 534.0, "y": 2541.0}]}, "description": "merchant address"}]}