{"textAnnotations": [{"boundingPoly": {"vertices": [{"x": 149.0, "y": 138.0}, {"x": 480.0, "y": 142.0}, {"x": 479.0, "y": 195.0}, {"x": 149.0, "y": 191.0}]}, "description": "merchant name"}, {"boundingPoly": {"vertices": [{"x": 240.0, "y": 196.0}, {"x": 399.0, "y": 207.0}, {"x": 397.0, "y": 235.0}, {"x": 239.0, "y": 226.0}]}, "description": "merchant name"}, {"boundingPoly": {"vertices": [{"x": 261.0, "y": 285.0}, {"x": 371.0, "y": 290.0}, {"x": 370.0, "y": 308.0}, {"x": 261.0, "y": 302.0}]}, "description": "merchant address"}, {"boundingPoly": {"vertices": [{"x": 233.0, "y": 322.0}, {"x": 327.0, "y": 322.0}, {"x": 327.0, "y": 343.0}, {"x": 233.0, "y": 343.0}]}, "description": "merchant address"}, {"boundingPoly": {"vertices": [{"x": 261.0, "y": 343.0}, {"x": 370.0, "y": 346.0}, {"x": 369.0, "y": 363.0}, {"x": 260.0, "y": 361.0}]}, "description": "merchant phone"}, {"boundingPoly": {"vertices": [{"x": 199.0, "y": 297.0}, {"x": 424.0, "y": 306.0}, {"x": 423.0, "y": 326.0}, {"x": 198.0, "y": 319.0}]}, "description": "merchant address"}, {"boundingPoly": {"vertices": [{"x": 329.0, "y": 326.0}, {"x": 406.0, "y": 326.0}, {"x": 406.0, "y": 344.0}, {"x": 329.0, "y": 344.0}]}, "description": "merchant address"}, {"boundingPoly": {"vertices": [{"x": 115.0, "y": 379.0}, {"x": 192.0, "y": 379.0}, {"x": 192.0, "y": 397.0}, {"x": 115.0, "y": 397.0}]}, "description": " Cashier:"}, {"boundingPoly": {"vertices": [{"x": 195.0, "y": 380.0}, {"x": 244.0, "y": 380.0}, {"x": 244.0, "y": 399.0}, {"x": 195.0, "y": 399.0}]}, "description": " 30670"}, {"boundingPoly": {"vertices": [{"x": 111.0, "y": 460.0}, {"x": 147.0, "y": 461.0}, {"x": 147.0, "y": 475.0}, {"x": 110.0, "y": 475.0}]}, "description": "Item"}, {"boundingPoly": {"vertices": [{"x": 107.0, "y": 481.0}, {"x": 220.0, "y": 481.0}, {"x": 220.0, "y": 497.0}, {"x": 107.0, "y": 498.0}]}, "description": "DARK SS CONE"}, {"boundingPoly": {"vertices": [{"x": 106.0, "y": 501.0}, {"x": 200.0, "y": 501.0}, {"x": 200.0, "y": 518.0}, {"x": 106.0, "y": 517.0}]}, "description": "0000013080"}, {"boundingPoly": {"vertices": [{"x": 104.0, "y": 522.0}, {"x": 266.0, "y": 521.0}, {"x": 266.0, "y": 539.0}, {"x": 104.0, "y": 539.0}]}, "description": "80Z DARK HOT CHOC"}, {"boundingPoly": {"vertices": [{"x": 102.0, "y": 543.0}, {"x": 198.0, "y": 543.0}, {"x": 198.0, "y": 560.0}, {"x": 102.0, "y": 559.0}]}, "description": "0000012445"}, {"boundingPoly": {"vertices": [{"x": 210.0, "y": 461.0}, {"x": 240.0, "y": 463.0}, {"x": 238.0, "y": 477.0}, {"x": 210.0, "y": 475.0}]}, "description": "Qty"}, {"boundingPoly": {"vertices": [{"x": 329.0, "y": 461.0}, {"x": 380.0, "y": 461.0}, {"x": 379.0, "y": 478.0}, {"x": 329.0, "y": 477.0}]}, "description": "Price"}, {"boundingPoly": {"vertices": [{"x": 432.0, "y": 460.0}, {"x": 489.0, "y": 460.0}, {"x": 489.0, "y": 477.0}, {"x": 432.0, "y": 477.0}]}, "description": "Amount"}, {"boundingPoly": {"vertices": [{"x": 227.0, "y": 503.0}, {"x": 234.0, "y": 504.0}, {"x": 233.0, "y": 518.0}, {"x": 227.0, "y": 516.0}]}, "description": "1"}, {"boundingPoly": {"vertices": [{"x": 328.0, "y": 501.0}, {"x": 368.0, "y": 501.0}, {"x": 368.0, "y": 518.0}, {"x": 329.0, "y": 518.0}]}, "description": "6.95"}, {"boundingPoly": {"vertices": [{"x": 440.0, "y": 500.0}, {"x": 480.0, "y": 500.0}, {"x": 481.0, "y": 518.0}, {"x": 440.0, "y": 518.0}]}, "description": "6.95"}, {"boundingPoly": {"vertices": [{"x": 225.0, "y": 544.0}, {"x": 234.0, "y": 544.0}, {"x": 234.0, "y": 558.0}, {"x": 225.0, "y": 558.0}]}, "description": "1"}, {"boundingPoly": {"vertices": [{"x": 329.0, "y": 543.0}, {"x": 367.0, "y": 543.0}, {"x": 367.0, "y": 560.0}, {"x": 329.0, "y": 560.0}]}, "description": "4.95"}, {"boundingPoly": {"vertices": [{"x": 443.0, "y": 544.0}, {"x": 481.0, "y": 544.0}, {"x": 481.0, "y": 561.0}, {"x": 443.0, "y": 561.0}]}, "description": "4.95"}, {"boundingPoly": {"vertices": [{"x": 297.0, "y": 609.0}, {"x": 375.0, "y": 609.0}, {"x": 374.0, "y": 628.0}, {"x": 297.0, "y": 627.0}]}, "description": "Subtotal"}, {"boundingPoly": {"vertices": [{"x": 280.0, "y": 632.0}, {"x": 316.0, "y": 632.0}, {"x": 316.0, "y": 651.0}, {"x": 280.0, "y": 651.0}]}, "description": " Tax"}, {"boundingPoly": {"vertices": [{"x": 433.0, "y": 610.0}, {"x": 482.0, "y": 609.0}, {"x": 482.0, "y": 627.0}, {"x": 433.0, "y": 627.0}]}, "description": "11.90"}, {"boundingPoly": {"vertices": [{"x": 440.0, "y": 631.0}, {"x": 483.0, "y": 632.0}, {"x": 483.0, "y": 650.0}, {"x": 440.0, "y": 650.0}]}, "description": "0.98"}, {"boundingPoly": {"vertices": [{"x": 326.0, "y": 633.0}, {"x": 376.0, "y": 633.0}, {"x": 376.0, "y": 651.0}, {"x": 326.0, "y": 651.0}]}, "description": " 8.25%"}, {"boundingPoly": {"vertices": [{"x": 326.0, "y": 679.0}, {"x": 376.0, "y": 680.0}, {"x": 375.0, "y": 699.0}, {"x": 326.0, "y": 697.0}]}, "description": "Total"}, {"boundingPoly": {"vertices": [{"x": 281.0, "y": 712.0}, {"x": 401.0, "y": 712.0}, {"x": 401.0, "y": 723.0}, {"x": 281.0, "y": 723.0}]}, "description": "============="}, {"boundingPoly": {"vertices": [{"x": 434.0, "y": 680.0}, {"x": 484.0, "y": 681.0}, {"x": 483.0, "y": 699.0}, {"x": 434.0, "y": 698.0}]}, "description": "12.88"}, {"boundingPoly": {"vertices": [{"x": 435.0, "y": 713.0}, {"x": 521.0, "y": 713.0}, {"x": 521.0, "y": 723.0}, {"x": 435.0, "y": 723.0}]}, "description": "----====="}, {"boundingPoly": {"vertices": [{"x": 436.0, "y": 728.0}, {"x": 484.0, "y": 728.0}, {"x": 484.0, "y": 743.0}, {"x": 436.0, "y": 743.0}]}, "description": "12.88"}, {"boundingPoly": {"vertices": [{"x": 90.0, "y": 726.0}, {"x": 248.0, "y": 728.0}, {"x": 247.0, "y": 742.0}, {"x": 90.0, "y": 740.0}]}, "description": "American Express"}, {"boundingPoly": {"vertices": [{"x": 137.0, "y": 744.0}, {"x": 287.0, "y": 746.0}, {"x": 287.0, "y": 761.0}, {"x": 136.0, "y": 758.0}]}, "description": "*********** 1009"}, {"boundingPoly": {"vertices": [{"x": 135.0, "y": 765.0}, {"x": 210.0, "y": 765.0}, {"x": 210.0, "y": 783.0}, {"x": 135.0, "y": 783.0}]}, "description": " Auth #:"}, {"boundingPoly": {"vertices": [{"x": 135.0, "y": 787.0}, {"x": 310.0, "y": 787.0}, {"x": 310.0, "y": 807.0}, {"x": 135.0, "y": 807.0}]}, "description": " Transaction Type:"}, {"boundingPoly": {"vertices": [{"x": 132.0, "y": 812.0}, {"x": 269.0, "y": 812.0}, {"x": 269.0, "y": 832.0}, {"x": 132.0, "y": 832.0}]}, "description": " Entry Method:"}, {"boundingPoly": {"vertices": [{"x": 242.0, "y": 835.0}, {"x": 316.0, "y": 835.0}, {"x": 316.0, "y": 856.0}, {"x": 242.0, "y": 856.0}]}, "description": " 8:57 PM"}, {"boundingPoly": {"vertices": [{"x": 149.0, "y": 871.0}, {"x": 456.0, "y": 868.0}, {"x": 457.0, "y": 879.0}, {"x": 149.0, "y": 883.0}]}, "description": "=============================="}, {"boundingPoly": {"vertices": [{"x": 447.0, "y": 886.0}, {"x": 490.0, "y": 886.0}, {"x": 491.0, "y": 904.0}, {"x": 447.0, "y": 903.0}]}, "description": "0.00"}, {"boundingPoly": {"vertices": [{"x": 213.0, "y": 765.0}, {"x": 276.0, "y": 765.0}, {"x": 276.0, "y": 783.0}, {"x": 213.0, "y": 783.0}]}, "description": " 504502"}, {"boundingPoly": {"vertices": [{"x": 313.0, "y": 786.0}, {"x": 357.0, "y": 786.0}, {"x": 357.0, "y": 806.0}, {"x": 313.0, "y": 806.0}]}, "description": " Sale"}, {"boundingPoly": {"vertices": [{"x": 272.0, "y": 812.0}, {"x": 336.0, "y": 812.0}, {"x": 336.0, "y": 831.0}, {"x": 272.0, "y": 831.0}]}, "description": " Swiped"}, {"boundingPoly": {"vertices": [{"x": 131.0, "y": 837.0}, {"x": 239.0, "y": 837.0}, {"x": 239.0, "y": 857.0}, {"x": 131.0, "y": 857.0}]}, "description": " Auth Time:"}, {"boundingPoly": {"vertices": [{"x": 461.0, "y": 868.0}, {"x": 531.0, "y": 868.0}, {"x": 531.0, "y": 879.0}, {"x": 461.0, "y": 879.0}]}, "description": "======="}, {"boundingPoly": {"vertices": [{"x": 75.0, "y": 887.0}, {"x": 140.0, "y": 888.0}, {"x": 139.0, "y": 905.0}, {"x": 75.0, "y": 905.0}]}, "description": "Change"}, {"boundingPoly": {"vertices": [{"x": 72.0, "y": 936.0}, {"x": 152.0, "y": 936.0}, {"x": 152.0, "y": 957.0}, {"x": 72.0, "y": 957.0}]}, "description": " Ticket:"}, {"boundingPoly": {"vertices": [{"x": 67.0, "y": 962.0}, {"x": 139.0, "y": 962.0}, {"x": 139.0, "y": 983.0}, {"x": 67.0, "y": 983.0}]}, "description": " Store:"}, {"boundingPoly": {"vertices": [{"x": 156.0, "y": 937.0}, {"x": 200.0, "y": 937.0}, {"x": 200.0, "y": 958.0}, {"x": 156.0, "y": 958.0}]}, "description": " 7917"}, {"boundingPoly": {"vertices": [{"x": 143.0, "y": 964.0}, {"x": 178.0, "y": 964.0}, {"x": 178.0, "y": 984.0}, {"x": 143.0, "y": 984.0}]}, "description": " 344"}, {"boundingPoly": {"vertices": [{"x": 248.0, "y": 937.0}, {"x": 308.0, "y": 937.0}, {"x": 308.0, "y": 957.0}, {"x": 248.0, "y": 957.0}]}, "description": " Date:"}, {"boundingPoly": {"vertices": [{"x": 247.0, "y": 964.0}, {"x": 348.0, "y": 964.0}, {"x": 348.0, "y": 985.0}, {"x": 247.0, "y": 985.0}]}, "description": " Register:"}, {"boundingPoly": {"vertices": [{"x": 312.0, "y": 936.0}, {"x": 483.0, "y": 936.0}, {"x": 483.0, "y": 956.0}, {"x": 312.0, "y": 956.0}]}, "description": " 11/16/19 8:57 PM"}, {"boundingPoly": {"vertices": [{"x": 352.0, "y": 964.0}, {"x": 365.0, "y": 964.0}, {"x": 365.0, "y": 985.0}, {"x": 352.0, "y": 985.0}]}, "description": " 2"}, {"boundingPoly": {"vertices": [{"x": 71.0, "y": 1071.0}, {"x": 527.0, "y": 1073.0}, {"x": 527.0, "y": 1095.0}, {"x": 71.0, "y": 1093.0}]}, "description": "Visit www.godiva.com/rewards or your local"}, {"boundingPoly": {"vertices": [{"x": 79.0, "y": 1099.0}, {"x": 360.0, "y": 1099.0}, {"x": 360.0, "y": 1123.0}, {"x": 79.0, "y": 1123.0}]}, "description": " Godiva boutique to enroll"}, {"boundingPoly": {"vertices": [{"x": 54.0, "y": 1129.0}, {"x": 316.0, "y": 1129.0}, {"x": 316.0, "y": 1152.0}, {"x": 54.0, "y": 1152.0}]}, "description": " Chocolate Rewards Club."}, {"boundingPoly": {"vertices": [{"x": 64.0, "y": 1158.0}, {"x": 532.0, "y": 1160.0}, {"x": 532.0, "y": 1182.0}, {"x": 64.0, "y": 1180.0}]}, "description": "a complimentary chocolate piece each month"}, {"boundingPoly": {"vertices": [{"x": 115.0, "y": 1186.0}, {"x": 462.0, "y": 1189.0}, {"x": 462.0, "y": 1211.0}, {"x": 115.0, "y": 1208.0}]}, "description": "and that is just the beginning!"}, {"boundingPoly": {"vertices": [{"x": 363.0, "y": 1101.0}, {"x": 509.0, "y": 1101.0}, {"x": 509.0, "y": 1123.0}, {"x": 363.0, "y": 1123.0}]}, "description": " in the Godiva"}, {"boundingPoly": {"vertices": [{"x": 326.0, "y": 1130.0}, {"x": 531.0, "y": 1130.0}, {"x": 531.0, "y": 1154.0}, {"x": 326.0, "y": 1154.0}]}, "description": " As a member, enjoy"}, {"boundingPoly": {"vertices": [{"x": 79.0, "y": 1243.0}, {"x": 512.0, "y": 1248.0}, {"x": 511.0, "y": 1271.0}, {"x": 79.0, "y": 1266.0}]}, "description": "TELL US ABOUT your experience today by"}, {"boundingPoly": {"vertices": [{"x": 157.0, "y": 1276.0}, {"x": 429.0, "y": 1277.0}, {"x": 429.0, "y": 1297.0}, {"x": 157.0, "y": 1296.0}]}, "description": "completing our survey at"}, {"boundingPoly": {"vertices": [{"x": 122.0, "y": 1303.0}, {"x": 454.0, "y": 1304.0}, {"x": 453.0, "y": 1325.0}, {"x": 122.0, "y": 1323.0}]}, "description": "www.godiva.com/customersurvey"}, {"boundingPoly": {"vertices": [{"x": 42.0, "y": 1356.0}, {"x": 217.0, "y": 1356.0}, {"x": 217.0, "y": 1379.0}, {"x": 42.0, "y": 1379.0}]}, "description": " SOLD ITEM COUNT"}, {"boundingPoly": {"vertices": [{"x": 221.0, "y": 1356.0}, {"x": 261.0, "y": 1356.0}, {"x": 261.0, "y": 1376.0}, {"x": 221.0, "y": 1376.0}]}, "description": " = 2"}, {"boundingPoly": {"vertices": [{"x": 159.0, "y": 1449.0}, {"x": 413.0, "y": 1445.0}, {"x": 414.0, "y": 1464.0}, {"x": 159.0, "y": 1470.0}]}, "description": "T1131IA11411GNI4ARM4J"}, {"boundingPoly": {"vertices": [{"x": 201.0, "y": 1507.0}, {"x": 371.0, "y": 1502.0}, {"x": 372.0, "y": 1526.0}, {"x": 202.0, "y": 1531.0}]}, "description": "Customer Copy"}]}