{"textAnnotations": [{"boundingPoly": {"vertices": [{"x": 722.0, "y": 244.0}, {"x": 1426.0, "y": 268.0}, {"x": 1424.0, "y": 316.0}, {"x": 721.0, "y": 290.0}]}, "description": "merchant name"}, {"boundingPoly": {"vertices": [{"x": 963.0, "y": 301.0}, {"x": 1167.0, "y": 307.0}, {"x": 1166.0, "y": 356.0}, {"x": 962.0, "y": 348.0}]}, "description": "merchant name"}, {"boundingPoly": {"vertices": [{"x": 842.0, "y": 401.0}, {"x": 1339.0, "y": 424.0}, {"x": 1336.0, "y": 472.0}, {"x": 842.0, "y": 450.0}]}, "description": "VAT Sales Receipt"}, {"boundingPoly": {"vertices": [{"x": 782.0, "y": 509.0}, {"x": 1398.0, "y": 531.0}, {"x": 1396.0, "y": 583.0}, {"x": 781.0, "y": 557.0}]}, "description": "*Indicates VAT Exempt"}, {"boundingPoly": {"vertices": [{"x": 605.0, "y": 615.0}, {"x": 967.0, "y": 626.0}, {"x": 965.0, "y": 676.0}, {"x": 604.0, "y": 664.0}]}, "description": "240557 Garth"}, {"boundingPoly": {"vertices": [{"x": 908.0, "y": 459.0}, {"x": 1287.0, "y": 473.0}, {"x": 1285.0, "y": 521.0}, {"x": 906.0, "y": 507.0}]}, "description": "TIN 100094684"}, {"boundingPoly": {"vertices": [{"x": 1508.0, "y": 655.0}, {"x": 1532.0, "y": 656.0}, {"x": 1529.0, "y": 690.0}, {"x": 1505.0, "y": 688.0}]}, "description": "2"}, {"boundingPoly": {"vertices": [{"x": 1462.0, "y": 709.0}, {"x": 1534.0, "y": 707.0}, {"x": 1535.0, "y": 728.0}, {"x": 1462.0, "y": 731.0}]}, "description": "---"}, {"boundingPoly": {"vertices": [{"x": 614.0, "y": 727.0}, {"x": 842.0, "y": 733.0}, {"x": 841.0, "y": 783.0}, {"x": 612.0, "y": 778.0}]}, "description": "3109"}, {"boundingPoly": {"vertices": [{"x": 855.0, "y": 792.0}, {"x": 1085.0, "y": 797.0}, {"x": 1084.0, "y": 846.0}, {"x": 854.0, "y": 840.0}]}, "description": "OCT30' 19"}, {"boundingPoly": {"vertices": [{"x": 1139.0, "y": 801.0}, {"x": 1316.0, "y": 801.0}, {"x": 1316.0, "y": 848.0}, {"x": 1139.0, "y": 848.0}]}, "description": " 8:29PM"}, {"boundingPoly": {"vertices": [{"x": 696.0, "y": 1338.0}, {"x": 1011.0, "y": 1337.0}, {"x": 1012.0, "y": 1385.0}, {"x": 696.0, "y": 1387.0}]}, "description": "1D- Calamari"}, {"boundingPoly": {"vertices": [{"x": 697.0, "y": 1389.0}, {"x": 1118.0, "y": 1389.0}, {"x": 1118.0, "y": 1436.0}, {"x": 697.0, "y": 1436.0}]}, "description": "1D-Bronx Bomber"}, {"boundingPoly": {"vertices": [{"x": 742.0, "y": 1444.0}, {"x": 975.0, "y": 1442.0}, {"x": 976.0, "y": 1486.0}, {"x": 742.0, "y": 1488.0}]}, "description": "Subtotal"}, {"boundingPoly": {"vertices": [{"x": 751.0, "y": 1493.0}, {"x": 1123.0, "y": 1490.0}, {"x": 1124.0, "y": 1537.0}, {"x": 752.0, "y": 1541.0}]}, "description": "*15% GRATUITY"}, {"boundingPoly": {"vertices": [{"x": 752.0, "y": 1547.0}, {"x": 950.0, "y": 1544.0}, {"x": 951.0, "y": 1590.0}, {"x": 752.0, "y": 1593.0}]}, "description": "VAT 12%"}, {"boundingPoly": {"vertices": [{"x": 752.0, "y": 1604.0}, {"x": 1042.0, "y": 1599.0}, {"x": 1043.0, "y": 1643.0}, {"x": 752.0, "y": 1647.0}]}, "description": "Amount Due"}, {"boundingPoly": {"vertices": [{"x": 1294.0, "y": 1334.0}, {"x": 1426.0, "y": 1332.0}, {"x": 1425.0, "y": 1376.0}, {"x": 1296.0, "y": 1381.0}]}, "description": "19.00"}, {"boundingPoly": {"vertices": [{"x": 1293.0, "y": 1385.0}, {"x": 1430.0, "y": 1384.0}, {"x": 1431.0, "y": 1429.0}, {"x": 1294.0, "y": 1431.0}]}, "description": "19.00"}, {"boundingPoly": {"vertices": [{"x": 1311.0, "y": 1433.0}, {"x": 1461.0, "y": 1434.0}, {"x": 1461.0, "y": 1478.0}, {"x": 1311.0, "y": 1478.0}]}, "description": "38.00"}, {"boundingPoly": {"vertices": [{"x": 1342.0, "y": 1486.0}, {"x": 1456.0, "y": 1485.0}, {"x": 1457.0, "y": 1527.0}, {"x": 1342.0, "y": 1528.0}]}, "description": "5.70"}, {"boundingPoly": {"vertices": [{"x": 1348.0, "y": 1536.0}, {"x": 1461.0, "y": 1536.0}, {"x": 1461.0, "y": 1581.0}, {"x": 1348.0, "y": 1582.0}]}, "description": "4.56"}, {"boundingPoly": {"vertices": [{"x": 1121.0, "y": 1594.0}, {"x": 1454.0, "y": 1587.0}, {"x": 1455.0, "y": 1637.0}, {"x": 1121.0, "y": 1644.0}]}, "description": "$48.26"}, {"boundingPoly": {"vertices": [{"x": 638.0, "y": 1754.0}, {"x": 1095.0, "y": 1754.0}, {"x": 1095.0, "y": 1808.0}, {"x": 638.0, "y": 1808.0}]}, "description": " *Extra Gratuity:"}, {"boundingPoly": {"vertices": [{"x": 724.0, "y": 1914.0}, {"x": 897.0, "y": 1914.0}, {"x": 897.0, "y": 1968.0}, {"x": 724.0, "y": 1968.0}]}, "description": " Total:"}, {"boundingPoly": {"vertices": [{"x": 728.0, "y": 2082.0}, {"x": 925.0, "y": 2082.0}, {"x": 925.0, "y": 2132.0}, {"x": 728.0, "y": 2132.0}]}, "description": " Room #:"}, {"boundingPoly": {"vertices": [{"x": 636.0, "y": 2187.0}, {"x": 1071.0, "y": 2187.0}, {"x": 1071.0, "y": 2240.0}, {"x": 636.0, "y": 2240.0}]}, "description": " Departure Date:"}, {"boundingPoly": {"vertices": [{"x": 639.0, "y": 2355.0}, {"x": 938.0, "y": 2355.0}, {"x": 938.0, "y": 2408.0}, {"x": 639.0, "y": 2408.0}]}, "description": " Signature:"}, {"boundingPoly": {"vertices": [{"x": 637.0, "y": 2517.0}, {"x": 1193.0, "y": 2517.0}, {"x": 1193.0, "y": 2581.0}, {"x": 637.0, "y": 2581.0}]}, "description": " Registered Surname:"}, {"boundingPoly": {"vertices": [{"x": 1071.0, "y": 2624.0}, {"x": 1498.0, "y": 2614.0}, {"x": 1499.0, "y": 2664.0}, {"x": 1072.0, "y": 2675.0}]}, "description": "VAT 12% = 4.56"}, {"boundingPoly": {"vertices": [{"x": 639.0, "y": 2638.0}, {"x": 1055.0, "y": 2628.0}, {"x": 1056.0, "y": 2678.0}, {"x": 641.0, "y": 2691.0}]}, "description": "TIN 100094684"}, {"boundingPoly": {"vertices": [{"x": 817.0, "y": 2745.0}, {"x": 1326.0, "y": 2730.0}, {"x": 1328.0, "y": 2779.0}, {"x": 818.0, "y": 2795.0}]}, "description": "VAT Sales Receipt"}, {"boundingPoly": {"vertices": [{"x": 765.0, "y": 2801.0}, {"x": 1382.0, "y": 2777.0}, {"x": 1383.0, "y": 2827.0}, {"x": 765.0, "y": 2851.0}]}, "description": "*Indicates VAT Exempt"}]}