{"textAnnotations": [{"boundingPoly": {"vertices": [{"x": 990.0, "y": 51.0}, {"x": 1357.0, "y": 42.0}, {"x": 1359.0, "y": 109.0}, {"x": 993.0, "y": 123.0}]}, "description": "merchant name"}, {"boundingPoly": {"vertices": [{"x": 907.0, "y": 178.0}, {"x": 1449.0, "y": 156.0}, {"x": 1451.0, "y": 214.0}, {"x": 908.0, "y": 238.0}]}, "description": "merchant address"}, {"boundingPoly": {"vertices": [{"x": 998.0, "y": 118.0}, {"x": 1359.0, "y": 100.0}, {"x": 1362.0, "y": 162.0}, {"x": 999.0, "y": 178.0}]}, "description": "merchant address"}, {"boundingPoly": {"vertices": [{"x": 989.0, "y": 231.0}, {"x": 1359.0, "y": 213.0}, {"x": 1361.0, "y": 274.0}, {"x": 992.0, "y": 291.0}]}, "description": "merchant phone"}, {"boundingPoly": {"vertices": [{"x": 716.0, "y": 360.0}, {"x": 1008.0, "y": 339.0}, {"x": 1012.0, "y": 402.0}, {"x": 720.0, "y": 424.0}]}, "description": "11/27/2019"}, {"boundingPoly": {"vertices": [{"x": 716.0, "y": 463.0}, {"x": 1001.0, "y": 463.0}, {"x": 1001.0, "y": 542.0}, {"x": 716.0, "y": 542.0}]}, "description": " Device ID:"}, {"boundingPoly": {"vertices": [{"x": 1411.0, "y": 313.0}, {"x": 1668.0, "y": 313.0}, {"x": 1668.0, "y": 379.0}, {"x": 1411.0, "y": 379.0}]}, "description": " 23:51:45"}, {"boundingPoly": {"vertices": [{"x": 710.0, "y": 401.0}, {"x": 1061.0, "y": 401.0}, {"x": 1061.0, "y": 485.0}, {"x": 710.0, "y": 485.0}]}, "description": " Merchant ID:"}, {"boundingPoly": {"vertices": [{"x": 720.0, "y": 515.0}, {"x": 1059.0, "y": 515.0}, {"x": 1059.0, "y": 599.0}, {"x": 720.0, "y": 599.0}]}, "description": " Terminal ID:"}, {"boundingPoly": {"vertices": [{"x": 723.0, "y": 615.0}, {"x": 1404.0, "y": 615.0}, {"x": 1404.0, "y": 714.0}, {"x": 723.0, "y": 714.0}]}, "description": " Credit Sale:"}, {"boundingPoly": {"vertices": [{"x": 724.0, "y": 747.0}, {"x": 1123.0, "y": 747.0}, {"x": 1123.0, "y": 821.0}, {"x": 724.0, "y": 821.0}]}, "description": " Transaction #:"}, {"boundingPoly": {"vertices": [{"x": 1291.0, "y": 385.0}, {"x": 1661.0, "y": 376.0}, {"x": 1662.0, "y": 431.0}, {"x": 1292.0, "y": 432.0}]}, "description": "******** 1616"}, {"boundingPoly": {"vertices": [{"x": 1543.0, "y": 433.0}, {"x": 1664.0, "y": 433.0}, {"x": 1665.0, "y": 488.0}, {"x": 1541.0, "y": 491.0}]}, "description": "0060"}, {"boundingPoly": {"vertices": [{"x": 1479.0, "y": 491.0}, {"x": 1661.0, "y": 488.0}, {"x": 1663.0, "y": 547.0}, {"x": 1480.0, "y": 550.0}]}, "description": "PPX11."}, {"boundingPoly": {"vertices": [{"x": 1605.0, "y": 719.0}, {"x": 1673.0, "y": 720.0}, {"x": 1674.0, "y": 786.0}, {"x": 1605.0, "y": 785.0}]}, "description": "14"}, {"boundingPoly": {"vertices": [{"x": 721.0, "y": 818.0}, {"x": 1008.0, "y": 818.0}, {"x": 1008.0, "y": 885.0}, {"x": 721.0, "y": 885.0}]}, "description": " Card Type:"}, {"boundingPoly": {"vertices": [{"x": 1542.0, "y": 787.0}, {"x": 1678.0, "y": 783.0}, {"x": 1676.0, "y": 843.0}, {"x": 1545.0, "y": 851.0}]}, "description": "AMEX"}, {"boundingPoly": {"vertices": [{"x": 725.0, "y": 880.0}, {"x": 948.0, "y": 880.0}, {"x": 948.0, "y": 940.0}, {"x": 725.0, "y": 940.0}]}, "description": " Account:"}, {"boundingPoly": {"vertices": [{"x": 720.0, "y": 938.0}, {"x": 893.0, "y": 938.0}, {"x": 893.0, "y": 995.0}, {"x": 720.0, "y": 995.0}]}, "description": " Entry:"}, {"boundingPoly": {"vertices": [{"x": 1215.0, "y": 865.0}, {"x": 1666.0, "y": 848.0}, {"x": 1668.0, "y": 904.0}, {"x": 1217.0, "y": 912.0}]}, "description": "*********** 1000"}, {"boundingPoly": {"vertices": [{"x": 1543.0, "y": 906.0}, {"x": 1663.0, "y": 909.0}, {"x": 1660.0, "y": 966.0}, {"x": 1542.0, "y": 963.0}]}, "description": "Chip"}, {"boundingPoly": {"vertices": [{"x": 730.0, "y": 1053.0}, {"x": 884.0, "y": 1053.0}, {"x": 884.0, "y": 1109.0}, {"x": 730.0, "y": 1109.0}]}, "description": " Amount"}, {"boundingPoly": {"vertices": [{"x": 894.0, "y": 1053.0}, {"x": 919.0, "y": 1053.0}, {"x": 919.0, "y": 1109.0}, {"x": 894.0, "y": 1109.0}]}, "description": " :"}, {"boundingPoly": {"vertices": [{"x": 1477.0, "y": 1025.0}, {"x": 1673.0, "y": 1019.0}, {"x": 1674.0, "y": 1079.0}, {"x": 1480.0, "y": 1088.0}]}, "description": "$19.95"}, {"boundingPoly": {"vertices": [{"x": 727.0, "y": 1100.0}, {"x": 1089.0, "y": 1100.0}, {"x": 1089.0, "y": 1164.0}, {"x": 727.0, "y": 1164.0}]}, "description": " CUST SVC FEE:"}, {"boundingPoly": {"vertices": [{"x": 1504.0, "y": 1084.0}, {"x": 1675.0, "y": 1076.0}, {"x": 1673.0, "y": 1136.0}, {"x": 1508.0, "y": 1144.0}]}, "description": "$0.73"}, {"boundingPoly": {"vertices": [{"x": 1302.0, "y": 1167.0}, {"x": 1417.0, "y": 1162.0}, {"x": 1418.0, "y": 1187.0}, {"x": 1304.0, "y": 1192.0}]}, "description": "----"}, {"boundingPoly": {"vertices": [{"x": 1300.0, "y": 1206.0}, {"x": 1665.0, "y": 1198.0}, {"x": 1667.0, "y": 1265.0}, {"x": 1302.0, "y": 1273.0}]}, "description": "$20.68"}, {"boundingPoly": {"vertices": [{"x": 1333.0, "y": 1329.0}, {"x": 1330.0, "y": 1385.0}, {"x": 1298.0, "y": 1383.0}, {"x": 1300.0, "y": 1327.0}]}, "description": "LA"}, {"boundingPoly": {"vertices": [{"x": 727.0, "y": 1216.0}, {"x": 1171.0, "y": 1216.0}, {"x": 1171.0, "y": 1279.0}, {"x": 727.0, "y": 1279.0}]}, "description": " Sub Tot:"}, {"boundingPoly": {"vertices": [{"x": 729.0, "y": 1326.0}, {"x": 866.0, "y": 1326.0}, {"x": 866.0, "y": 1389.0}, {"x": 729.0, "y": 1389.0}]}, "description": " TIP1:"}, {"boundingPoly": {"vertices": [{"x": 737.0, "y": 1434.0}, {"x": 1133.0, "y": 1434.0}, {"x": 1133.0, "y": 1504.0}, {"x": 737.0, "y": 1504.0}]}, "description": " Total:$"}, {"boundingPoly": {"vertices": [{"x": 726.0, "y": 1549.0}, {"x": 828.0, "y": 1549.0}, {"x": 828.0, "y": 1609.0}, {"x": 726.0, "y": 1609.0}]}, "description": " STAN"}, {"boundingPoly": {"vertices": [{"x": 724.0, "y": 1609.0}, {"x": 1043.0, "y": 1609.0}, {"x": 1043.0, "y": 1669.0}, {"x": 724.0, "y": 1669.0}]}, "description": " Auth. Code:"}, {"boundingPoly": {"vertices": [{"x": 725.0, "y": 1667.0}, {"x": 1096.0, "y": 1667.0}, {"x": 1096.0, "y": 1727.0}, {"x": 725.0, "y": 1727.0}]}, "description": " Batch Number:"}, {"boundingPoly": {"vertices": [{"x": 721.0, "y": 1725.0}, {"x": 978.0, "y": 1725.0}, {"x": 978.0, "y": 1785.0}, {"x": 721.0, "y": 1785.0}]}, "description": " Response:"}, {"boundingPoly": {"vertices": [{"x": 840.0, "y": 1550.0}, {"x": 864.0, "y": 1550.0}, {"x": 864.0, "y": 1609.0}, {"x": 840.0, "y": 1609.0}]}, "description": " :"}, {"boundingPoly": {"vertices": [{"x": 1569.0, "y": 1553.0}, {"x": 1667.0, "y": 1554.0}, {"x": 1665.0, "y": 1613.0}, {"x": 1570.0, "y": 1611.0}]}, "description": "014"}, {"boundingPoly": {"vertices": [{"x": 1477.0, "y": 1614.0}, {"x": 1671.0, "y": 1613.0}, {"x": 1671.0, "y": 1670.0}, {"x": 1477.0, "y": 1671.0}]}, "description": "868028"}, {"boundingPoly": {"vertices": [{"x": 722.0, "y": 1779.0}, {"x": 983.0, "y": 1779.0}, {"x": 983.0, "y": 1842.0}, {"x": 722.0, "y": 1842.0}]}, "description": " TRANS ID:"}, {"boundingPoly": {"vertices": [{"x": 1421.0, "y": 1723.0}, {"x": 1669.0, "y": 1727.0}, {"x": 1668.0, "y": 1789.0}, {"x": 1421.0, "y": 1786.0}]}, "description": "AUTH/TKT"}, {"boundingPoly": {"vertices": [{"x": 1213.0, "y": 1779.0}, {"x": 1671.0, "y": 1787.0}, {"x": 1670.0, "y": 1852.0}, {"x": 1212.0, "y": 1844.0}]}, "description": "007647881955273"}, {"boundingPoly": {"vertices": [{"x": 1484.0, "y": 1905.0}, {"x": 1666.0, "y": 1915.0}, {"x": 1664.0, "y": 1966.0}, {"x": 1481.0, "y": 1961.0}]}, "description": "Issuer"}, {"boundingPoly": {"vertices": [{"x": 714.0, "y": 1899.0}, {"x": 862.0, "y": 1899.0}, {"x": 862.0, "y": 1957.0}, {"x": 714.0, "y": 1957.0}]}, "description": " Mode:"}, {"boundingPoly": {"vertices": [{"x": 715.0, "y": 1952.0}, {"x": 829.0, "y": 1952.0}, {"x": 829.0, "y": 2008.0}, {"x": 715.0, "y": 2008.0}]}, "description": " AID:"}, {"boundingPoly": {"vertices": [{"x": 715.0, "y": 2006.0}, {"x": 823.0, "y": 2006.0}, {"x": 823.0, "y": 2071.0}, {"x": 715.0, "y": 2071.0}]}, "description": " TVR:"}, {"boundingPoly": {"vertices": [{"x": 1188.0, "y": 1956.0}, {"x": 1667.0, "y": 1962.0}, {"x": 1666.0, "y": 2021.0}, {"x": 1187.0, "y": 2016.0}]}, "description": "A000000025010801"}, {"boundingPoly": {"vertices": [{"x": 714.0, "y": 2065.0}, {"x": 826.0, "y": 2065.0}, {"x": 826.0, "y": 2132.0}, {"x": 714.0, "y": 2132.0}]}, "description": " IAD:"}, {"boundingPoly": {"vertices": [{"x": 1367.0, "y": 2017.0}, {"x": 1670.0, "y": 2018.0}, {"x": 1670.0, "y": 2076.0}, {"x": 1367.0, "y": 2074.0}]}, "description": "0000008000"}, {"boundingPoly": {"vertices": [{"x": 1245.0, "y": 2074.0}, {"x": 1665.0, "y": 2075.0}, {"x": 1665.0, "y": 2137.0}, {"x": 1245.0, "y": 2136.0}]}, "description": "06560103642002"}, {"boundingPoly": {"vertices": [{"x": 1537.0, "y": 2139.0}, {"x": 1672.0, "y": 2138.0}, {"x": 1675.0, "y": 2195.0}, {"x": 1537.0, "y": 2197.0}]}, "description": "F800"}, {"boundingPoly": {"vertices": [{"x": 1608.0, "y": 2197.0}, {"x": 1672.0, "y": 2196.0}, {"x": 1673.0, "y": 2258.0}, {"x": 1609.0, "y": 2259.0}]}, "description": "00"}, {"boundingPoly": {"vertices": [{"x": 706.0, "y": 2126.0}, {"x": 825.0, "y": 2126.0}, {"x": 825.0, "y": 2192.0}, {"x": 706.0, "y": 2192.0}]}, "description": " TSI:"}, {"boundingPoly": {"vertices": [{"x": 696.0, "y": 2190.0}, {"x": 822.0, "y": 2190.0}, {"x": 822.0, "y": 2255.0}, {"x": 696.0, "y": 2255.0}]}, "description": " ARC:"}, {"boundingPoly": {"vertices": [{"x": 696.0, "y": 2252.0}, {"x": 847.0, "y": 2252.0}, {"x": 847.0, "y": 2320.0}, {"x": 696.0, "y": 2320.0}]}, "description": " APPN:"}, {"boundingPoly": {"vertices": [{"x": 692.0, "y": 2318.0}, {"x": 793.0, "y": 2318.0}, {"x": 793.0, "y": 2382.0}, {"x": 692.0, "y": 2382.0}]}, "description": " IC:"}, {"boundingPoly": {"vertices": [{"x": 683.0, "y": 2379.0}, {"x": 811.0, "y": 2379.0}, {"x": 811.0, "y": 2443.0}, {"x": 683.0, "y": 2443.0}]}, "description": " ATC:"}, {"boundingPoly": {"vertices": [{"x": 683.0, "y": 2444.0}, {"x": 898.0, "y": 2444.0}, {"x": 898.0, "y": 2510.0}, {"x": 683.0, "y": 2510.0}]}, "description": " APPLAB:"}, {"boundingPoly": {"vertices": [{"x": 1188.0, "y": 2319.0}, {"x": 1687.0, "y": 2319.0}, {"x": 1687.0, "y": 2385.0}, {"x": 1188.0, "y": 2385.0}]}, "description": "AB34A76417C36F92"}, {"boundingPoly": {"vertices": [{"x": 1557.0, "y": 2385.0}, {"x": 1671.0, "y": 2383.0}, {"x": 1671.0, "y": 2448.0}, {"x": 1558.0, "y": 2450.0}]}, "description": "0031"}, {"boundingPoly": {"vertices": [{"x": 1185.0, "y": 2445.0}, {"x": 1691.0, "y": 2447.0}, {"x": 1691.0, "y": 2516.0}, {"x": 1185.0, "y": 2512.0}]}, "description": "AMERICAN EXPRESS"}, {"boundingPoly": {"vertices": [{"x": 990.0, "y": 2570.0}, {"x": 1374.0, "y": 2570.0}, {"x": 1375.0, "y": 2640.0}, {"x": 990.0, "y": 2641.0}]}, "description": "PIN VERIFIED"}, {"boundingPoly": {"vertices": [{"x": 967.0, "y": 2840.0}, {"x": 1396.0, "y": 2836.0}, {"x": 1397.0, "y": 2912.0}, {"x": 968.0, "y": 2916.0}]}, "description": "CUSTOMER COPY"}]}