{"textAnnotations": [{"boundingPoly": {"vertices": [{"x": 1083.0, "y": 132.0}, {"x": 1828.0, "y": 133.0}, {"x": 1828.0, "y": 195.0}, {"x": 1083.0, "y": 193.0}]}, "description": "Thank You For Visiting the"}, {"boundingPoly": {"vertices": [{"x": 1221.0, "y": 233.0}, {"x": 1691.0, "y": 249.0}, {"x": 1689.0, "y": 309.0}, {"x": 1220.0, "y": 292.0}]}, "description": "Matthew Fraysier"}, {"boundingPoly": {"vertices": [{"x": 1274.0, "y": 363.0}, {"x": 1658.0, "y": 370.0}, {"x": 1657.0, "y": 435.0}, {"x": 1273.0, "y": 428.0}]}, "description": "merchant phone"}, {"boundingPoly": {"vertices": [{"x": 1088.0, "y": 187.0}, {"x": 1818.0, "y": 190.0}, {"x": 1818.0, "y": 251.0}, {"x": 1088.0, "y": 246.0}]}, "description": "merchant name"}, {"boundingPoly": {"vertices": [{"x": 1240.0, "y": 299.0}, {"x": 1673.0, "y": 313.0}, {"x": 1671.0, "y": 372.0}, {"x": 1238.0, "y": 357.0}]}, "description": "General Manager"}, {"boundingPoly": {"vertices": [{"x": 1132.0, "y": 433.0}, {"x": 1789.0, "y": 432.0}, {"x": 1789.0, "y": 503.0}, {"x": 1132.0, "y": 504.0}]}, "description": "We Love Your Feedback!"}, {"boundingPoly": {"vertices": [{"x": 1131.0, "y": 496.0}, {"x": 1808.0, "y": 495.0}, {"x": 1808.0, "y": 568.0}, {"x": 1131.0, "y": 569.0}]}, "description": "Text @LTF11479 to 73940"}, {"boundingPoly": {"vertices": [{"x": 1986.0, "y": 643.0}, {"x": 2086.0, "y": 645.0}, {"x": 2082.0, "y": 705.0}, {"x": 1983.0, "y": 702.0}]}, "description": "USD"}, {"boundingPoly": {"vertices": [{"x": 1969.0, "y": 712.0}, {"x": 2090.0, "y": 710.0}, {"x": 2090.0, "y": 765.0}, {"x": 1969.0, "y": 766.0}]}, "description": "3.49"}, {"boundingPoly": {"vertices": [{"x": 1967.0, "y": 774.0}, {"x": 2093.0, "y": 773.0}, {"x": 2095.0, "y": 830.0}, {"x": 1970.0, "y": 829.0}]}, "description": "0 00"}, {"boundingPoly": {"vertices": [{"x": 1963.0, "y": 839.0}, {"x": 2099.0, "y": 839.0}, {"x": 2100.0, "y": 898.0}, {"x": 1965.0, "y": 897.0}]}, "description": "(,00"}, {"boundingPoly": {"vertices": [{"x": 1973.0, "y": 904.0}, {"x": 2100.0, "y": 904.0}, {"x": 2101.0, "y": 968.0}, {"x": 1973.0, "y": 967.0}]}, "description": "0.15"}, {"boundingPoly": {"vertices": [{"x": 1974.0, "y": 974.0}, {"x": 2103.0, "y": 976.0}, {"x": 2103.0, "y": 1036.0}, {"x": 1973.0, "y": 1034.0}]}, "description": "0.99"}, {"boundingPoly": {"vertices": [{"x": 1981.0, "y": 1046.0}, {"x": 2100.0, "y": 1044.0}, {"x": 2101.0, "y": 1100.0}, {"x": 1982.0, "y": 1104.0}]}, "description": "3.49"}, {"boundingPoly": {"vertices": [{"x": 1983.0, "y": 1114.0}, {"x": 2103.0, "y": 1114.0}, {"x": 2103.0, "y": 1168.0}, {"x": 1981.0, "y": 1170.0}]}, "description": "0.00"}, {"boundingPoly": {"vertices": [{"x": 1990.0, "y": 1185.0}, {"x": 2111.0, "y": 1181.0}, {"x": 2111.0, "y": 1232.0}, {"x": 1990.0, "y": 1235.0}]}, "description": "0.00"}, {"boundingPoly": {"vertices": [{"x": 1991.0, "y": 1249.0}, {"x": 2108.0, "y": 1247.0}, {"x": 2112.0, "y": 1297.0}, {"x": 1991.0, "y": 1298.0}]}, "description": "0.15"}, {"boundingPoly": {"vertices": [{"x": 1994.0, "y": 1319.0}, {"x": 2163.0, "y": 1316.0}, {"x": 2165.0, "y": 1370.0}, {"x": 1996.0, "y": 1375.0}]}, "description": "0.99%"}, {"boundingPoly": {"vertices": [{"x": 1993.0, "y": 1388.0}, {"x": 2114.0, "y": 1385.0}, {"x": 2116.0, "y": 1445.0}, {"x": 1992.0, "y": 1449.0}]}, "description": "6.25"}, {"boundingPoly": {"vertices": [{"x": 895.0, "y": 747.0}, {"x": 1290.0, "y": 697.0}, {"x": 1296.0, "y": 762.0}, {"x": 904.0, "y": 814.0}]}, "description": "Grilled Cheese"}, {"boundingPoly": {"vertices": [{"x": 894.0, "y": 883.0}, {"x": 1327.0, "y": 834.0}, {"x": 1334.0, "y": 895.0}, {"x": 901.0, "y": 946.0}]}, "description": "American Cheese"}, {"boundingPoly": {"vertices": [{"x": 895.0, "y": 1024.0}, {"x": 1097.0, "y": 1004.0}, {"x": 1103.0, "y": 1058.0}, {"x": 897.0, "y": 1077.0}]}, "description": "Avocado"}, {"boundingPoly": {"vertices": [{"x": 885.0, "y": 1151.0}, {"x": 1363.0, "y": 1118.0}, {"x": 1367.0, "y": 1186.0}, {"x": 889.0, "y": 1214.0}]}, "description": "Multigrain Bread"}, {"boundingPoly": {"vertices": [{"x": 892.0, "y": 813.0}, {"x": 1355.0, "y": 761.0}, {"x": 1364.0, "y": 827.0}, {"x": 900.0, "y": 883.0}]}, "description": "Multigrain Bread"}, {"boundingPoly": {"vertices": [{"x": 890.0, "y": 953.0}, {"x": 1066.0, "y": 938.0}, {"x": 1070.0, "y": 991.0}, {"x": 894.0, "y": 1007.0}]}, "description": "Tomato"}, {"boundingPoly": {"vertices": [{"x": 892.0, "y": 1083.0}, {"x": 1302.0, "y": 1053.0}, {"x": 1307.0, "y": 1116.0}, {"x": 894.0, "y": 1147.0}]}, "description": "Grilled Cheese"}, {"boundingPoly": {"vertices": [{"x": 891.0, "y": 1220.0}, {"x": 1329.0, "y": 1194.0}, {"x": 1333.0, "y": 1259.0}, {"x": 893.0, "y": 1281.0}]}, "description": "American Cheese"}, {"boundingPoly": {"vertices": [{"x": 891.0, "y": 1290.0}, {"x": 1065.0, "y": 1287.0}, {"x": 1066.0, "y": 1342.0}, {"x": 891.0, "y": 1345.0}]}, "description": "Tomato"}, {"boundingPoly": {"vertices": [{"x": 883.0, "y": 1359.0}, {"x": 1094.0, "y": 1350.0}, {"x": 1096.0, "y": 1411.0}, {"x": 883.0, "y": 1419.0}]}, "description": "Avocado"}, {"boundingPoly": {"vertices": [{"x": 895.0, "y": 1429.0}, {"x": 1478.0, "y": 1411.0}, {"x": 1479.0, "y": 1478.0}, {"x": 897.0, "y": 1494.0}]}, "description": "16oz Island Watermel"}, {"boundingPoly": {"vertices": [{"x": 1579.0, "y": 1846.0}, {"x": 1856.0, "y": 1839.0}, {"x": 1857.0, "y": 1904.0}, {"x": 1579.0, "y": 1910.0}]}, "description": "Sub Total"}, {"boundingPoly": {"vertices": [{"x": 1589.0, "y": 1918.0}, {"x": 1882.0, "y": 1910.0}, {"x": 1884.0, "y": 1973.0}, {"x": 1589.0, "y": 1979.0}]}, "description": "Tax Amount"}, {"boundingPoly": {"vertices": [{"x": 1976.0, "y": 1834.0}, {"x": 2117.0, "y": 1832.0}, {"x": 2118.0, "y": 1896.0}, {"x": 1977.0, "y": 1898.0}]}, "description": "15.51"}, {"boundingPoly": {"vertices": [{"x": 2004.0, "y": 1909.0}, {"x": 2126.0, "y": 1906.0}, {"x": 2130.0, "y": 1962.0}, {"x": 2005.0, "y": 1966.0}]}, "description": "1.38"}, {"boundingPoly": {"vertices": [{"x": 862.0, "y": 2138.0}, {"x": 1415.0, "y": 2130.0}, {"x": 1416.0, "y": 2246.0}, {"x": 864.0, "y": 2256.0}]}, "description": "Total USD"}, {"boundingPoly": {"vertices": [{"x": 1826.0, "y": 2125.0}, {"x": 2134.0, "y": 2118.0}, {"x": 2136.0, "y": 2233.0}, {"x": 1832.0, "y": 2239.0}]}, "description": "16.89"}, {"boundingPoly": {"vertices": [{"x": 847.0, "y": 2465.0}, {"x": 1516.0, "y": 2454.0}, {"x": 1517.0, "y": 2515.0}, {"x": 848.0, "y": 2525.0}]}, "description": "5009 AMERICAN EXPRESS"}, {"boundingPoly": {"vertices": [{"x": 1999.0, "y": 2451.0}, {"x": 2153.0, "y": 2447.0}, {"x": 2155.0, "y": 2507.0}, {"x": 2003.0, "y": 2512.0}]}, "description": "16.89"}, {"boundingPoly": {"vertices": [{"x": 834.0, "y": 2596.0}, {"x": 1285.0, "y": 2596.0}, {"x": 1285.0, "y": 2662.0}, {"x": 834.0, "y": 2662.0}]}, "description": "17022092121920"}, {"boundingPoly": {"vertices": [{"x": 803.0, "y": 2821.0}, {"x": 911.0, "y": 2825.0}, {"x": 906.0, "y": 2884.0}, {"x": 798.0, "y": 2879.0}]}, "description": "Tax"}, {"boundingPoly": {"vertices": [{"x": 783.0, "y": 2889.0}, {"x": 1069.0, "y": 2891.0}, {"x": 1068.0, "y": 2969.0}, {"x": 783.0, "y": 2966.0}]}, "description": "() 8.875"}, {"boundingPoly": {"vertices": [{"x": 777.0, "y": 2969.0}, {"x": 1166.0, "y": 2969.0}, {"x": 1166.0, "y": 3051.0}, {"x": 777.0, "y": 3051.0}]}, "description": " (Sunrise FL"}, {"boundingPoly": {"vertices": [{"x": 1329.0, "y": 2818.0}, {"x": 1831.0, "y": 2818.0}, {"x": 1831.0, "y": 2892.0}, {"x": 1329.0, "y": 2892.0}]}, "description": " Taxable Amount"}, {"boundingPoly": {"vertices": [{"x": 1640.0, "y": 2894.0}, {"x": 1797.0, "y": 2894.0}, {"x": 1798.0, "y": 2968.0}, {"x": 1641.0, "y": 2968.0}]}, "description": "15.51"}, {"boundingPoly": {"vertices": [{"x": 1246.0, "y": 2972.0}, {"x": 1812.0, "y": 2972.0}, {"x": 1812.0, "y": 3051.0}, {"x": 1246.0, "y": 3051.0}]}, "description": " DO NOT USE) 0.00"}, {"boundingPoly": {"vertices": [{"x": 1855.0, "y": 2818.0}, {"x": 2196.0, "y": 2818.0}, {"x": 2196.0, "y": 2891.0}, {"x": 1855.0, "y": 2891.0}]}, "description": " Tax Amount"}, {"boundingPoly": {"vertices": [{"x": 2076.0, "y": 2901.0}, {"x": 2204.0, "y": 2899.0}, {"x": 2204.0, "y": 2963.0}, {"x": 2080.0, "y": 2966.0}]}, "description": "1.38"}, {"boundingPoly": {"vertices": [{"x": 2076.0, "y": 2978.0}, {"x": 2214.0, "y": 2978.0}, {"x": 2216.0, "y": 3045.0}, {"x": 2078.0, "y": 3045.0}]}, "description": "0.00"}, {"boundingPoly": {"vertices": [{"x": 1180.0, "y": 2972.0}, {"x": 1232.0, "y": 2972.0}, {"x": 1232.0, "y": 3051.0}, {"x": 1180.0, "y": 3051.0}]}, "description": " -"}, {"boundingPoly": {"vertices": [{"x": 742.0, "y": 3214.0}, {"x": 2247.0, "y": 3214.0}, {"x": 2247.0, "y": 3296.0}, {"x": 742.0, "y": 3296.0}]}, "description": " 11/25/2019 09:37 AM #:52973 Op:4023 C:111"}, {"boundingPoly": {"vertices": [{"x": 735.0, "y": 3299.0}, {"x": 1092.0, "y": 3299.0}, {"x": 1092.0, "y": 3385.0}, {"x": 735.0, "y": 3385.0}]}, "description": " 105 S:1111"}, {"boundingPoly": {"vertices": [{"x": 711.0, "y": 3400.0}, {"x": 1111.0, "y": 3400.0}, {"x": 1111.0, "y": 3487.0}, {"x": 711.0, "y": 3487.0}]}, "description": " Served you"}, {"boundingPoly": {"vertices": [{"x": 1124.0, "y": 3396.0}, {"x": 1802.0, "y": 3396.0}, {"x": 1802.0, "y": 3488.0}, {"x": 1124.0, "y": 3488.0}]}, "description": " : Lucrecia Findley"}, {"boundingPoly": {"vertices": [{"x": 691.0, "y": 3590.0}, {"x": 1507.0, "y": 3590.0}, {"x": 1507.0, "y": 3682.0}, {"x": 691.0, "y": 3683.0}]}, "description": "Global Rewards Points"}, {"boundingPoly": {"vertices": [{"x": 1419.0, "y": 3693.0}, {"x": 1572.0, "y": 3692.0}, {"x": 1572.0, "y": 3778.0}, {"x": 1419.0, "y": 3778.0}]}, "description": "1701"}, {"boundingPoly": {"vertices": [{"x": 1414.0, "y": 3796.0}, {"x": 1485.0, "y": 3798.0}, {"x": 1485.0, "y": 3882.0}, {"x": 1413.0, "y": 3880.0}]}, "description": "57"}, {"boundingPoly": {"vertices": [{"x": 1403.0, "y": 3910.0}, {"x": 1466.0, "y": 3909.0}, {"x": 1466.0, "y": 3984.0}, {"x": 1402.0, "y": 3986.0}]}, "description": "0"}, {"boundingPoly": {"vertices": [{"x": 1403.0, "y": 4016.0}, {"x": 1578.0, "y": 4012.0}, {"x": 1579.0, "y": 4069.0}, {"x": 1404.0, "y": 4072.0}]}, "description": "1768"}, {"boundingPoly": {"vertices": [{"x": 678.0, "y": 3695.0}, {"x": 1395.0, "y": 3695.0}, {"x": 1395.0, "y": 3787.0}, {"x": 678.0, "y": 3787.0}]}, "description": " Previous Balance:"}, {"boundingPoly": {"vertices": [{"x": 666.0, "y": 3799.0}, {"x": 1231.0, "y": 3799.0}, {"x": 1231.0, "y": 3893.0}, {"x": 666.0, "y": 3893.0}]}, "description": " Accrued (new):"}, {"boundingPoly": {"vertices": [{"x": 652.0, "y": 3908.0}, {"x": 1302.0, "y": 3908.0}, {"x": 1302.0, "y": 4004.0}, {"x": 652.0, "y": 4004.0}]}, "description": " Redeemed (used):"}, {"boundingPoly": {"vertices": [{"x": 792.0, "y": 4017.0}, {"x": 1144.0, "y": 4021.0}, {"x": 1143.0, "y": 4092.0}, {"x": 792.0, "y": 4091.0}]}, "description": "Balance"}]}