{"textAnnotations": [{"boundingPoly": {"vertices": [{"x": 77.0, "y": 76.0}, {"x": 274.0, "y": 73.0}, {"x": 274.0, "y": 91.0}, {"x": 77.0, "y": 94.0}]}, "description": "Thank You For Visiting the"}, {"boundingPoly": {"vertices": [{"x": 72.0, "y": 95.0}, {"x": 279.0, "y": 92.0}, {"x": 279.0, "y": 109.0}, {"x": 72.0, "y": 113.0}]}, "description": "merchant name"}, {"boundingPoly": {"vertices": [{"x": 89.0, "y": 114.0}, {"x": 258.0, "y": 111.0}, {"x": 258.0, "y": 128.0}, {"x": 89.0, "y": 131.0}]}, "description": "We Love Your Feedback!"}, {"boundingPoly": {"vertices": [{"x": 89.0, "y": 132.0}, {"x": 264.0, "y": 130.0}, {"x": 265.0, "y": 147.0}, {"x": 89.0, "y": 150.0}]}, "description": "Text @LTF10051 to 73940"}, {"boundingPoly": {"vertices": [{"x": 310.0, "y": 166.0}, {"x": 335.0, "y": 165.0}, {"x": 336.0, "y": 182.0}, {"x": 311.0, "y": 183.0}]}, "description": "USD"}, {"boundingPoly": {"vertices": [{"x": 24.0, "y": 189.0}, {"x": 103.0, "y": 188.0}, {"x": 103.0, "y": 206.0}, {"x": 24.0, "y": 207.0}]}, "description": "3 \u00d7 $ 1.14"}, {"boundingPoly": {"vertices": [{"x": 26.0, "y": 208.0}, {"x": 117.0, "y": 207.0}, {"x": 117.0, "y": 224.0}, {"x": 26.0, "y": 225.0}]}, "description": "Coffee Small"}, {"boundingPoly": {"vertices": [{"x": 302.0, "y": 204.0}, {"x": 336.0, "y": 204.0}, {"x": 335.0, "y": 220.0}, {"x": 302.0, "y": 221.0}]}, "description": "3.42"}, {"boundingPoly": {"vertices": [{"x": 198.0, "y": 243.0}, {"x": 269.0, "y": 242.0}, {"x": 269.0, "y": 259.0}, {"x": 198.0, "y": 260.0}]}, "description": "Sub Total"}, {"boundingPoly": {"vertices": [{"x": 200.0, "y": 262.0}, {"x": 276.0, "y": 262.0}, {"x": 276.0, "y": 278.0}, {"x": 200.0, "y": 279.0}]}, "description": "Tax Amount"}, {"boundingPoly": {"vertices": [{"x": 303.0, "y": 241.0}, {"x": 337.0, "y": 240.0}, {"x": 336.0, "y": 258.0}, {"x": 303.0, "y": 258.0}]}, "description": "3.42"}, {"boundingPoly": {"vertices": [{"x": 303.0, "y": 260.0}, {"x": 337.0, "y": 260.0}, {"x": 336.0, "y": 276.0}, {"x": 304.0, "y": 276.0}]}, "description": "0.29"}, {"boundingPoly": {"vertices": [{"x": 18.0, "y": 315.0}, {"x": 157.0, "y": 315.0}, {"x": 157.0, "y": 337.0}, {"x": 18.0, "y": 337.0}]}, "description": "Total USD"}, {"boundingPoly": {"vertices": [{"x": 275.0, "y": 316.0}, {"x": 335.0, "y": 316.0}, {"x": 335.0, "y": 336.0}, {"x": 274.0, "y": 336.0}]}, "description": "3.71"}, {"boundingPoly": {"vertices": [{"x": 13.0, "y": 381.0}, {"x": 181.0, "y": 381.0}, {"x": 181.0, "y": 397.0}, {"x": 13.0, "y": 397.0}]}, "description": "5009 AMERICAN EXPRESS"}, {"boundingPoly": {"vertices": [{"x": 309.0, "y": 379.0}, {"x": 343.0, "y": 380.0}, {"x": 343.0, "y": 397.0}, {"x": 309.0, "y": 396.0}]}, "description": "3.71"}, {"boundingPoly": {"vertices": [{"x": 13.0, "y": 437.0}, {"x": 41.0, "y": 437.0}, {"x": 41.0, "y": 454.0}, {"x": 13.0, "y": 454.0}]}, "description": "Tax"}, {"boundingPoly": {"vertices": [{"x": 15.0, "y": 455.0}, {"x": 72.0, "y": 455.0}, {"x": 72.0, "y": 473.0}, {"x": 15.0, "y": 474.0}]}, "description": "() 8.60"}, {"boundingPoly": {"vertices": [{"x": 141.0, "y": 436.0}, {"x": 258.0, "y": 436.0}, {"x": 258.0, "y": 455.0}, {"x": 141.0, "y": 455.0}]}, "description": " Taxable Amount"}, {"boundingPoly": {"vertices": [{"x": 217.0, "y": 455.0}, {"x": 252.0, "y": 455.0}, {"x": 252.0, "y": 472.0}, {"x": 217.0, "y": 472.0}]}, "description": "3.42"}, {"boundingPoly": {"vertices": [{"x": 265.0, "y": 436.0}, {"x": 345.0, "y": 436.0}, {"x": 345.0, "y": 454.0}, {"x": 265.0, "y": 454.0}]}, "description": " Tax Amount"}, {"boundingPoly": {"vertices": [{"x": 311.0, "y": 454.0}, {"x": 345.0, "y": 454.0}, {"x": 346.0, "y": 471.0}, {"x": 312.0, "y": 471.0}]}, "description": "0.29"}, {"boundingPoly": {"vertices": [{"x": 18.0, "y": 511.0}, {"x": 347.0, "y": 511.0}, {"x": 347.0, "y": 532.0}, {"x": 18.0, "y": 532.0}]}, "description": " 11/20/2019 03:09 PM #:60278 Op:3070 C:112"}, {"boundingPoly": {"vertices": [{"x": 20.0, "y": 533.0}, {"x": 97.0, "y": 533.0}, {"x": 97.0, "y": 550.0}, {"x": 20.0, "y": 550.0}]}, "description": " 103 S:1121"}, {"boundingPoly": {"vertices": [{"x": 18.0, "y": 551.0}, {"x": 102.0, "y": 551.0}, {"x": 102.0, "y": 569.0}, {"x": 18.0, "y": 569.0}]}, "description": " Served you"}, {"boundingPoly": {"vertices": [{"x": 105.0, "y": 550.0}, {"x": 222.0, "y": 550.0}, {"x": 222.0, "y": 568.0}, {"x": 105.0, "y": 568.0}]}, "description": " : Lorena Fontes"}, {"boundingPoly": {"vertices": [{"x": 91.0, "y": 620.0}, {"x": 252.0, "y": 618.0}, {"x": 252.0, "y": 635.0}, {"x": 91.0, "y": 637.0}]}, "description": "*** Customer copy ***"}, {"boundingPoly": {"vertices": [{"x": 120.0, "y": 656.0}, {"x": 229.0, "y": 654.0}, {"x": 230.0, "y": 672.0}, {"x": 120.0, "y": 673.0}]}, "description": "AMEX AESCP (5)"}, {"boundingPoly": {"vertices": [{"x": 28.0, "y": 677.0}, {"x": 314.0, "y": 672.0}, {"x": 315.0, "y": 689.0}, {"x": 28.0, "y": 695.0}]}, "description": "I agree to pay the above total amount"}, {"boundingPoly": {"vertices": [{"x": 81.0, "y": 696.0}, {"x": 270.0, "y": 693.0}, {"x": 270.0, "y": 708.0}, {"x": 81.0, "y": 712.0}]}, "description": "according to card issuer"}, {"boundingPoly": {"vertices": [{"x": 18.0, "y": 716.0}, {"x": 325.0, "y": 710.0}, {"x": 325.0, "y": 727.0}, {"x": 18.0, "y": 733.0}]}, "description": "agreement. (Merchant agreement if Credit"}, {"boundingPoly": {"vertices": [{"x": 43.0, "y": 731.0}, {"x": 264.0, "y": 731.0}, {"x": 264.0, "y": 752.0}, {"x": 43.0, "y": 752.0}]}, "description": " Voucher)Retain this copy for"}, {"boundingPoly": {"vertices": [{"x": 144.0, "y": 753.0}, {"x": 207.0, "y": 752.0}, {"x": 207.0, "y": 768.0}, {"x": 144.0, "y": 769.0}]}, "description": "records."}, {"boundingPoly": {"vertices": [{"x": 268.0, "y": 731.0}, {"x": 301.0, "y": 731.0}, {"x": 301.0, "y": 749.0}, {"x": 268.0, "y": 749.0}]}, "description": " your"}, {"boundingPoly": {"vertices": [{"x": 15.0, "y": 792.0}, {"x": 170.0, "y": 789.0}, {"x": 170.0, "y": 807.0}, {"x": 16.0, "y": 810.0}]}, "description": "PURCHASE / APPROVED"}, {"boundingPoly": {"vertices": [{"x": 15.0, "y": 812.0}, {"x": 146.0, "y": 809.0}, {"x": 147.0, "y": 827.0}, {"x": 15.0, "y": 830.0}]}, "description": "AMERICAN EXPRESS"}, {"boundingPoly": {"vertices": [{"x": 14.0, "y": 831.0}, {"x": 138.0, "y": 830.0}, {"x": 138.0, "y": 847.0}, {"x": 14.0, "y": 848.0}]}, "description": "*********** 1006"}, {"boundingPoly": {"vertices": [{"x": 11.0, "y": 851.0}, {"x": 104.0, "y": 851.0}, {"x": 105.0, "y": 869.0}, {"x": 11.0, "y": 869.0}]}, "description": "CHIP READ /"}, {"boundingPoly": {"vertices": [{"x": 10.0, "y": 888.0}, {"x": 172.0, "y": 888.0}, {"x": 172.0, "y": 910.0}, {"x": 10.0, "y": 910.0}]}, "description": " 2019/11/20 15:09:45"}, {"boundingPoly": {"vertices": [{"x": 10.0, "y": 911.0}, {"x": 38.0, "y": 910.0}, {"x": 39.0, "y": 927.0}, {"x": 10.0, "y": 928.0}]}, "description": "TID"}, {"boundingPoly": {"vertices": [{"x": 11.0, "y": 931.0}, {"x": 37.0, "y": 930.0}, {"x": 38.0, "y": 946.0}, {"x": 12.0, "y": 946.0}]}, "description": "MID"}, {"boundingPoly": {"vertices": [{"x": 12.0, "y": 949.0}, {"x": 88.0, "y": 948.0}, {"x": 88.0, "y": 965.0}, {"x": 12.0, "y": 966.0}]}, "description": "REFERENCE"}, {"boundingPoly": {"vertices": [{"x": 13.0, "y": 968.0}, {"x": 89.0, "y": 967.0}, {"x": 89.0, "y": 984.0}, {"x": 13.0, "y": 986.0}]}, "description": "AUTH CODE"}, {"boundingPoly": {"vertices": [{"x": 275.0, "y": 906.0}, {"x": 343.0, "y": 906.0}, {"x": 343.0, "y": 922.0}, {"x": 275.0, "y": 922.0}]}, "description": "**** 5970"}, {"boundingPoly": {"vertices": [{"x": 284.0, "y": 925.0}, {"x": 342.0, "y": 925.0}, {"x": 342.0, "y": 940.0}, {"x": 284.0, "y": 941.0}]}, "description": "6634458"}, {"boundingPoly": {"vertices": [{"x": 135.0, "y": 946.0}, {"x": 342.0, "y": 943.0}, {"x": 343.0, "y": 959.0}, {"x": 135.0, "y": 964.0}]}, "description": "S1121T112103#60278@419508"}, {"boundingPoly": {"vertices": [{"x": 291.0, "y": 961.0}, {"x": 342.0, "y": 961.0}, {"x": 342.0, "y": 977.0}, {"x": 291.0, "y": 977.0}]}, "description": "819136"}, {"boundingPoly": {"vertices": [{"x": 15.0, "y": 1007.0}, {"x": 56.0, "y": 1006.0}, {"x": 56.0, "y": 1022.0}, {"x": 15.0, "y": 1023.0}]}, "description": "TOTAL"}, {"boundingPoly": {"vertices": [{"x": 282.0, "y": 998.0}, {"x": 340.0, "y": 997.0}, {"x": 341.0, "y": 1013.0}, {"x": 282.0, "y": 1014.0}]}, "description": "USD3.71"}, {"boundingPoly": {"vertices": [{"x": 17.0, "y": 1042.0}, {"x": 53.0, "y": 1042.0}, {"x": 53.0, "y": 1060.0}, {"x": 17.0, "y": 1060.0}]}, "description": " ARC:"}, {"boundingPoly": {"vertices": [{"x": 17.0, "y": 1060.0}, {"x": 53.0, "y": 1060.0}, {"x": 53.0, "y": 1077.0}, {"x": 17.0, "y": 1077.0}]}, "description": " TSI:"}, {"boundingPoly": {"vertices": [{"x": 17.0, "y": 1078.0}, {"x": 53.0, "y": 1078.0}, {"x": 53.0, "y": 1095.0}, {"x": 17.0, "y": 1095.0}]}, "description": " IAD:"}, {"boundingPoly": {"vertices": [{"x": 19.0, "y": 1095.0}, {"x": 54.0, "y": 1095.0}, {"x": 54.0, "y": 1112.0}, {"x": 19.0, "y": 1112.0}]}, "description": " TVR:"}, {"boundingPoly": {"vertices": [{"x": 19.0, "y": 1113.0}, {"x": 55.0, "y": 1113.0}, {"x": 55.0, "y": 1130.0}, {"x": 19.0, "y": 1130.0}]}, "description": " AID:"}, {"boundingPoly": {"vertices": [{"x": 18.0, "y": 1129.0}, {"x": 112.0, "y": 1129.0}, {"x": 112.0, "y": 1147.0}, {"x": 18.0, "y": 1147.0}]}, "description": " PAN Seq No:"}, {"boundingPoly": {"vertices": [{"x": 56.0, "y": 1041.0}, {"x": 76.0, "y": 1041.0}, {"x": 76.0, "y": 1058.0}, {"x": 56.0, "y": 1058.0}]}, "description": " 00"}, {"boundingPoly": {"vertices": [{"x": 55.0, "y": 1058.0}, {"x": 92.0, "y": 1058.0}, {"x": 92.0, "y": 1076.0}, {"x": 55.0, "y": 1076.0}]}, "description": " F800"}, {"boundingPoly": {"vertices": [{"x": 56.0, "y": 1072.0}, {"x": 173.0, "y": 1072.0}, {"x": 173.0, "y": 1093.0}, {"x": 56.0, "y": 1093.0}]}, "description": " 066D0103602002"}, {"boundingPoly": {"vertices": [{"x": 57.0, "y": 1091.0}, {"x": 142.0, "y": 1091.0}, {"x": 142.0, "y": 1111.0}, {"x": 57.0, "y": 1111.0}]}, "description": " 0000008000"}, {"boundingPoly": {"vertices": [{"x": 58.0, "y": 1108.0}, {"x": 188.0, "y": 1108.0}, {"x": 188.0, "y": 1129.0}, {"x": 58.0, "y": 1129.0}]}, "description": " A000000025010801"}, {"boundingPoly": {"vertices": [{"x": 114.0, "y": 1128.0}, {"x": 133.0, "y": 1128.0}, {"x": 133.0, "y": 1144.0}, {"x": 114.0, "y": 1144.0}]}, "description": " 00"}]}