{"textAnnotations": [{"boundingPoly": {"vertices": [{"x": 341.0, "y": 122.0}, {"x": 1456.0, "y": 105.0}, {"x": 1457.0, "y": 193.0}, {"x": 341.0, "y": 204.0}]}, "description": "merchant name"}, {"boundingPoly": {"vertices": [{"x": 624.0, "y": 218.0}, {"x": 988.0, "y": 218.0}, {"x": 988.0, "y": 273.0}, {"x": 624.0, "y": 273.0}]}, "description": "merchant address"}, {"boundingPoly": {"vertices": [{"x": 326.0, "y": 197.0}, {"x": 616.0, "y": 197.0}, {"x": 616.0, "y": 271.0}, {"x": 326.0, "y": 271.0}]}, "description": "merchant address"}, {"boundingPoly": {"vertices": [{"x": 304.0, "y": 319.0}, {"x": 693.0, "y": 347.0}, {"x": 690.0, "y": 392.0}, {"x": 301.0, "y": 373.0}]}, "description": "merchant address"}, {"boundingPoly": {"vertices": [{"x": 1018.0, "y": 199.0}, {"x": 1269.0, "y": 199.0}, {"x": 1269.0, "y": 266.0}, {"x": 1018.0, "y": 266.0}]}, "description": "merchant address"}, {"boundingPoly": {"vertices": [{"x": 310.0, "y": 261.0}, {"x": 1316.0, "y": 253.0}, {"x": 1317.0, "y": 329.0}, {"x": 310.0, "y": 334.0}]}, "description": "merchant address"}, {"boundingPoly": {"vertices": [{"x": 290.0, "y": 378.0}, {"x": 363.0, "y": 378.0}, {"x": 363.0, "y": 431.0}, {"x": 290.0, "y": 431.0}]}, "description": " r:"}, {"boundingPoly": {"vertices": [{"x": 372.0, "y": 388.0}, {"x": 736.0, "y": 388.0}, {"x": 736.0, "y": 452.0}, {"x": 372.0, "y": 452.0}]}, "description": "merchant phone"}, {"boundingPoly": {"vertices": [{"x": 718.0, "y": 348.0}, {"x": 1177.0, "y": 323.0}, {"x": 1178.0, "y": 370.0}, {"x": 718.0, "y": 396.0}]}, "description": "merchant address"}, {"boundingPoly": {"vertices": [{"x": 770.0, "y": 409.0}, {"x": 1269.0, "y": 381.0}, {"x": 1270.0, "y": 423.0}, {"x": 772.0, "y": 453.0}]}, "description": "www.bygbrewski.com"}, {"boundingPoly": {"vertices": [{"x": 957.0, "y": 495.0}, {"x": 1198.0, "y": 495.0}, {"x": 1198.0, "y": 556.0}, {"x": 957.0, "y": 556.0}]}, "description": " : T25 -- 738"}, {"boundingPoly": {"vertices": [{"x": 311.0, "y": 513.0}, {"x": 416.0, "y": 513.0}, {"x": 416.0, "y": 569.0}, {"x": 311.0, "y": 569.0}]}, "description": " Type"}, {"boundingPoly": {"vertices": [{"x": 308.0, "y": 572.0}, {"x": 640.0, "y": 572.0}, {"x": 640.0, "y": 634.0}, {"x": 308.0, "y": 634.0}]}, "description": " Table No:B12"}, {"boundingPoly": {"vertices": [{"x": 524.0, "y": 632.0}, {"x": 908.0, "y": 632.0}, {"x": 908.0, "y": 689.0}, {"x": 524.0, "y": 689.0}]}, "description": " AmrendraCashier"}, {"boundingPoly": {"vertices": [{"x": 423.0, "y": 520.0}, {"x": 643.0, "y": 520.0}, {"x": 643.0, "y": 577.0}, {"x": 423.0, "y": 577.0}]}, "description": " : Bayfort"}, {"boundingPoly": {"vertices": [{"x": 744.0, "y": 516.0}, {"x": 949.0, "y": 516.0}, {"x": 949.0, "y": 569.0}, {"x": 744.0, "y": 569.0}]}, "description": " Bill No."}, {"boundingPoly": {"vertices": [{"x": 741.0, "y": 578.0}, {"x": 838.0, "y": 578.0}, {"x": 838.0, "y": 627.0}, {"x": 741.0, "y": 627.0}]}, "description": " Date"}, {"boundingPoly": {"vertices": [{"x": 845.0, "y": 536.0}, {"x": 1398.0, "y": 536.0}, {"x": 1398.0, "y": 619.0}, {"x": 845.0, "y": 619.0}]}, "description": " :2019-11-07 23:09:27"}, {"boundingPoly": {"vertices": [{"x": 306.0, "y": 644.0}, {"x": 517.0, "y": 644.0}, {"x": 517.0, "y": 689.0}, {"x": 306.0, "y": 689.0}]}, "description": " Steward:"}, {"boundingPoly": {"vertices": [{"x": 303.0, "y": 703.0}, {"x": 465.0, "y": 703.0}, {"x": 465.0, "y": 750.0}, {"x": 303.0, "y": 750.0}]}, "description": " Covers"}, {"boundingPoly": {"vertices": [{"x": 916.0, "y": 606.0}, {"x": 1279.0, "y": 606.0}, {"x": 1279.0, "y": 674.0}, {"x": 916.0, "y": 674.0}]}, "description": " :Amrendra Das"}, {"boundingPoly": {"vertices": [{"x": 472.0, "y": 708.0}, {"x": 489.0, "y": 708.0}, {"x": 489.0, "y": 751.0}, {"x": 472.0, "y": 751.0}]}, "description": " ."}, {"boundingPoly": {"vertices": [{"x": 497.0, "y": 708.0}, {"x": 522.0, "y": 708.0}, {"x": 522.0, "y": 751.0}, {"x": 497.0, "y": 751.0}]}, "description": " 2"}, {"boundingPoly": {"vertices": [{"x": 303.0, "y": 827.0}, {"x": 404.0, "y": 827.0}, {"x": 404.0, "y": 869.0}, {"x": 303.0, "y": 869.0}]}, "description": " Kots"}, {"boundingPoly": {"vertices": [{"x": 302.0, "y": 890.0}, {"x": 409.0, "y": 890.0}, {"x": 408.0, "y": 927.0}, {"x": 301.0, "y": 926.0}]}, "description": "Item"}, {"boundingPoly": {"vertices": [{"x": 412.0, "y": 825.0}, {"x": 542.0, "y": 825.0}, {"x": 542.0, "y": 867.0}, {"x": 412.0, "y": 867.0}]}, "description": " :25 --"}, {"boundingPoly": {"vertices": [{"x": 926.0, "y": 858.0}, {"x": 1004.0, "y": 857.0}, {"x": 1004.0, "y": 901.0}, {"x": 926.0, "y": 902.0}]}, "description": "Qty"}, {"boundingPoly": {"vertices": [{"x": 1206.0, "y": 859.0}, {"x": 1292.0, "y": 861.0}, {"x": 1292.0, "y": 894.0}, {"x": 1205.0, "y": 891.0}]}, "description": "Amt"}, {"boundingPoly": {"vertices": [{"x": 1416.0, "y": 937.0}, {"x": 1462.0, "y": 938.0}, {"x": 1461.0, "y": 960.0}, {"x": 1415.0, "y": 959.0}]}, "description": "---"}, {"boundingPoly": {"vertices": [{"x": 289.0, "y": 1008.0}, {"x": 776.0, "y": 983.0}, {"x": 778.0, "y": 1025.0}, {"x": 289.0, "y": 1049.0}]}, "description": "Cheesy Garlic Bread"}, {"boundingPoly": {"vertices": [{"x": 918.0, "y": 982.0}, {"x": 941.0, "y": 984.0}, {"x": 940.0, "y": 1016.0}, {"x": 918.0, "y": 1014.0}]}, "description": "1"}, {"boundingPoly": {"vertices": [{"x": 1231.0, "y": 986.0}, {"x": 1405.0, "y": 992.0}, {"x": 1404.0, "y": 1034.0}, {"x": 1230.0, "y": 1028.0}]}, "description": "195.00"}, {"boundingPoly": {"vertices": [{"x": 285.0, "y": 1061.0}, {"x": 797.0, "y": 1044.0}, {"x": 798.0, "y": 1089.0}, {"x": 286.0, "y": 1104.0}]}, "description": "Chilli Cheese Spring"}, {"boundingPoly": {"vertices": [{"x": 272.0, "y": 1124.0}, {"x": 399.0, "y": 1124.0}, {"x": 399.0, "y": 1161.0}, {"x": 272.0, "y": 1161.0}]}, "description": "Rolls"}, {"boundingPoly": {"vertices": [{"x": 262.0, "y": 1181.0}, {"x": 645.0, "y": 1172.0}, {"x": 646.0, "y": 1212.0}, {"x": 263.0, "y": 1222.0}]}, "description": "The Green Scene"}, {"boundingPoly": {"vertices": [{"x": 253.0, "y": 1242.0}, {"x": 610.0, "y": 1235.0}, {"x": 611.0, "y": 1278.0}, {"x": 253.0, "y": 1286.0}]}, "description": "Citrus Whisper"}, {"boundingPoly": {"vertices": [{"x": 250.0, "y": 1300.0}, {"x": 637.0, "y": 1294.0}, {"x": 638.0, "y": 1341.0}, {"x": 250.0, "y": 1349.0}]}, "description": "G Spiced Mojito"}, {"boundingPoly": {"vertices": [{"x": 246.0, "y": 1361.0}, {"x": 814.0, "y": 1364.0}, {"x": 813.0, "y": 1412.0}, {"x": 246.0, "y": 1409.0}]}, "description": "500Ml Byg Belgian Wit"}, {"boundingPoly": {"vertices": [{"x": 912.0, "y": 1119.0}, {"x": 928.0, "y": 1120.0}, {"x": 925.0, "y": 1150.0}, {"x": 909.0, "y": 1148.0}]}, "description": "1"}, {"boundingPoly": {"vertices": [{"x": 1223.0, "y": 1121.0}, {"x": 1400.0, "y": 1129.0}, {"x": 1398.0, "y": 1171.0}, {"x": 1221.0, "y": 1164.0}]}, "description": "245.00"}, {"boundingPoly": {"vertices": [{"x": 1225.0, "y": 1188.0}, {"x": 1393.0, "y": 1194.0}, {"x": 1391.0, "y": 1237.0}, {"x": 1224.0, "y": 1232.0}]}, "description": "455.00"}, {"boundingPoly": {"vertices": [{"x": 1221.0, "y": 1257.0}, {"x": 1388.0, "y": 1263.0}, {"x": 1387.0, "y": 1307.0}, {"x": 1220.0, "y": 1300.0}]}, "description": "325.00"}, {"boundingPoly": {"vertices": [{"x": 1213.0, "y": 1321.0}, {"x": 1385.0, "y": 1326.0}, {"x": 1384.0, "y": 1365.0}, {"x": 1212.0, "y": 1360.0}]}, "description": "345.00"}, {"boundingPoly": {"vertices": [{"x": 1210.0, "y": 1385.0}, {"x": 1374.0, "y": 1389.0}, {"x": 1373.0, "y": 1427.0}, {"x": 1209.0, "y": 1423.0}]}, "description": "275.00"}, {"boundingPoly": {"vertices": [{"x": 905.0, "y": 1183.0}, {"x": 925.0, "y": 1179.0}, {"x": 925.0, "y": 1208.0}, {"x": 905.0, "y": 1212.0}]}, "description": "7"}, {"boundingPoly": {"vertices": [{"x": 904.0, "y": 1381.0}, {"x": 921.0, "y": 1382.0}, {"x": 921.0, "y": 1413.0}, {"x": 904.0, "y": 1413.0}]}, "description": "1"}, {"boundingPoly": {"vertices": [{"x": 841.0, "y": 1436.0}, {"x": 903.0, "y": 1435.0}, {"x": 902.0, "y": 1464.0}, {"x": 841.0, "y": 1466.0}]}, "description": "---"}, {"boundingPoly": {"vertices": [{"x": 236.0, "y": 1491.0}, {"x": 445.0, "y": 1491.0}, {"x": 445.0, "y": 1538.0}, {"x": 236.0, "y": 1538.0}]}, "description": " Total Qty"}, {"boundingPoly": {"vertices": [{"x": 236.0, "y": 1559.0}, {"x": 420.0, "y": 1559.0}, {"x": 420.0, "y": 1603.0}, {"x": 236.0, "y": 1603.0}]}, "description": " SubTotal"}, {"boundingPoly": {"vertices": [{"x": 453.0, "y": 1491.0}, {"x": 475.0, "y": 1491.0}, {"x": 475.0, "y": 1538.0}, {"x": 453.0, "y": 1538.0}]}, "description": " :"}, {"boundingPoly": {"vertices": [{"x": 902.0, "y": 1490.0}, {"x": 921.0, "y": 1491.0}, {"x": 919.0, "y": 1521.0}, {"x": 900.0, "y": 1521.0}]}, "description": "6"}, {"boundingPoly": {"vertices": [{"x": 427.0, "y": 1559.0}, {"x": 449.0, "y": 1559.0}, {"x": 449.0, "y": 1603.0}, {"x": 427.0, "y": 1603.0}]}, "description": " :"}, {"boundingPoly": {"vertices": [{"x": 1183.0, "y": 1548.0}, {"x": 1379.0, "y": 1546.0}, {"x": 1379.0, "y": 1587.0}, {"x": 1184.0, "y": 1588.0}]}, "description": "1840.00"}, {"boundingPoly": {"vertices": [{"x": 238.0, "y": 1690.0}, {"x": 574.0, "y": 1685.0}, {"x": 575.0, "y": 1736.0}, {"x": 238.0, "y": 1740.0}]}, "description": "S. Charge@7.5%"}, {"boundingPoly": {"vertices": [{"x": 236.0, "y": 1756.0}, {"x": 378.0, "y": 1755.0}, {"x": 378.0, "y": 1797.0}, {"x": 237.0, "y": 1798.0}]}, "description": "GST@5%"}, {"boundingPoly": {"vertices": [{"x": 299.0, "y": 1821.0}, {"x": 571.0, "y": 1821.0}, {"x": 571.0, "y": 1869.0}, {"x": 299.0, "y": 1869.0}]}, "description": "CGST @2.5%"}, {"boundingPoly": {"vertices": [{"x": 294.0, "y": 1891.0}, {"x": 573.0, "y": 1891.0}, {"x": 573.0, "y": 1935.0}, {"x": 294.0, "y": 1935.0}]}, "description": "SGST @2.5%"}, {"boundingPoly": {"vertices": [{"x": 1218.0, "y": 1674.0}, {"x": 1389.0, "y": 1674.0}, {"x": 1389.0, "y": 1716.0}, {"x": 1218.0, "y": 1716.0}]}, "description": "138.03"}, {"boundingPoly": {"vertices": [{"x": 1250.0, "y": 1743.0}, {"x": 1392.0, "y": 1740.0}, {"x": 1393.0, "y": 1783.0}, {"x": 1251.0, "y": 1786.0}]}, "description": "48.11"}, {"boundingPoly": {"vertices": [{"x": 1073.0, "y": 1814.0}, {"x": 1222.0, "y": 1813.0}, {"x": 1222.0, "y": 1856.0}, {"x": 1073.0, "y": 1858.0}]}, "description": "24.05"}, {"boundingPoly": {"vertices": [{"x": 1072.0, "y": 1883.0}, {"x": 1222.0, "y": 1880.0}, {"x": 1222.0, "y": 1924.0}, {"x": 1072.0, "y": 1925.0}]}, "description": "24.05"}, {"boundingPoly": {"vertices": [{"x": 232.0, "y": 2026.0}, {"x": 484.0, "y": 2026.0}, {"x": 484.0, "y": 2074.0}, {"x": 232.0, "y": 2074.0}]}, "description": " Round Off:"}, {"boundingPoly": {"vertices": [{"x": 231.0, "y": 2090.0}, {"x": 774.0, "y": 2090.0}, {"x": 774.0, "y": 2143.0}, {"x": 231.0, "y": 2143.0}]}, "description": " Total Invoice Value:"}, {"boundingPoly": {"vertices": [{"x": 216.0, "y": 2164.0}, {"x": 335.0, "y": 2168.0}, {"x": 334.0, "y": 2200.0}, {"x": 214.0, "y": 2195.0}]}, "description": "------"}, {"boundingPoly": {"vertices": [{"x": 1260.0, "y": 2019.0}, {"x": 1405.0, "y": 2019.0}, {"x": 1405.0, "y": 2062.0}, {"x": 1260.0, "y": 2062.0}]}, "description": "-0.14"}, {"boundingPoly": {"vertices": [{"x": 1284.0, "y": 2090.0}, {"x": 1403.0, "y": 2088.0}, {"x": 1401.0, "y": 2129.0}, {"x": 1283.0, "y": 2130.0}]}, "description": "2026"}, {"boundingPoly": {"vertices": [{"x": 670.0, "y": 2175.0}, {"x": 757.0, "y": 2175.0}, {"x": 757.0, "y": 2204.0}, {"x": 669.0, "y": 2203.0}]}, "description": "---"}, {"boundingPoly": {"vertices": [{"x": 352.0, "y": 2251.0}, {"x": 516.0, "y": 2251.0}, {"x": 516.0, "y": 2323.0}, {"x": 352.0, "y": 2323.0}]}, "description": " PAY"}, {"boundingPoly": {"vertices": [{"x": 530.0, "y": 2248.0}, {"x": 822.0, "y": 2248.0}, {"x": 822.0, "y": 2325.0}, {"x": 530.0, "y": 2325.0}]}, "description": " : 2026"}, {"boundingPoly": {"vertices": [{"x": 1266.0, "y": 2361.0}, {"x": 1462.0, "y": 2361.0}, {"x": 1462.0, "y": 2385.0}, {"x": 1266.0, "y": 2386.0}]}, "description": "-------"}, {"boundingPoly": {"vertices": [{"x": 206.0, "y": 2414.0}, {"x": 1017.0, "y": 2424.0}, {"x": 1016.0, "y": 2476.0}, {"x": 205.0, "y": 2470.0}]}, "description": "BREWSKY HOSPITALITY PVT. LTD."}, {"boundingPoly": {"vertices": [{"x": 208.0, "y": 2485.0}, {"x": 274.0, "y": 2495.0}, {"x": 271.0, "y": 2522.0}, {"x": 205.0, "y": 2511.0}]}, "description": "---"}, {"boundingPoly": {"vertices": [{"x": 203.0, "y": 2548.0}, {"x": 880.0, "y": 2563.0}, {"x": 879.0, "y": 2617.0}, {"x": 202.0, "y": 2606.0}]}, "description": "GST NO - 29AAECB6498E1ZB"}, {"boundingPoly": {"vertices": [{"x": 201.0, "y": 2618.0}, {"x": 309.0, "y": 2618.0}, {"x": 309.0, "y": 2669.0}, {"x": 201.0, "y": 2669.0}]}, "description": " CIN:"}, {"boundingPoly": {"vertices": [{"x": 1262.0, "y": 2499.0}, {"x": 1558.0, "y": 2498.0}, {"x": 1559.0, "y": 2521.0}, {"x": 1262.0, "y": 2525.0}]}, "description": "--------- -"}, {"boundingPoly": {"vertices": [{"x": 314.0, "y": 2622.0}, {"x": 936.0, "y": 2622.0}, {"x": 936.0, "y": 2675.0}, {"x": 314.0, "y": 2675.0}]}, "description": " 055101KA2011PTC059978"}, {"boundingPoly": {"vertices": [{"x": 1445.0, "y": 2704.0}, {"x": 1543.0, "y": 2700.0}, {"x": 1544.0, "y": 2723.0}, {"x": 1445.0, "y": 2727.0}]}, "description": "----"}, {"boundingPoly": {"vertices": [{"x": 208.0, "y": 2752.0}, {"x": 1150.0, "y": 2760.0}, {"x": 1149.0, "y": 2816.0}, {"x": 208.0, "y": 2812.0}]}, "description": "Thank you for visit, see you soon"}, {"boundingPoly": {"vertices": [{"x": 203.0, "y": 2823.0}, {"x": 1203.0, "y": 2823.0}, {"x": 1203.0, "y": 2878.0}, {"x": 203.0, "y": 2878.0}]}, "description": " for more information, follow us on:"}, {"boundingPoly": {"vertices": [{"x": 202.0, "y": 2879.0}, {"x": 323.0, "y": 2879.0}, {"x": 323.0, "y": 2931.0}, {"x": 202.0, "y": 2931.0}]}, "description": " https"}, {"boundingPoly": {"vertices": [{"x": 331.0, "y": 2890.0}, {"x": 353.0, "y": 2890.0}, {"x": 353.0, "y": 2931.0}, {"x": 331.0, "y": 2931.0}]}, "description": " :"}, {"boundingPoly": {"vertices": [{"x": 391.0, "y": 2889.0}, {"x": 766.0, "y": 2886.0}, {"x": 766.0, "y": 2931.0}, {"x": 391.0, "y": 2932.0}]}, "description": "/www. facebook"}, {"boundingPoly": {"vertices": [{"x": 782.0, "y": 2888.0}, {"x": 1236.0, "y": 2886.0}, {"x": 1237.0, "y": 2931.0}, {"x": 782.0, "y": 2932.0}]}, "description": ".com/bygbrewski/"}]}