{"textAnnotations": [{"boundingPoly": {"vertices": [{"x": 830.0, "y": 39.0}, {"x": 1350.0, "y": 32.0}, {"x": 1351.0, "y": 91.0}, {"x": 831.0, "y": 95.0}]}, "description": "Thank You For Visiting the"}, {"boundingPoly": {"vertices": [{"x": 922.0, "y": 138.0}, {"x": 1246.0, "y": 140.0}, {"x": 1245.0, "y": 189.0}, {"x": 922.0, "y": 186.0}]}, "description": "Matthew Fraysier"}, {"boundingPoly": {"vertices": [{"x": 831.0, "y": 83.0}, {"x": 1337.0, "y": 78.0}, {"x": 1338.0, "y": 138.0}, {"x": 831.0, "y": 142.0}]}, "description": "merchant name"}, {"boundingPoly": {"vertices": [{"x": 931.0, "y": 185.0}, {"x": 1233.0, "y": 189.0}, {"x": 1232.0, "y": 235.0}, {"x": 931.0, "y": 231.0}]}, "description": "General Manager"}, {"boundingPoly": {"vertices": [{"x": 961.0, "y": 231.0}, {"x": 1219.0, "y": 233.0}, {"x": 1219.0, "y": 281.0}, {"x": 960.0, "y": 278.0}]}, "description": "merchant phone"}, {"boundingPoly": {"vertices": [{"x": 854.0, "y": 322.0}, {"x": 1318.0, "y": 314.0}, {"x": 1319.0, "y": 367.0}, {"x": 854.0, "y": 373.0}]}, "description": "Text @LTF11479 to 73940"}, {"boundingPoly": {"vertices": [{"x": 858.0, "y": 275.0}, {"x": 1301.0, "y": 273.0}, {"x": 1301.0, "y": 325.0}, {"x": 858.0, "y": 327.0}]}, "description": "We Love Your Feedback!"}, {"boundingPoly": {"vertices": [{"x": 1445.0, "y": 386.0}, {"x": 1511.0, "y": 385.0}, {"x": 1512.0, "y": 430.0}, {"x": 1446.0, "y": 431.0}]}, "description": "USD"}, {"boundingPoly": {"vertices": [{"x": 1431.0, "y": 440.0}, {"x": 1512.0, "y": 437.0}, {"x": 1512.0, "y": 477.0}, {"x": 1429.0, "y": 479.0}]}, "description": "4.25"}, {"boundingPoly": {"vertices": [{"x": 1425.0, "y": 489.0}, {"x": 1514.0, "y": 488.0}, {"x": 1514.0, "y": 526.0}, {"x": 1426.0, "y": 528.0}]}, "description": "0.00"}, {"boundingPoly": {"vertices": [{"x": 1425.0, "y": 538.0}, {"x": 1514.0, "y": 535.0}, {"x": 1515.0, "y": 574.0}, {"x": 1427.0, "y": 578.0}]}, "description": "0.00"}, {"boundingPoly": {"vertices": [{"x": 1424.0, "y": 588.0}, {"x": 1515.0, "y": 585.0}, {"x": 1516.0, "y": 622.0}, {"x": 1427.0, "y": 627.0}]}, "description": "0.15"}, {"boundingPoly": {"vertices": [{"x": 1429.0, "y": 637.0}, {"x": 1516.0, "y": 631.0}, {"x": 1518.0, "y": 665.0}, {"x": 1431.0, "y": 673.0}]}, "description": "0.99"}, {"boundingPoly": {"vertices": [{"x": 1432.0, "y": 681.0}, {"x": 1517.0, "y": 677.0}, {"x": 1517.0, "y": 712.0}, {"x": 1434.0, "y": 717.0}]}, "description": "1.45"}, {"boundingPoly": {"vertices": [{"x": 1427.0, "y": 724.0}, {"x": 1518.0, "y": 719.0}, {"x": 1520.0, "y": 762.0}, {"x": 1429.0, "y": 767.0}]}, "description": "2.05"}, {"boundingPoly": {"vertices": [{"x": 675.0, "y": 446.0}, {"x": 966.0, "y": 465.0}, {"x": 964.0, "y": 510.0}, {"x": 672.0, "y": 491.0}]}, "description": "Grilled Cheese"}, {"boundingPoly": {"vertices": [{"x": 676.0, "y": 545.0}, {"x": 847.0, "y": 558.0}, {"x": 844.0, "y": 595.0}, {"x": 674.0, "y": 581.0}]}, "description": "American"}, {"boundingPoly": {"vertices": [{"x": 672.0, "y": 632.0}, {"x": 826.0, "y": 644.0}, {"x": 823.0, "y": 681.0}, {"x": 669.0, "y": 669.0}]}, "description": "Avocado"}, {"boundingPoly": {"vertices": [{"x": 677.0, "y": 495.0}, {"x": 1033.0, "y": 515.0}, {"x": 1031.0, "y": 558.0}, {"x": 674.0, "y": 538.0}]}, "description": "Whole Wheat Bread"}, {"boundingPoly": {"vertices": [{"x": 675.0, "y": 587.0}, {"x": 887.0, "y": 604.0}, {"x": 884.0, "y": 643.0}, {"x": 672.0, "y": 626.0}]}, "description": "Add Tomato"}, {"boundingPoly": {"vertices": [{"x": 676.0, "y": 668.0}, {"x": 933.0, "y": 696.0}, {"x": 928.0, "y": 738.0}, {"x": 672.0, "y": 712.0}]}, "description": "French Fries"}, {"boundingPoly": {"vertices": [{"x": 672.0, "y": 719.0}, {"x": 1087.0, "y": 752.0}, {"x": 1083.0, "y": 798.0}, {"x": 669.0, "y": 768.0}]}, "description": "Tropicana Orange Som"}, {"boundingPoly": {"vertices": [{"x": 1142.0, "y": 840.0}, {"x": 1332.0, "y": 833.0}, {"x": 1334.0, "y": 879.0}, {"x": 1144.0, "y": 886.0}]}, "description": "Sub Total"}, {"boundingPoly": {"vertices": [{"x": 1143.0, "y": 892.0}, {"x": 1357.0, "y": 884.0}, {"x": 1359.0, "y": 927.0}, {"x": 1144.0, "y": 934.0}]}, "description": "Tax Amount"}, {"boundingPoly": {"vertices": [{"x": 1436.0, "y": 831.0}, {"x": 1527.0, "y": 826.0}, {"x": 1525.0, "y": 867.0}, {"x": 1437.0, "y": 871.0}]}, "description": "8.89"}, {"boundingPoly": {"vertices": [{"x": 1435.0, "y": 878.0}, {"x": 1525.0, "y": 874.0}, {"x": 1528.0, "y": 915.0}, {"x": 1437.0, "y": 918.0}]}, "description": "0.79"}, {"boundingPoly": {"vertices": [{"x": 642.0, "y": 1021.0}, {"x": 1025.0, "y": 1035.0}, {"x": 1021.0, "y": 1117.0}, {"x": 642.0, "y": 1103.0}]}, "description": "Total USD"}, {"boundingPoly": {"vertices": [{"x": 1343.0, "y": 1033.0}, {"x": 1525.0, "y": 1027.0}, {"x": 1527.0, "y": 1107.0}, {"x": 1345.0, "y": 1113.0}]}, "description": "9.68"}, {"boundingPoly": {"vertices": [{"x": 628.0, "y": 1261.0}, {"x": 833.0, "y": 1264.0}, {"x": 832.0, "y": 1306.0}, {"x": 627.0, "y": 1302.0}]}, "description": "5008 AMEX"}, {"boundingPoly": {"vertices": [{"x": 1444.0, "y": 1257.0}, {"x": 1535.0, "y": 1254.0}, {"x": 1535.0, "y": 1298.0}, {"x": 1446.0, "y": 1301.0}]}, "description": "9.68"}, {"boundingPoly": {"vertices": [{"x": 637.0, "y": 1410.0}, {"x": 701.0, "y": 1413.0}, {"x": 699.0, "y": 1449.0}, {"x": 634.0, "y": 1445.0}]}, "description": "Tax"}, {"boundingPoly": {"vertices": [{"x": 628.0, "y": 1445.0}, {"x": 806.0, "y": 1454.0}, {"x": 804.0, "y": 1499.0}, {"x": 626.0, "y": 1491.0}]}, "description": "() 8.875"}, {"boundingPoly": {"vertices": [{"x": 978.0, "y": 1414.0}, {"x": 1292.0, "y": 1414.0}, {"x": 1292.0, "y": 1458.0}, {"x": 978.0, "y": 1458.0}]}, "description": " Taxable Amount"}, {"boundingPoly": {"vertices": [{"x": 1191.0, "y": 1462.0}, {"x": 1275.0, "y": 1461.0}, {"x": 1277.0, "y": 1500.0}, {"x": 1190.0, "y": 1502.0}]}, "description": "8.89"}, {"boundingPoly": {"vertices": [{"x": 1314.0, "y": 1415.0}, {"x": 1536.0, "y": 1415.0}, {"x": 1536.0, "y": 1458.0}, {"x": 1314.0, "y": 1458.0}]}, "description": " Tax Amount"}, {"boundingPoly": {"vertices": [{"x": 1447.0, "y": 1462.0}, {"x": 1536.0, "y": 1461.0}, {"x": 1535.0, "y": 1504.0}, {"x": 1446.0, "y": 1503.0}]}, "description": "0.79"}, {"boundingPoly": {"vertices": [{"x": 616.0, "y": 1606.0}, {"x": 1540.0, "y": 1606.0}, {"x": 1540.0, "y": 1669.0}, {"x": 616.0, "y": 1669.0}]}, "description": " 11/13/2019 01:33 PM #:30064 Op:4046 C:111"}, {"boundingPoly": {"vertices": [{"x": 607.0, "y": 1716.0}, {"x": 851.0, "y": 1716.0}, {"x": 851.0, "y": 1768.0}, {"x": 607.0, "y": 1768.0}]}, "description": " Served you"}, {"boundingPoly": {"vertices": [{"x": 618.0, "y": 1660.0}, {"x": 839.0, "y": 1660.0}, {"x": 839.0, "y": 1710.0}, {"x": 618.0, "y": 1710.0}]}, "description": " 104 S:1111"}, {"boundingPoly": {"vertices": [{"x": 857.0, "y": 1716.0}, {"x": 1172.0, "y": 1716.0}, {"x": 1172.0, "y": 1772.0}, {"x": 857.0, "y": 1772.0}]}, "description": " : Aniya Taylor"}, {"boundingPoly": {"vertices": [{"x": 806.0, "y": 1938.0}, {"x": 1283.0, "y": 1948.0}, {"x": 1282.0, "y": 1991.0}, {"x": 806.0, "y": 1984.0}]}, "description": "*** Customer copy ***"}, {"boundingPoly": {"vertices": [{"x": 891.0, "y": 2050.0}, {"x": 1208.0, "y": 2053.0}, {"x": 1207.0, "y": 2106.0}, {"x": 891.0, "y": 2102.0}]}, "description": "AMEX NY937 (4)"}, {"boundingPoly": {"vertices": [{"x": 582.0, "y": 2169.0}, {"x": 1034.0, "y": 2165.0}, {"x": 1034.0, "y": 2216.0}, {"x": 583.0, "y": 2220.0}]}, "description": "PURCHASE / APPROVED"}, {"boundingPoly": {"vertices": [{"x": 589.0, "y": 2231.0}, {"x": 688.0, "y": 2230.0}, {"x": 686.0, "y": 2274.0}, {"x": 588.0, "y": 2277.0}]}, "description": "AMEX"}, {"boundingPoly": {"vertices": [{"x": 583.0, "y": 2286.0}, {"x": 946.0, "y": 2284.0}, {"x": 946.0, "y": 2331.0}, {"x": 583.0, "y": 2332.0}]}, "description": "*********** 1000"}, {"boundingPoly": {"vertices": [{"x": 578.0, "y": 2341.0}, {"x": 1060.0, "y": 2341.0}, {"x": 1060.0, "y": 2394.0}, {"x": 578.0, "y": 2394.0}]}, "description": "CONTACTLESS / No CVM"}, {"boundingPoly": {"vertices": [{"x": 570.0, "y": 2462.0}, {"x": 1035.0, "y": 2462.0}, {"x": 1035.0, "y": 2526.0}, {"x": 570.0, "y": 2526.0}]}, "description": " 2019/11/13 13:34:09"}, {"boundingPoly": {"vertices": [{"x": 569.0, "y": 2539.0}, {"x": 648.0, "y": 2536.0}, {"x": 649.0, "y": 2591.0}, {"x": 570.0, "y": 2594.0}]}, "description": "TID"}, {"boundingPoly": {"vertices": [{"x": 562.0, "y": 2607.0}, {"x": 649.0, "y": 2603.0}, {"x": 650.0, "y": 2654.0}, {"x": 563.0, "y": 2658.0}]}, "description": "MID"}, {"boundingPoly": {"vertices": [{"x": 561.0, "y": 2672.0}, {"x": 796.0, "y": 2663.0}, {"x": 798.0, "y": 2722.0}, {"x": 561.0, "y": 2730.0}]}, "description": "REFERENCE"}, {"boundingPoly": {"vertices": [{"x": 559.0, "y": 2743.0}, {"x": 794.0, "y": 2732.0}, {"x": 796.0, "y": 2791.0}, {"x": 559.0, "y": 2802.0}]}, "description": "AUTH CODE"}, {"boundingPoly": {"vertices": [{"x": 1336.0, "y": 2520.0}, {"x": 1519.0, "y": 2515.0}, {"x": 1521.0, "y": 2562.0}, {"x": 1337.0, "y": 2567.0}]}, "description": "**** 6033"}, {"boundingPoly": {"vertices": [{"x": 1359.0, "y": 2581.0}, {"x": 1532.0, "y": 2575.0}, {"x": 1533.0, "y": 2627.0}, {"x": 1360.0, "y": 2635.0}]}, "description": "6634459"}, {"boundingPoly": {"vertices": [{"x": 931.0, "y": 2655.0}, {"x": 1534.0, "y": 2640.0}, {"x": 1535.0, "y": 2695.0}, {"x": 932.0, "y": 2712.0}]}, "description": "S1111T111104#300640424354"}, {"boundingPoly": {"vertices": [{"x": 1390.0, "y": 2708.0}, {"x": 1541.0, "y": 2706.0}, {"x": 1542.0, "y": 2759.0}, {"x": 1391.0, "y": 2761.0}]}, "description": "505046"}, {"boundingPoly": {"vertices": [{"x": 544.0, "y": 2884.0}, {"x": 673.0, "y": 2882.0}, {"x": 675.0, "y": 2936.0}, {"x": 545.0, "y": 2938.0}]}, "description": "TOTAL"}, {"boundingPoly": {"vertices": [{"x": 1380.0, "y": 2843.0}, {"x": 1561.0, "y": 2837.0}, {"x": 1562.0, "y": 2897.0}, {"x": 1382.0, "y": 2903.0}]}, "description": "USD9.68"}]}