{"textAnnotations": [{"boundingPoly": {"vertices": [{"x": 75.0, "y": 66.0}, {"x": 429.0, "y": 67.0}, {"x": 429.0, "y": 100.0}, {"x": 75.0, "y": 98.0}]}, "description": "merchant name"}, {"boundingPoly": {"vertices": [{"x": 75.0, "y": 127.0}, {"x": 279.0, "y": 128.0}, {"x": 279.0, "y": 158.0}, {"x": 75.0, "y": 157.0}]}, "description": "merchant address"}, {"boundingPoly": {"vertices": [{"x": 75.0, "y": 167.0}, {"x": 259.0, "y": 168.0}, {"x": 259.0, "y": 193.0}, {"x": 75.0, "y": 193.0}]}, "description": "merchant address"}, {"boundingPoly": {"vertices": [{"x": 79.0, "y": 203.0}, {"x": 257.0, "y": 203.0}, {"x": 257.0, "y": 232.0}, {"x": 79.0, "y": 232.0}]}, "description": "merchant phone"}, {"boundingPoly": {"vertices": [{"x": 433.0, "y": 129.0}, {"x": 579.0, "y": 122.0}, {"x": 581.0, "y": 146.0}, {"x": 433.0, "y": 153.0}]}, "description": "Nov 19, 2019"}, {"boundingPoly": {"vertices": [{"x": 482.0, "y": 161.0}, {"x": 576.0, "y": 161.0}, {"x": 576.0, "y": 188.0}, {"x": 482.0, "y": 188.0}]}, "description": " 8:16 AM"}, {"boundingPoly": {"vertices": [{"x": 252.0, "y": 272.0}, {"x": 407.0, "y": 270.0}, {"x": 408.0, "y": 295.0}, {"x": 253.0, "y": 297.0}]}, "description": "PURCHASE"}, {"boundingPoly": {"vertices": [{"x": 78.0, "y": 336.0}, {"x": 328.0, "y": 334.0}, {"x": 328.0, "y": 357.0}, {"x": 79.0, "y": 361.0}]}, "description": "Authorization 507268"}, {"boundingPoly": {"vertices": [{"x": 76.0, "y": 371.0}, {"x": 226.0, "y": 371.0}, {"x": 226.0, "y": 400.0}, {"x": 76.0, "y": 401.0}]}, "description": "Receipt 1xrg"}, {"boundingPoly": {"vertices": [{"x": 78.0, "y": 446.0}, {"x": 200.0, "y": 443.0}, {"x": 200.0, "y": 468.0}, {"x": 78.0, "y": 471.0}]}, "description": "Eng. Sand"}, {"boundingPoly": {"vertices": [{"x": 512.0, "y": 439.0}, {"x": 579.0, "y": 439.0}, {"x": 579.0, "y": 461.0}, {"x": 513.0, "y": 461.0}]}, "description": "$2.75"}, {"boundingPoly": {"vertices": [{"x": 77.0, "y": 504.0}, {"x": 325.0, "y": 499.0}, {"x": 326.0, "y": 522.0}, {"x": 78.0, "y": 527.0}]}, "description": "Starbucks Ice Coffee"}, {"boundingPoly": {"vertices": [{"x": 512.0, "y": 497.0}, {"x": 577.0, "y": 497.0}, {"x": 577.0, "y": 519.0}, {"x": 513.0, "y": 520.0}]}, "description": "$3.25"}, {"boundingPoly": {"vertices": [{"x": 74.0, "y": 573.0}, {"x": 176.0, "y": 571.0}, {"x": 177.0, "y": 594.0}, {"x": 74.0, "y": 596.0}]}, "description": "Subtotal"}, {"boundingPoly": {"vertices": [{"x": 73.0, "y": 611.0}, {"x": 188.0, "y": 608.0}, {"x": 189.0, "y": 632.0}, {"x": 73.0, "y": 635.0}]}, "description": "Sales Tax"}, {"boundingPoly": {"vertices": [{"x": 512.0, "y": 564.0}, {"x": 579.0, "y": 565.0}, {"x": 579.0, "y": 587.0}, {"x": 512.0, "y": 588.0}]}, "description": "$6.00"}, {"boundingPoly": {"vertices": [{"x": 516.0, "y": 601.0}, {"x": 579.0, "y": 603.0}, {"x": 578.0, "y": 626.0}, {"x": 515.0, "y": 626.0}]}, "description": "$0.51"}, {"boundingPoly": {"vertices": [{"x": 74.0, "y": 692.0}, {"x": 134.0, "y": 691.0}, {"x": 134.0, "y": 712.0}, {"x": 74.0, "y": 713.0}]}, "description": "Total"}, {"boundingPoly": {"vertices": [{"x": 71.0, "y": 727.0}, {"x": 299.0, "y": 720.0}, {"x": 300.0, "y": 750.0}, {"x": 72.0, "y": 756.0}]}, "description": "AmEx 1000 (Swipe)"}, {"boundingPoly": {"vertices": [{"x": 505.0, "y": 677.0}, {"x": 578.0, "y": 679.0}, {"x": 578.0, "y": 705.0}, {"x": 505.0, "y": 704.0}]}, "description": "$6.51"}, {"boundingPoly": {"vertices": [{"x": 516.0, "y": 717.0}, {"x": 579.0, "y": 721.0}, {"x": 579.0, "y": 743.0}, {"x": 515.0, "y": 742.0}]}, "description": "$6.51"}]}