{"textAnnotations": [{"boundingPoly": {"vertices": [{"x": 553.0, "y": 408.0}, {"x": 956.0, "y": 418.0}, {"x": 955.0, "y": 460.0}, {"x": 552.0, "y": 452.0}]}, "description": "merchant name"}, {"boundingPoly": {"vertices": [{"x": 605.0, "y": 464.0}, {"x": 903.0, "y": 471.0}, {"x": 902.0, "y": 510.0}, {"x": 604.0, "y": 504.0}]}, "description": "merchant address"}, {"boundingPoly": {"vertices": [{"x": 631.0, "y": 517.0}, {"x": 876.0, "y": 521.0}, {"x": 875.0, "y": 561.0}, {"x": 630.0, "y": 557.0}]}, "description": "merchant address"}, {"boundingPoly": {"vertices": [{"x": 566.0, "y": 564.0}, {"x": 944.0, "y": 571.0}, {"x": 943.0, "y": 611.0}, {"x": 566.0, "y": 605.0}]}, "description": "merchant address"}, {"boundingPoly": {"vertices": [{"x": 595.0, "y": 616.0}, {"x": 655.0, "y": 616.0}, {"x": 655.0, "y": 656.0}, {"x": 595.0, "y": 656.0}]}, "description": " Tel:"}, {"boundingPoly": {"vertices": [{"x": 405.0, "y": 661.0}, {"x": 1097.0, "y": 661.0}, {"x": 1097.0, "y": 710.0}, {"x": 405.0, "y": 710.0}]}, "description": " Printed November 20, 2019 at 8:11 PM"}, {"boundingPoly": {"vertices": [{"x": 662.0, "y": 616.0}, {"x": 913.0, "y": 616.0}, {"x": 913.0, "y": 659.0}, {"x": 662.0, "y": 659.0}]}, "description": "merchant phone"}, {"boundingPoly": {"vertices": [{"x": 322.0, "y": 747.0}, {"x": 507.0, "y": 747.0}, {"x": 507.0, "y": 789.0}, {"x": 322.0, "y": 789.0}]}, "description": " Order ID:"}, {"boundingPoly": {"vertices": [{"x": 326.0, "y": 797.0}, {"x": 424.0, "y": 797.0}, {"x": 424.0, "y": 839.0}, {"x": 326.0, "y": 839.0}]}, "description": " Type:"}, {"boundingPoly": {"vertices": [{"x": 322.0, "y": 845.0}, {"x": 526.0, "y": 845.0}, {"x": 526.0, "y": 887.0}, {"x": 322.0, "y": 887.0}]}, "description": " Date/Time:"}, {"boundingPoly": {"vertices": [{"x": 324.0, "y": 892.0}, {"x": 457.0, "y": 892.0}, {"x": 457.0, "y": 933.0}, {"x": 324.0, "y": 933.0}]}, "description": " Server:"}, {"boundingPoly": {"vertices": [{"x": 512.0, "y": 750.0}, {"x": 647.0, "y": 750.0}, {"x": 647.0, "y": 792.0}, {"x": 512.0, "y": 792.0}]}, "description": " 121996"}, {"boundingPoly": {"vertices": [{"x": 431.0, "y": 797.0}, {"x": 608.0, "y": 797.0}, {"x": 608.0, "y": 838.0}, {"x": 431.0, "y": 838.0}]}, "description": " Authorize"}, {"boundingPoly": {"vertices": [{"x": 533.0, "y": 846.0}, {"x": 841.0, "y": 846.0}, {"x": 841.0, "y": 888.0}, {"x": 533.0, "y": 888.0}]}, "description": " 11/20/19 8:11 PM"}, {"boundingPoly": {"vertices": [{"x": 465.0, "y": 895.0}, {"x": 575.0, "y": 895.0}, {"x": 575.0, "y": 934.0}, {"x": 465.0, "y": 934.0}]}, "description": " Gonie"}, {"boundingPoly": {"vertices": [{"x": 323.0, "y": 978.0}, {"x": 583.0, "y": 978.0}, {"x": 583.0, "y": 1022.0}, {"x": 323.0, "y": 1022.0}]}, "description": " Card Number:"}, {"boundingPoly": {"vertices": [{"x": 327.0, "y": 1030.0}, {"x": 583.0, "y": 1030.0}, {"x": 583.0, "y": 1070.0}, {"x": 327.0, "y": 1070.0}]}, "description": " Account Type:"}, {"boundingPoly": {"vertices": [{"x": 328.0, "y": 1076.0}, {"x": 456.0, "y": 1076.0}, {"x": 456.0, "y": 1114.0}, {"x": 328.0, "y": 1114.0}]}, "description": " Auth #:"}, {"boundingPoly": {"vertices": [{"x": 328.0, "y": 1122.0}, {"x": 438.0, "y": 1122.0}, {"x": 438.0, "y": 1160.0}, {"x": 328.0, "y": 1160.0}]}, "description": " Ref #:"}, {"boundingPoly": {"vertices": [{"x": 591.0, "y": 982.0}, {"x": 992.0, "y": 982.0}, {"x": 992.0, "y": 1024.0}, {"x": 591.0, "y": 1024.0}]}, "description": " XXXXXXXXXXXX1000"}, {"boundingPoly": {"vertices": [{"x": 590.0, "y": 1030.0}, {"x": 708.0, "y": 1030.0}, {"x": 708.0, "y": 1070.0}, {"x": 590.0, "y": 1070.0}]}, "description": " AMEX"}, {"boundingPoly": {"vertices": [{"x": 462.0, "y": 1076.0}, {"x": 603.0, "y": 1076.0}, {"x": 603.0, "y": 1116.0}, {"x": 462.0, "y": 1116.0}]}, "description": " 528480"}, {"boundingPoly": {"vertices": [{"x": 513.0, "y": 1242.0}, {"x": 996.0, "y": 1240.0}, {"x": 996.0, "y": 1283.0}, {"x": 513.0, "y": 1284.0}]}, "description": "APPROVED - THANK YOU"}, {"boundingPoly": {"vertices": [{"x": 329.0, "y": 1378.0}, {"x": 503.0, "y": 1378.0}, {"x": 503.0, "y": 1416.0}, {"x": 329.0, "y": 1416.0}]}, "description": " Subtotal:"}, {"boundingPoly": {"vertices": [{"x": 456.0, "y": 1431.0}, {"x": 641.0, "y": 1426.0}, {"x": 645.0, "y": 1489.0}, {"x": 458.0, "y": 1496.0}]}, "description": "15. 56"}, {"boundingPoly": {"vertices": [{"x": 484.0, "y": 1527.0}, {"x": 696.0, "y": 1520.0}, {"x": 698.0, "y": 1586.0}, {"x": 487.0, "y": 1594.0}]}, "description": "100 W"}, {"boundingPoly": {"vertices": [{"x": 509.0, "y": 1376.0}, {"x": 636.0, "y": 1376.0}, {"x": 636.0, "y": 1415.0}, {"x": 509.0, "y": 1415.0}]}, "description": " $84.44"}, {"boundingPoly": {"vertices": [{"x": 332.0, "y": 1464.0}, {"x": 376.0, "y": 1464.0}, {"x": 376.0, "y": 1508.0}, {"x": 332.0, "y": 1508.0}]}, "description": " Tip"}, {"boundingPoly": {"vertices": [{"x": 383.0, "y": 1464.0}, {"x": 407.0, "y": 1464.0}, {"x": 407.0, "y": 1507.0}, {"x": 383.0, "y": 1507.0}]}, "description": " :"}, {"boundingPoly": {"vertices": [{"x": 314.0, "y": 1564.0}, {"x": 427.0, "y": 1564.0}, {"x": 427.0, "y": 1602.0}, {"x": 314.0, "y": 1602.0}]}, "description": " Total:"}, {"boundingPoly": {"vertices": [{"x": 335.0, "y": 1693.0}, {"x": 515.0, "y": 1693.0}, {"x": 515.0, "y": 1744.0}, {"x": 335.0, "y": 1744.0}]}, "description": " Important"}, {"boundingPoly": {"vertices": [{"x": 523.0, "y": 1693.0}, {"x": 542.0, "y": 1693.0}, {"x": 542.0, "y": 1740.0}, {"x": 523.0, "y": 1740.0}]}, "description": " -"}, {"boundingPoly": {"vertices": [{"x": 549.0, "y": 1683.0}, {"x": 1156.0, "y": 1683.0}, {"x": 1156.0, "y": 1739.0}, {"x": 549.0, "y": 1739.0}]}, "description": " retain this copy for your records"}, {"boundingPoly": {"vertices": [{"x": 545.0, "y": 1788.0}, {"x": 1004.0, "y": 1774.0}, {"x": 1005.0, "y": 1818.0}, {"x": 547.0, "y": 1835.0}]}, "description": "CUSTOMER COPY ***"}, {"boundingPoly": {"vertices": [{"x": 490.0, "y": 1792.0}, {"x": 543.0, "y": 1792.0}, {"x": 542.0, "y": 1821.0}, {"x": 489.0, "y": 1820.0}]}, "description": "***"}]}