{"textAnnotations": [{"boundingPoly": {"vertices": [{"x": 701.0, "y": 274.0}, {"x": 1485.0, "y": 270.0}, {"x": 1485.0, "y": 321.0}, {"x": 702.0, "y": 325.0}]}, "description": "merchant name"}, {"boundingPoly": {"vertices": [{"x": 746.0, "y": 364.0}, {"x": 1442.0, "y": 359.0}, {"x": 1443.0, "y": 413.0}, {"x": 746.0, "y": 416.0}]}, "description": "merchant phone"}, {"boundingPoly": {"vertices": [{"x": 816.0, "y": 322.0}, {"x": 1404.0, "y": 317.0}, {"x": 1405.0, "y": 366.0}, {"x": 816.0, "y": 371.0}]}, "description": "merchant address"}, {"boundingPoly": {"vertices": [{"x": 701.0, "y": 535.0}, {"x": 973.0, "y": 535.0}, {"x": 973.0, "y": 588.0}, {"x": 701.0, "y": 588.0}]}, "description": " TERMINAL I.D .:"}, {"boundingPoly": {"vertices": [{"x": 689.0, "y": 581.0}, {"x": 911.0, "y": 581.0}, {"x": 911.0, "y": 626.0}, {"x": 689.0, "y": 626.0}]}, "description": " MERCHANT #:"}, {"boundingPoly": {"vertices": [{"x": 1481.0, "y": 546.0}, {"x": 1518.0, "y": 548.0}, {"x": 1517.0, "y": 583.0}, {"x": 1481.0, "y": 581.0}]}, "description": "56"}, {"boundingPoly": {"vertices": [{"x": 1298.0, "y": 595.0}, {"x": 1525.0, "y": 591.0}, {"x": 1526.0, "y": 633.0}, {"x": 1298.0, "y": 636.0}]}, "description": "04418181365"}, {"boundingPoly": {"vertices": [{"x": 691.0, "y": 674.0}, {"x": 781.0, "y": 676.0}, {"x": 780.0, "y": 715.0}, {"x": 690.0, "y": 712.0}]}, "description": "CR"}, {"boundingPoly": {"vertices": [{"x": 687.0, "y": 715.0}, {"x": 1092.0, "y": 715.0}, {"x": 1092.0, "y": 776.0}, {"x": 687.0, "y": 776.0}]}, "description": " EXP .:*****"}, {"boundingPoly": {"vertices": [{"x": 882.0, "y": 819.0}, {"x": 1525.0, "y": 818.0}, {"x": 1525.0, "y": 874.0}, {"x": 882.0, "y": 875.0}]}, "description": "AMERICAN EXPRESS"}, {"boundingPoly": {"vertices": [{"x": 930.0, "y": 679.0}, {"x": 1522.0, "y": 679.0}, {"x": 1522.0, "y": 731.0}, {"x": 930.0, "y": 732.0}]}, "description": "379040 ***** 1001"}, {"boundingPoly": {"vertices": [{"x": 1361.0, "y": 730.0}, {"x": 1520.0, "y": 727.0}, {"x": 1522.0, "y": 771.0}, {"x": 1361.0, "y": 774.0}]}, "description": "CHIP"}, {"boundingPoly": {"vertices": [{"x": 691.0, "y": 856.0}, {"x": 1082.0, "y": 875.0}, {"x": 1080.0, "y": 922.0}, {"x": 689.0, "y": 904.0}]}, "description": "[ PURCHASE]"}, {"boundingPoly": {"vertices": [{"x": 686.0, "y": 955.0}, {"x": 918.0, "y": 955.0}, {"x": 918.0, "y": 1006.0}, {"x": 686.0, "y": 1006.0}]}, "description": " BATCH:"}, {"boundingPoly": {"vertices": [{"x": 687.0, "y": 1004.0}, {"x": 1053.0, "y": 1020.0}, {"x": 1051.0, "y": 1064.0}, {"x": 685.0, "y": 1048.0}]}, "description": "DATE(MM/DD/YY)"}, {"boundingPoly": {"vertices": [{"x": 686.0, "y": 1100.0}, {"x": 959.0, "y": 1100.0}, {"x": 959.0, "y": 1152.0}, {"x": 686.0, "y": 1152.0}]}, "description": " TRACE#:"}, {"boundingPoly": {"vertices": [{"x": 1281.0, "y": 969.0}, {"x": 1520.0, "y": 964.0}, {"x": 1521.0, "y": 1006.0}, {"x": 1282.0, "y": 1011.0}]}, "description": "000017"}, {"boundingPoly": {"vertices": [{"x": 1195.0, "y": 1021.0}, {"x": 1525.0, "y": 1013.0}, {"x": 1527.0, "y": 1054.0}, {"x": 1196.0, "y": 1064.0}]}, "description": "10/28/19"}, {"boundingPoly": {"vertices": [{"x": 1202.0, "y": 1062.0}, {"x": 1523.0, "y": 1062.0}, {"x": 1523.0, "y": 1113.0}, {"x": 1202.0, "y": 1113.0}]}, "description": " 11:30:12"}, {"boundingPoly": {"vertices": [{"x": 688.0, "y": 1053.0}, {"x": 877.0, "y": 1053.0}, {"x": 877.0, "y": 1102.0}, {"x": 688.0, "y": 1102.0}]}, "description": " TIME:"}, {"boundingPoly": {"vertices": [{"x": 678.0, "y": 1147.0}, {"x": 919.0, "y": 1147.0}, {"x": 919.0, "y": 1202.0}, {"x": 678.0, "y": 1202.0}]}, "description": " AUTH#:"}, {"boundingPoly": {"vertices": [{"x": 1277.0, "y": 1113.0}, {"x": 1524.0, "y": 1107.0}, {"x": 1525.0, "y": 1146.0}, {"x": 1278.0, "y": 1151.0}]}, "description": "001315"}, {"boundingPoly": {"vertices": [{"x": 1279.0, "y": 1159.0}, {"x": 1522.0, "y": 1155.0}, {"x": 1523.0, "y": 1197.0}, {"x": 1280.0, "y": 1202.0}]}, "description": "892435"}, {"boundingPoly": {"vertices": [{"x": 1043.0, "y": 1212.0}, {"x": 1524.0, "y": 1203.0}, {"x": 1525.0, "y": 1247.0}, {"x": 1044.0, "y": 1258.0}]}, "description": "102800001315"}, {"boundingPoly": {"vertices": [{"x": 675.0, "y": 1194.0}, {"x": 878.0, "y": 1194.0}, {"x": 878.0, "y": 1248.0}, {"x": 675.0, "y": 1248.0}]}, "description": " REF#:"}, {"boundingPoly": {"vertices": [{"x": 679.0, "y": 1293.0}, {"x": 849.0, "y": 1293.0}, {"x": 849.0, "y": 1347.0}, {"x": 679.0, "y": 1347.0}]}, "description": " AID:"}, {"boundingPoly": {"vertices": [{"x": 880.0, "y": 1302.0}, {"x": 1519.0, "y": 1302.0}, {"x": 1519.0, "y": 1348.0}, {"x": 880.0, "y": 1348.0}]}, "description": " A000000025010801"}, {"boundingPoly": {"vertices": [{"x": 1120.0, "y": 1360.0}, {"x": 1520.0, "y": 1353.0}, {"x": 1521.0, "y": 1396.0}, {"x": 1120.0, "y": 1404.0}]}, "description": "0000008000"}, {"boundingPoly": {"vertices": [{"x": 1362.0, "y": 1403.0}, {"x": 1520.0, "y": 1402.0}, {"x": 1520.0, "y": 1446.0}, {"x": 1362.0, "y": 1448.0}]}, "description": "F800"}, {"boundingPoly": {"vertices": [{"x": 683.0, "y": 1340.0}, {"x": 840.0, "y": 1340.0}, {"x": 840.0, "y": 1391.0}, {"x": 683.0, "y": 1391.0}]}, "description": " TVR:"}, {"boundingPoly": {"vertices": [{"x": 806.0, "y": 1393.0}, {"x": 841.0, "y": 1393.0}, {"x": 841.0, "y": 1437.0}, {"x": 806.0, "y": 1437.0}]}, "description": " :"}, {"boundingPoly": {"vertices": [{"x": 684.0, "y": 1388.0}, {"x": 801.0, "y": 1388.0}, {"x": 801.0, "y": 1436.0}, {"x": 684.0, "y": 1436.0}]}, "description": " TSI"}, {"boundingPoly": {"vertices": [{"x": 669.0, "y": 1587.0}, {"x": 848.0, "y": 1588.0}, {"x": 848.0, "y": 1635.0}, {"x": 669.0, "y": 1634.0}]}, "description": "BASE"}, {"boundingPoly": {"vertices": [{"x": 1396.0, "y": 1553.0}, {"x": 1522.0, "y": 1554.0}, {"x": 1522.0, "y": 1594.0}, {"x": 1396.0, "y": 1593.0}]}, "description": "BSD"}, {"boundingPoly": {"vertices": [{"x": 1272.0, "y": 1599.0}, {"x": 1524.0, "y": 1599.0}, {"x": 1524.0, "y": 1645.0}, {"x": 1272.0, "y": 1645.0}]}, "description": "$31.75"}, {"boundingPoly": {"vertices": [{"x": 674.0, "y": 1692.0}, {"x": 799.0, "y": 1691.0}, {"x": 799.0, "y": 1738.0}, {"x": 674.0, "y": 1738.0}]}, "description": "TIP"}, {"boundingPoly": {"vertices": [{"x": 666.0, "y": 1793.0}, {"x": 878.0, "y": 1793.0}, {"x": 878.0, "y": 1844.0}, {"x": 666.0, "y": 1844.0}]}, "description": "TOTAL"}, {"boundingPoly": {"vertices": [{"x": 653.0, "y": 2002.0}, {"x": 1492.0, "y": 2002.0}, {"x": 1492.0, "y": 2056.0}, {"x": 653.0, "y": 2056.0}]}, "description": "APPROVED - THANK YOU"}, {"boundingPoly": {"vertices": [{"x": 652.0, "y": 2229.0}, {"x": 802.0, "y": 2228.0}, {"x": 802.0, "y": 2271.0}, {"x": 652.0, "y": 2273.0}]}, "description": "SIGN X_"}, {"boundingPoly": {"vertices": [{"x": 795.0, "y": 2272.0}, {"x": 1420.0, "y": 2272.0}, {"x": 1420.0, "y": 2329.0}, {"x": 795.0, "y": 2329.0}]}, "description": " AGREE TO PAY THE ABOVE AMOUNT."}, {"boundingPoly": {"vertices": [{"x": 760.0, "y": 2281.0}, {"x": 787.0, "y": 2281.0}, {"x": 787.0, "y": 2330.0}, {"x": 760.0, "y": 2330.0}]}, "description": " I"}, {"boundingPoly": {"vertices": [{"x": 771.0, "y": 2383.0}, {"x": 1384.0, "y": 2376.0}, {"x": 1385.0, "y": 2428.0}, {"x": 772.0, "y": 2436.0}]}, "description": "THANK YOU. PLEASE COME AGAIN."}, {"boundingPoly": {"vertices": [{"x": 819.0, "y": 2490.0}, {"x": 1365.0, "y": 2474.0}, {"x": 1366.0, "y": 2530.0}, {"x": 820.0, "y": 2544.0}]}, "description": "CUSTOMER COPY"}, {"boundingPoly": {"vertices": [{"x": 722.0, "y": 2438.0}, {"x": 1433.0, "y": 2427.0}, {"x": 1434.0, "y": 2481.0}, {"x": 723.0, "y": 2494.0}]}, "description": "RETAIN THIS COPY FOR YOUR RECORDS"}]}