{"textAnnotations": [{"boundingPoly": {"vertices": [{"x": 576.0, "y": 80.0}, {"x": 1169.0, "y": 98.0}, {"x": 1168.0, "y": 153.0}, {"x": 575.0, "y": 135.0}]}, "description": "Thank You For Visiting the"}, {"boundingPoly": {"vertices": [{"x": 694.0, "y": 204.0}, {"x": 1059.0, "y": 213.0}, {"x": 1058.0, "y": 266.0}, {"x": 693.0, "y": 257.0}]}, "description": "Matthew Fraysier"}, {"boundingPoly": {"vertices": [{"x": 704.0, "y": 265.0}, {"x": 1043.0, "y": 270.0}, {"x": 1042.0, "y": 320.0}, {"x": 703.0, "y": 315.0}]}, "description": "General Manager"}, {"boundingPoly": {"vertices": [{"x": 733.0, "y": 320.0}, {"x": 1024.0, "y": 320.0}, {"x": 1024.0, "y": 366.0}, {"x": 733.0, "y": 366.0}]}, "description": "merchant phone"}, {"boundingPoly": {"vertices": [{"x": 622.0, "y": 367.0}, {"x": 1122.0, "y": 370.0}, {"x": 1122.0, "y": 418.0}, {"x": 622.0, "y": 414.0}]}, "description": "We Love Your Feedback!"}, {"boundingPoly": {"vertices": [{"x": 615.0, "y": 417.0}, {"x": 1142.0, "y": 419.0}, {"x": 1142.0, "y": 468.0}, {"x": 615.0, "y": 464.0}]}, "description": "Text @LTF11479 to 73940"}, {"boundingPoly": {"vertices": [{"x": 585.0, "y": 142.0}, {"x": 1157.0, "y": 156.0}, {"x": 1156.0, "y": 209.0}, {"x": 584.0, "y": 196.0}]}, "description": "merchant name"}, {"boundingPoly": {"vertices": [{"x": 420.0, "y": 571.0}, {"x": 745.0, "y": 573.0}, {"x": 744.0, "y": 629.0}, {"x": 420.0, "y": 628.0}]}, "description": "Grilled Cheese"}, {"boundingPoly": {"vertices": [{"x": 412.0, "y": 630.0}, {"x": 794.0, "y": 632.0}, {"x": 793.0, "y": 685.0}, {"x": 412.0, "y": 683.0}]}, "description": "Multigrain Bread"}, {"boundingPoly": {"vertices": [{"x": 417.0, "y": 691.0}, {"x": 772.0, "y": 690.0}, {"x": 772.0, "y": 740.0}, {"x": 417.0, "y": 741.0}]}, "description": "American Cheese"}, {"boundingPoly": {"vertices": [{"x": 425.0, "y": 746.0}, {"x": 564.0, "y": 748.0}, {"x": 564.0, "y": 795.0}, {"x": 425.0, "y": 792.0}]}, "description": "Tomato"}, {"boundingPoly": {"vertices": [{"x": 425.0, "y": 809.0}, {"x": 589.0, "y": 808.0}, {"x": 590.0, "y": 851.0}, {"x": 425.0, "y": 852.0}]}, "description": "Avocado"}, {"boundingPoly": {"vertices": [{"x": 425.0, "y": 859.0}, {"x": 828.0, "y": 859.0}, {"x": 828.0, "y": 911.0}, {"x": 425.0, "y": 911.0}]}, "description": " Chip Lays Classic"}, {"boundingPoly": {"vertices": [{"x": 1279.0, "y": 531.0}, {"x": 1346.0, "y": 535.0}, {"x": 1345.0, "y": 580.0}, {"x": 1277.0, "y": 576.0}]}, "description": "USD"}, {"boundingPoly": {"vertices": [{"x": 1261.0, "y": 581.0}, {"x": 1349.0, "y": 586.0}, {"x": 1345.0, "y": 630.0}, {"x": 1259.0, "y": 626.0}]}, "description": "3.49"}, {"boundingPoly": {"vertices": [{"x": 1258.0, "y": 640.0}, {"x": 1351.0, "y": 641.0}, {"x": 1351.0, "y": 685.0}, {"x": 1258.0, "y": 683.0}]}, "description": "0.00"}, {"boundingPoly": {"vertices": [{"x": 1258.0, "y": 699.0}, {"x": 1349.0, "y": 699.0}, {"x": 1348.0, "y": 742.0}, {"x": 1259.0, "y": 742.0}]}, "description": "0.00"}, {"boundingPoly": {"vertices": [{"x": 1258.0, "y": 752.0}, {"x": 1350.0, "y": 751.0}, {"x": 1349.0, "y": 798.0}, {"x": 1260.0, "y": 799.0}]}, "description": "0.15"}, {"boundingPoly": {"vertices": [{"x": 1261.0, "y": 806.0}, {"x": 1346.0, "y": 808.0}, {"x": 1349.0, "y": 850.0}, {"x": 1260.0, "y": 850.0}]}, "description": "0.99"}, {"boundingPoly": {"vertices": [{"x": 1265.0, "y": 862.0}, {"x": 1352.0, "y": 861.0}, {"x": 1353.0, "y": 906.0}, {"x": 1264.0, "y": 906.0}]}, "description": "1.30"}, {"boundingPoly": {"vertices": [{"x": 837.0, "y": 858.0}, {"x": 863.0, "y": 858.0}, {"x": 863.0, "y": 911.0}, {"x": 837.0, "y": 911.0}]}, "description": " 1"}, {"boundingPoly": {"vertices": [{"x": 948.0, "y": 961.0}, {"x": 1154.0, "y": 956.0}, {"x": 1155.0, "y": 1001.0}, {"x": 949.0, "y": 1006.0}]}, "description": "Sub Total"}, {"boundingPoly": {"vertices": [{"x": 946.0, "y": 1012.0}, {"x": 1181.0, "y": 1005.0}, {"x": 1183.0, "y": 1048.0}, {"x": 947.0, "y": 1056.0}]}, "description": "Tax Amount"}, {"boundingPoly": {"vertices": [{"x": 1263.0, "y": 955.0}, {"x": 1362.0, "y": 955.0}, {"x": 1360.0, "y": 994.0}, {"x": 1263.0, "y": 993.0}]}, "description": "5.93"}, {"boundingPoly": {"vertices": [{"x": 1268.0, "y": 1002.0}, {"x": 1365.0, "y": 1002.0}, {"x": 1366.0, "y": 1041.0}, {"x": 1268.0, "y": 1041.0}]}, "description": "0.53"}, {"boundingPoly": {"vertices": [{"x": 375.0, "y": 1158.0}, {"x": 816.0, "y": 1154.0}, {"x": 817.0, "y": 1254.0}, {"x": 376.0, "y": 1258.0}]}, "description": "Total USD"}, {"boundingPoly": {"vertices": [{"x": 1180.0, "y": 1154.0}, {"x": 1377.0, "y": 1145.0}, {"x": 1378.0, "y": 1232.0}, {"x": 1184.0, "y": 1235.0}]}, "description": "6.46"}, {"boundingPoly": {"vertices": [{"x": 356.0, "y": 1408.0}, {"x": 886.0, "y": 1398.0}, {"x": 887.0, "y": 1449.0}, {"x": 357.0, "y": 1457.0}]}, "description": "5009 AMERICAN EXPRESS"}, {"boundingPoly": {"vertices": [{"x": 1288.0, "y": 1392.0}, {"x": 1391.0, "y": 1387.0}, {"x": 1392.0, "y": 1434.0}, {"x": 1289.0, "y": 1438.0}]}, "description": "6.46"}, {"boundingPoly": {"vertices": [{"x": 376.0, "y": 1586.0}, {"x": 448.0, "y": 1586.0}, {"x": 449.0, "y": 1631.0}, {"x": 376.0, "y": 1631.0}]}, "description": "Tax"}, {"boundingPoly": {"vertices": [{"x": 375.0, "y": 1642.0}, {"x": 579.0, "y": 1635.0}, {"x": 581.0, "y": 1685.0}, {"x": 377.0, "y": 1695.0}]}, "description": "() 8.875"}, {"boundingPoly": {"vertices": [{"x": 765.0, "y": 1559.0}, {"x": 1127.0, "y": 1559.0}, {"x": 1127.0, "y": 1619.0}, {"x": 765.0, "y": 1619.0}]}, "description": " Taxable Amount"}, {"boundingPoly": {"vertices": [{"x": 1012.0, "y": 1618.0}, {"x": 1106.0, "y": 1617.0}, {"x": 1108.0, "y": 1659.0}, {"x": 1012.0, "y": 1661.0}]}, "description": "5.93"}, {"boundingPoly": {"vertices": [{"x": 381.0, "y": 1697.0}, {"x": 1111.0, "y": 1664.0}, {"x": 1113.0, "y": 1715.0}, {"x": 384.0, "y": 1753.0}]}, "description": "(Sunrise FL - DO NOT USE) 0.00"}, {"boundingPoly": {"vertices": [{"x": 407.0, "y": 1817.0}, {"x": 1387.0, "y": 1817.0}, {"x": 1387.0, "y": 1912.0}, {"x": 407.0, "y": 1912.0}]}, "description": " 11/22/2019 09:13 AM #:52589 Op:4023 C:111"}, {"boundingPoly": {"vertices": [{"x": 668.0, "y": 1921.0}, {"x": 1095.0, "y": 1921.0}, {"x": 1095.0, "y": 2005.0}, {"x": 668.0, "y": 2005.0}]}, "description": " : Lucrecia Findley"}, {"boundingPoly": {"vertices": [{"x": 1150.0, "y": 1558.0}, {"x": 1393.0, "y": 1558.0}, {"x": 1393.0, "y": 1610.0}, {"x": 1150.0, "y": 1610.0}]}, "description": " Tax Amount"}, {"boundingPoly": {"vertices": [{"x": 1302.0, "y": 1616.0}, {"x": 1393.0, "y": 1613.0}, {"x": 1392.0, "y": 1659.0}, {"x": 1302.0, "y": 1662.0}]}, "description": "0.53"}, {"boundingPoly": {"vertices": [{"x": 1297.0, "y": 1668.0}, {"x": 1396.0, "y": 1670.0}, {"x": 1394.0, "y": 1717.0}, {"x": 1296.0, "y": 1714.0}]}, "description": "0.00"}, {"boundingPoly": {"vertices": [{"x": 412.0, "y": 1900.0}, {"x": 654.0, "y": 1900.0}, {"x": 654.0, "y": 1963.0}, {"x": 412.0, "y": 1963.0}]}, "description": " 105 S:1111"}, {"boundingPoly": {"vertices": [{"x": 411.0, "y": 1951.0}, {"x": 660.0, "y": 1951.0}, {"x": 660.0, "y": 2021.0}, {"x": 411.0, "y": 2021.0}]}, "description": " Served you"}, {"boundingPoly": {"vertices": [{"x": 630.0, "y": 2185.0}, {"x": 1130.0, "y": 2154.0}, {"x": 1132.0, "y": 2207.0}, {"x": 633.0, "y": 2235.0}]}, "description": "*** Customer copy ***"}, {"boundingPoly": {"vertices": [{"x": 727.0, "y": 2297.0}, {"x": 1068.0, "y": 2273.0}, {"x": 1072.0, "y": 2328.0}, {"x": 729.0, "y": 2350.0}]}, "description": "AMEX NY937 (5)"}, {"boundingPoly": {"vertices": [{"x": 615.0, "y": 2433.0}, {"x": 1187.0, "y": 2383.0}, {"x": 1190.0, "y": 2432.0}, {"x": 619.0, "y": 2480.0}]}, "description": "according to card issuer"}, {"boundingPoly": {"vertices": [{"x": 494.0, "y": 2559.0}, {"x": 1292.0, "y": 2491.0}, {"x": 1297.0, "y": 2546.0}, {"x": 498.0, "y": 2613.0}]}, "description": "Voucher)Retain this copy for your"}, {"boundingPoly": {"vertices": [{"x": 440.0, "y": 2382.0}, {"x": 1319.0, "y": 2308.0}, {"x": 1324.0, "y": 2363.0}, {"x": 444.0, "y": 2437.0}]}, "description": "I agree to pay the above total amount"}, {"boundingPoly": {"vertices": [{"x": 418.0, "y": 2509.0}, {"x": 1354.0, "y": 2421.0}, {"x": 1359.0, "y": 2476.0}, {"x": 422.0, "y": 2561.0}]}, "description": "agreement. (Merchant agreement if Credit"}, {"boundingPoly": {"vertices": [{"x": 816.0, "y": 2597.0}, {"x": 1009.0, "y": 2581.0}, {"x": 1013.0, "y": 2631.0}, {"x": 819.0, "y": 2646.0}]}, "description": "records."}, {"boundingPoly": {"vertices": [{"x": 393.0, "y": 2756.0}, {"x": 899.0, "y": 2713.0}, {"x": 904.0, "y": 2773.0}, {"x": 398.0, "y": 2818.0}]}, "description": "PURCHASE / APPROVED"}, {"boundingPoly": {"vertices": [{"x": 385.0, "y": 2904.0}, {"x": 800.0, "y": 2864.0}, {"x": 805.0, "y": 2920.0}, {"x": 389.0, "y": 2957.0}]}, "description": "*********** 1000"}, {"boundingPoly": {"vertices": [{"x": 387.0, "y": 2832.0}, {"x": 822.0, "y": 2789.0}, {"x": 825.0, "y": 2848.0}, {"x": 391.0, "y": 2894.0}]}, "description": "AMERICAN EXPRESS"}]}