{"textAnnotations": [{"boundingPoly": {"vertices": [{"x": 751.0, "y": 136.0}, {"x": 1347.0, "y": 138.0}, {"x": 1347.0, "y": 193.0}, {"x": 751.0, "y": 192.0}]}, "description": "Thank You For Visiting the"}, {"boundingPoly": {"vertices": [{"x": 1262.0, "y": 197.0}, {"x": 1332.0, "y": 198.0}, {"x": 1332.0, "y": 245.0}, {"x": 1262.0, "y": 244.0}]}, "description": "merchant name"}, {"boundingPoly": {"vertices": [{"x": 757.0, "y": 199.0}, {"x": 1199.0, "y": 200.0}, {"x": 1199.0, "y": 257.0}, {"x": 757.0, "y": 256.0}]}, "description": "merchant name"}, {"boundingPoly": {"vertices": [{"x": 866.0, "y": 262.0}, {"x": 1233.0, "y": 259.0}, {"x": 1233.0, "y": 311.0}, {"x": 866.0, "y": 313.0}]}, "description": "Matthew Fraysier"}, {"boundingPoly": {"vertices": [{"x": 878.0, "y": 323.0}, {"x": 1219.0, "y": 318.0}, {"x": 1219.0, "y": 368.0}, {"x": 878.0, "y": 371.0}]}, "description": "General Manager"}, {"boundingPoly": {"vertices": [{"x": 905.0, "y": 376.0}, {"x": 1202.0, "y": 374.0}, {"x": 1203.0, "y": 426.0}, {"x": 906.0, "y": 429.0}]}, "description": "merchant phone"}, {"boundingPoly": {"vertices": [{"x": 802.0, "y": 435.0}, {"x": 1294.0, "y": 428.0}, {"x": 1295.0, "y": 480.0}, {"x": 802.0, "y": 485.0}]}, "description": "We Love Your Feedback!"}, {"boundingPoly": {"vertices": [{"x": 795.0, "y": 488.0}, {"x": 1320.0, "y": 482.0}, {"x": 1320.0, "y": 532.0}, {"x": 795.0, "y": 538.0}]}, "description": "Text @LTF11479 to 73940"}, {"boundingPoly": {"vertices": [{"x": 1460.0, "y": 590.0}, {"x": 1531.0, "y": 591.0}, {"x": 1530.0, "y": 635.0}, {"x": 1459.0, "y": 634.0}]}, "description": "USD"}, {"boundingPoly": {"vertices": [{"x": 608.0, "y": 650.0}, {"x": 1033.0, "y": 649.0}, {"x": 1034.0, "y": 703.0}, {"x": 608.0, "y": 704.0}]}, "description": "1.22 lb \u00d7 $ 7.68/1b"}, {"boundingPoly": {"vertices": [{"x": 601.0, "y": 710.0}, {"x": 957.0, "y": 708.0}, {"x": 958.0, "y": 758.0}, {"x": 601.0, "y": 761.0}]}, "description": "Large Clamshell"}, {"boundingPoly": {"vertices": [{"x": 606.0, "y": 761.0}, {"x": 1061.0, "y": 761.0}, {"x": 1061.0, "y": 815.0}, {"x": 606.0, "y": 816.0}]}, "description": "Tropicana Apple Orch"}, {"boundingPoly": {"vertices": [{"x": 1430.0, "y": 701.0}, {"x": 1529.0, "y": 701.0}, {"x": 1528.0, "y": 749.0}, {"x": 1432.0, "y": 750.0}]}, "description": "9.37"}, {"boundingPoly": {"vertices": [{"x": 1432.0, "y": 758.0}, {"x": 1524.0, "y": 759.0}, {"x": 1522.0, "y": 803.0}, {"x": 1431.0, "y": 802.0}]}, "description": "2.05"}, {"boundingPoly": {"vertices": [{"x": 1121.0, "y": 873.0}, {"x": 1326.0, "y": 871.0}, {"x": 1326.0, "y": 919.0}, {"x": 1121.0, "y": 921.0}]}, "description": "Sub Total"}, {"boundingPoly": {"vertices": [{"x": 1128.0, "y": 924.0}, {"x": 1350.0, "y": 925.0}, {"x": 1350.0, "y": 971.0}, {"x": 1128.0, "y": 970.0}]}, "description": "Tax Amount"}, {"boundingPoly": {"vertices": [{"x": 1417.0, "y": 870.0}, {"x": 1528.0, "y": 867.0}, {"x": 1528.0, "y": 914.0}, {"x": 1419.0, "y": 917.0}]}, "description": "11.42"}, {"boundingPoly": {"vertices": [{"x": 1438.0, "y": 927.0}, {"x": 1527.0, "y": 924.0}, {"x": 1529.0, "y": 964.0}, {"x": 1439.0, "y": 967.0}]}, "description": "1.01"}, {"boundingPoly": {"vertices": [{"x": 571.0, "y": 1067.0}, {"x": 997.0, "y": 1067.0}, {"x": 997.0, "y": 1155.0}, {"x": 571.0, "y": 1156.0}]}, "description": "Total USD"}, {"boundingPoly": {"vertices": [{"x": 1318.0, "y": 1077.0}, {"x": 1541.0, "y": 1071.0}, {"x": 1541.0, "y": 1156.0}, {"x": 1320.0, "y": 1158.0}]}, "description": "12.43"}, {"boundingPoly": {"vertices": [{"x": 570.0, "y": 1324.0}, {"x": 792.0, "y": 1323.0}, {"x": 793.0, "y": 1372.0}, {"x": 570.0, "y": 1374.0}]}, "description": "5008 AMEX"}, {"boundingPoly": {"vertices": [{"x": 1437.0, "y": 1316.0}, {"x": 1554.0, "y": 1316.0}, {"x": 1553.0, "y": 1365.0}, {"x": 1437.0, "y": 1366.0}]}, "description": "12.43"}, {"boundingPoly": {"vertices": [{"x": 591.0, "y": 1490.0}, {"x": 663.0, "y": 1487.0}, {"x": 665.0, "y": 1530.0}, {"x": 593.0, "y": 1533.0}]}, "description": "Tax"}, {"boundingPoly": {"vertices": [{"x": 601.0, "y": 1537.0}, {"x": 778.0, "y": 1537.0}, {"x": 779.0, "y": 1583.0}, {"x": 601.0, "y": 1586.0}]}, "description": "() 8.875"}, {"boundingPoly": {"vertices": [{"x": 953.0, "y": 1480.0}, {"x": 1295.0, "y": 1480.0}, {"x": 1295.0, "y": 1531.0}, {"x": 953.0, "y": 1531.0}]}, "description": " Taxable Amount"}, {"boundingPoly": {"vertices": [{"x": 1163.0, "y": 1538.0}, {"x": 1273.0, "y": 1535.0}, {"x": 1275.0, "y": 1583.0}, {"x": 1164.0, "y": 1581.0}]}, "description": "11.42"}, {"boundingPoly": {"vertices": [{"x": 1313.0, "y": 1481.0}, {"x": 1554.0, "y": 1481.0}, {"x": 1554.0, "y": 1531.0}, {"x": 1313.0, "y": 1531.0}]}, "description": " Tax Amount"}, {"boundingPoly": {"vertices": [{"x": 1457.0, "y": 1538.0}, {"x": 1545.0, "y": 1536.0}, {"x": 1546.0, "y": 1583.0}, {"x": 1455.0, "y": 1584.0}]}, "description": "1.01"}, {"boundingPoly": {"vertices": [{"x": 608.0, "y": 1695.0}, {"x": 1540.0, "y": 1695.0}, {"x": 1540.0, "y": 1749.0}, {"x": 608.0, "y": 1749.0}]}, "description": " 11/19/2019 12:12 PM #:41518 Op:4022 C:111"}, {"boundingPoly": {"vertices": [{"x": 607.0, "y": 1747.0}, {"x": 828.0, "y": 1747.0}, {"x": 828.0, "y": 1797.0}, {"x": 607.0, "y": 1797.0}]}, "description": " 106 S:1111"}, {"boundingPoly": {"vertices": [{"x": 600.0, "y": 1804.0}, {"x": 839.0, "y": 1804.0}, {"x": 839.0, "y": 1854.0}, {"x": 600.0, "y": 1854.0}]}, "description": " Served you"}, {"boundingPoly": {"vertices": [{"x": 847.0, "y": 1804.0}, {"x": 1202.0, "y": 1804.0}, {"x": 1202.0, "y": 1854.0}, {"x": 847.0, "y": 1854.0}]}, "description": " : Ethlyn St-Paul"}, {"boundingPoly": {"vertices": [{"x": 787.0, "y": 2016.0}, {"x": 1281.0, "y": 2024.0}, {"x": 1280.0, "y": 2072.0}, {"x": 786.0, "y": 2067.0}]}, "description": "*** Customer copy ***"}, {"boundingPoly": {"vertices": [{"x": 868.0, "y": 2130.0}, {"x": 1196.0, "y": 2136.0}, {"x": 1195.0, "y": 2193.0}, {"x": 868.0, "y": 2185.0}]}, "description": "AMEX NY937 (6)"}, {"boundingPoly": {"vertices": [{"x": 547.0, "y": 2240.0}, {"x": 1014.0, "y": 2253.0}, {"x": 1012.0, "y": 2306.0}, {"x": 547.0, "y": 2294.0}]}, "description": "PURCHASE / APPROVED"}, {"boundingPoly": {"vertices": [{"x": 548.0, "y": 2303.0}, {"x": 645.0, "y": 2306.0}, {"x": 644.0, "y": 2355.0}, {"x": 547.0, "y": 2351.0}]}, "description": "AMEX"}, {"boundingPoly": {"vertices": [{"x": 541.0, "y": 2368.0}, {"x": 912.0, "y": 2376.0}, {"x": 911.0, "y": 2423.0}, {"x": 539.0, "y": 2411.0}]}, "description": "*********** 1000"}, {"boundingPoly": {"vertices": [{"x": 538.0, "y": 2422.0}, {"x": 1035.0, "y": 2438.0}, {"x": 1033.0, "y": 2492.0}, {"x": 536.0, "y": 2478.0}]}, "description": "CONTACTLESS / No CVM"}, {"boundingPoly": {"vertices": [{"x": 537.0, "y": 2546.0}, {"x": 1004.0, "y": 2546.0}, {"x": 1004.0, "y": 2618.0}, {"x": 537.0, "y": 2618.0}]}, "description": " 2019/11/19 12:12:10"}, {"boundingPoly": {"vertices": [{"x": 546.0, "y": 2612.0}, {"x": 608.0, "y": 2617.0}, {"x": 602.0, "y": 2664.0}, {"x": 541.0, "y": 2659.0}]}, "description": "TID"}, {"boundingPoly": {"vertices": [{"x": 528.0, "y": 2674.0}, {"x": 609.0, "y": 2675.0}, {"x": 606.0, "y": 2724.0}, {"x": 526.0, "y": 2722.0}]}, "description": "MID"}, {"boundingPoly": {"vertices": [{"x": 527.0, "y": 2735.0}, {"x": 754.0, "y": 2742.0}, {"x": 753.0, "y": 2794.0}, {"x": 527.0, "y": 2787.0}]}, "description": "REFERENCE"}, {"boundingPoly": {"vertices": [{"x": 524.0, "y": 2797.0}, {"x": 754.0, "y": 2805.0}, {"x": 752.0, "y": 2856.0}, {"x": 522.0, "y": 2848.0}]}, "description": "AUTH CODE"}, {"boundingPoly": {"vertices": [{"x": 1316.0, "y": 2637.0}, {"x": 1522.0, "y": 2639.0}, {"x": 1521.0, "y": 2689.0}, {"x": 1316.0, "y": 2684.0}]}, "description": "**** 6008"}, {"boundingPoly": {"vertices": [{"x": 1345.0, "y": 2697.0}, {"x": 1523.0, "y": 2699.0}, {"x": 1523.0, "y": 2753.0}, {"x": 1345.0, "y": 2752.0}]}, "description": "6634459"}, {"boundingPoly": {"vertices": [{"x": 894.0, "y": 2748.0}, {"x": 1525.0, "y": 2764.0}, {"x": 1524.0, "y": 2818.0}, {"x": 892.0, "y": 2803.0}]}, "description": "S1111T111106#41518@088889"}, {"boundingPoly": {"vertices": [{"x": 1362.0, "y": 2825.0}, {"x": 1520.0, "y": 2824.0}, {"x": 1520.0, "y": 2864.0}, {"x": 1362.0, "y": 2864.0}]}, "description": "507648"}, {"boundingPoly": {"vertices": [{"x": 528.0, "y": 2917.0}, {"x": 655.0, "y": 2915.0}, {"x": 655.0, "y": 2952.0}, {"x": 529.0, "y": 2954.0}]}, "description": "TOTAL"}, {"boundingPoly": {"vertices": [{"x": 1310.0, "y": 2909.0}, {"x": 1513.0, "y": 2906.0}, {"x": 1513.0, "y": 2946.0}, {"x": 1310.0, "y": 2949.0}]}, "description": "USD12.43"}]}