{"textAnnotations": [{"boundingPoly": {"vertices": [{"x": 854.0, "y": 775.0}, {"x": 1350.0, "y": 772.0}, {"x": 1350.0, "y": 835.0}, {"x": 854.0, "y": 838.0}]}, "description": "merchant name"}, {"boundingPoly": {"vertices": [{"x": 663.0, "y": 848.0}, {"x": 1536.0, "y": 843.0}, {"x": 1536.0, "y": 907.0}, {"x": 663.0, "y": 915.0}]}, "description": "merchant address"}, {"boundingPoly": {"vertices": [{"x": 888.0, "y": 921.0}, {"x": 1353.0, "y": 913.0}, {"x": 1354.0, "y": 975.0}, {"x": 889.0, "y": 981.0}]}, "description": "merchant address"}, {"boundingPoly": {"vertices": [{"x": 492.0, "y": 994.0}, {"x": 588.0, "y": 992.0}, {"x": 589.0, "y": 1050.0}, {"x": 494.0, "y": 1052.0}]}, "description": "OTC"}, {"boundingPoly": {"vertices": [{"x": 493.0, "y": 1064.0}, {"x": 566.0, "y": 1068.0}, {"x": 564.0, "y": 1119.0}, {"x": 493.0, "y": 1115.0}]}, "description": "*2"}, {"boundingPoly": {"vertices": [{"x": 498.0, "y": 1139.0}, {"x": 527.0, "y": 1141.0}, {"x": 526.0, "y": 1181.0}, {"x": 497.0, "y": 1179.0}]}, "description": "1"}, {"boundingPoly": {"vertices": [{"x": 1558.0, "y": 993.0}, {"x": 1594.0, "y": 994.0}, {"x": 1593.0, "y": 1043.0}, {"x": 1557.0, "y": 1042.0}]}, "description": "$"}, {"boundingPoly": {"vertices": [{"x": 1559.0, "y": 1055.0}, {"x": 1712.0, "y": 1054.0}, {"x": 1712.0, "y": 1113.0}, {"x": 1561.0, "y": 1117.0}]}, "description": "18.00"}, {"boundingPoly": {"vertices": [{"x": 1583.0, "y": 1125.0}, {"x": 1714.0, "y": 1126.0}, {"x": 1713.0, "y": 1180.0}, {"x": 1585.0, "y": 1182.0}]}, "description": "9.00"}, {"boundingPoly": {"vertices": [{"x": 676.0, "y": 1061.0}, {"x": 1351.0, "y": 1059.0}, {"x": 1351.0, "y": 1121.0}, {"x": 676.0, "y": 1123.0}]}, "description": "ORIG Mixed Juice @9.00"}, {"boundingPoly": {"vertices": [{"x": 677.0, "y": 1130.0}, {"x": 1165.0, "y": 1129.0}, {"x": 1165.0, "y": 1194.0}, {"x": 677.0, "y": 1195.0}]}, "description": "Orig Energy Lift"}, {"boundingPoly": {"vertices": [{"x": 506.0, "y": 1263.0}, {"x": 853.0, "y": 1263.0}, {"x": 853.0, "y": 1331.0}, {"x": 506.0, "y": 1331.0}]}, "description": " Total:"}, {"boundingPoly": {"vertices": [{"x": 1340.0, "y": 1264.0}, {"x": 1706.0, "y": 1260.0}, {"x": 1707.0, "y": 1323.0}, {"x": 1341.0, "y": 1329.0}]}, "description": "$27.00"}, {"boundingPoly": {"vertices": [{"x": 511.0, "y": 1404.0}, {"x": 992.0, "y": 1402.0}, {"x": 993.0, "y": 1462.0}, {"x": 511.0, "y": 1464.0}]}, "description": "AMERICAN EXPRESS"}, {"boundingPoly": {"vertices": [{"x": 1551.0, "y": 1401.0}, {"x": 1707.0, "y": 1400.0}, {"x": 1706.0, "y": 1455.0}, {"x": 1552.0, "y": 1456.0}]}, "description": "27.00"}, {"boundingPoly": {"vertices": [{"x": 500.0, "y": 1534.0}, {"x": 974.0, "y": 1534.0}, {"x": 974.0, "y": 1598.0}, {"x": 500.0, "y": 1598.0}]}, "description": " Balance:"}, {"boundingPoly": {"vertices": [{"x": 1399.0, "y": 1537.0}, {"x": 1702.0, "y": 1534.0}, {"x": 1702.0, "y": 1594.0}, {"x": 1399.0, "y": 1597.0}]}, "description": "$0.00"}, {"boundingPoly": {"vertices": [{"x": 494.0, "y": 1663.0}, {"x": 1120.0, "y": 1663.0}, {"x": 1120.0, "y": 1728.0}, {"x": 494.0, "y": 1728.0}]}, "description": " Total includes GST of"}, {"boundingPoly": {"vertices": [{"x": 487.0, "y": 1734.0}, {"x": 1289.0, "y": 1731.0}, {"x": 1289.0, "y": 1793.0}, {"x": 487.0, "y": 1796.0}]}, "description": "* Indicates GST free items"}, {"boundingPoly": {"vertices": [{"x": 1132.0, "y": 1663.0}, {"x": 1167.0, "y": 1663.0}, {"x": 1167.0, "y": 1725.0}, {"x": 1132.0, "y": 1725.0}]}, "description": " :"}, {"boundingPoly": {"vertices": [{"x": 1559.0, "y": 1667.0}, {"x": 1720.0, "y": 1667.0}, {"x": 1721.0, "y": 1727.0}, {"x": 1560.0, "y": 1728.0}]}, "description": "$0.82"}, {"boundingPoly": {"vertices": [{"x": 881.0, "y": 1871.0}, {"x": 1356.0, "y": 1871.0}, {"x": 1356.0, "y": 1939.0}, {"x": 881.0, "y": 1939.0}]}, "description": " 25/10/19 2:01PM"}, {"boundingPoly": {"vertices": [{"x": 792.0, "y": 1950.0}, {"x": 1454.0, "y": 1942.0}, {"x": 1455.0, "y": 2007.0}, {"x": 793.0, "y": 2012.0}]}, "description": "receipt no. 943412850"}, {"boundingPoly": {"vertices": [{"x": 970.0, "y": 2019.0}, {"x": 1264.0, "y": 2017.0}, {"x": 1264.0, "y": 2080.0}, {"x": 970.0, "y": 2082.0}]}, "description": "Love Life"}, {"boundingPoly": {"vertices": [{"x": 939.0, "y": 2093.0}, {"x": 1298.0, "y": 2092.0}, {"x": 1299.0, "y": 2157.0}, {"x": 939.0, "y": 2159.0}]}, "description": "TAX INVOICE"}, {"boundingPoly": {"vertices": [{"x": 971.0, "y": 2168.0}, {"x": 1427.0, "y": 2168.0}, {"x": 1427.0, "y": 2238.0}, {"x": 971.0, "y": 2238.0}]}, "description": " 11 092 165 681"}, {"boundingPoly": {"vertices": [{"x": 941.0, "y": 2245.0}, {"x": 1270.0, "y": 2247.0}, {"x": 1269.0, "y": 2317.0}, {"x": 941.0, "y": 2314.0}]}, "description": "Thank You."}, {"boundingPoly": {"vertices": [{"x": 810.0, "y": 2170.0}, {"x": 959.0, "y": 2170.0}, {"x": 959.0, "y": 2238.0}, {"x": 810.0, "y": 2238.0}]}, "description": " ABN:"}]}