{"textAnnotations": [{"boundingPoly": {"vertices": [{"x": 560.0, "y": 336.0}, {"x": 738.0, "y": 336.0}, {"x": 738.0, "y": 376.0}, {"x": 560.0, "y": 377.0}]}, "description": "merchant name"}, {"boundingPoly": {"vertices": [{"x": 484.0, "y": 380.0}, {"x": 816.0, "y": 379.0}, {"x": 816.0, "y": 422.0}, {"x": 485.0, "y": 424.0}]}, "description": "merchant address"}, {"boundingPoly": {"vertices": [{"x": 486.0, "y": 424.0}, {"x": 828.0, "y": 423.0}, {"x": 828.0, "y": 468.0}, {"x": 486.0, "y": 470.0}]}, "description": "merchant name"}, {"boundingPoly": {"vertices": [{"x": 489.0, "y": 471.0}, {"x": 829.0, "y": 468.0}, {"x": 830.0, "y": 512.0}, {"x": 489.0, "y": 517.0}]}, "description": "merchant address"}, {"boundingPoly": {"vertices": [{"x": 505.0, "y": 519.0}, {"x": 796.0, "y": 515.0}, {"x": 797.0, "y": 556.0}, {"x": 505.0, "y": 561.0}]}, "description": "merchant address"}, {"boundingPoly": {"vertices": [{"x": 715.0, "y": 562.0}, {"x": 842.0, "y": 559.0}, {"x": 843.0, "y": 601.0}, {"x": 716.0, "y": 603.0}]}, "description": "#29"}, {"boundingPoly": {"vertices": [{"x": 768.0, "y": 605.0}, {"x": 871.0, "y": 605.0}, {"x": 871.0, "y": 648.0}, {"x": 768.0, "y": 648.0}]}, "description": " Serv:"}, {"boundingPoly": {"vertices": [{"x": 847.0, "y": 648.0}, {"x": 997.0, "y": 648.0}, {"x": 997.0, "y": 691.0}, {"x": 847.0, "y": 691.0}]}, "description": " # Cust:5"}, {"boundingPoly": {"vertices": [{"x": 473.0, "y": 561.0}, {"x": 675.0, "y": 561.0}, {"x": 674.0, "y": 606.0}, {"x": 473.0, "y": 605.0}]}, "description": "Table"}, {"boundingPoly": {"vertices": [{"x": 498.0, "y": 610.0}, {"x": 623.0, "y": 608.0}, {"x": 623.0, "y": 649.0}, {"x": 498.0, "y": 650.0}]}, "description": "368419"}, {"boundingPoly": {"vertices": [{"x": 277.0, "y": 650.0}, {"x": 647.0, "y": 650.0}, {"x": 647.0, "y": 697.0}, {"x": 277.0, "y": 697.0}]}, "description": " 24/10/2019 11:24 PM"}, {"boundingPoly": {"vertices": [{"x": 276.0, "y": 606.0}, {"x": 445.0, "y": 606.0}, {"x": 445.0, "y": 650.0}, {"x": 276.0, "y": 650.0}]}, "description": " Trans #:"}, {"boundingPoly": {"vertices": [{"x": 878.0, "y": 601.0}, {"x": 1025.0, "y": 601.0}, {"x": 1025.0, "y": 644.0}, {"x": 878.0, "y": 644.0}]}, "description": " CASHIER"}, {"boundingPoly": {"vertices": [{"x": 288.0, "y": 749.0}, {"x": 385.0, "y": 749.0}, {"x": 385.0, "y": 789.0}, {"x": 288.0, "y": 789.0}]}, "description": " Quan"}, {"boundingPoly": {"vertices": [{"x": 405.0, "y": 749.0}, {"x": 564.0, "y": 749.0}, {"x": 564.0, "y": 790.0}, {"x": 405.0, "y": 790.0}]}, "description": " Descript"}, {"boundingPoly": {"vertices": [{"x": 897.0, "y": 743.0}, {"x": 983.0, "y": 742.0}, {"x": 981.0, "y": 781.0}, {"x": 895.0, "y": 780.0}]}, "description": "Cost"}, {"boundingPoly": {"vertices": [{"x": 989.0, "y": 792.0}, {"x": 1041.0, "y": 793.0}, {"x": 1039.0, "y": 821.0}, {"x": 987.0, "y": 821.0}]}, "description": "==="}, {"boundingPoly": {"vertices": [{"x": 918.0, "y": 834.0}, {"x": 1041.0, "y": 834.0}, {"x": 1041.0, "y": 875.0}, {"x": 918.0, "y": 875.0}]}, "description": "$26.00"}, {"boundingPoly": {"vertices": [{"x": 919.0, "y": 884.0}, {"x": 1041.0, "y": 883.0}, {"x": 1040.0, "y": 923.0}, {"x": 918.0, "y": 924.0}]}, "description": "$25.00"}, {"boundingPoly": {"vertices": [{"x": 923.0, "y": 931.0}, {"x": 1037.0, "y": 930.0}, {"x": 1037.0, "y": 969.0}, {"x": 924.0, "y": 971.0}]}, "description": "$54.00"}, {"boundingPoly": {"vertices": [{"x": 922.0, "y": 977.0}, {"x": 1041.0, "y": 976.0}, {"x": 1044.0, "y": 1016.0}, {"x": 923.0, "y": 1018.0}]}, "description": "$16.00"}, {"boundingPoly": {"vertices": [{"x": 941.0, "y": 1024.0}, {"x": 1042.0, "y": 1024.0}, {"x": 1044.0, "y": 1063.0}, {"x": 941.0, "y": 1063.0}]}, "description": "$8.00"}, {"boundingPoly": {"vertices": [{"x": 335.0, "y": 839.0}, {"x": 356.0, "y": 839.0}, {"x": 356.0, "y": 883.0}, {"x": 335.0, "y": 883.0}]}, "description": " 1"}, {"boundingPoly": {"vertices": [{"x": 333.0, "y": 884.0}, {"x": 352.0, "y": 884.0}, {"x": 352.0, "y": 931.0}, {"x": 333.0, "y": 931.0}]}, "description": " 1"}, {"boundingPoly": {"vertices": [{"x": 332.0, "y": 932.0}, {"x": 568.0, "y": 932.0}, {"x": 568.0, "y": 975.0}, {"x": 332.0, "y": 975.0}]}, "description": "2 PROSCIUTTO"}, {"boundingPoly": {"vertices": [{"x": 331.0, "y": 978.0}, {"x": 450.0, "y": 976.0}, {"x": 449.0, "y": 1019.0}, {"x": 332.0, "y": 1021.0}]}, "description": "4 COKE"}, {"boundingPoly": {"vertices": [{"x": 337.0, "y": 1025.0}, {"x": 353.0, "y": 1025.0}, {"x": 353.0, "y": 1067.0}, {"x": 337.0, "y": 1067.0}]}, "description": " 1"}, {"boundingPoly": {"vertices": [{"x": 364.0, "y": 839.0}, {"x": 567.0, "y": 839.0}, {"x": 567.0, "y": 883.0}, {"x": 364.0, "y": 883.0}]}, "description": " CANNELLONI"}, {"boundingPoly": {"vertices": [{"x": 361.0, "y": 885.0}, {"x": 644.0, "y": 885.0}, {"x": 644.0, "y": 931.0}, {"x": 361.0, "y": 931.0}]}, "description": " CHICKEN PANINO"}, {"boundingPoly": {"vertices": [{"x": 359.0, "y": 1025.0}, {"x": 565.0, "y": 1025.0}, {"x": 565.0, "y": 1066.0}, {"x": 359.0, "y": 1066.0}]}, "description": " MILK SHAKE"}, {"boundingPoly": {"vertices": [{"x": 509.0, "y": 1166.0}, {"x": 747.0, "y": 1166.0}, {"x": 747.0, "y": 1211.0}, {"x": 509.0, "y": 1211.0}]}, "description": " TOTAL:"}, {"boundingPoly": {"vertices": [{"x": 382.0, "y": 1213.0}, {"x": 531.0, "y": 1213.0}, {"x": 531.0, "y": 1258.0}, {"x": 382.0, "y": 1258.0}]}, "description": " $105.00"}, {"boundingPoly": {"vertices": [{"x": 405.0, "y": 1261.0}, {"x": 528.0, "y": 1261.0}, {"x": 528.0, "y": 1306.0}, {"x": 405.0, "y": 1306.0}]}, "description": " $24.00"}, {"boundingPoly": {"vertices": [{"x": 780.0, "y": 1165.0}, {"x": 1038.0, "y": 1165.0}, {"x": 1038.0, "y": 1211.0}, {"x": 780.0, "y": 1211.0}]}, "description": " $129.00"}, {"boundingPoly": {"vertices": [{"x": 1366.0, "y": 1138.0}, {"x": 1854.0, "y": 1135.0}, {"x": 1854.0, "y": 1182.0}, {"x": 1366.0, "y": 1186.0}]}, "description": "CommonwealthBank"}, {"boundingPoly": {"vertices": [{"x": 1500.0, "y": 1201.0}, {"x": 1820.0, "y": 1202.0}, {"x": 1820.0, "y": 1241.0}, {"x": 1500.0, "y": 1239.0}]}, "description": "merchant name"}, {"boundingPoly": {"vertices": [{"x": 1546.0, "y": 1242.0}, {"x": 1804.0, "y": 1240.0}, {"x": 1804.0, "y": 1276.0}, {"x": 1546.0, "y": 1278.0}]}, "description": "merchant address"}, {"boundingPoly": {"vertices": [{"x": 1772.0, "y": 1277.0}, {"x": 1975.0, "y": 1277.0}, {"x": 1975.0, "y": 1317.0}, {"x": 1772.0, "y": 1317.0}]}, "description": "92747300"}, {"boundingPoly": {"vertices": [{"x": 1383.0, "y": 1315.0}, {"x": 1978.0, "y": 1317.0}, {"x": 1978.0, "y": 1354.0}, {"x": 1383.0, "y": 1353.0}]}, "description": "REFERENCE151204"}, {"boundingPoly": {"vertices": [{"x": 1433.0, "y": 1380.0}, {"x": 1873.0, "y": 1387.0}, {"x": 1872.0, "y": 1431.0}, {"x": 1432.0, "y": 1427.0}]}, "description": "MTA CUSTOMER COPY"}, {"boundingPoly": {"vertices": [{"x": 1389.0, "y": 1429.0}, {"x": 1605.0, "y": 1429.0}, {"x": 1605.0, "y": 1472.0}, {"x": 1389.0, "y": 1472.0}]}, "description": " CARD NO:"}, {"boundingPoly": {"vertices": [{"x": 1385.0, "y": 1471.0}, {"x": 1709.0, "y": 1471.0}, {"x": 1709.0, "y": 1513.0}, {"x": 1385.0, "y": 1513.0}]}, "description": " EXPIRY DATE:"}, {"boundingPoly": {"vertices": [{"x": 277.0, "y": 1214.0}, {"x": 374.0, "y": 1214.0}, {"x": 374.0, "y": 1257.0}, {"x": 277.0, "y": 1257.0}]}, "description": " Food:"}, {"boundingPoly": {"vertices": [{"x": 278.0, "y": 1262.0}, {"x": 396.0, "y": 1262.0}, {"x": 396.0, "y": 1306.0}, {"x": 278.0, "y": 1306.0}]}, "description": " Other:"}, {"boundingPoly": {"vertices": [{"x": 1382.0, "y": 1275.0}, {"x": 1576.0, "y": 1275.0}, {"x": 1576.0, "y": 1316.0}, {"x": 1382.0, "y": 1316.0}]}, "description": "TERMINAL"}, {"boundingPoly": {"vertices": [{"x": 999.0, "y": 1317.0}, {"x": 1048.0, "y": 1313.0}, {"x": 1048.0, "y": 1341.0}, {"x": 999.0, "y": 1344.0}]}, "description": "==="}, {"boundingPoly": {"vertices": [{"x": 907.0, "y": 1355.0}, {"x": 1044.0, "y": 1353.0}, {"x": 1044.0, "y": 1385.0}, {"x": 907.0, "y": 1386.0}]}, "description": "$129.00"}, {"boundingPoly": {"vertices": [{"x": 546.0, "y": 1356.0}, {"x": 764.0, "y": 1356.0}, {"x": 764.0, "y": 1386.0}, {"x": 547.0, "y": 1387.0}]}, "description": "CREDIT CARD"}, {"boundingPoly": {"vertices": [{"x": 1644.0, "y": 1430.0}, {"x": 1984.0, "y": 1430.0}, {"x": 1983.0, "y": 1474.0}, {"x": 1644.0, "y": 1471.0}]}, "description": "377410- 006 (1)"}, {"boundingPoly": {"vertices": [{"x": 1486.0, "y": 1510.0}, {"x": 1895.0, "y": 1515.0}, {"x": 1894.0, "y": 1554.0}, {"x": 1486.0, "y": 1550.0}]}, "description": "AMERICAN EXPRESS"}, {"boundingPoly": {"vertices": [{"x": 333.0, "y": 1554.0}, {"x": 446.0, "y": 1554.0}, {"x": 446.0, "y": 1600.0}, {"x": 333.0, "y": 1600.0}]}, "description": " TIP"}, {"boundingPoly": {"vertices": [{"x": 455.0, "y": 1555.0}, {"x": 482.0, "y": 1555.0}, {"x": 482.0, "y": 1600.0}, {"x": 455.0, "y": 1600.0}]}, "description": " :"}, {"boundingPoly": {"vertices": [{"x": 1392.0, "y": 1551.0}, {"x": 1543.0, "y": 1552.0}, {"x": 1542.0, "y": 1592.0}, {"x": 1391.0, "y": 1590.0}]}, "description": "CREDIT"}, {"boundingPoly": {"vertices": [{"x": 1390.0, "y": 1589.0}, {"x": 1595.0, "y": 1595.0}, {"x": 1594.0, "y": 1635.0}, {"x": 1390.0, "y": 1630.0}]}, "description": "PURCHASE"}, {"boundingPoly": {"vertices": [{"x": 1392.0, "y": 1637.0}, {"x": 1521.0, "y": 1638.0}, {"x": 1520.0, "y": 1675.0}, {"x": 1391.0, "y": 1673.0}]}, "description": "TOTAL"}, {"boundingPoly": {"vertices": [{"x": 1820.0, "y": 1598.0}, {"x": 2003.0, "y": 1596.0}, {"x": 2003.0, "y": 1640.0}, {"x": 1821.0, "y": 1641.0}]}, "description": "$129.00"}, {"boundingPoly": {"vertices": [{"x": 1724.0, "y": 1639.0}, {"x": 2006.0, "y": 1640.0}, {"x": 2006.0, "y": 1682.0}, {"x": 1723.0, "y": 1681.0}]}, "description": "AUD $129.00"}, {"boundingPoly": {"vertices": [{"x": 485.0, "y": 1649.0}, {"x": 765.0, "y": 1643.0}, {"x": 766.0, "y": 1687.0}, {"x": 486.0, "y": 1693.0}]}, "description": "GRAZIE!"}, {"boundingPoly": {"vertices": [{"x": 392.0, "y": 1749.0}, {"x": 849.0, "y": 1745.0}, {"x": 849.0, "y": 1790.0}, {"x": 393.0, "y": 1795.0}]}, "description": "TAX INVOICE"}, {"boundingPoly": {"vertices": [{"x": 574.0, "y": 1796.0}, {"x": 815.0, "y": 1796.0}, {"x": 815.0, "y": 1848.0}, {"x": 574.0, "y": 1848.0}]}, "description": " 104 453 796"}, {"boundingPoly": {"vertices": [{"x": 492.0, "y": 1853.0}, {"x": 746.0, "y": 1848.0}, {"x": 747.0, "y": 1894.0}, {"x": 492.0, "y": 1899.0}]}, "description": "GST INCLUDED"}, {"boundingPoly": {"vertices": [{"x": 1392.0, "y": 1720.0}, {"x": 1606.0, "y": 1721.0}, {"x": 1605.0, "y": 1762.0}, {"x": 1392.0, "y": 1761.0}]}, "description": "APPROVED"}, {"boundingPoly": {"vertices": [{"x": 1397.0, "y": 1762.0}, {"x": 1594.0, "y": 1762.0}, {"x": 1594.0, "y": 1806.0}, {"x": 1397.0, "y": 1806.0}]}, "description": " AUTH NO:"}, {"boundingPoly": {"vertices": [{"x": 1397.0, "y": 1807.0}, {"x": 1467.0, "y": 1807.0}, {"x": 1467.0, "y": 1847.0}, {"x": 1397.0, "y": 1847.0}]}, "description": " AID"}, {"boundingPoly": {"vertices": [{"x": 1402.0, "y": 1853.0}, {"x": 1470.0, "y": 1853.0}, {"x": 1470.0, "y": 1894.0}, {"x": 1402.0, "y": 1894.0}]}, "description": " ATC"}, {"boundingPoly": {"vertices": [{"x": 1404.0, "y": 1896.0}, {"x": 1569.0, "y": 1896.0}, {"x": 1569.0, "y": 1940.0}, {"x": 1404.0, "y": 1940.0}]}, "description": " CSN:00"}, {"boundingPoly": {"vertices": [{"x": 1404.0, "y": 1940.0}, {"x": 1693.0, "y": 1942.0}, {"x": 1693.0, "y": 1985.0}, {"x": 1404.0, "y": 1982.0}]}, "description": "24 OCT 2019"}, {"boundingPoly": {"vertices": [{"x": 1455.0, "y": 1986.0}, {"x": 1937.0, "y": 1995.0}, {"x": 1936.0, "y": 2038.0}, {"x": 1455.0, "y": 2027.0}]}, "description": "THANK YOU"}, {"boundingPoly": {"vertices": [{"x": 422.0, "y": 1800.0}, {"x": 567.0, "y": 1800.0}, {"x": 567.0, "y": 1849.0}, {"x": 422.0, "y": 1849.0}]}, "description": " ABN 11"}, {"boundingPoly": {"vertices": [{"x": 1860.0, "y": 1769.0}, {"x": 2016.0, "y": 1771.0}, {"x": 2016.0, "y": 1810.0}, {"x": 1859.0, "y": 1807.0}]}, "description": "832191"}, {"boundingPoly": {"vertices": [{"x": 1603.0, "y": 1811.0}, {"x": 2015.0, "y": 1813.0}, {"x": 2015.0, "y": 1852.0}, {"x": 1603.0, "y": 1849.0}]}, "description": "A000000025010801"}, {"boundingPoly": {"vertices": [{"x": 1657.0, "y": 1854.0}, {"x": 1727.0, "y": 1854.0}, {"x": 1727.0, "y": 1896.0}, {"x": 1657.0, "y": 1896.0}]}, "description": " TVR"}, {"boundingPoly": {"vertices": [{"x": 1599.0, "y": 1896.0}, {"x": 2029.0, "y": 1898.0}, {"x": 2028.0, "y": 1942.0}, {"x": 1599.0, "y": 1940.0}]}, "description": "3684FE0121F441E3"}, {"boundingPoly": {"vertices": [{"x": 1475.0, "y": 1807.0}, {"x": 1498.0, "y": 1807.0}, {"x": 1498.0, "y": 1846.0}, {"x": 1475.0, "y": 1846.0}]}, "description": " :"}, {"boundingPoly": {"vertices": [{"x": 1477.0, "y": 1853.0}, {"x": 1529.0, "y": 1853.0}, {"x": 1529.0, "y": 1893.0}, {"x": 1477.0, "y": 1893.0}]}, "description": " : 9"}, {"boundingPoly": {"vertices": [{"x": 1735.0, "y": 1855.0}, {"x": 2020.0, "y": 1855.0}, {"x": 2020.0, "y": 1897.0}, {"x": 1735.0, "y": 1897.0}]}, "description": " : 0000008000"}, {"boundingPoly": {"vertices": [{"x": 839.0, "y": 1909.0}, {"x": 1041.0, "y": 1909.0}, {"x": 1041.0, "y": 1939.0}, {"x": 839.0, "y": 1940.0}]}, "description": "======"}, {"boundingPoly": {"vertices": [{"x": 1896.0, "y": 1944.0}, {"x": 2028.0, "y": 1944.0}, {"x": 2028.0, "y": 1987.0}, {"x": 1896.0, "y": 1987.0}]}, "description": " 23:25"}, {"boundingPoly": {"vertices": [{"x": 529.0, "y": 2015.0}, {"x": 681.0, "y": 2014.0}, {"x": 681.0, "y": 2063.0}, {"x": 529.0, "y": 2064.0}]}, "description": "shop at"}, {"boundingPoly": {"vertices": [{"x": 328.0, "y": 2072.0}, {"x": 875.0, "y": 2069.0}, {"x": 875.0, "y": 2116.0}, {"x": 328.0, "y": 2118.0}]}, "description": "www.macchiato.com.au/shop"}, {"boundingPoly": {"vertices": [{"x": 825.0, "y": 2184.0}, {"x": 1039.0, "y": 2184.0}, {"x": 1039.0, "y": 2222.0}, {"x": 825.0, "y": 2222.0}]}, "description": "======"}, {"boundingPoly": {"vertices": [{"x": 196.0, "y": 2233.0}, {"x": 1020.0, "y": 2232.0}, {"x": 1020.0, "y": 2283.0}, {"x": 196.0, "y": 2284.0}]}, "description": "BECOME A VIP MEMBER"}, {"boundingPoly": {"vertices": [{"x": 340.0, "y": 2290.0}, {"x": 866.0, "y": 2288.0}, {"x": 866.0, "y": 2337.0}, {"x": 341.0, "y": 2339.0}]}, "description": "Receive 10%OFF Your Bill"}, {"boundingPoly": {"vertices": [{"x": 216.0, "y": 2345.0}, {"x": 984.0, "y": 2345.0}, {"x": 984.0, "y": 2396.0}, {"x": 216.0, "y": 2397.0}]}, "description": "and Receive Points for Each $ Spent"}, {"boundingPoly": {"vertices": [{"x": 449.0, "y": 2403.0}, {"x": 757.0, "y": 2401.0}, {"x": 758.0, "y": 2452.0}, {"x": 449.0, "y": 2454.0}]}, "description": "Sign up online"}, {"boundingPoly": {"vertices": [{"x": 166.0, "y": 2466.0}, {"x": 371.0, "y": 2465.0}, {"x": 372.0, "y": 2507.0}, {"x": 166.0, "y": 2507.0}]}, "description": "====="}, {"boundingPoly": {"vertices": [{"x": 158.0, "y": 2519.0}, {"x": 1047.0, "y": 2518.0}, {"x": 1047.0, "y": 2568.0}, {"x": 158.0, "y": 2569.0}]}, "description": "www.macchiato.com.au"}, {"boundingPoly": {"vertices": [{"x": 870.0, "y": 2466.0}, {"x": 1049.0, "y": 2467.0}, {"x": 1049.0, "y": 2508.0}, {"x": 869.0, "y": 2507.0}]}, "description": "===="}, {"boundingPoly": {"vertices": [{"x": 160.0, "y": 2631.0}, {"x": 363.0, "y": 2628.0}, {"x": 364.0, "y": 2679.0}, {"x": 161.0, "y": 2682.0}]}, "description": "696368419"}]}