{"textAnnotations": [{"boundingPoly": {"vertices": [{"x": 845.0, "y": 19.0}, {"x": 1295.0, "y": 79.0}, {"x": 1289.0, "y": 119.0}, {"x": 840.0, "y": 61.0}]}, "description": "Thank You For Visiting"}, {"boundingPoly": {"vertices": [{"x": 949.0, "y": 142.0}, {"x": 1253.0, "y": 169.0}, {"x": 1251.0, "y": 191.0}, {"x": 947.0, "y": 165.0}]}, "description": "General Manager"}, {"boundingPoly": {"vertices": [{"x": 935.0, "y": 199.0}, {"x": 1024.0, "y": 199.0}, {"x": 1024.0, "y": 224.0}, {"x": 935.0, "y": 224.0}]}, "description": " Love"}, {"boundingPoly": {"vertices": [{"x": 865.0, "y": 222.0}, {"x": 947.0, "y": 222.0}, {"x": 947.0, "y": 243.0}, {"x": 865.0, "y": 243.0}]}, "description": " foxt"}, {"boundingPoly": {"vertices": [{"x": 845.0, "y": 58.0}, {"x": 1254.0, "y": 104.0}, {"x": 1249.0, "y": 141.0}, {"x": 841.0, "y": 97.0}]}, "description": "merchant name"}, {"boundingPoly": {"vertices": [{"x": 941.0, "y": 113.0}, {"x": 1217.0, "y": 141.0}, {"x": 1214.0, "y": 163.0}, {"x": 938.0, "y": 136.0}]}, "description": "Matthew Frays"}, {"boundingPoly": {"vertices": [{"x": 970.0, "y": 171.0}, {"x": 1239.0, "y": 186.0}, {"x": 1237.0, "y": 211.0}, {"x": 968.0, "y": 198.0}]}, "description": "merchant phone"}, {"boundingPoly": {"vertices": [{"x": 1160.0, "y": 211.0}, {"x": 1333.0, "y": 217.0}, {"x": 1333.0, "y": 237.0}, {"x": 1159.0, "y": 231.0}]}, "description": "Feedback I"}, {"boundingPoly": {"vertices": [{"x": 1254.0, "y": 235.0}, {"x": 1353.0, "y": 239.0}, {"x": 1352.0, "y": 261.0}, {"x": 1253.0, "y": 255.0}]}, "description": "73940"}, {"boundingPoly": {"vertices": [{"x": 871.0, "y": 196.0}, {"x": 916.0, "y": 196.0}, {"x": 916.0, "y": 220.0}, {"x": 871.0, "y": 220.0}]}, "description": " We"}, {"boundingPoly": {"vertices": [{"x": 1046.0, "y": 205.0}, {"x": 1131.0, "y": 205.0}, {"x": 1131.0, "y": 229.0}, {"x": 1046.0, "y": 229.0}]}, "description": " Your"}, {"boundingPoly": {"vertices": [{"x": 968.0, "y": 222.0}, {"x": 1223.0, "y": 222.0}, {"x": 1223.0, "y": 252.0}, {"x": 968.0, "y": 252.0}]}, "description": " #LTF11479 10"}, {"boundingPoly": {"vertices": [{"x": 657.0, "y": 297.0}, {"x": 762.0, "y": 297.0}, {"x": 762.0, "y": 333.0}, {"x": 657.0, "y": 333.0}]}, "description": " 0.63"}, {"boundingPoly": {"vertices": [{"x": 775.0, "y": 298.0}, {"x": 875.0, "y": 298.0}, {"x": 875.0, "y": 333.0}, {"x": 775.0, "y": 333.0}]}, "description": " lb \u00d7"}, {"boundingPoly": {"vertices": [{"x": 881.0, "y": 298.0}, {"x": 917.0, "y": 298.0}, {"x": 917.0, "y": 333.0}, {"x": 881.0, "y": 333.0}]}, "description": " $"}, {"boundingPoly": {"vertices": [{"x": 933.0, "y": 296.0}, {"x": 1091.0, "y": 296.0}, {"x": 1091.0, "y": 336.0}, {"x": 933.0, "y": 336.0}]}, "description": " 7.68/1b"}, {"boundingPoly": {"vertices": [{"x": 653.0, "y": 334.0}, {"x": 1000.0, "y": 328.0}, {"x": 1000.0, "y": 366.0}, {"x": 653.0, "y": 373.0}]}, "description": "Small Clamshell"}, {"boundingPoly": {"vertices": [{"x": 652.0, "y": 379.0}, {"x": 773.0, "y": 375.0}, {"x": 775.0, "y": 415.0}, {"x": 652.0, "y": 419.0}]}, "description": "Toast"}, {"boundingPoly": {"vertices": [{"x": 654.0, "y": 426.0}, {"x": 762.0, "y": 420.0}, {"x": 764.0, "y": 466.0}, {"x": 652.0, "y": 469.0}]}, "description": "Toast"}, {"boundingPoly": {"vertices": [{"x": 1497.0, "y": 335.0}, {"x": 1591.0, "y": 335.0}, {"x": 1591.0, "y": 366.0}, {"x": 1496.0, "y": 366.0}]}, "description": "4.84"}, {"boundingPoly": {"vertices": [{"x": 1498.0, "y": 371.0}, {"x": 1597.0, "y": 369.0}, {"x": 1598.0, "y": 401.0}, {"x": 1498.0, "y": 403.0}]}, "description": "0.35"}, {"boundingPoly": {"vertices": [{"x": 1503.0, "y": 411.0}, {"x": 1595.0, "y": 410.0}, {"x": 1596.0, "y": 446.0}, {"x": 1503.0, "y": 446.0}]}, "description": "0.35"}, {"boundingPoly": {"vertices": [{"x": 1182.0, "y": 507.0}, {"x": 1399.0, "y": 504.0}, {"x": 1400.0, "y": 550.0}, {"x": 1183.0, "y": 555.0}]}, "description": "Sub Total"}, {"boundingPoly": {"vertices": [{"x": 1507.0, "y": 501.0}, {"x": 1610.0, "y": 500.0}, {"x": 1610.0, "y": 542.0}, {"x": 1509.0, "y": 544.0}]}, "description": "5.54"}, {"boundingPoly": {"vertices": [{"x": 1511.0, "y": 552.0}, {"x": 1619.0, "y": 551.0}, {"x": 1621.0, "y": 593.0}, {"x": 1513.0, "y": 594.0}]}, "description": "0.49"}, {"boundingPoly": {"vertices": [{"x": 1184.0, "y": 564.0}, {"x": 1421.0, "y": 552.0}, {"x": 1424.0, "y": 599.0}, {"x": 1185.0, "y": 609.0}]}, "description": "Tax Amount"}, {"boundingPoly": {"vertices": [{"x": 623.0, "y": 748.0}, {"x": 1051.0, "y": 737.0}, {"x": 1054.0, "y": 828.0}, {"x": 624.0, "y": 839.0}]}, "description": "Total USD"}, {"boundingPoly": {"vertices": [{"x": 1421.0, "y": 716.0}, {"x": 1620.0, "y": 711.0}, {"x": 1625.0, "y": 802.0}, {"x": 1424.0, "y": 803.0}]}, "description": "6.03"}, {"boundingPoly": {"vertices": [{"x": 627.0, "y": 1013.0}, {"x": 1129.0, "y": 995.0}, {"x": 1131.0, "y": 1045.0}, {"x": 629.0, "y": 1061.0}]}, "description": "5009 AMERICAN EXPRESS"}, {"boundingPoly": {"vertices": [{"x": 1529.0, "y": 979.0}, {"x": 1630.0, "y": 975.0}, {"x": 1632.0, "y": 1020.0}, {"x": 1530.0, "y": 1023.0}]}, "description": "6.03"}, {"boundingPoly": {"vertices": [{"x": 622.0, "y": 1163.0}, {"x": 703.0, "y": 1162.0}, {"x": 702.0, "y": 1201.0}, {"x": 621.0, "y": 1201.0}]}, "description": "Tax"}, {"boundingPoly": {"vertices": [{"x": 622.0, "y": 1202.0}, {"x": 810.0, "y": 1199.0}, {"x": 812.0, "y": 1247.0}, {"x": 623.0, "y": 1251.0}]}, "description": "() 8.875"}, {"boundingPoly": {"vertices": [{"x": 1001.0, "y": 1144.0}, {"x": 1365.0, "y": 1128.0}, {"x": 1367.0, "y": 1170.0}, {"x": 1003.0, "y": 1187.0}]}, "description": "Taxable Amount"}, {"boundingPoly": {"vertices": [{"x": 1384.0, "y": 1126.0}, {"x": 1647.0, "y": 1119.0}, {"x": 1648.0, "y": 1162.0}, {"x": 1385.0, "y": 1170.0}]}, "description": "Tax Amount"}, {"boundingPoly": {"vertices": [{"x": 1243.0, "y": 1180.0}, {"x": 1349.0, "y": 1177.0}, {"x": 1350.0, "y": 1216.0}, {"x": 1242.0, "y": 1219.0}]}, "description": "5.54"}, {"boundingPoly": {"vertices": [{"x": 1550.0, "y": 1170.0}, {"x": 1654.0, "y": 1167.0}, {"x": 1655.0, "y": 1211.0}, {"x": 1550.0, "y": 1213.0}]}, "description": "0.49"}, {"boundingPoly": {"vertices": [{"x": 599.0, "y": 1328.0}, {"x": 1670.0, "y": 1328.0}, {"x": 1670.0, "y": 1401.0}, {"x": 599.0, "y": 1401.0}]}, "description": " 11/12/2019 09:40 AM #:49443 Op:4023 C:111"}, {"boundingPoly": {"vertices": [{"x": 738.0, "y": 1399.0}, {"x": 841.0, "y": 1399.0}, {"x": 841.0, "y": 1454.0}, {"x": 738.0, "y": 1454.0}]}, "description": " 1111"}, {"boundingPoly": {"vertices": [{"x": 572.0, "y": 1458.0}, {"x": 850.0, "y": 1458.0}, {"x": 850.0, "y": 1517.0}, {"x": 572.0, "y": 1517.0}]}, "description": " Served you"}, {"boundingPoly": {"vertices": [{"x": 588.0, "y": 1401.0}, {"x": 727.0, "y": 1401.0}, {"x": 727.0, "y": 1455.0}, {"x": 588.0, "y": 1455.0}]}, "description": " 105 S:"}, {"boundingPoly": {"vertices": [{"x": 859.0, "y": 1447.0}, {"x": 1336.0, "y": 1447.0}, {"x": 1336.0, "y": 1513.0}, {"x": 859.0, "y": 1513.0}]}, "description": " : Lucrecia Findley"}, {"boundingPoly": {"vertices": [{"x": 792.0, "y": 1696.0}, {"x": 1372.0, "y": 1695.0}, {"x": 1372.0, "y": 1752.0}, {"x": 792.0, "y": 1753.0}]}, "description": "*** Customer copy ***"}, {"boundingPoly": {"vertices": [{"x": 892.0, "y": 1819.0}, {"x": 1289.0, "y": 1817.0}, {"x": 1289.0, "y": 1881.0}, {"x": 892.0, "y": 1883.0}]}, "description": "AMEX NY937 (5)"}, {"boundingPoly": {"vertices": [{"x": 552.0, "y": 1898.0}, {"x": 1618.0, "y": 1888.0}, {"x": 1618.0, "y": 1949.0}, {"x": 552.0, "y": 1960.0}]}, "description": "I agree to pay the above total amount"}, {"boundingPoly": {"vertices": [{"x": 745.0, "y": 1965.0}, {"x": 1445.0, "y": 1963.0}, {"x": 1445.0, "y": 2025.0}, {"x": 746.0, "y": 2028.0}]}, "description": "according to card issuer"}, {"boundingPoly": {"vertices": [{"x": 511.0, "y": 2042.0}, {"x": 1665.0, "y": 2030.0}, {"x": 1666.0, "y": 2094.0}, {"x": 511.0, "y": 2103.0}]}, "description": "agreement. (Merchant agreement if Credit"}, {"boundingPoly": {"vertices": [{"x": 597.0, "y": 2108.0}, {"x": 1567.0, "y": 2108.0}, {"x": 1567.0, "y": 2177.0}, {"x": 597.0, "y": 2178.0}]}, "description": "Voucher )Retain this copy for your"}, {"boundingPoly": {"vertices": [{"x": 974.0, "y": 2190.0}, {"x": 1209.0, "y": 2189.0}, {"x": 1210.0, "y": 2250.0}, {"x": 975.0, "y": 2251.0}]}, "description": "records."}, {"boundingPoly": {"vertices": [{"x": 502.0, "y": 2330.0}, {"x": 1068.0, "y": 2334.0}, {"x": 1067.0, "y": 2402.0}, {"x": 501.0, "y": 2396.0}]}, "description": "PURCHASE / APPROVED"}, {"boundingPoly": {"vertices": [{"x": 506.0, "y": 2408.0}, {"x": 978.0, "y": 2412.0}, {"x": 977.0, "y": 2474.0}, {"x": 505.0, "y": 2469.0}]}, "description": "AMERICAN EXPRESS"}, {"boundingPoly": {"vertices": [{"x": 507.0, "y": 2483.0}, {"x": 950.0, "y": 2490.0}, {"x": 949.0, "y": 2547.0}, {"x": 507.0, "y": 2535.0}]}, "description": "*********** 1000"}, {"boundingPoly": {"vertices": [{"x": 509.0, "y": 2548.0}, {"x": 827.0, "y": 2559.0}, {"x": 824.0, "y": 2622.0}, {"x": 506.0, "y": 2610.0}]}, "description": "CHIP READ /"}, {"boundingPoly": {"vertices": [{"x": 505.0, "y": 2696.0}, {"x": 1078.0, "y": 2696.0}, {"x": 1078.0, "y": 2773.0}, {"x": 505.0, "y": 2773.0}]}, "description": " 2019/11/12 09:40:24"}, {"boundingPoly": {"vertices": [{"x": 505.0, "y": 2774.0}, {"x": 598.0, "y": 2777.0}, {"x": 595.0, "y": 2838.0}, {"x": 506.0, "y": 2834.0}]}, "description": "TID"}, {"boundingPoly": {"vertices": [{"x": 504.0, "y": 2849.0}, {"x": 599.0, "y": 2847.0}, {"x": 599.0, "y": 2900.0}, {"x": 507.0, "y": 2901.0}]}, "description": "MID"}, {"boundingPoly": {"vertices": [{"x": 1459.0, "y": 2787.0}, {"x": 1712.0, "y": 2787.0}, {"x": 1711.0, "y": 2841.0}, {"x": 1459.0, "y": 2839.0}]}, "description": "**** 6039"}, {"boundingPoly": {"vertices": [{"x": 1491.0, "y": 2855.0}, {"x": 1716.0, "y": 2855.0}, {"x": 1716.0, "y": 2918.0}, {"x": 1491.0, "y": 2918.0}]}, "description": "6634459"}]}