{"textAnnotations": [{"boundingPoly": {"vertices": [{"x": 30.0, "y": 8.0}, {"x": 112.0, "y": 8.0}, {"x": 112.0, "y": 65.0}, {"x": 30.0, "y": 65.0}]}, "description": " Zone"}, {"boundingPoly": {"vertices": [{"x": 34.0, "y": 72.0}, {"x": 155.0, "y": 72.0}, {"x": 155.0, "y": 122.0}, {"x": 34.0, "y": 122.0}]}, "description": " 677582"}, {"boundingPoly": {"vertices": [{"x": 121.0, "y": 14.0}, {"x": 153.0, "y": 14.0}, {"x": 153.0, "y": 64.0}, {"x": 121.0, "y": 64.0}]}, "description": " 6,"}, {"boundingPoly": {"vertices": [{"x": 163.0, "y": 16.0}, {"x": 338.0, "y": 16.0}, {"x": 338.0, "y": 66.0}, {"x": 163.0, "y": 66.0}]}, "description": " DLF Phase"}, {"boundingPoly": {"vertices": [{"x": 163.0, "y": 75.0}, {"x": 420.0, "y": 75.0}, {"x": 420.0, "y": 123.0}, {"x": 163.0, "y": 123.0}]}, "description": " | (+91) 9560"}, {"boundingPoly": {"vertices": [{"x": 349.0, "y": 19.0}, {"x": 414.0, "y": 19.0}, {"x": 414.0, "y": 68.0}, {"x": 349.0, "y": 68.0}]}, "description": " 5,"}, {"boundingPoly": {"vertices": [{"x": 522.0, "y": 95.0}, {"x": 1158.0, "y": 112.0}, {"x": 1157.0, "y": 171.0}, {"x": 520.0, "y": 156.0}]}, "description": "Thank You For Visiting the"}, {"boundingPoly": {"vertices": [{"x": 470.0, "y": 223.0}, {"x": 1218.0, "y": 241.0}, {"x": 1217.0, "y": 296.0}, {"x": 468.0, "y": 283.0}]}, "description": "Nadine Varella, General Manager"}, {"boundingPoly": {"vertices": [{"x": 28.0, "y": 189.0}, {"x": 211.0, "y": 191.0}, {"x": 212.0, "y": 253.0}, {"x": 29.0, "y": 254.0}]}, "description": "Global"}, {"boundingPoly": {"vertices": [{"x": 31.0, "y": 262.0}, {"x": 402.0, "y": 262.0}, {"x": 402.0, "y": 329.0}, {"x": 31.0, "y": 330.0}]}, "description": "Services Gro"}, {"boundingPoly": {"vertices": [{"x": 496.0, "y": 163.0}, {"x": 1196.0, "y": 177.0}, {"x": 1195.0, "y": 235.0}, {"x": 496.0, "y": 221.0}]}, "description": "merchant name"}, {"boundingPoly": {"vertices": [{"x": 695.0, "y": 291.0}, {"x": 1032.0, "y": 297.0}, {"x": 1031.0, "y": 354.0}, {"x": 694.0, "y": 349.0}]}, "description": "merchant phone"}, {"boundingPoly": {"vertices": [{"x": 591.0, "y": 401.0}, {"x": 1139.0, "y": 417.0}, {"x": 1137.0, "y": 475.0}, {"x": 589.0, "y": 459.0}]}, "description": "Tav+ @LTF41042 to 73940"}, {"boundingPoly": {"vertices": [{"x": 591.0, "y": 351.0}, {"x": 1118.0, "y": 357.0}, {"x": 1117.0, "y": 416.0}, {"x": 590.0, "y": 407.0}]}, "description": "We Love Your Feedback!"}, {"boundingPoly": {"vertices": [{"x": 18.0, "y": 414.0}, {"x": 62.0, "y": 414.0}, {"x": 62.0, "y": 458.0}, {"x": 18.0, "y": 458.0}]}, "description": " thi"}, {"boundingPoly": {"vertices": [{"x": 22.0, "y": 472.0}, {"x": 154.0, "y": 472.0}, {"x": 154.0, "y": 511.0}, {"x": 22.0, "y": 511.0}]}, "description": " Inesday,"}, {"boundingPoly": {"vertices": [{"x": 42.0, "y": 523.0}, {"x": 180.0, "y": 523.0}, {"x": 180.0, "y": 565.0}, {"x": 42.0, "y": 565.0}]}, "description": " Sharma3"}, {"boundingPoly": {"vertices": [{"x": 84.0, "y": 571.0}, {"x": 340.0, "y": 571.0}, {"x": 340.0, "y": 612.0}, {"x": 84.0, "y": 612.0}]}, "description": " Special Offer Ext"}, {"boundingPoly": {"vertices": [{"x": 69.0, "y": 416.0}, {"x": 272.0, "y": 416.0}, {"x": 272.0, "y": 459.0}, {"x": 69.0, "y": 459.0}]}, "description": " Maheshwari"}, {"boundingPoly": {"vertices": [{"x": 160.0, "y": 471.0}, {"x": 343.0, "y": 471.0}, {"x": 343.0, "y": 511.0}, {"x": 160.0, "y": 511.0}]}, "description": " December"}, {"boundingPoly": {"vertices": [{"x": 187.0, "y": 521.0}, {"x": 347.0, "y": 521.0}, {"x": 347.0, "y": 565.0}, {"x": 187.0, "y": 565.0}]}, "description": " <Prachi S)"}, {"boundingPoly": {"vertices": [{"x": 31.0, "y": 573.0}, {"x": 78.0, "y": 573.0}, {"x": 78.0, "y": 612.0}, {"x": 31.0, "y": 612.0}]}, "description": " Re:"}, {"boundingPoly": {"vertices": [{"x": 380.0, "y": 537.0}, {"x": 858.0, "y": 576.0}, {"x": 852.0, "y": 637.0}, {"x": 378.0, "y": 595.0}]}, "description": "Chip Lays Classic 1"}, {"boundingPoly": {"vertices": [{"x": 388.0, "y": 667.0}, {"x": 885.0, "y": 688.0}, {"x": 883.0, "y": 745.0}, {"x": 387.0, "y": 723.0}]}, "description": "Strawberry Vanilla Y"}, {"boundingPoly": {"vertices": [{"x": 394.0, "y": 792.0}, {"x": 800.0, "y": 801.0}, {"x": 799.0, "y": 858.0}, {"x": 394.0, "y": 850.0}]}, "description": "Breakfast Pastry"}, {"boundingPoly": {"vertices": [{"x": 399.0, "y": 857.0}, {"x": 875.0, "y": 861.0}, {"x": 874.0, "y": 918.0}, {"x": 399.0, "y": 912.0}]}, "description": "1.04 lb \u00d7 $ 6.72/1b"}, {"boundingPoly": {"vertices": [{"x": 399.0, "y": 918.0}, {"x": 902.0, "y": 922.0}, {"x": 901.0, "y": 981.0}, {"x": 398.0, "y": 974.0}]}, "description": "Salad Bar Bkfst - Lg"}, {"boundingPoly": {"vertices": [{"x": 1285.0, "y": 530.0}, {"x": 1349.0, "y": 529.0}, {"x": 1349.0, "y": 574.0}, {"x": 1284.0, "y": 575.0}]}, "description": "USD"}, {"boundingPoly": {"vertices": [{"x": 1266.0, "y": 587.0}, {"x": 1360.0, "y": 586.0}, {"x": 1362.0, "y": 634.0}, {"x": 1267.0, "y": 636.0}]}, "description": "1.05"}, {"boundingPoly": {"vertices": [{"x": 1263.0, "y": 646.0}, {"x": 1357.0, "y": 645.0}, {"x": 1358.0, "y": 693.0}, {"x": 1263.0, "y": 693.0}]}, "description": "1.15"}, {"boundingPoly": {"vertices": [{"x": 1267.0, "y": 704.0}, {"x": 1361.0, "y": 702.0}, {"x": 1363.0, "y": 749.0}, {"x": 1268.0, "y": 750.0}]}, "description": "2.65"}, {"boundingPoly": {"vertices": [{"x": 1279.0, "y": 760.0}, {"x": 1361.0, "y": 758.0}, {"x": 1362.0, "y": 805.0}, {"x": 1280.0, "y": 808.0}]}, "description": "1.65"}, {"boundingPoly": {"vertices": [{"x": 1279.0, "y": 815.0}, {"x": 1357.0, "y": 813.0}, {"x": 1357.0, "y": 861.0}, {"x": 1279.0, "y": 862.0}]}, "description": "1.65"}, {"boundingPoly": {"vertices": [{"x": 382.0, "y": 607.0}, {"x": 861.0, "y": 632.0}, {"x": 857.0, "y": 690.0}, {"x": 382.0, "y": 659.0}]}, "description": "Water Aquafina 20oz"}, {"boundingPoly": {"vertices": [{"x": 389.0, "y": 732.0}, {"x": 792.0, "y": 741.0}, {"x": 790.0, "y": 801.0}, {"x": 387.0, "y": 788.0}]}, "description": "Breakfast Pastry"}, {"boundingPoly": {"vertices": [{"x": 28.0, "y": 672.0}, {"x": 324.0, "y": 671.0}, {"x": 324.0, "y": 711.0}, {"x": 28.0, "y": 711.0}]}, "description": "your asst can try lo"}, {"boundingPoly": {"vertices": [{"x": 78.0, "y": 884.0}, {"x": 320.0, "y": 881.0}, {"x": 321.0, "y": 920.0}, {"x": 78.0, "y": 923.0}]}, "description": "Os 04 Dec-201"}, {"boundingPoly": {"vertices": [{"x": 202.0, "y": 968.0}, {"x": 264.0, "y": 969.0}, {"x": 265.0, "y": 1019.0}, {"x": 203.0, "y": 1018.0}]}, "description": "B"}, {"boundingPoly": {"vertices": [{"x": 1270.0, "y": 930.0}, {"x": 1363.0, "y": 926.0}, {"x": 1363.0, "y": 975.0}, {"x": 1271.0, "y": 977.0}]}, "description": "6.99"}, {"boundingPoly": {"vertices": [{"x": 962.0, "y": 1041.0}, {"x": 1171.0, "y": 1041.0}, {"x": 1171.0, "y": 1094.0}, {"x": 962.0, "y": 1095.0}]}, "description": "Sub Total"}, {"boundingPoly": {"vertices": [{"x": 959.0, "y": 1099.0}, {"x": 1193.0, "y": 1098.0}, {"x": 1193.0, "y": 1150.0}, {"x": 959.0, "y": 1152.0}]}, "description": "Tax Amount"}, {"boundingPoly": {"vertices": [{"x": 1259.0, "y": 1040.0}, {"x": 1373.0, "y": 1039.0}, {"x": 1372.0, "y": 1087.0}, {"x": 1259.0, "y": 1089.0}]}, "description": "15.14"}, {"boundingPoly": {"vertices": [{"x": 1282.0, "y": 1098.0}, {"x": 1369.0, "y": 1094.0}, {"x": 1372.0, "y": 1139.0}, {"x": 1283.0, "y": 1142.0}]}, "description": "1.06"}, {"boundingPoly": {"vertices": [{"x": 386.0, "y": 1275.0}, {"x": 832.0, "y": 1267.0}, {"x": 833.0, "y": 1362.0}, {"x": 388.0, "y": 1370.0}]}, "description": "Total USD"}, {"boundingPoly": {"vertices": [{"x": 1156.0, "y": 1263.0}, {"x": 1381.0, "y": 1254.0}, {"x": 1385.0, "y": 1343.0}, {"x": 1162.0, "y": 1350.0}]}, "description": "16.20"}, {"boundingPoly": {"vertices": [{"x": 391.0, "y": 1550.0}, {"x": 916.0, "y": 1530.0}, {"x": 918.0, "y": 1582.0}, {"x": 393.0, "y": 1603.0}]}, "description": "5009 AMERICAN EXPRESS"}, {"boundingPoly": {"vertices": [{"x": 1281.0, "y": 1512.0}, {"x": 1405.0, "y": 1504.0}, {"x": 1409.0, "y": 1550.0}, {"x": 1286.0, "y": 1560.0}]}, "description": "16.20"}, {"boundingPoly": {"vertices": [{"x": 1557.0, "y": 1662.0}, {"x": 1603.0, "y": 1657.0}, {"x": 1606.0, "y": 1692.0}, {"x": 1559.0, "y": 1697.0}]}, "description": "U"}, {"boundingPoly": {"vertices": [{"x": 92.0, "y": 1710.0}, {"x": 166.0, "y": 1713.0}, {"x": 163.0, "y": 1742.0}, {"x": 89.0, "y": 1739.0}]}, "description": "Tab"}, {"boundingPoly": {"vertices": [{"x": 405.0, "y": 1729.0}, {"x": 486.0, "y": 1726.0}, {"x": 489.0, "y": 1771.0}, {"x": 407.0, "y": 1774.0}]}, "description": "Tax"}, {"boundingPoly": {"vertices": [{"x": 795.0, "y": 1682.0}, {"x": 1153.0, "y": 1682.0}, {"x": 1153.0, "y": 1739.0}, {"x": 795.0, "y": 1739.0}]}, "description": " Taxable Amount"}, {"boundingPoly": {"vertices": [{"x": 1175.0, "y": 1674.0}, {"x": 1417.0, "y": 1674.0}, {"x": 1417.0, "y": 1728.0}, {"x": 1175.0, "y": 1728.0}]}, "description": " Tax Amount"}, {"boundingPoly": {"vertices": [{"x": 1329.0, "y": 1731.0}, {"x": 1420.0, "y": 1729.0}, {"x": 1421.0, "y": 1777.0}, {"x": 1329.0, "y": 1778.0}]}, "description": "1.06"}, {"boundingPoly": {"vertices": [{"x": 415.0, "y": 1783.0}, {"x": 571.0, "y": 1756.0}, {"x": 582.0, "y": 1816.0}, {"x": 425.0, "y": 1845.0}]}, "description": "() 7.00"}, {"boundingPoly": {"vertices": [{"x": 439.0, "y": 1910.0}, {"x": 1435.0, "y": 1910.0}, {"x": 1435.0, "y": 2008.0}, {"x": 439.0, "y": 2008.0}]}, "description": " 11/2/2019 08:42 AM #:20589 Op:3053 C:113"}, {"boundingPoly": {"vertices": [{"x": 664.0, "y": 2031.0}, {"x": 1026.0, "y": 2031.0}, {"x": 1026.0, "y": 2101.0}, {"x": 664.0, "y": 2101.0}]}, "description": " : Maric Leonce"}, {"boundingPoly": {"vertices": [{"x": 1017.0, "y": 1735.0}, {"x": 1138.0, "y": 1731.0}, {"x": 1140.0, "y": 1785.0}, {"x": 1020.0, "y": 1789.0}]}, "description": "15.14"}, {"boundingPoly": {"vertices": [{"x": 54.0, "y": 1887.0}, {"x": 237.0, "y": 1884.0}, {"x": 238.0, "y": 1926.0}, {"x": 54.0, "y": 1930.0}]}, "description": "Caps Lock"}, {"boundingPoly": {"vertices": [{"x": 450.0, "y": 2041.0}, {"x": 659.0, "y": 2041.0}, {"x": 659.0, "y": 2126.0}, {"x": 450.0, "y": 2126.0}]}, "description": " ery you"}, {"boundingPoly": {"vertices": [{"x": 16.0, "y": 2093.0}, {"x": 113.0, "y": 2091.0}, {"x": 114.0, "y": 2129.0}, {"x": 16.0, "y": 2128.0}]}, "description": "Shift"}, {"boundingPoly": {"vertices": [{"x": 6.0, "y": 2321.0}, {"x": 57.0, "y": 2322.0}, {"x": 55.0, "y": 2360.0}, {"x": 4.0, "y": 2358.0}]}, "description": "trl"}, {"boundingPoly": {"vertices": [{"x": 253.0, "y": 2315.0}, {"x": 305.0, "y": 2316.0}, {"x": 302.0, "y": 2348.0}, {"x": 251.0, "y": 2347.0}]}, "description": "Fn"}, {"boundingPoly": {"vertices": [{"x": 593.0, "y": 2290.0}, {"x": 1153.0, "y": 2288.0}, {"x": 1153.0, "y": 2348.0}, {"x": 594.0, "y": 2349.0}]}, "description": "*** Customer copy ***"}, {"boundingPoly": {"vertices": [{"x": 638.0, "y": 2424.0}, {"x": 1124.0, "y": 2420.0}, {"x": 1125.0, "y": 2477.0}, {"x": 638.0, "y": 2483.0}]}, "description": "AMEX Sunrise 937-8"}, {"boundingPoly": {"vertices": [{"x": 413.0, "y": 2500.0}, {"x": 1348.0, "y": 2485.0}, {"x": 1349.0, "y": 2544.0}, {"x": 414.0, "y": 2565.0}]}, "description": "agree to pay the above total amount"}, {"boundingPoly": {"vertices": [{"x": 399.0, "y": 2646.0}, {"x": 1382.0, "y": 2618.0}, {"x": 1383.0, "y": 2682.0}, {"x": 400.0, "y": 2710.0}]}, "description": "eement. (Merchant agreement if Credit"}, {"boundingPoly": {"vertices": [{"x": 764.0, "y": 2786.0}, {"x": 986.0, "y": 2775.0}, {"x": 987.0, "y": 2831.0}, {"x": 764.0, "y": 2843.0}]}, "description": "records."}, {"boundingPoly": {"vertices": [{"x": 541.0, "y": 2569.0}, {"x": 1205.0, "y": 2556.0}, {"x": 1206.0, "y": 2613.0}, {"x": 543.0, "y": 2629.0}]}, "description": "according to card issuer"}, {"boundingPoly": {"vertices": [{"x": 392.0, "y": 2714.0}, {"x": 1303.0, "y": 2695.0}, {"x": 1304.0, "y": 2758.0}, {"x": 394.0, "y": 2784.0}]}, "description": "Voucher)Retain this copy for your"}]}