{"textAnnotations": [{"boundingPoly": {"vertices": [{"x": 943.0, "y": 288.0}, {"x": 1382.0, "y": 295.0}, {"x": 1381.0, "y": 384.0}, {"x": 943.0, "y": 379.0}]}, "description": "merchant name"}, {"boundingPoly": {"vertices": [{"x": 792.0, "y": 435.0}, {"x": 1544.0, "y": 437.0}, {"x": 1544.0, "y": 498.0}, {"x": 791.0, "y": 496.0}]}, "description": "merchant address"}, {"boundingPoly": {"vertices": [{"x": 952.0, "y": 499.0}, {"x": 1058.0, "y": 499.0}, {"x": 1058.0, "y": 555.0}, {"x": 952.0, "y": 555.0}]}, "description": " Tel:"}, {"boundingPoly": {"vertices": [{"x": 927.0, "y": 561.0}, {"x": 1034.0, "y": 561.0}, {"x": 1034.0, "y": 617.0}, {"x": 927.0, "y": 617.0}]}, "description": " ABN:"}, {"boundingPoly": {"vertices": [{"x": 1068.0, "y": 499.0}, {"x": 1377.0, "y": 499.0}, {"x": 1377.0, "y": 557.0}, {"x": 1068.0, "y": 557.0}]}, "description": "merchant phone"}, {"boundingPoly": {"vertices": [{"x": 1045.0, "y": 561.0}, {"x": 1406.0, "y": 561.0}, {"x": 1406.0, "y": 618.0}, {"x": 1045.0, "y": 618.0}]}, "description": " 57 631 603 186"}, {"boundingPoly": {"vertices": [{"x": 1029.0, "y": 683.0}, {"x": 1307.0, "y": 684.0}, {"x": 1307.0, "y": 740.0}, {"x": 1029.0, "y": 739.0}]}, "description": "Tax Invoice"}, {"boundingPoly": {"vertices": [{"x": 844.0, "y": 821.0}, {"x": 1035.0, "y": 823.0}, {"x": 1034.0, "y": 852.0}, {"x": 844.0, "y": 850.0}]}, "description": "========"}, {"boundingPoly": {"vertices": [{"x": 983.0, "y": 870.0}, {"x": 1343.0, "y": 868.0}, {"x": 1344.0, "y": 976.0}, {"x": 984.0, "y": 978.0}]}, "description": "Reprint"}, {"boundingPoly": {"vertices": [{"x": 846.0, "y": 984.0}, {"x": 943.0, "y": 984.0}, {"x": 943.0, "y": 1011.0}, {"x": 846.0, "y": 1011.0}]}, "description": "===="}, {"boundingPoly": {"vertices": [{"x": 566.0, "y": 1093.0}, {"x": 832.0, "y": 1093.0}, {"x": 832.0, "y": 1151.0}, {"x": 566.0, "y": 1151.0}]}, "description": " Order No .:"}, {"boundingPoly": {"vertices": [{"x": 639.0, "y": 1165.0}, {"x": 697.0, "y": 1166.0}, {"x": 696.0, "y": 1196.0}, {"x": 638.0, "y": 1195.0}]}, "description": "=="}, {"boundingPoly": {"vertices": [{"x": 567.0, "y": 1219.0}, {"x": 780.0, "y": 1219.0}, {"x": 780.0, "y": 1273.0}, {"x": 567.0, "y": 1273.0}]}, "description": " Station:"}, {"boundingPoly": {"vertices": [{"x": 569.0, "y": 1274.0}, {"x": 1624.0, "y": 1274.0}, {"x": 1624.0, "y": 1332.0}, {"x": 569.0, "y": 1332.0}]}, "description": " Check Id:40349 Time:12/11/2019 8:47:08 AM"}, {"boundingPoly": {"vertices": [{"x": 842.0, "y": 1091.0}, {"x": 902.0, "y": 1091.0}, {"x": 902.0, "y": 1151.0}, {"x": 842.0, "y": 1151.0}]}, "description": " 31"}, {"boundingPoly": {"vertices": [{"x": 1610.0, "y": 1168.0}, {"x": 1699.0, "y": 1168.0}, {"x": 1699.0, "y": 1196.0}, {"x": 1610.0, "y": 1197.0}]}, "description": "==="}, {"boundingPoly": {"vertices": [{"x": 790.0, "y": 1219.0}, {"x": 889.0, "y": 1219.0}, {"x": 889.0, "y": 1273.0}, {"x": 790.0, "y": 1273.0}]}, "description": " SGO1"}, {"boundingPoly": {"vertices": [{"x": 1100.0, "y": 1217.0}, {"x": 1250.0, "y": 1217.0}, {"x": 1250.0, "y": 1270.0}, {"x": 1100.0, "y": 1270.0}]}, "description": " Staff:"}, {"boundingPoly": {"vertices": [{"x": 1259.0, "y": 1218.0}, {"x": 1400.0, "y": 1218.0}, {"x": 1400.0, "y": 1270.0}, {"x": 1259.0, "y": 1270.0}]}, "description": " Kevin"}, {"boundingPoly": {"vertices": [{"x": 570.0, "y": 1403.0}, {"x": 659.0, "y": 1406.0}, {"x": 656.0, "y": 1457.0}, {"x": 570.0, "y": 1456.0}]}, "description": "QTY"}, {"boundingPoly": {"vertices": [{"x": 720.0, "y": 1403.0}, {"x": 833.0, "y": 1405.0}, {"x": 831.0, "y": 1456.0}, {"x": 720.0, "y": 1455.0}]}, "description": "ITEM"}, {"boundingPoly": {"vertices": [{"x": 1321.0, "y": 1406.0}, {"x": 1354.0, "y": 1410.0}, {"x": 1352.0, "y": 1452.0}, {"x": 1318.0, "y": 1448.0}]}, "description": "$"}, {"boundingPoly": {"vertices": [{"x": 1500.0, "y": 1398.0}, {"x": 1625.0, "y": 1402.0}, {"x": 1626.0, "y": 1453.0}, {"x": 1499.0, "y": 1452.0}]}, "description": "TOTAL"}, {"boundingPoly": {"vertices": [{"x": 719.0, "y": 1529.0}, {"x": 978.0, "y": 1527.0}, {"x": 978.0, "y": 1583.0}, {"x": 719.0, "y": 1585.0}]}, "description": "*Large T/A"}, {"boundingPoly": {"vertices": [{"x": 721.0, "y": 1592.0}, {"x": 976.0, "y": 1591.0}, {"x": 976.0, "y": 1643.0}, {"x": 721.0, "y": 1643.0}]}, "description": "*50c Extra"}, {"boundingPoly": {"vertices": [{"x": 1524.0, "y": 1523.0}, {"x": 1629.0, "y": 1523.0}, {"x": 1627.0, "y": 1577.0}, {"x": 1525.0, "y": 1577.0}]}, "description": "4.10"}, {"boundingPoly": {"vertices": [{"x": 1526.0, "y": 1583.0}, {"x": 1626.0, "y": 1585.0}, {"x": 1628.0, "y": 1637.0}, {"x": 1526.0, "y": 1637.0}]}, "description": "0.50"}, {"boundingPoly": {"vertices": [{"x": 569.0, "y": 1599.0}, {"x": 595.0, "y": 1605.0}, {"x": 594.0, "y": 1634.0}, {"x": 567.0, "y": 1629.0}]}, "description": "1"}, {"boundingPoly": {"vertices": [{"x": 643.0, "y": 1671.0}, {"x": 695.0, "y": 1671.0}, {"x": 694.0, "y": 1695.0}, {"x": 642.0, "y": 1695.0}]}, "description": "--"}, {"boundingPoly": {"vertices": [{"x": 1075.0, "y": 1710.0}, {"x": 1358.0, "y": 1710.0}, {"x": 1358.0, "y": 1769.0}, {"x": 1075.0, "y": 1769.0}]}, "description": " Sub Total:$"}, {"boundingPoly": {"vertices": [{"x": 1529.0, "y": 1711.0}, {"x": 1635.0, "y": 1712.0}, {"x": 1634.0, "y": 1763.0}, {"x": 1530.0, "y": 1762.0}]}, "description": "4.60"}, {"boundingPoly": {"vertices": [{"x": 1356.0, "y": 1850.0}, {"x": 1635.0, "y": 1850.0}, {"x": 1635.0, "y": 1879.0}, {"x": 1356.0, "y": 1878.0}]}, "description": "==========="}, {"boundingPoly": {"vertices": [{"x": 1535.0, "y": 1900.0}, {"x": 1646.0, "y": 1900.0}, {"x": 1644.0, "y": 2001.0}, {"x": 1534.0, "y": 2001.0}]}, "description": "4.60"}, {"boundingPoly": {"vertices": [{"x": 1487.0, "y": 2004.0}, {"x": 1635.0, "y": 2003.0}, {"x": 1636.0, "y": 2063.0}, {"x": 1487.0, "y": 2064.0}]}, "description": "(0.42)"}, {"boundingPoly": {"vertices": [{"x": 1183.0, "y": 1904.0}, {"x": 1365.0, "y": 1904.0}, {"x": 1365.0, "y": 2005.0}, {"x": 1183.0, "y": 2005.0}]}, "description": " TOTAL:$"}, {"boundingPoly": {"vertices": [{"x": 1053.0, "y": 2003.0}, {"x": 1364.0, "y": 2003.0}, {"x": 1364.0, "y": 2068.0}, {"x": 1053.0, "y": 2068.0}]}, "description": " (inc. GST):$"}, {"boundingPoly": {"vertices": [{"x": 1361.0, "y": 2095.0}, {"x": 1420.0, "y": 2093.0}, {"x": 1419.0, "y": 2117.0}, {"x": 1360.0, "y": 2118.0}]}, "description": "=="}, {"boundingPoly": {"vertices": [{"x": 1211.0, "y": 2136.0}, {"x": 1366.0, "y": 2136.0}, {"x": 1366.0, "y": 2198.0}, {"x": 1211.0, "y": 2198.0}]}, "description": " TYRO:$"}, {"boundingPoly": {"vertices": [{"x": 1156.0, "y": 2205.0}, {"x": 1374.0, "y": 2205.0}, {"x": 1374.0, "y": 2267.0}, {"x": 1156.0, "y": 2267.0}]}, "description": " Change:$"}, {"boundingPoly": {"vertices": [{"x": 1547.0, "y": 2139.0}, {"x": 1651.0, "y": 2137.0}, {"x": 1650.0, "y": 2190.0}, {"x": 1546.0, "y": 2192.0}]}, "description": "4.60"}, {"boundingPoly": {"vertices": [{"x": 1544.0, "y": 2203.0}, {"x": 1655.0, "y": 2203.0}, {"x": 1655.0, "y": 2257.0}, {"x": 1544.0, "y": 2257.0}]}, "description": "0.00"}, {"boundingPoly": {"vertices": [{"x": 636.0, "y": 2297.0}, {"x": 778.0, "y": 2294.0}, {"x": 779.0, "y": 2319.0}, {"x": 637.0, "y": 2322.0}]}, "description": "-----."}, {"boundingPoly": {"vertices": [{"x": 809.0, "y": 2402.0}, {"x": 1563.0, "y": 2402.0}, {"x": 1563.0, "y": 2460.0}, {"x": 809.0, "y": 2460.0}]}, "description": " -- SG01 12/11/2019 8:48:06 AM Kevin --"}, {"boundingPoly": {"vertices": [{"x": 748.0, "y": 2477.0}, {"x": 1624.0, "y": 2473.0}, {"x": 1624.0, "y": 2536.0}, {"x": 749.0, "y": 2539.0}]}, "description": "* Indicates GST inclusive item(s)"}, {"boundingPoly": {"vertices": [{"x": 923.0, "y": 2544.0}, {"x": 1459.0, "y": 2543.0}, {"x": 1459.0, "y": 2604.0}, {"x": 924.0, "y": 2607.0}]}, "description": "Thank you for coming"}, {"boundingPoly": {"vertices": [{"x": 961.0, "y": 2610.0}, {"x": 1415.0, "y": 2608.0}, {"x": 1415.0, "y": 2669.0}, {"x": 962.0, "y": 2672.0}]}, "description": "Have a lovely day"}]}