{"textAnnotations": [{"boundingPoly": {"vertices": [{"x": 245.0, "y": 36.0}, {"x": 598.0, "y": 65.0}, {"x": 596.0, "y": 86.0}, {"x": 243.0, "y": 60.0}]}, "description": "merchant name"}, {"boundingPoly": {"vertices": [{"x": 282.0, "y": 110.0}, {"x": 560.0, "y": 122.0}, {"x": 559.0, "y": 145.0}, {"x": 281.0, "y": 134.0}]}, "description": "merchant phone"}, {"boundingPoly": {"vertices": [{"x": 251.0, "y": 59.0}, {"x": 589.0, "y": 83.0}, {"x": 587.0, "y": 104.0}, {"x": 250.0, "y": 85.0}]}, "description": "merchant address"}, {"boundingPoly": {"vertices": [{"x": 188.0, "y": 77.0}, {"x": 649.0, "y": 99.0}, {"x": 648.0, "y": 123.0}, {"x": 187.0, "y": 107.0}]}, "description": "merchant address"}, {"boundingPoly": {"vertices": [{"x": 282.0, "y": 181.0}, {"x": 538.0, "y": 185.0}, {"x": 537.0, "y": 227.0}, {"x": 281.0, "y": 222.0}]}, "description": "Phone Orders"}, {"boundingPoly": {"vertices": [{"x": 94.0, "y": 314.0}, {"x": 252.0, "y": 314.0}, {"x": 252.0, "y": 344.0}, {"x": 94.0, "y": 344.0}]}, "description": " Server:"}, {"boundingPoly": {"vertices": [{"x": 269.0, "y": 318.0}, {"x": 540.0, "y": 318.0}, {"x": 540.0, "y": 347.0}, {"x": 269.0, "y": 347.0}]}, "description": " PM CASHIER P"}, {"boundingPoly": {"vertices": [{"x": 325.0, "y": 345.0}, {"x": 690.0, "y": 345.0}, {"x": 690.0, "y": 375.0}, {"x": 325.0, "y": 375.0}]}, "description": " 10/30/19 6:50 PM"}, {"boundingPoly": {"vertices": [{"x": 80.0, "y": 368.0}, {"x": 286.0, "y": 369.0}, {"x": 286.0, "y": 396.0}, {"x": 80.0, "y": 394.0}]}, "description": "Check #94"}, {"boundingPoly": {"vertices": [{"x": 154.0, "y": 441.0}, {"x": 409.0, "y": 437.0}, {"x": 410.0, "y": 465.0}, {"x": 155.0, "y": 469.0}]}, "description": "Half and Half"}, {"boundingPoly": {"vertices": [{"x": 156.0, "y": 471.0}, {"x": 353.0, "y": 469.0}, {"x": 353.0, "y": 494.0}, {"x": 156.0, "y": 497.0}]}, "description": "Brown Rice"}, {"boundingPoly": {"vertices": [{"x": 134.0, "y": 527.0}, {"x": 292.0, "y": 526.0}, {"x": 292.0, "y": 552.0}, {"x": 134.0, "y": 553.0}]}, "description": "Subtotal"}, {"boundingPoly": {"vertices": [{"x": 139.0, "y": 558.0}, {"x": 199.0, "y": 557.0}, {"x": 198.0, "y": 582.0}, {"x": 140.0, "y": 581.0}]}, "description": "Tax"}, {"boundingPoly": {"vertices": [{"x": 140.0, "y": 585.0}, {"x": 199.0, "y": 585.0}, {"x": 197.0, "y": 611.0}, {"x": 140.0, "y": 610.0}]}, "description": "Tip"}, {"boundingPoly": {"vertices": [{"x": 141.0, "y": 613.0}, {"x": 234.0, "y": 612.0}, {"x": 235.0, "y": 639.0}, {"x": 141.0, "y": 640.0}]}, "description": "Total"}, {"boundingPoly": {"vertices": [{"x": 530.0, "y": 522.0}, {"x": 649.0, "y": 519.0}, {"x": 650.0, "y": 546.0}, {"x": 531.0, "y": 548.0}]}, "description": "$34.97"}, {"boundingPoly": {"vertices": [{"x": 550.0, "y": 549.0}, {"x": 647.0, "y": 548.0}, {"x": 648.0, "y": 575.0}, {"x": 550.0, "y": 576.0}]}, "description": "$2.71"}, {"boundingPoly": {"vertices": [{"x": 550.0, "y": 579.0}, {"x": 652.0, "y": 577.0}, {"x": 653.0, "y": 603.0}, {"x": 550.0, "y": 605.0}]}, "description": "$5.25"}, {"boundingPoly": {"vertices": [{"x": 533.0, "y": 607.0}, {"x": 655.0, "y": 606.0}, {"x": 655.0, "y": 632.0}, {"x": 533.0, "y": 634.0}]}, "description": "$42.93"}, {"boundingPoly": {"vertices": [{"x": 135.0, "y": 665.0}, {"x": 331.0, "y": 664.0}, {"x": 332.0, "y": 689.0}, {"x": 135.0, "y": 691.0}]}, "description": "Input Type"}, {"boundingPoly": {"vertices": [{"x": 313.0, "y": 686.0}, {"x": 661.0, "y": 686.0}, {"x": 661.0, "y": 713.0}, {"x": 314.0, "y": 714.0}]}, "description": "C (EMV Chip Read)"}, {"boundingPoly": {"vertices": [{"x": 117.0, "y": 717.0}, {"x": 453.0, "y": 715.0}, {"x": 453.0, "y": 742.0}, {"x": 117.0, "y": 744.0}]}, "description": "AMERICAN EXPRESS"}, {"boundingPoly": {"vertices": [{"x": 415.0, "y": 748.0}, {"x": 668.0, "y": 745.0}, {"x": 668.0, "y": 771.0}, {"x": 415.0, "y": 774.0}]}, "description": "xxxxxxxx3000"}, {"boundingPoly": {"vertices": [{"x": 524.0, "y": 776.0}, {"x": 674.0, "y": 776.0}, {"x": 674.0, "y": 805.0}, {"x": 524.0, "y": 805.0}]}, "description": " 7:10 PM"}, {"boundingPoly": {"vertices": [{"x": 115.0, "y": 776.0}, {"x": 200.0, "y": 779.0}, {"x": 200.0, "y": 806.0}, {"x": 115.0, "y": 805.0}]}, "description": "Time"}, {"boundingPoly": {"vertices": [{"x": 111.0, "y": 842.0}, {"x": 454.0, "y": 842.0}, {"x": 453.0, "y": 873.0}, {"x": 110.0, "y": 871.0}]}, "description": "Transaction Type"}, {"boundingPoly": {"vertices": [{"x": 107.0, "y": 874.0}, {"x": 389.0, "y": 876.0}, {"x": 389.0, "y": 905.0}, {"x": 107.0, "y": 903.0}]}, "description": "Authorization"}, {"boundingPoly": {"vertices": [{"x": 107.0, "y": 908.0}, {"x": 389.0, "y": 907.0}, {"x": 389.0, "y": 936.0}, {"x": 107.0, "y": 937.0}]}, "description": "Approval Code"}, {"boundingPoly": {"vertices": [{"x": 106.0, "y": 939.0}, {"x": 323.0, "y": 938.0}, {"x": 323.0, "y": 968.0}, {"x": 106.0, "y": 969.0}]}, "description": "Payment ID"}, {"boundingPoly": {"vertices": [{"x": 105.0, "y": 971.0}, {"x": 408.0, "y": 971.0}, {"x": 408.0, "y": 1002.0}, {"x": 105.0, "y": 1003.0}]}, "description": "Application ID"}, {"boundingPoly": {"vertices": [{"x": 331.0, "y": 1004.0}, {"x": 674.0, "y": 1003.0}, {"x": 674.0, "y": 1032.0}, {"x": 331.0, "y": 1033.0}]}, "description": "A000000025010801"}, {"boundingPoly": {"vertices": [{"x": 105.0, "y": 1036.0}, {"x": 472.0, "y": 1035.0}, {"x": 472.0, "y": 1066.0}, {"x": 105.0, "y": 1068.0}]}, "description": "Application Label"}, {"boundingPoly": {"vertices": [{"x": 587.0, "y": 841.0}, {"x": 675.0, "y": 841.0}, {"x": 675.0, "y": 868.0}, {"x": 587.0, "y": 869.0}]}, "description": "Sale"}, {"boundingPoly": {"vertices": [{"x": 502.0, "y": 876.0}, {"x": 676.0, "y": 874.0}, {"x": 677.0, "y": 904.0}, {"x": 502.0, "y": 906.0}]}, "description": "Approved"}, {"boundingPoly": {"vertices": [{"x": 546.0, "y": 907.0}, {"x": 678.0, "y": 906.0}, {"x": 679.0, "y": 934.0}, {"x": 546.0, "y": 935.0}]}, "description": "882518"}, {"boundingPoly": {"vertices": [{"x": 413.0, "y": 940.0}, {"x": 680.0, "y": 938.0}, {"x": 680.0, "y": 969.0}, {"x": 413.0, "y": 970.0}]}, "description": "Xg99qwPfqpHM"}, {"boundingPoly": {"vertices": [{"x": 327.0, "y": 1067.0}, {"x": 679.0, "y": 1064.0}, {"x": 679.0, "y": 1093.0}, {"x": 327.0, "y": 1095.0}]}, "description": "AMERICAN EXPRESS"}, {"boundingPoly": {"vertices": [{"x": 109.0, "y": 1098.0}, {"x": 347.0, "y": 1097.0}, {"x": 348.0, "y": 1123.0}, {"x": 110.0, "y": 1126.0}]}, "description": "Terminal ID"}, {"boundingPoly": {"vertices": [{"x": 332.0, "y": 1125.0}, {"x": 676.0, "y": 1123.0}, {"x": 677.0, "y": 1149.0}, {"x": 332.0, "y": 1152.0}]}, "description": "3fa6f1f57f7b1404"}]}