{"textAnnotations": [{"boundingPoly": {"vertices": [{"x": 215.0, "y": 37.0}, {"x": 402.0, "y": 23.0}, {"x": 404.0, "y": 48.0}, {"x": 217.0, "y": 61.0}]}, "description": "---"}, {"boundingPoly": {"vertices": [{"x": 119.0, "y": 151.0}, {"x": 408.0, "y": 127.0}, {"x": 410.0, "y": 151.0}, {"x": 121.0, "y": 176.0}]}, "description": "-----"}, {"boundingPoly": {"vertices": [{"x": 664.0, "y": 141.0}, {"x": 1536.0, "y": 54.0}, {"x": 1551.0, "y": 223.0}, {"x": 672.0, "y": 304.0}]}, "description": "merchant name"}, {"boundingPoly": {"vertices": [{"x": 742.0, "y": 525.0}, {"x": 1437.0, "y": 458.0}, {"x": 1443.0, "y": 524.0}, {"x": 748.0, "y": 596.0}]}, "description": "merchant name"}, {"boundingPoly": {"vertices": [{"x": 667.0, "y": 665.0}, {"x": 934.0, "y": 665.0}, {"x": 934.0, "y": 736.0}, {"x": 667.0, "y": 736.0}]}, "description": " Jasmine J"}, {"boundingPoly": {"vertices": [{"x": 446.0, "y": 749.0}, {"x": 730.0, "y": 741.0}, {"x": 732.0, "y": 802.0}, {"x": 448.0, "y": 809.0}]}, "description": "Check #315"}, {"boundingPoly": {"vertices": [{"x": 2091.0, "y": 145.0}, {"x": 2174.0, "y": 141.0}, {"x": 2175.0, "y": 166.0}, {"x": 2092.0, "y": 171.0}]}, "description": "-"}, {"boundingPoly": {"vertices": [{"x": 788.0, "y": 347.0}, {"x": 1418.0, "y": 281.0}, {"x": 1424.0, "y": 334.0}, {"x": 792.0, "y": 398.0}]}, "description": "CREATIVE SALAD CO."}, {"boundingPoly": {"vertices": [{"x": 1545.0, "y": 598.0}, {"x": 1807.0, "y": 582.0}, {"x": 1811.0, "y": 653.0}, {"x": 1549.0, "y": 666.0}]}, "description": "11/08/19"}, {"boundingPoly": {"vertices": [{"x": 1551.0, "y": 665.0}, {"x": 1812.0, "y": 665.0}, {"x": 1812.0, "y": 747.0}, {"x": 1551.0, "y": 747.0}]}, "description": " 12:19 PM"}, {"boundingPoly": {"vertices": [{"x": 442.0, "y": 675.0}, {"x": 656.0, "y": 675.0}, {"x": 656.0, "y": 739.0}, {"x": 442.0, "y": 739.0}]}, "description": " Server:"}, {"boundingPoly": {"vertices": [{"x": 421.0, "y": 950.0}, {"x": 908.0, "y": 950.0}, {"x": 908.0, "y": 1012.0}, {"x": 421.0, "y": 1012.0}]}, "description": "Palm Beach Salad"}, {"boundingPoly": {"vertices": [{"x": 452.0, "y": 1018.0}, {"x": 941.0, "y": 1020.0}, {"x": 940.0, "y": 1084.0}, {"x": 451.0, "y": 1080.0}]}, "description": "Grilled Chicken$"}, {"boundingPoly": {"vertices": [{"x": 427.0, "y": 1092.0}, {"x": 1023.0, "y": 1090.0}, {"x": 1023.0, "y": 1152.0}, {"x": 427.0, "y": 1155.0}]}, "description": "Customer Craft Salad"}, {"boundingPoly": {"vertices": [{"x": 454.0, "y": 1163.0}, {"x": 1262.0, "y": 1160.0}, {"x": 1262.0, "y": 1224.0}, {"x": 454.0, "y": 1227.0}]}, "description": "Chopt Note Premium Chopping"}, {"boundingPoly": {"vertices": [{"x": 453.0, "y": 1240.0}, {"x": 666.0, "y": 1237.0}, {"x": 667.0, "y": 1296.0}, {"x": 453.0, "y": 1300.0}]}, "description": "Avocado"}, {"boundingPoly": {"vertices": [{"x": 452.0, "y": 1308.0}, {"x": 928.0, "y": 1303.0}, {"x": 928.0, "y": 1371.0}, {"x": 453.0, "y": 1374.0}]}, "description": "Chickpea Falafel"}, {"boundingPoly": {"vertices": [{"x": 424.0, "y": 1380.0}, {"x": 1110.0, "y": 1375.0}, {"x": 1110.0, "y": 1441.0}, {"x": 424.0, "y": 1446.0}]}, "description": "Chicken Tinga Warm Bowl"}, {"boundingPoly": {"vertices": [{"x": 449.0, "y": 1456.0}, {"x": 778.0, "y": 1455.0}, {"x": 779.0, "y": 1517.0}, {"x": 449.0, "y": 1518.0}]}, "description": "Warm Grains"}, {"boundingPoly": {"vertices": [{"x": 1643.0, "y": 911.0}, {"x": 1808.0, "y": 903.0}, {"x": 1812.0, "y": 967.0}, {"x": 1647.0, "y": 978.0}]}, "description": "$9.79"}, {"boundingPoly": {"vertices": [{"x": 1643.0, "y": 987.0}, {"x": 1813.0, "y": 978.0}, {"x": 1814.0, "y": 1039.0}, {"x": 1645.0, "y": 1050.0}]}, "description": "$2.00"}, {"boundingPoly": {"vertices": [{"x": 1644.0, "y": 1066.0}, {"x": 1809.0, "y": 1058.0}, {"x": 1812.0, "y": 1117.0}, {"x": 1647.0, "y": 1128.0}]}, "description": "$9.79"}, {"boundingPoly": {"vertices": [{"x": 1646.0, "y": 1145.0}, {"x": 1815.0, "y": 1134.0}, {"x": 1820.0, "y": 1195.0}, {"x": 1650.0, "y": 1205.0}]}, "description": "$0.99"}, {"boundingPoly": {"vertices": [{"x": 1646.0, "y": 1218.0}, {"x": 1815.0, "y": 1213.0}, {"x": 1815.0, "y": 1273.0}, {"x": 1648.0, "y": 1280.0}]}, "description": "$1.99"}, {"boundingPoly": {"vertices": [{"x": 1650.0, "y": 1293.0}, {"x": 1814.0, "y": 1287.0}, {"x": 1816.0, "y": 1348.0}, {"x": 1650.0, "y": 1358.0}]}, "description": "$1.99"}, {"boundingPoly": {"vertices": [{"x": 1615.0, "y": 1370.0}, {"x": 1820.0, "y": 1366.0}, {"x": 1821.0, "y": 1431.0}, {"x": 1616.0, "y": 1436.0}]}, "description": "$11.49"}, {"boundingPoly": {"vertices": [{"x": 431.0, "y": 1600.0}, {"x": 663.0, "y": 1600.0}, {"x": 663.0, "y": 1652.0}, {"x": 431.0, "y": 1652.0}]}, "description": "Subtotal"}, {"boundingPoly": {"vertices": [{"x": 443.0, "y": 1666.0}, {"x": 535.0, "y": 1666.0}, {"x": 533.0, "y": 1719.0}, {"x": 443.0, "y": 1720.0}]}, "description": "Tax"}, {"boundingPoly": {"vertices": [{"x": 449.0, "y": 1727.0}, {"x": 589.0, "y": 1730.0}, {"x": 588.0, "y": 1791.0}, {"x": 448.0, "y": 1783.0}]}, "description": "Total"}, {"boundingPoly": {"vertices": [{"x": 1623.0, "y": 1592.0}, {"x": 1827.0, "y": 1593.0}, {"x": 1827.0, "y": 1657.0}, {"x": 1623.0, "y": 1656.0}]}, "description": "$38.04"}, {"boundingPoly": {"vertices": [{"x": 1644.0, "y": 1666.0}, {"x": 1818.0, "y": 1665.0}, {"x": 1819.0, "y": 1728.0}, {"x": 1646.0, "y": 1728.0}]}, "description": "$3.38"}, {"boundingPoly": {"vertices": [{"x": 1620.0, "y": 1740.0}, {"x": 1817.0, "y": 1741.0}, {"x": 1817.0, "y": 1807.0}, {"x": 1620.0, "y": 1805.0}]}, "description": "$41.42"}, {"boundingPoly": {"vertices": [{"x": 461.0, "y": 1864.0}, {"x": 772.0, "y": 1871.0}, {"x": 771.0, "y": 1932.0}, {"x": 461.0, "y": 1924.0}]}, "description": "Credit Card"}, {"boundingPoly": {"vertices": [{"x": 471.0, "y": 1936.0}, {"x": 582.0, "y": 1939.0}, {"x": 581.0, "y": 1989.0}, {"x": 469.0, "y": 1986.0}]}, "description": "Amex"}, {"boundingPoly": {"vertices": [{"x": 1623.0, "y": 1884.0}, {"x": 1808.0, "y": 1886.0}, {"x": 1805.0, "y": 1948.0}, {"x": 1623.0, "y": 1950.0}]}, "description": "Swiped"}, {"boundingPoly": {"vertices": [{"x": 1430.0, "y": 1963.0}, {"x": 1808.0, "y": 1954.0}, {"x": 1810.0, "y": 2016.0}, {"x": 1431.0, "y": 2020.0}]}, "description": "xxxxxxxx3003"}, {"boundingPoly": {"vertices": [{"x": 479.0, "y": 2065.0}, {"x": 912.0, "y": 2096.0}, {"x": 907.0, "y": 2162.0}, {"x": 475.0, "y": 2131.0}]}, "description": "Transaction Type"}, {"boundingPoly": {"vertices": [{"x": 459.0, "y": 2216.0}, {"x": 827.0, "y": 2234.0}, {"x": 824.0, "y": 2294.0}, {"x": 456.0, "y": 2275.0}]}, "description": "Approval Code"}, {"boundingPoly": {"vertices": [{"x": 460.0, "y": 2348.0}, {"x": 775.0, "y": 2357.0}, {"x": 773.0, "y": 2415.0}, {"x": 459.0, "y": 2406.0}]}, "description": "Merchant ID"}, {"boundingPoly": {"vertices": [{"x": 447.0, "y": 2416.0}, {"x": 776.0, "y": 2426.0}, {"x": 773.0, "y": 2489.0}, {"x": 445.0, "y": 2478.0}]}, "description": "Card Reader"}, {"boundingPoly": {"vertices": [{"x": 479.0, "y": 2139.0}, {"x": 827.0, "y": 2166.0}, {"x": 822.0, "y": 2228.0}, {"x": 474.0, "y": 2201.0}]}, "description": "Authorization"}, {"boundingPoly": {"vertices": [{"x": 461.0, "y": 2283.0}, {"x": 741.0, "y": 2298.0}, {"x": 739.0, "y": 2354.0}, {"x": 458.0, "y": 2341.0}]}, "description": "Payment ID"}, {"boundingPoly": {"vertices": [{"x": 1679.0, "y": 2100.0}, {"x": 1805.0, "y": 2101.0}, {"x": 1801.0, "y": 2160.0}, {"x": 1678.0, "y": 2162.0}]}, "description": "Sale"}, {"boundingPoly": {"vertices": [{"x": 1557.0, "y": 2175.0}, {"x": 1809.0, "y": 2174.0}, {"x": 1809.0, "y": 2231.0}, {"x": 1557.0, "y": 2234.0}]}, "description": "Approved"}, {"boundingPoly": {"vertices": [{"x": 1620.0, "y": 2240.0}, {"x": 1801.0, "y": 2240.0}, {"x": 1802.0, "y": 2298.0}, {"x": 1620.0, "y": 2298.0}]}, "description": "549211"}, {"boundingPoly": {"vertices": [{"x": 1430.0, "y": 2310.0}, {"x": 1803.0, "y": 2309.0}, {"x": 1803.0, "y": 2369.0}, {"x": 1430.0, "y": 2370.0}]}, "description": "RossCfRqFgsX"}, {"boundingPoly": {"vertices": [{"x": 1529.0, "y": 2377.0}, {"x": 1798.0, "y": 2377.0}, {"x": 1798.0, "y": 2437.0}, {"x": 1529.0, "y": 2435.0}]}, "description": "032656371"}, {"boundingPoly": {"vertices": [{"x": 1372.0, "y": 2441.0}, {"x": 1802.0, "y": 2447.0}, {"x": 1801.0, "y": 2506.0}, {"x": 1372.0, "y": 2498.0}]}, "description": "MAGTEK_DYNAMAG"}, {"boundingPoly": {"vertices": [{"x": 727.0, "y": 2581.0}, {"x": 916.0, "y": 2579.0}, {"x": 917.0, "y": 2640.0}, {"x": 727.0, "y": 2643.0}]}, "description": "Amount"}, {"boundingPoly": {"vertices": [{"x": 1620.0, "y": 2585.0}, {"x": 1809.0, "y": 2587.0}, {"x": 1808.0, "y": 2656.0}, {"x": 1619.0, "y": 2655.0}]}, "description": "$41.42"}]}