{"textAnnotations": [{"boundingPoly": {"vertices": [{"x": 632.0, "y": 108.0}, {"x": 1272.0, "y": 112.0}, {"x": 1271.0, "y": 216.0}, {"x": 631.0, "y": 209.0}]}, "description": "Arubabanke"}, {"boundingPoly": {"vertices": [{"x": 649.0, "y": 316.0}, {"x": 892.0, "y": 316.0}, {"x": 892.0, "y": 385.0}, {"x": 649.0, "y": 385.0}]}, "description": "merchant name"}, {"boundingPoly": {"vertices": [{"x": 932.0, "y": 333.0}, {"x": 975.0, "y": 333.0}, {"x": 975.0, "y": 389.0}, {"x": 932.0, "y": 389.0}]}, "description": "merchant name"}, {"boundingPoly": {"vertices": [{"x": 959.0, "y": 427.0}, {"x": 1154.0, "y": 437.0}, {"x": 1151.0, "y": 484.0}, {"x": 958.0, "y": 473.0}]}, "description": "merchant address"}, {"boundingPoly": {"vertices": [{"x": 915.0, "y": 511.0}, {"x": 1390.0, "y": 499.0}, {"x": 1392.0, "y": 565.0}, {"x": 916.0, "y": 573.0}]}, "description": "merchant phone"}, {"boundingPoly": {"vertices": [{"x": 1312.0, "y": 602.0}, {"x": 1481.0, "y": 587.0}, {"x": 1482.0, "y": 629.0}, {"x": 1317.0, "y": 646.0}]}, "description": "76153279"}, {"boundingPoly": {"vertices": [{"x": 1010.0, "y": 315.0}, {"x": 1396.0, "y": 315.0}, {"x": 1396.0, "y": 390.0}, {"x": 1010.0, "y": 390.0}]}, "description": "merchant name"}, {"boundingPoly": {"vertices": [{"x": 1438.0, "y": 308.0}, {"x": 1464.0, "y": 308.0}, {"x": 1464.0, "y": 367.0}, {"x": 1438.0, "y": 367.0}]}, "description": "merchant name"}, {"boundingPoly": {"vertices": [{"x": 623.0, "y": 350.0}, {"x": 1466.0, "y": 355.0}, {"x": 1466.0, "y": 434.0}, {"x": 623.0, "y": 430.0}]}, "description": "merchant address"}, {"boundingPoly": {"vertices": [{"x": 957.0, "y": 473.0}, {"x": 1158.0, "y": 484.0}, {"x": 1155.0, "y": 531.0}, {"x": 957.0, "y": 523.0}]}, "description": "merchant address"}, {"boundingPoly": {"vertices": [{"x": 724.0, "y": 499.0}, {"x": 893.0, "y": 499.0}, {"x": 893.0, "y": 557.0}, {"x": 724.0, "y": 557.0}]}, "description": " TEL:"}, {"boundingPoly": {"vertices": [{"x": 639.0, "y": 590.0}, {"x": 877.0, "y": 590.0}, {"x": 877.0, "y": 644.0}, {"x": 639.0, "y": 644.0}]}, "description": " TERMINAL ID."}, {"boundingPoly": {"vertices": [{"x": 882.0, "y": 602.0}, {"x": 908.0, "y": 602.0}, {"x": 908.0, "y": 646.0}, {"x": 882.0, "y": 646.0}]}, "description": " :"}, {"boundingPoly": {"vertices": [{"x": 633.0, "y": 638.0}, {"x": 878.0, "y": 638.0}, {"x": 878.0, "y": 687.0}, {"x": 633.0, "y": 687.0}]}, "description": " MERCHANT #:"}, {"boundingPoly": {"vertices": [{"x": 1231.0, "y": 662.0}, {"x": 1475.0, "y": 637.0}, {"x": 1480.0, "y": 678.0}, {"x": 1236.0, "y": 706.0}]}, "description": "000853570981"}, {"boundingPoly": {"vertices": [{"x": 1417.0, "y": 735.0}, {"x": 1486.0, "y": 735.0}, {"x": 1486.0, "y": 781.0}, {"x": 1417.0, "y": 781.0}]}, "description": " 201"}, {"boundingPoly": {"vertices": [{"x": 1396.0, "y": 791.0}, {"x": 1487.0, "y": 785.0}, {"x": 1490.0, "y": 819.0}, {"x": 1399.0, "y": 825.0}]}, "description": "CHIP"}, {"boundingPoly": {"vertices": [{"x": 640.0, "y": 734.0}, {"x": 811.0, "y": 739.0}, {"x": 809.0, "y": 783.0}, {"x": 638.0, "y": 778.0}]}, "description": "AMEX"}, {"boundingPoly": {"vertices": [{"x": 638.0, "y": 785.0}, {"x": 976.0, "y": 804.0}, {"x": 973.0, "y": 842.0}, {"x": 638.0, "y": 820.0}]}, "description": "************ 1001"}, {"boundingPoly": {"vertices": [{"x": 638.0, "y": 879.0}, {"x": 781.0, "y": 879.0}, {"x": 781.0, "y": 930.0}, {"x": 638.0, "y": 930.0}]}, "description": " BATCH:"}, {"boundingPoly": {"vertices": [{"x": 642.0, "y": 928.0}, {"x": 963.0, "y": 946.0}, {"x": 960.0, "y": 991.0}, {"x": 642.0, "y": 972.0}]}, "description": "NOV 12,"}, {"boundingPoly": {"vertices": [{"x": 870.0, "y": 993.0}, {"x": 1197.0, "y": 993.0}, {"x": 1197.0, "y": 1050.0}, {"x": 870.0, "y": 1050.0}]}, "description": " AMERICAN EXPRESS"}, {"boundingPoly": {"vertices": [{"x": 644.0, "y": 1079.0}, {"x": 946.0, "y": 1079.0}, {"x": 946.0, "y": 1137.0}, {"x": 644.0, "y": 1137.0}]}, "description": " TVR:0000008000"}, {"boundingPoly": {"vertices": [{"x": 647.0, "y": 1180.0}, {"x": 747.0, "y": 1180.0}, {"x": 747.0, "y": 1229.0}, {"x": 647.0, "y": 1229.0}]}, "description": " RRN:"}, {"boundingPoly": {"vertices": [{"x": 657.0, "y": 1231.0}, {"x": 1110.0, "y": 1231.0}, {"x": 1110.0, "y": 1285.0}, {"x": 657.0, "y": 1285.0}]}, "description": " TRAN SEQ #:"}, {"boundingPoly": {"vertices": [{"x": 1344.0, "y": 741.0}, {"x": 1412.0, "y": 741.0}, {"x": 1412.0, "y": 791.0}, {"x": 1344.0, "y": 791.0}]}, "description": " TBL:"}, {"boundingPoly": {"vertices": [{"x": 639.0, "y": 829.0}, {"x": 975.0, "y": 847.0}, {"x": 972.0, "y": 896.0}, {"x": 637.0, "y": 875.0}]}, "description": "EMV SALE"}, {"boundingPoly": {"vertices": [{"x": 787.0, "y": 888.0}, {"x": 926.0, "y": 888.0}, {"x": 926.0, "y": 939.0}, {"x": 787.0, "y": 939.0}]}, "description": " 000615"}, {"boundingPoly": {"vertices": [{"x": 643.0, "y": 980.0}, {"x": 862.0, "y": 980.0}, {"x": 862.0, "y": 1034.0}, {"x": 643.0, "y": 1034.0}]}, "description": " APP LABEL:"}, {"boundingPoly": {"vertices": [{"x": 644.0, "y": 1032.0}, {"x": 719.0, "y": 1032.0}, {"x": 719.0, "y": 1076.0}, {"x": 644.0, "y": 1076.0}]}, "description": " AID:"}, {"boundingPoly": {"vertices": [{"x": 963.0, "y": 948.0}, {"x": 1059.0, "y": 952.0}, {"x": 1056.0, "y": 995.0}, {"x": 961.0, "y": 989.0}]}, "description": "19"}, {"boundingPoly": {"vertices": [{"x": 1058.0, "y": 902.0}, {"x": 1214.0, "y": 902.0}, {"x": 1214.0, "y": 952.0}, {"x": 1058.0, "y": 952.0}]}, "description": " INV:"}, {"boundingPoly": {"vertices": [{"x": 1246.0, "y": 880.0}, {"x": 1491.0, "y": 880.0}, {"x": 1491.0, "y": 944.0}, {"x": 1246.0, "y": 944.0}]}, "description": " 027997"}, {"boundingPoly": {"vertices": [{"x": 1290.0, "y": 924.0}, {"x": 1493.0, "y": 924.0}, {"x": 1493.0, "y": 988.0}, {"x": 1290.0, "y": 988.0}]}, "description": " 18:55"}, {"boundingPoly": {"vertices": [{"x": 726.0, "y": 1035.0}, {"x": 1058.0, "y": 1035.0}, {"x": 1058.0, "y": 1095.0}, {"x": 726.0, "y": 1095.0}]}, "description": " A000000025010801"}, {"boundingPoly": {"vertices": [{"x": 650.0, "y": 1129.0}, {"x": 822.0, "y": 1129.0}, {"x": 822.0, "y": 1181.0}, {"x": 650.0, "y": 1181.0}]}, "description": " TSI:F800"}, {"boundingPoly": {"vertices": [{"x": 753.0, "y": 1185.0}, {"x": 1224.0, "y": 1185.0}, {"x": 1224.0, "y": 1239.0}, {"x": 753.0, "y": 1239.0}]}, "description": " 931623202599 AUTH:"}, {"boundingPoly": {"vertices": [{"x": 1256.0, "y": 1172.0}, {"x": 1500.0, "y": 1172.0}, {"x": 1500.0, "y": 1235.0}, {"x": 1256.0, "y": 1235.0}]}, "description": " 896911"}, {"boundingPoly": {"vertices": [{"x": 1140.0, "y": 1230.0}, {"x": 1382.0, "y": 1230.0}, {"x": 1382.0, "y": 1285.0}, {"x": 1140.0, "y": 1285.0}]}, "description": " 008415"}, {"boundingPoly": {"vertices": [{"x": 656.0, "y": 1336.0}, {"x": 979.0, "y": 1336.0}, {"x": 979.0, "y": 1386.0}, {"x": 656.0, "y": 1386.0}]}, "description": " TRANSACTION ID:"}, {"boundingPoly": {"vertices": [{"x": 987.0, "y": 1337.0}, {"x": 1286.0, "y": 1337.0}, {"x": 1286.0, "y": 1386.0}, {"x": 987.0, "y": 1386.0}]}, "description": " 007724246674772"}, {"boundingPoly": {"vertices": [{"x": 1142.0, "y": 1438.0}, {"x": 1512.0, "y": 1417.0}, {"x": 1513.0, "y": 1464.0}, {"x": 1143.0, "y": 1485.0}]}, "description": "USD 47.00"}, {"boundingPoly": {"vertices": [{"x": 654.0, "y": 1433.0}, {"x": 994.0, "y": 1435.0}, {"x": 994.0, "y": 1483.0}, {"x": 653.0, "y": 1482.0}]}, "description": "SALE AMT"}, {"boundingPoly": {"vertices": [{"x": 667.0, "y": 1594.0}, {"x": 795.0, "y": 1592.0}, {"x": 796.0, "y": 1636.0}, {"x": 669.0, "y": 1639.0}]}, "description": "TIP"}, {"boundingPoly": {"vertices": [{"x": 1109.0, "y": 1587.0}, {"x": 1235.0, "y": 1585.0}, {"x": 1237.0, "y": 1630.0}, {"x": 1110.0, "y": 1632.0}]}, "description": "USD."}, {"boundingPoly": {"vertices": [{"x": 670.0, "y": 1750.0}, {"x": 884.0, "y": 1744.0}, {"x": 886.0, "y": 1794.0}, {"x": 671.0, "y": 1800.0}]}, "description": "TOTAL"}, {"boundingPoly": {"vertices": [{"x": 1114.0, "y": 1738.0}, {"x": 1235.0, "y": 1737.0}, {"x": 1236.0, "y": 1776.0}, {"x": 1114.0, "y": 1777.0}]}, "description": "USD"}, {"boundingPoly": {"vertices": [{"x": 662.0, "y": 1864.0}, {"x": 990.0, "y": 1847.0}, {"x": 991.0, "y": 1892.0}, {"x": 664.0, "y": 1910.0}]}, "description": "APPROVAL 896911"}, {"boundingPoly": {"vertices": [{"x": 1004.0, "y": 1951.0}, {"x": 1186.0, "y": 1937.0}, {"x": 1187.0, "y": 1982.0}, {"x": 1006.0, "y": 1995.0}]}, "description": "TIP GUIDE"}, {"boundingPoly": {"vertices": [{"x": 688.0, "y": 2018.0}, {"x": 1495.0, "y": 1991.0}, {"x": 1497.0, "y": 2040.0}, {"x": 690.0, "y": 2078.0}]}, "description": "15%=USD 7.05 20%=USD 9.40 25%=USD 11.75"}, {"boundingPoly": {"vertices": [{"x": 676.0, "y": 2427.0}, {"x": 706.0, "y": 2427.0}, {"x": 704.0, "y": 2468.0}, {"x": 673.0, "y": 2467.0}]}, "description": "X"}, {"boundingPoly": {"vertices": [{"x": 765.0, "y": 2445.0}, {"x": 1446.0, "y": 2411.0}, {"x": 1450.0, "y": 2474.0}, {"x": 769.0, "y": 2521.0}]}, "description": "I AGREE TO PAY ABOVE TOTAL AMOUNT"}, {"boundingPoly": {"vertices": [{"x": 756.0, "y": 2499.0}, {"x": 1466.0, "y": 2461.0}, {"x": 1472.0, "y": 2530.0}, {"x": 760.0, "y": 2578.0}]}, "description": "ACCORDING TO CARD ISSUER AGREEMENT"}, {"boundingPoly": {"vertices": [{"x": 735.0, "y": 2552.0}, {"x": 1499.0, "y": 2516.0}, {"x": 1502.0, "y": 2587.0}, {"x": 739.0, "y": 2633.0}]}, "description": "MERCHANT AGREEMENT IF CREDIT VOUCHER"}, {"boundingPoly": {"vertices": [{"x": 983.0, "y": 2816.0}, {"x": 1258.0, "y": 2778.0}, {"x": 1265.0, "y": 2825.0}, {"x": 990.0, "y": 2863.0}]}, "description": "MERCHANT COPY"}]}