{"textAnnotations": [{"boundingPoly": {"vertices": [{"x": 860.0, "y": 363.0}, {"x": 1260.0, "y": 366.0}, {"x": 1259.0, "y": 435.0}, {"x": 860.0, "y": 429.0}]}, "description": "merchant name"}, {"boundingPoly": {"vertices": [{"x": 819.0, "y": 485.0}, {"x": 1297.0, "y": 484.0}, {"x": 1297.0, "y": 548.0}, {"x": 819.0, "y": 549.0}]}, "description": "merchant address"}, {"boundingPoly": {"vertices": [{"x": 861.0, "y": 582.0}, {"x": 1258.0, "y": 581.0}, {"x": 1259.0, "y": 641.0}, {"x": 861.0, "y": 643.0}]}, "description": "merchant address"}, {"boundingPoly": {"vertices": [{"x": 757.0, "y": 649.0}, {"x": 1344.0, "y": 646.0}, {"x": 1344.0, "y": 705.0}, {"x": 758.0, "y": 708.0}]}, "description": "merchant address"}, {"boundingPoly": {"vertices": [{"x": 837.0, "y": 718.0}, {"x": 1276.0, "y": 714.0}, {"x": 1276.0, "y": 773.0}, {"x": 838.0, "y": 780.0}]}, "description": "merchant phone"}, {"boundingPoly": {"vertices": [{"x": 686.0, "y": 925.0}, {"x": 861.0, "y": 927.0}, {"x": 860.0, "y": 982.0}, {"x": 685.0, "y": 981.0}]}, "description": "Date"}, {"boundingPoly": {"vertices": [{"x": 624.0, "y": 992.0}, {"x": 837.0, "y": 998.0}, {"x": 836.0, "y": 1054.0}, {"x": 623.0, "y": 1050.0}]}, "description": "Server"}, {"boundingPoly": {"vertices": [{"x": 572.0, "y": 1064.0}, {"x": 858.0, "y": 1064.0}, {"x": 858.0, "y": 1123.0}, {"x": 572.0, "y": 1122.0}]}, "description": "Check #"}, {"boundingPoly": {"vertices": [{"x": 653.0, "y": 1136.0}, {"x": 840.0, "y": 1137.0}, {"x": 840.0, "y": 1197.0}, {"x": 652.0, "y": 1196.0}]}, "description": "Label"}, {"boundingPoly": {"vertices": [{"x": 579.0, "y": 1211.0}, {"x": 837.0, "y": 1212.0}, {"x": 836.0, "y": 1270.0}, {"x": 578.0, "y": 1269.0}]}, "description": "# Guest"}, {"boundingPoly": {"vertices": [{"x": 476.0, "y": 1280.0}, {"x": 866.0, "y": 1283.0}, {"x": 866.0, "y": 1349.0}, {"x": 476.0, "y": 1347.0}]}, "description": "Order Type"}, {"boundingPoly": {"vertices": [{"x": 880.0, "y": 922.0}, {"x": 1377.0, "y": 922.0}, {"x": 1377.0, "y": 985.0}, {"x": 880.0, "y": 985.0}]}, "description": " 8/30/19, 5:44 PM"}, {"boundingPoly": {"vertices": [{"x": 883.0, "y": 995.0}, {"x": 1167.0, "y": 994.0}, {"x": 1167.0, "y": 1054.0}, {"x": 883.0, "y": 1055.0}]}, "description": "Daniela S"}, {"boundingPoly": {"vertices": [{"x": 864.0, "y": 1068.0}, {"x": 1034.0, "y": 1068.0}, {"x": 1034.0, "y": 1123.0}, {"x": 864.0, "y": 1122.0}]}, "description": "9428"}, {"boundingPoly": {"vertices": [{"x": 884.0, "y": 1216.0}, {"x": 918.0, "y": 1218.0}, {"x": 919.0, "y": 1269.0}, {"x": 885.0, "y": 1267.0}]}, "description": "1"}, {"boundingPoly": {"vertices": [{"x": 871.0, "y": 1280.0}, {"x": 1121.0, "y": 1280.0}, {"x": 1121.0, "y": 1342.0}, {"x": 871.0, "y": 1343.0}]}, "description": "Takeout"}, {"boundingPoly": {"vertices": [{"x": 339.0, "y": 1424.0}, {"x": 552.0, "y": 1424.0}, {"x": 553.0, "y": 1488.0}, {"x": 339.0, "y": 1489.0}]}, "description": "ITEMS"}, {"boundingPoly": {"vertices": [{"x": 337.0, "y": 1515.0}, {"x": 997.0, "y": 1514.0}, {"x": 997.0, "y": 1586.0}, {"x": 337.0, "y": 1587.0}]}, "description": "Coconut Tiger Shrimp"}, {"boundingPoly": {"vertices": [{"x": 335.0, "y": 1592.0}, {"x": 1044.0, "y": 1594.0}, {"x": 1043.0, "y": 1658.0}, {"x": 335.0, "y": 1656.0}]}, "description": "Blood Orange Lemon ..."}, {"boundingPoly": {"vertices": [{"x": 386.0, "y": 1668.0}, {"x": 781.0, "y": 1666.0}, {"x": 782.0, "y": 1738.0}, {"x": 386.0, "y": 1740.0}]}, "description": "Large (24oz)"}, {"boundingPoly": {"vertices": [{"x": 1171.0, "y": 1422.0}, {"x": 1306.0, "y": 1423.0}, {"x": 1307.0, "y": 1483.0}, {"x": 1171.0, "y": 1484.0}]}, "description": "QTY"}, {"boundingPoly": {"vertices": [{"x": 1259.0, "y": 1521.0}, {"x": 1295.0, "y": 1522.0}, {"x": 1294.0, "y": 1567.0}, {"x": 1258.0, "y": 1565.0}]}, "description": "1"}, {"boundingPoly": {"vertices": [{"x": 1563.0, "y": 1422.0}, {"x": 1770.0, "y": 1423.0}, {"x": 1770.0, "y": 1486.0}, {"x": 1563.0, "y": 1486.0}]}, "description": "PRICE"}, {"boundingPoly": {"vertices": [{"x": 1570.0, "y": 1513.0}, {"x": 1769.0, "y": 1513.0}, {"x": 1769.0, "y": 1572.0}, {"x": 1570.0, "y": 1573.0}]}, "description": "$11.50"}, {"boundingPoly": {"vertices": [{"x": 1603.0, "y": 1591.0}, {"x": 1773.0, "y": 1589.0}, {"x": 1775.0, "y": 1646.0}, {"x": 1605.0, "y": 1653.0}]}, "description": "$3.95"}, {"boundingPoly": {"vertices": [{"x": 1040.0, "y": 1897.0}, {"x": 1292.0, "y": 1898.0}, {"x": 1292.0, "y": 1957.0}, {"x": 1040.0, "y": 1956.0}]}, "description": "Subtotal"}, {"boundingPoly": {"vertices": [{"x": 1185.0, "y": 1976.0}, {"x": 1298.0, "y": 1977.0}, {"x": 1296.0, "y": 2036.0}, {"x": 1186.0, "y": 2036.0}]}, "description": "Tax"}, {"boundingPoly": {"vertices": [{"x": 1146.0, "y": 2052.0}, {"x": 1293.0, "y": 2055.0}, {"x": 1291.0, "y": 2116.0}, {"x": 1147.0, "y": 2115.0}]}, "description": "Total"}, {"boundingPoly": {"vertices": [{"x": 1575.0, "y": 1894.0}, {"x": 1787.0, "y": 1894.0}, {"x": 1786.0, "y": 1962.0}, {"x": 1575.0, "y": 1961.0}]}, "description": "$15.45"}, {"boundingPoly": {"vertices": [{"x": 1615.0, "y": 1972.0}, {"x": 1792.0, "y": 1973.0}, {"x": 1788.0, "y": 2033.0}, {"x": 1614.0, "y": 2035.0}]}, "description": "$1.37"}, {"boundingPoly": {"vertices": [{"x": 1579.0, "y": 2052.0}, {"x": 1801.0, "y": 2051.0}, {"x": 1802.0, "y": 2117.0}, {"x": 1579.0, "y": 2118.0}]}, "description": "$16.82"}, {"boundingPoly": {"vertices": [{"x": 874.0, "y": 2218.0}, {"x": 1294.0, "y": 2218.0}, {"x": 1294.0, "y": 2283.0}, {"x": 875.0, "y": 2284.0}]}, "description": "Balance Due"}, {"boundingPoly": {"vertices": [{"x": 1626.0, "y": 2214.0}, {"x": 1804.0, "y": 2212.0}, {"x": 1806.0, "y": 2278.0}, {"x": 1630.0, "y": 2284.0}]}, "description": "$0.00"}, {"boundingPoly": {"vertices": [{"x": 310.0, "y": 2379.0}, {"x": 692.0, "y": 2379.0}, {"x": 692.0, "y": 2444.0}, {"x": 310.0, "y": 2443.0}]}, "description": "PAYMENTS"}, {"boundingPoly": {"vertices": [{"x": 317.0, "y": 2480.0}, {"x": 672.0, "y": 2477.0}, {"x": 673.0, "y": 2540.0}, {"x": 317.0, "y": 2543.0}]}, "description": "Amex-2008"}, {"boundingPoly": {"vertices": [{"x": 1189.0, "y": 2379.0}, {"x": 1302.0, "y": 2374.0}, {"x": 1304.0, "y": 2440.0}, {"x": 1191.0, "y": 2443.0}]}, "description": "TIP"}, {"boundingPoly": {"vertices": [{"x": 1581.0, "y": 2373.0}, {"x": 1806.0, "y": 2374.0}, {"x": 1806.0, "y": 2440.0}, {"x": 1581.0, "y": 2440.0}]}, "description": "TOTAL"}, {"boundingPoly": {"vertices": [{"x": 1588.0, "y": 2473.0}, {"x": 1812.0, "y": 2470.0}, {"x": 1813.0, "y": 2534.0}, {"x": 1588.0, "y": 2537.0}]}, "description": "$16.82"}]}