{"textAnnotations": [{"boundingPoly": {"vertices": [{"x": 267.0, "y": 51.0}, {"x": 332.0, "y": 50.0}, {"x": 332.0, "y": 80.0}, {"x": 267.0, "y": 81.0}]}, "description": "Esc"}, {"boundingPoly": {"vertices": [{"x": 478.0, "y": 28.0}, {"x": 528.0, "y": 28.0}, {"x": 528.0, "y": 60.0}, {"x": 478.0, "y": 60.0}]}, "description": "F1"}, {"boundingPoly": {"vertices": [{"x": 709.0, "y": 127.0}, {"x": 759.0, "y": 127.0}, {"x": 758.0, "y": 161.0}, {"x": 707.0, "y": 162.0}]}, "description": "@"}, {"boundingPoly": {"vertices": [{"x": 938.0, "y": 98.0}, {"x": 982.0, "y": 96.0}, {"x": 984.0, "y": 138.0}, {"x": 939.0, "y": 140.0}]}, "description": "#"}, {"boundingPoly": {"vertices": [{"x": 1157.0, "y": 80.0}, {"x": 1197.0, "y": 75.0}, {"x": 1201.0, "y": 117.0}, {"x": 1161.0, "y": 122.0}]}, "description": "$"}, {"boundingPoly": {"vertices": [{"x": 1380.0, "y": 57.0}, {"x": 1430.0, "y": 54.0}, {"x": 1436.0, "y": 100.0}, {"x": 1386.0, "y": 102.0}]}, "description": "%"}, {"boundingPoly": {"vertices": [{"x": 1393.0, "y": 113.0}, {"x": 1436.0, "y": 112.0}, {"x": 1439.0, "y": 157.0}, {"x": 1395.0, "y": 158.0}]}, "description": "5"}, {"boundingPoly": {"vertices": [{"x": 1483.0, "y": 119.0}, {"x": 1519.0, "y": 111.0}, {"x": 1522.0, "y": 150.0}, {"x": 1486.0, "y": 159.0}]}, "description": "E"}, {"boundingPoly": {"vertices": [{"x": 1623.0, "y": 100.0}, {"x": 1661.0, "y": 100.0}, {"x": 1664.0, "y": 142.0}, {"x": 1625.0, "y": 142.0}]}, "description": "6"}, {"boundingPoly": {"vertices": [{"x": 1847.0, "y": 80.0}, {"x": 1883.0, "y": 79.0}, {"x": 1881.0, "y": 124.0}, {"x": 1846.0, "y": 125.0}]}, "description": "7"}, {"boundingPoly": {"vertices": [{"x": 2073.0, "y": 64.0}, {"x": 2110.0, "y": 64.0}, {"x": 2112.0, "y": 101.0}, {"x": 2075.0, "y": 102.0}]}, "description": "8"}, {"boundingPoly": {"vertices": [{"x": 1291.0, "y": 244.0}, {"x": 1343.0, "y": 242.0}, {"x": 1345.0, "y": 299.0}, {"x": 1293.0, "y": 301.0}]}, "description": "R"}, {"boundingPoly": {"vertices": [{"x": 1523.0, "y": 223.0}, {"x": 1572.0, "y": 217.0}, {"x": 1574.0, "y": 271.0}, {"x": 1525.0, "y": 277.0}]}, "description": "T"}, {"boundingPoly": {"vertices": [{"x": 1749.0, "y": 200.0}, {"x": 1801.0, "y": 200.0}, {"x": 1802.0, "y": 247.0}, {"x": 1750.0, "y": 247.0}]}, "description": "Y"}, {"boundingPoly": {"vertices": [{"x": 1980.0, "y": 181.0}, {"x": 2044.0, "y": 181.0}, {"x": 2043.0, "y": 234.0}, {"x": 1980.0, "y": 234.0}]}, "description": "U"}, {"boundingPoly": {"vertices": [{"x": 2036.0, "y": 217.0}, {"x": 2069.0, "y": 214.0}, {"x": 2072.0, "y": 251.0}, {"x": 2038.0, "y": 255.0}]}, "description": "4"}, {"boundingPoly": {"vertices": [{"x": 511.0, "y": 315.0}, {"x": 793.0, "y": 315.0}, {"x": 793.0, "y": 361.0}, {"x": 511.0, "y": 361.0}]}, "description": " Thank You For"}, {"boundingPoly": {"vertices": [{"x": 450.0, "y": 403.0}, {"x": 1104.0, "y": 385.0}, {"x": 1105.0, "y": 427.0}, {"x": 451.0, "y": 445.0}]}, "description": "merchant address"}, {"boundingPoly": {"vertices": [{"x": 806.0, "y": 468.0}, {"x": 1000.0, "y": 468.0}, {"x": 1000.0, "y": 517.0}, {"x": 806.0, "y": 517.0}]}, "description": " Feedback!"}, {"boundingPoly": {"vertices": [{"x": 800.0, "y": 313.0}, {"x": 1057.0, "y": 313.0}, {"x": 1057.0, "y": 357.0}, {"x": 800.0, "y": 357.0}]}, "description": " Visiting the"}, {"boundingPoly": {"vertices": [{"x": 297.0, "y": 350.0}, {"x": 290.0, "y": 432.0}, {"x": 256.0, "y": 431.0}, {"x": 261.0, "y": 349.0}]}, "description": "FET"}, {"boundingPoly": {"vertices": [{"x": 475.0, "y": 359.0}, {"x": 1089.0, "y": 348.0}, {"x": 1090.0, "y": 387.0}, {"x": 476.0, "y": 402.0}]}, "description": "merchant name"}, {"boundingPoly": {"vertices": [{"x": 599.0, "y": 438.0}, {"x": 927.0, "y": 426.0}, {"x": 928.0, "y": 468.0}, {"x": 599.0, "y": 480.0}]}, "description": "merchant phone"}, {"boundingPoly": {"vertices": [{"x": 520.0, "y": 525.0}, {"x": 1018.0, "y": 510.0}, {"x": 1019.0, "y": 555.0}, {"x": 521.0, "y": 571.0}]}, "description": "Text @LTF41042 to 73940"}, {"boundingPoly": {"vertices": [{"x": 521.0, "y": 619.0}, {"x": 1002.0, "y": 602.0}, {"x": 1005.0, "y": 684.0}, {"x": 523.0, "y": 701.0}]}, "description": "Order # 289"}, {"boundingPoly": {"vertices": [{"x": 537.0, "y": 743.0}, {"x": 762.0, "y": 743.0}, {"x": 762.0, "y": 795.0}, {"x": 537.0, "y": 795.0}]}, "description": " Cappuccino"}, {"boundingPoly": {"vertices": [{"x": 1359.0, "y": 435.0}, {"x": 1407.0, "y": 432.0}, {"x": 1409.0, "y": 481.0}, {"x": 1360.0, "y": 484.0}]}, "description": "F"}, {"boundingPoly": {"vertices": [{"x": 1600.0, "y": 414.0}, {"x": 1650.0, "y": 414.0}, {"x": 1651.0, "y": 457.0}, {"x": 1602.0, "y": 458.0}]}, "description": "G"}, {"boundingPoly": {"vertices": [{"x": 1835.0, "y": 383.0}, {"x": 1892.0, "y": 381.0}, {"x": 1894.0, "y": 435.0}, {"x": 1836.0, "y": 437.0}]}, "description": "H"}, {"boundingPoly": {"vertices": [{"x": 534.0, "y": 474.0}, {"x": 797.0, "y": 474.0}, {"x": 797.0, "y": 526.0}, {"x": 534.0, "y": 526.0}]}, "description": " We Love Your"}, {"boundingPoly": {"vertices": [{"x": 1749.0, "y": 608.0}, {"x": 1803.0, "y": 606.0}, {"x": 1806.0, "y": 659.0}, {"x": 1751.0, "y": 661.0}]}, "description": "B"}, {"boundingPoly": {"vertices": [{"x": 1990.0, "y": 587.0}, {"x": 2053.0, "y": 582.0}, {"x": 2058.0, "y": 638.0}, {"x": 1994.0, "y": 643.0}]}, "description": "N"}, {"boundingPoly": {"vertices": [{"x": 2221.0, "y": 571.0}, {"x": 2277.0, "y": 568.0}, {"x": 2277.0, "y": 615.0}, {"x": 2222.0, "y": 619.0}]}, "description": "N"}, {"boundingPoly": {"vertices": [{"x": 1499.0, "y": 629.0}, {"x": 1557.0, "y": 625.0}, {"x": 1558.0, "y": 668.0}, {"x": 1500.0, "y": 672.0}]}, "description": "V"}, {"boundingPoly": {"vertices": [{"x": 1143.0, "y": 679.0}, {"x": 1214.0, "y": 678.0}, {"x": 1214.0, "y": 722.0}, {"x": 1142.0, "y": 723.0}]}, "description": "USD"}, {"boundingPoly": {"vertices": [{"x": 1130.0, "y": 733.0}, {"x": 1224.0, "y": 731.0}, {"x": 1223.0, "y": 770.0}, {"x": 1129.0, "y": 773.0}]}, "description": "2.40"}, {"boundingPoly": {"vertices": [{"x": 1262.0, "y": 650.0}, {"x": 1320.0, "y": 649.0}, {"x": 1322.0, "y": 704.0}, {"x": 1264.0, "y": 705.0}]}, "description": "C"}, {"boundingPoly": {"vertices": [{"x": 329.0, "y": 748.0}, {"x": 528.0, "y": 748.0}, {"x": 528.0, "y": 799.0}, {"x": 329.0, "y": 799.0}]}, "description": " Starbucks"}, {"boundingPoly": {"vertices": [{"x": 814.0, "y": 838.0}, {"x": 1016.0, "y": 829.0}, {"x": 1018.0, "y": 875.0}, {"x": 815.0, "y": 884.0}]}, "description": "Sub Total"}, {"boundingPoly": {"vertices": [{"x": 1128.0, "y": 829.0}, {"x": 1222.0, "y": 828.0}, {"x": 1222.0, "y": 868.0}, {"x": 1129.0, "y": 869.0}]}, "description": "2.40"}, {"boundingPoly": {"vertices": [{"x": 1125.0, "y": 876.0}, {"x": 1217.0, "y": 872.0}, {"x": 1219.0, "y": 918.0}, {"x": 1125.0, "y": 920.0}]}, "description": "0.17"}, {"boundingPoly": {"vertices": [{"x": 814.0, "y": 886.0}, {"x": 1045.0, "y": 879.0}, {"x": 1046.0, "y": 927.0}, {"x": 815.0, "y": 935.0}]}, "description": "Tax Amount"}, {"boundingPoly": {"vertices": [{"x": 259.0, "y": 1027.0}, {"x": 684.0, "y": 1027.0}, {"x": 684.0, "y": 1129.0}, {"x": 259.0, "y": 1129.0}]}, "description": "Total USD"}, {"boundingPoly": {"vertices": [{"x": 1027.0, "y": 1031.0}, {"x": 1219.0, "y": 1027.0}, {"x": 1219.0, "y": 1112.0}, {"x": 1027.0, "y": 1115.0}]}, "description": "2.57"}, {"boundingPoly": {"vertices": [{"x": 234.0, "y": 1276.0}, {"x": 456.0, "y": 1279.0}, {"x": 456.0, "y": 1329.0}, {"x": 233.0, "y": 1326.0}]}, "description": "5008 AMEX"}, {"boundingPoly": {"vertices": [{"x": 1125.0, "y": 1273.0}, {"x": 1218.0, "y": 1273.0}, {"x": 1219.0, "y": 1321.0}, {"x": 1124.0, "y": 1320.0}]}, "description": "2.57"}, {"boundingPoly": {"vertices": [{"x": 233.0, "y": 1449.0}, {"x": 310.0, "y": 1452.0}, {"x": 307.0, "y": 1498.0}, {"x": 230.0, "y": 1495.0}]}, "description": "Tax"}, {"boundingPoly": {"vertices": [{"x": 225.0, "y": 1498.0}, {"x": 392.0, "y": 1498.0}, {"x": 392.0, "y": 1541.0}, {"x": 225.0, "y": 1542.0}]}, "description": "1) 7.00"}, {"boundingPoly": {"vertices": [{"x": 607.0, "y": 1442.0}, {"x": 957.0, "y": 1442.0}, {"x": 957.0, "y": 1497.0}, {"x": 607.0, "y": 1497.0}]}, "description": " Taxable Amount"}, {"boundingPoly": {"vertices": [{"x": 840.0, "y": 1500.0}, {"x": 937.0, "y": 1500.0}, {"x": 937.0, "y": 1535.0}, {"x": 839.0, "y": 1536.0}]}, "description": "2.40"}, {"boundingPoly": {"vertices": [{"x": 978.0, "y": 1437.0}, {"x": 1218.0, "y": 1437.0}, {"x": 1218.0, "y": 1494.0}, {"x": 978.0, "y": 1494.0}]}, "description": " Tax Amount"}, {"boundingPoly": {"vertices": [{"x": 1126.0, "y": 1499.0}, {"x": 1221.0, "y": 1497.0}, {"x": 1221.0, "y": 1536.0}, {"x": 1124.0, "y": 1538.0}]}, "description": "0.17"}, {"boundingPoly": {"vertices": [{"x": 153.0, "y": 1580.0}, {"x": 1056.0, "y": 1580.0}, {"x": 1056.0, "y": 1627.0}, {"x": 153.0, "y": 1627.0}]}, "description": " 11/20/2019 01:48 PM #:50656 Op:3055"}, {"boundingPoly": {"vertices": [{"x": 280.0, "y": 1625.0}, {"x": 390.0, "y": 1625.0}, {"x": 390.0, "y": 1671.0}, {"x": 280.0, "y": 1671.0}]}, "description": " 1132"}, {"boundingPoly": {"vertices": [{"x": 101.0, "y": 1673.0}, {"x": 376.0, "y": 1673.0}, {"x": 376.0, "y": 1721.0}, {"x": 101.0, "y": 1721.0}]}, "description": " Served you"}, {"boundingPoly": {"vertices": [{"x": 124.0, "y": 1624.0}, {"x": 271.0, "y": 1624.0}, {"x": 271.0, "y": 1671.0}, {"x": 124.0, "y": 1671.0}]}, "description": " 221 S:"}, {"boundingPoly": {"vertices": [{"x": 1084.0, "y": 1583.0}, {"x": 1138.0, "y": 1583.0}, {"x": 1138.0, "y": 1622.0}, {"x": 1084.0, "y": 1622.0}]}, "description": " C:"}, {"boundingPoly": {"vertices": [{"x": 1144.0, "y": 1583.0}, {"x": 1221.0, "y": 1583.0}, {"x": 1221.0, "y": 1622.0}, {"x": 1144.0, "y": 1622.0}]}, "description": " 113"}, {"boundingPoly": {"vertices": [{"x": 389.0, "y": 1666.0}, {"x": 740.0, "y": 1666.0}, {"x": 740.0, "y": 1721.0}, {"x": 389.0, "y": 1721.0}]}, "description": " : Maribel Cuc"}, {"boundingPoly": {"vertices": [{"x": 64.0, "y": 1781.0}, {"x": 330.0, "y": 1781.0}, {"x": 330.0, "y": 1841.0}, {"x": 64.0, "y": 1841.0}]}, "description": " Reprint #"}, {"boundingPoly": {"vertices": [{"x": 338.0, "y": 1780.0}, {"x": 369.0, "y": 1780.0}, {"x": 369.0, "y": 1840.0}, {"x": 338.0, "y": 1840.0}]}, "description": " 1"}, {"boundingPoly": {"vertices": [{"x": 269.0, "y": 1980.0}, {"x": 874.0, "y": 1976.0}, {"x": 875.0, "y": 2038.0}, {"x": 269.0, "y": 2041.0}]}, "description": "*** Customer copy ***"}, {"boundingPoly": {"vertices": [{"x": 285.0, "y": 2122.0}, {"x": 834.0, "y": 2119.0}, {"x": 834.0, "y": 2185.0}, {"x": 285.0, "y": 2188.0}]}, "description": "AMEX Sunrise 937-11"}, {"boundingPoly": {"vertices": [{"x": 12.0, "y": 2268.0}, {"x": 543.0, "y": 2269.0}, {"x": 543.0, "y": 2336.0}, {"x": 12.0, "y": 2333.0}]}, "description": "PURCHASE / APPROVED"}, {"boundingPoly": {"vertices": [{"x": 16.0, "y": 2346.0}, {"x": 117.0, "y": 2346.0}, {"x": 118.0, "y": 2399.0}, {"x": 17.0, "y": 2398.0}]}, "description": "AMEX"}, {"boundingPoly": {"vertices": [{"x": 9.0, "y": 2412.0}, {"x": 435.0, "y": 2412.0}, {"x": 435.0, "y": 2467.0}, {"x": 9.0, "y": 2466.0}]}, "description": "*********** 5000"}, {"boundingPoly": {"vertices": [{"x": 13.0, "y": 2474.0}, {"x": 587.0, "y": 2478.0}, {"x": 586.0, "y": 2539.0}, {"x": 13.0, "y": 2535.0}]}, "description": "CONTACTLESS / No CVM"}, {"boundingPoly": {"vertices": [{"x": 23.0, "y": 2603.0}, {"x": 562.0, "y": 2603.0}, {"x": 562.0, "y": 2668.0}, {"x": 23.0, "y": 2668.0}]}, "description": " 2019/11/20 13:48:41"}, {"boundingPoly": {"vertices": [{"x": 37.0, "y": 2664.0}, {"x": 125.0, "y": 2666.0}, {"x": 124.0, "y": 2716.0}, {"x": 37.0, "y": 2714.0}]}, "description": "TID"}, {"boundingPoly": {"vertices": [{"x": 46.0, "y": 2725.0}, {"x": 132.0, "y": 2725.0}, {"x": 133.0, "y": 2770.0}, {"x": 47.0, "y": 2768.0}]}, "description": "MID"}, {"boundingPoly": {"vertices": [{"x": 58.0, "y": 2780.0}, {"x": 310.0, "y": 2781.0}, {"x": 309.0, "y": 2829.0}, {"x": 58.0, "y": 2828.0}]}, "description": "REFERENCE"}, {"boundingPoly": {"vertices": [{"x": 73.0, "y": 2829.0}, {"x": 317.0, "y": 2834.0}, {"x": 316.0, "y": 2882.0}, {"x": 72.0, "y": 2876.0}]}, "description": "AUTH CODE"}, {"boundingPoly": {"vertices": [{"x": 933.0, "y": 2679.0}, {"x": 1170.0, "y": 2679.0}, {"x": 1169.0, "y": 2730.0}, {"x": 932.0, "y": 2727.0}]}, "description": "**** 5738"}, {"boundingPoly": {"vertices": [{"x": 966.0, "y": 2739.0}, {"x": 1172.0, "y": 2741.0}, {"x": 1171.0, "y": 2791.0}, {"x": 966.0, "y": 2789.0}]}, "description": "6634461"}, {"boundingPoly": {"vertices": [{"x": 464.0, "y": 2786.0}, {"x": 1176.0, "y": 2798.0}, {"x": 1175.0, "y": 2849.0}, {"x": 464.0, "y": 2838.0}]}, "description": "S1132T113221#50656@311486"}, {"boundingPoly": {"vertices": [{"x": 1008.0, "y": 2852.0}, {"x": 1182.0, "y": 2857.0}, {"x": 1180.0, "y": 2904.0}, {"x": 1007.0, "y": 2899.0}]}, "description": "532740"}]}