{"textAnnotations": [{"boundingPoly": {"vertices": [{"x": 824.0, "y": 376.0}, {"x": 1089.0, "y": 376.0}, {"x": 1089.0, "y": 424.0}, {"x": 824.0, "y": 423.0}]}, "description": "merchant name"}, {"boundingPoly": {"vertices": [{"x": 763.0, "y": 427.0}, {"x": 1181.0, "y": 432.0}, {"x": 1180.0, "y": 480.0}, {"x": 762.0, "y": 475.0}]}, "description": "merchant name"}, {"boundingPoly": {"vertices": [{"x": 560.0, "y": 482.0}, {"x": 1343.0, "y": 482.0}, {"x": 1343.0, "y": 535.0}, {"x": 560.0, "y": 535.0}]}, "description": "merchant address"}, {"boundingPoly": {"vertices": [{"x": 1352.0, "y": 483.0}, {"x": 1387.0, "y": 483.0}, {"x": 1387.0, "y": 535.0}, {"x": 1352.0, "y": 535.0}]}, "description": "merchant address"}, {"boundingPoly": {"vertices": [{"x": 500.0, "y": 591.0}, {"x": 856.0, "y": 591.0}, {"x": 856.0, "y": 642.0}, {"x": 500.0, "y": 641.0}]}, "description": "230 Mohammed"}, {"boundingPoly": {"vertices": [{"x": 499.0, "y": 698.0}, {"x": 725.0, "y": 700.0}, {"x": 725.0, "y": 749.0}, {"x": 499.0, "y": 748.0}]}, "description": "2292"}, {"boundingPoly": {"vertices": [{"x": 796.0, "y": 700.0}, {"x": 1267.0, "y": 700.0}, {"x": 1267.0, "y": 749.0}, {"x": 796.0, "y": 749.0}]}, "description": " NOV12'19 12:51PM"}, {"boundingPoly": {"vertices": [{"x": 921.0, "y": 766.0}, {"x": 1007.0, "y": 766.0}, {"x": 1007.0, "y": 790.0}, {"x": 921.0, "y": 790.0}]}, "description": "-- -"}, {"boundingPoly": {"vertices": [{"x": 643.0, "y": 813.0}, {"x": 826.0, "y": 812.0}, {"x": 826.0, "y": 858.0}, {"x": 643.0, "y": 860.0}]}, "description": "Market"}, {"boundingPoly": {"vertices": [{"x": 623.0, "y": 865.0}, {"x": 949.0, "y": 865.0}, {"x": 949.0, "y": 914.0}, {"x": 623.0, "y": 914.0}]}, "description": " Think Lemon"}, {"boundingPoly": {"vertices": [{"x": 616.0, "y": 919.0}, {"x": 1037.0, "y": 919.0}, {"x": 1037.0, "y": 974.0}, {"x": 616.0, "y": 974.0}]}, "description": " SEAPT EdmSpicy"}, {"boundingPoly": {"vertices": [{"x": 570.0, "y": 868.0}, {"x": 604.0, "y": 868.0}, {"x": 604.0, "y": 910.0}, {"x": 570.0, "y": 910.0}]}, "description": " 1"}, {"boundingPoly": {"vertices": [{"x": 566.0, "y": 919.0}, {"x": 606.0, "y": 919.0}, {"x": 606.0, "y": 963.0}, {"x": 566.0, "y": 963.0}]}, "description": " 1"}, {"boundingPoly": {"vertices": [{"x": 1241.0, "y": 866.0}, {"x": 1356.0, "y": 867.0}, {"x": 1355.0, "y": 917.0}, {"x": 1242.0, "y": 916.0}]}, "description": "3.79"}, {"boundingPoly": {"vertices": [{"x": 1240.0, "y": 921.0}, {"x": 1354.0, "y": 922.0}, {"x": 1355.0, "y": 966.0}, {"x": 1240.0, "y": 967.0}]}, "description": "2.49"}, {"boundingPoly": {"vertices": [{"x": 627.0, "y": 1027.0}, {"x": 743.0, "y": 1027.0}, {"x": 741.0, "y": 1071.0}, {"x": 626.0, "y": 1069.0}]}, "description": "FOOD"}, {"boundingPoly": {"vertices": [{"x": 623.0, "y": 1082.0}, {"x": 893.0, "y": 1085.0}, {"x": 892.0, "y": 1131.0}, {"x": 623.0, "y": 1128.0}]}, "description": "Sales Tax"}, {"boundingPoly": {"vertices": [{"x": 621.0, "y": 1136.0}, {"x": 949.0, "y": 1136.0}, {"x": 949.0, "y": 1182.0}, {"x": 621.0, "y": 1184.0}]}, "description": "AMOUNT PAID"}, {"boundingPoly": {"vertices": [{"x": 621.0, "y": 1189.0}, {"x": 1067.0, "y": 1189.0}, {"x": 1067.0, "y": 1237.0}, {"x": 621.0, "y": 1237.0}]}, "description": "XXXXXXXXXXX1005"}, {"boundingPoly": {"vertices": [{"x": 623.0, "y": 1246.0}, {"x": 1098.0, "y": 1247.0}, {"x": 1098.0, "y": 1295.0}, {"x": 623.0, "y": 1293.0}]}, "description": "American Express"}, {"boundingPoly": {"vertices": [{"x": 1243.0, "y": 1027.0}, {"x": 1356.0, "y": 1031.0}, {"x": 1355.0, "y": 1079.0}, {"x": 1244.0, "y": 1078.0}]}, "description": "6.28"}, {"boundingPoly": {"vertices": [{"x": 1243.0, "y": 1083.0}, {"x": 1358.0, "y": 1084.0}, {"x": 1356.0, "y": 1131.0}, {"x": 1242.0, "y": 1129.0}]}, "description": "0.56"}, {"boundingPoly": {"vertices": [{"x": 1242.0, "y": 1138.0}, {"x": 1359.0, "y": 1141.0}, {"x": 1358.0, "y": 1185.0}, {"x": 1242.0, "y": 1183.0}]}, "description": "6.84"}, {"boundingPoly": {"vertices": [{"x": 1214.0, "y": 1193.0}, {"x": 1362.0, "y": 1194.0}, {"x": 1361.0, "y": 1239.0}, {"x": 1214.0, "y": 1239.0}]}, "description": "XX/XX"}, {"boundingPoly": {"vertices": [{"x": 1245.0, "y": 1245.0}, {"x": 1359.0, "y": 1246.0}, {"x": 1358.0, "y": 1287.0}, {"x": 1246.0, "y": 1288.0}]}, "description": "6.84"}, {"boundingPoly": {"vertices": [{"x": 833.0, "y": 1351.0}, {"x": 1131.0, "y": 1351.0}, {"x": 1131.0, "y": 1400.0}, {"x": 833.0, "y": 1400.0}]}, "description": "Thank You!"}, {"boundingPoly": {"vertices": [{"x": 655.0, "y": 1407.0}, {"x": 1295.0, "y": 1404.0}, {"x": 1295.0, "y": 1454.0}, {"x": 655.0, "y": 1456.0}]}, "description": "We want your feedback."}, {"boundingPoly": {"vertices": [{"x": 626.0, "y": 1461.0}, {"x": 1336.0, "y": 1458.0}, {"x": 1336.0, "y": 1506.0}, {"x": 626.0, "y": 1510.0}]}, "description": "Please call 866-508-3558"}, {"boundingPoly": {"vertices": [{"x": 506.0, "y": 1516.0}, {"x": 1451.0, "y": 1514.0}, {"x": 1451.0, "y": 1562.0}, {"x": 506.0, "y": 1565.0}]}, "description": "or visit www.anOTGexperience.com"}, {"boundingPoly": {"vertices": [{"x": 503.0, "y": 1623.0}, {"x": 765.0, "y": 1623.0}, {"x": 765.0, "y": 1675.0}, {"x": 503.0, "y": 1675.0}]}, "description": " Merchant"}, {"boundingPoly": {"vertices": [{"x": 515.0, "y": 1677.0}, {"x": 883.0, "y": 1677.0}, {"x": 883.0, "y": 1729.0}, {"x": 515.0, "y": 1729.0}]}, "description": " Terminal ID:"}, {"boundingPoly": {"vertices": [{"x": 865.0, "y": 1732.0}, {"x": 1101.0, "y": 1729.0}, {"x": 1102.0, "y": 1776.0}, {"x": 865.0, "y": 1778.0}]}, "description": "Purchase"}, {"boundingPoly": {"vertices": [{"x": 776.0, "y": 1621.0}, {"x": 983.0, "y": 1621.0}, {"x": 983.0, "y": 1672.0}, {"x": 776.0, "y": 1672.0}]}, "description": " : 34343"}, {"boundingPoly": {"vertices": [{"x": 900.0, "y": 1676.0}, {"x": 921.0, "y": 1676.0}, {"x": 921.0, "y": 1725.0}, {"x": 900.0, "y": 1725.0}]}, "description": " 1"}, {"boundingPoly": {"vertices": [{"x": 509.0, "y": 1738.0}, {"x": 682.0, "y": 1734.0}, {"x": 683.0, "y": 1772.0}, {"x": 509.0, "y": 1775.0}]}, "description": "******"}, {"boundingPoly": {"vertices": [{"x": 1282.0, "y": 1732.0}, {"x": 1456.0, "y": 1732.0}, {"x": 1456.0, "y": 1770.0}, {"x": 1282.0, "y": 1770.0}]}, "description": "******"}, {"boundingPoly": {"vertices": [{"x": 509.0, "y": 1844.0}, {"x": 638.0, "y": 1844.0}, {"x": 638.0, "y": 1894.0}, {"x": 509.0, "y": 1894.0}]}, "description": " Card"}, {"boundingPoly": {"vertices": [{"x": 507.0, "y": 1903.0}, {"x": 747.0, "y": 1901.0}, {"x": 747.0, "y": 1948.0}, {"x": 507.0, "y": 1950.0}]}, "description": "Exp Date"}, {"boundingPoly": {"vertices": [{"x": 499.0, "y": 1958.0}, {"x": 900.0, "y": 1952.0}, {"x": 901.0, "y": 2002.0}, {"x": 500.0, "y": 2006.0}]}, "description": "Response Code"}, {"boundingPoly": {"vertices": [{"x": 655.0, "y": 1843.0}, {"x": 685.0, "y": 1843.0}, {"x": 685.0, "y": 1894.0}, {"x": 655.0, "y": 1894.0}]}, "description": " #"}, {"boundingPoly": {"vertices": [{"x": 926.0, "y": 1834.0}, {"x": 1377.0, "y": 1834.0}, {"x": 1377.0, "y": 1886.0}, {"x": 926.0, "y": 1886.0}]}, "description": " *********** 1005"}, {"boundingPoly": {"vertices": [{"x": 1011.0, "y": 1896.0}, {"x": 1163.0, "y": 1896.0}, {"x": 1163.0, "y": 1938.0}, {"x": 1011.0, "y": 1937.0}]}, "description": "** / **"}, {"boundingPoly": {"vertices": [{"x": 956.0, "y": 1949.0}, {"x": 1074.0, "y": 1949.0}, {"x": 1074.0, "y": 1995.0}, {"x": 956.0, "y": 1995.0}]}, "description": " : 00"}, {"boundingPoly": {"vertices": [{"x": 1397.0, "y": 1833.0}, {"x": 1427.0, "y": 1833.0}, {"x": 1427.0, "y": 1887.0}, {"x": 1397.0, "y": 1887.0}]}, "description": " C"}, {"boundingPoly": {"vertices": [{"x": 510.0, "y": 2066.0}, {"x": 655.0, "y": 2068.0}, {"x": 654.0, "y": 2116.0}, {"x": 510.0, "y": 2116.0}]}, "description": "TOTAL"}, {"boundingPoly": {"vertices": [{"x": 787.0, "y": 2058.0}, {"x": 960.0, "y": 2058.0}, {"x": 960.0, "y": 2111.0}, {"x": 787.0, "y": 2111.0}]}, "description": " : USD$"}, {"boundingPoly": {"vertices": [{"x": 1255.0, "y": 2055.0}, {"x": 1372.0, "y": 2056.0}, {"x": 1374.0, "y": 2107.0}, {"x": 1256.0, "y": 2107.0}]}, "description": "6.84"}, {"boundingPoly": {"vertices": [{"x": 506.0, "y": 2177.0}, {"x": 675.0, "y": 2177.0}, {"x": 675.0, "y": 2225.0}, {"x": 506.0, "y": 2225.0}]}, "description": " Mode:"}, {"boundingPoly": {"vertices": [{"x": 652.0, "y": 2225.0}, {"x": 1130.0, "y": 2225.0}, {"x": 1130.0, "y": 2281.0}, {"x": 652.0, "y": 2281.0}]}, "description": " A000000025010801"}, {"boundingPoly": {"vertices": [{"x": 655.0, "y": 2284.0}, {"x": 961.0, "y": 2284.0}, {"x": 961.0, "y": 2336.0}, {"x": 655.0, "y": 2336.0}]}, "description": " 0000001000"}, {"boundingPoly": {"vertices": [{"x": 654.0, "y": 2342.0}, {"x": 775.0, "y": 2342.0}, {"x": 775.0, "y": 2392.0}, {"x": 654.0, "y": 2392.0}]}, "description": " F800"}, {"boundingPoly": {"vertices": [{"x": 654.0, "y": 2394.0}, {"x": 1077.0, "y": 2394.0}, {"x": 1077.0, "y": 2448.0}, {"x": 654.0, "y": 2448.0}]}, "description": " 06560103603002"}, {"boundingPoly": {"vertices": [{"x": 655.0, "y": 2455.0}, {"x": 718.0, "y": 2455.0}, {"x": 718.0, "y": 2504.0}, {"x": 655.0, "y": 2504.0}]}, "description": " 00"}, {"boundingPoly": {"vertices": [{"x": 687.0, "y": 2176.0}, {"x": 866.0, "y": 2176.0}, {"x": 866.0, "y": 2224.0}, {"x": 687.0, "y": 2224.0}]}, "description": " Issuer"}, {"boundingPoly": {"vertices": [{"x": 510.0, "y": 2234.0}, {"x": 642.0, "y": 2234.0}, {"x": 642.0, "y": 2283.0}, {"x": 510.0, "y": 2283.0}]}, "description": " AID:"}, {"boundingPoly": {"vertices": [{"x": 514.0, "y": 2288.0}, {"x": 644.0, "y": 2288.0}, {"x": 644.0, "y": 2336.0}, {"x": 514.0, "y": 2336.0}]}, "description": " TVR:"}, {"boundingPoly": {"vertices": [{"x": 508.0, "y": 2344.0}, {"x": 645.0, "y": 2344.0}, {"x": 645.0, "y": 2393.0}, {"x": 508.0, "y": 2393.0}]}, "description": " TSI:"}, {"boundingPoly": {"vertices": [{"x": 514.0, "y": 2399.0}, {"x": 645.0, "y": 2399.0}, {"x": 645.0, "y": 2449.0}, {"x": 514.0, "y": 2449.0}]}, "description": " IAD:"}, {"boundingPoly": {"vertices": [{"x": 508.0, "y": 2456.0}, {"x": 646.0, "y": 2456.0}, {"x": 646.0, "y": 2505.0}, {"x": 508.0, "y": 2505.0}]}, "description": " ARC:"}, {"boundingPoly": {"vertices": [{"x": 514.0, "y": 2569.0}, {"x": 569.0, "y": 2568.0}, {"x": 568.0, "y": 2616.0}, {"x": 513.0, "y": 2617.0}]}, "description": "00"}, {"boundingPoly": {"vertices": [{"x": 693.0, "y": 2565.0}, {"x": 943.0, "y": 2565.0}, {"x": 943.0, "y": 2618.0}, {"x": 693.0, "y": 2618.0}]}, "description": " Approved"}, {"boundingPoly": {"vertices": [{"x": 958.0, "y": 2563.0}, {"x": 1007.0, "y": 2563.0}, {"x": 1007.0, "y": 2616.0}, {"x": 958.0, "y": 2616.0}]}, "description": " -"}, {"boundingPoly": {"vertices": [{"x": 1022.0, "y": 2556.0}, {"x": 1301.0, "y": 2556.0}, {"x": 1301.0, "y": 2615.0}, {"x": 1022.0, "y": 2615.0}]}, "description": " Thank You"}, {"boundingPoly": {"vertices": [{"x": 1368.0, "y": 2555.0}, {"x": 1471.0, "y": 2554.0}, {"x": 1471.0, "y": 2603.0}, {"x": 1370.0, "y": 2603.0}]}, "description": "000"}]}