{"textAnnotations": [{"boundingPoly": {"vertices": [{"x": 761.0, "y": 520.0}, {"x": 919.0, "y": 521.0}, {"x": 919.0, "y": 556.0}, {"x": 761.0, "y": 555.0}]}, "description": "merchant name"}, {"boundingPoly": {"vertices": [{"x": 827.0, "y": 561.0}, {"x": 950.0, "y": 561.0}, {"x": 950.0, "y": 606.0}, {"x": 827.0, "y": 606.0}]}, "description": "merchant address"}, {"boundingPoly": {"vertices": [{"x": 760.0, "y": 611.0}, {"x": 948.0, "y": 607.0}, {"x": 949.0, "y": 647.0}, {"x": 760.0, "y": 652.0}]}, "description": "#36-1160"}, {"boundingPoly": {"vertices": [{"x": 825.0, "y": 651.0}, {"x": 1014.0, "y": 651.0}, {"x": 1014.0, "y": 699.0}, {"x": 825.0, "y": 699.0}]}, "description": "merchant phone"}, {"boundingPoly": {"vertices": [{"x": 623.0, "y": 563.0}, {"x": 747.0, "y": 563.0}, {"x": 747.0, "y": 609.0}, {"x": 623.0, "y": 609.0}]}, "description": "merchant address"}, {"boundingPoly": {"vertices": [{"x": 755.0, "y": 562.0}, {"x": 819.0, "y": 562.0}, {"x": 819.0, "y": 607.0}, {"x": 755.0, "y": 607.0}]}, "description": "merchant address"}, {"boundingPoly": {"vertices": [{"x": 958.0, "y": 558.0}, {"x": 1061.0, "y": 558.0}, {"x": 1061.0, "y": 604.0}, {"x": 958.0, "y": 604.0}]}, "description": "merchant address"}, {"boundingPoly": {"vertices": [{"x": 694.0, "y": 655.0}, {"x": 817.0, "y": 655.0}, {"x": 817.0, "y": 700.0}, {"x": 694.0, "y": 700.0}]}, "description": "merchant phone"}, {"boundingPoly": {"vertices": [{"x": 354.0, "y": 739.0}, {"x": 541.0, "y": 739.0}, {"x": 541.0, "y": 781.0}, {"x": 354.0, "y": 781.0}]}, "description": " Server:"}, {"boundingPoly": {"vertices": [{"x": 548.0, "y": 741.0}, {"x": 652.0, "y": 741.0}, {"x": 652.0, "y": 784.0}, {"x": 548.0, "y": 784.0}]}, "description": " Suly"}, {"boundingPoly": {"vertices": [{"x": 348.0, "y": 776.0}, {"x": 458.0, "y": 780.0}, {"x": 458.0, "y": 815.0}, {"x": 347.0, "y": 813.0}]}, "description": "52/1"}, {"boundingPoly": {"vertices": [{"x": 345.0, "y": 819.0}, {"x": 537.0, "y": 819.0}, {"x": 537.0, "y": 860.0}, {"x": 345.0, "y": 860.0}]}, "description": " Guests:"}, {"boundingPoly": {"vertices": [{"x": 1112.0, "y": 742.0}, {"x": 1338.0, "y": 738.0}, {"x": 1338.0, "y": 779.0}, {"x": 1113.0, "y": 784.0}]}, "description": "11/26/2019"}, {"boundingPoly": {"vertices": [{"x": 542.0, "y": 822.0}, {"x": 571.0, "y": 822.0}, {"x": 571.0, "y": 860.0}, {"x": 542.0, "y": 860.0}]}, "description": " 6"}, {"boundingPoly": {"vertices": [{"x": 1162.0, "y": 781.0}, {"x": 1347.0, "y": 781.0}, {"x": 1347.0, "y": 825.0}, {"x": 1162.0, "y": 825.0}]}, "description": " 12:42 PM"}, {"boundingPoly": {"vertices": [{"x": 1026.0, "y": 864.0}, {"x": 1358.0, "y": 864.0}, {"x": 1358.0, "y": 917.0}, {"x": 1026.0, "y": 917.0}]}, "description": "#210002"}, {"boundingPoly": {"vertices": [{"x": 338.0, "y": 980.0}, {"x": 649.0, "y": 982.0}, {"x": 649.0, "y": 1035.0}, {"x": 338.0, "y": 1033.0}]}, "description": "Water/No Ice"}, {"boundingPoly": {"vertices": [{"x": 347.0, "y": 1041.0}, {"x": 650.0, "y": 1043.0}, {"x": 650.0, "y": 1095.0}, {"x": 346.0, "y": 1093.0}]}, "description": "Queso Turkey"}, {"boundingPoly": {"vertices": [{"x": 398.0, "y": 1099.0}, {"x": 624.0, "y": 1099.0}, {"x": 624.0, "y": 1152.0}, {"x": 398.0, "y": 1151.0}]}, "description": "Sub Rings"}, {"boundingPoly": {"vertices": [{"x": 350.0, "y": 1158.0}, {"x": 725.0, "y": 1158.0}, {"x": 725.0, "y": 1215.0}, {"x": 350.0, "y": 1214.0}]}, "description": "Water (7 @0.00)"}, {"boundingPoly": {"vertices": [{"x": 351.0, "y": 1222.0}, {"x": 587.0, "y": 1223.0}, {"x": 587.0, "y": 1274.0}, {"x": 351.0, "y": 1273.0}]}, "description": "Moa Crisp"}, {"boundingPoly": {"vertices": [{"x": 351.0, "y": 1282.0}, {"x": 780.0, "y": 1279.0}, {"x": 781.0, "y": 1332.0}, {"x": 351.0, "y": 1334.0}]}, "description": "Island Fish Tacos"}, {"boundingPoly": {"vertices": [{"x": 359.0, "y": 1343.0}, {"x": 591.0, "y": 1343.0}, {"x": 591.0, "y": 1392.0}, {"x": 359.0, "y": 1392.0}]}, "description": "Diet Coke"}, {"boundingPoly": {"vertices": [{"x": 356.0, "y": 1400.0}, {"x": 532.0, "y": 1400.0}, {"x": 533.0, "y": 1447.0}, {"x": 356.0, "y": 1449.0}]}, "description": "Kilauea"}, {"boundingPoly": {"vertices": [{"x": 403.0, "y": 1453.0}, {"x": 630.0, "y": 1451.0}, {"x": 631.0, "y": 1500.0}, {"x": 403.0, "y": 1501.0}]}, "description": "Sub Rings"}, {"boundingPoly": {"vertices": [{"x": 351.0, "y": 1509.0}, {"x": 534.0, "y": 1508.0}, {"x": 535.0, "y": 1556.0}, {"x": 352.0, "y": 1559.0}]}, "description": "Kilauea"}, {"boundingPoly": {"vertices": [{"x": 346.0, "y": 1567.0}, {"x": 581.0, "y": 1562.0}, {"x": 583.0, "y": 1610.0}, {"x": 346.0, "y": 1617.0}]}, "description": "Sandpiper"}, {"boundingPoly": {"vertices": [{"x": 1262.0, "y": 987.0}, {"x": 1360.0, "y": 990.0}, {"x": 1359.0, "y": 1037.0}, {"x": 1260.0, "y": 1034.0}]}, "description": "0.00"}, {"boundingPoly": {"vertices": [{"x": 1244.0, "y": 1045.0}, {"x": 1356.0, "y": 1045.0}, {"x": 1357.0, "y": 1096.0}, {"x": 1244.0, "y": 1096.0}]}, "description": "12.95"}, {"boundingPoly": {"vertices": [{"x": 1265.0, "y": 1103.0}, {"x": 1357.0, "y": 1105.0}, {"x": 1357.0, "y": 1152.0}, {"x": 1263.0, "y": 1150.0}]}, "description": "1.89"}, {"boundingPoly": {"vertices": [{"x": 1259.0, "y": 1159.0}, {"x": 1347.0, "y": 1161.0}, {"x": 1345.0, "y": 1206.0}, {"x": 1258.0, "y": 1205.0}]}, "description": "0.00"}, {"boundingPoly": {"vertices": [{"x": 1244.0, "y": 1218.0}, {"x": 1350.0, "y": 1219.0}, {"x": 1351.0, "y": 1266.0}, {"x": 1243.0, "y": 1265.0}]}, "description": "12.85"}, {"boundingPoly": {"vertices": [{"x": 1244.0, "y": 1276.0}, {"x": 1353.0, "y": 1277.0}, {"x": 1350.0, "y": 1321.0}, {"x": 1243.0, "y": 1322.0}]}, "description": "11.29"}, {"boundingPoly": {"vertices": [{"x": 1262.0, "y": 1333.0}, {"x": 1357.0, "y": 1331.0}, {"x": 1358.0, "y": 1374.0}, {"x": 1264.0, "y": 1376.0}]}, "description": "3.09"}, {"boundingPoly": {"vertices": [{"x": 1246.0, "y": 1383.0}, {"x": 1365.0, "y": 1383.0}, {"x": 1366.0, "y": 1425.0}, {"x": 1247.0, "y": 1426.0}]}, "description": "13.15"}, {"boundingPoly": {"vertices": [{"x": 1275.0, "y": 1438.0}, {"x": 1370.0, "y": 1434.0}, {"x": 1372.0, "y": 1480.0}, {"x": 1278.0, "y": 1483.0}]}, "description": "1.89"}, {"boundingPoly": {"vertices": [{"x": 1253.0, "y": 1488.0}, {"x": 1376.0, "y": 1485.0}, {"x": 1380.0, "y": 1534.0}, {"x": 1258.0, "y": 1538.0}]}, "description": "13.15"}, {"boundingPoly": {"vertices": [{"x": 1267.0, "y": 1541.0}, {"x": 1381.0, "y": 1540.0}, {"x": 1383.0, "y": 1588.0}, {"x": 1269.0, "y": 1590.0}]}, "description": "12 59"}, {"boundingPoly": {"vertices": [{"x": 1287.0, "y": 1604.0}, {"x": 1381.0, "y": 1598.0}, {"x": 1382.0, "y": 1645.0}, {"x": 1287.0, "y": 1649.0}]}, "description": "1.89"}, {"boundingPoly": {"vertices": [{"x": 394.0, "y": 1622.0}, {"x": 954.0, "y": 1606.0}, {"x": 955.0, "y": 1660.0}, {"x": 395.0, "y": 1674.0}]}, "description": "Sub Sweet Potato Fries"}, {"boundingPoly": {"vertices": [{"x": 330.0, "y": 1747.0}, {"x": 769.0, "y": 1736.0}, {"x": 770.0, "y": 1788.0}, {"x": 330.0, "y": 1801.0}]}, "description": "Complete Subtotal"}, {"boundingPoly": {"vertices": [{"x": 1267.0, "y": 1716.0}, {"x": 1388.0, "y": 1715.0}, {"x": 1389.0, "y": 1764.0}, {"x": 1268.0, "y": 1760.0}]}, "description": "84 74"}, {"boundingPoly": {"vertices": [{"x": 315.0, "y": 1854.0}, {"x": 525.0, "y": 1853.0}, {"x": 526.0, "y": 1903.0}, {"x": 315.0, "y": 1905.0}]}, "description": "Subtotal"}, {"boundingPoly": {"vertices": [{"x": 307.0, "y": 1913.0}, {"x": 390.0, "y": 1915.0}, {"x": 387.0, "y": 1959.0}, {"x": 305.0, "y": 1956.0}]}, "description": "Tax"}, {"boundingPoly": {"vertices": [{"x": 1277.0, "y": 1829.0}, {"x": 1413.0, "y": 1822.0}, {"x": 1415.0, "y": 1870.0}, {"x": 1280.0, "y": 1876.0}]}, "description": "84.74"}, {"boundingPoly": {"vertices": [{"x": 1314.0, "y": 1881.0}, {"x": 1416.0, "y": 1874.0}, {"x": 1420.0, "y": 1923.0}, {"x": 1315.0, "y": 1929.0}]}, "description": "7.29"}, {"boundingPoly": {"vertices": [{"x": 285.0, "y": 2026.0}, {"x": 424.0, "y": 2024.0}, {"x": 423.0, "y": 2076.0}, {"x": 286.0, "y": 2079.0}]}, "description": "Total"}, {"boundingPoly": {"vertices": [{"x": 1297.0, "y": 2000.0}, {"x": 1437.0, "y": 1994.0}, {"x": 1438.0, "y": 2044.0}, {"x": 1303.0, "y": 2052.0}]}, "description": "92.03"}, {"boundingPoly": {"vertices": [{"x": 261.0, "y": 2151.0}, {"x": 903.0, "y": 2137.0}, {"x": 905.0, "y": 2199.0}, {"x": 262.0, "y": 2213.0}]}, "description": "Balance Due"}, {"boundingPoly": {"vertices": [{"x": 350.0, "y": 2293.0}, {"x": 1381.0, "y": 2258.0}, {"x": 1382.0, "y": 2322.0}, {"x": 351.0, "y": 2358.0}]}, "description": "Pay This Check With Your Smartphone!"}, {"boundingPoly": {"vertices": [{"x": 614.0, "y": 2425.0}, {"x": 1138.0, "y": 2411.0}, {"x": 1140.0, "y": 2470.0}, {"x": 616.0, "y": 2488.0}]}, "description": "Scan Here"}, {"boundingPoly": {"vertices": [{"x": 1177.0, "y": 2125.0}, {"x": 1454.0, "y": 2116.0}, {"x": 1456.0, "y": 2176.0}, {"x": 1178.0, "y": 2184.0}]}, "description": "92.03"}]}