{"textAnnotations": [{"boundingPoly": {"vertices": [{"x": 26.0, "y": 7.0}, {"x": 117.0, "y": 7.0}, {"x": 117.0, "y": 26.0}, {"x": 26.0, "y": 26.0}]}, "description": " Messages"}, {"boundingPoly": {"vertices": [{"x": 120.0, "y": 6.0}, {"x": 191.0, "y": 6.0}, {"x": 191.0, "y": 26.0}, {"x": 120.0, "y": 26.0}]}, "description": " .. Il LTE"}, {"boundingPoly": {"vertices": [{"x": 251.0, "y": 6.0}, {"x": 325.0, "y": 6.0}, {"x": 325.0, "y": 24.0}, {"x": 251.0, "y": 24.0}]}, "description": " 4:26 PM"}, {"boundingPoly": {"vertices": [{"x": 443.0, "y": 6.0}, {"x": 537.0, "y": 6.0}, {"x": 537.0, "y": 23.0}, {"x": 443.0, "y": 23.0}]}, "description": "@ 4 19%"}, {"boundingPoly": {"vertices": [{"x": 29.0, "y": 54.0}, {"x": 64.0, "y": 54.0}, {"x": 64.0, "y": 77.0}, {"x": 29.0, "y": 77.0}]}, "description": " AA"}, {"boundingPoly": {"vertices": [{"x": 83.0, "y": 54.0}, {"x": 130.0, "y": 54.0}, {"x": 130.0, "y": 77.0}, {"x": 83.0, "y": 77.0}]}, "description": " Not"}, {"boundingPoly": {"vertices": [{"x": 134.0, "y": 52.0}, {"x": 505.0, "y": 52.0}, {"x": 505.0, "y": 79.0}, {"x": 134.0, "y": 79.0}]}, "description": " Secure - ewrc1-receipts.flosol"}, {"boundingPoly": {"vertices": [{"x": 58.0, "y": 138.0}, {"x": 321.0, "y": 137.0}, {"x": 321.0, "y": 220.0}, {"x": 59.0, "y": 220.0}]}, "description": "merchant name"}, {"boundingPoly": {"vertices": [{"x": 251.0, "y": 234.0}, {"x": 313.0, "y": 234.0}, {"x": 313.0, "y": 246.0}, {"x": 251.0, "y": 246.0}]}, "description": "C1 CEGM 71"}, {"boundingPoly": {"vertices": [{"x": 212.0, "y": 249.0}, {"x": 356.0, "y": 249.0}, {"x": 356.0, "y": 261.0}, {"x": 212.0, "y": 261.0}]}, "description": " http://www.otgexp.com/contact/"}, {"boundingPoly": {"vertices": [{"x": 322.0, "y": 168.0}, {"x": 503.0, "y": 168.0}, {"x": 503.0, "y": 196.0}, {"x": 322.0, "y": 196.0}]}, "description": "merchant name"}, {"boundingPoly": {"vertices": [{"x": 324.0, "y": 198.0}, {"x": 498.0, "y": 198.0}, {"x": 498.0, "y": 214.0}, {"x": 324.0, "y": 214.0}]}, "description": "GOURMET MARKETS"}, {"boundingPoly": {"vertices": [{"x": 37.0, "y": 332.0}, {"x": 123.0, "y": 332.0}, {"x": 123.0, "y": 344.0}, {"x": 37.0, "y": 344.0}]}, "description": " NAOMIE HARRIS"}, {"boundingPoly": {"vertices": [{"x": 36.0, "y": 343.0}, {"x": 243.0, "y": 342.0}, {"x": 243.0, "y": 386.0}, {"x": 36.0, "y": 387.0}]}, "description": "BLACK&BLUE"}, {"boundingPoly": {"vertices": [{"x": 20.0, "y": 401.0}, {"x": 40.0, "y": 401.0}, {"x": 40.0, "y": 410.0}, {"x": 20.0, "y": 410.0}]}, "description": " Date:"}, {"boundingPoly": {"vertices": [{"x": 133.0, "y": 332.0}, {"x": 218.0, "y": 332.0}, {"x": 218.0, "y": 345.0}, {"x": 133.0, "y": 345.0}]}, "description": " TYRESE GIBSON"}, {"boundingPoly": {"vertices": [{"x": 409.0, "y": 331.0}, {"x": 486.0, "y": 332.0}, {"x": 486.0, "y": 345.0}, {"x": 409.0, "y": 345.0}]}, "description": "IN THEATERS"}, {"boundingPoly": {"vertices": [{"x": 386.0, "y": 346.0}, {"x": 510.0, "y": 346.0}, {"x": 510.0, "y": 366.0}, {"x": 386.0, "y": 367.0}]}, "description": "OCTOBER 25"}, {"boundingPoly": {"vertices": [{"x": 41.0, "y": 401.0}, {"x": 83.0, "y": 401.0}, {"x": 83.0, "y": 410.0}, {"x": 41.0, "y": 410.0}]}, "description": " 11/10/2019"}, {"boundingPoly": {"vertices": [{"x": 57.0, "y": 416.0}, {"x": 85.0, "y": 416.0}, {"x": 85.0, "y": 425.0}, {"x": 57.0, "y": 425.0}]}, "description": " 108171"}, {"boundingPoly": {"vertices": [{"x": 471.0, "y": 397.0}, {"x": 518.0, "y": 397.0}, {"x": 517.0, "y": 424.0}, {"x": 471.0, "y": 424.0}]}, "description": "flo"}, {"boundingPoly": {"vertices": [{"x": 20.0, "y": 417.0}, {"x": 56.0, "y": 417.0}, {"x": 56.0, "y": 425.0}, {"x": 20.0, "y": 425.0}]}, "description": " Check ID:"}, {"boundingPoly": {"vertices": [{"x": 21.0, "y": 433.0}, {"x": 47.0, "y": 433.0}, {"x": 47.0, "y": 441.0}, {"x": 21.0, "y": 441.0}]}, "description": " Device:"}, {"boundingPoly": {"vertices": [{"x": 49.0, "y": 432.0}, {"x": 69.0, "y": 432.0}, {"x": 69.0, "y": 441.0}, {"x": 49.0, "y": 441.0}]}, "description": " 4148"}, {"boundingPoly": {"vertices": [{"x": 21.0, "y": 449.0}, {"x": 42.0, "y": 449.0}, {"x": 42.0, "y": 457.0}, {"x": 21.0, "y": 457.0}]}, "description": " Table:"}, {"boundingPoly": {"vertices": [{"x": 43.0, "y": 449.0}, {"x": 50.0, "y": 449.0}, {"x": 50.0, "y": 457.0}, {"x": 43.0, "y": 457.0}]}, "description": " 0"}, {"boundingPoly": {"vertices": [{"x": 20.0, "y": 464.0}, {"x": 47.0, "y": 464.0}, {"x": 47.0, "y": 472.0}, {"x": 20.0, "y": 472.0}]}, "description": "Server,"}, {"boundingPoly": {"vertices": [{"x": 16.0, "y": 507.0}, {"x": 22.0, "y": 507.0}, {"x": 22.0, "y": 524.0}, {"x": 16.0, "y": 524.0}]}, "description": " ("}, {"boundingPoly": {"vertices": [{"x": 18.0, "y": 529.0}, {"x": 22.0, "y": 529.0}, {"x": 22.0, "y": 546.0}, {"x": 18.0, "y": 546.0}]}, "description": " ("}, {"boundingPoly": {"vertices": [{"x": 25.0, "y": 507.0}, {"x": 33.0, "y": 507.0}, {"x": 33.0, "y": 524.0}, {"x": 25.0, "y": 524.0}]}, "description": " 1"}, {"boundingPoly": {"vertices": [{"x": 25.0, "y": 529.0}, {"x": 221.0, "y": 529.0}, {"x": 221.0, "y": 546.0}, {"x": 25.0, "y": 546.0}]}, "description": " 1 ) chix Naan Wrap @ $10.99"}, {"boundingPoly": {"vertices": [{"x": 36.0, "y": 507.0}, {"x": 43.0, "y": 507.0}, {"x": 43.0, "y": 524.0}, {"x": 36.0, "y": 524.0}]}, "description": " )"}, {"boundingPoly": {"vertices": [{"x": 46.0, "y": 506.0}, {"x": 221.0, "y": 506.0}, {"x": 221.0, "y": 524.0}, {"x": 46.0, "y": 524.0}]}, "description": " Sabra Rst RdPep @ $4.99"}, {"boundingPoly": {"vertices": [{"x": 442.0, "y": 552.0}, {"x": 501.0, "y": 552.0}, {"x": 501.0, "y": 567.0}, {"x": 442.0, "y": 567.0}]}, "description": " Subtotal:"}, {"boundingPoly": {"vertices": [{"x": 474.0, "y": 574.0}, {"x": 508.0, "y": 574.0}, {"x": 508.0, "y": 589.0}, {"x": 474.0, "y": 589.0}]}, "description": " Tax:"}, {"boundingPoly": {"vertices": [{"x": 446.0, "y": 597.0}, {"x": 508.0, "y": 597.0}, {"x": 508.0, "y": 612.0}, {"x": 446.0, "y": 612.0}]}, "description": " Gratuity:"}, {"boundingPoly": {"vertices": [{"x": 462.0, "y": 620.0}, {"x": 502.0, "y": 620.0}, {"x": 502.0, "y": 635.0}, {"x": 462.0, "y": 635.0}]}, "description": " Total:"}, {"boundingPoly": {"vertices": [{"x": 503.0, "y": 552.0}, {"x": 551.0, "y": 552.0}, {"x": 551.0, "y": 567.0}, {"x": 503.0, "y": 567.0}]}, "description": " $15.98"}, {"boundingPoly": {"vertices": [{"x": 511.0, "y": 574.0}, {"x": 552.0, "y": 574.0}, {"x": 552.0, "y": 589.0}, {"x": 511.0, "y": 589.0}]}, "description": " $0.73"}, {"boundingPoly": {"vertices": [{"x": 511.0, "y": 596.0}, {"x": 550.0, "y": 596.0}, {"x": 550.0, "y": 612.0}, {"x": 511.0, "y": 612.0}]}, "description": " $0.00"}, {"boundingPoly": {"vertices": [{"x": 505.0, "y": 620.0}, {"x": 549.0, "y": 620.0}, {"x": 549.0, "y": 635.0}, {"x": 505.0, "y": 635.0}]}, "description": " $16.71"}, {"boundingPoly": {"vertices": [{"x": 64.0, "y": 694.0}, {"x": 114.0, "y": 693.0}, {"x": 115.0, "y": 720.0}, {"x": 64.0, "y": 721.0}]}, "description": "flo"}, {"boundingPoly": {"vertices": [{"x": 16.0, "y": 729.0}, {"x": 61.0, "y": 729.0}, {"x": 61.0, "y": 743.0}, {"x": 16.0, "y": 743.0}]}, "description": "AMEX"}, {"boundingPoly": {"vertices": [{"x": 116.0, "y": 729.0}, {"x": 154.0, "y": 729.0}, {"x": 154.0, "y": 743.0}, {"x": 116.0, "y": 742.0}]}, "description": "2006"}, {"boundingPoly": {"vertices": [{"x": 190.0, "y": 728.0}, {"x": 235.0, "y": 728.0}, {"x": 235.0, "y": 743.0}, {"x": 190.0, "y": 743.0}]}, "description": "$16.71"}, {"boundingPoly": {"vertices": [{"x": 207.0, "y": 757.0}, {"x": 363.0, "y": 757.0}, {"x": 363.0, "y": 775.0}, {"x": 207.0, "y": 775.0}]}, "description": "Rate your experience"}, {"boundingPoly": {"vertices": [{"x": 45.0, "y": 835.0}, {"x": 87.0, "y": 837.0}, {"x": 86.0, "y": 848.0}, {"x": 45.0, "y": 847.0}]}, "description": "UnionPay"}, {"boundingPoly": {"vertices": [{"x": 101.0, "y": 828.0}, {"x": 527.0, "y": 828.0}, {"x": 527.0, "y": 843.0}, {"x": 101.0, "y": 843.0}]}, "description": "\u5373\u65e5\u8d77\u81f32019\u5e7410\u670831\u65e5,\u5728\u672c\u673a\u5177\u4e0a\u4f7f\u7528\u94f6\u8054\u4fe1\u7528\u5361(\u5361\u53f7\u4ee562\u5f00\u5934)"}, {"boundingPoly": {"vertices": [{"x": 102.0, "y": 845.0}, {"x": 528.0, "y": 847.0}, {"x": 528.0, "y": 862.0}, {"x": 102.0, "y": 861.0}]}, "description": "\u6d88\u8d39\u6ee120\u7f8e\u5143,\u4eab\u53d72\u7f8e\u5143\u7acb\u51cf\u4f18\u60e0\u3002(\u9700\u8981\u5728Promo Code\u5904\u8f93\u5165\u6240\u4f7f\u7528\u5361\u53f7\u524d8\u4f4d)"}, {"boundingPoly": {"vertices": [{"x": 167.0, "y": 908.0}, {"x": 305.0, "y": 909.0}, {"x": 305.0, "y": 933.0}, {"x": 167.0, "y": 933.0}]}, "description": "CAREERS"}, {"boundingPoly": {"vertices": [{"x": 166.0, "y": 938.0}, {"x": 408.0, "y": 938.0}, {"x": 408.0, "y": 958.0}, {"x": 166.0, "y": 958.0}]}, "description": "Take Flight at EWR"}, {"boundingPoly": {"vertices": [{"x": 390.0, "y": 974.0}, {"x": 428.0, "y": 974.0}, {"x": 427.0, "y": 1005.0}, {"x": 390.0, "y": 1004.0}]}, "description": "m"}]}