{"textAnnotations": [{"boundingPoly": {"vertices": [{"x": 975.0, "y": 253.0}, {"x": 1454.0, "y": 253.0}, {"x": 1454.0, "y": 343.0}, {"x": 974.0, "y": 343.0}]}, "description": "merchant name"}, {"boundingPoly": {"vertices": [{"x": 1097.0, "y": 446.0}, {"x": 1366.0, "y": 414.0}, {"x": 1375.0, "y": 496.0}, {"x": 1099.0, "y": 517.0}]}, "description": "merchant name"}, {"boundingPoly": {"vertices": [{"x": 916.0, "y": 548.0}, {"x": 1508.0, "y": 549.0}, {"x": 1508.0, "y": 609.0}, {"x": 916.0, "y": 607.0}]}, "description": "www.bombayny.com"}, {"boundingPoly": {"vertices": [{"x": 941.0, "y": 609.0}, {"x": 1469.0, "y": 606.0}, {"x": 1469.0, "y": 663.0}, {"x": 942.0, "y": 666.0}]}, "description": "bombayny@gmail.com"}, {"boundingPoly": {"vertices": [{"x": 1092.0, "y": 680.0}, {"x": 1346.0, "y": 678.0}, {"x": 1347.0, "y": 730.0}, {"x": 1092.0, "y": 733.0}]}, "description": "merchant address"}, {"boundingPoly": {"vertices": [{"x": 983.0, "y": 750.0}, {"x": 1457.0, "y": 748.0}, {"x": 1457.0, "y": 803.0}, {"x": 983.0, "y": 806.0}]}, "description": "merchant address"}, {"boundingPoly": {"vertices": [{"x": 1053.0, "y": 814.0}, {"x": 1383.0, "y": 814.0}, {"x": 1384.0, "y": 874.0}, {"x": 1054.0, "y": 878.0}]}, "description": "merchant phone"}, {"boundingPoly": {"vertices": [{"x": 995.0, "y": 885.0}, {"x": 1450.0, "y": 878.0}, {"x": 1451.0, "y": 943.0}, {"x": 996.0, "y": 949.0}]}, "description": "(212) 742-2227 (Fax)"}, {"boundingPoly": {"vertices": [{"x": 1095.0, "y": 1008.0}, {"x": 1357.0, "y": 1007.0}, {"x": 1357.0, "y": 1067.0}, {"x": 1095.0, "y": 1068.0}]}, "description": "DELIVERY"}, {"boundingPoly": {"vertices": [{"x": 1083.0, "y": 1083.0}, {"x": 1366.0, "y": 1087.0}, {"x": 1365.0, "y": 1140.0}, {"x": 1083.0, "y": 1138.0}]}, "description": "ORDER #332"}, {"boundingPoly": {"vertices": [{"x": 668.0, "y": 1195.0}, {"x": 817.0, "y": 1195.0}, {"x": 817.0, "y": 1246.0}, {"x": 668.0, "y": 1246.0}]}, "description": " Name:"}, {"boundingPoly": {"vertices": [{"x": 671.0, "y": 1260.0}, {"x": 871.0, "y": 1260.0}, {"x": 871.0, "y": 1316.0}, {"x": 671.0, "y": 1316.0}]}, "description": " Address:"}, {"boundingPoly": {"vertices": [{"x": 840.0, "y": 1323.0}, {"x": 1179.0, "y": 1323.0}, {"x": 1179.0, "y": 1387.0}, {"x": 840.0, "y": 1387.0}]}, "description": " 919654863388"}, {"boundingPoly": {"vertices": [{"x": 880.0, "y": 1253.0}, {"x": 1765.0, "y": 1253.0}, {"x": 1765.0, "y": 1316.0}, {"x": 880.0, "y": 1316.0}]}, "description": " 55 Church St RM 5011, Millenium Hotel"}, {"boundingPoly": {"vertices": [{"x": 673.0, "y": 1327.0}, {"x": 832.0, "y": 1327.0}, {"x": 832.0, "y": 1387.0}, {"x": 673.0, "y": 1387.0}]}, "description": " Phone:"}, {"boundingPoly": {"vertices": [{"x": 667.0, "y": 1438.0}, {"x": 924.0, "y": 1438.0}, {"x": 924.0, "y": 1488.0}, {"x": 667.0, "y": 1487.0}]}, "description": "Invoice #1329"}, {"boundingPoly": {"vertices": [{"x": 664.0, "y": 1489.0}, {"x": 868.0, "y": 1488.0}, {"x": 869.0, "y": 1535.0}, {"x": 665.0, "y": 1537.0}]}, "description": "Abhijeet V"}, {"boundingPoly": {"vertices": [{"x": 1355.0, "y": 1431.0}, {"x": 1777.0, "y": 1431.0}, {"x": 1777.0, "y": 1484.0}, {"x": 1355.0, "y": 1484.0}]}, "description": " Thu, 11/21/2019 8:23 PM"}, {"boundingPoly": {"vertices": [{"x": 665.0, "y": 1600.0}, {"x": 717.0, "y": 1600.0}, {"x": 717.0, "y": 1657.0}, {"x": 665.0, "y": 1657.0}]}, "description": " 1"}, {"boundingPoly": {"vertices": [{"x": 662.0, "y": 1677.0}, {"x": 717.0, "y": 1677.0}, {"x": 717.0, "y": 1741.0}, {"x": 662.0, "y": 1741.0}]}, "description": " 1"}, {"boundingPoly": {"vertices": [{"x": 661.0, "y": 1758.0}, {"x": 715.0, "y": 1758.0}, {"x": 715.0, "y": 1813.0}, {"x": 661.0, "y": 1813.0}]}, "description": " 1"}, {"boundingPoly": {"vertices": [{"x": 733.0, "y": 1595.0}, {"x": 990.0, "y": 1595.0}, {"x": 990.0, "y": 1658.0}, {"x": 733.0, "y": 1658.0}]}, "description": " Pav Bhaji"}, {"boundingPoly": {"vertices": [{"x": 727.0, "y": 1669.0}, {"x": 1086.0, "y": 1669.0}, {"x": 1086.0, "y": 1740.0}, {"x": 727.0, "y": 1740.0}]}, "description": " (A) Bhel Puri"}, {"boundingPoly": {"vertices": [{"x": 731.0, "y": 1750.0}, {"x": 1064.0, "y": 1750.0}, {"x": 1064.0, "y": 1813.0}, {"x": 731.0, "y": 1813.0}]}, "description": " Can of Soda"}, {"boundingPoly": {"vertices": [{"x": 730.0, "y": 1829.0}, {"x": 876.0, "y": 1828.0}, {"x": 875.0, "y": 1890.0}, {"x": 732.0, "y": 1888.0}]}, "description": "Pepsi"}, {"boundingPoly": {"vertices": [{"x": 1654.0, "y": 1594.0}, {"x": 1787.0, "y": 1595.0}, {"x": 1787.0, "y": 1651.0}, {"x": 1653.0, "y": 1652.0}]}, "description": "$9.95"}, {"boundingPoly": {"vertices": [{"x": 1655.0, "y": 1669.0}, {"x": 1794.0, "y": 1670.0}, {"x": 1793.0, "y": 1725.0}, {"x": 1654.0, "y": 1723.0}]}, "description": "$6.95"}, {"boundingPoly": {"vertices": [{"x": 1650.0, "y": 1747.0}, {"x": 1797.0, "y": 1746.0}, {"x": 1796.0, "y": 1798.0}, {"x": 1652.0, "y": 1800.0}]}, "description": "$2.00"}, {"boundingPoly": {"vertices": [{"x": 1188.0, "y": 1941.0}, {"x": 1434.0, "y": 1941.0}, {"x": 1434.0, "y": 1995.0}, {"x": 1188.0, "y": 1995.0}]}, "description": " SUBTOTAL"}, {"boundingPoly": {"vertices": [{"x": 1356.0, "y": 2008.0}, {"x": 1438.0, "y": 2008.0}, {"x": 1438.0, "y": 2059.0}, {"x": 1356.0, "y": 2059.0}]}, "description": " TAX"}, {"boundingPoly": {"vertices": [{"x": 1294.0, "y": 2079.0}, {"x": 1439.0, "y": 2079.0}, {"x": 1439.0, "y": 2133.0}, {"x": 1294.0, "y": 2133.0}]}, "description": " TOTAL"}, {"boundingPoly": {"vertices": [{"x": 1444.0, "y": 1941.0}, {"x": 1468.0, "y": 1941.0}, {"x": 1468.0, "y": 1989.0}, {"x": 1444.0, "y": 1989.0}]}, "description": " :"}, {"boundingPoly": {"vertices": [{"x": 1448.0, "y": 2008.0}, {"x": 1472.0, "y": 2008.0}, {"x": 1472.0, "y": 2059.0}, {"x": 1448.0, "y": 2059.0}]}, "description": " :"}, {"boundingPoly": {"vertices": [{"x": 1448.0, "y": 2079.0}, {"x": 1479.0, "y": 2079.0}, {"x": 1479.0, "y": 2132.0}, {"x": 1448.0, "y": 2132.0}]}, "description": " :"}, {"boundingPoly": {"vertices": [{"x": 1656.0, "y": 1940.0}, {"x": 1806.0, "y": 1940.0}, {"x": 1805.0, "y": 1993.0}, {"x": 1656.0, "y": 1993.0}]}, "description": "$18.90"}, {"boundingPoly": {"vertices": [{"x": 1679.0, "y": 2011.0}, {"x": 1801.0, "y": 2009.0}, {"x": 1800.0, "y": 2058.0}, {"x": 1681.0, "y": 2060.0}]}, "description": "$1.68"}, {"boundingPoly": {"vertices": [{"x": 1652.0, "y": 2080.0}, {"x": 1803.0, "y": 2077.0}, {"x": 1804.0, "y": 2128.0}, {"x": 1652.0, "y": 2130.0}]}, "description": "$20.58"}, {"boundingPoly": {"vertices": [{"x": 1631.0, "y": 2136.0}, {"x": 1834.0, "y": 2138.0}, {"x": 1833.0, "y": 2199.0}, {"x": 1631.0, "y": 2196.0}]}, "description": "$2.42"}, {"boundingPoly": {"vertices": [{"x": 1600.0, "y": 2207.0}, {"x": 1836.0, "y": 2207.0}, {"x": 1837.0, "y": 2268.0}, {"x": 1601.0, "y": 2273.0}]}, "description": "$23,00"}, {"boundingPoly": {"vertices": [{"x": 875.0, "y": 2311.0}, {"x": 1625.0, "y": 2282.0}, {"x": 1626.0, "y": 2344.0}, {"x": 877.0, "y": 2371.0}]}, "description": "15%=$2.84,18%=$3.40, 20%=$3.78"}, {"boundingPoly": {"vertices": [{"x": 1138.0, "y": 2226.0}, {"x": 1368.0, "y": 2220.0}, {"x": 1369.0, "y": 2282.0}, {"x": 1139.0, "y": 2291.0}]}, "description": "Tip Guide"}]}