{"textAnnotations": [{"boundingPoly": {"vertices": [{"x": 938.0, "y": 347.0}, {"x": 1747.0, "y": 350.0}, {"x": 1747.0, "y": 426.0}, {"x": 938.0, "y": 423.0}]}, "description": "Thank You For Visiting the"}, {"boundingPoly": {"vertices": [{"x": 951.0, "y": 435.0}, {"x": 1730.0, "y": 430.0}, {"x": 1731.0, "y": 505.0}, {"x": 951.0, "y": 509.0}]}, "description": "merchant name"}, {"boundingPoly": {"vertices": [{"x": 1095.0, "y": 513.0}, {"x": 1593.0, "y": 513.0}, {"x": 1593.0, "y": 588.0}, {"x": 1095.0, "y": 588.0}]}, "description": "Matthew Fraysier"}, {"boundingPoly": {"vertices": [{"x": 1113.0, "y": 600.0}, {"x": 1578.0, "y": 598.0}, {"x": 1579.0, "y": 665.0}, {"x": 1113.0, "y": 669.0}]}, "description": "General Manager"}, {"boundingPoly": {"vertices": [{"x": 1146.0, "y": 676.0}, {"x": 1558.0, "y": 669.0}, {"x": 1559.0, "y": 736.0}, {"x": 1146.0, "y": 744.0}]}, "description": "merchant phone"}, {"boundingPoly": {"vertices": [{"x": 1008.0, "y": 754.0}, {"x": 1684.0, "y": 743.0}, {"x": 1685.0, "y": 812.0}, {"x": 1008.0, "y": 822.0}]}, "description": "We Love Your Feedback!"}, {"boundingPoly": {"vertices": [{"x": 1007.0, "y": 827.0}, {"x": 1712.0, "y": 819.0}, {"x": 1713.0, "y": 890.0}, {"x": 1007.0, "y": 896.0}]}, "description": "Text @LTF11479 to 73940"}, {"boundingPoly": {"vertices": [{"x": 1900.0, "y": 968.0}, {"x": 1994.0, "y": 970.0}, {"x": 1991.0, "y": 1034.0}, {"x": 1897.0, "y": 1031.0}]}, "description": "USD"}, {"boundingPoly": {"vertices": [{"x": 1871.0, "y": 1040.0}, {"x": 1999.0, "y": 1040.0}, {"x": 1998.0, "y": 1099.0}, {"x": 1871.0, "y": 1102.0}]}, "description": "3.40"}, {"boundingPoly": {"vertices": [{"x": 744.0, "y": 1065.0}, {"x": 1212.0, "y": 1052.0}, {"x": 1214.0, "y": 1124.0}, {"x": 745.0, "y": 1136.0}]}, "description": "Cappuccino 12oz"}, {"boundingPoly": {"vertices": [{"x": 1447.0, "y": 1197.0}, {"x": 1725.0, "y": 1194.0}, {"x": 1726.0, "y": 1261.0}, {"x": 1448.0, "y": 1265.0}]}, "description": "Sub Total"}, {"boundingPoly": {"vertices": [{"x": 1456.0, "y": 1275.0}, {"x": 1762.0, "y": 1271.0}, {"x": 1763.0, "y": 1339.0}, {"x": 1456.0, "y": 1343.0}]}, "description": "Tax Amount"}, {"boundingPoly": {"vertices": [{"x": 1867.0, "y": 1193.0}, {"x": 2000.0, "y": 1193.0}, {"x": 1998.0, "y": 1256.0}, {"x": 1869.0, "y": 1256.0}]}, "description": "3.40"}, {"boundingPoly": {"vertices": [{"x": 1869.0, "y": 1266.0}, {"x": 2002.0, "y": 1265.0}, {"x": 2002.0, "y": 1327.0}, {"x": 1872.0, "y": 1329.0}]}, "description": "0.30"}, {"boundingPoly": {"vertices": [{"x": 747.0, "y": 1511.0}, {"x": 1284.0, "y": 1501.0}, {"x": 1285.0, "y": 1623.0}, {"x": 747.0, "y": 1630.0}]}, "description": "Total USD"}, {"boundingPoly": {"vertices": [{"x": 1747.0, "y": 1498.0}, {"x": 1998.0, "y": 1493.0}, {"x": 2000.0, "y": 1606.0}, {"x": 1752.0, "y": 1611.0}]}, "description": "3.70"}, {"boundingPoly": {"vertices": [{"x": 737.0, "y": 1847.0}, {"x": 1023.0, "y": 1847.0}, {"x": 1023.0, "y": 1913.0}, {"x": 737.0, "y": 1913.0}]}, "description": "5008 AMEX"}, {"boundingPoly": {"vertices": [{"x": 1875.0, "y": 1828.0}, {"x": 2006.0, "y": 1826.0}, {"x": 2007.0, "y": 1886.0}, {"x": 1878.0, "y": 1890.0}]}, "description": "3.70"}, {"boundingPoly": {"vertices": [{"x": 748.0, "y": 2068.0}, {"x": 845.0, "y": 2069.0}, {"x": 845.0, "y": 2131.0}, {"x": 748.0, "y": 2129.0}]}, "description": "Tax"}, {"boundingPoly": {"vertices": [{"x": 741.0, "y": 2137.0}, {"x": 992.0, "y": 2137.0}, {"x": 992.0, "y": 2204.0}, {"x": 741.0, "y": 2204.0}]}, "description": " () 8.875"}, {"boundingPoly": {"vertices": [{"x": 1229.0, "y": 2052.0}, {"x": 1678.0, "y": 2052.0}, {"x": 1678.0, "y": 2126.0}, {"x": 1229.0, "y": 2126.0}]}, "description": " Taxable Amount"}, {"boundingPoly": {"vertices": [{"x": 1529.0, "y": 2127.0}, {"x": 1644.0, "y": 2127.0}, {"x": 1645.0, "y": 2184.0}, {"x": 1530.0, "y": 2185.0}]}, "description": "3.40"}, {"boundingPoly": {"vertices": [{"x": 1700.0, "y": 2047.0}, {"x": 2005.0, "y": 2047.0}, {"x": 2005.0, "y": 2119.0}, {"x": 1700.0, "y": 2119.0}]}, "description": " Tax Amount"}, {"boundingPoly": {"vertices": [{"x": 1891.0, "y": 2120.0}, {"x": 2007.0, "y": 2118.0}, {"x": 2009.0, "y": 2179.0}, {"x": 1890.0, "y": 2182.0}]}, "description": "0.30"}, {"boundingPoly": {"vertices": [{"x": 642.0, "y": 2145.0}, {"x": 696.0, "y": 2145.0}, {"x": 696.0, "y": 2206.0}, {"x": 642.0, "y": 2206.0}]}, "description": " -"}, {"boundingPoly": {"vertices": [{"x": 727.0, "y": 2341.0}, {"x": 1387.0, "y": 2341.0}, {"x": 1387.0, "y": 2415.0}, {"x": 727.0, "y": 2415.0}]}, "description": " 11/25/2019 11:47 AM #:"}, {"boundingPoly": {"vertices": [{"x": 723.0, "y": 2421.0}, {"x": 1032.0, "y": 2421.0}, {"x": 1032.0, "y": 2488.0}, {"x": 723.0, "y": 2488.0}]}, "description": " 108 S:1111"}, {"boundingPoly": {"vertices": [{"x": 705.0, "y": 2498.0}, {"x": 1043.0, "y": 2498.0}, {"x": 1043.0, "y": 2569.0}, {"x": 705.0, "y": 2569.0}]}, "description": " Served you"}, {"boundingPoly": {"vertices": [{"x": 1400.0, "y": 2336.0}, {"x": 2018.0, "y": 2336.0}, {"x": 2018.0, "y": 2411.0}, {"x": 1400.0, "y": 2411.0}]}, "description": " 17746 Op:4032 C:111"}, {"boundingPoly": {"vertices": [{"x": 1056.0, "y": 2490.0}, {"x": 1472.0, "y": 2490.0}, {"x": 1472.0, "y": 2568.0}, {"x": 1056.0, "y": 2568.0}]}, "description": " : Fnu Yangdon"}, {"boundingPoly": {"vertices": [{"x": 974.0, "y": 2803.0}, {"x": 1663.0, "y": 2804.0}, {"x": 1663.0, "y": 2878.0}, {"x": 974.0, "y": 2876.0}]}, "description": "*** Customer copy ***"}, {"boundingPoly": {"vertices": [{"x": 1093.0, "y": 2964.0}, {"x": 1555.0, "y": 2965.0}, {"x": 1554.0, "y": 3042.0}, {"x": 1093.0, "y": 3038.0}]}, "description": "AMEX NY937 (8)"}, {"boundingPoly": {"vertices": [{"x": 642.0, "y": 3127.0}, {"x": 1302.0, "y": 3131.0}, {"x": 1301.0, "y": 3206.0}, {"x": 642.0, "y": 3203.0}]}, "description": "PURCHASE / APPROVED"}, {"boundingPoly": {"vertices": [{"x": 632.0, "y": 3211.0}, {"x": 779.0, "y": 3216.0}, {"x": 778.0, "y": 3283.0}, {"x": 628.0, "y": 3277.0}]}, "description": "AMEX"}, {"boundingPoly": {"vertices": [{"x": 617.0, "y": 3300.0}, {"x": 1159.0, "y": 3300.0}, {"x": 1159.0, "y": 3367.0}, {"x": 617.0, "y": 3364.0}]}, "description": "*********** 1000"}, {"boundingPoly": {"vertices": [{"x": 604.0, "y": 3381.0}, {"x": 1336.0, "y": 3387.0}, {"x": 1335.0, "y": 3467.0}, {"x": 603.0, "y": 3460.0}]}, "description": "CONTACTLESS / No CVM"}, {"boundingPoly": {"vertices": [{"x": 580.0, "y": 3564.0}, {"x": 1302.0, "y": 3564.0}, {"x": 1302.0, "y": 3656.0}, {"x": 580.0, "y": 3656.0}]}, "description": " 2019/11/25 11:47:34"}, {"boundingPoly": {"vertices": [{"x": 566.0, "y": 3662.0}, {"x": 689.0, "y": 3665.0}, {"x": 686.0, "y": 3747.0}, {"x": 566.0, "y": 3744.0}]}, "description": "TID"}, {"boundingPoly": {"vertices": [{"x": 538.0, "y": 3765.0}, {"x": 674.0, "y": 3765.0}, {"x": 670.0, "y": 3845.0}, {"x": 539.0, "y": 3844.0}]}, "description": "MID"}, {"boundingPoly": {"vertices": [{"x": 517.0, "y": 3868.0}, {"x": 908.0, "y": 3861.0}, {"x": 909.0, "y": 3953.0}, {"x": 517.0, "y": 3956.0}]}, "description": "REFERENCE"}, {"boundingPoly": {"vertices": [{"x": 520.0, "y": 3975.0}, {"x": 884.0, "y": 3973.0}, {"x": 884.0, "y": 4050.0}, {"x": 520.0, "y": 4051.0}]}, "description": "AUTH CODE"}, {"boundingPoly": {"vertices": [{"x": 1753.0, "y": 3667.0}, {"x": 2052.0, "y": 3667.0}, {"x": 2052.0, "y": 3739.0}, {"x": 1753.0, "y": 3739.0}]}, "description": "**** 6034"}, {"boundingPoly": {"vertices": [{"x": 1802.0, "y": 3760.0}, {"x": 2059.0, "y": 3759.0}, {"x": 2059.0, "y": 3841.0}, {"x": 1802.0, "y": 3843.0}]}, "description": "6634459"}, {"boundingPoly": {"vertices": [{"x": 1122.0, "y": 3864.0}, {"x": 2075.0, "y": 3857.0}, {"x": 2076.0, "y": 3945.0}, {"x": 1122.0, "y": 3956.0}]}, "description": "S1111T111108#17746@730539"}, {"boundingPoly": {"vertices": [{"x": 1844.0, "y": 3966.0}, {"x": 2089.0, "y": 3965.0}, {"x": 2091.0, "y": 4046.0}, {"x": 1849.0, "y": 4054.0}]}, "description": "522089"}]}