{"textAnnotations": [{"boundingPoly": {"vertices": [{"x": 188.0, "y": 63.0}, {"x": 418.0, "y": 78.0}, {"x": 417.0, "y": 95.0}, {"x": 187.0, "y": 80.0}]}, "description": "Thank You For Visiting the"}, {"boundingPoly": {"vertices": [{"x": 203.0, "y": 100.0}, {"x": 401.0, "y": 110.0}, {"x": 400.0, "y": 127.0}, {"x": 203.0, "y": 116.0}]}, "description": "We Love Your Feedback!"}, {"boundingPoly": {"vertices": [{"x": 181.0, "y": 81.0}, {"x": 421.0, "y": 94.0}, {"x": 420.0, "y": 111.0}, {"x": 180.0, "y": 97.0}]}, "description": "merchant name"}, {"boundingPoly": {"vertices": [{"x": 200.0, "y": 117.0}, {"x": 407.0, "y": 128.0}, {"x": 406.0, "y": 146.0}, {"x": 199.0, "y": 134.0}]}, "description": "Text @LTF10051 to 73940"}, {"boundingPoly": {"vertices": [{"x": 119.0, "y": 162.0}, {"x": 304.0, "y": 175.0}, {"x": 303.0, "y": 193.0}, {"x": 118.0, "y": 181.0}]}, "description": "Starbucks Mocha Tall"}, {"boundingPoly": {"vertices": [{"x": 117.0, "y": 201.0}, {"x": 258.0, "y": 209.0}, {"x": 257.0, "y": 226.0}, {"x": 116.0, "y": 218.0}]}, "description": "Adobe Guacamole"}, {"boundingPoly": {"vertices": [{"x": 112.0, "y": 236.0}, {"x": 209.0, "y": 241.0}, {"x": 208.0, "y": 258.0}, {"x": 112.0, "y": 252.0}]}, "description": "Hand Fruit"}, {"boundingPoly": {"vertices": [{"x": 117.0, "y": 182.0}, {"x": 268.0, "y": 192.0}, {"x": 267.0, "y": 209.0}, {"x": 116.0, "y": 199.0}]}, "description": "Adobe Taco Salad"}, {"boundingPoly": {"vertices": [{"x": 115.0, "y": 219.0}, {"x": 258.0, "y": 227.0}, {"x": 257.0, "y": 244.0}, {"x": 115.0, "y": 235.0}]}, "description": "Adobe Guacamole"}, {"boundingPoly": {"vertices": [{"x": 457.0, "y": 170.0}, {"x": 489.0, "y": 171.0}, {"x": 488.0, "y": 188.0}, {"x": 457.0, "y": 186.0}]}, "description": "USD"}, {"boundingPoly": {"vertices": [{"x": 453.0, "y": 187.0}, {"x": 489.0, "y": 187.0}, {"x": 487.0, "y": 204.0}, {"x": 452.0, "y": 204.0}]}, "description": "3.55"}, {"boundingPoly": {"vertices": [{"x": 452.0, "y": 204.0}, {"x": 492.0, "y": 206.0}, {"x": 491.0, "y": 222.0}, {"x": 452.0, "y": 220.0}]}, "description": "3.99"}, {"boundingPoly": {"vertices": [{"x": 454.0, "y": 222.0}, {"x": 494.0, "y": 223.0}, {"x": 492.0, "y": 239.0}, {"x": 453.0, "y": 238.0}]}, "description": "0.74"}, {"boundingPoly": {"vertices": [{"x": 454.0, "y": 240.0}, {"x": 494.0, "y": 240.0}, {"x": 493.0, "y": 256.0}, {"x": 455.0, "y": 256.0}]}, "description": "0.74"}, {"boundingPoly": {"vertices": [{"x": 456.0, "y": 256.0}, {"x": 495.0, "y": 257.0}, {"x": 494.0, "y": 272.0}, {"x": 458.0, "y": 272.0}]}, "description": "0.53"}, {"boundingPoly": {"vertices": [{"x": 330.0, "y": 280.0}, {"x": 416.0, "y": 282.0}, {"x": 416.0, "y": 295.0}, {"x": 330.0, "y": 293.0}]}, "description": "Sub Total"}, {"boundingPoly": {"vertices": [{"x": 370.0, "y": 293.0}, {"x": 425.0, "y": 294.0}, {"x": 425.0, "y": 304.0}, {"x": 370.0, "y": 303.0}]}, "description": "Amort"}, {"boundingPoly": {"vertices": [{"x": 333.0, "y": 290.0}, {"x": 368.0, "y": 292.0}, {"x": 367.0, "y": 302.0}, {"x": 332.0, "y": 300.0}]}, "description": "TOx"}, {"boundingPoly": {"vertices": [{"x": 97.0, "y": 341.0}, {"x": 276.0, "y": 343.0}, {"x": 276.0, "y": 381.0}, {"x": 96.0, "y": 378.0}]}, "description": "Total USD"}, {"boundingPoly": {"vertices": [{"x": 411.0, "y": 348.0}, {"x": 507.0, "y": 347.0}, {"x": 506.0, "y": 383.0}, {"x": 411.0, "y": 382.0}]}, "description": "10.37"}, {"boundingPoly": {"vertices": [{"x": 97.0, "y": 447.0}, {"x": 308.0, "y": 450.0}, {"x": 308.0, "y": 471.0}, {"x": 96.0, "y": 468.0}]}, "description": "5009 AMERICAN EXPRESS"}, {"boundingPoly": {"vertices": [{"x": 459.0, "y": 454.0}, {"x": 507.0, "y": 454.0}, {"x": 507.0, "y": 474.0}, {"x": 459.0, "y": 473.0}]}, "description": "10.37"}, {"boundingPoly": {"vertices": [{"x": 97.0, "y": 513.0}, {"x": 130.0, "y": 514.0}, {"x": 129.0, "y": 532.0}, {"x": 97.0, "y": 531.0}]}, "description": "Tax"}, {"boundingPoly": {"vertices": [{"x": 97.0, "y": 534.0}, {"x": 169.0, "y": 534.0}, {"x": 169.0, "y": 555.0}, {"x": 97.0, "y": 555.0}]}, "description": "() 8.60"}, {"boundingPoly": {"vertices": [{"x": 259.0, "y": 517.0}, {"x": 404.0, "y": 517.0}, {"x": 404.0, "y": 538.0}, {"x": 259.0, "y": 538.0}]}, "description": " Taxable Amount"}, {"boundingPoly": {"vertices": [{"x": 357.0, "y": 539.0}, {"x": 397.0, "y": 539.0}, {"x": 398.0, "y": 558.0}, {"x": 357.0, "y": 558.0}]}, "description": "9.55"}, {"boundingPoly": {"vertices": [{"x": 412.0, "y": 518.0}, {"x": 511.0, "y": 518.0}, {"x": 511.0, "y": 540.0}, {"x": 412.0, "y": 540.0}]}, "description": " Tax Amount"}, {"boundingPoly": {"vertices": [{"x": 474.0, "y": 541.0}, {"x": 512.0, "y": 541.0}, {"x": 511.0, "y": 560.0}, {"x": 474.0, "y": 560.0}]}, "description": "0.82"}, {"boundingPoly": {"vertices": [{"x": 94.0, "y": 597.0}, {"x": 521.0, "y": 597.0}, {"x": 521.0, "y": 622.0}, {"x": 94.0, "y": 622.0}]}, "description": " 11/12/2019 01:06 PM #:55681 Op:3070 C:112"}, {"boundingPoly": {"vertices": [{"x": 90.0, "y": 638.0}, {"x": 204.0, "y": 638.0}, {"x": 204.0, "y": 658.0}, {"x": 90.0, "y": 658.0}]}, "description": " Served you"}, {"boundingPoly": {"vertices": [{"x": 95.0, "y": 618.0}, {"x": 198.0, "y": 618.0}, {"x": 198.0, "y": 638.0}, {"x": 95.0, "y": 638.0}]}, "description": " 103 S:1121"}, {"boundingPoly": {"vertices": [{"x": 208.0, "y": 639.0}, {"x": 365.0, "y": 639.0}, {"x": 365.0, "y": 659.0}, {"x": 208.0, "y": 659.0}]}, "description": " : Lorena Fontes"}, {"boundingPoly": {"vertices": [{"x": 187.0, "y": 735.0}, {"x": 410.0, "y": 735.0}, {"x": 410.0, "y": 757.0}, {"x": 187.0, "y": 758.0}]}, "description": "*** Customer copy ***"}, {"boundingPoly": {"vertices": [{"x": 230.0, "y": 784.0}, {"x": 378.0, "y": 782.0}, {"x": 378.0, "y": 806.0}, {"x": 230.0, "y": 807.0}]}, "description": "AMEX AESCP (4)"}, {"boundingPoly": {"vertices": [{"x": 97.0, "y": 811.0}, {"x": 496.0, "y": 807.0}, {"x": 496.0, "y": 831.0}, {"x": 97.0, "y": 836.0}]}, "description": "I agree to pay the above total amount"}, {"boundingPoly": {"vertices": [{"x": 174.0, "y": 837.0}, {"x": 433.0, "y": 834.0}, {"x": 434.0, "y": 855.0}, {"x": 174.0, "y": 860.0}]}, "description": "according to card issuer"}, {"boundingPoly": {"vertices": [{"x": 83.0, "y": 865.0}, {"x": 507.0, "y": 856.0}, {"x": 508.0, "y": 879.0}, {"x": 83.0, "y": 889.0}]}, "description": "agreement. (Merchant agreement if Credit"}, {"boundingPoly": {"vertices": [{"x": 118.0, "y": 890.0}, {"x": 480.0, "y": 884.0}, {"x": 480.0, "y": 907.0}, {"x": 118.0, "y": 915.0}]}, "description": "Voucher)Retain this copy for your"}, {"boundingPoly": {"vertices": [{"x": 265.0, "y": 917.0}, {"x": 351.0, "y": 914.0}, {"x": 352.0, "y": 936.0}, {"x": 265.0, "y": 939.0}]}, "description": "records."}, {"boundingPoly": {"vertices": [{"x": 81.0, "y": 974.0}, {"x": 299.0, "y": 967.0}, {"x": 299.0, "y": 992.0}, {"x": 81.0, "y": 999.0}]}, "description": "PURCHASE / APPROVED"}, {"boundingPoly": {"vertices": [{"x": 81.0, "y": 1003.0}, {"x": 265.0, "y": 997.0}, {"x": 266.0, "y": 1021.0}, {"x": 81.0, "y": 1027.0}]}, "description": "AMERICAN EXPRESS"}, {"boundingPoly": {"vertices": [{"x": 81.0, "y": 1032.0}, {"x": 255.0, "y": 1026.0}, {"x": 256.0, "y": 1049.0}, {"x": 81.0, "y": 1054.0}]}, "description": "*********** 1009"}, {"boundingPoly": {"vertices": [{"x": 79.0, "y": 1059.0}, {"x": 210.0, "y": 1056.0}, {"x": 210.0, "y": 1081.0}, {"x": 79.0, "y": 1085.0}]}, "description": "CHIP READ /"}, {"boundingPoly": {"vertices": [{"x": 74.0, "y": 1100.0}, {"x": 301.0, "y": 1100.0}, {"x": 301.0, "y": 1136.0}, {"x": 74.0, "y": 1136.0}]}, "description": " 2019/11/12 13:06:25"}, {"boundingPoly": {"vertices": [{"x": 74.0, "y": 1140.0}, {"x": 113.0, "y": 1139.0}, {"x": 112.0, "y": 1162.0}, {"x": 75.0, "y": 1162.0}]}, "description": "TID"}, {"boundingPoly": {"vertices": [{"x": 71.0, "y": 1169.0}, {"x": 112.0, "y": 1167.0}, {"x": 113.0, "y": 1191.0}, {"x": 72.0, "y": 1192.0}]}, "description": "MID"}, {"boundingPoly": {"vertices": [{"x": 72.0, "y": 1198.0}, {"x": 185.0, "y": 1193.0}, {"x": 186.0, "y": 1218.0}, {"x": 72.0, "y": 1224.0}]}, "description": "REFERENCE"}, {"boundingPoly": {"vertices": [{"x": 71.0, "y": 1229.0}, {"x": 185.0, "y": 1224.0}, {"x": 186.0, "y": 1250.0}, {"x": 72.0, "y": 1255.0}]}, "description": "AUTH CODE"}, {"boundingPoly": {"vertices": [{"x": 448.0, "y": 1121.0}, {"x": 541.0, "y": 1117.0}, {"x": 542.0, "y": 1139.0}, {"x": 449.0, "y": 1143.0}]}, "description": "**** 5995"}, {"boundingPoly": {"vertices": [{"x": 463.0, "y": 1149.0}, {"x": 544.0, "y": 1144.0}, {"x": 546.0, "y": 1168.0}, {"x": 464.0, "y": 1173.0}]}, "description": "6634458"}, {"boundingPoly": {"vertices": [{"x": 253.0, "y": 1189.0}, {"x": 546.0, "y": 1174.0}, {"x": 548.0, "y": 1199.0}, {"x": 254.0, "y": 1215.0}]}, "description": "S1121T112103#55681@134046"}, {"boundingPoly": {"vertices": [{"x": 478.0, "y": 1207.0}, {"x": 550.0, "y": 1204.0}, {"x": 551.0, "y": 1227.0}, {"x": 479.0, "y": 1231.0}]}, "description": "800906"}, {"boundingPoly": {"vertices": [{"x": 72.0, "y": 1291.0}, {"x": 134.0, "y": 1290.0}, {"x": 134.0, "y": 1317.0}, {"x": 73.0, "y": 1318.0}]}, "description": "TOTAL"}, {"boundingPoly": {"vertices": [{"x": 458.0, "y": 1269.0}, {"x": 554.0, "y": 1264.0}, {"x": 556.0, "y": 1290.0}, {"x": 459.0, "y": 1295.0}]}, "description": "USD10.37"}, {"boundingPoly": {"vertices": [{"x": 68.0, "y": 1354.0}, {"x": 126.0, "y": 1354.0}, {"x": 126.0, "y": 1386.0}, {"x": 68.0, "y": 1386.0}]}, "description": " ARC:"}, {"boundingPoly": {"vertices": [{"x": 68.0, "y": 1388.0}, {"x": 123.0, "y": 1388.0}, {"x": 123.0, "y": 1420.0}, {"x": 68.0, "y": 1420.0}]}, "description": " TSI:"}, {"boundingPoly": {"vertices": [{"x": 68.0, "y": 1421.0}, {"x": 124.0, "y": 1421.0}, {"x": 124.0, "y": 1452.0}, {"x": 68.0, "y": 1452.0}]}, "description": " IAD:"}, {"boundingPoly": {"vertices": [{"x": 66.0, "y": 1454.0}, {"x": 126.0, "y": 1454.0}, {"x": 126.0, "y": 1485.0}, {"x": 66.0, "y": 1485.0}]}, "description": " TVR:"}, {"boundingPoly": {"vertices": [{"x": 67.0, "y": 1487.0}, {"x": 124.0, "y": 1487.0}, {"x": 124.0, "y": 1518.0}, {"x": 67.0, "y": 1518.0}]}, "description": " AID:"}, {"boundingPoly": {"vertices": [{"x": 130.0, "y": 1352.0}, {"x": 160.0, "y": 1352.0}, {"x": 160.0, "y": 1382.0}, {"x": 130.0, "y": 1382.0}]}, "description": " 00"}, {"boundingPoly": {"vertices": [{"x": 127.0, "y": 1384.0}, {"x": 185.0, "y": 1384.0}, {"x": 185.0, "y": 1416.0}, {"x": 127.0, "y": 1416.0}]}, "description": " F800"}, {"boundingPoly": {"vertices": [{"x": 128.0, "y": 1407.0}, {"x": 310.0, "y": 1407.0}, {"x": 310.0, "y": 1448.0}, {"x": 128.0, "y": 1448.0}]}, "description": " 066D0103602002"}, {"boundingPoly": {"vertices": [{"x": 128.0, "y": 1470.0}, {"x": 333.0, "y": 1470.0}, {"x": 333.0, "y": 1513.0}, {"x": 128.0, "y": 1513.0}]}, "description": " A000000025010801"}, {"boundingPoly": {"vertices": [{"x": 66.0, "y": 1512.0}, {"x": 214.0, "y": 1512.0}, {"x": 214.0, "y": 1549.0}, {"x": 66.0, "y": 1549.0}]}, "description": " PAN Seq No:"}, {"boundingPoly": {"vertices": [{"x": 128.0, "y": 1444.0}, {"x": 262.0, "y": 1444.0}, {"x": 262.0, "y": 1481.0}, {"x": 128.0, "y": 1481.0}]}, "description": " 0000008000"}, {"boundingPoly": {"vertices": [{"x": 218.0, "y": 1509.0}, {"x": 247.0, "y": 1509.0}, {"x": 247.0, "y": 1539.0}, {"x": 218.0, "y": 1539.0}]}, "description": " 00"}]}