{"textAnnotations": [{"boundingPoly": {"vertices": [{"x": 762.0, "y": 604.0}, {"x": 1547.0, "y": 593.0}, {"x": 1549.0, "y": 647.0}, {"x": 763.0, "y": 667.0}]}, "description": "===== TAX INVOICE ======="}, {"boundingPoly": {"vertices": [{"x": 1075.0, "y": 720.0}, {"x": 1247.0, "y": 721.0}, {"x": 1245.0, "y": 775.0}, {"x": 1077.0, "y": 777.0}]}, "description": "merchant address"}, {"boundingPoly": {"vertices": [{"x": 679.0, "y": 668.0}, {"x": 1680.0, "y": 645.0}, {"x": 1681.0, "y": 715.0}, {"x": 681.0, "y": 736.0}]}, "description": "merchant name"}, {"boundingPoly": {"vertices": [{"x": 829.0, "y": 788.0}, {"x": 1530.0, "y": 768.0}, {"x": 1531.0, "y": 828.0}, {"x": 830.0, "y": 847.0}]}, "description": "merchant address"}, {"boundingPoly": {"vertices": [{"x": 865.0, "y": 840.0}, {"x": 1013.0, "y": 840.0}, {"x": 1013.0, "y": 902.0}, {"x": 865.0, "y": 902.0}]}, "description": " ABN:"}, {"boundingPoly": {"vertices": [{"x": 1024.0, "y": 832.0}, {"x": 1475.0, "y": 832.0}, {"x": 1475.0, "y": 899.0}, {"x": 1024.0, "y": 899.0}]}, "description": " 75 134 475 924"}, {"boundingPoly": {"vertices": [{"x": 597.0, "y": 957.0}, {"x": 1035.0, "y": 954.0}, {"x": 1035.0, "y": 1014.0}, {"x": 598.0, "y": 1019.0}]}, "description": "500012 Sarocha"}, {"boundingPoly": {"vertices": [{"x": 1796.0, "y": 1048.0}, {"x": 1800.0, "y": 1107.0}, {"x": 1770.0, "y": 1111.0}, {"x": 1765.0, "y": 1052.0}]}, "description": "O"}, {"boundingPoly": {"vertices": [{"x": 570.0, "y": 1078.0}, {"x": 825.0, "y": 1077.0}, {"x": 826.0, "y": 1133.0}, {"x": 570.0, "y": 1136.0}]}, "description": "Chk 3788"}, {"boundingPoly": {"vertices": [{"x": 1120.0, "y": 1057.0}, {"x": 1719.0, "y": 1057.0}, {"x": 1719.0, "y": 1130.0}, {"x": 1120.0, "y": 1130.0}]}, "description": " 250ct'19 13:58 Gst"}, {"boundingPoly": {"vertices": [{"x": 703.0, "y": 1192.0}, {"x": 1244.0, "y": 1191.0}, {"x": 1244.0, "y": 1254.0}, {"x": 703.0, "y": 1255.0}]}, "description": "Take Away"}, {"boundingPoly": {"vertices": [{"x": 644.0, "y": 1256.0}, {"x": 681.0, "y": 1256.0}, {"x": 681.0, "y": 1316.0}, {"x": 644.0, "y": 1316.0}]}, "description": " 1"}, {"boundingPoly": {"vertices": [{"x": 692.0, "y": 1240.0}, {"x": 1401.0, "y": 1240.0}, {"x": 1401.0, "y": 1316.0}, {"x": 692.0, "y": 1316.0}]}, "description": " Black Signature @ 19.95"}, {"boundingPoly": {"vertices": [{"x": 698.0, "y": 1318.0}, {"x": 950.0, "y": 1318.0}, {"x": 950.0, "y": 1369.0}, {"x": 698.0, "y": 1371.0}]}, "description": "Mexicana"}, {"boundingPoly": {"vertices": [{"x": 1558.0, "y": 1235.0}, {"x": 1714.0, "y": 1235.0}, {"x": 1717.0, "y": 1294.0}, {"x": 1560.0, "y": 1300.0}]}, "description": "19.95"}, {"boundingPoly": {"vertices": [{"x": 647.0, "y": 1373.0}, {"x": 683.0, "y": 1373.0}, {"x": 683.0, "y": 1427.0}, {"x": 647.0, "y": 1427.0}]}, "description": " 1"}, {"boundingPoly": {"vertices": [{"x": 693.0, "y": 1360.0}, {"x": 1285.0, "y": 1360.0}, {"x": 1285.0, "y": 1427.0}, {"x": 693.0, "y": 1427.0}]}, "description": " PepsiMax60cl @ 5.50"}, {"boundingPoly": {"vertices": [{"x": 1583.0, "y": 1354.0}, {"x": 1721.0, "y": 1351.0}, {"x": 1725.0, "y": 1405.0}, {"x": 1586.0, "y": 1410.0}]}, "description": "5.50"}, {"boundingPoly": {"vertices": [{"x": 697.0, "y": 1424.0}, {"x": 793.0, "y": 1422.0}, {"x": 793.0, "y": 1472.0}, {"x": 695.0, "y": 1474.0}]}, "description": "PET"}, {"boundingPoly": {"vertices": [{"x": 694.0, "y": 1479.0}, {"x": 857.0, "y": 1479.0}, {"x": 856.0, "y": 1533.0}, {"x": 694.0, "y": 1532.0}]}, "description": "0.9 %"}, {"boundingPoly": {"vertices": [{"x": 685.0, "y": 1531.0}, {"x": 1073.0, "y": 1524.0}, {"x": 1074.0, "y": 1585.0}, {"x": 685.0, "y": 1590.0}]}, "description": "0.9%CredtSVC"}, {"boundingPoly": {"vertices": [{"x": 624.0, "y": 1588.0}, {"x": 664.0, "y": 1588.0}, {"x": 664.0, "y": 1648.0}, {"x": 624.0, "y": 1648.0}]}, "description": " 1"}, {"boundingPoly": {"vertices": [{"x": 675.0, "y": 1584.0}, {"x": 1135.0, "y": 1584.0}, {"x": 1135.0, "y": 1648.0}, {"x": 675.0, "y": 1648.0}]}, "description": " EFTPOS @ 25.70"}, {"boundingPoly": {"vertices": [{"x": 1602.0, "y": 1523.0}, {"x": 1742.0, "y": 1518.0}, {"x": 1743.0, "y": 1578.0}, {"x": 1604.0, "y": 1582.0}]}, "description": "0.25"}, {"boundingPoly": {"vertices": [{"x": 1579.0, "y": 1580.0}, {"x": 1748.0, "y": 1578.0}, {"x": 1751.0, "y": 1638.0}, {"x": 1578.0, "y": 1640.0}]}, "description": "25.70"}, {"boundingPoly": {"vertices": [{"x": 667.0, "y": 1696.0}, {"x": 927.0, "y": 1696.0}, {"x": 927.0, "y": 1758.0}, {"x": 667.0, "y": 1758.0}]}, "description": "Subtotal"}, {"boundingPoly": {"vertices": [{"x": 665.0, "y": 1759.0}, {"x": 768.0, "y": 1759.0}, {"x": 765.0, "y": 1818.0}, {"x": 664.0, "y": 1822.0}]}, "description": "GST"}, {"boundingPoly": {"vertices": [{"x": 1587.0, "y": 1691.0}, {"x": 1764.0, "y": 1690.0}, {"x": 1767.0, "y": 1755.0}, {"x": 1588.0, "y": 1756.0}]}, "description": "25.45"}, {"boundingPoly": {"vertices": [{"x": 1623.0, "y": 1755.0}, {"x": 1772.0, "y": 1756.0}, {"x": 1774.0, "y": 1813.0}, {"x": 1622.0, "y": 1815.0}]}, "description": "2.31"}, {"boundingPoly": {"vertices": [{"x": 1627.0, "y": 1814.0}, {"x": 1779.0, "y": 1815.0}, {"x": 1778.0, "y": 1879.0}, {"x": 1625.0, "y": 1879.0}]}, "description": "0.25"}, {"boundingPoly": {"vertices": [{"x": 1434.0, "y": 1883.0}, {"x": 1776.0, "y": 1880.0}, {"x": 1777.0, "y": 1949.0}, {"x": 1435.0, "y": 1952.0}]}, "description": "25.70"}, {"boundingPoly": {"vertices": [{"x": 650.0, "y": 1886.0}, {"x": 896.0, "y": 1885.0}, {"x": 896.0, "y": 1953.0}, {"x": 650.0, "y": 1955.0}]}, "description": "Payment"}, {"boundingPoly": {"vertices": [{"x": 646.0, "y": 2007.0}, {"x": 1521.0, "y": 2007.0}, {"x": 1521.0, "y": 2086.0}, {"x": 645.0, "y": 2085.0}]}, "description": "Tell us about your dining"}, {"boundingPoly": {"vertices": [{"x": 635.0, "y": 2091.0}, {"x": 993.0, "y": 2086.0}, {"x": 994.0, "y": 2148.0}, {"x": 636.0, "y": 2154.0}]}, "description": "experience"}, {"boundingPoly": {"vertices": [{"x": 634.0, "y": 2153.0}, {"x": 1173.0, "y": 2156.0}, {"x": 1172.0, "y": 2224.0}, {"x": 634.0, "y": 2220.0}]}, "description": "info@ssp-au.com"}, {"boundingPoly": {"vertices": [{"x": 623.0, "y": 2222.0}, {"x": 1638.0, "y": 2222.0}, {"x": 1638.0, "y": 2295.0}, {"x": 623.0, "y": 2295.0}]}, "description": " http://www.eatonthemove.com/"}, {"boundingPoly": {"vertices": [{"x": 482.0, "y": 2292.0}, {"x": 1204.0, "y": 2297.0}, {"x": 1203.0, "y": 2368.0}, {"x": 482.0, "y": 2364.0}]}, "description": "* GST Exclusive Item"}]}