{"textAnnotations": [{"boundingPoly": {"vertices": [{"x": 797.0, "y": 360.0}, {"x": 1165.0, "y": 357.0}, {"x": 1165.0, "y": 410.0}, {"x": 797.0, "y": 412.0}]}, "description": "merchant name"}, {"boundingPoly": {"vertices": [{"x": 746.0, "y": 455.0}, {"x": 1197.0, "y": 446.0}, {"x": 1198.0, "y": 501.0}, {"x": 746.0, "y": 509.0}]}, "description": "merchant address"}, {"boundingPoly": {"vertices": [{"x": 775.0, "y": 529.0}, {"x": 1158.0, "y": 525.0}, {"x": 1158.0, "y": 573.0}, {"x": 775.0, "y": 577.0}]}, "description": "merchant address"}, {"boundingPoly": {"vertices": [{"x": 688.0, "y": 586.0}, {"x": 1240.0, "y": 574.0}, {"x": 1241.0, "y": 624.0}, {"x": 688.0, "y": 634.0}]}, "description": "merchant address"}, {"boundingPoly": {"vertices": [{"x": 744.0, "y": 639.0}, {"x": 1174.0, "y": 630.0}, {"x": 1175.0, "y": 683.0}, {"x": 746.0, "y": 694.0}]}, "description": "merchant phone"}, {"boundingPoly": {"vertices": [{"x": 592.0, "y": 814.0}, {"x": 750.0, "y": 814.0}, {"x": 750.0, "y": 864.0}, {"x": 592.0, "y": 865.0}]}, "description": "Date"}, {"boundingPoly": {"vertices": [{"x": 523.0, "y": 876.0}, {"x": 726.0, "y": 876.0}, {"x": 726.0, "y": 927.0}, {"x": 523.0, "y": 927.0}]}, "description": "Server"}, {"boundingPoly": {"vertices": [{"x": 470.0, "y": 936.0}, {"x": 725.0, "y": 937.0}, {"x": 724.0, "y": 990.0}, {"x": 470.0, "y": 989.0}]}, "description": "Check #"}, {"boundingPoly": {"vertices": [{"x": 537.0, "y": 1003.0}, {"x": 736.0, "y": 1003.0}, {"x": 736.0, "y": 1055.0}, {"x": 537.0, "y": 1054.0}]}, "description": "Label"}, {"boundingPoly": {"vertices": [{"x": 466.0, "y": 1067.0}, {"x": 719.0, "y": 1068.0}, {"x": 719.0, "y": 1121.0}, {"x": 465.0, "y": 1119.0}]}, "description": "# Guest"}, {"boundingPoly": {"vertices": [{"x": 354.0, "y": 1130.0}, {"x": 728.0, "y": 1135.0}, {"x": 727.0, "y": 1195.0}, {"x": 354.0, "y": 1189.0}]}, "description": "Order Type"}, {"boundingPoly": {"vertices": [{"x": 778.0, "y": 805.0}, {"x": 1260.0, "y": 805.0}, {"x": 1260.0, "y": 864.0}, {"x": 778.0, "y": 864.0}]}, "description": " 9/25/19, 6:44 PM"}, {"boundingPoly": {"vertices": [{"x": 782.0, "y": 870.0}, {"x": 1036.0, "y": 870.0}, {"x": 1036.0, "y": 928.0}, {"x": 782.0, "y": 927.0}]}, "description": "Tiffany B"}, {"boundingPoly": {"vertices": [{"x": 763.0, "y": 937.0}, {"x": 915.0, "y": 938.0}, {"x": 914.0, "y": 989.0}, {"x": 763.0, "y": 987.0}]}, "description": "9910"}, {"boundingPoly": {"vertices": [{"x": 768.0, "y": 1069.0}, {"x": 796.0, "y": 1072.0}, {"x": 794.0, "y": 1119.0}, {"x": 766.0, "y": 1116.0}]}, "description": "1"}, {"boundingPoly": {"vertices": [{"x": 752.0, "y": 1130.0}, {"x": 996.0, "y": 1131.0}, {"x": 996.0, "y": 1185.0}, {"x": 751.0, "y": 1184.0}]}, "description": "Takeout"}, {"boundingPoly": {"vertices": [{"x": 204.0, "y": 1259.0}, {"x": 416.0, "y": 1262.0}, {"x": 415.0, "y": 1323.0}, {"x": 203.0, "y": 1319.0}]}, "description": "ITEMS"}, {"boundingPoly": {"vertices": [{"x": 186.0, "y": 1344.0}, {"x": 860.0, "y": 1349.0}, {"x": 859.0, "y": 1418.0}, {"x": 186.0, "y": 1413.0}]}, "description": "Coconut Tiger Shrimp"}, {"boundingPoly": {"vertices": [{"x": 1039.0, "y": 1262.0}, {"x": 1180.0, "y": 1258.0}, {"x": 1178.0, "y": 1318.0}, {"x": 1041.0, "y": 1320.0}]}, "description": "QTY"}, {"boundingPoly": {"vertices": [{"x": 1132.0, "y": 1349.0}, {"x": 1169.0, "y": 1359.0}, {"x": 1166.0, "y": 1402.0}, {"x": 1129.0, "y": 1392.0}]}, "description": "1"}, {"boundingPoly": {"vertices": [{"x": 1452.0, "y": 1253.0}, {"x": 1674.0, "y": 1248.0}, {"x": 1675.0, "y": 1309.0}, {"x": 1452.0, "y": 1313.0}]}, "description": "PRICE"}, {"boundingPoly": {"vertices": [{"x": 1454.0, "y": 1340.0}, {"x": 1677.0, "y": 1335.0}, {"x": 1679.0, "y": 1395.0}, {"x": 1454.0, "y": 1402.0}]}, "description": "$11.50"}, {"boundingPoly": {"vertices": [{"x": 891.0, "y": 1566.0}, {"x": 1154.0, "y": 1566.0}, {"x": 1154.0, "y": 1629.0}, {"x": 891.0, "y": 1629.0}]}, "description": "Subtotal"}, {"boundingPoly": {"vertices": [{"x": 1039.0, "y": 1643.0}, {"x": 1151.0, "y": 1649.0}, {"x": 1149.0, "y": 1708.0}, {"x": 1039.0, "y": 1705.0}]}, "description": "Tax"}, {"boundingPoly": {"vertices": [{"x": 992.0, "y": 1723.0}, {"x": 1152.0, "y": 1728.0}, {"x": 1148.0, "y": 1790.0}, {"x": 991.0, "y": 1786.0}]}, "description": "Total"}, {"boundingPoly": {"vertices": [{"x": 1464.0, "y": 1563.0}, {"x": 1695.0, "y": 1559.0}, {"x": 1696.0, "y": 1620.0}, {"x": 1465.0, "y": 1626.0}]}, "description": "$11.50"}, {"boundingPoly": {"vertices": [{"x": 1506.0, "y": 1644.0}, {"x": 1705.0, "y": 1639.0}, {"x": 1707.0, "y": 1702.0}, {"x": 1507.0, "y": 1707.0}]}, "description": "$1.02"}, {"boundingPoly": {"vertices": [{"x": 1470.0, "y": 1722.0}, {"x": 1714.0, "y": 1720.0}, {"x": 1714.0, "y": 1788.0}, {"x": 1470.0, "y": 1789.0}]}, "description": "$12.52"}, {"boundingPoly": {"vertices": [{"x": 693.0, "y": 1882.0}, {"x": 1150.0, "y": 1887.0}, {"x": 1149.0, "y": 1957.0}, {"x": 692.0, "y": 1953.0}]}, "description": "Balance Due"}, {"boundingPoly": {"vertices": [{"x": 1517.0, "y": 1890.0}, {"x": 1720.0, "y": 1888.0}, {"x": 1721.0, "y": 1957.0}, {"x": 1519.0, "y": 1961.0}]}, "description": "$0.00"}, {"boundingPoly": {"vertices": [{"x": 64.0, "y": 2047.0}, {"x": 474.0, "y": 2056.0}, {"x": 472.0, "y": 2129.0}, {"x": 63.0, "y": 2119.0}]}, "description": "PAYMENTS"}, {"boundingPoly": {"vertices": [{"x": 42.0, "y": 2156.0}, {"x": 440.0, "y": 2163.0}, {"x": 438.0, "y": 2234.0}, {"x": 41.0, "y": 2225.0}]}, "description": "Amex-2008"}, {"boundingPoly": {"vertices": [{"x": 1033.0, "y": 2065.0}, {"x": 1155.0, "y": 2062.0}, {"x": 1156.0, "y": 2131.0}, {"x": 1032.0, "y": 2137.0}]}, "description": "TIP"}, {"boundingPoly": {"vertices": [{"x": 1474.0, "y": 2066.0}, {"x": 1737.0, "y": 2066.0}, {"x": 1737.0, "y": 2141.0}, {"x": 1474.0, "y": 2141.0}]}, "description": "TOTAL"}, {"boundingPoly": {"vertices": [{"x": 1486.0, "y": 2178.0}, {"x": 1747.0, "y": 2178.0}, {"x": 1748.0, "y": 2252.0}, {"x": 1487.0, "y": 2255.0}]}, "description": "$12.52"}]}