{"textAnnotations": [{"boundingPoly": {"vertices": [{"x": 884.0, "y": 431.0}, {"x": 1284.0, "y": 408.0}, {"x": 1289.0, "y": 487.0}, {"x": 888.0, "y": 513.0}]}, "description": "merchant name"}, {"boundingPoly": {"vertices": [{"x": 849.0, "y": 581.0}, {"x": 1321.0, "y": 547.0}, {"x": 1323.0, "y": 622.0}, {"x": 854.0, "y": 651.0}]}, "description": "merchant address"}, {"boundingPoly": {"vertices": [{"x": 888.0, "y": 684.0}, {"x": 1279.0, "y": 656.0}, {"x": 1281.0, "y": 726.0}, {"x": 893.0, "y": 746.0}]}, "description": "merchant address"}, {"boundingPoly": {"vertices": [{"x": 876.0, "y": 829.0}, {"x": 1304.0, "y": 799.0}, {"x": 1305.0, "y": 868.0}, {"x": 881.0, "y": 900.0}]}, "description": "merchant phone"}, {"boundingPoly": {"vertices": [{"x": 798.0, "y": 757.0}, {"x": 1372.0, "y": 719.0}, {"x": 1374.0, "y": 790.0}, {"x": 802.0, "y": 821.0}]}, "description": "merchant address"}, {"boundingPoly": {"vertices": [{"x": 732.0, "y": 1021.0}, {"x": 1390.0, "y": 1021.0}, {"x": 1390.0, "y": 1105.0}, {"x": 732.0, "y": 1105.0}]}, "description": " Date 9/18/19, 7:20 PM"}, {"boundingPoly": {"vertices": [{"x": 672.0, "y": 1115.0}, {"x": 883.0, "y": 1119.0}, {"x": 882.0, "y": 1175.0}, {"x": 671.0, "y": 1172.0}]}, "description": "Server"}, {"boundingPoly": {"vertices": [{"x": 624.0, "y": 1186.0}, {"x": 900.0, "y": 1186.0}, {"x": 899.0, "y": 1247.0}, {"x": 624.0, "y": 1246.0}]}, "description": "Check #"}, {"boundingPoly": {"vertices": [{"x": 702.0, "y": 1261.0}, {"x": 907.0, "y": 1261.0}, {"x": 907.0, "y": 1321.0}, {"x": 702.0, "y": 1321.0}]}, "description": " Label"}, {"boundingPoly": {"vertices": [{"x": 640.0, "y": 1334.0}, {"x": 928.0, "y": 1334.0}, {"x": 928.0, "y": 1391.0}, {"x": 640.0, "y": 1392.0}]}, "description": "# Guest"}, {"boundingPoly": {"vertices": [{"x": 542.0, "y": 1404.0}, {"x": 896.0, "y": 1404.0}, {"x": 896.0, "y": 1471.0}, {"x": 542.0, "y": 1471.0}]}, "description": " Order Type"}, {"boundingPoly": {"vertices": [{"x": 916.0, "y": 1117.0}, {"x": 1153.0, "y": 1116.0}, {"x": 1154.0, "y": 1174.0}, {"x": 916.0, "y": 1176.0}]}, "description": "Alabor L."}, {"boundingPoly": {"vertices": [{"x": 928.0, "y": 1187.0}, {"x": 1072.0, "y": 1191.0}, {"x": 1071.0, "y": 1245.0}, {"x": 927.0, "y": 1244.0}]}, "description": "8775"}, {"boundingPoly": {"vertices": [{"x": 931.0, "y": 1405.0}, {"x": 1149.0, "y": 1405.0}, {"x": 1149.0, "y": 1469.0}, {"x": 931.0, "y": 1469.0}]}, "description": " Takeout"}, {"boundingPoly": {"vertices": [{"x": 433.0, "y": 1547.0}, {"x": 626.0, "y": 1548.0}, {"x": 625.0, "y": 1607.0}, {"x": 432.0, "y": 1606.0}]}, "description": "ITEMS"}, {"boundingPoly": {"vertices": [{"x": 425.0, "y": 1633.0}, {"x": 1044.0, "y": 1634.0}, {"x": 1044.0, "y": 1704.0}, {"x": 425.0, "y": 1700.0}]}, "description": "Coconut Tiger Shrimp"}, {"boundingPoly": {"vertices": [{"x": 422.0, "y": 1706.0}, {"x": 767.0, "y": 1706.0}, {"x": 767.0, "y": 1768.0}, {"x": 421.0, "y": 1767.0}]}, "description": "Grilled Corn"}, {"boundingPoly": {"vertices": [{"x": 478.0, "y": 1783.0}, {"x": 705.0, "y": 1781.0}, {"x": 706.0, "y": 1841.0}, {"x": 478.0, "y": 1844.0}]}, "description": "Regular"}, {"boundingPoly": {"vertices": [{"x": 1190.0, "y": 1546.0}, {"x": 1321.0, "y": 1543.0}, {"x": 1322.0, "y": 1603.0}, {"x": 1194.0, "y": 1606.0}]}, "description": "QTY"}, {"boundingPoly": {"vertices": [{"x": 1581.0, "y": 1541.0}, {"x": 1807.0, "y": 1540.0}, {"x": 1807.0, "y": 1605.0}, {"x": 1581.0, "y": 1606.0}]}, "description": "PRICE"}, {"boundingPoly": {"vertices": [{"x": 1593.0, "y": 1638.0}, {"x": 1807.0, "y": 1638.0}, {"x": 1807.0, "y": 1700.0}, {"x": 1593.0, "y": 1702.0}]}, "description": "$11.50"}, {"boundingPoly": {"vertices": [{"x": 1623.0, "y": 1721.0}, {"x": 1813.0, "y": 1715.0}, {"x": 1814.0, "y": 1778.0}, {"x": 1623.0, "y": 1786.0}]}, "description": "$3.25"}, {"boundingPoly": {"vertices": [{"x": 1080.0, "y": 1998.0}, {"x": 1312.0, "y": 2013.0}, {"x": 1308.0, "y": 2072.0}, {"x": 1076.0, "y": 2057.0}]}, "description": "Subtotal"}, {"boundingPoly": {"vertices": [{"x": 1213.0, "y": 2081.0}, {"x": 1317.0, "y": 2087.0}, {"x": 1312.0, "y": 2149.0}, {"x": 1211.0, "y": 2143.0}]}, "description": "Tax"}, {"boundingPoly": {"vertices": [{"x": 1175.0, "y": 2154.0}, {"x": 1317.0, "y": 2167.0}, {"x": 1314.0, "y": 2223.0}, {"x": 1172.0, "y": 2213.0}]}, "description": "Total"}, {"boundingPoly": {"vertices": [{"x": 1587.0, "y": 2024.0}, {"x": 1817.0, "y": 2030.0}, {"x": 1815.0, "y": 2096.0}, {"x": 1586.0, "y": 2091.0}]}, "description": "$14.75"}, {"boundingPoly": {"vertices": [{"x": 1636.0, "y": 2107.0}, {"x": 1808.0, "y": 2111.0}, {"x": 1807.0, "y": 2169.0}, {"x": 1633.0, "y": 2168.0}]}, "description": "$1.31"}, {"boundingPoly": {"vertices": [{"x": 1587.0, "y": 2181.0}, {"x": 1815.0, "y": 2185.0}, {"x": 1813.0, "y": 2250.0}, {"x": 1585.0, "y": 2246.0}]}, "description": "$16.06"}, {"boundingPoly": {"vertices": [{"x": 935.0, "y": 2283.0}, {"x": 1318.0, "y": 2319.0}, {"x": 1314.0, "y": 2378.0}, {"x": 931.0, "y": 2343.0}]}, "description": "Balance Due"}, {"boundingPoly": {"vertices": [{"x": 1637.0, "y": 2335.0}, {"x": 1815.0, "y": 2340.0}, {"x": 1814.0, "y": 2400.0}, {"x": 1635.0, "y": 2399.0}]}, "description": "$0.00"}, {"boundingPoly": {"vertices": [{"x": 415.0, "y": 2440.0}, {"x": 771.0, "y": 2434.0}, {"x": 772.0, "y": 2495.0}, {"x": 416.0, "y": 2501.0}]}, "description": "PAYMENTS"}, {"boundingPoly": {"vertices": [{"x": 412.0, "y": 2534.0}, {"x": 752.0, "y": 2525.0}, {"x": 754.0, "y": 2584.0}, {"x": 412.0, "y": 2594.0}]}, "description": "Amex-2008"}, {"boundingPoly": {"vertices": [{"x": 1219.0, "y": 2460.0}, {"x": 1323.0, "y": 2462.0}, {"x": 1321.0, "y": 2522.0}, {"x": 1218.0, "y": 2519.0}]}, "description": "TIP"}, {"boundingPoly": {"vertices": [{"x": 1589.0, "y": 2480.0}, {"x": 1810.0, "y": 2482.0}, {"x": 1809.0, "y": 2542.0}, {"x": 1589.0, "y": 2540.0}]}, "description": "TOTAL"}, {"boundingPoly": {"vertices": [{"x": 1601.0, "y": 2569.0}, {"x": 1815.0, "y": 2569.0}, {"x": 1815.0, "y": 2628.0}, {"x": 1601.0, "y": 2630.0}]}, "description": "$16.06"}]}