{"textAnnotations": [{"boundingPoly": {"vertices": [{"x": 315.0, "y": 283.0}, {"x": 244.0, "y": 254.0}, {"x": 256.0, "y": 232.0}, {"x": 325.0, "y": 254.0}]}, "description": "AME"}, {"boundingPoly": {"vertices": [{"x": 816.0, "y": 531.0}, {"x": 1393.0, "y": 550.0}, {"x": 1392.0, "y": 591.0}, {"x": 815.0, "y": 574.0}]}, "description": "merchant name"}, {"boundingPoly": {"vertices": [{"x": 909.0, "y": 618.0}, {"x": 1223.0, "y": 626.0}, {"x": 1222.0, "y": 662.0}, {"x": 908.0, "y": 654.0}]}, "description": "merchant address"}, {"boundingPoly": {"vertices": [{"x": 694.0, "y": 653.0}, {"x": 1454.0, "y": 665.0}, {"x": 1454.0, "y": 702.0}, {"x": 694.0, "y": 692.0}]}, "description": "merchant address"}, {"boundingPoly": {"vertices": [{"x": 846.0, "y": 738.0}, {"x": 1286.0, "y": 738.0}, {"x": 1287.0, "y": 778.0}, {"x": 846.0, "y": 783.0}]}, "description": "merchant address"}, {"boundingPoly": {"vertices": [{"x": 985.0, "y": 791.0}, {"x": 1230.0, "y": 791.0}, {"x": 1230.0, "y": 847.0}, {"x": 985.0, "y": 847.0}]}, "description": "merchant phone"}, {"boundingPoly": {"vertices": [{"x": 939.0, "y": 855.0}, {"x": 1177.0, "y": 854.0}, {"x": 1177.0, "y": 901.0}, {"x": 940.0, "y": 903.0}]}, "description": "0111001291"}, {"boundingPoly": {"vertices": [{"x": 972.0, "y": 912.0}, {"x": 1230.0, "y": 912.0}, {"x": 1230.0, "y": 963.0}, {"x": 972.0, "y": 963.0}]}, "description": "TAX INVOICE"}, {"boundingPoly": {"vertices": [{"x": 844.0, "y": 972.0}, {"x": 1354.0, "y": 972.0}, {"x": 1354.0, "y": 1021.0}, {"x": 844.0, "y": 1021.0}]}, "description": " GSTIN:29AABCA5291P123"}, {"boundingPoly": {"vertices": [{"x": 835.0, "y": 1030.0}, {"x": 928.0, "y": 1030.0}, {"x": 928.0, "y": 1078.0}, {"x": 835.0, "y": 1078.0}]}, "description": " CIN"}, {"boundingPoly": {"vertices": [{"x": 709.0, "y": 1077.0}, {"x": 867.0, "y": 1085.0}, {"x": 865.0, "y": 1131.0}, {"x": 707.0, "y": 1123.0}]}, "description": "BILLNO"}, {"boundingPoly": {"vertices": [{"x": 708.0, "y": 1135.0}, {"x": 931.0, "y": 1138.0}, {"x": 930.0, "y": 1185.0}, {"x": 707.0, "y": 1181.0}]}, "description": "DATE TIME"}, {"boundingPoly": {"vertices": [{"x": 703.0, "y": 1191.0}, {"x": 1184.0, "y": 1191.0}, {"x": 1184.0, "y": 1243.0}, {"x": 703.0, "y": 1243.0}]}, "description": " 08/11/2019 11:37:40"}, {"boundingPoly": {"vertices": [{"x": 697.0, "y": 1243.0}, {"x": 1034.0, "y": 1243.0}, {"x": 1034.0, "y": 1292.0}, {"x": 697.0, "y": 1292.0}]}, "description": " ORDER NUMBER:"}, {"boundingPoly": {"vertices": [{"x": 784.0, "y": 697.0}, {"x": 1353.0, "y": 699.0}, {"x": 1352.0, "y": 737.0}, {"x": 784.0, "y": 735.0}]}, "description": "merchant address"}, {"boundingPoly": {"vertices": [{"x": 892.0, "y": 795.0}, {"x": 976.0, "y": 795.0}, {"x": 976.0, "y": 847.0}, {"x": 892.0, "y": 847.0}]}, "description": " PH:"}, {"boundingPoly": {"vertices": [{"x": 960.0, "y": 1031.0}, {"x": 1499.0, "y": 1031.0}, {"x": 1499.0, "y": 1079.0}, {"x": 960.0, "y": 1079.0}]}, "description": " :085110KA1993PLC015001"}, {"boundingPoly": {"vertices": [{"x": 1115.0, "y": 1087.0}, {"x": 1524.0, "y": 1087.0}, {"x": 1524.0, "y": 1136.0}, {"x": 1115.0, "y": 1136.0}]}, "description": " :0111001291/34049"}, {"boundingPoly": {"vertices": [{"x": 1397.0, "y": 1140.0}, {"x": 1476.0, "y": 1141.0}, {"x": 1475.0, "y": 1185.0}, {"x": 1396.0, "y": 1185.0}]}, "description": "TNO"}, {"boundingPoly": {"vertices": [{"x": 1441.0, "y": 1195.0}, {"x": 1549.0, "y": 1193.0}, {"x": 1550.0, "y": 1233.0}, {"x": 1441.0, "y": 1235.0}]}, "description": "0101"}, {"boundingPoly": {"vertices": [{"x": 1043.0, "y": 1247.0}, {"x": 1107.0, "y": 1247.0}, {"x": 1107.0, "y": 1292.0}, {"x": 1043.0, "y": 1292.0}]}, "description": " 7 1"}, {"boundingPoly": {"vertices": [{"x": 694.0, "y": 1362.0}, {"x": 798.0, "y": 1366.0}, {"x": 795.0, "y": 1414.0}, {"x": 692.0, "y": 1413.0}]}, "description": "SINO"}, {"boundingPoly": {"vertices": [{"x": 883.0, "y": 1363.0}, {"x": 1171.0, "y": 1365.0}, {"x": 1171.0, "y": 1418.0}, {"x": 883.0, "y": 1416.0}]}, "description": "Description"}, {"boundingPoly": {"vertices": [{"x": 1238.0, "y": 1362.0}, {"x": 1323.0, "y": 1367.0}, {"x": 1318.0, "y": 1416.0}, {"x": 1236.0, "y": 1414.0}]}, "description": "Qty"}, {"boundingPoly": {"vertices": [{"x": 1416.0, "y": 1365.0}, {"x": 1495.0, "y": 1364.0}, {"x": 1496.0, "y": 1413.0}, {"x": 1416.0, "y": 1415.0}]}, "description": "Amt"}, {"boundingPoly": {"vertices": [{"x": 682.0, "y": 1482.0}, {"x": 730.0, "y": 1482.0}, {"x": 730.0, "y": 1533.0}, {"x": 682.0, "y": 1533.0}]}, "description": " 1"}, {"boundingPoly": {"vertices": [{"x": 747.0, "y": 1483.0}, {"x": 1109.0, "y": 1483.0}, {"x": 1109.0, "y": 1539.0}, {"x": 747.0, "y": 1539.0}]}, "description": " HSN/SAC 996331"}, {"boundingPoly": {"vertices": [{"x": 750.0, "y": 1542.0}, {"x": 1141.0, "y": 1543.0}, {"x": 1141.0, "y": 1597.0}, {"x": 750.0, "y": 1594.0}]}, "description": "OXY MINT 14 GMS"}, {"boundingPoly": {"vertices": [{"x": 725.0, "y": 1601.0}, {"x": 1112.0, "y": 1603.0}, {"x": 1111.0, "y": 1656.0}, {"x": 725.0, "y": 1654.0}]}, "description": "HSN/SAC 996331"}, {"boundingPoly": {"vertices": [{"x": 747.0, "y": 1662.0}, {"x": 1186.0, "y": 1667.0}, {"x": 1185.0, "y": 1726.0}, {"x": 746.0, "y": 1717.0}]}, "description": "TA CAFE FRAPPE-GR"}, {"boundingPoly": {"vertices": [{"x": 728.0, "y": 1726.0}, {"x": 1107.0, "y": 1730.0}, {"x": 1106.0, "y": 1789.0}, {"x": 727.0, "y": 1785.0}]}, "description": "HSN/SAC 996331"}, {"boundingPoly": {"vertices": [{"x": 729.0, "y": 1792.0}, {"x": 1185.0, "y": 1799.0}, {"x": 1184.0, "y": 1853.0}, {"x": 729.0, "y": 1848.0}]}, "description": "DOUBLE CHOCO CHIP"}, {"boundingPoly": {"vertices": [{"x": 719.0, "y": 1859.0}, {"x": 1097.0, "y": 1860.0}, {"x": 1097.0, "y": 1912.0}, {"x": 719.0, "y": 1912.0}]}, "description": "HSN/SAC 996331"}, {"boundingPoly": {"vertices": [{"x": 721.0, "y": 1922.0}, {"x": 1184.0, "y": 1916.0}, {"x": 1185.0, "y": 1967.0}, {"x": 721.0, "y": 1971.0}]}, "description": "MENTOS STICK ORAN"}, {"boundingPoly": {"vertices": [{"x": 1260.0, "y": 1486.0}, {"x": 1422.0, "y": 1486.0}, {"x": 1422.0, "y": 1537.0}, {"x": 1260.0, "y": 1537.0}]}, "description": "@5.00%"}, {"boundingPoly": {"vertices": [{"x": 1262.0, "y": 1545.0}, {"x": 1307.0, "y": 1545.0}, {"x": 1306.0, "y": 1593.0}, {"x": 1261.0, "y": 1592.0}]}, "description": "1"}, {"boundingPoly": {"vertices": [{"x": 1255.0, "y": 1609.0}, {"x": 1424.0, "y": 1611.0}, {"x": 1423.0, "y": 1665.0}, {"x": 1255.0, "y": 1661.0}]}, "description": "@5.00%"}, {"boundingPoly": {"vertices": [{"x": 1262.0, "y": 1673.0}, {"x": 1310.0, "y": 1673.0}, {"x": 1310.0, "y": 1726.0}, {"x": 1262.0, "y": 1726.0}]}, "description": " 1"}, {"boundingPoly": {"vertices": [{"x": 1257.0, "y": 1737.0}, {"x": 1423.0, "y": 1742.0}, {"x": 1422.0, "y": 1796.0}, {"x": 1257.0, "y": 1790.0}]}, "description": "@5.00%"}, {"boundingPoly": {"vertices": [{"x": 1260.0, "y": 1803.0}, {"x": 1496.0, "y": 1804.0}, {"x": 1496.0, "y": 1856.0}, {"x": 1260.0, "y": 1855.0}]}, "description": "1 152.38"}, {"boundingPoly": {"vertices": [{"x": 1254.0, "y": 1866.0}, {"x": 1419.0, "y": 1866.0}, {"x": 1419.0, "y": 1910.0}, {"x": 1254.0, "y": 1910.0}]}, "description": "@5.00%"}, {"boundingPoly": {"vertices": [{"x": 1371.0, "y": 1918.0}, {"x": 1503.0, "y": 1917.0}, {"x": 1504.0, "y": 1960.0}, {"x": 1372.0, "y": 1962.0}]}, "description": "14.29"}, {"boundingPoly": {"vertices": [{"x": 1347.0, "y": 1547.0}, {"x": 1498.0, "y": 1548.0}, {"x": 1497.0, "y": 1602.0}, {"x": 1347.0, "y": 1600.0}]}, "description": "19.05"}, {"boundingPoly": {"vertices": [{"x": 670.0, "y": 1600.0}, {"x": 709.0, "y": 1603.0}, {"x": 706.0, "y": 1654.0}, {"x": 667.0, "y": 1651.0}]}, "description": "2"}, {"boundingPoly": {"vertices": [{"x": 1333.0, "y": 1673.0}, {"x": 1506.0, "y": 1673.0}, {"x": 1506.0, "y": 1732.0}, {"x": 1333.0, "y": 1732.0}]}, "description": " 233.33"}, {"boundingPoly": {"vertices": [{"x": 658.0, "y": 1725.0}, {"x": 694.0, "y": 1728.0}, {"x": 691.0, "y": 1778.0}, {"x": 655.0, "y": 1775.0}]}, "description": "3"}, {"boundingPoly": {"vertices": [{"x": 651.0, "y": 1865.0}, {"x": 692.0, "y": 1870.0}, {"x": 686.0, "y": 1913.0}, {"x": 646.0, "y": 1909.0}]}, "description": "4"}, {"boundingPoly": {"vertices": [{"x": 1263.0, "y": 1920.0}, {"x": 1280.0, "y": 1923.0}, {"x": 1280.0, "y": 1959.0}, {"x": 1263.0, "y": 1956.0}]}, "description": "1"}, {"boundingPoly": {"vertices": [{"x": 632.0, "y": 2047.0}, {"x": 765.0, "y": 2045.0}, {"x": 765.0, "y": 2100.0}, {"x": 633.0, "y": 2103.0}]}, "description": "Total"}, {"boundingPoly": {"vertices": [{"x": 628.0, "y": 2117.0}, {"x": 960.0, "y": 2109.0}, {"x": 961.0, "y": 2171.0}, {"x": 630.0, "y": 2180.0}]}, "description": "CGST @ 2.50%"}, {"boundingPoly": {"vertices": [{"x": 626.0, "y": 2189.0}, {"x": 932.0, "y": 2186.0}, {"x": 933.0, "y": 2246.0}, {"x": 626.0, "y": 2252.0}]}, "description": "SGST @2.50%"}, {"boundingPoly": {"vertices": [{"x": 628.0, "y": 2261.0}, {"x": 903.0, "y": 2257.0}, {"x": 904.0, "y": 2318.0}, {"x": 628.0, "y": 2324.0}]}, "description": "Net Amount"}, {"boundingPoly": {"vertices": [{"x": 628.0, "y": 2355.0}, {"x": 717.0, "y": 2353.0}, {"x": 717.0, "y": 2375.0}, {"x": 628.0, "y": 2377.0}]}, "description": "---"}, {"boundingPoly": {"vertices": [{"x": 1180.0, "y": 2034.0}, {"x": 1273.0, "y": 2038.0}, {"x": 1273.0, "y": 2092.0}, {"x": 1178.0, "y": 2086.0}]}, "description": "Rs."}, {"boundingPoly": {"vertices": [{"x": 1330.0, "y": 2030.0}, {"x": 1519.0, "y": 2029.0}, {"x": 1519.0, "y": 2085.0}, {"x": 1330.0, "y": 2086.0}]}, "description": "419.05"}, {"boundingPoly": {"vertices": [{"x": 1386.0, "y": 2097.0}, {"x": 1523.0, "y": 2097.0}, {"x": 1522.0, "y": 2155.0}, {"x": 1388.0, "y": 2160.0}]}, "description": "10.48"}, {"boundingPoly": {"vertices": [{"x": 1386.0, "y": 2171.0}, {"x": 1536.0, "y": 2170.0}, {"x": 1537.0, "y": 2224.0}, {"x": 1387.0, "y": 2230.0}]}, "description": "10.48"}, {"boundingPoly": {"vertices": [{"x": 1357.0, "y": 2246.0}, {"x": 1538.0, "y": 2244.0}, {"x": 1539.0, "y": 2301.0}, {"x": 1357.0, "y": 2304.0}]}, "description": "440.00"}, {"boundingPoly": {"vertices": [{"x": 627.0, "y": 2402.0}, {"x": 859.0, "y": 2398.0}, {"x": 860.0, "y": 2457.0}, {"x": 627.0, "y": 2464.0}]}, "description": "Pay Mode"}, {"boundingPoly": {"vertices": [{"x": 626.0, "y": 2494.0}, {"x": 722.0, "y": 2493.0}, {"x": 722.0, "y": 2516.0}, {"x": 626.0, "y": 2519.0}]}, "description": "---"}, {"boundingPoly": {"vertices": [{"x": 621.0, "y": 2550.0}, {"x": 751.0, "y": 2548.0}, {"x": 751.0, "y": 2610.0}, {"x": 621.0, "y": 2611.0}]}, "description": "CASH"}, {"boundingPoly": {"vertices": [{"x": 1375.0, "y": 2519.0}, {"x": 1551.0, "y": 2517.0}, {"x": 1553.0, "y": 2578.0}, {"x": 1375.0, "y": 2583.0}]}, "description": "440.00"}]}