{"textAnnotations": [{"boundingPoly": {"vertices": [{"x": 145.0, "y": 65.0}, {"x": 266.0, "y": 65.0}, {"x": 266.0, "y": 83.0}, {"x": 145.0, "y": 83.0}]}, "description": " Thank You For"}, {"boundingPoly": {"vertices": [{"x": 129.0, "y": 81.0}, {"x": 393.0, "y": 81.0}, {"x": 393.0, "y": 99.0}, {"x": 129.0, "y": 99.0}]}, "description": "merchant name"}, {"boundingPoly": {"vertices": [{"x": 122.0, "y": 98.0}, {"x": 334.0, "y": 98.0}, {"x": 334.0, "y": 117.0}, {"x": 122.0, "y": 117.0}]}, "description": " Nadine Varella, General"}, {"boundingPoly": {"vertices": [{"x": 198.0, "y": 115.0}, {"x": 331.0, "y": 115.0}, {"x": 331.0, "y": 132.0}, {"x": 198.0, "y": 132.0}]}, "description": "merchant phone"}, {"boundingPoly": {"vertices": [{"x": 163.0, "y": 132.0}, {"x": 365.0, "y": 132.0}, {"x": 365.0, "y": 149.0}, {"x": 163.0, "y": 149.0}]}, "description": "We Love Your Feedback!"}, {"boundingPoly": {"vertices": [{"x": 160.0, "y": 149.0}, {"x": 374.0, "y": 149.0}, {"x": 374.0, "y": 168.0}, {"x": 160.0, "y": 167.0}]}, "description": "Text @LTF41042 to 73940"}, {"boundingPoly": {"vertices": [{"x": 269.0, "y": 65.0}, {"x": 379.0, "y": 65.0}, {"x": 379.0, "y": 83.0}, {"x": 269.0, "y": 83.0}]}, "description": " Visiting the"}, {"boundingPoly": {"vertices": [{"x": 337.0, "y": 99.0}, {"x": 402.0, "y": 99.0}, {"x": 402.0, "y": 116.0}, {"x": 337.0, "y": 116.0}]}, "description": " Manager"}, {"boundingPoly": {"vertices": [{"x": 82.0, "y": 200.0}, {"x": 187.0, "y": 202.0}, {"x": 187.0, "y": 220.0}, {"x": 82.0, "y": 218.0}]}, "description": "Aqua Fresca"}, {"boundingPoly": {"vertices": [{"x": 431.0, "y": 184.0}, {"x": 461.0, "y": 184.0}, {"x": 461.0, "y": 201.0}, {"x": 432.0, "y": 200.0}]}, "description": "USO"}, {"boundingPoly": {"vertices": [{"x": 428.0, "y": 203.0}, {"x": 463.0, "y": 202.0}, {"x": 463.0, "y": 219.0}, {"x": 429.0, "y": 220.0}]}, "description": "1.00"}, {"boundingPoly": {"vertices": [{"x": 298.0, "y": 238.0}, {"x": 385.0, "y": 237.0}, {"x": 385.0, "y": 254.0}, {"x": 298.0, "y": 255.0}]}, "description": "Sub Total"}, {"boundingPoly": {"vertices": [{"x": 301.0, "y": 255.0}, {"x": 397.0, "y": 254.0}, {"x": 397.0, "y": 272.0}, {"x": 301.0, "y": 273.0}]}, "description": "Tax Amount"}, {"boundingPoly": {"vertices": [{"x": 431.0, "y": 237.0}, {"x": 469.0, "y": 236.0}, {"x": 469.0, "y": 253.0}, {"x": 431.0, "y": 253.0}]}, "description": "1.00"}, {"boundingPoly": {"vertices": [{"x": 431.0, "y": 254.0}, {"x": 470.0, "y": 254.0}, {"x": 470.0, "y": 271.0}, {"x": 431.0, "y": 271.0}]}, "description": "0.07"}, {"boundingPoly": {"vertices": [{"x": 71.0, "y": 309.0}, {"x": 250.0, "y": 308.0}, {"x": 251.0, "y": 339.0}, {"x": 71.0, "y": 340.0}]}, "description": "Total USD"}, {"boundingPoly": {"vertices": [{"x": 402.0, "y": 308.0}, {"x": 477.0, "y": 307.0}, {"x": 478.0, "y": 336.0}, {"x": 402.0, "y": 337.0}]}, "description": "1.07"}, {"boundingPoly": {"vertices": [{"x": 69.0, "y": 385.0}, {"x": 286.0, "y": 385.0}, {"x": 286.0, "y": 403.0}, {"x": 68.0, "y": 403.0}]}, "description": "5009 AMERICAN EXPRESS"}, {"boundingPoly": {"vertices": [{"x": 452.0, "y": 384.0}, {"x": 492.0, "y": 384.0}, {"x": 492.0, "y": 401.0}, {"x": 453.0, "y": 402.0}]}, "description": "1.07"}, {"boundingPoly": {"vertices": [{"x": 69.0, "y": 426.0}, {"x": 102.0, "y": 427.0}, {"x": 102.0, "y": 443.0}, {"x": 68.0, "y": 441.0}]}, "description": "Tax"}, {"boundingPoly": {"vertices": [{"x": 69.0, "y": 445.0}, {"x": 144.0, "y": 445.0}, {"x": 144.0, "y": 469.0}, {"x": 69.0, "y": 469.0}]}, "description": "() 7.00"}, {"boundingPoly": {"vertices": [{"x": 237.0, "y": 430.0}, {"x": 387.0, "y": 430.0}, {"x": 387.0, "y": 448.0}, {"x": 237.0, "y": 448.0}]}, "description": " Taxable Amount"}, {"boundingPoly": {"vertices": [{"x": 340.0, "y": 451.0}, {"x": 383.0, "y": 451.0}, {"x": 383.0, "y": 472.0}, {"x": 341.0, "y": 472.0}]}, "description": "1.00"}, {"boundingPoly": {"vertices": [{"x": 401.0, "y": 431.0}, {"x": 502.0, "y": 431.0}, {"x": 502.0, "y": 449.0}, {"x": 401.0, "y": 449.0}]}, "description": " Tax Amount"}, {"boundingPoly": {"vertices": [{"x": 461.0, "y": 451.0}, {"x": 504.0, "y": 452.0}, {"x": 504.0, "y": 474.0}, {"x": 461.0, "y": 473.0}]}, "description": "0.07"}, {"boundingPoly": {"vertices": [{"x": 69.0, "y": 523.0}, {"x": 507.0, "y": 523.0}, {"x": 507.0, "y": 550.0}, {"x": 69.0, "y": 550.0}]}, "description": " 11/18/2019 03:32 PM #:51412 Op:3052 C:113"}, {"boundingPoly": {"vertices": [{"x": 70.0, "y": 550.0}, {"x": 176.0, "y": 550.0}, {"x": 176.0, "y": 572.0}, {"x": 70.0, "y": 572.0}]}, "description": " 103 S:1131"}, {"boundingPoly": {"vertices": [{"x": 67.0, "y": 574.0}, {"x": 181.0, "y": 574.0}, {"x": 181.0, "y": 598.0}, {"x": 67.0, "y": 598.0}]}, "description": " Served you"}, {"boundingPoly": {"vertices": [{"x": 184.0, "y": 575.0}, {"x": 367.0, "y": 575.0}, {"x": 367.0, "y": 598.0}, {"x": 184.0, "y": 598.0}]}, "description": " : Adriana Granado"}, {"boundingPoly": {"vertices": [{"x": 163.0, "y": 672.0}, {"x": 391.0, "y": 672.0}, {"x": 391.0, "y": 694.0}, {"x": 163.0, "y": 694.0}]}, "description": "*** Customer copy ***"}, {"boundingPoly": {"vertices": [{"x": 174.0, "y": 719.0}, {"x": 382.0, "y": 718.0}, {"x": 382.0, "y": 740.0}, {"x": 174.0, "y": 742.0}]}, "description": "AMEX Sunrise 937-10"}, {"boundingPoly": {"vertices": [{"x": 95.0, "y": 743.0}, {"x": 480.0, "y": 743.0}, {"x": 480.0, "y": 769.0}, {"x": 95.0, "y": 769.0}]}, "description": " agree to pay the above total amount"}, {"boundingPoly": {"vertices": [{"x": 151.0, "y": 770.0}, {"x": 418.0, "y": 768.0}, {"x": 418.0, "y": 789.0}, {"x": 151.0, "y": 792.0}]}, "description": "according to card issuer"}, {"boundingPoly": {"vertices": [{"x": 64.0, "y": 797.0}, {"x": 496.0, "y": 790.0}, {"x": 496.0, "y": 812.0}, {"x": 64.0, "y": 819.0}]}, "description": "agreement.(Merchant agreement if Credit"}, {"boundingPoly": {"vertices": [{"x": 78.0, "y": 746.0}, {"x": 91.0, "y": 746.0}, {"x": 91.0, "y": 769.0}, {"x": 78.0, "y": 769.0}]}, "description": " I"}, {"boundingPoly": {"vertices": [{"x": 97.0, "y": 820.0}, {"x": 465.0, "y": 816.0}, {"x": 466.0, "y": 838.0}, {"x": 98.0, "y": 842.0}]}, "description": "Voucher)Retain this copy for your"}, {"boundingPoly": {"vertices": [{"x": 245.0, "y": 844.0}, {"x": 332.0, "y": 843.0}, {"x": 333.0, "y": 864.0}, {"x": 245.0, "y": 865.0}]}, "description": "records."}, {"boundingPoly": {"vertices": [{"x": 58.0, "y": 895.0}, {"x": 283.0, "y": 890.0}, {"x": 283.0, "y": 913.0}, {"x": 59.0, "y": 918.0}]}, "description": "PURCHASE / APPROVED"}, {"boundingPoly": {"vertices": [{"x": 56.0, "y": 921.0}, {"x": 249.0, "y": 917.0}, {"x": 249.0, "y": 939.0}, {"x": 57.0, "y": 944.0}]}, "description": "AMERICAN EXPRESS"}, {"boundingPoly": {"vertices": [{"x": 57.0, "y": 946.0}, {"x": 238.0, "y": 942.0}, {"x": 238.0, "y": 963.0}, {"x": 57.0, "y": 967.0}]}, "description": "*********** 1009"}, {"boundingPoly": {"vertices": [{"x": 54.0, "y": 971.0}, {"x": 191.0, "y": 968.0}, {"x": 191.0, "y": 992.0}, {"x": 54.0, "y": 994.0}]}, "description": "CHIP READ /"}, {"boundingPoly": {"vertices": [{"x": 50.0, "y": 1015.0}, {"x": 289.0, "y": 1015.0}, {"x": 289.0, "y": 1043.0}, {"x": 50.0, "y": 1043.0}]}, "description": " 2019/11/18 15:33:00"}, {"boundingPoly": {"vertices": [{"x": 49.0, "y": 1046.0}, {"x": 89.0, "y": 1045.0}, {"x": 89.0, "y": 1066.0}, {"x": 50.0, "y": 1067.0}]}, "description": "TID"}, {"boundingPoly": {"vertices": [{"x": 47.0, "y": 1073.0}, {"x": 87.0, "y": 1072.0}, {"x": 87.0, "y": 1097.0}, {"x": 48.0, "y": 1098.0}]}, "description": "MID"}, {"boundingPoly": {"vertices": [{"x": 45.0, "y": 1103.0}, {"x": 164.0, "y": 1101.0}, {"x": 164.0, "y": 1128.0}, {"x": 45.0, "y": 1130.0}]}, "description": "REFERENCE"}, {"boundingPoly": {"vertices": [{"x": 46.0, "y": 1135.0}, {"x": 163.0, "y": 1133.0}, {"x": 163.0, "y": 1160.0}, {"x": 46.0, "y": 1162.0}]}, "description": "AUTH CODE"}, {"boundingPoly": {"vertices": [{"x": 445.0, "y": 1038.0}, {"x": 543.0, "y": 1038.0}, {"x": 543.0, "y": 1063.0}, {"x": 445.0, "y": 1063.0}]}, "description": "**** 5749"}, {"boundingPoly": {"vertices": [{"x": 457.0, "y": 1069.0}, {"x": 543.0, "y": 1068.0}, {"x": 543.0, "y": 1093.0}, {"x": 458.0, "y": 1094.0}]}, "description": "6634461"}, {"boundingPoly": {"vertices": [{"x": 235.0, "y": 1101.0}, {"x": 544.0, "y": 1098.0}, {"x": 544.0, "y": 1125.0}, {"x": 235.0, "y": 1128.0}]}, "description": "S1131T113103#51412@436491"}, {"boundingPoly": {"vertices": [{"x": 471.0, "y": 1130.0}, {"x": 547.0, "y": 1129.0}, {"x": 548.0, "y": 1155.0}, {"x": 472.0, "y": 1157.0}]}, "description": "823269"}, {"boundingPoly": {"vertices": [{"x": 44.0, "y": 1199.0}, {"x": 110.0, "y": 1198.0}, {"x": 110.0, "y": 1225.0}, {"x": 44.0, "y": 1226.0}]}, "description": "TOTAL"}, {"boundingPoly": {"vertices": [{"x": 462.0, "y": 1194.0}, {"x": 550.0, "y": 1192.0}, {"x": 551.0, "y": 1219.0}, {"x": 463.0, "y": 1221.0}]}, "description": "USD1.07"}, {"boundingPoly": {"vertices": [{"x": 42.0, "y": 1265.0}, {"x": 100.0, "y": 1265.0}, {"x": 100.0, "y": 1294.0}, {"x": 42.0, "y": 1294.0}]}, "description": " ARC:"}, {"boundingPoly": {"vertices": [{"x": 42.0, "y": 1298.0}, {"x": 99.0, "y": 1298.0}, {"x": 99.0, "y": 1327.0}, {"x": 42.0, "y": 1327.0}]}, "description": " TSI:"}, {"boundingPoly": {"vertices": [{"x": 43.0, "y": 1331.0}, {"x": 98.0, "y": 1331.0}, {"x": 98.0, "y": 1360.0}, {"x": 43.0, "y": 1360.0}]}, "description": " IAD:"}, {"boundingPoly": {"vertices": [{"x": 43.0, "y": 1365.0}, {"x": 97.0, "y": 1365.0}, {"x": 97.0, "y": 1394.0}, {"x": 43.0, "y": 1394.0}]}, "description": " TVR:"}, {"boundingPoly": {"vertices": [{"x": 39.0, "y": 1399.0}, {"x": 97.0, "y": 1399.0}, {"x": 97.0, "y": 1428.0}, {"x": 39.0, "y": 1428.0}]}, "description": " AID:"}, {"boundingPoly": {"vertices": [{"x": 38.0, "y": 1432.0}, {"x": 190.0, "y": 1432.0}, {"x": 190.0, "y": 1462.0}, {"x": 38.0, "y": 1462.0}]}, "description": " PAN Seq No:"}, {"boundingPoly": {"vertices": [{"x": 106.0, "y": 1265.0}, {"x": 137.0, "y": 1265.0}, {"x": 137.0, "y": 1292.0}, {"x": 106.0, "y": 1292.0}]}, "description": " 00"}, {"boundingPoly": {"vertices": [{"x": 104.0, "y": 1297.0}, {"x": 161.0, "y": 1297.0}, {"x": 161.0, "y": 1326.0}, {"x": 104.0, "y": 1326.0}]}, "description": " F800"}, {"boundingPoly": {"vertices": [{"x": 103.0, "y": 1327.0}, {"x": 292.0, "y": 1327.0}, {"x": 292.0, "y": 1359.0}, {"x": 103.0, "y": 1359.0}]}, "description": " 066D0103602002"}, {"boundingPoly": {"vertices": [{"x": 102.0, "y": 1362.0}, {"x": 241.0, "y": 1362.0}, {"x": 241.0, "y": 1393.0}, {"x": 102.0, "y": 1393.0}]}, "description": " 0000008000"}, {"boundingPoly": {"vertices": [{"x": 102.0, "y": 1394.0}, {"x": 314.0, "y": 1394.0}, {"x": 314.0, "y": 1427.0}, {"x": 102.0, "y": 1427.0}]}, "description": " A000000025010801"}, {"boundingPoly": {"vertices": [{"x": 194.0, "y": 1432.0}, {"x": 227.0, "y": 1432.0}, {"x": 227.0, "y": 1461.0}, {"x": 194.0, "y": 1461.0}]}, "description": " 00"}]}