{"textAnnotations": [{"boundingPoly": {"vertices": [{"x": 906.0, "y": 130.0}, {"x": 1457.0, "y": 165.0}, {"x": 1454.0, "y": 216.0}, {"x": 903.0, "y": 184.0}]}, "description": "Thank You For Visiting the"}, {"boundingPoly": {"vertices": [{"x": 1004.0, "y": 250.0}, {"x": 1356.0, "y": 262.0}, {"x": 1355.0, "y": 307.0}, {"x": 1002.0, "y": 297.0}]}, "description": "Matthew Fraysier"}, {"boundingPoly": {"vertices": [{"x": 907.0, "y": 187.0}, {"x": 1443.0, "y": 212.0}, {"x": 1441.0, "y": 261.0}, {"x": 905.0, "y": 239.0}]}, "description": "merchant name"}, {"boundingPoly": {"vertices": [{"x": 1013.0, "y": 302.0}, {"x": 1337.0, "y": 309.0}, {"x": 1336.0, "y": 357.0}, {"x": 1012.0, "y": 349.0}]}, "description": "General Manager"}, {"boundingPoly": {"vertices": [{"x": 1044.0, "y": 352.0}, {"x": 1319.0, "y": 355.0}, {"x": 1318.0, "y": 401.0}, {"x": 1044.0, "y": 398.0}]}, "description": "merchant phone"}, {"boundingPoly": {"vertices": [{"x": 941.0, "y": 399.0}, {"x": 1414.0, "y": 409.0}, {"x": 1413.0, "y": 455.0}, {"x": 940.0, "y": 445.0}]}, "description": "We Love Your Feedback!"}, {"boundingPoly": {"vertices": [{"x": 936.0, "y": 449.0}, {"x": 1428.0, "y": 453.0}, {"x": 1428.0, "y": 500.0}, {"x": 936.0, "y": 495.0}]}, "description": "Text @LTF11479 to 73940"}, {"boundingPoly": {"vertices": [{"x": 746.0, "y": 595.0}, {"x": 1188.0, "y": 597.0}, {"x": 1187.0, "y": 652.0}, {"x": 745.0, "y": 648.0}]}, "description": "Tropicana Apple Orch"}, {"boundingPoly": {"vertices": [{"x": 1565.0, "y": 561.0}, {"x": 1631.0, "y": 564.0}, {"x": 1629.0, "y": 609.0}, {"x": 1564.0, "y": 606.0}]}, "description": "USD"}, {"boundingPoly": {"vertices": [{"x": 1542.0, "y": 612.0}, {"x": 1634.0, "y": 610.0}, {"x": 1632.0, "y": 654.0}, {"x": 1540.0, "y": 655.0}]}, "description": "2.05"}, {"boundingPoly": {"vertices": [{"x": 1244.0, "y": 712.0}, {"x": 1443.0, "y": 712.0}, {"x": 1443.0, "y": 759.0}, {"x": 1244.0, "y": 759.0}]}, "description": "Sub Total"}, {"boundingPoly": {"vertices": [{"x": 1244.0, "y": 767.0}, {"x": 1464.0, "y": 768.0}, {"x": 1463.0, "y": 814.0}, {"x": 1244.0, "y": 813.0}]}, "description": "Tax Amount"}, {"boundingPoly": {"vertices": [{"x": 1539.0, "y": 715.0}, {"x": 1633.0, "y": 717.0}, {"x": 1631.0, "y": 761.0}, {"x": 1539.0, "y": 758.0}]}, "description": "2.05"}, {"boundingPoly": {"vertices": [{"x": 1538.0, "y": 770.0}, {"x": 1631.0, "y": 770.0}, {"x": 1630.0, "y": 814.0}, {"x": 1537.0, "y": 813.0}]}, "description": "0.18"}, {"boundingPoly": {"vertices": [{"x": 725.0, "y": 915.0}, {"x": 1126.0, "y": 914.0}, {"x": 1126.0, "y": 1016.0}, {"x": 725.0, "y": 1017.0}]}, "description": "Total USD"}, {"boundingPoly": {"vertices": [{"x": 1450.0, "y": 925.0}, {"x": 1631.0, "y": 924.0}, {"x": 1632.0, "y": 1008.0}, {"x": 1451.0, "y": 1008.0}]}, "description": "2.23"}, {"boundingPoly": {"vertices": [{"x": 739.0, "y": 1167.0}, {"x": 937.0, "y": 1169.0}, {"x": 937.0, "y": 1216.0}, {"x": 738.0, "y": 1213.0}]}, "description": "5008 AMEX"}, {"boundingPoly": {"vertices": [{"x": 1539.0, "y": 1161.0}, {"x": 1635.0, "y": 1162.0}, {"x": 1632.0, "y": 1210.0}, {"x": 1537.0, "y": 1209.0}]}, "description": "2.23"}, {"boundingPoly": {"vertices": [{"x": 748.0, "y": 1323.0}, {"x": 820.0, "y": 1324.0}, {"x": 818.0, "y": 1366.0}, {"x": 746.0, "y": 1365.0}]}, "description": "Tax"}, {"boundingPoly": {"vertices": [{"x": 749.0, "y": 1372.0}, {"x": 916.0, "y": 1372.0}, {"x": 916.0, "y": 1413.0}, {"x": 749.0, "y": 1415.0}]}, "description": "() 8.875"}, {"boundingPoly": {"vertices": [{"x": 1078.0, "y": 1322.0}, {"x": 1391.0, "y": 1322.0}, {"x": 1391.0, "y": 1368.0}, {"x": 1078.0, "y": 1368.0}]}, "description": " Taxable Amount"}, {"boundingPoly": {"vertices": [{"x": 1288.0, "y": 1372.0}, {"x": 1380.0, "y": 1373.0}, {"x": 1379.0, "y": 1414.0}, {"x": 1287.0, "y": 1413.0}]}, "description": "2.05"}, {"boundingPoly": {"vertices": [{"x": 1409.0, "y": 1321.0}, {"x": 1619.0, "y": 1321.0}, {"x": 1619.0, "y": 1367.0}, {"x": 1409.0, "y": 1367.0}]}, "description": " Tax Amount"}, {"boundingPoly": {"vertices": [{"x": 1540.0, "y": 1371.0}, {"x": 1624.0, "y": 1369.0}, {"x": 1624.0, "y": 1413.0}, {"x": 1540.0, "y": 1414.0}]}, "description": "0.18"}, {"boundingPoly": {"vertices": [{"x": 742.0, "y": 1520.0}, {"x": 1629.0, "y": 1520.0}, {"x": 1629.0, "y": 1571.0}, {"x": 742.0, "y": 1571.0}]}, "description": " 11/21/2019 02:00 PM #:42238 Op:4049 C:111"}, {"boundingPoly": {"vertices": [{"x": 745.0, "y": 1572.0}, {"x": 961.0, "y": 1572.0}, {"x": 961.0, "y": 1620.0}, {"x": 745.0, "y": 1620.0}]}, "description": " 101 S:1111"}, {"boundingPoly": {"vertices": [{"x": 734.0, "y": 1626.0}, {"x": 963.0, "y": 1626.0}, {"x": 963.0, "y": 1674.0}, {"x": 734.0, "y": 1674.0}]}, "description": " Served you"}, {"boundingPoly": {"vertices": [{"x": 972.0, "y": 1624.0}, {"x": 1380.0, "y": 1624.0}, {"x": 1380.0, "y": 1674.0}, {"x": 972.0, "y": 1674.0}]}, "description": " : Guadalupe Canarte"}, {"boundingPoly": {"vertices": [{"x": 928.0, "y": 1837.0}, {"x": 1380.0, "y": 1833.0}, {"x": 1380.0, "y": 1880.0}, {"x": 929.0, "y": 1883.0}]}, "description": "*** Customer copy ***"}, {"boundingPoly": {"vertices": [{"x": 1011.0, "y": 1941.0}, {"x": 1312.0, "y": 1940.0}, {"x": 1312.0, "y": 1992.0}, {"x": 1012.0, "y": 1993.0}]}, "description": "AMEX NY937 (1)"}, {"boundingPoly": {"vertices": [{"x": 725.0, "y": 2058.0}, {"x": 1156.0, "y": 2048.0}, {"x": 1157.0, "y": 2097.0}, {"x": 726.0, "y": 2107.0}]}, "description": "PURCHASE / APPROVED"}, {"boundingPoly": {"vertices": [{"x": 725.0, "y": 2113.0}, {"x": 817.0, "y": 2113.0}, {"x": 818.0, "y": 2157.0}, {"x": 726.0, "y": 2158.0}]}, "description": "AMEX"}, {"boundingPoly": {"vertices": [{"x": 723.0, "y": 2169.0}, {"x": 1064.0, "y": 2163.0}, {"x": 1065.0, "y": 2207.0}, {"x": 723.0, "y": 2211.0}]}, "description": "*********** 1000"}, {"boundingPoly": {"vertices": [{"x": 719.0, "y": 2221.0}, {"x": 1181.0, "y": 2214.0}, {"x": 1182.0, "y": 2266.0}, {"x": 720.0, "y": 2272.0}]}, "description": "CONTACTLESS / No CVM"}, {"boundingPoly": {"vertices": [{"x": 718.0, "y": 2328.0}, {"x": 1164.0, "y": 2328.0}, {"x": 1164.0, "y": 2393.0}, {"x": 718.0, "y": 2393.0}]}, "description": " 2019/11/21 14:00:14"}, {"boundingPoly": {"vertices": [{"x": 716.0, "y": 2400.0}, {"x": 795.0, "y": 2401.0}, {"x": 791.0, "y": 2450.0}, {"x": 714.0, "y": 2450.0}]}, "description": "TID"}, {"boundingPoly": {"vertices": [{"x": 708.0, "y": 2464.0}, {"x": 790.0, "y": 2459.0}, {"x": 789.0, "y": 2508.0}, {"x": 712.0, "y": 2512.0}]}, "description": "MID"}, {"boundingPoly": {"vertices": [{"x": 714.0, "y": 2521.0}, {"x": 931.0, "y": 2515.0}, {"x": 933.0, "y": 2573.0}, {"x": 715.0, "y": 2577.0}]}, "description": "REFERENCE"}, {"boundingPoly": {"vertices": [{"x": 709.0, "y": 2585.0}, {"x": 936.0, "y": 2579.0}, {"x": 937.0, "y": 2634.0}, {"x": 711.0, "y": 2641.0}]}, "description": "AUTH CODE"}, {"boundingPoly": {"vertices": [{"x": 1453.0, "y": 2380.0}, {"x": 1630.0, "y": 2375.0}, {"x": 1632.0, "y": 2420.0}, {"x": 1453.0, "y": 2423.0}]}, "description": "**** 6030"}, {"boundingPoly": {"vertices": [{"x": 1477.0, "y": 2436.0}, {"x": 1635.0, "y": 2432.0}, {"x": 1636.0, "y": 2481.0}, {"x": 1478.0, "y": 2486.0}]}, "description": "6634459"}, {"boundingPoly": {"vertices": [{"x": 1061.0, "y": 2512.0}, {"x": 1638.0, "y": 2491.0}, {"x": 1639.0, "y": 2543.0}, {"x": 1063.0, "y": 2566.0}]}, "description": "S1111T111101#422380824326"}, {"boundingPoly": {"vertices": [{"x": 1510.0, "y": 2555.0}, {"x": 1647.0, "y": 2551.0}, {"x": 1650.0, "y": 2602.0}, {"x": 1511.0, "y": 2607.0}]}, "description": "598290"}, {"boundingPoly": {"vertices": [{"x": 710.0, "y": 2717.0}, {"x": 833.0, "y": 2712.0}, {"x": 836.0, "y": 2770.0}, {"x": 713.0, "y": 2775.0}]}, "description": "TOTAL"}, {"boundingPoly": {"vertices": [{"x": 1492.0, "y": 2680.0}, {"x": 1657.0, "y": 2674.0}, {"x": 1659.0, "y": 2729.0}, {"x": 1494.0, "y": 2735.0}]}, "description": "USD2.23"}]}