{"textAnnotations": [{"boundingPoly": {"vertices": [{"x": 832.0, "y": 170.0}, {"x": 1340.0, "y": 153.0}, {"x": 1341.0, "y": 204.0}, {"x": 834.0, "y": 221.0}]}, "description": "Thank You For Visiting the"}, {"boundingPoly": {"vertices": [{"x": 915.0, "y": 264.0}, {"x": 1240.0, "y": 255.0}, {"x": 1241.0, "y": 302.0}, {"x": 915.0, "y": 309.0}]}, "description": "merchant name"}, {"boundingPoly": {"vertices": [{"x": 950.0, "y": 354.0}, {"x": 1216.0, "y": 349.0}, {"x": 1218.0, "y": 395.0}, {"x": 951.0, "y": 403.0}]}, "description": "merchant phone"}, {"boundingPoly": {"vertices": [{"x": 858.0, "y": 447.0}, {"x": 1313.0, "y": 432.0}, {"x": 1315.0, "y": 481.0}, {"x": 858.0, "y": 493.0}]}, "description": "Text @LTF11479 to 73940"}, {"boundingPoly": {"vertices": [{"x": 835.0, "y": 218.0}, {"x": 1332.0, "y": 197.0}, {"x": 1334.0, "y": 249.0}, {"x": 835.0, "y": 266.0}]}, "description": "merchant name"}, {"boundingPoly": {"vertices": [{"x": 934.0, "y": 312.0}, {"x": 1231.0, "y": 302.0}, {"x": 1232.0, "y": 347.0}, {"x": 935.0, "y": 359.0}]}, "description": "General Manager"}, {"boundingPoly": {"vertices": [{"x": 864.0, "y": 402.0}, {"x": 1296.0, "y": 389.0}, {"x": 1297.0, "y": 439.0}, {"x": 865.0, "y": 448.0}]}, "description": "We Love Your Feedback!"}, {"boundingPoly": {"vertices": [{"x": 1433.0, "y": 508.0}, {"x": 1498.0, "y": 506.0}, {"x": 1498.0, "y": 546.0}, {"x": 1433.0, "y": 547.0}]}, "description": "USD"}, {"boundingPoly": {"vertices": [{"x": 685.0, "y": 581.0}, {"x": 1068.0, "y": 585.0}, {"x": 1067.0, "y": 631.0}, {"x": 685.0, "y": 627.0}]}, "description": "0.64 lb \u00d7 $ 7.68/1b"}, {"boundingPoly": {"vertices": [{"x": 685.0, "y": 622.0}, {"x": 989.0, "y": 634.0}, {"x": 988.0, "y": 675.0}, {"x": 684.0, "y": 663.0}]}, "description": "Small Clamshell"}, {"boundingPoly": {"vertices": [{"x": 684.0, "y": 713.0}, {"x": 779.0, "y": 712.0}, {"x": 780.0, "y": 750.0}, {"x": 681.0, "y": 749.0}]}, "description": "Toast"}, {"boundingPoly": {"vertices": [{"x": 1418.0, "y": 611.0}, {"x": 1504.0, "y": 609.0}, {"x": 1503.0, "y": 651.0}, {"x": 1419.0, "y": 652.0}]}, "description": "4.92"}, {"boundingPoly": {"vertices": [{"x": 1419.0, "y": 660.0}, {"x": 1506.0, "y": 659.0}, {"x": 1506.0, "y": 697.0}, {"x": 1419.0, "y": 699.0}]}, "description": "0.35"}, {"boundingPoly": {"vertices": [{"x": 1421.0, "y": 710.0}, {"x": 1503.0, "y": 708.0}, {"x": 1503.0, "y": 744.0}, {"x": 1421.0, "y": 746.0}]}, "description": "0.35"}, {"boundingPoly": {"vertices": [{"x": 688.0, "y": 669.0}, {"x": 784.0, "y": 671.0}, {"x": 782.0, "y": 708.0}, {"x": 685.0, "y": 707.0}]}, "description": "Toast"}, {"boundingPoly": {"vertices": [{"x": 1139.0, "y": 807.0}, {"x": 1323.0, "y": 805.0}, {"x": 1324.0, "y": 849.0}, {"x": 1139.0, "y": 852.0}]}, "description": "Sub Total"}, {"boundingPoly": {"vertices": [{"x": 1140.0, "y": 856.0}, {"x": 1346.0, "y": 853.0}, {"x": 1346.0, "y": 895.0}, {"x": 1141.0, "y": 898.0}]}, "description": "Tax Amount"}, {"boundingPoly": {"vertices": [{"x": 1425.0, "y": 804.0}, {"x": 1511.0, "y": 802.0}, {"x": 1510.0, "y": 842.0}, {"x": 1425.0, "y": 844.0}]}, "description": "5.62"}, {"boundingPoly": {"vertices": [{"x": 1424.0, "y": 852.0}, {"x": 1509.0, "y": 849.0}, {"x": 1512.0, "y": 890.0}, {"x": 1426.0, "y": 893.0}]}, "description": "0.50"}, {"boundingPoly": {"vertices": [{"x": 641.0, "y": 982.0}, {"x": 1025.0, "y": 1000.0}, {"x": 1021.0, "y": 1078.0}, {"x": 640.0, "y": 1059.0}]}, "description": "Total USD"}, {"boundingPoly": {"vertices": [{"x": 1350.0, "y": 986.0}, {"x": 1511.0, "y": 986.0}, {"x": 1511.0, "y": 1086.0}, {"x": 1349.0, "y": 1087.0}]}, "description": "6.12"}, {"boundingPoly": {"vertices": [{"x": 633.0, "y": 1201.0}, {"x": 841.0, "y": 1213.0}, {"x": 838.0, "y": 1256.0}, {"x": 631.0, "y": 1243.0}]}, "description": "5008 AMEX"}, {"boundingPoly": {"vertices": [{"x": 1428.0, "y": 1218.0}, {"x": 1518.0, "y": 1218.0}, {"x": 1517.0, "y": 1261.0}, {"x": 1428.0, "y": 1260.0}]}, "description": "6.12"}, {"boundingPoly": {"vertices": [{"x": 629.0, "y": 1354.0}, {"x": 700.0, "y": 1354.0}, {"x": 699.0, "y": 1396.0}, {"x": 628.0, "y": 1396.0}]}, "description": "Tax"}, {"boundingPoly": {"vertices": [{"x": 629.0, "y": 1399.0}, {"x": 835.0, "y": 1405.0}, {"x": 834.0, "y": 1455.0}, {"x": 628.0, "y": 1448.0}]}, "description": "() 8.875 ."}, {"boundingPoly": {"vertices": [{"x": 973.0, "y": 1366.0}, {"x": 1287.0, "y": 1366.0}, {"x": 1287.0, "y": 1411.0}, {"x": 973.0, "y": 1411.0}]}, "description": " Taxable Amount"}, {"boundingPoly": {"vertices": [{"x": 1184.0, "y": 1416.0}, {"x": 1268.0, "y": 1415.0}, {"x": 1270.0, "y": 1455.0}, {"x": 1185.0, "y": 1456.0}]}, "description": "5.62"}, {"boundingPoly": {"vertices": [{"x": 1302.0, "y": 1367.0}, {"x": 1519.0, "y": 1367.0}, {"x": 1519.0, "y": 1411.0}, {"x": 1302.0, "y": 1411.0}]}, "description": " Tax Amount"}, {"boundingPoly": {"vertices": [{"x": 1432.0, "y": 1416.0}, {"x": 1521.0, "y": 1418.0}, {"x": 1518.0, "y": 1460.0}, {"x": 1431.0, "y": 1458.0}]}, "description": "0.50"}, {"boundingPoly": {"vertices": [{"x": 622.0, "y": 1558.0}, {"x": 1520.0, "y": 1558.0}, {"x": 1520.0, "y": 1619.0}, {"x": 622.0, "y": 1619.0}]}, "description": " 11/13/2019 09:03 AM #:49849 Op:4023 C:111"}, {"boundingPoly": {"vertices": [{"x": 622.0, "y": 1610.0}, {"x": 852.0, "y": 1610.0}, {"x": 852.0, "y": 1663.0}, {"x": 622.0, "y": 1663.0}]}, "description": " 105 S:1111"}, {"boundingPoly": {"vertices": [{"x": 617.0, "y": 1667.0}, {"x": 851.0, "y": 1667.0}, {"x": 851.0, "y": 1717.0}, {"x": 617.0, "y": 1717.0}]}, "description": " Served you"}, {"boundingPoly": {"vertices": [{"x": 857.0, "y": 1667.0}, {"x": 1253.0, "y": 1667.0}, {"x": 1253.0, "y": 1724.0}, {"x": 857.0, "y": 1724.0}]}, "description": " : Lucrecia Findley"}, {"boundingPoly": {"vertices": [{"x": 812.0, "y": 1872.0}, {"x": 1264.0, "y": 1875.0}, {"x": 1264.0, "y": 1920.0}, {"x": 812.0, "y": 1917.0}]}, "description": "*** Customer copy ***"}, {"boundingPoly": {"vertices": [{"x": 895.0, "y": 1976.0}, {"x": 1197.0, "y": 1980.0}, {"x": 1196.0, "y": 2032.0}, {"x": 895.0, "y": 2027.0}]}, "description": "AMEX NY937 (5)"}, {"boundingPoly": {"vertices": [{"x": 595.0, "y": 2087.0}, {"x": 1033.0, "y": 2087.0}, {"x": 1033.0, "y": 2139.0}, {"x": 595.0, "y": 2138.0}]}, "description": "PURCHASE / APPROVED"}, {"boundingPoly": {"vertices": [{"x": 595.0, "y": 2147.0}, {"x": 696.0, "y": 2147.0}, {"x": 696.0, "y": 2188.0}, {"x": 593.0, "y": 2192.0}]}, "description": "AMEX"}, {"boundingPoly": {"vertices": [{"x": 590.0, "y": 2204.0}, {"x": 940.0, "y": 2205.0}, {"x": 939.0, "y": 2250.0}, {"x": 589.0, "y": 2246.0}]}, "description": "*********** 1000"}, {"boundingPoly": {"vertices": [{"x": 583.0, "y": 2260.0}, {"x": 1059.0, "y": 2261.0}, {"x": 1058.0, "y": 2310.0}, {"x": 583.0, "y": 2309.0}]}, "description": "CONTACTLESS / No CVM"}, {"boundingPoly": {"vertices": [{"x": 574.0, "y": 2379.0}, {"x": 1036.0, "y": 2379.0}, {"x": 1036.0, "y": 2438.0}, {"x": 574.0, "y": 2438.0}]}, "description": " 2019/11/13 09:03:20"}, {"boundingPoly": {"vertices": [{"x": 586.0, "y": 2447.0}, {"x": 656.0, "y": 2449.0}, {"x": 656.0, "y": 2503.0}, {"x": 585.0, "y": 2501.0}]}, "description": "TID"}, {"boundingPoly": {"vertices": [{"x": 567.0, "y": 2516.0}, {"x": 655.0, "y": 2510.0}, {"x": 655.0, "y": 2560.0}, {"x": 568.0, "y": 2562.0}]}, "description": "MID"}, {"boundingPoly": {"vertices": [{"x": 563.0, "y": 2576.0}, {"x": 798.0, "y": 2572.0}, {"x": 799.0, "y": 2629.0}, {"x": 563.0, "y": 2632.0}]}, "description": "REFERENCE"}, {"boundingPoly": {"vertices": [{"x": 562.0, "y": 2644.0}, {"x": 795.0, "y": 2638.0}, {"x": 796.0, "y": 2693.0}, {"x": 562.0, "y": 2701.0}]}, "description": "AUTH CODE"}, {"boundingPoly": {"vertices": [{"x": 1321.0, "y": 2436.0}, {"x": 1496.0, "y": 2433.0}, {"x": 1497.0, "y": 2478.0}, {"x": 1322.0, "y": 2481.0}]}, "description": "**** 6039"}, {"boundingPoly": {"vertices": [{"x": 1348.0, "y": 2493.0}, {"x": 1491.0, "y": 2487.0}, {"x": 1491.0, "y": 2535.0}, {"x": 1352.0, "y": 2544.0}]}, "description": "6634459"}, {"boundingPoly": {"vertices": [{"x": 934.0, "y": 2568.0}, {"x": 1495.0, "y": 2548.0}, {"x": 1497.0, "y": 2601.0}, {"x": 935.0, "y": 2624.0}]}, "description": "S1111T111105#49849@814739"}, {"boundingPoly": {"vertices": [{"x": 1363.0, "y": 2615.0}, {"x": 1503.0, "y": 2605.0}, {"x": 1504.0, "y": 2659.0}, {"x": 1365.0, "y": 2665.0}]}, "description": "567182"}, {"boundingPoly": {"vertices": [{"x": 558.0, "y": 2778.0}, {"x": 685.0, "y": 2777.0}, {"x": 685.0, "y": 2834.0}, {"x": 559.0, "y": 2837.0}]}, "description": "TOTAL"}, {"boundingPoly": {"vertices": [{"x": 1356.0, "y": 2743.0}, {"x": 1511.0, "y": 2732.0}, {"x": 1515.0, "y": 2786.0}, {"x": 1358.0, "y": 2796.0}]}, "description": "USD6.12"}]}