{"textAnnotations": [{"boundingPoly": {"vertices": [{"x": 776.0, "y": 72.0}, {"x": 1292.0, "y": 84.0}, {"x": 1290.0, "y": 141.0}, {"x": 775.0, "y": 125.0}]}, "description": "merchant name"}, {"boundingPoly": {"vertices": [{"x": 740.0, "y": 190.0}, {"x": 1360.0, "y": 182.0}, {"x": 1361.0, "y": 231.0}, {"x": 740.0, "y": 240.0}]}, "description": "merchant address"}, {"boundingPoly": {"vertices": [{"x": 849.0, "y": 129.0}, {"x": 1224.0, "y": 129.0}, {"x": 1224.0, "y": 177.0}, {"x": 849.0, "y": 179.0}]}, "description": "merchant address"}, {"boundingPoly": {"vertices": [{"x": 934.0, "y": 295.0}, {"x": 1158.0, "y": 293.0}, {"x": 1158.0, "y": 338.0}, {"x": 935.0, "y": 340.0}]}, "description": "CHK 719537"}, {"boundingPoly": {"vertices": [{"x": 829.0, "y": 338.0}, {"x": 1246.0, "y": 338.0}, {"x": 1246.0, "y": 394.0}, {"x": 829.0, "y": 394.0}]}, "description": " 11/17/2019 06:25 PM"}, {"boundingPoly": {"vertices": [{"x": 1133.0, "y": 393.0}, {"x": 1304.0, "y": 393.0}, {"x": 1304.0, "y": 446.0}, {"x": 1133.0, "y": 446.0}]}, "description": " 1 Reg:"}, {"boundingPoly": {"vertices": [{"x": 742.0, "y": 399.0}, {"x": 919.0, "y": 399.0}, {"x": 919.0, "y": 444.0}, {"x": 742.0, "y": 444.0}]}, "description": "1825005"}, {"boundingPoly": {"vertices": [{"x": 953.0, "y": 395.0}, {"x": 1125.0, "y": 395.0}, {"x": 1125.0, "y": 446.0}, {"x": 953.0, "y": 446.0}]}, "description": " Drawer:"}, {"boundingPoly": {"vertices": [{"x": 1313.0, "y": 393.0}, {"x": 1334.0, "y": 393.0}, {"x": 1334.0, "y": 443.0}, {"x": 1313.0, "y": 443.0}]}, "description": " 1"}, {"boundingPoly": {"vertices": [{"x": 663.0, "y": 504.0}, {"x": 964.0, "y": 504.0}, {"x": 964.0, "y": 549.0}, {"x": 664.0, "y": 550.0}]}, "description": "Tl Cappuccino"}, {"boundingPoly": {"vertices": [{"x": 659.0, "y": 553.0}, {"x": 937.0, "y": 555.0}, {"x": 937.0, "y": 600.0}, {"x": 659.0, "y": 599.0}]}, "description": "Salted Chips"}, {"boundingPoly": {"vertices": [{"x": 661.0, "y": 610.0}, {"x": 1045.0, "y": 605.0}, {"x": 1045.0, "y": 654.0}, {"x": 661.0, "y": 658.0}]}, "description": "Water Ethos 700Ml"}, {"boundingPoly": {"vertices": [{"x": 668.0, "y": 663.0}, {"x": 847.0, "y": 663.0}, {"x": 847.0, "y": 714.0}, {"x": 669.0, "y": 716.0}]}, "description": "Tl Latte"}, {"boundingPoly": {"vertices": [{"x": 1288.0, "y": 500.0}, {"x": 1383.0, "y": 503.0}, {"x": 1382.0, "y": 545.0}, {"x": 1289.0, "y": 543.0}]}, "description": "3.25"}, {"boundingPoly": {"vertices": [{"x": 1289.0, "y": 551.0}, {"x": 1377.0, "y": 552.0}, {"x": 1378.0, "y": 598.0}, {"x": 1290.0, "y": 599.0}]}, "description": "1.75"}, {"boundingPoly": {"vertices": [{"x": 1291.0, "y": 607.0}, {"x": 1382.0, "y": 609.0}, {"x": 1381.0, "y": 651.0}, {"x": 1291.0, "y": 650.0}]}, "description": "2.25"}, {"boundingPoly": {"vertices": [{"x": 1289.0, "y": 661.0}, {"x": 1381.0, "y": 660.0}, {"x": 1383.0, "y": 704.0}, {"x": 1289.0, "y": 704.0}]}, "description": "3.25"}, {"boundingPoly": {"vertices": [{"x": 677.0, "y": 782.0}, {"x": 769.0, "y": 783.0}, {"x": 768.0, "y": 826.0}, {"x": 676.0, "y": 825.0}]}, "description": "Amex"}, {"boundingPoly": {"vertices": [{"x": 680.0, "y": 835.0}, {"x": 1033.0, "y": 834.0}, {"x": 1033.0, "y": 881.0}, {"x": 681.0, "y": 883.0}]}, "description": "XXXXXXXXXXXX1000"}, {"boundingPoly": {"vertices": [{"x": 939.0, "y": 884.0}, {"x": 1115.0, "y": 884.0}, {"x": 1115.0, "y": 937.0}, {"x": 939.0, "y": 937.0}]}, "description": " TAP CHIP"}, {"boundingPoly": {"vertices": [{"x": 936.0, "y": 941.0}, {"x": 1125.0, "y": 941.0}, {"x": 1125.0, "y": 994.0}, {"x": 936.0, "y": 994.0}]}, "description": " PURCHASE"}, {"boundingPoly": {"vertices": [{"x": 961.0, "y": 997.0}, {"x": 1145.0, "y": 997.0}, {"x": 1145.0, "y": 1050.0}, {"x": 961.0, "y": 1050.0}]}, "description": " 00000085"}, {"boundingPoly": {"vertices": [{"x": 920.0, "y": 1048.0}, {"x": 1278.0, "y": 1048.0}, {"x": 1278.0, "y": 1101.0}, {"x": 920.0, "y": 1101.0}]}, "description": " AMERICAN EXPRESS"}, {"boundingPoly": {"vertices": [{"x": 857.0, "y": 1108.0}, {"x": 997.0, "y": 1108.0}, {"x": 997.0, "y": 1157.0}, {"x": 857.0, "y": 1157.0}]}, "description": " 851116"}, {"boundingPoly": {"vertices": [{"x": 791.0, "y": 1159.0}, {"x": 1147.0, "y": 1159.0}, {"x": 1147.0, "y": 1208.0}, {"x": 791.0, "y": 1208.0}]}, "description": " A000000025010801"}, {"boundingPoly": {"vertices": [{"x": 793.0, "y": 1211.0}, {"x": 1016.0, "y": 1211.0}, {"x": 1016.0, "y": 1263.0}, {"x": 793.0, "y": 1263.0}]}, "description": " 0010008000"}, {"boundingPoly": {"vertices": [{"x": 796.0, "y": 1267.0}, {"x": 887.0, "y": 1267.0}, {"x": 887.0, "y": 1313.0}, {"x": 796.0, "y": 1313.0}]}, "description": " E800"}, {"boundingPoly": {"vertices": [{"x": 1279.0, "y": 772.0}, {"x": 1379.0, "y": 775.0}, {"x": 1379.0, "y": 824.0}, {"x": 1276.0, "y": 823.0}]}, "description": "11.20"}, {"boundingPoly": {"vertices": [{"x": 677.0, "y": 888.0}, {"x": 930.0, "y": 888.0}, {"x": 930.0, "y": 937.0}, {"x": 677.0, "y": 937.0}]}, "description": " Card Entry:"}, {"boundingPoly": {"vertices": [{"x": 682.0, "y": 944.0}, {"x": 927.0, "y": 944.0}, {"x": 927.0, "y": 994.0}, {"x": 682.0, "y": 994.0}]}, "description": " Trans Type:"}, {"boundingPoly": {"vertices": [{"x": 680.0, "y": 1000.0}, {"x": 952.0, "y": 1000.0}, {"x": 952.0, "y": 1050.0}, {"x": 680.0, "y": 1050.0}]}, "description": " Reference #:"}, {"boundingPoly": {"vertices": [{"x": 685.0, "y": 1053.0}, {"x": 911.0, "y": 1053.0}, {"x": 911.0, "y": 1101.0}, {"x": 685.0, "y": 1101.0}]}, "description": " App Label:"}, {"boundingPoly": {"vertices": [{"x": 690.0, "y": 1108.0}, {"x": 848.0, "y": 1108.0}, {"x": 848.0, "y": 1156.0}, {"x": 690.0, "y": 1156.0}]}, "description": " Auth #:"}, {"boundingPoly": {"vertices": [{"x": 692.0, "y": 1160.0}, {"x": 781.0, "y": 1160.0}, {"x": 781.0, "y": 1209.0}, {"x": 692.0, "y": 1209.0}]}, "description": " AID:"}, {"boundingPoly": {"vertices": [{"x": 695.0, "y": 1215.0}, {"x": 784.0, "y": 1215.0}, {"x": 784.0, "y": 1263.0}, {"x": 695.0, "y": 1263.0}]}, "description": " TVR:"}, {"boundingPoly": {"vertices": [{"x": 692.0, "y": 1267.0}, {"x": 787.0, "y": 1267.0}, {"x": 787.0, "y": 1313.0}, {"x": 692.0, "y": 1313.0}]}, "description": " TSI:"}, {"boundingPoly": {"vertices": [{"x": 702.0, "y": 1374.0}, {"x": 863.0, "y": 1372.0}, {"x": 864.0, "y": 1417.0}, {"x": 702.0, "y": 1420.0}]}, "description": "Subtotal"}, {"boundingPoly": {"vertices": [{"x": 698.0, "y": 1426.0}, {"x": 916.0, "y": 1423.0}, {"x": 917.0, "y": 1472.0}, {"x": 698.0, "y": 1476.0}]}, "description": "Tax 6.625%"}, {"boundingPoly": {"vertices": [{"x": 695.0, "y": 1477.0}, {"x": 821.0, "y": 1475.0}, {"x": 821.0, "y": 1519.0}, {"x": 696.0, "y": 1521.0}]}, "description": "Total"}, {"boundingPoly": {"vertices": [{"x": 627.0, "y": 1526.0}, {"x": 1064.0, "y": 1532.0}, {"x": 1064.0, "y": 1579.0}, {"x": 626.0, "y": 1574.0}]}, "description": "Change Due"}, {"boundingPoly": {"vertices": [{"x": 1226.0, "y": 1373.0}, {"x": 1364.0, "y": 1371.0}, {"x": 1365.0, "y": 1415.0}, {"x": 1229.0, "y": 1419.0}]}, "description": "$10.50"}, {"boundingPoly": {"vertices": [{"x": 1250.0, "y": 1423.0}, {"x": 1362.0, "y": 1422.0}, {"x": 1364.0, "y": 1470.0}, {"x": 1252.0, "y": 1471.0}]}, "description": "$0.70"}, {"boundingPoly": {"vertices": [{"x": 1229.0, "y": 1478.0}, {"x": 1363.0, "y": 1477.0}, {"x": 1364.0, "y": 1521.0}, {"x": 1229.0, "y": 1523.0}]}, "description": "$11.20"}, {"boundingPoly": {"vertices": [{"x": 1265.0, "y": 1529.0}, {"x": 1489.0, "y": 1525.0}, {"x": 1490.0, "y": 1573.0}, {"x": 1266.0, "y": 1579.0}]}, "description": "$0.00"}, {"boundingPoly": {"vertices": [{"x": 835.0, "y": 1629.0}, {"x": 1167.0, "y": 1633.0}, {"x": 1166.0, "y": 1681.0}, {"x": 835.0, "y": 1679.0}]}, "description": "-- Check Closed"}, {"boundingPoly": {"vertices": [{"x": 843.0, "y": 1684.0}, {"x": 1256.0, "y": 1684.0}, {"x": 1256.0, "y": 1736.0}, {"x": 843.0, "y": 1736.0}]}, "description": " 11/17/2019 06:25 PM"}, {"boundingPoly": {"vertices": [{"x": 675.0, "y": 1899.0}, {"x": 1391.0, "y": 1900.0}, {"x": 1391.0, "y": 1952.0}, {"x": 675.0, "y": 1951.0}]}, "description": "Merchandise, Packaged Coffee and"}, {"boundingPoly": {"vertices": [{"x": 653.0, "y": 1957.0}, {"x": 1431.0, "y": 1954.0}, {"x": 1431.0, "y": 2006.0}, {"x": 653.0, "y": 2009.0}]}, "description": "Packaged Tea on this receipt may be"}, {"boundingPoly": {"vertices": [{"x": 653.0, "y": 2013.0}, {"x": 1459.0, "y": 2007.0}, {"x": 1459.0, "y": 2060.0}, {"x": 653.0, "y": 2064.0}]}, "description": "returned or exchanged within 60 days"}, {"boundingPoly": {"vertices": [{"x": 700.0, "y": 2067.0}, {"x": 1401.0, "y": 2066.0}, {"x": 1401.0, "y": 2117.0}, {"x": 700.0, "y": 2118.0}]}, "description": "of the transaction date printed"}, {"boundingPoly": {"vertices": [{"x": 617.0, "y": 2122.0}, {"x": 1443.0, "y": 2124.0}, {"x": 1443.0, "y": 2177.0}, {"x": 617.0, "y": 2174.0}]}, "description": "above. All returns or exchanges must"}, {"boundingPoly": {"vertices": [{"x": 656.0, "y": 2176.0}, {"x": 1423.0, "y": 2178.0}, {"x": 1423.0, "y": 2233.0}, {"x": 656.0, "y": 2229.0}]}, "description": "be accompanied with this original"}, {"boundingPoly": {"vertices": [{"x": 650.0, "y": 2235.0}, {"x": 1426.0, "y": 2234.0}, {"x": 1426.0, "y": 2284.0}, {"x": 650.0, "y": 2286.0}]}, "description": "receipt. Refund method depends on"}, {"boundingPoly": {"vertices": [{"x": 617.0, "y": 2291.0}, {"x": 1437.0, "y": 2280.0}, {"x": 1438.0, "y": 2334.0}, {"x": 618.0, "y": 2345.0}]}, "description": "form of payment. For questions call"}, {"boundingPoly": {"vertices": [{"x": 687.0, "y": 2354.0}, {"x": 1387.0, "y": 2330.0}, {"x": 1388.0, "y": 2385.0}, {"x": 687.0, "y": 2409.0}]}, "description": "merchant phone"}, {"boundingPoly": {"vertices": [{"x": 737.0, "y": 2535.0}, {"x": 1327.0, "y": 2525.0}, {"x": 1328.0, "y": 2581.0}, {"x": 738.0, "y": 2596.0}]}, "description": "Join our loyalty program"}, {"boundingPoly": {"vertices": [{"x": 797.0, "y": 2598.0}, {"x": 1254.0, "y": 2585.0}, {"x": 1256.0, "y": 2645.0}, {"x": 799.0, "y": 2657.0}]}, "description": "Starbucks Rewards\u00ae"}, {"boundingPoly": {"vertices": [{"x": 641.0, "y": 2669.0}, {"x": 1410.0, "y": 2655.0}, {"x": 1412.0, "y": 2717.0}, {"x": 641.0, "y": 2734.0}]}, "description": "Sign up for promotional emails"}, {"boundingPoly": {"vertices": [{"x": 665.0, "y": 2738.0}, {"x": 1360.0, "y": 2730.0}, {"x": 1361.0, "y": 2793.0}, {"x": 666.0, "y": 2803.0}]}, "description": "Visit Starbucks.com/rewards"}, {"boundingPoly": {"vertices": [{"x": 819.0, "y": 2810.0}, {"x": 1267.0, "y": 2810.0}, {"x": 1267.0, "y": 2877.0}, {"x": 819.0, "y": 2877.0}]}, "description": " download our app"}, {"boundingPoly": {"vertices": [{"x": 687.0, "y": 2889.0}, {"x": 1320.0, "y": 2883.0}, {"x": 1321.0, "y": 2948.0}, {"x": 688.0, "y": 2954.0}]}, "description": "At participating stores"}, {"boundingPoly": {"vertices": [{"x": 751.0, "y": 2811.0}, {"x": 806.0, "y": 2811.0}, {"x": 806.0, "y": 2877.0}, {"x": 751.0, "y": 2877.0}]}, "description": " Or"}]}