{"textAnnotations": [{"boundingPoly": {"vertices": [{"x": 177.0, "y": 86.0}, {"x": 445.0, "y": 88.0}, {"x": 445.0, "y": 106.0}, {"x": 176.0, "y": 103.0}]}, "description": "merchant name"}, {"boundingPoly": {"vertices": [{"x": 88.0, "y": 97.0}, {"x": 530.0, "y": 104.0}, {"x": 530.0, "y": 124.0}, {"x": 87.0, "y": 119.0}]}, "description": "merchant address"}, {"boundingPoly": {"vertices": [{"x": 241.0, "y": 122.0}, {"x": 370.0, "y": 123.0}, {"x": 370.0, "y": 142.0}, {"x": 241.0, "y": 140.0}]}, "description": "merchant address"}, {"boundingPoly": {"vertices": [{"x": 66.0, "y": 170.0}, {"x": 296.0, "y": 175.0}, {"x": 295.0, "y": 196.0}, {"x": 66.0, "y": 192.0}]}, "description": "SALESPERSON # 500697"}, {"boundingPoly": {"vertices": [{"x": 63.0, "y": 210.0}, {"x": 262.0, "y": 213.0}, {"x": 261.0, "y": 234.0}, {"x": 63.0, "y": 231.0}]}, "description": "EVIAN 500ML WATER"}, {"boundingPoly": {"vertices": [{"x": 59.0, "y": 250.0}, {"x": 280.0, "y": 253.0}, {"x": 280.0, "y": 273.0}, {"x": 58.0, "y": 270.0}]}, "description": "BOULDER ALL NATURAL"}, {"boundingPoly": {"vertices": [{"x": 52.0, "y": 289.0}, {"x": 430.0, "y": 291.0}, {"x": 430.0, "y": 312.0}, {"x": 52.0, "y": 310.0}]}, "description": "KETTL AVACDO HIMSALT 06520025000"}, {"boundingPoly": {"vertices": [{"x": 299.0, "y": 312.0}, {"x": 385.0, "y": 311.0}, {"x": 385.0, "y": 331.0}, {"x": 300.0, "y": 332.0}]}, "description": "2.79 NT"}, {"boundingPoly": {"vertices": [{"x": 298.0, "y": 333.0}, {"x": 432.0, "y": 333.0}, {"x": 432.0, "y": 352.0}, {"x": 298.0, "y": 352.0}]}, "description": "27043008000"}, {"boundingPoly": {"vertices": [{"x": 297.0, "y": 353.0}, {"x": 380.0, "y": 354.0}, {"x": 380.0, "y": 374.0}, {"x": 297.0, "y": 373.0}]}, "description": "2.49 NT"}, {"boundingPoly": {"vertices": [{"x": 301.0, "y": 215.0}, {"x": 431.0, "y": 215.0}, {"x": 431.0, "y": 233.0}, {"x": 301.0, "y": 232.0}]}, "description": "04708369000"}, {"boundingPoly": {"vertices": [{"x": 303.0, "y": 234.0}, {"x": 387.0, "y": 233.0}, {"x": 388.0, "y": 252.0}, {"x": 303.0, "y": 253.0}]}, "description": "3.29 TT"}, {"boundingPoly": {"vertices": [{"x": 300.0, "y": 253.0}, {"x": 431.0, "y": 253.0}, {"x": 431.0, "y": 271.0}, {"x": 300.0, "y": 271.0}]}, "description": "35006213000"}, {"boundingPoly": {"vertices": [{"x": 300.0, "y": 272.0}, {"x": 382.0, "y": 272.0}, {"x": 382.0, "y": 291.0}, {"x": 300.0, "y": 292.0}]}, "description": "2.79 NT"}, {"boundingPoly": {"vertices": [{"x": 50.0, "y": 330.0}, {"x": 230.0, "y": 331.0}, {"x": 230.0, "y": 352.0}, {"x": 50.0, "y": 350.0}]}, "description": "ANIMAL CRACKERS"}, {"boundingPoly": {"vertices": [{"x": 47.0, "y": 393.0}, {"x": 164.0, "y": 394.0}, {"x": 164.0, "y": 417.0}, {"x": 47.0, "y": 416.0}]}, "description": "TOTAL"}, {"boundingPoly": {"vertices": [{"x": 44.0, "y": 417.0}, {"x": 94.0, "y": 418.0}, {"x": 93.0, "y": 438.0}, {"x": 43.0, "y": 438.0}]}, "description": "AMEX"}, {"boundingPoly": {"vertices": [{"x": 41.0, "y": 441.0}, {"x": 334.0, "y": 441.0}, {"x": 334.0, "y": 464.0}, {"x": 41.0, "y": 463.0}]}, "description": "*************** PURCHASE"}, {"boundingPoly": {"vertices": [{"x": 234.0, "y": 465.0}, {"x": 333.0, "y": 465.0}, {"x": 333.0, "y": 487.0}, {"x": 234.0, "y": 488.0}]}, "description": "APPROVED"}, {"boundingPoly": {"vertices": [{"x": 463.0, "y": 398.0}, {"x": 537.0, "y": 398.0}, {"x": 538.0, "y": 419.0}, {"x": 463.0, "y": 420.0}]}, "description": "$11.36"}, {"boundingPoly": {"vertices": [{"x": 462.0, "y": 421.0}, {"x": 538.0, "y": 421.0}, {"x": 538.0, "y": 441.0}, {"x": 462.0, "y": 442.0}]}, "description": "$11.36"}, {"boundingPoly": {"vertices": [{"x": 342.0, "y": 446.0}, {"x": 526.0, "y": 448.0}, {"x": 525.0, "y": 463.0}, {"x": 342.0, "y": 461.0}]}, "description": "***************"}, {"boundingPoly": {"vertices": [{"x": 37.0, "y": 511.0}, {"x": 95.0, "y": 511.0}, {"x": 95.0, "y": 534.0}, {"x": 37.0, "y": 534.0}]}, "description": " Total"}, {"boundingPoly": {"vertices": [{"x": 99.0, "y": 511.0}, {"x": 110.0, "y": 511.0}, {"x": 110.0, "y": 534.0}, {"x": 99.0, "y": 534.0}]}, "description": " :"}, {"boundingPoly": {"vertices": [{"x": 449.0, "y": 515.0}, {"x": 526.0, "y": 514.0}, {"x": 526.0, "y": 537.0}, {"x": 450.0, "y": 538.0}]}, "description": "$11.36"}, {"boundingPoly": {"vertices": [{"x": 37.0, "y": 560.0}, {"x": 162.0, "y": 560.0}, {"x": 162.0, "y": 583.0}, {"x": 37.0, "y": 583.0}]}, "description": " Card Type:"}, {"boundingPoly": {"vertices": [{"x": 35.0, "y": 584.0}, {"x": 169.0, "y": 584.0}, {"x": 169.0, "y": 602.0}, {"x": 35.0, "y": 602.0}]}, "description": " Card Entry:"}, {"boundingPoly": {"vertices": [{"x": 31.0, "y": 602.0}, {"x": 122.0, "y": 602.0}, {"x": 122.0, "y": 620.0}, {"x": 31.0, "y": 620.0}]}, "description": " Acct #:"}, {"boundingPoly": {"vertices": [{"x": 27.0, "y": 619.0}, {"x": 211.0, "y": 619.0}, {"x": 211.0, "y": 641.0}, {"x": 27.0, "y": 641.0}]}, "description": " Approval Code:"}, {"boundingPoly": {"vertices": [{"x": 221.0, "y": 561.0}, {"x": 272.0, "y": 561.0}, {"x": 271.0, "y": 581.0}, {"x": 220.0, "y": 582.0}]}, "description": "AMEX"}, {"boundingPoly": {"vertices": [{"x": 221.0, "y": 584.0}, {"x": 271.0, "y": 584.0}, {"x": 271.0, "y": 601.0}, {"x": 220.0, "y": 601.0}]}, "description": "CHIP"}, {"boundingPoly": {"vertices": [{"x": 218.0, "y": 601.0}, {"x": 405.0, "y": 601.0}, {"x": 405.0, "y": 618.0}, {"x": 218.0, "y": 618.0}]}, "description": "*********** 1009"}, {"boundingPoly": {"vertices": [{"x": 216.0, "y": 618.0}, {"x": 294.0, "y": 618.0}, {"x": 294.0, "y": 638.0}, {"x": 216.0, "y": 638.0}]}, "description": " 825438"}, {"boundingPoly": {"vertices": [{"x": 200.0, "y": 659.0}, {"x": 356.0, "y": 659.0}, {"x": 357.0, "y": 680.0}, {"x": 200.0, "y": 681.0}]}, "description": "PIN Verified"}, {"boundingPoly": {"vertices": [{"x": 12.0, "y": 709.0}, {"x": 535.0, "y": 707.0}, {"x": 535.0, "y": 725.0}, {"x": 12.0, "y": 728.0}]}, "description": "************* EMV PURCHASE *************"}, {"boundingPoly": {"vertices": [{"x": 326.0, "y": 730.0}, {"x": 538.0, "y": 729.0}, {"x": 538.0, "y": 751.0}, {"x": 326.0, "y": 753.0}]}, "description": "AMERICAN EXPRESS"}, {"boundingPoly": {"vertices": [{"x": 457.0, "y": 755.0}, {"x": 539.0, "y": 756.0}, {"x": 539.0, "y": 778.0}, {"x": 457.0, "y": 778.0}]}, "description": "Issuer"}, {"boundingPoly": {"vertices": [{"x": 10.0, "y": 733.0}, {"x": 141.0, "y": 733.0}, {"x": 141.0, "y": 757.0}, {"x": 10.0, "y": 757.0}]}, "description": " App Label:"}, {"boundingPoly": {"vertices": [{"x": 6.0, "y": 759.0}, {"x": 57.0, "y": 759.0}, {"x": 57.0, "y": 782.0}, {"x": 6.0, "y": 782.0}]}, "description": " Mode"}, {"boundingPoly": {"vertices": [{"x": 7.0, "y": 784.0}, {"x": 66.0, "y": 784.0}, {"x": 66.0, "y": 808.0}, {"x": 7.0, "y": 808.0}]}, "description": " AID:"}, {"boundingPoly": {"vertices": [{"x": 5.0, "y": 811.0}, {"x": 63.0, "y": 811.0}, {"x": 63.0, "y": 836.0}, {"x": 5.0, "y": 836.0}]}, "description": " TVR:"}, {"boundingPoly": {"vertices": [{"x": 4.0, "y": 837.0}, {"x": 63.0, "y": 837.0}, {"x": 63.0, "y": 862.0}, {"x": 4.0, "y": 862.0}]}, "description": " IAD:"}, {"boundingPoly": {"vertices": [{"x": 3.0, "y": 865.0}, {"x": 61.0, "y": 865.0}, {"x": 61.0, "y": 890.0}, {"x": 3.0, "y": 890.0}]}, "description": " TSI:"}, {"boundingPoly": {"vertices": [{"x": 0.0, "y": 893.0}, {"x": 61.0, "y": 893.0}, {"x": 61.0, "y": 918.0}, {"x": 0.0, "y": 918.0}]}, "description": " ARC:"}, {"boundingPoly": {"vertices": [{"x": 0.0, "y": 922.0}, {"x": 47.0, "y": 922.0}, {"x": 47.0, "y": 947.0}, {"x": 0.0, "y": 947.0}]}, "description": " AC:"}, {"boundingPoly": {"vertices": [{"x": 0.0, "y": 949.0}, {"x": 56.0, "y": 949.0}, {"x": 56.0, "y": 976.0}, {"x": 0.0, "y": 976.0}]}, "description": " CVM:"}, {"boundingPoly": {"vertices": [{"x": 61.0, "y": 759.0}, {"x": 74.0, "y": 759.0}, {"x": 74.0, "y": 782.0}, {"x": 61.0, "y": 782.0}]}, "description": " :"}, {"boundingPoly": {"vertices": [{"x": 70.0, "y": 781.0}, {"x": 287.0, "y": 781.0}, {"x": 287.0, "y": 808.0}, {"x": 70.0, "y": 808.0}]}, "description": " A000000025010801"}, {"boundingPoly": {"vertices": [{"x": 68.0, "y": 809.0}, {"x": 209.0, "y": 809.0}, {"x": 209.0, "y": 835.0}, {"x": 68.0, "y": 835.0}]}, "description": " 0000008000"}, {"boundingPoly": {"vertices": [{"x": 68.0, "y": 836.0}, {"x": 260.0, "y": 836.0}, {"x": 260.0, "y": 862.0}, {"x": 68.0, "y": 862.0}]}, "description": " 066D0103A42002"}, {"boundingPoly": {"vertices": [{"x": 66.0, "y": 865.0}, {"x": 125.0, "y": 865.0}, {"x": 125.0, "y": 890.0}, {"x": 66.0, "y": 890.0}]}, "description": " E800"}, {"boundingPoly": {"vertices": [{"x": 65.0, "y": 893.0}, {"x": 97.0, "y": 893.0}, {"x": 97.0, "y": 918.0}, {"x": 65.0, "y": 918.0}]}, "description": " 00"}, {"boundingPoly": {"vertices": [{"x": 67.0, "y": 918.0}, {"x": 289.0, "y": 918.0}, {"x": 289.0, "y": 946.0}, {"x": 67.0, "y": 946.0}]}, "description": " 132E06273882E47C"}, {"boundingPoly": {"vertices": [{"x": 61.0, "y": 948.0}, {"x": 149.0, "y": 948.0}, {"x": 149.0, "y": 975.0}, {"x": 61.0, "y": 975.0}]}, "description": " 410302"}, {"boundingPoly": {"vertices": [{"x": 103.0, "y": 1032.0}, {"x": 461.0, "y": 1030.0}, {"x": 462.0, "y": 1057.0}, {"x": 103.0, "y": 1061.0}]}, "description": "CUSTOMER COPY"}, {"boundingPoly": {"vertices": [{"x": 0.0, "y": 1088.0}, {"x": 92.0, "y": 1089.0}, {"x": 92.0, "y": 1117.0}, {"x": 0.0, "y": 1117.0}]}, "description": "ITEMS 4"}, {"boundingPoly": {"vertices": [{"x": 5.0, "y": 1115.0}, {"x": 261.0, "y": 1115.0}, {"x": 261.0, "y": 1149.0}, {"x": 5.0, "y": 1149.0}]}, "description": " 11/13/2019 07:58AM"}, {"boundingPoly": {"vertices": [{"x": 0.0, "y": 1146.0}, {"x": 214.0, "y": 1145.0}, {"x": 215.0, "y": 1177.0}, {"x": 0.0, "y": 1179.0}]}, "description": "001460 01 500697"}, {"boundingPoly": {"vertices": [{"x": 99.0, "y": 1209.0}, {"x": 452.0, "y": 1203.0}, {"x": 452.0, "y": 1230.0}, {"x": 99.0, "y": 1237.0}]}, "description": "THANK YOU FOR SHOPPING AT"}, {"boundingPoly": {"vertices": [{"x": 4.0, "y": 1268.0}, {"x": 563.0, "y": 1258.0}, {"x": 563.0, "y": 1291.0}, {"x": 5.0, "y": 1301.0}]}, "description": "PHOENIX SKY HARBOR INTERNATIONAL AIRPORT"}, {"boundingPoly": {"vertices": [{"x": 90.0, "y": 1336.0}, {"x": 454.0, "y": 1324.0}, {"x": 456.0, "y": 1351.0}, {"x": 91.0, "y": 1364.0}]}, "description": "WWW.PARADIESLAGARDERE.COM"}, {"boundingPoly": {"vertices": [{"x": 518.0, "y": 1144.0}, {"x": 574.0, "y": 1145.0}, {"x": 573.0, "y": 1169.0}, {"x": 518.0, "y": 1170.0}]}, "description": "7047"}, {"boundingPoly": {"vertices": [{"x": 152.0, "y": 1239.0}, {"x": 411.0, "y": 1233.0}, {"x": 411.0, "y": 1261.0}, {"x": 152.0, "y": 1267.0}]}, "description": "PARADIES LAGARDERE"}, {"boundingPoly": {"vertices": [{"x": 136.0, "y": 1302.0}, {"x": 424.0, "y": 1294.0}, {"x": 425.0, "y": 1321.0}, {"x": 137.0, "y": 1330.0}]}, "description": "VISIT US ON THE WEB!"}]}