{"textAnnotations": [{"boundingPoly": {"vertices": [{"x": 913.0, "y": 742.0}, {"x": 1307.0, "y": 749.0}, {"x": 1304.0, "y": 875.0}, {"x": 911.0, "y": 865.0}]}, "description": "merchant name"}, {"boundingPoly": {"vertices": [{"x": 932.0, "y": 909.0}, {"x": 1182.0, "y": 1012.0}, {"x": 1164.0, "y": 1064.0}, {"x": 916.0, "y": 980.0}]}, "description": "merchant name"}, {"boundingPoly": {"vertices": [{"x": 891.0, "y": 1134.0}, {"x": 1323.0, "y": 1147.0}, {"x": 1322.0, "y": 1199.0}, {"x": 889.0, "y": 1187.0}]}, "description": "AS REAL AS IT GETS"}, {"boundingPoly": {"vertices": [{"x": 1108.0, "y": 991.0}, {"x": 1251.0, "y": 951.0}, {"x": 1265.0, "y": 1023.0}, {"x": 1120.0, "y": 1062.0}]}, "description": "merchant name"}, {"boundingPoly": {"vertices": [{"x": 936.0, "y": 1248.0}, {"x": 1273.0, "y": 1259.0}, {"x": 1272.0, "y": 1305.0}, {"x": 936.0, "y": 1295.0}]}, "description": "merchant address"}, {"boundingPoly": {"vertices": [{"x": 888.0, "y": 1301.0}, {"x": 1293.0, "y": 1309.0}, {"x": 1292.0, "y": 1355.0}, {"x": 887.0, "y": 1346.0}]}, "description": "merchant address"}, {"boundingPoly": {"vertices": [{"x": 961.0, "y": 1354.0}, {"x": 1245.0, "y": 1359.0}, {"x": 1244.0, "y": 1407.0}, {"x": 960.0, "y": 1402.0}]}, "description": "merchant phone"}, {"boundingPoly": {"vertices": [{"x": 594.0, "y": 1400.0}, {"x": 728.0, "y": 1400.0}, {"x": 728.0, "y": 1454.0}, {"x": 594.0, "y": 1454.0}]}, "description": " Host:"}, {"boundingPoly": {"vertices": [{"x": 591.0, "y": 1456.0}, {"x": 838.0, "y": 1465.0}, {"x": 836.0, "y": 1513.0}, {"x": 589.0, "y": 1503.0}]}, "description": "ORDER #627"}, {"boundingPoly": {"vertices": [{"x": 736.0, "y": 1405.0}, {"x": 862.0, "y": 1405.0}, {"x": 862.0, "y": 1459.0}, {"x": 736.0, "y": 1459.0}]}, "description": " Nancy"}, {"boundingPoly": {"vertices": [{"x": 1365.0, "y": 1416.0}, {"x": 1597.0, "y": 1417.0}, {"x": 1596.0, "y": 1470.0}, {"x": 1365.0, "y": 1469.0}]}, "description": "11/18/2019"}, {"boundingPoly": {"vertices": [{"x": 1426.0, "y": 1478.0}, {"x": 1596.0, "y": 1478.0}, {"x": 1596.0, "y": 1525.0}, {"x": 1426.0, "y": 1525.0}]}, "description": " 9:16 PM"}, {"boundingPoly": {"vertices": [{"x": 1482.0, "y": 1536.0}, {"x": 1599.0, "y": 1536.0}, {"x": 1598.0, "y": 1582.0}, {"x": 1482.0, "y": 1582.0}]}, "description": "10528"}, {"boundingPoly": {"vertices": [{"x": 547.0, "y": 1687.0}, {"x": 895.0, "y": 1694.0}, {"x": 894.0, "y": 1734.0}, {"x": 547.0, "y": 1726.0}]}, "description": "Sofritas Bowl"}, {"boundingPoly": {"vertices": [{"x": 532.0, "y": 1727.0}, {"x": 814.0, "y": 1731.0}, {"x": 814.0, "y": 1771.0}, {"x": 532.0, "y": 1767.0}]}, "description": "Large Soda"}, {"boundingPoly": {"vertices": [{"x": 1525.0, "y": 1706.0}, {"x": 1632.0, "y": 1700.0}, {"x": 1634.0, "y": 1742.0}, {"x": 1529.0, "y": 1747.0}]}, "description": "8.95"}, {"boundingPoly": {"vertices": [{"x": 1526.0, "y": 1749.0}, {"x": 1643.0, "y": 1747.0}, {"x": 1643.0, "y": 1787.0}, {"x": 1529.0, "y": 1788.0}]}, "description": "2.70"}, {"boundingPoly": {"vertices": [{"x": 521.0, "y": 1877.0}, {"x": 1376.0, "y": 1881.0}, {"x": 1375.0, "y": 1935.0}, {"x": 521.0, "y": 1929.0}]}, "description": "How're we doing? Let us know at"}, {"boundingPoly": {"vertices": [{"x": 525.0, "y": 1937.0}, {"x": 1084.0, "y": 1938.0}, {"x": 1084.0, "y": 1991.0}, {"x": 525.0, "y": 1990.0}]}, "description": "ChipotleFeedback.com"}, {"boundingPoly": {"vertices": [{"x": 535.0, "y": 1994.0}, {"x": 1396.0, "y": 1994.0}, {"x": 1396.0, "y": 2048.0}, {"x": 535.0, "y": 2048.0}]}, "description": "to win FREE Chipotle for a year!"}, {"boundingPoly": {"vertices": [{"x": 532.0, "y": 2053.0}, {"x": 873.0, "y": 2053.0}, {"x": 873.0, "y": 2106.0}, {"x": 532.0, "y": 2106.0}]}, "description": " Unique Code:"}, {"boundingPoly": {"vertices": [{"x": 576.0, "y": 2146.0}, {"x": 1262.0, "y": 2146.0}, {"x": 1262.0, "y": 2211.0}, {"x": 576.0, "y": 2211.0}]}, "description": " 518 001 100 181 120 289 02:"}, {"boundingPoly": {"vertices": [{"x": 552.0, "y": 2281.0}, {"x": 1516.0, "y": 2248.0}, {"x": 1518.0, "y": 2312.0}, {"x": 552.0, "y": 2341.0}]}, "description": "For complete rules visit our website."}, {"boundingPoly": {"vertices": [{"x": 542.0, "y": 2491.0}, {"x": 762.0, "y": 2486.0}, {"x": 763.0, "y": 2544.0}, {"x": 542.0, "y": 2551.0}]}, "description": "Subtotal"}, {"boundingPoly": {"vertices": [{"x": 554.0, "y": 2565.0}, {"x": 626.0, "y": 2566.0}, {"x": 624.0, "y": 2620.0}, {"x": 552.0, "y": 2619.0}]}, "description": "Tax"}, {"boundingPoly": {"vertices": [{"x": 1531.0, "y": 2455.0}, {"x": 1662.0, "y": 2447.0}, {"x": 1667.0, "y": 2507.0}, {"x": 1536.0, "y": 2512.0}]}, "description": "11.65"}, {"boundingPoly": {"vertices": [{"x": 1565.0, "y": 2522.0}, {"x": 1662.0, "y": 2519.0}, {"x": 1664.0, "y": 2572.0}, {"x": 1569.0, "y": 2577.0}]}, "description": "1.03"}, {"boundingPoly": {"vertices": [{"x": 532.0, "y": 2706.0}, {"x": 925.0, "y": 2693.0}, {"x": 927.0, "y": 2749.0}, {"x": 533.0, "y": 2762.0}]}, "description": "TAKE OUT Total"}, {"boundingPoly": {"vertices": [{"x": 519.0, "y": 2765.0}, {"x": 743.0, "y": 2762.0}, {"x": 744.0, "y": 2811.0}, {"x": 520.0, "y": 2815.0}]}, "description": "CP Card"}, {"boundingPoly": {"vertices": [{"x": 1542.0, "y": 2662.0}, {"x": 1670.0, "y": 2653.0}, {"x": 1675.0, "y": 2708.0}, {"x": 1546.0, "y": 2711.0}]}, "description": "12.68"}, {"boundingPoly": {"vertices": [{"x": 1558.0, "y": 2711.0}, {"x": 1689.0, "y": 2702.0}, {"x": 1692.0, "y": 2741.0}, {"x": 1561.0, "y": 2751.0}]}, "description": "12.68"}, {"boundingPoly": {"vertices": [{"x": 1594.0, "y": 2791.0}, {"x": 1732.0, "y": 2780.0}, {"x": 1736.0, "y": 2827.0}, {"x": 1597.0, "y": 2837.0}]}, "description": "12.68"}, {"boundingPoly": {"vertices": [{"x": 563.0, "y": 2818.0}, {"x": 976.0, "y": 2806.0}, {"x": 978.0, "y": 2859.0}, {"x": 563.0, "y": 2869.0}]}, "description": "Authorizing ..."}, {"boundingPoly": {"vertices": [{"x": 497.0, "y": 2872.0}, {"x": 840.0, "y": 2869.0}, {"x": 841.0, "y": 2921.0}, {"x": 497.0, "y": 2925.0}]}, "description": "Balance Due"}, {"boundingPoly": {"vertices": [{"x": 870.0, "y": 2919.0}, {"x": 1284.0, "y": 2919.0}, {"x": 1284.0, "y": 3009.0}, {"x": 870.0, "y": 3009.0}]}, "description": " athroom Code:"}, {"boundingPoly": {"vertices": [{"x": 1299.0, "y": 2901.0}, {"x": 1428.0, "y": 2901.0}, {"x": 1428.0, "y": 2965.0}, {"x": 1299.0, "y": 2965.0}]}, "description": " 3874"}]}