{"textAnnotations": [{"boundingPoly": {"vertices": [{"x": 45.0, "y": 270.0}, {"x": 94.0, "y": 268.0}, {"x": 93.0, "y": 291.0}, {"x": 44.0, "y": 293.0}]}, "description": "Esc"}, {"boundingPoly": {"vertices": [{"x": 231.0, "y": 261.0}, {"x": 276.0, "y": 263.0}, {"x": 275.0, "y": 290.0}, {"x": 230.0, "y": 288.0}]}, "description": "F1"}, {"boundingPoly": {"vertices": [{"x": 409.0, "y": 266.0}, {"x": 453.0, "y": 269.0}, {"x": 452.0, "y": 295.0}, {"x": 408.0, "y": 292.0}]}, "description": "F2"}, {"boundingPoly": {"vertices": [{"x": 740.0, "y": 231.0}, {"x": 976.0, "y": 231.0}, {"x": 976.0, "y": 278.0}, {"x": 740.0, "y": 278.0}]}, "description": " Thank You For"}, {"boundingPoly": {"vertices": [{"x": 688.0, "y": 319.0}, {"x": 1246.0, "y": 296.0}, {"x": 1247.0, "y": 332.0}, {"x": 689.0, "y": 357.0}]}, "description": "Nadine Varella, General Manager"}, {"boundingPoly": {"vertices": [{"x": 998.0, "y": 372.0}, {"x": 1167.0, "y": 372.0}, {"x": 1167.0, "y": 415.0}, {"x": 998.0, "y": 415.0}]}, "description": " Feedback!"}, {"boundingPoly": {"vertices": [{"x": 1030.0, "y": 413.0}, {"x": 1077.0, "y": 413.0}, {"x": 1077.0, "y": 448.0}, {"x": 1030.0, "y": 448.0}]}, "description": " to"}, {"boundingPoly": {"vertices": [{"x": 983.0, "y": 224.0}, {"x": 1201.0, "y": 224.0}, {"x": 1201.0, "y": 269.0}, {"x": 983.0, "y": 269.0}]}, "description": " Visiting the"}, {"boundingPoly": {"vertices": [{"x": 708.0, "y": 275.0}, {"x": 842.0, "y": 275.0}, {"x": 842.0, "y": 319.0}, {"x": 708.0, "y": 319.0}]}, "description": "merchant name"}, {"boundingPoly": {"vertices": [{"x": 838.0, "y": 350.0}, {"x": 1100.0, "y": 339.0}, {"x": 1101.0, "y": 372.0}, {"x": 839.0, "y": 384.0}]}, "description": "merchant phone"}, {"boundingPoly": {"vertices": [{"x": 1085.0, "y": 409.0}, {"x": 1182.0, "y": 409.0}, {"x": 1182.0, "y": 445.0}, {"x": 1085.0, "y": 445.0}]}, "description": " 73940"}, {"boundingPoly": {"vertices": [{"x": 848.0, "y": 269.0}, {"x": 965.0, "y": 269.0}, {"x": 965.0, "y": 312.0}, {"x": 848.0, "y": 312.0}]}, "description": "merchant name"}, {"boundingPoly": {"vertices": [{"x": 972.0, "y": 262.0}, {"x": 1231.0, "y": 262.0}, {"x": 1231.0, "y": 306.0}, {"x": 972.0, "y": 306.0}]}, "description": "merchant name"}, {"boundingPoly": {"vertices": [{"x": 1454.0, "y": 269.0}, {"x": 1503.0, "y": 271.0}, {"x": 1501.0, "y": 299.0}, {"x": 1452.0, "y": 298.0}]}, "description": "F8"}, {"boundingPoly": {"vertices": [{"x": 1632.0, "y": 273.0}, {"x": 1674.0, "y": 275.0}, {"x": 1672.0, "y": 298.0}, {"x": 1630.0, "y": 296.0}]}, "description": "F9"}, {"boundingPoly": {"vertices": [{"x": 1804.0, "y": 274.0}, {"x": 1864.0, "y": 272.0}, {"x": 1863.0, "y": 297.0}, {"x": 1803.0, "y": 299.0}]}, "description": "F10"}, {"boundingPoly": {"vertices": [{"x": 1979.0, "y": 273.0}, {"x": 2039.0, "y": 275.0}, {"x": 2037.0, "y": 302.0}, {"x": 1977.0, "y": 300.0}]}, "description": "F11"}, {"boundingPoly": {"vertices": [{"x": 2149.0, "y": 272.0}, {"x": 2214.0, "y": 273.0}, {"x": 2214.0, "y": 305.0}, {"x": 2149.0, "y": 304.0}]}, "description": "F12"}, {"boundingPoly": {"vertices": [{"x": 430.0, "y": 390.0}, {"x": 469.0, "y": 391.0}, {"x": 466.0, "y": 423.0}, {"x": 428.0, "y": 422.0}]}, "description": "@"}, {"boundingPoly": {"vertices": [{"x": 767.0, "y": 381.0}, {"x": 992.0, "y": 381.0}, {"x": 992.0, "y": 427.0}, {"x": 767.0, "y": 427.0}]}, "description": " We Love Your"}, {"boundingPoly": {"vertices": [{"x": 1426.0, "y": 386.0}, {"x": 1461.0, "y": 390.0}, {"x": 1458.0, "y": 425.0}, {"x": 1423.0, "y": 422.0}]}, "description": "&"}, {"boundingPoly": {"vertices": [{"x": 1425.0, "y": 451.0}, {"x": 1458.0, "y": 449.0}, {"x": 1458.0, "y": 484.0}, {"x": 1425.0, "y": 486.0}]}, "description": "7"}, {"boundingPoly": {"vertices": [{"x": 1624.0, "y": 392.0}, {"x": 1661.0, "y": 389.0}, {"x": 1661.0, "y": 424.0}, {"x": 1624.0, "y": 427.0}]}, "description": "*"}, {"boundingPoly": {"vertices": [{"x": 1625.0, "y": 454.0}, {"x": 1661.0, "y": 456.0}, {"x": 1659.0, "y": 493.0}, {"x": 1623.0, "y": 491.0}]}, "description": "8"}, {"boundingPoly": {"vertices": [{"x": 2054.0, "y": 393.0}, {"x": 2054.0, "y": 441.0}, {"x": 2028.0, "y": 441.0}, {"x": 2027.0, "y": 393.0}]}, "description": "-"}, {"boundingPoly": {"vertices": [{"x": 2063.0, "y": 461.0}, {"x": 2059.0, "y": 504.0}, {"x": 2031.0, "y": 500.0}, {"x": 2035.0, "y": 458.0}]}, "description": "O"}, {"boundingPoly": {"vertices": [{"x": 229.0, "y": 454.0}, {"x": 257.0, "y": 454.0}, {"x": 256.0, "y": 485.0}, {"x": 227.0, "y": 484.0}]}, "description": "1"}, {"boundingPoly": {"vertices": [{"x": 425.0, "y": 451.0}, {"x": 461.0, "y": 455.0}, {"x": 456.0, "y": 493.0}, {"x": 419.0, "y": 488.0}]}, "description": "2"}, {"boundingPoly": {"vertices": [{"x": 763.0, "y": 424.0}, {"x": 842.0, "y": 424.0}, {"x": 842.0, "y": 460.0}, {"x": 763.0, "y": 460.0}]}, "description": " Text"}, {"boundingPoly": {"vertices": [{"x": 848.0, "y": 415.0}, {"x": 1024.0, "y": 415.0}, {"x": 1024.0, "y": 456.0}, {"x": 848.0, "y": 456.0}]}, "description": " BLTF41042"}, {"boundingPoly": {"vertices": [{"x": 1293.0, "y": 469.0}, {"x": 1355.0, "y": 468.0}, {"x": 1357.0, "y": 497.0}, {"x": 1294.0, "y": 498.0}]}, "description": "USD"}, {"boundingPoly": {"vertices": [{"x": 1824.0, "y": 462.0}, {"x": 1863.0, "y": 461.0}, {"x": 1864.0, "y": 496.0}, {"x": 1825.0, "y": 497.0}]}, "description": "9"}, {"boundingPoly": {"vertices": [{"x": 1888.0, "y": 457.0}, {"x": 1869.0, "y": 459.0}, {"x": 1869.0, "y": 431.0}, {"x": 1887.0, "y": 430.0}]}, "description": "6"}, {"boundingPoly": {"vertices": [{"x": 598.0, "y": 516.0}, {"x": 951.0, "y": 509.0}, {"x": 952.0, "y": 544.0}, {"x": 598.0, "y": 552.0}]}, "description": "1.49 lb x $ 6.72/1b"}, {"boundingPoly": {"vertices": [{"x": 580.0, "y": 584.0}, {"x": 860.0, "y": 584.0}, {"x": 860.0, "y": 624.0}, {"x": 580.0, "y": 624.0}]}, "description": " Water Aquafina"}, {"boundingPoly": {"vertices": [{"x": 37.0, "y": 574.0}, {"x": 85.0, "y": 573.0}, {"x": 85.0, "y": 606.0}, {"x": 38.0, "y": 607.0}]}, "description": "ab"}, {"boundingPoly": {"vertices": [{"x": 313.0, "y": 568.0}, {"x": 368.0, "y": 570.0}, {"x": 367.0, "y": 615.0}, {"x": 311.0, "y": 612.0}]}, "description": "Q"}, {"boundingPoly": {"vertices": [{"x": 585.0, "y": 550.0}, {"x": 949.0, "y": 546.0}, {"x": 949.0, "y": 582.0}, {"x": 585.0, "y": 587.0}]}, "description": "Salad Bar Lunch Lg"}, {"boundingPoly": {"vertices": [{"x": 1262.0, "y": 539.0}, {"x": 1359.0, "y": 537.0}, {"x": 1358.0, "y": 574.0}, {"x": 1262.0, "y": 575.0}]}, "description": "10.01"}, {"boundingPoly": {"vertices": [{"x": 1276.0, "y": 582.0}, {"x": 1357.0, "y": 581.0}, {"x": 1358.0, "y": 616.0}, {"x": 1276.0, "y": 618.0}]}, "description": "1.15"}, {"boundingPoly": {"vertices": [{"x": 867.0, "y": 584.0}, {"x": 951.0, "y": 584.0}, {"x": 951.0, "y": 621.0}, {"x": 867.0, "y": 621.0}]}, "description": " 20oz"}, {"boundingPoly": {"vertices": [{"x": 1528.0, "y": 566.0}, {"x": 1575.0, "y": 568.0}, {"x": 1573.0, "y": 612.0}, {"x": 1526.0, "y": 610.0}]}, "description": "U"}, {"boundingPoly": {"vertices": [{"x": 1573.0, "y": 605.0}, {"x": 1599.0, "y": 606.0}, {"x": 1597.0, "y": 639.0}, {"x": 1571.0, "y": 638.0}]}, "description": "4"}, {"boundingPoly": {"vertices": [{"x": 1929.0, "y": 577.0}, {"x": 1977.0, "y": 580.0}, {"x": 1975.0, "y": 619.0}, {"x": 1927.0, "y": 616.0}]}, "description": "O"}, {"boundingPoly": {"vertices": [{"x": 2137.0, "y": 576.0}, {"x": 2179.0, "y": 573.0}, {"x": 2179.0, "y": 620.0}, {"x": 2136.0, "y": 623.0}]}, "description": "P"}, {"boundingPoly": {"vertices": [{"x": 1779.0, "y": 613.0}, {"x": 1800.0, "y": 612.0}, {"x": 1802.0, "y": 641.0}, {"x": 1780.0, "y": 641.0}]}, "description": "5"}, {"boundingPoly": {"vertices": [{"x": 2202.0, "y": 609.0}, {"x": 2209.0, "y": 640.0}, {"x": 2185.0, "y": 646.0}, {"x": 2177.0, "y": 615.0}]}, "description": "*"}, {"boundingPoly": {"vertices": [{"x": 1013.0, "y": 662.0}, {"x": 1187.0, "y": 661.0}, {"x": 1187.0, "y": 704.0}, {"x": 1013.0, "y": 705.0}]}, "description": "Sub Total"}, {"boundingPoly": {"vertices": [{"x": 1016.0, "y": 711.0}, {"x": 1222.0, "y": 711.0}, {"x": 1222.0, "y": 751.0}, {"x": 1016.0, "y": 752.0}]}, "description": "Tax Amount"}, {"boundingPoly": {"vertices": [{"x": 1263.0, "y": 663.0}, {"x": 1362.0, "y": 664.0}, {"x": 1361.0, "y": 703.0}, {"x": 1265.0, "y": 703.0}]}, "description": "11.16"}, {"boundingPoly": {"vertices": [{"x": 1275.0, "y": 711.0}, {"x": 1360.0, "y": 711.0}, {"x": 1360.0, "y": 748.0}, {"x": 1276.0, "y": 750.0}]}, "description": "0.78"}, {"boundingPoly": {"vertices": [{"x": 30.0, "y": 757.0}, {"x": 175.0, "y": 754.0}, {"x": 176.0, "y": 790.0}, {"x": 30.0, "y": 793.0}]}, "description": "Ips Lock"}, {"boundingPoly": {"vertices": [{"x": 343.0, "y": 756.0}, {"x": 391.0, "y": 756.0}, {"x": 389.0, "y": 806.0}, {"x": 341.0, "y": 806.0}]}, "description": "A"}, {"boundingPoly": {"vertices": [{"x": 1575.0, "y": 762.0}, {"x": 1615.0, "y": 760.0}, {"x": 1616.0, "y": 799.0}, {"x": 1575.0, "y": 802.0}]}, "description": "J"}, {"boundingPoly": {"vertices": [{"x": 1777.0, "y": 758.0}, {"x": 1832.0, "y": 760.0}, {"x": 1830.0, "y": 811.0}, {"x": 1776.0, "y": 809.0}]}, "description": "K"}, {"boundingPoly": {"vertices": [{"x": 1989.0, "y": 766.0}, {"x": 2036.0, "y": 768.0}, {"x": 2035.0, "y": 810.0}, {"x": 1988.0, "y": 808.0}]}, "description": "L"}, {"boundingPoly": {"vertices": [{"x": 2052.0, "y": 797.0}, {"x": 2056.0, "y": 830.0}, {"x": 2032.0, "y": 836.0}, {"x": 2028.0, "y": 803.0}]}, "description": "m"}, {"boundingPoly": {"vertices": [{"x": 561.0, "y": 844.0}, {"x": 909.0, "y": 843.0}, {"x": 909.0, "y": 925.0}, {"x": 561.0, "y": 926.0}]}, "description": "Total USD"}, {"boundingPoly": {"vertices": [{"x": 1175.0, "y": 847.0}, {"x": 1365.0, "y": 842.0}, {"x": 1365.0, "y": 910.0}, {"x": 1176.0, "y": 917.0}]}, "description": "11.94"}, {"boundingPoly": {"vertices": [{"x": 477.0, "y": 942.0}, {"x": 476.0, "y": 997.0}, {"x": 434.0, "y": 999.0}, {"x": 436.0, "y": 945.0}]}, "description": "N"}, {"boundingPoly": {"vertices": [{"x": 33.0, "y": 953.0}, {"x": 65.0, "y": 953.0}, {"x": 64.0, "y": 981.0}, {"x": 32.0, "y": 981.0}]}, "description": "ft"}, {"boundingPoly": {"vertices": [{"x": 1466.0, "y": 947.0}, {"x": 1521.0, "y": 949.0}, {"x": 1521.0, "y": 1002.0}, {"x": 1466.0, "y": 1000.0}]}, "description": "N"}, {"boundingPoly": {"vertices": [{"x": 1673.0, "y": 952.0}, {"x": 1733.0, "y": 952.0}, {"x": 1734.0, "y": 1005.0}, {"x": 1674.0, "y": 1005.0}]}, "description": "M"}, {"boundingPoly": {"vertices": [{"x": 1894.0, "y": 968.0}, {"x": 1929.0, "y": 968.0}, {"x": 1929.0, "y": 1005.0}, {"x": 1895.0, "y": 1006.0}]}, "description": "<"}, {"boundingPoly": {"vertices": [{"x": 2097.0, "y": 973.0}, {"x": 2138.0, "y": 973.0}, {"x": 2137.0, "y": 1012.0}, {"x": 2096.0, "y": 1012.0}]}, "description": ">"}, {"boundingPoly": {"vertices": [{"x": 560.0, "y": 1054.0}, {"x": 968.0, "y": 1058.0}, {"x": 967.0, "y": 1103.0}, {"x": 560.0, "y": 1098.0}]}, "description": "5009 AMERICAN EXPRESS"}, {"boundingPoly": {"vertices": [{"x": 1265.0, "y": 1048.0}, {"x": 1364.0, "y": 1045.0}, {"x": 1364.0, "y": 1085.0}, {"x": 1266.0, "y": 1088.0}]}, "description": "11.94"}, {"boundingPoly": {"vertices": [{"x": 213.0, "y": 1154.0}, {"x": 261.0, "y": 1155.0}, {"x": 259.0, "y": 1185.0}, {"x": 211.0, "y": 1183.0}]}, "description": "Fn"}, {"boundingPoly": {"vertices": [{"x": 566.0, "y": 1195.0}, {"x": 630.0, "y": 1196.0}, {"x": 628.0, "y": 1235.0}, {"x": 564.0, "y": 1233.0}]}, "description": "Tax"}, {"boundingPoly": {"vertices": [{"x": 563.0, "y": 1235.0}, {"x": 609.0, "y": 1235.0}, {"x": 609.0, "y": 1283.0}, {"x": 563.0, "y": 1283.0}]}, "description": " ()"}, {"boundingPoly": {"vertices": [{"x": 1901.0, "y": 1157.0}, {"x": 1958.0, "y": 1157.0}, {"x": 1956.0, "y": 1193.0}, {"x": 1899.0, "y": 1193.0}]}, "description": "Alt"}, {"boundingPoly": {"vertices": [{"x": 2114.0, "y": 1154.0}, {"x": 2183.0, "y": 1158.0}, {"x": 2180.0, "y": 1195.0}, {"x": 2112.0, "y": 1191.0}]}, "description": "Ctrl"}, {"boundingPoly": {"vertices": [{"x": 618.0, "y": 1237.0}, {"x": 703.0, "y": 1237.0}, {"x": 703.0, "y": 1283.0}, {"x": 618.0, "y": 1283.0}]}, "description": " 7.00"}, {"boundingPoly": {"vertices": [{"x": 870.0, "y": 1189.0}, {"x": 1152.0, "y": 1189.0}, {"x": 1152.0, "y": 1241.0}, {"x": 870.0, "y": 1241.0}]}, "description": " Taxable Amount"}, {"boundingPoly": {"vertices": [{"x": 1164.0, "y": 1183.0}, {"x": 1357.0, "y": 1183.0}, {"x": 1357.0, "y": 1231.0}, {"x": 1164.0, "y": 1231.0}]}, "description": " Tax Amount"}, {"boundingPoly": {"vertices": [{"x": 1284.0, "y": 1234.0}, {"x": 1364.0, "y": 1232.0}, {"x": 1364.0, "y": 1272.0}, {"x": 1283.0, "y": 1274.0}]}, "description": "0.78"}, {"boundingPoly": {"vertices": [{"x": 1043.0, "y": 1240.0}, {"x": 1141.0, "y": 1238.0}, {"x": 1142.0, "y": 1273.0}, {"x": 1042.0, "y": 1276.0}]}, "description": "11.16"}, {"boundingPoly": {"vertices": [{"x": 559.0, "y": 1366.0}, {"x": 1363.0, "y": 1366.0}, {"x": 1363.0, "y": 1424.0}, {"x": 559.0, "y": 1424.0}]}, "description": " 11/22/2019 01:36 PM #:57635 Op:3051 C:113"}, {"boundingPoly": {"vertices": [{"x": 773.0, "y": 1460.0}, {"x": 1016.0, "y": 1460.0}, {"x": 1016.0, "y": 1506.0}, {"x": 773.0, "y": 1506.0}]}, "description": " : Denise Gray"}, {"boundingPoly": {"vertices": [{"x": 562.0, "y": 1421.0}, {"x": 756.0, "y": 1421.0}, {"x": 756.0, "y": 1468.0}, {"x": 562.0, "y": 1468.0}]}, "description": " 101 S:1131"}, {"boundingPoly": {"vertices": [{"x": 557.0, "y": 1466.0}, {"x": 766.0, "y": 1466.0}, {"x": 766.0, "y": 1510.0}, {"x": 557.0, "y": 1510.0}]}, "description": " Served you"}, {"boundingPoly": {"vertices": [{"x": 711.0, "y": 1583.0}, {"x": 1143.0, "y": 1586.0}, {"x": 1143.0, "y": 1623.0}, {"x": 710.0, "y": 1620.0}]}, "description": "*** Customer copy ***"}, {"boundingPoly": {"vertices": [{"x": 740.0, "y": 1653.0}, {"x": 1130.0, "y": 1655.0}, {"x": 1129.0, "y": 1699.0}, {"x": 740.0, "y": 1698.0}]}, "description": "AMEX Sunrise 937 5"}, {"boundingPoly": {"vertices": [{"x": 558.0, "y": 1706.0}, {"x": 1307.0, "y": 1706.0}, {"x": 1307.0, "y": 1755.0}, {"x": 558.0, "y": 1755.0}]}, "description": " agree to pay the above total amount"}, {"boundingPoly": {"vertices": [{"x": 673.0, "y": 1759.0}, {"x": 1194.0, "y": 1758.0}, {"x": 1195.0, "y": 1804.0}, {"x": 673.0, "y": 1806.0}]}, "description": "according to card issuer"}, {"boundingPoly": {"vertices": [{"x": 495.0, "y": 1808.0}, {"x": 1132.0, "y": 1808.0}, {"x": 1132.0, "y": 1861.0}, {"x": 495.0, "y": 1861.0}]}, "description": " agreement. (Merchant agreement"}, {"boundingPoly": {"vertices": [{"x": 556.0, "y": 1859.0}, {"x": 1272.0, "y": 1859.0}, {"x": 1272.0, "y": 1913.0}, {"x": 556.0, "y": 1914.0}]}, "description": "Voucher) Retain this copy for your"}, {"boundingPoly": {"vertices": [{"x": 833.0, "y": 1921.0}, {"x": 1010.0, "y": 1918.0}, {"x": 1011.0, "y": 1962.0}, {"x": 833.0, "y": 1965.0}]}, "description": "records."}, {"boundingPoly": {"vertices": [{"x": 524.0, "y": 1708.0}, {"x": 549.0, "y": 1708.0}, {"x": 549.0, "y": 1755.0}, {"x": 524.0, "y": 1755.0}]}, "description": " I"}, {"boundingPoly": {"vertices": [{"x": 1141.0, "y": 1808.0}, {"x": 1190.0, "y": 1808.0}, {"x": 1190.0, "y": 1857.0}, {"x": 1141.0, "y": 1857.0}]}, "description": " if"}, {"boundingPoly": {"vertices": [{"x": 1199.0, "y": 1808.0}, {"x": 1333.0, "y": 1808.0}, {"x": 1333.0, "y": 1857.0}, {"x": 1199.0, "y": 1857.0}]}, "description": " Credit"}, {"boundingPoly": {"vertices": [{"x": 481.0, "y": 2024.0}, {"x": 909.0, "y": 2023.0}, {"x": 909.0, "y": 2072.0}, {"x": 481.0, "y": 2074.0}]}, "description": "PURCHASE / APPROVED"}, {"boundingPoly": {"vertices": [{"x": 485.0, "y": 2079.0}, {"x": 846.0, "y": 2075.0}, {"x": 846.0, "y": 2123.0}, {"x": 485.0, "y": 2127.0}]}, "description": "AMERICAN EXPRESS"}, {"boundingPoly": {"vertices": [{"x": 487.0, "y": 2136.0}, {"x": 822.0, "y": 2135.0}, {"x": 822.0, "y": 2179.0}, {"x": 487.0, "y": 2180.0}]}, "description": "*********** 1006"}, {"boundingPoly": {"vertices": [{"x": 482.0, "y": 2187.0}, {"x": 729.0, "y": 2189.0}, {"x": 729.0, "y": 2234.0}, {"x": 482.0, "y": 2232.0}]}, "description": "CHIP READ /"}, {"boundingPoly": {"vertices": [{"x": 486.0, "y": 2281.0}, {"x": 904.0, "y": 2281.0}, {"x": 904.0, "y": 2331.0}, {"x": 486.0, "y": 2331.0}]}, "description": " 2019/11/22 13:36:14"}, {"boundingPoly": {"vertices": [{"x": 498.0, "y": 2332.0}, {"x": 559.0, "y": 2330.0}, {"x": 560.0, "y": 2370.0}, {"x": 498.0, "y": 2373.0}]}, "description": "TID"}, {"boundingPoly": {"vertices": [{"x": 496.0, "y": 2380.0}, {"x": 557.0, "y": 2377.0}, {"x": 558.0, "y": 2416.0}, {"x": 497.0, "y": 2419.0}]}, "description": "MID"}, {"boundingPoly": {"vertices": [{"x": 495.0, "y": 2422.0}, {"x": 689.0, "y": 2421.0}, {"x": 689.0, "y": 2465.0}, {"x": 495.0, "y": 2466.0}]}, "description": "REFERENCE"}, {"boundingPoly": {"vertices": [{"x": 498.0, "y": 2469.0}, {"x": 691.0, "y": 2469.0}, {"x": 691.0, "y": 2505.0}, {"x": 498.0, "y": 2505.0}]}, "description": "AUTH CODE"}, {"boundingPoly": {"vertices": [{"x": 1178.0, "y": 2332.0}, {"x": 1355.0, "y": 2331.0}, {"x": 1355.0, "y": 2371.0}, {"x": 1178.0, "y": 2372.0}]}, "description": "**** 5737"}, {"boundingPoly": {"vertices": [{"x": 1197.0, "y": 2378.0}, {"x": 1341.0, "y": 2375.0}, {"x": 1342.0, "y": 2411.0}, {"x": 1197.0, "y": 2415.0}]}, "description": "6634461"}, {"boundingPoly": {"vertices": [{"x": 814.0, "y": 2422.0}, {"x": 1346.0, "y": 2417.0}, {"x": 1346.0, "y": 2458.0}, {"x": 814.0, "y": 2466.0}]}, "description": "S1131T113101#57635@387079"}, {"boundingPoly": {"vertices": [{"x": 1220.0, "y": 2462.0}, {"x": 1344.0, "y": 2461.0}, {"x": 1344.0, "y": 2499.0}, {"x": 1220.0, "y": 2500.0}]}, "description": "859117"}, {"boundingPoly": {"vertices": [{"x": 507.0, "y": 2548.0}, {"x": 610.0, "y": 2548.0}, {"x": 609.0, "y": 2584.0}, {"x": 507.0, "y": 2582.0}]}, "description": "TOTAL"}, {"boundingPoly": {"vertices": [{"x": 1168.0, "y": 2543.0}, {"x": 1343.0, "y": 2542.0}, {"x": 1343.0, "y": 2582.0}, {"x": 1168.0, "y": 2583.0}]}, "description": "USD11.94"}, {"boundingPoly": {"vertices": [{"x": 516.0, "y": 2623.0}, {"x": 611.0, "y": 2623.0}, {"x": 611.0, "y": 2655.0}, {"x": 516.0, "y": 2655.0}]}, "description": " ARC:"}, {"boundingPoly": {"vertices": [{"x": 523.0, "y": 2663.0}, {"x": 605.0, "y": 2663.0}, {"x": 605.0, "y": 2708.0}, {"x": 523.0, "y": 2708.0}]}, "description": " TSI:"}, {"boundingPoly": {"vertices": [{"x": 519.0, "y": 2715.0}, {"x": 601.0, "y": 2715.0}, {"x": 601.0, "y": 2760.0}, {"x": 519.0, "y": 2760.0}]}, "description": " IAD:"}, {"boundingPoly": {"vertices": [{"x": 513.0, "y": 2763.0}, {"x": 599.0, "y": 2763.0}, {"x": 599.0, "y": 2812.0}, {"x": 513.0, "y": 2812.0}]}, "description": " TVR:"}, {"boundingPoly": {"vertices": [{"x": 505.0, "y": 2819.0}, {"x": 598.0, "y": 2819.0}, {"x": 598.0, "y": 2865.0}, {"x": 505.0, "y": 2865.0}]}, "description": " AID:"}, {"boundingPoly": {"vertices": [{"x": 499.0, "y": 2872.0}, {"x": 741.0, "y": 2872.0}, {"x": 741.0, "y": 2919.0}, {"x": 499.0, "y": 2919.0}]}, "description": " PAN Seq No:"}, {"boundingPoly": {"vertices": [{"x": 616.0, "y": 2623.0}, {"x": 664.0, "y": 2623.0}, {"x": 664.0, "y": 2655.0}, {"x": 616.0, "y": 2655.0}]}, "description": " 00"}, {"boundingPoly": {"vertices": [{"x": 612.0, "y": 2663.0}, {"x": 704.0, "y": 2663.0}, {"x": 704.0, "y": 2708.0}, {"x": 612.0, "y": 2708.0}]}, "description": " F800"}, {"boundingPoly": {"vertices": [{"x": 608.0, "y": 2715.0}, {"x": 906.0, "y": 2715.0}, {"x": 906.0, "y": 2765.0}, {"x": 608.0, "y": 2765.0}]}, "description": " 066D0103602002"}, {"boundingPoly": {"vertices": [{"x": 608.0, "y": 2764.0}, {"x": 821.0, "y": 2764.0}, {"x": 821.0, "y": 2814.0}, {"x": 608.0, "y": 2814.0}]}, "description": " 0000008000"}, {"boundingPoly": {"vertices": [{"x": 606.0, "y": 2818.0}, {"x": 942.0, "y": 2818.0}, {"x": 942.0, "y": 2868.0}, {"x": 606.0, "y": 2868.0}]}, "description": " A000000025010801"}, {"boundingPoly": {"vertices": [{"x": 750.0, "y": 2871.0}, {"x": 796.0, "y": 2871.0}, {"x": 796.0, "y": 2919.0}, {"x": 750.0, "y": 2919.0}]}, "description": " 00"}]}