{"textAnnotations": [{"boundingPoly": {"vertices": [{"x": 106.0, "y": 72.0}, {"x": 343.0, "y": 75.0}, {"x": 342.0, "y": 132.0}, {"x": 106.0, "y": 131.0}]}, "description": "\u626b\u53e4u"}, {"boundingPoly": {"vertices": [{"x": 102.0, "y": 137.0}, {"x": 437.0, "y": 90.0}, {"x": 438.0, "y": 254.0}, {"x": 98.0, "y": 253.0}]}, "description": "merchant name"}, {"boundingPoly": {"vertices": [{"x": 107.0, "y": 266.0}, {"x": 419.0, "y": 265.0}, {"x": 419.0, "y": 319.0}, {"x": 108.0, "y": 322.0}]}, "description": "merchant name"}, {"boundingPoly": {"vertices": [{"x": 213.0, "y": 320.0}, {"x": 283.0, "y": 320.0}, {"x": 283.0, "y": 345.0}, {"x": 213.0, "y": 344.0}]}, "description": "merchant address"}, {"boundingPoly": {"vertices": [{"x": 110.0, "y": 351.0}, {"x": 386.0, "y": 352.0}, {"x": 386.0, "y": 377.0}, {"x": 110.0, "y": 377.0}]}, "description": "merchant address"}, {"boundingPoly": {"vertices": [{"x": 155.0, "y": 384.0}, {"x": 329.0, "y": 383.0}, {"x": 330.0, "y": 407.0}, {"x": 155.0, "y": 408.0}]}, "description": "merchant address"}, {"boundingPoly": {"vertices": [{"x": 132.0, "y": 412.0}, {"x": 351.0, "y": 413.0}, {"x": 351.0, "y": 442.0}, {"x": 132.0, "y": 441.0}]}, "description": "VAT No. 323 5682 06"}, {"boundingPoly": {"vertices": [{"x": 21.0, "y": 476.0}, {"x": 91.0, "y": 476.0}, {"x": 91.0, "y": 502.0}, {"x": 21.0, "y": 502.0}]}, "description": " Slip:"}, {"boundingPoly": {"vertices": [{"x": 21.0, "y": 507.0}, {"x": 95.0, "y": 507.0}, {"x": 95.0, "y": 532.0}, {"x": 21.0, "y": 532.0}]}, "description": " Staff:"}, {"boundingPoly": {"vertices": [{"x": 21.0, "y": 537.0}, {"x": 88.0, "y": 537.0}, {"x": 88.0, "y": 562.0}, {"x": 21.0, "y": 562.0}]}, "description": " Date:"}, {"boundingPoly": {"vertices": [{"x": 97.0, "y": 476.0}, {"x": 319.0, "y": 476.0}, {"x": 319.0, "y": 502.0}, {"x": 97.0, "y": 502.0}]}, "description": " 0000A03401001063107"}, {"boundingPoly": {"vertices": [{"x": 99.0, "y": 508.0}, {"x": 160.0, "y": 508.0}, {"x": 160.0, "y": 534.0}, {"x": 99.0, "y": 534.0}]}, "description": " Shyam"}, {"boundingPoly": {"vertices": [{"x": 100.0, "y": 537.0}, {"x": 261.0, "y": 537.0}, {"x": 261.0, "y": 562.0}, {"x": 100.0, "y": 562.0}]}, "description": " 26/09/19 22:51"}, {"boundingPoly": {"vertices": [{"x": 280.0, "y": 508.0}, {"x": 351.0, "y": 508.0}, {"x": 351.0, "y": 531.0}, {"x": 280.0, "y": 531.0}]}, "description": " Trans:"}, {"boundingPoly": {"vertices": [{"x": 396.0, "y": 506.0}, {"x": 478.0, "y": 505.0}, {"x": 478.0, "y": 529.0}, {"x": 396.0, "y": 530.0}]}, "description": "1059682"}, {"boundingPoly": {"vertices": [{"x": 18.0, "y": 626.0}, {"x": 148.0, "y": 626.0}, {"x": 148.0, "y": 650.0}, {"x": 18.0, "y": 649.0}]}, "description": "Description"}, {"boundingPoly": {"vertices": [{"x": 371.0, "y": 628.0}, {"x": 444.0, "y": 628.0}, {"x": 444.0, "y": 651.0}, {"x": 371.0, "y": 651.0}]}, "description": "Amount"}, {"boundingPoly": {"vertices": [{"x": 18.0, "y": 686.0}, {"x": 204.0, "y": 686.0}, {"x": 204.0, "y": 710.0}, {"x": 18.0, "y": 710.0}]}, "description": "Rainbow Set each"}, {"boundingPoly": {"vertices": [{"x": 19.0, "y": 715.0}, {"x": 127.0, "y": 714.0}, {"x": 127.0, "y": 742.0}, {"x": 19.0, "y": 743.0}]}, "description": "Soy Sauce"}, {"boundingPoly": {"vertices": [{"x": 52.0, "y": 746.0}, {"x": 203.0, "y": 746.0}, {"x": 203.0, "y": 772.0}, {"x": 52.0, "y": 772.0}]}, "description": "2 each @ 0.10"}, {"boundingPoly": {"vertices": [{"x": 392.0, "y": 688.0}, {"x": 478.0, "y": 688.0}, {"x": 477.0, "y": 712.0}, {"x": 392.0, "y": 711.0}]}, "description": "8.40 Z"}, {"boundingPoly": {"vertices": [{"x": 392.0, "y": 749.0}, {"x": 477.0, "y": 749.0}, {"x": 477.0, "y": 773.0}, {"x": 392.0, "y": 773.0}]}, "description": "0.20 Z"}, {"boundingPoly": {"vertices": [{"x": 19.0, "y": 808.0}, {"x": 102.0, "y": 809.0}, {"x": 102.0, "y": 833.0}, {"x": 19.0, "y": 832.0}]}, "description": "Total \u00a3"}, {"boundingPoly": {"vertices": [{"x": 19.0, "y": 841.0}, {"x": 69.0, "y": 840.0}, {"x": 67.0, "y": 864.0}, {"x": 18.0, "y": 863.0}]}, "description": "Card"}, {"boundingPoly": {"vertices": [{"x": 41.0, "y": 872.0}, {"x": 89.0, "y": 873.0}, {"x": 88.0, "y": 894.0}, {"x": 41.0, "y": 894.0}]}, "description": "Amex"}, {"boundingPoly": {"vertices": [{"x": 44.0, "y": 902.0}, {"x": 87.0, "y": 902.0}, {"x": 87.0, "y": 925.0}, {"x": 43.0, "y": 924.0}]}, "description": "1006"}, {"boundingPoly": {"vertices": [{"x": 392.0, "y": 811.0}, {"x": 441.0, "y": 811.0}, {"x": 440.0, "y": 835.0}, {"x": 391.0, "y": 835.0}]}, "description": "8.60"}, {"boundingPoly": {"vertices": [{"x": 384.0, "y": 844.0}, {"x": 441.0, "y": 843.0}, {"x": 441.0, "y": 866.0}, {"x": 384.0, "y": 866.0}]}, "description": "-8.60"}, {"boundingPoly": {"vertices": [{"x": 416.0, "y": 942.0}, {"x": 473.0, "y": 942.0}, {"x": 473.0, "y": 952.0}, {"x": 416.0, "y": 951.0}]}, "description": "-----"}, {"boundingPoly": {"vertices": [{"x": 18.0, "y": 962.0}, {"x": 198.0, "y": 962.0}, {"x": 198.0, "y": 987.0}, {"x": 18.0, "y": 987.0}]}, "description": " Number of Items:"}, {"boundingPoly": {"vertices": [{"x": 424.0, "y": 966.0}, {"x": 441.0, "y": 966.0}, {"x": 440.0, "y": 987.0}, {"x": 423.0, "y": 987.0}]}, "description": "3"}, {"boundingPoly": {"vertices": [{"x": 51.0, "y": 1022.0}, {"x": 98.0, "y": 1022.0}, {"x": 97.0, "y": 1044.0}, {"x": 51.0, "y": 1045.0}]}, "description": "VAT%"}, {"boundingPoly": {"vertices": [{"x": 95.0, "y": 1055.0}, {"x": 96.0, "y": 1075.0}, {"x": 85.0, "y": 1075.0}, {"x": 84.0, "y": 1055.0}]}, "description": "O"}, {"boundingPoly": {"vertices": [{"x": 140.0, "y": 1023.0}, {"x": 221.0, "y": 1023.0}, {"x": 221.0, "y": 1047.0}, {"x": 140.0, "y": 1047.0}]}, "description": "Net.Amt"}, {"boundingPoly": {"vertices": [{"x": 174.0, "y": 1054.0}, {"x": 223.0, "y": 1054.0}, {"x": 223.0, "y": 1078.0}, {"x": 174.0, "y": 1077.0}]}, "description": "8.60"}, {"boundingPoly": {"vertices": [{"x": 312.0, "y": 1024.0}, {"x": 347.0, "y": 1024.0}, {"x": 347.0, "y": 1048.0}, {"x": 313.0, "y": 1048.0}]}, "description": "VAT"}, {"boundingPoly": {"vertices": [{"x": 298.0, "y": 1056.0}, {"x": 348.0, "y": 1056.0}, {"x": 347.0, "y": 1080.0}, {"x": 299.0, "y": 1079.0}]}, "description": "0.00"}, {"boundingPoly": {"vertices": [{"x": 402.0, "y": 1027.0}, {"x": 474.0, "y": 1027.0}, {"x": 474.0, "y": 1050.0}, {"x": 402.0, "y": 1050.0}]}, "description": "Amount"}, {"boundingPoly": {"vertices": [{"x": 422.0, "y": 1054.0}, {"x": 474.0, "y": 1056.0}, {"x": 472.0, "y": 1084.0}, {"x": 422.0, "y": 1084.0}]}, "description": "8.60"}, {"boundingPoly": {"vertices": [{"x": 29.0, "y": 1053.0}, {"x": 28.0, "y": 1075.0}, {"x": 16.0, "y": 1075.0}, {"x": 17.0, "y": 1053.0}]}, "description": "N"}, {"boundingPoly": {"vertices": [{"x": 60.0, "y": 1116.0}, {"x": 427.0, "y": 1119.0}, {"x": 427.0, "y": 1164.0}, {"x": 60.0, "y": 1159.0}]}, "description": "MADE FRESH DAILY"}]}