{"textAnnotations": [{"boundingPoly": {"vertices": [{"x": 509.0, "y": 352.0}, {"x": 1104.0, "y": 361.0}, {"x": 1104.0, "y": 413.0}, {"x": 508.0, "y": 407.0}]}, "description": "*** Customer copy ***"}, {"boundingPoly": {"vertices": [{"x": 624.0, "y": 484.0}, {"x": 1018.0, "y": 487.0}, {"x": 1017.0, "y": 550.0}, {"x": 623.0, "y": 544.0}]}, "description": "AMEX AESCP (5)"}, {"boundingPoly": {"vertices": [{"x": 330.0, "y": 551.0}, {"x": 1323.0, "y": 551.0}, {"x": 1323.0, "y": 621.0}, {"x": 330.0, "y": 621.0}]}, "description": " agree to pay the above total amount"}, {"boundingPoly": {"vertices": [{"x": 473.0, "y": 622.0}, {"x": 1153.0, "y": 630.0}, {"x": 1152.0, "y": 688.0}, {"x": 473.0, "y": 681.0}]}, "description": "according to card issuer"}, {"boundingPoly": {"vertices": [{"x": 253.0, "y": 691.0}, {"x": 1346.0, "y": 699.0}, {"x": 1345.0, "y": 760.0}, {"x": 253.0, "y": 750.0}]}, "description": "agreement. (Merchant agreement if Credit"}, {"boundingPoly": {"vertices": [{"x": 280.0, "y": 550.0}, {"x": 319.0, "y": 550.0}, {"x": 319.0, "y": 614.0}, {"x": 280.0, "y": 614.0}]}, "description": " I"}, {"boundingPoly": {"vertices": [{"x": 344.0, "y": 757.0}, {"x": 1256.0, "y": 770.0}, {"x": 1255.0, "y": 832.0}, {"x": 344.0, "y": 818.0}]}, "description": "Voucher)Retain this copy for your"}, {"boundingPoly": {"vertices": [{"x": 714.0, "y": 837.0}, {"x": 923.0, "y": 838.0}, {"x": 923.0, "y": 894.0}, {"x": 713.0, "y": 892.0}]}, "description": "records."}, {"boundingPoly": {"vertices": [{"x": 255.0, "y": 959.0}, {"x": 795.0, "y": 963.0}, {"x": 794.0, "y": 1022.0}, {"x": 254.0, "y": 1017.0}]}, "description": "PURCHASE / APPROVED"}, {"boundingPoly": {"vertices": [{"x": 259.0, "y": 1029.0}, {"x": 712.0, "y": 1029.0}, {"x": 712.0, "y": 1086.0}, {"x": 259.0, "y": 1086.0}]}, "description": "AMERICAN EXPRESS"}, {"boundingPoly": {"vertices": [{"x": 256.0, "y": 1098.0}, {"x": 684.0, "y": 1098.0}, {"x": 684.0, "y": 1150.0}, {"x": 256.0, "y": 1149.0}]}, "description": "*********** 1006"}, {"boundingPoly": {"vertices": [{"x": 251.0, "y": 1161.0}, {"x": 576.0, "y": 1161.0}, {"x": 576.0, "y": 1219.0}, {"x": 251.0, "y": 1219.0}]}, "description": "CHIP READ /"}, {"boundingPoly": {"vertices": [{"x": 258.0, "y": 1288.0}, {"x": 789.0, "y": 1288.0}, {"x": 789.0, "y": 1354.0}, {"x": 258.0, "y": 1354.0}]}, "description": " 2019/11/13 12:12:58"}, {"boundingPoly": {"vertices": [{"x": 256.0, "y": 1363.0}, {"x": 348.0, "y": 1361.0}, {"x": 347.0, "y": 1418.0}, {"x": 258.0, "y": 1419.0}]}, "description": "TID"}, {"boundingPoly": {"vertices": [{"x": 248.0, "y": 1431.0}, {"x": 346.0, "y": 1429.0}, {"x": 348.0, "y": 1485.0}, {"x": 251.0, "y": 1488.0}]}, "description": "MID"}, {"boundingPoly": {"vertices": [{"x": 251.0, "y": 1499.0}, {"x": 515.0, "y": 1492.0}, {"x": 516.0, "y": 1545.0}, {"x": 252.0, "y": 1552.0}]}, "description": "REFERENCE"}, {"boundingPoly": {"vertices": [{"x": 257.0, "y": 1558.0}, {"x": 512.0, "y": 1554.0}, {"x": 512.0, "y": 1607.0}, {"x": 258.0, "y": 1611.0}]}, "description": "AUTH CODE"}, {"boundingPoly": {"vertices": [{"x": 1128.0, "y": 1364.0}, {"x": 1356.0, "y": 1365.0}, {"x": 1355.0, "y": 1420.0}, {"x": 1128.0, "y": 1416.0}]}, "description": "**** 5970"}, {"boundingPoly": {"vertices": [{"x": 1156.0, "y": 1428.0}, {"x": 1355.0, "y": 1430.0}, {"x": 1355.0, "y": 1487.0}, {"x": 1155.0, "y": 1484.0}]}, "description": "6634458"}, {"boundingPoly": {"vertices": [{"x": 670.0, "y": 1484.0}, {"x": 1354.0, "y": 1496.0}, {"x": 1353.0, "y": 1553.0}, {"x": 670.0, "y": 1541.0}]}, "description": "S1121T112103#56540@558267"}, {"boundingPoly": {"vertices": [{"x": 1180.0, "y": 1560.0}, {"x": 1356.0, "y": 1564.0}, {"x": 1355.0, "y": 1618.0}, {"x": 1180.0, "y": 1613.0}]}, "description": "849454"}, {"boundingPoly": {"vertices": [{"x": 257.0, "y": 1690.0}, {"x": 400.0, "y": 1689.0}, {"x": 399.0, "y": 1744.0}, {"x": 258.0, "y": 1745.0}]}, "description": "TOTAL"}, {"boundingPoly": {"vertices": [{"x": 1153.0, "y": 1688.0}, {"x": 1346.0, "y": 1690.0}, {"x": 1346.0, "y": 1746.0}, {"x": 1153.0, "y": 1744.0}]}, "description": "USD4.21"}, {"boundingPoly": {"vertices": [{"x": 245.0, "y": 1827.0}, {"x": 372.0, "y": 1827.0}, {"x": 372.0, "y": 1887.0}, {"x": 245.0, "y": 1887.0}]}, "description": " ARC:"}, {"boundingPoly": {"vertices": [{"x": 243.0, "y": 1898.0}, {"x": 365.0, "y": 1898.0}, {"x": 365.0, "y": 1961.0}, {"x": 243.0, "y": 1961.0}]}, "description": " TSI:"}, {"boundingPoly": {"vertices": [{"x": 240.0, "y": 1968.0}, {"x": 367.0, "y": 1968.0}, {"x": 367.0, "y": 2031.0}, {"x": 240.0, "y": 2031.0}]}, "description": " IAD:"}, {"boundingPoly": {"vertices": [{"x": 238.0, "y": 2039.0}, {"x": 362.0, "y": 2039.0}, {"x": 362.0, "y": 2103.0}, {"x": 238.0, "y": 2103.0}]}, "description": " TVR:"}, {"boundingPoly": {"vertices": [{"x": 231.0, "y": 2110.0}, {"x": 359.0, "y": 2110.0}, {"x": 359.0, "y": 2176.0}, {"x": 231.0, "y": 2176.0}]}, "description": " AID:"}, {"boundingPoly": {"vertices": [{"x": 383.0, "y": 1824.0}, {"x": 451.0, "y": 1824.0}, {"x": 451.0, "y": 1885.0}, {"x": 383.0, "y": 1885.0}]}, "description": " 00"}, {"boundingPoly": {"vertices": [{"x": 376.0, "y": 1893.0}, {"x": 503.0, "y": 1893.0}, {"x": 503.0, "y": 1957.0}, {"x": 376.0, "y": 1957.0}]}, "description": " F800"}, {"boundingPoly": {"vertices": [{"x": 376.0, "y": 1952.0}, {"x": 778.0, "y": 1952.0}, {"x": 778.0, "y": 2026.0}, {"x": 376.0, "y": 2026.0}]}, "description": " 066B0103602002"}, {"boundingPoly": {"vertices": [{"x": 371.0, "y": 2024.0}, {"x": 667.0, "y": 2024.0}, {"x": 667.0, "y": 2097.0}, {"x": 371.0, "y": 2097.0}]}, "description": " 0000008000"}, {"boundingPoly": {"vertices": [{"x": 368.0, "y": 2086.0}, {"x": 827.0, "y": 2086.0}, {"x": 827.0, "y": 2169.0}, {"x": 368.0, "y": 2169.0}]}, "description": " A000000025010801"}, {"boundingPoly": {"vertices": [{"x": 565.0, "y": 2167.0}, {"x": 638.0, "y": 2167.0}, {"x": 638.0, "y": 2231.0}, {"x": 565.0, "y": 2231.0}]}, "description": " 00"}, {"boundingPoly": {"vertices": [{"x": 224.0, "y": 2172.0}, {"x": 556.0, "y": 2172.0}, {"x": 556.0, "y": 2251.0}, {"x": 224.0, "y": 2251.0}]}, "description": " PAN Seq No:"}]}