{"textAnnotations": [{"boundingPoly": {"vertices": [{"x": 676.0, "y": 49.0}, {"x": 1209.0, "y": 25.0}, {"x": 1210.0, "y": 75.0}, {"x": 676.0, "y": 97.0}]}, "description": "merchant name"}, {"boundingPoly": {"vertices": [{"x": 605.0, "y": 151.0}, {"x": 1281.0, "y": 117.0}, {"x": 1284.0, "y": 171.0}, {"x": 606.0, "y": 198.0}]}, "description": "merchant address"}, {"boundingPoly": {"vertices": [{"x": 825.0, "y": 244.0}, {"x": 1061.0, "y": 235.0}, {"x": 1062.0, "y": 279.0}, {"x": 826.0, "y": 290.0}]}, "description": "CHK 719548"}, {"boundingPoly": {"vertices": [{"x": 1036.0, "y": 331.0}, {"x": 1224.0, "y": 331.0}, {"x": 1224.0, "y": 387.0}, {"x": 1036.0, "y": 387.0}]}, "description": " 1 Reg:"}, {"boundingPoly": {"vertices": [{"x": 741.0, "y": 96.0}, {"x": 1137.0, "y": 79.0}, {"x": 1139.0, "y": 129.0}, {"x": 741.0, "y": 143.0}]}, "description": "merchant address"}, {"boundingPoly": {"vertices": [{"x": 717.0, "y": 278.0}, {"x": 1160.0, "y": 278.0}, {"x": 1160.0, "y": 346.0}, {"x": 717.0, "y": 346.0}]}, "description": " 11/17/2019 06:35 PM"}, {"boundingPoly": {"vertices": [{"x": 611.0, "y": 351.0}, {"x": 780.0, "y": 346.0}, {"x": 781.0, "y": 392.0}, {"x": 611.0, "y": 396.0}]}, "description": "1825005"}, {"boundingPoly": {"vertices": [{"x": 844.0, "y": 341.0}, {"x": 1028.0, "y": 341.0}, {"x": 1028.0, "y": 392.0}, {"x": 844.0, "y": 392.0}]}, "description": " Drawer:"}, {"boundingPoly": {"vertices": [{"x": 1230.0, "y": 329.0}, {"x": 1253.0, "y": 329.0}, {"x": 1253.0, "y": 375.0}, {"x": 1230.0, "y": 375.0}]}, "description": " 1"}, {"boundingPoly": {"vertices": [{"x": 528.0, "y": 454.0}, {"x": 817.0, "y": 453.0}, {"x": 818.0, "y": 502.0}, {"x": 528.0, "y": 504.0}]}, "description": "Salted Chips"}, {"boundingPoly": {"vertices": [{"x": 1210.0, "y": 434.0}, {"x": 1302.0, "y": 429.0}, {"x": 1305.0, "y": 477.0}, {"x": 1213.0, "y": 483.0}]}, "description": "1.75"}, {"boundingPoly": {"vertices": [{"x": 523.0, "y": 566.0}, {"x": 623.0, "y": 568.0}, {"x": 622.0, "y": 608.0}, {"x": 522.0, "y": 606.0}]}, "description": "Amex"}, {"boundingPoly": {"vertices": [{"x": 516.0, "y": 617.0}, {"x": 912.0, "y": 614.0}, {"x": 913.0, "y": 663.0}, {"x": 516.0, "y": 667.0}]}, "description": "XXXXXXXXXXXX1006"}, {"boundingPoly": {"vertices": [{"x": 513.0, "y": 668.0}, {"x": 790.0, "y": 668.0}, {"x": 790.0, "y": 721.0}, {"x": 513.0, "y": 721.0}]}, "description": " Card Entry:"}, {"boundingPoly": {"vertices": [{"x": 514.0, "y": 724.0}, {"x": 791.0, "y": 724.0}, {"x": 791.0, "y": 779.0}, {"x": 514.0, "y": 779.0}]}, "description": " Trans Type:"}, {"boundingPoly": {"vertices": [{"x": 506.0, "y": 782.0}, {"x": 814.0, "y": 782.0}, {"x": 814.0, "y": 834.0}, {"x": 506.0, "y": 834.0}]}, "description": " Reference #:"}, {"boundingPoly": {"vertices": [{"x": 506.0, "y": 840.0}, {"x": 763.0, "y": 840.0}, {"x": 763.0, "y": 892.0}, {"x": 506.0, "y": 892.0}]}, "description": " App Label:"}, {"boundingPoly": {"vertices": [{"x": 501.0, "y": 898.0}, {"x": 685.0, "y": 898.0}, {"x": 685.0, "y": 951.0}, {"x": 501.0, "y": 951.0}]}, "description": " Auth #:"}, {"boundingPoly": {"vertices": [{"x": 617.0, "y": 956.0}, {"x": 1027.0, "y": 956.0}, {"x": 1027.0, "y": 1007.0}, {"x": 617.0, "y": 1007.0}]}, "description": " A000000025010801"}, {"boundingPoly": {"vertices": [{"x": 613.0, "y": 1018.0}, {"x": 876.0, "y": 1018.0}, {"x": 876.0, "y": 1071.0}, {"x": 613.0, "y": 1071.0}]}, "description": " 0000008000"}, {"boundingPoly": {"vertices": [{"x": 610.0, "y": 1078.0}, {"x": 720.0, "y": 1078.0}, {"x": 720.0, "y": 1132.0}, {"x": 610.0, "y": 1132.0}]}, "description": " E800"}, {"boundingPoly": {"vertices": [{"x": 1209.0, "y": 545.0}, {"x": 1301.0, "y": 539.0}, {"x": 1304.0, "y": 589.0}, {"x": 1210.0, "y": 594.0}]}, "description": "1.87"}, {"boundingPoly": {"vertices": [{"x": 800.0, "y": 664.0}, {"x": 1056.0, "y": 664.0}, {"x": 1056.0, "y": 721.0}, {"x": 800.0, "y": 721.0}]}, "description": " QUICK CHIP"}, {"boundingPoly": {"vertices": [{"x": 800.0, "y": 723.0}, {"x": 1006.0, "y": 723.0}, {"x": 1006.0, "y": 777.0}, {"x": 800.0, "y": 777.0}]}, "description": " PURCHASE"}, {"boundingPoly": {"vertices": [{"x": 823.0, "y": 779.0}, {"x": 1036.0, "y": 779.0}, {"x": 1036.0, "y": 834.0}, {"x": 823.0, "y": 834.0}]}, "description": " 00000087"}, {"boundingPoly": {"vertices": [{"x": 772.0, "y": 830.0}, {"x": 1181.0, "y": 830.0}, {"x": 1181.0, "y": 892.0}, {"x": 772.0, "y": 892.0}]}, "description": " AMERICAN EXPRESS"}, {"boundingPoly": {"vertices": [{"x": 695.0, "y": 898.0}, {"x": 857.0, "y": 898.0}, {"x": 857.0, "y": 950.0}, {"x": 695.0, "y": 950.0}]}, "description": " 832350"}, {"boundingPoly": {"vertices": [{"x": 497.0, "y": 957.0}, {"x": 608.0, "y": 957.0}, {"x": 608.0, "y": 1007.0}, {"x": 497.0, "y": 1007.0}]}, "description": " AID:"}, {"boundingPoly": {"vertices": [{"x": 495.0, "y": 1017.0}, {"x": 604.0, "y": 1017.0}, {"x": 604.0, "y": 1071.0}, {"x": 495.0, "y": 1071.0}]}, "description": " TVR:"}, {"boundingPoly": {"vertices": [{"x": 490.0, "y": 1076.0}, {"x": 600.0, "y": 1076.0}, {"x": 600.0, "y": 1130.0}, {"x": 490.0, "y": 1130.0}]}, "description": " TSI:"}, {"boundingPoly": {"vertices": [{"x": 484.0, "y": 1198.0}, {"x": 683.0, "y": 1198.0}, {"x": 684.0, "y": 1249.0}, {"x": 484.0, "y": 1250.0}]}, "description": "Subtotal"}, {"boundingPoly": {"vertices": [{"x": 481.0, "y": 1258.0}, {"x": 742.0, "y": 1257.0}, {"x": 742.0, "y": 1309.0}, {"x": 481.0, "y": 1310.0}]}, "description": "Tax 6.625%"}, {"boundingPoly": {"vertices": [{"x": 478.0, "y": 1319.0}, {"x": 613.0, "y": 1318.0}, {"x": 613.0, "y": 1367.0}, {"x": 475.0, "y": 1370.0}]}, "description": "Total"}, {"boundingPoly": {"vertices": [{"x": 390.0, "y": 1380.0}, {"x": 916.0, "y": 1383.0}, {"x": 916.0, "y": 1440.0}, {"x": 390.0, "y": 1438.0}]}, "description": "Change Due"}, {"boundingPoly": {"vertices": [{"x": 1148.0, "y": 1196.0}, {"x": 1281.0, "y": 1190.0}, {"x": 1282.0, "y": 1244.0}, {"x": 1150.0, "y": 1249.0}]}, "description": "$1.75"}, {"boundingPoly": {"vertices": [{"x": 1151.0, "y": 1256.0}, {"x": 1282.0, "y": 1254.0}, {"x": 1285.0, "y": 1305.0}, {"x": 1153.0, "y": 1309.0}]}, "description": "$0.12"}, {"boundingPoly": {"vertices": [{"x": 1147.0, "y": 1315.0}, {"x": 1285.0, "y": 1312.0}, {"x": 1285.0, "y": 1363.0}, {"x": 1148.0, "y": 1370.0}]}, "description": "$1.87"}, {"boundingPoly": {"vertices": [{"x": 1172.0, "y": 1380.0}, {"x": 1442.0, "y": 1371.0}, {"x": 1445.0, "y": 1430.0}, {"x": 1174.0, "y": 1440.0}]}, "description": "$0.00"}, {"boundingPoly": {"vertices": [{"x": 635.0, "y": 1507.0}, {"x": 1129.0, "y": 1509.0}, {"x": 1129.0, "y": 1563.0}, {"x": 635.0, "y": 1562.0}]}, "description": "-- Check Closed ---"}, {"boundingPoly": {"vertices": [{"x": 648.0, "y": 1572.0}, {"x": 1157.0, "y": 1572.0}, {"x": 1157.0, "y": 1634.0}, {"x": 648.0, "y": 1634.0}]}, "description": " 11/17/2019 06:35 PM"}, {"boundingPoly": {"vertices": [{"x": 430.0, "y": 1835.0}, {"x": 1320.0, "y": 1838.0}, {"x": 1320.0, "y": 1903.0}, {"x": 430.0, "y": 1899.0}]}, "description": "Merchandise, Packaged Coffee and"}, {"boundingPoly": {"vertices": [{"x": 401.0, "y": 1905.0}, {"x": 1373.0, "y": 1915.0}, {"x": 1373.0, "y": 1978.0}, {"x": 401.0, "y": 1967.0}]}, "description": "Packaged Tea on this receipt may be"}, {"boundingPoly": {"vertices": [{"x": 396.0, "y": 1979.0}, {"x": 1407.0, "y": 1984.0}, {"x": 1407.0, "y": 2049.0}, {"x": 396.0, "y": 2039.0}]}, "description": "returned or exchanged within 60 days"}, {"boundingPoly": {"vertices": [{"x": 455.0, "y": 2045.0}, {"x": 1324.0, "y": 2056.0}, {"x": 1323.0, "y": 2122.0}, {"x": 454.0, "y": 2108.0}]}, "description": "of the transaction date printed"}, {"boundingPoly": {"vertices": [{"x": 360.0, "y": 2114.0}, {"x": 1376.0, "y": 2132.0}, {"x": 1375.0, "y": 2194.0}, {"x": 360.0, "y": 2176.0}]}, "description": "above. All returns or exchanges must"}, {"boundingPoly": {"vertices": [{"x": 411.0, "y": 2190.0}, {"x": 1347.0, "y": 2201.0}, {"x": 1346.0, "y": 2270.0}, {"x": 411.0, "y": 2253.0}]}, "description": "be accompanied with this original"}, {"boundingPoly": {"vertices": [{"x": 376.0, "y": 2329.0}, {"x": 1375.0, "y": 2354.0}, {"x": 1373.0, "y": 2419.0}, {"x": 376.0, "y": 2395.0}]}, "description": "form of payment. For questions call"}, {"boundingPoly": {"vertices": [{"x": 417.0, "y": 2262.0}, {"x": 1356.0, "y": 2275.0}, {"x": 1354.0, "y": 2344.0}, {"x": 416.0, "y": 2324.0}]}, "description": "receipt. Refund method depends on"}, {"boundingPoly": {"vertices": [{"x": 465.0, "y": 2403.0}, {"x": 1314.0, "y": 2425.0}, {"x": 1312.0, "y": 2496.0}, {"x": 463.0, "y": 2472.0}]}, "description": "1-800-STARBUC-800-782-7282)"}, {"boundingPoly": {"vertices": [{"x": 530.0, "y": 2636.0}, {"x": 1240.0, "y": 2661.0}, {"x": 1238.0, "y": 2730.0}, {"x": 528.0, "y": 2702.0}]}, "description": "Join our loyalty program"}, {"boundingPoly": {"vertices": [{"x": 377.0, "y": 2800.0}, {"x": 1328.0, "y": 2819.0}, {"x": 1326.0, "y": 2894.0}, {"x": 375.0, "y": 2866.0}]}, "description": "MI DUALCAMERAomotional emails"}, {"boundingPoly": {"vertices": [{"x": 381.0, "y": 2727.0}, {"x": 1142.0, "y": 2728.0}, {"x": 1142.0, "y": 2798.0}, {"x": 381.0, "y": 2797.0}]}, "description": "REDMI NOTESURRO Rewards\u00ae"}, {"boundingPoly": {"vertices": [{"x": 461.0, "y": 2859.0}, {"x": 1268.0, "y": 2894.0}, {"x": 1264.0, "y": 2955.0}, {"x": 458.0, "y": 2932.0}]}, "description": "Visit Starbucks.com/rewards"}]}