{"textAnnotations": [{"boundingPoly": {"vertices": [{"x": 491.0, "y": 369.0}, {"x": 1158.0, "y": 369.0}, {"x": 1158.0, "y": 454.0}, {"x": 491.0, "y": 454.0}]}, "description": "merchant name"}, {"boundingPoly": {"vertices": [{"x": 695.0, "y": 495.0}, {"x": 1159.0, "y": 495.0}, {"x": 1159.0, "y": 564.0}, {"x": 695.0, "y": 565.0}]}, "description": "merchant address"}, {"boundingPoly": {"vertices": [{"x": 1191.0, "y": 374.0}, {"x": 1359.0, "y": 374.0}, {"x": 1359.0, "y": 450.0}, {"x": 1191.0, "y": 450.0}]}, "description": "merchant name"}, {"boundingPoly": {"vertices": [{"x": 619.0, "y": 429.0}, {"x": 1196.0, "y": 439.0}, {"x": 1195.0, "y": 515.0}, {"x": 619.0, "y": 509.0}]}, "description": "merchant address"}, {"boundingPoly": {"vertices": [{"x": 655.0, "y": 540.0}, {"x": 1154.0, "y": 545.0}, {"x": 1153.0, "y": 614.0}, {"x": 654.0, "y": 611.0}]}, "description": "merchant phone"}, {"boundingPoly": {"vertices": [{"x": 490.0, "y": 672.0}, {"x": 758.0, "y": 672.0}, {"x": 758.0, "y": 747.0}, {"x": 490.0, "y": 747.0}]}, "description": " TERMINAL I.D."}, {"boundingPoly": {"vertices": [{"x": 762.0, "y": 701.0}, {"x": 794.0, "y": 701.0}, {"x": 794.0, "y": 751.0}, {"x": 762.0, "y": 751.0}]}, "description": " :"}, {"boundingPoly": {"vertices": [{"x": 483.0, "y": 728.0}, {"x": 729.0, "y": 728.0}, {"x": 729.0, "y": 793.0}, {"x": 483.0, "y": 793.0}]}, "description": " MERCHANT #:"}, {"boundingPoly": {"vertices": [{"x": 483.0, "y": 832.0}, {"x": 586.0, "y": 840.0}, {"x": 581.0, "y": 882.0}, {"x": 481.0, "y": 875.0}]}, "description": "CR"}, {"boundingPoly": {"vertices": [{"x": 1193.0, "y": 686.0}, {"x": 1369.0, "y": 677.0}, {"x": 1371.0, "y": 720.0}, {"x": 1195.0, "y": 730.0}]}, "description": "02107304"}, {"boundingPoly": {"vertices": [{"x": 1236.0, "y": 735.0}, {"x": 1369.0, "y": 729.0}, {"x": 1371.0, "y": 770.0}, {"x": 1238.0, "y": 777.0}]}, "description": "021073"}, {"boundingPoly": {"vertices": [{"x": 741.0, "y": 868.0}, {"x": 1365.0, "y": 832.0}, {"x": 1367.0, "y": 879.0}, {"x": 741.0, "y": 911.0}]}, "description": "*********** 1001"}, {"boundingPoly": {"vertices": [{"x": 1195.0, "y": 891.0}, {"x": 1369.0, "y": 882.0}, {"x": 1372.0, "y": 928.0}, {"x": 1195.0, "y": 937.0}]}, "description": "CHIP"}, {"boundingPoly": {"vertices": [{"x": 702.0, "y": 1010.0}, {"x": 1373.0, "y": 985.0}, {"x": 1375.0, "y": 1041.0}, {"x": 702.0, "y": 1063.0}]}, "description": "AMERICAN EXPRESS"}, {"boundingPoly": {"vertices": [{"x": 485.0, "y": 1042.0}, {"x": 899.0, "y": 1069.0}, {"x": 896.0, "y": 1118.0}, {"x": 483.0, "y": 1094.0}]}, "description": "[PURCHASE]"}, {"boundingPoly": {"vertices": [{"x": 480.0, "y": 1152.0}, {"x": 738.0, "y": 1152.0}, {"x": 738.0, "y": 1212.0}, {"x": 480.0, "y": 1212.0}]}, "description": " BATCH:"}, {"boundingPoly": {"vertices": [{"x": 480.0, "y": 1203.0}, {"x": 870.0, "y": 1221.0}, {"x": 868.0, "y": 1267.0}, {"x": 477.0, "y": 1250.0}]}, "description": "DATE (MM/DD/YY)"}, {"boundingPoly": {"vertices": [{"x": 664.0, "y": 1266.0}, {"x": 701.0, "y": 1266.0}, {"x": 701.0, "y": 1311.0}, {"x": 664.0, "y": 1311.0}]}, "description": " :"}, {"boundingPoly": {"vertices": [{"x": 489.0, "y": 1313.0}, {"x": 775.0, "y": 1313.0}, {"x": 775.0, "y": 1367.0}, {"x": 489.0, "y": 1367.0}]}, "description": " TRACE#:"}, {"boundingPoly": {"vertices": [{"x": 486.0, "y": 1368.0}, {"x": 734.0, "y": 1368.0}, {"x": 734.0, "y": 1417.0}, {"x": 486.0, "y": 1417.0}]}, "description": " AUTH#:"}, {"boundingPoly": {"vertices": [{"x": 480.0, "y": 1421.0}, {"x": 692.0, "y": 1421.0}, {"x": 692.0, "y": 1469.0}, {"x": 480.0, "y": 1469.0}]}, "description": " REF#:"}, {"boundingPoly": {"vertices": [{"x": 1114.0, "y": 1159.0}, {"x": 1371.0, "y": 1149.0}, {"x": 1373.0, "y": 1192.0}, {"x": 1114.0, "y": 1203.0}]}, "description": "000346"}, {"boundingPoly": {"vertices": [{"x": 1029.0, "y": 1212.0}, {"x": 1372.0, "y": 1199.0}, {"x": 1374.0, "y": 1245.0}, {"x": 1031.0, "y": 1258.0}]}, "description": "10/30/19"}, {"boundingPoly": {"vertices": [{"x": 1033.0, "y": 1256.0}, {"x": 1369.0, "y": 1256.0}, {"x": 1369.0, "y": 1309.0}, {"x": 1033.0, "y": 1309.0}]}, "description": " 12:35:50"}, {"boundingPoly": {"vertices": [{"x": 489.0, "y": 1259.0}, {"x": 659.0, "y": 1259.0}, {"x": 659.0, "y": 1310.0}, {"x": 489.0, "y": 1310.0}]}, "description": " TIME"}, {"boundingPoly": {"vertices": [{"x": 1114.0, "y": 1313.0}, {"x": 1373.0, "y": 1306.0}, {"x": 1374.0, "y": 1349.0}, {"x": 1115.0, "y": 1356.0}]}, "description": "007384"}, {"boundingPoly": {"vertices": [{"x": 1118.0, "y": 1365.0}, {"x": 1374.0, "y": 1361.0}, {"x": 1375.0, "y": 1404.0}, {"x": 1118.0, "y": 1408.0}]}, "description": "847878"}, {"boundingPoly": {"vertices": [{"x": 866.0, "y": 1426.0}, {"x": 1374.0, "y": 1413.0}, {"x": 1376.0, "y": 1457.0}, {"x": 866.0, "y": 1470.0}]}, "description": "103000007384"}, {"boundingPoly": {"vertices": [{"x": 481.0, "y": 1535.0}, {"x": 661.0, "y": 1535.0}, {"x": 661.0, "y": 1578.0}, {"x": 481.0, "y": 1578.0}]}, "description": " AID:"}, {"boundingPoly": {"vertices": [{"x": 488.0, "y": 1587.0}, {"x": 645.0, "y": 1587.0}, {"x": 645.0, "y": 1631.0}, {"x": 488.0, "y": 1631.0}]}, "description": " TVR:"}, {"boundingPoly": {"vertices": [{"x": 487.0, "y": 1638.0}, {"x": 646.0, "y": 1638.0}, {"x": 646.0, "y": 1684.0}, {"x": 487.0, "y": 1684.0}]}, "description": " TSI:"}, {"boundingPoly": {"vertices": [{"x": 694.0, "y": 1532.0}, {"x": 1371.0, "y": 1521.0}, {"x": 1372.0, "y": 1564.0}, {"x": 694.0, "y": 1576.0}]}, "description": "A000000025010801"}, {"boundingPoly": {"vertices": [{"x": 946.0, "y": 1578.0}, {"x": 1378.0, "y": 1573.0}, {"x": 1378.0, "y": 1618.0}, {"x": 947.0, "y": 1622.0}]}, "description": "0000008000"}, {"boundingPoly": {"vertices": [{"x": 1197.0, "y": 1627.0}, {"x": 1382.0, "y": 1626.0}, {"x": 1383.0, "y": 1671.0}, {"x": 1197.0, "y": 1673.0}]}, "description": "F800"}, {"boundingPoly": {"vertices": [{"x": 2204.0, "y": 1610.0}, {"x": 2211.0, "y": 1525.0}, {"x": 2245.0, "y": 1526.0}, {"x": 2241.0, "y": 1612.0}]}, "description": "THE"}, {"boundingPoly": {"vertices": [{"x": 1242.0, "y": 1790.0}, {"x": 1383.0, "y": 1790.0}, {"x": 1382.0, "y": 1836.0}, {"x": 1242.0, "y": 1835.0}]}, "description": "BSD"}, {"boundingPoly": {"vertices": [{"x": 1156.0, "y": 1843.0}, {"x": 1383.0, "y": 1844.0}, {"x": 1383.0, "y": 1892.0}, {"x": 1156.0, "y": 1891.0}]}, "description": "24.13"}, {"boundingPoly": {"vertices": [{"x": 483.0, "y": 1856.0}, {"x": 679.0, "y": 1849.0}, {"x": 681.0, "y": 1895.0}, {"x": 485.0, "y": 1904.0}]}, "description": "TOTAL"}, {"boundingPoly": {"vertices": [{"x": 470.0, "y": 1952.0}, {"x": 1162.0, "y": 1952.0}, {"x": 1162.0, "y": 2015.0}, {"x": 470.0, "y": 2015.0}]}, "description": " APPROVED - THANK"}, {"boundingPoly": {"vertices": [{"x": 1208.0, "y": 1955.0}, {"x": 1339.0, "y": 1955.0}, {"x": 1339.0, "y": 2012.0}, {"x": 1208.0, "y": 2012.0}]}, "description": " YOU"}, {"boundingPoly": {"vertices": [{"x": 469.0, "y": 2184.0}, {"x": 622.0, "y": 2178.0}, {"x": 624.0, "y": 2221.0}, {"x": 472.0, "y": 2228.0}]}, "description": "SIGN X_"}, {"boundingPoly": {"vertices": [{"x": 583.0, "y": 2223.0}, {"x": 611.0, "y": 2223.0}, {"x": 611.0, "y": 2272.0}, {"x": 583.0, "y": 2272.0}]}, "description": " I"}, {"boundingPoly": {"vertices": [{"x": 618.0, "y": 2223.0}, {"x": 796.0, "y": 2223.0}, {"x": 796.0, "y": 2274.0}, {"x": 618.0, "y": 2274.0}]}, "description": " AGREE TO"}, {"boundingPoly": {"vertices": [{"x": 804.0, "y": 2225.0}, {"x": 885.0, "y": 2225.0}, {"x": 885.0, "y": 2276.0}, {"x": 804.0, "y": 2276.0}]}, "description": " PAY"}, {"boundingPoly": {"vertices": [{"x": 893.0, "y": 2227.0}, {"x": 968.0, "y": 2227.0}, {"x": 968.0, "y": 2278.0}, {"x": 893.0, "y": 2278.0}]}, "description": " THE"}, {"boundingPoly": {"vertices": [{"x": 976.0, "y": 2230.0}, {"x": 1099.0, "y": 2230.0}, {"x": 1099.0, "y": 2282.0}, {"x": 976.0, "y": 2282.0}]}, "description": " ABOVE"}, {"boundingPoly": {"vertices": [{"x": 1107.0, "y": 2235.0}, {"x": 1249.0, "y": 2235.0}, {"x": 1249.0, "y": 2289.0}, {"x": 1107.0, "y": 2289.0}]}, "description": " AMOUNT"}, {"boundingPoly": {"vertices": [{"x": 651.0, "y": 2329.0}, {"x": 759.0, "y": 2329.0}, {"x": 759.0, "y": 2380.0}, {"x": 651.0, "y": 2380.0}]}, "description": " THANK"}, {"boundingPoly": {"vertices": [{"x": 557.0, "y": 2382.0}, {"x": 692.0, "y": 2382.0}, {"x": 692.0, "y": 2435.0}, {"x": 557.0, "y": 2435.0}]}, "description": " RETAIN"}, {"boundingPoly": {"vertices": [{"x": 651.0, "y": 2437.0}, {"x": 1213.0, "y": 2464.0}, {"x": 1210.0, "y": 2513.0}, {"x": 648.0, "y": 2484.0}]}, "description": "CUSTOMER COPY"}, {"boundingPoly": {"vertices": [{"x": 767.0, "y": 2333.0}, {"x": 840.0, "y": 2333.0}, {"x": 840.0, "y": 2382.0}, {"x": 767.0, "y": 2382.0}]}, "description": " YOU"}, {"boundingPoly": {"vertices": [{"x": 701.0, "y": 2386.0}, {"x": 794.0, "y": 2386.0}, {"x": 794.0, "y": 2437.0}, {"x": 701.0, "y": 2437.0}]}, "description": " THIS"}, {"boundingPoly": {"vertices": [{"x": 848.0, "y": 2336.0}, {"x": 1125.0, "y": 2336.0}, {"x": 1125.0, "y": 2394.0}, {"x": 848.0, "y": 2394.0}]}, "description": " FOR CHOOSING"}, {"boundingPoly": {"vertices": [{"x": 1006.0, "y": 2399.0}, {"x": 1099.0, "y": 2399.0}, {"x": 1099.0, "y": 2450.0}, {"x": 1006.0, "y": 2450.0}]}, "description": " YOUR"}, {"boundingPoly": {"vertices": [{"x": 1131.0, "y": 2350.0}, {"x": 1207.0, "y": 2350.0}, {"x": 1207.0, "y": 2398.0}, {"x": 1131.0, "y": 2398.0}]}, "description": " US!"}, {"boundingPoly": {"vertices": [{"x": 1108.0, "y": 2404.0}, {"x": 1278.0, "y": 2404.0}, {"x": 1278.0, "y": 2463.0}, {"x": 1108.0, "y": 2463.0}]}, "description": " RECORDS"}, {"boundingPoly": {"vertices": [{"x": 804.0, "y": 2390.0}, {"x": 996.0, "y": 2390.0}, {"x": 996.0, "y": 2444.0}, {"x": 804.0, "y": 2444.0}]}, "description": " COPY FOR"}]}