{"textAnnotations": [{"boundingPoly": {"vertices": [{"x": 1206.0, "y": 37.0}, {"x": 1917.0, "y": 9.0}, {"x": 1920.0, "y": 96.0}, {"x": 1210.0, "y": 114.0}]}, "description": "Thank You For Visiting the"}, {"boundingPoly": {"vertices": [{"x": 1343.0, "y": 179.0}, {"x": 1804.0, "y": 175.0}, {"x": 1804.0, "y": 240.0}, {"x": 1343.0, "y": 245.0}]}, "description": "Matthew Fraysier"}, {"boundingPoly": {"vertices": [{"x": 1354.0, "y": 247.0}, {"x": 1787.0, "y": 244.0}, {"x": 1788.0, "y": 307.0}, {"x": 1355.0, "y": 315.0}]}, "description": "General Manager"}, {"boundingPoly": {"vertices": [{"x": 1259.0, "y": 363.0}, {"x": 1886.0, "y": 359.0}, {"x": 1887.0, "y": 441.0}, {"x": 1259.0, "y": 444.0}]}, "description": "We Love Your Feedback!"}, {"boundingPoly": {"vertices": [{"x": 1219.0, "y": 90.0}, {"x": 1766.0, "y": 90.0}, {"x": 1766.0, "y": 181.0}, {"x": 1219.0, "y": 181.0}]}, "description": "merchant name"}, {"boundingPoly": {"vertices": [{"x": 1777.0, "y": 84.0}, {"x": 1816.0, "y": 84.0}, {"x": 1816.0, "y": 164.0}, {"x": 1777.0, "y": 164.0}]}, "description": "merchant name"}, {"boundingPoly": {"vertices": [{"x": 1827.0, "y": 67.0}, {"x": 1924.0, "y": 67.0}, {"x": 1924.0, "y": 159.0}, {"x": 1827.0, "y": 159.0}]}, "description": "merchant name"}, {"boundingPoly": {"vertices": [{"x": 1395.0, "y": 310.0}, {"x": 1758.0, "y": 302.0}, {"x": 1759.0, "y": 368.0}, {"x": 1396.0, "y": 378.0}]}, "description": "merchant phone"}, {"boundingPoly": {"vertices": [{"x": 1247.0, "y": 428.0}, {"x": 1905.0, "y": 421.0}, {"x": 1906.0, "y": 497.0}, {"x": 1247.0, "y": 503.0}]}, "description": "Text @LTF11479 to 73940"}, {"boundingPoly": {"vertices": [{"x": 995.0, "y": 591.0}, {"x": 1581.0, "y": 632.0}, {"x": 1575.0, "y": 702.0}, {"x": 990.0, "y": 662.0}]}, "description": "Entree Special $9.00"}, {"boundingPoly": {"vertices": [{"x": 2080.0, "y": 542.0}, {"x": 2173.0, "y": 541.0}, {"x": 2173.0, "y": 596.0}, {"x": 2079.0, "y": 597.0}]}, "description": "USD"}, {"boundingPoly": {"vertices": [{"x": 2054.0, "y": 611.0}, {"x": 2177.0, "y": 608.0}, {"x": 2177.0, "y": 661.0}, {"x": 2057.0, "y": 664.0}]}, "description": "9.00"}, {"boundingPoly": {"vertices": [{"x": 1649.0, "y": 756.0}, {"x": 1905.0, "y": 746.0}, {"x": 1907.0, "y": 809.0}, {"x": 1650.0, "y": 817.0}]}, "description": "Sub Total"}, {"boundingPoly": {"vertices": [{"x": 1648.0, "y": 822.0}, {"x": 1945.0, "y": 817.0}, {"x": 1946.0, "y": 880.0}, {"x": 1648.0, "y": 885.0}]}, "description": "Tax Amount"}, {"boundingPoly": {"vertices": [{"x": 2059.0, "y": 743.0}, {"x": 2181.0, "y": 740.0}, {"x": 2182.0, "y": 799.0}, {"x": 2060.0, "y": 800.0}]}, "description": "9.00"}, {"boundingPoly": {"vertices": [{"x": 2058.0, "y": 810.0}, {"x": 2180.0, "y": 808.0}, {"x": 2179.0, "y": 866.0}, {"x": 2058.0, "y": 869.0}]}, "description": "0.80"}, {"boundingPoly": {"vertices": [{"x": 951.0, "y": 980.0}, {"x": 1484.0, "y": 1009.0}, {"x": 1477.0, "y": 1147.0}, {"x": 943.0, "y": 1116.0}]}, "description": "Total USD"}, {"boundingPoly": {"vertices": [{"x": 1931.0, "y": 1018.0}, {"x": 2182.0, "y": 1004.0}, {"x": 2189.0, "y": 1108.0}, {"x": 1937.0, "y": 1120.0}]}, "description": "9.80"}, {"boundingPoly": {"vertices": [{"x": 937.0, "y": 1306.0}, {"x": 1572.0, "y": 1342.0}, {"x": 1568.0, "y": 1408.0}, {"x": 936.0, "y": 1375.0}]}, "description": "5009 AMERICAN EXPRESS"}, {"boundingPoly": {"vertices": [{"x": 2060.0, "y": 1326.0}, {"x": 2187.0, "y": 1320.0}, {"x": 2189.0, "y": 1378.0}, {"x": 2062.0, "y": 1385.0}]}, "description": "9.80"}, {"boundingPoly": {"vertices": [{"x": 953.0, "y": 1516.0}, {"x": 1029.0, "y": 1523.0}, {"x": 1023.0, "y": 1574.0}, {"x": 947.0, "y": 1568.0}]}, "description": "Tax"}, {"boundingPoly": {"vertices": [{"x": 935.0, "y": 1573.0}, {"x": 1186.0, "y": 1590.0}, {"x": 1182.0, "y": 1659.0}, {"x": 932.0, "y": 1642.0}]}, "description": "() 8.875"}, {"boundingPoly": {"vertices": [{"x": 1405.0, "y": 1547.0}, {"x": 1840.0, "y": 1545.0}, {"x": 1841.0, "y": 1613.0}, {"x": 1405.0, "y": 1615.0}]}, "description": "Taxable Amount"}, {"boundingPoly": {"vertices": [{"x": 1699.0, "y": 1622.0}, {"x": 1834.0, "y": 1618.0}, {"x": 1835.0, "y": 1673.0}, {"x": 1699.0, "y": 1677.0}]}, "description": "9.00"}, {"boundingPoly": {"vertices": [{"x": 1867.0, "y": 1545.0}, {"x": 2188.0, "y": 1539.0}, {"x": 2189.0, "y": 1599.0}, {"x": 1868.0, "y": 1608.0}]}, "description": "Tax Amount"}, {"boundingPoly": {"vertices": [{"x": 2069.0, "y": 1610.0}, {"x": 2190.0, "y": 1607.0}, {"x": 2192.0, "y": 1666.0}, {"x": 2067.0, "y": 1669.0}]}, "description": "0.80"}, {"boundingPoly": {"vertices": [{"x": 925.0, "y": 1794.0}, {"x": 2191.0, "y": 1794.0}, {"x": 2191.0, "y": 1898.0}, {"x": 925.0, "y": 1898.0}]}, "description": " 11/14/2019 01:06 PM #:50484 Op:4023 C:111"}, {"boundingPoly": {"vertices": [{"x": 913.0, "y": 1947.0}, {"x": 1243.0, "y": 1947.0}, {"x": 1243.0, "y": 2030.0}, {"x": 913.0, "y": 2030.0}]}, "description": " Served you"}, {"boundingPoly": {"vertices": [{"x": 919.0, "y": 1870.0}, {"x": 1235.0, "y": 1870.0}, {"x": 1235.0, "y": 1948.0}, {"x": 919.0, "y": 1948.0}]}, "description": " 105 S:1111"}, {"boundingPoly": {"vertices": [{"x": 1248.0, "y": 1961.0}, {"x": 1795.0, "y": 1961.0}, {"x": 1795.0, "y": 2045.0}, {"x": 1248.0, "y": 2045.0}]}, "description": " : Lucrecia Findley"}, {"boundingPoly": {"vertices": [{"x": 1181.0, "y": 2254.0}, {"x": 1821.0, "y": 2269.0}, {"x": 1820.0, "y": 2332.0}, {"x": 1179.0, "y": 2322.0}]}, "description": "*** Customer copy ***"}, {"boundingPoly": {"vertices": [{"x": 1293.0, "y": 2409.0}, {"x": 1722.0, "y": 2415.0}, {"x": 1721.0, "y": 2482.0}, {"x": 1292.0, "y": 2477.0}]}, "description": "AMEX NY937 (5)"}, {"boundingPoly": {"vertices": [{"x": 912.0, "y": 2477.0}, {"x": 2077.0, "y": 2491.0}, {"x": 2076.0, "y": 2564.0}, {"x": 911.0, "y": 2554.0}]}, "description": "I agree to pay the above total amount"}, {"boundingPoly": {"vertices": [{"x": 1135.0, "y": 2565.0}, {"x": 1896.0, "y": 2572.0}, {"x": 1895.0, "y": 2640.0}, {"x": 1135.0, "y": 2631.0}]}, "description": "according to card issuer"}, {"boundingPoly": {"vertices": [{"x": 871.0, "y": 2645.0}, {"x": 2110.0, "y": 2648.0}, {"x": 2110.0, "y": 2722.0}, {"x": 871.0, "y": 2714.0}]}, "description": "agreement, (Merchant agreement if Credit"}, {"boundingPoly": {"vertices": [{"x": 973.0, "y": 2719.0}, {"x": 2017.0, "y": 2727.0}, {"x": 2017.0, "y": 2801.0}, {"x": 973.0, "y": 2792.0}]}, "description": "Voucher)Retain this copy for your"}, {"boundingPoly": {"vertices": [{"x": 1385.0, "y": 2811.0}, {"x": 1640.0, "y": 2810.0}, {"x": 1640.0, "y": 2874.0}, {"x": 1385.0, "y": 2875.0}]}, "description": "records."}, {"boundingPoly": {"vertices": [{"x": 854.0, "y": 2963.0}, {"x": 1485.0, "y": 2962.0}, {"x": 1485.0, "y": 3038.0}, {"x": 854.0, "y": 3040.0}]}, "description": "PURCHASE / APPROVED"}, {"boundingPoly": {"vertices": [{"x": 849.0, "y": 3053.0}, {"x": 1380.0, "y": 3048.0}, {"x": 1381.0, "y": 3122.0}, {"x": 849.0, "y": 3128.0}]}, "description": "AMERICAN EXPRESS"}, {"boundingPoly": {"vertices": [{"x": 845.0, "y": 3141.0}, {"x": 1350.0, "y": 3138.0}, {"x": 1350.0, "y": 3205.0}, {"x": 845.0, "y": 3206.0}]}, "description": "*********** 1000"}, {"boundingPoly": {"vertices": [{"x": 842.0, "y": 3229.0}, {"x": 1223.0, "y": 3221.0}, {"x": 1224.0, "y": 3302.0}, {"x": 842.0, "y": 3306.0}]}, "description": "CHIP READ /"}, {"boundingPoly": {"vertices": [{"x": 834.0, "y": 3388.0}, {"x": 1486.0, "y": 3388.0}, {"x": 1486.0, "y": 3489.0}, {"x": 834.0, "y": 3489.0}]}, "description": " 2019/11/14 13:06:19"}, {"boundingPoly": {"vertices": [{"x": 839.0, "y": 3500.0}, {"x": 933.0, "y": 3500.0}, {"x": 935.0, "y": 3573.0}, {"x": 841.0, "y": 3573.0}]}, "description": "TID"}, {"boundingPoly": {"vertices": [{"x": 814.0, "y": 3599.0}, {"x": 931.0, "y": 3593.0}, {"x": 934.0, "y": 3667.0}, {"x": 818.0, "y": 3673.0}]}, "description": "MID"}, {"boundingPoly": {"vertices": [{"x": 807.0, "y": 3685.0}, {"x": 1143.0, "y": 3672.0}, {"x": 1144.0, "y": 3755.0}, {"x": 809.0, "y": 3766.0}]}, "description": "REFERENCE"}, {"boundingPoly": {"vertices": [{"x": 798.0, "y": 3787.0}, {"x": 1148.0, "y": 3768.0}, {"x": 1152.0, "y": 3853.0}, {"x": 803.0, "y": 3871.0}]}, "description": "AUTH CODE"}, {"boundingPoly": {"vertices": [{"x": 1912.0, "y": 3466.0}, {"x": 2183.0, "y": 3461.0}, {"x": 2185.0, "y": 3529.0}, {"x": 1912.0, "y": 3531.0}]}, "description": "**** 6039"}, {"boundingPoly": {"vertices": [{"x": 1946.0, "y": 3550.0}, {"x": 2183.0, "y": 3542.0}, {"x": 2185.0, "y": 3614.0}, {"x": 1949.0, "y": 3623.0}]}, "description": "6634459"}, {"boundingPoly": {"vertices": [{"x": 1342.0, "y": 3661.0}, {"x": 2190.0, "y": 3629.0}, {"x": 2191.0, "y": 3706.0}, {"x": 1346.0, "y": 3742.0}]}, "description": "S1111T111105#50484@088087"}, {"boundingPoly": {"vertices": [{"x": 1993.0, "y": 3730.0}, {"x": 2196.0, "y": 3723.0}, {"x": 2197.0, "y": 3797.0}, {"x": 1997.0, "y": 3805.0}]}, "description": "820361"}, {"boundingPoly": {"vertices": [{"x": 1960.0, "y": 3918.0}, {"x": 2221.0, "y": 3911.0}, {"x": 2224.0, "y": 3995.0}, {"x": 1963.0, "y": 4004.0}]}, "description": "USD9.80"}]}