{"textAnnotations": [{"boundingPoly": {"vertices": [{"x": 1315.0, "y": 1045.0}, {"x": 1685.0, "y": 1045.0}, {"x": 1685.0, "y": 1155.0}, {"x": 1315.0, "y": 1155.0}]}, "description": "merchant name"}, {"boundingPoly": {"vertices": [{"x": 1122.0, "y": 1215.0}, {"x": 2022.0, "y": 1195.0}, {"x": 2023.0, "y": 1251.0}, {"x": 1123.0, "y": 1269.0}]}, "description": "merchant address"}, {"boundingPoly": {"vertices": [{"x": 1318.0, "y": 1329.0}, {"x": 1813.0, "y": 1324.0}, {"x": 1814.0, "y": 1376.0}, {"x": 1319.0, "y": 1384.0}]}, "description": "merchant address"}, {"boundingPoly": {"vertices": [{"x": 1704.0, "y": 1044.0}, {"x": 1759.0, "y": 1044.0}, {"x": 1759.0, "y": 1151.0}, {"x": 1704.0, "y": 1151.0}]}, "description": "merchant name"}, {"boundingPoly": {"vertices": [{"x": 1319.0, "y": 1158.0}, {"x": 1784.0, "y": 1152.0}, {"x": 1785.0, "y": 1200.0}, {"x": 1320.0, "y": 1208.0}]}, "description": "merchant name"}, {"boundingPoly": {"vertices": [{"x": 1778.0, "y": 1040.0}, {"x": 1907.0, "y": 1040.0}, {"x": 1907.0, "y": 1151.0}, {"x": 1778.0, "y": 1151.0}]}, "description": "merchant name"}, {"boundingPoly": {"vertices": [{"x": 1324.0, "y": 1272.0}, {"x": 1783.0, "y": 1264.0}, {"x": 1784.0, "y": 1314.0}, {"x": 1325.0, "y": 1325.0}]}, "description": "merchant address"}, {"boundingPoly": {"vertices": [{"x": 1227.0, "y": 1391.0}, {"x": 1922.0, "y": 1373.0}, {"x": 1923.0, "y": 1430.0}, {"x": 1228.0, "y": 1446.0}]}, "description": "merchant address"}, {"boundingPoly": {"vertices": [{"x": 1333.0, "y": 1447.0}, {"x": 1405.0, "y": 1447.0}, {"x": 1405.0, "y": 1504.0}, {"x": 1333.0, "y": 1504.0}]}, "description": " TEL"}, {"boundingPoly": {"vertices": [{"x": 1325.0, "y": 1508.0}, {"x": 1408.0, "y": 1508.0}, {"x": 1408.0, "y": 1562.0}, {"x": 1325.0, "y": 1562.0}]}, "description": " FAX"}, {"boundingPoly": {"vertices": [{"x": 1322.0, "y": 1568.0}, {"x": 1459.0, "y": 1568.0}, {"x": 1459.0, "y": 1622.0}, {"x": 1322.0, "y": 1622.0}]}, "description": " Email"}, {"boundingPoly": {"vertices": [{"x": 1415.0, "y": 1436.0}, {"x": 1788.0, "y": 1436.0}, {"x": 1788.0, "y": 1503.0}, {"x": 1415.0, "y": 1503.0}]}, "description": " : (03) 21617789"}, {"boundingPoly": {"vertices": [{"x": 1417.0, "y": 1495.0}, {"x": 1789.0, "y": 1495.0}, {"x": 1789.0, "y": 1562.0}, {"x": 1417.0, "y": 1562.0}]}, "description": " : (03) 21637789"}, {"boundingPoly": {"vertices": [{"x": 1468.0, "y": 1562.0}, {"x": 1786.0, "y": 1562.0}, {"x": 1786.0, "y": 1620.0}, {"x": 1468.0, "y": 1620.0}]}, "description": " : ask@tujo.my"}, {"boundingPoly": {"vertices": [{"x": 321.0, "y": 1677.0}, {"x": 816.0, "y": 1677.0}, {"x": 816.0, "y": 1730.0}, {"x": 321.0, "y": 1730.0}]}, "description": "#ff UNITED OVERSCA"}, {"boundingPoly": {"vertices": [{"x": 440.0, "y": 1766.0}, {"x": 684.0, "y": 1758.0}, {"x": 685.0, "y": 1782.0}, {"x": 440.0, "y": 1790.0}]}, "description": "merchant name"}, {"boundingPoly": {"vertices": [{"x": 1282.0, "y": 1611.0}, {"x": 1864.0, "y": 1611.0}, {"x": 1864.0, "y": 1681.0}, {"x": 1282.0, "y": 1681.0}]}, "description": " SST ID:W10-1808-31036012"}, {"boundingPoly": {"vertices": [{"x": 1826.0, "y": 1730.0}, {"x": 2049.0, "y": 1725.0}, {"x": 2050.0, "y": 1778.0}, {"x": 1827.0, "y": 1782.0}]}, "description": "2002 Anil"}, {"boundingPoly": {"vertices": [{"x": 1829.0, "y": 1790.0}, {"x": 2049.0, "y": 1784.0}, {"x": 2050.0, "y": 1834.0}, {"x": 1829.0, "y": 1839.0}]}, "description": "2002 Anil"}, {"boundingPoly": {"vertices": [{"x": 1380.0, "y": 1684.0}, {"x": 1710.0, "y": 1674.0}, {"x": 1712.0, "y": 1729.0}, {"x": 1380.0, "y": 1737.0}]}, "description": "INVOICE"}, {"boundingPoly": {"vertices": [{"x": 1095.0, "y": 1747.0}, {"x": 1362.0, "y": 1745.0}, {"x": 1362.0, "y": 1798.0}, {"x": 1096.0, "y": 1801.0}]}, "description": "4 COUNTER 4"}, {"boundingPoly": {"vertices": [{"x": 1356.0, "y": 1801.0}, {"x": 1382.0, "y": 1801.0}, {"x": 1382.0, "y": 1854.0}, {"x": 1356.0, "y": 1854.0}]}, "description": " 1"}, {"boundingPoly": {"vertices": [{"x": 351.0, "y": 1797.0}, {"x": 743.0, "y": 1787.0}, {"x": 744.0, "y": 1809.0}, {"x": 351.0, "y": 1821.0}]}, "description": "merchant address"}, {"boundingPoly": {"vertices": [{"x": 372.0, "y": 1826.0}, {"x": 739.0, "y": 1817.0}, {"x": 740.0, "y": 1841.0}, {"x": 373.0, "y": 1851.0}]}, "description": "merchant address"}, {"boundingPoly": {"vertices": [{"x": 1095.0, "y": 1802.0}, {"x": 1347.0, "y": 1802.0}, {"x": 1347.0, "y": 1857.0}, {"x": 1095.0, "y": 1857.0}]}, "description": " Print Cnt:"}, {"boundingPoly": {"vertices": [{"x": 310.0, "y": 1888.0}, {"x": 729.0, "y": 1880.0}, {"x": 730.0, "y": 1916.0}, {"x": 310.0, "y": 1923.0}]}, "description": "CUSTOMER COPY"}, {"boundingPoly": {"vertices": [{"x": 200.0, "y": 1960.0}, {"x": 285.0, "y": 1960.0}, {"x": 285.0, "y": 1996.0}, {"x": 200.0, "y": 1996.0}]}, "description": " DATE"}, {"boundingPoly": {"vertices": [{"x": 202.0, "y": 1997.0}, {"x": 320.0, "y": 1997.0}, {"x": 320.0, "y": 2031.0}, {"x": 202.0, "y": 2031.0}]}, "description": " BTH NO:"}, {"boundingPoly": {"vertices": [{"x": 191.0, "y": 2038.0}, {"x": 261.0, "y": 2036.0}, {"x": 261.0, "y": 2069.0}, {"x": 191.0, "y": 2071.0}]}, "description": "MID"}, {"boundingPoly": {"vertices": [{"x": 297.0, "y": 1960.0}, {"x": 466.0, "y": 1960.0}, {"x": 466.0, "y": 1996.0}, {"x": 297.0, "y": 1996.0}]}, "description": " : 01/12/19"}, {"boundingPoly": {"vertices": [{"x": 590.0, "y": 1961.0}, {"x": 666.0, "y": 1961.0}, {"x": 666.0, "y": 1993.0}, {"x": 590.0, "y": 1993.0}]}, "description": " TIME"}, {"boundingPoly": {"vertices": [{"x": 588.0, "y": 1999.0}, {"x": 710.0, "y": 1999.0}, {"x": 710.0, "y": 2030.0}, {"x": 588.0, "y": 2030.0}]}, "description": " TRXN #:"}, {"boundingPoly": {"vertices": [{"x": 593.0, "y": 2037.0}, {"x": 648.0, "y": 2036.0}, {"x": 646.0, "y": 2071.0}, {"x": 591.0, "y": 2072.0}]}, "description": "TID"}, {"boundingPoly": {"vertices": [{"x": 688.0, "y": 1958.0}, {"x": 858.0, "y": 1958.0}, {"x": 858.0, "y": 1994.0}, {"x": 688.0, "y": 1994.0}]}, "description": " : 10:47:15"}, {"boundingPoly": {"vertices": [{"x": 717.0, "y": 1997.0}, {"x": 822.0, "y": 1997.0}, {"x": 822.0, "y": 2030.0}, {"x": 717.0, "y": 2030.0}]}, "description": " 007400"}, {"boundingPoly": {"vertices": [{"x": 681.0, "y": 2038.0}, {"x": 856.0, "y": 2038.0}, {"x": 856.0, "y": 2074.0}, {"x": 681.0, "y": 2074.0}]}, "description": " : 21343679"}, {"boundingPoly": {"vertices": [{"x": 1100.0, "y": 1919.0}, {"x": 1384.0, "y": 1919.0}, {"x": 1384.0, "y": 1972.0}, {"x": 1100.0, "y": 1972.0}]}, "description": " CHECK:312630"}, {"boundingPoly": {"vertices": [{"x": 1102.0, "y": 1971.0}, {"x": 1533.0, "y": 1971.0}, {"x": 1533.0, "y": 2030.0}, {"x": 1102.0, "y": 2030.0}]}, "description": " 01 Dec 19 10:41:06"}, {"boundingPoly": {"vertices": [{"x": 1884.0, "y": 1903.0}, {"x": 1992.0, "y": 1903.0}, {"x": 1992.0, "y": 1956.0}, {"x": 1884.0, "y": 1956.0}]}, "description": " COVER"}, {"boundingPoly": {"vertices": [{"x": 1856.0, "y": 1961.0}, {"x": 2058.0, "y": 1961.0}, {"x": 2058.0, "y": 2017.0}, {"x": 1856.0, "y": 2017.0}]}, "description": " : T-3 / 1"}, {"boundingPoly": {"vertices": [{"x": 2002.0, "y": 1903.0}, {"x": 2059.0, "y": 1903.0}, {"x": 2059.0, "y": 1952.0}, {"x": 2002.0, "y": 1952.0}]}, "description": " : 1"}, {"boundingPoly": {"vertices": [{"x": 324.0, "y": 1999.0}, {"x": 426.0, "y": 1999.0}, {"x": 426.0, "y": 2032.0}, {"x": 324.0, "y": 2032.0}]}, "description": " 000237"}, {"boundingPoly": {"vertices": [{"x": 290.0, "y": 2037.0}, {"x": 495.0, "y": 2037.0}, {"x": 495.0, "y": 2075.0}, {"x": 290.0, "y": 2075.0}]}, "description": " : 9130072721"}, {"boundingPoly": {"vertices": [{"x": 1788.0, "y": 1963.0}, {"x": 1847.0, "y": 1963.0}, {"x": 1847.0, "y": 2019.0}, {"x": 1788.0, "y": 2019.0}]}, "description": " TBL"}, {"boundingPoly": {"vertices": [{"x": 450.0, "y": 2120.0}, {"x": 592.0, "y": 2119.0}, {"x": 592.0, "y": 2178.0}, {"x": 449.0, "y": 2178.0}]}, "description": "SALE"}, {"boundingPoly": {"vertices": [{"x": 190.0, "y": 2198.0}, {"x": 797.0, "y": 2196.0}, {"x": 797.0, "y": 2259.0}, {"x": 190.0, "y": 2260.0}]}, "description": "*********** 2946 -C"}, {"boundingPoly": {"vertices": [{"x": 196.0, "y": 2274.0}, {"x": 365.0, "y": 2274.0}, {"x": 365.0, "y": 2312.0}, {"x": 196.0, "y": 2312.0}]}, "description": " CARD TYPE:"}, {"boundingPoly": {"vertices": [{"x": 192.0, "y": 2314.0}, {"x": 728.0, "y": 2314.0}, {"x": 728.0, "y": 2350.0}, {"x": 192.0, "y": 2350.0}]}, "description": "APPR CODE 491945"}, {"boundingPoly": {"vertices": [{"x": 187.0, "y": 2354.0}, {"x": 330.0, "y": 2354.0}, {"x": 330.0, "y": 2392.0}, {"x": 187.0, "y": 2392.0}]}, "description": " RREF NUM"}, {"boundingPoly": {"vertices": [{"x": 191.0, "y": 2396.0}, {"x": 230.0, "y": 2394.0}, {"x": 229.0, "y": 2429.0}, {"x": 190.0, "y": 2431.0}]}, "description": "TC"}, {"boundingPoly": {"vertices": [{"x": 186.0, "y": 2436.0}, {"x": 244.0, "y": 2436.0}, {"x": 243.0, "y": 2470.0}, {"x": 185.0, "y": 2470.0}]}, "description": "TVR"}, {"boundingPoly": {"vertices": [{"x": 188.0, "y": 2476.0}, {"x": 326.0, "y": 2476.0}, {"x": 326.0, "y": 2512.0}, {"x": 188.0, "y": 2512.0}]}, "description": " APP NAME"}, {"boundingPoly": {"vertices": [{"x": 190.0, "y": 2517.0}, {"x": 294.0, "y": 2517.0}, {"x": 294.0, "y": 2548.0}, {"x": 190.0, "y": 2548.0}]}, "description": "APP ID"}, {"boundingPoly": {"vertices": [{"x": 192.0, "y": 2554.0}, {"x": 327.0, "y": 2554.0}, {"x": 327.0, "y": 2588.0}, {"x": 192.0, "y": 2587.0}]}, "description": "BASE"}, {"boundingPoly": {"vertices": [{"x": 198.0, "y": 2590.0}, {"x": 301.0, "y": 2592.0}, {"x": 300.0, "y": 2625.0}, {"x": 198.0, "y": 2622.0}]}, "description": "TIP"}, {"boundingPoly": {"vertices": [{"x": 1102.0, "y": 2083.0}, {"x": 1699.0, "y": 2076.0}, {"x": 1700.0, "y": 2126.0}, {"x": 1102.0, "y": 2133.0}]}, "description": "4 Breakfast Adult @23.00"}, {"boundingPoly": {"vertices": [{"x": 1844.0, "y": 2075.0}, {"x": 1969.0, "y": 2074.0}, {"x": 1970.0, "y": 2121.0}, {"x": 1843.0, "y": 2123.0}]}, "description": "92.00"}, {"boundingPoly": {"vertices": [{"x": 1177.0, "y": 2192.0}, {"x": 1270.0, "y": 2193.0}, {"x": 1269.0, "y": 2239.0}, {"x": 1176.0, "y": 2237.0}]}, "description": "FOOD"}, {"boundingPoly": {"vertices": [{"x": 1171.0, "y": 2246.0}, {"x": 1356.0, "y": 2246.0}, {"x": 1356.0, "y": 2298.0}, {"x": 1171.0, "y": 2298.0}]}, "description": " SUBTOTAL"}, {"boundingPoly": {"vertices": [{"x": 1173.0, "y": 2304.0}, {"x": 1540.0, "y": 2304.0}, {"x": 1540.0, "y": 2359.0}, {"x": 1173.0, "y": 2359.0}]}, "description": " SERVICE CHARGE:"}, {"boundingPoly": {"vertices": [{"x": 1173.0, "y": 2362.0}, {"x": 1505.0, "y": 2362.0}, {"x": 1505.0, "y": 2420.0}, {"x": 1173.0, "y": 2420.0}]}, "description": " SERVICE TAX 6%"}, {"boundingPoly": {"vertices": [{"x": 1177.0, "y": 2428.0}, {"x": 1282.0, "y": 2428.0}, {"x": 1282.0, "y": 2480.0}, {"x": 1177.0, "y": 2480.0}]}, "description": " TOTAL"}, {"boundingPoly": {"vertices": [{"x": 1173.0, "y": 2489.0}, {"x": 1375.0, "y": 2489.0}, {"x": 1375.0, "y": 2541.0}, {"x": 1173.0, "y": 2541.0}]}, "description": " RND ADJ:"}, {"boundingPoly": {"vertices": [{"x": 1174.0, "y": 2549.0}, {"x": 1524.0, "y": 2549.0}, {"x": 1524.0, "y": 2609.0}, {"x": 1174.0, "y": 2609.0}]}, "description": " AMT DUE"}, {"boundingPoly": {"vertices": [{"x": 1193.0, "y": 2613.0}, {"x": 2034.0, "y": 2613.0}, {"x": 2034.0, "y": 2673.0}, {"x": 1193.0, "y": 2673.0}]}, "description": " -2002 STORED 01 Dec 19 10:41:12 --"}, {"boundingPoly": {"vertices": [{"x": 1510.0, "y": 2678.0}, {"x": 1744.0, "y": 2678.0}, {"x": 1744.0, "y": 2731.0}, {"x": 1510.0, "y": 2732.0}]}, "description": "THANK YOU"}, {"boundingPoly": {"vertices": [{"x": 1351.0, "y": 2741.0}, {"x": 1900.0, "y": 2738.0}, {"x": 1901.0, "y": 2794.0}, {"x": 1351.0, "y": 2799.0}]}, "description": "HOPE TO SEE YOU AGAIN"}, {"boundingPoly": {"vertices": [{"x": 1857.0, "y": 2185.0}, {"x": 1983.0, "y": 2183.0}, {"x": 1982.0, "y": 2231.0}, {"x": 1858.0, "y": 2232.0}]}, "description": "92.00"}, {"boundingPoly": {"vertices": [{"x": 1862.0, "y": 2240.0}, {"x": 1992.0, "y": 2244.0}, {"x": 1990.0, "y": 2292.0}, {"x": 1862.0, "y": 2291.0}]}, "description": "92.00"}, {"boundingPoly": {"vertices": [{"x": 1893.0, "y": 2302.0}, {"x": 1995.0, "y": 2301.0}, {"x": 1995.0, "y": 2349.0}, {"x": 1895.0, "y": 2350.0}]}, "description": "9.20"}, {"boundingPoly": {"vertices": [{"x": 1890.0, "y": 2359.0}, {"x": 2001.0, "y": 2360.0}, {"x": 2003.0, "y": 2411.0}, {"x": 1891.0, "y": 2410.0}]}, "description": "5.52"}, {"boundingPoly": {"vertices": [{"x": 1860.0, "y": 2421.0}, {"x": 2006.0, "y": 2419.0}, {"x": 2005.0, "y": 2473.0}, {"x": 1860.0, "y": 2476.0}]}, "description": "106.72"}, {"boundingPoly": {"vertices": [{"x": 1905.0, "y": 2485.0}, {"x": 2036.0, "y": 2488.0}, {"x": 2034.0, "y": 2533.0}, {"x": 1905.0, "y": 2538.0}]}, "description": "0.02-"}, {"boundingPoly": {"vertices": [{"x": 1687.0, "y": 2547.0}, {"x": 1993.0, "y": 2545.0}, {"x": 1994.0, "y": 2603.0}, {"x": 1688.0, "y": 2605.0}]}, "description": "106.70"}, {"boundingPoly": {"vertices": [{"x": 371.0, "y": 2276.0}, {"x": 447.0, "y": 2276.0}, {"x": 447.0, "y": 2311.0}, {"x": 371.0, "y": 2311.0}]}, "description": " AMEX"}, {"boundingPoly": {"vertices": [{"x": 1366.0, "y": 2249.0}, {"x": 1401.0, "y": 2249.0}, {"x": 1401.0, "y": 2296.0}, {"x": 1366.0, "y": 2296.0}]}, "description": " :"}, {"boundingPoly": {"vertices": [{"x": 336.0, "y": 2354.0}, {"x": 575.0, "y": 2354.0}, {"x": 575.0, "y": 2392.0}, {"x": 336.0, "y": 2392.0}]}, "description": " : 002371000744"}, {"boundingPoly": {"vertices": [{"x": 336.0, "y": 2397.0}, {"x": 643.0, "y": 2397.0}, {"x": 643.0, "y": 2434.0}, {"x": 336.0, "y": 2434.0}]}, "description": " : E2368AB7612CF817"}, {"boundingPoly": {"vertices": [{"x": 332.0, "y": 2438.0}, {"x": 537.0, "y": 2438.0}, {"x": 537.0, "y": 2474.0}, {"x": 332.0, "y": 2474.0}]}, "description": " : 0000008000"}, {"boundingPoly": {"vertices": [{"x": 332.0, "y": 2478.0}, {"x": 439.0, "y": 2478.0}, {"x": 439.0, "y": 2513.0}, {"x": 332.0, "y": 2513.0}]}, "description": " : AMEX"}, {"boundingPoly": {"vertices": [{"x": 331.0, "y": 2517.0}, {"x": 640.0, "y": 2517.0}, {"x": 640.0, "y": 2552.0}, {"x": 331.0, "y": 2552.0}]}, "description": " : A000000025010402"}, {"boundingPoly": {"vertices": [{"x": 423.0, "y": 2557.0}, {"x": 483.0, "y": 2558.0}, {"x": 479.0, "y": 2591.0}, {"x": 420.0, "y": 2589.0}]}, "description": "RM"}, {"boundingPoly": {"vertices": [{"x": 419.0, "y": 2595.0}, {"x": 482.0, "y": 2595.0}, {"x": 482.0, "y": 2627.0}, {"x": 419.0, "y": 2627.0}]}, "description": "RM"}, {"boundingPoly": {"vertices": [{"x": 1515.0, "y": 2362.0}, {"x": 1541.0, "y": 2362.0}, {"x": 1541.0, "y": 2419.0}, {"x": 1515.0, "y": 2419.0}]}, "description": " :"}, {"boundingPoly": {"vertices": [{"x": 1292.0, "y": 2429.0}, {"x": 1320.0, "y": 2429.0}, {"x": 1320.0, "y": 2481.0}, {"x": 1292.0, "y": 2481.0}]}, "description": " :"}, {"boundingPoly": {"vertices": [{"x": 687.0, "y": 2556.0}, {"x": 884.0, "y": 2556.0}, {"x": 883.0, "y": 2596.0}, {"x": 687.0, "y": 2596.0}]}, "description": "106.70"}, {"boundingPoly": {"vertices": [{"x": 749.0, "y": 2598.0}, {"x": 890.0, "y": 2598.0}, {"x": 890.0, "y": 2633.0}, {"x": 749.0, "y": 2634.0}]}, "description": "0.00"}, {"boundingPoly": {"vertices": [{"x": 1535.0, "y": 2550.0}, {"x": 1573.0, "y": 2550.0}, {"x": 1573.0, "y": 2607.0}, {"x": 1535.0, "y": 2607.0}]}, "description": " :"}, {"boundingPoly": {"vertices": [{"x": 197.0, "y": 2663.0}, {"x": 364.0, "y": 2669.0}, {"x": 362.0, "y": 2709.0}, {"x": 196.0, "y": 2702.0}]}, "description": "TOTAL"}, {"boundingPoly": {"vertices": [{"x": 167.0, "y": 2738.0}, {"x": 884.0, "y": 2750.0}, {"x": 884.0, "y": 2791.0}, {"x": 166.0, "y": 2779.0}]}, "description": "NO SIGNATURE REQUIRED"}, {"boundingPoly": {"vertices": [{"x": 414.0, "y": 2671.0}, {"x": 483.0, "y": 2672.0}, {"x": 481.0, "y": 2707.0}, {"x": 412.0, "y": 2706.0}]}, "description": "RM"}, {"boundingPoly": {"vertices": [{"x": 688.0, "y": 2673.0}, {"x": 892.0, "y": 2673.0}, {"x": 892.0, "y": 2711.0}, {"x": 688.0, "y": 2712.0}]}, "description": "106.70"}, {"boundingPoly": {"vertices": [{"x": 1100.0, "y": 2800.0}, {"x": 2124.0, "y": 2791.0}, {"x": 2125.0, "y": 2856.0}, {"x": 1100.0, "y": 2861.0}]}, "description": "EATA DRINK & PLAY!"}, {"boundingPoly": {"vertices": [{"x": 1125.0, "y": 3070.0}, {"x": 1243.0, "y": 3070.0}, {"x": 1243.0, "y": 3122.0}, {"x": 1125.0, "y": 3122.0}]}, "description": " Name"}, {"boundingPoly": {"vertices": [{"x": 1253.0, "y": 3070.0}, {"x": 1284.0, "y": 3070.0}, {"x": 1284.0, "y": 3122.0}, {"x": 1253.0, "y": 3122.0}]}, "description": " :"}, {"boundingPoly": {"vertices": [{"x": 1118.0, "y": 3341.0}, {"x": 1392.0, "y": 3341.0}, {"x": 1392.0, "y": 3406.0}, {"x": 1118.0, "y": 3406.0}]}, "description": " Signature:"}]}