{"textAnnotations": [{"boundingPoly": {"vertices": [{"x": 523.0, "y": 576.0}, {"x": 1167.0, "y": 570.0}, {"x": 1168.0, "y": 644.0}, {"x": 524.0, "y": 649.0}]}, "description": "merchant name"}, {"boundingPoly": {"vertices": [{"x": 529.0, "y": 727.0}, {"x": 894.0, "y": 726.0}, {"x": 895.0, "y": 782.0}, {"x": 529.0, "y": 784.0}]}, "description": "merchant address"}, {"boundingPoly": {"vertices": [{"x": 527.0, "y": 811.0}, {"x": 1108.0, "y": 805.0}, {"x": 1108.0, "y": 869.0}, {"x": 528.0, "y": 873.0}]}, "description": "merchant address"}, {"boundingPoly": {"vertices": [{"x": 1348.0, "y": 703.0}, {"x": 1715.0, "y": 682.0}, {"x": 1718.0, "y": 743.0}, {"x": 1352.0, "y": 764.0}]}, "description": "Nov 15, 2019"}, {"boundingPoly": {"vertices": [{"x": 1486.0, "y": 772.0}, {"x": 1713.0, "y": 772.0}, {"x": 1713.0, "y": 843.0}, {"x": 1486.0, "y": 843.0}]}, "description": " 9:11 PM"}, {"boundingPoly": {"vertices": [{"x": 935.0, "y": 965.0}, {"x": 1302.0, "y": 954.0}, {"x": 1304.0, "y": 1016.0}, {"x": 937.0, "y": 1028.0}]}, "description": "PURCHASE"}, {"boundingPoly": {"vertices": [{"x": 535.0, "y": 1115.0}, {"x": 721.0, "y": 1115.0}, {"x": 721.0, "y": 1175.0}, {"x": 535.0, "y": 1175.0}]}, "description": " Ticket:"}, {"boundingPoly": {"vertices": [{"x": 537.0, "y": 1204.0}, {"x": 1117.0, "y": 1199.0}, {"x": 1118.0, "y": 1257.0}, {"x": 537.0, "y": 1261.0}]}, "description": "Authorization 870930"}, {"boundingPoly": {"vertices": [{"x": 542.0, "y": 1289.0}, {"x": 911.0, "y": 1286.0}, {"x": 911.0, "y": 1345.0}, {"x": 542.0, "y": 1348.0}]}, "description": "Receipt wnC1"}, {"boundingPoly": {"vertices": [{"x": 732.0, "y": 1116.0}, {"x": 843.0, "y": 1116.0}, {"x": 843.0, "y": 1174.0}, {"x": 732.0, "y": 1174.0}]}, "description": " #50"}, {"boundingPoly": {"vertices": [{"x": 550.0, "y": 1450.0}, {"x": 1114.0, "y": 1446.0}, {"x": 1115.0, "y": 1502.0}, {"x": 551.0, "y": 1506.0}]}, "description": "AMERICAN EXPRESS"}, {"boundingPoly": {"vertices": [{"x": 547.0, "y": 1535.0}, {"x": 1280.0, "y": 1529.0}, {"x": 1281.0, "y": 1584.0}, {"x": 547.0, "y": 1591.0}]}, "description": "AID A0 00 00 00 25 01 08 01"}, {"boundingPoly": {"vertices": [{"x": 548.0, "y": 1697.0}, {"x": 719.0, "y": 1697.0}, {"x": 719.0, "y": 1752.0}, {"x": 548.0, "y": 1752.0}]}, "description": "Water"}, {"boundingPoly": {"vertices": [{"x": 1560.0, "y": 1702.0}, {"x": 1723.0, "y": 1703.0}, {"x": 1720.0, "y": 1756.0}, {"x": 1560.0, "y": 1759.0}]}, "description": "$1.50"}, {"boundingPoly": {"vertices": [{"x": 554.0, "y": 1869.0}, {"x": 690.0, "y": 1869.0}, {"x": 688.0, "y": 1923.0}, {"x": 554.0, "y": 1920.0}]}, "description": "Total"}, {"boundingPoly": {"vertices": [{"x": 559.0, "y": 1954.0}, {"x": 1272.0, "y": 1967.0}, {"x": 1270.0, "y": 2029.0}, {"x": 559.0, "y": 2013.0}]}, "description": "6.625% Tax Included, $0.09"}, {"boundingPoly": {"vertices": [{"x": 561.0, "y": 2037.0}, {"x": 1014.0, "y": 2048.0}, {"x": 1012.0, "y": 2113.0}, {"x": 559.0, "y": 2098.0}]}, "description": "AmEx 1000 (Chip)"}, {"boundingPoly": {"vertices": [{"x": 1546.0, "y": 1884.0}, {"x": 1728.0, "y": 1886.0}, {"x": 1727.0, "y": 1947.0}, {"x": 1545.0, "y": 1946.0}]}, "description": "$1.50"}, {"boundingPoly": {"vertices": [{"x": 1574.0, "y": 2072.0}, {"x": 1730.0, "y": 2076.0}, {"x": 1728.0, "y": 2130.0}, {"x": 1573.0, "y": 2127.0}]}, "description": "$1.50"}]}