{"textAnnotations": [{"boundingPoly": {"vertices": [{"x": 855.0, "y": 242.0}, {"x": 1371.0, "y": 254.0}, {"x": 1370.0, "y": 284.0}, {"x": 855.0, "y": 272.0}]}, "description": "Thank You For Visiting the"}, {"boundingPoly": {"vertices": [{"x": 1235.0, "y": 282.0}, {"x": 1408.0, "y": 285.0}, {"x": 1408.0, "y": 315.0}, {"x": 1234.0, "y": 310.0}]}, "description": "merchant name"}, {"boundingPoly": {"vertices": [{"x": 814.0, "y": 265.0}, {"x": 1221.0, "y": 275.0}, {"x": 1220.0, "y": 305.0}, {"x": 813.0, "y": 297.0}]}, "description": "merchant name"}, {"boundingPoly": {"vertices": [{"x": 792.0, "y": 295.0}, {"x": 1418.0, "y": 308.0}, {"x": 1417.0, "y": 349.0}, {"x": 792.0, "y": 338.0}]}, "description": "Nadine Varella, General Manager"}, {"boundingPoly": {"vertices": [{"x": 967.0, "y": 346.0}, {"x": 1251.0, "y": 349.0}, {"x": 1250.0, "y": 394.0}, {"x": 967.0, "y": 391.0}]}, "description": "merchant phone"}, {"boundingPoly": {"vertices": [{"x": 882.0, "y": 391.0}, {"x": 1328.0, "y": 402.0}, {"x": 1327.0, "y": 449.0}, {"x": 881.0, "y": 438.0}]}, "description": "We Love Your Feedback!"}, {"boundingPoly": {"vertices": [{"x": 871.0, "y": 440.0}, {"x": 1340.0, "y": 451.0}, {"x": 1338.0, "y": 500.0}, {"x": 870.0, "y": 488.0}]}, "description": "Text @LTF41042 to 73940"}, {"boundingPoly": {"vertices": [{"x": 695.0, "y": 584.0}, {"x": 845.0, "y": 584.0}, {"x": 845.0, "y": 639.0}, {"x": 695.0, "y": 639.0}]}, "description": " Monster"}, {"boundingPoly": {"vertices": [{"x": 852.0, "y": 588.0}, {"x": 1081.0, "y": 588.0}, {"x": 1081.0, "y": 644.0}, {"x": 852.0, "y": 644.0}]}, "description": " Energy Zero"}, {"boundingPoly": {"vertices": [{"x": 1455.0, "y": 548.0}, {"x": 1523.0, "y": 549.0}, {"x": 1522.0, "y": 591.0}, {"x": 1454.0, "y": 590.0}]}, "description": "USD"}, {"boundingPoly": {"vertices": [{"x": 1436.0, "y": 594.0}, {"x": 1520.0, "y": 597.0}, {"x": 1516.0, "y": 638.0}, {"x": 1434.0, "y": 635.0}]}, "description": "3.00"}, {"boundingPoly": {"vertices": [{"x": 1149.0, "y": 686.0}, {"x": 1333.0, "y": 687.0}, {"x": 1332.0, "y": 735.0}, {"x": 1148.0, "y": 733.0}]}, "description": "Sub Total"}, {"boundingPoly": {"vertices": [{"x": 1149.0, "y": 732.0}, {"x": 1360.0, "y": 737.0}, {"x": 1359.0, "y": 785.0}, {"x": 1148.0, "y": 780.0}]}, "description": "Tax Amount"}, {"boundingPoly": {"vertices": [{"x": 1429.0, "y": 691.0}, {"x": 1516.0, "y": 695.0}, {"x": 1512.0, "y": 739.0}, {"x": 1425.0, "y": 736.0}]}, "description": "3.00"}, {"boundingPoly": {"vertices": [{"x": 1426.0, "y": 742.0}, {"x": 1506.0, "y": 744.0}, {"x": 1503.0, "y": 790.0}, {"x": 1425.0, "y": 787.0}]}, "description": "0.21"}, {"boundingPoly": {"vertices": [{"x": 666.0, "y": 874.0}, {"x": 1032.0, "y": 876.0}, {"x": 1032.0, "y": 960.0}, {"x": 665.0, "y": 957.0}]}, "description": "Total USD"}, {"boundingPoly": {"vertices": [{"x": 1335.0, "y": 892.0}, {"x": 1491.0, "y": 893.0}, {"x": 1487.0, "y": 974.0}, {"x": 1334.0, "y": 974.0}]}, "description": "3.21"}, {"boundingPoly": {"vertices": [{"x": 669.0, "y": 1100.0}, {"x": 1088.0, "y": 1104.0}, {"x": 1087.0, "y": 1150.0}, {"x": 669.0, "y": 1145.0}]}, "description": "5009 AMERICAN EXPRESS"}, {"boundingPoly": {"vertices": [{"x": 1422.0, "y": 1115.0}, {"x": 1491.0, "y": 1114.0}, {"x": 1489.0, "y": 1161.0}, {"x": 1421.0, "y": 1161.0}]}, "description": "3.21"}, {"boundingPoly": {"vertices": [{"x": 680.0, "y": 1247.0}, {"x": 743.0, "y": 1248.0}, {"x": 739.0, "y": 1285.0}, {"x": 677.0, "y": 1283.0}]}, "description": "Tax"}, {"boundingPoly": {"vertices": [{"x": 675.0, "y": 1288.0}, {"x": 723.0, "y": 1288.0}, {"x": 723.0, "y": 1337.0}, {"x": 675.0, "y": 1337.0}]}, "description": " ()"}, {"boundingPoly": {"vertices": [{"x": 731.0, "y": 1290.0}, {"x": 819.0, "y": 1290.0}, {"x": 819.0, "y": 1337.0}, {"x": 731.0, "y": 1337.0}]}, "description": " 7.00"}, {"boundingPoly": {"vertices": [{"x": 985.0, "y": 1246.0}, {"x": 1278.0, "y": 1246.0}, {"x": 1278.0, "y": 1296.0}, {"x": 985.0, "y": 1296.0}]}, "description": " Taxable Amount"}, {"boundingPoly": {"vertices": [{"x": 1179.0, "y": 1296.0}, {"x": 1262.0, "y": 1298.0}, {"x": 1261.0, "y": 1339.0}, {"x": 1178.0, "y": 1338.0}]}, "description": "3.00"}, {"boundingPoly": {"vertices": [{"x": 1289.0, "y": 1252.0}, {"x": 1503.0, "y": 1252.0}, {"x": 1503.0, "y": 1303.0}, {"x": 1289.0, "y": 1303.0}]}, "description": " Tax Amount"}, {"boundingPoly": {"vertices": [{"x": 1423.0, "y": 1304.0}, {"x": 1491.0, "y": 1304.0}, {"x": 1490.0, "y": 1346.0}, {"x": 1422.0, "y": 1346.0}]}, "description": "0.21"}, {"boundingPoly": {"vertices": [{"x": 672.0, "y": 1433.0}, {"x": 1092.0, "y": 1433.0}, {"x": 1092.0, "y": 1485.0}, {"x": 672.0, "y": 1485.0}]}, "description": " 11/19/2019 09:58 AM #:"}, {"boundingPoly": {"vertices": [{"x": 1101.0, "y": 1435.0}, {"x": 1503.0, "y": 1435.0}, {"x": 1503.0, "y": 1485.0}, {"x": 1101.0, "y": 1485.0}]}, "description": " 19748 Op:3053 C:113"}, {"boundingPoly": {"vertices": [{"x": 670.0, "y": 1481.0}, {"x": 877.0, "y": 1481.0}, {"x": 877.0, "y": 1529.0}, {"x": 670.0, "y": 1529.0}]}, "description": " 102 S:1131"}, {"boundingPoly": {"vertices": [{"x": 666.0, "y": 1532.0}, {"x": 880.0, "y": 1532.0}, {"x": 880.0, "y": 1577.0}, {"x": 666.0, "y": 1577.0}]}, "description": " Served you"}, {"boundingPoly": {"vertices": [{"x": 887.0, "y": 1532.0}, {"x": 1168.0, "y": 1532.0}, {"x": 1168.0, "y": 1578.0}, {"x": 887.0, "y": 1578.0}]}, "description": " : Marie Leonce"}, {"boundingPoly": {"vertices": [{"x": 847.0, "y": 1727.0}, {"x": 1264.0, "y": 1723.0}, {"x": 1264.0, "y": 1765.0}, {"x": 847.0, "y": 1768.0}]}, "description": "*** Customer copy ***"}, {"boundingPoly": {"vertices": [{"x": 886.0, "y": 1821.0}, {"x": 1244.0, "y": 1815.0}, {"x": 1244.0, "y": 1861.0}, {"x": 887.0, "y": 1866.0}]}, "description": "AMEX Sunrise 937-7"}, {"boundingPoly": {"vertices": [{"x": 682.0, "y": 1878.0}, {"x": 713.0, "y": 1878.0}, {"x": 713.0, "y": 1926.0}, {"x": 682.0, "y": 1926.0}]}, "description": " I"}, {"boundingPoly": {"vertices": [{"x": 664.0, "y": 1961.0}, {"x": 1250.0, "y": 1961.0}, {"x": 1250.0, "y": 2025.0}, {"x": 664.0, "y": 2025.0}]}, "description": " agreement. (Merchant agreement"}, {"boundingPoly": {"vertices": [{"x": 992.0, "y": 2074.0}, {"x": 1148.0, "y": 2070.0}, {"x": 1149.0, "y": 2110.0}, {"x": 993.0, "y": 2114.0}]}, "description": "records."}, {"boundingPoly": {"vertices": [{"x": 720.0, "y": 1863.0}, {"x": 1415.0, "y": 1863.0}, {"x": 1415.0, "y": 1925.0}, {"x": 720.0, "y": 1925.0}]}, "description": " agree to pay the above total amount"}, {"boundingPoly": {"vertices": [{"x": 1259.0, "y": 1954.0}, {"x": 1436.0, "y": 1954.0}, {"x": 1436.0, "y": 2009.0}, {"x": 1259.0, "y": 2009.0}]}, "description": " if Credit"}, {"boundingPoly": {"vertices": [{"x": 723.0, "y": 2022.0}, {"x": 1382.0, "y": 2010.0}, {"x": 1383.0, "y": 2057.0}, {"x": 724.0, "y": 2071.0}]}, "description": "Voucher)Retain this copy for your"}, {"boundingPoly": {"vertices": [{"x": 826.0, "y": 1925.0}, {"x": 1307.0, "y": 1913.0}, {"x": 1308.0, "y": 1957.0}, {"x": 826.0, "y": 1970.0}]}, "description": "according to card issuer"}, {"boundingPoly": {"vertices": [{"x": 658.0, "y": 2174.0}, {"x": 833.0, "y": 2174.0}, {"x": 833.0, "y": 2228.0}, {"x": 658.0, "y": 2228.0}]}, "description": " PURCHASE"}, {"boundingPoly": {"vertices": [{"x": 840.0, "y": 2172.0}, {"x": 873.0, "y": 2172.0}, {"x": 873.0, "y": 2222.0}, {"x": 840.0, "y": 2222.0}]}, "description": " /"}, {"boundingPoly": {"vertices": [{"x": 881.0, "y": 2167.0}, {"x": 1052.0, "y": 2167.0}, {"x": 1052.0, "y": 2221.0}, {"x": 881.0, "y": 2221.0}]}, "description": " APPROVED"}, {"boundingPoly": {"vertices": [{"x": 658.0, "y": 2233.0}, {"x": 994.0, "y": 2219.0}, {"x": 995.0, "y": 2265.0}, {"x": 660.0, "y": 2280.0}]}, "description": "AMERICAN EXPRESS"}, {"boundingPoly": {"vertices": [{"x": 659.0, "y": 2285.0}, {"x": 974.0, "y": 2274.0}, {"x": 976.0, "y": 2317.0}, {"x": 660.0, "y": 2326.0}]}, "description": "*********** 1005"}, {"boundingPoly": {"vertices": [{"x": 654.0, "y": 2332.0}, {"x": 897.0, "y": 2327.0}, {"x": 898.0, "y": 2374.0}, {"x": 655.0, "y": 2380.0}]}, "description": "CHIP READ /"}, {"boundingPoly": {"vertices": [{"x": 656.0, "y": 2420.0}, {"x": 1056.0, "y": 2420.0}, {"x": 1056.0, "y": 2483.0}, {"x": 656.0, "y": 2483.0}]}, "description": " 2019/11/19 09:59:05"}, {"boundingPoly": {"vertices": [{"x": 663.0, "y": 2485.0}, {"x": 727.0, "y": 2486.0}, {"x": 725.0, "y": 2530.0}, {"x": 661.0, "y": 2529.0}]}, "description": "TID"}, {"boundingPoly": {"vertices": [{"x": 654.0, "y": 2540.0}, {"x": 723.0, "y": 2538.0}, {"x": 722.0, "y": 2576.0}, {"x": 653.0, "y": 2579.0}]}, "description": "MID"}, {"boundingPoly": {"vertices": [{"x": 661.0, "y": 2587.0}, {"x": 853.0, "y": 2583.0}, {"x": 855.0, "y": 2628.0}, {"x": 661.0, "y": 2633.0}]}, "description": "REFERENCE"}, {"boundingPoly": {"vertices": [{"x": 660.0, "y": 2635.0}, {"x": 851.0, "y": 2632.0}, {"x": 852.0, "y": 2678.0}, {"x": 660.0, "y": 2680.0}]}, "description": "AUTH CODE"}, {"boundingPoly": {"vertices": [{"x": 1302.0, "y": 2450.0}, {"x": 1461.0, "y": 2445.0}, {"x": 1462.0, "y": 2490.0}, {"x": 1304.0, "y": 2495.0}]}, "description": "**** 5736"}, {"boundingPoly": {"vertices": [{"x": 1324.0, "y": 2500.0}, {"x": 1459.0, "y": 2490.0}, {"x": 1461.0, "y": 2537.0}, {"x": 1325.0, "y": 2545.0}]}, "description": "6634461"}, {"boundingPoly": {"vertices": [{"x": 963.0, "y": 2572.0}, {"x": 1461.0, "y": 2542.0}, {"x": 1464.0, "y": 2591.0}, {"x": 965.0, "y": 2622.0}]}, "description": "S1131T113102#19748@656324"}, {"boundingPoly": {"vertices": [{"x": 1344.0, "y": 2602.0}, {"x": 1466.0, "y": 2595.0}, {"x": 1467.0, "y": 2637.0}, {"x": 1345.0, "y": 2644.0}]}, "description": "844169"}, {"boundingPoly": {"vertices": [{"x": 680.0, "y": 2732.0}, {"x": 764.0, "y": 2727.0}, {"x": 769.0, "y": 2770.0}, {"x": 684.0, "y": 2774.0}]}, "description": "OTAL"}, {"boundingPoly": {"vertices": [{"x": 1319.0, "y": 2701.0}, {"x": 1459.0, "y": 2693.0}, {"x": 1461.0, "y": 2738.0}, {"x": 1321.0, "y": 2745.0}]}, "description": "USD3.21"}, {"boundingPoly": {"vertices": [{"x": 760.0, "y": 2837.0}, {"x": 807.0, "y": 2826.0}, {"x": 812.0, "y": 2866.0}, {"x": 766.0, "y": 2877.0}]}, "description": "00"}, {"boundingPoly": {"vertices": [{"x": 760.0, "y": 2888.0}, {"x": 848.0, "y": 2875.0}, {"x": 853.0, "y": 2917.0}, {"x": 768.0, "y": 2931.0}]}, "description": "F800"}, {"boundingPoly": {"vertices": [{"x": 786.0, "y": 2979.0}, {"x": 974.0, "y": 2954.0}, {"x": 978.0, "y": 2998.0}, {"x": 791.0, "y": 3022.0}]}, "description": "000008000"}, {"boundingPoly": {"vertices": [{"x": 778.0, "y": 2928.0}, {"x": 1055.0, "y": 2903.0}, {"x": 1056.0, "y": 2950.0}, {"x": 783.0, "y": 2980.0}]}, "description": "65A0103602002"}]}