{"textAnnotations": [{"boundingPoly": {"vertices": [{"x": 622.0, "y": 159.0}, {"x": 849.0, "y": 166.0}, {"x": 847.0, "y": 209.0}, {"x": 621.0, "y": 202.0}]}, "description": "CREDIT CARD"}, {"boundingPoly": {"vertices": [{"x": 664.0, "y": 209.0}, {"x": 772.0, "y": 211.0}, {"x": 770.0, "y": 252.0}, {"x": 664.0, "y": 250.0}]}, "description": "ORDER"}, {"boundingPoly": {"vertices": [{"x": 453.0, "y": 295.0}, {"x": 789.0, "y": 295.0}, {"x": 789.0, "y": 348.0}, {"x": 453.0, "y": 348.0}]}, "description": " Payment Status:"}, {"boundingPoly": {"vertices": [{"x": 796.0, "y": 303.0}, {"x": 968.0, "y": 303.0}, {"x": 968.0, "y": 350.0}, {"x": 796.0, "y": 350.0}]}, "description": " APPROVED"}, {"boundingPoly": {"vertices": [{"x": 683.0, "y": 398.0}, {"x": 772.0, "y": 397.0}, {"x": 772.0, "y": 437.0}, {"x": 683.0, "y": 439.0}]}, "description": "merchant address"}, {"boundingPoly": {"vertices": [{"x": 538.0, "y": 445.0}, {"x": 911.0, "y": 442.0}, {"x": 912.0, "y": 485.0}, {"x": 538.0, "y": 488.0}]}, "description": "merchant address"}, {"boundingPoly": {"vertices": [{"x": 584.0, "y": 492.0}, {"x": 871.0, "y": 487.0}, {"x": 872.0, "y": 528.0}, {"x": 584.0, "y": 534.0}]}, "description": "merchant phone"}, {"boundingPoly": {"vertices": [{"x": 393.0, "y": 581.0}, {"x": 600.0, "y": 576.0}, {"x": 601.0, "y": 621.0}, {"x": 394.0, "y": 626.0}]}, "description": "11/20/2019"}, {"boundingPoly": {"vertices": [{"x": 388.0, "y": 632.0}, {"x": 645.0, "y": 627.0}, {"x": 646.0, "y": 673.0}, {"x": 389.0, "y": 677.0}]}, "description": "Order 736724"}, {"boundingPoly": {"vertices": [{"x": 931.0, "y": 572.0}, {"x": 1078.0, "y": 572.0}, {"x": 1078.0, "y": 617.0}, {"x": 931.0, "y": 617.0}]}, "description": " 7:48 PM"}, {"boundingPoly": {"vertices": [{"x": 821.0, "y": 627.0}, {"x": 1064.0, "y": 625.0}, {"x": 1064.0, "y": 670.0}, {"x": 821.0, "y": 672.0}]}, "description": "Server 6652"}, {"boundingPoly": {"vertices": [{"x": 642.0, "y": 734.0}, {"x": 810.0, "y": 734.0}, {"x": 810.0, "y": 780.0}, {"x": 642.0, "y": 779.0}]}, "description": "Delivery"}, {"boundingPoly": {"vertices": [{"x": 456.0, "y": 838.0}, {"x": 1000.0, "y": 834.0}, {"x": 1001.0, "y": 879.0}, {"x": 457.0, "y": 883.0}]}, "description": "13400 W SUNRISE BLVD # 506"}, {"boundingPoly": {"vertices": [{"x": 393.0, "y": 888.0}, {"x": 1267.0, "y": 881.0}, {"x": 1267.0, "y": 929.0}, {"x": 393.0, "y": 934.0}]}, "description": "Please ask reception to call 506 room phon"}, {"boundingPoly": {"vertices": [{"x": 393.0, "y": 940.0}, {"x": 878.0, "y": 937.0}, {"x": 878.0, "y": 982.0}, {"x": 393.0, "y": 985.0}]}, "description": "e;Double tree by hilton"}, {"boundingPoly": {"vertices": [{"x": 587.0, "y": 989.0}, {"x": 879.0, "y": 985.0}, {"x": 880.0, "y": 1031.0}, {"x": 587.0, "y": 1036.0}]}, "description": "(480) 319-2228"}, {"boundingPoly": {"vertices": [{"x": 567.0, "y": 1092.0}, {"x": 896.0, "y": 1090.0}, {"x": 896.0, "y": 1132.0}, {"x": 567.0, "y": 1134.0}]}, "description": "American Express"}, {"boundingPoly": {"vertices": [{"x": 729.0, "y": 1138.0}, {"x": 1068.0, "y": 1133.0}, {"x": 1069.0, "y": 1177.0}, {"x": 729.0, "y": 1181.0}]}, "description": "XXXXXXXXXXXX1006"}, {"boundingPoly": {"vertices": [{"x": 838.0, "y": 1187.0}, {"x": 1067.0, "y": 1185.0}, {"x": 1068.0, "y": 1228.0}, {"x": 839.0, "y": 1231.0}]}, "description": "65593643324"}, {"boundingPoly": {"vertices": [{"x": 940.0, "y": 1238.0}, {"x": 1067.0, "y": 1237.0}, {"x": 1067.0, "y": 1280.0}, {"x": 940.0, "y": 1280.0}]}, "description": "209113"}, {"boundingPoly": {"vertices": [{"x": 863.0, "y": 1285.0}, {"x": 1068.0, "y": 1284.0}, {"x": 1068.0, "y": 1329.0}, {"x": 863.0, "y": 1330.0}]}, "description": "4091418699"}, {"boundingPoly": {"vertices": [{"x": 401.0, "y": 1141.0}, {"x": 679.0, "y": 1139.0}, {"x": 679.0, "y": 1182.0}, {"x": 401.0, "y": 1184.0}]}, "description": "CREDIT CARD #"}, {"boundingPoly": {"vertices": [{"x": 393.0, "y": 1193.0}, {"x": 594.0, "y": 1192.0}, {"x": 595.0, "y": 1235.0}, {"x": 394.0, "y": 1236.0}]}, "description": "REFERENCE"}, {"boundingPoly": {"vertices": [{"x": 393.0, "y": 1243.0}, {"x": 675.0, "y": 1240.0}, {"x": 675.0, "y": 1284.0}, {"x": 393.0, "y": 1288.0}]}, "description": "APPROVAL CODE"}, {"boundingPoly": {"vertices": [{"x": 390.0, "y": 1296.0}, {"x": 563.0, "y": 1293.0}, {"x": 563.0, "y": 1336.0}, {"x": 391.0, "y": 1340.0}]}, "description": "MERCHANT"}, {"boundingPoly": {"vertices": [{"x": 396.0, "y": 1400.0}, {"x": 526.0, "y": 1398.0}, {"x": 527.0, "y": 1439.0}, {"x": 396.0, "y": 1441.0}]}, "description": "Amount"}, {"boundingPoly": {"vertices": [{"x": 920.0, "y": 1385.0}, {"x": 1041.0, "y": 1382.0}, {"x": 1041.0, "y": 1429.0}, {"x": 922.0, "y": 1431.0}]}, "description": "$20.77"}, {"boundingPoly": {"vertices": [{"x": 397.0, "y": 1500.0}, {"x": 467.0, "y": 1501.0}, {"x": 465.0, "y": 1546.0}, {"x": 397.0, "y": 1546.0}]}, "description": "Tip"}, {"boundingPoly": {"vertices": [{"x": 941.0, "y": 1485.0}, {"x": 1047.0, "y": 1484.0}, {"x": 1047.0, "y": 1529.0}, {"x": 943.0, "y": 1532.0}]}, "description": "$2.08"}, {"boundingPoly": {"vertices": [{"x": 398.0, "y": 1601.0}, {"x": 505.0, "y": 1600.0}, {"x": 505.0, "y": 1645.0}, {"x": 397.0, "y": 1646.0}]}, "description": "Total"}, {"boundingPoly": {"vertices": [{"x": 919.0, "y": 1589.0}, {"x": 1048.0, "y": 1587.0}, {"x": 1049.0, "y": 1633.0}, {"x": 920.0, "y": 1634.0}]}, "description": "$22.85"}, {"boundingPoly": {"vertices": [{"x": 633.0, "y": 1960.0}, {"x": 827.0, "y": 1954.0}, {"x": 829.0, "y": 1999.0}, {"x": 635.0, "y": 2005.0}]}, "description": "SIGNATURE"}, {"boundingPoly": {"vertices": [{"x": 424.0, "y": 2068.0}, {"x": 1061.0, "y": 2041.0}, {"x": 1062.0, "y": 2091.0}, {"x": 426.0, "y": 2116.0}]}, "description": "I AGREE TO PAY THE ABOVE TOTAL"}, {"boundingPoly": {"vertices": [{"x": 637.0, "y": 2174.0}, {"x": 834.0, "y": 2165.0}, {"x": 836.0, "y": 2213.0}, {"x": 639.0, "y": 2223.0}]}, "description": "AGREEMENT"}, {"boundingPoly": {"vertices": [{"x": 395.0, "y": 2123.0}, {"x": 1058.0, "y": 2096.0}, {"x": 1060.0, "y": 2147.0}, {"x": 396.0, "y": 2172.0}]}, "description": "AMOUNT ACCORDING TO CARD ISSUER"}]}