{"textAnnotations": [{"boundingPoly": {"vertices": [{"x": 430.0, "y": 409.0}, {"x": 1090.0, "y": 400.0}, {"x": 1091.0, "y": 453.0}, {"x": 431.0, "y": 463.0}]}, "description": "Thank You For Visiting the"}, {"boundingPoly": {"vertices": [{"x": 913.0, "y": 461.0}, {"x": 951.0, "y": 461.0}, {"x": 951.0, "y": 515.0}, {"x": 913.0, "y": 515.0}]}, "description": " -"}, {"boundingPoly": {"vertices": [{"x": 477.0, "y": 529.0}, {"x": 1036.0, "y": 517.0}, {"x": 1037.0, "y": 570.0}, {"x": 478.0, "y": 583.0}]}, "description": "We Love Your Feedback!"}, {"boundingPoly": {"vertices": [{"x": 417.0, "y": 462.0}, {"x": 902.0, "y": 462.0}, {"x": 902.0, "y": 526.0}, {"x": 417.0, "y": 526.0}]}, "description": "merchant name"}, {"boundingPoly": {"vertices": [{"x": 961.0, "y": 458.0}, {"x": 1102.0, "y": 458.0}, {"x": 1102.0, "y": 514.0}, {"x": 961.0, "y": 514.0}]}, "description": " AESCP"}, {"boundingPoly": {"vertices": [{"x": 468.0, "y": 588.0}, {"x": 1053.0, "y": 577.0}, {"x": 1054.0, "y": 629.0}, {"x": 468.0, "y": 642.0}]}, "description": "Text @LTF10051 to 73940"}, {"boundingPoly": {"vertices": [{"x": 1210.0, "y": 699.0}, {"x": 1295.0, "y": 697.0}, {"x": 1294.0, "y": 750.0}, {"x": 1213.0, "y": 752.0}]}, "description": "USD"}, {"boundingPoly": {"vertices": [{"x": 261.0, "y": 772.0}, {"x": 368.0, "y": 772.0}, {"x": 368.0, "y": 828.0}, {"x": 261.0, "y": 828.0}]}, "description": " 1.04"}, {"boundingPoly": {"vertices": [{"x": 244.0, "y": 833.0}, {"x": 765.0, "y": 832.0}, {"x": 765.0, "y": 886.0}, {"x": 244.0, "y": 889.0}]}, "description": "PHX Breakfast Weighe"}, {"boundingPoly": {"vertices": [{"x": 378.0, "y": 890.0}, {"x": 737.0, "y": 890.0}, {"x": 737.0, "y": 949.0}, {"x": 378.0, "y": 949.0}]}, "description": " lb \u00d7 $ 6.88/1b"}, {"boundingPoly": {"vertices": [{"x": 248.0, "y": 956.0}, {"x": 761.0, "y": 954.0}, {"x": 761.0, "y": 1009.0}, {"x": 248.0, "y": 1012.0}]}, "description": "PHX Breakfast Weighe"}, {"boundingPoly": {"vertices": [{"x": 379.0, "y": 767.0}, {"x": 736.0, "y": 767.0}, {"x": 736.0, "y": 828.0}, {"x": 379.0, "y": 828.0}]}, "description": " lb \u00d7 $ 6.88/1b"}, {"boundingPoly": {"vertices": [{"x": 1185.0, "y": 822.0}, {"x": 1301.0, "y": 819.0}, {"x": 1303.0, "y": 873.0}, {"x": 1187.0, "y": 876.0}]}, "description": "7.16"}, {"boundingPoly": {"vertices": [{"x": 251.0, "y": 895.0}, {"x": 368.0, "y": 895.0}, {"x": 368.0, "y": 949.0}, {"x": 251.0, "y": 949.0}]}, "description": " 0.70"}, {"boundingPoly": {"vertices": [{"x": 1188.0, "y": 950.0}, {"x": 1298.0, "y": 947.0}, {"x": 1299.0, "y": 1000.0}, {"x": 1190.0, "y": 1001.0}]}, "description": "4.82"}, {"boundingPoly": {"vertices": [{"x": 831.0, "y": 1075.0}, {"x": 1062.0, "y": 1074.0}, {"x": 1062.0, "y": 1127.0}, {"x": 831.0, "y": 1129.0}]}, "description": "Sub Total"}, {"boundingPoly": {"vertices": [{"x": 835.0, "y": 1140.0}, {"x": 1092.0, "y": 1138.0}, {"x": 1092.0, "y": 1188.0}, {"x": 835.0, "y": 1190.0}]}, "description": "Tax Amount"}, {"boundingPoly": {"vertices": [{"x": 1165.0, "y": 1074.0}, {"x": 1301.0, "y": 1071.0}, {"x": 1302.0, "y": 1123.0}, {"x": 1167.0, "y": 1127.0}]}, "description": "11.98"}, {"boundingPoly": {"vertices": [{"x": 1183.0, "y": 1135.0}, {"x": 1297.0, "y": 1133.0}, {"x": 1297.0, "y": 1185.0}, {"x": 1186.0, "y": 1187.0}]}, "description": "1.03"}, {"boundingPoly": {"vertices": [{"x": 223.0, "y": 1325.0}, {"x": 687.0, "y": 1325.0}, {"x": 688.0, "y": 1419.0}, {"x": 224.0, "y": 1421.0}]}, "description": "Total USD"}, {"boundingPoly": {"vertices": [{"x": 1043.0, "y": 1326.0}, {"x": 1282.0, "y": 1322.0}, {"x": 1281.0, "y": 1414.0}, {"x": 1044.0, "y": 1416.0}]}, "description": "13.01"}, {"boundingPoly": {"vertices": [{"x": 223.0, "y": 1611.0}, {"x": 765.0, "y": 1610.0}, {"x": 765.0, "y": 1668.0}, {"x": 223.0, "y": 1668.0}]}, "description": "5009 AMERICAN EXPRESS"}, {"boundingPoly": {"vertices": [{"x": 1169.0, "y": 1613.0}, {"x": 1298.0, "y": 1610.0}, {"x": 1299.0, "y": 1665.0}, {"x": 1171.0, "y": 1667.0}]}, "description": "13.01"}, {"boundingPoly": {"vertices": [{"x": 224.0, "y": 1799.0}, {"x": 313.0, "y": 1801.0}, {"x": 311.0, "y": 1849.0}, {"x": 225.0, "y": 1848.0}]}, "description": "Tax"}, {"boundingPoly": {"vertices": [{"x": 297.0, "y": 1857.0}, {"x": 410.0, "y": 1857.0}, {"x": 410.0, "y": 1912.0}, {"x": 297.0, "y": 1912.0}]}, "description": " 8.60"}, {"boundingPoly": {"vertices": [{"x": 631.0, "y": 1801.0}, {"x": 1012.0, "y": 1801.0}, {"x": 1012.0, "y": 1854.0}, {"x": 631.0, "y": 1854.0}]}, "description": " Taxable Amount"}, {"boundingPoly": {"vertices": [{"x": 868.0, "y": 1861.0}, {"x": 993.0, "y": 1861.0}, {"x": 991.0, "y": 1911.0}, {"x": 868.0, "y": 1913.0}]}, "description": "11.98"}, {"boundingPoly": {"vertices": [{"x": 1038.0, "y": 1802.0}, {"x": 1299.0, "y": 1802.0}, {"x": 1299.0, "y": 1854.0}, {"x": 1038.0, "y": 1854.0}]}, "description": " Tax Amount"}, {"boundingPoly": {"vertices": [{"x": 1197.0, "y": 1863.0}, {"x": 1300.0, "y": 1861.0}, {"x": 1299.0, "y": 1911.0}, {"x": 1198.0, "y": 1914.0}]}, "description": "1.03"}, {"boundingPoly": {"vertices": [{"x": 235.0, "y": 1858.0}, {"x": 286.0, "y": 1858.0}, {"x": 286.0, "y": 1913.0}, {"x": 235.0, "y": 1913.0}]}, "description": " ()"}, {"boundingPoly": {"vertices": [{"x": 249.0, "y": 2022.0}, {"x": 1298.0, "y": 2022.0}, {"x": 1298.0, "y": 2081.0}, {"x": 249.0, "y": 2081.0}]}, "description": " 11/12/2019 08:54 AM #:55221 Op:3066 C:112"}, {"boundingPoly": {"vertices": [{"x": 253.0, "y": 2075.0}, {"x": 499.0, "y": 2075.0}, {"x": 499.0, "y": 2127.0}, {"x": 253.0, "y": 2127.0}]}, "description": " 103 S:1121"}, {"boundingPoly": {"vertices": [{"x": 254.0, "y": 2127.0}, {"x": 506.0, "y": 2127.0}, {"x": 506.0, "y": 2185.0}, {"x": 254.0, "y": 2185.0}]}, "description": " Served you"}, {"boundingPoly": {"vertices": [{"x": 517.0, "y": 2132.0}, {"x": 995.0, "y": 2132.0}, {"x": 995.0, "y": 2186.0}, {"x": 517.0, "y": 2186.0}]}, "description": " : Stephanie Paredes"}]}