{"textAnnotations": [{"boundingPoly": {"vertices": [{"x": 461.0, "y": 382.0}, {"x": 1034.0, "y": 385.0}, {"x": 1033.0, "y": 441.0}, {"x": 460.0, "y": 437.0}]}, "description": "*** Customer copy ***"}, {"boundingPoly": {"vertices": [{"x": 569.0, "y": 507.0}, {"x": 948.0, "y": 506.0}, {"x": 948.0, "y": 568.0}, {"x": 569.0, "y": 568.0}]}, "description": "AMEX AESCP (5)"}, {"boundingPoly": {"vertices": [{"x": 287.0, "y": 569.0}, {"x": 1250.0, "y": 569.0}, {"x": 1250.0, "y": 634.0}, {"x": 287.0, "y": 634.0}]}, "description": " agree to pay the above total amount"}, {"boundingPoly": {"vertices": [{"x": 435.0, "y": 640.0}, {"x": 1087.0, "y": 641.0}, {"x": 1087.0, "y": 699.0}, {"x": 435.0, "y": 698.0}]}, "description": "according to card issuer"}, {"boundingPoly": {"vertices": [{"x": 1034.0, "y": 703.0}, {"x": 1278.0, "y": 703.0}, {"x": 1278.0, "y": 765.0}, {"x": 1034.0, "y": 765.0}]}, "description": " if Credit"}, {"boundingPoly": {"vertices": [{"x": 291.0, "y": 765.0}, {"x": 1197.0, "y": 773.0}, {"x": 1196.0, "y": 833.0}, {"x": 291.0, "y": 826.0}]}, "description": "Voucher)Retain this copy for your"}, {"boundingPoly": {"vertices": [{"x": 651.0, "y": 843.0}, {"x": 875.0, "y": 843.0}, {"x": 875.0, "y": 898.0}, {"x": 651.0, "y": 898.0}]}, "description": "records."}, {"boundingPoly": {"vertices": [{"x": 236.0, "y": 569.0}, {"x": 276.0, "y": 569.0}, {"x": 276.0, "y": 629.0}, {"x": 236.0, "y": 629.0}]}, "description": " I"}, {"boundingPoly": {"vertices": [{"x": 202.0, "y": 704.0}, {"x": 1025.0, "y": 704.0}, {"x": 1025.0, "y": 766.0}, {"x": 202.0, "y": 766.0}]}, "description": " agreement. (Merchant agreement"}, {"boundingPoly": {"vertices": [{"x": 193.0, "y": 960.0}, {"x": 748.0, "y": 968.0}, {"x": 747.0, "y": 1026.0}, {"x": 192.0, "y": 1018.0}]}, "description": "PURCHASE / APPROVED"}, {"boundingPoly": {"vertices": [{"x": 197.0, "y": 1031.0}, {"x": 665.0, "y": 1033.0}, {"x": 665.0, "y": 1091.0}, {"x": 196.0, "y": 1089.0}]}, "description": "AMERICAN EXPRESS"}, {"boundingPoly": {"vertices": [{"x": 194.0, "y": 1102.0}, {"x": 637.0, "y": 1102.0}, {"x": 637.0, "y": 1157.0}, {"x": 194.0, "y": 1156.0}]}, "description": "*********** 1006"}, {"boundingPoly": {"vertices": [{"x": 195.0, "y": 1169.0}, {"x": 520.0, "y": 1169.0}, {"x": 520.0, "y": 1227.0}, {"x": 194.0, "y": 1226.0}]}, "description": "CHIP READ /"}, {"boundingPoly": {"vertices": [{"x": 201.0, "y": 1297.0}, {"x": 746.0, "y": 1297.0}, {"x": 746.0, "y": 1365.0}, {"x": 201.0, "y": 1365.0}]}, "description": " 2019/11/14 09:08:58"}, {"boundingPoly": {"vertices": [{"x": 201.0, "y": 1376.0}, {"x": 293.0, "y": 1375.0}, {"x": 290.0, "y": 1428.0}, {"x": 202.0, "y": 1429.0}]}, "description": "TID"}, {"boundingPoly": {"vertices": [{"x": 201.0, "y": 1444.0}, {"x": 294.0, "y": 1441.0}, {"x": 295.0, "y": 1494.0}, {"x": 205.0, "y": 1497.0}]}, "description": "MID"}, {"boundingPoly": {"vertices": [{"x": 203.0, "y": 1509.0}, {"x": 468.0, "y": 1504.0}, {"x": 469.0, "y": 1557.0}, {"x": 205.0, "y": 1564.0}]}, "description": "REFERENCE"}, {"boundingPoly": {"vertices": [{"x": 208.0, "y": 1575.0}, {"x": 469.0, "y": 1571.0}, {"x": 470.0, "y": 1625.0}, {"x": 208.0, "y": 1630.0}]}, "description": "AUTH CODE"}, {"boundingPoly": {"vertices": [{"x": 1082.0, "y": 1360.0}, {"x": 1302.0, "y": 1358.0}, {"x": 1302.0, "y": 1410.0}, {"x": 1082.0, "y": 1411.0}]}, "description": "**** 5970"}, {"boundingPoly": {"vertices": [{"x": 1111.0, "y": 1422.0}, {"x": 1303.0, "y": 1423.0}, {"x": 1302.0, "y": 1480.0}, {"x": 1111.0, "y": 1479.0}]}, "description": "6634458"}, {"boundingPoly": {"vertices": [{"x": 627.0, "y": 1494.0}, {"x": 1307.0, "y": 1489.0}, {"x": 1308.0, "y": 1544.0}, {"x": 627.0, "y": 1554.0}]}, "description": "S1121T112103#57189@414016"}, {"boundingPoly": {"vertices": [{"x": 1142.0, "y": 1555.0}, {"x": 1303.0, "y": 1554.0}, {"x": 1300.0, "y": 1610.0}, {"x": 1141.0, "y": 1610.0}]}, "description": "842372"}, {"boundingPoly": {"vertices": [{"x": 214.0, "y": 1709.0}, {"x": 351.0, "y": 1705.0}, {"x": 353.0, "y": 1761.0}, {"x": 215.0, "y": 1765.0}]}, "description": "TOTAL"}, {"boundingPoly": {"vertices": [{"x": 1112.0, "y": 1688.0}, {"x": 1304.0, "y": 1685.0}, {"x": 1305.0, "y": 1742.0}, {"x": 1113.0, "y": 1746.0}]}, "description": "USD3.53"}, {"boundingPoly": {"vertices": [{"x": 215.0, "y": 1838.0}, {"x": 342.0, "y": 1838.0}, {"x": 342.0, "y": 1898.0}, {"x": 215.0, "y": 1898.0}]}, "description": " ARC:"}, {"boundingPoly": {"vertices": [{"x": 214.0, "y": 1905.0}, {"x": 342.0, "y": 1905.0}, {"x": 342.0, "y": 1963.0}, {"x": 214.0, "y": 1963.0}]}, "description": " TSI:"}, {"boundingPoly": {"vertices": [{"x": 223.0, "y": 1970.0}, {"x": 338.0, "y": 1970.0}, {"x": 338.0, "y": 2029.0}, {"x": 223.0, "y": 2029.0}]}, "description": " IAD:"}, {"boundingPoly": {"vertices": [{"x": 219.0, "y": 2036.0}, {"x": 341.0, "y": 2036.0}, {"x": 341.0, "y": 2096.0}, {"x": 219.0, "y": 2096.0}]}, "description": " TVR:"}, {"boundingPoly": {"vertices": [{"x": 219.0, "y": 2101.0}, {"x": 341.0, "y": 2101.0}, {"x": 341.0, "y": 2162.0}, {"x": 219.0, "y": 2162.0}]}, "description": " AID:"}, {"boundingPoly": {"vertices": [{"x": 215.0, "y": 2163.0}, {"x": 537.0, "y": 2163.0}, {"x": 537.0, "y": 2226.0}, {"x": 215.0, "y": 2226.0}]}, "description": " PAN Seq No:"}, {"boundingPoly": {"vertices": [{"x": 350.0, "y": 1836.0}, {"x": 417.0, "y": 1836.0}, {"x": 417.0, "y": 1894.0}, {"x": 350.0, "y": 1894.0}]}, "description": " 00"}, {"boundingPoly": {"vertices": [{"x": 351.0, "y": 1901.0}, {"x": 472.0, "y": 1901.0}, {"x": 472.0, "y": 1960.0}, {"x": 351.0, "y": 1960.0}]}, "description": " F800"}, {"boundingPoly": {"vertices": [{"x": 348.0, "y": 1957.0}, {"x": 746.0, "y": 1957.0}, {"x": 746.0, "y": 2026.0}, {"x": 348.0, "y": 2026.0}]}, "description": " 066B0103602002"}, {"boundingPoly": {"vertices": [{"x": 351.0, "y": 2029.0}, {"x": 638.0, "y": 2029.0}, {"x": 638.0, "y": 2091.0}, {"x": 351.0, "y": 2091.0}]}, "description": " 0000008000"}, {"boundingPoly": {"vertices": [{"x": 350.0, "y": 2089.0}, {"x": 795.0, "y": 2089.0}, {"x": 795.0, "y": 2158.0}, {"x": 350.0, "y": 2158.0}]}, "description": " A000000025010801"}, {"boundingPoly": {"vertices": [{"x": 546.0, "y": 2162.0}, {"x": 611.0, "y": 2162.0}, {"x": 611.0, "y": 2219.0}, {"x": 546.0, "y": 2219.0}]}, "description": " 00"}]}