{"textAnnotations": [{"boundingPoly": {"vertices": [{"x": 62.0, "y": 37.0}, {"x": 327.0, "y": 18.0}, {"x": 330.0, "y": 59.0}, {"x": 64.0, "y": 79.0}]}, "description": "merchant name"}, {"boundingPoly": {"vertices": [{"x": 22.0, "y": 91.0}, {"x": 81.0, "y": 87.0}, {"x": 81.0, "y": 98.0}, {"x": 23.0, "y": 102.0}]}, "description": "*******"}, {"boundingPoly": {"vertices": [{"x": 23.0, "y": 105.0}, {"x": 140.0, "y": 100.0}, {"x": 141.0, "y": 116.0}, {"x": 24.0, "y": 121.0}]}, "description": "CHECK # 424976"}, {"boundingPoly": {"vertices": [{"x": 21.0, "y": 124.0}, {"x": 98.0, "y": 120.0}, {"x": 99.0, "y": 137.0}, {"x": 22.0, "y": 141.0}]}, "description": "TABLE # 8"}, {"boundingPoly": {"vertices": [{"x": 22.0, "y": 148.0}, {"x": 64.0, "y": 147.0}, {"x": 64.0, "y": 156.0}, {"x": 22.0, "y": 157.0}]}, "description": "====="}, {"boundingPoly": {"vertices": [{"x": 221.0, "y": 78.0}, {"x": 350.0, "y": 72.0}, {"x": 351.0, "y": 83.0}, {"x": 222.0, "y": 91.0}]}, "description": "****************"}, {"boundingPoly": {"vertices": [{"x": 230.0, "y": 94.0}, {"x": 342.0, "y": 89.0}, {"x": 343.0, "y": 106.0}, {"x": 231.0, "y": 111.0}]}, "description": "DATE 29/10/19"}, {"boundingPoly": {"vertices": [{"x": 297.0, "y": 109.0}, {"x": 344.0, "y": 109.0}, {"x": 344.0, "y": 127.0}, {"x": 297.0, "y": 127.0}]}, "description": " 20:12"}, {"boundingPoly": {"vertices": [{"x": 295.0, "y": 135.0}, {"x": 349.0, "y": 134.0}, {"x": 349.0, "y": 143.0}, {"x": 295.0, "y": 144.0}]}, "description": "======"}, {"boundingPoly": {"vertices": [{"x": 231.0, "y": 113.0}, {"x": 265.0, "y": 112.0}, {"x": 265.0, "y": 129.0}, {"x": 231.0, "y": 130.0}]}, "description": "TIME"}, {"boundingPoly": {"vertices": [{"x": 112.0, "y": 180.0}, {"x": 167.0, "y": 180.0}, {"x": 167.0, "y": 201.0}, {"x": 112.0, "y": 201.0}]}, "description": " DINING"}, {"boundingPoly": {"vertices": [{"x": 171.0, "y": 178.0}, {"x": 215.0, "y": 178.0}, {"x": 215.0, "y": 198.0}, {"x": 171.0, "y": 198.0}]}, "description": " : ZIA"}, {"boundingPoly": {"vertices": [{"x": 37.0, "y": 192.0}, {"x": 55.0, "y": 192.0}, {"x": 55.0, "y": 198.0}, {"x": 37.0, "y": 198.0}]}, "description": "--"}, {"boundingPoly": {"vertices": [{"x": 18.0, "y": 228.0}, {"x": 62.0, "y": 228.0}, {"x": 62.0, "y": 247.0}, {"x": 18.0, "y": 247.0}]}, "description": " SEAT#"}, {"boundingPoly": {"vertices": [{"x": 70.0, "y": 222.0}, {"x": 182.0, "y": 222.0}, {"x": 182.0, "y": 246.0}, {"x": 70.0, "y": 246.0}]}, "description": " ITEMS ORDERED"}, {"boundingPoly": {"vertices": [{"x": 295.0, "y": 216.0}, {"x": 347.0, "y": 216.0}, {"x": 347.0, "y": 232.0}, {"x": 295.0, "y": 234.0}]}, "description": "AMOUNT"}, {"boundingPoly": {"vertices": [{"x": 310.0, "y": 258.0}, {"x": 344.0, "y": 258.0}, {"x": 345.0, "y": 275.0}, {"x": 310.0, "y": 276.0}]}, "description": "2.00"}, {"boundingPoly": {"vertices": [{"x": 304.0, "y": 280.0}, {"x": 344.0, "y": 279.0}, {"x": 345.0, "y": 296.0}, {"x": 304.0, "y": 297.0}]}, "description": "18.00"}, {"boundingPoly": {"vertices": [{"x": 309.0, "y": 299.0}, {"x": 343.0, "y": 300.0}, {"x": 344.0, "y": 317.0}, {"x": 310.0, "y": 317.0}]}, "description": "7.00"}, {"boundingPoly": {"vertices": [{"x": 308.0, "y": 320.0}, {"x": 343.0, "y": 320.0}, {"x": 343.0, "y": 337.0}, {"x": 308.0, "y": 337.0}]}, "description": "7.50"}, {"boundingPoly": {"vertices": [{"x": 48.0, "y": 271.0}, {"x": 49.0, "y": 287.0}, {"x": 41.0, "y": 286.0}, {"x": 41.0, "y": 270.0}]}, "description": "-"}, {"boundingPoly": {"vertices": [{"x": 72.0, "y": 270.0}, {"x": 172.0, "y": 265.0}, {"x": 173.0, "y": 282.0}, {"x": 72.0, "y": 286.0}]}, "description": "GARDEN SALAD"}, {"boundingPoly": {"vertices": [{"x": 73.0, "y": 290.0}, {"x": 205.0, "y": 285.0}, {"x": 205.0, "y": 302.0}, {"x": 74.0, "y": 308.0}]}, "description": "THE B & L BURGER"}, {"boundingPoly": {"vertices": [{"x": 72.0, "y": 310.0}, {"x": 222.0, "y": 303.0}, {"x": 223.0, "y": 321.0}, {"x": 73.0, "y": 328.0}]}, "description": "DOMAINE LAFAGE 175"}, {"boundingPoly": {"vertices": [{"x": 72.0, "y": 331.0}, {"x": 197.0, "y": 326.0}, {"x": 197.0, "y": 343.0}, {"x": 73.0, "y": 348.0}]}, "description": "LITTLE EDEN 175"}, {"boundingPoly": {"vertices": [{"x": 177.0, "y": 366.0}, {"x": 243.0, "y": 364.0}, {"x": 244.0, "y": 381.0}, {"x": 177.0, "y": 383.0}]}, "description": "SUBTOTAL"}, {"boundingPoly": {"vertices": [{"x": 390.0, "y": 308.0}, {"x": 448.0, "y": 308.0}, {"x": 448.0, "y": 337.0}, {"x": 390.0, "y": 337.0}]}, "description": "merchant name"}, {"boundingPoly": {"vertices": [{"x": 391.0, "y": 342.0}, {"x": 555.0, "y": 341.0}, {"x": 555.0, "y": 357.0}, {"x": 391.0, "y": 359.0}]}, "description": "merchant address"}, {"boundingPoly": {"vertices": [{"x": 386.0, "y": 361.0}, {"x": 448.0, "y": 361.0}, {"x": 448.0, "y": 377.0}, {"x": 387.0, "y": 377.0}]}, "description": "merchant address"}, {"boundingPoly": {"vertices": [{"x": 387.0, "y": 380.0}, {"x": 497.0, "y": 380.0}, {"x": 497.0, "y": 396.0}, {"x": 387.0, "y": 396.0}]}, "description": " M ***** 27593"}, {"boundingPoly": {"vertices": [{"x": 387.0, "y": 399.0}, {"x": 419.0, "y": 399.0}, {"x": 419.0, "y": 416.0}, {"x": 387.0, "y": 416.0}]}, "description": " AID"}, {"boundingPoly": {"vertices": [{"x": 386.0, "y": 417.0}, {"x": 539.0, "y": 417.0}, {"x": 539.0, "y": 433.0}, {"x": 386.0, "y": 434.0}]}, "description": "AMERICAN EXPRESS"}, {"boundingPoly": {"vertices": [{"x": 382.0, "y": 440.0}, {"x": 425.0, "y": 440.0}, {"x": 424.0, "y": 469.0}, {"x": 382.0, "y": 469.0}]}, "description": "AMEX"}, {"boundingPoly": {"vertices": [{"x": 453.0, "y": 307.0}, {"x": 465.0, "y": 307.0}, {"x": 465.0, "y": 336.0}, {"x": 453.0, "y": 336.0}]}, "description": "merchant name"}, {"boundingPoly": {"vertices": [{"x": 470.0, "y": 306.0}, {"x": 627.0, "y": 306.0}, {"x": 627.0, "y": 336.0}, {"x": 470.0, "y": 336.0}]}, "description": "merchant name"}, {"boundingPoly": {"vertices": [{"x": 299.0, "y": 361.0}, {"x": 342.0, "y": 360.0}, {"x": 341.0, "y": 377.0}, {"x": 299.0, "y": 378.0}]}, "description": "34.50"}, {"boundingPoly": {"vertices": [{"x": 512.0, "y": 379.0}, {"x": 623.0, "y": 379.0}, {"x": 623.0, "y": 396.0}, {"x": 512.0, "y": 396.0}]}, "description": " TID **** 1593"}, {"boundingPoly": {"vertices": [{"x": 424.0, "y": 399.0}, {"x": 599.0, "y": 399.0}, {"x": 599.0, "y": 415.0}, {"x": 424.0, "y": 415.0}]}, "description": " : A000000025010801"}, {"boundingPoly": {"vertices": [{"x": 298.0, "y": 401.0}, {"x": 340.0, "y": 401.0}, {"x": 339.0, "y": 416.0}, {"x": 298.0, "y": 417.0}]}, "description": "34.50"}, {"boundingPoly": {"vertices": [{"x": 202.0, "y": 441.0}, {"x": 242.0, "y": 441.0}, {"x": 243.0, "y": 456.0}, {"x": 202.0, "y": 456.0}]}, "description": "TOTAL"}, {"boundingPoly": {"vertices": [{"x": 296.0, "y": 438.0}, {"x": 338.0, "y": 438.0}, {"x": 338.0, "y": 452.0}, {"x": 297.0, "y": 454.0}]}, "description": "34.50"}, {"boundingPoly": {"vertices": [{"x": 27.0, "y": 484.0}, {"x": 54.0, "y": 482.0}, {"x": 54.0, "y": 494.0}, {"x": 27.0, "y": 495.0}]}, "description": "***"}, {"boundingPoly": {"vertices": [{"x": 248.0, "y": 477.0}, {"x": 337.0, "y": 475.0}, {"x": 337.0, "y": 486.0}, {"x": 248.0, "y": 489.0}]}, "description": "************"}, {"boundingPoly": {"vertices": [{"x": 440.0, "y": 475.0}, {"x": 470.0, "y": 475.0}, {"x": 470.0, "y": 487.0}, {"x": 440.0, "y": 487.0}]}, "description": " ***"}, {"boundingPoly": {"vertices": [{"x": 478.0, "y": 475.0}, {"x": 518.0, "y": 475.0}, {"x": 518.0, "y": 489.0}, {"x": 478.0, "y": 489.0}]}, "description": " *** 1"}, {"boundingPoly": {"vertices": [{"x": 513.0, "y": 494.0}, {"x": 614.0, "y": 494.0}, {"x": 614.0, "y": 511.0}, {"x": 513.0, "y": 510.0}]}, "description": "PAN.SEQ 00"}, {"boundingPoly": {"vertices": [{"x": 526.0, "y": 475.0}, {"x": 556.0, "y": 475.0}, {"x": 556.0, "y": 492.0}, {"x": 526.0, "y": 492.0}]}, "description": " 002"}, {"boundingPoly": {"vertices": [{"x": 381.0, "y": 492.0}, {"x": 410.0, "y": 492.0}, {"x": 410.0, "y": 508.0}, {"x": 381.0, "y": 508.0}]}, "description": "ICC"}, {"boundingPoly": {"vertices": [{"x": 54.0, "y": 516.0}, {"x": 176.0, "y": 514.0}, {"x": 177.0, "y": 531.0}, {"x": 54.0, "y": 534.0}]}, "description": "SUBTOTAL"}, {"boundingPoly": {"vertices": [{"x": 68.0, "y": 535.0}, {"x": 177.0, "y": 533.0}, {"x": 177.0, "y": 550.0}, {"x": 68.0, "y": 552.0}]}, "description": "SERVICE"}, {"boundingPoly": {"vertices": [{"x": 256.0, "y": 512.0}, {"x": 335.0, "y": 510.0}, {"x": 336.0, "y": 526.0}, {"x": 256.0, "y": 528.0}]}, "description": "34.50"}, {"boundingPoly": {"vertices": [{"x": 268.0, "y": 530.0}, {"x": 332.0, "y": 529.0}, {"x": 332.0, "y": 547.0}, {"x": 268.0, "y": 548.0}]}, "description": "4.31"}, {"boundingPoly": {"vertices": [{"x": 378.0, "y": 530.0}, {"x": 417.0, "y": 530.0}, {"x": 416.0, "y": 546.0}, {"x": 378.0, "y": 546.0}]}, "description": "SALE"}, {"boundingPoly": {"vertices": [{"x": 375.0, "y": 552.0}, {"x": 523.0, "y": 554.0}, {"x": 522.0, "y": 582.0}, {"x": 375.0, "y": 580.0}]}, "description": "CARDHOLDER COPY"}, {"boundingPoly": {"vertices": [{"x": 374.0, "y": 587.0}, {"x": 610.0, "y": 590.0}, {"x": 610.0, "y": 607.0}, {"x": 374.0, "y": 603.0}]}, "description": "PLEASE KEEP THIS RECEIPT"}, {"boundingPoly": {"vertices": [{"x": 410.0, "y": 606.0}, {"x": 570.0, "y": 609.0}, {"x": 569.0, "y": 626.0}, {"x": 410.0, "y": 623.0}]}, "description": "FOR YOUR RECORDS"}, {"boundingPoly": {"vertices": [{"x": 36.0, "y": 593.0}, {"x": 175.0, "y": 591.0}, {"x": 175.0, "y": 608.0}, {"x": 36.0, "y": 611.0}]}, "description": "TOTAL DUE"}, {"boundingPoly": {"vertices": [{"x": 252.0, "y": 589.0}, {"x": 330.0, "y": 588.0}, {"x": 330.0, "y": 605.0}, {"x": 252.0, "y": 606.0}]}, "description": "38.81"}, {"boundingPoly": {"vertices": [{"x": 369.0, "y": 648.0}, {"x": 432.0, "y": 648.0}, {"x": 432.0, "y": 677.0}, {"x": 369.0, "y": 677.0}]}, "description": "AMOUNT"}, {"boundingPoly": {"vertices": [{"x": 368.0, "y": 684.0}, {"x": 519.0, "y": 688.0}, {"x": 518.0, "y": 722.0}, {"x": 367.0, "y": 717.0}]}, "description": "Verified by PIN"}, {"boundingPoly": {"vertices": [{"x": 366.0, "y": 720.0}, {"x": 455.0, "y": 722.0}, {"x": 455.0, "y": 739.0}, {"x": 366.0, "y": 736.0}]}, "description": "THANK YOU"}, {"boundingPoly": {"vertices": [{"x": 367.0, "y": 739.0}, {"x": 512.0, "y": 739.0}, {"x": 512.0, "y": 760.0}, {"x": 367.0, "y": 760.0}]}, "description": " 19:46 29/10/19"}, {"boundingPoly": {"vertices": [{"x": 363.0, "y": 761.0}, {"x": 459.0, "y": 761.0}, {"x": 459.0, "y": 792.0}, {"x": 363.0, "y": 792.0}]}, "description": " AUTH CODE:"}, {"boundingPoly": {"vertices": [{"x": 155.0, "y": 669.0}, {"x": 245.0, "y": 669.0}, {"x": 245.0, "y": 686.0}, {"x": 155.0, "y": 686.0}]}, "description": "# OF GUESTS"}, {"boundingPoly": {"vertices": [{"x": 322.0, "y": 668.0}, {"x": 334.0, "y": 669.0}, {"x": 333.0, "y": 685.0}, {"x": 321.0, "y": 684.0}]}, "description": "2"}, {"boundingPoly": {"vertices": [{"x": 545.0, "y": 652.0}, {"x": 609.0, "y": 653.0}, {"x": 609.0, "y": 682.0}, {"x": 544.0, "y": 679.0}]}, "description": "\u00a340.00"}, {"boundingPoly": {"vertices": [{"x": 16.0, "y": 711.0}, {"x": 48.0, "y": 711.0}, {"x": 48.0, "y": 726.0}, {"x": 15.0, "y": 725.0}]}, "description": "RATE"}, {"boundingPoly": {"vertices": [{"x": 15.0, "y": 730.0}, {"x": 67.0, "y": 729.0}, {"x": 67.0, "y": 745.0}, {"x": 15.0, "y": 745.0}]}, "description": "20.00%"}, {"boundingPoly": {"vertices": [{"x": 132.0, "y": 709.0}, {"x": 157.0, "y": 709.0}, {"x": 156.0, "y": 724.0}, {"x": 132.0, "y": 725.0}]}, "description": "NET"}, {"boundingPoly": {"vertices": [{"x": 115.0, "y": 727.0}, {"x": 158.0, "y": 727.0}, {"x": 158.0, "y": 743.0}, {"x": 114.0, "y": 743.0}]}, "description": "28.75"}, {"boundingPoly": {"vertices": [{"x": 219.0, "y": 707.0}, {"x": 245.0, "y": 707.0}, {"x": 244.0, "y": 723.0}, {"x": 219.0, "y": 723.0}]}, "description": "TAX"}, {"boundingPoly": {"vertices": [{"x": 209.0, "y": 726.0}, {"x": 243.0, "y": 726.0}, {"x": 243.0, "y": 742.0}, {"x": 209.0, "y": 742.0}]}, "description": "5.75"}, {"boundingPoly": {"vertices": [{"x": 290.0, "y": 707.0}, {"x": 330.0, "y": 706.0}, {"x": 331.0, "y": 721.0}, {"x": 290.0, "y": 722.0}]}, "description": "GROSS"}, {"boundingPoly": {"vertices": [{"x": 288.0, "y": 726.0}, {"x": 330.0, "y": 726.0}, {"x": 329.0, "y": 741.0}, {"x": 288.0, "y": 741.0}]}, "description": "34.50"}, {"boundingPoly": {"vertices": [{"x": 538.0, "y": 767.0}, {"x": 561.0, "y": 767.0}, {"x": 559.0, "y": 792.0}, {"x": 537.0, "y": 792.0}]}, "description": "95"}, {"boundingPoly": {"vertices": [{"x": 18.0, "y": 784.0}, {"x": 327.0, "y": 784.0}, {"x": 327.0, "y": 795.0}, {"x": 18.0, "y": 795.0}]}, "description": "****************************************"}, {"boundingPoly": {"vertices": [{"x": 25.0, "y": 799.0}, {"x": 319.0, "y": 800.0}, {"x": 319.0, "y": 816.0}, {"x": 25.0, "y": 815.0}]}, "description": "A discretionary 12.5% service has been"}, {"boundingPoly": {"vertices": [{"x": 100.0, "y": 818.0}, {"x": 239.0, "y": 818.0}, {"x": 239.0, "y": 834.0}, {"x": 100.0, "y": 834.0}]}, "description": "added to your bill"}, {"boundingPoly": {"vertices": [{"x": 132.0, "y": 837.0}, {"x": 205.0, "y": 837.0}, {"x": 205.0, "y": 853.0}, {"x": 132.0, "y": 853.0}]}, "description": "THANK YOU"}, {"boundingPoly": {"vertices": [{"x": 100.0, "y": 856.0}, {"x": 224.0, "y": 856.0}, {"x": 224.0, "y": 874.0}, {"x": 100.0, "y": 873.0}]}, "description": "VAT# 178 710 582"}, {"boundingPoly": {"vertices": [{"x": 104.0, "y": 877.0}, {"x": 310.0, "y": 877.0}, {"x": 310.0, "y": 895.0}, {"x": 104.0, "y": 895.0}]}, "description": " Lobster, 29 Clarges Street"}, {"boundingPoly": {"vertices": [{"x": 36.0, "y": 877.0}, {"x": 100.0, "y": 877.0}, {"x": 100.0, "y": 894.0}, {"x": 36.0, "y": 894.0}]}, "description": " Burger &"}, {"boundingPoly": {"vertices": [{"x": 65.0, "y": 916.0}, {"x": 253.0, "y": 917.0}, {"x": 253.0, "y": 933.0}, {"x": 65.0, "y": 933.0}]}, "description": "www.burgerandlobster.com"}, {"boundingPoly": {"vertices": [{"x": 66.0, "y": 935.0}, {"x": 138.0, "y": 935.0}, {"x": 138.0, "y": 953.0}, {"x": 66.0, "y": 953.0}]}, "description": " Tweet us:"}, {"boundingPoly": {"vertices": [{"x": 34.0, "y": 953.0}, {"x": 97.0, "y": 953.0}, {"x": 97.0, "y": 971.0}, {"x": 34.0, "y": 971.0}]}, "description": " Like us:"}, {"boundingPoly": {"vertices": [{"x": 140.0, "y": 935.0}, {"x": 252.0, "y": 935.0}, {"x": 252.0, "y": 953.0}, {"x": 140.0, "y": 953.0}]}, "description": " @londonlobster"}, {"boundingPoly": {"vertices": [{"x": 101.0, "y": 954.0}, {"x": 300.0, "y": 954.0}, {"x": 300.0, "y": 973.0}, {"x": 101.0, "y": 973.0}]}, "description": " Burger and Lobster London"}]}