{"textAnnotations": [{"boundingPoly": {"vertices": [{"x": 173.0, "y": 117.0}, {"x": 426.0, "y": 118.0}, {"x": 426.0, "y": 141.0}, {"x": 173.0, "y": 141.0}]}, "description": "Thank You For Visiting the"}, {"boundingPoly": {"vertices": [{"x": 157.0, "y": 143.0}, {"x": 441.0, "y": 144.0}, {"x": 441.0, "y": 168.0}, {"x": 157.0, "y": 167.0}]}, "description": "merchant name"}, {"boundingPoly": {"vertices": [{"x": 150.0, "y": 169.0}, {"x": 449.0, "y": 169.0}, {"x": 449.0, "y": 194.0}, {"x": 150.0, "y": 193.0}]}, "description": "Nadine Varella, General Manager"}, {"boundingPoly": {"vertices": [{"x": 228.0, "y": 194.0}, {"x": 368.0, "y": 194.0}, {"x": 368.0, "y": 218.0}, {"x": 228.0, "y": 218.0}]}, "description": "merchant phone"}, {"boundingPoly": {"vertices": [{"x": 194.0, "y": 220.0}, {"x": 403.0, "y": 220.0}, {"x": 403.0, "y": 242.0}, {"x": 194.0, "y": 242.0}]}, "description": "We Love Your Feedback!"}, {"boundingPoly": {"vertices": [{"x": 191.0, "y": 244.0}, {"x": 409.0, "y": 244.0}, {"x": 409.0, "y": 267.0}, {"x": 191.0, "y": 267.0}]}, "description": "Text @LTF41042 to 73940"}, {"boundingPoly": {"vertices": [{"x": 115.0, "y": 314.0}, {"x": 292.0, "y": 314.0}, {"x": 292.0, "y": 338.0}, {"x": 115.0, "y": 339.0}]}, "description": "1.10 lb x $ 6.72/1b"}, {"boundingPoly": {"vertices": [{"x": 116.0, "y": 340.0}, {"x": 293.0, "y": 340.0}, {"x": 293.0, "y": 363.0}, {"x": 116.0, "y": 362.0}]}, "description": "Salad Bar Lunch Lg"}, {"boundingPoly": {"vertices": [{"x": 463.0, "y": 294.0}, {"x": 496.0, "y": 294.0}, {"x": 495.0, "y": 315.0}, {"x": 462.0, "y": 315.0}]}, "description": "USD"}, {"boundingPoly": {"vertices": [{"x": 454.0, "y": 340.0}, {"x": 493.0, "y": 342.0}, {"x": 492.0, "y": 362.0}, {"x": 453.0, "y": 361.0}]}, "description": "7.39"}, {"boundingPoly": {"vertices": [{"x": 325.0, "y": 382.0}, {"x": 408.0, "y": 382.0}, {"x": 408.0, "y": 398.0}, {"x": 325.0, "y": 398.0}]}, "description": "Sub Total"}, {"boundingPoly": {"vertices": [{"x": 325.0, "y": 399.0}, {"x": 420.0, "y": 399.0}, {"x": 420.0, "y": 416.0}, {"x": 325.0, "y": 416.0}]}, "description": "Tax Amount"}, {"boundingPoly": {"vertices": [{"x": 453.0, "y": 383.0}, {"x": 493.0, "y": 384.0}, {"x": 492.0, "y": 401.0}, {"x": 453.0, "y": 400.0}]}, "description": "7.39"}, {"boundingPoly": {"vertices": [{"x": 452.0, "y": 399.0}, {"x": 494.0, "y": 398.0}, {"x": 493.0, "y": 416.0}, {"x": 452.0, "y": 415.0}]}, "description": "0.52"}, {"boundingPoly": {"vertices": [{"x": 101.0, "y": 456.0}, {"x": 270.0, "y": 454.0}, {"x": 270.0, "y": 488.0}, {"x": 101.0, "y": 490.0}]}, "description": "Total USD"}, {"boundingPoly": {"vertices": [{"x": 418.0, "y": 453.0}, {"x": 494.0, "y": 453.0}, {"x": 493.0, "y": 485.0}, {"x": 417.0, "y": 485.0}]}, "description": "7.91"}, {"boundingPoly": {"vertices": [{"x": 96.0, "y": 547.0}, {"x": 301.0, "y": 546.0}, {"x": 301.0, "y": 566.0}, {"x": 96.0, "y": 567.0}]}, "description": "5009 AMERICAN EXPRESS"}, {"boundingPoly": {"vertices": [{"x": 459.0, "y": 544.0}, {"x": 500.0, "y": 543.0}, {"x": 500.0, "y": 563.0}, {"x": 460.0, "y": 564.0}]}, "description": "7.91"}, {"boundingPoly": {"vertices": [{"x": 96.0, "y": 608.0}, {"x": 124.0, "y": 608.0}, {"x": 124.0, "y": 625.0}, {"x": 96.0, "y": 625.0}]}, "description": "Tax"}, {"boundingPoly": {"vertices": [{"x": 93.0, "y": 625.0}, {"x": 163.0, "y": 624.0}, {"x": 163.0, "y": 645.0}, {"x": 93.0, "y": 645.0}]}, "description": "() 7.00"}, {"boundingPoly": {"vertices": [{"x": 249.0, "y": 607.0}, {"x": 391.0, "y": 607.0}, {"x": 391.0, "y": 625.0}, {"x": 249.0, "y": 626.0}]}, "description": "Taxable Amount"}, {"boundingPoly": {"vertices": [{"x": 346.0, "y": 626.0}, {"x": 388.0, "y": 625.0}, {"x": 388.0, "y": 643.0}, {"x": 347.0, "y": 644.0}]}, "description": "7.39"}, {"boundingPoly": {"vertices": [{"x": 402.0, "y": 605.0}, {"x": 502.0, "y": 605.0}, {"x": 502.0, "y": 623.0}, {"x": 402.0, "y": 624.0}]}, "description": "Tax Amount"}, {"boundingPoly": {"vertices": [{"x": 464.0, "y": 626.0}, {"x": 505.0, "y": 625.0}, {"x": 505.0, "y": 642.0}, {"x": 464.0, "y": 643.0}]}, "description": "0.52"}, {"boundingPoly": {"vertices": [{"x": 86.0, "y": 681.0}, {"x": 511.0, "y": 681.0}, {"x": 511.0, "y": 701.0}, {"x": 86.0, "y": 701.0}]}, "description": " 11/18/2019 12:31 PM #:55974 Op:3051 C:113"}, {"boundingPoly": {"vertices": [{"x": 85.0, "y": 699.0}, {"x": 187.0, "y": 699.0}, {"x": 187.0, "y": 718.0}, {"x": 85.0, "y": 718.0}]}, "description": " 101 S:1131"}, {"boundingPoly": {"vertices": [{"x": 81.0, "y": 721.0}, {"x": 189.0, "y": 721.0}, {"x": 189.0, "y": 744.0}, {"x": 81.0, "y": 744.0}]}, "description": " Served you"}, {"boundingPoly": {"vertices": [{"x": 193.0, "y": 720.0}, {"x": 330.0, "y": 720.0}, {"x": 330.0, "y": 744.0}, {"x": 193.0, "y": 744.0}]}, "description": " : Denise Gray"}, {"boundingPoly": {"vertices": [{"x": 174.0, "y": 819.0}, {"x": 393.0, "y": 819.0}, {"x": 393.0, "y": 841.0}, {"x": 175.0, "y": 842.0}]}, "description": "*** Customer copy ***"}, {"boundingPoly": {"vertices": [{"x": 195.0, "y": 868.0}, {"x": 383.0, "y": 866.0}, {"x": 384.0, "y": 889.0}, {"x": 195.0, "y": 891.0}]}, "description": "AMEX Sunrise 937-5"}, {"boundingPoly": {"vertices": [{"x": 89.0, "y": 895.0}, {"x": 475.0, "y": 891.0}, {"x": 476.0, "y": 914.0}, {"x": 89.0, "y": 918.0}]}, "description": "I agree to pay the above total amount"}, {"boundingPoly": {"vertices": [{"x": 161.0, "y": 920.0}, {"x": 414.0, "y": 916.0}, {"x": 414.0, "y": 938.0}, {"x": 161.0, "y": 942.0}]}, "description": "according to card issuer"}, {"boundingPoly": {"vertices": [{"x": 75.0, "y": 946.0}, {"x": 488.0, "y": 939.0}, {"x": 488.0, "y": 961.0}, {"x": 75.0, "y": 968.0}]}, "description": "agreement. (Merchant agreement if Credit"}, {"boundingPoly": {"vertices": [{"x": 107.0, "y": 968.0}, {"x": 457.0, "y": 965.0}, {"x": 457.0, "y": 988.0}, {"x": 107.0, "y": 992.0}]}, "description": "Voucher)Retain this copy for your"}, {"boundingPoly": {"vertices": [{"x": 247.0, "y": 993.0}, {"x": 331.0, "y": 992.0}, {"x": 332.0, "y": 1012.0}, {"x": 247.0, "y": 1013.0}]}, "description": "records."}, {"boundingPoly": {"vertices": [{"x": 67.0, "y": 1041.0}, {"x": 279.0, "y": 1037.0}, {"x": 279.0, "y": 1060.0}, {"x": 68.0, "y": 1064.0}]}, "description": "PURCHASE / APPROVED"}, {"boundingPoly": {"vertices": [{"x": 65.0, "y": 1067.0}, {"x": 243.0, "y": 1062.0}, {"x": 244.0, "y": 1083.0}, {"x": 65.0, "y": 1088.0}]}, "description": "AMERICAN EXPRESS"}, {"boundingPoly": {"vertices": [{"x": 61.0, "y": 1089.0}, {"x": 233.0, "y": 1086.0}, {"x": 233.0, "y": 1107.0}, {"x": 61.0, "y": 1109.0}]}, "description": "*********** 1009"}, {"boundingPoly": {"vertices": [{"x": 56.0, "y": 1112.0}, {"x": 186.0, "y": 1110.0}, {"x": 187.0, "y": 1131.0}, {"x": 56.0, "y": 1134.0}]}, "description": "CHIP READ /"}, {"boundingPoly": {"vertices": [{"x": 52.0, "y": 1153.0}, {"x": 276.0, "y": 1153.0}, {"x": 276.0, "y": 1185.0}, {"x": 52.0, "y": 1185.0}]}, "description": " 2019/11/18 12:32:06"}, {"boundingPoly": {"vertices": [{"x": 56.0, "y": 1187.0}, {"x": 92.0, "y": 1186.0}, {"x": 92.0, "y": 1209.0}, {"x": 56.0, "y": 1210.0}]}, "description": "TID"}, {"boundingPoly": {"vertices": [{"x": 57.0, "y": 1216.0}, {"x": 92.0, "y": 1213.0}, {"x": 92.0, "y": 1236.0}, {"x": 57.0, "y": 1238.0}]}, "description": "MID"}, {"boundingPoly": {"vertices": [{"x": 57.0, "y": 1242.0}, {"x": 165.0, "y": 1239.0}, {"x": 165.0, "y": 1263.0}, {"x": 57.0, "y": 1267.0}]}, "description": "REFERENCE"}, {"boundingPoly": {"vertices": [{"x": 60.0, "y": 1271.0}, {"x": 166.0, "y": 1266.0}, {"x": 167.0, "y": 1291.0}, {"x": 60.0, "y": 1296.0}]}, "description": "AUTH CODE"}, {"boundingPoly": {"vertices": [{"x": 425.0, "y": 1173.0}, {"x": 521.0, "y": 1170.0}, {"x": 522.0, "y": 1193.0}, {"x": 425.0, "y": 1195.0}]}, "description": "**** 5737"}, {"boundingPoly": {"vertices": [{"x": 437.0, "y": 1199.0}, {"x": 521.0, "y": 1198.0}, {"x": 521.0, "y": 1221.0}, {"x": 438.0, "y": 1223.0}]}, "description": "6634461"}, {"boundingPoly": {"vertices": [{"x": 229.0, "y": 1234.0}, {"x": 523.0, "y": 1224.0}, {"x": 524.0, "y": 1250.0}, {"x": 230.0, "y": 1261.0}]}, "description": "S1131T113101#55974@634718"}, {"boundingPoly": {"vertices": [{"x": 452.0, "y": 1256.0}, {"x": 523.0, "y": 1254.0}, {"x": 524.0, "y": 1277.0}, {"x": 453.0, "y": 1280.0}]}, "description": "869405"}, {"boundingPoly": {"vertices": [{"x": 60.0, "y": 1329.0}, {"x": 118.0, "y": 1327.0}, {"x": 118.0, "y": 1352.0}, {"x": 61.0, "y": 1355.0}]}, "description": "TOTAL"}, {"boundingPoly": {"vertices": [{"x": 442.0, "y": 1314.0}, {"x": 526.0, "y": 1311.0}, {"x": 527.0, "y": 1337.0}, {"x": 443.0, "y": 1340.0}]}, "description": "USD7.91"}, {"boundingPoly": {"vertices": [{"x": 58.0, "y": 1388.0}, {"x": 110.0, "y": 1388.0}, {"x": 110.0, "y": 1416.0}, {"x": 58.0, "y": 1416.0}]}, "description": " ARC:"}, {"boundingPoly": {"vertices": [{"x": 59.0, "y": 1418.0}, {"x": 109.0, "y": 1418.0}, {"x": 109.0, "y": 1447.0}, {"x": 59.0, "y": 1447.0}]}, "description": " TSI:"}, {"boundingPoly": {"vertices": [{"x": 58.0, "y": 1449.0}, {"x": 110.0, "y": 1449.0}, {"x": 110.0, "y": 1478.0}, {"x": 58.0, "y": 1478.0}]}, "description": " IAD:"}, {"boundingPoly": {"vertices": [{"x": 57.0, "y": 1481.0}, {"x": 109.0, "y": 1481.0}, {"x": 109.0, "y": 1510.0}, {"x": 57.0, "y": 1510.0}]}, "description": " TVR:"}, {"boundingPoly": {"vertices": [{"x": 56.0, "y": 1513.0}, {"x": 110.0, "y": 1513.0}, {"x": 110.0, "y": 1543.0}, {"x": 56.0, "y": 1543.0}]}, "description": " AID:"}, {"boundingPoly": {"vertices": [{"x": 53.0, "y": 1543.0}, {"x": 193.0, "y": 1543.0}, {"x": 193.0, "y": 1576.0}, {"x": 53.0, "y": 1576.0}]}, "description": " PAN Seq No:"}, {"boundingPoly": {"vertices": [{"x": 114.0, "y": 1386.0}, {"x": 146.0, "y": 1386.0}, {"x": 146.0, "y": 1414.0}, {"x": 114.0, "y": 1414.0}]}, "description": " 00"}, {"boundingPoly": {"vertices": [{"x": 114.0, "y": 1416.0}, {"x": 167.0, "y": 1416.0}, {"x": 167.0, "y": 1445.0}, {"x": 114.0, "y": 1445.0}]}, "description": " F800"}, {"boundingPoly": {"vertices": [{"x": 115.0, "y": 1442.0}, {"x": 286.0, "y": 1442.0}, {"x": 286.0, "y": 1476.0}, {"x": 115.0, "y": 1476.0}]}, "description": " 066D0103602002"}, {"boundingPoly": {"vertices": [{"x": 113.0, "y": 1476.0}, {"x": 240.0, "y": 1476.0}, {"x": 240.0, "y": 1508.0}, {"x": 113.0, "y": 1508.0}]}, "description": " 0000008000"}, {"boundingPoly": {"vertices": [{"x": 113.0, "y": 1505.0}, {"x": 311.0, "y": 1505.0}, {"x": 311.0, "y": 1540.0}, {"x": 113.0, "y": 1540.0}]}, "description": " A000000025010801"}, {"boundingPoly": {"vertices": [{"x": 197.0, "y": 1541.0}, {"x": 228.0, "y": 1541.0}, {"x": 228.0, "y": 1571.0}, {"x": 197.0, "y": 1571.0}]}, "description": " 00"}]}