{"textAnnotations": [{"boundingPoly": {"vertices": [{"x": 522.0, "y": 337.0}, {"x": 916.0, "y": 312.0}, {"x": 918.0, "y": 342.0}, {"x": 523.0, "y": 367.0}]}, "description": "merchant name"}, {"boundingPoly": {"vertices": [{"x": 586.0, "y": 363.0}, {"x": 873.0, "y": 351.0}, {"x": 875.0, "y": 379.0}, {"x": 587.0, "y": 391.0}]}, "description": "merchant address"}, {"boundingPoly": {"vertices": [{"x": 721.0, "y": 489.0}, {"x": 1132.0, "y": 492.0}, {"x": 1132.0, "y": 527.0}, {"x": 721.0, "y": 524.0}]}, "description": "merchant name"}, {"boundingPoly": {"vertices": [{"x": 790.0, "y": 533.0}, {"x": 1082.0, "y": 535.0}, {"x": 1082.0, "y": 570.0}, {"x": 790.0, "y": 567.0}]}, "description": "merchant address"}, {"boundingPoly": {"vertices": [{"x": 1002.0, "y": 577.0}, {"x": 1099.0, "y": 577.0}, {"x": 1099.0, "y": 617.0}, {"x": 1002.0, "y": 617.0}]}, "description": "merchant address"}, {"boundingPoly": {"vertices": [{"x": 791.0, "y": 626.0}, {"x": 1063.0, "y": 625.0}, {"x": 1063.0, "y": 663.0}, {"x": 791.0, "y": 665.0}]}, "description": "merchant phone"}, {"boundingPoly": {"vertices": [{"x": 774.0, "y": 579.0}, {"x": 987.0, "y": 579.0}, {"x": 987.0, "y": 617.0}, {"x": 774.0, "y": 617.0}]}, "description": "merchant address"}, {"boundingPoly": {"vertices": [{"x": 775.0, "y": 778.0}, {"x": 1086.0, "y": 778.0}, {"x": 1086.0, "y": 813.0}, {"x": 775.0, "y": 814.0}]}, "description": "www.valleluna.com"}, {"boundingPoly": {"vertices": [{"x": 695.0, "y": 871.0}, {"x": 929.0, "y": 871.0}, {"x": 929.0, "y": 914.0}, {"x": 695.0, "y": 914.0}]}, "description": " R8:2 - TABLE:"}, {"boundingPoly": {"vertices": [{"x": 836.0, "y": 926.0}, {"x": 967.0, "y": 926.0}, {"x": 967.0, "y": 964.0}, {"x": 836.0, "y": 964.0}]}, "description": " Server:"}, {"boundingPoly": {"vertices": [{"x": 768.0, "y": 974.0}, {"x": 1129.0, "y": 974.0}, {"x": 1129.0, "y": 1018.0}, {"x": 768.0, "y": 1018.0}]}, "description": " 11/1/2019 1:30:23 PM"}, {"boundingPoly": {"vertices": [{"x": 977.0, "y": 1023.0}, {"x": 1112.0, "y": 1023.0}, {"x": 1112.0, "y": 1065.0}, {"x": 977.0, "y": 1065.0}]}, "description": " 0000083"}, {"boundingPoly": {"vertices": [{"x": 925.0, "y": 1074.0}, {"x": 1060.0, "y": 1074.0}, {"x": 1060.0, "y": 1115.0}, {"x": 925.0, "y": 1115.0}]}, "description": " 0883793"}, {"boundingPoly": {"vertices": [{"x": 841.0, "y": 1124.0}, {"x": 988.0, "y": 1126.0}, {"x": 988.0, "y": 1165.0}, {"x": 840.0, "y": 1163.0}]}, "description": "Subtotal"}, {"boundingPoly": {"vertices": [{"x": 848.0, "y": 1174.0}, {"x": 943.0, "y": 1174.0}, {"x": 943.0, "y": 1214.0}, {"x": 848.0, "y": 1214.0}]}, "description": " Total"}, {"boundingPoly": {"vertices": [{"x": 936.0, "y": 871.0}, {"x": 1194.0, "y": 871.0}, {"x": 1194.0, "y": 915.0}, {"x": 936.0, "y": 915.0}]}, "description": " R8 - 20 Guests"}, {"boundingPoly": {"vertices": [{"x": 973.0, "y": 925.0}, {"x": 1032.0, "y": 925.0}, {"x": 1032.0, "y": 964.0}, {"x": 973.0, "y": 964.0}]}, "description": " Oli"}, {"boundingPoly": {"vertices": [{"x": 770.0, "y": 1026.0}, {"x": 970.0, "y": 1026.0}, {"x": 970.0, "y": 1068.0}, {"x": 770.0, "y": 1068.0}]}, "description": " Sequence #:"}, {"boundingPoly": {"vertices": [{"x": 826.0, "y": 1075.0}, {"x": 919.0, "y": 1075.0}, {"x": 919.0, "y": 1117.0}, {"x": 826.0, "y": 1117.0}]}, "description": " ID #:"}, {"boundingPoly": {"vertices": [{"x": 1227.0, "y": 1122.0}, {"x": 1352.0, "y": 1122.0}, {"x": 1352.0, "y": 1162.0}, {"x": 1227.0, "y": 1163.0}]}, "description": "$331.65"}, {"boundingPoly": {"vertices": [{"x": 1246.0, "y": 1173.0}, {"x": 1352.0, "y": 1171.0}, {"x": 1350.0, "y": 1210.0}, {"x": 1246.0, "y": 1212.0}]}, "description": "$28.52"}, {"boundingPoly": {"vertices": [{"x": 949.0, "y": 1177.0}, {"x": 1043.0, "y": 1177.0}, {"x": 1043.0, "y": 1214.0}, {"x": 949.0, "y": 1214.0}]}, "description": " Taxes"}, {"boundingPoly": {"vertices": [{"x": 850.0, "y": 1274.0}, {"x": 1040.0, "y": 1273.0}, {"x": 1041.0, "y": 1310.0}, {"x": 850.0, "y": 1312.0}]}, "description": "Grand Total"}, {"boundingPoly": {"vertices": [{"x": 848.0, "y": 1327.0}, {"x": 1044.0, "y": 1327.0}, {"x": 1044.0, "y": 1391.0}, {"x": 848.0, "y": 1391.0}]}, "description": " Amount Due:"}, {"boundingPoly": {"vertices": [{"x": 896.0, "y": 1489.0}, {"x": 973.0, "y": 1489.0}, {"x": 973.0, "y": 1525.0}, {"x": 896.0, "y": 1525.0}]}, "description": " : Amex"}, {"boundingPoly": {"vertices": [{"x": 896.0, "y": 1533.0}, {"x": 1245.0, "y": 1533.0}, {"x": 1245.0, "y": 1574.0}, {"x": 896.0, "y": 1574.0}]}, "description": " : xxxx xxxx xxxx 1008"}, {"boundingPoly": {"vertices": [{"x": 896.0, "y": 1583.0}, {"x": 1195.0, "y": 1583.0}, {"x": 1195.0, "y": 1624.0}, {"x": 896.0, "y": 1624.0}]}, "description": " : 1008hp7edec3506n"}, {"boundingPoly": {"vertices": [{"x": 896.0, "y": 1631.0}, {"x": 1018.0, "y": 1631.0}, {"x": 1018.0, "y": 1671.0}, {"x": 896.0, "y": 1671.0}]}, "description": " : 898376"}, {"boundingPoly": {"vertices": [{"x": 898.0, "y": 1682.0}, {"x": 964.0, "y": 1682.0}, {"x": 964.0, "y": 1723.0}, {"x": 898.0, "y": 1723.0}]}, "description": " : 011"}, {"boundingPoly": {"vertices": [{"x": 896.0, "y": 1729.0}, {"x": 953.0, "y": 1729.0}, {"x": 953.0, "y": 1769.0}, {"x": 896.0, "y": 1769.0}]}, "description": " : R8:"}, {"boundingPoly": {"vertices": [{"x": 1230.0, "y": 1268.0}, {"x": 1349.0, "y": 1268.0}, {"x": 1350.0, "y": 1308.0}, {"x": 1230.0, "y": 1309.0}]}, "description": "$360.17"}, {"boundingPoly": {"vertices": [{"x": 1230.0, "y": 1324.0}, {"x": 1362.0, "y": 1320.0}, {"x": 1365.0, "y": 1387.0}, {"x": 1233.0, "y": 1388.0}]}, "description": "$180.08"}, {"boundingPoly": {"vertices": [{"x": 550.0, "y": 1395.0}, {"x": 821.0, "y": 1394.0}, {"x": 821.0, "y": 1431.0}, {"x": 550.0, "y": 1432.0}]}, "description": "Credit Purchase"}, {"boundingPoly": {"vertices": [{"x": 552.0, "y": 1444.0}, {"x": 617.0, "y": 1446.0}, {"x": 615.0, "y": 1483.0}, {"x": 550.0, "y": 1481.0}]}, "description": "Name"}, {"boundingPoly": {"vertices": [{"x": 549.0, "y": 1494.0}, {"x": 691.0, "y": 1494.0}, {"x": 692.0, "y": 1531.0}, {"x": 549.0, "y": 1531.0}]}, "description": "CC Type"}, {"boundingPoly": {"vertices": [{"x": 554.0, "y": 1542.0}, {"x": 666.0, "y": 1541.0}, {"x": 666.0, "y": 1578.0}, {"x": 554.0, "y": 1579.0}]}, "description": "CC Num"}, {"boundingPoly": {"vertices": [{"x": 546.0, "y": 1592.0}, {"x": 723.0, "y": 1592.0}, {"x": 723.0, "y": 1629.0}, {"x": 546.0, "y": 1629.0}]}, "description": "Reference"}, {"boundingPoly": {"vertices": [{"x": 538.0, "y": 1642.0}, {"x": 699.0, "y": 1639.0}, {"x": 700.0, "y": 1678.0}, {"x": 538.0, "y": 1680.0}]}, "description": "Approval"}, {"boundingPoly": {"vertices": [{"x": 549.0, "y": 1692.0}, {"x": 667.0, "y": 1693.0}, {"x": 667.0, "y": 1728.0}, {"x": 549.0, "y": 1727.0}]}, "description": "Server"}, {"boundingPoly": {"vertices": [{"x": 553.0, "y": 1740.0}, {"x": 757.0, "y": 1736.0}, {"x": 757.0, "y": 1775.0}, {"x": 553.0, "y": 1778.0}]}, "description": "Ticket Name"}, {"boundingPoly": {"vertices": [{"x": 450.0, "y": 1618.0}, {"x": 546.0, "y": 1611.0}, {"x": 548.0, "y": 1647.0}, {"x": 453.0, "y": 1651.0}]}, "description": "Cred"}, {"boundingPoly": {"vertices": [{"x": 456.0, "y": 1670.0}, {"x": 529.0, "y": 1665.0}, {"x": 531.0, "y": 1698.0}, {"x": 459.0, "y": 1703.0}]}, "description": "Name"}, {"boundingPoly": {"vertices": [{"x": 457.0, "y": 1721.0}, {"x": 504.0, "y": 1721.0}, {"x": 506.0, "y": 1753.0}, {"x": 459.0, "y": 1753.0}]}, "description": "CC"}, {"boundingPoly": {"vertices": [{"x": 460.0, "y": 1762.0}, {"x": 508.0, "y": 1763.0}, {"x": 507.0, "y": 1797.0}, {"x": 459.0, "y": 1796.0}]}, "description": "CC"}, {"boundingPoly": {"vertices": [{"x": 466.0, "y": 1810.0}, {"x": 528.0, "y": 1811.0}, {"x": 525.0, "y": 1852.0}, {"x": 463.0, "y": 1851.0}]}, "description": "Ref"}, {"boundingPoly": {"vertices": [{"x": 469.0, "y": 1865.0}, {"x": 525.0, "y": 1865.0}, {"x": 523.0, "y": 1906.0}, {"x": 467.0, "y": 1907.0}]}, "description": "APF"}, {"boundingPoly": {"vertices": [{"x": 470.0, "y": 1918.0}, {"x": 518.0, "y": 1917.0}, {"x": 519.0, "y": 1949.0}, {"x": 470.0, "y": 1950.0}]}, "description": "Se"}, {"boundingPoly": {"vertices": [{"x": 476.0, "y": 1964.0}, {"x": 513.0, "y": 1960.0}, {"x": 514.0, "y": 1995.0}, {"x": 477.0, "y": 1999.0}]}, "description": "Ti"}, {"boundingPoly": {"vertices": [{"x": 961.0, "y": 1729.0}, {"x": 987.0, "y": 1729.0}, {"x": 987.0, "y": 1768.0}, {"x": 961.0, "y": 1768.0}]}, "description": " 2"}, {"boundingPoly": {"vertices": [{"x": 834.0, "y": 1828.0}, {"x": 1104.0, "y": 1828.0}, {"x": 1104.0, "y": 1871.0}, {"x": 834.0, "y": 1871.0}]}, "description": " Payment Amount:"}, {"boundingPoly": {"vertices": [{"x": 1242.0, "y": 1824.0}, {"x": 1372.0, "y": 1821.0}, {"x": 1373.0, "y": 1861.0}, {"x": 1242.0, "y": 1864.0}]}, "description": "$180.09"}, {"boundingPoly": {"vertices": [{"x": 858.0, "y": 1932.0}, {"x": 932.0, "y": 1932.0}, {"x": 932.0, "y": 1974.0}, {"x": 858.0, "y": 1974.0}]}, "description": " Tip:"}, {"boundingPoly": {"vertices": [{"x": 1160.0, "y": 1982.0}, {"x": 1394.0, "y": 1953.0}, {"x": 1401.0, "y": 2073.0}, {"x": 1180.0, "y": 2104.0}]}, "description": "180.09"}, {"boundingPoly": {"vertices": [{"x": 860.0, "y": 2034.0}, {"x": 964.0, "y": 2034.0}, {"x": 964.0, "y": 2076.0}, {"x": 860.0, "y": 2076.0}]}, "description": " Total:"}, {"boundingPoly": {"vertices": [{"x": 536.0, "y": 2212.0}, {"x": 560.0, "y": 2213.0}, {"x": 558.0, "y": 2243.0}, {"x": 533.0, "y": 2243.0}]}, "description": "X"}, {"boundingPoly": {"vertices": [{"x": 521.0, "y": 2311.0}, {"x": 611.0, "y": 2311.0}, {"x": 611.0, "y": 2355.0}, {"x": 521.0, "y": 2355.0}]}, "description": " AID:"}, {"boundingPoly": {"vertices": [{"x": 618.0, "y": 2300.0}, {"x": 934.0, "y": 2300.0}, {"x": 934.0, "y": 2352.0}, {"x": 618.0, "y": 2352.0}]}, "description": " A000000025010801"}, {"boundingPoly": {"vertices": [{"x": 517.0, "y": 2422.0}, {"x": 783.0, "y": 2415.0}, {"x": 784.0, "y": 2461.0}, {"x": 517.0, "y": 2469.0}]}, "description": "CUSTOMER COPY"}, {"boundingPoly": {"vertices": [{"x": 517.0, "y": 2481.0}, {"x": 1253.0, "y": 2461.0}, {"x": 1254.0, "y": 2507.0}, {"x": 517.0, "y": 2530.0}]}, "description": "I agree to pay the amount shown above."}, {"boundingPoly": {"vertices": [{"x": 736.0, "y": 2590.0}, {"x": 1189.0, "y": 2575.0}, {"x": 1191.0, "y": 2622.0}, {"x": 736.0, "y": 2638.0}]}, "description": "Thank you for visiting!"}, {"boundingPoly": {"vertices": [{"x": 809.0, "y": 2649.0}, {"x": 1111.0, "y": 2636.0}, {"x": 1112.0, "y": 2680.0}, {"x": 810.0, "y": 2694.0}]}, "description": "Come back soon!"}, {"boundingPoly": {"vertices": [{"x": 1210.0, "y": 2696.0}, {"x": 1416.0, "y": 2690.0}, {"x": 1417.0, "y": 2724.0}, {"x": 1211.0, "y": 2731.0}]}, "description": "==========="}]}