{"textAnnotations": [{"boundingPoly": {"vertices": [{"x": 778.0, "y": 167.0}, {"x": 1308.0, "y": 174.0}, {"x": 1307.0, "y": 229.0}, {"x": 778.0, "y": 225.0}]}, "description": "merchant name"}, {"boundingPoly": {"vertices": [{"x": 898.0, "y": 271.0}, {"x": 1330.0, "y": 278.0}, {"x": 1329.0, "y": 327.0}, {"x": 897.0, "y": 320.0}]}, "description": "merchant address"}, {"boundingPoly": {"vertices": [{"x": 878.0, "y": 326.0}, {"x": 1377.0, "y": 326.0}, {"x": 1377.0, "y": 377.0}, {"x": 878.0, "y": 377.0}]}, "description": "merchant address"}, {"boundingPoly": {"vertices": [{"x": 1056.0, "y": 224.0}, {"x": 1166.0, "y": 227.0}, {"x": 1164.0, "y": 269.0}, {"x": 1054.0, "y": 265.0}]}, "description": "merchant address"}, {"boundingPoly": {"vertices": [{"x": 920.0, "y": 471.0}, {"x": 1309.0, "y": 471.0}, {"x": 1309.0, "y": 549.0}, {"x": 920.0, "y": 549.0}]}, "description": "ORDER 52"}, {"boundingPoly": {"vertices": [{"x": 922.0, "y": 596.0}, {"x": 1214.0, "y": 604.0}, {"x": 1212.0, "y": 656.0}, {"x": 920.0, "y": 646.0}]}, "description": "EAT IN"}, {"boundingPoly": {"vertices": [{"x": 1596.0, "y": 530.0}, {"x": 1598.0, "y": 217.0}, {"x": 1644.0, "y": 217.0}, {"x": 1641.0, "y": 530.0}]}, "description": "FREE' WHOPPER'!"}, {"boundingPoly": {"vertices": [{"x": 1511.0, "y": 696.0}, {"x": 1635.0, "y": 698.0}, {"x": 1636.0, "y": 742.0}, {"x": 1512.0, "y": 739.0}]}, "description": "2.69am"}, {"boundingPoly": {"vertices": [{"x": 609.0, "y": 678.0}, {"x": 655.0, "y": 678.0}, {"x": 655.0, "y": 726.0}, {"x": 609.0, "y": 726.0}]}, "description": " 1"}, {"boundingPoly": {"vertices": [{"x": 587.0, "y": 730.0}, {"x": 1628.0, "y": 745.0}, {"x": 1627.0, "y": 790.0}, {"x": 587.0, "y": 781.0}]}, "description": "********************************************"}, {"boundingPoly": {"vertices": [{"x": 830.0, "y": 832.0}, {"x": 1416.0, "y": 842.0}, {"x": 1415.0, "y": 895.0}, {"x": 829.0, "y": 889.0}]}, "description": "Original Chicken Sandwich"}, {"boundingPoly": {"vertices": [{"x": 680.0, "y": 681.0}, {"x": 825.0, "y": 681.0}, {"x": 825.0, "y": 731.0}, {"x": 680.0, "y": 731.0}]}, "description": " SM FRY"}, {"boundingPoly": {"vertices": [{"x": 832.0, "y": 782.0}, {"x": 1401.0, "y": 798.0}, {"x": 1399.0, "y": 845.0}, {"x": 831.0, "y": 834.0}]}, "description": "Free WHOPPER Sandwich or"}, {"boundingPoly": {"vertices": [{"x": 917.0, "y": 885.0}, {"x": 1327.0, "y": 890.0}, {"x": 1327.0, "y": 943.0}, {"x": 917.0, "y": 939.0}]}, "description": "Purchase required"}, {"boundingPoly": {"vertices": [{"x": 655.0, "y": 980.0}, {"x": 936.0, "y": 980.0}, {"x": 936.0, "y": 1071.0}, {"x": 655.0, "y": 1071.0}]}, "description": " Survey Code:"}, {"boundingPoly": {"vertices": [{"x": 612.0, "y": 1122.0}, {"x": 1634.0, "y": 1122.0}, {"x": 1634.0, "y": 1175.0}, {"x": 612.0, "y": 1175.0}]}, "description": " www.mybkexperience.com (English or Espanol):"}, {"boundingPoly": {"vertices": [{"x": 1592.0, "y": 973.0}, {"x": 1598.0, "y": 702.0}, {"x": 1640.0, "y": 703.0}, {"x": 1634.0, "y": 974.0}]}, "description": "TURN ME OVER"}, {"boundingPoly": {"vertices": [{"x": 1585.0, "y": 1425.0}, {"x": 1585.0, "y": 1115.0}, {"x": 1625.0, "y": 1115.0}, {"x": 1625.0, "y": 1425.0}]}, "description": "FREE WHOPPER'!"}, {"boundingPoly": {"vertices": [{"x": 1497.0, "y": 1449.0}, {"x": 1605.0, "y": 1448.0}, {"x": 1602.0, "y": 1488.0}, {"x": 1496.0, "y": 1489.0}]}, "description": "2.87"}, {"boundingPoly": {"vertices": [{"x": 1499.0, "y": 1491.0}, {"x": 1629.0, "y": 1489.0}, {"x": 1629.0, "y": 1537.0}, {"x": 1501.0, "y": 1538.0}]}, "description": "0.008"}, {"boundingPoly": {"vertices": [{"x": 952.0, "y": 983.0}, {"x": 1538.0, "y": 983.0}, {"x": 1538.0, "y": 1071.0}, {"x": 952.0, "y": 1071.0}]}, "description": " 54571-92001-17217-190948"}, {"boundingPoly": {"vertices": [{"x": 586.0, "y": 1168.0}, {"x": 1615.0, "y": 1168.0}, {"x": 1615.0, "y": 1209.0}, {"x": 586.0, "y": 1209.0}]}, "description": "********************************************"}, {"boundingPoly": {"vertices": [{"x": 995.0, "y": 1264.0}, {"x": 1176.0, "y": 1264.0}, {"x": 1176.0, "y": 1310.0}, {"x": 994.0, "y": 1309.0}]}, "description": "SUBTOTAL"}, {"boundingPoly": {"vertices": [{"x": 989.0, "y": 1308.0}, {"x": 1255.0, "y": 1308.0}, {"x": 1255.0, "y": 1357.0}, {"x": 989.0, "y": 1357.0}]}, "description": "NJ 2018 TAX"}, {"boundingPoly": {"vertices": [{"x": 1495.0, "y": 1262.0}, {"x": 1604.0, "y": 1258.0}, {"x": 1604.0, "y": 1302.0}, {"x": 1496.0, "y": 1304.0}]}, "description": "2.69"}, {"boundingPoly": {"vertices": [{"x": 1499.0, "y": 1304.0}, {"x": 1599.0, "y": 1304.0}, {"x": 1599.0, "y": 1350.0}, {"x": 1499.0, "y": 1351.0}]}, "description": "0.18"}, {"boundingPoly": {"vertices": [{"x": 1367.0, "y": 1367.0}, {"x": 1430.0, "y": 1367.0}, {"x": 1429.0, "y": 1391.0}, {"x": 1366.0, "y": 1391.0}]}, "description": "==="}, {"boundingPoly": {"vertices": [{"x": 995.0, "y": 1404.0}, {"x": 1105.0, "y": 1405.0}, {"x": 1105.0, "y": 1448.0}, {"x": 996.0, "y": 1448.0}]}, "description": "TOTAL"}, {"boundingPoly": {"vertices": [{"x": 990.0, "y": 1451.0}, {"x": 1255.0, "y": 1449.0}, {"x": 1255.0, "y": 1494.0}, {"x": 990.0, "y": 1496.0}]}, "description": "CREDIT CARD"}, {"boundingPoly": {"vertices": [{"x": 996.0, "y": 1497.0}, {"x": 1139.0, "y": 1497.0}, {"x": 1139.0, "y": 1540.0}, {"x": 996.0, "y": 1542.0}]}, "description": "CHANGE"}, {"boundingPoly": {"vertices": [{"x": 1502.0, "y": 1405.0}, {"x": 1590.0, "y": 1406.0}, {"x": 1587.0, "y": 1448.0}, {"x": 1501.0, "y": 1448.0}]}, "description": "2.87"}, {"boundingPoly": {"vertices": [{"x": 588.0, "y": 1695.0}, {"x": 1640.0, "y": 1691.0}, {"x": 1641.0, "y": 1725.0}, {"x": 588.0, "y": 1731.0}]}, "description": "********************************************"}, {"boundingPoly": {"vertices": [{"x": 592.0, "y": 1736.0}, {"x": 1161.0, "y": 1730.0}, {"x": 1162.0, "y": 1780.0}, {"x": 593.0, "y": 1787.0}]}, "description": "TOTAL CHARGE"}, {"boundingPoly": {"vertices": [{"x": 1437.0, "y": 1730.0}, {"x": 1601.0, "y": 1730.0}, {"x": 1602.0, "y": 1779.0}, {"x": 1437.0, "y": 1780.0}]}, "description": "2.8"}, {"boundingPoly": {"vertices": [{"x": 591.0, "y": 1835.0}, {"x": 784.0, "y": 1830.0}, {"x": 786.0, "y": 1878.0}, {"x": 592.0, "y": 1884.0}]}, "description": "AMEX"}, {"boundingPoly": {"vertices": [{"x": 637.0, "y": 1885.0}, {"x": 838.0, "y": 1885.0}, {"x": 838.0, "y": 1932.0}, {"x": 637.0, "y": 1932.0}]}, "description": " AcctNum:"}, {"boundingPoly": {"vertices": [{"x": 708.0, "y": 1932.0}, {"x": 841.0, "y": 1932.0}, {"x": 841.0, "y": 1977.0}, {"x": 708.0, "y": 1977.0}]}, "description": " Auth:"}, {"boundingPoly": {"vertices": [{"x": 712.0, "y": 1979.0}, {"x": 834.0, "y": 1979.0}, {"x": 834.0, "y": 2031.0}, {"x": 712.0, "y": 2031.0}]}, "description": " Type:"}, {"boundingPoly": {"vertices": [{"x": 1601.0, "y": 1860.0}, {"x": 1593.0, "y": 1598.0}, {"x": 1635.0, "y": 1598.0}, {"x": 1643.0, "y": 1859.0}]}, "description": "TURN ME OVER"}, {"boundingPoly": {"vertices": [{"x": 1605.0, "y": 2339.0}, {"x": 1600.0, "y": 2028.0}, {"x": 1645.0, "y": 2028.0}, {"x": 1650.0, "y": 2339.0}]}, "description": "FREE WHOPPER'!"}, {"boundingPoly": {"vertices": [{"x": 1640.0, "y": 2797.0}, {"x": 1625.0, "y": 2513.0}, {"x": 1672.0, "y": 2510.0}, {"x": 1689.0, "y": 2794.0}]}, "description": "TURN ME OVER"}, {"boundingPoly": {"vertices": [{"x": 847.0, "y": 1878.0}, {"x": 1214.0, "y": 1878.0}, {"x": 1214.0, "y": 1927.0}, {"x": 847.0, "y": 1927.0}]}, "description": " *********** 1000"}, {"boundingPoly": {"vertices": [{"x": 849.0, "y": 1929.0}, {"x": 1003.0, "y": 1929.0}, {"x": 1003.0, "y": 1976.0}, {"x": 849.0, "y": 1976.0}]}, "description": " 829029"}, {"boundingPoly": {"vertices": [{"x": 844.0, "y": 1974.0}, {"x": 1010.0, "y": 1974.0}, {"x": 1010.0, "y": 2027.0}, {"x": 844.0, "y": 2027.0}]}, "description": " CREDIT"}, {"boundingPoly": {"vertices": [{"x": 633.0, "y": 2028.0}, {"x": 840.0, "y": 2028.0}, {"x": 840.0, "y": 2079.0}, {"x": 633.0, "y": 2079.0}]}, "description": " CTroutd:"}, {"boundingPoly": {"vertices": [{"x": 849.0, "y": 2024.0}, {"x": 978.0, "y": 2024.0}, {"x": 978.0, "y": 2075.0}, {"x": 849.0, "y": 2075.0}]}, "description": " 17572"}, {"boundingPoly": {"vertices": [{"x": 583.0, "y": 2076.0}, {"x": 885.0, "y": 2076.0}, {"x": 885.0, "y": 2130.0}, {"x": 583.0, "y": 2130.0}]}, "description": " Merchant Id:"}, {"boundingPoly": {"vertices": [{"x": 583.0, "y": 2176.0}, {"x": 1383.0, "y": 2170.0}, {"x": 1384.0, "y": 2218.0}, {"x": 584.0, "y": 2226.0}]}, "description": "RETAIN THIS COPY FOR YOUR RECORDS"}, {"boundingPoly": {"vertices": [{"x": 590.0, "y": 2280.0}, {"x": 1630.0, "y": 2267.0}, {"x": 1630.0, "y": 2305.0}, {"x": 590.0, "y": 2314.0}]}, "description": "********************************************"}, {"boundingPoly": {"vertices": [{"x": 893.0, "y": 2072.0}, {"x": 1198.0, "y": 2072.0}, {"x": 1198.0, "y": 2125.0}, {"x": 893.0, "y": 2125.0}]}, "description": " 456200411993"}, {"boundingPoly": {"vertices": [{"x": 584.0, "y": 2225.0}, {"x": 1213.0, "y": 2222.0}, {"x": 1214.0, "y": 2268.0}, {"x": 584.0, "y": 2274.0}]}, "description": "CUSTOMER COPY"}, {"boundingPoly": {"vertices": [{"x": 731.0, "y": 2384.0}, {"x": 1525.0, "y": 2370.0}, {"x": 1526.0, "y": 2404.0}, {"x": 731.0, "y": 2415.0}]}, "description": "== = ===== ========================="}, {"boundingPoly": {"vertices": [{"x": 872.0, "y": 2423.0}, {"x": 1405.0, "y": 2418.0}, {"x": 1406.0, "y": 2469.0}, {"x": 873.0, "y": 2474.0}]}, "description": "HOW WAS IT?"}, {"boundingPoly": {"vertices": [{"x": 876.0, "y": 2475.0}, {"x": 1386.0, "y": 2464.0}, {"x": 1387.0, "y": 2520.0}, {"x": 876.0, "y": 2528.0}]}, "description": "TELL US AT"}, {"boundingPoly": {"vertices": [{"x": 763.0, "y": 2583.0}, {"x": 1485.0, "y": 2573.0}, {"x": 1486.0, "y": 2625.0}, {"x": 763.0, "y": 2637.0}]}, "description": "CHECK ON BACK FOR FOOD OFFER."}, {"boundingPoly": {"vertices": [{"x": 736.0, "y": 2694.0}, {"x": 1494.0, "y": 2681.0}, {"x": 1495.0, "y": 2737.0}, {"x": 737.0, "y": 2750.0}]}, "description": "OUR GOAL IS YOUR SATISFACTION!"}, {"boundingPoly": {"vertices": [{"x": 606.0, "y": 2794.0}, {"x": 1640.0, "y": 2794.0}, {"x": 1640.0, "y": 2870.0}, {"x": 606.0, "y": 2870.0}]}, "description": " Sun Nov 17 2019 03:19 PM T=OOL I=8 C=106"}, {"boundingPoly": {"vertices": [{"x": 768.0, "y": 2530.0}, {"x": 1465.0, "y": 2516.0}, {"x": 1466.0, "y": 2569.0}, {"x": 769.0, "y": 2583.0}]}, "description": "merchant phone"}, {"boundingPoly": {"vertices": [{"x": 713.0, "y": 2762.0}, {"x": 1556.0, "y": 2746.0}, {"x": 1557.0, "y": 2784.0}, {"x": 713.0, "y": 2800.0}]}, "description": "====== ==========================="}]}