{"textAnnotations": [{"boundingPoly": {"vertices": [{"x": 755.0, "y": 505.0}, {"x": 1058.0, "y": 508.0}, {"x": 1057.0, "y": 604.0}, {"x": 755.0, "y": 603.0}]}, "description": "CMB"}, {"boundingPoly": {"vertices": [{"x": 771.0, "y": 642.0}, {"x": 1010.0, "y": 652.0}, {"x": 1009.0, "y": 684.0}, {"x": 770.0, "y": 674.0}]}, "description": "www.mbne.om"}, {"boundingPoly": {"vertices": [{"x": 752.0, "y": 715.0}, {"x": 1136.0, "y": 717.0}, {"x": 1136.0, "y": 770.0}, {"x": 752.0, "y": 767.0}]}, "description": "merchant name"}, {"boundingPoly": {"vertices": [{"x": 775.0, "y": 797.0}, {"x": 1139.0, "y": 797.0}, {"x": 1139.0, "y": 852.0}, {"x": 775.0, "y": 852.0}]}, "description": "merchant address"}, {"boundingPoly": {"vertices": [{"x": 767.0, "y": 603.0}, {"x": 1394.0, "y": 542.0}, {"x": 1399.0, "y": 608.0}, {"x": 769.0, "y": 647.0}]}, "description": "CARIBBEAN MERCANTILE BANK N V"}, {"boundingPoly": {"vertices": [{"x": 756.0, "y": 758.0}, {"x": 1130.0, "y": 758.0}, {"x": 1130.0, "y": 809.0}, {"x": 756.0, "y": 808.0}]}, "description": "merchant address"}, {"boundingPoly": {"vertices": [{"x": 782.0, "y": 840.0}, {"x": 853.0, "y": 840.0}, {"x": 853.0, "y": 894.0}, {"x": 782.0, "y": 894.0}]}, "description": " TEL"}, {"boundingPoly": {"vertices": [{"x": 509.0, "y": 918.0}, {"x": 797.0, "y": 918.0}, {"x": 797.0, "y": 974.0}, {"x": 509.0, "y": 974.0}]}, "description": " Merchant ID:"}, {"boundingPoly": {"vertices": [{"x": 522.0, "y": 1002.0}, {"x": 682.0, "y": 1002.0}, {"x": 682.0, "y": 1052.0}, {"x": 522.0, "y": 1052.0}]}, "description": " SE Num:"}, {"boundingPoly": {"vertices": [{"x": 862.0, "y": 840.0}, {"x": 1139.0, "y": 840.0}, {"x": 1139.0, "y": 895.0}, {"x": 862.0, "y": 895.0}]}, "description": "merchant phone"}, {"boundingPoly": {"vertices": [{"x": 805.0, "y": 926.0}, {"x": 1122.0, "y": 926.0}, {"x": 1122.0, "y": 975.0}, {"x": 805.0, "y": 975.0}]}, "description": " 186743000090000"}, {"boundingPoly": {"vertices": [{"x": 805.0, "y": 973.0}, {"x": 974.0, "y": 976.0}, {"x": 973.0, "y": 1019.0}, {"x": 805.0, "y": 1015.0}]}, "description": "AUA09786"}, {"boundingPoly": {"vertices": [{"x": 517.0, "y": 965.0}, {"x": 703.0, "y": 965.0}, {"x": 703.0, "y": 1009.0}, {"x": 517.0, "y": 1009.0}]}, "description": " Term ID:"}, {"boundingPoly": {"vertices": [{"x": 804.0, "y": 1014.0}, {"x": 1064.0, "y": 1014.0}, {"x": 1064.0, "y": 1061.0}, {"x": 804.0, "y": 1060.0}]}, "description": "159390208743"}, {"boundingPoly": {"vertices": [{"x": 869.0, "y": 1106.0}, {"x": 1055.0, "y": 1108.0}, {"x": 1054.0, "y": 1183.0}, {"x": 869.0, "y": 1183.0}]}, "description": "Sale"}, {"boundingPoly": {"vertices": [{"x": 527.0, "y": 1233.0}, {"x": 865.0, "y": 1231.0}, {"x": 866.0, "y": 1309.0}, {"x": 527.0, "y": 1312.0}]}, "description": "379040XXXXXX001"}, {"boundingPoly": {"vertices": [{"x": 531.0, "y": 1328.0}, {"x": 636.0, "y": 1322.0}, {"x": 637.0, "y": 1403.0}, {"x": 529.0, "y": 1403.0}]}, "description": "AMEX"}, {"boundingPoly": {"vertices": [{"x": 527.0, "y": 1408.0}, {"x": 836.0, "y": 1408.0}, {"x": 836.0, "y": 1495.0}, {"x": 527.0, "y": 1495.0}]}, "description": " Entry Method:"}, {"boundingPoly": {"vertices": [{"x": 766.0, "y": 1495.0}, {"x": 924.0, "y": 1495.0}, {"x": 924.0, "y": 1574.0}, {"x": 766.0, "y": 1574.0}]}, "description": " Online"}, {"boundingPoly": {"vertices": [{"x": 851.0, "y": 1404.0}, {"x": 1011.0, "y": 1404.0}, {"x": 1011.0, "y": 1486.0}, {"x": 851.0, "y": 1486.0}]}, "description": " Swiped"}, {"boundingPoly": {"vertices": [{"x": 533.0, "y": 1500.0}, {"x": 752.0, "y": 1500.0}, {"x": 752.0, "y": 1582.0}, {"x": 533.0, "y": 1582.0}]}, "description": " Approved:"}, {"boundingPoly": {"vertices": [{"x": 533.0, "y": 1595.0}, {"x": 726.0, "y": 1584.0}, {"x": 725.0, "y": 1664.0}, {"x": 538.0, "y": 1671.0}]}, "description": "13/11/19"}, {"boundingPoly": {"vertices": [{"x": 537.0, "y": 1717.0}, {"x": 740.0, "y": 1717.0}, {"x": 740.0, "y": 1806.0}, {"x": 537.0, "y": 1806.0}]}, "description": " Invoice#:"}, {"boundingPoly": {"vertices": [{"x": 541.0, "y": 1857.0}, {"x": 701.0, "y": 1857.0}, {"x": 701.0, "y": 1938.0}, {"x": 541.0, "y": 1938.0}]}, "description": " Amount:"}, {"boundingPoly": {"vertices": [{"x": 543.0, "y": 1948.0}, {"x": 640.0, "y": 1948.0}, {"x": 640.0, "y": 2029.0}, {"x": 543.0, "y": 2029.0}]}, "description": " Tip:"}, {"boundingPoly": {"vertices": [{"x": 1113.0, "y": 1462.0}, {"x": 1282.0, "y": 1462.0}, {"x": 1282.0, "y": 1554.0}, {"x": 1113.0, "y": 1554.0}]}, "description": " Batch #:"}, {"boundingPoly": {"vertices": [{"x": 1294.0, "y": 1446.0}, {"x": 1446.0, "y": 1446.0}, {"x": 1446.0, "y": 1541.0}, {"x": 1294.0, "y": 1541.0}]}, "description": " 000182"}, {"boundingPoly": {"vertices": [{"x": 1260.0, "y": 1540.0}, {"x": 1449.0, "y": 1540.0}, {"x": 1449.0, "y": 1629.0}, {"x": 1260.0, "y": 1629.0}]}, "description": " 21:10:18"}, {"boundingPoly": {"vertices": [{"x": 1305.0, "y": 1684.0}, {"x": 1453.0, "y": 1678.0}, {"x": 1453.0, "y": 1761.0}, {"x": 1308.0, "y": 1768.0}]}, "description": "573275"}, {"boundingPoly": {"vertices": [{"x": 1338.0, "y": 1819.0}, {"x": 1462.0, "y": 1817.0}, {"x": 1460.0, "y": 1905.0}, {"x": 1339.0, "y": 1902.0}]}, "description": "44.52"}, {"boundingPoly": {"vertices": [{"x": 752.0, "y": 1706.0}, {"x": 903.0, "y": 1706.0}, {"x": 903.0, "y": 1795.0}, {"x": 752.0, "y": 1795.0}]}, "description": " 001027"}, {"boundingPoly": {"vertices": [{"x": 1015.0, "y": 1695.0}, {"x": 1248.0, "y": 1695.0}, {"x": 1248.0, "y": 1779.0}, {"x": 1015.0, "y": 1779.0}]}, "description": " Appr Code:"}, {"boundingPoly": {"vertices": [{"x": 1153.0, "y": 1828.0}, {"x": 1222.0, "y": 1824.0}, {"x": 1221.0, "y": 1904.0}, {"x": 1153.0, "y": 1907.0}]}, "description": "USD"}, {"boundingPoly": {"vertices": [{"x": 1416.0, "y": 2069.0}, {"x": 1475.0, "y": 2070.0}, {"x": 1475.0, "y": 2103.0}, {"x": 1417.0, "y": 2102.0}]}, "description": "==="}, {"boundingPoly": {"vertices": [{"x": 543.0, "y": 2129.0}, {"x": 686.0, "y": 2129.0}, {"x": 686.0, "y": 2213.0}, {"x": 543.0, "y": 2213.0}]}, "description": " Total:"}, {"boundingPoly": {"vertices": [{"x": 878.0, "y": 2473.0}, {"x": 1164.0, "y": 2477.0}, {"x": 1164.0, "y": 2522.0}, {"x": 877.0, "y": 2518.0}]}, "description": "Customer Copy"}, {"boundingPoly": {"vertices": [{"x": 897.0, "y": 2562.0}, {"x": 1149.0, "y": 2565.0}, {"x": 1149.0, "y": 2609.0}, {"x": 897.0, "y": 2605.0}]}, "description": "MASHA DANKI"}, {"boundingPoly": {"vertices": [{"x": 926.0, "y": 2607.0}, {"x": 1135.0, "y": 2611.0}, {"x": 1134.0, "y": 2658.0}, {"x": 926.0, "y": 2653.0}]}, "description": "THANK YOU"}]}