{"textAnnotations": [{"boundingPoly": {"vertices": [{"x": 835.0, "y": 340.0}, {"x": 1478.0, "y": 336.0}, {"x": 1479.0, "y": 475.0}, {"x": 835.0, "y": 477.0}]}, "description": "merchant name"}, {"boundingPoly": {"vertices": [{"x": 925.0, "y": 508.0}, {"x": 1390.0, "y": 506.0}, {"x": 1391.0, "y": 558.0}, {"x": 925.0, "y": 561.0}]}, "description": "EAL DRINK SHOP"}, {"boundingPoly": {"vertices": [{"x": 757.0, "y": 619.0}, {"x": 867.0, "y": 619.0}, {"x": 867.0, "y": 667.0}, {"x": 757.0, "y": 667.0}]}, "description": " DATE:"}, {"boundingPoly": {"vertices": [{"x": 756.0, "y": 674.0}, {"x": 938.0, "y": 674.0}, {"x": 938.0, "y": 720.0}, {"x": 756.0, "y": 720.0}]}, "description": " Operator:"}, {"boundingPoly": {"vertices": [{"x": 755.0, "y": 722.0}, {"x": 858.0, "y": 722.0}, {"x": 858.0, "y": 769.0}, {"x": 755.0, "y": 769.0}]}, "description": " Till:"}, {"boundingPoly": {"vertices": [{"x": 874.0, "y": 622.0}, {"x": 1073.0, "y": 622.0}, {"x": 1073.0, "y": 669.0}, {"x": 874.0, "y": 669.0}]}, "description": " 10/11/2019"}, {"boundingPoly": {"vertices": [{"x": 1293.0, "y": 622.0}, {"x": 1388.0, "y": 622.0}, {"x": 1388.0, "y": 667.0}, {"x": 1293.0, "y": 667.0}]}, "description": " TIME:"}, {"boundingPoly": {"vertices": [{"x": 1246.0, "y": 673.0}, {"x": 1414.0, "y": 673.0}, {"x": 1414.0, "y": 721.0}, {"x": 1246.0, "y": 721.0}]}, "description": " Trans.#:"}, {"boundingPoly": {"vertices": [{"x": 1329.0, "y": 720.0}, {"x": 1562.0, "y": 720.0}, {"x": 1562.0, "y": 771.0}, {"x": 1329.0, "y": 771.0}]}, "description": " 1 10/11/2019"}, {"boundingPoly": {"vertices": [{"x": 1396.0, "y": 620.0}, {"x": 1567.0, "y": 620.0}, {"x": 1567.0, "y": 665.0}, {"x": 1396.0, "y": 665.0}]}, "description": " 09:46 AM"}, {"boundingPoly": {"vertices": [{"x": 1423.0, "y": 669.0}, {"x": 1564.0, "y": 669.0}, {"x": 1564.0, "y": 718.0}, {"x": 1423.0, "y": 718.0}]}, "description": " 1552410"}, {"boundingPoly": {"vertices": [{"x": 945.0, "y": 676.0}, {"x": 1112.0, "y": 676.0}, {"x": 1112.0, "y": 722.0}, {"x": 945.0, "y": 722.0}]}, "description": " Angelica"}, {"boundingPoly": {"vertices": [{"x": 866.0, "y": 725.0}, {"x": 1110.0, "y": 725.0}, {"x": 1110.0, "y": 771.0}, {"x": 866.0, "y": 771.0}]}, "description": " B&B Coffee 2"}, {"boundingPoly": {"vertices": [{"x": 1195.0, "y": 726.0}, {"x": 1321.0, "y": 726.0}, {"x": 1321.0, "y": 771.0}, {"x": 1195.0, "y": 771.0}]}, "description": " Shift:"}, {"boundingPoly": {"vertices": [{"x": 761.0, "y": 832.0}, {"x": 1146.0, "y": 835.0}, {"x": 1145.0, "y": 912.0}, {"x": 761.0, "y": 908.0}]}, "description": "Table No.3"}, {"boundingPoly": {"vertices": [{"x": 759.0, "y": 911.0}, {"x": 882.0, "y": 911.0}, {"x": 882.0, "y": 952.0}, {"x": 759.0, "y": 952.0}]}, "description": " Cheque"}, {"boundingPoly": {"vertices": [{"x": 758.0, "y": 963.0}, {"x": 903.0, "y": 963.0}, {"x": 903.0, "y": 1005.0}, {"x": 758.0, "y": 1005.0}]}, "description": " Guests:"}, {"boundingPoly": {"vertices": [{"x": 889.0, "y": 913.0}, {"x": 921.0, "y": 913.0}, {"x": 921.0, "y": 952.0}, {"x": 889.0, "y": 952.0}]}, "description": " #"}, {"boundingPoly": {"vertices": [{"x": 928.0, "y": 913.0}, {"x": 1046.0, "y": 913.0}, {"x": 1046.0, "y": 954.0}, {"x": 928.0, "y": 954.0}]}, "description": " 288347"}, {"boundingPoly": {"vertices": [{"x": 911.0, "y": 964.0}, {"x": 930.0, "y": 964.0}, {"x": 930.0, "y": 1005.0}, {"x": 911.0, "y": 1005.0}]}, "description": " 1"}, {"boundingPoly": {"vertices": [{"x": 812.0, "y": 1072.0}, {"x": 996.0, "y": 1075.0}, {"x": 995.0, "y": 1112.0}, {"x": 811.0, "y": 1108.0}]}, "description": "Beverages"}, {"boundingPoly": {"vertices": [{"x": 758.0, "y": 1123.0}, {"x": 992.0, "y": 1120.0}, {"x": 992.0, "y": 1161.0}, {"x": 758.0, "y": 1165.0}]}, "description": "Cappucino"}, {"boundingPoly": {"vertices": [{"x": 1479.0, "y": 1123.0}, {"x": 1565.0, "y": 1125.0}, {"x": 1564.0, "y": 1159.0}, {"x": 1478.0, "y": 1159.0}]}, "description": "5.50"}, {"boundingPoly": {"vertices": [{"x": 1136.0, "y": 1227.0}, {"x": 1447.0, "y": 1227.0}, {"x": 1447.0, "y": 1271.0}, {"x": 1136.0, "y": 1271.0}]}, "description": " Beverages Total"}, {"boundingPoly": {"vertices": [{"x": 1459.0, "y": 1226.0}, {"x": 1562.0, "y": 1226.0}, {"x": 1562.0, "y": 1269.0}, {"x": 1459.0, "y": 1269.0}]}, "description": " $5.50"}, {"boundingPoly": {"vertices": [{"x": 1081.0, "y": 1289.0}, {"x": 1136.0, "y": 1291.0}, {"x": 1134.0, "y": 1313.0}, {"x": 1079.0, "y": 1311.0}]}, "description": "---"}, {"boundingPoly": {"vertices": [{"x": 809.0, "y": 1334.0}, {"x": 901.0, "y": 1335.0}, {"x": 899.0, "y": 1372.0}, {"x": 808.0, "y": 1371.0}]}, "description": "Food"}, {"boundingPoly": {"vertices": [{"x": 753.0, "y": 1386.0}, {"x": 973.0, "y": 1386.0}, {"x": 973.0, "y": 1430.0}, {"x": 753.0, "y": 1429.0}]}, "description": "Brioche Bun"}, {"boundingPoly": {"vertices": [{"x": 1468.0, "y": 1387.0}, {"x": 1568.0, "y": 1386.0}, {"x": 1568.0, "y": 1425.0}, {"x": 1468.0, "y": 1426.0}]}, "description": "14.00"}, {"boundingPoly": {"vertices": [{"x": 1332.0, "y": 1392.0}, {"x": 1334.0, "y": 1422.0}, {"x": 1313.0, "y": 1421.0}, {"x": 1311.0, "y": 1391.0}]}, "description": "-"}, {"boundingPoly": {"vertices": [{"x": 1120.0, "y": 1491.0}, {"x": 1313.0, "y": 1491.0}, {"x": 1313.0, "y": 1533.0}, {"x": 1120.0, "y": 1535.0}]}, "description": "Food Total"}, {"boundingPoly": {"vertices": [{"x": 1444.0, "y": 1493.0}, {"x": 1569.0, "y": 1493.0}, {"x": 1569.0, "y": 1532.0}, {"x": 1444.0, "y": 1532.0}]}, "description": "$14.00"}, {"boundingPoly": {"vertices": [{"x": 748.0, "y": 1653.0}, {"x": 1097.0, "y": 1653.0}, {"x": 1097.0, "y": 1733.0}, {"x": 748.0, "y": 1733.0}]}, "description": " Subtotal:"}, {"boundingPoly": {"vertices": [{"x": 1326.0, "y": 1655.0}, {"x": 1571.0, "y": 1654.0}, {"x": 1572.0, "y": 1731.0}, {"x": 1326.0, "y": 1734.0}]}, "description": "$19.50"}, {"boundingPoly": {"vertices": [{"x": 747.0, "y": 1842.0}, {"x": 1059.0, "y": 1842.0}, {"x": 1059.0, "y": 1923.0}, {"x": 747.0, "y": 1923.0}]}, "description": " Balance:"}, {"boundingPoly": {"vertices": [{"x": 847.0, "y": 1971.0}, {"x": 1162.0, "y": 1971.0}, {"x": 1162.0, "y": 2021.0}, {"x": 847.0, "y": 2021.0}]}, "description": " Number of items:"}, {"boundingPoly": {"vertices": [{"x": 1326.0, "y": 1841.0}, {"x": 1571.0, "y": 1839.0}, {"x": 1572.0, "y": 1922.0}, {"x": 1326.0, "y": 1925.0}]}, "description": "$19.50"}, {"boundingPoly": {"vertices": [{"x": 1171.0, "y": 1971.0}, {"x": 1202.0, "y": 1971.0}, {"x": 1202.0, "y": 2021.0}, {"x": 1171.0, "y": 2021.0}]}, "description": " 2"}, {"boundingPoly": {"vertices": [{"x": 745.0, "y": 2086.0}, {"x": 1045.0, "y": 2086.0}, {"x": 1045.0, "y": 2133.0}, {"x": 745.0, "y": 2133.0}]}, "description": " Total Includes:"}, {"boundingPoly": {"vertices": [{"x": 1053.0, "y": 2085.0}, {"x": 1179.0, "y": 2085.0}, {"x": 1179.0, "y": 2133.0}, {"x": 1053.0, "y": 2133.0}]}, "description": " GST of"}, {"boundingPoly": {"vertices": [{"x": 1475.0, "y": 2093.0}, {"x": 1578.0, "y": 2095.0}, {"x": 1576.0, "y": 2135.0}, {"x": 1475.0, "y": 2133.0}]}, "description": "$1.77"}, {"boundingPoly": {"vertices": [{"x": 740.0, "y": 2201.0}, {"x": 844.0, "y": 2201.0}, {"x": 844.0, "y": 2281.0}, {"x": 740.0, "y": 2281.0}]}, "description": " TIP"}, {"boundingPoly": {"vertices": [{"x": 858.0, "y": 2204.0}, {"x": 896.0, "y": 2204.0}, {"x": 896.0, "y": 2281.0}, {"x": 858.0, "y": 2281.0}]}, "description": " :"}, {"boundingPoly": {"vertices": [{"x": 738.0, "y": 2278.0}, {"x": 919.0, "y": 2278.0}, {"x": 919.0, "y": 2363.0}, {"x": 738.0, "y": 2363.0}]}, "description": " TOTAL"}, {"boundingPoly": {"vertices": [{"x": 838.0, "y": 2419.0}, {"x": 1243.0, "y": 2419.0}, {"x": 1243.0, "y": 2470.0}, {"x": 838.0, "y": 2470.0}]}, "description": "merchant address"}, {"boundingPoly": {"vertices": [{"x": 1062.0, "y": 2479.0}, {"x": 1283.0, "y": 2479.0}, {"x": 1283.0, "y": 2523.0}, {"x": 1062.0, "y": 2523.0}]}, "description": "TAX INVOICE"}, {"boundingPoly": {"vertices": [{"x": 1051.0, "y": 2538.0}, {"x": 1345.0, "y": 2538.0}, {"x": 1345.0, "y": 2585.0}, {"x": 1051.0, "y": 2585.0}]}, "description": " 47 354 592 348"}, {"boundingPoly": {"vertices": [{"x": 933.0, "y": 2598.0}, {"x": 1362.0, "y": 2599.0}, {"x": 1362.0, "y": 2642.0}, {"x": 933.0, "y": 2640.0}]}, "description": "www.belandbrio.com.au"}, {"boundingPoly": {"vertices": [{"x": 1041.0, "y": 2651.0}, {"x": 1242.0, "y": 2651.0}, {"x": 1242.0, "y": 2694.0}, {"x": 1041.0, "y": 2695.0}]}, "description": "Thank You!"}, {"boundingPoly": {"vertices": [{"x": 990.0, "y": 2711.0}, {"x": 1325.0, "y": 2714.0}, {"x": 1325.0, "y": 2757.0}, {"x": 990.0, "y": 2753.0}]}, "description": "Powered by Bepoz"}, {"boundingPoly": {"vertices": [{"x": 936.0, "y": 2278.0}, {"x": 965.0, "y": 2278.0}, {"x": 965.0, "y": 2363.0}, {"x": 936.0, "y": 2363.0}]}, "description": " :"}, {"boundingPoly": {"vertices": [{"x": 945.0, "y": 2357.0}, {"x": 1416.0, "y": 2363.0}, {"x": 1415.0, "y": 2410.0}, {"x": 945.0, "y": 2406.0}]}, "description": "T3.01 300 Barangaroo Av"}, {"boundingPoly": {"vertices": [{"x": 1250.0, "y": 2419.0}, {"x": 1508.0, "y": 2419.0}, {"x": 1508.0, "y": 2473.0}, {"x": 1250.0, "y": 2473.0}]}, "description": "merchant phone"}, {"boundingPoly": {"vertices": [{"x": 958.0, "y": 2537.0}, {"x": 1043.0, "y": 2537.0}, {"x": 1043.0, "y": 2583.0}, {"x": 958.0, "y": 2583.0}]}, "description": " ABN:"}]}