{"textAnnotations": [{"boundingPoly": {"vertices": [{"x": 607.0, "y": 177.0}, {"x": 1500.0, "y": 210.0}, {"x": 1496.0, "y": 332.0}, {"x": 603.0, "y": 308.0}]}, "description": "merchant name"}, {"boundingPoly": {"vertices": [{"x": 553.0, "y": 335.0}, {"x": 1549.0, "y": 348.0}, {"x": 1548.0, "y": 470.0}, {"x": 553.0, "y": 459.0}]}, "description": "merchant address"}, {"boundingPoly": {"vertices": [{"x": 813.0, "y": 478.0}, {"x": 1359.0, "y": 489.0}, {"x": 1358.0, "y": 554.0}, {"x": 813.0, "y": 544.0}]}, "description": "merchant address"}, {"boundingPoly": {"vertices": [{"x": 930.0, "y": 560.0}, {"x": 1207.0, "y": 563.0}, {"x": 1206.0, "y": 627.0}, {"x": 930.0, "y": 622.0}]}, "description": "merchant address"}, {"boundingPoly": {"vertices": [{"x": 806.0, "y": 634.0}, {"x": 1356.0, "y": 635.0}, {"x": 1356.0, "y": 696.0}, {"x": 806.0, "y": 694.0}]}, "description": "merchant address"}, {"boundingPoly": {"vertices": [{"x": 870.0, "y": 699.0}, {"x": 1299.0, "y": 701.0}, {"x": 1299.0, "y": 757.0}, {"x": 870.0, "y": 756.0}]}, "description": "merchant phone"}, {"boundingPoly": {"vertices": [{"x": 444.0, "y": 760.0}, {"x": 968.0, "y": 761.0}, {"x": 968.0, "y": 832.0}, {"x": 444.0, "y": 831.0}]}, "description": "Ticket #161108701"}, {"boundingPoly": {"vertices": [{"x": 441.0, "y": 832.0}, {"x": 1064.0, "y": 832.0}, {"x": 1064.0, "y": 903.0}, {"x": 441.0, "y": 903.0}]}, "description": " 9/24/2019 6:07:33 PM"}, {"boundingPoly": {"vertices": [{"x": 1235.0, "y": 767.0}, {"x": 1396.0, "y": 767.0}, {"x": 1396.0, "y": 822.0}, {"x": 1235.0, "y": 822.0}]}, "description": " User:"}, {"boundingPoly": {"vertices": [{"x": 1406.0, "y": 767.0}, {"x": 1727.0, "y": 767.0}, {"x": 1727.0, "y": 822.0}, {"x": 1406.0, "y": 822.0}]}, "description": " Maricarmen"}, {"boundingPoly": {"vertices": [{"x": 438.0, "y": 979.0}, {"x": 574.0, "y": 979.0}, {"x": 574.0, "y": 1047.0}, {"x": 438.0, "y": 1047.0}]}, "description": " Tab:"}, {"boundingPoly": {"vertices": [{"x": 585.0, "y": 981.0}, {"x": 937.0, "y": 981.0}, {"x": 937.0, "y": 1050.0}, {"x": 585.0, "y": 1050.0}]}, "description": " Eve Tg Solo"}, {"boundingPoly": {"vertices": [{"x": 540.0, "y": 1249.0}, {"x": 402.0, "y": 1250.0}, {"x": 403.0, "y": 1195.0}, {"x": 542.0, "y": 1198.0}]}, "description": "4.90"}, {"boundingPoly": {"vertices": [{"x": 427.0, "y": 1279.0}, {"x": 561.0, "y": 1278.0}, {"x": 560.0, "y": 1337.0}, {"x": 429.0, "y": 1339.0}]}, "description": "AMEX"}, {"boundingPoly": {"vertices": [{"x": 421.0, "y": 1351.0}, {"x": 876.0, "y": 1349.0}, {"x": 876.0, "y": 1414.0}, {"x": 421.0, "y": 1417.0}]}, "description": "CARD #XXXX2008"}, {"boundingPoly": {"vertices": [{"x": 421.0, "y": 1429.0}, {"x": 856.0, "y": 1429.0}, {"x": 856.0, "y": 1488.0}, {"x": 421.0, "y": 1488.0}]}, "description": " Entry method:"}, {"boundingPoly": {"vertices": [{"x": 411.0, "y": 1494.0}, {"x": 697.0, "y": 1494.0}, {"x": 697.0, "y": 1556.0}, {"x": 411.0, "y": 1556.0}]}, "description": " APPROVED"}, {"boundingPoly": {"vertices": [{"x": 1022.0, "y": 1206.0}, {"x": 1151.0, "y": 1202.0}, {"x": 1151.0, "y": 1263.0}, {"x": 1022.0, "y": 1266.0}]}, "description": "SALE"}, {"boundingPoly": {"vertices": [{"x": 1259.0, "y": 1273.0}, {"x": 1747.0, "y": 1265.0}, {"x": 1749.0, "y": 1330.0}, {"x": 1260.0, "y": 1340.0}]}, "description": "518993830100194"}, {"boundingPoly": {"vertices": [{"x": 865.0, "y": 1429.0}, {"x": 1059.0, "y": 1429.0}, {"x": 1059.0, "y": 1488.0}, {"x": 865.0, "y": 1488.0}]}, "description": " Swiped"}, {"boundingPoly": {"vertices": [{"x": 729.0, "y": 1494.0}, {"x": 938.0, "y": 1494.0}, {"x": 938.0, "y": 1556.0}, {"x": 729.0, "y": 1556.0}]}, "description": " 565190"}, {"boundingPoly": {"vertices": [{"x": 953.0, "y": 1726.0}, {"x": 1131.0, "y": 1726.0}, {"x": 1131.0, "y": 1787.0}, {"x": 953.0, "y": 1787.0}]}, "description": " Amount"}, {"boundingPoly": {"vertices": [{"x": 1143.0, "y": 1726.0}, {"x": 1171.0, "y": 1726.0}, {"x": 1171.0, "y": 1787.0}, {"x": 1143.0, "y": 1787.0}]}, "description": " :"}, {"boundingPoly": {"vertices": [{"x": 1593.0, "y": 1716.0}, {"x": 1771.0, "y": 1711.0}, {"x": 1772.0, "y": 1776.0}, {"x": 1594.0, "y": 1781.0}]}, "description": "$4.90"}, {"boundingPoly": {"vertices": [{"x": 984.0, "y": 1883.0}, {"x": 1172.0, "y": 1883.0}, {"x": 1172.0, "y": 1946.0}, {"x": 984.0, "y": 1946.0}]}, "description": " + Tip:"}, {"boundingPoly": {"vertices": [{"x": 909.0, "y": 2042.0}, {"x": 1174.0, "y": 2042.0}, {"x": 1174.0, "y": 2107.0}, {"x": 909.0, "y": 2107.0}]}, "description": " = Total:"}, {"boundingPoly": {"vertices": [{"x": 421.0, "y": 2301.0}, {"x": 1697.0, "y": 2292.0}, {"x": 1697.0, "y": 2364.0}, {"x": 421.0, "y": 2378.0}]}, "description": "I agree to pay the above total amount"}, {"boundingPoly": {"vertices": [{"x": 417.0, "y": 2387.0}, {"x": 1740.0, "y": 2382.0}, {"x": 1740.0, "y": 2456.0}, {"x": 417.0, "y": 2463.0}]}, "description": "according to the card issuer agreement"}, {"boundingPoly": {"vertices": [{"x": 386.0, "y": 2749.0}, {"x": 561.0, "y": 2749.0}, {"x": 561.0, "y": 2827.0}, {"x": 386.0, "y": 2827.0}]}, "description": " SIGN:"}, {"boundingPoly": {"vertices": [{"x": 1436.0, "y": 2776.0}, {"x": 507.0, "y": 2780.0}, {"x": 507.0, "y": 2629.0}, {"x": 1435.0, "y": 2629.0}]}, "description": "okfield Place\""}]}