{"textAnnotations": [{"boundingPoly": {"vertices": [{"x": 656.0, "y": 125.0}, {"x": 1206.0, "y": 133.0}, {"x": 1205.0, "y": 182.0}, {"x": 656.0, "y": 172.0}]}, "description": "Thank You For Visiting the"}, {"boundingPoly": {"vertices": [{"x": 754.0, "y": 224.0}, {"x": 1096.0, "y": 225.0}, {"x": 1096.0, "y": 268.0}, {"x": 754.0, "y": 266.0}]}, "description": "Matthew Fraysier"}, {"boundingPoly": {"vertices": [{"x": 766.0, "y": 271.0}, {"x": 1084.0, "y": 273.0}, {"x": 1083.0, "y": 313.0}, {"x": 766.0, "y": 310.0}]}, "description": "General Manager"}, {"boundingPoly": {"vertices": [{"x": 792.0, "y": 316.0}, {"x": 1072.0, "y": 315.0}, {"x": 1072.0, "y": 357.0}, {"x": 792.0, "y": 359.0}]}, "description": "merchant phone"}, {"boundingPoly": {"vertices": [{"x": 693.0, "y": 363.0}, {"x": 1157.0, "y": 361.0}, {"x": 1157.0, "y": 407.0}, {"x": 693.0, "y": 410.0}]}, "description": "We Love Your Feedback!"}, {"boundingPoly": {"vertices": [{"x": 687.0, "y": 412.0}, {"x": 1175.0, "y": 412.0}, {"x": 1175.0, "y": 459.0}, {"x": 687.0, "y": 460.0}]}, "description": "Text @LTF11479 to 73940"}, {"boundingPoly": {"vertices": [{"x": 666.0, "y": 171.0}, {"x": 1195.0, "y": 177.0}, {"x": 1194.0, "y": 223.0}, {"x": 665.0, "y": 219.0}]}, "description": "merchant name"}, {"boundingPoly": {"vertices": [{"x": 1307.0, "y": 517.0}, {"x": 1368.0, "y": 519.0}, {"x": 1366.0, "y": 563.0}, {"x": 1305.0, "y": 561.0}]}, "description": "USD"}, {"boundingPoly": {"vertices": [{"x": 1280.0, "y": 571.0}, {"x": 1368.0, "y": 574.0}, {"x": 1366.0, "y": 617.0}, {"x": 1280.0, "y": 615.0}]}, "description": "3.40"}, {"boundingPoly": {"vertices": [{"x": 508.0, "y": 574.0}, {"x": 824.0, "y": 571.0}, {"x": 824.0, "y": 619.0}, {"x": 508.0, "y": 622.0}]}, "description": "Cappuccino 12oz"}, {"boundingPoly": {"vertices": [{"x": 990.0, "y": 675.0}, {"x": 1180.0, "y": 675.0}, {"x": 1180.0, "y": 722.0}, {"x": 990.0, "y": 723.0}]}, "description": "Sub Total"}, {"boundingPoly": {"vertices": [{"x": 988.0, "y": 731.0}, {"x": 1207.0, "y": 731.0}, {"x": 1207.0, "y": 778.0}, {"x": 988.0, "y": 778.0}]}, "description": "Tax Amount"}, {"boundingPoly": {"vertices": [{"x": 1278.0, "y": 678.0}, {"x": 1372.0, "y": 678.0}, {"x": 1370.0, "y": 721.0}, {"x": 1277.0, "y": 721.0}]}, "description": "3.40"}, {"boundingPoly": {"vertices": [{"x": 1277.0, "y": 734.0}, {"x": 1368.0, "y": 732.0}, {"x": 1369.0, "y": 773.0}, {"x": 1276.0, "y": 775.0}]}, "description": "0.30"}, {"boundingPoly": {"vertices": [{"x": 495.0, "y": 882.0}, {"x": 870.0, "y": 880.0}, {"x": 871.0, "y": 960.0}, {"x": 495.0, "y": 962.0}]}, "description": "Total USD"}, {"boundingPoly": {"vertices": [{"x": 1192.0, "y": 878.0}, {"x": 1369.0, "y": 876.0}, {"x": 1371.0, "y": 961.0}, {"x": 1190.0, "y": 960.0}]}, "description": "3.70"}, {"boundingPoly": {"vertices": [{"x": 488.0, "y": 1112.0}, {"x": 686.0, "y": 1113.0}, {"x": 685.0, "y": 1158.0}, {"x": 487.0, "y": 1156.0}]}, "description": "5008 AMEX"}, {"boundingPoly": {"vertices": [{"x": 1279.0, "y": 1115.0}, {"x": 1370.0, "y": 1114.0}, {"x": 1370.0, "y": 1156.0}, {"x": 1279.0, "y": 1157.0}]}, "description": "3.70"}, {"boundingPoly": {"vertices": [{"x": 489.0, "y": 1262.0}, {"x": 560.0, "y": 1264.0}, {"x": 558.0, "y": 1307.0}, {"x": 487.0, "y": 1305.0}]}, "description": "Tax"}, {"boundingPoly": {"vertices": [{"x": 488.0, "y": 1308.0}, {"x": 661.0, "y": 1312.0}, {"x": 660.0, "y": 1358.0}, {"x": 488.0, "y": 1355.0}]}, "description": "() 8.875"}, {"boundingPoly": {"vertices": [{"x": 827.0, "y": 1263.0}, {"x": 1136.0, "y": 1263.0}, {"x": 1136.0, "y": 1310.0}, {"x": 827.0, "y": 1310.0}]}, "description": " Taxable Amount"}, {"boundingPoly": {"vertices": [{"x": 1041.0, "y": 1315.0}, {"x": 1123.0, "y": 1314.0}, {"x": 1122.0, "y": 1355.0}, {"x": 1040.0, "y": 1355.0}]}, "description": "3.40"}, {"boundingPoly": {"vertices": [{"x": 1156.0, "y": 1263.0}, {"x": 1366.0, "y": 1263.0}, {"x": 1366.0, "y": 1309.0}, {"x": 1156.0, "y": 1309.0}]}, "description": " Tax Amount"}, {"boundingPoly": {"vertices": [{"x": 1282.0, "y": 1313.0}, {"x": 1370.0, "y": 1312.0}, {"x": 1369.0, "y": 1353.0}, {"x": 1282.0, "y": 1354.0}]}, "description": "0.30"}, {"boundingPoly": {"vertices": [{"x": 485.0, "y": 1461.0}, {"x": 941.0, "y": 1461.0}, {"x": 941.0, "y": 1515.0}, {"x": 485.0, "y": 1515.0}]}, "description": " 11/22/2019 09:16 AM #:"}, {"boundingPoly": {"vertices": [{"x": 950.0, "y": 1462.0}, {"x": 1376.0, "y": 1462.0}, {"x": 1376.0, "y": 1515.0}, {"x": 950.0, "y": 1515.0}]}, "description": " 17584 Op:4032 C:111"}, {"boundingPoly": {"vertices": [{"x": 480.0, "y": 1511.0}, {"x": 696.0, "y": 1511.0}, {"x": 696.0, "y": 1562.0}, {"x": 480.0, "y": 1562.0}]}, "description": " 108 S:1111"}, {"boundingPoly": {"vertices": [{"x": 475.0, "y": 1564.0}, {"x": 700.0, "y": 1564.0}, {"x": 700.0, "y": 1617.0}, {"x": 475.0, "y": 1617.0}]}, "description": " Served you"}, {"boundingPoly": {"vertices": [{"x": 710.0, "y": 1564.0}, {"x": 1003.0, "y": 1564.0}, {"x": 1003.0, "y": 1617.0}, {"x": 710.0, "y": 1617.0}]}, "description": " : Fnu Yangdon"}, {"boundingPoly": {"vertices": [{"x": 662.0, "y": 1779.0}, {"x": 1125.0, "y": 1776.0}, {"x": 1125.0, "y": 1822.0}, {"x": 662.0, "y": 1825.0}]}, "description": "*** Customer copy ***"}, {"boundingPoly": {"vertices": [{"x": 750.0, "y": 1885.0}, {"x": 1059.0, "y": 1882.0}, {"x": 1059.0, "y": 1931.0}, {"x": 751.0, "y": 1934.0}]}, "description": "AMEX NY937 (8)"}, {"boundingPoly": {"vertices": [{"x": 445.0, "y": 1998.0}, {"x": 888.0, "y": 1994.0}, {"x": 889.0, "y": 2045.0}, {"x": 445.0, "y": 2049.0}]}, "description": "PURCHASE / APPROVED"}, {"boundingPoly": {"vertices": [{"x": 444.0, "y": 2057.0}, {"x": 544.0, "y": 2059.0}, {"x": 545.0, "y": 2099.0}, {"x": 445.0, "y": 2101.0}]}, "description": "AMEX"}, {"boundingPoly": {"vertices": [{"x": 439.0, "y": 2113.0}, {"x": 801.0, "y": 2109.0}, {"x": 801.0, "y": 2155.0}, {"x": 440.0, "y": 2157.0}]}, "description": "*********** 1000"}, {"boundingPoly": {"vertices": [{"x": 436.0, "y": 2168.0}, {"x": 913.0, "y": 2163.0}, {"x": 913.0, "y": 2214.0}, {"x": 437.0, "y": 2219.0}]}, "description": "CONTACTLESS / No CVM"}, {"boundingPoly": {"vertices": [{"x": 426.0, "y": 2279.0}, {"x": 890.0, "y": 2279.0}, {"x": 890.0, "y": 2347.0}, {"x": 426.0, "y": 2347.0}]}, "description": " 2019/11/22 09:16:41"}, {"boundingPoly": {"vertices": [{"x": 423.0, "y": 2354.0}, {"x": 505.0, "y": 2351.0}, {"x": 502.0, "y": 2401.0}, {"x": 425.0, "y": 2404.0}]}, "description": "TID"}, {"boundingPoly": {"vertices": [{"x": 417.0, "y": 2419.0}, {"x": 499.0, "y": 2413.0}, {"x": 498.0, "y": 2464.0}, {"x": 421.0, "y": 2467.0}]}, "description": "MID"}, {"boundingPoly": {"vertices": [{"x": 412.0, "y": 2476.0}, {"x": 651.0, "y": 2469.0}, {"x": 652.0, "y": 2524.0}, {"x": 414.0, "y": 2532.0}]}, "description": "REFERENCE"}, {"boundingPoly": {"vertices": [{"x": 411.0, "y": 2540.0}, {"x": 645.0, "y": 2532.0}, {"x": 647.0, "y": 2587.0}, {"x": 411.0, "y": 2597.0}]}, "description": "AUTH CODE"}, {"boundingPoly": {"vertices": [{"x": 1184.0, "y": 2332.0}, {"x": 1374.0, "y": 2328.0}, {"x": 1375.0, "y": 2372.0}, {"x": 1185.0, "y": 2376.0}]}, "description": "**** 6034"}, {"boundingPoly": {"vertices": [{"x": 1213.0, "y": 2388.0}, {"x": 1373.0, "y": 2384.0}, {"x": 1374.0, "y": 2434.0}, {"x": 1214.0, "y": 2438.0}]}, "description": "6634459"}, {"boundingPoly": {"vertices": [{"x": 785.0, "y": 2463.0}, {"x": 1377.0, "y": 2443.0}, {"x": 1378.0, "y": 2494.0}, {"x": 787.0, "y": 2517.0}]}, "description": "S1111T111108#17584@480089"}, {"boundingPoly": {"vertices": [{"x": 1234.0, "y": 2507.0}, {"x": 1377.0, "y": 2501.0}, {"x": 1379.0, "y": 2551.0}, {"x": 1236.0, "y": 2556.0}]}, "description": "559372"}, {"boundingPoly": {"vertices": [{"x": 403.0, "y": 2671.0}, {"x": 529.0, "y": 2668.0}, {"x": 531.0, "y": 2728.0}, {"x": 404.0, "y": 2732.0}]}, "description": "TOTAL"}, {"boundingPoly": {"vertices": [{"x": 1220.0, "y": 2630.0}, {"x": 1396.0, "y": 2623.0}, {"x": 1398.0, "y": 2676.0}, {"x": 1223.0, "y": 2685.0}]}, "description": "USD3.70"}]}