{"textAnnotations": [{"boundingPoly": {"vertices": [{"x": 273.0, "y": 48.0}, {"x": 599.0, "y": 52.0}, {"x": 599.0, "y": 87.0}, {"x": 273.0, "y": 83.0}]}, "description": "merchant name"}, {"boundingPoly": {"vertices": [{"x": 297.0, "y": 85.0}, {"x": 1012.0, "y": 86.0}, {"x": 1012.0, "y": 132.0}, {"x": 297.0, "y": 131.0}]}, "description": "merchant address"}, {"boundingPoly": {"vertices": [{"x": 217.0, "y": 143.0}, {"x": 640.0, "y": 143.0}, {"x": 641.0, "y": 188.0}, {"x": 217.0, "y": 190.0}]}, "description": "878346 Andonova"}, {"boundingPoly": {"vertices": [{"x": 606.0, "y": 52.0}, {"x": 1064.0, "y": 51.0}, {"x": 1064.0, "y": 87.0}, {"x": 606.0, "y": 87.0}]}, "description": "merchant address"}, {"boundingPoly": {"vertices": [{"x": 220.0, "y": 253.0}, {"x": 416.0, "y": 249.0}, {"x": 417.0, "y": 296.0}, {"x": 221.0, "y": 299.0}]}, "description": "CHK 553"}, {"boundingPoly": {"vertices": [{"x": 475.0, "y": 304.0}, {"x": 868.0, "y": 304.0}, {"x": 868.0, "y": 350.0}, {"x": 475.0, "y": 350.0}]}, "description": " 04NOV'19 12:37"}, {"boundingPoly": {"vertices": [{"x": 225.0, "y": 378.0}, {"x": 284.0, "y": 374.0}, {"x": 285.0, "y": 389.0}, {"x": 226.0, "y": 394.0}]}, "description": "--"}, {"boundingPoly": {"vertices": [{"x": 282.0, "y": 418.0}, {"x": 587.0, "y": 416.0}, {"x": 587.0, "y": 456.0}, {"x": 283.0, "y": 460.0}]}, "description": "Ausser Haus"}, {"boundingPoly": {"vertices": [{"x": 333.0, "y": 465.0}, {"x": 781.0, "y": 465.0}, {"x": 781.0, "y": 513.0}, {"x": 333.0, "y": 513.0}]}, "description": " ApfelschO.5Natur"}, {"boundingPoly": {"vertices": [{"x": 395.0, "y": 518.0}, {"x": 672.0, "y": 517.0}, {"x": 672.0, "y": 562.0}, {"x": 395.0, "y": 563.0}]}, "description": "Pfand 0.25"}, {"boundingPoly": {"vertices": [{"x": 339.0, "y": 572.0}, {"x": 673.0, "y": 572.0}, {"x": 673.0, "y": 617.0}, {"x": 339.0, "y": 617.0}]}, "description": " Fresh Orange"}, {"boundingPoly": {"vertices": [{"x": 341.0, "y": 621.0}, {"x": 760.0, "y": 621.0}, {"x": 760.0, "y": 668.0}, {"x": 341.0, "y": 668.0}]}, "description": " Adelh_Class 0.5"}, {"boundingPoly": {"vertices": [{"x": 400.0, "y": 672.0}, {"x": 676.0, "y": 672.0}, {"x": 676.0, "y": 718.0}, {"x": 400.0, "y": 718.0}]}, "description": "Pfand 0.15"}, {"boundingPoly": {"vertices": [{"x": 345.0, "y": 723.0}, {"x": 732.0, "y": 723.0}, {"x": 732.0, "y": 770.0}, {"x": 345.0, "y": 770.0}]}, "description": " Foc_Avoc_Chick"}, {"boundingPoly": {"vertices": [{"x": 353.0, "y": 776.0}, {"x": 785.0, "y": 778.0}, {"x": 785.0, "y": 820.0}, {"x": 353.0, "y": 817.0}]}, "description": "American Express"}, {"boundingPoly": {"vertices": [{"x": 769.0, "y": 821.0}, {"x": 1024.0, "y": 819.0}, {"x": 1024.0, "y": 865.0}, {"x": 769.0, "y": 867.0}]}, "description": "18,30"}, {"boundingPoly": {"vertices": [{"x": 974.0, "y": 871.0}, {"x": 1085.0, "y": 869.0}, {"x": 1086.0, "y": 911.0}, {"x": 976.0, "y": 913.0}]}, "description": "6,90"}, {"boundingPoly": {"vertices": [{"x": 974.0, "y": 919.0}, {"x": 1081.0, "y": 918.0}, {"x": 1081.0, "y": 960.0}, {"x": 973.0, "y": 961.0}]}, "description": "6,45"}, {"boundingPoly": {"vertices": [{"x": 952.0, "y": 968.0}, {"x": 1084.0, "y": 967.0}, {"x": 1085.0, "y": 1010.0}, {"x": 952.0, "y": 1011.0}]}, "description": "11,40"}, {"boundingPoly": {"vertices": [{"x": 972.0, "y": 1014.0}, {"x": 1079.0, "y": 1013.0}, {"x": 1078.0, "y": 1053.0}, {"x": 971.0, "y": 1055.0}]}, "description": "9,58"}, {"boundingPoly": {"vertices": [{"x": 314.0, "y": 1064.0}, {"x": 1026.0, "y": 1063.0}, {"x": 1026.0, "y": 1106.0}, {"x": 314.0, "y": 1108.0}]}, "description": "Flughafen Frankfurt am Main"}, {"boundingPoly": {"vertices": [{"x": 518.0, "y": 1111.0}, {"x": 810.0, "y": 1111.0}, {"x": 810.0, "y": 1153.0}, {"x": 518.0, "y": 1153.0}]}, "description": "Perfect Day"}, {"boundingPoly": {"vertices": [{"x": 467.0, "y": 1158.0}, {"x": 1000.0, "y": 1158.0}, {"x": 1000.0, "y": 1203.0}, {"x": 467.0, "y": 1203.0}]}, "description": "merchant phone"}, {"boundingPoly": {"vertices": [{"x": 334.0, "y": 1208.0}, {"x": 999.0, "y": 1208.0}, {"x": 999.0, "y": 1251.0}, {"x": 334.0, "y": 1252.0}]}, "description": "frankfurt-aplus@ssp-ce.de"}, {"boundingPoly": {"vertices": [{"x": 287.0, "y": 466.0}, {"x": 324.0, "y": 466.0}, {"x": 324.0, "y": 513.0}, {"x": 287.0, "y": 513.0}]}, "description": " 1"}, {"boundingPoly": {"vertices": [{"x": 925.0, "y": 460.0}, {"x": 1036.0, "y": 460.0}, {"x": 1036.0, "y": 505.0}, {"x": 925.0, "y": 508.0}]}, "description": "3,50"}, {"boundingPoly": {"vertices": [{"x": 922.0, "y": 515.0}, {"x": 1033.0, "y": 514.0}, {"x": 1032.0, "y": 559.0}, {"x": 923.0, "y": 561.0}]}, "description": "0,25"}, {"boundingPoly": {"vertices": [{"x": 923.0, "y": 569.0}, {"x": 1033.0, "y": 566.0}, {"x": 1032.0, "y": 610.0}, {"x": 922.0, "y": 612.0}]}, "description": "3,90"}, {"boundingPoly": {"vertices": [{"x": 923.0, "y": 619.0}, {"x": 1032.0, "y": 619.0}, {"x": 1031.0, "y": 663.0}, {"x": 924.0, "y": 664.0}]}, "description": "3,60"}, {"boundingPoly": {"vertices": [{"x": 919.0, "y": 671.0}, {"x": 1031.0, "y": 669.0}, {"x": 1033.0, "y": 713.0}, {"x": 921.0, "y": 714.0}]}, "description": "0,15"}, {"boundingPoly": {"vertices": [{"x": 920.0, "y": 722.0}, {"x": 1029.0, "y": 720.0}, {"x": 1028.0, "y": 764.0}, {"x": 921.0, "y": 767.0}]}, "description": "6,90"}, {"boundingPoly": {"vertices": [{"x": 898.0, "y": 771.0}, {"x": 1029.0, "y": 771.0}, {"x": 1029.0, "y": 815.0}, {"x": 898.0, "y": 815.0}]}, "description": "18,30"}, {"boundingPoly": {"vertices": [{"x": 293.0, "y": 572.0}, {"x": 332.0, "y": 572.0}, {"x": 332.0, "y": 617.0}, {"x": 293.0, "y": 617.0}]}, "description": " 1"}, {"boundingPoly": {"vertices": [{"x": 291.0, "y": 623.0}, {"x": 333.0, "y": 623.0}, {"x": 333.0, "y": 668.0}, {"x": 291.0, "y": 668.0}]}, "description": " 1"}, {"boundingPoly": {"vertices": [{"x": 298.0, "y": 726.0}, {"x": 337.0, "y": 726.0}, {"x": 337.0, "y": 770.0}, {"x": 298.0, "y": 770.0}]}, "description": " 1"}, {"boundingPoly": {"vertices": [{"x": 353.0, "y": 823.0}, {"x": 650.0, "y": 823.0}, {"x": 650.0, "y": 868.0}, {"x": 353.0, "y": 868.0}]}, "description": "Zahlung EUR"}, {"boundingPoly": {"vertices": [{"x": 331.0, "y": 872.0}, {"x": 438.0, "y": 874.0}, {"x": 438.0, "y": 917.0}, {"x": 331.0, "y": 916.0}]}, "description": "0,45"}, {"boundingPoly": {"vertices": [{"x": 488.0, "y": 873.0}, {"x": 813.0, "y": 873.0}, {"x": 813.0, "y": 916.0}, {"x": 488.0, "y": 915.0}]}, "description": "7% Mwst Food"}, {"boundingPoly": {"vertices": [{"x": 493.0, "y": 922.0}, {"x": 787.0, "y": 921.0}, {"x": 787.0, "y": 964.0}, {"x": 493.0, "y": 965.0}]}, "description": "NETTO TOTAL"}, {"boundingPoly": {"vertices": [{"x": 497.0, "y": 971.0}, {"x": 707.0, "y": 971.0}, {"x": 707.0, "y": 1012.0}, {"x": 497.0, "y": 1012.0}]}, "description": "19% Mwst"}, {"boundingPoly": {"vertices": [{"x": 495.0, "y": 1017.0}, {"x": 785.0, "y": 1016.0}, {"x": 785.0, "y": 1058.0}, {"x": 495.0, "y": 1058.0}]}, "description": "NETTO TOTAL"}, {"boundingPoly": {"vertices": [{"x": 338.0, "y": 971.0}, {"x": 439.0, "y": 971.0}, {"x": 441.0, "y": 1012.0}, {"x": 338.0, "y": 1014.0}]}, "description": "1,82"}, {"boundingPoly": {"vertices": [{"x": 360.0, "y": 1160.0}, {"x": 460.0, "y": 1160.0}, {"x": 460.0, "y": 1203.0}, {"x": 360.0, "y": 1203.0}]}, "description": " Tel."}, {"boundingPoly": {"vertices": [{"x": 410.0, "y": 1355.0}, {"x": 948.0, "y": 1352.0}, {"x": 948.0, "y": 1397.0}, {"x": 410.0, "y": 1400.0}]}, "description": "Waren Sie zufrieden?"}, {"boundingPoly": {"vertices": [{"x": 488.0, "y": 1406.0}, {"x": 870.0, "y": 1404.0}, {"x": 870.0, "y": 1449.0}, {"x": 488.0, "y": 1452.0}]}, "description": "How did we do?"}, {"boundingPoly": {"vertices": [{"x": 383.0, "y": 1455.0}, {"x": 979.0, "y": 1455.0}, {"x": 978.0, "y": 1500.0}, {"x": 383.0, "y": 1497.0}]}, "description": "\u00c9tiez-vous satisfaits?"}, {"boundingPoly": {"vertices": [{"x": 440.0, "y": 1499.0}, {"x": 896.0, "y": 1502.0}, {"x": 895.0, "y": 1544.0}, {"x": 440.0, "y": 1539.0}]}, "description": "Scan this QR Code"}, {"boundingPoly": {"vertices": [{"x": 388.0, "y": 1541.0}, {"x": 943.0, "y": 1548.0}, {"x": 942.0, "y": 1588.0}, {"x": 388.0, "y": 1582.0}]}, "description": "with your smartphone."}]}