{"textAnnotations": [{"boundingPoly": {"vertices": [{"x": 2185.0, "y": 67.0}, {"x": 2243.0, "y": 74.0}, {"x": 2234.0, "y": 135.0}, {"x": 2177.0, "y": 128.0}]}, "description": "U"}, {"boundingPoly": {"vertices": [{"x": 75.0, "y": 213.0}, {"x": 141.0, "y": 219.0}, {"x": 137.0, "y": 261.0}, {"x": 71.0, "y": 255.0}]}, "description": "ift"}, {"boundingPoly": {"vertices": [{"x": 1684.0, "y": 212.0}, {"x": 1744.0, "y": 217.0}, {"x": 1740.0, "y": 274.0}, {"x": 1680.0, "y": 269.0}]}, "description": "G"}, {"boundingPoly": {"vertices": [{"x": 1958.0, "y": 251.0}, {"x": 2025.0, "y": 257.0}, {"x": 2018.0, "y": 323.0}, {"x": 1951.0, "y": 318.0}]}, "description": "H"}, {"boundingPoly": {"vertices": [{"x": 629.0, "y": 378.0}, {"x": 1012.0, "y": 387.0}, {"x": 1010.0, "y": 453.0}, {"x": 628.0, "y": 441.0}]}, "description": "Customer Copy"}, {"boundingPoly": {"vertices": [{"x": 209.0, "y": 443.0}, {"x": 843.0, "y": 450.0}, {"x": 842.0, "y": 520.0}, {"x": 208.0, "y": 513.0}]}, "description": "merchant name"}, {"boundingPoly": {"vertices": [{"x": 1794.0, "y": 477.0}, {"x": 1858.0, "y": 481.0}, {"x": 1853.0, "y": 542.0}, {"x": 1789.0, "y": 538.0}]}, "description": "B"}, {"boundingPoly": {"vertices": [{"x": 2086.0, "y": 522.0}, {"x": 2149.0, "y": 526.0}, {"x": 2143.0, "y": 591.0}, {"x": 2080.0, "y": 587.0}]}, "description": "N"}, {"boundingPoly": {"vertices": [{"x": 238.0, "y": 591.0}, {"x": 446.0, "y": 591.0}, {"x": 447.0, "y": 656.0}, {"x": 238.0, "y": 659.0}]}, "description": "merchant name"}, {"boundingPoly": {"vertices": [{"x": 243.0, "y": 670.0}, {"x": 704.0, "y": 670.0}, {"x": 704.0, "y": 732.0}, {"x": 243.0, "y": 733.0}]}, "description": "merchant address"}, {"boundingPoly": {"vertices": [{"x": 245.0, "y": 741.0}, {"x": 905.0, "y": 740.0}, {"x": 905.0, "y": 807.0}, {"x": 245.0, "y": 808.0}]}, "description": "merchant address"}, {"boundingPoly": {"vertices": [{"x": 246.0, "y": 949.0}, {"x": 667.0, "y": 949.0}, {"x": 667.0, "y": 1005.0}, {"x": 246.0, "y": 1005.0}]}, "description": " Current Batch:"}, {"boundingPoly": {"vertices": [{"x": 242.0, "y": 1005.0}, {"x": 964.0, "y": 1005.0}, {"x": 964.0, "y": 1064.0}, {"x": 242.0, "y": 1064.0}]}, "description": " Thu 11/21/2019 5:02:46 PM"}, {"boundingPoly": {"vertices": [{"x": 228.0, "y": 1067.0}, {"x": 501.0, "y": 1066.0}, {"x": 501.0, "y": 1124.0}, {"x": 228.0, "y": 1125.0}]}, "description": "Check 120"}, {"boundingPoly": {"vertices": [{"x": 220.0, "y": 1131.0}, {"x": 522.0, "y": 1132.0}, {"x": 522.0, "y": 1188.0}, {"x": 220.0, "y": 1186.0}]}, "description": "Barbara S."}, {"boundingPoly": {"vertices": [{"x": 213.0, "y": 1196.0}, {"x": 746.0, "y": 1196.0}, {"x": 746.0, "y": 1256.0}, {"x": 213.0, "y": 1256.0}]}, "description": " Station UL Up Bar"}, {"boundingPoly": {"vertices": [{"x": 677.0, "y": 950.0}, {"x": 907.0, "y": 950.0}, {"x": 907.0, "y": 1005.0}, {"x": 677.0, "y": 1005.0}]}, "description": " 11212019"}, {"boundingPoly": {"vertices": [{"x": 637.0, "y": 1067.0}, {"x": 877.0, "y": 1067.0}, {"x": 876.0, "y": 1124.0}, {"x": 637.0, "y": 1123.0}]}, "description": "Tab TB13"}, {"boundingPoly": {"vertices": [{"x": 755.0, "y": 1196.0}, {"x": 784.0, "y": 1196.0}, {"x": 784.0, "y": 1256.0}, {"x": 755.0, "y": 1256.0}]}, "description": " 1"}, {"boundingPoly": {"vertices": [{"x": 205.0, "y": 1328.0}, {"x": 889.0, "y": 1328.0}, {"x": 889.0, "y": 1385.0}, {"x": 205.0, "y": 1385.0}]}, "description": " Cardholder agrees to pay TOTAL"}, {"boundingPoly": {"vertices": [{"x": 447.0, "y": 1400.0}, {"x": 1036.0, "y": 1400.0}, {"x": 1036.0, "y": 1457.0}, {"x": 447.0, "y": 1457.0}]}, "description": " goods & services rendered."}, {"boundingPoly": {"vertices": [{"x": 898.0, "y": 1328.0}, {"x": 1023.0, "y": 1328.0}, {"x": 1023.0, "y": 1381.0}, {"x": 898.0, "y": 1381.0}]}, "description": " shown"}, {"boundingPoly": {"vertices": [{"x": 200.0, "y": 1403.0}, {"x": 437.0, "y": 1403.0}, {"x": 437.0, "y": 1460.0}, {"x": 200.0, "y": 1460.0}]}, "description": " hereon for"}, {"boundingPoly": {"vertices": [{"x": 194.0, "y": 1557.0}, {"x": 820.0, "y": 1545.0}, {"x": 821.0, "y": 1607.0}, {"x": 195.0, "y": 1621.0}]}, "description": "Amex XXXXXXXXXXX2008"}, {"boundingPoly": {"vertices": [{"x": 201.0, "y": 1634.0}, {"x": 733.0, "y": 1619.0}, {"x": 735.0, "y": 1685.0}, {"x": 201.0, "y": 1702.0}]}, "description": "Approval AP526174"}, {"boundingPoly": {"vertices": [{"x": 177.0, "y": 1769.0}, {"x": 314.0, "y": 1771.0}, {"x": 313.0, "y": 1826.0}, {"x": 178.0, "y": 1826.0}]}, "description": "BASE"}, {"boundingPoly": {"vertices": [{"x": 1290.0, "y": 1749.0}, {"x": 1473.0, "y": 1747.0}, {"x": 1474.0, "y": 1802.0}, {"x": 1291.0, "y": 1806.0}]}, "description": "$16.20"}, {"boundingPoly": {"vertices": [{"x": 1071.0, "y": 1822.0}, {"x": 1493.0, "y": 1812.0}, {"x": 1502.0, "y": 1934.0}, {"x": 1081.0, "y": 1973.0}]}, "description": "$2.00"}, {"boundingPoly": {"vertices": [{"x": 1092.0, "y": 2031.0}, {"x": 1565.0, "y": 2031.0}, {"x": 1565.0, "y": 2213.0}, {"x": 1092.0, "y": 2213.0}]}, "description": " $ 18:20"}, {"boundingPoly": {"vertices": [{"x": 150.0, "y": 1910.0}, {"x": 256.0, "y": 1909.0}, {"x": 254.0, "y": 1976.0}, {"x": 151.0, "y": 1977.0}]}, "description": "TIP"}, {"boundingPoly": {"vertices": [{"x": 121.0, "y": 2154.0}, {"x": 288.0, "y": 2152.0}, {"x": 289.0, "y": 2222.0}, {"x": 119.0, "y": 2224.0}]}, "description": "TOTAL"}, {"boundingPoly": {"vertices": [{"x": 581.0, "y": 2392.0}, {"x": 1026.0, "y": 2382.0}, {"x": 1027.0, "y": 2484.0}, {"x": 583.0, "y": 2495.0}]}, "description": "Customer Copy"}, {"boundingPoly": {"vertices": [{"x": 75.0, "y": 2605.0}, {"x": 1455.0, "y": 2552.0}, {"x": 1459.0, "y": 2633.0}, {"x": 79.0, "y": 2692.0}]}, "description": "Topgolf pre authorizes each credit card"}, {"boundingPoly": {"vertices": [{"x": 70.0, "y": 2791.0}, {"x": 678.0, "y": 2768.0}, {"x": 681.0, "y": 2842.0}, {"x": 73.0, "y": 2865.0}]}, "description": "charges incurred."}, {"boundingPoly": {"vertices": [{"x": 67.0, "y": 2698.0}, {"x": 1342.0, "y": 2646.0}, {"x": 1343.0, "y": 2730.0}, {"x": 70.0, "y": 2777.0}]}, "description": "Guest acknowledges responsibilty for"}]}