{"textAnnotations": [{"boundingPoly": {"vertices": [{"x": 801.0, "y": 197.0}, {"x": 1381.0, "y": 211.0}, {"x": 1380.0, "y": 266.0}, {"x": 801.0, "y": 251.0}]}, "description": "Thank You For Visiting the"}, {"boundingPoly": {"vertices": [{"x": 1244.0, "y": 264.0}, {"x": 1275.0, "y": 264.0}, {"x": 1275.0, "y": 315.0}, {"x": 1244.0, "y": 315.0}]}, "description": "merchant name"}, {"boundingPoly": {"vertices": [{"x": 906.0, "y": 314.0}, {"x": 1270.0, "y": 323.0}, {"x": 1269.0, "y": 373.0}, {"x": 905.0, "y": 365.0}]}, "description": "Matthew Fraysier"}, {"boundingPoly": {"vertices": [{"x": 926.0, "y": 372.0}, {"x": 1256.0, "y": 380.0}, {"x": 1254.0, "y": 429.0}, {"x": 926.0, "y": 420.0}]}, "description": "General Manager"}, {"boundingPoly": {"vertices": [{"x": 950.0, "y": 429.0}, {"x": 1243.0, "y": 430.0}, {"x": 1243.0, "y": 479.0}, {"x": 950.0, "y": 478.0}]}, "description": "merchant phone"}, {"boundingPoly": {"vertices": [{"x": 848.0, "y": 481.0}, {"x": 1331.0, "y": 484.0}, {"x": 1331.0, "y": 536.0}, {"x": 848.0, "y": 533.0}]}, "description": "We Love Your Feedback!"}, {"boundingPoly": {"vertices": [{"x": 847.0, "y": 535.0}, {"x": 1351.0, "y": 535.0}, {"x": 1351.0, "y": 588.0}, {"x": 847.0, "y": 588.0}]}, "description": "Text @LTF11479 to 73940"}, {"boundingPoly": {"vertices": [{"x": 810.0, "y": 254.0}, {"x": 1237.0, "y": 254.0}, {"x": 1237.0, "y": 315.0}, {"x": 810.0, "y": 315.0}]}, "description": "merchant name"}, {"boundingPoly": {"vertices": [{"x": 1282.0, "y": 264.0}, {"x": 1363.0, "y": 264.0}, {"x": 1363.0, "y": 315.0}, {"x": 1282.0, "y": 315.0}]}, "description": "merchant name"}, {"boundingPoly": {"vertices": [{"x": 1484.0, "y": 641.0}, {"x": 1555.0, "y": 644.0}, {"x": 1554.0, "y": 690.0}, {"x": 1483.0, "y": 688.0}]}, "description": "USD"}, {"boundingPoly": {"vertices": [{"x": 1467.0, "y": 701.0}, {"x": 1556.0, "y": 698.0}, {"x": 1557.0, "y": 744.0}, {"x": 1469.0, "y": 745.0}]}, "description": "1.80"}, {"boundingPoly": {"vertices": [{"x": 1467.0, "y": 754.0}, {"x": 1557.0, "y": 751.0}, {"x": 1557.0, "y": 791.0}, {"x": 1472.0, "y": 793.0}]}, "description": "1.80"}, {"boundingPoly": {"vertices": [{"x": 654.0, "y": 702.0}, {"x": 909.0, "y": 701.0}, {"x": 909.0, "y": 753.0}, {"x": 654.0, "y": 754.0}]}, "description": "Sprite 20oz"}, {"boundingPoly": {"vertices": [{"x": 662.0, "y": 762.0}, {"x": 905.0, "y": 757.0}, {"x": 906.0, "y": 806.0}, {"x": 663.0, "y": 810.0}]}, "description": "Sprite 20oz"}, {"boundingPoly": {"vertices": [{"x": 1167.0, "y": 853.0}, {"x": 1364.0, "y": 847.0}, {"x": 1365.0, "y": 892.0}, {"x": 1169.0, "y": 898.0}]}, "description": "Sub Total"}, {"boundingPoly": {"vertices": [{"x": 1169.0, "y": 906.0}, {"x": 1389.0, "y": 899.0}, {"x": 1391.0, "y": 943.0}, {"x": 1169.0, "y": 950.0}]}, "description": "Tax Amount"}, {"boundingPoly": {"vertices": [{"x": 1479.0, "y": 845.0}, {"x": 1570.0, "y": 841.0}, {"x": 1571.0, "y": 885.0}, {"x": 1479.0, "y": 887.0}]}, "description": "3.60"}, {"boundingPoly": {"vertices": [{"x": 1475.0, "y": 896.0}, {"x": 1571.0, "y": 893.0}, {"x": 1572.0, "y": 940.0}, {"x": 1477.0, "y": 941.0}]}, "description": "0.32"}, {"boundingPoly": {"vertices": [{"x": 646.0, "y": 1075.0}, {"x": 1044.0, "y": 1069.0}, {"x": 1045.0, "y": 1154.0}, {"x": 647.0, "y": 1162.0}]}, "description": "Total USD"}, {"boundingPoly": {"vertices": [{"x": 1380.0, "y": 1058.0}, {"x": 1568.0, "y": 1057.0}, {"x": 1569.0, "y": 1143.0}, {"x": 1381.0, "y": 1147.0}]}, "description": "3.92"}, {"boundingPoly": {"vertices": [{"x": 658.0, "y": 1324.0}, {"x": 861.0, "y": 1323.0}, {"x": 862.0, "y": 1370.0}, {"x": 658.0, "y": 1372.0}]}, "description": "5008 AMEX"}, {"boundingPoly": {"vertices": [{"x": 1475.0, "y": 1305.0}, {"x": 1586.0, "y": 1305.0}, {"x": 1584.0, "y": 1349.0}, {"x": 1476.0, "y": 1350.0}]}, "description": "3.92."}, {"boundingPoly": {"vertices": [{"x": 679.0, "y": 1481.0}, {"x": 745.0, "y": 1483.0}, {"x": 743.0, "y": 1524.0}, {"x": 676.0, "y": 1522.0}]}, "description": "Tax"}, {"boundingPoly": {"vertices": [{"x": 682.0, "y": 1525.0}, {"x": 851.0, "y": 1523.0}, {"x": 852.0, "y": 1569.0}, {"x": 683.0, "y": 1572.0}]}, "description": "() 8,875"}, {"boundingPoly": {"vertices": [{"x": 1015.0, "y": 1464.0}, {"x": 1332.0, "y": 1464.0}, {"x": 1332.0, "y": 1516.0}, {"x": 1015.0, "y": 1516.0}]}, "description": " Taxable Amount"}, {"boundingPoly": {"vertices": [{"x": 1228.0, "y": 1516.0}, {"x": 1319.0, "y": 1515.0}, {"x": 1320.0, "y": 1558.0}, {"x": 1227.0, "y": 1558.0}]}, "description": "3.60"}, {"boundingPoly": {"vertices": [{"x": 1349.0, "y": 1460.0}, {"x": 1569.0, "y": 1460.0}, {"x": 1569.0, "y": 1512.0}, {"x": 1349.0, "y": 1512.0}]}, "description": " Tax Amount"}, {"boundingPoly": {"vertices": [{"x": 1486.0, "y": 1514.0}, {"x": 1571.0, "y": 1513.0}, {"x": 1569.0, "y": 1557.0}, {"x": 1484.0, "y": 1558.0}]}, "description": "0.32"}, {"boundingPoly": {"vertices": [{"x": 682.0, "y": 1661.0}, {"x": 1577.0, "y": 1661.0}, {"x": 1577.0, "y": 1728.0}, {"x": 682.0, "y": 1728.0}]}, "description": " 11/18/2019 01:44 PM #:41292 Op:4022 C:111"}, {"boundingPoly": {"vertices": [{"x": 686.0, "y": 1727.0}, {"x": 898.0, "y": 1727.0}, {"x": 898.0, "y": 1781.0}, {"x": 686.0, "y": 1781.0}]}, "description": " 106 S:1111"}, {"boundingPoly": {"vertices": [{"x": 682.0, "y": 1781.0}, {"x": 903.0, "y": 1781.0}, {"x": 903.0, "y": 1832.0}, {"x": 682.0, "y": 1832.0}]}, "description": " Served you"}, {"boundingPoly": {"vertices": [{"x": 912.0, "y": 1772.0}, {"x": 1255.0, "y": 1772.0}, {"x": 1255.0, "y": 1831.0}, {"x": 912.0, "y": 1831.0}]}, "description": " : Ethlyn St-Paul"}, {"boundingPoly": {"vertices": [{"x": 869.0, "y": 1994.0}, {"x": 1331.0, "y": 1990.0}, {"x": 1331.0, "y": 2037.0}, {"x": 869.0, "y": 2041.0}]}, "description": "*** Customer copy ***"}, {"boundingPoly": {"vertices": [{"x": 955.0, "y": 2099.0}, {"x": 1257.0, "y": 2098.0}, {"x": 1258.0, "y": 2150.0}, {"x": 956.0, "y": 2152.0}]}, "description": "AMEX NY937 (6)"}, {"boundingPoly": {"vertices": [{"x": 662.0, "y": 2210.0}, {"x": 1093.0, "y": 2209.0}, {"x": 1094.0, "y": 2260.0}, {"x": 662.0, "y": 2261.0}]}, "description": "PURCHASE / APPROVED"}, {"boundingPoly": {"vertices": [{"x": 667.0, "y": 2271.0}, {"x": 760.0, "y": 2269.0}, {"x": 759.0, "y": 2313.0}, {"x": 667.0, "y": 2313.0}]}, "description": "AMEX"}, {"boundingPoly": {"vertices": [{"x": 664.0, "y": 2325.0}, {"x": 1005.0, "y": 2325.0}, {"x": 1005.0, "y": 2370.0}, {"x": 664.0, "y": 2369.0}]}, "description": "*********** 1000"}, {"boundingPoly": {"vertices": [{"x": 659.0, "y": 2379.0}, {"x": 1115.0, "y": 2378.0}, {"x": 1115.0, "y": 2430.0}, {"x": 659.0, "y": 2432.0}]}, "description": "CONTACTLESS / No CVM"}, {"boundingPoly": {"vertices": [{"x": 653.0, "y": 2493.0}, {"x": 1094.0, "y": 2493.0}, {"x": 1094.0, "y": 2552.0}, {"x": 653.0, "y": 2552.0}]}, "description": " 2019/11/18 13:44:29"}, {"boundingPoly": {"vertices": [{"x": 659.0, "y": 2561.0}, {"x": 724.0, "y": 2562.0}, {"x": 722.0, "y": 2612.0}, {"x": 657.0, "y": 2611.0}]}, "description": "TID"}, {"boundingPoly": {"vertices": [{"x": 643.0, "y": 2620.0}, {"x": 721.0, "y": 2620.0}, {"x": 722.0, "y": 2667.0}, {"x": 644.0, "y": 2667.0}]}, "description": "MID"}, {"boundingPoly": {"vertices": [{"x": 640.0, "y": 2680.0}, {"x": 862.0, "y": 2679.0}, {"x": 863.0, "y": 2736.0}, {"x": 641.0, "y": 2739.0}]}, "description": "REFERENCE"}, {"boundingPoly": {"vertices": [{"x": 637.0, "y": 2745.0}, {"x": 863.0, "y": 2745.0}, {"x": 863.0, "y": 2802.0}, {"x": 637.0, "y": 2802.0}]}, "description": "AUTH CODE"}, {"boundingPoly": {"vertices": [{"x": 1391.0, "y": 2553.0}, {"x": 1579.0, "y": 2551.0}, {"x": 1579.0, "y": 2599.0}, {"x": 1392.0, "y": 2600.0}]}, "description": "**** 6008"}, {"boundingPoly": {"vertices": [{"x": 1415.0, "y": 2614.0}, {"x": 1578.0, "y": 2612.0}, {"x": 1579.0, "y": 2664.0}, {"x": 1416.0, "y": 2666.0}]}, "description": "6634459"}, {"boundingPoly": {"vertices": [{"x": 992.0, "y": 2677.0}, {"x": 1588.0, "y": 2675.0}, {"x": 1588.0, "y": 2730.0}, {"x": 992.0, "y": 2733.0}]}, "description": "S1111T111106#41292@283642"}, {"boundingPoly": {"vertices": [{"x": 1445.0, "y": 2739.0}, {"x": 1590.0, "y": 2739.0}, {"x": 1588.0, "y": 2793.0}, {"x": 1444.0, "y": 2792.0}]}, "description": "540667"}, {"boundingPoly": {"vertices": [{"x": 631.0, "y": 2880.0}, {"x": 751.0, "y": 2879.0}, {"x": 752.0, "y": 2937.0}, {"x": 632.0, "y": 2938.0}]}, "description": "TOTAL"}, {"boundingPoly": {"vertices": [{"x": 1416.0, "y": 2868.0}, {"x": 1602.0, "y": 2868.0}, {"x": 1602.0, "y": 2924.0}, {"x": 1416.0, "y": 2924.0}]}, "description": "USD3.92"}]}