{"textAnnotations": [{"boundingPoly": {"vertices": [{"x": 187.0, "y": 93.0}, {"x": 352.0, "y": 101.0}, {"x": 351.0, "y": 124.0}, {"x": 186.0, "y": 115.0}]}, "description": "merchant name"}, {"boundingPoly": {"vertices": [{"x": 169.0, "y": 136.0}, {"x": 273.0, "y": 136.0}, {"x": 273.0, "y": 160.0}, {"x": 169.0, "y": 160.0}]}, "description": " Receipt No"}, {"boundingPoly": {"vertices": [{"x": 185.0, "y": 160.0}, {"x": 350.0, "y": 160.0}, {"x": 350.0, "y": 186.0}, {"x": 185.0, "y": 186.0}]}, "description": " 29/10/2019, 11:41"}, {"boundingPoly": {"vertices": [{"x": 276.0, "y": 140.0}, {"x": 368.0, "y": 140.0}, {"x": 368.0, "y": 163.0}, {"x": 276.0, "y": 163.0}]}, "description": " : 1186258"}, {"boundingPoly": {"vertices": [{"x": 547.0, "y": 228.0}, {"x": 723.0, "y": 233.0}, {"x": 722.0, "y": 270.0}, {"x": 546.0, "y": 265.0}]}, "description": "merchant name"}, {"boundingPoly": {"vertices": [{"x": 549.0, "y": 274.0}, {"x": 833.0, "y": 282.0}, {"x": 832.0, "y": 303.0}, {"x": 548.0, "y": 295.0}]}, "description": "merchant address"}, {"boundingPoly": {"vertices": [{"x": 548.0, "y": 324.0}, {"x": 689.0, "y": 324.0}, {"x": 689.0, "y": 347.0}, {"x": 548.0, "y": 347.0}]}, "description": " M ***** 56176"}, {"boundingPoly": {"vertices": [{"x": 547.0, "y": 350.0}, {"x": 591.0, "y": 350.0}, {"x": 591.0, "y": 372.0}, {"x": 547.0, "y": 372.0}]}, "description": " AID"}, {"boundingPoly": {"vertices": [{"x": 548.0, "y": 375.0}, {"x": 745.0, "y": 378.0}, {"x": 744.0, "y": 400.0}, {"x": 548.0, "y": 396.0}]}, "description": "AMERICAN EXPRESS"}, {"boundingPoly": {"vertices": [{"x": 547.0, "y": 405.0}, {"x": 602.0, "y": 405.0}, {"x": 601.0, "y": 442.0}, {"x": 547.0, "y": 440.0}]}, "description": "AMEX"}, {"boundingPoly": {"vertices": [{"x": 548.0, "y": 453.0}, {"x": 601.0, "y": 453.0}, {"x": 601.0, "y": 465.0}, {"x": 548.0, "y": 465.0}]}, "description": "****"}, {"boundingPoly": {"vertices": [{"x": 20.0, "y": 259.0}, {"x": 32.0, "y": 259.0}, {"x": 32.0, "y": 281.0}, {"x": 20.0, "y": 281.0}]}, "description": " 1"}, {"boundingPoly": {"vertices": [{"x": 36.0, "y": 260.0}, {"x": 44.0, "y": 260.0}, {"x": 44.0, "y": 281.0}, {"x": 36.0, "y": 281.0}]}, "description": " *"}, {"boundingPoly": {"vertices": [{"x": 47.0, "y": 260.0}, {"x": 198.0, "y": 260.0}, {"x": 198.0, "y": 287.0}, {"x": 47.0, "y": 287.0}]}, "description": " Main take away"}, {"boundingPoly": {"vertices": [{"x": 20.0, "y": 307.0}, {"x": 123.0, "y": 307.0}, {"x": 123.0, "y": 329.0}, {"x": 20.0, "y": 329.0}]}, "description": " Total Items"}, {"boundingPoly": {"vertices": [{"x": 468.0, "y": 271.0}, {"x": 508.0, "y": 271.0}, {"x": 507.0, "y": 289.0}, {"x": 468.0, "y": 289.0}]}, "description": "8.75"}, {"boundingPoly": {"vertices": [{"x": 506.0, "y": 264.0}, {"x": 492.0, "y": 263.0}, {"x": 493.0, "y": 245.0}, {"x": 508.0, "y": 245.0}]}, "description": "3"}, {"boundingPoly": {"vertices": [{"x": 126.0, "y": 308.0}, {"x": 151.0, "y": 308.0}, {"x": 151.0, "y": 329.0}, {"x": 126.0, "y": 329.0}]}, "description": " : 1"}, {"boundingPoly": {"vertices": [{"x": 545.0, "y": 300.0}, {"x": 624.0, "y": 301.0}, {"x": 623.0, "y": 320.0}, {"x": 545.0, "y": 319.0}]}, "description": "merchant address"}, {"boundingPoly": {"vertices": [{"x": 709.0, "y": 328.0}, {"x": 840.0, "y": 328.0}, {"x": 840.0, "y": 352.0}, {"x": 709.0, "y": 352.0}]}, "description": " TID **** 5921"}, {"boundingPoly": {"vertices": [{"x": 598.0, "y": 351.0}, {"x": 818.0, "y": 351.0}, {"x": 818.0, "y": 377.0}, {"x": 598.0, "y": 377.0}]}, "description": " : A000000025010801"}, {"boundingPoly": {"vertices": [{"x": 22.0, "y": 371.0}, {"x": 88.0, "y": 371.0}, {"x": 88.0, "y": 391.0}, {"x": 22.0, "y": 391.0}]}, "description": " No Vat"}, {"boundingPoly": {"vertices": [{"x": 24.0, "y": 399.0}, {"x": 166.0, "y": 399.0}, {"x": 166.0, "y": 419.0}, {"x": 24.0, "y": 419.0}]}, "description": " AMOUNT DUE"}, {"boundingPoly": {"vertices": [{"x": 91.0, "y": 371.0}, {"x": 103.0, "y": 371.0}, {"x": 103.0, "y": 391.0}, {"x": 91.0, "y": 391.0}]}, "description": " :"}, {"boundingPoly": {"vertices": [{"x": 467.0, "y": 376.0}, {"x": 505.0, "y": 376.0}, {"x": 505.0, "y": 394.0}, {"x": 467.0, "y": 394.0}]}, "description": "0.00"}, {"boundingPoly": {"vertices": [{"x": 464.0, "y": 401.0}, {"x": 504.0, "y": 403.0}, {"x": 504.0, "y": 420.0}, {"x": 463.0, "y": 420.0}]}, "description": "8.75"}, {"boundingPoly": {"vertices": [{"x": 169.0, "y": 399.0}, {"x": 180.0, "y": 399.0}, {"x": 180.0, "y": 419.0}, {"x": 169.0, "y": 419.0}]}, "description": " :"}, {"boundingPoly": {"vertices": [{"x": 610.0, "y": 453.0}, {"x": 722.0, "y": 453.0}, {"x": 722.0, "y": 471.0}, {"x": 610.0, "y": 471.0}]}, "description": " **** *** 1"}, {"boundingPoly": {"vertices": [{"x": 545.0, "y": 475.0}, {"x": 686.0, "y": 477.0}, {"x": 686.0, "y": 498.0}, {"x": 545.0, "y": 497.0}]}, "description": "CONTACTLESS"}, {"boundingPoly": {"vertices": [{"x": 545.0, "y": 501.0}, {"x": 598.0, "y": 501.0}, {"x": 597.0, "y": 521.0}, {"x": 545.0, "y": 520.0}]}, "description": "SALE"}, {"boundingPoly": {"vertices": [{"x": 545.0, "y": 529.0}, {"x": 735.0, "y": 529.0}, {"x": 735.0, "y": 568.0}, {"x": 545.0, "y": 569.0}]}, "description": "CARDHOLDER COPY"}, {"boundingPoly": {"vertices": [{"x": 731.0, "y": 454.0}, {"x": 769.0, "y": 454.0}, {"x": 769.0, "y": 475.0}, {"x": 731.0, "y": 475.0}]}, "description": " 002"}, {"boundingPoly": {"vertices": [{"x": 712.0, "y": 477.0}, {"x": 842.0, "y": 479.0}, {"x": 841.0, "y": 500.0}, {"x": 712.0, "y": 498.0}]}, "description": "PAN. SEQ 00"}, {"boundingPoly": {"vertices": [{"x": 22.0, "y": 483.0}, {"x": 162.0, "y": 483.0}, {"x": 162.0, "y": 505.0}, {"x": 22.0, "y": 505.0}]}, "description": "Card Payment"}, {"boundingPoly": {"vertices": [{"x": 23.0, "y": 509.0}, {"x": 169.0, "y": 509.0}, {"x": 169.0, "y": 531.0}, {"x": 23.0, "y": 531.0}]}, "description": " AMOUNT PAID"}, {"boundingPoly": {"vertices": [{"x": 172.0, "y": 509.0}, {"x": 183.0, "y": 509.0}, {"x": 183.0, "y": 530.0}, {"x": 172.0, "y": 530.0}]}, "description": " :"}, {"boundingPoly": {"vertices": [{"x": 467.0, "y": 509.0}, {"x": 503.0, "y": 509.0}, {"x": 503.0, "y": 526.0}, {"x": 467.0, "y": 526.0}]}, "description": "8.75"}, {"boundingPoly": {"vertices": [{"x": 112.0, "y": 570.0}, {"x": 308.0, "y": 570.0}, {"x": 308.0, "y": 594.0}, {"x": 112.0, "y": 594.0}]}, "description": " You were attended by"}, {"boundingPoly": {"vertices": [{"x": 231.0, "y": 611.0}, {"x": 309.0, "y": 610.0}, {"x": 309.0, "y": 626.0}, {"x": 231.0, "y": 627.0}]}, "description": "*****"}, {"boundingPoly": {"vertices": [{"x": 38.0, "y": 649.0}, {"x": 491.0, "y": 638.0}, {"x": 492.0, "y": 661.0}, {"x": 38.0, "y": 672.0}]}, "description": "Thank you for shopping at Food Filosophy Please"}, {"boundingPoly": {"vertices": [{"x": 312.0, "y": 569.0}, {"x": 425.0, "y": 569.0}, {"x": 425.0, "y": 592.0}, {"x": 312.0, "y": 592.0}]}, "description": " : Riccardo V"}, {"boundingPoly": {"vertices": [{"x": 544.0, "y": 607.0}, {"x": 623.0, "y": 606.0}, {"x": 622.0, "y": 642.0}, {"x": 544.0, "y": 643.0}]}, "description": "AMOUNT"}, {"boundingPoly": {"vertices": [{"x": 544.0, "y": 658.0}, {"x": 685.0, "y": 654.0}, {"x": 686.0, "y": 693.0}, {"x": 544.0, "y": 697.0}]}, "description": "No CVM Used"}, {"boundingPoly": {"vertices": [{"x": 548.0, "y": 702.0}, {"x": 734.0, "y": 702.0}, {"x": 734.0, "y": 726.0}, {"x": 548.0, "y": 726.0}]}, "description": " 11:07 29/10/19"}, {"boundingPoly": {"vertices": [{"x": 544.0, "y": 735.0}, {"x": 671.0, "y": 735.0}, {"x": 671.0, "y": 774.0}, {"x": 544.0, "y": 774.0}]}, "description": " AUTH CODE:"}, {"boundingPoly": {"vertices": [{"x": 779.0, "y": 605.0}, {"x": 843.0, "y": 604.0}, {"x": 843.0, "y": 644.0}, {"x": 779.0, "y": 645.0}]}, "description": "\u00a38.75"}, {"boundingPoly": {"vertices": [{"x": 168.0, "y": 672.0}, {"x": 369.0, "y": 666.0}, {"x": 370.0, "y": 687.0}, {"x": 168.0, "y": 693.0}]}, "description": "retain for your records"}, {"boundingPoly": {"vertices": [{"x": 122.0, "y": 714.0}, {"x": 413.0, "y": 707.0}, {"x": 413.0, "y": 728.0}, {"x": 123.0, "y": 735.0}]}, "description": "HELFY LTD T/A Food Filosophy"}, {"boundingPoly": {"vertices": [{"x": 22.0, "y": 743.0}, {"x": 502.0, "y": 727.0}, {"x": 503.0, "y": 747.0}, {"x": 23.0, "y": 765.0}]}, "description": "merchant address"}, {"boundingPoly": {"vertices": [{"x": 202.0, "y": 786.0}, {"x": 336.0, "y": 780.0}, {"x": 337.0, "y": 800.0}, {"x": 203.0, "y": 805.0}]}, "description": "GB193799147"}, {"boundingPoly": {"vertices": [{"x": 205.0, "y": 810.0}, {"x": 330.0, "y": 805.0}, {"x": 331.0, "y": 824.0}, {"x": 206.0, "y": 829.0}]}, "description": "merchant phone"}, {"boundingPoly": {"vertices": [{"x": 770.0, "y": 733.0}, {"x": 797.0, "y": 733.0}, {"x": 795.0, "y": 767.0}, {"x": 767.0, "y": 767.0}]}, "description": "24"}, {"boundingPoly": {"vertices": [{"x": 252.0, "y": 761.0}, {"x": 287.0, "y": 761.0}, {"x": 287.0, "y": 777.0}, {"x": 252.0, "y": 778.0}]}, "description": "OLJ"}, {"boundingPoly": {"vertices": [{"x": 142.0, "y": 837.0}, {"x": 390.0, "y": 826.0}, {"x": 391.0, "y": 848.0}, {"x": 143.0, "y": 859.0}]}, "description": "foodfilosophy2@gmail.com"}]}