{"textAnnotations": [{"boundingPoly": {"vertices": [{"x": 770.0, "y": 40.0}, {"x": 1235.0, "y": 56.0}, {"x": 1233.0, "y": 97.0}, {"x": 770.0, "y": 80.0}]}, "description": "Thank You For Visiting the"}, {"boundingPoly": {"vertices": [{"x": 854.0, "y": 123.0}, {"x": 1142.0, "y": 123.0}, {"x": 1142.0, "y": 162.0}, {"x": 854.0, "y": 161.0}]}, "description": "Matthew Fraysier"}, {"boundingPoly": {"vertices": [{"x": 869.0, "y": 167.0}, {"x": 1135.0, "y": 168.0}, {"x": 1134.0, "y": 205.0}, {"x": 869.0, "y": 203.0}]}, "description": "General Manager"}, {"boundingPoly": {"vertices": [{"x": 883.0, "y": 206.0}, {"x": 1118.0, "y": 207.0}, {"x": 1118.0, "y": 244.0}, {"x": 883.0, "y": 242.0}]}, "description": "merchant phone"}, {"boundingPoly": {"vertices": [{"x": 802.0, "y": 243.0}, {"x": 1197.0, "y": 250.0}, {"x": 1196.0, "y": 289.0}, {"x": 801.0, "y": 283.0}]}, "description": "We Love Your Feedback!"}, {"boundingPoly": {"vertices": [{"x": 792.0, "y": 287.0}, {"x": 1208.0, "y": 292.0}, {"x": 1207.0, "y": 336.0}, {"x": 792.0, "y": 330.0}]}, "description": "Text @LTF11479 to 73940"}, {"boundingPoly": {"vertices": [{"x": 772.0, "y": 78.0}, {"x": 1121.0, "y": 78.0}, {"x": 1121.0, "y": 123.0}, {"x": 772.0, "y": 123.0}]}, "description": "merchant name"}, {"boundingPoly": {"vertices": [{"x": 1128.0, "y": 88.0}, {"x": 1154.0, "y": 88.0}, {"x": 1154.0, "y": 124.0}, {"x": 1128.0, "y": 124.0}]}, "description": " -"}, {"boundingPoly": {"vertices": [{"x": 1161.0, "y": 88.0}, {"x": 1226.0, "y": 88.0}, {"x": 1226.0, "y": 126.0}, {"x": 1161.0, "y": 126.0}]}, "description": "merchant name"}, {"boundingPoly": {"vertices": [{"x": 641.0, "y": 413.0}, {"x": 893.0, "y": 417.0}, {"x": 892.0, "y": 461.0}, {"x": 640.0, "y": 458.0}]}, "description": "Grilled Cheese"}, {"boundingPoly": {"vertices": [{"x": 637.0, "y": 459.0}, {"x": 936.0, "y": 463.0}, {"x": 936.0, "y": 504.0}, {"x": 636.0, "y": 501.0}]}, "description": "Multigrain Bread"}, {"boundingPoly": {"vertices": [{"x": 640.0, "y": 506.0}, {"x": 919.0, "y": 507.0}, {"x": 918.0, "y": 546.0}, {"x": 640.0, "y": 543.0}]}, "description": "American Cheese"}, {"boundingPoly": {"vertices": [{"x": 649.0, "y": 549.0}, {"x": 754.0, "y": 550.0}, {"x": 754.0, "y": 586.0}, {"x": 648.0, "y": 585.0}]}, "description": "Tomato"}, {"boundingPoly": {"vertices": [{"x": 645.0, "y": 594.0}, {"x": 772.0, "y": 591.0}, {"x": 773.0, "y": 628.0}, {"x": 645.0, "y": 630.0}]}, "description": "Avocado"}, {"boundingPoly": {"vertices": [{"x": 642.0, "y": 633.0}, {"x": 984.0, "y": 634.0}, {"x": 984.0, "y": 673.0}, {"x": 642.0, "y": 672.0}]}, "description": "Tropicana Cranberry"}, {"boundingPoly": {"vertices": [{"x": 642.0, "y": 674.0}, {"x": 957.0, "y": 674.0}, {"x": 957.0, "y": 718.0}, {"x": 642.0, "y": 718.0}]}, "description": " Chip Lays Classic"}, {"boundingPoly": {"vertices": [{"x": 1315.0, "y": 386.0}, {"x": 1379.0, "y": 386.0}, {"x": 1378.0, "y": 422.0}, {"x": 1314.0, "y": 422.0}]}, "description": "USD"}, {"boundingPoly": {"vertices": [{"x": 1308.0, "y": 431.0}, {"x": 1371.0, "y": 430.0}, {"x": 1368.0, "y": 463.0}, {"x": 1305.0, "y": 464.0}]}, "description": "3.49"}, {"boundingPoly": {"vertices": [{"x": 1303.0, "y": 469.0}, {"x": 1379.0, "y": 470.0}, {"x": 1376.0, "y": 503.0}, {"x": 1300.0, "y": 502.0}]}, "description": "0.00"}, {"boundingPoly": {"vertices": [{"x": 1299.0, "y": 513.0}, {"x": 1381.0, "y": 513.0}, {"x": 1379.0, "y": 547.0}, {"x": 1298.0, "y": 547.0}]}, "description": "0.00"}, {"boundingPoly": {"vertices": [{"x": 1305.0, "y": 558.0}, {"x": 1372.0, "y": 556.0}, {"x": 1371.0, "y": 590.0}, {"x": 1304.0, "y": 591.0}]}, "description": "0.15"}, {"boundingPoly": {"vertices": [{"x": 1302.0, "y": 600.0}, {"x": 1370.0, "y": 596.0}, {"x": 1372.0, "y": 629.0}, {"x": 1303.0, "y": 633.0}]}, "description": "0.99"}, {"boundingPoly": {"vertices": [{"x": 1303.0, "y": 638.0}, {"x": 1375.0, "y": 639.0}, {"x": 1375.0, "y": 671.0}, {"x": 1301.0, "y": 671.0}]}, "description": "2.05"}, {"boundingPoly": {"vertices": [{"x": 1316.0, "y": 673.0}, {"x": 1378.0, "y": 674.0}, {"x": 1376.0, "y": 714.0}, {"x": 1314.0, "y": 713.0}]}, "description": "1.30"}, {"boundingPoly": {"vertices": [{"x": 966.0, "y": 674.0}, {"x": 988.0, "y": 674.0}, {"x": 988.0, "y": 717.0}, {"x": 966.0, "y": 717.0}]}, "description": " 1"}, {"boundingPoly": {"vertices": [{"x": 1050.0, "y": 765.0}, {"x": 1217.0, "y": 766.0}, {"x": 1216.0, "y": 809.0}, {"x": 1050.0, "y": 808.0}]}, "description": "Sub Total"}, {"boundingPoly": {"vertices": [{"x": 1051.0, "y": 812.0}, {"x": 1233.0, "y": 812.0}, {"x": 1233.0, "y": 854.0}, {"x": 1051.0, "y": 853.0}]}, "description": "Tax Amount"}, {"boundingPoly": {"vertices": [{"x": 1308.0, "y": 769.0}, {"x": 1377.0, "y": 769.0}, {"x": 1377.0, "y": 807.0}, {"x": 1308.0, "y": 807.0}]}, "description": "7.98"}, {"boundingPoly": {"vertices": [{"x": 1306.0, "y": 815.0}, {"x": 1371.0, "y": 814.0}, {"x": 1370.0, "y": 849.0}, {"x": 1305.0, "y": 850.0}]}, "description": "0.71"}, {"boundingPoly": {"vertices": [{"x": 630.0, "y": 940.0}, {"x": 955.0, "y": 938.0}, {"x": 955.0, "y": 1014.0}, {"x": 630.0, "y": 1016.0}]}, "description": "Total USD"}, {"boundingPoly": {"vertices": [{"x": 1220.0, "y": 944.0}, {"x": 1374.0, "y": 943.0}, {"x": 1372.0, "y": 1013.0}, {"x": 1221.0, "y": 1013.0}]}, "description": "8.69"}, {"boundingPoly": {"vertices": [{"x": 633.0, "y": 1136.0}, {"x": 1011.0, "y": 1138.0}, {"x": 1010.0, "y": 1179.0}, {"x": 633.0, "y": 1176.0}]}, "description": "5009 AMERICAN EXPRESS"}, {"boundingPoly": {"vertices": [{"x": 1307.0, "y": 1141.0}, {"x": 1376.0, "y": 1142.0}, {"x": 1374.0, "y": 1179.0}, {"x": 1305.0, "y": 1178.0}]}, "description": "8.69"}, {"boundingPoly": {"vertices": [{"x": 630.0, "y": 1268.0}, {"x": 689.0, "y": 1266.0}, {"x": 688.0, "y": 1300.0}, {"x": 630.0, "y": 1301.0}]}, "description": "Tax"}, {"boundingPoly": {"vertices": [{"x": 632.0, "y": 1303.0}, {"x": 773.0, "y": 1304.0}, {"x": 773.0, "y": 1349.0}, {"x": 632.0, "y": 1348.0}]}, "description": "() 8.875"}, {"boundingPoly": {"vertices": [{"x": 631.0, "y": 1348.0}, {"x": 833.0, "y": 1348.0}, {"x": 833.0, "y": 1392.0}, {"x": 631.0, "y": 1392.0}]}, "description": " (Sunrise FL"}, {"boundingPoly": {"vertices": [{"x": 915.0, "y": 1265.0}, {"x": 1184.0, "y": 1265.0}, {"x": 1184.0, "y": 1307.0}, {"x": 915.0, "y": 1307.0}]}, "description": " Taxable Amount"}, {"boundingPoly": {"vertices": [{"x": 1098.0, "y": 1311.0}, {"x": 1166.0, "y": 1310.0}, {"x": 1163.0, "y": 1348.0}, {"x": 1095.0, "y": 1349.0}]}, "description": "7.98"}, {"boundingPoly": {"vertices": [{"x": 875.0, "y": 1348.0}, {"x": 1170.0, "y": 1348.0}, {"x": 1170.0, "y": 1392.0}, {"x": 875.0, "y": 1392.0}]}, "description": " DO NOT USE) 0.00"}, {"boundingPoly": {"vertices": [{"x": 1196.0, "y": 1267.0}, {"x": 1376.0, "y": 1267.0}, {"x": 1376.0, "y": 1307.0}, {"x": 1196.0, "y": 1307.0}]}, "description": " Tax Amount"}, {"boundingPoly": {"vertices": [{"x": 1314.0, "y": 1314.0}, {"x": 1372.0, "y": 1314.0}, {"x": 1373.0, "y": 1348.0}, {"x": 1315.0, "y": 1348.0}]}, "description": "0.71"}, {"boundingPoly": {"vertices": [{"x": 1307.0, "y": 1358.0}, {"x": 1377.0, "y": 1357.0}, {"x": 1376.0, "y": 1389.0}, {"x": 1306.0, "y": 1389.0}]}, "description": "0.00"}, {"boundingPoly": {"vertices": [{"x": 840.0, "y": 1348.0}, {"x": 868.0, "y": 1348.0}, {"x": 868.0, "y": 1392.0}, {"x": 840.0, "y": 1392.0}]}, "description": " -"}, {"boundingPoly": {"vertices": [{"x": 625.0, "y": 1476.0}, {"x": 1382.0, "y": 1476.0}, {"x": 1382.0, "y": 1518.0}, {"x": 625.0, "y": 1518.0}]}, "description": " 11/21/2019 09:12 AM #:42202 Op:4022 C:111"}, {"boundingPoly": {"vertices": [{"x": 622.0, "y": 1515.0}, {"x": 819.0, "y": 1515.0}, {"x": 819.0, "y": 1553.0}, {"x": 622.0, "y": 1553.0}]}, "description": " 106 S:1111"}, {"boundingPoly": {"vertices": [{"x": 613.0, "y": 1555.0}, {"x": 815.0, "y": 1555.0}, {"x": 815.0, "y": 1596.0}, {"x": 613.0, "y": 1596.0}]}, "description": " Served you"}, {"boundingPoly": {"vertices": [{"x": 821.0, "y": 1554.0}, {"x": 1120.0, "y": 1554.0}, {"x": 1120.0, "y": 1597.0}, {"x": 821.0, "y": 1597.0}]}, "description": " : Ethlyn St-Paul"}, {"boundingPoly": {"vertices": [{"x": 780.0, "y": 1730.0}, {"x": 1181.0, "y": 1731.0}, {"x": 1181.0, "y": 1769.0}, {"x": 780.0, "y": 1767.0}]}, "description": "*** Customer copy ***"}, {"boundingPoly": {"vertices": [{"x": 851.0, "y": 1818.0}, {"x": 1118.0, "y": 1817.0}, {"x": 1118.0, "y": 1862.0}, {"x": 851.0, "y": 1862.0}]}, "description": "AMEX NY937 (6)"}, {"boundingPoly": {"vertices": [{"x": 618.0, "y": 1867.0}, {"x": 1333.0, "y": 1867.0}, {"x": 1333.0, "y": 1911.0}, {"x": 618.0, "y": 1911.0}]}, "description": "I agree to pay the above total amount"}, {"boundingPoly": {"vertices": [{"x": 747.0, "y": 1916.0}, {"x": 1220.0, "y": 1913.0}, {"x": 1221.0, "y": 1954.0}, {"x": 747.0, "y": 1958.0}]}, "description": "according to card issuer"}, {"boundingPoly": {"vertices": [{"x": 1178.0, "y": 1956.0}, {"x": 1349.0, "y": 1956.0}, {"x": 1349.0, "y": 2004.0}, {"x": 1178.0, "y": 2004.0}]}, "description": " if Credit"}, {"boundingPoly": {"vertices": [{"x": 651.0, "y": 2011.0}, {"x": 1292.0, "y": 2007.0}, {"x": 1293.0, "y": 2051.0}, {"x": 651.0, "y": 2056.0}]}, "description": "Voucher)Retain this copy for your"}, {"boundingPoly": {"vertices": [{"x": 908.0, "y": 2062.0}, {"x": 1059.0, "y": 2060.0}, {"x": 1060.0, "y": 2100.0}, {"x": 908.0, "y": 2102.0}]}, "description": "records."}, {"boundingPoly": {"vertices": [{"x": 592.0, "y": 1959.0}, {"x": 1171.0, "y": 1959.0}, {"x": 1171.0, "y": 2008.0}, {"x": 592.0, "y": 2008.0}]}, "description": " agreement. (Merchant agreement"}, {"boundingPoly": {"vertices": [{"x": 585.0, "y": 2161.0}, {"x": 971.0, "y": 2153.0}, {"x": 972.0, "y": 2201.0}, {"x": 586.0, "y": 2209.0}]}, "description": "PURCHASE / APPROVED"}, {"boundingPoly": {"vertices": [{"x": 582.0, "y": 2214.0}, {"x": 909.0, "y": 2207.0}, {"x": 910.0, "y": 2250.0}, {"x": 583.0, "y": 2258.0}]}, "description": "AMERICAN EXPRESS"}, {"boundingPoly": {"vertices": [{"x": 583.0, "y": 2266.0}, {"x": 889.0, "y": 2259.0}, {"x": 890.0, "y": 2299.0}, {"x": 584.0, "y": 2306.0}]}, "description": "*********** 1000"}, {"boundingPoly": {"vertices": [{"x": 578.0, "y": 2315.0}, {"x": 808.0, "y": 2312.0}, {"x": 809.0, "y": 2359.0}, {"x": 579.0, "y": 2361.0}]}, "description": "CHIP READ /"}, {"boundingPoly": {"vertices": [{"x": 573.0, "y": 2397.0}, {"x": 974.0, "y": 2397.0}, {"x": 974.0, "y": 2456.0}, {"x": 573.0, "y": 2456.0}]}, "description": " 2019/11/21 09:13:04"}, {"boundingPoly": {"vertices": [{"x": 583.0, "y": 2463.0}, {"x": 642.0, "y": 2460.0}, {"x": 642.0, "y": 2501.0}, {"x": 582.0, "y": 2504.0}]}, "description": "FID"}, {"boundingPoly": {"vertices": [{"x": 1236.0, "y": 2441.0}, {"x": 1396.0, "y": 2432.0}, {"x": 1398.0, "y": 2464.0}, {"x": 1238.0, "y": 2474.0}]}, "description": "**** 6008"}, {"boundingPoly": {"vertices": [{"x": 1258.0, "y": 2487.0}, {"x": 1405.0, "y": 2472.0}, {"x": 1408.0, "y": 2512.0}, {"x": 1260.0, "y": 2528.0}]}, "description": "6634459"}, {"boundingPoly": {"vertices": [{"x": 1297.0, "y": 2577.0}, {"x": 1427.0, "y": 2568.0}, {"x": 1430.0, "y": 2614.0}, {"x": 1299.0, "y": 2622.0}]}, "description": "856510"}, {"boundingPoly": {"vertices": [{"x": 559.0, "y": 2505.0}, {"x": 630.0, "y": 2501.0}, {"x": 634.0, "y": 2546.0}, {"x": 563.0, "y": 2550.0}]}, "description": "MID"}, {"boundingPoly": {"vertices": [{"x": 558.0, "y": 2555.0}, {"x": 768.0, "y": 2546.0}, {"x": 770.0, "y": 2592.0}, {"x": 560.0, "y": 2602.0}]}, "description": "REFERENCE"}, {"boundingPoly": {"vertices": [{"x": 896.0, "y": 2533.0}, {"x": 1417.0, "y": 2521.0}, {"x": 1418.0, "y": 2571.0}, {"x": 897.0, "y": 2586.0}]}, "description": "S111|T111106#42202@157248"}, {"boundingPoly": {"vertices": [{"x": 560.0, "y": 2608.0}, {"x": 770.0, "y": 2594.0}, {"x": 774.0, "y": 2641.0}, {"x": 563.0, "y": 2654.0}]}, "description": "AUTH CODE"}, {"boundingPoly": {"vertices": [{"x": 557.0, "y": 2721.0}, {"x": 676.0, "y": 2713.0}, {"x": 678.0, "y": 2761.0}, {"x": 561.0, "y": 2770.0}]}, "description": "TOTAL"}, {"boundingPoly": {"vertices": [{"x": 1295.0, "y": 2679.0}, {"x": 1449.0, "y": 2670.0}, {"x": 1451.0, "y": 2717.0}, {"x": 1298.0, "y": 2726.0}]}, "description": "USD8.69"}, {"boundingPoly": {"vertices": [{"x": 546.0, "y": 2836.0}, {"x": 660.0, "y": 2836.0}, {"x": 660.0, "y": 2895.0}, {"x": 546.0, "y": 2895.0}]}, "description": " ARC:"}, {"boundingPoly": {"vertices": [{"x": 569.0, "y": 2901.0}, {"x": 652.0, "y": 2901.0}, {"x": 652.0, "y": 2963.0}, {"x": 569.0, "y": 2963.0}]}, "description": " 21:"}, {"boundingPoly": {"vertices": [{"x": 667.0, "y": 2830.0}, {"x": 729.0, "y": 2830.0}, {"x": 729.0, "y": 2886.0}, {"x": 667.0, "y": 2886.0}]}, "description": " 00"}, {"boundingPoly": {"vertices": [{"x": 661.0, "y": 2895.0}, {"x": 782.0, "y": 2895.0}, {"x": 782.0, "y": 2952.0}, {"x": 661.0, "y": 2952.0}]}, "description": " 1800"}]}