{"textAnnotations": [{"boundingPoly": {"vertices": [{"x": 720.0, "y": 82.0}, {"x": 1301.0, "y": 74.0}, {"x": 1301.0, "y": 118.0}, {"x": 720.0, "y": 128.0}]}, "description": "Thank You For Visiting the"}, {"boundingPoly": {"vertices": [{"x": 817.0, "y": 169.0}, {"x": 1183.0, "y": 163.0}, {"x": 1184.0, "y": 203.0}, {"x": 817.0, "y": 209.0}]}, "description": "Matthew Fraysier"}, {"boundingPoly": {"vertices": [{"x": 851.0, "y": 254.0}, {"x": 1154.0, "y": 241.0}, {"x": 1156.0, "y": 285.0}, {"x": 852.0, "y": 298.0}]}, "description": "merchant phone"}, {"boundingPoly": {"vertices": [{"x": 726.0, "y": 119.0}, {"x": 1156.0, "y": 119.0}, {"x": 1156.0, "y": 173.0}, {"x": 726.0, "y": 173.0}]}, "description": "merchant name"}, {"boundingPoly": {"vertices": [{"x": 835.0, "y": 215.0}, {"x": 1174.0, "y": 206.0}, {"x": 1175.0, "y": 244.0}, {"x": 836.0, "y": 254.0}]}, "description": "General Manager"}, {"boundingPoly": {"vertices": [{"x": 752.0, "y": 307.0}, {"x": 1247.0, "y": 288.0}, {"x": 1248.0, "y": 337.0}, {"x": 754.0, "y": 357.0}]}, "description": "We Love Your Feedback!"}, {"boundingPoly": {"vertices": [{"x": 1165.0, "y": 118.0}, {"x": 1200.0, "y": 118.0}, {"x": 1200.0, "y": 160.0}, {"x": 1165.0, "y": 160.0}]}, "description": "merchant name"}, {"boundingPoly": {"vertices": [{"x": 1208.0, "y": 115.0}, {"x": 1289.0, "y": 115.0}, {"x": 1289.0, "y": 158.0}, {"x": 1208.0, "y": 158.0}]}, "description": "merchant name"}, {"boundingPoly": {"vertices": [{"x": 745.0, "y": 362.0}, {"x": 1270.0, "y": 342.0}, {"x": 1273.0, "y": 393.0}, {"x": 746.0, "y": 414.0}]}, "description": "Text @LTF11479 to 73940"}, {"boundingPoly": {"vertices": [{"x": 1413.0, "y": 450.0}, {"x": 1482.0, "y": 451.0}, {"x": 1482.0, "y": 496.0}, {"x": 1413.0, "y": 495.0}]}, "description": "USD"}, {"boundingPoly": {"vertices": [{"x": 1394.0, "y": 511.0}, {"x": 1485.0, "y": 508.0}, {"x": 1488.0, "y": 551.0}, {"x": 1395.0, "y": 553.0}]}, "description": "3.40"}, {"boundingPoly": {"vertices": [{"x": 1389.0, "y": 563.0}, {"x": 1485.0, "y": 560.0}, {"x": 1487.0, "y": 608.0}, {"x": 1390.0, "y": 610.0}]}, "description": "2.50"}, {"boundingPoly": {"vertices": [{"x": 557.0, "y": 543.0}, {"x": 894.0, "y": 529.0}, {"x": 896.0, "y": 578.0}, {"x": 558.0, "y": 593.0}]}, "description": "Cappuccino 12oz"}, {"boundingPoly": {"vertices": [{"x": 559.0, "y": 595.0}, {"x": 989.0, "y": 579.0}, {"x": 991.0, "y": 632.0}, {"x": 560.0, "y": 646.0}]}, "description": "Oven Arts Choc Chip"}, {"boundingPoly": {"vertices": [{"x": 1070.0, "y": 684.0}, {"x": 1286.0, "y": 681.0}, {"x": 1287.0, "y": 730.0}, {"x": 1071.0, "y": 735.0}]}, "description": "Sub Total"}, {"boundingPoly": {"vertices": [{"x": 1072.0, "y": 741.0}, {"x": 1305.0, "y": 737.0}, {"x": 1306.0, "y": 789.0}, {"x": 1073.0, "y": 793.0}]}, "description": "Tax Amount"}, {"boundingPoly": {"vertices": [{"x": 1388.0, "y": 673.0}, {"x": 1488.0, "y": 673.0}, {"x": 1488.0, "y": 722.0}, {"x": 1388.0, "y": 722.0}]}, "description": "5.90"}, {"boundingPoly": {"vertices": [{"x": 1390.0, "y": 734.0}, {"x": 1489.0, "y": 731.0}, {"x": 1488.0, "y": 778.0}, {"x": 1390.0, "y": 780.0}]}, "description": "0.52"}, {"boundingPoly": {"vertices": [{"x": 555.0, "y": 928.0}, {"x": 948.0, "y": 918.0}, {"x": 950.0, "y": 1007.0}, {"x": 557.0, "y": 1017.0}]}, "description": "Total USD"}, {"boundingPoly": {"vertices": [{"x": 1294.0, "y": 911.0}, {"x": 1487.0, "y": 907.0}, {"x": 1488.0, "y": 994.0}, {"x": 1295.0, "y": 999.0}]}, "description": "6.42"}, {"boundingPoly": {"vertices": [{"x": 581.0, "y": 1172.0}, {"x": 780.0, "y": 1171.0}, {"x": 781.0, "y": 1217.0}, {"x": 581.0, "y": 1219.0}]}, "description": "5008 AMEX"}, {"boundingPoly": {"vertices": [{"x": 1389.0, "y": 1161.0}, {"x": 1484.0, "y": 1159.0}, {"x": 1485.0, "y": 1204.0}, {"x": 1390.0, "y": 1205.0}]}, "description": "6.42"}, {"boundingPoly": {"vertices": [{"x": 595.0, "y": 1331.0}, {"x": 654.0, "y": 1330.0}, {"x": 653.0, "y": 1369.0}, {"x": 594.0, "y": 1370.0}]}, "description": "Tax"}, {"boundingPoly": {"vertices": [{"x": 589.0, "y": 1374.0}, {"x": 757.0, "y": 1374.0}, {"x": 757.0, "y": 1423.0}, {"x": 589.0, "y": 1425.0}]}, "description": "() 8.875"}, {"boundingPoly": {"vertices": [{"x": 924.0, "y": 1319.0}, {"x": 1242.0, "y": 1319.0}, {"x": 1242.0, "y": 1369.0}, {"x": 924.0, "y": 1369.0}]}, "description": " Taxable Amount"}, {"boundingPoly": {"vertices": [{"x": 1136.0, "y": 1370.0}, {"x": 1224.0, "y": 1367.0}, {"x": 1226.0, "y": 1411.0}, {"x": 1137.0, "y": 1414.0}]}, "description": "5.90"}, {"boundingPoly": {"vertices": [{"x": 1257.0, "y": 1315.0}, {"x": 1478.0, "y": 1315.0}, {"x": 1478.0, "y": 1366.0}, {"x": 1257.0, "y": 1366.0}]}, "description": " Tax Amount"}, {"boundingPoly": {"vertices": [{"x": 1391.0, "y": 1369.0}, {"x": 1479.0, "y": 1368.0}, {"x": 1479.0, "y": 1412.0}, {"x": 1390.0, "y": 1413.0}]}, "description": "0.52"}, {"boundingPoly": {"vertices": [{"x": 587.0, "y": 1526.0}, {"x": 1483.0, "y": 1526.0}, {"x": 1483.0, "y": 1581.0}, {"x": 587.0, "y": 1581.0}]}, "description": " 11/20/2019 11:39 AM #:17327 Op:4032 C:111"}, {"boundingPoly": {"vertices": [{"x": 586.0, "y": 1583.0}, {"x": 805.0, "y": 1583.0}, {"x": 805.0, "y": 1635.0}, {"x": 586.0, "y": 1635.0}]}, "description": " 108 S:1111"}, {"boundingPoly": {"vertices": [{"x": 580.0, "y": 1634.0}, {"x": 809.0, "y": 1634.0}, {"x": 809.0, "y": 1685.0}, {"x": 580.0, "y": 1685.0}]}, "description": " Served you"}, {"boundingPoly": {"vertices": [{"x": 817.0, "y": 1633.0}, {"x": 1099.0, "y": 1633.0}, {"x": 1099.0, "y": 1684.0}, {"x": 817.0, "y": 1684.0}]}, "description": " : Fnu Yangdon"}, {"boundingPoly": {"vertices": [{"x": 775.0, "y": 1846.0}, {"x": 1231.0, "y": 1848.0}, {"x": 1231.0, "y": 1893.0}, {"x": 775.0, "y": 1891.0}]}, "description": "*** Customer copy ***"}, {"boundingPoly": {"vertices": [{"x": 856.0, "y": 1950.0}, {"x": 1160.0, "y": 1950.0}, {"x": 1159.0, "y": 2003.0}, {"x": 855.0, "y": 2000.0}]}, "description": "AMEX NY937 (8)"}, {"boundingPoly": {"vertices": [{"x": 575.0, "y": 2060.0}, {"x": 996.0, "y": 2061.0}, {"x": 996.0, "y": 2112.0}, {"x": 575.0, "y": 2110.0}]}, "description": "PURCHASE / APPROVED"}, {"boundingPoly": {"vertices": [{"x": 575.0, "y": 2117.0}, {"x": 663.0, "y": 2119.0}, {"x": 663.0, "y": 2160.0}, {"x": 575.0, "y": 2159.0}]}, "description": "AMEX"}, {"boundingPoly": {"vertices": [{"x": 567.0, "y": 2172.0}, {"x": 902.0, "y": 2171.0}, {"x": 903.0, "y": 2211.0}, {"x": 567.0, "y": 2212.0}]}, "description": "*********** 1000"}, {"boundingPoly": {"vertices": [{"x": 556.0, "y": 2221.0}, {"x": 1011.0, "y": 2222.0}, {"x": 1011.0, "y": 2272.0}, {"x": 556.0, "y": 2270.0}]}, "description": "CONTACTLESS / No CVM"}, {"boundingPoly": {"vertices": [{"x": 537.0, "y": 2326.0}, {"x": 983.0, "y": 2326.0}, {"x": 983.0, "y": 2388.0}, {"x": 537.0, "y": 2388.0}]}, "description": " 2019/11/20 11:40:15"}, {"boundingPoly": {"vertices": [{"x": 545.0, "y": 2388.0}, {"x": 606.0, "y": 2388.0}, {"x": 603.0, "y": 2437.0}, {"x": 543.0, "y": 2437.0}]}, "description": "TID"}, {"boundingPoly": {"vertices": [{"x": 522.0, "y": 2449.0}, {"x": 598.0, "y": 2450.0}, {"x": 598.0, "y": 2499.0}, {"x": 521.0, "y": 2497.0}]}, "description": "MID"}, {"boundingPoly": {"vertices": [{"x": 517.0, "y": 2509.0}, {"x": 732.0, "y": 2512.0}, {"x": 731.0, "y": 2565.0}, {"x": 517.0, "y": 2562.0}]}, "description": "REFERENCE"}, {"boundingPoly": {"vertices": [{"x": 507.0, "y": 2570.0}, {"x": 728.0, "y": 2574.0}, {"x": 727.0, "y": 2631.0}, {"x": 507.0, "y": 2627.0}]}, "description": "AUTH CODE"}, {"boundingPoly": {"vertices": [{"x": 1277.0, "y": 2403.0}, {"x": 1468.0, "y": 2404.0}, {"x": 1467.0, "y": 2455.0}, {"x": 1276.0, "y": 2451.0}]}, "description": "**** 6034"}, {"boundingPoly": {"vertices": [{"x": 1299.0, "y": 2463.0}, {"x": 1467.0, "y": 2464.0}, {"x": 1467.0, "y": 2516.0}, {"x": 1299.0, "y": 2515.0}]}, "description": "6634459"}, {"boundingPoly": {"vertices": [{"x": 871.0, "y": 2514.0}, {"x": 1472.0, "y": 2521.0}, {"x": 1471.0, "y": 2578.0}, {"x": 870.0, "y": 2573.0}]}, "description": "S1111T111108#17327@532870"}, {"boundingPoly": {"vertices": [{"x": 1328.0, "y": 2586.0}, {"x": 1470.0, "y": 2590.0}, {"x": 1467.0, "y": 2641.0}, {"x": 1326.0, "y": 2640.0}]}, "description": "533777"}, {"boundingPoly": {"vertices": [{"x": 503.0, "y": 2696.0}, {"x": 625.0, "y": 2700.0}, {"x": 625.0, "y": 2759.0}, {"x": 502.0, "y": 2755.0}]}, "description": "TOTAL"}, {"boundingPoly": {"vertices": [{"x": 1301.0, "y": 2709.0}, {"x": 1476.0, "y": 2713.0}, {"x": 1475.0, "y": 2772.0}, {"x": 1300.0, "y": 2769.0}]}, "description": "USD6.42"}]}