{"textAnnotations": [{"boundingPoly": {"vertices": [{"x": 2123.0, "y": 428.0}, {"x": 2186.0, "y": 425.0}, {"x": 2188.0, "y": 448.0}, {"x": 2123.0, "y": 453.0}]}, "description": "intel"}, {"boundingPoly": {"vertices": [{"x": 2125.0, "y": 464.0}, {"x": 2213.0, "y": 460.0}, {"x": 2214.0, "y": 478.0}, {"x": 2126.0, "y": 481.0}]}, "description": "COREY"}, {"boundingPoly": {"vertices": [{"x": 2160.0, "y": 480.0}, {"x": 2212.0, "y": 479.0}, {"x": 2213.0, "y": 493.0}, {"x": 2160.0, "y": 495.0}]}, "description": "VPTO"}, {"boundingPoly": {"vertices": [{"x": 2154.0, "y": 496.0}, {"x": 2212.0, "y": 493.0}, {"x": 2213.0, "y": 509.0}, {"x": 2155.0, "y": 512.0}]}, "description": "8th G"}, {"boundingPoly": {"vertices": [{"x": 736.0, "y": 1065.0}, {"x": 1366.0, "y": 1017.0}, {"x": 1370.0, "y": 1085.0}, {"x": 739.0, "y": 1120.0}]}, "description": "merchant name"}, {"boundingPoly": {"vertices": [{"x": 1216.0, "y": 1156.0}, {"x": 1410.0, "y": 1156.0}, {"x": 1410.0, "y": 1220.0}, {"x": 1216.0, "y": 1220.0}]}, "description": " Ticket:"}, {"boundingPoly": {"vertices": [{"x": 559.0, "y": 1204.0}, {"x": 962.0, "y": 1204.0}, {"x": 962.0, "y": 1251.0}, {"x": 559.0, "y": 1251.0}]}, "description": " 12/2/19, 2:21 PM"}, {"boundingPoly": {"vertices": [{"x": 554.0, "y": 1253.0}, {"x": 741.0, "y": 1253.0}, {"x": 741.0, "y": 1295.0}, {"x": 554.0, "y": 1295.0}]}, "description": " Server:"}, {"boundingPoly": {"vertices": [{"x": 550.0, "y": 1299.0}, {"x": 705.0, "y": 1301.0}, {"x": 705.0, "y": 1342.0}, {"x": 549.0, "y": 1340.0}]}, "description": "No Bag"}, {"boundingPoly": {"vertices": [{"x": 1416.0, "y": 1144.0}, {"x": 1529.0, "y": 1144.0}, {"x": 1529.0, "y": 1198.0}, {"x": 1416.0, "y": 1198.0}]}, "description": " U266"}, {"boundingPoly": {"vertices": [{"x": 749.0, "y": 1245.0}, {"x": 972.0, "y": 1245.0}, {"x": 972.0, "y": 1295.0}, {"x": 749.0, "y": 1295.0}]}, "description": " Cashier 2"}, {"boundingPoly": {"vertices": [{"x": 1397.0, "y": 1301.0}, {"x": 1529.0, "y": 1299.0}, {"x": 1529.0, "y": 1345.0}, {"x": 1397.0, "y": 1346.0}]}, "description": "james"}, {"boundingPoly": {"vertices": [{"x": 539.0, "y": 1375.0}, {"x": 755.0, "y": 1375.0}, {"x": 755.0, "y": 1431.0}, {"x": 539.0, "y": 1431.0}]}, "description": " Invoice:"}, {"boundingPoly": {"vertices": [{"x": 763.0, "y": 1340.0}, {"x": 1083.0, "y": 1340.0}, {"x": 1083.0, "y": 1418.0}, {"x": 763.0, "y": 1418.0}]}, "description": " 191202-02-266"}, {"boundingPoly": {"vertices": [{"x": 1355.0, "y": 1411.0}, {"x": 1534.0, "y": 1410.0}, {"x": 1535.0, "y": 1434.0}, {"x": 1355.0, "y": 1435.0}]}, "description": "--------"}, {"boundingPoly": {"vertices": [{"x": 519.0, "y": 1522.0}, {"x": 793.0, "y": 1498.0}, {"x": 795.0, "y": 1541.0}, {"x": 520.0, "y": 1565.0}]}, "description": "Credit Sale"}, {"boundingPoly": {"vertices": [{"x": 507.0, "y": 1559.0}, {"x": 648.0, "y": 1559.0}, {"x": 648.0, "y": 1609.0}, {"x": 507.0, "y": 1609.0}]}, "description": " Status"}, {"boundingPoly": {"vertices": [{"x": 656.0, "y": 1558.0}, {"x": 675.0, "y": 1558.0}, {"x": 675.0, "y": 1598.0}, {"x": 656.0, "y": 1598.0}]}, "description": " :"}, {"boundingPoly": {"vertices": [{"x": 949.0, "y": 1550.0}, {"x": 1163.0, "y": 1550.0}, {"x": 1163.0, "y": 1597.0}, {"x": 949.0, "y": 1597.0}]}, "description": "Approved"}, {"boundingPoly": {"vertices": [{"x": 485.0, "y": 1656.0}, {"x": 758.0, "y": 1656.0}, {"x": 758.0, "y": 1703.0}, {"x": 485.0, "y": 1703.0}]}, "description": " Card Type:"}, {"boundingPoly": {"vertices": [{"x": 486.0, "y": 1707.0}, {"x": 812.0, "y": 1707.0}, {"x": 812.0, "y": 1753.0}, {"x": 486.0, "y": 1753.0}]}, "description": " Card Number:"}, {"boundingPoly": {"vertices": [{"x": 483.0, "y": 1758.0}, {"x": 786.0, "y": 1758.0}, {"x": 786.0, "y": 1806.0}, {"x": 483.0, "y": 1806.0}]}, "description": " Card Owner:"}, {"boundingPoly": {"vertices": [{"x": 485.0, "y": 1807.0}, {"x": 839.0, "y": 1807.0}, {"x": 839.0, "y": 1856.0}, {"x": 485.0, "y": 1856.0}]}, "description": " Entry Method:"}, {"boundingPoly": {"vertices": [{"x": 485.0, "y": 1859.0}, {"x": 759.0, "y": 1859.0}, {"x": 759.0, "y": 1903.0}, {"x": 485.0, "y": 1903.0}]}, "description": " Auth Code:"}, {"boundingPoly": {"vertices": [{"x": 482.0, "y": 1909.0}, {"x": 672.0, "y": 1909.0}, {"x": 672.0, "y": 1956.0}, {"x": 482.0, "y": 1956.0}]}, "description": " APPLAB:"}, {"boundingPoly": {"vertices": [{"x": 481.0, "y": 1965.0}, {"x": 587.0, "y": 1965.0}, {"x": 587.0, "y": 2009.0}, {"x": 481.0, "y": 2009.0}]}, "description": " AID:"}, {"boundingPoly": {"vertices": [{"x": 485.0, "y": 2017.0}, {"x": 564.0, "y": 2017.0}, {"x": 564.0, "y": 2060.0}, {"x": 485.0, "y": 2060.0}]}, "description": " TC:"}, {"boundingPoly": {"vertices": [{"x": 949.0, "y": 1652.0}, {"x": 1051.0, "y": 1654.0}, {"x": 1049.0, "y": 1696.0}, {"x": 949.0, "y": 1693.0}]}, "description": "AMEX"}, {"boundingPoly": {"vertices": [{"x": 950.0, "y": 1701.0}, {"x": 1371.0, "y": 1706.0}, {"x": 1371.0, "y": 1750.0}, {"x": 950.0, "y": 1746.0}]}, "description": "XXXXXXXXXXXX5412"}, {"boundingPoly": {"vertices": [{"x": 950.0, "y": 1754.0}, {"x": 1345.0, "y": 1755.0}, {"x": 1345.0, "y": 1801.0}, {"x": 950.0, "y": 1799.0}]}, "description": "VALUED CUSTOMER"}, {"boundingPoly": {"vertices": [{"x": 949.0, "y": 1806.0}, {"x": 1242.0, "y": 1807.0}, {"x": 1242.0, "y": 1852.0}, {"x": 949.0, "y": 1850.0}]}, "description": "Contactless"}, {"boundingPoly": {"vertices": [{"x": 948.0, "y": 1853.0}, {"x": 1104.0, "y": 1854.0}, {"x": 1104.0, "y": 1897.0}, {"x": 948.0, "y": 1897.0}]}, "description": "862908"}, {"boundingPoly": {"vertices": [{"x": 947.0, "y": 1907.0}, {"x": 1369.0, "y": 1907.0}, {"x": 1369.0, "y": 1953.0}, {"x": 947.0, "y": 1951.0}]}, "description": "AMERICAN EXPRESS"}, {"boundingPoly": {"vertices": [{"x": 943.0, "y": 1958.0}, {"x": 1372.0, "y": 1958.0}, {"x": 1372.0, "y": 2005.0}, {"x": 943.0, "y": 2004.0}]}, "description": "A000000025010901"}, {"boundingPoly": {"vertices": [{"x": 943.0, "y": 2010.0}, {"x": 1366.0, "y": 2009.0}, {"x": 1366.0, "y": 2057.0}, {"x": 943.0, "y": 2058.0}]}, "description": "2542FFF853943663"}, {"boundingPoly": {"vertices": [{"x": 515.0, "y": 2115.0}, {"x": 870.0, "y": 2113.0}, {"x": 871.0, "y": 2164.0}, {"x": 515.0, "y": 2166.0}]}, "description": "1 Water small"}, {"boundingPoly": {"vertices": [{"x": 1413.0, "y": 2108.0}, {"x": 1516.0, "y": 2103.0}, {"x": 1518.0, "y": 2147.0}, {"x": 1416.0, "y": 2153.0}]}, "description": "3.95"}, {"boundingPoly": {"vertices": [{"x": 1396.0, "y": 2164.0}, {"x": 1514.0, "y": 2156.0}, {"x": 1518.0, "y": 2196.0}, {"x": 1398.0, "y": 2207.0}]}, "description": "10.25"}, {"boundingPoly": {"vertices": [{"x": 517.0, "y": 2163.0}, {"x": 554.0, "y": 2163.0}, {"x": 554.0, "y": 2215.0}, {"x": 517.0, "y": 2215.0}]}, "description": " 1"}, {"boundingPoly": {"vertices": [{"x": 564.0, "y": 2160.0}, {"x": 1264.0, "y": 2160.0}, {"x": 1264.0, "y": 2219.0}, {"x": 564.0, "y": 2219.0}]}, "description": " Five Spice Chicken Banh Mi"}, {"boundingPoly": {"vertices": [{"x": 516.0, "y": 2266.0}, {"x": 555.0, "y": 2266.0}, {"x": 555.0, "y": 2316.0}, {"x": 516.0, "y": 2316.0}]}, "description": " 1"}, {"boundingPoly": {"vertices": [{"x": 496.0, "y": 2315.0}, {"x": 710.0, "y": 2319.0}, {"x": 709.0, "y": 2362.0}, {"x": 495.0, "y": 2358.0}]}, "description": "Subtotal"}, {"boundingPoly": {"vertices": [{"x": 564.0, "y": 2269.0}, {"x": 841.0, "y": 2269.0}, {"x": 841.0, "y": 2320.0}, {"x": 564.0, "y": 2320.0}]}, "description": " Healthy SF"}, {"boundingPoly": {"vertices": [{"x": 503.0, "y": 2357.0}, {"x": 948.0, "y": 2366.0}, {"x": 947.0, "y": 2418.0}, {"x": 502.0, "y": 2405.0}]}, "description": "Sales Tax (9.25%)"}, {"boundingPoly": {"vertices": [{"x": 505.0, "y": 2448.0}, {"x": 633.0, "y": 2449.0}, {"x": 632.0, "y": 2490.0}, {"x": 505.0, "y": 2487.0}]}, "description": "Total"}, {"boundingPoly": {"vertices": [{"x": 510.0, "y": 2489.0}, {"x": 902.0, "y": 2517.0}, {"x": 899.0, "y": 2559.0}, {"x": 509.0, "y": 2529.0}]}, "description": "AMEX - xxxx5412"}, {"boundingPoly": {"vertices": [{"x": 509.0, "y": 2583.0}, {"x": 794.0, "y": 2606.0}, {"x": 791.0, "y": 2648.0}, {"x": 506.0, "y": 2626.0}]}, "description": "Balance Due"}, {"boundingPoly": {"vertices": [{"x": 513.0, "y": 2678.0}, {"x": 667.0, "y": 2690.0}, {"x": 664.0, "y": 2731.0}, {"x": 510.0, "y": 2719.0}]}, "description": "AMOUNT"}, {"boundingPoly": {"vertices": [{"x": 1457.0, "y": 2264.0}, {"x": 1517.0, "y": 2261.0}, {"x": 1517.0, "y": 2300.0}, {"x": 1457.0, "y": 2303.0}]}, "description": ".36"}, {"boundingPoly": {"vertices": [{"x": 1390.0, "y": 2309.0}, {"x": 1520.0, "y": 2303.0}, {"x": 1521.0, "y": 2340.0}, {"x": 1390.0, "y": 2344.0}]}, "description": "14.56"}, {"boundingPoly": {"vertices": [{"x": 1409.0, "y": 2349.0}, {"x": 1510.0, "y": 2347.0}, {"x": 1510.0, "y": 2386.0}, {"x": 1408.0, "y": 2387.0}]}, "description": "1.35"}, {"boundingPoly": {"vertices": [{"x": 1383.0, "y": 2438.0}, {"x": 1507.0, "y": 2438.0}, {"x": 1507.0, "y": 2479.0}, {"x": 1383.0, "y": 2478.0}]}, "description": "15.91"}, {"boundingPoly": {"vertices": [{"x": 1376.0, "y": 2484.0}, {"x": 1506.0, "y": 2483.0}, {"x": 1507.0, "y": 2522.0}, {"x": 1377.0, "y": 2524.0}]}, "description": "15.91"}, {"boundingPoly": {"vertices": [{"x": 1090.0, "y": 2562.0}, {"x": 1503.0, "y": 2540.0}, {"x": 1505.0, "y": 2564.0}, {"x": 1092.0, "y": 2597.0}]}, "description": "---------------"}, {"boundingPoly": {"vertices": [{"x": 509.0, "y": 2544.0}, {"x": 1121.0, "y": 2580.0}, {"x": 1120.0, "y": 2606.0}, {"x": 509.0, "y": 2576.0}]}, "description": "-----------------------"}, {"boundingPoly": {"vertices": [{"x": 1425.0, "y": 2585.0}, {"x": 1501.0, "y": 2578.0}, {"x": 1500.0, "y": 2613.0}, {"x": 1426.0, "y": 2619.0}]}, "description": ".00"}, {"boundingPoly": {"vertices": [{"x": 1364.0, "y": 2663.0}, {"x": 1499.0, "y": 2666.0}, {"x": 1498.0, "y": 2704.0}, {"x": 1363.0, "y": 2702.0}]}, "description": "15.91"}, {"boundingPoly": {"vertices": [{"x": 506.0, "y": 2782.0}, {"x": 585.0, "y": 2781.0}, {"x": 584.0, "y": 2826.0}, {"x": 504.0, "y": 2826.0}]}, "description": "TIP"}, {"boundingPoly": {"vertices": [{"x": 510.0, "y": 2889.0}, {"x": 631.0, "y": 2892.0}, {"x": 632.0, "y": 2936.0}, {"x": 509.0, "y": 2936.0}]}, "description": "TOTAL"}]}