{"textAnnotations": [{"boundingPoly": {"vertices": [{"x": 412.0, "y": 220.0}, {"x": 1174.0, "y": 233.0}, {"x": 1173.0, "y": 282.0}, {"x": 411.0, "y": 268.0}]}, "description": "merchant name"}, {"boundingPoly": {"vertices": [{"x": 484.0, "y": 324.0}, {"x": 1121.0, "y": 330.0}, {"x": 1120.0, "y": 369.0}, {"x": 484.0, "y": 361.0}]}, "description": "merchant address"}, {"boundingPoly": {"vertices": [{"x": 634.0, "y": 370.0}, {"x": 970.0, "y": 371.0}, {"x": 970.0, "y": 410.0}, {"x": 634.0, "y": 408.0}]}, "description": "merchant address"}, {"boundingPoly": {"vertices": [{"x": 693.0, "y": 416.0}, {"x": 917.0, "y": 418.0}, {"x": 916.0, "y": 454.0}, {"x": 693.0, "y": 451.0}]}, "description": "merchant phone"}, {"boundingPoly": {"vertices": [{"x": 570.0, "y": 459.0}, {"x": 1030.0, "y": 459.0}, {"x": 1030.0, "y": 502.0}, {"x": 570.0, "y": 502.0}]}, "description": " http://www.maozusa.com"}, {"boundingPoly": {"vertices": [{"x": 400.0, "y": 273.0}, {"x": 1199.0, "y": 286.0}, {"x": 1199.0, "y": 325.0}, {"x": 399.0, "y": 313.0}]}, "description": "merchant address"}, {"boundingPoly": {"vertices": [{"x": 635.0, "y": 549.0}, {"x": 853.0, "y": 549.0}, {"x": 853.0, "y": 605.0}, {"x": 635.0, "y": 605.0}]}, "description": " ORDER:"}, {"boundingPoly": {"vertices": [{"x": 706.0, "y": 620.0}, {"x": 902.0, "y": 623.0}, {"x": 901.0, "y": 680.0}, {"x": 705.0, "y": 676.0}]}, "description": "Dine In"}, {"boundingPoly": {"vertices": [{"x": 862.0, "y": 551.0}, {"x": 977.0, "y": 551.0}, {"x": 977.0, "y": 605.0}, {"x": 862.0, "y": 605.0}]}, "description": " 036"}, {"boundingPoly": {"vertices": [{"x": 388.0, "y": 684.0}, {"x": 536.0, "y": 684.0}, {"x": 536.0, "y": 726.0}, {"x": 388.0, "y": 726.0}]}, "description": " Cashier:"}, {"boundingPoly": {"vertices": [{"x": 387.0, "y": 732.0}, {"x": 787.0, "y": 732.0}, {"x": 787.0, "y": 776.0}, {"x": 387.0, "y": 776.0}]}, "description": " 22-Nov-2019 6:34:23P"}, {"boundingPoly": {"vertices": [{"x": 389.0, "y": 799.0}, {"x": 754.0, "y": 803.0}, {"x": 753.0, "y": 845.0}, {"x": 389.0, "y": 841.0}]}, "description": "Transaction 421314"}, {"boundingPoly": {"vertices": [{"x": 543.0, "y": 687.0}, {"x": 677.0, "y": 687.0}, {"x": 677.0, "y": 727.0}, {"x": 543.0, "y": 727.0}]}, "description": " AAAAA"}, {"boundingPoly": {"vertices": [{"x": 449.0, "y": 895.0}, {"x": 720.0, "y": 897.0}, {"x": 719.0, "y": 942.0}, {"x": 449.0, "y": 938.0}]}, "description": "Veggie Burger"}, {"boundingPoly": {"vertices": [{"x": 456.0, "y": 942.0}, {"x": 653.0, "y": 944.0}, {"x": 653.0, "y": 982.0}, {"x": 455.0, "y": 979.0}]}, "description": "Lemonade"}, {"boundingPoly": {"vertices": [{"x": 1108.0, "y": 897.0}, {"x": 1210.0, "y": 897.0}, {"x": 1209.0, "y": 933.0}, {"x": 1108.0, "y": 934.0}]}, "description": "$8.99"}, {"boundingPoly": {"vertices": [{"x": 1110.0, "y": 943.0}, {"x": 1209.0, "y": 943.0}, {"x": 1210.0, "y": 980.0}, {"x": 1110.0, "y": 980.0}]}, "description": "$2.49"}, {"boundingPoly": {"vertices": [{"x": 392.0, "y": 943.0}, {"x": 413.0, "y": 943.0}, {"x": 413.0, "y": 971.0}, {"x": 392.0, "y": 971.0}]}, "description": "1"}, {"boundingPoly": {"vertices": [{"x": 387.0, "y": 1032.0}, {"x": 551.0, "y": 1033.0}, {"x": 551.0, "y": 1072.0}, {"x": 387.0, "y": 1071.0}]}, "description": "Subtotal"}, {"boundingPoly": {"vertices": [{"x": 394.0, "y": 1082.0}, {"x": 461.0, "y": 1084.0}, {"x": 460.0, "y": 1118.0}, {"x": 392.0, "y": 1115.0}]}, "description": "Tax"}, {"boundingPoly": {"vertices": [{"x": 1088.0, "y": 1034.0}, {"x": 1212.0, "y": 1034.0}, {"x": 1212.0, "y": 1072.0}, {"x": 1088.0, "y": 1072.0}]}, "description": "$11.48"}, {"boundingPoly": {"vertices": [{"x": 1112.0, "y": 1083.0}, {"x": 1212.0, "y": 1082.0}, {"x": 1211.0, "y": 1117.0}, {"x": 1112.0, "y": 1118.0}]}, "description": "$0.80"}, {"boundingPoly": {"vertices": [{"x": 392.0, "y": 1174.0}, {"x": 493.0, "y": 1173.0}, {"x": 493.0, "y": 1210.0}, {"x": 393.0, "y": 1210.0}]}, "description": "Total"}, {"boundingPoly": {"vertices": [{"x": 1085.0, "y": 1173.0}, {"x": 1213.0, "y": 1173.0}, {"x": 1213.0, "y": 1209.0}, {"x": 1086.0, "y": 1210.0}]}, "description": "$12.28"}, {"boundingPoly": {"vertices": [{"x": 390.0, "y": 1240.0}, {"x": 747.0, "y": 1239.0}, {"x": 747.0, "y": 1278.0}, {"x": 390.0, "y": 1279.0}]}, "description": "CREDIT CARD SALE"}, {"boundingPoly": {"vertices": [{"x": 387.0, "y": 1288.0}, {"x": 608.0, "y": 1286.0}, {"x": 609.0, "y": 1324.0}, {"x": 387.0, "y": 1326.0}]}, "description": "AMEX 1006"}, {"boundingPoly": {"vertices": [{"x": 390.0, "y": 1353.0}, {"x": 785.0, "y": 1353.0}, {"x": 785.0, "y": 1395.0}, {"x": 390.0, "y": 1395.0}]}, "description": " 22-Nov-2019 6:34:55P"}, {"boundingPoly": {"vertices": [{"x": 695.0, "y": 1397.0}, {"x": 782.0, "y": 1397.0}, {"x": 782.0, "y": 1438.0}, {"x": 695.0, "y": 1438.0}]}, "description": " EMV"}, {"boundingPoly": {"vertices": [{"x": 389.0, "y": 1447.0}, {"x": 1170.0, "y": 1443.0}, {"x": 1170.0, "y": 1484.0}, {"x": 389.0, "y": 1489.0}]}, "description": "AMERICAN EXPRESS XXXXXXXXXXXX1006"}, {"boundingPoly": {"vertices": [{"x": 505.0, "y": 1536.0}, {"x": 939.0, "y": 1536.0}, {"x": 939.0, "y": 1581.0}, {"x": 505.0, "y": 1581.0}]}, "description": " 932600846290 | Auth #:"}, {"boundingPoly": {"vertices": [{"x": 478.0, "y": 1589.0}, {"x": 713.0, "y": 1589.0}, {"x": 713.0, "y": 1627.0}, {"x": 478.0, "y": 1627.0}]}, "description": " ******** 3881"}, {"boundingPoly": {"vertices": [{"x": 468.0, "y": 1633.0}, {"x": 852.0, "y": 1633.0}, {"x": 852.0, "y": 1677.0}, {"x": 468.0, "y": 1677.0}]}, "description": " A000000025010801"}, {"boundingPoly": {"vertices": [{"x": 623.0, "y": 1682.0}, {"x": 738.0, "y": 1682.0}, {"x": 738.0, "y": 1724.0}, {"x": 623.0, "y": 1724.0}]}, "description": " AMEX"}, {"boundingPoly": {"vertices": [{"x": 1088.0, "y": 1238.0}, {"x": 1207.0, "y": 1239.0}, {"x": 1207.0, "y": 1277.0}, {"x": 1088.0, "y": 1276.0}]}, "description": "$12.28"}, {"boundingPoly": {"vertices": [{"x": 388.0, "y": 1399.0}, {"x": 687.0, "y": 1399.0}, {"x": 687.0, "y": 1440.0}, {"x": 388.0, "y": 1440.0}]}, "description": " $12.28 | Method:"}, {"boundingPoly": {"vertices": [{"x": 388.0, "y": 1543.0}, {"x": 498.0, "y": 1543.0}, {"x": 498.0, "y": 1583.0}, {"x": 388.0, "y": 1583.0}]}, "description": " Ref #:"}, {"boundingPoly": {"vertices": [{"x": 946.0, "y": 1534.0}, {"x": 1080.0, "y": 1534.0}, {"x": 1080.0, "y": 1578.0}, {"x": 946.0, "y": 1578.0}]}, "description": " 823451"}, {"boundingPoly": {"vertices": [{"x": 388.0, "y": 1590.0}, {"x": 470.0, "y": 1590.0}, {"x": 470.0, "y": 1632.0}, {"x": 388.0, "y": 1632.0}]}, "description": " MID:"}, {"boundingPoly": {"vertices": [{"x": 390.0, "y": 1637.0}, {"x": 460.0, "y": 1637.0}, {"x": 460.0, "y": 1677.0}, {"x": 390.0, "y": 1677.0}]}, "description": " AID:"}, {"boundingPoly": {"vertices": [{"x": 388.0, "y": 1683.0}, {"x": 615.0, "y": 1683.0}, {"x": 615.0, "y": 1728.0}, {"x": 388.0, "y": 1728.0}]}, "description": " AthNtwkNm:"}, {"boundingPoly": {"vertices": [{"x": 552.0, "y": 1826.0}, {"x": 672.0, "y": 1826.0}, {"x": 672.0, "y": 1869.0}, {"x": 552.0, "y": 1869.0}]}, "description": " Online:"}, {"boundingPoly": {"vertices": [{"x": 640.0, "y": 1872.0}, {"x": 967.0, "y": 1867.0}, {"x": 968.0, "y": 1906.0}, {"x": 640.0, "y": 1912.0}]}, "description": "/YQ672EC9D8EVO"}, {"boundingPoly": {"vertices": [{"x": 680.0, "y": 1823.0}, {"x": 1054.0, "y": 1823.0}, {"x": 1054.0, "y": 1868.0}, {"x": 680.0, "y": 1868.0}]}, "description": " https://clover.com/p"}, {"boundingPoly": {"vertices": [{"x": 647.0, "y": 2046.0}, {"x": 960.0, "y": 2039.0}, {"x": 961.0, "y": 2077.0}, {"x": 647.0, "y": 2084.0}]}, "description": "YQ672EC9D8EVO"}, {"boundingPoly": {"vertices": [{"x": 386.0, "y": 2164.0}, {"x": 822.0, "y": 2157.0}, {"x": 823.0, "y": 2199.0}, {"x": 387.0, "y": 2208.0}]}, "description": "Order VK45RG7N6KSAJ"}]}