{"textAnnotations": [{"boundingPoly": {"vertices": [{"x": 264.0, "y": 117.0}, {"x": 328.0, "y": 118.0}, {"x": 328.0, "y": 143.0}, {"x": 263.0, "y": 143.0}]}, "description": "merchant name"}, {"boundingPoly": {"vertices": [{"x": 245.0, "y": 148.0}, {"x": 487.0, "y": 150.0}, {"x": 487.0, "y": 176.0}, {"x": 245.0, "y": 172.0}]}, "description": "merchant name"}, {"boundingPoly": {"vertices": [{"x": 167.0, "y": 175.0}, {"x": 582.0, "y": 180.0}, {"x": 581.0, "y": 208.0}, {"x": 167.0, "y": 201.0}]}, "description": "merchant address"}, {"boundingPoly": {"vertices": [{"x": 284.0, "y": 208.0}, {"x": 443.0, "y": 208.0}, {"x": 443.0, "y": 235.0}, {"x": 284.0, "y": 235.0}]}, "description": "merchant address"}, {"boundingPoly": {"vertices": [{"x": 352.0, "y": 118.0}, {"x": 488.0, "y": 119.0}, {"x": 488.0, "y": 146.0}, {"x": 352.0, "y": 144.0}]}, "description": "merchant name"}, {"boundingPoly": {"vertices": [{"x": 452.0, "y": 210.0}, {"x": 473.0, "y": 210.0}, {"x": 473.0, "y": 235.0}, {"x": 452.0, "y": 235.0}]}, "description": "merchant address"}, {"boundingPoly": {"vertices": [{"x": 86.0, "y": 265.0}, {"x": 305.0, "y": 265.0}, {"x": 305.0, "y": 295.0}, {"x": 86.0, "y": 295.0}]}, "description": " 20009 Robin"}, {"boundingPoly": {"vertices": [{"x": 315.0, "y": 268.0}, {"x": 336.0, "y": 268.0}, {"x": 336.0, "y": 296.0}, {"x": 315.0, "y": 296.0}]}, "description": " P"}, {"boundingPoly": {"vertices": [{"x": 62.0, "y": 327.0}, {"x": 532.0, "y": 327.0}, {"x": 532.0, "y": 358.0}, {"x": 62.0, "y": 358.0}]}, "description": " Chk 4640 Nov13 19 07:59A"}, {"boundingPoly": {"vertices": [{"x": 570.0, "y": 333.0}, {"x": 628.0, "y": 334.0}, {"x": 628.0, "y": 358.0}, {"x": 570.0, "y": 357.0}]}, "description": "Gst"}, {"boundingPoly": {"vertices": [{"x": 136.0, "y": 391.0}, {"x": 298.0, "y": 391.0}, {"x": 298.0, "y": 420.0}, {"x": 136.0, "y": 420.0}]}, "description": "** TO"}, {"boundingPoly": {"vertices": [{"x": 133.0, "y": 425.0}, {"x": 320.0, "y": 425.0}, {"x": 320.0, "y": 454.0}, {"x": 133.0, "y": 454.0}]}, "description": " Coffee LG"}, {"boundingPoly": {"vertices": [{"x": 114.0, "y": 460.0}, {"x": 497.0, "y": 456.0}, {"x": 497.0, "y": 485.0}, {"x": 114.0, "y": 489.0}]}, "description": "XXXXXXXXXXXXXXXX1009"}, {"boundingPoly": {"vertices": [{"x": 135.0, "y": 498.0}, {"x": 216.0, "y": 498.0}, {"x": 216.0, "y": 524.0}, {"x": 135.0, "y": 525.0}]}, "description": "Amex"}, {"boundingPoly": {"vertices": [{"x": 336.0, "y": 392.0}, {"x": 487.0, "y": 392.0}, {"x": 487.0, "y": 419.0}, {"x": 336.0, "y": 419.0}]}, "description": "GO **"}, {"boundingPoly": {"vertices": [{"x": 97.0, "y": 426.0}, {"x": 124.0, "y": 426.0}, {"x": 124.0, "y": 454.0}, {"x": 97.0, "y": 454.0}]}, "description": " 1"}, {"boundingPoly": {"vertices": [{"x": 554.0, "y": 424.0}, {"x": 634.0, "y": 424.0}, {"x": 634.0, "y": 451.0}, {"x": 554.0, "y": 452.0}]}, "description": "3.79"}, {"boundingPoly": {"vertices": [{"x": 559.0, "y": 490.0}, {"x": 639.0, "y": 488.0}, {"x": 639.0, "y": 517.0}, {"x": 559.0, "y": 518.0}]}, "description": "4.12"}, {"boundingPoly": {"vertices": [{"x": 137.0, "y": 569.0}, {"x": 214.0, "y": 568.0}, {"x": 214.0, "y": 597.0}, {"x": 137.0, "y": 599.0}]}, "description": "Food"}, {"boundingPoly": {"vertices": [{"x": 139.0, "y": 608.0}, {"x": 199.0, "y": 607.0}, {"x": 198.0, "y": 636.0}, {"x": 139.0, "y": 637.0}]}, "description": "Tax"}, {"boundingPoly": {"vertices": [{"x": 138.0, "y": 644.0}, {"x": 280.0, "y": 642.0}, {"x": 281.0, "y": 672.0}, {"x": 138.0, "y": 675.0}]}, "description": "Payment"}, {"boundingPoly": {"vertices": [{"x": 558.0, "y": 556.0}, {"x": 637.0, "y": 555.0}, {"x": 638.0, "y": 592.0}, {"x": 557.0, "y": 593.0}]}, "description": "3.79"}, {"boundingPoly": {"vertices": [{"x": 563.0, "y": 593.0}, {"x": 643.0, "y": 592.0}, {"x": 644.0, "y": 629.0}, {"x": 562.0, "y": 629.0}]}, "description": "0.33"}, {"boundingPoly": {"vertices": [{"x": 563.0, "y": 635.0}, {"x": 647.0, "y": 633.0}, {"x": 647.0, "y": 664.0}, {"x": 563.0, "y": 663.0}]}, "description": "4.12"}, {"boundingPoly": {"vertices": [{"x": 172.0, "y": 712.0}, {"x": 608.0, "y": 702.0}, {"x": 608.0, "y": 731.0}, {"x": 173.0, "y": 741.0}]}, "description": "Gratuity Not Included"}, {"boundingPoly": {"vertices": [{"x": 166.0, "y": 777.0}, {"x": 362.0, "y": 777.0}, {"x": 362.0, "y": 812.0}, {"x": 166.0, "y": 812.0}]}, "description": " Gratuidad"}, {"boundingPoly": {"vertices": [{"x": 78.0, "y": 818.0}, {"x": 201.0, "y": 816.0}, {"x": 201.0, "y": 854.0}, {"x": 78.0, "y": 855.0}]}, "description": "hin a"}, {"boundingPoly": {"vertices": [{"x": 378.0, "y": 773.0}, {"x": 610.0, "y": 773.0}, {"x": 610.0, "y": 808.0}, {"x": 378.0, "y": 808.0}]}, "description": " No Incluida"}, {"boundingPoly": {"vertices": [{"x": 215.0, "y": 817.0}, {"x": 679.0, "y": 809.0}, {"x": 680.0, "y": 841.0}, {"x": 215.0, "y": 850.0}]}, "description": "$500 Amazon Gift Card"}, {"boundingPoly": {"vertices": [{"x": 75.0, "y": 858.0}, {"x": 680.0, "y": 850.0}, {"x": 681.0, "y": 882.0}, {"x": 75.0, "y": 892.0}]}, "description": "Go to the website to tell us"}, {"boundingPoly": {"vertices": [{"x": 92.0, "y": 898.0}, {"x": 660.0, "y": 890.0}, {"x": 660.0, "y": 923.0}, {"x": 93.0, "y": 932.0}]}, "description": "about your visit and enter"}, {"boundingPoly": {"vertices": [{"x": 178.0, "y": 940.0}, {"x": 484.0, "y": 933.0}, {"x": 485.0, "y": 968.0}, {"x": 178.0, "y": 973.0}]}, "description": "our prze draw"}, {"boundingPoly": {"vertices": [{"x": 153.0, "y": 980.0}, {"x": 576.0, "y": 974.0}, {"x": 576.0, "y": 1008.0}, {"x": 153.0, "y": 1015.0}]}, "description": "See website for T&C"}, {"boundingPoly": {"vertices": [{"x": 130.0, "y": 1024.0}, {"x": 642.0, "y": 1019.0}, {"x": 643.0, "y": 1053.0}, {"x": 130.0, "y": 1057.0}]}, "description": "www.eatonthemove.com/US"}, {"boundingPoly": {"vertices": [{"x": 195.0, "y": 1104.0}, {"x": 407.0, "y": 1104.0}, {"x": 407.0, "y": 1144.0}, {"x": 195.0, "y": 1144.0}]}, "description": " LOCATION:"}, {"boundingPoly": {"vertices": [{"x": 414.0, "y": 1104.0}, {"x": 578.0, "y": 1104.0}, {"x": 578.0, "y": 1143.0}, {"x": 414.0, "y": 1143.0}]}, "description": " 6301384"}, {"boundingPoly": {"vertices": [{"x": 55.0, "y": 1194.0}, {"x": 698.0, "y": 1191.0}, {"x": 698.0, "y": 1229.0}, {"x": 55.0, "y": 1231.0}]}, "description": "Customer Care 1-877-325-8777"}]}