{"textAnnotations": [{"boundingPoly": {"vertices": [{"x": 765.0, "y": 45.0}, {"x": 1365.0, "y": 68.0}, {"x": 1363.0, "y": 119.0}, {"x": 765.0, "y": 96.0}]}, "description": "Thank You For Visiting the"}, {"boundingPoly": {"vertices": [{"x": 870.0, "y": 161.0}, {"x": 1249.0, "y": 174.0}, {"x": 1247.0, "y": 223.0}, {"x": 869.0, "y": 209.0}]}, "description": "Matthew Fraysier"}, {"boundingPoly": {"vertices": [{"x": 908.0, "y": 269.0}, {"x": 1225.0, "y": 274.0}, {"x": 1224.0, "y": 321.0}, {"x": 907.0, "y": 317.0}]}, "description": "merchant phone"}, {"boundingPoly": {"vertices": [{"x": 801.0, "y": 319.0}, {"x": 1324.0, "y": 328.0}, {"x": 1323.0, "y": 374.0}, {"x": 800.0, "y": 368.0}]}, "description": "We Love Your Feedback!"}, {"boundingPoly": {"vertices": [{"x": 794.0, "y": 373.0}, {"x": 1339.0, "y": 379.0}, {"x": 1338.0, "y": 431.0}, {"x": 794.0, "y": 422.0}]}, "description": "Text @LTF11479 to 73940"}, {"boundingPoly": {"vertices": [{"x": 765.0, "y": 100.0}, {"x": 1355.0, "y": 120.0}, {"x": 1353.0, "y": 167.0}, {"x": 763.0, "y": 152.0}]}, "description": "merchant name"}, {"boundingPoly": {"vertices": [{"x": 887.0, "y": 218.0}, {"x": 1241.0, "y": 224.0}, {"x": 1240.0, "y": 271.0}, {"x": 886.0, "y": 266.0}]}, "description": "General Manager"}, {"boundingPoly": {"vertices": [{"x": 581.0, "y": 539.0}, {"x": 952.0, "y": 544.0}, {"x": 952.0, "y": 598.0}, {"x": 581.0, "y": 593.0}]}, "description": "Cappuccino 12oz"}, {"boundingPoly": {"vertices": [{"x": 1488.0, "y": 499.0}, {"x": 1557.0, "y": 503.0}, {"x": 1554.0, "y": 551.0}, {"x": 1485.0, "y": 547.0}]}, "description": "USD"}, {"boundingPoly": {"vertices": [{"x": 1464.0, "y": 556.0}, {"x": 1559.0, "y": 558.0}, {"x": 1557.0, "y": 607.0}, {"x": 1461.0, "y": 605.0}]}, "description": "3.40"}, {"boundingPoly": {"vertices": [{"x": 1128.0, "y": 668.0}, {"x": 1348.0, "y": 668.0}, {"x": 1348.0, "y": 717.0}, {"x": 1128.0, "y": 718.0}]}, "description": "Sub Total"}, {"boundingPoly": {"vertices": [{"x": 1130.0, "y": 727.0}, {"x": 1368.0, "y": 727.0}, {"x": 1368.0, "y": 775.0}, {"x": 1130.0, "y": 775.0}]}, "description": "Tax Amount"}, {"boundingPoly": {"vertices": [{"x": 1459.0, "y": 673.0}, {"x": 1557.0, "y": 676.0}, {"x": 1555.0, "y": 721.0}, {"x": 1458.0, "y": 720.0}]}, "description": "3.40"}, {"boundingPoly": {"vertices": [{"x": 1456.0, "y": 727.0}, {"x": 1556.0, "y": 726.0}, {"x": 1557.0, "y": 774.0}, {"x": 1457.0, "y": 773.0}]}, "description": "0.30"}, {"boundingPoly": {"vertices": [{"x": 569.0, "y": 890.0}, {"x": 996.0, "y": 891.0}, {"x": 996.0, "y": 983.0}, {"x": 569.0, "y": 983.0}]}, "description": "Total USD"}, {"boundingPoly": {"vertices": [{"x": 1356.0, "y": 891.0}, {"x": 1557.0, "y": 888.0}, {"x": 1557.0, "y": 979.0}, {"x": 1356.0, "y": 978.0}]}, "description": "3.70"}, {"boundingPoly": {"vertices": [{"x": 568.0, "y": 1148.0}, {"x": 789.0, "y": 1155.0}, {"x": 788.0, "y": 1205.0}, {"x": 566.0, "y": 1199.0}]}, "description": "5008 AMEX"}, {"boundingPoly": {"vertices": [{"x": 1458.0, "y": 1150.0}, {"x": 1558.0, "y": 1150.0}, {"x": 1559.0, "y": 1195.0}, {"x": 1459.0, "y": 1196.0}]}, "description": "3.70"}, {"boundingPoly": {"vertices": [{"x": 574.0, "y": 1326.0}, {"x": 649.0, "y": 1328.0}, {"x": 646.0, "y": 1374.0}, {"x": 571.0, "y": 1372.0}]}, "description": "Tax"}, {"boundingPoly": {"vertices": [{"x": 575.0, "y": 1380.0}, {"x": 766.0, "y": 1381.0}, {"x": 766.0, "y": 1435.0}, {"x": 575.0, "y": 1434.0}]}, "description": "() 8.875"}, {"boundingPoly": {"vertices": [{"x": 946.0, "y": 1321.0}, {"x": 1301.0, "y": 1321.0}, {"x": 1301.0, "y": 1377.0}, {"x": 946.0, "y": 1377.0}]}, "description": " Taxable Amount"}, {"boundingPoly": {"vertices": [{"x": 1186.0, "y": 1379.0}, {"x": 1274.0, "y": 1381.0}, {"x": 1276.0, "y": 1428.0}, {"x": 1187.0, "y": 1428.0}]}, "description": "3.40"}, {"boundingPoly": {"vertices": [{"x": 1321.0, "y": 1317.0}, {"x": 1566.0, "y": 1317.0}, {"x": 1566.0, "y": 1372.0}, {"x": 1321.0, "y": 1372.0}]}, "description": " Tax Amount"}, {"boundingPoly": {"vertices": [{"x": 1469.0, "y": 1376.0}, {"x": 1561.0, "y": 1375.0}, {"x": 1563.0, "y": 1421.0}, {"x": 1469.0, "y": 1422.0}]}, "description": "0.30"}, {"boundingPoly": {"vertices": [{"x": 570.0, "y": 1548.0}, {"x": 1078.0, "y": 1548.0}, {"x": 1078.0, "y": 1609.0}, {"x": 570.0, "y": 1609.0}]}, "description": " 11/18/2019 11:17 AM #:"}, {"boundingPoly": {"vertices": [{"x": 570.0, "y": 1612.0}, {"x": 808.0, "y": 1612.0}, {"x": 808.0, "y": 1663.0}, {"x": 570.0, "y": 1663.0}]}, "description": " 108 S:1111"}, {"boundingPoly": {"vertices": [{"x": 557.0, "y": 1668.0}, {"x": 814.0, "y": 1668.0}, {"x": 814.0, "y": 1726.0}, {"x": 557.0, "y": 1726.0}]}, "description": " Served you"}, {"boundingPoly": {"vertices": [{"x": 1088.0, "y": 1544.0}, {"x": 1564.0, "y": 1544.0}, {"x": 1564.0, "y": 1603.0}, {"x": 1088.0, "y": 1603.0}]}, "description": " 16980 Cp:4032 C:111"}, {"boundingPoly": {"vertices": [{"x": 824.0, "y": 1666.0}, {"x": 1148.0, "y": 1666.0}, {"x": 1148.0, "y": 1724.0}, {"x": 824.0, "y": 1724.0}]}, "description": " : Fnu Yangdon"}, {"boundingPoly": {"vertices": [{"x": 769.0, "y": 1904.0}, {"x": 1290.0, "y": 1900.0}, {"x": 1291.0, "y": 1955.0}, {"x": 769.0, "y": 1958.0}]}, "description": "*** Customer copy ***"}, {"boundingPoly": {"vertices": [{"x": 864.0, "y": 2025.0}, {"x": 1221.0, "y": 2021.0}, {"x": 1221.0, "y": 2080.0}, {"x": 865.0, "y": 2082.0}]}, "description": "AMEX NY937 (8)"}, {"boundingPoly": {"vertices": [{"x": 520.0, "y": 2154.0}, {"x": 1023.0, "y": 2150.0}, {"x": 1023.0, "y": 2210.0}, {"x": 520.0, "y": 2214.0}]}, "description": "PURCHASE / APPROVED"}, {"boundingPoly": {"vertices": [{"x": 526.0, "y": 2220.0}, {"x": 629.0, "y": 2221.0}, {"x": 629.0, "y": 2275.0}, {"x": 526.0, "y": 2274.0}]}, "description": "AMEX"}, {"boundingPoly": {"vertices": [{"x": 523.0, "y": 2285.0}, {"x": 918.0, "y": 2284.0}, {"x": 919.0, "y": 2337.0}, {"x": 523.0, "y": 2338.0}]}, "description": "*********** 1000"}, {"boundingPoly": {"vertices": [{"x": 883.0, "y": 2347.0}, {"x": 1049.0, "y": 2347.0}, {"x": 1049.0, "y": 2406.0}, {"x": 883.0, "y": 2406.0}]}, "description": " No CVM"}, {"boundingPoly": {"vertices": [{"x": 519.0, "y": 2348.0}, {"x": 823.0, "y": 2348.0}, {"x": 823.0, "y": 2406.0}, {"x": 519.0, "y": 2406.0}]}, "description": " CONTACTLESS"}, {"boundingPoly": {"vertices": [{"x": 833.0, "y": 2348.0}, {"x": 873.0, "y": 2348.0}, {"x": 873.0, "y": 2406.0}, {"x": 833.0, "y": 2406.0}]}, "description": " /"}, {"boundingPoly": {"vertices": [{"x": 528.0, "y": 2472.0}, {"x": 1028.0, "y": 2472.0}, {"x": 1028.0, "y": 2536.0}, {"x": 528.0, "y": 2536.0}]}, "description": " 2019/11/18 11:17:35"}, {"boundingPoly": {"vertices": [{"x": 527.0, "y": 2544.0}, {"x": 599.0, "y": 2545.0}, {"x": 599.0, "y": 2601.0}, {"x": 528.0, "y": 2599.0}]}, "description": "TID"}, {"boundingPoly": {"vertices": [{"x": 513.0, "y": 2616.0}, {"x": 606.0, "y": 2615.0}, {"x": 604.0, "y": 2667.0}, {"x": 514.0, "y": 2666.0}]}, "description": "MID"}, {"boundingPoly": {"vertices": [{"x": 507.0, "y": 2684.0}, {"x": 759.0, "y": 2677.0}, {"x": 760.0, "y": 2737.0}, {"x": 509.0, "y": 2743.0}]}, "description": "REFERENCE"}, {"boundingPoly": {"vertices": [{"x": 510.0, "y": 2753.0}, {"x": 757.0, "y": 2748.0}, {"x": 758.0, "y": 2808.0}, {"x": 511.0, "y": 2813.0}]}, "description": "AUTH CODE"}, {"boundingPoly": {"vertices": [{"x": 1356.0, "y": 2528.0}, {"x": 1569.0, "y": 2527.0}, {"x": 1570.0, "y": 2581.0}, {"x": 1356.0, "y": 2582.0}]}, "description": "**** 6034"}, {"boundingPoly": {"vertices": [{"x": 1376.0, "y": 2596.0}, {"x": 1567.0, "y": 2593.0}, {"x": 1568.0, "y": 2647.0}, {"x": 1377.0, "y": 2651.0}]}, "description": "6634459"}, {"boundingPoly": {"vertices": [{"x": 913.0, "y": 2672.0}, {"x": 1576.0, "y": 2661.0}, {"x": 1577.0, "y": 2719.0}, {"x": 913.0, "y": 2732.0}]}, "description": "S1111T111108#169800048257"}, {"boundingPoly": {"vertices": [{"x": 1417.0, "y": 2734.0}, {"x": 1581.0, "y": 2732.0}, {"x": 1582.0, "y": 2790.0}, {"x": 1419.0, "y": 2793.0}]}, "description": "508922"}, {"boundingPoly": {"vertices": [{"x": 512.0, "y": 2895.0}, {"x": 640.0, "y": 2896.0}, {"x": 643.0, "y": 2954.0}, {"x": 514.0, "y": 2955.0}]}, "description": "TOTAL"}, {"boundingPoly": {"vertices": [{"x": 1389.0, "y": 2878.0}, {"x": 1590.0, "y": 2876.0}, {"x": 1591.0, "y": 2934.0}, {"x": 1390.0, "y": 2937.0}]}, "description": "USD3.70"}]}