{"textAnnotations": [{"boundingPoly": {"vertices": [{"x": 848.0, "y": 239.0}, {"x": 1288.0, "y": 234.0}, {"x": 1289.0, "y": 294.0}, {"x": 849.0, "y": 299.0}]}, "description": "merchant name"}, {"boundingPoly": {"vertices": [{"x": 707.0, "y": 313.0}, {"x": 1395.0, "y": 313.0}, {"x": 1395.0, "y": 379.0}, {"x": 707.0, "y": 379.0}]}, "description": "merchant address"}, {"boundingPoly": {"vertices": [{"x": 782.0, "y": 391.0}, {"x": 1365.0, "y": 390.0}, {"x": 1365.0, "y": 451.0}, {"x": 783.0, "y": 454.0}]}, "description": "merchant address"}, {"boundingPoly": {"vertices": [{"x": 913.0, "y": 467.0}, {"x": 1243.0, "y": 464.0}, {"x": 1244.0, "y": 532.0}, {"x": 913.0, "y": 538.0}]}, "description": "merchant phone"}, {"boundingPoly": {"vertices": [{"x": 1404.0, "y": 316.0}, {"x": 1450.0, "y": 316.0}, {"x": 1450.0, "y": 380.0}, {"x": 1404.0, "y": 380.0}]}, "description": "merchant address"}, {"boundingPoly": {"vertices": [{"x": 963.0, "y": 637.0}, {"x": 1198.0, "y": 637.0}, {"x": 1199.0, "y": 710.0}, {"x": 963.0, "y": 711.0}]}, "description": "SALE"}, {"boundingPoly": {"vertices": [{"x": 576.0, "y": 873.0}, {"x": 691.0, "y": 873.0}, {"x": 691.0, "y": 933.0}, {"x": 576.0, "y": 933.0}]}, "description": " TID:"}, {"boundingPoly": {"vertices": [{"x": 574.0, "y": 951.0}, {"x": 691.0, "y": 951.0}, {"x": 691.0, "y": 1012.0}, {"x": 574.0, "y": 1012.0}]}, "description": " DID:"}, {"boundingPoly": {"vertices": [{"x": 573.0, "y": 1028.0}, {"x": 834.0, "y": 1028.0}, {"x": 834.0, "y": 1087.0}, {"x": 573.0, "y": 1087.0}]}, "description": " Batch #:"}, {"boundingPoly": {"vertices": [{"x": 578.0, "y": 1100.0}, {"x": 774.0, "y": 1100.0}, {"x": 774.0, "y": 1161.0}, {"x": 578.0, "y": 1161.0}]}, "description": "11/26/19"}, {"boundingPoly": {"vertices": [{"x": 583.0, "y": 1178.0}, {"x": 951.0, "y": 1178.0}, {"x": 951.0, "y": 1239.0}, {"x": 583.0, "y": 1239.0}]}, "description": " APPR CODE:"}, {"boundingPoly": {"vertices": [{"x": 583.0, "y": 1252.0}, {"x": 739.0, "y": 1250.0}, {"x": 739.0, "y": 1304.0}, {"x": 584.0, "y": 1306.0}]}, "description": "AMEX"}, {"boundingPoly": {"vertices": [{"x": 582.0, "y": 1325.0}, {"x": 954.0, "y": 1327.0}, {"x": 952.0, "y": 1387.0}, {"x": 580.0, "y": 1373.0}]}, "description": "*********** 1000"}, {"boundingPoly": {"vertices": [{"x": 702.0, "y": 874.0}, {"x": 803.0, "y": 874.0}, {"x": 803.0, "y": 933.0}, {"x": 702.0, "y": 933.0}]}, "description": " 002"}, {"boundingPoly": {"vertices": [{"x": 702.0, "y": 950.0}, {"x": 826.0, "y": 950.0}, {"x": 826.0, "y": 1012.0}, {"x": 702.0, "y": 1012.0}]}, "description": " 0001"}, {"boundingPoly": {"vertices": [{"x": 1155.0, "y": 873.0}, {"x": 1318.0, "y": 873.0}, {"x": 1318.0, "y": 937.0}, {"x": 1155.0, "y": 937.0}]}, "description": " REF#:"}, {"boundingPoly": {"vertices": [{"x": 1330.0, "y": 875.0}, {"x": 1569.0, "y": 875.0}, {"x": 1569.0, "y": 939.0}, {"x": 1330.0, "y": 939.0}]}, "description": " 00000048"}, {"boundingPoly": {"vertices": [{"x": 844.0, "y": 1027.0}, {"x": 1033.0, "y": 1027.0}, {"x": 1033.0, "y": 1088.0}, {"x": 844.0, "y": 1088.0}]}, "description": " 000402"}, {"boundingPoly": {"vertices": [{"x": 1369.0, "y": 1104.0}, {"x": 1562.0, "y": 1104.0}, {"x": 1562.0, "y": 1165.0}, {"x": 1369.0, "y": 1165.0}]}, "description": " 20:47:28"}, {"boundingPoly": {"vertices": [{"x": 962.0, "y": 1179.0}, {"x": 1141.0, "y": 1179.0}, {"x": 1141.0, "y": 1239.0}, {"x": 962.0, "y": 1239.0}]}, "description": " 844012"}, {"boundingPoly": {"vertices": [{"x": 1450.0, "y": 1250.0}, {"x": 1564.0, "y": 1254.0}, {"x": 1559.0, "y": 1316.0}, {"x": 1450.0, "y": 1312.0}]}, "description": "Chip"}, {"boundingPoly": {"vertices": [{"x": 1449.0, "y": 1324.0}, {"x": 1567.0, "y": 1322.0}, {"x": 1567.0, "y": 1358.0}, {"x": 1449.0, "y": 1360.0}]}, "description": "** / **"}, {"boundingPoly": {"vertices": [{"x": 580.0, "y": 1486.0}, {"x": 965.0, "y": 1484.0}, {"x": 966.0, "y": 1553.0}, {"x": 580.0, "y": 1556.0}]}, "description": "AMOUNT"}, {"boundingPoly": {"vertices": [{"x": 1313.0, "y": 1480.0}, {"x": 1569.0, "y": 1479.0}, {"x": 1570.0, "y": 1548.0}, {"x": 1314.0, "y": 1552.0}]}, "description": "$11.25"}, {"boundingPoly": {"vertices": [{"x": 578.0, "y": 1634.0}, {"x": 718.0, "y": 1630.0}, {"x": 720.0, "y": 1700.0}, {"x": 582.0, "y": 1705.0}]}, "description": "TIP"}, {"boundingPoly": {"vertices": [{"x": 1086.0, "y": 1633.0}, {"x": 1142.0, "y": 1634.0}, {"x": 1142.0, "y": 1693.0}, {"x": 1086.0, "y": 1693.0}]}, "description": "$"}, {"boundingPoly": {"vertices": [{"x": 571.0, "y": 1785.0}, {"x": 871.0, "y": 1783.0}, {"x": 872.0, "y": 1857.0}, {"x": 572.0, "y": 1860.0}]}, "description": "TOTAL"}, {"boundingPoly": {"vertices": [{"x": 1089.0, "y": 1776.0}, {"x": 1147.0, "y": 1784.0}, {"x": 1143.0, "y": 1847.0}, {"x": 1085.0, "y": 1839.0}]}, "description": "$"}, {"boundingPoly": {"vertices": [{"x": 936.0, "y": 1955.0}, {"x": 1244.0, "y": 1946.0}, {"x": 1246.0, "y": 2009.0}, {"x": 938.0, "y": 2017.0}]}, "description": "APPROVED"}, {"boundingPoly": {"vertices": [{"x": 559.0, "y": 2143.0}, {"x": 1168.0, "y": 2126.0}, {"x": 1169.0, "y": 2188.0}, {"x": 561.0, "y": 2207.0}]}, "description": "AMERICAN EXPRESS"}, {"boundingPoly": {"vertices": [{"x": 706.0, "y": 2206.0}, {"x": 1201.0, "y": 2206.0}, {"x": 1201.0, "y": 2286.0}, {"x": 706.0, "y": 2286.0}]}, "description": " A000000025010801"}, {"boundingPoly": {"vertices": [{"x": 726.0, "y": 2287.0}, {"x": 1232.0, "y": 2287.0}, {"x": 1232.0, "y": 2371.0}, {"x": 726.0, "y": 2371.0}]}, "description": " 00 00 00 80 00"}, {"boundingPoly": {"vertices": [{"x": 690.0, "y": 2385.0}, {"x": 875.0, "y": 2385.0}, {"x": 875.0, "y": 2458.0}, {"x": 690.0, "y": 2458.0}]}, "description": " F8 00"}, {"boundingPoly": {"vertices": [{"x": 556.0, "y": 2220.0}, {"x": 694.0, "y": 2220.0}, {"x": 694.0, "y": 2290.0}, {"x": 556.0, "y": 2290.0}]}, "description": " AID:"}, {"boundingPoly": {"vertices": [{"x": 554.0, "y": 2304.0}, {"x": 716.0, "y": 2304.0}, {"x": 716.0, "y": 2374.0}, {"x": 554.0, "y": 2374.0}]}, "description": " TVR:"}, {"boundingPoly": {"vertices": [{"x": 556.0, "y": 2388.0}, {"x": 678.0, "y": 2388.0}, {"x": 678.0, "y": 2460.0}, {"x": 556.0, "y": 2460.0}]}, "description": " TSI:"}, {"boundingPoly": {"vertices": [{"x": 914.0, "y": 2552.0}, {"x": 1286.0, "y": 2531.0}, {"x": 1289.0, "y": 2598.0}, {"x": 918.0, "y": 2619.0}]}, "description": "THANK YOU"}, {"boundingPoly": {"vertices": [{"x": 757.0, "y": 2646.0}, {"x": 1445.0, "y": 2611.0}, {"x": 1448.0, "y": 2678.0}, {"x": 759.0, "y": 2715.0}]}, "description": "PLEASE COME AGAIN"}, {"boundingPoly": {"vertices": [{"x": 824.0, "y": 2823.0}, {"x": 1373.0, "y": 2780.0}, {"x": 1379.0, "y": 2850.0}, {"x": 830.0, "y": 2895.0}]}, "description": "CUSTOMER COPY"}]}