{"textAnnotations": [{"boundingPoly": {"vertices": [{"x": 955.0, "y": 18.0}, {"x": 1496.0, "y": 24.0}, {"x": 1495.0, "y": 79.0}, {"x": 955.0, "y": 74.0}]}, "description": "Thank You For Visiting the"}, {"boundingPoly": {"vertices": [{"x": 954.0, "y": 72.0}, {"x": 1488.0, "y": 72.0}, {"x": 1488.0, "y": 131.0}, {"x": 954.0, "y": 130.0}]}, "description": "merchant name"}, {"boundingPoly": {"vertices": [{"x": 1049.0, "y": 133.0}, {"x": 1393.0, "y": 140.0}, {"x": 1392.0, "y": 191.0}, {"x": 1049.0, "y": 184.0}]}, "description": "Matthew Fraysier"}, {"boundingPoly": {"vertices": [{"x": 1062.0, "y": 187.0}, {"x": 1380.0, "y": 191.0}, {"x": 1379.0, "y": 241.0}, {"x": 1062.0, "y": 237.0}]}, "description": "General Manager"}, {"boundingPoly": {"vertices": [{"x": 1073.0, "y": 239.0}, {"x": 1360.0, "y": 239.0}, {"x": 1360.0, "y": 292.0}, {"x": 1073.0, "y": 292.0}]}, "description": "merchant phone"}, {"boundingPoly": {"vertices": [{"x": 985.0, "y": 287.0}, {"x": 1451.0, "y": 285.0}, {"x": 1451.0, "y": 339.0}, {"x": 985.0, "y": 341.0}]}, "description": "We Love Your Feedback!"}, {"boundingPoly": {"vertices": [{"x": 976.0, "y": 337.0}, {"x": 1467.0, "y": 336.0}, {"x": 1467.0, "y": 390.0}, {"x": 976.0, "y": 391.0}]}, "description": "Text @LTF11479 to 73940"}, {"boundingPoly": {"vertices": [{"x": 1586.0, "y": 415.0}, {"x": 1657.0, "y": 409.0}, {"x": 1662.0, "y": 457.0}, {"x": 1591.0, "y": 463.0}]}, "description": "USD"}, {"boundingPoly": {"vertices": [{"x": 1567.0, "y": 469.0}, {"x": 1661.0, "y": 465.0}, {"x": 1662.0, "y": 512.0}, {"x": 1570.0, "y": 516.0}]}, "description": "5.20"}, {"boundingPoly": {"vertices": [{"x": 805.0, "y": 487.0}, {"x": 1224.0, "y": 493.0}, {"x": 1223.0, "y": 544.0}, {"x": 804.0, "y": 538.0}]}, "description": "12oz Island Watermel"}, {"boundingPoly": {"vertices": [{"x": 1281.0, "y": 581.0}, {"x": 1466.0, "y": 581.0}, {"x": 1466.0, "y": 626.0}, {"x": 1281.0, "y": 628.0}]}, "description": "Sub Total"}, {"boundingPoly": {"vertices": [{"x": 1573.0, "y": 573.0}, {"x": 1668.0, "y": 566.0}, {"x": 1671.0, "y": 602.0}, {"x": 1575.0, "y": 607.0}]}, "description": "5.20"}, {"boundingPoly": {"vertices": [{"x": 1571.0, "y": 613.0}, {"x": 1669.0, "y": 605.0}, {"x": 1672.0, "y": 643.0}, {"x": 1574.0, "y": 650.0}]}, "description": "0.46"}, {"boundingPoly": {"vertices": [{"x": 1284.0, "y": 629.0}, {"x": 1492.0, "y": 625.0}, {"x": 1494.0, "y": 673.0}, {"x": 1284.0, "y": 678.0}]}, "description": "Tax Amount"}, {"boundingPoly": {"vertices": [{"x": 778.0, "y": 787.0}, {"x": 1163.0, "y": 790.0}, {"x": 1162.0, "y": 877.0}, {"x": 777.0, "y": 874.0}]}, "description": "Total USD"}, {"boundingPoly": {"vertices": [{"x": 1487.0, "y": 756.0}, {"x": 1677.0, "y": 744.0}, {"x": 1682.0, "y": 829.0}, {"x": 1493.0, "y": 841.0}]}, "description": "5.66"}, {"boundingPoly": {"vertices": [{"x": 771.0, "y": 1024.0}, {"x": 1238.0, "y": 1027.0}, {"x": 1237.0, "y": 1077.0}, {"x": 771.0, "y": 1072.0}]}, "description": "5009 AMERICAN EXPRESS"}, {"boundingPoly": {"vertices": [{"x": 1585.0, "y": 999.0}, {"x": 1686.0, "y": 991.0}, {"x": 1689.0, "y": 1039.0}, {"x": 1589.0, "y": 1048.0}]}, "description": "5.66"}, {"boundingPoly": {"vertices": [{"x": 782.0, "y": 1171.0}, {"x": 859.0, "y": 1173.0}, {"x": 858.0, "y": 1214.0}, {"x": 780.0, "y": 1212.0}]}, "description": "Tax"}, {"boundingPoly": {"vertices": [{"x": 785.0, "y": 1216.0}, {"x": 962.0, "y": 1218.0}, {"x": 962.0, "y": 1267.0}, {"x": 784.0, "y": 1265.0}]}, "description": "() 8.875"}, {"boundingPoly": {"vertices": [{"x": 1127.0, "y": 1168.0}, {"x": 1445.0, "y": 1168.0}, {"x": 1445.0, "y": 1229.0}, {"x": 1127.0, "y": 1229.0}]}, "description": " Taxable Amount"}, {"boundingPoly": {"vertices": [{"x": 1462.0, "y": 1149.0}, {"x": 1698.0, "y": 1149.0}, {"x": 1698.0, "y": 1214.0}, {"x": 1462.0, "y": 1214.0}]}, "description": " Tax Amount"}, {"boundingPoly": {"vertices": [{"x": 1340.0, "y": 1226.0}, {"x": 1424.0, "y": 1222.0}, {"x": 1427.0, "y": 1266.0}, {"x": 1341.0, "y": 1270.0}]}, "description": "5.20"}, {"boundingPoly": {"vertices": [{"x": 1602.0, "y": 1209.0}, {"x": 1703.0, "y": 1204.0}, {"x": 1704.0, "y": 1244.0}, {"x": 1602.0, "y": 1251.0}]}, "description": "0.46"}, {"boundingPoly": {"vertices": [{"x": 786.0, "y": 1373.0}, {"x": 1244.0, "y": 1373.0}, {"x": 1244.0, "y": 1430.0}, {"x": 786.0, "y": 1430.0}]}, "description": " 11/13/2019 09:06 AM #:"}, {"boundingPoly": {"vertices": [{"x": 789.0, "y": 1429.0}, {"x": 1002.0, "y": 1429.0}, {"x": 1002.0, "y": 1478.0}, {"x": 789.0, "y": 1478.0}]}, "description": " 105 S:1111"}, {"boundingPoly": {"vertices": [{"x": 782.0, "y": 1485.0}, {"x": 1015.0, "y": 1485.0}, {"x": 1015.0, "y": 1537.0}, {"x": 782.0, "y": 1537.0}]}, "description": " Served you"}, {"boundingPoly": {"vertices": [{"x": 1253.0, "y": 1363.0}, {"x": 1704.0, "y": 1363.0}, {"x": 1704.0, "y": 1430.0}, {"x": 1253.0, "y": 1430.0}]}, "description": " 49853 Op:4023 C:111"}, {"boundingPoly": {"vertices": [{"x": 1023.0, "y": 1487.0}, {"x": 1419.0, "y": 1487.0}, {"x": 1419.0, "y": 1538.0}, {"x": 1023.0, "y": 1538.0}]}, "description": " : Lucrecia Findley"}, {"boundingPoly": {"vertices": [{"x": 985.0, "y": 1700.0}, {"x": 1456.0, "y": 1700.0}, {"x": 1456.0, "y": 1747.0}, {"x": 985.0, "y": 1747.0}]}, "description": "*** Customer copy ***"}, {"boundingPoly": {"vertices": [{"x": 1080.0, "y": 1803.0}, {"x": 1398.0, "y": 1804.0}, {"x": 1398.0, "y": 1854.0}, {"x": 1079.0, "y": 1852.0}]}, "description": "AMEX NY937 (5)"}, {"boundingPoly": {"vertices": [{"x": 809.0, "y": 1860.0}, {"x": 1634.0, "y": 1857.0}, {"x": 1634.0, "y": 1908.0}, {"x": 809.0, "y": 1910.0}]}, "description": "I agree to pay the above total amount"}, {"boundingPoly": {"vertices": [{"x": 960.0, "y": 1911.0}, {"x": 1511.0, "y": 1911.0}, {"x": 1511.0, "y": 1963.0}, {"x": 960.0, "y": 1963.0}]}, "description": "according to card issuer"}, {"boundingPoly": {"vertices": [{"x": 782.0, "y": 1966.0}, {"x": 1665.0, "y": 1962.0}, {"x": 1665.0, "y": 2017.0}, {"x": 782.0, "y": 2019.0}]}, "description": "agreement. (Merchant agreement if Credit"}, {"boundingPoly": {"vertices": [{"x": 847.0, "y": 2020.0}, {"x": 1602.0, "y": 2022.0}, {"x": 1602.0, "y": 2077.0}, {"x": 847.0, "y": 2075.0}]}, "description": "Voucher)Retain this copy for your"}, {"boundingPoly": {"vertices": [{"x": 1142.0, "y": 2083.0}, {"x": 1323.0, "y": 2084.0}, {"x": 1323.0, "y": 2133.0}, {"x": 1142.0, "y": 2131.0}]}, "description": "records."}, {"boundingPoly": {"vertices": [{"x": 778.0, "y": 2193.0}, {"x": 1220.0, "y": 2193.0}, {"x": 1220.0, "y": 2247.0}, {"x": 778.0, "y": 2246.0}]}, "description": "PURCHASE / APPROVED"}, {"boundingPoly": {"vertices": [{"x": 773.0, "y": 2252.0}, {"x": 1150.0, "y": 2251.0}, {"x": 1150.0, "y": 2303.0}, {"x": 774.0, "y": 2305.0}]}, "description": "AMERICAN EXPRESS"}, {"boundingPoly": {"vertices": [{"x": 774.0, "y": 2312.0}, {"x": 1129.0, "y": 2312.0}, {"x": 1129.0, "y": 2359.0}, {"x": 774.0, "y": 2358.0}]}, "description": "*********** 1000"}, {"boundingPoly": {"vertices": [{"x": 772.0, "y": 2368.0}, {"x": 1037.0, "y": 2367.0}, {"x": 1037.0, "y": 2420.0}, {"x": 772.0, "y": 2423.0}]}, "description": "CHIP READ /"}, {"boundingPoly": {"vertices": [{"x": 762.0, "y": 2485.0}, {"x": 1216.0, "y": 2485.0}, {"x": 1216.0, "y": 2545.0}, {"x": 762.0, "y": 2545.0}]}, "description": " 2019/11/13 09:06:11"}, {"boundingPoly": {"vertices": [{"x": 772.0, "y": 2556.0}, {"x": 843.0, "y": 2556.0}, {"x": 842.0, "y": 2609.0}, {"x": 771.0, "y": 2609.0}]}, "description": "TID"}, {"boundingPoly": {"vertices": [{"x": 760.0, "y": 2620.0}, {"x": 836.0, "y": 2619.0}, {"x": 838.0, "y": 2669.0}, {"x": 762.0, "y": 2671.0}]}, "description": "MID"}, {"boundingPoly": {"vertices": [{"x": 761.0, "y": 2680.0}, {"x": 985.0, "y": 2674.0}, {"x": 986.0, "y": 2732.0}, {"x": 762.0, "y": 2737.0}]}, "description": "REFERENCE"}, {"boundingPoly": {"vertices": [{"x": 760.0, "y": 2748.0}, {"x": 983.0, "y": 2741.0}, {"x": 985.0, "y": 2797.0}, {"x": 761.0, "y": 2805.0}]}, "description": "AUTH CODE"}, {"boundingPoly": {"vertices": [{"x": 1524.0, "y": 2557.0}, {"x": 1720.0, "y": 2557.0}, {"x": 1720.0, "y": 2607.0}, {"x": 1523.0, "y": 2607.0}]}, "description": "**** 6039"}, {"boundingPoly": {"vertices": [{"x": 1552.0, "y": 2617.0}, {"x": 1717.0, "y": 2616.0}, {"x": 1717.0, "y": 2668.0}, {"x": 1553.0, "y": 2670.0}]}, "description": "6634459"}, {"boundingPoly": {"vertices": [{"x": 1118.0, "y": 2663.0}, {"x": 1724.0, "y": 2680.0}, {"x": 1722.0, "y": 2735.0}, {"x": 1118.0, "y": 2722.0}]}, "description": "S1111T111105#49853@104974"}, {"boundingPoly": {"vertices": [{"x": 1575.0, "y": 2742.0}, {"x": 1729.0, "y": 2742.0}, {"x": 1727.0, "y": 2798.0}, {"x": 1575.0, "y": 2798.0}]}, "description": "861256"}, {"boundingPoly": {"vertices": [{"x": 753.0, "y": 2885.0}, {"x": 878.0, "y": 2881.0}, {"x": 880.0, "y": 2939.0}, {"x": 756.0, "y": 2941.0}]}, "description": "TOTAL"}, {"boundingPoly": {"vertices": [{"x": 1552.0, "y": 2872.0}, {"x": 1737.0, "y": 2873.0}, {"x": 1736.0, "y": 2934.0}, {"x": 1552.0, "y": 2930.0}]}, "description": "USD5.66"}]}