{"textAnnotations": [{"boundingPoly": {"vertices": [{"x": 462.0, "y": 77.0}, {"x": 1458.0, "y": 146.0}, {"x": 1454.0, "y": 268.0}, {"x": 454.0, "y": 200.0}]}, "description": "merchant name"}, {"boundingPoly": {"vertices": [{"x": 742.0, "y": 312.0}, {"x": 1201.0, "y": 331.0}, {"x": 1199.0, "y": 384.0}, {"x": 742.0, "y": 366.0}]}, "description": "merchant address"}, {"boundingPoly": {"vertices": [{"x": 950.0, "y": 390.0}, {"x": 1223.0, "y": 390.0}, {"x": 1223.0, "y": 452.0}, {"x": 950.0, "y": 452.0}]}, "description": "merchant address"}, {"boundingPoly": {"vertices": [{"x": 775.0, "y": 454.0}, {"x": 1283.0, "y": 454.0}, {"x": 1283.0, "y": 522.0}, {"x": 775.0, "y": 522.0}]}, "description": " : 001 CASHIER:"}, {"boundingPoly": {"vertices": [{"x": 523.0, "y": 221.0}, {"x": 1389.0, "y": 272.0}, {"x": 1386.0, "y": 327.0}, {"x": 520.0, "y": 281.0}]}, "description": "merchant address"}, {"boundingPoly": {"vertices": [{"x": 675.0, "y": 379.0}, {"x": 938.0, "y": 379.0}, {"x": 938.0, "y": 446.0}, {"x": 675.0, "y": 446.0}]}, "description": "merchant address"}, {"boundingPoly": {"vertices": [{"x": 664.0, "y": 450.0}, {"x": 767.0, "y": 450.0}, {"x": 767.0, "y": 509.0}, {"x": 664.0, "y": 509.0}]}, "description": " REG"}, {"boundingPoly": {"vertices": [{"x": 183.0, "y": 422.0}, {"x": 417.0, "y": 422.0}, {"x": 417.0, "y": 493.0}, {"x": 183.0, "y": 493.0}]}, "description": " STORE:"}, {"boundingPoly": {"vertices": [{"x": 174.0, "y": 500.0}, {"x": 987.0, "y": 527.0}, {"x": 985.0, "y": 582.0}, {"x": 172.0, "y": 561.0}]}, "description": "DASANI BOTTLED WATER 20"}, {"boundingPoly": {"vertices": [{"x": 795.0, "y": 593.0}, {"x": 1018.0, "y": 593.0}, {"x": 1018.0, "y": 648.0}, {"x": 795.0, "y": 648.0}]}, "description": " @ 2.50"}, {"boundingPoly": {"vertices": [{"x": 149.0, "y": 657.0}, {"x": 974.0, "y": 657.0}, {"x": 974.0, "y": 714.0}, {"x": 149.0, "y": 714.0}]}, "description": "DASANI BOTTLED WATER 20"}, {"boundingPoly": {"vertices": [{"x": 782.0, "y": 720.0}, {"x": 1006.0, "y": 720.0}, {"x": 1006.0, "y": 776.0}, {"x": 782.0, "y": 776.0}]}, "description": " @ 2.50"}, {"boundingPoly": {"vertices": [{"x": 424.0, "y": 437.0}, {"x": 614.0, "y": 437.0}, {"x": 614.0, "y": 503.0}, {"x": 424.0, "y": 503.0}]}, "description": " 01021"}, {"boundingPoly": {"vertices": [{"x": 1299.0, "y": 472.0}, {"x": 1469.0, "y": 472.0}, {"x": 1469.0, "y": 523.0}, {"x": 1299.0, "y": 523.0}]}, "description": " Joyce"}, {"boundingPoly": {"vertices": [{"x": 167.0, "y": 579.0}, {"x": 560.0, "y": 589.0}, {"x": 558.0, "y": 646.0}, {"x": 166.0, "y": 638.0}]}, "description": "49000009774"}, {"boundingPoly": {"vertices": [{"x": 731.0, "y": 594.0}, {"x": 783.0, "y": 594.0}, {"x": 783.0, "y": 647.0}, {"x": 731.0, "y": 647.0}]}, "description": " 1"}, {"boundingPoly": {"vertices": [{"x": 1364.0, "y": 592.0}, {"x": 1588.0, "y": 590.0}, {"x": 1589.0, "y": 640.0}, {"x": 1364.0, "y": 643.0}]}, "description": "2.50 N"}, {"boundingPoly": {"vertices": [{"x": 138.0, "y": 730.0}, {"x": 539.0, "y": 727.0}, {"x": 540.0, "y": 785.0}, {"x": 139.0, "y": 787.0}]}, "description": "49000009774"}, {"boundingPoly": {"vertices": [{"x": 124.0, "y": 804.0}, {"x": 420.0, "y": 803.0}, {"x": 421.0, "y": 868.0}, {"x": 124.0, "y": 869.0}]}, "description": "SUBTOTAL"}, {"boundingPoly": {"vertices": [{"x": 128.0, "y": 907.0}, {"x": 307.0, "y": 906.0}, {"x": 309.0, "y": 1014.0}, {"x": 126.0, "y": 1012.0}]}, "description": "TOTAL"}, {"boundingPoly": {"vertices": [{"x": 118.0, "y": 1043.0}, {"x": 682.0, "y": 1045.0}, {"x": 682.0, "y": 1111.0}, {"x": 117.0, "y": 1108.0}]}, "description": "AMOUNT TENDERED"}, {"boundingPoly": {"vertices": [{"x": 104.0, "y": 1148.0}, {"x": 270.0, "y": 1144.0}, {"x": 271.0, "y": 1253.0}, {"x": 105.0, "y": 1256.0}]}, "description": "Amex"}, {"boundingPoly": {"vertices": [{"x": 184.0, "y": 1285.0}, {"x": 343.0, "y": 1285.0}, {"x": 343.0, "y": 1350.0}, {"x": 184.0, "y": 1348.0}]}, "description": "SALE"}, {"boundingPoly": {"vertices": [{"x": 178.0, "y": 1378.0}, {"x": 391.0, "y": 1378.0}, {"x": 391.0, "y": 1448.0}, {"x": 178.0, "y": 1448.0}]}, "description": " ACCT:"}, {"boundingPoly": {"vertices": [{"x": 172.0, "y": 1473.0}, {"x": 351.0, "y": 1473.0}, {"x": 351.0, "y": 1541.0}, {"x": 172.0, "y": 1541.0}]}, "description": " EXP:"}, {"boundingPoly": {"vertices": [{"x": 174.0, "y": 1570.0}, {"x": 541.0, "y": 1570.0}, {"x": 541.0, "y": 1637.0}, {"x": 174.0, "y": 1637.0}]}, "description": " APPROVAL:"}, {"boundingPoly": {"vertices": [{"x": 166.0, "y": 1655.0}, {"x": 696.0, "y": 1655.0}, {"x": 696.0, "y": 1730.0}, {"x": 166.0, "y": 1730.0}]}, "description": " ENTRY METHOD:"}, {"boundingPoly": {"vertices": [{"x": 717.0, "y": 723.0}, {"x": 766.0, "y": 723.0}, {"x": 766.0, "y": 776.0}, {"x": 717.0, "y": 776.0}]}, "description": " 1"}, {"boundingPoly": {"vertices": [{"x": 1371.0, "y": 710.0}, {"x": 1603.0, "y": 708.0}, {"x": 1604.0, "y": 769.0}, {"x": 1371.0, "y": 771.0}]}, "description": "2.50 N"}, {"boundingPoly": {"vertices": [{"x": 1518.0, "y": 801.0}, {"x": 1674.0, "y": 802.0}, {"x": 1675.0, "y": 866.0}, {"x": 1518.0, "y": 864.0}]}, "description": "5.00"}, {"boundingPoly": {"vertices": [{"x": 1478.0, "y": 906.0}, {"x": 1670.0, "y": 908.0}, {"x": 1669.0, "y": 1015.0}, {"x": 1478.0, "y": 1014.0}]}, "description": "$5.00"}, {"boundingPoly": {"vertices": [{"x": 1472.0, "y": 1149.0}, {"x": 1664.0, "y": 1150.0}, {"x": 1664.0, "y": 1261.0}, {"x": 1474.0, "y": 1260.0}]}, "description": "$5.00"}, {"boundingPoly": {"vertices": [{"x": 403.0, "y": 1383.0}, {"x": 977.0, "y": 1383.0}, {"x": 977.0, "y": 1450.0}, {"x": 403.0, "y": 1450.0}]}, "description": " *********** 1008"}, {"boundingPoly": {"vertices": [{"x": 364.0, "y": 1478.0}, {"x": 526.0, "y": 1478.0}, {"x": 526.0, "y": 1538.0}, {"x": 364.0, "y": 1538.0}]}, "description": " ****"}, {"boundingPoly": {"vertices": [{"x": 554.0, "y": 1567.0}, {"x": 797.0, "y": 1567.0}, {"x": 797.0, "y": 1635.0}, {"x": 554.0, "y": 1635.0}]}, "description": " 502472"}, {"boundingPoly": {"vertices": [{"x": 708.0, "y": 1651.0}, {"x": 944.0, "y": 1651.0}, {"x": 944.0, "y": 1720.0}, {"x": 708.0, "y": 1720.0}]}, "description": " SWIPED"}, {"boundingPoly": {"vertices": [{"x": 77.0, "y": 1972.0}, {"x": 596.0, "y": 1954.0}, {"x": 598.0, "y": 2025.0}, {"x": 79.0, "y": 2042.0}]}, "description": "TOTAL PAYMENT"}, {"boundingPoly": {"vertices": [{"x": 593.0, "y": 2043.0}, {"x": 843.0, "y": 2043.0}, {"x": 843.0, "y": 2128.0}, {"x": 593.0, "y": 2128.0}]}, "description": " 365396"}, {"boundingPoly": {"vertices": [{"x": 1517.0, "y": 1924.0}, {"x": 1708.0, "y": 1919.0}, {"x": 1709.0, "y": 1982.0}, {"x": 1517.0, "y": 1987.0}]}, "description": "$5.00"}, {"boundingPoly": {"vertices": [{"x": 1104.0, "y": 2009.0}, {"x": 1790.0, "y": 2009.0}, {"x": 1790.0, "y": 2104.0}, {"x": 1104.0, "y": 2104.0}]}, "description": " 11/19/2019 8:57 PM"}, {"boundingPoly": {"vertices": [{"x": 277.0, "y": 2173.0}, {"x": 1601.0, "y": 2114.0}, {"x": 1605.0, "y": 2185.0}, {"x": 280.0, "y": 2246.0}]}, "description": "Comments\\Inquiries? (800) 326-7711"}, {"boundingPoly": {"vertices": [{"x": 320.0, "y": 2369.0}, {"x": 1515.0, "y": 2315.0}, {"x": 1518.0, "y": 2378.0}, {"x": 323.0, "y": 2432.0}]}, "description": "Thank you for shopping with us."}, {"boundingPoly": {"vertices": [{"x": 77.0, "y": 2056.0}, {"x": 581.0, "y": 2056.0}, {"x": 581.0, "y": 2144.0}, {"x": 77.0, "y": 2144.0}]}, "description": " Transaction:"}, {"boundingPoly": {"vertices": [{"x": 398.0, "y": 2269.0}, {"x": 1460.0, "y": 2236.0}, {"x": 1462.0, "y": 2295.0}, {"x": 401.0, "y": 2339.0}]}, "description": "or Comments@Hudsongroup.com"}, {"boundingPoly": {"vertices": [{"x": 493.0, "y": 2821.0}, {"x": 1490.0, "y": 2762.0}, {"x": 1495.0, "y": 2850.0}, {"x": 498.0, "y": 2907.0}]}, "description": "3653960102100111192019"}]}