{"textAnnotations": [{"boundingPoly": {"vertices": [{"x": 941.0, "y": 275.0}, {"x": 1250.0, "y": 237.0}, {"x": 1281.0, "y": 465.0}, {"x": 971.0, "y": 502.0}]}, "description": "111"}, {"boundingPoly": {"vertices": [{"x": 788.0, "y": 525.0}, {"x": 1461.0, "y": 525.0}, {"x": 1461.0, "y": 620.0}, {"x": 788.0, "y": 620.0}]}, "description": " GET ONE FREE QUARTER POUNDER"}, {"boundingPoly": {"vertices": [{"x": 594.0, "y": 659.0}, {"x": 1462.0, "y": 620.0}, {"x": 1463.0, "y": 668.0}, {"x": 594.0, "y": 703.0}]}, "description": "Go to www.mcdvoice.com within 7 days"}, {"boundingPoly": {"vertices": [{"x": 646.0, "y": 738.0}, {"x": 1037.0, "y": 738.0}, {"x": 1037.0, "y": 797.0}, {"x": 646.0, "y": 797.0}]}, "description": " Validation Code:"}, {"boundingPoly": {"vertices": [{"x": 563.0, "y": 862.0}, {"x": 1484.0, "y": 837.0}, {"x": 1486.0, "y": 894.0}, {"x": 564.0, "y": 919.0}]}, "description": "Valid at participating US McDonald's."}, {"boundingPoly": {"vertices": [{"x": 632.0, "y": 985.0}, {"x": 1415.0, "y": 969.0}, {"x": 1416.0, "y": 1030.0}, {"x": 633.0, "y": 1045.0}]}, "description": "35425-01111-11919-21188-00085-3"}, {"boundingPoly": {"vertices": [{"x": 662.0, "y": 1113.0}, {"x": 1354.0, "y": 1100.0}, {"x": 1355.0, "y": 1159.0}, {"x": 663.0, "y": 1172.0}]}, "description": "merchant name"}, {"boundingPoly": {"vertices": [{"x": 841.0, "y": 1228.0}, {"x": 1204.0, "y": 1225.0}, {"x": 1205.0, "y": 1276.0}, {"x": 842.0, "y": 1281.0}]}, "description": "merchant address"}, {"boundingPoly": {"vertices": [{"x": 803.0, "y": 1290.0}, {"x": 1259.0, "y": 1282.0}, {"x": 1260.0, "y": 1337.0}, {"x": 804.0, "y": 1346.0}]}, "description": "merchant phone"}, {"boundingPoly": {"vertices": [{"x": 611.0, "y": 572.0}, {"x": 781.0, "y": 572.0}, {"x": 781.0, "y": 629.0}, {"x": 611.0, "y": 629.0}]}, "description": " BUY ONE"}, {"boundingPoly": {"vertices": [{"x": 723.0, "y": 618.0}, {"x": 1316.0, "y": 586.0}, {"x": 1318.0, "y": 626.0}, {"x": 724.0, "y": 657.0}]}, "description": "W/CHEESE OR EGG MCMUFFIN"}, {"boundingPoly": {"vertices": [{"x": 669.0, "y": 701.0}, {"x": 1386.0, "y": 673.0}, {"x": 1388.0, "y": 721.0}, {"x": 671.0, "y": 745.0}]}, "description": "and tell us about your visit."}, {"boundingPoly": {"vertices": [{"x": 584.0, "y": 806.0}, {"x": 1453.0, "y": 780.0}, {"x": 1454.0, "y": 830.0}, {"x": 585.0, "y": 858.0}]}, "description": "Expires 30 days after receipt date."}, {"boundingPoly": {"vertices": [{"x": 850.0, "y": 914.0}, {"x": 1168.0, "y": 914.0}, {"x": 1168.0, "y": 973.0}, {"x": 850.0, "y": 973.0}]}, "description": " Survey Code:"}, {"boundingPoly": {"vertices": [{"x": 817.0, "y": 1171.0}, {"x": 1228.0, "y": 1166.0}, {"x": 1229.0, "y": 1218.0}, {"x": 818.0, "y": 1226.0}]}, "description": "merchant address"}, {"boundingPoly": {"vertices": [{"x": 559.0, "y": 1412.0}, {"x": 648.0, "y": 1412.0}, {"x": 648.0, "y": 1459.0}, {"x": 559.0, "y": 1459.0}]}, "description": " KS#"}, {"boundingPoly": {"vertices": [{"x": 557.0, "y": 1470.0}, {"x": 678.0, "y": 1473.0}, {"x": 677.0, "y": 1519.0}, {"x": 555.0, "y": 1518.0}]}, "description": "Sidel"}, {"boundingPoly": {"vertices": [{"x": 657.0, "y": 1413.0}, {"x": 679.0, "y": 1413.0}, {"x": 679.0, "y": 1459.0}, {"x": 657.0, "y": 1459.0}]}, "description": " 1"}, {"boundingPoly": {"vertices": [{"x": 1042.0, "y": 1396.0}, {"x": 1498.0, "y": 1396.0}, {"x": 1498.0, "y": 1457.0}, {"x": 1042.0, "y": 1457.0}]}, "description": " 11/13/20 9 09:18 PM"}, {"boundingPoly": {"vertices": [{"x": 1301.0, "y": 1450.0}, {"x": 1500.0, "y": 1449.0}, {"x": 1500.0, "y": 1501.0}, {"x": 1301.0, "y": 1503.0}]}, "description": "Order 11"}, {"boundingPoly": {"vertices": [{"x": 551.0, "y": 1593.0}, {"x": 581.0, "y": 1593.0}, {"x": 581.0, "y": 1649.0}, {"x": 551.0, "y": 1649.0}]}, "description": " 1"}, {"boundingPoly": {"vertices": [{"x": 552.0, "y": 1654.0}, {"x": 579.0, "y": 1654.0}, {"x": 579.0, "y": 1712.0}, {"x": 552.0, "y": 1712.0}]}, "description": " 1"}, {"boundingPoly": {"vertices": [{"x": 591.0, "y": 1586.0}, {"x": 1039.0, "y": 1586.0}, {"x": 1039.0, "y": 1649.0}, {"x": 591.0, "y": 1649.0}]}, "description": " Cpy Buttermilk"}, {"boundingPoly": {"vertices": [{"x": 591.0, "y": 1652.0}, {"x": 946.0, "y": 1652.0}, {"x": 946.0, "y": 1712.0}, {"x": 591.0, "y": 1712.0}]}, "description": " M French Fries"}, {"boundingPoly": {"vertices": [{"x": 1402.0, "y": 1568.0}, {"x": 1505.0, "y": 1569.0}, {"x": 1502.0, "y": 1621.0}, {"x": 1403.0, "y": 1625.0}]}, "description": "5.37"}, {"boundingPoly": {"vertices": [{"x": 1405.0, "y": 1631.0}, {"x": 1507.0, "y": 1631.0}, {"x": 1508.0, "y": 1683.0}, {"x": 1405.0, "y": 1684.0}]}, "description": "2.51"}, {"boundingPoly": {"vertices": [{"x": 562.0, "y": 1779.0}, {"x": 752.0, "y": 1780.0}, {"x": 752.0, "y": 1839.0}, {"x": 562.0, "y": 1837.0}]}, "description": "ubtotal"}, {"boundingPoly": {"vertices": [{"x": 601.0, "y": 1849.0}, {"x": 681.0, "y": 1851.0}, {"x": 681.0, "y": 1901.0}, {"x": 601.0, "y": 1900.0}]}, "description": "Tax"}, {"boundingPoly": {"vertices": [{"x": 561.0, "y": 1913.0}, {"x": 885.0, "y": 1906.0}, {"x": 886.0, "y": 1961.0}, {"x": 563.0, "y": 1968.0}]}, "description": "ake-Out Total"}, {"boundingPoly": {"vertices": [{"x": 1416.0, "y": 1758.0}, {"x": 1520.0, "y": 1761.0}, {"x": 1517.0, "y": 1815.0}, {"x": 1414.0, "y": 1815.0}]}, "description": "7.88"}, {"boundingPoly": {"vertices": [{"x": 1412.0, "y": 1823.0}, {"x": 1521.0, "y": 1825.0}, {"x": 1521.0, "y": 1879.0}, {"x": 1412.0, "y": 1879.0}]}, "description": "0.65"}, {"boundingPoly": {"vertices": [{"x": 1415.0, "y": 1889.0}, {"x": 1526.0, "y": 1890.0}, {"x": 1526.0, "y": 1948.0}, {"x": 1412.0, "y": 1949.0}]}, "description": "8.53"}, {"boundingPoly": {"vertices": [{"x": 524.0, "y": 2042.0}, {"x": 727.0, "y": 2044.0}, {"x": 726.0, "y": 2094.0}, {"x": 524.0, "y": 2093.0}]}, "description": "Cashless"}, {"boundingPoly": {"vertices": [{"x": 513.0, "y": 2106.0}, {"x": 673.0, "y": 2110.0}, {"x": 671.0, "y": 2164.0}, {"x": 511.0, "y": 2159.0}]}, "description": "Change"}, {"boundingPoly": {"vertices": [{"x": 1424.0, "y": 2030.0}, {"x": 1536.0, "y": 2033.0}, {"x": 1534.0, "y": 2094.0}, {"x": 1424.0, "y": 2094.0}]}, "description": "8.53"}, {"boundingPoly": {"vertices": [{"x": 1421.0, "y": 2105.0}, {"x": 1539.0, "y": 2105.0}, {"x": 1538.0, "y": 2165.0}, {"x": 1421.0, "y": 2164.0}]}, "description": "0.00"}, {"boundingPoly": {"vertices": [{"x": 483.0, "y": 2230.0}, {"x": 776.0, "y": 2235.0}, {"x": 775.0, "y": 2296.0}, {"x": 481.0, "y": 2290.0}]}, "description": "MER# 253632"}, {"boundingPoly": {"vertices": [{"x": 480.0, "y": 2298.0}, {"x": 777.0, "y": 2304.0}, {"x": 776.0, "y": 2366.0}, {"x": 479.0, "y": 2360.0}]}, "description": "CARD ISSUER"}, {"boundingPoly": {"vertices": [{"x": 471.0, "y": 2376.0}, {"x": 722.0, "y": 2376.0}, {"x": 721.0, "y": 2439.0}, {"x": 471.0, "y": 2436.0}]}, "description": "Amex SALE"}, {"boundingPoly": {"vertices": [{"x": 473.0, "y": 2447.0}, {"x": 958.0, "y": 2459.0}, {"x": 957.0, "y": 2527.0}, {"x": 471.0, "y": 2511.0}]}, "description": "TRANSACTION AMOUNT"}, {"boundingPoly": {"vertices": [{"x": 459.0, "y": 2525.0}, {"x": 713.0, "y": 2529.0}, {"x": 711.0, "y": 2596.0}, {"x": 458.0, "y": 2589.0}]}, "description": "CHIP READ"}, {"boundingPoly": {"vertices": [{"x": 452.0, "y": 2598.0}, {"x": 959.0, "y": 2598.0}, {"x": 959.0, "y": 2685.0}, {"x": 452.0, "y": 2685.0}]}, "description": " AUTHORIZATION CODE"}, {"boundingPoly": {"vertices": [{"x": 1040.0, "y": 2316.0}, {"x": 1264.0, "y": 2320.0}, {"x": 1263.0, "y": 2381.0}, {"x": 1038.0, "y": 2376.0}]}, "description": "ACCOUNT#"}, {"boundingPoly": {"vertices": [{"x": 876.0, "y": 2387.0}, {"x": 1299.0, "y": 2396.0}, {"x": 1297.0, "y": 2457.0}, {"x": 874.0, "y": 2443.0}]}, "description": "*********** 1008"}, {"boundingPoly": {"vertices": [{"x": 1433.0, "y": 2474.0}, {"x": 1553.0, "y": 2479.0}, {"x": 1549.0, "y": 2545.0}, {"x": 1433.0, "y": 2545.0}]}, "description": "8.53"}, {"boundingPoly": {"vertices": [{"x": 968.0, "y": 2619.0}, {"x": 1019.0, "y": 2619.0}, {"x": 1019.0, "y": 2688.0}, {"x": 968.0, "y": 2688.0}]}, "description": " -"}, {"boundingPoly": {"vertices": [{"x": 1028.0, "y": 2621.0}, {"x": 1213.0, "y": 2621.0}, {"x": 1213.0, "y": 2694.0}, {"x": 1028.0, "y": 2694.0}]}, "description": " 87319E"}, {"boundingPoly": {"vertices": [{"x": 438.0, "y": 2681.0}, {"x": 755.0, "y": 2688.0}, {"x": 753.0, "y": 2757.0}, {"x": 436.0, "y": 2747.0}]}, "description": "SEQ# 111696"}, {"boundingPoly": {"vertices": [{"x": 431.0, "y": 2755.0}, {"x": 555.0, "y": 2755.0}, {"x": 555.0, "y": 2830.0}, {"x": 431.0, "y": 2830.0}]}, "description": " AID:"}, {"boundingPoly": {"vertices": [{"x": 564.0, "y": 2762.0}, {"x": 1038.0, "y": 2762.0}, {"x": 1038.0, "y": 2849.0}, {"x": 564.0, "y": 2849.0}]}, "description": " A000000025010801"}]}