{"textAnnotations": [{"boundingPoly": {"vertices": [{"x": 736.0, "y": 267.0}, {"x": 895.0, "y": 264.0}, {"x": 896.0, "y": 292.0}, {"x": 736.0, "y": 294.0}]}, "description": "merchant name"}, {"boundingPoly": {"vertices": [{"x": 713.0, "y": 295.0}, {"x": 942.0, "y": 295.0}, {"x": 942.0, "y": 324.0}, {"x": 713.0, "y": 325.0}]}, "description": "merchant name"}, {"boundingPoly": {"vertices": [{"x": 778.0, "y": 328.0}, {"x": 973.0, "y": 328.0}, {"x": 973.0, "y": 357.0}, {"x": 778.0, "y": 357.0}]}, "description": "merchant address"}, {"boundingPoly": {"vertices": [{"x": 768.0, "y": 359.0}, {"x": 873.0, "y": 359.0}, {"x": 873.0, "y": 389.0}, {"x": 768.0, "y": 389.0}]}, "description": "merchant address"}, {"boundingPoly": {"vertices": [{"x": 728.0, "y": 393.0}, {"x": 930.0, "y": 392.0}, {"x": 930.0, "y": 423.0}, {"x": 728.0, "y": 425.0}]}, "description": "merchant phone"}, {"boundingPoly": {"vertices": [{"x": 668.0, "y": 329.0}, {"x": 773.0, "y": 329.0}, {"x": 773.0, "y": 359.0}, {"x": 668.0, "y": 359.0}]}, "description": "merchant address"}, {"boundingPoly": {"vertices": [{"x": 521.0, "y": 463.0}, {"x": 631.0, "y": 463.0}, {"x": 631.0, "y": 495.0}, {"x": 521.0, "y": 495.0}]}, "description": " Server:"}, {"boundingPoly": {"vertices": [{"x": 521.0, "y": 498.0}, {"x": 643.0, "y": 498.0}, {"x": 643.0, "y": 529.0}, {"x": 521.0, "y": 529.0}]}, "description": " Cashier:"}, {"boundingPoly": {"vertices": [{"x": 522.0, "y": 531.0}, {"x": 699.0, "y": 531.0}, {"x": 699.0, "y": 564.0}, {"x": 522.0, "y": 564.0}]}, "description": "Table 2840/1"}, {"boundingPoly": {"vertices": [{"x": 522.0, "y": 571.0}, {"x": 635.0, "y": 571.0}, {"x": 635.0, "y": 601.0}, {"x": 522.0, "y": 601.0}]}, "description": " Guests:"}, {"boundingPoly": {"vertices": [{"x": 636.0, "y": 463.0}, {"x": 740.0, "y": 463.0}, {"x": 740.0, "y": 494.0}, {"x": 636.0, "y": 494.0}]}, "description": " Chrissy"}, {"boundingPoly": {"vertices": [{"x": 984.0, "y": 457.0}, {"x": 1126.0, "y": 457.0}, {"x": 1126.0, "y": 491.0}, {"x": 985.0, "y": 492.0}]}, "description": "11/11/2019"}, {"boundingPoly": {"vertices": [{"x": 648.0, "y": 498.0}, {"x": 784.0, "y": 498.0}, {"x": 784.0, "y": 530.0}, {"x": 648.0, "y": 530.0}]}, "description": " Cashier 2"}, {"boundingPoly": {"vertices": [{"x": 1022.0, "y": 531.0}, {"x": 1128.0, "y": 531.0}, {"x": 1128.0, "y": 563.0}, {"x": 1022.0, "y": 563.0}]}, "description": " 8:24 AM"}, {"boundingPoly": {"vertices": [{"x": 640.0, "y": 571.0}, {"x": 654.0, "y": 571.0}, {"x": 654.0, "y": 602.0}, {"x": 640.0, "y": 602.0}]}, "description": " 1"}, {"boundingPoly": {"vertices": [{"x": 953.0, "y": 598.0}, {"x": 1125.0, "y": 598.0}, {"x": 1125.0, "y": 633.0}, {"x": 953.0, "y": 634.0}]}, "description": "#20005"}, {"boundingPoly": {"vertices": [{"x": 527.0, "y": 638.0}, {"x": 678.0, "y": 638.0}, {"x": 678.0, "y": 673.0}, {"x": 527.0, "y": 673.0}]}, "description": " Reprint #:"}, {"boundingPoly": {"vertices": [{"x": 530.0, "y": 675.0}, {"x": 703.0, "y": 675.0}, {"x": 703.0, "y": 710.0}, {"x": 530.0, "y": 710.0}]}, "description": " Order Type:"}, {"boundingPoly": {"vertices": [{"x": 684.0, "y": 638.0}, {"x": 701.0, "y": 638.0}, {"x": 701.0, "y": 673.0}, {"x": 684.0, "y": 673.0}]}, "description": " 1"}, {"boundingPoly": {"vertices": [{"x": 710.0, "y": 674.0}, {"x": 788.0, "y": 674.0}, {"x": 788.0, "y": 709.0}, {"x": 710.0, "y": 709.0}]}, "description": " ORDER"}, {"boundingPoly": {"vertices": [{"x": 531.0, "y": 748.0}, {"x": 597.0, "y": 748.0}, {"x": 597.0, "y": 779.0}, {"x": 531.0, "y": 779.0}]}, "description": " Seat"}, {"boundingPoly": {"vertices": [{"x": 534.0, "y": 784.0}, {"x": 1118.0, "y": 783.0}, {"x": 1118.0, "y": 809.0}, {"x": 534.0, "y": 810.0}]}, "description": "******************************************"}, {"boundingPoly": {"vertices": [{"x": 1059.0, "y": 815.0}, {"x": 1119.0, "y": 814.0}, {"x": 1117.0, "y": 845.0}, {"x": 1059.0, "y": 844.0}]}, "description": "0.00"}, {"boundingPoly": {"vertices": [{"x": 1050.0, "y": 850.0}, {"x": 1118.0, "y": 848.0}, {"x": 1117.0, "y": 879.0}, {"x": 1050.0, "y": 881.0}]}, "description": "10.29"}, {"boundingPoly": {"vertices": [{"x": 1056.0, "y": 885.0}, {"x": 1113.0, "y": 885.0}, {"x": 1112.0, "y": 914.0}, {"x": 1056.0, "y": 914.0}]}, "description": "3.78"}, {"boundingPoly": {"vertices": [{"x": 1044.0, "y": 921.0}, {"x": 1116.0, "y": 919.0}, {"x": 1116.0, "y": 948.0}, {"x": 1044.0, "y": 950.0}]}, "description": "14.07"}, {"boundingPoly": {"vertices": [{"x": 1055.0, "y": 956.0}, {"x": 1114.0, "y": 954.0}, {"x": 1113.0, "y": 982.0}, {"x": 1055.0, "y": 984.0}]}, "description": "1.13"}, {"boundingPoly": {"vertices": [{"x": 1047.0, "y": 987.0}, {"x": 1117.0, "y": 987.0}, {"x": 1116.0, "y": 1015.0}, {"x": 1046.0, "y": 1015.0}]}, "description": "15.20"}, {"boundingPoly": {"vertices": [{"x": 602.0, "y": 749.0}, {"x": 613.0, "y": 749.0}, {"x": 613.0, "y": 779.0}, {"x": 602.0, "y": 779.0}]}, "description": " 1"}, {"boundingPoly": {"vertices": [{"x": 534.0, "y": 816.0}, {"x": 688.0, "y": 818.0}, {"x": 688.0, "y": 847.0}, {"x": 534.0, "y": 845.0}]}, "description": "No Beverage"}, {"boundingPoly": {"vertices": [{"x": 534.0, "y": 850.0}, {"x": 841.0, "y": 850.0}, {"x": 841.0, "y": 884.0}, {"x": 534.0, "y": 884.0}]}, "description": "Floridian French Toast"}, {"boundingPoly": {"vertices": [{"x": 538.0, "y": 887.0}, {"x": 777.0, "y": 885.0}, {"x": 778.0, "y": 918.0}, {"x": 538.0, "y": 921.0}]}, "description": "One Egg (2 @1.89)"}, {"boundingPoly": {"vertices": [{"x": 707.0, "y": 921.0}, {"x": 819.0, "y": 920.0}, {"x": 819.0, "y": 951.0}, {"x": 707.0, "y": 952.0}]}, "description": "Subtotal"}, {"boundingPoly": {"vertices": [{"x": 774.0, "y": 958.0}, {"x": 822.0, "y": 957.0}, {"x": 821.0, "y": 984.0}, {"x": 773.0, "y": 984.0}]}, "description": "Tax"}, {"boundingPoly": {"vertices": [{"x": 749.0, "y": 990.0}, {"x": 817.0, "y": 988.0}, {"x": 816.0, "y": 1015.0}, {"x": 749.0, "y": 1016.0}]}, "description": "Total"}, {"boundingPoly": {"vertices": [{"x": 548.0, "y": 1087.0}, {"x": 776.0, "y": 1085.0}, {"x": 776.0, "y": 1115.0}, {"x": 548.0, "y": 1117.0}]}, "description": "Complete Subtotal"}, {"boundingPoly": {"vertices": [{"x": 1041.0, "y": 1083.0}, {"x": 1105.0, "y": 1083.0}, {"x": 1104.0, "y": 1111.0}, {"x": 1040.0, "y": 1111.0}]}, "description": "14.07"}, {"boundingPoly": {"vertices": [{"x": 552.0, "y": 1151.0}, {"x": 663.0, "y": 1150.0}, {"x": 663.0, "y": 1177.0}, {"x": 552.0, "y": 1178.0}]}, "description": "Subtotal"}, {"boundingPoly": {"vertices": [{"x": 560.0, "y": 1183.0}, {"x": 601.0, "y": 1182.0}, {"x": 600.0, "y": 1208.0}, {"x": 560.0, "y": 1209.0}]}, "description": "Tax"}, {"boundingPoly": {"vertices": [{"x": 1043.0, "y": 1146.0}, {"x": 1110.0, "y": 1146.0}, {"x": 1108.0, "y": 1174.0}, {"x": 1041.0, "y": 1173.0}]}, "description": "14.07"}, {"boundingPoly": {"vertices": [{"x": 1052.0, "y": 1180.0}, {"x": 1111.0, "y": 1178.0}, {"x": 1110.0, "y": 1208.0}, {"x": 1052.0, "y": 1210.0}]}, "description": "1.13"}, {"boundingPoly": {"vertices": [{"x": 555.0, "y": 1244.0}, {"x": 685.0, "y": 1242.0}, {"x": 686.0, "y": 1273.0}, {"x": 555.0, "y": 1274.0}]}, "description": "Total"}, {"boundingPoly": {"vertices": [{"x": 980.0, "y": 1238.0}, {"x": 1105.0, "y": 1239.0}, {"x": 1105.0, "y": 1273.0}, {"x": 980.0, "y": 1273.0}]}, "description": "15.20"}, {"boundingPoly": {"vertices": [{"x": 556.0, "y": 1309.0}, {"x": 834.0, "y": 1307.0}, {"x": 834.0, "y": 1336.0}, {"x": 556.0, "y": 1338.0}]}, "description": "AMEX #XXXXXXXXXXXX1006"}, {"boundingPoly": {"vertices": [{"x": 579.0, "y": 1341.0}, {"x": 732.0, "y": 1341.0}, {"x": 732.0, "y": 1372.0}, {"x": 579.0, "y": 1372.0}]}, "description": " Auth:527369"}, {"boundingPoly": {"vertices": [{"x": 1042.0, "y": 1308.0}, {"x": 1110.0, "y": 1307.0}, {"x": 1110.0, "y": 1334.0}, {"x": 1042.0, "y": 1335.0}]}, "description": "15.20"}, {"boundingPoly": {"vertices": [{"x": 581.0, "y": 1410.0}, {"x": 663.0, "y": 1410.0}, {"x": 663.0, "y": 1441.0}, {"x": 581.0, "y": 1441.0}]}, "description": " + Tip:"}, {"boundingPoly": {"vertices": [{"x": 917.0, "y": 1387.0}, {"x": 1049.0, "y": 1381.0}, {"x": 1052.0, "y": 1427.0}, {"x": 924.0, "y": 1441.0}]}, "description": "$ 2.00"}, {"boundingPoly": {"vertices": [{"x": 903.0, "y": 1457.0}, {"x": 1072.0, "y": 1451.0}, {"x": 1074.0, "y": 1503.0}, {"x": 906.0, "y": 1512.0}]}, "description": "$ 17.20"}, {"boundingPoly": {"vertices": [{"x": 554.0, "y": 1474.0}, {"x": 662.0, "y": 1474.0}, {"x": 662.0, "y": 1504.0}, {"x": 554.0, "y": 1504.0}]}, "description": " = Total:"}, {"boundingPoly": {"vertices": [{"x": 557.0, "y": 1608.0}, {"x": 573.0, "y": 1609.0}, {"x": 571.0, "y": 1635.0}, {"x": 555.0, "y": 1634.0}]}, "description": "X"}, {"boundingPoly": {"vertices": [{"x": 555.0, "y": 1700.0}, {"x": 846.0, "y": 1700.0}, {"x": 846.0, "y": 1729.0}, {"x": 555.0, "y": 1730.0}]}, "description": "Balance Due"}, {"boundingPoly": {"vertices": [{"x": 1001.0, "y": 1694.0}, {"x": 1108.0, "y": 1693.0}, {"x": 1108.0, "y": 1726.0}, {"x": 1001.0, "y": 1728.0}]}, "description": "0.00"}, {"boundingPoly": {"vertices": [{"x": 645.0, "y": 1767.0}, {"x": 1006.0, "y": 1765.0}, {"x": 1006.0, "y": 1797.0}, {"x": 645.0, "y": 1799.0}]}, "description": "Start your meal with an APP"}, {"boundingPoly": {"vertices": [{"x": 670.0, "y": 1799.0}, {"x": 982.0, "y": 1799.0}, {"x": 982.0, "y": 1830.0}, {"x": 670.0, "y": 1830.0}]}, "description": "Download our new mobile"}, {"boundingPoly": {"vertices": [{"x": 673.0, "y": 1835.0}, {"x": 988.0, "y": 1832.0}, {"x": 988.0, "y": 1863.0}, {"x": 673.0, "y": 1866.0}]}, "description": "app and view wait times,"}, {"boundingPoly": {"vertices": [{"x": 660.0, "y": 1867.0}, {"x": 992.0, "y": 1862.0}, {"x": 993.0, "y": 1893.0}, {"x": 660.0, "y": 1898.0}]}, "description": "add your name to the list"}, {"boundingPoly": {"vertices": [{"x": 758.0, "y": 1900.0}, {"x": 889.0, "y": 1900.0}, {"x": 889.0, "y": 1927.0}, {"x": 758.0, "y": 1928.0}]}, "description": "and more."}, {"boundingPoly": {"vertices": [{"x": 698.0, "y": 1964.0}, {"x": 970.0, "y": 1964.0}, {"x": 970.0, "y": 1996.0}, {"x": 698.0, "y": 1997.0}]}, "description": "--- Check Closed ---"}]}