{"textAnnotations": [{"boundingPoly": {"vertices": [{"x": 1254.0, "y": 405.0}, {"x": 1673.0, "y": 408.0}, {"x": 1673.0, "y": 487.0}, {"x": 1254.0, "y": 483.0}]}, "description": "merchant name"}, {"boundingPoly": {"vertices": [{"x": 1181.0, "y": 487.0}, {"x": 1718.0, "y": 493.0}, {"x": 1717.0, "y": 572.0}, {"x": 1180.0, "y": 568.0}]}, "description": "Burmese Cuisine"}, {"boundingPoly": {"vertices": [{"x": 1144.0, "y": 568.0}, {"x": 1777.0, "y": 575.0}, {"x": 1776.0, "y": 656.0}, {"x": 1144.0, "y": 651.0}]}, "description": "merchant address"}, {"boundingPoly": {"vertices": [{"x": 1623.0, "y": 654.0}, {"x": 1805.0, "y": 654.0}, {"x": 1805.0, "y": 739.0}, {"x": 1623.0, "y": 739.0}]}, "description": "merchant address"}, {"boundingPoly": {"vertices": [{"x": 1228.0, "y": 737.0}, {"x": 1710.0, "y": 742.0}, {"x": 1709.0, "y": 822.0}, {"x": 1228.0, "y": 814.0}]}, "description": "merchant phone"}, {"boundingPoly": {"vertices": [{"x": 1108.0, "y": 652.0}, {"x": 1595.0, "y": 652.0}, {"x": 1595.0, "y": 740.0}, {"x": 1108.0, "y": 740.0}]}, "description": "merchant address"}, {"boundingPoly": {"vertices": [{"x": 719.0, "y": 893.0}, {"x": 986.0, "y": 893.0}, {"x": 986.0, "y": 975.0}, {"x": 719.0, "y": 975.0}]}, "description": " Server:"}, {"boundingPoly": {"vertices": [{"x": 727.0, "y": 976.0}, {"x": 1024.0, "y": 976.0}, {"x": 1024.0, "y": 1057.0}, {"x": 727.0, "y": 1057.0}]}, "description": " 12:21 PM"}, {"boundingPoly": {"vertices": [{"x": 721.0, "y": 1058.0}, {"x": 1225.0, "y": 1077.0}, {"x": 1221.0, "y": 1152.0}, {"x": 718.0, "y": 1130.0}]}, "description": "Mari/Call In/1"}, {"boundingPoly": {"vertices": [{"x": 996.0, "y": 905.0}, {"x": 1155.0, "y": 905.0}, {"x": 1155.0, "y": 979.0}, {"x": 996.0, "y": 979.0}]}, "description": " Rose"}, {"boundingPoly": {"vertices": [{"x": 1658.0, "y": 903.0}, {"x": 1830.0, "y": 903.0}, {"x": 1830.0, "y": 983.0}, {"x": 1658.0, "y": 983.0}]}, "description": " DOB:"}, {"boundingPoly": {"vertices": [{"x": 1841.0, "y": 887.0}, {"x": 2204.0, "y": 887.0}, {"x": 2204.0, "y": 979.0}, {"x": 1841.0, "y": 979.0}]}, "description": " 11/05/2019"}, {"boundingPoly": {"vertices": [{"x": 1845.0, "y": 988.0}, {"x": 2202.0, "y": 977.0}, {"x": 2203.0, "y": 1049.0}, {"x": 1848.0, "y": 1062.0}]}, "description": "11/05/2019"}, {"boundingPoly": {"vertices": [{"x": 1950.0, "y": 1067.0}, {"x": 2199.0, "y": 1064.0}, {"x": 2200.0, "y": 1138.0}, {"x": 1950.0, "y": 1144.0}]}, "description": "3/30011"}, {"boundingPoly": {"vertices": [{"x": 1388.0, "y": 1254.0}, {"x": 1536.0, "y": 1254.0}, {"x": 1534.0, "y": 1326.0}, {"x": 1388.0, "y": 1324.0}]}, "description": "SALE"}, {"boundingPoly": {"vertices": [{"x": 718.0, "y": 1405.0}, {"x": 875.0, "y": 1406.0}, {"x": 876.0, "y": 1474.0}, {"x": 718.0, "y": 1474.0}]}, "description": "AMEX"}, {"boundingPoly": {"vertices": [{"x": 719.0, "y": 1493.0}, {"x": 1471.0, "y": 1500.0}, {"x": 1470.0, "y": 1577.0}, {"x": 718.0, "y": 1569.0}]}, "description": "Card #XXXXXXXXXXX1004"}, {"boundingPoly": {"vertices": [{"x": 712.0, "y": 1576.0}, {"x": 1394.0, "y": 1576.0}, {"x": 1394.0, "y": 1662.0}, {"x": 712.0, "y": 1662.0}]}, "description": " Card Entry Method:"}, {"boundingPoly": {"vertices": [{"x": 1941.0, "y": 1418.0}, {"x": 2200.0, "y": 1413.0}, {"x": 2201.0, "y": 1488.0}, {"x": 1942.0, "y": 1493.0}]}, "description": "3145733"}, {"boundingPoly": {"vertices": [{"x": 1417.0, "y": 1586.0}, {"x": 1469.0, "y": 1586.0}, {"x": 1469.0, "y": 1662.0}, {"x": 1417.0, "y": 1662.0}]}, "description": " K"}, {"boundingPoly": {"vertices": [{"x": 709.0, "y": 1753.0}, {"x": 1065.0, "y": 1753.0}, {"x": 1065.0, "y": 1830.0}, {"x": 709.0, "y": 1830.0}]}, "description": " Approval:"}, {"boundingPoly": {"vertices": [{"x": 1079.0, "y": 1753.0}, {"x": 1300.0, "y": 1753.0}, {"x": 1300.0, "y": 1830.0}, {"x": 1079.0, "y": 1830.0}]}, "description": " 161572"}, {"boundingPoly": {"vertices": [{"x": 1428.0, "y": 1920.0}, {"x": 1622.0, "y": 1920.0}, {"x": 1622.0, "y": 1998.0}, {"x": 1428.0, "y": 1998.0}]}, "description": " Amount"}, {"boundingPoly": {"vertices": [{"x": 1636.0, "y": 1919.0}, {"x": 1671.0, "y": 1919.0}, {"x": 1671.0, "y": 1991.0}, {"x": 1636.0, "y": 1991.0}]}, "description": " :"}, {"boundingPoly": {"vertices": [{"x": 1951.0, "y": 1914.0}, {"x": 2207.0, "y": 1915.0}, {"x": 2207.0, "y": 1992.0}, {"x": 1951.0, "y": 1992.0}]}, "description": "$144. 22"}, {"boundingPoly": {"vertices": [{"x": 1472.0, "y": 2087.0}, {"x": 1674.0, "y": 2087.0}, {"x": 1674.0, "y": 2159.0}, {"x": 1472.0, "y": 2159.0}]}, "description": " + Tip:"}, {"boundingPoly": {"vertices": [{"x": 1392.0, "y": 2257.0}, {"x": 1625.0, "y": 2257.0}, {"x": 1625.0, "y": 2331.0}, {"x": 1392.0, "y": 2331.0}]}, "description": " = Total"}, {"boundingPoly": {"vertices": [{"x": 1636.0, "y": 2256.0}, {"x": 1675.0, "y": 2256.0}, {"x": 1675.0, "y": 2330.0}, {"x": 1636.0, "y": 2330.0}]}, "description": " :"}, {"boundingPoly": {"vertices": [{"x": 1036.0, "y": 2530.0}, {"x": 1081.0, "y": 2530.0}, {"x": 1081.0, "y": 2612.0}, {"x": 1036.0, "y": 2612.0}]}, "description": " I"}, {"boundingPoly": {"vertices": [{"x": 1095.0, "y": 2518.0}, {"x": 1908.0, "y": 2518.0}, {"x": 1908.0, "y": 2612.0}, {"x": 1095.0, "y": 2612.0}]}, "description": " agree to pay the above"}, {"boundingPoly": {"vertices": [{"x": 921.0, "y": 2620.0}, {"x": 1975.0, "y": 2605.0}, {"x": 1976.0, "y": 2683.0}, {"x": 922.0, "y": 2697.0}]}, "description": "total amount according to the"}, {"boundingPoly": {"vertices": [{"x": 1074.0, "y": 2708.0}, {"x": 1849.0, "y": 2700.0}, {"x": 1850.0, "y": 2778.0}, {"x": 1074.0, "y": 2788.0}]}, "description": "card issuer agreement."}, {"boundingPoly": {"vertices": [{"x": 690.0, "y": 2899.0}, {"x": 747.0, "y": 2900.0}, {"x": 745.0, "y": 2975.0}, {"x": 688.0, "y": 2974.0}]}, "description": "X"}, {"boundingPoly": {"vertices": [{"x": 1063.0, "y": 3068.0}, {"x": 1853.0, "y": 3057.0}, {"x": 1854.0, "y": 3136.0}, {"x": 1063.0, "y": 3143.0}]}, "description": "*** Suggested Tip ***"}, {"boundingPoly": {"vertices": [{"x": 880.0, "y": 3160.0}, {"x": 2059.0, "y": 3132.0}, {"x": 2060.0, "y": 3219.0}, {"x": 882.0, "y": 3245.0}]}, "description": "15%= 19. 09 18%= 22. 91 20%= 25.45"}, {"boundingPoly": {"vertices": [{"x": 1400.0, "y": 3255.0}, {"x": 1515.0, "y": 3256.0}, {"x": 1516.0, "y": 3306.0}, {"x": 1399.0, "y": 3303.0}]}, "description": "***"}, {"boundingPoly": {"vertices": [{"x": 1295.0, "y": 3336.0}, {"x": 1659.0, "y": 3332.0}, {"x": 1660.0, "y": 3408.0}, {"x": 1295.0, "y": 3416.0}]}, "description": "THANK YOU!"}, {"boundingPoly": {"vertices": [{"x": 1257.0, "y": 3429.0}, {"x": 1659.0, "y": 3425.0}, {"x": 1660.0, "y": 3506.0}, {"x": 1258.0, "y": 3511.0}]}, "description": "Visit Us At"}, {"boundingPoly": {"vertices": [{"x": 1097.0, "y": 3531.0}, {"x": 1829.0, "y": 3515.0}, {"x": 1832.0, "y": 3594.0}, {"x": 1099.0, "y": 3615.0}]}, "description": "www. RangoonRuby. com"}, {"boundingPoly": {"vertices": [{"x": 1091.0, "y": 3832.0}, {"x": 1869.0, "y": 3794.0}, {"x": 1874.0, "y": 3889.0}, {"x": 1095.0, "y": 3927.0}]}, "description": ">> Customer Copy <<"}]}