{"textAnnotations": [{"boundingPoly": {"vertices": [{"x": 291, "y": 5}, {"x": 342, "y": 8}, {"x": 338, "y": 59}, {"x": 287, "y": 57}]}, "description": "E"}, {"boundingPoly": {"vertices": [{"x": 527, "y": 37}, {"x": 585, "y": 43}, {"x": 577, "y": 98}, {"x": 519, "y": 91}]}, "description": "R"}, {"boundingPoly": {"vertices": [{"x": 1137, "y": 26}, {"x": 1176, "y": 28}, {"x": 1172, "y": 64}, {"x": 1133, "y": 62}]}, "description": "7"}, {"boundingPoly": {"vertices": [{"x": 764, "y": 74}, {"x": 820, "y": 79}, {"x": 814, "y": 132}, {"x": 758, "y": 127}]}, "description": "T"}, {"boundingPoly": {"vertices": [{"x": 1368, "y": 63}, {"x": 1409, "y": 72}, {"x": 1405, "y": 107}, {"x": 1364, "y": 98}]}, "description": "8"}, {"boundingPoly": {"vertices": [{"x": 994, "y": 111}, {"x": 1051, "y": 115}, {"x": 1047, "y": 173}, {"x": 990, "y": 169}]}, "description": "Y"}, {"boundingPoly": {"vertices": [{"x": 1628, "y": 142}, {"x": 1585, "y": 136}, {"x": 1589, "y": 100}, {"x": 1632, "y": 106}]}, "description": "6"}, {"boundingPoly": {"vertices": [{"x": 40, "y": 163}, {"x": 98, "y": 171}, {"x": 90, "y": 225}, {"x": 32, "y": 218}]}, "description": "S"}, {"boundingPoly": {"vertices": [{"x": 282, "y": 201}, {"x": 339, "y": 210}, {"x": 332, "y": 264}, {"x": 276, "y": 255}]}, "description": "D"}, {"boundingPoly": {"vertices": [{"x": 1688, "y": 236}, {"x": 1746, "y": 239}, {"x": 1744, "y": 289}, {"x": 1686, "y": 286}]}, "description": "O"}, {"boundingPoly": {"vertices": [{"x": 1924, "y": 271}, {"x": 1976, "y": 273}, {"x": 1974, "y": 323}, {"x": 1921, "y": 321}]}, "description": "P"}, {"boundingPoly": {"vertices": [{"x": 2187, "y": 310}, {"x": 2188, "y": 435}, {"x": 2152, "y": 435}, {"x": 2152, "y": 311}]}, "description": "- -"}, {"boundingPoly": {"vertices": [{"x": 645, "y": 321}, {"x": 685, "y": 321}, {"x": 685, "y": 361}, {"x": 645, "y": 361}]}, "description": " &"}, {"boundingPoly": {"vertices": [{"x": 622, "y": 361}, {"x": 660, "y": 361}, {"x": 660, "y": 401}, {"x": 622, "y": 401}]}, "description": "merchant name"}, {"boundingPoly": {"vertices": [{"x": 690, "y": 322}, {"x": 730, "y": 322}, {"x": 730, "y": 361}, {"x": 690, "y": 361}]}, "description": " &"}, {"boundingPoly": {"vertices": [{"x": 667, "y": 361}, {"x": 773, "y": 361}, {"x": 773, "y": 401}, {"x": 667, "y": 401}]}, "description": "merchant name"}, {"boundingPoly": {"vertices": [{"x": 689, "y": 401}, {"x": 963, "y": 408}, {"x": 962, "y": 447}, {"x": 688, "y": 440}]}, "description": "merchant name"}, {"boundingPoly": {"vertices": [{"x": 782, "y": 445}, {"x": 1023, "y": 445}, {"x": 1023, "y": 493}, {"x": 782, "y": 493}]}, "description": "merchant address"}, {"boundingPoly": {"vertices": [{"x": 921, "y": 491}, {"x": 985, "y": 491}, {"x": 985, "y": 537}, {"x": 921, "y": 537}]}, "description": "merchant address"}, {"boundingPoly": {"vertices": [{"x": 736, "y": 323}, {"x": 775, "y": 323}, {"x": 775, "y": 360}, {"x": 736, "y": 360}]}, "description": " &"}, {"boundingPoly": {"vertices": [{"x": 781, "y": 324}, {"x": 865, "y": 324}, {"x": 865, "y": 361}, {"x": 781, "y": 361}]}, "description": " 405"}, {"boundingPoly": {"vertices": [{"x": 780, "y": 363}, {"x": 1015, "y": 363}, {"x": 1015, "y": 408}, {"x": 780, "y": 408}]}, "description": "merchant name"}, {"boundingPoly": {"vertices": [{"x": 872, "y": 325}, {"x": 907, "y": 325}, {"x": 907, "y": 363}, {"x": 872, "y": 363}]}, "description": " &"}, {"boundingPoly": {"vertices": [{"x": 915, "y": 326}, {"x": 952, "y": 326}, {"x": 952, "y": 364}, {"x": 915, "y": 364}]}, "description": " &"}, {"boundingPoly": {"vertices": [{"x": 960, "y": 326}, {"x": 995, "y": 326}, {"x": 995, "y": 366}, {"x": 960, "y": 366}]}, "description": " &"}, {"boundingPoly": {"vertices": [{"x": 97, "y": 385}, {"x": 156, "y": 393}, {"x": 148, "y": 452}, {"x": 89, "y": 444}]}, "description": "X"}, {"boundingPoly": {"vertices": [{"x": 1485, "y": 393}, {"x": 1549, "y": 396}, {"x": 1546, "y": 461}, {"x": 1483, "y": 458}]}, "description": "K"}, {"boundingPoly": {"vertices": [{"x": 509, "y": 444}, {"x": 589, "y": 444}, {"x": 589, "y": 491}, {"x": 509, "y": 491}]}, "description": "merchant address"}, {"boundingPoly": {"vertices": [{"x": 597, "y": 444}, {"x": 656, "y": 444}, {"x": 656, "y": 489}, {"x": 597, "y": 489}]}, "description": "merchant address"}, {"boundingPoly": {"vertices": [{"x": 529, "y": 487}, {"x": 634, "y": 487}, {"x": 634, "y": 531}, {"x": 529, "y": 531}]}, "description": "merchant address"}, {"boundingPoly": {"vertices": [{"x": 664, "y": 444}, {"x": 774, "y": 444}, {"x": 774, "y": 488}, {"x": 664, "y": 488}]}, "description": "merchant address"}, {"boundingPoly": {"vertices": [{"x": 642, "y": 487}, {"x": 914, "y": 487}, {"x": 914, "y": 535}, {"x": 642, "y": 535}]}, "description": "merchant address"}, {"boundingPoly": {"vertices": [{"x": 357, "y": 573}, {"x": 866, "y": 570}, {"x": 866, "y": 624}, {"x": 357, "y": 629}]}, "description": "915220040 Constanza M"}, {"boundingPoly": {"vertices": [{"x": 352, "y": 685}, {"x": 574, "y": 662}, {"x": 578, "y": 705}, {"x": 354, "y": 728}]}, "description": "CHK 34918"}, {"boundingPoly": {"vertices": [{"x": 1030, "y": 449}, {"x": 1132, "y": 449}, {"x": 1132, "y": 496}, {"x": 1030, "y": 496}]}, "description": "merchant address"}, {"boundingPoly": {"vertices": [{"x": 992, "y": 493}, {"x": 1116, "y": 493}, {"x": 1116, "y": 540}, {"x": 992, "y": 540}]}, "description": "merchant address"}, {"boundingPoly": {"vertices": [{"x": 668, "y": 527}, {"x": 1007, "y": 536}, {"x": 1006, "y": 581}, {"x": 668, "y": 571}]}, "description": "merchant phone"}, {"boundingPoly": {"vertices": [{"x": 31, "y": 607}, {"x": 97, "y": 613}, {"x": 91, "y": 651}, {"x": 25, "y": 645}]}, "description": "Alt"}, {"boundingPoly": {"vertices": [{"x": 694, "y": 722}, {"x": 961, "y": 733}, {"x": 959, "y": 778}, {"x": 692, "y": 766}]}, "description": "terrace/dbl"}, {"boundingPoly": {"vertices": [{"x": 1185, "y": 708}, {"x": 1275, "y": 714}, {"x": 1273, "y": 758}, {"x": 1183, "y": 752}]}, "description": "GST"}, {"boundingPoly": {"vertices": [{"x": 2070, "y": 718}, {"x": 2110, "y": 719}, {"x": 2106, "y": 756}, {"x": 2066, "y": 755}]}, "description": "?"}, {"boundingPoly": {"vertices": [{"x": 601, "y": 764}, {"x": 1065, "y": 764}, {"x": 1065, "y": 832}, {"x": 601, "y": 832}]}, "description": " 11/22/2019 11:38 AM"}, {"boundingPoly": {"vertices": [{"x": 415, "y": 871}, {"x": 831, "y": 871}, {"x": 831, "y": 935}, {"x": 415, "y": 935}]}, "description": " Glenlivet 12 DBL"}, {"boundingPoly": {"vertices": [{"x": 1570, "y": 837}, {"x": 1635, "y": 845}, {"x": 1629, "y": 889}, {"x": 1563, "y": 881}]}, "description": "Alt"}, {"boundingPoly": {"vertices": [{"x": 376, "y": 881}, {"x": 404, "y": 881}, {"x": 404, "y": 937}, {"x": 376, "y": 937}]}, "description": " 1"}, {"boundingPoly": {"vertices": [{"x": 1062, "y": 893}, {"x": 1186, "y": 897}, {"x": 1185, "y": 943}, {"x": 1061, "y": 939}]}, "description": "32.00"}, {"boundingPoly": {"vertices": [{"x": 1063, "y": 948}, {"x": 1189, "y": 949}, {"x": 1189, "y": 1000}, {"x": 1062, "y": 998}]}, "description": "32.00"}, {"boundingPoly": {"vertices": [{"x": 1817, "y": 877}, {"x": 1907, "y": 888}, {"x": 1902, "y": 930}, {"x": 1811, "y": 922}]}, "description": "Ctrl"}, {"boundingPoly": {"vertices": [{"x": 2063, "y": 917}, {"x": 2167, "y": 933}, {"x": 2162, "y": 972}, {"x": 2057, "y": 955}]}, "description": "Page"}, {"boundingPoly": {"vertices": [{"x": 373, "y": 930}, {"x": 401, "y": 930}, {"x": 401, "y": 990}, {"x": 373, "y": 990}]}, "description": " 1"}, {"boundingPoly": {"vertices": [{"x": 413, "y": 926}, {"x": 829, "y": 926}, {"x": 829, "y": 989}, {"x": 413, "y": 989}]}, "description": " Glenlivet 12 DBL"}, {"boundingPoly": {"vertices": [{"x": 2067, "y": 955}, {"x": 2130, "y": 966}, {"x": 2125, "y": 1003}, {"x": 2062, "y": 991}]}, "description": "Up"}, {"boundingPoly": {"vertices": [{"x": 419, "y": 1042}, {"x": 629, "y": 1038}, {"x": 630, "y": 1093}, {"x": 420, "y": 1097}]}, "description": "Subtotal"}, {"boundingPoly": {"vertices": [{"x": 416, "y": 1103}, {"x": 652, "y": 1099}, {"x": 653, "y": 1151}, {"x": 416, "y": 1154}]}, "description": "Sales Tax"}, {"boundingPoly": {"vertices": [{"x": 342, "y": 1160}, {"x": 811, "y": 1154}, {"x": 812, "y": 1210}, {"x": 343, "y": 1220}]}, "description": "Total Due"}, {"boundingPoly": {"vertices": [{"x": 1051, "y": 1062}, {"x": 1192, "y": 1066}, {"x": 1190, "y": 1115}, {"x": 1051, "y": 1113}]}, "description": "$64.00"}, {"boundingPoly": {"vertices": [{"x": 1076, "y": 1117}, {"x": 1198, "y": 1118}, {"x": 1199, "y": 1159}, {"x": 1076, "y": 1160}]}, "description": "$4.48"}, {"boundingPoly": {"vertices": [{"x": 1060, "y": 1165}, {"x": 1348, "y": 1166}, {"x": 1348, "y": 1216}, {"x": 1060, "y": 1214}]}, "description": "$68.48"}, {"boundingPoly": {"vertices": [{"x": 2056, "y": 1083}, {"x": 2214, "y": 1103}, {"x": 2209, "y": 1143}, {"x": 2054, "y": 1126}]}, "description": "+ Hom"}, {"boundingPoly": {"vertices": [{"x": 576, "y": 1271}, {"x": 1124, "y": 1270}, {"x": 1124, "y": 1329}, {"x": 576, "y": 1329}]}, "description": "FOR ROOM CHARGES ONLY"}, {"boundingPoly": {"vertices": [{"x": 677, "y": 1315}, {"x": 1215, "y": 1315}, {"x": 1215, "y": 1476}, {"x": 677, "y": 1476}]}, "description": " $10:00"}, {"boundingPoly": {"vertices": [{"x": 414, "y": 1403}, {"x": 653, "y": 1391}, {"x": 656, "y": 1454}, {"x": 417, "y": 1464}]}, "description": "GRATUITY"}, {"boundingPoly": {"vertices": [{"x": 516, "y": 1460}, {"x": 1222, "y": 1445}, {"x": 1231, "y": 1595}, {"x": 530, "y": 1646}]}, "description": "$ 28. 48"}, {"boundingPoly": {"vertices": [{"x": 417, "y": 1667}, {"x": 731, "y": 1647}, {"x": 735, "y": 1706}, {"x": 421, "y": 1727}]}, "description": "ROOM NUMBER"}, {"boundingPoly": {"vertices": [{"x": 415, "y": 1803}, {"x": 712, "y": 1783}, {"x": 715, "y": 1844}, {"x": 420, "y": 1865}]}, "description": "PRINT NAME"}, {"boundingPoly": {"vertices": [{"x": 419, "y": 1942}, {"x": 682, "y": 1927}, {"x": 684, "y": 1987}, {"x": 423, "y": 2004}]}, "description": "SIGNATURE"}, {"boundingPoly": {"vertices": [{"x": 353, "y": 2093}, {"x": 1433, "y": 2010}, {"x": 1437, "y": 2075}, {"x": 357, "y": 2157}]}, "description": "5 or more. Thank you for your loyalty!"}, {"boundingPoly": {"vertices": [{"x": 909, "y": 2185}, {"x": 1094, "y": 2185}, {"x": 1094, "y": 2262}, {"x": 909, "y": 2262}]}, "description": " 565858"}, {"boundingPoly": {"vertices": [{"x": 945, "y": 2273}, {"x": 1098, "y": 2260}, {"x": 1100, "y": 2307}, {"x": 949, "y": 2320}]}, "description": "68.48"}, {"boundingPoly": {"vertices": [{"x": 333, "y": 2023}, {"x": 1427, "y": 1941}, {"x": 1428, "y": 2005}, {"x": 335, "y": 2090}]}, "description": "18% gratuity will be added to parties o"}, {"boundingPoly": {"vertices": [{"x": 649, "y": 2146}, {"x": 1146, "y": 2106}, {"x": 1151, "y": 2169}, {"x": 654, "y": 2209}]}, "description": "# XXXXXXXXXXX2008"}, {"boundingPoly": {"vertices": [{"x": 737, "y": 2204}, {"x": 884, "y": 2204}, {"x": 884, "y": 2273}, {"x": 737, "y": 2273}]}, "description": " AMEX"}]}