{"textAnnotations": [{"boundingPoly": {"vertices": [{"x": 222.0, "y": 126.0}, {"x": 390.0, "y": 107.0}, {"x": 392.0, "y": 130.0}, {"x": 223.0, "y": 150.0}]}, "description": "merchant name"}, {"boundingPoly": {"vertices": [{"x": 209.0, "y": 182.0}, {"x": 407.0, "y": 162.0}, {"x": 410.0, "y": 186.0}, {"x": 211.0, "y": 207.0}]}, "description": "merchant address"}, {"boundingPoly": {"vertices": [{"x": 181.0, "y": 157.0}, {"x": 444.0, "y": 126.0}, {"x": 448.0, "y": 152.0}, {"x": 184.0, "y": 181.0}]}, "description": "merchant address"}, {"boundingPoly": {"vertices": [{"x": 196.0, "y": 210.0}, {"x": 420.0, "y": 189.0}, {"x": 422.0, "y": 215.0}, {"x": 198.0, "y": 235.0}]}, "description": "merchant address"}, {"boundingPoly": {"vertices": [{"x": 263.0, "y": 261.0}, {"x": 357.0, "y": 255.0}, {"x": 359.0, "y": 280.0}, {"x": 264.0, "y": 286.0}]}, "description": "merchant address"}, {"boundingPoly": {"vertices": [{"x": 68.0, "y": 243.0}, {"x": 557.0, "y": 201.0}, {"x": 560.0, "y": 234.0}, {"x": 69.0, "y": 269.0}]}, "description": "merchant address"}, {"boundingPoly": {"vertices": [{"x": 52.0, "y": 329.0}, {"x": 279.0, "y": 319.0}, {"x": 280.0, "y": 344.0}, {"x": 53.0, "y": 354.0}]}, "description": "15519 Katarzyna P"}, {"boundingPoly": {"vertices": [{"x": 505.0, "y": 329.0}, {"x": 571.0, "y": 329.0}, {"x": 571.0, "y": 358.0}, {"x": 505.0, "y": 358.0}]}, "description": " WS#:"}, {"boundingPoly": {"vertices": [{"x": 574.0, "y": 327.0}, {"x": 595.0, "y": 327.0}, {"x": 595.0, "y": 354.0}, {"x": 574.0, "y": 354.0}]}, "description": " 8"}, {"boundingPoly": {"vertices": [{"x": 245.0, "y": 399.0}, {"x": 386.0, "y": 395.0}, {"x": 387.0, "y": 421.0}, {"x": 245.0, "y": 425.0}]}, "description": "CHK 151317"}, {"boundingPoly": {"vertices": [{"x": 191.0, "y": 426.0}, {"x": 431.0, "y": 426.0}, {"x": 431.0, "y": 461.0}, {"x": 191.0, "y": 461.0}]}, "description": " 25 Nov'19 8:12 AM"}, {"boundingPoly": {"vertices": [{"x": 54.0, "y": 502.0}, {"x": 74.0, "y": 502.0}, {"x": 74.0, "y": 532.0}, {"x": 54.0, "y": 532.0}]}, "description": " 1"}, {"boundingPoly": {"vertices": [{"x": 54.0, "y": 536.0}, {"x": 73.0, "y": 536.0}, {"x": 73.0, "y": 564.0}, {"x": 54.0, "y": 564.0}]}, "description": " 1"}, {"boundingPoly": {"vertices": [{"x": 53.0, "y": 569.0}, {"x": 74.0, "y": 569.0}, {"x": 74.0, "y": 596.0}, {"x": 53.0, "y": 596.0}]}, "description": " 1"}, {"boundingPoly": {"vertices": [{"x": 54.0, "y": 602.0}, {"x": 72.0, "y": 602.0}, {"x": 72.0, "y": 630.0}, {"x": 54.0, "y": 630.0}]}, "description": " 1"}, {"boundingPoly": {"vertices": [{"x": 52.0, "y": 634.0}, {"x": 72.0, "y": 634.0}, {"x": 72.0, "y": 662.0}, {"x": 52.0, "y": 662.0}]}, "description": " 1"}, {"boundingPoly": {"vertices": [{"x": 50.0, "y": 667.0}, {"x": 71.0, "y": 667.0}, {"x": 71.0, "y": 693.0}, {"x": 50.0, "y": 693.0}]}, "description": " 1"}, {"boundingPoly": {"vertices": [{"x": 79.0, "y": 495.0}, {"x": 389.0, "y": 495.0}, {"x": 389.0, "y": 531.0}, {"x": 79.0, "y": 531.0}]}, "description": " TA Chipotle Mozzarella"}, {"boundingPoly": {"vertices": [{"x": 78.0, "y": 530.0}, {"x": 390.0, "y": 530.0}, {"x": 390.0, "y": 564.0}, {"x": 78.0, "y": 564.0}]}, "description": " TA Salt and Vin Crisps"}, {"boundingPoly": {"vertices": [{"x": 79.0, "y": 566.0}, {"x": 334.0, "y": 566.0}, {"x": 334.0, "y": 597.0}, {"x": 79.0, "y": 597.0}]}, "description": " TA Chipotle Crisps"}, {"boundingPoly": {"vertices": [{"x": 78.0, "y": 601.0}, {"x": 293.0, "y": 601.0}, {"x": 293.0, "y": 630.0}, {"x": 78.0, "y": 630.0}]}, "description": " TA Pret A Mango"}, {"boundingPoly": {"vertices": [{"x": 77.0, "y": 633.0}, {"x": 281.0, "y": 633.0}, {"x": 281.0, "y": 662.0}, {"x": 77.0, "y": 662.0}]}, "description": " TA Apple Juice"}, {"boundingPoly": {"vertices": [{"x": 76.0, "y": 665.0}, {"x": 308.0, "y": 665.0}, {"x": 308.0, "y": 694.0}, {"x": 76.0, "y": 694.0}]}, "description": " TA Hot Chocolate"}, {"boundingPoly": {"vertices": [{"x": 101.0, "y": 697.0}, {"x": 292.0, "y": 697.0}, {"x": 292.0, "y": 724.0}, {"x": 101.0, "y": 725.0}]}, "description": "Hazelnut Shot"}, {"boundingPoly": {"vertices": [{"x": 69.0, "y": 730.0}, {"x": 132.0, "y": 730.0}, {"x": 132.0, "y": 756.0}, {"x": 69.0, "y": 755.0}]}, "description": "AmEx"}, {"boundingPoly": {"vertices": [{"x": 65.0, "y": 761.0}, {"x": 292.0, "y": 760.0}, {"x": 292.0, "y": 786.0}, {"x": 66.0, "y": 788.0}]}, "description": "XXXXXXXXXXX1009"}, {"boundingPoly": {"vertices": [{"x": 455.0, "y": 493.0}, {"x": 513.0, "y": 491.0}, {"x": 514.0, "y": 517.0}, {"x": 456.0, "y": 519.0}]}, "description": "4.69"}, {"boundingPoly": {"vertices": [{"x": 457.0, "y": 526.0}, {"x": 514.0, "y": 525.0}, {"x": 515.0, "y": 551.0}, {"x": 458.0, "y": 553.0}]}, "description": "1.15"}, {"boundingPoly": {"vertices": [{"x": 458.0, "y": 560.0}, {"x": 515.0, "y": 558.0}, {"x": 516.0, "y": 584.0}, {"x": 459.0, "y": 586.0}]}, "description": "1.15"}, {"boundingPoly": {"vertices": [{"x": 460.0, "y": 596.0}, {"x": 515.0, "y": 593.0}, {"x": 517.0, "y": 619.0}, {"x": 461.0, "y": 621.0}]}, "description": "1.59"}, {"boundingPoly": {"vertices": [{"x": 456.0, "y": 628.0}, {"x": 520.0, "y": 626.0}, {"x": 520.0, "y": 653.0}, {"x": 457.0, "y": 655.0}]}, "description": "2.09"}, {"boundingPoly": {"vertices": [{"x": 458.0, "y": 661.0}, {"x": 521.0, "y": 660.0}, {"x": 520.0, "y": 687.0}, {"x": 459.0, "y": 688.0}]}, "description": "2.75"}, {"boundingPoly": {"vertices": [{"x": 460.0, "y": 695.0}, {"x": 521.0, "y": 694.0}, {"x": 521.0, "y": 721.0}, {"x": 460.0, "y": 721.0}]}, "description": "0.50"}, {"boundingPoly": {"vertices": [{"x": 433.0, "y": 727.0}, {"x": 522.0, "y": 727.0}, {"x": 522.0, "y": 754.0}, {"x": 433.0, "y": 754.0}]}, "description": "\u00a313.92"}, {"boundingPoly": {"vertices": [{"x": 108.0, "y": 830.0}, {"x": 293.0, "y": 829.0}, {"x": 293.0, "y": 859.0}, {"x": 108.0, "y": 860.0}]}, "description": "2.06 VAT 20%"}, {"boundingPoly": {"vertices": [{"x": 65.0, "y": 867.0}, {"x": 213.0, "y": 867.0}, {"x": 213.0, "y": 899.0}, {"x": 65.0, "y": 899.0}]}, "description": " Net Total:"}, {"boundingPoly": {"vertices": [{"x": 62.0, "y": 904.0}, {"x": 216.0, "y": 903.0}, {"x": 216.0, "y": 934.0}, {"x": 62.0, "y": 934.0}]}, "description": "Sandwiches"}, {"boundingPoly": {"vertices": [{"x": 60.0, "y": 941.0}, {"x": 156.0, "y": 940.0}, {"x": 156.0, "y": 971.0}, {"x": 60.0, "y": 972.0}]}, "description": "Snacks"}, {"boundingPoly": {"vertices": [{"x": 60.0, "y": 976.0}, {"x": 229.0, "y": 974.0}, {"x": 229.0, "y": 1009.0}, {"x": 60.0, "y": 1011.0}]}, "description": "Cold Drinks"}, {"boundingPoly": {"vertices": [{"x": 58.0, "y": 1015.0}, {"x": 213.0, "y": 1015.0}, {"x": 213.0, "y": 1046.0}, {"x": 58.0, "y": 1046.0}]}, "description": "Hot Drinks"}, {"boundingPoly": {"vertices": [{"x": 54.0, "y": 1053.0}, {"x": 164.0, "y": 1053.0}, {"x": 164.0, "y": 1084.0}, {"x": 54.0, "y": 1085.0}]}, "description": "Payment"}, {"boundingPoly": {"vertices": [{"x": 8.0, "y": 1089.0}, {"x": 317.0, "y": 1087.0}, {"x": 317.0, "y": 1125.0}, {"x": 8.0, "y": 1126.0}]}, "description": "Change Due"}, {"boundingPoly": {"vertices": [{"x": 451.0, "y": 830.0}, {"x": 525.0, "y": 830.0}, {"x": 524.0, "y": 860.0}, {"x": 451.0, "y": 859.0}]}, "description": "12.33"}, {"boundingPoly": {"vertices": [{"x": 434.0, "y": 867.0}, {"x": 524.0, "y": 867.0}, {"x": 525.0, "y": 896.0}, {"x": 435.0, "y": 897.0}]}, "description": "\u00a310.27"}, {"boundingPoly": {"vertices": [{"x": 449.0, "y": 903.0}, {"x": 526.0, "y": 902.0}, {"x": 526.0, "y": 933.0}, {"x": 449.0, "y": 933.0}]}, "description": "\u00a34.69"}, {"boundingPoly": {"vertices": [{"x": 451.0, "y": 936.0}, {"x": 527.0, "y": 938.0}, {"x": 528.0, "y": 973.0}, {"x": 450.0, "y": 972.0}]}, "description": "\u00a33.89"}, {"boundingPoly": {"vertices": [{"x": 452.0, "y": 977.0}, {"x": 528.0, "y": 976.0}, {"x": 529.0, "y": 1006.0}, {"x": 452.0, "y": 1006.0}]}, "description": "\u00a32.09"}, {"boundingPoly": {"vertices": [{"x": 452.0, "y": 1013.0}, {"x": 528.0, "y": 1013.0}, {"x": 528.0, "y": 1044.0}, {"x": 452.0, "y": 1044.0}]}, "description": "\u00a33.25"}, {"boundingPoly": {"vertices": [{"x": 433.0, "y": 1048.0}, {"x": 528.0, "y": 1049.0}, {"x": 529.0, "y": 1085.0}, {"x": 433.0, "y": 1084.0}]}, "description": "\u00a313.92"}, {"boundingPoly": {"vertices": [{"x": 466.0, "y": 1089.0}, {"x": 620.0, "y": 1088.0}, {"x": 621.0, "y": 1121.0}, {"x": 466.0, "y": 1122.0}]}, "description": "\u00a30.00"}, {"boundingPoly": {"vertices": [{"x": 191.0, "y": 1175.0}, {"x": 215.0, "y": 1175.0}, {"x": 213.0, "y": 1196.0}, {"x": 189.0, "y": 1195.0}]}, "description": "-"}, {"boundingPoly": {"vertices": [{"x": 174.0, "y": 1204.0}, {"x": 442.0, "y": 1204.0}, {"x": 442.0, "y": 1242.0}, {"x": 174.0, "y": 1242.0}]}, "description": " 25 Nov'19 8:13 AM"}, {"boundingPoly": {"vertices": [{"x": 221.0, "y": 1166.0}, {"x": 413.0, "y": 1165.0}, {"x": 413.0, "y": 1202.0}, {"x": 221.0, "y": 1202.0}]}, "description": "Check Closed"}, {"boundingPoly": {"vertices": [{"x": 218.0, "y": 1289.0}, {"x": 408.0, "y": 1288.0}, {"x": 408.0, "y": 1319.0}, {"x": 218.0, "y": 1320.0}]}, "description": "www.pret.com"}, {"boundingPoly": {"vertices": [{"x": 217.0, "y": 1324.0}, {"x": 407.0, "y": 1324.0}, {"x": 407.0, "y": 1359.0}, {"x": 217.0, "y": 1359.0}]}, "description": "TALK TO PRET"}, {"boundingPoly": {"vertices": [{"x": 1.0, "y": 1363.0}, {"x": 618.0, "y": 1369.0}, {"x": 617.0, "y": 1410.0}, {"x": 1.0, "y": 1402.0}]}, "description": "We love to hear your feedback (the good"}, {"boundingPoly": {"vertices": [{"x": 136.0, "y": 1403.0}, {"x": 485.0, "y": 1409.0}, {"x": 484.0, "y": 1448.0}, {"x": 136.0, "y": 1442.0}]}, "description": "the bad and the ugly)."}, {"boundingPoly": {"vertices": [{"x": 100.0, "y": 1447.0}, {"x": 523.0, "y": 1453.0}, {"x": 522.0, "y": 1492.0}, {"x": 100.0, "y": 1483.0}]}, "description": "Pret A Manger (Europe) Ltd"}, {"boundingPoly": {"vertices": [{"x": 166.0, "y": 1492.0}, {"x": 443.0, "y": 1496.0}, {"x": 442.0, "y": 1535.0}, {"x": 165.0, "y": 1529.0}]}, "description": "VAT No. 927137420"}]}