{"textAnnotations": [{"boundingPoly": {"vertices": [{"x": 871.0, "y": 412.0}, {"x": 1606.0, "y": 416.0}, {"x": 1606.0, "y": 481.0}, {"x": 871.0, "y": 477.0}]}, "description": "merchant name"}, {"boundingPoly": {"vertices": [{"x": 905.0, "y": 491.0}, {"x": 1599.0, "y": 497.0}, {"x": 1598.0, "y": 566.0}, {"x": 905.0, "y": 560.0}]}, "description": "merchant address"}, {"boundingPoly": {"vertices": [{"x": 807.0, "y": 573.0}, {"x": 1691.0, "y": 578.0}, {"x": 1691.0, "y": 653.0}, {"x": 806.0, "y": 647.0}]}, "description": "merchant address"}, {"boundingPoly": {"vertices": [{"x": 927.0, "y": 761.0}, {"x": 1580.0, "y": 764.0}, {"x": 1580.0, "y": 842.0}, {"x": 927.0, "y": 839.0}]}, "description": "CUSTOMER COPY"}, {"boundingPoly": {"vertices": [{"x": 812.0, "y": 900.0}, {"x": 1693.0, "y": 900.0}, {"x": 1693.0, "y": 985.0}, {"x": 812.0, "y": 987.0}]}, "description": "Tyro Payments EFTPOS"}, {"boundingPoly": {"vertices": [{"x": 648.0, "y": 1042.0}, {"x": 1363.0, "y": 1043.0}, {"x": 1362.0, "y": 1117.0}, {"x": 648.0, "y": 1115.0}]}, "description": "AMERICAN EXPRESS"}, {"boundingPoly": {"vertices": [{"x": 641.0, "y": 1132.0}, {"x": 844.0, "y": 1132.0}, {"x": 844.0, "y": 1201.0}, {"x": 641.0, "y": 1201.0}]}, "description": " AID:"}, {"boundingPoly": {"vertices": [{"x": 640.0, "y": 1216.0}, {"x": 893.0, "y": 1216.0}, {"x": 893.0, "y": 1292.0}, {"x": 640.0, "y": 1292.0}]}, "description": " Card:"}, {"boundingPoly": {"vertices": [{"x": 857.0, "y": 1132.0}, {"x": 1568.0, "y": 1132.0}, {"x": 1568.0, "y": 1205.0}, {"x": 857.0, "y": 1205.0}]}, "description": " A000000025010801"}, {"boundingPoly": {"vertices": [{"x": 908.0, "y": 1218.0}, {"x": 1740.0, "y": 1218.0}, {"x": 1740.0, "y": 1292.0}, {"x": 908.0, "y": 1292.0}]}, "description": " xxxxxxxxxxx1006 (t)"}, {"boundingPoly": {"vertices": [{"x": 637.0, "y": 1353.0}, {"x": 1010.0, "y": 1358.0}, {"x": 1009.0, "y": 1430.0}, {"x": 636.0, "y": 1426.0}]}, "description": "Purchase"}, {"boundingPoly": {"vertices": [{"x": 642.0, "y": 1449.0}, {"x": 1052.0, "y": 1454.0}, {"x": 1050.0, "y": 1527.0}, {"x": 642.0, "y": 1522.0}]}, "description": "Surcharge"}, {"boundingPoly": {"vertices": [{"x": 1172.0, "y": 1353.0}, {"x": 1314.0, "y": 1352.0}, {"x": 1312.0, "y": 1426.0}, {"x": 1173.0, "y": 1426.0}]}, "description": "AUD"}, {"boundingPoly": {"vertices": [{"x": 1178.0, "y": 1448.0}, {"x": 1312.0, "y": 1446.0}, {"x": 1312.0, "y": 1515.0}, {"x": 1177.0, "y": 1515.0}]}, "description": "AUD"}, {"boundingPoly": {"vertices": [{"x": 1576.0, "y": 1352.0}, {"x": 1839.0, "y": 1350.0}, {"x": 1840.0, "y": 1427.0}, {"x": 1577.0, "y": 1431.0}]}, "description": "$23,90"}, {"boundingPoly": {"vertices": [{"x": 1618.0, "y": 1443.0}, {"x": 1845.0, "y": 1442.0}, {"x": 1846.0, "y": 1517.0}, {"x": 1619.0, "y": 1519.0}]}, "description": "$0.26"}, {"boundingPoly": {"vertices": [{"x": 639.0, "y": 1621.0}, {"x": 866.0, "y": 1619.0}, {"x": 866.0, "y": 1695.0}, {"x": 639.0, "y": 1697.0}]}, "description": "Total"}, {"boundingPoly": {"vertices": [{"x": 1179.0, "y": 1622.0}, {"x": 1316.0, "y": 1622.0}, {"x": 1315.0, "y": 1694.0}, {"x": 1179.0, "y": 1694.0}]}, "description": "AUD"}, {"boundingPoly": {"vertices": [{"x": 1577.0, "y": 1618.0}, {"x": 1849.0, "y": 1618.0}, {"x": 1849.0, "y": 1696.0}, {"x": 1577.0, "y": 1696.0}]}, "description": "$24.16"}, {"boundingPoly": {"vertices": [{"x": 634.0, "y": 1768.0}, {"x": 1055.0, "y": 1765.0}, {"x": 1056.0, "y": 1845.0}, {"x": 634.0, "y": 1849.0}]}, "description": "APPROVED"}, {"boundingPoly": {"vertices": [{"x": 630.0, "y": 1869.0}, {"x": 1716.0, "y": 1863.0}, {"x": 1717.0, "y": 1931.0}, {"x": 630.0, "y": 1937.0}]}, "description": "No pin or signature required"}, {"boundingPoly": {"vertices": [{"x": 1260.0, "y": 1991.0}, {"x": 1364.0, "y": 1991.0}, {"x": 1364.0, "y": 2070.0}, {"x": 1260.0, "y": 2070.0}]}, "description": " 68"}, {"boundingPoly": {"vertices": [{"x": 1223.0, "y": 2084.0}, {"x": 1280.0, "y": 2084.0}, {"x": 1280.0, "y": 2160.0}, {"x": 1223.0, "y": 2160.0}]}, "description": " 7"}, {"boundingPoly": {"vertices": [{"x": 638.0, "y": 2176.0}, {"x": 1388.0, "y": 2176.0}, {"x": 1388.0, "y": 2259.0}, {"x": 638.0, "y": 2259.0}]}, "description": " Transaction Ref:"}, {"boundingPoly": {"vertices": [{"x": 633.0, "y": 2266.0}, {"x": 1428.0, "y": 2266.0}, {"x": 1428.0, "y": 2347.0}, {"x": 633.0, "y": 2347.0}]}, "description": " Authorisation No:"}, {"boundingPoly": {"vertices": [{"x": 642.0, "y": 2352.0}, {"x": 1689.0, "y": 2352.0}, {"x": 1689.0, "y": 2438.0}, {"x": 642.0, "y": 2438.0}]}, "description": " 13 Nov 2019 at 08:15 PM"}, {"boundingPoly": {"vertices": [{"x": 630.0, "y": 2505.0}, {"x": 1718.0, "y": 2498.0}, {"x": 1718.0, "y": 2566.0}, {"x": 630.0, "y": 2575.0}]}, "description": "Retain copy for your records"}, {"boundingPoly": {"vertices": [{"x": 1766.0, "y": 1769.0}, {"x": 1869.0, "y": 1768.0}, {"x": 1872.0, "y": 1838.0}, {"x": 1768.0, "y": 1843.0}]}, "description": "00"}, {"boundingPoly": {"vertices": [{"x": 639.0, "y": 1993.0}, {"x": 1245.0, "y": 1993.0}, {"x": 1245.0, "y": 2076.0}, {"x": 639.0, "y": 2076.0}]}, "description": " Table number:"}, {"boundingPoly": {"vertices": [{"x": 639.0, "y": 2084.0}, {"x": 1210.0, "y": 2084.0}, {"x": 1210.0, "y": 2169.0}, {"x": 639.0, "y": 2169.0}]}, "description": " Terminal ID:"}, {"boundingPoly": {"vertices": [{"x": 1403.0, "y": 2173.0}, {"x": 1686.0, "y": 2173.0}, {"x": 1686.0, "y": 2252.0}, {"x": 1403.0, "y": 2252.0}]}, "description": " 898278"}, {"boundingPoly": {"vertices": [{"x": 1442.0, "y": 2261.0}, {"x": 1719.0, "y": 2261.0}, {"x": 1719.0, "y": 2342.0}, {"x": 1442.0, "y": 2342.0}]}, "description": " 869587"}]}