{"textAnnotations": [{"boundingPoly": {"vertices": [{"x": 587.0, "y": 68.0}, {"x": 1017.0, "y": 70.0}, {"x": 1017.0, "y": 105.0}, {"x": 586.0, "y": 101.0}]}, "description": "Thank You For Joining Us At"}, {"boundingPoly": {"vertices": [{"x": 683.0, "y": 103.0}, {"x": 923.0, "y": 104.0}, {"x": 923.0, "y": 138.0}, {"x": 683.0, "y": 136.0}]}, "description": "merchant name"}, {"boundingPoly": {"vertices": [{"x": 535.0, "y": 136.0}, {"x": 697.0, "y": 136.0}, {"x": 697.0, "y": 171.0}, {"x": 535.0, "y": 171.0}]}, "description": "11/16/2019"}, {"boundingPoly": {"vertices": [{"x": 528.0, "y": 178.0}, {"x": 612.0, "y": 178.0}, {"x": 612.0, "y": 202.0}, {"x": 528.0, "y": 201.0}]}, "description": "====="}, {"boundingPoly": {"vertices": [{"x": 1001.0, "y": 146.0}, {"x": 1068.0, "y": 146.0}, {"x": 1068.0, "y": 178.0}, {"x": 1001.0, "y": 178.0}]}, "description": " 8:19"}, {"boundingPoly": {"vertices": [{"x": 1017.0, "y": 189.0}, {"x": 1067.0, "y": 191.0}, {"x": 1065.0, "y": 211.0}, {"x": 1016.0, "y": 209.0}]}, "description": "==="}, {"boundingPoly": {"vertices": [{"x": 708.0, "y": 213.0}, {"x": 889.0, "y": 215.0}, {"x": 888.0, "y": 247.0}, {"x": 708.0, "y": 246.0}]}, "description": "Avenue Cafe"}, {"boundingPoly": {"vertices": [{"x": 654.0, "y": 248.0}, {"x": 774.0, "y": 248.0}, {"x": 774.0, "y": 286.0}, {"x": 654.0, "y": 286.0}]}, "description": " 3145547"}, {"boundingPoly": {"vertices": [{"x": 653.0, "y": 289.0}, {"x": 792.0, "y": 289.0}, {"x": 792.0, "y": 325.0}, {"x": 653.0, "y": 325.0}]}, "description": " Rachel G"}, {"boundingPoly": {"vertices": [{"x": 527.0, "y": 326.0}, {"x": 679.0, "y": 326.0}, {"x": 679.0, "y": 361.0}, {"x": 527.0, "y": 361.0}]}, "description": " Terminal:"}, {"boundingPoly": {"vertices": [{"x": 522.0, "y": 369.0}, {"x": 566.0, "y": 369.0}, {"x": 565.0, "y": 392.0}, {"x": 521.0, "y": 392.0}]}, "description": "==="}, {"boundingPoly": {"vertices": [{"x": 528.0, "y": 247.0}, {"x": 643.0, "y": 247.0}, {"x": 643.0, "y": 284.0}, {"x": 528.0, "y": 284.0}]}, "description": " Check:"}, {"boundingPoly": {"vertices": [{"x": 528.0, "y": 289.0}, {"x": 648.0, "y": 289.0}, {"x": 648.0, "y": 325.0}, {"x": 528.0, "y": 325.0}]}, "description": " Server:"}, {"boundingPoly": {"vertices": [{"x": 849.0, "y": 253.0}, {"x": 957.0, "y": 253.0}, {"x": 957.0, "y": 288.0}, {"x": 849.0, "y": 288.0}]}, "description": " Table:"}, {"boundingPoly": {"vertices": [{"x": 849.0, "y": 291.0}, {"x": 972.0, "y": 291.0}, {"x": 972.0, "y": 327.0}, {"x": 849.0, "y": 327.0}]}, "description": " Guests:"}, {"boundingPoly": {"vertices": [{"x": 962.0, "y": 255.0}, {"x": 1018.0, "y": 255.0}, {"x": 1018.0, "y": 289.0}, {"x": 962.0, "y": 289.0}]}, "description": " 406"}, {"boundingPoly": {"vertices": [{"x": 977.0, "y": 293.0}, {"x": 1002.0, "y": 293.0}, {"x": 1002.0, "y": 327.0}, {"x": 977.0, "y": 327.0}]}, "description": " 3"}, {"boundingPoly": {"vertices": [{"x": 684.0, "y": 327.0}, {"x": 737.0, "y": 327.0}, {"x": 737.0, "y": 361.0}, {"x": 684.0, "y": 361.0}]}, "description": " 314"}, {"boundingPoly": {"vertices": [{"x": 1024.0, "y": 379.0}, {"x": 1066.0, "y": 379.0}, {"x": 1065.0, "y": 399.0}, {"x": 1023.0, "y": 400.0}]}, "description": "==="}, {"boundingPoly": {"vertices": [{"x": 684.0, "y": 402.0}, {"x": 897.0, "y": 405.0}, {"x": 896.0, "y": 442.0}, {"x": 684.0, "y": 440.0}]}, "description": "Regular Check"}, {"boundingPoly": {"vertices": [{"x": 643.0, "y": 442.0}, {"x": 772.0, "y": 442.0}, {"x": 772.0, "y": 480.0}, {"x": 643.0, "y": 480.0}]}, "description": " Hot Tea"}, {"boundingPoly": {"vertices": [{"x": 614.0, "y": 480.0}, {"x": 785.0, "y": 480.0}, {"x": 785.0, "y": 517.0}, {"x": 614.0, "y": 515.0}]}, "description": "2 Fresh OJ"}, {"boundingPoly": {"vertices": [{"x": 643.0, "y": 518.0}, {"x": 751.0, "y": 520.0}, {"x": 750.0, "y": 553.0}, {"x": 642.0, "y": 550.0}]}, "description": "@ 8.00"}, {"boundingPoly": {"vertices": [{"x": 612.0, "y": 552.0}, {"x": 747.0, "y": 554.0}, {"x": 747.0, "y": 589.0}, {"x": 611.0, "y": 587.0}]}, "description": "2 Coffee"}, {"boundingPoly": {"vertices": [{"x": 639.0, "y": 591.0}, {"x": 743.0, "y": 592.0}, {"x": 742.0, "y": 624.0}, {"x": 639.0, "y": 623.0}]}, "description": "@ 5.00"}, {"boundingPoly": {"vertices": [{"x": 606.0, "y": 625.0}, {"x": 809.0, "y": 630.0}, {"x": 808.0, "y": 666.0}, {"x": 605.0, "y": 660.0}]}, "description": "2 BYO Omelet"}, {"boundingPoly": {"vertices": [{"x": 636.0, "y": 666.0}, {"x": 761.0, "y": 669.0}, {"x": 760.0, "y": 703.0}, {"x": 635.0, "y": 701.0}]}, "description": "@ 20.00"}, {"boundingPoly": {"vertices": [{"x": 638.0, "y": 703.0}, {"x": 740.0, "y": 705.0}, {"x": 738.0, "y": 742.0}, {"x": 636.0, "y": 739.0}]}, "description": "Bell P"}, {"boundingPoly": {"vertices": [{"x": 636.0, "y": 746.0}, {"x": 789.0, "y": 748.0}, {"x": 788.0, "y": 785.0}, {"x": 636.0, "y": 782.0}]}, "description": "$Swiss $1"}, {"boundingPoly": {"vertices": [{"x": 600.0, "y": 787.0}, {"x": 790.0, "y": 789.0}, {"x": 789.0, "y": 827.0}, {"x": 599.0, "y": 824.0}]}, "description": "3 Sub Fruit"}, {"boundingPoly": {"vertices": [{"x": 630.0, "y": 833.0}, {"x": 659.0, "y": 833.0}, {"x": 659.0, "y": 868.0}, {"x": 630.0, "y": 868.0}]}, "description": " @"}, {"boundingPoly": {"vertices": [{"x": 628.0, "y": 873.0}, {"x": 856.0, "y": 873.0}, {"x": 856.0, "y": 912.0}, {"x": 628.0, "y": 912.0}]}, "description": " Eggs Benedict"}, {"boundingPoly": {"vertices": [{"x": 627.0, "y": 910.0}, {"x": 888.0, "y": 910.0}, {"x": 888.0, "y": 954.0}, {"x": 627.0, "y": 954.0}]}, "description": " Belgian Waffles"}, {"boundingPoly": {"vertices": [{"x": 616.0, "y": 442.0}, {"x": 636.0, "y": 442.0}, {"x": 636.0, "y": 479.0}, {"x": 616.0, "y": 479.0}]}, "description": " 1"}, {"boundingPoly": {"vertices": [{"x": 993.0, "y": 449.0}, {"x": 1064.0, "y": 450.0}, {"x": 1062.0, "y": 483.0}, {"x": 991.0, "y": 482.0}]}, "description": "5.00"}, {"boundingPoly": {"vertices": [{"x": 983.0, "y": 489.0}, {"x": 1060.0, "y": 489.0}, {"x": 1060.0, "y": 522.0}, {"x": 983.0, "y": 522.0}]}, "description": "16.00"}, {"boundingPoly": {"vertices": [{"x": 980.0, "y": 565.0}, {"x": 1061.0, "y": 567.0}, {"x": 1059.0, "y": 597.0}, {"x": 979.0, "y": 593.0}]}, "description": "10.00"}, {"boundingPoly": {"vertices": [{"x": 974.0, "y": 635.0}, {"x": 1063.0, "y": 636.0}, {"x": 1062.0, "y": 669.0}, {"x": 973.0, "y": 666.0}]}, "description": "40.00"}, {"boundingPoly": {"vertices": [{"x": 988.0, "y": 795.0}, {"x": 1061.0, "y": 795.0}, {"x": 1059.0, "y": 829.0}, {"x": 988.0, "y": 830.0}]}, "description": "6.00"}, {"boundingPoly": {"vertices": [{"x": 664.0, "y": 833.0}, {"x": 740.0, "y": 833.0}, {"x": 740.0, "y": 867.0}, {"x": 664.0, "y": 867.0}]}, "description": " 2.00"}, {"boundingPoly": {"vertices": [{"x": 602.0, "y": 872.0}, {"x": 623.0, "y": 872.0}, {"x": 623.0, "y": 909.0}, {"x": 602.0, "y": 909.0}]}, "description": " 1"}, {"boundingPoly": {"vertices": [{"x": 600.0, "y": 909.0}, {"x": 620.0, "y": 909.0}, {"x": 620.0, "y": 947.0}, {"x": 600.0, "y": 947.0}]}, "description": " 1"}, {"boundingPoly": {"vertices": [{"x": 972.0, "y": 878.0}, {"x": 1060.0, "y": 880.0}, {"x": 1059.0, "y": 913.0}, {"x": 972.0, "y": 912.0}]}, "description": "19.00"}, {"boundingPoly": {"vertices": [{"x": 971.0, "y": 918.0}, {"x": 1058.0, "y": 919.0}, {"x": 1057.0, "y": 953.0}, {"x": 970.0, "y": 953.0}]}, "description": "15.00"}, {"boundingPoly": {"vertices": [{"x": 662.0, "y": 994.0}, {"x": 794.0, "y": 997.0}, {"x": 793.0, "y": 1034.0}, {"x": 662.0, "y": 1031.0}]}, "description": "Subtotal"}, {"boundingPoly": {"vertices": [{"x": 645.0, "y": 1039.0}, {"x": 796.0, "y": 1040.0}, {"x": 796.0, "y": 1076.0}, {"x": 645.0, "y": 1074.0}]}, "description": "Sales Tax"}, {"boundingPoly": {"vertices": [{"x": 715.0, "y": 1080.0}, {"x": 793.0, "y": 1081.0}, {"x": 792.0, "y": 1117.0}, {"x": 713.0, "y": 1116.0}]}, "description": "Total"}, {"boundingPoly": {"vertices": [{"x": 921.0, "y": 1001.0}, {"x": 1022.0, "y": 1003.0}, {"x": 1021.0, "y": 1038.0}, {"x": 920.0, "y": 1036.0}]}, "description": "111.00"}, {"boundingPoly": {"vertices": [{"x": 953.0, "y": 1041.0}, {"x": 1022.0, "y": 1044.0}, {"x": 1021.0, "y": 1078.0}, {"x": 952.0, "y": 1076.0}]}, "description": "9.16"}, {"boundingPoly": {"vertices": [{"x": 920.0, "y": 1084.0}, {"x": 1019.0, "y": 1085.0}, {"x": 1018.0, "y": 1122.0}, {"x": 920.0, "y": 1120.0}]}, "description": "120.16"}, {"boundingPoly": {"vertices": [{"x": 485.0, "y": 1211.0}, {"x": 648.0, "y": 1215.0}, {"x": 647.0, "y": 1235.0}, {"x": 485.0, "y": 1232.0}]}, "description": "=========="}, {"boundingPoly": {"vertices": [{"x": 928.0, "y": 1217.0}, {"x": 985.0, "y": 1217.0}, {"x": 985.0, "y": 1234.0}, {"x": 928.0, "y": 1235.0}]}, "description": "----"}, {"boundingPoly": {"vertices": [{"x": 687.0, "y": 1246.0}, {"x": 830.0, "y": 1249.0}, {"x": 829.0, "y": 1284.0}, {"x": 686.0, "y": 1280.0}]}, "description": "Payments"}, {"boundingPoly": {"vertices": [{"x": 466.0, "y": 1316.0}, {"x": 737.0, "y": 1323.0}, {"x": 736.0, "y": 1360.0}, {"x": 465.0, "y": 1353.0}]}, "description": "MGM Room Charge"}, {"boundingPoly": {"vertices": [{"x": 949.0, "y": 1327.0}, {"x": 1056.0, "y": 1331.0}, {"x": 1055.0, "y": 1366.0}, {"x": 949.0, "y": 1363.0}]}, "description": "120.16"}, {"boundingPoly": {"vertices": [{"x": 499.0, "y": 1357.0}, {"x": 1041.0, "y": 1368.0}, {"x": 1040.0, "y": 1408.0}, {"x": 499.0, "y": 1397.0}]}, "description": "merchant address"}, {"boundingPoly": {"vertices": [{"x": 450.0, "y": 1490.0}, {"x": 710.0, "y": 1496.0}, {"x": 709.0, "y": 1538.0}, {"x": 450.0, "y": 1532.0}]}, "description": "Total Payments"}, {"boundingPoly": {"vertices": [{"x": 950.0, "y": 1503.0}, {"x": 1064.0, "y": 1504.0}, {"x": 1065.0, "y": 1545.0}, {"x": 951.0, "y": 1542.0}]}, "description": "120.16"}, {"boundingPoly": {"vertices": [{"x": 435.0, "y": 1585.0}, {"x": 764.0, "y": 1591.0}, {"x": 763.0, "y": 1635.0}, {"x": 435.0, "y": 1627.0}]}, "description": "Remaining Balance"}, {"boundingPoly": {"vertices": [{"x": 982.0, "y": 1599.0}, {"x": 1066.0, "y": 1600.0}, {"x": 1066.0, "y": 1641.0}, {"x": 983.0, "y": 1641.0}]}, "description": "0.00"}, {"boundingPoly": {"vertices": [{"x": 431.0, "y": 1678.0}, {"x": 860.0, "y": 1689.0}, {"x": 859.0, "y": 1733.0}, {"x": 429.0, "y": 1723.0}]}, "description": "Check Fully Authorized"}, {"boundingPoly": {"vertices": [{"x": 430.0, "y": 1781.0}, {"x": 471.0, "y": 1780.0}, {"x": 471.0, "y": 1804.0}, {"x": 429.0, "y": 1804.0}]}, "description": "=="}, {"boundingPoly": {"vertices": [{"x": 431.0, "y": 1819.0}, {"x": 1104.0, "y": 1838.0}, {"x": 1102.0, "y": 1879.0}, {"x": 430.0, "y": 1860.0}]}, "description": "***** GRATUITY/TIP Not Included *****"}, {"boundingPoly": {"vertices": [{"x": 425.0, "y": 1920.0}, {"x": 750.0, "y": 1924.0}, {"x": 749.0, "y": 1964.0}, {"x": 425.0, "y": 1958.0}]}, "description": "your convenience."}, {"boundingPoly": {"vertices": [{"x": 978.0, "y": 1797.0}, {"x": 1062.0, "y": 1800.0}, {"x": 1061.0, "y": 1823.0}, {"x": 977.0, "y": 1819.0}]}, "description": "===="}, {"boundingPoly": {"vertices": [{"x": 432.0, "y": 1865.0}, {"x": 1177.0, "y": 1889.0}, {"x": 1176.0, "y": 1932.0}, {"x": 430.0, "y": 1910.0}]}, "description": "This tip/gratuity guide is provided for"}, {"boundingPoly": {"vertices": [{"x": 584.0, "y": 2014.0}, {"x": 750.0, "y": 2018.0}, {"x": 750.0, "y": 2058.0}, {"x": 584.0, "y": 2055.0}]}, "description": "18%-19.98"}, {"boundingPoly": {"vertices": [{"x": 584.0, "y": 2060.0}, {"x": 750.0, "y": 2063.0}, {"x": 749.0, "y": 2103.0}, {"x": 584.0, "y": 2098.0}]}, "description": "19%-21.09"}, {"boundingPoly": {"vertices": [{"x": 578.0, "y": 2104.0}, {"x": 749.0, "y": 2107.0}, {"x": 748.0, "y": 2145.0}, {"x": 578.0, "y": 2142.0}]}, "description": "20%-22.20"}]}