{"textAnnotations": [{"boundingPoly": {"vertices": [{"x": 393.0, "y": 186.0}, {"x": 563.0, "y": 182.0}, {"x": 564.0, "y": 224.0}, {"x": 393.0, "y": 227.0}]}, "description": "merchant name"}, {"boundingPoly": {"vertices": [{"x": 262.0, "y": 233.0}, {"x": 687.0, "y": 242.0}, {"x": 686.0, "y": 283.0}, {"x": 261.0, "y": 269.0}]}, "description": "merchant address"}, {"boundingPoly": {"vertices": [{"x": 367.0, "y": 315.0}, {"x": 577.0, "y": 320.0}, {"x": 576.0, "y": 357.0}, {"x": 367.0, "y": 352.0}]}, "description": "merchant phone"}, {"boundingPoly": {"vertices": [{"x": 289.0, "y": 270.0}, {"x": 652.0, "y": 282.0}, {"x": 650.0, "y": 318.0}, {"x": 289.0, "y": 304.0}]}, "description": "merchant address"}, {"boundingPoly": {"vertices": [{"x": 318.0, "y": 403.0}, {"x": 526.0, "y": 403.0}, {"x": 526.0, "y": 457.0}, {"x": 318.0, "y": 457.0}]}, "description": " ORDER:"}, {"boundingPoly": {"vertices": [{"x": 400.0, "y": 472.0}, {"x": 551.0, "y": 475.0}, {"x": 551.0, "y": 526.0}, {"x": 400.0, "y": 524.0}]}, "description": "To Go"}, {"boundingPoly": {"vertices": [{"x": 535.0, "y": 407.0}, {"x": 634.0, "y": 407.0}, {"x": 634.0, "y": 458.0}, {"x": 535.0, "y": 458.0}]}, "description": " anu"}, {"boundingPoly": {"vertices": [{"x": 89.0, "y": 542.0}, {"x": 230.0, "y": 542.0}, {"x": 230.0, "y": 580.0}, {"x": 89.0, "y": 580.0}]}, "description": " Cashier:"}, {"boundingPoly": {"vertices": [{"x": 90.0, "y": 585.0}, {"x": 461.0, "y": 585.0}, {"x": 461.0, "y": 623.0}, {"x": 90.0, "y": 623.0}]}, "description": " 31-Oct-2019 6:00:12P"}, {"boundingPoly": {"vertices": [{"x": 91.0, "y": 651.0}, {"x": 446.0, "y": 650.0}, {"x": 447.0, "y": 687.0}, {"x": 91.0, "y": 687.0}]}, "description": "Transaction 5139491"}, {"boundingPoly": {"vertices": [{"x": 238.0, "y": 543.0}, {"x": 339.0, "y": 543.0}, {"x": 339.0, "y": 578.0}, {"x": 238.0, "y": 578.0}]}, "description": " Victor"}, {"boundingPoly": {"vertices": [{"x": 91.0, "y": 742.0}, {"x": 112.0, "y": 743.0}, {"x": 111.0, "y": 769.0}, {"x": 91.0, "y": 767.0}]}, "description": "1"}, {"boundingPoly": {"vertices": [{"x": 153.0, "y": 739.0}, {"x": 329.0, "y": 739.0}, {"x": 329.0, "y": 772.0}, {"x": 153.0, "y": 772.0}]}, "description": "Diet Coke"}, {"boundingPoly": {"vertices": [{"x": 761.0, "y": 737.0}, {"x": 845.0, "y": 729.0}, {"x": 847.0, "y": 764.0}, {"x": 763.0, "y": 771.0}]}, "description": "$2.75"}, {"boundingPoly": {"vertices": [{"x": 90.0, "y": 827.0}, {"x": 244.0, "y": 826.0}, {"x": 244.0, "y": 860.0}, {"x": 90.0, "y": 862.0}]}, "description": "Subtotal"}, {"boundingPoly": {"vertices": [{"x": 92.0, "y": 873.0}, {"x": 161.0, "y": 874.0}, {"x": 160.0, "y": 905.0}, {"x": 93.0, "y": 904.0}]}, "description": "Tax"}, {"boundingPoly": {"vertices": [{"x": 756.0, "y": 820.0}, {"x": 845.0, "y": 811.0}, {"x": 849.0, "y": 843.0}, {"x": 760.0, "y": 853.0}]}, "description": "$2.75"}, {"boundingPoly": {"vertices": [{"x": 758.0, "y": 862.0}, {"x": 851.0, "y": 850.0}, {"x": 855.0, "y": 882.0}, {"x": 761.0, "y": 893.0}]}, "description": "$0.24"}, {"boundingPoly": {"vertices": [{"x": 85.0, "y": 950.0}, {"x": 179.0, "y": 951.0}, {"x": 179.0, "y": 981.0}, {"x": 85.0, "y": 980.0}]}, "description": "Total"}, {"boundingPoly": {"vertices": [{"x": 67.0, "y": 1002.0}, {"x": 422.0, "y": 1002.0}, {"x": 422.0, "y": 1040.0}, {"x": 67.0, "y": 1041.0}]}, "description": "CREDIT CARD SALE"}, {"boundingPoly": {"vertices": [{"x": 52.0, "y": 1047.0}, {"x": 283.0, "y": 1044.0}, {"x": 283.0, "y": 1079.0}, {"x": 52.0, "y": 1082.0}]}, "description": "AMEX 1000"}, {"boundingPoly": {"vertices": [{"x": 39.0, "y": 1109.0}, {"x": 458.0, "y": 1109.0}, {"x": 458.0, "y": 1160.0}, {"x": 39.0, "y": 1160.0}]}, "description": " 31-Oct-2019 6:00:32P"}, {"boundingPoly": {"vertices": [{"x": 340.0, "y": 1159.0}, {"x": 433.0, "y": 1159.0}, {"x": 433.0, "y": 1201.0}, {"x": 340.0, "y": 1201.0}]}, "description": " EMV"}, {"boundingPoly": {"vertices": [{"x": 767.0, "y": 936.0}, {"x": 863.0, "y": 930.0}, {"x": 865.0, "y": 960.0}, {"x": 769.0, "y": 967.0}]}, "description": "$2.99"}, {"boundingPoly": {"vertices": [{"x": 773.0, "y": 989.0}, {"x": 873.0, "y": 985.0}, {"x": 875.0, "y": 1016.0}, {"x": 776.0, "y": 1022.0}]}, "description": "$2.99"}, {"boundingPoly": {"vertices": [{"x": 28.0, "y": 1155.0}, {"x": 333.0, "y": 1155.0}, {"x": 333.0, "y": 1199.0}, {"x": 28.0, "y": 1199.0}]}, "description": " $2.99 | Method:"}, {"boundingPoly": {"vertices": [{"x": 16.0, "y": 1202.0}, {"x": 855.0, "y": 1190.0}, {"x": 855.0, "y": 1245.0}, {"x": 16.0, "y": 1253.0}]}, "description": "AMERICAN EXPRESS XXXXXXXXXXXX1000"}, {"boundingPoly": {"vertices": [{"x": 137.0, "y": 1306.0}, {"x": 621.0, "y": 1306.0}, {"x": 621.0, "y": 1360.0}, {"x": 137.0, "y": 1360.0}]}, "description": " 930400849820 | Auth #:"}, {"boundingPoly": {"vertices": [{"x": 97.0, "y": 1370.0}, {"x": 372.0, "y": 1370.0}, {"x": 372.0, "y": 1420.0}, {"x": 97.0, "y": 1420.0}]}, "description": " ******** 1880"}, {"boundingPoly": {"vertices": [{"x": 77.0, "y": 1427.0}, {"x": 516.0, "y": 1427.0}, {"x": 516.0, "y": 1477.0}, {"x": 77.0, "y": 1477.0}]}, "description": " A000000025010801"}, {"boundingPoly": {"vertices": [{"x": 259.0, "y": 1488.0}, {"x": 395.0, "y": 1488.0}, {"x": 395.0, "y": 1536.0}, {"x": 259.0, "y": 1536.0}]}, "description": " AMEX"}, {"boundingPoly": {"vertices": [{"x": 3.0, "y": 1312.0}, {"x": 130.0, "y": 1312.0}, {"x": 130.0, "y": 1357.0}, {"x": 3.0, "y": 1357.0}]}, "description": " Ref #:"}, {"boundingPoly": {"vertices": [{"x": 5.0, "y": 1370.0}, {"x": 88.0, "y": 1370.0}, {"x": 88.0, "y": 1420.0}, {"x": 5.0, "y": 1420.0}]}, "description": " MID:"}, {"boundingPoly": {"vertices": [{"x": 627.0, "y": 1299.0}, {"x": 777.0, "y": 1299.0}, {"x": 777.0, "y": 1353.0}, {"x": 627.0, "y": 1353.0}]}, "description": " 831517"}, {"boundingPoly": {"vertices": [{"x": 7.0, "y": 1429.0}, {"x": 69.0, "y": 1429.0}, {"x": 69.0, "y": 1477.0}, {"x": 7.0, "y": 1477.0}]}, "description": " ID:"}, {"boundingPoly": {"vertices": [{"x": 8.0, "y": 1490.0}, {"x": 249.0, "y": 1490.0}, {"x": 249.0, "y": 1540.0}, {"x": 8.0, "y": 1540.0}]}, "description": " thNtwkNm:"}]}