{"textAnnotations": [{"boundingPoly": {"vertices": [{"x": 1217.0, "y": 260.0}, {"x": 1454.0, "y": 259.0}, {"x": 1454.0, "y": 291.0}, {"x": 1217.0, "y": 292.0}]}, "description": "TENGATORO"}, {"boundingPoly": {"vertices": [{"x": 750.0, "y": 485.0}, {"x": 1046.0, "y": 485.0}, {"x": 1046.0, "y": 542.0}, {"x": 750.0, "y": 542.0}]}, "description": "merchant name"}, {"boundingPoly": {"vertices": [{"x": 1055.0, "y": 485.0}, {"x": 1225.0, "y": 485.0}, {"x": 1225.0, "y": 538.0}, {"x": 1055.0, "y": 538.0}]}, "description": "merchant name"}, {"boundingPoly": {"vertices": [{"x": 534.0, "y": 597.0}, {"x": 726.0, "y": 600.0}, {"x": 725.0, "y": 653.0}, {"x": 534.0, "y": 649.0}]}, "description": "BILL NO"}, {"boundingPoly": {"vertices": [{"x": 851.0, "y": 599.0}, {"x": 1205.0, "y": 593.0}, {"x": 1206.0, "y": 645.0}, {"x": 851.0, "y": 651.0}]}, "description": "DATE AND TIME"}, {"boundingPoly": {"vertices": [{"x": 1304.0, "y": 591.0}, {"x": 1393.0, "y": 592.0}, {"x": 1391.0, "y": 643.0}, {"x": 1303.0, "y": 642.0}]}, "description": "PAX"}, {"boundingPoly": {"vertices": [{"x": 531.0, "y": 645.0}, {"x": 1361.0, "y": 645.0}, {"x": 1361.0, "y": 710.0}, {"x": 531.0, "y": 710.0}]}, "description": " 0900261463 20/11/2019 3:15 PM 1"}, {"boundingPoly": {"vertices": [{"x": 541.0, "y": 715.0}, {"x": 761.0, "y": 715.0}, {"x": 761.0, "y": 767.0}, {"x": 541.0, "y": 767.0}]}, "description": " TABLE NO"}, {"boundingPoly": {"vertices": [{"x": 738.0, "y": 768.0}, {"x": 864.0, "y": 768.0}, {"x": 864.0, "y": 824.0}, {"x": 738.0, "y": 824.0}]}, "description": " :KMT"}, {"boundingPoly": {"vertices": [{"x": 845.0, "y": 824.0}, {"x": 1020.0, "y": 824.0}, {"x": 1020.0, "y": 878.0}, {"x": 845.0, "y": 878.0}]}, "description": " : wuimi"}, {"boundingPoly": {"vertices": [{"x": 766.0, "y": 878.0}, {"x": 1044.0, "y": 878.0}, {"x": 1044.0, "y": 938.0}, {"x": 766.0, "y": 938.0}]}, "description": " :K00215056"}, {"boundingPoly": {"vertices": [{"x": 806.0, "y": 960.0}, {"x": 932.0, "y": 957.0}, {"x": 932.0, "y": 979.0}, {"x": 806.0, "y": 982.0}]}, "description": "--------"}, {"boundingPoly": {"vertices": [{"x": 771.0, "y": 715.0}, {"x": 850.0, "y": 715.0}, {"x": 850.0, "y": 767.0}, {"x": 771.0, "y": 767.0}]}, "description": " :01"}, {"boundingPoly": {"vertices": [{"x": 528.0, "y": 770.0}, {"x": 728.0, "y": 770.0}, {"x": 728.0, "y": 827.0}, {"x": 528.0, "y": 827.0}]}, "description": " CASHIER"}, {"boundingPoly": {"vertices": [{"x": 713.0, "y": 827.0}, {"x": 836.0, "y": 827.0}, {"x": 836.0, "y": 881.0}, {"x": 713.0, "y": 881.0}]}, "description": " :WMI"}, {"boundingPoly": {"vertices": [{"x": 528.0, "y": 886.0}, {"x": 756.0, "y": 886.0}, {"x": 756.0, "y": 942.0}, {"x": 528.0, "y": 942.0}]}, "description": " ORDER NO"}, {"boundingPoly": {"vertices": [{"x": 875.0, "y": 762.0}, {"x": 1291.0, "y": 762.0}, {"x": 1291.0, "y": 822.0}, {"x": 875.0, "y": 822.0}]}, "description": " : Krishna Murthy"}, {"boundingPoly": {"vertices": [{"x": 529.0, "y": 829.0}, {"x": 704.0, "y": 829.0}, {"x": 704.0, "y": 884.0}, {"x": 529.0, "y": 884.0}]}, "description": " WAITER"}, {"boundingPoly": {"vertices": [{"x": 524.0, "y": 1004.0}, {"x": 884.0, "y": 1004.0}, {"x": 884.0, "y": 1057.0}, {"x": 524.0, "y": 1058.0}]}, "description": "Qty Menu Item"}, {"boundingPoly": {"vertices": [{"x": 1293.0, "y": 1001.0}, {"x": 1468.0, "y": 1001.0}, {"x": 1468.0, "y": 1051.0}, {"x": 1293.0, "y": 1051.0}]}, "description": "Amount"}, {"boundingPoly": {"vertices": [{"x": 526.0, "y": 1123.0}, {"x": 890.0, "y": 1123.0}, {"x": 890.0, "y": 1181.0}, {"x": 526.0, "y": 1181.0}]}, "description": " SAC/HSN Code:"}, {"boundingPoly": {"vertices": [{"x": 628.0, "y": 1183.0}, {"x": 1188.0, "y": 1183.0}, {"x": 1188.0, "y": 1242.0}, {"x": 628.0, "y": 1242.0}]}, "description": " TENDER COCONUT WATER"}, {"boundingPoly": {"vertices": [{"x": 628.0, "y": 1247.0}, {"x": 1189.0, "y": 1247.0}, {"x": 1189.0, "y": 1305.0}, {"x": 628.0, "y": 1305.0}]}, "description": " TAJ CAPE TOWN CHICKE"}, {"boundingPoly": {"vertices": [{"x": 902.0, "y": 1121.0}, {"x": 1078.0, "y": 1121.0}, {"x": 1078.0, "y": 1180.0}, {"x": 902.0, "y": 1180.0}]}, "description": " 996332"}, {"boundingPoly": {"vertices": [{"x": 573.0, "y": 1186.0}, {"x": 617.0, "y": 1186.0}, {"x": 617.0, "y": 1242.0}, {"x": 573.0, "y": 1242.0}]}, "description": " 1"}, {"boundingPoly": {"vertices": [{"x": 578.0, "y": 1247.0}, {"x": 617.0, "y": 1247.0}, {"x": 617.0, "y": 1305.0}, {"x": 578.0, "y": 1305.0}]}, "description": " 1"}, {"boundingPoly": {"vertices": [{"x": 516.0, "y": 1322.0}, {"x": 592.0, "y": 1321.0}, {"x": 593.0, "y": 1341.0}, {"x": 516.0, "y": 1343.0}]}, "description": "---"}, {"boundingPoly": {"vertices": [{"x": 1297.0, "y": 1183.0}, {"x": 1467.0, "y": 1184.0}, {"x": 1466.0, "y": 1238.0}, {"x": 1297.0, "y": 1241.0}]}, "description": "325.00"}, {"boundingPoly": {"vertices": [{"x": 1268.0, "y": 1247.0}, {"x": 1468.0, "y": 1247.0}, {"x": 1468.0, "y": 1303.0}, {"x": 1268.0, "y": 1303.0}]}, "description": "1050.00"}, {"boundingPoly": {"vertices": [{"x": 566.0, "y": 1365.0}, {"x": 708.0, "y": 1368.0}, {"x": 706.0, "y": 1420.0}, {"x": 566.0, "y": 1418.0}]}, "description": "Total"}, {"boundingPoly": {"vertices": [{"x": 508.0, "y": 1424.0}, {"x": 893.0, "y": 1424.0}, {"x": 893.0, "y": 1483.0}, {"x": 508.0, "y": 1483.0}]}, "description": " SAC/HSN Code:"}, {"boundingPoly": {"vertices": [{"x": 556.0, "y": 1490.0}, {"x": 749.0, "y": 1490.0}, {"x": 749.0, "y": 1548.0}, {"x": 556.0, "y": 1548.0}]}, "description": "CGST9%"}, {"boundingPoly": {"vertices": [{"x": 557.0, "y": 1555.0}, {"x": 742.0, "y": 1557.0}, {"x": 741.0, "y": 1614.0}, {"x": 557.0, "y": 1611.0}]}, "description": "SGST9%"}, {"boundingPoly": {"vertices": [{"x": 1280.0, "y": 1366.0}, {"x": 1481.0, "y": 1365.0}, {"x": 1482.0, "y": 1419.0}, {"x": 1280.0, "y": 1421.0}]}, "description": "1375.00"}, {"boundingPoly": {"vertices": [{"x": 904.0, "y": 1421.0}, {"x": 1093.0, "y": 1421.0}, {"x": 1093.0, "y": 1482.0}, {"x": 904.0, "y": 1482.0}]}, "description": " 996332"}, {"boundingPoly": {"vertices": [{"x": 1324.0, "y": 1486.0}, {"x": 1511.0, "y": 1487.0}, {"x": 1510.0, "y": 1549.0}, {"x": 1324.0, "y": 1547.0}]}, "description": "123.75"}, {"boundingPoly": {"vertices": [{"x": 1333.0, "y": 1552.0}, {"x": 1517.0, "y": 1552.0}, {"x": 1516.0, "y": 1615.0}, {"x": 1333.0, "y": 1614.0}]}, "description": "123.75"}, {"boundingPoly": {"vertices": [{"x": 546.0, "y": 1690.0}, {"x": 880.0, "y": 1693.0}, {"x": 879.0, "y": 1756.0}, {"x": 545.0, "y": 1752.0}]}, "description": "Grand Total"}, {"boundingPoly": {"vertices": [{"x": 1304.0, "y": 1694.0}, {"x": 1531.0, "y": 1694.0}, {"x": 1531.0, "y": 1756.0}, {"x": 1304.0, "y": 1757.0}]}, "description": "1623.00"}, {"boundingPoly": {"vertices": [{"x": 485.0, "y": 1827.0}, {"x": 1354.0, "y": 1840.0}, {"x": 1353.0, "y": 1906.0}, {"x": 484.0, "y": 1892.0}]}, "description": "Earn back 25% of your future"}, {"boundingPoly": {"vertices": [{"x": 487.0, "y": 1899.0}, {"x": 1485.0, "y": 1915.0}, {"x": 1484.0, "y": 1978.0}, {"x": 486.0, "y": 1966.0}]}, "description": "dining / spa bills as TIC Points"}, {"boundingPoly": {"vertices": [{"x": 485.0, "y": 1970.0}, {"x": 1454.0, "y": 1985.0}, {"x": 1452.0, "y": 2051.0}, {"x": 484.0, "y": 2037.0}]}, "description": "To know more, dial 080-66697001"}, {"boundingPoly": {"vertices": [{"x": 488.0, "y": 2043.0}, {"x": 954.0, "y": 2054.0}, {"x": 952.0, "y": 2117.0}, {"x": 488.0, "y": 2102.0}]}, "description": "for a call back"}]}