{"textAnnotations": [{"boundingPoly": {"vertices": [{"x": 164.0, "y": 127.0}, {"x": 311.0, "y": 129.0}, {"x": 310.0, "y": 157.0}, {"x": 164.0, "y": 155.0}]}, "description": "merchant name"}, {"boundingPoly": {"vertices": [{"x": 124.0, "y": 165.0}, {"x": 367.0, "y": 165.0}, {"x": 367.0, "y": 191.0}, {"x": 124.0, "y": 190.0}]}, "description": "merchant address"}, {"boundingPoly": {"vertices": [{"x": 159.0, "y": 200.0}, {"x": 324.0, "y": 199.0}, {"x": 324.0, "y": 224.0}, {"x": 159.0, "y": 225.0}]}, "description": "merchant address"}, {"boundingPoly": {"vertices": [{"x": 105.0, "y": 231.0}, {"x": 380.0, "y": 231.0}, {"x": 380.0, "y": 259.0}, {"x": 105.0, "y": 259.0}]}, "description": "merchant address"}, {"boundingPoly": {"vertices": [{"x": 204.0, "y": 299.0}, {"x": 295.0, "y": 299.0}, {"x": 295.0, "y": 321.0}, {"x": 204.0, "y": 321.0}]}, "description": "SW1W OSS"}, {"boundingPoly": {"vertices": [{"x": 399.0, "y": 395.0}, {"x": 444.0, "y": 395.0}, {"x": 444.0, "y": 418.0}, {"x": 399.0, "y": 418.0}]}, "description": " WS#:"}, {"boundingPoly": {"vertices": [{"x": 448.0, "y": 395.0}, {"x": 465.0, "y": 395.0}, {"x": 465.0, "y": 418.0}, {"x": 448.0, "y": 418.0}]}, "description": " 3"}, {"boundingPoly": {"vertices": [{"x": 198.0, "y": 458.0}, {"x": 306.0, "y": 458.0}, {"x": 306.0, "y": 480.0}, {"x": 198.0, "y": 481.0}]}, "description": "CHK 100393"}, {"boundingPoly": {"vertices": [{"x": 157.0, "y": 489.0}, {"x": 339.0, "y": 489.0}, {"x": 339.0, "y": 513.0}, {"x": 157.0, "y": 513.0}]}, "description": " 11 Nov' 19 7:27 AM"}, {"boundingPoly": {"vertices": [{"x": 401.0, "y": 528.0}, {"x": 463.0, "y": 528.0}, {"x": 463.0, "y": 536.0}, {"x": 401.0, "y": 536.0}]}, "description": "-------"}, {"boundingPoly": {"vertices": [{"x": 52.0, "y": 552.0}, {"x": 67.0, "y": 552.0}, {"x": 67.0, "y": 575.0}, {"x": 52.0, "y": 575.0}]}, "description": " 1"}, {"boundingPoly": {"vertices": [{"x": 53.0, "y": 582.0}, {"x": 67.0, "y": 582.0}, {"x": 67.0, "y": 606.0}, {"x": 53.0, "y": 606.0}]}, "description": " 1"}, {"boundingPoly": {"vertices": [{"x": 72.0, "y": 552.0}, {"x": 285.0, "y": 552.0}, {"x": 285.0, "y": 575.0}, {"x": 72.0, "y": 575.0}]}, "description": " TA Water 750ml Still"}, {"boundingPoly": {"vertices": [{"x": 72.0, "y": 582.0}, {"x": 233.0, "y": 582.0}, {"x": 233.0, "y": 606.0}, {"x": 72.0, "y": 606.0}]}, "description": " TA Black Filter"}, {"boundingPoly": {"vertices": [{"x": 75.0, "y": 612.0}, {"x": 119.0, "y": 611.0}, {"x": 119.0, "y": 639.0}, {"x": 75.0, "y": 639.0}]}, "description": "AmEx"}, {"boundingPoly": {"vertices": [{"x": 76.0, "y": 646.0}, {"x": 237.0, "y": 645.0}, {"x": 238.0, "y": 667.0}, {"x": 76.0, "y": 667.0}]}, "description": "XXXXXXXXXXX1002"}, {"boundingPoly": {"vertices": [{"x": 358.0, "y": 552.0}, {"x": 401.0, "y": 552.0}, {"x": 401.0, "y": 573.0}, {"x": 359.0, "y": 574.0}]}, "description": "1.50"}, {"boundingPoly": {"vertices": [{"x": 357.0, "y": 582.0}, {"x": 401.0, "y": 582.0}, {"x": 401.0, "y": 604.0}, {"x": 357.0, "y": 604.0}]}, "description": "0.99"}, {"boundingPoly": {"vertices": [{"x": 348.0, "y": 614.0}, {"x": 403.0, "y": 613.0}, {"x": 403.0, "y": 635.0}, {"x": 348.0, "y": 635.0}]}, "description": "$2.49"}, {"boundingPoly": {"vertices": [{"x": 109.0, "y": 706.0}, {"x": 238.0, "y": 704.0}, {"x": 238.0, "y": 726.0}, {"x": 109.0, "y": 728.0}]}, "description": "0.42 VAT 20%"}, {"boundingPoly": {"vertices": [{"x": 78.0, "y": 736.0}, {"x": 183.0, "y": 736.0}, {"x": 183.0, "y": 759.0}, {"x": 78.0, "y": 759.0}]}, "description": " Net Total:"}, {"boundingPoly": {"vertices": [{"x": 80.0, "y": 765.0}, {"x": 199.0, "y": 765.0}, {"x": 199.0, "y": 786.0}, {"x": 80.0, "y": 786.0}]}, "description": "Cold Drinks"}, {"boundingPoly": {"vertices": [{"x": 82.0, "y": 795.0}, {"x": 188.0, "y": 794.0}, {"x": 188.0, "y": 815.0}, {"x": 82.0, "y": 815.0}]}, "description": "Hot Drinks"}, {"boundingPoly": {"vertices": [{"x": 80.0, "y": 823.0}, {"x": 154.0, "y": 823.0}, {"x": 154.0, "y": 844.0}, {"x": 80.0, "y": 843.0}]}, "description": "Payment"}, {"boundingPoly": {"vertices": [{"x": 45.0, "y": 851.0}, {"x": 257.0, "y": 851.0}, {"x": 257.0, "y": 873.0}, {"x": 45.0, "y": 872.0}]}, "description": "Change Due"}, {"boundingPoly": {"vertices": [{"x": 360.0, "y": 706.0}, {"x": 403.0, "y": 706.0}, {"x": 403.0, "y": 727.0}, {"x": 360.0, "y": 726.0}]}, "description": "2.49"}, {"boundingPoly": {"vertices": [{"x": 349.0, "y": 736.0}, {"x": 402.0, "y": 736.0}, {"x": 400.0, "y": 756.0}, {"x": 349.0, "y": 756.0}]}, "description": "\u00a32.07"}, {"boundingPoly": {"vertices": [{"x": 349.0, "y": 765.0}, {"x": 401.0, "y": 765.0}, {"x": 400.0, "y": 784.0}, {"x": 349.0, "y": 785.0}]}, "description": "$1.50"}, {"boundingPoly": {"vertices": [{"x": 350.0, "y": 794.0}, {"x": 401.0, "y": 794.0}, {"x": 401.0, "y": 814.0}, {"x": 350.0, "y": 813.0}]}, "description": "$0.99"}, {"boundingPoly": {"vertices": [{"x": 350.0, "y": 822.0}, {"x": 403.0, "y": 823.0}, {"x": 403.0, "y": 843.0}, {"x": 350.0, "y": 842.0}]}, "description": "22.49"}, {"boundingPoly": {"vertices": [{"x": 360.0, "y": 850.0}, {"x": 463.0, "y": 850.0}, {"x": 463.0, "y": 873.0}, {"x": 360.0, "y": 872.0}]}, "description": "$0.00"}, {"boundingPoly": {"vertices": [{"x": 186.0, "y": 910.0}, {"x": 321.0, "y": 910.0}, {"x": 321.0, "y": 933.0}, {"x": 186.0, "y": 931.0}]}, "description": "Check Closed"}, {"boundingPoly": {"vertices": [{"x": 154.0, "y": 941.0}, {"x": 342.0, "y": 941.0}, {"x": 342.0, "y": 964.0}, {"x": 154.0, "y": 964.0}]}, "description": " 11 Nov'19 7:27 AM"}, {"boundingPoly": {"vertices": [{"x": 324.0, "y": 915.0}, {"x": 352.0, "y": 916.0}, {"x": 352.0, "y": 929.0}, {"x": 325.0, "y": 928.0}]}, "description": "--"}, {"boundingPoly": {"vertices": [{"x": 182.0, "y": 1010.0}, {"x": 319.0, "y": 1009.0}, {"x": 320.0, "y": 1030.0}, {"x": 182.0, "y": 1032.0}]}, "description": "www.pret. com"}, {"boundingPoly": {"vertices": [{"x": 183.0, "y": 1039.0}, {"x": 316.0, "y": 1039.0}, {"x": 316.0, "y": 1063.0}, {"x": 183.0, "y": 1063.0}]}, "description": "TALK TO PRET"}, {"boundingPoly": {"vertices": [{"x": 20.0, "y": 1073.0}, {"x": 460.0, "y": 1074.0}, {"x": 460.0, "y": 1100.0}, {"x": 20.0, "y": 1098.0}]}, "description": "We love to hear your feedback (the good"}, {"boundingPoly": {"vertices": [{"x": 122.0, "y": 1107.0}, {"x": 368.0, "y": 1107.0}, {"x": 368.0, "y": 1134.0}, {"x": 122.0, "y": 1132.0}]}, "description": "the bad and the ugly)."}, {"boundingPoly": {"vertices": [{"x": 95.0, "y": 1141.0}, {"x": 396.0, "y": 1141.0}, {"x": 396.0, "y": 1167.0}, {"x": 95.0, "y": 1166.0}]}, "description": "merchant name"}, {"boundingPoly": {"vertices": [{"x": 141.0, "y": 1173.0}, {"x": 338.0, "y": 1173.0}, {"x": 338.0, "y": 1201.0}, {"x": 141.0, "y": 1201.0}]}, "description": "VAT No. 927137420"}]}