{"textAnnotations": [{"boundingPoly": {"vertices": [{"x": 3.0, "y": 22.0}, {"x": 406.0, "y": 19.0}, {"x": 406.0, "y": 58.0}, {"x": 3.0, "y": 61.0}]}, "description": "TUE - FOOD- TRAVEL"}, {"boundingPoly": {"vertices": [{"x": 114.0, "y": 75.0}, {"x": 314.0, "y": 75.0}, {"x": 315.0, "y": 109.0}, {"x": 114.0, "y": 110.0}]}, "description": "merchant name"}, {"boundingPoly": {"vertices": [{"x": 285.0, "y": 119.0}, {"x": 349.0, "y": 119.0}, {"x": 349.0, "y": 137.0}, {"x": 285.0, "y": 137.0}]}, "description": "merchant address"}, {"boundingPoly": {"vertices": [{"x": 86.0, "y": 144.0}, {"x": 324.0, "y": 143.0}, {"x": 324.0, "y": 159.0}, {"x": 86.0, "y": 159.0}]}, "description": "merchant address"}, {"boundingPoly": {"vertices": [{"x": 115.0, "y": 166.0}, {"x": 232.0, "y": 166.0}, {"x": 232.0, "y": 182.0}, {"x": 115.0, "y": 182.0}]}, "description": "merchant address"}, {"boundingPoly": {"vertices": [{"x": 79.0, "y": 188.0}, {"x": 128.0, "y": 188.0}, {"x": 128.0, "y": 204.0}, {"x": 79.0, "y": 204.0}]}, "description": " 02068"}, {"boundingPoly": {"vertices": [{"x": 19.0, "y": 210.0}, {"x": 229.0, "y": 209.0}, {"x": 229.0, "y": 226.0}, {"x": 19.0, "y": 227.0}]}, "description": "SABRA HUMMUS GARLIC 16 0"}, {"boundingPoly": {"vertices": [{"x": 158.0, "y": 230.0}, {"x": 170.0, "y": 230.0}, {"x": 170.0, "y": 247.0}, {"x": 158.0, "y": 247.0}]}, "description": " 1"}, {"boundingPoly": {"vertices": [{"x": 52.0, "y": 120.0}, {"x": 283.0, "y": 120.0}, {"x": 283.0, "y": 138.0}, {"x": 52.0, "y": 138.0}]}, "description": "merchant address"}, {"boundingPoly": {"vertices": [{"x": 236.0, "y": 166.0}, {"x": 304.0, "y": 166.0}, {"x": 304.0, "y": 183.0}, {"x": 236.0, "y": 183.0}]}, "description": " IN 46241"}, {"boundingPoly": {"vertices": [{"x": 182.0, "y": 188.0}, {"x": 292.0, "y": 188.0}, {"x": 292.0, "y": 205.0}, {"x": 182.0, "y": 205.0}]}, "description": " 002 CASHIER:"}, {"boundingPoly": {"vertices": [{"x": 19.0, "y": 189.0}, {"x": 76.0, "y": 189.0}, {"x": 76.0, "y": 205.0}, {"x": 19.0, "y": 205.0}]}, "description": " STORE:"}, {"boundingPoly": {"vertices": [{"x": 138.0, "y": 188.0}, {"x": 179.0, "y": 188.0}, {"x": 179.0, "y": 204.0}, {"x": 138.0, "y": 204.0}]}, "description": " REG:"}, {"boundingPoly": {"vertices": [{"x": 295.0, "y": 190.0}, {"x": 342.0, "y": 190.0}, {"x": 342.0, "y": 205.0}, {"x": 295.0, "y": 205.0}]}, "description": " Anita"}, {"boundingPoly": {"vertices": [{"x": 20.0, "y": 233.0}, {"x": 125.0, "y": 231.0}, {"x": 125.0, "y": 247.0}, {"x": 20.0, "y": 249.0}]}, "description": "040822011990"}, {"boundingPoly": {"vertices": [{"x": 18.0, "y": 255.0}, {"x": 89.0, "y": 255.0}, {"x": 89.0, "y": 270.0}, {"x": 18.0, "y": 270.0}]}, "description": "SUBTOTAL"}, {"boundingPoly": {"vertices": [{"x": 19.0, "y": 277.0}, {"x": 62.0, "y": 277.0}, {"x": 62.0, "y": 304.0}, {"x": 19.0, "y": 304.0}]}, "description": "TOTAL"}, {"boundingPoly": {"vertices": [{"x": 18.0, "y": 312.0}, {"x": 151.0, "y": 311.0}, {"x": 151.0, "y": 327.0}, {"x": 18.0, "y": 328.0}]}, "description": "AMOUNT TENDERED"}, {"boundingPoly": {"vertices": [{"x": 17.0, "y": 337.0}, {"x": 54.0, "y": 337.0}, {"x": 54.0, "y": 362.0}, {"x": 17.0, "y": 363.0}]}, "description": "Amex"}, {"boundingPoly": {"vertices": [{"x": 34.0, "y": 370.0}, {"x": 69.0, "y": 370.0}, {"x": 69.0, "y": 385.0}, {"x": 34.0, "y": 385.0}]}, "description": "SALE"}, {"boundingPoly": {"vertices": [{"x": 35.0, "y": 393.0}, {"x": 82.0, "y": 393.0}, {"x": 82.0, "y": 409.0}, {"x": 35.0, "y": 409.0}]}, "description": " ACCT:"}, {"boundingPoly": {"vertices": [{"x": 35.0, "y": 416.0}, {"x": 73.0, "y": 416.0}, {"x": 73.0, "y": 432.0}, {"x": 35.0, "y": 432.0}]}, "description": " EXP:"}, {"boundingPoly": {"vertices": [{"x": 35.0, "y": 438.0}, {"x": 117.0, "y": 438.0}, {"x": 117.0, "y": 455.0}, {"x": 35.0, "y": 455.0}]}, "description": " APPROVAL:"}, {"boundingPoly": {"vertices": [{"x": 84.0, "y": 458.0}, {"x": 230.0, "y": 458.0}, {"x": 230.0, "y": 477.0}, {"x": 84.0, "y": 477.0}]}, "description": " AMERICAN EXPRESS"}, {"boundingPoly": {"vertices": [{"x": 157.0, "y": 480.0}, {"x": 212.0, "y": 480.0}, {"x": 212.0, "y": 498.0}, {"x": 157.0, "y": 498.0}]}, "description": " INSERT"}, {"boundingPoly": {"vertices": [{"x": 75.0, "y": 501.0}, {"x": 218.0, "y": 501.0}, {"x": 218.0, "y": 523.0}, {"x": 75.0, "y": 523.0}]}, "description": " a000000025010801"}, {"boundingPoly": {"vertices": [{"x": 65.0, "y": 524.0}, {"x": 212.0, "y": 524.0}, {"x": 212.0, "y": 547.0}, {"x": 65.0, "y": 547.0}]}, "description": " d2819ec8b8bbbfcc"}, {"boundingPoly": {"vertices": [{"x": 75.0, "y": 547.0}, {"x": 169.0, "y": 547.0}, {"x": 169.0, "y": 569.0}, {"x": 75.0, "y": 569.0}]}, "description": " 0000008000"}, {"boundingPoly": {"vertices": [{"x": 75.0, "y": 573.0}, {"x": 115.0, "y": 573.0}, {"x": 115.0, "y": 592.0}, {"x": 75.0, "y": 592.0}]}, "description": " f800"}, {"boundingPoly": {"vertices": [{"x": 75.0, "y": 591.0}, {"x": 255.0, "y": 591.0}, {"x": 255.0, "y": 614.0}, {"x": 75.0, "y": 614.0}]}, "description": " 82dbd5bd077eed463030"}, {"boundingPoly": {"vertices": [{"x": 173.0, "y": 231.0}, {"x": 228.0, "y": 231.0}, {"x": 228.0, "y": 247.0}, {"x": 173.0, "y": 247.0}]}, "description": " @ 4.99"}, {"boundingPoly": {"vertices": [{"x": 313.0, "y": 233.0}, {"x": 366.0, "y": 233.0}, {"x": 366.0, "y": 248.0}, {"x": 313.0, "y": 248.0}]}, "description": "4.99 N"}, {"boundingPoly": {"vertices": [{"x": 349.0, "y": 256.0}, {"x": 383.0, "y": 255.0}, {"x": 384.0, "y": 269.0}, {"x": 349.0, "y": 270.0}]}, "description": "4.99"}, {"boundingPoly": {"vertices": [{"x": 341.0, "y": 280.0}, {"x": 385.0, "y": 280.0}, {"x": 386.0, "y": 305.0}, {"x": 341.0, "y": 306.0}]}, "description": "$4.99"}, {"boundingPoly": {"vertices": [{"x": 342.0, "y": 335.0}, {"x": 386.0, "y": 336.0}, {"x": 386.0, "y": 362.0}, {"x": 342.0, "y": 361.0}]}, "description": "$4.99"}, {"boundingPoly": {"vertices": [{"x": 85.0, "y": 392.0}, {"x": 221.0, "y": 392.0}, {"x": 221.0, "y": 407.0}, {"x": 85.0, "y": 407.0}]}, "description": " *********** 1004"}, {"boundingPoly": {"vertices": [{"x": 76.0, "y": 417.0}, {"x": 113.0, "y": 417.0}, {"x": 113.0, "y": 430.0}, {"x": 76.0, "y": 430.0}]}, "description": " ****"}, {"boundingPoly": {"vertices": [{"x": 120.0, "y": 437.0}, {"x": 177.0, "y": 437.0}, {"x": 177.0, "y": 453.0}, {"x": 120.0, "y": 453.0}]}, "description": " 800920"}, {"boundingPoly": {"vertices": [{"x": 35.0, "y": 461.0}, {"x": 81.0, "y": 461.0}, {"x": 81.0, "y": 478.0}, {"x": 35.0, "y": 478.0}]}, "description": " APPL:"}, {"boundingPoly": {"vertices": [{"x": 35.0, "y": 482.0}, {"x": 154.0, "y": 482.0}, {"x": 154.0, "y": 501.0}, {"x": 35.0, "y": 501.0}]}, "description": " ENTRY METHOD:"}, {"boundingPoly": {"vertices": [{"x": 33.0, "y": 507.0}, {"x": 72.0, "y": 507.0}, {"x": 72.0, "y": 525.0}, {"x": 33.0, "y": 525.0}]}, "description": " AID:"}, {"boundingPoly": {"vertices": [{"x": 35.0, "y": 531.0}, {"x": 62.0, "y": 531.0}, {"x": 62.0, "y": 548.0}, {"x": 35.0, "y": 548.0}]}, "description": " TC:"}, {"boundingPoly": {"vertices": [{"x": 35.0, "y": 553.0}, {"x": 72.0, "y": 553.0}, {"x": 72.0, "y": 571.0}, {"x": 35.0, "y": 571.0}]}, "description": " TVR:"}, {"boundingPoly": {"vertices": [{"x": 34.0, "y": 576.0}, {"x": 73.0, "y": 576.0}, {"x": 73.0, "y": 594.0}, {"x": 34.0, "y": 594.0}]}, "description": " TSI:"}, {"boundingPoly": {"vertices": [{"x": 32.0, "y": 598.0}, {"x": 73.0, "y": 598.0}, {"x": 73.0, "y": 617.0}, {"x": 32.0, "y": 617.0}]}, "description": " IAD:"}, {"boundingPoly": {"vertices": [{"x": 14.0, "y": 670.0}, {"x": 132.0, "y": 660.0}, {"x": 133.0, "y": 677.0}, {"x": 16.0, "y": 686.0}]}, "description": "TOTAL PAYMENT"}, {"boundingPoly": {"vertices": [{"x": 15.0, "y": 684.0}, {"x": 129.0, "y": 684.0}, {"x": 129.0, "y": 710.0}, {"x": 15.0, "y": 710.0}]}, "description": " Transaction:"}, {"boundingPoly": {"vertices": [{"x": 88.0, "y": 727.0}, {"x": 326.0, "y": 725.0}, {"x": 326.0, "y": 743.0}, {"x": 88.0, "y": 745.0}]}, "description": "or Comments@Hudsongroup.com"}, {"boundingPoly": {"vertices": [{"x": 72.0, "y": 749.0}, {"x": 341.0, "y": 747.0}, {"x": 341.0, "y": 764.0}, {"x": 72.0, "y": 769.0}]}, "description": "Thank you for shopping with us."}, {"boundingPoly": {"vertices": [{"x": 340.0, "y": 664.0}, {"x": 385.0, "y": 663.0}, {"x": 385.0, "y": 678.0}, {"x": 340.0, "y": 680.0}]}, "description": "$4.99"}, {"boundingPoly": {"vertices": [{"x": 248.0, "y": 680.0}, {"x": 404.0, "y": 680.0}, {"x": 404.0, "y": 703.0}, {"x": 248.0, "y": 703.0}]}, "description": " 12/3/2019 11:45 AM"}, {"boundingPoly": {"vertices": [{"x": 61.0, "y": 706.0}, {"x": 360.0, "y": 703.0}, {"x": 360.0, "y": 722.0}, {"x": 61.0, "y": 727.0}]}, "description": "Comments\\Inquiries? (800) 326-7711"}, {"boundingPoly": {"vertices": [{"x": 131.0, "y": 680.0}, {"x": 178.0, "y": 680.0}, {"x": 178.0, "y": 700.0}, {"x": 131.0, "y": 700.0}]}, "description": " 26810"}, {"boundingPoly": {"vertices": [{"x": 102.0, "y": 849.0}, {"x": 326.0, "y": 843.0}, {"x": 327.0, "y": 862.0}, {"x": 103.0, "y": 870.0}]}, "description": "0268100206800212032019"}]}