{"textAnnotations": [{"boundingPoly": {"vertices": [{"x": 56.0, "y": 131.0}, {"x": 464.0, "y": 145.0}, {"x": 463.0, "y": 172.0}, {"x": 56.0, "y": 161.0}]}, "description": "merchant name"}, {"boundingPoly": {"vertices": [{"x": 56.0, "y": 193.0}, {"x": 355.0, "y": 211.0}, {"x": 354.0, "y": 237.0}, {"x": 55.0, "y": 219.0}]}, "description": "merchant address"}, {"boundingPoly": {"vertices": [{"x": 57.0, "y": 258.0}, {"x": 251.0, "y": 267.0}, {"x": 250.0, "y": 294.0}, {"x": 56.0, "y": 284.0}]}, "description": "merchant address"}, {"boundingPoly": {"vertices": [{"x": 56.0, "y": 318.0}, {"x": 347.0, "y": 333.0}, {"x": 346.0, "y": 357.0}, {"x": 56.0, "y": 343.0}]}, "description": "TIME 22OCT19"}, {"boundingPoly": {"vertices": [{"x": 57.0, "y": 382.0}, {"x": 120.0, "y": 385.0}, {"x": 118.0, "y": 410.0}, {"x": 56.0, "y": 407.0}]}, "description": "TSP"}, {"boundingPoly": {"vertices": [{"x": 55.0, "y": 413.0}, {"x": 121.0, "y": 415.0}, {"x": 120.0, "y": 442.0}, {"x": 54.0, "y": 440.0}]}, "description": "RRN"}, {"boundingPoly": {"vertices": [{"x": 58.0, "y": 446.0}, {"x": 396.0, "y": 454.0}, {"x": 396.0, "y": 479.0}, {"x": 57.0, "y": 471.0}]}, "description": "AMERICAN EXPRESS"}, {"boundingPoly": {"vertices": [{"x": 57.0, "y": 478.0}, {"x": 206.0, "y": 480.0}, {"x": 206.0, "y": 504.0}, {"x": 57.0, "y": 502.0}]}, "description": "Amex(C)"}, {"boundingPoly": {"vertices": [{"x": 58.0, "y": 508.0}, {"x": 164.0, "y": 508.0}, {"x": 164.0, "y": 534.0}, {"x": 58.0, "y": 534.0}]}, "description": " CARD."}, {"boundingPoly": {"vertices": [{"x": 59.0, "y": 539.0}, {"x": 121.0, "y": 540.0}, {"x": 120.0, "y": 563.0}, {"x": 57.0, "y": 563.0}]}, "description": "AID"}, {"boundingPoly": {"vertices": [{"x": 60.0, "y": 569.0}, {"x": 121.0, "y": 570.0}, {"x": 120.0, "y": 594.0}, {"x": 59.0, "y": 593.0}]}, "description": "TUR"}, {"boundingPoly": {"vertices": [{"x": 57.0, "y": 600.0}, {"x": 145.0, "y": 599.0}, {"x": 146.0, "y": 627.0}, {"x": 57.0, "y": 628.0}]}, "description": "AUTH"}, {"boundingPoly": {"vertices": [{"x": 57.0, "y": 162.0}, {"x": 462.0, "y": 176.0}, {"x": 461.0, "y": 202.0}, {"x": 56.0, "y": 192.0}]}, "description": "merchant address"}, {"boundingPoly": {"vertices": [{"x": 55.0, "y": 223.0}, {"x": 294.0, "y": 238.0}, {"x": 292.0, "y": 267.0}, {"x": 53.0, "y": 251.0}]}, "description": "merchant address"}, {"boundingPoly": {"vertices": [{"x": 418.0, "y": 326.0}, {"x": 537.0, "y": 326.0}, {"x": 537.0, "y": 354.0}, {"x": 418.0, "y": 354.0}]}, "description": " 14:31"}, {"boundingPoly": {"vertices": [{"x": 374.0, "y": 361.0}, {"x": 547.0, "y": 354.0}, {"x": 548.0, "y": 382.0}, {"x": 375.0, "y": 389.0}]}, "description": "25058413"}, {"boundingPoly": {"vertices": [{"x": 296.0, "y": 395.0}, {"x": 545.0, "y": 388.0}, {"x": 546.0, "y": 411.0}, {"x": 296.0, "y": 419.0}]}, "description": "100381961090"}, {"boundingPoly": {"vertices": [{"x": 294.0, "y": 425.0}, {"x": 547.0, "y": 419.0}, {"x": 547.0, "y": 443.0}, {"x": 294.0, "y": 449.0}]}, "description": "191022010976"}, {"boundingPoly": {"vertices": [{"x": 57.0, "y": 352.0}, {"x": 122.0, "y": 354.0}, {"x": 120.0, "y": 379.0}, {"x": 56.0, "y": 376.0}]}, "description": "MID"}, {"boundingPoly": {"vertices": [{"x": 498.0, "y": 480.0}, {"x": 546.0, "y": 479.0}, {"x": 546.0, "y": 507.0}, {"x": 499.0, "y": 508.0}]}, "description": "CR"}, {"boundingPoly": {"vertices": [{"x": 449.0, "y": 511.0}, {"x": 544.0, "y": 510.0}, {"x": 545.0, "y": 535.0}, {"x": 450.0, "y": 536.0}]}, "description": "9248"}, {"boundingPoly": {"vertices": [{"x": 208.0, "y": 542.0}, {"x": 543.0, "y": 542.0}, {"x": 544.0, "y": 566.0}, {"x": 208.0, "y": 566.0}]}, "description": "A000000025010901"}, {"boundingPoly": {"vertices": [{"x": 334.0, "y": 573.0}, {"x": 545.0, "y": 572.0}, {"x": 545.0, "y": 596.0}, {"x": 334.0, "y": 597.0}]}, "description": "0000008000"}, {"boundingPoly": {"vertices": [{"x": 416.0, "y": 603.0}, {"x": 544.0, "y": 603.0}, {"x": 544.0, "y": 626.0}, {"x": 416.0, "y": 626.0}]}, "description": "883864"}, {"boundingPoly": {"vertices": [{"x": 169.0, "y": 511.0}, {"x": 184.0, "y": 511.0}, {"x": 184.0, "y": 534.0}, {"x": 169.0, "y": 534.0}]}, "description": " ."}, {"boundingPoly": {"vertices": [{"x": 57.0, "y": 661.0}, {"x": 252.0, "y": 660.0}, {"x": 252.0, "y": 685.0}, {"x": 57.0, "y": 685.0}]}, "description": "PURCHASE"}, {"boundingPoly": {"vertices": [{"x": 343.0, "y": 661.0}, {"x": 536.0, "y": 663.0}, {"x": 536.0, "y": 688.0}, {"x": 343.0, "y": 686.0}]}, "description": "AUD18.50"}, {"boundingPoly": {"vertices": [{"x": 133.0, "y": 721.0}, {"x": 463.0, "y": 722.0}, {"x": 462.0, "y": 747.0}, {"x": 133.0, "y": 744.0}]}, "description": "(000) APPROVED"}, {"boundingPoly": {"vertices": [{"x": 143.0, "y": 780.0}, {"x": 458.0, "y": 781.0}, {"x": 458.0, "y": 810.0}, {"x": 143.0, "y": 809.0}]}, "description": "*CUSTOMER COPY*"}]}