{"textAnnotations": [{"boundingPoly": {"vertices": [{"x": 166.0, "y": 52.0}, {"x": 742.0, "y": 51.0}, {"x": 742.0, "y": 97.0}, {"x": 166.0, "y": 98.0}]}, "description": "ORDER #58091038968"}, {"boundingPoly": {"vertices": [{"x": 171.0, "y": 107.0}, {"x": 373.0, "y": 107.0}, {"x": 373.0, "y": 147.0}, {"x": 171.0, "y": 147.0}]}, "description": " Delivered |"}, {"boundingPoly": {"vertices": [{"x": 381.0, "y": 107.0}, {"x": 585.0, "y": 107.0}, {"x": 585.0, "y": 147.0}, {"x": 381.0, "y": 147.0}]}, "description": " 1 Item \u20b9 346"}, {"boundingPoly": {"vertices": [{"x": 1270.0, "y": 78.0}, {"x": 1388.0, "y": 76.0}, {"x": 1388.0, "y": 115.0}, {"x": 1270.0, "y": 118.0}]}, "description": "HELP"}, {"boundingPoly": {"vertices": [{"x": 172.0, "y": 289.0}, {"x": 478.0, "y": 289.0}, {"x": 478.0, "y": 338.0}, {"x": 172.0, "y": 338.0}]}, "description": "merchant name"}, {"boundingPoly": {"vertices": [{"x": 170.0, "y": 351.0}, {"x": 599.0, "y": 351.0}, {"x": 599.0, "y": 392.0}, {"x": 170.0, "y": 392.0}]}, "description": "merchant name"}, {"boundingPoly": {"vertices": [{"x": 607.0, "y": 351.0}, {"x": 668.0, "y": 351.0}, {"x": 668.0, "y": 393.0}, {"x": 607.0, "y": 393.0}]}, "description": "merchant name"}, {"boundingPoly": {"vertices": [{"x": 676.0, "y": 350.0}, {"x": 952.0, "y": 350.0}, {"x": 952.0, "y": 394.0}, {"x": 676.0, "y": 394.0}]}, "description": "merchant address"}, {"boundingPoly": {"vertices": [{"x": 959.0, "y": 350.0}, {"x": 1309.0, "y": 350.0}, {"x": 1309.0, "y": 394.0}, {"x": 959.0, "y": 394.0}]}, "description": "merchant address"}, {"boundingPoly": {"vertices": [{"x": 1316.0, "y": 351.0}, {"x": 1341.0, "y": 351.0}, {"x": 1341.0, "y": 394.0}, {"x": 1316.0, "y": 394.0}]}, "description": "merchant address"}, {"boundingPoly": {"vertices": [{"x": 1348.0, "y": 351.0}, {"x": 1386.0, "y": 351.0}, {"x": 1386.0, "y": 394.0}, {"x": 1348.0, "y": 394.0}]}, "description": " ..."}, {"boundingPoly": {"vertices": [{"x": 170.0, "y": 524.0}, {"x": 329.0, "y": 525.0}, {"x": 329.0, "y": 572.0}, {"x": 170.0, "y": 571.0}]}, "description": "Other"}, {"boundingPoly": {"vertices": [{"x": 172.0, "y": 585.0}, {"x": 658.0, "y": 585.0}, {"x": 658.0, "y": 626.0}, {"x": 172.0, "y": 626.0}]}, "description": " Oasis Mall, Oasis Mall, 100"}, {"boundingPoly": {"vertices": [{"x": 665.0, "y": 585.0}, {"x": 946.0, "y": 585.0}, {"x": 946.0, "y": 628.0}, {"x": 665.0, "y": 628.0}]}, "description": " Feet Road, Avs"}, {"boundingPoly": {"vertices": [{"x": 953.0, "y": 585.0}, {"x": 1090.0, "y": 585.0}, {"x": 1090.0, "y": 629.0}, {"x": 953.0, "y": 629.0}]}, "description": " Layout,"}, {"boundingPoly": {"vertices": [{"x": 1097.0, "y": 585.0}, {"x": 1385.0, "y": 585.0}, {"x": 1385.0, "y": 631.0}, {"x": 1097.0, "y": 631.0}]}, "description": " Koramangala ,..."}, {"boundingPoly": {"vertices": [{"x": 69.0, "y": 814.0}, {"x": 149.0, "y": 808.0}, {"x": 151.0, "y": 864.0}, {"x": 73.0, "y": 869.0}]}, "description": "V"}, {"boundingPoly": {"vertices": [{"x": 179.0, "y": 814.0}, {"x": 962.0, "y": 814.0}, {"x": 962.0, "y": 857.0}, {"x": 179.0, "y": 857.0}]}, "description": " Order delivered on November 29, 2:16 PM"}, {"boundingPoly": {"vertices": [{"x": 55.0, "y": 1081.0}, {"x": 294.0, "y": 1081.0}, {"x": 294.0, "y": 1115.0}, {"x": 55.0, "y": 1114.0}]}, "description": "BILL DETAILS"}, {"boundingPoly": {"vertices": [{"x": 119.0, "y": 1238.0}, {"x": 1155.0, "y": 1238.0}, {"x": 1155.0, "y": 1284.0}, {"x": 119.0, "y": 1285.0}]}, "description": "McSaver McSpicy Chicken Meal with Whole Wheat"}, {"boundingPoly": {"vertices": [{"x": 124.0, "y": 1286.0}, {"x": 270.0, "y": 1286.0}, {"x": 270.0, "y": 1327.0}, {"x": 124.0, "y": 1327.0}]}, "description": "Bun x 1"}, {"boundingPoly": {"vertices": [{"x": 1208.0, "y": 1262.0}, {"x": 1385.0, "y": 1262.0}, {"x": 1385.0, "y": 1302.0}, {"x": 1208.0, "y": 1301.0}]}, "description": "\u53ea296.20"}, {"boundingPoly": {"vertices": [{"x": 55.0, "y": 1437.0}, {"x": 237.0, "y": 1437.0}, {"x": 237.0, "y": 1475.0}, {"x": 55.0, "y": 1475.0}]}, "description": "Item Total"}, {"boundingPoly": {"vertices": [{"x": 1225.0, "y": 1435.0}, {"x": 1388.0, "y": 1437.0}, {"x": 1387.0, "y": 1475.0}, {"x": 1225.0, "y": 1473.0}]}, "description": "\u20b9296.20"}, {"boundingPoly": {"vertices": [{"x": 57.0, "y": 1507.0}, {"x": 138.0, "y": 1507.0}, {"x": 139.0, "y": 1541.0}, {"x": 58.0, "y": 1543.0}]}, "description": "GST"}, {"boundingPoly": {"vertices": [{"x": 1265.0, "y": 1506.0}, {"x": 1384.0, "y": 1507.0}, {"x": 1384.0, "y": 1544.0}, {"x": 1264.0, "y": 1543.0}]}, "description": "\u592916.47"}, {"boundingPoly": {"vertices": [{"x": 53.0, "y": 1577.0}, {"x": 490.0, "y": 1578.0}, {"x": 490.0, "y": 1621.0}, {"x": 53.0, "y": 1618.0}]}, "description": "Order Packing Charges"}, {"boundingPoly": {"vertices": [{"x": 52.0, "y": 1646.0}, {"x": 374.0, "y": 1647.0}, {"x": 374.0, "y": 1691.0}, {"x": 52.0, "y": 1689.0}]}, "description": "Delivery Charges"}, {"boundingPoly": {"vertices": [{"x": 1257.0, "y": 1575.0}, {"x": 1387.0, "y": 1576.0}, {"x": 1386.0, "y": 1614.0}, {"x": 1256.0, "y": 1612.0}]}, "description": "\u20b933.34"}, {"boundingPoly": {"vertices": [{"x": 54.0, "y": 1788.0}, {"x": 200.0, "y": 1788.0}, {"x": 200.0, "y": 1832.0}, {"x": 54.0, "y": 1832.0}]}, "description": " Paid Via"}, {"boundingPoly": {"vertices": [{"x": 208.0, "y": 1789.0}, {"x": 364.0, "y": 1789.0}, {"x": 364.0, "y": 1834.0}, {"x": 208.0, "y": 1834.0}]}, "description": " LazyPay"}, {"boundingPoly": {"vertices": [{"x": 1057.0, "y": 1788.0}, {"x": 1166.0, "y": 1789.0}, {"x": 1165.0, "y": 1829.0}, {"x": 1058.0, "y": 1829.0}]}, "description": "Total"}, {"boundingPoly": {"vertices": [{"x": 1277.0, "y": 1789.0}, {"x": 1388.0, "y": 1788.0}, {"x": 1388.0, "y": 1828.0}, {"x": 1278.0, "y": 1828.0}]}, "description": "7346"}]}