{"textAnnotations": [{"boundingPoly": {"vertices": [{"x": 669.0, "y": 206.0}, {"x": 1104.0, "y": 189.0}, {"x": 1106.0, "y": 233.0}, {"x": 671.0, "y": 248.0}]}, "description": "Thank You For Visiting the"}, {"boundingPoly": {"vertices": [{"x": 748.0, "y": 282.0}, {"x": 1018.0, "y": 271.0}, {"x": 1019.0, "y": 308.0}, {"x": 748.0, "y": 318.0}]}, "description": "Matthew Fraysier"}, {"boundingPoly": {"vertices": [{"x": 765.0, "y": 356.0}, {"x": 992.0, "y": 346.0}, {"x": 993.0, "y": 384.0}, {"x": 765.0, "y": 393.0}]}, "description": "merchant phone"}, {"boundingPoly": {"vertices": [{"x": 683.0, "y": 433.0}, {"x": 1081.0, "y": 421.0}, {"x": 1082.0, "y": 459.0}, {"x": 683.0, "y": 471.0}]}, "description": "Text @LTF11479 to 73940"}, {"boundingPoly": {"vertices": [{"x": 673.0, "y": 244.0}, {"x": 1094.0, "y": 227.0}, {"x": 1096.0, "y": 268.0}, {"x": 674.0, "y": 284.0}]}, "description": "merchant name"}, {"boundingPoly": {"vertices": [{"x": 754.0, "y": 318.0}, {"x": 1004.0, "y": 311.0}, {"x": 1006.0, "y": 349.0}, {"x": 755.0, "y": 356.0}]}, "description": "General Manager"}, {"boundingPoly": {"vertices": [{"x": 694.0, "y": 397.0}, {"x": 1063.0, "y": 382.0}, {"x": 1064.0, "y": 420.0}, {"x": 695.0, "y": 434.0}]}, "description": "We Love Your Feedback!"}, {"boundingPoly": {"vertices": [{"x": 1179.0, "y": 501.0}, {"x": 1235.0, "y": 501.0}, {"x": 1234.0, "y": 537.0}, {"x": 1178.0, "y": 537.0}]}, "description": "USD"}, {"boundingPoly": {"vertices": [{"x": 1162.0, "y": 540.0}, {"x": 1226.0, "y": 538.0}, {"x": 1227.0, "y": 570.0}, {"x": 1162.0, "y": 572.0}]}, "description": "0.95"}, {"boundingPoly": {"vertices": [{"x": 1163.0, "y": 578.0}, {"x": 1234.0, "y": 577.0}, {"x": 1233.0, "y": 609.0}, {"x": 1162.0, "y": 611.0}]}, "description": "2.99"}, {"boundingPoly": {"vertices": [{"x": 537.0, "y": 551.0}, {"x": 800.0, "y": 546.0}, {"x": 801.0, "y": 583.0}, {"x": 538.0, "y": 589.0}]}, "description": "Assorted Cookie"}, {"boundingPoly": {"vertices": [{"x": 539.0, "y": 587.0}, {"x": 881.0, "y": 583.0}, {"x": 881.0, "y": 623.0}, {"x": 540.0, "y": 626.0}]}, "description": "Strawberry Fruit Yog"}, {"boundingPoly": {"vertices": [{"x": 923.0, "y": 659.0}, {"x": 1081.0, "y": 658.0}, {"x": 1081.0, "y": 695.0}, {"x": 923.0, "y": 695.0}]}, "description": "Sub Total"}, {"boundingPoly": {"vertices": [{"x": 923.0, "y": 700.0}, {"x": 1097.0, "y": 698.0}, {"x": 1098.0, "y": 732.0}, {"x": 923.0, "y": 735.0}]}, "description": "Tax Amount"}, {"boundingPoly": {"vertices": [{"x": 1162.0, "y": 654.0}, {"x": 1235.0, "y": 657.0}, {"x": 1235.0, "y": 689.0}, {"x": 1164.0, "y": 687.0}]}, "description": "3.94"}, {"boundingPoly": {"vertices": [{"x": 1165.0, "y": 694.0}, {"x": 1226.0, "y": 695.0}, {"x": 1225.0, "y": 727.0}, {"x": 1164.0, "y": 727.0}]}, "description": "0.35"}, {"boundingPoly": {"vertices": [{"x": 513.0, "y": 825.0}, {"x": 825.0, "y": 816.0}, {"x": 826.0, "y": 882.0}, {"x": 515.0, "y": 892.0}]}, "description": "Total USD"}, {"boundingPoly": {"vertices": [{"x": 1096.0, "y": 816.0}, {"x": 1234.0, "y": 813.0}, {"x": 1234.0, "y": 875.0}, {"x": 1096.0, "y": 876.0}]}, "description": "4.29"}, {"boundingPoly": {"vertices": [{"x": 505.0, "y": 1008.0}, {"x": 874.0, "y": 1001.0}, {"x": 875.0, "y": 1041.0}, {"x": 505.0, "y": 1047.0}]}, "description": "5009 AMERICAN EXPRESS"}, {"boundingPoly": {"vertices": [{"x": 1166.0, "y": 1000.0}, {"x": 1227.0, "y": 1003.0}, {"x": 1225.0, "y": 1036.0}, {"x": 1164.0, "y": 1033.0}]}, "description": "4.29"}, {"boundingPoly": {"vertices": [{"x": 509.0, "y": 1138.0}, {"x": 566.0, "y": 1134.0}, {"x": 566.0, "y": 1169.0}, {"x": 510.0, "y": 1172.0}]}, "description": "Tax"}, {"boundingPoly": {"vertices": [{"x": 783.0, "y": 1126.0}, {"x": 1043.0, "y": 1126.0}, {"x": 1043.0, "y": 1165.0}, {"x": 783.0, "y": 1165.0}]}, "description": " Taxable Amount"}, {"boundingPoly": {"vertices": [{"x": 952.0, "y": 1166.0}, {"x": 1029.0, "y": 1165.0}, {"x": 1031.0, "y": 1199.0}, {"x": 952.0, "y": 1200.0}]}, "description": "3.94"}, {"boundingPoly": {"vertices": [{"x": 1059.0, "y": 1124.0}, {"x": 1240.0, "y": 1124.0}, {"x": 1240.0, "y": 1162.0}, {"x": 1059.0, "y": 1162.0}]}, "description": " Tax Amount"}, {"boundingPoly": {"vertices": [{"x": 1172.0, "y": 1167.0}, {"x": 1241.0, "y": 1166.0}, {"x": 1241.0, "y": 1196.0}, {"x": 1172.0, "y": 1197.0}]}, "description": "0.35"}, {"boundingPoly": {"vertices": [{"x": 500.0, "y": 1171.0}, {"x": 644.0, "y": 1168.0}, {"x": 645.0, "y": 1208.0}, {"x": 500.0, "y": 1212.0}]}, "description": "() 8.875"}, {"boundingPoly": {"vertices": [{"x": 501.0, "y": 1291.0}, {"x": 872.0, "y": 1291.0}, {"x": 872.0, "y": 1339.0}, {"x": 501.0, "y": 1339.0}]}, "description": " 11/19/2019 12:16 PM #:"}, {"boundingPoly": {"vertices": [{"x": 500.0, "y": 1338.0}, {"x": 692.0, "y": 1338.0}, {"x": 692.0, "y": 1377.0}, {"x": 500.0, "y": 1377.0}]}, "description": " 103 S:1111"}, {"boundingPoly": {"vertices": [{"x": 686.0, "y": 1375.0}, {"x": 1065.0, "y": 1375.0}, {"x": 1065.0, "y": 1421.0}, {"x": 686.0, "y": 1421.0}]}, "description": " : Winifred Wellington"}, {"boundingPoly": {"vertices": [{"x": 882.0, "y": 1285.0}, {"x": 1241.0, "y": 1285.0}, {"x": 1241.0, "y": 1333.0}, {"x": 882.0, "y": 1333.0}]}, "description": " 41904 Op:4024 C:111"}, {"boundingPoly": {"vertices": [{"x": 495.0, "y": 1380.0}, {"x": 679.0, "y": 1380.0}, {"x": 679.0, "y": 1423.0}, {"x": 495.0, "y": 1423.0}]}, "description": " Served you"}, {"boundingPoly": {"vertices": [{"x": 647.0, "y": 1550.0}, {"x": 1028.0, "y": 1550.0}, {"x": 1029.0, "y": 1587.0}, {"x": 647.0, "y": 1589.0}]}, "description": "*** Customer copy ***"}, {"boundingPoly": {"vertices": [{"x": 717.0, "y": 1636.0}, {"x": 963.0, "y": 1635.0}, {"x": 963.0, "y": 1676.0}, {"x": 717.0, "y": 1677.0}]}, "description": "AMEX NY937 (3)"}, {"boundingPoly": {"vertices": [{"x": 498.0, "y": 1685.0}, {"x": 1168.0, "y": 1678.0}, {"x": 1168.0, "y": 1719.0}, {"x": 498.0, "y": 1729.0}]}, "description": "I agree to pay the above total amount"}, {"boundingPoly": {"vertices": [{"x": 481.0, "y": 1773.0}, {"x": 1184.0, "y": 1765.0}, {"x": 1185.0, "y": 1809.0}, {"x": 482.0, "y": 1815.0}]}, "description": "agreement. (Merchant agreement if Credit"}, {"boundingPoly": {"vertices": [{"x": 529.0, "y": 1815.0}, {"x": 1137.0, "y": 1813.0}, {"x": 1137.0, "y": 1856.0}, {"x": 529.0, "y": 1859.0}]}, "description": "Voucher )Retain this copy for your"}, {"boundingPoly": {"vertices": [{"x": 765.0, "y": 1864.0}, {"x": 909.0, "y": 1862.0}, {"x": 909.0, "y": 1900.0}, {"x": 765.0, "y": 1902.0}]}, "description": "records."}, {"boundingPoly": {"vertices": [{"x": 618.0, "y": 1728.0}, {"x": 1065.0, "y": 1726.0}, {"x": 1065.0, "y": 1763.0}, {"x": 618.0, "y": 1766.0}]}, "description": "according to card issuer"}, {"boundingPoly": {"vertices": [{"x": 466.0, "y": 1952.0}, {"x": 823.0, "y": 1951.0}, {"x": 823.0, "y": 1993.0}, {"x": 466.0, "y": 1994.0}]}, "description": "PURCHASE / APPROVED"}, {"boundingPoly": {"vertices": [{"x": 467.0, "y": 2001.0}, {"x": 768.0, "y": 1998.0}, {"x": 769.0, "y": 2038.0}, {"x": 467.0, "y": 2041.0}]}, "description": "AMERICAN EXPRESS"}, {"boundingPoly": {"vertices": [{"x": 466.0, "y": 2047.0}, {"x": 744.0, "y": 2047.0}, {"x": 744.0, "y": 2084.0}, {"x": 465.0, "y": 2084.0}]}, "description": "*********** 1006"}, {"boundingPoly": {"vertices": [{"x": 462.0, "y": 2092.0}, {"x": 674.0, "y": 2093.0}, {"x": 674.0, "y": 2136.0}, {"x": 462.0, "y": 2134.0}]}, "description": "CHIP READ /"}, {"boundingPoly": {"vertices": [{"x": 454.0, "y": 2184.0}, {"x": 815.0, "y": 2184.0}, {"x": 815.0, "y": 2232.0}, {"x": 454.0, "y": 2232.0}]}, "description": " 2019/11/19 12:16:52"}, {"boundingPoly": {"vertices": [{"x": 461.0, "y": 2233.0}, {"x": 519.0, "y": 2234.0}, {"x": 515.0, "y": 2277.0}, {"x": 457.0, "y": 2276.0}]}, "description": "TID"}, {"boundingPoly": {"vertices": [{"x": 457.0, "y": 2281.0}, {"x": 517.0, "y": 2280.0}, {"x": 514.0, "y": 2322.0}, {"x": 454.0, "y": 2323.0}]}, "description": "MID"}, {"boundingPoly": {"vertices": [{"x": 454.0, "y": 2328.0}, {"x": 626.0, "y": 2327.0}, {"x": 626.0, "y": 2373.0}, {"x": 454.0, "y": 2374.0}]}, "description": "REFERENCE"}, {"boundingPoly": {"vertices": [{"x": 451.0, "y": 2377.0}, {"x": 624.0, "y": 2377.0}, {"x": 624.0, "y": 2420.0}, {"x": 451.0, "y": 2420.0}]}, "description": "AUTH CODE"}, {"boundingPoly": {"vertices": [{"x": 1055.0, "y": 2233.0}, {"x": 1208.0, "y": 2235.0}, {"x": 1207.0, "y": 2275.0}, {"x": 1054.0, "y": 2272.0}]}, "description": "**** 6038"}, {"boundingPoly": {"vertices": [{"x": 1070.0, "y": 2281.0}, {"x": 1209.0, "y": 2281.0}, {"x": 1209.0, "y": 2324.0}, {"x": 1070.0, "y": 2324.0}]}, "description": "6634459"}, {"boundingPoly": {"vertices": [{"x": 726.0, "y": 2328.0}, {"x": 1209.0, "y": 2327.0}, {"x": 1210.0, "y": 2375.0}, {"x": 726.0, "y": 2376.0}]}, "description": "S1111T111103#41904@112216"}, {"boundingPoly": {"vertices": [{"x": 1086.0, "y": 2380.0}, {"x": 1210.0, "y": 2381.0}, {"x": 1208.0, "y": 2422.0}, {"x": 1086.0, "y": 2421.0}]}, "description": "839926"}, {"boundingPoly": {"vertices": [{"x": 448.0, "y": 2473.0}, {"x": 548.0, "y": 2473.0}, {"x": 546.0, "y": 2518.0}, {"x": 447.0, "y": 2517.0}]}, "description": "TOTAL"}, {"boundingPoly": {"vertices": [{"x": 1068.0, "y": 2474.0}, {"x": 1208.0, "y": 2479.0}, {"x": 1206.0, "y": 2522.0}, {"x": 1067.0, "y": 2518.0}]}, "description": "USD4.29"}, {"boundingPoly": {"vertices": [{"x": 444.0, "y": 2575.0}, {"x": 527.0, "y": 2575.0}, {"x": 527.0, "y": 2618.0}, {"x": 444.0, "y": 2618.0}]}, "description": " ARC:"}, {"boundingPoly": {"vertices": [{"x": 438.0, "y": 2622.0}, {"x": 521.0, "y": 2622.0}, {"x": 521.0, "y": 2670.0}, {"x": 438.0, "y": 2670.0}]}, "description": " TSI:"}, {"boundingPoly": {"vertices": [{"x": 440.0, "y": 2670.0}, {"x": 519.0, "y": 2670.0}, {"x": 519.0, "y": 2719.0}, {"x": 440.0, "y": 2719.0}]}, "description": " IAD:"}, {"boundingPoly": {"vertices": [{"x": 356.0, "y": 2725.0}, {"x": 863.0, "y": 2742.0}, {"x": 861.0, "y": 2807.0}, {"x": 353.0, "y": 2788.0}]}, "description": "REDMI NOTE 5 PRO"}, {"boundingPoly": {"vertices": [{"x": 534.0, "y": 2576.0}, {"x": 585.0, "y": 2576.0}, {"x": 585.0, "y": 2618.0}, {"x": 534.0, "y": 2618.0}]}, "description": " 00"}, {"boundingPoly": {"vertices": [{"x": 528.0, "y": 2623.0}, {"x": 618.0, "y": 2623.0}, {"x": 618.0, "y": 2668.0}, {"x": 528.0, "y": 2668.0}]}, "description": " F800"}, {"boundingPoly": {"vertices": [{"x": 527.0, "y": 2671.0}, {"x": 799.0, "y": 2671.0}, {"x": 799.0, "y": 2723.0}, {"x": 527.0, "y": 2723.0}]}, "description": " 06600103602002"}, {"boundingPoly": {"vertices": [{"x": 346.0, "y": 2795.0}, {"x": 822.0, "y": 2813.0}, {"x": 820.0, "y": 2873.0}, {"x": 345.0, "y": 2855.0}]}, "description": "MI DUAL CAMERA"}]}