{"textAnnotations": [{"boundingPoly": {"vertices": [{"x": 503.0, "y": 196.0}, {"x": 633.0, "y": 207.0}, {"x": 630.0, "y": 252.0}, {"x": 499.0, "y": 242.0}]}, "description": "merchant name"}, {"boundingPoly": {"vertices": [{"x": 324.0, "y": 293.0}, {"x": 567.0, "y": 293.0}, {"x": 567.0, "y": 356.0}, {"x": 324.0, "y": 356.0}]}, "description": "merchant address"}, {"boundingPoly": {"vertices": [{"x": 113.0, "y": 284.0}, {"x": 314.0, "y": 284.0}, {"x": 314.0, "y": 345.0}, {"x": 113.0, "y": 345.0}]}, "description": "merchant address"}, {"boundingPoly": {"vertices": [{"x": 577.0, "y": 302.0}, {"x": 676.0, "y": 302.0}, {"x": 676.0, "y": 360.0}, {"x": 577.0, "y": 360.0}]}, "description": "merchant address"}, {"boundingPoly": {"vertices": [{"x": 685.0, "y": 305.0}, {"x": 1018.0, "y": 305.0}, {"x": 1018.0, "y": 366.0}, {"x": 685.0, "y": 366.0}]}, "description": "merchant address"}, {"boundingPoly": {"vertices": [{"x": 124.0, "y": 338.0}, {"x": 501.0, "y": 338.0}, {"x": 501.0, "y": 407.0}, {"x": 124.0, "y": 407.0}]}, "description": "merchant address"}, {"boundingPoly": {"vertices": [{"x": 511.0, "y": 353.0}, {"x": 731.0, "y": 353.0}, {"x": 731.0, "y": 413.0}, {"x": 511.0, "y": 413.0}]}, "description": "merchant address"}, {"boundingPoly": {"vertices": [{"x": 740.0, "y": 359.0}, {"x": 944.0, "y": 359.0}, {"x": 944.0, "y": 416.0}, {"x": 740.0, "y": 416.0}]}, "description": "merchant address"}, {"boundingPoly": {"vertices": [{"x": 953.0, "y": 362.0}, {"x": 1026.0, "y": 362.0}, {"x": 1026.0, "y": 416.0}, {"x": 953.0, "y": 416.0}]}, "description": "merchant address"}, {"boundingPoly": {"vertices": [{"x": 540.0, "y": 409.0}, {"x": 608.0, "y": 408.0}, {"x": 608.0, "y": 453.0}, {"x": 539.0, "y": 452.0}]}, "description": "merchant address"}, {"boundingPoly": {"vertices": [{"x": 489.0, "y": 507.0}, {"x": 675.0, "y": 513.0}, {"x": 669.0, "y": 595.0}, {"x": 486.0, "y": 590.0}]}, "description": "C016"}, {"boundingPoly": {"vertices": [{"x": 245.0, "y": 643.0}, {"x": 490.0, "y": 643.0}, {"x": 490.0, "y": 698.0}, {"x": 245.0, "y": 698.0}]}, "description": " ORD10401777"}, {"boundingPoly": {"vertices": [{"x": 203.0, "y": 703.0}, {"x": 536.0, "y": 703.0}, {"x": 536.0, "y": 753.0}, {"x": 203.0, "y": 753.0}]}, "description": " 29AACCB5438N1Z8"}, {"boundingPoly": {"vertices": [{"x": 181.0, "y": 756.0}, {"x": 622.0, "y": 756.0}, {"x": 622.0, "y": 811.0}, {"x": 181.0, "y": 811.0}]}, "description": " 06 Nov 2019 14:32 PM"}, {"boundingPoly": {"vertices": [{"x": 55.0, "y": 647.0}, {"x": 236.0, "y": 647.0}, {"x": 236.0, "y": 700.0}, {"x": 55.0, "y": 700.0}]}, "description": " OrderId:"}, {"boundingPoly": {"vertices": [{"x": 54.0, "y": 705.0}, {"x": 195.0, "y": 705.0}, {"x": 195.0, "y": 754.0}, {"x": 54.0, "y": 754.0}]}, "description": " GSTIN:"}, {"boundingPoly": {"vertices": [{"x": 58.0, "y": 761.0}, {"x": 171.0, "y": 761.0}, {"x": 171.0, "y": 811.0}, {"x": 58.0, "y": 811.0}]}, "description": " Date:"}, {"boundingPoly": {"vertices": [{"x": 69.0, "y": 876.0}, {"x": 262.0, "y": 875.0}, {"x": 262.0, "y": 921.0}, {"x": 69.0, "y": 922.0}]}, "description": "Item Name"}, {"boundingPoly": {"vertices": [{"x": 845.0, "y": 868.0}, {"x": 932.0, "y": 868.0}, {"x": 932.0, "y": 917.0}, {"x": 845.0, "y": 917.0}]}, "description": " Qty"}, {"boundingPoly": {"vertices": [{"x": 943.0, "y": 867.0}, {"x": 1062.0, "y": 867.0}, {"x": 1062.0, "y": 916.0}, {"x": 943.0, "y": 916.0}]}, "description": " Price"}, {"boundingPoly": {"vertices": [{"x": 1020.0, "y": 938.0}, {"x": 1052.0, "y": 937.0}, {"x": 1051.0, "y": 953.0}, {"x": 1019.0, "y": 955.0}]}, "description": "--"}, {"boundingPoly": {"vertices": [{"x": 71.0, "y": 985.0}, {"x": 261.0, "y": 983.0}, {"x": 262.0, "y": 1031.0}, {"x": 71.0, "y": 1034.0}]}, "description": "Veg Patty"}, {"boundingPoly": {"vertices": [{"x": 823.0, "y": 976.0}, {"x": 1010.0, "y": 975.0}, {"x": 1011.0, "y": 1022.0}, {"x": 823.0, "y": 1023.0}]}, "description": "1\u00d7245 245"}, {"boundingPoly": {"vertices": [{"x": 85.0, "y": 1088.0}, {"x": 372.0, "y": 1086.0}, {"x": 372.0, "y": 1129.0}, {"x": 85.0, "y": 1131.0}]}, "description": "Total Quantity"}, {"boundingPoly": {"vertices": [{"x": 75.0, "y": 1135.0}, {"x": 260.0, "y": 1133.0}, {"x": 260.0, "y": 1172.0}, {"x": 75.0, "y": 1174.0}]}, "description": "Sub Total"}, {"boundingPoly": {"vertices": [{"x": 914.0, "y": 1125.0}, {"x": 984.0, "y": 1127.0}, {"x": 982.0, "y": 1163.0}, {"x": 915.0, "y": 1163.0}]}, "description": "245"}, {"boundingPoly": {"vertices": [{"x": 63.0, "y": 1230.0}, {"x": 272.0, "y": 1227.0}, {"x": 273.0, "y": 1270.0}, {"x": 63.0, "y": 1272.0}]}, "description": "Net Amount"}, {"boundingPoly": {"vertices": [{"x": 915.0, "y": 1217.0}, {"x": 986.0, "y": 1219.0}, {"x": 985.0, "y": 1258.0}, {"x": 915.0, "y": 1258.0}]}, "description": "245"}, {"boundingPoly": {"vertices": [{"x": 221.0, "y": 1325.0}, {"x": 856.0, "y": 1318.0}, {"x": 857.0, "y": 1363.0}, {"x": 221.0, "y": 1370.0}]}, "description": "* GST included in item price *"}, {"boundingPoly": {"vertices": [{"x": 53.0, "y": 1380.0}, {"x": 141.0, "y": 1379.0}, {"x": 138.0, "y": 1423.0}, {"x": 53.0, "y": 1425.0}]}, "description": "CGST"}, {"boundingPoly": {"vertices": [{"x": 50.0, "y": 1433.0}, {"x": 134.0, "y": 1432.0}, {"x": 133.0, "y": 1477.0}, {"x": 47.0, "y": 1477.0}]}, "description": "SGST"}, {"boundingPoly": {"vertices": [{"x": 680.0, "y": 1370.0}, {"x": 833.0, "y": 1366.0}, {"x": 834.0, "y": 1413.0}, {"x": 680.0, "y": 1416.0}]}, "description": "Rs.5.83"}, {"boundingPoly": {"vertices": [{"x": 674.0, "y": 1421.0}, {"x": 835.0, "y": 1421.0}, {"x": 836.0, "y": 1467.0}, {"x": 674.0, "y": 1469.0}]}, "description": "Rs.5.83"}, {"boundingPoly": {"vertices": [{"x": 45.0, "y": 1536.0}, {"x": 259.0, "y": 1536.0}, {"x": 259.0, "y": 1584.0}, {"x": 45.0, "y": 1584.0}]}, "description": " Debit Card"}, {"boundingPoly": {"vertices": [{"x": 267.0, "y": 1537.0}, {"x": 297.0, "y": 1537.0}, {"x": 297.0, "y": 1584.0}, {"x": 267.0, "y": 1584.0}]}, "description": " :"}, {"boundingPoly": {"vertices": [{"x": 673.0, "y": 1531.0}, {"x": 807.0, "y": 1528.0}, {"x": 808.0, "y": 1575.0}, {"x": 673.0, "y": 1577.0}]}, "description": "Rs. 245"}, {"boundingPoly": {"vertices": [{"x": 27.0, "y": 1982.0}, {"x": 262.0, "y": 1982.0}, {"x": 262.0, "y": 2032.0}, {"x": 27.0, "y": 2032.0}]}, "description": " Printed on:"}, {"boundingPoly": {"vertices": [{"x": 257.0, "y": 2039.0}, {"x": 793.0, "y": 2044.0}, {"x": 792.0, "y": 2091.0}, {"x": 257.0, "y": 2086.0}]}, "description": "Thank You, Visit us again"}, {"boundingPoly": {"vertices": [{"x": 378.0, "y": 2104.0}, {"x": 412.0, "y": 2103.0}, {"x": 412.0, "y": 2135.0}, {"x": 378.0, "y": 2136.0}]}, "description": "X-"}, {"boundingPoly": {"vertices": [{"x": 272.0, "y": 1984.0}, {"x": 712.0, "y": 1984.0}, {"x": 712.0, "y": 2036.0}, {"x": 272.0, "y": 2036.0}]}, "description": " 06 Nov 2019 14:32 PM"}, {"boundingPoly": {"vertices": [{"x": 36.0, "y": 2121.0}, {"x": 94.0, "y": 2120.0}, {"x": 93.0, "y": 2157.0}, {"x": 37.0, "y": 2155.0}]}, "description": "CS"}, {"boundingPoly": {"vertices": [{"x": 114.0, "y": 2114.0}, {"x": 303.0, "y": 2116.0}, {"x": 302.0, "y": 2146.0}, {"x": 114.0, "y": 2142.0}]}, "description": "Scanned with"}, {"boundingPoly": {"vertices": [{"x": 116.0, "y": 2146.0}, {"x": 301.0, "y": 2149.0}, {"x": 301.0, "y": 2177.0}, {"x": 116.0, "y": 2174.0}]}, "description": "CamScanner"}, {"boundingPoly": {"vertices": [{"x": 611.0, "y": 2105.0}, {"x": 641.0, "y": 2108.0}, {"x": 639.0, "y": 2137.0}, {"x": 610.0, "y": 2134.0}]}, "description": "X"}]}