{"textAnnotations": [{"boundingPoly": {"vertices": [{"x": 13.0, "y": 61.0}, {"x": 232.0, "y": 65.0}, {"x": 232.0, "y": 85.0}, {"x": 12.0, "y": 79.0}]}, "description": "merchant name"}, {"boundingPoly": {"vertices": [{"x": 13.0, "y": 83.0}, {"x": 152.0, "y": 83.0}, {"x": 152.0, "y": 102.0}, {"x": 13.0, "y": 102.0}]}, "description": "merchant address"}, {"boundingPoly": {"vertices": [{"x": 13.0, "y": 104.0}, {"x": 99.0, "y": 102.0}, {"x": 99.0, "y": 125.0}, {"x": 13.0, "y": 127.0}]}, "description": "merchant address"}, {"boundingPoly": {"vertices": [{"x": 13.0, "y": 128.0}, {"x": 140.0, "y": 124.0}, {"x": 141.0, "y": 144.0}, {"x": 14.0, "y": 148.0}]}, "description": "merchant phone"}, {"boundingPoly": {"vertices": [{"x": 13.0, "y": 172.0}, {"x": 39.0, "y": 172.0}, {"x": 39.0, "y": 185.0}, {"x": 13.0, "y": 185.0}]}, "description": "***"}, {"boundingPoly": {"vertices": [{"x": 41.0, "y": 171.0}, {"x": 116.0, "y": 169.0}, {"x": 116.0, "y": 188.0}, {"x": 42.0, "y": 190.0}]}, "description": "DINE-IN"}, {"boundingPoly": {"vertices": [{"x": 118.0, "y": 169.0}, {"x": 144.0, "y": 169.0}, {"x": 144.0, "y": 180.0}, {"x": 119.0, "y": 181.0}]}, "description": "***"}, {"boundingPoly": {"vertices": [{"x": 11.0, "y": 216.0}, {"x": 183.0, "y": 216.0}, {"x": 183.0, "y": 236.0}, {"x": 11.0, "y": 236.0}]}, "description": " ORDER NUMBER:"}, {"boundingPoly": {"vertices": [{"x": 10.0, "y": 239.0}, {"x": 107.0, "y": 239.0}, {"x": 107.0, "y": 258.0}, {"x": 10.0, "y": 258.0}]}, "description": " SERVER:"}, {"boundingPoly": {"vertices": [{"x": 12.0, "y": 261.0}, {"x": 233.0, "y": 261.0}, {"x": 233.0, "y": 281.0}, {"x": 12.0, "y": 281.0}]}, "description": " 11/20/2019 12:40:49 PM"}, {"boundingPoly": {"vertices": [{"x": 222.0, "y": 217.0}, {"x": 259.0, "y": 216.0}, {"x": 259.0, "y": 233.0}, {"x": 223.0, "y": 234.0}]}, "description": "040"}, {"boundingPoly": {"vertices": [{"x": 110.0, "y": 239.0}, {"x": 186.0, "y": 239.0}, {"x": 186.0, "y": 258.0}, {"x": 110.0, "y": 258.0}]}, "description": " eliodoro"}, {"boundingPoly": {"vertices": [{"x": 12.0, "y": 331.0}, {"x": 26.0, "y": 334.0}, {"x": 24.0, "y": 348.0}, {"x": 10.0, "y": 345.0}]}, "description": "1"}, {"boundingPoly": {"vertices": [{"x": 56.0, "y": 332.0}, {"x": 174.0, "y": 332.0}, {"x": 174.0, "y": 350.0}, {"x": 56.0, "y": 350.0}]}, "description": "2 Meat Plate"}, {"boundingPoly": {"vertices": [{"x": 69.0, "y": 354.0}, {"x": 133.0, "y": 355.0}, {"x": 133.0, "y": 373.0}, {"x": 69.0, "y": 372.0}]}, "description": "Brisket"}, {"boundingPoly": {"vertices": [{"x": 69.0, "y": 376.0}, {"x": 130.0, "y": 378.0}, {"x": 130.0, "y": 398.0}, {"x": 68.0, "y": 396.0}]}, "description": "Turkey"}, {"boundingPoly": {"vertices": [{"x": 57.0, "y": 399.0}, {"x": 106.0, "y": 401.0}, {"x": 105.0, "y": 417.0}, {"x": 56.0, "y": 416.0}]}, "description": "Soda"}, {"boundingPoly": {"vertices": [{"x": 351.0, "y": 332.0}, {"x": 417.0, "y": 331.0}, {"x": 417.0, "y": 349.0}, {"x": 351.0, "y": 350.0}]}, "description": "$14.99"}, {"boundingPoly": {"vertices": [{"x": 14.0, "y": 401.0}, {"x": 27.0, "y": 402.0}, {"x": 26.0, "y": 416.0}, {"x": 13.0, "y": 415.0}]}, "description": "1"}, {"boundingPoly": {"vertices": [{"x": 364.0, "y": 399.0}, {"x": 420.0, "y": 398.0}, {"x": 420.0, "y": 416.0}, {"x": 365.0, "y": 417.0}]}, "description": "$2.25"}, {"boundingPoly": {"vertices": [{"x": 110.0, "y": 466.0}, {"x": 214.0, "y": 466.0}, {"x": 214.0, "y": 483.0}, {"x": 110.0, "y": 483.0}]}, "description": "SUBTOTAL"}, {"boundingPoly": {"vertices": [{"x": 171.0, "y": 488.0}, {"x": 212.0, "y": 488.0}, {"x": 212.0, "y": 505.0}, {"x": 171.0, "y": 505.0}]}, "description": " TAX:"}, {"boundingPoly": {"vertices": [{"x": 119.0, "y": 512.0}, {"x": 213.0, "y": 512.0}, {"x": 213.0, "y": 536.0}, {"x": 119.0, "y": 536.0}]}, "description": " TOTAL:"}, {"boundingPoly": {"vertices": [{"x": 161.0, "y": 543.0}, {"x": 214.0, "y": 543.0}, {"x": 214.0, "y": 560.0}, {"x": 161.0, "y": 560.0}]}, "description": " Amex:"}, {"boundingPoly": {"vertices": [{"x": 26.0, "y": 563.0}, {"x": 266.0, "y": 563.0}, {"x": 266.0, "y": 583.0}, {"x": 26.0, "y": 583.0}]}, "description": " PAN:XXXXXXXXXXX1009"}, {"boundingPoly": {"vertices": [{"x": 25.0, "y": 586.0}, {"x": 155.0, "y": 586.0}, {"x": 155.0, "y": 606.0}, {"x": 25.0, "y": 606.0}]}, "description": " AUTH:519842"}, {"boundingPoly": {"vertices": [{"x": 25.0, "y": 608.0}, {"x": 82.0, "y": 608.0}, {"x": 82.0, "y": 628.0}, {"x": 25.0, "y": 628.0}]}, "description": " Token:"}, {"boundingPoly": {"vertices": [{"x": 24.0, "y": 629.0}, {"x": 93.0, "y": 629.0}, {"x": 93.0, "y": 655.0}, {"x": 24.0, "y": 655.0}]}, "description": " Expires:"}, {"boundingPoly": {"vertices": [{"x": 356.0, "y": 466.0}, {"x": 420.0, "y": 466.0}, {"x": 420.0, "y": 484.0}, {"x": 356.0, "y": 485.0}]}, "description": "$17.24"}, {"boundingPoly": {"vertices": [{"x": 364.0, "y": 488.0}, {"x": 416.0, "y": 488.0}, {"x": 415.0, "y": 507.0}, {"x": 364.0, "y": 507.0}]}, "description": "$1.42"}, {"boundingPoly": {"vertices": [{"x": 333.0, "y": 513.0}, {"x": 416.0, "y": 513.0}, {"x": 416.0, "y": 537.0}, {"x": 333.0, "y": 537.0}]}, "description": "$18.66"}, {"boundingPoly": {"vertices": [{"x": 356.0, "y": 543.0}, {"x": 417.0, "y": 544.0}, {"x": 417.0, "y": 562.0}, {"x": 356.0, "y": 562.0}]}, "description": "$18.66"}, {"boundingPoly": {"vertices": [{"x": 85.0, "y": 608.0}, {"x": 198.0, "y": 608.0}, {"x": 198.0, "y": 627.0}, {"x": 85.0, "y": 627.0}]}, "description": " 1481052094"}, {"boundingPoly": {"vertices": [{"x": 97.0, "y": 629.0}, {"x": 151.0, "y": 629.0}, {"x": 151.0, "y": 653.0}, {"x": 97.0, "y": 653.0}]}, "description": " 10/23"}, {"boundingPoly": {"vertices": [{"x": 126.0, "y": 653.0}, {"x": 217.0, "y": 653.0}, {"x": 217.0, "y": 673.0}, {"x": 126.0, "y": 673.0}]}, "description": " CHANGE:"}, {"boundingPoly": {"vertices": [{"x": 368.0, "y": 654.0}, {"x": 423.0, "y": 655.0}, {"x": 422.0, "y": 673.0}, {"x": 368.0, "y": 673.0}]}, "description": "$0.00"}, {"boundingPoly": {"vertices": [{"x": 12.0, "y": 796.0}, {"x": 153.0, "y": 796.0}, {"x": 153.0, "y": 818.0}, {"x": 12.0, "y": 818.0}]}, "description": "B000107043"}, {"boundingPoly": {"vertices": [{"x": 11.0, "y": 849.0}, {"x": 137.0, "y": 851.0}, {"x": 136.0, "y": 874.0}, {"x": 11.0, "y": 872.0}]}, "description": "000107043"}]}