{"textAnnotations": [{"boundingPoly": {"vertices": [{"x": 713.0, "y": 18.0}, {"x": 856.0, "y": 19.0}, {"x": 855.0, "y": 107.0}, {"x": 716.0, "y": 106.0}]}, "description": "\u56fd\u7a96"}, {"boundingPoly": {"vertices": [{"x": 604.0, "y": 123.0}, {"x": 955.0, "y": 114.0}, {"x": 956.0, "y": 143.0}, {"x": 604.0, "y": 153.0}]}, "description": "merchant name"}, {"boundingPoly": {"vertices": [{"x": 841.0, "y": 170.0}, {"x": 1035.0, "y": 170.0}, {"x": 1035.0, "y": 219.0}, {"x": 841.0, "y": 219.0}]}, "description": " ( \u4e9a \u6d32 \u5ee3 \u5834 )"}, {"boundingPoly": {"vertices": [{"x": 507.0, "y": 239.0}, {"x": 1059.0, "y": 222.0}, {"x": 1060.0, "y": 265.0}, {"x": 508.0, "y": 280.0}]}, "description": "merchant name"}, {"boundingPoly": {"vertices": [{"x": 602.0, "y": 287.0}, {"x": 961.0, "y": 278.0}, {"x": 962.0, "y": 320.0}, {"x": 603.0, "y": 328.0}]}, "description": "merchant address"}, {"boundingPoly": {"vertices": [{"x": 814.0, "y": 331.0}, {"x": 847.0, "y": 331.0}, {"x": 847.0, "y": 366.0}, {"x": 814.0, "y": 366.0}]}, "description": "merchant address"}, {"boundingPoly": {"vertices": [{"x": 533.0, "y": 176.0}, {"x": 821.0, "y": 176.0}, {"x": 821.0, "y": 231.0}, {"x": 533.0, "y": 231.0}]}, "description": " \u5fa1 \u5bf6 \u81f3 \u5c0a \u70e4 \u9e2d \u5e97"}, {"boundingPoly": {"vertices": [{"x": 554.0, "y": 333.0}, {"x": 808.0, "y": 333.0}, {"x": 808.0, "y": 374.0}, {"x": 554.0, "y": 374.0}]}, "description": "merchant address"}, {"boundingPoly": {"vertices": [{"x": 566.0, "y": 398.0}, {"x": 849.0, "y": 398.0}, {"x": 849.0, "y": 443.0}, {"x": 566.0, "y": 443.0}]}, "description": "merchant phone"}, {"boundingPoly": {"vertices": [{"x": 671.0, "y": 476.0}, {"x": 892.0, "y": 468.0}, {"x": 893.0, "y": 500.0}, {"x": 672.0, "y": 507.0}]}, "description": "** Guest Check **"}, {"boundingPoly": {"vertices": [{"x": 853.0, "y": 325.0}, {"x": 988.0, "y": 325.0}, {"x": 988.0, "y": 364.0}, {"x": 853.0, "y": 364.0}]}, "description": "merchant address"}, {"boundingPoly": {"vertices": [{"x": 854.0, "y": 392.0}, {"x": 1051.0, "y": 392.0}, {"x": 1051.0, "y": 433.0}, {"x": 854.0, "y": 433.0}]}, "description": " (65)6636 1979"}, {"boundingPoly": {"vertices": [{"x": 994.0, "y": 324.0}, {"x": 1005.0, "y": 324.0}, {"x": 1005.0, "y": 359.0}, {"x": 994.0, "y": 359.0}]}, "description": "merchant address"}, {"boundingPoly": {"vertices": [{"x": 1011.0, "y": 323.0}, {"x": 1037.0, "y": 323.0}, {"x": 1037.0, "y": 358.0}, {"x": 1011.0, "y": 358.0}]}, "description": "merchant address"}, {"boundingPoly": {"vertices": [{"x": 567.0, "y": 374.0}, {"x": 992.0, "y": 360.0}, {"x": 993.0, "y": 392.0}, {"x": 567.0, "y": 406.0}]}, "description": "merchant address"}, {"boundingPoly": {"vertices": [{"x": 805.0, "y": 429.0}, {"x": 1002.0, "y": 429.0}, {"x": 1002.0, "y": 470.0}, {"x": 805.0, "y": 470.0}]}, "description": " :M9-0010008-Y"}, {"boundingPoly": {"vertices": [{"x": 513.0, "y": 409.0}, {"x": 562.0, "y": 409.0}, {"x": 562.0, "y": 446.0}, {"x": 513.0, "y": 446.0}]}, "description": " Tel:"}, {"boundingPoly": {"vertices": [{"x": 563.0, "y": 437.0}, {"x": 799.0, "y": 437.0}, {"x": 799.0, "y": 478.0}, {"x": 563.0, "y": 478.0}]}, "description": " GST Registration"}, {"boundingPoly": {"vertices": [{"x": 479.0, "y": 552.0}, {"x": 648.0, "y": 552.0}, {"x": 648.0, "y": 604.0}, {"x": 479.0, "y": 604.0}]}, "description": " Check:"}, {"boundingPoly": {"vertices": [{"x": 481.0, "y": 629.0}, {"x": 786.0, "y": 629.0}, {"x": 786.0, "y": 676.0}, {"x": 481.0, "y": 676.0}]}, "description": " Table:C9 (309)"}, {"boundingPoly": {"vertices": [{"x": 660.0, "y": 685.0}, {"x": 840.0, "y": 685.0}, {"x": 840.0, "y": 722.0}, {"x": 660.0, "y": 722.0}]}, "description": " : 2019-11-21"}, {"boundingPoly": {"vertices": [{"x": 660.0, "y": 721.0}, {"x": 883.0, "y": 721.0}, {"x": 883.0, "y": 756.0}, {"x": 660.0, "y": 756.0}]}, "description": " : Wong Pooi Lan"}, {"boundingPoly": {"vertices": [{"x": 662.0, "y": 758.0}, {"x": 712.0, "y": 758.0}, {"x": 712.0, "y": 790.0}, {"x": 662.0, "y": 790.0}]}, "description": " : 4"}, {"boundingPoly": {"vertices": [{"x": 657.0, "y": 547.0}, {"x": 831.0, "y": 547.0}, {"x": 831.0, "y": 601.0}, {"x": 657.0, "y": 601.0}]}, "description": " 124871"}, {"boundingPoly": {"vertices": [{"x": 476.0, "y": 687.0}, {"x": 613.0, "y": 689.0}, {"x": 612.0, "y": 721.0}, {"x": 476.0, "y": 719.0}]}, "description": "Date/Time"}, {"boundingPoly": {"vertices": [{"x": 479.0, "y": 723.0}, {"x": 606.0, "y": 723.0}, {"x": 606.0, "y": 755.0}, {"x": 479.0, "y": 755.0}]}, "description": "Print By"}, {"boundingPoly": {"vertices": [{"x": 479.0, "y": 759.0}, {"x": 656.0, "y": 759.0}, {"x": 656.0, "y": 791.0}, {"x": 479.0, "y": 791.0}]}, "description": " No. of Guest"}, {"boundingPoly": {"vertices": [{"x": 938.0, "y": 677.0}, {"x": 1060.0, "y": 677.0}, {"x": 1060.0, "y": 714.0}, {"x": 938.0, "y": 714.0}]}, "description": " 12:15:32"}, {"boundingPoly": {"vertices": [{"x": 483.0, "y": 835.0}, {"x": 496.0, "y": 837.0}, {"x": 493.0, "y": 854.0}, {"x": 480.0, "y": 852.0}]}, "description": "4"}, {"boundingPoly": {"vertices": [{"x": 554.0, "y": 829.0}, {"x": 796.0, "y": 829.0}, {"x": 796.0, "y": 861.0}, {"x": 554.0, "y": 860.0}]}, "description": "Chinese Tea (pax)"}, {"boundingPoly": {"vertices": [{"x": 549.0, "y": 863.0}, {"x": 661.0, "y": 865.0}, {"x": 660.0, "y": 894.0}, {"x": 549.0, "y": 892.0}]}, "description": "Pickles"}, {"boundingPoly": {"vertices": [{"x": 552.0, "y": 896.0}, {"x": 834.0, "y": 897.0}, {"x": 834.0, "y": 929.0}, {"x": 552.0, "y": 928.0}]}, "description": "Twin Combination of"}, {"boundingPoly": {"vertices": [{"x": 549.0, "y": 930.0}, {"x": 798.0, "y": 931.0}, {"x": 798.0, "y": 964.0}, {"x": 548.0, "y": 961.0}]}, "description": "Barbecue Meat (S)"}, {"boundingPoly": {"vertices": [{"x": 536.0, "y": 965.0}, {"x": 692.0, "y": 966.0}, {"x": 692.0, "y": 998.0}, {"x": 536.0, "y": 997.0}]}, "description": "Roast Pork"}, {"boundingPoly": {"vertices": [{"x": 551.0, "y": 1000.0}, {"x": 598.0, "y": 1000.0}, {"x": 598.0, "y": 1033.0}, {"x": 551.0, "y": 1033.0}]}, "description": " \u53c9 \u70e7"}, {"boundingPoly": {"vertices": [{"x": 551.0, "y": 1037.0}, {"x": 934.0, "y": 1037.0}, {"x": 934.0, "y": 1071.0}, {"x": 551.0, "y": 1069.0}]}, "description": "Baked Barbecue Pork Pastry"}, {"boundingPoly": {"vertices": [{"x": 551.0, "y": 1072.0}, {"x": 928.0, "y": 1072.0}, {"x": 928.0, "y": 1106.0}, {"x": 551.0, "y": 1105.0}]}, "description": "Steamed Prawn Dumpling 'Ha"}, {"boundingPoly": {"vertices": [{"x": 547.0, "y": 1110.0}, {"x": 603.0, "y": 1109.0}, {"x": 602.0, "y": 1139.0}, {"x": 547.0, "y": 1140.0}]}, "description": "Kau"}, {"boundingPoly": {"vertices": [{"x": 549.0, "y": 1145.0}, {"x": 863.0, "y": 1143.0}, {"x": 863.0, "y": 1175.0}, {"x": 549.0, "y": 1177.0}]}, "description": "Steamed Shrimp & Pork"}, {"boundingPoly": {"vertices": [{"x": 548.0, "y": 1182.0}, {"x": 933.0, "y": 1180.0}, {"x": 933.0, "y": 1214.0}, {"x": 548.0, "y": 1216.0}]}, "description": "Dumpling with Shrimp Roe'S"}, {"boundingPoly": {"vertices": [{"x": 549.0, "y": 1219.0}, {"x": 669.0, "y": 1217.0}, {"x": 669.0, "y": 1248.0}, {"x": 550.0, "y": 1251.0}]}, "description": "iew Mai'"}, {"boundingPoly": {"vertices": [{"x": 549.0, "y": 1255.0}, {"x": 922.0, "y": 1253.0}, {"x": 923.0, "y": 1287.0}, {"x": 549.0, "y": 1288.0}]}, "description": "Fried Carrot Cake with XO"}, {"boundingPoly": {"vertices": [{"x": 543.0, "y": 1296.0}, {"x": 626.0, "y": 1297.0}, {"x": 625.0, "y": 1325.0}, {"x": 544.0, "y": 1324.0}]}, "description": "Sauce"}, {"boundingPoly": {"vertices": [{"x": 543.0, "y": 1331.0}, {"x": 760.0, "y": 1329.0}, {"x": 760.0, "y": 1363.0}, {"x": 543.0, "y": 1366.0}]}, "description": "Baked Egg Tart"}, {"boundingPoly": {"vertices": [{"x": 541.0, "y": 1366.0}, {"x": 926.0, "y": 1367.0}, {"x": 926.0, "y": 1405.0}, {"x": 541.0, "y": 1404.0}]}, "description": "Beancurd Roll With Shrimp"}, {"boundingPoly": {"vertices": [{"x": 543.0, "y": 1406.0}, {"x": 804.0, "y": 1406.0}, {"x": 805.0, "y": 1440.0}, {"x": 543.0, "y": 1440.0}]}, "description": "Steam Custard Bun"}, {"boundingPoly": {"vertices": [{"x": 542.0, "y": 1445.0}, {"x": 793.0, "y": 1445.0}, {"x": 793.0, "y": 1480.0}, {"x": 541.0, "y": 1479.0}]}, "description": "Poached Seasonal"}, {"boundingPoly": {"vertices": [{"x": 544.0, "y": 1483.0}, {"x": 866.0, "y": 1484.0}, {"x": 866.0, "y": 1519.0}, {"x": 544.0, "y": 1519.0}]}, "description": "Vegetables in Chicken"}, {"boundingPoly": {"vertices": [{"x": 541.0, "y": 1521.0}, {"x": 678.0, "y": 1521.0}, {"x": 678.0, "y": 1556.0}, {"x": 541.0, "y": 1555.0}]}, "description": "Broth (S)"}, {"boundingPoly": {"vertices": [{"x": 1020.0, "y": 821.0}, {"x": 1092.0, "y": 819.0}, {"x": 1092.0, "y": 849.0}, {"x": 1021.0, "y": 851.0}]}, "description": "12.00"}, {"boundingPoly": {"vertices": [{"x": 1028.0, "y": 857.0}, {"x": 1094.0, "y": 854.0}, {"x": 1096.0, "y": 884.0}, {"x": 1029.0, "y": 886.0}]}, "description": "3.00"}, {"boundingPoly": {"vertices": [{"x": 1015.0, "y": 892.0}, {"x": 1091.0, "y": 890.0}, {"x": 1092.0, "y": 919.0}, {"x": 1016.0, "y": 921.0}]}, "description": "26.00"}, {"boundingPoly": {"vertices": [{"x": 480.0, "y": 900.0}, {"x": 492.0, "y": 901.0}, {"x": 490.0, "y": 917.0}, {"x": 478.0, "y": 916.0}]}, "description": "1"}, {"boundingPoly": {"vertices": [{"x": 1032.0, "y": 962.0}, {"x": 1095.0, "y": 961.0}, {"x": 1095.0, "y": 991.0}, {"x": 1033.0, "y": 992.0}]}, "description": "0.00"}, {"boundingPoly": {"vertices": [{"x": 1032.0, "y": 999.0}, {"x": 1096.0, "y": 997.0}, {"x": 1096.0, "y": 1027.0}, {"x": 1034.0, "y": 1029.0}]}, "description": "0.00"}, {"boundingPoly": {"vertices": [{"x": 1033.0, "y": 1034.0}, {"x": 1096.0, "y": 1033.0}, {"x": 1096.0, "y": 1061.0}, {"x": 1034.0, "y": 1063.0}]}, "description": "6.00"}, {"boundingPoly": {"vertices": [{"x": 1035.0, "y": 1072.0}, {"x": 1099.0, "y": 1071.0}, {"x": 1099.0, "y": 1101.0}, {"x": 1036.0, "y": 1102.0}]}, "description": "6.80"}, {"boundingPoly": {"vertices": [{"x": 621.0, "y": 1000.0}, {"x": 629.0, "y": 1000.0}, {"x": 629.0, "y": 1032.0}, {"x": 621.0, "y": 1032.0}]}, "description": " ("}, {"boundingPoly": {"vertices": [{"x": 635.0, "y": 1000.0}, {"x": 680.0, "y": 1000.0}, {"x": 680.0, "y": 1032.0}, {"x": 635.0, "y": 1032.0}]}, "description": " \u62fc )"}, {"boundingPoly": {"vertices": [{"x": 479.0, "y": 1078.0}, {"x": 493.0, "y": 1078.0}, {"x": 492.0, "y": 1096.0}, {"x": 478.0, "y": 1096.0}]}, "description": "1"}, {"boundingPoly": {"vertices": [{"x": 479.0, "y": 1152.0}, {"x": 489.0, "y": 1152.0}, {"x": 488.0, "y": 1172.0}, {"x": 478.0, "y": 1171.0}]}, "description": "1"}, {"boundingPoly": {"vertices": [{"x": 1036.0, "y": 1143.0}, {"x": 1100.0, "y": 1142.0}, {"x": 1100.0, "y": 1173.0}, {"x": 1036.0, "y": 1173.0}]}, "description": "6.20"}, {"boundingPoly": {"vertices": [{"x": 1031.0, "y": 1255.0}, {"x": 1109.0, "y": 1256.0}, {"x": 1108.0, "y": 1288.0}, {"x": 1030.0, "y": 1287.0}]}, "description": "12.00"}, {"boundingPoly": {"vertices": [{"x": 1041.0, "y": 1331.0}, {"x": 1108.0, "y": 1332.0}, {"x": 1107.0, "y": 1365.0}, {"x": 1041.0, "y": 1365.0}]}, "description": "5.70"}, {"boundingPoly": {"vertices": [{"x": 1043.0, "y": 1369.0}, {"x": 1108.0, "y": 1371.0}, {"x": 1108.0, "y": 1402.0}, {"x": 1043.0, "y": 1401.0}]}, "description": "6.20"}, {"boundingPoly": {"vertices": [{"x": 1043.0, "y": 1407.0}, {"x": 1109.0, "y": 1407.0}, {"x": 1109.0, "y": 1440.0}, {"x": 1043.0, "y": 1440.0}]}, "description": "6.30"}, {"boundingPoly": {"vertices": [{"x": 1026.0, "y": 1447.0}, {"x": 1111.0, "y": 1447.0}, {"x": 1111.0, "y": 1479.0}, {"x": 1026.0, "y": 1479.0}]}, "description": "20.00"}, {"boundingPoly": {"vertices": [{"x": 470.0, "y": 1414.0}, {"x": 486.0, "y": 1414.0}, {"x": 485.0, "y": 1432.0}, {"x": 469.0, "y": 1433.0}]}, "description": "1"}, {"boundingPoly": {"vertices": [{"x": 469.0, "y": 1452.0}, {"x": 482.0, "y": 1452.0}, {"x": 481.0, "y": 1471.0}, {"x": 468.0, "y": 1471.0}]}, "description": "1"}, {"boundingPoly": {"vertices": [{"x": 742.0, "y": 1598.0}, {"x": 896.0, "y": 1598.0}, {"x": 896.0, "y": 1640.0}, {"x": 742.0, "y": 1640.0}]}, "description": " Sub-total:"}, {"boundingPoly": {"vertices": [{"x": 711.0, "y": 1640.0}, {"x": 894.0, "y": 1640.0}, {"x": 894.0, "y": 1678.0}, {"x": 711.0, "y": 1678.0}]}, "description": " Service 10%:"}, {"boundingPoly": {"vertices": [{"x": 775.0, "y": 1677.0}, {"x": 873.0, "y": 1677.0}, {"x": 873.0, "y": 1715.0}, {"x": 775.0, "y": 1715.0}]}, "description": " 7% GST"}, {"boundingPoly": {"vertices": [{"x": 1019.0, "y": 1606.0}, {"x": 1111.0, "y": 1607.0}, {"x": 1111.0, "y": 1640.0}, {"x": 1019.0, "y": 1639.0}]}, "description": "110.20"}, {"boundingPoly": {"vertices": [{"x": 1040.0, "y": 1645.0}, {"x": 1116.0, "y": 1646.0}, {"x": 1114.0, "y": 1679.0}, {"x": 1040.0, "y": 1679.0}]}, "description": "11.02"}, {"boundingPoly": {"vertices": [{"x": 1051.0, "y": 1685.0}, {"x": 1117.0, "y": 1685.0}, {"x": 1117.0, "y": 1718.0}, {"x": 1051.0, "y": 1718.0}]}, "description": "8.49"}, {"boundingPoly": {"vertices": [{"x": 878.0, "y": 1680.0}, {"x": 898.0, "y": 1680.0}, {"x": 898.0, "y": 1716.0}, {"x": 878.0, "y": 1716.0}]}, "description": " :"}, {"boundingPoly": {"vertices": [{"x": 558.0, "y": 1760.0}, {"x": 788.0, "y": 1760.0}, {"x": 788.0, "y": 1813.0}, {"x": 558.0, "y": 1813.0}]}, "description": " Please Pay:"}, {"boundingPoly": {"vertices": [{"x": 983.0, "y": 1765.0}, {"x": 1118.0, "y": 1768.0}, {"x": 1118.0, "y": 1814.0}, {"x": 982.0, "y": 1813.0}]}, "description": "129.71"}]}