{"textAnnotations": [{"boundingPoly": {"vertices": [{"x": 39.0, "y": 37.0}, {"x": 171.0, "y": 37.0}, {"x": 172.0, "y": 63.0}, {"x": 39.0, "y": 63.0}]}, "description": "merchant name"}, {"boundingPoly": {"vertices": [{"x": 281.0, "y": 37.0}, {"x": 310.0, "y": 37.0}, {"x": 310.0, "y": 50.0}, {"x": 281.0, "y": 50.0}]}, "description": " Total:"}, {"boundingPoly": {"vertices": [{"x": 253.0, "y": 55.0}, {"x": 352.0, "y": 54.0}, {"x": 352.0, "y": 67.0}, {"x": 253.0, "y": 67.0}]}, "description": "Sat, Nov 30, 2019"}, {"boundingPoly": {"vertices": [{"x": 312.0, "y": 38.0}, {"x": 352.0, "y": 38.0}, {"x": 352.0, "y": 50.0}, {"x": 312.0, "y": 50.0}]}, "description": " $25.23"}, {"boundingPoly": {"vertices": [{"x": 39.0, "y": 114.0}, {"x": 338.0, "y": 115.0}, {"x": 337.0, "y": 148.0}, {"x": 39.0, "y": 144.0}]}, "description": "Thanks for tipping,"}, {"boundingPoly": {"vertices": [{"x": 40.0, "y": 201.0}, {"x": 324.0, "y": 201.0}, {"x": 324.0, "y": 222.0}, {"x": 40.0, "y": 222.0}]}, "description": "Here's your updated receipt for"}, {"boundingPoly": {"vertices": [{"x": 38.0, "y": 225.0}, {"x": 157.0, "y": 225.0}, {"x": 157.0, "y": 248.0}, {"x": 38.0, "y": 248.0}]}, "description": "India Palace."}, {"boundingPoly": {"vertices": [{"x": 40.0, "y": 486.0}, {"x": 98.0, "y": 486.0}, {"x": 98.0, "y": 508.0}, {"x": 40.0, "y": 508.0}]}, "description": "Total"}, {"boundingPoly": {"vertices": [{"x": 269.0, "y": 485.0}, {"x": 353.0, "y": 485.0}, {"x": 353.0, "y": 508.0}, {"x": 269.0, "y": 508.0}]}, "description": "$25.23"}, {"boundingPoly": {"vertices": [{"x": 51.0, "y": 578.0}, {"x": 58.0, "y": 577.0}, {"x": 58.0, "y": 589.0}, {"x": 50.0, "y": 590.0}]}, "description": "1"}, {"boundingPoly": {"vertices": [{"x": 76.0, "y": 577.0}, {"x": 191.0, "y": 578.0}, {"x": 191.0, "y": 593.0}, {"x": 76.0, "y": 593.0}]}, "description": "Chicken Korma"}, {"boundingPoly": {"vertices": [{"x": 300.0, "y": 577.0}, {"x": 353.0, "y": 577.0}, {"x": 353.0, "y": 593.0}, {"x": 300.0, "y": 593.0}]}, "description": "$12.95"}, {"boundingPoly": {"vertices": [{"x": 49.0, "y": 615.0}, {"x": 60.0, "y": 615.0}, {"x": 60.0, "y": 630.0}, {"x": 49.0, "y": 630.0}]}, "description": "2"}, {"boundingPoly": {"vertices": [{"x": 77.0, "y": 615.0}, {"x": 156.0, "y": 616.0}, {"x": 156.0, "y": 631.0}, {"x": 77.0, "y": 630.0}]}, "description": "Plain Naan"}, {"boundingPoly": {"vertices": [{"x": 310.0, "y": 616.0}, {"x": 352.0, "y": 616.0}, {"x": 353.0, "y": 630.0}, {"x": 310.0, "y": 631.0}]}, "description": "$2.00"}, {"boundingPoly": {"vertices": [{"x": 40.0, "y": 707.0}, {"x": 105.0, "y": 707.0}, {"x": 105.0, "y": 722.0}, {"x": 40.0, "y": 722.0}]}, "description": "Subtotal"}, {"boundingPoly": {"vertices": [{"x": 300.0, "y": 706.0}, {"x": 352.0, "y": 706.0}, {"x": 352.0, "y": 722.0}, {"x": 300.0, "y": 722.0}]}, "description": "$16.95"}, {"boundingPoly": {"vertices": [{"x": 40.0, "y": 746.0}, {"x": 67.0, "y": 746.0}, {"x": 67.0, "y": 761.0}, {"x": 40.0, "y": 761.0}]}, "description": "Tax"}, {"boundingPoly": {"vertices": [{"x": 310.0, "y": 745.0}, {"x": 352.0, "y": 745.0}, {"x": 353.0, "y": 760.0}, {"x": 310.0, "y": 761.0}]}, "description": "$1.46"}, {"boundingPoly": {"vertices": [{"x": 41.0, "y": 784.0}, {"x": 126.0, "y": 784.0}, {"x": 126.0, "y": 799.0}, {"x": 41.0, "y": 799.0}]}, "description": "Service fee"}, {"boundingPoly": {"vertices": [{"x": 310.0, "y": 783.0}, {"x": 352.0, "y": 784.0}, {"x": 352.0, "y": 799.0}, {"x": 310.0, "y": 799.0}]}, "description": "$2.54"}, {"boundingPoly": {"vertices": [{"x": 41.0, "y": 822.0}, {"x": 128.0, "y": 822.0}, {"x": 128.0, "y": 838.0}, {"x": 41.0, "y": 838.0}]}, "description": "Delivery fee"}, {"boundingPoly": {"vertices": [{"x": 310.0, "y": 821.0}, {"x": 352.0, "y": 821.0}, {"x": 352.0, "y": 836.0}, {"x": 310.0, "y": 837.0}]}, "description": "$1.99"}, {"boundingPoly": {"vertices": [{"x": 40.0, "y": 859.0}, {"x": 66.0, "y": 860.0}, {"x": 66.0, "y": 877.0}, {"x": 39.0, "y": 875.0}]}, "description": "Tip"}, {"boundingPoly": {"vertices": [{"x": 310.0, "y": 859.0}, {"x": 352.0, "y": 860.0}, {"x": 352.0, "y": 875.0}, {"x": 310.0, "y": 875.0}]}, "description": "$2.29"}, {"boundingPoly": {"vertices": [{"x": 41.0, "y": 951.0}, {"x": 169.0, "y": 951.0}, {"x": 169.0, "y": 968.0}, {"x": 41.0, "y": 968.0}]}, "description": "Amount Charged"}, {"boundingPoly": {"vertices": [{"x": 54.0, "y": 987.0}, {"x": 73.0, "y": 986.0}, {"x": 73.0, "y": 997.0}, {"x": 54.0, "y": 998.0}]}, "description": "AM"}, {"boundingPoly": {"vertices": [{"x": 55.0, "y": 995.0}, {"x": 74.0, "y": 995.0}, {"x": 73.0, "y": 1004.0}, {"x": 55.0, "y": 1004.0}]}, "description": "EX"}, {"boundingPoly": {"vertices": [{"x": 85.0, "y": 991.0}, {"x": 206.0, "y": 992.0}, {"x": 206.0, "y": 1007.0}, {"x": 85.0, "y": 1006.0}]}, "description": ".... 1006 Switch"}, {"boundingPoly": {"vertices": [{"x": 301.0, "y": 995.0}, {"x": 353.0, "y": 995.0}, {"x": 353.0, "y": 1010.0}, {"x": 301.0, "y": 1010.0}]}, "description": "$25.23"}]}