{"textAnnotations": [{"boundingPoly": {"vertices": [{"x": 989.0, "y": 403.0}, {"x": 1062.0, "y": 403.0}, {"x": 1062.0, "y": 457.0}, {"x": 990.0, "y": 456.0}]}, "description": "#11"}, {"boundingPoly": {"vertices": [{"x": 1104.0, "y": 406.0}, {"x": 1271.0, "y": 406.0}, {"x": 1271.0, "y": 458.0}, {"x": 1104.0, "y": 459.0}]}, "description": "(\u5802\u98df1)"}, {"boundingPoly": {"vertices": [{"x": 1092.0, "y": 482.0}, {"x": 1390.0, "y": 484.0}, {"x": 1389.0, "y": 510.0}, {"x": 1092.0, "y": 506.0}]}, "description": "merchant address"}, {"boundingPoly": {"vertices": [{"x": 1103.0, "y": 511.0}, {"x": 1377.0, "y": 513.0}, {"x": 1376.0, "y": 539.0}, {"x": 1103.0, "y": 536.0}]}, "description": "merchant address"}, {"boundingPoly": {"vertices": [{"x": 1134.0, "y": 541.0}, {"x": 1188.0, "y": 541.0}, {"x": 1188.0, "y": 567.0}, {"x": 1134.0, "y": 567.0}]}, "description": " Tel:"}, {"boundingPoly": {"vertices": [{"x": 1116.0, "y": 569.0}, {"x": 1180.0, "y": 569.0}, {"x": 1180.0, "y": 596.0}, {"x": 1116.0, "y": 596.0}]}, "description": " HST#:"}, {"boundingPoly": {"vertices": [{"x": 1090.0, "y": 605.0}, {"x": 1203.0, "y": 606.0}, {"x": 1202.0, "y": 618.0}, {"x": 1090.0, "y": 617.0}]}, "description": "==========="}, {"boundingPoly": {"vertices": [{"x": 1098.0, "y": 626.0}, {"x": 1207.0, "y": 627.0}, {"x": 1207.0, "y": 652.0}, {"x": 1098.0, "y": 651.0}]}, "description": "11/8/2019"}, {"boundingPoly": {"vertices": [{"x": 1090.0, "y": 656.0}, {"x": 1167.0, "y": 656.0}, {"x": 1167.0, "y": 683.0}, {"x": 1090.0, "y": 683.0}]}, "description": " Server"}, {"boundingPoly": {"vertices": [{"x": 1079.0, "y": 686.0}, {"x": 1399.0, "y": 688.0}, {"x": 1399.0, "y": 713.0}, {"x": 1079.0, "y": 710.0}]}, "description": "******** Reprint 2 ********"}, {"boundingPoly": {"vertices": [{"x": 1110.0, "y": 453.0}, {"x": 1373.0, "y": 455.0}, {"x": 1372.0, "y": 481.0}, {"x": 1109.0, "y": 479.0}]}, "description": "merchant name"}, {"boundingPoly": {"vertices": [{"x": 1193.0, "y": 541.0}, {"x": 1349.0, "y": 541.0}, {"x": 1349.0, "y": 568.0}, {"x": 1193.0, "y": 568.0}]}, "description": "merchant phone"}, {"boundingPoly": {"vertices": [{"x": 1185.0, "y": 570.0}, {"x": 1361.0, "y": 570.0}, {"x": 1361.0, "y": 598.0}, {"x": 1185.0, "y": 598.0}]}, "description": " 790008916RT0001"}, {"boundingPoly": {"vertices": [{"x": 1469.0, "y": 612.0}, {"x": 1482.0, "y": 612.0}, {"x": 1482.0, "y": 621.0}, {"x": 1469.0, "y": 621.0}]}, "description": "="}, {"boundingPoly": {"vertices": [{"x": 1248.0, "y": 629.0}, {"x": 1313.0, "y": 629.0}, {"x": 1313.0, "y": 655.0}, {"x": 1248.0, "y": 655.0}]}, "description": " Time:"}, {"boundingPoly": {"vertices": [{"x": 1172.0, "y": 656.0}, {"x": 1357.0, "y": 656.0}, {"x": 1357.0, "y": 684.0}, {"x": 1172.0, "y": 684.0}]}, "description": " : PettyTable #:"}, {"boundingPoly": {"vertices": [{"x": 1318.0, "y": 630.0}, {"x": 1380.0, "y": 630.0}, {"x": 1380.0, "y": 655.0}, {"x": 1318.0, "y": 655.0}]}, "description": " 09:11"}, {"boundingPoly": {"vertices": [{"x": 1361.0, "y": 659.0}, {"x": 1387.0, "y": 659.0}, {"x": 1387.0, "y": 684.0}, {"x": 1361.0, "y": 684.0}]}, "description": " 11"}, {"boundingPoly": {"vertices": [{"x": 985.0, "y": 742.0}, {"x": 1010.0, "y": 742.0}, {"x": 1010.0, "y": 768.0}, {"x": 985.0, "y": 768.0}]}, "description": " 1"}, {"boundingPoly": {"vertices": [{"x": 1017.0, "y": 742.0}, {"x": 1275.0, "y": 742.0}, {"x": 1275.0, "y": 772.0}, {"x": 1017.0, "y": 772.0}]}, "description": " Beef Tendon w/Chu Hou"}, {"boundingPoly": {"vertices": [{"x": 1024.0, "y": 771.0}, {"x": 1152.0, "y": 772.0}, {"x": 1152.0, "y": 799.0}, {"x": 1024.0, "y": 797.0}]}, "description": "13.\u725b\u4ed4\u6839 L"}, {"boundingPoly": {"vertices": [{"x": 1016.0, "y": 801.0}, {"x": 1282.0, "y": 801.0}, {"x": 1282.0, "y": 830.0}, {"x": 1016.0, "y": 830.0}]}, "description": " Mushoom Bean Curd Roll"}, {"boundingPoly": {"vertices": [{"x": 1022.0, "y": 830.0}, {"x": 1129.0, "y": 831.0}, {"x": 1129.0, "y": 858.0}, {"x": 1022.0, "y": 856.0}]}, "description": "15.\u9c9c\u7af9\u5377"}, {"boundingPoly": {"vertices": [{"x": 1017.0, "y": 860.0}, {"x": 1260.0, "y": 860.0}, {"x": 1260.0, "y": 889.0}, {"x": 1017.0, "y": 889.0}]}, "description": " S/Sticky Rice w/Chic"}, {"boundingPoly": {"vertices": [{"x": 1022.0, "y": 888.0}, {"x": 1133.0, "y": 888.0}, {"x": 1132.0, "y": 915.0}, {"x": 1022.0, "y": 915.0}]}, "description": "16.\u73cd\u73e0\u96e3"}, {"boundingPoly": {"vertices": [{"x": 1016.0, "y": 918.0}, {"x": 1187.0, "y": 918.0}, {"x": 1187.0, "y": 944.0}, {"x": 1016.0, "y": 944.0}]}, "description": " Steam OXs Tail"}, {"boundingPoly": {"vertices": [{"x": 1022.0, "y": 945.0}, {"x": 1199.0, "y": 947.0}, {"x": 1199.0, "y": 973.0}, {"x": 1022.0, "y": 971.0}]}, "description": "18.\u679d\u7af9\u71f4\u725b\u5c3e L"}, {"boundingPoly": {"vertices": [{"x": 1015.0, "y": 974.0}, {"x": 1242.0, "y": 974.0}, {"x": 1242.0, "y": 1002.0}, {"x": 1015.0, "y": 1002.0}]}, "description": " BBQ Pork Rice Roll."}, {"boundingPoly": {"vertices": [{"x": 1017.0, "y": 1002.0}, {"x": 1129.0, "y": 1003.0}, {"x": 1129.0, "y": 1030.0}, {"x": 1017.0, "y": 1028.0}]}, "description": "37.\u53c9\u70e7\u8178"}, {"boundingPoly": {"vertices": [{"x": 1016.0, "y": 1033.0}, {"x": 1233.0, "y": 1033.0}, {"x": 1233.0, "y": 1059.0}, {"x": 1016.0, "y": 1059.0}]}, "description": " Person(tea /water)"}, {"boundingPoly": {"vertices": [{"x": 1019.0, "y": 1061.0}, {"x": 1081.0, "y": 1062.0}, {"x": 1081.0, "y": 1088.0}, {"x": 1019.0, "y": 1087.0}]}, "description": "\u8336/\u6c34"}, {"boundingPoly": {"vertices": [{"x": 979.0, "y": 1092.0}, {"x": 1111.0, "y": 1094.0}, {"x": 1111.0, "y": 1116.0}, {"x": 979.0, "y": 1114.0}]}, "description": "==========="}, {"boundingPoly": {"vertices": [{"x": 1420.0, "y": 746.0}, {"x": 1473.0, "y": 748.0}, {"x": 1472.0, "y": 775.0}, {"x": 1418.0, "y": 775.0}]}, "description": "5.90"}, {"boundingPoly": {"vertices": [{"x": 985.0, "y": 801.0}, {"x": 1010.0, "y": 801.0}, {"x": 1010.0, "y": 827.0}, {"x": 985.0, "y": 827.0}]}, "description": " 1"}, {"boundingPoly": {"vertices": [{"x": 1424.0, "y": 806.0}, {"x": 1473.0, "y": 807.0}, {"x": 1471.0, "y": 832.0}, {"x": 1422.0, "y": 831.0}]}, "description": "3.90"}, {"boundingPoly": {"vertices": [{"x": 985.0, "y": 859.0}, {"x": 1009.0, "y": 859.0}, {"x": 1009.0, "y": 885.0}, {"x": 985.0, "y": 885.0}]}, "description": " 1"}, {"boundingPoly": {"vertices": [{"x": 987.0, "y": 860.0}, {"x": 1003.0, "y": 860.0}, {"x": 1003.0, "y": 884.0}, {"x": 986.0, "y": 884.0}]}, "description": "1"}, {"boundingPoly": {"vertices": [{"x": 1419.0, "y": 862.0}, {"x": 1472.0, "y": 865.0}, {"x": 1470.0, "y": 892.0}, {"x": 1418.0, "y": 891.0}]}, "description": "3.90"}, {"boundingPoly": {"vertices": [{"x": 986.0, "y": 919.0}, {"x": 1006.0, "y": 919.0}, {"x": 1006.0, "y": 942.0}, {"x": 986.0, "y": 942.0}]}, "description": " 1"}, {"boundingPoly": {"vertices": [{"x": 1425.0, "y": 925.0}, {"x": 1471.0, "y": 924.0}, {"x": 1469.0, "y": 949.0}, {"x": 1423.0, "y": 950.0}]}, "description": "5.90"}, {"boundingPoly": {"vertices": [{"x": 986.0, "y": 973.0}, {"x": 1008.0, "y": 973.0}, {"x": 1008.0, "y": 999.0}, {"x": 986.0, "y": 999.0}]}, "description": " 1"}, {"boundingPoly": {"vertices": [{"x": 1424.0, "y": 979.0}, {"x": 1471.0, "y": 980.0}, {"x": 1469.0, "y": 1006.0}, {"x": 1423.0, "y": 1005.0}]}, "description": "3.90"}, {"boundingPoly": {"vertices": [{"x": 984.0, "y": 1032.0}, {"x": 1006.0, "y": 1032.0}, {"x": 1006.0, "y": 1056.0}, {"x": 984.0, "y": 1056.0}]}, "description": " 1"}, {"boundingPoly": {"vertices": [{"x": 1422.0, "y": 1038.0}, {"x": 1468.0, "y": 1038.0}, {"x": 1466.0, "y": 1064.0}, {"x": 1420.0, "y": 1064.0}]}, "description": "1.80"}, {"boundingPoly": {"vertices": [{"x": 1207.0, "y": 1101.0}, {"x": 1283.0, "y": 1101.0}, {"x": 1283.0, "y": 1112.0}, {"x": 1207.0, "y": 1113.0}]}, "description": "======="}, {"boundingPoly": {"vertices": [{"x": 1279.0, "y": 1103.0}, {"x": 1297.0, "y": 1104.0}, {"x": 1297.0, "y": 1113.0}, {"x": 1279.0, "y": 1112.0}]}, "description": "=="}, {"boundingPoly": {"vertices": [{"x": 1436.0, "y": 1106.0}, {"x": 1467.0, "y": 1106.0}, {"x": 1467.0, "y": 1117.0}, {"x": 1435.0, "y": 1116.0}]}, "description": "==="}, {"boundingPoly": {"vertices": [{"x": 1205.0, "y": 1123.0}, {"x": 1323.0, "y": 1123.0}, {"x": 1323.0, "y": 1149.0}, {"x": 1205.0, "y": 1149.0}]}, "description": " Sub Total:"}, {"boundingPoly": {"vertices": [{"x": 1274.0, "y": 1154.0}, {"x": 1320.0, "y": 1154.0}, {"x": 1320.0, "y": 1177.0}, {"x": 1274.0, "y": 1177.0}]}, "description": " HST:"}, {"boundingPoly": {"vertices": [{"x": 1356.0, "y": 1126.0}, {"x": 1431.0, "y": 1125.0}, {"x": 1431.0, "y": 1151.0}, {"x": 1356.0, "y": 1151.0}]}, "description": "$25.30"}, {"boundingPoly": {"vertices": [{"x": 1370.0, "y": 1154.0}, {"x": 1433.0, "y": 1155.0}, {"x": 1432.0, "y": 1179.0}, {"x": 1370.0, "y": 1179.0}]}, "description": "$3.29"}, {"boundingPoly": {"vertices": [{"x": 1238.0, "y": 1207.0}, {"x": 1475.0, "y": 1210.0}, {"x": 1475.0, "y": 1241.0}, {"x": 1238.0, "y": 1238.0}]}, "description": "RoundUp Total $28.60"}, {"boundingPoly": {"vertices": [{"x": 1309.0, "y": 1239.0}, {"x": 1462.0, "y": 1239.0}, {"x": 1462.0, "y": 1291.0}, {"x": 1309.0, "y": 1291.0}]}, "description": " $28.59"}, {"boundingPoly": {"vertices": [{"x": 1055.0, "y": 1328.0}, {"x": 1404.0, "y": 1334.0}, {"x": 1404.0, "y": 1364.0}, {"x": 1055.0, "y": 1358.0}]}, "description": "Thank You, Please Come Again!"}, {"boundingPoly": {"vertices": [{"x": 1152.0, "y": 1234.0}, {"x": 1298.0, "y": 1234.0}, {"x": 1298.0, "y": 1291.0}, {"x": 1152.0, "y": 1291.0}]}, "description": " Total:"}, {"boundingPoly": {"vertices": [{"x": 1022.0, "y": 1358.0}, {"x": 1444.0, "y": 1358.0}, {"x": 1444.0, "y": 1395.0}, {"x": 1022.0, "y": 1395.0}]}, "description": " http://www.skyviewfusioncuisine.com"}, {"boundingPoly": {"vertices": [{"x": 1082.0, "y": 1417.0}, {"x": 1329.0, "y": 1417.0}, {"x": 1329.0, "y": 1448.0}, {"x": 1082.0, "y": 1448.0}]}, "description": " Received Tender Type:"}, {"boundingPoly": {"vertices": [{"x": 1137.0, "y": 1446.0}, {"x": 1327.0, "y": 1446.0}, {"x": 1327.0, "y": 1478.0}, {"x": 1137.0, "y": 1478.0}]}, "description": " Received Amount:"}, {"boundingPoly": {"vertices": [{"x": 1105.0, "y": 1476.0}, {"x": 1328.0, "y": 1476.0}, {"x": 1328.0, "y": 1507.0}, {"x": 1105.0, "y": 1507.0}]}, "description": " Change Tender Type:"}, {"boundingPoly": {"vertices": [{"x": 1164.0, "y": 1506.0}, {"x": 1328.0, "y": 1506.0}, {"x": 1328.0, "y": 1535.0}, {"x": 1164.0, "y": 1535.0}]}, "description": " Change Amount:"}, {"boundingPoly": {"vertices": [{"x": 1412.0, "y": 1421.0}, {"x": 1463.0, "y": 1423.0}, {"x": 1461.0, "y": 1451.0}, {"x": 1411.0, "y": 1449.0}]}, "description": "Cash"}, {"boundingPoly": {"vertices": [{"x": 1390.0, "y": 1451.0}, {"x": 1460.0, "y": 1453.0}, {"x": 1460.0, "y": 1479.0}, {"x": 1390.0, "y": 1478.0}]}, "description": "100.00"}, {"boundingPoly": {"vertices": [{"x": 1408.0, "y": 1481.0}, {"x": 1454.0, "y": 1481.0}, {"x": 1454.0, "y": 1508.0}, {"x": 1407.0, "y": 1507.0}]}, "description": "Cast"}, {"boundingPoly": {"vertices": [{"x": 1400.0, "y": 1509.0}, {"x": 1459.0, "y": 1510.0}, {"x": 1460.0, "y": 1538.0}, {"x": 1399.0, "y": 1538.0}]}, "description": "71.40"}]}