{"textAnnotations": [{"boundingPoly": {"vertices": [{"x": 64.0, "y": 11.0}, {"x": 97.0, "y": 11.0}, {"x": 97.0, "y": 42.0}, {"x": 64.0, "y": 42.0}]}, "description": " Thank"}, {"boundingPoly": {"vertices": [{"x": 64.0, "y": 40.0}, {"x": 261.0, "y": 41.0}, {"x": 261.0, "y": 60.0}, {"x": 64.0, "y": 59.0}]}, "description": "merchant name"}, {"boundingPoly": {"vertices": [{"x": 80.0, "y": 58.0}, {"x": 244.0, "y": 58.0}, {"x": 244.0, "y": 78.0}, {"x": 80.0, "y": 77.0}]}, "description": "We Love Your Feedback!"}, {"boundingPoly": {"vertices": [{"x": 103.0, "y": 11.0}, {"x": 128.0, "y": 11.0}, {"x": 128.0, "y": 42.0}, {"x": 103.0, "y": 42.0}]}, "description": " You"}, {"boundingPoly": {"vertices": [{"x": 134.0, "y": 11.0}, {"x": 156.0, "y": 11.0}, {"x": 156.0, "y": 43.0}, {"x": 134.0, "y": 43.0}]}, "description": " For"}, {"boundingPoly": {"vertices": [{"x": 162.0, "y": 12.0}, {"x": 223.0, "y": 12.0}, {"x": 223.0, "y": 44.0}, {"x": 162.0, "y": 44.0}]}, "description": " Visiting"}, {"boundingPoly": {"vertices": [{"x": 229.0, "y": 13.0}, {"x": 262.0, "y": 13.0}, {"x": 262.0, "y": 45.0}, {"x": 229.0, "y": 45.0}]}, "description": " the"}, {"boundingPoly": {"vertices": [{"x": 78.0, "y": 75.0}, {"x": 249.0, "y": 76.0}, {"x": 249.0, "y": 97.0}, {"x": 78.0, "y": 95.0}]}, "description": "Text @LTF11606 to 73940"}, {"boundingPoly": {"vertices": [{"x": 12.0, "y": 127.0}, {"x": 90.0, "y": 127.0}, {"x": 89.0, "y": 144.0}, {"x": 12.0, "y": 143.0}]}, "description": "Quesadilla"}, {"boundingPoly": {"vertices": [{"x": 12.0, "y": 145.0}, {"x": 120.0, "y": 148.0}, {"x": 119.0, "y": 164.0}, {"x": 12.0, "y": 161.0}]}, "description": "Chicken Fajita"}, {"boundingPoly": {"vertices": [{"x": 12.0, "y": 163.0}, {"x": 105.0, "y": 165.0}, {"x": 105.0, "y": 181.0}, {"x": 12.0, "y": 179.0}]}, "description": "French Fries"}, {"boundingPoly": {"vertices": [{"x": 11.0, "y": 182.0}, {"x": 162.0, "y": 184.0}, {"x": 161.0, "y": 200.0}, {"x": 11.0, "y": 198.0}]}, "description": "Minute Maid CranAppl"}, {"boundingPoly": {"vertices": [{"x": 12.0, "y": 198.0}, {"x": 162.0, "y": 202.0}, {"x": 162.0, "y": 219.0}, {"x": 12.0, "y": 215.0}]}, "description": "Twix Bar Caramel Mil"}, {"boundingPoly": {"vertices": [{"x": 294.0, "y": 118.0}, {"x": 317.0, "y": 117.0}, {"x": 317.0, "y": 131.0}, {"x": 294.0, "y": 132.0}]}, "description": "USD"}, {"boundingPoly": {"vertices": [{"x": 285.0, "y": 135.0}, {"x": 317.0, "y": 134.0}, {"x": 318.0, "y": 149.0}, {"x": 287.0, "y": 151.0}]}, "description": "1.93"}, {"boundingPoly": {"vertices": [{"x": 286.0, "y": 153.0}, {"x": 317.0, "y": 151.0}, {"x": 317.0, "y": 166.0}, {"x": 287.0, "y": 169.0}]}, "description": "3.15"}, {"boundingPoly": {"vertices": [{"x": 287.0, "y": 172.0}, {"x": 317.0, "y": 170.0}, {"x": 318.0, "y": 185.0}, {"x": 287.0, "y": 186.0}]}, "description": "1.09"}, {"boundingPoly": {"vertices": [{"x": 286.0, "y": 189.0}, {"x": 318.0, "y": 189.0}, {"x": 318.0, "y": 204.0}, {"x": 287.0, "y": 205.0}]}, "description": "1.94"}, {"boundingPoly": {"vertices": [{"x": 287.0, "y": 208.0}, {"x": 318.0, "y": 207.0}, {"x": 318.0, "y": 222.0}, {"x": 288.0, "y": 223.0}]}, "description": "1.24"}, {"boundingPoly": {"vertices": [{"x": 286.0, "y": 225.0}, {"x": 319.0, "y": 225.0}, {"x": 318.0, "y": 240.0}, {"x": 287.0, "y": 241.0}]}, "description": "1.24"}, {"boundingPoly": {"vertices": [{"x": 10.0, "y": 216.0}, {"x": 163.0, "y": 221.0}, {"x": 163.0, "y": 237.0}, {"x": 10.0, "y": 232.0}]}, "description": "Candy M&M Plain 1.69"}, {"boundingPoly": {"vertices": [{"x": 3.0, "y": 251.0}, {"x": 143.0, "y": 257.0}, {"x": 141.0, "y": 287.0}, {"x": 3.0, "y": 280.0}]}, "description": "Total USD"}, {"boundingPoly": {"vertices": [{"x": 245.0, "y": 263.0}, {"x": 318.0, "y": 261.0}, {"x": 318.0, "y": 289.0}, {"x": 246.0, "y": 290.0}]}, "description": "11.50"}, {"boundingPoly": {"vertices": [{"x": 4.0, "y": 336.0}, {"x": 166.0, "y": 343.0}, {"x": 165.0, "y": 360.0}, {"x": 3.0, "y": 353.0}]}, "description": "5009 AMERICAN EXPRESS"}, {"boundingPoly": {"vertices": [{"x": 281.0, "y": 345.0}, {"x": 319.0, "y": 345.0}, {"x": 319.0, "y": 360.0}, {"x": 281.0, "y": 362.0}]}, "description": "11.50"}, {"boundingPoly": {"vertices": [{"x": 6.0, "y": 392.0}, {"x": 92.0, "y": 396.0}, {"x": 91.0, "y": 412.0}, {"x": 5.0, "y": 408.0}]}, "description": "Vat percent"}, {"boundingPoly": {"vertices": [{"x": 118.0, "y": 397.0}, {"x": 144.0, "y": 398.0}, {"x": 144.0, "y": 414.0}, {"x": 118.0, "y": 413.0}]}, "description": "Net"}, {"boundingPoly": {"vertices": [{"x": 185.0, "y": 400.0}, {"x": 225.0, "y": 401.0}, {"x": 224.0, "y": 415.0}, {"x": 184.0, "y": 415.0}]}, "description": "Gross"}, {"boundingPoly": {"vertices": [{"x": 265.0, "y": 399.0}, {"x": 289.0, "y": 400.0}, {"x": 288.0, "y": 415.0}, {"x": 265.0, "y": 414.0}]}, "description": "VAT"}, {"boundingPoly": {"vertices": [{"x": 5.0, "y": 447.0}, {"x": 235.0, "y": 447.0}, {"x": 235.0, "y": 470.0}, {"x": 5.0, "y": 470.0}]}, "description": " 11/12/2019 12:15 PM #:60620 Op:"}, {"boundingPoly": {"vertices": [{"x": 4.0, "y": 485.0}, {"x": 86.0, "y": 485.0}, {"x": 86.0, "y": 503.0}, {"x": 4.0, "y": 503.0}]}, "description": " Served you"}, {"boundingPoly": {"vertices": [{"x": 237.0, "y": 452.0}, {"x": 320.0, "y": 452.0}, {"x": 320.0, "y": 470.0}, {"x": 237.0, "y": 470.0}]}, "description": " 1917 C:112"}, {"boundingPoly": {"vertices": [{"x": 6.0, "y": 466.0}, {"x": 85.0, "y": 466.0}, {"x": 85.0, "y": 484.0}, {"x": 6.0, "y": 484.0}]}, "description": " 202 S:1122"}, {"boundingPoly": {"vertices": [{"x": 89.0, "y": 486.0}, {"x": 210.0, "y": 486.0}, {"x": 210.0, "y": 506.0}, {"x": 89.0, "y": 506.0}]}, "description": " : Rubby Blascruz"}, {"boundingPoly": {"vertices": [{"x": 72.0, "y": 557.0}, {"x": 233.0, "y": 560.0}, {"x": 232.0, "y": 576.0}, {"x": 72.0, "y": 572.0}]}, "description": "*** Customer copy ***"}, {"boundingPoly": {"vertices": [{"x": 103.0, "y": 592.0}, {"x": 200.0, "y": 593.0}, {"x": 200.0, "y": 612.0}, {"x": 103.0, "y": 610.0}]}, "description": "AMEX AEDR (4)"}, {"boundingPoly": {"vertices": [{"x": 13.0, "y": 608.0}, {"x": 290.0, "y": 614.0}, {"x": 290.0, "y": 631.0}, {"x": 13.0, "y": 626.0}]}, "description": "I agree to pay the above total amount"}, {"boundingPoly": {"vertices": [{"x": 62.0, "y": 630.0}, {"x": 245.0, "y": 632.0}, {"x": 245.0, "y": 648.0}, {"x": 62.0, "y": 644.0}]}, "description": "according to card issuer"}, {"boundingPoly": {"vertices": [{"x": 6.0, "y": 646.0}, {"x": 297.0, "y": 650.0}, {"x": 296.0, "y": 666.0}, {"x": 6.0, "y": 662.0}]}, "description": "agreement. (Merchant agreement if Credit"}, {"boundingPoly": {"vertices": [{"x": 242.0, "y": 668.0}, {"x": 278.0, "y": 668.0}, {"x": 278.0, "y": 684.0}, {"x": 242.0, "y": 684.0}]}, "description": " your"}, {"boundingPoly": {"vertices": [{"x": 29.0, "y": 663.0}, {"x": 240.0, "y": 663.0}, {"x": 240.0, "y": 683.0}, {"x": 29.0, "y": 683.0}]}, "description": " Voucher)Retain this copy for"}, {"boundingPoly": {"vertices": [{"x": 122.0, "y": 683.0}, {"x": 184.0, "y": 684.0}, {"x": 184.0, "y": 698.0}, {"x": 121.0, "y": 697.0}]}, "description": "records."}, {"boundingPoly": {"vertices": [{"x": 0.0, "y": 713.0}, {"x": 145.0, "y": 716.0}, {"x": 145.0, "y": 734.0}, {"x": 0.0, "y": 730.0}]}, "description": "PURCHASE / APPROVED"}, {"boundingPoly": {"vertices": [{"x": 0.0, "y": 732.0}, {"x": 123.0, "y": 735.0}, {"x": 123.0, "y": 752.0}, {"x": 0.0, "y": 749.0}]}, "description": "AMERICAN EXPRESS"}, {"boundingPoly": {"vertices": [{"x": 0.0, "y": 752.0}, {"x": 114.0, "y": 754.0}, {"x": 114.0, "y": 771.0}, {"x": 0.0, "y": 768.0}]}, "description": "*********** 5002"}, {"boundingPoly": {"vertices": [{"x": 0.0, "y": 770.0}, {"x": 83.0, "y": 772.0}, {"x": 83.0, "y": 789.0}, {"x": 0.0, "y": 787.0}]}, "description": "CHIP READ /"}, {"boundingPoly": {"vertices": [{"x": 0.0, "y": 806.0}, {"x": 144.0, "y": 806.0}, {"x": 144.0, "y": 828.0}, {"x": 0.0, "y": 828.0}]}, "description": " 2019/11/12 12:15:57"}, {"boundingPoly": {"vertices": [{"x": 1.0, "y": 824.0}, {"x": 22.0, "y": 825.0}, {"x": 21.0, "y": 843.0}, {"x": 1.0, "y": 842.0}]}, "description": "TID"}, {"boundingPoly": {"vertices": [{"x": 239.0, "y": 831.0}, {"x": 303.0, "y": 831.0}, {"x": 303.0, "y": 847.0}, {"x": 239.0, "y": 845.0}]}, "description": "**** 6037"}, {"boundingPoly": {"vertices": [{"x": 247.0, "y": 849.0}, {"x": 303.0, "y": 850.0}, {"x": 302.0, "y": 866.0}, {"x": 247.0, "y": 865.0}]}, "description": "6634460"}, {"boundingPoly": {"vertices": [{"x": 109.0, "y": 865.0}, {"x": 302.0, "y": 866.0}, {"x": 302.0, "y": 885.0}, {"x": 109.0, "y": 883.0}]}, "description": "S1122T112202#606200334649"}, {"boundingPoly": {"vertices": [{"x": 254.0, "y": 887.0}, {"x": 303.0, "y": 887.0}, {"x": 303.0, "y": 903.0}, {"x": 254.0, "y": 903.0}]}, "description": "866131"}, {"boundingPoly": {"vertices": [{"x": 2.0, "y": 863.0}, {"x": 67.0, "y": 864.0}, {"x": 67.0, "y": 880.0}, {"x": 2.0, "y": 879.0}]}, "description": "EFERENCE"}, {"boundingPoly": {"vertices": [{"x": 0.0, "y": 882.0}, {"x": 66.0, "y": 883.0}, {"x": 65.0, "y": 899.0}, {"x": 0.0, "y": 898.0}]}, "description": "AUTH CODE"}, {"boundingPoly": {"vertices": [{"x": 3.0, "y": 919.0}, {"x": 34.0, "y": 919.0}, {"x": 34.0, "y": 936.0}, {"x": 3.0, "y": 935.0}]}, "description": "OTAL"}, {"boundingPoly": {"vertices": [{"x": 239.0, "y": 924.0}, {"x": 302.0, "y": 925.0}, {"x": 302.0, "y": 940.0}, {"x": 239.0, "y": 939.0}]}, "description": "USD11.50"}, {"boundingPoly": {"vertices": [{"x": 0.0, "y": 958.0}, {"x": 30.0, "y": 958.0}, {"x": 30.0, "y": 974.0}, {"x": 0.0, "y": 974.0}]}, "description": " RC:"}, {"boundingPoly": {"vertices": [{"x": 0.0, "y": 976.0}, {"x": 29.0, "y": 976.0}, {"x": 29.0, "y": 992.0}, {"x": 0.0, "y": 992.0}]}, "description": " SI:"}, {"boundingPoly": {"vertices": [{"x": 0.0, "y": 995.0}, {"x": 28.0, "y": 995.0}, {"x": 28.0, "y": 1012.0}, {"x": 0.0, "y": 1012.0}]}, "description": " AD:"}, {"boundingPoly": {"vertices": [{"x": 2.0, "y": 1014.0}, {"x": 27.0, "y": 1014.0}, {"x": 27.0, "y": 1030.0}, {"x": 2.0, "y": 1030.0}]}, "description": " VR:"}, {"boundingPoly": {"vertices": [{"x": 0.0, "y": 1032.0}, {"x": 27.0, "y": 1032.0}, {"x": 27.0, "y": 1049.0}, {"x": 0.0, "y": 1049.0}]}, "description": " ID:"}, {"boundingPoly": {"vertices": [{"x": 0.0, "y": 1052.0}, {"x": 82.0, "y": 1052.0}, {"x": 82.0, "y": 1069.0}, {"x": 0.0, "y": 1069.0}]}, "description": " AN Seq No:"}, {"boundingPoly": {"vertices": [{"x": 32.0, "y": 957.0}, {"x": 51.0, "y": 957.0}, {"x": 51.0, "y": 974.0}, {"x": 32.0, "y": 974.0}]}, "description": " 00"}, {"boundingPoly": {"vertices": [{"x": 32.0, "y": 975.0}, {"x": 66.0, "y": 975.0}, {"x": 66.0, "y": 992.0}, {"x": 32.0, "y": 992.0}]}, "description": " F800"}, {"boundingPoly": {"vertices": [{"x": 31.0, "y": 995.0}, {"x": 143.0, "y": 995.0}, {"x": 143.0, "y": 1013.0}, {"x": 31.0, "y": 1013.0}]}, "description": " 06680103602002"}, {"boundingPoly": {"vertices": [{"x": 30.0, "y": 1014.0}, {"x": 110.0, "y": 1014.0}, {"x": 110.0, "y": 1031.0}, {"x": 30.0, "y": 1031.0}]}, "description": " 0000008000"}, {"boundingPoly": {"vertices": [{"x": 30.0, "y": 1032.0}, {"x": 157.0, "y": 1032.0}, {"x": 157.0, "y": 1050.0}, {"x": 30.0, "y": 1050.0}]}, "description": " A000000025010801"}, {"boundingPoly": {"vertices": [{"x": 85.0, "y": 1052.0}, {"x": 104.0, "y": 1052.0}, {"x": 104.0, "y": 1068.0}, {"x": 85.0, "y": 1068.0}]}, "description": " 00"}]}