{"textAnnotations": [{"boundingPoly": {"vertices": [{"x": 982.0, "y": 57.0}, {"x": 1029.0, "y": 39.0}, {"x": 1037.0, "y": 61.0}, {"x": 992.0, "y": 80.0}]}, "description": "15%"}, {"boundingPoly": {"vertices": [{"x": 297.0, "y": 319.0}, {"x": 670.0, "y": 315.0}, {"x": 671.0, "y": 349.0}, {"x": 297.0, "y": 353.0}]}, "description": "merchant name"}, {"boundingPoly": {"vertices": [{"x": 360.0, "y": 356.0}, {"x": 626.0, "y": 355.0}, {"x": 626.0, "y": 387.0}, {"x": 360.0, "y": 387.0}]}, "description": "merchant address"}, {"boundingPoly": {"vertices": [{"x": 282.0, "y": 393.0}, {"x": 688.0, "y": 388.0}, {"x": 688.0, "y": 422.0}, {"x": 283.0, "y": 426.0}]}, "description": "merchant address"}, {"boundingPoly": {"vertices": [{"x": 737.0, "y": 432.0}, {"x": 817.0, "y": 429.0}, {"x": 818.0, "y": 441.0}, {"x": 737.0, "y": 445.0}]}, "description": "-----"}, {"boundingPoly": {"vertices": [{"x": 413.0, "y": 465.0}, {"x": 579.0, "y": 464.0}, {"x": 579.0, "y": 495.0}, {"x": 413.0, "y": 496.0}]}, "description": "CHK 668880"}, {"boundingPoly": {"vertices": [{"x": 336.0, "y": 500.0}, {"x": 644.0, "y": 500.0}, {"x": 644.0, "y": 534.0}, {"x": 336.0, "y": 534.0}]}, "description": " 11/12/2019 01:01 PM"}, {"boundingPoly": {"vertices": [{"x": 263.0, "y": 535.0}, {"x": 392.0, "y": 536.0}, {"x": 392.0, "y": 568.0}, {"x": 263.0, "y": 568.0}]}, "description": "2598808"}, {"boundingPoly": {"vertices": [{"x": 430.0, "y": 537.0}, {"x": 554.0, "y": 537.0}, {"x": 554.0, "y": 570.0}, {"x": 430.0, "y": 570.0}]}, "description": " Drawer:"}, {"boundingPoly": {"vertices": [{"x": 560.0, "y": 536.0}, {"x": 684.0, "y": 536.0}, {"x": 684.0, "y": 570.0}, {"x": 560.0, "y": 570.0}]}, "description": " 2 Reg:"}, {"boundingPoly": {"vertices": [{"x": 689.0, "y": 535.0}, {"x": 712.0, "y": 535.0}, {"x": 712.0, "y": 569.0}, {"x": 689.0, "y": 569.0}]}, "description": " 3"}, {"boundingPoly": {"vertices": [{"x": 211.0, "y": 612.0}, {"x": 517.0, "y": 613.0}, {"x": 517.0, "y": 646.0}, {"x": 211.0, "y": 646.0}]}, "description": "Gr Carml Macchiato"}, {"boundingPoly": {"vertices": [{"x": 215.0, "y": 649.0}, {"x": 503.0, "y": 650.0}, {"x": 503.0, "y": 685.0}, {"x": 215.0, "y": 684.0}]}, "description": "Tl Chai Tea Latte"}, {"boundingPoly": {"vertices": [{"x": 676.0, "y": 609.0}, {"x": 746.0, "y": 609.0}, {"x": 746.0, "y": 643.0}, {"x": 678.0, "y": 643.0}]}, "description": "5.45"}, {"boundingPoly": {"vertices": [{"x": 680.0, "y": 648.0}, {"x": 748.0, "y": 647.0}, {"x": 748.0, "y": 679.0}, {"x": 679.0, "y": 679.0}]}, "description": "4.25"}, {"boundingPoly": {"vertices": [{"x": 212.0, "y": 733.0}, {"x": 284.0, "y": 733.0}, {"x": 283.0, "y": 762.0}, {"x": 212.0, "y": 763.0}]}, "description": "Amex"}, {"boundingPoly": {"vertices": [{"x": 211.0, "y": 769.0}, {"x": 486.0, "y": 768.0}, {"x": 486.0, "y": 802.0}, {"x": 211.0, "y": 806.0}]}, "description": "XXXXXXXXXXXX1009"}, {"boundingPoly": {"vertices": [{"x": 414.0, "y": 808.0}, {"x": 554.0, "y": 808.0}, {"x": 554.0, "y": 845.0}, {"x": 414.0, "y": 845.0}]}, "description": " TAP CHIP"}, {"boundingPoly": {"vertices": [{"x": 414.0, "y": 847.0}, {"x": 554.0, "y": 847.0}, {"x": 554.0, "y": 885.0}, {"x": 414.0, "y": 885.0}]}, "description": " PURCHASE"}, {"boundingPoly": {"vertices": [{"x": 432.0, "y": 888.0}, {"x": 571.0, "y": 888.0}, {"x": 571.0, "y": 923.0}, {"x": 432.0, "y": 923.0}]}, "description": " 00000129"}, {"boundingPoly": {"vertices": [{"x": 398.0, "y": 921.0}, {"x": 674.0, "y": 921.0}, {"x": 674.0, "y": 961.0}, {"x": 398.0, "y": 961.0}]}, "description": " AMERICAN EXPRESS"}, {"boundingPoly": {"vertices": [{"x": 666.0, "y": 727.0}, {"x": 751.0, "y": 724.0}, {"x": 751.0, "y": 758.0}, {"x": 668.0, "y": 758.0}]}, "description": "10.56"}, {"boundingPoly": {"vertices": [{"x": 211.0, "y": 809.0}, {"x": 407.0, "y": 809.0}, {"x": 407.0, "y": 848.0}, {"x": 211.0, "y": 848.0}]}, "description": " Card Entry:"}, {"boundingPoly": {"vertices": [{"x": 214.0, "y": 849.0}, {"x": 410.0, "y": 849.0}, {"x": 410.0, "y": 885.0}, {"x": 214.0, "y": 885.0}]}, "description": " Trans Type:"}, {"boundingPoly": {"vertices": [{"x": 211.0, "y": 878.0}, {"x": 427.0, "y": 878.0}, {"x": 427.0, "y": 918.0}, {"x": 211.0, "y": 918.0}]}, "description": " Reference #:"}, {"boundingPoly": {"vertices": [{"x": 211.0, "y": 916.0}, {"x": 392.0, "y": 916.0}, {"x": 392.0, "y": 951.0}, {"x": 211.0, "y": 951.0}]}, "description": " App Label:"}, {"boundingPoly": {"vertices": [{"x": 208.0, "y": 951.0}, {"x": 343.0, "y": 951.0}, {"x": 343.0, "y": 985.0}, {"x": 208.0, "y": 985.0}]}, "description": " Auth #:"}, {"boundingPoly": {"vertices": [{"x": 207.0, "y": 990.0}, {"x": 288.0, "y": 990.0}, {"x": 288.0, "y": 1024.0}, {"x": 207.0, "y": 1024.0}]}, "description": " AID:"}, {"boundingPoly": {"vertices": [{"x": 204.0, "y": 1027.0}, {"x": 285.0, "y": 1027.0}, {"x": 285.0, "y": 1064.0}, {"x": 204.0, "y": 1064.0}]}, "description": " TVR:"}, {"boundingPoly": {"vertices": [{"x": 205.0, "y": 1069.0}, {"x": 286.0, "y": 1069.0}, {"x": 286.0, "y": 1105.0}, {"x": 205.0, "y": 1105.0}]}, "description": " TSI:"}, {"boundingPoly": {"vertices": [{"x": 348.0, "y": 953.0}, {"x": 459.0, "y": 953.0}, {"x": 459.0, "y": 989.0}, {"x": 348.0, "y": 989.0}]}, "description": " 842029"}, {"boundingPoly": {"vertices": [{"x": 293.0, "y": 991.0}, {"x": 576.0, "y": 991.0}, {"x": 576.0, "y": 1029.0}, {"x": 293.0, "y": 1029.0}]}, "description": " A000000025010801"}, {"boundingPoly": {"vertices": [{"x": 292.0, "y": 1030.0}, {"x": 478.0, "y": 1030.0}, {"x": 478.0, "y": 1065.0}, {"x": 292.0, "y": 1065.0}]}, "description": " 0010008000"}, {"boundingPoly": {"vertices": [{"x": 293.0, "y": 1071.0}, {"x": 372.0, "y": 1071.0}, {"x": 372.0, "y": 1107.0}, {"x": 293.0, "y": 1107.0}]}, "description": " E800"}, {"boundingPoly": {"vertices": [{"x": 198.0, "y": 1152.0}, {"x": 349.0, "y": 1152.0}, {"x": 349.0, "y": 1190.0}, {"x": 198.0, "y": 1190.0}]}, "description": "Subtotal"}, {"boundingPoly": {"vertices": [{"x": 198.0, "y": 1197.0}, {"x": 391.0, "y": 1197.0}, {"x": 391.0, "y": 1235.0}, {"x": 198.0, "y": 1235.0}]}, "description": "Tax 8.875%"}, {"boundingPoly": {"vertices": [{"x": 198.0, "y": 1246.0}, {"x": 295.0, "y": 1246.0}, {"x": 294.0, "y": 1281.0}, {"x": 199.0, "y": 1280.0}]}, "description": "Total"}, {"boundingPoly": {"vertices": [{"x": 136.0, "y": 1289.0}, {"x": 513.0, "y": 1291.0}, {"x": 513.0, "y": 1332.0}, {"x": 136.0, "y": 1330.0}]}, "description": "Change Due"}, {"boundingPoly": {"vertices": [{"x": 669.0, "y": 1159.0}, {"x": 760.0, "y": 1159.0}, {"x": 758.0, "y": 1195.0}, {"x": 670.0, "y": 1196.0}]}, "description": "$9.70"}, {"boundingPoly": {"vertices": [{"x": 672.0, "y": 1204.0}, {"x": 761.0, "y": 1203.0}, {"x": 761.0, "y": 1239.0}, {"x": 672.0, "y": 1239.0}]}, "description": "$0.86"}, {"boundingPoly": {"vertices": [{"x": 655.0, "y": 1247.0}, {"x": 763.0, "y": 1247.0}, {"x": 763.0, "y": 1284.0}, {"x": 655.0, "y": 1285.0}]}, "description": "$10.56"}, {"boundingPoly": {"vertices": [{"x": 690.0, "y": 1294.0}, {"x": 867.0, "y": 1291.0}, {"x": 868.0, "y": 1330.0}, {"x": 691.0, "y": 1334.0}]}, "description": "$0.00"}, {"boundingPoly": {"vertices": [{"x": 357.0, "y": 1383.0}, {"x": 595.0, "y": 1382.0}, {"x": 595.0, "y": 1420.0}, {"x": 357.0, "y": 1421.0}]}, "description": "Check Closed"}, {"boundingPoly": {"vertices": [{"x": 327.0, "y": 1426.0}, {"x": 679.0, "y": 1426.0}, {"x": 679.0, "y": 1472.0}, {"x": 327.0, "y": 1472.0}]}, "description": " 11/12/2019 01:01 PM"}, {"boundingPoly": {"vertices": [{"x": 287.0, "y": 1672.0}, {"x": 731.0, "y": 1659.0}, {"x": 733.0, "y": 1701.0}, {"x": 288.0, "y": 1716.0}]}, "description": "Join our loyalty program"}, {"boundingPoly": {"vertices": [{"x": 222.0, "y": 1778.0}, {"x": 787.0, "y": 1747.0}, {"x": 790.0, "y": 1791.0}, {"x": 224.0, "y": 1824.0}]}, "description": "Sign up for promotional emails"}, {"boundingPoly": {"vertices": [{"x": 321.0, "y": 1875.0}, {"x": 685.0, "y": 1858.0}, {"x": 688.0, "y": 1900.0}, {"x": 323.0, "y": 1920.0}]}, "description": "Or download our app"}, {"boundingPoly": {"vertices": [{"x": 282.0, "y": 1990.0}, {"x": 727.0, "y": 1954.0}, {"x": 730.0, "y": 1999.0}, {"x": 284.0, "y": 2035.0}]}, "description": "Some restrictions apply"}, {"boundingPoly": {"vertices": [{"x": 340.0, "y": 1721.0}, {"x": 681.0, "y": 1703.0}, {"x": 684.0, "y": 1747.0}, {"x": 342.0, "y": 1764.0}]}, "description": "Starbucks Rewards\u00ae"}, {"boundingPoly": {"vertices": [{"x": 244.0, "y": 1828.0}, {"x": 753.0, "y": 1797.0}, {"x": 756.0, "y": 1843.0}, {"x": 246.0, "y": 1872.0}]}, "description": "Visit Starbucks.com/rewards"}, {"boundingPoly": {"vertices": [{"x": 279.0, "y": 1933.0}, {"x": 722.0, "y": 1898.0}, {"x": 726.0, "y": 1949.0}, {"x": 283.0, "y": 1984.0}]}, "description": "At participating stores"}]}