{"textAnnotations": [{"boundingPoly": {"vertices": [{"x": 148.0, "y": 38.0}, {"x": 430.0, "y": 51.0}, {"x": 430.0, "y": 69.0}, {"x": 147.0, "y": 56.0}]}, "description": "merchant name"}, {"boundingPoly": {"vertices": [{"x": 127.0, "y": 79.0}, {"x": 442.0, "y": 91.0}, {"x": 441.0, "y": 111.0}, {"x": 126.0, "y": 98.0}]}, "description": "merchant address"}, {"boundingPoly": {"vertices": [{"x": 219.0, "y": 129.0}, {"x": 353.0, "y": 131.0}, {"x": 352.0, "y": 158.0}, {"x": 219.0, "y": 156.0}]}, "description": "CHK 664222"}, {"boundingPoly": {"vertices": [{"x": 157.0, "y": 157.0}, {"x": 402.0, "y": 157.0}, {"x": 402.0, "y": 185.0}, {"x": 157.0, "y": 185.0}]}, "description": " 11/22/2019 04:13 PM"}, {"boundingPoly": {"vertices": [{"x": 102.0, "y": 187.0}, {"x": 199.0, "y": 186.0}, {"x": 199.0, "y": 213.0}, {"x": 102.0, "y": 214.0}]}, "description": "2829671"}, {"boundingPoly": {"vertices": [{"x": 192.0, "y": 59.0}, {"x": 393.0, "y": 69.0}, {"x": 392.0, "y": 88.0}, {"x": 191.0, "y": 78.0}]}, "description": "merchant address"}, {"boundingPoly": {"vertices": [{"x": 226.0, "y": 187.0}, {"x": 327.0, "y": 187.0}, {"x": 327.0, "y": 215.0}, {"x": 226.0, "y": 215.0}]}, "description": " Drawer:"}, {"boundingPoly": {"vertices": [{"x": 332.0, "y": 187.0}, {"x": 428.0, "y": 187.0}, {"x": 428.0, "y": 218.0}, {"x": 332.0, "y": 218.0}]}, "description": " 1 Reg:"}, {"boundingPoly": {"vertices": [{"x": 432.0, "y": 189.0}, {"x": 451.0, "y": 189.0}, {"x": 451.0, "y": 219.0}, {"x": 432.0, "y": 219.0}]}, "description": " 3"}, {"boundingPoly": {"vertices": [{"x": 69.0, "y": 253.0}, {"x": 293.0, "y": 250.0}, {"x": 294.0, "y": 277.0}, {"x": 69.0, "y": 282.0}]}, "description": "Tl Pasntgo Icd Tea"}, {"boundingPoly": {"vertices": [{"x": 65.0, "y": 285.0}, {"x": 295.0, "y": 281.0}, {"x": 296.0, "y": 310.0}, {"x": 65.0, "y": 314.0}]}, "description": "Oz Horizon Chc Mlk"}, {"boundingPoly": {"vertices": [{"x": 422.0, "y": 250.0}, {"x": 480.0, "y": 250.0}, {"x": 479.0, "y": 277.0}, {"x": 422.0, "y": 276.0}]}, "description": "2.75"}, {"boundingPoly": {"vertices": [{"x": 422.0, "y": 283.0}, {"x": 475.0, "y": 281.0}, {"x": 476.0, "y": 308.0}, {"x": 423.0, "y": 309.0}]}, "description": "1.95"}, {"boundingPoly": {"vertices": [{"x": 68.0, "y": 354.0}, {"x": 120.0, "y": 354.0}, {"x": 119.0, "y": 377.0}, {"x": 68.0, "y": 377.0}]}, "description": "Amex"}, {"boundingPoly": {"vertices": [{"x": 67.0, "y": 383.0}, {"x": 270.0, "y": 383.0}, {"x": 270.0, "y": 410.0}, {"x": 67.0, "y": 410.0}]}, "description": "XXXXXXXXXXXX1009"}, {"boundingPoly": {"vertices": [{"x": 68.0, "y": 417.0}, {"x": 212.0, "y": 417.0}, {"x": 212.0, "y": 445.0}, {"x": 68.0, "y": 445.0}]}, "description": " Card Entry:"}, {"boundingPoly": {"vertices": [{"x": 72.0, "y": 449.0}, {"x": 210.0, "y": 449.0}, {"x": 210.0, "y": 480.0}, {"x": 72.0, "y": 480.0}]}, "description": " Trans Type:"}, {"boundingPoly": {"vertices": [{"x": 70.0, "y": 482.0}, {"x": 225.0, "y": 482.0}, {"x": 225.0, "y": 511.0}, {"x": 70.0, "y": 511.0}]}, "description": " Reference #:"}, {"boundingPoly": {"vertices": [{"x": 71.0, "y": 516.0}, {"x": 199.0, "y": 516.0}, {"x": 199.0, "y": 544.0}, {"x": 71.0, "y": 544.0}]}, "description": " App Label:"}, {"boundingPoly": {"vertices": [{"x": 71.0, "y": 546.0}, {"x": 163.0, "y": 546.0}, {"x": 163.0, "y": 576.0}, {"x": 71.0, "y": 576.0}]}, "description": " Auth #:"}, {"boundingPoly": {"vertices": [{"x": 72.0, "y": 579.0}, {"x": 124.0, "y": 579.0}, {"x": 124.0, "y": 607.0}, {"x": 72.0, "y": 607.0}]}, "description": " AID:"}, {"boundingPoly": {"vertices": [{"x": 69.0, "y": 610.0}, {"x": 123.0, "y": 610.0}, {"x": 123.0, "y": 636.0}, {"x": 69.0, "y": 636.0}]}, "description": " TVR:"}, {"boundingPoly": {"vertices": [{"x": 64.0, "y": 640.0}, {"x": 118.0, "y": 640.0}, {"x": 118.0, "y": 668.0}, {"x": 64.0, "y": 668.0}]}, "description": " TSI:"}, {"boundingPoly": {"vertices": [{"x": 421.0, "y": 351.0}, {"x": 477.0, "y": 350.0}, {"x": 477.0, "y": 376.0}, {"x": 421.0, "y": 377.0}]}, "description": "4.94"}, {"boundingPoly": {"vertices": [{"x": 216.0, "y": 417.0}, {"x": 321.0, "y": 417.0}, {"x": 321.0, "y": 445.0}, {"x": 216.0, "y": 445.0}]}, "description": " TAP CHIP"}, {"boundingPoly": {"vertices": [{"x": 215.0, "y": 450.0}, {"x": 325.0, "y": 450.0}, {"x": 325.0, "y": 480.0}, {"x": 215.0, "y": 480.0}]}, "description": " PURCHASE"}, {"boundingPoly": {"vertices": [{"x": 230.0, "y": 483.0}, {"x": 337.0, "y": 483.0}, {"x": 337.0, "y": 512.0}, {"x": 230.0, "y": 512.0}]}, "description": " 00000147"}, {"boundingPoly": {"vertices": [{"x": 204.0, "y": 517.0}, {"x": 415.0, "y": 517.0}, {"x": 415.0, "y": 546.0}, {"x": 204.0, "y": 546.0}]}, "description": " AMERICAN EXPRESS"}, {"boundingPoly": {"vertices": [{"x": 168.0, "y": 548.0}, {"x": 253.0, "y": 548.0}, {"x": 253.0, "y": 577.0}, {"x": 168.0, "y": 577.0}]}, "description": " 847632"}, {"boundingPoly": {"vertices": [{"x": 129.0, "y": 580.0}, {"x": 336.0, "y": 580.0}, {"x": 336.0, "y": 610.0}, {"x": 129.0, "y": 610.0}]}, "description": " A000000025010801"}, {"boundingPoly": {"vertices": [{"x": 128.0, "y": 611.0}, {"x": 262.0, "y": 611.0}, {"x": 262.0, "y": 640.0}, {"x": 128.0, "y": 640.0}]}, "description": " 0010008000"}, {"boundingPoly": {"vertices": [{"x": 123.0, "y": 641.0}, {"x": 182.0, "y": 641.0}, {"x": 182.0, "y": 669.0}, {"x": 123.0, "y": 669.0}]}, "description": " E800"}, {"boundingPoly": {"vertices": [{"x": 55.0, "y": 704.0}, {"x": 161.0, "y": 706.0}, {"x": 161.0, "y": 732.0}, {"x": 54.0, "y": 731.0}]}, "description": "Subtotal"}, {"boundingPoly": {"vertices": [{"x": 53.0, "y": 738.0}, {"x": 187.0, "y": 741.0}, {"x": 186.0, "y": 768.0}, {"x": 52.0, "y": 764.0}]}, "description": "Tax 8.875%"}, {"boundingPoly": {"vertices": [{"x": 50.0, "y": 771.0}, {"x": 116.0, "y": 774.0}, {"x": 115.0, "y": 799.0}, {"x": 48.0, "y": 797.0}]}, "description": "Total"}, {"boundingPoly": {"vertices": [{"x": 4.0, "y": 802.0}, {"x": 272.0, "y": 811.0}, {"x": 271.0, "y": 842.0}, {"x": 3.0, "y": 833.0}]}, "description": "Change Due"}, {"boundingPoly": {"vertices": [{"x": 395.0, "y": 712.0}, {"x": 466.0, "y": 712.0}, {"x": 465.0, "y": 742.0}, {"x": 395.0, "y": 740.0}]}, "description": "$4.70"}, {"boundingPoly": {"vertices": [{"x": 395.0, "y": 747.0}, {"x": 466.0, "y": 748.0}, {"x": 465.0, "y": 774.0}, {"x": 394.0, "y": 774.0}]}, "description": "$0.24"}, {"boundingPoly": {"vertices": [{"x": 394.0, "y": 782.0}, {"x": 466.0, "y": 783.0}, {"x": 465.0, "y": 809.0}, {"x": 393.0, "y": 809.0}]}, "description": "$4.94"}, {"boundingPoly": {"vertices": [{"x": 407.0, "y": 817.0}, {"x": 545.0, "y": 818.0}, {"x": 545.0, "y": 848.0}, {"x": 407.0, "y": 847.0}]}, "description": "$0.00"}, {"boundingPoly": {"vertices": [{"x": 152.0, "y": 878.0}, {"x": 328.0, "y": 883.0}, {"x": 327.0, "y": 913.0}, {"x": 151.0, "y": 908.0}]}, "description": "Check Closed"}, {"boundingPoly": {"vertices": [{"x": 129.0, "y": 914.0}, {"x": 394.0, "y": 914.0}, {"x": 394.0, "y": 953.0}, {"x": 129.0, "y": 953.0}]}, "description": " 11/22/2019 04:13 PM"}, {"boundingPoly": {"vertices": [{"x": 333.0, "y": 890.0}, {"x": 351.0, "y": 891.0}, {"x": 350.0, "y": 909.0}, {"x": 332.0, "y": 908.0}]}, "description": "-"}, {"boundingPoly": {"vertices": [{"x": 106.0, "y": 1084.0}, {"x": 437.0, "y": 1100.0}, {"x": 436.0, "y": 1131.0}, {"x": 105.0, "y": 1113.0}]}, "description": "Join our loyalty program"}, {"boundingPoly": {"vertices": [{"x": 66.0, "y": 1151.0}, {"x": 129.0, "y": 1156.0}, {"x": 128.0, "y": 1173.0}, {"x": 65.0, "y": 1168.0}]}, "description": "Cinn"}, {"boundingPoly": {"vertices": [{"x": 147.0, "y": 1119.0}, {"x": 396.0, "y": 1132.0}, {"x": 394.0, "y": 1161.0}, {"x": 146.0, "y": 1148.0}]}, "description": "Starbucks Rewards\u00ae"}, {"boundingPoly": {"vertices": [{"x": 174.0, "y": 1153.0}, {"x": 323.0, "y": 1159.0}, {"x": 322.0, "y": 1177.0}, {"x": 173.0, "y": 1175.0}]}, "description": "for aromati"}]}