{"textAnnotations": [{"boundingPoly": {"vertices": [{"x": 193.0, "y": 70.0}, {"x": 362.0, "y": 64.0}, {"x": 369.0, "y": 227.0}, {"x": 191.0, "y": 231.0}]}, "description": "215"}, {"boundingPoly": {"vertices": [{"x": 98.0, "y": 272.0}, {"x": 381.0, "y": 263.0}, {"x": 382.0, "y": 289.0}, {"x": 98.0, "y": 297.0}]}, "description": "Buy 1 Get 1 Free Big Mac"}, {"boundingPoly": {"vertices": [{"x": 73.0, "y": 332.0}, {"x": 413.0, "y": 320.0}, {"x": 414.0, "y": 347.0}, {"x": 73.0, "y": 357.0}]}, "description": "and tell us about your visit."}, {"boundingPoly": {"vertices": [{"x": 62.0, "y": 361.0}, {"x": 249.0, "y": 361.0}, {"x": 249.0, "y": 387.0}, {"x": 62.0, "y": 387.0}]}, "description": " Validation Code:"}, {"boundingPoly": {"vertices": [{"x": 30.0, "y": 300.0}, {"x": 451.0, "y": 283.0}, {"x": 452.0, "y": 318.0}, {"x": 30.0, "y": 331.0}]}, "description": "Go to www.mcdvoice.com within 7 days"}, {"boundingPoly": {"vertices": [{"x": 38.0, "y": 391.0}, {"x": 447.0, "y": 381.0}, {"x": 448.0, "y": 408.0}, {"x": 38.0, "y": 417.0}]}, "description": "Expires 30 days after receipt date."}, {"boundingPoly": {"vertices": [{"x": 24.0, "y": 419.0}, {"x": 459.0, "y": 408.0}, {"x": 460.0, "y": 440.0}, {"x": 24.0, "y": 449.0}]}, "description": "Valid at participating US McDonald's."}, {"boundingPoly": {"vertices": [{"x": 59.0, "y": 479.0}, {"x": 428.0, "y": 471.0}, {"x": 428.0, "y": 502.0}, {"x": 59.0, "y": 510.0}]}, "description": "13654-02151-11519-12367-00073-7"}, {"boundingPoly": {"vertices": [{"x": 67.0, "y": 542.0}, {"x": 401.0, "y": 538.0}, {"x": 401.0, "y": 564.0}, {"x": 67.0, "y": 567.0}]}, "description": "merchant name"}, {"boundingPoly": {"vertices": [{"x": 137.0, "y": 572.0}, {"x": 329.0, "y": 572.0}, {"x": 329.0, "y": 597.0}, {"x": 137.0, "y": 597.0}]}, "description": "merchant address"}, {"boundingPoly": {"vertices": [{"x": 114.0, "y": 603.0}, {"x": 352.0, "y": 601.0}, {"x": 352.0, "y": 627.0}, {"x": 114.0, "y": 629.0}]}, "description": "merchant address"}, {"boundingPoly": {"vertices": [{"x": 125.0, "y": 633.0}, {"x": 353.0, "y": 632.0}, {"x": 353.0, "y": 657.0}, {"x": 125.0, "y": 658.0}]}, "description": "merchant phone"}, {"boundingPoly": {"vertices": [{"x": 163.0, "y": 446.0}, {"x": 308.0, "y": 446.0}, {"x": 308.0, "y": 476.0}, {"x": 163.0, "y": 476.0}]}, "description": " Survey Code:"}, {"boundingPoly": {"vertices": [{"x": 7.0, "y": 696.0}, {"x": 69.0, "y": 696.0}, {"x": 70.0, "y": 720.0}, {"x": 7.0, "y": 720.0}]}, "description": "KS# 2"}, {"boundingPoly": {"vertices": [{"x": 8.0, "y": 727.0}, {"x": 66.0, "y": 727.0}, {"x": 67.0, "y": 750.0}, {"x": 8.0, "y": 750.0}]}, "description": "Sidel"}, {"boundingPoly": {"vertices": [{"x": 246.0, "y": 695.0}, {"x": 471.0, "y": 695.0}, {"x": 471.0, "y": 721.0}, {"x": 246.0, "y": 721.0}]}, "description": " 11/15/2019 12:36 PM"}, {"boundingPoly": {"vertices": [{"x": 375.0, "y": 724.0}, {"x": 469.0, "y": 722.0}, {"x": 470.0, "y": 752.0}, {"x": 375.0, "y": 754.0}]}, "description": "Order 15"}, {"boundingPoly": {"vertices": [{"x": 5.0, "y": 788.0}, {"x": 245.0, "y": 787.0}, {"x": 246.0, "y": 814.0}, {"x": 5.0, "y": 815.0}]}, "description": "1 Egg Cheese Biscuit"}, {"boundingPoly": {"vertices": [{"x": 9.0, "y": 818.0}, {"x": 198.0, "y": 818.0}, {"x": 198.0, "y": 844.0}, {"x": 9.0, "y": 844.0}]}, "description": "1 M French Fries"}, {"boundingPoly": {"vertices": [{"x": 417.0, "y": 786.0}, {"x": 468.0, "y": 786.0}, {"x": 468.0, "y": 811.0}, {"x": 417.0, "y": 811.0}]}, "description": "3.72"}, {"boundingPoly": {"vertices": [{"x": 418.0, "y": 817.0}, {"x": 468.0, "y": 818.0}, {"x": 468.0, "y": 842.0}, {"x": 417.0, "y": 842.0}]}, "description": "3.19"}, {"boundingPoly": {"vertices": [{"x": 7.0, "y": 879.0}, {"x": 103.0, "y": 879.0}, {"x": 103.0, "y": 907.0}, {"x": 7.0, "y": 908.0}]}, "description": "Subtotal"}, {"boundingPoly": {"vertices": [{"x": 33.0, "y": 912.0}, {"x": 71.0, "y": 913.0}, {"x": 70.0, "y": 936.0}, {"x": 33.0, "y": 935.0}]}, "description": "Tax"}, {"boundingPoly": {"vertices": [{"x": 9.0, "y": 939.0}, {"x": 172.0, "y": 939.0}, {"x": 172.0, "y": 969.0}, {"x": 9.0, "y": 969.0}]}, "description": "Take-Out Total"}, {"boundingPoly": {"vertices": [{"x": 417.0, "y": 880.0}, {"x": 465.0, "y": 880.0}, {"x": 465.0, "y": 905.0}, {"x": 417.0, "y": 905.0}]}, "description": "6.91"}, {"boundingPoly": {"vertices": [{"x": 418.0, "y": 908.0}, {"x": 467.0, "y": 909.0}, {"x": 467.0, "y": 938.0}, {"x": 418.0, "y": 937.0}]}, "description": "0.46"}, {"boundingPoly": {"vertices": [{"x": 417.0, "y": 942.0}, {"x": 465.0, "y": 943.0}, {"x": 465.0, "y": 967.0}, {"x": 416.0, "y": 966.0}]}, "description": "7.37"}, {"boundingPoly": {"vertices": [{"x": 9.0, "y": 1001.0}, {"x": 105.0, "y": 1004.0}, {"x": 104.0, "y": 1028.0}, {"x": 9.0, "y": 1025.0}]}, "description": "Cashless"}, {"boundingPoly": {"vertices": [{"x": 10.0, "y": 1032.0}, {"x": 82.0, "y": 1034.0}, {"x": 81.0, "y": 1057.0}, {"x": 10.0, "y": 1055.0}]}, "description": "Change"}, {"boundingPoly": {"vertices": [{"x": 417.0, "y": 1004.0}, {"x": 467.0, "y": 1005.0}, {"x": 465.0, "y": 1028.0}, {"x": 417.0, "y": 1028.0}]}, "description": "7.37"}, {"boundingPoly": {"vertices": [{"x": 417.0, "y": 1035.0}, {"x": 466.0, "y": 1035.0}, {"x": 466.0, "y": 1058.0}, {"x": 417.0, "y": 1058.0}]}, "description": "0.00"}, {"boundingPoly": {"vertices": [{"x": 11.0, "y": 1092.0}, {"x": 140.0, "y": 1092.0}, {"x": 140.0, "y": 1115.0}, {"x": 11.0, "y": 1115.0}]}, "description": "MER# 820504"}, {"boundingPoly": {"vertices": [{"x": 12.0, "y": 1121.0}, {"x": 141.0, "y": 1122.0}, {"x": 141.0, "y": 1146.0}, {"x": 12.0, "y": 1144.0}]}, "description": "CARD ISSUER"}, {"boundingPoly": {"vertices": [{"x": 13.0, "y": 1151.0}, {"x": 119.0, "y": 1151.0}, {"x": 119.0, "y": 1176.0}, {"x": 12.0, "y": 1176.0}]}, "description": "Amex SALE"}, {"boundingPoly": {"vertices": [{"x": 13.0, "y": 1180.0}, {"x": 220.0, "y": 1182.0}, {"x": 220.0, "y": 1208.0}, {"x": 12.0, "y": 1206.0}]}, "description": "TRANSACTION AMOUNT"}, {"boundingPoly": {"vertices": [{"x": 11.0, "y": 1209.0}, {"x": 142.0, "y": 1209.0}, {"x": 142.0, "y": 1239.0}, {"x": 11.0, "y": 1239.0}]}, "description": "CONTACTLESS"}, {"boundingPoly": {"vertices": [{"x": 12.0, "y": 1243.0}, {"x": 324.0, "y": 1244.0}, {"x": 324.0, "y": 1270.0}, {"x": 11.0, "y": 1268.0}]}, "description": "AUTHORIZATION CODE - 882097"}, {"boundingPoly": {"vertices": [{"x": 254.0, "y": 1125.0}, {"x": 350.0, "y": 1126.0}, {"x": 349.0, "y": 1149.0}, {"x": 254.0, "y": 1148.0}]}, "description": "ACCOUNT#"}, {"boundingPoly": {"vertices": [{"x": 184.0, "y": 1154.0}, {"x": 361.0, "y": 1155.0}, {"x": 360.0, "y": 1178.0}, {"x": 184.0, "y": 1176.0}]}, "description": "*********** 1009"}, {"boundingPoly": {"vertices": [{"x": 419.0, "y": 1183.0}, {"x": 463.0, "y": 1186.0}, {"x": 461.0, "y": 1215.0}, {"x": 418.0, "y": 1212.0}]}, "description": "7.37"}]}