{"textAnnotations": [{"boundingPoly": {"vertices": [{"x": 627.0, "y": 24.0}, {"x": 1065.0, "y": 13.0}, {"x": 1066.0, "y": 52.0}, {"x": 628.0, "y": 63.0}]}, "description": "merchant name"}, {"boundingPoly": {"vertices": [{"x": 607.0, "y": 105.0}, {"x": 1084.0, "y": 90.0}, {"x": 1085.0, "y": 129.0}, {"x": 607.0, "y": 143.0}]}, "description": "merchant address"}, {"boundingPoly": {"vertices": [{"x": 752.0, "y": 183.0}, {"x": 946.0, "y": 179.0}, {"x": 946.0, "y": 217.0}, {"x": 752.0, "y": 220.0}]}, "description": "CHK 713182"}, {"boundingPoly": {"vertices": [{"x": 662.0, "y": 218.0}, {"x": 1028.0, "y": 218.0}, {"x": 1028.0, "y": 267.0}, {"x": 662.0, "y": 267.0}]}, "description": " 11/21/2019 04:06 PM"}, {"boundingPoly": {"vertices": [{"x": 577.0, "y": 266.0}, {"x": 742.0, "y": 266.0}, {"x": 742.0, "y": 306.0}, {"x": 577.0, "y": 305.0}]}, "description": "2582261"}, {"boundingPoly": {"vertices": [{"x": 688.0, "y": 62.0}, {"x": 1009.0, "y": 53.0}, {"x": 1010.0, "y": 91.0}, {"x": 689.0, "y": 100.0}]}, "description": "merchant address"}, {"boundingPoly": {"vertices": [{"x": 768.0, "y": 262.0}, {"x": 918.0, "y": 262.0}, {"x": 918.0, "y": 307.0}, {"x": 768.0, "y": 307.0}]}, "description": " Drawer:"}, {"boundingPoly": {"vertices": [{"x": 925.0, "y": 260.0}, {"x": 1073.0, "y": 260.0}, {"x": 1073.0, "y": 301.0}, {"x": 925.0, "y": 301.0}]}, "description": " 1 Reg:"}, {"boundingPoly": {"vertices": [{"x": 1080.0, "y": 259.0}, {"x": 1103.0, "y": 259.0}, {"x": 1103.0, "y": 298.0}, {"x": 1080.0, "y": 298.0}]}, "description": " 1"}, {"boundingPoly": {"vertices": [{"x": 520.0, "y": 357.0}, {"x": 679.0, "y": 356.0}, {"x": 680.0, "y": 392.0}, {"x": 520.0, "y": 395.0}]}, "description": "Tl Latte"}, {"boundingPoly": {"vertices": [{"x": 549.0, "y": 398.0}, {"x": 812.0, "y": 396.0}, {"x": 812.0, "y": 436.0}, {"x": 549.0, "y": 438.0}]}, "description": "Caramel Syrup"}, {"boundingPoly": {"vertices": [{"x": 517.0, "y": 440.0}, {"x": 776.0, "y": 440.0}, {"x": 776.0, "y": 479.0}, {"x": 517.0, "y": 481.0}]}, "description": "Tl Cappuccino"}, {"boundingPoly": {"vertices": [{"x": 512.0, "y": 483.0}, {"x": 853.0, "y": 479.0}, {"x": 854.0, "y": 520.0}, {"x": 512.0, "y": 524.0}]}, "description": "Vanilla Madeleine"}, {"boundingPoly": {"vertices": [{"x": 1058.0, "y": 341.0}, {"x": 1142.0, "y": 340.0}, {"x": 1142.0, "y": 378.0}, {"x": 1059.0, "y": 378.0}]}, "description": "3.95"}, {"boundingPoly": {"vertices": [{"x": 1066.0, "y": 386.0}, {"x": 1144.0, "y": 382.0}, {"x": 1145.0, "y": 421.0}, {"x": 1067.0, "y": 425.0}]}, "description": "0.50"}, {"boundingPoly": {"vertices": [{"x": 1061.0, "y": 430.0}, {"x": 1149.0, "y": 428.0}, {"x": 1149.0, "y": 463.0}, {"x": 1060.0, "y": 466.0}]}, "description": "3.95"}, {"boundingPoly": {"vertices": [{"x": 1060.0, "y": 471.0}, {"x": 1150.0, "y": 471.0}, {"x": 1149.0, "y": 506.0}, {"x": 1060.0, "y": 506.0}]}, "description": "2.45"}, {"boundingPoly": {"vertices": [{"x": 1065.0, "y": 512.0}, {"x": 1139.0, "y": 509.0}, {"x": 1138.0, "y": 550.0}, {"x": 1064.0, "y": 553.0}]}, "description": "1.75"}, {"boundingPoly": {"vertices": [{"x": 1060.0, "y": 559.0}, {"x": 1151.0, "y": 559.0}, {"x": 1151.0, "y": 596.0}, {"x": 1059.0, "y": 596.0}]}, "description": "3.45"}, {"boundingPoly": {"vertices": [{"x": 510.0, "y": 527.0}, {"x": 747.0, "y": 520.0}, {"x": 748.0, "y": 564.0}, {"x": 510.0, "y": 569.0}]}, "description": "Salted Chips"}, {"boundingPoly": {"vertices": [{"x": 503.0, "y": 573.0}, {"x": 829.0, "y": 567.0}, {"x": 829.0, "y": 609.0}, {"x": 503.0, "y": 614.0}]}, "description": "Banana Nut Bread"}, {"boundingPoly": {"vertices": [{"x": 543.0, "y": 618.0}, {"x": 670.0, "y": 618.0}, {"x": 670.0, "y": 656.0}, {"x": 543.0, "y": 657.0}]}, "description": "Warmed"}, {"boundingPoly": {"vertices": [{"x": 502.0, "y": 713.0}, {"x": 577.0, "y": 713.0}, {"x": 576.0, "y": 749.0}, {"x": 501.0, "y": 748.0}]}, "description": "Amex"}, {"boundingPoly": {"vertices": [{"x": 501.0, "y": 752.0}, {"x": 826.0, "y": 750.0}, {"x": 827.0, "y": 791.0}, {"x": 501.0, "y": 794.0}]}, "description": "XXXXXXXXXXXX1006"}, {"boundingPoly": {"vertices": [{"x": 733.0, "y": 794.0}, {"x": 947.0, "y": 794.0}, {"x": 947.0, "y": 841.0}, {"x": 733.0, "y": 841.0}]}, "description": " QUICK CHIP"}, {"boundingPoly": {"vertices": [{"x": 730.0, "y": 842.0}, {"x": 902.0, "y": 842.0}, {"x": 902.0, "y": 887.0}, {"x": 730.0, "y": 887.0}]}, "description": " PURCHASE"}, {"boundingPoly": {"vertices": [{"x": 751.0, "y": 887.0}, {"x": 927.0, "y": 887.0}, {"x": 927.0, "y": 934.0}, {"x": 751.0, "y": 934.0}]}, "description": " 00000130"}, {"boundingPoly": {"vertices": [{"x": 710.0, "y": 934.0}, {"x": 1052.0, "y": 934.0}, {"x": 1052.0, "y": 983.0}, {"x": 710.0, "y": 983.0}]}, "description": " AMERICAN EXPRESS"}, {"boundingPoly": {"vertices": [{"x": 649.0, "y": 983.0}, {"x": 780.0, "y": 983.0}, {"x": 780.0, "y": 1029.0}, {"x": 649.0, "y": 1029.0}]}, "description": " 894395"}, {"boundingPoly": {"vertices": [{"x": 585.0, "y": 1031.0}, {"x": 921.0, "y": 1031.0}, {"x": 921.0, "y": 1078.0}, {"x": 585.0, "y": 1078.0}]}, "description": " A000000025010801"}, {"boundingPoly": {"vertices": [{"x": 585.0, "y": 1086.0}, {"x": 801.0, "y": 1086.0}, {"x": 801.0, "y": 1128.0}, {"x": 585.0, "y": 1128.0}]}, "description": " 0000008000"}, {"boundingPoly": {"vertices": [{"x": 583.0, "y": 1133.0}, {"x": 682.0, "y": 1133.0}, {"x": 682.0, "y": 1180.0}, {"x": 583.0, "y": 1180.0}]}, "description": " E800"}, {"boundingPoly": {"vertices": [{"x": 1047.0, "y": 702.0}, {"x": 1144.0, "y": 698.0}, {"x": 1146.0, "y": 738.0}, {"x": 1047.0, "y": 740.0}]}, "description": "16.80"}, {"boundingPoly": {"vertices": [{"x": 496.0, "y": 796.0}, {"x": 725.0, "y": 796.0}, {"x": 725.0, "y": 843.0}, {"x": 496.0, "y": 843.0}]}, "description": " Card Entry:"}, {"boundingPoly": {"vertices": [{"x": 491.0, "y": 843.0}, {"x": 722.0, "y": 843.0}, {"x": 722.0, "y": 892.0}, {"x": 491.0, "y": 892.0}]}, "description": " Trans Type:"}, {"boundingPoly": {"vertices": [{"x": 489.0, "y": 890.0}, {"x": 744.0, "y": 890.0}, {"x": 744.0, "y": 938.0}, {"x": 489.0, "y": 938.0}]}, "description": " Reference #:"}, {"boundingPoly": {"vertices": [{"x": 495.0, "y": 937.0}, {"x": 702.0, "y": 937.0}, {"x": 702.0, "y": 985.0}, {"x": 495.0, "y": 985.0}]}, "description": " App Label:"}, {"boundingPoly": {"vertices": [{"x": 490.0, "y": 986.0}, {"x": 641.0, "y": 986.0}, {"x": 641.0, "y": 1032.0}, {"x": 490.0, "y": 1032.0}]}, "description": " Auth #:"}, {"boundingPoly": {"vertices": [{"x": 491.0, "y": 1035.0}, {"x": 578.0, "y": 1035.0}, {"x": 578.0, "y": 1077.0}, {"x": 491.0, "y": 1077.0}]}, "description": " AID:"}, {"boundingPoly": {"vertices": [{"x": 491.0, "y": 1086.0}, {"x": 578.0, "y": 1086.0}, {"x": 578.0, "y": 1129.0}, {"x": 491.0, "y": 1129.0}]}, "description": " TVR:"}, {"boundingPoly": {"vertices": [{"x": 489.0, "y": 1134.0}, {"x": 576.0, "y": 1134.0}, {"x": 576.0, "y": 1180.0}, {"x": 489.0, "y": 1180.0}]}, "description": " TSI:"}, {"boundingPoly": {"vertices": [{"x": 481.0, "y": 1230.0}, {"x": 648.0, "y": 1230.0}, {"x": 648.0, "y": 1275.0}, {"x": 481.0, "y": 1275.0}]}, "description": "Subtotal"}, {"boundingPoly": {"vertices": [{"x": 478.0, "y": 1278.0}, {"x": 698.0, "y": 1281.0}, {"x": 697.0, "y": 1326.0}, {"x": 478.0, "y": 1323.0}]}, "description": "Tax 8.875%"}, {"boundingPoly": {"vertices": [{"x": 477.0, "y": 1329.0}, {"x": 590.0, "y": 1331.0}, {"x": 590.0, "y": 1371.0}, {"x": 475.0, "y": 1371.0}]}, "description": "Total"}, {"boundingPoly": {"vertices": [{"x": 408.0, "y": 1379.0}, {"x": 832.0, "y": 1379.0}, {"x": 832.0, "y": 1427.0}, {"x": 408.0, "y": 1426.0}]}, "description": "Change Due"}, {"boundingPoly": {"vertices": [{"x": 1004.0, "y": 1232.0}, {"x": 1132.0, "y": 1229.0}, {"x": 1133.0, "y": 1273.0}, {"x": 1006.0, "y": 1275.0}]}, "description": "$16.05"}, {"boundingPoly": {"vertices": [{"x": 1024.0, "y": 1279.0}, {"x": 1134.0, "y": 1280.0}, {"x": 1134.0, "y": 1323.0}, {"x": 1025.0, "y": 1321.0}]}, "description": "$0.75"}, {"boundingPoly": {"vertices": [{"x": 999.0, "y": 1326.0}, {"x": 1134.0, "y": 1325.0}, {"x": 1135.0, "y": 1372.0}, {"x": 1002.0, "y": 1372.0}]}, "description": "$16.80"}, {"boundingPoly": {"vertices": [{"x": 1043.0, "y": 1377.0}, {"x": 1259.0, "y": 1376.0}, {"x": 1260.0, "y": 1422.0}, {"x": 1043.0, "y": 1426.0}]}, "description": "$0.00"}, {"boundingPoly": {"vertices": [{"x": 611.0, "y": 1483.0}, {"x": 930.0, "y": 1483.0}, {"x": 930.0, "y": 1528.0}, {"x": 611.0, "y": 1528.0}]}, "description": "- Check Closed"}, {"boundingPoly": {"vertices": [{"x": 622.0, "y": 1532.0}, {"x": 1033.0, "y": 1532.0}, {"x": 1033.0, "y": 1582.0}, {"x": 622.0, "y": 1582.0}]}, "description": " 11/21/2019 04:06 PM"}, {"boundingPoly": {"vertices": [{"x": 447.0, "y": 1744.0}, {"x": 1157.0, "y": 1740.0}, {"x": 1158.0, "y": 1791.0}, {"x": 447.0, "y": 1796.0}]}, "description": "Merchandise, Packaged Coffee and"}, {"boundingPoly": {"vertices": [{"x": 423.0, "y": 1798.0}, {"x": 1206.0, "y": 1798.0}, {"x": 1206.0, "y": 1848.0}, {"x": 423.0, "y": 1848.0}]}, "description": "Packaged Tea on this receipt may be"}, {"boundingPoly": {"vertices": [{"x": 423.0, "y": 1854.0}, {"x": 1226.0, "y": 1853.0}, {"x": 1226.0, "y": 1902.0}, {"x": 424.0, "y": 1903.0}]}, "description": "returned or exchanged within 60 days"}, {"boundingPoly": {"vertices": [{"x": 468.0, "y": 1909.0}, {"x": 1160.0, "y": 1909.0}, {"x": 1160.0, "y": 1960.0}, {"x": 468.0, "y": 1961.0}]}, "description": "of the transaction date printed"}, {"boundingPoly": {"vertices": [{"x": 397.0, "y": 1966.0}, {"x": 1199.0, "y": 1967.0}, {"x": 1199.0, "y": 2018.0}, {"x": 397.0, "y": 2016.0}]}, "description": "above. All returns or exchanges must"}, {"boundingPoly": {"vertices": [{"x": 441.0, "y": 2020.0}, {"x": 1178.0, "y": 2019.0}, {"x": 1178.0, "y": 2071.0}, {"x": 441.0, "y": 2073.0}]}, "description": "be accompanied with this original"}, {"boundingPoly": {"vertices": [{"x": 437.0, "y": 2076.0}, {"x": 1185.0, "y": 2077.0}, {"x": 1185.0, "y": 2132.0}, {"x": 437.0, "y": 2129.0}]}, "description": "receipt. Refund method depends on"}, {"boundingPoly": {"vertices": [{"x": 409.0, "y": 2132.0}, {"x": 1196.0, "y": 2135.0}, {"x": 1196.0, "y": 2190.0}, {"x": 409.0, "y": 2187.0}]}, "description": "form of payment. For questions call"}, {"boundingPoly": {"vertices": [{"x": 480.0, "y": 2189.0}, {"x": 1153.0, "y": 2191.0}, {"x": 1153.0, "y": 2250.0}, {"x": 479.0, "y": 2245.0}]}, "description": "1-800-STARBUC-800-782-7282)"}, {"boundingPoly": {"vertices": [{"x": 532.0, "y": 2367.0}, {"x": 1089.0, "y": 2374.0}, {"x": 1089.0, "y": 2428.0}, {"x": 532.0, "y": 2423.0}]}, "description": "Join our loyalty program"}, {"boundingPoly": {"vertices": [{"x": 598.0, "y": 2428.0}, {"x": 1015.0, "y": 2430.0}, {"x": 1015.0, "y": 2486.0}, {"x": 598.0, "y": 2484.0}]}, "description": "Starbucks Rewards\u00ae"}, {"boundingPoly": {"vertices": [{"x": 456.0, "y": 2490.0}, {"x": 1156.0, "y": 2494.0}, {"x": 1155.0, "y": 2553.0}, {"x": 456.0, "y": 2545.0}]}, "description": "Sign up for promotional emails"}, {"boundingPoly": {"vertices": [{"x": 479.0, "y": 2546.0}, {"x": 1113.0, "y": 2557.0}, {"x": 1112.0, "y": 2614.0}, {"x": 478.0, "y": 2602.0}]}, "description": "Visit Starbucks.com/rewards"}, {"boundingPoly": {"vertices": [{"x": 569.0, "y": 2611.0}, {"x": 1016.0, "y": 2619.0}, {"x": 1014.0, "y": 2674.0}, {"x": 567.0, "y": 2664.0}]}, "description": "Or download our app"}, {"boundingPoly": {"vertices": [{"x": 515.0, "y": 2671.0}, {"x": 1063.0, "y": 2682.0}, {"x": 1062.0, "y": 2736.0}, {"x": 514.0, "y": 2725.0}]}, "description": "At participating stores"}, {"boundingPoly": {"vertices": [{"x": 354.0, "y": 2724.0}, {"x": 1061.0, "y": 2740.0}, {"x": 1059.0, "y": 2802.0}, {"x": 353.0, "y": 2781.0}]}, "description": "REDMISNOTE 5 PROons apply"}, {"boundingPoly": {"vertices": [{"x": 349.0, "y": 2793.0}, {"x": 816.0, "y": 2801.0}, {"x": 815.0, "y": 2857.0}, {"x": 348.0, "y": 2849.0}]}, "description": "MI DUAL CAMERA"}]}