{"textAnnotations": [{"boundingPoly": {"vertices": [{"x": 55.0, "y": 64.0}, {"x": 121.0, "y": 64.0}, {"x": 121.0, "y": 82.0}, {"x": 55.0, "y": 82.0}]}, "description": " Operated"}, {"boundingPoly": {"vertices": [{"x": 102.0, "y": 83.0}, {"x": 136.0, "y": 83.0}, {"x": 136.0, "y": 101.0}, {"x": 102.0, "y": 101.0}]}, "description": " ABN:"}, {"boundingPoly": {"vertices": [{"x": 124.0, "y": 64.0}, {"x": 145.0, "y": 64.0}, {"x": 145.0, "y": 82.0}, {"x": 124.0, "y": 82.0}]}, "description": " By"}, {"boundingPoly": {"vertices": [{"x": 148.0, "y": 64.0}, {"x": 310.0, "y": 64.0}, {"x": 310.0, "y": 86.0}, {"x": 148.0, "y": 86.0}]}, "description": "merchant name"}, {"boundingPoly": {"vertices": [{"x": 139.0, "y": 83.0}, {"x": 255.0, "y": 83.0}, {"x": 255.0, "y": 103.0}, {"x": 139.0, "y": 103.0}]}, "description": " 90 003 940 350"}, {"boundingPoly": {"vertices": [{"x": 71.0, "y": 122.0}, {"x": 136.0, "y": 122.0}, {"x": 136.0, "y": 141.0}, {"x": 71.0, "y": 141.0}]}, "description": "merchant address"}, {"boundingPoly": {"vertices": [{"x": 116.0, "y": 143.0}, {"x": 199.0, "y": 143.0}, {"x": 199.0, "y": 161.0}, {"x": 116.0, "y": 161.0}]}, "description": "merchant address"}, {"boundingPoly": {"vertices": [{"x": 108.0, "y": 162.0}, {"x": 158.0, "y": 162.0}, {"x": 158.0, "y": 180.0}, {"x": 108.0, "y": 180.0}]}, "description": "merchant address"}, {"boundingPoly": {"vertices": [{"x": 120.0, "y": 181.0}, {"x": 174.0, "y": 181.0}, {"x": 174.0, "y": 201.0}, {"x": 120.0, "y": 201.0}]}, "description": "merchant address"}, {"boundingPoly": {"vertices": [{"x": 113.0, "y": 202.0}, {"x": 166.0, "y": 202.0}, {"x": 166.0, "y": 220.0}, {"x": 113.0, "y": 220.0}]}, "description": "merchant address"}, {"boundingPoly": {"vertices": [{"x": 114.0, "y": 221.0}, {"x": 142.0, "y": 221.0}, {"x": 142.0, "y": 239.0}, {"x": 114.0, "y": 239.0}]}, "description": " Ph:"}, {"boundingPoly": {"vertices": [{"x": 139.0, "y": 122.0}, {"x": 292.0, "y": 122.0}, {"x": 292.0, "y": 144.0}, {"x": 139.0, "y": 144.0}]}, "description": "merchant address"}, {"boundingPoly": {"vertices": [{"x": 201.0, "y": 145.0}, {"x": 238.0, "y": 145.0}, {"x": 238.0, "y": 162.0}, {"x": 201.0, "y": 162.0}]}, "description": "merchant address"}, {"boundingPoly": {"vertices": [{"x": 161.0, "y": 163.0}, {"x": 231.0, "y": 163.0}, {"x": 231.0, "y": 181.0}, {"x": 161.0, "y": 181.0}]}, "description": "merchant address"}, {"boundingPoly": {"vertices": [{"x": 234.0, "y": 164.0}, {"x": 253.0, "y": 164.0}, {"x": 253.0, "y": 181.0}, {"x": 234.0, "y": 181.0}]}, "description": "merchant address"}, {"boundingPoly": {"vertices": [{"x": 177.0, "y": 183.0}, {"x": 237.0, "y": 183.0}, {"x": 237.0, "y": 201.0}, {"x": 177.0, "y": 201.0}]}, "description": "merchant address"}, {"boundingPoly": {"vertices": [{"x": 169.0, "y": 202.0}, {"x": 237.0, "y": 202.0}, {"x": 237.0, "y": 221.0}, {"x": 169.0, "y": 221.0}]}, "description": "merchant address"}, {"boundingPoly": {"vertices": [{"x": 145.0, "y": 222.0}, {"x": 244.0, "y": 222.0}, {"x": 244.0, "y": 242.0}, {"x": 145.0, "y": 242.0}]}, "description": "merchant phone"}, {"boundingPoly": {"vertices": [{"x": 18.0, "y": 262.0}, {"x": 67.0, "y": 262.0}, {"x": 67.0, "y": 281.0}, {"x": 18.0, "y": 281.0}]}, "description": " Date:"}, {"boundingPoly": {"vertices": [{"x": 19.0, "y": 283.0}, {"x": 69.0, "y": 283.0}, {"x": 69.0, "y": 301.0}, {"x": 19.0, "y": 301.0}]}, "description": " Store:"}, {"boundingPoly": {"vertices": [{"x": 17.0, "y": 303.0}, {"x": 68.0, "y": 303.0}, {"x": 68.0, "y": 321.0}, {"x": 17.0, "y": 321.0}]}, "description": " Staff:"}, {"boundingPoly": {"vertices": [{"x": 73.0, "y": 262.0}, {"x": 250.0, "y": 262.0}, {"x": 250.0, "y": 282.0}, {"x": 73.0, "y": 282.0}]}, "description": " 05/11/19 7:22 Slip:"}, {"boundingPoly": {"vertices": [{"x": 72.0, "y": 282.0}, {"x": 125.0, "y": 282.0}, {"x": 125.0, "y": 300.0}, {"x": 72.0, "y": 300.0}]}, "description": " SYD302"}, {"boundingPoly": {"vertices": [{"x": 71.0, "y": 303.0}, {"x": 125.0, "y": 303.0}, {"x": 125.0, "y": 321.0}, {"x": 71.0, "y": 321.0}]}, "description": " Reshma"}, {"boundingPoly": {"vertices": [{"x": 256.0, "y": 263.0}, {"x": 336.0, "y": 263.0}, {"x": 336.0, "y": 282.0}, {"x": 256.0, "y": 282.0}]}, "description": " 1411193921"}, {"boundingPoly": {"vertices": [{"x": 301.0, "y": 284.0}, {"x": 335.0, "y": 284.0}, {"x": 335.0, "y": 300.0}, {"x": 302.0, "y": 301.0}]}, "description": "N141"}, {"boundingPoly": {"vertices": [{"x": 280.0, "y": 304.0}, {"x": 337.0, "y": 303.0}, {"x": 337.0, "y": 320.0}, {"x": 281.0, "y": 321.0}]}, "description": "1294958"}, {"boundingPoly": {"vertices": [{"x": 152.0, "y": 283.0}, {"x": 186.0, "y": 283.0}, {"x": 186.0, "y": 301.0}, {"x": 152.0, "y": 301.0}]}, "description": " POS:"}, {"boundingPoly": {"vertices": [{"x": 153.0, "y": 302.0}, {"x": 242.0, "y": 303.0}, {"x": 242.0, "y": 321.0}, {"x": 153.0, "y": 321.0}]}, "description": "Tax Invoice"}, {"boundingPoly": {"vertices": [{"x": 15.0, "y": 342.0}, {"x": 107.0, "y": 342.0}, {"x": 107.0, "y": 361.0}, {"x": 15.0, "y": 361.0}]}, "description": "Description"}, {"boundingPoly": {"vertices": [{"x": 262.0, "y": 344.0}, {"x": 310.0, "y": 343.0}, {"x": 310.0, "y": 360.0}, {"x": 262.0, "y": 361.0}]}, "description": "Amount"}, {"boundingPoly": {"vertices": [{"x": 16.0, "y": 383.0}, {"x": 95.0, "y": 383.0}, {"x": 95.0, "y": 400.0}, {"x": 16.0, "y": 400.0}]}, "description": " Item No .:"}, {"boundingPoly": {"vertices": [{"x": 17.0, "y": 403.0}, {"x": 42.0, "y": 403.0}, {"x": 42.0, "y": 421.0}, {"x": 17.0, "y": 421.0}]}, "description": " JCs"}, {"boundingPoly": {"vertices": [{"x": 15.0, "y": 423.0}, {"x": 93.0, "y": 423.0}, {"x": 93.0, "y": 441.0}, {"x": 15.0, "y": 441.0}]}, "description": " Item No .:"}, {"boundingPoly": {"vertices": [{"x": 14.0, "y": 443.0}, {"x": 57.0, "y": 443.0}, {"x": 57.0, "y": 461.0}, {"x": 14.0, "y": 461.0}]}, "description": " Munch"}, {"boundingPoly": {"vertices": [{"x": 111.0, "y": 383.0}, {"x": 162.0, "y": 383.0}, {"x": 162.0, "y": 400.0}, {"x": 111.0, "y": 400.0}]}, "description": " 399314"}, {"boundingPoly": {"vertices": [{"x": 45.0, "y": 403.0}, {"x": 208.0, "y": 403.0}, {"x": 208.0, "y": 421.0}, {"x": 45.0, "y": 421.0}]}, "description": " Outback Mix 150g PCS"}, {"boundingPoly": {"vertices": [{"x": 276.0, "y": 402.0}, {"x": 331.0, "y": 402.0}, {"x": 331.0, "y": 420.0}, {"x": 276.0, "y": 421.0}]}, "description": "8.47 *1"}, {"boundingPoly": {"vertices": [{"x": 105.0, "y": 423.0}, {"x": 162.0, "y": 423.0}, {"x": 162.0, "y": 440.0}, {"x": 105.0, "y": 440.0}]}, "description": "449774"}, {"boundingPoly": {"vertices": [{"x": 60.0, "y": 443.0}, {"x": 137.0, "y": 443.0}, {"x": 137.0, "y": 461.0}, {"x": 60.0, "y": 461.0}]}, "description": " Pistachio"}, {"boundingPoly": {"vertices": [{"x": 140.0, "y": 443.0}, {"x": 207.0, "y": 443.0}, {"x": 207.0, "y": 461.0}, {"x": 140.0, "y": 461.0}]}, "description": " Cran PCS"}, {"boundingPoly": {"vertices": [{"x": 275.0, "y": 442.0}, {"x": 308.0, "y": 442.0}, {"x": 308.0, "y": 461.0}, {"x": 275.0, "y": 461.0}]}, "description": " 8.97"}, {"boundingPoly": {"vertices": [{"x": 312.0, "y": 443.0}, {"x": 330.0, "y": 443.0}, {"x": 330.0, "y": 461.0}, {"x": 312.0, "y": 461.0}]}, "description": " *1"}, {"boundingPoly": {"vertices": [{"x": 13.0, "y": 483.0}, {"x": 73.0, "y": 484.0}, {"x": 72.0, "y": 501.0}, {"x": 13.0, "y": 500.0}]}, "description": "Total $"}, {"boundingPoly": {"vertices": [{"x": 13.0, "y": 503.0}, {"x": 65.0, "y": 503.0}, {"x": 65.0, "y": 520.0}, {"x": 13.0, "y": 521.0}]}, "description": "EFTPOS"}, {"boundingPoly": {"vertices": [{"x": 27.0, "y": 524.0}, {"x": 160.0, "y": 523.0}, {"x": 160.0, "y": 540.0}, {"x": 27.0, "y": 541.0}]}, "description": "American Express"}, {"boundingPoly": {"vertices": [{"x": 268.0, "y": 482.0}, {"x": 308.0, "y": 482.0}, {"x": 308.0, "y": 499.0}, {"x": 268.0, "y": 499.0}]}, "description": "17.44"}, {"boundingPoly": {"vertices": [{"x": 259.0, "y": 502.0}, {"x": 307.0, "y": 503.0}, {"x": 307.0, "y": 519.0}, {"x": 259.0, "y": 519.0}]}, "description": "-17.44"}, {"boundingPoly": {"vertices": [{"x": 12.0, "y": 563.0}, {"x": 44.0, "y": 563.0}, {"x": 44.0, "y": 581.0}, {"x": 12.0, "y": 581.0}]}, "description": " GST"}, {"boundingPoly": {"vertices": [{"x": 52.0, "y": 563.0}, {"x": 69.0, "y": 563.0}, {"x": 69.0, "y": 580.0}, {"x": 52.0, "y": 580.0}]}, "description": " *1"}, {"boundingPoly": {"vertices": [{"x": 110.0, "y": 562.0}, {"x": 135.0, "y": 562.0}, {"x": 135.0, "y": 579.0}, {"x": 111.0, "y": 579.0}]}, "description": "10%"}, {"boundingPoly": {"vertices": [{"x": 181.0, "y": 561.0}, {"x": 221.0, "y": 561.0}, {"x": 220.0, "y": 578.0}, {"x": 180.0, "y": 578.0}]}, "description": "17.44"}, {"boundingPoly": {"vertices": [{"x": 281.0, "y": 561.0}, {"x": 312.0, "y": 561.0}, {"x": 312.0, "y": 577.0}, {"x": 282.0, "y": 578.0}]}, "description": "1.59"}, {"boundingPoly": {"vertices": [{"x": 60.0, "y": 601.0}, {"x": 127.0, "y": 601.0}, {"x": 127.0, "y": 620.0}, {"x": 60.0, "y": 620.0}]}, "description": " Newslink"}, {"boundingPoly": {"vertices": [{"x": 10.0, "y": 623.0}, {"x": 248.0, "y": 621.0}, {"x": 249.0, "y": 638.0}, {"x": 10.0, "y": 642.0}]}, "description": "merchant address"}, {"boundingPoly": {"vertices": [{"x": 113.0, "y": 641.0}, {"x": 178.0, "y": 641.0}, {"x": 178.0, "y": 659.0}, {"x": 113.0, "y": 659.0}]}, "description": " NSW 2020"}, {"boundingPoly": {"vertices": [{"x": 130.0, "y": 600.0}, {"x": 181.0, "y": 600.0}, {"x": 181.0, "y": 619.0}, {"x": 130.0, "y": 619.0}]}, "description": " SYD302"}, {"boundingPoly": {"vertices": [{"x": 57.0, "y": 642.0}, {"x": 110.0, "y": 642.0}, {"x": 110.0, "y": 660.0}, {"x": 57.0, "y": 660.0}]}, "description": " Mascot"}, {"boundingPoly": {"vertices": [{"x": 41.0, "y": 682.0}, {"x": 75.0, "y": 682.0}, {"x": 75.0, "y": 702.0}, {"x": 41.0, "y": 702.0}]}, "description": " Tyro"}, {"boundingPoly": {"vertices": [{"x": 78.0, "y": 680.0}, {"x": 201.0, "y": 680.0}, {"x": 201.0, "y": 701.0}, {"x": 78.0, "y": 701.0}]}, "description": " Payments EFTPOS"}, {"boundingPoly": {"vertices": [{"x": 7.0, "y": 722.0}, {"x": 138.0, "y": 720.0}, {"x": 139.0, "y": 738.0}, {"x": 8.0, "y": 740.0}]}, "description": "AMERICAN EXPRESS"}, {"boundingPoly": {"vertices": [{"x": 45.0, "y": 741.0}, {"x": 176.0, "y": 741.0}, {"x": 176.0, "y": 761.0}, {"x": 45.0, "y": 761.0}]}, "description": " A000000025010801"}, {"boundingPoly": {"vertices": [{"x": 54.0, "y": 761.0}, {"x": 199.0, "y": 761.0}, {"x": 199.0, "y": 781.0}, {"x": 54.0, "y": 781.0}]}, "description": " xxxxxxxxxxx1001(t)"}, {"boundingPoly": {"vertices": [{"x": 7.0, "y": 743.0}, {"x": 42.0, "y": 743.0}, {"x": 42.0, "y": 761.0}, {"x": 7.0, "y": 761.0}]}, "description": " AID:"}, {"boundingPoly": {"vertices": [{"x": 7.0, "y": 764.0}, {"x": 50.0, "y": 764.0}, {"x": 50.0, "y": 782.0}, {"x": 7.0, "y": 782.0}]}, "description": " Card:"}, {"boundingPoly": {"vertices": [{"x": 5.0, "y": 803.0}, {"x": 72.0, "y": 804.0}, {"x": 72.0, "y": 822.0}, {"x": 5.0, "y": 821.0}]}, "description": "Purchase"}, {"boundingPoly": {"vertices": [{"x": 110.0, "y": 802.0}, {"x": 135.0, "y": 802.0}, {"x": 135.0, "y": 820.0}, {"x": 110.0, "y": 820.0}]}, "description": "AUD"}, {"boundingPoly": {"vertices": [{"x": 181.0, "y": 801.0}, {"x": 231.0, "y": 802.0}, {"x": 231.0, "y": 819.0}, {"x": 181.0, "y": 819.0}]}, "description": "$17.44"}, {"boundingPoly": {"vertices": [{"x": 6.0, "y": 844.0}, {"x": 46.0, "y": 844.0}, {"x": 46.0, "y": 861.0}, {"x": 6.0, "y": 861.0}]}, "description": "Total"}, {"boundingPoly": {"vertices": [{"x": 110.0, "y": 843.0}, {"x": 135.0, "y": 843.0}, {"x": 134.0, "y": 859.0}, {"x": 110.0, "y": 859.0}]}, "description": "AUD"}, {"boundingPoly": {"vertices": [{"x": 180.0, "y": 841.0}, {"x": 230.0, "y": 842.0}, {"x": 230.0, "y": 859.0}, {"x": 179.0, "y": 860.0}]}, "description": "$17.44"}, {"boundingPoly": {"vertices": [{"x": 6.0, "y": 884.0}, {"x": 71.0, "y": 882.0}, {"x": 71.0, "y": 900.0}, {"x": 6.0, "y": 901.0}]}, "description": "APPROVED"}, {"boundingPoly": {"vertices": [{"x": 2.0, "y": 904.0}, {"x": 229.0, "y": 901.0}, {"x": 229.0, "y": 918.0}, {"x": 3.0, "y": 922.0}]}, "description": "No pin or signature required"}, {"boundingPoly": {"vertices": [{"x": 212.0, "y": 882.0}, {"x": 229.0, "y": 882.0}, {"x": 229.0, "y": 898.0}, {"x": 212.0, "y": 897.0}]}, "description": "00"}, {"boundingPoly": {"vertices": [{"x": 4.0, "y": 941.0}, {"x": 105.0, "y": 941.0}, {"x": 105.0, "y": 960.0}, {"x": 4.0, "y": 960.0}]}, "description": " Terminal ID:"}, {"boundingPoly": {"vertices": [{"x": 4.0, "y": 960.0}, {"x": 135.0, "y": 960.0}, {"x": 135.0, "y": 979.0}, {"x": 4.0, "y": 979.0}]}, "description": " Transaction Ref:"}, {"boundingPoly": {"vertices": [{"x": 5.0, "y": 979.0}, {"x": 143.0, "y": 979.0}, {"x": 143.0, "y": 997.0}, {"x": 5.0, "y": 997.0}]}, "description": " Authorisation No:"}, {"boundingPoly": {"vertices": [{"x": 4.0, "y": 998.0}, {"x": 190.0, "y": 998.0}, {"x": 190.0, "y": 1016.0}, {"x": 4.0, "y": 1016.0}]}, "description": " 05 Nov 2019 at 07:22 PM"}, {"boundingPoly": {"vertices": [{"x": 108.0, "y": 941.0}, {"x": 118.0, "y": 941.0}, {"x": 118.0, "y": 959.0}, {"x": 108.0, "y": 959.0}]}, "description": " 1"}, {"boundingPoly": {"vertices": [{"x": 138.0, "y": 959.0}, {"x": 190.0, "y": 959.0}, {"x": 190.0, "y": 977.0}, {"x": 138.0, "y": 977.0}]}, "description": " 607482"}, {"boundingPoly": {"vertices": [{"x": 146.0, "y": 978.0}, {"x": 197.0, "y": 978.0}, {"x": 197.0, "y": 996.0}, {"x": 146.0, "y": 996.0}]}, "description": " 841474"}, {"boundingPoly": {"vertices": [{"x": 62.0, "y": 1053.0}, {"x": 104.0, "y": 1053.0}, {"x": 104.0, "y": 1069.0}, {"x": 62.0, "y": 1069.0}]}, "description": " Thank"}, {"boundingPoly": {"vertices": [{"x": 54.0, "y": 1070.0}, {"x": 226.0, "y": 1070.0}, {"x": 226.0, "y": 1087.0}, {"x": 54.0, "y": 1087.0}]}, "description": "merchant address"}, {"boundingPoly": {"vertices": [{"x": 107.0, "y": 1052.0}, {"x": 135.0, "y": 1052.0}, {"x": 135.0, "y": 1069.0}, {"x": 107.0, "y": 1069.0}]}, "description": " You"}, {"boundingPoly": {"vertices": [{"x": 138.0, "y": 1052.0}, {"x": 165.0, "y": 1052.0}, {"x": 165.0, "y": 1069.0}, {"x": 138.0, "y": 1069.0}]}, "description": " for"}, {"boundingPoly": {"vertices": [{"x": 168.0, "y": 1052.0}, {"x": 256.0, "y": 1052.0}, {"x": 256.0, "y": 1069.0}, {"x": 168.0, "y": 1069.0}]}, "description": " shopping at"}, {"boundingPoly": {"vertices": [{"x": 228.0, "y": 1070.0}, {"x": 272.0, "y": 1070.0}, {"x": 272.0, "y": 1087.0}, {"x": 228.0, "y": 1087.0}]}, "description": " Kiosk"}]}