{"textAnnotations": [{"boundingPoly": {"vertices": [{"x": 172.0, "y": 139.0}, {"x": 301.0, "y": 139.0}, {"x": 301.0, "y": 185.0}, {"x": 172.0, "y": 185.0}]}, "description": "merchant name"}, {"boundingPoly": {"vertices": [{"x": 190.0, "y": 215.0}, {"x": 382.0, "y": 211.0}, {"x": 382.0, "y": 237.0}, {"x": 190.0, "y": 240.0}]}, "description": "merchant address"}, {"boundingPoly": {"vertices": [{"x": 153.0, "y": 246.0}, {"x": 415.0, "y": 240.0}, {"x": 416.0, "y": 267.0}, {"x": 153.0, "y": 271.0}]}, "description": "merchant address"}, {"boundingPoly": {"vertices": [{"x": 170.0, "y": 274.0}, {"x": 395.0, "y": 270.0}, {"x": 395.0, "y": 298.0}, {"x": 170.0, "y": 302.0}]}, "description": "merchant phone"}, {"boundingPoly": {"vertices": [{"x": 309.0, "y": 138.0}, {"x": 322.0, "y": 138.0}, {"x": 322.0, "y": 182.0}, {"x": 309.0, "y": 182.0}]}, "description": " -"}, {"boundingPoly": {"vertices": [{"x": 329.0, "y": 138.0}, {"x": 367.0, "y": 138.0}, {"x": 367.0, "y": 181.0}, {"x": 329.0, "y": 181.0}]}, "description": "merchant address"}, {"boundingPoly": {"vertices": [{"x": 375.0, "y": 137.0}, {"x": 410.0, "y": 137.0}, {"x": 410.0, "y": 180.0}, {"x": 375.0, "y": 180.0}]}, "description": "merchant address"}, {"boundingPoly": {"vertices": [{"x": 44.0, "y": 334.0}, {"x": 155.0, "y": 334.0}, {"x": 155.0, "y": 359.0}, {"x": 44.0, "y": 358.0}]}, "description": "11/11/2019"}, {"boundingPoly": {"vertices": [{"x": 40.0, "y": 363.0}, {"x": 142.0, "y": 363.0}, {"x": 142.0, "y": 390.0}, {"x": 40.0, "y": 390.0}]}, "description": " Order Id:"}, {"boundingPoly": {"vertices": [{"x": 39.0, "y": 393.0}, {"x": 196.0, "y": 393.0}, {"x": 196.0, "y": 418.0}, {"x": 39.0, "y": 417.0}]}, "description": "#87 - Take Out"}, {"boundingPoly": {"vertices": [{"x": 40.0, "y": 422.0}, {"x": 138.0, "y": 422.0}, {"x": 138.0, "y": 450.0}, {"x": 40.0, "y": 450.0}]}, "description": " Employee:"}, {"boundingPoly": {"vertices": [{"x": 401.0, "y": 329.0}, {"x": 518.0, "y": 329.0}, {"x": 518.0, "y": 359.0}, {"x": 401.0, "y": 359.0}]}, "description": " 1:06:27 PM"}, {"boundingPoly": {"vertices": [{"x": 147.0, "y": 363.0}, {"x": 287.0, "y": 363.0}, {"x": 287.0, "y": 390.0}, {"x": 147.0, "y": 390.0}]}, "description": " AAB7THZ6ACGF"}, {"boundingPoly": {"vertices": [{"x": 143.0, "y": 422.0}, {"x": 397.0, "y": 422.0}, {"x": 397.0, "y": 451.0}, {"x": 143.0, "y": 451.0}]}, "description": " Marison Perez Zambrano"}, {"boundingPoly": {"vertices": [{"x": 60.0, "y": 480.0}, {"x": 69.0, "y": 480.0}, {"x": 69.0, "y": 508.0}, {"x": 60.0, "y": 508.0}]}, "description": " 1"}, {"boundingPoly": {"vertices": [{"x": 58.0, "y": 510.0}, {"x": 70.0, "y": 510.0}, {"x": 70.0, "y": 536.0}, {"x": 58.0, "y": 536.0}]}, "description": " 1"}, {"boundingPoly": {"vertices": [{"x": 58.0, "y": 541.0}, {"x": 72.0, "y": 541.0}, {"x": 72.0, "y": 564.0}, {"x": 58.0, "y": 564.0}]}, "description": " 1"}, {"boundingPoly": {"vertices": [{"x": 74.0, "y": 480.0}, {"x": 235.0, "y": 480.0}, {"x": 235.0, "y": 508.0}, {"x": 74.0, "y": 508.0}]}, "description": " BYO Salad Full"}, {"boundingPoly": {"vertices": [{"x": 75.0, "y": 511.0}, {"x": 247.0, "y": 511.0}, {"x": 247.0, "y": 538.0}, {"x": 75.0, "y": 538.0}]}, "description": " Grilled Chicken"}, {"boundingPoly": {"vertices": [{"x": 76.0, "y": 541.0}, {"x": 157.0, "y": 541.0}, {"x": 157.0, "y": 566.0}, {"x": 76.0, "y": 566.0}]}, "description": " Avocado"}, {"boundingPoly": {"vertices": [{"x": 446.0, "y": 484.0}, {"x": 505.0, "y": 484.0}, {"x": 505.0, "y": 511.0}, {"x": 446.0, "y": 511.0}]}, "description": "$9.75"}, {"boundingPoly": {"vertices": [{"x": 442.0, "y": 515.0}, {"x": 501.0, "y": 515.0}, {"x": 500.0, "y": 538.0}, {"x": 443.0, "y": 539.0}]}, "description": "$3.00"}, {"boundingPoly": {"vertices": [{"x": 440.0, "y": 544.0}, {"x": 499.0, "y": 544.0}, {"x": 499.0, "y": 569.0}, {"x": 440.0, "y": 570.0}]}, "description": "$1.50"}, {"boundingPoly": {"vertices": [{"x": 30.0, "y": 597.0}, {"x": 131.0, "y": 596.0}, {"x": 131.0, "y": 619.0}, {"x": 31.0, "y": 620.0}]}, "description": "Sub Total"}, {"boundingPoly": {"vertices": [{"x": 426.0, "y": 599.0}, {"x": 498.0, "y": 598.0}, {"x": 498.0, "y": 620.0}, {"x": 426.0, "y": 621.0}]}, "description": "$14.25"}, {"boundingPoly": {"vertices": [{"x": 27.0, "y": 654.0}, {"x": 150.0, "y": 653.0}, {"x": 150.0, "y": 679.0}, {"x": 27.0, "y": 680.0}]}, "description": "Order Total"}, {"boundingPoly": {"vertices": [{"x": 426.0, "y": 654.0}, {"x": 499.0, "y": 653.0}, {"x": 499.0, "y": 677.0}, {"x": 427.0, "y": 678.0}]}, "description": "$14.25"}, {"boundingPoly": {"vertices": [{"x": 27.0, "y": 713.0}, {"x": 205.0, "y": 713.0}, {"x": 206.0, "y": 737.0}, {"x": 27.0, "y": 738.0}]}, "description": "American Express"}, {"boundingPoly": {"vertices": [{"x": 69.0, "y": 743.0}, {"x": 140.0, "y": 743.0}, {"x": 140.0, "y": 767.0}, {"x": 69.0, "y": 767.0}]}, "description": " Card#:"}, {"boundingPoly": {"vertices": [{"x": 69.0, "y": 770.0}, {"x": 225.0, "y": 770.0}, {"x": 225.0, "y": 798.0}, {"x": 69.0, "y": 798.0}]}, "description": " Authorization:"}, {"boundingPoly": {"vertices": [{"x": 426.0, "y": 713.0}, {"x": 500.0, "y": 711.0}, {"x": 501.0, "y": 735.0}, {"x": 426.0, "y": 737.0}]}, "description": "$14.25"}, {"boundingPoly": {"vertices": [{"x": 145.0, "y": 743.0}, {"x": 316.0, "y": 743.0}, {"x": 316.0, "y": 765.0}, {"x": 145.0, "y": 765.0}]}, "description": " *********** 1000"}, {"boundingPoly": {"vertices": [{"x": 231.0, "y": 770.0}, {"x": 306.0, "y": 770.0}, {"x": 306.0, "y": 798.0}, {"x": 231.0, "y": 798.0}]}, "description": " 521999"}, {"boundingPoly": {"vertices": [{"x": 147.0, "y": 859.0}, {"x": 330.0, "y": 859.0}, {"x": 330.0, "y": 888.0}, {"x": 147.0, "y": 888.0}]}, "description": " -- > Order Closed"}, {"boundingPoly": {"vertices": [{"x": 335.0, "y": 860.0}, {"x": 376.0, "y": 860.0}, {"x": 376.0, "y": 888.0}, {"x": 335.0, "y": 888.0}]}, "description": " < --"}, {"boundingPoly": {"vertices": [{"x": 27.0, "y": 914.0}, {"x": 462.0, "y": 914.0}, {"x": 462.0, "y": 949.0}, {"x": 27.0, "y": 949.0}]}, "description": " Thank you for visiting Ladle and Leaf."}, {"boundingPoly": {"vertices": [{"x": 70.0, "y": 974.0}, {"x": 134.0, "y": 974.0}, {"x": 134.0, "y": 999.0}, {"x": 70.0, "y": 999.0}]}, "description": " Visit"}, {"boundingPoly": {"vertices": [{"x": 52.0, "y": 1001.0}, {"x": 461.0, "y": 1008.0}, {"x": 460.0, "y": 1034.0}, {"x": 51.0, "y": 1026.0}]}, "description": "Chance to earn free soups and salads!"}, {"boundingPoly": {"vertices": [{"x": 467.0, "y": 921.0}, {"x": 499.0, "y": 921.0}, {"x": 499.0, "y": 949.0}, {"x": 467.0, "y": 949.0}]}, "description": " We"}, {"boundingPoly": {"vertices": [{"x": 100.0, "y": 944.0}, {"x": 411.0, "y": 948.0}, {"x": 410.0, "y": 977.0}, {"x": 100.0, "y": 971.0}]}, "description": "would love to hear from you."}, {"boundingPoly": {"vertices": [{"x": 141.0, "y": 975.0}, {"x": 449.0, "y": 975.0}, {"x": 449.0, "y": 1006.0}, {"x": 141.0, "y": 1006.0}]}, "description": " www.ladleandleaf.com/survey"}]}