{"textAnnotations": [{"boundingPoly": {"vertices": [{"x": 281.0, "y": 26.0}, {"x": 510.0, "y": 26.0}, {"x": 510.0, "y": 59.0}, {"x": 281.0, "y": 60.0}]}, "description": "merchant name"}, {"boundingPoly": {"vertices": [{"x": 336.0, "y": 62.0}, {"x": 730.0, "y": 60.0}, {"x": 730.0, "y": 91.0}, {"x": 336.0, "y": 95.0}]}, "description": "merchant address"}, {"boundingPoly": {"vertices": [{"x": 313.0, "y": 95.0}, {"x": 626.0, "y": 95.0}, {"x": 626.0, "y": 133.0}, {"x": 313.0, "y": 133.0}]}, "description": "merchant address"}, {"boundingPoly": {"vertices": [{"x": 438.0, "y": 136.0}, {"x": 595.0, "y": 137.0}, {"x": 595.0, "y": 170.0}, {"x": 438.0, "y": 169.0}]}, "description": "merchant address"}, {"boundingPoly": {"vertices": [{"x": 459.0, "y": 173.0}, {"x": 817.0, "y": 173.0}, {"x": 817.0, "y": 212.0}, {"x": 459.0, "y": 212.0}]}, "description": " : 06AABCD5534A1Z9"}, {"boundingPoly": {"vertices": [{"x": 211.0, "y": 216.0}, {"x": 649.0, "y": 216.0}, {"x": 649.0, "y": 259.0}, {"x": 211.0, "y": 259.0}]}, "description": " Service Code Tariff"}, {"boundingPoly": {"vertices": [{"x": 518.0, "y": 27.0}, {"x": 790.0, "y": 27.0}, {"x": 790.0, "y": 58.0}, {"x": 518.0, "y": 59.0}]}, "description": "merchant name"}, {"boundingPoly": {"vertices": [{"x": 636.0, "y": 95.0}, {"x": 730.0, "y": 95.0}, {"x": 730.0, "y": 129.0}, {"x": 636.0, "y": 129.0}]}, "description": "merchant address"}, {"boundingPoly": {"vertices": [{"x": 239.0, "y": 175.0}, {"x": 450.0, "y": 175.0}, {"x": 450.0, "y": 213.0}, {"x": 239.0, "y": 213.0}]}, "description": " GSTIN No."}, {"boundingPoly": {"vertices": [{"x": 656.0, "y": 216.0}, {"x": 815.0, "y": 216.0}, {"x": 815.0, "y": 255.0}, {"x": 656.0, "y": 255.0}]}, "description": " :996331"}, {"boundingPoly": {"vertices": [{"x": 68.0, "y": 316.0}, {"x": 455.0, "y": 308.0}, {"x": 456.0, "y": 348.0}, {"x": 69.0, "y": 357.0}]}, "description": "Inv No 4231920162"}, {"boundingPoly": {"vertices": [{"x": 59.0, "y": 359.0}, {"x": 200.0, "y": 359.0}, {"x": 200.0, "y": 412.0}, {"x": 59.0, "y": 412.0}]}, "description": " Date:"}, {"boundingPoly": {"vertices": [{"x": 59.0, "y": 413.0}, {"x": 203.0, "y": 413.0}, {"x": 203.0, "y": 460.0}, {"x": 59.0, "y": 460.0}]}, "description": " Staff:"}, {"boundingPoly": {"vertices": [{"x": 53.0, "y": 471.0}, {"x": 170.0, "y": 467.0}, {"x": 171.0, "y": 510.0}, {"x": 54.0, "y": 510.0}]}, "description": "Cust."}, {"boundingPoly": {"vertices": [{"x": 42.0, "y": 518.0}, {"x": 343.0, "y": 518.0}, {"x": 343.0, "y": 604.0}, {"x": 42.0, "y": 604.0}]}, "description": " Order Channel"}, {"boundingPoly": {"vertices": [{"x": 91.0, "y": 631.0}, {"x": 150.0, "y": 631.0}, {"x": 150.0, "y": 643.0}, {"x": 91.0, "y": 644.0}]}, "description": "---"}, {"boundingPoly": {"vertices": [{"x": 516.0, "y": 309.0}, {"x": 664.0, "y": 309.0}, {"x": 664.0, "y": 349.0}, {"x": 516.0, "y": 348.0}]}, "description": "ORD No"}, {"boundingPoly": {"vertices": [{"x": 212.0, "y": 351.0}, {"x": 747.0, "y": 351.0}, {"x": 747.0, "y": 410.0}, {"x": 212.0, "y": 410.0}]}, "description": " 05-11-19 12:11 POS No."}, {"boundingPoly": {"vertices": [{"x": 211.0, "y": 409.0}, {"x": 447.0, "y": 409.0}, {"x": 447.0, "y": 457.0}, {"x": 211.0, "y": 457.0}]}, "description": " Amit kumar"}, {"boundingPoly": {"vertices": [{"x": 224.0, "y": 464.0}, {"x": 516.0, "y": 459.0}, {"x": 518.0, "y": 498.0}, {"x": 225.0, "y": 506.0}]}, "description": "9999999999 --"}, {"boundingPoly": {"vertices": [{"x": 358.0, "y": 514.0}, {"x": 514.0, "y": 514.0}, {"x": 514.0, "y": 603.0}, {"x": 358.0, "y": 603.0}]}, "description": " :- 423"}, {"boundingPoly": {"vertices": [{"x": 747.0, "y": 309.0}, {"x": 978.0, "y": 309.0}, {"x": 978.0, "y": 347.0}, {"x": 747.0, "y": 346.0}]}, "description": "4231920161"}, {"boundingPoly": {"vertices": [{"x": 865.0, "y": 356.0}, {"x": 1003.0, "y": 355.0}, {"x": 1003.0, "y": 394.0}, {"x": 865.0, "y": 394.0}]}, "description": "T42301"}, {"boundingPoly": {"vertices": [{"x": 840.0, "y": 681.0}, {"x": 961.0, "y": 681.0}, {"x": 961.0, "y": 692.0}, {"x": 840.0, "y": 692.0}]}, "description": "-----"}, {"boundingPoly": {"vertices": [{"x": 108.0, "y": 728.0}, {"x": 188.0, "y": 728.0}, {"x": 188.0, "y": 775.0}, {"x": 108.0, "y": 775.0}]}, "description": " NAME"}, {"boundingPoly": {"vertices": [{"x": 113.0, "y": 790.0}, {"x": 309.0, "y": 790.0}, {"x": 309.0, "y": 834.0}, {"x": 113.0, "y": 834.0}]}, "description": " Address:"}, {"boundingPoly": {"vertices": [{"x": 196.0, "y": 727.0}, {"x": 215.0, "y": 727.0}, {"x": 215.0, "y": 773.0}, {"x": 196.0, "y": 773.0}]}, "description": " :"}, {"boundingPoly": {"vertices": [{"x": 317.0, "y": 796.0}, {"x": 334.0, "y": 796.0}, {"x": 334.0, "y": 835.0}, {"x": 317.0, "y": 835.0}]}, "description": " ,"}, {"boundingPoly": {"vertices": [{"x": 73.0, "y": 896.0}, {"x": 302.0, "y": 892.0}, {"x": 303.0, "y": 943.0}, {"x": 74.0, "y": 947.0}]}, "description": "9999999999"}, {"boundingPoly": {"vertices": [{"x": 97.0, "y": 1005.0}, {"x": 197.0, "y": 1005.0}, {"x": 197.0, "y": 1045.0}, {"x": 97.0, "y": 1045.0}]}, "description": " Name"}, {"boundingPoly": {"vertices": [{"x": 102.0, "y": 1047.0}, {"x": 283.0, "y": 1043.0}, {"x": 285.0, "y": 1093.0}, {"x": 102.0, "y": 1097.0}]}, "description": "Address"}, {"boundingPoly": {"vertices": [{"x": 115.0, "y": 1096.0}, {"x": 298.0, "y": 1096.0}, {"x": 298.0, "y": 1136.0}, {"x": 115.0, "y": 1136.0}]}, "description": " Phone No"}, {"boundingPoly": {"vertices": [{"x": 204.0, "y": 1005.0}, {"x": 248.0, "y": 1005.0}, {"x": 248.0, "y": 1042.0}, {"x": 204.0, "y": 1042.0}]}, "description": " :-"}, {"boundingPoly": {"vertices": [{"x": 307.0, "y": 1093.0}, {"x": 564.0, "y": 1093.0}, {"x": 564.0, "y": 1133.0}, {"x": 307.0, "y": 1133.0}]}, "description": " :- 9999999999"}, {"boundingPoly": {"vertices": [{"x": 135.0, "y": 1180.0}, {"x": 368.0, "y": 1179.0}, {"x": 368.0, "y": 1213.0}, {"x": 136.0, "y": 1214.0}]}, "description": "Description"}, {"boundingPoly": {"vertices": [{"x": 442.0, "y": 1178.0}, {"x": 753.0, "y": 1178.0}, {"x": 753.0, "y": 1212.0}, {"x": 442.0, "y": 1212.0}]}, "description": "Price Qty Disc."}, {"boundingPoly": {"vertices": [{"x": 849.0, "y": 1176.0}, {"x": 976.0, "y": 1176.0}, {"x": 976.0, "y": 1209.0}, {"x": 849.0, "y": 1210.0}]}, "description": "Amount"}, {"boundingPoly": {"vertices": [{"x": 149.0, "y": 1255.0}, {"x": 534.0, "y": 1255.0}, {"x": 534.0, "y": 1296.0}, {"x": 149.0, "y": 1296.0}]}, "description": "CAFFE LATTE PICCOLO"}, {"boundingPoly": {"vertices": [{"x": 424.0, "y": 1306.0}, {"x": 531.0, "y": 1305.0}, {"x": 531.0, "y": 1344.0}, {"x": 425.0, "y": 1345.0}]}, "description": "55.00"}, {"boundingPoly": {"vertices": [{"x": 139.0, "y": 1353.0}, {"x": 531.0, "y": 1354.0}, {"x": 531.0, "y": 1396.0}, {"x": 139.0, "y": 1395.0}]}, "description": "CAFFE LATTE PICCOLO"}, {"boundingPoly": {"vertices": [{"x": 423.0, "y": 1405.0}, {"x": 528.0, "y": 1406.0}, {"x": 526.0, "y": 1447.0}, {"x": 422.0, "y": 1446.0}]}, "description": "55.00"}, {"boundingPoly": {"vertices": [{"x": 584.0, "y": 1304.0}, {"x": 627.0, "y": 1304.0}, {"x": 627.0, "y": 1347.0}, {"x": 584.0, "y": 1347.0}]}, "description": " 2"}, {"boundingPoly": {"vertices": [{"x": 644.0, "y": 1304.0}, {"x": 736.0, "y": 1304.0}, {"x": 736.0, "y": 1346.0}, {"x": 644.0, "y": 1346.0}]}, "description": " 0.00"}, {"boundingPoly": {"vertices": [{"x": 831.0, "y": 1306.0}, {"x": 956.0, "y": 1305.0}, {"x": 956.0, "y": 1345.0}, {"x": 832.0, "y": 1346.0}]}, "description": "110.00"}, {"boundingPoly": {"vertices": [{"x": 584.0, "y": 1405.0}, {"x": 627.0, "y": 1405.0}, {"x": 627.0, "y": 1449.0}, {"x": 584.0, "y": 1449.0}]}, "description": " 1"}, {"boundingPoly": {"vertices": [{"x": 643.0, "y": 1405.0}, {"x": 733.0, "y": 1405.0}, {"x": 733.0, "y": 1449.0}, {"x": 643.0, "y": 1449.0}]}, "description": " 0.00"}, {"boundingPoly": {"vertices": [{"x": 854.0, "y": 1404.0}, {"x": 957.0, "y": 1405.0}, {"x": 956.0, "y": 1447.0}, {"x": 854.0, "y": 1447.0}]}, "description": "54.99"}, {"boundingPoly": {"vertices": [{"x": 125.0, "y": 1555.0}, {"x": 298.0, "y": 1557.0}, {"x": 298.0, "y": 1605.0}, {"x": 124.0, "y": 1603.0}]}, "description": "Subtotal"}, {"boundingPoly": {"vertices": [{"x": 129.0, "y": 1611.0}, {"x": 650.0, "y": 1614.0}, {"x": 649.0, "y": 1660.0}, {"x": 129.0, "y": 1655.0}]}, "description": "Total Amount (Before Tax)"}, {"boundingPoly": {"vertices": [{"x": 128.0, "y": 1662.0}, {"x": 320.0, "y": 1663.0}, {"x": 320.0, "y": 1706.0}, {"x": 128.0, "y": 1704.0}]}, "description": "SGST @2.5"}, {"boundingPoly": {"vertices": [{"x": 132.0, "y": 1711.0}, {"x": 360.0, "y": 1713.0}, {"x": 359.0, "y": 1754.0}, {"x": 131.0, "y": 1752.0}]}, "description": "CGST @ 2.5%"}, {"boundingPoly": {"vertices": [{"x": 132.0, "y": 1761.0}, {"x": 382.0, "y": 1765.0}, {"x": 382.0, "y": 1804.0}, {"x": 131.0, "y": 1800.0}]}, "description": "Gross Amount"}, {"boundingPoly": {"vertices": [{"x": 133.0, "y": 1807.0}, {"x": 363.0, "y": 1812.0}, {"x": 362.0, "y": 1852.0}, {"x": 132.0, "y": 1847.0}]}, "description": "Bill Amount"}, {"boundingPoly": {"vertices": [{"x": 835.0, "y": 1564.0}, {"x": 962.0, "y": 1562.0}, {"x": 963.0, "y": 1602.0}, {"x": 836.0, "y": 1605.0}]}, "description": "164.99"}, {"boundingPoly": {"vertices": [{"x": 834.0, "y": 1612.0}, {"x": 962.0, "y": 1610.0}, {"x": 963.0, "y": 1659.0}, {"x": 833.0, "y": 1662.0}]}, "description": "164.99"}, {"boundingPoly": {"vertices": [{"x": 851.0, "y": 1665.0}, {"x": 942.0, "y": 1663.0}, {"x": 942.0, "y": 1712.0}, {"x": 851.0, "y": 1715.0}]}, "description": "4.13"}, {"boundingPoly": {"vertices": [{"x": 365.0, "y": 1667.0}, {"x": 401.0, "y": 1669.0}, {"x": 399.0, "y": 1705.0}, {"x": 363.0, "y": 1702.0}]}, "description": "%"}, {"boundingPoly": {"vertices": [{"x": 687.0, "y": 1718.0}, {"x": 776.0, "y": 1718.0}, {"x": 776.0, "y": 1759.0}, {"x": 687.0, "y": 1757.0}]}, "description": "4.13"}, {"boundingPoly": {"vertices": [{"x": 833.0, "y": 1763.0}, {"x": 962.0, "y": 1764.0}, {"x": 961.0, "y": 1813.0}, {"x": 832.0, "y": 1811.0}]}, "description": "173.25"}, {"boundingPoly": {"vertices": [{"x": 834.0, "y": 1818.0}, {"x": 960.0, "y": 1819.0}, {"x": 959.0, "y": 1858.0}, {"x": 834.0, "y": 1856.0}]}, "description": "173.25"}, {"boundingPoly": {"vertices": [{"x": 141.0, "y": 1902.0}, {"x": 322.0, "y": 1902.0}, {"x": 322.0, "y": 1942.0}, {"x": 141.0, "y": 1942.0}]}, "description": " Payments:"}, {"boundingPoly": {"vertices": [{"x": 148.0, "y": 1945.0}, {"x": 230.0, "y": 1946.0}, {"x": 230.0, "y": 1979.0}, {"x": 148.0, "y": 1979.0}]}, "description": "AMEX"}, {"boundingPoly": {"vertices": [{"x": 186.0, "y": 1989.0}, {"x": 458.0, "y": 1989.0}, {"x": 458.0, "y": 2036.0}, {"x": 186.0, "y": 2036.0}]}, "description": " Approval Code"}, {"boundingPoly": {"vertices": [{"x": 467.0, "y": 1991.0}, {"x": 492.0, "y": 1991.0}, {"x": 492.0, "y": 2036.0}, {"x": 467.0, "y": 2036.0}]}, "description": " 1"}, {"boundingPoly": {"vertices": [{"x": 815.0, "y": 1952.0}, {"x": 937.0, "y": 1953.0}, {"x": 937.0, "y": 1990.0}, {"x": 815.0, "y": 1989.0}]}, "description": "173.25"}, {"boundingPoly": {"vertices": [{"x": 147.0, "y": 2088.0}, {"x": 947.0, "y": 2088.0}, {"x": 947.0, "y": 2178.0}, {"x": 147.0, "y": 2178.0}]}, "description": " Share Your Feedback:"}, {"boundingPoly": {"vertices": [{"x": 210.0, "y": 2160.0}, {"x": 898.0, "y": 2182.0}, {"x": 897.0, "y": 2219.0}, {"x": 210.0, "y": 2201.0}]}, "description": "feedback.costaindia@dil-rjcorp.com"}]}