{"textAnnotations": [{"boundingPoly": {"vertices": [{"x": 43.0, "y": 44.0}, {"x": 411.0, "y": 31.0}, {"x": 412.0, "y": 75.0}, {"x": 44.0, "y": 86.0}]}, "description": "merchant name"}, {"boundingPoly": {"vertices": [{"x": 325.0, "y": 106.0}, {"x": 355.0, "y": 106.0}, {"x": 355.0, "y": 131.0}, {"x": 325.0, "y": 131.0}]}, "description": " the"}, {"boundingPoly": {"vertices": [{"x": 153.0, "y": 135.0}, {"x": 328.0, "y": 133.0}, {"x": 328.0, "y": 158.0}, {"x": 153.0, "y": 160.0}]}, "description": "merchant name"}, {"boundingPoly": {"vertices": [{"x": 118.0, "y": 108.0}, {"x": 322.0, "y": 108.0}, {"x": 322.0, "y": 135.0}, {"x": 118.0, "y": 135.0}]}, "description": " Thank You For Visiting"}, {"boundingPoly": {"vertices": [{"x": 155.0, "y": 159.0}, {"x": 330.0, "y": 155.0}, {"x": 331.0, "y": 182.0}, {"x": 155.0, "y": 186.0}]}, "description": "merchant address"}, {"boundingPoly": {"vertices": [{"x": 280.0, "y": 184.0}, {"x": 304.0, "y": 184.0}, {"x": 304.0, "y": 207.0}, {"x": 280.0, "y": 207.0}]}, "description": "merchant address"}, {"boundingPoly": {"vertices": [{"x": 174.0, "y": 185.0}, {"x": 276.0, "y": 185.0}, {"x": 276.0, "y": 208.0}, {"x": 174.0, "y": 208.0}]}, "description": "merchant address"}, {"boundingPoly": {"vertices": [{"x": 396.0, "y": 220.0}, {"x": 426.0, "y": 219.0}, {"x": 426.0, "y": 237.0}, {"x": 397.0, "y": 238.0}]}, "description": "CAD"}, {"boundingPoly": {"vertices": [{"x": 387.0, "y": 243.0}, {"x": 427.0, "y": 242.0}, {"x": 427.0, "y": 262.0}, {"x": 388.0, "y": 263.0}]}, "description": "7.25"}, {"boundingPoly": {"vertices": [{"x": 391.0, "y": 266.0}, {"x": 425.0, "y": 263.0}, {"x": 427.0, "y": 287.0}, {"x": 392.0, "y": 290.0}]}, "description": "1.75"}, {"boundingPoly": {"vertices": [{"x": 388.0, "y": 293.0}, {"x": 425.0, "y": 291.0}, {"x": 426.0, "y": 309.0}, {"x": 390.0, "y": 311.0}]}, "description": "1.99"}, {"boundingPoly": {"vertices": [{"x": 59.0, "y": 258.0}, {"x": 136.0, "y": 258.0}, {"x": 136.0, "y": 277.0}, {"x": 59.0, "y": 277.0}]}, "description": " Culinary"}, {"boundingPoly": {"vertices": [{"x": 60.0, "y": 280.0}, {"x": 108.0, "y": 280.0}, {"x": 108.0, "y": 297.0}, {"x": 60.0, "y": 297.0}]}, "description": " Small"}, {"boundingPoly": {"vertices": [{"x": 59.0, "y": 301.0}, {"x": 223.0, "y": 303.0}, {"x": 222.0, "y": 322.0}, {"x": 58.0, "y": 318.0}]}, "description": "Hand Fruit Premium"}, {"boundingPoly": {"vertices": [{"x": 140.0, "y": 257.0}, {"x": 202.0, "y": 257.0}, {"x": 202.0, "y": 276.0}, {"x": 140.0, "y": 276.0}]}, "description": " Theater"}, {"boundingPoly": {"vertices": [{"x": 112.0, "y": 280.0}, {"x": 150.0, "y": 280.0}, {"x": 150.0, "y": 298.0}, {"x": 112.0, "y": 298.0}]}, "description": " Soup"}, {"boundingPoly": {"vertices": [{"x": 263.0, "y": 440.0}, {"x": 345.0, "y": 437.0}, {"x": 345.0, "y": 455.0}, {"x": 263.0, "y": 458.0}]}, "description": "Sub Total"}, {"boundingPoly": {"vertices": [{"x": 263.0, "y": 462.0}, {"x": 357.0, "y": 459.0}, {"x": 357.0, "y": 477.0}, {"x": 264.0, "y": 481.0}]}, "description": "Tax Amount"}, {"boundingPoly": {"vertices": [{"x": 380.0, "y": 434.0}, {"x": 425.0, "y": 431.0}, {"x": 425.0, "y": 449.0}, {"x": 380.0, "y": 452.0}]}, "description": "10.99"}, {"boundingPoly": {"vertices": [{"x": 386.0, "y": 456.0}, {"x": 424.0, "y": 454.0}, {"x": 425.0, "y": 473.0}, {"x": 387.0, "y": 474.0}]}, "description": "1.43"}, {"boundingPoly": {"vertices": [{"x": 47.0, "y": 526.0}, {"x": 212.0, "y": 528.0}, {"x": 212.0, "y": 561.0}, {"x": 47.0, "y": 558.0}]}, "description": "Total CAD"}, {"boundingPoly": {"vertices": [{"x": 335.0, "y": 527.0}, {"x": 423.0, "y": 523.0}, {"x": 424.0, "y": 557.0}, {"x": 335.0, "y": 559.0}]}, "description": "12.42"}, {"boundingPoly": {"vertices": [{"x": 50.0, "y": 630.0}, {"x": 196.0, "y": 631.0}, {"x": 196.0, "y": 650.0}, {"x": 50.0, "y": 649.0}]}, "description": "5000 Credit Card"}, {"boundingPoly": {"vertices": [{"x": 377.0, "y": 624.0}, {"x": 426.0, "y": 623.0}, {"x": 426.0, "y": 647.0}, {"x": 378.0, "y": 648.0}]}, "description": "12.42"}, {"boundingPoly": {"vertices": [{"x": 50.0, "y": 694.0}, {"x": 423.0, "y": 694.0}, {"x": 423.0, "y": 717.0}, {"x": 50.0, "y": 717.0}]}, "description": " 10/24/2019 12:51 PM #:15059 Op:5024 C:121"}, {"boundingPoly": {"vertices": [{"x": 49.0, "y": 721.0}, {"x": 140.0, "y": 721.0}, {"x": 140.0, "y": 739.0}, {"x": 49.0, "y": 739.0}]}, "description": " 101 S:1211"}, {"boundingPoly": {"vertices": [{"x": 49.0, "y": 744.0}, {"x": 143.0, "y": 744.0}, {"x": 143.0, "y": 763.0}, {"x": 49.0, "y": 763.0}]}, "description": " Served you"}, {"boundingPoly": {"vertices": [{"x": 146.0, "y": 743.0}, {"x": 247.0, "y": 743.0}, {"x": 247.0, "y": 763.0}, {"x": 146.0, "y": 763.0}]}, "description": " : Kathy Sun"}, {"boundingPoly": {"vertices": [{"x": 47.0, "y": 788.0}, {"x": 239.0, "y": 788.0}, {"x": 239.0, "y": 806.0}, {"x": 47.0, "y": 807.0}]}, "description": "Global Rewards Points"}, {"boundingPoly": {"vertices": [{"x": 216.0, "y": 810.0}, {"x": 247.0, "y": 810.0}, {"x": 247.0, "y": 829.0}, {"x": 216.0, "y": 829.0}]}, "description": " 215"}, {"boundingPoly": {"vertices": [{"x": 217.0, "y": 833.0}, {"x": 237.0, "y": 833.0}, {"x": 237.0, "y": 849.0}, {"x": 217.0, "y": 850.0}]}, "description": "32"}, {"boundingPoly": {"vertices": [{"x": 215.0, "y": 856.0}, {"x": 230.0, "y": 857.0}, {"x": 229.0, "y": 872.0}, {"x": 215.0, "y": 871.0}]}, "description": "0"}, {"boundingPoly": {"vertices": [{"x": 218.0, "y": 878.0}, {"x": 247.0, "y": 878.0}, {"x": 246.0, "y": 894.0}, {"x": 218.0, "y": 895.0}]}, "description": "247"}, {"boundingPoly": {"vertices": [{"x": 48.0, "y": 811.0}, {"x": 209.0, "y": 811.0}, {"x": 209.0, "y": 830.0}, {"x": 48.0, "y": 830.0}]}, "description": " Previous Balance:"}, {"boundingPoly": {"vertices": [{"x": 48.0, "y": 834.0}, {"x": 161.0, "y": 834.0}, {"x": 161.0, "y": 853.0}, {"x": 48.0, "y": 853.0}]}, "description": " Accrued (new)"}, {"boundingPoly": {"vertices": [{"x": 48.0, "y": 856.0}, {"x": 178.0, "y": 856.0}, {"x": 178.0, "y": 876.0}, {"x": 48.0, "y": 876.0}]}, "description": " Redeemed (used)"}, {"boundingPoly": {"vertices": [{"x": 47.0, "y": 880.0}, {"x": 156.0, "y": 880.0}, {"x": 156.0, "y": 899.0}, {"x": 47.0, "y": 899.0}]}, "description": " New Balance:"}, {"boundingPoly": {"vertices": [{"x": 164.0, "y": 834.0}, {"x": 175.0, "y": 834.0}, {"x": 175.0, "y": 852.0}, {"x": 164.0, "y": 852.0}]}, "description": " :"}, {"boundingPoly": {"vertices": [{"x": 181.0, "y": 856.0}, {"x": 191.0, "y": 856.0}, {"x": 191.0, "y": 875.0}, {"x": 181.0, "y": 875.0}]}, "description": " :"}, {"boundingPoly": {"vertices": [{"x": 137.0, "y": 923.0}, {"x": 332.0, "y": 921.0}, {"x": 332.0, "y": 939.0}, {"x": 137.0, "y": 942.0}]}, "description": "GST# 88778 3355 RT0001"}]}