{"textAnnotations": [{"boundingPoly": {"vertices": [{"x": 448.0, "y": 203.0}, {"x": 840.0, "y": 243.0}, {"x": 836.0, "y": 292.0}, {"x": 443.0, "y": 254.0}]}, "description": "merchant name"}, {"boundingPoly": {"vertices": [{"x": 418.0, "y": 304.0}, {"x": 865.0, "y": 337.0}, {"x": 863.0, "y": 387.0}, {"x": 415.0, "y": 357.0}]}, "description": "merchant address"}, {"boundingPoly": {"vertices": [{"x": 483.0, "y": 419.0}, {"x": 559.0, "y": 419.0}, {"x": 559.0, "y": 471.0}, {"x": 483.0, "y": 471.0}]}, "description": "merchant phone"}, {"boundingPoly": {"vertices": [{"x": 559.0, "y": 375.0}, {"x": 723.0, "y": 385.0}, {"x": 720.0, "y": 430.0}, {"x": 557.0, "y": 421.0}]}, "description": "merchant address"}, {"boundingPoly": {"vertices": [{"x": 421.0, "y": 465.0}, {"x": 875.0, "y": 483.0}, {"x": 874.0, "y": 532.0}, {"x": 421.0, "y": 515.0}]}, "description": "airport@theobroma. in"}, {"boundingPoly": {"vertices": [{"x": 500.0, "y": 570.0}, {"x": 518.0, "y": 570.0}, {"x": 518.0, "y": 616.0}, {"x": 500.0, "y": 616.0}]}, "description": " --"}, {"boundingPoly": {"vertices": [{"x": 566.0, "y": 423.0}, {"x": 795.0, "y": 423.0}, {"x": 795.0, "y": 481.0}, {"x": 566.0, "y": 481.0}]}, "description": "merchant phone"}, {"boundingPoly": {"vertices": [{"x": 484.0, "y": 523.0}, {"x": 636.0, "y": 523.0}, {"x": 636.0, "y": 572.0}, {"x": 484.0, "y": 572.0}]}, "description": " -- TAKE"}, {"boundingPoly": {"vertices": [{"x": 641.0, "y": 528.0}, {"x": 782.0, "y": 528.0}, {"x": 782.0, "y": 575.0}, {"x": 641.0, "y": 575.0}]}, "description": " AWAY --"}, {"boundingPoly": {"vertices": [{"x": 637.0, "y": 576.0}, {"x": 830.0, "y": 576.0}, {"x": 830.0, "y": 624.0}, {"x": 637.0, "y": 624.0}]}, "description": " MEMO ----"}, {"boundingPoly": {"vertices": [{"x": 526.0, "y": 571.0}, {"x": 629.0, "y": 571.0}, {"x": 629.0, "y": 624.0}, {"x": 526.0, "y": 624.0}]}, "description": " BILL"}, {"boundingPoly": {"vertices": [{"x": 221.0, "y": 595.0}, {"x": 1041.0, "y": 595.0}, {"x": 1041.0, "y": 674.0}, {"x": 221.0, "y": 674.0}]}, "description": " Bill No:6632-218518 Tb1:12 By:Santos"}, {"boundingPoly": {"vertices": [{"x": 524.0, "y": 724.0}, {"x": 758.0, "y": 724.0}, {"x": 758.0, "y": 775.0}, {"x": 524.0, "y": 775.0}]}, "description": " Time:20:00"}, {"boundingPoly": {"vertices": [{"x": 449.0, "y": 774.0}, {"x": 622.0, "y": 774.0}, {"x": 622.0, "y": 826.0}, {"x": 449.0, "y": 826.0}]}, "description": " Captain:"}, {"boundingPoly": {"vertices": [{"x": 464.0, "y": 671.0}, {"x": 814.0, "y": 671.0}, {"x": 814.0, "y": 726.0}, {"x": 464.0, "y": 726.0}]}, "description": " Date:22-11-2019"}, {"boundingPoly": {"vertices": [{"x": 630.0, "y": 776.0}, {"x": 823.0, "y": 776.0}, {"x": 823.0, "y": 827.0}, {"x": 630.0, "y": 827.0}]}, "description": " sham4286"}, {"boundingPoly": {"vertices": [{"x": 217.0, "y": 803.0}, {"x": 764.0, "y": 828.0}, {"x": 761.0, "y": 878.0}, {"x": 215.0, "y": 861.0}]}, "description": "Token Number"}, {"boundingPoly": {"vertices": [{"x": 139.0, "y": 905.0}, {"x": 240.0, "y": 912.0}, {"x": 236.0, "y": 959.0}, {"x": 135.0, "y": 951.0}]}, "description": "Item"}, {"boundingPoly": {"vertices": [{"x": 879.0, "y": 822.0}, {"x": 1035.0, "y": 821.0}, {"x": 1036.0, "y": 870.0}, {"x": 880.0, "y": 873.0}]}, "description": "423"}, {"boundingPoly": {"vertices": [{"x": 686.0, "y": 932.0}, {"x": 787.0, "y": 933.0}, {"x": 786.0, "y": 979.0}, {"x": 683.0, "y": 978.0}]}, "description": "Rate"}, {"boundingPoly": {"vertices": [{"x": 844.0, "y": 930.0}, {"x": 935.0, "y": 930.0}, {"x": 935.0, "y": 981.0}, {"x": 844.0, "y": 981.0}]}, "description": " Qty"}, {"boundingPoly": {"vertices": [{"x": 954.0, "y": 925.0}, {"x": 1103.0, "y": 925.0}, {"x": 1103.0, "y": 976.0}, {"x": 954.0, "y": 976.0}]}, "description": " Amount"}, {"boundingPoly": {"vertices": [{"x": 132.0, "y": 1015.0}, {"x": 530.0, "y": 1031.0}, {"x": 529.0, "y": 1079.0}, {"x": 130.0, "y": 1064.0}]}, "description": "Assorted Truffles"}, {"boundingPoly": {"vertices": [{"x": 125.0, "y": 1119.0}, {"x": 503.0, "y": 1130.0}, {"x": 502.0, "y": 1181.0}, {"x": 124.0, "y": 1172.0}]}, "description": "Almond Rocks 250"}, {"boundingPoly": {"vertices": [{"x": 161.0, "y": 1182.0}, {"x": 235.0, "y": 1185.0}, {"x": 234.0, "y": 1229.0}, {"x": 160.0, "y": 1226.0}]}, "description": "Gms"}, {"boundingPoly": {"vertices": [{"x": 164.0, "y": 1071.0}, {"x": 265.0, "y": 1078.0}, {"x": 260.0, "y": 1124.0}, {"x": 160.0, "y": 1118.0}]}, "description": "250g"}, {"boundingPoly": {"vertices": [{"x": 614.0, "y": 1034.0}, {"x": 758.0, "y": 1036.0}, {"x": 757.0, "y": 1083.0}, {"x": 614.0, "y": 1081.0}]}, "description": "500.00"}, {"boundingPoly": {"vertices": [{"x": 895.0, "y": 1033.0}, {"x": 935.0, "y": 1033.0}, {"x": 935.0, "y": 1078.0}, {"x": 895.0, "y": 1078.0}]}, "description": " 1"}, {"boundingPoly": {"vertices": [{"x": 957.0, "y": 1029.0}, {"x": 1107.0, "y": 1029.0}, {"x": 1107.0, "y": 1078.0}, {"x": 957.0, "y": 1078.0}]}, "description": " 500.00"}, {"boundingPoly": {"vertices": [{"x": 613.0, "y": 1138.0}, {"x": 759.0, "y": 1142.0}, {"x": 758.0, "y": 1189.0}, {"x": 612.0, "y": 1186.0}]}, "description": "550.00"}, {"boundingPoly": {"vertices": [{"x": 891.0, "y": 1141.0}, {"x": 926.0, "y": 1142.0}, {"x": 925.0, "y": 1183.0}, {"x": 890.0, "y": 1181.0}]}, "description": "1"}, {"boundingPoly": {"vertices": [{"x": 950.0, "y": 1139.0}, {"x": 1105.0, "y": 1139.0}, {"x": 1105.0, "y": 1185.0}, {"x": 950.0, "y": 1186.0}]}, "description": "550.00"}, {"boundingPoly": {"vertices": [{"x": 121.0, "y": 1284.0}, {"x": 353.0, "y": 1284.0}, {"x": 353.0, "y": 1337.0}, {"x": 121.0, "y": 1337.0}]}, "description": " Total Qty:"}, {"boundingPoly": {"vertices": [{"x": 889.0, "y": 1309.0}, {"x": 914.0, "y": 1309.0}, {"x": 913.0, "y": 1345.0}, {"x": 888.0, "y": 1345.0}]}, "description": "2"}, {"boundingPoly": {"vertices": [{"x": 672.0, "y": 1385.0}, {"x": 911.0, "y": 1385.0}, {"x": 911.0, "y": 1427.0}, {"x": 672.0, "y": 1427.0}]}, "description": " Sub Total:"}, {"boundingPoly": {"vertices": [{"x": 1009.0, "y": 1388.0}, {"x": 1179.0, "y": 1389.0}, {"x": 1179.0, "y": 1426.0}, {"x": 1009.0, "y": 1425.0}]}, "description": "1050.00"}, {"boundingPoly": {"vertices": [{"x": 744.0, "y": 1475.0}, {"x": 967.0, "y": 1475.0}, {"x": 967.0, "y": 1520.0}, {"x": 744.0, "y": 1520.0}]}, "description": " CGST:2.5%"}, {"boundingPoly": {"vertices": [{"x": 720.0, "y": 1524.0}, {"x": 944.0, "y": 1524.0}, {"x": 944.0, "y": 1571.0}, {"x": 720.0, "y": 1571.0}]}, "description": " SGST:2.5%"}, {"boundingPoly": {"vertices": [{"x": 1059.0, "y": 1475.0}, {"x": 1187.0, "y": 1479.0}, {"x": 1187.0, "y": 1516.0}, {"x": 1059.0, "y": 1520.0}]}, "description": "26.25"}, {"boundingPoly": {"vertices": [{"x": 1059.0, "y": 1526.0}, {"x": 1187.0, "y": 1524.0}, {"x": 1187.0, "y": 1569.0}, {"x": 1058.0, "y": 1570.0}]}, "description": "26.25"}, {"boundingPoly": {"vertices": [{"x": 722.0, "y": 1632.0}, {"x": 1006.0, "y": 1632.0}, {"x": 1006.0, "y": 1685.0}, {"x": 722.0, "y": 1685.0}]}, "description": " Total Bill:"}, {"boundingPoly": {"vertices": [{"x": 1016.0, "y": 1632.0}, {"x": 1186.0, "y": 1632.0}, {"x": 1186.0, "y": 1685.0}, {"x": 1016.0, "y": 1685.0}]}, "description": " 1102.50"}, {"boundingPoly": {"vertices": [{"x": 51.0, "y": 1745.0}, {"x": 646.0, "y": 1745.0}, {"x": 646.0, "y": 1801.0}, {"x": 51.0, "y": 1801.0}]}, "description": " Grand Total:"}, {"boundingPoly": {"vertices": [{"x": 704.0, "y": 1743.0}, {"x": 1040.0, "y": 1744.0}, {"x": 1040.0, "y": 1803.0}, {"x": 704.0, "y": 1802.0}]}, "description": "1103.00"}, {"boundingPoly": {"vertices": [{"x": 302.0, "y": 1980.0}, {"x": 899.0, "y": 1979.0}, {"x": 899.0, "y": 2028.0}, {"x": 302.0, "y": 2031.0}]}, "description": "merchant name"}, {"boundingPoly": {"vertices": [{"x": 496.0, "y": 2034.0}, {"x": 869.0, "y": 2034.0}, {"x": 869.0, "y": 2084.0}, {"x": 496.0, "y": 2084.0}]}, "description": " 27AACCT0588K1ZZ"}, {"boundingPoly": {"vertices": [{"x": 226.0, "y": 2092.0}, {"x": 969.0, "y": 2085.0}, {"x": 970.0, "y": 2131.0}, {"x": 226.0, "y": 2141.0}]}, "description": "CIN NO - U15100MH2004PTC146202"}, {"boundingPoly": {"vertices": [{"x": 327.0, "y": 2035.0}, {"x": 487.0, "y": 2035.0}, {"x": 487.0, "y": 2084.0}, {"x": 327.0, "y": 2084.0}]}, "description": " GSTIN:"}, {"boundingPoly": {"vertices": [{"x": 97.0, "y": 2203.0}, {"x": 1187.0, "y": 2188.0}, {"x": 1188.0, "y": 2238.0}, {"x": 97.0, "y": 2260.0}]}, "description": "I/We hereby certify that food/foods mentione"}, {"boundingPoly": {"vertices": [{"x": 0.0, "y": 2322.0}, {"x": 1187.0, "y": 2308.0}, {"x": 1188.0, "y": 2362.0}, {"x": 0.0, "y": 2379.0}]}, "description": "nature and quality which it/these purports/purp"}, {"boundingPoly": {"vertices": [{"x": 7.0, "y": 2383.0}, {"x": 262.0, "y": 2380.0}, {"x": 262.0, "y": 2438.0}, {"x": 7.0, "y": 2440.0}]}, "description": "ted to be."}, {"boundingPoly": {"vertices": [{"x": 0.0, "y": 2264.0}, {"x": 1187.0, "y": 2242.0}, {"x": 1188.0, "y": 2298.0}, {"x": 0.0, "y": 2316.0}]}, "description": "d in this invoice is/are warranted to be of the"}, {"boundingPoly": {"vertices": [{"x": 373.0, "y": 2441.0}, {"x": 816.0, "y": 2431.0}, {"x": 817.0, "y": 2487.0}, {"x": 374.0, "y": 2496.0}]}, "description": "SAC Code - 996331"}, {"boundingPoly": {"vertices": [{"x": 422.0, "y": 2496.0}, {"x": 898.0, "y": 2496.0}, {"x": 898.0, "y": 2559.0}, {"x": 422.0, "y": 2559.0}]}, "description": " :- 27AACCT0588K1ZZ"}, {"boundingPoly": {"vertices": [{"x": 347.0, "y": 2562.0}, {"x": 849.0, "y": 2562.0}, {"x": 849.0, "y": 2627.0}, {"x": 347.0, "y": 2627.0}]}, "description": " 22/11/2019 20:00:20"}, {"boundingPoly": {"vertices": [{"x": 295.0, "y": 2504.0}, {"x": 412.0, "y": 2504.0}, {"x": 412.0, "y": 2561.0}, {"x": 295.0, "y": 2561.0}]}, "description": " GSTIN"}, {"boundingPoly": {"vertices": [{"x": 223.0, "y": 2684.0}, {"x": 980.0, "y": 2684.0}, {"x": 980.0, "y": 2749.0}, {"x": 223.0, "y": 2749.0}]}, "description": " Powered by TORQUS. Ver:9.2.17"}]}