{"textAnnotations": [{"boundingPoly": {"vertices": [{"x": 80.0, "y": 34.0}, {"x": 128.0, "y": 32.0}, {"x": 129.0, "y": 43.0}, {"x": 80.0, "y": 45.0}]}, "description": "merchant name"}, {"boundingPoly": {"vertices": [{"x": 54.0, "y": 57.0}, {"x": 158.0, "y": 53.0}, {"x": 158.0, "y": 64.0}, {"x": 55.0, "y": 69.0}]}, "description": "merchant address"}, {"boundingPoly": {"vertices": [{"x": 50.0, "y": 47.0}, {"x": 158.0, "y": 42.0}, {"x": 159.0, "y": 53.0}, {"x": 51.0, "y": 58.0}]}, "description": "The Art of Eating Healthy"}, {"boundingPoly": {"vertices": [{"x": 68.0, "y": 68.0}, {"x": 143.0, "y": 65.0}, {"x": 143.0, "y": 75.0}, {"x": 68.0, "y": 79.0}]}, "description": "merchant address"}, {"boundingPoly": {"vertices": [{"x": 53.0, "y": 89.0}, {"x": 88.0, "y": 89.0}, {"x": 88.0, "y": 100.0}, {"x": 53.0, "y": 100.0}]}, "description": " Brittney"}, {"boundingPoly": {"vertices": [{"x": 59.0, "y": 99.0}, {"x": 83.0, "y": 99.0}, {"x": 83.0, "y": 110.0}, {"x": 59.0, "y": 110.0}]}, "description": " Rocio"}, {"boundingPoly": {"vertices": [{"x": 23.0, "y": 110.0}, {"x": 66.0, "y": 109.0}, {"x": 66.0, "y": 119.0}, {"x": 23.0, "y": 120.0}]}, "description": "Table 25/1"}, {"boundingPoly": {"vertices": [{"x": 26.0, "y": 120.0}, {"x": 64.0, "y": 119.0}, {"x": 64.0, "y": 128.0}, {"x": 26.0, "y": 129.0}]}, "description": "Guestsset"}, {"boundingPoly": {"vertices": [{"x": 23.0, "y": 90.0}, {"x": 51.0, "y": 90.0}, {"x": 51.0, "y": 101.0}, {"x": 23.0, "y": 101.0}]}, "description": " Server:"}, {"boundingPoly": {"vertices": [{"x": 24.0, "y": 100.0}, {"x": 57.0, "y": 100.0}, {"x": 57.0, "y": 110.0}, {"x": 24.0, "y": 110.0}]}, "description": " Cashler:"}, {"boundingPoly": {"vertices": [{"x": 152.0, "y": 85.0}, {"x": 197.0, "y": 84.0}, {"x": 197.0, "y": 96.0}, {"x": 152.0, "y": 96.0}]}, "description": "11/30/2019"}, {"boundingPoly": {"vertices": [{"x": 163.0, "y": 105.0}, {"x": 197.0, "y": 105.0}, {"x": 197.0, "y": 116.0}, {"x": 163.0, "y": 116.0}]}, "description": " 9:43 PM"}, {"boundingPoly": {"vertices": [{"x": 172.0, "y": 116.0}, {"x": 196.0, "y": 116.0}, {"x": 195.0, "y": 126.0}, {"x": 172.0, "y": 126.0}]}, "description": "10046"}, {"boundingPoly": {"vertices": [{"x": 26.0, "y": 137.0}, {"x": 75.0, "y": 137.0}, {"x": 75.0, "y": 146.0}, {"x": 26.0, "y": 147.0}]}, "description": "Falafel Pita"}, {"boundingPoly": {"vertices": [{"x": 176.0, "y": 135.0}, {"x": 196.0, "y": 135.0}, {"x": 196.0, "y": 145.0}, {"x": 176.0, "y": 145.0}]}, "description": "1.69"}, {"boundingPoly": {"vertices": [{"x": 23.0, "y": 156.0}, {"x": 57.0, "y": 156.0}, {"x": 57.0, "y": 166.0}, {"x": 23.0, "y": 165.0}]}, "description": "Subitotal"}, {"boundingPoly": {"vertices": [{"x": 177.0, "y": 154.0}, {"x": 198.0, "y": 154.0}, {"x": 198.0, "y": 165.0}, {"x": 177.0, "y": 165.0}]}, "description": "7.69"}, {"boundingPoly": {"vertices": [{"x": 177.0, "y": 165.0}, {"x": 197.0, "y": 165.0}, {"x": 197.0, "y": 175.0}, {"x": 177.0, "y": 175.0}]}, "description": "6.66"}, {"boundingPoly": {"vertices": [{"x": 22.0, "y": 185.0}, {"x": 42.0, "y": 185.0}, {"x": 42.0, "y": 195.0}, {"x": 22.0, "y": 195.0}]}, "description": "Total"}, {"boundingPoly": {"vertices": [{"x": 173.0, "y": 184.0}, {"x": 198.0, "y": 184.0}, {"x": 198.0, "y": 196.0}, {"x": 173.0, "y": 196.0}]}, "description": "8.35"}, {"boundingPoly": {"vertices": [{"x": 22.0, "y": 205.0}, {"x": 81.0, "y": 205.0}, {"x": 81.0, "y": 216.0}, {"x": 22.0, "y": 216.0}]}, "description": " Balance"}, {"boundingPoly": {"vertices": [{"x": 86.0, "y": 206.0}, {"x": 113.0, "y": 206.0}, {"x": 113.0, "y": 217.0}, {"x": 86.0, "y": 217.0}]}, "description": " Due"}, {"boundingPoly": {"vertices": [{"x": 161.0, "y": 205.0}, {"x": 197.0, "y": 205.0}, {"x": 197.0, "y": 217.0}, {"x": 161.0, "y": 216.0}]}, "description": "8.35"}, {"boundingPoly": {"vertices": [{"x": 66.0, "y": 235.0}, {"x": 148.0, "y": 237.0}, {"x": 148.0, "y": 247.0}, {"x": 66.0, "y": 245.0}]}, "description": "Thank You For Being"}, {"boundingPoly": {"vertices": [{"x": 70.0, "y": 245.0}, {"x": 145.0, "y": 247.0}, {"x": 144.0, "y": 258.0}, {"x": 70.0, "y": 255.0}]}, "description": "Our Guest Today !"}, {"boundingPoly": {"vertices": [{"x": 69.0, "y": 266.0}, {"x": 147.0, "y": 269.0}, {"x": 146.0, "y": 280.0}, {"x": 68.0, "y": 276.0}]}, "description": "www.pitajungle.com"}, {"boundingPoly": {"vertices": [{"x": 53.0, "y": 255.0}, {"x": 159.0, "y": 258.0}, {"x": 159.0, "y": 269.0}, {"x": 53.0, "y": 266.0}]}, "description": "Gift Cards now Available!"}]}