{"textAnnotations": [{"boundingPoly": {"vertices": [{"x": 469.0, "y": 792.0}, {"x": 719.0, "y": 774.0}, {"x": 724.0, "y": 827.0}, {"x": 470.0, "y": 842.0}]}, "description": "merchant name"}, {"boundingPoly": {"vertices": [{"x": 421.0, "y": 857.0}, {"x": 751.0, "y": 843.0}, {"x": 752.0, "y": 882.0}, {"x": 423.0, "y": 900.0}]}, "description": "merchant name"}, {"boundingPoly": {"vertices": [{"x": 291.0, "y": 953.0}, {"x": 876.0, "y": 923.0}, {"x": 879.0, "y": 969.0}, {"x": 293.0, "y": 998.0}]}, "description": "merchant address"}, {"boundingPoly": {"vertices": [{"x": 419.0, "y": 1018.0}, {"x": 822.0, "y": 1018.0}, {"x": 822.0, "y": 1081.0}, {"x": 419.0, "y": 1081.0}]}, "description": "merchant phone"}, {"boundingPoly": {"vertices": [{"x": 396.0, "y": 1083.0}, {"x": 468.0, "y": 1083.0}, {"x": 468.0, "y": 1130.0}, {"x": 396.0, "y": 1130.0}]}, "description": " Fax:"}, {"boundingPoly": {"vertices": [{"x": 1532.0, "y": 790.0}, {"x": 1973.0, "y": 797.0}, {"x": 1972.0, "y": 841.0}, {"x": 1531.0, "y": 833.0}]}, "description": "merchant name"}, {"boundingPoly": {"vertices": [{"x": 1630.0, "y": 845.0}, {"x": 1888.0, "y": 848.0}, {"x": 1888.0, "y": 888.0}, {"x": 1629.0, "y": 885.0}]}, "description": "merchant address"}, {"boundingPoly": {"vertices": [{"x": 1551.0, "y": 893.0}, {"x": 1928.0, "y": 896.0}, {"x": 1927.0, "y": 939.0}, {"x": 1550.0, "y": 936.0}]}, "description": "merchant address"}, {"boundingPoly": {"vertices": [{"x": 1623.0, "y": 945.0}, {"x": 1890.0, "y": 947.0}, {"x": 1889.0, "y": 991.0}, {"x": 1622.0, "y": 987.0}]}, "description": "merchant phone"}, {"boundingPoly": {"vertices": [{"x": 438.0, "y": 898.0}, {"x": 738.0, "y": 888.0}, {"x": 740.0, "y": 930.0}, {"x": 440.0, "y": 942.0}]}, "description": "merchant address"}, {"boundingPoly": {"vertices": [{"x": 396.0, "y": 995.0}, {"x": 769.0, "y": 976.0}, {"x": 771.0, "y": 1018.0}, {"x": 396.0, "y": 1036.0}]}, "description": "merchant address"}, {"boundingPoly": {"vertices": [{"x": 356.0, "y": 1038.0}, {"x": 412.0, "y": 1038.0}, {"x": 412.0, "y": 1083.0}, {"x": 356.0, "y": 1083.0}]}, "description": " Tel:"}, {"boundingPoly": {"vertices": [{"x": 1400.0, "y": 1028.0}, {"x": 1675.0, "y": 1028.0}, {"x": 1675.0, "y": 1074.0}, {"x": 1400.0, "y": 1074.0}]}, "description": " Terminal ID:"}, {"boundingPoly": {"vertices": [{"x": 1682.0, "y": 1038.0}, {"x": 1863.0, "y": 1038.0}, {"x": 1863.0, "y": 1076.0}, {"x": 1682.0, "y": 1076.0}]}, "description": " ***** 611"}, {"boundingPoly": {"vertices": [{"x": 474.0, "y": 1067.0}, {"x": 771.0, "y": 1067.0}, {"x": 771.0, "y": 1127.0}, {"x": 474.0, "y": 1127.0}]}, "description": " (212) 227-8655"}, {"boundingPoly": {"vertices": [{"x": 477.0, "y": 1144.0}, {"x": 670.0, "y": 1136.0}, {"x": 672.0, "y": 1188.0}, {"x": 480.0, "y": 1197.0}]}, "description": "Dine In"}, {"boundingPoly": {"vertices": [{"x": 248.0, "y": 1199.0}, {"x": 577.0, "y": 1199.0}, {"x": 577.0, "y": 1262.0}, {"x": 248.0, "y": 1262.0}]}, "description": " 11-23-2019 Time:"}, {"boundingPoly": {"vertices": [{"x": 274.0, "y": 1287.0}, {"x": 383.0, "y": 1287.0}, {"x": 383.0, "y": 1333.0}, {"x": 274.0, "y": 1333.0}]}, "description": " BOSS"}, {"boundingPoly": {"vertices": [{"x": 308.0, "y": 1347.0}, {"x": 390.0, "y": 1347.0}, {"x": 390.0, "y": 1403.0}, {"x": 308.0, "y": 1403.0}]}, "description": " 4 .."}, {"boundingPoly": {"vertices": [{"x": 369.0, "y": 1405.0}, {"x": 419.0, "y": 1405.0}, {"x": 419.0, "y": 1453.0}, {"x": 369.0, "y": 1453.0}]}, "description": " : 1"}, {"boundingPoly": {"vertices": [{"x": 2016.0, "y": 1051.0}, {"x": 2106.0, "y": 1052.0}, {"x": 2105.0, "y": 1081.0}, {"x": 2015.0, "y": 1079.0}]}, "description": "*** 3"}, {"boundingPoly": {"vertices": [{"x": 1400.0, "y": 1118.0}, {"x": 1575.0, "y": 1119.0}, {"x": 1574.0, "y": 1160.0}, {"x": 1399.0, "y": 1159.0}]}, "description": "11/23/19"}, {"boundingPoly": {"vertices": [{"x": 914.0, "y": 1179.0}, {"x": 1038.0, "y": 1175.0}, {"x": 1039.0, "y": 1225.0}, {"x": 916.0, "y": 1231.0}]}, "description": "# 30"}, {"boundingPoly": {"vertices": [{"x": 1935.0, "y": 1133.0}, {"x": 2112.0, "y": 1133.0}, {"x": 2112.0, "y": 1174.0}, {"x": 1935.0, "y": 1174.0}]}, "description": " 10:06 PM"}, {"boundingPoly": {"vertices": [{"x": 1398.0, "y": 1204.0}, {"x": 1950.0, "y": 1216.0}, {"x": 1949.0, "y": 1258.0}, {"x": 1397.0, "y": 1246.0}]}, "description": "AMERICAN EXPRESS - INSERT"}, {"boundingPoly": {"vertices": [{"x": 1394.0, "y": 1295.0}, {"x": 1559.0, "y": 1295.0}, {"x": 1559.0, "y": 1339.0}, {"x": 1394.0, "y": 1339.0}]}, "description": " ACCT #:"}, {"boundingPoly": {"vertices": [{"x": 142.0, "y": 1216.0}, {"x": 241.0, "y": 1216.0}, {"x": 241.0, "y": 1267.0}, {"x": 142.0, "y": 1267.0}]}, "description": " Date:"}, {"boundingPoly": {"vertices": [{"x": 137.0, "y": 1291.0}, {"x": 268.0, "y": 1291.0}, {"x": 268.0, "y": 1339.0}, {"x": 137.0, "y": 1339.0}]}, "description": " Server:"}, {"boundingPoly": {"vertices": [{"x": 143.0, "y": 1348.0}, {"x": 299.0, "y": 1348.0}, {"x": 299.0, "y": 1406.0}, {"x": 143.0, "y": 1406.0}]}, "description": " TAB#:"}, {"boundingPoly": {"vertices": [{"x": 137.0, "y": 1408.0}, {"x": 362.0, "y": 1408.0}, {"x": 362.0, "y": 1458.0}, {"x": 137.0, "y": 1458.0}]}, "description": " No. of Guest"}, {"boundingPoly": {"vertices": [{"x": 272.0, "y": 1495.0}, {"x": 510.0, "y": 1495.0}, {"x": 510.0, "y": 1545.0}, {"x": 272.0, "y": 1545.0}]}, "description": " Onion Naan"}, {"boundingPoly": {"vertices": [{"x": 267.0, "y": 1568.0}, {"x": 386.0, "y": 1568.0}, {"x": 386.0, "y": 1618.0}, {"x": 267.0, "y": 1618.0}]}, "description": " Pickle"}, {"boundingPoly": {"vertices": [{"x": 264.0, "y": 1638.0}, {"x": 514.0, "y": 1638.0}, {"x": 514.0, "y": 1695.0}, {"x": 264.0, "y": 1695.0}]}, "description": " Plain Yogurt"}, {"boundingPoly": {"vertices": [{"x": 259.0, "y": 1708.0}, {"x": 519.0, "y": 1708.0}, {"x": 519.0, "y": 1771.0}, {"x": 259.0, "y": 1771.0}]}, "description": " Mango Lassi"}, {"boundingPoly": {"vertices": [{"x": 584.0, "y": 1191.0}, {"x": 746.0, "y": 1191.0}, {"x": 746.0, "y": 1247.0}, {"x": 584.0, "y": 1247.0}]}, "description": " 10:38PM"}, {"boundingPoly": {"vertices": [{"x": 1396.0, "y": 1252.0}, {"x": 1496.0, "y": 1252.0}, {"x": 1496.0, "y": 1294.0}, {"x": 1396.0, "y": 1294.0}]}, "description": " AID:"}, {"boundingPoly": {"vertices": [{"x": 1501.0, "y": 1253.0}, {"x": 1865.0, "y": 1253.0}, {"x": 1865.0, "y": 1301.0}, {"x": 1501.0, "y": 1301.0}]}, "description": " A000000025010801"}, {"boundingPoly": {"vertices": [{"x": 1567.0, "y": 1302.0}, {"x": 1913.0, "y": 1302.0}, {"x": 1913.0, "y": 1349.0}, {"x": 1567.0, "y": 1349.0}]}, "description": " *********** 1006"}, {"boundingPoly": {"vertices": [{"x": 1392.0, "y": 1386.0}, {"x": 1644.0, "y": 1391.0}, {"x": 1643.0, "y": 1438.0}, {"x": 1391.0, "y": 1432.0}]}, "description": "CREDIT SALE"}, {"boundingPoly": {"vertices": [{"x": 1391.0, "y": 1440.0}, {"x": 1489.0, "y": 1440.0}, {"x": 1489.0, "y": 1488.0}, {"x": 1391.0, "y": 1488.0}]}, "description": " UID:"}, {"boundingPoly": {"vertices": [{"x": 1389.0, "y": 1493.0}, {"x": 1587.0, "y": 1493.0}, {"x": 1587.0, "y": 1539.0}, {"x": 1389.0, "y": 1539.0}]}, "description": " BATCH #:"}, {"boundingPoly": {"vertices": [{"x": 1498.0, "y": 1443.0}, {"x": 1780.0, "y": 1443.0}, {"x": 1780.0, "y": 1496.0}, {"x": 1498.0, "y": 1496.0}]}, "description": " 932717352924"}, {"boundingPoly": {"vertices": [{"x": 1595.0, "y": 1498.0}, {"x": 1659.0, "y": 1498.0}, {"x": 1659.0, "y": 1540.0}, {"x": 1595.0, "y": 1540.0}]}, "description": " 199"}, {"boundingPoly": {"vertices": [{"x": 230.0, "y": 1500.0}, {"x": 266.0, "y": 1500.0}, {"x": 266.0, "y": 1545.0}, {"x": 230.0, "y": 1545.0}]}, "description": " 1"}, {"boundingPoly": {"vertices": [{"x": 231.0, "y": 1569.0}, {"x": 259.0, "y": 1569.0}, {"x": 259.0, "y": 1619.0}, {"x": 231.0, "y": 1619.0}]}, "description": " 1"}, {"boundingPoly": {"vertices": [{"x": 226.0, "y": 1642.0}, {"x": 254.0, "y": 1642.0}, {"x": 254.0, "y": 1695.0}, {"x": 226.0, "y": 1695.0}]}, "description": " 1"}, {"boundingPoly": {"vertices": [{"x": 222.0, "y": 1715.0}, {"x": 248.0, "y": 1715.0}, {"x": 248.0, "y": 1771.0}, {"x": 222.0, "y": 1771.0}]}, "description": " 1"}, {"boundingPoly": {"vertices": [{"x": 980.0, "y": 1470.0}, {"x": 1066.0, "y": 1468.0}, {"x": 1067.0, "y": 1507.0}, {"x": 982.0, "y": 1510.0}]}, "description": "3.99"}, {"boundingPoly": {"vertices": [{"x": 984.0, "y": 1542.0}, {"x": 1070.0, "y": 1540.0}, {"x": 1069.0, "y": 1578.0}, {"x": 986.0, "y": 1581.0}]}, "description": "3.99"}, {"boundingPoly": {"vertices": [{"x": 1854.0, "y": 1451.0}, {"x": 2011.0, "y": 1451.0}, {"x": 2011.0, "y": 1503.0}, {"x": 1854.0, "y": 1503.0}]}, "description": " REF #:"}, {"boundingPoly": {"vertices": [{"x": 1797.0, "y": 1506.0}, {"x": 1970.0, "y": 1506.0}, {"x": 1970.0, "y": 1551.0}, {"x": 1797.0, "y": 1551.0}]}, "description": " AUTH #:"}, {"boundingPoly": {"vertices": [{"x": 2018.0, "y": 1457.0}, {"x": 2121.0, "y": 1457.0}, {"x": 2121.0, "y": 1507.0}, {"x": 2018.0, "y": 1507.0}]}, "description": " 4372"}, {"boundingPoly": {"vertices": [{"x": 1978.0, "y": 1509.0}, {"x": 2119.0, "y": 1509.0}, {"x": 2119.0, "y": 1554.0}, {"x": 1978.0, "y": 1554.0}]}, "description": " 817439"}, {"boundingPoly": {"vertices": [{"x": 980.0, "y": 1614.0}, {"x": 1068.0, "y": 1614.0}, {"x": 1067.0, "y": 1654.0}, {"x": 981.0, "y": 1656.0}]}, "description": "3.99"}, {"boundingPoly": {"vertices": [{"x": 1384.0, "y": 1586.0}, {"x": 1533.0, "y": 1587.0}, {"x": 1533.0, "y": 1632.0}, {"x": 1384.0, "y": 1631.0}]}, "description": "AMOUNT"}, {"boundingPoly": {"vertices": [{"x": 1982.0, "y": 1604.0}, {"x": 2123.0, "y": 1609.0}, {"x": 2121.0, "y": 1655.0}, {"x": 1981.0, "y": 1652.0}]}, "description": "$19.02"}, {"boundingPoly": {"vertices": [{"x": 983.0, "y": 1688.0}, {"x": 1075.0, "y": 1688.0}, {"x": 1075.0, "y": 1730.0}, {"x": 983.0, "y": 1729.0}]}, "description": "5.50"}, {"boundingPoly": {"vertices": [{"x": 918.0, "y": 1761.0}, {"x": 1079.0, "y": 1761.0}, {"x": 1079.0, "y": 1814.0}, {"x": 918.0, "y": 1814.0}]}, "description": " : 17.47"}, {"boundingPoly": {"vertices": [{"x": 932.0, "y": 1812.0}, {"x": 1083.0, "y": 1812.0}, {"x": 1083.0, "y": 1866.0}, {"x": 932.0, "y": 1866.0}]}, "description": " : 1.55"}, {"boundingPoly": {"vertices": [{"x": 926.0, "y": 1869.0}, {"x": 1080.0, "y": 1869.0}, {"x": 1080.0, "y": 1919.0}, {"x": 926.0, "y": 1919.0}]}, "description": " : 2.62"}, {"boundingPoly": {"vertices": [{"x": 841.0, "y": 1922.0}, {"x": 1077.0, "y": 1922.0}, {"x": 1077.0, "y": 1991.0}, {"x": 841.0, "y": 1991.0}]}, "description": " : 21.64"}, {"boundingPoly": {"vertices": [{"x": 1383.0, "y": 1686.0}, {"x": 1458.0, "y": 1686.0}, {"x": 1456.0, "y": 1730.0}, {"x": 1381.0, "y": 1731.0}]}, "description": "TIP"}, {"boundingPoly": {"vertices": [{"x": 2004.0, "y": 1706.0}, {"x": 2131.0, "y": 1710.0}, {"x": 2130.0, "y": 1757.0}, {"x": 2002.0, "y": 1754.0}]}, "description": "$2.62"}, {"boundingPoly": {"vertices": [{"x": 767.0, "y": 1768.0}, {"x": 911.0, "y": 1768.0}, {"x": 911.0, "y": 1820.0}, {"x": 767.0, "y": 1820.0}]}, "description": " Amount"}, {"boundingPoly": {"vertices": [{"x": 689.0, "y": 1818.0}, {"x": 922.0, "y": 1818.0}, {"x": 922.0, "y": 1876.0}, {"x": 689.0, "y": 1876.0}]}, "description": " TAX(8.875%)"}, {"boundingPoly": {"vertices": [{"x": 1385.0, "y": 1785.0}, {"x": 1506.0, "y": 1790.0}, {"x": 1506.0, "y": 1836.0}, {"x": 1384.0, "y": 1832.0}]}, "description": "TOTAL"}, {"boundingPoly": {"vertices": [{"x": 1984.0, "y": 1807.0}, {"x": 2132.0, "y": 1811.0}, {"x": 2130.0, "y": 1858.0}, {"x": 1984.0, "y": 1853.0}]}, "description": "$21.64"}, {"boundingPoly": {"vertices": [{"x": 711.0, "y": 1871.0}, {"x": 918.0, "y": 1871.0}, {"x": 918.0, "y": 1926.0}, {"x": 711.0, "y": 1926.0}]}, "description": " Gratis(15%)"}, {"boundingPoly": {"vertices": [{"x": 660.0, "y": 1930.0}, {"x": 830.0, "y": 1930.0}, {"x": 830.0, "y": 1997.0}, {"x": 660.0, "y": 1997.0}]}, "description": " TOTAL"}, {"boundingPoly": {"vertices": [{"x": 312.0, "y": 2057.0}, {"x": 849.0, "y": 2043.0}, {"x": 850.0, "y": 2109.0}, {"x": 314.0, "y": 2124.0}]}, "description": "Thank you very much."}, {"boundingPoly": {"vertices": [{"x": 1568.0, "y": 1894.0}, {"x": 1944.0, "y": 1904.0}, {"x": 1943.0, "y": 1955.0}, {"x": 1567.0, "y": 1944.0}]}, "description": "APPROVED"}, {"boundingPoly": {"vertices": [{"x": 1475.0, "y": 1991.0}, {"x": 2018.0, "y": 2008.0}, {"x": 2016.0, "y": 2054.0}, {"x": 1474.0, "y": 2036.0}]}, "description": "ARQC - EE487B5C11B39466"}, {"boundingPoly": {"vertices": [{"x": 1586.0, "y": 2145.0}, {"x": 1907.0, "y": 2155.0}, {"x": 1905.0, "y": 2206.0}, {"x": 1586.0, "y": 2197.0}]}, "description": "CUSTOMER COPY"}, {"boundingPoly": {"vertices": [{"x": 505.0, "y": 2816.0}, {"x": 1005.0, "y": 2786.0}, {"x": 1009.0, "y": 2844.0}, {"x": 507.0, "y": 2872.0}]}, "description": "REDMI NOTE 5 PRO"}, {"boundingPoly": {"vertices": [{"x": 498.0, "y": 2886.0}, {"x": 968.0, "y": 2861.0}, {"x": 971.0, "y": 2918.0}, {"x": 500.0, "y": 2943.0}]}, "description": "MI DUAL CAMERA"}]}