{"textAnnotations": [{"boundingPoly": {"vertices": [{"x": 65.0, "y": 61.0}, {"x": 254.0, "y": 61.0}, {"x": 254.0, "y": 89.0}, {"x": 65.0, "y": 89.0}]}, "description": "merchant name"}, {"boundingPoly": {"vertices": [{"x": 54.0, "y": 88.0}, {"x": 116.0, "y": 88.0}, {"x": 116.0, "y": 106.0}, {"x": 54.0, "y": 106.0}]}, "description": "merchant address"}, {"boundingPoly": {"vertices": [{"x": 63.0, "y": 108.0}, {"x": 100.0, "y": 108.0}, {"x": 100.0, "y": 124.0}, {"x": 63.0, "y": 124.0}]}, "description": "merchant address"}, {"boundingPoly": {"vertices": [{"x": 87.0, "y": 126.0}, {"x": 130.0, "y": 126.0}, {"x": 130.0, "y": 143.0}, {"x": 87.0, "y": 143.0}]}, "description": "merchant address"}, {"boundingPoly": {"vertices": [{"x": 100.0, "y": 144.0}, {"x": 221.0, "y": 143.0}, {"x": 221.0, "y": 160.0}, {"x": 100.0, "y": 161.0}]}, "description": "merchant address"}, {"boundingPoly": {"vertices": [{"x": 50.0, "y": 161.0}, {"x": 131.0, "y": 161.0}, {"x": 131.0, "y": 178.0}, {"x": 50.0, "y": 178.0}]}, "description": " GSTIN No."}, {"boundingPoly": {"vertices": [{"x": 41.0, "y": 179.0}, {"x": 205.0, "y": 179.0}, {"x": 205.0, "y": 196.0}, {"x": 41.0, "y": 196.0}]}, "description": " Service Code Tariff"}, {"boundingPoly": {"vertices": [{"x": 259.0, "y": 61.0}, {"x": 271.0, "y": 61.0}, {"x": 271.0, "y": 88.0}, {"x": 259.0, "y": 88.0}]}, "description": " ."}, {"boundingPoly": {"vertices": [{"x": 233.0, "y": 90.0}, {"x": 269.0, "y": 90.0}, {"x": 269.0, "y": 105.0}, {"x": 233.0, "y": 105.0}]}, "description": "merchant address"}, {"boundingPoly": {"vertices": [{"x": 150.0, "y": 108.0}, {"x": 261.0, "y": 108.0}, {"x": 261.0, "y": 125.0}, {"x": 150.0, "y": 125.0}]}, "description": "merchant address"}, {"boundingPoly": {"vertices": [{"x": 134.0, "y": 126.0}, {"x": 172.0, "y": 126.0}, {"x": 172.0, "y": 143.0}, {"x": 134.0, "y": 143.0}]}, "description": "merchant address"}, {"boundingPoly": {"vertices": [{"x": 120.0, "y": 89.0}, {"x": 230.0, "y": 89.0}, {"x": 230.0, "y": 106.0}, {"x": 120.0, "y": 106.0}]}, "description": "merchant address"}, {"boundingPoly": {"vertices": [{"x": 103.0, "y": 108.0}, {"x": 148.0, "y": 108.0}, {"x": 148.0, "y": 125.0}, {"x": 103.0, "y": 125.0}]}, "description": "merchant address"}, {"boundingPoly": {"vertices": [{"x": 175.0, "y": 126.0}, {"x": 238.0, "y": 126.0}, {"x": 238.0, "y": 143.0}, {"x": 175.0, "y": 143.0}]}, "description": "merchant address"}, {"boundingPoly": {"vertices": [{"x": 134.0, "y": 161.0}, {"x": 269.0, "y": 161.0}, {"x": 269.0, "y": 178.0}, {"x": 134.0, "y": 178.0}]}, "description": " : 06AABCD5534A1Z9"}, {"boundingPoly": {"vertices": [{"x": 208.0, "y": 180.0}, {"x": 266.0, "y": 180.0}, {"x": 266.0, "y": 196.0}, {"x": 208.0, "y": 196.0}]}, "description": " :996331"}, {"boundingPoly": {"vertices": [{"x": 0.0, "y": 214.0}, {"x": 138.0, "y": 213.0}, {"x": 138.0, "y": 231.0}, {"x": 0.0, "y": 231.0}]}, "description": "IV NO 41E1914767"}, {"boundingPoly": {"vertices": [{"x": 0.0, "y": 236.0}, {"x": 39.0, "y": 236.0}, {"x": 39.0, "y": 253.0}, {"x": 0.0, "y": 253.0}]}, "description": " ate:"}, {"boundingPoly": {"vertices": [{"x": 2.0, "y": 257.0}, {"x": 45.0, "y": 257.0}, {"x": 45.0, "y": 276.0}, {"x": 2.0, "y": 276.0}]}, "description": " taff:"}, {"boundingPoly": {"vertices": [{"x": 0.0, "y": 282.0}, {"x": 40.0, "y": 280.0}, {"x": 40.0, "y": 297.0}, {"x": 0.0, "y": 296.0}]}, "description": "ust."}, {"boundingPoly": {"vertices": [{"x": 152.0, "y": 213.0}, {"x": 210.0, "y": 214.0}, {"x": 210.0, "y": 232.0}, {"x": 152.0, "y": 232.0}]}, "description": "ORD No"}, {"boundingPoly": {"vertices": [{"x": 48.0, "y": 236.0}, {"x": 243.0, "y": 236.0}, {"x": 243.0, "y": 256.0}, {"x": 48.0, "y": 256.0}]}, "description": " 17-09-19 20:15 POS No."}, {"boundingPoly": {"vertices": [{"x": 48.0, "y": 257.0}, {"x": 87.0, "y": 257.0}, {"x": 87.0, "y": 276.0}, {"x": 48.0, "y": 276.0}]}, "description": " Addi"}, {"boundingPoly": {"vertices": [{"x": 54.0, "y": 279.0}, {"x": 161.0, "y": 279.0}, {"x": 161.0, "y": 298.0}, {"x": 54.0, "y": 298.0}]}, "description": "8888888888 --"}, {"boundingPoly": {"vertices": [{"x": 239.0, "y": 215.0}, {"x": 327.0, "y": 215.0}, {"x": 327.0, "y": 232.0}, {"x": 239.0, "y": 231.0}]}, "description": "41E1914780"}, {"boundingPoly": {"vertices": [{"x": 282.0, "y": 237.0}, {"x": 335.0, "y": 237.0}, {"x": 335.0, "y": 255.0}, {"x": 282.0, "y": 254.0}]}, "description": "T41E03"}, {"boundingPoly": {"vertices": [{"x": 308.0, "y": 261.0}, {"x": 318.0, "y": 262.0}, {"x": 316.0, "y": 275.0}, {"x": 307.0, "y": 274.0}]}, "description": "1"}, {"boundingPoly": {"vertices": [{"x": 216.0, "y": 258.0}, {"x": 260.0, "y": 258.0}, {"x": 259.0, "y": 277.0}, {"x": 217.0, "y": 276.0}]}, "description": "Table"}, {"boundingPoly": {"vertices": [{"x": 182.0, "y": 280.0}, {"x": 203.0, "y": 280.0}, {"x": 202.0, "y": 298.0}, {"x": 182.0, "y": 298.0}]}, "description": "MN"}, {"boundingPoly": {"vertices": [{"x": 0.0, "y": 343.0}, {"x": 81.0, "y": 343.0}, {"x": 81.0, "y": 362.0}, {"x": 0.0, "y": 360.0}]}, "description": "3888888888"}, {"boundingPoly": {"vertices": [{"x": 111.0, "y": 344.0}, {"x": 128.0, "y": 344.0}, {"x": 128.0, "y": 362.0}, {"x": 111.0, "y": 361.0}]}, "description": "MN"}, {"boundingPoly": {"vertices": [{"x": 0.0, "y": 385.0}, {"x": 95.0, "y": 385.0}, {"x": 95.0, "y": 403.0}, {"x": 0.0, "y": 403.0}]}, "description": "Description"}, {"boundingPoly": {"vertices": [{"x": 119.0, "y": 386.0}, {"x": 242.0, "y": 386.0}, {"x": 242.0, "y": 404.0}, {"x": 119.0, "y": 403.0}]}, "description": "Price Qty Disc."}, {"boundingPoly": {"vertices": [{"x": 281.0, "y": 388.0}, {"x": 333.0, "y": 388.0}, {"x": 333.0, "y": 404.0}, {"x": 281.0, "y": 404.0}]}, "description": "Amount"}, {"boundingPoly": {"vertices": [{"x": 2.0, "y": 425.0}, {"x": 167.0, "y": 425.0}, {"x": 167.0, "y": 443.0}, {"x": 2.0, "y": 443.0}]}, "description": "BELG CHOCO COOKIE FR"}, {"boundingPoly": {"vertices": [{"x": 110.0, "y": 446.0}, {"x": 159.0, "y": 446.0}, {"x": 159.0, "y": 462.0}, {"x": 110.0, "y": 462.0}]}, "description": "145.00"}, {"boundingPoly": {"vertices": [{"x": 5.0, "y": 465.0}, {"x": 167.0, "y": 465.0}, {"x": 167.0, "y": 482.0}, {"x": 5.0, "y": 482.0}]}, "description": "BELG CHOCO COOKIE FR"}, {"boundingPoly": {"vertices": [{"x": 113.0, "y": 485.0}, {"x": 161.0, "y": 485.0}, {"x": 162.0, "y": 500.0}, {"x": 113.0, "y": 501.0}]}, "description": "125.00"}, {"boundingPoly": {"vertices": [{"x": 180.0, "y": 446.0}, {"x": 197.0, "y": 446.0}, {"x": 197.0, "y": 464.0}, {"x": 180.0, "y": 464.0}]}, "description": " 1"}, {"boundingPoly": {"vertices": [{"x": 202.0, "y": 446.0}, {"x": 238.0, "y": 446.0}, {"x": 238.0, "y": 464.0}, {"x": 202.0, "y": 464.0}]}, "description": " 0.00"}, {"boundingPoly": {"vertices": [{"x": 274.0, "y": 446.0}, {"x": 323.0, "y": 447.0}, {"x": 322.0, "y": 463.0}, {"x": 274.0, "y": 463.0}]}, "description": "144.99"}, {"boundingPoly": {"vertices": [{"x": 182.0, "y": 485.0}, {"x": 197.0, "y": 485.0}, {"x": 197.0, "y": 501.0}, {"x": 182.0, "y": 501.0}]}, "description": " 1"}, {"boundingPoly": {"vertices": [{"x": 203.0, "y": 485.0}, {"x": 238.0, "y": 485.0}, {"x": 238.0, "y": 502.0}, {"x": 203.0, "y": 502.0}]}, "description": " 0.00"}, {"boundingPoly": {"vertices": [{"x": 277.0, "y": 484.0}, {"x": 323.0, "y": 484.0}, {"x": 323.0, "y": 501.0}, {"x": 277.0, "y": 501.0}]}, "description": "124.99"}, {"boundingPoly": {"vertices": [{"x": 6.0, "y": 544.0}, {"x": 71.0, "y": 544.0}, {"x": 71.0, "y": 561.0}, {"x": 6.0, "y": 562.0}]}, "description": "Subtotal"}, {"boundingPoly": {"vertices": [{"x": 6.0, "y": 563.0}, {"x": 207.0, "y": 561.0}, {"x": 207.0, "y": 580.0}, {"x": 6.0, "y": 582.0}]}, "description": "Total Amount (Before Tax)"}, {"boundingPoly": {"vertices": [{"x": 7.0, "y": 584.0}, {"x": 82.0, "y": 584.0}, {"x": 82.0, "y": 601.0}, {"x": 7.0, "y": 601.0}]}, "description": "SGST @2.5"}, {"boundingPoly": {"vertices": [{"x": 7.0, "y": 604.0}, {"x": 98.0, "y": 603.0}, {"x": 98.0, "y": 620.0}, {"x": 7.0, "y": 621.0}]}, "description": "CGST @ 2.5%"}, {"boundingPoly": {"vertices": [{"x": 9.0, "y": 625.0}, {"x": 106.0, "y": 624.0}, {"x": 106.0, "y": 640.0}, {"x": 9.0, "y": 640.0}]}, "description": "Gross Amount"}, {"boundingPoly": {"vertices": [{"x": 7.0, "y": 643.0}, {"x": 99.0, "y": 644.0}, {"x": 99.0, "y": 660.0}, {"x": 7.0, "y": 659.0}]}, "description": "Bill Amount"}, {"boundingPoly": {"vertices": [{"x": 275.0, "y": 544.0}, {"x": 323.0, "y": 544.0}, {"x": 322.0, "y": 560.0}, {"x": 275.0, "y": 560.0}]}, "description": "269.98"}, {"boundingPoly": {"vertices": [{"x": 275.0, "y": 564.0}, {"x": 323.0, "y": 564.0}, {"x": 323.0, "y": 579.0}, {"x": 275.0, "y": 580.0}]}, "description": "269.98"}, {"boundingPoly": {"vertices": [{"x": 281.0, "y": 583.0}, {"x": 316.0, "y": 582.0}, {"x": 315.0, "y": 599.0}, {"x": 282.0, "y": 599.0}]}, "description": "6.76"}, {"boundingPoly": {"vertices": [{"x": 100.0, "y": 585.0}, {"x": 114.0, "y": 585.0}, {"x": 114.0, "y": 600.0}, {"x": 100.0, "y": 600.0}]}, "description": "%"}, {"boundingPoly": {"vertices": [{"x": 220.0, "y": 602.0}, {"x": 253.0, "y": 602.0}, {"x": 252.0, "y": 619.0}, {"x": 220.0, "y": 619.0}]}, "description": "6.76"}, {"boundingPoly": {"vertices": [{"x": 273.0, "y": 622.0}, {"x": 323.0, "y": 622.0}, {"x": 323.0, "y": 638.0}, {"x": 273.0, "y": 639.0}]}, "description": "283.50"}, {"boundingPoly": {"vertices": [{"x": 274.0, "y": 642.0}, {"x": 325.0, "y": 642.0}, {"x": 325.0, "y": 657.0}, {"x": 274.0, "y": 658.0}]}, "description": "283.50"}, {"boundingPoly": {"vertices": [{"x": 10.0, "y": 683.0}, {"x": 84.0, "y": 683.0}, {"x": 84.0, "y": 700.0}, {"x": 10.0, "y": 700.0}]}, "description": " Payments:"}, {"boundingPoly": {"vertices": [{"x": 11.0, "y": 702.0}, {"x": 47.0, "y": 702.0}, {"x": 46.0, "y": 717.0}, {"x": 11.0, "y": 718.0}]}, "description": "AMEX"}, {"boundingPoly": {"vertices": [{"x": 27.0, "y": 721.0}, {"x": 147.0, "y": 719.0}, {"x": 148.0, "y": 736.0}, {"x": 27.0, "y": 739.0}]}, "description": "Approval Code 0"}, {"boundingPoly": {"vertices": [{"x": 267.0, "y": 700.0}, {"x": 316.0, "y": 700.0}, {"x": 316.0, "y": 716.0}, {"x": 267.0, "y": 716.0}]}, "description": "283.50"}, {"boundingPoly": {"vertices": [{"x": 4.0, "y": 759.0}, {"x": 307.0, "y": 758.0}, {"x": 307.0, "y": 789.0}, {"x": 5.0, "y": 790.0}]}, "description": "Share Your Feedback"}, {"boundingPoly": {"vertices": [{"x": 28.0, "y": 791.0}, {"x": 302.0, "y": 791.0}, {"x": 302.0, "y": 809.0}, {"x": 28.0, "y": 808.0}]}, "description": "feedback. costaindia@dil-rjcorp.com"}, {"boundingPoly": {"vertices": [{"x": 92.0, "y": 815.0}, {"x": 282.0, "y": 815.0}, {"x": 282.0, "y": 824.0}, {"x": 92.0, "y": 825.0}]}, "description": "--------------"}]}