{"textAnnotations": [{"boundingPoly": {"vertices": [{"x": 3.0, "y": 7.0}, {"x": 126.0, "y": 7.0}, {"x": 127.0, "y": 23.0}, {"x": 3.0, "y": 24.0}]}, "description": "Your order details"}, {"boundingPoly": {"vertices": [{"x": 16.0, "y": 40.0}, {"x": 80.0, "y": 40.0}, {"x": 80.0, "y": 51.0}, {"x": 16.0, "y": 51.0}]}, "description": "Order number"}, {"boundingPoly": {"vertices": [{"x": 16.0, "y": 54.0}, {"x": 68.0, "y": 54.0}, {"x": 68.0, "y": 66.0}, {"x": 16.0, "y": 66.0}]}, "description": "Order date"}, {"boundingPoly": {"vertices": [{"x": 118.0, "y": 39.0}, {"x": 220.0, "y": 39.0}, {"x": 220.0, "y": 52.0}, {"x": 118.0, "y": 52.0}]}, "description": "301-0012882-0954118"}, {"boundingPoly": {"vertices": [{"x": 115.0, "y": 55.0}, {"x": 219.0, "y": 55.0}, {"x": 219.0, "y": 66.0}, {"x": 115.0, "y": 66.0}]}, "description": "Fri 22 November 2019"}, {"boundingPoly": {"vertices": [{"x": 388.0, "y": 40.0}, {"x": 446.0, "y": 39.0}, {"x": 446.0, "y": 52.0}, {"x": 388.0, "y": 52.0}]}, "description": "Amount paid"}, {"boundingPoly": {"vertices": [{"x": 388.0, "y": 54.0}, {"x": 445.0, "y": 53.0}, {"x": 446.0, "y": 71.0}, {"x": 388.0, "y": 71.0}]}, "description": "\u00a388.00"}, {"boundingPoly": {"vertices": [{"x": 14.0, "y": 102.0}, {"x": 82.0, "y": 102.0}, {"x": 82.0, "y": 116.0}, {"x": 14.0, "y": 116.0}]}, "description": "Order number"}, {"boundingPoly": {"vertices": [{"x": 16.0, "y": 119.0}, {"x": 67.0, "y": 119.0}, {"x": 67.0, "y": 130.0}, {"x": 16.0, "y": 129.0}]}, "description": "Order date"}, {"boundingPoly": {"vertices": [{"x": 100.0, "y": 103.0}, {"x": 204.0, "y": 103.0}, {"x": 204.0, "y": 115.0}, {"x": 100.0, "y": 115.0}]}, "description": "301-0012882-0954119"}, {"boundingPoly": {"vertices": [{"x": 100.0, "y": 119.0}, {"x": 152.0, "y": 119.0}, {"x": 152.0, "y": 129.0}, {"x": 100.0, "y": 129.0}]}, "description": "22/11/2019"}, {"boundingPoly": {"vertices": [{"x": 100.0, "y": 133.0}, {"x": 156.0, "y": 133.0}, {"x": 156.0, "y": 149.0}, {"x": 100.0, "y": 149.0}]}, "description": "\u00a388.00"}, {"boundingPoly": {"vertices": [{"x": 15.0, "y": 140.0}, {"x": 54.0, "y": 140.0}, {"x": 54.0, "y": 151.0}, {"x": 15.0, "y": 151.0}]}, "description": "Amount"}, {"boundingPoly": {"vertices": [{"x": 17.0, "y": 180.0}, {"x": 317.0, "y": 180.0}, {"x": 317.0, "y": 193.0}, {"x": 17.0, "y": 193.0}]}, "description": "Collect-in-store at \" BRIGHTON\" on Tue 26 November 2019"}, {"boundingPoly": {"vertices": [{"x": 18.0, "y": 194.0}, {"x": 147.0, "y": 194.0}, {"x": 147.0, "y": 207.0}, {"x": 18.0, "y": 207.0}]}, "description": " To see the opening hours of"}, {"boundingPoly": {"vertices": [{"x": 150.0, "y": 195.0}, {"x": 281.0, "y": 195.0}, {"x": 281.0, "y": 207.0}, {"x": 150.0, "y": 207.0}]}, "description": " the store please click here ."}, {"boundingPoly": {"vertices": [{"x": 17.0, "y": 227.0}, {"x": 275.0, "y": 227.0}, {"x": 275.0, "y": 241.0}, {"x": 17.0, "y": 241.0}]}, "description": "merchant address"}, {"boundingPoly": {"vertices": [{"x": 16.0, "y": 266.0}, {"x": 26.0, "y": 266.0}, {"x": 25.0, "y": 276.0}, {"x": 15.0, "y": 276.0}]}, "description": "x"}, {"boundingPoly": {"vertices": [{"x": 33.0, "y": 266.0}, {"x": 42.0, "y": 266.0}, {"x": 41.0, "y": 275.0}, {"x": 33.0, "y": 275.0}]}, "description": "R"}, {"boundingPoly": {"vertices": [{"x": 64.0, "y": 260.0}, {"x": 233.0, "y": 260.0}, {"x": 233.0, "y": 273.0}, {"x": 64.0, "y": 273.0}]}, "description": "Classic Sandwich Selection (30 Pieces)"}, {"boundingPoly": {"vertices": [{"x": 416.0, "y": 261.0}, {"x": 442.0, "y": 261.0}, {"x": 441.0, "y": 272.0}, {"x": 416.0, "y": 271.0}]}, "description": "\u20ac18.50"}, {"boundingPoly": {"vertices": [{"x": 65.0, "y": 319.0}, {"x": 118.0, "y": 319.0}, {"x": 118.0, "y": 331.0}, {"x": 65.0, "y": 331.0}]}, "description": " Product code:"}, {"boundingPoly": {"vertices": [{"x": 120.0, "y": 319.0}, {"x": 183.0, "y": 319.0}, {"x": 183.0, "y": 331.0}, {"x": 120.0, "y": 331.0}]}, "description": " 00879208| Qty:"}, {"boundingPoly": {"vertices": [{"x": 185.0, "y": 319.0}, {"x": 192.0, "y": 319.0}, {"x": 192.0, "y": 332.0}, {"x": 185.0, "y": 332.0}]}, "description": " 1"}, {"boundingPoly": {"vertices": [{"x": 367.0, "y": 403.0}, {"x": 367.0, "y": 512.0}, {"x": 359.0, "y": 512.0}, {"x": 359.0, "y": 403.0}]}, "description": "................................................................................."}, {"boundingPoly": {"vertices": [{"x": 367.0, "y": 553.0}, {"x": 368.0, "y": 662.0}, {"x": 359.0, "y": 662.0}, {"x": 359.0, "y": 553.0}]}, "description": "........................................................................................"}, {"boundingPoly": {"vertices": [{"x": 367.0, "y": 702.0}, {"x": 367.0, "y": 757.0}, {"x": 358.0, "y": 757.0}, {"x": 358.0, "y": 702.0}]}, "description": "................................."}, {"boundingPoly": {"vertices": [{"x": 63.0, "y": 410.0}, {"x": 255.0, "y": 410.0}, {"x": 255.0, "y": 423.0}, {"x": 63.0, "y": 423.0}]}, "description": "Afternoon Tea Sandwich Fingers (20 Pieces)"}, {"boundingPoly": {"vertices": [{"x": 416.0, "y": 412.0}, {"x": 445.0, "y": 411.0}, {"x": 445.0, "y": 421.0}, {"x": 416.0, "y": 421.0}]}, "description": "\u00a317.00"}, {"boundingPoly": {"vertices": [{"x": 33.0, "y": 443.0}, {"x": 43.0, "y": 443.0}, {"x": 42.0, "y": 452.0}, {"x": 32.0, "y": 452.0}]}, "description": "9"}, {"boundingPoly": {"vertices": [{"x": 64.0, "y": 469.0}, {"x": 118.0, "y": 469.0}, {"x": 118.0, "y": 481.0}, {"x": 64.0, "y": 481.0}]}, "description": " Product code:"}, {"boundingPoly": {"vertices": [{"x": 120.0, "y": 469.0}, {"x": 182.0, "y": 469.0}, {"x": 182.0, "y": 481.0}, {"x": 120.0, "y": 481.0}]}, "description": " 00687715| Qty:"}, {"boundingPoly": {"vertices": [{"x": 185.0, "y": 469.0}, {"x": 191.0, "y": 469.0}, {"x": 191.0, "y": 482.0}, {"x": 185.0, "y": 482.0}]}, "description": " 1"}, {"boundingPoly": {"vertices": [{"x": 4.0, "y": 522.0}, {"x": 28.0, "y": 521.0}, {"x": 28.0, "y": 528.0}, {"x": 4.0, "y": 529.0}]}, "description": "..........."}, {"boundingPoly": {"vertices": [{"x": 379.0, "y": 520.0}, {"x": 458.0, "y": 520.0}, {"x": 458.0, "y": 529.0}, {"x": 379.0, "y": 529.0}]}, "description": "............................................"}, {"boundingPoly": {"vertices": [{"x": 15.0, "y": 567.0}, {"x": 25.0, "y": 566.0}, {"x": 24.0, "y": 576.0}, {"x": 14.0, "y": 576.0}]}, "description": "x"}, {"boundingPoly": {"vertices": [{"x": 62.0, "y": 560.0}, {"x": 282.0, "y": 560.0}, {"x": 282.0, "y": 573.0}, {"x": 62.0, "y": 573.0}]}, "description": "Vegetarian Sandwich & Wrap Selection (20 Pieces)"}, {"boundingPoly": {"vertices": [{"x": 414.0, "y": 561.0}, {"x": 445.0, "y": 561.0}, {"x": 444.0, "y": 571.0}, {"x": 415.0, "y": 571.0}]}, "description": "\u20ac12.50"}, {"boundingPoly": {"vertices": [{"x": 63.0, "y": 619.0}, {"x": 117.0, "y": 619.0}, {"x": 117.0, "y": 631.0}, {"x": 63.0, "y": 631.0}]}, "description": " Product code:"}, {"boundingPoly": {"vertices": [{"x": 120.0, "y": 618.0}, {"x": 182.0, "y": 618.0}, {"x": 182.0, "y": 632.0}, {"x": 120.0, "y": 632.0}]}, "description": " 00179720| Qty:"}, {"boundingPoly": {"vertices": [{"x": 185.0, "y": 618.0}, {"x": 192.0, "y": 618.0}, {"x": 192.0, "y": 632.0}, {"x": 185.0, "y": 632.0}]}, "description": " 1"}, {"boundingPoly": {"vertices": [{"x": 16.0, "y": 716.0}, {"x": 27.0, "y": 715.0}, {"x": 26.0, "y": 725.0}, {"x": 15.0, "y": 726.0}]}, "description": "X"}, {"boundingPoly": {"vertices": [{"x": 64.0, "y": 710.0}, {"x": 219.0, "y": 710.0}, {"x": 219.0, "y": 722.0}, {"x": 64.0, "y": 722.0}]}, "description": "Mini Fresh Fruit Kebabs (16 Pieces)"}, {"boundingPoly": {"vertices": [{"x": 416.0, "y": 711.0}, {"x": 445.0, "y": 711.0}, {"x": 445.0, "y": 721.0}, {"x": 415.0, "y": 720.0}]}, "description": "\u00a310.00"}]}