{"textAnnotations": [{"boundingPoly": {"vertices": [{"x": 377.0, "y": 17.0}, {"x": 869.0, "y": 17.0}, {"x": 870.0, "y": 78.0}, {"x": 377.0, "y": 78.0}]}, "description": "merchant name"}, {"boundingPoly": {"vertices": [{"x": 709.0, "y": 77.0}, {"x": 894.0, "y": 72.0}, {"x": 894.0, "y": 102.0}, {"x": 710.0, "y": 107.0}]}, "description": "merchant name"}, {"boundingPoly": {"vertices": [{"x": 518.0, "y": 262.0}, {"x": 751.0, "y": 261.0}, {"x": 751.0, "y": 292.0}, {"x": 518.0, "y": 292.0}]}, "description": "merchant name"}, {"boundingPoly": {"vertices": [{"x": 265.0, "y": 304.0}, {"x": 1014.0, "y": 292.0}, {"x": 1015.0, "y": 327.0}, {"x": 266.0, "y": 339.0}]}, "description": "merchant address"}, {"boundingPoly": {"vertices": [{"x": 330.0, "y": 345.0}, {"x": 927.0, "y": 340.0}, {"x": 928.0, "y": 374.0}, {"x": 330.0, "y": 378.0}]}, "description": "merchant address"}, {"boundingPoly": {"vertices": [{"x": 239.0, "y": 438.0}, {"x": 424.0, "y": 438.0}, {"x": 424.0, "y": 470.0}, {"x": 239.0, "y": 470.0}]}, "description": " Server:"}, {"boundingPoly": {"vertices": [{"x": 236.0, "y": 480.0}, {"x": 498.0, "y": 480.0}, {"x": 498.0, "y": 513.0}, {"x": 236.0, "y": 512.0}]}, "description": "Check #456"}, {"boundingPoly": {"vertices": [{"x": 445.0, "y": 437.0}, {"x": 705.0, "y": 437.0}, {"x": 705.0, "y": 470.0}, {"x": 445.0, "y": 470.0}]}, "description": " Salvador A"}, {"boundingPoly": {"vertices": [{"x": 818.0, "y": 434.0}, {"x": 1025.0, "y": 431.0}, {"x": 1025.0, "y": 464.0}, {"x": 818.0, "y": 468.0}]}, "description": "11/02/19"}, {"boundingPoly": {"vertices": [{"x": 841.0, "y": 476.0}, {"x": 1024.0, "y": 476.0}, {"x": 1024.0, "y": 508.0}, {"x": 841.0, "y": 508.0}]}, "description": " 8:30 PM"}, {"boundingPoly": {"vertices": [{"x": 241.0, "y": 609.0}, {"x": 629.0, "y": 609.0}, {"x": 629.0, "y": 641.0}, {"x": 241.0, "y": 641.0}]}, "description": "Chicken Burrito"}, {"boundingPoly": {"vertices": [{"x": 243.0, "y": 652.0}, {"x": 448.0, "y": 653.0}, {"x": 448.0, "y": 683.0}, {"x": 243.0, "y": 683.0}]}, "description": "Pacifico"}, {"boundingPoly": {"vertices": [{"x": 887.0, "y": 607.0}, {"x": 1020.0, "y": 606.0}, {"x": 1021.0, "y": 635.0}, {"x": 888.0, "y": 637.0}]}, "description": "$8.99"}, {"boundingPoly": {"vertices": [{"x": 891.0, "y": 648.0}, {"x": 1022.0, "y": 647.0}, {"x": 1023.0, "y": 677.0}, {"x": 891.0, "y": 679.0}]}, "description": "$4.59"}, {"boundingPoly": {"vertices": [{"x": 251.0, "y": 733.0}, {"x": 448.0, "y": 733.0}, {"x": 448.0, "y": 764.0}, {"x": 251.0, "y": 763.0}]}, "description": "Subtotal"}, {"boundingPoly": {"vertices": [{"x": 259.0, "y": 776.0}, {"x": 332.0, "y": 775.0}, {"x": 331.0, "y": 803.0}, {"x": 260.0, "y": 802.0}]}, "description": "Tax"}, {"boundingPoly": {"vertices": [{"x": 262.0, "y": 811.0}, {"x": 378.0, "y": 813.0}, {"x": 378.0, "y": 843.0}, {"x": 261.0, "y": 840.0}]}, "description": "Total"}, {"boundingPoly": {"vertices": [{"x": 864.0, "y": 732.0}, {"x": 1023.0, "y": 730.0}, {"x": 1023.0, "y": 760.0}, {"x": 864.0, "y": 762.0}]}, "description": "$13.58"}, {"boundingPoly": {"vertices": [{"x": 888.0, "y": 773.0}, {"x": 1019.0, "y": 771.0}, {"x": 1019.0, "y": 802.0}, {"x": 889.0, "y": 805.0}]}, "description": "$1.21"}, {"boundingPoly": {"vertices": [{"x": 860.0, "y": 816.0}, {"x": 1024.0, "y": 810.0}, {"x": 1025.0, "y": 839.0}, {"x": 860.0, "y": 845.0}]}, "description": "$14.79"}, {"boundingPoly": {"vertices": [{"x": 257.0, "y": 892.0}, {"x": 530.0, "y": 892.0}, {"x": 530.0, "y": 922.0}, {"x": 257.0, "y": 922.0}]}, "description": "Credit Card"}, {"boundingPoly": {"vertices": [{"x": 254.0, "y": 933.0}, {"x": 354.0, "y": 934.0}, {"x": 354.0, "y": 961.0}, {"x": 254.0, "y": 960.0}]}, "description": "Amex"}, {"boundingPoly": {"vertices": [{"x": 861.0, "y": 881.0}, {"x": 1030.0, "y": 881.0}, {"x": 1030.0, "y": 909.0}, {"x": 861.0, "y": 910.0}]}, "description": "Swiped"}, {"boundingPoly": {"vertices": [{"x": 703.0, "y": 930.0}, {"x": 1031.0, "y": 914.0}, {"x": 1032.0, "y": 943.0}, {"x": 705.0, "y": 958.0}]}, "description": "XXXXXXXX1000"}, {"boundingPoly": {"vertices": [{"x": 244.0, "y": 1009.0}, {"x": 643.0, "y": 1008.0}, {"x": 643.0, "y": 1039.0}, {"x": 244.0, "y": 1041.0}]}, "description": "Transaction Type"}, {"boundingPoly": {"vertices": [{"x": 232.0, "y": 1049.0}, {"x": 559.0, "y": 1049.0}, {"x": 559.0, "y": 1081.0}, {"x": 232.0, "y": 1080.0}]}, "description": "Authorization"}, {"boundingPoly": {"vertices": [{"x": 227.0, "y": 1092.0}, {"x": 556.0, "y": 1092.0}, {"x": 556.0, "y": 1125.0}, {"x": 227.0, "y": 1125.0}]}, "description": "Approval Code"}, {"boundingPoly": {"vertices": [{"x": 217.0, "y": 1134.0}, {"x": 470.0, "y": 1136.0}, {"x": 470.0, "y": 1171.0}, {"x": 217.0, "y": 1167.0}]}, "description": "Payment ID"}, {"boundingPoly": {"vertices": [{"x": 207.0, "y": 1175.0}, {"x": 495.0, "y": 1184.0}, {"x": 494.0, "y": 1219.0}, {"x": 205.0, "y": 1210.0}]}, "description": "Merchant ID"}, {"boundingPoly": {"vertices": [{"x": 200.0, "y": 1221.0}, {"x": 487.0, "y": 1232.0}, {"x": 486.0, "y": 1266.0}, {"x": 199.0, "y": 1255.0}]}, "description": "Card Reader"}, {"boundingPoly": {"vertices": [{"x": 919.0, "y": 996.0}, {"x": 1036.0, "y": 993.0}, {"x": 1036.0, "y": 1022.0}, {"x": 919.0, "y": 1026.0}]}, "description": "Sale"}, {"boundingPoly": {"vertices": [{"x": 806.0, "y": 1047.0}, {"x": 1040.0, "y": 1034.0}, {"x": 1041.0, "y": 1068.0}, {"x": 808.0, "y": 1080.0}]}, "description": "Approved"}, {"boundingPoly": {"vertices": [{"x": 864.0, "y": 1087.0}, {"x": 1046.0, "y": 1077.0}, {"x": 1048.0, "y": 1111.0}, {"x": 866.0, "y": 1121.0}]}, "description": "546268"}, {"boundingPoly": {"vertices": [{"x": 691.0, "y": 1133.0}, {"x": 1048.0, "y": 1127.0}, {"x": 1049.0, "y": 1163.0}, {"x": 691.0, "y": 1168.0}]}, "description": "PmJxHjYwsTnx"}, {"boundingPoly": {"vertices": [{"x": 776.0, "y": 1179.0}, {"x": 1055.0, "y": 1173.0}, {"x": 1055.0, "y": 1211.0}, {"x": 777.0, "y": 1217.0}]}, "description": "027611244"}, {"boundingPoly": {"vertices": [{"x": 447.0, "y": 1330.0}, {"x": 619.0, "y": 1334.0}, {"x": 618.0, "y": 1370.0}, {"x": 446.0, "y": 1365.0}]}, "description": "Amount"}, {"boundingPoly": {"vertices": [{"x": 870.0, "y": 1340.0}, {"x": 1069.0, "y": 1339.0}, {"x": 1069.0, "y": 1379.0}, {"x": 870.0, "y": 1381.0}]}, "description": "$14.79"}, {"boundingPoly": {"vertices": [{"x": 153.0, "y": 1510.0}, {"x": 1084.0, "y": 1577.0}, {"x": 1080.0, "y": 1623.0}, {"x": 150.0, "y": 1554.0}]}, "description": "Have you ever wanted to follow"}]}