{"textAnnotations": [{"boundingPoly": {"vertices": [{"x": 490.0, "y": 723.0}, {"x": 796.0, "y": 722.0}, {"x": 797.0, "y": 752.0}, {"x": 491.0, "y": 754.0}]}, "description": "merchant name"}, {"boundingPoly": {"vertices": [{"x": 543.0, "y": 757.0}, {"x": 754.0, "y": 757.0}, {"x": 754.0, "y": 785.0}, {"x": 543.0, "y": 784.0}]}, "description": "merchant address"}, {"boundingPoly": {"vertices": [{"x": 475.0, "y": 791.0}, {"x": 814.0, "y": 789.0}, {"x": 815.0, "y": 818.0}, {"x": 475.0, "y": 821.0}]}, "description": "merchant address"}, {"boundingPoly": {"vertices": [{"x": 580.0, "y": 855.0}, {"x": 715.0, "y": 854.0}, {"x": 715.0, "y": 881.0}, {"x": 580.0, "y": 883.0}]}, "description": "CHK 657911"}, {"boundingPoly": {"vertices": [{"x": 512.0, "y": 887.0}, {"x": 776.0, "y": 887.0}, {"x": 776.0, "y": 920.0}, {"x": 512.0, "y": 920.0}]}, "description": " 11/19/2019 08:02 AM"}, {"boundingPoly": {"vertices": [{"x": 466.0, "y": 921.0}, {"x": 562.0, "y": 920.0}, {"x": 562.0, "y": 949.0}, {"x": 467.0, "y": 950.0}]}, "description": "1995275"}, {"boundingPoly": {"vertices": [{"x": 591.0, "y": 921.0}, {"x": 697.0, "y": 921.0}, {"x": 697.0, "y": 952.0}, {"x": 591.0, "y": 952.0}]}, "description": " Drawer:"}, {"boundingPoly": {"vertices": [{"x": 703.0, "y": 921.0}, {"x": 802.0, "y": 921.0}, {"x": 802.0, "y": 952.0}, {"x": 703.0, "y": 952.0}]}, "description": " 1 Reg:"}, {"boundingPoly": {"vertices": [{"x": 807.0, "y": 921.0}, {"x": 824.0, "y": 921.0}, {"x": 824.0, "y": 951.0}, {"x": 807.0, "y": 951.0}]}, "description": " 3"}, {"boundingPoly": {"vertices": [{"x": 423.0, "y": 987.0}, {"x": 625.0, "y": 987.0}, {"x": 625.0, "y": 1017.0}, {"x": 423.0, "y": 1018.0}]}, "description": "Gr Blonde Roast"}, {"boundingPoly": {"vertices": [{"x": 422.0, "y": 1021.0}, {"x": 664.0, "y": 1019.0}, {"x": 664.0, "y": 1049.0}, {"x": 422.0, "y": 1051.0}]}, "description": "Ham&Cheese Croisnt"}, {"boundingPoly": {"vertices": [{"x": 791.0, "y": 987.0}, {"x": 853.0, "y": 988.0}, {"x": 852.0, "y": 1015.0}, {"x": 790.0, "y": 1014.0}]}, "description": "2.75"}, {"boundingPoly": {"vertices": [{"x": 802.0, "y": 1018.0}, {"x": 851.0, "y": 1019.0}, {"x": 850.0, "y": 1047.0}, {"x": 801.0, "y": 1046.0}]}, "description": "3.75"}, {"boundingPoly": {"vertices": [{"x": 425.0, "y": 1088.0}, {"x": 471.0, "y": 1090.0}, {"x": 469.0, "y": 1114.0}, {"x": 423.0, "y": 1112.0}]}, "description": "Amex"}, {"boundingPoly": {"vertices": [{"x": 423.0, "y": 1117.0}, {"x": 638.0, "y": 1117.0}, {"x": 638.0, "y": 1147.0}, {"x": 423.0, "y": 1147.0}]}, "description": "XXXXXXXXXXXX3007"}, {"boundingPoly": {"vertices": [{"x": 578.0, "y": 1148.0}, {"x": 714.0, "y": 1148.0}, {"x": 714.0, "y": 1181.0}, {"x": 578.0, "y": 1181.0}]}, "description": " QUICK CHIP"}, {"boundingPoly": {"vertices": [{"x": 578.0, "y": 1182.0}, {"x": 688.0, "y": 1182.0}, {"x": 688.0, "y": 1214.0}, {"x": 578.0, "y": 1214.0}]}, "description": " PURCHASE"}, {"boundingPoly": {"vertices": [{"x": 591.0, "y": 1212.0}, {"x": 707.0, "y": 1212.0}, {"x": 707.0, "y": 1246.0}, {"x": 591.0, "y": 1246.0}]}, "description": " 00000029"}, {"boundingPoly": {"vertices": [{"x": 566.0, "y": 1247.0}, {"x": 788.0, "y": 1247.0}, {"x": 788.0, "y": 1281.0}, {"x": 566.0, "y": 1281.0}]}, "description": " AMERICAN EXPRESS"}, {"boundingPoly": {"vertices": [{"x": 526.0, "y": 1281.0}, {"x": 612.0, "y": 1281.0}, {"x": 612.0, "y": 1313.0}, {"x": 526.0, "y": 1313.0}]}, "description": " 884817"}, {"boundingPoly": {"vertices": [{"x": 485.0, "y": 1312.0}, {"x": 705.0, "y": 1312.0}, {"x": 705.0, "y": 1346.0}, {"x": 485.0, "y": 1346.0}]}, "description": " A000000025010801"}, {"boundingPoly": {"vertices": [{"x": 486.0, "y": 1347.0}, {"x": 626.0, "y": 1347.0}, {"x": 626.0, "y": 1378.0}, {"x": 486.0, "y": 1378.0}]}, "description": " 0000008000"}, {"boundingPoly": {"vertices": [{"x": 487.0, "y": 1380.0}, {"x": 547.0, "y": 1380.0}, {"x": 547.0, "y": 1410.0}, {"x": 487.0, "y": 1410.0}]}, "description": " E800"}, {"boundingPoly": {"vertices": [{"x": 797.0, "y": 1083.0}, {"x": 854.0, "y": 1084.0}, {"x": 852.0, "y": 1113.0}, {"x": 795.0, "y": 1113.0}]}, "description": "7.08"}, {"boundingPoly": {"vertices": [{"x": 424.0, "y": 1151.0}, {"x": 572.0, "y": 1151.0}, {"x": 572.0, "y": 1182.0}, {"x": 424.0, "y": 1182.0}]}, "description": " Card Entry:"}, {"boundingPoly": {"vertices": [{"x": 426.0, "y": 1183.0}, {"x": 572.0, "y": 1183.0}, {"x": 572.0, "y": 1216.0}, {"x": 426.0, "y": 1216.0}]}, "description": " Trans Type:"}, {"boundingPoly": {"vertices": [{"x": 424.0, "y": 1215.0}, {"x": 587.0, "y": 1215.0}, {"x": 587.0, "y": 1247.0}, {"x": 424.0, "y": 1247.0}]}, "description": " Reference #:"}, {"boundingPoly": {"vertices": [{"x": 423.0, "y": 1248.0}, {"x": 561.0, "y": 1248.0}, {"x": 561.0, "y": 1281.0}, {"x": 423.0, "y": 1281.0}]}, "description": " App Label:"}, {"boundingPoly": {"vertices": [{"x": 423.0, "y": 1282.0}, {"x": 520.0, "y": 1282.0}, {"x": 520.0, "y": 1314.0}, {"x": 423.0, "y": 1314.0}]}, "description": " Auth #:"}, {"boundingPoly": {"vertices": [{"x": 423.0, "y": 1315.0}, {"x": 480.0, "y": 1315.0}, {"x": 480.0, "y": 1346.0}, {"x": 423.0, "y": 1346.0}]}, "description": " AID:"}, {"boundingPoly": {"vertices": [{"x": 425.0, "y": 1347.0}, {"x": 480.0, "y": 1347.0}, {"x": 480.0, "y": 1378.0}, {"x": 425.0, "y": 1378.0}]}, "description": " TVR:"}, {"boundingPoly": {"vertices": [{"x": 426.0, "y": 1380.0}, {"x": 481.0, "y": 1380.0}, {"x": 481.0, "y": 1410.0}, {"x": 426.0, "y": 1410.0}]}, "description": " TSI:"}, {"boundingPoly": {"vertices": [{"x": 423.0, "y": 1445.0}, {"x": 529.0, "y": 1444.0}, {"x": 529.0, "y": 1474.0}, {"x": 423.0, "y": 1475.0}]}, "description": "Subtotal"}, {"boundingPoly": {"vertices": [{"x": 423.0, "y": 1478.0}, {"x": 558.0, "y": 1477.0}, {"x": 558.0, "y": 1508.0}, {"x": 423.0, "y": 1509.0}]}, "description": "Tax 8.875%"}, {"boundingPoly": {"vertices": [{"x": 426.0, "y": 1513.0}, {"x": 488.0, "y": 1514.0}, {"x": 488.0, "y": 1540.0}, {"x": 426.0, "y": 1541.0}]}, "description": "Total"}, {"boundingPoly": {"vertices": [{"x": 379.0, "y": 1544.0}, {"x": 650.0, "y": 1544.0}, {"x": 650.0, "y": 1574.0}, {"x": 379.0, "y": 1576.0}]}, "description": "Change Due"}, {"boundingPoly": {"vertices": [{"x": 765.0, "y": 1446.0}, {"x": 840.0, "y": 1448.0}, {"x": 838.0, "y": 1479.0}, {"x": 764.0, "y": 1479.0}]}, "description": "$6.50"}, {"boundingPoly": {"vertices": [{"x": 763.0, "y": 1477.0}, {"x": 842.0, "y": 1478.0}, {"x": 842.0, "y": 1505.0}, {"x": 764.0, "y": 1505.0}]}, "description": "$0.58"}, {"boundingPoly": {"vertices": [{"x": 769.0, "y": 1513.0}, {"x": 841.0, "y": 1511.0}, {"x": 841.0, "y": 1537.0}, {"x": 770.0, "y": 1538.0}]}, "description": "$7.08"}, {"boundingPoly": {"vertices": [{"x": 779.0, "y": 1542.0}, {"x": 916.0, "y": 1540.0}, {"x": 916.0, "y": 1572.0}, {"x": 779.0, "y": 1574.0}]}, "description": "$0.00"}, {"boundingPoly": {"vertices": [{"x": 507.0, "y": 1608.0}, {"x": 747.0, "y": 1608.0}, {"x": 747.0, "y": 1639.0}, {"x": 507.0, "y": 1639.0}]}, "description": "-- Check Closed --"}, {"boundingPoly": {"vertices": [{"x": 519.0, "y": 1639.0}, {"x": 774.0, "y": 1639.0}, {"x": 774.0, "y": 1673.0}, {"x": 519.0, "y": 1673.0}]}, "description": " 11/19/2019 08:02 AM"}, {"boundingPoly": {"vertices": [{"x": 490.0, "y": 1806.0}, {"x": 810.0, "y": 1806.0}, {"x": 810.0, "y": 1839.0}, {"x": 490.0, "y": 1839.0}]}, "description": "Join our loyalty program"}, {"boundingPoly": {"vertices": [{"x": 529.0, "y": 1840.0}, {"x": 771.0, "y": 1839.0}, {"x": 771.0, "y": 1870.0}, {"x": 529.0, "y": 1870.0}]}, "description": "Starbucks Rewards\u00ae"}, {"boundingPoly": {"vertices": [{"x": 449.0, "y": 1874.0}, {"x": 852.0, "y": 1872.0}, {"x": 852.0, "y": 1903.0}, {"x": 449.0, "y": 1905.0}]}, "description": "Sign up for promotional emails"}, {"boundingPoly": {"vertices": [{"x": 459.0, "y": 1905.0}, {"x": 828.0, "y": 1904.0}, {"x": 828.0, "y": 1935.0}, {"x": 459.0, "y": 1936.0}]}, "description": "Visit Starbucks.com/rewards"}, {"boundingPoly": {"vertices": [{"x": 514.0, "y": 1939.0}, {"x": 774.0, "y": 1939.0}, {"x": 774.0, "y": 1969.0}, {"x": 514.0, "y": 1968.0}]}, "description": "Or download our app"}, {"boundingPoly": {"vertices": [{"x": 491.0, "y": 1971.0}, {"x": 801.0, "y": 1970.0}, {"x": 802.0, "y": 2001.0}, {"x": 491.0, "y": 2001.0}]}, "description": "At participating stores"}, {"boundingPoly": {"vertices": [{"x": 487.0, "y": 2004.0}, {"x": 801.0, "y": 2003.0}, {"x": 801.0, "y": 2034.0}, {"x": 487.0, "y": 2035.0}]}, "description": "Some restrictions apply"}]}