{"textAnnotations": [{"boundingPoly": {"vertices": [{"x": 561.0, "y": 140.0}, {"x": 1082.0, "y": 113.0}, {"x": 1084.0, "y": 156.0}, {"x": 564.0, "y": 182.0}]}, "description": "Thank You For Visiting the"}, {"boundingPoly": {"vertices": [{"x": 650.0, "y": 221.0}, {"x": 981.0, "y": 209.0}, {"x": 982.0, "y": 250.0}, {"x": 652.0, "y": 262.0}]}, "description": "Matthew Fraysier"}, {"boundingPoly": {"vertices": [{"x": 684.0, "y": 308.0}, {"x": 949.0, "y": 300.0}, {"x": 951.0, "y": 340.0}, {"x": 685.0, "y": 350.0}]}, "description": "merchant phone"}, {"boundingPoly": {"vertices": [{"x": 585.0, "y": 402.0}, {"x": 1051.0, "y": 379.0}, {"x": 1053.0, "y": 423.0}, {"x": 585.0, "y": 445.0}]}, "description": "Text @LTF11479 to 73940"}, {"boundingPoly": {"vertices": [{"x": 568.0, "y": 183.0}, {"x": 1074.0, "y": 155.0}, {"x": 1075.0, "y": 198.0}, {"x": 570.0, "y": 225.0}]}, "description": "merchant name"}, {"boundingPoly": {"vertices": [{"x": 662.0, "y": 266.0}, {"x": 964.0, "y": 255.0}, {"x": 965.0, "y": 296.0}, {"x": 664.0, "y": 306.0}]}, "description": "General Manager"}, {"boundingPoly": {"vertices": [{"x": 590.0, "y": 356.0}, {"x": 1033.0, "y": 336.0}, {"x": 1035.0, "y": 381.0}, {"x": 590.0, "y": 398.0}]}, "description": "We Love Your Feedback!"}, {"boundingPoly": {"vertices": [{"x": 1178.0, "y": 468.0}, {"x": 1250.0, "y": 468.0}, {"x": 1247.0, "y": 510.0}, {"x": 1176.0, "y": 510.0}]}, "description": "USD"}, {"boundingPoly": {"vertices": [{"x": 1164.0, "y": 516.0}, {"x": 1253.0, "y": 514.0}, {"x": 1252.0, "y": 554.0}, {"x": 1163.0, "y": 555.0}]}, "description": "3.75"}, {"boundingPoly": {"vertices": [{"x": 1164.0, "y": 562.0}, {"x": 1252.0, "y": 560.0}, {"x": 1252.0, "y": 602.0}, {"x": 1163.0, "y": 600.0}]}, "description": "0.95"}, {"boundingPoly": {"vertices": [{"x": 1166.0, "y": 609.0}, {"x": 1251.0, "y": 606.0}, {"x": 1251.0, "y": 649.0}, {"x": 1166.0, "y": 649.0}]}, "description": "0.95"}, {"boundingPoly": {"vertices": [{"x": 1168.0, "y": 657.0}, {"x": 1254.0, "y": 656.0}, {"x": 1254.0, "y": 697.0}, {"x": 1168.0, "y": 699.0}]}, "description": "1.80"}, {"boundingPoly": {"vertices": [{"x": 404.0, "y": 541.0}, {"x": 817.0, "y": 533.0}, {"x": 818.0, "y": 575.0}, {"x": 404.0, "y": 585.0}]}, "description": "Pizza Slice with Top"}, {"boundingPoly": {"vertices": [{"x": 404.0, "y": 589.0}, {"x": 713.0, "y": 583.0}, {"x": 714.0, "y": 623.0}, {"x": 404.0, "y": 631.0}]}, "description": "Assorted Cookie"}, {"boundingPoly": {"vertices": [{"x": 400.0, "y": 636.0}, {"x": 708.0, "y": 627.0}, {"x": 709.0, "y": 669.0}, {"x": 400.0, "y": 679.0}]}, "description": "Assorted Cookie"}, {"boundingPoly": {"vertices": [{"x": 395.0, "y": 680.0}, {"x": 813.0, "y": 670.0}, {"x": 814.0, "y": 718.0}, {"x": 397.0, "y": 726.0}]}, "description": "Schweppes Ginger Ale"}, {"boundingPoly": {"vertices": [{"x": 868.0, "y": 761.0}, {"x": 1064.0, "y": 756.0}, {"x": 1065.0, "y": 801.0}, {"x": 869.0, "y": 806.0}]}, "description": "Sub Total"}, {"boundingPoly": {"vertices": [{"x": 868.0, "y": 809.0}, {"x": 1083.0, "y": 806.0}, {"x": 1084.0, "y": 850.0}, {"x": 868.0, "y": 853.0}]}, "description": "Tax Amount"}, {"boundingPoly": {"vertices": [{"x": 1169.0, "y": 750.0}, {"x": 1260.0, "y": 751.0}, {"x": 1259.0, "y": 795.0}, {"x": 1168.0, "y": 793.0}]}, "description": "7.45"}, {"boundingPoly": {"vertices": [{"x": 1166.0, "y": 802.0}, {"x": 1259.0, "y": 801.0}, {"x": 1259.0, "y": 842.0}, {"x": 1166.0, "y": 843.0}]}, "description": "0.66"}, {"boundingPoly": {"vertices": [{"x": 360.0, "y": 968.0}, {"x": 741.0, "y": 959.0}, {"x": 743.0, "y": 1040.0}, {"x": 362.0, "y": 1050.0}]}, "description": "Total USD"}, {"boundingPoly": {"vertices": [{"x": 1072.0, "y": 952.0}, {"x": 1249.0, "y": 951.0}, {"x": 1249.0, "y": 1028.0}, {"x": 1074.0, "y": 1032.0}]}, "description": "8.11"}, {"boundingPoly": {"vertices": [{"x": 343.0, "y": 1199.0}, {"x": 549.0, "y": 1197.0}, {"x": 549.0, "y": 1242.0}, {"x": 343.0, "y": 1244.0}]}, "description": "5008 AMEX"}, {"boundingPoly": {"vertices": [{"x": 1169.0, "y": 1182.0}, {"x": 1253.0, "y": 1184.0}, {"x": 1254.0, "y": 1229.0}, {"x": 1169.0, "y": 1227.0}]}, "description": "8.11"}, {"boundingPoly": {"vertices": [{"x": 339.0, "y": 1358.0}, {"x": 412.0, "y": 1356.0}, {"x": 412.0, "y": 1398.0}, {"x": 339.0, "y": 1400.0}]}, "description": "Tax"}, {"boundingPoly": {"vertices": [{"x": 339.0, "y": 1403.0}, {"x": 518.0, "y": 1403.0}, {"x": 519.0, "y": 1452.0}, {"x": 339.0, "y": 1454.0}]}, "description": "() 8.875"}, {"boundingPoly": {"vertices": [{"x": 687.0, "y": 1343.0}, {"x": 1019.0, "y": 1343.0}, {"x": 1019.0, "y": 1396.0}, {"x": 687.0, "y": 1396.0}]}, "description": " Taxable Amount"}, {"boundingPoly": {"vertices": [{"x": 912.0, "y": 1396.0}, {"x": 999.0, "y": 1398.0}, {"x": 1000.0, "y": 1441.0}, {"x": 911.0, "y": 1441.0}]}, "description": "7.45"}, {"boundingPoly": {"vertices": [{"x": 1036.0, "y": 1341.0}, {"x": 1257.0, "y": 1341.0}, {"x": 1257.0, "y": 1391.0}, {"x": 1036.0, "y": 1391.0}]}, "description": " Tax Amount"}, {"boundingPoly": {"vertices": [{"x": 1165.0, "y": 1395.0}, {"x": 1264.0, "y": 1395.0}, {"x": 1262.0, "y": 1438.0}, {"x": 1163.0, "y": 1437.0}]}, "description": "0.66"}, {"boundingPoly": {"vertices": [{"x": 327.0, "y": 1552.0}, {"x": 1261.0, "y": 1552.0}, {"x": 1261.0, "y": 1607.0}, {"x": 327.0, "y": 1607.0}]}, "description": " T1/11/2019 01:09 PM #:29353-Op:4046 C:111"}, {"boundingPoly": {"vertices": [{"x": 333.0, "y": 1609.0}, {"x": 563.0, "y": 1609.0}, {"x": 563.0, "y": 1659.0}, {"x": 333.0, "y": 1659.0}]}, "description": " 104 S:1111"}, {"boundingPoly": {"vertices": [{"x": 320.0, "y": 1664.0}, {"x": 555.0, "y": 1664.0}, {"x": 555.0, "y": 1717.0}, {"x": 320.0, "y": 1717.0}]}, "description": " Served you"}, {"boundingPoly": {"vertices": [{"x": 564.0, "y": 1660.0}, {"x": 886.0, "y": 1660.0}, {"x": 886.0, "y": 1717.0}, {"x": 564.0, "y": 1717.0}]}, "description": " : Aniya Taylor"}, {"boundingPoly": {"vertices": [{"x": 510.0, "y": 1887.0}, {"x": 990.0, "y": 1888.0}, {"x": 990.0, "y": 1941.0}, {"x": 510.0, "y": 1940.0}]}, "description": "*** Customer copy ***"}, {"boundingPoly": {"vertices": [{"x": 599.0, "y": 1999.0}, {"x": 923.0, "y": 2000.0}, {"x": 922.0, "y": 2057.0}, {"x": 598.0, "y": 2055.0}]}, "description": "AMEX NY937 (4)"}, {"boundingPoly": {"vertices": [{"x": 287.0, "y": 2117.0}, {"x": 736.0, "y": 2119.0}, {"x": 735.0, "y": 2174.0}, {"x": 287.0, "y": 2170.0}]}, "description": "PURCHASE / APPROVED"}, {"boundingPoly": {"vertices": [{"x": 286.0, "y": 2178.0}, {"x": 384.0, "y": 2178.0}, {"x": 383.0, "y": 2226.0}, {"x": 284.0, "y": 2223.0}]}, "description": "AMEX"}, {"boundingPoly": {"vertices": [{"x": 286.0, "y": 2240.0}, {"x": 644.0, "y": 2241.0}, {"x": 643.0, "y": 2288.0}, {"x": 286.0, "y": 2284.0}]}, "description": "*********** 1006"}, {"boundingPoly": {"vertices": [{"x": 278.0, "y": 2295.0}, {"x": 760.0, "y": 2299.0}, {"x": 760.0, "y": 2353.0}, {"x": 277.0, "y": 2349.0}]}, "description": "CONTACTLESS / No CVM"}, {"boundingPoly": {"vertices": [{"x": 267.0, "y": 2414.0}, {"x": 723.0, "y": 2414.0}, {"x": 723.0, "y": 2479.0}, {"x": 267.0, "y": 2479.0}]}, "description": " 2019/11/11 13:09:27"}, {"boundingPoly": {"vertices": [{"x": 268.0, "y": 2477.0}, {"x": 343.0, "y": 2478.0}, {"x": 341.0, "y": 2535.0}, {"x": 267.0, "y": 2533.0}]}, "description": "TID"}, {"boundingPoly": {"vertices": [{"x": 267.0, "y": 2545.0}, {"x": 338.0, "y": 2545.0}, {"x": 336.0, "y": 2595.0}, {"x": 266.0, "y": 2595.0}]}, "description": "MID"}, {"boundingPoly": {"vertices": [{"x": 263.0, "y": 2604.0}, {"x": 485.0, "y": 2604.0}, {"x": 485.0, "y": 2657.0}, {"x": 263.0, "y": 2658.0}]}, "description": "REFERENCE"}, {"boundingPoly": {"vertices": [{"x": 257.0, "y": 2668.0}, {"x": 475.0, "y": 2670.0}, {"x": 475.0, "y": 2725.0}, {"x": 256.0, "y": 2723.0}]}, "description": "AUTH CODE"}, {"boundingPoly": {"vertices": [{"x": 1026.0, "y": 2490.0}, {"x": 1225.0, "y": 2491.0}, {"x": 1224.0, "y": 2541.0}, {"x": 1025.0, "y": 2537.0}]}, "description": "**** 6033"}, {"boundingPoly": {"vertices": [{"x": 1056.0, "y": 2552.0}, {"x": 1222.0, "y": 2555.0}, {"x": 1221.0, "y": 2606.0}, {"x": 1055.0, "y": 2604.0}]}, "description": "6634459"}, {"boundingPoly": {"vertices": [{"x": 618.0, "y": 2606.0}, {"x": 1228.0, "y": 2614.0}, {"x": 1228.0, "y": 2670.0}, {"x": 618.0, "y": 2664.0}]}, "description": "S1111T111104#29353@924342"}, {"boundingPoly": {"vertices": [{"x": 1076.0, "y": 2677.0}, {"x": 1222.0, "y": 2680.0}, {"x": 1223.0, "y": 2735.0}, {"x": 1075.0, "y": 2731.0}]}, "description": "521625"}, {"boundingPoly": {"vertices": [{"x": 1049.0, "y": 2807.0}, {"x": 1223.0, "y": 2810.0}, {"x": 1222.0, "y": 2868.0}, {"x": 1048.0, "y": 2865.0}]}, "description": "USD8.11"}]}