{"textAnnotations": [{"boundingPoly": {"vertices": [{"x": 70.0, "y": 27.0}, {"x": 333.0, "y": 26.0}, {"x": 333.0, "y": 45.0}, {"x": 70.0, "y": 46.0}]}, "description": "merchant name"}, {"boundingPoly": {"vertices": [{"x": 150.0, "y": 49.0}, {"x": 242.0, "y": 49.0}, {"x": 242.0, "y": 66.0}, {"x": 150.0, "y": 66.0}]}, "description": "merchant address"}, {"boundingPoly": {"vertices": [{"x": 110.0, "y": 68.0}, {"x": 206.0, "y": 68.0}, {"x": 206.0, "y": 84.0}, {"x": 110.0, "y": 84.0}]}, "description": "merchant address"}, {"boundingPoly": {"vertices": [{"x": 148.0, "y": 88.0}, {"x": 252.0, "y": 88.0}, {"x": 252.0, "y": 104.0}, {"x": 148.0, "y": 104.0}]}, "description": "merchant phone"}, {"boundingPoly": {"vertices": [{"x": 84.0, "y": 50.0}, {"x": 127.0, "y": 50.0}, {"x": 127.0, "y": 66.0}, {"x": 84.0, "y": 66.0}]}, "description": "merchant address"}, {"boundingPoly": {"vertices": [{"x": 129.0, "y": 50.0}, {"x": 145.0, "y": 50.0}, {"x": 145.0, "y": 66.0}, {"x": 129.0, "y": 66.0}]}, "description": "merchant address"}, {"boundingPoly": {"vertices": [{"x": 245.0, "y": 49.0}, {"x": 292.0, "y": 49.0}, {"x": 292.0, "y": 65.0}, {"x": 245.0, "y": 65.0}]}, "description": "merchant address"}, {"boundingPoly": {"vertices": [{"x": 236.0, "y": 68.0}, {"x": 290.0, "y": 68.0}, {"x": 290.0, "y": 83.0}, {"x": 236.0, "y": 83.0}]}, "description": "merchant address"}, {"boundingPoly": {"vertices": [{"x": 295.0, "y": 49.0}, {"x": 319.0, "y": 49.0}, {"x": 319.0, "y": 65.0}, {"x": 295.0, "y": 65.0}]}, "description": "merchant address"}, {"boundingPoly": {"vertices": [{"x": 209.0, "y": 68.0}, {"x": 233.0, "y": 68.0}, {"x": 233.0, "y": 84.0}, {"x": 209.0, "y": 84.0}]}, "description": "merchant address"}, {"boundingPoly": {"vertices": [{"x": 126.0, "y": 128.0}, {"x": 228.0, "y": 128.0}, {"x": 228.0, "y": 154.0}, {"x": 126.0, "y": 154.0}]}, "description": " ORDER:"}, {"boundingPoly": {"vertices": [{"x": 151.0, "y": 164.0}, {"x": 244.0, "y": 163.0}, {"x": 244.0, "y": 189.0}, {"x": 151.0, "y": 190.0}]}, "description": "Dine In"}, {"boundingPoly": {"vertices": [{"x": 74.0, "y": 199.0}, {"x": 157.0, "y": 199.0}, {"x": 157.0, "y": 218.0}, {"x": 74.0, "y": 218.0}]}, "description": " SUmanth"}, {"boundingPoly": {"vertices": [{"x": 6.0, "y": 223.0}, {"x": 200.0, "y": 223.0}, {"x": 200.0, "y": 242.0}, {"x": 6.0, "y": 242.0}]}, "description": " 18 Oct 2019 12:37:18P"}, {"boundingPoly": {"vertices": [{"x": 232.0, "y": 128.0}, {"x": 268.0, "y": 128.0}, {"x": 268.0, "y": 154.0}, {"x": 232.0, "y": 154.0}]}, "description": " 87"}, {"boundingPoly": {"vertices": [{"x": 4.0, "y": 200.0}, {"x": 71.0, "y": 200.0}, {"x": 71.0, "y": 219.0}, {"x": 4.0, "y": 219.0}]}, "description": " Cashier."}, {"boundingPoly": {"vertices": [{"x": 10.0, "y": 258.0}, {"x": 171.0, "y": 257.0}, {"x": 171.0, "y": 276.0}, {"x": 10.0, "y": 276.0}]}, "description": "Transaction 008288"}, {"boundingPoly": {"vertices": [{"x": 13.0, "y": 303.0}, {"x": 150.0, "y": 305.0}, {"x": 150.0, "y": 323.0}, {"x": 13.0, "y": 321.0}]}, "description": "1 Paneer Dosa"}, {"boundingPoly": {"vertices": [{"x": 14.0, "y": 351.0}, {"x": 88.0, "y": 351.0}, {"x": 88.0, "y": 368.0}, {"x": 14.0, "y": 368.0}]}, "description": "Subtotal"}, {"boundingPoly": {"vertices": [{"x": 17.0, "y": 374.0}, {"x": 47.0, "y": 375.0}, {"x": 46.0, "y": 389.0}, {"x": 17.0, "y": 388.0}]}, "description": "Tax"}, {"boundingPoly": {"vertices": [{"x": 344.0, "y": 351.0}, {"x": 390.0, "y": 351.0}, {"x": 390.0, "y": 367.0}, {"x": 344.0, "y": 368.0}]}, "description": "$8.99"}, {"boundingPoly": {"vertices": [{"x": 344.0, "y": 373.0}, {"x": 390.0, "y": 372.0}, {"x": 389.0, "y": 389.0}, {"x": 344.0, "y": 390.0}]}, "description": "$0.77"}, {"boundingPoly": {"vertices": [{"x": 12.0, "y": 414.0}, {"x": 56.0, "y": 414.0}, {"x": 56.0, "y": 429.0}, {"x": 12.0, "y": 429.0}]}, "description": "Total"}, {"boundingPoly": {"vertices": [{"x": 343.0, "y": 411.0}, {"x": 391.0, "y": 411.0}, {"x": 391.0, "y": 427.0}, {"x": 343.0, "y": 427.0}]}, "description": "$9.76"}, {"boundingPoly": {"vertices": [{"x": 9.0, "y": 443.0}, {"x": 176.0, "y": 442.0}, {"x": 177.0, "y": 458.0}, {"x": 9.0, "y": 459.0}]}, "description": "CREDIT CARD AUTH"}, {"boundingPoly": {"vertices": [{"x": 8.0, "y": 466.0}, {"x": 58.0, "y": 466.0}, {"x": 58.0, "y": 484.0}, {"x": 8.0, "y": 484.0}]}, "description": " AMEX"}, {"boundingPoly": {"vertices": [{"x": 4.0, "y": 497.0}, {"x": 198.0, "y": 495.0}, {"x": 199.0, "y": 514.0}, {"x": 5.0, "y": 516.0}]}, "description": "18 Oct 2019 12.38.13P"}, {"boundingPoly": {"vertices": [{"x": 51.0, "y": 518.0}, {"x": 264.0, "y": 518.0}, {"x": 264.0, "y": 538.0}, {"x": 51.0, "y": 538.0}]}, "description": " | Method CONTACTLESS"}, {"boundingPoly": {"vertices": [{"x": 96.0, "y": 538.0}, {"x": 369.0, "y": 538.0}, {"x": 369.0, "y": 561.0}, {"x": 96.0, "y": 561.0}]}, "description": " EXPRESS XXXXXXXXXXXX1007"}, {"boundingPoly": {"vertices": [{"x": 56.0, "y": 563.0}, {"x": 332.0, "y": 563.0}, {"x": 332.0, "y": 584.0}, {"x": 56.0, "y": 584.0}]}, "description": " 929100583271 | Auth # 801636"}, {"boundingPoly": {"vertices": [{"x": 44.0, "y": 589.0}, {"x": 153.0, "y": 589.0}, {"x": 153.0, "y": 608.0}, {"x": 44.0, "y": 608.0}]}, "description": " ******** 1889"}, {"boundingPoly": {"vertices": [{"x": 42.0, "y": 612.0}, {"x": 217.0, "y": 612.0}, {"x": 217.0, "y": 630.0}, {"x": 42.0, "y": 630.0}]}, "description": " A000000025010801"}, {"boundingPoly": {"vertices": [{"x": 6.0, "y": 634.0}, {"x": 167.0, "y": 633.0}, {"x": 167.0, "y": 652.0}, {"x": 6.0, "y": 652.0}]}, "description": "AthNtwkNnTI AMEX"}, {"boundingPoly": {"vertices": [{"x": 93.0, "y": 666.0}, {"x": 303.0, "y": 666.0}, {"x": 303.0, "y": 694.0}, {"x": 93.0, "y": 694.0}]}, "description": "*** REPRINT ***"}, {"boundingPoly": {"vertices": [{"x": 342.0, "y": 440.0}, {"x": 390.0, "y": 439.0}, {"x": 390.0, "y": 456.0}, {"x": 343.0, "y": 456.0}]}, "description": "$9.76"}, {"boundingPoly": {"vertices": [{"x": 61.0, "y": 466.0}, {"x": 104.0, "y": 466.0}, {"x": 104.0, "y": 483.0}, {"x": 61.0, "y": 483.0}]}, "description": " 1007"}, {"boundingPoly": {"vertices": [{"x": 3.0, "y": 520.0}, {"x": 48.0, "y": 520.0}, {"x": 48.0, "y": 538.0}, {"x": 3.0, "y": 538.0}]}, "description": " $9.76"}, {"boundingPoly": {"vertices": [{"x": 4.0, "y": 543.0}, {"x": 93.0, "y": 543.0}, {"x": 93.0, "y": 562.0}, {"x": 4.0, "y": 562.0}]}, "description": " AMERICAN"}, {"boundingPoly": {"vertices": [{"x": 4.0, "y": 566.0}, {"x": 53.0, "y": 566.0}, {"x": 53.0, "y": 584.0}, {"x": 4.0, "y": 584.0}]}, "description": " Ref #:"}, {"boundingPoly": {"vertices": [{"x": 12.0, "y": 589.0}, {"x": 41.0, "y": 589.0}, {"x": 41.0, "y": 609.0}, {"x": 12.0, "y": 609.0}]}, "description": " MID:"}, {"boundingPoly": {"vertices": [{"x": 5.0, "y": 613.0}, {"x": 39.0, "y": 613.0}, {"x": 39.0, "y": 630.0}, {"x": 5.0, "y": 630.0}]}, "description": " AID:"}, {"boundingPoly": {"vertices": [{"x": 9.0, "y": 725.0}, {"x": 213.0, "y": 725.0}, {"x": 213.0, "y": 743.0}, {"x": 9.0, "y": 744.0}]}, "description": "Order W4CZHDNY2JH00"}]}