{"textAnnotations": [{"boundingPoly": {"vertices": [{"x": 588.0, "y": 11.0}, {"x": 1163.0, "y": 0.0}, {"x": 1165.0, "y": 39.0}, {"x": 589.0, "y": 57.0}]}, "description": "684 Avenue of the Amer"}, {"boundingPoly": {"vertices": [{"x": 583.0, "y": 63.0}, {"x": 1291.0, "y": 26.0}, {"x": 1294.0, "y": 81.0}, {"x": 583.0, "y": 111.0}]}, "description": "merchant phone"}, {"boundingPoly": {"vertices": [{"x": 812.0, "y": 160.0}, {"x": 1078.0, "y": 150.0}, {"x": 1080.0, "y": 200.0}, {"x": 813.0, "y": 212.0}]}, "description": "CHK 718738"}, {"boundingPoly": {"vertices": [{"x": 1041.0, "y": 257.0}, {"x": 1246.0, "y": 257.0}, {"x": 1246.0, "y": 316.0}, {"x": 1041.0, "y": 316.0}]}, "description": " 1 Reg:"}, {"boundingPoly": {"vertices": [{"x": 679.0, "y": 203.0}, {"x": 1182.0, "y": 203.0}, {"x": 1182.0, "y": 274.0}, {"x": 679.0, "y": 274.0}]}, "description": " 11/23/2019 10:32 AM"}, {"boundingPoly": {"vertices": [{"x": 566.0, "y": 282.0}, {"x": 755.0, "y": 275.0}, {"x": 756.0, "y": 326.0}, {"x": 568.0, "y": 333.0}]}, "description": "2767175"}, {"boundingPoly": {"vertices": [{"x": 830.0, "y": 267.0}, {"x": 1032.0, "y": 267.0}, {"x": 1032.0, "y": 323.0}, {"x": 830.0, "y": 323.0}]}, "description": " Drawer:"}, {"boundingPoly": {"vertices": [{"x": 1255.0, "y": 255.0}, {"x": 1283.0, "y": 255.0}, {"x": 1283.0, "y": 306.0}, {"x": 1255.0, "y": 306.0}]}, "description": " 1"}, {"boundingPoly": {"vertices": [{"x": 487.0, "y": 402.0}, {"x": 831.0, "y": 392.0}, {"x": 832.0, "y": 443.0}, {"x": 487.0, "y": 451.0}]}, "description": "Gr Cappuccino"}, {"boundingPoly": {"vertices": [{"x": 1226.0, "y": 370.0}, {"x": 1342.0, "y": 367.0}, {"x": 1340.0, "y": 423.0}, {"x": 1227.0, "y": 423.0}]}, "description": "4.65"}, {"boundingPoly": {"vertices": [{"x": 1220.0, "y": 430.0}, {"x": 1343.0, "y": 429.0}, {"x": 1338.0, "y": 482.0}, {"x": 1220.0, "y": 487.0}]}, "description": "3.25"}, {"boundingPoly": {"vertices": [{"x": 1219.0, "y": 490.0}, {"x": 1344.0, "y": 490.0}, {"x": 1344.0, "y": 546.0}, {"x": 1220.0, "y": 548.0}]}, "description": "2.45"}, {"boundingPoly": {"vertices": [{"x": 480.0, "y": 460.0}, {"x": 911.0, "y": 447.0}, {"x": 912.0, "y": 497.0}, {"x": 481.0, "y": 511.0}]}, "description": "Banana Nut Bread"}, {"boundingPoly": {"vertices": [{"x": 470.0, "y": 515.0}, {"x": 931.0, "y": 507.0}, {"x": 932.0, "y": 559.0}, {"x": 471.0, "y": 569.0}]}, "description": "Vanilla Madeleine"}, {"boundingPoly": {"vertices": [{"x": 467.0, "y": 642.0}, {"x": 577.0, "y": 639.0}, {"x": 577.0, "y": 686.0}, {"x": 467.0, "y": 687.0}]}, "description": "Amex"}, {"boundingPoly": {"vertices": [{"x": 457.0, "y": 695.0}, {"x": 900.0, "y": 690.0}, {"x": 901.0, "y": 744.0}, {"x": 458.0, "y": 749.0}]}, "description": "XXXXXXXXXXXX1006"}, {"boundingPoly": {"vertices": [{"x": 773.0, "y": 747.0}, {"x": 1059.0, "y": 747.0}, {"x": 1059.0, "y": 811.0}, {"x": 773.0, "y": 811.0}]}, "description": " QUICK CHIP"}, {"boundingPoly": {"vertices": [{"x": 773.0, "y": 815.0}, {"x": 1007.0, "y": 815.0}, {"x": 1007.0, "y": 876.0}, {"x": 773.0, "y": 876.0}]}, "description": " PURCHASE"}, {"boundingPoly": {"vertices": [{"x": 796.0, "y": 878.0}, {"x": 1033.0, "y": 878.0}, {"x": 1033.0, "y": 939.0}, {"x": 796.0, "y": 939.0}]}, "description": " 00000053"}, {"boundingPoly": {"vertices": [{"x": 738.0, "y": 940.0}, {"x": 1202.0, "y": 940.0}, {"x": 1202.0, "y": 1005.0}, {"x": 738.0, "y": 1005.0}]}, "description": " AMERICAN EXPRESS"}, {"boundingPoly": {"vertices": [{"x": 652.0, "y": 1015.0}, {"x": 825.0, "y": 1015.0}, {"x": 825.0, "y": 1071.0}, {"x": 652.0, "y": 1071.0}]}, "description": " 854719"}, {"boundingPoly": {"vertices": [{"x": 566.0, "y": 1077.0}, {"x": 1026.0, "y": 1077.0}, {"x": 1026.0, "y": 1138.0}, {"x": 566.0, "y": 1138.0}]}, "description": " A000000025010801"}, {"boundingPoly": {"vertices": [{"x": 563.0, "y": 1148.0}, {"x": 855.0, "y": 1148.0}, {"x": 855.0, "y": 1205.0}, {"x": 563.0, "y": 1205.0}]}, "description": " 0000008000"}, {"boundingPoly": {"vertices": [{"x": 559.0, "y": 1214.0}, {"x": 678.0, "y": 1214.0}, {"x": 678.0, "y": 1274.0}, {"x": 559.0, "y": 1274.0}]}, "description": " E800"}, {"boundingPoly": {"vertices": [{"x": 1202.0, "y": 617.0}, {"x": 1342.0, "y": 613.0}, {"x": 1344.0, "y": 668.0}, {"x": 1204.0, "y": 674.0}]}, "description": "10.76"}, {"boundingPoly": {"vertices": [{"x": 454.0, "y": 753.0}, {"x": 762.0, "y": 753.0}, {"x": 762.0, "y": 812.0}, {"x": 454.0, "y": 812.0}]}, "description": " Card Entry:"}, {"boundingPoly": {"vertices": [{"x": 452.0, "y": 816.0}, {"x": 763.0, "y": 816.0}, {"x": 763.0, "y": 876.0}, {"x": 452.0, "y": 876.0}]}, "description": " Trans Type:"}, {"boundingPoly": {"vertices": [{"x": 445.0, "y": 883.0}, {"x": 787.0, "y": 883.0}, {"x": 787.0, "y": 941.0}, {"x": 445.0, "y": 941.0}]}, "description": " Reference #:"}, {"boundingPoly": {"vertices": [{"x": 443.0, "y": 947.0}, {"x": 727.0, "y": 947.0}, {"x": 727.0, "y": 1008.0}, {"x": 443.0, "y": 1008.0}]}, "description": " App Label:"}, {"boundingPoly": {"vertices": [{"x": 438.0, "y": 1016.0}, {"x": 641.0, "y": 1016.0}, {"x": 641.0, "y": 1072.0}, {"x": 438.0, "y": 1072.0}]}, "description": " Auth #:"}, {"boundingPoly": {"vertices": [{"x": 429.0, "y": 1082.0}, {"x": 555.0, "y": 1082.0}, {"x": 555.0, "y": 1138.0}, {"x": 429.0, "y": 1138.0}]}, "description": " AID:"}, {"boundingPoly": {"vertices": [{"x": 430.0, "y": 1148.0}, {"x": 553.0, "y": 1148.0}, {"x": 553.0, "y": 1205.0}, {"x": 430.0, "y": 1205.0}]}, "description": " TVR:"}, {"boundingPoly": {"vertices": [{"x": 423.0, "y": 1215.0}, {"x": 550.0, "y": 1215.0}, {"x": 550.0, "y": 1274.0}, {"x": 423.0, "y": 1274.0}]}, "description": " TSI:"}, {"boundingPoly": {"vertices": [{"x": 413.0, "y": 1345.0}, {"x": 645.0, "y": 1347.0}, {"x": 645.0, "y": 1409.0}, {"x": 413.0, "y": 1408.0}]}, "description": "Subtotal"}, {"boundingPoly": {"vertices": [{"x": 413.0, "y": 1422.0}, {"x": 701.0, "y": 1421.0}, {"x": 701.0, "y": 1480.0}, {"x": 413.0, "y": 1481.0}]}, "description": "Tax 8.875%"}, {"boundingPoly": {"vertices": [{"x": 409.0, "y": 1490.0}, {"x": 550.0, "y": 1491.0}, {"x": 547.0, "y": 1549.0}, {"x": 408.0, "y": 1549.0}]}, "description": "Total"}, {"boundingPoly": {"vertices": [{"x": 310.0, "y": 1561.0}, {"x": 889.0, "y": 1565.0}, {"x": 889.0, "y": 1626.0}, {"x": 310.0, "y": 1622.0}]}, "description": "Change Due"}, {"boundingPoly": {"vertices": [{"x": 1128.0, "y": 1345.0}, {"x": 1313.0, "y": 1346.0}, {"x": 1310.0, "y": 1405.0}, {"x": 1129.0, "y": 1409.0}]}, "description": "$10.35"}, {"boundingPoly": {"vertices": [{"x": 1155.0, "y": 1421.0}, {"x": 1309.0, "y": 1423.0}, {"x": 1306.0, "y": 1481.0}, {"x": 1155.0, "y": 1483.0}]}, "description": "$0.41"}, {"boundingPoly": {"vertices": [{"x": 1124.0, "y": 1490.0}, {"x": 1316.0, "y": 1490.0}, {"x": 1315.0, "y": 1556.0}, {"x": 1124.0, "y": 1553.0}]}, "description": "$10.76"}, {"boundingPoly": {"vertices": [{"x": 1186.0, "y": 1564.0}, {"x": 1496.0, "y": 1564.0}, {"x": 1496.0, "y": 1631.0}, {"x": 1186.0, "y": 1631.0}]}, "description": "$0.00"}, {"boundingPoly": {"vertices": [{"x": 505.0, "y": 1706.0}, {"x": 1091.0, "y": 1709.0}, {"x": 1091.0, "y": 1771.0}, {"x": 504.0, "y": 1766.0}]}, "description": "---- Check Closed --"}, {"boundingPoly": {"vertices": [{"x": 593.0, "y": 1779.0}, {"x": 1168.0, "y": 1779.0}, {"x": 1168.0, "y": 1851.0}, {"x": 593.0, "y": 1851.0}]}, "description": " 11/23/2019 10:32 AM"}, {"boundingPoly": {"vertices": [{"x": 504.0, "y": 2162.0}, {"x": 1256.0, "y": 2183.0}, {"x": 1254.0, "y": 2255.0}, {"x": 504.0, "y": 2228.0}]}, "description": "Join our loyalty program"}, {"boundingPoly": {"vertices": [{"x": 397.0, "y": 2314.0}, {"x": 1354.0, "y": 2346.0}, {"x": 1352.0, "y": 2420.0}, {"x": 395.0, "y": 2387.0}]}, "description": "Sign up for promotional emails"}, {"boundingPoly": {"vertices": [{"x": 538.0, "y": 2483.0}, {"x": 1159.0, "y": 2512.0}, {"x": 1155.0, "y": 2584.0}, {"x": 537.0, "y": 2553.0}]}, "description": "Or download our app"}, {"boundingPoly": {"vertices": [{"x": 472.0, "y": 2651.0}, {"x": 1225.0, "y": 2687.0}, {"x": 1221.0, "y": 2767.0}, {"x": 469.0, "y": 2723.0}]}, "description": "Some restrictions apply"}, {"boundingPoly": {"vertices": [{"x": 342.0, "y": 2788.0}, {"x": 813.0, "y": 2788.0}, {"x": 813.0, "y": 2846.0}, {"x": 342.0, "y": 2845.0}]}, "description": "MI DUAL CAMERA"}, {"boundingPoly": {"vertices": [{"x": 585.0, "y": 2240.0}, {"x": 1155.0, "y": 2255.0}, {"x": 1154.0, "y": 2323.0}, {"x": 583.0, "y": 2314.0}]}, "description": "Starbucks Rewards\u00ae"}, {"boundingPoly": {"vertices": [{"x": 434.0, "y": 2395.0}, {"x": 1287.0, "y": 2431.0}, {"x": 1283.0, "y": 2505.0}, {"x": 433.0, "y": 2466.0}]}, "description": "Visit Starbucks.com/rewards"}, {"boundingPoly": {"vertices": [{"x": 482.0, "y": 2565.0}, {"x": 1219.0, "y": 2599.0}, {"x": 1215.0, "y": 2670.0}, {"x": 480.0, "y": 2637.0}]}, "description": "At participating stores"}, {"boundingPoly": {"vertices": [{"x": 349.0, "y": 2713.0}, {"x": 867.0, "y": 2711.0}, {"x": 867.0, "y": 2774.0}, {"x": 349.0, "y": 2775.0}]}, "description": "REDMI NOTE 5 PRO"}]}