{"textAnnotations": [{"boundingPoly": {"vertices": [{"x": 317.0, "y": 205.0}, {"x": 540.0, "y": 204.0}, {"x": 540.0, "y": 255.0}, {"x": 317.0, "y": 256.0}]}, "description": "merchant name"}, {"boundingPoly": {"vertices": [{"x": 329.0, "y": 308.0}, {"x": 521.0, "y": 306.0}, {"x": 521.0, "y": 333.0}, {"x": 329.0, "y": 335.0}]}, "description": "E - 480-419.33"}, {"boundingPoly": {"vertices": [{"x": 290.0, "y": 354.0}, {"x": 397.0, "y": 354.0}, {"x": 397.0, "y": 383.0}, {"x": 290.0, "y": 383.0}]}, "description": " ORDER #:"}, {"boundingPoly": {"vertices": [{"x": 402.0, "y": 356.0}, {"x": 473.0, "y": 356.0}, {"x": 473.0, "y": 383.0}, {"x": 402.0, "y": 383.0}]}, "description": " 88492"}, {"boundingPoly": {"vertices": [{"x": 308.0, "y": 499.0}, {"x": 383.0, "y": 499.0}, {"x": 383.0, "y": 535.0}, {"x": 308.0, "y": 535.0}]}, "description": " BF -"}, {"boundingPoly": {"vertices": [{"x": 314.0, "y": 534.0}, {"x": 476.0, "y": 534.0}, {"x": 476.0, "y": 559.0}, {"x": 314.0, "y": 560.0}]}, "description": "GRANDE LATTE"}, {"boundingPoly": {"vertices": [{"x": 388.0, "y": 511.0}, {"x": 472.0, "y": 511.0}, {"x": 472.0, "y": 539.0}, {"x": 388.0, "y": 539.0}]}, "description": " Orange"}, {"boundingPoly": {"vertices": [{"x": 509.0, "y": 493.0}, {"x": 524.0, "y": 492.0}, {"x": 523.0, "y": 509.0}, {"x": 508.0, "y": 509.0}]}, "description": "T"}, {"boundingPoly": {"vertices": [{"x": 507.0, "y": 515.0}, {"x": 527.0, "y": 516.0}, {"x": 526.0, "y": 534.0}, {"x": 506.0, "y": 532.0}]}, "description": "N"}, {"boundingPoly": {"vertices": [{"x": 508.0, "y": 536.0}, {"x": 525.0, "y": 538.0}, {"x": 524.0, "y": 554.0}, {"x": 507.0, "y": 552.0}]}, "description": "T"}, {"boundingPoly": {"vertices": [{"x": 571.0, "y": 489.0}, {"x": 642.0, "y": 489.0}, {"x": 642.0, "y": 513.0}, {"x": 571.0, "y": 513.0}]}, "description": "$2.95"}, {"boundingPoly": {"vertices": [{"x": 573.0, "y": 512.0}, {"x": 644.0, "y": 511.0}, {"x": 644.0, "y": 534.0}, {"x": 574.0, "y": 535.0}]}, "description": "$3.95"}, {"boundingPoly": {"vertices": [{"x": 573.0, "y": 535.0}, {"x": 643.0, "y": 535.0}, {"x": 644.0, "y": 558.0}, {"x": 573.0, "y": 559.0}]}, "description": "$5.05"}, {"boundingPoly": {"vertices": [{"x": 286.0, "y": 607.0}, {"x": 387.0, "y": 607.0}, {"x": 387.0, "y": 633.0}, {"x": 286.0, "y": 633.0}]}, "description": " 8.6000%"}, {"boundingPoly": {"vertices": [{"x": 392.0, "y": 608.0}, {"x": 426.0, "y": 608.0}, {"x": 426.0, "y": 632.0}, {"x": 392.0, "y": 632.0}]}, "description": " on"}, {"boundingPoly": {"vertices": [{"x": 419.0, "y": 583.0}, {"x": 524.0, "y": 583.0}, {"x": 524.0, "y": 607.0}, {"x": 419.0, "y": 606.0}]}, "description": "SUBTOTAL"}, {"boundingPoly": {"vertices": [{"x": 457.0, "y": 607.0}, {"x": 528.0, "y": 606.0}, {"x": 528.0, "y": 630.0}, {"x": 457.0, "y": 631.0}]}, "description": "$8.00"}, {"boundingPoly": {"vertices": [{"x": 561.0, "y": 583.0}, {"x": 645.0, "y": 582.0}, {"x": 645.0, "y": 606.0}, {"x": 561.0, "y": 608.0}]}, "description": "$11.95"}, {"boundingPoly": {"vertices": [{"x": 572.0, "y": 607.0}, {"x": 643.0, "y": 607.0}, {"x": 644.0, "y": 629.0}, {"x": 573.0, "y": 630.0}]}, "description": "$0.69"}, {"boundingPoly": {"vertices": [{"x": 460.0, "y": 655.0}, {"x": 524.0, "y": 654.0}, {"x": 524.0, "y": 677.0}, {"x": 460.0, "y": 678.0}]}, "description": "TOTAL"}, {"boundingPoly": {"vertices": [{"x": 302.0, "y": 678.0}, {"x": 526.0, "y": 677.0}, {"x": 526.0, "y": 701.0}, {"x": 302.0, "y": 703.0}]}, "description": "*1007 AMEX CHARGE"}, {"boundingPoly": {"vertices": [{"x": 380.0, "y": 701.0}, {"x": 424.0, "y": 701.0}, {"x": 424.0, "y": 727.0}, {"x": 380.0, "y": 727.0}]}, "description": " AID"}, {"boundingPoly": {"vertices": [{"x": 563.0, "y": 654.0}, {"x": 644.0, "y": 653.0}, {"x": 644.0, "y": 677.0}, {"x": 563.0, "y": 678.0}]}, "description": "$12.64"}, {"boundingPoly": {"vertices": [{"x": 561.0, "y": 677.0}, {"x": 645.0, "y": 677.0}, {"x": 645.0, "y": 700.0}, {"x": 561.0, "y": 700.0}]}, "description": "$12.64"}, {"boundingPoly": {"vertices": [{"x": 429.0, "y": 700.0}, {"x": 643.0, "y": 700.0}, {"x": 643.0, "y": 725.0}, {"x": 429.0, "y": 725.0}]}, "description": " A000000005010201"}, {"boundingPoly": {"vertices": [{"x": 381.0, "y": 723.0}, {"x": 593.0, "y": 720.0}, {"x": 593.0, "y": 747.0}, {"x": 381.0, "y": 749.0}]}, "description": "AMERICAN EXPRESS"}, {"boundingPoly": {"vertices": [{"x": 183.0, "y": 799.0}, {"x": 478.0, "y": 799.0}, {"x": 478.0, "y": 826.0}, {"x": 183.0, "y": 826.0}]}, "description": " -9313-1360-0158-8492-2"}, {"boundingPoly": {"vertices": [{"x": 482.0, "y": 798.0}, {"x": 685.0, "y": 798.0}, {"x": 685.0, "y": 826.0}, {"x": 482.0, "y": 826.0}]}, "description": " VCD#752-258-942"}, {"boundingPoly": {"vertices": [{"x": 322.0, "y": 998.0}, {"x": 542.0, "y": 997.0}, {"x": 542.0, "y": 1048.0}, {"x": 322.0, "y": 1049.0}]}, "description": "TARGET"}, {"boundingPoly": {"vertices": [{"x": 329.0, "y": 1048.0}, {"x": 539.0, "y": 1048.0}, {"x": 539.0, "y": 1073.0}, {"x": 329.0, "y": 1073.0}]}, "description": " EXPECT MICRE PAY LESS:"}]}