{"textAnnotations": [{"boundingPoly": {"vertices": [{"x": 1110.0, "y": 430.0}, {"x": 1258.0, "y": 430.0}, {"x": 1258.0, "y": 461.0}, {"x": 1110.0, "y": 461.0}]}, "description": "merchant name"}, {"boundingPoly": {"vertices": [{"x": 976.0, "y": 461.0}, {"x": 1166.0, "y": 461.0}, {"x": 1166.0, "y": 496.0}, {"x": 976.0, "y": 496.0}]}, "description": "merchant address"}, {"boundingPoly": {"vertices": [{"x": 1043.0, "y": 496.0}, {"x": 1280.0, "y": 496.0}, {"x": 1280.0, "y": 530.0}, {"x": 1043.0, "y": 530.0}]}, "description": "merchant address"}, {"boundingPoly": {"vertices": [{"x": 1078.0, "y": 528.0}, {"x": 1275.0, "y": 528.0}, {"x": 1275.0, "y": 559.0}, {"x": 1078.0, "y": 559.0}]}, "description": "merchant phone"}, {"boundingPoly": {"vertices": [{"x": 1172.0, "y": 462.0}, {"x": 1198.0, "y": 462.0}, {"x": 1198.0, "y": 496.0}, {"x": 1172.0, "y": 496.0}]}, "description": "merchant address"}, {"boundingPoly": {"vertices": [{"x": 1204.0, "y": 463.0}, {"x": 1247.0, "y": 463.0}, {"x": 1247.0, "y": 497.0}, {"x": 1204.0, "y": 497.0}]}, "description": "merchant address"}, {"boundingPoly": {"vertices": [{"x": 1252.0, "y": 463.0}, {"x": 1388.0, "y": 463.0}, {"x": 1388.0, "y": 497.0}, {"x": 1252.0, "y": 497.0}]}, "description": "merchant address"}, {"boundingPoly": {"vertices": [{"x": 1286.0, "y": 496.0}, {"x": 1323.0, "y": 496.0}, {"x": 1323.0, "y": 530.0}, {"x": 1286.0, "y": 530.0}]}, "description": "merchant address"}, {"boundingPoly": {"vertices": [{"x": 1328.0, "y": 566.0}, {"x": 1427.0, "y": 567.0}, {"x": 1427.0, "y": 590.0}, {"x": 1328.0, "y": 590.0}]}, "description": "======"}, {"boundingPoly": {"vertices": [{"x": 877.0, "y": 592.0}, {"x": 1001.0, "y": 592.0}, {"x": 1001.0, "y": 632.0}, {"x": 877.0, "y": 632.0}]}, "description": " Table"}, {"boundingPoly": {"vertices": [{"x": 1008.0, "y": 591.0}, {"x": 1097.0, "y": 591.0}, {"x": 1097.0, "y": 634.0}, {"x": 1008.0, "y": 634.0}]}, "description": " : Y1"}, {"boundingPoly": {"vertices": [{"x": 873.0, "y": 669.0}, {"x": 1241.0, "y": 669.0}, {"x": 1241.0, "y": 703.0}, {"x": 873.0, "y": 703.0}]}, "description": " Nov-03-2019 7:15:57 PM"}, {"boundingPoly": {"vertices": [{"x": 878.0, "y": 770.0}, {"x": 896.0, "y": 771.0}, {"x": 896.0, "y": 796.0}, {"x": 878.0, "y": 795.0}]}, "description": "1"}, {"boundingPoly": {"vertices": [{"x": 924.0, "y": 769.0}, {"x": 1181.0, "y": 769.0}, {"x": 1181.0, "y": 804.0}, {"x": 924.0, "y": 804.0}]}, "description": " Stinky Tofu Hot"}, {"boundingPoly": {"vertices": [{"x": 1186.0, "y": 770.0}, {"x": 1256.0, "y": 770.0}, {"x": 1256.0, "y": 806.0}, {"x": 1186.0, "y": 806.0}]}, "description": " Soup"}, {"boundingPoly": {"vertices": [{"x": 1345.0, "y": 772.0}, {"x": 1425.0, "y": 772.0}, {"x": 1427.0, "y": 801.0}, {"x": 1345.0, "y": 801.0}]}, "description": "15.99"}, {"boundingPoly": {"vertices": [{"x": 927.0, "y": 801.0}, {"x": 1143.0, "y": 799.0}, {"x": 1143.0, "y": 832.0}, {"x": 928.0, "y": 834.0}]}, "description": "#5 \u53f0\u5f0f\u660a\u660a\u934b"}, {"boundingPoly": {"vertices": [{"x": 926.0, "y": 836.0}, {"x": 998.0, "y": 838.0}, {"x": 996.0, "y": 865.0}, {"x": 924.0, "y": 864.0}]}, "description": "Coke"}, {"boundingPoly": {"vertices": [{"x": 930.0, "y": 863.0}, {"x": 996.0, "y": 865.0}, {"x": 993.0, "y": 897.0}, {"x": 928.0, "y": 892.0}]}, "description": "\u53ef\u6a02"}, {"boundingPoly": {"vertices": [{"x": 878.0, "y": 835.0}, {"x": 895.0, "y": 835.0}, {"x": 894.0, "y": 859.0}, {"x": 877.0, "y": 859.0}]}, "description": "1"}, {"boundingPoly": {"vertices": [{"x": 1358.0, "y": 841.0}, {"x": 1425.0, "y": 841.0}, {"x": 1424.0, "y": 867.0}, {"x": 1358.0, "y": 869.0}]}, "description": "1.99"}, {"boundingPoly": {"vertices": [{"x": 1071.0, "y": 931.0}, {"x": 1209.0, "y": 933.0}, {"x": 1208.0, "y": 964.0}, {"x": 1070.0, "y": 961.0}]}, "description": "Subtotal"}, {"boundingPoly": {"vertices": [{"x": 1073.0, "y": 962.0}, {"x": 1125.0, "y": 962.0}, {"x": 1124.0, "y": 997.0}, {"x": 1073.0, "y": 997.0}]}, "description": "HST"}, {"boundingPoly": {"vertices": [{"x": 1346.0, "y": 935.0}, {"x": 1423.0, "y": 936.0}, {"x": 1421.0, "y": 965.0}, {"x": 1346.0, "y": 964.0}]}, "description": "17.98"}, {"boundingPoly": {"vertices": [{"x": 1351.0, "y": 968.0}, {"x": 1417.0, "y": 967.0}, {"x": 1417.0, "y": 997.0}, {"x": 1352.0, "y": 999.0}]}, "description": "2. 34"}, {"boundingPoly": {"vertices": [{"x": 873.0, "y": 1026.0}, {"x": 996.0, "y": 1026.0}, {"x": 996.0, "y": 1072.0}, {"x": 873.0, "y": 1072.0}]}, "description": " Total"}, {"boundingPoly": {"vertices": [{"x": 1004.0, "y": 1028.0}, {"x": 1028.0, "y": 1028.0}, {"x": 1028.0, "y": 1072.0}, {"x": 1004.0, "y": 1072.0}]}, "description": " :"}, {"boundingPoly": {"vertices": [{"x": 1114.0, "y": 1029.0}, {"x": 1227.0, "y": 1031.0}, {"x": 1229.0, "y": 1070.0}, {"x": 1113.0, "y": 1069.0}]}, "description": "20. 30"}, {"boundingPoly": {"vertices": [{"x": 887.0, "y": 1208.0}, {"x": 983.0, "y": 1208.0}, {"x": 983.0, "y": 1238.0}, {"x": 887.0, "y": 1238.0}]}, "description": " phone#"}, {"boundingPoly": {"vertices": [{"x": 988.0, "y": 1209.0}, {"x": 1022.0, "y": 1209.0}, {"x": 1022.0, "y": 1236.0}, {"x": 988.0, "y": 1236.0}]}, "description": " : ("}, {"boundingPoly": {"vertices": [{"x": 971.0, "y": 1273.0}, {"x": 1407.0, "y": 1275.0}, {"x": 1406.0, "y": 1300.0}, {"x": 971.0, "y": 1297.0}]}, "description": "**************************"}, {"boundingPoly": {"vertices": [{"x": 986.0, "y": 1302.0}, {"x": 1320.0, "y": 1307.0}, {"x": 1319.0, "y": 1338.0}, {"x": 986.0, "y": 1334.0}]}, "description": "THANK YOU FOR COMING"}, {"boundingPoly": {"vertices": [{"x": 1001.0, "y": 1337.0}, {"x": 1285.0, "y": 1338.0}, {"x": 1285.0, "y": 1369.0}, {"x": 1001.0, "y": 1368.0}]}, "description": "PLEASE COME AGAIN"}, {"boundingPoly": {"vertices": [{"x": 1087.0, "y": 1371.0}, {"x": 1206.0, "y": 1373.0}, {"x": 1206.0, "y": 1400.0}, {"x": 1086.0, "y": 1398.0}]}, "description": "ARIGATO"}, {"boundingPoly": {"vertices": [{"x": 937.0, "y": 1405.0}, {"x": 1372.0, "y": 1408.0}, {"x": 1372.0, "y": 1433.0}, {"x": 937.0, "y": 1430.0}]}, "description": "**************************"}]}