{"textAnnotations": [{"boundingPoly": {"vertices": [{"x": 979.0, "y": 22.0}, {"x": 1213.0, "y": 30.0}, {"x": 1212.0, "y": 76.0}, {"x": 979.0, "y": 72.0}]}, "description": "merchant name"}, {"boundingPoly": {"vertices": [{"x": 945.0, "y": 74.0}, {"x": 1234.0, "y": 89.0}, {"x": 1233.0, "y": 125.0}, {"x": 943.0, "y": 111.0}]}, "description": "merchant name"}, {"boundingPoly": {"vertices": [{"x": 812.0, "y": 152.0}, {"x": 1356.0, "y": 170.0}, {"x": 1354.0, "y": 212.0}, {"x": 812.0, "y": 193.0}]}, "description": "merchant address"}, {"boundingPoly": {"vertices": [{"x": 866.0, "y": 232.0}, {"x": 919.0, "y": 232.0}, {"x": 919.0, "y": 274.0}, {"x": 866.0, "y": 274.0}]}, "description": " Tel:"}, {"boundingPoly": {"vertices": [{"x": 902.0, "y": 277.0}, {"x": 972.0, "y": 277.0}, {"x": 972.0, "y": 317.0}, {"x": 902.0, "y": 317.0}]}, "description": " Fax:"}, {"boundingPoly": {"vertices": [{"x": 952.0, "y": 114.0}, {"x": 1231.0, "y": 126.0}, {"x": 1229.0, "y": 162.0}, {"x": 950.0, "y": 152.0}]}, "description": "merchant address"}, {"boundingPoly": {"vertices": [{"x": 907.0, "y": 194.0}, {"x": 1270.0, "y": 209.0}, {"x": 1269.0, "y": 247.0}, {"x": 905.0, "y": 231.0}]}, "description": "merchant address"}, {"boundingPoly": {"vertices": [{"x": 926.0, "y": 234.0}, {"x": 1294.0, "y": 234.0}, {"x": 1294.0, "y": 290.0}, {"x": 926.0, "y": 290.0}]}, "description": "merchant phone"}, {"boundingPoly": {"vertices": [{"x": 981.0, "y": 331.0}, {"x": 1156.0, "y": 339.0}, {"x": 1154.0, "y": 386.0}, {"x": 979.0, "y": 378.0}]}, "description": "Dine In"}, {"boundingPoly": {"vertices": [{"x": 1067.0, "y": 388.0}, {"x": 1213.0, "y": 388.0}, {"x": 1213.0, "y": 437.0}, {"x": 1067.0, "y": 437.0}]}, "description": " 10:18PM"}, {"boundingPoly": {"vertices": [{"x": 978.0, "y": 277.0}, {"x": 1247.0, "y": 277.0}, {"x": 1247.0, "y": 326.0}, {"x": 978.0, "y": 326.0}]}, "description": " (212) 227-8655"}, {"boundingPoly": {"vertices": [{"x": 666.0, "y": 374.0}, {"x": 758.0, "y": 374.0}, {"x": 758.0, "y": 421.0}, {"x": 666.0, "y": 421.0}]}, "description": " Date:"}, {"boundingPoly": {"vertices": [{"x": 660.0, "y": 439.0}, {"x": 782.0, "y": 439.0}, {"x": 782.0, "y": 484.0}, {"x": 660.0, "y": 484.0}]}, "description": " Server:"}, {"boundingPoly": {"vertices": [{"x": 662.0, "y": 490.0}, {"x": 805.0, "y": 490.0}, {"x": 805.0, "y": 544.0}, {"x": 662.0, "y": 544.0}]}, "description": " TAB#:"}, {"boundingPoly": {"vertices": [{"x": 652.0, "y": 543.0}, {"x": 861.0, "y": 543.0}, {"x": 861.0, "y": 593.0}, {"x": 652.0, "y": 593.0}]}, "description": " No. of Guest"}, {"boundingPoly": {"vertices": [{"x": 734.0, "y": 622.0}, {"x": 768.0, "y": 622.0}, {"x": 768.0, "y": 670.0}, {"x": 734.0, "y": 670.0}]}, "description": " 1"}, {"boundingPoly": {"vertices": [{"x": 765.0, "y": 377.0}, {"x": 1059.0, "y": 377.0}, {"x": 1059.0, "y": 431.0}, {"x": 765.0, "y": 431.0}]}, "description": " 11-18-2019 Time:"}, {"boundingPoly": {"vertices": [{"x": 788.0, "y": 443.0}, {"x": 884.0, "y": 443.0}, {"x": 884.0, "y": 485.0}, {"x": 788.0, "y": 485.0}]}, "description": " BOSS"}, {"boundingPoly": {"vertices": [{"x": 1379.0, "y": 396.0}, {"x": 1488.0, "y": 399.0}, {"x": 1485.0, "y": 446.0}, {"x": 1379.0, "y": 443.0}]}, "description": "# 73"}, {"boundingPoly": {"vertices": [{"x": 815.0, "y": 495.0}, {"x": 912.0, "y": 495.0}, {"x": 912.0, "y": 552.0}, {"x": 815.0, "y": 552.0}]}, "description": " 41 .."}, {"boundingPoly": {"vertices": [{"x": 870.0, "y": 553.0}, {"x": 912.0, "y": 553.0}, {"x": 912.0, "y": 595.0}, {"x": 870.0, "y": 595.0}]}, "description": " : 1"}, {"boundingPoly": {"vertices": [{"x": 776.0, "y": 624.0}, {"x": 1067.0, "y": 624.0}, {"x": 1067.0, "y": 682.0}, {"x": 776.0, "y": 682.0}]}, "description": " Dinner Veg Thali"}, {"boundingPoly": {"vertices": [{"x": 1400.0, "y": 657.0}, {"x": 1506.0, "y": 658.0}, {"x": 1505.0, "y": 691.0}, {"x": 1400.0, "y": 690.0}]}, "description": "20.99"}, {"boundingPoly": {"vertices": [{"x": 1357.0, "y": 715.0}, {"x": 1503.0, "y": 715.0}, {"x": 1503.0, "y": 755.0}, {"x": 1357.0, "y": 755.0}]}, "description": " : 20.99"}, {"boundingPoly": {"vertices": [{"x": 1373.0, "y": 757.0}, {"x": 1503.0, "y": 757.0}, {"x": 1503.0, "y": 802.0}, {"x": 1373.0, "y": 802.0}]}, "description": " : 1.86"}, {"boundingPoly": {"vertices": [{"x": 1370.0, "y": 801.0}, {"x": 1499.0, "y": 801.0}, {"x": 1499.0, "y": 843.0}, {"x": 1370.0, "y": 843.0}]}, "description": " : 3.15"}, {"boundingPoly": {"vertices": [{"x": 1277.0, "y": 842.0}, {"x": 1503.0, "y": 842.0}, {"x": 1503.0, "y": 902.0}, {"x": 1277.0, "y": 902.0}]}, "description": " : 26.00"}, {"boundingPoly": {"vertices": [{"x": 806.0, "y": 916.0}, {"x": 1289.0, "y": 934.0}, {"x": 1288.0, "y": 988.0}, {"x": 804.0, "y": 969.0}]}, "description": "Thank you very much."}, {"boundingPoly": {"vertices": [{"x": 1214.0, "y": 708.0}, {"x": 1351.0, "y": 708.0}, {"x": 1351.0, "y": 752.0}, {"x": 1214.0, "y": 752.0}]}, "description": " Amount"}, {"boundingPoly": {"vertices": [{"x": 1153.0, "y": 746.0}, {"x": 1366.0, "y": 746.0}, {"x": 1366.0, "y": 796.0}, {"x": 1153.0, "y": 796.0}]}, "description": " TAX(8.875%)"}, {"boundingPoly": {"vertices": [{"x": 1177.0, "y": 793.0}, {"x": 1364.0, "y": 793.0}, {"x": 1364.0, "y": 839.0}, {"x": 1177.0, "y": 839.0}]}, "description": " Gratis(15%)"}, {"boundingPoly": {"vertices": [{"x": 1114.0, "y": 837.0}, {"x": 1268.0, "y": 837.0}, {"x": 1268.0, "y": 893.0}, {"x": 1114.0, "y": 893.0}]}, "description": " TOTAL"}, {"boundingPoly": {"vertices": [{"x": 850.0, "y": 1386.0}, {"x": 1272.0, "y": 1384.0}, {"x": 1273.0, "y": 1428.0}, {"x": 850.0, "y": 1431.0}]}, "description": "merchant name"}, {"boundingPoly": {"vertices": [{"x": 944.0, "y": 1439.0}, {"x": 1186.0, "y": 1439.0}, {"x": 1186.0, "y": 1478.0}, {"x": 944.0, "y": 1477.0}]}, "description": "merchant address"}, {"boundingPoly": {"vertices": [{"x": 872.0, "y": 1489.0}, {"x": 1231.0, "y": 1485.0}, {"x": 1232.0, "y": 1528.0}, {"x": 872.0, "y": 1532.0}]}, "description": "merchant address"}, {"boundingPoly": {"vertices": [{"x": 937.0, "y": 1543.0}, {"x": 1189.0, "y": 1537.0}, {"x": 1190.0, "y": 1579.0}, {"x": 937.0, "y": 1584.0}]}, "description": "merchant phone"}, {"boundingPoly": {"vertices": [{"x": 731.0, "y": 1630.0}, {"x": 988.0, "y": 1630.0}, {"x": 988.0, "y": 1676.0}, {"x": 731.0, "y": 1676.0}]}, "description": " Terminal ID:"}, {"boundingPoly": {"vertices": [{"x": 996.0, "y": 1630.0}, {"x": 1168.0, "y": 1630.0}, {"x": 1168.0, "y": 1670.0}, {"x": 996.0, "y": 1670.0}]}, "description": " ***** 611"}, {"boundingPoly": {"vertices": [{"x": 1315.0, "y": 1633.0}, {"x": 1399.0, "y": 1632.0}, {"x": 1399.0, "y": 1660.0}, {"x": 1315.0, "y": 1661.0}]}, "description": "*** 3"}, {"boundingPoly": {"vertices": [{"x": 730.0, "y": 1723.0}, {"x": 898.0, "y": 1721.0}, {"x": 899.0, "y": 1760.0}, {"x": 730.0, "y": 1762.0}]}, "description": "11/18/19"}, {"boundingPoly": {"vertices": [{"x": 1254.0, "y": 1719.0}, {"x": 1412.0, "y": 1719.0}, {"x": 1412.0, "y": 1756.0}, {"x": 1254.0, "y": 1756.0}]}, "description": " 9:46 PM"}, {"boundingPoly": {"vertices": [{"x": 725.0, "y": 1811.0}, {"x": 1260.0, "y": 1807.0}, {"x": 1260.0, "y": 1847.0}, {"x": 725.0, "y": 1853.0}]}, "description": "AMERICAN EXPRESS - INSERT"}, {"boundingPoly": {"vertices": [{"x": 830.0, "y": 1854.0}, {"x": 1172.0, "y": 1854.0}, {"x": 1172.0, "y": 1897.0}, {"x": 830.0, "y": 1897.0}]}, "description": " A000000025010801"}, {"boundingPoly": {"vertices": [{"x": 894.0, "y": 1900.0}, {"x": 1221.0, "y": 1900.0}, {"x": 1221.0, "y": 1940.0}, {"x": 894.0, "y": 1940.0}]}, "description": " *********** 1006"}, {"boundingPoly": {"vertices": [{"x": 723.0, "y": 1859.0}, {"x": 823.0, "y": 1859.0}, {"x": 823.0, "y": 1899.0}, {"x": 723.0, "y": 1899.0}]}, "description": " AID:"}, {"boundingPoly": {"vertices": [{"x": 724.0, "y": 1907.0}, {"x": 887.0, "y": 1907.0}, {"x": 887.0, "y": 1946.0}, {"x": 724.0, "y": 1946.0}]}, "description": " ACCT #:"}, {"boundingPoly": {"vertices": [{"x": 722.0, "y": 1996.0}, {"x": 965.0, "y": 1995.0}, {"x": 966.0, "y": 2039.0}, {"x": 723.0, "y": 2042.0}]}, "description": "CREDIT SALE"}, {"boundingPoly": {"vertices": [{"x": 829.0, "y": 2049.0}, {"x": 1093.0, "y": 2049.0}, {"x": 1093.0, "y": 2099.0}, {"x": 829.0, "y": 2099.0}]}, "description": " 932243539689"}, {"boundingPoly": {"vertices": [{"x": 922.0, "y": 2104.0}, {"x": 987.0, "y": 2104.0}, {"x": 987.0, "y": 2145.0}, {"x": 922.0, "y": 2145.0}]}, "description": " 194"}, {"boundingPoly": {"vertices": [{"x": 723.0, "y": 2053.0}, {"x": 820.0, "y": 2053.0}, {"x": 820.0, "y": 2099.0}, {"x": 723.0, "y": 2099.0}]}, "description": " UID:"}, {"boundingPoly": {"vertices": [{"x": 721.0, "y": 2106.0}, {"x": 915.0, "y": 2106.0}, {"x": 915.0, "y": 2146.0}, {"x": 721.0, "y": 2146.0}]}, "description": " BATCH #:"}, {"boundingPoly": {"vertices": [{"x": 1172.0, "y": 2044.0}, {"x": 1315.0, "y": 2044.0}, {"x": 1315.0, "y": 2090.0}, {"x": 1172.0, "y": 2090.0}]}, "description": " REF #:"}, {"boundingPoly": {"vertices": [{"x": 1282.0, "y": 2098.0}, {"x": 1419.0, "y": 2098.0}, {"x": 1419.0, "y": 2141.0}, {"x": 1282.0, "y": 2141.0}]}, "description": " 890234"}, {"boundingPoly": {"vertices": [{"x": 1323.0, "y": 2044.0}, {"x": 1414.0, "y": 2044.0}, {"x": 1414.0, "y": 2090.0}, {"x": 1323.0, "y": 2090.0}]}, "description": " 4091"}, {"boundingPoly": {"vertices": [{"x": 1111.0, "y": 2099.0}, {"x": 1275.0, "y": 2099.0}, {"x": 1275.0, "y": 2142.0}, {"x": 1111.0, "y": 2142.0}]}, "description": " AUTH #:"}, {"boundingPoly": {"vertices": [{"x": 719.0, "y": 2204.0}, {"x": 860.0, "y": 2202.0}, {"x": 861.0, "y": 2245.0}, {"x": 720.0, "y": 2249.0}]}, "description": "AMOUNT"}, {"boundingPoly": {"vertices": [{"x": 1289.0, "y": 2192.0}, {"x": 1425.0, "y": 2191.0}, {"x": 1425.0, "y": 2239.0}, {"x": 1289.0, "y": 2239.0}]}, "description": "$22.85"}, {"boundingPoly": {"vertices": [{"x": 720.0, "y": 2304.0}, {"x": 793.0, "y": 2304.0}, {"x": 793.0, "y": 2350.0}, {"x": 720.0, "y": 2350.0}]}, "description": "TIP"}, {"boundingPoly": {"vertices": [{"x": 1311.0, "y": 2293.0}, {"x": 1427.0, "y": 2291.0}, {"x": 1427.0, "y": 2338.0}, {"x": 1312.0, "y": 2338.0}]}, "description": "$3.15"}, {"boundingPoly": {"vertices": [{"x": 721.0, "y": 2407.0}, {"x": 836.0, "y": 2405.0}, {"x": 837.0, "y": 2452.0}, {"x": 722.0, "y": 2451.0}]}, "description": "TOTAL"}, {"boundingPoly": {"vertices": [{"x": 1296.0, "y": 2395.0}, {"x": 1429.0, "y": 2394.0}, {"x": 1428.0, "y": 2440.0}, {"x": 1296.0, "y": 2440.0}]}, "description": "$26.00"}, {"boundingPoly": {"vertices": [{"x": 902.0, "y": 2503.0}, {"x": 1258.0, "y": 2495.0}, {"x": 1260.0, "y": 2544.0}, {"x": 902.0, "y": 2553.0}]}, "description": "APPROVED"}, {"boundingPoly": {"vertices": [{"x": 807.0, "y": 2605.0}, {"x": 1326.0, "y": 2593.0}, {"x": 1327.0, "y": 2638.0}, {"x": 807.0, "y": 2652.0}]}, "description": "ARQC - 64B9824F 232A65B5"}, {"boundingPoly": {"vertices": [{"x": 370.0, "y": 2733.0}, {"x": 886.0, "y": 2728.0}, {"x": 886.0, "y": 2783.0}, {"x": 370.0, "y": 2790.0}]}, "description": "REDMI NOTE 5 PRO"}, {"boundingPoly": {"vertices": [{"x": 369.0, "y": 2803.0}, {"x": 839.0, "y": 2798.0}, {"x": 840.0, "y": 2853.0}, {"x": 370.0, "y": 2859.0}]}, "description": "MI DUAL CAMERA"}, {"boundingPoly": {"vertices": [{"x": 918.0, "y": 2747.0}, {"x": 1220.0, "y": 2743.0}, {"x": 1221.0, "y": 2792.0}, {"x": 919.0, "y": 2796.0}]}, "description": "CUSTOMER COPY"}]}