{"textAnnotations": [{"boundingPoly": {"vertices": [{"x": 167.0, "y": 85.0}, {"x": 258.0, "y": 85.0}, {"x": 258.0, "y": 127.0}, {"x": 167.0, "y": 127.0}]}, "description": " Sap-"}, {"boundingPoly": {"vertices": [{"x": 244.0, "y": 143.0}, {"x": 326.0, "y": 143.0}, {"x": 326.0, "y": 160.0}, {"x": 244.0, "y": 160.0}]}, "description": "merchant name"}, {"boundingPoly": {"vertices": [{"x": 246.0, "y": 165.0}, {"x": 318.0, "y": 165.0}, {"x": 318.0, "y": 182.0}, {"x": 246.0, "y": 182.0}]}, "description": "merchant name"}, {"boundingPoly": {"vertices": [{"x": 200.0, "y": 187.0}, {"x": 377.0, "y": 187.0}, {"x": 377.0, "y": 205.0}, {"x": 200.0, "y": 205.0}]}, "description": "merchant address"}, {"boundingPoly": {"vertices": [{"x": 226.0, "y": 208.0}, {"x": 345.0, "y": 209.0}, {"x": 345.0, "y": 225.0}, {"x": 226.0, "y": 225.0}]}, "description": "merchant address"}, {"boundingPoly": {"vertices": [{"x": 240.0, "y": 230.0}, {"x": 341.0, "y": 229.0}, {"x": 341.0, "y": 246.0}, {"x": 240.0, "y": 247.0}]}, "description": "merchant address"}, {"boundingPoly": {"vertices": [{"x": 263.0, "y": 251.0}, {"x": 341.0, "y": 251.0}, {"x": 341.0, "y": 269.0}, {"x": 263.0, "y": 269.0}]}, "description": " M9-0368961-A"}, {"boundingPoly": {"vertices": [{"x": 269.0, "y": 272.0}, {"x": 282.0, "y": 272.0}, {"x": 282.0, "y": 290.0}, {"x": 269.0, "y": 290.0}]}, "description": " 7"}, {"boundingPoly": {"vertices": [{"x": 268.0, "y": 90.0}, {"x": 444.0, "y": 90.0}, {"x": 444.0, "y": 138.0}, {"x": 268.0, "y": 138.0}]}, "description": " Dinnl- selp"}, {"boundingPoly": {"vertices": [{"x": 601.0, "y": 88.0}, {"x": 683.0, "y": 88.0}, {"x": 683.0, "y": 123.0}, {"x": 601.0, "y": 123.0}]}, "description": " 5 4P -"}, {"boundingPoly": {"vertices": [{"x": 699.0, "y": 89.0}, {"x": 775.0, "y": 89.0}, {"x": 775.0, "y": 129.0}, {"x": 699.0, "y": 129.0}]}, "description": " Dinnce"}, {"boundingPoly": {"vertices": [{"x": 781.0, "y": 92.0}, {"x": 807.0, "y": 92.0}, {"x": 807.0, "y": 132.0}, {"x": 781.0, "y": 132.0}]}, "description": " -"}, {"boundingPoly": {"vertices": [{"x": 813.0, "y": 94.0}, {"x": 871.0, "y": 94.0}, {"x": 871.0, "y": 140.0}, {"x": 813.0, "y": 140.0}]}, "description": " sey"}, {"boundingPoly": {"vertices": [{"x": 667.0, "y": 164.0}, {"x": 747.0, "y": 164.0}, {"x": 747.0, "y": 181.0}, {"x": 667.0, "y": 182.0}]}, "description": "merchant name"}, {"boundingPoly": {"vertices": [{"x": 672.0, "y": 186.0}, {"x": 738.0, "y": 186.0}, {"x": 738.0, "y": 203.0}, {"x": 672.0, "y": 203.0}]}, "description": "merchant name"}, {"boundingPoly": {"vertices": [{"x": 615.0, "y": 208.0}, {"x": 791.0, "y": 207.0}, {"x": 791.0, "y": 224.0}, {"x": 615.0, "y": 226.0}]}, "description": "merchant address"}, {"boundingPoly": {"vertices": [{"x": 640.0, "y": 229.0}, {"x": 761.0, "y": 229.0}, {"x": 761.0, "y": 246.0}, {"x": 640.0, "y": 246.0}]}, "description": "merchant address"}, {"boundingPoly": {"vertices": [{"x": 654.0, "y": 251.0}, {"x": 751.0, "y": 249.0}, {"x": 751.0, "y": 265.0}, {"x": 654.0, "y": 267.0}]}, "description": "merchant address"}, {"boundingPoly": {"vertices": [{"x": 675.0, "y": 271.0}, {"x": 752.0, "y": 271.0}, {"x": 752.0, "y": 287.0}, {"x": 675.0, "y": 287.0}]}, "description": " M9-0368961-A"}, {"boundingPoly": {"vertices": [{"x": 234.0, "y": 252.0}, {"x": 260.0, "y": 252.0}, {"x": 260.0, "y": 268.0}, {"x": 234.0, "y": 268.0}]}, "description": " GST:"}, {"boundingPoly": {"vertices": [{"x": 122.0, "y": 271.0}, {"x": 255.0, "y": 271.0}, {"x": 255.0, "y": 291.0}, {"x": 122.0, "y": 291.0}]}, "description": " TAG NO .:"}, {"boundingPoly": {"vertices": [{"x": 648.0, "y": 272.0}, {"x": 672.0, "y": 272.0}, {"x": 672.0, "y": 288.0}, {"x": 648.0, "y": 288.0}]}, "description": " GST:"}, {"boundingPoly": {"vertices": [{"x": 117.0, "y": 311.0}, {"x": 146.0, "y": 311.0}, {"x": 146.0, "y": 326.0}, {"x": 117.0, "y": 326.0}]}, "description": " Qty"}, {"boundingPoly": {"vertices": [{"x": 149.0, "y": 310.0}, {"x": 217.0, "y": 310.0}, {"x": 217.0, "y": 326.0}, {"x": 149.0, "y": 326.0}]}, "description": " Description"}, {"boundingPoly": {"vertices": [{"x": 370.0, "y": 311.0}, {"x": 410.0, "y": 312.0}, {"x": 409.0, "y": 325.0}, {"x": 370.0, "y": 324.0}]}, "description": "@Price"}, {"boundingPoly": {"vertices": [{"x": 421.0, "y": 313.0}, {"x": 463.0, "y": 313.0}, {"x": 463.0, "y": 326.0}, {"x": 421.0, "y": 325.0}]}, "description": "Amount"}, {"boundingPoly": {"vertices": [{"x": 533.0, "y": 313.0}, {"x": 560.0, "y": 313.0}, {"x": 560.0, "y": 328.0}, {"x": 533.0, "y": 328.0}]}, "description": " Qty"}, {"boundingPoly": {"vertices": [{"x": 562.0, "y": 311.0}, {"x": 634.0, "y": 311.0}, {"x": 634.0, "y": 328.0}, {"x": 562.0, "y": 328.0}]}, "description": " Description"}, {"boundingPoly": {"vertices": [{"x": 782.0, "y": 308.0}, {"x": 822.0, "y": 309.0}, {"x": 822.0, "y": 321.0}, {"x": 782.0, "y": 321.0}]}, "description": "@Price"}, {"boundingPoly": {"vertices": [{"x": 833.0, "y": 308.0}, {"x": 873.0, "y": 308.0}, {"x": 873.0, "y": 320.0}, {"x": 833.0, "y": 321.0}]}, "description": "Amount"}, {"boundingPoly": {"vertices": [{"x": 142.0, "y": 349.0}, {"x": 296.0, "y": 348.0}, {"x": 296.0, "y": 364.0}, {"x": 142.0, "y": 366.0}]}, "description": "CHICKEN TIKKA & NAAN SET"}, {"boundingPoly": {"vertices": [{"x": 146.0, "y": 368.0}, {"x": 269.0, "y": 368.0}, {"x": 269.0, "y": 386.0}, {"x": 146.0, "y": 386.0}]}, "description": " COCA COLA LIGHT CAN"}, {"boundingPoly": {"vertices": [{"x": 145.0, "y": 391.0}, {"x": 215.0, "y": 390.0}, {"x": 216.0, "y": 404.0}, {"x": 145.0, "y": 405.0}]}, "description": "Gulam Jamun"}, {"boundingPoly": {"vertices": [{"x": 379.0, "y": 350.0}, {"x": 409.0, "y": 350.0}, {"x": 408.0, "y": 365.0}, {"x": 378.0, "y": 365.0}]}, "description": "19.90"}, {"boundingPoly": {"vertices": [{"x": 379.0, "y": 370.0}, {"x": 407.0, "y": 370.0}, {"x": 407.0, "y": 384.0}, {"x": 379.0, "y": 384.0}]}, "description": "3.50"}, {"boundingPoly": {"vertices": [{"x": 380.0, "y": 390.0}, {"x": 406.0, "y": 390.0}, {"x": 406.0, "y": 404.0}, {"x": 379.0, "y": 404.0}]}, "description": "2.00"}, {"boundingPoly": {"vertices": [{"x": 431.0, "y": 351.0}, {"x": 458.0, "y": 351.0}, {"x": 457.0, "y": 365.0}, {"x": 431.0, "y": 364.0}]}, "description": "19.9"}, {"boundingPoly": {"vertices": [{"x": 435.0, "y": 370.0}, {"x": 462.0, "y": 370.0}, {"x": 461.0, "y": 386.0}, {"x": 434.0, "y": 385.0}]}, "description": "3.50"}, {"boundingPoly": {"vertices": [{"x": 436.0, "y": 390.0}, {"x": 458.0, "y": 391.0}, {"x": 457.0, "y": 405.0}, {"x": 435.0, "y": 404.0}]}, "description": "2.0"}, {"boundingPoly": {"vertices": [{"x": 538.0, "y": 354.0}, {"x": 554.0, "y": 353.0}, {"x": 555.0, "y": 367.0}, {"x": 538.0, "y": 368.0}]}, "description": "1x"}, {"boundingPoly": {"vertices": [{"x": 538.0, "y": 371.0}, {"x": 556.0, "y": 370.0}, {"x": 556.0, "y": 385.0}, {"x": 538.0, "y": 386.0}]}, "description": "1x"}, {"boundingPoly": {"vertices": [{"x": 562.0, "y": 350.0}, {"x": 707.0, "y": 345.0}, {"x": 707.0, "y": 361.0}, {"x": 562.0, "y": 367.0}]}, "description": "ROASTED DUCK NOODLE SET"}, {"boundingPoly": {"vertices": [{"x": 606.0, "y": 365.0}, {"x": 697.0, "y": 365.0}, {"x": 697.0, "y": 385.0}, {"x": 606.0, "y": 385.0}]}, "description": " HEINEKEN (8TL)"}, {"boundingPoly": {"vertices": [{"x": 791.0, "y": 344.0}, {"x": 822.0, "y": 344.0}, {"x": 822.0, "y": 358.0}, {"x": 791.0, "y": 358.0}]}, "description": "19.90"}, {"boundingPoly": {"vertices": [{"x": 793.0, "y": 364.0}, {"x": 827.0, "y": 363.0}, {"x": 828.0, "y": 376.0}, {"x": 793.0, "y": 377.0}]}, "description": "12.00"}, {"boundingPoly": {"vertices": [{"x": 847.0, "y": 343.0}, {"x": 877.0, "y": 343.0}, {"x": 877.0, "y": 356.0}, {"x": 847.0, "y": 357.0}]}, "description": "19.90"}, {"boundingPoly": {"vertices": [{"x": 848.0, "y": 362.0}, {"x": 880.0, "y": 362.0}, {"x": 880.0, "y": 375.0}, {"x": 848.0, "y": 376.0}]}, "description": "12.00"}, {"boundingPoly": {"vertices": [{"x": 118.0, "y": 372.0}, {"x": 134.0, "y": 373.0}, {"x": 132.0, "y": 385.0}, {"x": 117.0, "y": 383.0}]}, "description": "1x"}, {"boundingPoly": {"vertices": [{"x": 117.0, "y": 390.0}, {"x": 134.0, "y": 391.0}, {"x": 133.0, "y": 403.0}, {"x": 117.0, "y": 402.0}]}, "description": "1x"}, {"boundingPoly": {"vertices": [{"x": 274.0, "y": 368.0}, {"x": 308.0, "y": 368.0}, {"x": 308.0, "y": 384.0}, {"x": 274.0, "y": 384.0}]}, "description": " (HCS)"}, {"boundingPoly": {"vertices": [{"x": 564.0, "y": 370.0}, {"x": 593.0, "y": 370.0}, {"x": 593.0, "y": 388.0}, {"x": 564.0, "y": 388.0}]}, "description": " BEER"}, {"boundingPoly": {"vertices": [{"x": 596.0, "y": 370.0}, {"x": 604.0, "y": 370.0}, {"x": 604.0, "y": 386.0}, {"x": 596.0, "y": 386.0}]}, "description": " -"}, {"boundingPoly": {"vertices": [{"x": 781.0, "y": 403.0}, {"x": 881.0, "y": 401.0}, {"x": 881.0, "y": 419.0}, {"x": 781.0, "y": 423.0}]}, "description": "$31.90"}, {"boundingPoly": {"vertices": [{"x": 117.0, "y": 429.0}, {"x": 196.0, "y": 430.0}, {"x": 196.0, "y": 448.0}, {"x": 117.0, "y": 448.0}]}, "description": "TOTAL"}, {"boundingPoly": {"vertices": [{"x": 115.0, "y": 450.0}, {"x": 182.0, "y": 450.0}, {"x": 182.0, "y": 468.0}, {"x": 115.0, "y": 468.0}]}, "description": "AMEX"}, {"boundingPoly": {"vertices": [{"x": 119.0, "y": 469.0}, {"x": 186.0, "y": 470.0}, {"x": 185.0, "y": 486.0}, {"x": 118.0, "y": 485.0}]}, "description": "Invoice No"}, {"boundingPoly": {"vertices": [{"x": 118.0, "y": 489.0}, {"x": 178.0, "y": 488.0}, {"x": 178.0, "y": 503.0}, {"x": 118.0, "y": 504.0}]}, "description": "Bank Code"}, {"boundingPoly": {"vertices": [{"x": 117.0, "y": 507.0}, {"x": 161.0, "y": 506.0}, {"x": 161.0, "y": 519.0}, {"x": 117.0, "y": 520.0}]}, "description": "Card No"}, {"boundingPoly": {"vertices": [{"x": 113.0, "y": 527.0}, {"x": 153.0, "y": 525.0}, {"x": 154.0, "y": 537.0}, {"x": 113.0, "y": 539.0}]}, "description": "Amount"}, {"boundingPoly": {"vertices": [{"x": 105.0, "y": 545.0}, {"x": 143.0, "y": 543.0}, {"x": 143.0, "y": 556.0}, {"x": 105.0, "y": 558.0}]}, "description": "GST 72"}, {"boundingPoly": {"vertices": [{"x": 101.0, "y": 562.0}, {"x": 193.0, "y": 562.0}, {"x": 193.0, "y": 577.0}, {"x": 101.0, "y": 577.0}]}, "description": " Total Quantity"}, {"boundingPoly": {"vertices": [{"x": 538.0, "y": 410.0}, {"x": 618.0, "y": 410.0}, {"x": 618.0, "y": 429.0}, {"x": 538.0, "y": 430.0}]}, "description": "TOTAL"}, {"boundingPoly": {"vertices": [{"x": 539.0, "y": 432.0}, {"x": 605.0, "y": 431.0}, {"x": 605.0, "y": 448.0}, {"x": 539.0, "y": 450.0}]}, "description": "AMEX"}, {"boundingPoly": {"vertices": [{"x": 544.0, "y": 451.0}, {"x": 608.0, "y": 450.0}, {"x": 609.0, "y": 465.0}, {"x": 544.0, "y": 466.0}]}, "description": "Invoice No"}, {"boundingPoly": {"vertices": [{"x": 546.0, "y": 471.0}, {"x": 601.0, "y": 470.0}, {"x": 601.0, "y": 485.0}, {"x": 546.0, "y": 486.0}]}, "description": "Bank Code"}, {"boundingPoly": {"vertices": [{"x": 546.0, "y": 487.0}, {"x": 591.0, "y": 489.0}, {"x": 592.0, "y": 501.0}, {"x": 543.0, "y": 506.0}]}, "description": "Card No"}, {"boundingPoly": {"vertices": [{"x": 546.0, "y": 508.0}, {"x": 588.0, "y": 505.0}, {"x": 589.0, "y": 515.0}, {"x": 547.0, "y": 519.0}]}, "description": "Amount"}, {"boundingPoly": {"vertices": [{"x": 543.0, "y": 523.0}, {"x": 580.0, "y": 520.0}, {"x": 581.0, "y": 533.0}, {"x": 544.0, "y": 535.0}]}, "description": "GST 7%"}, {"boundingPoly": {"vertices": [{"x": 544.0, "y": 536.0}, {"x": 634.0, "y": 536.0}, {"x": 634.0, "y": 553.0}, {"x": 544.0, "y": 553.0}]}, "description": " Total Quantity"}, {"boundingPoly": {"vertices": [{"x": 780.0, "y": 422.0}, {"x": 884.0, "y": 420.0}, {"x": 884.0, "y": 439.0}, {"x": 780.0, "y": 442.0}]}, "description": "$31.90"}, {"boundingPoly": {"vertices": [{"x": 360.0, "y": 430.0}, {"x": 461.0, "y": 430.0}, {"x": 461.0, "y": 451.0}, {"x": 360.0, "y": 452.0}]}, "description": "$25.40"}, {"boundingPoly": {"vertices": [{"x": 359.0, "y": 448.0}, {"x": 460.0, "y": 450.0}, {"x": 460.0, "y": 472.0}, {"x": 359.0, "y": 470.0}]}, "description": "$25.40"}, {"boundingPoly": {"vertices": [{"x": 628.0, "y": 448.0}, {"x": 680.0, "y": 447.0}, {"x": 680.0, "y": 462.0}, {"x": 628.0, "y": 464.0}]}, "description": "= 005035"}, {"boundingPoly": {"vertices": [{"x": 631.0, "y": 467.0}, {"x": 657.0, "y": 468.0}, {"x": 657.0, "y": 482.0}, {"x": 628.0, "y": 485.0}]}, "description": "= AM"}, {"boundingPoly": {"vertices": [{"x": 630.0, "y": 488.0}, {"x": 763.0, "y": 484.0}, {"x": 763.0, "y": 497.0}, {"x": 631.0, "y": 501.0}]}, "description": "= xxxx-xxxx-xxxx-1002"}, {"boundingPoly": {"vertices": [{"x": 630.0, "y": 504.0}, {"x": 683.0, "y": 502.0}, {"x": 684.0, "y": 514.0}, {"x": 630.0, "y": 516.0}]}, "description": "= $31.90"}, {"boundingPoly": {"vertices": [{"x": 641.0, "y": 520.0}, {"x": 674.0, "y": 519.0}, {"x": 674.0, "y": 530.0}, {"x": 641.0, "y": 532.0}]}, "description": "$2.09"}, {"boundingPoly": {"vertices": [{"x": 637.0, "y": 535.0}, {"x": 661.0, "y": 535.0}, {"x": 661.0, "y": 551.0}, {"x": 637.0, "y": 551.0}]}, "description": " : 2"}, {"boundingPoly": {"vertices": [{"x": 205.0, "y": 470.0}, {"x": 258.0, "y": 470.0}, {"x": 258.0, "y": 485.0}, {"x": 205.0, "y": 485.0}]}, "description": "= 006207"}, {"boundingPoly": {"vertices": [{"x": 204.0, "y": 491.0}, {"x": 235.0, "y": 491.0}, {"x": 234.0, "y": 503.0}, {"x": 205.0, "y": 503.0}]}, "description": "= AM"}, {"boundingPoly": {"vertices": [{"x": 203.0, "y": 509.0}, {"x": 340.0, "y": 509.0}, {"x": 340.0, "y": 523.0}, {"x": 203.0, "y": 522.0}]}, "description": "= xxxx-xxxx-xxxx-1002"}, {"boundingPoly": {"vertices": [{"x": 202.0, "y": 525.0}, {"x": 257.0, "y": 525.0}, {"x": 257.0, "y": 539.0}, {"x": 202.0, "y": 539.0}]}, "description": "= $25.40"}, {"boundingPoly": {"vertices": [{"x": 202.0, "y": 545.0}, {"x": 239.0, "y": 544.0}, {"x": 238.0, "y": 556.0}, {"x": 202.0, "y": 557.0}]}, "description": "$1.66"}, {"boundingPoly": {"vertices": [{"x": 196.0, "y": 562.0}, {"x": 217.0, "y": 562.0}, {"x": 217.0, "y": 577.0}, {"x": 196.0, "y": 577.0}]}, "description": " : 3"}, {"boundingPoly": {"vertices": [{"x": 549.0, "y": 625.0}, {"x": 612.0, "y": 625.0}, {"x": 612.0, "y": 640.0}, {"x": 549.0, "y": 640.0}]}, "description": " SIGNATURE"}, {"boundingPoly": {"vertices": [{"x": 614.0, "y": 625.0}, {"x": 634.0, "y": 625.0}, {"x": 634.0, "y": 640.0}, {"x": 614.0, "y": 640.0}]}, "description": " : .."}, {"boundingPoly": {"vertices": [{"x": 84.0, "y": 658.0}, {"x": 147.0, "y": 658.0}, {"x": 147.0, "y": 676.0}, {"x": 84.0, "y": 676.0}]}, "description": " SIGNATURE"}, {"boundingPoly": {"vertices": [{"x": 150.0, "y": 659.0}, {"x": 170.0, "y": 659.0}, {"x": 170.0, "y": 677.0}, {"x": 150.0, "y": 677.0}]}, "description": " : .."}, {"boundingPoly": {"vertices": [{"x": 553.0, "y": 662.0}, {"x": 602.0, "y": 662.0}, {"x": 602.0, "y": 679.0}, {"x": 553.0, "y": 679.0}]}, "description": " Receipt"}, {"boundingPoly": {"vertices": [{"x": 554.0, "y": 683.0}, {"x": 608.0, "y": 683.0}, {"x": 608.0, "y": 700.0}, {"x": 554.0, "y": 700.0}]}, "description": " Terminal"}, {"boundingPoly": {"vertices": [{"x": 585.0, "y": 702.0}, {"x": 731.0, "y": 702.0}, {"x": 731.0, "y": 721.0}, {"x": 585.0, "y": 721.0}]}, "description": " : 16/11/2019 21:57:47"}, {"boundingPoly": {"vertices": [{"x": 605.0, "y": 659.0}, {"x": 736.0, "y": 659.0}, {"x": 736.0, "y": 678.0}, {"x": 605.0, "y": 678.0}]}, "description": " : 006-006-000190263"}, {"boundingPoly": {"vertices": [{"x": 692.0, "y": 681.0}, {"x": 721.0, "y": 681.0}, {"x": 721.0, "y": 698.0}, {"x": 692.0, "y": 698.0}]}, "description": " : 01"}, {"boundingPoly": {"vertices": [{"x": 84.0, "y": 700.0}, {"x": 149.0, "y": 700.0}, {"x": 149.0, "y": 723.0}, {"x": 84.0, "y": 723.0}]}, "description": " Receipt"}, {"boundingPoly": {"vertices": [{"x": 86.0, "y": 722.0}, {"x": 159.0, "y": 722.0}, {"x": 159.0, "y": 743.0}, {"x": 86.0, "y": 743.0}]}, "description": " Terminal"}, {"boundingPoly": {"vertices": [{"x": 130.0, "y": 742.0}, {"x": 319.0, "y": 742.0}, {"x": 319.0, "y": 764.0}, {"x": 130.0, "y": 764.0}]}, "description": " : 16/11/2019 22:01:17"}, {"boundingPoly": {"vertices": [{"x": 153.0, "y": 698.0}, {"x": 325.0, "y": 698.0}, {"x": 325.0, "y": 721.0}, {"x": 153.0, "y": 721.0}]}, "description": " : 002-002-000220521"}, {"boundingPoly": {"vertices": [{"x": 271.0, "y": 720.0}, {"x": 310.0, "y": 720.0}, {"x": 310.0, "y": 742.0}, {"x": 271.0, "y": 742.0}]}, "description": " : 01"}, {"boundingPoly": {"vertices": [{"x": 612.0, "y": 682.0}, {"x": 689.0, "y": 682.0}, {"x": 689.0, "y": 699.0}, {"x": 612.0, "y": 699.0}]}, "description": " : 006 Shift"}, {"boundingPoly": {"vertices": [{"x": 163.0, "y": 721.0}, {"x": 267.0, "y": 721.0}, {"x": 267.0, "y": 743.0}, {"x": 163.0, "y": 743.0}]}, "description": " : 002 Shift"}, {"boundingPoly": {"vertices": [{"x": 552.0, "y": 704.0}, {"x": 582.0, "y": 704.0}, {"x": 582.0, "y": 721.0}, {"x": 552.0, "y": 721.0}]}, "description": " Date"}, {"boundingPoly": {"vertices": [{"x": 86.0, "y": 743.0}, {"x": 127.0, "y": 743.0}, {"x": 127.0, "y": 764.0}, {"x": 86.0, "y": 764.0}]}, "description": " Date"}, {"boundingPoly": {"vertices": [{"x": 553.0, "y": 746.0}, {"x": 649.0, "y": 746.0}, {"x": 649.0, "y": 765.0}, {"x": 553.0, "y": 765.0}]}, "description": " Transacted on:"}, {"boundingPoly": {"vertices": [{"x": 604.0, "y": 766.0}, {"x": 661.0, "y": 766.0}, {"x": 661.0, "y": 784.0}, {"x": 604.0, "y": 784.0}]}, "description": " : LI WEI"}, {"boundingPoly": {"vertices": [{"x": 652.0, "y": 744.0}, {"x": 721.0, "y": 744.0}, {"x": 721.0, "y": 763.0}, {"x": 652.0, "y": 763.0}]}, "description": " 16/11/2019"}, {"boundingPoly": {"vertices": [{"x": 94.0, "y": 783.0}, {"x": 218.0, "y": 783.0}, {"x": 218.0, "y": 805.0}, {"x": 94.0, "y": 805.0}]}, "description": " Transacted on:"}, {"boundingPoly": {"vertices": [{"x": 95.0, "y": 804.0}, {"x": 158.0, "y": 804.0}, {"x": 158.0, "y": 825.0}, {"x": 95.0, "y": 825.0}]}, "description": " Cashier"}, {"boundingPoly": {"vertices": [{"x": 222.0, "y": 783.0}, {"x": 312.0, "y": 783.0}, {"x": 312.0, "y": 805.0}, {"x": 222.0, "y": 805.0}]}, "description": " 16/11/2019"}, {"boundingPoly": {"vertices": [{"x": 162.0, "y": 804.0}, {"x": 393.0, "y": 804.0}, {"x": 393.0, "y": 825.0}, {"x": 162.0, "y": 825.0}]}, "description": " : NOR SUHADAH BINTI AHAWAN"}, {"boundingPoly": {"vertices": [{"x": 554.0, "y": 768.0}, {"x": 601.0, "y": 768.0}, {"x": 601.0, "y": 785.0}, {"x": 554.0, "y": 785.0}]}, "description": " Cashier"}, {"boundingPoly": {"vertices": [{"x": 657.0, "y": 808.0}, {"x": 818.0, "y": 807.0}, {"x": 818.0, "y": 822.0}, {"x": 657.0, "y": 825.0}]}, "description": "Thank You, See You Again"}, {"boundingPoly": {"vertices": [{"x": 199.0, "y": 844.0}, {"x": 359.0, "y": 846.0}, {"x": 358.0, "y": 864.0}, {"x": 199.0, "y": 862.0}]}, "description": "Thank You, See You Again"}]}