{"textAnnotations": [{"boundingPoly": {"vertices": [{"x": 278.0, "y": 117.0}, {"x": 383.0, "y": 116.0}, {"x": 383.0, "y": 135.0}, {"x": 279.0, "y": 136.0}]}, "description": "merchant name"}, {"boundingPoly": {"vertices": [{"x": 218.0, "y": 162.0}, {"x": 439.0, "y": 163.0}, {"x": 439.0, "y": 188.0}, {"x": 218.0, "y": 186.0}]}, "description": "merchant address"}, {"boundingPoly": {"vertices": [{"x": 226.0, "y": 188.0}, {"x": 433.0, "y": 189.0}, {"x": 433.0, "y": 210.0}, {"x": 226.0, "y": 209.0}]}, "description": "merchant address"}, {"boundingPoly": {"vertices": [{"x": 194.0, "y": 213.0}, {"x": 254.0, "y": 213.0}, {"x": 254.0, "y": 234.0}, {"x": 194.0, "y": 234.0}]}, "description": " GSTN"}, {"boundingPoly": {"vertices": [{"x": 258.0, "y": 214.0}, {"x": 463.0, "y": 214.0}, {"x": 463.0, "y": 234.0}, {"x": 258.0, "y": 234.0}]}, "description": " :- 06AACFL4844P1ZW"}, {"boundingPoly": {"vertices": [{"x": 243.0, "y": 287.0}, {"x": 420.0, "y": 286.0}, {"x": 420.0, "y": 306.0}, {"x": 243.0, "y": 307.0}]}, "description": "[RETAIL INVOICE]"}, {"boundingPoly": {"vertices": [{"x": 260.0, "y": 324.0}, {"x": 424.0, "y": 322.0}, {"x": 424.0, "y": 341.0}, {"x": 260.0, "y": 342.0}]}, "description": "194010000042661"}, {"boundingPoly": {"vertices": [{"x": 261.0, "y": 346.0}, {"x": 446.0, "y": 346.0}, {"x": 446.0, "y": 367.0}, {"x": 261.0, "y": 367.0}]}, "description": " 2019-03-11 21 38:22"}, {"boundingPoly": {"vertices": [{"x": 261.0, "y": 372.0}, {"x": 308.0, "y": 371.0}, {"x": 309.0, "y": 389.0}, {"x": 261.0, "y": 389.0}]}, "description": "0000"}, {"boundingPoly": {"vertices": [{"x": 260.0, "y": 397.0}, {"x": 332.0, "y": 397.0}, {"x": 332.0, "y": 413.0}, {"x": 260.0, "y": 414.0}]}, "description": "Cashier"}, {"boundingPoly": {"vertices": [{"x": 66.0, "y": 321.0}, {"x": 130.0, "y": 322.0}, {"x": 130.0, "y": 340.0}, {"x": 66.0, "y": 339.0}]}, "description": "Bill No"}, {"boundingPoly": {"vertices": [{"x": 68.0, "y": 346.0}, {"x": 148.0, "y": 347.0}, {"x": 148.0, "y": 365.0}, {"x": 67.0, "y": 365.0}]}, "description": "Bill Date"}, {"boundingPoly": {"vertices": [{"x": 70.0, "y": 371.0}, {"x": 152.0, "y": 371.0}, {"x": 152.0, "y": 390.0}, {"x": 70.0, "y": 391.0}]}, "description": "Card No"}, {"boundingPoly": {"vertices": [{"x": 70.0, "y": 395.0}, {"x": 146.0, "y": 395.0}, {"x": 147.0, "y": 414.0}, {"x": 70.0, "y": 415.0}]}, "description": "Cashier"}, {"boundingPoly": {"vertices": [{"x": 72.0, "y": 444.0}, {"x": 181.0, "y": 443.0}, {"x": 181.0, "y": 460.0}, {"x": 72.0, "y": 460.0}]}, "description": "Description"}, {"boundingPoly": {"vertices": [{"x": 377.0, "y": 439.0}, {"x": 410.0, "y": 442.0}, {"x": 410.0, "y": 459.0}, {"x": 375.0, "y": 457.0}]}, "description": "Oty"}, {"boundingPoly": {"vertices": [{"x": 425.0, "y": 440.0}, {"x": 497.0, "y": 440.0}, {"x": 497.0, "y": 457.0}, {"x": 425.0, "y": 457.0}]}, "description": "Amount"}, {"boundingPoly": {"vertices": [{"x": 68.0, "y": 488.0}, {"x": 259.0, "y": 487.0}, {"x": 259.0, "y": 507.0}, {"x": 68.0, "y": 507.0}]}, "description": "Chef Special Sizzler"}, {"boundingPoly": {"vertices": [{"x": 431.0, "y": 483.0}, {"x": 468.0, "y": 483.0}, {"x": 467.0, "y": 502.0}, {"x": 431.0, "y": 502.0}]}, "description": "275"}, {"boundingPoly": {"vertices": [{"x": 67.0, "y": 536.0}, {"x": 98.0, "y": 536.0}, {"x": 98.0, "y": 556.0}, {"x": 67.0, "y": 556.0}]}, "description": " Bill"}, {"boundingPoly": {"vertices": [{"x": 65.0, "y": 560.0}, {"x": 152.0, "y": 560.0}, {"x": 152.0, "y": 579.0}, {"x": 65.0, "y": 579.0}]}, "description": "Discount"}, {"boundingPoly": {"vertices": [{"x": 69.0, "y": 585.0}, {"x": 222.0, "y": 584.0}, {"x": 222.0, "y": 602.0}, {"x": 69.0, "y": 604.0}]}, "description": "Taxable Amount"}, {"boundingPoly": {"vertices": [{"x": 65.0, "y": 609.0}, {"x": 211.0, "y": 608.0}, {"x": 211.0, "y": 627.0}, {"x": 65.0, "y": 629.0}]}, "description": "SGST @2 5%"}, {"boundingPoly": {"vertices": [{"x": 62.0, "y": 635.0}, {"x": 212.0, "y": 632.0}, {"x": 212.0, "y": 652.0}, {"x": 63.0, "y": 655.0}]}, "description": "CGST @2 5%"}, {"boundingPoly": {"vertices": [{"x": 64.0, "y": 660.0}, {"x": 88.0, "y": 660.0}, {"x": 88.0, "y": 680.0}, {"x": 64.0, "y": 680.0}]}, "description": " R."}, {"boundingPoly": {"vertices": [{"x": 102.0, "y": 536.0}, {"x": 151.0, "y": 536.0}, {"x": 151.0, "y": 556.0}, {"x": 102.0, "y": 556.0}]}, "description": " Total"}, {"boundingPoly": {"vertices": [{"x": 334.0, "y": 533.0}, {"x": 402.0, "y": 532.0}, {"x": 403.0, "y": 550.0}, {"x": 334.0, "y": 551.0}]}, "description": "Rs 275"}, {"boundingPoly": {"vertices": [{"x": 334.0, "y": 556.0}, {"x": 363.0, "y": 556.0}, {"x": 363.0, "y": 574.0}, {"x": 334.0, "y": 574.0}]}, "description": " Rs."}, {"boundingPoly": {"vertices": [{"x": 334.0, "y": 580.0}, {"x": 364.0, "y": 580.0}, {"x": 364.0, "y": 600.0}, {"x": 334.0, "y": 600.0}]}, "description": " Rs."}, {"boundingPoly": {"vertices": [{"x": 334.0, "y": 606.0}, {"x": 406.0, "y": 605.0}, {"x": 406.0, "y": 623.0}, {"x": 334.0, "y": 624.0}]}, "description": "Rs 6.88"}, {"boundingPoly": {"vertices": [{"x": 332.0, "y": 630.0}, {"x": 406.0, "y": 629.0}, {"x": 406.0, "y": 648.0}, {"x": 332.0, "y": 649.0}]}, "description": "Rs 6.88"}, {"boundingPoly": {"vertices": [{"x": 332.0, "y": 654.0}, {"x": 405.0, "y": 654.0}, {"x": 405.0, "y": 674.0}, {"x": 332.0, "y": 674.0}]}, "description": "Rs. 0.24"}, {"boundingPoly": {"vertices": [{"x": 366.0, "y": 556.0}, {"x": 381.0, "y": 556.0}, {"x": 381.0, "y": 574.0}, {"x": 366.0, "y": 574.0}]}, "description": " 0"}, {"boundingPoly": {"vertices": [{"x": 367.0, "y": 579.0}, {"x": 402.0, "y": 579.0}, {"x": 402.0, "y": 600.0}, {"x": 367.0, "y": 600.0}]}, "description": " 275"}, {"boundingPoly": {"vertices": [{"x": 91.0, "y": 660.0}, {"x": 128.0, "y": 660.0}, {"x": 128.0, "y": 680.0}, {"x": 91.0, "y": 680.0}]}, "description": " Off"}, {"boundingPoly": {"vertices": [{"x": 215.0, "y": 704.0}, {"x": 442.0, "y": 703.0}, {"x": 442.0, "y": 725.0}, {"x": 215.0, "y": 725.0}]}, "description": "Amount Payable Rs. 289"}, {"boundingPoly": {"vertices": [{"x": 264.0, "y": 754.0}, {"x": 346.0, "y": 754.0}, {"x": 346.0, "y": 774.0}, {"x": 264.0, "y": 774.0}]}, "description": " Order No"}, {"boundingPoly": {"vertices": [{"x": 350.0, "y": 755.0}, {"x": 398.0, "y": 755.0}, {"x": 398.0, "y": 775.0}, {"x": 350.0, "y": 775.0}]}, "description": " : 109"}]}