{"textAnnotations": [{"boundingPoly": {"vertices": [{"x": 126.0, "y": 57.0}, {"x": 339.0, "y": 61.0}, {"x": 339.0, "y": 75.0}, {"x": 126.0, "y": 72.0}]}, "description": "merchant name"}, {"boundingPoly": {"vertices": [{"x": 177.0, "y": 73.0}, {"x": 295.0, "y": 75.0}, {"x": 294.0, "y": 88.0}, {"x": 177.0, "y": 86.0}]}, "description": "merchant address"}, {"boundingPoly": {"vertices": [{"x": 180.0, "y": 88.0}, {"x": 288.0, "y": 88.0}, {"x": 288.0, "y": 101.0}, {"x": 180.0, "y": 100.0}]}, "description": "merchant address"}, {"boundingPoly": {"vertices": [{"x": 198.0, "y": 101.0}, {"x": 270.0, "y": 101.0}, {"x": 270.0, "y": 114.0}, {"x": 198.0, "y": 114.0}]}, "description": "merchant phone"}, {"boundingPoly": {"vertices": [{"x": 113.0, "y": 123.0}, {"x": 183.0, "y": 127.0}, {"x": 183.0, "y": 141.0}, {"x": 112.0, "y": 136.0}]}, "description": "Check 398/1"}, {"boundingPoly": {"vertices": [{"x": 112.0, "y": 163.0}, {"x": 182.0, "y": 167.0}, {"x": 181.0, "y": 181.0}, {"x": 111.0, "y": 176.0}]}, "description": "1 .. Kids $13"}, {"boundingPoly": {"vertices": [{"x": 111.0, "y": 192.0}, {"x": 183.0, "y": 196.0}, {"x": 182.0, "y": 210.0}, {"x": 110.0, "y": 205.0}]}, "description": "1 .. Guinness"}, {"boundingPoly": {"vertices": [{"x": 205.0, "y": 125.0}, {"x": 354.0, "y": 125.0}, {"x": 354.0, "y": 142.0}, {"x": 205.0, "y": 142.0}]}, "description": " 11/30/19-A 10:32pm"}, {"boundingPoly": {"vertices": [{"x": 293.0, "y": 138.0}, {"x": 355.0, "y": 136.0}, {"x": 355.0, "y": 148.0}, {"x": 293.0, "y": 151.0}]}, "description": "Table 40"}, {"boundingPoly": {"vertices": [{"x": 325.0, "y": 160.0}, {"x": 357.0, "y": 159.0}, {"x": 358.0, "y": 172.0}, {"x": 326.0, "y": 174.0}]}, "description": "13.00"}, {"boundingPoly": {"vertices": [{"x": 324.0, "y": 175.0}, {"x": 357.0, "y": 174.0}, {"x": 359.0, "y": 187.0}, {"x": 324.0, "y": 189.0}]}, "description": "21.00"}, {"boundingPoly": {"vertices": [{"x": 330.0, "y": 191.0}, {"x": 358.0, "y": 190.0}, {"x": 359.0, "y": 202.0}, {"x": 331.0, "y": 204.0}]}, "description": "9.00"}, {"boundingPoly": {"vertices": [{"x": 111.0, "y": 177.0}, {"x": 225.0, "y": 182.0}, {"x": 224.0, "y": 196.0}, {"x": 110.0, "y": 191.0}]}, "description": "1 .. FARFALLE MAISON"}, {"boundingPoly": {"vertices": [{"x": 228.0, "y": 223.0}, {"x": 261.0, "y": 224.0}, {"x": 261.0, "y": 237.0}, {"x": 227.0, "y": 236.0}]}, "description": "Items"}, {"boundingPoly": {"vertices": [{"x": 240.0, "y": 238.0}, {"x": 262.0, "y": 239.0}, {"x": 261.0, "y": 251.0}, {"x": 240.0, "y": 250.0}]}, "description": "Tax"}, {"boundingPoly": {"vertices": [{"x": 157.0, "y": 251.0}, {"x": 257.0, "y": 252.0}, {"x": 257.0, "y": 266.0}, {"x": 157.0, "y": 265.0}]}, "description": "Subtotal"}, {"boundingPoly": {"vertices": [{"x": 326.0, "y": 220.0}, {"x": 360.0, "y": 219.0}, {"x": 360.0, "y": 232.0}, {"x": 326.0, "y": 232.0}]}, "description": "43.00"}, {"boundingPoly": {"vertices": [{"x": 332.0, "y": 234.0}, {"x": 360.0, "y": 234.0}, {"x": 360.0, "y": 246.0}, {"x": 332.0, "y": 247.0}]}, "description": "3.82"}, {"boundingPoly": {"vertices": [{"x": 297.0, "y": 249.0}, {"x": 360.0, "y": 248.0}, {"x": 360.0, "y": 262.0}, {"x": 297.0, "y": 263.0}]}, "description": "46.82"}, {"boundingPoly": {"vertices": [{"x": 240.0, "y": 295.0}, {"x": 262.0, "y": 296.0}, {"x": 262.0, "y": 310.0}, {"x": 240.0, "y": 309.0}]}, "description": "Tip"}, {"boundingPoly": {"vertices": [{"x": 229.0, "y": 341.0}, {"x": 262.0, "y": 342.0}, {"x": 261.0, "y": 355.0}, {"x": 229.0, "y": 355.0}]}, "description": "TOTAL"}, {"boundingPoly": {"vertices": [{"x": 104.0, "y": 371.0}, {"x": 268.0, "y": 370.0}, {"x": 268.0, "y": 382.0}, {"x": 104.0, "y": 384.0}]}, "description": "01.70991358 AMEX*1001 Swp"}, {"boundingPoly": {"vertices": [{"x": 115.0, "y": 383.0}, {"x": 269.0, "y": 383.0}, {"x": 269.0, "y": 397.0}, {"x": 115.0, "y": 397.0}]}, "description": " 11-30-2019 23:32:50 NOS"}, {"boundingPoly": {"vertices": [{"x": 248.0, "y": 397.0}, {"x": 301.0, "y": 396.0}, {"x": 301.0, "y": 411.0}, {"x": 248.0, "y": 412.0}]}, "description": "Approval"}, {"boundingPoly": {"vertices": [{"x": 331.0, "y": 383.0}, {"x": 366.0, "y": 382.0}, {"x": 365.0, "y": 394.0}, {"x": 332.0, "y": 395.0}]}, "description": "46.82"}, {"boundingPoly": {"vertices": [{"x": 325.0, "y": 396.0}, {"x": 368.0, "y": 396.0}, {"x": 368.0, "y": 410.0}, {"x": 325.0, "y": 410.0}]}, "description": "511208"}, {"boundingPoly": {"vertices": [{"x": 144.0, "y": 429.0}, {"x": 322.0, "y": 428.0}, {"x": 322.0, "y": 445.0}, {"x": 144.0, "y": 446.0}]}, "description": "Customer Copy"}, {"boundingPoly": {"vertices": [{"x": 92.0, "y": 464.0}, {"x": 372.0, "y": 461.0}, {"x": 372.0, "y": 479.0}, {"x": 92.0, "y": 482.0}]}, "description": "Cardholder agrees to pay the above TOTAL"}, {"boundingPoly": {"vertices": [{"x": 107.0, "y": 483.0}, {"x": 366.0, "y": 481.0}, {"x": 366.0, "y": 496.0}, {"x": 107.0, "y": 499.0}]}, "description": "amount according to issuer agreement."}, {"boundingPoly": {"vertices": [{"x": 120.0, "y": 515.0}, {"x": 352.0, "y": 513.0}, {"x": 352.0, "y": 529.0}, {"x": 120.0, "y": 532.0}]}, "description": "PLEASE LEAVE SIGNED MERCHANT COPY"}, {"boundingPoly": {"vertices": [{"x": 184.0, "y": 546.0}, {"x": 284.0, "y": 546.0}, {"x": 284.0, "y": 559.0}, {"x": 184.0, "y": 560.0}]}, "description": "MERCI BEAUCOUP"}, {"boundingPoly": {"vertices": [{"x": 207.0, "y": 560.0}, {"x": 269.0, "y": 560.0}, {"x": 269.0, "y": 574.0}, {"x": 207.0, "y": 574.0}]}, "description": "THANK YOU"}, {"boundingPoly": {"vertices": [{"x": 177.0, "y": 588.0}, {"x": 289.0, "y": 588.0}, {"x": 289.0, "y": 604.0}, {"x": 177.0, "y": 605.0}]}, "description": "WE DO NOT ACCEPT"}, {"boundingPoly": {"vertices": [{"x": 134.0, "y": 606.0}, {"x": 332.0, "y": 606.0}, {"x": 332.0, "y": 622.0}, {"x": 134.0, "y": 623.0}]}, "description": "PREPAID VISA AND MASTERCARDS"}]}