{"textAnnotations": [{"boundingPoly": {"vertices": [{"x": 517.0, "y": 12.0}, {"x": 714.0, "y": 10.0}, {"x": 715.0, "y": 61.0}, {"x": 517.0, "y": 64.0}]}, "description": "merchant name"}, {"boundingPoly": {"vertices": [{"x": 484.0, "y": 68.0}, {"x": 748.0, "y": 64.0}, {"x": 749.0, "y": 109.0}, {"x": 484.0, "y": 112.0}]}, "description": "merchant name"}, {"boundingPoly": {"vertices": [{"x": 529.0, "y": 112.0}, {"x": 689.0, "y": 111.0}, {"x": 690.0, "y": 140.0}, {"x": 529.0, "y": 140.0}]}, "description": "merchant address"}, {"boundingPoly": {"vertices": [{"x": 415.0, "y": 149.0}, {"x": 574.0, "y": 147.0}, {"x": 574.0, "y": 174.0}, {"x": 415.0, "y": 176.0}]}, "description": "Served by BANK"}, {"boundingPoly": {"vertices": [{"x": 417.0, "y": 189.0}, {"x": 601.0, "y": 189.0}, {"x": 601.0, "y": 216.0}, {"x": 417.0, "y": 216.0}]}, "description": " 11/3/2019 3:11 PM"}, {"boundingPoly": {"vertices": [{"x": 419.0, "y": 217.0}, {"x": 427.0, "y": 217.0}, {"x": 427.0, "y": 240.0}, {"x": 419.0, "y": 240.0}]}, "description": " 1"}, {"boundingPoly": {"vertices": [{"x": 415.0, "y": 245.0}, {"x": 638.0, "y": 245.0}, {"x": 638.0, "y": 272.0}, {"x": 415.0, "y": 271.0}]}, "description": "Receipt Number 14841"}, {"boundingPoly": {"vertices": [{"x": 415.0, "y": 279.0}, {"x": 512.0, "y": 284.0}, {"x": 510.0, "y": 313.0}, {"x": 415.0, "y": 306.0}]}, "description": "To Stay"}, {"boundingPoly": {"vertices": [{"x": 511.0, "y": 331.0}, {"x": 706.0, "y": 332.0}, {"x": 705.0, "y": 371.0}, {"x": 510.0, "y": 368.0}]}, "description": "Buzzer 39"}, {"boundingPoly": {"vertices": [{"x": 431.0, "y": 218.0}, {"x": 491.0, "y": 218.0}, {"x": 491.0, "y": 241.0}, {"x": 431.0, "y": 241.0}]}, "description": " Cover"}, {"boundingPoly": {"vertices": [{"x": 7.0, "y": 246.0}, {"x": 85.0, "y": 244.0}, {"x": 86.0, "y": 266.0}, {"x": 7.0, "y": 268.0}]}, "description": "6am"}, {"boundingPoly": {"vertices": [{"x": 9.0, "y": 268.0}, {"x": 87.0, "y": 268.0}, {"x": 87.0, "y": 292.0}, {"x": 9.0, "y": 293.0}]}, "description": "TANDEE)"}, {"boundingPoly": {"vertices": [{"x": 40.0, "y": 321.0}, {"x": 91.0, "y": 320.0}, {"x": 90.0, "y": 343.0}, {"x": 41.0, "y": 344.0}]}, "description": "6.25"}, {"boundingPoly": {"vertices": [{"x": 42.0, "y": 347.0}, {"x": 93.0, "y": 347.0}, {"x": 93.0, "y": 370.0}, {"x": 43.0, "y": 371.0}]}, "description": "3.75"}, {"boundingPoly": {"vertices": [{"x": 38.0, "y": 374.0}, {"x": 94.0, "y": 372.0}, {"x": 96.0, "y": 395.0}, {"x": 38.0, "y": 397.0}]}, "description": "11.80"}, {"boundingPoly": {"vertices": [{"x": 52.0, "y": 426.0}, {"x": 98.0, "y": 426.0}, {"x": 98.0, "y": 449.0}, {"x": 52.0, "y": 450.0}]}, "description": "2.55"}, {"boundingPoly": {"vertices": [{"x": 415.0, "y": 405.0}, {"x": 520.0, "y": 409.0}, {"x": 519.0, "y": 432.0}, {"x": 414.0, "y": 428.0}]}, "description": "Zaab Wing"}, {"boundingPoly": {"vertices": [{"x": 433.0, "y": 446.0}, {"x": 548.0, "y": 448.0}, {"x": 547.0, "y": 473.0}, {"x": 433.0, "y": 470.0}]}, "description": "Item Total"}, {"boundingPoly": {"vertices": [{"x": 435.0, "y": 479.0}, {"x": 601.0, "y": 482.0}, {"x": 600.0, "y": 505.0}, {"x": 434.0, "y": 501.0}]}, "description": "Sales Tax 8.875%"}, {"boundingPoly": {"vertices": [{"x": 433.0, "y": 504.0}, {"x": 624.0, "y": 510.0}, {"x": 624.0, "y": 535.0}, {"x": 432.0, "y": 529.0}]}, "description": "Gratuity - Thank You"}, {"boundingPoly": {"vertices": [{"x": 435.0, "y": 555.0}, {"x": 507.0, "y": 557.0}, {"x": 506.0, "y": 584.0}, {"x": 435.0, "y": 582.0}]}, "description": "Total"}, {"boundingPoly": {"vertices": [{"x": 752.0, "y": 414.0}, {"x": 807.0, "y": 415.0}, {"x": 807.0, "y": 436.0}, {"x": 751.0, "y": 435.0}]}, "description": "$9.00"}, {"boundingPoly": {"vertices": [{"x": 738.0, "y": 452.0}, {"x": 803.0, "y": 453.0}, {"x": 802.0, "y": 477.0}, {"x": 739.0, "y": 476.0}]}, "description": "$9.00"}, {"boundingPoly": {"vertices": [{"x": 749.0, "y": 487.0}, {"x": 806.0, "y": 487.0}, {"x": 806.0, "y": 508.0}, {"x": 749.0, "y": 507.0}]}, "description": "50 80"}, {"boundingPoly": {"vertices": [{"x": 748.0, "y": 512.0}, {"x": 805.0, "y": 513.0}, {"x": 804.0, "y": 534.0}, {"x": 748.0, "y": 533.0}]}, "description": "$0 10"}, {"boundingPoly": {"vertices": [{"x": 42.0, "y": 478.0}, {"x": 106.0, "y": 476.0}, {"x": 107.0, "y": 500.0}, {"x": 43.0, "y": 502.0}]}, "description": "24.35"}, {"boundingPoly": {"vertices": [{"x": 55.0, "y": 504.0}, {"x": 111.0, "y": 504.0}, {"x": 112.0, "y": 526.0}, {"x": 57.0, "y": 527.0}]}, "description": "2.16"}, {"boundingPoly": {"vertices": [{"x": 16.0, "y": 533.0}, {"x": 102.0, "y": 528.0}, {"x": 104.0, "y": 553.0}, {"x": 16.0, "y": 557.0}]}, "description": "6.51"}, {"boundingPoly": {"vertices": [{"x": 724.0, "y": 561.0}, {"x": 800.0, "y": 563.0}, {"x": 799.0, "y": 589.0}, {"x": 724.0, "y": 588.0}]}, "description": "$9.90"}, {"boundingPoly": {"vertices": [{"x": 413.0, "y": 611.0}, {"x": 506.0, "y": 613.0}, {"x": 506.0, "y": 634.0}, {"x": 413.0, "y": 633.0}]}, "description": "Payment"}, {"boundingPoly": {"vertices": [{"x": 411.0, "y": 638.0}, {"x": 459.0, "y": 638.0}, {"x": 459.0, "y": 655.0}, {"x": 411.0, "y": 655.0}]}, "description": "amex"}, {"boundingPoly": {"vertices": [{"x": 412.0, "y": 658.0}, {"x": 459.0, "y": 659.0}, {"x": 460.0, "y": 677.0}, {"x": 411.0, "y": 677.0}]}, "description": "Pald"}, {"boundingPoly": {"vertices": [{"x": 717.0, "y": 618.0}, {"x": 799.0, "y": 619.0}, {"x": 799.0, "y": 639.0}, {"x": 717.0, "y": 637.0}]}, "description": "Amount"}, {"boundingPoly": {"vertices": [{"x": 754.0, "y": 643.0}, {"x": 800.0, "y": 644.0}, {"x": 798.0, "y": 661.0}, {"x": 753.0, "y": 659.0}]}, "description": "59 90"}, {"boundingPoly": {"vertices": [{"x": 743.0, "y": 664.0}, {"x": 800.0, "y": 665.0}, {"x": 800.0, "y": 684.0}, {"x": 743.0, "y": 684.0}]}, "description": "$9.90"}, {"boundingPoly": {"vertices": [{"x": 412.0, "y": 693.0}, {"x": 552.0, "y": 696.0}, {"x": 552.0, "y": 714.0}, {"x": 412.0, "y": 710.0}]}, "description": "Card Information"}, {"boundingPoly": {"vertices": [{"x": 412.0, "y": 713.0}, {"x": 512.0, "y": 713.0}, {"x": 512.0, "y": 731.0}, {"x": 412.0, "y": 730.0}]}, "description": "Card number"}, {"boundingPoly": {"vertices": [{"x": 413.0, "y": 732.0}, {"x": 464.0, "y": 732.0}, {"x": 464.0, "y": 750.0}, {"x": 413.0, "y": 750.0}]}, "description": "Result"}, {"boundingPoly": {"vertices": [{"x": 411.0, "y": 752.0}, {"x": 489.0, "y": 752.0}, {"x": 489.0, "y": 770.0}, {"x": 411.0, "y": 770.0}]}, "description": "AuthCode"}, {"boundingPoly": {"vertices": [{"x": 74.0, "y": 757.0}, {"x": 129.0, "y": 756.0}, {"x": 129.0, "y": 776.0}, {"x": 74.0, "y": 777.0}]}, "description": "26.51"}, {"boundingPoly": {"vertices": [{"x": 20.0, "y": 783.0}, {"x": 132.0, "y": 780.0}, {"x": 133.0, "y": 801.0}, {"x": 21.0, "y": 805.0}]}, "description": "00025010801"}, {"boundingPoly": {"vertices": [{"x": 22.0, "y": 807.0}, {"x": 134.0, "y": 803.0}, {"x": 135.0, "y": 826.0}, {"x": 23.0, "y": 830.0}]}, "description": "2002/865484"}, {"boundingPoly": {"vertices": [{"x": 731.0, "y": 717.0}, {"x": 800.0, "y": 720.0}, {"x": 799.0, "y": 736.0}, {"x": 730.0, "y": 732.0}]}, "description": "**** 1000"}, {"boundingPoly": {"vertices": [{"x": 701.0, "y": 738.0}, {"x": 799.0, "y": 739.0}, {"x": 798.0, "y": 756.0}, {"x": 701.0, "y": 755.0}]}, "description": "APPROVED"}, {"boundingPoly": {"vertices": [{"x": 738.0, "y": 758.0}, {"x": 798.0, "y": 760.0}, {"x": 798.0, "y": 776.0}, {"x": 737.0, "y": 774.0}]}, "description": "880615"}, {"boundingPoly": {"vertices": [{"x": 429.0, "y": 796.0}, {"x": 447.0, "y": 795.0}, {"x": 446.0, "y": 811.0}, {"x": 428.0, "y": 812.0}]}, "description": "Tr"}, {"boundingPoly": {"vertices": [{"x": 411.0, "y": 814.0}, {"x": 437.0, "y": 813.0}, {"x": 437.0, "y": 828.0}, {"x": 411.0, "y": 829.0}]}, "description": "no"}, {"boundingPoly": {"vertices": [{"x": 459.0, "y": 810.0}, {"x": 798.0, "y": 805.0}, {"x": 798.0, "y": 829.0}, {"x": 459.0, "y": 833.0}]}, "description": "5QHe001672811862041 6315728716805006"}, {"boundingPoly": {"vertices": [{"x": 24.0, "y": 860.0}, {"x": 58.0, "y": 857.0}, {"x": 60.0, "y": 878.0}, {"x": 26.0, "y": 881.0}]}, "description": "py"}, {"boundingPoly": {"vertices": [{"x": 25.0, "y": 905.0}, {"x": 136.0, "y": 901.0}, {"x": 137.0, "y": 924.0}, {"x": 26.0, "y": 929.0}]}, "description": "above TOTAL"}, {"boundingPoly": {"vertices": [{"x": 26.0, "y": 931.0}, {"x": 125.0, "y": 927.0}, {"x": 126.0, "y": 950.0}, {"x": 27.0, "y": 955.0}]}, "description": "agreement."}, {"boundingPoly": {"vertices": [{"x": 408.0, "y": 940.0}, {"x": 585.0, "y": 940.0}, {"x": 585.0, "y": 960.0}, {"x": 408.0, "y": 960.0}]}, "description": "CARDHOLDER COPY"}, {"boundingPoly": {"vertices": [{"x": 25.0, "y": 983.0}, {"x": 82.0, "y": 983.0}, {"x": 82.0, "y": 1001.0}, {"x": 25.0, "y": 1003.0}]}, "description": "onage."}, {"boundingPoly": {"vertices": [{"x": 409.0, "y": 989.0}, {"x": 442.0, "y": 990.0}, {"x": 439.0, "y": 1006.0}, {"x": 407.0, "y": 1004.0}]}, "description": "Date"}, {"boundingPoly": {"vertices": [{"x": 410.0, "y": 1009.0}, {"x": 448.0, "y": 1010.0}, {"x": 446.0, "y": 1026.0}, {"x": 408.0, "y": 1025.0}]}, "description": "Time"}, {"boundingPoly": {"vertices": [{"x": 407.0, "y": 1029.0}, {"x": 448.0, "y": 1031.0}, {"x": 447.0, "y": 1048.0}, {"x": 405.0, "y": 1046.0}]}, "description": "Card"}, {"boundingPoly": {"vertices": [{"x": 402.0, "y": 1049.0}, {"x": 478.0, "y": 1051.0}, {"x": 477.0, "y": 1070.0}, {"x": 401.0, "y": 1067.0}]}, "description": "PAN seq"}, {"boundingPoly": {"vertices": [{"x": 402.0, "y": 1070.0}, {"x": 498.0, "y": 1072.0}, {"x": 497.0, "y": 1090.0}, {"x": 401.0, "y": 1088.0}]}, "description": "Pref name"}, {"boundingPoly": {"vertices": [{"x": 400.0, "y": 1090.0}, {"x": 484.0, "y": 1091.0}, {"x": 484.0, "y": 1113.0}, {"x": 400.0, "y": 1112.0}]}, "description": "Card type"}, {"boundingPoly": {"vertices": [{"x": 401.0, "y": 1113.0}, {"x": 540.0, "y": 1113.0}, {"x": 540.0, "y": 1133.0}, {"x": 401.0, "y": 1133.0}]}, "description": "Payment method"}, {"boundingPoly": {"vertices": [{"x": 399.0, "y": 1135.0}, {"x": 532.0, "y": 1135.0}, {"x": 532.0, "y": 1155.0}, {"x": 399.0, "y": 1155.0}]}, "description": "Payment variant"}, {"boundingPoly": {"vertices": [{"x": 399.0, "y": 1158.0}, {"x": 496.0, "y": 1158.0}, {"x": 496.0, "y": 1178.0}, {"x": 399.0, "y": 1177.0}]}, "description": "Entry mode"}, {"boundingPoly": {"vertices": [{"x": 398.0, "y": 1179.0}, {"x": 473.0, "y": 1181.0}, {"x": 472.0, "y": 1200.0}, {"x": 398.0, "y": 1198.0}]}, "description": "CVM res"}, {"boundingPoly": {"vertices": [{"x": 398.0, "y": 1202.0}, {"x": 428.0, "y": 1202.0}, {"x": 428.0, "y": 1221.0}, {"x": 398.0, "y": 1221.0}]}, "description": "AID"}, {"boundingPoly": {"vertices": [{"x": 394.0, "y": 1225.0}, {"x": 427.0, "y": 1224.0}, {"x": 427.0, "y": 1243.0}, {"x": 394.0, "y": 1244.0}]}, "description": "MIC"}, {"boundingPoly": {"vertices": [{"x": 396.0, "y": 1246.0}, {"x": 427.0, "y": 1246.0}, {"x": 428.0, "y": 1264.0}, {"x": 396.0, "y": 1264.0}]}, "description": "TID"}, {"boundingPoly": {"vertices": [{"x": 392.0, "y": 1269.0}, {"x": 440.0, "y": 1267.0}, {"x": 440.0, "y": 1287.0}, {"x": 392.0, "y": 1288.0}]}, "description": "PTID"}, {"boundingPoly": {"vertices": [{"x": 393.0, "y": 1293.0}, {"x": 484.0, "y": 1293.0}, {"x": 484.0, "y": 1312.0}, {"x": 393.0, "y": 1312.0}]}, "description": "Auth code"}, {"boundingPoly": {"vertices": [{"x": 395.0, "y": 1315.0}, {"x": 467.0, "y": 1315.0}, {"x": 467.0, "y": 1335.0}, {"x": 395.0, "y": 1335.0}]}, "description": "Tender"}, {"boundingPoly": {"vertices": [{"x": 391.0, "y": 1338.0}, {"x": 483.0, "y": 1340.0}, {"x": 483.0, "y": 1360.0}, {"x": 391.0, "y": 1359.0}]}, "description": "Reference"}, {"boundingPoly": {"vertices": [{"x": 388.0, "y": 1363.0}, {"x": 435.0, "y": 1364.0}, {"x": 434.0, "y": 1383.0}, {"x": 387.0, "y": 1383.0}]}, "description": "Type"}, {"boundingPoly": {"vertices": [{"x": 388.0, "y": 1386.0}, {"x": 543.0, "y": 1387.0}, {"x": 543.0, "y": 1408.0}, {"x": 388.0, "y": 1407.0}]}, "description": "Purchase Amount"}, {"boundingPoly": {"vertices": [{"x": 388.0, "y": 1411.0}, {"x": 458.0, "y": 1413.0}, {"x": 458.0, "y": 1434.0}, {"x": 387.0, "y": 1432.0}]}, "description": "Gratuity"}, {"boundingPoly": {"vertices": [{"x": 388.0, "y": 1435.0}, {"x": 452.0, "y": 1435.0}, {"x": 451.0, "y": 1456.0}, {"x": 388.0, "y": 1457.0}]}, "description": "TOTAL"}, {"boundingPoly": {"vertices": [{"x": 384.0, "y": 1460.0}, {"x": 493.0, "y": 1460.0}, {"x": 493.0, "y": 1483.0}, {"x": 384.0, "y": 1482.0}]}, "description": "APPROVED"}, {"boundingPoly": {"vertices": [{"x": 381.0, "y": 1485.0}, {"x": 640.0, "y": 1488.0}, {"x": 639.0, "y": 1515.0}, {"x": 380.0, "y": 1510.0}]}, "description": "Please retain for your records"}, {"boundingPoly": {"vertices": [{"x": 375.0, "y": 1513.0}, {"x": 477.0, "y": 1513.0}, {"x": 477.0, "y": 1537.0}, {"x": 375.0, "y": 1537.0}]}, "description": "Thank you"}, {"boundingPoly": {"vertices": [{"x": 522.0, "y": 988.0}, {"x": 612.0, "y": 987.0}, {"x": 612.0, "y": 1006.0}, {"x": 522.0, "y": 1007.0}]}, "description": "03/11/2019"}, {"boundingPoly": {"vertices": [{"x": 536.0, "y": 1009.0}, {"x": 603.0, "y": 1009.0}, {"x": 603.0, "y": 1027.0}, {"x": 536.0, "y": 1027.0}]}, "description": " 15:11 02"}, {"boundingPoly": {"vertices": [{"x": 520.0, "y": 1027.0}, {"x": 619.0, "y": 1029.0}, {"x": 619.0, "y": 1046.0}, {"x": 519.0, "y": 1042.0}]}, "description": "******** 1000"}, {"boundingPoly": {"vertices": [{"x": 579.0, "y": 1050.0}, {"x": 603.0, "y": 1050.0}, {"x": 602.0, "y": 1066.0}, {"x": 578.0, "y": 1066.0}]}, "description": "00"}, {"boundingPoly": {"vertices": [{"x": 511.0, "y": 1069.0}, {"x": 697.0, "y": 1068.0}, {"x": 697.0, "y": 1087.0}, {"x": 511.0, "y": 1089.0}]}, "description": "AMERICAN EXPRESS"}, {"boundingPoly": {"vertices": [{"x": 565.0, "y": 1094.0}, {"x": 611.0, "y": 1095.0}, {"x": 612.0, "y": 1109.0}, {"x": 562.0, "y": 1113.0}]}, "description": "amex"}, {"boundingPoly": {"vertices": [{"x": 599.0, "y": 1117.0}, {"x": 652.0, "y": 1117.0}, {"x": 653.0, "y": 1130.0}, {"x": 599.0, "y": 1130.0}]}, "description": "amex"}, {"boundingPoly": {"vertices": [{"x": 586.0, "y": 1139.0}, {"x": 633.0, "y": 1139.0}, {"x": 633.0, "y": 1152.0}, {"x": 586.0, "y": 1152.0}]}, "description": "amex"}, {"boundingPoly": {"vertices": [{"x": 579.0, "y": 1158.0}, {"x": 613.0, "y": 1157.0}, {"x": 613.0, "y": 1174.0}, {"x": 580.0, "y": 1175.0}]}, "description": "ICC"}, {"boundingPoly": {"vertices": [{"x": 528.0, "y": 1177.0}, {"x": 648.0, "y": 1178.0}, {"x": 648.0, "y": 1197.0}, {"x": 528.0, "y": 1197.0}]}, "description": "PIN VERIFIED"}, {"boundingPoly": {"vertices": [{"x": 486.0, "y": 1200.0}, {"x": 650.0, "y": 1199.0}, {"x": 651.0, "y": 1220.0}, {"x": 486.0, "y": 1221.0}]}, "description": "A000000025010801"}, {"boundingPoly": {"vertices": [{"x": 518.0, "y": 1223.0}, {"x": 620.0, "y": 1223.0}, {"x": 620.0, "y": 1241.0}, {"x": 518.0, "y": 1241.0}]}, "description": "2043493246"}, {"boundingPoly": {"vertices": [{"x": 475.0, "y": 1245.0}, {"x": 653.0, "y": 1244.0}, {"x": 653.0, "y": 1264.0}, {"x": 475.0, "y": 1265.0}]}, "description": "P400Plus-275174358"}, {"boundingPoly": {"vertices": [{"x": 530.0, "y": 1267.0}, {"x": 615.0, "y": 1268.0}, {"x": 615.0, "y": 1287.0}, {"x": 530.0, "y": 1287.0}]}, "description": "75174358"}, {"boundingPoly": {"vertices": [{"x": 554.0, "y": 1292.0}, {"x": 621.0, "y": 1293.0}, {"x": 621.0, "y": 1311.0}, {"x": 554.0, "y": 1310.0}]}, "description": "880615"}, {"boundingPoly": {"vertices": [{"x": 486.0, "y": 1313.0}, {"x": 691.0, "y": 1313.0}, {"x": 691.0, "y": 1335.0}, {"x": 486.0, "y": 1336.0}]}, "description": "5QHe001572811862041"}, {"boundingPoly": {"vertices": [{"x": 504.0, "y": 1339.0}, {"x": 686.0, "y": 1339.0}, {"x": 686.0, "y": 1361.0}, {"x": 504.0, "y": 1361.0}]}, "description": " 14841:201930720111"}, {"boundingPoly": {"vertices": [{"x": 500.0, "y": 1362.0}, {"x": 679.0, "y": 1362.0}, {"x": 679.0, "y": 1384.0}, {"x": 500.0, "y": 1383.0}]}, "description": "GOODS_SERVICES"}, {"boundingPoly": {"vertices": [{"x": 583.0, "y": 1387.0}, {"x": 646.0, "y": 1388.0}, {"x": 645.0, "y": 1408.0}, {"x": 583.0, "y": 1408.0}]}, "description": "$ 9.80"}, {"boundingPoly": {"vertices": [{"x": 534.0, "y": 1413.0}, {"x": 594.0, "y": 1412.0}, {"x": 594.0, "y": 1432.0}, {"x": 534.0, "y": 1433.0}]}, "description": "$ 0.10"}, {"boundingPoly": {"vertices": [{"x": 551.0, "y": 1437.0}, {"x": 606.0, "y": 1437.0}, {"x": 606.0, "y": 1458.0}, {"x": 550.0, "y": 1458.0}]}, "description": "$ 9.90"}]}