{"textAnnotations": [{"boundingPoly": {"vertices": [{"x": 816.0, "y": 436.0}, {"x": 1317.0, "y": 415.0}, {"x": 1320.0, "y": 506.0}, {"x": 819.0, "y": 525.0}]}, "description": "merchant name"}, {"boundingPoly": {"vertices": [{"x": 1227.0, "y": 594.0}, {"x": 1440.0, "y": 594.0}, {"x": 1440.0, "y": 647.0}, {"x": 1227.0, "y": 647.0}]}, "description": "merchant phone"}, {"boundingPoly": {"vertices": [{"x": 973.0, "y": 658.0}, {"x": 1341.0, "y": 650.0}, {"x": 1342.0, "y": 698.0}, {"x": 974.0, "y": 705.0}]}, "description": "merchant address"}, {"boundingPoly": {"vertices": [{"x": 876.0, "y": 524.0}, {"x": 1262.0, "y": 519.0}, {"x": 1264.0, "y": 564.0}, {"x": 877.0, "y": 573.0}]}, "description": "countdown.co.nz"}, {"boundingPoly": {"vertices": [{"x": 837.0, "y": 600.0}, {"x": 1218.0, "y": 600.0}, {"x": 1218.0, "y": 659.0}, {"x": 837.0, "y": 659.0}]}, "description": "merchant address"}, {"boundingPoly": {"vertices": [{"x": 751.0, "y": 715.0}, {"x": 1546.0, "y": 694.0}, {"x": 1547.0, "y": 742.0}, {"x": 751.0, "y": 762.0}]}, "description": "Tax Invoice/Credit Note - GST No. 44-833-938"}, {"boundingPoly": {"vertices": [{"x": 631.0, "y": 818.0}, {"x": 1188.0, "y": 824.0}, {"x": 1188.0, "y": 858.0}, {"x": 630.0, "y": 853.0}]}, "description": "~ Pascall Pineapple Lumps 140g"}, {"boundingPoly": {"vertices": [{"x": 1081.0, "y": 858.0}, {"x": 1171.0, "y": 857.0}, {"x": 1172.0, "y": 883.0}, {"x": 1081.0, "y": 885.0}]}, "description": "each"}, {"boundingPoly": {"vertices": [{"x": 1599.0, "y": 797.0}, {"x": 1626.0, "y": 795.0}, {"x": 1627.0, "y": 826.0}, {"x": 1600.0, "y": 827.0}]}, "description": "$"}, {"boundingPoly": {"vertices": [{"x": 660.0, "y": 851.0}, {"x": 720.0, "y": 854.0}, {"x": 719.0, "y": 880.0}, {"x": 658.0, "y": 878.0}]}, "description": "Qty"}, {"boundingPoly": {"vertices": [{"x": 804.0, "y": 856.0}, {"x": 876.0, "y": 852.0}, {"x": 874.0, "y": 881.0}, {"x": 803.0, "y": 885.0}]}, "description": "3 @"}, {"boundingPoly": {"vertices": [{"x": 709.0, "y": 909.0}, {"x": 899.0, "y": 909.0}, {"x": 898.0, "y": 943.0}, {"x": 708.0, "y": 942.0}]}, "description": "3 SUBTOTAL"}, {"boundingPoly": {"vertices": [{"x": 735.0, "y": 947.0}, {"x": 835.0, "y": 948.0}, {"x": 835.0, "y": 1008.0}, {"x": 735.0, "y": 1006.0}]}, "description": "TOTAL"}, {"boundingPoly": {"vertices": [{"x": 914.0, "y": 855.0}, {"x": 1028.0, "y": 854.0}, {"x": 1028.0, "y": 882.0}, {"x": 914.0, "y": 883.0}]}, "description": "$2.00"}, {"boundingPoly": {"vertices": [{"x": 1575.0, "y": 861.0}, {"x": 1654.0, "y": 857.0}, {"x": 1656.0, "y": 883.0}, {"x": 1578.0, "y": 888.0}]}, "description": "6.00"}, {"boundingPoly": {"vertices": [{"x": 1570.0, "y": 913.0}, {"x": 1671.0, "y": 910.0}, {"x": 1673.0, "y": 943.0}, {"x": 1572.0, "y": 946.0}]}, "description": "$6.00"}, {"boundingPoly": {"vertices": [{"x": 1578.0, "y": 951.0}, {"x": 1687.0, "y": 949.0}, {"x": 1691.0, "y": 1003.0}, {"x": 1582.0, "y": 1006.0}]}, "description": "$6.00"}, {"boundingPoly": {"vertices": [{"x": 947.0, "y": 1127.0}, {"x": 1352.0, "y": 1126.0}, {"x": 1353.0, "y": 1173.0}, {"x": 947.0, "y": 1174.0}]}, "description": "COUNTDOWN HOBSONVILL"}, {"boundingPoly": {"vertices": [{"x": 1293.0, "y": 1179.0}, {"x": 1330.0, "y": 1180.0}, {"x": 1328.0, "y": 1231.0}, {"x": 1291.0, "y": 1230.0}]}, "description": "NZ"}, {"boundingPoly": {"vertices": [{"x": 906.0, "y": 1236.0}, {"x": 1396.0, "y": 1236.0}, {"x": 1396.0, "y": 1288.0}, {"x": 906.0, "y": 1288.0}]}, "description": " MERCH ID:611000609009551"}, {"boundingPoly": {"vertices": [{"x": 1234.0, "y": 1292.0}, {"x": 1392.0, "y": 1294.0}, {"x": 1391.0, "y": 1340.0}, {"x": 1234.0, "y": 1338.0}]}, "description": "N9551062"}, {"boundingPoly": {"vertices": [{"x": 1268.0, "y": 1349.0}, {"x": 1396.0, "y": 1349.0}, {"x": 1396.0, "y": 1397.0}, {"x": 1268.0, "y": 1397.0}]}, "description": " 1006 D"}, {"boundingPoly": {"vertices": [{"x": 1264.0, "y": 1405.0}, {"x": 1393.0, "y": 1405.0}, {"x": 1393.0, "y": 1455.0}, {"x": 1264.0, "y": 1455.0}]}, "description": " CREDIT"}, {"boundingPoly": {"vertices": [{"x": 1072.0, "y": 1463.0}, {"x": 1396.0, "y": 1463.0}, {"x": 1396.0, "y": 1510.0}, {"x": 1072.0, "y": 1510.0}]}, "description": "A000000025010801"}, {"boundingPoly": {"vertices": [{"x": 1069.0, "y": 1519.0}, {"x": 1398.0, "y": 1519.0}, {"x": 1398.0, "y": 1569.0}, {"x": 1069.0, "y": 1570.0}]}, "description": "4A0129266525C35C"}, {"boundingPoly": {"vertices": [{"x": 1070.0, "y": 1577.0}, {"x": 1397.0, "y": 1577.0}, {"x": 1397.0, "y": 1627.0}, {"x": 1070.0, "y": 1626.0}]}, "description": "6352B99E62EC1C93"}, {"boundingPoly": {"vertices": [{"x": 1190.0, "y": 1638.0}, {"x": 1401.0, "y": 1637.0}, {"x": 1401.0, "y": 1687.0}, {"x": 1190.0, "y": 1689.0}]}, "description": "0000000000"}, {"boundingPoly": {"vertices": [{"x": 1252.0, "y": 1697.0}, {"x": 1402.0, "y": 1699.0}, {"x": 1402.0, "y": 1747.0}, {"x": 1252.0, "y": 1746.0}]}, "description": "NZ$6.00"}, {"boundingPoly": {"vertices": [{"x": 948.0, "y": 1182.0}, {"x": 1169.0, "y": 1181.0}, {"x": 1170.0, "y": 1230.0}, {"x": 948.0, "y": 1232.0}]}, "description": "HOBSONVILLE"}, {"boundingPoly": {"vertices": [{"x": 912.0, "y": 1293.0}, {"x": 1066.0, "y": 1293.0}, {"x": 1066.0, "y": 1343.0}, {"x": 912.0, "y": 1343.0}]}, "description": " TERM ID:"}, {"boundingPoly": {"vertices": [{"x": 914.0, "y": 1350.0}, {"x": 1014.0, "y": 1350.0}, {"x": 1014.0, "y": 1395.0}, {"x": 914.0, "y": 1395.0}]}, "description": " CARD:"}, {"boundingPoly": {"vertices": [{"x": 907.0, "y": 1405.0}, {"x": 1255.0, "y": 1405.0}, {"x": 1255.0, "y": 1456.0}, {"x": 907.0, "y": 1456.0}]}, "description": " AMERICAN EXPRESS"}, {"boundingPoly": {"vertices": [{"x": 908.0, "y": 1464.0}, {"x": 969.0, "y": 1463.0}, {"x": 969.0, "y": 1511.0}, {"x": 908.0, "y": 1513.0}]}, "description": "AID"}, {"boundingPoly": {"vertices": [{"x": 905.0, "y": 1521.0}, {"x": 993.0, "y": 1522.0}, {"x": 992.0, "y": 1567.0}, {"x": 906.0, "y": 1568.0}]}, "description": "ARQC"}, {"boundingPoly": {"vertices": [{"x": 914.0, "y": 1582.0}, {"x": 953.0, "y": 1582.0}, {"x": 954.0, "y": 1626.0}, {"x": 914.0, "y": 1626.0}]}, "description": "TC"}, {"boundingPoly": {"vertices": [{"x": 911.0, "y": 1634.0}, {"x": 969.0, "y": 1635.0}, {"x": 968.0, "y": 1684.0}, {"x": 909.0, "y": 1683.0}]}, "description": "TVR"}, {"boundingPoly": {"vertices": [{"x": 898.0, "y": 1693.0}, {"x": 1078.0, "y": 1694.0}, {"x": 1078.0, "y": 1747.0}, {"x": 898.0, "y": 1745.0}]}, "description": "PURCHASE"}, {"boundingPoly": {"vertices": [{"x": 1259.0, "y": 1352.0}, {"x": 1262.0, "y": 1352.0}, {"x": 1262.0, "y": 1397.0}, {"x": 1259.0, "y": 1397.0}]}, "description": " ."}, {"boundingPoly": {"vertices": [{"x": 903.0, "y": 1816.0}, {"x": 1010.0, "y": 1817.0}, {"x": 1009.0, "y": 1868.0}, {"x": 903.0, "y": 1867.0}]}, "description": "TOTAL"}, {"boundingPoly": {"vertices": [{"x": 901.0, "y": 1876.0}, {"x": 1077.0, "y": 1875.0}, {"x": 1077.0, "y": 1924.0}, {"x": 901.0, "y": 1926.0}]}, "description": "APPROVED"}, {"boundingPoly": {"vertices": [{"x": 897.0, "y": 1939.0}, {"x": 1204.0, "y": 1939.0}, {"x": 1204.0, "y": 1992.0}, {"x": 897.0, "y": 1992.0}]}, "description": " 22/10/19 19:04"}, {"boundingPoly": {"vertices": [{"x": 1248.0, "y": 1818.0}, {"x": 1405.0, "y": 1816.0}, {"x": 1406.0, "y": 1868.0}, {"x": 1248.0, "y": 1870.0}]}, "description": "NZ$6.00"}, {"boundingPoly": {"vertices": [{"x": 1362.0, "y": 1879.0}, {"x": 1407.0, "y": 1879.0}, {"x": 1407.0, "y": 1923.0}, {"x": 1362.0, "y": 1923.0}]}, "description": "08"}, {"boundingPoly": {"vertices": [{"x": 1276.0, "y": 1938.0}, {"x": 1409.0, "y": 1936.0}, {"x": 1407.0, "y": 1987.0}, {"x": 1276.0, "y": 1987.0}]}, "description": "007403"}, {"boundingPoly": {"vertices": [{"x": 704.0, "y": 2065.0}, {"x": 766.0, "y": 2062.0}, {"x": 767.0, "y": 2115.0}, {"x": 705.0, "y": 2117.0}]}, "description": "EFT"}, {"boundingPoly": {"vertices": [{"x": 705.0, "y": 2130.0}, {"x": 836.0, "y": 2130.0}, {"x": 834.0, "y": 2179.0}, {"x": 704.0, "y": 2177.0}]}, "description": "Change"}, {"boundingPoly": {"vertices": [{"x": 1625.0, "y": 2064.0}, {"x": 1735.0, "y": 2064.0}, {"x": 1737.0, "y": 2117.0}, {"x": 1626.0, "y": 2117.0}]}, "description": "$6.00"}, {"boundingPoly": {"vertices": [{"x": 1620.0, "y": 2128.0}, {"x": 1733.0, "y": 2128.0}, {"x": 1734.0, "y": 2179.0}, {"x": 1622.0, "y": 2179.0}]}, "description": "$0.00"}, {"boundingPoly": {"vertices": [{"x": 550.0, "y": 2241.0}, {"x": 948.0, "y": 2244.0}, {"x": 948.0, "y": 2296.0}, {"x": 549.0, "y": 2294.0}]}, "description": "^Promotional Price"}, {"boundingPoly": {"vertices": [{"x": 552.0, "y": 2359.0}, {"x": 943.0, "y": 2362.0}, {"x": 943.0, "y": 2415.0}, {"x": 551.0, "y": 2412.0}]}, "description": "TOTAL includes GST"}, {"boundingPoly": {"vertices": [{"x": 549.0, "y": 2421.0}, {"x": 845.0, "y": 2421.0}, {"x": 845.0, "y": 2476.0}, {"x": 549.0, "y": 2476.0}]}, "description": " OTHER SAVINGS:"}, {"boundingPoly": {"vertices": [{"x": 1631.0, "y": 2370.0}, {"x": 1740.0, "y": 2370.0}, {"x": 1742.0, "y": 2423.0}, {"x": 1632.0, "y": 2425.0}]}, "description": "$0.78"}, {"boundingPoly": {"vertices": [{"x": 1626.0, "y": 2433.0}, {"x": 1737.0, "y": 2430.0}, {"x": 1738.0, "y": 2485.0}, {"x": 1628.0, "y": 2488.0}]}, "description": "$2.37"}, {"boundingPoly": {"vertices": [{"x": 879.0, "y": 2545.0}, {"x": 1423.0, "y": 2548.0}, {"x": 1422.0, "y": 2646.0}, {"x": 879.0, "y": 2643.0}]}, "description": "TOTAL SAVINGS $2.37"}]}