{"textAnnotations": [{"boundingPoly": {"vertices": [{"x": 171.0, "y": 233.0}, {"x": 423.0, "y": 234.0}, {"x": 423.0, "y": 269.0}, {"x": 171.0, "y": 268.0}]}, "description": "merchant name"}, {"boundingPoly": {"vertices": [{"x": 229.0, "y": 318.0}, {"x": 365.0, "y": 318.0}, {"x": 365.0, "y": 351.0}, {"x": 229.0, "y": 351.0}]}, "description": "TAX INVOICE"}, {"boundingPoly": {"vertices": [{"x": 185.0, "y": 361.0}, {"x": 404.0, "y": 360.0}, {"x": 404.0, "y": 392.0}, {"x": 185.0, "y": 393.0}]}, "description": "ABN 35 106 886 793"}, {"boundingPoly": {"vertices": [{"x": 205.0, "y": 399.0}, {"x": 381.0, "y": 399.0}, {"x": 381.0, "y": 433.0}, {"x": 205.0, "y": 432.0}]}, "description": "merchant phone"}, {"boundingPoly": {"vertices": [{"x": 50.0, "y": 561.0}, {"x": 372.0, "y": 559.0}, {"x": 372.0, "y": 569.0}, {"x": 50.0, "y": 571.0}]}, "description": "----------------------------------.."}, {"boundingPoly": {"vertices": [{"x": 418.0, "y": 560.0}, {"x": 519.0, "y": 558.0}, {"x": 519.0, "y": 567.0}, {"x": 419.0, "y": 570.0}]}, "description": "----------"}, {"boundingPoly": {"vertices": [{"x": 50.0, "y": 567.0}, {"x": 523.0, "y": 565.0}, {"x": 523.0, "y": 575.0}, {"x": 50.0, "y": 577.0}]}, "description": "----------------------------------------"}, {"boundingPoly": {"vertices": [{"x": 51.0, "y": 591.0}, {"x": 98.0, "y": 593.0}, {"x": 97.0, "y": 619.0}, {"x": 50.0, "y": 617.0}]}, "description": "Item"}, {"boundingPoly": {"vertices": [{"x": 49.0, "y": 631.0}, {"x": 136.0, "y": 632.0}, {"x": 136.0, "y": 641.0}, {"x": 49.0, "y": 640.0}]}, "description": "---------"}, {"boundingPoly": {"vertices": [{"x": 284.0, "y": 591.0}, {"x": 321.0, "y": 593.0}, {"x": 319.0, "y": 622.0}, {"x": 284.0, "y": 619.0}]}, "description": "Qty"}, {"boundingPoly": {"vertices": [{"x": 441.0, "y": 592.0}, {"x": 502.0, "y": 592.0}, {"x": 501.0, "y": 619.0}, {"x": 440.0, "y": 619.0}]}, "description": "Price"}, {"boundingPoly": {"vertices": [{"x": 49.0, "y": 635.0}, {"x": 113.0, "y": 636.0}, {"x": 113.0, "y": 645.0}, {"x": 49.0, "y": 644.0}]}, "description": "------"}, {"boundingPoly": {"vertices": [{"x": 152.0, "y": 632.0}, {"x": 181.0, "y": 632.0}, {"x": 181.0, "y": 641.0}, {"x": 152.0, "y": 641.0}]}, "description": "---"}, {"boundingPoly": {"vertices": [{"x": 47.0, "y": 694.0}, {"x": 217.0, "y": 693.0}, {"x": 217.0, "y": 722.0}, {"x": 47.0, "y": 722.0}]}, "description": "Porridge B Bowl"}, {"boundingPoly": {"vertices": [{"x": 48.0, "y": 729.0}, {"x": 209.0, "y": 727.0}, {"x": 209.0, "y": 754.0}, {"x": 48.0, "y": 756.0}]}, "description": "S Banana Blitz"}, {"boundingPoly": {"vertices": [{"x": 94.0, "y": 762.0}, {"x": 240.0, "y": 762.0}, {"x": 240.0, "y": 789.0}, {"x": 94.0, "y": 788.0}]}, "description": "Protein Scoop"}, {"boundingPoly": {"vertices": [{"x": 49.0, "y": 795.0}, {"x": 230.0, "y": 793.0}, {"x": 231.0, "y": 820.0}, {"x": 49.0, "y": 823.0}]}, "description": "S Long Black P&R"}, {"boundingPoly": {"vertices": [{"x": 52.0, "y": 828.0}, {"x": 173.0, "y": 826.0}, {"x": 174.0, "y": 853.0}, {"x": 52.0, "y": 855.0}]}, "description": "S Latte P&R"}, {"boundingPoly": {"vertices": [{"x": 282.0, "y": 696.0}, {"x": 319.0, "y": 696.0}, {"x": 319.0, "y": 721.0}, {"x": 283.0, "y": 721.0}]}, "description": "1.0"}, {"boundingPoly": {"vertices": [{"x": 283.0, "y": 728.0}, {"x": 318.0, "y": 729.0}, {"x": 317.0, "y": 753.0}, {"x": 283.0, "y": 753.0}]}, "description": "1.0"}, {"boundingPoly": {"vertices": [{"x": 281.0, "y": 762.0}, {"x": 316.0, "y": 761.0}, {"x": 316.0, "y": 787.0}, {"x": 281.0, "y": 786.0}]}, "description": "1.0"}, {"boundingPoly": {"vertices": [{"x": 279.0, "y": 795.0}, {"x": 316.0, "y": 794.0}, {"x": 315.0, "y": 819.0}, {"x": 280.0, "y": 819.0}]}, "description": "1.0"}, {"boundingPoly": {"vertices": [{"x": 278.0, "y": 828.0}, {"x": 311.0, "y": 827.0}, {"x": 312.0, "y": 851.0}, {"x": 279.0, "y": 851.0}]}, "description": "1.0"}, {"boundingPoly": {"vertices": [{"x": 433.0, "y": 696.0}, {"x": 514.0, "y": 696.0}, {"x": 514.0, "y": 721.0}, {"x": 433.0, "y": 723.0}]}, "description": "$9. 95 *"}, {"boundingPoly": {"vertices": [{"x": 432.0, "y": 730.0}, {"x": 510.0, "y": 730.0}, {"x": 511.0, "y": 754.0}, {"x": 432.0, "y": 756.0}]}, "description": "$7.00 *"}, {"boundingPoly": {"vertices": [{"x": 432.0, "y": 763.0}, {"x": 509.0, "y": 763.0}, {"x": 509.0, "y": 788.0}, {"x": 432.0, "y": 788.0}]}, "description": "$2.00 *"}, {"boundingPoly": {"vertices": [{"x": 427.0, "y": 795.0}, {"x": 506.0, "y": 795.0}, {"x": 506.0, "y": 820.0}, {"x": 427.0, "y": 821.0}]}, "description": "$3.50 *"}, {"boundingPoly": {"vertices": [{"x": 427.0, "y": 827.0}, {"x": 506.0, "y": 827.0}, {"x": 506.0, "y": 852.0}, {"x": 427.0, "y": 853.0}]}, "description": "$3.50 *"}, {"boundingPoly": {"vertices": [{"x": 57.0, "y": 896.0}, {"x": 181.0, "y": 895.0}, {"x": 181.0, "y": 904.0}, {"x": 57.0, "y": 904.0}]}, "description": "---------------"}, {"boundingPoly": {"vertices": [{"x": 182.0, "y": 918.0}, {"x": 287.0, "y": 918.0}, {"x": 287.0, "y": 943.0}, {"x": 182.0, "y": 943.0}]}, "description": " Sub-Total:"}, {"boundingPoly": {"vertices": [{"x": 182.0, "y": 948.0}, {"x": 308.0, "y": 948.0}, {"x": 308.0, "y": 974.0}, {"x": 182.0, "y": 974.0}]}, "description": " Sale Discount"}, {"boundingPoly": {"vertices": [{"x": 183.0, "y": 978.0}, {"x": 244.0, "y": 978.0}, {"x": 244.0, "y": 1002.0}, {"x": 183.0, "y": 1002.0}]}, "description": " Total:"}, {"boundingPoly": {"vertices": [{"x": 182.0, "y": 1008.0}, {"x": 205.0, "y": 1008.0}, {"x": 205.0, "y": 1031.0}, {"x": 182.0, "y": 1031.0}]}, "description": " TAX"}, {"boundingPoly": {"vertices": [{"x": 453.0, "y": 919.0}, {"x": 476.0, "y": 920.0}, {"x": 475.0, "y": 946.0}, {"x": 452.0, "y": 945.0}]}, "description": "95"}, {"boundingPoly": {"vertices": [{"x": 410.0, "y": 951.0}, {"x": 472.0, "y": 951.0}, {"x": 472.0, "y": 975.0}, {"x": 410.0, "y": 974.0}]}, "description": "-$2.00"}, {"boundingPoly": {"vertices": [{"x": 406.0, "y": 979.0}, {"x": 472.0, "y": 981.0}, {"x": 471.0, "y": 1006.0}, {"x": 405.0, "y": 1005.0}]}, "description": "$23.95"}, {"boundingPoly": {"vertices": [{"x": 415.0, "y": 1011.0}, {"x": 470.0, "y": 1012.0}, {"x": 469.0, "y": 1034.0}, {"x": 415.0, "y": 1035.0}]}, "description": "$2. 18"}, {"boundingPoly": {"vertices": [{"x": 313.0, "y": 949.0}, {"x": 325.0, "y": 949.0}, {"x": 325.0, "y": 974.0}, {"x": 313.0, "y": 974.0}]}, "description": " :"}, {"boundingPoly": {"vertices": [{"x": 209.0, "y": 1008.0}, {"x": 219.0, "y": 1008.0}, {"x": 219.0, "y": 1031.0}, {"x": 209.0, "y": 1031.0}]}, "description": " :"}, {"boundingPoly": {"vertices": [{"x": 176.0, "y": 1064.0}, {"x": 289.0, "y": 1064.0}, {"x": 289.0, "y": 1087.0}, {"x": 176.0, "y": 1087.0}]}, "description": " Debit Card:"}, {"boundingPoly": {"vertices": [{"x": 173.0, "y": 1091.0}, {"x": 230.0, "y": 1091.0}, {"x": 230.0, "y": 1113.0}, {"x": 173.0, "y": 1113.0}]}, "description": " CHANGE"}, {"boundingPoly": {"vertices": [{"x": 402.0, "y": 1065.0}, {"x": 469.0, "y": 1066.0}, {"x": 469.0, "y": 1088.0}, {"x": 402.0, "y": 1087.0}]}, "description": "$23. 95"}, {"boundingPoly": {"vertices": [{"x": 413.0, "y": 1092.0}, {"x": 468.0, "y": 1091.0}, {"x": 468.0, "y": 1112.0}, {"x": 413.0, "y": 1113.0}]}, "description": "$0.00"}, {"boundingPoly": {"vertices": [{"x": 234.0, "y": 1091.0}, {"x": 244.0, "y": 1091.0}, {"x": 244.0, "y": 1112.0}, {"x": 234.0, "y": 1112.0}]}, "description": " :"}, {"boundingPoly": {"vertices": [{"x": 199.0, "y": 1149.0}, {"x": 252.0, "y": 1148.0}, {"x": 252.0, "y": 1156.0}, {"x": 199.0, "y": 1156.0}]}, "description": "-----"}, {"boundingPoly": {"vertices": [{"x": 408.0, "y": 1152.0}, {"x": 483.0, "y": 1153.0}, {"x": 483.0, "y": 1161.0}, {"x": 408.0, "y": 1160.0}]}, "description": "--------"}, {"boundingPoly": {"vertices": [{"x": 192.0, "y": 1167.0}, {"x": 315.0, "y": 1171.0}, {"x": 313.0, "y": 1249.0}, {"x": 191.0, "y": 1248.0}]}, "description": "201"}, {"boundingPoly": {"vertices": [{"x": 15.0, "y": 1288.0}, {"x": 197.0, "y": 1288.0}, {"x": 197.0, "y": 1317.0}, {"x": 15.0, "y": 1317.0}]}, "description": " Terminal Number:"}, {"boundingPoly": {"vertices": [{"x": 14.0, "y": 1318.0}, {"x": 81.0, "y": 1318.0}, {"x": 81.0, "y": 1344.0}, {"x": 14.0, "y": 1344.0}]}, "description": " CLERK:"}, {"boundingPoly": {"vertices": [{"x": 15.0, "y": 1347.0}, {"x": 181.0, "y": 1347.0}, {"x": 181.0, "y": 1373.0}, {"x": 15.0, "y": 1373.0}]}, "description": " Receipt Number:"}, {"boundingPoly": {"vertices": [{"x": 15.0, "y": 1375.0}, {"x": 128.0, "y": 1375.0}, {"x": 128.0, "y": 1401.0}, {"x": 15.0, "y": 1401.0}]}, "description": " Sale Date:"}, {"boundingPoly": {"vertices": [{"x": 425.0, "y": 1277.0}, {"x": 486.0, "y": 1275.0}, {"x": 486.0, "y": 1284.0}, {"x": 425.0, "y": 1286.0}]}, "description": "------"}, {"boundingPoly": {"vertices": [{"x": 201.0, "y": 1292.0}, {"x": 247.0, "y": 1292.0}, {"x": 247.0, "y": 1317.0}, {"x": 201.0, "y": 1317.0}]}, "description": " 1622"}, {"boundingPoly": {"vertices": [{"x": 85.0, "y": 1319.0}, {"x": 219.0, "y": 1319.0}, {"x": 219.0, "y": 1347.0}, {"x": 85.0, "y": 1347.0}]}, "description": " Default User"}, {"boundingPoly": {"vertices": [{"x": 185.0, "y": 1349.0}, {"x": 301.0, "y": 1349.0}, {"x": 301.0, "y": 1374.0}, {"x": 185.0, "y": 1374.0}]}, "description": " 0000000904"}, {"boundingPoly": {"vertices": [{"x": 133.0, "y": 1376.0}, {"x": 342.0, "y": 1376.0}, {"x": 342.0, "y": 1403.0}, {"x": 133.0, "y": 1403.0}]}, "description": " 24/10/2019 08:48:01"}, {"boundingPoly": {"vertices": [{"x": 18.0, "y": 1430.0}, {"x": 336.0, "y": 1433.0}, {"x": 336.0, "y": 1456.0}, {"x": 18.0, "y": 1454.0}]}, "description": "*Indicates tax inclusive item."}]}