{"textAnnotations": [{"boundingPoly": {"vertices": [{"x": 509.0, "y": 82.0}, {"x": 800.0, "y": 81.0}, {"x": 800.0, "y": 123.0}, {"x": 509.0, "y": 126.0}]}, "description": "merchant name"}, {"boundingPoly": {"vertices": [{"x": 443.0, "y": 130.0}, {"x": 555.0, "y": 130.0}, {"x": 555.0, "y": 175.0}, {"x": 443.0, "y": 175.0}]}, "description": "merchant address"}, {"boundingPoly": {"vertices": [{"x": 486.0, "y": 177.0}, {"x": 720.0, "y": 177.0}, {"x": 720.0, "y": 224.0}, {"x": 486.0, "y": 224.0}]}, "description": "merchant address"}, {"boundingPoly": {"vertices": [{"x": 585.0, "y": 225.0}, {"x": 864.0, "y": 225.0}, {"x": 864.0, "y": 272.0}, {"x": 585.0, "y": 272.0}]}, "description": "merchant phone"}, {"boundingPoly": {"vertices": [{"x": 603.0, "y": 273.0}, {"x": 841.0, "y": 273.0}, {"x": 841.0, "y": 320.0}, {"x": 603.0, "y": 320.0}]}, "description": " 994 7470 60"}, {"boundingPoly": {"vertices": [{"x": 563.0, "y": 130.0}, {"x": 846.0, "y": 130.0}, {"x": 846.0, "y": 174.0}, {"x": 563.0, "y": 174.0}]}, "description": "merchant address"}, {"boundingPoly": {"vertices": [{"x": 728.0, "y": 175.0}, {"x": 800.0, "y": 175.0}, {"x": 800.0, "y": 221.0}, {"x": 728.0, "y": 221.0}]}, "description": "merchant address"}, {"boundingPoly": {"vertices": [{"x": 444.0, "y": 228.0}, {"x": 576.0, "y": 228.0}, {"x": 576.0, "y": 274.0}, {"x": 444.0, "y": 274.0}]}, "description": " Phone:"}, {"boundingPoly": {"vertices": [{"x": 445.0, "y": 277.0}, {"x": 595.0, "y": 277.0}, {"x": 595.0, "y": 321.0}, {"x": 445.0, "y": 321.0}]}, "description": " VAT No:"}, {"boundingPoly": {"vertices": [{"x": 357.0, "y": 326.0}, {"x": 466.0, "y": 326.0}, {"x": 466.0, "y": 371.0}, {"x": 357.0, "y": 371.0}]}, "description": " Gil D"}, {"boundingPoly": {"vertices": [{"x": 236.0, "y": 326.0}, {"x": 350.0, "y": 326.0}, {"x": 350.0, "y": 370.0}, {"x": 236.0, "y": 370.0}]}, "description": " 26042"}, {"boundingPoly": {"vertices": [{"x": 692.0, "y": 386.0}, {"x": 861.0, "y": 384.0}, {"x": 861.0, "y": 402.0}, {"x": 692.0, "y": 405.0}]}, "description": "--------"}, {"boundingPoly": {"vertices": [{"x": 927.0, "y": 381.0}, {"x": 1071.0, "y": 377.0}, {"x": 1071.0, "y": 394.0}, {"x": 927.0, "y": 398.0}]}, "description": "---- - - -"}, {"boundingPoly": {"vertices": [{"x": 234.0, "y": 424.0}, {"x": 424.0, "y": 424.0}, {"x": 424.0, "y": 469.0}, {"x": 234.0, "y": 468.0}]}, "description": "CHK 23040"}, {"boundingPoly": {"vertices": [{"x": 547.0, "y": 424.0}, {"x": 610.0, "y": 424.0}, {"x": 610.0, "y": 469.0}, {"x": 547.0, "y": 469.0}]}, "description": " TBL"}, {"boundingPoly": {"vertices": [{"x": 463.0, "y": 469.0}, {"x": 824.0, "y": 469.0}, {"x": 824.0, "y": 519.0}, {"x": 463.0, "y": 519.0}]}, "description": " 1 Dec'19 19:38 PM"}, {"boundingPoly": {"vertices": [{"x": 795.0, "y": 531.0}, {"x": 811.0, "y": 531.0}, {"x": 811.0, "y": 551.0}, {"x": 795.0, "y": 551.0}]}, "description": " -"}, {"boundingPoly": {"vertices": [{"x": 619.0, "y": 422.0}, {"x": 709.0, "y": 422.0}, {"x": 709.0, "y": 468.0}, {"x": 619.0, "y": 468.0}]}, "description": " 54/1"}, {"boundingPoly": {"vertices": [{"x": 966.0, "y": 416.0}, {"x": 1049.0, "y": 416.0}, {"x": 1049.0, "y": 456.0}, {"x": 966.0, "y": 456.0}]}, "description": " GST"}, {"boundingPoly": {"vertices": [{"x": 1056.0, "y": 416.0}, {"x": 1078.0, "y": 416.0}, {"x": 1078.0, "y": 454.0}, {"x": 1056.0, "y": 454.0}]}, "description": " 1"}, {"boundingPoly": {"vertices": [{"x": 626.0, "y": 532.0}, {"x": 789.0, "y": 532.0}, {"x": 789.0, "y": 553.0}, {"x": 626.0, "y": 553.0}]}, "description": " --------"}, {"boundingPoly": {"vertices": [{"x": 816.0, "y": 531.0}, {"x": 849.0, "y": 531.0}, {"x": 849.0, "y": 551.0}, {"x": 816.0, "y": 551.0}]}, "description": " --"}, {"boundingPoly": {"vertices": [{"x": 864.0, "y": 529.0}, {"x": 1074.0, "y": 524.0}, {"x": 1074.0, "y": 541.0}, {"x": 865.0, "y": 546.0}]}, "description": "--- - ----- -"}, {"boundingPoly": {"vertices": [{"x": 247.0, "y": 574.0}, {"x": 519.0, "y": 572.0}, {"x": 519.0, "y": 615.0}, {"x": 247.0, "y": 617.0}]}, "description": "1 Asahi 50 cl"}, {"boundingPoly": {"vertices": [{"x": 279.0, "y": 624.0}, {"x": 517.0, "y": 624.0}, {"x": 517.0, "y": 666.0}, {"x": 279.0, "y": 666.0}]}, "description": " Sashimi Mix"}, {"boundingPoly": {"vertices": [{"x": 277.0, "y": 675.0}, {"x": 452.0, "y": 675.0}, {"x": 452.0, "y": 717.0}, {"x": 277.0, "y": 717.0}]}, "description": " Nana-Ban"}, {"boundingPoly": {"vertices": [{"x": 273.0, "y": 721.0}, {"x": 531.0, "y": 721.0}, {"x": 531.0, "y": 767.0}, {"x": 273.0, "y": 767.0}]}, "description": " Rainbow Roll"}, {"boundingPoly": {"vertices": [{"x": 855.0, "y": 565.0}, {"x": 945.0, "y": 563.0}, {"x": 946.0, "y": 604.0}, {"x": 856.0, "y": 608.0}]}, "description": "6.50"}, {"boundingPoly": {"vertices": [{"x": 841.0, "y": 615.0}, {"x": 948.0, "y": 614.0}, {"x": 947.0, "y": 655.0}, {"x": 842.0, "y": 658.0}]}, "description": "18.80"}, {"boundingPoly": {"vertices": [{"x": 841.0, "y": 668.0}, {"x": 947.0, "y": 665.0}, {"x": 947.0, "y": 704.0}, {"x": 841.0, "y": 709.0}]}, "description": "18.50"}, {"boundingPoly": {"vertices": [{"x": 840.0, "y": 718.0}, {"x": 946.0, "y": 715.0}, {"x": 947.0, "y": 757.0}, {"x": 841.0, "y": 761.0}]}, "description": "15.00"}, {"boundingPoly": {"vertices": [{"x": 245.0, "y": 625.0}, {"x": 273.0, "y": 625.0}, {"x": 273.0, "y": 665.0}, {"x": 245.0, "y": 665.0}]}, "description": " 1"}, {"boundingPoly": {"vertices": [{"x": 244.0, "y": 676.0}, {"x": 272.0, "y": 676.0}, {"x": 272.0, "y": 716.0}, {"x": 244.0, "y": 716.0}]}, "description": " 1"}, {"boundingPoly": {"vertices": [{"x": 239.0, "y": 724.0}, {"x": 267.0, "y": 724.0}, {"x": 267.0, "y": 767.0}, {"x": 239.0, "y": 767.0}]}, "description": " 1"}, {"boundingPoly": {"vertices": [{"x": 329.0, "y": 822.0}, {"x": 596.0, "y": 822.0}, {"x": 597.0, "y": 868.0}, {"x": 329.0, "y": 869.0}]}, "description": "9.80 vat 20%"}, {"boundingPoly": {"vertices": [{"x": 266.0, "y": 877.0}, {"x": 480.0, "y": 877.0}, {"x": 480.0, "y": 923.0}, {"x": 266.0, "y": 923.0}]}, "description": " Net Total:"}, {"boundingPoly": {"vertices": [{"x": 261.0, "y": 928.0}, {"x": 550.0, "y": 928.0}, {"x": 550.0, "y": 975.0}, {"x": 261.0, "y": 976.0}]}, "description": "Incl VAT 20 %"}, {"boundingPoly": {"vertices": [{"x": 257.0, "y": 980.0}, {"x": 545.0, "y": 984.0}, {"x": 545.0, "y": 1027.0}, {"x": 256.0, "y": 1022.0}]}, "description": "Servicecharge"}, {"boundingPoly": {"vertices": [{"x": 185.0, "y": 1028.0}, {"x": 578.0, "y": 1031.0}, {"x": 577.0, "y": 1077.0}, {"x": 185.0, "y": 1074.0}]}, "description": "Total Due"}, {"boundingPoly": {"vertices": [{"x": 834.0, "y": 819.0}, {"x": 948.0, "y": 819.0}, {"x": 947.0, "y": 862.0}, {"x": 833.0, "y": 864.0}]}, "description": "58.80"}, {"boundingPoly": {"vertices": [{"x": 807.0, "y": 876.0}, {"x": 947.0, "y": 873.0}, {"x": 948.0, "y": 916.0}, {"x": 809.0, "y": 920.0}]}, "description": "\u00a349.00"}, {"boundingPoly": {"vertices": [{"x": 804.0, "y": 928.0}, {"x": 949.0, "y": 927.0}, {"x": 949.0, "y": 972.0}, {"x": 804.0, "y": 974.0}]}, "description": "\u00a358.80"}, {"boundingPoly": {"vertices": [{"x": 828.0, "y": 982.0}, {"x": 951.0, "y": 981.0}, {"x": 951.0, "y": 1024.0}, {"x": 827.0, "y": 1026.0}]}, "description": "27.35"}, {"boundingPoly": {"vertices": [{"x": 806.0, "y": 1030.0}, {"x": 1086.0, "y": 1029.0}, {"x": 1087.0, "y": 1079.0}, {"x": 806.0, "y": 1080.0}]}, "description": "266.15"}, {"boundingPoly": {"vertices": [{"x": 428.0, "y": 1135.0}, {"x": 714.0, "y": 1139.0}, {"x": 713.0, "y": 1188.0}, {"x": 427.0, "y": 1184.0}]}, "description": "SticksnSanta"}, {"boundingPoly": {"vertices": [{"x": 573.0, "y": 1212.0}, {"x": 639.0, "y": 1213.0}, {"x": 639.0, "y": 1228.0}, {"x": 573.0, "y": 1227.0}]}, "description": "---"}, {"boundingPoly": {"vertices": [{"x": 207.0, "y": 1247.0}, {"x": 1030.0, "y": 1260.0}, {"x": 1029.0, "y": 1312.0}, {"x": 207.0, "y": 1300.0}]}, "description": "Book your Christmas party with us."}, {"boundingPoly": {"vertices": [{"x": 157.0, "y": 1306.0}, {"x": 982.0, "y": 1319.0}, {"x": 981.0, "y": 1373.0}, {"x": 156.0, "y": 1360.0}]}, "description": "Enquire at your local SticksnSushi"}, {"boundingPoly": {"vertices": [{"x": 316.0, "y": 1372.0}, {"x": 879.0, "y": 1384.0}, {"x": 878.0, "y": 1435.0}, {"x": 315.0, "y": 1422.0}]}, "description": "or send us a message at"}, {"boundingPoly": {"vertices": [{"x": 312.0, "y": 1434.0}, {"x": 906.0, "y": 1445.0}, {"x": 904.0, "y": 1501.0}, {"x": 311.0, "y": 1486.0}]}, "description": "contact@sticksnsushi.com"}, {"boundingPoly": {"vertices": [{"x": 220.0, "y": 1557.0}, {"x": 960.0, "y": 1579.0}, {"x": 958.0, "y": 1643.0}, {"x": 218.0, "y": 1616.0}]}, "description": "An optional and discretionary"}, {"boundingPoly": {"vertices": [{"x": 192.0, "y": 1688.0}, {"x": 994.0, "y": 1722.0}, {"x": 991.0, "y": 1786.0}, {"x": 191.0, "y": 1750.0}]}, "description": "been added to your bill, which"}, {"boundingPoly": {"vertices": [{"x": 357.0, "y": 1840.0}, {"x": 795.0, "y": 1865.0}, {"x": 791.0, "y": 1926.0}, {"x": 355.0, "y": 1901.0}]}, "description": "sticksnsushi.com"}, {"boundingPoly": {"vertices": [{"x": 232.0, "y": 1627.0}, {"x": 934.0, "y": 1648.0}, {"x": 931.0, "y": 1710.0}, {"x": 230.0, "y": 1684.0}]}, "description": "service charge of 12,5% has"}, {"boundingPoly": {"vertices": [{"x": 167.0, "y": 1750.0}, {"x": 1008.0, "y": 1793.0}, {"x": 1006.0, "y": 1863.0}, {"x": 164.0, "y": 1822.0}]}, "description": "is shared between all our staff."}]}