{"textAnnotations": [{"boundingPoly": {"vertices": [{"x": 33.0, "y": 81.0}, {"x": 111.0, "y": 80.0}, {"x": 111.0, "y": 99.0}, {"x": 33.0, "y": 100.0}]}, "description": "81/16/2018"}, {"boundingPoly": {"vertices": [{"x": 74.0, "y": 119.0}, {"x": 223.0, "y": 116.0}, {"x": 223.0, "y": 135.0}, {"x": 75.0, "y": 138.0}]}, "description": "merchant name"}, {"boundingPoly": {"vertices": [{"x": 84.0, "y": 140.0}, {"x": 139.0, "y": 140.0}, {"x": 139.0, "y": 158.0}, {"x": 84.0, "y": 158.0}]}, "description": " 3798309"}, {"boundingPoly": {"vertices": [{"x": 90.0, "y": 158.0}, {"x": 131.0, "y": 158.0}, {"x": 131.0, "y": 178.0}, {"x": 90.0, "y": 178.0}]}, "description": " Flora"}, {"boundingPoly": {"vertices": [{"x": 36.0, "y": 178.0}, {"x": 102.0, "y": 178.0}, {"x": 102.0, "y": 198.0}, {"x": 36.0, "y": 198.0}]}, "description": " Terminal:"}, {"boundingPoly": {"vertices": [{"x": 32.0, "y": 141.0}, {"x": 81.0, "y": 141.0}, {"x": 81.0, "y": 159.0}, {"x": 32.0, "y": 159.0}]}, "description": " Check:"}, {"boundingPoly": {"vertices": [{"x": 33.0, "y": 160.0}, {"x": 87.0, "y": 160.0}, {"x": 87.0, "y": 179.0}, {"x": 33.0, "y": 179.0}]}, "description": " Server:"}, {"boundingPoly": {"vertices": [{"x": 105.0, "y": 178.0}, {"x": 131.0, "y": 178.0}, {"x": 131.0, "y": 197.0}, {"x": 105.0, "y": 197.0}]}, "description": " 375"}, {"boundingPoly": {"vertices": [{"x": 120.0, "y": 217.0}, {"x": 186.0, "y": 216.0}, {"x": 186.0, "y": 233.0}, {"x": 120.0, "y": 234.0}]}, "description": "SUC Amex"}, {"boundingPoly": {"vertices": [{"x": 76.0, "y": 237.0}, {"x": 138.0, "y": 236.0}, {"x": 138.0, "y": 254.0}, {"x": 77.0, "y": 255.0}]}, "description": "1 Yogurt"}, {"boundingPoly": {"vertices": [{"x": 90.0, "y": 255.0}, {"x": 184.0, "y": 253.0}, {"x": 184.0, "y": 271.0}, {"x": 91.0, "y": 273.0}]}, "description": "070470006550"}, {"boundingPoly": {"vertices": [{"x": 77.0, "y": 275.0}, {"x": 205.0, "y": 273.0}, {"x": 206.0, "y": 290.0}, {"x": 78.0, "y": 293.0}]}, "description": "1 SAL - Salad Bar"}, {"boundingPoly": {"vertices": [{"x": 110.0, "y": 293.0}, {"x": 199.0, "y": 291.0}, {"x": 199.0, "y": 309.0}, {"x": 111.0, "y": 311.0}]}, "description": "0.54 8 7.52"}, {"boundingPoly": {"vertices": [{"x": 77.0, "y": 313.0}, {"x": 183.0, "y": 311.0}, {"x": 183.0, "y": 330.0}, {"x": 77.0, "y": 331.0}]}, "description": "1 20oz Seattle"}, {"boundingPoly": {"vertices": [{"x": 248.0, "y": 232.0}, {"x": 281.0, "y": 232.0}, {"x": 280.0, "y": 250.0}, {"x": 249.0, "y": 251.0}]}, "description": "1.00"}, {"boundingPoly": {"vertices": [{"x": 248.0, "y": 271.0}, {"x": 280.0, "y": 270.0}, {"x": 280.0, "y": 288.0}, {"x": 248.0, "y": 288.0}]}, "description": "4.06"}, {"boundingPoly": {"vertices": [{"x": 248.0, "y": 309.0}, {"x": 280.0, "y": 308.0}, {"x": 279.0, "y": 326.0}, {"x": 249.0, "y": 326.0}]}, "description": "1.45"}, {"boundingPoly": {"vertices": [{"x": 107.0, "y": 351.0}, {"x": 168.0, "y": 351.0}, {"x": 168.0, "y": 368.0}, {"x": 107.0, "y": 369.0}]}, "description": "Subtotal"}, {"boundingPoly": {"vertices": [{"x": 144.0, "y": 372.0}, {"x": 168.0, "y": 372.0}, {"x": 168.0, "y": 388.0}, {"x": 144.0, "y": 387.0}]}, "description": "Tax"}, {"boundingPoly": {"vertices": [{"x": 129.0, "y": 391.0}, {"x": 168.0, "y": 391.0}, {"x": 168.0, "y": 407.0}, {"x": 129.0, "y": 407.0}]}, "description": "Total"}, {"boundingPoly": {"vertices": [{"x": 231.0, "y": 349.0}, {"x": 264.0, "y": 349.0}, {"x": 264.0, "y": 366.0}, {"x": 231.0, "y": 366.0}]}, "description": "6.51"}, {"boundingPoly": {"vertices": [{"x": 231.0, "y": 369.0}, {"x": 262.0, "y": 369.0}, {"x": 263.0, "y": 385.0}, {"x": 231.0, "y": 386.0}]}, "description": "0.51"}, {"boundingPoly": {"vertices": [{"x": 232.0, "y": 388.0}, {"x": 265.0, "y": 388.0}, {"x": 265.0, "y": 405.0}, {"x": 232.0, "y": 405.0}]}, "description": "7.02"}, {"boundingPoly": {"vertices": [{"x": 34.0, "y": 448.0}, {"x": 66.0, "y": 448.0}, {"x": 66.0, "y": 467.0}, {"x": 34.0, "y": 467.0}]}, "description": " AMEX"}, {"boundingPoly": {"vertices": [{"x": 48.0, "y": 468.0}, {"x": 161.0, "y": 466.0}, {"x": 161.0, "y": 483.0}, {"x": 48.0, "y": 485.0}]}, "description": "XXXXXXXXXXX3003"}, {"boundingPoly": {"vertices": [{"x": 92.0, "y": 506.0}, {"x": 212.0, "y": 504.0}, {"x": 212.0, "y": 521.0}, {"x": 92.0, "y": 523.0}]}, "description": "AMERICAN EXPRESS"}, {"boundingPoly": {"vertices": [{"x": 82.0, "y": 525.0}, {"x": 154.0, "y": 525.0}, {"x": 154.0, "y": 543.0}, {"x": 82.0, "y": 543.0}]}, "description": " Signature"}, {"boundingPoly": {"vertices": [{"x": 47.0, "y": 545.0}, {"x": 130.0, "y": 545.0}, {"x": 130.0, "y": 563.0}, {"x": 47.0, "y": 563.0}]}, "description": " Entry Mode:"}, {"boundingPoly": {"vertices": [{"x": 48.0, "y": 564.0}, {"x": 125.0, "y": 564.0}, {"x": 125.0, "y": 581.0}, {"x": 48.0, "y": 581.0}]}, "description": " Auth Mode:"}, {"boundingPoly": {"vertices": [{"x": 83.0, "y": 581.0}, {"x": 204.0, "y": 581.0}, {"x": 204.0, "y": 599.0}, {"x": 83.0, "y": 599.0}]}, "description": " A000000025010801"}, {"boundingPoly": {"vertices": [{"x": 84.0, "y": 601.0}, {"x": 161.0, "y": 601.0}, {"x": 161.0, "y": 617.0}, {"x": 84.0, "y": 617.0}]}, "description": " 0800008000"}, {"boundingPoly": {"vertices": [{"x": 84.0, "y": 618.0}, {"x": 191.0, "y": 618.0}, {"x": 191.0, "y": 636.0}, {"x": 84.0, "y": 636.0}]}, "description": " 06590103602000"}, {"boundingPoly": {"vertices": [{"x": 85.0, "y": 639.0}, {"x": 118.0, "y": 639.0}, {"x": 118.0, "y": 656.0}, {"x": 85.0, "y": 656.0}]}, "description": " F800"}, {"boundingPoly": {"vertices": [{"x": 85.0, "y": 658.0}, {"x": 103.0, "y": 658.0}, {"x": 103.0, "y": 675.0}, {"x": 85.0, "y": 675.0}]}, "description": " 00"}, {"boundingPoly": {"vertices": [{"x": 69.0, "y": 448.0}, {"x": 97.0, "y": 448.0}, {"x": 97.0, "y": 466.0}, {"x": 69.0, "y": 466.0}]}, "description": " EMV"}, {"boundingPoly": {"vertices": [{"x": 247.0, "y": 445.0}, {"x": 281.0, "y": 446.0}, {"x": 281.0, "y": 462.0}, {"x": 246.0, "y": 462.0}]}, "description": "7.02"}, {"boundingPoly": {"vertices": [{"x": 47.0, "y": 525.0}, {"x": 79.0, "y": 525.0}, {"x": 79.0, "y": 543.0}, {"x": 47.0, "y": 543.0}]}, "description": " CVM:"}, {"boundingPoly": {"vertices": [{"x": 133.0, "y": 545.0}, {"x": 169.0, "y": 545.0}, {"x": 169.0, "y": 562.0}, {"x": 133.0, "y": 562.0}]}, "description": " Chip"}, {"boundingPoly": {"vertices": [{"x": 128.0, "y": 564.0}, {"x": 175.0, "y": 564.0}, {"x": 175.0, "y": 580.0}, {"x": 128.0, "y": 580.0}]}, "description": " Issuer"}, {"boundingPoly": {"vertices": [{"x": 49.0, "y": 583.0}, {"x": 80.0, "y": 583.0}, {"x": 80.0, "y": 599.0}, {"x": 49.0, "y": 599.0}]}, "description": " AID:"}, {"boundingPoly": {"vertices": [{"x": 48.0, "y": 601.0}, {"x": 81.0, "y": 601.0}, {"x": 81.0, "y": 618.0}, {"x": 48.0, "y": 618.0}]}, "description": " TVR:"}, {"boundingPoly": {"vertices": [{"x": 49.0, "y": 620.0}, {"x": 82.0, "y": 620.0}, {"x": 82.0, "y": 636.0}, {"x": 49.0, "y": 636.0}]}, "description": " IAD:"}, {"boundingPoly": {"vertices": [{"x": 49.0, "y": 639.0}, {"x": 82.0, "y": 639.0}, {"x": 82.0, "y": 656.0}, {"x": 49.0, "y": 656.0}]}, "description": " TSI:"}, {"boundingPoly": {"vertices": [{"x": 49.0, "y": 658.0}, {"x": 82.0, "y": 658.0}, {"x": 82.0, "y": 675.0}, {"x": 49.0, "y": 675.0}]}, "description": " ARC:"}, {"boundingPoly": {"vertices": [{"x": 86.0, "y": 696.0}, {"x": 168.0, "y": 695.0}, {"x": 168.0, "y": 712.0}, {"x": 86.0, "y": 713.0}]}, "description": "GRAND TOTAL"}, {"boundingPoly": {"vertices": [{"x": 239.0, "y": 694.0}, {"x": 272.0, "y": 694.0}, {"x": 272.0, "y": 711.0}, {"x": 239.0, "y": 711.0}]}, "description": "7.02"}, {"boundingPoly": {"vertices": [{"x": 218.0, "y": 737.0}, {"x": 280.0, "y": 737.0}, {"x": 280.0, "y": 746.0}, {"x": 218.0, "y": 747.0}]}, "description": "========"}, {"boundingPoly": {"vertices": [{"x": 35.0, "y": 752.0}, {"x": 236.0, "y": 752.0}, {"x": 236.0, "y": 772.0}, {"x": 35.0, "y": 772.0}]}, "description": " T375 C1962 11/14/2019 08:45"}, {"boundingPoly": {"vertices": [{"x": 34.0, "y": 800.0}, {"x": 97.0, "y": 800.0}, {"x": 97.0, "y": 807.0}, {"x": 34.0, "y": 807.0}]}, "description": "---------"}, {"boundingPoly": {"vertices": [{"x": 92.0, "y": 811.0}, {"x": 221.0, "y": 810.0}, {"x": 222.0, "y": 827.0}, {"x": 92.0, "y": 829.0}]}, "description": "DUPLICATE RECEIPT"}]}