{"textAnnotations": [{"boundingPoly": {"vertices": [{"x": 78.0, "y": 41.0}, {"x": 132.0, "y": 42.0}, {"x": 131.0, "y": 52.0}, {"x": 78.0, "y": 51.0}]}, "description": "merchant name"}, {"boundingPoly": {"vertices": [{"x": 76.0, "y": 60.0}, {"x": 136.0, "y": 60.0}, {"x": 136.0, "y": 70.0}, {"x": 76.0, "y": 70.0}]}, "description": "merchant address"}, {"boundingPoly": {"vertices": [{"x": 81.0, "y": 75.0}, {"x": 131.0, "y": 74.0}, {"x": 131.0, "y": 83.0}, {"x": 81.0, "y": 84.0}]}, "description": "merchant address"}, {"boundingPoly": {"vertices": [{"x": 69.0, "y": 84.0}, {"x": 143.0, "y": 84.0}, {"x": 143.0, "y": 92.0}, {"x": 69.0, "y": 93.0}]}, "description": "merchant address"}, {"boundingPoly": {"vertices": [{"x": 79.0, "y": 93.0}, {"x": 135.0, "y": 93.0}, {"x": 135.0, "y": 101.0}, {"x": 79.0, "y": 101.0}]}, "description": "merchant phone"}, {"boundingPoly": {"vertices": [{"x": 63.0, "y": 119.0}, {"x": 153.0, "y": 119.0}, {"x": 153.0, "y": 128.0}, {"x": 63.0, "y": 128.0}]}, "description": " Date 12/12/19, 12:11 PM"}, {"boundingPoly": {"vertices": [{"x": 85.0, "y": 128.0}, {"x": 128.0, "y": 127.0}, {"x": 128.0, "y": 136.0}, {"x": 85.0, "y": 136.0}]}, "description": "Devantao E"}, {"boundingPoly": {"vertices": [{"x": 50.0, "y": 137.0}, {"x": 85.0, "y": 137.0}, {"x": 86.0, "y": 145.0}, {"x": 50.0, "y": 145.0}]}, "description": "Check #"}, {"boundingPoly": {"vertices": [{"x": 60.0, "y": 146.0}, {"x": 83.0, "y": 146.0}, {"x": 83.0, "y": 153.0}, {"x": 60.0, "y": 153.0}]}, "description": "Label"}, {"boundingPoly": {"vertices": [{"x": 54.0, "y": 155.0}, {"x": 85.0, "y": 155.0}, {"x": 85.0, "y": 162.0}, {"x": 54.0, "y": 162.0}]}, "description": "Quest"}, {"boundingPoly": {"vertices": [{"x": 40.0, "y": 163.0}, {"x": 117.0, "y": 162.0}, {"x": 117.0, "y": 170.0}, {"x": 40.0, "y": 171.0}]}, "description": "Order Type Takeout"}, {"boundingPoly": {"vertices": [{"x": 55.0, "y": 129.0}, {"x": 84.0, "y": 129.0}, {"x": 84.0, "y": 136.0}, {"x": 55.0, "y": 136.0}]}, "description": "Server"}, {"boundingPoly": {"vertices": [{"x": 86.0, "y": 137.0}, {"x": 105.0, "y": 137.0}, {"x": 105.0, "y": 144.0}, {"x": 86.0, "y": 144.0}]}, "description": "9511"}, {"boundingPoly": {"vertices": [{"x": 25.0, "y": 178.0}, {"x": 53.0, "y": 178.0}, {"x": 53.0, "y": 185.0}, {"x": 25.0, "y": 185.0}]}, "description": "ITEMS"}, {"boundingPoly": {"vertices": [{"x": 23.0, "y": 186.0}, {"x": 105.0, "y": 187.0}, {"x": 105.0, "y": 196.0}, {"x": 23.0, "y": 195.0}]}, "description": "Grilled Vegetable Bowl"}, {"boundingPoly": {"vertices": [{"x": 31.0, "y": 196.0}, {"x": 53.0, "y": 196.0}, {"x": 53.0, "y": 204.0}, {"x": 31.0, "y": 204.0}]}, "description": "White"}, {"boundingPoly": {"vertices": [{"x": 164.0, "y": 177.0}, {"x": 188.0, "y": 177.0}, {"x": 188.0, "y": 185.0}, {"x": 164.0, "y": 184.0}]}, "description": "PRICE"}, {"boundingPoly": {"vertices": [{"x": 169.0, "y": 186.0}, {"x": 190.0, "y": 187.0}, {"x": 190.0, "y": 195.0}, {"x": 169.0, "y": 195.0}]}, "description": "30.05"}, {"boundingPoly": {"vertices": [{"x": 105.0, "y": 222.0}, {"x": 134.0, "y": 222.0}, {"x": 134.0, "y": 230.0}, {"x": 105.0, "y": 230.0}]}, "description": "Subtotal"}, {"boundingPoly": {"vertices": [{"x": 121.0, "y": 232.0}, {"x": 134.0, "y": 232.0}, {"x": 134.0, "y": 239.0}, {"x": 121.0, "y": 239.0}]}, "description": "Ta"}, {"boundingPoly": {"vertices": [{"x": 118.0, "y": 241.0}, {"x": 136.0, "y": 241.0}, {"x": 136.0, "y": 248.0}, {"x": 118.0, "y": 248.0}]}, "description": "Total"}, {"boundingPoly": {"vertices": [{"x": 171.0, "y": 222.0}, {"x": 193.0, "y": 222.0}, {"x": 193.0, "y": 230.0}, {"x": 171.0, "y": 230.0}]}, "description": "$9.95"}, {"boundingPoly": {"vertices": [{"x": 172.0, "y": 231.0}, {"x": 194.0, "y": 231.0}, {"x": 194.0, "y": 238.0}, {"x": 172.0, "y": 238.0}]}, "description": "$0.88"}, {"boundingPoly": {"vertices": [{"x": 168.0, "y": 240.0}, {"x": 194.0, "y": 239.0}, {"x": 194.0, "y": 246.0}, {"x": 168.0, "y": 247.0}]}, "description": "$10.83"}, {"boundingPoly": {"vertices": [{"x": 87.0, "y": 259.0}, {"x": 136.0, "y": 259.0}, {"x": 136.0, "y": 268.0}, {"x": 87.0, "y": 268.0}]}, "description": "Balance Que"}, {"boundingPoly": {"vertices": [{"x": 174.0, "y": 257.0}, {"x": 195.0, "y": 257.0}, {"x": 195.0, "y": 265.0}, {"x": 174.0, "y": 266.0}]}, "description": "$0.00"}, {"boundingPoly": {"vertices": [{"x": 17.0, "y": 281.0}, {"x": 66.0, "y": 280.0}, {"x": 66.0, "y": 290.0}, {"x": 17.0, "y": 291.0}]}, "description": "PAYMENTS"}, {"boundingPoly": {"vertices": [{"x": 16.0, "y": 294.0}, {"x": 64.0, "y": 293.0}, {"x": 64.0, "y": 303.0}, {"x": 16.0, "y": 304.0}]}, "description": "Amex-1002"}, {"boundingPoly": {"vertices": [{"x": 125.0, "y": 278.0}, {"x": 138.0, "y": 278.0}, {"x": 138.0, "y": 285.0}, {"x": 125.0, "y": 286.0}]}, "description": "TIP"}, {"boundingPoly": {"vertices": [{"x": 169.0, "y": 277.0}, {"x": 198.0, "y": 276.0}, {"x": 198.0, "y": 285.0}, {"x": 170.0, "y": 286.0}]}, "description": "TOTAL"}, {"boundingPoly": {"vertices": [{"x": 170.0, "y": 289.0}, {"x": 200.0, "y": 289.0}, {"x": 200.0, "y": 299.0}, {"x": 170.0, "y": 299.0}]}, "description": "$10.83"}]}