{"textAnnotations": [{"boundingPoly": {"vertices": [{"x": 65.0, "y": 113.0}, {"x": 205.0, "y": 106.0}, {"x": 205.0, "y": 121.0}, {"x": 66.0, "y": 128.0}]}, "description": "merchant name"}, {"boundingPoly": {"vertices": [{"x": 71.0, "y": 145.0}, {"x": 198.0, "y": 137.0}, {"x": 199.0, "y": 151.0}, {"x": 72.0, "y": 159.0}]}, "description": "merchant address"}, {"boundingPoly": {"vertices": [{"x": 96.0, "y": 128.0}, {"x": 174.0, "y": 123.0}, {"x": 175.0, "y": 137.0}, {"x": 97.0, "y": 141.0}]}, "description": "merchant address"}, {"boundingPoly": {"vertices": [{"x": 95.0, "y": 158.0}, {"x": 182.0, "y": 155.0}, {"x": 183.0, "y": 168.0}, {"x": 96.0, "y": 173.0}]}, "description": "merchant phone"}, {"boundingPoly": {"vertices": [{"x": 117.0, "y": 203.0}, {"x": 142.0, "y": 201.0}, {"x": 142.0, "y": 217.0}, {"x": 118.0, "y": 218.0}]}, "description": "25"}, {"boundingPoly": {"vertices": [{"x": 12.0, "y": 255.0}, {"x": 44.0, "y": 255.0}, {"x": 44.0, "y": 269.0}, {"x": 12.0, "y": 269.0}]}, "description": " Host:"}, {"boundingPoly": {"vertices": [{"x": 12.0, "y": 268.0}, {"x": 26.0, "y": 268.0}, {"x": 25.0, "y": 282.0}, {"x": 12.0, "y": 282.0}]}, "description": "25"}, {"boundingPoly": {"vertices": [{"x": 46.0, "y": 254.0}, {"x": 91.0, "y": 254.0}, {"x": 91.0, "y": 268.0}, {"x": 46.0, "y": 268.0}]}, "description": " DERRICK"}, {"boundingPoly": {"vertices": [{"x": 200.0, "y": 250.0}, {"x": 263.0, "y": 249.0}, {"x": 263.0, "y": 263.0}, {"x": 201.0, "y": 264.0}]}, "description": "11/18/2019"}, {"boundingPoly": {"vertices": [{"x": 220.0, "y": 266.0}, {"x": 263.0, "y": 266.0}, {"x": 263.0, "y": 279.0}, {"x": 220.0, "y": 279.0}]}, "description": " 4:58 PM"}, {"boundingPoly": {"vertices": [{"x": 231.0, "y": 281.0}, {"x": 262.0, "y": 281.0}, {"x": 263.0, "y": 293.0}, {"x": 231.0, "y": 293.0}]}, "description": "60006"}, {"boundingPoly": {"vertices": [{"x": 12.0, "y": 392.0}, {"x": 44.0, "y": 393.0}, {"x": 43.0, "y": 404.0}, {"x": 12.0, "y": 405.0}]}, "description": "Water"}, {"boundingPoly": {"vertices": [{"x": 24.0, "y": 408.0}, {"x": 78.0, "y": 408.0}, {"x": 77.0, "y": 421.0}, {"x": 24.0, "y": 421.0}]}, "description": "Btl Water"}, {"boundingPoly": {"vertices": [{"x": 11.0, "y": 424.0}, {"x": 83.0, "y": 423.0}, {"x": 84.0, "y": 436.0}, {"x": 11.0, "y": 437.0}]}, "description": "Premium Beer"}, {"boundingPoly": {"vertices": [{"x": 235.0, "y": 390.0}, {"x": 262.0, "y": 390.0}, {"x": 261.0, "y": 403.0}, {"x": 235.0, "y": 404.0}]}, "description": "0.00"}, {"boundingPoly": {"vertices": [{"x": 236.0, "y": 406.0}, {"x": 261.0, "y": 405.0}, {"x": 260.0, "y": 419.0}, {"x": 236.0, "y": 420.0}]}, "description": "1.59"}, {"boundingPoly": {"vertices": [{"x": 235.0, "y": 421.0}, {"x": 260.0, "y": 421.0}, {"x": 261.0, "y": 433.0}, {"x": 235.0, "y": 433.0}]}, "description": "5.00"}, {"boundingPoly": {"vertices": [{"x": 11.0, "y": 482.0}, {"x": 130.0, "y": 481.0}, {"x": 130.0, "y": 494.0}, {"x": 11.0, "y": 495.0}]}, "description": "GET A FREE LARGE FRY"}, {"boundingPoly": {"vertices": [{"x": 10.0, "y": 497.0}, {"x": 154.0, "y": 496.0}, {"x": 154.0, "y": 508.0}, {"x": 10.0, "y": 510.0}]}, "description": "with your next purchase!"}, {"boundingPoly": {"vertices": [{"x": 10.0, "y": 511.0}, {"x": 218.0, "y": 507.0}, {"x": 219.0, "y": 521.0}, {"x": 10.0, "y": 524.0}]}, "description": "We value your opinion. Please visit"}, {"boundingPoly": {"vertices": [{"x": 10.0, "y": 526.0}, {"x": 177.0, "y": 524.0}, {"x": 177.0, "y": 538.0}, {"x": 10.0, "y": 540.0}]}, "description": "www.portillos.com/survey and"}, {"boundingPoly": {"vertices": [{"x": 12.0, "y": 541.0}, {"x": 188.0, "y": 540.0}, {"x": 188.0, "y": 554.0}, {"x": 12.0, "y": 555.0}]}, "description": "tell us about your experience."}, {"boundingPoly": {"vertices": [{"x": 12.0, "y": 556.0}, {"x": 224.0, "y": 556.0}, {"x": 224.0, "y": 571.0}, {"x": 12.0, "y": 571.0}]}, "description": " Enter this code to start the survey:"}, {"boundingPoly": {"vertices": [{"x": 12.0, "y": 587.0}, {"x": 190.0, "y": 586.0}, {"x": 190.0, "y": 601.0}, {"x": 12.0, "y": 602.0}]}, "description": "| 060 001 600 180 110 068 80 |"}, {"boundingPoly": {"vertices": [{"x": 12.0, "y": 617.0}, {"x": 208.0, "y": 616.0}, {"x": 208.0, "y": 630.0}, {"x": 12.0, "y": 632.0}]}, "description": "You will be provided a validation"}, {"boundingPoly": {"vertices": [{"x": 13.0, "y": 633.0}, {"x": 176.0, "y": 632.0}, {"x": 176.0, "y": 646.0}, {"x": 13.0, "y": 647.0}]}, "description": "code upon survey completion."}, {"boundingPoly": {"vertices": [{"x": 12.0, "y": 648.0}, {"x": 196.0, "y": 648.0}, {"x": 196.0, "y": 662.0}, {"x": 12.0, "y": 662.0}]}, "description": "To redeem offer, write the code"}, {"boundingPoly": {"vertices": [{"x": 13.0, "y": 663.0}, {"x": 172.0, "y": 662.0}, {"x": 172.0, "y": 677.0}, {"x": 13.0, "y": 677.0}]}, "description": "in the space provided below"}, {"boundingPoly": {"vertices": [{"x": 12.0, "y": 678.0}, {"x": 171.0, "y": 677.0}, {"x": 171.0, "y": 692.0}, {"x": 12.0, "y": 693.0}]}, "description": "and bring this receipt back"}, {"boundingPoly": {"vertices": [{"x": 12.0, "y": 693.0}, {"x": 207.0, "y": 693.0}, {"x": 207.0, "y": 708.0}, {"x": 12.0, "y": 707.0}]}, "description": "to redeem in-store or place order"}, {"boundingPoly": {"vertices": [{"x": 12.0, "y": 708.0}, {"x": 224.0, "y": 709.0}, {"x": 224.0, "y": 724.0}, {"x": 12.0, "y": 723.0}]}, "description": "online, add large fry to your order,"}, {"boundingPoly": {"vertices": [{"x": 12.0, "y": 724.0}, {"x": 214.0, "y": 723.0}, {"x": 214.0, "y": 738.0}, {"x": 12.0, "y": 738.0}]}, "description": "enter validation code at checkout."}, {"boundingPoly": {"vertices": [{"x": 13.0, "y": 739.0}, {"x": 107.0, "y": 739.0}, {"x": 107.0, "y": 753.0}, {"x": 13.0, "y": 753.0}]}, "description": " Validation Code:"}, {"boundingPoly": {"vertices": [{"x": 12.0, "y": 768.0}, {"x": 181.0, "y": 769.0}, {"x": 181.0, "y": 783.0}, {"x": 11.0, "y": 782.0}]}, "description": "OFFER NOT VALID WITHOUT CODE."}, {"boundingPoly": {"vertices": [{"x": 13.0, "y": 844.0}, {"x": 60.0, "y": 844.0}, {"x": 60.0, "y": 858.0}, {"x": 13.0, "y": 857.0}]}, "description": "Subtotal"}, {"boundingPoly": {"vertices": [{"x": 11.0, "y": 861.0}, {"x": 31.0, "y": 861.0}, {"x": 31.0, "y": 873.0}, {"x": 11.0, "y": 873.0}]}, "description": "Tax"}, {"boundingPoly": {"vertices": [{"x": 236.0, "y": 842.0}, {"x": 261.0, "y": 842.0}, {"x": 261.0, "y": 856.0}, {"x": 236.0, "y": 857.0}]}, "description": "6.59"}, {"boundingPoly": {"vertices": [{"x": 234.0, "y": 858.0}, {"x": 262.0, "y": 857.0}, {"x": 262.0, "y": 871.0}, {"x": 234.0, "y": 871.0}]}, "description": "0.50"}, {"boundingPoly": {"vertices": [{"x": 12.0, "y": 889.0}, {"x": 79.0, "y": 889.0}, {"x": 79.0, "y": 903.0}, {"x": 12.0, "y": 904.0}]}, "description": "PHONE Total"}, {"boundingPoly": {"vertices": [{"x": 236.0, "y": 888.0}, {"x": 263.0, "y": 888.0}, {"x": 263.0, "y": 903.0}, {"x": 236.0, "y": 902.0}]}, "description": "7.09"}, {"boundingPoly": {"vertices": [{"x": 13.0, "y": 920.0}, {"x": 143.0, "y": 919.0}, {"x": 143.0, "y": 934.0}, {"x": 13.0, "y": 936.0}]}, "description": "Balance Due"}, {"boundingPoly": {"vertices": [{"x": 214.0, "y": 919.0}, {"x": 263.0, "y": 919.0}, {"x": 263.0, "y": 934.0}, {"x": 214.0, "y": 934.0}]}, "description": "7.09"}, {"boundingPoly": {"vertices": [{"x": 66.0, "y": 967.0}, {"x": 210.0, "y": 967.0}, {"x": 210.0, "y": 980.0}, {"x": 66.0, "y": 981.0}]}, "description": "Portillo's Now Delivers!"}, {"boundingPoly": {"vertices": [{"x": 73.0, "y": 982.0}, {"x": 206.0, "y": 982.0}, {"x": 206.0, "y": 997.0}, {"x": 73.0, "y": 997.0}]}, "description": "Order at portillos.com"}, {"boundingPoly": {"vertices": [{"x": 79.0, "y": 999.0}, {"x": 200.0, "y": 999.0}, {"x": 200.0, "y": 1013.0}, {"x": 79.0, "y": 1013.0}]}, "description": "or download the app."}]}