{"textAnnotations": [{"boundingPoly": {"vertices": [{"x": 163.0, "y": 149.0}, {"x": 332.0, "y": 149.0}, {"x": 332.0, "y": 167.0}, {"x": 162.0, "y": 167.0}]}, "description": "merchant name"}, {"boundingPoly": {"vertices": [{"x": 198.0, "y": 170.0}, {"x": 302.0, "y": 171.0}, {"x": 302.0, "y": 188.0}, {"x": 198.0, "y": 188.0}]}, "description": "merchant address"}, {"boundingPoly": {"vertices": [{"x": 221.0, "y": 190.0}, {"x": 281.0, "y": 191.0}, {"x": 280.0, "y": 207.0}, {"x": 220.0, "y": 206.0}]}, "description": "merchant address"}, {"boundingPoly": {"vertices": [{"x": 206.0, "y": 209.0}, {"x": 294.0, "y": 210.0}, {"x": 294.0, "y": 226.0}, {"x": 206.0, "y": 226.0}]}, "description": "merchant address"}, {"boundingPoly": {"vertices": [{"x": 109.0, "y": 246.0}, {"x": 200.0, "y": 246.0}, {"x": 200.0, "y": 265.0}, {"x": 109.0, "y": 265.0}]}, "description": " TID:S00H9582"}, {"boundingPoly": {"vertices": [{"x": 108.0, "y": 266.0}, {"x": 176.0, "y": 266.0}, {"x": 176.0, "y": 285.0}, {"x": 108.0, "y": 285.0}]}, "description": " MID/OPID:"}, {"boundingPoly": {"vertices": [{"x": 108.0, "y": 287.0}, {"x": 149.0, "y": 287.0}, {"x": 149.0, "y": 305.0}, {"x": 108.0, "y": 305.0}]}, "description": " TRNID:"}, {"boundingPoly": {"vertices": [{"x": 271.0, "y": 248.0}, {"x": 392.0, "y": 248.0}, {"x": 392.0, "y": 266.0}, {"x": 271.0, "y": 266.0}]}, "description": " 2019.11.06 20:45"}, {"boundingPoly": {"vertices": [{"x": 286.0, "y": 269.0}, {"x": 392.0, "y": 269.0}, {"x": 392.0, "y": 285.0}, {"x": 286.0, "y": 286.0}]}, "description": "102427308/1111"}, {"boundingPoly": {"vertices": [{"x": 278.0, "y": 289.0}, {"x": 310.0, "y": 289.0}, {"x": 310.0, "y": 307.0}, {"x": 278.0, "y": 307.0}]}, "description": " AUTH:"}, {"boundingPoly": {"vertices": [{"x": 151.0, "y": 288.0}, {"x": 221.0, "y": 288.0}, {"x": 221.0, "y": 306.0}, {"x": 151.0, "y": 306.0}]}, "description": " 20318/530"}, {"boundingPoly": {"vertices": [{"x": 314.0, "y": 290.0}, {"x": 394.0, "y": 290.0}, {"x": 394.0, "y": 307.0}, {"x": 314.0, "y": 307.0}]}, "description": " 390303/R10"}, {"boundingPoly": {"vertices": [{"x": 105.0, "y": 327.0}, {"x": 304.0, "y": 329.0}, {"x": 303.0, "y": 347.0}, {"x": 105.0, "y": 345.0}]}, "description": "VISA CREDIT \u00b7 CONTACTLESS"}, {"boundingPoly": {"vertices": [{"x": 106.0, "y": 349.0}, {"x": 214.0, "y": 349.0}, {"x": 214.0, "y": 366.0}, {"x": 106.0, "y": 366.0}]}, "description": "A0000000031010"}, {"boundingPoly": {"vertices": [{"x": 190.0, "y": 368.0}, {"x": 250.0, "y": 367.0}, {"x": 250.0, "y": 384.0}, {"x": 190.0, "y": 385.0}]}, "description": "*6884-01"}, {"boundingPoly": {"vertices": [{"x": 181.0, "y": 408.0}, {"x": 228.0, "y": 408.0}, {"x": 228.0, "y": 426.0}, {"x": 181.0, "y": 426.0}]}, "description": " ELADAS"}, {"boundingPoly": {"vertices": [{"x": 106.0, "y": 430.0}, {"x": 199.0, "y": 430.0}, {"x": 199.0, "y": 449.0}, {"x": 106.0, "y": 449.0}]}, "description": " OSSZEG/AMOUNT"}, {"boundingPoly": {"vertices": [{"x": 232.0, "y": 407.0}, {"x": 243.0, "y": 407.0}, {"x": 243.0, "y": 426.0}, {"x": 232.0, "y": 426.0}]}, "description": " /"}, {"boundingPoly": {"vertices": [{"x": 246.0, "y": 407.0}, {"x": 309.0, "y": 407.0}, {"x": 309.0, "y": 426.0}, {"x": 246.0, "y": 426.0}]}, "description": " PURCHASE"}, {"boundingPoly": {"vertices": [{"x": 202.0, "y": 430.0}, {"x": 212.0, "y": 430.0}, {"x": 212.0, "y": 447.0}, {"x": 202.0, "y": 447.0}]}, "description": " :"}, {"boundingPoly": {"vertices": [{"x": 249.0, "y": 449.0}, {"x": 389.0, "y": 448.0}, {"x": 389.0, "y": 466.0}, {"x": 249.0, "y": 467.0}]}, "description": "HUF 2.550,00"}, {"boundingPoly": {"vertices": [{"x": 167.0, "y": 494.0}, {"x": 329.0, "y": 491.0}, {"x": 329.0, "y": 512.0}, {"x": 167.0, "y": 514.0}]}, "description": "KOSZONJOK A VASARLAST!"}]}