{"textAnnotations": [{"boundingPoly": {"vertices": [{"x": 99.0, "y": 54.0}, {"x": 188.0, "y": 54.0}, {"x": 188.0, "y": 71.0}, {"x": 99.0, "y": 71.0}]}, "description": "merchant name"}, {"boundingPoly": {"vertices": [{"x": 74.0, "y": 72.0}, {"x": 156.0, "y": 72.0}, {"x": 156.0, "y": 88.0}, {"x": 74.0, "y": 88.0}]}, "description": "merchant address"}, {"boundingPoly": {"vertices": [{"x": 49.0, "y": 91.0}, {"x": 113.0, "y": 91.0}, {"x": 113.0, "y": 107.0}, {"x": 49.0, "y": 107.0}]}, "description": " : 20211127"}, {"boundingPoly": {"vertices": [{"x": 15.0, "y": 110.0}, {"x": 140.0, "y": 110.0}, {"x": 140.0, "y": 126.0}, {"x": 15.0, "y": 126.0}]}, "description": " NOV 19, 2019 20:10"}, {"boundingPoly": {"vertices": [{"x": 15.0, "y": 129.0}, {"x": 45.0, "y": 129.0}, {"x": 45.0, "y": 145.0}, {"x": 15.0, "y": 145.0}]}, "description": " ROC#:"}, {"boundingPoly": {"vertices": [{"x": 15.0, "y": 150.0}, {"x": 164.0, "y": 148.0}, {"x": 164.0, "y": 163.0}, {"x": 15.0, "y": 165.0}]}, "description": "************ 1002 - (C)"}, {"boundingPoly": {"vertices": [{"x": 14.0, "y": 167.0}, {"x": 125.0, "y": 167.0}, {"x": 125.0, "y": 182.0}, {"x": 14.0, "y": 184.0}]}, "description": "AMERICAN EXPRESS"}, {"boundingPoly": {"vertices": [{"x": 14.0, "y": 187.0}, {"x": 122.0, "y": 186.0}, {"x": 122.0, "y": 202.0}, {"x": 14.0, "y": 204.0}]}, "description": "A000000025010801"}, {"boundingPoly": {"vertices": [{"x": 159.0, "y": 72.0}, {"x": 216.0, "y": 72.0}, {"x": 216.0, "y": 88.0}, {"x": 159.0, "y": 88.0}]}, "description": "merchant phone"}, {"boundingPoly": {"vertices": [{"x": 157.0, "y": 91.0}, {"x": 194.0, "y": 91.0}, {"x": 194.0, "y": 107.0}, {"x": 157.0, "y": 107.0}]}, "description": " MERCH#"}, {"boundingPoly": {"vertices": [{"x": 170.0, "y": 110.0}, {"x": 220.0, "y": 110.0}, {"x": 220.0, "y": 126.0}, {"x": 170.0, "y": 126.0}]}, "description": " APPROVAL"}, {"boundingPoly": {"vertices": [{"x": 184.0, "y": 129.0}, {"x": 273.0, "y": 129.0}, {"x": 273.0, "y": 147.0}, {"x": 184.0, "y": 147.0}]}, "description": " BATCH#:000297"}, {"boundingPoly": {"vertices": [{"x": 17.0, "y": 91.0}, {"x": 45.0, "y": 91.0}, {"x": 45.0, "y": 108.0}, {"x": 17.0, "y": 108.0}]}, "description": " TERM#"}, {"boundingPoly": {"vertices": [{"x": 197.0, "y": 91.0}, {"x": 271.0, "y": 91.0}, {"x": 271.0, "y": 107.0}, {"x": 197.0, "y": 107.0}]}, "description": " : 9360181474"}, {"boundingPoly": {"vertices": [{"x": 223.0, "y": 110.0}, {"x": 272.0, "y": 110.0}, {"x": 272.0, "y": 127.0}, {"x": 223.0, "y": 127.0}]}, "description": " : 813720"}, {"boundingPoly": {"vertices": [{"x": 47.0, "y": 129.0}, {"x": 92.0, "y": 129.0}, {"x": 92.0, "y": 145.0}, {"x": 47.0, "y": 145.0}]}, "description": " 002683"}, {"boundingPoly": {"vertices": [{"x": 92.0, "y": 225.0}, {"x": 195.0, "y": 224.0}, {"x": 195.0, "y": 241.0}, {"x": 92.0, "y": 241.0}]}, "description": "RESTAURANT SALE"}, {"boundingPoly": {"vertices": [{"x": 19.0, "y": 268.0}, {"x": 76.0, "y": 266.0}, {"x": 77.0, "y": 282.0}, {"x": 20.0, "y": 285.0}]}, "description": ">LODGING"}, {"boundingPoly": {"vertices": [{"x": 160.0, "y": 265.0}, {"x": 203.0, "y": 265.0}, {"x": 202.0, "y": 282.0}, {"x": 159.0, "y": 281.0}]}, "description": "000297"}, {"boundingPoly": {"vertices": [{"x": 16.0, "y": 308.0}, {"x": 82.0, "y": 308.0}, {"x": 82.0, "y": 325.0}, {"x": 16.0, "y": 325.0}]}, "description": " BASE AMOUNT"}, {"boundingPoly": {"vertices": [{"x": 85.0, "y": 308.0}, {"x": 93.0, "y": 308.0}, {"x": 93.0, "y": 325.0}, {"x": 85.0, "y": 325.0}]}, "description": " :"}, {"boundingPoly": {"vertices": [{"x": 207.0, "y": 306.0}, {"x": 274.0, "y": 308.0}, {"x": 273.0, "y": 326.0}, {"x": 207.0, "y": 324.0}]}, "description": "USD 59.13"}, {"boundingPoly": {"vertices": [{"x": 17.0, "y": 346.0}, {"x": 72.0, "y": 346.0}, {"x": 72.0, "y": 366.0}, {"x": 17.0, "y": 366.0}]}, "description": " TIP AMOUNT"}, {"boundingPoly": {"vertices": [{"x": 76.0, "y": 350.0}, {"x": 85.0, "y": 350.0}, {"x": 85.0, "y": 367.0}, {"x": 76.0, "y": 367.0}]}, "description": " :"}, {"boundingPoly": {"vertices": [{"x": 171.0, "y": 362.0}, {"x": 259.0, "y": 373.0}, {"x": 254.0, "y": 408.0}, {"x": 168.0, "y": 397.0}]}, "description": "59.13"}, {"boundingPoly": {"vertices": [{"x": 111.0, "y": 434.0}, {"x": 152.0, "y": 433.0}, {"x": 152.0, "y": 450.0}, {"x": 111.0, "y": 451.0}]}, "description": "1DB53D"}, {"boundingPoly": {"vertices": [{"x": 115.0, "y": 477.0}, {"x": 184.0, "y": 477.0}, {"x": 184.0, "y": 494.0}, {"x": 115.0, "y": 495.0}]}, "description": "OMER COPY"}]}