{"textAnnotations": [{"boundingPoly": {"vertices": [{"x": 216.0, "y": 22.0}, {"x": 279.0, "y": 21.0}, {"x": 280.0, "y": 32.0}, {"x": 216.0, "y": 33.0}]}, "description": "merchant name"}, {"boundingPoly": {"vertices": [{"x": 194.0, "y": 33.0}, {"x": 303.0, "y": 32.0}, {"x": 303.0, "y": 43.0}, {"x": 194.0, "y": 44.0}]}, "description": "merchant address"}, {"boundingPoly": {"vertices": [{"x": 198.0, "y": 45.0}, {"x": 295.0, "y": 43.0}, {"x": 295.0, "y": 53.0}, {"x": 198.0, "y": 56.0}]}, "description": "merchant address"}, {"boundingPoly": {"vertices": [{"x": 208.0, "y": 55.0}, {"x": 283.0, "y": 55.0}, {"x": 283.0, "y": 67.0}, {"x": 208.0, "y": 68.0}]}, "description": "merchant phone"}, {"boundingPoly": {"vertices": [{"x": 176.0, "y": 80.0}, {"x": 325.0, "y": 80.0}, {"x": 325.0, "y": 92.0}, {"x": 176.0, "y": 93.0}]}, "description": "** TRANSACTION RECORD **"}, {"boundingPoly": {"vertices": [{"x": 175.0, "y": 93.0}, {"x": 229.0, "y": 93.0}, {"x": 229.0, "y": 103.0}, {"x": 175.0, "y": 103.0}]}, "description": " Tran. #:"}, {"boundingPoly": {"vertices": [{"x": 172.0, "y": 101.0}, {"x": 264.0, "y": 101.0}, {"x": 264.0, "y": 112.0}, {"x": 172.0, "y": 112.0}]}, "description": " workstation #:"}, {"boundingPoly": {"vertices": [{"x": 171.0, "y": 111.0}, {"x": 225.0, "y": 111.0}, {"x": 225.0, "y": 121.0}, {"x": 171.0, "y": 121.0}]}, "description": " Table #:"}, {"boundingPoly": {"vertices": [{"x": 167.0, "y": 120.0}, {"x": 223.0, "y": 120.0}, {"x": 223.0, "y": 130.0}, {"x": 167.0, "y": 130.0}]}, "description": " Check #:"}, {"boundingPoly": {"vertices": [{"x": 165.0, "y": 130.0}, {"x": 241.0, "y": 130.0}, {"x": 241.0, "y": 141.0}, {"x": 165.0, "y": 141.0}]}, "description": " Employee #:"}, {"boundingPoly": {"vertices": [{"x": 164.0, "y": 141.0}, {"x": 225.0, "y": 141.0}, {"x": 225.0, "y": 154.0}, {"x": 164.0, "y": 154.0}]}, "description": " Employee:"}, {"boundingPoly": {"vertices": [{"x": 194.0, "y": 154.0}, {"x": 279.0, "y": 154.0}, {"x": 279.0, "y": 169.0}, {"x": 194.0, "y": 169.0}]}, "description": " 720000648032"}, {"boundingPoly": {"vertices": [{"x": 240.0, "y": 169.0}, {"x": 264.0, "y": 169.0}, {"x": 264.0, "y": 185.0}, {"x": 240.0, "y": 185.0}]}, "description": " 023"}, {"boundingPoly": {"vertices": [{"x": 233.0, "y": 185.0}, {"x": 249.0, "y": 185.0}, {"x": 249.0, "y": 200.0}, {"x": 233.0, "y": 200.0}]}, "description": " 07"}, {"boundingPoly": {"vertices": [{"x": 192.0, "y": 200.0}, {"x": 277.0, "y": 200.0}, {"x": 277.0, "y": 215.0}, {"x": 192.0, "y": 215.0}]}, "description": " 406000000000"}, {"boundingPoly": {"vertices": [{"x": 167.0, "y": 228.0}, {"x": 289.0, "y": 225.0}, {"x": 289.0, "y": 241.0}, {"x": 167.0, "y": 243.0}]}, "description": "PRE-AUTH PURCHASE"}, {"boundingPoly": {"vertices": [{"x": 231.0, "y": 93.0}, {"x": 258.0, "y": 93.0}, {"x": 258.0, "y": 103.0}, {"x": 231.0, "y": 103.0}]}, "description": " 7926"}, {"boundingPoly": {"vertices": [{"x": 266.0, "y": 100.0}, {"x": 282.0, "y": 100.0}, {"x": 282.0, "y": 112.0}, {"x": 266.0, "y": 112.0}]}, "description": " 27"}, {"boundingPoly": {"vertices": [{"x": 225.0, "y": 119.0}, {"x": 268.0, "y": 119.0}, {"x": 268.0, "y": 130.0}, {"x": 225.0, "y": 130.0}]}, "description": " 542606"}, {"boundingPoly": {"vertices": [{"x": 227.0, "y": 111.0}, {"x": 243.0, "y": 111.0}, {"x": 243.0, "y": 122.0}, {"x": 227.0, "y": 122.0}]}, "description": " 20"}, {"boundingPoly": {"vertices": [{"x": 243.0, "y": 130.0}, {"x": 266.0, "y": 130.0}, {"x": 266.0, "y": 140.0}, {"x": 243.0, "y": 140.0}]}, "description": " 624"}, {"boundingPoly": {"vertices": [{"x": 227.0, "y": 141.0}, {"x": 273.0, "y": 141.0}, {"x": 273.0, "y": 153.0}, {"x": 227.0, "y": 153.0}]}, "description": " Damian"}, {"boundingPoly": {"vertices": [{"x": 160.0, "y": 155.0}, {"x": 192.0, "y": 155.0}, {"x": 192.0, "y": 169.0}, {"x": 160.0, "y": 169.0}]}, "description": " MID:"}, {"boundingPoly": {"vertices": [{"x": 161.0, "y": 170.0}, {"x": 238.0, "y": 170.0}, {"x": 238.0, "y": 185.0}, {"x": 161.0, "y": 185.0}]}, "description": " Terminal #:"}, {"boundingPoly": {"vertices": [{"x": 159.0, "y": 186.0}, {"x": 230.0, "y": 186.0}, {"x": 230.0, "y": 201.0}, {"x": 159.0, "y": 201.0}]}, "description": " Device ID:"}, {"boundingPoly": {"vertices": [{"x": 159.0, "y": 202.0}, {"x": 189.0, "y": 202.0}, {"x": 189.0, "y": 216.0}, {"x": 159.0, "y": 216.0}]}, "description": " RRN:"}, {"boundingPoly": {"vertices": [{"x": 149.0, "y": 262.0}, {"x": 260.0, "y": 259.0}, {"x": 260.0, "y": 274.0}, {"x": 149.0, "y": 277.0}]}, "description": "xxxxxxxxxxx3007"}, {"boundingPoly": {"vertices": [{"x": 149.0, "y": 278.0}, {"x": 266.0, "y": 278.0}, {"x": 266.0, "y": 294.0}, {"x": 149.0, "y": 292.0}]}, "description": "American Express"}, {"boundingPoly": {"vertices": [{"x": 148.0, "y": 295.0}, {"x": 243.0, "y": 295.0}, {"x": 243.0, "y": 312.0}, {"x": 148.0, "y": 312.0}]}, "description": " Entry Method:"}, {"boundingPoly": {"vertices": [{"x": 246.0, "y": 296.0}, {"x": 281.0, "y": 296.0}, {"x": 281.0, "y": 313.0}, {"x": 246.0, "y": 313.0}]}, "description": " Chip"}, {"boundingPoly": {"vertices": [{"x": 196.0, "y": 330.0}, {"x": 318.0, "y": 330.0}, {"x": 318.0, "y": 347.0}, {"x": 195.0, "y": 346.0}]}, "description": "Amount USD$12.72"}, {"boundingPoly": {"vertices": [{"x": 181.0, "y": 358.0}, {"x": 317.0, "y": 356.0}, {"x": 317.0, "y": 385.0}, {"x": 181.0, "y": 386.0}]}, "description": "Tip $ 5.00"}, {"boundingPoly": {"vertices": [{"x": 162.0, "y": 391.0}, {"x": 337.0, "y": 391.0}, {"x": 336.0, "y": 430.0}, {"x": 161.0, "y": 429.0}]}, "description": "TOTAL $ 2.72"}, {"boundingPoly": {"vertices": [{"x": 136.0, "y": 437.0}, {"x": 216.0, "y": 438.0}, {"x": 216.0, "y": 456.0}, {"x": 136.0, "y": 454.0}]}, "description": "11/12/2019"}, {"boundingPoly": {"vertices": [{"x": 134.0, "y": 456.0}, {"x": 238.0, "y": 460.0}, {"x": 238.0, "y": 476.0}, {"x": 134.0, "y": 472.0}]}, "description": "00-001 867896"}, {"boundingPoly": {"vertices": [{"x": 134.0, "y": 475.0}, {"x": 294.0, "y": 482.0}, {"x": 293.0, "y": 499.0}, {"x": 134.0, "y": 492.0}]}, "description": "000000027/GIONVPCC07"}, {"boundingPoly": {"vertices": [{"x": 158.0, "y": 513.0}, {"x": 279.0, "y": 522.0}, {"x": 277.0, "y": 538.0}, {"x": 157.0, "y": 529.0}]}, "description": "APPROVED 867895"}, {"boundingPoly": {"vertices": [{"x": 133.0, "y": 551.0}, {"x": 327.0, "y": 563.0}, {"x": 326.0, "y": 581.0}, {"x": 132.0, "y": 569.0}]}, "description": "I agree to pay the above"}, {"boundingPoly": {"vertices": [{"x": 147.0, "y": 594.0}, {"x": 291.0, "y": 601.0}, {"x": 290.0, "y": 620.0}, {"x": 146.0, "y": 611.0}]}, "description": "to the card issuer"}, {"boundingPoly": {"vertices": [{"x": 176.0, "y": 619.0}, {"x": 252.0, "y": 621.0}, {"x": 251.0, "y": 637.0}, {"x": 176.0, "y": 634.0}]}, "description": "agreement"}, {"boundingPoly": {"vertices": [{"x": 243.0, "y": 441.0}, {"x": 328.0, "y": 441.0}, {"x": 328.0, "y": 461.0}, {"x": 243.0, "y": 461.0}]}, "description": " 9:49:54 PM"}, {"boundingPoly": {"vertices": [{"x": 133.0, "y": 572.0}, {"x": 310.0, "y": 583.0}, {"x": 309.0, "y": 602.0}, {"x": 133.0, "y": 590.0}]}, "description": "total amount according"}]}