{"textAnnotations": [{"boundingPoly": {"vertices": [{"x": 219.0, "y": 11.0}, {"x": 290.0, "y": 14.0}, {"x": 282.0, "y": 89.0}, {"x": 211.0, "y": 86.0}]}, "description": "19"}, {"boundingPoly": {"vertices": [{"x": 557.0, "y": 75.0}, {"x": 987.0, "y": 40.0}, {"x": 988.0, "y": 77.0}, {"x": 559.0, "y": 112.0}]}, "description": "Thank You For Visiting the"}, {"boundingPoly": {"vertices": [{"x": 630.0, "y": 143.0}, {"x": 896.0, "y": 122.0}, {"x": 899.0, "y": 157.0}, {"x": 630.0, "y": 175.0}]}, "description": "Matthew Fraysier"}, {"boundingPoly": {"vertices": [{"x": 648.0, "y": 215.0}, {"x": 869.0, "y": 197.0}, {"x": 872.0, "y": 231.0}, {"x": 651.0, "y": 250.0}]}, "description": "merchant phone"}, {"boundingPoly": {"vertices": [{"x": 568.0, "y": 292.0}, {"x": 956.0, "y": 264.0}, {"x": 959.0, "y": 299.0}, {"x": 569.0, "y": 328.0}]}, "description": "Text @LIF11479 to 73940"}, {"boundingPoly": {"vertices": [{"x": 561.0, "y": 86.0}, {"x": 878.0, "y": 86.0}, {"x": 878.0, "y": 147.0}, {"x": 561.0, "y": 147.0}]}, "description": "merchant name"}, {"boundingPoly": {"vertices": [{"x": 638.0, "y": 180.0}, {"x": 885.0, "y": 162.0}, {"x": 887.0, "y": 195.0}, {"x": 641.0, "y": 214.0}]}, "description": "General Manager"}, {"boundingPoly": {"vertices": [{"x": 576.0, "y": 255.0}, {"x": 942.0, "y": 228.0}, {"x": 944.0, "y": 263.0}, {"x": 578.0, "y": 290.0}]}, "description": "We Love Your Feedback!"}, {"boundingPoly": {"vertices": [{"x": 882.0, "y": 83.0}, {"x": 910.0, "y": 83.0}, {"x": 910.0, "y": 120.0}, {"x": 882.0, "y": 120.0}]}, "description": "merchant name"}, {"boundingPoly": {"vertices": [{"x": 914.0, "y": 77.0}, {"x": 978.0, "y": 77.0}, {"x": 978.0, "y": 117.0}, {"x": 914.0, "y": 117.0}]}, "description": "merchant name"}, {"boundingPoly": {"vertices": [{"x": 1057.0, "y": 332.0}, {"x": 1115.0, "y": 332.0}, {"x": 1114.0, "y": 365.0}, {"x": 1056.0, "y": 365.0}]}, "description": "USD"}, {"boundingPoly": {"vertices": [{"x": 1039.0, "y": 373.0}, {"x": 1117.0, "y": 369.0}, {"x": 1117.0, "y": 402.0}, {"x": 1038.0, "y": 406.0}]}, "description": "2.99"}, {"boundingPoly": {"vertices": [{"x": 425.0, "y": 409.0}, {"x": 763.0, "y": 397.0}, {"x": 764.0, "y": 434.0}, {"x": 426.0, "y": 449.0}]}, "description": "Strawberry Fruit Yog"}, {"boundingPoly": {"vertices": [{"x": 417.0, "y": 483.0}, {"x": 671.0, "y": 476.0}, {"x": 672.0, "y": 514.0}, {"x": 417.0, "y": 520.0}]}, "description": "Small Clamshell"}, {"boundingPoly": {"vertices": [{"x": 423.0, "y": 525.0}, {"x": 513.0, "y": 524.0}, {"x": 513.0, "y": 557.0}, {"x": 422.0, "y": 558.0}]}, "description": "Toast"}, {"boundingPoly": {"vertices": [{"x": 424.0, "y": 562.0}, {"x": 497.0, "y": 561.0}, {"x": 498.0, "y": 597.0}, {"x": 425.0, "y": 599.0}]}, "description": "Toast"}, {"boundingPoly": {"vertices": [{"x": 419.0, "y": 445.0}, {"x": 746.0, "y": 432.0}, {"x": 747.0, "y": 470.0}, {"x": 419.0, "y": 483.0}]}, "description": "0.55 lb x $ 7.68/lb"}, {"boundingPoly": {"vertices": [{"x": 1038.0, "y": 449.0}, {"x": 1115.0, "y": 448.0}, {"x": 1113.0, "y": 485.0}, {"x": 1038.0, "y": 484.0}]}, "description": "4.22"}, {"boundingPoly": {"vertices": [{"x": 1036.0, "y": 489.0}, {"x": 1119.0, "y": 486.0}, {"x": 1118.0, "y": 519.0}, {"x": 1035.0, "y": 520.0}]}, "description": "0.35"}, {"boundingPoly": {"vertices": [{"x": 1037.0, "y": 524.0}, {"x": 1113.0, "y": 521.0}, {"x": 1113.0, "y": 558.0}, {"x": 1039.0, "y": 559.0}]}, "description": "0.35"}, {"boundingPoly": {"vertices": [{"x": 794.0, "y": 621.0}, {"x": 955.0, "y": 614.0}, {"x": 956.0, "y": 648.0}, {"x": 795.0, "y": 656.0}]}, "description": "Sub Total"}, {"boundingPoly": {"vertices": [{"x": 797.0, "y": 662.0}, {"x": 969.0, "y": 656.0}, {"x": 970.0, "y": 689.0}, {"x": 798.0, "y": 697.0}]}, "description": "Tax Amount"}, {"boundingPoly": {"vertices": [{"x": 1046.0, "y": 608.0}, {"x": 1106.0, "y": 606.0}, {"x": 1105.0, "y": 642.0}, {"x": 1046.0, "y": 643.0}]}, "description": "7.91"}, {"boundingPoly": {"vertices": [{"x": 1037.0, "y": 649.0}, {"x": 1110.0, "y": 644.0}, {"x": 1111.0, "y": 677.0}, {"x": 1036.0, "y": 681.0}]}, "description": "0.70"}, {"boundingPoly": {"vertices": [{"x": 385.0, "y": 794.0}, {"x": 691.0, "y": 788.0}, {"x": 693.0, "y": 855.0}, {"x": 385.0, "y": 864.0}]}, "description": "Total USD"}, {"boundingPoly": {"vertices": [{"x": 961.0, "y": 773.0}, {"x": 1104.0, "y": 767.0}, {"x": 1104.0, "y": 836.0}, {"x": 963.0, "y": 841.0}]}, "description": "8.61"}, {"boundingPoly": {"vertices": [{"x": 369.0, "y": 978.0}, {"x": 741.0, "y": 971.0}, {"x": 742.0, "y": 1012.0}, {"x": 369.0, "y": 1018.0}]}, "description": "5009 AMERICAN EXPRESS"}, {"boundingPoly": {"vertices": [{"x": 1033.0, "y": 961.0}, {"x": 1106.0, "y": 962.0}, {"x": 1105.0, "y": 1000.0}, {"x": 1033.0, "y": 999.0}]}, "description": "8.61"}, {"boundingPoly": {"vertices": [{"x": 371.0, "y": 1107.0}, {"x": 424.0, "y": 1107.0}, {"x": 423.0, "y": 1141.0}, {"x": 370.0, "y": 1141.0}]}, "description": "Tax"}, {"boundingPoly": {"vertices": [{"x": 367.0, "y": 1145.0}, {"x": 507.0, "y": 1145.0}, {"x": 507.0, "y": 1184.0}, {"x": 367.0, "y": 1186.0}]}, "description": "() 8.875"}, {"boundingPoly": {"vertices": [{"x": 643.0, "y": 1093.0}, {"x": 912.0, "y": 1093.0}, {"x": 912.0, "y": 1140.0}, {"x": 643.0, "y": 1140.0}]}, "description": " Taxable Amount"}, {"boundingPoly": {"vertices": [{"x": 925.0, "y": 1087.0}, {"x": 1109.0, "y": 1087.0}, {"x": 1109.0, "y": 1133.0}, {"x": 925.0, "y": 1133.0}]}, "description": " Tax Amount"}, {"boundingPoly": {"vertices": [{"x": 1036.0, "y": 1135.0}, {"x": 1097.0, "y": 1134.0}, {"x": 1096.0, "y": 1168.0}, {"x": 1035.0, "y": 1169.0}]}, "description": "0.70"}, {"boundingPoly": {"vertices": [{"x": 823.0, "y": 1138.0}, {"x": 890.0, "y": 1136.0}, {"x": 891.0, "y": 1173.0}, {"x": 823.0, "y": 1175.0}]}, "description": "7.91"}, {"boundingPoly": {"vertices": [{"x": 356.0, "y": 1259.0}, {"x": 1109.0, "y": 1259.0}, {"x": 1109.0, "y": 1313.0}, {"x": 356.0, "y": 1313.0}]}, "description": " 11/18/2019 09:23 AM #:51028 Op:4023 C:111"}, {"boundingPoly": {"vertices": [{"x": 352.0, "y": 1314.0}, {"x": 537.0, "y": 1314.0}, {"x": 537.0, "y": 1354.0}, {"x": 352.0, "y": 1354.0}]}, "description": " 105 S:1111"}, {"boundingPoly": {"vertices": [{"x": 349.0, "y": 1356.0}, {"x": 538.0, "y": 1356.0}, {"x": 538.0, "y": 1399.0}, {"x": 349.0, "y": 1399.0}]}, "description": " Served you"}, {"boundingPoly": {"vertices": [{"x": 545.0, "y": 1351.0}, {"x": 873.0, "y": 1351.0}, {"x": 873.0, "y": 1398.0}, {"x": 545.0, "y": 1398.0}]}, "description": " : Lucrecia Findley"}, {"boundingPoly": {"vertices": [{"x": 501.0, "y": 1532.0}, {"x": 891.0, "y": 1533.0}, {"x": 891.0, "y": 1571.0}, {"x": 501.0, "y": 1570.0}]}, "description": "*** Customer copy ***"}, {"boundingPoly": {"vertices": [{"x": 571.0, "y": 1620.0}, {"x": 818.0, "y": 1620.0}, {"x": 818.0, "y": 1664.0}, {"x": 571.0, "y": 1663.0}]}, "description": "AMEX NY937 (5)"}, {"boundingPoly": {"vertices": [{"x": 347.0, "y": 1664.0}, {"x": 1032.0, "y": 1664.0}, {"x": 1032.0, "y": 1709.0}, {"x": 347.0, "y": 1711.0}]}, "description": "I agree to pay the above total amount"}, {"boundingPoly": {"vertices": [{"x": 475.0, "y": 1713.0}, {"x": 915.0, "y": 1712.0}, {"x": 915.0, "y": 1752.0}, {"x": 475.0, "y": 1753.0}]}, "description": "according to card issuer"}, {"boundingPoly": {"vertices": [{"x": 879.0, "y": 1755.0}, {"x": 1045.0, "y": 1755.0}, {"x": 1045.0, "y": 1799.0}, {"x": 879.0, "y": 1799.0}]}, "description": " if Credit"}, {"boundingPoly": {"vertices": [{"x": 376.0, "y": 1803.0}, {"x": 991.0, "y": 1804.0}, {"x": 991.0, "y": 1849.0}, {"x": 376.0, "y": 1847.0}]}, "description": "Voucher)Retain this copy for your"}, {"boundingPoly": {"vertices": [{"x": 619.0, "y": 1855.0}, {"x": 761.0, "y": 1855.0}, {"x": 761.0, "y": 1892.0}, {"x": 619.0, "y": 1892.0}]}, "description": "records."}, {"boundingPoly": {"vertices": [{"x": 324.0, "y": 1759.0}, {"x": 496.0, "y": 1759.0}, {"x": 496.0, "y": 1801.0}, {"x": 324.0, "y": 1801.0}]}, "description": " agreement ."}, {"boundingPoly": {"vertices": [{"x": 504.0, "y": 1757.0}, {"x": 871.0, "y": 1757.0}, {"x": 871.0, "y": 1801.0}, {"x": 504.0, "y": 1801.0}]}, "description": " (Merchant agreement"}, {"boundingPoly": {"vertices": [{"x": 304.0, "y": 1941.0}, {"x": 671.0, "y": 1943.0}, {"x": 671.0, "y": 1988.0}, {"x": 304.0, "y": 1985.0}]}, "description": "PURCHASE / APPROVED"}, {"boundingPoly": {"vertices": [{"x": 308.0, "y": 1988.0}, {"x": 611.0, "y": 1989.0}, {"x": 611.0, "y": 2033.0}, {"x": 308.0, "y": 2032.0}]}, "description": "AMERICAN EXPRESS"}, {"boundingPoly": {"vertices": [{"x": 305.0, "y": 2037.0}, {"x": 592.0, "y": 2039.0}, {"x": 591.0, "y": 2080.0}, {"x": 304.0, "y": 2075.0}]}, "description": "*********** 1006"}, {"boundingPoly": {"vertices": [{"x": 303.0, "y": 2082.0}, {"x": 518.0, "y": 2084.0}, {"x": 517.0, "y": 2129.0}, {"x": 303.0, "y": 2127.0}]}, "description": "CHIP READ /"}, {"boundingPoly": {"vertices": [{"x": 297.0, "y": 2178.0}, {"x": 667.0, "y": 2178.0}, {"x": 667.0, "y": 2231.0}, {"x": 297.0, "y": 2231.0}]}, "description": " 2019/11/18 09:24:04"}, {"boundingPoly": {"vertices": [{"x": 299.0, "y": 2229.0}, {"x": 358.0, "y": 2230.0}, {"x": 355.0, "y": 2275.0}, {"x": 296.0, "y": 2274.0}]}, "description": "TID"}, {"boundingPoly": {"vertices": [{"x": 290.0, "y": 2278.0}, {"x": 357.0, "y": 2278.0}, {"x": 355.0, "y": 2322.0}, {"x": 289.0, "y": 2322.0}]}, "description": "MID"}, {"boundingPoly": {"vertices": [{"x": 281.0, "y": 2327.0}, {"x": 462.0, "y": 2330.0}, {"x": 461.0, "y": 2377.0}, {"x": 280.0, "y": 2373.0}]}, "description": "REFERENCE"}, {"boundingPoly": {"vertices": [{"x": 282.0, "y": 2378.0}, {"x": 456.0, "y": 2381.0}, {"x": 455.0, "y": 2427.0}, {"x": 281.0, "y": 2423.0}]}, "description": "AUTH CODE"}, {"boundingPoly": {"vertices": [{"x": 905.0, "y": 2242.0}, {"x": 1063.0, "y": 2242.0}, {"x": 1063.0, "y": 2283.0}, {"x": 904.0, "y": 2281.0}]}, "description": "**** 6039"}, {"boundingPoly": {"vertices": [{"x": 918.0, "y": 2291.0}, {"x": 1062.0, "y": 2290.0}, {"x": 1063.0, "y": 2334.0}, {"x": 918.0, "y": 2335.0}]}, "description": "6634459"}, {"boundingPoly": {"vertices": [{"x": 567.0, "y": 2333.0}, {"x": 1057.0, "y": 2340.0}, {"x": 1056.0, "y": 2388.0}, {"x": 566.0, "y": 2380.0}]}, "description": "S1111T111105#51028@330157"}, {"boundingPoly": {"vertices": [{"x": 941.0, "y": 2394.0}, {"x": 1061.0, "y": 2395.0}, {"x": 1059.0, "y": 2437.0}, {"x": 940.0, "y": 2435.0}]}, "description": "892736"}, {"boundingPoly": {"vertices": [{"x": 281.0, "y": 2477.0}, {"x": 378.0, "y": 2481.0}, {"x": 377.0, "y": 2524.0}, {"x": 279.0, "y": 2521.0}]}, "description": "TOTAL"}, {"boundingPoly": {"vertices": [{"x": 911.0, "y": 2496.0}, {"x": 1053.0, "y": 2498.0}, {"x": 1051.0, "y": 2542.0}, {"x": 910.0, "y": 2539.0}]}, "description": "USD8.61"}, {"boundingPoly": {"vertices": [{"x": 276.0, "y": 2578.0}, {"x": 353.0, "y": 2578.0}, {"x": 353.0, "y": 2624.0}, {"x": 276.0, "y": 2624.0}]}, "description": " ARC:"}, {"boundingPoly": {"vertices": [{"x": 277.0, "y": 2626.0}, {"x": 349.0, "y": 2626.0}, {"x": 349.0, "y": 2678.0}, {"x": 277.0, "y": 2678.0}]}, "description": " TSI:"}, {"boundingPoly": {"vertices": [{"x": 279.0, "y": 2682.0}, {"x": 345.0, "y": 2682.0}, {"x": 345.0, "y": 2731.0}, {"x": 279.0, "y": 2731.0}]}, "description": " IAD:"}, {"boundingPoly": {"vertices": [{"x": 204.0, "y": 2746.0}, {"x": 316.0, "y": 2746.0}, {"x": 316.0, "y": 2841.0}, {"x": 204.0, "y": 2841.0}]}, "description": " OD:"}, {"boundingPoly": {"vertices": [{"x": 360.0, "y": 2580.0}, {"x": 411.0, "y": 2580.0}, {"x": 411.0, "y": 2625.0}, {"x": 360.0, "y": 2625.0}]}, "description": " 00"}, {"boundingPoly": {"vertices": [{"x": 358.0, "y": 2631.0}, {"x": 450.0, "y": 2631.0}, {"x": 450.0, "y": 2680.0}, {"x": 358.0, "y": 2680.0}]}, "description": " F800"}, {"boundingPoly": {"vertices": [{"x": 352.0, "y": 2683.0}, {"x": 643.0, "y": 2683.0}, {"x": 643.0, "y": 2734.0}, {"x": 352.0, "y": 2734.0}]}, "description": " 0660010360A002"}, {"boundingPoly": {"vertices": [{"x": 331.0, "y": 2772.0}, {"x": 812.0, "y": 2772.0}, {"x": 812.0, "y": 2854.0}, {"x": 331.0, "y": 2854.0}]}, "description": " MI DUALICAMERA"}, {"boundingPoly": {"vertices": [{"x": 273.0, "y": 2728.0}, {"x": 335.0, "y": 2728.0}, {"x": 335.0, "y": 2787.0}, {"x": 273.0, "y": 2787.0}]}, "description": " YR:"}, {"boundingPoly": {"vertices": [{"x": 344.0, "y": 2725.0}, {"x": 860.0, "y": 2725.0}, {"x": 860.0, "y": 2786.0}, {"x": 344.0, "y": 2786.0}]}, "description": " REDMI NOTE 5 PRO"}, {"boundingPoly": {"vertices": [{"x": 259.0, "y": 2834.0}, {"x": 476.0, "y": 2834.0}, {"x": 476.0, "y": 2892.0}, {"x": 259.0, "y": 2892.0}]}, "description": " PAN Seq No:"}, {"boundingPoly": {"vertices": [{"x": 484.0, "y": 2844.0}, {"x": 540.0, "y": 2844.0}, {"x": 540.0, "y": 2896.0}, {"x": 484.0, "y": 2896.0}]}, "description": " 00"}]}