{"textAnnotations": [{"boundingPoly": {"vertices": [{"x": 801.0, "y": 167.0}, {"x": 1462.0, "y": 172.0}, {"x": 1462.0, "y": 229.0}, {"x": 800.0, "y": 223.0}]}, "description": "Thank You For Visiting the"}, {"boundingPoly": {"vertices": [{"x": 810.0, "y": 226.0}, {"x": 1446.0, "y": 233.0}, {"x": 1445.0, "y": 289.0}, {"x": 809.0, "y": 283.0}]}, "description": "merchant name"}, {"boundingPoly": {"vertices": [{"x": 924.0, "y": 288.0}, {"x": 1333.0, "y": 300.0}, {"x": 1331.0, "y": 353.0}, {"x": 923.0, "y": 342.0}]}, "description": "Matthew Fraysier"}, {"boundingPoly": {"vertices": [{"x": 935.0, "y": 349.0}, {"x": 1318.0, "y": 365.0}, {"x": 1315.0, "y": 420.0}, {"x": 935.0, "y": 404.0}]}, "description": "General Manager"}, {"boundingPoly": {"vertices": [{"x": 848.0, "y": 459.0}, {"x": 1404.0, "y": 477.0}, {"x": 1402.0, "y": 532.0}, {"x": 846.0, "y": 515.0}]}, "description": "We Love Your Feedback!"}, {"boundingPoly": {"vertices": [{"x": 967.0, "y": 411.0}, {"x": 1295.0, "y": 419.0}, {"x": 1293.0, "y": 471.0}, {"x": 965.0, "y": 463.0}]}, "description": "merchant phone"}, {"boundingPoly": {"vertices": [{"x": 836.0, "y": 512.0}, {"x": 1420.0, "y": 539.0}, {"x": 1417.0, "y": 594.0}, {"x": 833.0, "y": 569.0}]}, "description": "Text @LTF11479 to 73940"}, {"boundingPoly": {"vertices": [{"x": 618.0, "y": 678.0}, {"x": 1113.0, "y": 708.0}, {"x": 1109.0, "y": 768.0}, {"x": 616.0, "y": 738.0}]}, "description": "1.33 1b \u00d7 $ 7.68/1b"}, {"boundingPoly": {"vertices": [{"x": 1571.0, "y": 654.0}, {"x": 1649.0, "y": 651.0}, {"x": 1654.0, "y": 702.0}, {"x": 1576.0, "y": 705.0}]}, "description": "USD"}, {"boundingPoly": {"vertices": [{"x": 609.0, "y": 741.0}, {"x": 1005.0, "y": 762.0}, {"x": 1001.0, "y": 821.0}, {"x": 607.0, "y": 801.0}]}, "description": "Large Clamshell"}, {"boundingPoly": {"vertices": [{"x": 1530.0, "y": 775.0}, {"x": 1657.0, "y": 773.0}, {"x": 1657.0, "y": 823.0}, {"x": 1531.0, "y": 825.0}]}, "description": "10.21"}, {"boundingPoly": {"vertices": [{"x": 1201.0, "y": 900.0}, {"x": 1428.0, "y": 900.0}, {"x": 1428.0, "y": 954.0}, {"x": 1201.0, "y": 955.0}]}, "description": "Sub Total"}, {"boundingPoly": {"vertices": [{"x": 1204.0, "y": 965.0}, {"x": 1462.0, "y": 961.0}, {"x": 1463.0, "y": 1013.0}, {"x": 1204.0, "y": 1016.0}]}, "description": "Tax Amount"}, {"boundingPoly": {"vertices": [{"x": 1529.0, "y": 896.0}, {"x": 1657.0, "y": 893.0}, {"x": 1657.0, "y": 946.0}, {"x": 1531.0, "y": 951.0}]}, "description": "10.21"}, {"boundingPoly": {"vertices": [{"x": 1555.0, "y": 958.0}, {"x": 1655.0, "y": 956.0}, {"x": 1657.0, "y": 1007.0}, {"x": 1557.0, "y": 1009.0}]}, "description": "0.91"}, {"boundingPoly": {"vertices": [{"x": 577.0, "y": 1124.0}, {"x": 1057.0, "y": 1138.0}, {"x": 1054.0, "y": 1244.0}, {"x": 575.0, "y": 1230.0}]}, "description": "Total USD"}, {"boundingPoly": {"vertices": [{"x": 1406.0, "y": 1143.0}, {"x": 1671.0, "y": 1139.0}, {"x": 1671.0, "y": 1234.0}, {"x": 1407.0, "y": 1235.0}]}, "description": "11.12"}, {"boundingPoly": {"vertices": [{"x": 575.0, "y": 1417.0}, {"x": 828.0, "y": 1419.0}, {"x": 827.0, "y": 1474.0}, {"x": 575.0, "y": 1471.0}]}, "description": "5008 AMEX"}, {"boundingPoly": {"vertices": [{"x": 1545.0, "y": 1414.0}, {"x": 1679.0, "y": 1412.0}, {"x": 1682.0, "y": 1468.0}, {"x": 1546.0, "y": 1470.0}]}, "description": "11.12"}, {"boundingPoly": {"vertices": [{"x": 575.0, "y": 1610.0}, {"x": 666.0, "y": 1615.0}, {"x": 662.0, "y": 1661.0}, {"x": 573.0, "y": 1655.0}]}, "description": "Tax"}, {"boundingPoly": {"vertices": [{"x": 577.0, "y": 1665.0}, {"x": 795.0, "y": 1671.0}, {"x": 793.0, "y": 1729.0}, {"x": 576.0, "y": 1724.0}]}, "description": "() 8 675"}, {"boundingPoly": {"vertices": [{"x": 994.0, "y": 1611.0}, {"x": 1391.0, "y": 1611.0}, {"x": 1391.0, "y": 1672.0}, {"x": 994.0, "y": 1672.0}]}, "description": " Taxable Amount"}, {"boundingPoly": {"vertices": [{"x": 1238.0, "y": 1678.0}, {"x": 1360.0, "y": 1676.0}, {"x": 1361.0, "y": 1730.0}, {"x": 1239.0, "y": 1731.0}]}, "description": "10.21"}, {"boundingPoly": {"vertices": [{"x": 1414.0, "y": 1608.0}, {"x": 1694.0, "y": 1608.0}, {"x": 1694.0, "y": 1669.0}, {"x": 1414.0, "y": 1669.0}]}, "description": " Tax Amount"}, {"boundingPoly": {"vertices": [{"x": 1582.0, "y": 1678.0}, {"x": 1690.0, "y": 1677.0}, {"x": 1689.0, "y": 1728.0}, {"x": 1583.0, "y": 1730.0}]}, "description": "0.91"}, {"boundingPoly": {"vertices": [{"x": 563.0, "y": 1870.0}, {"x": 1700.0, "y": 1870.0}, {"x": 1700.0, "y": 1934.0}, {"x": 563.0, "y": 1934.0}]}, "description": " 11/01/2019 12:24 PM #:47134 Op:4023 C:111"}, {"boundingPoly": {"vertices": [{"x": 559.0, "y": 1941.0}, {"x": 708.0, "y": 1941.0}, {"x": 708.0, "y": 2003.0}, {"x": 559.0, "y": 2003.0}]}, "description": " 105 S:"}, {"boundingPoly": {"vertices": [{"x": 542.0, "y": 2013.0}, {"x": 844.0, "y": 2013.0}, {"x": 844.0, "y": 2078.0}, {"x": 542.0, "y": 2078.0}]}, "description": " Served you"}, {"boundingPoly": {"vertices": [{"x": 719.0, "y": 1941.0}, {"x": 835.0, "y": 1941.0}, {"x": 835.0, "y": 2003.0}, {"x": 719.0, "y": 2003.0}]}, "description": " 1111"}, {"boundingPoly": {"vertices": [{"x": 855.0, "y": 2011.0}, {"x": 1353.0, "y": 2011.0}, {"x": 1353.0, "y": 2078.0}, {"x": 855.0, "y": 2078.0}]}, "description": " : Lucrecia Findley"}, {"boundingPoly": {"vertices": [{"x": 785.0, "y": 2298.0}, {"x": 1389.0, "y": 2296.0}, {"x": 1390.0, "y": 2352.0}, {"x": 786.0, "y": 2357.0}]}, "description": "*** Customer copy ***"}, {"boundingPoly": {"vertices": [{"x": 900.0, "y": 2439.0}, {"x": 1306.0, "y": 2425.0}, {"x": 1308.0, "y": 2495.0}, {"x": 902.0, "y": 2506.0}]}, "description": "AMEX NY937 (5)"}, {"boundingPoly": {"vertices": [{"x": 562.0, "y": 2612.0}, {"x": 1081.0, "y": 2586.0}, {"x": 1084.0, "y": 2655.0}, {"x": 564.0, "y": 2681.0}]}, "description": "PURCHASE / APPROVED"}, {"boundingPoly": {"vertices": [{"x": 568.0, "y": 2705.0}, {"x": 654.0, "y": 2697.0}, {"x": 658.0, "y": 2760.0}, {"x": 574.0, "y": 2768.0}]}, "description": "AMEX"}, {"boundingPoly": {"vertices": [{"x": 562.0, "y": 2786.0}, {"x": 977.0, "y": 2755.0}, {"x": 982.0, "y": 2817.0}, {"x": 566.0, "y": 2843.0}]}, "description": "*********** 1000"}, {"boundingPoly": {"vertices": [{"x": 546.0, "y": 2868.0}, {"x": 1132.0, "y": 2830.0}, {"x": 1137.0, "y": 2899.0}, {"x": 551.0, "y": 2940.0}]}, "description": "CONTACTLESS / No CVM"}]}