{"textAnnotations": [{"boundingPoly": {"vertices": [{"x": 292.0, "y": 224.0}, {"x": 641.0, "y": 224.0}, {"x": 641.0, "y": 304.0}, {"x": 292.0, "y": 304.0}]}, "description": "merchant name"}, {"boundingPoly": {"vertices": [{"x": 293.0, "y": 335.0}, {"x": 604.0, "y": 335.0}, {"x": 604.0, "y": 361.0}, {"x": 293.0, "y": 361.0}]}, "description": "merchant address"}, {"boundingPoly": {"vertices": [{"x": 230.0, "y": 365.0}, {"x": 314.0, "y": 365.0}, {"x": 314.0, "y": 391.0}, {"x": 230.0, "y": 391.0}]}, "description": "merchant address"}, {"boundingPoly": {"vertices": [{"x": 608.0, "y": 335.0}, {"x": 626.0, "y": 335.0}, {"x": 626.0, "y": 361.0}, {"x": 608.0, "y": 361.0}]}, "description": "merchant address"}, {"boundingPoly": {"vertices": [{"x": 324.0, "y": 365.0}, {"x": 620.0, "y": 365.0}, {"x": 620.0, "y": 392.0}, {"x": 324.0, "y": 392.0}]}, "description": "merchant address"}, {"boundingPoly": {"vertices": [{"x": 474.0, "y": 396.0}, {"x": 544.0, "y": 396.0}, {"x": 544.0, "y": 422.0}, {"x": 474.0, "y": 422.0}]}, "description": "merchant address"}, {"boundingPoly": {"vertices": [{"x": 367.0, "y": 426.0}, {"x": 542.0, "y": 426.0}, {"x": 542.0, "y": 452.0}, {"x": 367.0, "y": 452.0}]}, "description": "merchant address"}, {"boundingPoly": {"vertices": [{"x": 367.0, "y": 458.0}, {"x": 561.0, "y": 458.0}, {"x": 561.0, "y": 485.0}, {"x": 367.0, "y": 485.0}]}, "description": "VERSION 11.1"}, {"boundingPoly": {"vertices": [{"x": 540.0, "y": 490.0}, {"x": 791.0, "y": 490.0}, {"x": 791.0, "y": 520.0}, {"x": 540.0, "y": 520.0}]}, "description": " 000009180874737"}, {"boundingPoly": {"vertices": [{"x": 627.0, "y": 364.0}, {"x": 674.0, "y": 364.0}, {"x": 674.0, "y": 391.0}, {"x": 627.0, "y": 391.0}]}, "description": "merchant address"}, {"boundingPoly": {"vertices": [{"x": 367.0, "y": 397.0}, {"x": 469.0, "y": 397.0}, {"x": 469.0, "y": 422.0}, {"x": 367.0, "y": 422.0}]}, "description": "merchant address"}, {"boundingPoly": {"vertices": [{"x": 121.0, "y": 491.0}, {"x": 176.0, "y": 491.0}, {"x": 176.0, "y": 520.0}, {"x": 121.0, "y": 520.0}]}, "description": " TID:"}, {"boundingPoly": {"vertices": [{"x": 110.0, "y": 526.0}, {"x": 207.0, "y": 526.0}, {"x": 207.0, "y": 555.0}, {"x": 110.0, "y": 555.0}]}, "description": " BATCH:"}, {"boundingPoly": {"vertices": [{"x": 111.0, "y": 561.0}, {"x": 373.0, "y": 561.0}, {"x": 373.0, "y": 592.0}, {"x": 111.0, "y": 592.0}]}, "description": " INVOICE:"}, {"boundingPoly": {"vertices": [{"x": 96.0, "y": 598.0}, {"x": 581.0, "y": 598.0}, {"x": 581.0, "y": 629.0}, {"x": 96.0, "y": 629.0}]}, "description": " **** **** *** 1"}, {"boundingPoly": {"vertices": [{"x": 181.0, "y": 491.0}, {"x": 320.0, "y": 491.0}, {"x": 320.0, "y": 519.0}, {"x": 181.0, "y": 519.0}]}, "description": " 93412549"}, {"boundingPoly": {"vertices": [{"x": 477.0, "y": 491.0}, {"x": 535.0, "y": 491.0}, {"x": 535.0, "y": 520.0}, {"x": 477.0, "y": 520.0}]}, "description": " MID:"}, {"boundingPoly": {"vertices": [{"x": 212.0, "y": 526.0}, {"x": 317.0, "y": 526.0}, {"x": 317.0, "y": 555.0}, {"x": 212.0, "y": 555.0}]}, "description": " 000500"}, {"boundingPoly": {"vertices": [{"x": 379.0, "y": 558.0}, {"x": 580.0, "y": 558.0}, {"x": 580.0, "y": 592.0}, {"x": 379.0, "y": 592.0}]}, "description": " 006159"}, {"boundingPoly": {"vertices": [{"x": 619.0, "y": 595.0}, {"x": 714.0, "y": 595.0}, {"x": 714.0, "y": 629.0}, {"x": 619.0, "y": 629.0}]}, "description": " 003"}, {"boundingPoly": {"vertices": [{"x": 375.0, "y": 675.0}, {"x": 519.0, "y": 675.0}, {"x": 519.0, "y": 709.0}, {"x": 375.0, "y": 710.0}]}, "description": "SALE"}, {"boundingPoly": {"vertices": [{"x": 375.0, "y": 714.0}, {"x": 838.0, "y": 714.0}, {"x": 838.0, "y": 760.0}, {"x": 375.0, "y": 760.0}]}, "description": " 19 17:14:49 C"}, {"boundingPoly": {"vertices": [{"x": 82.0, "y": 716.0}, {"x": 351.0, "y": 716.0}, {"x": 351.0, "y": 757.0}, {"x": 82.0, "y": 757.0}]}, "description": "DEC 12."}, {"boundingPoly": {"vertices": [{"x": 257.0, "y": 762.0}, {"x": 341.0, "y": 762.0}, {"x": 341.0, "y": 799.0}, {"x": 257.0, "y": 799.0}]}, "description": " AMEX"}, {"boundingPoly": {"vertices": [{"x": 72.0, "y": 807.0}, {"x": 402.0, "y": 807.0}, {"x": 402.0, "y": 846.0}, {"x": 72.0, "y": 846.0}]}, "description": " APP CODE:"}, {"boundingPoly": {"vertices": [{"x": 142.0, "y": 853.0}, {"x": 378.0, "y": 853.0}, {"x": 378.0, "y": 892.0}, {"x": 142.0, "y": 892.0}]}, "description": " 934633289533"}, {"boundingPoly": {"vertices": [{"x": 138.0, "y": 895.0}, {"x": 829.0, "y": 895.0}, {"x": 829.0, "y": 939.0}, {"x": 138.0, "y": 939.0}]}, "description": " A000000025010801 TC:0779000839389787"}, {"boundingPoly": {"vertices": [{"x": 77.0, "y": 763.0}, {"x": 250.0, "y": 763.0}, {"x": 250.0, "y": 800.0}, {"x": 77.0, "y": 800.0}]}, "description": " CARD TYPE:"}, {"boundingPoly": {"vertices": [{"x": 409.0, "y": 806.0}, {"x": 631.0, "y": 806.0}, {"x": 631.0, "y": 844.0}, {"x": 409.0, "y": 844.0}]}, "description": " 837528"}, {"boundingPoly": {"vertices": [{"x": 550.0, "y": 847.0}, {"x": 848.0, "y": 847.0}, {"x": 848.0, "y": 893.0}, {"x": 550.0, "y": 893.0}]}, "description": " AMERICAN EXPRESS"}, {"boundingPoly": {"vertices": [{"x": 69.0, "y": 854.0}, {"x": 135.0, "y": 854.0}, {"x": 135.0, "y": 891.0}, {"x": 69.0, "y": 891.0}]}, "description": " RRN:"}, {"boundingPoly": {"vertices": [{"x": 65.0, "y": 901.0}, {"x": 130.0, "y": 901.0}, {"x": 130.0, "y": 939.0}, {"x": 65.0, "y": 939.0}]}, "description": " AID:"}, {"boundingPoly": {"vertices": [{"x": 479.0, "y": 851.0}, {"x": 542.0, "y": 851.0}, {"x": 542.0, "y": 893.0}, {"x": 479.0, "y": 893.0}]}, "description": " APP:"}, {"boundingPoly": {"vertices": [{"x": 68.0, "y": 996.0}, {"x": 288.0, "y": 996.0}, {"x": 288.0, "y": 1037.0}, {"x": 68.0, "y": 1037.0}]}, "description": " TOTAL:"}, {"boundingPoly": {"vertices": [{"x": 513.0, "y": 989.0}, {"x": 839.0, "y": 977.0}, {"x": 840.0, "y": 1014.0}, {"x": 514.0, "y": 1026.0}]}, "description": "PHP545. 73"}, {"boundingPoly": {"vertices": [{"x": 605.0, "y": 1028.0}, {"x": 644.0, "y": 1028.0}, {"x": 644.0, "y": 1063.0}, {"x": 605.0, "y": 1063.0}]}, "description": " .."}, {"boundingPoly": {"vertices": [{"x": 325.0, "y": 1029.0}, {"x": 579.0, "y": 1029.0}, {"x": 579.0, "y": 1078.0}, {"x": 325.0, "y": 1078.0}]}, "description": " CUSTOMER COPY"}, {"boundingPoly": {"vertices": [{"x": 586.0, "y": 1029.0}, {"x": 598.0, "y": 1029.0}, {"x": 598.0, "y": 1065.0}, {"x": 586.0, "y": 1065.0}]}, "description": " ."}]}