{"textAnnotations": [{"boundingPoly": {"vertices": [{"x": 82.0, "y": 91.0}, {"x": 271.0, "y": 81.0}, {"x": 272.0, "y": 105.0}, {"x": 83.0, "y": 115.0}]}, "description": "Thank You For Visiting the"}, {"boundingPoly": {"vertices": [{"x": 87.0, "y": 140.0}, {"x": 247.0, "y": 128.0}, {"x": 248.0, "y": 142.0}, {"x": 88.0, "y": 158.0}]}, "description": "We Love Your Feedback!"}, {"boundingPoly": {"vertices": [{"x": 75.0, "y": 118.0}, {"x": 263.0, "y": 108.0}, {"x": 264.0, "y": 128.0}, {"x": 77.0, "y": 139.0}]}, "description": "merchant name"}, {"boundingPoly": {"vertices": [{"x": 84.0, "y": 144.0}, {"x": 191.0, "y": 144.0}, {"x": 191.0, "y": 178.0}, {"x": 84.0, "y": 178.0}]}, "description": " Text @LTF11006"}, {"boundingPoly": {"vertices": [{"x": 192.0, "y": 136.0}, {"x": 254.0, "y": 136.0}, {"x": 254.0, "y": 160.0}, {"x": 192.0, "y": 160.0}]}, "description": " to 73940"}, {"boundingPoly": {"vertices": [{"x": 303.0, "y": 161.0}, {"x": 327.0, "y": 160.0}, {"x": 328.0, "y": 171.0}, {"x": 304.0, "y": 173.0}]}, "description": "USD"}, {"boundingPoly": {"vertices": [{"x": 291.0, "y": 179.0}, {"x": 328.0, "y": 174.0}, {"x": 330.0, "y": 190.0}, {"x": 293.0, "y": 196.0}]}, "description": "3.99"}, {"boundingPoly": {"vertices": [{"x": 291.0, "y": 200.0}, {"x": 327.0, "y": 194.0}, {"x": 328.0, "y": 209.0}, {"x": 293.0, "y": 216.0}]}, "description": "0.23"}, {"boundingPoly": {"vertices": [{"x": 26.0, "y": 216.0}, {"x": 94.0, "y": 216.0}, {"x": 94.0, "y": 239.0}, {"x": 26.0, "y": 239.0}]}, "description": " Adobe Taco"}, {"boundingPoly": {"vertices": [{"x": 97.0, "y": 211.0}, {"x": 139.0, "y": 211.0}, {"x": 139.0, "y": 234.0}, {"x": 97.0, "y": 234.0}]}, "description": " Salad"}, {"boundingPoly": {"vertices": [{"x": 26.0, "y": 230.0}, {"x": 137.0, "y": 230.0}, {"x": 137.0, "y": 257.0}, {"x": 26.0, "y": 257.0}]}, "description": " Adobe Sour Cream"}, {"boundingPoly": {"vertices": [{"x": 139.0, "y": 226.0}, {"x": 167.0, "y": 226.0}, {"x": 167.0, "y": 248.0}, {"x": 139.0, "y": 248.0}]}, "description": " / C"}, {"boundingPoly": {"vertices": [{"x": 288.0, "y": 240.0}, {"x": 323.0, "y": 235.0}, {"x": 325.0, "y": 251.0}, {"x": 290.0, "y": 257.0}]}, "description": "4.22"}, {"boundingPoly": {"vertices": [{"x": 285.0, "y": 261.0}, {"x": 321.0, "y": 257.0}, {"x": 322.0, "y": 273.0}, {"x": 287.0, "y": 278.0}]}, "description": "0.36"}, {"boundingPoly": {"vertices": [{"x": 180.0, "y": 261.0}, {"x": 250.0, "y": 248.0}, {"x": 253.0, "y": 264.0}, {"x": 182.0, "y": 278.0}]}, "description": "Sub Total"}, {"boundingPoly": {"vertices": [{"x": 180.0, "y": 281.0}, {"x": 257.0, "y": 267.0}, {"x": 260.0, "y": 283.0}, {"x": 182.0, "y": 297.0}]}, "description": "Tax Amount"}, {"boundingPoly": {"vertices": [{"x": 18.0, "y": 349.0}, {"x": 135.0, "y": 343.0}, {"x": 137.0, "y": 370.0}, {"x": 19.0, "y": 377.0}]}, "description": "Total USD"}, {"boundingPoly": {"vertices": [{"x": 247.0, "y": 328.0}, {"x": 311.0, "y": 323.0}, {"x": 311.0, "y": 354.0}, {"x": 248.0, "y": 359.0}]}, "description": "4.58"}, {"boundingPoly": {"vertices": [{"x": 17.0, "y": 422.0}, {"x": 161.0, "y": 417.0}, {"x": 161.0, "y": 432.0}, {"x": 18.0, "y": 437.0}]}, "description": "5009 AMERICAN EXPRESS"}, {"boundingPoly": {"vertices": [{"x": 277.0, "y": 410.0}, {"x": 306.0, "y": 410.0}, {"x": 307.0, "y": 425.0}, {"x": 276.0, "y": 425.0}]}, "description": "4.58"}, {"boundingPoly": {"vertices": [{"x": 18.0, "y": 474.0}, {"x": 39.0, "y": 474.0}, {"x": 39.0, "y": 488.0}, {"x": 18.0, "y": 487.0}]}, "description": "Tax"}, {"boundingPoly": {"vertices": [{"x": 18.0, "y": 490.0}, {"x": 64.0, "y": 490.0}, {"x": 64.0, "y": 505.0}, {"x": 19.0, "y": 506.0}]}, "description": "() 8.60"}, {"boundingPoly": {"vertices": [{"x": 124.0, "y": 466.0}, {"x": 227.0, "y": 466.0}, {"x": 227.0, "y": 486.0}, {"x": 124.0, "y": 486.0}]}, "description": " Taxable Amount"}, {"boundingPoly": {"vertices": [{"x": 191.0, "y": 484.0}, {"x": 221.0, "y": 484.0}, {"x": 221.0, "y": 499.0}, {"x": 191.0, "y": 499.0}]}, "description": "4.22"}, {"boundingPoly": {"vertices": [{"x": 232.0, "y": 465.0}, {"x": 257.0, "y": 465.0}, {"x": 257.0, "y": 482.0}, {"x": 232.0, "y": 482.0}]}, "description": " Tax"}, {"boundingPoly": {"vertices": [{"x": 260.0, "y": 463.0}, {"x": 305.0, "y": 463.0}, {"x": 305.0, "y": 481.0}, {"x": 260.0, "y": 481.0}]}, "description": " Amount"}, {"boundingPoly": {"vertices": [{"x": 272.0, "y": 482.0}, {"x": 304.0, "y": 482.0}, {"x": 304.0, "y": 497.0}, {"x": 273.0, "y": 498.0}]}, "description": "0.36"}, {"boundingPoly": {"vertices": [{"x": 17.0, "y": 539.0}, {"x": 300.0, "y": 539.0}, {"x": 300.0, "y": 561.0}, {"x": 17.0, "y": 561.0}]}, "description": " 11/14/2019 11:40 AM #:56916 Op:3060 C:112"}, {"boundingPoly": {"vertices": [{"x": 15.0, "y": 562.0}, {"x": 81.0, "y": 562.0}, {"x": 81.0, "y": 579.0}, {"x": 15.0, "y": 579.0}]}, "description": " 203 S:1122"}, {"boundingPoly": {"vertices": [{"x": 14.0, "y": 581.0}, {"x": 79.0, "y": 581.0}, {"x": 79.0, "y": 598.0}, {"x": 14.0, "y": 598.0}]}, "description": " Served you"}, {"boundingPoly": {"vertices": [{"x": 82.0, "y": 579.0}, {"x": 178.0, "y": 579.0}, {"x": 178.0, "y": 598.0}, {"x": 82.0, "y": 598.0}]}, "description": " : Lori Schafer"}, {"boundingPoly": {"vertices": [{"x": 66.0, "y": 652.0}, {"x": 87.0, "y": 652.0}, {"x": 87.0, "y": 667.0}, {"x": 66.0, "y": 667.0}]}, "description": " ***"}, {"boundingPoly": {"vertices": [{"x": 90.0, "y": 652.0}, {"x": 146.0, "y": 652.0}, {"x": 146.0, "y": 667.0}, {"x": 90.0, "y": 667.0}]}, "description": " Customer"}, {"boundingPoly": {"vertices": [{"x": 149.0, "y": 652.0}, {"x": 206.0, "y": 652.0}, {"x": 206.0, "y": 667.0}, {"x": 149.0, "y": 667.0}]}, "description": " copy ***"}, {"boundingPoly": {"vertices": [{"x": 91.0, "y": 685.0}, {"x": 152.0, "y": 685.0}, {"x": 152.0, "y": 700.0}, {"x": 91.0, "y": 700.0}]}, "description": " AMEX AEDR"}, {"boundingPoly": {"vertices": [{"x": 83.0, "y": 702.0}, {"x": 106.0, "y": 702.0}, {"x": 106.0, "y": 717.0}, {"x": 83.0, "y": 717.0}]}, "description": " pay"}, {"boundingPoly": {"vertices": [{"x": 59.0, "y": 718.0}, {"x": 219.0, "y": 719.0}, {"x": 219.0, "y": 734.0}, {"x": 59.0, "y": 733.0}]}, "description": "according to card issuer"}, {"boundingPoly": {"vertices": [{"x": 7.0, "y": 733.0}, {"x": 67.0, "y": 733.0}, {"x": 67.0, "y": 750.0}, {"x": 7.0, "y": 750.0}]}, "description": " agreement."}, {"boundingPoly": {"vertices": [{"x": 26.0, "y": 750.0}, {"x": 67.0, "y": 750.0}, {"x": 67.0, "y": 766.0}, {"x": 26.0, "y": 766.0}]}, "description": " Voucher"}, {"boundingPoly": {"vertices": [{"x": 155.0, "y": 685.0}, {"x": 177.0, "y": 685.0}, {"x": 177.0, "y": 701.0}, {"x": 155.0, "y": 701.0}]}, "description": " (6)"}, {"boundingPoly": {"vertices": [{"x": 134.0, "y": 702.0}, {"x": 170.0, "y": 702.0}, {"x": 170.0, "y": 717.0}, {"x": 134.0, "y": 717.0}]}, "description": " above"}, {"boundingPoly": {"vertices": [{"x": 15.0, "y": 701.0}, {"x": 80.0, "y": 701.0}, {"x": 80.0, "y": 717.0}, {"x": 15.0, "y": 717.0}]}, "description": " I agree to"}, {"boundingPoly": {"vertices": [{"x": 109.0, "y": 702.0}, {"x": 131.0, "y": 702.0}, {"x": 131.0, "y": 717.0}, {"x": 109.0, "y": 717.0}]}, "description": " the"}, {"boundingPoly": {"vertices": [{"x": 173.0, "y": 702.0}, {"x": 212.0, "y": 702.0}, {"x": 212.0, "y": 717.0}, {"x": 173.0, "y": 717.0}]}, "description": " total"}, {"boundingPoly": {"vertices": [{"x": 215.0, "y": 701.0}, {"x": 261.0, "y": 701.0}, {"x": 261.0, "y": 717.0}, {"x": 215.0, "y": 717.0}]}, "description": " amount"}, {"boundingPoly": {"vertices": [{"x": 69.0, "y": 735.0}, {"x": 130.0, "y": 735.0}, {"x": 130.0, "y": 751.0}, {"x": 69.0, "y": 751.0}]}, "description": " (Merchant"}, {"boundingPoly": {"vertices": [{"x": 70.0, "y": 751.0}, {"x": 117.0, "y": 751.0}, {"x": 117.0, "y": 768.0}, {"x": 70.0, "y": 768.0}]}, "description": " )Retain"}, {"boundingPoly": {"vertices": [{"x": 108.0, "y": 770.0}, {"x": 159.0, "y": 771.0}, {"x": 158.0, "y": 785.0}, {"x": 108.0, "y": 784.0}]}, "description": "records."}, {"boundingPoly": {"vertices": [{"x": 133.0, "y": 735.0}, {"x": 198.0, "y": 735.0}, {"x": 198.0, "y": 751.0}, {"x": 133.0, "y": 751.0}]}, "description": " agreement"}, {"boundingPoly": {"vertices": [{"x": 119.0, "y": 751.0}, {"x": 183.0, "y": 751.0}, {"x": 183.0, "y": 769.0}, {"x": 119.0, "y": 769.0}]}, "description": " this copy"}, {"boundingPoly": {"vertices": [{"x": 201.0, "y": 735.0}, {"x": 218.0, "y": 735.0}, {"x": 218.0, "y": 751.0}, {"x": 201.0, "y": 751.0}]}, "description": " if"}, {"boundingPoly": {"vertices": [{"x": 185.0, "y": 752.0}, {"x": 211.0, "y": 752.0}, {"x": 211.0, "y": 769.0}, {"x": 185.0, "y": 769.0}]}, "description": " for"}, {"boundingPoly": {"vertices": [{"x": 220.0, "y": 733.0}, {"x": 267.0, "y": 733.0}, {"x": 267.0, "y": 751.0}, {"x": 220.0, "y": 751.0}]}, "description": " Credit"}, {"boundingPoly": {"vertices": [{"x": 213.0, "y": 752.0}, {"x": 245.0, "y": 752.0}, {"x": 245.0, "y": 769.0}, {"x": 213.0, "y": 769.0}]}, "description": " your"}, {"boundingPoly": {"vertices": [{"x": 5.0, "y": 798.0}, {"x": 59.0, "y": 798.0}, {"x": 59.0, "y": 815.0}, {"x": 5.0, "y": 815.0}]}, "description": " PURCHASE"}, {"boundingPoly": {"vertices": [{"x": 5.0, "y": 815.0}, {"x": 107.0, "y": 818.0}, {"x": 106.0, "y": 833.0}, {"x": 4.0, "y": 829.0}]}, "description": "AMERICAN EXPRESS"}, {"boundingPoly": {"vertices": [{"x": 6.0, "y": 833.0}, {"x": 99.0, "y": 835.0}, {"x": 99.0, "y": 849.0}, {"x": 6.0, "y": 845.0}]}, "description": "*********** 1002"}, {"boundingPoly": {"vertices": [{"x": 3.0, "y": 847.0}, {"x": 75.0, "y": 850.0}, {"x": 74.0, "y": 865.0}, {"x": 3.0, "y": 862.0}]}, "description": "CHIP READ /"}, {"boundingPoly": {"vertices": [{"x": 61.0, "y": 800.0}, {"x": 128.0, "y": 800.0}, {"x": 128.0, "y": 817.0}, {"x": 61.0, "y": 817.0}]}, "description": " / APPROVED"}, {"boundingPoly": {"vertices": [{"x": 4.0, "y": 879.0}, {"x": 124.0, "y": 879.0}, {"x": 124.0, "y": 900.0}, {"x": 4.0, "y": 900.0}]}, "description": " 2019/11/14 11:40:16"}, {"boundingPoly": {"vertices": [{"x": 5.0, "y": 911.0}, {"x": 24.0, "y": 911.0}, {"x": 23.0, "y": 925.0}, {"x": 5.0, "y": 925.0}]}, "description": "MID"}, {"boundingPoly": {"vertices": [{"x": 5.0, "y": 926.0}, {"x": 61.0, "y": 930.0}, {"x": 60.0, "y": 944.0}, {"x": 4.0, "y": 941.0}]}, "description": "REFERENCE"}, {"boundingPoly": {"vertices": [{"x": 5.0, "y": 943.0}, {"x": 62.0, "y": 946.0}, {"x": 61.0, "y": 960.0}, {"x": 4.0, "y": 957.0}]}, "description": "AUTH CODE"}, {"boundingPoly": {"vertices": [{"x": 4.0, "y": 895.0}, {"x": 24.0, "y": 896.0}, {"x": 23.0, "y": 911.0}, {"x": 4.0, "y": 911.0}]}, "description": "TID"}, {"boundingPoly": {"vertices": [{"x": 210.0, "y": 904.0}, {"x": 266.0, "y": 905.0}, {"x": 266.0, "y": 918.0}, {"x": 209.0, "y": 916.0}]}, "description": "**** 6041"}, {"boundingPoly": {"vertices": [{"x": 218.0, "y": 919.0}, {"x": 269.0, "y": 920.0}, {"x": 269.0, "y": 933.0}, {"x": 218.0, "y": 932.0}]}, "description": "6634460"}, {"boundingPoly": {"vertices": [{"x": 95.0, "y": 930.0}, {"x": 270.0, "y": 935.0}, {"x": 269.0, "y": 950.0}, {"x": 95.0, "y": 945.0}]}, "description": "S1122T112203#56916@100907"}, {"boundingPoly": {"vertices": [{"x": 228.0, "y": 950.0}, {"x": 273.0, "y": 951.0}, {"x": 272.0, "y": 966.0}, {"x": 228.0, "y": 964.0}]}, "description": "879174"}, {"boundingPoly": {"vertices": [{"x": 5.0, "y": 973.0}, {"x": 39.0, "y": 976.0}, {"x": 38.0, "y": 989.0}, {"x": 4.0, "y": 987.0}]}, "description": "TOTAL"}, {"boundingPoly": {"vertices": [{"x": 223.0, "y": 982.0}, {"x": 277.0, "y": 982.0}, {"x": 277.0, "y": 997.0}, {"x": 223.0, "y": 996.0}]}, "description": "USD4.58"}, {"boundingPoly": {"vertices": [{"x": 8.0, "y": 1006.0}, {"x": 31.0, "y": 1006.0}, {"x": 31.0, "y": 1021.0}, {"x": 8.0, "y": 1021.0}]}, "description": " ARC:"}, {"boundingPoly": {"vertices": [{"x": 8.0, "y": 1022.0}, {"x": 33.0, "y": 1022.0}, {"x": 33.0, "y": 1037.0}, {"x": 8.0, "y": 1037.0}]}, "description": " TSI:"}, {"boundingPoly": {"vertices": [{"x": 5.0, "y": 1038.0}, {"x": 34.0, "y": 1038.0}, {"x": 34.0, "y": 1053.0}, {"x": 5.0, "y": 1053.0}]}, "description": " IAD:"}, {"boundingPoly": {"vertices": [{"x": 5.0, "y": 1054.0}, {"x": 34.0, "y": 1054.0}, {"x": 34.0, "y": 1069.0}, {"x": 5.0, "y": 1069.0}]}, "description": " TVR:"}, {"boundingPoly": {"vertices": [{"x": 9.0, "y": 1069.0}, {"x": 35.0, "y": 1069.0}, {"x": 35.0, "y": 1085.0}, {"x": 9.0, "y": 1085.0}]}, "description": " AID:"}, {"boundingPoly": {"vertices": [{"x": 6.0, "y": 1085.0}, {"x": 84.0, "y": 1085.0}, {"x": 84.0, "y": 1103.0}, {"x": 6.0, "y": 1103.0}]}, "description": " PAN Seq No:"}, {"boundingPoly": {"vertices": [{"x": 34.0, "y": 1007.0}, {"x": 51.0, "y": 1007.0}, {"x": 51.0, "y": 1022.0}, {"x": 34.0, "y": 1022.0}]}, "description": " 00"}, {"boundingPoly": {"vertices": [{"x": 35.0, "y": 1023.0}, {"x": 67.0, "y": 1023.0}, {"x": 67.0, "y": 1037.0}, {"x": 35.0, "y": 1037.0}]}, "description": " F800"}, {"boundingPoly": {"vertices": [{"x": 37.0, "y": 1039.0}, {"x": 133.0, "y": 1039.0}, {"x": 133.0, "y": 1057.0}, {"x": 37.0, "y": 1057.0}]}, "description": " 06600103602002"}, {"boundingPoly": {"vertices": [{"x": 37.0, "y": 1055.0}, {"x": 107.0, "y": 1055.0}, {"x": 107.0, "y": 1071.0}, {"x": 37.0, "y": 1071.0}]}, "description": " 0000008000"}, {"boundingPoly": {"vertices": [{"x": 38.0, "y": 1070.0}, {"x": 151.0, "y": 1070.0}, {"x": 151.0, "y": 1086.0}, {"x": 38.0, "y": 1086.0}]}, "description": " A000000025010801"}, {"boundingPoly": {"vertices": [{"x": 87.0, "y": 1088.0}, {"x": 103.0, "y": 1088.0}, {"x": 103.0, "y": 1103.0}, {"x": 87.0, "y": 1103.0}]}, "description": " 00"}]}