{"textAnnotations": [{"boundingPoly": {"vertices": [{"x": 188.0, "y": 86.0}, {"x": 306.0, "y": 85.0}, {"x": 306.0, "y": 106.0}, {"x": 188.0, "y": 107.0}]}, "description": "merchant name"}, {"boundingPoly": {"vertices": [{"x": 61.0, "y": 115.0}, {"x": 465.0, "y": 109.0}, {"x": 467.0, "y": 152.0}, {"x": 62.0, "y": 164.0}]}, "description": "merchant address"}, {"boundingPoly": {"vertices": [{"x": 157.0, "y": 189.0}, {"x": 344.0, "y": 178.0}, {"x": 346.0, "y": 204.0}, {"x": 159.0, "y": 221.0}]}, "description": "WED OCTOBER 23,2019"}, {"boundingPoly": {"vertices": [{"x": 199.0, "y": 261.0}, {"x": 288.0, "y": 252.0}, {"x": 291.0, "y": 278.0}, {"x": 201.0, "y": 288.0}]}, "description": "Take Away"}, {"boundingPoly": {"vertices": [{"x": 83.0, "y": 144.0}, {"x": 163.0, "y": 144.0}, {"x": 163.0, "y": 184.0}, {"x": 83.0, "y": 184.0}]}, "description": " Tel:"}, {"boundingPoly": {"vertices": [{"x": 95.0, "y": 222.0}, {"x": 399.0, "y": 204.0}, {"x": 401.0, "y": 227.0}, {"x": 97.0, "y": 254.0}]}, "description": "CHECK #583042- 1"}, {"boundingPoly": {"vertices": [{"x": 170.0, "y": 134.0}, {"x": 449.0, "y": 134.0}, {"x": 449.0, "y": 170.0}, {"x": 170.0, "y": 170.0}]}, "description": "merchant phone"}, {"boundingPoly": {"vertices": [{"x": 102.0, "y": 298.0}, {"x": 170.0, "y": 300.0}, {"x": 170.0, "y": 320.0}, {"x": 101.0, "y": 318.0}]}, "description": "1 Latte"}, {"boundingPoly": {"vertices": [{"x": 118.0, "y": 322.0}, {"x": 148.0, "y": 322.0}, {"x": 148.0, "y": 341.0}, {"x": 118.0, "y": 341.0}]}, "description": "JOE"}, {"boundingPoly": {"vertices": [{"x": 117.0, "y": 347.0}, {"x": 148.0, "y": 345.0}, {"x": 148.0, "y": 366.0}, {"x": 118.0, "y": 366.0}]}, "description": "TAX"}, {"boundingPoly": {"vertices": [{"x": 91.0, "y": 374.0}, {"x": 180.0, "y": 368.0}, {"x": 181.0, "y": 390.0}, {"x": 92.0, "y": 395.0}]}, "description": "TOTAL"}, {"boundingPoly": {"vertices": [{"x": 125.0, "y": 421.0}, {"x": 365.0, "y": 403.0}, {"x": 367.0, "y": 429.0}, {"x": 126.0, "y": 448.0}]}, "description": "Total is inclusive of GST"}, {"boundingPoly": {"vertices": [{"x": 368.0, "y": 282.0}, {"x": 412.0, "y": 280.0}, {"x": 412.0, "y": 300.0}, {"x": 368.0, "y": 302.0}]}, "description": "3.50"}, {"boundingPoly": {"vertices": [{"x": 365.0, "y": 332.0}, {"x": 408.0, "y": 331.0}, {"x": 408.0, "y": 352.0}, {"x": 365.0, "y": 352.0}]}, "description": "0.32"}, {"boundingPoly": {"vertices": [{"x": 310.0, "y": 355.0}, {"x": 398.0, "y": 355.0}, {"x": 398.0, "y": 379.0}, {"x": 310.0, "y": 381.0}]}, "description": "3.50"}, {"boundingPoly": {"vertices": [{"x": 179.0, "y": 497.0}, {"x": 289.0, "y": 489.0}, {"x": 290.0, "y": 510.0}, {"x": 180.0, "y": 519.0}]}, "description": "Vessel"}, {"boundingPoly": {"vertices": [{"x": 267.0, "y": 540.0}, {"x": 368.0, "y": 538.0}, {"x": 369.0, "y": 560.0}, {"x": 267.0, "y": 562.0}]}, "description": "1 CUSTOMER"}, {"boundingPoly": {"vertices": [{"x": 162.0, "y": 520.0}, {"x": 328.0, "y": 515.0}, {"x": 329.0, "y": 536.0}, {"x": 162.0, "y": 544.0}]}, "description": "Take Away"}, {"boundingPoly": {"vertices": [{"x": 173.0, "y": 542.0}, {"x": 227.0, "y": 542.0}, {"x": 227.0, "y": 569.0}, {"x": 173.0, "y": 569.0}]}, "description": " 09:14"}, {"boundingPoly": {"vertices": [{"x": 119.0, "y": 544.0}, {"x": 168.0, "y": 544.0}, {"x": 168.0, "y": 571.0}, {"x": 119.0, "y": 571.0}]}, "description": " Time:"}, {"boundingPoly": {"vertices": [{"x": 180.0, "y": 591.0}, {"x": 290.0, "y": 592.0}, {"x": 290.0, "y": 613.0}, {"x": 180.0, "y": 612.0}]}, "description": "TAX INVOICE"}, {"boundingPoly": {"vertices": [{"x": 140.0, "y": 617.0}, {"x": 324.0, "y": 618.0}, {"x": 324.0, "y": 640.0}, {"x": 140.0, "y": 639.0}]}, "description": "ABN# 48 629 038 777"}, {"boundingPoly": {"vertices": [{"x": 137.0, "y": 666.0}, {"x": 332.0, "y": 671.0}, {"x": 331.0, "y": 692.0}, {"x": 137.0, "y": 688.0}]}, "description": "YOU HAVE BEEN SERVED"}, {"boundingPoly": {"vertices": [{"x": 183.0, "y": 694.0}, {"x": 210.0, "y": 694.0}, {"x": 210.0, "y": 715.0}, {"x": 183.0, "y": 715.0}]}, "description": " BY"}, {"boundingPoly": {"vertices": [{"x": 213.0, "y": 695.0}, {"x": 282.0, "y": 695.0}, {"x": 282.0, "y": 717.0}, {"x": 213.0, "y": 717.0}]}, "description": " : Renad"}, {"boundingPoly": {"vertices": [{"x": 173.0, "y": 769.0}, {"x": 280.0, "y": 769.0}, {"x": 280.0, "y": 792.0}, {"x": 173.0, "y": 792.0}]}, "description": " SETTLED BY:"}, {"boundingPoly": {"vertices": [{"x": 54.0, "y": 792.0}, {"x": 95.0, "y": 790.0}, {"x": 96.0, "y": 809.0}, {"x": 54.0, "y": 810.0}]}, "description": "patt"}, {"boundingPoly": {"vertices": [{"x": 163.0, "y": 815.0}, {"x": 287.0, "y": 821.0}, {"x": 286.0, "y": 841.0}, {"x": 162.0, "y": 835.0}]}, "description": "CUSTOMER COPY"}, {"boundingPoly": {"vertices": [{"x": 352.0, "y": 799.0}, {"x": 396.0, "y": 801.0}, {"x": 395.0, "y": 821.0}, {"x": 352.0, "y": 820.0}]}, "description": "3.50"}]}