{"textAnnotations": [{"boundingPoly": {"vertices": [{"x": 169.0, "y": 89.0}, {"x": 348.0, "y": 95.0}, {"x": 347.0, "y": 112.0}, {"x": 168.0, "y": 105.0}]}, "description": "merchant name"}, {"boundingPoly": {"vertices": [{"x": 175.0, "y": 126.0}, {"x": 230.0, "y": 126.0}, {"x": 230.0, "y": 146.0}, {"x": 175.0, "y": 146.0}]}, "description": " Phone:"}, {"boundingPoly": {"vertices": [{"x": 179.0, "y": 150.0}, {"x": 334.0, "y": 159.0}, {"x": 333.0, "y": 174.0}, {"x": 178.0, "y": 165.0}]}, "description": "www.panerabread.com"}, {"boundingPoly": {"vertices": [{"x": 185.0, "y": 107.0}, {"x": 329.0, "y": 115.0}, {"x": 328.0, "y": 131.0}, {"x": 185.0, "y": 122.0}]}, "description": "merchant address"}, {"boundingPoly": {"vertices": [{"x": 232.0, "y": 130.0}, {"x": 340.0, "y": 130.0}, {"x": 340.0, "y": 153.0}, {"x": 232.0, "y": 153.0}]}, "description": "merchant phone"}, {"boundingPoly": {"vertices": [{"x": 183.0, "y": 194.0}, {"x": 322.0, "y": 194.0}, {"x": 322.0, "y": 217.0}, {"x": 183.0, "y": 217.0}]}, "description": " Accuracy Matters:"}, {"boundingPoly": {"vertices": [{"x": 112.0, "y": 209.0}, {"x": 389.0, "y": 223.0}, {"x": 388.0, "y": 241.0}, {"x": 112.0, "y": 228.0}]}, "description": "If your order is not right, let an"}, {"boundingPoly": {"vertices": [{"x": 209.0, "y": 260.0}, {"x": 255.0, "y": 260.0}, {"x": 255.0, "y": 277.0}, {"x": 209.0, "y": 277.0}]}, "description": " right"}, {"boundingPoly": {"vertices": [{"x": 117.0, "y": 235.0}, {"x": 384.0, "y": 244.0}, {"x": 383.0, "y": 261.0}, {"x": 117.0, "y": 250.0}]}, "description": "associate know and we will fix it"}, {"boundingPoly": {"vertices": [{"x": 257.0, "y": 262.0}, {"x": 300.0, "y": 262.0}, {"x": 300.0, "y": 279.0}, {"x": 257.0, "y": 279.0}]}, "description": " away!"}, {"boundingPoly": {"vertices": [{"x": 72.0, "y": 291.0}, {"x": 159.0, "y": 294.0}, {"x": 158.0, "y": 309.0}, {"x": 72.0, "y": 307.0}]}, "description": "11/15/2019"}, {"boundingPoly": {"vertices": [{"x": 71.0, "y": 311.0}, {"x": 189.0, "y": 311.0}, {"x": 189.0, "y": 330.0}, {"x": 71.0, "y": 330.0}]}, "description": " Check Number:"}, {"boundingPoly": {"vertices": [{"x": 96.0, "y": 333.0}, {"x": 107.0, "y": 333.0}, {"x": 107.0, "y": 349.0}, {"x": 96.0, "y": 349.0}]}, "description": " 1"}, {"boundingPoly": {"vertices": [{"x": 196.0, "y": 314.0}, {"x": 253.0, "y": 314.0}, {"x": 253.0, "y": 331.0}, {"x": 196.0, "y": 331.0}]}, "description": " 241202"}, {"boundingPoly": {"vertices": [{"x": 187.0, "y": 335.0}, {"x": 227.0, "y": 335.0}, {"x": 227.0, "y": 350.0}, {"x": 187.0, "y": 350.0}]}, "description": " Ched"}, {"boundingPoly": {"vertices": [{"x": 138.0, "y": 355.0}, {"x": 283.0, "y": 355.0}, {"x": 283.0, "y": 371.0}, {"x": 138.0, "y": 370.0}]}, "description": "1 French Baguette"}, {"boundingPoly": {"vertices": [{"x": 206.0, "y": 374.0}, {"x": 271.0, "y": 374.0}, {"x": 271.0, "y": 389.0}, {"x": 206.0, "y": 390.0}]}, "description": "SubTotal"}, {"boundingPoly": {"vertices": [{"x": 207.0, "y": 396.0}, {"x": 233.0, "y": 396.0}, {"x": 233.0, "y": 410.0}, {"x": 207.0, "y": 410.0}]}, "description": "Tax"}, {"boundingPoly": {"vertices": [{"x": 206.0, "y": 416.0}, {"x": 275.0, "y": 416.0}, {"x": 275.0, "y": 431.0}, {"x": 206.0, "y": 431.0}]}, "description": "Gratuity"}, {"boundingPoly": {"vertices": [{"x": 205.0, "y": 437.0}, {"x": 248.0, "y": 437.0}, {"x": 248.0, "y": 452.0}, {"x": 206.0, "y": 452.0}]}, "description": "Total"}, {"boundingPoly": {"vertices": [{"x": 205.0, "y": 458.0}, {"x": 346.0, "y": 458.0}, {"x": 346.0, "y": 474.0}, {"x": 205.0, "y": 474.0}]}, "description": "American Express"}, {"boundingPoly": {"vertices": [{"x": 205.0, "y": 479.0}, {"x": 357.0, "y": 479.0}, {"x": 357.0, "y": 498.0}, {"x": 205.0, "y": 498.0}]}, "description": " Acct:XXXXXXXX1004"}, {"boundingPoly": {"vertices": [{"x": 284.0, "y": 501.0}, {"x": 341.0, "y": 501.0}, {"x": 341.0, "y": 519.0}, {"x": 284.0, "y": 519.0}]}, "description": " 870290"}, {"boundingPoly": {"vertices": [{"x": 268.0, "y": 524.0}, {"x": 323.0, "y": 524.0}, {"x": 323.0, "y": 542.0}, {"x": 268.0, "y": 542.0}]}, "description": " 110774"}, {"boundingPoly": {"vertices": [{"x": 318.0, "y": 302.0}, {"x": 406.0, "y": 302.0}, {"x": 406.0, "y": 319.0}, {"x": 318.0, "y": 319.0}]}, "description": " 11:09:20 AM"}, {"boundingPoly": {"vertices": [{"x": 269.0, "y": 317.0}, {"x": 342.0, "y": 317.0}, {"x": 342.0, "y": 335.0}, {"x": 269.0, "y": 335.0}]}, "description": " Cashier:"}, {"boundingPoly": {"vertices": [{"x": 352.0, "y": 320.0}, {"x": 417.0, "y": 320.0}, {"x": 417.0, "y": 338.0}, {"x": 352.0, "y": 338.0}]}, "description": " Jonathan"}, {"boundingPoly": {"vertices": [{"x": 368.0, "y": 339.0}, {"x": 402.0, "y": 340.0}, {"x": 401.0, "y": 354.0}, {"x": 368.0, "y": 353.0}]}, "description": "7.09"}, {"boundingPoly": {"vertices": [{"x": 110.0, "y": 333.0}, {"x": 142.0, "y": 333.0}, {"x": 142.0, "y": 350.0}, {"x": 110.0, "y": 350.0}]}, "description": " Bwl"}, {"boundingPoly": {"vertices": [{"x": 145.0, "y": 334.0}, {"x": 185.0, "y": 334.0}, {"x": 185.0, "y": 350.0}, {"x": 145.0, "y": 350.0}]}, "description": " Broc"}, {"boundingPoly": {"vertices": [{"x": 230.0, "y": 335.0}, {"x": 266.0, "y": 335.0}, {"x": 266.0, "y": 350.0}, {"x": 230.0, "y": 350.0}]}, "description": " Soup"}, {"boundingPoly": {"vertices": [{"x": 371.0, "y": 377.0}, {"x": 406.0, "y": 378.0}, {"x": 406.0, "y": 393.0}, {"x": 371.0, "y": 392.0}]}, "description": "7.09"}, {"boundingPoly": {"vertices": [{"x": 373.0, "y": 398.0}, {"x": 406.0, "y": 397.0}, {"x": 406.0, "y": 413.0}, {"x": 373.0, "y": 413.0}]}, "description": "0.61"}, {"boundingPoly": {"vertices": [{"x": 375.0, "y": 418.0}, {"x": 409.0, "y": 418.0}, {"x": 409.0, "y": 433.0}, {"x": 375.0, "y": 433.0}]}, "description": "1.00"}, {"boundingPoly": {"vertices": [{"x": 375.0, "y": 438.0}, {"x": 412.0, "y": 438.0}, {"x": 412.0, "y": 454.0}, {"x": 375.0, "y": 454.0}]}, "description": "8.70"}, {"boundingPoly": {"vertices": [{"x": 377.0, "y": 459.0}, {"x": 413.0, "y": 460.0}, {"x": 412.0, "y": 474.0}, {"x": 377.0, "y": 474.0}]}, "description": "8.70"}, {"boundingPoly": {"vertices": [{"x": 205.0, "y": 502.0}, {"x": 281.0, "y": 502.0}, {"x": 281.0, "y": 520.0}, {"x": 205.0, "y": 520.0}]}, "description": " AuthCode:"}, {"boundingPoly": {"vertices": [{"x": 204.0, "y": 525.0}, {"x": 265.0, "y": 525.0}, {"x": 265.0, "y": 543.0}, {"x": 204.0, "y": 543.0}]}, "description": " Trans#:"}, {"boundingPoly": {"vertices": [{"x": 155.0, "y": 573.0}, {"x": 179.0, "y": 573.0}, {"x": 179.0, "y": 590.0}, {"x": 155.0, "y": 590.0}]}, "description": " If"}, {"boundingPoly": {"vertices": [{"x": 88.0, "y": 595.0}, {"x": 419.0, "y": 595.0}, {"x": 419.0, "y": 614.0}, {"x": 88.0, "y": 614.0}]}, "description": "MyPanera card, use the code below at"}, {"boundingPoly": {"vertices": [{"x": 119.0, "y": 620.0}, {"x": 389.0, "y": 619.0}, {"x": 389.0, "y": 637.0}, {"x": 119.0, "y": 638.0}]}, "description": "www.mypanera.com/missedvisit."}, {"boundingPoly": {"vertices": [{"x": 118.0, "y": 644.0}, {"x": 390.0, "y": 644.0}, {"x": 390.0, "y": 663.0}, {"x": 118.0, "y": 662.0}]}, "description": "Or if not a member go on-line"}, {"boundingPoly": {"vertices": [{"x": 93.0, "y": 669.0}, {"x": 363.0, "y": 669.0}, {"x": 363.0, "y": 690.0}, {"x": 93.0, "y": 690.0}]}, "description": " or ask an associate and join"}, {"boundingPoly": {"vertices": [{"x": 181.0, "y": 572.0}, {"x": 357.0, "y": 572.0}, {"x": 357.0, "y": 590.0}, {"x": 181.0, "y": 590.0}]}, "description": " you didn't use your"}, {"boundingPoly": {"vertices": [{"x": 366.0, "y": 669.0}, {"x": 421.0, "y": 669.0}, {"x": 421.0, "y": 688.0}, {"x": 366.0, "y": 688.0}]}, "description": " today."}, {"boundingPoly": {"vertices": [{"x": 124.0, "y": 720.0}, {"x": 382.0, "y": 718.0}, {"x": 382.0, "y": 737.0}, {"x": 124.0, "y": 739.0}]}, "description": "2888-1027-8090-8979-8953-88"}, {"boundingPoly": {"vertices": [{"x": 221.0, "y": 771.0}, {"x": 301.0, "y": 771.0}, {"x": 301.0, "y": 789.0}, {"x": 222.0, "y": 790.0}]}, "description": "TOGO POS"}, {"boundingPoly": {"vertices": [{"x": 136.0, "y": 797.0}, {"x": 347.0, "y": 797.0}, {"x": 347.0, "y": 819.0}, {"x": 136.0, "y": 819.0}]}, "description": " Your Order Number is:"}, {"boundingPoly": {"vertices": [{"x": 351.0, "y": 797.0}, {"x": 382.0, "y": 797.0}, {"x": 382.0, "y": 816.0}, {"x": 351.0, "y": 816.0}]}, "description": " 202"}, {"boundingPoly": {"vertices": [{"x": 114.0, "y": 826.0}, {"x": 289.0, "y": 826.0}, {"x": 289.0, "y": 848.0}, {"x": 114.0, "y": 848.0}]}, "description": " Customer / Pager:"}, {"boundingPoly": {"vertices": [{"x": 193.0, "y": 882.0}, {"x": 332.0, "y": 880.0}, {"x": 332.0, "y": 904.0}, {"x": 193.0, "y": 905.0}]}, "description": "Customer Copy"}]}