{"textAnnotations": [{"boundingPoly": {"vertices": [{"x": 45.0, "y": 96.0}, {"x": 295.0, "y": 101.0}, {"x": 294.0, "y": 128.0}, {"x": 45.0, "y": 123.0}]}, "description": "Your order number is"}, {"boundingPoly": {"vertices": [{"x": 133.0, "y": 130.0}, {"x": 228.0, "y": 129.0}, {"x": 228.0, "y": 187.0}, {"x": 132.0, "y": 187.0}]}, "description": "118"}, {"boundingPoly": {"vertices": [{"x": 110.0, "y": 219.0}, {"x": 219.0, "y": 221.0}, {"x": 218.0, "y": 236.0}, {"x": 110.0, "y": 234.0}]}, "description": "merchant name"}, {"boundingPoly": {"vertices": [{"x": 91.0, "y": 235.0}, {"x": 239.0, "y": 238.0}, {"x": 238.0, "y": 254.0}, {"x": 90.0, "y": 251.0}]}, "description": "merchant address"}, {"boundingPoly": {"vertices": [{"x": 104.0, "y": 253.0}, {"x": 131.0, "y": 253.0}, {"x": 131.0, "y": 269.0}, {"x": 104.0, "y": 269.0}]}, "description": " ABN:"}, {"boundingPoly": {"vertices": [{"x": 84.0, "y": 268.0}, {"x": 237.0, "y": 272.0}, {"x": 236.0, "y": 288.0}, {"x": 84.0, "y": 284.0}]}, "description": "Please email Feedback to"}, {"boundingPoly": {"vertices": [{"x": 134.0, "y": 253.0}, {"x": 227.0, "y": 253.0}, {"x": 227.0, "y": 271.0}, {"x": 134.0, "y": 271.0}]}, "description": "merchant phone"}, {"boundingPoly": {"vertices": [{"x": 91.0, "y": 285.0}, {"x": 230.0, "y": 289.0}, {"x": 230.0, "y": 305.0}, {"x": 90.0, "y": 300.0}]}, "description": "0116@au.stores.mcd.com"}, {"boundingPoly": {"vertices": [{"x": 129.0, "y": 303.0}, {"x": 201.0, "y": 304.0}, {"x": 201.0, "y": 320.0}, {"x": 129.0, "y": 319.0}]}, "description": "TAX INVOICE"}, {"boundingPoly": {"vertices": [{"x": 134.0, "y": 337.0}, {"x": 187.0, "y": 337.0}, {"x": 187.0, "y": 355.0}, {"x": 134.0, "y": 355.0}]}, "description": " MFY Side"}, {"boundingPoly": {"vertices": [{"x": 39.0, "y": 367.0}, {"x": 266.0, "y": 367.0}, {"x": 266.0, "y": 389.0}, {"x": 39.0, "y": 389.0}]}, "description": " ORD #18 -REG #4- 22/10/2019 20:46:39"}, {"boundingPoly": {"vertices": [{"x": 251.0, "y": 390.0}, {"x": 282.0, "y": 390.0}, {"x": 282.0, "y": 405.0}, {"x": 251.0, "y": 405.0}]}, "description": "TOTAL"}, {"boundingPoly": {"vertices": [{"x": 255.0, "y": 407.0}, {"x": 281.0, "y": 407.0}, {"x": 281.0, "y": 423.0}, {"x": 255.0, "y": 423.0}]}, "description": "3.45"}, {"boundingPoly": {"vertices": [{"x": 249.0, "y": 424.0}, {"x": 281.0, "y": 424.0}, {"x": 282.0, "y": 439.0}, {"x": 249.0, "y": 439.0}]}, "description": "11.85"}, {"boundingPoly": {"vertices": [{"x": 189.0, "y": 338.0}, {"x": 199.0, "y": 338.0}, {"x": 199.0, "y": 355.0}, {"x": 189.0, "y": 355.0}]}, "description": " 1"}, {"boundingPoly": {"vertices": [{"x": 38.0, "y": 384.0}, {"x": 96.0, "y": 386.0}, {"x": 95.0, "y": 402.0}, {"x": 38.0, "y": 400.0}]}, "description": "QTY ITEM"}, {"boundingPoly": {"vertices": [{"x": 50.0, "y": 402.0}, {"x": 59.0, "y": 402.0}, {"x": 59.0, "y": 418.0}, {"x": 50.0, "y": 418.0}]}, "description": " 1"}, {"boundingPoly": {"vertices": [{"x": 51.0, "y": 419.0}, {"x": 58.0, "y": 419.0}, {"x": 58.0, "y": 436.0}, {"x": 51.0, "y": 436.0}]}, "description": " 1"}, {"boundingPoly": {"vertices": [{"x": 61.0, "y": 403.0}, {"x": 143.0, "y": 403.0}, {"x": 143.0, "y": 422.0}, {"x": 61.0, "y": 422.0}]}, "description": " Cheeseburger"}, {"boundingPoly": {"vertices": [{"x": 63.0, "y": 436.0}, {"x": 71.0, "y": 436.0}, {"x": 71.0, "y": 453.0}, {"x": 63.0, "y": 453.0}]}, "description": " 1"}, {"boundingPoly": {"vertices": [{"x": 61.0, "y": 419.0}, {"x": 155.0, "y": 419.0}, {"x": 155.0, "y": 438.0}, {"x": 61.0, "y": 438.0}]}, "description": " Lrg Big Mac VM"}, {"boundingPoly": {"vertices": [{"x": 74.0, "y": 437.0}, {"x": 123.0, "y": 437.0}, {"x": 123.0, "y": 454.0}, {"x": 74.0, "y": 454.0}]}, "description": " Big Mac"}, {"boundingPoly": {"vertices": [{"x": 87.0, "y": 455.0}, {"x": 166.0, "y": 455.0}, {"x": 166.0, "y": 471.0}, {"x": 87.0, "y": 471.0}]}, "description": " NO Beef 10:1"}, {"boundingPoly": {"vertices": [{"x": 86.0, "y": 471.0}, {"x": 202.0, "y": 473.0}, {"x": 202.0, "y": 489.0}, {"x": 86.0, "y": 486.0}]}, "description": "ADD 2 McChkn Patty"}, {"boundingPoly": {"vertices": [{"x": 72.0, "y": 488.0}, {"x": 135.0, "y": 488.0}, {"x": 135.0, "y": 505.0}, {"x": 72.0, "y": 505.0}]}, "description": " Lrg Fries"}, {"boundingPoly": {"vertices": [{"x": 72.0, "y": 505.0}, {"x": 128.0, "y": 505.0}, {"x": 128.0, "y": 522.0}, {"x": 72.0, "y": 522.0}]}, "description": " Lrg Coke"}, {"boundingPoly": {"vertices": [{"x": 251.0, "y": 456.0}, {"x": 282.0, "y": 456.0}, {"x": 282.0, "y": 472.0}, {"x": 251.0, "y": 472.0}]}, "description": "-2.20"}, {"boundingPoly": {"vertices": [{"x": 255.0, "y": 473.0}, {"x": 282.0, "y": 474.0}, {"x": 280.0, "y": 488.0}, {"x": 254.0, "y": 488.0}]}, "description": "4,00"}, {"boundingPoly": {"vertices": [{"x": 62.0, "y": 488.0}, {"x": 69.0, "y": 488.0}, {"x": 69.0, "y": 505.0}, {"x": 62.0, "y": 505.0}]}, "description": " 1"}, {"boundingPoly": {"vertices": [{"x": 63.0, "y": 505.0}, {"x": 69.0, "y": 505.0}, {"x": 69.0, "y": 521.0}, {"x": 63.0, "y": 521.0}]}, "description": " 1"}, {"boundingPoly": {"vertices": [{"x": 34.0, "y": 538.0}, {"x": 88.0, "y": 539.0}, {"x": 88.0, "y": 555.0}, {"x": 34.0, "y": 554.0}]}, "description": "Subtotal"}, {"boundingPoly": {"vertices": [{"x": 33.0, "y": 556.0}, {"x": 194.0, "y": 556.0}, {"x": 194.0, "y": 573.0}, {"x": 33.0, "y": 572.0}]}, "description": "Take-Out Total (incl GST)"}, {"boundingPoly": {"vertices": [{"x": 34.0, "y": 574.0}, {"x": 77.0, "y": 574.0}, {"x": 76.0, "y": 590.0}, {"x": 33.0, "y": 589.0}]}, "description": "EFTPOS"}, {"boundingPoly": {"vertices": [{"x": 248.0, "y": 540.0}, {"x": 281.0, "y": 541.0}, {"x": 280.0, "y": 555.0}, {"x": 248.0, "y": 555.0}]}, "description": "17.10"}, {"boundingPoly": {"vertices": [{"x": 249.0, "y": 557.0}, {"x": 281.0, "y": 557.0}, {"x": 281.0, "y": 572.0}, {"x": 249.0, "y": 572.0}]}, "description": "17.10"}, {"boundingPoly": {"vertices": [{"x": 249.0, "y": 574.0}, {"x": 281.0, "y": 574.0}, {"x": 281.0, "y": 590.0}, {"x": 249.0, "y": 589.0}]}, "description": "17.10"}, {"boundingPoly": {"vertices": [{"x": 33.0, "y": 608.0}, {"x": 170.0, "y": 607.0}, {"x": 170.0, "y": 624.0}, {"x": 33.0, "y": 624.0}]}, "description": "TOTAL INCLUDES GST OF"}, {"boundingPoly": {"vertices": [{"x": 254.0, "y": 607.0}, {"x": 280.0, "y": 606.0}, {"x": 280.0, "y": 623.0}, {"x": 255.0, "y": 624.0}]}, "description": "1.55"}, {"boundingPoly": {"vertices": [{"x": 31.0, "y": 659.0}, {"x": 225.0, "y": 659.0}, {"x": 225.0, "y": 678.0}, {"x": 31.0, "y": 678.0}]}, "description": " -- EFT transaction information"}, {"boundingPoly": {"vertices": [{"x": 30.0, "y": 679.0}, {"x": 156.0, "y": 677.0}, {"x": 157.0, "y": 693.0}, {"x": 30.0, "y": 696.0}]}, "description": "EFTPOS FROM WESTPAC"}, {"boundingPoly": {"vertices": [{"x": 62.0, "y": 696.0}, {"x": 118.0, "y": 696.0}, {"x": 118.0, "y": 713.0}, {"x": 62.0, "y": 713.0}]}, "description": " 24531022"}, {"boundingPoly": {"vertices": [{"x": 61.0, "y": 713.0}, {"x": 118.0, "y": 713.0}, {"x": 118.0, "y": 731.0}, {"x": 61.0, "y": 731.0}]}, "description": " 95011604"}, {"boundingPoly": {"vertices": [{"x": 82.0, "y": 731.0}, {"x": 97.0, "y": 731.0}, {"x": 97.0, "y": 749.0}, {"x": 82.0, "y": 749.0}]}, "description": " 19"}, {"boundingPoly": {"vertices": [{"x": 228.0, "y": 659.0}, {"x": 243.0, "y": 659.0}, {"x": 243.0, "y": 676.0}, {"x": 228.0, "y": 676.0}]}, "description": " --"}, {"boundingPoly": {"vertices": [{"x": 29.0, "y": 697.0}, {"x": 58.0, "y": 697.0}, {"x": 58.0, "y": 714.0}, {"x": 29.0, "y": 714.0}]}, "description": " MID:"}, {"boundingPoly": {"vertices": [{"x": 31.0, "y": 715.0}, {"x": 58.0, "y": 715.0}, {"x": 58.0, "y": 731.0}, {"x": 31.0, "y": 731.0}]}, "description": " TID:"}, {"boundingPoly": {"vertices": [{"x": 29.0, "y": 732.0}, {"x": 79.0, "y": 732.0}, {"x": 79.0, "y": 750.0}, {"x": 29.0, "y": 750.0}]}, "description": " OCT 22,"}, {"boundingPoly": {"vertices": [{"x": 28.0, "y": 751.0}, {"x": 58.0, "y": 751.0}, {"x": 58.0, "y": 766.0}, {"x": 28.0, "y": 766.0}]}, "description": " ROC:"}, {"boundingPoly": {"vertices": [{"x": 27.0, "y": 769.0}, {"x": 110.0, "y": 766.0}, {"x": 111.0, "y": 782.0}, {"x": 28.0, "y": 785.0}]}, "description": "ACCOUNT TYPE"}, {"boundingPoly": {"vertices": [{"x": 27.0, "y": 788.0}, {"x": 57.0, "y": 787.0}, {"x": 57.0, "y": 802.0}, {"x": 28.0, "y": 803.0}]}, "description": "AMEX"}, {"boundingPoly": {"vertices": [{"x": 26.0, "y": 805.0}, {"x": 133.0, "y": 802.0}, {"x": 133.0, "y": 818.0}, {"x": 27.0, "y": 822.0}]}, "description": "A000000025010901"}, {"boundingPoly": {"vertices": [{"x": 152.0, "y": 729.0}, {"x": 185.0, "y": 729.0}, {"x": 185.0, "y": 745.0}, {"x": 152.0, "y": 745.0}]}, "description": " 20:47"}, {"boundingPoly": {"vertices": [{"x": 146.0, "y": 747.0}, {"x": 186.0, "y": 747.0}, {"x": 185.0, "y": 761.0}, {"x": 146.0, "y": 762.0}]}, "description": "018500"}, {"boundingPoly": {"vertices": [{"x": 144.0, "y": 766.0}, {"x": 185.0, "y": 765.0}, {"x": 186.0, "y": 780.0}, {"x": 144.0, "y": 781.0}]}, "description": "CREDIT"}, {"boundingPoly": {"vertices": [{"x": 22.0, "y": 824.0}, {"x": 134.0, "y": 819.0}, {"x": 135.0, "y": 836.0}, {"x": 23.0, "y": 841.0}]}, "description": "AMERICAN EXPRESS"}, {"boundingPoly": {"vertices": [{"x": 74.0, "y": 842.0}, {"x": 144.0, "y": 837.0}, {"x": 146.0, "y": 854.0}, {"x": 74.0, "y": 859.0}]}, "description": ".... 9248(t)"}, {"boundingPoly": {"vertices": [{"x": 82.0, "y": 859.0}, {"x": 106.0, "y": 858.0}, {"x": 107.0, "y": 872.0}, {"x": 83.0, "y": 873.0}]}, "description": "AUD"}, {"boundingPoly": {"vertices": [{"x": 23.0, "y": 861.0}, {"x": 57.0, "y": 859.0}, {"x": 57.0, "y": 876.0}, {"x": 24.0, "y": 876.0}]}, "description": "SALE"}, {"boundingPoly": {"vertices": [{"x": 142.0, "y": 856.0}, {"x": 185.0, "y": 854.0}, {"x": 186.0, "y": 870.0}, {"x": 143.0, "y": 871.0}]}, "description": "$17.10"}, {"boundingPoly": {"vertices": [{"x": 24.0, "y": 897.0}, {"x": 81.0, "y": 895.0}, {"x": 81.0, "y": 911.0}, {"x": 24.0, "y": 913.0}]}, "description": "APPROVED"}, {"boundingPoly": {"vertices": [{"x": 23.0, "y": 916.0}, {"x": 113.0, "y": 911.0}, {"x": 114.0, "y": 927.0}, {"x": 23.0, "y": 932.0}]}, "description": "APPROVAL CODE"}, {"boundingPoly": {"vertices": [{"x": 24.0, "y": 933.0}, {"x": 65.0, "y": 933.0}, {"x": 65.0, "y": 950.0}, {"x": 24.0, "y": 950.0}]}, "description": " ARQC:"}, {"boundingPoly": {"vertices": [{"x": 22.0, "y": 950.0}, {"x": 74.0, "y": 950.0}, {"x": 74.0, "y": 970.0}, {"x": 22.0, "y": 970.0}]}, "description": " APSN:00"}, {"boundingPoly": {"vertices": [{"x": 156.0, "y": 891.0}, {"x": 171.0, "y": 890.0}, {"x": 171.0, "y": 904.0}, {"x": 156.0, "y": 905.0}]}, "description": "100"}, {"boundingPoly": {"vertices": [{"x": 143.0, "y": 910.0}, {"x": 184.0, "y": 908.0}, {"x": 185.0, "y": 923.0}, {"x": 144.0, "y": 924.0}]}, "description": "840385"}, {"boundingPoly": {"vertices": [{"x": 75.0, "y": 926.0}, {"x": 184.0, "y": 926.0}, {"x": 184.0, "y": 948.0}, {"x": 75.0, "y": 948.0}]}, "description": " 056A7EA5E7BD67ED"}, {"boundingPoly": {"vertices": [{"x": 55.0, "y": 969.0}, {"x": 144.0, "y": 963.0}, {"x": 145.0, "y": 980.0}, {"x": 56.0, "y": 986.0}]}, "description": "CUSTOMER COPY"}, {"boundingPoly": {"vertices": [{"x": 131.0, "y": 945.0}, {"x": 184.0, "y": 945.0}, {"x": 184.0, "y": 962.0}, {"x": 131.0, "y": 962.0}]}, "description": " ATC:0069"}, {"boundingPoly": {"vertices": [{"x": 66.0, "y": 1079.0}, {"x": 229.0, "y": 1068.0}, {"x": 230.0, "y": 1085.0}, {"x": 67.0, "y": 1097.0}]}, "description": "How was your Experience?"}, {"boundingPoly": {"vertices": [{"x": 79.0, "y": 1115.0}, {"x": 215.0, "y": 1107.0}, {"x": 217.0, "y": 1124.0}, {"x": 80.0, "y": 1133.0}]}, "description": "FAST and Free Wi-Fry"}, {"boundingPoly": {"vertices": [{"x": 76.0, "y": 1155.0}, {"x": 213.0, "y": 1143.0}, {"x": 215.0, "y": 1160.0}, {"x": 77.0, "y": 1172.0}]}, "description": "www.macc.as/feedback"}, {"boundingPoly": {"vertices": [{"x": 85.0, "y": 1096.0}, {"x": 207.0, "y": 1089.0}, {"x": 208.0, "y": 1105.0}, {"x": 86.0, "y": 1113.0}]}, "description": "Connect to Macca's"}, {"boundingPoly": {"vertices": [{"x": 81.0, "y": 1134.0}, {"x": 206.0, "y": 1126.0}, {"x": 208.0, "y": 1143.0}, {"x": 82.0, "y": 1152.0}]}, "description": "and tell us now at"}]}