{"textAnnotations": [{"boundingPoly": {"vertices": [{"x": 37.0, "y": 89.0}, {"x": 122.0, "y": 89.0}, {"x": 122.0, "y": 109.0}, {"x": 37.0, "y": 110.0}]}, "description": "11/13/2019"}, {"boundingPoly": {"vertices": [{"x": 275.0, "y": 89.0}, {"x": 312.0, "y": 89.0}, {"x": 312.0, "y": 109.0}, {"x": 275.0, "y": 109.0}]}, "description": " 8:34"}, {"boundingPoly": {"vertices": [{"x": 83.0, "y": 134.0}, {"x": 119.0, "y": 134.0}, {"x": 119.0, "y": 155.0}, {"x": 83.0, "y": 155.0}]}, "description": " Salt"}, {"boundingPoly": {"vertices": [{"x": 35.0, "y": 157.0}, {"x": 88.0, "y": 157.0}, {"x": 88.0, "y": 178.0}, {"x": 35.0, "y": 178.0}]}, "description": " Check:"}, {"boundingPoly": {"vertices": [{"x": 35.0, "y": 180.0}, {"x": 94.0, "y": 180.0}, {"x": 94.0, "y": 201.0}, {"x": 35.0, "y": 201.0}]}, "description": " Server:"}, {"boundingPoly": {"vertices": [{"x": 38.0, "y": 202.0}, {"x": 115.0, "y": 202.0}, {"x": 115.0, "y": 223.0}, {"x": 38.0, "y": 223.0}]}, "description": " Terminal:"}, {"boundingPoly": {"vertices": [{"x": 123.0, "y": 134.0}, {"x": 161.0, "y": 134.0}, {"x": 161.0, "y": 155.0}, {"x": 123.0, "y": 155.0}]}, "description": " Lake"}, {"boundingPoly": {"vertices": [{"x": 92.0, "y": 157.0}, {"x": 155.0, "y": 157.0}, {"x": 155.0, "y": 178.0}, {"x": 92.0, "y": 178.0}]}, "description": " 3759053"}, {"boundingPoly": {"vertices": [{"x": 164.0, "y": 134.0}, {"x": 203.0, "y": 134.0}, {"x": 203.0, "y": 155.0}, {"x": 164.0, "y": 155.0}]}, "description": " City"}, {"boundingPoly": {"vertices": [{"x": 206.0, "y": 134.0}, {"x": 246.0, "y": 134.0}, {"x": 246.0, "y": 155.0}, {"x": 206.0, "y": 155.0}]}, "description": " AMEX"}, {"boundingPoly": {"vertices": [{"x": 98.0, "y": 180.0}, {"x": 145.0, "y": 180.0}, {"x": 145.0, "y": 200.0}, {"x": 98.0, "y": 200.0}]}, "description": " Flora"}, {"boundingPoly": {"vertices": [{"x": 118.0, "y": 202.0}, {"x": 147.0, "y": 202.0}, {"x": 147.0, "y": 223.0}, {"x": 118.0, "y": 223.0}]}, "description": " 375"}, {"boundingPoly": {"vertices": [{"x": 134.0, "y": 246.0}, {"x": 204.0, "y": 246.0}, {"x": 204.0, "y": 266.0}, {"x": 134.0, "y": 266.0}]}, "description": "SLC Amex"}, {"boundingPoly": {"vertices": [{"x": 100.0, "y": 269.0}, {"x": 154.0, "y": 269.0}, {"x": 154.0, "y": 290.0}, {"x": 100.0, "y": 290.0}]}, "description": " Nature"}, {"boundingPoly": {"vertices": [{"x": 102.0, "y": 291.0}, {"x": 203.0, "y": 291.0}, {"x": 203.0, "y": 310.0}, {"x": 102.0, "y": 310.0}]}, "description": "016000264694"}, {"boundingPoly": {"vertices": [{"x": 85.0, "y": 313.0}, {"x": 154.0, "y": 313.0}, {"x": 153.0, "y": 332.0}, {"x": 85.0, "y": 331.0}]}, "description": "1 Yogurt"}, {"boundingPoly": {"vertices": [{"x": 101.0, "y": 334.0}, {"x": 202.0, "y": 334.0}, {"x": 202.0, "y": 352.0}, {"x": 101.0, "y": 352.0}]}, "description": "070470006550"}, {"boundingPoly": {"vertices": [{"x": 89.0, "y": 356.0}, {"x": 137.0, "y": 356.0}, {"x": 137.0, "y": 376.0}, {"x": 89.0, "y": 376.0}]}, "description": " 1 20oz"}, {"boundingPoly": {"vertices": [{"x": 86.0, "y": 270.0}, {"x": 97.0, "y": 270.0}, {"x": 97.0, "y": 290.0}, {"x": 86.0, "y": 290.0}]}, "description": " 1"}, {"boundingPoly": {"vertices": [{"x": 158.0, "y": 269.0}, {"x": 210.0, "y": 269.0}, {"x": 210.0, "y": 291.0}, {"x": 158.0, "y": 291.0}]}, "description": " Valley"}, {"boundingPoly": {"vertices": [{"x": 275.0, "y": 268.0}, {"x": 310.0, "y": 268.0}, {"x": 310.0, "y": 288.0}, {"x": 275.0, "y": 288.0}]}, "description": "1.35"}, {"boundingPoly": {"vertices": [{"x": 275.0, "y": 312.0}, {"x": 309.0, "y": 312.0}, {"x": 308.0, "y": 332.0}, {"x": 275.0, "y": 332.0}]}, "description": "1.00"}, {"boundingPoly": {"vertices": [{"x": 141.0, "y": 356.0}, {"x": 203.0, "y": 356.0}, {"x": 203.0, "y": 376.0}, {"x": 141.0, "y": 376.0}]}, "description": " Seattle"}, {"boundingPoly": {"vertices": [{"x": 273.0, "y": 355.0}, {"x": 308.0, "y": 355.0}, {"x": 308.0, "y": 375.0}, {"x": 273.0, "y": 375.0}]}, "description": "1.45"}, {"boundingPoly": {"vertices": [{"x": 119.0, "y": 399.0}, {"x": 184.0, "y": 399.0}, {"x": 184.0, "y": 417.0}, {"x": 119.0, "y": 417.0}]}, "description": "Subtotal"}, {"boundingPoly": {"vertices": [{"x": 158.0, "y": 421.0}, {"x": 185.0, "y": 421.0}, {"x": 184.0, "y": 439.0}, {"x": 158.0, "y": 438.0}]}, "description": "Tax"}, {"boundingPoly": {"vertices": [{"x": 142.0, "y": 441.0}, {"x": 184.0, "y": 442.0}, {"x": 183.0, "y": 459.0}, {"x": 142.0, "y": 459.0}]}, "description": "Total"}, {"boundingPoly": {"vertices": [{"x": 255.0, "y": 399.0}, {"x": 292.0, "y": 399.0}, {"x": 291.0, "y": 417.0}, {"x": 255.0, "y": 418.0}]}, "description": "3.80"}, {"boundingPoly": {"vertices": [{"x": 253.0, "y": 420.0}, {"x": 290.0, "y": 421.0}, {"x": 290.0, "y": 438.0}, {"x": 253.0, "y": 438.0}]}, "description": "0.30"}, {"boundingPoly": {"vertices": [{"x": 256.0, "y": 442.0}, {"x": 290.0, "y": 442.0}, {"x": 290.0, "y": 459.0}, {"x": 255.0, "y": 459.0}]}, "description": "4.10"}, {"boundingPoly": {"vertices": [{"x": 37.0, "y": 502.0}, {"x": 105.0, "y": 502.0}, {"x": 105.0, "y": 520.0}, {"x": 37.0, "y": 520.0}]}, "description": "AMEX EMV"}, {"boundingPoly": {"vertices": [{"x": 52.0, "y": 523.0}, {"x": 177.0, "y": 524.0}, {"x": 177.0, "y": 543.0}, {"x": 52.0, "y": 541.0}]}, "description": "XXXXXXXXXXX3003"}, {"boundingPoly": {"vertices": [{"x": 103.0, "y": 566.0}, {"x": 234.0, "y": 566.0}, {"x": 234.0, "y": 584.0}, {"x": 103.0, "y": 584.0}]}, "description": "AMERICAN EXPRESS"}, {"boundingPoly": {"vertices": [{"x": 91.0, "y": 587.0}, {"x": 169.0, "y": 587.0}, {"x": 169.0, "y": 606.0}, {"x": 91.0, "y": 606.0}]}, "description": " Signature"}, {"boundingPoly": {"vertices": [{"x": 52.0, "y": 608.0}, {"x": 144.0, "y": 608.0}, {"x": 144.0, "y": 627.0}, {"x": 52.0, "y": 627.0}]}, "description": " Entry Mode:"}, {"boundingPoly": {"vertices": [{"x": 51.0, "y": 629.0}, {"x": 137.0, "y": 629.0}, {"x": 137.0, "y": 648.0}, {"x": 51.0, "y": 648.0}]}, "description": " Auth Mode:"}, {"boundingPoly": {"vertices": [{"x": 91.0, "y": 649.0}, {"x": 224.0, "y": 649.0}, {"x": 224.0, "y": 669.0}, {"x": 91.0, "y": 669.0}]}, "description": " A000000025010801"}, {"boundingPoly": {"vertices": [{"x": 92.0, "y": 671.0}, {"x": 175.0, "y": 671.0}, {"x": 175.0, "y": 689.0}, {"x": 92.0, "y": 689.0}]}, "description": " 0800008000"}, {"boundingPoly": {"vertices": [{"x": 92.0, "y": 692.0}, {"x": 208.0, "y": 692.0}, {"x": 208.0, "y": 710.0}, {"x": 92.0, "y": 710.0}]}, "description": " 06590103602000"}, {"boundingPoly": {"vertices": [{"x": 92.0, "y": 713.0}, {"x": 128.0, "y": 713.0}, {"x": 128.0, "y": 731.0}, {"x": 92.0, "y": 731.0}]}, "description": " F800"}, {"boundingPoly": {"vertices": [{"x": 92.0, "y": 734.0}, {"x": 112.0, "y": 734.0}, {"x": 112.0, "y": 752.0}, {"x": 92.0, "y": 752.0}]}, "description": " 00"}, {"boundingPoly": {"vertices": [{"x": 272.0, "y": 505.0}, {"x": 306.0, "y": 505.0}, {"x": 306.0, "y": 523.0}, {"x": 272.0, "y": 522.0}]}, "description": "4.10"}, {"boundingPoly": {"vertices": [{"x": 52.0, "y": 586.0}, {"x": 87.0, "y": 586.0}, {"x": 87.0, "y": 606.0}, {"x": 52.0, "y": 606.0}]}, "description": " CVM:"}, {"boundingPoly": {"vertices": [{"x": 148.0, "y": 608.0}, {"x": 185.0, "y": 608.0}, {"x": 185.0, "y": 627.0}, {"x": 148.0, "y": 627.0}]}, "description": " Chip"}, {"boundingPoly": {"vertices": [{"x": 141.0, "y": 629.0}, {"x": 194.0, "y": 629.0}, {"x": 194.0, "y": 648.0}, {"x": 141.0, "y": 648.0}]}, "description": " Issuer"}, {"boundingPoly": {"vertices": [{"x": 53.0, "y": 651.0}, {"x": 88.0, "y": 651.0}, {"x": 88.0, "y": 669.0}, {"x": 53.0, "y": 669.0}]}, "description": " AID:"}, {"boundingPoly": {"vertices": [{"x": 54.0, "y": 671.0}, {"x": 89.0, "y": 671.0}, {"x": 89.0, "y": 689.0}, {"x": 54.0, "y": 689.0}]}, "description": " TVR:"}, {"boundingPoly": {"vertices": [{"x": 54.0, "y": 692.0}, {"x": 89.0, "y": 692.0}, {"x": 89.0, "y": 710.0}, {"x": 54.0, "y": 710.0}]}, "description": " IAD:"}, {"boundingPoly": {"vertices": [{"x": 56.0, "y": 713.0}, {"x": 89.0, "y": 713.0}, {"x": 89.0, "y": 731.0}, {"x": 56.0, "y": 731.0}]}, "description": " TSI:"}, {"boundingPoly": {"vertices": [{"x": 54.0, "y": 734.0}, {"x": 89.0, "y": 734.0}, {"x": 89.0, "y": 752.0}, {"x": 54.0, "y": 752.0}]}, "description": " ARC:"}, {"boundingPoly": {"vertices": [{"x": 94.0, "y": 776.0}, {"x": 184.0, "y": 776.0}, {"x": 184.0, "y": 795.0}, {"x": 94.0, "y": 794.0}]}, "description": "GRAND TOTAL"}, {"boundingPoly": {"vertices": [{"x": 265.0, "y": 779.0}, {"x": 300.0, "y": 779.0}, {"x": 300.0, "y": 797.0}, {"x": 265.0, "y": 797.0}]}, "description": "4.10"}, {"boundingPoly": {"vertices": [{"x": 41.0, "y": 822.0}, {"x": 79.0, "y": 822.0}, {"x": 79.0, "y": 828.0}, {"x": 41.0, "y": 828.0}]}, "description": "-----"}, {"boundingPoly": {"vertices": [{"x": 39.0, "y": 826.0}, {"x": 108.0, "y": 827.0}, {"x": 107.0, "y": 834.0}, {"x": 39.0, "y": 833.0}]}, "description": "---------"}, {"boundingPoly": {"vertices": [{"x": 39.0, "y": 839.0}, {"x": 257.0, "y": 839.0}, {"x": 257.0, "y": 862.0}, {"x": 39.0, "y": 862.0}]}, "description": " T375 C1962 11/13/2019 08:35"}, {"boundingPoly": {"vertices": [{"x": 38.0, "y": 865.0}, {"x": 90.0, "y": 865.0}, {"x": 90.0, "y": 873.0}, {"x": 38.0, "y": 874.0}]}, "description": "======="}, {"boundingPoly": {"vertices": [{"x": 100.0, "y": 867.0}, {"x": 129.0, "y": 867.0}, {"x": 129.0, "y": 877.0}, {"x": 100.0, "y": 876.0}]}, "description": "==="}, {"boundingPoly": {"vertices": [{"x": 261.0, "y": 872.0}, {"x": 308.0, "y": 871.0}, {"x": 308.0, "y": 881.0}, {"x": 261.0, "y": 881.0}]}, "description": "======"}, {"boundingPoly": {"vertices": [{"x": 282.0, "y": 893.0}, {"x": 308.0, "y": 893.0}, {"x": 308.0, "y": 903.0}, {"x": 282.0, "y": 902.0}]}, "description": "==="}, {"boundingPoly": {"vertices": [{"x": 100.0, "y": 904.0}, {"x": 241.0, "y": 907.0}, {"x": 240.0, "y": 927.0}, {"x": 100.0, "y": 923.0}]}, "description": "DUPLICATE RECEIPT"}, {"boundingPoly": {"vertices": [{"x": 169.0, "y": 937.0}, {"x": 254.0, "y": 938.0}, {"x": 254.0, "y": 944.0}, {"x": 168.0, "y": 943.0}]}, "description": "------------"}, {"boundingPoly": {"vertices": [{"x": 263.0, "y": 938.0}, {"x": 308.0, "y": 937.0}, {"x": 308.0, "y": 947.0}, {"x": 263.0, "y": 947.0}]}, "description": "====="}]}