{"textAnnotations": [{"boundingPoly": {"vertices": [{"x": 1022.0, "y": 417.0}, {"x": 1095.0, "y": 417.0}, {"x": 1095.0, "y": 448.0}, {"x": 1022.0, "y": 448.0}]}, "description": "merchant name"}, {"boundingPoly": {"vertices": [{"x": 1080.0, "y": 451.0}, {"x": 1201.0, "y": 452.0}, {"x": 1201.0, "y": 482.0}, {"x": 1080.0, "y": 481.0}]}, "description": "merchant address"}, {"boundingPoly": {"vertices": [{"x": 1100.0, "y": 420.0}, {"x": 1264.0, "y": 420.0}, {"x": 1264.0, "y": 451.0}, {"x": 1100.0, "y": 451.0}]}, "description": "merchant name"}, {"boundingPoly": {"vertices": [{"x": 906.0, "y": 515.0}, {"x": 1001.0, "y": 515.0}, {"x": 1001.0, "y": 545.0}, {"x": 906.0, "y": 545.0}]}, "description": "10/29/19"}, {"boundingPoly": {"vertices": [{"x": 905.0, "y": 549.0}, {"x": 965.0, "y": 550.0}, {"x": 965.0, "y": 575.0}, {"x": 905.0, "y": 575.0}]}, "description": "Check"}, {"boundingPoly": {"vertices": [{"x": 904.0, "y": 580.0}, {"x": 965.0, "y": 581.0}, {"x": 965.0, "y": 607.0}, {"x": 904.0, "y": 607.0}]}, "description": "Table"}, {"boundingPoly": {"vertices": [{"x": 904.0, "y": 613.0}, {"x": 986.0, "y": 612.0}, {"x": 987.0, "y": 642.0}, {"x": 904.0, "y": 642.0}]}, "description": "Ref No."}, {"boundingPoly": {"vertices": [{"x": 903.0, "y": 647.0}, {"x": 954.0, "y": 648.0}, {"x": 953.0, "y": 675.0}, {"x": 903.0, "y": 675.0}]}, "description": "Type"}, {"boundingPoly": {"vertices": [{"x": 903.0, "y": 680.0}, {"x": 1000.0, "y": 680.0}, {"x": 1000.0, "y": 707.0}, {"x": 903.0, "y": 707.0}]}, "description": "Terminal"}, {"boundingPoly": {"vertices": [{"x": 903.0, "y": 714.0}, {"x": 977.0, "y": 714.0}, {"x": 977.0, "y": 741.0}, {"x": 903.0, "y": 740.0}]}, "description": "SERVER"}, {"boundingPoly": {"vertices": [{"x": 1304.0, "y": 520.0}, {"x": 1364.0, "y": 520.0}, {"x": 1364.0, "y": 548.0}, {"x": 1304.0, "y": 548.0}]}, "description": " 19:22"}, {"boundingPoly": {"vertices": [{"x": 1059.0, "y": 551.0}, {"x": 1121.0, "y": 550.0}, {"x": 1120.0, "y": 575.0}, {"x": 1060.0, "y": 575.0}]}, "description": "10032"}, {"boundingPoly": {"vertices": [{"x": 1057.0, "y": 583.0}, {"x": 1082.0, "y": 583.0}, {"x": 1083.0, "y": 609.0}, {"x": 1057.0, "y": 609.0}]}, "description": "M5"}, {"boundingPoly": {"vertices": [{"x": 1052.0, "y": 609.0}, {"x": 1087.0, "y": 610.0}, {"x": 1086.0, "y": 643.0}, {"x": 1051.0, "y": 642.0}]}, "description": "35"}, {"boundingPoly": {"vertices": [{"x": 1058.0, "y": 648.0}, {"x": 1107.0, "y": 648.0}, {"x": 1107.0, "y": 675.0}, {"x": 1057.0, "y": 674.0}]}, "description": "Sale"}, {"boundingPoly": {"vertices": [{"x": 1059.0, "y": 715.0}, {"x": 1095.0, "y": 716.0}, {"x": 1095.0, "y": 741.0}, {"x": 1059.0, "y": 740.0}]}, "description": "JIN"}, {"boundingPoly": {"vertices": [{"x": 901.0, "y": 780.0}, {"x": 982.0, "y": 781.0}, {"x": 982.0, "y": 810.0}, {"x": 900.0, "y": 810.0}]}, "description": "Swiped"}, {"boundingPoly": {"vertices": [{"x": 1054.0, "y": 815.0}, {"x": 1155.0, "y": 815.0}, {"x": 1155.0, "y": 843.0}, {"x": 1054.0, "y": 843.0}]}, "description": "WONG/ARI"}, {"boundingPoly": {"vertices": [{"x": 1054.0, "y": 848.0}, {"x": 1236.0, "y": 848.0}, {"x": 1236.0, "y": 876.0}, {"x": 1054.0, "y": 875.0}]}, "description": "XXXXXXXXXXX1003"}, {"boundingPoly": {"vertices": [{"x": 1055.0, "y": 881.0}, {"x": 1248.0, "y": 882.0}, {"x": 1247.0, "y": 911.0}, {"x": 1054.0, "y": 909.0}]}, "description": "American Express"}, {"boundingPoly": {"vertices": [{"x": 1057.0, "y": 912.0}, {"x": 1131.0, "y": 913.0}, {"x": 1130.0, "y": 940.0}, {"x": 1056.0, "y": 939.0}]}, "description": "554942"}, {"boundingPoly": {"vertices": [{"x": 1052.0, "y": 945.0}, {"x": 1083.0, "y": 945.0}, {"x": 1084.0, "y": 971.0}, {"x": 1052.0, "y": 971.0}]}, "description": "35"}, {"boundingPoly": {"vertices": [{"x": 901.0, "y": 848.0}, {"x": 951.0, "y": 848.0}, {"x": 951.0, "y": 872.0}, {"x": 901.0, "y": 875.0}]}, "description": "Acct"}, {"boundingPoly": {"vertices": [{"x": 900.0, "y": 880.0}, {"x": 999.0, "y": 880.0}, {"x": 999.0, "y": 908.0}, {"x": 900.0, "y": 907.0}]}, "description": "Card Typ"}, {"boundingPoly": {"vertices": [{"x": 901.0, "y": 912.0}, {"x": 953.0, "y": 911.0}, {"x": 953.0, "y": 937.0}, {"x": 901.0, "y": 937.0}]}, "description": "Auth"}, {"boundingPoly": {"vertices": [{"x": 904.0, "y": 943.0}, {"x": 999.0, "y": 942.0}, {"x": 999.0, "y": 969.0}, {"x": 904.0, "y": 970.0}]}, "description": "Trans ID"}, {"boundingPoly": {"vertices": [{"x": 903.0, "y": 1008.0}, {"x": 997.0, "y": 1009.0}, {"x": 997.0, "y": 1040.0}, {"x": 903.0, "y": 1040.0}]}, "description": "Sale"}, {"boundingPoly": {"vertices": [{"x": 1231.0, "y": 1007.0}, {"x": 1349.0, "y": 1008.0}, {"x": 1349.0, "y": 1044.0}, {"x": 1231.0, "y": 1043.0}]}, "description": "21.04"}, {"boundingPoly": {"vertices": [{"x": 1187.0, "y": 1055.0}, {"x": 1388.0, "y": 1055.0}, {"x": 1388.0, "y": 1110.0}, {"x": 1187.0, "y": 1110.0}]}, "description": " .. 2. 50-"}, {"boundingPoly": {"vertices": [{"x": 1187.0, "y": 1115.0}, {"x": 1403.0, "y": 1119.0}, {"x": 1402.0, "y": 1167.0}, {"x": 1187.0, "y": 1162.0}]}, "description": "- 24. 54 -"}, {"boundingPoly": {"vertices": [{"x": 1045.0, "y": 1067.0}, {"x": 1180.0, "y": 1067.0}, {"x": 1180.0, "y": 1111.0}, {"x": 1045.0, "y": 1111.0}]}, "description": " Tip $."}, {"boundingPoly": {"vertices": [{"x": 1141.0, "y": 1126.0}, {"x": 1279.0, "y": 1126.0}, {"x": 1279.0, "y": 1176.0}, {"x": 1141.0, "y": 1176.0}]}, "description": " $ .... ."}, {"boundingPoly": {"vertices": [{"x": 1029.0, "y": 1208.0}, {"x": 1236.0, "y": 1209.0}, {"x": 1235.0, "y": 1240.0}, {"x": 1029.0, "y": 1238.0}]}, "description": "*** Tip Guide ***"}, {"boundingPoly": {"vertices": [{"x": 946.0, "y": 1241.0}, {"x": 1068.0, "y": 1241.0}, {"x": 1068.0, "y": 1272.0}, {"x": 946.0, "y": 1272.0}]}, "description": " 15%=$3.16"}, {"boundingPoly": {"vertices": [{"x": 998.0, "y": 1136.0}, {"x": 1124.0, "y": 1136.0}, {"x": 1124.0, "y": 1174.0}, {"x": 998.0, "y": 1174.0}]}, "description": " Total"}, {"boundingPoly": {"vertices": [{"x": 1075.0, "y": 1241.0}, {"x": 1198.0, "y": 1241.0}, {"x": 1198.0, "y": 1274.0}, {"x": 1075.0, "y": 1274.0}]}, "description": " 18%=$3.79"}, {"boundingPoly": {"vertices": [{"x": 1203.0, "y": 1242.0}, {"x": 1316.0, "y": 1242.0}, {"x": 1316.0, "y": 1277.0}, {"x": 1203.0, "y": 1277.0}]}, "description": " 20%=$4.21"}, {"boundingPoly": {"vertices": [{"x": 969.0, "y": 1306.0}, {"x": 982.0, "y": 1306.0}, {"x": 982.0, "y": 1339.0}, {"x": 969.0, "y": 1339.0}]}, "description": " I"}, {"boundingPoly": {"vertices": [{"x": 957.0, "y": 1337.0}, {"x": 1304.0, "y": 1340.0}, {"x": 1303.0, "y": 1373.0}, {"x": 957.0, "y": 1370.0}]}, "description": "ACCORDING TO CARD ISSUER AGMT"}, {"boundingPoly": {"vertices": [{"x": 954.0, "y": 1371.0}, {"x": 1315.0, "y": 1372.0}, {"x": 1315.0, "y": 1406.0}, {"x": 954.0, "y": 1404.0}]}, "description": "(MERCHANT AGMT IF CREDIT VCHR)"}, {"boundingPoly": {"vertices": [{"x": 986.0, "y": 1306.0}, {"x": 1295.0, "y": 1306.0}, {"x": 1295.0, "y": 1341.0}, {"x": 986.0, "y": 1341.0}]}, "description": " AGREE TO PAY TOTAL AMOUNT"}, {"boundingPoly": {"vertices": [{"x": 1049.0, "y": 1438.0}, {"x": 1210.0, "y": 1441.0}, {"x": 1209.0, "y": 1474.0}, {"x": 1048.0, "y": 1471.0}]}, "description": "Customer Copy"}]}