{"textAnnotations": [{"boundingPoly": {"vertices": [{"x": 452.0, "y": 264.0}, {"x": 714.0, "y": 271.0}, {"x": 713.0, "y": 296.0}, {"x": 451.0, "y": 288.0}]}, "description": "merchant name"}, {"boundingPoly": {"vertices": [{"x": 548.0, "y": 314.0}, {"x": 617.0, "y": 314.0}, {"x": 617.0, "y": 337.0}, {"x": 548.0, "y": 337.0}]}, "description": "1053"}, {"boundingPoly": {"vertices": [{"x": 468.0, "y": 335.0}, {"x": 693.0, "y": 341.0}, {"x": 692.0, "y": 368.0}, {"x": 468.0, "y": 361.0}]}, "description": "merchant phone"}, {"boundingPoly": {"vertices": [{"x": 449.0, "y": 385.0}, {"x": 520.0, "y": 385.0}, {"x": 520.0, "y": 412.0}, {"x": 449.0, "y": 412.0}]}, "description": " Cleo"}, {"boundingPoly": {"vertices": [{"x": 265.0, "y": 429.0}, {"x": 513.0, "y": 435.0}, {"x": 512.0, "y": 462.0}, {"x": 265.0, "y": 456.0}]}, "description": "Mgs Enrg Scrub 125"}, {"boundingPoly": {"vertices": [{"x": 268.0, "y": 484.0}, {"x": 513.0, "y": 487.0}, {"x": 513.0, "y": 514.0}, {"x": 268.0, "y": 510.0}]}, "description": "Mgs Enrg Scrub 125"}, {"boundingPoly": {"vertices": [{"x": 301.0, "y": 286.0}, {"x": 835.0, "y": 298.0}, {"x": 835.0, "y": 326.0}, {"x": 300.0, "y": 310.0}]}, "description": "merchant address"}, {"boundingPoly": {"vertices": [{"x": 284.0, "y": 353.0}, {"x": 438.0, "y": 357.0}, {"x": 437.0, "y": 384.0}, {"x": 283.0, "y": 380.0}]}, "description": "4/11/2019"}, {"boundingPoly": {"vertices": [{"x": 264.0, "y": 381.0}, {"x": 443.0, "y": 381.0}, {"x": 443.0, "y": 410.0}, {"x": 264.0, "y": 410.0}]}, "description": " Served by:"}, {"boundingPoly": {"vertices": [{"x": 806.0, "y": 372.0}, {"x": 881.0, "y": 372.0}, {"x": 881.0, "y": 399.0}, {"x": 806.0, "y": 399.0}]}, "description": " 10:27"}, {"boundingPoly": {"vertices": [{"x": 456.0, "y": 459.0}, {"x": 539.0, "y": 460.0}, {"x": 538.0, "y": 485.0}, {"x": 456.0, "y": 483.0}]}, "description": "SAVING"}, {"boundingPoly": {"vertices": [{"x": 625.0, "y": 443.0}, {"x": 733.0, "y": 443.0}, {"x": 733.0, "y": 468.0}, {"x": 624.0, "y": 467.0}]}, "description": "6.00 NOW"}, {"boundingPoly": {"vertices": [{"x": 804.0, "y": 447.0}, {"x": 856.0, "y": 448.0}, {"x": 855.0, "y": 472.0}, {"x": 803.0, "y": 471.0}]}, "description": "5.00"}, {"boundingPoly": {"vertices": [{"x": 614.0, "y": 464.0}, {"x": 685.0, "y": 465.0}, {"x": 684.0, "y": 488.0}, {"x": 614.0, "y": 487.0}]}, "description": "\u00a31.00"}, {"boundingPoly": {"vertices": [{"x": 622.0, "y": 493.0}, {"x": 735.0, "y": 494.0}, {"x": 734.0, "y": 518.0}, {"x": 621.0, "y": 515.0}]}, "description": "6.00 NOW"}, {"boundingPoly": {"vertices": [{"x": 456.0, "y": 511.0}, {"x": 541.0, "y": 511.0}, {"x": 541.0, "y": 537.0}, {"x": 456.0, "y": 537.0}]}, "description": "SAVING"}, {"boundingPoly": {"vertices": [{"x": 615.0, "y": 514.0}, {"x": 685.0, "y": 514.0}, {"x": 684.0, "y": 538.0}, {"x": 614.0, "y": 538.0}]}, "description": "\u00a31.00"}, {"boundingPoly": {"vertices": [{"x": 807.0, "y": 496.0}, {"x": 859.0, "y": 498.0}, {"x": 859.0, "y": 521.0}, {"x": 806.0, "y": 519.0}]}, "description": "5.00"}, {"boundingPoly": {"vertices": [{"x": 302.0, "y": 563.0}, {"x": 506.0, "y": 564.0}, {"x": 506.0, "y": 592.0}, {"x": 301.0, "y": 590.0}]}, "description": "TOTAL TO PAY"}, {"boundingPoly": {"vertices": [{"x": 302.0, "y": 590.0}, {"x": 472.0, "y": 590.0}, {"x": 472.0, "y": 618.0}, {"x": 302.0, "y": 616.0}]}, "description": "CARD SALES"}, {"boundingPoly": {"vertices": [{"x": 781.0, "y": 571.0}, {"x": 857.0, "y": 571.0}, {"x": 856.0, "y": 596.0}, {"x": 781.0, "y": 595.0}]}, "description": "10.00"}, {"boundingPoly": {"vertices": [{"x": 764.0, "y": 595.0}, {"x": 857.0, "y": 596.0}, {"x": 857.0, "y": 622.0}, {"x": 764.0, "y": 622.0}]}, "description": "\u00a310.00"}, {"boundingPoly": {"vertices": [{"x": 394.0, "y": 640.0}, {"x": 762.0, "y": 640.0}, {"x": 762.0, "y": 669.0}, {"x": 394.0, "y": 668.0}]}, "description": "Total Saving Today \u00a32 00"}, {"boundingPoly": {"vertices": [{"x": 303.0, "y": 708.0}, {"x": 857.0, "y": 708.0}, {"x": 857.0, "y": 735.0}, {"x": 302.0, "y": 735.0}]}, "description": "PLEASE RETAIN THIS RECEIPT SO THAT"}, {"boundingPoly": {"vertices": [{"x": 321.0, "y": 734.0}, {"x": 625.0, "y": 734.0}, {"x": 625.0, "y": 760.0}, {"x": 321.0, "y": 760.0}]}, "description": " YOUR POINTS CAN BE"}, {"boundingPoly": {"vertices": [{"x": 354.0, "y": 760.0}, {"x": 815.0, "y": 759.0}, {"x": 815.0, "y": 784.0}, {"x": 354.0, "y": 785.0}]}, "description": "VISIT ANY UK STORE WITH YOUR"}, {"boundingPoly": {"vertices": [{"x": 632.0, "y": 734.0}, {"x": 858.0, "y": 734.0}, {"x": 858.0, "y": 760.0}, {"x": 632.0, "y": 760.0}]}, "description": " ADDED WHEN YOU"}, {"boundingPoly": {"vertices": [{"x": 268.0, "y": 786.0}, {"x": 893.0, "y": 782.0}, {"x": 893.0, "y": 809.0}, {"x": 268.0, "y": 813.0}]}, "description": "ADVANTAGE CARD WITHIN THE NEXT 30 DAYS"}, {"boundingPoly": {"vertices": [{"x": 269.0, "y": 903.0}, {"x": 521.0, "y": 901.0}, {"x": 521.0, "y": 926.0}, {"x": 269.0, "y": 930.0}]}, "description": "VALIDATION CODE"}, {"boundingPoly": {"vertices": [{"x": 270.0, "y": 955.0}, {"x": 571.0, "y": 950.0}, {"x": 571.0, "y": 976.0}, {"x": 270.0, "y": 982.0}]}, "description": "POINTS TO BE ADDED"}, {"boundingPoly": {"vertices": [{"x": 273.0, "y": 1006.0}, {"x": 884.0, "y": 998.0}, {"x": 884.0, "y": 1022.0}, {"x": 273.0, "y": 1032.0}]}, "description": "When this receipt is presented in any UK store, points will be"}, {"boundingPoly": {"vertices": [{"x": 272.0, "y": 1056.0}, {"x": 497.0, "y": 1049.0}, {"x": 498.0, "y": 1073.0}, {"x": 272.0, "y": 1080.0}]}, "description": "successfully completed"}, {"boundingPoly": {"vertices": [{"x": 390.0, "y": 925.0}, {"x": 889.0, "y": 922.0}, {"x": 889.0, "y": 950.0}, {"x": 390.0, "y": 953.0}]}, "description": "6686 70552 48161 30004 33714 57"}, {"boundingPoly": {"vertices": [{"x": 858.0, "y": 947.0}, {"x": 891.0, "y": 948.0}, {"x": 891.0, "y": 973.0}, {"x": 857.0, "y": 972.0}]}, "description": "40"}, {"boundingPoly": {"vertices": [{"x": 274.0, "y": 1028.0}, {"x": 897.0, "y": 1022.0}, {"x": 897.0, "y": 1046.0}, {"x": 274.0, "y": 1055.0}]}, "description": "added within 24 hours once standard validation checks have been"}, {"boundingPoly": {"vertices": [{"x": 276.0, "y": 1125.0}, {"x": 896.0, "y": 1121.0}, {"x": 896.0, "y": 1144.0}, {"x": 276.0, "y": 1151.0}]}, "description": "******* FLIGHT NUMBER BA 0143 ********"}, {"boundingPoly": {"vertices": [{"x": 276.0, "y": 1205.0}, {"x": 539.0, "y": 1199.0}, {"x": 540.0, "y": 1225.0}, {"x": 276.0, "y": 1231.0}]}, "description": "AMERICAN EXPRESS"}, {"boundingPoly": {"vertices": [{"x": 328.0, "y": 1248.0}, {"x": 791.0, "y": 1248.0}, {"x": 791.0, "y": 1308.0}, {"x": 328.0, "y": 1308.0}]}, "description": " : A000000025010801 1 /"}, {"boundingPoly": {"vertices": [{"x": 652.0, "y": 1200.0}, {"x": 712.0, "y": 1200.0}, {"x": 712.0, "y": 1227.0}, {"x": 652.0, "y": 1227.0}]}, "description": " AUTH"}, {"boundingPoly": {"vertices": [{"x": 717.0, "y": 1201.0}, {"x": 767.0, "y": 1201.0}, {"x": 767.0, "y": 1226.0}, {"x": 717.0, "y": 1226.0}]}, "description": " : 46"}, {"boundingPoly": {"vertices": [{"x": 276.0, "y": 1230.0}, {"x": 522.0, "y": 1227.0}, {"x": 522.0, "y": 1250.0}, {"x": 276.0, "y": 1253.0}]}, "description": "*********** 1000"}, {"boundingPoly": {"vertices": [{"x": 327.0, "y": 1254.0}, {"x": 509.0, "y": 1254.0}, {"x": 509.0, "y": 1281.0}, {"x": 327.0, "y": 1281.0}]}, "description": " : ***** 88026"}, {"boundingPoly": {"vertices": [{"x": 277.0, "y": 1256.0}, {"x": 322.0, "y": 1256.0}, {"x": 322.0, "y": 1282.0}, {"x": 277.0, "y": 1282.0}]}, "description": " MID"}, {"boundingPoly": {"vertices": [{"x": 277.0, "y": 1282.0}, {"x": 323.0, "y": 1282.0}, {"x": 323.0, "y": 1308.0}, {"x": 277.0, "y": 1308.0}]}, "description": " AID"}, {"boundingPoly": {"vertices": [{"x": 276.0, "y": 1376.0}, {"x": 705.0, "y": 1380.0}, {"x": 704.0, "y": 1410.0}, {"x": 276.0, "y": 1405.0}]}, "description": "NO CARDHOLDER VERIFICATION"}, {"boundingPoly": {"vertices": [{"x": 277.0, "y": 1429.0}, {"x": 631.0, "y": 1429.0}, {"x": 631.0, "y": 1465.0}, {"x": 277.0, "y": 1465.0}]}, "description": " YOU WILL BE DEBITED BY"}, {"boundingPoly": {"vertices": [{"x": 635.0, "y": 1437.0}, {"x": 647.0, "y": 1437.0}, {"x": 647.0, "y": 1465.0}, {"x": 635.0, "y": 1465.0}]}, "description": " :"}, {"boundingPoly": {"vertices": [{"x": 274.0, "y": 1455.0}, {"x": 860.0, "y": 1472.0}, {"x": 859.0, "y": 1503.0}, {"x": 273.0, "y": 1485.0}]}, "description": "PLEASE RETAIN THIS FOR YOUR RECORDS"}, {"boundingPoly": {"vertices": [{"x": 286.0, "y": 1511.0}, {"x": 554.0, "y": 1516.0}, {"x": 554.0, "y": 1545.0}, {"x": 286.0, "y": 1540.0}]}, "description": "35 7362 1053 132"}, {"boundingPoly": {"vertices": [{"x": 771.0, "y": 1442.0}, {"x": 873.0, "y": 1446.0}, {"x": 872.0, "y": 1472.0}, {"x": 770.0, "y": 1469.0}]}, "description": "\u00a310.00"}]}