{"textAnnotations": [{"boundingPoly": {"vertices": [{"x": 191.0, "y": 16.0}, {"x": 293.0, "y": 18.0}, {"x": 292.0, "y": 39.0}, {"x": 190.0, "y": 35.0}]}, "description": "Delivery"}, {"boundingPoly": {"vertices": [{"x": 111.0, "y": 47.0}, {"x": 292.0, "y": 48.0}, {"x": 291.0, "y": 61.0}, {"x": 111.0, "y": 59.0}]}, "description": "BRYCE SELINE READY"}, {"boundingPoly": {"vertices": [{"x": 110.0, "y": 60.0}, {"x": 229.0, "y": 60.0}, {"x": 230.0, "y": 71.0}, {"x": 110.0, "y": 72.0}]}, "description": "200 VESEY ST"}, {"boundingPoly": {"vertices": [{"x": 109.0, "y": 74.0}, {"x": 271.0, "y": 71.0}, {"x": 272.0, "y": 83.0}, {"x": 109.0, "y": 86.0}]}, "description": "AMERICAN EXPRESS"}, {"boundingPoly": {"vertices": [{"x": 110.0, "y": 88.0}, {"x": 249.0, "y": 87.0}, {"x": 249.0, "y": 100.0}, {"x": 110.0, "y": 101.0}]}, "description": "(583) 508-4415"}, {"boundingPoly": {"vertices": [{"x": 311.0, "y": 50.0}, {"x": 346.0, "y": 51.0}, {"x": 345.0, "y": 62.0}, {"x": 311.0, "y": 63.0}]}, "description": "1 -40"}, {"boundingPoly": {"vertices": [{"x": 162.0, "y": 122.0}, {"x": 331.0, "y": 121.0}, {"x": 331.0, "y": 137.0}, {"x": 162.0, "y": 138.0}]}, "description": "merchant name"}, {"boundingPoly": {"vertices": [{"x": 189.0, "y": 140.0}, {"x": 303.0, "y": 140.0}, {"x": 303.0, "y": 155.0}, {"x": 189.0, "y": 155.0}]}, "description": "merchant address"}, {"boundingPoly": {"vertices": [{"x": 206.0, "y": 157.0}, {"x": 296.0, "y": 156.0}, {"x": 296.0, "y": 171.0}, {"x": 206.0, "y": 173.0}]}, "description": "merchant phone"}, {"boundingPoly": {"vertices": [{"x": 115.0, "y": 191.0}, {"x": 162.0, "y": 191.0}, {"x": 162.0, "y": 206.0}, {"x": 115.0, "y": 206.0}]}, "description": " Server:"}, {"boundingPoly": {"vertices": [{"x": 117.0, "y": 223.0}, {"x": 165.0, "y": 223.0}, {"x": 165.0, "y": 238.0}, {"x": 117.0, "y": 238.0}]}, "description": " Guests:"}, {"boundingPoly": {"vertices": [{"x": 164.0, "y": 191.0}, {"x": 220.0, "y": 191.0}, {"x": 220.0, "y": 206.0}, {"x": 164.0, "y": 206.0}]}, "description": " Delivery"}, {"boundingPoly": {"vertices": [{"x": 319.0, "y": 189.0}, {"x": 385.0, "y": 189.0}, {"x": 385.0, "y": 204.0}, {"x": 319.0, "y": 205.0}]}, "description": "11/13/2019"}, {"boundingPoly": {"vertices": [{"x": 334.0, "y": 206.0}, {"x": 385.0, "y": 206.0}, {"x": 385.0, "y": 220.0}, {"x": 334.0, "y": 220.0}]}, "description": " 10:10 AM"}, {"boundingPoly": {"vertices": [{"x": 167.0, "y": 223.0}, {"x": 176.0, "y": 223.0}, {"x": 176.0, "y": 238.0}, {"x": 167.0, "y": 238.0}]}, "description": " 1"}, {"boundingPoly": {"vertices": [{"x": 304.0, "y": 237.0}, {"x": 382.0, "y": 237.0}, {"x": 382.0, "y": 251.0}, {"x": 304.0, "y": 252.0}]}, "description": "#30008"}, {"boundingPoly": {"vertices": [{"x": 116.0, "y": 270.0}, {"x": 250.0, "y": 270.0}, {"x": 251.0, "y": 284.0}, {"x": 116.0, "y": 284.0}]}, "description": "Square Pie (3 @27.00)"}, {"boundingPoly": {"vertices": [{"x": 118.0, "y": 286.0}, {"x": 184.0, "y": 286.0}, {"x": 184.0, "y": 300.0}, {"x": 118.0, "y": 300.0}]}, "description": "Square Pie"}, {"boundingPoly": {"vertices": [{"x": 128.0, "y": 301.0}, {"x": 166.0, "y": 302.0}, {"x": 165.0, "y": 315.0}, {"x": 128.0, "y": 315.0}]}, "description": "Whole"}, {"boundingPoly": {"vertices": [{"x": 141.0, "y": 317.0}, {"x": 201.0, "y": 317.0}, {"x": 201.0, "y": 331.0}, {"x": 141.0, "y": 331.0}]}, "description": "Peoperoni"}, {"boundingPoly": {"vertices": [{"x": 119.0, "y": 333.0}, {"x": 160.0, "y": 333.0}, {"x": 160.0, "y": 346.0}, {"x": 119.0, "y": 346.0}]}, "description": " Square"}, {"boundingPoly": {"vertices": [{"x": 132.0, "y": 348.0}, {"x": 166.0, "y": 348.0}, {"x": 166.0, "y": 360.0}, {"x": 132.0, "y": 360.0}]}, "description": "Whole"}, {"boundingPoly": {"vertices": [{"x": 144.0, "y": 362.0}, {"x": 197.0, "y": 362.0}, {"x": 197.0, "y": 375.0}, {"x": 144.0, "y": 374.0}]}, "description": "Mushroom"}, {"boundingPoly": {"vertices": [{"x": 144.0, "y": 376.0}, {"x": 195.0, "y": 376.0}, {"x": 195.0, "y": 389.0}, {"x": 144.0, "y": 390.0}]}, "description": "Broccoli"}, {"boundingPoly": {"vertices": [{"x": 119.0, "y": 391.0}, {"x": 210.0, "y": 391.0}, {"x": 210.0, "y": 406.0}, {"x": 119.0, "y": 406.0}]}, "description": " Caesar Salad F"}, {"boundingPoly": {"vertices": [{"x": 346.0, "y": 269.0}, {"x": 381.0, "y": 269.0}, {"x": 381.0, "y": 282.0}, {"x": 346.0, "y": 282.0}]}, "description": "81.00"}, {"boundingPoly": {"vertices": [{"x": 347.0, "y": 285.0}, {"x": 381.0, "y": 285.0}, {"x": 381.0, "y": 298.0}, {"x": 347.0, "y": 298.0}]}, "description": "30.00"}, {"boundingPoly": {"vertices": [{"x": 162.0, "y": 333.0}, {"x": 183.0, "y": 333.0}, {"x": 183.0, "y": 346.0}, {"x": 162.0, "y": 346.0}]}, "description": " Pie"}, {"boundingPoly": {"vertices": [{"x": 345.0, "y": 329.0}, {"x": 379.0, "y": 329.0}, {"x": 379.0, "y": 344.0}, {"x": 345.0, "y": 344.0}]}, "description": "33.00"}, {"boundingPoly": {"vertices": [{"x": 212.0, "y": 390.0}, {"x": 276.0, "y": 390.0}, {"x": 276.0, "y": 405.0}, {"x": 212.0, "y": 405.0}]}, "description": " (2 #20.00)"}, {"boundingPoly": {"vertices": [{"x": 347.0, "y": 389.0}, {"x": 382.0, "y": 389.0}, {"x": 382.0, "y": 401.0}, {"x": 347.0, "y": 401.0}]}, "description": "40.00"}, {"boundingPoly": {"vertices": [{"x": 115.0, "y": 422.0}, {"x": 226.0, "y": 419.0}, {"x": 227.0, "y": 434.0}, {"x": 115.0, "y": 437.0}]}, "description": "Complete Subtotal"}, {"boundingPoly": {"vertices": [{"x": 347.0, "y": 417.0}, {"x": 385.0, "y": 416.0}, {"x": 385.0, "y": 431.0}, {"x": 347.0, "y": 432.0}]}, "description": "184.00"}, {"boundingPoly": {"vertices": [{"x": 112.0, "y": 454.0}, {"x": 183.0, "y": 453.0}, {"x": 183.0, "y": 469.0}, {"x": 112.0, "y": 470.0}]}, "description": "9 Foid 10%"}, {"boundingPoly": {"vertices": [{"x": 112.0, "y": 471.0}, {"x": 168.0, "y": 471.0}, {"x": 168.0, "y": 486.0}, {"x": 112.0, "y": 486.0}]}, "description": "Subtotal"}, {"boundingPoly": {"vertices": [{"x": 347.0, "y": 448.0}, {"x": 388.0, "y": 449.0}, {"x": 389.0, "y": 464.0}, {"x": 347.0, "y": 465.0}]}, "description": "-18.40"}, {"boundingPoly": {"vertices": [{"x": 349.0, "y": 467.0}, {"x": 388.0, "y": 466.0}, {"x": 389.0, "y": 481.0}, {"x": 350.0, "y": 481.0}]}, "description": "165.60"}, {"boundingPoly": {"vertices": [{"x": 114.0, "y": 521.0}, {"x": 176.0, "y": 520.0}, {"x": 176.0, "y": 534.0}, {"x": 114.0, "y": 537.0}]}, "description": "Total Tax"}, {"boundingPoly": {"vertices": [{"x": 355.0, "y": 514.0}, {"x": 388.0, "y": 513.0}, {"x": 389.0, "y": 528.0}, {"x": 355.0, "y": 529.0}]}, "description": "14.70"}, {"boundingPoly": {"vertices": [{"x": 115.0, "y": 553.0}, {"x": 150.0, "y": 553.0}, {"x": 150.0, "y": 567.0}, {"x": 115.0, "y": 568.0}]}, "description": "Total"}, {"boundingPoly": {"vertices": [{"x": 349.0, "y": 546.0}, {"x": 387.0, "y": 544.0}, {"x": 387.0, "y": 559.0}, {"x": 350.0, "y": 560.0}]}, "description": "180.30"}, {"boundingPoly": {"vertices": [{"x": 114.0, "y": 582.0}, {"x": 158.0, "y": 582.0}, {"x": 158.0, "y": 595.0}, {"x": 114.0, "y": 594.0}]}, "description": "9 Fold"}, {"boundingPoly": {"vertices": [{"x": 118.0, "y": 596.0}, {"x": 165.0, "y": 596.0}, {"x": 165.0, "y": 606.0}, {"x": 118.0, "y": 606.0}]}, "description": " CC Tip:"}, {"boundingPoly": {"vertices": [{"x": 120.0, "y": 606.0}, {"x": 152.0, "y": 605.0}, {"x": 153.0, "y": 616.0}, {"x": 120.0, "y": 617.0}]}, "description": "Total"}, {"boundingPoly": {"vertices": [{"x": 348.0, "y": 577.0}, {"x": 387.0, "y": 576.0}, {"x": 387.0, "y": 590.0}, {"x": 349.0, "y": 591.0}]}, "description": "180.30"}, {"boundingPoly": {"vertices": [{"x": 352.0, "y": 592.0}, {"x": 386.0, "y": 591.0}, {"x": 385.0, "y": 603.0}, {"x": 352.0, "y": 604.0}]}, "description": "27.60"}, {"boundingPoly": {"vertices": [{"x": 345.0, "y": 604.0}, {"x": 385.0, "y": 603.0}, {"x": 385.0, "y": 615.0}, {"x": 345.0, "y": 616.0}]}, "description": "207.90"}]}