{"textAnnotations": [{"boundingPoly": {"vertices": [{"x": 964.0, "y": 197.0}, {"x": 1317.0, "y": 192.0}, {"x": 1318.0, "y": 227.0}, {"x": 964.0, "y": 232.0}]}, "description": "merchant name"}, {"boundingPoly": {"vertices": [{"x": 1051.0, "y": 237.0}, {"x": 1230.0, "y": 234.0}, {"x": 1231.0, "y": 263.0}, {"x": 1051.0, "y": 267.0}]}, "description": "merchant address"}, {"boundingPoly": {"vertices": [{"x": 1007.0, "y": 276.0}, {"x": 1275.0, "y": 271.0}, {"x": 1276.0, "y": 303.0}, {"x": 1007.0, "y": 307.0}]}, "description": "merchant address"}, {"boundingPoly": {"vertices": [{"x": 1040.0, "y": 316.0}, {"x": 1247.0, "y": 312.0}, {"x": 1248.0, "y": 343.0}, {"x": 1040.0, "y": 348.0}]}, "description": "merchant phone"}, {"boundingPoly": {"vertices": [{"x": 1056.0, "y": 368.0}, {"x": 1329.0, "y": 368.0}, {"x": 1329.0, "y": 396.0}, {"x": 1056.0, "y": 396.0}]}, "description": " 10/28/2019, 06:07 PM"}, {"boundingPoly": {"vertices": [{"x": 1055.0, "y": 407.0}, {"x": 1088.0, "y": 407.0}, {"x": 1088.0, "y": 432.0}, {"x": 1055.0, "y": 431.0}]}, "description": "48"}, {"boundingPoly": {"vertices": [{"x": 1057.0, "y": 446.0}, {"x": 1137.0, "y": 444.0}, {"x": 1137.0, "y": 467.0}, {"x": 1057.0, "y": 469.0}]}, "description": "AMEX"}, {"boundingPoly": {"vertices": [{"x": 1054.0, "y": 485.0}, {"x": 1296.0, "y": 480.0}, {"x": 1297.0, "y": 506.0}, {"x": 1054.0, "y": 509.0}]}, "description": "xxxx xxxx xxxx 1003"}, {"boundingPoly": {"vertices": [{"x": 1057.0, "y": 557.0}, {"x": 1118.0, "y": 559.0}, {"x": 1118.0, "y": 586.0}, {"x": 1056.0, "y": 583.0}]}, "description": "Chip"}, {"boundingPoly": {"vertices": [{"x": 1060.0, "y": 596.0}, {"x": 1131.0, "y": 595.0}, {"x": 1131.0, "y": 621.0}, {"x": 1060.0, "y": 622.0}]}, "description": "SALE"}, {"boundingPoly": {"vertices": [{"x": 1058.0, "y": 635.0}, {"x": 1092.0, "y": 635.0}, {"x": 1092.0, "y": 662.0}, {"x": 1058.0, "y": 662.0}]}, "description": " 39"}, {"boundingPoly": {"vertices": [{"x": 856.0, "y": 376.0}, {"x": 915.0, "y": 376.0}, {"x": 915.0, "y": 399.0}, {"x": 856.0, "y": 399.0}]}, "description": " Date"}, {"boundingPoly": {"vertices": [{"x": 858.0, "y": 411.0}, {"x": 950.0, "y": 411.0}, {"x": 950.0, "y": 436.0}, {"x": 858.0, "y": 436.0}]}, "description": " Check#"}, {"boundingPoly": {"vertices": [{"x": 857.0, "y": 448.0}, {"x": 983.0, "y": 448.0}, {"x": 983.0, "y": 475.0}, {"x": 857.0, "y": 475.0}]}, "description": " Card Type"}, {"boundingPoly": {"vertices": [{"x": 858.0, "y": 486.0}, {"x": 941.0, "y": 486.0}, {"x": 941.0, "y": 512.0}, {"x": 858.0, "y": 512.0}]}, "description": " Card #"}, {"boundingPoly": {"vertices": [{"x": 857.0, "y": 523.0}, {"x": 1005.0, "y": 523.0}, {"x": 1005.0, "y": 550.0}, {"x": 857.0, "y": 550.0}]}, "description": " Card Holder"}, {"boundingPoly": {"vertices": [{"x": 857.0, "y": 561.0}, {"x": 992.0, "y": 561.0}, {"x": 992.0, "y": 588.0}, {"x": 857.0, "y": 588.0}]}, "description": " Card Entry"}, {"boundingPoly": {"vertices": [{"x": 861.0, "y": 599.0}, {"x": 995.0, "y": 599.0}, {"x": 995.0, "y": 627.0}, {"x": 861.0, "y": 627.0}]}, "description": " Trans Type"}, {"boundingPoly": {"vertices": [{"x": 860.0, "y": 635.0}, {"x": 1053.0, "y": 635.0}, {"x": 1053.0, "y": 664.0}, {"x": 860.0, "y": 664.0}]}, "description": " Transaction #:"}, {"boundingPoly": {"vertices": [{"x": 862.0, "y": 675.0}, {"x": 1015.0, "y": 675.0}, {"x": 1015.0, "y": 703.0}, {"x": 862.0, "y": 703.0}]}, "description": " Ref. Number"}, {"boundingPoly": {"vertices": [{"x": 861.0, "y": 716.0}, {"x": 993.0, "y": 716.0}, {"x": 993.0, "y": 740.0}, {"x": 861.0, "y": 740.0}]}, "description": " Auth Code"}, {"boundingPoly": {"vertices": [{"x": 859.0, "y": 754.0}, {"x": 940.0, "y": 754.0}, {"x": 940.0, "y": 780.0}, {"x": 859.0, "y": 780.0}]}, "description": " Server"}, {"boundingPoly": {"vertices": [{"x": 862.0, "y": 790.0}, {"x": 944.0, "y": 790.0}, {"x": 944.0, "y": 815.0}, {"x": 862.0, "y": 815.0}]}, "description": " Table#"}, {"boundingPoly": {"vertices": [{"x": 919.0, "y": 376.0}, {"x": 933.0, "y": 376.0}, {"x": 933.0, "y": 398.0}, {"x": 919.0, "y": 398.0}]}, "description": " :"}, {"boundingPoly": {"vertices": [{"x": 955.0, "y": 410.0}, {"x": 969.0, "y": 410.0}, {"x": 969.0, "y": 434.0}, {"x": 955.0, "y": 434.0}]}, "description": " :"}, {"boundingPoly": {"vertices": [{"x": 988.0, "y": 447.0}, {"x": 1002.0, "y": 447.0}, {"x": 1002.0, "y": 473.0}, {"x": 988.0, "y": 473.0}]}, "description": " :"}, {"boundingPoly": {"vertices": [{"x": 946.0, "y": 486.0}, {"x": 961.0, "y": 486.0}, {"x": 961.0, "y": 511.0}, {"x": 946.0, "y": 511.0}]}, "description": " :"}, {"boundingPoly": {"vertices": [{"x": 1010.0, "y": 523.0}, {"x": 1027.0, "y": 523.0}, {"x": 1027.0, "y": 549.0}, {"x": 1010.0, "y": 549.0}]}, "description": " :"}, {"boundingPoly": {"vertices": [{"x": 996.0, "y": 561.0}, {"x": 1007.0, "y": 561.0}, {"x": 1007.0, "y": 588.0}, {"x": 996.0, "y": 588.0}]}, "description": " :"}, {"boundingPoly": {"vertices": [{"x": 1000.0, "y": 600.0}, {"x": 1014.0, "y": 600.0}, {"x": 1014.0, "y": 626.0}, {"x": 1000.0, "y": 626.0}]}, "description": " :"}, {"boundingPoly": {"vertices": [{"x": 1020.0, "y": 675.0}, {"x": 1031.0, "y": 675.0}, {"x": 1031.0, "y": 702.0}, {"x": 1020.0, "y": 702.0}]}, "description": " :"}, {"boundingPoly": {"vertices": [{"x": 997.0, "y": 716.0}, {"x": 1013.0, "y": 716.0}, {"x": 1013.0, "y": 740.0}, {"x": 997.0, "y": 740.0}]}, "description": " :"}, {"boundingPoly": {"vertices": [{"x": 1059.0, "y": 713.0}, {"x": 1152.0, "y": 712.0}, {"x": 1152.0, "y": 737.0}, {"x": 1059.0, "y": 737.0}]}, "description": "855577"}, {"boundingPoly": {"vertices": [{"x": 1059.0, "y": 754.0}, {"x": 1077.0, "y": 754.0}, {"x": 1077.0, "y": 776.0}, {"x": 1059.0, "y": 775.0}]}, "description": "2"}, {"boundingPoly": {"vertices": [{"x": 1060.0, "y": 788.0}, {"x": 1091.0, "y": 787.0}, {"x": 1093.0, "y": 809.0}, {"x": 1061.0, "y": 811.0}]}, "description": "23"}, {"boundingPoly": {"vertices": [{"x": 945.0, "y": 754.0}, {"x": 956.0, "y": 754.0}, {"x": 956.0, "y": 780.0}, {"x": 945.0, "y": 780.0}]}, "description": " :"}, {"boundingPoly": {"vertices": [{"x": 949.0, "y": 789.0}, {"x": 961.0, "y": 789.0}, {"x": 961.0, "y": 815.0}, {"x": 949.0, "y": 815.0}]}, "description": " :"}, {"boundingPoly": {"vertices": [{"x": 863.0, "y": 841.0}, {"x": 976.0, "y": 841.0}, {"x": 976.0, "y": 870.0}, {"x": 863.0, "y": 870.0}]}, "description": " Amount"}, {"boundingPoly": {"vertices": [{"x": 981.0, "y": 841.0}, {"x": 993.0, "y": 841.0}, {"x": 993.0, "y": 869.0}, {"x": 981.0, "y": 869.0}]}, "description": " :"}, {"boundingPoly": {"vertices": [{"x": 1335.0, "y": 835.0}, {"x": 1433.0, "y": 834.0}, {"x": 1433.0, "y": 865.0}, {"x": 1335.0, "y": 866.0}]}, "description": "$24.09"}, {"boundingPoly": {"vertices": [{"x": 1272.0, "y": 888.0}, {"x": 1459.0, "y": 880.0}, {"x": 1461.0, "y": 926.0}, {"x": 1273.0, "y": 932.0}]}, "description": "- 4.34-"}, {"boundingPoly": {"vertices": [{"x": 1243.0, "y": 946.0}, {"x": 1460.0, "y": 943.0}, {"x": 1461.0, "y": 991.0}, {"x": 1244.0, "y": 995.0}]}, "description": "- 28. 43 -"}, {"boundingPoly": {"vertices": [{"x": 884.0, "y": 1016.0}, {"x": 1412.0, "y": 1011.0}, {"x": 1412.0, "y": 1035.0}, {"x": 885.0, "y": 1040.0}]}, "description": "I AGREE TO PAY ABOVE TOTAL AMOUNT"}, {"boundingPoly": {"vertices": [{"x": 1121.0, "y": 1042.0}, {"x": 1348.0, "y": 1042.0}, {"x": 1348.0, "y": 1068.0}, {"x": 1121.0, "y": 1068.0}]}, "description": " TO CARD ISSUER"}, {"boundingPoly": {"vertices": [{"x": 1061.0, "y": 1075.0}, {"x": 1238.0, "y": 1073.0}, {"x": 1238.0, "y": 1096.0}, {"x": 1061.0, "y": 1098.0}]}, "description": "AGREEMENT!"}, {"boundingPoly": {"vertices": [{"x": 864.0, "y": 898.0}, {"x": 988.0, "y": 898.0}, {"x": 988.0, "y": 931.0}, {"x": 864.0, "y": 931.0}]}, "description": " Gratuity:"}, {"boundingPoly": {"vertices": [{"x": 864.0, "y": 958.0}, {"x": 945.0, "y": 958.0}, {"x": 945.0, "y": 988.0}, {"x": 864.0, "y": 988.0}]}, "description": " Total:"}, {"boundingPoly": {"vertices": [{"x": 948.0, "y": 1044.0}, {"x": 1114.0, "y": 1044.0}, {"x": 1114.0, "y": 1070.0}, {"x": 948.0, "y": 1070.0}]}, "description": " ACCORDING"}, {"boundingPoly": {"vertices": [{"x": 944.0, "y": 1174.0}, {"x": 973.0, "y": 1176.0}, {"x": 971.0, "y": 1203.0}, {"x": 943.0, "y": 1201.0}]}, "description": "X."}, {"boundingPoly": {"vertices": [{"x": 1071.0, "y": 1214.0}, {"x": 1228.0, "y": 1212.0}, {"x": 1228.0, "y": 1236.0}, {"x": 1071.0, "y": 1239.0}]}, "description": "SIGNATURE"}, {"boundingPoly": {"vertices": [{"x": 1065.0, "y": 1252.0}, {"x": 1342.0, "y": 1249.0}, {"x": 1342.0, "y": 1271.0}, {"x": 1065.0, "y": 1274.0}]}, "description": "AMERICAN EXPRESS"}, {"boundingPoly": {"vertices": [{"x": 1064.0, "y": 1285.0}, {"x": 1303.0, "y": 1282.0}, {"x": 1303.0, "y": 1308.0}, {"x": 1065.0, "y": 1311.0}]}, "description": "A000000025010801"}, {"boundingPoly": {"vertices": [{"x": 1066.0, "y": 1322.0}, {"x": 1128.0, "y": 1321.0}, {"x": 1128.0, "y": 1343.0}, {"x": 1066.0, "y": 1343.0}]}, "description": "0037"}, {"boundingPoly": {"vertices": [{"x": 1067.0, "y": 1355.0}, {"x": 1322.0, "y": 1352.0}, {"x": 1322.0, "y": 1378.0}, {"x": 1067.0, "y": 1381.0}]}, "description": "E4A998AE1807D338"}, {"boundingPoly": {"vertices": [{"x": 1068.0, "y": 1392.0}, {"x": 1218.0, "y": 1391.0}, {"x": 1218.0, "y": 1412.0}, {"x": 1068.0, "y": 1414.0}]}, "description": "0000008000"}, {"boundingPoly": {"vertices": [{"x": 1067.0, "y": 1427.0}, {"x": 1132.0, "y": 1427.0}, {"x": 1132.0, "y": 1448.0}, {"x": 1067.0, "y": 1449.0}]}, "description": "F800"}, {"boundingPoly": {"vertices": [{"x": 868.0, "y": 1253.0}, {"x": 1008.0, "y": 1253.0}, {"x": 1008.0, "y": 1279.0}, {"x": 868.0, "y": 1279.0}]}, "description": " APP LABEL"}, {"boundingPoly": {"vertices": [{"x": 867.0, "y": 1289.0}, {"x": 912.0, "y": 1289.0}, {"x": 912.0, "y": 1312.0}, {"x": 867.0, "y": 1312.0}]}, "description": " AID"}, {"boundingPoly": {"vertices": [{"x": 868.0, "y": 1324.0}, {"x": 922.0, "y": 1324.0}, {"x": 922.0, "y": 1347.0}, {"x": 868.0, "y": 1347.0}]}, "description": " ATC"}, {"boundingPoly": {"vertices": [{"x": 869.0, "y": 1358.0}, {"x": 905.0, "y": 1358.0}, {"x": 905.0, "y": 1382.0}, {"x": 869.0, "y": 1382.0}]}, "description": " TC"}, {"boundingPoly": {"vertices": [{"x": 870.0, "y": 1393.0}, {"x": 924.0, "y": 1393.0}, {"x": 924.0, "y": 1417.0}, {"x": 870.0, "y": 1417.0}]}, "description": " TVR"}, {"boundingPoly": {"vertices": [{"x": 869.0, "y": 1428.0}, {"x": 911.0, "y": 1428.0}, {"x": 911.0, "y": 1452.0}, {"x": 869.0, "y": 1452.0}]}, "description": " TSI"}, {"boundingPoly": {"vertices": [{"x": 871.0, "y": 1468.0}, {"x": 1109.0, "y": 1467.0}, {"x": 1109.0, "y": 1492.0}, {"x": 872.0, "y": 1494.0}]}, "description": "Gratuity Suggestion"}, {"boundingPoly": {"vertices": [{"x": 1063.0, "y": 1498.0}, {"x": 1248.0, "y": 1498.0}, {"x": 1248.0, "y": 1525.0}, {"x": 1063.0, "y": 1525.0}]}, "description": " 18:00% = $4.34"}, {"boundingPoly": {"vertices": [{"x": 1060.0, "y": 1535.0}, {"x": 1251.0, "y": 1533.0}, {"x": 1252.0, "y": 1556.0}, {"x": 1060.0, "y": 1559.0}]}, "description": "20.00% = $4.82"}, {"boundingPoly": {"vertices": [{"x": 1059.0, "y": 1571.0}, {"x": 1249.0, "y": 1568.0}, {"x": 1249.0, "y": 1592.0}, {"x": 1059.0, "y": 1595.0}]}, "description": "25.00% = $6.02"}, {"boundingPoly": {"vertices": [{"x": 1013.0, "y": 1252.0}, {"x": 1032.0, "y": 1252.0}, {"x": 1032.0, "y": 1278.0}, {"x": 1013.0, "y": 1278.0}]}, "description": " :"}, {"boundingPoly": {"vertices": [{"x": 917.0, "y": 1290.0}, {"x": 929.0, "y": 1290.0}, {"x": 929.0, "y": 1312.0}, {"x": 917.0, "y": 1312.0}]}, "description": " :"}, {"boundingPoly": {"vertices": [{"x": 926.0, "y": 1324.0}, {"x": 939.0, "y": 1324.0}, {"x": 939.0, "y": 1347.0}, {"x": 926.0, "y": 1347.0}]}, "description": " :"}, {"boundingPoly": {"vertices": [{"x": 909.0, "y": 1359.0}, {"x": 920.0, "y": 1359.0}, {"x": 920.0, "y": 1382.0}, {"x": 909.0, "y": 1382.0}]}, "description": " :"}, {"boundingPoly": {"vertices": [{"x": 928.0, "y": 1394.0}, {"x": 939.0, "y": 1394.0}, {"x": 939.0, "y": 1417.0}, {"x": 928.0, "y": 1417.0}]}, "description": " :"}, {"boundingPoly": {"vertices": [{"x": 915.0, "y": 1428.0}, {"x": 928.0, "y": 1428.0}, {"x": 928.0, "y": 1452.0}, {"x": 915.0, "y": 1452.0}]}, "description": " :"}]}