{"textAnnotations": [{"boundingPoly": {"vertices": [{"x": 689.0, "y": 6.0}, {"x": 1066.0, "y": 9.0}, {"x": 1065.0, "y": 95.0}, {"x": 688.0, "y": 91.0}]}, "description": "merchant name"}, {"boundingPoly": {"vertices": [{"x": 590.0, "y": 244.0}, {"x": 1082.0, "y": 242.0}, {"x": 1082.0, "y": 295.0}, {"x": 590.0, "y": 299.0}]}, "description": "merchant name"}, {"boundingPoly": {"vertices": [{"x": 310.0, "y": 318.0}, {"x": 1099.0, "y": 318.0}, {"x": 1099.0, "y": 370.0}, {"x": 310.0, "y": 370.0}]}, "description": "merchant address"}, {"boundingPoly": {"vertices": [{"x": 711.0, "y": 390.0}, {"x": 951.0, "y": 392.0}, {"x": 951.0, "y": 436.0}, {"x": 711.0, "y": 434.0}]}, "description": "merchant address"}, {"boundingPoly": {"vertices": [{"x": 608.0, "y": 455.0}, {"x": 775.0, "y": 455.0}, {"x": 775.0, "y": 503.0}, {"x": 608.0, "y": 503.0}]}, "description": " PH NO:"}, {"boundingPoly": {"vertices": [{"x": 1107.0, "y": 318.0}, {"x": 1246.0, "y": 318.0}, {"x": 1246.0, "y": 368.0}, {"x": 1107.0, "y": 368.0}]}, "description": "merchant address"}, {"boundingPoly": {"vertices": [{"x": 1255.0, "y": 318.0}, {"x": 1333.0, "y": 318.0}, {"x": 1333.0, "y": 367.0}, {"x": 1255.0, "y": 367.0}]}, "description": "merchant address"}, {"boundingPoly": {"vertices": [{"x": 1342.0, "y": 318.0}, {"x": 1362.0, "y": 318.0}, {"x": 1362.0, "y": 366.0}, {"x": 1342.0, "y": 366.0}]}, "description": "merchant address"}, {"boundingPoly": {"vertices": [{"x": 784.0, "y": 456.0}, {"x": 1058.0, "y": 456.0}, {"x": 1058.0, "y": 504.0}, {"x": 784.0, "y": 504.0}]}, "description": "merchant phone"}, {"boundingPoly": {"vertices": [{"x": 605.0, "y": 561.0}, {"x": 1056.0, "y": 563.0}, {"x": 1056.0, "y": 608.0}, {"x": 604.0, "y": 605.0}]}, "description": "29AARFB5783C122"}, {"boundingPoly": {"vertices": [{"x": 531.0, "y": 628.0}, {"x": 884.0, "y": 628.0}, {"x": 884.0, "y": 679.0}, {"x": 531.0, "y": 679.0}]}, "description": " Date & Time"}, {"boundingPoly": {"vertices": [{"x": 248.0, "y": 690.0}, {"x": 904.0, "y": 690.0}, {"x": 904.0, "y": 739.0}, {"x": 248.0, "y": 741.0}]}, "description": "FOD1929913-11-19 23.01"}, {"boundingPoly": {"vertices": [{"x": 257.0, "y": 625.0}, {"x": 440.0, "y": 627.0}, {"x": 439.0, "y": 677.0}, {"x": 256.0, "y": 674.0}]}, "description": "Bill No"}, {"boundingPoly": {"vertices": [{"x": 929.0, "y": 632.0}, {"x": 1036.0, "y": 632.0}, {"x": 1036.0, "y": 679.0}, {"x": 929.0, "y": 679.0}]}, "description": " Pax"}, {"boundingPoly": {"vertices": [{"x": 999.0, "y": 692.0}, {"x": 1035.0, "y": 692.0}, {"x": 1034.0, "y": 734.0}, {"x": 998.0, "y": 734.0}]}, "description": "5"}, {"boundingPoly": {"vertices": [{"x": 1255.0, "y": 632.0}, {"x": 1406.0, "y": 632.0}, {"x": 1406.0, "y": 678.0}, {"x": 1255.0, "y": 677.0}]}, "description": "Table"}, {"boundingPoly": {"vertices": [{"x": 1321.0, "y": 691.0}, {"x": 1417.0, "y": 691.0}, {"x": 1417.0, "y": 736.0}, {"x": 1319.0, "y": 737.0}]}, "description": "P55"}, {"boundingPoly": {"vertices": [{"x": 1238.0, "y": 756.0}, {"x": 1423.0, "y": 757.0}, {"x": 1422.0, "y": 811.0}, {"x": 1238.0, "y": 810.0}]}, "description": "Waiter"}, {"boundingPoly": {"vertices": [{"x": 1156.0, "y": 825.0}, {"x": 1418.0, "y": 825.0}, {"x": 1418.0, "y": 881.0}, {"x": 1156.0, "y": 882.0}]}, "description": "6 NITHIN"}, {"boundingPoly": {"vertices": [{"x": 246.0, "y": 787.0}, {"x": 511.0, "y": 785.0}, {"x": 511.0, "y": 844.0}, {"x": 247.0, "y": 846.0}]}, "description": "Food Bill"}, {"boundingPoly": {"vertices": [{"x": 240.0, "y": 899.0}, {"x": 665.0, "y": 903.0}, {"x": 664.0, "y": 963.0}, {"x": 240.0, "y": 959.0}]}, "description": "SI. Description"}, {"boundingPoly": {"vertices": [{"x": 630.0, "y": 972.0}, {"x": 728.0, "y": 975.0}, {"x": 725.0, "y": 1027.0}, {"x": 629.0, "y": 1025.0}]}, "description": "Qty"}, {"boundingPoly": {"vertices": [{"x": 853.0, "y": 972.0}, {"x": 983.0, "y": 974.0}, {"x": 982.0, "y": 1023.0}, {"x": 851.0, "y": 1021.0}]}, "description": "Rate"}, {"boundingPoly": {"vertices": [{"x": 1119.0, "y": 973.0}, {"x": 1350.0, "y": 973.0}, {"x": 1350.0, "y": 1024.0}, {"x": 1119.0, "y": 1024.0}]}, "description": "Amount"}, {"boundingPoly": {"vertices": [{"x": 1263.0, "y": 1026.0}, {"x": 1426.0, "y": 1026.0}, {"x": 1426.0, "y": 1046.0}, {"x": 1263.0, "y": 1047.0}]}, "description": "========"}, {"boundingPoly": {"vertices": [{"x": 237.0, "y": 1116.0}, {"x": 312.0, "y": 1116.0}, {"x": 312.0, "y": 1174.0}, {"x": 237.0, "y": 1174.0}]}, "description": " 1."}, {"boundingPoly": {"vertices": [{"x": 329.0, "y": 1116.0}, {"x": 966.0, "y": 1116.0}, {"x": 966.0, "y": 1174.0}, {"x": 329.0, "y": 1174.0}]}, "description": " HOME MADE NACHOS,"}, {"boundingPoly": {"vertices": [{"x": 862.0, "y": 1193.0}, {"x": 1032.0, "y": 1193.0}, {"x": 1033.0, "y": 1243.0}, {"x": 862.0, "y": 1243.0}]}, "description": "180.00"}, {"boundingPoly": {"vertices": [{"x": 332.0, "y": 1260.0}, {"x": 1027.0, "y": 1260.0}, {"x": 1027.0, "y": 1319.0}, {"x": 332.0, "y": 1319.0}]}, "description": " MULTANI PANEER TIKKA,"}, {"boundingPoly": {"vertices": [{"x": 851.0, "y": 1332.0}, {"x": 1035.0, "y": 1330.0}, {"x": 1035.0, "y": 1380.0}, {"x": 852.0, "y": 1382.0}]}, "description": "250.00"}, {"boundingPoly": {"vertices": [{"x": 323.0, "y": 1401.0}, {"x": 949.0, "y": 1401.0}, {"x": 949.0, "y": 1465.0}, {"x": 323.0, "y": 1465.0}]}, "description": " NIMBU MURGH TIKKA,"}, {"boundingPoly": {"vertices": [{"x": 854.0, "y": 1481.0}, {"x": 1044.0, "y": 1478.0}, {"x": 1045.0, "y": 1532.0}, {"x": 854.0, "y": 1536.0}]}, "description": "250.00"}, {"boundingPoly": {"vertices": [{"x": 322.0, "y": 1554.0}, {"x": 882.0, "y": 1554.0}, {"x": 882.0, "y": 1617.0}, {"x": 322.0, "y": 1617.0}]}, "description": " EXOTIC VEG PIZZA,"}, {"boundingPoly": {"vertices": [{"x": 857.0, "y": 1630.0}, {"x": 1044.0, "y": 1630.0}, {"x": 1045.0, "y": 1684.0}, {"x": 858.0, "y": 1687.0}]}, "description": "270.00"}, {"boundingPoly": {"vertices": [{"x": 661.0, "y": 1194.0}, {"x": 694.0, "y": 1200.0}, {"x": 693.0, "y": 1245.0}, {"x": 660.0, "y": 1239.0}]}, "description": "1"}, {"boundingPoly": {"vertices": [{"x": 1237.0, "y": 1194.0}, {"x": 1405.0, "y": 1194.0}, {"x": 1406.0, "y": 1244.0}, {"x": 1237.0, "y": 1244.0}]}, "description": "180.00"}, {"boundingPoly": {"vertices": [{"x": 231.0, "y": 1263.0}, {"x": 307.0, "y": 1263.0}, {"x": 307.0, "y": 1321.0}, {"x": 231.0, "y": 1321.0}]}, "description": " 2."}, {"boundingPoly": {"vertices": [{"x": 662.0, "y": 1340.0}, {"x": 690.0, "y": 1342.0}, {"x": 689.0, "y": 1384.0}, {"x": 661.0, "y": 1381.0}]}, "description": "1"}, {"boundingPoly": {"vertices": [{"x": 1229.0, "y": 1329.0}, {"x": 1411.0, "y": 1328.0}, {"x": 1411.0, "y": 1381.0}, {"x": 1229.0, "y": 1382.0}]}, "description": "250.00"}, {"boundingPoly": {"vertices": [{"x": 222.0, "y": 1407.0}, {"x": 304.0, "y": 1407.0}, {"x": 304.0, "y": 1467.0}, {"x": 222.0, "y": 1467.0}]}, "description": " 3."}, {"boundingPoly": {"vertices": [{"x": 651.0, "y": 1484.0}, {"x": 693.0, "y": 1484.0}, {"x": 693.0, "y": 1533.0}, {"x": 651.0, "y": 1533.0}]}, "description": "3"}, {"boundingPoly": {"vertices": [{"x": 1244.0, "y": 1477.0}, {"x": 1424.0, "y": 1475.0}, {"x": 1425.0, "y": 1531.0}, {"x": 1245.0, "y": 1534.0}]}, "description": "750.00"}, {"boundingPoly": {"vertices": [{"x": 222.0, "y": 1557.0}, {"x": 302.0, "y": 1557.0}, {"x": 302.0, "y": 1619.0}, {"x": 222.0, "y": 1619.0}]}, "description": " 4."}, {"boundingPoly": {"vertices": [{"x": 1245.0, "y": 1628.0}, {"x": 1434.0, "y": 1626.0}, {"x": 1435.0, "y": 1681.0}, {"x": 1246.0, "y": 1685.0}]}, "description": "270.00"}, {"boundingPoly": {"vertices": [{"x": 1223.0, "y": 1706.0}, {"x": 1438.0, "y": 1704.0}, {"x": 1439.0, "y": 1756.0}, {"x": 1224.0, "y": 1759.0}]}, "description": "1450.00"}, {"boundingPoly": {"vertices": [{"x": 1277.0, "y": 1777.0}, {"x": 1430.0, "y": 1775.0}, {"x": 1430.0, "y": 1828.0}, {"x": 1278.0, "y": 1830.0}]}, "description": "36.25"}, {"boundingPoly": {"vertices": [{"x": 1277.0, "y": 1849.0}, {"x": 1430.0, "y": 1847.0}, {"x": 1431.0, "y": 1899.0}, {"x": 1278.0, "y": 1900.0}]}, "description": "36.25"}, {"boundingPoly": {"vertices": [{"x": 1250.0, "y": 1919.0}, {"x": 1428.0, "y": 1916.0}, {"x": 1429.0, "y": 1967.0}, {"x": 1251.0, "y": 1969.0}]}, "description": "108.75"}, {"boundingPoly": {"vertices": [{"x": 1213.0, "y": 1986.0}, {"x": 1421.0, "y": 1983.0}, {"x": 1421.0, "y": 2031.0}, {"x": 1214.0, "y": 2034.0}]}, "description": "1631.25"}, {"boundingPoly": {"vertices": [{"x": 279.0, "y": 1711.0}, {"x": 672.0, "y": 1711.0}, {"x": 673.0, "y": 1765.0}, {"x": 279.0, "y": 1767.0}]}, "description": "Total Amount"}, {"boundingPoly": {"vertices": [{"x": 227.0, "y": 1783.0}, {"x": 780.0, "y": 1782.0}, {"x": 780.0, "y": 1840.0}, {"x": 228.0, "y": 1841.0}]}, "description": "Central Gst @ 2.5%"}, {"boundingPoly": {"vertices": [{"x": 294.0, "y": 1859.0}, {"x": 778.0, "y": 1856.0}, {"x": 778.0, "y": 1912.0}, {"x": 294.0, "y": 1914.0}]}, "description": "State Gst @ 2.5%"}, {"boundingPoly": {"vertices": [{"x": 213.0, "y": 1929.0}, {"x": 779.0, "y": 1926.0}, {"x": 779.0, "y": 1985.0}, {"x": 213.0, "y": 1987.0}]}, "description": "vice Charge @ 7.5%"}, {"boundingPoly": {"vertices": [{"x": 279.0, "y": 2000.0}, {"x": 675.0, "y": 2000.0}, {"x": 675.0, "y": 2053.0}, {"x": 279.0, "y": 2053.0}]}, "description": "Food Amount"}, {"boundingPoly": {"vertices": [{"x": 531.0, "y": 2067.0}, {"x": 606.0, "y": 2067.0}, {"x": 606.0, "y": 2116.0}, {"x": 531.0, "y": 2116.0}]}, "description": " : 6"}, {"boundingPoly": {"vertices": [{"x": 234.0, "y": 2068.0}, {"x": 522.0, "y": 2068.0}, {"x": 522.0, "y": 2119.0}, {"x": 234.0, "y": 2119.0}]}, "description": " Total Items"}]}