{"textAnnotations": [{"boundingPoly": {"vertices": [{"x": 331.0, "y": 262.0}, {"x": 580.0, "y": 266.0}, {"x": 579.0, "y": 298.0}, {"x": 330.0, "y": 292.0}]}, "description": "merchant name"}, {"boundingPoly": {"vertices": [{"x": 346.0, "y": 298.0}, {"x": 567.0, "y": 303.0}, {"x": 566.0, "y": 336.0}, {"x": 346.0, "y": 330.0}]}, "description": "merchant address"}, {"boundingPoly": {"vertices": [{"x": 184.0, "y": 333.0}, {"x": 707.0, "y": 344.0}, {"x": 706.0, "y": 377.0}, {"x": 184.0, "y": 366.0}]}, "description": "merchant address"}, {"boundingPoly": {"vertices": [{"x": 331.0, "y": 378.0}, {"x": 586.0, "y": 380.0}, {"x": 586.0, "y": 413.0}, {"x": 331.0, "y": 411.0}]}, "description": "merchant phone"}, {"boundingPoly": {"vertices": [{"x": 88.0, "y": 498.0}, {"x": 275.0, "y": 498.0}, {"x": 275.0, "y": 533.0}, {"x": 88.0, "y": 533.0}]}, "description": " Date/Time:"}, {"boundingPoly": {"vertices": [{"x": 88.0, "y": 540.0}, {"x": 330.0, "y": 540.0}, {"x": 330.0, "y": 577.0}, {"x": 88.0, "y": 577.0}]}, "description": " Order Number:"}, {"boundingPoly": {"vertices": [{"x": 89.0, "y": 584.0}, {"x": 332.0, "y": 584.0}, {"x": 332.0, "y": 621.0}, {"x": 89.0, "y": 621.0}]}, "description": " Account Type:"}, {"boundingPoly": {"vertices": [{"x": 90.0, "y": 627.0}, {"x": 312.0, "y": 627.0}, {"x": 312.0, "y": 665.0}, {"x": 90.0, "y": 665.0}]}, "description": " EDC Tran ID:"}, {"boundingPoly": {"vertices": [{"x": 88.0, "y": 674.0}, {"x": 195.0, "y": 674.0}, {"x": 195.0, "y": 711.0}, {"x": 88.0, "y": 711.0}]}, "description": " Server"}, {"boundingPoly": {"vertices": [{"x": 88.0, "y": 717.0}, {"x": 164.0, "y": 717.0}, {"x": 164.0, "y": 755.0}, {"x": 88.0, "y": 755.0}]}, "description": " POS:"}, {"boundingPoly": {"vertices": [{"x": 366.0, "y": 500.0}, {"x": 719.0, "y": 500.0}, {"x": 719.0, "y": 540.0}, {"x": 366.0, "y": 540.0}]}, "description": " 2019-11-11 08:55 PM"}, {"boundingPoly": {"vertices": [{"x": 366.0, "y": 544.0}, {"x": 484.0, "y": 544.0}, {"x": 483.0, "y": 579.0}, {"x": 365.0, "y": 578.0}]}, "description": "432210"}, {"boundingPoly": {"vertices": [{"x": 367.0, "y": 585.0}, {"x": 481.0, "y": 586.0}, {"x": 480.0, "y": 620.0}, {"x": 366.0, "y": 618.0}]}, "description": "CREDIT"}, {"boundingPoly": {"vertices": [{"x": 368.0, "y": 627.0}, {"x": 541.0, "y": 627.0}, {"x": 541.0, "y": 662.0}, {"x": 368.0, "y": 662.0}]}, "description": "894425880"}, {"boundingPoly": {"vertices": [{"x": 370.0, "y": 677.0}, {"x": 486.0, "y": 675.0}, {"x": 486.0, "y": 707.0}, {"x": 370.0, "y": 709.0}]}, "description": "mahesh"}, {"boundingPoly": {"vertices": [{"x": 369.0, "y": 720.0}, {"x": 394.0, "y": 721.0}, {"x": 395.0, "y": 753.0}, {"x": 369.0, "y": 752.0}]}, "description": "2"}, {"boundingPoly": {"vertices": [{"x": 202.0, "y": 675.0}, {"x": 221.0, "y": 675.0}, {"x": 221.0, "y": 710.0}, {"x": 202.0, "y": 710.0}]}, "description": " :"}, {"boundingPoly": {"vertices": [{"x": 90.0, "y": 809.0}, {"x": 234.0, "y": 809.0}, {"x": 234.0, "y": 847.0}, {"x": 90.0, "y": 847.0}]}, "description": " PURCHASE"}, {"boundingPoly": {"vertices": [{"x": 241.0, "y": 809.0}, {"x": 260.0, "y": 809.0}, {"x": 260.0, "y": 845.0}, {"x": 241.0, "y": 845.0}]}, "description": " :"}, {"boundingPoly": {"vertices": [{"x": 374.0, "y": 809.0}, {"x": 522.0, "y": 805.0}, {"x": 522.0, "y": 842.0}, {"x": 374.0, "y": 845.0}]}, "description": "APPROVAL"}, {"boundingPoly": {"vertices": [{"x": 88.0, "y": 901.0}, {"x": 300.0, "y": 901.0}, {"x": 300.0, "y": 940.0}, {"x": 88.0, "y": 940.0}]}, "description": " Entry Mode:"}, {"boundingPoly": {"vertices": [{"x": 90.0, "y": 947.0}, {"x": 320.0, "y": 947.0}, {"x": 320.0, "y": 985.0}, {"x": 90.0, "y": 985.0}]}, "description": " Card Number:"}, {"boundingPoly": {"vertices": [{"x": 88.0, "y": 992.0}, {"x": 321.0, "y": 992.0}, {"x": 321.0, "y": 1031.0}, {"x": 88.0, "y": 1031.0}]}, "description": " Card Expire:"}, {"boundingPoly": {"vertices": [{"x": 89.0, "y": 1036.0}, {"x": 280.0, "y": 1036.0}, {"x": 280.0, "y": 1074.0}, {"x": 89.0, "y": 1074.0}]}, "description": " Card Type:"}, {"boundingPoly": {"vertices": [{"x": 83.0, "y": 1083.0}, {"x": 301.0, "y": 1083.0}, {"x": 301.0, "y": 1119.0}, {"x": 83.0, "y": 1119.0}]}, "description": " Cardholder:"}, {"boundingPoly": {"vertices": [{"x": 84.0, "y": 1126.0}, {"x": 367.0, "y": 1126.0}, {"x": 367.0, "y": 1168.0}, {"x": 84.0, "y": 1168.0}]}, "description": " Approval Code:"}, {"boundingPoly": {"vertices": [{"x": 81.0, "y": 1175.0}, {"x": 276.0, "y": 1175.0}, {"x": 276.0, "y": 1211.0}, {"x": 81.0, "y": 1211.0}]}, "description": " Ref Number"}, {"boundingPoly": {"vertices": [{"x": 375.0, "y": 943.0}, {"x": 659.0, "y": 940.0}, {"x": 660.0, "y": 976.0}, {"x": 375.0, "y": 980.0}]}, "description": "XXXXXXXXXXX1009"}, {"boundingPoly": {"vertices": [{"x": 376.0, "y": 990.0}, {"x": 477.0, "y": 990.0}, {"x": 476.0, "y": 1025.0}, {"x": 376.0, "y": 1026.0}]}, "description": "XX/XX"}, {"boundingPoly": {"vertices": [{"x": 377.0, "y": 1036.0}, {"x": 682.0, "y": 1032.0}, {"x": 683.0, "y": 1067.0}, {"x": 377.0, "y": 1072.0}]}, "description": "American Express"}, {"boundingPoly": {"vertices": [{"x": 373.0, "y": 1124.0}, {"x": 498.0, "y": 1124.0}, {"x": 498.0, "y": 1163.0}, {"x": 373.0, "y": 1163.0}]}, "description": " 592310"}, {"boundingPoly": {"vertices": [{"x": 385.0, "y": 1171.0}, {"x": 498.0, "y": 1169.0}, {"x": 499.0, "y": 1205.0}, {"x": 386.0, "y": 1207.0}]}, "description": "125525"}, {"boundingPoly": {"vertices": [{"x": 283.0, "y": 1175.0}, {"x": 299.0, "y": 1175.0}, {"x": 299.0, "y": 1210.0}, {"x": 283.0, "y": 1210.0}]}, "description": " :"}, {"boundingPoly": {"vertices": [{"x": 78.0, "y": 1267.0}, {"x": 261.0, "y": 1267.0}, {"x": 261.0, "y": 1307.0}, {"x": 78.0, "y": 1307.0}]}, "description": " PURCHASE:"}, {"boundingPoly": {"vertices": [{"x": 746.0, "y": 1257.0}, {"x": 863.0, "y": 1254.0}, {"x": 864.0, "y": 1292.0}, {"x": 747.0, "y": 1296.0}]}, "description": "$22.72"}, {"boundingPoly": {"vertices": [{"x": 136.0, "y": 1366.0}, {"x": 815.0, "y": 1349.0}, {"x": 816.0, "y": 1389.0}, {"x": 137.0, "y": 1405.0}]}, "description": "Cardmember acknowledges receipt of"}, {"boundingPoly": {"vertices": [{"x": 116.0, "y": 1419.0}, {"x": 817.0, "y": 1398.0}, {"x": 818.0, "y": 1435.0}, {"x": 117.0, "y": 1458.0}]}, "description": "goods and/or services in the amount"}, {"boundingPoly": {"vertices": [{"x": 117.0, "y": 1520.0}, {"x": 852.0, "y": 1493.0}, {"x": 854.0, "y": 1534.0}, {"x": 117.0, "y": 1561.0}]}, "description": "to perform the obligations set forth"}, {"boundingPoly": {"vertices": [{"x": 115.0, "y": 1466.0}, {"x": 845.0, "y": 1448.0}, {"x": 846.0, "y": 1486.0}, {"x": 116.0, "y": 1507.0}]}, "description": "of the total shown hereon and agrees"}, {"boundingPoly": {"vertices": [{"x": 91.0, "y": 1573.0}, {"x": 854.0, "y": 1544.0}, {"x": 856.0, "y": 1585.0}, {"x": 93.0, "y": 1615.0}]}, "description": "by cardmember's agreement with issuer"}, {"boundingPoly": {"vertices": [{"x": 159.0, "y": 1721.0}, {"x": 370.0, "y": 1721.0}, {"x": 370.0, "y": 1768.0}, {"x": 159.0, "y": 1768.0}]}, "description": " Signature:"}, {"boundingPoly": {"vertices": [{"x": 398.0, "y": 1751.0}, {"x": 454.0, "y": 1749.0}, {"x": 454.0, "y": 1761.0}, {"x": 398.0, "y": 1764.0}]}, "description": "---"}]}