{"textAnnotations": [{"boundingPoly": {"vertices": [{"x": 71.0, "y": 41.0}, {"x": 352.0, "y": 41.0}, {"x": 352.0, "y": 63.0}, {"x": 71.0, "y": 62.0}]}, "description": "merchant name"}, {"boundingPoly": {"vertices": [{"x": 88.0, "y": 66.0}, {"x": 337.0, "y": 66.0}, {"x": 337.0, "y": 84.0}, {"x": 88.0, "y": 83.0}]}, "description": "merchant address"}, {"boundingPoly": {"vertices": [{"x": 116.0, "y": 87.0}, {"x": 309.0, "y": 88.0}, {"x": 309.0, "y": 105.0}, {"x": 116.0, "y": 104.0}]}, "description": "merchant address"}, {"boundingPoly": {"vertices": [{"x": 158.0, "y": 110.0}, {"x": 268.0, "y": 110.0}, {"x": 268.0, "y": 128.0}, {"x": 158.0, "y": 126.0}]}, "description": "merchant phone"}, {"boundingPoly": {"vertices": [{"x": 134.0, "y": 154.0}, {"x": 245.0, "y": 154.0}, {"x": 245.0, "y": 182.0}, {"x": 134.0, "y": 182.0}]}, "description": " ORDER:"}, {"boundingPoly": {"vertices": [{"x": 162.0, "y": 192.0}, {"x": 224.0, "y": 192.0}, {"x": 224.0, "y": 220.0}, {"x": 162.0, "y": 220.0}]}, "description": " Dine"}, {"boundingPoly": {"vertices": [{"x": 81.0, "y": 229.0}, {"x": 167.0, "y": 229.0}, {"x": 167.0, "y": 248.0}, {"x": 81.0, "y": 248.0}]}, "description": " SUmanth"}, {"boundingPoly": {"vertices": [{"x": 7.0, "y": 253.0}, {"x": 211.0, "y": 253.0}, {"x": 211.0, "y": 274.0}, {"x": 7.0, "y": 274.0}]}, "description": " 18 Oct 2019 12.15:48P"}, {"boundingPoly": {"vertices": [{"x": 6.0, "y": 289.0}, {"x": 183.0, "y": 290.0}, {"x": 183.0, "y": 310.0}, {"x": 6.0, "y": 308.0}]}, "description": "Itansaction 008261"}, {"boundingPoly": {"vertices": [{"x": 249.0, "y": 155.0}, {"x": 285.0, "y": 155.0}, {"x": 285.0, "y": 182.0}, {"x": 249.0, "y": 182.0}]}, "description": " 87"}, {"boundingPoly": {"vertices": [{"x": 229.0, "y": 193.0}, {"x": 260.0, "y": 193.0}, {"x": 260.0, "y": 221.0}, {"x": 229.0, "y": 221.0}]}, "description": " In"}, {"boundingPoly": {"vertices": [{"x": 5.0, "y": 228.0}, {"x": 77.0, "y": 228.0}, {"x": 77.0, "y": 248.0}, {"x": 5.0, "y": 248.0}]}, "description": " Cashier."}, {"boundingPoly": {"vertices": [{"x": 36.0, "y": 340.0}, {"x": 231.0, "y": 341.0}, {"x": 230.0, "y": 358.0}, {"x": 36.0, "y": 356.0}]}, "description": "Paneer Butter Massala"}, {"boundingPoly": {"vertices": [{"x": 40.0, "y": 364.0}, {"x": 138.0, "y": 365.0}, {"x": 138.0, "y": 382.0}, {"x": 40.0, "y": 381.0}]}, "description": "Ex Paratha"}, {"boundingPoly": {"vertices": [{"x": 44.0, "y": 388.0}, {"x": 106.0, "y": 388.0}, {"x": 106.0, "y": 405.0}, {"x": 44.0, "y": 406.0}]}, "description": "Sodas"}, {"boundingPoly": {"vertices": [{"x": 348.0, "y": 337.0}, {"x": 410.0, "y": 335.0}, {"x": 410.0, "y": 359.0}, {"x": 348.0, "y": 360.0}]}, "description": "$10 99"}, {"boundingPoly": {"vertices": [{"x": 357.0, "y": 365.0}, {"x": 408.0, "y": 364.0}, {"x": 408.0, "y": 381.0}, {"x": 358.0, "y": 382.0}]}, "description": "$3 00"}, {"boundingPoly": {"vertices": [{"x": 357.0, "y": 388.0}, {"x": 407.0, "y": 387.0}, {"x": 407.0, "y": 405.0}, {"x": 358.0, "y": 407.0}]}, "description": "$1.49"}, {"boundingPoly": {"vertices": [{"x": 12.0, "y": 434.0}, {"x": 88.0, "y": 435.0}, {"x": 88.0, "y": 451.0}, {"x": 12.0, "y": 450.0}]}, "description": "Subtotal"}, {"boundingPoly": {"vertices": [{"x": 10.0, "y": 457.0}, {"x": 45.0, "y": 458.0}, {"x": 44.0, "y": 473.0}, {"x": 11.0, "y": 472.0}]}, "description": "Tax"}, {"boundingPoly": {"vertices": [{"x": 347.0, "y": 433.0}, {"x": 407.0, "y": 433.0}, {"x": 408.0, "y": 449.0}, {"x": 347.0, "y": 450.0}]}, "description": "$15.48"}, {"boundingPoly": {"vertices": [{"x": 358.0, "y": 454.0}, {"x": 408.0, "y": 452.0}, {"x": 408.0, "y": 468.0}, {"x": 358.0, "y": 471.0}]}, "description": "$1.33"}, {"boundingPoly": {"vertices": [{"x": 9.0, "y": 501.0}, {"x": 55.0, "y": 500.0}, {"x": 55.0, "y": 516.0}, {"x": 10.0, "y": 516.0}]}, "description": "Total"}, {"boundingPoly": {"vertices": [{"x": 347.0, "y": 495.0}, {"x": 409.0, "y": 495.0}, {"x": 409.0, "y": 512.0}, {"x": 347.0, "y": 514.0}]}, "description": "$16.81"}, {"boundingPoly": {"vertices": [{"x": 347.0, "y": 527.0}, {"x": 407.0, "y": 526.0}, {"x": 407.0, "y": 545.0}, {"x": 347.0, "y": 546.0}]}, "description": "$16.81"}, {"boundingPoly": {"vertices": [{"x": 6.0, "y": 533.0}, {"x": 72.0, "y": 533.0}, {"x": 72.0, "y": 551.0}, {"x": 6.0, "y": 551.0}]}, "description": " CREDIT"}, {"boundingPoly": {"vertices": [{"x": 4.0, "y": 557.0}, {"x": 109.0, "y": 555.0}, {"x": 110.0, "y": 574.0}, {"x": 4.0, "y": 576.0}]}, "description": "AMEX 1007"}, {"boundingPoly": {"vertices": [{"x": 6.0, "y": 588.0}, {"x": 208.0, "y": 588.0}, {"x": 208.0, "y": 610.0}, {"x": 6.0, "y": 610.0}]}, "description": " 18 Oct 2019 12.16:21P"}, {"boundingPoly": {"vertices": [{"x": 154.0, "y": 610.0}, {"x": 252.0, "y": 610.0}, {"x": 252.0, "y": 632.0}, {"x": 154.0, "y": 632.0}]}, "description": " CONTACT"}, {"boundingPoly": {"vertices": [{"x": 5.0, "y": 638.0}, {"x": 388.0, "y": 632.0}, {"x": 389.0, "y": 653.0}, {"x": 5.0, "y": 658.0}]}, "description": "AMERICAN EXPRESS XXXXXXXXXXXX1007"}, {"boundingPoly": {"vertices": [{"x": 6.0, "y": 663.0}, {"x": 350.0, "y": 658.0}, {"x": 350.0, "y": 676.0}, {"x": 6.0, "y": 681.0}]}, "description": "Ref # 929100583901 |Auth # 888536"}, {"boundingPoly": {"vertices": [{"x": 49.0, "y": 685.0}, {"x": 161.0, "y": 685.0}, {"x": 161.0, "y": 705.0}, {"x": 49.0, "y": 705.0}]}, "description": " ******** 1889"}, {"boundingPoly": {"vertices": [{"x": 45.0, "y": 709.0}, {"x": 230.0, "y": 709.0}, {"x": 230.0, "y": 728.0}, {"x": 45.0, "y": 728.0}]}, "description": " A000000025010801"}, {"boundingPoly": {"vertices": [{"x": 8.0, "y": 732.0}, {"x": 176.0, "y": 732.0}, {"x": 176.0, "y": 751.0}, {"x": 8.0, "y": 751.0}]}, "description": "AthNtwkNm. AMEX"}, {"boundingPoly": {"vertices": [{"x": 74.0, "y": 531.0}, {"x": 183.0, "y": 531.0}, {"x": 183.0, "y": 550.0}, {"x": 74.0, "y": 550.0}]}, "description": " CARD AUTH"}, {"boundingPoly": {"vertices": [{"x": 5.0, "y": 613.0}, {"x": 151.0, "y": 613.0}, {"x": 151.0, "y": 634.0}, {"x": 5.0, "y": 634.0}]}, "description": " $16.81 | Method:"}, {"boundingPoly": {"vertices": [{"x": 15.0, "y": 686.0}, {"x": 45.0, "y": 686.0}, {"x": 45.0, "y": 705.0}, {"x": 15.0, "y": 705.0}]}, "description": " MID"}, {"boundingPoly": {"vertices": [{"x": 9.0, "y": 710.0}, {"x": 42.0, "y": 710.0}, {"x": 42.0, "y": 728.0}, {"x": 9.0, "y": 728.0}]}, "description": " AID."}, {"boundingPoly": {"vertices": [{"x": 12.0, "y": 790.0}, {"x": 59.0, "y": 790.0}, {"x": 59.0, "y": 807.0}, {"x": 12.0, "y": 807.0}]}, "description": " Order"}, {"boundingPoly": {"vertices": [{"x": 62.0, "y": 790.0}, {"x": 103.0, "y": 790.0}, {"x": 103.0, "y": 807.0}, {"x": 62.0, "y": 807.0}]}, "description": " MDD"}, {"boundingPoly": {"vertices": [{"x": 106.0, "y": 790.0}, {"x": 224.0, "y": 790.0}, {"x": 224.0, "y": 808.0}, {"x": 106.0, "y": 808.0}]}, "description": " /VPSQUI3V 14"}]}