{"textAnnotations": [{"boundingPoly": {"vertices": [{"x": 58.0, "y": 14.0}, {"x": 78.0, "y": 14.0}, {"x": 78.0, "y": 25.0}, {"x": 58.0, "y": 25.0}]}, "description": " Thank"}, {"boundingPoly": {"vertices": [{"x": 59.0, "y": 23.0}, {"x": 87.0, "y": 23.0}, {"x": 87.0, "y": 34.0}, {"x": 59.0, "y": 34.0}]}, "description": "merchant name"}, {"boundingPoly": {"vertices": [{"x": 76.0, "y": 33.0}, {"x": 104.0, "y": 33.0}, {"x": 104.0, "y": 43.0}, {"x": 76.0, "y": 43.0}]}, "description": " Matthew"}, {"boundingPoly": {"vertices": [{"x": 78.0, "y": 43.0}, {"x": 106.0, "y": 43.0}, {"x": 106.0, "y": 53.0}, {"x": 78.0, "y": 53.0}]}, "description": " General"}, {"boundingPoly": {"vertices": [{"x": 82.0, "y": 52.0}, {"x": 134.0, "y": 52.0}, {"x": 134.0, "y": 61.0}, {"x": 82.0, "y": 62.0}]}, "description": "merchant phone"}, {"boundingPoly": {"vertices": [{"x": 76.0, "y": 61.0}, {"x": 149.0, "y": 61.0}, {"x": 149.0, "y": 71.0}, {"x": 76.0, "y": 71.0}]}, "description": " Love Your Feedback!"}, {"boundingPoly": {"vertices": [{"x": 64.0, "y": 69.0}, {"x": 151.0, "y": 69.0}, {"x": 151.0, "y": 79.0}, {"x": 64.0, "y": 80.0}]}, "description": "Text @LTF11479 to 73940"}, {"boundingPoly": {"vertices": [{"x": 80.0, "y": 14.0}, {"x": 159.0, "y": 14.0}, {"x": 159.0, "y": 26.0}, {"x": 80.0, "y": 26.0}]}, "description": " You For Visiting the"}, {"boundingPoly": {"vertices": [{"x": 89.0, "y": 24.0}, {"x": 113.0, "y": 24.0}, {"x": 113.0, "y": 35.0}, {"x": 89.0, "y": 35.0}]}, "description": "merchant name"}, {"boundingPoly": {"vertices": [{"x": 115.0, "y": 23.0}, {"x": 156.0, "y": 23.0}, {"x": 156.0, "y": 35.0}, {"x": 115.0, "y": 35.0}]}, "description": "merchant name"}, {"boundingPoly": {"vertices": [{"x": 106.0, "y": 34.0}, {"x": 138.0, "y": 34.0}, {"x": 138.0, "y": 44.0}, {"x": 106.0, "y": 44.0}]}, "description": " Frayster"}, {"boundingPoly": {"vertices": [{"x": 108.0, "y": 44.0}, {"x": 137.0, "y": 44.0}, {"x": 137.0, "y": 53.0}, {"x": 108.0, "y": 53.0}]}, "description": " Manager"}, {"boundingPoly": {"vertices": [{"x": 65.0, "y": 61.0}, {"x": 74.0, "y": 61.0}, {"x": 74.0, "y": 71.0}, {"x": 65.0, "y": 71.0}]}, "description": " We"}, {"boundingPoly": {"vertices": [{"x": 29.0, "y": 95.0}, {"x": 90.0, "y": 98.0}, {"x": 89.0, "y": 108.0}, {"x": 29.0, "y": 105.0}]}, "description": "Cappuccino 12oz"}, {"boundingPoly": {"vertices": [{"x": 174.0, "y": 86.0}, {"x": 188.0, "y": 86.0}, {"x": 187.0, "y": 95.0}, {"x": 173.0, "y": 95.0}]}, "description": "USD"}, {"boundingPoly": {"vertices": [{"x": 171.0, "y": 96.0}, {"x": 189.0, "y": 95.0}, {"x": 189.0, "y": 104.0}, {"x": 171.0, "y": 104.0}]}, "description": "3.40"}, {"boundingPoly": {"vertices": [{"x": 118.0, "y": 116.0}, {"x": 131.0, "y": 116.0}, {"x": 131.0, "y": 125.0}, {"x": 118.0, "y": 125.0}]}, "description": " Sub"}, {"boundingPoly": {"vertices": [{"x": 119.0, "y": 126.0}, {"x": 131.0, "y": 126.0}, {"x": 131.0, "y": 135.0}, {"x": 119.0, "y": 135.0}]}, "description": " Tax"}, {"boundingPoly": {"vertices": [{"x": 133.0, "y": 116.0}, {"x": 153.0, "y": 116.0}, {"x": 153.0, "y": 125.0}, {"x": 133.0, "y": 125.0}]}, "description": " Total"}, {"boundingPoly": {"vertices": [{"x": 133.0, "y": 125.0}, {"x": 158.0, "y": 125.0}, {"x": 158.0, "y": 135.0}, {"x": 133.0, "y": 135.0}]}, "description": " Amount"}, {"boundingPoly": {"vertices": [{"x": 171.0, "y": 115.0}, {"x": 189.0, "y": 115.0}, {"x": 188.0, "y": 124.0}, {"x": 171.0, "y": 123.0}]}, "description": "3.40"}, {"boundingPoly": {"vertices": [{"x": 171.0, "y": 123.0}, {"x": 189.0, "y": 122.0}, {"x": 189.0, "y": 131.0}, {"x": 171.0, "y": 132.0}]}, "description": "0.30"}, {"boundingPoly": {"vertices": [{"x": 24.0, "y": 152.0}, {"x": 68.0, "y": 152.0}, {"x": 68.0, "y": 169.0}, {"x": 24.0, "y": 169.0}]}, "description": " Total"}, {"boundingPoly": {"vertices": [{"x": 71.0, "y": 152.0}, {"x": 96.0, "y": 152.0}, {"x": 96.0, "y": 169.0}, {"x": 71.0, "y": 169.0}]}, "description": " USD"}, {"boundingPoly": {"vertices": [{"x": 154.0, "y": 151.0}, {"x": 189.0, "y": 151.0}, {"x": 189.0, "y": 167.0}, {"x": 154.0, "y": 167.0}]}, "description": "3.70"}, {"boundingPoly": {"vertices": [{"x": 25.0, "y": 196.0}, {"x": 43.0, "y": 196.0}, {"x": 43.0, "y": 206.0}, {"x": 25.0, "y": 206.0}]}, "description": " 5009"}, {"boundingPoly": {"vertices": [{"x": 45.0, "y": 196.0}, {"x": 109.0, "y": 196.0}, {"x": 109.0, "y": 206.0}, {"x": 45.0, "y": 206.0}]}, "description": " AMERICAN EXPRESS"}, {"boundingPoly": {"vertices": [{"x": 172.0, "y": 196.0}, {"x": 190.0, "y": 196.0}, {"x": 190.0, "y": 206.0}, {"x": 172.0, "y": 206.0}]}, "description": "3.70"}, {"boundingPoly": {"vertices": [{"x": 25.0, "y": 226.0}, {"x": 39.0, "y": 226.0}, {"x": 39.0, "y": 234.0}, {"x": 25.0, "y": 234.0}]}, "description": "Tax"}, {"boundingPoly": {"vertices": [{"x": 24.0, "y": 234.0}, {"x": 58.0, "y": 233.0}, {"x": 58.0, "y": 244.0}, {"x": 24.0, "y": 245.0}]}, "description": "() 8.675"}, {"boundingPoly": {"vertices": [{"x": 87.0, "y": 224.0}, {"x": 191.0, "y": 225.0}, {"x": 191.0, "y": 236.0}, {"x": 87.0, "y": 234.0}]}, "description": "Taxable Amount Tax Amount"}, {"boundingPoly": {"vertices": [{"x": 125.0, "y": 234.0}, {"x": 143.0, "y": 235.0}, {"x": 143.0, "y": 244.0}, {"x": 125.0, "y": 243.0}]}, "description": "3.40"}, {"boundingPoly": {"vertices": [{"x": 173.0, "y": 236.0}, {"x": 191.0, "y": 236.0}, {"x": 191.0, "y": 245.0}, {"x": 173.0, "y": 245.0}]}, "description": "0.30"}, {"boundingPoly": {"vertices": [{"x": 24.0, "y": 263.0}, {"x": 107.0, "y": 263.0}, {"x": 107.0, "y": 275.0}, {"x": 24.0, "y": 275.0}]}, "description": " 12/12/2019 02:02 PM #:"}, {"boundingPoly": {"vertices": [{"x": 24.0, "y": 273.0}, {"x": 46.0, "y": 273.0}, {"x": 46.0, "y": 285.0}, {"x": 24.0, "y": 285.0}]}, "description": " 108 S:"}, {"boundingPoly": {"vertices": [{"x": 23.0, "y": 283.0}, {"x": 66.0, "y": 283.0}, {"x": 66.0, "y": 294.0}, {"x": 23.0, "y": 294.0}]}, "description": " Served you"}, {"boundingPoly": {"vertices": [{"x": 109.0, "y": 264.0}, {"x": 192.0, "y": 264.0}, {"x": 192.0, "y": 278.0}, {"x": 109.0, "y": 278.0}]}, "description": " 19303 Op:4031 C:111"}, {"boundingPoly": {"vertices": [{"x": 67.0, "y": 283.0}, {"x": 128.0, "y": 283.0}, {"x": 128.0, "y": 295.0}, {"x": 67.0, "y": 295.0}]}, "description": " : Sandeep Katta"}, {"boundingPoly": {"vertices": [{"x": 48.0, "y": 272.0}, {"x": 68.0, "y": 272.0}, {"x": 68.0, "y": 284.0}, {"x": 48.0, "y": 284.0}]}, "description": " 1111"}]}