{"textAnnotations": [{"boundingPoly": {"vertices": [{"x": 117.0, "y": 140.0}, {"x": 389.0, "y": 140.0}, {"x": 389.0, "y": 167.0}, {"x": 117.0, "y": 167.0}]}, "description": "merchant name"}, {"boundingPoly": {"vertices": [{"x": 128.0, "y": 172.0}, {"x": 246.0, "y": 172.0}, {"x": 246.0, "y": 199.0}, {"x": 128.0, "y": 199.0}]}, "description": "merchant address"}, {"boundingPoly": {"vertices": [{"x": 100.0, "y": 204.0}, {"x": 196.0, "y": 204.0}, {"x": 196.0, "y": 230.0}, {"x": 100.0, "y": 230.0}]}, "description": " 20211061"}, {"boundingPoly": {"vertices": [{"x": 36.0, "y": 236.0}, {"x": 241.0, "y": 236.0}, {"x": 241.0, "y": 260.0}, {"x": 36.0, "y": 260.0}]}, "description": " NOV 20, 2019 21:40"}, {"boundingPoly": {"vertices": [{"x": 37.0, "y": 265.0}, {"x": 162.0, "y": 265.0}, {"x": 162.0, "y": 291.0}, {"x": 37.0, "y": 291.0}]}, "description": " ROC#:000856"}, {"boundingPoly": {"vertices": [{"x": 38.0, "y": 298.0}, {"x": 288.0, "y": 297.0}, {"x": 288.0, "y": 322.0}, {"x": 38.0, "y": 323.0}]}, "description": "************ 1002 - (C)"}, {"boundingPoly": {"vertices": [{"x": 38.0, "y": 325.0}, {"x": 221.0, "y": 325.0}, {"x": 221.0, "y": 351.0}, {"x": 38.0, "y": 352.0}]}, "description": "AMERICAN EXPRESS"}, {"boundingPoly": {"vertices": [{"x": 40.0, "y": 356.0}, {"x": 223.0, "y": 356.0}, {"x": 222.0, "y": 380.0}, {"x": 40.0, "y": 380.0}]}, "description": "A000000025010801"}, {"boundingPoly": {"vertices": [{"x": 251.0, "y": 173.0}, {"x": 377.0, "y": 173.0}, {"x": 377.0, "y": 199.0}, {"x": 251.0, "y": 199.0}]}, "description": "merchant phone"}, {"boundingPoly": {"vertices": [{"x": 353.0, "y": 201.0}, {"x": 483.0, "y": 201.0}, {"x": 483.0, "y": 230.0}, {"x": 353.0, "y": 230.0}]}, "description": " 9360176060"}, {"boundingPoly": {"vertices": [{"x": 401.0, "y": 235.0}, {"x": 482.0, "y": 235.0}, {"x": 482.0, "y": 262.0}, {"x": 401.0, "y": 262.0}]}, "description": " 856181"}, {"boundingPoly": {"vertices": [{"x": 403.0, "y": 267.0}, {"x": 482.0, "y": 267.0}, {"x": 482.0, "y": 292.0}, {"x": 403.0, "y": 292.0}]}, "description": " 000283"}, {"boundingPoly": {"vertices": [{"x": 35.0, "y": 204.0}, {"x": 96.0, "y": 204.0}, {"x": 96.0, "y": 229.0}, {"x": 35.0, "y": 229.0}]}, "description": " TERM#:"}, {"boundingPoly": {"vertices": [{"x": 272.0, "y": 204.0}, {"x": 348.0, "y": 204.0}, {"x": 348.0, "y": 232.0}, {"x": 272.0, "y": 232.0}]}, "description": " MERCH#:"}, {"boundingPoly": {"vertices": [{"x": 295.0, "y": 236.0}, {"x": 396.0, "y": 236.0}, {"x": 396.0, "y": 263.0}, {"x": 295.0, "y": 263.0}]}, "description": " APPROVAL:"}, {"boundingPoly": {"vertices": [{"x": 320.0, "y": 268.0}, {"x": 399.0, "y": 268.0}, {"x": 399.0, "y": 292.0}, {"x": 320.0, "y": 292.0}]}, "description": " BATCH#:"}, {"boundingPoly": {"vertices": [{"x": 234.0, "y": 420.0}, {"x": 284.0, "y": 422.0}, {"x": 283.0, "y": 445.0}, {"x": 234.0, "y": 443.0}]}, "description": "SALE"}, {"boundingPoly": {"vertices": [{"x": 55.0, "y": 473.0}, {"x": 262.0, "y": 481.0}, {"x": 261.0, "y": 505.0}, {"x": 54.0, "y": 497.0}]}, "description": ">FOOD AND BEVERAGE"}, {"boundingPoly": {"vertices": [{"x": 281.0, "y": 482.0}, {"x": 364.0, "y": 486.0}, {"x": 363.0, "y": 513.0}, {"x": 280.0, "y": 509.0}]}, "description": "000283"}, {"boundingPoly": {"vertices": [{"x": 44.0, "y": 534.0}, {"x": 161.0, "y": 534.0}, {"x": 161.0, "y": 563.0}, {"x": 44.0, "y": 563.0}]}, "description": " BASE AMOUNT"}, {"boundingPoly": {"vertices": [{"x": 163.0, "y": 539.0}, {"x": 176.0, "y": 539.0}, {"x": 176.0, "y": 564.0}, {"x": 163.0, "y": 564.0}]}, "description": " :"}, {"boundingPoly": {"vertices": [{"x": 374.0, "y": 552.0}, {"x": 491.0, "y": 564.0}, {"x": 488.0, "y": 591.0}, {"x": 372.0, "y": 578.0}]}, "description": "USD 24.23"}, {"boundingPoly": {"vertices": [{"x": 45.0, "y": 592.0}, {"x": 153.0, "y": 592.0}, {"x": 153.0, "y": 622.0}, {"x": 45.0, "y": 622.0}]}, "description": " TIP AMOUNT"}, {"boundingPoly": {"vertices": [{"x": 155.0, "y": 599.0}, {"x": 168.0, "y": 599.0}, {"x": 168.0, "y": 623.0}, {"x": 155.0, "y": 623.0}]}, "description": " :"}, {"boundingPoly": {"vertices": [{"x": 49.0, "y": 653.0}, {"x": 95.0, "y": 653.0}, {"x": 95.0, "y": 678.0}, {"x": 49.0, "y": 678.0}]}, "description": " TOTAL"}, {"boundingPoly": {"vertices": [{"x": 100.0, "y": 654.0}, {"x": 110.0, "y": 654.0}, {"x": 110.0, "y": 678.0}, {"x": 100.0, "y": 678.0}]}, "description": " :"}, {"boundingPoly": {"vertices": [{"x": 50.0, "y": 712.0}, {"x": 286.0, "y": 727.0}, {"x": 284.0, "y": 757.0}, {"x": 49.0, "y": 741.0}]}, "description": "TC - DBA677B84791091F"}, {"boundingPoly": {"vertices": [{"x": 187.0, "y": 782.0}, {"x": 340.0, "y": 798.0}, {"x": 338.0, "y": 822.0}, {"x": 184.0, "y": 805.0}]}, "description": "CUSTOMER COPY"}]}