{"textAnnotations": [{"boundingPoly": {"vertices": [{"x": 509.0, "y": 237.0}, {"x": 683.0, "y": 239.0}, {"x": 683.0, "y": 268.0}, {"x": 509.0, "y": 265.0}]}, "description": "merchant name"}, {"boundingPoly": {"vertices": [{"x": 550.0, "y": 267.0}, {"x": 555.0, "y": 267.0}, {"x": 555.0, "y": 292.0}, {"x": 550.0, "y": 292.0}]}, "description": " ."}, {"boundingPoly": {"vertices": [{"x": 533.0, "y": 309.0}, {"x": 660.0, "y": 311.0}, {"x": 660.0, "y": 330.0}, {"x": 533.0, "y": 329.0}]}, "description": "MAKE EVERY"}, {"boundingPoly": {"vertices": [{"x": 559.0, "y": 267.0}, {"x": 681.0, "y": 267.0}, {"x": 681.0, "y": 292.0}, {"x": 559.0, "y": 292.0}]}, "description": " MAN ......"}, {"boundingPoly": {"vertices": [{"x": 538.0, "y": 322.0}, {"x": 653.0, "y": 325.0}, {"x": 653.0, "y": 345.0}, {"x": 537.0, "y": 342.0}]}, "description": "CUP COUNT"}, {"boundingPoly": {"vertices": [{"x": 339.0, "y": 466.0}, {"x": 595.0, "y": 470.0}, {"x": 594.0, "y": 506.0}, {"x": 339.0, "y": 502.0}]}, "description": "All Be Happy! N."}, {"boundingPoly": {"vertices": [{"x": 340.0, "y": 518.0}, {"x": 565.0, "y": 520.0}, {"x": 565.0, "y": 551.0}, {"x": 340.0, "y": 548.0}]}, "description": "merchant address"}, {"boundingPoly": {"vertices": [{"x": 342.0, "y": 557.0}, {"x": 463.0, "y": 558.0}, {"x": 463.0, "y": 584.0}, {"x": 342.0, "y": 583.0}]}, "description": "merchant address"}, {"boundingPoly": {"vertices": [{"x": 342.0, "y": 589.0}, {"x": 512.0, "y": 589.0}, {"x": 511.0, "y": 617.0}, {"x": 342.0, "y": 616.0}]}, "description": "merchant address"}, {"boundingPoly": {"vertices": [{"x": 345.0, "y": 628.0}, {"x": 783.0, "y": 628.0}, {"x": 783.0, "y": 657.0}, {"x": 345.0, "y": 657.0}]}, "description": " https://www.laughingmancafe.com/"}, {"boundingPoly": {"vertices": [{"x": 626.0, "y": 522.0}, {"x": 849.0, "y": 522.0}, {"x": 849.0, "y": 549.0}, {"x": 626.0, "y": 549.0}]}, "description": "November 3, 2019"}, {"boundingPoly": {"vertices": [{"x": 739.0, "y": 559.0}, {"x": 844.0, "y": 559.0}, {"x": 844.0, "y": 585.0}, {"x": 739.0, "y": 585.0}]}, "description": " 12:13 PM"}, {"boundingPoly": {"vertices": [{"x": 525.0, "y": 699.0}, {"x": 674.0, "y": 698.0}, {"x": 674.0, "y": 724.0}, {"x": 525.0, "y": 725.0}]}, "description": "PURCHASE"}, {"boundingPoly": {"vertices": [{"x": 348.0, "y": 767.0}, {"x": 451.0, "y": 767.0}, {"x": 451.0, "y": 793.0}, {"x": 348.0, "y": 793.0}]}, "description": " Receipt:"}, {"boundingPoly": {"vertices": [{"x": 349.0, "y": 803.0}, {"x": 522.0, "y": 803.0}, {"x": 522.0, "y": 829.0}, {"x": 349.0, "y": 829.0}]}, "description": " Authorization:"}, {"boundingPoly": {"vertices": [{"x": 455.0, "y": 765.0}, {"x": 527.0, "y": 765.0}, {"x": 527.0, "y": 793.0}, {"x": 455.0, "y": 793.0}]}, "description": " BK9T"}, {"boundingPoly": {"vertices": [{"x": 526.0, "y": 802.0}, {"x": 619.0, "y": 802.0}, {"x": 619.0, "y": 828.0}, {"x": 526.0, "y": 828.0}]}, "description": " 829466"}, {"boundingPoly": {"vertices": [{"x": 350.0, "y": 873.0}, {"x": 612.0, "y": 872.0}, {"x": 612.0, "y": 896.0}, {"x": 350.0, "y": 898.0}]}, "description": "AMERICAN EXPRESS"}, {"boundingPoly": {"vertices": [{"x": 350.0, "y": 908.0}, {"x": 687.0, "y": 905.0}, {"x": 687.0, "y": 932.0}, {"x": 350.0, "y": 935.0}]}, "description": "AID A0 00 00 00 25 01 08 01"}, {"boundingPoly": {"vertices": [{"x": 547.0, "y": 971.0}, {"x": 656.0, "y": 970.0}, {"x": 656.0, "y": 992.0}, {"x": 547.0, "y": 993.0}]}, "description": "FOR HERE"}, {"boundingPoly": {"vertices": [{"x": 352.0, "y": 1037.0}, {"x": 500.0, "y": 1036.0}, {"x": 500.0, "y": 1060.0}, {"x": 352.0, "y": 1062.0}]}, "description": "Cappuccino"}, {"boundingPoly": {"vertices": [{"x": 352.0, "y": 1066.0}, {"x": 452.0, "y": 1066.0}, {"x": 452.0, "y": 1090.0}, {"x": 352.0, "y": 1090.0}]}, "description": "Medium"}, {"boundingPoly": {"vertices": [{"x": 349.0, "y": 1108.0}, {"x": 539.0, "y": 1107.0}, {"x": 539.0, "y": 1134.0}, {"x": 349.0, "y": 1136.0}]}, "description": "Plain Croissant"}, {"boundingPoly": {"vertices": [{"x": 779.0, "y": 1028.0}, {"x": 850.0, "y": 1027.0}, {"x": 850.0, "y": 1052.0}, {"x": 779.0, "y": 1053.0}]}, "description": "$4.30"}, {"boundingPoly": {"vertices": [{"x": 781.0, "y": 1106.0}, {"x": 852.0, "y": 1106.0}, {"x": 852.0, "y": 1131.0}, {"x": 781.0, "y": 1132.0}]}, "description": "$2.90"}, {"boundingPoly": {"vertices": [{"x": 346.0, "y": 1188.0}, {"x": 453.0, "y": 1188.0}, {"x": 453.0, "y": 1214.0}, {"x": 346.0, "y": 1214.0}]}, "description": "Subtotal"}, {"boundingPoly": {"vertices": [{"x": 347.0, "y": 1220.0}, {"x": 627.0, "y": 1216.0}, {"x": 628.0, "y": 1247.0}, {"x": 347.0, "y": 1250.0}]}, "description": "New York Sales Tax (1)"}, {"boundingPoly": {"vertices": [{"x": 785.0, "y": 1182.0}, {"x": 857.0, "y": 1183.0}, {"x": 857.0, "y": 1210.0}, {"x": 785.0, "y": 1210.0}]}, "description": "$7.20"}, {"boundingPoly": {"vertices": [{"x": 783.0, "y": 1216.0}, {"x": 857.0, "y": 1215.0}, {"x": 856.0, "y": 1242.0}, {"x": 783.0, "y": 1242.0}]}, "description": "$0.38"}, {"boundingPoly": {"vertices": [{"x": 346.0, "y": 1298.0}, {"x": 415.0, "y": 1298.0}, {"x": 415.0, "y": 1325.0}, {"x": 346.0, "y": 1324.0}]}, "description": "Total"}, {"boundingPoly": {"vertices": [{"x": 345.0, "y": 1331.0}, {"x": 720.0, "y": 1326.0}, {"x": 721.0, "y": 1359.0}, {"x": 345.0, "y": 1361.0}]}, "description": "American Express 1000 (Chip)"}, {"boundingPoly": {"vertices": [{"x": 776.0, "y": 1288.0}, {"x": 861.0, "y": 1289.0}, {"x": 860.0, "y": 1322.0}, {"x": 777.0, "y": 1322.0}]}, "description": "$7.58"}, {"boundingPoly": {"vertices": [{"x": 789.0, "y": 1329.0}, {"x": 866.0, "y": 1330.0}, {"x": 867.0, "y": 1358.0}, {"x": 788.0, "y": 1357.0}]}, "description": "$7.58"}]}