{"textAnnotations": [{"boundingPoly": {"vertices": [{"x": 357.0, "y": 203.0}, {"x": 511.0, "y": 203.0}, {"x": 510.0, "y": 229.0}, {"x": 357.0, "y": 228.0}]}, "description": "merchant name"}, {"boundingPoly": {"vertices": [{"x": 223.0, "y": 234.0}, {"x": 629.0, "y": 231.0}, {"x": 629.0, "y": 262.0}, {"x": 223.0, "y": 264.0}]}, "description": "merchant address"}, {"boundingPoly": {"vertices": [{"x": 522.0, "y": 273.0}, {"x": 559.0, "y": 272.0}, {"x": 560.0, "y": 297.0}, {"x": 523.0, "y": 298.0}]}, "description": "merchant address"}, {"boundingPoly": {"vertices": [{"x": 306.0, "y": 273.0}, {"x": 392.0, "y": 274.0}, {"x": 391.0, "y": 299.0}, {"x": 306.0, "y": 297.0}]}, "description": "merchant address"}, {"boundingPoly": {"vertices": [{"x": 220.0, "y": 346.0}, {"x": 292.0, "y": 347.0}, {"x": 292.0, "y": 371.0}, {"x": 220.0, "y": 370.0}]}, "description": "CARD"}, {"boundingPoly": {"vertices": [{"x": 220.0, "y": 381.0}, {"x": 376.0, "y": 385.0}, {"x": 376.0, "y": 410.0}, {"x": 220.0, "y": 407.0}]}, "description": "CARD TYPE"}, {"boundingPoly": {"vertices": [{"x": 220.0, "y": 418.0}, {"x": 425.0, "y": 422.0}, {"x": 424.0, "y": 448.0}, {"x": 220.0, "y": 443.0}]}, "description": "ACCOUNT TYPE"}, {"boundingPoly": {"vertices": [{"x": 219.0, "y": 455.0}, {"x": 290.0, "y": 456.0}, {"x": 290.0, "y": 481.0}, {"x": 218.0, "y": 480.0}]}, "description": "DATE"}, {"boundingPoly": {"vertices": [{"x": 218.0, "y": 492.0}, {"x": 289.0, "y": 493.0}, {"x": 288.0, "y": 518.0}, {"x": 218.0, "y": 516.0}]}, "description": "TIME"}, {"boundingPoly": {"vertices": [{"x": 217.0, "y": 529.0}, {"x": 461.0, "y": 530.0}, {"x": 460.0, "y": 557.0}, {"x": 216.0, "y": 555.0}]}, "description": "RECEIPT NUMBER"}, {"boundingPoly": {"vertices": [{"x": 235.0, "y": 566.0}, {"x": 627.0, "y": 566.0}, {"x": 627.0, "y": 592.0}, {"x": 235.0, "y": 592.0}]}, "description": "C84060215-001-001-249-0"}, {"boundingPoly": {"vertices": [{"x": 516.0, "y": 346.0}, {"x": 626.0, "y": 346.0}, {"x": 626.0, "y": 370.0}, {"x": 516.0, "y": 369.0}]}, "description": "** 3946"}, {"boundingPoly": {"vertices": [{"x": 511.0, "y": 385.0}, {"x": 628.0, "y": 381.0}, {"x": 629.0, "y": 406.0}, {"x": 512.0, "y": 410.0}]}, "description": "INTERAC"}, {"boundingPoly": {"vertices": [{"x": 507.0, "y": 422.0}, {"x": 628.0, "y": 418.0}, {"x": 629.0, "y": 443.0}, {"x": 507.0, "y": 447.0}]}, "description": "SAVINGS"}, {"boundingPoly": {"vertices": [{"x": 458.0, "y": 459.0}, {"x": 626.0, "y": 456.0}, {"x": 627.0, "y": 481.0}, {"x": 459.0, "y": 485.0}]}, "description": "20 19 / 08 / 16"}, {"boundingPoly": {"vertices": [{"x": 407.0, "y": 492.0}, {"x": 629.0, "y": 492.0}, {"x": 629.0, "y": 520.0}, {"x": 407.0, "y": 520.0}]}, "description": " 5648 12:48:04"}, {"boundingPoly": {"vertices": [{"x": 215.0, "y": 640.0}, {"x": 357.0, "y": 639.0}, {"x": 357.0, "y": 666.0}, {"x": 216.0, "y": 667.0}]}, "description": "PURCHASE"}, {"boundingPoly": {"vertices": [{"x": 217.0, "y": 678.0}, {"x": 303.0, "y": 678.0}, {"x": 303.0, "y": 704.0}, {"x": 217.0, "y": 704.0}]}, "description": "TOTAL"}, {"boundingPoly": {"vertices": [{"x": 423.0, "y": 719.0}, {"x": 630.0, "y": 719.0}, {"x": 630.0, "y": 772.0}, {"x": 423.0, "y": 773.0}]}, "description": "$28.92"}, {"boundingPoly": {"vertices": [{"x": 218.0, "y": 861.0}, {"x": 338.0, "y": 860.0}, {"x": 338.0, "y": 886.0}, {"x": 219.0, "y": 889.0}]}, "description": "INTERAC"}, {"boundingPoly": {"vertices": [{"x": 210.0, "y": 900.0}, {"x": 458.0, "y": 897.0}, {"x": 459.0, "y": 923.0}, {"x": 211.0, "y": 926.0}]}, "description": "A0 0 0 0 00277 1010"}, {"boundingPoly": {"vertices": [{"x": 213.0, "y": 937.0}, {"x": 492.0, "y": 934.0}, {"x": 492.0, "y": 961.0}, {"x": 213.0, "y": 965.0}]}, "description": "6331B1755DC2234F"}, {"boundingPoly": {"vertices": [{"x": 213.0, "y": 977.0}, {"x": 476.0, "y": 973.0}, {"x": 477.0, "y": 998.0}, {"x": 213.0, "y": 1003.0}]}, "description": "8080008000-6800"}, {"boundingPoly": {"vertices": [{"x": 209.0, "y": 1015.0}, {"x": 491.0, "y": 1010.0}, {"x": 491.0, "y": 1038.0}, {"x": 210.0, "y": 1044.0}]}, "description": "C3DAF 574CA7AA907"}, {"boundingPoly": {"vertices": [{"x": 216.0, "y": 1131.0}, {"x": 492.0, "y": 1129.0}, {"x": 492.0, "y": 1171.0}, {"x": 216.0, "y": 1172.0}]}, "description": "ADDROVED"}]}