{"textAnnotations": [{"boundingPoly": {"vertices": [{"x": 165.0, "y": 184.0}, {"x": 334.0, "y": 183.0}, {"x": 334.0, "y": 199.0}, {"x": 165.0, "y": 200.0}]}, "description": "merchant name"}, {"boundingPoly": {"vertices": [{"x": 140.0, "y": 211.0}, {"x": 360.0, "y": 208.0}, {"x": 360.0, "y": 226.0}, {"x": 140.0, "y": 229.0}]}, "description": "merchant address"}, {"boundingPoly": {"vertices": [{"x": 223.0, "y": 239.0}, {"x": 326.0, "y": 239.0}, {"x": 326.0, "y": 256.0}, {"x": 223.0, "y": 256.0}]}, "description": "merchant phone"}, {"boundingPoly": {"vertices": [{"x": 179.0, "y": 255.0}, {"x": 238.0, "y": 255.0}, {"x": 238.0, "y": 272.0}, {"x": 179.0, "y": 272.0}]}, "description": " VAT No:"}, {"boundingPoly": {"vertices": [{"x": 216.0, "y": 314.0}, {"x": 295.0, "y": 314.0}, {"x": 295.0, "y": 330.0}, {"x": 216.0, "y": 331.0}]}, "description": "CHK 132321"}, {"boundingPoly": {"vertices": [{"x": 185.0, "y": 329.0}, {"x": 328.0, "y": 329.0}, {"x": 328.0, "y": 348.0}, {"x": 185.0, "y": 348.0}]}, "description": " 24 Oct'19 22:50 PM"}, {"boundingPoly": {"vertices": [{"x": 190.0, "y": 362.0}, {"x": 320.0, "y": 360.0}, {"x": 321.0, "y": 378.0}, {"x": 190.0, "y": 380.0}]}, "description": "TAKEAWAY"}, {"boundingPoly": {"vertices": [{"x": 114.0, "y": 387.0}, {"x": 261.0, "y": 396.0}, {"x": 261.0, "y": 410.0}, {"x": 113.0, "y": 401.0}]}, "description": "Debit/Credit Card"}, {"boundingPoly": {"vertices": [{"x": 110.0, "y": 412.0}, {"x": 149.0, "y": 414.0}, {"x": 148.0, "y": 429.0}, {"x": 109.0, "y": 427.0}]}, "description": "Food"}, {"boundingPoly": {"vertices": [{"x": 107.0, "y": 427.0}, {"x": 174.0, "y": 430.0}, {"x": 173.0, "y": 446.0}, {"x": 106.0, "y": 443.0}]}, "description": "Payment"}, {"boundingPoly": {"vertices": [{"x": 130.0, "y": 458.0}, {"x": 270.0, "y": 463.0}, {"x": 270.0, "y": 480.0}, {"x": 129.0, "y": 475.0}]}, "description": "0.41 UK 20% VAT"}, {"boundingPoly": {"vertices": [{"x": 202.0, "y": 198.0}, {"x": 308.0, "y": 197.0}, {"x": 308.0, "y": 213.0}, {"x": 202.0, "y": 213.0}]}, "description": "merchant address"}, {"boundingPoly": {"vertices": [{"x": 193.0, "y": 227.0}, {"x": 310.0, "y": 225.0}, {"x": 310.0, "y": 240.0}, {"x": 193.0, "y": 242.0}]}, "description": "merchant address"}, {"boundingPoly": {"vertices": [{"x": 187.0, "y": 241.0}, {"x": 220.0, "y": 241.0}, {"x": 220.0, "y": 257.0}, {"x": 187.0, "y": 257.0}]}, "description": " Tel:"}, {"boundingPoly": {"vertices": [{"x": 241.0, "y": 255.0}, {"x": 326.0, "y": 255.0}, {"x": 326.0, "y": 272.0}, {"x": 241.0, "y": 272.0}]}, "description": " 184 1867 79"}, {"boundingPoly": {"vertices": [{"x": 100.0, "y": 374.0}, {"x": 310.0, "y": 378.0}, {"x": 309.0, "y": 396.0}, {"x": 100.0, "y": 392.0}]}, "description": "1 Double Chocolate Muffin"}, {"boundingPoly": {"vertices": [{"x": 381.0, "y": 375.0}, {"x": 417.0, "y": 373.0}, {"x": 417.0, "y": 390.0}, {"x": 382.0, "y": 392.0}]}, "description": "2.45"}, {"boundingPoly": {"vertices": [{"x": 382.0, "y": 392.0}, {"x": 419.0, "y": 388.0}, {"x": 420.0, "y": 405.0}, {"x": 383.0, "y": 409.0}]}, "description": "2.45"}, {"boundingPoly": {"vertices": [{"x": 385.0, "y": 424.0}, {"x": 421.0, "y": 423.0}, {"x": 422.0, "y": 441.0}, {"x": 385.0, "y": 442.0}]}, "description": "2.45"}, {"boundingPoly": {"vertices": [{"x": 385.0, "y": 441.0}, {"x": 425.0, "y": 441.0}, {"x": 425.0, "y": 456.0}, {"x": 386.0, "y": 456.0}]}, "description": "2.45"}, {"boundingPoly": {"vertices": [{"x": 359.0, "y": 454.0}, {"x": 427.0, "y": 455.0}, {"x": 427.0, "y": 472.0}, {"x": 359.0, "y": 472.0}]}, "description": "0.00"}, {"boundingPoly": {"vertices": [{"x": 390.0, "y": 473.0}, {"x": 430.0, "y": 472.0}, {"x": 430.0, "y": 488.0}, {"x": 390.0, "y": 490.0}]}, "description": "2.45"}, {"boundingPoly": {"vertices": [{"x": 393.0, "y": 490.0}, {"x": 431.0, "y": 488.0}, {"x": 431.0, "y": 506.0}, {"x": 393.0, "y": 507.0}]}, "description": "2.04"}, {"boundingPoly": {"vertices": [{"x": 76.0, "y": 440.0}, {"x": 197.0, "y": 446.0}, {"x": 196.0, "y": 463.0}, {"x": 75.0, "y": 457.0}]}, "description": "Change"}, {"boundingPoly": {"vertices": [{"x": 97.0, "y": 474.0}, {"x": 197.0, "y": 474.0}, {"x": 197.0, "y": 497.0}, {"x": 97.0, "y": 497.0}]}, "description": " Net Total:"}, {"boundingPoly": {"vertices": [{"x": 180.0, "y": 513.0}, {"x": 321.0, "y": 516.0}, {"x": 320.0, "y": 536.0}, {"x": 180.0, "y": 531.0}]}, "description": "- Check Closed"}, {"boundingPoly": {"vertices": [{"x": 205.0, "y": 446.0}, {"x": 263.0, "y": 449.0}, {"x": 262.0, "y": 465.0}, {"x": 204.0, "y": 461.0}]}, "description": "Due"}, {"boundingPoly": {"vertices": [{"x": 171.0, "y": 531.0}, {"x": 347.0, "y": 531.0}, {"x": 347.0, "y": 557.0}, {"x": 171.0, "y": 557.0}]}, "description": " 24 Oct'19 22:50 PM"}, {"boundingPoly": {"vertices": [{"x": 209.0, "y": 613.0}, {"x": 315.0, "y": 615.0}, {"x": 314.0, "y": 643.0}, {"x": 209.0, "y": 640.0}]}, "description": "Thank you!"}]}