{"textAnnotations": [{"boundingPoly": {"vertices": [{"x": 41.0, "y": 160.0}, {"x": 107.0, "y": 161.0}, {"x": 106.0, "y": 184.0}, {"x": 41.0, "y": 183.0}]}, "description": "merchant name"}, {"boundingPoly": {"vertices": [{"x": 43.0, "y": 192.0}, {"x": 136.0, "y": 192.0}, {"x": 136.0, "y": 218.0}, {"x": 43.0, "y": 218.0}]}, "description": " GST NO:"}, {"boundingPoly": {"vertices": [{"x": 141.0, "y": 192.0}, {"x": 333.0, "y": 192.0}, {"x": 333.0, "y": 220.0}, {"x": 141.0, "y": 220.0}]}, "description": " 06AABCD5534A1Z9"}, {"boundingPoly": {"vertices": [{"x": 156.0, "y": 225.0}, {"x": 267.0, "y": 224.0}, {"x": 267.0, "y": 250.0}, {"x": 156.0, "y": 250.0}]}, "description": "KOT - 211"}, {"boundingPoly": {"vertices": [{"x": 47.0, "y": 319.0}, {"x": 142.0, "y": 319.0}, {"x": 142.0, "y": 345.0}, {"x": 47.0, "y": 345.0}]}, "description": " Invoice"}, {"boundingPoly": {"vertices": [{"x": 44.0, "y": 351.0}, {"x": 112.0, "y": 351.0}, {"x": 112.0, "y": 377.0}, {"x": 44.0, "y": 377.0}]}, "description": " Name:"}, {"boundingPoly": {"vertices": [{"x": 44.0, "y": 382.0}, {"x": 189.0, "y": 382.0}, {"x": 189.0, "y": 409.0}, {"x": 44.0, "y": 409.0}]}, "description": " Order Time:"}, {"boundingPoly": {"vertices": [{"x": 46.0, "y": 414.0}, {"x": 199.0, "y": 414.0}, {"x": 199.0, "y": 441.0}, {"x": 46.0, "y": 441.0}]}, "description": " OrderStatus:"}, {"boundingPoly": {"vertices": [{"x": 44.0, "y": 451.0}, {"x": 255.0, "y": 452.0}, {"x": 255.0, "y": 478.0}, {"x": 44.0, "y": 477.0}]}, "description": "Americano Regular"}, {"boundingPoly": {"vertices": [{"x": 154.0, "y": 320.0}, {"x": 306.0, "y": 320.0}, {"x": 306.0, "y": 346.0}, {"x": 154.0, "y": 346.0}]}, "description": " #COSAAQ69594"}, {"boundingPoly": {"vertices": [{"x": 193.0, "y": 382.0}, {"x": 394.0, "y": 382.0}, {"x": 394.0, "y": 410.0}, {"x": 193.0, "y": 410.0}]}, "description": " 11:05 12-12-2019"}, {"boundingPoly": {"vertices": [{"x": 203.0, "y": 414.0}, {"x": 319.0, "y": 414.0}, {"x": 319.0, "y": 441.0}, {"x": 203.0, "y": 441.0}]}, "description": " delivered"}, {"boundingPoly": {"vertices": [{"x": 318.0, "y": 454.0}, {"x": 335.0, "y": 454.0}, {"x": 335.0, "y": 479.0}, {"x": 318.0, "y": 479.0}]}, "description": " 1"}, {"boundingPoly": {"vertices": [{"x": 340.0, "y": 454.0}, {"x": 432.0, "y": 454.0}, {"x": 432.0, "y": 480.0}, {"x": 340.0, "y": 480.0}]}, "description": " \u00d7 60. 00"}, {"boundingPoly": {"vertices": [{"x": 156.0, "y": 545.0}, {"x": 396.0, "y": 549.0}, {"x": 395.0, "y": 575.0}, {"x": 156.0, "y": 572.0}]}, "description": "CGST @ 2.50% = 1.50"}, {"boundingPoly": {"vertices": [{"x": 156.0, "y": 577.0}, {"x": 396.0, "y": 580.0}, {"x": 395.0, "y": 608.0}, {"x": 156.0, "y": 604.0}]}, "description": "SGST @ 2.50% = 1.50"}, {"boundingPoly": {"vertices": [{"x": 193.0, "y": 611.0}, {"x": 261.0, "y": 611.0}, {"x": 261.0, "y": 638.0}, {"x": 193.0, "y": 638.0}]}, "description": " Total"}, {"boundingPoly": {"vertices": [{"x": 266.0, "y": 612.0}, {"x": 346.0, "y": 612.0}, {"x": 346.0, "y": 640.0}, {"x": 266.0, "y": 640.0}]}, "description": " = 63.0"}, {"boundingPoly": {"vertices": [{"x": 46.0, "y": 677.0}, {"x": 115.0, "y": 678.0}, {"x": 115.0, "y": 694.0}, {"x": 46.0, "y": 692.0}]}, "description": "------"}, {"boundingPoly": {"vertices": [{"x": 119.0, "y": 675.0}, {"x": 363.0, "y": 675.0}, {"x": 363.0, "y": 704.0}, {"x": 119.0, "y": 704.0}]}, "description": " 11:06:53 12-12-2019-"}, {"boundingPoly": {"vertices": [{"x": 197.0, "y": 738.0}, {"x": 358.0, "y": 739.0}, {"x": 358.0, "y": 762.0}, {"x": 197.0, "y": 761.0}]}, "description": "-1.0.60 -----*"}]}