{"textAnnotations": [{"boundingPoly": {"vertices": [{"x": 166.0, "y": 459.0}, {"x": 417.0, "y": 459.0}, {"x": 417.0, "y": 501.0}, {"x": 166.0, "y": 501.0}]}, "description": "merchant name"}, {"boundingPoly": {"vertices": [{"x": 168.0, "y": 508.0}, {"x": 792.0, "y": 510.0}, {"x": 792.0, "y": 552.0}, {"x": 168.0, "y": 550.0}]}, "description": "merchant address"}, {"boundingPoly": {"vertices": [{"x": 287.0, "y": 558.0}, {"x": 696.0, "y": 561.0}, {"x": 695.0, "y": 602.0}, {"x": 287.0, "y": 598.0}]}, "description": "TVA N\u00ba FR91000050434"}, {"boundingPoly": {"vertices": [{"x": 165.0, "y": 608.0}, {"x": 391.0, "y": 608.0}, {"x": 391.0, "y": 650.0}, {"x": 165.0, "y": 649.0}]}, "description": "21 Santucci"}, {"boundingPoly": {"vertices": [{"x": 169.0, "y": 672.0}, {"x": 216.0, "y": 673.0}, {"x": 216.0, "y": 687.0}, {"x": 168.0, "y": 686.0}]}, "description": "---"}, {"boundingPoly": {"vertices": [{"x": 425.0, "y": 460.0}, {"x": 813.0, "y": 460.0}, {"x": 813.0, "y": 501.0}, {"x": 425.0, "y": 501.0}]}, "description": "merchant name"}, {"boundingPoly": {"vertices": [{"x": 757.0, "y": 676.0}, {"x": 812.0, "y": 676.0}, {"x": 812.0, "y": 687.0}, {"x": 757.0, "y": 688.0}]}, "description": "---"}, {"boundingPoly": {"vertices": [{"x": 167.0, "y": 705.0}, {"x": 334.0, "y": 705.0}, {"x": 334.0, "y": 751.0}, {"x": 167.0, "y": 750.0}]}, "description": "408/1"}, {"boundingPoly": {"vertices": [{"x": 492.0, "y": 710.0}, {"x": 657.0, "y": 710.0}, {"x": 657.0, "y": 753.0}, {"x": 492.0, "y": 753.0}]}, "description": "4290"}, {"boundingPoly": {"vertices": [{"x": 351.0, "y": 760.0}, {"x": 635.0, "y": 760.0}, {"x": 635.0, "y": 805.0}, {"x": 351.0, "y": 805.0}]}, "description": " 09NOV'19 12:03"}, {"boundingPoly": {"vertices": [{"x": 729.0, "y": 711.0}, {"x": 801.0, "y": 711.0}, {"x": 801.0, "y": 751.0}, {"x": 729.0, "y": 751.0}]}, "description": " COV"}, {"boundingPoly": {"vertices": [{"x": 809.0, "y": 711.0}, {"x": 830.0, "y": 711.0}, {"x": 830.0, "y": 751.0}, {"x": 809.0, "y": 751.0}]}, "description": " 1"}, {"boundingPoly": {"vertices": [{"x": 210.0, "y": 860.0}, {"x": 238.0, "y": 860.0}, {"x": 238.0, "y": 902.0}, {"x": 210.0, "y": 902.0}]}, "description": " 1"}, {"boundingPoly": {"vertices": [{"x": 211.0, "y": 911.0}, {"x": 240.0, "y": 911.0}, {"x": 240.0, "y": 951.0}, {"x": 211.0, "y": 951.0}]}, "description": " 1"}, {"boundingPoly": {"vertices": [{"x": 230.0, "y": 958.0}, {"x": 331.0, "y": 958.0}, {"x": 331.0, "y": 1001.0}, {"x": 230.0, "y": 1001.0}]}, "description": " 0.00"}, {"boundingPoly": {"vertices": [{"x": 230.0, "y": 1009.0}, {"x": 330.0, "y": 1009.0}, {"x": 330.0, "y": 1051.0}, {"x": 230.0, "y": 1051.0}]}, "description": " 0.68"}, {"boundingPoly": {"vertices": [{"x": 175.0, "y": 1058.0}, {"x": 783.0, "y": 1058.0}, {"x": 783.0, "y": 1102.0}, {"x": 175.0, "y": 1102.0}]}, "description": " 12:03 Total Du 7.50 Eur"}, {"boundingPoly": {"vertices": [{"x": 245.0, "y": 860.0}, {"x": 552.0, "y": 860.0}, {"x": 552.0, "y": 906.0}, {"x": 245.0, "y": 906.0}]}, "description": " Double Expresso"}, {"boundingPoly": {"vertices": [{"x": 247.0, "y": 911.0}, {"x": 437.0, "y": 911.0}, {"x": 437.0, "y": 952.0}, {"x": 247.0, "y": 952.0}]}, "description": " Verre eau"}, {"boundingPoly": {"vertices": [{"x": 667.0, "y": 863.0}, {"x": 753.0, "y": 862.0}, {"x": 753.0, "y": 901.0}, {"x": 667.0, "y": 903.0}]}, "description": "7.50"}, {"boundingPoly": {"vertices": [{"x": 670.0, "y": 912.0}, {"x": 752.0, "y": 911.0}, {"x": 751.0, "y": 950.0}, {"x": 671.0, "y": 951.0}]}, "description": "0.00"}, {"boundingPoly": {"vertices": [{"x": 707.0, "y": 960.0}, {"x": 793.0, "y": 961.0}, {"x": 792.0, "y": 998.0}, {"x": 708.0, "y": 1000.0}]}, "description": "0.00"}, {"boundingPoly": {"vertices": [{"x": 712.0, "y": 1008.0}, {"x": 791.0, "y": 1008.0}, {"x": 790.0, "y": 1047.0}, {"x": 711.0, "y": 1048.0}]}, "description": "7.50"}, {"boundingPoly": {"vertices": [{"x": 350.0, "y": 960.0}, {"x": 537.0, "y": 960.0}, {"x": 537.0, "y": 1002.0}, {"x": 350.0, "y": 1002.0}]}, "description": " TVA 20.0%"}, {"boundingPoly": {"vertices": [{"x": 352.0, "y": 1009.0}, {"x": 433.0, "y": 1009.0}, {"x": 433.0, "y": 1051.0}, {"x": 352.0, "y": 1051.0}]}, "description": " TVA"}, {"boundingPoly": {"vertices": [{"x": 454.0, "y": 1010.0}, {"x": 555.0, "y": 1010.0}, {"x": 555.0, "y": 1051.0}, {"x": 454.0, "y": 1051.0}]}, "description": " 10.0%"}, {"boundingPoly": {"vertices": [{"x": 171.0, "y": 1160.0}, {"x": 422.0, "y": 1157.0}, {"x": 423.0, "y": 1197.0}, {"x": 171.0, "y": 1200.0}]}, "description": "CHAMBRE/ROOM"}, {"boundingPoly": {"vertices": [{"x": 173.0, "y": 1258.0}, {"x": 339.0, "y": 1255.0}, {"x": 340.0, "y": 1297.0}, {"x": 173.0, "y": 1300.0}]}, "description": "NOM/NAME"}, {"boundingPoly": {"vertices": [{"x": 172.0, "y": 1306.0}, {"x": 813.0, "y": 1303.0}, {"x": 814.0, "y": 1345.0}, {"x": 172.0, "y": 1349.0}]}, "description": "Carte Cercle requise / requested"}, {"boundingPoly": {"vertices": [{"x": 170.0, "y": 1406.0}, {"x": 359.0, "y": 1403.0}, {"x": 359.0, "y": 1444.0}, {"x": 171.0, "y": 1448.0}]}, "description": "SIGNATURE"}, {"boundingPoly": {"vertices": [{"x": 215.0, "y": 1504.0}, {"x": 756.0, "y": 1501.0}, {"x": 756.0, "y": 1543.0}, {"x": 215.0, "y": 1548.0}]}, "description": "Join us at the Blue Gin bar"}, {"boundingPoly": {"vertices": [{"x": 193.0, "y": 1553.0}, {"x": 776.0, "y": 1552.0}, {"x": 776.0, "y": 1595.0}, {"x": 193.0, "y": 1596.0}]}, "description": "DJ Thursday, Friday, Saturday"}, {"boundingPoly": {"vertices": [{"x": 215.0, "y": 1597.0}, {"x": 759.0, "y": 1596.0}, {"x": 759.0, "y": 1646.0}, {"x": 215.0, "y": 1648.0}]}, "description": "Finger food by Marcel Ravin"}]}