{"textAnnotations": [{"boundingPoly": {"vertices": [{"x": 455.0, "y": 17.0}, {"x": 946.0, "y": 11.0}, {"x": 947.0, "y": 50.0}, {"x": 455.0, "y": 56.0}]}, "description": "Thank You For Visiting The"}, {"boundingPoly": {"vertices": [{"x": 458.0, "y": 56.0}, {"x": 942.0, "y": 46.0}, {"x": 943.0, "y": 86.0}, {"x": 458.0, "y": 95.0}]}, "description": "merchant name"}, {"boundingPoly": {"vertices": [{"x": 547.0, "y": 96.0}, {"x": 851.0, "y": 96.0}, {"x": 852.0, "y": 133.0}, {"x": 547.0, "y": 133.0}]}, "description": "Matthew Fraysier"}, {"boundingPoly": {"vertices": [{"x": 548.0, "y": 138.0}, {"x": 840.0, "y": 135.0}, {"x": 841.0, "y": 173.0}, {"x": 548.0, "y": 176.0}]}, "description": "General Manager"}, {"boundingPoly": {"vertices": [{"x": 568.0, "y": 177.0}, {"x": 824.0, "y": 174.0}, {"x": 825.0, "y": 212.0}, {"x": 569.0, "y": 218.0}]}, "description": "merchant phone"}, {"boundingPoly": {"vertices": [{"x": 478.0, "y": 219.0}, {"x": 908.0, "y": 213.0}, {"x": 909.0, "y": 253.0}, {"x": 478.0, "y": 257.0}]}, "description": "We Love Your Feedback!"}, {"boundingPoly": {"vertices": [{"x": 474.0, "y": 259.0}, {"x": 921.0, "y": 254.0}, {"x": 922.0, "y": 296.0}, {"x": 474.0, "y": 301.0}]}, "description": "Text @LTF11479 to 73940"}, {"boundingPoly": {"vertices": [{"x": 1033.0, "y": 335.0}, {"x": 1101.0, "y": 335.0}, {"x": 1099.0, "y": 374.0}, {"x": 1031.0, "y": 374.0}]}, "description": "USD"}, {"boundingPoly": {"vertices": [{"x": 1013.0, "y": 377.0}, {"x": 1105.0, "y": 375.0}, {"x": 1103.0, "y": 416.0}, {"x": 1015.0, "y": 419.0}]}, "description": "2.70"}, {"boundingPoly": {"vertices": [{"x": 1019.0, "y": 422.0}, {"x": 1109.0, "y": 419.0}, {"x": 1110.0, "y": 459.0}, {"x": 1021.0, "y": 462.0}]}, "description": "2.99"}, {"boundingPoly": {"vertices": [{"x": 297.0, "y": 386.0}, {"x": 694.0, "y": 385.0}, {"x": 695.0, "y": 428.0}, {"x": 297.0, "y": 430.0}]}, "description": "Chobani Non Fat Peac"}, {"boundingPoly": {"vertices": [{"x": 292.0, "y": 430.0}, {"x": 691.0, "y": 428.0}, {"x": 691.0, "y": 470.0}, {"x": 292.0, "y": 472.0}]}, "description": "Strawberry Fruit Yog"}, {"boundingPoly": {"vertices": [{"x": 298.0, "y": 473.0}, {"x": 674.0, "y": 472.0}, {"x": 674.0, "y": 512.0}, {"x": 298.0, "y": 513.0}]}, "description": "1.69 lb \u00d7 $ 7.68/1b"}, {"boundingPoly": {"vertices": [{"x": 290.0, "y": 518.0}, {"x": 591.0, "y": 515.0}, {"x": 591.0, "y": 557.0}, {"x": 290.0, "y": 560.0}]}, "description": "Large Clamshell"}, {"boundingPoly": {"vertices": [{"x": 1005.0, "y": 509.0}, {"x": 1109.0, "y": 507.0}, {"x": 1109.0, "y": 548.0}, {"x": 1003.0, "y": 548.0}]}, "description": "12.98"}, {"boundingPoly": {"vertices": [{"x": 742.0, "y": 604.0}, {"x": 927.0, "y": 601.0}, {"x": 927.0, "y": 641.0}, {"x": 742.0, "y": 644.0}]}, "description": "Sub Total"}, {"boundingPoly": {"vertices": [{"x": 741.0, "y": 650.0}, {"x": 947.0, "y": 649.0}, {"x": 947.0, "y": 687.0}, {"x": 741.0, "y": 689.0}]}, "description": "Tax Amount"}, {"boundingPoly": {"vertices": [{"x": 1004.0, "y": 596.0}, {"x": 1110.0, "y": 595.0}, {"x": 1109.0, "y": 637.0}, {"x": 1005.0, "y": 638.0}]}, "description": "18.67"}, {"boundingPoly": {"vertices": [{"x": 1028.0, "y": 646.0}, {"x": 1110.0, "y": 645.0}, {"x": 1108.0, "y": 682.0}, {"x": 1027.0, "y": 683.0}]}, "description": "1.66"}, {"boundingPoly": {"vertices": [{"x": 254.0, "y": 785.0}, {"x": 624.0, "y": 783.0}, {"x": 624.0, "y": 860.0}, {"x": 255.0, "y": 863.0}]}, "description": "Total USD"}, {"boundingPoly": {"vertices": [{"x": 901.0, "y": 783.0}, {"x": 1108.0, "y": 779.0}, {"x": 1109.0, "y": 856.0}, {"x": 901.0, "y": 856.0}]}, "description": "20.33"}, {"boundingPoly": {"vertices": [{"x": 242.0, "y": 1002.0}, {"x": 687.0, "y": 997.0}, {"x": 687.0, "y": 1043.0}, {"x": 242.0, "y": 1047.0}]}, "description": "5009 AMERICAN EXPRESS"}, {"boundingPoly": {"vertices": [{"x": 999.0, "y": 999.0}, {"x": 1110.0, "y": 998.0}, {"x": 1110.0, "y": 1042.0}, {"x": 998.0, "y": 1041.0}]}, "description": "20.33"}, {"boundingPoly": {"vertices": [{"x": 248.0, "y": 1153.0}, {"x": 313.0, "y": 1153.0}, {"x": 311.0, "y": 1191.0}, {"x": 247.0, "y": 1191.0}]}, "description": "Tax"}, {"boundingPoly": {"vertices": [{"x": 242.0, "y": 1195.0}, {"x": 410.0, "y": 1194.0}, {"x": 411.0, "y": 1241.0}, {"x": 243.0, "y": 1244.0}]}, "description": "() 8.875"}, {"boundingPoly": {"vertices": [{"x": 576.0, "y": 1143.0}, {"x": 883.0, "y": 1143.0}, {"x": 883.0, "y": 1190.0}, {"x": 576.0, "y": 1190.0}]}, "description": " Taxable Amount"}, {"boundingPoly": {"vertices": [{"x": 768.0, "y": 1194.0}, {"x": 864.0, "y": 1193.0}, {"x": 864.0, "y": 1233.0}, {"x": 766.0, "y": 1235.0}]}, "description": "18.67"}, {"boundingPoly": {"vertices": [{"x": 901.0, "y": 1143.0}, {"x": 1113.0, "y": 1143.0}, {"x": 1113.0, "y": 1189.0}, {"x": 901.0, "y": 1189.0}]}, "description": " Tax Amount"}, {"boundingPoly": {"vertices": [{"x": 1026.0, "y": 1192.0}, {"x": 1117.0, "y": 1192.0}, {"x": 1116.0, "y": 1234.0}, {"x": 1026.0, "y": 1233.0}]}, "description": "1.66"}, {"boundingPoly": {"vertices": [{"x": 234.0, "y": 1339.0}, {"x": 680.0, "y": 1339.0}, {"x": 680.0, "y": 1394.0}, {"x": 234.0, "y": 1394.0}]}, "description": " 11/19/2019 09:19 AM #:"}, {"boundingPoly": {"vertices": [{"x": 233.0, "y": 1395.0}, {"x": 439.0, "y": 1395.0}, {"x": 439.0, "y": 1442.0}, {"x": 233.0, "y": 1442.0}]}, "description": " 106 S:1111"}, {"boundingPoly": {"vertices": [{"x": 218.0, "y": 1445.0}, {"x": 447.0, "y": 1445.0}, {"x": 447.0, "y": 1495.0}, {"x": 218.0, "y": 1495.0}]}, "description": " Served you"}, {"boundingPoly": {"vertices": [{"x": 690.0, "y": 1337.0}, {"x": 1113.0, "y": 1337.0}, {"x": 1113.0, "y": 1388.0}, {"x": 690.0, "y": 1388.0}]}, "description": " 41417 Op:4022 C:111"}, {"boundingPoly": {"vertices": [{"x": 456.0, "y": 1442.0}, {"x": 802.0, "y": 1442.0}, {"x": 802.0, "y": 1493.0}, {"x": 456.0, "y": 1493.0}]}, "description": " : Ethlyn St-Paul"}, {"boundingPoly": {"vertices": [{"x": 408.0, "y": 1651.0}, {"x": 861.0, "y": 1649.0}, {"x": 862.0, "y": 1695.0}, {"x": 408.0, "y": 1698.0}]}, "description": "*** Customer copy ***"}, {"boundingPoly": {"vertices": [{"x": 485.0, "y": 1755.0}, {"x": 792.0, "y": 1752.0}, {"x": 793.0, "y": 1801.0}, {"x": 485.0, "y": 1804.0}]}, "description": "AMEX NY937 (6)"}, {"boundingPoly": {"vertices": [{"x": 225.0, "y": 1813.0}, {"x": 1032.0, "y": 1804.0}, {"x": 1033.0, "y": 1852.0}, {"x": 225.0, "y": 1865.0}]}, "description": "I agree to pay the above total amount"}, {"boundingPoly": {"vertices": [{"x": 195.0, "y": 1921.0}, {"x": 1053.0, "y": 1909.0}, {"x": 1054.0, "y": 1960.0}, {"x": 196.0, "y": 1973.0}]}, "description": "agreement. (Merphant agreement if Credit"}, {"boundingPoly": {"vertices": [{"x": 377.0, "y": 1865.0}, {"x": 902.0, "y": 1858.0}, {"x": 903.0, "y": 1907.0}, {"x": 378.0, "y": 1914.0}]}, "description": "according to card issuer"}, {"boundingPoly": {"vertices": [{"x": 261.0, "y": 1972.0}, {"x": 990.0, "y": 1968.0}, {"x": 991.0, "y": 2020.0}, {"x": 261.0, "y": 2026.0}]}, "description": "Voucher )Retain this copy for your"}, {"boundingPoly": {"vertices": [{"x": 542.0, "y": 2028.0}, {"x": 722.0, "y": 2029.0}, {"x": 722.0, "y": 2072.0}, {"x": 541.0, "y": 2071.0}]}, "description": "records."}, {"boundingPoly": {"vertices": [{"x": 182.0, "y": 2139.0}, {"x": 610.0, "y": 2130.0}, {"x": 611.0, "y": 2183.0}, {"x": 182.0, "y": 2192.0}]}, "description": "PURCHASE / APPROVED"}, {"boundingPoly": {"vertices": [{"x": 179.0, "y": 2194.0}, {"x": 537.0, "y": 2188.0}, {"x": 538.0, "y": 2241.0}, {"x": 180.0, "y": 2250.0}]}, "description": "AMERICAN EXPRESS"}, {"boundingPoly": {"vertices": [{"x": 171.0, "y": 2250.0}, {"x": 517.0, "y": 2248.0}, {"x": 517.0, "y": 2298.0}, {"x": 171.0, "y": 2302.0}]}, "description": "*********** 1006"}, {"boundingPoly": {"vertices": [{"x": 149.0, "y": 2300.0}, {"x": 421.0, "y": 2303.0}, {"x": 420.0, "y": 2361.0}, {"x": 149.0, "y": 2355.0}]}, "description": "CHIP READ /"}, {"boundingPoly": {"vertices": [{"x": 161.0, "y": 2417.0}, {"x": 594.0, "y": 2417.0}, {"x": 594.0, "y": 2478.0}, {"x": 161.0, "y": 2478.0}]}, "description": " 2019/11/19 09:19:40"}, {"boundingPoly": {"vertices": [{"x": 172.0, "y": 2478.0}, {"x": 234.0, "y": 2481.0}, {"x": 232.0, "y": 2529.0}, {"x": 169.0, "y": 2526.0}]}, "description": "TID"}, {"boundingPoly": {"vertices": [{"x": 160.0, "y": 2536.0}, {"x": 225.0, "y": 2536.0}, {"x": 222.0, "y": 2585.0}, {"x": 157.0, "y": 2586.0}]}, "description": "MID"}, {"boundingPoly": {"vertices": [{"x": 145.0, "y": 2600.0}, {"x": 357.0, "y": 2605.0}, {"x": 356.0, "y": 2653.0}, {"x": 145.0, "y": 2649.0}]}, "description": "REFERENCE"}, {"boundingPoly": {"vertices": [{"x": 145.0, "y": 2654.0}, {"x": 357.0, "y": 2657.0}, {"x": 356.0, "y": 2712.0}, {"x": 145.0, "y": 2708.0}]}, "description": "AUTH CODE"}, {"boundingPoly": {"vertices": [{"x": 353.0, "y": 2724.0}, {"x": 860.0, "y": 2732.0}, {"x": 859.0, "y": 2788.0}, {"x": 352.0, "y": 2782.0}]}, "description": "REDMI NOTE 5 PRO"}, {"boundingPoly": {"vertices": [{"x": 348.0, "y": 2794.0}, {"x": 817.0, "y": 2802.0}, {"x": 816.0, "y": 2859.0}, {"x": 347.0, "y": 2852.0}]}, "description": "MI DUAL CAMERA"}, {"boundingPoly": {"vertices": [{"x": 888.0, "y": 2485.0}, {"x": 1077.0, "y": 2485.0}, {"x": 1077.0, "y": 2533.0}, {"x": 888.0, "y": 2531.0}]}, "description": "**** 6008"}, {"boundingPoly": {"vertices": [{"x": 909.0, "y": 2541.0}, {"x": 1075.0, "y": 2543.0}, {"x": 1074.0, "y": 2595.0}, {"x": 909.0, "y": 2593.0}]}, "description": "6634459"}, {"boundingPoly": {"vertices": [{"x": 492.0, "y": 2603.0}, {"x": 1076.0, "y": 2606.0}, {"x": 1075.0, "y": 2658.0}, {"x": 491.0, "y": 2655.0}]}, "description": "S1106#41417@017579"}, {"boundingPoly": {"vertices": [{"x": 931.0, "y": 2666.0}, {"x": 1074.0, "y": 2667.0}, {"x": 1075.0, "y": 2715.0}, {"x": 932.0, "y": 2715.0}]}, "description": "849480"}, {"boundingPoly": {"vertices": [{"x": 885.0, "y": 2786.0}, {"x": 1077.0, "y": 2786.0}, {"x": 1077.0, "y": 2841.0}, {"x": 885.0, "y": 2840.0}]}, "description": "USD20.33"}, {"boundingPoly": {"vertices": [{"x": 135.0, "y": 2900.0}, {"x": 300.0, "y": 2902.0}, {"x": 299.0, "y": 2944.0}, {"x": 135.0, "y": 2942.0}]}, "description": "ARC . 00"}]}