{"textAnnotations": [{"boundingPoly": {"vertices": [{"x": 305.0, "y": 121.0}, {"x": 510.0, "y": 114.0}, {"x": 511.0, "y": 131.0}, {"x": 305.0, "y": 139.0}]}, "description": "Thank You For Visiting the"}, {"boundingPoly": {"vertices": [{"x": 281.0, "y": 149.0}, {"x": 528.0, "y": 138.0}, {"x": 529.0, "y": 152.0}, {"x": 281.0, "y": 166.0}]}, "description": "Nadine Varella, General Manager"}, {"boundingPoly": {"vertices": [{"x": 313.0, "y": 176.0}, {"x": 495.0, "y": 168.0}, {"x": 496.0, "y": 183.0}, {"x": 313.0, "y": 192.0}]}, "description": "We Love Your Feedback!"}, {"boundingPoly": {"vertices": [{"x": 287.0, "y": 135.0}, {"x": 522.0, "y": 127.0}, {"x": 523.0, "y": 143.0}, {"x": 287.0, "y": 151.0}]}, "description": "merchant name"}, {"boundingPoly": {"vertices": [{"x": 344.0, "y": 161.0}, {"x": 464.0, "y": 154.0}, {"x": 465.0, "y": 169.0}, {"x": 344.0, "y": 176.0}]}, "description": "merchant phone"}, {"boundingPoly": {"vertices": [{"x": 310.0, "y": 189.0}, {"x": 500.0, "y": 183.0}, {"x": 501.0, "y": 199.0}, {"x": 311.0, "y": 205.0}]}, "description": "Text @LTF41042 to 73940"}, {"boundingPoly": {"vertices": [{"x": 552.0, "y": 211.0}, {"x": 579.0, "y": 212.0}, {"x": 578.0, "y": 226.0}, {"x": 551.0, "y": 225.0}]}, "description": "USD"}, {"boundingPoly": {"vertices": [{"x": 544.0, "y": 227.0}, {"x": 582.0, "y": 226.0}, {"x": 582.0, "y": 241.0}, {"x": 544.0, "y": 242.0}]}, "description": "2.25"}, {"boundingPoly": {"vertices": [{"x": 545.0, "y": 244.0}, {"x": 583.0, "y": 242.0}, {"x": 583.0, "y": 256.0}, {"x": 546.0, "y": 257.0}]}, "description": "1.15"}, {"boundingPoly": {"vertices": [{"x": 548.0, "y": 258.0}, {"x": 583.0, "y": 257.0}, {"x": 585.0, "y": 272.0}, {"x": 549.0, "y": 273.0}]}, "description": "1.05"}, {"boundingPoly": {"vertices": [{"x": 232.0, "y": 227.0}, {"x": 330.0, "y": 229.0}, {"x": 330.0, "y": 243.0}, {"x": 231.0, "y": 241.0}]}, "description": "Pizza Slice"}, {"boundingPoly": {"vertices": [{"x": 228.0, "y": 253.0}, {"x": 402.0, "y": 256.0}, {"x": 402.0, "y": 272.0}, {"x": 228.0, "y": 270.0}]}, "description": "Chip Doritos Nacho C"}, {"boundingPoly": {"vertices": [{"x": 230.0, "y": 240.0}, {"x": 396.0, "y": 243.0}, {"x": 396.0, "y": 258.0}, {"x": 229.0, "y": 254.0}]}, "description": "Water Aquafina 20oz"}, {"boundingPoly": {"vertices": [{"x": 425.0, "y": 292.0}, {"x": 505.0, "y": 291.0}, {"x": 505.0, "y": 311.0}, {"x": 425.0, "y": 312.0}]}, "description": "Sub Total"}, {"boundingPoly": {"vertices": [{"x": 423.0, "y": 314.0}, {"x": 515.0, "y": 314.0}, {"x": 515.0, "y": 334.0}, {"x": 423.0, "y": 334.0}]}, "description": "Tax Amount"}, {"boundingPoly": {"vertices": [{"x": 549.0, "y": 293.0}, {"x": 587.0, "y": 293.0}, {"x": 587.0, "y": 310.0}, {"x": 548.0, "y": 310.0}]}, "description": "4.45"}, {"boundingPoly": {"vertices": [{"x": 546.0, "y": 313.0}, {"x": 585.0, "y": 313.0}, {"x": 585.0, "y": 332.0}, {"x": 546.0, "y": 332.0}]}, "description": "0.31"}, {"boundingPoly": {"vertices": [{"x": 223.0, "y": 379.0}, {"x": 377.0, "y": 379.0}, {"x": 377.0, "y": 414.0}, {"x": 223.0, "y": 415.0}]}, "description": "Total USD"}, {"boundingPoly": {"vertices": [{"x": 511.0, "y": 379.0}, {"x": 583.0, "y": 378.0}, {"x": 582.0, "y": 413.0}, {"x": 512.0, "y": 413.0}]}, "description": "4.76"}, {"boundingPoly": {"vertices": [{"x": 224.0, "y": 475.0}, {"x": 404.0, "y": 475.0}, {"x": 404.0, "y": 496.0}, {"x": 224.0, "y": 494.0}]}, "description": "5009 AMERICAN EXPRESS"}, {"boundingPoly": {"vertices": [{"x": 546.0, "y": 476.0}, {"x": 582.0, "y": 476.0}, {"x": 582.0, "y": 495.0}, {"x": 546.0, "y": 495.0}]}, "description": "4.76"}, {"boundingPoly": {"vertices": [{"x": 227.0, "y": 536.0}, {"x": 256.0, "y": 538.0}, {"x": 255.0, "y": 556.0}, {"x": 226.0, "y": 554.0}]}, "description": "Tax"}, {"boundingPoly": {"vertices": [{"x": 227.0, "y": 556.0}, {"x": 287.0, "y": 557.0}, {"x": 287.0, "y": 576.0}, {"x": 227.0, "y": 577.0}]}, "description": "() 7.00"}, {"boundingPoly": {"vertices": [{"x": 361.0, "y": 537.0}, {"x": 487.0, "y": 537.0}, {"x": 487.0, "y": 559.0}, {"x": 361.0, "y": 559.0}]}, "description": " Taxable Amount"}, {"boundingPoly": {"vertices": [{"x": 443.0, "y": 560.0}, {"x": 478.0, "y": 559.0}, {"x": 478.0, "y": 576.0}, {"x": 443.0, "y": 576.0}]}, "description": "4.45"}, {"boundingPoly": {"vertices": [{"x": 492.0, "y": 539.0}, {"x": 583.0, "y": 539.0}, {"x": 583.0, "y": 559.0}, {"x": 492.0, "y": 559.0}]}, "description": " Tax Amount"}, {"boundingPoly": {"vertices": [{"x": 546.0, "y": 560.0}, {"x": 579.0, "y": 559.0}, {"x": 578.0, "y": 578.0}, {"x": 545.0, "y": 578.0}]}, "description": "0.31"}, {"boundingPoly": {"vertices": [{"x": 231.0, "y": 616.0}, {"x": 582.0, "y": 616.0}, {"x": 582.0, "y": 641.0}, {"x": 231.0, "y": 641.0}]}, "description": " 11/19/2019 12:55 PM #:51596 Op:3052 C:113"}, {"boundingPoly": {"vertices": [{"x": 223.0, "y": 654.0}, {"x": 312.0, "y": 654.0}, {"x": 312.0, "y": 674.0}, {"x": 223.0, "y": 674.0}]}, "description": " Served you"}, {"boundingPoly": {"vertices": [{"x": 229.0, "y": 636.0}, {"x": 321.0, "y": 636.0}, {"x": 321.0, "y": 654.0}, {"x": 229.0, "y": 654.0}]}, "description": " 103 S:1131"}, {"boundingPoly": {"vertices": [{"x": 314.0, "y": 656.0}, {"x": 462.0, "y": 656.0}, {"x": 462.0, "y": 679.0}, {"x": 314.0, "y": 679.0}]}, "description": " : Adriana Granado"}, {"boundingPoly": {"vertices": [{"x": 290.0, "y": 735.0}, {"x": 476.0, "y": 743.0}, {"x": 475.0, "y": 762.0}, {"x": 290.0, "y": 755.0}]}, "description": "*** Customer copy ***"}, {"boundingPoly": {"vertices": [{"x": 301.0, "y": 779.0}, {"x": 467.0, "y": 784.0}, {"x": 467.0, "y": 805.0}, {"x": 301.0, "y": 799.0}]}, "description": "AMEX Sunrise 937-9"}, {"boundingPoly": {"vertices": [{"x": 214.0, "y": 798.0}, {"x": 547.0, "y": 811.0}, {"x": 546.0, "y": 832.0}, {"x": 214.0, "y": 819.0}]}, "description": "I agree to pay the above total amount"}, {"boundingPoly": {"vertices": [{"x": 203.0, "y": 844.0}, {"x": 556.0, "y": 856.0}, {"x": 555.0, "y": 877.0}, {"x": 202.0, "y": 865.0}]}, "description": "agreement. (Merchant agreement if Credit"}, {"boundingPoly": {"vertices": [{"x": 343.0, "y": 895.0}, {"x": 415.0, "y": 895.0}, {"x": 415.0, "y": 913.0}, {"x": 343.0, "y": 913.0}]}, "description": "records."}, {"boundingPoly": {"vertices": [{"x": 275.0, "y": 825.0}, {"x": 492.0, "y": 831.0}, {"x": 491.0, "y": 852.0}, {"x": 275.0, "y": 844.0}]}, "description": "according to card issuer"}, {"boundingPoly": {"vertices": [{"x": 228.0, "y": 867.0}, {"x": 529.0, "y": 877.0}, {"x": 528.0, "y": 900.0}, {"x": 228.0, "y": 887.0}]}, "description": "Voucher)Retain this copy for your"}, {"boundingPoly": {"vertices": [{"x": 198.0, "y": 931.0}, {"x": 372.0, "y": 937.0}, {"x": 372.0, "y": 957.0}, {"x": 198.0, "y": 950.0}]}, "description": "PURCHASE / APPROVED"}, {"boundingPoly": {"vertices": [{"x": 202.0, "y": 972.0}, {"x": 337.0, "y": 978.0}, {"x": 336.0, "y": 995.0}, {"x": 201.0, "y": 989.0}]}, "description": "*********** 1009"}, {"boundingPoly": {"vertices": [{"x": 200.0, "y": 952.0}, {"x": 345.0, "y": 956.0}, {"x": 345.0, "y": 975.0}, {"x": 199.0, "y": 971.0}]}, "description": "AMERICAN EXPRESS"}, {"boundingPoly": {"vertices": [{"x": 201.0, "y": 990.0}, {"x": 303.0, "y": 995.0}, {"x": 302.0, "y": 1014.0}, {"x": 201.0, "y": 1008.0}]}, "description": "CHIP READ /"}, {"boundingPoly": {"vertices": [{"x": 199.0, "y": 1030.0}, {"x": 371.0, "y": 1030.0}, {"x": 371.0, "y": 1064.0}, {"x": 199.0, "y": 1064.0}]}, "description": " 2019/11/19 12:55:27"}, {"boundingPoly": {"vertices": [{"x": 187.0, "y": 1078.0}, {"x": 219.0, "y": 1079.0}, {"x": 217.0, "y": 1099.0}, {"x": 186.0, "y": 1098.0}]}, "description": "MID"}, {"boundingPoly": {"vertices": [{"x": 180.0, "y": 1102.0}, {"x": 271.0, "y": 1108.0}, {"x": 269.0, "y": 1130.0}, {"x": 178.0, "y": 1123.0}]}, "description": "REFERENCE"}, {"boundingPoly": {"vertices": [{"x": 175.0, "y": 1128.0}, {"x": 262.0, "y": 1132.0}, {"x": 261.0, "y": 1154.0}, {"x": 174.0, "y": 1150.0}]}, "description": "AUTH CODE"}, {"boundingPoly": {"vertices": [{"x": 198.0, "y": 1054.0}, {"x": 222.0, "y": 1057.0}, {"x": 220.0, "y": 1076.0}, {"x": 196.0, "y": 1074.0}]}, "description": "TID"}, {"boundingPoly": {"vertices": [{"x": 481.0, "y": 1070.0}, {"x": 559.0, "y": 1074.0}, {"x": 559.0, "y": 1094.0}, {"x": 480.0, "y": 1090.0}]}, "description": "**** 5750"}, {"boundingPoly": {"vertices": [{"x": 492.0, "y": 1095.0}, {"x": 559.0, "y": 1097.0}, {"x": 559.0, "y": 1119.0}, {"x": 491.0, "y": 1118.0}]}, "description": "6634461"}, {"boundingPoly": {"vertices": [{"x": 319.0, "y": 1113.0}, {"x": 562.0, "y": 1123.0}, {"x": 561.0, "y": 1146.0}, {"x": 318.0, "y": 1136.0}]}, "description": "S1131T113103#51596@863912"}]}