{"textAnnotations": [{"boundingPoly": {"vertices": [{"x": 394.0, "y": 199.0}, {"x": 519.0, "y": 204.0}, {"x": 519.0, "y": 224.0}, {"x": 393.0, "y": 219.0}]}, "description": "merchant name"}, {"boundingPoly": {"vertices": [{"x": 347.0, "y": 239.0}, {"x": 564.0, "y": 243.0}, {"x": 563.0, "y": 261.0}, {"x": 347.0, "y": 257.0}]}, "description": "Order Online"}, {"boundingPoly": {"vertices": [{"x": 319.0, "y": 259.0}, {"x": 591.0, "y": 262.0}, {"x": 591.0, "y": 281.0}, {"x": 318.0, "y": 277.0}]}, "description": "www.chaayos.com"}, {"boundingPoly": {"vertices": [{"x": 283.0, "y": 216.0}, {"x": 667.0, "y": 224.0}, {"x": 667.0, "y": 245.0}, {"x": 282.0, "y": 237.0}]}, "description": "olazing fast deliveries & LoyalTea benefits"}, {"boundingPoly": {"vertices": [{"x": 243.0, "y": 276.0}, {"x": 472.0, "y": 280.0}, {"x": 472.0, "y": 302.0}, {"x": 242.0, "y": 297.0}]}, "description": "merchant address"}, {"boundingPoly": {"vertices": [{"x": 243.0, "y": 320.0}, {"x": 372.0, "y": 324.0}, {"x": 371.0, "y": 345.0}, {"x": 243.0, "y": 340.0}]}, "description": "merchant address"}, {"boundingPoly": {"vertices": [{"x": 245.0, "y": 298.0}, {"x": 478.0, "y": 303.0}, {"x": 477.0, "y": 325.0}, {"x": 245.0, "y": 320.0}]}, "description": "merchant address"}, {"boundingPoly": {"vertices": [{"x": 244.0, "y": 342.0}, {"x": 389.0, "y": 348.0}, {"x": 388.0, "y": 367.0}, {"x": 243.0, "y": 362.0}]}, "description": "merchant address"}, {"boundingPoly": {"vertices": [{"x": 243.0, "y": 385.0}, {"x": 317.0, "y": 388.0}, {"x": 316.0, "y": 408.0}, {"x": 242.0, "y": 405.0}]}, "description": "Order No"}, {"boundingPoly": {"vertices": [{"x": 243.0, "y": 408.0}, {"x": 336.0, "y": 411.0}, {"x": 335.0, "y": 431.0}, {"x": 243.0, "y": 427.0}]}, "description": "Order Time"}, {"boundingPoly": {"vertices": [{"x": 242.0, "y": 431.0}, {"x": 281.0, "y": 433.0}, {"x": 279.0, "y": 449.0}, {"x": 242.0, "y": 447.0}]}, "description": "Name"}, {"boundingPoly": {"vertices": [{"x": 243.0, "y": 452.0}, {"x": 309.0, "y": 453.0}, {"x": 308.0, "y": 472.0}, {"x": 243.0, "y": 471.0}]}, "description": "Contact"}, {"boundingPoly": {"vertices": [{"x": 241.0, "y": 473.0}, {"x": 368.0, "y": 476.0}, {"x": 368.0, "y": 496.0}, {"x": 241.0, "y": 493.0}]}, "description": "Loyalty Points"}, {"boundingPoly": {"vertices": [{"x": 422.0, "y": 392.0}, {"x": 564.0, "y": 394.0}, {"x": 564.0, "y": 413.0}, {"x": 422.0, "y": 411.0}]}, "description": "1526097199406549"}, {"boundingPoly": {"vertices": [{"x": 422.0, "y": 412.0}, {"x": 565.0, "y": 412.0}, {"x": 565.0, "y": 436.0}, {"x": 422.0, "y": 436.0}]}, "description": " 17/12/2019 16:48"}, {"boundingPoly": {"vertices": [{"x": 418.0, "y": 458.0}, {"x": 441.0, "y": 458.0}, {"x": 441.0, "y": 476.0}, {"x": 418.0, "y": 476.0}]}, "description": " +91"}, {"boundingPoly": {"vertices": [{"x": 418.0, "y": 478.0}, {"x": 441.0, "y": 479.0}, {"x": 440.0, "y": 496.0}, {"x": 418.0, "y": 495.0}]}, "description": "20"}, {"boundingPoly": {"vertices": [{"x": 444.0, "y": 458.0}, {"x": 546.0, "y": 458.0}, {"x": 546.0, "y": 478.0}, {"x": 444.0, "y": 478.0}]}, "description": " -******* 349"}, {"boundingPoly": {"vertices": [{"x": 242.0, "y": 517.0}, {"x": 278.0, "y": 518.0}, {"x": 277.0, "y": 536.0}, {"x": 241.0, "y": 534.0}]}, "description": "Item"}, {"boundingPoly": {"vertices": [{"x": 241.0, "y": 538.0}, {"x": 314.0, "y": 539.0}, {"x": 314.0, "y": 558.0}, {"x": 241.0, "y": 557.0}]}, "description": "00009963"}, {"boundingPoly": {"vertices": [{"x": 240.0, "y": 560.0}, {"x": 393.0, "y": 562.0}, {"x": 392.0, "y": 583.0}, {"x": 240.0, "y": 580.0}]}, "description": "Desi Chai Regular"}, {"boundingPoly": {"vertices": [{"x": 240.0, "y": 581.0}, {"x": 314.0, "y": 584.0}, {"x": 314.0, "y": 603.0}, {"x": 239.0, "y": 600.0}]}, "description": "Kadak, A"}, {"boundingPoly": {"vertices": [{"x": 463.0, "y": 523.0}, {"x": 498.0, "y": 523.0}, {"x": 498.0, "y": 544.0}, {"x": 463.0, "y": 544.0}]}, "description": " Qty"}, {"boundingPoly": {"vertices": [{"x": 479.0, "y": 545.0}, {"x": 492.0, "y": 545.0}, {"x": 491.0, "y": 562.0}, {"x": 478.0, "y": 562.0}]}, "description": "2"}, {"boundingPoly": {"vertices": [{"x": 512.0, "y": 524.0}, {"x": 561.0, "y": 524.0}, {"x": 561.0, "y": 544.0}, {"x": 512.0, "y": 544.0}]}, "description": " Price"}, {"boundingPoly": {"vertices": [{"x": 513.0, "y": 544.0}, {"x": 557.0, "y": 545.0}, {"x": 556.0, "y": 564.0}, {"x": 512.0, "y": 562.0}]}, "description": "66.67"}, {"boundingPoly": {"vertices": [{"x": 593.0, "y": 526.0}, {"x": 648.0, "y": 527.0}, {"x": 648.0, "y": 544.0}, {"x": 592.0, "y": 544.0}]}, "description": "Amount"}, {"boundingPoly": {"vertices": [{"x": 593.0, "y": 546.0}, {"x": 646.0, "y": 547.0}, {"x": 646.0, "y": 565.0}, {"x": 593.0, "y": 565.0}]}, "description": "133.34"}, {"boundingPoly": {"vertices": [{"x": 239.0, "y": 625.0}, {"x": 285.0, "y": 625.0}, {"x": 286.0, "y": 643.0}, {"x": 239.0, "y": 643.0}]}, "description": "Total"}, {"boundingPoly": {"vertices": [{"x": 239.0, "y": 646.0}, {"x": 357.0, "y": 647.0}, {"x": 357.0, "y": 667.0}, {"x": 239.0, "y": 666.0}]}, "description": "CGST @ 2.50 %"}, {"boundingPoly": {"vertices": [{"x": 238.0, "y": 668.0}, {"x": 411.0, "y": 669.0}, {"x": 411.0, "y": 689.0}, {"x": 238.0, "y": 688.0}]}, "description": "SGST/UTGST @ 2.50 %"}, {"boundingPoly": {"vertices": [{"x": 237.0, "y": 692.0}, {"x": 319.0, "y": 692.0}, {"x": 319.0, "y": 711.0}, {"x": 237.0, "y": 711.0}]}, "description": "Round Off"}, {"boundingPoly": {"vertices": [{"x": 235.0, "y": 713.0}, {"x": 333.0, "y": 713.0}, {"x": 333.0, "y": 733.0}, {"x": 235.0, "y": 733.0}]}, "description": "Bill Total"}, {"boundingPoly": {"vertices": [{"x": 233.0, "y": 735.0}, {"x": 507.0, "y": 737.0}, {"x": 507.0, "y": 759.0}, {"x": 233.0, "y": 756.0}]}, "description": "Rs. One Hundred and Forty only"}, {"boundingPoly": {"vertices": [{"x": 597.0, "y": 630.0}, {"x": 651.0, "y": 629.0}, {"x": 651.0, "y": 649.0}, {"x": 597.0, "y": 648.0}]}, "description": "133.34"}, {"boundingPoly": {"vertices": [{"x": 612.0, "y": 651.0}, {"x": 652.0, "y": 652.0}, {"x": 651.0, "y": 670.0}, {"x": 612.0, "y": 669.0}]}, "description": "3.33"}, {"boundingPoly": {"vertices": [{"x": 613.0, "y": 674.0}, {"x": 651.0, "y": 675.0}, {"x": 650.0, "y": 692.0}, {"x": 613.0, "y": 692.0}]}, "description": "3.33"}, {"boundingPoly": {"vertices": [{"x": 607.0, "y": 696.0}, {"x": 651.0, "y": 696.0}, {"x": 651.0, "y": 715.0}, {"x": 606.0, "y": 715.0}]}, "description": "-0.01"}, {"boundingPoly": {"vertices": [{"x": 597.0, "y": 718.0}, {"x": 653.0, "y": 718.0}, {"x": 653.0, "y": 737.0}, {"x": 596.0, "y": 737.0}]}, "description": "140.00"}, {"boundingPoly": {"vertices": [{"x": 233.0, "y": 781.0}, {"x": 274.0, "y": 782.0}, {"x": 274.0, "y": 799.0}, {"x": 233.0, "y": 799.0}]}, "description": "Cash"}, {"boundingPoly": {"vertices": [{"x": 598.0, "y": 783.0}, {"x": 651.0, "y": 784.0}, {"x": 651.0, "y": 802.0}, {"x": 597.0, "y": 802.0}]}, "description": "140.00"}, {"boundingPoly": {"vertices": [{"x": 234.0, "y": 825.0}, {"x": 266.0, "y": 825.0}, {"x": 266.0, "y": 844.0}, {"x": 235.0, "y": 844.0}]}, "description": "CIN"}, {"boundingPoly": {"vertices": [{"x": 236.0, "y": 847.0}, {"x": 289.0, "y": 847.0}, {"x": 289.0, "y": 868.0}, {"x": 236.0, "y": 868.0}]}, "description": " GSTIN"}, {"boundingPoly": {"vertices": [{"x": 235.0, "y": 869.0}, {"x": 534.0, "y": 866.0}, {"x": 534.0, "y": 888.0}, {"x": 235.0, "y": 891.0}]}, "description": "Sunshine Teahouse Private Limited"}, {"boundingPoly": {"vertices": [{"x": 233.0, "y": 890.0}, {"x": 660.0, "y": 889.0}, {"x": 660.0, "y": 913.0}, {"x": 233.0, "y": 914.0}]}, "description": "Building No. 382, First Floor, 100 Feet Road, G"}, {"boundingPoly": {"vertices": [{"x": 223.0, "y": 915.0}, {"x": 293.0, "y": 915.0}, {"x": 292.0, "y": 935.0}, {"x": 223.0, "y": 935.0}]}, "description": "hitorni"}, {"boundingPoly": {"vertices": [{"x": 231.0, "y": 935.0}, {"x": 383.0, "y": 935.0}, {"x": 383.0, "y": 957.0}, {"x": 231.0, "y": 955.0}]}, "description": "Now Delhi 110030"}, {"boundingPoly": {"vertices": [{"x": 308.0, "y": 957.0}, {"x": 427.0, "y": 958.0}, {"x": 426.0, "y": 979.0}, {"x": 308.0, "y": 978.0}]}, "description": "ets with chai"}, {"boundingPoly": {"vertices": [{"x": 298.0, "y": 824.0}, {"x": 488.0, "y": 825.0}, {"x": 488.0, "y": 845.0}, {"x": 298.0, "y": 844.0}]}, "description": "U55204DL2012PTC304447"}, {"boundingPoly": {"vertices": [{"x": 296.0, "y": 846.0}, {"x": 438.0, "y": 846.0}, {"x": 438.0, "y": 868.0}, {"x": 296.0, "y": 868.0}]}, "description": " 06AARCS3853M1ZN"}]}