{"textAnnotations": [{"boundingPoly": {"vertices": [{"x": 39.0, "y": 73.0}, {"x": 375.0, "y": 69.0}, {"x": 377.0, "y": 131.0}, {"x": 41.0, "y": 138.0}]}, "description": "merchant name"}, {"boundingPoly": {"vertices": [{"x": 280.0, "y": 177.0}, {"x": 646.0, "y": 177.0}, {"x": 646.0, "y": 204.0}, {"x": 280.0, "y": 204.0}]}, "description": "merchant address"}, {"boundingPoly": {"vertices": [{"x": 519.0, "y": 206.0}, {"x": 645.0, "y": 206.0}, {"x": 645.0, "y": 230.0}, {"x": 519.0, "y": 230.0}]}, "description": " 646 6744 04"}, {"boundingPoly": {"vertices": [{"x": 52.0, "y": 183.0}, {"x": 85.0, "y": 183.0}, {"x": 85.0, "y": 208.0}, {"x": 52.0, "y": 208.0}]}, "description": "merchant name"}, {"boundingPoly": {"vertices": [{"x": 89.0, "y": 179.0}, {"x": 218.0, "y": 179.0}, {"x": 218.0, "y": 207.0}, {"x": 89.0, "y": 207.0}]}, "description": "merchant name"}, {"boundingPoly": {"vertices": [{"x": 222.0, "y": 178.0}, {"x": 276.0, "y": 178.0}, {"x": 276.0, "y": 205.0}, {"x": 222.0, "y": 205.0}]}, "description": "merchant name"}, {"boundingPoly": {"vertices": [{"x": 383.0, "y": 207.0}, {"x": 515.0, "y": 207.0}, {"x": 515.0, "y": 230.0}, {"x": 383.0, "y": 230.0}]}, "description": " VAT Number:"}, {"boundingPoly": {"vertices": [{"x": 267.0, "y": 274.0}, {"x": 426.0, "y": 274.0}, {"x": 426.0, "y": 310.0}, {"x": 267.0, "y": 309.0}]}, "description": "RECEIPT"}, {"boundingPoly": {"vertices": [{"x": 56.0, "y": 340.0}, {"x": 149.0, "y": 339.0}, {"x": 150.0, "y": 366.0}, {"x": 56.0, "y": 367.0}]}, "description": "Cir. No."}, {"boundingPoly": {"vertices": [{"x": 354.0, "y": 338.0}, {"x": 418.0, "y": 340.0}, {"x": 417.0, "y": 367.0}, {"x": 353.0, "y": 365.0}]}, "description": "Date"}, {"boundingPoly": {"vertices": [{"x": 430.0, "y": 333.0}, {"x": 647.0, "y": 328.0}, {"x": 648.0, "y": 379.0}, {"x": 430.0, "y": 382.0}]}, "description": "13- 11- 19"}, {"boundingPoly": {"vertices": [{"x": 512.0, "y": 406.0}, {"x": 512.0, "y": 430.0}, {"x": 495.0, "y": 431.0}, {"x": 495.0, "y": 407.0}]}, "description": "CH"}, {"boundingPoly": {"vertices": [{"x": 587.0, "y": 411.0}, {"x": 610.0, "y": 409.0}, {"x": 610.0, "y": 434.0}, {"x": 588.0, "y": 435.0}]}, "description": "p"}, {"boundingPoly": {"vertices": [{"x": 65.0, "y": 467.0}, {"x": 187.0, "y": 467.0}, {"x": 187.0, "y": 496.0}, {"x": 65.0, "y": 496.0}]}, "description": " *COFFEE"}, {"boundingPoly": {"vertices": [{"x": 191.0, "y": 467.0}, {"x": 268.0, "y": 467.0}, {"x": 268.0, "y": 496.0}, {"x": 191.0, "y": 496.0}]}, "description": " / TEA"}, {"boundingPoly": {"vertices": [{"x": 71.0, "y": 530.0}, {"x": 422.0, "y": 531.0}, {"x": 422.0, "y": 560.0}, {"x": 71.0, "y": 558.0}]}, "description": "*BEERS / WINES / SPIRITS"}, {"boundingPoly": {"vertices": [{"x": 71.0, "y": 592.0}, {"x": 351.0, "y": 594.0}, {"x": 351.0, "y": 621.0}, {"x": 71.0, "y": 620.0}]}, "description": "*MINERALS / WATER"}, {"boundingPoly": {"vertices": [{"x": 78.0, "y": 655.0}, {"x": 187.0, "y": 655.0}, {"x": 187.0, "y": 683.0}, {"x": 78.0, "y": 683.0}]}, "description": " *CRISPS"}, {"boundingPoly": {"vertices": [{"x": 192.0, "y": 655.0}, {"x": 204.0, "y": 655.0}, {"x": 204.0, "y": 683.0}, {"x": 192.0, "y": 683.0}]}, "description": " /"}, {"boundingPoly": {"vertices": [{"x": 209.0, "y": 656.0}, {"x": 293.0, "y": 656.0}, {"x": 293.0, "y": 683.0}, {"x": 209.0, "y": 683.0}]}, "description": " NUTS"}, {"boundingPoly": {"vertices": [{"x": 81.0, "y": 717.0}, {"x": 331.0, "y": 718.0}, {"x": 330.0, "y": 744.0}, {"x": 81.0, "y": 742.0}]}, "description": "*CONFECTIONERY"}, {"boundingPoly": {"vertices": [{"x": 70.0, "y": 747.0}, {"x": 661.0, "y": 761.0}, {"x": 659.0, "y": 846.0}, {"x": 69.0, "y": 837.0}]}, "description": "IXPorry Deal 3 65"}, {"boundingPoly": {"vertices": [{"x": 78.0, "y": 901.0}, {"x": 218.0, "y": 902.0}, {"x": 218.0, "y": 928.0}, {"x": 78.0, "y": 927.0}]}, "description": "PASTRIES"}, {"boundingPoly": {"vertices": [{"x": 78.0, "y": 839.0}, {"x": 405.0, "y": 839.0}, {"x": 405.0, "y": 868.0}, {"x": 78.0, "y": 867.0}]}, "description": "SANDWICHES / CAKES /"}, {"boundingPoly": {"vertices": [{"x": 75.0, "y": 1090.0}, {"x": 171.0, "y": 1090.0}, {"x": 170.0, "y": 1123.0}, {"x": 75.0, "y": 1123.0}]}, "description": "TOTAL"}, {"boundingPoly": {"vertices": [{"x": 522.0, "y": 1090.0}, {"x": 562.0, "y": 1090.0}, {"x": 562.0, "y": 1133.0}, {"x": 522.0, "y": 1133.0}]}, "description": " 3"}, {"boundingPoly": {"vertices": [{"x": 598.0, "y": 1089.0}, {"x": 665.0, "y": 1089.0}, {"x": 665.0, "y": 1136.0}, {"x": 598.0, "y": 1136.0}]}, "description": " 65"}, {"boundingPoly": {"vertices": [{"x": 115.0, "y": 1168.0}, {"x": 124.0, "y": 1168.0}, {"x": 124.0, "y": 1202.0}, {"x": 115.0, "y": 1202.0}]}, "description": " *"}, {"boundingPoly": {"vertices": [{"x": 131.0, "y": 1168.0}, {"x": 596.0, "y": 1168.0}, {"x": 596.0, "y": 1205.0}, {"x": 131.0, "y": 1205.0}]}, "description": " includes VAT at the standard rate"}]}