{"textAnnotations": [{"boundingPoly": {"vertices": [{"x": 236.0, "y": 92.0}, {"x": 282.0, "y": 91.0}, {"x": 283.0, "y": 105.0}, {"x": 237.0, "y": 108.0}]}, "description": "merchant name"}, {"boundingPoly": {"vertices": [{"x": 233.0, "y": 127.0}, {"x": 313.0, "y": 131.0}, {"x": 313.0, "y": 140.0}, {"x": 233.0, "y": 136.0}]}, "description": "merchant address"}, {"boundingPoly": {"vertices": [{"x": 218.0, "y": 143.0}, {"x": 330.0, "y": 148.0}, {"x": 329.0, "y": 157.0}, {"x": 218.0, "y": 152.0}]}, "description": "merchant address"}, {"boundingPoly": {"vertices": [{"x": 229.0, "y": 135.0}, {"x": 318.0, "y": 140.0}, {"x": 318.0, "y": 149.0}, {"x": 229.0, "y": 144.0}]}, "description": "merchant address"}, {"boundingPoly": {"vertices": [{"x": 227.0, "y": 152.0}, {"x": 260.0, "y": 152.0}, {"x": 260.0, "y": 162.0}, {"x": 227.0, "y": 162.0}]}, "description": " Phone:"}, {"boundingPoly": {"vertices": [{"x": 261.0, "y": 154.0}, {"x": 324.0, "y": 154.0}, {"x": 324.0, "y": 165.0}, {"x": 261.0, "y": 165.0}]}, "description": "merchant phone"}, {"boundingPoly": {"vertices": [{"x": 249.0, "y": 176.0}, {"x": 309.0, "y": 179.0}, {"x": 308.0, "y": 192.0}, {"x": 249.0, "y": 190.0}]}, "description": "Take Out"}, {"boundingPoly": {"vertices": [{"x": 164.0, "y": 225.0}, {"x": 202.0, "y": 225.0}, {"x": 202.0, "y": 237.0}, {"x": 164.0, "y": 237.0}]}, "description": " Server:"}, {"boundingPoly": {"vertices": [{"x": 164.0, "y": 236.0}, {"x": 215.0, "y": 237.0}, {"x": 215.0, "y": 249.0}, {"x": 164.0, "y": 248.0}]}, "description": "Check #232"}, {"boundingPoly": {"vertices": [{"x": 203.0, "y": 225.0}, {"x": 241.0, "y": 225.0}, {"x": 241.0, "y": 238.0}, {"x": 203.0, "y": 238.0}]}, "description": " Chris M"}, {"boundingPoly": {"vertices": [{"x": 320.0, "y": 227.0}, {"x": 360.0, "y": 227.0}, {"x": 360.0, "y": 239.0}, {"x": 320.0, "y": 239.0}]}, "description": "12/01/19"}, {"boundingPoly": {"vertices": [{"x": 323.0, "y": 240.0}, {"x": 359.0, "y": 240.0}, {"x": 359.0, "y": 251.0}, {"x": 323.0, "y": 251.0}]}, "description": " 5:14 PM"}, {"boundingPoly": {"vertices": [{"x": 165.0, "y": 273.0}, {"x": 215.0, "y": 274.0}, {"x": 215.0, "y": 285.0}, {"x": 164.0, "y": 284.0}]}, "description": "Cookie Dat"}, {"boundingPoly": {"vertices": [{"x": 165.0, "y": 285.0}, {"x": 246.0, "y": 286.0}, {"x": 246.0, "y": 298.0}, {"x": 165.0, "y": 297.0}]}, "description": "Blueberry Muffin"}, {"boundingPoly": {"vertices": [{"x": 164.0, "y": 298.0}, {"x": 191.0, "y": 298.0}, {"x": 191.0, "y": 308.0}, {"x": 164.0, "y": 308.0}]}, "description": "Latte"}, {"boundingPoly": {"vertices": [{"x": 169.0, "y": 310.0}, {"x": 206.0, "y": 310.0}, {"x": 206.0, "y": 321.0}, {"x": 169.0, "y": 321.0}]}, "description": "Regular"}, {"boundingPoly": {"vertices": [{"x": 170.0, "y": 321.0}, {"x": 220.0, "y": 321.0}, {"x": 221.0, "y": 332.0}, {"x": 170.0, "y": 333.0}]}, "description": "Whole Milk"}, {"boundingPoly": {"vertices": [{"x": 332.0, "y": 275.0}, {"x": 357.0, "y": 275.0}, {"x": 358.0, "y": 287.0}, {"x": 333.0, "y": 287.0}]}, "description": "$1.00"}, {"boundingPoly": {"vertices": [{"x": 331.0, "y": 287.0}, {"x": 357.0, "y": 287.0}, {"x": 358.0, "y": 298.0}, {"x": 331.0, "y": 298.0}]}, "description": "$3.99"}, {"boundingPoly": {"vertices": [{"x": 332.0, "y": 299.0}, {"x": 357.0, "y": 300.0}, {"x": 357.0, "y": 310.0}, {"x": 331.0, "y": 309.0}]}, "description": "$4.29"}, {"boundingPoly": {"vertices": [{"x": 166.0, "y": 345.0}, {"x": 206.0, "y": 345.0}, {"x": 206.0, "y": 357.0}, {"x": 166.0, "y": 356.0}]}, "description": "Subtotal"}, {"boundingPoly": {"vertices": [{"x": 167.0, "y": 358.0}, {"x": 181.0, "y": 358.0}, {"x": 181.0, "y": 367.0}, {"x": 167.0, "y": 367.0}]}, "description": "Tax"}, {"boundingPoly": {"vertices": [{"x": 166.0, "y": 370.0}, {"x": 190.0, "y": 369.0}, {"x": 191.0, "y": 379.0}, {"x": 166.0, "y": 380.0}]}, "description": "Total"}, {"boundingPoly": {"vertices": [{"x": 330.0, "y": 345.0}, {"x": 355.0, "y": 346.0}, {"x": 355.0, "y": 357.0}, {"x": 330.0, "y": 356.0}]}, "description": "$9.28"}, {"boundingPoly": {"vertices": [{"x": 330.0, "y": 357.0}, {"x": 355.0, "y": 357.0}, {"x": 355.0, "y": 367.0}, {"x": 329.0, "y": 367.0}]}, "description": "$0.43"}, {"boundingPoly": {"vertices": [{"x": 329.0, "y": 368.0}, {"x": 353.0, "y": 368.0}, {"x": 353.0, "y": 378.0}, {"x": 329.0, "y": 378.0}]}, "description": "$9.71"}, {"boundingPoly": {"vertices": [{"x": 165.0, "y": 392.0}, {"x": 215.0, "y": 391.0}, {"x": 215.0, "y": 401.0}, {"x": 165.0, "y": 402.0}]}, "description": "Input Type"}, {"boundingPoly": {"vertices": [{"x": 208.0, "y": 401.0}, {"x": 243.0, "y": 401.0}, {"x": 243.0, "y": 413.0}, {"x": 208.0, "y": 413.0}]}, "description": " EXPRESS"}, {"boundingPoly": {"vertices": [{"x": 272.0, "y": 388.0}, {"x": 353.0, "y": 389.0}, {"x": 353.0, "y": 401.0}, {"x": 272.0, "y": 401.0}]}, "description": "C (EMV Chip Read)"}, {"boundingPoly": {"vertices": [{"x": 166.0, "y": 402.0}, {"x": 206.0, "y": 402.0}, {"x": 206.0, "y": 413.0}, {"x": 166.0, "y": 413.0}]}, "description": " AMERICAN"}, {"boundingPoly": {"vertices": [{"x": 166.0, "y": 425.0}, {"x": 220.0, "y": 425.0}, {"x": 220.0, "y": 437.0}, {"x": 166.0, "y": 437.0}]}, "description": " Transaction"}, {"boundingPoly": {"vertices": [{"x": 165.0, "y": 438.0}, {"x": 230.0, "y": 437.0}, {"x": 230.0, "y": 448.0}, {"x": 165.0, "y": 449.0}]}, "description": "Authorization"}, {"boundingPoly": {"vertices": [{"x": 165.0, "y": 451.0}, {"x": 230.0, "y": 450.0}, {"x": 230.0, "y": 461.0}, {"x": 165.0, "y": 462.0}]}, "description": "Approval Code"}, {"boundingPoly": {"vertices": [{"x": 165.0, "y": 463.0}, {"x": 215.0, "y": 461.0}, {"x": 216.0, "y": 473.0}, {"x": 165.0, "y": 475.0}]}, "description": "Payment ID"}, {"boundingPoly": {"vertices": [{"x": 166.0, "y": 474.0}, {"x": 221.0, "y": 474.0}, {"x": 221.0, "y": 488.0}, {"x": 166.0, "y": 488.0}]}, "description": " Application"}, {"boundingPoly": {"vertices": [{"x": 165.0, "y": 486.0}, {"x": 220.0, "y": 486.0}, {"x": 220.0, "y": 500.0}, {"x": 165.0, "y": 500.0}]}, "description": " Application"}, {"boundingPoly": {"vertices": [{"x": 165.0, "y": 499.0}, {"x": 206.0, "y": 499.0}, {"x": 206.0, "y": 513.0}, {"x": 165.0, "y": 513.0}]}, "description": " Terminal"}, {"boundingPoly": {"vertices": [{"x": 188.0, "y": 523.0}, {"x": 220.0, "y": 523.0}, {"x": 220.0, "y": 536.0}, {"x": 188.0, "y": 536.0}]}, "description": " Reader"}, {"boundingPoly": {"vertices": [{"x": 223.0, "y": 425.0}, {"x": 243.0, "y": 425.0}, {"x": 243.0, "y": 437.0}, {"x": 223.0, "y": 437.0}]}, "description": " Type"}, {"boundingPoly": {"vertices": [{"x": 333.0, "y": 424.0}, {"x": 353.0, "y": 424.0}, {"x": 353.0, "y": 434.0}, {"x": 333.0, "y": 434.0}]}, "description": "Sale"}, {"boundingPoly": {"vertices": [{"x": 314.0, "y": 436.0}, {"x": 354.0, "y": 436.0}, {"x": 354.0, "y": 446.0}, {"x": 314.0, "y": 446.0}]}, "description": "Approved"}, {"boundingPoly": {"vertices": [{"x": 325.0, "y": 447.0}, {"x": 354.0, "y": 447.0}, {"x": 353.0, "y": 458.0}, {"x": 325.0, "y": 458.0}]}, "description": "884489"}, {"boundingPoly": {"vertices": [{"x": 295.0, "y": 459.0}, {"x": 355.0, "y": 459.0}, {"x": 355.0, "y": 470.0}, {"x": 295.0, "y": 470.0}]}, "description": "xLJww7fMCdch"}, {"boundingPoly": {"vertices": [{"x": 277.0, "y": 471.0}, {"x": 354.0, "y": 471.0}, {"x": 354.0, "y": 482.0}, {"x": 277.0, "y": 482.0}]}, "description": "A000000025010801"}, {"boundingPoly": {"vertices": [{"x": 320.0, "y": 483.0}, {"x": 356.0, "y": 483.0}, {"x": 356.0, "y": 495.0}, {"x": 320.0, "y": 495.0}]}, "description": " EXPRESS"}, {"boundingPoly": {"vertices": [{"x": 278.0, "y": 495.0}, {"x": 356.0, "y": 495.0}, {"x": 356.0, "y": 506.0}, {"x": 278.0, "y": 507.0}]}, "description": "6b14c5ade9fdaa40"}, {"boundingPoly": {"vertices": [{"x": 312.0, "y": 507.0}, {"x": 355.0, "y": 507.0}, {"x": 355.0, "y": 517.0}, {"x": 312.0, "y": 518.0}]}, "description": "033741785"}, {"boundingPoly": {"vertices": [{"x": 258.0, "y": 532.0}, {"x": 294.0, "y": 532.0}, {"x": 295.0, "y": 543.0}, {"x": 258.0, "y": 544.0}]}, "description": "G SINGH"}, {"boundingPoly": {"vertices": [{"x": 223.0, "y": 473.0}, {"x": 236.0, "y": 473.0}, {"x": 236.0, "y": 485.0}, {"x": 223.0, "y": 485.0}]}, "description": " ID"}, {"boundingPoly": {"vertices": [{"x": 222.0, "y": 485.0}, {"x": 249.0, "y": 485.0}, {"x": 249.0, "y": 498.0}, {"x": 222.0, "y": 498.0}]}, "description": " Label"}, {"boundingPoly": {"vertices": [{"x": 278.0, "y": 484.0}, {"x": 318.0, "y": 484.0}, {"x": 318.0, "y": 495.0}, {"x": 278.0, "y": 495.0}]}, "description": " AMERICAN"}, {"boundingPoly": {"vertices": [{"x": 208.0, "y": 499.0}, {"x": 221.0, "y": 499.0}, {"x": 221.0, "y": 511.0}, {"x": 208.0, "y": 511.0}]}, "description": " ID"}, {"boundingPoly": {"vertices": [{"x": 164.0, "y": 513.0}, {"x": 220.0, "y": 510.0}, {"x": 220.0, "y": 522.0}, {"x": 164.0, "y": 525.0}]}, "description": "Merchant ID"}, {"boundingPoly": {"vertices": [{"x": 164.0, "y": 525.0}, {"x": 186.0, "y": 525.0}, {"x": 186.0, "y": 537.0}, {"x": 164.0, "y": 537.0}]}, "description": " Card"}, {"boundingPoly": {"vertices": [{"x": 241.0, "y": 593.0}, {"x": 310.0, "y": 593.0}, {"x": 310.0, "y": 606.0}, {"x": 241.0, "y": 606.0}]}, "description": " Suggested Tip:"}, {"boundingPoly": {"vertices": [{"x": 225.0, "y": 604.0}, {"x": 348.0, "y": 604.0}, {"x": 348.0, "y": 620.0}, {"x": 225.0, "y": 620.0}]}, "description": " (Tip $1.67 Total $11.38)"}, {"boundingPoly": {"vertices": [{"x": 226.0, "y": 626.0}, {"x": 347.0, "y": 626.0}, {"x": 347.0, "y": 642.0}, {"x": 226.0, "y": 642.0}]}, "description": " (Tip $2.04 Total $11.75)"}, {"boundingPoly": {"vertices": [{"x": 204.0, "y": 608.0}, {"x": 223.0, "y": 608.0}, {"x": 223.0, "y": 621.0}, {"x": 204.0, "y": 621.0}]}, "description": " 18%:"}, {"boundingPoly": {"vertices": [{"x": 202.0, "y": 620.0}, {"x": 224.0, "y": 620.0}, {"x": 224.0, "y": 632.0}, {"x": 202.0, "y": 632.0}]}, "description": " 20%:"}, {"boundingPoly": {"vertices": [{"x": 203.0, "y": 631.0}, {"x": 224.0, "y": 631.0}, {"x": 224.0, "y": 642.0}, {"x": 203.0, "y": 642.0}]}, "description": " 22%:"}, {"boundingPoly": {"vertices": [{"x": 226.0, "y": 614.0}, {"x": 348.0, "y": 614.0}, {"x": 348.0, "y": 631.0}, {"x": 226.0, "y": 631.0}]}, "description": " (Tip $1.86 Total $11.57)"}]}