{"textAnnotations": [{"boundingPoly": {"vertices": [{"x": 293.0, "y": 236.0}, {"x": 354.0, "y": 239.0}, {"x": 353.0, "y": 253.0}, {"x": 293.0, "y": 250.0}]}, "description": "----"}, {"boundingPoly": {"vertices": [{"x": 386.0, "y": 239.0}, {"x": 531.0, "y": 239.0}, {"x": 531.0, "y": 265.0}, {"x": 386.0, "y": 265.0}]}, "description": " DUPLICATE"}, {"boundingPoly": {"vertices": [{"x": 544.0, "y": 248.0}, {"x": 592.0, "y": 248.0}, {"x": 592.0, "y": 267.0}, {"x": 544.0, "y": 267.0}]}, "description": " REO"}, {"boundingPoly": {"vertices": [{"x": 334.0, "y": 285.0}, {"x": 709.0, "y": 290.0}, {"x": 708.0, "y": 321.0}, {"x": 334.0, "y": 316.0}]}, "description": "merchant name"}, {"boundingPoly": {"vertices": [{"x": 399.0, "y": 322.0}, {"x": 662.0, "y": 325.0}, {"x": 661.0, "y": 357.0}, {"x": 399.0, "y": 355.0}]}, "description": "merchant address"}, {"boundingPoly": {"vertices": [{"x": 319.0, "y": 361.0}, {"x": 728.0, "y": 361.0}, {"x": 728.0, "y": 395.0}, {"x": 319.0, "y": 395.0}]}, "description": "merchant address"}, {"boundingPoly": {"vertices": [{"x": 447.0, "y": 438.0}, {"x": 612.0, "y": 437.0}, {"x": 613.0, "y": 469.0}, {"x": 448.0, "y": 471.0}]}, "description": "CHK 659553"}, {"boundingPoly": {"vertices": [{"x": 372.0, "y": 475.0}, {"x": 679.0, "y": 475.0}, {"x": 679.0, "y": 514.0}, {"x": 372.0, "y": 514.0}]}, "description": " 11/13/2019 11:15 AM"}, {"boundingPoly": {"vertices": [{"x": 593.0, "y": 515.0}, {"x": 713.0, "y": 515.0}, {"x": 713.0, "y": 550.0}, {"x": 593.0, "y": 550.0}]}, "description": " 1 Reg:"}, {"boundingPoly": {"vertices": [{"x": 298.0, "y": 518.0}, {"x": 415.0, "y": 519.0}, {"x": 414.0, "y": 552.0}, {"x": 298.0, "y": 551.0}]}, "description": "2509240"}, {"boundingPoly": {"vertices": [{"x": 457.0, "y": 517.0}, {"x": 588.0, "y": 517.0}, {"x": 588.0, "y": 551.0}, {"x": 457.0, "y": 551.0}]}, "description": " Drawer:"}, {"boundingPoly": {"vertices": [{"x": 719.0, "y": 514.0}, {"x": 746.0, "y": 514.0}, {"x": 746.0, "y": 549.0}, {"x": 719.0, "y": 549.0}]}, "description": " 3"}, {"boundingPoly": {"vertices": [{"x": 250.0, "y": 594.0}, {"x": 497.0, "y": 594.0}, {"x": 497.0, "y": 629.0}, {"x": 250.0, "y": 630.0}]}, "description": "Tl Pep Wc Mocha"}, {"boundingPoly": {"vertices": [{"x": 277.0, "y": 637.0}, {"x": 332.0, "y": 636.0}, {"x": 331.0, "y": 668.0}, {"x": 276.0, "y": 667.0}]}, "description": "Soy"}, {"boundingPoly": {"vertices": [{"x": 249.0, "y": 673.0}, {"x": 496.0, "y": 672.0}, {"x": 496.0, "y": 708.0}, {"x": 249.0, "y": 709.0}]}, "description": "Tl Pep Wc Mocha"}, {"boundingPoly": {"vertices": [{"x": 281.0, "y": 715.0}, {"x": 334.0, "y": 717.0}, {"x": 332.0, "y": 751.0}, {"x": 279.0, "y": 748.0}]}, "description": "Soy"}, {"boundingPoly": {"vertices": [{"x": 707.0, "y": 591.0}, {"x": 772.0, "y": 591.0}, {"x": 773.0, "y": 624.0}, {"x": 706.0, "y": 625.0}]}, "description": "4.95"}, {"boundingPoly": {"vertices": [{"x": 703.0, "y": 631.0}, {"x": 774.0, "y": 632.0}, {"x": 773.0, "y": 665.0}, {"x": 703.0, "y": 665.0}]}, "description": "0.80"}, {"boundingPoly": {"vertices": [{"x": 704.0, "y": 672.0}, {"x": 773.0, "y": 672.0}, {"x": 771.0, "y": 705.0}, {"x": 704.0, "y": 706.0}]}, "description": "4.95"}, {"boundingPoly": {"vertices": [{"x": 703.0, "y": 713.0}, {"x": 773.0, "y": 713.0}, {"x": 772.0, "y": 746.0}, {"x": 704.0, "y": 747.0}]}, "description": "0.80"}, {"boundingPoly": {"vertices": [{"x": 252.0, "y": 798.0}, {"x": 320.0, "y": 799.0}, {"x": 319.0, "y": 829.0}, {"x": 252.0, "y": 828.0}]}, "description": "Amex"}, {"boundingPoly": {"vertices": [{"x": 249.0, "y": 837.0}, {"x": 514.0, "y": 836.0}, {"x": 514.0, "y": 869.0}, {"x": 249.0, "y": 871.0}]}, "description": "XXXXXXXXXXXX1009"}, {"boundingPoly": {"vertices": [{"x": 444.0, "y": 876.0}, {"x": 576.0, "y": 876.0}, {"x": 576.0, "y": 912.0}, {"x": 444.0, "y": 912.0}]}, "description": " TAP CHIP"}, {"boundingPoly": {"vertices": [{"x": 442.0, "y": 916.0}, {"x": 577.0, "y": 916.0}, {"x": 577.0, "y": 952.0}, {"x": 442.0, "y": 952.0}]}, "description": " PURCHASE"}, {"boundingPoly": {"vertices": [{"x": 457.0, "y": 955.0}, {"x": 590.0, "y": 955.0}, {"x": 590.0, "y": 990.0}, {"x": 457.0, "y": 990.0}]}, "description": " 00000146"}, {"boundingPoly": {"vertices": [{"x": 425.0, "y": 995.0}, {"x": 688.0, "y": 995.0}, {"x": 688.0, "y": 1029.0}, {"x": 425.0, "y": 1029.0}]}, "description": " AMERICAN EXPRESS"}, {"boundingPoly": {"vertices": [{"x": 379.0, "y": 1032.0}, {"x": 478.0, "y": 1032.0}, {"x": 478.0, "y": 1068.0}, {"x": 379.0, "y": 1068.0}]}, "description": " 838778"}, {"boundingPoly": {"vertices": [{"x": 329.0, "y": 1071.0}, {"x": 591.0, "y": 1071.0}, {"x": 591.0, "y": 1107.0}, {"x": 329.0, "y": 1107.0}]}, "description": " A000000025010801"}, {"boundingPoly": {"vertices": [{"x": 328.0, "y": 1112.0}, {"x": 495.0, "y": 1112.0}, {"x": 495.0, "y": 1146.0}, {"x": 328.0, "y": 1146.0}]}, "description": " 0010008000"}, {"boundingPoly": {"vertices": [{"x": 330.0, "y": 1153.0}, {"x": 400.0, "y": 1153.0}, {"x": 400.0, "y": 1188.0}, {"x": 330.0, "y": 1188.0}]}, "description": " E800"}, {"boundingPoly": {"vertices": [{"x": 690.0, "y": 794.0}, {"x": 772.0, "y": 793.0}, {"x": 771.0, "y": 828.0}, {"x": 691.0, "y": 827.0}]}, "description": "12.52"}, {"boundingPoly": {"vertices": [{"x": 249.0, "y": 877.0}, {"x": 439.0, "y": 877.0}, {"x": 439.0, "y": 912.0}, {"x": 249.0, "y": 912.0}]}, "description": " Card Entry:"}, {"boundingPoly": {"vertices": [{"x": 255.0, "y": 916.0}, {"x": 435.0, "y": 916.0}, {"x": 435.0, "y": 952.0}, {"x": 255.0, "y": 952.0}]}, "description": " Trans Type:"}, {"boundingPoly": {"vertices": [{"x": 252.0, "y": 957.0}, {"x": 451.0, "y": 957.0}, {"x": 451.0, "y": 992.0}, {"x": 252.0, "y": 992.0}]}, "description": " Reference #:"}, {"boundingPoly": {"vertices": [{"x": 254.0, "y": 995.0}, {"x": 419.0, "y": 995.0}, {"x": 419.0, "y": 1033.0}, {"x": 254.0, "y": 1033.0}]}, "description": " App Label:"}, {"boundingPoly": {"vertices": [{"x": 254.0, "y": 1035.0}, {"x": 373.0, "y": 1035.0}, {"x": 373.0, "y": 1069.0}, {"x": 254.0, "y": 1069.0}]}, "description": " Auth #:"}, {"boundingPoly": {"vertices": [{"x": 253.0, "y": 1074.0}, {"x": 323.0, "y": 1074.0}, {"x": 323.0, "y": 1108.0}, {"x": 253.0, "y": 1108.0}]}, "description": " AID:"}, {"boundingPoly": {"vertices": [{"x": 253.0, "y": 1113.0}, {"x": 322.0, "y": 1113.0}, {"x": 322.0, "y": 1147.0}, {"x": 253.0, "y": 1147.0}]}, "description": " TVR:"}, {"boundingPoly": {"vertices": [{"x": 254.0, "y": 1155.0}, {"x": 324.0, "y": 1155.0}, {"x": 324.0, "y": 1188.0}, {"x": 254.0, "y": 1188.0}]}, "description": " TSI:"}, {"boundingPoly": {"vertices": [{"x": 249.0, "y": 1233.0}, {"x": 381.0, "y": 1232.0}, {"x": 381.0, "y": 1266.0}, {"x": 249.0, "y": 1267.0}]}, "description": "Subtotal"}, {"boundingPoly": {"vertices": [{"x": 247.0, "y": 1272.0}, {"x": 415.0, "y": 1270.0}, {"x": 416.0, "y": 1305.0}, {"x": 248.0, "y": 1307.0}]}, "description": "Tax 8.875%"}, {"boundingPoly": {"vertices": [{"x": 246.0, "y": 1313.0}, {"x": 335.0, "y": 1313.0}, {"x": 335.0, "y": 1347.0}, {"x": 246.0, "y": 1347.0}]}, "description": "Total"}, {"boundingPoly": {"vertices": [{"x": 193.0, "y": 1355.0}, {"x": 526.0, "y": 1352.0}, {"x": 527.0, "y": 1386.0}, {"x": 193.0, "y": 1389.0}]}, "description": "Change Due"}, {"boundingPoly": {"vertices": [{"x": 652.0, "y": 1230.0}, {"x": 752.0, "y": 1228.0}, {"x": 751.0, "y": 1262.0}, {"x": 653.0, "y": 1265.0}]}, "description": "$11.50"}, {"boundingPoly": {"vertices": [{"x": 673.0, "y": 1270.0}, {"x": 753.0, "y": 1269.0}, {"x": 753.0, "y": 1302.0}, {"x": 674.0, "y": 1303.0}]}, "description": "$1.02"}, {"boundingPoly": {"vertices": [{"x": 653.0, "y": 1309.0}, {"x": 754.0, "y": 1308.0}, {"x": 754.0, "y": 1342.0}, {"x": 654.0, "y": 1345.0}]}, "description": "$12.52"}, {"boundingPoly": {"vertices": [{"x": 686.0, "y": 1351.0}, {"x": 851.0, "y": 1349.0}, {"x": 851.0, "y": 1382.0}, {"x": 687.0, "y": 1385.0}]}, "description": "$0.00"}, {"boundingPoly": {"vertices": [{"x": 381.0, "y": 1434.0}, {"x": 607.0, "y": 1432.0}, {"x": 608.0, "y": 1467.0}, {"x": 381.0, "y": 1470.0}]}, "description": "Check Closed"}, {"boundingPoly": {"vertices": [{"x": 360.0, "y": 1473.0}, {"x": 680.0, "y": 1473.0}, {"x": 680.0, "y": 1516.0}, {"x": 360.0, "y": 1516.0}]}, "description": " 11/13/2019 11:15 AM"}, {"boundingPoly": {"vertices": [{"x": 325.0, "y": 1684.0}, {"x": 729.0, "y": 1683.0}, {"x": 729.0, "y": 1716.0}, {"x": 325.0, "y": 1718.0}]}, "description": "Join our loyalty program"}, {"boundingPoly": {"vertices": [{"x": 374.0, "y": 1720.0}, {"x": 680.0, "y": 1718.0}, {"x": 680.0, "y": 1756.0}, {"x": 374.0, "y": 1757.0}]}, "description": "Starbucks Rewards\u00ae"}, {"boundingPoly": {"vertices": [{"x": 270.0, "y": 1761.0}, {"x": 780.0, "y": 1761.0}, {"x": 780.0, "y": 1800.0}, {"x": 270.0, "y": 1800.0}]}, "description": "Sign up for promotional emails"}, {"boundingPoly": {"vertices": [{"x": 287.0, "y": 1805.0}, {"x": 748.0, "y": 1808.0}, {"x": 748.0, "y": 1847.0}, {"x": 287.0, "y": 1844.0}]}, "description": "Visit Starbucks.com/rewards"}, {"boundingPoly": {"vertices": [{"x": 350.0, "y": 1851.0}, {"x": 680.0, "y": 1853.0}, {"x": 679.0, "y": 1893.0}, {"x": 350.0, "y": 1889.0}]}, "description": "Or download our app"}, {"boundingPoly": {"vertices": [{"x": 315.0, "y": 1897.0}, {"x": 715.0, "y": 1900.0}, {"x": 715.0, "y": 1940.0}, {"x": 315.0, "y": 1938.0}]}, "description": "At participating stores"}, {"boundingPoly": {"vertices": [{"x": 312.0, "y": 1944.0}, {"x": 715.0, "y": 1947.0}, {"x": 715.0, "y": 1990.0}, {"x": 312.0, "y": 1984.0}]}, "description": "Some restrictions apply"}]}