{"textAnnotations": [{"boundingPoly": {"vertices": [{"x": 504.0, "y": 121.0}, {"x": 929.0, "y": 138.0}, {"x": 926.0, "y": 193.0}, {"x": 504.0, "y": 172.0}]}, "description": "merchant name"}, {"boundingPoly": {"vertices": [{"x": 285.0, "y": 187.0}, {"x": 1109.0, "y": 203.0}, {"x": 1107.0, "y": 270.0}, {"x": 284.0, "y": 251.0}]}, "description": "merchant address"}, {"boundingPoly": {"vertices": [{"x": 425.0, "y": 262.0}, {"x": 1000.0, "y": 266.0}, {"x": 999.0, "y": 323.0}, {"x": 425.0, "y": 318.0}]}, "description": "merchant address"}, {"boundingPoly": {"vertices": [{"x": 484.0, "y": 334.0}, {"x": 813.0, "y": 334.0}, {"x": 813.0, "y": 395.0}, {"x": 484.0, "y": 395.0}]}, "description": "merchant address"}, {"boundingPoly": {"vertices": [{"x": 458.0, "y": 414.0}, {"x": 1009.0, "y": 403.0}, {"x": 1010.0, "y": 463.0}, {"x": 459.0, "y": 477.0}]}, "description": "(602) 866-DUCE (3823"}, {"boundingPoly": {"vertices": [{"x": 835.0, "y": 334.0}, {"x": 980.0, "y": 334.0}, {"x": 980.0, "y": 390.0}, {"x": 835.0, "y": 390.0}]}, "description": "merchant address"}, {"boundingPoly": {"vertices": [{"x": 201.0, "y": 591.0}, {"x": 362.0, "y": 581.0}, {"x": 363.0, "y": 643.0}, {"x": 204.0, "y": 650.0}]}, "description": "LIZ"}, {"boundingPoly": {"vertices": [{"x": 338.0, "y": 649.0}, {"x": 602.0, "y": 649.0}, {"x": 602.0, "y": 722.0}, {"x": 338.0, "y": 722.0}]}, "description": " T40 Gsts:"}, {"boundingPoly": {"vertices": [{"x": 226.0, "y": 736.0}, {"x": 373.0, "y": 736.0}, {"x": 373.0, "y": 796.0}, {"x": 226.0, "y": 796.0}]}, "description": " Date:"}, {"boundingPoly": {"vertices": [{"x": 211.0, "y": 663.0}, {"x": 329.0, "y": 663.0}, {"x": 329.0, "y": 727.0}, {"x": 211.0, "y": 727.0}]}, "description": " Tbl:"}, {"boundingPoly": {"vertices": [{"x": 611.0, "y": 639.0}, {"x": 813.0, "y": 639.0}, {"x": 813.0, "y": 710.0}, {"x": 611.0, "y": 710.0}]}, "description": " 1 Srvr:"}, {"boundingPoly": {"vertices": [{"x": 381.0, "y": 718.0}, {"x": 869.0, "y": 718.0}, {"x": 869.0, "y": 790.0}, {"x": 381.0, "y": 790.0}]}, "description": " 11-08-2019 1:59pm"}, {"boundingPoly": {"vertices": [{"x": 822.0, "y": 624.0}, {"x": 1104.0, "y": 624.0}, {"x": 1104.0, "y": 699.0}, {"x": 822.0, "y": 699.0}]}, "description": " AM Trailer"}, {"boundingPoly": {"vertices": [{"x": 970.0, "y": 709.0}, {"x": 1293.0, "y": 694.0}, {"x": 1295.0, "y": 751.0}, {"x": 973.0, "y": 766.0}]}, "description": "1.0925.00056"}, {"boundingPoly": {"vertices": [{"x": 338.0, "y": 868.0}, {"x": 370.0, "y": 868.0}, {"x": 370.0, "y": 916.0}, {"x": 338.0, "y": 916.0}]}, "description": " 1"}, {"boundingPoly": {"vertices": [{"x": 322.0, "y": 930.0}, {"x": 706.0, "y": 928.0}, {"x": 707.0, "y": 982.0}, {"x": 322.0, "y": 986.0}]}, "description": "2 Brie Special"}, {"boundingPoly": {"vertices": [{"x": 363.0, "y": 997.0}, {"x": 787.0, "y": 997.0}, {"x": 787.0, "y": 1057.0}, {"x": 363.0, "y": 1057.0}]}, "description": " NEW Chx Pot Pie"}, {"boundingPoly": {"vertices": [{"x": 311.0, "y": 1072.0}, {"x": 755.0, "y": 1074.0}, {"x": 755.0, "y": 1135.0}, {"x": 311.0, "y": 1134.0}]}, "description": "2 Slider Sampler"}, {"boundingPoly": {"vertices": [{"x": 316.0, "y": 1152.0}, {"x": 348.0, "y": 1152.0}, {"x": 348.0, "y": 1211.0}, {"x": 316.0, "y": 1211.0}]}, "description": " 1"}, {"boundingPoly": {"vertices": [{"x": 277.0, "y": 1226.0}, {"x": 725.0, "y": 1226.0}, {"x": 725.0, "y": 1297.0}, {"x": 277.0, "y": 1297.0}]}, "description": " Guest # 1 Total:"}, {"boundingPoly": {"vertices": [{"x": 379.0, "y": 860.0}, {"x": 787.0, "y": 860.0}, {"x": 787.0, "y": 916.0}, {"x": 379.0, "y": 916.0}]}, "description": " Mac Chs Platter"}, {"boundingPoly": {"vertices": [{"x": 919.0, "y": 854.0}, {"x": 1056.0, "y": 850.0}, {"x": 1056.0, "y": 903.0}, {"x": 920.0, "y": 907.0}]}, "description": "15.00"}, {"boundingPoly": {"vertices": [{"x": 918.0, "y": 926.0}, {"x": 1055.0, "y": 922.0}, {"x": 1057.0, "y": 976.0}, {"x": 920.0, "y": 978.0}]}, "description": "26.00"}, {"boundingPoly": {"vertices": [{"x": 920.0, "y": 999.0}, {"x": 1056.0, "y": 998.0}, {"x": 1056.0, "y": 1052.0}, {"x": 921.0, "y": 1054.0}]}, "description": "11.00"}, {"boundingPoly": {"vertices": [{"x": 916.0, "y": 1075.0}, {"x": 1056.0, "y": 1074.0}, {"x": 1056.0, "y": 1131.0}, {"x": 915.0, "y": 1131.0}]}, "description": "22.00"}, {"boundingPoly": {"vertices": [{"x": 923.0, "y": 1154.0}, {"x": 1055.0, "y": 1152.0}, {"x": 1057.0, "y": 1207.0}, {"x": 924.0, "y": 1208.0}]}, "description": "10.00"}, {"boundingPoly": {"vertices": [{"x": 968.0, "y": 1228.0}, {"x": 1110.0, "y": 1225.0}, {"x": 1112.0, "y": 1295.0}, {"x": 968.0, "y": 1297.0}]}, "description": "91.24"}, {"boundingPoly": {"vertices": [{"x": 320.0, "y": 998.0}, {"x": 352.0, "y": 998.0}, {"x": 352.0, "y": 1057.0}, {"x": 320.0, "y": 1057.0}]}, "description": " 1"}, {"boundingPoly": {"vertices": [{"x": 358.0, "y": 1152.0}, {"x": 731.0, "y": 1152.0}, {"x": 731.0, "y": 1214.0}, {"x": 358.0, "y": 1214.0}]}, "description": " Artichoke Dip"}, {"boundingPoly": {"vertices": [{"x": 196.0, "y": 1236.0}, {"x": 236.0, "y": 1235.0}, {"x": 236.0, "y": 1282.0}, {"x": 197.0, "y": 1283.0}]}, "description": "*"}, {"boundingPoly": {"vertices": [{"x": 528.0, "y": 1391.0}, {"x": 801.0, "y": 1391.0}, {"x": 801.0, "y": 1452.0}, {"x": 528.0, "y": 1452.0}]}, "description": " Sub-Total:"}, {"boundingPoly": {"vertices": [{"x": 698.0, "y": 1473.0}, {"x": 804.0, "y": 1473.0}, {"x": 804.0, "y": 1528.0}, {"x": 698.0, "y": 1528.0}]}, "description": " Tax:"}, {"boundingPoly": {"vertices": [{"x": 202.0, "y": 1545.0}, {"x": 740.0, "y": 1545.0}, {"x": 740.0, "y": 1607.0}, {"x": 202.0, "y": 1607.0}]}, "description": " Total Due:"}, {"boundingPoly": {"vertices": [{"x": 200.0, "y": 1619.0}, {"x": 752.0, "y": 1624.0}, {"x": 752.0, "y": 1680.0}, {"x": 200.0, "y": 1676.0}]}, "description": "Pymt AMEX*"}, {"boundingPoly": {"vertices": [{"x": 287.0, "y": 1694.0}, {"x": 982.0, "y": 1694.0}, {"x": 982.0, "y": 1753.0}, {"x": 287.0, "y": 1753.0}]}, "description": " # ****** 2009 ** / ** Auth:"}, {"boundingPoly": {"vertices": [{"x": 915.0, "y": 1386.0}, {"x": 1063.0, "y": 1384.0}, {"x": 1064.0, "y": 1452.0}, {"x": 914.0, "y": 1454.0}]}, "description": "84.00"}, {"boundingPoly": {"vertices": [{"x": 951.0, "y": 1463.0}, {"x": 1063.0, "y": 1463.0}, {"x": 1064.0, "y": 1532.0}, {"x": 952.0, "y": 1532.0}]}, "description": "7.24"}, {"boundingPoly": {"vertices": [{"x": 971.0, "y": 1545.0}, {"x": 1238.0, "y": 1540.0}, {"x": 1239.0, "y": 1598.0}, {"x": 972.0, "y": 1605.0}]}, "description": "91.24"}, {"boundingPoly": {"vertices": [{"x": 1026.0, "y": 1620.0}, {"x": 1291.0, "y": 1616.0}, {"x": 1293.0, "y": 1671.0}, {"x": 1027.0, "y": 1678.0}]}, "description": "91.24"}, {"boundingPoly": {"vertices": [{"x": 991.0, "y": 1694.0}, {"x": 1161.0, "y": 1694.0}, {"x": 1161.0, "y": 1753.0}, {"x": 991.0, "y": 1753.0}]}, "description": " 807437"}, {"boundingPoly": {"vertices": [{"x": 286.0, "y": 1834.0}, {"x": 1222.0, "y": 1842.0}, {"x": 1221.0, "y": 1897.0}, {"x": 286.0, "y": 1889.0}]}, "description": "15%=$13.68 17.5%=$15.96 20%=$18.24"}, {"boundingPoly": {"vertices": [{"x": 432.0, "y": 1903.0}, {"x": 1035.0, "y": 1903.0}, {"x": 1035.0, "y": 1953.0}, {"x": 432.0, "y": 1953.0}]}, "description": " For Your Convenience:"}]}