{"textAnnotations": [{"boundingPoly": {"vertices": [{"x": 289.0, "y": 80.0}, {"x": 942.0, "y": 77.0}, {"x": 943.0, "y": 130.0}, {"x": 289.0, "y": 141.0}]}, "description": "merchant name"}, {"boundingPoly": {"vertices": [{"x": 287.0, "y": 149.0}, {"x": 1046.0, "y": 145.0}, {"x": 1047.0, "y": 197.0}, {"x": 287.0, "y": 205.0}]}, "description": "merchant name"}, {"boundingPoly": {"vertices": [{"x": 287.0, "y": 294.0}, {"x": 488.0, "y": 294.0}, {"x": 488.0, "y": 348.0}, {"x": 287.0, "y": 348.0}]}, "description": " Order #:"}, {"boundingPoly": {"vertices": [{"x": 285.0, "y": 375.0}, {"x": 319.0, "y": 379.0}, {"x": 314.0, "y": 418.0}, {"x": 281.0, "y": 414.0}]}, "description": "6"}, {"boundingPoly": {"vertices": [{"x": 283.0, "y": 443.0}, {"x": 461.0, "y": 443.0}, {"x": 461.0, "y": 496.0}, {"x": 283.0, "y": 496.0}]}, "description": " Server:"}, {"boundingPoly": {"vertices": [{"x": 272.0, "y": 508.0}, {"x": 780.0, "y": 508.0}, {"x": 780.0, "y": 559.0}, {"x": 272.0, "y": 559.0}]}, "description": " 2019-11-20 13:17:36"}, {"boundingPoly": {"vertices": [{"x": 498.0, "y": 292.0}, {"x": 1003.0, "y": 292.0}, {"x": 1003.0, "y": 347.0}, {"x": 498.0, "y": 347.0}]}, "description": " 1002-28382 Check:"}, {"boundingPoly": {"vertices": [{"x": 1013.0, "y": 294.0}, {"x": 1040.0, "y": 294.0}, {"x": 1040.0, "y": 345.0}, {"x": 1013.0, "y": 345.0}]}, "description": " 1"}, {"boundingPoly": {"vertices": [{"x": 470.0, "y": 445.0}, {"x": 658.0, "y": 445.0}, {"x": 658.0, "y": 498.0}, {"x": 470.0, "y": 498.0}]}, "description": " Ignacia"}, {"boundingPoly": {"vertices": [{"x": 447.0, "y": 709.0}, {"x": 969.0, "y": 709.0}, {"x": 969.0, "y": 763.0}, {"x": 447.0, "y": 763.0}]}, "description": "CREDIT CARD SALE"}, {"boundingPoly": {"vertices": [{"x": 266.0, "y": 854.0}, {"x": 413.0, "y": 854.0}, {"x": 413.0, "y": 907.0}, {"x": 266.0, "y": 907.0}]}, "description": " AMEX"}, {"boundingPoly": {"vertices": [{"x": 266.0, "y": 930.0}, {"x": 415.0, "y": 930.0}, {"x": 415.0, "y": 984.0}, {"x": 266.0, "y": 984.0}]}, "description": " Ref #:"}, {"boundingPoly": {"vertices": [{"x": 270.0, "y": 1006.0}, {"x": 544.0, "y": 1006.0}, {"x": 544.0, "y": 1060.0}, {"x": 270.0, "y": 1060.0}]}, "description": " Auth Code:"}, {"boundingPoly": {"vertices": [{"x": 422.0, "y": 855.0}, {"x": 465.0, "y": 855.0}, {"x": 465.0, "y": 907.0}, {"x": 422.0, "y": 907.0}]}, "description": " ..."}, {"boundingPoly": {"vertices": [{"x": 425.0, "y": 931.0}, {"x": 724.0, "y": 931.0}, {"x": 724.0, "y": 984.0}, {"x": 425.0, "y": 984.0}]}, "description": " 1481112254"}, {"boundingPoly": {"vertices": [{"x": 474.0, "y": 855.0}, {"x": 598.0, "y": 855.0}, {"x": 598.0, "y": 908.0}, {"x": 474.0, "y": 908.0}]}, "description": " 1008"}, {"boundingPoly": {"vertices": [{"x": 554.0, "y": 1006.0}, {"x": 741.0, "y": 1006.0}, {"x": 741.0, "y": 1059.0}, {"x": 554.0, "y": 1059.0}]}, "description": " 587026"}, {"boundingPoly": {"vertices": [{"x": 635.0, "y": 1145.0}, {"x": 857.0, "y": 1145.0}, {"x": 857.0, "y": 1198.0}, {"x": 635.0, "y": 1198.0}]}, "description": " Amount:"}, {"boundingPoly": {"vertices": [{"x": 959.0, "y": 1146.0}, {"x": 1144.0, "y": 1144.0}, {"x": 1145.0, "y": 1199.0}, {"x": 959.0, "y": 1202.0}]}, "description": "$ 52.61"}, {"boundingPoly": {"vertices": [{"x": 1000.0, "y": 1292.0}, {"x": 1155.0, "y": 1228.0}, {"x": 1180.0, "y": 1290.0}, {"x": 1021.0, "y": 1355.0}]}, "description": "100"}, {"boundingPoly": {"vertices": [{"x": 975.0, "y": 1393.0}, {"x": 1160.0, "y": 1354.0}, {"x": 1178.0, "y": 1419.0}, {"x": 984.0, "y": 1477.0}]}, "description": "6261"}, {"boundingPoly": {"vertices": [{"x": 635.0, "y": 1293.0}, {"x": 862.0, "y": 1293.0}, {"x": 862.0, "y": 1356.0}, {"x": 635.0, "y": 1356.0}]}, "description": " Gratuity:"}, {"boundingPoly": {"vertices": [{"x": 716.0, "y": 1446.0}, {"x": 859.0, "y": 1446.0}, {"x": 859.0, "y": 1504.0}, {"x": 716.0, "y": 1504.0}]}, "description": " Total:"}, {"boundingPoly": {"vertices": [{"x": 225.0, "y": 1676.0}, {"x": 422.0, "y": 1676.0}, {"x": 422.0, "y": 1742.0}, {"x": 225.0, "y": 1742.0}]}, "description": " Signed:"}, {"boundingPoly": {"vertices": [{"x": 497.0, "y": 1876.0}, {"x": 906.0, "y": 1887.0}, {"x": 904.0, "y": 1948.0}, {"x": 497.0, "y": 1934.0}]}, "description": "Merchant Copy"}]}