{"textAnnotations": [{"boundingPoly": {"vertices": [{"x": 631.0, "y": 272.0}, {"x": 1121.0, "y": 252.0}, {"x": 1122.0, "y": 290.0}, {"x": 633.0, "y": 314.0}]}, "description": "Thank You For Visiting the"}, {"boundingPoly": {"vertices": [{"x": 716.0, "y": 347.0}, {"x": 1013.0, "y": 337.0}, {"x": 1014.0, "y": 375.0}, {"x": 717.0, "y": 385.0}]}, "description": "Matthew Fraysier"}, {"boundingPoly": {"vertices": [{"x": 747.0, "y": 424.0}, {"x": 984.0, "y": 417.0}, {"x": 985.0, "y": 455.0}, {"x": 747.0, "y": 462.0}]}, "description": "merchant phone"}, {"boundingPoly": {"vertices": [{"x": 646.0, "y": 507.0}, {"x": 1079.0, "y": 495.0}, {"x": 1080.0, "y": 532.0}, {"x": 646.0, "y": 547.0}]}, "description": "Text @LTF11479 to 73940"}, {"boundingPoly": {"vertices": [{"x": 636.0, "y": 311.0}, {"x": 1112.0, "y": 289.0}, {"x": 1114.0, "y": 328.0}, {"x": 636.0, "y": 351.0}]}, "description": "merchant name"}, {"boundingPoly": {"vertices": [{"x": 727.0, "y": 387.0}, {"x": 1003.0, "y": 380.0}, {"x": 1004.0, "y": 416.0}, {"x": 728.0, "y": 425.0}]}, "description": "General Manager"}, {"boundingPoly": {"vertices": [{"x": 652.0, "y": 466.0}, {"x": 1068.0, "y": 452.0}, {"x": 1069.0, "y": 491.0}, {"x": 652.0, "y": 505.0}]}, "description": "We Love Your Feedback!"}, {"boundingPoly": {"vertices": [{"x": 1200.0, "y": 575.0}, {"x": 1253.0, "y": 576.0}, {"x": 1253.0, "y": 613.0}, {"x": 1199.0, "y": 612.0}]}, "description": "USD"}, {"boundingPoly": {"vertices": [{"x": 1183.0, "y": 618.0}, {"x": 1259.0, "y": 617.0}, {"x": 1258.0, "y": 653.0}, {"x": 1182.0, "y": 654.0}]}, "description": "0.95"}, {"boundingPoly": {"vertices": [{"x": 1183.0, "y": 656.0}, {"x": 1257.0, "y": 655.0}, {"x": 1257.0, "y": 693.0}, {"x": 1183.0, "y": 695.0}]}, "description": "1.30"}, {"boundingPoly": {"vertices": [{"x": 1184.0, "y": 701.0}, {"x": 1254.0, "y": 699.0}, {"x": 1254.0, "y": 737.0}, {"x": 1184.0, "y": 739.0}]}, "description": "1.80"}, {"boundingPoly": {"vertices": [{"x": 474.0, "y": 637.0}, {"x": 764.0, "y": 627.0}, {"x": 765.0, "y": 668.0}, {"x": 476.0, "y": 678.0}]}, "description": "Assorted Cookie"}, {"boundingPoly": {"vertices": [{"x": 471.0, "y": 719.0}, {"x": 853.0, "y": 709.0}, {"x": 854.0, "y": 749.0}, {"x": 471.0, "y": 758.0}]}, "description": "Schweppes Ginger Ale"}, {"boundingPoly": {"vertices": [{"x": 474.0, "y": 667.0}, {"x": 805.0, "y": 667.0}, {"x": 805.0, "y": 720.0}, {"x": 474.0, "y": 720.0}]}, "description": " Chip Lays Classic"}, {"boundingPoly": {"vertices": [{"x": 813.0, "y": 666.0}, {"x": 836.0, "y": 666.0}, {"x": 836.0, "y": 710.0}, {"x": 813.0, "y": 710.0}]}, "description": " 1"}, {"boundingPoly": {"vertices": [{"x": 901.0, "y": 794.0}, {"x": 1079.0, "y": 790.0}, {"x": 1080.0, "y": 830.0}, {"x": 901.0, "y": 834.0}]}, "description": "Sub Total"}, {"boundingPoly": {"vertices": [{"x": 899.0, "y": 837.0}, {"x": 1096.0, "y": 834.0}, {"x": 1097.0, "y": 873.0}, {"x": 899.0, "y": 877.0}]}, "description": "Tax Amount"}, {"boundingPoly": {"vertices": [{"x": 1175.0, "y": 785.0}, {"x": 1257.0, "y": 784.0}, {"x": 1255.0, "y": 823.0}, {"x": 1176.0, "y": 824.0}]}, "description": "4.05"}, {"boundingPoly": {"vertices": [{"x": 1168.0, "y": 829.0}, {"x": 1259.0, "y": 827.0}, {"x": 1259.0, "y": 866.0}, {"x": 1169.0, "y": 868.0}]}, "description": "0.36"}, {"boundingPoly": {"vertices": [{"x": 425.0, "y": 978.0}, {"x": 781.0, "y": 972.0}, {"x": 782.0, "y": 1047.0}, {"x": 427.0, "y": 1054.0}]}, "description": "Total USD"}, {"boundingPoly": {"vertices": [{"x": 1088.0, "y": 968.0}, {"x": 1251.0, "y": 964.0}, {"x": 1249.0, "y": 1040.0}, {"x": 1091.0, "y": 1042.0}]}, "description": "4.41"}, {"boundingPoly": {"vertices": [{"x": 411.0, "y": 1187.0}, {"x": 601.0, "y": 1187.0}, {"x": 601.0, "y": 1229.0}, {"x": 411.0, "y": 1229.0}]}, "description": "5008 AMEX"}, {"boundingPoly": {"vertices": [{"x": 1169.0, "y": 1178.0}, {"x": 1247.0, "y": 1180.0}, {"x": 1248.0, "y": 1219.0}, {"x": 1169.0, "y": 1218.0}]}, "description": "4.41"}, {"boundingPoly": {"vertices": [{"x": 409.0, "y": 1329.0}, {"x": 474.0, "y": 1330.0}, {"x": 473.0, "y": 1370.0}, {"x": 407.0, "y": 1369.0}]}, "description": "Tax"}, {"boundingPoly": {"vertices": [{"x": 404.0, "y": 1373.0}, {"x": 565.0, "y": 1373.0}, {"x": 565.0, "y": 1420.0}, {"x": 404.0, "y": 1419.0}]}, "description": "() 8.875"}, {"boundingPoly": {"vertices": [{"x": 725.0, "y": 1322.0}, {"x": 1035.0, "y": 1322.0}, {"x": 1035.0, "y": 1372.0}, {"x": 725.0, "y": 1372.0}]}, "description": " Taxable Amount-"}, {"boundingPoly": {"vertices": [{"x": 924.0, "y": 1373.0}, {"x": 1006.0, "y": 1371.0}, {"x": 1006.0, "y": 1410.0}, {"x": 923.0, "y": 1410.0}]}, "description": "4.05"}, {"boundingPoly": {"vertices": [{"x": 1042.0, "y": 1321.0}, {"x": 1252.0, "y": 1321.0}, {"x": 1252.0, "y": 1365.0}, {"x": 1042.0, "y": 1365.0}]}, "description": " Tax Amount"}, {"boundingPoly": {"vertices": [{"x": 1169.0, "y": 1367.0}, {"x": 1251.0, "y": 1368.0}, {"x": 1252.0, "y": 1407.0}, {"x": 1167.0, "y": 1408.0}]}, "description": "0.36"}, {"boundingPoly": {"vertices": [{"x": 393.0, "y": 1515.0}, {"x": 823.0, "y": 1515.0}, {"x": 823.0, "y": 1568.0}, {"x": 393.0, "y": 1568.0}]}, "description": " 11/25/2019 01:15 PM #:"}, {"boundingPoly": {"vertices": [{"x": 385.0, "y": 1568.0}, {"x": 604.0, "y": 1568.0}, {"x": 604.0, "y": 1615.0}, {"x": 385.0, "y": 1615.0}]}, "description": " 103 S:1111"}, {"boundingPoly": {"vertices": [{"x": 379.0, "y": 1618.0}, {"x": 595.0, "y": 1618.0}, {"x": 595.0, "y": 1666.0}, {"x": 379.0, "y": 1666.0}]}, "description": " Served you"}, {"boundingPoly": {"vertices": [{"x": 832.0, "y": 1512.0}, {"x": 1249.0, "y": 1512.0}, {"x": 1249.0, "y": 1564.0}, {"x": 832.0, "y": 1564.0}]}, "description": " 43060 Op:4024 C:111"}, {"boundingPoly": {"vertices": [{"x": 604.0, "y": 1615.0}, {"x": 1049.0, "y": 1615.0}, {"x": 1049.0, "y": 1666.0}, {"x": 604.0, "y": 1666.0}]}, "description": " : Winifred Wellington"}, {"boundingPoly": {"vertices": [{"x": 547.0, "y": 1822.0}, {"x": 996.0, "y": 1824.0}, {"x": 996.0, "y": 1870.0}, {"x": 547.0, "y": 1869.0}]}, "description": "*** Customer copy ***"}, {"boundingPoly": {"vertices": [{"x": 622.0, "y": 1927.0}, {"x": 924.0, "y": 1927.0}, {"x": 924.0, "y": 1980.0}, {"x": 622.0, "y": 1978.0}]}, "description": "AMEX NY937 (3)"}, {"boundingPoly": {"vertices": [{"x": 344.0, "y": 2033.0}, {"x": 754.0, "y": 2034.0}, {"x": 753.0, "y": 2084.0}, {"x": 344.0, "y": 2083.0}]}, "description": "PURCHASE / APPROVED"}, {"boundingPoly": {"vertices": [{"x": 342.0, "y": 2089.0}, {"x": 427.0, "y": 2093.0}, {"x": 425.0, "y": 2135.0}, {"x": 340.0, "y": 2133.0}]}, "description": "AMEX"}, {"boundingPoly": {"vertices": [{"x": 333.0, "y": 2145.0}, {"x": 662.0, "y": 2148.0}, {"x": 661.0, "y": 2194.0}, {"x": 333.0, "y": 2189.0}]}, "description": "*********** 1006"}, {"boundingPoly": {"vertices": [{"x": 328.0, "y": 2196.0}, {"x": 770.0, "y": 2203.0}, {"x": 769.0, "y": 2252.0}, {"x": 328.0, "y": 2246.0}]}, "description": "CONTACTLESS / No CVM"}, {"boundingPoly": {"vertices": [{"x": 314.0, "y": 2307.0}, {"x": 739.0, "y": 2307.0}, {"x": 739.0, "y": 2367.0}, {"x": 314.0, "y": 2367.0}]}, "description": " 2019/11/25 13:16:04"}, {"boundingPoly": {"vertices": [{"x": 319.0, "y": 2367.0}, {"x": 386.0, "y": 2368.0}, {"x": 384.0, "y": 2419.0}, {"x": 317.0, "y": 2418.0}]}, "description": "TID"}, {"boundingPoly": {"vertices": [{"x": 313.0, "y": 2426.0}, {"x": 383.0, "y": 2426.0}, {"x": 380.0, "y": 2474.0}, {"x": 310.0, "y": 2474.0}]}, "description": "MID"}, {"boundingPoly": {"vertices": [{"x": 302.0, "y": 2482.0}, {"x": 507.0, "y": 2487.0}, {"x": 506.0, "y": 2541.0}, {"x": 300.0, "y": 2537.0}]}, "description": "REFERENCE"}, {"boundingPoly": {"vertices": [{"x": 296.0, "y": 2545.0}, {"x": 502.0, "y": 2548.0}, {"x": 501.0, "y": 2598.0}, {"x": 295.0, "y": 2594.0}]}, "description": "AUTH CODE"}, {"boundingPoly": {"vertices": [{"x": 1021.0, "y": 2383.0}, {"x": 1209.0, "y": 2387.0}, {"x": 1208.0, "y": 2431.0}, {"x": 1021.0, "y": 2427.0}]}, "description": "**** 6038"}, {"boundingPoly": {"vertices": [{"x": 1045.0, "y": 2441.0}, {"x": 1205.0, "y": 2441.0}, {"x": 1205.0, "y": 2493.0}, {"x": 1045.0, "y": 2492.0}]}, "description": "6634459"}, {"boundingPoly": {"vertices": [{"x": 631.0, "y": 2489.0}, {"x": 1204.0, "y": 2500.0}, {"x": 1203.0, "y": 2552.0}, {"x": 631.0, "y": 2544.0}]}, "description": "S1111T111103#43060@893046"}, {"boundingPoly": {"vertices": [{"x": 1059.0, "y": 2561.0}, {"x": 1207.0, "y": 2563.0}, {"x": 1207.0, "y": 2612.0}, {"x": 1059.0, "y": 2610.0}]}, "description": "503800"}, {"boundingPoly": {"vertices": [{"x": 292.0, "y": 2663.0}, {"x": 402.0, "y": 2664.0}, {"x": 402.0, "y": 2714.0}, {"x": 291.0, "y": 2712.0}]}, "description": "TOTAL"}, {"boundingPoly": {"vertices": [{"x": 1038.0, "y": 2682.0}, {"x": 1205.0, "y": 2686.0}, {"x": 1204.0, "y": 2738.0}, {"x": 1037.0, "y": 2734.0}]}, "description": "USD4.41"}, {"boundingPoly": {"vertices": [{"x": 411.0, "y": 2757.0}, {"x": 914.0, "y": 2745.0}, {"x": 915.0, "y": 2802.0}, {"x": 412.0, "y": 2812.0}]}, "description": "REDMI NOTE 5 PRO"}, {"boundingPoly": {"vertices": [{"x": 396.0, "y": 2827.0}, {"x": 873.0, "y": 2818.0}, {"x": 874.0, "y": 2874.0}, {"x": 396.0, "y": 2881.0}]}, "description": "MI DUAL CAMERA"}]}