{"textAnnotations": [{"boundingPoly": {"vertices": [{"x": 131.0, "y": 69.0}, {"x": 173.0, "y": 69.0}, {"x": 173.0, "y": 86.0}, {"x": 131.0, "y": 86.0}]}, "description": "merchant name"}, {"boundingPoly": {"vertices": [{"x": 97.0, "y": 90.0}, {"x": 289.0, "y": 93.0}, {"x": 289.0, "y": 109.0}, {"x": 97.0, "y": 106.0}]}, "description": "merchant address"}, {"boundingPoly": {"vertices": [{"x": 122.0, "y": 113.0}, {"x": 224.0, "y": 113.0}, {"x": 224.0, "y": 132.0}, {"x": 122.0, "y": 132.0}]}, "description": "merchant address"}, {"boundingPoly": {"vertices": [{"x": 78.0, "y": 134.0}, {"x": 256.0, "y": 134.0}, {"x": 256.0, "y": 155.0}, {"x": 78.0, "y": 155.0}]}, "description": "merchant address"}, {"boundingPoly": {"vertices": [{"x": 175.0, "y": 70.0}, {"x": 242.0, "y": 70.0}, {"x": 242.0, "y": 88.0}, {"x": 175.0, "y": 88.0}]}, "description": "merchant name"}, {"boundingPoly": {"vertices": [{"x": 226.0, "y": 115.0}, {"x": 254.0, "y": 115.0}, {"x": 254.0, "y": 132.0}, {"x": 226.0, "y": 132.0}]}, "description": "merchant address"}, {"boundingPoly": {"vertices": [{"x": 259.0, "y": 138.0}, {"x": 298.0, "y": 138.0}, {"x": 298.0, "y": 155.0}, {"x": 259.0, "y": 155.0}]}, "description": "merchant address"}, {"boundingPoly": {"vertices": [{"x": 153.0, "y": 181.0}, {"x": 228.0, "y": 183.0}, {"x": 227.0, "y": 198.0}, {"x": 153.0, "y": 196.0}]}, "description": "SWIW OSS"}, {"boundingPoly": {"vertices": [{"x": 6.0, "y": 221.0}, {"x": 101.0, "y": 225.0}, {"x": 100.0, "y": 241.0}, {"x": 6.0, "y": 237.0}]}, "description": "9694 Ana M"}, {"boundingPoly": {"vertices": [{"x": 312.0, "y": 253.0}, {"x": 353.0, "y": 253.0}, {"x": 353.0, "y": 271.0}, {"x": 312.0, "y": 271.0}]}, "description": " WS#:"}, {"boundingPoly": {"vertices": [{"x": 355.0, "y": 254.0}, {"x": 368.0, "y": 254.0}, {"x": 368.0, "y": 271.0}, {"x": 355.0, "y": 271.0}]}, "description": " 2"}, {"boundingPoly": {"vertices": [{"x": 141.0, "y": 296.0}, {"x": 233.0, "y": 296.0}, {"x": 232.0, "y": 314.0}, {"x": 141.0, "y": 314.0}]}, "description": "CHK 135220"}, {"boundingPoly": {"vertices": [{"x": 108.0, "y": 321.0}, {"x": 270.0, "y": 321.0}, {"x": 270.0, "y": 340.0}, {"x": 108.0, "y": 340.0}]}, "description": " 28 Oct' 19 15:56 PM"}, {"boundingPoly": {"vertices": [{"x": 21.0, "y": 370.0}, {"x": 35.0, "y": 370.0}, {"x": 35.0, "y": 388.0}, {"x": 21.0, "y": 388.0}]}, "description": " 1"}, {"boundingPoly": {"vertices": [{"x": 23.0, "y": 394.0}, {"x": 36.0, "y": 394.0}, {"x": 36.0, "y": 412.0}, {"x": 23.0, "y": 412.0}]}, "description": " 1"}, {"boundingPoly": {"vertices": [{"x": 23.0, "y": 418.0}, {"x": 36.0, "y": 418.0}, {"x": 36.0, "y": 436.0}, {"x": 23.0, "y": 436.0}]}, "description": " 1"}, {"boundingPoly": {"vertices": [{"x": 38.0, "y": 370.0}, {"x": 224.0, "y": 370.0}, {"x": 224.0, "y": 388.0}, {"x": 38.0, "y": 388.0}]}, "description": " TA Chick Caesar Bacon"}, {"boundingPoly": {"vertices": [{"x": 39.0, "y": 394.0}, {"x": 165.0, "y": 394.0}, {"x": 165.0, "y": 412.0}, {"x": 39.0, "y": 412.0}]}, "description": " TA Fruit Salad"}, {"boundingPoly": {"vertices": [{"x": 39.0, "y": 419.0}, {"x": 226.0, "y": 419.0}, {"x": 226.0, "y": 437.0}, {"x": 39.0, "y": 437.0}]}, "description": " TA Filter Replacement"}, {"boundingPoly": {"vertices": [{"x": 41.0, "y": 443.0}, {"x": 79.0, "y": 443.0}, {"x": 78.0, "y": 459.0}, {"x": 41.0, "y": 459.0}]}, "description": "AmEx"}, {"boundingPoly": {"vertices": [{"x": 41.0, "y": 466.0}, {"x": 174.0, "y": 465.0}, {"x": 174.0, "y": 483.0}, {"x": 41.0, "y": 484.0}]}, "description": "XXXXXXXXXXX6920"}, {"boundingPoly": {"vertices": [{"x": 275.0, "y": 370.0}, {"x": 314.0, "y": 371.0}, {"x": 313.0, "y": 387.0}, {"x": 275.0, "y": 387.0}]}, "description": "3.99"}, {"boundingPoly": {"vertices": [{"x": 276.0, "y": 394.0}, {"x": 314.0, "y": 395.0}, {"x": 313.0, "y": 411.0}, {"x": 275.0, "y": 411.0}]}, "description": "2.99"}, {"boundingPoly": {"vertices": [{"x": 276.0, "y": 418.0}, {"x": 314.0, "y": 419.0}, {"x": 314.0, "y": 435.0}, {"x": 276.0, "y": 435.0}]}, "description": "0.99"}, {"boundingPoly": {"vertices": [{"x": 267.0, "y": 442.0}, {"x": 313.0, "y": 442.0}, {"x": 312.0, "y": 459.0}, {"x": 267.0, "y": 459.0}]}, "description": "$7.97"}, {"boundingPoly": {"vertices": [{"x": 68.0, "y": 514.0}, {"x": 175.0, "y": 514.0}, {"x": 175.0, "y": 530.0}, {"x": 69.0, "y": 532.0}]}, "description": "0.17 VAT 20%"}, {"boundingPoly": {"vertices": [{"x": 42.0, "y": 539.0}, {"x": 129.0, "y": 539.0}, {"x": 129.0, "y": 557.0}, {"x": 42.0, "y": 557.0}]}, "description": " Net Total:"}, {"boundingPoly": {"vertices": [{"x": 42.0, "y": 564.0}, {"x": 133.0, "y": 563.0}, {"x": 133.0, "y": 580.0}, {"x": 42.0, "y": 581.0}]}, "description": "Sandwiches"}, {"boundingPoly": {"vertices": [{"x": 42.0, "y": 589.0}, {"x": 99.0, "y": 588.0}, {"x": 99.0, "y": 604.0}, {"x": 42.0, "y": 605.0}]}, "description": "Snacks"}, {"boundingPoly": {"vertices": [{"x": 41.0, "y": 613.0}, {"x": 132.0, "y": 611.0}, {"x": 133.0, "y": 627.0}, {"x": 42.0, "y": 630.0}]}, "description": "Hot Drinks"}, {"boundingPoly": {"vertices": [{"x": 41.0, "y": 638.0}, {"x": 106.0, "y": 635.0}, {"x": 107.0, "y": 653.0}, {"x": 41.0, "y": 656.0}]}, "description": "Payment"}, {"boundingPoly": {"vertices": [{"x": 15.0, "y": 664.0}, {"x": 191.0, "y": 657.0}, {"x": 192.0, "y": 673.0}, {"x": 16.0, "y": 682.0}]}, "description": "Change Due"}, {"boundingPoly": {"vertices": [{"x": 276.0, "y": 514.0}, {"x": 313.0, "y": 514.0}, {"x": 313.0, "y": 530.0}, {"x": 276.0, "y": 530.0}]}, "description": "0.99"}, {"boundingPoly": {"vertices": [{"x": 267.0, "y": 538.0}, {"x": 314.0, "y": 538.0}, {"x": 314.0, "y": 554.0}, {"x": 267.0, "y": 554.0}]}, "description": "90.82"}, {"boundingPoly": {"vertices": [{"x": 267.0, "y": 561.0}, {"x": 313.0, "y": 561.0}, {"x": 313.0, "y": 577.0}, {"x": 267.0, "y": 577.0}]}, "description": "$3.99"}, {"boundingPoly": {"vertices": [{"x": 268.0, "y": 585.0}, {"x": 313.0, "y": 585.0}, {"x": 312.0, "y": 601.0}, {"x": 268.0, "y": 601.0}]}, "description": "$2.99"}, {"boundingPoly": {"vertices": [{"x": 268.0, "y": 608.0}, {"x": 313.0, "y": 608.0}, {"x": 312.0, "y": 625.0}, {"x": 269.0, "y": 624.0}]}, "description": "$0. 99"}, {"boundingPoly": {"vertices": [{"x": 268.0, "y": 632.0}, {"x": 313.0, "y": 632.0}, {"x": 312.0, "y": 649.0}, {"x": 268.0, "y": 649.0}]}, "description": "$7.97"}, {"boundingPoly": {"vertices": [{"x": 277.0, "y": 655.0}, {"x": 362.0, "y": 655.0}, {"x": 362.0, "y": 673.0}, {"x": 277.0, "y": 673.0}]}, "description": "$0.00"}, {"boundingPoly": {"vertices": [{"x": 139.0, "y": 706.0}, {"x": 245.0, "y": 704.0}, {"x": 246.0, "y": 720.0}, {"x": 139.0, "y": 723.0}]}, "description": "Check Closed"}, {"boundingPoly": {"vertices": [{"x": 114.0, "y": 727.0}, {"x": 272.0, "y": 727.0}, {"x": 272.0, "y": 749.0}, {"x": 114.0, "y": 749.0}]}, "description": " 28 Oct'19 15:56 PM"}, {"boundingPoly": {"vertices": [{"x": 140.0, "y": 780.0}, {"x": 244.0, "y": 776.0}, {"x": 245.0, "y": 793.0}, {"x": 140.0, "y": 797.0}]}, "description": "www.pret.com"}, {"boundingPoly": {"vertices": [{"x": 183.0, "y": 797.0}, {"x": 243.0, "y": 797.0}, {"x": 243.0, "y": 818.0}, {"x": 183.0, "y": 818.0}]}, "description": " TO PRET"}, {"boundingPoly": {"vertices": [{"x": 199.0, "y": 823.0}, {"x": 357.0, "y": 823.0}, {"x": 357.0, "y": 845.0}, {"x": 199.0, "y": 845.0}]}, "description": " feedback (the good"}, {"boundingPoly": {"vertices": [{"x": 232.0, "y": 844.0}, {"x": 286.0, "y": 844.0}, {"x": 286.0, "y": 867.0}, {"x": 232.0, "y": 867.0}]}, "description": " ugly)."}, {"boundingPoly": {"vertices": [{"x": 200.0, "y": 869.0}, {"x": 308.0, "y": 869.0}, {"x": 308.0, "y": 895.0}, {"x": 200.0, "y": 895.0}]}, "description": " (Europe) Ltd"}, {"boundingPoly": {"vertices": [{"x": 182.0, "y": 893.0}, {"x": 263.0, "y": 893.0}, {"x": 263.0, "y": 920.0}, {"x": 182.0, "y": 920.0}]}, "description": " 927137420"}, {"boundingPoly": {"vertices": [{"x": 141.0, "y": 800.0}, {"x": 180.0, "y": 800.0}, {"x": 180.0, "y": 820.0}, {"x": 141.0, "y": 820.0}]}, "description": " TALK"}, {"boundingPoly": {"vertices": [{"x": 156.0, "y": 826.0}, {"x": 196.0, "y": 826.0}, {"x": 196.0, "y": 848.0}, {"x": 156.0, "y": 848.0}]}, "description": " your"}, {"boundingPoly": {"vertices": [{"x": 165.0, "y": 848.0}, {"x": 198.0, "y": 848.0}, {"x": 198.0, "y": 872.0}, {"x": 165.0, "y": 872.0}]}, "description": " and"}, {"boundingPoly": {"vertices": [{"x": 138.0, "y": 874.0}, {"x": 198.0, "y": 874.0}, {"x": 198.0, "y": 901.0}, {"x": 138.0, "y": 901.0}]}, "description": " Manger"}, {"boundingPoly": {"vertices": [{"x": 146.0, "y": 900.0}, {"x": 180.0, "y": 900.0}, {"x": 180.0, "y": 923.0}, {"x": 146.0, "y": 923.0}]}, "description": " No."}, {"boundingPoly": {"vertices": [{"x": 14.0, "y": 834.0}, {"x": 108.0, "y": 834.0}, {"x": 108.0, "y": 867.0}, {"x": 14.0, "y": 867.0}]}, "description": " We love to"}, {"boundingPoly": {"vertices": [{"x": 79.0, "y": 885.0}, {"x": 122.0, "y": 885.0}, {"x": 122.0, "y": 910.0}, {"x": 79.0, "y": 910.0}]}, "description": " Pret"}, {"boundingPoly": {"vertices": [{"x": 110.0, "y": 829.0}, {"x": 153.0, "y": 829.0}, {"x": 153.0, "y": 853.0}, {"x": 110.0, "y": 853.0}]}, "description": " hear"}, {"boundingPoly": {"vertices": [{"x": 129.0, "y": 852.0}, {"x": 163.0, "y": 852.0}, {"x": 163.0, "y": 876.0}, {"x": 129.0, "y": 876.0}]}, "description": " bad"}, {"boundingPoly": {"vertices": [{"x": 96.0, "y": 857.0}, {"x": 128.0, "y": 857.0}, {"x": 128.0, "y": 880.0}, {"x": 96.0, "y": 880.0}]}, "description": " the"}, {"boundingPoly": {"vertices": [{"x": 123.0, "y": 882.0}, {"x": 137.0, "y": 882.0}, {"x": 137.0, "y": 904.0}, {"x": 123.0, "y": 904.0}]}, "description": " A"}, {"boundingPoly": {"vertices": [{"x": 116.0, "y": 905.0}, {"x": 145.0, "y": 905.0}, {"x": 145.0, "y": 927.0}, {"x": 116.0, "y": 927.0}]}, "description": " VAT"}, {"boundingPoly": {"vertices": [{"x": 200.0, "y": 846.0}, {"x": 230.0, "y": 846.0}, {"x": 230.0, "y": 869.0}, {"x": 200.0, "y": 869.0}]}, "description": " the"}]}