{"textAnnotations": [{"boundingPoly": {"vertices": [{"x": 184.0, "y": 74.0}, {"x": 269.0, "y": 74.0}, {"x": 269.0, "y": 89.0}, {"x": 184.0, "y": 89.0}]}, "description": "merchant name"}, {"boundingPoly": {"vertices": [{"x": 272.0, "y": 73.0}, {"x": 324.0, "y": 73.0}, {"x": 324.0, "y": 88.0}, {"x": 272.0, "y": 88.0}]}, "description": " RECEIVED"}, {"boundingPoly": {"vertices": [{"x": 221.0, "y": 104.0}, {"x": 240.0, "y": 104.0}, {"x": 240.0, "y": 118.0}, {"x": 221.0, "y": 118.0}]}, "description": "merchant address"}, {"boundingPoly": {"vertices": [{"x": 225.0, "y": 118.0}, {"x": 258.0, "y": 118.0}, {"x": 258.0, "y": 133.0}, {"x": 225.0, "y": 133.0}]}, "description": "merchant address"}, {"boundingPoly": {"vertices": [{"x": 249.0, "y": 131.0}, {"x": 301.0, "y": 131.0}, {"x": 301.0, "y": 147.0}, {"x": 249.0, "y": 147.0}]}, "description": "merchant phone"}, {"boundingPoly": {"vertices": [{"x": 242.0, "y": 103.0}, {"x": 293.0, "y": 103.0}, {"x": 293.0, "y": 118.0}, {"x": 242.0, "y": 118.0}]}, "description": "merchant address"}, {"boundingPoly": {"vertices": [{"x": 281.0, "y": 116.0}, {"x": 314.0, "y": 116.0}, {"x": 314.0, "y": 131.0}, {"x": 281.0, "y": 131.0}]}, "description": "merchant address"}, {"boundingPoly": {"vertices": [{"x": 203.0, "y": 119.0}, {"x": 223.0, "y": 119.0}, {"x": 223.0, "y": 133.0}, {"x": 203.0, "y": 133.0}]}, "description": "merchant address"}, {"boundingPoly": {"vertices": [{"x": 215.0, "y": 133.0}, {"x": 247.0, "y": 133.0}, {"x": 247.0, "y": 148.0}, {"x": 215.0, "y": 148.0}]}, "description": "merchant phone"}, {"boundingPoly": {"vertices": [{"x": 261.0, "y": 118.0}, {"x": 278.0, "y": 118.0}, {"x": 278.0, "y": 132.0}, {"x": 261.0, "y": 132.0}]}, "description": "merchant address"}, {"boundingPoly": {"vertices": [{"x": 130.0, "y": 148.0}, {"x": 163.0, "y": 148.0}, {"x": 163.0, "y": 161.0}, {"x": 130.0, "y": 161.0}]}, "description": " Host:"}, {"boundingPoly": {"vertices": [{"x": 131.0, "y": 163.0}, {"x": 193.0, "y": 163.0}, {"x": 193.0, "y": 177.0}, {"x": 131.0, "y": 177.0}]}, "description": "ORDER #698"}, {"boundingPoly": {"vertices": [{"x": 165.0, "y": 148.0}, {"x": 205.0, "y": 148.0}, {"x": 205.0, "y": 161.0}, {"x": 165.0, "y": 161.0}]}, "description": " Wilbel"}, {"boundingPoly": {"vertices": [{"x": 325.0, "y": 145.0}, {"x": 384.0, "y": 144.0}, {"x": 385.0, "y": 158.0}, {"x": 325.0, "y": 159.0}]}, "description": "12/06/2019"}, {"boundingPoly": {"vertices": [{"x": 342.0, "y": 160.0}, {"x": 385.0, "y": 160.0}, {"x": 385.0, "y": 174.0}, {"x": 342.0, "y": 174.0}]}, "description": " 6:07 PM"}, {"boundingPoly": {"vertices": [{"x": 354.0, "y": 174.0}, {"x": 386.0, "y": 173.0}, {"x": 386.0, "y": 184.0}, {"x": 355.0, "y": 185.0}]}, "description": "10605"}, {"boundingPoly": {"vertices": [{"x": 125.0, "y": 227.0}, {"x": 201.0, "y": 227.0}, {"x": 201.0, "y": 240.0}, {"x": 125.0, "y": 241.0}]}, "description": "Chicken Bowl"}, {"boundingPoly": {"vertices": [{"x": 134.0, "y": 242.0}, {"x": 196.0, "y": 242.0}, {"x": 196.0, "y": 255.0}, {"x": 135.0, "y": 255.0}]}, "description": "Guacamole"}, {"boundingPoly": {"vertices": [{"x": 122.0, "y": 257.0}, {"x": 202.0, "y": 256.0}, {"x": 202.0, "y": 270.0}, {"x": 123.0, "y": 271.0}]}, "description": "Regular Beer"}, {"boundingPoly": {"vertices": [{"x": 363.0, "y": 227.0}, {"x": 390.0, "y": 227.0}, {"x": 390.0, "y": 241.0}, {"x": 363.0, "y": 241.0}]}, "description": "8.95"}, {"boundingPoly": {"vertices": [{"x": 363.0, "y": 242.0}, {"x": 391.0, "y": 242.0}, {"x": 391.0, "y": 255.0}, {"x": 362.0, "y": 255.0}]}, "description": "2.70"}, {"boundingPoly": {"vertices": [{"x": 364.0, "y": 257.0}, {"x": 392.0, "y": 257.0}, {"x": 392.0, "y": 271.0}, {"x": 363.0, "y": 270.0}]}, "description": "5.10"}, {"boundingPoly": {"vertices": [{"x": 121.0, "y": 301.0}, {"x": 323.0, "y": 301.0}, {"x": 323.0, "y": 317.0}, {"x": 121.0, "y": 317.0}]}, "description": "How're we doing? Let us know at"}, {"boundingPoly": {"vertices": [{"x": 122.0, "y": 318.0}, {"x": 254.0, "y": 317.0}, {"x": 254.0, "y": 332.0}, {"x": 122.0, "y": 334.0}]}, "description": "Chipot leFeedback.com"}, {"boundingPoly": {"vertices": [{"x": 123.0, "y": 333.0}, {"x": 328.0, "y": 333.0}, {"x": 328.0, "y": 349.0}, {"x": 123.0, "y": 349.0}]}, "description": "to win FREE Chipotle for a year!"}, {"boundingPoly": {"vertices": [{"x": 121.0, "y": 350.0}, {"x": 199.0, "y": 350.0}, {"x": 199.0, "y": 365.0}, {"x": 121.0, "y": 365.0}]}, "description": " Unique Code:"}, {"boundingPoly": {"vertices": [{"x": 123.0, "y": 382.0}, {"x": 299.0, "y": 382.0}, {"x": 299.0, "y": 397.0}, {"x": 123.0, "y": 398.0}]}, "description": "685 002 100 161 010 459 70"}, {"boundingPoly": {"vertices": [{"x": 115.0, "y": 417.0}, {"x": 363.0, "y": 416.0}, {"x": 363.0, "y": 432.0}, {"x": 115.0, "y": 433.0}]}, "description": "For complete rules visit our website."}, {"boundingPoly": {"vertices": [{"x": 112.0, "y": 469.0}, {"x": 169.0, "y": 469.0}, {"x": 169.0, "y": 485.0}, {"x": 112.0, "y": 485.0}]}, "description": "Subtotal"}, {"boundingPoly": {"vertices": [{"x": 112.0, "y": 488.0}, {"x": 135.0, "y": 489.0}, {"x": 134.0, "y": 503.0}, {"x": 112.0, "y": 502.0}]}, "description": "Tax"}, {"boundingPoly": {"vertices": [{"x": 365.0, "y": 467.0}, {"x": 398.0, "y": 467.0}, {"x": 397.0, "y": 482.0}, {"x": 365.0, "y": 483.0}]}, "description": "16.75"}, {"boundingPoly": {"vertices": [{"x": 372.0, "y": 485.0}, {"x": 398.0, "y": 485.0}, {"x": 398.0, "y": 499.0}, {"x": 372.0, "y": 500.0}]}, "description": "1.49"}, {"boundingPoly": {"vertices": [{"x": 109.0, "y": 524.0}, {"x": 202.0, "y": 524.0}, {"x": 202.0, "y": 539.0}, {"x": 109.0, "y": 539.0}]}, "description": "DINE IN Total"}, {"boundingPoly": {"vertices": [{"x": 110.0, "y": 540.0}, {"x": 163.0, "y": 541.0}, {"x": 163.0, "y": 555.0}, {"x": 110.0, "y": 554.0}]}, "description": "CP Card"}, {"boundingPoly": {"vertices": [{"x": 124.0, "y": 556.0}, {"x": 223.0, "y": 559.0}, {"x": 222.0, "y": 574.0}, {"x": 124.0, "y": 570.0}]}, "description": "Authorizing ..."}, {"boundingPoly": {"vertices": [{"x": 110.0, "y": 572.0}, {"x": 189.0, "y": 573.0}, {"x": 189.0, "y": 588.0}, {"x": 110.0, "y": 587.0}]}, "description": "Balance Due"}, {"boundingPoly": {"vertices": [{"x": 368.0, "y": 521.0}, {"x": 404.0, "y": 520.0}, {"x": 403.0, "y": 534.0}, {"x": 368.0, "y": 536.0}]}, "description": "18.24"}, {"boundingPoly": {"vertices": [{"x": 369.0, "y": 538.0}, {"x": 402.0, "y": 537.0}, {"x": 402.0, "y": 552.0}, {"x": 369.0, "y": 553.0}]}, "description": "18.24"}, {"boundingPoly": {"vertices": [{"x": 369.0, "y": 574.0}, {"x": 403.0, "y": 573.0}, {"x": 403.0, "y": 588.0}, {"x": 369.0, "y": 589.0}]}, "description": "18.24"}, {"boundingPoly": {"vertices": [{"x": 118.0, "y": 606.0}, {"x": 397.0, "y": 609.0}, {"x": 397.0, "y": 627.0}, {"x": 117.0, "y": 624.0}]}, "description": "Buy a $30 holiday gift card & get a BOGO"}, {"boundingPoly": {"vertices": [{"x": 166.0, "y": 624.0}, {"x": 342.0, "y": 627.0}, {"x": 342.0, "y": 642.0}, {"x": 166.0, "y": 640.0}]}, "description": "entr\u00e9e on your next visit"}]}