{"textAnnotations": [{"boundingPoly": {"vertices": [{"x": 19.0, "y": 9.0}, {"x": 86.0, "y": 9.0}, {"x": 86.0, "y": 35.0}, {"x": 19.0, "y": 35.0}]}, "description": " From:"}, {"boundingPoly": {"vertices": [{"x": 21.0, "y": 43.0}, {"x": 81.0, "y": 43.0}, {"x": 81.0, "y": 69.0}, {"x": 21.0, "y": 69.0}]}, "description": " Date:"}, {"boundingPoly": {"vertices": [{"x": 21.0, "y": 77.0}, {"x": 111.0, "y": 77.0}, {"x": 111.0, "y": 104.0}, {"x": 21.0, "y": 104.0}]}, "description": " Subject:"}, {"boundingPoly": {"vertices": [{"x": 22.0, "y": 111.0}, {"x": 52.0, "y": 111.0}, {"x": 52.0, "y": 137.0}, {"x": 22.0, "y": 137.0}]}, "description": " To:"}, {"boundingPoly": {"vertices": [{"x": 91.0, "y": 9.0}, {"x": 603.0, "y": 9.0}, {"x": 603.0, "y": 36.0}, {"x": 91.0, "y": 36.0}]}, "description": "merchant name"}, {"boundingPoly": {"vertices": [{"x": 86.0, "y": 42.0}, {"x": 449.0, "y": 42.0}, {"x": 449.0, "y": 69.0}, {"x": 86.0, "y": 69.0}]}, "description": " Wed, Nov 20, 2019 at 11:42 AM"}, {"boundingPoly": {"vertices": [{"x": 115.0, "y": 77.0}, {"x": 587.0, "y": 77.0}, {"x": 587.0, "y": 105.0}, {"x": 115.0, "y": 105.0}]}, "description": " Order Confirmation for Mezi from Tay Ho"}, {"boundingPoly": {"vertices": [{"x": 627.0, "y": 385.0}, {"x": 1312.0, "y": 387.0}, {"x": 1312.0, "y": 438.0}, {"x": 627.0, "y": 436.0}]}, "description": "Thanks for your order, Mezi"}, {"boundingPoly": {"vertices": [{"x": 660.0, "y": 479.0}, {"x": 1279.0, "y": 479.0}, {"x": 1278.0, "y": 516.0}, {"x": 660.0, "y": 515.0}]}, "description": "Paid with American Express ending in 1004"}, {"boundingPoly": {"vertices": [{"x": 917.0, "y": 530.0}, {"x": 1022.0, "y": 529.0}, {"x": 1022.0, "y": 564.0}, {"x": 917.0, "y": 564.0}]}, "description": "Tay Ho"}, {"boundingPoly": {"vertices": [{"x": 863.0, "y": 581.0}, {"x": 948.0, "y": 581.0}, {"x": 948.0, "y": 613.0}, {"x": 863.0, "y": 613.0}]}, "description": " Total:"}, {"boundingPoly": {"vertices": [{"x": 953.0, "y": 581.0}, {"x": 1074.0, "y": 581.0}, {"x": 1074.0, "y": 613.0}, {"x": 953.0, "y": 613.0}]}, "description": " $110.85"}, {"boundingPoly": {"vertices": [{"x": 828.0, "y": 693.0}, {"x": 1112.0, "y": 694.0}, {"x": 1112.0, "y": 733.0}, {"x": 828.0, "y": 732.0}]}, "description": "Track your order"}, {"boundingPoly": {"vertices": [{"x": 846.0, "y": 871.0}, {"x": 1100.0, "y": 871.0}, {"x": 1100.0, "y": 919.0}, {"x": 846.0, "y": 919.0}]}, "description": "Your receipt"}]}