{"textAnnotations": [{"boundingPoly": {"vertices": [{"x": 106.0, "y": 86.0}, {"x": 324.0, "y": 90.0}, {"x": 323.0, "y": 114.0}, {"x": 106.0, "y": 110.0}]}, "description": "Thank You For Visiting the"}, {"boundingPoly": {"vertices": [{"x": 90.0, "y": 133.0}, {"x": 346.0, "y": 134.0}, {"x": 346.0, "y": 159.0}, {"x": 90.0, "y": 158.0}]}, "description": "Nadine Varella, General Manager"}, {"boundingPoly": {"vertices": [{"x": 159.0, "y": 161.0}, {"x": 279.0, "y": 159.0}, {"x": 279.0, "y": 179.0}, {"x": 159.0, "y": 182.0}]}, "description": "merchant phone"}, {"boundingPoly": {"vertices": [{"x": 126.0, "y": 205.0}, {"x": 316.0, "y": 195.0}, {"x": 318.0, "y": 215.0}, {"x": 127.0, "y": 225.0}]}, "description": "Text @LTF41042 to 73940"}, {"boundingPoly": {"vertices": [{"x": 92.0, "y": 109.0}, {"x": 337.0, "y": 112.0}, {"x": 336.0, "y": 137.0}, {"x": 92.0, "y": 135.0}]}, "description": "merchant name"}, {"boundingPoly": {"vertices": [{"x": 368.0, "y": 235.0}, {"x": 396.0, "y": 235.0}, {"x": 396.0, "y": 252.0}, {"x": 368.0, "y": 253.0}]}, "description": "USD"}, {"boundingPoly": {"vertices": [{"x": 361.0, "y": 256.0}, {"x": 396.0, "y": 255.0}, {"x": 396.0, "y": 271.0}, {"x": 362.0, "y": 272.0}]}, "description": "0.89"}, {"boundingPoly": {"vertices": [{"x": 362.0, "y": 276.0}, {"x": 397.0, "y": 273.0}, {"x": 397.0, "y": 290.0}, {"x": 363.0, "y": 292.0}]}, "description": "0.65"}, {"boundingPoly": {"vertices": [{"x": 357.0, "y": 293.0}, {"x": 397.0, "y": 290.0}, {"x": 398.0, "y": 306.0}, {"x": 358.0, "y": 309.0}]}, "description": "10.99"}, {"boundingPoly": {"vertices": [{"x": 63.0, "y": 272.0}, {"x": 152.0, "y": 267.0}, {"x": 154.0, "y": 286.0}, {"x": 64.0, "y": 292.0}]}, "description": "Sushi Sauce"}, {"boundingPoly": {"vertices": [{"x": 64.0, "y": 312.0}, {"x": 223.0, "y": 301.0}, {"x": 224.0, "y": 321.0}, {"x": 65.0, "y": 332.0}]}, "description": "Chef Spec/Tasty Roll"}, {"boundingPoly": {"vertices": [{"x": 64.0, "y": 295.0}, {"x": 167.0, "y": 285.0}, {"x": 169.0, "y": 303.0}, {"x": 65.0, "y": 312.0}]}, "description": "Dessert Bites"}, {"boundingPoly": {"vertices": [{"x": 65.0, "y": 330.0}, {"x": 218.0, "y": 323.0}, {"x": 219.0, "y": 341.0}, {"x": 66.0, "y": 350.0}]}, "description": "Monster Energy 16oz"}, {"boundingPoly": {"vertices": [{"x": 361.0, "y": 313.0}, {"x": 398.0, "y": 305.0}, {"x": 401.0, "y": 320.0}, {"x": 364.0, "y": 328.0}]}, "description": "3.44"}, {"boundingPoly": {"vertices": [{"x": 250.0, "y": 395.0}, {"x": 327.0, "y": 390.0}, {"x": 328.0, "y": 408.0}, {"x": 251.0, "y": 414.0}]}, "description": "Sub Total"}, {"boundingPoly": {"vertices": [{"x": 357.0, "y": 381.0}, {"x": 400.0, "y": 374.0}, {"x": 402.0, "y": 391.0}, {"x": 360.0, "y": 397.0}]}, "description": "15.97"}, {"boundingPoly": {"vertices": [{"x": 367.0, "y": 397.0}, {"x": 404.0, "y": 395.0}, {"x": 404.0, "y": 411.0}, {"x": 369.0, "y": 415.0}]}, "description": "1.12"}, {"boundingPoly": {"vertices": [{"x": 252.0, "y": 416.0}, {"x": 336.0, "y": 410.0}, {"x": 337.0, "y": 426.0}, {"x": 253.0, "y": 432.0}]}, "description": "Tax Amount"}, {"boundingPoly": {"vertices": [{"x": 62.0, "y": 481.0}, {"x": 203.0, "y": 469.0}, {"x": 206.0, "y": 498.0}, {"x": 63.0, "y": 512.0}]}, "description": "Total USD"}, {"boundingPoly": {"vertices": [{"x": 321.0, "y": 460.0}, {"x": 407.0, "y": 455.0}, {"x": 408.0, "y": 486.0}, {"x": 323.0, "y": 491.0}]}, "description": "17.09"}, {"boundingPoly": {"vertices": [{"x": 63.0, "y": 571.0}, {"x": 237.0, "y": 565.0}, {"x": 238.0, "y": 584.0}, {"x": 64.0, "y": 591.0}]}, "description": "5009 AMERICAN EXPRESS"}, {"boundingPoly": {"vertices": [{"x": 67.0, "y": 610.0}, {"x": 182.0, "y": 607.0}, {"x": 182.0, "y": 627.0}, {"x": 68.0, "y": 630.0}]}, "description": "17014661112881"}, {"boundingPoly": {"vertices": [{"x": 368.0, "y": 559.0}, {"x": 413.0, "y": 558.0}, {"x": 413.0, "y": 578.0}, {"x": 369.0, "y": 580.0}]}, "description": "17.09"}, {"boundingPoly": {"vertices": [{"x": 73.0, "y": 672.0}, {"x": 100.0, "y": 672.0}, {"x": 101.0, "y": 690.0}, {"x": 72.0, "y": 690.0}]}, "description": "Tax"}, {"boundingPoly": {"vertices": [{"x": 75.0, "y": 693.0}, {"x": 130.0, "y": 691.0}, {"x": 130.0, "y": 711.0}, {"x": 75.0, "y": 714.0}]}, "description": "() 7.00"}, {"boundingPoly": {"vertices": [{"x": 201.0, "y": 671.0}, {"x": 326.0, "y": 671.0}, {"x": 326.0, "y": 693.0}, {"x": 201.0, "y": 693.0}]}, "description": " Taxable Amount"}, {"boundingPoly": {"vertices": [{"x": 276.0, "y": 694.0}, {"x": 320.0, "y": 692.0}, {"x": 319.0, "y": 711.0}, {"x": 277.0, "y": 712.0}]}, "description": "15.97"}, {"boundingPoly": {"vertices": [{"x": 333.0, "y": 669.0}, {"x": 418.0, "y": 669.0}, {"x": 418.0, "y": 690.0}, {"x": 333.0, "y": 690.0}]}, "description": " Tax Amount"}, {"boundingPoly": {"vertices": [{"x": 388.0, "y": 691.0}, {"x": 421.0, "y": 691.0}, {"x": 421.0, "y": 709.0}, {"x": 387.0, "y": 708.0}]}, "description": "1.12"}, {"boundingPoly": {"vertices": [{"x": 77.0, "y": 755.0}, {"x": 426.0, "y": 755.0}, {"x": 426.0, "y": 777.0}, {"x": 77.0, "y": 777.0}]}, "description": " 11/11/2019 11:58 AM #:17946 Op:3053 C:113"}, {"boundingPoly": {"vertices": [{"x": 80.0, "y": 777.0}, {"x": 165.0, "y": 777.0}, {"x": 165.0, "y": 798.0}, {"x": 80.0, "y": 798.0}]}, "description": " 102 S:1131"}, {"boundingPoly": {"vertices": [{"x": 79.0, "y": 799.0}, {"x": 164.0, "y": 799.0}, {"x": 164.0, "y": 819.0}, {"x": 79.0, "y": 819.0}]}, "description": " Served you"}, {"boundingPoly": {"vertices": [{"x": 168.0, "y": 799.0}, {"x": 287.0, "y": 799.0}, {"x": 287.0, "y": 819.0}, {"x": 168.0, "y": 819.0}]}, "description": " : Marie Leonce"}, {"boundingPoly": {"vertices": [{"x": 82.0, "y": 839.0}, {"x": 258.0, "y": 840.0}, {"x": 257.0, "y": 860.0}, {"x": 82.0, "y": 859.0}]}, "description": "Global Rewards Points"}, {"boundingPoly": {"vertices": [{"x": 83.0, "y": 862.0}, {"x": 234.0, "y": 862.0}, {"x": 234.0, "y": 882.0}, {"x": 83.0, "y": 882.0}]}, "description": " Previous Balance:"}, {"boundingPoly": {"vertices": [{"x": 88.0, "y": 883.0}, {"x": 202.0, "y": 883.0}, {"x": 202.0, "y": 902.0}, {"x": 88.0, "y": 902.0}]}, "description": " Accrued (new):"}, {"boundingPoly": {"vertices": [{"x": 89.0, "y": 903.0}, {"x": 221.0, "y": 903.0}, {"x": 221.0, "y": 923.0}, {"x": 89.0, "y": 923.0}]}, "description": " Redeemed (used):"}, {"boundingPoly": {"vertices": [{"x": 91.0, "y": 923.0}, {"x": 188.0, "y": 923.0}, {"x": 188.0, "y": 943.0}, {"x": 91.0, "y": 943.0}]}, "description": " New Balance:"}, {"boundingPoly": {"vertices": [{"x": 239.0, "y": 863.0}, {"x": 264.0, "y": 863.0}, {"x": 264.0, "y": 882.0}, {"x": 239.0, "y": 882.0}]}, "description": " 181"}, {"boundingPoly": {"vertices": [{"x": 241.0, "y": 883.0}, {"x": 259.0, "y": 884.0}, {"x": 258.0, "y": 903.0}, {"x": 241.0, "y": 902.0}]}, "description": "36"}, {"boundingPoly": {"vertices": [{"x": 242.0, "y": 904.0}, {"x": 254.0, "y": 905.0}, {"x": 253.0, "y": 920.0}, {"x": 241.0, "y": 919.0}]}, "description": "0"}, {"boundingPoly": {"vertices": [{"x": 244.0, "y": 924.0}, {"x": 271.0, "y": 925.0}, {"x": 270.0, "y": 941.0}, {"x": 243.0, "y": 941.0}]}, "description": "217"}, {"boundingPoly": {"vertices": [{"x": 170.0, "y": 998.0}, {"x": 340.0, "y": 1001.0}, {"x": 340.0, "y": 1017.0}, {"x": 170.0, "y": 1013.0}]}, "description": "*** Customer copy ***"}, {"boundingPoly": {"vertices": [{"x": 191.0, "y": 1026.0}, {"x": 334.0, "y": 1031.0}, {"x": 333.0, "y": 1050.0}, {"x": 191.0, "y": 1045.0}]}, "description": "AMEX Sunrise 937-7"}, {"boundingPoly": {"vertices": [{"x": 164.0, "y": 1067.0}, {"x": 358.0, "y": 1074.0}, {"x": 357.0, "y": 1092.0}, {"x": 164.0, "y": 1084.0}]}, "description": "according to card issuer"}, {"boundingPoly": {"vertices": [{"x": 340.0, "y": 1093.0}, {"x": 416.0, "y": 1093.0}, {"x": 416.0, "y": 1117.0}, {"x": 340.0, "y": 1117.0}]}, "description": " if Credit"}, {"boundingPoly": {"vertices": [{"x": 114.0, "y": 1044.0}, {"x": 407.0, "y": 1055.0}, {"x": 406.0, "y": 1075.0}, {"x": 114.0, "y": 1064.0}]}, "description": "I agree to pay the above total amount"}, {"boundingPoly": {"vertices": [{"x": 108.0, "y": 1085.0}, {"x": 338.0, "y": 1085.0}, {"x": 338.0, "y": 1113.0}, {"x": 108.0, "y": 1113.0}]}, "description": " agreement. (Merchant agreement"}, {"boundingPoly": {"vertices": [{"x": 232.0, "y": 1129.0}, {"x": 297.0, "y": 1131.0}, {"x": 296.0, "y": 1149.0}, {"x": 232.0, "y": 1145.0}]}, "description": "records."}, {"boundingPoly": {"vertices": [{"x": 110.0, "y": 1160.0}, {"x": 261.0, "y": 1166.0}, {"x": 260.0, "y": 1186.0}, {"x": 110.0, "y": 1180.0}]}, "description": "PURCHASE / APPROVED"}, {"boundingPoly": {"vertices": [{"x": 113.0, "y": 1202.0}, {"x": 230.0, "y": 1206.0}, {"x": 229.0, "y": 1224.0}, {"x": 112.0, "y": 1218.0}]}, "description": "*********** 7008"}, {"boundingPoly": {"vertices": [{"x": 129.0, "y": 1103.0}, {"x": 393.0, "y": 1116.0}, {"x": 392.0, "y": 1135.0}, {"x": 129.0, "y": 1121.0}]}, "description": "Voucher)Retain this copy for your"}, {"boundingPoly": {"vertices": [{"x": 112.0, "y": 1181.0}, {"x": 238.0, "y": 1185.0}, {"x": 238.0, "y": 1205.0}, {"x": 112.0, "y": 1200.0}]}, "description": "AMERICAN EXPRESS"}, {"boundingPoly": {"vertices": [{"x": 112.0, "y": 1220.0}, {"x": 200.0, "y": 1224.0}, {"x": 199.0, "y": 1243.0}, {"x": 112.0, "y": 1239.0}]}, "description": "CHIP READ /"}, {"boundingPoly": {"vertices": [{"x": 115.0, "y": 1260.0}, {"x": 266.0, "y": 1260.0}, {"x": 266.0, "y": 1286.0}, {"x": 115.0, "y": 1286.0}]}, "description": " 2019/11/11 11:59:10"}, {"boundingPoly": {"vertices": [{"x": 115.0, "y": 1301.0}, {"x": 142.0, "y": 1301.0}, {"x": 142.0, "y": 1317.0}, {"x": 116.0, "y": 1316.0}]}, "description": "MID"}, {"boundingPoly": {"vertices": [{"x": 119.0, "y": 1320.0}, {"x": 190.0, "y": 1322.0}, {"x": 190.0, "y": 1338.0}, {"x": 119.0, "y": 1336.0}]}, "description": "REFERENCE"}, {"boundingPoly": {"vertices": [{"x": 122.0, "y": 1337.0}, {"x": 191.0, "y": 1341.0}, {"x": 190.0, "y": 1359.0}, {"x": 121.0, "y": 1355.0}]}, "description": "AUTH CODE"}, {"boundingPoly": {"vertices": [{"x": 123.0, "y": 1374.0}, {"x": 163.0, "y": 1379.0}, {"x": 162.0, "y": 1396.0}, {"x": 122.0, "y": 1392.0}]}, "description": "TOTAL"}, {"boundingPoly": {"vertices": [{"x": 120.0, "y": 1280.0}, {"x": 140.0, "y": 1281.0}, {"x": 140.0, "y": 1299.0}, {"x": 119.0, "y": 1297.0}]}, "description": "TID"}, {"boundingPoly": {"vertices": [{"x": 365.0, "y": 1298.0}, {"x": 433.0, "y": 1306.0}, {"x": 431.0, "y": 1323.0}, {"x": 363.0, "y": 1315.0}]}, "description": "**** 5736"}, {"boundingPoly": {"vertices": [{"x": 231.0, "y": 1324.0}, {"x": 435.0, "y": 1347.0}, {"x": 433.0, "y": 1366.0}, {"x": 231.0, "y": 1342.0}]}, "description": "S1131T113102#17946@207036"}, {"boundingPoly": {"vertices": [{"x": 375.0, "y": 1320.0}, {"x": 433.0, "y": 1327.0}, {"x": 431.0, "y": 1345.0}, {"x": 373.0, "y": 1338.0}]}, "description": "6634461"}, {"boundingPoly": {"vertices": [{"x": 383.0, "y": 1361.0}, {"x": 436.0, "y": 1369.0}, {"x": 433.0, "y": 1386.0}, {"x": 381.0, "y": 1380.0}]}, "description": "817033"}, {"boundingPoly": {"vertices": [{"x": 370.0, "y": 1399.0}, {"x": 438.0, "y": 1409.0}, {"x": 435.0, "y": 1429.0}, {"x": 367.0, "y": 1419.0}]}, "description": "USD17.09"}, {"boundingPoly": {"vertices": [{"x": 125.0, "y": 1414.0}, {"x": 159.0, "y": 1414.0}, {"x": 159.0, "y": 1432.0}, {"x": 125.0, "y": 1432.0}]}, "description": " ARC:"}, {"boundingPoly": {"vertices": [{"x": 162.0, "y": 1416.0}, {"x": 182.0, "y": 1416.0}, {"x": 182.0, "y": 1433.0}, {"x": 162.0, "y": 1433.0}]}, "description": " 00"}]}