{"textAnnotations": [{"boundingPoly": {"vertices": [{"x": 131.0, "y": 79.0}, {"x": 305.0, "y": 79.0}, {"x": 305.0, "y": 102.0}, {"x": 131.0, "y": 101.0}]}, "description": "merchant name"}, {"boundingPoly": {"vertices": [{"x": 83.0, "y": 105.0}, {"x": 364.0, "y": 104.0}, {"x": 364.0, "y": 126.0}, {"x": 83.0, "y": 128.0}]}, "description": "merchant address"}, {"boundingPoly": {"vertices": [{"x": 189.0, "y": 130.0}, {"x": 258.0, "y": 130.0}, {"x": 258.0, "y": 151.0}, {"x": 189.0, "y": 150.0}]}, "description": "merchant address"}, {"boundingPoly": {"vertices": [{"x": 140.0, "y": 155.0}, {"x": 307.0, "y": 155.0}, {"x": 307.0, "y": 176.0}, {"x": 140.0, "y": 176.0}]}, "description": "merchant address"}, {"boundingPoly": {"vertices": [{"x": 158.0, "y": 178.0}, {"x": 278.0, "y": 179.0}, {"x": 278.0, "y": 203.0}, {"x": 158.0, "y": 202.0}]}, "description": "merchant phone"}, {"boundingPoly": {"vertices": [{"x": 24.0, "y": 229.0}, {"x": 132.0, "y": 228.0}, {"x": 132.0, "y": 252.0}, {"x": 25.0, "y": 254.0}]}, "description": "Cntr 136"}, {"boundingPoly": {"vertices": [{"x": 25.0, "y": 255.0}, {"x": 116.0, "y": 255.0}, {"x": 116.0, "y": 275.0}, {"x": 25.0, "y": 275.0}]}, "description": " Guests 1"}, {"boundingPoly": {"vertices": [{"x": 173.0, "y": 229.0}, {"x": 272.0, "y": 229.0}, {"x": 272.0, "y": 254.0}, {"x": 173.0, "y": 254.0}]}, "description": "11/01/19-A"}, {"boundingPoly": {"vertices": [{"x": 265.0, "y": 253.0}, {"x": 413.0, "y": 252.0}, {"x": 414.0, "y": 270.0}, {"x": 266.0, "y": 272.0}]}, "description": "Table (STANDEE)"}, {"boundingPoly": {"vertices": [{"x": 292.0, "y": 228.0}, {"x": 411.0, "y": 228.0}, {"x": 411.0, "y": 253.0}, {"x": 292.0, "y": 253.0}]}, "description": " 9:56am"}, {"boundingPoly": {"vertices": [{"x": 25.0, "y": 304.0}, {"x": 30.0, "y": 304.0}, {"x": 30.0, "y": 325.0}, {"x": 25.0, "y": 325.0}]}, "description": " 1"}, {"boundingPoly": {"vertices": [{"x": 33.0, "y": 304.0}, {"x": 48.0, "y": 304.0}, {"x": 48.0, "y": 325.0}, {"x": 33.0, "y": 325.0}]}, "description": " .."}, {"boundingPoly": {"vertices": [{"x": 52.0, "y": 302.0}, {"x": 163.0, "y": 302.0}, {"x": 163.0, "y": 325.0}, {"x": 52.0, "y": 325.0}]}, "description": " EVIAN WATER"}, {"boundingPoly": {"vertices": [{"x": 372.0, "y": 297.0}, {"x": 413.0, "y": 296.0}, {"x": 414.0, "y": 317.0}, {"x": 372.0, "y": 317.0}]}, "description": "4.99"}, {"boundingPoly": {"vertices": [{"x": 208.0, "y": 350.0}, {"x": 257.0, "y": 350.0}, {"x": 257.0, "y": 373.0}, {"x": 208.0, "y": 373.0}]}, "description": "Items"}, {"boundingPoly": {"vertices": [{"x": 92.0, "y": 376.0}, {"x": 259.0, "y": 374.0}, {"x": 260.0, "y": 399.0}, {"x": 92.0, "y": 401.0}]}, "description": "NonCash Adjustmnt"}, {"boundingPoly": {"vertices": [{"x": 228.0, "y": 403.0}, {"x": 261.0, "y": 404.0}, {"x": 261.0, "y": 422.0}, {"x": 229.0, "y": 422.0}]}, "description": "Tax"}, {"boundingPoly": {"vertices": [{"x": 164.0, "y": 427.0}, {"x": 258.0, "y": 426.0}, {"x": 258.0, "y": 449.0}, {"x": 164.0, "y": 449.0}]}, "description": "TOTAL"}, {"boundingPoly": {"vertices": [{"x": 372.0, "y": 347.0}, {"x": 413.0, "y": 346.0}, {"x": 413.0, "y": 367.0}, {"x": 372.0, "y": 367.0}]}, "description": "4.99"}, {"boundingPoly": {"vertices": [{"x": 386.0, "y": 375.0}, {"x": 413.0, "y": 373.0}, {"x": 413.0, "y": 393.0}, {"x": 386.0, "y": 395.0}]}, "description": ".20"}, {"boundingPoly": {"vertices": [{"x": 387.0, "y": 398.0}, {"x": 415.0, "y": 398.0}, {"x": 413.0, "y": 418.0}, {"x": 387.0, "y": 417.0}]}, "description": ".44"}, {"boundingPoly": {"vertices": [{"x": 334.0, "y": 424.0}, {"x": 411.0, "y": 423.0}, {"x": 412.0, "y": 444.0}, {"x": 335.0, "y": 445.0}]}, "description": "5.63"}, {"boundingPoly": {"vertices": [{"x": 105.0, "y": 477.0}, {"x": 260.0, "y": 477.0}, {"x": 260.0, "y": 498.0}, {"x": 105.0, "y": 498.0}]}, "description": "American Express"}, {"boundingPoly": {"vertices": [{"x": 335.0, "y": 474.0}, {"x": 411.0, "y": 472.0}, {"x": 411.0, "y": 494.0}, {"x": 335.0, "y": 495.0}]}, "description": "5.63"}, {"boundingPoly": {"vertices": [{"x": 46.0, "y": 522.0}, {"x": 395.0, "y": 522.0}, {"x": 395.0, "y": 547.0}, {"x": 46.0, "y": 547.0}]}, "description": " Check 136 CHARGED 9:56am FILESVR#1-A"}, {"boundingPoly": {"vertices": [{"x": 26.0, "y": 574.0}, {"x": 413.0, "y": 569.0}, {"x": 414.0, "y": 590.0}, {"x": 26.0, "y": 595.0}]}, "description": "01.66511762 AMEX*1005 Chp JAVIER, CORREC"}, {"boundingPoly": {"vertices": [{"x": 372.0, "y": 595.0}, {"x": 413.0, "y": 594.0}, {"x": 413.0, "y": 614.0}, {"x": 372.0, "y": 615.0}]}, "description": "5.63"}, {"boundingPoly": {"vertices": [{"x": 257.0, "y": 621.0}, {"x": 412.0, "y": 618.0}, {"x": 412.0, "y": 638.0}, {"x": 258.0, "y": 641.0}]}, "description": "A000000025010801"}, {"boundingPoly": {"vertices": [{"x": 207.0, "y": 642.0}, {"x": 414.0, "y": 642.0}, {"x": 414.0, "y": 669.0}, {"x": 207.0, "y": 669.0}]}, "description": " 064A010360A002/805825"}, {"boundingPoly": {"vertices": [{"x": 47.0, "y": 596.0}, {"x": 271.0, "y": 596.0}, {"x": 271.0, "y": 619.0}, {"x": 47.0, "y": 619.0}]}, "description": " 11-01-2019 09:56:13 NOS"}, {"boundingPoly": {"vertices": [{"x": 45.0, "y": 623.0}, {"x": 204.0, "y": 621.0}, {"x": 205.0, "y": 642.0}, {"x": 45.0, "y": 643.0}]}, "description": "AMERICAN EXPRESS"}, {"boundingPoly": {"vertices": [{"x": 42.0, "y": 645.0}, {"x": 202.0, "y": 645.0}, {"x": 202.0, "y": 671.0}, {"x": 42.0, "y": 671.0}]}, "description": " 0000008000/F800"}, {"boundingPoly": {"vertices": [{"x": 22.0, "y": 694.0}, {"x": 359.0, "y": 694.0}, {"x": 359.0, "y": 718.0}, {"x": 22.0, "y": 718.0}]}, "description": " Cardholder agree to pay theabove"}, {"boundingPoly": {"vertices": [{"x": 41.0, "y": 720.0}, {"x": 302.0, "y": 720.0}, {"x": 302.0, "y": 743.0}, {"x": 41.0, "y": 743.0}]}, "description": " amount according to issuer"}, {"boundingPoly": {"vertices": [{"x": 363.0, "y": 693.0}, {"x": 413.0, "y": 693.0}, {"x": 413.0, "y": 715.0}, {"x": 363.0, "y": 715.0}]}, "description": " TOTAL"}, {"boundingPoly": {"vertices": [{"x": 304.0, "y": 720.0}, {"x": 401.0, "y": 720.0}, {"x": 401.0, "y": 740.0}, {"x": 304.0, "y": 740.0}]}, "description": " agreement."}, {"boundingPoly": {"vertices": [{"x": 60.0, "y": 770.0}, {"x": 378.0, "y": 766.0}, {"x": 379.0, "y": 788.0}, {"x": 60.0, "y": 793.0}]}, "description": "THANK YOU FOR CHOOSING ABITINO'S"}, {"boundingPoly": {"vertices": [{"x": 179.0, "y": 795.0}, {"x": 271.0, "y": 794.0}, {"x": 271.0, "y": 814.0}, {"x": 179.0, "y": 815.0}]}, "description": "THANK YOU"}, {"boundingPoly": {"vertices": [{"x": 136.0, "y": 820.0}, {"x": 299.0, "y": 818.0}, {"x": 300.0, "y": 837.0}, {"x": 136.0, "y": 839.0}]}, "description": "HAVE A NICE TRIP"}, {"boundingPoly": {"vertices": [{"x": 130.0, "y": 862.0}, {"x": 320.0, "y": 863.0}, {"x": 319.0, "y": 883.0}, {"x": 130.0, "y": 882.0}]}, "description": "LIKE US ON FACEBOOK"}, {"boundingPoly": {"vertices": [{"x": 44.0, "y": 884.0}, {"x": 403.0, "y": 886.0}, {"x": 403.0, "y": 908.0}, {"x": 44.0, "y": 906.0}]}, "description": "WWW.FACEBOOK.COM/PAGES/ABITINOG PIZZA"}, {"boundingPoly": {"vertices": [{"x": 151.0, "y": 933.0}, {"x": 295.0, "y": 934.0}, {"x": 295.0, "y": 955.0}, {"x": 151.0, "y": 953.0}]}, "description": "Valued Customer"}, {"boundingPoly": {"vertices": [{"x": 121.0, "y": 955.0}, {"x": 325.0, "y": 955.0}, {"x": 325.0, "y": 979.0}, {"x": 121.0, "y": 980.0}]}, "description": "All credit/debit card"}, {"boundingPoly": {"vertices": [{"x": 103.0, "y": 981.0}, {"x": 334.0, "y": 981.0}, {"x": 334.0, "y": 1002.0}, {"x": 103.0, "y": 1002.0}]}, "description": "transactions are subject"}, {"boundingPoly": {"vertices": [{"x": 75.0, "y": 1003.0}, {"x": 362.0, "y": 1003.0}, {"x": 362.0, "y": 1027.0}, {"x": 75.0, "y": 1027.0}]}, "description": "to a 3.95% Non Cash Adjustment"}]}