{"textAnnotations": [{"boundingPoly": {"vertices": [{"x": 298.0, "y": 199.0}, {"x": 596.0, "y": 231.0}, {"x": 593.0, "y": 265.0}, {"x": 296.0, "y": 232.0}]}, "description": "merchant name"}, {"boundingPoly": {"vertices": [{"x": 329.0, "y": 282.0}, {"x": 367.0, "y": 282.0}, {"x": 367.0, "y": 315.0}, {"x": 329.0, "y": 315.0}]}, "description": " At:"}, {"boundingPoly": {"vertices": [{"x": 257.0, "y": 236.0}, {"x": 636.0, "y": 273.0}, {"x": 632.0, "y": 308.0}, {"x": 254.0, "y": 268.0}]}, "description": "merchant address"}, {"boundingPoly": {"vertices": [{"x": 213.0, "y": 307.0}, {"x": 362.0, "y": 317.0}, {"x": 360.0, "y": 351.0}, {"x": 210.0, "y": 340.0}]}, "description": "11/16/2019"}, {"boundingPoly": {"vertices": [{"x": 211.0, "y": 351.0}, {"x": 360.0, "y": 363.0}, {"x": 358.0, "y": 383.0}, {"x": 210.0, "y": 369.0}]}, "description": "=========="}, {"boundingPoly": {"vertices": [{"x": 294.0, "y": 387.0}, {"x": 586.0, "y": 415.0}, {"x": 583.0, "y": 447.0}, {"x": 292.0, "y": 418.0}]}, "description": "Starbucks Casino_MGM"}, {"boundingPoly": {"vertices": [{"x": 209.0, "y": 454.0}, {"x": 316.0, "y": 454.0}, {"x": 316.0, "y": 494.0}, {"x": 209.0, "y": 494.0}]}, "description": " Server:"}, {"boundingPoly": {"vertices": [{"x": 368.0, "y": 285.0}, {"x": 562.0, "y": 285.0}, {"x": 562.0, "y": 336.0}, {"x": 368.0, "y": 336.0}]}, "description": "merchant address"}, {"boundingPoly": {"vertices": [{"x": 610.0, "y": 346.0}, {"x": 682.0, "y": 346.0}, {"x": 682.0, "y": 384.0}, {"x": 610.0, "y": 384.0}]}, "description": " 13:52"}, {"boundingPoly": {"vertices": [{"x": 549.0, "y": 382.0}, {"x": 680.0, "y": 397.0}, {"x": 677.0, "y": 415.0}, {"x": 547.0, "y": 400.0}]}, "description": "=========="}, {"boundingPoly": {"vertices": [{"x": 208.0, "y": 418.0}, {"x": 304.0, "y": 418.0}, {"x": 304.0, "y": 456.0}, {"x": 208.0, "y": 456.0}]}, "description": " Check:"}, {"boundingPoly": {"vertices": [{"x": 307.0, "y": 425.0}, {"x": 415.0, "y": 425.0}, {"x": 415.0, "y": 465.0}, {"x": 307.0, "y": 465.0}]}, "description": " 4189260"}, {"boundingPoly": {"vertices": [{"x": 211.0, "y": 491.0}, {"x": 345.0, "y": 491.0}, {"x": 345.0, "y": 530.0}, {"x": 211.0, "y": 530.0}]}, "description": " Terminal:"}, {"boundingPoly": {"vertices": [{"x": 212.0, "y": 532.0}, {"x": 424.0, "y": 547.0}, {"x": 423.0, "y": 566.0}, {"x": 211.0, "y": 550.0}]}, "description": "==============="}, {"boundingPoly": {"vertices": [{"x": 349.0, "y": 570.0}, {"x": 452.0, "y": 570.0}, {"x": 452.0, "y": 597.0}, {"x": 349.0, "y": 597.0}]}, "description": " Regular"}, {"boundingPoly": {"vertices": [{"x": 320.0, "y": 462.0}, {"x": 400.0, "y": 462.0}, {"x": 400.0, "y": 501.0}, {"x": 320.0, "y": 501.0}]}, "description": " Maria"}, {"boundingPoly": {"vertices": [{"x": 349.0, "y": 500.0}, {"x": 399.0, "y": 500.0}, {"x": 399.0, "y": 534.0}, {"x": 349.0, "y": 534.0}]}, "description": " 418"}, {"boundingPoly": {"vertices": [{"x": 489.0, "y": 478.0}, {"x": 594.0, "y": 478.0}, {"x": 594.0, "y": 518.0}, {"x": 489.0, "y": 518.0}]}, "description": " Guests:"}, {"boundingPoly": {"vertices": [{"x": 599.0, "y": 487.0}, {"x": 615.0, "y": 487.0}, {"x": 615.0, "y": 519.0}, {"x": 599.0, "y": 519.0}]}, "description": " 1"}, {"boundingPoly": {"vertices": [{"x": 458.0, "y": 550.0}, {"x": 667.0, "y": 550.0}, {"x": 667.0, "y": 569.0}, {"x": 458.0, "y": 569.0}]}, "description": "==============="}, {"boundingPoly": {"vertices": [{"x": 456.0, "y": 572.0}, {"x": 531.0, "y": 572.0}, {"x": 531.0, "y": 599.0}, {"x": 456.0, "y": 599.0}]}, "description": " Check"}, {"boundingPoly": {"vertices": [{"x": 293.0, "y": 593.0}, {"x": 475.0, "y": 597.0}, {"x": 474.0, "y": 625.0}, {"x": 293.0, "y": 621.0}]}, "description": "2 Whole Fruit"}, {"boundingPoly": {"vertices": [{"x": 345.0, "y": 623.0}, {"x": 406.0, "y": 623.0}, {"x": 406.0, "y": 648.0}, {"x": 345.0, "y": 648.0}]}, "description": " 2.49"}, {"boundingPoly": {"vertices": [{"x": 316.0, "y": 650.0}, {"x": 409.0, "y": 650.0}, {"x": 409.0, "y": 677.0}, {"x": 316.0, "y": 677.0}]}, "description": " Tomato"}, {"boundingPoly": {"vertices": [{"x": 309.0, "y": 676.0}, {"x": 448.0, "y": 676.0}, {"x": 448.0, "y": 707.0}, {"x": 309.0, "y": 707.0}]}, "description": " Evolution"}, {"boundingPoly": {"vertices": [{"x": 315.0, "y": 622.0}, {"x": 340.0, "y": 622.0}, {"x": 340.0, "y": 647.0}, {"x": 315.0, "y": 647.0}]}, "description": " @"}, {"boundingPoly": {"vertices": [{"x": 611.0, "y": 599.0}, {"x": 668.0, "y": 600.0}, {"x": 667.0, "y": 623.0}, {"x": 611.0, "y": 623.0}]}, "description": "4.98"}, {"boundingPoly": {"vertices": [{"x": 289.0, "y": 650.0}, {"x": 313.0, "y": 650.0}, {"x": 313.0, "y": 675.0}, {"x": 289.0, "y": 675.0}]}, "description": " 1"}, {"boundingPoly": {"vertices": [{"x": 288.0, "y": 675.0}, {"x": 305.0, "y": 675.0}, {"x": 305.0, "y": 703.0}, {"x": 288.0, "y": 703.0}]}, "description": " 1"}, {"boundingPoly": {"vertices": [{"x": 412.0, "y": 652.0}, {"x": 498.0, "y": 652.0}, {"x": 498.0, "y": 679.0}, {"x": 412.0, "y": 679.0}]}, "description": " Panini"}, {"boundingPoly": {"vertices": [{"x": 452.0, "y": 682.0}, {"x": 543.0, "y": 682.0}, {"x": 543.0, "y": 711.0}, {"x": 452.0, "y": 711.0}]}, "description": " Orange"}, {"boundingPoly": {"vertices": [{"x": 337.0, "y": 732.0}, {"x": 455.0, "y": 736.0}, {"x": 454.0, "y": 763.0}, {"x": 336.0, "y": 760.0}]}, "description": "Subtotal"}, {"boundingPoly": {"vertices": [{"x": 411.0, "y": 768.0}, {"x": 453.0, "y": 770.0}, {"x": 453.0, "y": 793.0}, {"x": 409.0, "y": 791.0}]}, "description": "Tax"}, {"boundingPoly": {"vertices": [{"x": 378.0, "y": 795.0}, {"x": 450.0, "y": 796.0}, {"x": 450.0, "y": 823.0}, {"x": 378.0, "y": 824.0}]}, "description": "Total"}, {"boundingPoly": {"vertices": [{"x": 611.0, "y": 655.0}, {"x": 668.0, "y": 655.0}, {"x": 666.0, "y": 681.0}, {"x": 610.0, "y": 681.0}]}, "description": "8.95"}, {"boundingPoly": {"vertices": [{"x": 611.0, "y": 682.0}, {"x": 668.0, "y": 684.0}, {"x": 668.0, "y": 708.0}, {"x": 611.0, "y": 709.0}]}, "description": "6.50"}, {"boundingPoly": {"vertices": [{"x": 565.0, "y": 740.0}, {"x": 641.0, "y": 740.0}, {"x": 640.0, "y": 766.0}, {"x": 564.0, "y": 766.0}]}, "description": "20.43"}, {"boundingPoly": {"vertices": [{"x": 582.0, "y": 769.0}, {"x": 641.0, "y": 768.0}, {"x": 642.0, "y": 795.0}, {"x": 583.0, "y": 796.0}]}, "description": "1.69"}, {"boundingPoly": {"vertices": [{"x": 566.0, "y": 798.0}, {"x": 640.0, "y": 798.0}, {"x": 640.0, "y": 824.0}, {"x": 566.0, "y": 825.0}]}, "description": "22.12"}, {"boundingPoly": {"vertices": [{"x": 176.0, "y": 888.0}, {"x": 299.0, "y": 884.0}, {"x": 299.0, "y": 911.0}, {"x": 176.0, "y": 914.0}]}, "description": "Amex EMV"}, {"boundingPoly": {"vertices": [{"x": 592.0, "y": 879.0}, {"x": 670.0, "y": 880.0}, {"x": 670.0, "y": 907.0}, {"x": 591.0, "y": 906.0}]}, "description": "22.12"}, {"boundingPoly": {"vertices": [{"x": 297.0, "y": 948.0}, {"x": 537.0, "y": 945.0}, {"x": 538.0, "y": 976.0}, {"x": 297.0, "y": 980.0}]}, "description": "AMERICAN EXPRESS"}, {"boundingPoly": {"vertices": [{"x": 278.0, "y": 982.0}, {"x": 509.0, "y": 982.0}, {"x": 509.0, "y": 1017.0}, {"x": 278.0, "y": 1017.0}]}, "description": " Verified by PIN"}, {"boundingPoly": {"vertices": [{"x": 207.0, "y": 1021.0}, {"x": 375.0, "y": 1021.0}, {"x": 375.0, "y": 1055.0}, {"x": 207.0, "y": 1055.0}]}, "description": " Entry Mode:"}, {"boundingPoly": {"vertices": [{"x": 205.0, "y": 1057.0}, {"x": 365.0, "y": 1057.0}, {"x": 365.0, "y": 1090.0}, {"x": 205.0, "y": 1090.0}]}, "description": " Auth Mode:"}, {"boundingPoly": {"vertices": [{"x": 277.0, "y": 1091.0}, {"x": 524.0, "y": 1091.0}, {"x": 524.0, "y": 1125.0}, {"x": 277.0, "y": 1125.0}]}, "description": " A000000025010801"}, {"boundingPoly": {"vertices": [{"x": 276.0, "y": 1128.0}, {"x": 436.0, "y": 1128.0}, {"x": 436.0, "y": 1160.0}, {"x": 276.0, "y": 1160.0}]}, "description": " 0000008000"}, {"boundingPoly": {"vertices": [{"x": 275.0, "y": 1163.0}, {"x": 496.0, "y": 1163.0}, {"x": 496.0, "y": 1196.0}, {"x": 275.0, "y": 1196.0}]}, "description": " 066D0103642002"}, {"boundingPoly": {"vertices": [{"x": 273.0, "y": 1199.0}, {"x": 342.0, "y": 1199.0}, {"x": 342.0, "y": 1231.0}, {"x": 273.0, "y": 1231.0}]}, "description": " F800"}, {"boundingPoly": {"vertices": [{"x": 274.0, "y": 1236.0}, {"x": 311.0, "y": 1236.0}, {"x": 311.0, "y": 1268.0}, {"x": 274.0, "y": 1268.0}]}, "description": " 00"}, {"boundingPoly": {"vertices": [{"x": 204.0, "y": 911.0}, {"x": 432.0, "y": 911.0}, {"x": 432.0, "y": 945.0}, {"x": 204.0, "y": 945.0}]}, "description": " XXXXXXXXXXX1009"}, {"boundingPoly": {"vertices": [{"x": 438.0, "y": 911.0}, {"x": 462.0, "y": 911.0}, {"x": 462.0, "y": 942.0}, {"x": 438.0, "y": 942.0}]}, "description": " -"}, {"boundingPoly": {"vertices": [{"x": 205.0, "y": 985.0}, {"x": 273.0, "y": 985.0}, {"x": 273.0, "y": 1017.0}, {"x": 205.0, "y": 1017.0}]}, "description": " CVM:"}, {"boundingPoly": {"vertices": [{"x": 381.0, "y": 1021.0}, {"x": 451.0, "y": 1021.0}, {"x": 451.0, "y": 1054.0}, {"x": 381.0, "y": 1054.0}]}, "description": " Chip"}, {"boundingPoly": {"vertices": [{"x": 371.0, "y": 1057.0}, {"x": 463.0, "y": 1057.0}, {"x": 463.0, "y": 1088.0}, {"x": 371.0, "y": 1088.0}]}, "description": " Issuer"}, {"boundingPoly": {"vertices": [{"x": 204.0, "y": 1093.0}, {"x": 271.0, "y": 1093.0}, {"x": 271.0, "y": 1126.0}, {"x": 204.0, "y": 1126.0}]}, "description": " AID:"}, {"boundingPoly": {"vertices": [{"x": 204.0, "y": 1129.0}, {"x": 271.0, "y": 1129.0}, {"x": 271.0, "y": 1160.0}, {"x": 204.0, "y": 1160.0}]}, "description": " TVR:"}, {"boundingPoly": {"vertices": [{"x": 200.0, "y": 1164.0}, {"x": 270.0, "y": 1164.0}, {"x": 270.0, "y": 1196.0}, {"x": 200.0, "y": 1196.0}]}, "description": " IAD:"}, {"boundingPoly": {"vertices": [{"x": 200.0, "y": 1200.0}, {"x": 267.0, "y": 1200.0}, {"x": 267.0, "y": 1232.0}, {"x": 200.0, "y": 1232.0}]}, "description": " TSI:"}, {"boundingPoly": {"vertices": [{"x": 198.0, "y": 1237.0}, {"x": 269.0, "y": 1237.0}, {"x": 269.0, "y": 1268.0}, {"x": 198.0, "y": 1268.0}]}, "description": " ARC:"}, {"boundingPoly": {"vertices": [{"x": 272.0, "y": 1307.0}, {"x": 449.0, "y": 1306.0}, {"x": 449.0, "y": 1339.0}, {"x": 272.0, "y": 1340.0}]}, "description": "GRAND TOTAL"}, {"boundingPoly": {"vertices": [{"x": 588.0, "y": 1307.0}, {"x": 669.0, "y": 1307.0}, {"x": 670.0, "y": 1338.0}, {"x": 588.0, "y": 1339.0}]}, "description": "22.12"}, {"boundingPoly": {"vertices": [{"x": 589.0, "y": 1386.0}, {"x": 688.0, "y": 1387.0}, {"x": 688.0, "y": 1404.0}, {"x": 589.0, "y": 1403.0}]}, "description": "======"}, {"boundingPoly": {"vertices": [{"x": 152.0, "y": 1416.0}, {"x": 626.0, "y": 1416.0}, {"x": 626.0, "y": 1452.0}, {"x": 152.0, "y": 1452.0}]}, "description": " T418 C442086 11/16/2019 13:53"}, {"boundingPoly": {"vertices": [{"x": 589.0, "y": 1460.0}, {"x": 692.0, "y": 1457.0}, {"x": 692.0, "y": 1473.0}, {"x": 589.0, "y": 1476.0}]}, "description": "======"}, {"boundingPoly": {"vertices": [{"x": 146.0, "y": 1463.0}, {"x": 192.0, "y": 1463.0}, {"x": 191.0, "y": 1478.0}, {"x": 146.0, "y": 1479.0}]}, "description": "==="}, {"boundingPoly": {"vertices": [{"x": 451.0, "y": 1463.0}, {"x": 493.0, "y": 1464.0}, {"x": 493.0, "y": 1478.0}, {"x": 451.0, "y": 1477.0}]}, "description": "==="}, {"boundingPoly": {"vertices": [{"x": 137.0, "y": 1526.0}, {"x": 210.0, "y": 1525.0}, {"x": 210.0, "y": 1560.0}, {"x": 138.0, "y": 1560.0}]}, "description": "Food"}, {"boundingPoly": {"vertices": [{"x": 136.0, "y": 1568.0}, {"x": 347.0, "y": 1568.0}, {"x": 347.0, "y": 1603.0}, {"x": 136.0, "y": 1604.0}]}, "description": "N/A Beverage"}, {"boundingPoly": {"vertices": [{"x": 613.0, "y": 1519.0}, {"x": 698.0, "y": 1517.0}, {"x": 699.0, "y": 1552.0}, {"x": 615.0, "y": 1553.0}]}, "description": "13.93"}, {"boundingPoly": {"vertices": [{"x": 625.0, "y": 1560.0}, {"x": 699.0, "y": 1559.0}, {"x": 701.0, "y": 1593.0}, {"x": 626.0, "y": 1597.0}]}, "description": "6.50"}, {"boundingPoly": {"vertices": [{"x": 188.0, "y": 1648.0}, {"x": 653.0, "y": 1644.0}, {"x": 654.0, "y": 1682.0}, {"x": 188.0, "y": 1687.0}]}, "description": "Visit our 2 other locations"}, {"boundingPoly": {"vertices": [{"x": 258.0, "y": 1691.0}, {"x": 585.0, "y": 1688.0}, {"x": 585.0, "y": 1725.0}, {"x": 259.0, "y": 1730.0}]}, "description": "Lobby open 24 Hours"}, {"boundingPoly": {"vertices": [{"x": 224.0, "y": 1735.0}, {"x": 616.0, "y": 1731.0}, {"x": 616.0, "y": 1767.0}, {"x": 224.0, "y": 1772.0}]}, "description": "& Casino open 24 Hours."}]}