{"textAnnotations": [{"boundingPoly": {"vertices": [{"x": 112.0, "y": 21.0}, {"x": 228.0, "y": 21.0}, {"x": 228.0, "y": 45.0}, {"x": 112.0, "y": 45.0}]}, "description": "merchant name"}, {"boundingPoly": {"vertices": [{"x": 162.0, "y": 50.0}, {"x": 317.0, "y": 48.0}, {"x": 317.0, "y": 74.0}, {"x": 163.0, "y": 75.0}]}, "description": "merchant address"}, {"boundingPoly": {"vertices": [{"x": 77.0, "y": 79.0}, {"x": 402.0, "y": 77.0}, {"x": 402.0, "y": 101.0}, {"x": 78.0, "y": 105.0}]}, "description": "merchant address"}, {"boundingPoly": {"vertices": [{"x": 242.0, "y": 20.0}, {"x": 377.0, "y": 20.0}, {"x": 377.0, "y": 45.0}, {"x": 242.0, "y": 45.0}]}, "description": "merchant address"}, {"boundingPoly": {"vertices": [{"x": 186.0, "y": 134.0}, {"x": 306.0, "y": 133.0}, {"x": 306.0, "y": 160.0}, {"x": 186.0, "y": 162.0}]}, "description": "CHK 712258"}, {"boundingPoly": {"vertices": [{"x": 128.0, "y": 165.0}, {"x": 354.0, "y": 165.0}, {"x": 354.0, "y": 190.0}, {"x": 128.0, "y": 190.0}]}, "description": " 11/30/2019 08:25 PM"}, {"boundingPoly": {"vertices": [{"x": 76.0, "y": 193.0}, {"x": 166.0, "y": 193.0}, {"x": 166.0, "y": 217.0}, {"x": 76.0, "y": 217.0}]}, "description": "2836583"}, {"boundingPoly": {"vertices": [{"x": 195.0, "y": 194.0}, {"x": 285.0, "y": 194.0}, {"x": 285.0, "y": 219.0}, {"x": 195.0, "y": 219.0}]}, "description": " Drawer:"}, {"boundingPoly": {"vertices": [{"x": 290.0, "y": 193.0}, {"x": 382.0, "y": 193.0}, {"x": 382.0, "y": 220.0}, {"x": 290.0, "y": 220.0}]}, "description": " 2 Reg:"}, {"boundingPoly": {"vertices": [{"x": 386.0, "y": 193.0}, {"x": 402.0, "y": 193.0}, {"x": 402.0, "y": 220.0}, {"x": 386.0, "y": 220.0}]}, "description": " 1"}, {"boundingPoly": {"vertices": [{"x": 42.0, "y": 251.0}, {"x": 68.0, "y": 251.0}, {"x": 68.0, "y": 277.0}, {"x": 42.0, "y": 277.0}]}, "description": " Tl"}, {"boundingPoly": {"vertices": [{"x": 73.0, "y": 251.0}, {"x": 250.0, "y": 251.0}, {"x": 250.0, "y": 279.0}, {"x": 73.0, "y": 279.0}]}, "description": " Classic Htchoc"}, {"boundingPoly": {"vertices": [{"x": 375.0, "y": 251.0}, {"x": 425.0, "y": 253.0}, {"x": 424.0, "y": 278.0}, {"x": 375.0, "y": 277.0}]}, "description": "3.75"}, {"boundingPoly": {"vertices": [{"x": 40.0, "y": 311.0}, {"x": 92.0, "y": 312.0}, {"x": 91.0, "y": 334.0}, {"x": 40.0, "y": 333.0}]}, "description": "Anex"}, {"boundingPoly": {"vertices": [{"x": 40.0, "y": 339.0}, {"x": 236.0, "y": 340.0}, {"x": 236.0, "y": 366.0}, {"x": 40.0, "y": 364.0}]}, "description": "XXXXXXXXXXXX1005"}, {"boundingPoly": {"vertices": [{"x": 40.0, "y": 369.0}, {"x": 178.0, "y": 369.0}, {"x": 178.0, "y": 397.0}, {"x": 40.0, "y": 397.0}]}, "description": " Card Entry:"}, {"boundingPoly": {"vertices": [{"x": 42.0, "y": 399.0}, {"x": 179.0, "y": 399.0}, {"x": 179.0, "y": 427.0}, {"x": 42.0, "y": 427.0}]}, "description": " Trans Type:"}, {"boundingPoly": {"vertices": [{"x": 43.0, "y": 429.0}, {"x": 193.0, "y": 429.0}, {"x": 193.0, "y": 455.0}, {"x": 43.0, "y": 455.0}]}, "description": " Reference #:"}, {"boundingPoly": {"vertices": [{"x": 46.0, "y": 458.0}, {"x": 171.0, "y": 458.0}, {"x": 171.0, "y": 483.0}, {"x": 46.0, "y": 483.0}]}, "description": " App Label:"}, {"boundingPoly": {"vertices": [{"x": 50.0, "y": 486.0}, {"x": 137.0, "y": 486.0}, {"x": 137.0, "y": 510.0}, {"x": 50.0, "y": 510.0}]}, "description": " Auth #:"}, {"boundingPoly": {"vertices": [{"x": 108.0, "y": 512.0}, {"x": 297.0, "y": 512.0}, {"x": 297.0, "y": 537.0}, {"x": 108.0, "y": 537.0}]}, "description": " A000000025010801"}, {"boundingPoly": {"vertices": [{"x": 108.0, "y": 541.0}, {"x": 228.0, "y": 541.0}, {"x": 228.0, "y": 566.0}, {"x": 108.0, "y": 566.0}]}, "description": " 0000008000"}, {"boundingPoly": {"vertices": [{"x": 109.0, "y": 570.0}, {"x": 161.0, "y": 570.0}, {"x": 161.0, "y": 594.0}, {"x": 109.0, "y": 594.0}]}, "description": " EBOO"}, {"boundingPoly": {"vertices": [{"x": 375.0, "y": 314.0}, {"x": 426.0, "y": 315.0}, {"x": 424.0, "y": 339.0}, {"x": 375.0, "y": 338.0}]}, "description": "4.08"}, {"boundingPoly": {"vertices": [{"x": 183.0, "y": 370.0}, {"x": 307.0, "y": 370.0}, {"x": 307.0, "y": 397.0}, {"x": 183.0, "y": 397.0}]}, "description": " QUICK CHIP"}, {"boundingPoly": {"vertices": [{"x": 184.0, "y": 401.0}, {"x": 285.0, "y": 401.0}, {"x": 285.0, "y": 428.0}, {"x": 184.0, "y": 428.0}]}, "description": " PURCHASE"}, {"boundingPoly": {"vertices": [{"x": 198.0, "y": 431.0}, {"x": 298.0, "y": 431.0}, {"x": 298.0, "y": 456.0}, {"x": 198.0, "y": 456.0}]}, "description": " 00000213"}, {"boundingPoly": {"vertices": [{"x": 175.0, "y": 458.0}, {"x": 367.0, "y": 458.0}, {"x": 367.0, "y": 484.0}, {"x": 175.0, "y": 484.0}]}, "description": " AMERICAN EXPRESS"}, {"boundingPoly": {"vertices": [{"x": 141.0, "y": 487.0}, {"x": 216.0, "y": 487.0}, {"x": 216.0, "y": 511.0}, {"x": 141.0, "y": 511.0}]}, "description": " 863575"}, {"boundingPoly": {"vertices": [{"x": 51.0, "y": 513.0}, {"x": 103.0, "y": 513.0}, {"x": 103.0, "y": 538.0}, {"x": 51.0, "y": 538.0}]}, "description": " AID:"}, {"boundingPoly": {"vertices": [{"x": 52.0, "y": 542.0}, {"x": 104.0, "y": 542.0}, {"x": 104.0, "y": 567.0}, {"x": 52.0, "y": 567.0}]}, "description": " TVR:"}, {"boundingPoly": {"vertices": [{"x": 50.0, "y": 570.0}, {"x": 104.0, "y": 570.0}, {"x": 104.0, "y": 595.0}, {"x": 50.0, "y": 595.0}]}, "description": " TSI:"}, {"boundingPoly": {"vertices": [{"x": 50.0, "y": 626.0}, {"x": 146.0, "y": 625.0}, {"x": 146.0, "y": 650.0}, {"x": 50.0, "y": 651.0}]}, "description": "Subtotal"}, {"boundingPoly": {"vertices": [{"x": 51.0, "y": 655.0}, {"x": 172.0, "y": 652.0}, {"x": 172.0, "y": 677.0}, {"x": 51.0, "y": 680.0}]}, "description": "Tax 8.875%"}, {"boundingPoly": {"vertices": [{"x": 52.0, "y": 685.0}, {"x": 113.0, "y": 684.0}, {"x": 113.0, "y": 708.0}, {"x": 53.0, "y": 707.0}]}, "description": "Total"}, {"boundingPoly": {"vertices": [{"x": 17.0, "y": 714.0}, {"x": 251.0, "y": 710.0}, {"x": 252.0, "y": 734.0}, {"x": 17.0, "y": 739.0}]}, "description": "Change Due"}, {"boundingPoly": {"vertices": [{"x": 352.0, "y": 622.0}, {"x": 411.0, "y": 623.0}, {"x": 410.0, "y": 646.0}, {"x": 351.0, "y": 646.0}]}, "description": "$3.75"}, {"boundingPoly": {"vertices": [{"x": 351.0, "y": 651.0}, {"x": 410.0, "y": 650.0}, {"x": 410.0, "y": 674.0}, {"x": 352.0, "y": 674.0}]}, "description": "$0.33"}, {"boundingPoly": {"vertices": [{"x": 352.0, "y": 679.0}, {"x": 411.0, "y": 678.0}, {"x": 411.0, "y": 702.0}, {"x": 352.0, "y": 702.0}]}, "description": "$4.08"}, {"boundingPoly": {"vertices": [{"x": 363.0, "y": 709.0}, {"x": 476.0, "y": 707.0}, {"x": 477.0, "y": 730.0}, {"x": 363.0, "y": 733.0}]}, "description": "$0.00"}, {"boundingPoly": {"vertices": [{"x": 153.0, "y": 764.0}, {"x": 301.0, "y": 761.0}, {"x": 302.0, "y": 790.0}, {"x": 153.0, "y": 792.0}]}, "description": "Check Closed"}, {"boundingPoly": {"vertices": [{"x": 136.0, "y": 791.0}, {"x": 358.0, "y": 791.0}, {"x": 358.0, "y": 823.0}, {"x": 136.0, "y": 823.0}]}, "description": " 11/30/2019 08:25 PM"}, {"boundingPoly": {"vertices": [{"x": 112.0, "y": 944.0}, {"x": 396.0, "y": 941.0}, {"x": 397.0, "y": 966.0}, {"x": 112.0, "y": 971.0}]}, "description": "Join our loyalty program"}, {"boundingPoly": {"vertices": [{"x": 145.0, "y": 974.0}, {"x": 361.0, "y": 968.0}, {"x": 362.0, "y": 994.0}, {"x": 146.0, "y": 999.0}]}, "description": "Starbucks Rewardss"}, {"boundingPoly": {"vertices": [{"x": 73.0, "y": 1004.0}, {"x": 431.0, "y": 995.0}, {"x": 432.0, "y": 1024.0}, {"x": 74.0, "y": 1033.0}]}, "description": "Sign up for promotional emails"}, {"boundingPoly": {"vertices": [{"x": 135.0, "y": 1059.0}, {"x": 365.0, "y": 1053.0}, {"x": 366.0, "y": 1081.0}, {"x": 135.0, "y": 1088.0}]}, "description": "Or download our app"}, {"boundingPoly": {"vertices": [{"x": 113.0, "y": 1115.0}, {"x": 383.0, "y": 1105.0}, {"x": 383.0, "y": 1128.0}, {"x": 114.0, "y": 1138.0}]}, "description": "Some restrictions apply"}, {"boundingPoly": {"vertices": [{"x": 87.0, "y": 1034.0}, {"x": 409.0, "y": 1027.0}, {"x": 409.0, "y": 1051.0}, {"x": 87.0, "y": 1059.0}]}, "description": "Visit Starbucks.com/rewards"}, {"boundingPoly": {"vertices": [{"x": 111.0, "y": 1089.0}, {"x": 383.0, "y": 1081.0}, {"x": 384.0, "y": 1103.0}, {"x": 112.0, "y": 1113.0}]}, "description": "At participating stores"}]}