{"textAnnotations": [{"boundingPoly": {"vertices": [{"x": 162.0, "y": 30.0}, {"x": 259.0, "y": 30.0}, {"x": 259.0, "y": 54.0}, {"x": 162.0, "y": 55.0}]}, "description": "merchant name"}, {"boundingPoly": {"vertices": [{"x": 175.0, "y": 69.0}, {"x": 244.0, "y": 69.0}, {"x": 245.0, "y": 82.0}, {"x": 175.0, "y": 83.0}]}, "description": "merchant address"}, {"boundingPoly": {"vertices": [{"x": 195.0, "y": 84.0}, {"x": 223.0, "y": 84.0}, {"x": 223.0, "y": 98.0}, {"x": 195.0, "y": 98.0}]}, "description": " Tel:"}, {"boundingPoly": {"vertices": [{"x": 177.0, "y": 98.0}, {"x": 276.0, "y": 98.0}, {"x": 276.0, "y": 116.0}, {"x": 177.0, "y": 116.0}]}, "description": " 31 142 913 880"}, {"boundingPoly": {"vertices": [{"x": 145.0, "y": 101.0}, {"x": 174.0, "y": 101.0}, {"x": 174.0, "y": 116.0}, {"x": 145.0, "y": 116.0}]}, "description": " ABN:"}, {"boundingPoly": {"vertices": [{"x": 172.0, "y": 132.0}, {"x": 249.0, "y": 131.0}, {"x": 250.0, "y": 146.0}, {"x": 172.0, "y": 147.0}]}, "description": "Tax Invoice"}, {"boundingPoly": {"vertices": [{"x": 66.0, "y": 167.0}, {"x": 135.0, "y": 167.0}, {"x": 135.0, "y": 184.0}, {"x": 66.0, "y": 184.0}]}, "description": " Order No .:"}, {"boundingPoly": {"vertices": [{"x": 137.0, "y": 167.0}, {"x": 154.0, "y": 167.0}, {"x": 154.0, "y": 182.0}, {"x": 137.0, "y": 182.0}]}, "description": " 57"}, {"boundingPoly": {"vertices": [{"x": 345.0, "y": 183.0}, {"x": 356.0, "y": 183.0}, {"x": 357.0, "y": 191.0}, {"x": 345.0, "y": 191.0}]}, "description": "=="}, {"boundingPoly": {"vertices": [{"x": 65.0, "y": 201.0}, {"x": 123.0, "y": 201.0}, {"x": 123.0, "y": 217.0}, {"x": 65.0, "y": 217.0}]}, "description": " Station:"}, {"boundingPoly": {"vertices": [{"x": 64.0, "y": 216.0}, {"x": 205.0, "y": 216.0}, {"x": 205.0, "y": 233.0}, {"x": 64.0, "y": 233.0}]}, "description": " Bill:0820000048 Time:"}, {"boundingPoly": {"vertices": [{"x": 125.0, "y": 200.0}, {"x": 162.0, "y": 200.0}, {"x": 162.0, "y": 216.0}, {"x": 125.0, "y": 216.0}]}, "description": " IPad2"}, {"boundingPoly": {"vertices": [{"x": 206.0, "y": 199.0}, {"x": 253.0, "y": 199.0}, {"x": 253.0, "y": 214.0}, {"x": 206.0, "y": 214.0}]}, "description": " Staff:"}, {"boundingPoly": {"vertices": [{"x": 207.0, "y": 213.0}, {"x": 355.0, "y": 213.0}, {"x": 355.0, "y": 232.0}, {"x": 207.0, "y": 232.0}]}, "description": " 12/12/2019 7:45:15 AM"}, {"boundingPoly": {"vertices": [{"x": 256.0, "y": 199.0}, {"x": 285.0, "y": 199.0}, {"x": 285.0, "y": 214.0}, {"x": 256.0, "y": 214.0}]}, "description": " Juan"}, {"boundingPoly": {"vertices": [{"x": 63.0, "y": 251.0}, {"x": 95.0, "y": 251.0}, {"x": 95.0, "y": 265.0}, {"x": 63.0, "y": 265.0}]}, "description": "QTY"}, {"boundingPoly": {"vertices": [{"x": 105.0, "y": 251.0}, {"x": 136.0, "y": 250.0}, {"x": 136.0, "y": 265.0}, {"x": 105.0, "y": 265.0}]}, "description": "ITEM"}, {"boundingPoly": {"vertices": [{"x": 270.0, "y": 251.0}, {"x": 279.0, "y": 252.0}, {"x": 278.0, "y": 262.0}, {"x": 269.0, "y": 261.0}]}, "description": "$"}, {"boundingPoly": {"vertices": [{"x": 319.0, "y": 248.0}, {"x": 354.0, "y": 247.0}, {"x": 354.0, "y": 262.0}, {"x": 319.0, "y": 263.0}]}, "description": "TOTAL"}, {"boundingPoly": {"vertices": [{"x": 106.0, "y": 285.0}, {"x": 232.0, "y": 283.0}, {"x": 233.0, "y": 299.0}, {"x": 106.0, "y": 300.0}]}, "description": "*Large Coffee/Choc"}, {"boundingPoly": {"vertices": [{"x": 106.0, "y": 302.0}, {"x": 163.0, "y": 302.0}, {"x": 163.0, "y": 316.0}, {"x": 106.0, "y": 316.0}]}, "description": "-- Extra"}, {"boundingPoly": {"vertices": [{"x": 106.0, "y": 318.0}, {"x": 205.0, "y": 317.0}, {"x": 206.0, "y": 332.0}, {"x": 106.0, "y": 333.0}]}, "description": "*Breakfast Box"}, {"boundingPoly": {"vertices": [{"x": 325.0, "y": 282.0}, {"x": 355.0, "y": 282.0}, {"x": 355.0, "y": 295.0}, {"x": 325.0, "y": 296.0}]}, "description": "4.30"}, {"boundingPoly": {"vertices": [{"x": 324.0, "y": 298.0}, {"x": 355.0, "y": 298.0}, {"x": 354.0, "y": 312.0}, {"x": 325.0, "y": 313.0}]}, "description": "0.50"}, {"boundingPoly": {"vertices": [{"x": 325.0, "y": 315.0}, {"x": 355.0, "y": 315.0}, {"x": 355.0, "y": 329.0}, {"x": 325.0, "y": 330.0}]}, "description": "8.90"}, {"boundingPoly": {"vertices": [{"x": 70.0, "y": 320.0}, {"x": 70.0, "y": 333.0}, {"x": 65.0, "y": 332.0}, {"x": 65.0, "y": 320.0}]}, "description": "-"}, {"boundingPoly": {"vertices": [{"x": 202.0, "y": 350.0}, {"x": 282.0, "y": 350.0}, {"x": 282.0, "y": 366.0}, {"x": 202.0, "y": 366.0}]}, "description": " Sub Total:$"}, {"boundingPoly": {"vertices": [{"x": 319.0, "y": 349.0}, {"x": 358.0, "y": 349.0}, {"x": 357.0, "y": 364.0}, {"x": 320.0, "y": 364.0}]}, "description": "13.70"}, {"boundingPoly": {"vertices": [{"x": 230.0, "y": 402.0}, {"x": 261.0, "y": 402.0}, {"x": 261.0, "y": 428.0}, {"x": 230.0, "y": 428.0}]}, "description": " TOTAL:"}, {"boundingPoly": {"vertices": [{"x": 197.0, "y": 430.0}, {"x": 261.0, "y": 430.0}, {"x": 261.0, "y": 447.0}, {"x": 197.0, "y": 447.0}]}, "description": " (inc. GST)"}, {"boundingPoly": {"vertices": [{"x": 266.0, "y": 402.0}, {"x": 279.0, "y": 402.0}, {"x": 279.0, "y": 428.0}, {"x": 266.0, "y": 428.0}]}, "description": " S"}, {"boundingPoly": {"vertices": [{"x": 264.0, "y": 430.0}, {"x": 283.0, "y": 430.0}, {"x": 283.0, "y": 447.0}, {"x": 264.0, "y": 447.0}]}, "description": " :$"}, {"boundingPoly": {"vertices": [{"x": 321.0, "y": 402.0}, {"x": 360.0, "y": 401.0}, {"x": 360.0, "y": 428.0}, {"x": 322.0, "y": 428.0}]}, "description": "13.70"}, {"boundingPoly": {"vertices": [{"x": 316.0, "y": 429.0}, {"x": 359.0, "y": 429.0}, {"x": 359.0, "y": 446.0}, {"x": 315.0, "y": 446.0}]}, "description": "(1.25)"}, {"boundingPoly": {"vertices": [{"x": 330.0, "y": 452.0}, {"x": 360.0, "y": 452.0}, {"x": 360.0, "y": 460.0}, {"x": 330.0, "y": 460.0}]}, "description": "===="}, {"boundingPoly": {"vertices": [{"x": 325.0, "y": 465.0}, {"x": 361.0, "y": 465.0}, {"x": 361.0, "y": 480.0}, {"x": 325.0, "y": 481.0}]}, "description": "13.70"}, {"boundingPoly": {"vertices": [{"x": 331.0, "y": 484.0}, {"x": 362.0, "y": 484.0}, {"x": 362.0, "y": 498.0}, {"x": 331.0, "y": 498.0}]}, "description": "0.00"}, {"boundingPoly": {"vertices": [{"x": 237.0, "y": 465.0}, {"x": 283.0, "y": 465.0}, {"x": 283.0, "y": 481.0}, {"x": 237.0, "y": 481.0}]}, "description": " CARD:$"}, {"boundingPoly": {"vertices": [{"x": 223.0, "y": 484.0}, {"x": 284.0, "y": 484.0}, {"x": 284.0, "y": 500.0}, {"x": 223.0, "y": 500.0}]}, "description": " Change:$"}, {"boundingPoly": {"vertices": [{"x": 110.0, "y": 536.0}, {"x": 318.0, "y": 536.0}, {"x": 318.0, "y": 551.0}, {"x": 110.0, "y": 551.0}]}, "description": " -- IPad2 12/12/2019 7:45:35 AM Juan --"}, {"boundingPoly": {"vertices": [{"x": 95.0, "y": 553.0}, {"x": 331.0, "y": 556.0}, {"x": 331.0, "y": 572.0}, {"x": 95.0, "y": 570.0}]}, "description": "* Indicates GST inclusive item(s)"}, {"boundingPoly": {"vertices": [{"x": 140.0, "y": 573.0}, {"x": 287.0, "y": 574.0}, {"x": 287.0, "y": 591.0}, {"x": 140.0, "y": 590.0}]}, "description": "Thank you for coming"}, {"boundingPoly": {"vertices": [{"x": 150.0, "y": 592.0}, {"x": 275.0, "y": 592.0}, {"x": 275.0, "y": 608.0}, {"x": 150.0, "y": 608.0}]}, "description": "Have a lovely day"}]}