{"textAnnotations": [{"boundingPoly": {"vertices": [{"x": 1150.0, "y": 309.0}, {"x": 1299.0, "y": 310.0}, {"x": 1299.0, "y": 336.0}, {"x": 1150.0, "y": 336.0}]}, "description": "merchant name"}, {"boundingPoly": {"vertices": [{"x": 1138.0, "y": 337.0}, {"x": 1182.0, "y": 337.0}, {"x": 1182.0, "y": 363.0}, {"x": 1138.0, "y": 363.0}]}, "description": "merchant address"}, {"boundingPoly": {"vertices": [{"x": 1029.0, "y": 363.0}, {"x": 1430.0, "y": 366.0}, {"x": 1429.0, "y": 393.0}, {"x": 1029.0, "y": 390.0}]}, "description": "merchant address"}, {"boundingPoly": {"vertices": [{"x": 1186.0, "y": 337.0}, {"x": 1325.0, "y": 337.0}, {"x": 1325.0, "y": 363.0}, {"x": 1186.0, "y": 363.0}]}, "description": "merchant address"}, {"boundingPoly": {"vertices": [{"x": 1096.0, "y": 390.0}, {"x": 1363.0, "y": 392.0}, {"x": 1363.0, "y": 418.0}, {"x": 1096.0, "y": 416.0}]}, "description": "GST # 825875560RT001"}, {"boundingPoly": {"vertices": [{"x": 1150.0, "y": 417.0}, {"x": 1311.0, "y": 419.0}, {"x": 1310.0, "y": 444.0}, {"x": 1150.0, "y": 442.0}]}, "description": "merchant phone"}, {"boundingPoly": {"vertices": [{"x": 976.0, "y": 462.0}, {"x": 1151.0, "y": 463.0}, {"x": 1151.0, "y": 495.0}, {"x": 976.0, "y": 494.0}]}, "description": "1124 JOSUSELL"}, {"boundingPoly": {"vertices": [{"x": 965.0, "y": 519.0}, {"x": 1070.0, "y": 519.0}, {"x": 1070.0, "y": 548.0}, {"x": 965.0, "y": 548.0}]}, "description": "Chk 3206"}, {"boundingPoly": {"vertices": [{"x": 1192.0, "y": 521.0}, {"x": 1498.0, "y": 521.0}, {"x": 1498.0, "y": 555.0}, {"x": 1192.0, "y": 555.0}]}, "description": " Nov08'19 03:17P Gst 0"}, {"boundingPoly": {"vertices": [{"x": 1017.0, "y": 574.0}, {"x": 1255.0, "y": 576.0}, {"x": 1255.0, "y": 601.0}, {"x": 1017.0, "y": 599.0}]}, "description": "** TO GO **"}, {"boundingPoly": {"vertices": [{"x": 1016.0, "y": 602.0}, {"x": 1104.0, "y": 602.0}, {"x": 1104.0, "y": 628.0}, {"x": 1016.0, "y": 628.0}]}, "description": " Timbit"}, {"boundingPoly": {"vertices": [{"x": 1015.0, "y": 630.0}, {"x": 1175.0, "y": 630.0}, {"x": 1175.0, "y": 655.0}, {"x": 1015.0, "y": 655.0}]}, "description": " 20z Coke Btl"}, {"boundingPoly": {"vertices": [{"x": 1017.0, "y": 656.0}, {"x": 1136.0, "y": 656.0}, {"x": 1136.0, "y": 682.0}, {"x": 1017.0, "y": 682.0}]}, "description": " TIM Water"}, {"boundingPoly": {"vertices": [{"x": 1003.0, "y": 681.0}, {"x": 1205.0, "y": 682.0}, {"x": 1205.0, "y": 709.0}, {"x": 1003.0, "y": 708.0}]}, "description": "XXXXXXXXXXX1003"}, {"boundingPoly": {"vertices": [{"x": 1017.0, "y": 709.0}, {"x": 1073.0, "y": 709.0}, {"x": 1073.0, "y": 734.0}, {"x": 1017.0, "y": 734.0}]}, "description": "Amex"}, {"boundingPoly": {"vertices": [{"x": 992.0, "y": 602.0}, {"x": 1012.0, "y": 602.0}, {"x": 1012.0, "y": 627.0}, {"x": 992.0, "y": 627.0}]}, "description": " 1"}, {"boundingPoly": {"vertices": [{"x": 992.0, "y": 630.0}, {"x": 1011.0, "y": 630.0}, {"x": 1011.0, "y": 654.0}, {"x": 992.0, "y": 654.0}]}, "description": " 1"}, {"boundingPoly": {"vertices": [{"x": 992.0, "y": 656.0}, {"x": 1013.0, "y": 656.0}, {"x": 1013.0, "y": 680.0}, {"x": 992.0, "y": 680.0}]}, "description": " 1"}, {"boundingPoly": {"vertices": [{"x": 1108.0, "y": 603.0}, {"x": 1131.0, "y": 603.0}, {"x": 1131.0, "y": 628.0}, {"x": 1108.0, "y": 628.0}]}, "description": " -"}, {"boundingPoly": {"vertices": [{"x": 1135.0, "y": 603.0}, {"x": 1166.0, "y": 603.0}, {"x": 1166.0, "y": 628.0}, {"x": 1135.0, "y": 628.0}]}, "description": " 20"}, {"boundingPoly": {"vertices": [{"x": 1400.0, "y": 605.0}, {"x": 1456.0, "y": 607.0}, {"x": 1455.0, "y": 634.0}, {"x": 1399.0, "y": 632.0}]}, "description": "4.61"}, {"boundingPoly": {"vertices": [{"x": 1401.0, "y": 631.0}, {"x": 1457.0, "y": 633.0}, {"x": 1457.0, "y": 658.0}, {"x": 1400.0, "y": 657.0}]}, "description": "2.74"}, {"boundingPoly": {"vertices": [{"x": 1403.0, "y": 656.0}, {"x": 1457.0, "y": 656.0}, {"x": 1456.0, "y": 684.0}, {"x": 1402.0, "y": 684.0}]}, "description": "1.97"}, {"boundingPoly": {"vertices": [{"x": 1391.0, "y": 711.0}, {"x": 1462.0, "y": 711.0}, {"x": 1461.0, "y": 740.0}, {"x": 1391.0, "y": 739.0}]}, "description": "10.54"}, {"boundingPoly": {"vertices": [{"x": 1016.0, "y": 757.0}, {"x": 1071.0, "y": 757.0}, {"x": 1071.0, "y": 785.0}, {"x": 1016.0, "y": 784.0}]}, "description": "Food"}, {"boundingPoly": {"vertices": [{"x": 1017.0, "y": 786.0}, {"x": 1098.0, "y": 788.0}, {"x": 1097.0, "y": 813.0}, {"x": 1017.0, "y": 812.0}]}, "description": "NA Bev"}, {"boundingPoly": {"vertices": [{"x": 1015.0, "y": 814.0}, {"x": 1112.0, "y": 815.0}, {"x": 1112.0, "y": 839.0}, {"x": 1015.0, "y": 838.0}]}, "description": "HST Tax"}, {"boundingPoly": {"vertices": [{"x": 1014.0, "y": 841.0}, {"x": 1110.0, "y": 841.0}, {"x": 1110.0, "y": 867.0}, {"x": 1014.0, "y": 867.0}]}, "description": "Payment"}, {"boundingPoly": {"vertices": [{"x": 1400.0, "y": 762.0}, {"x": 1452.0, "y": 762.0}, {"x": 1452.0, "y": 788.0}, {"x": 1400.0, "y": 787.0}]}, "description": "4.61"}, {"boundingPoly": {"vertices": [{"x": 1401.0, "y": 790.0}, {"x": 1453.0, "y": 790.0}, {"x": 1453.0, "y": 815.0}, {"x": 1400.0, "y": 814.0}]}, "description": "4.71"}, {"boundingPoly": {"vertices": [{"x": 1401.0, "y": 816.0}, {"x": 1455.0, "y": 817.0}, {"x": 1455.0, "y": 841.0}, {"x": 1401.0, "y": 841.0}]}, "description": "1.22"}, {"boundingPoly": {"vertices": [{"x": 1388.0, "y": 845.0}, {"x": 1455.0, "y": 845.0}, {"x": 1456.0, "y": 868.0}, {"x": 1388.0, "y": 868.0}]}, "description": "10,54"}, {"boundingPoly": {"vertices": [{"x": 1040.0, "y": 891.0}, {"x": 1119.0, "y": 891.0}, {"x": 1119.0, "y": 918.0}, {"x": 1040.0, "y": 918.0}]}, "description": " Win a"}, {"boundingPoly": {"vertices": [{"x": 1043.0, "y": 918.0}, {"x": 1314.0, "y": 918.0}, {"x": 1314.0, "y": 945.0}, {"x": 1043.0, "y": 945.0}]}, "description": " Go to the website to"}, {"boundingPoly": {"vertices": [{"x": 1041.0, "y": 944.0}, {"x": 1427.0, "y": 946.0}, {"x": 1426.0, "y": 973.0}, {"x": 1041.0, "y": 970.0}]}, "description": "website to tell us about your"}, {"boundingPoly": {"vertices": [{"x": 1043.0, "y": 971.0}, {"x": 1441.0, "y": 973.0}, {"x": 1441.0, "y": 1000.0}, {"x": 1043.0, "y": 997.0}]}, "description": "visit and enter our prize draw"}, {"boundingPoly": {"vertices": [{"x": 1095.0, "y": 999.0}, {"x": 1301.0, "y": 999.0}, {"x": 1301.0, "y": 1026.0}, {"x": 1095.0, "y": 1026.0}]}, "description": " See website for"}, {"boundingPoly": {"vertices": [{"x": 1080.0, "y": 1026.0}, {"x": 1388.0, "y": 1026.0}, {"x": 1388.0, "y": 1054.0}, {"x": 1080.0, "y": 1053.0}]}, "description": "www.eatonthemove.com/CA"}, {"boundingPoly": {"vertices": [{"x": 1130.0, "y": 891.0}, {"x": 1415.0, "y": 891.0}, {"x": 1415.0, "y": 920.0}, {"x": 1130.0, "y": 920.0}]}, "description": " $500 Amazon Gift Card"}, {"boundingPoly": {"vertices": [{"x": 1319.0, "y": 919.0}, {"x": 1415.0, "y": 919.0}, {"x": 1415.0, "y": 946.0}, {"x": 1319.0, "y": 946.0}]}, "description": " tell us"}, {"boundingPoly": {"vertices": [{"x": 1305.0, "y": 1000.0}, {"x": 1350.0, "y": 1000.0}, {"x": 1350.0, "y": 1026.0}, {"x": 1305.0, "y": 1026.0}]}, "description": " T&C"}, {"boundingPoly": {"vertices": [{"x": 1123.0, "y": 1078.0}, {"x": 1247.0, "y": 1078.0}, {"x": 1247.0, "y": 1110.0}, {"x": 1123.0, "y": 1110.0}]}, "description": " LOCATION:"}, {"boundingPoly": {"vertices": [{"x": 1041.0, "y": 1132.0}, {"x": 1419.0, "y": 1133.0}, {"x": 1419.0, "y": 1163.0}, {"x": 1041.0, "y": 1163.0}]}, "description": "Customer Care 1-877-325-8777"}, {"boundingPoly": {"vertices": [{"x": 1105.0, "y": 1185.0}, {"x": 1370.0, "y": 1187.0}, {"x": 1369.0, "y": 1219.0}, {"x": 1105.0, "y": 1216.0}]}, "description": "ENTREZ pour GAGNER!"}, {"boundingPoly": {"vertices": [{"x": 1025.0, "y": 1242.0}, {"x": 1415.0, "y": 1244.0}, {"x": 1415.0, "y": 1271.0}, {"x": 1025.0, "y": 1268.0}]}, "description": "Parlez-nous de votre visite a"}, {"boundingPoly": {"vertices": [{"x": 1252.0, "y": 1080.0}, {"x": 1344.0, "y": 1080.0}, {"x": 1344.0, "y": 1110.0}, {"x": 1252.0, "y": 1110.0}]}, "description": " 7104351"}, {"boundingPoly": {"vertices": [{"x": 1066.0, "y": 1215.0}, {"x": 1400.0, "y": 1216.0}, {"x": 1400.0, "y": 1243.0}, {"x": 1066.0, "y": 1241.0}]}, "description": "Bon cadeau Amazon de $500"}, {"boundingPoly": {"vertices": [{"x": 1078.0, "y": 1267.0}, {"x": 1097.0, "y": 1267.0}, {"x": 1097.0, "y": 1297.0}, {"x": 1078.0, "y": 1297.0}]}, "description": " 1"}, {"boundingPoly": {"vertices": [{"x": 1040.0, "y": 1296.0}, {"x": 1413.0, "y": 1297.0}, {"x": 1412.0, "y": 1326.0}, {"x": 1040.0, "y": 1324.0}]}, "description": "participez au tirage au sort"}, {"boundingPoly": {"vertices": [{"x": 1041.0, "y": 1324.0}, {"x": 1425.0, "y": 1324.0}, {"x": 1425.0, "y": 1351.0}, {"x": 1041.0, "y": 1351.0}]}, "description": " Consulter les conditions sur:"}, {"boundingPoly": {"vertices": [{"x": 1079.0, "y": 1352.0}, {"x": 1389.0, "y": 1352.0}, {"x": 1389.0, "y": 1378.0}, {"x": 1079.0, "y": 1377.0}]}, "description": "www.eatonthemove.com/CA"}, {"boundingPoly": {"vertices": [{"x": 1102.0, "y": 1268.0}, {"x": 1388.0, "y": 1268.0}, {"x": 1388.0, "y": 1299.0}, {"x": 1102.0, "y": 1299.0}]}, "description": " un de nos magasins et"}, {"boundingPoly": {"vertices": [{"x": 1122.0, "y": 1402.0}, {"x": 1245.0, "y": 1402.0}, {"x": 1245.0, "y": 1434.0}, {"x": 1122.0, "y": 1434.0}]}, "description": " LOCATION:"}, {"boundingPoly": {"vertices": [{"x": 1036.0, "y": 1457.0}, {"x": 1414.0, "y": 1459.0}, {"x": 1414.0, "y": 1489.0}, {"x": 1036.0, "y": 1487.0}]}, "description": "Customer Care 1-877-325-8777"}, {"boundingPoly": {"vertices": [{"x": 1250.0, "y": 1404.0}, {"x": 1343.0, "y": 1404.0}, {"x": 1343.0, "y": 1434.0}, {"x": 1250.0, "y": 1434.0}]}, "description": " 7104351"}]}