{"textAnnotations": [{"boundingPoly": {"vertices": [{"x": 159.0, "y": 74.0}, {"x": 525.0, "y": 53.0}, {"x": 526.0, "y": 90.0}, {"x": 160.0, "y": 113.0}]}, "description": "merchant name"}, {"boundingPoly": {"vertices": [{"x": 317.0, "y": 102.0}, {"x": 360.0, "y": 100.0}, {"x": 361.0, "y": 140.0}, {"x": 318.0, "y": 141.0}]}, "description": "merchant name"}, {"boundingPoly": {"vertices": [{"x": 238.0, "y": 169.0}, {"x": 444.0, "y": 158.0}, {"x": 446.0, "y": 181.0}, {"x": 239.0, "y": 192.0}]}, "description": "merchant name"}, {"boundingPoly": {"vertices": [{"x": 204.0, "y": 195.0}, {"x": 483.0, "y": 179.0}, {"x": 485.0, "y": 203.0}, {"x": 205.0, "y": 218.0}]}, "description": "merchant address"}, {"boundingPoly": {"vertices": [{"x": 203.0, "y": 242.0}, {"x": 494.0, "y": 227.0}, {"x": 496.0, "y": 254.0}, {"x": 204.0, "y": 268.0}]}, "description": "(Customer Copy)"}, {"boundingPoly": {"vertices": [{"x": 292.0, "y": 287.0}, {"x": 409.0, "y": 282.0}, {"x": 410.0, "y": 306.0}, {"x": 293.0, "y": 311.0}]}, "description": "TAX INVOICE"}, {"boundingPoly": {"vertices": [{"x": 343.0, "y": 330.0}, {"x": 448.0, "y": 330.0}, {"x": 448.0, "y": 359.0}, {"x": 343.0, "y": 359.0}]}, "description": " Bill Date:"}, {"boundingPoly": {"vertices": [{"x": 338.0, "y": 379.0}, {"x": 445.0, "y": 379.0}, {"x": 445.0, "y": 400.0}, {"x": 338.0, "y": 400.0}]}, "description": " User Code:"}, {"boundingPoly": {"vertices": [{"x": 367.0, "y": 410.0}, {"x": 406.0, "y": 410.0}, {"x": 406.0, "y": 428.0}, {"x": 367.0, "y": 428.0}]}, "description": " QTY"}, {"boundingPoly": {"vertices": [{"x": 147.0, "y": 341.0}, {"x": 229.0, "y": 341.0}, {"x": 229.0, "y": 368.0}, {"x": 147.0, "y": 368.0}]}, "description": " Bill No:"}, {"boundingPoly": {"vertices": [{"x": 145.0, "y": 383.0}, {"x": 200.0, "y": 383.0}, {"x": 200.0, "y": 398.0}, {"x": 145.0, "y": 398.0}]}, "description": " Time:"}, {"boundingPoly": {"vertices": [{"x": 131.0, "y": 406.0}, {"x": 210.0, "y": 407.0}, {"x": 210.0, "y": 423.0}, {"x": 131.0, "y": 423.0}]}, "description": "Product"}, {"boundingPoly": {"vertices": [{"x": 124.0, "y": 434.0}, {"x": 276.0, "y": 434.0}, {"x": 276.0, "y": 454.0}, {"x": 124.0, "y": 454.0}]}, "description": " Walk-In Guest"}, {"boundingPoly": {"vertices": [{"x": 233.0, "y": 338.0}, {"x": 286.0, "y": 338.0}, {"x": 286.0, "y": 363.0}, {"x": 233.0, "y": 363.0}]}, "description": " 46241"}, {"boundingPoly": {"vertices": [{"x": 453.0, "y": 324.0}, {"x": 559.0, "y": 324.0}, {"x": 559.0, "y": 354.0}, {"x": 453.0, "y": 354.0}]}, "description": " 2019-11-10"}, {"boundingPoly": {"vertices": [{"x": 448.0, "y": 375.0}, {"x": 523.0, "y": 375.0}, {"x": 523.0, "y": 400.0}, {"x": 448.0, "y": 400.0}]}, "description": " 2400105"}, {"boundingPoly": {"vertices": [{"x": 417.0, "y": 411.0}, {"x": 466.0, "y": 411.0}, {"x": 466.0, "y": 429.0}, {"x": 417.0, "y": 429.0}]}, "description": " RATE"}, {"boundingPoly": {"vertices": [{"x": 413.0, "y": 437.0}, {"x": 485.0, "y": 439.0}, {"x": 485.0, "y": 456.0}, {"x": 413.0, "y": 455.0}]}, "description": "750.00"}, {"boundingPoly": {"vertices": [{"x": 337.0, "y": 467.0}, {"x": 462.0, "y": 468.0}, {"x": 462.0, "y": 486.0}, {"x": 337.0, "y": 486.0}]}, "description": "CGST 09.00%"}, {"boundingPoly": {"vertices": [{"x": 338.0, "y": 485.0}, {"x": 462.0, "y": 485.0}, {"x": 462.0, "y": 499.0}, {"x": 338.0, "y": 498.0}]}, "description": "SGST 09.00%"}, {"boundingPoly": {"vertices": [{"x": 337.0, "y": 500.0}, {"x": 375.0, "y": 500.0}, {"x": 375.0, "y": 514.0}, {"x": 338.0, "y": 514.0}]}, "description": "VAT"}, {"boundingPoly": {"vertices": [{"x": 204.0, "y": 383.0}, {"x": 291.0, "y": 383.0}, {"x": 291.0, "y": 399.0}, {"x": 204.0, "y": 399.0}]}, "description": " 04:13:00"}, {"boundingPoly": {"vertices": [{"x": 478.0, "y": 411.0}, {"x": 571.0, "y": 411.0}, {"x": 571.0, "y": 429.0}, {"x": 478.0, "y": 429.0}]}, "description": " Value (RS)"}, {"boundingPoly": {"vertices": [{"x": 280.0, "y": 437.0}, {"x": 357.0, "y": 437.0}, {"x": 357.0, "y": 455.0}, {"x": 280.0, "y": 455.0}]}, "description": " (ADULT)"}, {"boundingPoly": {"vertices": [{"x": 499.0, "y": 438.0}, {"x": 570.0, "y": 438.0}, {"x": 570.0, "y": 456.0}, {"x": 499.0, "y": 456.0}]}, "description": "750.00"}, {"boundingPoly": {"vertices": [{"x": 523.0, "y": 469.0}, {"x": 570.0, "y": 470.0}, {"x": 569.0, "y": 485.0}, {"x": 523.0, "y": 485.0}]}, "description": "67.5"}, {"boundingPoly": {"vertices": [{"x": 806.0, "y": 446.0}, {"x": 904.0, "y": 447.0}, {"x": 904.0, "y": 466.0}, {"x": 806.0, "y": 464.0}]}, "description": "AMERICAN"}, {"boundingPoly": {"vertices": [{"x": 822.0, "y": 463.0}, {"x": 908.0, "y": 461.0}, {"x": 908.0, "y": 479.0}, {"x": 822.0, "y": 481.0}]}, "description": "EXPRESS"}, {"boundingPoly": {"vertices": [{"x": 520.0, "y": 483.0}, {"x": 571.0, "y": 479.0}, {"x": 572.0, "y": 496.0}, {"x": 520.0, "y": 501.0}]}, "description": "67.5"}, {"boundingPoly": {"vertices": [{"x": 394.0, "y": 500.0}, {"x": 460.0, "y": 500.0}, {"x": 460.0, "y": 514.0}, {"x": 394.0, "y": 514.0}]}, "description": "@0.00%"}, {"boundingPoly": {"vertices": [{"x": 524.0, "y": 500.0}, {"x": 542.0, "y": 498.0}, {"x": 542.0, "y": 512.0}, {"x": 524.0, "y": 514.0}]}, "description": "O"}, {"boundingPoly": {"vertices": [{"x": 309.0, "y": 530.0}, {"x": 565.0, "y": 530.0}, {"x": 565.0, "y": 547.0}, {"x": 309.0, "y": 548.0}]}, "description": "Bill Amount (Rs) 885.00"}, {"boundingPoly": {"vertices": [{"x": 829.0, "y": 513.0}, {"x": 886.0, "y": 515.0}, {"x": 885.0, "y": 533.0}, {"x": 829.0, "y": 532.0}]}, "description": "AMEX"}, {"boundingPoly": {"vertices": [{"x": 759.0, "y": 529.0}, {"x": 965.0, "y": 532.0}, {"x": 965.0, "y": 553.0}, {"x": 759.0, "y": 551.0}]}, "description": "merchant name"}, {"boundingPoly": {"vertices": [{"x": 828.0, "y": 554.0}, {"x": 898.0, "y": 553.0}, {"x": 898.0, "y": 571.0}, {"x": 828.0, "y": 572.0}]}, "description": "merchant address"}, {"boundingPoly": {"vertices": [{"x": 690.0, "y": 566.0}, {"x": 721.0, "y": 566.0}, {"x": 721.0, "y": 587.0}, {"x": 690.0, "y": 587.0}]}, "description": " DATE"}, {"boundingPoly": {"vertices": [{"x": 691.0, "y": 585.0}, {"x": 715.0, "y": 585.0}, {"x": 715.0, "y": 606.0}, {"x": 691.0, "y": 606.0}]}, "description": " MID"}, {"boundingPoly": {"vertices": [{"x": 693.0, "y": 605.0}, {"x": 757.0, "y": 605.0}, {"x": 757.0, "y": 628.0}, {"x": 693.0, "y": 628.0}]}, "description": " BATCH NUM"}, {"boundingPoly": {"vertices": [{"x": 695.0, "y": 626.0}, {"x": 752.0, "y": 626.0}, {"x": 752.0, "y": 648.0}, {"x": 695.0, "y": 648.0}]}, "description": " BILL NUM"}, {"boundingPoly": {"vertices": [{"x": 697.0, "y": 663.0}, {"x": 807.0, "y": 667.0}, {"x": 806.0, "y": 689.0}, {"x": 696.0, "y": 685.0}]}, "description": "376537 ****** 009"}, {"boundingPoly": {"vertices": [{"x": 766.0, "y": 689.0}, {"x": 816.0, "y": 689.0}, {"x": 816.0, "y": 710.0}, {"x": 766.0, "y": 710.0}]}, "description": " : XX/XX"}, {"boundingPoly": {"vertices": [{"x": 768.0, "y": 709.0}, {"x": 855.0, "y": 709.0}, {"x": 855.0, "y": 731.0}, {"x": 768.0, "y": 731.0}]}, "description": " : 2306904210"}, {"boundingPoly": {"vertices": [{"x": 726.0, "y": 729.0}, {"x": 846.0, "y": 729.0}, {"x": 846.0, "y": 751.0}, {"x": 726.0, "y": 751.0}]}, "description": " A000000025010801"}, {"boundingPoly": {"vertices": [{"x": 725.0, "y": 750.0}, {"x": 761.0, "y": 750.0}, {"x": 761.0, "y": 772.0}, {"x": 725.0, "y": 772.0}]}, "description": " E800"}, {"boundingPoly": {"vertices": [{"x": 698.0, "y": 773.0}, {"x": 766.0, "y": 773.0}, {"x": 766.0, "y": 793.0}, {"x": 698.0, "y": 793.0}]}, "description": " APPR CODE"}, {"boundingPoly": {"vertices": [{"x": 694.0, "y": 793.0}, {"x": 836.0, "y": 793.0}, {"x": 836.0, "y": 812.0}, {"x": 694.0, "y": 813.0}]}, "description": "BASE AMT."}, {"boundingPoly": {"vertices": [{"x": 702.0, "y": 812.0}, {"x": 824.0, "y": 813.0}, {"x": 824.0, "y": 834.0}, {"x": 702.0, "y": 833.0}]}, "description": "TIP AMT."}, {"boundingPoly": {"vertices": [{"x": 724.0, "y": 566.0}, {"x": 809.0, "y": 566.0}, {"x": 809.0, "y": 589.0}, {"x": 724.0, "y": 589.0}]}, "description": " : 2019-11-10"}, {"boundingPoly": {"vertices": [{"x": 78.0, "y": 578.0}, {"x": 196.0, "y": 578.0}, {"x": 196.0, "y": 599.0}, {"x": 78.0, "y": 599.0}]}, "description": " Flight No"}, {"boundingPoly": {"vertices": [{"x": 67.0, "y": 613.0}, {"x": 217.0, "y": 613.0}, {"x": 217.0, "y": 633.0}, {"x": 67.0, "y": 633.0}]}, "description": " Guest Name:"}, {"boundingPoly": {"vertices": [{"x": 206.0, "y": 581.0}, {"x": 306.0, "y": 581.0}, {"x": 306.0, "y": 599.0}, {"x": 206.0, "y": 599.0}]}, "description": " : BA 118"}, {"boundingPoly": {"vertices": [{"x": 225.0, "y": 598.0}, {"x": 269.0, "y": 601.0}, {"x": 268.0, "y": 615.0}, {"x": 223.0, "y": 613.0}]}, "description": "36K"}, {"boundingPoly": {"vertices": [{"x": 929.0, "y": 571.0}, {"x": 960.0, "y": 571.0}, {"x": 960.0, "y": 591.0}, {"x": 929.0, "y": 591.0}]}, "description": " TIME"}, {"boundingPoly": {"vertices": [{"x": 939.0, "y": 592.0}, {"x": 961.0, "y": 592.0}, {"x": 961.0, "y": 612.0}, {"x": 939.0, "y": 612.0}]}, "description": " TID"}, {"boundingPoly": {"vertices": [{"x": 963.0, "y": 571.0}, {"x": 989.0, "y": 571.0}, {"x": 989.0, "y": 591.0}, {"x": 963.0, "y": 591.0}]}, "description": " : 04:"}, {"boundingPoly": {"vertices": [{"x": 965.0, "y": 590.0}, {"x": 1039.0, "y": 590.0}, {"x": 1039.0, "y": 612.0}, {"x": 965.0, "y": 612.0}]}, "description": " : 72174986"}, {"boundingPoly": {"vertices": [{"x": 993.0, "y": 569.0}, {"x": 1034.0, "y": 569.0}, {"x": 1034.0, "y": 591.0}, {"x": 993.0, "y": 591.0}]}, "description": " 12:45"}, {"boundingPoly": {"vertices": [{"x": 73.0, "y": 595.0}, {"x": 167.0, "y": 596.0}, {"x": 167.0, "y": 613.0}, {"x": 73.0, "y": 612.0}]}, "description": "Seat No"}, {"boundingPoly": {"vertices": [{"x": 718.0, "y": 586.0}, {"x": 805.0, "y": 586.0}, {"x": 805.0, "y": 608.0}, {"x": 718.0, "y": 608.0}]}, "description": " : 8112566047"}, {"boundingPoly": {"vertices": [{"x": 761.0, "y": 607.0}, {"x": 818.0, "y": 607.0}, {"x": 818.0, "y": 629.0}, {"x": 761.0, "y": 629.0}]}, "description": " : 000057"}, {"boundingPoly": {"vertices": [{"x": 755.0, "y": 628.0}, {"x": 767.0, "y": 628.0}, {"x": 767.0, "y": 648.0}, {"x": 755.0, "y": 648.0}]}, "description": " :"}, {"boundingPoly": {"vertices": [{"x": 918.0, "y": 611.0}, {"x": 965.0, "y": 609.0}, {"x": 965.0, "y": 628.0}, {"x": 919.0, "y": 630.0}]}, "description": "ROC #"}, {"boundingPoly": {"vertices": [{"x": 981.0, "y": 609.0}, {"x": 1037.0, "y": 609.0}, {"x": 1037.0, "y": 632.0}, {"x": 981.0, "y": 632.0}]}, "description": " : 000204"}, {"boundingPoly": {"vertices": [{"x": 1009.0, "y": 630.0}, {"x": 1041.0, "y": 630.0}, {"x": 1042.0, "y": 649.0}, {"x": 1010.0, "y": 649.0}]}, "description": "1234"}, {"boundingPoly": {"vertices": [{"x": 60.0, "y": 662.0}, {"x": 210.0, "y": 661.0}, {"x": 210.0, "y": 682.0}, {"x": 60.0, "y": 684.0}]}, "description": "Package Breakup"}, {"boundingPoly": {"vertices": [{"x": 838.0, "y": 650.0}, {"x": 898.0, "y": 652.0}, {"x": 897.0, "y": 673.0}, {"x": 838.0, "y": 671.0}]}, "description": "Sale"}, {"boundingPoly": {"vertices": [{"x": 695.0, "y": 686.0}, {"x": 763.0, "y": 686.0}, {"x": 763.0, "y": 710.0}, {"x": 695.0, "y": 710.0}]}, "description": " EXP DATE"}, {"boundingPoly": {"vertices": [{"x": 700.0, "y": 709.0}, {"x": 750.0, "y": 710.0}, {"x": 750.0, "y": 728.0}, {"x": 701.0, "y": 728.0}]}, "description": "TXN ID"}, {"boundingPoly": {"vertices": [{"x": 1012.0, "y": 672.0}, {"x": 1044.0, "y": 672.0}, {"x": 1045.0, "y": 693.0}, {"x": 1013.0, "y": 693.0}]}, "description": "Chip"}, {"boundingPoly": {"vertices": [{"x": 1004.0, "y": 694.0}, {"x": 1048.0, "y": 694.0}, {"x": 1048.0, "y": 713.0}, {"x": 1004.0, "y": 713.0}]}, "description": " : AMEX"}, {"boundingPoly": {"vertices": [{"x": 929.0, "y": 713.0}, {"x": 1054.0, "y": 713.0}, {"x": 1054.0, "y": 731.0}, {"x": 929.0, "y": 731.0}]}, "description": " AMERICAN EXPRESS"}, {"boundingPoly": {"vertices": [{"x": 946.0, "y": 732.0}, {"x": 970.0, "y": 732.0}, {"x": 970.0, "y": 753.0}, {"x": 946.0, "y": 753.0}]}, "description": " TVR:"}, {"boundingPoly": {"vertices": [{"x": 922.0, "y": 752.0}, {"x": 1057.0, "y": 752.0}, {"x": 1057.0, "y": 775.0}, {"x": 922.0, "y": 775.0}]}, "description": " : 05060053792A2094"}, {"boundingPoly": {"vertices": [{"x": 932.0, "y": 774.0}, {"x": 1060.0, "y": 774.0}, {"x": 1060.0, "y": 796.0}, {"x": 932.0, "y": 796.0}]}, "description": " : 007405305358370"}, {"boundingPoly": {"vertices": [{"x": 969.0, "y": 795.0}, {"x": 1058.0, "y": 796.0}, {"x": 1058.0, "y": 818.0}, {"x": 969.0, "y": 817.0}]}, "description": "885.00"}, {"boundingPoly": {"vertices": [{"x": 59.0, "y": 720.0}, {"x": 240.0, "y": 720.0}, {"x": 240.0, "y": 746.0}, {"x": 59.0, "y": 746.0}]}, "description": " Amex Differential:"}, {"boundingPoly": {"vertices": [{"x": 243.0, "y": 717.0}, {"x": 347.0, "y": 717.0}, {"x": 347.0, "y": 743.0}, {"x": 243.0, "y": 743.0}]}, "description": " Rs. 750.00"}, {"boundingPoly": {"vertices": [{"x": 936.0, "y": 694.0}, {"x": 1001.0, "y": 694.0}, {"x": 1001.0, "y": 713.0}, {"x": 936.0, "y": 713.0}]}, "description": " CARD TYPE"}, {"boundingPoly": {"vertices": [{"x": 699.0, "y": 731.0}, {"x": 722.0, "y": 731.0}, {"x": 722.0, "y": 752.0}, {"x": 699.0, "y": 752.0}]}, "description": " AID:"}, {"boundingPoly": {"vertices": [{"x": 699.0, "y": 751.0}, {"x": 721.0, "y": 751.0}, {"x": 721.0, "y": 772.0}, {"x": 699.0, "y": 772.0}]}, "description": " TSI:"}, {"boundingPoly": {"vertices": [{"x": 902.0, "y": 713.0}, {"x": 926.0, "y": 713.0}, {"x": 926.0, "y": 731.0}, {"x": 902.0, "y": 731.0}]}, "description": " APP:"}, {"boundingPoly": {"vertices": [{"x": 974.0, "y": 732.0}, {"x": 1055.0, "y": 732.0}, {"x": 1055.0, "y": 753.0}, {"x": 974.0, "y": 753.0}]}, "description": " 0000008000"}, {"boundingPoly": {"vertices": [{"x": 904.0, "y": 753.0}, {"x": 918.0, "y": 753.0}, {"x": 918.0, "y": 776.0}, {"x": 904.0, "y": 776.0}]}, "description": " TC"}, {"boundingPoly": {"vertices": [{"x": 906.0, "y": 775.0}, {"x": 928.0, "y": 775.0}, {"x": 928.0, "y": 796.0}, {"x": 906.0, "y": 796.0}]}, "description": " ARN"}, {"boundingPoly": {"vertices": [{"x": 849.0, "y": 796.0}, {"x": 908.0, "y": 796.0}, {"x": 908.0, "y": 818.0}, {"x": 849.0, "y": 818.0}]}, "description": " : RS."}, {"boundingPoly": {"vertices": [{"x": 56.0, "y": 785.0}, {"x": 111.0, "y": 785.0}, {"x": 111.0, "y": 808.0}, {"x": 56.0, "y": 808.0}]}, "description": " FOOD:"}, {"boundingPoly": {"vertices": [{"x": 115.0, "y": 781.0}, {"x": 219.0, "y": 781.0}, {"x": 219.0, "y": 807.0}, {"x": 115.0, "y": 807.0}]}, "description": " Rs. 750.00"}, {"boundingPoly": {"vertices": [{"x": 769.0, "y": 771.0}, {"x": 828.0, "y": 771.0}, {"x": 828.0, "y": 792.0}, {"x": 769.0, "y": 792.0}]}, "description": " : 847974"}, {"boundingPoly": {"vertices": [{"x": 855.0, "y": 815.0}, {"x": 907.0, "y": 815.0}, {"x": 907.0, "y": 835.0}, {"x": 855.0, "y": 835.0}]}, "description": " : Rs ."}, {"boundingPoly": {"vertices": [{"x": 53.0, "y": 846.0}, {"x": 168.0, "y": 846.0}, {"x": 168.0, "y": 872.0}, {"x": 53.0, "y": 872.0}]}, "description": " VAT TIN NO:"}, {"boundingPoly": {"vertices": [{"x": 132.0, "y": 876.0}, {"x": 253.0, "y": 876.0}, {"x": 253.0, "y": 902.0}, {"x": 132.0, "y": 902.0}]}, "description": " 29AAICB4881B"}, {"boundingPoly": {"vertices": [{"x": 198.0, "y": 906.0}, {"x": 302.0, "y": 906.0}, {"x": 302.0, "y": 933.0}, {"x": 198.0, "y": 933.0}]}, "description": " 0000000000"}, {"boundingPoly": {"vertices": [{"x": 172.0, "y": 843.0}, {"x": 296.0, "y": 843.0}, {"x": 296.0, "y": 869.0}, {"x": 172.0, "y": 869.0}]}, "description": " 000000000000"}, {"boundingPoly": {"vertices": [{"x": 703.0, "y": 854.0}, {"x": 851.0, "y": 854.0}, {"x": 851.0, "y": 880.0}, {"x": 703.0, "y": 880.0}]}, "description": " TOTAL AMT."}, {"boundingPoly": {"vertices": [{"x": 793.0, "y": 879.0}, {"x": 983.0, "y": 881.0}, {"x": 983.0, "y": 903.0}, {"x": 793.0, "y": 900.0}]}, "description": "PIN VERIFIED"}, {"boundingPoly": {"vertices": [{"x": 856.0, "y": 858.0}, {"x": 912.0, "y": 858.0}, {"x": 912.0, "y": 882.0}, {"x": 856.0, "y": 882.0}]}, "description": " : Rs."}, {"boundingPoly": {"vertices": [{"x": 735.0, "y": 899.0}, {"x": 1061.0, "y": 905.0}, {"x": 1061.0, "y": 928.0}, {"x": 734.0, "y": 922.0}]}, "description": "NO SIGNATURE REQUIRED"}, {"boundingPoly": {"vertices": [{"x": 719.0, "y": 945.0}, {"x": 1070.0, "y": 945.0}, {"x": 1070.0, "y": 975.0}, {"x": 719.0, "y": 975.0}]}, "description": " AGREE TO PAY THE ABOVETOTAL AMOUNT ACCORDING"}, {"boundingPoly": {"vertices": [{"x": 810.0, "y": 995.0}, {"x": 997.0, "y": 997.0}, {"x": 997.0, "y": 1020.0}, {"x": 810.0, "y": 1017.0}]}, "description": "**** CUSTOMER COPY ****"}, {"boundingPoly": {"vertices": [{"x": 859.0, "y": 1020.0}, {"x": 941.0, "y": 1020.0}, {"x": 941.0, "y": 1043.0}, {"x": 859.0, "y": 1043.0}]}, "description": "THANK YOU!"}, {"boundingPoly": {"vertices": [{"x": 836.0, "y": 1044.0}, {"x": 973.0, "y": 1045.0}, {"x": 973.0, "y": 1069.0}, {"x": 836.0, "y": 1068.0}]}, "description": "Plutus v2. 0 AMEX"}, {"boundingPoly": {"vertices": [{"x": 53.0, "y": 878.0}, {"x": 128.0, "y": 878.0}, {"x": 128.0, "y": 902.0}, {"x": 53.0, "y": 902.0}]}, "description": " GST NO:"}, {"boundingPoly": {"vertices": [{"x": 53.0, "y": 908.0}, {"x": 194.0, "y": 908.0}, {"x": 194.0, "y": 935.0}, {"x": 53.0, "y": 935.0}]}, "description": " SERVICE TAX NO:"}, {"boundingPoly": {"vertices": [{"x": 707.0, "y": 967.0}, {"x": 905.0, "y": 970.0}, {"x": 905.0, "y": 995.0}, {"x": 706.0, "y": 992.0}]}, "description": "TO CARD ISSUER AGREEMENT"}, {"boundingPoly": {"vertices": [{"x": 702.0, "y": 945.0}, {"x": 715.0, "y": 945.0}, {"x": 715.0, "y": 969.0}, {"x": 702.0, "y": 969.0}]}, "description": " I"}, {"boundingPoly": {"vertices": [{"x": 46.0, "y": 976.0}, {"x": 622.0, "y": 962.0}, {"x": 623.0, "y": 986.0}, {"x": 46.0, "y": 1001.0}]}, "description": "* I/We hereby certify that our registration certificate u"}, {"boundingPoly": {"vertices": [{"x": 600.0, "y": 1029.0}, {"x": 624.0, "y": 1029.0}, {"x": 624.0, "y": 1054.0}, {"x": 600.0, "y": 1054.0}]}, "description": " in"}, {"boundingPoly": {"vertices": [{"x": 41.0, "y": 1076.0}, {"x": 616.0, "y": 1064.0}, {"x": 617.0, "y": 1087.0}, {"x": 42.0, "y": 1101.0}]}, "description": "this tax invoice is made by us and that the transaction"}, {"boundingPoly": {"vertices": [{"x": 41.0, "y": 997.0}, {"x": 514.0, "y": 997.0}, {"x": 514.0, "y": 1035.0}, {"x": 41.0, "y": 1035.0}]}, "description": " nder the Maharashtra Value Added Tax Act. 2002"}, {"boundingPoly": {"vertices": [{"x": 519.0, "y": 997.0}, {"x": 543.0, "y": 997.0}, {"x": 543.0, "y": 1022.0}, {"x": 519.0, "y": 1022.0}]}, "description": " is"}, {"boundingPoly": {"vertices": [{"x": 40.0, "y": 1030.0}, {"x": 596.0, "y": 1030.0}, {"x": 596.0, "y": 1067.0}, {"x": 40.0, "y": 1067.0}]}, "description": " e on the date on which the sale of the goods specified"}, {"boundingPoly": {"vertices": [{"x": 548.0, "y": 996.0}, {"x": 623.0, "y": 996.0}, {"x": 623.0, "y": 1021.0}, {"x": 548.0, "y": 1021.0}]}, "description": " in forc"}, {"boundingPoly": {"vertices": [{"x": 30.0, "y": 1111.0}, {"x": 614.0, "y": 1097.0}, {"x": 615.0, "y": 1122.0}, {"x": 30.0, "y": 1136.0}]}, "description": "of sale covered by this Tax invoice has been effected by"}, {"boundingPoly": {"vertices": [{"x": 23.0, "y": 1145.0}, {"x": 94.0, "y": 1145.0}, {"x": 94.0, "y": 1170.0}, {"x": 23.0, "y": 1170.0}]}, "description": " us and"}, {"boundingPoly": {"vertices": [{"x": 98.0, "y": 1132.0}, {"x": 626.0, "y": 1132.0}, {"x": 626.0, "y": 1170.0}, {"x": 98.0, "y": 1170.0}]}, "description": " it shall be accounted for In the turnover of sales"}, {"boundingPoly": {"vertices": [{"x": 339.0, "y": 1182.0}, {"x": 481.0, "y": 1177.0}, {"x": 481.0, "y": 1194.0}, {"x": 339.0, "y": 1199.0}]}, "description": "halt be paid-"}, {"boundingPoly": {"vertices": [{"x": 25.0, "y": 1182.0}, {"x": 613.0, "y": 1150.0}, {"x": 615.0, "y": 1172.0}, {"x": 27.0, "y": 1207.0}]}, "description": "While filling of return and the due tax. it any payable"}, {"boundingPoly": {"vertices": [{"x": 19.0, "y": 1217.0}, {"x": 100.0, "y": 1211.0}, {"x": 102.0, "y": 1229.0}, {"x": 19.0, "y": 1236.0}]}, "description": "on the"}, {"boundingPoly": {"vertices": [{"x": 34.0, "y": 1252.0}, {"x": 217.0, "y": 1252.0}, {"x": 217.0, "y": 1282.0}, {"x": 34.0, "y": 1282.0}]}, "description": " Payment Mode:"}, {"boundingPoly": {"vertices": [{"x": 181.0, "y": 1200.0}, {"x": 333.0, "y": 1188.0}, {"x": 335.0, "y": 1205.0}, {"x": 181.0, "y": 1217.0}]}, "description": "Chen paid or"}, {"boundingPoly": {"vertices": [{"x": 510.0, "y": 1220.0}, {"x": 606.0, "y": 1220.0}, {"x": 606.0, "y": 1244.0}, {"x": 509.0, "y": 1244.0}]}, "description": "E & O.E"}, {"boundingPoly": {"vertices": [{"x": 511.0, "y": 1245.0}, {"x": 566.0, "y": 1245.0}, {"x": 565.0, "y": 1265.0}, {"x": 510.0, "y": 1265.0}]}, "description": "AMEX"}]}