{"textAnnotations": [{"boundingPoly": {"vertices": [{"x": 186.0, "y": 138.0}, {"x": 328.0, "y": 137.0}, {"x": 328.0, "y": 159.0}, {"x": 186.0, "y": 159.0}]}, "description": "merchant name"}, {"boundingPoly": {"vertices": [{"x": 276.0, "y": 158.0}, {"x": 327.0, "y": 157.0}, {"x": 327.0, "y": 167.0}, {"x": 276.0, "y": 168.0}]}, "description": "TAQUERIA"}, {"boundingPoly": {"vertices": [{"x": 222.0, "y": 207.0}, {"x": 290.0, "y": 207.0}, {"x": 290.0, "y": 216.0}, {"x": 222.0, "y": 217.0}]}, "description": "merchant name"}, {"boundingPoly": {"vertices": [{"x": 151.0, "y": 217.0}, {"x": 362.0, "y": 216.0}, {"x": 362.0, "y": 226.0}, {"x": 151.0, "y": 228.0}]}, "description": "merchant address"}, {"boundingPoly": {"vertices": [{"x": 171.0, "y": 229.0}, {"x": 339.0, "y": 227.0}, {"x": 339.0, "y": 237.0}, {"x": 171.0, "y": 239.0}]}, "description": "merchant address"}, {"boundingPoly": {"vertices": [{"x": 143.0, "y": 254.0}, {"x": 198.0, "y": 254.0}, {"x": 198.0, "y": 264.0}, {"x": 143.0, "y": 264.0}]}, "description": " Server:"}, {"boundingPoly": {"vertices": [{"x": 143.0, "y": 265.0}, {"x": 225.0, "y": 265.0}, {"x": 225.0, "y": 275.0}, {"x": 143.0, "y": 275.0}]}, "description": "Check #1212"}, {"boundingPoly": {"vertices": [{"x": 201.0, "y": 253.0}, {"x": 263.0, "y": 253.0}, {"x": 263.0, "y": 264.0}, {"x": 201.0, "y": 264.0}]}, "description": " BLANCA M"}, {"boundingPoly": {"vertices": [{"x": 309.0, "y": 252.0}, {"x": 367.0, "y": 251.0}, {"x": 367.0, "y": 262.0}, {"x": 309.0, "y": 262.0}]}, "description": "12/02/19"}, {"boundingPoly": {"vertices": [{"x": 315.0, "y": 264.0}, {"x": 368.0, "y": 264.0}, {"x": 368.0, "y": 274.0}, {"x": 315.0, "y": 274.0}]}, "description": " 3:12 PM"}, {"boundingPoly": {"vertices": [{"x": 141.0, "y": 299.0}, {"x": 277.0, "y": 298.0}, {"x": 277.0, "y": 310.0}, {"x": 141.0, "y": 310.0}]}, "description": "Chicken Quesadilla"}, {"boundingPoly": {"vertices": [{"x": 141.0, "y": 312.0}, {"x": 188.0, "y": 313.0}, {"x": 188.0, "y": 322.0}, {"x": 141.0, "y": 321.0}]}, "description": "Corona"}, {"boundingPoly": {"vertices": [{"x": 329.0, "y": 300.0}, {"x": 368.0, "y": 299.0}, {"x": 368.0, "y": 309.0}, {"x": 329.0, "y": 309.0}]}, "description": "$8.99"}, {"boundingPoly": {"vertices": [{"x": 329.0, "y": 312.0}, {"x": 368.0, "y": 312.0}, {"x": 368.0, "y": 321.0}, {"x": 329.0, "y": 321.0}]}, "description": "$4.59"}, {"boundingPoly": {"vertices": [{"x": 141.0, "y": 336.0}, {"x": 201.0, "y": 336.0}, {"x": 201.0, "y": 346.0}, {"x": 141.0, "y": 347.0}]}, "description": "Subtotal"}, {"boundingPoly": {"vertices": [{"x": 141.0, "y": 349.0}, {"x": 165.0, "y": 350.0}, {"x": 165.0, "y": 358.0}, {"x": 141.0, "y": 358.0}]}, "description": "Tax"}, {"boundingPoly": {"vertices": [{"x": 142.0, "y": 361.0}, {"x": 177.0, "y": 361.0}, {"x": 177.0, "y": 370.0}, {"x": 142.0, "y": 370.0}]}, "description": "Total"}, {"boundingPoly": {"vertices": [{"x": 323.0, "y": 335.0}, {"x": 369.0, "y": 335.0}, {"x": 369.0, "y": 346.0}, {"x": 323.0, "y": 346.0}]}, "description": "$13.58"}, {"boundingPoly": {"vertices": [{"x": 329.0, "y": 347.0}, {"x": 369.0, "y": 347.0}, {"x": 369.0, "y": 358.0}, {"x": 329.0, "y": 359.0}]}, "description": "$1.21"}, {"boundingPoly": {"vertices": [{"x": 323.0, "y": 359.0}, {"x": 369.0, "y": 359.0}, {"x": 369.0, "y": 370.0}, {"x": 323.0, "y": 370.0}]}, "description": "$14.79"}, {"boundingPoly": {"vertices": [{"x": 138.0, "y": 384.0}, {"x": 224.0, "y": 384.0}, {"x": 224.0, "y": 395.0}, {"x": 138.0, "y": 395.0}]}, "description": "Credit Card"}, {"boundingPoly": {"vertices": [{"x": 138.0, "y": 398.0}, {"x": 170.0, "y": 398.0}, {"x": 170.0, "y": 407.0}, {"x": 138.0, "y": 407.0}]}, "description": "Anex"}, {"boundingPoly": {"vertices": [{"x": 323.0, "y": 384.0}, {"x": 371.0, "y": 385.0}, {"x": 371.0, "y": 395.0}, {"x": 323.0, "y": 394.0}]}, "description": "Swiped"}, {"boundingPoly": {"vertices": [{"x": 278.0, "y": 397.0}, {"x": 370.0, "y": 396.0}, {"x": 370.0, "y": 407.0}, {"x": 278.0, "y": 408.0}]}, "description": "xxxxxxxx1001"}, {"boundingPoly": {"vertices": [{"x": 137.0, "y": 423.0}, {"x": 262.0, "y": 423.0}, {"x": 262.0, "y": 433.0}, {"x": 137.0, "y": 434.0}]}, "description": "Transaction Type"}, {"boundingPoly": {"vertices": [{"x": 137.0, "y": 436.0}, {"x": 239.0, "y": 436.0}, {"x": 239.0, "y": 447.0}, {"x": 137.0, "y": 446.0}]}, "description": "Authorization"}, {"boundingPoly": {"vertices": [{"x": 136.0, "y": 449.0}, {"x": 239.0, "y": 448.0}, {"x": 239.0, "y": 459.0}, {"x": 136.0, "y": 460.0}]}, "description": "Approval Code"}, {"boundingPoly": {"vertices": [{"x": 136.0, "y": 462.0}, {"x": 215.0, "y": 462.0}, {"x": 215.0, "y": 472.0}, {"x": 136.0, "y": 473.0}]}, "description": "Payment ID"}, {"boundingPoly": {"vertices": [{"x": 135.0, "y": 475.0}, {"x": 224.0, "y": 475.0}, {"x": 224.0, "y": 486.0}, {"x": 135.0, "y": 486.0}]}, "description": "Merchant ID"}, {"boundingPoly": {"vertices": [{"x": 134.0, "y": 488.0}, {"x": 223.0, "y": 488.0}, {"x": 223.0, "y": 499.0}, {"x": 134.0, "y": 499.0}]}, "description": "Card Reader"}, {"boundingPoly": {"vertices": [{"x": 341.0, "y": 423.0}, {"x": 372.0, "y": 423.0}, {"x": 372.0, "y": 433.0}, {"x": 341.0, "y": 432.0}]}, "description": "Sale"}, {"boundingPoly": {"vertices": [{"x": 310.0, "y": 436.0}, {"x": 374.0, "y": 436.0}, {"x": 374.0, "y": 446.0}, {"x": 310.0, "y": 446.0}]}, "description": "Approved"}, {"boundingPoly": {"vertices": [{"x": 325.0, "y": 448.0}, {"x": 374.0, "y": 448.0}, {"x": 374.0, "y": 458.0}, {"x": 325.0, "y": 458.0}]}, "description": "535160"}, {"boundingPoly": {"vertices": [{"x": 279.0, "y": 462.0}, {"x": 374.0, "y": 461.0}, {"x": 374.0, "y": 472.0}, {"x": 279.0, "y": 473.0}]}, "description": "pxPgyidgp7bk"}, {"boundingPoly": {"vertices": [{"x": 303.0, "y": 474.0}, {"x": 374.0, "y": 474.0}, {"x": 374.0, "y": 485.0}, {"x": 303.0, "y": 485.0}]}, "description": "027611244"}, {"boundingPoly": {"vertices": [{"x": 213.0, "y": 515.0}, {"x": 262.0, "y": 515.0}, {"x": 262.0, "y": 526.0}, {"x": 213.0, "y": 526.0}]}, "description": "Amount"}, {"boundingPoly": {"vertices": [{"x": 328.0, "y": 514.0}, {"x": 376.0, "y": 513.0}, {"x": 376.0, "y": 525.0}, {"x": 328.0, "y": 525.0}]}, "description": "$14.79"}, {"boundingPoly": {"vertices": [{"x": 134.0, "y": 567.0}, {"x": 379.0, "y": 566.0}, {"x": 379.0, "y": 579.0}, {"x": 134.0, "y": 580.0}]}, "description": "Have you ever wanted to follow"}, {"boundingPoly": {"vertices": [{"x": 219.0, "y": 583.0}, {"x": 294.0, "y": 582.0}, {"x": 294.0, "y": 593.0}, {"x": 219.0, "y": 594.0}]}, "description": "a burrito"}, {"boundingPoly": {"vertices": [{"x": 148.0, "y": 596.0}, {"x": 362.0, "y": 595.0}, {"x": 362.0, "y": 607.0}, {"x": 148.0, "y": 608.0}]}, "description": "on Instagram? Checkout the"}, {"boundingPoly": {"vertices": [{"x": 198.0, "y": 611.0}, {"x": 314.0, "y": 611.0}, {"x": 314.0, "y": 622.0}, {"x": 198.0, "y": 622.0}]}, "description": "shenanigans of"}, {"boundingPoly": {"vertices": [{"x": 189.0, "y": 625.0}, {"x": 323.0, "y": 625.0}, {"x": 323.0, "y": 637.0}, {"x": 189.0, "y": 637.0}]}, "description": "@pintotheburrito"}, {"boundingPoly": {"vertices": [{"x": 164.0, "y": 639.0}, {"x": 348.0, "y": 640.0}, {"x": 347.0, "y": 652.0}, {"x": 164.0, "y": 649.0}]}, "description": "ADasToros on Instagram"}]}