{"textAnnotations": [{"boundingPoly": {"vertices": [{"x": 12.0, "y": 8.0}, {"x": 78.0, "y": 8.0}, {"x": 78.0, "y": 32.0}, {"x": 12.0, "y": 32.0}]}, "description": " From:"}, {"boundingPoly": {"vertices": [{"x": 76.0, "y": 40.0}, {"x": 442.0, "y": 40.0}, {"x": 442.0, "y": 67.0}, {"x": 76.0, "y": 67.0}]}, "description": " Mon, Nov 25, 2019 at 11:11 AM"}, {"boundingPoly": {"vertices": [{"x": 108.0, "y": 74.0}, {"x": 703.0, "y": 74.0}, {"x": 703.0, "y": 103.0}, {"x": 108.0, "y": 103.0}]}, "description": " Order Confirmation for Mezi from Dumpling Garden"}, {"boundingPoly": {"vertices": [{"x": 83.0, "y": 8.0}, {"x": 595.0, "y": 8.0}, {"x": 595.0, "y": 33.0}, {"x": 83.0, "y": 33.0}]}, "description": "merchant name"}, {"boundingPoly": {"vertices": [{"x": 12.0, "y": 42.0}, {"x": 72.0, "y": 42.0}, {"x": 72.0, "y": 67.0}, {"x": 12.0, "y": 67.0}]}, "description": " Date:"}, {"boundingPoly": {"vertices": [{"x": 12.0, "y": 75.0}, {"x": 103.0, "y": 75.0}, {"x": 103.0, "y": 102.0}, {"x": 12.0, "y": 102.0}]}, "description": " Subject:"}, {"boundingPoly": {"vertices": [{"x": 13.0, "y": 109.0}, {"x": 44.0, "y": 109.0}, {"x": 44.0, "y": 135.0}, {"x": 13.0, "y": 135.0}]}, "description": " To:"}, {"boundingPoly": {"vertices": [{"x": 622.0, "y": 385.0}, {"x": 1302.0, "y": 386.0}, {"x": 1302.0, "y": 437.0}, {"x": 622.0, "y": 435.0}]}, "description": "Thanks for your order, Mezi"}, {"boundingPoly": {"vertices": [{"x": 650.0, "y": 477.0}, {"x": 1271.0, "y": 477.0}, {"x": 1271.0, "y": 515.0}, {"x": 650.0, "y": 514.0}]}, "description": "Paid with American Express ending in 1004"}, {"boundingPoly": {"vertices": [{"x": 832.0, "y": 528.0}, {"x": 1089.0, "y": 528.0}, {"x": 1089.0, "y": 564.0}, {"x": 832.0, "y": 563.0}]}, "description": "Dumpling Garden"}, {"boundingPoly": {"vertices": [{"x": 945.0, "y": 577.0}, {"x": 1069.0, "y": 577.0}, {"x": 1069.0, "y": 611.0}, {"x": 945.0, "y": 611.0}]}, "description": " $149.50"}, {"boundingPoly": {"vertices": [{"x": 857.0, "y": 578.0}, {"x": 939.0, "y": 578.0}, {"x": 939.0, "y": 611.0}, {"x": 857.0, "y": 611.0}]}, "description": " Total:"}, {"boundingPoly": {"vertices": [{"x": 819.0, "y": 690.0}, {"x": 1104.0, "y": 692.0}, {"x": 1104.0, "y": 731.0}, {"x": 819.0, "y": 729.0}]}, "description": "Track your order"}, {"boundingPoly": {"vertices": [{"x": 835.0, "y": 867.0}, {"x": 1087.0, "y": 869.0}, {"x": 1087.0, "y": 919.0}, {"x": 835.0, "y": 916.0}]}, "description": "Your receipt"}]}