{"textAnnotations": [{"boundingPoly": {"vertices": [{"x": 38.0, "y": 106.0}, {"x": 388.0, "y": 109.0}, {"x": 388.0, "y": 132.0}, {"x": 38.0, "y": 129.0}]}, "description": "****************************************"}, {"boundingPoly": {"vertices": [{"x": 38.0, "y": 136.0}, {"x": 49.0, "y": 136.0}, {"x": 49.0, "y": 148.0}, {"x": 38.0, "y": 147.0}]}, "description": "*"}, {"boundingPoly": {"vertices": [{"x": 152.0, "y": 137.0}, {"x": 270.0, "y": 142.0}, {"x": 269.0, "y": 165.0}, {"x": 151.0, "y": 160.0}]}, "description": "Customer Copy"}, {"boundingPoly": {"vertices": [{"x": 375.0, "y": 138.0}, {"x": 389.0, "y": 139.0}, {"x": 389.0, "y": 153.0}, {"x": 375.0, "y": 153.0}]}, "description": "*"}, {"boundingPoly": {"vertices": [{"x": 40.0, "y": 159.0}, {"x": 391.0, "y": 165.0}, {"x": 391.0, "y": 187.0}, {"x": 39.0, "y": 182.0}]}, "description": "****************************************"}, {"boundingPoly": {"vertices": [{"x": 174.0, "y": 219.0}, {"x": 238.0, "y": 222.0}, {"x": 238.0, "y": 242.0}, {"x": 173.0, "y": 240.0}]}, "description": "merchant name"}, {"boundingPoly": {"vertices": [{"x": 105.0, "y": 239.0}, {"x": 316.0, "y": 249.0}, {"x": 315.0, "y": 273.0}, {"x": 103.0, "y": 262.0}]}, "description": "merchant address"}, {"boundingPoly": {"vertices": [{"x": 259.0, "y": 275.0}, {"x": 306.0, "y": 275.0}, {"x": 306.0, "y": 299.0}, {"x": 259.0, "y": 299.0}]}, "description": "merchant address"}, {"boundingPoly": {"vertices": [{"x": 101.0, "y": 266.0}, {"x": 256.0, "y": 266.0}, {"x": 256.0, "y": 297.0}, {"x": 101.0, "y": 297.0}]}, "description": "merchant address"}, {"boundingPoly": {"vertices": [{"x": 158.0, "y": 294.0}, {"x": 267.0, "y": 301.0}, {"x": 265.0, "y": 323.0}, {"x": 157.0, "y": 316.0}]}, "description": "merchant phone"}, {"boundingPoly": {"vertices": [{"x": 54.0, "y": 335.0}, {"x": 170.0, "y": 335.0}, {"x": 170.0, "y": 367.0}, {"x": 54.0, "y": 367.0}]}, "description": " MERCHANT ID:"}, {"boundingPoly": {"vertices": [{"x": 148.0, "y": 369.0}, {"x": 235.0, "y": 369.0}, {"x": 235.0, "y": 398.0}, {"x": 148.0, "y": 398.0}]}, "description": " 101 Ian W"}, {"boundingPoly": {"vertices": [{"x": 172.0, "y": 346.0}, {"x": 275.0, "y": 346.0}, {"x": 275.0, "y": 375.0}, {"x": 172.0, "y": 375.0}]}, "description": " 45026440164"}, {"boundingPoly": {"vertices": [{"x": 56.0, "y": 361.0}, {"x": 145.0, "y": 361.0}, {"x": 145.0, "y": 391.0}, {"x": 56.0, "y": 391.0}]}, "description": " CLERK ID:"}, {"boundingPoly": {"vertices": [{"x": 196.0, "y": 428.0}, {"x": 234.0, "y": 429.0}, {"x": 233.0, "y": 451.0}, {"x": 194.0, "y": 450.0}]}, "description": "SALE"}, {"boundingPoly": {"vertices": [{"x": 62.0, "y": 478.0}, {"x": 138.0, "y": 478.0}, {"x": 138.0, "y": 504.0}, {"x": 62.0, "y": 504.0}]}, "description": " Card No:"}, {"boundingPoly": {"vertices": [{"x": 63.0, "y": 506.0}, {"x": 181.0, "y": 506.0}, {"x": 181.0, "y": 534.0}, {"x": 63.0, "y": 534.0}]}, "description": " ENTRY METHOD:"}, {"boundingPoly": {"vertices": [{"x": 63.0, "y": 534.0}, {"x": 112.0, "y": 534.0}, {"x": 112.0, "y": 560.0}, {"x": 63.0, "y": 560.0}]}, "description": " DATE:"}, {"boundingPoly": {"vertices": [{"x": 64.0, "y": 562.0}, {"x": 140.0, "y": 562.0}, {"x": 140.0, "y": 587.0}, {"x": 64.0, "y": 587.0}]}, "description": " INVOICE:"}, {"boundingPoly": {"vertices": [{"x": 65.0, "y": 590.0}, {"x": 175.0, "y": 590.0}, {"x": 175.0, "y": 614.0}, {"x": 65.0, "y": 614.0}]}, "description": " DESCRIPTION:"}, {"boundingPoly": {"vertices": [{"x": 65.0, "y": 617.0}, {"x": 156.0, "y": 617.0}, {"x": 156.0, "y": 641.0}, {"x": 65.0, "y": 641.0}]}, "description": " REFERENCE:"}, {"boundingPoly": {"vertices": [{"x": 67.0, "y": 644.0}, {"x": 158.0, "y": 644.0}, {"x": 158.0, "y": 667.0}, {"x": 67.0, "y": 667.0}]}, "description": " AUTH CODE:"}, {"boundingPoly": {"vertices": [{"x": 185.0, "y": 511.0}, {"x": 228.0, "y": 511.0}, {"x": 228.0, "y": 535.0}, {"x": 185.0, "y": 535.0}]}, "description": " CHIP"}, {"boundingPoly": {"vertices": [{"x": 116.0, "y": 536.0}, {"x": 269.0, "y": 536.0}, {"x": 269.0, "y": 562.0}, {"x": 116.0, "y": 562.0}]}, "description": " 11/12/2019 TIME:"}, {"boundingPoly": {"vertices": [{"x": 230.0, "y": 485.0}, {"x": 369.0, "y": 486.0}, {"x": 369.0, "y": 509.0}, {"x": 230.0, "y": 507.0}]}, "description": "XXXXXXXXXXXX1007"}, {"boundingPoly": {"vertices": [{"x": 273.0, "y": 540.0}, {"x": 347.0, "y": 540.0}, {"x": 347.0, "y": 563.0}, {"x": 273.0, "y": 563.0}]}, "description": " 20:52:19"}, {"boundingPoly": {"vertices": [{"x": 143.0, "y": 564.0}, {"x": 201.0, "y": 564.0}, {"x": 201.0, "y": 588.0}, {"x": 143.0, "y": 588.0}]}, "description": " 312626"}, {"boundingPoly": {"vertices": [{"x": 234.0, "y": 592.0}, {"x": 318.0, "y": 592.0}, {"x": 318.0, "y": 615.0}, {"x": 234.0, "y": 615.0}]}, "description": " Table 40:1"}, {"boundingPoly": {"vertices": [{"x": 161.0, "y": 618.0}, {"x": 201.0, "y": 618.0}, {"x": 201.0, "y": 641.0}, {"x": 161.0, "y": 641.0}]}, "description": " 0225"}, {"boundingPoly": {"vertices": [{"x": 162.0, "y": 645.0}, {"x": 219.0, "y": 645.0}, {"x": 219.0, "y": 667.0}, {"x": 162.0, "y": 667.0}]}, "description": " 840406"}, {"boundingPoly": {"vertices": [{"x": 129.0, "y": 697.0}, {"x": 304.0, "y": 695.0}, {"x": 304.0, "y": 718.0}, {"x": 129.0, "y": 721.0}]}, "description": "APPROVED - THANK YOU"}, {"boundingPoly": {"vertices": [{"x": 66.0, "y": 753.0}, {"x": 159.0, "y": 753.0}, {"x": 159.0, "y": 777.0}, {"x": 66.0, "y": 777.0}]}, "description": " Purchases:"}, {"boundingPoly": {"vertices": [{"x": 232.0, "y": 754.0}, {"x": 249.0, "y": 754.0}, {"x": 248.0, "y": 771.0}, {"x": 231.0, "y": 771.0}]}, "description": "$"}, {"boundingPoly": {"vertices": [{"x": 276.0, "y": 750.0}, {"x": 328.0, "y": 749.0}, {"x": 329.0, "y": 771.0}, {"x": 276.0, "y": 773.0}]}, "description": "132.50"}, {"boundingPoly": {"vertices": [{"x": 68.0, "y": 834.0}, {"x": 140.0, "y": 833.0}, {"x": 141.0, "y": 857.0}, {"x": 68.0, "y": 858.0}]}, "description": "Gratuity"}, {"boundingPoly": {"vertices": [{"x": 230.0, "y": 819.0}, {"x": 356.0, "y": 809.0}, {"x": 359.0, "y": 845.0}, {"x": 231.0, "y": 855.0}]}, "description": "$24.20"}, {"boundingPoly": {"vertices": [{"x": 253.0, "y": 891.0}, {"x": 376.0, "y": 884.0}, {"x": 378.0, "y": 920.0}, {"x": 254.0, "y": 926.0}]}, "description": "156.70"}, {"boundingPoly": {"vertices": [{"x": 71.0, "y": 914.0}, {"x": 124.0, "y": 914.0}, {"x": 124.0, "y": 937.0}, {"x": 71.0, "y": 937.0}]}, "description": " Total:"}, {"boundingPoly": {"vertices": [{"x": 232.0, "y": 913.0}, {"x": 247.0, "y": 911.0}, {"x": 248.0, "y": 931.0}, {"x": 234.0, "y": 932.0}]}, "description": "$"}, {"boundingPoly": {"vertices": [{"x": 53.0, "y": 991.0}, {"x": 287.0, "y": 991.0}, {"x": 287.0, "y": 1020.0}, {"x": 53.0, "y": 1020.0}]}, "description": " Suggested Gratuity Amounts:"}, {"boundingPoly": {"vertices": [{"x": 179.0, "y": 1018.0}, {"x": 230.0, "y": 1018.0}, {"x": 230.0, "y": 1042.0}, {"x": 179.0, "y": 1042.0}]}, "description": " 26.62"}, {"boundingPoly": {"vertices": [{"x": 177.0, "y": 1045.0}, {"x": 231.0, "y": 1045.0}, {"x": 231.0, "y": 1068.0}, {"x": 177.0, "y": 1068.0}]}, "description": " 24.20"}, {"boundingPoly": {"vertices": [{"x": 179.0, "y": 1072.0}, {"x": 232.0, "y": 1072.0}, {"x": 232.0, "y": 1094.0}, {"x": 179.0, "y": 1094.0}]}, "description": " 21.78"}, {"boundingPoly": {"vertices": [{"x": 72.0, "y": 1022.0}, {"x": 120.0, "y": 1020.0}, {"x": 120.0, "y": 1043.0}, {"x": 72.0, "y": 1044.0}]}, "description": "22.0%"}, {"boundingPoly": {"vertices": [{"x": 73.0, "y": 1049.0}, {"x": 121.0, "y": 1048.0}, {"x": 121.0, "y": 1070.0}, {"x": 74.0, "y": 1071.0}]}, "description": "20.0%"}, {"boundingPoly": {"vertices": [{"x": 75.0, "y": 1076.0}, {"x": 120.0, "y": 1075.0}, {"x": 120.0, "y": 1098.0}, {"x": 76.0, "y": 1099.0}]}, "description": "18.0%"}, {"boundingPoly": {"vertices": [{"x": 235.0, "y": 1017.0}, {"x": 300.0, "y": 1017.0}, {"x": 300.0, "y": 1041.0}, {"x": 235.0, "y": 1041.0}]}, "description": " $159.12"}, {"boundingPoly": {"vertices": [{"x": 235.0, "y": 1044.0}, {"x": 299.0, "y": 1044.0}, {"x": 299.0, "y": 1067.0}, {"x": 235.0, "y": 1067.0}]}, "description": " $156.70"}, {"boundingPoly": {"vertices": [{"x": 236.0, "y": 1071.0}, {"x": 300.0, "y": 1071.0}, {"x": 300.0, "y": 1094.0}, {"x": 236.0, "y": 1094.0}]}, "description": " $154.28"}, {"boundingPoly": {"vertices": [{"x": 55.0, "y": 1131.0}, {"x": 69.0, "y": 1131.0}, {"x": 69.0, "y": 1154.0}, {"x": 55.0, "y": 1154.0}]}, "description": " I"}, {"boundingPoly": {"vertices": [{"x": 72.0, "y": 1123.0}, {"x": 379.0, "y": 1123.0}, {"x": 379.0, "y": 1153.0}, {"x": 72.0, "y": 1153.0}]}, "description": " AGREE TO PAY THE ABOVE TOTAL AMOUNT"}, {"boundingPoly": {"vertices": [{"x": 60.0, "y": 1181.0}, {"x": 388.0, "y": 1175.0}, {"x": 389.0, "y": 1196.0}, {"x": 60.0, "y": 1204.0}]}, "description": "(MERCHANT AGREEMENT IF CREDIT VOUCHER)"}, {"boundingPoly": {"vertices": [{"x": 57.0, "y": 1155.0}, {"x": 395.0, "y": 1149.0}, {"x": 396.0, "y": 1170.0}, {"x": 58.0, "y": 1179.0}]}, "description": "ACCORDING TO THE CARD ISSUER AGREEMENT."}]}