{"textAnnotations": [{"boundingPoly": {"vertices": [{"x": 443.0, "y": 325.0}, {"x": 991.0, "y": 314.0}, {"x": 992.0, "y": 365.0}, {"x": 444.0, "y": 373.0}]}, "description": "*** Customer copy ***"}, {"boundingPoly": {"vertices": [{"x": 465.0, "y": 444.0}, {"x": 967.0, "y": 428.0}, {"x": 968.0, "y": 484.0}, {"x": 467.0, "y": 499.0}]}, "description": "merchant name"}, {"boundingPoly": {"vertices": [{"x": 233.0, "y": 518.0}, {"x": 271.0, "y": 518.0}, {"x": 271.0, "y": 571.0}, {"x": 233.0, "y": 571.0}]}, "description": " I"}, {"boundingPoly": {"vertices": [{"x": 281.0, "y": 490.0}, {"x": 1207.0, "y": 490.0}, {"x": 1207.0, "y": 570.0}, {"x": 281.0, "y": 570.0}]}, "description": " agree to pay the above total amount"}, {"boundingPoly": {"vertices": [{"x": 202.0, "y": 638.0}, {"x": 1234.0, "y": 611.0}, {"x": 1236.0, "y": 668.0}, {"x": 203.0, "y": 692.0}]}, "description": "agreement. (Merchant agreement if Credit"}, {"boundingPoly": {"vertices": [{"x": 621.0, "y": 757.0}, {"x": 847.0, "y": 752.0}, {"x": 848.0, "y": 807.0}, {"x": 622.0, "y": 809.0}]}, "description": "records."}, {"boundingPoly": {"vertices": [{"x": 412.0, "y": 571.0}, {"x": 1049.0, "y": 557.0}, {"x": 1051.0, "y": 609.0}, {"x": 414.0, "y": 625.0}]}, "description": "according to card issuer"}, {"boundingPoly": {"vertices": [{"x": 278.0, "y": 695.0}, {"x": 1156.0, "y": 682.0}, {"x": 1157.0, "y": 739.0}, {"x": 279.0, "y": 749.0}]}, "description": "Voucher)Retain this copy for your"}, {"boundingPoly": {"vertices": [{"x": 187.0, "y": 884.0}, {"x": 709.0, "y": 877.0}, {"x": 709.0, "y": 934.0}, {"x": 188.0, "y": 940.0}]}, "description": "PURCHASE / APPROVED"}, {"boundingPoly": {"vertices": [{"x": 190.0, "y": 950.0}, {"x": 628.0, "y": 943.0}, {"x": 629.0, "y": 999.0}, {"x": 190.0, "y": 1006.0}]}, "description": "AMERICAN EXPRESS"}, {"boundingPoly": {"vertices": [{"x": 189.0, "y": 1017.0}, {"x": 605.0, "y": 1012.0}, {"x": 605.0, "y": 1065.0}, {"x": 189.0, "y": 1067.0}]}, "description": "*********** 1006"}, {"boundingPoly": {"vertices": [{"x": 193.0, "y": 1081.0}, {"x": 492.0, "y": 1080.0}, {"x": 493.0, "y": 1135.0}, {"x": 193.0, "y": 1137.0}]}, "description": "CHIP READ /"}, {"boundingPoly": {"vertices": [{"x": 190.0, "y": 1205.0}, {"x": 713.0, "y": 1205.0}, {"x": 713.0, "y": 1270.0}, {"x": 190.0, "y": 1270.0}]}, "description": " 2019/11/18 13:50:27"}, {"boundingPoly": {"vertices": [{"x": 198.0, "y": 1282.0}, {"x": 282.0, "y": 1280.0}, {"x": 280.0, "y": 1332.0}, {"x": 198.0, "y": 1334.0}]}, "description": "TID"}, {"boundingPoly": {"vertices": [{"x": 195.0, "y": 1346.0}, {"x": 283.0, "y": 1345.0}, {"x": 282.0, "y": 1396.0}, {"x": 197.0, "y": 1397.0}]}, "description": "MID"}, {"boundingPoly": {"vertices": [{"x": 200.0, "y": 1410.0}, {"x": 450.0, "y": 1405.0}, {"x": 451.0, "y": 1461.0}, {"x": 201.0, "y": 1464.0}]}, "description": "REFERENCE"}, {"boundingPoly": {"vertices": [{"x": 204.0, "y": 1477.0}, {"x": 446.0, "y": 1473.0}, {"x": 447.0, "y": 1527.0}, {"x": 204.0, "y": 1531.0}]}, "description": "AUTH CODE"}, {"boundingPoly": {"vertices": [{"x": 1055.0, "y": 1264.0}, {"x": 1276.0, "y": 1261.0}, {"x": 1276.0, "y": 1316.0}, {"x": 1055.0, "y": 1317.0}]}, "description": "**** 5749"}, {"boundingPoly": {"vertices": [{"x": 1084.0, "y": 1328.0}, {"x": 1276.0, "y": 1327.0}, {"x": 1276.0, "y": 1383.0}, {"x": 1084.0, "y": 1384.0}]}, "description": "6634461"}, {"boundingPoly": {"vertices": [{"x": 600.0, "y": 1400.0}, {"x": 1280.0, "y": 1393.0}, {"x": 1281.0, "y": 1449.0}, {"x": 601.0, "y": 1458.0}]}, "description": "S1131T113103#51361@268934"}, {"boundingPoly": {"vertices": [{"x": 1117.0, "y": 1459.0}, {"x": 1285.0, "y": 1459.0}, {"x": 1284.0, "y": 1515.0}, {"x": 1118.0, "y": 1516.0}]}, "description": "800724"}, {"boundingPoly": {"vertices": [{"x": 200.0, "y": 1609.0}, {"x": 336.0, "y": 1609.0}, {"x": 336.0, "y": 1664.0}, {"x": 199.0, "y": 1665.0}]}, "description": "TOTAL"}, {"boundingPoly": {"vertices": [{"x": 1090.0, "y": 1595.0}, {"x": 1289.0, "y": 1592.0}, {"x": 1290.0, "y": 1651.0}, {"x": 1091.0, "y": 1653.0}]}, "description": "USD7.16"}, {"boundingPoly": {"vertices": [{"x": 201.0, "y": 1743.0}, {"x": 319.0, "y": 1743.0}, {"x": 319.0, "y": 1799.0}, {"x": 201.0, "y": 1799.0}]}, "description": " ARC:"}, {"boundingPoly": {"vertices": [{"x": 206.0, "y": 1809.0}, {"x": 321.0, "y": 1809.0}, {"x": 321.0, "y": 1865.0}, {"x": 206.0, "y": 1865.0}]}, "description": " TSI:"}, {"boundingPoly": {"vertices": [{"x": 210.0, "y": 1874.0}, {"x": 321.0, "y": 1874.0}, {"x": 321.0, "y": 1929.0}, {"x": 210.0, "y": 1929.0}]}, "description": " IAD:"}, {"boundingPoly": {"vertices": [{"x": 210.0, "y": 1937.0}, {"x": 324.0, "y": 1937.0}, {"x": 324.0, "y": 1991.0}, {"x": 210.0, "y": 1991.0}]}, "description": " TVR:"}, {"boundingPoly": {"vertices": [{"x": 214.0, "y": 2000.0}, {"x": 328.0, "y": 2000.0}, {"x": 328.0, "y": 2054.0}, {"x": 214.0, "y": 2054.0}]}, "description": " AID:"}, {"boundingPoly": {"vertices": [{"x": 213.0, "y": 2063.0}, {"x": 518.0, "y": 2063.0}, {"x": 518.0, "y": 2117.0}, {"x": 213.0, "y": 2117.0}]}, "description": " PAN Seq No:"}, {"boundingPoly": {"vertices": [{"x": 328.0, "y": 1742.0}, {"x": 395.0, "y": 1742.0}, {"x": 395.0, "y": 1798.0}, {"x": 328.0, "y": 1798.0}]}, "description": " 00"}, {"boundingPoly": {"vertices": [{"x": 332.0, "y": 1806.0}, {"x": 446.0, "y": 1806.0}, {"x": 446.0, "y": 1862.0}, {"x": 332.0, "y": 1862.0}]}, "description": " F800"}, {"boundingPoly": {"vertices": [{"x": 332.0, "y": 1868.0}, {"x": 723.0, "y": 1868.0}, {"x": 723.0, "y": 1927.0}, {"x": 332.0, "y": 1927.0}]}, "description": " 066B0103602002"}, {"boundingPoly": {"vertices": [{"x": 334.0, "y": 1937.0}, {"x": 618.0, "y": 1937.0}, {"x": 618.0, "y": 1990.0}, {"x": 334.0, "y": 1990.0}]}, "description": " 0000008000"}, {"boundingPoly": {"vertices": [{"x": 338.0, "y": 1996.0}, {"x": 774.0, "y": 1996.0}, {"x": 774.0, "y": 2053.0}, {"x": 338.0, "y": 2053.0}]}, "description": " A000000025010801"}, {"boundingPoly": {"vertices": [{"x": 529.0, "y": 2062.0}, {"x": 590.0, "y": 2062.0}, {"x": 590.0, "y": 2116.0}, {"x": 529.0, "y": 2116.0}]}, "description": " 00"}]}