{"textAnnotations": [{"boundingPoly": {"vertices": [{"x": 45.0, "y": 55.0}, {"x": 198.0, "y": 50.0}, {"x": 199.0, "y": 71.0}, {"x": 46.0, "y": 78.0}]}, "description": "Thank You For Visiting the"}, {"boundingPoly": {"vertices": [{"x": 73.0, "y": 81.0}, {"x": 169.0, "y": 81.0}, {"x": 169.0, "y": 101.0}, {"x": 73.0, "y": 101.0}]}, "description": "Matthew Fraysier"}, {"boundingPoly": {"vertices": [{"x": 84.0, "y": 110.0}, {"x": 164.0, "y": 115.0}, {"x": 163.0, "y": 132.0}, {"x": 83.0, "y": 126.0}]}, "description": "merchant phone"}, {"boundingPoly": {"vertices": [{"x": 72.0, "y": 141.0}, {"x": 182.0, "y": 151.0}, {"x": 181.0, "y": 166.0}, {"x": 71.0, "y": 155.0}]}, "description": "Text ITIE to 99299"}, {"boundingPoly": {"vertices": [{"x": 48.0, "y": 67.0}, {"x": 160.0, "y": 67.0}, {"x": 160.0, "y": 91.0}, {"x": 48.0, "y": 91.0}]}, "description": "merchant name"}, {"boundingPoly": {"vertices": [{"x": 78.0, "y": 97.0}, {"x": 168.0, "y": 100.0}, {"x": 167.0, "y": 118.0}, {"x": 78.0, "y": 113.0}]}, "description": "General Manager"}, {"boundingPoly": {"vertices": [{"x": 61.0, "y": 127.0}, {"x": 191.0, "y": 134.0}, {"x": 190.0, "y": 151.0}, {"x": 61.0, "y": 142.0}]}, "description": "we love Your Feedback!"}, {"boundingPoly": {"vertices": [{"x": 162.0, "y": 67.0}, {"x": 197.0, "y": 67.0}, {"x": 197.0, "y": 89.0}, {"x": 162.0, "y": 89.0}]}, "description": "merchant name"}, {"boundingPoly": {"vertices": [{"x": 16.0, "y": 189.0}, {"x": 37.0, "y": 189.0}, {"x": 37.0, "y": 205.0}, {"x": 16.0, "y": 205.0}]}, "description": " 0.99"}, {"boundingPoly": {"vertices": [{"x": 16.0, "y": 203.0}, {"x": 103.0, "y": 203.0}, {"x": 103.0, "y": 221.0}, {"x": 16.0, "y": 221.0}]}, "description": "Larp Clamshell"}, {"boundingPoly": {"vertices": [{"x": 17.0, "y": 220.0}, {"x": 57.0, "y": 219.0}, {"x": 57.0, "y": 232.0}, {"x": 17.0, "y": 232.0}]}, "description": "Brownie"}, {"boundingPoly": {"vertices": [{"x": 18.0, "y": 234.0}, {"x": 130.0, "y": 240.0}, {"x": 130.0, "y": 255.0}, {"x": 18.0, "y": 248.0}]}, "description": "ater Aquaf Ina 20oz"}, {"boundingPoly": {"vertices": [{"x": 40.0, "y": 188.0}, {"x": 53.0, "y": 188.0}, {"x": 53.0, "y": 204.0}, {"x": 40.0, "y": 204.0}]}, "description": " lb"}, {"boundingPoly": {"vertices": [{"x": 55.0, "y": 188.0}, {"x": 66.0, "y": 188.0}, {"x": 66.0, "y": 205.0}, {"x": 55.0, "y": 205.0}]}, "description": " x"}, {"boundingPoly": {"vertices": [{"x": 68.0, "y": 188.0}, {"x": 126.0, "y": 188.0}, {"x": 126.0, "y": 208.0}, {"x": 68.0, "y": 208.0}]}, "description": " $ 7.68/16"}, {"boundingPoly": {"vertices": [{"x": 232.0, "y": 189.0}, {"x": 253.0, "y": 189.0}, {"x": 253.0, "y": 203.0}, {"x": 232.0, "y": 202.0}]}, "description": "USD"}, {"boundingPoly": {"vertices": [{"x": 229.0, "y": 218.0}, {"x": 253.0, "y": 219.0}, {"x": 253.0, "y": 235.0}, {"x": 229.0, "y": 234.0}]}, "description": "7.60"}, {"boundingPoly": {"vertices": [{"x": 231.0, "y": 235.0}, {"x": 255.0, "y": 235.0}, {"x": 254.0, "y": 249.0}, {"x": 231.0, "y": 248.0}]}, "description": "1.25"}, {"boundingPoly": {"vertices": [{"x": 231.0, "y": 250.0}, {"x": 257.0, "y": 250.0}, {"x": 256.0, "y": 264.0}, {"x": 232.0, "y": 264.0}]}, "description": "1.25"}, {"boundingPoly": {"vertices": [{"x": 153.0, "y": 274.0}, {"x": 208.0, "y": 277.0}, {"x": 207.0, "y": 292.0}, {"x": 152.0, "y": 288.0}]}, "description": "Sub Total"}, {"boundingPoly": {"vertices": [{"x": 155.0, "y": 291.0}, {"x": 216.0, "y": 294.0}, {"x": 215.0, "y": 308.0}, {"x": 155.0, "y": 304.0}]}, "description": "Tax Amount"}, {"boundingPoly": {"vertices": [{"x": 227.0, "y": 280.0}, {"x": 259.0, "y": 280.0}, {"x": 259.0, "y": 294.0}, {"x": 227.0, "y": 293.0}]}, "description": "10.10"}, {"boundingPoly": {"vertices": [{"x": 235.0, "y": 295.0}, {"x": 260.0, "y": 296.0}, {"x": 259.0, "y": 310.0}, {"x": 235.0, "y": 309.0}]}, "description": "0.90"}, {"boundingPoly": {"vertices": [{"x": 28.0, "y": 326.0}, {"x": 126.0, "y": 329.0}, {"x": 126.0, "y": 351.0}, {"x": 27.0, "y": 348.0}]}, "description": "otal USD"}, {"boundingPoly": {"vertices": [{"x": 206.0, "y": 337.0}, {"x": 262.0, "y": 338.0}, {"x": 262.0, "y": 360.0}, {"x": 205.0, "y": 357.0}]}, "description": "11.00"}, {"boundingPoly": {"vertices": [{"x": 32.0, "y": 389.0}, {"x": 151.0, "y": 397.0}, {"x": 150.0, "y": 411.0}, {"x": 31.0, "y": 403.0}]}, "description": "109 AMERICAN EXPRESS"}, {"boundingPoly": {"vertices": [{"x": 239.0, "y": 402.0}, {"x": 269.0, "y": 403.0}, {"x": 269.0, "y": 416.0}, {"x": 239.0, "y": 416.0}]}, "description": "11.00"}, {"boundingPoly": {"vertices": [{"x": 41.0, "y": 450.0}, {"x": 79.0, "y": 452.0}, {"x": 78.0, "y": 465.0}, {"x": 41.0, "y": 464.0}]}, "description": "8.975"}, {"boundingPoly": {"vertices": [{"x": 122.0, "y": 440.0}, {"x": 210.0, "y": 440.0}, {"x": 210.0, "y": 457.0}, {"x": 122.0, "y": 457.0}]}, "description": " Taxable Amount"}, {"boundingPoly": {"vertices": [{"x": 176.0, "y": 456.0}, {"x": 206.0, "y": 457.0}, {"x": 206.0, "y": 470.0}, {"x": 176.0, "y": 469.0}]}, "description": "10.10"}, {"boundingPoly": {"vertices": [{"x": 213.0, "y": 443.0}, {"x": 233.0, "y": 443.0}, {"x": 233.0, "y": 458.0}, {"x": 213.0, "y": 458.0}]}, "description": " Tax"}, {"boundingPoly": {"vertices": [{"x": 236.0, "y": 444.0}, {"x": 271.0, "y": 444.0}, {"x": 271.0, "y": 459.0}, {"x": 236.0, "y": 459.0}]}, "description": " Amount"}, {"boundingPoly": {"vertices": [{"x": 248.0, "y": 459.0}, {"x": 274.0, "y": 460.0}, {"x": 273.0, "y": 471.0}, {"x": 248.0, "y": 472.0}]}, "description": "0.90"}, {"boundingPoly": {"vertices": [{"x": 39.0, "y": 494.0}, {"x": 278.0, "y": 494.0}, {"x": 278.0, "y": 514.0}, {"x": 39.0, "y": 514.0}]}, "description": " 0/29/2019 01:49 PM #:27468 Op:4046 C:111"}, {"boundingPoly": {"vertices": [{"x": 40.0, "y": 525.0}, {"x": 98.0, "y": 525.0}, {"x": 98.0, "y": 539.0}, {"x": 40.0, "y": 539.0}]}, "description": " erved you"}, {"boundingPoly": {"vertices": [{"x": 39.0, "y": 509.0}, {"x": 67.0, "y": 509.0}, {"x": 67.0, "y": 523.0}, {"x": 39.0, "y": 523.0}]}, "description": " 04 S:"}, {"boundingPoly": {"vertices": [{"x": 69.0, "y": 510.0}, {"x": 95.0, "y": 510.0}, {"x": 95.0, "y": 524.0}, {"x": 69.0, "y": 524.0}]}, "description": " 1111"}, {"boundingPoly": {"vertices": [{"x": 100.0, "y": 525.0}, {"x": 184.0, "y": 525.0}, {"x": 184.0, "y": 540.0}, {"x": 100.0, "y": 540.0}]}, "description": " : Aniya Taylor"}, {"boundingPoly": {"vertices": [{"x": 93.0, "y": 581.0}, {"x": 216.0, "y": 583.0}, {"x": 215.0, "y": 596.0}, {"x": 93.0, "y": 594.0}]}, "description": "*** Customer copy ***"}, {"boundingPoly": {"vertices": [{"x": 119.0, "y": 610.0}, {"x": 201.0, "y": 610.0}, {"x": 201.0, "y": 624.0}, {"x": 119.0, "y": 624.0}]}, "description": "AMEX NY937 (4)"}, {"boundingPoly": {"vertices": [{"x": 61.0, "y": 625.0}, {"x": 264.0, "y": 625.0}, {"x": 264.0, "y": 640.0}, {"x": 61.0, "y": 640.0}]}, "description": " agree to pay the above total amount"}, {"boundingPoly": {"vertices": [{"x": 93.0, "y": 640.0}, {"x": 234.0, "y": 639.0}, {"x": 234.0, "y": 652.0}, {"x": 93.0, "y": 653.0}]}, "description": "according to card issuer"}, {"boundingPoly": {"vertices": [{"x": 53.0, "y": 654.0}, {"x": 218.0, "y": 654.0}, {"x": 218.0, "y": 667.0}, {"x": 53.0, "y": 667.0}]}, "description": " greement . (Merchant agreement"}, {"boundingPoly": {"vertices": [{"x": 65.0, "y": 668.0}, {"x": 105.0, "y": 668.0}, {"x": 105.0, "y": 681.0}, {"x": 65.0, "y": 681.0}]}, "description": " Voucher"}, {"boundingPoly": {"vertices": [{"x": 50.0, "y": 625.0}, {"x": 58.0, "y": 625.0}, {"x": 58.0, "y": 639.0}, {"x": 50.0, "y": 639.0}]}, "description": " I"}, {"boundingPoly": {"vertices": [{"x": 220.0, "y": 654.0}, {"x": 233.0, "y": 654.0}, {"x": 233.0, "y": 667.0}, {"x": 220.0, "y": 667.0}]}, "description": " if"}, {"boundingPoly": {"vertices": [{"x": 210.0, "y": 668.0}, {"x": 230.0, "y": 668.0}, {"x": 230.0, "y": 681.0}, {"x": 210.0, "y": 681.0}]}, "description": " for"}, {"boundingPoly": {"vertices": [{"x": 235.0, "y": 654.0}, {"x": 272.0, "y": 654.0}, {"x": 272.0, "y": 667.0}, {"x": 235.0, "y": 667.0}]}, "description": " Credit"}, {"boundingPoly": {"vertices": [{"x": 232.0, "y": 669.0}, {"x": 257.0, "y": 669.0}, {"x": 257.0, "y": 682.0}, {"x": 232.0, "y": 682.0}]}, "description": " your"}, {"boundingPoly": {"vertices": [{"x": 108.0, "y": 668.0}, {"x": 208.0, "y": 668.0}, {"x": 208.0, "y": 681.0}, {"x": 108.0, "y": 681.0}]}, "description": " )Retain this copy"}, {"boundingPoly": {"vertices": [{"x": 144.0, "y": 683.0}, {"x": 190.0, "y": 682.0}, {"x": 190.0, "y": 694.0}, {"x": 144.0, "y": 695.0}]}, "description": "records."}, {"boundingPoly": {"vertices": [{"x": 55.0, "y": 711.0}, {"x": 165.0, "y": 710.0}, {"x": 166.0, "y": 722.0}, {"x": 55.0, "y": 723.0}]}, "description": "URCHASE / APPROVED"}, {"boundingPoly": {"vertices": [{"x": 57.0, "y": 725.0}, {"x": 148.0, "y": 723.0}, {"x": 148.0, "y": 736.0}, {"x": 57.0, "y": 738.0}]}, "description": "MERICAN EXPRESS"}, {"boundingPoly": {"vertices": [{"x": 59.0, "y": 740.0}, {"x": 143.0, "y": 738.0}, {"x": 144.0, "y": 750.0}, {"x": 59.0, "y": 752.0}]}, "description": "********** 1005"}, {"boundingPoly": {"vertices": [{"x": 60.0, "y": 753.0}, {"x": 120.0, "y": 752.0}, {"x": 120.0, "y": 766.0}, {"x": 60.0, "y": 767.0}]}, "description": "HIP READ /"}, {"boundingPoly": {"vertices": [{"x": 62.0, "y": 779.0}, {"x": 171.0, "y": 779.0}, {"x": 171.0, "y": 797.0}, {"x": 62.0, "y": 797.0}]}, "description": " 019/10/29 13:49:16"}, {"boundingPoly": {"vertices": [{"x": 64.0, "y": 798.0}, {"x": 75.0, "y": 799.0}, {"x": 74.0, "y": 810.0}, {"x": 64.0, "y": 810.0}]}, "description": "ID"}, {"boundingPoly": {"vertices": [{"x": 246.0, "y": 791.0}, {"x": 292.0, "y": 790.0}, {"x": 292.0, "y": 800.0}, {"x": 246.0, "y": 802.0}]}, "description": "**** 0033"}, {"boundingPoly": {"vertices": [{"x": 250.0, "y": 804.0}, {"x": 291.0, "y": 802.0}, {"x": 292.0, "y": 813.0}, {"x": 250.0, "y": 815.0}]}, "description": "6634459"}, {"boundingPoly": {"vertices": [{"x": 146.0, "y": 822.0}, {"x": 293.0, "y": 815.0}, {"x": 293.0, "y": 827.0}, {"x": 147.0, "y": 834.0}]}, "description": "S11111111104#27468297603"}, {"boundingPoly": {"vertices": [{"x": 66.0, "y": 827.0}, {"x": 114.0, "y": 824.0}, {"x": 115.0, "y": 836.0}, {"x": 66.0, "y": 840.0}]}, "description": "EFERENCE"}, {"boundingPoly": {"vertices": [{"x": 65.0, "y": 840.0}, {"x": 115.0, "y": 838.0}, {"x": 115.0, "y": 850.0}, {"x": 66.0, "y": 853.0}]}, "description": "JJTH CODE"}, {"boundingPoly": {"vertices": [{"x": 258.0, "y": 830.0}, {"x": 292.0, "y": 828.0}, {"x": 293.0, "y": 840.0}, {"x": 258.0, "y": 842.0}]}, "description": "627219"}, {"boundingPoly": {"vertices": [{"x": 68.0, "y": 868.0}, {"x": 96.0, "y": 867.0}, {"x": 97.0, "y": 880.0}, {"x": 69.0, "y": 882.0}]}, "description": "OTAL"}, {"boundingPoly": {"vertices": [{"x": 248.0, "y": 857.0}, {"x": 295.0, "y": 855.0}, {"x": 295.0, "y": 868.0}, {"x": 249.0, "y": 870.0}]}, "description": "USD11.00"}, {"boundingPoly": {"vertices": [{"x": 71.0, "y": 896.0}, {"x": 93.0, "y": 896.0}, {"x": 93.0, "y": 910.0}, {"x": 71.0, "y": 910.0}]}, "description": " RC:"}, {"boundingPoly": {"vertices": [{"x": 72.0, "y": 911.0}, {"x": 94.0, "y": 911.0}, {"x": 94.0, "y": 925.0}, {"x": 72.0, "y": 925.0}]}, "description": " SI:"}, {"boundingPoly": {"vertices": [{"x": 75.0, "y": 925.0}, {"x": 95.0, "y": 925.0}, {"x": 95.0, "y": 940.0}, {"x": 75.0, "y": 940.0}]}, "description": " AD:"}, {"boundingPoly": {"vertices": [{"x": 76.0, "y": 939.0}, {"x": 97.0, "y": 939.0}, {"x": 97.0, "y": 954.0}, {"x": 76.0, "y": 954.0}]}, "description": " VR:"}, {"boundingPoly": {"vertices": [{"x": 78.0, "y": 954.0}, {"x": 99.0, "y": 954.0}, {"x": 99.0, "y": 969.0}, {"x": 78.0, "y": 969.0}]}, "description": " ID:"}, {"boundingPoly": {"vertices": [{"x": 95.0, "y": 895.0}, {"x": 111.0, "y": 895.0}, {"x": 111.0, "y": 909.0}, {"x": 95.0, "y": 909.0}]}, "description": " 00"}, {"boundingPoly": {"vertices": [{"x": 96.0, "y": 909.0}, {"x": 124.0, "y": 909.0}, {"x": 124.0, "y": 924.0}, {"x": 96.0, "y": 924.0}]}, "description": " F600"}, {"boundingPoly": {"vertices": [{"x": 99.0, "y": 935.0}, {"x": 162.0, "y": 935.0}, {"x": 162.0, "y": 952.0}, {"x": 99.0, "y": 952.0}]}, "description": " 0000008000"}, {"boundingPoly": {"vertices": [{"x": 143.0, "y": 964.0}, {"x": 160.0, "y": 964.0}, {"x": 160.0, "y": 978.0}, {"x": 143.0, "y": 978.0}]}, "description": " 00"}, {"boundingPoly": {"vertices": [{"x": 97.0, "y": 919.0}, {"x": 185.0, "y": 919.0}, {"x": 185.0, "y": 938.0}, {"x": 97.0, "y": 938.0}]}, "description": " 064A0103602002"}, {"boundingPoly": {"vertices": [{"x": 101.0, "y": 946.0}, {"x": 198.0, "y": 946.0}, {"x": 198.0, "y": 967.0}, {"x": 101.0, "y": 967.0}]}, "description": " A000000025010801"}, {"boundingPoly": {"vertices": [{"x": 78.0, "y": 965.0}, {"x": 142.0, "y": 965.0}, {"x": 142.0, "y": 983.0}, {"x": 78.0, "y": 983.0}]}, "description": " AN Seq No:"}]}