{"textAnnotations": [{"boundingPoly": {"vertices": [{"x": 276.0, "y": 337.0}, {"x": 617.0, "y": 339.0}, {"x": 617.0, "y": 368.0}, {"x": 276.0, "y": 362.0}]}, "description": "----- DUPLICATE RECEIPT"}, {"boundingPoly": {"vertices": [{"x": 320.0, "y": 396.0}, {"x": 663.0, "y": 401.0}, {"x": 663.0, "y": 432.0}, {"x": 320.0, "y": 426.0}]}, "description": "merchant name"}, {"boundingPoly": {"vertices": [{"x": 381.0, "y": 430.0}, {"x": 619.0, "y": 435.0}, {"x": 618.0, "y": 464.0}, {"x": 381.0, "y": 460.0}]}, "description": "merchant address"}, {"boundingPoly": {"vertices": [{"x": 302.0, "y": 462.0}, {"x": 682.0, "y": 467.0}, {"x": 681.0, "y": 498.0}, {"x": 302.0, "y": 492.0}]}, "description": "merchant address"}, {"boundingPoly": {"vertices": [{"x": 428.0, "y": 531.0}, {"x": 581.0, "y": 533.0}, {"x": 580.0, "y": 562.0}, {"x": 428.0, "y": 560.0}]}, "description": "CHK 691806"}, {"boundingPoly": {"vertices": [{"x": 356.0, "y": 563.0}, {"x": 644.0, "y": 563.0}, {"x": 644.0, "y": 603.0}, {"x": 356.0, "y": 603.0}]}, "description": " 11/11/2019 10:37 AM"}, {"boundingPoly": {"vertices": [{"x": 437.0, "y": 605.0}, {"x": 556.0, "y": 605.0}, {"x": 556.0, "y": 640.0}, {"x": 437.0, "y": 640.0}]}, "description": " Drawer:"}, {"boundingPoly": {"vertices": [{"x": 290.0, "y": 600.0}, {"x": 404.0, "y": 602.0}, {"x": 403.0, "y": 635.0}, {"x": 290.0, "y": 633.0}]}, "description": "2344657"}, {"boundingPoly": {"vertices": [{"x": 561.0, "y": 607.0}, {"x": 674.0, "y": 607.0}, {"x": 674.0, "y": 643.0}, {"x": 561.0, "y": 643.0}]}, "description": " 2 Reg:"}, {"boundingPoly": {"vertices": [{"x": 679.0, "y": 609.0}, {"x": 702.0, "y": 609.0}, {"x": 702.0, "y": 644.0}, {"x": 679.0, "y": 644.0}]}, "description": " 2"}, {"boundingPoly": {"vertices": [{"x": 246.0, "y": 676.0}, {"x": 505.0, "y": 680.0}, {"x": 504.0, "y": 712.0}, {"x": 246.0, "y": 709.0}]}, "description": "Tl Chai Tea Latte"}, {"boundingPoly": {"vertices": [{"x": 243.0, "y": 714.0}, {"x": 521.0, "y": 716.0}, {"x": 520.0, "y": 749.0}, {"x": 242.0, "y": 746.0}]}, "description": "Gr Carml Macchiato"}, {"boundingPoly": {"vertices": [{"x": 275.0, "y": 751.0}, {"x": 551.0, "y": 753.0}, {"x": 551.0, "y": 785.0}, {"x": 274.0, "y": 782.0}]}, "description": "Ex Caramel Drizzle"}, {"boundingPoly": {"vertices": [{"x": 671.0, "y": 683.0}, {"x": 729.0, "y": 684.0}, {"x": 727.0, "y": 715.0}, {"x": 670.0, "y": 714.0}]}, "description": "4.25"}, {"boundingPoly": {"vertices": [{"x": 665.0, "y": 718.0}, {"x": 729.0, "y": 719.0}, {"x": 728.0, "y": 749.0}, {"x": 665.0, "y": 750.0}]}, "description": "5.45"}, {"boundingPoly": {"vertices": [{"x": 245.0, "y": 824.0}, {"x": 307.0, "y": 826.0}, {"x": 306.0, "y": 854.0}, {"x": 243.0, "y": 851.0}]}, "description": "Amex"}, {"boundingPoly": {"vertices": [{"x": 240.0, "y": 860.0}, {"x": 492.0, "y": 861.0}, {"x": 492.0, "y": 892.0}, {"x": 240.0, "y": 890.0}]}, "description": "XXXXXXXXXXXX1009"}, {"boundingPoly": {"vertices": [{"x": 239.0, "y": 898.0}, {"x": 420.0, "y": 898.0}, {"x": 420.0, "y": 931.0}, {"x": 239.0, "y": 931.0}]}, "description": " Card Entry:"}, {"boundingPoly": {"vertices": [{"x": 243.0, "y": 935.0}, {"x": 418.0, "y": 935.0}, {"x": 418.0, "y": 969.0}, {"x": 243.0, "y": 969.0}]}, "description": " Trans Type:"}, {"boundingPoly": {"vertices": [{"x": 238.0, "y": 974.0}, {"x": 433.0, "y": 974.0}, {"x": 433.0, "y": 1006.0}, {"x": 238.0, "y": 1006.0}]}, "description": " Reference #:"}, {"boundingPoly": {"vertices": [{"x": 237.0, "y": 1011.0}, {"x": 402.0, "y": 1011.0}, {"x": 402.0, "y": 1045.0}, {"x": 237.0, "y": 1045.0}]}, "description": " App Label:"}, {"boundingPoly": {"vertices": [{"x": 362.0, "y": 1049.0}, {"x": 458.0, "y": 1049.0}, {"x": 458.0, "y": 1081.0}, {"x": 362.0, "y": 1081.0}]}, "description": " 862008"}, {"boundingPoly": {"vertices": [{"x": 313.0, "y": 1085.0}, {"x": 570.0, "y": 1085.0}, {"x": 570.0, "y": 1118.0}, {"x": 313.0, "y": 1118.0}]}, "description": " A000000025010801"}, {"boundingPoly": {"vertices": [{"x": 314.0, "y": 1123.0}, {"x": 477.0, "y": 1123.0}, {"x": 477.0, "y": 1157.0}, {"x": 314.0, "y": 1157.0}]}, "description": " 0010008000"}, {"boundingPoly": {"vertices": [{"x": 313.0, "y": 1159.0}, {"x": 383.0, "y": 1159.0}, {"x": 383.0, "y": 1195.0}, {"x": 313.0, "y": 1195.0}]}, "description": " E800"}, {"boundingPoly": {"vertices": [{"x": 656.0, "y": 826.0}, {"x": 731.0, "y": 826.0}, {"x": 732.0, "y": 855.0}, {"x": 657.0, "y": 857.0}]}, "description": "10.56"}, {"boundingPoly": {"vertices": [{"x": 426.0, "y": 899.0}, {"x": 553.0, "y": 899.0}, {"x": 553.0, "y": 931.0}, {"x": 426.0, "y": 931.0}]}, "description": " TAP CHIP"}, {"boundingPoly": {"vertices": [{"x": 424.0, "y": 936.0}, {"x": 553.0, "y": 936.0}, {"x": 553.0, "y": 969.0}, {"x": 424.0, "y": 969.0}]}, "description": " PURCHASE"}, {"boundingPoly": {"vertices": [{"x": 438.0, "y": 975.0}, {"x": 569.0, "y": 975.0}, {"x": 569.0, "y": 1006.0}, {"x": 438.0, "y": 1006.0}]}, "description": " 00000088"}, {"boundingPoly": {"vertices": [{"x": 409.0, "y": 1011.0}, {"x": 662.0, "y": 1011.0}, {"x": 662.0, "y": 1044.0}, {"x": 409.0, "y": 1044.0}]}, "description": " AMERICAN EXPRESS"}, {"boundingPoly": {"vertices": [{"x": 240.0, "y": 1050.0}, {"x": 356.0, "y": 1050.0}, {"x": 356.0, "y": 1081.0}, {"x": 240.0, "y": 1081.0}]}, "description": " Auth #:"}, {"boundingPoly": {"vertices": [{"x": 239.0, "y": 1086.0}, {"x": 307.0, "y": 1086.0}, {"x": 307.0, "y": 1118.0}, {"x": 239.0, "y": 1118.0}]}, "description": " AID:"}, {"boundingPoly": {"vertices": [{"x": 237.0, "y": 1123.0}, {"x": 308.0, "y": 1123.0}, {"x": 308.0, "y": 1157.0}, {"x": 237.0, "y": 1157.0}]}, "description": " TVR:"}, {"boundingPoly": {"vertices": [{"x": 238.0, "y": 1161.0}, {"x": 306.0, "y": 1161.0}, {"x": 306.0, "y": 1195.0}, {"x": 238.0, "y": 1195.0}]}, "description": " TSI:"}, {"boundingPoly": {"vertices": [{"x": 233.0, "y": 1240.0}, {"x": 364.0, "y": 1239.0}, {"x": 364.0, "y": 1273.0}, {"x": 233.0, "y": 1275.0}]}, "description": "Subtotal"}, {"boundingPoly": {"vertices": [{"x": 233.0, "y": 1281.0}, {"x": 398.0, "y": 1278.0}, {"x": 399.0, "y": 1312.0}, {"x": 233.0, "y": 1314.0}]}, "description": "Tax 8.875%"}, {"boundingPoly": {"vertices": [{"x": 232.0, "y": 1321.0}, {"x": 314.0, "y": 1320.0}, {"x": 314.0, "y": 1353.0}, {"x": 233.0, "y": 1353.0}]}, "description": "Total"}, {"boundingPoly": {"vertices": [{"x": 180.0, "y": 1361.0}, {"x": 508.0, "y": 1360.0}, {"x": 508.0, "y": 1394.0}, {"x": 180.0, "y": 1397.0}]}, "description": "Change Due"}, {"boundingPoly": {"vertices": [{"x": 649.0, "y": 1240.0}, {"x": 727.0, "y": 1239.0}, {"x": 728.0, "y": 1272.0}, {"x": 649.0, "y": 1273.0}]}, "description": "$9.70"}, {"boundingPoly": {"vertices": [{"x": 649.0, "y": 1279.0}, {"x": 728.0, "y": 1278.0}, {"x": 727.0, "y": 1309.0}, {"x": 649.0, "y": 1310.0}]}, "description": "$0.86"}, {"boundingPoly": {"vertices": [{"x": 631.0, "y": 1317.0}, {"x": 727.0, "y": 1316.0}, {"x": 728.0, "y": 1349.0}, {"x": 631.0, "y": 1351.0}]}, "description": "$10.56"}, {"boundingPoly": {"vertices": [{"x": 664.0, "y": 1356.0}, {"x": 821.0, "y": 1354.0}, {"x": 822.0, "y": 1390.0}, {"x": 664.0, "y": 1394.0}]}, "description": "$0.00"}, {"boundingPoly": {"vertices": [{"x": 376.0, "y": 1439.0}, {"x": 627.0, "y": 1438.0}, {"x": 628.0, "y": 1471.0}, {"x": 376.0, "y": 1475.0}]}, "description": "Check Closed ---"}, {"boundingPoly": {"vertices": [{"x": 346.0, "y": 1475.0}, {"x": 655.0, "y": 1475.0}, {"x": 655.0, "y": 1518.0}, {"x": 346.0, "y": 1518.0}]}, "description": " 11/11/2019 10:37 AM"}, {"boundingPoly": {"vertices": [{"x": 310.0, "y": 1692.0}, {"x": 709.0, "y": 1685.0}, {"x": 710.0, "y": 1721.0}, {"x": 311.0, "y": 1730.0}]}, "description": "Join our loyalty program"}, {"boundingPoly": {"vertices": [{"x": 255.0, "y": 1777.0}, {"x": 760.0, "y": 1762.0}, {"x": 761.0, "y": 1804.0}, {"x": 255.0, "y": 1814.0}]}, "description": "Sign up for promotional emails"}, {"boundingPoly": {"vertices": [{"x": 358.0, "y": 1734.0}, {"x": 659.0, "y": 1724.0}, {"x": 661.0, "y": 1762.0}, {"x": 359.0, "y": 1772.0}]}, "description": "Starbucks Rewards\u00ae"}, {"boundingPoly": {"vertices": [{"x": 273.0, "y": 1818.0}, {"x": 728.0, "y": 1808.0}, {"x": 729.0, "y": 1848.0}, {"x": 273.0, "y": 1855.0}]}, "description": "Visit Starbucks.com/rewards"}, {"boundingPoly": {"vertices": [{"x": 340.0, "y": 1862.0}, {"x": 663.0, "y": 1859.0}, {"x": 663.0, "y": 1895.0}, {"x": 340.0, "y": 1899.0}]}, "description": "Or download our app"}, {"boundingPoly": {"vertices": [{"x": 305.0, "y": 1905.0}, {"x": 696.0, "y": 1898.0}, {"x": 697.0, "y": 1937.0}, {"x": 305.0, "y": 1943.0}]}, "description": "At participating stores"}, {"boundingPoly": {"vertices": [{"x": 302.0, "y": 1950.0}, {"x": 697.0, "y": 1943.0}, {"x": 698.0, "y": 1981.0}, {"x": 303.0, "y": 1988.0}]}, "description": "Some restrictions apply"}]}