{"textAnnotations": [{"boundingPoly": {"vertices": [{"x": 132.0, "y": 130.0}, {"x": 276.0, "y": 130.0}, {"x": 276.0, "y": 146.0}, {"x": 132.0, "y": 145.0}]}, "description": "merchant name"}, {"boundingPoly": {"vertices": [{"x": 130.0, "y": 147.0}, {"x": 276.0, "y": 148.0}, {"x": 276.0, "y": 164.0}, {"x": 129.0, "y": 163.0}]}, "description": "merchant address"}, {"boundingPoly": {"vertices": [{"x": 137.0, "y": 165.0}, {"x": 263.0, "y": 166.0}, {"x": 263.0, "y": 182.0}, {"x": 137.0, "y": 180.0}]}, "description": "merchant address"}, {"boundingPoly": {"vertices": [{"x": 54.0, "y": 199.0}, {"x": 144.0, "y": 199.0}, {"x": 144.0, "y": 216.0}, {"x": 54.0, "y": 216.0}]}, "description": " Merchant ID:"}, {"boundingPoly": {"vertices": [{"x": 48.0, "y": 216.0}, {"x": 109.0, "y": 216.0}, {"x": 109.0, "y": 232.0}, {"x": 48.0, "y": 232.0}]}, "description": " -Term #:"}, {"boundingPoly": {"vertices": [{"x": 147.0, "y": 201.0}, {"x": 178.0, "y": 201.0}, {"x": 178.0, "y": 216.0}, {"x": 147.0, "y": 216.0}]}, "description": " 9362"}, {"boundingPoly": {"vertices": [{"x": 111.0, "y": 217.0}, {"x": 143.0, "y": 217.0}, {"x": 143.0, "y": 234.0}, {"x": 111.0, "y": 234.0}]}, "description": " 0003"}, {"boundingPoly": {"vertices": [{"x": 260.0, "y": 219.0}, {"x": 320.0, "y": 219.0}, {"x": 320.0, "y": 235.0}, {"x": 260.0, "y": 235.0}]}, "description": " Store #:"}, {"boundingPoly": {"vertices": [{"x": 272.0, "y": 237.0}, {"x": 319.0, "y": 237.0}, {"x": 319.0, "y": 252.0}, {"x": 272.0, "y": 252.0}]}, "description": " Ref -#:"}, {"boundingPoly": {"vertices": [{"x": 322.0, "y": 218.0}, {"x": 353.0, "y": 218.0}, {"x": 353.0, "y": 234.0}, {"x": 322.0, "y": 234.0}]}, "description": " 0001"}, {"boundingPoly": {"vertices": [{"x": 322.0, "y": 236.0}, {"x": 353.0, "y": 236.0}, {"x": 353.0, "y": 251.0}, {"x": 322.0, "y": 251.0}]}, "description": " 0028"}, {"boundingPoly": {"vertices": [{"x": 171.0, "y": 270.0}, {"x": 227.0, "y": 272.0}, {"x": 227.0, "y": 298.0}, {"x": 170.0, "y": 295.0}]}, "description": "Sale"}, {"boundingPoly": {"vertices": [{"x": 54.0, "y": 319.0}, {"x": 167.0, "y": 320.0}, {"x": 166.0, "y": 347.0}, {"x": 54.0, "y": 345.0}]}, "description": "XXXXXXXXXXX1006"}, {"boundingPoly": {"vertices": [{"x": 54.0, "y": 353.0}, {"x": 89.0, "y": 353.0}, {"x": 89.0, "y": 379.0}, {"x": 54.0, "y": 379.0}]}, "description": "AMEX"}, {"boundingPoly": {"vertices": [{"x": 209.0, "y": 357.0}, {"x": 299.0, "y": 357.0}, {"x": 299.0, "y": 384.0}, {"x": 209.0, "y": 384.0}]}, "description": " Entry Method:"}, {"boundingPoly": {"vertices": [{"x": 304.0, "y": 357.0}, {"x": 355.0, "y": 357.0}, {"x": 355.0, "y": 383.0}, {"x": 304.0, "y": 383.0}]}, "description": " Swiped"}, {"boundingPoly": {"vertices": [{"x": 57.0, "y": 424.0}, {"x": 149.0, "y": 424.0}, {"x": 149.0, "y": 450.0}, {"x": 57.0, "y": 450.0}]}, "description": " Amount:"}, {"boundingPoly": {"vertices": [{"x": 56.0, "y": 456.0}, {"x": 110.0, "y": 456.0}, {"x": 110.0, "y": 483.0}, {"x": 56.0, "y": 483.0}]}, "description": " Tip:"}, {"boundingPoly": {"vertices": [{"x": 154.0, "y": 423.0}, {"x": 173.0, "y": 423.0}, {"x": 173.0, "y": 449.0}, {"x": 154.0, "y": 449.0}]}, "description": " $"}, {"boundingPoly": {"vertices": [{"x": 279.0, "y": 425.0}, {"x": 352.0, "y": 424.0}, {"x": 352.0, "y": 449.0}, {"x": 280.0, "y": 450.0}]}, "description": "85.40"}, {"boundingPoly": {"vertices": [{"x": 270.0, "y": 468.0}, {"x": 283.0, "y": 468.0}, {"x": 283.0, "y": 499.0}, {"x": 270.0, "y": 499.0}]}, "description": " 5"}, {"boundingPoly": {"vertices": [{"x": 269.0, "y": 510.0}, {"x": 312.0, "y": 510.0}, {"x": 312.0, "y": 542.0}, {"x": 269.0, "y": 542.0}]}, "description": " 98:"}, {"boundingPoly": {"vertices": [{"x": 288.0, "y": 468.0}, {"x": 343.0, "y": 468.0}, {"x": 343.0, "y": 499.0}, {"x": 288.0, "y": 499.0}]}, "description": " :00"}, {"boundingPoly": {"vertices": [{"x": 318.0, "y": 508.0}, {"x": 360.0, "y": 508.0}, {"x": 360.0, "y": 539.0}, {"x": 318.0, "y": 539.0}]}, "description": " 40"}, {"boundingPoly": {"vertices": [{"x": 58.0, "y": 506.0}, {"x": 140.0, "y": 506.0}, {"x": 140.0, "y": 529.0}, {"x": 58.0, "y": 529.0}]}, "description": " Total:"}, {"boundingPoly": {"vertices": [{"x": 49.0, "y": 613.0}, {"x": 115.0, "y": 614.0}, {"x": 115.0, "y": 640.0}, {"x": 49.0, "y": 640.0}]}, "description": "11/21/19"}, {"boundingPoly": {"vertices": [{"x": 97.0, "y": 649.0}, {"x": 150.0, "y": 649.0}, {"x": 150.0, "y": 676.0}, {"x": 97.0, "y": 676.0}]}, "description": " 000028"}, {"boundingPoly": {"vertices": [{"x": 149.0, "y": 682.0}, {"x": 283.0, "y": 682.0}, {"x": 283.0, "y": 708.0}, {"x": 149.0, "y": 708.0}]}, "description": " :- 007752839651774"}, {"boundingPoly": {"vertices": [{"x": 103.0, "y": 709.0}, {"x": 154.0, "y": 709.0}, {"x": 154.0, "y": 725.0}, {"x": 103.0, "y": 725.0}]}, "description": " Online"}, {"boundingPoly": {"vertices": [{"x": 300.0, "y": 613.0}, {"x": 361.0, "y": 613.0}, {"x": 361.0, "y": 638.0}, {"x": 300.0, "y": 638.0}]}, "description": " 12:23:09"}, {"boundingPoly": {"vertices": [{"x": 311.0, "y": 647.0}, {"x": 365.0, "y": 647.0}, {"x": 365.0, "y": 674.0}, {"x": 311.0, "y": 674.0}]}, "description": " 594238"}, {"boundingPoly": {"vertices": [{"x": 52.0, "y": 650.0}, {"x": 92.0, "y": 650.0}, {"x": 92.0, "y": 678.0}, {"x": 52.0, "y": 678.0}]}, "description": " Inv #:"}, {"boundingPoly": {"vertices": [{"x": 45.0, "y": 684.0}, {"x": 144.0, "y": 684.0}, {"x": 144.0, "y": 709.0}, {"x": 45.0, "y": 709.0}]}, "description": " Transaction ID"}, {"boundingPoly": {"vertices": [{"x": 41.0, "y": 709.0}, {"x": 101.0, "y": 709.0}, {"x": 101.0, "y": 725.0}, {"x": 41.0, "y": 725.0}]}, "description": " Apprvd:"}, {"boundingPoly": {"vertices": [{"x": 232.0, "y": 649.0}, {"x": 307.0, "y": 649.0}, {"x": 307.0, "y": 676.0}, {"x": 232.0, "y": 676.0}]}, "description": " Appr Code:"}, {"boundingPoly": {"vertices": [{"x": 258.0, "y": 709.0}, {"x": 317.0, "y": 709.0}, {"x": 317.0, "y": 723.0}, {"x": 258.0, "y": 723.0}]}, "description": " Batch#l:"}, {"boundingPoly": {"vertices": [{"x": 319.0, "y": 709.0}, {"x": 369.0, "y": 709.0}, {"x": 369.0, "y": 722.0}, {"x": 319.0, "y": 722.0}]}, "description": " 000337"}, {"boundingPoly": {"vertices": [{"x": 146.0, "y": 756.0}, {"x": 213.0, "y": 756.0}, {"x": 213.0, "y": 771.0}, {"x": 146.0, "y": 771.0}]}, "description": " Customer"}, {"boundingPoly": {"vertices": [{"x": 219.0, "y": 755.0}, {"x": 257.0, "y": 755.0}, {"x": 257.0, "y": 770.0}, {"x": 219.0, "y": 770.0}]}, "description": " Copy"}]}