{"textAnnotations": [{"boundingPoly": {"vertices": [{"x": 826.0, "y": 309.0}, {"x": 1133.0, "y": 301.0}, {"x": 1134.0, "y": 360.0}, {"x": 826.0, "y": 368.0}]}, "description": "merchant name"}, {"boundingPoly": {"vertices": [{"x": 510.0, "y": 387.0}, {"x": 1550.0, "y": 362.0}, {"x": 1552.0, "y": 426.0}, {"x": 510.0, "y": 450.0}]}, "description": "merchant address"}, {"boundingPoly": {"vertices": [{"x": 549.0, "y": 451.0}, {"x": 749.0, "y": 451.0}, {"x": 749.0, "y": 518.0}, {"x": 549.0, "y": 518.0}]}, "description": " tel:"}, {"boundingPoly": {"vertices": [{"x": 790.0, "y": 429.0}, {"x": 1503.0, "y": 429.0}, {"x": 1503.0, "y": 511.0}, {"x": 790.0, "y": 511.0}]}, "description": "merchant phone"}, {"boundingPoly": {"vertices": [{"x": 770.0, "y": 580.0}, {"x": 1247.0, "y": 573.0}, {"x": 1248.0, "y": 627.0}, {"x": 771.0, "y": 636.0}]}, "description": "WED OCTOBER 23,2019"}, {"boundingPoly": {"vertices": [{"x": 599.0, "y": 650.0}, {"x": 1369.0, "y": 629.0}, {"x": 1370.0, "y": 689.0}, {"x": 600.0, "y": 710.0}]}, "description": "CHECK #583457-"}, {"boundingPoly": {"vertices": [{"x": 902.0, "y": 770.0}, {"x": 1130.0, "y": 770.0}, {"x": 1130.0, "y": 825.0}, {"x": 902.0, "y": 824.0}]}, "description": "Take Away"}, {"boundingPoly": {"vertices": [{"x": 683.0, "y": 831.0}, {"x": 1031.0, "y": 831.0}, {"x": 1031.0, "y": 889.0}, {"x": 683.0, "y": 889.0}]}, "description": " Aftn Spec -Hot"}, {"boundingPoly": {"vertices": [{"x": 653.0, "y": 902.0}, {"x": 1009.0, "y": 894.0}, {"x": 1010.0, "y": 945.0}, {"x": 653.0, "y": 955.0}]}, "description": "BOTTLED WATER"}, {"boundingPoly": {"vertices": [{"x": 694.0, "y": 955.0}, {"x": 1065.0, "y": 955.0}, {"x": 1065.0, "y": 1013.0}, {"x": 694.0, "y": 1013.0}]}, "description": " Pepsi 330ml Gls"}, {"boundingPoly": {"vertices": [{"x": 646.0, "y": 836.0}, {"x": 674.0, "y": 836.0}, {"x": 674.0, "y": 889.0}, {"x": 646.0, "y": 889.0}]}, "description": " 1"}, {"boundingPoly": {"vertices": [{"x": 1322.0, "y": 822.0}, {"x": 1422.0, "y": 822.0}, {"x": 1422.0, "y": 876.0}, {"x": 1323.0, "y": 877.0}]}, "description": "8.00"}, {"boundingPoly": {"vertices": [{"x": 1322.0, "y": 889.0}, {"x": 1422.0, "y": 888.0}, {"x": 1417.0, "y": 937.0}, {"x": 1323.0, "y": 939.0}]}, "description": "3.90"}, {"boundingPoly": {"vertices": [{"x": 1323.0, "y": 950.0}, {"x": 1419.0, "y": 949.0}, {"x": 1417.0, "y": 997.0}, {"x": 1322.0, "y": 999.0}]}, "description": "4.50"}, {"boundingPoly": {"vertices": [{"x": 659.0, "y": 959.0}, {"x": 684.0, "y": 959.0}, {"x": 684.0, "y": 1013.0}, {"x": 659.0, "y": 1013.0}]}, "description": " 1"}, {"boundingPoly": {"vertices": [{"x": 712.0, "y": 1076.0}, {"x": 814.0, "y": 1077.0}, {"x": 813.0, "y": 1124.0}, {"x": 711.0, "y": 1122.0}]}, "description": "Food"}, {"boundingPoly": {"vertices": [{"x": 714.0, "y": 1133.0}, {"x": 951.0, "y": 1132.0}, {"x": 951.0, "y": 1183.0}, {"x": 714.0, "y": 1183.0}]}, "description": "Soft Drink"}, {"boundingPoly": {"vertices": [{"x": 719.0, "y": 1191.0}, {"x": 790.0, "y": 1191.0}, {"x": 786.0, "y": 1234.0}, {"x": 716.0, "y": 1234.0}]}, "description": "TAX"}, {"boundingPoly": {"vertices": [{"x": 643.0, "y": 1234.0}, {"x": 871.0, "y": 1234.0}, {"x": 871.0, "y": 1284.0}, {"x": 643.0, "y": 1283.0}]}, "description": "TOTAL"}, {"boundingPoly": {"vertices": [{"x": 1323.0, "y": 1070.0}, {"x": 1417.0, "y": 1068.0}, {"x": 1415.0, "y": 1118.0}, {"x": 1323.0, "y": 1120.0}]}, "description": "8.00"}, {"boundingPoly": {"vertices": [{"x": 1319.0, "y": 1125.0}, {"x": 1413.0, "y": 1126.0}, {"x": 1411.0, "y": 1175.0}, {"x": 1322.0, "y": 1176.0}]}, "description": "8.40"}, {"boundingPoly": {"vertices": [{"x": 1328.0, "y": 1182.0}, {"x": 1415.0, "y": 1182.0}, {"x": 1415.0, "y": 1228.0}, {"x": 1328.0, "y": 1227.0}]}, "description": "1.49"}, {"boundingPoly": {"vertices": [{"x": 1161.0, "y": 1234.0}, {"x": 1393.0, "y": 1234.0}, {"x": 1393.0, "y": 1282.0}, {"x": 1161.0, "y": 1282.0}]}, "description": "16.40"}, {"boundingPoly": {"vertices": [{"x": 722.0, "y": 1331.0}, {"x": 859.0, "y": 1331.0}, {"x": 859.0, "y": 1378.0}, {"x": 722.0, "y": 1378.0}]}, "description": " Total"}, {"boundingPoly": {"vertices": [{"x": 869.0, "y": 1331.0}, {"x": 1328.0, "y": 1331.0}, {"x": 1328.0, "y": 1379.0}, {"x": 869.0, "y": 1379.0}]}, "description": " is inclusive of GST"}, {"boundingPoly": {"vertices": [{"x": 859.0, "y": 1485.0}, {"x": 1148.0, "y": 1481.0}, {"x": 1148.0, "y": 1537.0}, {"x": 860.0, "y": 1539.0}]}, "description": "merchant name"}, {"boundingPoly": {"vertices": [{"x": 805.0, "y": 1549.0}, {"x": 1252.0, "y": 1549.0}, {"x": 1253.0, "y": 1599.0}, {"x": 806.0, "y": 1601.0}]}, "description": "Take Away"}, {"boundingPoly": {"vertices": [{"x": 1147.0, "y": 1602.0}, {"x": 1368.0, "y": 1602.0}, {"x": 1368.0, "y": 1657.0}, {"x": 1147.0, "y": 1657.0}]}, "description": " CUSTOMER"}, {"boundingPoly": {"vertices": [{"x": 711.0, "y": 1609.0}, {"x": 842.0, "y": 1609.0}, {"x": 842.0, "y": 1668.0}, {"x": 711.0, "y": 1668.0}]}, "description": " Time:"}, {"boundingPoly": {"vertices": [{"x": 853.0, "y": 1607.0}, {"x": 985.0, "y": 1607.0}, {"x": 985.0, "y": 1664.0}, {"x": 853.0, "y": 1664.0}]}, "description": " 14:46"}, {"boundingPoly": {"vertices": [{"x": 1113.0, "y": 1606.0}, {"x": 1137.0, "y": 1606.0}, {"x": 1137.0, "y": 1657.0}, {"x": 1113.0, "y": 1657.0}]}, "description": " 1"}, {"boundingPoly": {"vertices": [{"x": 877.0, "y": 1732.0}, {"x": 1167.0, "y": 1724.0}, {"x": 1168.0, "y": 1780.0}, {"x": 879.0, "y": 1786.0}]}, "description": "TAX INVOICE"}, {"boundingPoly": {"vertices": [{"x": 773.0, "y": 1797.0}, {"x": 1266.0, "y": 1791.0}, {"x": 1267.0, "y": 1843.0}, {"x": 773.0, "y": 1852.0}]}, "description": "ABN# 48 629 038 777"}, {"boundingPoly": {"vertices": [{"x": 768.0, "y": 1923.0}, {"x": 1296.0, "y": 1919.0}, {"x": 1297.0, "y": 1977.0}, {"x": 769.0, "y": 1984.0}]}, "description": "YOU HAVE BEEN SERVED"}, {"boundingPoly": {"vertices": [{"x": 872.0, "y": 1988.0}, {"x": 935.0, "y": 1988.0}, {"x": 935.0, "y": 2048.0}, {"x": 872.0, "y": 2048.0}]}, "description": " BY"}, {"boundingPoly": {"vertices": [{"x": 946.0, "y": 1989.0}, {"x": 1163.0, "y": 1989.0}, {"x": 1163.0, "y": 2048.0}, {"x": 946.0, "y": 2048.0}]}, "description": " : Debora"}, {"boundingPoly": {"vertices": [{"x": 868.0, "y": 2192.0}, {"x": 1122.0, "y": 2192.0}, {"x": 1122.0, "y": 2252.0}, {"x": 868.0, "y": 2252.0}]}, "description": " SETTLED BY"}, {"boundingPoly": {"vertices": [{"x": 1131.0, "y": 2193.0}, {"x": 1166.0, "y": 2193.0}, {"x": 1166.0, "y": 2251.0}, {"x": 1131.0, "y": 2251.0}]}, "description": " :"}, {"boundingPoly": {"vertices": [{"x": 547.0, "y": 2267.0}, {"x": 658.0, "y": 2261.0}, {"x": 660.0, "y": 2316.0}, {"x": 550.0, "y": 2321.0}]}, "description": "patt"}, {"boundingPoly": {"vertices": [{"x": 545.0, "y": 2327.0}, {"x": 663.0, "y": 2327.0}, {"x": 664.0, "y": 2384.0}, {"x": 547.0, "y": 2384.0}]}, "description": "CASH"}, {"boundingPoly": {"vertices": [{"x": 1362.0, "y": 2260.0}, {"x": 1488.0, "y": 2258.0}, {"x": 1488.0, "y": 2317.0}, {"x": 1363.0, "y": 2321.0}]}, "description": "16.39"}, {"boundingPoly": {"vertices": [{"x": 1378.0, "y": 2330.0}, {"x": 1484.0, "y": 2332.0}, {"x": 1485.0, "y": 2390.0}, {"x": 1378.0, "y": 2388.0}]}, "description": "0.01"}, {"boundingPoly": {"vertices": [{"x": 839.0, "y": 2398.0}, {"x": 1197.0, "y": 2397.0}, {"x": 1197.0, "y": 2458.0}, {"x": 839.0, "y": 2459.0}]}, "description": "CUSTOMER COPY"}]}