{"textAnnotations": [{"boundingPoly": {"vertices": [{"x": 132.0, "y": 138.0}, {"x": 262.0, "y": 138.0}, {"x": 262.0, "y": 169.0}, {"x": 132.0, "y": 169.0}]}, "description": "merchant name"}, {"boundingPoly": {"vertices": [{"x": 186.0, "y": 170.0}, {"x": 356.0, "y": 173.0}, {"x": 356.0, "y": 204.0}, {"x": 186.0, "y": 201.0}]}, "description": "merchant address"}, {"boundingPoly": {"vertices": [{"x": 95.0, "y": 209.0}, {"x": 446.0, "y": 206.0}, {"x": 446.0, "y": 237.0}, {"x": 95.0, "y": 240.0}]}, "description": "merchant address"}, {"boundingPoly": {"vertices": [{"x": 271.0, "y": 134.0}, {"x": 420.0, "y": 134.0}, {"x": 420.0, "y": 169.0}, {"x": 271.0, "y": 169.0}]}, "description": "merchant address"}, {"boundingPoly": {"vertices": [{"x": 208.0, "y": 279.0}, {"x": 343.0, "y": 279.0}, {"x": 343.0, "y": 308.0}, {"x": 208.0, "y": 307.0}]}, "description": "CHK 682547"}, {"boundingPoly": {"vertices": [{"x": 149.0, "y": 313.0}, {"x": 394.0, "y": 313.0}, {"x": 394.0, "y": 347.0}, {"x": 149.0, "y": 347.0}]}, "description": " 11/29/2019 07:09 PM"}, {"boundingPoly": {"vertices": [{"x": 326.0, "y": 348.0}, {"x": 420.0, "y": 348.0}, {"x": 420.0, "y": 380.0}, {"x": 326.0, "y": 380.0}]}, "description": " 1 Reg:"}, {"boundingPoly": {"vertices": [{"x": 94.0, "y": 349.0}, {"x": 189.0, "y": 349.0}, {"x": 189.0, "y": 378.0}, {"x": 94.0, "y": 378.0}]}, "description": "2652503"}, {"boundingPoly": {"vertices": [{"x": 218.0, "y": 349.0}, {"x": 320.0, "y": 349.0}, {"x": 320.0, "y": 381.0}, {"x": 218.0, "y": 381.0}]}, "description": " Drawer:"}, {"boundingPoly": {"vertices": [{"x": 425.0, "y": 347.0}, {"x": 448.0, "y": 347.0}, {"x": 448.0, "y": 379.0}, {"x": 425.0, "y": 379.0}]}, "description": " 4"}, {"boundingPoly": {"vertices": [{"x": 56.0, "y": 422.0}, {"x": 228.0, "y": 421.0}, {"x": 228.0, "y": 452.0}, {"x": 56.0, "y": 454.0}]}, "description": "Gr Cappuccino"}, {"boundingPoly": {"vertices": [{"x": 417.0, "y": 420.0}, {"x": 472.0, "y": 420.0}, {"x": 471.0, "y": 450.0}, {"x": 417.0, "y": 450.0}]}, "description": "4.75"}, {"boundingPoly": {"vertices": [{"x": 59.0, "y": 495.0}, {"x": 114.0, "y": 496.0}, {"x": 114.0, "y": 521.0}, {"x": 58.0, "y": 520.0}]}, "description": "Amex"}, {"boundingPoly": {"vertices": [{"x": 59.0, "y": 528.0}, {"x": 268.0, "y": 527.0}, {"x": 268.0, "y": 555.0}, {"x": 59.0, "y": 556.0}]}, "description": "XXXXXXXXXXXX1009"}, {"boundingPoly": {"vertices": [{"x": 212.0, "y": 560.0}, {"x": 318.0, "y": 560.0}, {"x": 318.0, "y": 593.0}, {"x": 212.0, "y": 593.0}]}, "description": " TAP CHIP"}, {"boundingPoly": {"vertices": [{"x": 209.0, "y": 595.0}, {"x": 319.0, "y": 595.0}, {"x": 319.0, "y": 627.0}, {"x": 209.0, "y": 627.0}]}, "description": " PURCHASE"}, {"boundingPoly": {"vertices": [{"x": 221.0, "y": 629.0}, {"x": 330.0, "y": 629.0}, {"x": 330.0, "y": 659.0}, {"x": 221.0, "y": 659.0}]}, "description": " 00000152"}, {"boundingPoly": {"vertices": [{"x": 195.0, "y": 663.0}, {"x": 407.0, "y": 663.0}, {"x": 407.0, "y": 695.0}, {"x": 195.0, "y": 695.0}]}, "description": " AMERICAN EXPRESS"}, {"boundingPoly": {"vertices": [{"x": 156.0, "y": 699.0}, {"x": 242.0, "y": 699.0}, {"x": 242.0, "y": 732.0}, {"x": 156.0, "y": 732.0}]}, "description": " 809378"}, {"boundingPoly": {"vertices": [{"x": 119.0, "y": 734.0}, {"x": 331.0, "y": 734.0}, {"x": 331.0, "y": 766.0}, {"x": 119.0, "y": 766.0}]}, "description": " A000000025010801"}, {"boundingPoly": {"vertices": [{"x": 115.0, "y": 769.0}, {"x": 254.0, "y": 769.0}, {"x": 254.0, "y": 802.0}, {"x": 115.0, "y": 802.0}]}, "description": " 0010008000"}, {"boundingPoly": {"vertices": [{"x": 115.0, "y": 805.0}, {"x": 176.0, "y": 805.0}, {"x": 176.0, "y": 837.0}, {"x": 115.0, "y": 837.0}]}, "description": " E800"}, {"boundingPoly": {"vertices": [{"x": 416.0, "y": 493.0}, {"x": 470.0, "y": 492.0}, {"x": 470.0, "y": 521.0}, {"x": 416.0, "y": 522.0}]}, "description": "5.17"}, {"boundingPoly": {"vertices": [{"x": 57.0, "y": 562.0}, {"x": 206.0, "y": 562.0}, {"x": 206.0, "y": 594.0}, {"x": 57.0, "y": 594.0}]}, "description": " Card Entry:"}, {"boundingPoly": {"vertices": [{"x": 61.0, "y": 597.0}, {"x": 204.0, "y": 597.0}, {"x": 204.0, "y": 628.0}, {"x": 61.0, "y": 628.0}]}, "description": " Trans Type:"}, {"boundingPoly": {"vertices": [{"x": 58.0, "y": 631.0}, {"x": 215.0, "y": 631.0}, {"x": 215.0, "y": 663.0}, {"x": 58.0, "y": 663.0}]}, "description": " Reference #:"}, {"boundingPoly": {"vertices": [{"x": 58.0, "y": 665.0}, {"x": 189.0, "y": 665.0}, {"x": 189.0, "y": 699.0}, {"x": 58.0, "y": 699.0}]}, "description": " App Label:"}, {"boundingPoly": {"vertices": [{"x": 59.0, "y": 701.0}, {"x": 151.0, "y": 701.0}, {"x": 151.0, "y": 735.0}, {"x": 59.0, "y": 735.0}]}, "description": " Auth #:"}, {"boundingPoly": {"vertices": [{"x": 57.0, "y": 739.0}, {"x": 114.0, "y": 739.0}, {"x": 114.0, "y": 768.0}, {"x": 57.0, "y": 768.0}]}, "description": " AID:"}, {"boundingPoly": {"vertices": [{"x": 57.0, "y": 771.0}, {"x": 110.0, "y": 771.0}, {"x": 110.0, "y": 802.0}, {"x": 57.0, "y": 802.0}]}, "description": " TVR:"}, {"boundingPoly": {"vertices": [{"x": 57.0, "y": 807.0}, {"x": 110.0, "y": 807.0}, {"x": 110.0, "y": 839.0}, {"x": 57.0, "y": 839.0}]}, "description": " TSI:"}, {"boundingPoly": {"vertices": [{"x": 54.0, "y": 878.0}, {"x": 160.0, "y": 877.0}, {"x": 161.0, "y": 905.0}, {"x": 55.0, "y": 906.0}]}, "description": "Subtotal"}, {"boundingPoly": {"vertices": [{"x": 55.0, "y": 913.0}, {"x": 189.0, "y": 912.0}, {"x": 190.0, "y": 940.0}, {"x": 55.0, "y": 942.0}]}, "description": "Tax 8.875%"}, {"boundingPoly": {"vertices": [{"x": 53.0, "y": 949.0}, {"x": 121.0, "y": 948.0}, {"x": 121.0, "y": 975.0}, {"x": 53.0, "y": 976.0}]}, "description": "Total"}, {"boundingPoly": {"vertices": [{"x": 12.0, "y": 985.0}, {"x": 278.0, "y": 984.0}, {"x": 279.0, "y": 1012.0}, {"x": 12.0, "y": 1014.0}]}, "description": "Change Due"}, {"boundingPoly": {"vertices": [{"x": 392.0, "y": 877.0}, {"x": 458.0, "y": 875.0}, {"x": 459.0, "y": 905.0}, {"x": 393.0, "y": 907.0}]}, "description": "$4.75"}, {"boundingPoly": {"vertices": [{"x": 393.0, "y": 911.0}, {"x": 461.0, "y": 911.0}, {"x": 461.0, "y": 940.0}, {"x": 393.0, "y": 941.0}]}, "description": "$0.42"}, {"boundingPoly": {"vertices": [{"x": 391.0, "y": 947.0}, {"x": 461.0, "y": 947.0}, {"x": 461.0, "y": 975.0}, {"x": 392.0, "y": 976.0}]}, "description": "$5.17"}, {"boundingPoly": {"vertices": [{"x": 405.0, "y": 984.0}, {"x": 536.0, "y": 983.0}, {"x": 536.0, "y": 1012.0}, {"x": 405.0, "y": 1013.0}]}, "description": "$0.00"}, {"boundingPoly": {"vertices": [{"x": 136.0, "y": 1059.0}, {"x": 166.0, "y": 1059.0}, {"x": 166.0, "y": 1075.0}, {"x": 136.0, "y": 1076.0}]}, "description": "--"}, {"boundingPoly": {"vertices": [{"x": 151.0, "y": 1083.0}, {"x": 399.0, "y": 1083.0}, {"x": 399.0, "y": 1118.0}, {"x": 151.0, "y": 1118.0}]}, "description": " 11/29/2019 07:09 PM"}, {"boundingPoly": {"vertices": [{"x": 172.0, "y": 1051.0}, {"x": 335.0, "y": 1048.0}, {"x": 335.0, "y": 1079.0}, {"x": 173.0, "y": 1082.0}]}, "description": "Check Closed"}, {"boundingPoly": {"vertices": [{"x": 127.0, "y": 1256.0}, {"x": 435.0, "y": 1256.0}, {"x": 435.0, "y": 1279.0}, {"x": 127.0, "y": 1278.0}]}, "description": ".Inin our lovaltv program"}]}