{"textAnnotations": [{"boundingPoly": {"vertices": [{"x": 295.0, "y": 406.0}, {"x": 844.0, "y": 390.0}, {"x": 845.0, "y": 423.0}, {"x": 296.0, "y": 439.0}]}, "description": "EFTPOS FROM WESTPAC"}, {"boundingPoly": {"vertices": [{"x": 291.0, "y": 443.0}, {"x": 465.0, "y": 439.0}, {"x": 466.0, "y": 472.0}, {"x": 292.0, "y": 477.0}]}, "description": "merchant name"}, {"boundingPoly": {"vertices": [{"x": 292.0, "y": 481.0}, {"x": 407.0, "y": 481.0}, {"x": 407.0, "y": 513.0}, {"x": 292.0, "y": 513.0}]}, "description": "merchant address"}, {"boundingPoly": {"vertices": [{"x": 492.0, "y": 431.0}, {"x": 764.0, "y": 431.0}, {"x": 764.0, "y": 471.0}, {"x": 492.0, "y": 471.0}]}, "description": "merchant name"}, {"boundingPoly": {"vertices": [{"x": 786.0, "y": 428.0}, {"x": 818.0, "y": 428.0}, {"x": 818.0, "y": 463.0}, {"x": 786.0, "y": 463.0}]}, "description": "merchant name"}, {"boundingPoly": {"vertices": [{"x": 844.0, "y": 425.0}, {"x": 872.0, "y": 425.0}, {"x": 872.0, "y": 462.0}, {"x": 844.0, "y": 462.0}]}, "description": " L"}, {"boundingPoly": {"vertices": [{"x": 440.0, "y": 482.0}, {"x": 466.0, "y": 482.0}, {"x": 466.0, "y": 513.0}, {"x": 440.0, "y": 513.0}]}, "description": "merchant address"}, {"boundingPoly": {"vertices": [{"x": 290.0, "y": 521.0}, {"x": 728.0, "y": 508.0}, {"x": 729.0, "y": 542.0}, {"x": 291.0, "y": 554.0}]}, "description": "merchant address"}, {"boundingPoly": {"vertices": [{"x": 291.0, "y": 562.0}, {"x": 549.0, "y": 555.0}, {"x": 550.0, "y": 588.0}, {"x": 292.0, "y": 593.0}]}, "description": "merchant address"}, {"boundingPoly": {"vertices": [{"x": 294.0, "y": 633.0}, {"x": 691.0, "y": 627.0}, {"x": 692.0, "y": 662.0}, {"x": 295.0, "y": 669.0}]}, "description": "TIME 10NOV19"}, {"boundingPoly": {"vertices": [{"x": 290.0, "y": 677.0}, {"x": 374.0, "y": 677.0}, {"x": 375.0, "y": 710.0}, {"x": 290.0, "y": 708.0}]}, "description": "MID"}, {"boundingPoly": {"vertices": [{"x": 294.0, "y": 715.0}, {"x": 378.0, "y": 714.0}, {"x": 379.0, "y": 746.0}, {"x": 294.0, "y": 748.0}]}, "description": "TSP"}, {"boundingPoly": {"vertices": [{"x": 290.0, "y": 755.0}, {"x": 381.0, "y": 755.0}, {"x": 382.0, "y": 788.0}, {"x": 290.0, "y": 788.0}]}, "description": "RRN"}, {"boundingPoly": {"vertices": [{"x": 293.0, "y": 795.0}, {"x": 768.0, "y": 789.0}, {"x": 769.0, "y": 825.0}, {"x": 293.0, "y": 831.0}]}, "description": "AMERICAN EXPRESS"}, {"boundingPoly": {"vertices": [{"x": 291.0, "y": 837.0}, {"x": 493.0, "y": 832.0}, {"x": 494.0, "y": 867.0}, {"x": 292.0, "y": 871.0}]}, "description": "Amex (C)"}, {"boundingPoly": {"vertices": [{"x": 291.0, "y": 877.0}, {"x": 449.0, "y": 877.0}, {"x": 449.0, "y": 910.0}, {"x": 291.0, "y": 909.0}]}, "description": "CARD."}, {"boundingPoly": {"vertices": [{"x": 294.0, "y": 917.0}, {"x": 380.0, "y": 916.0}, {"x": 380.0, "y": 949.0}, {"x": 294.0, "y": 949.0}]}, "description": "AID"}, {"boundingPoly": {"vertices": [{"x": 299.0, "y": 955.0}, {"x": 381.0, "y": 956.0}, {"x": 382.0, "y": 989.0}, {"x": 298.0, "y": 988.0}]}, "description": "TUR"}, {"boundingPoly": {"vertices": [{"x": 296.0, "y": 997.0}, {"x": 413.0, "y": 995.0}, {"x": 414.0, "y": 1028.0}, {"x": 297.0, "y": 1030.0}]}, "description": "AUTH"}, {"boundingPoly": {"vertices": [{"x": 793.0, "y": 621.0}, {"x": 960.0, "y": 621.0}, {"x": 960.0, "y": 657.0}, {"x": 793.0, "y": 657.0}]}, "description": " 09:53"}, {"boundingPoly": {"vertices": [{"x": 736.0, "y": 667.0}, {"x": 974.0, "y": 663.0}, {"x": 975.0, "y": 698.0}, {"x": 737.0, "y": 703.0}]}, "description": "25047184"}, {"boundingPoly": {"vertices": [{"x": 621.0, "y": 709.0}, {"x": 977.0, "y": 703.0}, {"x": 978.0, "y": 738.0}, {"x": 622.0, "y": 744.0}]}, "description": "100381963494"}, {"boundingPoly": {"vertices": [{"x": 622.0, "y": 751.0}, {"x": 973.0, "y": 745.0}, {"x": 974.0, "y": 779.0}, {"x": 622.0, "y": 785.0}]}, "description": "191110053620"}, {"boundingPoly": {"vertices": [{"x": 924.0, "y": 829.0}, {"x": 980.0, "y": 830.0}, {"x": 980.0, "y": 863.0}, {"x": 924.0, "y": 863.0}]}, "description": "CR"}, {"boundingPoly": {"vertices": [{"x": 862.0, "y": 871.0}, {"x": 979.0, "y": 871.0}, {"x": 979.0, "y": 907.0}, {"x": 862.0, "y": 907.0}]}, "description": " 1006"}, {"boundingPoly": {"vertices": [{"x": 503.0, "y": 914.0}, {"x": 976.0, "y": 911.0}, {"x": 976.0, "y": 946.0}, {"x": 503.0, "y": 948.0}]}, "description": "A000000025010801"}, {"boundingPoly": {"vertices": [{"x": 681.0, "y": 953.0}, {"x": 981.0, "y": 953.0}, {"x": 981.0, "y": 987.0}, {"x": 680.0, "y": 986.0}]}, "description": "0000008000"}, {"boundingPoly": {"vertices": [{"x": 802.0, "y": 993.0}, {"x": 983.0, "y": 993.0}, {"x": 983.0, "y": 1028.0}, {"x": 802.0, "y": 1028.0}]}, "description": "804778"}, {"boundingPoly": {"vertices": [{"x": 833.0, "y": 875.0}, {"x": 858.0, "y": 875.0}, {"x": 858.0, "y": 908.0}, {"x": 833.0, "y": 908.0}]}, "description": " ."}, {"boundingPoly": {"vertices": [{"x": 297.0, "y": 1071.0}, {"x": 567.0, "y": 1071.0}, {"x": 567.0, "y": 1107.0}, {"x": 297.0, "y": 1107.0}]}, "description": "PURCHASE"}, {"boundingPoly": {"vertices": [{"x": 731.0, "y": 1072.0}, {"x": 969.0, "y": 1073.0}, {"x": 969.0, "y": 1109.0}, {"x": 731.0, "y": 1107.0}]}, "description": "AUD5.50"}, {"boundingPoly": {"vertices": [{"x": 398.0, "y": 1151.0}, {"x": 867.0, "y": 1152.0}, {"x": 866.0, "y": 1188.0}, {"x": 398.0, "y": 1186.0}]}, "description": "(000) APPROVED"}, {"boundingPoly": {"vertices": [{"x": 418.0, "y": 1229.0}, {"x": 861.0, "y": 1231.0}, {"x": 861.0, "y": 1265.0}, {"x": 418.0, "y": 1263.0}]}, "description": "*CUSTOMER COPY*"}]}