{"textAnnotations": [{"boundingPoly": {"vertices": [{"x": 112.0, "y": 44.0}, {"x": 405.0, "y": 29.0}, {"x": 406.0, "y": 48.0}, {"x": 113.0, "y": 63.0}]}, "description": "merchant name"}, {"boundingPoly": {"vertices": [{"x": 161.0, "y": 76.0}, {"x": 357.0, "y": 69.0}, {"x": 358.0, "y": 84.0}, {"x": 162.0, "y": 91.0}]}, "description": "merchant address"}, {"boundingPoly": {"vertices": [{"x": 143.0, "y": 60.0}, {"x": 371.0, "y": 52.0}, {"x": 371.0, "y": 68.0}, {"x": 143.0, "y": 76.0}]}, "description": "merchant address"}, {"boundingPoly": {"vertices": [{"x": 192.0, "y": 92.0}, {"x": 320.0, "y": 87.0}, {"x": 320.0, "y": 102.0}, {"x": 192.0, "y": 107.0}]}, "description": "merchant phone"}, {"boundingPoly": {"vertices": [{"x": 291.0, "y": 120.0}, {"x": 353.0, "y": 120.0}, {"x": 353.0, "y": 147.0}, {"x": 291.0, "y": 147.0}]}, "description": " 089"}, {"boundingPoly": {"vertices": [{"x": 199.0, "y": 158.0}, {"x": 312.0, "y": 153.0}, {"x": 313.0, "y": 176.0}, {"x": 199.0, "y": 181.0}]}, "description": "Dine-In"}, {"boundingPoly": {"vertices": [{"x": 241.0, "y": 186.0}, {"x": 268.0, "y": 185.0}, {"x": 268.0, "y": 201.0}, {"x": 241.0, "y": 203.0}]}, "description": "b4"}, {"boundingPoly": {"vertices": [{"x": 163.0, "y": 123.0}, {"x": 287.0, "y": 123.0}, {"x": 287.0, "y": 153.0}, {"x": 163.0, "y": 153.0}]}, "description": " ORDER:"}, {"boundingPoly": {"vertices": [{"x": 19.0, "y": 224.0}, {"x": 102.0, "y": 224.0}, {"x": 102.0, "y": 248.0}, {"x": 19.0, "y": 248.0}]}, "description": " Cashier:"}, {"boundingPoly": {"vertices": [{"x": 105.0, "y": 221.0}, {"x": 163.0, "y": 221.0}, {"x": 163.0, "y": 243.0}, {"x": 105.0, "y": 243.0}]}, "description": " Front"}, {"boundingPoly": {"vertices": [{"x": 19.0, "y": 239.0}, {"x": 241.0, "y": 239.0}, {"x": 241.0, "y": 270.0}, {"x": 19.0, "y": 270.0}]}, "description": " 15-Oct-2019 9:02:52P"}, {"boundingPoly": {"vertices": [{"x": 17.0, "y": 290.0}, {"x": 221.0, "y": 278.0}, {"x": 223.0, "y": 301.0}, {"x": 19.0, "y": 313.0}]}, "description": "Transaction 101607"}, {"boundingPoly": {"vertices": [{"x": 53.0, "y": 342.0}, {"x": 226.0, "y": 335.0}, {"x": 227.0, "y": 364.0}, {"x": 53.0, "y": 371.0}]}, "description": "Paneer Makhani"}, {"boundingPoly": {"vertices": [{"x": 423.0, "y": 329.0}, {"x": 498.0, "y": 326.0}, {"x": 499.0, "y": 348.0}, {"x": 424.0, "y": 352.0}]}, "description": "$10.99"}, {"boundingPoly": {"vertices": [{"x": 340.0, "y": 361.0}, {"x": 498.0, "y": 353.0}, {"x": 499.0, "y": 383.0}, {"x": 341.0, "y": 391.0}]}, "description": "Medium $0.00"}, {"boundingPoly": {"vertices": [{"x": 436.0, "y": 419.0}, {"x": 495.0, "y": 416.0}, {"x": 495.0, "y": 437.0}, {"x": 437.0, "y": 441.0}]}, "description": "$2.99"}, {"boundingPoly": {"vertices": [{"x": 434.0, "y": 449.0}, {"x": 495.0, "y": 446.0}, {"x": 496.0, "y": 468.0}, {"x": 434.0, "y": 470.0}]}, "description": "$3.99"}, {"boundingPoly": {"vertices": [{"x": 432.0, "y": 477.0}, {"x": 492.0, "y": 474.0}, {"x": 493.0, "y": 495.0}, {"x": 433.0, "y": 499.0}]}, "description": "$8.99"}, {"boundingPoly": {"vertices": [{"x": 341.0, "y": 509.0}, {"x": 492.0, "y": 503.0}, {"x": 493.0, "y": 526.0}, {"x": 341.0, "y": 532.0}]}, "description": "Medium $0.00"}, {"boundingPoly": {"vertices": [{"x": 444.0, "y": 536.0}, {"x": 492.0, "y": 536.0}, {"x": 492.0, "y": 557.0}, {"x": 445.0, "y": 557.0}]}, "description": "togo"}, {"boundingPoly": {"vertices": [{"x": 26.0, "y": 436.0}, {"x": 40.0, "y": 436.0}, {"x": 40.0, "y": 452.0}, {"x": 26.0, "y": 452.0}]}, "description": "1"}, {"boundingPoly": {"vertices": [{"x": 26.0, "y": 463.0}, {"x": 41.0, "y": 464.0}, {"x": 42.0, "y": 480.0}, {"x": 27.0, "y": 480.0}]}, "description": "1"}, {"boundingPoly": {"vertices": [{"x": 29.0, "y": 490.0}, {"x": 45.0, "y": 492.0}, {"x": 45.0, "y": 507.0}, {"x": 29.0, "y": 506.0}]}, "description": "1"}, {"boundingPoly": {"vertices": [{"x": 60.0, "y": 433.0}, {"x": 181.0, "y": 430.0}, {"x": 181.0, "y": 452.0}, {"x": 61.0, "y": 455.0}]}, "description": "Garlic Naan"}, {"boundingPoly": {"vertices": [{"x": 63.0, "y": 461.0}, {"x": 226.0, "y": 458.0}, {"x": 226.0, "y": 478.0}, {"x": 63.0, "y": 482.0}]}, "description": "Peshawari Naan"}, {"boundingPoly": {"vertices": [{"x": 65.0, "y": 488.0}, {"x": 232.0, "y": 485.0}, {"x": 232.0, "y": 509.0}, {"x": 65.0, "y": 511.0}]}, "description": "Veg Dum Biryani"}, {"boundingPoly": {"vertices": [{"x": 32.0, "y": 598.0}, {"x": 54.0, "y": 598.0}, {"x": 54.0, "y": 621.0}, {"x": 32.0, "y": 621.0}]}, "description": " 2"}, {"boundingPoly": {"vertices": [{"x": 69.0, "y": 596.0}, {"x": 255.0, "y": 596.0}, {"x": 255.0, "y": 621.0}, {"x": 69.0, "y": 621.0}]}, "description": " Soda(Coke/Sprite)"}, {"boundingPoly": {"vertices": [{"x": 430.0, "y": 590.0}, {"x": 489.0, "y": 589.0}, {"x": 489.0, "y": 610.0}, {"x": 430.0, "y": 612.0}]}, "description": "$3.98"}, {"boundingPoly": {"vertices": [{"x": 37.0, "y": 651.0}, {"x": 121.0, "y": 651.0}, {"x": 121.0, "y": 671.0}, {"x": 37.0, "y": 672.0}]}, "description": "Subtotal"}, {"boundingPoly": {"vertices": [{"x": 39.0, "y": 678.0}, {"x": 74.0, "y": 679.0}, {"x": 74.0, "y": 697.0}, {"x": 39.0, "y": 696.0}]}, "description": "Tax"}, {"boundingPoly": {"vertices": [{"x": 417.0, "y": 645.0}, {"x": 489.0, "y": 644.0}, {"x": 489.0, "y": 665.0}, {"x": 417.0, "y": 667.0}]}, "description": "$30.94"}, {"boundingPoly": {"vertices": [{"x": 427.0, "y": 672.0}, {"x": 486.0, "y": 671.0}, {"x": 487.0, "y": 692.0}, {"x": 428.0, "y": 694.0}]}, "description": "$2.66"}, {"boundingPoly": {"vertices": [{"x": 41.0, "y": 729.0}, {"x": 92.0, "y": 728.0}, {"x": 91.0, "y": 747.0}, {"x": 41.0, "y": 748.0}]}, "description": "Total"}, {"boundingPoly": {"vertices": [{"x": 415.0, "y": 724.0}, {"x": 486.0, "y": 724.0}, {"x": 486.0, "y": 745.0}, {"x": 415.0, "y": 746.0}]}, "description": "$33.60"}, {"boundingPoly": {"vertices": [{"x": 414.0, "y": 762.0}, {"x": 482.0, "y": 761.0}, {"x": 483.0, "y": 782.0}, {"x": 414.0, "y": 783.0}]}, "description": "$33.60"}, {"boundingPoly": {"vertices": [{"x": 44.0, "y": 765.0}, {"x": 233.0, "y": 763.0}, {"x": 233.0, "y": 783.0}, {"x": 44.0, "y": 784.0}]}, "description": "CREDIT CARD AUTH"}, {"boundingPoly": {"vertices": [{"x": 40.0, "y": 790.0}, {"x": 152.0, "y": 789.0}, {"x": 152.0, "y": 807.0}, {"x": 40.0, "y": 808.0}]}, "description": "AMEX 1007"}, {"boundingPoly": {"vertices": [{"x": 39.0, "y": 836.0}, {"x": 67.0, "y": 838.0}, {"x": 65.0, "y": 859.0}, {"x": 38.0, "y": 857.0}]}, "description": "Tip"}, {"boundingPoly": {"vertices": [{"x": 437.0, "y": 819.0}, {"x": 489.0, "y": 821.0}, {"x": 489.0, "y": 850.0}, {"x": 437.0, "y": 851.0}]}, "description": "Soy"}, {"boundingPoly": {"vertices": [{"x": 413.0, "y": 872.0}, {"x": 493.0, "y": 878.0}, {"x": 491.0, "y": 908.0}, {"x": 414.0, "y": 903.0}]}, "description": "38.64"}, {"boundingPoly": {"vertices": [{"x": 33.0, "y": 886.0}, {"x": 83.0, "y": 886.0}, {"x": 82.0, "y": 907.0}, {"x": 33.0, "y": 907.0}]}, "description": "Total"}, {"boundingPoly": {"vertices": [{"x": 55.0, "y": 942.0}, {"x": 213.0, "y": 942.0}, {"x": 213.0, "y": 966.0}, {"x": 55.0, "y": 966.0}]}, "description": " Retain this copy"}, {"boundingPoly": {"vertices": [{"x": 216.0, "y": 943.0}, {"x": 465.0, "y": 943.0}, {"x": 465.0, "y": 967.0}, {"x": 216.0, "y": 967.0}]}, "description": " for statement validation"}, {"boundingPoly": {"vertices": [{"x": 28.0, "y": 1007.0}, {"x": 246.0, "y": 1007.0}, {"x": 246.0, "y": 1034.0}, {"x": 28.0, "y": 1034.0}]}, "description": " 15-Oct-2019 9:34:37P"}, {"boundingPoly": {"vertices": [{"x": 25.0, "y": 1034.0}, {"x": 192.0, "y": 1034.0}, {"x": 192.0, "y": 1060.0}, {"x": 25.0, "y": 1060.0}]}, "description": " $33.60 | Method:"}, {"boundingPoly": {"vertices": [{"x": 26.0, "y": 1062.0}, {"x": 470.0, "y": 1069.0}, {"x": 470.0, "y": 1093.0}, {"x": 25.0, "y": 1085.0}]}, "description": "AMERICAN EXPRESS XXXXXXXXXXXX1007"}, {"boundingPoly": {"vertices": [{"x": 26.0, "y": 1116.0}, {"x": 85.0, "y": 1116.0}, {"x": 85.0, "y": 1138.0}, {"x": 26.0, "y": 1138.0}]}, "description": " Ref #:"}, {"boundingPoly": {"vertices": [{"x": 25.0, "y": 1143.0}, {"x": 70.0, "y": 1143.0}, {"x": 70.0, "y": 1164.0}, {"x": 25.0, "y": 1164.0}]}, "description": " MID:"}, {"boundingPoly": {"vertices": [{"x": 28.0, "y": 1168.0}, {"x": 67.0, "y": 1168.0}, {"x": 67.0, "y": 1190.0}, {"x": 28.0, "y": 1190.0}]}, "description": " AID:"}, {"boundingPoly": {"vertices": [{"x": 29.0, "y": 1193.0}, {"x": 154.0, "y": 1193.0}, {"x": 154.0, "y": 1216.0}, {"x": 29.0, "y": 1216.0}]}, "description": " AthNtwkNm:"}, {"boundingPoly": {"vertices": [{"x": 30.0, "y": 1217.0}, {"x": 242.0, "y": 1220.0}, {"x": 241.0, "y": 1239.0}, {"x": 30.0, "y": 1235.0}]}, "description": "SIGNATURE VERIFIED"}, {"boundingPoly": {"vertices": [{"x": 196.0, "y": 1038.0}, {"x": 246.0, "y": 1038.0}, {"x": 246.0, "y": 1060.0}, {"x": 196.0, "y": 1060.0}]}, "description": " EMV"}, {"boundingPoly": {"vertices": [{"x": 88.0, "y": 1118.0}, {"x": 336.0, "y": 1118.0}, {"x": 336.0, "y": 1145.0}, {"x": 88.0, "y": 1145.0}]}, "description": " 928900653640 | Auth #:"}, {"boundingPoly": {"vertices": [{"x": 74.0, "y": 1143.0}, {"x": 205.0, "y": 1143.0}, {"x": 205.0, "y": 1169.0}, {"x": 74.0, "y": 1169.0}]}, "description": " ******** 6998"}, {"boundingPoly": {"vertices": [{"x": 70.0, "y": 1169.0}, {"x": 283.0, "y": 1169.0}, {"x": 283.0, "y": 1194.0}, {"x": 70.0, "y": 1194.0}]}, "description": " A000000025010801"}, {"boundingPoly": {"vertices": [{"x": 340.0, "y": 1123.0}, {"x": 423.0, "y": 1123.0}, {"x": 423.0, "y": 1146.0}, {"x": 340.0, "y": 1146.0}]}, "description": " 844854"}, {"boundingPoly": {"vertices": [{"x": 158.0, "y": 1196.0}, {"x": 221.0, "y": 1196.0}, {"x": 221.0, "y": 1216.0}, {"x": 158.0, "y": 1216.0}]}, "description": " AMEX"}]}