{"textAnnotations": [{"boundingPoly": {"vertices": [{"x": 4.0, "y": 53.0}, {"x": 57.0, "y": 55.0}, {"x": 56.0, "y": 69.0}, {"x": 4.0, "y": 66.0}]}, "description": "0476"}, {"boundingPoly": {"vertices": [{"x": 5.0, "y": 69.0}, {"x": 50.0, "y": 69.0}, {"x": 50.0, "y": 86.0}, {"x": 5.0, "y": 86.0}]}, "description": " Server:"}, {"boundingPoly": {"vertices": [{"x": 7.0, "y": 84.0}, {"x": 91.0, "y": 84.0}, {"x": 91.0, "y": 104.0}, {"x": 7.0, "y": 104.0}]}, "description": " 12/01/19 17:17"}, {"boundingPoly": {"vertices": [{"x": 7.0, "y": 114.0}, {"x": 138.0, "y": 124.0}, {"x": 137.0, "y": 138.0}, {"x": 6.0, "y": 128.0}]}, "description": "merchant name"}, {"boundingPoly": {"vertices": [{"x": 8.0, "y": 146.0}, {"x": 107.0, "y": 151.0}, {"x": 106.0, "y": 164.0}, {"x": 7.0, "y": 159.0}]}, "description": "merchant address"}, {"boundingPoly": {"vertices": [{"x": 51.0, "y": 71.0}, {"x": 99.0, "y": 71.0}, {"x": 99.0, "y": 89.0}, {"x": 51.0, "y": 89.0}]}, "description": " MILAN R"}, {"boundingPoly": {"vertices": [{"x": 198.0, "y": 73.0}, {"x": 218.0, "y": 73.0}, {"x": 218.0, "y": 88.0}, {"x": 198.0, "y": 88.0}]}, "description": " Rec:"}, {"boundingPoly": {"vertices": [{"x": 173.0, "y": 88.0}, {"x": 224.0, "y": 88.0}, {"x": 224.0, "y": 106.0}, {"x": 173.0, "y": 106.0}]}, "description": " 71 Term:"}, {"boundingPoly": {"vertices": [{"x": 219.0, "y": 72.0}, {"x": 240.0, "y": 72.0}, {"x": 240.0, "y": 86.0}, {"x": 219.0, "y": 86.0}]}, "description": " 491"}, {"boundingPoly": {"vertices": [{"x": 151.0, "y": 92.0}, {"x": 171.0, "y": 92.0}, {"x": 171.0, "y": 108.0}, {"x": 151.0, "y": 108.0}]}, "description": " T:"}, {"boundingPoly": {"vertices": [{"x": 225.0, "y": 88.0}, {"x": 241.0, "y": 88.0}, {"x": 241.0, "y": 102.0}, {"x": 225.0, "y": 102.0}]}, "description": " 10"}, {"boundingPoly": {"vertices": [{"x": 9.0, "y": 130.0}, {"x": 121.0, "y": 137.0}, {"x": 120.0, "y": 151.0}, {"x": 9.0, "y": 143.0}]}, "description": "merchant address"}, {"boundingPoly": {"vertices": [{"x": 8.0, "y": 160.0}, {"x": 88.0, "y": 164.0}, {"x": 87.0, "y": 177.0}, {"x": 8.0, "y": 173.0}]}, "description": "merchant phone"}, {"boundingPoly": {"vertices": [{"x": 9.0, "y": 215.0}, {"x": 63.0, "y": 215.0}, {"x": 63.0, "y": 235.0}, {"x": 9.0, "y": 235.0}]}, "description": " MERCH ID:"}, {"boundingPoly": {"vertices": [{"x": 59.0, "y": 236.0}, {"x": 117.0, "y": 236.0}, {"x": 117.0, "y": 255.0}, {"x": 59.0, "y": 255.0}]}, "description": " USD$47.30"}, {"boundingPoly": {"vertices": [{"x": 107.0, "y": 256.0}, {"x": 134.0, "y": 256.0}, {"x": 134.0, "y": 271.0}, {"x": 107.0, "y": 271.0}]}, "description": " AmEx"}, {"boundingPoly": {"vertices": [{"x": 42.0, "y": 281.0}, {"x": 157.0, "y": 281.0}, {"x": 157.0, "y": 298.0}, {"x": 42.0, "y": 298.0}]}, "description": " 321106 Approved 000"}, {"boundingPoly": {"vertices": [{"x": 48.0, "y": 296.0}, {"x": 105.0, "y": 296.0}, {"x": 105.0, "y": 312.0}, {"x": 48.0, "y": 312.0}]}, "description": " CHIP READ"}, {"boundingPoly": {"vertices": [{"x": 8.0, "y": 310.0}, {"x": 57.0, "y": 310.0}, {"x": 57.0, "y": 324.0}, {"x": 8.0, "y": 324.0}]}, "description": " AMERICAN"}, {"boundingPoly": {"vertices": [{"x": 9.0, "y": 324.0}, {"x": 23.0, "y": 324.0}, {"x": 23.0, "y": 338.0}, {"x": 9.0, "y": 338.0}]}, "description": " TC"}, {"boundingPoly": {"vertices": [{"x": 8.0, "y": 340.0}, {"x": 42.0, "y": 340.0}, {"x": 42.0, "y": 353.0}, {"x": 8.0, "y": 353.0}]}, "description": " Mode:"}, {"boundingPoly": {"vertices": [{"x": 7.0, "y": 353.0}, {"x": 33.0, "y": 353.0}, {"x": 33.0, "y": 367.0}, {"x": 7.0, "y": 367.0}]}, "description": " TVR:"}, {"boundingPoly": {"vertices": [{"x": 7.0, "y": 368.0}, {"x": 33.0, "y": 368.0}, {"x": 33.0, "y": 381.0}, {"x": 7.0, "y": 381.0}]}, "description": " IAD:"}, {"boundingPoly": {"vertices": [{"x": 11.0, "y": 382.0}, {"x": 33.0, "y": 382.0}, {"x": 33.0, "y": 396.0}, {"x": 11.0, "y": 396.0}]}, "description": " IST:"}, {"boundingPoly": {"vertices": [{"x": 9.0, "y": 398.0}, {"x": 35.0, "y": 398.0}, {"x": 35.0, "y": 411.0}, {"x": 9.0, "y": 411.0}]}, "description": " ARC:"}, {"boundingPoly": {"vertices": [{"x": 66.0, "y": 221.0}, {"x": 139.0, "y": 221.0}, {"x": 139.0, "y": 241.0}, {"x": 66.0, "y": 241.0}]}, "description": " 372460771887"}, {"boundingPoly": {"vertices": [{"x": 9.0, "y": 249.0}, {"x": 101.0, "y": 249.0}, {"x": 101.0, "y": 268.0}, {"x": 9.0, "y": 268.0}]}, "description": " *********** 1006"}, {"boundingPoly": {"vertices": [{"x": 8.0, "y": 278.0}, {"x": 40.0, "y": 278.0}, {"x": 40.0, "y": 294.0}, {"x": 8.0, "y": 294.0}]}, "description": " AUTH:"}, {"boundingPoly": {"vertices": [{"x": 7.0, "y": 294.0}, {"x": 46.0, "y": 294.0}, {"x": 46.0, "y": 309.0}, {"x": 7.0, "y": 309.0}]}, "description": " ENTRY:"}, {"boundingPoly": {"vertices": [{"x": 141.0, "y": 227.0}, {"x": 168.0, "y": 227.0}, {"x": 168.0, "y": 243.0}, {"x": 141.0, "y": 243.0}]}, "description": " : 10"}, {"boundingPoly": {"vertices": [{"x": 7.0, "y": 232.0}, {"x": 57.0, "y": 232.0}, {"x": 57.0, "y": 250.0}, {"x": 7.0, "y": 250.0}]}, "description": " PURCHASE"}, {"boundingPoly": {"vertices": [{"x": 9.0, "y": 263.0}, {"x": 112.0, "y": 263.0}, {"x": 112.0, "y": 284.0}, {"x": 9.0, "y": 284.0}]}, "description": " 12/1/2019 5:17 PM"}, {"boundingPoly": {"vertices": [{"x": 59.0, "y": 311.0}, {"x": 104.0, "y": 311.0}, {"x": 104.0, "y": 325.0}, {"x": 59.0, "y": 325.0}]}, "description": " EXPRESS"}, {"boundingPoly": {"vertices": [{"x": 25.0, "y": 324.0}, {"x": 133.0, "y": 324.0}, {"x": 133.0, "y": 339.0}, {"x": 25.0, "y": 339.0}]}, "description": " - 003ED3BABD140785"}, {"boundingPoly": {"vertices": [{"x": 106.0, "y": 311.0}, {"x": 212.0, "y": 311.0}, {"x": 212.0, "y": 325.0}, {"x": 106.0, "y": 325.0}]}, "description": " - A000000025010801"}, {"boundingPoly": {"vertices": [{"x": 44.0, "y": 341.0}, {"x": 81.0, "y": 341.0}, {"x": 81.0, "y": 353.0}, {"x": 44.0, "y": 353.0}]}, "description": " Issuer"}, {"boundingPoly": {"vertices": [{"x": 35.0, "y": 354.0}, {"x": 97.0, "y": 354.0}, {"x": 97.0, "y": 367.0}, {"x": 35.0, "y": 367.0}]}, "description": " 0000008000"}, {"boundingPoly": {"vertices": [{"x": 36.0, "y": 368.0}, {"x": 121.0, "y": 368.0}, {"x": 121.0, "y": 381.0}, {"x": 36.0, "y": 381.0}]}, "description": " 05710103602002"}, {"boundingPoly": {"vertices": [{"x": 36.0, "y": 383.0}, {"x": 63.0, "y": 383.0}, {"x": 63.0, "y": 396.0}, {"x": 36.0, "y": 396.0}]}, "description": " E800"}, {"boundingPoly": {"vertices": [{"x": 37.0, "y": 397.0}, {"x": 53.0, "y": 397.0}, {"x": 53.0, "y": 411.0}, {"x": 37.0, "y": 411.0}]}, "description": " 00"}, {"boundingPoly": {"vertices": [{"x": 7.0, "y": 455.0}, {"x": 66.0, "y": 455.0}, {"x": 66.0, "y": 469.0}, {"x": 7.0, "y": 469.0}]}, "description": " CHECK"}, {"boundingPoly": {"vertices": [{"x": 69.0, "y": 455.0}, {"x": 79.0, "y": 455.0}, {"x": 79.0, "y": 470.0}, {"x": 69.0, "y": 470.0}]}, "description": " :"}, {"boundingPoly": {"vertices": [{"x": 181.0, "y": 455.0}, {"x": 240.0, "y": 456.0}, {"x": 239.0, "y": 471.0}, {"x": 181.0, "y": 470.0}]}, "description": "47.30"}, {"boundingPoly": {"vertices": [{"x": 8.0, "y": 484.0}, {"x": 57.0, "y": 484.0}, {"x": 57.0, "y": 499.0}, {"x": 8.0, "y": 499.0}]}, "description": " Gratuity"}, {"boundingPoly": {"vertices": [{"x": 7.0, "y": 500.0}, {"x": 119.0, "y": 500.0}, {"x": 119.0, "y": 513.0}, {"x": 7.0, "y": 513.0}]}, "description": " Suggested Gratuity:"}, {"boundingPoly": {"vertices": [{"x": 101.0, "y": 512.0}, {"x": 130.0, "y": 513.0}, {"x": 130.0, "y": 527.0}, {"x": 101.0, "y": 526.0}]}, "description": "10.41"}, {"boundingPoly": {"vertices": [{"x": 102.0, "y": 527.0}, {"x": 130.0, "y": 527.0}, {"x": 130.0, "y": 541.0}, {"x": 102.0, "y": 540.0}]}, "description": "9.46"}, {"boundingPoly": {"vertices": [{"x": 102.0, "y": 541.0}, {"x": 130.0, "y": 541.0}, {"x": 130.0, "y": 555.0}, {"x": 101.0, "y": 554.0}]}, "description": "3.51"}, {"boundingPoly": {"vertices": [{"x": 105.0, "y": 556.0}, {"x": 130.0, "y": 556.0}, {"x": 131.0, "y": 570.0}, {"x": 105.0, "y": 570.0}]}, "description": "7.10"}, {"boundingPoly": {"vertices": [{"x": 59.0, "y": 485.0}, {"x": 81.0, "y": 485.0}, {"x": 81.0, "y": 499.0}, {"x": 59.0, "y": 499.0}]}, "description": " Not"}, {"boundingPoly": {"vertices": [{"x": 83.0, "y": 485.0}, {"x": 132.0, "y": 485.0}, {"x": 132.0, "y": 499.0}, {"x": 83.0, "y": 499.0}]}, "description": " Included"}, {"boundingPoly": {"vertices": [{"x": 54.0, "y": 514.0}, {"x": 73.0, "y": 514.0}, {"x": 74.0, "y": 528.0}, {"x": 54.0, "y": 527.0}]}, "description": "22%"}, {"boundingPoly": {"vertices": [{"x": 54.0, "y": 527.0}, {"x": 73.0, "y": 527.0}, {"x": 73.0, "y": 541.0}, {"x": 54.0, "y": 541.0}]}, "description": "20%"}, {"boundingPoly": {"vertices": [{"x": 56.0, "y": 542.0}, {"x": 73.0, "y": 542.0}, {"x": 73.0, "y": 555.0}, {"x": 56.0, "y": 556.0}]}, "description": "18%"}, {"boundingPoly": {"vertices": [{"x": 55.0, "y": 557.0}, {"x": 73.0, "y": 556.0}, {"x": 74.0, "y": 570.0}, {"x": 54.0, "y": 570.0}]}, "description": "15%"}, {"boundingPoly": {"vertices": [{"x": 157.0, "y": 568.0}, {"x": 255.0, "y": 569.0}, {"x": 254.0, "y": 600.0}, {"x": 157.0, "y": 598.0}]}, "description": "47 870%"}, {"boundingPoly": {"vertices": [{"x": 176.0, "y": 604.0}, {"x": 253.0, "y": 604.0}, {"x": 253.0, "y": 629.0}, {"x": 176.0, "y": 630.0}]}, "description": "53.00/"}, {"boundingPoly": {"vertices": [{"x": 10.0, "y": 584.0}, {"x": 51.0, "y": 584.0}, {"x": 51.0, "y": 599.0}, {"x": 10.0, "y": 599.0}]}, "description": " TIP:"}, {"boundingPoly": {"vertices": [{"x": 8.0, "y": 614.0}, {"x": 65.0, "y": 614.0}, {"x": 65.0, "y": 629.0}, {"x": 8.0, "y": 629.0}]}, "description": " TOTAL"}, {"boundingPoly": {"vertices": [{"x": 67.0, "y": 614.0}, {"x": 76.0, "y": 614.0}, {"x": 76.0, "y": 629.0}, {"x": 67.0, "y": 629.0}]}, "description": " :"}, {"boundingPoly": {"vertices": [{"x": 15.0, "y": 658.0}, {"x": 54.0, "y": 658.0}, {"x": 54.0, "y": 673.0}, {"x": 15.0, "y": 673.0}]}, "description": " PLEASE"}, {"boundingPoly": {"vertices": [{"x": 56.0, "y": 658.0}, {"x": 89.0, "y": 658.0}, {"x": 89.0, "y": 673.0}, {"x": 56.0, "y": 673.0}]}, "description": " LEAVE"}, {"boundingPoly": {"vertices": [{"x": 92.0, "y": 658.0}, {"x": 129.0, "y": 658.0}, {"x": 129.0, "y": 673.0}, {"x": 92.0, "y": 673.0}]}, "description": " SIGNED"}, {"boundingPoly": {"vertices": [{"x": 132.0, "y": 659.0}, {"x": 218.0, "y": 659.0}, {"x": 218.0, "y": 674.0}, {"x": 132.0, "y": 674.0}]}, "description": " COPY FOR SERVER"}, {"boundingPoly": {"vertices": [{"x": 221.0, "y": 660.0}, {"x": 239.0, "y": 660.0}, {"x": 239.0, "y": 674.0}, {"x": 221.0, "y": 674.0}]}, "description": " !--"}, {"boundingPoly": {"vertices": [{"x": 27.0, "y": 688.0}, {"x": 56.0, "y": 688.0}, {"x": 56.0, "y": 702.0}, {"x": 27.0, "y": 702.0}]}, "description": " We'd"}, {"boundingPoly": {"vertices": [{"x": 30.0, "y": 705.0}, {"x": 229.0, "y": 705.0}, {"x": 229.0, "y": 719.0}, {"x": 30.0, "y": 717.0}]}, "description": "www.ccfsurvey.com"}, {"boundingPoly": {"vertices": [{"x": 47.0, "y": 719.0}, {"x": 224.0, "y": 719.0}, {"x": 224.0, "y": 734.0}, {"x": 47.0, "y": 734.0}]}, "description": " Enter this code within 5 days:"}, {"boundingPoly": {"vertices": [{"x": 89.0, "y": 733.0}, {"x": 183.0, "y": 733.0}, {"x": 183.0, "y": 747.0}, {"x": 89.0, "y": 747.0}]}, "description": "1197-10161-05024"}, {"boundingPoly": {"vertices": [{"x": 58.0, "y": 688.0}, {"x": 85.0, "y": 688.0}, {"x": 85.0, "y": 703.0}, {"x": 58.0, "y": 703.0}]}, "description": " love"}, {"boundingPoly": {"vertices": [{"x": 87.0, "y": 689.0}, {"x": 100.0, "y": 689.0}, {"x": 100.0, "y": 703.0}, {"x": 87.0, "y": 703.0}]}, "description": " to"}, {"boundingPoly": {"vertices": [{"x": 103.0, "y": 689.0}, {"x": 130.0, "y": 689.0}, {"x": 130.0, "y": 703.0}, {"x": 103.0, "y": 703.0}]}, "description": " hear"}, {"boundingPoly": {"vertices": [{"x": 133.0, "y": 690.0}, {"x": 195.0, "y": 690.0}, {"x": 195.0, "y": 704.0}, {"x": 133.0, "y": 704.0}]}, "description": " about your"}, {"boundingPoly": {"vertices": [{"x": 197.0, "y": 690.0}, {"x": 235.0, "y": 690.0}, {"x": 235.0, "y": 704.0}, {"x": 197.0, "y": 704.0}]}, "description": " visit!"}, {"boundingPoly": {"vertices": [{"x": 64.0, "y": 763.0}, {"x": 182.0, "y": 763.0}, {"x": 182.0, "y": 779.0}, {"x": 64.0, "y": 778.0}]}, "description": "Guest Copy"}]}