{"textAnnotations": [{"boundingPoly": {"vertices": [{"x": 265.0, "y": 113.0}, {"x": 306.0, "y": 114.0}, {"x": 305.0, "y": 136.0}, {"x": 265.0, "y": 136.0}]}, "description": "SSP"}, {"boundingPoly": {"vertices": [{"x": 252.0, "y": 140.0}, {"x": 430.0, "y": 140.0}, {"x": 430.0, "y": 163.0}, {"x": 252.0, "y": 163.0}]}, "description": "merchant name"}, {"boundingPoly": {"vertices": [{"x": 193.0, "y": 165.0}, {"x": 498.0, "y": 165.0}, {"x": 498.0, "y": 188.0}, {"x": 193.0, "y": 187.0}]}, "description": "merchant address"}, {"boundingPoly": {"vertices": [{"x": 279.0, "y": 191.0}, {"x": 410.0, "y": 190.0}, {"x": 410.0, "y": 212.0}, {"x": 279.0, "y": 213.0}]}, "description": "merchant address"}, {"boundingPoly": {"vertices": [{"x": 332.0, "y": 114.0}, {"x": 429.0, "y": 115.0}, {"x": 429.0, "y": 137.0}, {"x": 332.0, "y": 136.0}]}, "description": "America"}, {"boundingPoly": {"vertices": [{"x": 145.0, "y": 243.0}, {"x": 303.0, "y": 243.0}, {"x": 303.0, "y": 267.0}, {"x": 145.0, "y": 267.0}]}, "description": " 1455 Jaylen"}, {"boundingPoly": {"vertices": [{"x": 307.0, "y": 242.0}, {"x": 322.0, "y": 242.0}, {"x": 322.0, "y": 267.0}, {"x": 307.0, "y": 267.0}]}, "description": " L"}, {"boundingPoly": {"vertices": [{"x": 136.0, "y": 294.0}, {"x": 460.0, "y": 294.0}, {"x": 460.0, "y": 318.0}, {"x": 136.0, "y": 318.0}]}, "description": " Chk 3795 Nov04'19 12:57P"}, {"boundingPoly": {"vertices": [{"x": 479.0, "y": 295.0}, {"x": 529.0, "y": 295.0}, {"x": 528.0, "y": 317.0}, {"x": 479.0, "y": 315.0}]}, "description": "Gst"}, {"boundingPoly": {"vertices": [{"x": 548.0, "y": 295.0}, {"x": 564.0, "y": 296.0}, {"x": 563.0, "y": 316.0}, {"x": 547.0, "y": 316.0}]}, "description": "0"}, {"boundingPoly": {"vertices": [{"x": 192.0, "y": 345.0}, {"x": 289.0, "y": 345.0}, {"x": 289.0, "y": 365.0}, {"x": 192.0, "y": 365.0}]}, "description": " ** TO"}, {"boundingPoly": {"vertices": [{"x": 188.0, "y": 369.0}, {"x": 324.0, "y": 369.0}, {"x": 324.0, "y": 392.0}, {"x": 188.0, "y": 392.0}]}, "description": " WUW EggChs"}, {"boundingPoly": {"vertices": [{"x": 189.0, "y": 394.0}, {"x": 326.0, "y": 394.0}, {"x": 326.0, "y": 417.0}, {"x": 189.0, "y": 417.0}]}, "description": " WUW EggChs"}, {"boundingPoly": {"vertices": [{"x": 191.0, "y": 417.0}, {"x": 381.0, "y": 417.0}, {"x": 381.0, "y": 440.0}, {"x": 191.0, "y": 440.0}]}, "description": "NO CHEESE BOTH"}, {"boundingPoly": {"vertices": [{"x": 219.0, "y": 446.0}, {"x": 338.0, "y": 446.0}, {"x": 338.0, "y": 465.0}, {"x": 219.0, "y": 465.0}]}, "description": "spec prep"}, {"boundingPoly": {"vertices": [{"x": 188.0, "y": 468.0}, {"x": 260.0, "y": 468.0}, {"x": 260.0, "y": 491.0}, {"x": 188.0, "y": 491.0}]}, "description": " Donut"}, {"boundingPoly": {"vertices": [{"x": 188.0, "y": 493.0}, {"x": 210.0, "y": 493.0}, {"x": 210.0, "y": 515.0}, {"x": 188.0, "y": 515.0}]}, "description": " L"}, {"boundingPoly": {"vertices": [{"x": 177.0, "y": 516.0}, {"x": 436.0, "y": 516.0}, {"x": 436.0, "y": 538.0}, {"x": 177.0, "y": 539.0}]}, "description": "XXXXXXXXXXXXXXX2789"}, {"boundingPoly": {"vertices": [{"x": 192.0, "y": 543.0}, {"x": 341.0, "y": 543.0}, {"x": 341.0, "y": 564.0}, {"x": 192.0, "y": 565.0}]}, "description": "Master Card"}, {"boundingPoly": {"vertices": [{"x": 325.0, "y": 345.0}, {"x": 428.0, "y": 345.0}, {"x": 428.0, "y": 365.0}, {"x": 325.0, "y": 365.0}]}, "description": " GO **"}, {"boundingPoly": {"vertices": [{"x": 166.0, "y": 371.0}, {"x": 183.0, "y": 371.0}, {"x": 183.0, "y": 390.0}, {"x": 166.0, "y": 390.0}]}, "description": " 1"}, {"boundingPoly": {"vertices": [{"x": 166.0, "y": 395.0}, {"x": 181.0, "y": 395.0}, {"x": 181.0, "y": 413.0}, {"x": 166.0, "y": 413.0}]}, "description": " 1"}, {"boundingPoly": {"vertices": [{"x": 474.0, "y": 369.0}, {"x": 526.0, "y": 368.0}, {"x": 526.0, "y": 389.0}, {"x": 474.0, "y": 391.0}]}, "description": "1.49"}, {"boundingPoly": {"vertices": [{"x": 475.0, "y": 392.0}, {"x": 527.0, "y": 392.0}, {"x": 527.0, "y": 415.0}, {"x": 475.0, "y": 415.0}]}, "description": "1.49"}, {"boundingPoly": {"vertices": [{"x": 163.0, "y": 468.0}, {"x": 184.0, "y": 468.0}, {"x": 184.0, "y": 491.0}, {"x": 163.0, "y": 491.0}]}, "description": " 2"}, {"boundingPoly": {"vertices": [{"x": 165.0, "y": 493.0}, {"x": 185.0, "y": 493.0}, {"x": 185.0, "y": 515.0}, {"x": 165.0, "y": 515.0}]}, "description": " 1"}, {"boundingPoly": {"vertices": [{"x": 474.0, "y": 468.0}, {"x": 527.0, "y": 466.0}, {"x": 527.0, "y": 488.0}, {"x": 474.0, "y": 490.0}]}, "description": "2.38"}, {"boundingPoly": {"vertices": [{"x": 474.0, "y": 492.0}, {"x": 527.0, "y": 491.0}, {"x": 528.0, "y": 512.0}, {"x": 474.0, "y": 513.0}]}, "description": "2.69"}, {"boundingPoly": {"vertices": [{"x": 215.0, "y": 493.0}, {"x": 367.0, "y": 493.0}, {"x": 367.0, "y": 516.0}, {"x": 215.0, "y": 516.0}]}, "description": " Coffee Orig"}, {"boundingPoly": {"vertices": [{"x": 474.0, "y": 541.0}, {"x": 528.0, "y": 541.0}, {"x": 528.0, "y": 563.0}, {"x": 474.0, "y": 564.0}]}, "description": "8.74"}, {"boundingPoly": {"vertices": [{"x": 193.0, "y": 593.0}, {"x": 249.0, "y": 592.0}, {"x": 248.0, "y": 614.0}, {"x": 193.0, "y": 613.0}]}, "description": "Food"}, {"boundingPoly": {"vertices": [{"x": 193.0, "y": 617.0}, {"x": 276.0, "y": 617.0}, {"x": 276.0, "y": 638.0}, {"x": 193.0, "y": 638.0}]}, "description": "NA Bev"}, {"boundingPoly": {"vertices": [{"x": 196.0, "y": 642.0}, {"x": 239.0, "y": 642.0}, {"x": 239.0, "y": 661.0}, {"x": 195.0, "y": 662.0}]}, "description": "Tax"}, {"boundingPoly": {"vertices": [{"x": 195.0, "y": 667.0}, {"x": 288.0, "y": 666.0}, {"x": 288.0, "y": 688.0}, {"x": 195.0, "y": 688.0}]}, "description": "Payment"}, {"boundingPoly": {"vertices": [{"x": 475.0, "y": 590.0}, {"x": 528.0, "y": 589.0}, {"x": 529.0, "y": 611.0}, {"x": 475.0, "y": 613.0}]}, "description": "5.36"}, {"boundingPoly": {"vertices": [{"x": 476.0, "y": 616.0}, {"x": 528.0, "y": 615.0}, {"x": 529.0, "y": 636.0}, {"x": 476.0, "y": 636.0}]}, "description": "2.69"}, {"boundingPoly": {"vertices": [{"x": 475.0, "y": 639.0}, {"x": 528.0, "y": 638.0}, {"x": 528.0, "y": 659.0}, {"x": 475.0, "y": 660.0}]}, "description": "0.69"}, {"boundingPoly": {"vertices": [{"x": 476.0, "y": 663.0}, {"x": 530.0, "y": 663.0}, {"x": 530.0, "y": 685.0}, {"x": 476.0, "y": 685.0}]}, "description": "8.74"}, {"boundingPoly": {"vertices": [{"x": 221.0, "y": 715.0}, {"x": 504.0, "y": 712.0}, {"x": 504.0, "y": 736.0}, {"x": 221.0, "y": 740.0}]}, "description": "Gratuity Not Included"}, {"boundingPoly": {"vertices": [{"x": 221.0, "y": 766.0}, {"x": 505.0, "y": 764.0}, {"x": 505.0, "y": 787.0}, {"x": 221.0, "y": 789.0}]}, "description": "Gratuidad No Incluida"}, {"boundingPoly": {"vertices": [{"x": 258.0, "y": 789.0}, {"x": 548.0, "y": 789.0}, {"x": 548.0, "y": 815.0}, {"x": 258.0, "y": 815.0}]}, "description": " $500 Amazon Gift Card"}, {"boundingPoly": {"vertices": [{"x": 515.0, "y": 816.0}, {"x": 546.0, "y": 816.0}, {"x": 546.0, "y": 838.0}, {"x": 515.0, "y": 838.0}]}, "description": " us"}, {"boundingPoly": {"vertices": [{"x": 181.0, "y": 844.0}, {"x": 531.0, "y": 842.0}, {"x": 531.0, "y": 865.0}, {"x": 181.0, "y": 867.0}]}, "description": "about your visit and enter"}, {"boundingPoly": {"vertices": [{"x": 234.0, "y": 870.0}, {"x": 428.0, "y": 869.0}, {"x": 428.0, "y": 890.0}, {"x": 234.0, "y": 891.0}]}, "description": "our prize draw"}, {"boundingPoly": {"vertices": [{"x": 221.0, "y": 893.0}, {"x": 480.0, "y": 891.0}, {"x": 480.0, "y": 915.0}, {"x": 221.0, "y": 918.0}]}, "description": "See website for T&C"}, {"boundingPoly": {"vertices": [{"x": 207.0, "y": 921.0}, {"x": 521.0, "y": 918.0}, {"x": 521.0, "y": 941.0}, {"x": 207.0, "y": 943.0}]}, "description": "www.eatonthemove.com/US"}, {"boundingPoly": {"vertices": [{"x": 514.0, "y": 949.0}, {"x": 573.0, "y": 949.0}, {"x": 573.0, "y": 960.0}, {"x": 514.0, "y": 961.0}]}, "description": "-----"}, {"boundingPoly": {"vertices": [{"x": 168.0, "y": 792.0}, {"x": 213.0, "y": 792.0}, {"x": 213.0, "y": 815.0}, {"x": 168.0, "y": 815.0}]}, "description": " Win"}, {"boundingPoly": {"vertices": [{"x": 169.0, "y": 817.0}, {"x": 512.0, "y": 817.0}, {"x": 512.0, "y": 841.0}, {"x": 169.0, "y": 841.0}]}, "description": " Go to the website to tell"}, {"boundingPoly": {"vertices": [{"x": 219.0, "y": 792.0}, {"x": 242.0, "y": 792.0}, {"x": 242.0, "y": 815.0}, {"x": 219.0, "y": 815.0}]}, "description": " a"}, {"boundingPoly": {"vertices": [{"x": 249.0, "y": 970.0}, {"x": 379.0, "y": 970.0}, {"x": 379.0, "y": 993.0}, {"x": 249.0, "y": 993.0}]}, "description": " LOCATION:"}, {"boundingPoly": {"vertices": [{"x": 382.0, "y": 969.0}, {"x": 480.0, "y": 969.0}, {"x": 480.0, "y": 991.0}, {"x": 382.0, "y": 991.0}]}, "description": " 6301060"}, {"boundingPoly": {"vertices": [{"x": 167.0, "y": 1018.0}, {"x": 550.0, "y": 1013.0}, {"x": 550.0, "y": 1035.0}, {"x": 167.0, "y": 1041.0}]}, "description": "merchant phone"}]}