{"textAnnotations": [{"boundingPoly": {"vertices": [{"x": 978.0, "y": 399.0}, {"x": 1441.0, "y": 439.0}, {"x": 1438.0, "y": 506.0}, {"x": 974.0, "y": 481.0}]}, "description": "merchant name"}, {"boundingPoly": {"vertices": [{"x": 1024.0, "y": 516.0}, {"x": 1208.0, "y": 551.0}, {"x": 1205.0, "y": 580.0}, {"x": 1018.0, "y": 550.0}]}, "description": "merchant address"}, {"boundingPoly": {"vertices": [{"x": 979.0, "y": 614.0}, {"x": 1034.0, "y": 614.0}, {"x": 1034.0, "y": 650.0}, {"x": 979.0, "y": 650.0}]}, "description": " Check"}, {"boundingPoly": {"vertices": [{"x": 981.0, "y": 672.0}, {"x": 1048.0, "y": 672.0}, {"x": 1048.0, "y": 707.0}, {"x": 981.0, "y": 707.0}]}, "description": " Server"}, {"boundingPoly": {"vertices": [{"x": 459.0, "y": 444.0}, {"x": 774.0, "y": 455.0}, {"x": 773.0, "y": 483.0}, {"x": 458.0, "y": 473.0}]}, "description": "Customer Copy"}, {"boundingPoly": {"vertices": [{"x": 1065.0, "y": 502.0}, {"x": 1349.0, "y": 530.0}, {"x": 1345.0, "y": 565.0}, {"x": 1062.0, "y": 545.0}]}, "description": "merchant address"}, {"boundingPoly": {"vertices": [{"x": 1202.0, "y": 576.0}, {"x": 1262.0, "y": 576.0}, {"x": 1262.0, "y": 605.0}, {"x": 1202.0, "y": 605.0}]}, "description": "merchant phone"}, {"boundingPoly": {"vertices": [{"x": 1071.0, "y": 557.0}, {"x": 1181.0, "y": 571.0}, {"x": 1177.0, "y": 599.0}, {"x": 1067.0, "y": 586.0}]}, "description": "merchant phone"}, {"boundingPoly": {"vertices": [{"x": 1033.0, "y": 623.0}, {"x": 1122.0, "y": 623.0}, {"x": 1122.0, "y": 667.0}, {"x": 1033.0, "y": 667.0}]}, "description": " : 523533"}, {"boundingPoly": {"vertices": [{"x": 1207.0, "y": 550.0}, {"x": 1310.0, "y": 551.0}, {"x": 1310.0, "y": 581.0}, {"x": 1207.0, "y": 579.0}]}, "description": "NY"}, {"boundingPoly": {"vertices": [{"x": 1267.0, "y": 576.0}, {"x": 1372.0, "y": 576.0}, {"x": 1372.0, "y": 610.0}, {"x": 1267.0, "y": 610.0}]}, "description": "merchant phone"}, {"boundingPoly": {"vertices": [{"x": 353.0, "y": 657.0}, {"x": 899.0, "y": 683.0}, {"x": 898.0, "y": 748.0}, {"x": 349.0, "y": 727.0}]}, "description": "merchant name"}, {"boundingPoly": {"vertices": [{"x": 339.0, "y": 808.0}, {"x": 421.0, "y": 808.0}, {"x": 421.0, "y": 841.0}, {"x": 339.0, "y": 841.0}]}, "description": " Date:"}, {"boundingPoly": {"vertices": [{"x": 591.0, "y": 639.0}, {"x": 659.0, "y": 642.0}, {"x": 659.0, "y": 666.0}, {"x": 589.0, "y": 663.0}]}, "description": "merchant name"}, {"boundingPoly": {"vertices": [{"x": 980.0, "y": 641.0}, {"x": 1044.0, "y": 641.0}, {"x": 1044.0, "y": 678.0}, {"x": 980.0, "y": 678.0}]}, "description": " Table:"}, {"boundingPoly": {"vertices": [{"x": 985.0, "y": 695.0}, {"x": 1175.0, "y": 695.0}, {"x": 1175.0, "y": 747.0}, {"x": 985.0, "y": 747.0}]}, "description": " 11/10/19 07:09pm"}, {"boundingPoly": {"vertices": [{"x": 1015.0, "y": 783.0}, {"x": 1210.0, "y": 803.0}, {"x": 1208.0, "y": 829.0}, {"x": 1013.0, "y": 809.0}]}, "description": "2 Longboard Lager"}, {"boundingPoly": {"vertices": [{"x": 1020.0, "y": 833.0}, {"x": 1195.0, "y": 855.0}, {"x": 1194.0, "y": 880.0}, {"x": 1017.0, "y": 860.0}]}, "description": "1 Mhouse Burger"}, {"boundingPoly": {"vertices": [{"x": 1045.0, "y": 653.0}, {"x": 1081.0, "y": 653.0}, {"x": 1081.0, "y": 683.0}, {"x": 1045.0, "y": 683.0}]}, "description": " R9"}, {"boundingPoly": {"vertices": [{"x": 1048.0, "y": 682.0}, {"x": 1137.0, "y": 682.0}, {"x": 1137.0, "y": 715.0}, {"x": 1048.0, "y": 715.0}]}, "description": " : Gio PM"}, {"boundingPoly": {"vertices": [{"x": 456.0, "y": 734.0}, {"x": 821.0, "y": 750.0}, {"x": 819.0, "y": 799.0}, {"x": 454.0, "y": 785.0}]}, "description": "The Malt House"}, {"boundingPoly": {"vertices": [{"x": 425.0, "y": 813.0}, {"x": 540.0, "y": 813.0}, {"x": 540.0, "y": 846.0}, {"x": 425.0, "y": 846.0}]}, "description": " 11/10/19"}, {"boundingPoly": {"vertices": [{"x": 1017.0, "y": 810.0}, {"x": 1032.0, "y": 810.0}, {"x": 1032.0, "y": 839.0}, {"x": 1017.0, "y": 839.0}]}, "description": " 1"}, {"boundingPoly": {"vertices": [{"x": 1034.0, "y": 812.0}, {"x": 1160.0, "y": 812.0}, {"x": 1160.0, "y": 851.0}, {"x": 1034.0, "y": 851.0}]}, "description": " Fish Tacos"}, {"boundingPoly": {"vertices": [{"x": 1025.0, "y": 862.0}, {"x": 1141.0, "y": 874.0}, {"x": 1138.0, "y": 902.0}, {"x": 1022.0, "y": 890.0}]}, "description": "1 Beignets"}, {"boundingPoly": {"vertices": [{"x": 1119.0, "y": 929.0}, {"x": 1214.0, "y": 929.0}, {"x": 1214.0, "y": 956.0}, {"x": 1119.0, "y": 956.0}]}, "description": " Subtotal"}, {"boundingPoly": {"vertices": [{"x": 1177.0, "y": 958.0}, {"x": 1221.0, "y": 958.0}, {"x": 1221.0, "y": 981.0}, {"x": 1177.0, "y": 981.0}]}, "description": " Tax:"}, {"boundingPoly": {"vertices": [{"x": 1116.0, "y": 982.0}, {"x": 1243.0, "y": 982.0}, {"x": 1243.0, "y": 1008.0}, {"x": 1116.0, "y": 1008.0}]}, "description": " Sub w/Tax:"}, {"boundingPoly": {"vertices": [{"x": 1235.0, "y": 1009.0}, {"x": 1250.0, "y": 1009.0}, {"x": 1250.0, "y": 1033.0}, {"x": 1235.0, "y": 1033.0}]}, "description": " :"}, {"boundingPoly": {"vertices": [{"x": 1410.0, "y": 801.0}, {"x": 1482.0, "y": 801.0}, {"x": 1483.0, "y": 822.0}, {"x": 1410.0, "y": 824.0}]}, "description": "$18.00"}, {"boundingPoly": {"vertices": [{"x": 1418.0, "y": 825.0}, {"x": 1490.0, "y": 823.0}, {"x": 1491.0, "y": 842.0}, {"x": 1418.0, "y": 844.0}]}, "description": "$20.00"}, {"boundingPoly": {"vertices": [{"x": 1425.0, "y": 847.0}, {"x": 1501.0, "y": 845.0}, {"x": 1502.0, "y": 865.0}, {"x": 1426.0, "y": 868.0}]}, "description": "$20.00"}, {"boundingPoly": {"vertices": [{"x": 1436.0, "y": 875.0}, {"x": 1501.0, "y": 869.0}, {"x": 1505.0, "y": 894.0}, {"x": 1438.0, "y": 900.0}]}, "description": "$9. 00"}, {"boundingPoly": {"vertices": [{"x": 586.0, "y": 823.0}, {"x": 660.0, "y": 823.0}, {"x": 660.0, "y": 851.0}, {"x": 586.0, "y": 851.0}]}, "description": " Time:"}, {"boundingPoly": {"vertices": [{"x": 664.0, "y": 823.0}, {"x": 764.0, "y": 823.0}, {"x": 764.0, "y": 853.0}, {"x": 664.0, "y": 853.0}]}, "description": " 07:11pm"}, {"boundingPoly": {"vertices": [{"x": 547.0, "y": 848.0}, {"x": 724.0, "y": 853.0}, {"x": 723.0, "y": 878.0}, {"x": 546.0, "y": 875.0}]}, "description": "merchant address"}, {"boundingPoly": {"vertices": [{"x": 505.0, "y": 877.0}, {"x": 750.0, "y": 878.0}, {"x": 750.0, "y": 905.0}, {"x": 505.0, "y": 904.0}]}, "description": "merchant address"}, {"boundingPoly": {"vertices": [{"x": 551.0, "y": 907.0}, {"x": 723.0, "y": 906.0}, {"x": 723.0, "y": 933.0}, {"x": 551.0, "y": 934.0}]}, "description": "merchant phone"}, {"boundingPoly": {"vertices": [{"x": 1218.0, "y": 932.0}, {"x": 1232.0, "y": 932.0}, {"x": 1232.0, "y": 956.0}, {"x": 1218.0, "y": 956.0}]}, "description": " :"}, {"boundingPoly": {"vertices": [{"x": 1424.0, "y": 932.0}, {"x": 1500.0, "y": 931.0}, {"x": 1500.0, "y": 955.0}, {"x": 1424.0, "y": 956.0}]}, "description": "$67.00"}, {"boundingPoly": {"vertices": [{"x": 1436.0, "y": 958.0}, {"x": 1511.0, "y": 957.0}, {"x": 1513.0, "y": 982.0}, {"x": 1438.0, "y": 983.0}]}, "description": "$5. 95"}, {"boundingPoly": {"vertices": [{"x": 1427.0, "y": 985.0}, {"x": 1513.0, "y": 984.0}, {"x": 1514.0, "y": 1010.0}, {"x": 1427.0, "y": 1012.0}]}, "description": "$72.95"}, {"boundingPoly": {"vertices": [{"x": 1225.0, "y": 958.0}, {"x": 1234.0, "y": 958.0}, {"x": 1234.0, "y": 980.0}, {"x": 1225.0, "y": 980.0}]}, "description": " :"}, {"boundingPoly": {"vertices": [{"x": 333.0, "y": 990.0}, {"x": 425.0, "y": 990.0}, {"x": 425.0, "y": 1020.0}, {"x": 333.0, "y": 1020.0}]}, "description": " Check:"}, {"boundingPoly": {"vertices": [{"x": 328.0, "y": 1020.0}, {"x": 465.0, "y": 1023.0}, {"x": 464.0, "y": 1052.0}, {"x": 327.0, "y": 1049.0}]}, "description": "Card Type"}, {"boundingPoly": {"vertices": [{"x": 324.0, "y": 1051.0}, {"x": 489.0, "y": 1055.0}, {"x": 488.0, "y": 1082.0}, {"x": 323.0, "y": 1077.0}]}, "description": "Card Number"}, {"boundingPoly": {"vertices": [{"x": 430.0, "y": 992.0}, {"x": 522.0, "y": 992.0}, {"x": 522.0, "y": 1023.0}, {"x": 430.0, "y": 1023.0}]}, "description": " 523533"}, {"boundingPoly": {"vertices": [{"x": 576.0, "y": 1026.0}, {"x": 605.0, "y": 1026.0}, {"x": 606.0, "y": 1047.0}, {"x": 576.0, "y": 1047.0}]}, "description": "AX"}, {"boundingPoly": {"vertices": [{"x": 1173.0, "y": 1010.0}, {"x": 1231.0, "y": 1010.0}, {"x": 1231.0, "y": 1034.0}, {"x": 1173.0, "y": 1034.0}]}, "description": " Total"}, {"boundingPoly": {"vertices": [{"x": 1372.0, "y": 1010.0}, {"x": 1515.0, "y": 1009.0}, {"x": 1515.0, "y": 1038.0}, {"x": 1372.0, "y": 1038.0}]}, "description": "$72. 95"}, {"boundingPoly": {"vertices": [{"x": 573.0, "y": 1050.0}, {"x": 783.0, "y": 1040.0}, {"x": 784.0, "y": 1063.0}, {"x": 574.0, "y": 1072.0}]}, "description": "*********** 3001"}, {"boundingPoly": {"vertices": [{"x": 568.0, "y": 1077.0}, {"x": 645.0, "y": 1076.0}, {"x": 647.0, "y": 1101.0}, {"x": 568.0, "y": 1103.0}]}, "description": "##/##"}, {"boundingPoly": {"vertices": [{"x": 321.0, "y": 1079.0}, {"x": 553.0, "y": 1082.0}, {"x": 553.0, "y": 1114.0}, {"x": 321.0, "y": 1112.0}]}, "description": "Expiration Date"}, {"boundingPoly": {"vertices": [{"x": 1124.0, "y": 1094.0}, {"x": 1478.0, "y": 1095.0}, {"x": 1478.0, "y": 1149.0}, {"x": 1124.0, "y": 1148.0}]}, "description": "THE MALT HOUSE"}, {"boundingPoly": {"vertices": [{"x": 1049.0, "y": 1184.0}, {"x": 1552.0, "y": 1183.0}, {"x": 1552.0, "y": 1218.0}, {"x": 1049.0, "y": 1219.0}]}, "description": "OUR HOUSE, YOUR HOME"}, {"boundingPoly": {"vertices": [{"x": 311.0, "y": 1254.0}, {"x": 408.0, "y": 1253.0}, {"x": 408.0, "y": 1279.0}, {"x": 311.0, "y": 1281.0}]}, "description": "Amount"}, {"boundingPoly": {"vertices": [{"x": 632.0, "y": 1234.0}, {"x": 723.0, "y": 1231.0}, {"x": 724.0, "y": 1261.0}, {"x": 632.0, "y": 1265.0}]}, "description": "$72. 95"}, {"boundingPoly": {"vertices": [{"x": 1201.0, "y": 1255.0}, {"x": 1383.0, "y": 1252.0}, {"x": 1384.0, "y": 1280.0}, {"x": 1201.0, "y": 1285.0}]}, "description": "JOIN US"}, {"boundingPoly": {"vertices": [{"x": 1036.0, "y": 1308.0}, {"x": 1530.0, "y": 1305.0}, {"x": 1531.0, "y": 1328.0}, {"x": 1036.0, "y": 1334.0}]}, "description": "SATURDAY AND SUNDAY\u00ab"}, {"boundingPoly": {"vertices": [{"x": 1032.0, "y": 1284.0}, {"x": 1521.0, "y": 1281.0}, {"x": 1521.0, "y": 1307.0}, {"x": 1032.0, "y": 1311.0}]}, "description": "FOR UNLIMITED BRUNCH"}, {"boundingPoly": {"vertices": [{"x": 494.0, "y": 1336.0}, {"x": 578.0, "y": 1336.0}, {"x": 578.0, "y": 1381.0}, {"x": 494.0, "y": 1381.0}]}, "description": " Tip:"}, {"boundingPoly": {"vertices": [{"x": 560.0, "y": 1319.0}, {"x": 763.0, "y": 1305.0}, {"x": 767.0, "y": 1353.0}, {"x": 564.0, "y": 1370.0}]}, "description": "$13.40"}, {"boundingPoly": {"vertices": [{"x": 585.0, "y": 1418.0}, {"x": 761.0, "y": 1418.0}, {"x": 761.0, "y": 1487.0}, {"x": 585.0, "y": 1487.0}]}, "description": " $86 . 35"}, {"boundingPoly": {"vertices": [{"x": 464.0, "y": 1438.0}, {"x": 577.0, "y": 1438.0}, {"x": 577.0, "y": 1499.0}, {"x": 464.0, "y": 1499.0}]}, "description": " Total:"}, {"boundingPoly": {"vertices": [{"x": 560.0, "y": 1585.0}, {"x": 873.0, "y": 1585.0}, {"x": 873.0, "y": 1639.0}, {"x": 560.0, "y": 1639.0}]}, "description": " MALT HOUSE"}, {"boundingPoly": {"vertices": [{"x": 661.0, "y": 1645.0}, {"x": 811.0, "y": 1645.0}, {"x": 811.0, "y": 1686.0}, {"x": 661.0, "y": 1686.0}]}, "description": " YOUR HOME"}, {"boundingPoly": {"vertices": [{"x": 486.0, "y": 1695.0}, {"x": 886.0, "y": 1695.0}, {"x": 886.0, "y": 1764.0}, {"x": 486.0, "y": 1764.0}]}, "description": " US FOR UNLIMITED BRUNCH"}, {"boundingPoly": {"vertices": [{"x": 441.0, "y": 1611.0}, {"x": 528.0, "y": 1611.0}, {"x": 528.0, "y": 1648.0}, {"x": 441.0, "y": 1648.0}]}, "description": " THE"}, {"boundingPoly": {"vertices": [{"x": 476.0, "y": 1668.0}, {"x": 538.0, "y": 1668.0}, {"x": 538.0, "y": 1702.0}, {"x": 476.0, "y": 1702.0}]}, "description": " OUR"}, {"boundingPoly": {"vertices": [{"x": 542.0, "y": 1657.0}, {"x": 656.0, "y": 1657.0}, {"x": 656.0, "y": 1696.0}, {"x": 542.0, "y": 1696.0}]}, "description": " HOUSE,"}, {"boundingPoly": {"vertices": [{"x": 404.0, "y": 1733.0}, {"x": 482.0, "y": 1733.0}, {"x": 482.0, "y": 1774.0}, {"x": 404.0, "y": 1774.0}]}, "description": " JOIN"}, {"boundingPoly": {"vertices": [{"x": 488.0, "y": 1751.0}, {"x": 641.0, "y": 1751.0}, {"x": 641.0, "y": 1798.0}, {"x": 488.0, "y": 1798.0}]}, "description": " SATURDAY"}, {"boundingPoly": {"vertices": [{"x": 644.0, "y": 1744.0}, {"x": 710.0, "y": 1744.0}, {"x": 710.0, "y": 1783.0}, {"x": 644.0, "y": 1783.0}]}, "description": " AND"}, {"boundingPoly": {"vertices": [{"x": 713.0, "y": 1733.0}, {"x": 822.0, "y": 1733.0}, {"x": 822.0, "y": 1776.0}, {"x": 713.0, "y": 1776.0}]}, "description": " SUNDAY"}, {"boundingPoly": {"vertices": [{"x": 1298.0, "y": 1869.0}, {"x": 1509.0, "y": 1728.0}, {"x": 1535.0, "y": 1811.0}, {"x": 1347.0, "y": 1946.0}]}, "description": "\u57fa\u91d1\u91d1"}]}