{"textAnnotations": [{"boundingPoly": {"vertices": [{"x": 808.0, "y": 537.0}, {"x": 898.0, "y": 539.0}, {"x": 895.0, "y": 590.0}, {"x": 808.0, "y": 588.0}]}, "description": "#C1"}, {"boundingPoly": {"vertices": [{"x": 951.0, "y": 541.0}, {"x": 1078.0, "y": 541.0}, {"x": 1078.0, "y": 600.0}, {"x": 951.0, "y": 600.0}]}, "description": " ( \u5802 \u98df"}, {"boundingPoly": {"vertices": [{"x": 924.0, "y": 626.0}, {"x": 1259.0, "y": 631.0}, {"x": 1259.0, "y": 661.0}, {"x": 923.0, "y": 656.0}]}, "description": "merchant address"}, {"boundingPoly": {"vertices": [{"x": 989.0, "y": 663.0}, {"x": 1191.0, "y": 666.0}, {"x": 1190.0, "y": 692.0}, {"x": 989.0, "y": 689.0}]}, "description": "merchant address"}, {"boundingPoly": {"vertices": [{"x": 968.0, "y": 696.0}, {"x": 1028.0, "y": 696.0}, {"x": 1028.0, "y": 725.0}, {"x": 968.0, "y": 725.0}]}, "description": " Tel:"}, {"boundingPoly": {"vertices": [{"x": 986.0, "y": 731.0}, {"x": 1060.0, "y": 731.0}, {"x": 1060.0, "y": 761.0}, {"x": 986.0, "y": 761.0}]}, "description": " HST#:"}, {"boundingPoly": {"vertices": [{"x": 1091.0, "y": 543.0}, {"x": 1096.0, "y": 543.0}, {"x": 1096.0, "y": 600.0}, {"x": 1091.0, "y": 600.0}]}, "description": " )"}, {"boundingPoly": {"vertices": [{"x": 969.0, "y": 594.0}, {"x": 1210.0, "y": 597.0}, {"x": 1210.0, "y": 624.0}, {"x": 969.0, "y": 621.0}]}, "description": "merchant name"}, {"boundingPoly": {"vertices": [{"x": 1033.0, "y": 697.0}, {"x": 1210.0, "y": 697.0}, {"x": 1210.0, "y": 727.0}, {"x": 1033.0, "y": 727.0}]}, "description": "merchant phone"}, {"boundingPoly": {"vertices": [{"x": 1066.0, "y": 732.0}, {"x": 1191.0, "y": 732.0}, {"x": 1191.0, "y": 763.0}, {"x": 1066.0, "y": 763.0}]}, "description": " 745543116"}, {"boundingPoly": {"vertices": [{"x": 825.0, "y": 768.0}, {"x": 893.0, "y": 769.0}, {"x": 893.0, "y": 789.0}, {"x": 824.0, "y": 786.0}]}, "description": "====="}, {"boundingPoly": {"vertices": [{"x": 930.0, "y": 799.0}, {"x": 1054.0, "y": 801.0}, {"x": 1053.0, "y": 830.0}, {"x": 929.0, "y": 829.0}]}, "description": "11/7/2019"}, {"boundingPoly": {"vertices": [{"x": 890.0, "y": 833.0}, {"x": 991.0, "y": 833.0}, {"x": 991.0, "y": 865.0}, {"x": 890.0, "y": 865.0}]}, "description": " Server:"}, {"boundingPoly": {"vertices": [{"x": 1100.0, "y": 802.0}, {"x": 1175.0, "y": 802.0}, {"x": 1175.0, "y": 834.0}, {"x": 1100.0, "y": 834.0}]}, "description": " Time:"}, {"boundingPoly": {"vertices": [{"x": 1133.0, "y": 839.0}, {"x": 1244.0, "y": 839.0}, {"x": 1244.0, "y": 868.0}, {"x": 1133.0, "y": 868.0}]}, "description": " Table #:"}, {"boundingPoly": {"vertices": [{"x": 1179.0, "y": 803.0}, {"x": 1250.0, "y": 803.0}, {"x": 1250.0, "y": 834.0}, {"x": 1179.0, "y": 834.0}]}, "description": " 17:29"}, {"boundingPoly": {"vertices": [{"x": 995.0, "y": 836.0}, {"x": 1097.0, "y": 836.0}, {"x": 1097.0, "y": 867.0}, {"x": 995.0, "y": 867.0}]}, "description": " cashier"}, {"boundingPoly": {"vertices": [{"x": 1248.0, "y": 839.0}, {"x": 1281.0, "y": 839.0}, {"x": 1281.0, "y": 869.0}, {"x": 1248.0, "y": 869.0}]}, "description": " C1"}, {"boundingPoly": {"vertices": [{"x": 807.0, "y": 904.0}, {"x": 831.0, "y": 904.0}, {"x": 831.0, "y": 930.0}, {"x": 807.0, "y": 930.0}]}, "description": " 1"}, {"boundingPoly": {"vertices": [{"x": 842.0, "y": 904.0}, {"x": 1223.0, "y": 904.0}, {"x": 1223.0, "y": 939.0}, {"x": 842.0, "y": 939.0}]}, "description": " Fried Rice Noodle Thai Style"}, {"boundingPoly": {"vertices": [{"x": 850.0, "y": 939.0}, {"x": 955.0, "y": 940.0}, {"x": 954.0, "y": 967.0}, {"x": 850.0, "y": 966.0}]}, "description": "\u6cf0\u5f0f\u7092\u6cb3"}, {"boundingPoly": {"vertices": [{"x": 842.0, "y": 974.0}, {"x": 1141.0, "y": 974.0}, {"x": 1141.0, "y": 1004.0}, {"x": 842.0, "y": 1004.0}]}, "description": " FXO Pork Neck mushroom"}, {"boundingPoly": {"vertices": [{"x": 850.0, "y": 1006.0}, {"x": 977.0, "y": 1006.0}, {"x": 977.0, "y": 1037.0}, {"x": 850.0, "y": 1037.0}]}, "description": " X0 \u96d9 \u83c7 \u7092 \u732a"}, {"boundingPoly": {"vertices": [{"x": 839.0, "y": 1041.0}, {"x": 981.0, "y": 1041.0}, {"x": 981.0, "y": 1070.0}, {"x": 839.0, "y": 1070.0}]}, "description": " Steam Rice"}, {"boundingPoly": {"vertices": [{"x": 847.0, "y": 1077.0}, {"x": 900.0, "y": 1077.0}, {"x": 899.0, "y": 1104.0}, {"x": 847.0, "y": 1104.0}]}, "description": "\u767d\u98ef"}, {"boundingPoly": {"vertices": [{"x": 879.0, "y": 1119.0}, {"x": 911.0, "y": 1119.0}, {"x": 911.0, "y": 1125.0}, {"x": 879.0, "y": 1125.0}]}, "description": "--"}, {"boundingPoly": {"vertices": [{"x": 1286.0, "y": 911.0}, {"x": 1354.0, "y": 911.0}, {"x": 1355.0, "y": 940.0}, {"x": 1287.0, "y": 940.0}]}, "description": "13.95"}, {"boundingPoly": {"vertices": [{"x": 806.0, "y": 973.0}, {"x": 828.0, "y": 973.0}, {"x": 828.0, "y": 997.0}, {"x": 806.0, "y": 997.0}]}, "description": " 1"}, {"boundingPoly": {"vertices": [{"x": 1288.0, "y": 982.0}, {"x": 1357.0, "y": 983.0}, {"x": 1356.0, "y": 1009.0}, {"x": 1288.0, "y": 1008.0}]}, "description": "18.95"}, {"boundingPoly": {"vertices": [{"x": 1012.0, "y": 1009.0}, {"x": 1030.0, "y": 1009.0}, {"x": 1030.0, "y": 1039.0}, {"x": 1012.0, "y": 1039.0}]}, "description": " \u8089"}, {"boundingPoly": {"vertices": [{"x": 804.0, "y": 1041.0}, {"x": 829.0, "y": 1041.0}, {"x": 829.0, "y": 1068.0}, {"x": 804.0, "y": 1068.0}]}, "description": " 1"}, {"boundingPoly": {"vertices": [{"x": 1297.0, "y": 1049.0}, {"x": 1355.0, "y": 1050.0}, {"x": 1354.0, "y": 1079.0}, {"x": 1296.0, "y": 1079.0}]}, "description": "2.50"}, {"boundingPoly": {"vertices": [{"x": 804.0, "y": 1118.0}, {"x": 817.0, "y": 1118.0}, {"x": 818.0, "y": 1124.0}, {"x": 804.0, "y": 1124.0}]}, "description": "--"}, {"boundingPoly": {"vertices": [{"x": 1066.0, "y": 1119.0}, {"x": 1127.0, "y": 1119.0}, {"x": 1126.0, "y": 1140.0}, {"x": 1066.0, "y": 1139.0}]}, "description": "===="}, {"boundingPoly": {"vertices": [{"x": 1069.0, "y": 1151.0}, {"x": 1201.0, "y": 1151.0}, {"x": 1201.0, "y": 1180.0}, {"x": 1069.0, "y": 1180.0}]}, "description": " Sub Total:"}, {"boundingPoly": {"vertices": [{"x": 1148.0, "y": 1188.0}, {"x": 1183.0, "y": 1188.0}, {"x": 1183.0, "y": 1212.0}, {"x": 1148.0, "y": 1212.0}]}, "description": " HST"}, {"boundingPoly": {"vertices": [{"x": 1238.0, "y": 1126.0}, {"x": 1317.0, "y": 1128.0}, {"x": 1317.0, "y": 1135.0}, {"x": 1238.0, "y": 1133.0}]}, "description": "-------"}, {"boundingPoly": {"vertices": [{"x": 1242.0, "y": 1132.0}, {"x": 1289.0, "y": 1133.0}, {"x": 1289.0, "y": 1140.0}, {"x": 1242.0, "y": 1139.0}]}, "description": "-----"}, {"boundingPoly": {"vertices": [{"x": 1320.0, "y": 1128.0}, {"x": 1337.0, "y": 1128.0}, {"x": 1337.0, "y": 1134.0}, {"x": 1319.0, "y": 1134.0}]}, "description": "--"}, {"boundingPoly": {"vertices": [{"x": 1241.0, "y": 1155.0}, {"x": 1323.0, "y": 1155.0}, {"x": 1323.0, "y": 1180.0}, {"x": 1241.0, "y": 1180.0}]}, "description": "$35.40"}, {"boundingPoly": {"vertices": [{"x": 1253.0, "y": 1191.0}, {"x": 1322.0, "y": 1191.0}, {"x": 1323.0, "y": 1216.0}, {"x": 1254.0, "y": 1215.0}]}, "description": "$4.60"}, {"boundingPoly": {"vertices": [{"x": 1188.0, "y": 1188.0}, {"x": 1198.0, "y": 1188.0}, {"x": 1198.0, "y": 1212.0}, {"x": 1188.0, "y": 1212.0}]}, "description": " :"}, {"boundingPoly": {"vertices": [{"x": 1078.0, "y": 1253.0}, {"x": 1348.0, "y": 1257.0}, {"x": 1348.0, "y": 1290.0}, {"x": 1077.0, "y": 1286.0}]}, "description": "RoundUp Total $40.00"}, {"boundingPoly": {"vertices": [{"x": 1164.0, "y": 1291.0}, {"x": 1336.0, "y": 1291.0}, {"x": 1336.0, "y": 1347.0}, {"x": 1164.0, "y": 1347.0}]}, "description": " $40.00"}, {"boundingPoly": {"vertices": [{"x": 884.0, "y": 1387.0}, {"x": 1275.0, "y": 1395.0}, {"x": 1274.0, "y": 1428.0}, {"x": 883.0, "y": 1420.0}]}, "description": "Thank You, Please Come Again!"}, {"boundingPoly": {"vertices": [{"x": 983.0, "y": 1286.0}, {"x": 1154.0, "y": 1286.0}, {"x": 1154.0, "y": 1344.0}, {"x": 983.0, "y": 1344.0}]}, "description": " Total:"}]}