{"textAnnotations": [{"boundingPoly": {"vertices": [{"x": 546.0, "y": 486.0}, {"x": 1137.0, "y": 478.0}, {"x": 1137.0, "y": 543.0}, {"x": 546.0, "y": 550.0}]}, "description": "merchant name"}, {"boundingPoly": {"vertices": [{"x": 798.0, "y": 561.0}, {"x": 865.0, "y": 561.0}, {"x": 864.0, "y": 615.0}, {"x": 801.0, "y": 616.0}]}, "description": "at"}, {"boundingPoly": {"vertices": [{"x": 366.0, "y": 609.0}, {"x": 1293.0, "y": 614.0}, {"x": 1293.0, "y": 704.0}, {"x": 365.0, "y": 699.0}]}, "description": "merchant address"}, {"boundingPoly": {"vertices": [{"x": 731.0, "y": 703.0}, {"x": 1039.0, "y": 703.0}, {"x": 1039.0, "y": 771.0}, {"x": 731.0, "y": 771.0}]}, "description": "merchant phone"}, {"boundingPoly": {"vertices": [{"x": 597.0, "y": 708.0}, {"x": 720.0, "y": 708.0}, {"x": 720.0, "y": 771.0}, {"x": 597.0, "y": 771.0}]}, "description": " Tel:"}, {"boundingPoly": {"vertices": [{"x": 299.0, "y": 825.0}, {"x": 663.0, "y": 860.0}, {"x": 657.0, "y": 919.0}, {"x": 293.0, "y": 883.0}]}, "description": "200011 Jack D"}, {"boundingPoly": {"vertices": [{"x": 272.0, "y": 919.0}, {"x": 370.0, "y": 921.0}, {"x": 370.0, "y": 942.0}, {"x": 272.0, "y": 939.0}]}, "description": "-- --"}, {"boundingPoly": {"vertices": [{"x": 988.0, "y": 941.0}, {"x": 1053.0, "y": 941.0}, {"x": 1053.0, "y": 960.0}, {"x": 988.0, "y": 960.0}]}, "description": " ---"}, {"boundingPoly": {"vertices": [{"x": 1065.0, "y": 940.0}, {"x": 1084.0, "y": 940.0}, {"x": 1084.0, "y": 960.0}, {"x": 1065.0, "y": 960.0}]}, "description": " -"}, {"boundingPoly": {"vertices": [{"x": 1333.0, "y": 932.0}, {"x": 1406.0, "y": 930.0}, {"x": 1407.0, "y": 949.0}, {"x": 1333.0, "y": 952.0}]}, "description": "- - -"}, {"boundingPoly": {"vertices": [{"x": 265.0, "y": 969.0}, {"x": 498.0, "y": 975.0}, {"x": 496.0, "y": 1035.0}, {"x": 263.0, "y": 1028.0}]}, "description": "Chk 5789"}, {"boundingPoly": {"vertices": [{"x": 1407.0, "y": 982.0}, {"x": 1411.0, "y": 1034.0}, {"x": 1384.0, "y": 1038.0}, {"x": 1379.0, "y": 987.0}]}, "description": "O"}, {"boundingPoly": {"vertices": [{"x": 765.0, "y": 990.0}, {"x": 1204.0, "y": 990.0}, {"x": 1204.0, "y": 1061.0}, {"x": 765.0, "y": 1061.0}]}, "description": " 27Nov 19 13:59"}, {"boundingPoly": {"vertices": [{"x": 894.0, "y": 1075.0}, {"x": 1126.0, "y": 1080.0}, {"x": 1125.0, "y": 1104.0}, {"x": 894.0, "y": 1100.0}]}, "description": "--------"}, {"boundingPoly": {"vertices": [{"x": 1223.0, "y": 992.0}, {"x": 1338.0, "y": 989.0}, {"x": 1338.0, "y": 1045.0}, {"x": 1223.0, "y": 1046.0}]}, "description": "Gst"}, {"boundingPoly": {"vertices": [{"x": 326.0, "y": 1109.0}, {"x": 363.0, "y": 1109.0}, {"x": 363.0, "y": 1172.0}, {"x": 326.0, "y": 1172.0}]}, "description": " 1"}, {"boundingPoly": {"vertices": [{"x": 323.0, "y": 1188.0}, {"x": 363.0, "y": 1188.0}, {"x": 363.0, "y": 1248.0}, {"x": 323.0, "y": 1248.0}]}, "description": " 1"}, {"boundingPoly": {"vertices": [{"x": 349.0, "y": 1255.0}, {"x": 720.0, "y": 1254.0}, {"x": 720.0, "y": 1317.0}, {"x": 349.0, "y": 1318.0}]}, "description": "CHARGE POSTED"}, {"boundingPoly": {"vertices": [{"x": 380.0, "y": 1335.0}, {"x": 503.0, "y": 1335.0}, {"x": 503.0, "y": 1391.0}, {"x": 381.0, "y": 1390.0}]}, "description": "Visa"}, {"boundingPoly": {"vertices": [{"x": 374.0, "y": 1111.0}, {"x": 802.0, "y": 1111.0}, {"x": 802.0, "y": 1197.0}, {"x": 374.0, "y": 1197.0}]}, "description": " Chef Spec 13.95"}, {"boundingPoly": {"vertices": [{"x": 373.0, "y": 1186.0}, {"x": 729.0, "y": 1186.0}, {"x": 729.0, "y": 1260.0}, {"x": 373.0, "y": 1260.0}]}, "description": " Can Minerals"}, {"boundingPoly": {"vertices": [{"x": 1181.0, "y": 1133.0}, {"x": 1322.0, "y": 1129.0}, {"x": 1324.0, "y": 1181.0}, {"x": 1182.0, "y": 1190.0}]}, "description": "13.95"}, {"boundingPoly": {"vertices": [{"x": 1205.0, "y": 1201.0}, {"x": 1319.0, "y": 1198.0}, {"x": 1319.0, "y": 1251.0}, {"x": 1206.0, "y": 1253.0}]}, "description": "1.50"}, {"boundingPoly": {"vertices": [{"x": 1170.0, "y": 1330.0}, {"x": 1310.0, "y": 1329.0}, {"x": 1311.0, "y": 1384.0}, {"x": 1171.0, "y": 1387.0}]}, "description": "15.45"}, {"boundingPoly": {"vertices": [{"x": 382.0, "y": 1468.0}, {"x": 611.0, "y": 1464.0}, {"x": 613.0, "y": 1523.0}, {"x": 382.0, "y": 1529.0}]}, "description": "Subtotal"}, {"boundingPoly": {"vertices": [{"x": 376.0, "y": 1542.0}, {"x": 579.0, "y": 1537.0}, {"x": 581.0, "y": 1598.0}, {"x": 376.0, "y": 1605.0}]}, "description": "Payment"}, {"boundingPoly": {"vertices": [{"x": 1161.0, "y": 1463.0}, {"x": 1308.0, "y": 1461.0}, {"x": 1305.0, "y": 1520.0}, {"x": 1164.0, "y": 1521.0}]}, "description": "15.45"}, {"boundingPoly": {"vertices": [{"x": 1159.0, "y": 1532.0}, {"x": 1305.0, "y": 1530.0}, {"x": 1302.0, "y": 1586.0}, {"x": 1160.0, "y": 1582.0}]}, "description": "15.45"}]}