{"textAnnotations": [{"boundingPoly": {"vertices": [{"x": 92.0, "y": 69.0}, {"x": 105.0, "y": 69.0}, {"x": 105.0, "y": 81.0}, {"x": 92.0, "y": 81.0}]}, "description": "merchant name"}, {"boundingPoly": {"vertices": [{"x": 92.0, "y": 82.0}, {"x": 147.0, "y": 83.0}, {"x": 147.0, "y": 102.0}, {"x": 91.0, "y": 102.0}]}, "description": "merchant name"}, {"boundingPoly": {"vertices": [{"x": 107.0, "y": 69.0}, {"x": 150.0, "y": 69.0}, {"x": 150.0, "y": 82.0}, {"x": 107.0, "y": 82.0}]}, "description": "merchant name"}, {"boundingPoly": {"vertices": [{"x": 356.0, "y": 66.0}, {"x": 368.0, "y": 66.0}, {"x": 368.0, "y": 78.0}, {"x": 356.0, "y": 78.0}]}, "description": "merchant name"}, {"boundingPoly": {"vertices": [{"x": 356.0, "y": 78.0}, {"x": 410.0, "y": 78.0}, {"x": 410.0, "y": 99.0}, {"x": 355.0, "y": 98.0}]}, "description": "merchant name"}, {"boundingPoly": {"vertices": [{"x": 371.0, "y": 66.0}, {"x": 409.0, "y": 66.0}, {"x": 409.0, "y": 79.0}, {"x": 371.0, "y": 79.0}]}, "description": "merchant name"}, {"boundingPoly": {"vertices": [{"x": 67.0, "y": 153.0}, {"x": 176.0, "y": 155.0}, {"x": 176.0, "y": 169.0}, {"x": 67.0, "y": 167.0}]}, "description": "merchant name"}, {"boundingPoly": {"vertices": [{"x": 74.0, "y": 169.0}, {"x": 169.0, "y": 170.0}, {"x": 169.0, "y": 182.0}, {"x": 74.0, "y": 180.0}]}, "description": "merchant address"}, {"boundingPoly": {"vertices": [{"x": 73.0, "y": 181.0}, {"x": 168.0, "y": 182.0}, {"x": 168.0, "y": 195.0}, {"x": 73.0, "y": 193.0}]}, "description": "merchant address"}, {"boundingPoly": {"vertices": [{"x": 66.0, "y": 194.0}, {"x": 174.0, "y": 194.0}, {"x": 174.0, "y": 208.0}, {"x": 66.0, "y": 207.0}]}, "description": "merchant address"}, {"boundingPoly": {"vertices": [{"x": 316.0, "y": 145.0}, {"x": 336.0, "y": 145.0}, {"x": 336.0, "y": 158.0}, {"x": 316.0, "y": 158.0}]}, "description": "merchant name"}, {"boundingPoly": {"vertices": [{"x": 338.0, "y": 142.0}, {"x": 420.0, "y": 142.0}, {"x": 420.0, "y": 157.0}, {"x": 338.0, "y": 157.0}]}, "description": "merchant name"}, {"boundingPoly": {"vertices": [{"x": 322.0, "y": 158.0}, {"x": 415.0, "y": 155.0}, {"x": 415.0, "y": 166.0}, {"x": 323.0, "y": 170.0}]}, "description": "merchant address"}, {"boundingPoly": {"vertices": [{"x": 321.0, "y": 172.0}, {"x": 415.0, "y": 169.0}, {"x": 415.0, "y": 181.0}, {"x": 321.0, "y": 184.0}]}, "description": "merchant address"}, {"boundingPoly": {"vertices": [{"x": 350.0, "y": 194.0}, {"x": 442.0, "y": 194.0}, {"x": 442.0, "y": 206.0}, {"x": 350.0, "y": 206.0}]}, "description": " Dec04' 19 10:24PM"}, {"boundingPoly": {"vertices": [{"x": 344.0, "y": 207.0}, {"x": 419.0, "y": 207.0}, {"x": 420.0, "y": 219.0}, {"x": 344.0, "y": 219.0}]}, "description": "AMER EXPRESS"}, {"boundingPoly": {"vertices": [{"x": 351.0, "y": 220.0}, {"x": 437.0, "y": 220.0}, {"x": 437.0, "y": 233.0}, {"x": 351.0, "y": 233.0}]}, "description": "XXXXXXXXXXX1001"}, {"boundingPoly": {"vertices": [{"x": 351.0, "y": 235.0}, {"x": 389.0, "y": 235.0}, {"x": 389.0, "y": 248.0}, {"x": 351.0, "y": 248.0}]}, "description": " SWIPED"}, {"boundingPoly": {"vertices": [{"x": 351.0, "y": 249.0}, {"x": 400.0, "y": 249.0}, {"x": 400.0, "y": 263.0}, {"x": 351.0, "y": 263.0}]}, "description": " PURCHASE"}, {"boundingPoly": {"vertices": [{"x": 351.0, "y": 264.0}, {"x": 439.0, "y": 264.0}, {"x": 439.0, "y": 278.0}, {"x": 351.0, "y": 278.0}]}, "description": " GIG010689991361"}, {"boundingPoly": {"vertices": [{"x": 351.0, "y": 278.0}, {"x": 389.0, "y": 278.0}, {"x": 389.0, "y": 292.0}, {"x": 351.0, "y": 292.0}]}, "description": " 584697"}, {"boundingPoly": {"vertices": [{"x": 355.0, "y": 293.0}, {"x": 377.0, "y": 292.0}, {"x": 378.0, "y": 304.0}, {"x": 355.0, "y": 304.0}]}, "description": "1660"}, {"boundingPoly": {"vertices": [{"x": 353.0, "y": 306.0}, {"x": 379.0, "y": 306.0}, {"x": 378.0, "y": 319.0}, {"x": 353.0, "y": 319.0}]}, "description": "20/4"}, {"boundingPoly": {"vertices": [{"x": 355.0, "y": 320.0}, {"x": 414.0, "y": 320.0}, {"x": 414.0, "y": 334.0}, {"x": 355.0, "y": 334.0}]}, "description": " 1020 Ricky"}, {"boundingPoly": {"vertices": [{"x": 319.0, "y": 184.0}, {"x": 423.0, "y": 181.0}, {"x": 423.0, "y": 192.0}, {"x": 319.0, "y": 195.0}]}, "description": "merchant address"}, {"boundingPoly": {"vertices": [{"x": 281.0, "y": 195.0}, {"x": 313.0, "y": 195.0}, {"x": 313.0, "y": 207.0}, {"x": 281.0, "y": 207.0}]}, "description": " Date:"}, {"boundingPoly": {"vertices": [{"x": 282.0, "y": 208.0}, {"x": 343.0, "y": 208.0}, {"x": 343.0, "y": 221.0}, {"x": 282.0, "y": 221.0}]}, "description": " Card Type:"}, {"boundingPoly": {"vertices": [{"x": 283.0, "y": 223.0}, {"x": 325.0, "y": 223.0}, {"x": 325.0, "y": 235.0}, {"x": 283.0, "y": 235.0}]}, "description": " Acct #:"}, {"boundingPoly": {"vertices": [{"x": 282.0, "y": 235.0}, {"x": 349.0, "y": 235.0}, {"x": 349.0, "y": 249.0}, {"x": 282.0, "y": 249.0}]}, "description": " Card Entry:"}, {"boundingPoly": {"vertices": [{"x": 283.0, "y": 250.0}, {"x": 349.0, "y": 250.0}, {"x": 349.0, "y": 264.0}, {"x": 283.0, "y": 264.0}]}, "description": " Trans Type:"}, {"boundingPoly": {"vertices": [{"x": 284.0, "y": 264.0}, {"x": 348.0, "y": 264.0}, {"x": 348.0, "y": 279.0}, {"x": 284.0, "y": 279.0}]}, "description": " Trans Key:"}, {"boundingPoly": {"vertices": [{"x": 284.0, "y": 279.0}, {"x": 348.0, "y": 279.0}, {"x": 348.0, "y": 293.0}, {"x": 284.0, "y": 293.0}]}, "description": " Auth Code:"}, {"boundingPoly": {"vertices": [{"x": 283.0, "y": 294.0}, {"x": 320.0, "y": 294.0}, {"x": 320.0, "y": 307.0}, {"x": 283.0, "y": 307.0}]}, "description": " Check:"}, {"boundingPoly": {"vertices": [{"x": 286.0, "y": 308.0}, {"x": 319.0, "y": 308.0}, {"x": 319.0, "y": 320.0}, {"x": 286.0, "y": 320.0}]}, "description": " Table:"}, {"boundingPoly": {"vertices": [{"x": 284.0, "y": 323.0}, {"x": 316.0, "y": 323.0}, {"x": 316.0, "y": 335.0}, {"x": 284.0, "y": 335.0}]}, "description": " Server"}, {"boundingPoly": {"vertices": [{"x": 9.0, "y": 222.0}, {"x": 80.0, "y": 222.0}, {"x": 80.0, "y": 236.0}, {"x": 9.0, "y": 236.0}]}, "description": "1020 Ricky L"}, {"boundingPoly": {"vertices": [{"x": 5.0, "y": 252.0}, {"x": 52.0, "y": 252.0}, {"x": 52.0, "y": 266.0}, {"x": 5.0, "y": 266.0}]}, "description": "Tb1 20/4"}, {"boundingPoly": {"vertices": [{"x": 95.0, "y": 252.0}, {"x": 145.0, "y": 251.0}, {"x": 145.0, "y": 264.0}, {"x": 95.0, "y": 264.0}]}, "description": "Chk 1660"}, {"boundingPoly": {"vertices": [{"x": 72.0, "y": 266.0}, {"x": 170.0, "y": 266.0}, {"x": 170.0, "y": 280.0}, {"x": 72.0, "y": 280.0}]}, "description": " Dec04' 19 09:35PM"}, {"boundingPoly": {"vertices": [{"x": 201.0, "y": 252.0}, {"x": 238.0, "y": 251.0}, {"x": 238.0, "y": 265.0}, {"x": 201.0, "y": 265.0}]}, "description": "Gst 0"}, {"boundingPoly": {"vertices": [{"x": 26.0, "y": 296.0}, {"x": 108.0, "y": 295.0}, {"x": 108.0, "y": 309.0}, {"x": 26.0, "y": 309.0}]}, "description": "Dine In"}, {"boundingPoly": {"vertices": [{"x": 24.0, "y": 311.0}, {"x": 111.0, "y": 311.0}, {"x": 111.0, "y": 325.0}, {"x": 24.0, "y": 325.0}]}, "description": " Chocolate Cake"}, {"boundingPoly": {"vertices": [{"x": 14.0, "y": 325.0}, {"x": 80.0, "y": 325.0}, {"x": 80.0, "y": 339.0}, {"x": 14.0, "y": 339.0}]}, "description": "2 Bud Light"}, {"boundingPoly": {"vertices": [{"x": 15.0, "y": 311.0}, {"x": 22.0, "y": 311.0}, {"x": 22.0, "y": 325.0}, {"x": 15.0, "y": 325.0}]}, "description": " 1"}, {"boundingPoly": {"vertices": [{"x": 190.0, "y": 310.0}, {"x": 222.0, "y": 309.0}, {"x": 222.0, "y": 322.0}, {"x": 191.0, "y": 322.0}]}, "description": "12.00"}, {"boundingPoly": {"vertices": [{"x": 192.0, "y": 324.0}, {"x": 221.0, "y": 324.0}, {"x": 221.0, "y": 336.0}, {"x": 192.0, "y": 336.0}]}, "description": "18.00"}, {"boundingPoly": {"vertices": [{"x": 318.0, "y": 323.0}, {"x": 326.0, "y": 323.0}, {"x": 326.0, "y": 335.0}, {"x": 318.0, "y": 335.0}]}, "description": " :"}, {"boundingPoly": {"vertices": [{"x": 417.0, "y": 320.0}, {"x": 426.0, "y": 320.0}, {"x": 426.0, "y": 334.0}, {"x": 417.0, "y": 334.0}]}, "description": " L"}, {"boundingPoly": {"vertices": [{"x": 26.0, "y": 354.0}, {"x": 74.0, "y": 354.0}, {"x": 74.0, "y": 367.0}, {"x": 26.0, "y": 367.0}]}, "description": "SUBTOTAL"}, {"boundingPoly": {"vertices": [{"x": 26.0, "y": 369.0}, {"x": 47.0, "y": 368.0}, {"x": 47.0, "y": 380.0}, {"x": 26.0, "y": 380.0}]}, "description": "TAX"}, {"boundingPoly": {"vertices": [{"x": 5.0, "y": 381.0}, {"x": 107.0, "y": 381.0}, {"x": 107.0, "y": 397.0}, {"x": 5.0, "y": 397.0}]}, "description": " 10:23PM TOTAL DUE"}, {"boundingPoly": {"vertices": [{"x": 49.0, "y": 409.0}, {"x": 182.0, "y": 404.0}, {"x": 183.0, "y": 418.0}, {"x": 49.0, "y": 422.0}]}, "description": "THANK YOU FOR VISITING"}, {"boundingPoly": {"vertices": [{"x": 67.0, "y": 438.0}, {"x": 217.0, "y": 434.0}, {"x": 217.0, "y": 446.0}, {"x": 68.0, "y": 451.0}]}, "description": "Please tell us about your"}, {"boundingPoly": {"vertices": [{"x": 68.0, "y": 467.0}, {"x": 200.0, "y": 463.0}, {"x": 201.0, "y": 476.0}, {"x": 69.0, "y": 480.0}]}, "description": "www.grillefeedback.com"}, {"boundingPoly": {"vertices": [{"x": 190.0, "y": 352.0}, {"x": 221.0, "y": 351.0}, {"x": 221.0, "y": 363.0}, {"x": 190.0, "y": 364.0}]}, "description": "30.00"}, {"boundingPoly": {"vertices": [{"x": 197.0, "y": 364.0}, {"x": 221.0, "y": 364.0}, {"x": 220.0, "y": 375.0}, {"x": 197.0, "y": 377.0}]}, "description": "2.67"}, {"boundingPoly": {"vertices": [{"x": 162.0, "y": 378.0}, {"x": 219.0, "y": 376.0}, {"x": 220.0, "y": 389.0}, {"x": 162.0, "y": 391.0}]}, "description": "32.67"}, {"boundingPoly": {"vertices": [{"x": 285.0, "y": 364.0}, {"x": 338.0, "y": 364.0}, {"x": 338.0, "y": 377.0}, {"x": 285.0, "y": 377.0}]}, "description": " Subtotal:"}, {"boundingPoly": {"vertices": [{"x": 402.0, "y": 362.0}, {"x": 455.0, "y": 362.0}, {"x": 455.0, "y": 375.0}, {"x": 402.0, "y": 376.0}]}, "description": "32.67"}, {"boundingPoly": {"vertices": [{"x": 407.0, "y": 384.0}, {"x": 454.0, "y": 383.0}, {"x": 454.0, "y": 400.0}, {"x": 406.0, "y": 400.0}]}, "description": "2. 33"}, {"boundingPoly": {"vertices": [{"x": 287.0, "y": 388.0}, {"x": 303.0, "y": 388.0}, {"x": 303.0, "y": 399.0}, {"x": 287.0, "y": 399.0}]}, "description": "TIP"}, {"boundingPoly": {"vertices": [{"x": 26.0, "y": 424.0}, {"x": 211.0, "y": 418.0}, {"x": 211.0, "y": 431.0}, {"x": 26.0, "y": 438.0}]}, "description": "WE LOVE TO HEAR FROM OUR GUESTS"}, {"boundingPoly": {"vertices": [{"x": 74.0, "y": 452.0}, {"x": 206.0, "y": 448.0}, {"x": 206.0, "y": 461.0}, {"x": 74.0, "y": 466.0}]}, "description": "experience by going to"}, {"boundingPoly": {"vertices": [{"x": 286.0, "y": 429.0}, {"x": 315.0, "y": 430.0}, {"x": 315.0, "y": 443.0}, {"x": 285.0, "y": 442.0}]}, "description": "TOTAL"}, {"boundingPoly": {"vertices": [{"x": 394.0, "y": 420.0}, {"x": 474.0, "y": 420.0}, {"x": 474.0, "y": 442.0}, {"x": 394.0, "y": 442.0}]}, "description": " 35:00 1-"}, {"boundingPoly": {"vertices": [{"x": 282.0, "y": 485.0}, {"x": 337.0, "y": 486.0}, {"x": 337.0, "y": 498.0}, {"x": 282.0, "y": 497.0}]}, "description": "SIGNATURE"}, {"boundingPoly": {"vertices": [{"x": 282.0, "y": 499.0}, {"x": 290.0, "y": 499.0}, {"x": 290.0, "y": 512.0}, {"x": 282.0, "y": 512.0}]}, "description": " I"}, {"boundingPoly": {"vertices": [{"x": 293.0, "y": 495.0}, {"x": 448.0, "y": 495.0}, {"x": 448.0, "y": 512.0}, {"x": 293.0, "y": 512.0}]}, "description": " AGREE TO PAY THE ABOVE TOTAL"}, {"boundingPoly": {"vertices": [{"x": 282.0, "y": 525.0}, {"x": 340.0, "y": 524.0}, {"x": 341.0, "y": 537.0}, {"x": 282.0, "y": 538.0}]}, "description": "AGREEMENT!"}, {"boundingPoly": {"vertices": [{"x": 283.0, "y": 512.0}, {"x": 432.0, "y": 509.0}, {"x": 433.0, "y": 523.0}, {"x": 283.0, "y": 526.0}]}, "description": "ACCORDING TOMY CARD ISSUER"}]}