{"textAnnotations": [{"boundingPoly": {"vertices": [{"x": 745.0, "y": 538.0}, {"x": 1040.0, "y": 508.0}, {"x": 1044.0, "y": 538.0}, {"x": 748.0, "y": 570.0}]}, "description": "merchant name"}, {"boundingPoly": {"vertices": [{"x": 689.0, "y": 606.0}, {"x": 1112.0, "y": 570.0}, {"x": 1115.0, "y": 608.0}, {"x": 691.0, "y": 639.0}]}, "description": "merchant address"}, {"boundingPoly": {"vertices": [{"x": 745.0, "y": 571.0}, {"x": 1051.0, "y": 545.0}, {"x": 1054.0, "y": 576.0}, {"x": 748.0, "y": 604.0}]}, "description": "merchant address"}, {"boundingPoly": {"vertices": [{"x": 799.0, "y": 637.0}, {"x": 1019.0, "y": 619.0}, {"x": 1021.0, "y": 651.0}, {"x": 800.0, "y": 669.0}]}, "description": "merchant phone"}, {"boundingPoly": {"vertices": [{"x": 522.0, "y": 703.0}, {"x": 666.0, "y": 703.0}, {"x": 666.0, "y": 742.0}, {"x": 522.0, "y": 742.0}]}, "description": " Server:"}, {"boundingPoly": {"vertices": [{"x": 630.0, "y": 744.0}, {"x": 708.0, "y": 744.0}, {"x": 708.0, "y": 781.0}, {"x": 630.0, "y": 781.0}]}, "description": " 83/1"}, {"boundingPoly": {"vertices": [{"x": 665.0, "y": 782.0}, {"x": 691.0, "y": 782.0}, {"x": 691.0, "y": 820.0}, {"x": 665.0, "y": 820.0}]}, "description": " 2"}, {"boundingPoly": {"vertices": [{"x": 671.0, "y": 710.0}, {"x": 728.0, "y": 710.0}, {"x": 728.0, "y": 745.0}, {"x": 671.0, "y": 745.0}]}, "description": " Tim"}, {"boundingPoly": {"vertices": [{"x": 1119.0, "y": 683.0}, {"x": 1314.0, "y": 665.0}, {"x": 1317.0, "y": 701.0}, {"x": 1121.0, "y": 719.0}]}, "description": "11/13/2019"}, {"boundingPoly": {"vertices": [{"x": 1218.0, "y": 755.0}, {"x": 1323.0, "y": 748.0}, {"x": 1326.0, "y": 782.0}, {"x": 1220.0, "y": 790.0}]}, "description": "40028"}, {"boundingPoly": {"vertices": [{"x": 520.0, "y": 739.0}, {"x": 625.0, "y": 739.0}, {"x": 625.0, "y": 777.0}, {"x": 520.0, "y": 777.0}]}, "description": " Table"}, {"boundingPoly": {"vertices": [{"x": 514.0, "y": 777.0}, {"x": 660.0, "y": 777.0}, {"x": 660.0, "y": 818.0}, {"x": 514.0, "y": 818.0}]}, "description": " Guests:"}, {"boundingPoly": {"vertices": [{"x": 1175.0, "y": 707.0}, {"x": 1318.0, "y": 707.0}, {"x": 1318.0, "y": 753.0}, {"x": 1175.0, "y": 753.0}]}, "description": " 8:02 PM"}, {"boundingPoly": {"vertices": [{"x": 507.0, "y": 853.0}, {"x": 890.0, "y": 855.0}, {"x": 890.0, "y": 898.0}, {"x": 506.0, "y": 895.0}]}, "description": "Chicken Spring Rolls"}, {"boundingPoly": {"vertices": [{"x": 503.0, "y": 896.0}, {"x": 833.0, "y": 900.0}, {"x": 832.0, "y": 937.0}, {"x": 502.0, "y": 934.0}]}, "description": "Steamed Duck Buns"}, {"boundingPoly": {"vertices": [{"x": 495.0, "y": 937.0}, {"x": 699.0, "y": 944.0}, {"x": 697.0, "y": 979.0}, {"x": 494.0, "y": 973.0}]}, "description": "Panir Naan"}, {"boundingPoly": {"vertices": [{"x": 490.0, "y": 980.0}, {"x": 650.0, "y": 983.0}, {"x": 649.0, "y": 1020.0}, {"x": 489.0, "y": 1016.0}]}, "description": "Pad Thai"}, {"boundingPoly": {"vertices": [{"x": 1233.0, "y": 836.0}, {"x": 1331.0, "y": 829.0}, {"x": 1336.0, "y": 866.0}, {"x": 1237.0, "y": 874.0}]}, "description": "13.00"}, {"boundingPoly": {"vertices": [{"x": 1237.0, "y": 879.0}, {"x": 1345.0, "y": 875.0}, {"x": 1347.0, "y": 910.0}, {"x": 1239.0, "y": 914.0}]}, "description": "16.00"}, {"boundingPoly": {"vertices": [{"x": 1256.0, "y": 918.0}, {"x": 1345.0, "y": 914.0}, {"x": 1349.0, "y": 952.0}, {"x": 1259.0, "y": 957.0}]}, "description": "9.00"}, {"boundingPoly": {"vertices": [{"x": 1247.0, "y": 965.0}, {"x": 1353.0, "y": 960.0}, {"x": 1356.0, "y": 998.0}, {"x": 1247.0, "y": 1002.0}]}, "description": "18.00"}, {"boundingPoly": {"vertices": [{"x": 488.0, "y": 1064.0}, {"x": 650.0, "y": 1067.0}, {"x": 649.0, "y": 1108.0}, {"x": 488.0, "y": 1105.0}]}, "description": "Subtotal"}, {"boundingPoly": {"vertices": [{"x": 483.0, "y": 1113.0}, {"x": 549.0, "y": 1116.0}, {"x": 546.0, "y": 1151.0}, {"x": 481.0, "y": 1150.0}]}, "description": "Tax"}, {"boundingPoly": {"vertices": [{"x": 1254.0, "y": 1054.0}, {"x": 1365.0, "y": 1053.0}, {"x": 1367.0, "y": 1093.0}, {"x": 1255.0, "y": 1096.0}]}, "description": "56.00"}, {"boundingPoly": {"vertices": [{"x": 1280.0, "y": 1103.0}, {"x": 1378.0, "y": 1102.0}, {"x": 1381.0, "y": 1142.0}, {"x": 1282.0, "y": 1145.0}]}, "description": "4.98"}, {"boundingPoly": {"vertices": [{"x": 465.0, "y": 1204.0}, {"x": 515.0, "y": 1204.0}, {"x": 515.0, "y": 1250.0}, {"x": 465.0, "y": 1250.0}]}, "description": " SF"}, {"boundingPoly": {"vertices": [{"x": 523.0, "y": 1205.0}, {"x": 896.0, "y": 1205.0}, {"x": 896.0, "y": 1251.0}, {"x": 523.0, "y": 1251.0}]}, "description": " Employer Mandates"}, {"boundingPoly": {"vertices": [{"x": 1294.0, "y": 1202.0}, {"x": 1393.0, "y": 1200.0}, {"x": 1395.0, "y": 1246.0}, {"x": 1297.0, "y": 1249.0}]}, "description": "2.53"}, {"boundingPoly": {"vertices": [{"x": 453.0, "y": 1304.0}, {"x": 564.0, "y": 1307.0}, {"x": 562.0, "y": 1349.0}, {"x": 451.0, "y": 1346.0}]}, "description": "Total"}, {"boundingPoly": {"vertices": [{"x": 1285.0, "y": 1310.0}, {"x": 1402.0, "y": 1308.0}, {"x": 1403.0, "y": 1354.0}, {"x": 1285.0, "y": 1356.0}]}, "description": "63.51"}, {"boundingPoly": {"vertices": [{"x": 431.0, "y": 1410.0}, {"x": 946.0, "y": 1419.0}, {"x": 945.0, "y": 1464.0}, {"x": 431.0, "y": 1454.0}]}, "description": "Balance Due"}, {"boundingPoly": {"vertices": [{"x": 1177.0, "y": 1422.0}, {"x": 1412.0, "y": 1423.0}, {"x": 1412.0, "y": 1472.0}, {"x": 1177.0, "y": 1471.0}]}, "description": "63.51"}, {"boundingPoly": {"vertices": [{"x": 625.0, "y": 1525.0}, {"x": 783.0, "y": 1525.0}, {"x": 783.0, "y": 1581.0}, {"x": 625.0, "y": 1581.0}]}, "description": " Cirque"}, {"boundingPoly": {"vertices": [{"x": 600.0, "y": 1584.0}, {"x": 855.0, "y": 1584.0}, {"x": 855.0, "y": 1644.0}, {"x": 600.0, "y": 1644.0}]}, "description": " will be at"}, {"boundingPoly": {"vertices": [{"x": 670.0, "y": 1647.0}, {"x": 1161.0, "y": 1661.0}, {"x": 1160.0, "y": 1715.0}, {"x": 670.0, "y": 1700.0}]}, "description": "from Nov 3 - Jan 12"}, {"boundingPoly": {"vertices": [{"x": 690.0, "y": 1714.0}, {"x": 1158.0, "y": 1721.0}, {"x": 1157.0, "y": 1777.0}, {"x": 690.0, "y": 1769.0}]}, "description": "Use code AMA15 for"}, {"boundingPoly": {"vertices": [{"x": 616.0, "y": 1776.0}, {"x": 1246.0, "y": 1791.0}, {"x": 1244.0, "y": 1851.0}, {"x": 616.0, "y": 1837.0}]}, "description": "15% off premium tickets,"}, {"boundingPoly": {"vertices": [{"x": 606.0, "y": 1850.0}, {"x": 1250.0, "y": 1860.0}, {"x": 1249.0, "y": 1922.0}, {"x": 604.0, "y": 1909.0}]}, "description": "subject to availability."}, {"boundingPoly": {"vertices": [{"x": 791.0, "y": 1527.0}, {"x": 854.0, "y": 1527.0}, {"x": 854.0, "y": 1582.0}, {"x": 791.0, "y": 1582.0}]}, "description": " du"}, {"boundingPoly": {"vertices": [{"x": 862.0, "y": 1529.0}, {"x": 1027.0, "y": 1529.0}, {"x": 1027.0, "y": 1587.0}, {"x": 862.0, "y": 1587.0}]}, "description": " Soleil"}, {"boundingPoly": {"vertices": [{"x": 865.0, "y": 1591.0}, {"x": 1028.0, "y": 1591.0}, {"x": 1028.0, "y": 1649.0}, {"x": 865.0, "y": 1649.0}]}, "description": " Oracle"}, {"boundingPoly": {"vertices": [{"x": 1034.0, "y": 1533.0}, {"x": 1220.0, "y": 1533.0}, {"x": 1220.0, "y": 1590.0}, {"x": 1034.0, "y": 1590.0}]}, "description": " Amaluna"}, {"boundingPoly": {"vertices": [{"x": 1038.0, "y": 1595.0}, {"x": 1178.0, "y": 1595.0}, {"x": 1178.0, "y": 1653.0}, {"x": 1038.0, "y": 1653.0}]}, "description": " Park,"}, {"boundingPoly": {"vertices": [{"x": 1188.0, "y": 1597.0}, {"x": 1249.0, "y": 1597.0}, {"x": 1249.0, "y": 1654.0}, {"x": 1188.0, "y": 1654.0}]}, "description": " SF"}]}