{"textAnnotations": [{"boundingPoly": {"vertices": [{"x": 459.0, "y": 47.0}, {"x": 530.0, "y": 47.0}, {"x": 530.0, "y": 59.0}, {"x": 459.0, "y": 59.0}]}, "description": "+12 Beach Club"}, {"boundingPoly": {"vertices": [{"x": 469.0, "y": 60.0}, {"x": 514.0, "y": 60.0}, {"x": 514.0, "y": 71.0}, {"x": 469.0, "y": 72.0}]}, "description": ". . UNWICH"}, {"boundingPoly": {"vertices": [{"x": 466.0, "y": 73.0}, {"x": 517.0, "y": 72.0}, {"x": 517.0, "y": 84.0}, {"x": 466.0, "y": 85.0}]}, "description": "X avocado"}, {"boundingPoly": {"vertices": [{"x": 466.0, "y": 86.0}, {"x": 511.0, "y": 86.0}, {"x": 512.0, "y": 98.0}, {"x": 466.0, "y": 99.0}]}, "description": "x turkey"}, {"boundingPoly": {"vertices": [{"x": 455.0, "y": 97.0}, {"x": 536.0, "y": 97.0}, {"x": 536.0, "y": 114.0}, {"x": 455.0, "y": 114.0}]}, "description": "Oatmeal Coukie"}, {"boundingPoly": {"vertices": [{"x": 458.0, "y": 113.0}, {"x": 530.0, "y": 112.0}, {"x": 530.0, "y": 126.0}, {"x": 458.0, "y": 127.0}]}, "description": "Jalapeno Chips"}, {"boundingPoly": {"vertices": [{"x": 627.0, "y": 43.0}, {"x": 650.0, "y": 43.0}, {"x": 651.0, "y": 54.0}, {"x": 626.0, "y": 54.0}]}, "description": "7.59"}, {"boundingPoly": {"vertices": [{"x": 205.0, "y": 70.0}, {"x": 254.0, "y": 68.0}, {"x": 255.0, "y": 110.0}, {"x": 206.0, "y": 111.0}]}, "description": "JAR"}, {"boundingPoly": {"vertices": [{"x": 244.0, "y": 133.0}, {"x": 359.0, "y": 133.0}, {"x": 359.0, "y": 155.0}, {"x": 244.0, "y": 155.0}]}, "description": " -- Ready At 11:15 AM --"}, {"boundingPoly": {"vertices": [{"x": 520.0, "y": 63.0}, {"x": 578.0, "y": 63.0}, {"x": 578.0, "y": 84.0}, {"x": 520.0, "y": 84.0}]}, "description": " AINAN"}, {"boundingPoly": {"vertices": [{"x": 584.0, "y": 63.0}, {"x": 600.0, "y": 63.0}, {"x": 600.0, "y": 81.0}, {"x": 584.0, "y": 81.0}]}, "description": " *"}, {"boundingPoly": {"vertices": [{"x": 625.0, "y": 69.0}, {"x": 650.0, "y": 69.0}, {"x": 650.0, "y": 80.0}, {"x": 625.0, "y": 81.0}]}, "description": "1.00"}, {"boundingPoly": {"vertices": [{"x": 629.0, "y": 84.0}, {"x": 650.0, "y": 82.0}, {"x": 650.0, "y": 94.0}, {"x": 629.0, "y": 96.0}]}, "description": "2.00"}, {"boundingPoly": {"vertices": [{"x": 630.0, "y": 97.0}, {"x": 649.0, "y": 94.0}, {"x": 650.0, "y": 107.0}, {"x": 630.0, "y": 110.0}]}, "description": "1.99"}, {"boundingPoly": {"vertices": [{"x": 628.0, "y": 110.0}, {"x": 649.0, "y": 108.0}, {"x": 649.0, "y": 120.0}, {"x": 628.0, "y": 122.0}]}, "description": "1.59"}, {"boundingPoly": {"vertices": [{"x": 627.0, "y": 122.0}, {"x": 648.0, "y": 122.0}, {"x": 649.0, "y": 133.0}, {"x": 626.0, "y": 132.0}]}, "description": "2.19"}, {"boundingPoly": {"vertices": [{"x": 254.0, "y": 99.0}, {"x": 345.0, "y": 98.0}, {"x": 345.0, "y": 123.0}, {"x": 254.0, "y": 124.0}]}, "description": "!DELAY !!"}, {"boundingPoly": {"vertices": [{"x": 456.0, "y": 125.0}, {"x": 526.0, "y": 123.0}, {"x": 526.0, "y": 135.0}, {"x": 456.0, "y": 137.0}]}, "description": "Bottled Water"}, {"boundingPoly": {"vertices": [{"x": 570.0, "y": 136.0}, {"x": 580.0, "y": 136.0}, {"x": 580.0, "y": 148.0}, {"x": 570.0, "y": 148.0}]}, "description": " >"}, {"boundingPoly": {"vertices": [{"x": 581.0, "y": 136.0}, {"x": 625.0, "y": 136.0}, {"x": 625.0, "y": 148.0}, {"x": 581.0, "y": 148.0}]}, "description": " 18.38 <-"}, {"boundingPoly": {"vertices": [{"x": 441.0, "y": 152.0}, {"x": 484.0, "y": 152.0}, {"x": 484.0, "y": 160.0}, {"x": 441.0, "y": 160.0}]}, "description": "-=-=-=-="}, {"boundingPoly": {"vertices": [{"x": 459.0, "y": 163.0}, {"x": 540.0, "y": 162.0}, {"x": 540.0, "y": 174.0}, {"x": 459.0, "y": 175.0}]}, "description": "17 Spicy Italian"}, {"boundingPoly": {"vertices": [{"x": 467.0, "y": 175.0}, {"x": 530.0, "y": 175.0}, {"x": 530.0, "y": 186.0}, {"x": 467.0, "y": 186.0}]}, "description": "French Bread"}, {"boundingPoly": {"vertices": [{"x": 626.0, "y": 160.0}, {"x": 648.0, "y": 161.0}, {"x": 649.0, "y": 171.0}, {"x": 626.0, "y": 171.0}]}, "description": "7,59"}, {"boundingPoly": {"vertices": [{"x": 225.0, "y": 184.0}, {"x": 378.0, "y": 182.0}, {"x": 379.0, "y": 196.0}, {"x": 225.0, "y": 199.0}]}, "description": "***************"}, {"boundingPoly": {"vertices": [{"x": 232.0, "y": 201.0}, {"x": 375.0, "y": 200.0}, {"x": 375.0, "y": 219.0}, {"x": 232.0, "y": 220.0}]}, "description": "** DELIVERY **"}, {"boundingPoly": {"vertices": [{"x": 227.0, "y": 224.0}, {"x": 378.0, "y": 222.0}, {"x": 378.0, "y": 237.0}, {"x": 227.0, "y": 238.0}]}, "description": "***************"}, {"boundingPoly": {"vertices": [{"x": 223.0, "y": 241.0}, {"x": 367.0, "y": 240.0}, {"x": 367.0, "y": 260.0}, {"x": 223.0, "y": 260.0}]}, "description": "-- ONLINE ORDER-"}, {"boundingPoly": {"vertices": [{"x": 325.0, "y": 272.0}, {"x": 348.0, "y": 272.0}, {"x": 348.0, "y": 284.0}, {"x": 325.0, "y": 284.0}]}, "description": "merchant name"}, {"boundingPoly": {"vertices": [{"x": 253.0, "y": 285.0}, {"x": 354.0, "y": 285.0}, {"x": 354.0, "y": 296.0}, {"x": 253.0, "y": 296.0}]}, "description": "merchant address"}, {"boundingPoly": {"vertices": [{"x": 273.0, "y": 297.0}, {"x": 335.0, "y": 297.0}, {"x": 335.0, "y": 308.0}, {"x": 273.0, "y": 308.0}]}, "description": "merchant phone"}, {"boundingPoly": {"vertices": [{"x": 467.0, "y": 201.0}, {"x": 485.0, "y": 201.0}, {"x": 485.0, "y": 213.0}, {"x": 467.0, "y": 213.0}]}, "description": " CUI"}, {"boundingPoly": {"vertices": [{"x": 468.0, "y": 213.0}, {"x": 531.0, "y": 213.0}, {"x": 531.0, "y": 224.0}, {"x": 468.0, "y": 224.0}]}, "description": "TAKE napkins"}, {"boundingPoly": {"vertices": [{"x": 457.0, "y": 225.0}, {"x": 504.0, "y": 226.0}, {"x": 503.0, "y": 237.0}, {"x": 457.0, "y": 236.0}]}, "description": "880 Chips"}, {"boundingPoly": {"vertices": [{"x": 487.0, "y": 200.0}, {"x": 509.0, "y": 200.0}, {"x": 509.0, "y": 213.0}, {"x": 487.0, "y": 213.0}]}, "description": " 1/2"}, {"boundingPoly": {"vertices": [{"x": 626.0, "y": 224.0}, {"x": 648.0, "y": 224.0}, {"x": 648.0, "y": 235.0}, {"x": 626.0, "y": 235.0}]}, "description": "1.59"}, {"boundingPoly": {"vertices": [{"x": 456.0, "y": 263.0}, {"x": 535.0, "y": 263.0}, {"x": 535.0, "y": 274.0}, {"x": 456.0, "y": 275.0}]}, "description": "#9 Italian Club"}, {"boundingPoly": {"vertices": [{"x": 466.0, "y": 274.0}, {"x": 570.0, "y": 274.0}, {"x": 570.0, "y": 288.0}, {"x": 466.0, "y": 289.0}]}, "description": "French Bread"}, {"boundingPoly": {"vertices": [{"x": 466.0, "y": 289.0}, {"x": 486.0, "y": 289.0}, {"x": 486.0, "y": 301.0}, {"x": 466.0, "y": 301.0}]}, "description": " CUT"}, {"boundingPoly": {"vertices": [{"x": 467.0, "y": 302.0}, {"x": 488.0, "y": 302.0}, {"x": 488.0, "y": 313.0}, {"x": 467.0, "y": 313.0}]}, "description": " TAKE"}, {"boundingPoly": {"vertices": [{"x": 457.0, "y": 314.0}, {"x": 530.0, "y": 314.0}, {"x": 530.0, "y": 325.0}, {"x": 457.0, "y": 325.0}]}, "description": "Datmeal Cookie"}, {"boundingPoly": {"vertices": [{"x": 456.0, "y": 327.0}, {"x": 520.0, "y": 327.0}, {"x": 520.0, "y": 338.0}, {"x": 456.0, "y": 338.0}]}, "description": "Pickle (reg)"}, {"boundingPoly": {"vertices": [{"x": 456.0, "y": 340.0}, {"x": 523.0, "y": 340.0}, {"x": 523.0, "y": 350.0}, {"x": 456.0, "y": 351.0}]}, "description": "Bottled Nater"}, {"boundingPoly": {"vertices": [{"x": 627.0, "y": 261.0}, {"x": 647.0, "y": 262.0}, {"x": 647.0, "y": 274.0}, {"x": 626.0, "y": 273.0}]}, "description": "7.59"}, {"boundingPoly": {"vertices": [{"x": 259.0, "y": 273.0}, {"x": 322.0, "y": 273.0}, {"x": 322.0, "y": 287.0}, {"x": 259.0, "y": 287.0}]}, "description": "merchant name"}, {"boundingPoly": {"vertices": [{"x": 488.0, "y": 289.0}, {"x": 505.0, "y": 289.0}, {"x": 505.0, "y": 301.0}, {"x": 488.0, "y": 301.0}]}, "description": " 1/2"}, {"boundingPoly": {"vertices": [{"x": 490.0, "y": 302.0}, {"x": 530.0, "y": 302.0}, {"x": 530.0, "y": 313.0}, {"x": 490.0, "y": 313.0}]}, "description": " napkins"}, {"boundingPoly": {"vertices": [{"x": 197.0, "y": 323.0}, {"x": 252.0, "y": 323.0}, {"x": 252.0, "y": 334.0}, {"x": 197.0, "y": 334.0}]}, "description": " 11-06-2019"}, {"boundingPoly": {"vertices": [{"x": 197.0, "y": 335.0}, {"x": 258.0, "y": 335.0}, {"x": 258.0, "y": 347.0}, {"x": 197.0, "y": 347.0}]}, "description": " Online Order"}, {"boundingPoly": {"vertices": [{"x": 256.0, "y": 323.0}, {"x": 274.0, "y": 323.0}, {"x": 274.0, "y": 334.0}, {"x": 256.0, "y": 334.0}]}, "description": " hk#"}, {"boundingPoly": {"vertices": [{"x": 276.0, "y": 323.0}, {"x": 284.0, "y": 323.0}, {"x": 284.0, "y": 334.0}, {"x": 276.0, "y": 334.0}]}, "description": " 4"}, {"boundingPoly": {"vertices": [{"x": 271.0, "y": 336.0}, {"x": 319.0, "y": 336.0}, {"x": 319.0, "y": 346.0}, {"x": 271.0, "y": 346.0}]}, "description": " 400601865"}, {"boundingPoly": {"vertices": [{"x": 286.0, "y": 323.0}, {"x": 311.0, "y": 323.0}, {"x": 311.0, "y": 334.0}, {"x": 286.0, "y": 334.0}]}, "description": " Open"}, {"boundingPoly": {"vertices": [{"x": 313.0, "y": 323.0}, {"x": 326.0, "y": 323.0}, {"x": 326.0, "y": 334.0}, {"x": 313.0, "y": 334.0}]}, "description": " 10"}, {"boundingPoly": {"vertices": [{"x": 328.0, "y": 323.0}, {"x": 354.0, "y": 323.0}, {"x": 354.0, "y": 334.0}, {"x": 328.0, "y": 334.0}]}, "description": " 16 AN"}, {"boundingPoly": {"vertices": [{"x": 626.0, "y": 323.0}, {"x": 650.0, "y": 323.0}, {"x": 649.0, "y": 337.0}, {"x": 625.0, "y": 337.0}]}, "description": "1.59"}, {"boundingPoly": {"vertices": [{"x": 623.0, "y": 336.0}, {"x": 649.0, "y": 337.0}, {"x": 648.0, "y": 348.0}, {"x": 623.0, "y": 347.0}]}, "description": "2.19"}, {"boundingPoly": {"vertices": [{"x": 598.0, "y": 350.0}, {"x": 625.0, "y": 350.0}, {"x": 625.0, "y": 363.0}, {"x": 598.0, "y": 363.0}]}, "description": " 14 <-"}, {"boundingPoly": {"vertices": [{"x": 260.0, "y": 336.0}, {"x": 269.0, "y": 336.0}, {"x": 269.0, "y": 346.0}, {"x": 260.0, "y": 346.0}]}, "description": " #"}, {"boundingPoly": {"vertices": [{"x": 259.0, "y": 360.0}, {"x": 345.0, "y": 360.0}, {"x": 345.0, "y": 381.0}, {"x": 259.0, "y": 381.0}]}, "description": "! DELAY !!"}, {"boundingPoly": {"vertices": [{"x": 248.0, "y": 393.0}, {"x": 359.0, "y": 393.0}, {"x": 359.0, "y": 414.0}, {"x": 248.0, "y": 414.0}]}, "description": " - Ready At 11:15 AM --"}, {"boundingPoly": {"vertices": [{"x": 220.0, "y": 423.0}, {"x": 301.0, "y": 424.0}, {"x": 300.0, "y": 438.0}, {"x": 220.0, "y": 437.0}]}, "description": "#3 Totally Tuna"}, {"boundingPoly": {"vertices": [{"x": 233.0, "y": 438.0}, {"x": 296.0, "y": 438.0}, {"x": 296.0, "y": 449.0}, {"x": 233.0, "y": 448.0}]}, "description": "French Bread"}, {"boundingPoly": {"vertices": [{"x": 233.0, "y": 450.0}, {"x": 292.0, "y": 451.0}, {"x": 291.0, "y": 461.0}, {"x": 233.0, "y": 460.0}]}, "description": "X cuiunbars"}, {"boundingPoly": {"vertices": [{"x": 233.0, "y": 462.0}, {"x": 252.0, "y": 462.0}, {"x": 252.0, "y": 473.0}, {"x": 233.0, "y": 473.0}]}, "description": " CUT"}, {"boundingPoly": {"vertices": [{"x": 233.0, "y": 475.0}, {"x": 296.0, "y": 475.0}, {"x": 296.0, "y": 486.0}, {"x": 233.0, "y": 485.0}]}, "description": "TAKE napkins"}, {"boundingPoly": {"vertices": [{"x": 222.0, "y": 487.0}, {"x": 290.0, "y": 487.0}, {"x": 290.0, "y": 498.0}, {"x": 222.0, "y": 498.0}]}, "description": "Regular Chips"}, {"boundingPoly": {"vertices": [{"x": 582.0, "y": 351.0}, {"x": 595.0, "y": 351.0}, {"x": 595.0, "y": 363.0}, {"x": 582.0, "y": 363.0}]}, "description": " 15."}, {"boundingPoly": {"vertices": [{"x": 633.0, "y": 365.0}, {"x": 647.0, "y": 365.0}, {"x": 648.0, "y": 373.0}, {"x": 634.0, "y": 373.0}]}, "description": "=-="}, {"boundingPoly": {"vertices": [{"x": 559.0, "y": 389.0}, {"x": 602.0, "y": 389.0}, {"x": 602.0, "y": 400.0}, {"x": 559.0, "y": 400.0}]}, "description": "Subtotal"}, {"boundingPoly": {"vertices": [{"x": 567.0, "y": 402.0}, {"x": 605.0, "y": 403.0}, {"x": 604.0, "y": 413.0}, {"x": 567.0, "y": 413.0}]}, "description": "Del Fee"}, {"boundingPoly": {"vertices": [{"x": 517.0, "y": 415.0}, {"x": 602.0, "y": 414.0}, {"x": 602.0, "y": 426.0}, {"x": 517.0, "y": 426.0}]}, "description": "Sales Tax (B.6%)"}, {"boundingPoly": {"vertices": [{"x": 617.0, "y": 389.0}, {"x": 648.0, "y": 389.0}, {"x": 648.0, "y": 399.0}, {"x": 617.0, "y": 400.0}]}, "description": "107.11"}, {"boundingPoly": {"vertices": [{"x": 626.0, "y": 403.0}, {"x": 651.0, "y": 402.0}, {"x": 651.0, "y": 413.0}, {"x": 626.0, "y": 414.0}]}, "description": "4.50"}, {"boundingPoly": {"vertices": [{"x": 627.0, "y": 414.0}, {"x": 646.0, "y": 413.0}, {"x": 645.0, "y": 424.0}, {"x": 626.0, "y": 425.0}]}, "description": "9.6"}, {"boundingPoly": {"vertices": [{"x": 389.0, "y": 426.0}, {"x": 410.0, "y": 426.0}, {"x": 410.0, "y": 437.0}, {"x": 389.0, "y": 437.0}]}, "description": "5.59"}, {"boundingPoly": {"vertices": [{"x": 396.0, "y": 471.0}, {"x": 302.0, "y": 470.0}, {"x": 302.0, "y": 443.0}, {"x": 396.0, "y": 443.0}]}, "description": "BVKED"}, {"boundingPoly": {"vertices": [{"x": 381.0, "y": 488.0}, {"x": 411.0, "y": 487.0}, {"x": 411.0, "y": 499.0}, {"x": 381.0, "y": 500.0}]}, "description": "1.59"}, {"boundingPoly": {"vertices": [{"x": 254.0, "y": 463.0}, {"x": 273.0, "y": 463.0}, {"x": 273.0, "y": 474.0}, {"x": 254.0, "y": 474.0}]}, "description": " 1/2"}, {"boundingPoly": {"vertices": [{"x": 435.0, "y": 460.0}, {"x": 476.0, "y": 456.0}, {"x": 477.0, "y": 493.0}, {"x": 437.0, "y": 496.0}]}, "description": "27"}, {"boundingPoly": {"vertices": [{"x": 577.0, "y": 440.0}, {"x": 599.0, "y": 440.0}, {"x": 599.0, "y": 461.0}, {"x": 577.0, "y": 461.0}]}, "description": " Total"}, {"boundingPoly": {"vertices": [{"x": 476.0, "y": 473.0}, {"x": 602.0, "y": 473.0}, {"x": 602.0, "y": 492.0}, {"x": 476.0, "y": 493.0}]}, "description": "*** PAID ***"}, {"boundingPoly": {"vertices": [{"x": 603.0, "y": 440.0}, {"x": 611.0, "y": 440.0}, {"x": 611.0, "y": 461.0}, {"x": 603.0, "y": 461.0}]}, "description": " $"}, {"boundingPoly": {"vertices": [{"x": 615.0, "y": 440.0}, {"x": 649.0, "y": 440.0}, {"x": 649.0, "y": 461.0}, {"x": 615.0, "y": 461.0}]}, "description": " 121.21"}, {"boundingPoly": {"vertices": [{"x": 340.0, "y": 500.0}, {"x": 347.0, "y": 500.0}, {"x": 347.0, "y": 511.0}, {"x": 340.0, "y": 511.0}]}, "description": " >"}, {"boundingPoly": {"vertices": [{"x": 349.0, "y": 500.0}, {"x": 375.0, "y": 500.0}, {"x": 375.0, "y": 511.0}, {"x": 349.0, "y": 511.0}]}, "description": " 9.49"}, {"boundingPoly": {"vertices": [{"x": 225.0, "y": 524.0}, {"x": 261.0, "y": 524.0}, {"x": 261.0, "y": 535.0}, {"x": 225.0, "y": 534.0}]}, "description": "15 Vito"}, {"boundingPoly": {"vertices": [{"x": 232.0, "y": 536.0}, {"x": 296.0, "y": 536.0}, {"x": 296.0, "y": 547.0}, {"x": 232.0, "y": 547.0}]}, "description": "French Bread"}, {"boundingPoly": {"vertices": [{"x": 387.0, "y": 524.0}, {"x": 410.0, "y": 525.0}, {"x": 409.0, "y": 534.0}, {"x": 387.0, "y": 535.0}]}, "description": "4.59"}, {"boundingPoly": {"vertices": [{"x": 432.0, "y": 530.0}, {"x": 575.0, "y": 530.0}, {"x": 575.0, "y": 543.0}, {"x": 432.0, "y": 543.0}]}, "description": "merchant name"}, {"boundingPoly": {"vertices": [{"x": 430.0, "y": 543.0}, {"x": 517.0, "y": 544.0}, {"x": 516.0, "y": 562.0}, {"x": 429.0, "y": 561.0}]}, "description": "merchant address"}, {"boundingPoly": {"vertices": [{"x": 431.0, "y": 564.0}, {"x": 456.0, "y": 563.0}, {"x": 457.0, "y": 580.0}, {"x": 431.0, "y": 581.0}]}, "description": "merchant address"}, {"boundingPoly": {"vertices": [{"x": 428.0, "y": 581.0}, {"x": 474.0, "y": 581.0}, {"x": 474.0, "y": 594.0}, {"x": 428.0, "y": 594.0}]}, "description": "merchant address"}, {"boundingPoly": {"vertices": [{"x": 233.0, "y": 560.0}, {"x": 292.0, "y": 561.0}, {"x": 292.0, "y": 572.0}, {"x": 233.0, "y": 571.0}]}, "description": "NO tomatops"}, {"boundingPoly": {"vertices": [{"x": 234.0, "y": 572.0}, {"x": 291.0, "y": 573.0}, {"x": 291.0, "y": 584.0}, {"x": 233.0, "y": 583.0}]}, "description": "ADO pickles"}, {"boundingPoly": {"vertices": [{"x": 234.0, "y": 584.0}, {"x": 281.0, "y": 585.0}, {"x": 281.0, "y": 595.0}, {"x": 234.0, "y": 595.0}]}, "description": "E-Z onion"}, {"boundingPoly": {"vertices": [{"x": 234.0, "y": 597.0}, {"x": 288.0, "y": 598.0}, {"x": 287.0, "y": 608.0}, {"x": 234.0, "y": 607.0}]}, "description": "ND lettuce"}, {"boundingPoly": {"vertices": [{"x": 234.0, "y": 609.0}, {"x": 322.0, "y": 609.0}, {"x": 322.0, "y": 620.0}, {"x": 234.0, "y": 620.0}]}, "description": "ADD jimny mustard"}, {"boundingPoly": {"vertices": [{"x": 234.0, "y": 621.0}, {"x": 270.0, "y": 621.0}, {"x": 270.0, "y": 632.0}, {"x": 234.0, "y": 631.0}]}, "description": "Add Han"}, {"boundingPoly": {"vertices": [{"x": 234.0, "y": 633.0}, {"x": 271.0, "y": 633.0}, {"x": 271.0, "y": 644.0}, {"x": 234.0, "y": 644.0}]}, "description": "CUT 1/2"}, {"boundingPoly": {"vertices": [{"x": 236.0, "y": 645.0}, {"x": 296.0, "y": 646.0}, {"x": 296.0, "y": 657.0}, {"x": 235.0, "y": 656.0}]}, "description": "TAKE napkins"}, {"boundingPoly": {"vertices": [{"x": 224.0, "y": 658.0}, {"x": 285.0, "y": 658.0}, {"x": 285.0, "y": 669.0}, {"x": 224.0, "y": 669.0}]}, "description": " Pickle (174"}, {"boundingPoly": {"vertices": [{"x": 225.0, "y": 669.0}, {"x": 337.0, "y": 669.0}, {"x": 337.0, "y": 680.0}, {"x": 225.0, "y": 681.0}]}, "description": "Chocolate Chunk Conkie"}, {"boundingPoly": {"vertices": [{"x": 224.0, "y": 681.0}, {"x": 297.0, "y": 682.0}, {"x": 297.0, "y": 693.0}, {"x": 224.0, "y": 693.0}]}, "description": "Salt Vin Chips"}, {"boundingPoly": {"vertices": [{"x": 224.0, "y": 695.0}, {"x": 325.0, "y": 694.0}, {"x": 325.0, "y": 705.0}, {"x": 224.0, "y": 705.0}]}, "description": "Unsweetend Tea (red)"}, {"boundingPoly": {"vertices": [{"x": 478.0, "y": 581.0}, {"x": 543.0, "y": 581.0}, {"x": 543.0, "y": 593.0}, {"x": 478.0, "y": 593.0}]}, "description": "merchant phone"}, {"boundingPoly": {"vertices": [{"x": 431.0, "y": 606.0}, {"x": 513.0, "y": 606.0}, {"x": 513.0, "y": 617.0}, {"x": 431.0, "y": 617.0}]}, "description": "American Express"}, {"boundingPoly": {"vertices": [{"x": 391.0, "y": 622.0}, {"x": 410.0, "y": 622.0}, {"x": 410.0, "y": 632.0}, {"x": 391.0, "y": 631.0}]}, "description": "2.00"}, {"boundingPoly": {"vertices": [{"x": 290.0, "y": 658.0}, {"x": 296.0, "y": 658.0}, {"x": 296.0, "y": 669.0}, {"x": 290.0, "y": 669.0}]}, "description": " )"}, {"boundingPoly": {"vertices": [{"x": 460.0, "y": 646.0}, {"x": 612.0, "y": 648.0}, {"x": 612.0, "y": 662.0}, {"x": 460.0, "y": 660.0}]}, "description": "***************"}, {"boundingPoly": {"vertices": [{"x": 466.0, "y": 664.0}, {"x": 607.0, "y": 664.0}, {"x": 607.0, "y": 682.0}, {"x": 465.0, "y": 682.0}]}, "description": "** DELIVERY **"}, {"boundingPoly": {"vertices": [{"x": 459.0, "y": 685.0}, {"x": 615.0, "y": 687.0}, {"x": 615.0, "y": 702.0}, {"x": 459.0, "y": 700.0}]}, "description": "***************"}, {"boundingPoly": {"vertices": [{"x": 491.0, "y": 714.0}, {"x": 579.0, "y": 714.0}, {"x": 579.0, "y": 736.0}, {"x": 491.0, "y": 736.0}]}, "description": "! IDELAYN!"}, {"boundingPoly": {"vertices": [{"x": 479.0, "y": 748.0}, {"x": 597.0, "y": 748.0}, {"x": 597.0, "y": 768.0}, {"x": 479.0, "y": 768.0}]}, "description": " -- Ready At 11:15 AM --"}, {"boundingPoly": {"vertices": [{"x": 503.0, "y": 779.0}, {"x": 571.0, "y": 779.0}, {"x": 571.0, "y": 800.0}, {"x": 503.0, "y": 800.0}]}, "description": "Chk# 4"}, {"boundingPoly": {"vertices": [{"x": 435.0, "y": 811.0}, {"x": 636.0, "y": 813.0}, {"x": 636.0, "y": 826.0}, {"x": 435.0, "y": 824.0}]}, "description": "Delivery charges are not distributed to"}, {"boundingPoly": {"vertices": [{"x": 485.0, "y": 825.0}, {"x": 584.0, "y": 825.0}, {"x": 584.0, "y": 837.0}, {"x": 485.0, "y": 837.0}]}, "description": "employees as lips."}, {"boundingPoly": {"vertices": [{"x": 381.0, "y": 659.0}, {"x": 410.0, "y": 658.0}, {"x": 409.0, "y": 672.0}, {"x": 380.0, "y": 673.0}]}, "description": "1.59"}, {"boundingPoly": {"vertices": [{"x": 389.0, "y": 682.0}, {"x": 410.0, "y": 682.0}, {"x": 410.0, "y": 693.0}, {"x": 389.0, "y": 693.0}]}, "description": "1.59"}, {"boundingPoly": {"vertices": [{"x": 388.0, "y": 694.0}, {"x": 409.0, "y": 695.0}, {"x": 409.0, "y": 705.0}, {"x": 388.0, "y": 704.0}]}, "description": "1.89"}, {"boundingPoly": {"vertices": [{"x": 348.0, "y": 707.0}, {"x": 389.0, "y": 707.0}, {"x": 389.0, "y": 718.0}, {"x": 348.0, "y": 718.0}]}, "description": " 17.60 <-"}, {"boundingPoly": {"vertices": [{"x": 382.0, "y": 669.0}, {"x": 412.0, "y": 669.0}, {"x": 412.0, "y": 681.0}, {"x": 381.0, "y": 682.0}]}, "description": "1.99"}, {"boundingPoly": {"vertices": [{"x": 384.0, "y": 678.0}, {"x": 331.0, "y": 678.0}, {"x": 331.0, "y": 657.0}, {"x": 385.0, "y": 658.0}]}, "description": "ETIAE"}, {"boundingPoly": {"vertices": [{"x": 337.0, "y": 707.0}, {"x": 346.0, "y": 707.0}, {"x": 346.0, "y": 718.0}, {"x": 337.0, "y": 718.0}]}, "description": " >"}, {"boundingPoly": {"vertices": [{"x": 200.0, "y": 720.0}, {"x": 226.0, "y": 719.0}, {"x": 227.0, "y": 727.0}, {"x": 200.0, "y": 729.0}]}, "description": "-=-=-"}, {"boundingPoly": {"vertices": [{"x": 224.0, "y": 730.0}, {"x": 297.0, "y": 731.0}, {"x": 297.0, "y": 742.0}, {"x": 224.0, "y": 742.0}]}, "description": "#12 Beach Club"}, {"boundingPoly": {"vertices": [{"x": 234.0, "y": 742.0}, {"x": 296.0, "y": 743.0}, {"x": 296.0, "y": 755.0}, {"x": 234.0, "y": 754.0}]}, "description": "French Bread"}, {"boundingPoly": {"vertices": [{"x": 235.0, "y": 755.0}, {"x": 272.0, "y": 756.0}, {"x": 272.0, "y": 767.0}, {"x": 235.0, "y": 766.0}]}, "description": "NO mayo"}, {"boundingPoly": {"vertices": [{"x": 234.0, "y": 768.0}, {"x": 291.0, "y": 768.0}, {"x": 291.0, "y": 780.0}, {"x": 234.0, "y": 779.0}]}, "description": "E-Z oregano"}, {"boundingPoly": {"vertices": [{"x": 234.0, "y": 779.0}, {"x": 286.0, "y": 780.0}, {"x": 286.0, "y": 791.0}, {"x": 234.0, "y": 790.0}]}, "description": "E-Z cheese"}, {"boundingPoly": {"vertices": [{"x": 235.0, "y": 791.0}, {"x": 271.0, "y": 792.0}, {"x": 271.0, "y": 803.0}, {"x": 234.0, "y": 802.0}]}, "description": "CUT 1/2"}, {"boundingPoly": {"vertices": [{"x": 225.0, "y": 804.0}, {"x": 296.0, "y": 805.0}, {"x": 296.0, "y": 816.0}, {"x": 224.0, "y": 815.0}]}, "description": "Jalapeno Chips"}, {"boundingPoly": {"vertices": [{"x": 224.0, "y": 816.0}, {"x": 290.0, "y": 817.0}, {"x": 290.0, "y": 827.0}, {"x": 224.0, "y": 827.0}]}, "description": "Bottled Water"}, {"boundingPoly": {"vertices": [{"x": 363.0, "y": 728.0}, {"x": 411.0, "y": 728.0}, {"x": 411.0, "y": 743.0}, {"x": 363.0, "y": 743.0}]}, "description": "7.59"}, {"boundingPoly": {"vertices": [{"x": 389.0, "y": 805.0}, {"x": 411.0, "y": 805.0}, {"x": 411.0, "y": 816.0}, {"x": 389.0, "y": 816.0}]}, "description": "1.59"}, {"boundingPoly": {"vertices": [{"x": 388.0, "y": 818.0}, {"x": 410.0, "y": 818.0}, {"x": 410.0, "y": 828.0}, {"x": 388.0, "y": 828.0}]}, "description": "2.19"}, {"boundingPoly": {"vertices": [{"x": 329.0, "y": 829.0}, {"x": 343.0, "y": 829.0}, {"x": 343.0, "y": 841.0}, {"x": 329.0, "y": 841.0}]}, "description": " ->"}, {"boundingPoly": {"vertices": [{"x": 345.0, "y": 829.0}, {"x": 386.0, "y": 829.0}, {"x": 386.0, "y": 841.0}, {"x": 345.0, "y": 841.0}]}, "description": " 12.98 <-"}, {"boundingPoly": {"vertices": [{"x": 369.0, "y": 842.0}, {"x": 412.0, "y": 842.0}, {"x": 412.0, "y": 852.0}, {"x": 369.0, "y": 852.0}]}, "description": "-==-=-="}, {"boundingPoly": {"vertices": [{"x": 388.0, "y": 853.0}, {"x": 411.0, "y": 854.0}, {"x": 410.0, "y": 865.0}, {"x": 388.0, "y": 865.0}]}, "description": "7.55"}, {"boundingPoly": {"vertices": [{"x": 224.0, "y": 852.0}, {"x": 301.0, "y": 853.0}, {"x": 301.0, "y": 864.0}, {"x": 224.0, "y": 863.0}]}, "description": "#9 Italian Club"}, {"boundingPoly": {"vertices": [{"x": 236.0, "y": 865.0}, {"x": 278.0, "y": 865.0}, {"x": 278.0, "y": 875.0}, {"x": 236.0, "y": 876.0}]}, "description": ".. UNMICH"}, {"boundingPoly": {"vertices": [{"x": 236.0, "y": 876.0}, {"x": 277.0, "y": 877.0}, {"x": 277.0, "y": 888.0}, {"x": 236.0, "y": 887.0}]}, "description": "E-Z nayo"}, {"boundingPoly": {"vertices": [{"x": 236.0, "y": 888.0}, {"x": 292.0, "y": 889.0}, {"x": 291.0, "y": 900.0}, {"x": 236.0, "y": 899.0}]}, "description": "& tomatoes"}, {"boundingPoly": {"vertices": [{"x": 236.0, "y": 899.0}, {"x": 302.0, "y": 902.0}, {"x": 302.0, "y": 913.0}, {"x": 236.0, "y": 911.0}]}, "description": "E-Z cucuillers"}, {"boundingPoly": {"vertices": [{"x": 236.0, "y": 912.0}, {"x": 277.0, "y": 914.0}, {"x": 277.0, "y": 924.0}, {"x": 236.0, "y": 923.0}]}, "description": "NO onion"}, {"boundingPoly": {"vertices": [{"x": 236.0, "y": 924.0}, {"x": 283.0, "y": 926.0}, {"x": 282.0, "y": 936.0}, {"x": 236.0, "y": 935.0}]}, "description": "E-Z sauce"}, {"boundingPoly": {"vertices": [{"x": 238.0, "y": 935.0}, {"x": 294.0, "y": 938.0}, {"x": 294.0, "y": 949.0}, {"x": 237.0, "y": 946.0}]}, "description": "TAKE napkin"}, {"boundingPoly": {"vertices": [{"x": 225.0, "y": 948.0}, {"x": 297.0, "y": 950.0}, {"x": 296.0, "y": 960.0}, {"x": 225.0, "y": 958.0}]}, "description": "Oatmeal Cookie"}, {"boundingPoly": {"vertices": [{"x": 227.0, "y": 960.0}, {"x": 297.0, "y": 962.0}, {"x": 297.0, "y": 973.0}, {"x": 227.0, "y": 971.0}]}, "description": "Jalapeno Chips"}, {"boundingPoly": {"vertices": [{"x": 227.0, "y": 973.0}, {"x": 287.0, "y": 973.0}, {"x": 287.0, "y": 985.0}, {"x": 227.0, "y": 985.0}]}, "description": " Pickle (1/1"}, {"boundingPoly": {"vertices": [{"x": 225.0, "y": 985.0}, {"x": 293.0, "y": 986.0}, {"x": 293.0, "y": 997.0}, {"x": 225.0, "y": 995.0}]}, "description": "Bottled Water"}, {"boundingPoly": {"vertices": [{"x": 445.0, "y": 849.0}, {"x": 624.0, "y": 851.0}, {"x": 624.0, "y": 862.0}, {"x": 445.0, "y": 860.0}]}, "description": "Look up your Freaky Fast Rewards al"}, {"boundingPoly": {"vertices": [{"x": 495.0, "y": 862.0}, {"x": 575.0, "y": 863.0}, {"x": 575.0, "y": 874.0}, {"x": 495.0, "y": 873.0}]}, "description": "jimmyjonns.com."}, {"boundingPoly": {"vertices": [{"x": 455.0, "y": 886.0}, {"x": 621.0, "y": 889.0}, {"x": 621.0, "y": 900.0}, {"x": 455.0, "y": 897.0}]}, "description": "Not a member? Sign up on the app"}, {"boundingPoly": {"vertices": [{"x": 451.0, "y": 911.0}, {"x": 498.0, "y": 911.0}, {"x": 498.0, "y": 923.0}, {"x": 451.0, "y": 923.0}]}, "description": " Check No:"}, {"boundingPoly": {"vertices": [{"x": 441.0, "y": 923.0}, {"x": 499.0, "y": 923.0}, {"x": 499.0, "y": 935.0}, {"x": 441.0, "y": 935.0}]}, "description": " Trans Time:"}, {"boundingPoly": {"vertices": [{"x": 441.0, "y": 935.0}, {"x": 498.0, "y": 935.0}, {"x": 498.0, "y": 947.0}, {"x": 441.0, "y": 947.0}]}, "description": " Trans Type:"}, {"boundingPoly": {"vertices": [{"x": 454.0, "y": 948.0}, {"x": 498.0, "y": 948.0}, {"x": 498.0, "y": 959.0}, {"x": 454.0, "y": 959.0}]}, "description": " Acct No:"}, {"boundingPoly": {"vertices": [{"x": 445.0, "y": 960.0}, {"x": 498.0, "y": 960.0}, {"x": 498.0, "y": 971.0}, {"x": 445.0, "y": 971.0}]}, "description": " Auth Code:"}, {"boundingPoly": {"vertices": [{"x": 500.0, "y": 911.0}, {"x": 613.0, "y": 911.0}, {"x": 613.0, "y": 926.0}, {"x": 500.0, "y": 926.0}]}, "description": " 4 Reg# 33 Nob Delivery"}, {"boundingPoly": {"vertices": [{"x": 499.0, "y": 935.0}, {"x": 523.0, "y": 935.0}, {"x": 523.0, "y": 947.0}, {"x": 499.0, "y": 947.0}]}, "description": " Sale"}, {"boundingPoly": {"vertices": [{"x": 499.0, "y": 948.0}, {"x": 564.0, "y": 948.0}, {"x": 564.0, "y": 959.0}, {"x": 499.0, "y": 959.0}]}, "description": " Amex XX 2008"}, {"boundingPoly": {"vertices": [{"x": 500.0, "y": 960.0}, {"x": 623.0, "y": 960.0}, {"x": 623.0, "y": 974.0}, {"x": 500.0, "y": 974.0}]}, "description": " Online Order # 409601865"}, {"boundingPoly": {"vertices": [{"x": 499.0, "y": 984.0}, {"x": 540.0, "y": 984.0}, {"x": 540.0, "y": 997.0}, {"x": 499.0, "y": 997.0}]}, "description": " $ 121.21"}, {"boundingPoly": {"vertices": [{"x": 501.0, "y": 923.0}, {"x": 594.0, "y": 923.0}, {"x": 594.0, "y": 937.0}, {"x": 501.0, "y": 937.0}]}, "description": " 11/6/2019 10:15 AM"}, {"boundingPoly": {"vertices": [{"x": 388.0, "y": 953.0}, {"x": 409.0, "y": 952.0}, {"x": 410.0, "y": 962.0}, {"x": 388.0, "y": 963.0}]}, "description": "1.99"}, {"boundingPoly": {"vertices": [{"x": 385.0, "y": 965.0}, {"x": 413.0, "y": 966.0}, {"x": 412.0, "y": 977.0}, {"x": 384.0, "y": 976.0}]}, "description": "1.59"}, {"boundingPoly": {"vertices": [{"x": 388.0, "y": 976.0}, {"x": 412.0, "y": 976.0}, {"x": 411.0, "y": 987.0}, {"x": 387.0, "y": 987.0}]}, "description": "1.59"}, {"boundingPoly": {"vertices": [{"x": 290.0, "y": 974.0}, {"x": 296.0, "y": 974.0}, {"x": 296.0, "y": 985.0}, {"x": 290.0, "y": 985.0}]}, "description": " )"}, {"boundingPoly": {"vertices": [{"x": 451.0, "y": 984.0}, {"x": 497.0, "y": 984.0}, {"x": 497.0, "y": 996.0}, {"x": 451.0, "y": 996.0}]}, "description": " Pre Auth:"}, {"boundingPoly": {"vertices": [{"x": 330.0, "y": 998.0}, {"x": 345.0, "y": 998.0}, {"x": 345.0, "y": 1010.0}, {"x": 330.0, "y": 1010.0}]}, "description": " ->"}, {"boundingPoly": {"vertices": [{"x": 347.0, "y": 999.0}, {"x": 386.0, "y": 999.0}, {"x": 386.0, "y": 1011.0}, {"x": 347.0, "y": 1011.0}]}, "description": " 16.84 <-"}, {"boundingPoly": {"vertices": [{"x": 450.0, "y": 1008.0}, {"x": 533.0, "y": 1008.0}, {"x": 533.0, "y": 1019.0}, {"x": 450.0, "y": 1019.0}]}, "description": "Gratuity $10.00"}, {"boundingPoly": {"vertices": [{"x": 226.0, "y": 1021.0}, {"x": 268.0, "y": 1021.0}, {"x": 268.0, "y": 1033.0}, {"x": 226.0, "y": 1033.0}]}, "description": " GIANT $4"}, {"boundingPoly": {"vertices": [{"x": 237.0, "y": 1033.0}, {"x": 298.0, "y": 1034.0}, {"x": 298.0, "y": 1044.0}, {"x": 237.0, "y": 1043.0}]}, "description": "French Bread"}, {"boundingPoly": {"vertices": [{"x": 237.0, "y": 1044.0}, {"x": 294.0, "y": 1045.0}, {"x": 294.0, "y": 1055.0}, {"x": 237.0, "y": 1054.0}]}, "description": "NO tomatoes"}, {"boundingPoly": {"vertices": [{"x": 238.0, "y": 1054.0}, {"x": 292.0, "y": 1056.0}, {"x": 292.0, "y": 1067.0}, {"x": 237.0, "y": 1065.0}]}, "description": "ADD sprouts"}, {"boundingPoly": {"vertices": [{"x": 237.0, "y": 1066.0}, {"x": 274.0, "y": 1067.0}, {"x": 273.0, "y": 1079.0}, {"x": 237.0, "y": 1078.0}]}, "description": "CUT 1/2"}, {"boundingPoly": {"vertices": [{"x": 237.0, "y": 1079.0}, {"x": 299.0, "y": 1081.0}, {"x": 298.0, "y": 1091.0}, {"x": 237.0, "y": 1089.0}]}, "description": "TAKE napkins"}, {"boundingPoly": {"vertices": [{"x": 229.0, "y": 1091.0}, {"x": 298.0, "y": 1092.0}, {"x": 298.0, "y": 1103.0}, {"x": 229.0, "y": 1101.0}]}, "description": "Salt Vin Dipa"}, {"boundingPoly": {"vertices": [{"x": 226.0, "y": 1102.0}, {"x": 338.0, "y": 1105.0}, {"x": 338.0, "y": 1115.0}, {"x": 226.0, "y": 1113.0}]}, "description": "Chocolate Chunk Cookie"}, {"boundingPoly": {"vertices": [{"x": 227.0, "y": 1114.0}, {"x": 279.0, "y": 1115.0}, {"x": 279.0, "y": 1126.0}, {"x": 227.0, "y": 1125.0}]}, "description": "Coke (ed"}, {"boundingPoly": {"vertices": [{"x": 270.0, "y": 1022.0}, {"x": 323.0, "y": 1022.0}, {"x": 323.0, "y": 1034.0}, {"x": 270.0, "y": 1034.0}]}, "description": " Turkey of"}, {"boundingPoly": {"vertices": [{"x": 444.0, "y": 1058.0}, {"x": 496.0, "y": 1058.0}, {"x": 496.0, "y": 1069.0}, {"x": 444.0, "y": 1069.0}]}, "description": " Signature:"}, {"boundingPoly": {"vertices": [{"x": 463.0, "y": 1083.0}, {"x": 611.0, "y": 1084.0}, {"x": 611.0, "y": 1096.0}, {"x": 463.0, "y": 1094.0}]}, "description": "[ agree to pay the above total"}, {"boundingPoly": {"vertices": [{"x": 450.0, "y": 1096.0}, {"x": 622.0, "y": 1097.0}, {"x": 622.0, "y": 1110.0}, {"x": 450.0, "y": 1107.0}]}, "description": "according to card issuer agreement"}, {"boundingPoly": {"vertices": [{"x": 478.0, "y": 1118.0}, {"x": 583.0, "y": 1120.0}, {"x": 583.0, "y": 1132.0}, {"x": 478.0, "y": 1130.0}]}, "description": "customer Copy **"}, {"boundingPoly": {"vertices": [{"x": 459.0, "y": 1107.0}, {"x": 517.0, "y": 1107.0}, {"x": 517.0, "y": 1121.0}, {"x": 459.0, "y": 1122.0}]}, "description": "abuse a"}, {"boundingPoly": {"vertices": [{"x": 348.0, "y": 1129.0}, {"x": 379.0, "y": 1129.0}, {"x": 379.0, "y": 1142.0}, {"x": 348.0, "y": 1142.0}]}, "description": " 20:22"}, {"boundingPoly": {"vertices": [{"x": 388.0, "y": 1120.0}, {"x": 411.0, "y": 1120.0}, {"x": 411.0, "y": 1131.0}, {"x": 388.0, "y": 1130.0}]}, "description": "1.89"}]}