{"textAnnotations": [{"boundingPoly": {"vertices": [{"x": 307.0, "y": 155.0}, {"x": 470.0, "y": 151.0}, {"x": 470.0, "y": 174.0}, {"x": 308.0, "y": 178.0}]}, "description": "merchant name"}, {"boundingPoly": {"vertices": [{"x": 345.0, "y": 178.0}, {"x": 448.0, "y": 178.0}, {"x": 448.0, "y": 194.0}, {"x": 345.0, "y": 194.0}]}, "description": "merchant name"}, {"boundingPoly": {"vertices": [{"x": 327.0, "y": 181.0}, {"x": 341.0, "y": 181.0}, {"x": 341.0, "y": 195.0}, {"x": 327.0, "y": 195.0}]}, "description": "merchant name"}, {"boundingPoly": {"vertices": [{"x": 250.0, "y": 212.0}, {"x": 410.0, "y": 212.0}, {"x": 410.0, "y": 231.0}, {"x": 250.0, "y": 231.0}]}, "description": "merchant address"}, {"boundingPoly": {"vertices": [{"x": 259.0, "y": 240.0}, {"x": 518.0, "y": 235.0}, {"x": 518.0, "y": 253.0}, {"x": 259.0, "y": 257.0}]}, "description": "Www.waitrose.com/burgesshill"}, {"boundingPoly": {"vertices": [{"x": 414.0, "y": 210.0}, {"x": 528.0, "y": 210.0}, {"x": 528.0, "y": 229.0}, {"x": 414.0, "y": 229.0}]}, "description": " 01444 230092"}, {"boundingPoly": {"vertices": [{"x": 238.0, "y": 292.0}, {"x": 309.0, "y": 292.0}, {"x": 309.0, "y": 307.0}, {"x": 238.0, "y": 307.0}]}, "description": " WR BRIE"}, {"boundingPoly": {"vertices": [{"x": 216.0, "y": 306.0}, {"x": 415.0, "y": 306.0}, {"x": 415.0, "y": 323.0}, {"x": 216.0, "y": 324.0}]}, "description": "V WRIGLEYS BUBBLEMINT"}, {"boundingPoly": {"vertices": [{"x": 238.0, "y": 322.0}, {"x": 307.0, "y": 322.0}, {"x": 307.0, "y": 336.0}, {"x": 238.0, "y": 336.0}]}, "description": " ITSU DC"}, {"boundingPoly": {"vertices": [{"x": 236.0, "y": 334.0}, {"x": 338.0, "y": 335.0}, {"x": 338.0, "y": 351.0}, {"x": 236.0, "y": 350.0}]}, "description": "TANGERINES"}, {"boundingPoly": {"vertices": [{"x": 218.0, "y": 349.0}, {"x": 371.0, "y": 350.0}, {"x": 370.0, "y": 367.0}, {"x": 218.0, "y": 365.0}]}, "description": "V WR ONION RINGS"}, {"boundingPoly": {"vertices": [{"x": 234.0, "y": 373.0}, {"x": 305.0, "y": 376.0}, {"x": 304.0, "y": 391.0}, {"x": 233.0, "y": 388.0}]}, "description": "5 items"}, {"boundingPoly": {"vertices": [{"x": 232.0, "y": 390.0}, {"x": 342.0, "y": 390.0}, {"x": 342.0, "y": 406.0}, {"x": 232.0, "y": 406.0}]}, "description": "BALANCE DUE"}, {"boundingPoly": {"vertices": [{"x": 233.0, "y": 415.0}, {"x": 330.0, "y": 416.0}, {"x": 329.0, "y": 432.0}, {"x": 233.0, "y": 431.0}]}, "description": "Visa Debit"}, {"boundingPoly": {"vertices": [{"x": 240.0, "y": 432.0}, {"x": 396.0, "y": 432.0}, {"x": 396.0, "y": 447.0}, {"x": 240.0, "y": 446.0}]}, "description": "************ 4320"}, {"boundingPoly": {"vertices": [{"x": 231.0, "y": 455.0}, {"x": 293.0, "y": 457.0}, {"x": 292.0, "y": 473.0}, {"x": 230.0, "y": 471.0}]}, "description": "CHANGE"}, {"boundingPoly": {"vertices": [{"x": 313.0, "y": 292.0}, {"x": 416.0, "y": 292.0}, {"x": 416.0, "y": 307.0}, {"x": 313.0, "y": 307.0}]}, "description": " & CRANBERRY"}, {"boundingPoly": {"vertices": [{"x": 522.0, "y": 290.0}, {"x": 565.0, "y": 289.0}, {"x": 565.0, "y": 304.0}, {"x": 523.0, "y": 305.0}]}, "description": "3.00"}, {"boundingPoly": {"vertices": [{"x": 523.0, "y": 305.0}, {"x": 565.0, "y": 304.0}, {"x": 566.0, "y": 319.0}, {"x": 523.0, "y": 320.0}]}, "description": "0.51"}, {"boundingPoly": {"vertices": [{"x": 525.0, "y": 320.0}, {"x": 565.0, "y": 319.0}, {"x": 565.0, "y": 334.0}, {"x": 526.0, "y": 335.0}]}, "description": "1.85"}, {"boundingPoly": {"vertices": [{"x": 527.0, "y": 335.0}, {"x": 565.0, "y": 334.0}, {"x": 565.0, "y": 348.0}, {"x": 527.0, "y": 349.0}]}, "description": "2.50"}, {"boundingPoly": {"vertices": [{"x": 526.0, "y": 350.0}, {"x": 567.0, "y": 349.0}, {"x": 566.0, "y": 365.0}, {"x": 525.0, "y": 365.0}]}, "description": "0.85"}, {"boundingPoly": {"vertices": [{"x": 546.0, "y": 290.0}, {"x": 533.0, "y": 290.0}, {"x": 533.0, "y": 276.0}, {"x": 546.0, "y": 275.0}]}, "description": "3"}, {"boundingPoly": {"vertices": [{"x": 217.0, "y": 316.0}, {"x": 236.0, "y": 318.0}, {"x": 234.0, "y": 332.0}, {"x": 215.0, "y": 331.0}]}, "description": "V"}, {"boundingPoly": {"vertices": [{"x": 312.0, "y": 322.0}, {"x": 391.0, "y": 322.0}, {"x": 391.0, "y": 337.0}, {"x": 312.0, "y": 337.0}]}, "description": " & 0 RICE"}, {"boundingPoly": {"vertices": [{"x": 395.0, "y": 322.0}, {"x": 409.0, "y": 322.0}, {"x": 409.0, "y": 338.0}, {"x": 395.0, "y": 338.0}]}, "description": " C"}, {"boundingPoly": {"vertices": [{"x": 517.0, "y": 389.0}, {"x": 568.0, "y": 388.0}, {"x": 569.0, "y": 404.0}, {"x": 517.0, "y": 405.0}]}, "description": "98.71"}, {"boundingPoly": {"vertices": [{"x": 516.0, "y": 431.0}, {"x": 567.0, "y": 431.0}, {"x": 567.0, "y": 446.0}, {"x": 516.0, "y": 447.0}]}, "description": "28.71"}, {"boundingPoly": {"vertices": [{"x": 525.0, "y": 456.0}, {"x": 568.0, "y": 455.0}, {"x": 568.0, "y": 471.0}, {"x": 526.0, "y": 472.0}]}, "description": "0.00"}, {"boundingPoly": {"vertices": [{"x": 199.0, "y": 499.0}, {"x": 242.0, "y": 500.0}, {"x": 242.0, "y": 516.0}, {"x": 197.0, "y": 514.0}]}, "description": "Rate"}, {"boundingPoly": {"vertices": [{"x": 208.0, "y": 516.0}, {"x": 252.0, "y": 517.0}, {"x": 251.0, "y": 532.0}, {"x": 207.0, "y": 531.0}]}, "description": "0.0%"}, {"boundingPoly": {"vertices": [{"x": 196.0, "y": 532.0}, {"x": 252.0, "y": 533.0}, {"x": 252.0, "y": 548.0}, {"x": 196.0, "y": 547.0}]}, "description": "20.0%"}, {"boundingPoly": {"vertices": [{"x": 198.0, "y": 547.0}, {"x": 260.0, "y": 549.0}, {"x": 260.0, "y": 565.0}, {"x": 198.0, "y": 563.0}]}, "description": "Totals"}, {"boundingPoly": {"vertices": [{"x": 205.0, "y": 574.0}, {"x": 433.0, "y": 574.0}, {"x": 433.0, "y": 592.0}, {"x": 205.0, "y": 591.0}]}, "description": "*** CARDHOLDER COPY ***"}, {"boundingPoly": {"vertices": [{"x": 191.0, "y": 602.0}, {"x": 278.0, "y": 602.0}, {"x": 278.0, "y": 619.0}, {"x": 191.0, "y": 619.0}]}, "description": " W3602329"}, {"boundingPoly": {"vertices": [{"x": 183.0, "y": 619.0}, {"x": 268.0, "y": 619.0}, {"x": 268.0, "y": 636.0}, {"x": 183.0, "y": 636.0}]}, "description": " :** 21885"}, {"boundingPoly": {"vertices": [{"x": 223.0, "y": 634.0}, {"x": 414.0, "y": 634.0}, {"x": 414.0, "y": 653.0}, {"x": 223.0, "y": 653.0}]}, "description": " 04/12/2019 13:37:56"}, {"boundingPoly": {"vertices": [{"x": 168.0, "y": 667.0}, {"x": 273.0, "y": 669.0}, {"x": 273.0, "y": 686.0}, {"x": 167.0, "y": 684.0}]}, "description": "Visa Debit"}, {"boundingPoly": {"vertices": [{"x": 166.0, "y": 684.0}, {"x": 334.0, "y": 684.0}, {"x": 334.0, "y": 702.0}, {"x": 166.0, "y": 702.0}]}, "description": "************ 4320"}, {"boundingPoly": {"vertices": [{"x": 165.0, "y": 713.0}, {"x": 287.0, "y": 713.0}, {"x": 287.0, "y": 732.0}, {"x": 165.0, "y": 732.0}]}, "description": " CONTACTLESS"}, {"boundingPoly": {"vertices": [{"x": 194.0, "y": 742.0}, {"x": 433.0, "y": 743.0}, {"x": 433.0, "y": 762.0}, {"x": 194.0, "y": 761.0}]}, "description": "Please debit my account"}, {"boundingPoly": {"vertices": [{"x": 161.0, "y": 760.0}, {"x": 229.0, "y": 760.0}, {"x": 229.0, "y": 778.0}, {"x": 161.0, "y": 777.0}]}, "description": "AMOUNT"}, {"boundingPoly": {"vertices": [{"x": 161.0, "y": 778.0}, {"x": 220.0, "y": 778.0}, {"x": 220.0, "y": 796.0}, {"x": 161.0, "y": 796.0}]}, "description": "TOTAL"}, {"boundingPoly": {"vertices": [{"x": 181.0, "y": 807.0}, {"x": 453.0, "y": 807.0}, {"x": 453.0, "y": 826.0}, {"x": 181.0, "y": 826.0}]}, "description": "NO CARDHOLDER VERIFICATION"}, {"boundingPoly": {"vertices": [{"x": 444.0, "y": 831.0}, {"x": 481.0, "y": 830.0}, {"x": 482.0, "y": 840.0}, {"x": 444.0, "y": 842.0}]}, "description": "----"}, {"boundingPoly": {"vertices": [{"x": 326.0, "y": 486.0}, {"x": 433.0, "y": 486.0}, {"x": 433.0, "y": 502.0}, {"x": 326.0, "y": 501.0}]}, "description": "VAT SUMMARY"}, {"boundingPoly": {"vertices": [{"x": 329.0, "y": 502.0}, {"x": 358.0, "y": 502.0}, {"x": 356.0, "y": 517.0}, {"x": 327.0, "y": 516.0}]}, "description": "Net"}, {"boundingPoly": {"vertices": [{"x": 314.0, "y": 518.0}, {"x": 358.0, "y": 519.0}, {"x": 357.0, "y": 532.0}, {"x": 314.0, "y": 534.0}]}, "description": "5.50"}, {"boundingPoly": {"vertices": [{"x": 313.0, "y": 532.0}, {"x": 360.0, "y": 534.0}, {"x": 357.0, "y": 550.0}, {"x": 312.0, "y": 549.0}]}, "description": "2.67"}, {"boundingPoly": {"vertices": [{"x": 314.0, "y": 549.0}, {"x": 357.0, "y": 550.0}, {"x": 356.0, "y": 564.0}, {"x": 313.0, "y": 564.0}]}, "description": "8. 17"}, {"boundingPoly": {"vertices": [{"x": 421.0, "y": 503.0}, {"x": 451.0, "y": 502.0}, {"x": 452.0, "y": 518.0}, {"x": 422.0, "y": 518.0}]}, "description": "VAT"}, {"boundingPoly": {"vertices": [{"x": 413.0, "y": 518.0}, {"x": 454.0, "y": 518.0}, {"x": 453.0, "y": 532.0}, {"x": 413.0, "y": 533.0}]}, "description": "0.00"}, {"boundingPoly": {"vertices": [{"x": 412.0, "y": 534.0}, {"x": 455.0, "y": 533.0}, {"x": 455.0, "y": 549.0}, {"x": 413.0, "y": 549.0}]}, "description": "0.54"}, {"boundingPoly": {"vertices": [{"x": 411.0, "y": 549.0}, {"x": 453.0, "y": 549.0}, {"x": 453.0, "y": 565.0}, {"x": 410.0, "y": 565.0}]}, "description": "0.54"}, {"boundingPoly": {"vertices": [{"x": 516.0, "y": 502.0}, {"x": 568.0, "y": 502.0}, {"x": 568.0, "y": 517.0}, {"x": 516.0, "y": 518.0}]}, "description": "Gross"}, {"boundingPoly": {"vertices": [{"x": 525.0, "y": 517.0}, {"x": 570.0, "y": 516.0}, {"x": 569.0, "y": 533.0}, {"x": 525.0, "y": 534.0}]}, "description": "5.50"}, {"boundingPoly": {"vertices": [{"x": 525.0, "y": 532.0}, {"x": 569.0, "y": 532.0}, {"x": 569.0, "y": 549.0}, {"x": 525.0, "y": 550.0}]}, "description": "3.21"}, {"boundingPoly": {"vertices": [{"x": 525.0, "y": 547.0}, {"x": 569.0, "y": 545.0}, {"x": 569.0, "y": 562.0}, {"x": 525.0, "y": 563.0}]}, "description": "8.71"}, {"boundingPoly": {"vertices": [{"x": 172.0, "y": 602.0}, {"x": 189.0, "y": 602.0}, {"x": 189.0, "y": 619.0}, {"x": 172.0, "y": 619.0}]}, "description": " P:"}, {"boundingPoly": {"vertices": [{"x": 170.0, "y": 619.0}, {"x": 181.0, "y": 619.0}, {"x": 181.0, "y": 635.0}, {"x": 170.0, "y": 635.0}]}, "description": " M"}, {"boundingPoly": {"vertices": [{"x": 384.0, "y": 603.0}, {"x": 388.0, "y": 603.0}, {"x": 388.0, "y": 620.0}, {"x": 384.0, "y": 620.0}]}, "description": " T"}, {"boundingPoly": {"vertices": [{"x": 392.0, "y": 603.0}, {"x": 484.0, "y": 603.0}, {"x": 484.0, "y": 621.0}, {"x": 392.0, "y": 621.0}]}, "description": " :**** 6764"}, {"boundingPoly": {"vertices": [{"x": 307.0, "y": 713.0}, {"x": 386.0, "y": 713.0}, {"x": 386.0, "y": 732.0}, {"x": 307.0, "y": 732.0}]}, "description": " CP SALE"}, {"boundingPoly": {"vertices": [{"x": 409.0, "y": 760.0}, {"x": 483.0, "y": 760.0}, {"x": 483.0, "y": 777.0}, {"x": 409.0, "y": 777.0}]}, "description": "GBP8.71"}, {"boundingPoly": {"vertices": [{"x": 409.0, "y": 778.0}, {"x": 483.0, "y": 778.0}, {"x": 483.0, "y": 795.0}, {"x": 409.0, "y": 795.0}]}, "description": "GBP8.71"}, {"boundingPoly": {"vertices": [{"x": 191.0, "y": 843.0}, {"x": 441.0, "y": 844.0}, {"x": 441.0, "y": 864.0}, {"x": 191.0, "y": 863.0}]}, "description": "Please Keep This Receipt"}, {"boundingPoly": {"vertices": [{"x": 230.0, "y": 863.0}, {"x": 319.0, "y": 863.0}, {"x": 319.0, "y": 882.0}, {"x": 230.0, "y": 882.0}]}, "description": " For your"}, {"boundingPoly": {"vertices": [{"x": 157.0, "y": 880.0}, {"x": 268.0, "y": 880.0}, {"x": 268.0, "y": 899.0}, {"x": 157.0, "y": 899.0}]}, "description": " Auth Code:"}, {"boundingPoly": {"vertices": [{"x": 156.0, "y": 900.0}, {"x": 200.0, "y": 900.0}, {"x": 200.0, "y": 916.0}, {"x": 156.0, "y": 916.0}]}, "description": " Ref:"}, {"boundingPoly": {"vertices": [{"x": 156.0, "y": 916.0}, {"x": 204.0, "y": 916.0}, {"x": 204.0, "y": 935.0}, {"x": 156.0, "y": 935.0}]}, "description": " AID:"}, {"boundingPoly": {"vertices": [{"x": 154.0, "y": 936.0}, {"x": 246.0, "y": 936.0}, {"x": 246.0, "y": 955.0}, {"x": 154.0, "y": 955.0}]}, "description": " App Seq:"}, {"boundingPoly": {"vertices": [{"x": 323.0, "y": 864.0}, {"x": 399.0, "y": 864.0}, {"x": 399.0, "y": 882.0}, {"x": 323.0, "y": 882.0}]}, "description": " Records"}, {"boundingPoly": {"vertices": [{"x": 272.0, "y": 881.0}, {"x": 339.0, "y": 881.0}, {"x": 339.0, "y": 899.0}, {"x": 272.0, "y": 899.0}]}, "description": " 483567"}, {"boundingPoly": {"vertices": [{"x": 271.0, "y": 898.0}, {"x": 402.0, "y": 899.0}, {"x": 402.0, "y": 918.0}, {"x": 271.0, "y": 917.0}]}, "description": "000005066060"}, {"boundingPoly": {"vertices": [{"x": 208.0, "y": 916.0}, {"x": 357.0, "y": 916.0}, {"x": 357.0, "y": 938.0}, {"x": 208.0, "y": 938.0}]}, "description": " A0000000031010"}, {"boundingPoly": {"vertices": [{"x": 249.0, "y": 937.0}, {"x": 275.0, "y": 937.0}, {"x": 275.0, "y": 955.0}, {"x": 249.0, "y": 955.0}]}, "description": " 00"}, {"boundingPoly": {"vertices": [{"x": 161.0, "y": 984.0}, {"x": 463.0, "y": 987.0}, {"x": 462.0, "y": 1008.0}, {"x": 161.0, "y": 1004.0}]}, "description": "Account on File Registration"}, {"boundingPoly": {"vertices": [{"x": 148.0, "y": 1023.0}, {"x": 230.0, "y": 1023.0}, {"x": 230.0, "y": 1044.0}, {"x": 148.0, "y": 1044.0}]}, "description": " Result:"}, {"boundingPoly": {"vertices": [{"x": 149.0, "y": 1042.0}, {"x": 252.0, "y": 1042.0}, {"x": 252.0, "y": 1063.0}, {"x": 149.0, "y": 1063.0}]}, "description": " Token ID:"}, {"boundingPoly": {"vertices": [{"x": 268.0, "y": 1004.0}, {"x": 347.0, "y": 1005.0}, {"x": 347.0, "y": 1023.0}, {"x": 268.0, "y": 1022.0}]}, "description": "Details"}, {"boundingPoly": {"vertices": [{"x": 234.0, "y": 1024.0}, {"x": 483.0, "y": 1024.0}, {"x": 483.0, "y": 1046.0}, {"x": 234.0, "y": 1046.0}]}, "description": " Registration Successful"}, {"boundingPoly": {"vertices": [{"x": 256.0, "y": 1042.0}, {"x": 377.0, "y": 1042.0}, {"x": 377.0, "y": 1063.0}, {"x": 256.0, "y": 1063.0}]}, "description": " 33307252521"}, {"boundingPoly": {"vertices": [{"x": 176.0, "y": 1112.0}, {"x": 572.0, "y": 1116.0}, {"x": 572.0, "y": 1139.0}, {"x": 176.0, "y": 1135.0}]}, "description": "Did you receive great service today?"}, {"boundingPoly": {"vertices": [{"x": 176.0, "y": 1148.0}, {"x": 454.0, "y": 1149.0}, {"x": 454.0, "y": 1171.0}, {"x": 176.0, "y": 1170.0}]}, "description": "Visit waitrosehaveununcan"}]}