{"textAnnotations": [{"boundingPoly": {"vertices": [{"x": 108.0, "y": 80.0}, {"x": 192.0, "y": 80.0}, {"x": 192.0, "y": 102.0}, {"x": 108.0, "y": 102.0}]}, "description": "merchant name"}, {"boundingPoly": {"vertices": [{"x": 107.0, "y": 102.0}, {"x": 271.0, "y": 108.0}, {"x": 270.0, "y": 126.0}, {"x": 106.0, "y": 120.0}]}, "description": "merchant name"}, {"boundingPoly": {"vertices": [{"x": 10.0, "y": 142.0}, {"x": 367.0, "y": 151.0}, {"x": 366.0, "y": 168.0}, {"x": 9.0, "y": 159.0}]}, "description": "****************************************"}, {"boundingPoly": {"vertices": [{"x": 186.0, "y": 169.0}, {"x": 330.0, "y": 169.0}, {"x": 330.0, "y": 192.0}, {"x": 186.0, "y": 192.0}]}, "description": " PIZZERIA"}, {"boundingPoly": {"vertices": [{"x": 194.0, "y": 84.0}, {"x": 271.0, "y": 84.0}, {"x": 271.0, "y": 105.0}, {"x": 194.0, "y": 105.0}]}, "description": "merchant name"}, {"boundingPoly": {"vertices": [{"x": 8.0, "y": 164.0}, {"x": 170.0, "y": 164.0}, {"x": 170.0, "y": 188.0}, {"x": 8.0, "y": 188.0}]}, "description": " MANHATTAN"}, {"boundingPoly": {"vertices": [{"x": 10.0, "y": 186.0}, {"x": 230.0, "y": 193.0}, {"x": 230.0, "y": 212.0}, {"x": 10.0, "y": 205.0}]}, "description": "merchant address"}, {"boundingPoly": {"vertices": [{"x": 114.0, "y": 212.0}, {"x": 257.0, "y": 212.0}, {"x": 257.0, "y": 236.0}, {"x": 114.0, "y": 236.0}]}, "description": "merchant phone"}, {"boundingPoly": {"vertices": [{"x": 10.0, "y": 208.0}, {"x": 105.0, "y": 208.0}, {"x": 105.0, "y": 232.0}, {"x": 10.0, "y": 232.0}]}, "description": "merchant phone"}, {"boundingPoly": {"vertices": [{"x": 9.0, "y": 254.0}, {"x": 117.0, "y": 254.0}, {"x": 117.0, "y": 275.0}, {"x": 9.0, "y": 275.0}]}, "description": " CHECK#"}, {"boundingPoly": {"vertices": [{"x": 8.0, "y": 278.0}, {"x": 367.0, "y": 285.0}, {"x": 367.0, "y": 300.0}, {"x": 8.0, "y": 294.0}]}, "description": "****************************************"}, {"boundingPoly": {"vertices": [{"x": 133.0, "y": 257.0}, {"x": 257.0, "y": 257.0}, {"x": 257.0, "y": 279.0}, {"x": 133.0, "y": 279.0}]}, "description": " 96-HERE"}, {"boundingPoly": {"vertices": [{"x": 10.0, "y": 343.0}, {"x": 142.0, "y": 346.0}, {"x": 142.0, "y": 365.0}, {"x": 10.0, "y": 362.0}]}, "description": "1 LUNCH SPECIAL"}, {"boundingPoly": {"vertices": [{"x": 42.0, "y": 367.0}, {"x": 135.0, "y": 367.0}, {"x": 135.0, "y": 386.0}, {"x": 42.0, "y": 385.0}]}, "description": "SLC CHEESE"}, {"boundingPoly": {"vertices": [{"x": 43.0, "y": 389.0}, {"x": 153.0, "y": 391.0}, {"x": 153.0, "y": 410.0}, {"x": 42.0, "y": 408.0}]}, "description": "SM HOUSE SAL"}, {"boundingPoly": {"vertices": [{"x": 43.0, "y": 412.0}, {"x": 89.0, "y": 412.0}, {"x": 89.0, "y": 431.0}, {"x": 43.0, "y": 431.0}]}, "description": "HOUSE"}, {"boundingPoly": {"vertices": [{"x": 43.0, "y": 436.0}, {"x": 108.0, "y": 435.0}, {"x": 108.0, "y": 454.0}, {"x": 43.0, "y": 455.0}]}, "description": "Sm COKF"}, {"boundingPoly": {"vertices": [{"x": 10.0, "y": 457.0}, {"x": 207.0, "y": 459.0}, {"x": 207.0, "y": 478.0}, {"x": 10.0, "y": 475.0}]}, "description": "1 SLICE CHEESE KITCHEN"}, {"boundingPoly": {"vertices": [{"x": 44.0, "y": 480.0}, {"x": 128.0, "y": 480.0}, {"x": 128.0, "y": 498.0}, {"x": 44.0, "y": 497.0}]}, "description": "MEATBALLS"}, {"boundingPoly": {"vertices": [{"x": 45.0, "y": 501.0}, {"x": 136.0, "y": 502.0}, {"x": 136.0, "y": 519.0}, {"x": 45.0, "y": 519.0}]}, "description": "BLK OLIVES"}, {"boundingPoly": {"vertices": [{"x": 46.0, "y": 524.0}, {"x": 128.0, "y": 523.0}, {"x": 128.0, "y": 541.0}, {"x": 46.0, "y": 541.0}]}, "description": "MUSHROOMS"}, {"boundingPoly": {"vertices": [{"x": 45.0, "y": 545.0}, {"x": 100.0, "y": 545.0}, {"x": 100.0, "y": 563.0}, {"x": 45.0, "y": 563.0}]}, "description": "ONIONS"}, {"boundingPoly": {"vertices": [{"x": 11.0, "y": 568.0}, {"x": 92.0, "y": 568.0}, {"x": 92.0, "y": 585.0}, {"x": 11.0, "y": 585.0}]}, "description": "1 sm COKE"}, {"boundingPoly": {"vertices": [{"x": 310.0, "y": 349.0}, {"x": 348.0, "y": 349.0}, {"x": 348.0, "y": 368.0}, {"x": 310.0, "y": 367.0}]}, "description": "9.25"}, {"boundingPoly": {"vertices": [{"x": 330.0, "y": 464.0}, {"x": 344.0, "y": 463.0}, {"x": 344.0, "y": 479.0}, {"x": 330.0, "y": 479.0}]}, "description": "15"}, {"boundingPoly": {"vertices": [{"x": 308.0, "y": 526.0}, {"x": 344.0, "y": 526.0}, {"x": 344.0, "y": 543.0}, {"x": 308.0, "y": 543.0}]}, "description": "0.50"}, {"boundingPoly": {"vertices": [{"x": 308.0, "y": 547.0}, {"x": 344.0, "y": 547.0}, {"x": 343.0, "y": 565.0}, {"x": 308.0, "y": 565.0}]}, "description": "0.50"}, {"boundingPoly": {"vertices": [{"x": 308.0, "y": 569.0}, {"x": 344.0, "y": 569.0}, {"x": 343.0, "y": 587.0}, {"x": 309.0, "y": 585.0}]}, "description": "2.95"}, {"boundingPoly": {"vertices": [{"x": 160.0, "y": 613.0}, {"x": 246.0, "y": 613.0}, {"x": 246.0, "y": 632.0}, {"x": 160.0, "y": 632.0}]}, "description": " Sub-total:"}, {"boundingPoly": {"vertices": [{"x": 196.0, "y": 635.0}, {"x": 236.0, "y": 635.0}, {"x": 236.0, "y": 653.0}, {"x": 196.0, "y": 653.0}]}, "description": " Taxes"}, {"boundingPoly": {"vertices": [{"x": 302.0, "y": 614.0}, {"x": 345.0, "y": 614.0}, {"x": 345.0, "y": 632.0}, {"x": 302.0, "y": 631.0}]}, "description": "18.15"}, {"boundingPoly": {"vertices": [{"x": 239.0, "y": 635.0}, {"x": 248.0, "y": 635.0}, {"x": 248.0, "y": 653.0}, {"x": 239.0, "y": 653.0}]}, "description": " :"}, {"boundingPoly": {"vertices": [{"x": 83.0, "y": 678.0}, {"x": 262.0, "y": 678.0}, {"x": 262.0, "y": 698.0}, {"x": 83.0, "y": 698.0}]}, "description": " Total Due:"}, {"boundingPoly": {"vertices": [{"x": 274.0, "y": 678.0}, {"x": 363.0, "y": 680.0}, {"x": 363.0, "y": 699.0}, {"x": 274.0, "y": 697.0}]}, "description": "19.20"}, {"boundingPoly": {"vertices": [{"x": 9.0, "y": 722.0}, {"x": 53.0, "y": 722.0}, {"x": 53.0, "y": 740.0}, {"x": 9.0, "y": 740.0}]}, "description": " Cash:"}, {"boundingPoly": {"vertices": [{"x": 303.0, "y": 722.0}, {"x": 346.0, "y": 722.0}, {"x": 346.0, "y": 740.0}, {"x": 302.0, "y": 741.0}]}, "description": "19.20"}, {"boundingPoly": {"vertices": [{"x": 309.0, "y": 752.0}, {"x": 356.0, "y": 749.0}, {"x": 357.0, "y": 769.0}, {"x": 312.0, "y": 773.0}]}, "description": "5.00"}, {"boundingPoly": {"vertices": [{"x": 316.0, "y": 796.0}, {"x": 378.0, "y": 783.0}, {"x": 384.0, "y": 808.0}, {"x": 321.0, "y": 822.0}]}, "description": "24,20"}, {"boundingPoly": {"vertices": [{"x": 69.0, "y": 810.0}, {"x": 313.0, "y": 810.0}, {"x": 313.0, "y": 829.0}, {"x": 69.0, "y": 830.0}]}, "description": "WE APPRECIATE YOUR BUSINESS"}]}