{"textAnnotations": [{"boundingPoly": {"vertices": [{"x": 234.0, "y": 336.0}, {"x": 527.0, "y": 332.0}, {"x": 527.0, "y": 360.0}, {"x": 234.0, "y": 364.0}]}, "description": "merchant name"}, {"boundingPoly": {"vertices": [{"x": 278.0, "y": 367.0}, {"x": 608.0, "y": 367.0}, {"x": 608.0, "y": 396.0}, {"x": 278.0, "y": 396.0}]}, "description": "merchant address"}, {"boundingPoly": {"vertices": [{"x": 200.0, "y": 397.0}, {"x": 563.0, "y": 396.0}, {"x": 563.0, "y": 424.0}, {"x": 200.0, "y": 426.0}]}, "description": "merchant phone"}, {"boundingPoly": {"vertices": [{"x": 191.0, "y": 428.0}, {"x": 408.0, "y": 428.0}, {"x": 408.0, "y": 455.0}, {"x": 191.0, "y": 455.0}]}, "description": "ABN 44 839 610 388"}, {"boundingPoly": {"vertices": [{"x": 148.0, "y": 368.0}, {"x": 268.0, "y": 368.0}, {"x": 268.0, "y": 396.0}, {"x": 148.0, "y": 396.0}]}, "description": "merchant address"}, {"boundingPoly": {"vertices": [{"x": 449.0, "y": 428.0}, {"x": 589.0, "y": 428.0}, {"x": 589.0, "y": 454.0}, {"x": 449.0, "y": 454.0}]}, "description": "TAX INVOICE"}, {"boundingPoly": {"vertices": [{"x": 146.0, "y": 534.0}, {"x": 301.0, "y": 534.0}, {"x": 301.0, "y": 583.0}, {"x": 146.0, "y": 583.0}]}, "description": " REG RACHEL"}, {"boundingPoly": {"vertices": [{"x": 310.0, "y": 536.0}, {"x": 449.0, "y": 536.0}, {"x": 449.0, "y": 586.0}, {"x": 310.0, "y": 586.0}]}, "description": " 20-11-2013"}, {"boundingPoly": {"vertices": [{"x": 456.0, "y": 539.0}, {"x": 486.0, "y": 539.0}, {"x": 486.0, "y": 587.0}, {"x": 456.0, "y": 587.0}]}, "description": " 1."}, {"boundingPoly": {"vertices": [{"x": 580.0, "y": 539.0}, {"x": 634.0, "y": 540.0}, {"x": 634.0, "y": 584.0}, {"x": 581.0, "y": 583.0}]}, "description": "10026"}, {"boundingPoly": {"vertices": [{"x": 176.0, "y": 631.0}, {"x": 202.0, "y": 631.0}, {"x": 202.0, "y": 678.0}, {"x": 176.0, "y": 678.0}]}, "description": " 1"}, {"boundingPoly": {"vertices": [{"x": 175.0, "y": 678.0}, {"x": 201.0, "y": 678.0}, {"x": 201.0, "y": 725.0}, {"x": 175.0, "y": 725.0}]}, "description": " 1"}, {"boundingPoly": {"vertices": [{"x": 170.0, "y": 727.0}, {"x": 200.0, "y": 727.0}, {"x": 200.0, "y": 771.0}, {"x": 170.0, "y": 771.0}]}, "description": " 1"}, {"boundingPoly": {"vertices": [{"x": 175.0, "y": 775.0}, {"x": 197.0, "y": 775.0}, {"x": 197.0, "y": 821.0}, {"x": 175.0, "y": 821.0}]}, "description": " 1"}, {"boundingPoly": {"vertices": [{"x": 210.0, "y": 631.0}, {"x": 344.0, "y": 631.0}, {"x": 344.0, "y": 678.0}, {"x": 210.0, "y": 678.0}]}, "description": " 13.50 MEAL"}, {"boundingPoly": {"vertices": [{"x": 209.0, "y": 678.0}, {"x": 271.0, "y": 678.0}, {"x": 271.0, "y": 725.0}, {"x": 209.0, "y": 725.0}]}, "description": " 15.50"}, {"boundingPoly": {"vertices": [{"x": 207.0, "y": 728.0}, {"x": 357.0, "y": 728.0}, {"x": 357.0, "y": 775.0}, {"x": 207.0, "y": 775.0}]}, "description": " FRUIT JUICE"}, {"boundingPoly": {"vertices": [{"x": 205.0, "y": 775.0}, {"x": 322.0, "y": 775.0}, {"x": 322.0, "y": 822.0}, {"x": 205.0, "y": 822.0}]}, "description": " KOMBUCHA"}, {"boundingPoly": {"vertices": [{"x": 214.0, "y": 822.0}, {"x": 366.0, "y": 824.0}, {"x": 366.0, "y": 870.0}, {"x": 214.0, "y": 868.0}]}, "description": "GST INCLUDED"}, {"boundingPoly": {"vertices": [{"x": 215.0, "y": 872.0}, {"x": 383.0, "y": 874.0}, {"x": 382.0, "y": 918.0}, {"x": 215.0, "y": 915.0}]}, "description": "TOTAL PAYABLE"}, {"boundingPoly": {"vertices": [{"x": 218.0, "y": 918.0}, {"x": 294.0, "y": 919.0}, {"x": 293.0, "y": 962.0}, {"x": 218.0, "y": 959.0}]}, "description": "EFTPOS"}, {"boundingPoly": {"vertices": [{"x": 280.0, "y": 679.0}, {"x": 345.0, "y": 679.0}, {"x": 345.0, "y": 725.0}, {"x": 280.0, "y": 725.0}]}, "description": " MEAL"}, {"boundingPoly": {"vertices": [{"x": 512.0, "y": 638.0}, {"x": 615.0, "y": 638.0}, {"x": 614.0, "y": 683.0}, {"x": 512.0, "y": 682.0}]}, "description": "$13.50 *"}, {"boundingPoly": {"vertices": [{"x": 509.0, "y": 686.0}, {"x": 616.0, "y": 681.0}, {"x": 619.0, "y": 727.0}, {"x": 509.0, "y": 731.0}]}, "description": "$15.50 *"}, {"boundingPoly": {"vertices": [{"x": 523.0, "y": 736.0}, {"x": 617.0, "y": 733.0}, {"x": 618.0, "y": 773.0}, {"x": 523.0, "y": 779.0}]}, "description": "$4,00 *"}, {"boundingPoly": {"vertices": [{"x": 522.0, "y": 785.0}, {"x": 617.0, "y": 779.0}, {"x": 620.0, "y": 821.0}, {"x": 522.0, "y": 828.0}]}, "description": "$4,50 *"}, {"boundingPoly": {"vertices": [{"x": 520.0, "y": 831.0}, {"x": 585.0, "y": 830.0}, {"x": 585.0, "y": 873.0}, {"x": 522.0, "y": 875.0}]}, "description": "$3.41"}, {"boundingPoly": {"vertices": [{"x": 429.0, "y": 874.0}, {"x": 586.0, "y": 875.0}, {"x": 585.0, "y": 924.0}, {"x": 428.0, "y": 923.0}]}, "description": "$37.50"}, {"boundingPoly": {"vertices": [{"x": 506.0, "y": 925.0}, {"x": 585.0, "y": 924.0}, {"x": 586.0, "y": 968.0}, {"x": 507.0, "y": 969.0}]}, "description": "$37.50"}]}