{"textAnnotations": [{"boundingPoly": {"vertices": [{"x": 217.0, "y": 174.0}, {"x": 343.0, "y": 188.0}, {"x": 337.0, "y": 243.0}, {"x": 212.0, "y": 228.0}]}, "description": "merchant name"}, {"boundingPoly": {"vertices": [{"x": 206.0, "y": 260.0}, {"x": 357.0, "y": 278.0}, {"x": 355.0, "y": 296.0}, {"x": 204.0, "y": 279.0}]}, "description": "Feeling Good on the Move"}, {"boundingPoly": {"vertices": [{"x": 210.0, "y": 303.0}, {"x": 316.0, "y": 314.0}, {"x": 314.0, "y": 332.0}, {"x": 208.0, "y": 320.0}]}, "description": "merchant address"}, {"boundingPoly": {"vertices": [{"x": 84.0, "y": 343.0}, {"x": 420.0, "y": 371.0}, {"x": 418.0, "y": 396.0}, {"x": 82.0, "y": 369.0}]}, "description": "merchant address"}, {"boundingPoly": {"vertices": [{"x": 49.0, "y": 425.0}, {"x": 203.0, "y": 435.0}, {"x": 202.0, "y": 455.0}, {"x": 48.0, "y": 445.0}]}, "description": "311700034 Amber"}, {"boundingPoly": {"vertices": [{"x": 219.0, "y": 234.0}, {"x": 330.0, "y": 247.0}, {"x": 328.0, "y": 268.0}, {"x": 218.0, "y": 255.0}]}, "description": "HOST"}, {"boundingPoly": {"vertices": [{"x": 193.0, "y": 382.0}, {"x": 311.0, "y": 387.0}, {"x": 310.0, "y": 417.0}, {"x": 191.0, "y": 411.0}]}, "description": "merchant address"}, {"boundingPoly": {"vertices": [{"x": 197.0, "y": 478.0}, {"x": 300.0, "y": 478.0}, {"x": 300.0, "y": 496.0}, {"x": 197.0, "y": 497.0}]}, "description": "CHK 364503"}, {"boundingPoly": {"vertices": [{"x": 155.0, "y": 500.0}, {"x": 331.0, "y": 500.0}, {"x": 331.0, "y": 521.0}, {"x": 155.0, "y": 521.0}]}, "description": " 30 OCT'19 6:39 AM"}, {"boundingPoly": {"vertices": [{"x": 70.0, "y": 545.0}, {"x": 188.0, "y": 545.0}, {"x": 188.0, "y": 568.0}, {"x": 70.0, "y": 568.0}]}, "description": " 06:39 B by:"}, {"boundingPoly": {"vertices": [{"x": 64.0, "y": 569.0}, {"x": 255.0, "y": 569.0}, {"x": 255.0, "y": 591.0}, {"x": 64.0, "y": 591.0}]}, "description": " Croissant Ham Kaas"}, {"boundingPoly": {"vertices": [{"x": 62.0, "y": 593.0}, {"x": 255.0, "y": 593.0}, {"x": 255.0, "y": 615.0}, {"x": 62.0, "y": 615.0}]}, "description": " Croissant Ham Kaas"}, {"boundingPoly": {"vertices": [{"x": 60.0, "y": 617.0}, {"x": 171.0, "y": 617.0}, {"x": 171.0, "y": 639.0}, {"x": 60.0, "y": 639.0}]}, "description": " Cafe Creme"}, {"boundingPoly": {"vertices": [{"x": 59.0, "y": 643.0}, {"x": 105.0, "y": 642.0}, {"x": 106.0, "y": 662.0}, {"x": 59.0, "y": 663.0}]}, "description": "AMEX"}, {"boundingPoly": {"vertices": [{"x": 192.0, "y": 546.0}, {"x": 246.0, "y": 546.0}, {"x": 246.0, "y": 567.0}, {"x": 192.0, "y": 567.0}]}, "description": " Amber"}, {"boundingPoly": {"vertices": [{"x": 46.0, "y": 569.0}, {"x": 60.0, "y": 569.0}, {"x": 60.0, "y": 590.0}, {"x": 46.0, "y": 590.0}]}, "description": " 1"}, {"boundingPoly": {"vertices": [{"x": 43.0, "y": 593.0}, {"x": 58.0, "y": 593.0}, {"x": 58.0, "y": 615.0}, {"x": 43.0, "y": 615.0}]}, "description": " 1"}, {"boundingPoly": {"vertices": [{"x": 43.0, "y": 617.0}, {"x": 56.0, "y": 617.0}, {"x": 56.0, "y": 639.0}, {"x": 43.0, "y": 639.0}]}, "description": " 1"}, {"boundingPoly": {"vertices": [{"x": 375.0, "y": 570.0}, {"x": 418.0, "y": 570.0}, {"x": 419.0, "y": 590.0}, {"x": 375.0, "y": 590.0}]}, "description": "2.10"}, {"boundingPoly": {"vertices": [{"x": 375.0, "y": 594.0}, {"x": 420.0, "y": 593.0}, {"x": 420.0, "y": 612.0}, {"x": 375.0, "y": 613.0}]}, "description": "2.10"}, {"boundingPoly": {"vertices": [{"x": 375.0, "y": 617.0}, {"x": 419.0, "y": 616.0}, {"x": 419.0, "y": 635.0}, {"x": 376.0, "y": 637.0}]}, "description": "2.30"}, {"boundingPoly": {"vertices": [{"x": 375.0, "y": 639.0}, {"x": 419.0, "y": 637.0}, {"x": 420.0, "y": 657.0}, {"x": 376.0, "y": 660.0}]}, "description": "6.50"}, {"boundingPoly": {"vertices": [{"x": 54.0, "y": 692.0}, {"x": 143.0, "y": 690.0}, {"x": 143.0, "y": 712.0}, {"x": 55.0, "y": 714.0}]}, "description": "Subtotal"}, {"boundingPoly": {"vertices": [{"x": 51.0, "y": 717.0}, {"x": 132.0, "y": 717.0}, {"x": 133.0, "y": 742.0}, {"x": 51.0, "y": 743.0}]}, "description": "Payment"}, {"boundingPoly": {"vertices": [{"x": 19.0, "y": 748.0}, {"x": 236.0, "y": 744.0}, {"x": 237.0, "y": 770.0}, {"x": 19.0, "y": 774.0}]}, "description": "Change Due"}, {"boundingPoly": {"vertices": [{"x": 82.0, "y": 775.0}, {"x": 206.0, "y": 773.0}, {"x": 206.0, "y": 800.0}, {"x": 83.0, "y": 801.0}]}, "description": "0.54 VAT 9%"}, {"boundingPoly": {"vertices": [{"x": 50.0, "y": 804.0}, {"x": 161.0, "y": 804.0}, {"x": 161.0, "y": 832.0}, {"x": 50.0, "y": 832.0}]}, "description": " Net Total:"}, {"boundingPoly": {"vertices": [{"x": 376.0, "y": 685.0}, {"x": 419.0, "y": 687.0}, {"x": 417.0, "y": 710.0}, {"x": 375.0, "y": 708.0}]}, "description": "6.50"}, {"boundingPoly": {"vertices": [{"x": 378.0, "y": 709.0}, {"x": 419.0, "y": 711.0}, {"x": 418.0, "y": 739.0}, {"x": 376.0, "y": 738.0}]}, "description": "6.50"}, {"boundingPoly": {"vertices": [{"x": 362.0, "y": 741.0}, {"x": 445.0, "y": 741.0}, {"x": 445.0, "y": 767.0}, {"x": 362.0, "y": 766.0}]}, "description": "0.00"}, {"boundingPoly": {"vertices": [{"x": 369.0, "y": 770.0}, {"x": 414.0, "y": 770.0}, {"x": 414.0, "y": 792.0}, {"x": 369.0, "y": 793.0}]}, "description": "6.50"}, {"boundingPoly": {"vertices": [{"x": 366.0, "y": 799.0}, {"x": 413.0, "y": 798.0}, {"x": 413.0, "y": 821.0}, {"x": 366.0, "y": 822.0}]}, "description": "5.96"}, {"boundingPoly": {"vertices": [{"x": 165.0, "y": 859.0}, {"x": 301.0, "y": 854.0}, {"x": 302.0, "y": 883.0}, {"x": 165.0, "y": 888.0}]}, "description": "Check Closed"}, {"boundingPoly": {"vertices": [{"x": 135.0, "y": 885.0}, {"x": 315.0, "y": 885.0}, {"x": 315.0, "y": 916.0}, {"x": 135.0, "y": 916.0}]}, "description": " 30 OCT'19 6:39 AM"}, {"boundingPoly": {"vertices": [{"x": 177.0, "y": 975.0}, {"x": 280.0, "y": 972.0}, {"x": 281.0, "y": 997.0}, {"x": 177.0, "y": 1000.0}]}, "description": "Thank You,"}, {"boundingPoly": {"vertices": [{"x": 109.0, "y": 1008.0}, {"x": 335.0, "y": 997.0}, {"x": 336.0, "y": 1021.0}, {"x": 110.0, "y": 1032.0}]}, "description": "Please Visit Us Again"}, {"boundingPoly": {"vertices": [{"x": 75.0, "y": 1048.0}, {"x": 379.0, "y": 1048.0}, {"x": 379.0, "y": 1092.0}, {"x": 75.0, "y": 1092.0}]}, "description": " http://hmshost.international"}, {"boundingPoly": {"vertices": [{"x": 202.0, "y": 1091.0}, {"x": 289.0, "y": 1085.0}, {"x": 290.0, "y": 1098.0}, {"x": 203.0, "y": 1103.0}]}, "description": "========"}, {"boundingPoly": {"vertices": [{"x": 198.0, "y": 1138.0}, {"x": 245.0, "y": 1137.0}, {"x": 246.0, "y": 1157.0}, {"x": 199.0, "y": 1159.0}]}, "description": "VAT#"}]}