{"textAnnotations": [{"boundingPoly": {"vertices": [{"x": 663.0, "y": 98.0}, {"x": 965.0, "y": 98.0}, {"x": 965.0, "y": 140.0}, {"x": 663.0, "y": 140.0}]}, "description": "merchant name"}, {"boundingPoly": {"vertices": [{"x": 626.0, "y": 158.0}, {"x": 975.0, "y": 157.0}, {"x": 975.0, "y": 191.0}, {"x": 626.0, "y": 193.0}]}, "description": "merchant address"}, {"boundingPoly": {"vertices": [{"x": 971.0, "y": 97.0}, {"x": 992.0, "y": 97.0}, {"x": 992.0, "y": 133.0}, {"x": 971.0, "y": 133.0}]}, "description": "merchant name"}, {"boundingPoly": {"vertices": [{"x": 998.0, "y": 95.0}, {"x": 1033.0, "y": 95.0}, {"x": 1033.0, "y": 132.0}, {"x": 998.0, "y": 132.0}]}, "description": "merchant name"}, {"boundingPoly": {"vertices": [{"x": 614.0, "y": 130.0}, {"x": 996.0, "y": 130.0}, {"x": 996.0, "y": 161.0}, {"x": 614.0, "y": 164.0}]}, "description": "merchant address"}, {"boundingPoly": {"vertices": [{"x": 681.0, "y": 190.0}, {"x": 925.0, "y": 187.0}, {"x": 926.0, "y": 219.0}, {"x": 681.0, "y": 223.0}]}, "description": "merchant phone"}, {"boundingPoly": {"vertices": [{"x": 517.0, "y": 245.0}, {"x": 722.0, "y": 245.0}, {"x": 722.0, "y": 285.0}, {"x": 517.0, "y": 285.0}]}, "description": " Merchant ID"}, {"boundingPoly": {"vertices": [{"x": 512.0, "y": 312.0}, {"x": 644.0, "y": 312.0}, {"x": 644.0, "y": 341.0}, {"x": 512.0, "y": 341.0}]}, "description": "Check #"}, {"boundingPoly": {"vertices": [{"x": 510.0, "y": 343.0}, {"x": 638.0, "y": 342.0}, {"x": 639.0, "y": 375.0}, {"x": 510.0, "y": 377.0}]}, "description": "Table #"}, {"boundingPoly": {"vertices": [{"x": 506.0, "y": 381.0}, {"x": 616.0, "y": 379.0}, {"x": 617.0, "y": 409.0}, {"x": 506.0, "y": 411.0}]}, "description": "Server"}, {"boundingPoly": {"vertices": [{"x": 504.0, "y": 414.0}, {"x": 653.0, "y": 413.0}, {"x": 654.0, "y": 447.0}, {"x": 504.0, "y": 449.0}]}, "description": "Acct Num"}, {"boundingPoly": {"vertices": [{"x": 504.0, "y": 455.0}, {"x": 714.0, "y": 455.0}, {"x": 714.0, "y": 497.0}, {"x": 504.0, "y": 497.0}]}, "description": " Expiry Date"}, {"boundingPoly": {"vertices": [{"x": 501.0, "y": 500.0}, {"x": 670.0, "y": 500.0}, {"x": 670.0, "y": 540.0}, {"x": 501.0, "y": 542.0}]}, "description": "Card Type"}, {"boundingPoly": {"vertices": [{"x": 505.0, "y": 546.0}, {"x": 706.0, "y": 546.0}, {"x": 706.0, "y": 587.0}, {"x": 505.0, "y": 587.0}]}, "description": " Trans Type"}, {"boundingPoly": {"vertices": [{"x": 508.0, "y": 593.0}, {"x": 693.0, "y": 592.0}, {"x": 694.0, "y": 631.0}, {"x": 508.0, "y": 633.0}]}, "description": "Trans Date"}, {"boundingPoly": {"vertices": [{"x": 508.0, "y": 639.0}, {"x": 704.0, "y": 638.0}, {"x": 705.0, "y": 677.0}, {"x": 508.0, "y": 679.0}]}, "description": "Trans Time"}, {"boundingPoly": {"vertices": [{"x": 507.0, "y": 681.0}, {"x": 695.0, "y": 681.0}, {"x": 695.0, "y": 721.0}, {"x": 507.0, "y": 722.0}]}, "description": "Entry Mode"}, {"boundingPoly": {"vertices": [{"x": 509.0, "y": 727.0}, {"x": 675.0, "y": 728.0}, {"x": 675.0, "y": 764.0}, {"x": 509.0, "y": 763.0}]}, "description": "Auth Code"}, {"boundingPoly": {"vertices": [{"x": 510.0, "y": 772.0}, {"x": 681.0, "y": 773.0}, {"x": 681.0, "y": 810.0}, {"x": 510.0, "y": 809.0}]}, "description": "Resp Code"}, {"boundingPoly": {"vertices": [{"x": 507.0, "y": 819.0}, {"x": 586.0, "y": 820.0}, {"x": 583.0, "y": 854.0}, {"x": 508.0, "y": 853.0}]}, "description": "Mode"}, {"boundingPoly": {"vertices": [{"x": 513.0, "y": 863.0}, {"x": 567.0, "y": 863.0}, {"x": 566.0, "y": 899.0}, {"x": 511.0, "y": 899.0}]}, "description": "AID"}, {"boundingPoly": {"vertices": [{"x": 516.0, "y": 908.0}, {"x": 569.0, "y": 908.0}, {"x": 568.0, "y": 945.0}, {"x": 515.0, "y": 945.0}]}, "description": "ARC"}, {"boundingPoly": {"vertices": [{"x": 517.0, "y": 952.0}, {"x": 572.0, "y": 953.0}, {"x": 571.0, "y": 991.0}, {"x": 517.0, "y": 990.0}]}, "description": "TVR"}, {"boundingPoly": {"vertices": [{"x": 517.0, "y": 997.0}, {"x": 572.0, "y": 996.0}, {"x": 573.0, "y": 1033.0}, {"x": 519.0, "y": 1035.0}]}, "description": "TSI"}, {"boundingPoly": {"vertices": [{"x": 522.0, "y": 1042.0}, {"x": 572.0, "y": 1042.0}, {"x": 571.0, "y": 1075.0}, {"x": 521.0, "y": 1076.0}]}, "description": "IAD"}, {"boundingPoly": {"vertices": [{"x": 521.0, "y": 1085.0}, {"x": 554.0, "y": 1086.0}, {"x": 553.0, "y": 1119.0}, {"x": 520.0, "y": 1118.0}]}, "description": "00"}, {"boundingPoly": {"vertices": [{"x": 728.0, "y": 256.0}, {"x": 752.0, "y": 256.0}, {"x": 752.0, "y": 287.0}, {"x": 728.0, "y": 287.0}]}, "description": " :"}, {"boundingPoly": {"vertices": [{"x": 513.0, "y": 277.0}, {"x": 718.0, "y": 280.0}, {"x": 717.0, "y": 311.0}, {"x": 512.0, "y": 308.0}]}, "description": "Terminal ID"}, {"boundingPoly": {"vertices": [{"x": 762.0, "y": 284.0}, {"x": 791.0, "y": 285.0}, {"x": 790.0, "y": 313.0}, {"x": 761.0, "y": 312.0}]}, "description": "4"}, {"boundingPoly": {"vertices": [{"x": 748.0, "y": 313.0}, {"x": 837.0, "y": 314.0}, {"x": 837.0, "y": 345.0}, {"x": 747.0, "y": 344.0}]}, "description": "5240"}, {"boundingPoly": {"vertices": [{"x": 760.0, "y": 344.0}, {"x": 836.0, "y": 343.0}, {"x": 835.0, "y": 375.0}, {"x": 760.0, "y": 377.0}]}, "description": "21/1"}, {"boundingPoly": {"vertices": [{"x": 752.0, "y": 375.0}, {"x": 983.0, "y": 376.0}, {"x": 983.0, "y": 408.0}, {"x": 752.0, "y": 407.0}]}, "description": "220399 Laura"}, {"boundingPoly": {"vertices": [{"x": 726.0, "y": 409.0}, {"x": 1057.0, "y": 409.0}, {"x": 1057.0, "y": 446.0}, {"x": 726.0, "y": 446.0}]}, "description": " : XXXXXXXXXXXX3002"}, {"boundingPoly": {"vertices": [{"x": 721.0, "y": 454.0}, {"x": 858.0, "y": 454.0}, {"x": 858.0, "y": 494.0}, {"x": 721.0, "y": 494.0}]}, "description": " : ** / **"}, {"boundingPoly": {"vertices": [{"x": 723.0, "y": 497.0}, {"x": 839.0, "y": 497.0}, {"x": 839.0, "y": 538.0}, {"x": 723.0, "y": 538.0}]}, "description": " : AMEX"}, {"boundingPoly": {"vertices": [{"x": 724.0, "y": 543.0}, {"x": 929.0, "y": 543.0}, {"x": 929.0, "y": 585.0}, {"x": 724.0, "y": 585.0}]}, "description": " : Authorize"}, {"boundingPoly": {"vertices": [{"x": 725.0, "y": 586.0}, {"x": 928.0, "y": 586.0}, {"x": 928.0, "y": 631.0}, {"x": 725.0, "y": 631.0}]}, "description": " : 12/1/2019"}, {"boundingPoly": {"vertices": [{"x": 732.0, "y": 633.0}, {"x": 894.0, "y": 633.0}, {"x": 894.0, "y": 675.0}, {"x": 732.0, "y": 675.0}]}, "description": " : 8:23 PM"}, {"boundingPoly": {"vertices": [{"x": 724.0, "y": 682.0}, {"x": 836.0, "y": 682.0}, {"x": 836.0, "y": 721.0}, {"x": 724.0, "y": 721.0}]}, "description": " : Chip"}, {"boundingPoly": {"vertices": [{"x": 728.0, "y": 725.0}, {"x": 880.0, "y": 725.0}, {"x": 880.0, "y": 766.0}, {"x": 728.0, "y": 766.0}]}, "description": " : 874094"}, {"boundingPoly": {"vertices": [{"x": 727.0, "y": 773.0}, {"x": 805.0, "y": 773.0}, {"x": 805.0, "y": 810.0}, {"x": 727.0, "y": 810.0}]}, "description": " : 00"}, {"boundingPoly": {"vertices": [{"x": 730.0, "y": 818.0}, {"x": 874.0, "y": 818.0}, {"x": 874.0, "y": 856.0}, {"x": 730.0, "y": 856.0}]}, "description": " : Issuer"}, {"boundingPoly": {"vertices": [{"x": 732.0, "y": 856.0}, {"x": 1053.0, "y": 856.0}, {"x": 1053.0, "y": 900.0}, {"x": 732.0, "y": 900.0}]}, "description": " : A000000025010801"}, {"boundingPoly": {"vertices": [{"x": 733.0, "y": 908.0}, {"x": 800.0, "y": 908.0}, {"x": 800.0, "y": 945.0}, {"x": 733.0, "y": 945.0}]}, "description": " : 00"}, {"boundingPoly": {"vertices": [{"x": 733.0, "y": 948.0}, {"x": 953.0, "y": 948.0}, {"x": 953.0, "y": 989.0}, {"x": 733.0, "y": 989.0}]}, "description": " : 0000008000"}, {"boundingPoly": {"vertices": [{"x": 738.0, "y": 995.0}, {"x": 841.0, "y": 995.0}, {"x": 841.0, "y": 1032.0}, {"x": 738.0, "y": 1032.0}]}, "description": " : F800"}, {"boundingPoly": {"vertices": [{"x": 740.0, "y": 1037.0}, {"x": 1024.0, "y": 1037.0}, {"x": 1024.0, "y": 1077.0}, {"x": 740.0, "y": 1077.0}]}, "description": " : 066D010360A002"}, {"boundingPoly": {"vertices": [{"x": 730.0, "y": 1081.0}, {"x": 881.0, "y": 1080.0}, {"x": 881.0, "y": 1118.0}, {"x": 730.0, "y": 1119.0}]}, "description": "APPROVED"}, {"boundingPoly": {"vertices": [{"x": 1034.0, "y": 1078.0}, {"x": 1097.0, "y": 1078.0}, {"x": 1097.0, "y": 1111.0}, {"x": 1034.0, "y": 1111.0}]}, "description": "000"}, {"boundingPoly": {"vertices": [{"x": 513.0, "y": 1165.0}, {"x": 663.0, "y": 1166.0}, {"x": 663.0, "y": 1205.0}, {"x": 513.0, "y": 1204.0}]}, "description": "Subtotal"}, {"boundingPoly": {"vertices": [{"x": 736.0, "y": 1166.0}, {"x": 840.0, "y": 1166.0}, {"x": 840.0, "y": 1207.0}, {"x": 736.0, "y": 1207.0}]}, "description": " : USD$"}, {"boundingPoly": {"vertices": [{"x": 1001.0, "y": 1159.0}, {"x": 1094.0, "y": 1160.0}, {"x": 1095.0, "y": 1198.0}, {"x": 1000.0, "y": 1196.0}]}, "description": "47.08"}, {"boundingPoly": {"vertices": [{"x": 508.0, "y": 1297.0}, {"x": 679.0, "y": 1297.0}, {"x": 679.0, "y": 1342.0}, {"x": 508.0, "y": 1342.0}]}, "description": " Gratuity:"}, {"boundingPoly": {"vertices": [{"x": 505.0, "y": 1389.0}, {"x": 620.0, "y": 1389.0}, {"x": 620.0, "y": 1429.0}, {"x": 505.0, "y": 1429.0}]}, "description": " Total:"}, {"boundingPoly": {"vertices": [{"x": 501.0, "y": 1577.0}, {"x": 675.0, "y": 1577.0}, {"x": 676.0, "y": 1617.0}, {"x": 501.0, "y": 1619.0}]}, "description": "Signature"}, {"boundingPoly": {"vertices": [{"x": 503.0, "y": 1620.0}, {"x": 1088.0, "y": 1616.0}, {"x": 1088.0, "y": 1658.0}, {"x": 503.0, "y": 1664.0}]}, "description": "I AUTHORIZE THIS TOTAL PURSUANT"}, {"boundingPoly": {"vertices": [{"x": 522.0, "y": 1665.0}, {"x": 1044.0, "y": 1662.0}, {"x": 1044.0, "y": 1707.0}, {"x": 522.0, "y": 1711.0}]}, "description": "TO MY CARD MEMBER AGREEMENT."}, {"boundingPoly": {"vertices": [{"x": 652.0, "y": 1754.0}, {"x": 918.0, "y": 1754.0}, {"x": 918.0, "y": 1805.0}, {"x": 652.0, "y": 1805.0}]}, "description": " Check Total %:"}, {"boundingPoly": {"vertices": [{"x": 674.0, "y": 1807.0}, {"x": 880.0, "y": 1804.0}, {"x": 881.0, "y": 1849.0}, {"x": 675.0, "y": 1852.0}]}, "description": "15% = $7.06"}, {"boundingPoly": {"vertices": [{"x": 673.0, "y": 1858.0}, {"x": 881.0, "y": 1855.0}, {"x": 881.0, "y": 1899.0}, {"x": 673.0, "y": 1903.0}]}, "description": "18% = $8.47"}, {"boundingPoly": {"vertices": [{"x": 665.0, "y": 1909.0}, {"x": 883.0, "y": 1906.0}, {"x": 884.0, "y": 1954.0}, {"x": 666.0, "y": 1955.0}]}, "description": "20% = $9.42"}, {"boundingPoly": {"vertices": [{"x": 604.0, "y": 2014.0}, {"x": 984.0, "y": 2008.0}, {"x": 985.0, "y": 2055.0}, {"x": 604.0, "y": 2061.0}]}, "description": "Need a Reservation?"}, {"boundingPoly": {"vertices": [{"x": 597.0, "y": 2067.0}, {"x": 988.0, "y": 2064.0}, {"x": 988.0, "y": 2110.0}, {"x": 597.0, "y": 2115.0}]}, "description": "Find us on RESY.com"}, {"boundingPoly": {"vertices": [{"x": 579.0, "y": 2120.0}, {"x": 1007.0, "y": 2118.0}, {"x": 1008.0, "y": 2170.0}, {"x": 579.0, "y": 2175.0}]}, "description": "Download the RESY app"}, {"boundingPoly": {"vertices": [{"x": 593.0, "y": 2178.0}, {"x": 1005.0, "y": 2172.0}, {"x": 1006.0, "y": 2228.0}, {"x": 594.0, "y": 2233.0}]}, "description": "or call us directly!"}]}