{"textAnnotations": [{"boundingPoly": {"vertices": [{"x": 238.0, "y": 194.0}, {"x": 409.0, "y": 194.0}, {"x": 409.0, "y": 247.0}, {"x": 238.0, "y": 247.0}]}, "description": " Order:"}, {"boundingPoly": {"vertices": [{"x": 115.0, "y": 288.0}, {"x": 274.0, "y": 280.0}, {"x": 275.0, "y": 305.0}, {"x": 116.0, "y": 314.0}]}, "description": "French Fries"}, {"boundingPoly": {"vertices": [{"x": 440.0, "y": 185.0}, {"x": 528.0, "y": 185.0}, {"x": 528.0, "y": 238.0}, {"x": 440.0, "y": 238.0}]}, "description": " 816"}, {"boundingPoly": {"vertices": [{"x": 408.0, "y": 336.0}, {"x": 528.0, "y": 332.0}, {"x": 530.0, "y": 357.0}, {"x": 409.0, "y": 362.0}]}, "description": "Sub Total"}, {"boundingPoly": {"vertices": [{"x": 408.0, "y": 369.0}, {"x": 544.0, "y": 365.0}, {"x": 545.0, "y": 390.0}, {"x": 409.0, "y": 395.0}]}, "description": "Tax Amount"}, {"boundingPoly": {"vertices": [{"x": 598.0, "y": 327.0}, {"x": 655.0, "y": 328.0}, {"x": 655.0, "y": 353.0}, {"x": 599.0, "y": 354.0}]}, "description": "1.45"}, {"boundingPoly": {"vertices": [{"x": 595.0, "y": 361.0}, {"x": 654.0, "y": 360.0}, {"x": 655.0, "y": 386.0}, {"x": 595.0, "y": 386.0}]}, "description": "0.13"}, {"boundingPoly": {"vertices": [{"x": 93.0, "y": 451.0}, {"x": 213.0, "y": 447.0}, {"x": 214.0, "y": 491.0}, {"x": 94.0, "y": 494.0}]}, "description": "Total USD"}, {"boundingPoly": {"vertices": [{"x": 92.0, "y": 513.0}, {"x": 632.0, "y": 513.0}, {"x": 632.0, "y": 559.0}, {"x": 92.0, "y": 559.0}]}, "description": " 11/14/2019 12:13 PM Terminal 11|1:143"}, {"boundingPoly": {"vertices": [{"x": 591.0, "y": 432.0}, {"x": 649.0, "y": 430.0}, {"x": 650.0, "y": 476.0}, {"x": 592.0, "y": 478.0}]}, "description": "1.58"}, {"boundingPoly": {"vertices": [{"x": 246.0, "y": 798.0}, {"x": 424.0, "y": 798.0}, {"x": 424.0, "y": 826.0}, {"x": 246.0, "y": 826.0}]}, "description": "9700000725460"}, {"boundingPoly": {"vertices": [{"x": 47.0, "y": 871.0}, {"x": 598.0, "y": 874.0}, {"x": 598.0, "y": 902.0}, {"x": 47.0, "y": 898.0}]}, "description": "Please take this order confirmation slip"}, {"boundingPoly": {"vertices": [{"x": 42.0, "y": 908.0}, {"x": 596.0, "y": 909.0}, {"x": 596.0, "y": 938.0}, {"x": 42.0, "y": 935.0}]}, "description": "to a cashier or self-checkout station to"}, {"boundingPoly": {"vertices": [{"x": 34.0, "y": 943.0}, {"x": 290.0, "y": 946.0}, {"x": 289.0, "y": 974.0}, {"x": 33.0, "y": 971.0}]}, "description": "pay for your order."}]}