{"textAnnotations": [{"boundingPoly": {"vertices": [{"x": 868.0, "y": 171.0}, {"x": 1349.0, "y": 158.0}, {"x": 1350.0, "y": 197.0}, {"x": 869.0, "y": 212.0}]}, "description": "Thank You For Visiting the"}, {"boundingPoly": {"vertices": [{"x": 953.0, "y": 251.0}, {"x": 1255.0, "y": 241.0}, {"x": 1256.0, "y": 278.0}, {"x": 954.0, "y": 288.0}]}, "description": "Matthew Fraysier"}, {"boundingPoly": {"vertices": [{"x": 983.0, "y": 329.0}, {"x": 1229.0, "y": 320.0}, {"x": 1230.0, "y": 358.0}, {"x": 984.0, "y": 367.0}]}, "description": "merchant phone"}, {"boundingPoly": {"vertices": [{"x": 887.0, "y": 411.0}, {"x": 1328.0, "y": 400.0}, {"x": 1330.0, "y": 438.0}, {"x": 888.0, "y": 451.0}]}, "description": "Text @LTF11479 to 73940"}, {"boundingPoly": {"vertices": [{"x": 870.0, "y": 201.0}, {"x": 1232.0, "y": 201.0}, {"x": 1232.0, "y": 253.0}, {"x": 870.0, "y": 253.0}]}, "description": "merchant name"}, {"boundingPoly": {"vertices": [{"x": 961.0, "y": 289.0}, {"x": 1243.0, "y": 283.0}, {"x": 1244.0, "y": 320.0}, {"x": 962.0, "y": 326.0}]}, "description": "General Manager"}, {"boundingPoly": {"vertices": [{"x": 893.0, "y": 369.0}, {"x": 1311.0, "y": 357.0}, {"x": 1312.0, "y": 397.0}, {"x": 894.0, "y": 408.0}]}, "description": "We Love Your Feedback!"}, {"boundingPoly": {"vertices": [{"x": 1239.0, "y": 199.0}, {"x": 1268.0, "y": 199.0}, {"x": 1268.0, "y": 239.0}, {"x": 1239.0, "y": 239.0}]}, "description": "merchant name"}, {"boundingPoly": {"vertices": [{"x": 1275.0, "y": 196.0}, {"x": 1341.0, "y": 196.0}, {"x": 1341.0, "y": 238.0}, {"x": 1275.0, "y": 238.0}]}, "description": "merchant name"}, {"boundingPoly": {"vertices": [{"x": 1446.0, "y": 481.0}, {"x": 1507.0, "y": 482.0}, {"x": 1505.0, "y": 520.0}, {"x": 1445.0, "y": 519.0}]}, "description": "USD"}, {"boundingPoly": {"vertices": [{"x": 1426.0, "y": 522.0}, {"x": 1509.0, "y": 521.0}, {"x": 1509.0, "y": 561.0}, {"x": 1426.0, "y": 562.0}]}, "description": "2.05"}, {"boundingPoly": {"vertices": [{"x": 1429.0, "y": 571.0}, {"x": 1509.0, "y": 567.0}, {"x": 1509.0, "y": 601.0}, {"x": 1429.0, "y": 604.0}]}, "description": "2.70"}, {"boundingPoly": {"vertices": [{"x": 724.0, "y": 540.0}, {"x": 1105.0, "y": 532.0}, {"x": 1106.0, "y": 574.0}, {"x": 725.0, "y": 582.0}]}, "description": "Tropicana Orange w/C"}, {"boundingPoly": {"vertices": [{"x": 724.0, "y": 623.0}, {"x": 1086.0, "y": 617.0}, {"x": 1086.0, "y": 660.0}, {"x": 724.0, "y": 664.0}]}, "description": "0.92 lb \u00d7 $ 7.68/1b"}, {"boundingPoly": {"vertices": [{"x": 722.0, "y": 582.0}, {"x": 1100.0, "y": 575.0}, {"x": 1101.0, "y": 614.0}, {"x": 722.0, "y": 623.0}]}, "description": "Fage Nonfat Greek St"}, {"boundingPoly": {"vertices": [{"x": 719.0, "y": 666.0}, {"x": 1000.0, "y": 661.0}, {"x": 1001.0, "y": 703.0}, {"x": 719.0, "y": 708.0}]}, "description": "Small Clamshell"}, {"boundingPoly": {"vertices": [{"x": 1431.0, "y": 653.0}, {"x": 1513.0, "y": 654.0}, {"x": 1511.0, "y": 692.0}, {"x": 1429.0, "y": 691.0}]}, "description": "7.07"}, {"boundingPoly": {"vertices": [{"x": 1153.0, "y": 743.0}, {"x": 1329.0, "y": 742.0}, {"x": 1330.0, "y": 785.0}, {"x": 1154.0, "y": 786.0}]}, "description": "Sub Total"}, {"boundingPoly": {"vertices": [{"x": 1158.0, "y": 791.0}, {"x": 1350.0, "y": 790.0}, {"x": 1351.0, "y": 829.0}, {"x": 1158.0, "y": 832.0}]}, "description": "Tax Amount"}, {"boundingPoly": {"vertices": [{"x": 1414.0, "y": 743.0}, {"x": 1518.0, "y": 742.0}, {"x": 1518.0, "y": 782.0}, {"x": 1414.0, "y": 783.0}]}, "description": "11.82"}, {"boundingPoly": {"vertices": [{"x": 1434.0, "y": 787.0}, {"x": 1520.0, "y": 786.0}, {"x": 1518.0, "y": 822.0}, {"x": 1433.0, "y": 823.0}]}, "description": "1.05"}, {"boundingPoly": {"vertices": [{"x": 683.0, "y": 929.0}, {"x": 1040.0, "y": 926.0}, {"x": 1041.0, "y": 1001.0}, {"x": 683.0, "y": 1006.0}]}, "description": "Total USD"}, {"boundingPoly": {"vertices": [{"x": 1315.0, "y": 925.0}, {"x": 1513.0, "y": 920.0}, {"x": 1512.0, "y": 997.0}, {"x": 1318.0, "y": 998.0}]}, "description": "12.87"}, {"boundingPoly": {"vertices": [{"x": 673.0, "y": 1142.0}, {"x": 865.0, "y": 1142.0}, {"x": 865.0, "y": 1183.0}, {"x": 673.0, "y": 1183.0}]}, "description": "5008 AMEX"}, {"boundingPoly": {"vertices": [{"x": 1423.0, "y": 1136.0}, {"x": 1518.0, "y": 1135.0}, {"x": 1518.0, "y": 1179.0}, {"x": 1422.0, "y": 1178.0}]}, "description": "12.87"}, {"boundingPoly": {"vertices": [{"x": 676.0, "y": 1287.0}, {"x": 736.0, "y": 1285.0}, {"x": 735.0, "y": 1322.0}, {"x": 675.0, "y": 1324.0}]}, "description": "Tax"}, {"boundingPoly": {"vertices": [{"x": 679.0, "y": 1330.0}, {"x": 834.0, "y": 1328.0}, {"x": 835.0, "y": 1373.0}, {"x": 679.0, "y": 1376.0}]}, "description": "() 8.875"}, {"boundingPoly": {"vertices": [{"x": 994.0, "y": 1281.0}, {"x": 1295.0, "y": 1281.0}, {"x": 1295.0, "y": 1325.0}, {"x": 994.0, "y": 1325.0}]}, "description": " Taxable Amount"}, {"boundingPoly": {"vertices": [{"x": 1184.0, "y": 1330.0}, {"x": 1278.0, "y": 1329.0}, {"x": 1278.0, "y": 1369.0}, {"x": 1183.0, "y": 1370.0}]}, "description": "11.82"}, {"boundingPoly": {"vertices": [{"x": 1315.0, "y": 1281.0}, {"x": 1530.0, "y": 1281.0}, {"x": 1530.0, "y": 1323.0}, {"x": 1315.0, "y": 1323.0}]}, "description": " Tax Amount"}, {"boundingPoly": {"vertices": [{"x": 1445.0, "y": 1328.0}, {"x": 1528.0, "y": 1326.0}, {"x": 1527.0, "y": 1367.0}, {"x": 1444.0, "y": 1370.0}]}, "description": "1.05"}, {"boundingPoly": {"vertices": [{"x": 665.0, "y": 1472.0}, {"x": 1525.0, "y": 1472.0}, {"x": 1525.0, "y": 1522.0}, {"x": 665.0, "y": 1522.0}]}, "description": " 11/25/2019 09:22 AM #:42488 Op:4049 C:111"}, {"boundingPoly": {"vertices": [{"x": 665.0, "y": 1524.0}, {"x": 874.0, "y": 1524.0}, {"x": 874.0, "y": 1571.0}, {"x": 665.0, "y": 1571.0}]}, "description": " 101 S:1111"}, {"boundingPoly": {"vertices": [{"x": 657.0, "y": 1574.0}, {"x": 873.0, "y": 1574.0}, {"x": 873.0, "y": 1622.0}, {"x": 657.0, "y": 1622.0}]}, "description": " Served you"}, {"boundingPoly": {"vertices": [{"x": 882.0, "y": 1574.0}, {"x": 1282.0, "y": 1574.0}, {"x": 1282.0, "y": 1625.0}, {"x": 882.0, "y": 1625.0}]}, "description": " : Guadalupe Canarte"}, {"boundingPoly": {"vertices": [{"x": 837.0, "y": 1776.0}, {"x": 1284.0, "y": 1781.0}, {"x": 1284.0, "y": 1829.0}, {"x": 837.0, "y": 1825.0}]}, "description": "*** Customer copy ***"}, {"boundingPoly": {"vertices": [{"x": 918.0, "y": 1882.0}, {"x": 1212.0, "y": 1884.0}, {"x": 1212.0, "y": 1935.0}, {"x": 917.0, "y": 1930.0}]}, "description": "AMEX NY937 (1)"}, {"boundingPoly": {"vertices": [{"x": 633.0, "y": 1986.0}, {"x": 1047.0, "y": 1990.0}, {"x": 1046.0, "y": 2040.0}, {"x": 632.0, "y": 2036.0}]}, "description": "PURCHASE / APPROVED"}, {"boundingPoly": {"vertices": [{"x": 631.0, "y": 2047.0}, {"x": 730.0, "y": 2045.0}, {"x": 728.0, "y": 2087.0}, {"x": 632.0, "y": 2089.0}]}, "description": "AMEX"}, {"boundingPoly": {"vertices": [{"x": 633.0, "y": 2102.0}, {"x": 959.0, "y": 2102.0}, {"x": 958.0, "y": 2148.0}, {"x": 632.0, "y": 2144.0}]}, "description": "*********** 1006"}, {"boundingPoly": {"vertices": [{"x": 628.0, "y": 2149.0}, {"x": 1069.0, "y": 2158.0}, {"x": 1068.0, "y": 2209.0}, {"x": 627.0, "y": 2200.0}]}, "description": "CONTACTLESS / No CVM"}, {"boundingPoly": {"vertices": [{"x": 623.0, "y": 2259.0}, {"x": 1046.0, "y": 2259.0}, {"x": 1046.0, "y": 2319.0}, {"x": 623.0, "y": 2319.0}]}, "description": " 2019/11/25 09:22:24"}, {"boundingPoly": {"vertices": [{"x": 639.0, "y": 2317.0}, {"x": 696.0, "y": 2320.0}, {"x": 691.0, "y": 2370.0}, {"x": 633.0, "y": 2368.0}]}, "description": "TID"}, {"boundingPoly": {"vertices": [{"x": 625.0, "y": 2377.0}, {"x": 689.0, "y": 2376.0}, {"x": 687.0, "y": 2425.0}, {"x": 623.0, "y": 2425.0}]}, "description": "MID"}, {"boundingPoly": {"vertices": [{"x": 617.0, "y": 2431.0}, {"x": 818.0, "y": 2438.0}, {"x": 816.0, "y": 2489.0}, {"x": 616.0, "y": 2482.0}]}, "description": "REFERENCE"}, {"boundingPoly": {"vertices": [{"x": 614.0, "y": 2491.0}, {"x": 814.0, "y": 2498.0}, {"x": 812.0, "y": 2547.0}, {"x": 613.0, "y": 2541.0}]}, "description": "AUTH CODE"}, {"boundingPoly": {"vertices": [{"x": 1327.0, "y": 2335.0}, {"x": 1515.0, "y": 2338.0}, {"x": 1514.0, "y": 2384.0}, {"x": 1326.0, "y": 2380.0}]}, "description": "**** 6030"}, {"boundingPoly": {"vertices": [{"x": 1354.0, "y": 2392.0}, {"x": 1510.0, "y": 2395.0}, {"x": 1509.0, "y": 2444.0}, {"x": 1353.0, "y": 2440.0}]}, "description": "6634459"}, {"boundingPoly": {"vertices": [{"x": 945.0, "y": 2439.0}, {"x": 1513.0, "y": 2454.0}, {"x": 1512.0, "y": 2504.0}, {"x": 945.0, "y": 2490.0}]}, "description": "S1111T111101#42488@231447"}, {"boundingPoly": {"vertices": [{"x": 1378.0, "y": 2511.0}, {"x": 1513.0, "y": 2512.0}, {"x": 1512.0, "y": 2560.0}, {"x": 1378.0, "y": 2560.0}]}, "description": "579979"}, {"boundingPoly": {"vertices": [{"x": 613.0, "y": 2608.0}, {"x": 724.0, "y": 2613.0}, {"x": 722.0, "y": 2663.0}, {"x": 611.0, "y": 2659.0}]}, "description": "TOTAL"}, {"boundingPoly": {"vertices": [{"x": 1331.0, "y": 2625.0}, {"x": 1520.0, "y": 2629.0}, {"x": 1519.0, "y": 2685.0}, {"x": 1330.0, "y": 2681.0}]}, "description": "USD12.87"}, {"boundingPoly": {"vertices": [{"x": 386.0, "y": 2743.0}, {"x": 891.0, "y": 2737.0}, {"x": 891.0, "y": 2791.0}, {"x": 387.0, "y": 2797.0}]}, "description": "REDMI NOTE 5 PRO"}, {"boundingPoly": {"vertices": [{"x": 383.0, "y": 2812.0}, {"x": 853.0, "y": 2809.0}, {"x": 854.0, "y": 2862.0}, {"x": 383.0, "y": 2867.0}]}, "description": "MI DUAL CAMERA"}]}