{"textAnnotations": [{"boundingPoly": {"vertices": [{"x": 558.0, "y": 392.0}, {"x": 1195.0, "y": 364.0}, {"x": 1197.0, "y": 422.0}, {"x": 561.0, "y": 449.0}]}, "description": "merchant name"}, {"boundingPoly": {"vertices": [{"x": 527.0, "y": 519.0}, {"x": 1222.0, "y": 490.0}, {"x": 1223.0, "y": 546.0}, {"x": 528.0, "y": 575.0}]}, "description": "merchant address"}, {"boundingPoly": {"vertices": [{"x": 742.0, "y": 636.0}, {"x": 1021.0, "y": 626.0}, {"x": 1023.0, "y": 680.0}, {"x": 742.0, "y": 691.0}]}, "description": "CHK 727380"}, {"boundingPoly": {"vertices": [{"x": 663.0, "y": 449.0}, {"x": 1109.0, "y": 437.0}, {"x": 1111.0, "y": 488.0}, {"x": 664.0, "y": 503.0}]}, "description": "merchant address"}, {"boundingPoly": {"vertices": [{"x": 1387.0, "y": 566.0}, {"x": 1447.0, "y": 564.0}, {"x": 1446.0, "y": 588.0}, {"x": 1387.0, "y": 590.0}]}, "description": "--"}, {"boundingPoly": {"vertices": [{"x": 599.0, "y": 687.0}, {"x": 1141.0, "y": 687.0}, {"x": 1141.0, "y": 761.0}, {"x": 599.0, "y": 761.0}]}, "description": " 11/12/2019 07:17 AM"}, {"boundingPoly": {"vertices": [{"x": 751.0, "y": 761.0}, {"x": 977.0, "y": 761.0}, {"x": 977.0, "y": 819.0}, {"x": 751.0, "y": 819.0}]}, "description": " Drawer:"}, {"boundingPoly": {"vertices": [{"x": 482.0, "y": 772.0}, {"x": 686.0, "y": 766.0}, {"x": 687.0, "y": 820.0}, {"x": 482.0, "y": 826.0}]}, "description": "2824437"}, {"boundingPoly": {"vertices": [{"x": 986.0, "y": 754.0}, {"x": 1201.0, "y": 754.0}, {"x": 1201.0, "y": 814.0}, {"x": 986.0, "y": 814.0}]}, "description": " 1 Reg:"}, {"boundingPoly": {"vertices": [{"x": 1210.0, "y": 752.0}, {"x": 1250.0, "y": 752.0}, {"x": 1250.0, "y": 811.0}, {"x": 1210.0, "y": 811.0}]}, "description": " 2"}, {"boundingPoly": {"vertices": [{"x": 384.0, "y": 905.0}, {"x": 846.0, "y": 900.0}, {"x": 846.0, "y": 954.0}, {"x": 384.0, "y": 961.0}]}, "description": "Banana Nut Bread"}, {"boundingPoly": {"vertices": [{"x": 439.0, "y": 973.0}, {"x": 619.0, "y": 972.0}, {"x": 619.0, "y": 1027.0}, {"x": 439.0, "y": 1028.0}]}, "description": "Warmed"}, {"boundingPoly": {"vertices": [{"x": 375.0, "y": 1041.0}, {"x": 867.0, "y": 1033.0}, {"x": 868.0, "y": 1093.0}, {"x": 375.0, "y": 1100.0}]}, "description": "Pumpkin Loaf Cake"}, {"boundingPoly": {"vertices": [{"x": 433.0, "y": 1109.0}, {"x": 609.0, "y": 1105.0}, {"x": 610.0, "y": 1164.0}, {"x": 433.0, "y": 1167.0}]}, "description": "Warmed"}, {"boundingPoly": {"vertices": [{"x": 369.0, "y": 1172.0}, {"x": 749.0, "y": 1172.0}, {"x": 750.0, "y": 1234.0}, {"x": 369.0, "y": 1235.0}]}, "description": "Tl Cappuccino"}, {"boundingPoly": {"vertices": [{"x": 1185.0, "y": 887.0}, {"x": 1303.0, "y": 886.0}, {"x": 1304.0, "y": 946.0}, {"x": 1186.0, "y": 949.0}]}, "description": "3.45"}, {"boundingPoly": {"vertices": [{"x": 1181.0, "y": 1026.0}, {"x": 1303.0, "y": 1024.0}, {"x": 1303.0, "y": 1087.0}, {"x": 1184.0, "y": 1089.0}]}, "description": "3.45"}, {"boundingPoly": {"vertices": [{"x": 1180.0, "y": 1164.0}, {"x": 1303.0, "y": 1163.0}, {"x": 1300.0, "y": 1223.0}, {"x": 1183.0, "y": 1228.0}]}, "description": "3.95"}, {"boundingPoly": {"vertices": [{"x": 357.0, "y": 1318.0}, {"x": 477.0, "y": 1320.0}, {"x": 476.0, "y": 1371.0}, {"x": 355.0, "y": 1370.0}]}, "description": "Amex"}, {"boundingPoly": {"vertices": [{"x": 350.0, "y": 1383.0}, {"x": 830.0, "y": 1381.0}, {"x": 830.0, "y": 1442.0}, {"x": 350.0, "y": 1446.0}]}, "description": "XXXXXXXXXXXX1006"}, {"boundingPoly": {"vertices": [{"x": 693.0, "y": 1455.0}, {"x": 1003.0, "y": 1455.0}, {"x": 1003.0, "y": 1521.0}, {"x": 693.0, "y": 1521.0}]}, "description": " QUICK CHIP"}, {"boundingPoly": {"vertices": [{"x": 689.0, "y": 1530.0}, {"x": 941.0, "y": 1530.0}, {"x": 941.0, "y": 1595.0}, {"x": 689.0, "y": 1595.0}]}, "description": " PURCHASE"}, {"boundingPoly": {"vertices": [{"x": 718.0, "y": 1601.0}, {"x": 972.0, "y": 1601.0}, {"x": 972.0, "y": 1668.0}, {"x": 718.0, "y": 1668.0}]}, "description": " 00000027"}, {"boundingPoly": {"vertices": [{"x": 651.0, "y": 1676.0}, {"x": 1148.0, "y": 1676.0}, {"x": 1148.0, "y": 1742.0}, {"x": 651.0, "y": 1742.0}]}, "description": " AMERICAN EXPRESS"}, {"boundingPoly": {"vertices": [{"x": 556.0, "y": 1750.0}, {"x": 749.0, "y": 1750.0}, {"x": 749.0, "y": 1817.0}, {"x": 556.0, "y": 1817.0}]}, "description": " 888226"}, {"boundingPoly": {"vertices": [{"x": 457.0, "y": 1829.0}, {"x": 963.0, "y": 1829.0}, {"x": 963.0, "y": 1895.0}, {"x": 457.0, "y": 1895.0}]}, "description": " A000000025010801"}, {"boundingPoly": {"vertices": [{"x": 456.0, "y": 1903.0}, {"x": 773.0, "y": 1903.0}, {"x": 773.0, "y": 1971.0}, {"x": 456.0, "y": 1971.0}]}, "description": " 0000008000"}, {"boundingPoly": {"vertices": [{"x": 449.0, "y": 1983.0}, {"x": 587.0, "y": 1983.0}, {"x": 587.0, "y": 2051.0}, {"x": 449.0, "y": 2051.0}]}, "description": " E800"}, {"boundingPoly": {"vertices": [{"x": 1154.0, "y": 1306.0}, {"x": 1304.0, "y": 1306.0}, {"x": 1307.0, "y": 1365.0}, {"x": 1155.0, "y": 1367.0}]}, "description": "11.20"}, {"boundingPoly": {"vertices": [{"x": 341.0, "y": 1458.0}, {"x": 683.0, "y": 1458.0}, {"x": 683.0, "y": 1521.0}, {"x": 341.0, "y": 1521.0}]}, "description": " Card Entry:"}, {"boundingPoly": {"vertices": [{"x": 339.0, "y": 1531.0}, {"x": 679.0, "y": 1531.0}, {"x": 679.0, "y": 1595.0}, {"x": 339.0, "y": 1595.0}]}, "description": " Trans Type:"}, {"boundingPoly": {"vertices": [{"x": 330.0, "y": 1604.0}, {"x": 706.0, "y": 1604.0}, {"x": 706.0, "y": 1668.0}, {"x": 330.0, "y": 1668.0}]}, "description": " Reference #:"}, {"boundingPoly": {"vertices": [{"x": 330.0, "y": 1678.0}, {"x": 640.0, "y": 1678.0}, {"x": 640.0, "y": 1743.0}, {"x": 330.0, "y": 1743.0}]}, "description": " App Label:"}, {"boundingPoly": {"vertices": [{"x": 323.0, "y": 1752.0}, {"x": 545.0, "y": 1752.0}, {"x": 545.0, "y": 1817.0}, {"x": 323.0, "y": 1817.0}]}, "description": " Auth #:"}, {"boundingPoly": {"vertices": [{"x": 316.0, "y": 1827.0}, {"x": 445.0, "y": 1827.0}, {"x": 445.0, "y": 1894.0}, {"x": 316.0, "y": 1894.0}]}, "description": " AID:"}, {"boundingPoly": {"vertices": [{"x": 312.0, "y": 1903.0}, {"x": 444.0, "y": 1903.0}, {"x": 444.0, "y": 1971.0}, {"x": 312.0, "y": 1971.0}]}, "description": " TVR:"}, {"boundingPoly": {"vertices": [{"x": 309.0, "y": 1981.0}, {"x": 438.0, "y": 1981.0}, {"x": 438.0, "y": 2050.0}, {"x": 309.0, "y": 2050.0}]}, "description": " TSI:"}, {"boundingPoly": {"vertices": [{"x": 292.0, "y": 2141.0}, {"x": 543.0, "y": 2143.0}, {"x": 542.0, "y": 2213.0}, {"x": 292.0, "y": 2211.0}]}, "description": "Subtotal"}, {"boundingPoly": {"vertices": [{"x": 286.0, "y": 2224.0}, {"x": 601.0, "y": 2226.0}, {"x": 601.0, "y": 2295.0}, {"x": 285.0, "y": 2292.0}]}, "description": "Tax 8.875%"}, {"boundingPoly": {"vertices": [{"x": 282.0, "y": 2306.0}, {"x": 447.0, "y": 2307.0}, {"x": 447.0, "y": 2379.0}, {"x": 282.0, "y": 2372.0}]}, "description": "Total"}, {"boundingPoly": {"vertices": [{"x": 178.0, "y": 2381.0}, {"x": 816.0, "y": 2402.0}, {"x": 813.0, "y": 2473.0}, {"x": 177.0, "y": 2454.0}]}, "description": "Change Due"}, {"boundingPoly": {"vertices": [{"x": 1075.0, "y": 2157.0}, {"x": 1274.0, "y": 2159.0}, {"x": 1272.0, "y": 2230.0}, {"x": 1076.0, "y": 2227.0}]}, "description": "$10.85"}, {"boundingPoly": {"vertices": [{"x": 1106.0, "y": 2240.0}, {"x": 1275.0, "y": 2241.0}, {"x": 1273.0, "y": 2312.0}, {"x": 1106.0, "y": 2314.0}]}, "description": "$0.35"}, {"boundingPoly": {"vertices": [{"x": 1072.0, "y": 2325.0}, {"x": 1270.0, "y": 2323.0}, {"x": 1268.0, "y": 2396.0}, {"x": 1072.0, "y": 2397.0}]}, "description": "$11.20"}, {"boundingPoly": {"vertices": [{"x": 1131.0, "y": 2412.0}, {"x": 1472.0, "y": 2411.0}, {"x": 1472.0, "y": 2489.0}, {"x": 1131.0, "y": 2490.0}]}, "description": "$0.00"}, {"boundingPoly": {"vertices": [{"x": 540.0, "y": 2565.0}, {"x": 1094.0, "y": 2581.0}, {"x": 1092.0, "y": 2645.0}, {"x": 538.0, "y": 2637.0}]}, "description": "Check Closed ----"}, {"boundingPoly": {"vertices": [{"x": 475.0, "y": 2648.0}, {"x": 1111.0, "y": 2648.0}, {"x": 1111.0, "y": 2744.0}, {"x": 475.0, "y": 2744.0}]}, "description": " 11/12/2019 07:17 AM"}, {"boundingPoly": {"vertices": [{"x": 410.0, "y": 2755.0}, {"x": 914.0, "y": 2745.0}, {"x": 915.0, "y": 2804.0}, {"x": 411.0, "y": 2812.0}]}, "description": "REDMI NOTE 5 PRO"}, {"boundingPoly": {"vertices": [{"x": 407.0, "y": 2823.0}, {"x": 873.0, "y": 2817.0}, {"x": 873.0, "y": 2876.0}, {"x": 408.0, "y": 2881.0}]}, "description": "MI DUAL CAMERA"}]}