{"textAnnotations": [{"boundingPoly": {"vertices": [{"x": 383.0, "y": 185.0}, {"x": 841.0, "y": 145.0}, {"x": 846.0, "y": 230.0}, {"x": 388.0, "y": 271.0}]}, "description": "merchant name"}, {"boundingPoly": {"vertices": [{"x": 416.0, "y": 373.0}, {"x": 793.0, "y": 342.0}, {"x": 797.0, "y": 389.0}, {"x": 417.0, "y": 412.0}]}, "description": "merchant address"}, {"boundingPoly": {"vertices": [{"x": 365.0, "y": 444.0}, {"x": 488.0, "y": 444.0}, {"x": 488.0, "y": 486.0}, {"x": 365.0, "y": 486.0}]}, "description": " Julia M"}, {"boundingPoly": {"vertices": [{"x": 448.0, "y": 285.0}, {"x": 788.0, "y": 251.0}, {"x": 791.0, "y": 288.0}, {"x": 449.0, "y": 315.0}]}, "description": "CREATIVE SALAD CO."}, {"boundingPoly": {"vertices": [{"x": 232.0, "y": 440.0}, {"x": 361.0, "y": 440.0}, {"x": 361.0, "y": 479.0}, {"x": 232.0, "y": 479.0}]}, "description": " Server:"}, {"boundingPoly": {"vertices": [{"x": 846.0, "y": 407.0}, {"x": 983.0, "y": 388.0}, {"x": 988.0, "y": 424.0}, {"x": 851.0, "y": 444.0}]}, "description": "11/11/19"}, {"boundingPoly": {"vertices": [{"x": 229.0, "y": 476.0}, {"x": 423.0, "y": 484.0}, {"x": 421.0, "y": 520.0}, {"x": 228.0, "y": 512.0}]}, "description": "Check #1373"}, {"boundingPoly": {"vertices": [{"x": 863.0, "y": 429.0}, {"x": 990.0, "y": 429.0}, {"x": 990.0, "y": 481.0}, {"x": 863.0, "y": 481.0}]}, "description": " 7:36 PM"}, {"boundingPoly": {"vertices": [{"x": 226.0, "y": 678.0}, {"x": 661.0, "y": 678.0}, {"x": 661.0, "y": 717.0}, {"x": 226.0, "y": 718.0}]}, "description": "Global Street Food Pairing"}, {"boundingPoly": {"vertices": [{"x": 261.0, "y": 721.0}, {"x": 611.0, "y": 720.0}, {"x": 611.0, "y": 756.0}, {"x": 261.0, "y": 758.0}]}, "description": "Chocolate Chip Cookie"}, {"boundingPoly": {"vertices": [{"x": 258.0, "y": 760.0}, {"x": 612.0, "y": 758.0}, {"x": 612.0, "y": 796.0}, {"x": 258.0, "y": 798.0}]}, "description": "NYC Street Cart Salad"}, {"boundingPoly": {"vertices": [{"x": 255.0, "y": 800.0}, {"x": 595.0, "y": 799.0}, {"x": 596.0, "y": 838.0}, {"x": 255.0, "y": 839.0}]}, "description": "Spindrift Grapefruit"}, {"boundingPoly": {"vertices": [{"x": 880.0, "y": 649.0}, {"x": 991.0, "y": 637.0}, {"x": 995.0, "y": 673.0}, {"x": 884.0, "y": 685.0}]}, "description": "$12.79"}, {"boundingPoly": {"vertices": [{"x": 218.0, "y": 920.0}, {"x": 359.0, "y": 922.0}, {"x": 358.0, "y": 960.0}, {"x": 217.0, "y": 958.0}]}, "description": "Subtotal"}, {"boundingPoly": {"vertices": [{"x": 217.0, "y": 965.0}, {"x": 273.0, "y": 968.0}, {"x": 272.0, "y": 999.0}, {"x": 215.0, "y": 996.0}]}, "description": "Tax"}, {"boundingPoly": {"vertices": [{"x": 213.0, "y": 1007.0}, {"x": 304.0, "y": 1006.0}, {"x": 303.0, "y": 1042.0}, {"x": 213.0, "y": 1041.0}]}, "description": "Total"}, {"boundingPoly": {"vertices": [{"x": 881.0, "y": 896.0}, {"x": 990.0, "y": 885.0}, {"x": 994.0, "y": 920.0}, {"x": 886.0, "y": 933.0}]}, "description": "$12.79"}, {"boundingPoly": {"vertices": [{"x": 898.0, "y": 937.0}, {"x": 990.0, "y": 929.0}, {"x": 993.0, "y": 965.0}, {"x": 902.0, "y": 974.0}]}, "description": "$1.13"}, {"boundingPoly": {"vertices": [{"x": 881.0, "y": 981.0}, {"x": 994.0, "y": 974.0}, {"x": 995.0, "y": 1012.0}, {"x": 884.0, "y": 1019.0}]}, "description": "$13.92"}, {"boundingPoly": {"vertices": [{"x": 204.0, "y": 1089.0}, {"x": 407.0, "y": 1089.0}, {"x": 407.0, "y": 1128.0}, {"x": 204.0, "y": 1127.0}]}, "description": "Credit Card"}, {"boundingPoly": {"vertices": [{"x": 207.0, "y": 1135.0}, {"x": 280.0, "y": 1134.0}, {"x": 279.0, "y": 1167.0}, {"x": 205.0, "y": 1167.0}]}, "description": "Amex"}, {"boundingPoly": {"vertices": [{"x": 880.0, "y": 1069.0}, {"x": 997.0, "y": 1066.0}, {"x": 998.0, "y": 1104.0}, {"x": 881.0, "y": 1107.0}]}, "description": "Swiped"}, {"boundingPoly": {"vertices": [{"x": 779.0, "y": 1123.0}, {"x": 994.0, "y": 1112.0}, {"x": 995.0, "y": 1149.0}, {"x": 780.0, "y": 1158.0}]}, "description": "xxxxxxxx5007"}, {"boundingPoly": {"vertices": [{"x": 200.0, "y": 1217.0}, {"x": 487.0, "y": 1218.0}, {"x": 487.0, "y": 1258.0}, {"x": 200.0, "y": 1257.0}]}, "description": "Transaction Type"}, {"boundingPoly": {"vertices": [{"x": 195.0, "y": 1263.0}, {"x": 433.0, "y": 1262.0}, {"x": 433.0, "y": 1300.0}, {"x": 195.0, "y": 1302.0}]}, "description": "Authorization"}, {"boundingPoly": {"vertices": [{"x": 191.0, "y": 1309.0}, {"x": 431.0, "y": 1307.0}, {"x": 432.0, "y": 1345.0}, {"x": 191.0, "y": 1348.0}]}, "description": "Approval Code"}, {"boundingPoly": {"vertices": [{"x": 190.0, "y": 1351.0}, {"x": 376.0, "y": 1348.0}, {"x": 377.0, "y": 1390.0}, {"x": 190.0, "y": 1392.0}]}, "description": "Payment ID"}, {"boundingPoly": {"vertices": [{"x": 187.0, "y": 1398.0}, {"x": 392.0, "y": 1395.0}, {"x": 393.0, "y": 1435.0}, {"x": 187.0, "y": 1438.0}]}, "description": "Merchant ID"}, {"boundingPoly": {"vertices": [{"x": 187.0, "y": 1444.0}, {"x": 390.0, "y": 1442.0}, {"x": 391.0, "y": 1482.0}, {"x": 187.0, "y": 1485.0}]}, "description": "Card Reader"}, {"boundingPoly": {"vertices": [{"x": 925.0, "y": 1205.0}, {"x": 1000.0, "y": 1207.0}, {"x": 1000.0, "y": 1245.0}, {"x": 924.0, "y": 1244.0}]}, "description": "Sale"}, {"boundingPoly": {"vertices": [{"x": 849.0, "y": 1256.0}, {"x": 1005.0, "y": 1255.0}, {"x": 1005.0, "y": 1294.0}, {"x": 849.0, "y": 1294.0}]}, "description": "Approved"}, {"boundingPoly": {"vertices": [{"x": 879.0, "y": 1304.0}, {"x": 1003.0, "y": 1301.0}, {"x": 1004.0, "y": 1340.0}, {"x": 880.0, "y": 1342.0}]}, "description": "553923"}, {"boundingPoly": {"vertices": [{"x": 777.0, "y": 1348.0}, {"x": 1007.0, "y": 1349.0}, {"x": 1007.0, "y": 1393.0}, {"x": 777.0, "y": 1392.0}]}, "description": "PCyqmYmPrgNb"}, {"boundingPoly": {"vertices": [{"x": 835.0, "y": 1397.0}, {"x": 1007.0, "y": 1397.0}, {"x": 1007.0, "y": 1439.0}, {"x": 835.0, "y": 1439.0}]}, "description": "032656371"}, {"boundingPoly": {"vertices": [{"x": 742.0, "y": 1446.0}, {"x": 1015.0, "y": 1446.0}, {"x": 1015.0, "y": 1490.0}, {"x": 742.0, "y": 1488.0}]}, "description": "MAGTEK_DYNAMAG"}, {"boundingPoly": {"vertices": [{"x": 366.0, "y": 1535.0}, {"x": 477.0, "y": 1535.0}, {"x": 476.0, "y": 1573.0}, {"x": 366.0, "y": 1572.0}]}, "description": "Amount"}, {"boundingPoly": {"vertices": [{"x": 894.0, "y": 1546.0}, {"x": 1018.0, "y": 1544.0}, {"x": 1016.0, "y": 1586.0}, {"x": 895.0, "y": 1588.0}]}, "description": "$13.92"}, {"boundingPoly": {"vertices": [{"x": 336.0, "y": 1718.0}, {"x": 859.0, "y": 1736.0}, {"x": 857.0, "y": 1782.0}, {"x": 334.0, "y": 1764.0}]}, "description": "Thank you for dining with us!"}, {"boundingPoly": {"vertices": [{"x": 491.0, "y": 1819.0}, {"x": 693.0, "y": 1829.0}, {"x": 691.0, "y": 1873.0}, {"x": 489.0, "y": 1864.0}]}, "description": "Download at"}, {"boundingPoly": {"vertices": [{"x": 298.0, "y": 1768.0}, {"x": 889.0, "y": 1784.0}, {"x": 887.0, "y": 1830.0}, {"x": 298.0, "y": 1813.0}]}, "description": "Earn rewards with the Chopt App."}, {"boundingPoly": {"vertices": [{"x": 342.0, "y": 1863.0}, {"x": 848.0, "y": 1863.0}, {"x": 848.0, "y": 1917.0}, {"x": 342.0, "y": 1917.0}]}, "description": " http://choptsalad.com/order"}]}