{"textAnnotations": [{"boundingPoly": {"vertices": [{"x": 260.0, "y": 86.0}, {"x": 417.0, "y": 88.0}, {"x": 416.0, "y": 114.0}, {"x": 260.0, "y": 113.0}]}, "description": "Thank You For visiting the"}, {"boundingPoly": {"vertices": [{"x": 270.0, "y": 117.0}, {"x": 406.0, "y": 115.0}, {"x": 406.0, "y": 140.0}, {"x": 270.0, "y": 141.0}]}, "description": "Ne Love Your Feedback !"}, {"boundingPoly": {"vertices": [{"x": 267.0, "y": 160.0}, {"x": 405.0, "y": 157.0}, {"x": 405.0, "y": 188.0}, {"x": 268.0, "y": 191.0}]}, "description": "Order # 529"}, {"boundingPoly": {"vertices": [{"x": 214.0, "y": 198.0}, {"x": 340.0, "y": 222.0}, {"x": 337.0, "y": 236.0}, {"x": 213.0, "y": 213.0}]}, "description": "PHK Lunch Weighed Sa"}, {"boundingPoly": {"vertices": [{"x": 213.0, "y": 244.0}, {"x": 341.0, "y": 262.0}, {"x": 338.0, "y": 278.0}, {"x": 211.0, "y": 259.0}]}, "description": "Adobe Sour Cream / C"}, {"boundingPoly": {"vertices": [{"x": 211.0, "y": 276.0}, {"x": 341.0, "y": 292.0}, {"x": 339.0, "y": 307.0}, {"x": 210.0, "y": 290.0}]}, "description": "Pepsi Wild Cherry 20"}, {"boundingPoly": {"vertices": [{"x": 257.0, "y": 99.0}, {"x": 416.0, "y": 100.0}, {"x": 416.0, "y": 127.0}, {"x": 257.0, "y": 126.0}]}, "description": "merchant name"}, {"boundingPoly": {"vertices": [{"x": 297.0, "y": 128.0}, {"x": 411.0, "y": 128.0}, {"x": 411.0, "y": 154.0}, {"x": 297.0, "y": 154.0}]}, "description": " 8 11 11606 to 73940"}, {"boundingPoly": {"vertices": [{"x": 269.0, "y": 129.0}, {"x": 293.0, "y": 129.0}, {"x": 293.0, "y": 152.0}, {"x": 269.0, "y": 152.0}]}, "description": " Text"}, {"boundingPoly": {"vertices": [{"x": 217.0, "y": 183.0}, {"x": 336.0, "y": 207.0}, {"x": 333.0, "y": 223.0}, {"x": 215.0, "y": 198.0}]}, "description": "0.63.Jb x $ 6.88/1b"}, {"boundingPoly": {"vertices": [{"x": 213.0, "y": 229.0}, {"x": 312.0, "y": 247.0}, {"x": 310.0, "y": 261.0}, {"x": 211.0, "y": 243.0}]}, "description": "Adobe Guacamole"}, {"boundingPoly": {"vertices": [{"x": 213.0, "y": 260.0}, {"x": 338.0, "y": 279.0}, {"x": 336.0, "y": 294.0}, {"x": 211.0, "y": 274.0}]}, "description": "Adobe Extra Topping"}, {"boundingPoly": {"vertices": [{"x": 215.0, "y": 215.0}, {"x": 299.0, "y": 230.0}, {"x": 296.0, "y": 243.0}, {"x": 212.0, "y": 228.0}]}, "description": "Adobe Burrito"}, {"boundingPoly": {"vertices": [{"x": 437.0, "y": 209.0}, {"x": 470.0, "y": 204.0}, {"x": 471.0, "y": 217.0}, {"x": 439.0, "y": 221.0}]}, "description": "4.33"}, {"boundingPoly": {"vertices": [{"x": 435.0, "y": 233.0}, {"x": 471.0, "y": 230.0}, {"x": 472.0, "y": 244.0}, {"x": 437.0, "y": 247.0}]}, "description": "0.74"}, {"boundingPoly": {"vertices": [{"x": 437.0, "y": 248.0}, {"x": 471.0, "y": 246.0}, {"x": 473.0, "y": 260.0}, {"x": 438.0, "y": 262.0}]}, "description": "0.23"}, {"boundingPoly": {"vertices": [{"x": 439.0, "y": 263.0}, {"x": 471.0, "y": 261.0}, {"x": 472.0, "y": 275.0}, {"x": 440.0, "y": 277.0}]}, "description": "0.23"}, {"boundingPoly": {"vertices": [{"x": 440.0, "y": 277.0}, {"x": 470.0, "y": 276.0}, {"x": 471.0, "y": 289.0}, {"x": 441.0, "y": 290.0}]}, "description": "1.30"}, {"boundingPoly": {"vertices": [{"x": 435.0, "y": 220.0}, {"x": 471.0, "y": 215.0}, {"x": 472.0, "y": 229.0}, {"x": 437.0, "y": 234.0}]}, "description": "3.28"}, {"boundingPoly": {"vertices": [{"x": 353.0, "y": 317.0}, {"x": 412.0, "y": 312.0}, {"x": 414.0, "y": 326.0}, {"x": 354.0, "y": 331.0}]}, "description": "Sub Total"}, {"boundingPoly": {"vertices": [{"x": 436.0, "y": 309.0}, {"x": 469.0, "y": 307.0}, {"x": 470.0, "y": 321.0}, {"x": 438.0, "y": 323.0}]}, "description": "10.11"}, {"boundingPoly": {"vertices": [{"x": 441.0, "y": 325.0}, {"x": 470.0, "y": 322.0}, {"x": 471.0, "y": 335.0}, {"x": 443.0, "y": 338.0}]}, "description": "0.87"}, {"boundingPoly": {"vertices": [{"x": 354.0, "y": 332.0}, {"x": 419.0, "y": 327.0}, {"x": 420.0, "y": 340.0}, {"x": 355.0, "y": 346.0}]}, "description": "Tax Amount"}, {"boundingPoly": {"vertices": [{"x": 202.0, "y": 366.0}, {"x": 322.0, "y": 378.0}, {"x": 319.0, "y": 403.0}, {"x": 200.0, "y": 391.0}]}, "description": "Total USD"}, {"boundingPoly": {"vertices": [{"x": 405.0, "y": 373.0}, {"x": 470.0, "y": 369.0}, {"x": 470.0, "y": 392.0}, {"x": 407.0, "y": 397.0}]}, "description": "10.98"}, {"boundingPoly": {"vertices": [{"x": 199.0, "y": 438.0}, {"x": 341.0, "y": 448.0}, {"x": 340.0, "y": 464.0}, {"x": 199.0, "y": 454.0}]}, "description": "5009 AMERICAN EXPRESS"}, {"boundingPoly": {"vertices": [{"x": 203.0, "y": 483.0}, {"x": 224.0, "y": 484.0}, {"x": 223.0, "y": 498.0}, {"x": 202.0, "y": 497.0}]}, "description": "Tax"}, {"boundingPoly": {"vertices": [{"x": 203.0, "y": 497.0}, {"x": 250.0, "y": 502.0}, {"x": 249.0, "y": 517.0}, {"x": 201.0, "y": 513.0}]}, "description": "0 8.60"}, {"boundingPoly": {"vertices": [{"x": 438.0, "y": 441.0}, {"x": 473.0, "y": 438.0}, {"x": 474.0, "y": 453.0}, {"x": 439.0, "y": 455.0}]}, "description": "10.98"}, {"boundingPoly": {"vertices": [{"x": 305.0, "y": 490.0}, {"x": 402.0, "y": 490.0}, {"x": 402.0, "y": 509.0}, {"x": 305.0, "y": 509.0}]}, "description": " Taxable Amount"}, {"boundingPoly": {"vertices": [{"x": 364.0, "y": 508.0}, {"x": 396.0, "y": 507.0}, {"x": 396.0, "y": 520.0}, {"x": 363.0, "y": 521.0}]}, "description": "10.11"}, {"boundingPoly": {"vertices": [{"x": 406.0, "y": 485.0}, {"x": 474.0, "y": 485.0}, {"x": 474.0, "y": 505.0}, {"x": 406.0, "y": 505.0}]}, "description": " Tax Amount"}, {"boundingPoly": {"vertices": [{"x": 447.0, "y": 502.0}, {"x": 473.0, "y": 500.0}, {"x": 474.0, "y": 514.0}, {"x": 447.0, "y": 516.0}]}, "description": "0.87"}, {"boundingPoly": {"vertices": [{"x": 198.0, "y": 547.0}, {"x": 437.0, "y": 547.0}, {"x": 437.0, "y": 568.0}, {"x": 198.0, "y": 568.0}]}, "description": " 11/25/2019 01:15 PM #:303 Op:3068 C:"}, {"boundingPoly": {"vertices": [{"x": 195.0, "y": 581.0}, {"x": 267.0, "y": 581.0}, {"x": 267.0, "y": 598.0}, {"x": 195.0, "y": 598.0}]}, "description": " Served you"}, {"boundingPoly": {"vertices": [{"x": 441.0, "y": 547.0}, {"x": 479.0, "y": 547.0}, {"x": 479.0, "y": 565.0}, {"x": 441.0, "y": 565.0}]}, "description": " 11220"}, {"boundingPoly": {"vertices": [{"x": 196.0, "y": 563.0}, {"x": 220.0, "y": 563.0}, {"x": 220.0, "y": 580.0}, {"x": 196.0, "y": 580.0}]}, "description": " 6 S:"}, {"boundingPoly": {"vertices": [{"x": 222.0, "y": 565.0}, {"x": 254.0, "y": 565.0}, {"x": 254.0, "y": 581.0}, {"x": 222.0, "y": 581.0}]}, "description": " 1122"}, {"boundingPoly": {"vertices": [{"x": 269.0, "y": 582.0}, {"x": 366.0, "y": 582.0}, {"x": 366.0, "y": 599.0}, {"x": 269.0, "y": 599.0}]}, "description": " : Adriel Damas"}, {"boundingPoly": {"vertices": [{"x": 254.0, "y": 646.0}, {"x": 398.0, "y": 646.0}, {"x": 398.0, "y": 660.0}, {"x": 254.0, "y": 660.0}]}, "description": "*** Customer copy ***"}, {"boundingPoly": {"vertices": [{"x": 279.0, "y": 677.0}, {"x": 348.0, "y": 677.0}, {"x": 348.0, "y": 693.0}, {"x": 279.0, "y": 693.0}]}, "description": " AMEX Cafe"}, {"boundingPoly": {"vertices": [{"x": 209.0, "y": 694.0}, {"x": 456.0, "y": 694.0}, {"x": 456.0, "y": 711.0}, {"x": 209.0, "y": 711.0}]}, "description": " agree to pay the above total amount"}, {"boundingPoly": {"vertices": [{"x": 245.0, "y": 711.0}, {"x": 414.0, "y": 710.0}, {"x": 414.0, "y": 724.0}, {"x": 245.0, "y": 726.0}]}, "description": "according to card Issuer"}, {"boundingPoly": {"vertices": [{"x": 187.0, "y": 727.0}, {"x": 396.0, "y": 727.0}, {"x": 396.0, "y": 743.0}, {"x": 187.0, "y": 743.0}]}, "description": " agreement. (Merchant agreement"}, {"boundingPoly": {"vertices": [{"x": 209.0, "y": 744.0}, {"x": 381.0, "y": 744.0}, {"x": 381.0, "y": 759.0}, {"x": 209.0, "y": 759.0}]}, "description": " Voucher) Retain this copy"}, {"boundingPoly": {"vertices": [{"x": 299.0, "y": 761.0}, {"x": 359.0, "y": 761.0}, {"x": 359.0, "y": 775.0}, {"x": 299.0, "y": 776.0}]}, "description": "records."}, {"boundingPoly": {"vertices": [{"x": 350.0, "y": 677.0}, {"x": 372.0, "y": 677.0}, {"x": 372.0, "y": 692.0}, {"x": 350.0, "y": 692.0}]}, "description": " (1)"}, {"boundingPoly": {"vertices": [{"x": 198.0, "y": 694.0}, {"x": 206.0, "y": 694.0}, {"x": 206.0, "y": 711.0}, {"x": 198.0, "y": 711.0}]}, "description": " I"}, {"boundingPoly": {"vertices": [{"x": 399.0, "y": 727.0}, {"x": 415.0, "y": 727.0}, {"x": 415.0, "y": 742.0}, {"x": 399.0, "y": 742.0}]}, "description": " it"}, {"boundingPoly": {"vertices": [{"x": 384.0, "y": 744.0}, {"x": 409.0, "y": 744.0}, {"x": 409.0, "y": 759.0}, {"x": 384.0, "y": 759.0}]}, "description": " for"}, {"boundingPoly": {"vertices": [{"x": 418.0, "y": 726.0}, {"x": 464.0, "y": 726.0}, {"x": 464.0, "y": 741.0}, {"x": 418.0, "y": 741.0}]}, "description": " Credit"}, {"boundingPoly": {"vertices": [{"x": 411.0, "y": 744.0}, {"x": 442.0, "y": 744.0}, {"x": 442.0, "y": 759.0}, {"x": 411.0, "y": 759.0}]}, "description": " your"}, {"boundingPoly": {"vertices": [{"x": 186.0, "y": 795.0}, {"x": 323.0, "y": 794.0}, {"x": 323.0, "y": 809.0}, {"x": 187.0, "y": 811.0}]}, "description": "PURCHASE / APPROVED"}, {"boundingPoly": {"vertices": [{"x": 188.0, "y": 814.0}, {"x": 301.0, "y": 812.0}, {"x": 302.0, "y": 827.0}, {"x": 188.0, "y": 830.0}]}, "description": "AMERICAN EXPRESS"}, {"boundingPoly": {"vertices": [{"x": 187.0, "y": 832.0}, {"x": 294.0, "y": 831.0}, {"x": 295.0, "y": 845.0}, {"x": 187.0, "y": 846.0}]}, "description": "*********** 1006"}, {"boundingPoly": {"vertices": [{"x": 187.0, "y": 850.0}, {"x": 267.0, "y": 848.0}, {"x": 267.0, "y": 865.0}, {"x": 187.0, "y": 867.0}]}, "description": "CHIP READ /"}, {"boundingPoly": {"vertices": [{"x": 188.0, "y": 884.0}, {"x": 323.0, "y": 884.0}, {"x": 323.0, "y": 904.0}, {"x": 188.0, "y": 904.0}]}, "description": " 2019/11/25 13:16:01"}, {"boundingPoly": {"vertices": [{"x": 190.0, "y": 905.0}, {"x": 211.0, "y": 905.0}, {"x": 211.0, "y": 921.0}, {"x": 190.0, "y": 921.0}]}, "description": "TID"}, {"boundingPoly": {"vertices": [{"x": 189.0, "y": 924.0}, {"x": 212.0, "y": 924.0}, {"x": 212.0, "y": 938.0}, {"x": 188.0, "y": 939.0}]}, "description": "MID"}, {"boundingPoly": {"vertices": [{"x": 188.0, "y": 942.0}, {"x": 254.0, "y": 941.0}, {"x": 254.0, "y": 957.0}, {"x": 188.0, "y": 958.0}]}, "description": "REFERENCE"}, {"boundingPoly": {"vertices": [{"x": 190.0, "y": 960.0}, {"x": 255.0, "y": 960.0}, {"x": 255.0, "y": 975.0}, {"x": 190.0, "y": 976.0}]}, "description": "AUTH CODE"}, {"boundingPoly": {"vertices": [{"x": 416.0, "y": 902.0}, {"x": 478.0, "y": 904.0}, {"x": 478.0, "y": 919.0}, {"x": 416.0, "y": 917.0}]}, "description": "**** 4997"}, {"boundingPoly": {"vertices": [{"x": 424.0, "y": 922.0}, {"x": 479.0, "y": 922.0}, {"x": 479.0, "y": 938.0}, {"x": 424.0, "y": 938.0}]}, "description": "6634460"}, {"boundingPoly": {"vertices": [{"x": 310.0, "y": 939.0}, {"x": 480.0, "y": 941.0}, {"x": 480.0, "y": 958.0}, {"x": 309.0, "y": 956.0}]}, "description": "S11221112206#3039397812"}, {"boundingPoly": {"vertices": [{"x": 431.0, "y": 960.0}, {"x": 478.0, "y": 960.0}, {"x": 478.0, "y": 976.0}, {"x": 431.0, "y": 976.0}]}, "description": "833151"}, {"boundingPoly": {"vertices": [{"x": 191.0, "y": 996.0}, {"x": 228.0, "y": 996.0}, {"x": 228.0, "y": 1012.0}, {"x": 191.0, "y": 1012.0}]}, "description": "TOTAL"}, {"boundingPoly": {"vertices": [{"x": 419.0, "y": 997.0}, {"x": 482.0, "y": 998.0}, {"x": 482.0, "y": 1015.0}, {"x": 418.0, "y": 1014.0}]}, "description": "USD10.98"}, {"boundingPoly": {"vertices": [{"x": 191.0, "y": 1033.0}, {"x": 223.0, "y": 1033.0}, {"x": 223.0, "y": 1050.0}, {"x": 191.0, "y": 1050.0}]}, "description": " ARC:"}, {"boundingPoly": {"vertices": [{"x": 194.0, "y": 1052.0}, {"x": 222.0, "y": 1052.0}, {"x": 222.0, "y": 1068.0}, {"x": 194.0, "y": 1068.0}]}, "description": " TSI:"}, {"boundingPoly": {"vertices": [{"x": 195.0, "y": 1070.0}, {"x": 224.0, "y": 1070.0}, {"x": 224.0, "y": 1087.0}, {"x": 195.0, "y": 1087.0}]}, "description": " IAD:"}, {"boundingPoly": {"vertices": [{"x": 194.0, "y": 1088.0}, {"x": 225.0, "y": 1088.0}, {"x": 225.0, "y": 1105.0}, {"x": 194.0, "y": 1105.0}]}, "description": " TVR:"}, {"boundingPoly": {"vertices": [{"x": 195.0, "y": 1106.0}, {"x": 225.0, "y": 1106.0}, {"x": 225.0, "y": 1124.0}, {"x": 195.0, "y": 1124.0}]}, "description": " AID:"}, {"boundingPoly": {"vertices": [{"x": 193.0, "y": 1123.0}, {"x": 278.0, "y": 1123.0}, {"x": 278.0, "y": 1142.0}, {"x": 193.0, "y": 1142.0}]}, "description": " PAN Seq No:"}, {"boundingPoly": {"vertices": [{"x": 226.0, "y": 1032.0}, {"x": 245.0, "y": 1032.0}, {"x": 245.0, "y": 1049.0}, {"x": 226.0, "y": 1049.0}]}, "description": " 00"}, {"boundingPoly": {"vertices": [{"x": 225.0, "y": 1051.0}, {"x": 261.0, "y": 1051.0}, {"x": 261.0, "y": 1068.0}, {"x": 225.0, "y": 1068.0}]}, "description": " F800"}, {"boundingPoly": {"vertices": [{"x": 227.0, "y": 1065.0}, {"x": 332.0, "y": 1065.0}, {"x": 332.0, "y": 1086.0}, {"x": 227.0, "y": 1086.0}]}, "description": " 06600103602002"}, {"boundingPoly": {"vertices": [{"x": 227.0, "y": 1086.0}, {"x": 306.0, "y": 1086.0}, {"x": 306.0, "y": 1105.0}, {"x": 227.0, "y": 1105.0}]}, "description": " 0000008000"}, {"boundingPoly": {"vertices": [{"x": 228.0, "y": 1102.0}, {"x": 347.0, "y": 1102.0}, {"x": 347.0, "y": 1123.0}, {"x": 228.0, "y": 1123.0}]}, "description": " A000000025010801"}, {"boundingPoly": {"vertices": [{"x": 280.0, "y": 1122.0}, {"x": 299.0, "y": 1122.0}, {"x": 299.0, "y": 1139.0}, {"x": 280.0, "y": 1139.0}]}, "description": " 00"}]}