{"textAnnotations": [{"boundingPoly": {"vertices": [{"x": 5.0, "y": 0.0}, {"x": 17.0, "y": 0.0}, {"x": 17.0, "y": 18.0}, {"x": 5.0, "y": 18.0}]}, "description": " el"}, {"boundingPoly": {"vertices": [{"x": 20.0, "y": 1.0}, {"x": 42.0, "y": 1.0}, {"x": 42.0, "y": 18.0}, {"x": 20.0, "y": 18.0}]}, "description": " No."}, {"boundingPoly": {"vertices": [{"x": 32.0, "y": 16.0}, {"x": 112.0, "y": 16.0}, {"x": 112.0, "y": 34.0}, {"x": 32.0, "y": 34.0}]}, "description": " 19-8600670-D"}, {"boundingPoly": {"vertices": [{"x": 21.0, "y": 34.0}, {"x": 90.0, "y": 34.0}, {"x": 90.0, "y": 62.0}, {"x": 21.0, "y": 62.0}]}, "description": " To Go"}, {"boundingPoly": {"vertices": [{"x": 45.0, "y": 2.0}, {"x": 108.0, "y": 2.0}, {"x": 108.0, "y": 22.0}, {"x": 45.0, "y": 22.0}]}, "description": " 6910-1215"}, {"boundingPoly": {"vertices": [{"x": 7.0, "y": 13.0}, {"x": 28.0, "y": 13.0}, {"x": 28.0, "y": 34.0}, {"x": 7.0, "y": 34.0}]}, "description": " No:"}, {"boundingPoly": {"vertices": [{"x": 94.0, "y": 36.0}, {"x": 109.0, "y": 36.0}, {"x": 109.0, "y": 63.0}, {"x": 94.0, "y": 63.0}]}, "description": " )"}, {"boundingPoly": {"vertices": [{"x": 137.0, "y": 76.0}, {"x": 171.0, "y": 75.0}, {"x": 170.0, "y": 91.0}, {"x": 137.0, "y": 91.0}]}, "description": "$5.90"}, {"boundingPoly": {"vertices": [{"x": 0.0, "y": 102.0}, {"x": 27.0, "y": 104.0}, {"x": 27.0, "y": 116.0}, {"x": 0.0, "y": 114.0}]}, "description": "cRal"}, {"boundingPoly": {"vertices": [{"x": 137.0, "y": 106.0}, {"x": 168.0, "y": 106.0}, {"x": 168.0, "y": 120.0}, {"x": 136.0, "y": 120.0}]}, "description": "$7.50"}, {"boundingPoly": {"vertices": [{"x": 3.0, "y": 128.0}, {"x": 15.0, "y": 129.0}, {"x": 15.0, "y": 139.0}, {"x": 3.0, "y": 139.0}]}, "description": "G"}, {"boundingPoly": {"vertices": [{"x": 132.0, "y": 131.0}, {"x": 164.0, "y": 133.0}, {"x": 164.0, "y": 145.0}, {"x": 131.0, "y": 144.0}]}, "description": "$6.80"}, {"boundingPoly": {"vertices": [{"x": 0.0, "y": 154.0}, {"x": 33.0, "y": 154.0}, {"x": 33.0, "y": 166.0}, {"x": 0.0, "y": 165.0}]}, "description": "ashes"}, {"boundingPoly": {"vertices": [{"x": 130.0, "y": 157.0}, {"x": 162.0, "y": 158.0}, {"x": 161.0, "y": 171.0}, {"x": 129.0, "y": 170.0}]}, "description": "$5.50"}, {"boundingPoly": {"vertices": [{"x": 3.0, "y": 180.0}, {"x": 23.0, "y": 181.0}, {"x": 22.0, "y": 192.0}, {"x": 2.0, "y": 192.0}]}, "description": "\"les"}, {"boundingPoly": {"vertices": [{"x": 125.0, "y": 184.0}, {"x": 161.0, "y": 185.0}, {"x": 160.0, "y": 199.0}, {"x": 125.0, "y": 197.0}]}, "description": "$3.60"}, {"boundingPoly": {"vertices": [{"x": 287.0, "y": 180.0}, {"x": 316.0, "y": 180.0}, {"x": 316.0, "y": 206.0}, {"x": 287.0, "y": 206.0}]}, "description": " SGP"}, {"boundingPoly": {"vertices": [{"x": 321.0, "y": 178.0}, {"x": 344.0, "y": 178.0}, {"x": 344.0, "y": 203.0}, {"x": 321.0, "y": 203.0}]}, "description": " ."}, {"boundingPoly": {"vertices": [{"x": 356.0, "y": 177.0}, {"x": 470.0, "y": 177.0}, {"x": 470.0, "y": 207.0}, {"x": 356.0, "y": 207.0}]}, "description": " uinch - self"}, {"boundingPoly": {"vertices": [{"x": 13.0, "y": 238.0}, {"x": 101.0, "y": 241.0}, {"x": 100.0, "y": 255.0}, {"x": 12.0, "y": 252.0}]}, "description": "(Inclusive SSI"}, {"boundingPoly": {"vertices": [{"x": 118.0, "y": 229.0}, {"x": 157.0, "y": 229.0}, {"x": 157.0, "y": 242.0}, {"x": 118.0, "y": 241.0}]}, "description": "$29.30"}, {"boundingPoly": {"vertices": [{"x": 109.0, "y": 243.0}, {"x": 150.0, "y": 244.0}, {"x": 149.0, "y": 255.0}, {"x": 109.0, "y": 254.0}]}, "description": "$1.92)"}, {"boundingPoly": {"vertices": [{"x": 103.0, "y": 281.0}, {"x": 144.0, "y": 280.0}, {"x": 144.0, "y": 293.0}, {"x": 103.0, "y": 294.0}]}, "description": "$29.30"}, {"boundingPoly": {"vertices": [{"x": 359.0, "y": 287.0}, {"x": 445.0, "y": 286.0}, {"x": 446.0, "y": 338.0}, {"x": 362.0, "y": 340.0}]}, "description": "merchant name"}, {"boundingPoly": {"vertices": [{"x": 360.0, "y": 348.0}, {"x": 436.0, "y": 347.0}, {"x": 436.0, "y": 364.0}, {"x": 360.0, "y": 364.0}]}, "description": "merchant name"}, {"boundingPoly": {"vertices": [{"x": 3.0, "y": 298.0}, {"x": 72.0, "y": 301.0}, {"x": 71.0, "y": 313.0}, {"x": 2.0, "y": 310.0}]}, "description": "COFFEE-FPS"}, {"boundingPoly": {"vertices": [{"x": 1.0, "y": 319.0}, {"x": 77.0, "y": 324.0}, {"x": 76.0, "y": 334.0}, {"x": 1.0, "y": 330.0}]}, "description": "OF CONNEXES"}, {"boundingPoly": {"vertices": [{"x": 1.0, "y": 310.0}, {"x": 62.0, "y": 313.0}, {"x": 62.0, "y": 322.0}, {"x": 1.0, "y": 319.0}]}, "description": "FOLES MAY"}, {"boundingPoly": {"vertices": [{"x": 4.0, "y": 331.0}, {"x": 47.0, "y": 333.0}, {"x": 46.0, "y": 344.0}, {"x": 4.0, "y": 341.0}]}, "description": "1381532"}, {"boundingPoly": {"vertices": [{"x": 89.0, "y": 374.0}, {"x": 118.0, "y": 374.0}, {"x": 118.0, "y": 390.0}, {"x": 89.0, "y": 390.0}]}, "description": " TID:"}, {"boundingPoly": {"vertices": [{"x": 341.0, "y": 391.0}, {"x": 464.0, "y": 390.0}, {"x": 464.0, "y": 402.0}, {"x": 341.0, "y": 405.0}]}, "description": "merchant address"}, {"boundingPoly": {"vertices": [{"x": 341.0, "y": 421.0}, {"x": 466.0, "y": 416.0}, {"x": 466.0, "y": 430.0}, {"x": 342.0, "y": 435.0}]}, "description": "merchant address"}, {"boundingPoly": {"vertices": [{"x": 350.0, "y": 435.0}, {"x": 395.0, "y": 435.0}, {"x": 395.0, "y": 449.0}, {"x": 350.0, "y": 449.0}]}, "description": " GST No:"}, {"boundingPoly": {"vertices": [{"x": 31.0, "y": 404.0}, {"x": 97.0, "y": 404.0}, {"x": 97.0, "y": 423.0}, {"x": 31.0, "y": 423.0}]}, "description": " INVOICE#:"}, {"boundingPoly": {"vertices": [{"x": 99.0, "y": 407.0}, {"x": 117.0, "y": 407.0}, {"x": 117.0, "y": 424.0}, {"x": 99.0, "y": 424.0}]}, "description": " 01"}, {"boundingPoly": {"vertices": [{"x": 311.0, "y": 406.0}, {"x": 489.0, "y": 401.0}, {"x": 489.0, "y": 415.0}, {"x": 311.0, "y": 420.0}]}, "description": "merchant address"}, {"boundingPoly": {"vertices": [{"x": 397.0, "y": 432.0}, {"x": 461.0, "y": 432.0}, {"x": 461.0, "y": 448.0}, {"x": 397.0, "y": 448.0}]}, "description": " 200609290K"}, {"boundingPoly": {"vertices": [{"x": 0.0, "y": 451.0}, {"x": 30.0, "y": 453.0}, {"x": 29.0, "y": 468.0}, {"x": 0.0, "y": 465.0}]}, "description": "RESS"}, {"boundingPoly": {"vertices": [{"x": 5.0, "y": 468.0}, {"x": 32.0, "y": 469.0}, {"x": 32.0, "y": 484.0}, {"x": 4.0, "y": 483.0}]}, "description": "002"}, {"boundingPoly": {"vertices": [{"x": 281.0, "y": 466.0}, {"x": 321.0, "y": 466.0}, {"x": 321.0, "y": 480.0}, {"x": 281.0, "y": 480.0}]}, "description": " Table:"}, {"boundingPoly": {"vertices": [{"x": 280.0, "y": 478.0}, {"x": 384.0, "y": 478.0}, {"x": 384.0, "y": 494.0}, {"x": 280.0, "y": 494.0}]}, "description": " Bill. No:#0009585"}, {"boundingPoly": {"vertices": [{"x": 280.0, "y": 504.0}, {"x": 477.0, "y": 504.0}, {"x": 477.0, "y": 524.0}, {"x": 280.0, "y": 524.0}]}, "description": " Closed Date:2019-11-16 16:25:58"}, {"boundingPoly": {"vertices": [{"x": 281.0, "y": 524.0}, {"x": 383.0, "y": 524.0}, {"x": 383.0, "y": 542.0}, {"x": 281.0, "y": 542.0}]}, "description": " Closed By Staff:"}, {"boundingPoly": {"vertices": [{"x": 324.0, "y": 542.0}, {"x": 337.0, "y": 542.0}, {"x": 337.0, "y": 557.0}, {"x": 324.0, "y": 557.0}]}, "description": " 1"}, {"boundingPoly": {"vertices": [{"x": 298.0, "y": 558.0}, {"x": 437.0, "y": 558.0}, {"x": 437.0, "y": 575.0}, {"x": 298.0, "y": 575.0}]}, "description": " Carrot Chewy Dumpling"}, {"boundingPoly": {"vertices": [{"x": 302.0, "y": 577.0}, {"x": 369.0, "y": 577.0}, {"x": 369.0, "y": 591.0}, {"x": 303.0, "y": 592.0}]}, "description": "\u7ea2\u841d\u535c\u6216\u6c34\u89d2"}, {"boundingPoly": {"vertices": [{"x": 323.0, "y": 465.0}, {"x": 340.0, "y": 465.0}, {"x": 340.0, "y": 478.0}, {"x": 323.0, "y": 478.0}]}, "description": " C3"}, {"boundingPoly": {"vertices": [{"x": 62.0, "y": 487.0}, {"x": 87.0, "y": 487.0}, {"x": 87.0, "y": 503.0}, {"x": 62.0, "y": 503.0}]}, "description": " EN!"}, {"boundingPoly": {"vertices": [{"x": 90.0, "y": 487.0}, {"x": 106.0, "y": 487.0}, {"x": 106.0, "y": 504.0}, {"x": 90.0, "y": 504.0}]}, "description": " TY"}, {"boundingPoly": {"vertices": [{"x": 593.0, "y": 484.0}, {"x": 637.0, "y": 484.0}, {"x": 637.0, "y": 507.0}, {"x": 593.0, "y": 507.0}]}, "description": " SAP"}, {"boundingPoly": {"vertices": [{"x": 594.0, "y": 523.0}, {"x": 748.0, "y": 526.0}, {"x": 747.0, "y": 560.0}, {"x": 593.0, "y": 556.0}]}, "description": "wirecard"}, {"boundingPoly": {"vertices": [{"x": 622.0, "y": 560.0}, {"x": 645.0, "y": 560.0}, {"x": 645.0, "y": 572.0}, {"x": 622.0, "y": 572.0}]}, "description": "merchant name"}, {"boundingPoly": {"vertices": [{"x": 642.0, "y": 580.0}, {"x": 696.0, "y": 582.0}, {"x": 695.0, "y": 592.0}, {"x": 641.0, "y": 590.0}]}, "description": "001-12/13/14"}, {"boundingPoly": {"vertices": [{"x": 641.0, "y": 484.0}, {"x": 694.0, "y": 484.0}, {"x": 694.0, "y": 507.0}, {"x": 641.0, "y": 507.0}]}, "description": " lunch."}, {"boundingPoly": {"vertices": [{"x": 698.0, "y": 486.0}, {"x": 730.0, "y": 486.0}, {"x": 730.0, "y": 509.0}, {"x": 698.0, "y": 509.0}]}, "description": " se4"}, {"boundingPoly": {"vertices": [{"x": 279.0, "y": 490.0}, {"x": 478.0, "y": 490.0}, {"x": 478.0, "y": 509.0}, {"x": 279.0, "y": 509.0}]}, "description": " Opened Date:2019-11-16 15:53:52"}, {"boundingPoly": {"vertices": [{"x": 385.0, "y": 524.0}, {"x": 428.0, "y": 524.0}, {"x": 428.0, "y": 539.0}, {"x": 385.0, "y": 539.0}]}, "description": " masa@m"}, {"boundingPoly": {"vertices": [{"x": 0.0, "y": 532.0}, {"x": 54.0, "y": 535.0}, {"x": 53.0, "y": 549.0}, {"x": 0.0, "y": 547.0}]}, "description": "6937578"}, {"boundingPoly": {"vertices": [{"x": 0.0, "y": 549.0}, {"x": 68.0, "y": 552.0}, {"x": 67.0, "y": 566.0}, {"x": 0.0, "y": 563.0}]}, "description": "CA93708045"}, {"boundingPoly": {"vertices": [{"x": 3.0, "y": 565.0}, {"x": 50.0, "y": 566.0}, {"x": 49.0, "y": 580.0}, {"x": 2.0, "y": 579.0}]}, "description": "008000"}, {"boundingPoly": {"vertices": [{"x": 3.0, "y": 582.0}, {"x": 67.0, "y": 582.0}, {"x": 67.0, "y": 598.0}, {"x": 2.0, "y": 597.0}]}, "description": "025010801"}, {"boundingPoly": {"vertices": [{"x": 281.0, "y": 543.0}, {"x": 322.0, "y": 543.0}, {"x": 322.0, "y": 559.0}, {"x": 281.0, "y": 559.0}]}, "description": " Cover:"}, {"boundingPoly": {"vertices": [{"x": 281.0, "y": 561.0}, {"x": 295.0, "y": 561.0}, {"x": 295.0, "y": 576.0}, {"x": 281.0, "y": 576.0}]}, "description": " 1"}, {"boundingPoly": {"vertices": [{"x": 510.0, "y": 555.0}, {"x": 537.0, "y": 555.0}, {"x": 537.0, "y": 568.0}, {"x": 510.0, "y": 568.0}]}, "description": "5.50"}, {"boundingPoly": {"vertices": [{"x": 646.0, "y": 560.0}, {"x": 657.0, "y": 560.0}, {"x": 657.0, "y": 572.0}, {"x": 646.0, "y": 572.0}]}, "description": "merchant name"}, {"boundingPoly": {"vertices": [{"x": 659.0, "y": 560.0}, {"x": 716.0, "y": 560.0}, {"x": 716.0, "y": 575.0}, {"x": 659.0, "y": 575.0}]}, "description": "merchant address"}, {"boundingPoly": {"vertices": [{"x": 625.0, "y": 568.0}, {"x": 711.0, "y": 572.0}, {"x": 711.0, "y": 583.0}, {"x": 625.0, "y": 579.0}]}, "description": "merchant address"}, {"boundingPoly": {"vertices": [{"x": 633.0, "y": 589.0}, {"x": 705.0, "y": 591.0}, {"x": 704.0, "y": 602.0}, {"x": 633.0, "y": 600.0}]}, "description": "merchant address"}, {"boundingPoly": {"vertices": [{"x": 576.0, "y": 605.0}, {"x": 674.0, "y": 608.0}, {"x": 674.0, "y": 619.0}, {"x": 576.0, "y": 615.0}]}, "description": "DATE/TIME - 16/11/19"}, {"boundingPoly": {"vertices": [{"x": 577.0, "y": 624.0}, {"x": 600.0, "y": 624.0}, {"x": 600.0, "y": 634.0}, {"x": 577.0, "y": 634.0}]}, "description": " TID:"}, {"boundingPoly": {"vertices": [{"x": 577.0, "y": 633.0}, {"x": 615.0, "y": 633.0}, {"x": 615.0, "y": 642.0}, {"x": 577.0, "y": 642.0}]}, "description": " BATCH:"}, {"boundingPoly": {"vertices": [{"x": 578.0, "y": 640.0}, {"x": 610.0, "y": 640.0}, {"x": 610.0, "y": 651.0}, {"x": 578.0, "y": 651.0}]}, "description": " ORDER"}, {"boundingPoly": {"vertices": [{"x": 579.0, "y": 650.0}, {"x": 618.0, "y": 650.0}, {"x": 618.0, "y": 661.0}, {"x": 579.0, "y": 661.0}]}, "description": " SERIAL"}, {"boundingPoly": {"vertices": [{"x": 581.0, "y": 659.0}, {"x": 671.0, "y": 659.0}, {"x": 671.0, "y": 672.0}, {"x": 581.0, "y": 672.0}]}, "description": " APR/AUTH CODE:"}, {"boundingPoly": {"vertices": [{"x": 609.0, "y": 670.0}, {"x": 734.0, "y": 672.0}, {"x": 734.0, "y": 686.0}, {"x": 609.0, "y": 684.0}]}, "description": "CONTACTLESS SALE"}, {"boundingPoly": {"vertices": [{"x": 659.0, "y": 686.0}, {"x": 766.0, "y": 687.0}, {"x": 765.0, "y": 700.0}, {"x": 658.0, "y": 699.0}]}, "description": "376536 ****** 002"}, {"boundingPoly": {"vertices": [{"x": 704.0, "y": 698.0}, {"x": 766.0, "y": 699.0}, {"x": 766.0, "y": 709.0}, {"x": 704.0, "y": 707.0}]}, "description": "ENT EXPRESS"}, {"boundingPoly": {"vertices": [{"x": 511.0, "y": 589.0}, {"x": 537.0, "y": 587.0}, {"x": 536.0, "y": 600.0}, {"x": 511.0, "y": 601.0}]}, "description": "6.00"}, {"boundingPoly": {"vertices": [{"x": 284.0, "y": 596.0}, {"x": 290.0, "y": 596.0}, {"x": 289.0, "y": 606.0}, {"x": 284.0, "y": 606.0}]}, "description": "1"}, {"boundingPoly": {"vertices": [{"x": 298.0, "y": 594.0}, {"x": 455.0, "y": 589.0}, {"x": 455.0, "y": 604.0}, {"x": 298.0, "y": 608.0}]}, "description": "Four Seasons Spring Roll"}, {"boundingPoly": {"vertices": [{"x": 301.0, "y": 611.0}, {"x": 360.0, "y": 609.0}, {"x": 361.0, "y": 623.0}, {"x": 302.0, "y": 625.0}]}, "description": "\u56db\u5b63\u8c46\u6625\u5377"}, {"boundingPoly": {"vertices": [{"x": 299.0, "y": 627.0}, {"x": 449.0, "y": 623.0}, {"x": 450.0, "y": 637.0}, {"x": 299.0, "y": 642.0}]}, "description": "Special Crab Meat Sauce"}, {"boundingPoly": {"vertices": [{"x": 306.0, "y": 644.0}, {"x": 361.0, "y": 643.0}, {"x": 361.0, "y": 657.0}, {"x": 306.0, "y": 658.0}]}, "description": "Linguine"}, {"boundingPoly": {"vertices": [{"x": 301.0, "y": 661.0}, {"x": 469.0, "y": 656.0}, {"x": 470.0, "y": 671.0}, {"x": 301.0, "y": 676.0}]}, "description": "Cream Snapper Fish & Chips"}, {"boundingPoly": {"vertices": [{"x": 577.0, "y": 615.0}, {"x": 600.0, "y": 615.0}, {"x": 600.0, "y": 625.0}, {"x": 577.0, "y": 625.0}]}, "description": " MID:"}, {"boundingPoly": {"vertices": [{"x": 602.0, "y": 615.0}, {"x": 669.0, "y": 615.0}, {"x": 669.0, "y": 627.0}, {"x": 602.0, "y": 627.0}]}, "description": " 9800584625"}, {"boundingPoly": {"vertices": [{"x": 602.0, "y": 625.0}, {"x": 657.0, "y": 625.0}, {"x": 657.0, "y": 634.0}, {"x": 602.0, "y": 634.0}]}, "description": " 37235652"}, {"boundingPoly": {"vertices": [{"x": 711.0, "y": 611.0}, {"x": 753.0, "y": 611.0}, {"x": 753.0, "y": 621.0}, {"x": 711.0, "y": 621.0}]}, "description": " 16:26:01"}, {"boundingPoly": {"vertices": [{"x": 692.0, "y": 626.0}, {"x": 716.0, "y": 626.0}, {"x": 716.0, "y": 636.0}, {"x": 692.0, "y": 636.0}]}, "description": " INV:"}, {"boundingPoly": {"vertices": [{"x": 682.0, "y": 634.0}, {"x": 713.0, "y": 634.0}, {"x": 713.0, "y": 644.0}, {"x": 682.0, "y": 644.0}]}, "description": " TRACE"}, {"boundingPoly": {"vertices": [{"x": 620.0, "y": 651.0}, {"x": 732.0, "y": 651.0}, {"x": 732.0, "y": 664.0}, {"x": 620.0, "y": 664.0}]}, "description": " : 8600.00.05_D.0,3"}, {"boundingPoly": {"vertices": [{"x": 673.0, "y": 662.0}, {"x": 715.0, "y": 662.0}, {"x": 715.0, "y": 673.0}, {"x": 673.0, "y": 673.0}]}, "description": " 860570"}, {"boundingPoly": {"vertices": [{"x": 505.0, "y": 620.0}, {"x": 539.0, "y": 620.0}, {"x": 539.0, "y": 633.0}, {"x": 504.0, "y": 633.0}]}, "description": "22.00"}, {"boundingPoly": {"vertices": [{"x": 717.0, "y": 627.0}, {"x": 758.0, "y": 627.0}, {"x": 758.0, "y": 636.0}, {"x": 717.0, "y": 636.0}]}, "description": " 004534"}, {"boundingPoly": {"vertices": [{"x": 715.0, "y": 635.0}, {"x": 760.0, "y": 635.0}, {"x": 760.0, "y": 646.0}, {"x": 715.0, "y": 646.0}]}, "description": " : 005298"}, {"boundingPoly": {"vertices": [{"x": 283.0, "y": 629.0}, {"x": 290.0, "y": 629.0}, {"x": 290.0, "y": 640.0}, {"x": 283.0, "y": 640.0}]}, "description": "1"}, {"boundingPoly": {"vertices": [{"x": 617.0, "y": 634.0}, {"x": 658.0, "y": 634.0}, {"x": 658.0, "y": 642.0}, {"x": 617.0, "y": 642.0}]}, "description": " 000085"}, {"boundingPoly": {"vertices": [{"x": 612.0, "y": 641.0}, {"x": 743.0, "y": 641.0}, {"x": 743.0, "y": 654.0}, {"x": 612.0, "y": 654.0}]}, "description": " : 004534-000085005298"}, {"boundingPoly": {"vertices": [{"x": 508.0, "y": 655.0}, {"x": 541.0, "y": 654.0}, {"x": 542.0, "y": 667.0}, {"x": 508.0, "y": 668.0}]}, "description": "18.00"}, {"boundingPoly": {"vertices": [{"x": 512.0, "y": 672.0}, {"x": 542.0, "y": 672.0}, {"x": 542.0, "y": 686.0}, {"x": 512.0, "y": 686.0}]}, "description": "6.50"}, {"boundingPoly": {"vertices": [{"x": 513.0, "y": 690.0}, {"x": 537.0, "y": 689.0}, {"x": 537.0, "y": 702.0}, {"x": 514.0, "y": 703.0}]}, "description": "6.5"}, {"boundingPoly": {"vertices": [{"x": 515.0, "y": 707.0}, {"x": 542.0, "y": 706.0}, {"x": 542.0, "y": 719.0}, {"x": 516.0, "y": 719.0}]}, "description": "7.50"}, {"boundingPoly": {"vertices": [{"x": 3.0, "y": 662.0}, {"x": 42.0, "y": 664.0}, {"x": 42.0, "y": 680.0}, {"x": 1.0, "y": 678.0}]}, "description": "QUIRED"}, {"boundingPoly": {"vertices": [{"x": 0.0, "y": 680.0}, {"x": 49.0, "y": 682.0}, {"x": 48.0, "y": 698.0}, {"x": 0.0, "y": 695.0}]}, "description": "Success"}, {"boundingPoly": {"vertices": [{"x": 279.0, "y": 681.0}, {"x": 294.0, "y": 681.0}, {"x": 294.0, "y": 692.0}, {"x": 279.0, "y": 692.0}]}, "description": "1"}, {"boundingPoly": {"vertices": [{"x": 295.0, "y": 678.0}, {"x": 465.0, "y": 672.0}, {"x": 466.0, "y": 688.0}, {"x": 295.0, "y": 694.0}]}, "description": "Jasmine with Apple & Plum"}, {"boundingPoly": {"vertices": [{"x": 295.0, "y": 696.0}, {"x": 375.0, "y": 694.0}, {"x": 376.0, "y": 708.0}, {"x": 295.0, "y": 711.0}]}, "description": "Orange Yuzu"}, {"boundingPoly": {"vertices": [{"x": 300.0, "y": 709.0}, {"x": 460.0, "y": 709.0}, {"x": 460.0, "y": 728.0}, {"x": 300.0, "y": 728.0}]}, "description": " Roselle Jujube with Aloe"}, {"boundingPoly": {"vertices": [{"x": 306.0, "y": 732.0}, {"x": 367.0, "y": 730.0}, {"x": 367.0, "y": 744.0}, {"x": 306.0, "y": 746.0}]}, "description": "Vera-Cold"}, {"boundingPoly": {"vertices": [{"x": 582.0, "y": 683.0}, {"x": 613.0, "y": 684.0}, {"x": 613.0, "y": 693.0}, {"x": 582.0, "y": 693.0}]}, "description": "AMEX"}, {"boundingPoly": {"vertices": [{"x": 581.0, "y": 693.0}, {"x": 626.0, "y": 693.0}, {"x": 626.0, "y": 704.0}, {"x": 581.0, "y": 704.0}]}, "description": " FXP DATE"}, {"boundingPoly": {"vertices": [{"x": 581.0, "y": 702.0}, {"x": 694.0, "y": 702.0}, {"x": 694.0, "y": 716.0}, {"x": 581.0, "y": 716.0}]}, "description": " REF NUM:113216942435"}, {"boundingPoly": {"vertices": [{"x": 581.0, "y": 718.0}, {"x": 618.0, "y": 719.0}, {"x": 618.0, "y": 734.0}, {"x": 581.0, "y": 733.0}]}, "description": "BASE"}, {"boundingPoly": {"vertices": [{"x": 581.0, "y": 744.0}, {"x": 624.0, "y": 745.0}, {"x": 623.0, "y": 761.0}, {"x": 581.0, "y": 759.0}]}, "description": "TOTAL"}, {"boundingPoly": {"vertices": [{"x": 627.0, "y": 694.0}, {"x": 659.0, "y": 694.0}, {"x": 659.0, "y": 705.0}, {"x": 627.0, "y": 705.0}]}, "description": " :** / **"}, {"boundingPoly": {"vertices": [{"x": 281.0, "y": 715.0}, {"x": 293.0, "y": 715.0}, {"x": 293.0, "y": 728.0}, {"x": 281.0, "y": 728.0}]}, "description": " 1"}, {"boundingPoly": {"vertices": [{"x": 644.0, "y": 721.0}, {"x": 664.0, "y": 723.0}, {"x": 663.0, "y": 737.0}, {"x": 643.0, "y": 736.0}]}, "description": "S"}, {"boundingPoly": {"vertices": [{"x": 634.0, "y": 745.0}, {"x": 668.0, "y": 745.0}, {"x": 668.0, "y": 763.0}, {"x": 634.0, "y": 763.0}]}, "description": " : S$"}, {"boundingPoly": {"vertices": [{"x": 575.0, "y": 774.0}, {"x": 758.0, "y": 780.0}, {"x": 757.0, "y": 791.0}, {"x": 575.0, "y": 786.0}]}, "description": "SIGN - NO SIGNATURE REQUIRED --"}, {"boundingPoly": {"vertices": [{"x": 582.0, "y": 793.0}, {"x": 754.0, "y": 798.0}, {"x": 754.0, "y": 807.0}, {"x": 582.0, "y": 802.0}]}, "description": "ACCORDING TO THE CARD ISSUER AGREEMENT,"}, {"boundingPoly": {"vertices": [{"x": 727.0, "y": 724.0}, {"x": 764.0, "y": 726.0}, {"x": 764.0, "y": 739.0}, {"x": 727.0, "y": 738.0}]}, "description": "84.74"}, {"boundingPoly": {"vertices": [{"x": 725.0, "y": 749.0}, {"x": 766.0, "y": 749.0}, {"x": 765.0, "y": 765.0}, {"x": 725.0, "y": 764.0}]}, "description": "84.74"}, {"boundingPoly": {"vertices": [{"x": 0.0, "y": 727.0}, {"x": 91.0, "y": 732.0}, {"x": 90.0, "y": 747.0}, {"x": 0.0, "y": 742.0}]}, "description": "E TOTAL AMOUNT"}, {"boundingPoly": {"vertices": [{"x": 0.0, "y": 743.0}, {"x": 92.0, "y": 747.0}, {"x": 91.0, "y": 764.0}, {"x": 0.0, "y": 760.0}]}, "description": "GUER AGREEMENT"}, {"boundingPoly": {"vertices": [{"x": 0.0, "y": 778.0}, {"x": 54.0, "y": 780.0}, {"x": 53.0, "y": 792.0}, {"x": 0.0, "y": 791.0}]}, "description": "PY *****"}, {"boundingPoly": {"vertices": [{"x": 419.0, "y": 759.0}, {"x": 479.0, "y": 759.0}, {"x": 479.0, "y": 774.0}, {"x": 419.0, "y": 774.0}]}, "description": " Subtotal:"}, {"boundingPoly": {"vertices": [{"x": 407.0, "y": 776.0}, {"x": 481.0, "y": 776.0}, {"x": 481.0, "y": 793.0}, {"x": 407.0, "y": 793.0}]}, "description": " SVC CHARGE:"}, {"boundingPoly": {"vertices": [{"x": 453.0, "y": 794.0}, {"x": 478.0, "y": 794.0}, {"x": 478.0, "y": 807.0}, {"x": 453.0, "y": 807.0}]}, "description": " GST:"}, {"boundingPoly": {"vertices": [{"x": 512.0, "y": 758.0}, {"x": 546.0, "y": 758.0}, {"x": 545.0, "y": 773.0}, {"x": 512.0, "y": 772.0}]}, "description": "72.00"}, {"boundingPoly": {"vertices": [{"x": 517.0, "y": 775.0}, {"x": 547.0, "y": 776.0}, {"x": 546.0, "y": 790.0}, {"x": 517.0, "y": 789.0}]}, "description": "7.20"}, {"boundingPoly": {"vertices": [{"x": 519.0, "y": 793.0}, {"x": 547.0, "y": 794.0}, {"x": 546.0, "y": 806.0}, {"x": 518.0, "y": 806.0}]}, "description": "5.54"}, {"boundingPoly": {"vertices": [{"x": 587.0, "y": 784.0}, {"x": 594.0, "y": 784.0}, {"x": 594.0, "y": 794.0}, {"x": 587.0, "y": 794.0}]}, "description": " I"}, {"boundingPoly": {"vertices": [{"x": 596.0, "y": 785.0}, {"x": 755.0, "y": 785.0}, {"x": 755.0, "y": 799.0}, {"x": 596.0, "y": 799.0}]}, "description": " AGREE TO PAY THE ABOVE TOTAL AMOUNT"}, {"boundingPoly": {"vertices": [{"x": 604.0, "y": 802.0}, {"x": 731.0, "y": 804.0}, {"x": 730.0, "y": 814.0}, {"x": 604.0, "y": 811.0}]}, "description": "**** CUSTOMER COPY ***"}, {"boundingPoly": {"vertices": [{"x": 441.0, "y": 828.0}, {"x": 480.0, "y": 828.0}, {"x": 480.0, "y": 842.0}, {"x": 441.0, "y": 842.0}]}, "description": " Total:"}, {"boundingPoly": {"vertices": [{"x": 446.0, "y": 846.0}, {"x": 480.0, "y": 846.0}, {"x": 480.0, "y": 859.0}, {"x": 446.0, "y": 859.0}]}, "description": " Amex:"}, {"boundingPoly": {"vertices": [{"x": 435.0, "y": 864.0}, {"x": 482.0, "y": 864.0}, {"x": 482.0, "y": 879.0}, {"x": 435.0, "y": 879.0}]}, "description": " Change:"}, {"boundingPoly": {"vertices": [{"x": 514.0, "y": 827.0}, {"x": 549.0, "y": 829.0}, {"x": 548.0, "y": 843.0}, {"x": 514.0, "y": 842.0}]}, "description": "84.74"}, {"boundingPoly": {"vertices": [{"x": 513.0, "y": 846.0}, {"x": 547.0, "y": 847.0}, {"x": 546.0, "y": 860.0}, {"x": 513.0, "y": 860.0}]}, "description": "84.74"}, {"boundingPoly": {"vertices": [{"x": 521.0, "y": 864.0}, {"x": 549.0, "y": 864.0}, {"x": 548.0, "y": 878.0}, {"x": 520.0, "y": 878.0}]}, "description": "0.00"}, {"boundingPoly": {"vertices": [{"x": 7.0, "y": 890.0}, {"x": 34.0, "y": 890.0}, {"x": 33.0, "y": 906.0}, {"x": 6.0, "y": 906.0}]}, "description": "G51."}, {"boundingPoly": {"vertices": [{"x": 3.0, "y": 909.0}, {"x": 44.0, "y": 908.0}, {"x": 43.0, "y": 922.0}, {"x": 3.0, "y": 923.0}]}, "description": "Chase"}, {"boundingPoly": {"vertices": [{"x": 1.0, "y": 924.0}, {"x": 46.0, "y": 924.0}, {"x": 46.0, "y": 940.0}, {"x": 1.0, "y": 940.0}]}, "description": "s Card"}, {"boundingPoly": {"vertices": [{"x": 321.0, "y": 900.0}, {"x": 513.0, "y": 898.0}, {"x": 513.0, "y": 914.0}, {"x": 321.0, "y": 917.0}]}, "description": "Thank you! Please come again."}]}