{"textAnnotations": [{"boundingPoly": {"vertices": [{"x": 131.0, "y": 8.0}, {"x": 212.0, "y": 11.0}, {"x": 211.0, "y": 23.0}, {"x": 131.0, "y": 20.0}]}, "description": "Bill/Cash Memo"}, {"boundingPoly": {"vertices": [{"x": 57.0, "y": 28.0}, {"x": 283.0, "y": 27.0}, {"x": 283.0, "y": 57.0}, {"x": 58.0, "y": 59.0}]}, "description": "merchant name"}, {"boundingPoly": {"vertices": [{"x": 88.0, "y": 57.0}, {"x": 251.0, "y": 57.0}, {"x": 251.0, "y": 71.0}, {"x": 88.0, "y": 70.0}]}, "description": "merchant address"}, {"boundingPoly": {"vertices": [{"x": 89.0, "y": 70.0}, {"x": 118.0, "y": 70.0}, {"x": 118.0, "y": 82.0}, {"x": 89.0, "y": 82.0}]}, "description": " E-mail"}, {"boundingPoly": {"vertices": [{"x": 221.0, "y": 11.0}, {"x": 242.0, "y": 11.0}, {"x": 242.0, "y": 22.0}, {"x": 221.0, "y": 22.0}]}, "description": " Mob."}, {"boundingPoly": {"vertices": [{"x": 244.0, "y": 11.0}, {"x": 307.0, "y": 11.0}, {"x": 307.0, "y": 22.0}, {"x": 244.0, "y": 22.0}]}, "description": "merchant phone"}, {"boundingPoly": {"vertices": [{"x": 252.0, "y": 20.0}, {"x": 307.0, "y": 20.0}, {"x": 307.0, "y": 32.0}, {"x": 252.0, "y": 33.0}]}, "description": "merchant phone"}, {"boundingPoly": {"vertices": [{"x": 120.0, "y": 70.0}, {"x": 252.0, "y": 70.0}, {"x": 252.0, "y": 83.0}, {"x": 120.0, "y": 83.0}]}, "description": " : aonecoffee77@gmail.com"}, {"boundingPoly": {"vertices": [{"x": 184.0, "y": 87.0}, {"x": 293.0, "y": 87.0}, {"x": 293.0, "y": 101.0}, {"x": 184.0, "y": 101.0}]}, "description": " Dated .. <>.L .:. 1.2:19."}, {"boundingPoly": {"vertices": [{"x": 34.0, "y": 90.0}, {"x": 68.0, "y": 90.0}, {"x": 68.0, "y": 100.0}, {"x": 34.0, "y": 100.0}]}, "description": "Bill No."}, {"boundingPoly": {"vertices": [{"x": 288.0, "y": 91.0}, {"x": 307.0, "y": 92.0}, {"x": 307.0, "y": 101.0}, {"x": 288.0, "y": 101.0}]}, "description": "1 ....."}, {"boundingPoly": {"vertices": [{"x": 34.0, "y": 112.0}, {"x": 56.0, "y": 111.0}, {"x": 56.0, "y": 121.0}, {"x": 34.0, "y": 122.0}]}, "description": "M/S."}, {"boundingPoly": {"vertices": [{"x": 85.0, "y": 102.0}, {"x": 118.0, "y": 101.0}, {"x": 119.0, "y": 117.0}, {"x": 85.0, "y": 117.0}]}, "description": "038"}, {"boundingPoly": {"vertices": [{"x": 79.0, "y": 116.0}, {"x": 132.0, "y": 116.0}, {"x": 133.0, "y": 122.0}, {"x": 79.0, "y": 122.0}]}, "description": "..................."}, {"boundingPoly": {"vertices": [{"x": 76.0, "y": 147.0}, {"x": 145.0, "y": 147.0}, {"x": 145.0, "y": 158.0}, {"x": 76.0, "y": 158.0}]}, "description": "PARTICULARS"}, {"boundingPoly": {"vertices": [{"x": 30.0, "y": 167.0}, {"x": 132.0, "y": 165.0}, {"x": 132.0, "y": 182.0}, {"x": 30.0, "y": 184.0}]}, "description": "1. Small Tea"}, {"boundingPoly": {"vertices": [{"x": 181.0, "y": 149.0}, {"x": 197.0, "y": 149.0}, {"x": 197.0, "y": 160.0}, {"x": 181.0, "y": 159.0}]}, "description": "Qty"}, {"boundingPoly": {"vertices": [{"x": 209.0, "y": 149.0}, {"x": 232.0, "y": 150.0}, {"x": 231.0, "y": 159.0}, {"x": 209.0, "y": 159.0}]}, "description": "Rate"}, {"boundingPoly": {"vertices": [{"x": 251.0, "y": 147.0}, {"x": 293.0, "y": 147.0}, {"x": 293.0, "y": 157.0}, {"x": 251.0, "y": 157.0}]}, "description": "Amount"}, {"boundingPoly": {"vertices": [{"x": 175.0, "y": 169.0}, {"x": 225.0, "y": 169.0}, {"x": 225.0, "y": 183.0}, {"x": 175.0, "y": 184.0}]}, "description": "40 15"}, {"boundingPoly": {"vertices": [{"x": 242.0, "y": 169.0}, {"x": 325.0, "y": 165.0}, {"x": 326.0, "y": 178.0}, {"x": 243.0, "y": 183.0}]}, "description": "600 .00"}, {"boundingPoly": {"vertices": [{"x": 203.0, "y": 404.0}, {"x": 337.0, "y": 404.0}, {"x": 337.0, "y": 423.0}, {"x": 203.0, "y": 422.0}]}, "description": "TOTAL Goood"}, {"boundingPoly": {"vertices": [{"x": 224.0, "y": 427.0}, {"x": 310.0, "y": 430.0}, {"x": 309.0, "y": 441.0}, {"x": 224.0, "y": 439.0}]}, "description": "For A-One Coffee"}, {"boundingPoly": {"vertices": [{"x": 238.0, "y": 450.0}, {"x": 310.0, "y": 454.0}, {"x": 310.0, "y": 468.0}, {"x": 237.0, "y": 464.0}]}, "description": "Auth. Signature"}, {"boundingPoly": {"vertices": [{"x": 25.0, "y": 425.0}, {"x": 70.0, "y": 426.0}, {"x": 70.0, "y": 438.0}, {"x": 24.0, "y": 437.0}]}, "description": "E. & O. E."}]}