{"textAnnotations": [{"boundingPoly": {"vertices": [{"x": 158.0, "y": 174.0}, {"x": 258.0, "y": 173.0}, {"x": 258.0, "y": 188.0}, {"x": 159.0, "y": 189.0}]}, "description": "merchant name"}, {"boundingPoly": {"vertices": [{"x": 160.0, "y": 191.0}, {"x": 258.0, "y": 189.0}, {"x": 259.0, "y": 205.0}, {"x": 161.0, "y": 207.0}]}, "description": "merchant address"}, {"boundingPoly": {"vertices": [{"x": 148.0, "y": 209.0}, {"x": 274.0, "y": 207.0}, {"x": 274.0, "y": 223.0}, {"x": 148.0, "y": 225.0}]}, "description": "merchant address"}, {"boundingPoly": {"vertices": [{"x": 65.0, "y": 242.0}, {"x": 347.0, "y": 242.0}, {"x": 347.0, "y": 266.0}, {"x": 65.0, "y": 266.0}]}, "description": " S0143 T02 E0030 020033 12/05/19 9:31am"}, {"boundingPoly": {"vertices": [{"x": 316.0, "y": 276.0}, {"x": 361.0, "y": 277.0}, {"x": 361.0, "y": 292.0}, {"x": 316.0, "y": 292.0}]}, "description": "3.49 T"}, {"boundingPoly": {"vertices": [{"x": 317.0, "y": 294.0}, {"x": 350.0, "y": 294.0}, {"x": 350.0, "y": 310.0}, {"x": 317.0, "y": 310.0}]}, "description": " 5.25"}, {"boundingPoly": {"vertices": [{"x": 65.0, "y": 281.0}, {"x": 148.0, "y": 281.0}, {"x": 148.0, "y": 301.0}, {"x": 65.0, "y": 301.0}]}, "description": " SMART WATER"}, {"boundingPoly": {"vertices": [{"x": 67.0, "y": 299.0}, {"x": 164.0, "y": 299.0}, {"x": 164.0, "y": 320.0}, {"x": 67.0, "y": 320.0}]}, "description": " PREPARED FOOD"}, {"boundingPoly": {"vertices": [{"x": 139.0, "y": 335.0}, {"x": 189.0, "y": 334.0}, {"x": 190.0, "y": 349.0}, {"x": 139.0, "y": 351.0}]}, "description": "Sub/Ttl"}, {"boundingPoly": {"vertices": [{"x": 142.0, "y": 354.0}, {"x": 165.0, "y": 354.0}, {"x": 165.0, "y": 367.0}, {"x": 142.0, "y": 367.0}]}, "description": "Tax"}, {"boundingPoly": {"vertices": [{"x": 143.0, "y": 370.0}, {"x": 177.0, "y": 370.0}, {"x": 177.0, "y": 384.0}, {"x": 143.0, "y": 384.0}]}, "description": "Total"}, {"boundingPoly": {"vertices": [{"x": 150.0, "y": 281.0}, {"x": 160.0, "y": 281.0}, {"x": 160.0, "y": 297.0}, {"x": 150.0, "y": 297.0}]}, "description": " 1"}, {"boundingPoly": {"vertices": [{"x": 162.0, "y": 280.0}, {"x": 175.0, "y": 280.0}, {"x": 175.0, "y": 297.0}, {"x": 162.0, "y": 297.0}]}, "description": " L"}, {"boundingPoly": {"vertices": [{"x": 178.0, "y": 277.0}, {"x": 270.0, "y": 277.0}, {"x": 270.0, "y": 296.0}, {"x": 178.0, "y": 296.0}]}, "description": " 786162338006"}, {"boundingPoly": {"vertices": [{"x": 177.0, "y": 295.0}, {"x": 269.0, "y": 295.0}, {"x": 269.0, "y": 314.0}, {"x": 177.0, "y": 314.0}]}, "description": " 000000008286"}, {"boundingPoly": {"vertices": [{"x": 353.0, "y": 295.0}, {"x": 362.0, "y": 295.0}, {"x": 362.0, "y": 310.0}, {"x": 353.0, "y": 310.0}]}, "description": " T"}, {"boundingPoly": {"vertices": [{"x": 317.0, "y": 331.0}, {"x": 347.0, "y": 331.0}, {"x": 347.0, "y": 346.0}, {"x": 317.0, "y": 346.0}]}, "description": "8.74"}, {"boundingPoly": {"vertices": [{"x": 315.0, "y": 349.0}, {"x": 346.0, "y": 349.0}, {"x": 345.0, "y": 363.0}, {"x": 315.0, "y": 363.0}]}, "description": "0.78"}, {"boundingPoly": {"vertices": [{"x": 317.0, "y": 366.0}, {"x": 348.0, "y": 366.0}, {"x": 348.0, "y": 381.0}, {"x": 318.0, "y": 382.0}]}, "description": "9.52"}, {"boundingPoly": {"vertices": [{"x": 73.0, "y": 405.0}, {"x": 101.0, "y": 405.0}, {"x": 100.0, "y": 420.0}, {"x": 73.0, "y": 419.0}]}, "description": "AmEx"}, {"boundingPoly": {"vertices": [{"x": 321.0, "y": 403.0}, {"x": 352.0, "y": 402.0}, {"x": 352.0, "y": 418.0}, {"x": 322.0, "y": 419.0}]}, "description": "9.52"}, {"boundingPoly": {"vertices": [{"x": 105.0, "y": 424.0}, {"x": 141.0, "y": 424.0}, {"x": 141.0, "y": 440.0}, {"x": 105.0, "y": 440.0}]}, "description": " Acct:"}, {"boundingPoly": {"vertices": [{"x": 104.0, "y": 442.0}, {"x": 141.0, "y": 442.0}, {"x": 141.0, "y": 458.0}, {"x": 104.0, "y": 458.0}]}, "description": " Auth:"}, {"boundingPoly": {"vertices": [{"x": 103.0, "y": 460.0}, {"x": 170.0, "y": 460.0}, {"x": 170.0, "y": 478.0}, {"x": 103.0, "y": 478.0}]}, "description": " Trans ID:"}, {"boundingPoly": {"vertices": [{"x": 144.0, "y": 424.0}, {"x": 257.0, "y": 424.0}, {"x": 257.0, "y": 441.0}, {"x": 144.0, "y": 441.0}]}, "description": " *********** 1001"}, {"boundingPoly": {"vertices": [{"x": 144.0, "y": 443.0}, {"x": 192.0, "y": 443.0}, {"x": 192.0, "y": 460.0}, {"x": 144.0, "y": 460.0}]}, "description": " 839391"}, {"boundingPoly": {"vertices": [{"x": 173.0, "y": 462.0}, {"x": 215.0, "y": 462.0}, {"x": 215.0, "y": 479.0}, {"x": 173.0, "y": 479.0}]}, "description": " 27556"}, {"boundingPoly": {"vertices": [{"x": 183.0, "y": 498.0}, {"x": 253.0, "y": 499.0}, {"x": 253.0, "y": 515.0}, {"x": 182.0, "y": 514.0}]}, "description": "# Items 2"}, {"boundingPoly": {"vertices": [{"x": 68.0, "y": 530.0}, {"x": 237.0, "y": 533.0}, {"x": 237.0, "y": 551.0}, {"x": 68.0, "y": 548.0}]}, "description": "Your cashier was Farida"}, {"boundingPoly": {"vertices": [{"x": 104.0, "y": 549.0}, {"x": 332.0, "y": 548.0}, {"x": 332.0, "y": 568.0}, {"x": 104.0, "y": 569.0}]}, "description": "Thank you for shopping with us!"}]}