{"textAnnotations": [{"boundingPoly": {"vertices": [{"x": 128.0, "y": 60.0}, {"x": 227.0, "y": 62.0}, {"x": 227.0, "y": 86.0}, {"x": 128.0, "y": 84.0}]}, "description": "0337"}, {"boundingPoly": {"vertices": [{"x": 126.0, "y": 90.0}, {"x": 218.0, "y": 90.0}, {"x": 218.0, "y": 113.0}, {"x": 126.0, "y": 113.0}]}, "description": " Server:"}, {"boundingPoly": {"vertices": [{"x": 126.0, "y": 113.0}, {"x": 298.0, "y": 113.0}, {"x": 298.0, "y": 142.0}, {"x": 126.0, "y": 142.0}]}, "description": " 11/09/19 19:59"}, {"boundingPoly": {"vertices": [{"x": 221.0, "y": 90.0}, {"x": 405.0, "y": 90.0}, {"x": 405.0, "y": 115.0}, {"x": 221.0, "y": 115.0}]}, "description": " AM BAR A (#123)"}, {"boundingPoly": {"vertices": [{"x": 520.0, "y": 90.0}, {"x": 608.0, "y": 90.0}, {"x": 608.0, "y": 111.0}, {"x": 520.0, "y": 111.0}]}, "description": " Rec:219"}, {"boundingPoly": {"vertices": [{"x": 463.0, "y": 115.0}, {"x": 577.0, "y": 115.0}, {"x": 577.0, "y": 137.0}, {"x": 463.0, "y": 137.0}]}, "description": " 212 Term:"}, {"boundingPoly": {"vertices": [{"x": 430.0, "y": 114.0}, {"x": 459.0, "y": 114.0}, {"x": 459.0, "y": 137.0}, {"x": 430.0, "y": 137.0}]}, "description": " T:"}, {"boundingPoly": {"vertices": [{"x": 596.0, "y": 116.0}, {"x": 611.0, "y": 116.0}, {"x": 610.0, "y": 136.0}, {"x": 595.0, "y": 135.0}]}, "description": "1"}, {"boundingPoly": {"vertices": [{"x": 116.0, "y": 167.0}, {"x": 332.0, "y": 173.0}, {"x": 331.0, "y": 198.0}, {"x": 116.0, "y": 192.0}]}, "description": "merchant name"}, {"boundingPoly": {"vertices": [{"x": 116.0, "y": 196.0}, {"x": 418.0, "y": 203.0}, {"x": 417.0, "y": 228.0}, {"x": 116.0, "y": 223.0}]}, "description": "merchant address"}, {"boundingPoly": {"vertices": [{"x": 112.0, "y": 228.0}, {"x": 317.0, "y": 231.0}, {"x": 317.0, "y": 255.0}, {"x": 111.0, "y": 250.0}]}, "description": "merchant address"}, {"boundingPoly": {"vertices": [{"x": 112.0, "y": 252.0}, {"x": 280.0, "y": 257.0}, {"x": 279.0, "y": 285.0}, {"x": 111.0, "y": 280.0}]}, "description": "merchant phone"}, {"boundingPoly": {"vertices": [{"x": 101.0, "y": 315.0}, {"x": 175.0, "y": 315.0}, {"x": 175.0, "y": 342.0}, {"x": 101.0, "y": 342.0}]}, "description": " Name:"}, {"boundingPoly": {"vertices": [{"x": 102.0, "y": 343.0}, {"x": 142.0, "y": 345.0}, {"x": 140.0, "y": 371.0}, {"x": 101.0, "y": 369.0}]}, "description": "TID"}, {"boundingPoly": {"vertices": [{"x": 556.0, "y": 349.0}, {"x": 607.0, "y": 347.0}, {"x": 608.0, "y": 371.0}, {"x": 557.0, "y": 373.0}]}, "description": "0001"}, {"boundingPoly": {"vertices": [{"x": 296.0, "y": 382.0}, {"x": 405.0, "y": 384.0}, {"x": 405.0, "y": 408.0}, {"x": 295.0, "y": 406.0}]}, "description": "Purchase"}, {"boundingPoly": {"vertices": [{"x": 95.0, "y": 412.0}, {"x": 310.0, "y": 416.0}, {"x": 310.0, "y": 442.0}, {"x": 94.0, "y": 438.0}]}, "description": "American Express"}, {"boundingPoly": {"vertices": [{"x": 94.0, "y": 444.0}, {"x": 190.0, "y": 447.0}, {"x": 190.0, "y": 473.0}, {"x": 94.0, "y": 470.0}]}, "description": "Invoice"}, {"boundingPoly": {"vertices": [{"x": 88.0, "y": 477.0}, {"x": 202.0, "y": 479.0}, {"x": 202.0, "y": 504.0}, {"x": 88.0, "y": 503.0}]}, "description": "APPROVED"}, {"boundingPoly": {"vertices": [{"x": 85.0, "y": 513.0}, {"x": 172.0, "y": 515.0}, {"x": 172.0, "y": 539.0}, {"x": 84.0, "y": 537.0}]}, "description": "Amount"}, {"boundingPoly": {"vertices": [{"x": 413.0, "y": 414.0}, {"x": 612.0, "y": 413.0}, {"x": 612.0, "y": 438.0}, {"x": 413.0, "y": 439.0}]}, "description": "XXXXXXXXXXX3007"}, {"boundingPoly": {"vertices": [{"x": 479.0, "y": 448.0}, {"x": 613.0, "y": 447.0}, {"x": 614.0, "y": 471.0}, {"x": 479.0, "y": 473.0}]}, "description": "0033702236"}, {"boundingPoly": {"vertices": [{"x": 532.0, "y": 480.0}, {"x": 616.0, "y": 479.0}, {"x": 617.0, "y": 505.0}, {"x": 532.0, "y": 507.0}]}, "description": "530519"}, {"boundingPoly": {"vertices": [{"x": 480.0, "y": 512.0}, {"x": 619.0, "y": 512.0}, {"x": 619.0, "y": 538.0}, {"x": 480.0, "y": 538.0}]}, "description": "USD $25.62"}, {"boundingPoly": {"vertices": [{"x": 73.0, "y": 616.0}, {"x": 213.0, "y": 616.0}, {"x": 213.0, "y": 647.0}, {"x": 73.0, "y": 647.0}]}, "description": " CHECK"}, {"boundingPoly": {"vertices": [{"x": 217.0, "y": 617.0}, {"x": 243.0, "y": 617.0}, {"x": 243.0, "y": 647.0}, {"x": 217.0, "y": 647.0}]}, "description": " :"}, {"boundingPoly": {"vertices": [{"x": 499.0, "y": 613.0}, {"x": 634.0, "y": 613.0}, {"x": 634.0, "y": 645.0}, {"x": 499.0, "y": 644.0}]}, "description": "25.62"}, {"boundingPoly": {"vertices": [{"x": 73.0, "y": 690.0}, {"x": 181.0, "y": 690.0}, {"x": 181.0, "y": 722.0}, {"x": 73.0, "y": 722.0}]}, "description": " TIP:"}, {"boundingPoly": {"vertices": [{"x": 519.0, "y": 670.0}, {"x": 633.0, "y": 669.0}, {"x": 633.0, "y": 716.0}, {"x": 519.0, "y": 716.0}]}, "description": "4.60"}, {"boundingPoly": {"vertices": [{"x": 475.0, "y": 748.0}, {"x": 659.0, "y": 752.0}, {"x": 658.0, "y": 796.0}, {"x": 474.0, "y": 791.0}]}, "description": "30 22"}, {"boundingPoly": {"vertices": [{"x": 66.0, "y": 768.0}, {"x": 204.0, "y": 768.0}, {"x": 204.0, "y": 800.0}, {"x": 66.0, "y": 800.0}]}, "description": " TOTAL"}, {"boundingPoly": {"vertices": [{"x": 209.0, "y": 770.0}, {"x": 232.0, "y": 770.0}, {"x": 232.0, "y": 800.0}, {"x": 209.0, "y": 800.0}]}, "description": " :"}, {"boundingPoly": {"vertices": [{"x": 354.0, "y": 791.0}, {"x": 479.0, "y": 790.0}, {"x": 479.0, "y": 806.0}, {"x": 354.0, "y": 807.0}]}, "description": "-----"}, {"boundingPoly": {"vertices": [{"x": 28.0, "y": 1062.0}, {"x": 71.0, "y": 1062.0}, {"x": 72.0, "y": 1097.0}, {"x": 29.0, "y": 1096.0}]}, "description": "X"}, {"boundingPoly": {"vertices": [{"x": 123.0, "y": 1086.0}, {"x": 221.0, "y": 1086.0}, {"x": 221.0, "y": 1106.0}, {"x": 123.0, "y": 1106.0}]}, "description": "---"}, {"boundingPoly": {"vertices": [{"x": 741.0, "y": 1073.0}, {"x": 863.0, "y": 1065.0}, {"x": 866.0, "y": 1105.0}, {"x": 744.0, "y": 1113.0}]}, "description": "RESS"}, {"boundingPoly": {"vertices": [{"x": 268.0, "y": 1087.0}, {"x": 662.0, "y": 1086.0}, {"x": 662.0, "y": 1102.0}, {"x": 268.0, "y": 1104.0}]}, "description": "---------- - --"}]}