{"textAnnotations": [{"boundingPoly": {"vertices": [{"x": 57.0, "y": 47.0}, {"x": 238.0, "y": 44.0}, {"x": 238.0, "y": 61.0}, {"x": 58.0, "y": 64.0}]}, "description": "merchant name"}, {"boundingPoly": {"vertices": [{"x": 80.0, "y": 68.0}, {"x": 217.0, "y": 66.0}, {"x": 217.0, "y": 79.0}, {"x": 80.0, "y": 81.0}]}, "description": "merchant address"}, {"boundingPoly": {"vertices": [{"x": 91.0, "y": 83.0}, {"x": 208.0, "y": 82.0}, {"x": 209.0, "y": 95.0}, {"x": 91.0, "y": 96.0}]}, "description": "merchant address"}, {"boundingPoly": {"vertices": [{"x": 113.0, "y": 100.0}, {"x": 188.0, "y": 98.0}, {"x": 188.0, "y": 111.0}, {"x": 113.0, "y": 113.0}]}, "description": "4806857108"}, {"boundingPoly": {"vertices": [{"x": 97.0, "y": 130.0}, {"x": 165.0, "y": 130.0}, {"x": 165.0, "y": 150.0}, {"x": 97.0, "y": 150.0}]}, "description": " ORDER:"}, {"boundingPoly": {"vertices": [{"x": 119.0, "y": 155.0}, {"x": 184.0, "y": 155.0}, {"x": 184.0, "y": 173.0}, {"x": 119.0, "y": 173.0}]}, "description": "Dine-In"}, {"boundingPoly": {"vertices": [{"x": 143.0, "y": 178.0}, {"x": 159.0, "y": 178.0}, {"x": 159.0, "y": 190.0}, {"x": 144.0, "y": 190.0}]}, "description": "83"}, {"boundingPoly": {"vertices": [{"x": 169.0, "y": 129.0}, {"x": 205.0, "y": 129.0}, {"x": 205.0, "y": 148.0}, {"x": 169.0, "y": 148.0}]}, "description": " 043"}, {"boundingPoly": {"vertices": [{"x": 20.0, "y": 202.0}, {"x": 67.0, "y": 202.0}, {"x": 67.0, "y": 216.0}, {"x": 20.0, "y": 216.0}]}, "description": " Cashier:"}, {"boundingPoly": {"vertices": [{"x": 24.0, "y": 215.0}, {"x": 149.0, "y": 215.0}, {"x": 149.0, "y": 232.0}, {"x": 24.0, "y": 232.0}]}, "description": " 18 Oct 2019 8.40:10P"}, {"boundingPoly": {"vertices": [{"x": 24.0, "y": 241.0}, {"x": 136.0, "y": 237.0}, {"x": 136.0, "y": 250.0}, {"x": 24.0, "y": 254.0}]}, "description": "Transaction 101780"}, {"boundingPoly": {"vertices": [{"x": 69.0, "y": 201.0}, {"x": 103.0, "y": 201.0}, {"x": 103.0, "y": 216.0}, {"x": 69.0, "y": 216.0}]}, "description": " Front"}, {"boundingPoly": {"vertices": [{"x": 45.0, "y": 271.0}, {"x": 130.0, "y": 269.0}, {"x": 130.0, "y": 281.0}, {"x": 45.0, "y": 283.0}]}, "description": "Samosa Chaat"}, {"boundingPoly": {"vertices": [{"x": 45.0, "y": 285.0}, {"x": 103.0, "y": 284.0}, {"x": 103.0, "y": 297.0}, {"x": 45.0, "y": 298.0}]}, "description": "Dal Tadka"}, {"boundingPoly": {"vertices": [{"x": 249.0, "y": 265.0}, {"x": 282.0, "y": 266.0}, {"x": 282.0, "y": 279.0}, {"x": 249.0, "y": 279.0}]}, "description": "$7.49"}, {"boundingPoly": {"vertices": [{"x": 242.0, "y": 282.0}, {"x": 283.0, "y": 282.0}, {"x": 284.0, "y": 295.0}, {"x": 242.0, "y": 296.0}]}, "description": "$10.49"}, {"boundingPoly": {"vertices": [{"x": 200.0, "y": 298.0}, {"x": 284.0, "y": 297.0}, {"x": 284.0, "y": 310.0}, {"x": 200.0, "y": 311.0}]}, "description": "Medium $0.00"}, {"boundingPoly": {"vertices": [{"x": 45.0, "y": 331.0}, {"x": 114.0, "y": 330.0}, {"x": 114.0, "y": 342.0}, {"x": 45.0, "y": 343.0}]}, "description": "Garlic Naan"}, {"boundingPoly": {"vertices": [{"x": 45.0, "y": 345.0}, {"x": 101.0, "y": 344.0}, {"x": 102.0, "y": 358.0}, {"x": 45.0, "y": 359.0}]}, "description": "Chapathi"}, {"boundingPoly": {"vertices": [{"x": 48.0, "y": 361.0}, {"x": 152.0, "y": 360.0}, {"x": 153.0, "y": 372.0}, {"x": 48.0, "y": 373.0}]}, "description": "Drinks Soda/water"}, {"boundingPoly": {"vertices": [{"x": 48.0, "y": 375.0}, {"x": 154.0, "y": 374.0}, {"x": 154.0, "y": 387.0}, {"x": 49.0, "y": 388.0}]}, "description": "Sora(Coke/Sprite)"}, {"boundingPoly": {"vertices": [{"x": 47.0, "y": 390.0}, {"x": 154.0, "y": 389.0}, {"x": 155.0, "y": 402.0}, {"x": 47.0, "y": 403.0}]}, "description": "Soda(Coke/Sprite]"}, {"boundingPoly": {"vertices": [{"x": 252.0, "y": 329.0}, {"x": 284.0, "y": 329.0}, {"x": 284.0, "y": 341.0}, {"x": 252.0, "y": 342.0}]}, "description": "$2.99"}, {"boundingPoly": {"vertices": [{"x": 252.0, "y": 344.0}, {"x": 285.0, "y": 344.0}, {"x": 285.0, "y": 357.0}, {"x": 251.0, "y": 357.0}]}, "description": "$2.98"}, {"boundingPoly": {"vertices": [{"x": 251.0, "y": 360.0}, {"x": 285.0, "y": 360.0}, {"x": 285.0, "y": 373.0}, {"x": 250.0, "y": 372.0}]}, "description": "$1.00"}, {"boundingPoly": {"vertices": [{"x": 249.0, "y": 375.0}, {"x": 286.0, "y": 375.0}, {"x": 286.0, "y": 388.0}, {"x": 249.0, "y": 388.0}]}, "description": "$1.99"}, {"boundingPoly": {"vertices": [{"x": 252.0, "y": 390.0}, {"x": 286.0, "y": 391.0}, {"x": 286.0, "y": 403.0}, {"x": 252.0, "y": 403.0}]}, "description": "$1.99"}, {"boundingPoly": {"vertices": [{"x": 33.0, "y": 374.0}, {"x": 34.0, "y": 387.0}, {"x": 29.0, "y": 388.0}, {"x": 28.0, "y": 375.0}]}, "description": "-"}, {"boundingPoly": {"vertices": [{"x": 29.0, "y": 392.0}, {"x": 36.0, "y": 393.0}, {"x": 35.0, "y": 401.0}, {"x": 28.0, "y": 400.0}]}, "description": "1"}, {"boundingPoly": {"vertices": [{"x": 27.0, "y": 421.0}, {"x": 78.0, "y": 420.0}, {"x": 78.0, "y": 432.0}, {"x": 28.0, "y": 433.0}]}, "description": "Subtotal"}, {"boundingPoly": {"vertices": [{"x": 30.0, "y": 436.0}, {"x": 50.0, "y": 437.0}, {"x": 50.0, "y": 446.0}, {"x": 30.0, "y": 446.0}]}, "description": "Tax"}, {"boundingPoly": {"vertices": [{"x": 245.0, "y": 421.0}, {"x": 287.0, "y": 421.0}, {"x": 287.0, "y": 434.0}, {"x": 245.0, "y": 434.0}]}, "description": "$28.93"}, {"boundingPoly": {"vertices": [{"x": 253.0, "y": 436.0}, {"x": 287.0, "y": 437.0}, {"x": 287.0, "y": 449.0}, {"x": 254.0, "y": 449.0}]}, "description": "$2.49"}, {"boundingPoly": {"vertices": [{"x": 32.0, "y": 464.0}, {"x": 61.0, "y": 464.0}, {"x": 60.0, "y": 475.0}, {"x": 32.0, "y": 475.0}]}, "description": "Total"}, {"boundingPoly": {"vertices": [{"x": 247.0, "y": 465.0}, {"x": 289.0, "y": 466.0}, {"x": 288.0, "y": 479.0}, {"x": 247.0, "y": 478.0}]}, "description": "$31.42"}, {"boundingPoly": {"vertices": [{"x": 248.0, "y": 487.0}, {"x": 288.0, "y": 488.0}, {"x": 288.0, "y": 501.0}, {"x": 247.0, "y": 501.0}]}, "description": "$31.42"}, {"boundingPoly": {"vertices": [{"x": 30.0, "y": 484.0}, {"x": 143.0, "y": 484.0}, {"x": 143.0, "y": 496.0}, {"x": 30.0, "y": 496.0}]}, "description": "CREDIT CARD AUFIT"}, {"boundingPoly": {"vertices": [{"x": 28.0, "y": 499.0}, {"x": 95.0, "y": 500.0}, {"x": 95.0, "y": 512.0}, {"x": 28.0, "y": 512.0}]}, "description": "AMEX 1007"}, {"boundingPoly": {"vertices": [{"x": 28.0, "y": 530.0}, {"x": 47.0, "y": 531.0}, {"x": 46.0, "y": 545.0}, {"x": 28.0, "y": 543.0}]}, "description": "Tip"}, {"boundingPoly": {"vertices": [{"x": 228.0, "y": 517.0}, {"x": 288.0, "y": 519.0}, {"x": 287.0, "y": 544.0}, {"x": 228.0, "y": 542.0}]}, "description": "9 4.71"}, {"boundingPoly": {"vertices": [{"x": 219.0, "y": 555.0}, {"x": 288.0, "y": 555.0}, {"x": 288.0, "y": 583.0}, {"x": 219.0, "y": 583.0}]}, "description": " 89.36:13"}, {"boundingPoly": {"vertices": [{"x": 155.0, "y": 593.0}, {"x": 274.0, "y": 593.0}, {"x": 274.0, "y": 611.0}, {"x": 155.0, "y": 611.0}]}, "description": " statement validation"}, {"boundingPoly": {"vertices": [{"x": 31.0, "y": 561.0}, {"x": 57.0, "y": 561.0}, {"x": 57.0, "y": 573.0}, {"x": 30.0, "y": 572.0}]}, "description": "Total"}, {"boundingPoly": {"vertices": [{"x": 41.0, "y": 593.0}, {"x": 153.0, "y": 593.0}, {"x": 153.0, "y": 607.0}, {"x": 41.0, "y": 607.0}]}, "description": " Retain this copy for"}, {"boundingPoly": {"vertices": [{"x": 28.0, "y": 631.0}, {"x": 154.0, "y": 631.0}, {"x": 154.0, "y": 644.0}, {"x": 28.0, "y": 644.0}]}, "description": " 18 Oct-2019 9:33:10P"}, {"boundingPoly": {"vertices": [{"x": 25.0, "y": 645.0}, {"x": 151.0, "y": 646.0}, {"x": 151.0, "y": 660.0}, {"x": 25.0, "y": 659.0}]}, "description": "$31.42 | Method LMV"}, {"boundingPoly": {"vertices": [{"x": 24.0, "y": 661.0}, {"x": 277.0, "y": 665.0}, {"x": 276.0, "y": 682.0}, {"x": 24.0, "y": 675.0}]}, "description": "AMERICAN EXPRESS XXXXXXXXXXXX1007"}, {"boundingPoly": {"vertices": [{"x": 26.0, "y": 692.0}, {"x": 201.0, "y": 692.0}, {"x": 201.0, "y": 709.0}, {"x": 26.0, "y": 709.0}]}, "description": " Ret #:929200655360 | Auth #:"}, {"boundingPoly": {"vertices": [{"x": 26.0, "y": 707.0}, {"x": 52.0, "y": 707.0}, {"x": 52.0, "y": 722.0}, {"x": 26.0, "y": 722.0}]}, "description": " MID:"}, {"boundingPoly": {"vertices": [{"x": 25.0, "y": 725.0}, {"x": 48.0, "y": 725.0}, {"x": 48.0, "y": 739.0}, {"x": 25.0, "y": 739.0}]}, "description": " AID:"}, {"boundingPoly": {"vertices": [{"x": 23.0, "y": 741.0}, {"x": 139.0, "y": 742.0}, {"x": 139.0, "y": 756.0}, {"x": 23.0, "y": 755.0}]}, "description": "AthNtwkNm. AMEX"}, {"boundingPoly": {"vertices": [{"x": 23.0, "y": 758.0}, {"x": 149.0, "y": 758.0}, {"x": 149.0, "y": 772.0}, {"x": 23.0, "y": 772.0}]}, "description": "SIGNATURE VERIFIED"}, {"boundingPoly": {"vertices": [{"x": 204.0, "y": 695.0}, {"x": 250.0, "y": 695.0}, {"x": 250.0, "y": 711.0}, {"x": 204.0, "y": 711.0}]}, "description": " 842862"}, {"boundingPoly": {"vertices": [{"x": 55.0, "y": 707.0}, {"x": 130.0, "y": 707.0}, {"x": 130.0, "y": 723.0}, {"x": 55.0, "y": 723.0}]}, "description": " ******** 6998"}, {"boundingPoly": {"vertices": [{"x": 50.0, "y": 725.0}, {"x": 174.0, "y": 725.0}, {"x": 174.0, "y": 739.0}, {"x": 50.0, "y": 739.0}]}, "description": " A000000025010801"}, {"boundingPoly": {"vertices": [{"x": 76.0, "y": 793.0}, {"x": 115.0, "y": 793.0}, {"x": 115.0, "y": 808.0}, {"x": 76.0, "y": 808.0}]}, "description": " Online:"}, {"boundingPoly": {"vertices": [{"x": 102.0, "y": 810.0}, {"x": 214.0, "y": 809.0}, {"x": 214.0, "y": 823.0}, {"x": 102.0, "y": 824.0}]}, "description": "/1STT6NDOOFPR8"}, {"boundingPoly": {"vertices": [{"x": 81.0, "y": 835.0}, {"x": 233.0, "y": 833.0}, {"x": 233.0, "y": 855.0}, {"x": 81.0, "y": 857.0}]}, "description": "*** REPRINT ***"}, {"boundingPoly": {"vertices": [{"x": 118.0, "y": 793.0}, {"x": 241.0, "y": 793.0}, {"x": 241.0, "y": 809.0}, {"x": 118.0, "y": 809.0}]}, "description": " https://clover.com/p"}, {"boundingPoly": {"vertices": [{"x": 17.0, "y": 881.0}, {"x": 166.0, "y": 878.0}, {"x": 166.0, "y": 893.0}, {"x": 17.0, "y": 896.0}]}, "description": "Order 24CN3T6Q6SEWG"}]}