{"textAnnotations": [{"boundingPoly": {"vertices": [{"x": 161.0, "y": 34.0}, {"x": 472.0, "y": 36.0}, {"x": 471.0, "y": 70.0}, {"x": 161.0, "y": 65.0}]}, "description": "Powered by 1Razorpay"}, {"boundingPoly": {"vertices": [{"x": 251.0, "y": 143.0}, {"x": 410.0, "y": 143.0}, {"x": 410.0, "y": 173.0}, {"x": 251.0, "y": 174.0}]}, "description": "merchant name"}, {"boundingPoly": {"vertices": [{"x": 248.0, "y": 254.0}, {"x": 395.0, "y": 257.0}, {"x": 394.0, "y": 295.0}, {"x": 248.0, "y": 293.0}]}, "description": "<162.00"}, {"boundingPoly": {"vertices": [{"x": 215.0, "y": 322.0}, {"x": 459.0, "y": 322.0}, {"x": 459.0, "y": 354.0}, {"x": 215.0, "y": 352.0}]}, "description": "Paid Successfully"}, {"boundingPoly": {"vertices": [{"x": 92.0, "y": 463.0}, {"x": 200.0, "y": 463.0}, {"x": 200.0, "y": 492.0}, {"x": 92.0, "y": 492.0}]}, "description": " Payment"}, {"boundingPoly": {"vertices": [{"x": 92.0, "y": 507.0}, {"x": 357.0, "y": 504.0}, {"x": 357.0, "y": 531.0}, {"x": 92.0, "y": 535.0}]}, "description": "pay_Db0qA5sxfd4ZBr"}, {"boundingPoly": {"vertices": [{"x": 205.0, "y": 463.0}, {"x": 234.0, "y": 463.0}, {"x": 234.0, "y": 491.0}, {"x": 205.0, "y": 491.0}]}, "description": " Id"}, {"boundingPoly": {"vertices": [{"x": 93.0, "y": 588.0}, {"x": 149.0, "y": 588.0}, {"x": 149.0, "y": 613.0}, {"x": 93.0, "y": 613.0}]}, "description": " Paid"}, {"boundingPoly": {"vertices": [{"x": 95.0, "y": 629.0}, {"x": 263.0, "y": 628.0}, {"x": 263.0, "y": 655.0}, {"x": 95.0, "y": 656.0}]}, "description": "1st Nov, 2019"}, {"boundingPoly": {"vertices": [{"x": 154.0, "y": 587.0}, {"x": 192.0, "y": 587.0}, {"x": 192.0, "y": 613.0}, {"x": 154.0, "y": 613.0}]}, "description": " On"}, {"boundingPoly": {"vertices": [{"x": 93.0, "y": 710.0}, {"x": 190.0, "y": 710.0}, {"x": 191.0, "y": 738.0}, {"x": 93.0, "y": 738.0}]}, "description": "Method"}, {"boundingPoly": {"vertices": [{"x": 93.0, "y": 751.0}, {"x": 372.0, "y": 750.0}, {"x": 372.0, "y": 778.0}, {"x": 93.0, "y": 779.0}]}, "description": "XXXX-XXXX-XXXX-1003"}, {"boundingPoly": {"vertices": [{"x": 92.0, "y": 795.0}, {"x": 155.0, "y": 794.0}, {"x": 154.0, "y": 820.0}, {"x": 93.0, "y": 820.0}]}, "description": "Card"}, {"boundingPoly": {"vertices": [{"x": 92.0, "y": 876.0}, {"x": 175.0, "y": 876.0}, {"x": 175.0, "y": 905.0}, {"x": 92.0, "y": 905.0}]}, "description": " Mobile"}, {"boundingPoly": {"vertices": [{"x": 180.0, "y": 876.0}, {"x": 285.0, "y": 876.0}, {"x": 285.0, "y": 905.0}, {"x": 180.0, "y": 905.0}]}, "description": " Number"}]}