{"textAnnotations": [{"boundingPoly": {"vertices": [{"x": 1387.0, "y": 96.0}, {"x": 1435.0, "y": 98.0}, {"x": 1434.0, "y": 154.0}, {"x": 1387.0, "y": 152.0}]}, "description": "S"}, {"boundingPoly": {"vertices": [{"x": 498.0, "y": 165.0}, {"x": 702.0, "y": 164.0}, {"x": 702.0, "y": 201.0}, {"x": 498.0, "y": 203.0}]}, "description": "Guest Copy"}, {"boundingPoly": {"vertices": [{"x": 485.0, "y": 301.0}, {"x": 1059.0, "y": 248.0}, {"x": 1063.0, "y": 294.0}, {"x": 488.0, "y": 346.0}]}, "description": "merchant name"}, {"boundingPoly": {"vertices": [{"x": 884.0, "y": 358.0}, {"x": 1040.0, "y": 358.0}, {"x": 1040.0, "y": 414.0}, {"x": 884.0, "y": 414.0}]}, "description": "merchant address"}, {"boundingPoly": {"vertices": [{"x": 908.0, "y": 414.0}, {"x": 943.0, "y": 414.0}, {"x": 943.0, "y": 460.0}, {"x": 908.0, "y": 460.0}]}, "description": "merchant address"}, {"boundingPoly": {"vertices": [{"x": 660.0, "y": 459.0}, {"x": 1020.0, "y": 459.0}, {"x": 1020.0, "y": 525.0}, {"x": 660.0, "y": 525.0}]}, "description": " : 09AADCC2835P1Z9"}, {"boundingPoly": {"vertices": [{"x": 1293.0, "y": 297.0}, {"x": 1294.0, "y": 362.0}, {"x": 1255.0, "y": 361.0}, {"x": 1253.0, "y": 304.0}]}, "description": "N"}, {"boundingPoly": {"vertices": [{"x": 1547.0, "y": 331.0}, {"x": 1550.0, "y": 399.0}, {"x": 1506.0, "y": 398.0}, {"x": 1505.0, "y": 336.0}]}, "description": "X"}, {"boundingPoly": {"vertices": [{"x": 525.0, "y": 390.0}, {"x": 612.0, "y": 390.0}, {"x": 612.0, "y": 438.0}, {"x": 525.0, "y": 438.0}]}, "description": "merchant address"}, {"boundingPoly": {"vertices": [{"x": 619.0, "y": 371.0}, {"x": 866.0, "y": 371.0}, {"x": 866.0, "y": 432.0}, {"x": 619.0, "y": 432.0}]}, "description": "merchant address"}, {"boundingPoly": {"vertices": [{"x": 499.0, "y": 423.0}, {"x": 815.0, "y": 423.0}, {"x": 815.0, "y": 484.0}, {"x": 499.0, "y": 484.0}]}, "description": "merchant address"}, {"boundingPoly": {"vertices": [{"x": 820.0, "y": 417.0}, {"x": 903.0, "y": 417.0}, {"x": 903.0, "y": 466.0}, {"x": 820.0, "y": 466.0}]}, "description": "merchant address"}, {"boundingPoly": {"vertices": [{"x": 948.0, "y": 407.0}, {"x": 1066.0, "y": 407.0}, {"x": 1066.0, "y": 457.0}, {"x": 948.0, "y": 457.0}]}, "description": "merchant address"}, {"boundingPoly": {"vertices": [{"x": 521.0, "y": 480.0}, {"x": 654.0, "y": 480.0}, {"x": 654.0, "y": 533.0}, {"x": 521.0, "y": 533.0}]}, "description": " GST NO"}, {"boundingPoly": {"vertices": [{"x": 1492.0, "y": 575.0}, {"x": 1554.0, "y": 580.0}, {"x": 1550.0, "y": 620.0}, {"x": 1489.0, "y": 614.0}]}, "description": "Alt"}, {"boundingPoly": {"vertices": [{"x": 272.0, "y": 621.0}, {"x": 489.0, "y": 628.0}, {"x": 488.0, "y": 667.0}, {"x": 271.0, "y": 661.0}]}, "description": "RESTAURANT"}, {"boundingPoly": {"vertices": [{"x": 267.0, "y": 669.0}, {"x": 369.0, "y": 669.0}, {"x": 369.0, "y": 714.0}, {"x": 267.0, "y": 714.0}]}, "description": " Bill"}, {"boundingPoly": {"vertices": [{"x": 262.0, "y": 719.0}, {"x": 357.0, "y": 721.0}, {"x": 354.0, "y": 759.0}, {"x": 262.0, "y": 757.0}]}, "description": "Date"}, {"boundingPoly": {"vertices": [{"x": 272.0, "y": 765.0}, {"x": 453.0, "y": 767.0}, {"x": 452.0, "y": 814.0}, {"x": 271.0, "y": 811.0}]}, "description": "30/11/19"}, {"boundingPoly": {"vertices": [{"x": 375.0, "y": 672.0}, {"x": 573.0, "y": 672.0}, {"x": 573.0, "y": 720.0}, {"x": 375.0, "y": 720.0}]}, "description": " : R000834"}, {"boundingPoly": {"vertices": [{"x": 527.0, "y": 725.0}, {"x": 731.0, "y": 725.0}, {"x": 731.0, "y": 768.0}, {"x": 527.0, "y": 768.0}]}, "description": " Table Cvr"}, {"boundingPoly": {"vertices": [{"x": 595.0, "y": 775.0}, {"x": 685.0, "y": 774.0}, {"x": 683.0, "y": 818.0}, {"x": 595.0, "y": 816.0}]}, "description": "45 0"}, {"boundingPoly": {"vertices": [{"x": 857.0, "y": 666.0}, {"x": 955.0, "y": 666.0}, {"x": 955.0, "y": 715.0}, {"x": 857.0, "y": 715.0}]}, "description": " Time"}, {"boundingPoly": {"vertices": [{"x": 963.0, "y": 660.0}, {"x": 1119.0, "y": 660.0}, {"x": 1119.0, "y": 711.0}, {"x": 963.0, "y": 711.0}]}, "description": " : 16:55"}, {"boundingPoly": {"vertices": [{"x": 1054.0, "y": 713.0}, {"x": 1120.0, "y": 713.0}, {"x": 1119.0, "y": 755.0}, {"x": 1055.0, "y": 756.0}]}, "description": "UID"}, {"boundingPoly": {"vertices": [{"x": 1013.0, "y": 830.0}, {"x": 1115.0, "y": 831.0}, {"x": 1114.0, "y": 848.0}, {"x": 1013.0, "y": 847.0}]}, "description": "------"}, {"boundingPoly": {"vertices": [{"x": 747.0, "y": 725.0}, {"x": 822.0, "y": 725.0}, {"x": 822.0, "y": 766.0}, {"x": 747.0, "y": 766.0}]}, "description": " Stw"}, {"boundingPoly": {"vertices": [{"x": 261.0, "y": 870.0}, {"x": 460.0, "y": 872.0}, {"x": 459.0, "y": 916.0}, {"x": 261.0, "y": 914.0}]}, "description": "Item Name"}, {"boundingPoly": {"vertices": [{"x": 264.0, "y": 937.0}, {"x": 372.0, "y": 937.0}, {"x": 372.0, "y": 955.0}, {"x": 264.0, "y": 955.0}]}, "description": "---- -"}, {"boundingPoly": {"vertices": [{"x": 748.0, "y": 872.0}, {"x": 964.0, "y": 872.0}, {"x": 964.0, "y": 919.0}, {"x": 748.0, "y": 919.0}]}, "description": " Qty. Rate"}, {"boundingPoly": {"vertices": [{"x": 983.0, "y": 872.0}, {"x": 1123.0, "y": 872.0}, {"x": 1123.0, "y": 917.0}, {"x": 983.0, "y": 917.0}]}, "description": " Amount"}, {"boundingPoly": {"vertices": [{"x": 255.0, "y": 976.0}, {"x": 542.0, "y": 977.0}, {"x": 542.0, "y": 1021.0}, {"x": 255.0, "y": 1020.0}]}, "description": "KADHAI PANEER"}, {"boundingPoly": {"vertices": [{"x": 251.0, "y": 1030.0}, {"x": 498.0, "y": 1029.0}, {"x": 498.0, "y": 1068.0}, {"x": 251.0, "y": 1068.0}]}, "description": "Dal makhani"}, {"boundingPoly": {"vertices": [{"x": 244.0, "y": 1072.0}, {"x": 581.0, "y": 1070.0}, {"x": 581.0, "y": 1109.0}, {"x": 245.0, "y": 1111.0}]}, "description": "MIXED VEGETABLE"}, {"boundingPoly": {"vertices": [{"x": 239.0, "y": 1117.0}, {"x": 526.0, "y": 1113.0}, {"x": 526.0, "y": 1157.0}, {"x": 239.0, "y": 1160.0}]}, "description": "TANDOORI ROTI"}, {"boundingPoly": {"vertices": [{"x": 220.0, "y": 1167.0}, {"x": 431.0, "y": 1164.0}, {"x": 432.0, "y": 1208.0}, {"x": 220.0, "y": 1210.0}]}, "description": "TAWA ROTI"}, {"boundingPoly": {"vertices": [{"x": 219.0, "y": 1218.0}, {"x": 566.0, "y": 1214.0}, {"x": 567.0, "y": 1261.0}, {"x": 219.0, "y": 1265.0}]}, "description": "FRESH LIME SODA"}, {"boundingPoly": {"vertices": [{"x": 211.0, "y": 1276.0}, {"x": 472.0, "y": 1272.0}, {"x": 473.0, "y": 1319.0}, {"x": 211.0, "y": 1323.0}]}, "description": "COLD COFFEE"}, {"boundingPoly": {"vertices": [{"x": 208.0, "y": 1333.0}, {"x": 562.0, "y": 1329.0}, {"x": 562.0, "y": 1377.0}, {"x": 208.0, "y": 1383.0}]}, "description": "PUDINA PARANTHA"}, {"boundingPoly": {"vertices": [{"x": 753.0, "y": 979.0}, {"x": 784.0, "y": 979.0}, {"x": 784.0, "y": 1022.0}, {"x": 753.0, "y": 1022.0}]}, "description": " 1"}, {"boundingPoly": {"vertices": [{"x": 756.0, "y": 1031.0}, {"x": 788.0, "y": 1031.0}, {"x": 788.0, "y": 1066.0}, {"x": 756.0, "y": 1066.0}]}, "description": " 1"}, {"boundingPoly": {"vertices": [{"x": 754.0, "y": 1073.0}, {"x": 783.0, "y": 1073.0}, {"x": 783.0, "y": 1106.0}, {"x": 754.0, "y": 1106.0}]}, "description": " 1"}, {"boundingPoly": {"vertices": [{"x": 749.0, "y": 1114.0}, {"x": 773.0, "y": 1117.0}, {"x": 770.0, "y": 1150.0}, {"x": 746.0, "y": 1147.0}]}, "description": "3"}, {"boundingPoly": {"vertices": [{"x": 746.0, "y": 1158.0}, {"x": 776.0, "y": 1161.0}, {"x": 774.0, "y": 1198.0}, {"x": 744.0, "y": 1195.0}]}, "description": "2"}, {"boundingPoly": {"vertices": [{"x": 749.0, "y": 1215.0}, {"x": 774.0, "y": 1219.0}, {"x": 772.0, "y": 1250.0}, {"x": 747.0, "y": 1246.0}]}, "description": "1"}, {"boundingPoly": {"vertices": [{"x": 745.0, "y": 1268.0}, {"x": 934.0, "y": 1267.0}, {"x": 935.0, "y": 1312.0}, {"x": 745.0, "y": 1315.0}]}, "description": "2 124.00"}, {"boundingPoly": {"vertices": [{"x": 749.0, "y": 1325.0}, {"x": 790.0, "y": 1325.0}, {"x": 790.0, "y": 1371.0}, {"x": 749.0, "y": 1371.0}]}, "description": " 1"}, {"boundingPoly": {"vertices": [{"x": 791.0, "y": 978.0}, {"x": 925.0, "y": 978.0}, {"x": 925.0, "y": 1022.0}, {"x": 791.0, "y": 1022.0}]}, "description": " 250.00"}, {"boundingPoly": {"vertices": [{"x": 796.0, "y": 1030.0}, {"x": 925.0, "y": 1030.0}, {"x": 925.0, "y": 1066.0}, {"x": 796.0, "y": 1066.0}]}, "description": " 195.00"}, {"boundingPoly": {"vertices": [{"x": 797.0, "y": 1069.0}, {"x": 925.0, "y": 1069.0}, {"x": 925.0, "y": 1106.0}, {"x": 797.0, "y": 1106.0}]}, "description": " 160.00"}, {"boundingPoly": {"vertices": [{"x": 812.0, "y": 1110.0}, {"x": 927.0, "y": 1110.0}, {"x": 926.0, "y": 1148.0}, {"x": 811.0, "y": 1149.0}]}, "description": "20.00"}, {"boundingPoly": {"vertices": [{"x": 818.0, "y": 1159.0}, {"x": 931.0, "y": 1156.0}, {"x": 932.0, "y": 1200.0}, {"x": 818.0, "y": 1202.0}]}, "description": "10.00"}, {"boundingPoly": {"vertices": [{"x": 808.0, "y": 1212.0}, {"x": 930.0, "y": 1211.0}, {"x": 930.0, "y": 1255.0}, {"x": 808.0, "y": 1256.0}]}, "description": "65.00"}, {"boundingPoly": {"vertices": [{"x": 980.0, "y": 978.0}, {"x": 1120.0, "y": 977.0}, {"x": 1120.0, "y": 1020.0}, {"x": 980.0, "y": 1021.0}]}, "description": "250.00"}, {"boundingPoly": {"vertices": [{"x": 991.0, "y": 1030.0}, {"x": 1118.0, "y": 1030.0}, {"x": 1118.0, "y": 1064.0}, {"x": 991.0, "y": 1064.0}]}, "description": "195.00"}, {"boundingPoly": {"vertices": [{"x": 994.0, "y": 1067.0}, {"x": 1125.0, "y": 1066.0}, {"x": 1125.0, "y": 1100.0}, {"x": 995.0, "y": 1101.0}]}, "description": "160.00"}, {"boundingPoly": {"vertices": [{"x": 1016.0, "y": 1108.0}, {"x": 1131.0, "y": 1104.0}, {"x": 1132.0, "y": 1144.0}, {"x": 1017.0, "y": 1148.0}]}, "description": "60.00"}, {"boundingPoly": {"vertices": [{"x": 1021.0, "y": 1155.0}, {"x": 1137.0, "y": 1155.0}, {"x": 1137.0, "y": 1197.0}, {"x": 1020.0, "y": 1198.0}]}, "description": "20.00"}, {"boundingPoly": {"vertices": [{"x": 1022.0, "y": 1210.0}, {"x": 1141.0, "y": 1210.0}, {"x": 1142.0, "y": 1254.0}, {"x": 1020.0, "y": 1255.0}]}, "description": "65.00"}, {"boundingPoly": {"vertices": [{"x": 998.0, "y": 1263.0}, {"x": 1142.0, "y": 1264.0}, {"x": 1142.0, "y": 1312.0}, {"x": 998.0, "y": 1312.0}]}, "description": "248.00"}, {"boundingPoly": {"vertices": [{"x": 1027.0, "y": 1324.0}, {"x": 1148.0, "y": 1323.0}, {"x": 1148.0, "y": 1371.0}, {"x": 1027.0, "y": 1372.0}]}, "description": "50.00"}, {"boundingPoly": {"vertices": [{"x": 809.0, "y": 1326.0}, {"x": 937.0, "y": 1326.0}, {"x": 937.0, "y": 1374.0}, {"x": 809.0, "y": 1374.0}]}, "description": " 50.00"}, {"boundingPoly": {"vertices": [{"x": 214.0, "y": 1506.0}, {"x": 424.0, "y": 1505.0}, {"x": 425.0, "y": 1551.0}, {"x": 214.0, "y": 1553.0}]}, "description": "Sub Total"}, {"boundingPoly": {"vertices": [{"x": 217.0, "y": 1560.0}, {"x": 407.0, "y": 1560.0}, {"x": 407.0, "y": 1606.0}, {"x": 217.0, "y": 1606.0}]}, "description": "CGST2.5%"}, {"boundingPoly": {"vertices": [{"x": 225.0, "y": 1611.0}, {"x": 413.0, "y": 1612.0}, {"x": 413.0, "y": 1657.0}, {"x": 225.0, "y": 1656.0}]}, "description": "SGST2.5%"}, {"boundingPoly": {"vertices": [{"x": 731.0, "y": 1501.0}, {"x": 780.0, "y": 1501.0}, {"x": 778.0, "y": 1551.0}, {"x": 729.0, "y": 1551.0}]}, "description": "12"}, {"boundingPoly": {"vertices": [{"x": 989.0, "y": 1502.0}, {"x": 1160.0, "y": 1502.0}, {"x": 1160.0, "y": 1551.0}, {"x": 989.0, "y": 1550.0}]}, "description": "1048.00"}, {"boundingPoly": {"vertices": [{"x": 1035.0, "y": 1558.0}, {"x": 1153.0, "y": 1560.0}, {"x": 1152.0, "y": 1608.0}, {"x": 1033.0, "y": 1607.0}]}, "description": "26.21"}, {"boundingPoly": {"vertices": [{"x": 1033.0, "y": 1614.0}, {"x": 1153.0, "y": 1616.0}, {"x": 1151.0, "y": 1661.0}, {"x": 1031.0, "y": 1661.0}]}, "description": "26.21"}, {"boundingPoly": {"vertices": [{"x": 221.0, "y": 1720.0}, {"x": 507.0, "y": 1726.0}, {"x": 505.0, "y": 1813.0}, {"x": 220.0, "y": 1807.0}]}, "description": "Gross Amount"}, {"boundingPoly": {"vertices": [{"x": 193.0, "y": 1867.0}, {"x": 371.0, "y": 1867.0}, {"x": 371.0, "y": 1924.0}, {"x": 193.0, "y": 1924.0}]}, "description": " KOT No."}, {"boundingPoly": {"vertices": [{"x": 991.0, "y": 1738.0}, {"x": 1172.0, "y": 1741.0}, {"x": 1167.0, "y": 1830.0}, {"x": 990.0, "y": 1825.0}]}, "description": "1100.00"}, {"boundingPoly": {"vertices": [{"x": 377.0, "y": 1874.0}, {"x": 1177.0, "y": 1874.0}, {"x": 1177.0, "y": 1955.0}, {"x": 377.0, "y": 1955.0}]}, "description": " : G001664\\G001670\\G001678\\G001687"}, {"boundingPoly": {"vertices": [{"x": 291.0, "y": 1978.0}, {"x": 1141.0, "y": 2015.0}, {"x": 1139.0, "y": 2068.0}, {"x": 290.0, "y": 2030.0}]}, "description": "WISH YOU A HAPPY AND SAFE JOURNEY"}]}