{"textAnnotations": [{"boundingPoly": {"vertices": [{"x": 344.0, "y": 130.0}, {"x": 451.0, "y": 128.0}, {"x": 452.0, "y": 150.0}, {"x": 344.0, "y": 153.0}]}, "description": "merchant name"}, {"boundingPoly": {"vertices": [{"x": 448.0, "y": 156.0}, {"x": 489.0, "y": 156.0}, {"x": 489.0, "y": 178.0}, {"x": 448.0, "y": 178.0}]}, "description": "merchant name"}, {"boundingPoly": {"vertices": [{"x": 247.0, "y": 187.0}, {"x": 547.0, "y": 180.0}, {"x": 547.0, "y": 203.0}, {"x": 247.0, "y": 210.0}]}, "description": "merchant address"}, {"boundingPoly": {"vertices": [{"x": 259.0, "y": 213.0}, {"x": 547.0, "y": 208.0}, {"x": 547.0, "y": 231.0}, {"x": 259.0, "y": 237.0}]}, "description": "merchant address"}, {"boundingPoly": {"vertices": [{"x": 313.0, "y": 240.0}, {"x": 479.0, "y": 237.0}, {"x": 480.0, "y": 260.0}, {"x": 313.0, "y": 263.0}]}, "description": "merchant phone"}, {"boundingPoly": {"vertices": [{"x": 316.0, "y": 158.0}, {"x": 415.0, "y": 158.0}, {"x": 415.0, "y": 182.0}, {"x": 316.0, "y": 182.0}]}, "description": "merchant name"}, {"boundingPoly": {"vertices": [{"x": 423.0, "y": 157.0}, {"x": 443.0, "y": 157.0}, {"x": 443.0, "y": 179.0}, {"x": 423.0, "y": 179.0}]}, "description": "merchant name"}, {"boundingPoly": {"vertices": [{"x": 181.0, "y": 300.0}, {"x": 282.0, "y": 300.0}, {"x": 282.0, "y": 322.0}, {"x": 181.0, "y": 322.0}]}, "description": " Server:"}, {"boundingPoly": {"vertices": [{"x": 180.0, "y": 327.0}, {"x": 289.0, "y": 327.0}, {"x": 289.0, "y": 351.0}, {"x": 180.0, "y": 351.0}]}, "description": " 08:20 PM"}, {"boundingPoly": {"vertices": [{"x": 183.0, "y": 356.0}, {"x": 237.0, "y": 357.0}, {"x": 237.0, "y": 380.0}, {"x": 183.0, "y": 379.0}]}, "description": "10/4"}, {"boundingPoly": {"vertices": [{"x": 288.0, "y": 299.0}, {"x": 357.0, "y": 299.0}, {"x": 357.0, "y": 321.0}, {"x": 288.0, "y": 321.0}]}, "description": " Isaac"}, {"boundingPoly": {"vertices": [{"x": 422.0, "y": 295.0}, {"x": 487.0, "y": 295.0}, {"x": 487.0, "y": 320.0}, {"x": 422.0, "y": 320.0}]}, "description": " DOB:"}, {"boundingPoly": {"vertices": [{"x": 493.0, "y": 288.0}, {"x": 633.0, "y": 288.0}, {"x": 633.0, "y": 319.0}, {"x": 493.0, "y": 319.0}]}, "description": " 11/06/2019"}, {"boundingPoly": {"vertices": [{"x": 493.0, "y": 322.0}, {"x": 631.0, "y": 317.0}, {"x": 632.0, "y": 341.0}, {"x": 494.0, "y": 348.0}]}, "description": "11/06/2019"}, {"boundingPoly": {"vertices": [{"x": 533.0, "y": 351.0}, {"x": 630.0, "y": 346.0}, {"x": 632.0, "y": 368.0}, {"x": 534.0, "y": 374.0}]}, "description": "2/20069"}, {"boundingPoly": {"vertices": [{"x": 371.0, "y": 411.0}, {"x": 425.0, "y": 411.0}, {"x": 425.0, "y": 432.0}, {"x": 370.0, "y": 432.0}]}, "description": "SALE"}, {"boundingPoly": {"vertices": [{"x": 175.0, "y": 465.0}, {"x": 230.0, "y": 465.0}, {"x": 230.0, "y": 487.0}, {"x": 175.0, "y": 486.0}]}, "description": "AMEX"}, {"boundingPoly": {"vertices": [{"x": 171.0, "y": 494.0}, {"x": 466.0, "y": 494.0}, {"x": 466.0, "y": 518.0}, {"x": 171.0, "y": 516.0}]}, "description": "Card #XXXXXXXXXXX1004"}, {"boundingPoly": {"vertices": [{"x": 173.0, "y": 522.0}, {"x": 487.0, "y": 522.0}, {"x": 487.0, "y": 548.0}, {"x": 173.0, "y": 548.0}]}, "description": " Magnetic card present:"}, {"boundingPoly": {"vertices": [{"x": 171.0, "y": 581.0}, {"x": 425.0, "y": 581.0}, {"x": 425.0, "y": 606.0}, {"x": 171.0, "y": 606.0}]}, "description": " Card Entry Method:"}, {"boundingPoly": {"vertices": [{"x": 533.0, "y": 464.0}, {"x": 634.0, "y": 462.0}, {"x": 635.0, "y": 486.0}, {"x": 533.0, "y": 489.0}]}, "description": "2097207"}, {"boundingPoly": {"vertices": [{"x": 466.0, "y": 581.0}, {"x": 467.0, "y": 602.0}, {"x": 452.0, "y": 603.0}, {"x": 452.0, "y": 582.0}]}, "description": "co"}, {"boundingPoly": {"vertices": [{"x": 171.0, "y": 640.0}, {"x": 304.0, "y": 640.0}, {"x": 304.0, "y": 666.0}, {"x": 171.0, "y": 666.0}]}, "description": " Approval:"}, {"boundingPoly": {"vertices": [{"x": 309.0, "y": 638.0}, {"x": 397.0, "y": 638.0}, {"x": 397.0, "y": 665.0}, {"x": 309.0, "y": 665.0}]}, "description": " 572835"}, {"boundingPoly": {"vertices": [{"x": 325.0, "y": 698.0}, {"x": 404.0, "y": 698.0}, {"x": 404.0, "y": 723.0}, {"x": 325.0, "y": 723.0}]}, "description": " Amount"}, {"boundingPoly": {"vertices": [{"x": 409.0, "y": 699.0}, {"x": 423.0, "y": 699.0}, {"x": 423.0, "y": 723.0}, {"x": 409.0, "y": 723.0}]}, "description": " :"}, {"boundingPoly": {"vertices": [{"x": 536.0, "y": 699.0}, {"x": 638.0, "y": 699.0}, {"x": 638.0, "y": 724.0}, {"x": 536.0, "y": 724.0}]}, "description": "$ 34.29"}, {"boundingPoly": {"vertices": [{"x": 571.0, "y": 733.0}, {"x": 657.0, "y": 733.0}, {"x": 657.0, "y": 787.0}, {"x": 571.0, "y": 787.0}]}, "description": " 6:50"}, {"boundingPoly": {"vertices": [{"x": 337.0, "y": 762.0}, {"x": 358.0, "y": 761.0}, {"x": 358.0, "y": 780.0}, {"x": 337.0, "y": 781.0}]}, "description": "+"}, {"boundingPoly": {"vertices": [{"x": 365.0, "y": 760.0}, {"x": 423.0, "y": 760.0}, {"x": 423.0, "y": 786.0}, {"x": 365.0, "y": 786.0}]}, "description": " Tip:"}, {"boundingPoly": {"vertices": [{"x": 477.0, "y": 785.0}, {"x": 663.0, "y": 781.0}, {"x": 663.0, "y": 841.0}, {"x": 482.0, "y": 854.0}]}, "description": "40 ,79"}, {"boundingPoly": {"vertices": [{"x": 306.0, "y": 820.0}, {"x": 422.0, "y": 820.0}, {"x": 422.0, "y": 846.0}, {"x": 306.0, "y": 846.0}]}, "description": " = Total:"}, {"boundingPoly": {"vertices": [{"x": 215.0, "y": 918.0}, {"x": 237.0, "y": 918.0}, {"x": 237.0, "y": 944.0}, {"x": 215.0, "y": 944.0}]}, "description": " I"}, {"boundingPoly": {"vertices": [{"x": 186.0, "y": 949.0}, {"x": 620.0, "y": 950.0}, {"x": 620.0, "y": 978.0}, {"x": 186.0, "y": 976.0}]}, "description": "total amount according to the"}, {"boundingPoly": {"vertices": [{"x": 315.0, "y": 1117.0}, {"x": 466.0, "y": 1117.0}, {"x": 466.0, "y": 1144.0}, {"x": 315.0, "y": 1144.0}]}, "description": "Thank You!"}, {"boundingPoly": {"vertices": [{"x": 242.0, "y": 918.0}, {"x": 569.0, "y": 918.0}, {"x": 569.0, "y": 946.0}, {"x": 242.0, "y": 946.0}]}, "description": " agree to pay the above"}]}