{"textAnnotations": [{"boundingPoly": {"vertices": [{"x": 387.0, "y": 350.0}, {"x": 619.0, "y": 349.0}, {"x": 619.0, "y": 381.0}, {"x": 387.0, "y": 382.0}]}, "description": "merchant name"}, {"boundingPoly": {"vertices": [{"x": 456.0, "y": 385.0}, {"x": 587.0, "y": 385.0}, {"x": 587.0, "y": 414.0}, {"x": 456.0, "y": 414.0}]}, "description": "merchant address"}, {"boundingPoly": {"vertices": [{"x": 432.0, "y": 412.0}, {"x": 508.0, "y": 412.0}, {"x": 508.0, "y": 439.0}, {"x": 432.0, "y": 439.0}]}, "description": "merchant address"}, {"boundingPoly": {"vertices": [{"x": 426.0, "y": 439.0}, {"x": 471.0, "y": 439.0}, {"x": 471.0, "y": 469.0}, {"x": 426.0, "y": 469.0}]}, "description": "merchant phone"}, {"boundingPoly": {"vertices": [{"x": 300.0, "y": 487.0}, {"x": 465.0, "y": 487.0}, {"x": 465.0, "y": 533.0}, {"x": 300.0, "y": 533.0}]}, "description": " ORDER:"}, {"boundingPoly": {"vertices": [{"x": 198.0, "y": 594.0}, {"x": 504.0, "y": 594.0}, {"x": 504.0, "y": 635.0}, {"x": 198.0, "y": 635.0}]}, "description": " 08 Nov-2019 8:17:42P"}, {"boundingPoly": {"vertices": [{"x": 195.0, "y": 642.0}, {"x": 470.0, "y": 647.0}, {"x": 470.0, "y": 676.0}, {"x": 195.0, "y": 670.0}]}, "description": "Transaction 100010"}, {"boundingPoly": {"vertices": [{"x": 419.0, "y": 387.0}, {"x": 451.0, "y": 387.0}, {"x": 451.0, "y": 416.0}, {"x": 419.0, "y": 416.0}]}, "description": "merchant address"}, {"boundingPoly": {"vertices": [{"x": 362.0, "y": 412.0}, {"x": 426.0, "y": 412.0}, {"x": 426.0, "y": 439.0}, {"x": 362.0, "y": 439.0}]}, "description": "merchant address"}, {"boundingPoly": {"vertices": [{"x": 513.0, "y": 404.0}, {"x": 644.0, "y": 404.0}, {"x": 644.0, "y": 437.0}, {"x": 513.0, "y": 437.0}]}, "description": "merchant address"}, {"boundingPoly": {"vertices": [{"x": 1044.0, "y": 418.0}, {"x": 1237.0, "y": 452.0}, {"x": 1231.0, "y": 484.0}, {"x": 1038.0, "y": 451.0}]}, "description": "merchant name"}, {"boundingPoly": {"vertices": [{"x": 1018.0, "y": 483.0}, {"x": 1261.0, "y": 514.0}, {"x": 1258.0, "y": 539.0}, {"x": 1015.0, "y": 509.0}]}, "description": "merchant address"}, {"boundingPoly": {"vertices": [{"x": 969.0, "y": 565.0}, {"x": 1113.0, "y": 565.0}, {"x": 1113.0, "y": 618.0}, {"x": 969.0, "y": 618.0}]}, "description": " ORDER:"}, {"boundingPoly": {"vertices": [{"x": 884.0, "y": 682.0}, {"x": 1138.0, "y": 693.0}, {"x": 1136.0, "y": 719.0}, {"x": 883.0, "y": 709.0}]}, "description": "08 Nov 2019 0.11.32"}, {"boundingPoly": {"vertices": [{"x": 943.0, "y": 733.0}, {"x": 1010.0, "y": 733.0}, {"x": 1010.0, "y": 757.0}, {"x": 943.0, "y": 757.0}]}, "description": " Pinot"}, {"boundingPoly": {"vertices": [{"x": 947.0, "y": 760.0}, {"x": 1121.0, "y": 760.0}, {"x": 1121.0, "y": 787.0}, {"x": 947.0, "y": 787.0}]}, "description": " Burger Royale"}, {"boundingPoly": {"vertices": [{"x": 475.0, "y": 434.0}, {"x": 587.0, "y": 434.0}, {"x": 587.0, "y": 464.0}, {"x": 475.0, "y": 464.0}]}, "description": "merchant phone"}, {"boundingPoly": {"vertices": [{"x": 1068.0, "y": 463.0}, {"x": 1209.0, "y": 482.0}, {"x": 1206.0, "y": 507.0}, {"x": 1065.0, "y": 489.0}]}, "description": "merchant address"}, {"boundingPoly": {"vertices": [{"x": 1074.0, "y": 523.0}, {"x": 1211.0, "y": 535.0}, {"x": 1209.0, "y": 562.0}, {"x": 1072.0, "y": 548.0}]}, "description": "merchant phone"}, {"boundingPoly": {"vertices": [{"x": 198.0, "y": 565.0}, {"x": 312.0, "y": 565.0}, {"x": 312.0, "y": 597.0}, {"x": 198.0, "y": 597.0}]}, "description": " Cashier:"}, {"boundingPoly": {"vertices": [{"x": 316.0, "y": 571.0}, {"x": 450.0, "y": 571.0}, {"x": 450.0, "y": 603.0}, {"x": 316.0, "y": 603.0}]}, "description": " Acencion"}, {"boundingPoly": {"vertices": [{"x": 887.0, "y": 650.0}, {"x": 982.0, "y": 650.0}, {"x": 982.0, "y": 687.0}, {"x": 887.0, "y": 687.0}]}, "description": " Cashier:"}, {"boundingPoly": {"vertices": [{"x": 987.0, "y": 660.0}, {"x": 1102.0, "y": 660.0}, {"x": 1102.0, "y": 698.0}, {"x": 987.0, "y": 698.0}]}, "description": " Acencion"}, {"boundingPoly": {"vertices": [{"x": 245.0, "y": 704.0}, {"x": 450.0, "y": 710.0}, {"x": 450.0, "y": 730.0}, {"x": 244.0, "y": 723.0}]}, "description": "Pinot Noir 201"}, {"boundingPoly": {"vertices": [{"x": 243.0, "y": 723.0}, {"x": 626.0, "y": 737.0}, {"x": 625.0, "y": 759.0}, {"x": 242.0, "y": 742.0}]}, "description": "Burger Royal\u00e9 With Cheese"}, {"boundingPoly": {"vertices": [{"x": 178.0, "y": 770.0}, {"x": 312.0, "y": 772.0}, {"x": 312.0, "y": 799.0}, {"x": 177.0, "y": 797.0}]}, "description": "Subtotal"}, {"boundingPoly": {"vertices": [{"x": 174.0, "y": 804.0}, {"x": 235.0, "y": 807.0}, {"x": 233.0, "y": 833.0}, {"x": 173.0, "y": 830.0}]}, "description": "Tax"}, {"boundingPoly": {"vertices": [{"x": 729.0, "y": 715.0}, {"x": 820.0, "y": 716.0}, {"x": 820.0, "y": 742.0}, {"x": 729.0, "y": 741.0}]}, "description": "$42.00"}, {"boundingPoly": {"vertices": [{"x": 729.0, "y": 745.0}, {"x": 827.0, "y": 745.0}, {"x": 827.0, "y": 766.0}, {"x": 729.0, "y": 766.0}]}, "description": "$19.00"}, {"boundingPoly": {"vertices": [{"x": 896.0, "y": 740.0}, {"x": 912.0, "y": 741.0}, {"x": 911.0, "y": 756.0}, {"x": 895.0, "y": 755.0}]}, "description": "3"}, {"boundingPoly": {"vertices": [{"x": 1013.0, "y": 733.0}, {"x": 1070.0, "y": 733.0}, {"x": 1070.0, "y": 758.0}, {"x": 1013.0, "y": 758.0}]}, "description": " Noir"}, {"boundingPoly": {"vertices": [{"x": 1073.0, "y": 734.0}, {"x": 1136.0, "y": 734.0}, {"x": 1136.0, "y": 759.0}, {"x": 1073.0, "y": 759.0}]}, "description": " 2017"}, {"boundingPoly": {"vertices": [{"x": 1363.0, "y": 741.0}, {"x": 1443.0, "y": 741.0}, {"x": 1443.0, "y": 765.0}, {"x": 1363.0, "y": 765.0}]}, "description": "$42.00"}, {"boundingPoly": {"vertices": [{"x": 1368.0, "y": 768.0}, {"x": 1452.0, "y": 768.0}, {"x": 1452.0, "y": 793.0}, {"x": 1368.0, "y": 793.0}]}, "description": "$19.00"}, {"boundingPoly": {"vertices": [{"x": 1125.0, "y": 761.0}, {"x": 1280.0, "y": 761.0}, {"x": 1280.0, "y": 787.0}, {"x": 1125.0, "y": 787.0}]}, "description": " With Cheese"}, {"boundingPoly": {"vertices": [{"x": 743.0, "y": 795.0}, {"x": 833.0, "y": 796.0}, {"x": 832.0, "y": 823.0}, {"x": 742.0, "y": 821.0}]}, "description": "$61.00"}, {"boundingPoly": {"vertices": [{"x": 757.0, "y": 827.0}, {"x": 835.0, "y": 828.0}, {"x": 834.0, "y": 857.0}, {"x": 756.0, "y": 855.0}]}, "description": "$5.41"}, {"boundingPoly": {"vertices": [{"x": 906.0, "y": 818.0}, {"x": 1021.0, "y": 819.0}, {"x": 1020.0, "y": 846.0}, {"x": 906.0, "y": 844.0}]}, "description": "Subtotal"}, {"boundingPoly": {"vertices": [{"x": 908.0, "y": 853.0}, {"x": 961.0, "y": 853.0}, {"x": 960.0, "y": 879.0}, {"x": 907.0, "y": 879.0}]}, "description": "Tax"}, {"boundingPoly": {"vertices": [{"x": 1384.0, "y": 826.0}, {"x": 1465.0, "y": 828.0}, {"x": 1464.0, "y": 853.0}, {"x": 1384.0, "y": 851.0}]}, "description": "$61.00"}, {"boundingPoly": {"vertices": [{"x": 1400.0, "y": 859.0}, {"x": 1465.0, "y": 859.0}, {"x": 1465.0, "y": 884.0}, {"x": 1398.0, "y": 883.0}]}, "description": "$5.41"}, {"boundingPoly": {"vertices": [{"x": 172.0, "y": 877.0}, {"x": 254.0, "y": 877.0}, {"x": 253.0, "y": 908.0}, {"x": 171.0, "y": 907.0}]}, "description": "Total"}, {"boundingPoly": {"vertices": [{"x": 169.0, "y": 929.0}, {"x": 287.0, "y": 929.0}, {"x": 287.0, "y": 957.0}, {"x": 169.0, "y": 957.0}]}, "description": " CREDIT"}, {"boundingPoly": {"vertices": [{"x": 163.0, "y": 960.0}, {"x": 345.0, "y": 961.0}, {"x": 345.0, "y": 991.0}, {"x": 163.0, "y": 990.0}]}, "description": "AMEX 3001"}, {"boundingPoly": {"vertices": [{"x": 739.0, "y": 894.0}, {"x": 833.0, "y": 897.0}, {"x": 832.0, "y": 926.0}, {"x": 738.0, "y": 923.0}]}, "description": "$66.41"}, {"boundingPoly": {"vertices": [{"x": 743.0, "y": 941.0}, {"x": 838.0, "y": 942.0}, {"x": 837.0, "y": 971.0}, {"x": 743.0, "y": 969.0}]}, "description": "$66.41"}, {"boundingPoly": {"vertices": [{"x": 292.0, "y": 932.0}, {"x": 383.0, "y": 932.0}, {"x": 383.0, "y": 958.0}, {"x": 292.0, "y": 958.0}]}, "description": " CARD"}, {"boundingPoly": {"vertices": [{"x": 388.0, "y": 932.0}, {"x": 480.0, "y": 932.0}, {"x": 480.0, "y": 960.0}, {"x": 388.0, "y": 960.0}]}, "description": " AUTH"}, {"boundingPoly": {"vertices": [{"x": 910.0, "y": 920.0}, {"x": 980.0, "y": 920.0}, {"x": 980.0, "y": 948.0}, {"x": 910.0, "y": 947.0}]}, "description": "Total"}, {"boundingPoly": {"vertices": [{"x": 1382.0, "y": 922.0}, {"x": 1469.0, "y": 923.0}, {"x": 1468.0, "y": 950.0}, {"x": 1382.0, "y": 949.0}]}, "description": "$66.41"}, {"boundingPoly": {"vertices": [{"x": 1315.0, "y": 957.0}, {"x": 1442.0, "y": 956.0}, {"x": 1443.0, "y": 989.0}, {"x": 1315.0, "y": 990.0}]}, "description": "+13. 28"}, {"boundingPoly": {"vertices": [{"x": 1038.0, "y": 997.0}, {"x": 1497.0, "y": 997.0}, {"x": 1497.0, "y": 1034.0}, {"x": 1038.0, "y": 1034.0}]}, "description": " Online http://clover.comit 79 .69."}, {"boundingPoly": {"vertices": [{"x": 1100.0, "y": 1033.0}, {"x": 1353.0, "y": 1032.0}, {"x": 1353.0, "y": 1050.0}, {"x": 1100.0, "y": 1052.0}]}, "description": "/9HBGEM49.JXY.JW"}, {"boundingPoly": {"vertices": [{"x": 723.0, "y": 1005.0}, {"x": 853.0, "y": 1006.0}, {"x": 853.0, "y": 1061.0}, {"x": 723.0, "y": 1063.0}]}, "description": "13.28"}, {"boundingPoly": {"vertices": [{"x": 670.0, "y": 1072.0}, {"x": 860.0, "y": 1080.0}, {"x": 858.0, "y": 1145.0}, {"x": 665.0, "y": 1136.0}]}, "description": "$ 79.69"}, {"boundingPoly": {"vertices": [{"x": 187.0, "y": 1177.0}, {"x": 812.0, "y": 1186.0}, {"x": 812.0, "y": 1220.0}, {"x": 187.0, "y": 1213.0}]}, "description": "Retain this copy for statement validation"}, {"boundingPoly": {"vertices": [{"x": 165.0, "y": 1033.0}, {"x": 214.0, "y": 1037.0}, {"x": 212.0, "y": 1067.0}, {"x": 163.0, "y": 1062.0}]}, "description": "Tip"}, {"boundingPoly": {"vertices": [{"x": 153.0, "y": 1103.0}, {"x": 239.0, "y": 1104.0}, {"x": 238.0, "y": 1133.0}, {"x": 153.0, "y": 1132.0}]}, "description": "Total"}, {"boundingPoly": {"vertices": [{"x": 1159.0, "y": 1112.0}, {"x": 1406.0, "y": 1118.0}, {"x": 1406.0, "y": 1136.0}, {"x": 1159.0, "y": 1130.0}]}, "description": "OHBGRI49.JYYYY EN"}, {"boundingPoly": {"vertices": [{"x": 991.0, "y": 1164.0}, {"x": 1076.0, "y": 1164.0}, {"x": 1076.0, "y": 1191.0}, {"x": 991.0, "y": 1191.0}]}, "description": " Order"}, {"boundingPoly": {"vertices": [{"x": 1080.0, "y": 1165.0}, {"x": 1344.0, "y": 1165.0}, {"x": 1344.0, "y": 1197.0}, {"x": 1080.0, "y": 1197.0}]}, "description": " 9HBGRM49JXY.JW"}, {"boundingPoly": {"vertices": [{"x": 139.0, "y": 1280.0}, {"x": 512.0, "y": 1280.0}, {"x": 512.0, "y": 1316.0}, {"x": 139.0, "y": 1316.0}]}, "description": " 08-Nov-2019 9:56:43P"}, {"boundingPoly": {"vertices": [{"x": 423.0, "y": 1320.0}, {"x": 504.0, "y": 1320.0}, {"x": 504.0, "y": 1356.0}, {"x": 423.0, "y": 1356.0}]}, "description": " EMV"}, {"boundingPoly": {"vertices": [{"x": 131.0, "y": 1368.0}, {"x": 812.0, "y": 1359.0}, {"x": 813.0, "y": 1395.0}, {"x": 131.0, "y": 1403.0}]}, "description": "AMERICAN EXPRESS XXXXXXXXXXXX3001"}, {"boundingPoly": {"vertices": [{"x": 129.0, "y": 1455.0}, {"x": 231.0, "y": 1455.0}, {"x": 231.0, "y": 1492.0}, {"x": 129.0, "y": 1492.0}]}, "description": " Ref #:"}, {"boundingPoly": {"vertices": [{"x": 210.0, "y": 1495.0}, {"x": 425.0, "y": 1495.0}, {"x": 425.0, "y": 1532.0}, {"x": 210.0, "y": 1532.0}]}, "description": " ******** 2997"}, {"boundingPoly": {"vertices": [{"x": 197.0, "y": 1530.0}, {"x": 547.0, "y": 1530.0}, {"x": 547.0, "y": 1583.0}, {"x": 197.0, "y": 1583.0}]}, "description": " A000000025010801"}, {"boundingPoly": {"vertices": [{"x": 119.0, "y": 1584.0}, {"x": 339.0, "y": 1584.0}, {"x": 339.0, "y": 1633.0}, {"x": 119.0, "y": 1633.0}]}, "description": " AthNtwkNm:"}, {"boundingPoly": {"vertices": [{"x": 134.0, "y": 1321.0}, {"x": 416.0, "y": 1321.0}, {"x": 416.0, "y": 1358.0}, {"x": 134.0, "y": 1358.0}]}, "description": " $66.41 | Method:"}, {"boundingPoly": {"vertices": [{"x": 238.0, "y": 1443.0}, {"x": 622.0, "y": 1443.0}, {"x": 622.0, "y": 1491.0}, {"x": 238.0, "y": 1491.0}]}, "description": " 931300782280 | Auth #:"}, {"boundingPoly": {"vertices": [{"x": 627.0, "y": 1439.0}, {"x": 748.0, "y": 1439.0}, {"x": 748.0, "y": 1481.0}, {"x": 627.0, "y": 1481.0}]}, "description": " 800709"}, {"boundingPoly": {"vertices": [{"x": 125.0, "y": 1500.0}, {"x": 204.0, "y": 1500.0}, {"x": 204.0, "y": 1540.0}, {"x": 125.0, "y": 1540.0}]}, "description": " MID:"}, {"boundingPoly": {"vertices": [{"x": 124.0, "y": 1546.0}, {"x": 191.0, "y": 1546.0}, {"x": 191.0, "y": 1586.0}, {"x": 124.0, "y": 1586.0}]}, "description": " AID:"}, {"boundingPoly": {"vertices": [{"x": 345.0, "y": 1579.0}, {"x": 454.0, "y": 1579.0}, {"x": 454.0, "y": 1623.0}, {"x": 345.0, "y": 1623.0}]}, "description": " AMEX"}, {"boundingPoly": {"vertices": [{"x": 117.0, "y": 1641.0}, {"x": 485.0, "y": 1621.0}, {"x": 487.0, "y": 1660.0}, {"x": 119.0, "y": 1681.0}]}, "description": "SIGNATURE VERIFIED"}, {"boundingPoly": {"vertices": [{"x": 270.0, "y": 1767.0}, {"x": 392.0, "y": 1767.0}, {"x": 392.0, "y": 1818.0}, {"x": 270.0, "y": 1818.0}]}, "description": " Online:"}, {"boundingPoly": {"vertices": [{"x": 396.0, "y": 1736.0}, {"x": 728.0, "y": 1736.0}, {"x": 728.0, "y": 1808.0}, {"x": 396.0, "y": 1808.0}]}, "description": " https://clover.com/p"}, {"boundingPoly": {"vertices": [{"x": 343.0, "y": 1819.0}, {"x": 665.0, "y": 1785.0}, {"x": 669.0, "y": 1823.0}, {"x": 347.0, "y": 1857.0}]}, "description": "/88EE1VTWT9S5M"}, {"boundingPoly": {"vertices": [{"x": 353.0, "y": 1993.0}, {"x": 665.0, "y": 1967.0}, {"x": 668.0, "y": 2007.0}, {"x": 357.0, "y": 2035.0}]}, "description": "88EE1VTWT9S5M"}]}