{"textAnnotations": [{"boundingPoly": {"vertices": [{"x": 87.0, "y": 84.0}, {"x": 280.0, "y": 82.0}, {"x": 280.0, "y": 105.0}, {"x": 87.0, "y": 107.0}]}, "description": "merchant name"}, {"boundingPoly": {"vertices": [{"x": 67.0, "y": 108.0}, {"x": 307.0, "y": 103.0}, {"x": 307.0, "y": 128.0}, {"x": 67.0, "y": 133.0}]}, "description": "merchant address"}, {"boundingPoly": {"vertices": [{"x": 88.0, "y": 134.0}, {"x": 281.0, "y": 132.0}, {"x": 281.0, "y": 153.0}, {"x": 88.0, "y": 155.0}]}, "description": "merchant address"}, {"boundingPoly": {"vertices": [{"x": 96.0, "y": 158.0}, {"x": 279.0, "y": 155.0}, {"x": 279.0, "y": 176.0}, {"x": 97.0, "y": 179.0}]}, "description": "merchant address"}, {"boundingPoly": {"vertices": [{"x": 135.0, "y": 181.0}, {"x": 244.0, "y": 181.0}, {"x": 244.0, "y": 200.0}, {"x": 135.0, "y": 201.0}]}, "description": "merchant phone"}, {"boundingPoly": {"vertices": [{"x": 62.0, "y": 203.0}, {"x": 312.0, "y": 203.0}, {"x": 312.0, "y": 224.0}, {"x": 62.0, "y": 224.0}]}, "description": "BISTRO. Eat. Drink. Connect."}, {"boundingPoly": {"vertices": [{"x": 9.0, "y": 227.0}, {"x": 111.0, "y": 228.0}, {"x": 110.0, "y": 248.0}, {"x": 9.0, "y": 246.0}]}, "description": "4165 Noelle"}, {"boundingPoly": {"vertices": [{"x": 9.0, "y": 273.0}, {"x": 153.0, "y": 274.0}, {"x": 153.0, "y": 294.0}, {"x": 9.0, "y": 294.0}]}, "description": "CHK 8845"}, {"boundingPoly": {"vertices": [{"x": 112.0, "y": 298.0}, {"x": 263.0, "y": 298.0}, {"x": 263.0, "y": 319.0}, {"x": 112.0, "y": 319.0}]}, "description": " 11 Nov'19 8:15 AM"}, {"boundingPoly": {"vertices": [{"x": 225.0, "y": 274.0}, {"x": 367.0, "y": 273.0}, {"x": 367.0, "y": 294.0}, {"x": 225.0, "y": 296.0}]}, "description": "TBL 10/1"}, {"boundingPoly": {"vertices": [{"x": 356.0, "y": 329.0}, {"x": 371.0, "y": 329.0}, {"x": 370.0, "y": 336.0}, {"x": 356.0, "y": 336.0}]}, "description": "--"}, {"boundingPoly": {"vertices": [{"x": 21.0, "y": 343.0}, {"x": 32.0, "y": 343.0}, {"x": 32.0, "y": 363.0}, {"x": 21.0, "y": 363.0}]}, "description": " 1"}, {"boundingPoly": {"vertices": [{"x": 35.0, "y": 343.0}, {"x": 138.0, "y": 343.0}, {"x": 138.0, "y": 363.0}, {"x": 35.0, "y": 363.0}]}, "description": " COFFEE CAKE"}, {"boundingPoly": {"vertices": [{"x": 56.0, "y": 367.0}, {"x": 111.0, "y": 367.0}, {"x": 111.0, "y": 385.0}, {"x": 56.0, "y": 386.0}]}, "description": "WARMED"}, {"boundingPoly": {"vertices": [{"x": 39.0, "y": 390.0}, {"x": 174.0, "y": 390.0}, {"x": 174.0, "y": 410.0}, {"x": 39.0, "y": 410.0}]}, "description": " TALL CAPPUCCINO"}, {"boundingPoly": {"vertices": [{"x": 277.0, "y": 345.0}, {"x": 315.0, "y": 345.0}, {"x": 316.0, "y": 364.0}, {"x": 277.0, "y": 364.0}]}, "description": "3.50"}, {"boundingPoly": {"vertices": [{"x": 23.0, "y": 390.0}, {"x": 35.0, "y": 390.0}, {"x": 35.0, "y": 409.0}, {"x": 23.0, "y": 409.0}]}, "description": " 1"}, {"boundingPoly": {"vertices": [{"x": 276.0, "y": 392.0}, {"x": 315.0, "y": 391.0}, {"x": 315.0, "y": 411.0}, {"x": 277.0, "y": 411.0}]}, "description": "3.40"}, {"boundingPoly": {"vertices": [{"x": 39.0, "y": 434.0}, {"x": 112.0, "y": 434.0}, {"x": 111.0, "y": 453.0}, {"x": 38.0, "y": 452.0}]}, "description": "SUBTOTAL"}, {"boundingPoly": {"vertices": [{"x": 38.0, "y": 455.0}, {"x": 68.0, "y": 456.0}, {"x": 67.0, "y": 473.0}, {"x": 38.0, "y": 473.0}]}, "description": "TAX"}, {"boundingPoly": {"vertices": [{"x": 10.0, "y": 477.0}, {"x": 134.0, "y": 477.0}, {"x": 134.0, "y": 498.0}, {"x": 10.0, "y": 498.0}]}, "description": " 8:16 AM"}, {"boundingPoly": {"vertices": [{"x": 99.0, "y": 501.0}, {"x": 368.0, "y": 506.0}, {"x": 368.0, "y": 527.0}, {"x": 98.0, "y": 521.0}]}, "description": "TOTAL DUE $7.47"}, {"boundingPoly": {"vertices": [{"x": 269.0, "y": 438.0}, {"x": 315.0, "y": 438.0}, {"x": 315.0, "y": 456.0}, {"x": 268.0, "y": 456.0}]}, "description": "$6.90"}, {"boundingPoly": {"vertices": [{"x": 269.0, "y": 461.0}, {"x": 315.0, "y": 460.0}, {"x": 315.0, "y": 479.0}, {"x": 269.0, "y": 480.0}]}, "description": "$0.57"}, {"boundingPoly": {"vertices": [{"x": 42.0, "y": 568.0}, {"x": 336.0, "y": 576.0}, {"x": 335.0, "y": 598.0}, {"x": 41.0, "y": 589.0}]}, "description": "PLEASE COMPLETE FOR ROOM CHARGES"}, {"boundingPoly": {"vertices": [{"x": 15.0, "y": 616.0}, {"x": 89.0, "y": 617.0}, {"x": 89.0, "y": 637.0}, {"x": 15.0, "y": 636.0}]}, "description": "GRATUITY"}, {"boundingPoly": {"vertices": [{"x": 248.0, "y": 616.0}, {"x": 324.0, "y": 617.0}, {"x": 324.0, "y": 643.0}, {"x": 248.0, "y": 642.0}]}, "description": "2.00"}, {"boundingPoly": {"vertices": [{"x": 228.0, "y": 660.0}, {"x": 323.0, "y": 664.0}, {"x": 321.0, "y": 692.0}, {"x": 227.0, "y": 687.0}]}, "description": "$ 9.47"}, {"boundingPoly": {"vertices": [{"x": 20.0, "y": 659.0}, {"x": 60.0, "y": 659.0}, {"x": 59.0, "y": 682.0}, {"x": 19.0, "y": 682.0}]}, "description": "TOTAL"}, {"boundingPoly": {"vertices": [{"x": 14.0, "y": 707.0}, {"x": 113.0, "y": 711.0}, {"x": 112.0, "y": 731.0}, {"x": 14.0, "y": 727.0}]}, "description": "ROOM NUMBER"}, {"boundingPoly": {"vertices": [{"x": 5.0, "y": 753.0}, {"x": 140.0, "y": 761.0}, {"x": 139.0, "y": 781.0}, {"x": 4.0, "y": 773.0}]}, "description": "PRINT LAST NAME"}, {"boundingPoly": {"vertices": [{"x": 2.0, "y": 798.0}, {"x": 87.0, "y": 800.0}, {"x": 87.0, "y": 823.0}, {"x": 2.0, "y": 820.0}]}, "description": "SIGNATURE"}, {"boundingPoly": {"vertices": [{"x": 146.0, "y": 797.0}, {"x": 257.0, "y": 796.0}, {"x": 259.0, "y": 829.0}, {"x": 147.0, "y": 833.0}]}, "description": "lying an"}]}