{"textAnnotations": [{"boundingPoly": {"vertices": [{"x": 444.0, "y": 432.0}, {"x": 747.0, "y": 434.0}, {"x": 747.0, "y": 476.0}, {"x": 444.0, "y": 473.0}]}, "description": "merchant name"}, {"boundingPoly": {"vertices": [{"x": 401.0, "y": 480.0}, {"x": 772.0, "y": 483.0}, {"x": 772.0, "y": 526.0}, {"x": 401.0, "y": 523.0}]}, "description": "merchant address"}, {"boundingPoly": {"vertices": [{"x": 611.0, "y": 533.0}, {"x": 789.0, "y": 533.0}, {"x": 789.0, "y": 576.0}, {"x": 611.0, "y": 576.0}]}, "description": "merchant address"}, {"boundingPoly": {"vertices": [{"x": 465.0, "y": 586.0}, {"x": 729.0, "y": 585.0}, {"x": 729.0, "y": 627.0}, {"x": 465.0, "y": 627.0}]}, "description": "merchant phone"}, {"boundingPoly": {"vertices": [{"x": 402.0, "y": 534.0}, {"x": 604.0, "y": 534.0}, {"x": 604.0, "y": 576.0}, {"x": 402.0, "y": 576.0}]}, "description": "merchant address"}, {"boundingPoly": {"vertices": [{"x": 143.0, "y": 638.0}, {"x": 259.0, "y": 638.0}, {"x": 259.0, "y": 688.0}, {"x": 143.0, "y": 688.0}]}, "description": " Host:"}, {"boundingPoly": {"vertices": [{"x": 149.0, "y": 692.0}, {"x": 383.0, "y": 690.0}, {"x": 383.0, "y": 731.0}, {"x": 149.0, "y": 733.0}]}, "description": "112 MELANIE"}, {"boundingPoly": {"vertices": [{"x": 268.0, "y": 637.0}, {"x": 400.0, "y": 637.0}, {"x": 400.0, "y": 686.0}, {"x": 268.0, "y": 686.0}]}, "description": " Didier"}, {"boundingPoly": {"vertices": [{"x": 829.0, "y": 635.0}, {"x": 1052.0, "y": 630.0}, {"x": 1052.0, "y": 674.0}, {"x": 830.0, "y": 678.0}]}, "description": "11/12/2019"}, {"boundingPoly": {"vertices": [{"x": 897.0, "y": 685.0}, {"x": 1051.0, "y": 685.0}, {"x": 1051.0, "y": 728.0}, {"x": 897.0, "y": 728.0}]}, "description": " 7:24 PM"}, {"boundingPoly": {"vertices": [{"x": 936.0, "y": 739.0}, {"x": 1051.0, "y": 737.0}, {"x": 1050.0, "y": 777.0}, {"x": 938.0, "y": 780.0}]}, "description": "20396"}, {"boundingPoly": {"vertices": [{"x": 133.0, "y": 843.0}, {"x": 662.0, "y": 844.0}, {"x": 662.0, "y": 887.0}, {"x": 133.0, "y": 887.0}]}, "description": "Braised Beef Noodle Soup"}, {"boundingPoly": {"vertices": [{"x": 127.0, "y": 896.0}, {"x": 444.0, "y": 895.0}, {"x": 444.0, "y": 938.0}, {"x": 127.0, "y": 938.0}]}, "description": "Hoji Green Tea"}, {"boundingPoly": {"vertices": [{"x": 939.0, "y": 839.0}, {"x": 1053.0, "y": 839.0}, {"x": 1052.0, "y": 884.0}, {"x": 938.0, "y": 886.0}]}, "description": "14.50"}, {"boundingPoly": {"vertices": [{"x": 962.0, "y": 894.0}, {"x": 1054.0, "y": 892.0}, {"x": 1054.0, "y": 931.0}, {"x": 962.0, "y": 934.0}]}, "description": "4.00"}, {"boundingPoly": {"vertices": [{"x": 121.0, "y": 997.0}, {"x": 298.0, "y": 996.0}, {"x": 298.0, "y": 1044.0}, {"x": 121.0, "y": 1045.0}]}, "description": "Subtotal"}, {"boundingPoly": {"vertices": [{"x": 118.0, "y": 1052.0}, {"x": 194.0, "y": 1053.0}, {"x": 192.0, "y": 1093.0}, {"x": 117.0, "y": 1092.0}]}, "description": "Tax"}, {"boundingPoly": {"vertices": [{"x": 945.0, "y": 996.0}, {"x": 1061.0, "y": 996.0}, {"x": 1062.0, "y": 1036.0}, {"x": 945.0, "y": 1038.0}]}, "description": "18.50"}, {"boundingPoly": {"vertices": [{"x": 970.0, "y": 1049.0}, {"x": 1062.0, "y": 1046.0}, {"x": 1063.0, "y": 1089.0}, {"x": 972.0, "y": 1089.0}]}, "description": "1.65"}, {"boundingPoly": {"vertices": [{"x": 113.0, "y": 1158.0}, {"x": 597.0, "y": 1156.0}, {"x": 597.0, "y": 1201.0}, {"x": 113.0, "y": 1205.0}]}, "description": "To Go Total"}, {"boundingPoly": {"vertices": [{"x": 835.0, "y": 1151.0}, {"x": 1065.0, "y": 1151.0}, {"x": 1065.0, "y": 1203.0}, {"x": 835.0, "y": 1203.0}]}, "description": "20. 15"}, {"boundingPoly": {"vertices": [{"x": 94.0, "y": 1273.0}, {"x": 193.0, "y": 1277.0}, {"x": 191.0, "y": 1316.0}, {"x": 93.0, "y": 1314.0}]}, "description": "Amex"}, {"boundingPoly": {"vertices": [{"x": 137.0, "y": 1326.0}, {"x": 237.0, "y": 1326.0}, {"x": 237.0, "y": 1377.0}, {"x": 137.0, "y": 1377.0}]}, "description": " Auth:"}, {"boundingPoly": {"vertices": [{"x": 88.0, "y": 1386.0}, {"x": 189.0, "y": 1386.0}, {"x": 189.0, "y": 1435.0}, {"x": 89.0, "y": 1433.0}]}, "description": "Amex"}, {"boundingPoly": {"vertices": [{"x": 128.0, "y": 1447.0}, {"x": 231.0, "y": 1447.0}, {"x": 231.0, "y": 1492.0}, {"x": 128.0, "y": 1492.0}]}, "description": " Auth:"}, {"boundingPoly": {"vertices": [{"x": 954.0, "y": 1268.0}, {"x": 1075.0, "y": 1267.0}, {"x": 1076.0, "y": 1312.0}, {"x": 954.0, "y": 1313.0}]}, "description": "20.00"}, {"boundingPoly": {"vertices": [{"x": 246.0, "y": 1325.0}, {"x": 394.0, "y": 1325.0}, {"x": 394.0, "y": 1376.0}, {"x": 246.0, "y": 1376.0}]}, "description": " 534378"}, {"boundingPoly": {"vertices": [{"x": 977.0, "y": 1386.0}, {"x": 1080.0, "y": 1385.0}, {"x": 1081.0, "y": 1435.0}, {"x": 978.0, "y": 1437.0}]}, "description": "0. 15"}, {"boundingPoly": {"vertices": [{"x": 239.0, "y": 1446.0}, {"x": 389.0, "y": 1446.0}, {"x": 389.0, "y": 1493.0}, {"x": 239.0, "y": 1493.0}]}, "description": " 585559"}, {"boundingPoly": {"vertices": [{"x": 455.0, "y": 1622.0}, {"x": 692.0, "y": 1624.0}, {"x": 691.0, "y": 1672.0}, {"x": 455.0, "y": 1670.0}]}, "description": "Thank You!"}, {"boundingPoly": {"vertices": [{"x": 344.0, "y": 1742.0}, {"x": 426.0, "y": 1742.0}, {"x": 426.0, "y": 1771.0}, {"x": 344.0, "y": 1770.0}]}, "description": "---"}, {"boundingPoly": {"vertices": [{"x": 435.0, "y": 1735.0}, {"x": 724.0, "y": 1737.0}, {"x": 724.0, "y": 1781.0}, {"x": 435.0, "y": 1779.0}]}, "description": "Check Closed"}, {"boundingPoly": {"vertices": [{"x": 742.0, "y": 1750.0}, {"x": 818.0, "y": 1749.0}, {"x": 819.0, "y": 1768.0}, {"x": 742.0, "y": 1769.0}]}, "description": "---"}]}