{"textAnnotations": [{"boundingPoly": {"vertices": [{"x": 403.0, "y": 109.0}, {"x": 593.0, "y": 109.0}, {"x": 593.0, "y": 169.0}, {"x": 403.0, "y": 169.0}]}, "description": "merchant name"}, {"boundingPoly": {"vertices": [{"x": 433.0, "y": 202.0}, {"x": 798.0, "y": 202.0}, {"x": 798.0, "y": 237.0}, {"x": 433.0, "y": 238.0}]}, "description": "merchant address"}, {"boundingPoly": {"vertices": [{"x": 458.0, "y": 240.0}, {"x": 785.0, "y": 240.0}, {"x": 785.0, "y": 275.0}, {"x": 458.0, "y": 275.0}]}, "description": "theboathousebb.com.au"}, {"boundingPoly": {"vertices": [{"x": 545.0, "y": 277.0}, {"x": 764.0, "y": 277.0}, {"x": 764.0, "y": 311.0}, {"x": 545.0, "y": 311.0}]}, "description": "merchant phone"}, {"boundingPoly": {"vertices": [{"x": 604.0, "y": 109.0}, {"x": 727.0, "y": 109.0}, {"x": 727.0, "y": 168.0}, {"x": 604.0, "y": 168.0}]}, "description": "merchant name"}, {"boundingPoly": {"vertices": [{"x": 738.0, "y": 109.0}, {"x": 834.0, "y": 109.0}, {"x": 834.0, "y": 169.0}, {"x": 738.0, "y": 169.0}]}, "description": "merchant name"}, {"boundingPoly": {"vertices": [{"x": 473.0, "y": 278.0}, {"x": 539.0, "y": 278.0}, {"x": 539.0, "y": 311.0}, {"x": 473.0, "y": 311.0}]}, "description": " ABN:"}, {"boundingPoly": {"vertices": [{"x": 534.0, "y": 351.0}, {"x": 704.0, "y": 351.0}, {"x": 704.0, "y": 385.0}, {"x": 534.0, "y": 386.0}]}, "description": "Tax Invoice"}, {"boundingPoly": {"vertices": [{"x": 248.0, "y": 424.0}, {"x": 346.0, "y": 424.0}, {"x": 346.0, "y": 458.0}, {"x": 248.0, "y": 458.0}]}, "description": " Table:"}, {"boundingPoly": {"vertices": [{"x": 293.0, "y": 471.0}, {"x": 349.0, "y": 471.0}, {"x": 349.0, "y": 491.0}, {"x": 293.0, "y": 490.0}]}, "description": "===="}, {"boundingPoly": {"vertices": [{"x": 245.0, "y": 500.0}, {"x": 374.0, "y": 500.0}, {"x": 374.0, "y": 534.0}, {"x": 245.0, "y": 534.0}]}, "description": " Station:"}, {"boundingPoly": {"vertices": [{"x": 242.0, "y": 538.0}, {"x": 564.0, "y": 538.0}, {"x": 564.0, "y": 575.0}, {"x": 242.0, "y": 575.0}]}, "description": " Check Id:998232 Time:"}, {"boundingPoly": {"vertices": [{"x": 353.0, "y": 426.0}, {"x": 391.0, "y": 426.0}, {"x": 391.0, "y": 460.0}, {"x": 353.0, "y": 460.0}]}, "description": " 38"}, {"boundingPoly": {"vertices": [{"x": 725.0, "y": 427.0}, {"x": 851.0, "y": 427.0}, {"x": 851.0, "y": 462.0}, {"x": 725.0, "y": 462.0}]}, "description": " (Covers:"}, {"boundingPoly": {"vertices": [{"x": 857.0, "y": 426.0}, {"x": 890.0, "y": 426.0}, {"x": 890.0, "y": 461.0}, {"x": 857.0, "y": 461.0}]}, "description": " 0)"}, {"boundingPoly": {"vertices": [{"x": 873.0, "y": 477.0}, {"x": 938.0, "y": 475.0}, {"x": 939.0, "y": 490.0}, {"x": 873.0, "y": 492.0}]}, "description": "===="}, {"boundingPoly": {"vertices": [{"x": 381.0, "y": 503.0}, {"x": 451.0, "y": 503.0}, {"x": 451.0, "y": 535.0}, {"x": 381.0, "y": 535.0}]}, "description": " POS2"}, {"boundingPoly": {"vertices": [{"x": 570.0, "y": 502.0}, {"x": 665.0, "y": 502.0}, {"x": 665.0, "y": 537.0}, {"x": 570.0, "y": 537.0}]}, "description": " Staff:"}, {"boundingPoly": {"vertices": [{"x": 569.0, "y": 540.0}, {"x": 898.0, "y": 540.0}, {"x": 898.0, "y": 575.0}, {"x": 569.0, "y": 575.0}]}, "description": " 14/11/2019 12:20:24 P"}, {"boundingPoly": {"vertices": [{"x": 672.0, "y": 503.0}, {"x": 755.0, "y": 503.0}, {"x": 755.0, "y": 536.0}, {"x": 672.0, "y": 536.0}]}, "description": " Hutch"}, {"boundingPoly": {"vertices": [{"x": 243.0, "y": 613.0}, {"x": 295.0, "y": 613.0}, {"x": 293.0, "y": 646.0}, {"x": 243.0, "y": 646.0}]}, "description": "QTY"}, {"boundingPoly": {"vertices": [{"x": 338.0, "y": 614.0}, {"x": 403.0, "y": 615.0}, {"x": 402.0, "y": 648.0}, {"x": 337.0, "y": 646.0}]}, "description": "ITEM"}, {"boundingPoly": {"vertices": [{"x": 708.0, "y": 622.0}, {"x": 727.0, "y": 623.0}, {"x": 724.0, "y": 647.0}, {"x": 706.0, "y": 646.0}]}, "description": "$"}, {"boundingPoly": {"vertices": [{"x": 817.0, "y": 617.0}, {"x": 893.0, "y": 618.0}, {"x": 893.0, "y": 649.0}, {"x": 817.0, "y": 649.0}]}, "description": "TOTAL"}, {"boundingPoly": {"vertices": [{"x": 247.0, "y": 689.0}, {"x": 339.0, "y": 689.0}, {"x": 339.0, "y": 724.0}, {"x": 246.0, "y": 724.0}]}, "description": "[Food]"}, {"boundingPoly": {"vertices": [{"x": 336.0, "y": 767.0}, {"x": 573.0, "y": 768.0}, {"x": 572.0, "y": 803.0}, {"x": 336.0, "y": 800.0}]}, "description": "*Fish and Chips"}, {"boundingPoly": {"vertices": [{"x": 815.0, "y": 768.0}, {"x": 897.0, "y": 768.0}, {"x": 897.0, "y": 801.0}, {"x": 816.0, "y": 802.0}]}, "description": "29.00"}, {"boundingPoly": {"vertices": [{"x": 286.0, "y": 854.0}, {"x": 316.0, "y": 853.0}, {"x": 315.0, "y": 868.0}, {"x": 286.0, "y": 868.0}]}, "description": "--"}, {"boundingPoly": {"vertices": [{"x": 552.0, "y": 884.0}, {"x": 728.0, "y": 884.0}, {"x": 728.0, "y": 920.0}, {"x": 552.0, "y": 920.0}]}, "description": " Sub Total:$"}, {"boundingPoly": {"vertices": [{"x": 816.0, "y": 883.0}, {"x": 899.0, "y": 884.0}, {"x": 898.0, "y": 917.0}, {"x": 815.0, "y": 916.0}]}, "description": "29.00"}, {"boundingPoly": {"vertices": [{"x": 423.0, "y": 962.0}, {"x": 729.0, "y": 962.0}, {"x": 729.0, "y": 999.0}, {"x": 423.0, "y": 999.0}]}, "description": " Payment Surcharge:$"}, {"boundingPoly": {"vertices": [{"x": 723.0, "y": 1013.0}, {"x": 749.0, "y": 1013.0}, {"x": 749.0, "y": 1029.0}, {"x": 723.0, "y": 1029.0}]}, "description": "=="}, {"boundingPoly": {"vertices": [{"x": 832.0, "y": 964.0}, {"x": 901.0, "y": 965.0}, {"x": 901.0, "y": 997.0}, {"x": 832.0, "y": 997.0}]}, "description": "0.44"}, {"boundingPoly": {"vertices": [{"x": 611.0, "y": 1044.0}, {"x": 733.0, "y": 1044.0}, {"x": 733.0, "y": 1103.0}, {"x": 611.0, "y": 1103.0}]}, "description": " TOTAL:$"}, {"boundingPoly": {"vertices": [{"x": 536.0, "y": 1106.0}, {"x": 730.0, "y": 1106.0}, {"x": 730.0, "y": 1144.0}, {"x": 536.0, "y": 1144.0}]}, "description": " (inc. GST):$"}, {"boundingPoly": {"vertices": [{"x": 726.0, "y": 1157.0}, {"x": 753.0, "y": 1158.0}, {"x": 753.0, "y": 1174.0}, {"x": 725.0, "y": 1174.0}]}, "description": "=="}, {"boundingPoly": {"vertices": [{"x": 817.0, "y": 1046.0}, {"x": 907.0, "y": 1045.0}, {"x": 906.0, "y": 1104.0}, {"x": 817.0, "y": 1104.0}]}, "description": "29.44"}, {"boundingPoly": {"vertices": [{"x": 807.0, "y": 1109.0}, {"x": 901.0, "y": 1108.0}, {"x": 900.0, "y": 1144.0}, {"x": 806.0, "y": 1144.0}]}, "description": "(2.68)"}, {"boundingPoly": {"vertices": [{"x": 629.0, "y": 1188.0}, {"x": 730.0, "y": 1188.0}, {"x": 730.0, "y": 1227.0}, {"x": 629.0, "y": 1227.0}]}, "description": " Tyro:$"}, {"boundingPoly": {"vertices": [{"x": 594.0, "y": 1231.0}, {"x": 732.0, "y": 1231.0}, {"x": 732.0, "y": 1270.0}, {"x": 594.0, "y": 1270.0}]}, "description": " Change:$"}, {"boundingPoly": {"vertices": [{"x": 821.0, "y": 1189.0}, {"x": 906.0, "y": 1190.0}, {"x": 905.0, "y": 1225.0}, {"x": 821.0, "y": 1226.0}]}, "description": "29.44"}, {"boundingPoly": {"vertices": [{"x": 837.0, "y": 1232.0}, {"x": 907.0, "y": 1233.0}, {"x": 908.0, "y": 1266.0}, {"x": 837.0, "y": 1266.0}]}, "description": "0.00"}, {"boundingPoly": {"vertices": [{"x": 370.0, "y": 1355.0}, {"x": 853.0, "y": 1355.0}, {"x": 853.0, "y": 1388.0}, {"x": 370.0, "y": 1388.0}]}, "description": " -- POS2 14/11/2019 12:20:31 PM Hutch --"}, {"boundingPoly": {"vertices": [{"x": 337.0, "y": 1399.0}, {"x": 884.0, "y": 1401.0}, {"x": 884.0, "y": 1439.0}, {"x": 337.0, "y": 1436.0}]}, "description": "* Indicates GST inclusive item(s)"}, {"boundingPoly": {"vertices": [{"x": 430.0, "y": 1440.0}, {"x": 795.0, "y": 1442.0}, {"x": 794.0, "y": 1481.0}, {"x": 429.0, "y": 1479.0}]}, "description": "Thank you for visiting"}, {"boundingPoly": {"vertices": [{"x": 335.0, "y": 1481.0}, {"x": 886.0, "y": 1484.0}, {"x": 886.0, "y": 1524.0}, {"x": 335.0, "y": 1521.0}]}, "description": "Please help up with your feedback"}]}