{"textAnnotations": [{"boundingPoly": {"vertices": [{"x": 196.0, "y": 56.0}, {"x": 394.0, "y": 58.0}, {"x": 393.0, "y": 87.0}, {"x": 196.0, "y": 84.0}]}, "description": "merchant name"}, {"boundingPoly": {"vertices": [{"x": 60.0, "y": 93.0}, {"x": 532.0, "y": 93.0}, {"x": 532.0, "y": 117.0}, {"x": 60.0, "y": 117.0}]}, "description": "merchant address"}, {"boundingPoly": {"vertices": [{"x": 150.0, "y": 130.0}, {"x": 312.0, "y": 128.0}, {"x": 312.0, "y": 152.0}, {"x": 150.0, "y": 154.0}]}, "description": "merchant address"}, {"boundingPoly": {"vertices": [{"x": 412.0, "y": 129.0}, {"x": 453.0, "y": 130.0}, {"x": 452.0, "y": 153.0}, {"x": 413.0, "y": 153.0}]}, "description": "QC"}, {"boundingPoly": {"vertices": [{"x": 44.0, "y": 209.0}, {"x": 128.0, "y": 209.0}, {"x": 128.0, "y": 235.0}, {"x": 44.0, "y": 235.0}]}, "description": "CARD"}, {"boundingPoly": {"vertices": [{"x": 41.0, "y": 250.0}, {"x": 229.0, "y": 249.0}, {"x": 230.0, "y": 278.0}, {"x": 41.0, "y": 279.0}]}, "description": "CARD TYPE"}, {"boundingPoly": {"vertices": [{"x": 40.0, "y": 295.0}, {"x": 124.0, "y": 294.0}, {"x": 124.0, "y": 322.0}, {"x": 40.0, "y": 324.0}]}, "description": "DATE"}, {"boundingPoly": {"vertices": [{"x": 42.0, "y": 340.0}, {"x": 123.0, "y": 339.0}, {"x": 124.0, "y": 368.0}, {"x": 42.0, "y": 369.0}]}, "description": "TIME"}, {"boundingPoly": {"vertices": [{"x": 39.0, "y": 386.0}, {"x": 329.0, "y": 389.0}, {"x": 329.0, "y": 418.0}, {"x": 38.0, "y": 414.0}]}, "description": "RECEIPT NUMBER"}, {"boundingPoly": {"vertices": [{"x": 57.0, "y": 431.0}, {"x": 523.0, "y": 437.0}, {"x": 523.0, "y": 465.0}, {"x": 57.0, "y": 460.0}]}, "description": "C82022761-001-897-003-0"}, {"boundingPoly": {"vertices": [{"x": 234.0, "y": 207.0}, {"x": 532.0, "y": 213.0}, {"x": 531.0, "y": 240.0}, {"x": 234.0, "y": 228.0}]}, "description": "*** * * * * * * * * 3008"}, {"boundingPoly": {"vertices": [{"x": 452.0, "y": 254.0}, {"x": 533.0, "y": 257.0}, {"x": 532.0, "y": 283.0}, {"x": 451.0, "y": 281.0}]}, "description": "AMEX"}, {"boundingPoly": {"vertices": [{"x": 332.0, "y": 297.0}, {"x": 528.0, "y": 300.0}, {"x": 528.0, "y": 331.0}, {"x": 332.0, "y": 327.0}]}, "description": "2019/ 11/ 13"}, {"boundingPoly": {"vertices": [{"x": 271.0, "y": 343.0}, {"x": 427.0, "y": 343.0}, {"x": 427.0, "y": 376.0}, {"x": 271.0, "y": 376.0}]}, "description": " 9282 17:"}, {"boundingPoly": {"vertices": [{"x": 432.0, "y": 345.0}, {"x": 487.0, "y": 345.0}, {"x": 487.0, "y": 377.0}, {"x": 432.0, "y": 377.0}]}, "description": " 12:"}, {"boundingPoly": {"vertices": [{"x": 492.0, "y": 346.0}, {"x": 528.0, "y": 346.0}, {"x": 528.0, "y": 377.0}, {"x": 492.0, "y": 377.0}]}, "description": " 10"}, {"boundingPoly": {"vertices": [{"x": 36.0, "y": 524.0}, {"x": 205.0, "y": 525.0}, {"x": 205.0, "y": 555.0}, {"x": 36.0, "y": 554.0}]}, "description": "PURCHASE"}, {"boundingPoly": {"vertices": [{"x": 36.0, "y": 571.0}, {"x": 162.0, "y": 571.0}, {"x": 163.0, "y": 600.0}, {"x": 36.0, "y": 601.0}]}, "description": "AMOUNT"}, {"boundingPoly": {"vertices": [{"x": 36.0, "y": 618.0}, {"x": 99.0, "y": 617.0}, {"x": 100.0, "y": 646.0}, {"x": 37.0, "y": 648.0}]}, "description": "TIP"}, {"boundingPoly": {"vertices": [{"x": 35.0, "y": 664.0}, {"x": 139.0, "y": 662.0}, {"x": 139.0, "y": 691.0}, {"x": 36.0, "y": 693.0}]}, "description": "TOTAL"}, {"boundingPoly": {"vertices": [{"x": 401.0, "y": 569.0}, {"x": 519.0, "y": 570.0}, {"x": 519.0, "y": 599.0}, {"x": 401.0, "y": 599.0}]}, "description": "$26.44"}, {"boundingPoly": {"vertices": [{"x": 421.0, "y": 613.0}, {"x": 517.0, "y": 613.0}, {"x": 517.0, "y": 642.0}, {"x": 421.0, "y": 642.0}]}, "description": "$3.97"}, {"boundingPoly": {"vertices": [{"x": 282.0, "y": 708.0}, {"x": 516.0, "y": 703.0}, {"x": 517.0, "y": 765.0}, {"x": 284.0, "y": 772.0}]}, "description": "$30.41"}, {"boundingPoly": {"vertices": [{"x": 31.0, "y": 881.0}, {"x": 357.0, "y": 870.0}, {"x": 358.0, "y": 897.0}, {"x": 32.0, "y": 910.0}]}, "description": "AMERICAN EXPRESS"}, {"boundingPoly": {"vertices": [{"x": 31.0, "y": 924.0}, {"x": 356.0, "y": 913.0}, {"x": 357.0, "y": 942.0}, {"x": 32.0, "y": 954.0}]}, "description": "A000000025010801"}, {"boundingPoly": {"vertices": [{"x": 31.0, "y": 971.0}, {"x": 353.0, "y": 957.0}, {"x": 354.0, "y": 985.0}, {"x": 32.0, "y": 999.0}]}, "description": "BE34C4EAF 68E0F35"}, {"boundingPoly": {"vertices": [{"x": 32.0, "y": 1015.0}, {"x": 333.0, "y": 1002.0}, {"x": 334.0, "y": 1031.0}, {"x": 33.0, "y": 1045.0}]}, "description": "0000008000-E800"}, {"boundingPoly": {"vertices": [{"x": 31.0, "y": 1060.0}, {"x": 354.0, "y": 1045.0}, {"x": 355.0, "y": 1074.0}, {"x": 31.0, "y": 1090.0}]}, "description": "398 15C2BDDF 5AOCO"}, {"boundingPoly": {"vertices": [{"x": 30.0, "y": 1105.0}, {"x": 331.0, "y": 1091.0}, {"x": 333.0, "y": 1119.0}, {"x": 31.0, "y": 1134.0}]}, "description": "0000008000-F800"}]}