{"textAnnotations": [{"boundingPoly": {"vertices": [{"x": 94.0, "y": 115.0}, {"x": 377.0, "y": 110.0}, {"x": 378.0, "y": 152.0}, {"x": 95.0, "y": 155.0}]}, "description": "merchant name"}, {"boundingPoly": {"vertices": [{"x": 116.0, "y": 184.0}, {"x": 353.0, "y": 184.0}, {"x": 353.0, "y": 209.0}, {"x": 116.0, "y": 209.0}]}, "description": "merchant address"}, {"boundingPoly": {"vertices": [{"x": 159.0, "y": 212.0}, {"x": 319.0, "y": 212.0}, {"x": 319.0, "y": 236.0}, {"x": 159.0, "y": 236.0}]}, "description": "merchant address"}, {"boundingPoly": {"vertices": [{"x": 206.0, "y": 242.0}, {"x": 276.0, "y": 243.0}, {"x": 276.0, "y": 265.0}, {"x": 206.0, "y": 264.0}]}, "description": "merchant address"}, {"boundingPoly": {"vertices": [{"x": 172.0, "y": 270.0}, {"x": 354.0, "y": 270.0}, {"x": 354.0, "y": 297.0}, {"x": 172.0, "y": 297.0}]}, "description": "merchant phone"}, {"boundingPoly": {"vertices": [{"x": 130.0, "y": 270.0}, {"x": 166.0, "y": 270.0}, {"x": 166.0, "y": 297.0}, {"x": 130.0, "y": 297.0}]}, "description": " T\u00e9l"}, {"boundingPoly": {"vertices": [{"x": 97.0, "y": 330.0}, {"x": 149.0, "y": 330.0}, {"x": 149.0, "y": 354.0}, {"x": 97.0, "y": 354.0}]}, "description": " Date"}, {"boundingPoly": {"vertices": [{"x": 129.0, "y": 358.0}, {"x": 228.0, "y": 358.0}, {"x": 228.0, "y": 397.0}, {"x": 129.0, "y": 397.0}]}, "description": " Ticket n'"}, {"boundingPoly": {"vertices": [{"x": 39.0, "y": 396.0}, {"x": 210.0, "y": 397.0}, {"x": 210.0, "y": 423.0}, {"x": 39.0, "y": 422.0}]}, "description": "Qt\u00e9 D\u00e9signation"}, {"boundingPoly": {"vertices": [{"x": 153.0, "y": 330.0}, {"x": 288.0, "y": 330.0}, {"x": 288.0, "y": 354.0}, {"x": 153.0, "y": 354.0}]}, "description": " : 08/11/2019"}, {"boundingPoly": {"vertices": [{"x": 293.0, "y": 332.0}, {"x": 374.0, "y": 332.0}, {"x": 374.0, "y": 354.0}, {"x": 293.0, "y": 354.0}]}, "description": " - 12:01"}, {"boundingPoly": {"vertices": [{"x": 235.0, "y": 359.0}, {"x": 346.0, "y": 359.0}, {"x": 346.0, "y": 397.0}, {"x": 235.0, "y": 397.0}]}, "description": " : 2121257"}, {"boundingPoly": {"vertices": [{"x": 317.0, "y": 398.0}, {"x": 463.0, "y": 397.0}, {"x": 464.0, "y": 420.0}, {"x": 317.0, "y": 421.0}]}, "description": "P.U Tot.TTC T"}, {"boundingPoly": {"vertices": [{"x": 61.0, "y": 453.0}, {"x": 76.0, "y": 453.0}, {"x": 76.0, "y": 476.0}, {"x": 61.0, "y": 476.0}]}, "description": " 1"}, {"boundingPoly": {"vertices": [{"x": 61.0, "y": 480.0}, {"x": 77.0, "y": 480.0}, {"x": 77.0, "y": 503.0}, {"x": 61.0, "y": 503.0}]}, "description": " 1"}, {"boundingPoly": {"vertices": [{"x": 61.0, "y": 508.0}, {"x": 75.0, "y": 508.0}, {"x": 75.0, "y": 533.0}, {"x": 61.0, "y": 533.0}]}, "description": " 1"}, {"boundingPoly": {"vertices": [{"x": 62.0, "y": 537.0}, {"x": 76.0, "y": 537.0}, {"x": 76.0, "y": 560.0}, {"x": 62.0, "y": 560.0}]}, "description": " 1"}, {"boundingPoly": {"vertices": [{"x": 81.0, "y": 453.0}, {"x": 257.0, "y": 453.0}, {"x": 257.0, "y": 476.0}, {"x": 81.0, "y": 476.0}]}, "description": " SANDWICH A 3,50"}, {"boundingPoly": {"vertices": [{"x": 81.0, "y": 480.0}, {"x": 254.0, "y": 480.0}, {"x": 254.0, "y": 504.0}, {"x": 81.0, "y": 504.0}]}, "description": " FORMULE PLAISIR"}, {"boundingPoly": {"vertices": [{"x": 79.0, "y": 508.0}, {"x": 231.0, "y": 508.0}, {"x": 231.0, "y": 533.0}, {"x": 79.0, "y": 533.0}]}, "description": " PART TVA 5.5%"}, {"boundingPoly": {"vertices": [{"x": 80.0, "y": 537.0}, {"x": 221.0, "y": 537.0}, {"x": 221.0, "y": 561.0}, {"x": 80.0, "y": 561.0}]}, "description": " PART TVA 10%"}, {"boundingPoly": {"vertices": [{"x": 302.0, "y": 452.0}, {"x": 352.0, "y": 451.0}, {"x": 352.0, "y": 477.0}, {"x": 302.0, "y": 479.0}]}, "description": "3,50"}, {"boundingPoly": {"vertices": [{"x": 303.0, "y": 479.0}, {"x": 352.0, "y": 478.0}, {"x": 352.0, "y": 504.0}, {"x": 303.0, "y": 505.0}]}, "description": "8,95"}, {"boundingPoly": {"vertices": [{"x": 301.0, "y": 508.0}, {"x": 353.0, "y": 508.0}, {"x": 351.0, "y": 534.0}, {"x": 301.0, "y": 534.0}]}, "description": "-3,20"}, {"boundingPoly": {"vertices": [{"x": 304.0, "y": 536.0}, {"x": 351.0, "y": 535.0}, {"x": 352.0, "y": 561.0}, {"x": 305.0, "y": 563.0}]}, "description": "3,20"}, {"boundingPoly": {"vertices": [{"x": 393.0, "y": 453.0}, {"x": 464.0, "y": 452.0}, {"x": 465.0, "y": 475.0}, {"x": 393.0, "y": 477.0}]}, "description": "3,50 5"}, {"boundingPoly": {"vertices": [{"x": 394.0, "y": 480.0}, {"x": 466.0, "y": 480.0}, {"x": 466.0, "y": 502.0}, {"x": 394.0, "y": 503.0}]}, "description": "8,95 2"}, {"boundingPoly": {"vertices": [{"x": 387.0, "y": 508.0}, {"x": 467.0, "y": 508.0}, {"x": 467.0, "y": 532.0}, {"x": 387.0, "y": 533.0}]}, "description": "-3,20 2"}, {"boundingPoly": {"vertices": [{"x": 390.0, "y": 535.0}, {"x": 466.0, "y": 534.0}, {"x": 466.0, "y": 562.0}, {"x": 390.0, "y": 561.0}]}, "description": "3,20 5"}, {"boundingPoly": {"vertices": [{"x": 19.0, "y": 593.0}, {"x": 214.0, "y": 593.0}, {"x": 214.0, "y": 618.0}, {"x": 19.0, "y": 618.0}]}, "description": " Nombre d'articles"}, {"boundingPoly": {"vertices": [{"x": 21.0, "y": 623.0}, {"x": 248.0, "y": 623.0}, {"x": 248.0, "y": 662.0}, {"x": 21.0, "y": 662.0}]}, "description": " TOTAL TTC:"}, {"boundingPoly": {"vertices": [{"x": 24.0, "y": 663.0}, {"x": 114.0, "y": 663.0}, {"x": 114.0, "y": 685.0}, {"x": 24.0, "y": 686.0}]}, "description": "Code TVA"}, {"boundingPoly": {"vertices": [{"x": 23.0, "y": 690.0}, {"x": 135.0, "y": 690.0}, {"x": 135.0, "y": 713.0}, {"x": 23.0, "y": 714.0}]}, "description": "(5) 10.00%"}, {"boundingPoly": {"vertices": [{"x": 23.0, "y": 715.0}, {"x": 124.0, "y": 715.0}, {"x": 124.0, "y": 742.0}, {"x": 22.0, "y": 741.0}]}, "description": "(2) 5.50%"}, {"boundingPoly": {"vertices": [{"x": 20.0, "y": 744.0}, {"x": 111.0, "y": 744.0}, {"x": 111.0, "y": 770.0}, {"x": 21.0, "y": 770.0}]}, "description": "TOTAL HT"}, {"boundingPoly": {"vertices": [{"x": 218.0, "y": 593.0}, {"x": 255.0, "y": 593.0}, {"x": 255.0, "y": 617.0}, {"x": 218.0, "y": 617.0}]}, "description": " : 4"}, {"boundingPoly": {"vertices": [{"x": 286.0, "y": 621.0}, {"x": 481.0, "y": 622.0}, {"x": 481.0, "y": 660.0}, {"x": 286.0, "y": 658.0}]}, "description": "12.45 EUR"}, {"boundingPoly": {"vertices": [{"x": 275.0, "y": 661.0}, {"x": 311.0, "y": 661.0}, {"x": 310.0, "y": 685.0}, {"x": 275.0, "y": 685.0}]}, "description": "TVA"}, {"boundingPoly": {"vertices": [{"x": 262.0, "y": 690.0}, {"x": 308.0, "y": 689.0}, {"x": 308.0, "y": 712.0}, {"x": 262.0, "y": 712.0}]}, "description": "0,61"}, {"boundingPoly": {"vertices": [{"x": 261.0, "y": 715.0}, {"x": 309.0, "y": 714.0}, {"x": 310.0, "y": 741.0}, {"x": 261.0, "y": 742.0}]}, "description": "0,30"}, {"boundingPoly": {"vertices": [{"x": 197.0, "y": 663.0}, {"x": 221.0, "y": 663.0}, {"x": 219.0, "y": 685.0}, {"x": 196.0, "y": 684.0}]}, "description": "HT"}, {"boundingPoly": {"vertices": [{"x": 173.0, "y": 689.0}, {"x": 226.0, "y": 689.0}, {"x": 226.0, "y": 716.0}, {"x": 172.0, "y": 715.0}]}, "description": "6,09"}, {"boundingPoly": {"vertices": [{"x": 175.0, "y": 717.0}, {"x": 222.0, "y": 718.0}, {"x": 221.0, "y": 740.0}, {"x": 175.0, "y": 739.0}]}, "description": "5,45"}, {"boundingPoly": {"vertices": [{"x": 164.0, "y": 745.0}, {"x": 221.0, "y": 745.0}, {"x": 220.0, "y": 767.0}, {"x": 165.0, "y": 768.0}]}, "description": "11,54"}, {"boundingPoly": {"vertices": [{"x": 372.0, "y": 662.0}, {"x": 407.0, "y": 663.0}, {"x": 407.0, "y": 683.0}, {"x": 372.0, "y": 683.0}]}, "description": "TTC"}, {"boundingPoly": {"vertices": [{"x": 362.0, "y": 687.0}, {"x": 407.0, "y": 687.0}, {"x": 407.0, "y": 712.0}, {"x": 363.0, "y": 712.0}]}, "description": "6,70"}, {"boundingPoly": {"vertices": [{"x": 361.0, "y": 716.0}, {"x": 406.0, "y": 715.0}, {"x": 407.0, "y": 741.0}, {"x": 360.0, "y": 742.0}]}, "description": "5,75"}, {"boundingPoly": {"vertices": [{"x": 54.0, "y": 800.0}, {"x": 138.0, "y": 799.0}, {"x": 138.0, "y": 826.0}, {"x": 54.0, "y": 827.0}]}, "description": "(B) C.B."}, {"boundingPoly": {"vertices": [{"x": 419.0, "y": 799.0}, {"x": 477.0, "y": 799.0}, {"x": 477.0, "y": 825.0}, {"x": 419.0, "y": 825.0}]}, "description": "12,45"}, {"boundingPoly": {"vertices": [{"x": 60.0, "y": 858.0}, {"x": 421.0, "y": 857.0}, {"x": 422.0, "y": 881.0}, {"x": 60.0, "y": 882.0}]}, "description": "SIRET 48262842700015 - NAF 1071C"}, {"boundingPoly": {"vertices": [{"x": 96.0, "y": 886.0}, {"x": 388.0, "y": 886.0}, {"x": 388.0, "y": 910.0}, {"x": 96.0, "y": 910.0}]}, "description": "TVA Intracom FR49482628427"}, {"boundingPoly": {"vertices": [{"x": 71.0, "y": 915.0}, {"x": 410.0, "y": 915.0}, {"x": 410.0, "y": 940.0}, {"x": 71.0, "y": 939.0}]}, "description": "LE02 v2.52.061.067 - B0001517m"}, {"boundingPoly": {"vertices": [{"x": 114.0, "y": 944.0}, {"x": 199.0, "y": 944.0}, {"x": 199.0, "y": 971.0}, {"x": 114.0, "y": 971.0}]}, "description": " Service"}, {"boundingPoly": {"vertices": [{"x": 137.0, "y": 974.0}, {"x": 234.0, "y": 974.0}, {"x": 234.0, "y": 998.0}, {"x": 137.0, "y": 998.0}]}, "description": " Caisse 2"}, {"boundingPoly": {"vertices": [{"x": 172.0, "y": 1001.0}, {"x": 311.0, "y": 1001.0}, {"x": 311.0, "y": 1022.0}, {"x": 172.0, "y": 1021.0}]}, "description": "SARL LE GALO"}, {"boundingPoly": {"vertices": [{"x": 119.0, "y": 1024.0}, {"x": 356.0, "y": 1027.0}, {"x": 355.0, "y": 1047.0}, {"x": 119.0, "y": 1044.0}]}, "description": "Merci de votre visite"}, {"boundingPoly": {"vertices": [{"x": 88.0, "y": 1047.0}, {"x": 398.0, "y": 1050.0}, {"x": 398.0, "y": 1070.0}, {"x": 88.0, "y": 1068.0}]}, "description": "TOUTE L'EQUIPE VOUS SOUHAITE"}, {"boundingPoly": {"vertices": [{"x": 142.0, "y": 1071.0}, {"x": 333.0, "y": 1072.0}, {"x": 333.0, "y": 1093.0}, {"x": 142.0, "y": 1092.0}]}, "description": "UNE BELLE JOURNEE"}, {"boundingPoly": {"vertices": [{"x": 69.0, "y": 1096.0}, {"x": 407.0, "y": 1097.0}, {"x": 407.0, "y": 1119.0}, {"x": 69.0, "y": 1116.0}]}, "description": "www.boulangerie-saintgeorges.fr"}, {"boundingPoly": {"vertices": [{"x": 204.0, "y": 944.0}, {"x": 368.0, "y": 944.0}, {"x": 368.0, "y": 972.0}, {"x": 204.0, "y": 972.0}]}, "description": " : LATIFA (11)*"}, {"boundingPoly": {"vertices": [{"x": 238.0, "y": 975.0}, {"x": 345.0, "y": 975.0}, {"x": 345.0, "y": 999.0}, {"x": 238.0, "y": 999.0}]}, "description": " - CAISSE2"}]}