{"textAnnotations": [{"boundingPoly": {"vertices": [{"x": 482.0, "y": 4.0}, {"x": 928.0, "y": 0.0}, {"x": 929.0, "y": 74.0}, {"x": 483.0, "y": 79.0}]}, "description": "merchant address"}, {"boundingPoly": {"vertices": [{"x": 609.0, "y": 125.0}, {"x": 797.0, "y": 123.0}, {"x": 798.0, "y": 184.0}, {"x": 610.0, "y": 186.0}]}, "description": "merchant phone"}, {"boundingPoly": {"vertices": [{"x": 585.0, "y": 70.0}, {"x": 692.0, "y": 70.0}, {"x": 692.0, "y": 129.0}, {"x": 585.0, "y": 129.0}]}, "description": "merchant address"}, {"boundingPoly": {"vertices": [{"x": 703.0, "y": 69.0}, {"x": 736.0, "y": 69.0}, {"x": 736.0, "y": 128.0}, {"x": 703.0, "y": 128.0}]}, "description": "merchant address"}, {"boundingPoly": {"vertices": [{"x": 747.0, "y": 65.0}, {"x": 831.0, "y": 65.0}, {"x": 831.0, "y": 127.0}, {"x": 747.0, "y": 127.0}]}, "description": "merchant address"}, {"boundingPoly": {"vertices": [{"x": 529.0, "y": 183.0}, {"x": 799.0, "y": 183.0}, {"x": 799.0, "y": 247.0}, {"x": 529.0, "y": 247.0}]}, "description": " Ticket #:"}, {"boundingPoly": {"vertices": [{"x": 412.0, "y": 283.0}, {"x": 537.0, "y": 283.0}, {"x": 537.0, "y": 318.0}, {"x": 412.0, "y": 318.0}]}, "description": " Register"}, {"boundingPoly": {"vertices": [{"x": 415.0, "y": 324.0}, {"x": 537.0, "y": 324.0}, {"x": 537.0, "y": 360.0}, {"x": 415.0, "y": 360.0}]}, "description": " Thu, Nov"}, {"boundingPoly": {"vertices": [{"x": 414.0, "y": 366.0}, {"x": 534.0, "y": 366.0}, {"x": 534.0, "y": 401.0}, {"x": 414.0, "y": 401.0}]}, "description": " Cashier:"}, {"boundingPoly": {"vertices": [{"x": 810.0, "y": 182.0}, {"x": 870.0, "y": 182.0}, {"x": 870.0, "y": 242.0}, {"x": 810.0, "y": 242.0}]}, "description": " 01"}, {"boundingPoly": {"vertices": [{"x": 844.0, "y": 281.0}, {"x": 994.0, "y": 273.0}, {"x": 995.0, "y": 305.0}, {"x": 846.0, "y": 314.0}]}, "description": "9682199401"}, {"boundingPoly": {"vertices": [{"x": 788.0, "y": 316.0}, {"x": 956.0, "y": 316.0}, {"x": 956.0, "y": 360.0}, {"x": 788.0, "y": 360.0}]}, "description": " 03:34:29 PM"}, {"boundingPoly": {"vertices": [{"x": 543.0, "y": 285.0}, {"x": 561.0, "y": 285.0}, {"x": 561.0, "y": 318.0}, {"x": 543.0, "y": 318.0}]}, "description": " 1"}, {"boundingPoly": {"vertices": [{"x": 543.0, "y": 325.0}, {"x": 564.0, "y": 325.0}, {"x": 564.0, "y": 360.0}, {"x": 543.0, "y": 360.0}]}, "description": " 7"}, {"boundingPoly": {"vertices": [{"x": 540.0, "y": 367.0}, {"x": 676.0, "y": 367.0}, {"x": 676.0, "y": 401.0}, {"x": 540.0, "y": 401.0}]}, "description": " Gilbert S"}, {"boundingPoly": {"vertices": [{"x": 570.0, "y": 324.0}, {"x": 636.0, "y": 324.0}, {"x": 636.0, "y": 360.0}, {"x": 570.0, "y": 360.0}]}, "description": " 2019"}, {"boundingPoly": {"vertices": [{"x": 432.0, "y": 446.0}, {"x": 446.0, "y": 446.0}, {"x": 446.0, "y": 481.0}, {"x": 432.0, "y": 481.0}]}, "description": " 1"}, {"boundingPoly": {"vertices": [{"x": 453.0, "y": 446.0}, {"x": 575.0, "y": 446.0}, {"x": 575.0, "y": 481.0}, {"x": 453.0, "y": 481.0}]}, "description": " DBL CHZ"}, {"boundingPoly": {"vertices": [{"x": 472.0, "y": 490.0}, {"x": 549.0, "y": 490.0}, {"x": 548.0, "y": 519.0}, {"x": 472.0, "y": 519.0}]}, "description": "BACON"}, {"boundingPoly": {"vertices": [{"x": 471.0, "y": 530.0}, {"x": 710.0, "y": 530.0}, {"x": 710.0, "y": 561.0}, {"x": 471.0, "y": 562.0}]}, "description": "** MEDIUM SIZED **"}, {"boundingPoly": {"vertices": [{"x": 472.0, "y": 571.0}, {"x": 579.0, "y": 571.0}, {"x": 579.0, "y": 601.0}, {"x": 472.0, "y": 601.0}]}, "description": "NO MAYO"}, {"boundingPoly": {"vertices": [{"x": 471.0, "y": 609.0}, {"x": 608.0, "y": 608.0}, {"x": 608.0, "y": 643.0}, {"x": 471.0, "y": 644.0}]}, "description": "NO PICKLE"}, {"boundingPoly": {"vertices": [{"x": 470.0, "y": 651.0}, {"x": 599.0, "y": 652.0}, {"x": 599.0, "y": 684.0}, {"x": 469.0, "y": 683.0}]}, "description": "NO ONION"}, {"boundingPoly": {"vertices": [{"x": 473.0, "y": 691.0}, {"x": 709.0, "y": 692.0}, {"x": 709.0, "y": 726.0}, {"x": 473.0, "y": 725.0}]}, "description": "Cbm Md Dr Pepper"}, {"boundingPoly": {"vertices": [{"x": 584.0, "y": 448.0}, {"x": 666.0, "y": 448.0}, {"x": 666.0, "y": 480.0}, {"x": 584.0, "y": 480.0}]}, "description": " COMBO"}, {"boundingPoly": {"vertices": [{"x": 789.0, "y": 449.0}, {"x": 851.0, "y": 449.0}, {"x": 851.0, "y": 479.0}, {"x": 790.0, "y": 480.0}]}, "description": "8.59"}, {"boundingPoly": {"vertices": [{"x": 792.0, "y": 490.0}, {"x": 850.0, "y": 489.0}, {"x": 849.0, "y": 519.0}, {"x": 792.0, "y": 519.0}]}, "description": "1.49"}, {"boundingPoly": {"vertices": [{"x": 791.0, "y": 529.0}, {"x": 851.0, "y": 529.0}, {"x": 849.0, "y": 559.0}, {"x": 790.0, "y": 559.0}]}, "description": "0.99"}, {"boundingPoly": {"vertices": [{"x": 445.0, "y": 816.0}, {"x": 702.0, "y": 816.0}, {"x": 702.0, "y": 873.0}, {"x": 445.0, "y": 873.0}]}, "description": " Subtotal:"}, {"boundingPoly": {"vertices": [{"x": 591.0, "y": 872.0}, {"x": 705.0, "y": 872.0}, {"x": 705.0, "y": 929.0}, {"x": 591.0, "y": 929.0}]}, "description": " Tax:"}, {"boundingPoly": {"vertices": [{"x": 823.0, "y": 813.0}, {"x": 970.0, "y": 812.0}, {"x": 968.0, "y": 865.0}, {"x": 825.0, "y": 868.0}]}, "description": "11.07"}, {"boundingPoly": {"vertices": [{"x": 845.0, "y": 870.0}, {"x": 970.0, "y": 870.0}, {"x": 970.0, "y": 920.0}, {"x": 846.0, "y": 924.0}]}, "description": "0.95"}, {"boundingPoly": {"vertices": [{"x": 827.0, "y": 925.0}, {"x": 970.0, "y": 926.0}, {"x": 966.0, "y": 977.0}, {"x": 828.0, "y": 980.0}]}, "description": "12.02"}, {"boundingPoly": {"vertices": [{"x": 828.0, "y": 979.0}, {"x": 971.0, "y": 981.0}, {"x": 971.0, "y": 1034.0}, {"x": 829.0, "y": 1037.0}]}, "description": "12.02"}, {"boundingPoly": {"vertices": [{"x": 848.0, "y": 1040.0}, {"x": 971.0, "y": 1038.0}, {"x": 972.0, "y": 1093.0}, {"x": 850.0, "y": 1094.0}]}, "description": "0.00"}, {"boundingPoly": {"vertices": [{"x": 530.0, "y": 924.0}, {"x": 706.0, "y": 924.0}, {"x": 706.0, "y": 984.0}, {"x": 530.0, "y": 984.0}]}, "description": " Total:"}, {"boundingPoly": {"vertices": [{"x": 503.0, "y": 982.0}, {"x": 706.0, "y": 982.0}, {"x": 706.0, "y": 1041.0}, {"x": 503.0, "y": 1041.0}]}, "description": " Credit:"}, {"boundingPoly": {"vertices": [{"x": 502.0, "y": 1041.0}, {"x": 665.0, "y": 1041.0}, {"x": 665.0, "y": 1101.0}, {"x": 502.0, "y": 1101.0}]}, "description": " Change"}, {"boundingPoly": {"vertices": [{"x": 674.0, "y": 1044.0}, {"x": 707.0, "y": 1044.0}, {"x": 707.0, "y": 1101.0}, {"x": 674.0, "y": 1101.0}]}, "description": " :"}, {"boundingPoly": {"vertices": [{"x": 584.0, "y": 1275.0}, {"x": 820.0, "y": 1272.0}, {"x": 821.0, "y": 1332.0}, {"x": 584.0, "y": 1337.0}]}, "description": "merchant name"}, {"boundingPoly": {"vertices": [{"x": 484.0, "y": 1335.0}, {"x": 693.0, "y": 1335.0}, {"x": 693.0, "y": 1394.0}, {"x": 484.0, "y": 1394.0}]}, "description": "merchant address"}, {"boundingPoly": {"vertices": [{"x": 587.0, "y": 1392.0}, {"x": 695.0, "y": 1392.0}, {"x": 695.0, "y": 1450.0}, {"x": 587.0, "y": 1450.0}]}, "description": "merchant address"}, {"boundingPoly": {"vertices": [{"x": 705.0, "y": 1334.0}, {"x": 788.0, "y": 1334.0}, {"x": 788.0, "y": 1394.0}, {"x": 705.0, "y": 1394.0}]}, "description": "merchant address"}, {"boundingPoly": {"vertices": [{"x": 800.0, "y": 1333.0}, {"x": 921.0, "y": 1333.0}, {"x": 921.0, "y": 1394.0}, {"x": 800.0, "y": 1394.0}]}, "description": "merchant address"}, {"boundingPoly": {"vertices": [{"x": 706.0, "y": 1391.0}, {"x": 739.0, "y": 1391.0}, {"x": 739.0, "y": 1450.0}, {"x": 706.0, "y": 1450.0}]}, "description": "merchant address"}, {"boundingPoly": {"vertices": [{"x": 750.0, "y": 1390.0}, {"x": 839.0, "y": 1390.0}, {"x": 839.0, "y": 1450.0}, {"x": 750.0, "y": 1450.0}]}, "description": "merchant address"}, {"boundingPoly": {"vertices": [{"x": 618.0, "y": 1447.0}, {"x": 787.0, "y": 1450.0}, {"x": 783.0, "y": 1504.0}, {"x": 616.0, "y": 1505.0}]}, "description": "merchant phone"}, {"boundingPoly": {"vertices": [{"x": 530.0, "y": 1504.0}, {"x": 797.0, "y": 1504.0}, {"x": 797.0, "y": 1568.0}, {"x": 530.0, "y": 1568.0}]}, "description": " Ticket #:"}, {"boundingPoly": {"vertices": [{"x": 414.0, "y": 1608.0}, {"x": 976.0, "y": 1610.0}, {"x": 976.0, "y": 1648.0}, {"x": 413.0, "y": 1643.0}]}, "description": "American Express Card #xxxxxxxxxxxx1005"}, {"boundingPoly": {"vertices": [{"x": 412.0, "y": 1650.0}, {"x": 709.0, "y": 1650.0}, {"x": 709.0, "y": 1691.0}, {"x": 412.0, "y": 1691.0}]}, "description": " Magnetic card present"}, {"boundingPoly": {"vertices": [{"x": 413.0, "y": 1697.0}, {"x": 429.0, "y": 1696.0}, {"x": 428.0, "y": 1721.0}, {"x": 412.0, "y": 1722.0}]}, "description": "r"}, {"boundingPoly": {"vertices": [{"x": 808.0, "y": 1511.0}, {"x": 869.0, "y": 1511.0}, {"x": 869.0, "y": 1569.0}, {"x": 808.0, "y": 1569.0}]}, "description": " 01"}, {"boundingPoly": {"vertices": [{"x": 418.0, "y": 1563.0}, {"x": 711.0, "y": 1563.0}, {"x": 711.0, "y": 1602.0}, {"x": 418.0, "y": 1602.0}]}, "description": " 11/7/2019 3:34:27 PM"}, {"boundingPoly": {"vertices": [{"x": 413.0, "y": 1776.0}, {"x": 539.0, "y": 1776.0}, {"x": 539.0, "y": 1811.0}, {"x": 413.0, "y": 1811.0}]}, "description": " Register"}, {"boundingPoly": {"vertices": [{"x": 413.0, "y": 1817.0}, {"x": 634.0, "y": 1818.0}, {"x": 634.0, "y": 1853.0}, {"x": 413.0, "y": 1853.0}]}, "description": "Thu, Nov 7 2019"}, {"boundingPoly": {"vertices": [{"x": 412.0, "y": 1860.0}, {"x": 534.0, "y": 1860.0}, {"x": 534.0, "y": 1897.0}, {"x": 412.0, "y": 1897.0}]}, "description": " Cashier:"}, {"boundingPoly": {"vertices": [{"x": 545.0, "y": 1776.0}, {"x": 565.0, "y": 1776.0}, {"x": 565.0, "y": 1811.0}, {"x": 545.0, "y": 1811.0}]}, "description": " 1"}, {"boundingPoly": {"vertices": [{"x": 842.0, "y": 1792.0}, {"x": 984.0, "y": 1781.0}, {"x": 986.0, "y": 1817.0}, {"x": 844.0, "y": 1827.0}]}, "description": "6952199401"}, {"boundingPoly": {"vertices": [{"x": 781.0, "y": 1832.0}, {"x": 947.0, "y": 1832.0}, {"x": 947.0, "y": 1871.0}, {"x": 781.0, "y": 1871.0}]}, "description": " 03:34:27 PM"}, {"boundingPoly": {"vertices": [{"x": 540.0, "y": 1861.0}, {"x": 678.0, "y": 1861.0}, {"x": 678.0, "y": 1899.0}, {"x": 540.0, "y": 1899.0}]}, "description": " Gilbert S"}, {"boundingPoly": {"vertices": [{"x": 497.0, "y": 1992.0}, {"x": 659.0, "y": 1992.0}, {"x": 659.0, "y": 2062.0}, {"x": 497.0, "y": 2062.0}]}, "description": " Amount"}, {"boundingPoly": {"vertices": [{"x": 410.0, "y": 2091.0}, {"x": 961.0, "y": 2128.0}, {"x": 959.0, "y": 2189.0}, {"x": 407.0, "y": 2153.0}]}, "description": "** Customer Copy **"}, {"boundingPoly": {"vertices": [{"x": 665.0, "y": 1998.0}, {"x": 703.0, "y": 1998.0}, {"x": 703.0, "y": 2065.0}, {"x": 665.0, "y": 2065.0}]}, "description": " :"}, {"boundingPoly": {"vertices": [{"x": 813.0, "y": 2018.0}, {"x": 958.0, "y": 2012.0}, {"x": 962.0, "y": 2075.0}, {"x": 816.0, "y": 2082.0}]}, "description": "12.02"}]}