{"textAnnotations": [{"boundingPoly": {"vertices": [{"x": 458.0, "y": 221.0}, {"x": 635.0, "y": 223.0}, {"x": 635.0, "y": 253.0}, {"x": 458.0, "y": 251.0}]}, "description": "merchant name"}, {"boundingPoly": {"vertices": [{"x": 286.0, "y": 256.0}, {"x": 789.0, "y": 258.0}, {"x": 789.0, "y": 290.0}, {"x": 286.0, "y": 287.0}]}, "description": "merchant address"}, {"boundingPoly": {"vertices": [{"x": 409.0, "y": 294.0}, {"x": 692.0, "y": 295.0}, {"x": 691.0, "y": 326.0}, {"x": 408.0, "y": 323.0}]}, "description": "merchant address"}, {"boundingPoly": {"vertices": [{"x": 335.0, "y": 329.0}, {"x": 627.0, "y": 329.0}, {"x": 627.0, "y": 362.0}, {"x": 335.0, "y": 362.0}]}, "description": "merchant address"}, {"boundingPoly": {"vertices": [{"x": 319.0, "y": 366.0}, {"x": 420.0, "y": 366.0}, {"x": 420.0, "y": 398.0}, {"x": 319.0, "y": 398.0}]}, "description": " SIRET"}, {"boundingPoly": {"vertices": [{"x": 389.0, "y": 404.0}, {"x": 542.0, "y": 404.0}, {"x": 542.0, "y": 436.0}, {"x": 389.0, "y": 436.0}]}, "description": " Code NAF"}, {"boundingPoly": {"vertices": [{"x": 632.0, "y": 332.0}, {"x": 762.0, "y": 332.0}, {"x": 762.0, "y": 363.0}, {"x": 632.0, "y": 363.0}]}, "description": "merchant address"}, {"boundingPoly": {"vertices": [{"x": 426.0, "y": 366.0}, {"x": 765.0, "y": 366.0}, {"x": 765.0, "y": 401.0}, {"x": 426.0, "y": 401.0}]}, "description": " : 534 681 697 00072"}, {"boundingPoly": {"vertices": [{"x": 551.0, "y": 404.0}, {"x": 698.0, "y": 404.0}, {"x": 698.0, "y": 440.0}, {"x": 551.0, "y": 440.0}]}, "description": " : 5610 A"}, {"boundingPoly": {"vertices": [{"x": 280.0, "y": 479.0}, {"x": 554.0, "y": 482.0}, {"x": 553.0, "y": 514.0}, {"x": 280.0, "y": 511.0}]}, "description": "3000578 Rattana"}, {"boundingPoly": {"vertices": [{"x": 259.0, "y": 560.0}, {"x": 456.0, "y": 560.0}, {"x": 456.0, "y": 595.0}, {"x": 259.0, "y": 595.0}]}, "description": " Fct 1381 N"}, {"boundingPoly": {"vertices": [{"x": 407.0, "y": 602.0}, {"x": 704.0, "y": 602.0}, {"x": 704.0, "y": 639.0}, {"x": 407.0, "y": 639.0}]}, "description": " Nov11'19 03:26PM"}, {"boundingPoly": {"vertices": [{"x": 462.0, "y": 561.0}, {"x": 850.0, "y": 561.0}, {"x": 850.0, "y": 597.0}, {"x": 462.0, "y": 597.0}]}, "description": " :0001-0480576 Cvt 0"}, {"boundingPoly": {"vertices": [{"x": 329.0, "y": 685.0}, {"x": 668.0, "y": 689.0}, {"x": 668.0, "y": 727.0}, {"x": 329.0, "y": 723.0}]}, "description": "Sur place"}, {"boundingPoly": {"vertices": [{"x": 332.0, "y": 732.0}, {"x": 393.0, "y": 732.0}, {"x": 393.0, "y": 768.0}, {"x": 332.0, "y": 768.0}]}, "description": " The"}, {"boundingPoly": {"vertices": [{"x": 330.0, "y": 777.0}, {"x": 429.0, "y": 777.0}, {"x": 428.0, "y": 811.0}, {"x": 330.0, "y": 811.0}]}, "description": "Moyen"}, {"boundingPoly": {"vertices": [{"x": 327.0, "y": 820.0}, {"x": 507.0, "y": 820.0}, {"x": 507.0, "y": 855.0}, {"x": 327.0, "y": 855.0}]}, "description": " Le Paleta"}, {"boundingPoly": {"vertices": [{"x": 330.0, "y": 864.0}, {"x": 392.0, "y": 863.0}, {"x": 392.0, "y": 899.0}, {"x": 331.0, "y": 899.0}]}, "description": "BEL"}, {"boundingPoly": {"vertices": [{"x": 331.0, "y": 910.0}, {"x": 546.0, "y": 908.0}, {"x": 546.0, "y": 942.0}, {"x": 331.0, "y": 945.0}]}, "description": "Carte Bleue"}, {"boundingPoly": {"vertices": [{"x": 296.0, "y": 731.0}, {"x": 326.0, "y": 731.0}, {"x": 326.0, "y": 766.0}, {"x": 296.0, "y": 766.0}]}, "description": " 1"}, {"boundingPoly": {"vertices": [{"x": 723.0, "y": 732.0}, {"x": 802.0, "y": 733.0}, {"x": 802.0, "y": 766.0}, {"x": 723.0, "y": 767.0}]}, "description": "3.20"}, {"boundingPoly": {"vertices": [{"x": 297.0, "y": 820.0}, {"x": 320.0, "y": 820.0}, {"x": 320.0, "y": 855.0}, {"x": 297.0, "y": 855.0}]}, "description": " 1"}, {"boundingPoly": {"vertices": [{"x": 715.0, "y": 819.0}, {"x": 806.0, "y": 818.0}, {"x": 806.0, "y": 852.0}, {"x": 716.0, "y": 854.0}]}, "description": "13.00"}, {"boundingPoly": {"vertices": [{"x": 716.0, "y": 907.0}, {"x": 812.0, "y": 905.0}, {"x": 811.0, "y": 940.0}, {"x": 718.0, "y": 941.0}]}, "description": "16.20"}, {"boundingPoly": {"vertices": [{"x": 352.0, "y": 1048.0}, {"x": 588.0, "y": 1044.0}, {"x": 589.0, "y": 1081.0}, {"x": 352.0, "y": 1086.0}]}, "description": "1.47 TVA 10%"}, {"boundingPoly": {"vertices": [{"x": 433.0, "y": 1092.0}, {"x": 567.0, "y": 1092.0}, {"x": 567.0, "y": 1129.0}, {"x": 433.0, "y": 1130.0}]}, "description": "TTL Net"}, {"boundingPoly": {"vertices": [{"x": 325.0, "y": 1143.0}, {"x": 525.0, "y": 1139.0}, {"x": 526.0, "y": 1177.0}, {"x": 326.0, "y": 1182.0}]}, "description": "Sous Total"}, {"boundingPoly": {"vertices": [{"x": 325.0, "y": 1193.0}, {"x": 508.0, "y": 1189.0}, {"x": 509.0, "y": 1227.0}, {"x": 325.0, "y": 1232.0}]}, "description": "Reglement"}, {"boundingPoly": {"vertices": [{"x": 763.0, "y": 1042.0}, {"x": 857.0, "y": 1040.0}, {"x": 859.0, "y": 1075.0}, {"x": 764.0, "y": 1079.0}]}, "description": "16.20"}, {"boundingPoly": {"vertices": [{"x": 766.0, "y": 1089.0}, {"x": 862.0, "y": 1087.0}, {"x": 863.0, "y": 1122.0}, {"x": 766.0, "y": 1125.0}]}, "description": "14.73"}, {"boundingPoly": {"vertices": [{"x": 728.0, "y": 1135.0}, {"x": 825.0, "y": 1133.0}, {"x": 826.0, "y": 1171.0}, {"x": 728.0, "y": 1174.0}]}, "description": "16.20"}, {"boundingPoly": {"vertices": [{"x": 635.0, "y": 1184.0}, {"x": 826.0, "y": 1181.0}, {"x": 826.0, "y": 1221.0}, {"x": 636.0, "y": 1223.0}]}, "description": "16.20"}, {"boundingPoly": {"vertices": [{"x": 241.0, "y": 1292.0}, {"x": 794.0, "y": 1286.0}, {"x": 795.0, "y": 1323.0}, {"x": 242.0, "y": 1330.0}]}, "description": "*** Merci et bon voyage ***"}, {"boundingPoly": {"vertices": [{"x": 488.0, "y": 1331.0}, {"x": 756.0, "y": 1331.0}, {"x": 756.0, "y": 1379.0}, {"x": 488.0, "y": 1379.0}]}, "description": " : 534 681 697"}, {"boundingPoly": {"vertices": [{"x": 242.0, "y": 1338.0}, {"x": 481.0, "y": 1338.0}, {"x": 481.0, "y": 1385.0}, {"x": 242.0, "y": 1385.0}]}, "description": " RCS CRETEIL"}, {"boundingPoly": {"vertices": [{"x": 851.0, "y": 1396.0}, {"x": 903.0, "y": 1394.0}, {"x": 904.0, "y": 1407.0}, {"x": 851.0, "y": 1410.0}]}, "description": "---"}, {"boundingPoly": {"vertices": [{"x": 236.0, "y": 1450.0}, {"x": 848.0, "y": 1434.0}, {"x": 849.0, "y": 1475.0}, {"x": 236.0, "y": 1492.0}]}, "description": "5 rue Charles de Gaulle 94140"}, {"boundingPoly": {"vertices": [{"x": 240.0, "y": 1497.0}, {"x": 502.0, "y": 1497.0}, {"x": 502.0, "y": 1545.0}, {"x": 240.0, "y": 1545.0}]}, "description": " TVA Intercom"}, {"boundingPoly": {"vertices": [{"x": 426.0, "y": 1548.0}, {"x": 559.0, "y": 1548.0}, {"x": 559.0, "y": 1594.0}, {"x": 426.0, "y": 1594.0}]}, "description": " 707128"}, {"boundingPoly": {"vertices": [{"x": 509.0, "y": 1486.0}, {"x": 893.0, "y": 1486.0}, {"x": 893.0, "y": 1539.0}, {"x": 509.0, "y": 1539.0}]}, "description": " : FR44 534 681 697"}, {"boundingPoly": {"vertices": [{"x": 235.0, "y": 1553.0}, {"x": 418.0, "y": 1553.0}, {"x": 418.0, "y": 1600.0}, {"x": 235.0, "y": 1600.0}]}, "description": " Code UR:"}, {"boundingPoly": {"vertices": [{"x": 217.0, "y": 2057.0}, {"x": 905.0, "y": 2038.0}, {"x": 906.0, "y": 2086.0}, {"x": 219.0, "y": 2107.0}]}, "description": "Rendez-vous sur notre site web"}, {"boundingPoly": {"vertices": [{"x": 212.0, "y": 2124.0}, {"x": 616.0, "y": 2105.0}, {"x": 619.0, "y": 2158.0}, {"x": 214.0, "y": 2179.0}]}, "description": "go to the website"}, {"boundingPoly": {"vertices": [{"x": 373.0, "y": 2174.0}, {"x": 751.0, "y": 2165.0}, {"x": 752.0, "y": 2206.0}, {"x": 373.0, "y": 2210.0}]}, "description": "anthomove com/FR"}]}