{"textAnnotations": [{"boundingPoly": {"vertices": [{"x": 153.0, "y": 116.0}, {"x": 338.0, "y": 117.0}, {"x": 338.0, "y": 145.0}, {"x": 153.0, "y": 143.0}]}, "description": "merchant name"}, {"boundingPoly": {"vertices": [{"x": 138.0, "y": 151.0}, {"x": 352.0, "y": 153.0}, {"x": 352.0, "y": 181.0}, {"x": 138.0, "y": 179.0}]}, "description": "merchant address"}, {"boundingPoly": {"vertices": [{"x": 153.0, "y": 188.0}, {"x": 352.0, "y": 190.0}, {"x": 352.0, "y": 218.0}, {"x": 153.0, "y": 215.0}]}, "description": "merchant address"}, {"boundingPoly": {"vertices": [{"x": 168.0, "y": 225.0}, {"x": 339.0, "y": 227.0}, {"x": 338.0, "y": 253.0}, {"x": 168.0, "y": 251.0}]}, "description": "merchant phone"}, {"boundingPoly": {"vertices": [{"x": 31.0, "y": 288.0}, {"x": 206.0, "y": 288.0}, {"x": 206.0, "y": 313.0}, {"x": 31.0, "y": 313.0}]}, "description": " Terminal ID:"}, {"boundingPoly": {"vertices": [{"x": 31.0, "y": 326.0}, {"x": 45.0, "y": 326.0}, {"x": 45.0, "y": 335.0}, {"x": 31.0, "y": 335.0}]}, "description": "-"}, {"boundingPoly": {"vertices": [{"x": 211.0, "y": 289.0}, {"x": 322.0, "y": 289.0}, {"x": 322.0, "y": 314.0}, {"x": 211.0, "y": 314.0}]}, "description": " ***** 888"}, {"boundingPoly": {"vertices": [{"x": 416.0, "y": 291.0}, {"x": 475.0, "y": 290.0}, {"x": 476.0, "y": 309.0}, {"x": 416.0, "y": 310.0}]}, "description": "*** 4"}, {"boundingPoly": {"vertices": [{"x": 33.0, "y": 349.0}, {"x": 146.0, "y": 349.0}, {"x": 146.0, "y": 375.0}, {"x": 33.0, "y": 375.0}]}, "description": "11/21/19"}, {"boundingPoly": {"vertices": [{"x": 375.0, "y": 351.0}, {"x": 473.0, "y": 351.0}, {"x": 473.0, "y": 376.0}, {"x": 375.0, "y": 376.0}]}, "description": " 5:44 PM"}, {"boundingPoly": {"vertices": [{"x": 33.0, "y": 408.0}, {"x": 379.0, "y": 407.0}, {"x": 379.0, "y": 433.0}, {"x": 33.0, "y": 433.0}]}, "description": "AMERICAN EXPRESS - INSERT"}, {"boundingPoly": {"vertices": [{"x": 101.0, "y": 439.0}, {"x": 322.0, "y": 439.0}, {"x": 322.0, "y": 463.0}, {"x": 101.0, "y": 463.0}]}, "description": " A000000025010801"}, {"boundingPoly": {"vertices": [{"x": 33.0, "y": 470.0}, {"x": 139.0, "y": 470.0}, {"x": 139.0, "y": 493.0}, {"x": 33.0, "y": 493.0}]}, "description": " ACCT #:"}, {"boundingPoly": {"vertices": [{"x": 33.0, "y": 440.0}, {"x": 97.0, "y": 440.0}, {"x": 97.0, "y": 463.0}, {"x": 33.0, "y": 463.0}]}, "description": " AID:"}, {"boundingPoly": {"vertices": [{"x": 144.0, "y": 470.0}, {"x": 348.0, "y": 470.0}, {"x": 348.0, "y": 492.0}, {"x": 144.0, "y": 492.0}]}, "description": " *********** 2007"}, {"boundingPoly": {"vertices": [{"x": 34.0, "y": 528.0}, {"x": 191.0, "y": 527.0}, {"x": 191.0, "y": 552.0}, {"x": 34.0, "y": 554.0}]}, "description": "CREDIT SALE"}, {"boundingPoly": {"vertices": [{"x": 101.0, "y": 559.0}, {"x": 267.0, "y": 559.0}, {"x": 267.0, "y": 586.0}, {"x": 101.0, "y": 586.0}]}, "description": " 932557387539"}, {"boundingPoly": {"vertices": [{"x": 29.0, "y": 590.0}, {"x": 147.0, "y": 590.0}, {"x": 147.0, "y": 613.0}, {"x": 29.0, "y": 613.0}]}, "description": " BATCH #:"}, {"boundingPoly": {"vertices": [{"x": 32.0, "y": 561.0}, {"x": 96.0, "y": 561.0}, {"x": 96.0, "y": 587.0}, {"x": 32.0, "y": 587.0}]}, "description": " UID:"}, {"boundingPoly": {"vertices": [{"x": 317.0, "y": 559.0}, {"x": 408.0, "y": 559.0}, {"x": 408.0, "y": 585.0}, {"x": 317.0, "y": 585.0}]}, "description": " REF #:"}, {"boundingPoly": {"vertices": [{"x": 278.0, "y": 589.0}, {"x": 381.0, "y": 589.0}, {"x": 381.0, "y": 610.0}, {"x": 278.0, "y": 610.0}]}, "description": " AUTH #:"}, {"boundingPoly": {"vertices": [{"x": 413.0, "y": 559.0}, {"x": 426.0, "y": 559.0}, {"x": 426.0, "y": 585.0}, {"x": 413.0, "y": 585.0}]}, "description": " 0"}, {"boundingPoly": {"vertices": [{"x": 389.0, "y": 589.0}, {"x": 474.0, "y": 589.0}, {"x": 474.0, "y": 610.0}, {"x": 389.0, "y": 610.0}]}, "description": " 885817"}, {"boundingPoly": {"vertices": [{"x": 401.0, "y": 559.0}, {"x": 471.0, "y": 559.0}, {"x": 471.0, "y": 584.0}, {"x": 402.0, "y": 584.0}]}, "description": "0896"}, {"boundingPoly": {"vertices": [{"x": 153.0, "y": 590.0}, {"x": 197.0, "y": 590.0}, {"x": 197.0, "y": 611.0}, {"x": 153.0, "y": 611.0}]}, "description": " 019"}, {"boundingPoly": {"vertices": [{"x": 21.0, "y": 648.0}, {"x": 109.0, "y": 648.0}, {"x": 109.0, "y": 672.0}, {"x": 21.0, "y": 672.0}]}, "description": "AMOUNT"}, {"boundingPoly": {"vertices": [{"x": 390.0, "y": 644.0}, {"x": 479.0, "y": 645.0}, {"x": 478.0, "y": 671.0}, {"x": 390.0, "y": 671.0}]}, "description": "$44.51"}, {"boundingPoly": {"vertices": [{"x": 15.0, "y": 712.0}, {"x": 63.0, "y": 712.0}, {"x": 63.0, "y": 739.0}, {"x": 16.0, "y": 738.0}]}, "description": "TIP"}, {"boundingPoly": {"vertices": [{"x": 418.0, "y": 727.0}, {"x": 483.0, "y": 731.0}, {"x": 482.0, "y": 749.0}, {"x": 418.0, "y": 746.0}]}, "description": "----"}, {"boundingPoly": {"vertices": [{"x": 365.0, "y": 769.0}, {"x": 430.0, "y": 753.0}, {"x": 440.0, "y": 794.0}, {"x": 376.0, "y": 810.0}]}, "description": "50"}, {"boundingPoly": {"vertices": [{"x": 14.0, "y": 780.0}, {"x": 87.0, "y": 780.0}, {"x": 86.0, "y": 807.0}, {"x": 13.0, "y": 807.0}]}, "description": "TOTAL"}, {"boundingPoly": {"vertices": [{"x": 264.0, "y": 782.0}, {"x": 282.0, "y": 784.0}, {"x": 281.0, "y": 805.0}, {"x": 262.0, "y": 804.0}]}, "description": "$"}, {"boundingPoly": {"vertices": [{"x": 128.0, "y": 847.0}, {"x": 364.0, "y": 848.0}, {"x": 363.0, "y": 874.0}, {"x": 128.0, "y": 872.0}]}, "description": "APPROVED"}, {"boundingPoly": {"vertices": [{"x": 70.0, "y": 907.0}, {"x": 409.0, "y": 908.0}, {"x": 408.0, "y": 937.0}, {"x": 70.0, "y": 936.0}]}, "description": "ARQC - 7B64BC188BDEF 112"}, {"boundingPoly": {"vertices": [{"x": 143.0, "y": 1001.0}, {"x": 336.0, "y": 999.0}, {"x": 336.0, "y": 1027.0}, {"x": 143.0, "y": 1028.0}]}, "description": "CUSTOMER COPY"}]}