{"textAnnotations": [{"boundingPoly": {"vertices": [{"x": 63.0, "y": 79.0}, {"x": 160.0, "y": 79.0}, {"x": 160.0, "y": 101.0}, {"x": 63.0, "y": 101.0}]}, "description": " Thank You For"}, {"boundingPoly": {"vertices": [{"x": 74.0, "y": 113.0}, {"x": 130.0, "y": 113.0}, {"x": 130.0, "y": 132.0}, {"x": 74.0, "y": 132.0}]}, "description": " We Love"}, {"boundingPoly": {"vertices": [{"x": 163.0, "y": 78.0}, {"x": 256.0, "y": 78.0}, {"x": 256.0, "y": 98.0}, {"x": 163.0, "y": 98.0}]}, "description": " Visiting the"}, {"boundingPoly": {"vertices": [{"x": 169.0, "y": 112.0}, {"x": 239.0, "y": 112.0}, {"x": 239.0, "y": 130.0}, {"x": 169.0, "y": 130.0}]}, "description": " Feedback!"}, {"boundingPoly": {"vertices": [{"x": 203.0, "y": 128.0}, {"x": 244.0, "y": 128.0}, {"x": 244.0, "y": 147.0}, {"x": 203.0, "y": 147.0}]}, "description": " 73940"}, {"boundingPoly": {"vertices": [{"x": 58.0, "y": 97.0}, {"x": 161.0, "y": 97.0}, {"x": 161.0, "y": 117.0}, {"x": 58.0, "y": 117.0}]}, "description": "merchant name"}, {"boundingPoly": {"vertices": [{"x": 71.0, "y": 129.0}, {"x": 177.0, "y": 129.0}, {"x": 177.0, "y": 149.0}, {"x": 71.0, "y": 149.0}]}, "description": " Text @LTF10051"}, {"boundingPoly": {"vertices": [{"x": 165.0, "y": 94.0}, {"x": 258.0, "y": 94.0}, {"x": 258.0, "y": 114.0}, {"x": 165.0, "y": 114.0}]}, "description": "merchant name"}, {"boundingPoly": {"vertices": [{"x": 133.0, "y": 113.0}, {"x": 166.0, "y": 113.0}, {"x": 166.0, "y": 131.0}, {"x": 133.0, "y": 131.0}]}, "description": " Your"}, {"boundingPoly": {"vertices": [{"x": 180.0, "y": 129.0}, {"x": 200.0, "y": 129.0}, {"x": 200.0, "y": 147.0}, {"x": 180.0, "y": 147.0}]}, "description": " to"}, {"boundingPoly": {"vertices": [{"x": 290.0, "y": 153.0}, {"x": 316.0, "y": 153.0}, {"x": 316.0, "y": 168.0}, {"x": 291.0, "y": 169.0}]}, "description": "USD"}, {"boundingPoly": {"vertices": [{"x": 281.0, "y": 172.0}, {"x": 316.0, "y": 171.0}, {"x": 317.0, "y": 185.0}, {"x": 282.0, "y": 187.0}]}, "description": "3.88"}, {"boundingPoly": {"vertices": [{"x": 283.0, "y": 189.0}, {"x": 316.0, "y": 187.0}, {"x": 318.0, "y": 202.0}, {"x": 284.0, "y": 205.0}]}, "description": "1.09"}, {"boundingPoly": {"vertices": [{"x": 14.0, "y": 183.0}, {"x": 122.0, "y": 183.0}, {"x": 122.0, "y": 203.0}, {"x": 14.0, "y": 204.0}]}, "description": "Chicken Tenders"}, {"boundingPoly": {"vertices": [{"x": 11.0, "y": 202.0}, {"x": 99.0, "y": 203.0}, {"x": 99.0, "y": 223.0}, {"x": 11.0, "y": 221.0}]}, "description": "French Fries"}, {"boundingPoly": {"vertices": [{"x": 176.0, "y": 231.0}, {"x": 248.0, "y": 227.0}, {"x": 249.0, "y": 244.0}, {"x": 177.0, "y": 249.0}]}, "description": "Sub Total"}, {"boundingPoly": {"vertices": [{"x": 284.0, "y": 224.0}, {"x": 317.0, "y": 223.0}, {"x": 317.0, "y": 238.0}, {"x": 284.0, "y": 240.0}]}, "description": "4.97"}, {"boundingPoly": {"vertices": [{"x": 283.0, "y": 242.0}, {"x": 318.0, "y": 241.0}, {"x": 318.0, "y": 258.0}, {"x": 284.0, "y": 260.0}]}, "description": "0.43"}, {"boundingPoly": {"vertices": [{"x": 178.0, "y": 251.0}, {"x": 256.0, "y": 246.0}, {"x": 258.0, "y": 263.0}, {"x": 180.0, "y": 269.0}]}, "description": "Tax Amount"}, {"boundingPoly": {"vertices": [{"x": 7.0, "y": 310.0}, {"x": 139.0, "y": 309.0}, {"x": 139.0, "y": 340.0}, {"x": 7.0, "y": 341.0}]}, "description": "Total USD"}, {"boundingPoly": {"vertices": [{"x": 252.0, "y": 303.0}, {"x": 321.0, "y": 300.0}, {"x": 322.0, "y": 331.0}, {"x": 253.0, "y": 334.0}]}, "description": "5.40"}, {"boundingPoly": {"vertices": [{"x": 5.0, "y": 394.0}, {"x": 103.0, "y": 394.0}, {"x": 103.0, "y": 414.0}, {"x": 5.0, "y": 414.0}]}, "description": " 5009 AMERICAN"}, {"boundingPoly": {"vertices": [{"x": 106.0, "y": 392.0}, {"x": 164.0, "y": 392.0}, {"x": 164.0, "y": 411.0}, {"x": 106.0, "y": 411.0}]}, "description": " EXPRESS"}, {"boundingPoly": {"vertices": [{"x": 288.0, "y": 387.0}, {"x": 323.0, "y": 387.0}, {"x": 324.0, "y": 405.0}, {"x": 289.0, "y": 405.0}]}, "description": "5.40"}, {"boundingPoly": {"vertices": [{"x": 5.0, "y": 451.0}, {"x": 30.0, "y": 453.0}, {"x": 29.0, "y": 467.0}, {"x": 5.0, "y": 466.0}]}, "description": "Tax"}, {"boundingPoly": {"vertices": [{"x": 7.0, "y": 469.0}, {"x": 59.0, "y": 468.0}, {"x": 59.0, "y": 484.0}, {"x": 7.0, "y": 486.0}]}, "description": "() 8.60"}, {"boundingPoly": {"vertices": [{"x": 125.0, "y": 443.0}, {"x": 238.0, "y": 443.0}, {"x": 238.0, "y": 463.0}, {"x": 125.0, "y": 463.0}]}, "description": " Taxable Amount"}, {"boundingPoly": {"vertices": [{"x": 202.0, "y": 462.0}, {"x": 233.0, "y": 461.0}, {"x": 233.0, "y": 477.0}, {"x": 202.0, "y": 477.0}]}, "description": "4.97"}, {"boundingPoly": {"vertices": [{"x": 246.0, "y": 443.0}, {"x": 271.0, "y": 443.0}, {"x": 271.0, "y": 460.0}, {"x": 246.0, "y": 460.0}]}, "description": " Tax"}, {"boundingPoly": {"vertices": [{"x": 275.0, "y": 443.0}, {"x": 323.0, "y": 443.0}, {"x": 323.0, "y": 459.0}, {"x": 275.0, "y": 459.0}]}, "description": " Amount"}, {"boundingPoly": {"vertices": [{"x": 293.0, "y": 460.0}, {"x": 324.0, "y": 460.0}, {"x": 324.0, "y": 475.0}, {"x": 293.0, "y": 477.0}]}, "description": "0.43"}, {"boundingPoly": {"vertices": [{"x": 8.0, "y": 511.0}, {"x": 328.0, "y": 511.0}, {"x": 328.0, "y": 540.0}, {"x": 8.0, "y": 540.0}]}, "description": " 11/22/2019 12:36 PM #:61122 Op:3066 C:112"}, {"boundingPoly": {"vertices": [{"x": 8.0, "y": 538.0}, {"x": 84.0, "y": 538.0}, {"x": 84.0, "y": 556.0}, {"x": 8.0, "y": 556.0}]}, "description": " 103 S:1121"}, {"boundingPoly": {"vertices": [{"x": 6.0, "y": 556.0}, {"x": 87.0, "y": 556.0}, {"x": 87.0, "y": 575.0}, {"x": 6.0, "y": 575.0}]}, "description": " Served you"}, {"boundingPoly": {"vertices": [{"x": 90.0, "y": 554.0}, {"x": 237.0, "y": 554.0}, {"x": 237.0, "y": 575.0}, {"x": 90.0, "y": 575.0}]}, "description": " : Stephanie Paredes"}, {"boundingPoly": {"vertices": [{"x": 77.0, "y": 629.0}, {"x": 104.0, "y": 629.0}, {"x": 104.0, "y": 645.0}, {"x": 77.0, "y": 645.0}]}, "description": " ***"}, {"boundingPoly": {"vertices": [{"x": 107.0, "y": 630.0}, {"x": 173.0, "y": 630.0}, {"x": 173.0, "y": 646.0}, {"x": 107.0, "y": 646.0}]}, "description": " Customer"}, {"boundingPoly": {"vertices": [{"x": 176.0, "y": 629.0}, {"x": 241.0, "y": 629.0}, {"x": 241.0, "y": 646.0}, {"x": 176.0, "y": 646.0}]}, "description": " copy ***"}, {"boundingPoly": {"vertices": [{"x": 108.0, "y": 665.0}, {"x": 188.0, "y": 665.0}, {"x": 188.0, "y": 684.0}, {"x": 108.0, "y": 684.0}]}, "description": " AMEX AESCP"}, {"boundingPoly": {"vertices": [{"x": 160.0, "y": 682.0}, {"x": 303.0, "y": 682.0}, {"x": 303.0, "y": 702.0}, {"x": 160.0, "y": 702.0}]}, "description": " above total amount"}, {"boundingPoly": {"vertices": [{"x": 69.0, "y": 704.0}, {"x": 255.0, "y": 703.0}, {"x": 255.0, "y": 719.0}, {"x": 69.0, "y": 721.0}]}, "description": "according to card issuer"}, {"boundingPoly": {"vertices": [{"x": 239.0, "y": 720.0}, {"x": 258.0, "y": 720.0}, {"x": 258.0, "y": 739.0}, {"x": 239.0, "y": 739.0}]}, "description": " if"}, {"boundingPoly": {"vertices": [{"x": 146.0, "y": 740.0}, {"x": 250.0, "y": 740.0}, {"x": 250.0, "y": 759.0}, {"x": 146.0, "y": 759.0}]}, "description": " this copy for"}, {"boundingPoly": {"vertices": [{"x": 133.0, "y": 761.0}, {"x": 196.0, "y": 760.0}, {"x": 196.0, "y": 776.0}, {"x": 133.0, "y": 777.0}]}, "description": "records."}, {"boundingPoly": {"vertices": [{"x": 192.0, "y": 665.0}, {"x": 219.0, "y": 665.0}, {"x": 219.0, "y": 683.0}, {"x": 192.0, "y": 683.0}]}, "description": " (5)"}, {"boundingPoly": {"vertices": [{"x": 15.0, "y": 686.0}, {"x": 26.0, "y": 686.0}, {"x": 26.0, "y": 705.0}, {"x": 15.0, "y": 705.0}]}, "description": " I"}, {"boundingPoly": {"vertices": [{"x": 29.0, "y": 686.0}, {"x": 73.0, "y": 686.0}, {"x": 73.0, "y": 705.0}, {"x": 29.0, "y": 705.0}]}, "description": " agree"}, {"boundingPoly": {"vertices": [{"x": 77.0, "y": 686.0}, {"x": 96.0, "y": 686.0}, {"x": 96.0, "y": 704.0}, {"x": 77.0, "y": 704.0}]}, "description": " to"}, {"boundingPoly": {"vertices": [{"x": 99.0, "y": 686.0}, {"x": 128.0, "y": 686.0}, {"x": 128.0, "y": 703.0}, {"x": 99.0, "y": 703.0}]}, "description": " pay"}, {"boundingPoly": {"vertices": [{"x": 131.0, "y": 685.0}, {"x": 157.0, "y": 685.0}, {"x": 157.0, "y": 703.0}, {"x": 131.0, "y": 703.0}]}, "description": " the"}, {"boundingPoly": {"vertices": [{"x": 6.0, "y": 724.0}, {"x": 74.0, "y": 724.0}, {"x": 74.0, "y": 743.0}, {"x": 6.0, "y": 743.0}]}, "description": " agreement"}, {"boundingPoly": {"vertices": [{"x": 31.0, "y": 741.0}, {"x": 143.0, "y": 741.0}, {"x": 143.0, "y": 760.0}, {"x": 31.0, "y": 760.0}]}, "description": " Voucher)Retain"}, {"boundingPoly": {"vertices": [{"x": 77.0, "y": 724.0}, {"x": 82.0, "y": 724.0}, {"x": 82.0, "y": 741.0}, {"x": 77.0, "y": 741.0}]}, "description": " ."}, {"boundingPoly": {"vertices": [{"x": 85.0, "y": 723.0}, {"x": 158.0, "y": 723.0}, {"x": 158.0, "y": 741.0}, {"x": 85.0, "y": 741.0}]}, "description": " (Merchant"}, {"boundingPoly": {"vertices": [{"x": 161.0, "y": 721.0}, {"x": 236.0, "y": 721.0}, {"x": 236.0, "y": 740.0}, {"x": 161.0, "y": 740.0}]}, "description": " agreement"}, {"boundingPoly": {"vertices": [{"x": 261.0, "y": 719.0}, {"x": 312.0, "y": 719.0}, {"x": 312.0, "y": 738.0}, {"x": 261.0, "y": 738.0}]}, "description": " Credit"}, {"boundingPoly": {"vertices": [{"x": 253.0, "y": 740.0}, {"x": 288.0, "y": 740.0}, {"x": 288.0, "y": 758.0}, {"x": 253.0, "y": 758.0}]}, "description": " your"}, {"boundingPoly": {"vertices": [{"x": 5.0, "y": 799.0}, {"x": 73.0, "y": 799.0}, {"x": 73.0, "y": 818.0}, {"x": 5.0, "y": 818.0}]}, "description": " PURCHASE"}, {"boundingPoly": {"vertices": [{"x": 6.0, "y": 819.0}, {"x": 134.0, "y": 818.0}, {"x": 135.0, "y": 835.0}, {"x": 6.0, "y": 837.0}]}, "description": "AMERICAN EXPRESS"}, {"boundingPoly": {"vertices": [{"x": 7.0, "y": 838.0}, {"x": 126.0, "y": 838.0}, {"x": 126.0, "y": 854.0}, {"x": 7.0, "y": 855.0}]}, "description": "*********** 1006"}, {"boundingPoly": {"vertices": [{"x": 44.0, "y": 857.0}, {"x": 95.0, "y": 857.0}, {"x": 95.0, "y": 876.0}, {"x": 44.0, "y": 876.0}]}, "description": " READ /"}, {"boundingPoly": {"vertices": [{"x": 76.0, "y": 799.0}, {"x": 88.0, "y": 799.0}, {"x": 88.0, "y": 817.0}, {"x": 76.0, "y": 817.0}]}, "description": " /"}, {"boundingPoly": {"vertices": [{"x": 91.0, "y": 798.0}, {"x": 157.0, "y": 798.0}, {"x": 157.0, "y": 817.0}, {"x": 91.0, "y": 817.0}]}, "description": " APPROVED"}, {"boundingPoly": {"vertices": [{"x": 6.0, "y": 858.0}, {"x": 40.0, "y": 858.0}, {"x": 40.0, "y": 876.0}, {"x": 6.0, "y": 876.0}]}, "description": " CHIP"}, {"boundingPoly": {"vertices": [{"x": 17.0, "y": 896.0}, {"x": 158.0, "y": 896.0}, {"x": 158.0, "y": 915.0}, {"x": 17.0, "y": 915.0}]}, "description": " 119/11/22 12:36:33"}, {"boundingPoly": {"vertices": [{"x": 257.0, "y": 918.0}, {"x": 326.0, "y": 919.0}, {"x": 326.0, "y": 936.0}, {"x": 257.0, "y": 935.0}]}, "description": "**** 5970"}, {"boundingPoly": {"vertices": [{"x": 267.0, "y": 939.0}, {"x": 326.0, "y": 939.0}, {"x": 325.0, "y": 957.0}, {"x": 267.0, "y": 956.0}]}, "description": "6634458"}, {"boundingPoly": {"vertices": [{"x": 123.0, "y": 958.0}, {"x": 327.0, "y": 959.0}, {"x": 327.0, "y": 978.0}, {"x": 123.0, "y": 976.0}]}, "description": "S11211112103#611220344955"}, {"boundingPoly": {"vertices": [{"x": 276.0, "y": 980.0}, {"x": 329.0, "y": 980.0}, {"x": 329.0, "y": 996.0}, {"x": 277.0, "y": 997.0}]}, "description": "806900"}, {"boundingPoly": {"vertices": [{"x": 30.0, "y": 957.0}, {"x": 79.0, "y": 957.0}, {"x": 79.0, "y": 974.0}, {"x": 29.0, "y": 975.0}]}, "description": "ERENCE"}, {"boundingPoly": {"vertices": [{"x": 32.0, "y": 976.0}, {"x": 39.0, "y": 976.0}, {"x": 39.0, "y": 994.0}, {"x": 32.0, "y": 994.0}]}, "description": " |"}, {"boundingPoly": {"vertices": [{"x": 43.0, "y": 976.0}, {"x": 78.0, "y": 976.0}, {"x": 78.0, "y": 994.0}, {"x": 43.0, "y": 994.0}]}, "description": " CODE"}, {"boundingPoly": {"vertices": [{"x": 268.0, "y": 1018.0}, {"x": 328.0, "y": 1018.0}, {"x": 328.0, "y": 1035.0}, {"x": 268.0, "y": 1036.0}]}, "description": "USD5.40"}, {"boundingPoly": {"vertices": [{"x": 51.0, "y": 1080.0}, {"x": 77.0, "y": 1079.0}, {"x": 77.0, "y": 1093.0}, {"x": 51.0, "y": 1094.0}]}, "description": "800"}, {"boundingPoly": {"vertices": [{"x": 55.0, "y": 1097.0}, {"x": 158.0, "y": 1094.0}, {"x": 159.0, "y": 1111.0}, {"x": 56.0, "y": 1113.0}]}, "description": "5600103602002"}, {"boundingPoly": {"vertices": [{"x": 60.0, "y": 1116.0}, {"x": 131.0, "y": 1113.0}, {"x": 131.0, "y": 1129.0}, {"x": 61.0, "y": 1132.0}]}, "description": "00008000"}, {"boundingPoly": {"vertices": [{"x": 62.0, "y": 1136.0}, {"x": 175.0, "y": 1131.0}, {"x": 175.0, "y": 1149.0}, {"x": 63.0, "y": 1153.0}]}, "description": "00000025010801"}, {"boundingPoly": {"vertices": [{"x": 102.0, "y": 1154.0}, {"x": 120.0, "y": 1154.0}, {"x": 120.0, "y": 1170.0}, {"x": 102.0, "y": 1170.0}]}, "description": " 00"}, {"boundingPoly": {"vertices": [{"x": 72.0, "y": 1155.0}, {"x": 100.0, "y": 1155.0}, {"x": 100.0, "y": 1172.0}, {"x": 72.0, "y": 1172.0}]}, "description": " No:"}]}