{"textAnnotations": [{"boundingPoly": {"vertices": [{"x": 15.0, "y": 27.0}, {"x": 217.0, "y": 24.0}, {"x": 218.0, "y": 50.0}, {"x": 15.0, "y": 54.0}]}, "description": "heer Shashlik Tikka"}, {"boundingPoly": {"vertices": [{"x": 21.0, "y": 75.0}, {"x": 79.0, "y": 76.0}, {"x": 78.0, "y": 96.0}, {"x": 21.0, "y": 95.0}]}, "description": "Total"}, {"boundingPoly": {"vertices": [{"x": 17.0, "y": 100.0}, {"x": 78.0, "y": 99.0}, {"x": 79.0, "y": 118.0}, {"x": 17.0, "y": 119.0}]}, "description": "count"}, {"boundingPoly": {"vertices": [{"x": 328.0, "y": 40.0}, {"x": 338.0, "y": 40.0}, {"x": 338.0, "y": 54.0}, {"x": 327.0, "y": 55.0}]}, "description": "1"}, {"boundingPoly": {"vertices": [{"x": 403.0, "y": 40.0}, {"x": 436.0, "y": 40.0}, {"x": 435.0, "y": 57.0}, {"x": 402.0, "y": 56.0}]}, "description": "190"}, {"boundingPoly": {"vertices": [{"x": 283.0, "y": 76.0}, {"x": 323.0, "y": 76.0}, {"x": 323.0, "y": 100.0}, {"x": 283.0, "y": 100.0}]}, "description": " Rs."}, {"boundingPoly": {"vertices": [{"x": 325.0, "y": 80.0}, {"x": 366.0, "y": 80.0}, {"x": 366.0, "y": 102.0}, {"x": 325.0, "y": 102.0}]}, "description": " 190"}, {"boundingPoly": {"vertices": [{"x": 325.0, "y": 100.0}, {"x": 342.0, "y": 100.0}, {"x": 342.0, "y": 121.0}, {"x": 325.0, "y": 121.0}]}, "description": " 0"}, {"boundingPoly": {"vertices": [{"x": 327.0, "y": 122.0}, {"x": 371.0, "y": 122.0}, {"x": 371.0, "y": 146.0}, {"x": 327.0, "y": 146.0}]}, "description": " 190"}, {"boundingPoly": {"vertices": [{"x": 325.0, "y": 145.0}, {"x": 378.0, "y": 145.0}, {"x": 378.0, "y": 171.0}, {"x": 325.0, "y": 171.0}]}, "description": " 4.75"}, {"boundingPoly": {"vertices": [{"x": 287.0, "y": 186.0}, {"x": 367.0, "y": 194.0}, {"x": 365.0, "y": 215.0}, {"x": 285.0, "y": 206.0}]}, "description": "Rs. 0.5"}, {"boundingPoly": {"vertices": [{"x": 146.0, "y": 213.0}, {"x": 431.0, "y": 243.0}, {"x": 428.0, "y": 270.0}, {"x": 145.0, "y": 237.0}]}, "description": "Amount Payable Rs. 200"}, {"boundingPoly": {"vertices": [{"x": 319.0, "y": 281.0}, {"x": 370.0, "y": 281.0}, {"x": 370.0, "y": 310.0}, {"x": 319.0, "y": 310.0}]}, "description": " : 85"}, {"boundingPoly": {"vertices": [{"x": 281.0, "y": 96.0}, {"x": 323.0, "y": 96.0}, {"x": 323.0, "y": 119.0}, {"x": 281.0, "y": 119.0}]}, "description": " Rs."}, {"boundingPoly": {"vertices": [{"x": 282.0, "y": 118.0}, {"x": 325.0, "y": 118.0}, {"x": 325.0, "y": 144.0}, {"x": 282.0, "y": 144.0}]}, "description": " Rs."}, {"boundingPoly": {"vertices": [{"x": 283.0, "y": 163.0}, {"x": 324.0, "y": 163.0}, {"x": 324.0, "y": 188.0}, {"x": 283.0, "y": 188.0}]}, "description": " Rs."}, {"boundingPoly": {"vertices": [{"x": 17.0, "y": 120.0}, {"x": 155.0, "y": 115.0}, {"x": 156.0, "y": 137.0}, {"x": 18.0, "y": 142.0}]}, "description": "able Amount"}, {"boundingPoly": {"vertices": [{"x": 18.0, "y": 142.0}, {"x": 59.0, "y": 142.0}, {"x": 59.0, "y": 167.0}, {"x": 18.0, "y": 167.0}]}, "description": " ST:"}, {"boundingPoly": {"vertices": [{"x": 18.0, "y": 165.0}, {"x": 62.0, "y": 165.0}, {"x": 62.0, "y": 188.0}, {"x": 18.0, "y": 188.0}]}, "description": " ST:"}, {"boundingPoly": {"vertices": [{"x": 16.0, "y": 189.0}, {"x": 59.0, "y": 186.0}, {"x": 61.0, "y": 206.0}, {"x": 17.0, "y": 209.0}]}, "description": "Off"}, {"boundingPoly": {"vertices": [{"x": 62.0, "y": 137.0}, {"x": 146.0, "y": 137.0}, {"x": 146.0, "y": 165.0}, {"x": 62.0, "y": 165.0}]}, "description": " @2.5%"}, {"boundingPoly": {"vertices": [{"x": 283.0, "y": 140.0}, {"x": 323.0, "y": 140.0}, {"x": 323.0, "y": 166.0}, {"x": 283.0, "y": 166.0}]}, "description": " Rs."}, {"boundingPoly": {"vertices": [{"x": 65.0, "y": 159.0}, {"x": 146.0, "y": 159.0}, {"x": 146.0, "y": 187.0}, {"x": 65.0, "y": 187.0}]}, "description": " @2.5%"}, {"boundingPoly": {"vertices": [{"x": 327.0, "y": 167.0}, {"x": 378.0, "y": 167.0}, {"x": 378.0, "y": 193.0}, {"x": 327.0, "y": 193.0}]}, "description": " 4.75"}, {"boundingPoly": {"vertices": [{"x": 207.0, "y": 261.0}, {"x": 319.0, "y": 261.0}, {"x": 319.0, "y": 303.0}, {"x": 207.0, "y": 303.0}]}, "description": " Order No"}, {"boundingPoly": {"vertices": [{"x": 425.0, "y": 706.0}, {"x": 521.0, "y": 703.0}, {"x": 522.0, "y": 725.0}, {"x": 425.0, "y": 729.0}]}, "description": "merchant name"}, {"boundingPoly": {"vertices": [{"x": 326.0, "y": 759.0}, {"x": 622.0, "y": 753.0}, {"x": 622.0, "y": 780.0}, {"x": 327.0, "y": 785.0}]}, "description": "merchant name"}, {"boundingPoly": {"vertices": [{"x": 347.0, "y": 785.0}, {"x": 604.0, "y": 783.0}, {"x": 605.0, "y": 810.0}, {"x": 348.0, "y": 814.0}]}, "description": "merchant address"}, {"boundingPoly": {"vertices": [{"x": 310.0, "y": 814.0}, {"x": 384.0, "y": 814.0}, {"x": 384.0, "y": 842.0}, {"x": 310.0, "y": 842.0}]}, "description": " GSTN"}, {"boundingPoly": {"vertices": [{"x": 389.0, "y": 809.0}, {"x": 643.0, "y": 809.0}, {"x": 643.0, "y": 842.0}, {"x": 389.0, "y": 842.0}]}, "description": " :- 06AALFN6263H1Z1"}, {"boundingPoly": {"vertices": [{"x": 365.0, "y": 899.0}, {"x": 592.0, "y": 899.0}, {"x": 592.0, "y": 929.0}, {"x": 365.0, "y": 930.0}]}, "description": "[RETAIL INVOICE]"}, {"boundingPoly": {"vertices": [{"x": 375.0, "y": 947.0}, {"x": 591.0, "y": 947.0}, {"x": 591.0, "y": 974.0}, {"x": 375.0, "y": 974.0}]}, "description": " : 19404000048733"}, {"boundingPoly": {"vertices": [{"x": 372.0, "y": 976.0}, {"x": 633.0, "y": 976.0}, {"x": 633.0, "y": 1004.0}, {"x": 372.0, "y": 1004.0}]}, "description": " : 2019-11-22 21:22:25"}, {"boundingPoly": {"vertices": [{"x": 370.0, "y": 1005.0}, {"x": 448.0, "y": 1005.0}, {"x": 448.0, "y": 1029.0}, {"x": 370.0, "y": 1029.0}]}, "description": " : 0000"}, {"boundingPoly": {"vertices": [{"x": 372.0, "y": 1032.0}, {"x": 479.0, "y": 1032.0}, {"x": 479.0, "y": 1059.0}, {"x": 372.0, "y": 1059.0}]}, "description": " : Cashier"}, {"boundingPoly": {"vertices": [{"x": 146.0, "y": 942.0}, {"x": 224.0, "y": 944.0}, {"x": 224.0, "y": 969.0}, {"x": 146.0, "y": 967.0}]}, "description": "Bill No"}, {"boundingPoly": {"vertices": [{"x": 145.0, "y": 973.0}, {"x": 248.0, "y": 974.0}, {"x": 248.0, "y": 1001.0}, {"x": 145.0, "y": 999.0}]}, "description": "Bill Date"}, {"boundingPoly": {"vertices": [{"x": 146.0, "y": 1004.0}, {"x": 249.0, "y": 1004.0}, {"x": 249.0, "y": 1029.0}, {"x": 145.0, "y": 1029.0}]}, "description": "Card No"}, {"boundingPoly": {"vertices": [{"x": 146.0, "y": 1034.0}, {"x": 241.0, "y": 1034.0}, {"x": 241.0, "y": 1058.0}, {"x": 146.0, "y": 1057.0}]}, "description": "Cashier"}, {"boundingPoly": {"vertices": [{"x": 141.0, "y": 1090.0}, {"x": 285.0, "y": 1092.0}, {"x": 284.0, "y": 1121.0}, {"x": 141.0, "y": 1119.0}]}, "description": "Description"}, {"boundingPoly": {"vertices": [{"x": 536.0, "y": 1087.0}, {"x": 588.0, "y": 1087.0}, {"x": 588.0, "y": 1113.0}, {"x": 536.0, "y": 1113.0}]}, "description": " Qty"}, {"boundingPoly": {"vertices": [{"x": 605.0, "y": 1087.0}, {"x": 698.0, "y": 1087.0}, {"x": 698.0, "y": 1113.0}, {"x": 605.0, "y": 1113.0}]}, "description": " Amount"}, {"boundingPoly": {"vertices": [{"x": 141.0, "y": 1152.0}, {"x": 294.0, "y": 1152.0}, {"x": 294.0, "y": 1181.0}, {"x": 141.0, "y": 1181.0}]}, "description": "Veg. Biryani"}, {"boundingPoly": {"vertices": [{"x": 538.0, "y": 1150.0}, {"x": 552.0, "y": 1151.0}, {"x": 552.0, "y": 1170.0}, {"x": 539.0, "y": 1169.0}]}, "description": "1"}, {"boundingPoly": {"vertices": [{"x": 623.0, "y": 1146.0}, {"x": 665.0, "y": 1145.0}, {"x": 665.0, "y": 1168.0}, {"x": 623.0, "y": 1169.0}]}, "description": "160"}, {"boundingPoly": {"vertices": [{"x": 143.0, "y": 1214.0}, {"x": 250.0, "y": 1214.0}, {"x": 250.0, "y": 1241.0}, {"x": 143.0, "y": 1241.0}]}, "description": "Bill Total"}, {"boundingPoly": {"vertices": [{"x": 142.0, "y": 1247.0}, {"x": 250.0, "y": 1246.0}, {"x": 250.0, "y": 1271.0}, {"x": 142.0, "y": 1272.0}]}, "description": "Discount"}, {"boundingPoly": {"vertices": [{"x": 139.0, "y": 1277.0}, {"x": 341.0, "y": 1276.0}, {"x": 341.0, "y": 1303.0}, {"x": 139.0, "y": 1304.0}]}, "description": "Taxable Amount"}, {"boundingPoly": {"vertices": [{"x": 143.0, "y": 1308.0}, {"x": 228.0, "y": 1308.0}, {"x": 228.0, "y": 1337.0}, {"x": 143.0, "y": 1337.0}]}, "description": " SGST:"}, {"boundingPoly": {"vertices": [{"x": 136.0, "y": 1342.0}, {"x": 230.0, "y": 1342.0}, {"x": 230.0, "y": 1369.0}, {"x": 136.0, "y": 1369.0}]}, "description": " CGST:"}, {"boundingPoly": {"vertices": [{"x": 139.0, "y": 1374.0}, {"x": 226.0, "y": 1372.0}, {"x": 227.0, "y": 1399.0}, {"x": 139.0, "y": 1401.0}]}, "description": "R. Off."}, {"boundingPoly": {"vertices": [{"x": 486.0, "y": 1210.0}, {"x": 582.0, "y": 1208.0}, {"x": 583.0, "y": 1233.0}, {"x": 486.0, "y": 1237.0}]}, "description": "Rs. 160"}, {"boundingPoly": {"vertices": [{"x": 487.0, "y": 1240.0}, {"x": 552.0, "y": 1239.0}, {"x": 553.0, "y": 1266.0}, {"x": 487.0, "y": 1265.0}]}, "description": "Rs. 0"}, {"boundingPoly": {"vertices": [{"x": 489.0, "y": 1271.0}, {"x": 584.0, "y": 1269.0}, {"x": 584.0, "y": 1295.0}, {"x": 489.0, "y": 1298.0}]}, "description": "Rs. 160"}, {"boundingPoly": {"vertices": [{"x": 489.0, "y": 1303.0}, {"x": 557.0, "y": 1304.0}, {"x": 557.0, "y": 1329.0}, {"x": 488.0, "y": 1328.0}]}, "description": "Rs. 4"}, {"boundingPoly": {"vertices": [{"x": 488.0, "y": 1334.0}, {"x": 559.0, "y": 1335.0}, {"x": 560.0, "y": 1360.0}, {"x": 489.0, "y": 1361.0}]}, "description": "Rs. 4"}, {"boundingPoly": {"vertices": [{"x": 488.0, "y": 1366.0}, {"x": 558.0, "y": 1365.0}, {"x": 560.0, "y": 1391.0}, {"x": 490.0, "y": 1392.0}]}, "description": "Rs. 0"}, {"boundingPoly": {"vertices": [{"x": 233.0, "y": 1308.0}, {"x": 329.0, "y": 1308.0}, {"x": 329.0, "y": 1336.0}, {"x": 233.0, "y": 1336.0}]}, "description": " @2.5%"}, {"boundingPoly": {"vertices": [{"x": 234.0, "y": 1340.0}, {"x": 329.0, "y": 1340.0}, {"x": 329.0, "y": 1369.0}, {"x": 234.0, "y": 1369.0}]}, "description": " @2.5%"}, {"boundingPoly": {"vertices": [{"x": 328.0, "y": 1433.0}, {"x": 651.0, "y": 1425.0}, {"x": 652.0, "y": 1456.0}, {"x": 328.0, "y": 1464.0}]}, "description": "Amount Payable Rs. 168"}, {"boundingPoly": {"vertices": [{"x": 527.0, "y": 1492.0}, {"x": 584.0, "y": 1492.0}, {"x": 584.0, "y": 1524.0}, {"x": 527.0, "y": 1524.0}]}, "description": " : 86"}, {"boundingPoly": {"vertices": [{"x": 401.0, "y": 1494.0}, {"x": 522.0, "y": 1494.0}, {"x": 522.0, "y": 1526.0}, {"x": 401.0, "y": 1526.0}]}, "description": " Order No"}]}