{"textAnnotations": [{"boundingPoly": {"vertices": [{"x": 32.0, "y": 44.0}, {"x": 133.0, "y": 44.0}, {"x": 134.0, "y": 71.0}, {"x": 33.0, "y": 74.0}]}, "description": "> Ignore"}, {"boundingPoly": {"vertices": [{"x": 554.0, "y": 23.0}, {"x": 686.0, "y": 25.0}, {"x": 685.0, "y": 52.0}, {"x": 554.0, "y": 49.0}]}, "description": "Meeting"}, {"boundingPoly": {"vertices": [{"x": 866.0, "y": 25.0}, {"x": 939.0, "y": 24.0}, {"x": 939.0, "y": 48.0}, {"x": 866.0, "y": 49.0}]}, "description": "Rules"}, {"boundingPoly": {"vertices": [{"x": 829.0, "y": 75.0}, {"x": 853.0, "y": 75.0}, {"x": 853.0, "y": 105.0}, {"x": 829.0, "y": 105.0}]}, "description": " N"}, {"boundingPoly": {"vertices": [{"x": 862.0, "y": 77.0}, {"x": 967.0, "y": 77.0}, {"x": 967.0, "y": 105.0}, {"x": 862.0, "y": 105.0}]}, "description": " OneNote"}, {"boundingPoly": {"vertices": [{"x": 61.0, "y": 111.0}, {"x": 142.0, "y": 111.0}, {"x": 142.0, "y": 145.0}, {"x": 61.0, "y": 145.0}]}, "description": " Junk -"}, {"boundingPoly": {"vertices": [{"x": 160.0, "y": 108.0}, {"x": 235.0, "y": 108.0}, {"x": 235.0, "y": 136.0}, {"x": 160.0, "y": 136.0}]}, "description": " Delete"}, {"boundingPoly": {"vertices": [{"x": 276.0, "y": 104.0}, {"x": 339.0, "y": 108.0}, {"x": 337.0, "y": 135.0}, {"x": 275.0, "y": 131.0}]}, "description": "Reply"}, {"boundingPoly": {"vertices": [{"x": 366.0, "y": 107.0}, {"x": 438.0, "y": 107.0}, {"x": 438.0, "y": 133.0}, {"x": 366.0, "y": 133.0}]}, "description": " Reply"}, {"boundingPoly": {"vertices": [{"x": 385.0, "y": 137.0}, {"x": 412.0, "y": 138.0}, {"x": 411.0, "y": 160.0}, {"x": 384.0, "y": 158.0}]}, "description": "All"}, {"boundingPoly": {"vertices": [{"x": 442.0, "y": 107.0}, {"x": 535.0, "y": 107.0}, {"x": 535.0, "y": 133.0}, {"x": 442.0, "y": 133.0}]}, "description": " Forward"}, {"boundingPoly": {"vertices": [{"x": 734.0, "y": 108.0}, {"x": 795.0, "y": 109.0}, {"x": 794.0, "y": 130.0}, {"x": 733.0, "y": 129.0}]}, "description": "Move"}, {"boundingPoly": {"vertices": [{"x": 1019.0, "y": 106.0}, {"x": 1221.0, "y": 107.0}, {"x": 1220.0, "y": 134.0}, {"x": 1018.0, "y": 132.0}]}, "description": "Mark Categorize"}, {"boundingPoly": {"vertices": [{"x": 1006.0, "y": 138.0}, {"x": 1088.0, "y": 139.0}, {"x": 1088.0, "y": 163.0}, {"x": 1006.0, "y": 162.0}]}, "description": "Unread"}, {"boundingPoly": {"vertices": [{"x": 584.0, "y": 135.0}, {"x": 667.0, "y": 132.0}, {"x": 668.0, "y": 157.0}, {"x": 584.0, "y": 159.0}]}, "description": "More"}, {"boundingPoly": {"vertices": [{"x": 863.0, "y": 134.0}, {"x": 964.0, "y": 134.0}, {"x": 964.0, "y": 159.0}, {"x": 863.0, "y": 159.0}]}, "description": "Actions"}, {"boundingPoly": {"vertices": [{"x": 93.0, "y": 184.0}, {"x": 157.0, "y": 184.0}, {"x": 157.0, "y": 205.0}, {"x": 93.0, "y": 206.0}]}, "description": "Delete"}, {"boundingPoly": {"vertices": [{"x": 440.0, "y": 183.0}, {"x": 523.0, "y": 184.0}, {"x": 523.0, "y": 208.0}, {"x": 440.0, "y": 208.0}]}, "description": "Respond"}, {"boundingPoly": {"vertices": [{"x": 823.0, "y": 184.0}, {"x": 879.0, "y": 186.0}, {"x": 878.0, "y": 205.0}, {"x": 822.0, "y": 203.0}]}, "description": "Move"}, {"boundingPoly": {"vertices": [{"x": 1116.0, "y": 184.0}, {"x": 1161.0, "y": 187.0}, {"x": 1160.0, "y": 207.0}, {"x": 1114.0, "y": 205.0}]}, "description": "Tags"}, {"boundingPoly": {"vertices": [{"x": 149.0, "y": 231.0}, {"x": 397.0, "y": 231.0}, {"x": 397.0, "y": 256.0}, {"x": 149.0, "y": 256.0}]}, "description": " Wed 10/30/2019 10:12 PM"}, {"boundingPoly": {"vertices": [{"x": 150.0, "y": 272.0}, {"x": 1233.0, "y": 271.0}, {"x": 1233.0, "y": 303.0}, {"x": 150.0, "y": 305.0}]}, "description": "no-reply=avantimarkets.com@avanti.mykioskworld.com on behalf of no-reply@avanti"}, {"boundingPoly": {"vertices": [{"x": 150.0, "y": 319.0}, {"x": 410.0, "y": 319.0}, {"x": 410.0, "y": 347.0}, {"x": 150.0, "y": 346.0}]}, "description": "Avanti Markets Receipt"}, {"boundingPoly": {"vertices": [{"x": 14.0, "y": 370.0}, {"x": 37.0, "y": 371.0}, {"x": 36.0, "y": 389.0}, {"x": 13.0, "y": 388.0}]}, "description": "To"}, {"boundingPoly": {"vertices": [{"x": 45.0, "y": 413.0}, {"x": 1012.0, "y": 413.0}, {"x": 1012.0, "y": 444.0}, {"x": 45.0, "y": 444.0}]}, "description": "Follow up. Start by Wednesday, October 30, 2019. Due by Wednesday, October 30, 2019."}, {"boundingPoly": {"vertices": [{"x": 23.0, "y": 571.0}, {"x": 1214.0, "y": 571.0}, {"x": 1214.0, "y": 600.0}, {"x": 23.0, "y": 600.0}]}, "description": " This is the receipt you requested from 13 AMEX 56th St BLD 2 1st Floor USC"}, {"boundingPoly": {"vertices": [{"x": 1223.0, "y": 571.0}, {"x": 1233.0, "y": 571.0}, {"x": 1233.0, "y": 595.0}, {"x": 1223.0, "y": 595.0}]}, "description": " T"}, {"boundingPoly": {"vertices": [{"x": 87.0, "y": 633.0}, {"x": 147.0, "y": 633.0}, {"x": 147.0, "y": 654.0}, {"x": 87.0, "y": 654.0}]}, "description": " MID:"}, {"boundingPoly": {"vertices": [{"x": 89.0, "y": 661.0}, {"x": 149.0, "y": 661.0}, {"x": 149.0, "y": 684.0}, {"x": 89.0, "y": 684.0}]}, "description": " TID:"}, {"boundingPoly": {"vertices": [{"x": 268.0, "y": 632.0}, {"x": 460.0, "y": 632.0}, {"x": 460.0, "y": 655.0}, {"x": 268.0, "y": 653.0}]}, "description": "******** 0888"}, {"boundingPoly": {"vertices": [{"x": 269.0, "y": 659.0}, {"x": 397.0, "y": 662.0}, {"x": 396.0, "y": 685.0}, {"x": 269.0, "y": 680.0}]}, "description": "**** 0659"}, {"boundingPoly": {"vertices": [{"x": 23.0, "y": 722.0}, {"x": 280.0, "y": 721.0}, {"x": 280.0, "y": 746.0}, {"x": 23.0, "y": 746.0}]}, "description": "Transaction Date"}, {"boundingPoly": {"vertices": [{"x": 25.0, "y": 750.0}, {"x": 364.0, "y": 750.0}, {"x": 364.0, "y": 777.0}, {"x": 25.0, "y": 777.0}]}, "description": " 10/30/2019 9:30:29 AM"}, {"boundingPoly": {"vertices": [{"x": 24.0, "y": 811.0}, {"x": 264.0, "y": 811.0}, {"x": 264.0, "y": 835.0}, {"x": 24.0, "y": 836.0}]}, "description": "20oz Dasani TRC"}, {"boundingPoly": {"vertices": [{"x": 73.0, "y": 841.0}, {"x": 96.0, "y": 841.0}, {"x": 96.0, "y": 867.0}, {"x": 73.0, "y": 867.0}]}, "description": " 1"}, {"boundingPoly": {"vertices": [{"x": 20.0, "y": 871.0}, {"x": 425.0, "y": 871.0}, {"x": 425.0, "y": 899.0}, {"x": 20.0, "y": 898.0}]}, "description": "Wrigleys 5 Rain Spearmint"}, {"boundingPoly": {"vertices": [{"x": 72.0, "y": 901.0}, {"x": 96.0, "y": 901.0}, {"x": 96.0, "y": 927.0}, {"x": 72.0, "y": 927.0}]}, "description": " 1"}, {"boundingPoly": {"vertices": [{"x": 587.0, "y": 814.0}, {"x": 599.0, "y": 813.0}, {"x": 597.0, "y": 832.0}, {"x": 586.0, "y": 832.0}]}, "description": "$"}, {"boundingPoly": {"vertices": [{"x": 631.0, "y": 813.0}, {"x": 697.0, "y": 812.0}, {"x": 697.0, "y": 835.0}, {"x": 631.0, "y": 836.0}]}, "description": "1.59"}, {"boundingPoly": {"vertices": [{"x": 101.0, "y": 842.0}, {"x": 127.0, "y": 842.0}, {"x": 127.0, "y": 867.0}, {"x": 101.0, "y": 867.0}]}, "description": " @"}, {"boundingPoly": {"vertices": [{"x": 133.0, "y": 841.0}, {"x": 217.0, "y": 841.0}, {"x": 217.0, "y": 867.0}, {"x": 133.0, "y": 867.0}]}, "description": " $1.59"}, {"boundingPoly": {"vertices": [{"x": 586.0, "y": 876.0}, {"x": 600.0, "y": 876.0}, {"x": 599.0, "y": 896.0}, {"x": 584.0, "y": 896.0}]}, "description": "$"}, {"boundingPoly": {"vertices": [{"x": 631.0, "y": 872.0}, {"x": 695.0, "y": 869.0}, {"x": 695.0, "y": 894.0}, {"x": 632.0, "y": 896.0}]}, "description": "2.09"}, {"boundingPoly": {"vertices": [{"x": 102.0, "y": 901.0}, {"x": 130.0, "y": 901.0}, {"x": 130.0, "y": 927.0}, {"x": 102.0, "y": 927.0}]}, "description": " @"}, {"boundingPoly": {"vertices": [{"x": 134.0, "y": 901.0}, {"x": 219.0, "y": 901.0}, {"x": 219.0, "y": 928.0}, {"x": 134.0, "y": 928.0}]}, "description": " $2.09"}, {"boundingPoly": {"vertices": [{"x": 23.0, "y": 962.0}, {"x": 166.0, "y": 962.0}, {"x": 166.0, "y": 987.0}, {"x": 23.0, "y": 987.0}]}, "description": " Subtotal:"}, {"boundingPoly": {"vertices": [{"x": 24.0, "y": 994.0}, {"x": 69.0, "y": 994.0}, {"x": 69.0, "y": 1016.0}, {"x": 24.0, "y": 1016.0}]}, "description": " Tax"}, {"boundingPoly": {"vertices": [{"x": 24.0, "y": 1024.0}, {"x": 119.0, "y": 1024.0}, {"x": 119.0, "y": 1045.0}, {"x": 24.0, "y": 1045.0}]}, "description": " Total:"}, {"boundingPoly": {"vertices": [{"x": 633.0, "y": 961.0}, {"x": 695.0, "y": 963.0}, {"x": 696.0, "y": 984.0}, {"x": 633.0, "y": 985.0}]}, "description": "3.68"}, {"boundingPoly": {"vertices": [{"x": 632.0, "y": 991.0}, {"x": 696.0, "y": 992.0}, {"x": 696.0, "y": 1015.0}, {"x": 632.0, "y": 1016.0}]}, "description": "0.00"}, {"boundingPoly": {"vertices": [{"x": 634.0, "y": 1020.0}, {"x": 694.0, "y": 1022.0}, {"x": 694.0, "y": 1044.0}, {"x": 634.0, "y": 1044.0}]}, "description": "3.68"}, {"boundingPoly": {"vertices": [{"x": 72.0, "y": 995.0}, {"x": 89.0, "y": 995.0}, {"x": 89.0, "y": 1016.0}, {"x": 72.0, "y": 1016.0}]}, "description": " :"}, {"boundingPoly": {"vertices": [{"x": 582.0, "y": 994.0}, {"x": 603.0, "y": 996.0}, {"x": 600.0, "y": 1015.0}, {"x": 579.0, "y": 1013.0}]}, "description": "$"}, {"boundingPoly": {"vertices": [{"x": 23.0, "y": 1082.0}, {"x": 465.0, "y": 1082.0}, {"x": 465.0, "y": 1109.0}, {"x": 23.0, "y": 1109.0}]}, "description": " Application Preferred Name:"}, {"boundingPoly": {"vertices": [{"x": 23.0, "y": 1112.0}, {"x": 289.0, "y": 1112.0}, {"x": 289.0, "y": 1138.0}, {"x": 23.0, "y": 1138.0}]}, "description": " Payment Network:"}, {"boundingPoly": {"vertices": [{"x": 469.0, "y": 1082.0}, {"x": 729.0, "y": 1082.0}, {"x": 729.0, "y": 1107.0}, {"x": 469.0, "y": 1107.0}]}, "description": " AMERICAN EXPRESS"}, {"boundingPoly": {"vertices": [{"x": 293.0, "y": 1112.0}, {"x": 363.0, "y": 1112.0}, {"x": 363.0, "y": 1137.0}, {"x": 293.0, "y": 1137.0}]}, "description": " AMEX"}]}