{"textAnnotations": [{"boundingPoly": {"vertices": [{"x": 129.0, "y": 119.0}, {"x": 311.0, "y": 118.0}, {"x": 311.0, "y": 142.0}, {"x": 129.0, "y": 144.0}]}, "description": "DUPLICATE RECEIPT"}, {"boundingPoly": {"vertices": [{"x": 315.0, "y": 124.0}, {"x": 366.0, "y": 124.0}, {"x": 366.0, "y": 138.0}, {"x": 315.0, "y": 137.0}]}, "description": "-----"}, {"boundingPoly": {"vertices": [{"x": 112.0, "y": 177.0}, {"x": 333.0, "y": 177.0}, {"x": 333.0, "y": 202.0}, {"x": 112.0, "y": 202.0}]}, "description": "merchant name"}, {"boundingPoly": {"vertices": [{"x": 125.0, "y": 206.0}, {"x": 324.0, "y": 206.0}, {"x": 324.0, "y": 231.0}, {"x": 125.0, "y": 230.0}]}, "description": "merchant address"}, {"boundingPoly": {"vertices": [{"x": 61.0, "y": 233.0}, {"x": 239.0, "y": 233.0}, {"x": 239.0, "y": 260.0}, {"x": 61.0, "y": 260.0}]}, "description": "merchant address"}, {"boundingPoly": {"vertices": [{"x": 247.0, "y": 233.0}, {"x": 397.0, "y": 233.0}, {"x": 397.0, "y": 260.0}, {"x": 247.0, "y": 260.0}]}, "description": "merchant phone"}, {"boundingPoly": {"vertices": [{"x": 178.0, "y": 291.0}, {"x": 286.0, "y": 292.0}, {"x": 286.0, "y": 316.0}, {"x": 178.0, "y": 315.0}]}, "description": "CHK 709492"}, {"boundingPoly": {"vertices": [{"x": 131.0, "y": 321.0}, {"x": 327.0, "y": 321.0}, {"x": 327.0, "y": 347.0}, {"x": 131.0, "y": 347.0}]}, "description": " 11/21/2019 03:44 PM"}, {"boundingPoly": {"vertices": [{"x": 90.0, "y": 351.0}, {"x": 165.0, "y": 351.0}, {"x": 164.0, "y": 374.0}, {"x": 90.0, "y": 373.0}]}, "description": "2713223"}, {"boundingPoly": {"vertices": [{"x": 189.0, "y": 352.0}, {"x": 270.0, "y": 352.0}, {"x": 270.0, "y": 375.0}, {"x": 189.0, "y": 375.0}]}, "description": " Drawer:"}, {"boundingPoly": {"vertices": [{"x": 274.0, "y": 352.0}, {"x": 352.0, "y": 352.0}, {"x": 352.0, "y": 375.0}, {"x": 274.0, "y": 375.0}]}, "description": " 1 Reg:"}, {"boundingPoly": {"vertices": [{"x": 356.0, "y": 352.0}, {"x": 367.0, "y": 352.0}, {"x": 367.0, "y": 374.0}, {"x": 356.0, "y": 374.0}]}, "description": " 1"}, {"boundingPoly": {"vertices": [{"x": 58.0, "y": 402.0}, {"x": 196.0, "y": 404.0}, {"x": 196.0, "y": 427.0}, {"x": 57.0, "y": 425.0}]}, "description": "Gr Flat White"}, {"boundingPoly": {"vertices": [{"x": 346.0, "y": 404.0}, {"x": 389.0, "y": 403.0}, {"x": 390.0, "y": 423.0}, {"x": 346.0, "y": 424.0}]}, "description": "4.75"}, {"boundingPoly": {"vertices": [{"x": 61.0, "y": 457.0}, {"x": 104.0, "y": 457.0}, {"x": 103.0, "y": 478.0}, {"x": 60.0, "y": 476.0}]}, "description": "Amex"}, {"boundingPoly": {"vertices": [{"x": 58.0, "y": 480.0}, {"x": 225.0, "y": 480.0}, {"x": 225.0, "y": 502.0}, {"x": 58.0, "y": 502.0}]}, "description": "XXXXXXXXXXXX1007"}, {"boundingPoly": {"vertices": [{"x": 179.0, "y": 506.0}, {"x": 289.0, "y": 506.0}, {"x": 289.0, "y": 530.0}, {"x": 179.0, "y": 530.0}]}, "description": " QUICK CHIP"}, {"boundingPoly": {"vertices": [{"x": 179.0, "y": 533.0}, {"x": 266.0, "y": 533.0}, {"x": 266.0, "y": 557.0}, {"x": 179.0, "y": 557.0}]}, "description": " PURCHASE"}, {"boundingPoly": {"vertices": [{"x": 59.0, "y": 561.0}, {"x": 186.0, "y": 561.0}, {"x": 186.0, "y": 584.0}, {"x": 59.0, "y": 584.0}]}, "description": " Reference #:"}, {"boundingPoly": {"vertices": [{"x": 59.0, "y": 588.0}, {"x": 165.0, "y": 588.0}, {"x": 165.0, "y": 611.0}, {"x": 59.0, "y": 611.0}]}, "description": " App Label:"}, {"boundingPoly": {"vertices": [{"x": 60.0, "y": 614.0}, {"x": 136.0, "y": 614.0}, {"x": 136.0, "y": 637.0}, {"x": 60.0, "y": 637.0}]}, "description": " Auth #:"}, {"boundingPoly": {"vertices": [{"x": 59.0, "y": 641.0}, {"x": 105.0, "y": 641.0}, {"x": 105.0, "y": 664.0}, {"x": 59.0, "y": 664.0}]}, "description": " AID:"}, {"boundingPoly": {"vertices": [{"x": 59.0, "y": 667.0}, {"x": 105.0, "y": 667.0}, {"x": 105.0, "y": 692.0}, {"x": 59.0, "y": 692.0}]}, "description": " TVR:"}, {"boundingPoly": {"vertices": [{"x": 62.0, "y": 696.0}, {"x": 106.0, "y": 696.0}, {"x": 106.0, "y": 720.0}, {"x": 62.0, "y": 720.0}]}, "description": " TSI:"}, {"boundingPoly": {"vertices": [{"x": 345.0, "y": 454.0}, {"x": 391.0, "y": 454.0}, {"x": 391.0, "y": 476.0}, {"x": 345.0, "y": 476.0}]}, "description": "5.04"}, {"boundingPoly": {"vertices": [{"x": 57.0, "y": 507.0}, {"x": 175.0, "y": 507.0}, {"x": 175.0, "y": 530.0}, {"x": 57.0, "y": 530.0}]}, "description": " Card Entry:"}, {"boundingPoly": {"vertices": [{"x": 59.0, "y": 533.0}, {"x": 175.0, "y": 533.0}, {"x": 175.0, "y": 557.0}, {"x": 59.0, "y": 557.0}]}, "description": " Trans Type:"}, {"boundingPoly": {"vertices": [{"x": 190.0, "y": 561.0}, {"x": 280.0, "y": 561.0}, {"x": 280.0, "y": 585.0}, {"x": 190.0, "y": 585.0}]}, "description": " 00000058"}, {"boundingPoly": {"vertices": [{"x": 170.0, "y": 588.0}, {"x": 342.0, "y": 588.0}, {"x": 342.0, "y": 612.0}, {"x": 170.0, "y": 612.0}]}, "description": " AMERICAN EXPRESS"}, {"boundingPoly": {"vertices": [{"x": 139.0, "y": 614.0}, {"x": 208.0, "y": 614.0}, {"x": 208.0, "y": 638.0}, {"x": 139.0, "y": 638.0}]}, "description": " 864372"}, {"boundingPoly": {"vertices": [{"x": 109.0, "y": 641.0}, {"x": 278.0, "y": 641.0}, {"x": 278.0, "y": 665.0}, {"x": 109.0, "y": 665.0}]}, "description": " A000000025010801"}, {"boundingPoly": {"vertices": [{"x": 109.0, "y": 668.0}, {"x": 219.0, "y": 668.0}, {"x": 219.0, "y": 692.0}, {"x": 109.0, "y": 692.0}]}, "description": " 0000008000"}, {"boundingPoly": {"vertices": [{"x": 110.0, "y": 696.0}, {"x": 155.0, "y": 696.0}, {"x": 155.0, "y": 720.0}, {"x": 110.0, "y": 720.0}]}, "description": " E800"}, {"boundingPoly": {"vertices": [{"x": 63.0, "y": 751.0}, {"x": 148.0, "y": 751.0}, {"x": 148.0, "y": 774.0}, {"x": 63.0, "y": 774.0}]}, "description": "Subtotal"}, {"boundingPoly": {"vertices": [{"x": 66.0, "y": 779.0}, {"x": 129.0, "y": 780.0}, {"x": 129.0, "y": 802.0}, {"x": 66.0, "y": 802.0}]}, "description": "Tax 6%"}, {"boundingPoly": {"vertices": [{"x": 66.0, "y": 806.0}, {"x": 119.0, "y": 805.0}, {"x": 118.0, "y": 828.0}, {"x": 66.0, "y": 828.0}]}, "description": "Total"}, {"boundingPoly": {"vertices": [{"x": 35.0, "y": 833.0}, {"x": 240.0, "y": 835.0}, {"x": 240.0, "y": 859.0}, {"x": 35.0, "y": 857.0}]}, "description": "Change Due"}, {"boundingPoly": {"vertices": [{"x": 331.0, "y": 753.0}, {"x": 385.0, "y": 753.0}, {"x": 384.0, "y": 776.0}, {"x": 330.0, "y": 776.0}]}, "description": "$4.75"}, {"boundingPoly": {"vertices": [{"x": 332.0, "y": 783.0}, {"x": 385.0, "y": 782.0}, {"x": 385.0, "y": 804.0}, {"x": 331.0, "y": 805.0}]}, "description": "$0.29"}, {"boundingPoly": {"vertices": [{"x": 331.0, "y": 810.0}, {"x": 387.0, "y": 809.0}, {"x": 387.0, "y": 832.0}, {"x": 332.0, "y": 833.0}]}, "description": "$5.04"}, {"boundingPoly": {"vertices": [{"x": 344.0, "y": 837.0}, {"x": 447.0, "y": 836.0}, {"x": 447.0, "y": 860.0}, {"x": 344.0, "y": 862.0}]}, "description": "$0.00"}, {"boundingPoly": {"vertices": [{"x": 156.0, "y": 888.0}, {"x": 286.0, "y": 889.0}, {"x": 286.0, "y": 912.0}, {"x": 156.0, "y": 912.0}]}, "description": "Check Closed"}, {"boundingPoly": {"vertices": [{"x": 139.0, "y": 915.0}, {"x": 339.0, "y": 915.0}, {"x": 339.0, "y": 941.0}, {"x": 139.0, "y": 941.0}]}, "description": " 11/21/2019 03:44 PM"}, {"boundingPoly": {"vertices": [{"x": 113.0, "y": 1052.0}, {"x": 370.0, "y": 1059.0}, {"x": 369.0, "y": 1085.0}, {"x": 113.0, "y": 1075.0}]}, "description": "Join our loyalty program"}, {"boundingPoly": {"vertices": [{"x": 84.0, "y": 1103.0}, {"x": 404.0, "y": 1116.0}, {"x": 403.0, "y": 1141.0}, {"x": 83.0, "y": 1128.0}]}, "description": "Sign up for promotional emails"}, {"boundingPoly": {"vertices": [{"x": 133.0, "y": 1160.0}, {"x": 339.0, "y": 1171.0}, {"x": 338.0, "y": 1195.0}, {"x": 133.0, "y": 1183.0}]}, "description": "Or download our app"}, {"boundingPoly": {"vertices": [{"x": 116.0, "y": 1216.0}, {"x": 361.0, "y": 1227.0}, {"x": 359.0, "y": 1253.0}, {"x": 115.0, "y": 1241.0}]}, "description": "Some restrictions apply"}, {"boundingPoly": {"vertices": [{"x": 143.0, "y": 1078.0}, {"x": 338.0, "y": 1085.0}, {"x": 337.0, "y": 1109.0}, {"x": 143.0, "y": 1102.0}]}, "description": "Starbucks Rewards\u00ae"}, {"boundingPoly": {"vertices": [{"x": 96.0, "y": 1129.0}, {"x": 382.0, "y": 1143.0}, {"x": 380.0, "y": 1169.0}, {"x": 95.0, "y": 1155.0}]}, "description": "Visit Starbucks.com/rewards"}, {"boundingPoly": {"vertices": [{"x": 117.0, "y": 1187.0}, {"x": 362.0, "y": 1199.0}, {"x": 360.0, "y": 1224.0}, {"x": 116.0, "y": 1211.0}]}, "description": "At participating stores"}]}