{"textAnnotations": [{"boundingPoly": {"vertices": [{"x": 147.0, "y": 125.0}, {"x": 418.0, "y": 115.0}, {"x": 419.0, "y": 144.0}, {"x": 148.0, "y": 154.0}]}, "description": "merchant name"}, {"boundingPoly": {"vertices": [{"x": 129.0, "y": 160.0}, {"x": 438.0, "y": 149.0}, {"x": 439.0, "y": 174.0}, {"x": 130.0, "y": 185.0}]}, "description": "merchant address"}, {"boundingPoly": {"vertices": [{"x": 92.0, "y": 224.0}, {"x": 138.0, "y": 224.0}, {"x": 138.0, "y": 248.0}, {"x": 92.0, "y": 248.0}]}, "description": " Till"}, {"boundingPoly": {"vertices": [{"x": 94.0, "y": 257.0}, {"x": 127.0, "y": 257.0}, {"x": 127.0, "y": 277.0}, {"x": 95.0, "y": 277.0}]}, "description": "Yen"}, {"boundingPoly": {"vertices": [{"x": 142.0, "y": 224.0}, {"x": 156.0, "y": 224.0}, {"x": 156.0, "y": 247.0}, {"x": 142.0, "y": 247.0}]}, "description": " 1"}, {"boundingPoly": {"vertices": [{"x": 160.0, "y": 224.0}, {"x": 194.0, "y": 224.0}, {"x": 194.0, "y": 247.0}, {"x": 160.0, "y": 247.0}]}, "description": " Bar"}, {"boundingPoly": {"vertices": [{"x": 324.0, "y": 242.0}, {"x": 496.0, "y": 242.0}, {"x": 496.0, "y": 273.0}, {"x": 324.0, "y": 273.0}]}, "description": " 11 Nov 2019 21:01"}, {"boundingPoly": {"vertices": [{"x": 370.0, "y": 308.0}, {"x": 455.0, "y": 308.0}, {"x": 455.0, "y": 332.0}, {"x": 370.0, "y": 332.0}]}, "description": " ORDER #:"}, {"boundingPoly": {"vertices": [{"x": 459.0, "y": 307.0}, {"x": 494.0, "y": 307.0}, {"x": 494.0, "y": 329.0}, {"x": 459.0, "y": 329.0}]}, "description": " 290"}, {"boundingPoly": {"vertices": [{"x": 95.0, "y": 368.0}, {"x": 209.0, "y": 368.0}, {"x": 209.0, "y": 391.0}, {"x": 95.0, "y": 391.0}]}, "description": " Receipt no."}, {"boundingPoly": {"vertices": [{"x": 213.0, "y": 367.0}, {"x": 284.0, "y": 367.0}, {"x": 284.0, "y": 390.0}, {"x": 213.0, "y": 390.0}]}, "description": " 13/9936"}, {"boundingPoly": {"vertices": [{"x": 91.0, "y": 448.0}, {"x": 490.0, "y": 444.0}, {"x": 491.0, "y": 467.0}, {"x": 91.0, "y": 470.0}]}, "description": "************ CUSTOMER COPY *************"}, {"boundingPoly": {"vertices": [{"x": 150.0, "y": 504.0}, {"x": 195.0, "y": 504.0}, {"x": 195.0, "y": 526.0}, {"x": 150.0, "y": 526.0}]}, "description": " This"}, {"boundingPoly": {"vertices": [{"x": 199.0, "y": 503.0}, {"x": 429.0, "y": 503.0}, {"x": 429.0, "y": 526.0}, {"x": 199.0, "y": 526.0}]}, "description": " is not a V.A.T. Receipt"}, {"boundingPoly": {"vertices": [{"x": 87.0, "y": 559.0}, {"x": 212.0, "y": 559.0}, {"x": 212.0, "y": 581.0}, {"x": 87.0, "y": 581.0}]}, "description": " Merchant ID:"}, {"boundingPoly": {"vertices": [{"x": 87.0, "y": 587.0}, {"x": 212.0, "y": 587.0}, {"x": 212.0, "y": 609.0}, {"x": 87.0, "y": 609.0}]}, "description": " Terminal ID:"}, {"boundingPoly": {"vertices": [{"x": 216.0, "y": 559.0}, {"x": 317.0, "y": 559.0}, {"x": 317.0, "y": 581.0}, {"x": 216.0, "y": 581.0}]}, "description": " ***** 69307"}, {"boundingPoly": {"vertices": [{"x": 215.0, "y": 587.0}, {"x": 298.0, "y": 587.0}, {"x": 298.0, "y": 609.0}, {"x": 215.0, "y": 609.0}]}, "description": " **** 1234"}, {"boundingPoly": {"vertices": [{"x": 84.0, "y": 643.0}, {"x": 128.0, "y": 643.0}, {"x": 128.0, "y": 664.0}, {"x": 84.0, "y": 664.0}]}, "description": " AID:"}, {"boundingPoly": {"vertices": [{"x": 82.0, "y": 671.0}, {"x": 188.0, "y": 671.0}, {"x": 188.0, "y": 693.0}, {"x": 82.0, "y": 693.0}]}, "description": " Card Name:"}, {"boundingPoly": {"vertices": [{"x": 132.0, "y": 699.0}, {"x": 346.0, "y": 699.0}, {"x": 346.0, "y": 721.0}, {"x": 132.0, "y": 721.0}]}, "description": " *********** 1002 APSN:"}, {"boundingPoly": {"vertices": [{"x": 132.0, "y": 642.0}, {"x": 255.0, "y": 642.0}, {"x": 255.0, "y": 664.0}, {"x": 132.0, "y": 664.0}]}, "description": " A00000002501"}, {"boundingPoly": {"vertices": [{"x": 191.0, "y": 670.0}, {"x": 356.0, "y": 670.0}, {"x": 356.0, "y": 693.0}, {"x": 191.0, "y": 693.0}]}, "description": " AMERICAN EXPRESS"}, {"boundingPoly": {"vertices": [{"x": 81.0, "y": 700.0}, {"x": 129.0, "y": 700.0}, {"x": 129.0, "y": 720.0}, {"x": 81.0, "y": 720.0}]}, "description": " PAN:"}, {"boundingPoly": {"vertices": [{"x": 349.0, "y": 699.0}, {"x": 373.0, "y": 699.0}, {"x": 373.0, "y": 722.0}, {"x": 349.0, "y": 722.0}]}, "description": " 00"}, {"boundingPoly": {"vertices": [{"x": 79.0, "y": 755.0}, {"x": 187.0, "y": 755.0}, {"x": 187.0, "y": 778.0}, {"x": 79.0, "y": 778.0}]}, "description": " Auth Code:"}, {"boundingPoly": {"vertices": [{"x": 79.0, "y": 784.0}, {"x": 162.0, "y": 784.0}, {"x": 162.0, "y": 804.0}, {"x": 79.0, "y": 804.0}]}, "description": "APPROVED"}, {"boundingPoly": {"vertices": [{"x": 192.0, "y": 755.0}, {"x": 215.0, "y": 755.0}, {"x": 215.0, "y": 778.0}, {"x": 192.0, "y": 778.0}]}, "description": " 18"}, {"boundingPoly": {"vertices": [{"x": 76.0, "y": 839.0}, {"x": 180.0, "y": 840.0}, {"x": 179.0, "y": 862.0}, {"x": 76.0, "y": 862.0}]}, "description": "ExpressPay"}, {"boundingPoly": {"vertices": [{"x": 75.0, "y": 867.0}, {"x": 256.0, "y": 868.0}, {"x": 256.0, "y": 890.0}, {"x": 75.0, "y": 889.0}]}, "description": "SALE (Contactless)"}, {"boundingPoly": {"vertices": [{"x": 75.0, "y": 896.0}, {"x": 135.0, "y": 896.0}, {"x": 135.0, "y": 919.0}, {"x": 75.0, "y": 919.0}]}, "description": " Total:"}, {"boundingPoly": {"vertices": [{"x": 334.0, "y": 900.0}, {"x": 400.0, "y": 900.0}, {"x": 400.0, "y": 922.0}, {"x": 333.0, "y": 921.0}]}, "description": "\u00a312.89"}, {"boundingPoly": {"vertices": [{"x": 73.0, "y": 954.0}, {"x": 336.0, "y": 957.0}, {"x": 336.0, "y": 981.0}, {"x": 73.0, "y": 977.0}]}, "description": "No Cardholder Verification"}, {"boundingPoly": {"vertices": [{"x": 70.0, "y": 1014.0}, {"x": 437.0, "y": 1020.0}, {"x": 436.0, "y": 1045.0}, {"x": 69.0, "y": 1036.0}]}, "description": "This copy to be retained by Customer"}, {"boundingPoly": {"vertices": [{"x": 65.0, "y": 1072.0}, {"x": 173.0, "y": 1072.0}, {"x": 173.0, "y": 1096.0}, {"x": 65.0, "y": 1096.0}]}, "description": " Date/Time:"}, {"boundingPoly": {"vertices": [{"x": 177.0, "y": 1072.0}, {"x": 373.0, "y": 1072.0}, {"x": 373.0, "y": 1102.0}, {"x": 177.0, "y": 1102.0}]}, "description": " 11/11/2019 21:01:11"}]}