{"textAnnotations": [{"boundingPoly": {"vertices": [{"x": 59.0, "y": 55.0}, {"x": 363.0, "y": 59.0}, {"x": 362.0, "y": 133.0}, {"x": 59.0, "y": 130.0}]}, "description": "merchant name"}, {"boundingPoly": {"vertices": [{"x": 118.0, "y": 134.0}, {"x": 289.0, "y": 135.0}, {"x": 289.0, "y": 153.0}, {"x": 118.0, "y": 151.0}]}, "description": "merchant address"}, {"boundingPoly": {"vertices": [{"x": 152.0, "y": 167.0}, {"x": 252.0, "y": 169.0}, {"x": 251.0, "y": 187.0}, {"x": 152.0, "y": 185.0}]}, "description": "merchant phone"}, {"boundingPoly": {"vertices": [{"x": 162.0, "y": 201.0}, {"x": 369.0, "y": 201.0}, {"x": 369.0, "y": 227.0}, {"x": 162.0, "y": 227.0}]}, "description": " 0025 11/12/2019 9:26 PM"}, {"boundingPoly": {"vertices": [{"x": 23.0, "y": 230.0}, {"x": 296.0, "y": 240.0}, {"x": 296.0, "y": 261.0}, {"x": 23.0, "y": 249.0}]}, "description": "NICE! ICLND PURE SPNG WTR 50.720Z"}, {"boundingPoly": {"vertices": [{"x": 284.0, "y": 261.0}, {"x": 319.0, "y": 261.0}, {"x": 318.0, "y": 280.0}, {"x": 283.0, "y": 278.0}]}, "description": "4.58"}, {"boundingPoly": {"vertices": [{"x": 102.0, "y": 150.0}, {"x": 296.0, "y": 153.0}, {"x": 295.0, "y": 171.0}, {"x": 102.0, "y": 168.0}]}, "description": "merchant address"}, {"boundingPoly": {"vertices": [{"x": 24.0, "y": 197.0}, {"x": 53.0, "y": 198.0}, {"x": 51.0, "y": 215.0}, {"x": 24.0, "y": 215.0}]}, "description": "345"}, {"boundingPoly": {"vertices": [{"x": 106.0, "y": 199.0}, {"x": 148.0, "y": 200.0}, {"x": 147.0, "y": 218.0}, {"x": 105.0, "y": 216.0}]}, "description": "3964"}, {"boundingPoly": {"vertices": [{"x": 54.0, "y": 248.0}, {"x": 147.0, "y": 252.0}, {"x": 146.0, "y": 272.0}, {"x": 54.0, "y": 267.0}]}, "description": "04902213900"}, {"boundingPoly": {"vertices": [{"x": 52.0, "y": 284.0}, {"x": 220.0, "y": 291.0}, {"x": 219.0, "y": 308.0}, {"x": 51.0, "y": 300.0}]}, "description": "RETURN VALUE 2.29 ea"}, {"boundingPoly": {"vertices": [{"x": 52.0, "y": 266.0}, {"x": 125.0, "y": 268.0}, {"x": 124.0, "y": 287.0}, {"x": 52.0, "y": 284.0}]}, "description": "2 @ 2.29"}, {"boundingPoly": {"vertices": [{"x": 17.0, "y": 297.0}, {"x": 153.0, "y": 301.0}, {"x": 152.0, "y": 318.0}, {"x": 17.0, "y": 313.0}]}, "description": "SHOPPING BAG FEE"}, {"boundingPoly": {"vertices": [{"x": 50.0, "y": 330.0}, {"x": 90.0, "y": 330.0}, {"x": 91.0, "y": 348.0}, {"x": 50.0, "y": 348.0}]}, "description": "TOTAL"}, {"boundingPoly": {"vertices": [{"x": 50.0, "y": 347.0}, {"x": 166.0, "y": 347.0}, {"x": 166.0, "y": 366.0}, {"x": 50.0, "y": 365.0}]}, "description": "AMEX ACCT 1000"}, {"boundingPoly": {"vertices": [{"x": 48.0, "y": 364.0}, {"x": 101.0, "y": 364.0}, {"x": 102.0, "y": 381.0}, {"x": 48.0, "y": 382.0}]}, "description": "CHANGE"}, {"boundingPoly": {"vertices": [{"x": 282.0, "y": 305.0}, {"x": 317.0, "y": 305.0}, {"x": 318.0, "y": 321.0}, {"x": 282.0, "y": 321.0}]}, "description": "0.10"}, {"boundingPoly": {"vertices": [{"x": 282.0, "y": 335.0}, {"x": 319.0, "y": 335.0}, {"x": 318.0, "y": 350.0}, {"x": 282.0, "y": 350.0}]}, "description": "4.68"}, {"boundingPoly": {"vertices": [{"x": 282.0, "y": 348.0}, {"x": 319.0, "y": 350.0}, {"x": 318.0, "y": 365.0}, {"x": 281.0, "y": 364.0}]}, "description": "4.68"}, {"boundingPoly": {"vertices": [{"x": 292.0, "y": 366.0}, {"x": 317.0, "y": 365.0}, {"x": 316.0, "y": 382.0}, {"x": 292.0, "y": 383.0}]}, "description": ".00"}, {"boundingPoly": {"vertices": [{"x": 140.0, "y": 381.0}, {"x": 204.0, "y": 381.0}, {"x": 203.0, "y": 397.0}, {"x": 140.0, "y": 397.0}]}, "description": "bsolqu"}, {"boundingPoly": {"vertices": [{"x": 13.0, "y": 398.0}, {"x": 184.0, "y": 398.0}, {"x": 184.0, "y": 417.0}, {"x": 13.0, "y": 416.0}]}, "description": "AID A000000025010801"}, {"boundingPoly": {"vertices": [{"x": 13.0, "y": 415.0}, {"x": 147.0, "y": 415.0}, {"x": 147.0, "y": 434.0}, {"x": 13.0, "y": 434.0}]}, "description": "AMERICAN EXPRESS"}, {"boundingPoly": {"vertices": [{"x": 15.0, "y": 434.0}, {"x": 183.0, "y": 434.0}, {"x": 183.0, "y": 453.0}, {"x": 14.0, "y": 452.0}]}, "description": "Integrated chip card"}, {"boundingPoly": {"vertices": [{"x": 11.0, "y": 501.0}, {"x": 303.0, "y": 504.0}, {"x": 303.0, "y": 525.0}, {"x": 11.0, "y": 520.0}]}, "description": "THANK YOU FOR SHOPPING AT WALGREENS"}, {"boundingPoly": {"vertices": [{"x": 9.0, "y": 535.0}, {"x": 319.0, "y": 541.0}, {"x": 318.0, "y": 560.0}, {"x": 9.0, "y": 553.0}]}, "description": "DID YOU KNOW THAT YOU CAN EARN POINTS"}, {"boundingPoly": {"vertices": [{"x": 8.0, "y": 569.0}, {"x": 289.0, "y": 574.0}, {"x": 289.0, "y": 593.0}, {"x": 8.0, "y": 588.0}]}, "description": "ONLINE? SEE OUR WEEKLY AD FOR MORE"}, {"boundingPoly": {"vertices": [{"x": 6.0, "y": 603.0}, {"x": 281.0, "y": 606.0}, {"x": 281.0, "y": 623.0}, {"x": 6.0, "y": 621.0}]}, "description": "RESTRICTIONS APPLY. FOR TERMS AND"}, {"boundingPoly": {"vertices": [{"x": 9.0, "y": 553.0}, {"x": 292.0, "y": 558.0}, {"x": 291.0, "y": 577.0}, {"x": 8.0, "y": 571.0}]}, "description": "ON THOUSANDS OF ITEMS IN-STORE AND"}, {"boundingPoly": {"vertices": [{"x": 8.0, "y": 586.0}, {"x": 277.0, "y": 590.0}, {"x": 277.0, "y": 608.0}, {"x": 8.0, "y": 604.0}]}, "description": "INFORMATION. ITEMS CHANGE WEEKLY."}, {"boundingPoly": {"vertices": [{"x": 7.0, "y": 620.0}, {"x": 334.0, "y": 623.0}, {"x": 334.0, "y": 642.0}, {"x": 7.0, "y": 638.0}]}, "description": "CONDITIONS, VISIT WALGREENS.COM/BALANCE."}, {"boundingPoly": {"vertices": [{"x": 63.0, "y": 654.0}, {"x": 306.0, "y": 656.0}, {"x": 306.0, "y": 674.0}, {"x": 63.0, "y": 672.0}]}, "description": "RFN# 0089-0253-9644-1911-1203"}, {"boundingPoly": {"vertices": [{"x": 136.0, "y": 743.0}, {"x": 152.0, "y": 743.0}, {"x": 152.0, "y": 755.0}, {"x": 136.0, "y": 755.0}]}, "description": "zet"}, {"boundingPoly": {"vertices": [{"x": 142.0, "y": 761.0}, {"x": 190.0, "y": 762.0}, {"x": 190.0, "y": 777.0}, {"x": 141.0, "y": 776.0}]}, "description": "balance*"}, {"boundingPoly": {"vertices": [{"x": 127.0, "y": 769.0}, {"x": 243.0, "y": 769.0}, {"x": 243.0, "y": 800.0}, {"x": 127.0, "y": 800.0}]}, "description": "ewards"}, {"boundingPoly": {"vertices": [{"x": 33.0, "y": 852.0}, {"x": 324.0, "y": 854.0}, {"x": 324.0, "y": 875.0}, {"x": 33.0, "y": 871.0}]}, "description": "How are we doing?"}, {"boundingPoly": {"vertices": [{"x": 79.0, "y": 886.0}, {"x": 271.0, "y": 889.0}, {"x": 271.0, "y": 907.0}, {"x": 79.0, "y": 904.0}]}, "description": "$3,000 cash"}, {"boundingPoly": {"vertices": [{"x": 147.0, "y": 919.0}, {"x": 193.0, "y": 920.0}, {"x": 193.0, "y": 936.0}, {"x": 147.0, "y": 935.0}]}, "description": "Visit"}, {"boundingPoly": {"vertices": [{"x": 32.0, "y": 870.0}, {"x": 319.0, "y": 874.0}, {"x": 319.0, "y": 891.0}, {"x": 31.0, "y": 887.0}]}, "description": "Enter our monthly sweepstakes for"}, {"boundingPoly": {"vertices": [{"x": 64.0, "y": 931.0}, {"x": 274.0, "y": 937.0}, {"x": 274.0, "y": 954.0}, {"x": 64.0, "y": 948.0}]}, "description": "WWW.WALGREENSLISTENS.COM"}, {"boundingPoly": {"vertices": [{"x": 101.0, "y": 965.0}, {"x": 248.0, "y": 967.0}, {"x": 247.0, "y": 984.0}, {"x": 101.0, "y": 980.0}]}, "description": "or call toll free"}, {"boundingPoly": {"vertices": [{"x": 43.0, "y": 992.0}, {"x": 309.0, "y": 1001.0}, {"x": 308.0, "y": 1019.0}, {"x": 43.0, "y": 1010.0}]}, "description": "within 72 hours to take a short"}, {"boundingPoly": {"vertices": [{"x": 91.0, "y": 949.0}, {"x": 256.0, "y": 954.0}, {"x": 255.0, "y": 967.0}, {"x": 91.0, "y": 962.0}]}, "description": "*******************"}, {"boundingPoly": {"vertices": [{"x": 105.0, "y": 979.0}, {"x": 232.0, "y": 982.0}, {"x": 231.0, "y": 999.0}, {"x": 105.0, "y": 995.0}]}, "description": "1-800-219-7451"}, {"boundingPoly": {"vertices": [{"x": 38.0, "y": 1012.0}, {"x": 320.0, "y": 1016.0}, {"x": 319.0, "y": 1034.0}, {"x": 38.0, "y": 1028.0}]}, "description": "survey about this Walgreens visit"}, {"boundingPoly": {"vertices": [{"x": 145.0, "y": 1043.0}, {"x": 208.0, "y": 1044.0}, {"x": 208.0, "y": 1062.0}, {"x": 145.0, "y": 1060.0}]}, "description": "SURVEY#"}, {"boundingPoly": {"vertices": [{"x": 40.0, "y": 1056.0}, {"x": 292.0, "y": 1060.0}, {"x": 291.0, "y": 1081.0}, {"x": 40.0, "y": 1077.0}]}, "description": "10 0089-0253-964"}, {"boundingPoly": {"vertices": [{"x": 145.0, "y": 1093.0}, {"x": 218.0, "y": 1093.0}, {"x": 218.0, "y": 1111.0}, {"x": 145.0, "y": 1111.0}]}, "description": "PASSWORD"}, {"boundingPoly": {"vertices": [{"x": 75.0, "y": 1110.0}, {"x": 292.0, "y": 1110.0}, {"x": 292.0, "y": 1129.0}, {"x": 75.0, "y": 1130.0}]}, "description": "4191-1120-326"}, {"boundingPoly": {"vertices": [{"x": 47.0, "y": 1145.0}, {"x": 309.0, "y": 1144.0}, {"x": 309.0, "y": 1165.0}, {"x": 47.0, "y": 1166.0}]}, "description": "For contest rules, see store or"}, {"boundingPoly": {"vertices": [{"x": 80.0, "y": 1163.0}, {"x": 286.0, "y": 1161.0}, {"x": 287.0, "y": 1179.0}, {"x": 80.0, "y": 1183.0}]}, "description": "WWW.WALGREENSLISTENS.COM"}]}