{"textAnnotations": [{"boundingPoly": {"vertices": [{"x": 270.0, "y": 83.0}, {"x": 496.0, "y": 80.0}, {"x": 497.0, "y": 144.0}, {"x": 271.0, "y": 146.0}]}, "description": "merchant name"}, {"boundingPoly": {"vertices": [{"x": 265.0, "y": 153.0}, {"x": 500.0, "y": 153.0}, {"x": 500.0, "y": 170.0}, {"x": 265.0, "y": 170.0}]}, "description": "Authentic. Traditional. Delicious."}, {"boundingPoly": {"vertices": [{"x": 267.0, "y": 173.0}, {"x": 496.0, "y": 175.0}, {"x": 496.0, "y": 202.0}, {"x": 267.0, "y": 199.0}]}, "description": "\u771f\u6b63 \u4f20\u7edf \u7f8e\u5473"}, {"boundingPoly": {"vertices": [{"x": 349.0, "y": 206.0}, {"x": 406.0, "y": 207.0}, {"x": 406.0, "y": 220.0}, {"x": 349.0, "y": 218.0}]}, "description": "merchant address"}, {"boundingPoly": {"vertices": [{"x": 259.0, "y": 216.0}, {"x": 497.0, "y": 219.0}, {"x": 496.0, "y": 236.0}, {"x": 259.0, "y": 232.0}]}, "description": "merchant address"}, {"boundingPoly": {"vertices": [{"x": 330.0, "y": 234.0}, {"x": 358.0, "y": 234.0}, {"x": 358.0, "y": 249.0}, {"x": 330.0, "y": 249.0}]}, "description": " VAT:"}, {"boundingPoly": {"vertices": [{"x": 361.0, "y": 234.0}, {"x": 435.0, "y": 234.0}, {"x": 435.0, "y": 250.0}, {"x": 361.0, "y": 250.0}]}, "description": " 896 109 390"}, {"boundingPoly": {"vertices": [{"x": 225.0, "y": 260.0}, {"x": 294.0, "y": 261.0}, {"x": 294.0, "y": 276.0}, {"x": 225.0, "y": 275.0}]}, "description": "2019-10-24"}, {"boundingPoly": {"vertices": [{"x": 484.0, "y": 262.0}, {"x": 538.0, "y": 262.0}, {"x": 538.0, "y": 278.0}, {"x": 484.0, "y": 278.0}]}, "description": " 22:21:31"}, {"boundingPoly": {"vertices": [{"x": 220.0, "y": 305.0}, {"x": 324.0, "y": 305.0}, {"x": 324.0, "y": 334.0}, {"x": 220.0, "y": 334.0}]}, "description": " RECEIPT"}, {"boundingPoly": {"vertices": [{"x": 220.0, "y": 336.0}, {"x": 259.0, "y": 336.0}, {"x": 259.0, "y": 351.0}, {"x": 220.0, "y": 351.0}]}, "description": " TABLE"}, {"boundingPoly": {"vertices": [{"x": 220.0, "y": 352.0}, {"x": 265.0, "y": 352.0}, {"x": 265.0, "y": 367.0}, {"x": 220.0, "y": 367.0}]}, "description": " SERVER"}, {"boundingPoly": {"vertices": [{"x": 218.0, "y": 367.0}, {"x": 250.0, "y": 367.0}, {"x": 250.0, "y": 383.0}, {"x": 218.0, "y": 383.0}]}, "description": " SEAT"}, {"boundingPoly": {"vertices": [{"x": 328.0, "y": 308.0}, {"x": 424.0, "y": 308.0}, {"x": 424.0, "y": 335.0}, {"x": 328.0, "y": 335.0}]}, "description": " : 39468"}, {"boundingPoly": {"vertices": [{"x": 261.0, "y": 338.0}, {"x": 292.0, "y": 338.0}, {"x": 292.0, "y": 352.0}, {"x": 261.0, "y": 352.0}]}, "description": " : 60"}, {"boundingPoly": {"vertices": [{"x": 267.0, "y": 353.0}, {"x": 317.0, "y": 353.0}, {"x": 317.0, "y": 368.0}, {"x": 267.0, "y": 368.0}]}, "description": " : Gemma"}, {"boundingPoly": {"vertices": [{"x": 252.0, "y": 368.0}, {"x": 298.0, "y": 368.0}, {"x": 298.0, "y": 385.0}, {"x": 252.0, "y": 385.0}]}, "description": " : 1. 2"}, {"boundingPoly": {"vertices": [{"x": 216.0, "y": 418.0}, {"x": 323.0, "y": 419.0}, {"x": 323.0, "y": 435.0}, {"x": 216.0, "y": 433.0}]}, "description": "QTY DESCRIPTION"}, {"boundingPoly": {"vertices": [{"x": 509.0, "y": 420.0}, {"x": 546.0, "y": 419.0}, {"x": 546.0, "y": 434.0}, {"x": 509.0, "y": 434.0}]}, "description": "TOTAL"}, {"boundingPoly": {"vertices": [{"x": 318.0, "y": 465.0}, {"x": 448.0, "y": 465.0}, {"x": 448.0, "y": 477.0}, {"x": 318.0, "y": 477.0}]}, "description": "***** Seat 1 *****"}, {"boundingPoly": {"vertices": [{"x": 235.0, "y": 490.0}, {"x": 317.0, "y": 490.0}, {"x": 317.0, "y": 504.0}, {"x": 235.0, "y": 504.0}]}, "description": "Tiger 640ml"}, {"boundingPoly": {"vertices": [{"x": 232.0, "y": 506.0}, {"x": 362.0, "y": 505.0}, {"x": 362.0, "y": 520.0}, {"x": 232.0, "y": 521.0}]}, "description": "Chow Mein Chicken"}, {"boundingPoly": {"vertices": [{"x": 230.0, "y": 522.0}, {"x": 317.0, "y": 522.0}, {"x": 318.0, "y": 536.0}, {"x": 230.0, "y": 536.0}]}, "description": "Nasi Goreng"}, {"boundingPoly": {"vertices": [{"x": 228.0, "y": 538.0}, {"x": 324.0, "y": 538.0}, {"x": 325.0, "y": 552.0}, {"x": 228.0, "y": 553.0}]}, "description": "Lucky Buddha"}, {"boundingPoly": {"vertices": [{"x": 222.0, "y": 555.0}, {"x": 377.0, "y": 553.0}, {"x": 377.0, "y": 569.0}, {"x": 222.0, "y": 571.0}]}, "description": "Hot Sake 1/4 Bottle"}, {"boundingPoly": {"vertices": [{"x": 226.0, "y": 574.0}, {"x": 283.0, "y": 573.0}, {"x": 284.0, "y": 587.0}, {"x": 226.0, "y": 588.0}]}, "description": "1 Glass"}, {"boundingPoly": {"vertices": [{"x": 222.0, "y": 591.0}, {"x": 370.0, "y": 590.0}, {"x": 371.0, "y": 606.0}, {"x": 222.0, "y": 607.0}]}, "description": "Spicy Beef Dim Sum"}, {"boundingPoly": {"vertices": [{"x": 219.0, "y": 609.0}, {"x": 393.0, "y": 607.0}, {"x": 393.0, "y": 624.0}, {"x": 219.0, "y": 627.0}]}, "description": "Spicy Chicken Dim Sum"}, {"boundingPoly": {"vertices": [{"x": 218.0, "y": 629.0}, {"x": 376.0, "y": 626.0}, {"x": 376.0, "y": 643.0}, {"x": 218.0, "y": 647.0}]}, "description": "Spicy Prawn Dim Sum"}, {"boundingPoly": {"vertices": [{"x": 215.0, "y": 493.0}, {"x": 210.0, "y": 527.0}, {"x": 203.0, "y": 526.0}, {"x": 208.0, "y": 492.0}]}, "description": "--."}, {"boundingPoly": {"vertices": [{"x": 520.0, "y": 491.0}, {"x": 558.0, "y": 490.0}, {"x": 559.0, "y": 503.0}, {"x": 520.0, "y": 503.0}]}, "description": "\u00a36.95"}, {"boundingPoly": {"vertices": [{"x": 522.0, "y": 504.0}, {"x": 562.0, "y": 504.0}, {"x": 562.0, "y": 518.0}, {"x": 522.0, "y": 518.0}]}, "description": "\u00a38.75"}, {"boundingPoly": {"vertices": [{"x": 524.0, "y": 519.0}, {"x": 563.0, "y": 519.0}, {"x": 563.0, "y": 533.0}, {"x": 524.0, "y": 534.0}]}, "description": "\u20ac9.55"}, {"boundingPoly": {"vertices": [{"x": 525.0, "y": 536.0}, {"x": 565.0, "y": 535.0}, {"x": 565.0, "y": 549.0}, {"x": 525.0, "y": 549.0}]}, "description": "\u00a34.55"}, {"boundingPoly": {"vertices": [{"x": 528.0, "y": 552.0}, {"x": 568.0, "y": 552.0}, {"x": 568.0, "y": 566.0}, {"x": 528.0, "y": 567.0}]}, "description": "\u00a37.75"}, {"boundingPoly": {"vertices": [{"x": 532.0, "y": 587.0}, {"x": 575.0, "y": 587.0}, {"x": 575.0, "y": 602.0}, {"x": 532.0, "y": 602.0}]}, "description": "\u20ac4.15"}, {"boundingPoly": {"vertices": [{"x": 534.0, "y": 606.0}, {"x": 577.0, "y": 605.0}, {"x": 577.0, "y": 620.0}, {"x": 534.0, "y": 621.0}]}, "description": "\u00a34.15"}, {"boundingPoly": {"vertices": [{"x": 537.0, "y": 625.0}, {"x": 578.0, "y": 624.0}, {"x": 579.0, "y": 640.0}, {"x": 537.0, "y": 641.0}]}, "description": "\u00a34.35"}, {"boundingPoly": {"vertices": [{"x": 201.0, "y": 594.0}, {"x": 195.0, "y": 631.0}, {"x": 188.0, "y": 630.0}, {"x": 193.0, "y": 593.0}]}, "description": "--"}, {"boundingPoly": {"vertices": [{"x": 389.0, "y": 686.0}, {"x": 591.0, "y": 685.0}, {"x": 591.0, "y": 716.0}, {"x": 390.0, "y": 718.0}]}, "description": "TOTAL \u00a350.20"}, {"boundingPoly": {"vertices": [{"x": 191.0, "y": 799.0}, {"x": 225.0, "y": 800.0}, {"x": 225.0, "y": 816.0}, {"x": 191.0, "y": 815.0}]}, "description": "NET"}, {"boundingPoly": {"vertices": [{"x": 160.0, "y": 820.0}, {"x": 255.0, "y": 819.0}, {"x": 255.0, "y": 837.0}, {"x": 161.0, "y": 838.0}]}, "description": "20% \u00a341.84"}, {"boundingPoly": {"vertices": [{"x": 344.0, "y": 798.0}, {"x": 392.0, "y": 798.0}, {"x": 392.0, "y": 814.0}, {"x": 344.0, "y": 814.0}]}, "description": "GROSS"}, {"boundingPoly": {"vertices": [{"x": 344.0, "y": 819.0}, {"x": 402.0, "y": 818.0}, {"x": 402.0, "y": 836.0}, {"x": 344.0, "y": 836.0}]}, "description": "\u00a350.20"}, {"boundingPoly": {"vertices": [{"x": 472.0, "y": 797.0}, {"x": 498.0, "y": 797.0}, {"x": 498.0, "y": 812.0}, {"x": 472.0, "y": 812.0}]}, "description": "VAT"}, {"boundingPoly": {"vertices": [{"x": 472.0, "y": 818.0}, {"x": 518.0, "y": 818.0}, {"x": 518.0, "y": 834.0}, {"x": 472.0, "y": 835.0}]}, "description": "\u00a38.36"}]}