{"textAnnotations": [{"boundingPoly": {"vertices": [{"x": 210.0, "y": 56.0}, {"x": 402.0, "y": 58.0}, {"x": 402.0, "y": 101.0}, {"x": 210.0, "y": 99.0}]}, "description": "merchant name"}, {"boundingPoly": {"vertices": [{"x": 218.0, "y": 100.0}, {"x": 396.0, "y": 100.0}, {"x": 396.0, "y": 121.0}, {"x": 218.0, "y": 121.0}]}, "description": " EXPECT MORE. PAY LESS:"}, {"boundingPoly": {"vertices": [{"x": 56.0, "y": 143.0}, {"x": 326.0, "y": 143.0}, {"x": 326.0, "y": 171.0}, {"x": 56.0, "y": 171.0}]}, "description": "merchant address"}, {"boundingPoly": {"vertices": [{"x": 170.0, "y": 188.0}, {"x": 377.0, "y": 192.0}, {"x": 377.0, "y": 214.0}, {"x": 170.0, "y": 209.0}]}, "description": "merchant address"}, {"boundingPoly": {"vertices": [{"x": 328.0, "y": 149.0}, {"x": 347.0, "y": 149.0}, {"x": 347.0, "y": 171.0}, {"x": 328.0, "y": 171.0}]}, "description": " -"}, {"boundingPoly": {"vertices": [{"x": 350.0, "y": 150.0}, {"x": 492.0, "y": 150.0}, {"x": 492.0, "y": 174.0}, {"x": 350.0, "y": 174.0}]}, "description": "merchant phone"}, {"boundingPoly": {"vertices": [{"x": 195.0, "y": 168.0}, {"x": 343.0, "y": 171.0}, {"x": 342.0, "y": 191.0}, {"x": 195.0, "y": 189.0}]}, "description": "merchant address"}, {"boundingPoly": {"vertices": [{"x": 67.0, "y": 198.0}, {"x": 490.0, "y": 198.0}, {"x": 490.0, "y": 238.0}, {"x": 67.0, "y": 238.0}]}, "description": " 11/03/2019 01:24 PM EXPIRES 02/01/20"}, {"boundingPoly": {"vertices": [{"x": 15.0, "y": 292.0}, {"x": 101.0, "y": 293.0}, {"x": 101.0, "y": 312.0}, {"x": 15.0, "y": 312.0}]}, "description": "GROCERY"}, {"boundingPoly": {"vertices": [{"x": 15.0, "y": 313.0}, {"x": 123.0, "y": 314.0}, {"x": 123.0, "y": 334.0}, {"x": 15.0, "y": 333.0}]}, "description": "055010047"}, {"boundingPoly": {"vertices": [{"x": 14.0, "y": 335.0}, {"x": 123.0, "y": 336.0}, {"x": 123.0, "y": 357.0}, {"x": 14.0, "y": 356.0}]}, "description": "055020758"}, {"boundingPoly": {"vertices": [{"x": 203.0, "y": 317.0}, {"x": 279.0, "y": 318.0}, {"x": 279.0, "y": 338.0}, {"x": 203.0, "y": 337.0}]}, "description": "MENTOS"}, {"boundingPoly": {"vertices": [{"x": 202.0, "y": 339.0}, {"x": 289.0, "y": 340.0}, {"x": 289.0, "y": 360.0}, {"x": 202.0, "y": 358.0}]}, "description": "REESE'S"}, {"boundingPoly": {"vertices": [{"x": 192.0, "y": 360.0}, {"x": 441.0, "y": 365.0}, {"x": 440.0, "y": 386.0}, {"x": 192.0, "y": 380.0}]}, "description": "Saved $2.00 off $6.99"}, {"boundingPoly": {"vertices": [{"x": 369.0, "y": 386.0}, {"x": 398.0, "y": 386.0}, {"x": 397.0, "y": 406.0}, {"x": 369.0, "y": 405.0}]}, "description": "FN"}, {"boundingPoly": {"vertices": [{"x": 370.0, "y": 407.0}, {"x": 397.0, "y": 407.0}, {"x": 397.0, "y": 427.0}, {"x": 369.0, "y": 426.0}]}, "description": "FN"}, {"boundingPoly": {"vertices": [{"x": 364.0, "y": 427.0}, {"x": 396.0, "y": 427.0}, {"x": 395.0, "y": 448.0}, {"x": 363.0, "y": 448.0}]}, "description": "FN"}, {"boundingPoly": {"vertices": [{"x": 368.0, "y": 324.0}, {"x": 392.0, "y": 324.0}, {"x": 391.0, "y": 344.0}, {"x": 366.0, "y": 343.0}]}, "description": "FT"}, {"boundingPoly": {"vertices": [{"x": 368.0, "y": 344.0}, {"x": 392.0, "y": 343.0}, {"x": 392.0, "y": 362.0}, {"x": 367.0, "y": 362.0}]}, "description": "FT"}, {"boundingPoly": {"vertices": [{"x": 435.0, "y": 327.0}, {"x": 496.0, "y": 330.0}, {"x": 496.0, "y": 348.0}, {"x": 435.0, "y": 346.0}]}, "description": "$3.99"}, {"boundingPoly": {"vertices": [{"x": 438.0, "y": 347.0}, {"x": 501.0, "y": 349.0}, {"x": 501.0, "y": 369.0}, {"x": 437.0, "y": 366.0}]}, "description": "$4.99"}, {"boundingPoly": {"vertices": [{"x": 13.0, "y": 378.0}, {"x": 123.0, "y": 379.0}, {"x": 123.0, "y": 400.0}, {"x": 13.0, "y": 400.0}]}, "description": "211080030"}, {"boundingPoly": {"vertices": [{"x": 14.0, "y": 400.0}, {"x": 123.0, "y": 402.0}, {"x": 123.0, "y": 422.0}, {"x": 14.0, "y": 421.0}]}, "description": "211110059"}, {"boundingPoly": {"vertices": [{"x": 13.0, "y": 423.0}, {"x": 124.0, "y": 423.0}, {"x": 123.0, "y": 444.0}, {"x": 13.0, "y": 443.0}]}, "description": "231000572"}, {"boundingPoly": {"vertices": [{"x": 201.0, "y": 381.0}, {"x": 267.0, "y": 381.0}, {"x": 267.0, "y": 402.0}, {"x": 201.0, "y": 402.0}]}, "description": "NAKED"}, {"boundingPoly": {"vertices": [{"x": 206.0, "y": 403.0}, {"x": 255.0, "y": 403.0}, {"x": 255.0, "y": 423.0}, {"x": 206.0, "y": 423.0}]}, "description": "JBSS"}, {"boundingPoly": {"vertices": [{"x": 203.0, "y": 424.0}, {"x": 354.0, "y": 426.0}, {"x": 354.0, "y": 448.0}, {"x": 202.0, "y": 446.0}]}, "description": "CN TST CRNCH"}, {"boundingPoly": {"vertices": [{"x": 439.0, "y": 387.0}, {"x": 500.0, "y": 388.0}, {"x": 500.0, "y": 409.0}, {"x": 439.0, "y": 407.0}]}, "description": "$3.29"}, {"boundingPoly": {"vertices": [{"x": 439.0, "y": 408.0}, {"x": 502.0, "y": 411.0}, {"x": 501.0, "y": 429.0}, {"x": 439.0, "y": 427.0}]}, "description": "$5.99"}, {"boundingPoly": {"vertices": [{"x": 439.0, "y": 429.0}, {"x": 503.0, "y": 430.0}, {"x": 502.0, "y": 452.0}, {"x": 439.0, "y": 450.0}]}, "description": "$3.99"}, {"boundingPoly": {"vertices": [{"x": 300.0, "y": 470.0}, {"x": 394.0, "y": 471.0}, {"x": 394.0, "y": 493.0}, {"x": 300.0, "y": 490.0}]}, "description": "SUBTOTAL"}, {"boundingPoly": {"vertices": [{"x": 332.0, "y": 494.0}, {"x": 397.0, "y": 494.0}, {"x": 397.0, "y": 514.0}, {"x": 332.0, "y": 514.0}]}, "description": "$8.98"}, {"boundingPoly": {"vertices": [{"x": 429.0, "y": 472.0}, {"x": 505.0, "y": 472.0}, {"x": 505.0, "y": 494.0}, {"x": 429.0, "y": 494.0}]}, "description": "$22.25"}, {"boundingPoly": {"vertices": [{"x": 442.0, "y": 494.0}, {"x": 504.0, "y": 495.0}, {"x": 505.0, "y": 515.0}, {"x": 442.0, "y": 516.0}]}, "description": "$0.80"}, {"boundingPoly": {"vertices": [{"x": 38.0, "y": 488.0}, {"x": 57.0, "y": 488.0}, {"x": 57.0, "y": 510.0}, {"x": 38.0, "y": 510.0}]}, "description": " T"}, {"boundingPoly": {"vertices": [{"x": 60.0, "y": 488.0}, {"x": 164.0, "y": 488.0}, {"x": 164.0, "y": 512.0}, {"x": 60.0, "y": 512.0}]}, "description": " = NY TAX"}, {"boundingPoly": {"vertices": [{"x": 179.0, "y": 489.0}, {"x": 303.0, "y": 489.0}, {"x": 303.0, "y": 515.0}, {"x": 179.0, "y": 515.0}]}, "description": " 8.8750% on"}, {"boundingPoly": {"vertices": [{"x": 336.0, "y": 537.0}, {"x": 398.0, "y": 538.0}, {"x": 398.0, "y": 559.0}, {"x": 336.0, "y": 558.0}]}, "description": "TOTAL"}, {"boundingPoly": {"vertices": [{"x": 192.0, "y": 557.0}, {"x": 398.0, "y": 559.0}, {"x": 398.0, "y": 580.0}, {"x": 192.0, "y": 578.0}]}, "description": "*5002 AMEX CHARGE"}, {"boundingPoly": {"vertices": [{"x": 266.0, "y": 580.0}, {"x": 308.0, "y": 580.0}, {"x": 308.0, "y": 601.0}, {"x": 266.0, "y": 601.0}]}, "description": " AID:"}, {"boundingPoly": {"vertices": [{"x": 265.0, "y": 601.0}, {"x": 460.0, "y": 603.0}, {"x": 460.0, "y": 624.0}, {"x": 265.0, "y": 620.0}]}, "description": "AMERICAN EXPRESS"}, {"boundingPoly": {"vertices": [{"x": 175.0, "y": 636.0}, {"x": 388.0, "y": 637.0}, {"x": 388.0, "y": 664.0}, {"x": 175.0, "y": 663.0}]}, "description": "INDICATES SAVINGS"}, {"boundingPoly": {"vertices": [{"x": 432.0, "y": 537.0}, {"x": 508.0, "y": 537.0}, {"x": 508.0, "y": 559.0}, {"x": 432.0, "y": 559.0}]}, "description": "$23.05"}, {"boundingPoly": {"vertices": [{"x": 429.0, "y": 560.0}, {"x": 508.0, "y": 561.0}, {"x": 508.0, "y": 582.0}, {"x": 428.0, "y": 581.0}]}, "description": "$23.05"}, {"boundingPoly": {"vertices": [{"x": 311.0, "y": 580.0}, {"x": 506.0, "y": 580.0}, {"x": 506.0, "y": 605.0}, {"x": 311.0, "y": 605.0}]}, "description": " A000000025010801"}, {"boundingPoly": {"vertices": [{"x": 146.0, "y": 732.0}, {"x": 411.0, "y": 740.0}, {"x": 410.0, "y": 762.0}, {"x": 146.0, "y": 754.0}]}, "description": "TOTAL SAVINGS THIS TRIP"}, {"boundingPoly": {"vertices": [{"x": 260.0, "y": 756.0}, {"x": 319.0, "y": 756.0}, {"x": 317.0, "y": 778.0}, {"x": 260.0, "y": 778.0}]}, "description": "$2.00"}, {"boundingPoly": {"vertices": [{"x": 107.0, "y": 803.0}, {"x": 217.0, "y": 806.0}, {"x": 217.0, "y": 814.0}, {"x": 106.0, "y": 811.0}]}, "description": "----------"}, {"boundingPoly": {"vertices": [{"x": 222.0, "y": 807.0}, {"x": 257.0, "y": 807.0}, {"x": 257.0, "y": 814.0}, {"x": 222.0, "y": 814.0}]}, "description": " ----"}, {"boundingPoly": {"vertices": [{"x": 262.0, "y": 808.0}, {"x": 278.0, "y": 808.0}, {"x": 278.0, "y": 815.0}, {"x": 262.0, "y": 815.0}]}, "description": " --"}, {"boundingPoly": {"vertices": [{"x": 453.0, "y": 808.0}, {"x": 479.0, "y": 808.0}, {"x": 479.0, "y": 817.0}, {"x": 452.0, "y": 817.0}]}, "description": "---"}, {"boundingPoly": {"vertices": [{"x": 43.0, "y": 859.0}, {"x": 544.0, "y": 871.0}, {"x": 543.0, "y": 894.0}, {"x": 43.0, "y": 882.0}]}, "description": "REC#2-9307-3277-0073-8181-8 VCD#751-257-348"}, {"boundingPoly": {"vertices": [{"x": 169.0, "y": 926.0}, {"x": 337.0, "y": 926.0}, {"x": 337.0, "y": 957.0}, {"x": 169.0, "y": 957.0}]}, "description": " Restroom Code:"}, {"boundingPoly": {"vertices": [{"x": 340.0, "y": 935.0}, {"x": 392.0, "y": 935.0}, {"x": 392.0, "y": 960.0}, {"x": 340.0, "y": 960.0}]}, "description": " 6682"}]}