{"textAnnotations": [{"boundingPoly": {"vertices": [{"x": 67.0, "y": 70.0}, {"x": 299.0, "y": 70.0}, {"x": 299.0, "y": 113.0}, {"x": 67.0, "y": 113.0}]}, "description": "merchant name"}, {"boundingPoly": {"vertices": [{"x": 95.0, "y": 124.0}, {"x": 278.0, "y": 124.0}, {"x": 278.0, "y": 140.0}, {"x": 95.0, "y": 140.0}]}, "description": "merchant address"}, {"boundingPoly": {"vertices": [{"x": 116.0, "y": 145.0}, {"x": 248.0, "y": 145.0}, {"x": 248.0, "y": 160.0}, {"x": 116.0, "y": 159.0}]}, "description": "merchant address"}, {"boundingPoly": {"vertices": [{"x": 124.0, "y": 165.0}, {"x": 249.0, "y": 165.0}, {"x": 249.0, "y": 179.0}, {"x": 124.0, "y": 179.0}]}, "description": "merchant address"}, {"boundingPoly": {"vertices": [{"x": 71.0, "y": 185.0}, {"x": 157.0, "y": 185.0}, {"x": 157.0, "y": 199.0}, {"x": 71.0, "y": 199.0}]}, "description": " 01296 REG:"}, {"boundingPoly": {"vertices": [{"x": 20.0, "y": 204.0}, {"x": 171.0, "y": 204.0}, {"x": 171.0, "y": 219.0}, {"x": 20.0, "y": 219.0}]}, "description": "SOUR PATCH KIDS 8 OZ"}, {"boundingPoly": {"vertices": [{"x": 23.0, "y": 224.0}, {"x": 113.0, "y": 224.0}, {"x": 113.0, "y": 238.0}, {"x": 23.0, "y": 238.0}]}, "description": "070462035964"}, {"boundingPoly": {"vertices": [{"x": 22.0, "y": 244.0}, {"x": 198.0, "y": 243.0}, {"x": 198.0, "y": 257.0}, {"x": 22.0, "y": 258.0}]}, "description": "DUNKIN DONUTS ICED COFFE"}, {"boundingPoly": {"vertices": [{"x": 23.0, "y": 263.0}, {"x": 115.0, "y": 263.0}, {"x": 115.0, "y": 276.0}, {"x": 23.0, "y": 276.0}]}, "description": "049000072396"}, {"boundingPoly": {"vertices": [{"x": 25.0, "y": 282.0}, {"x": 198.0, "y": 281.0}, {"x": 198.0, "y": 295.0}, {"x": 25.0, "y": 296.0}]}, "description": "GODIVA DARK CHOCOLATE PE"}, {"boundingPoly": {"vertices": [{"x": 154.0, "y": 300.0}, {"x": 198.0, "y": 300.0}, {"x": 198.0, "y": 315.0}, {"x": 154.0, "y": 315.0}]}, "description": " @ 3.99"}, {"boundingPoly": {"vertices": [{"x": 23.0, "y": 320.0}, {"x": 157.0, "y": 319.0}, {"x": 157.0, "y": 333.0}, {"x": 23.0, "y": 334.0}]}, "description": "ALTOIDS PEPPERMINT"}, {"boundingPoly": {"vertices": [{"x": 22.0, "y": 338.0}, {"x": 114.0, "y": 338.0}, {"x": 114.0, "y": 352.0}, {"x": 23.0, "y": 352.0}]}, "description": "022000159335"}, {"boundingPoly": {"vertices": [{"x": 25.0, "y": 358.0}, {"x": 84.0, "y": 357.0}, {"x": 84.0, "y": 371.0}, {"x": 25.0, "y": 371.0}]}, "description": "SUBTOTAL."}, {"boundingPoly": {"vertices": [{"x": 25.0, "y": 376.0}, {"x": 172.0, "y": 374.0}, {"x": 172.0, "y": 388.0}, {"x": 25.0, "y": 390.0}]}, "description": "SALES TAX (8.87500%)"}, {"boundingPoly": {"vertices": [{"x": 26.0, "y": 396.0}, {"x": 63.0, "y": 396.0}, {"x": 63.0, "y": 417.0}, {"x": 26.0, "y": 417.0}]}, "description": "TOTAL"}, {"boundingPoly": {"vertices": [{"x": 24.0, "y": 423.0}, {"x": 135.0, "y": 422.0}, {"x": 136.0, "y": 435.0}, {"x": 24.0, "y": 436.0}]}, "description": "AMOUNT TENDERED"}, {"boundingPoly": {"vertices": [{"x": 24.0, "y": 442.0}, {"x": 56.0, "y": 442.0}, {"x": 56.0, "y": 466.0}, {"x": 24.0, "y": 466.0}]}, "description": "Amex"}, {"boundingPoly": {"vertices": [{"x": 38.0, "y": 471.0}, {"x": 69.0, "y": 471.0}, {"x": 70.0, "y": 484.0}, {"x": 39.0, "y": 485.0}]}, "description": "SFLE"}, {"boundingPoly": {"vertices": [{"x": 40.0, "y": 491.0}, {"x": 80.0, "y": 491.0}, {"x": 80.0, "y": 505.0}, {"x": 40.0, "y": 505.0}]}, "description": " ACCT:"}, {"boundingPoly": {"vertices": [{"x": 39.0, "y": 510.0}, {"x": 72.0, "y": 510.0}, {"x": 72.0, "y": 523.0}, {"x": 39.0, "y": 523.0}]}, "description": " EXP:"}, {"boundingPoly": {"vertices": [{"x": 39.0, "y": 527.0}, {"x": 108.0, "y": 527.0}, {"x": 108.0, "y": 543.0}, {"x": 39.0, "y": 543.0}]}, "description": " APPROVAL:"}, {"boundingPoly": {"vertices": [{"x": 81.0, "y": 545.0}, {"x": 199.0, "y": 545.0}, {"x": 199.0, "y": 561.0}, {"x": 81.0, "y": 561.0}]}, "description": " AMERICAN EXPRESS"}, {"boundingPoly": {"vertices": [{"x": 140.0, "y": 564.0}, {"x": 184.0, "y": 564.0}, {"x": 184.0, "y": 579.0}, {"x": 140.0, "y": 579.0}]}, "description": " INSERT"}, {"boundingPoly": {"vertices": [{"x": 74.0, "y": 582.0}, {"x": 191.0, "y": 582.0}, {"x": 191.0, "y": 598.0}, {"x": 74.0, "y": 598.0}]}, "description": " a000000025010801"}, {"boundingPoly": {"vertices": [{"x": 67.0, "y": 602.0}, {"x": 184.0, "y": 602.0}, {"x": 184.0, "y": 618.0}, {"x": 67.0, "y": 618.0}]}, "description": " fbad7f76285d59de"}, {"boundingPoly": {"vertices": [{"x": 73.0, "y": 620.0}, {"x": 148.0, "y": 620.0}, {"x": 148.0, "y": 636.0}, {"x": 73.0, "y": 636.0}]}, "description": " 0000008000"}, {"boundingPoly": {"vertices": [{"x": 74.0, "y": 640.0}, {"x": 106.0, "y": 640.0}, {"x": 106.0, "y": 655.0}, {"x": 74.0, "y": 655.0}]}, "description": " 1800"}, {"boundingPoly": {"vertices": [{"x": 73.0, "y": 659.0}, {"x": 221.0, "y": 659.0}, {"x": 221.0, "y": 675.0}, {"x": 73.0, "y": 675.0}]}, "description": " d82e57647265ed763030"}, {"boundingPoly": {"vertices": [{"x": 19.0, "y": 185.0}, {"x": 68.0, "y": 185.0}, {"x": 68.0, "y": 199.0}, {"x": 19.0, "y": 199.0}]}, "description": " STORE:"}, {"boundingPoly": {"vertices": [{"x": 160.0, "y": 185.0}, {"x": 251.0, "y": 185.0}, {"x": 251.0, "y": 200.0}, {"x": 160.0, "y": 200.0}]}, "description": " 001 CASHIER:"}, {"boundingPoly": {"vertices": [{"x": 254.0, "y": 186.0}, {"x": 303.0, "y": 186.0}, {"x": 303.0, "y": 200.0}, {"x": 254.0, "y": 200.0}]}, "description": " Ashvin"}, {"boundingPoly": {"vertices": [{"x": 140.0, "y": 224.0}, {"x": 149.0, "y": 224.0}, {"x": 149.0, "y": 239.0}, {"x": 140.0, "y": 239.0}]}, "description": " 1"}, {"boundingPoly": {"vertices": [{"x": 152.0, "y": 224.0}, {"x": 198.0, "y": 224.0}, {"x": 198.0, "y": 239.0}, {"x": 152.0, "y": 239.0}]}, "description": " @ 6.49"}, {"boundingPoly": {"vertices": [{"x": 276.0, "y": 223.0}, {"x": 310.0, "y": 223.0}, {"x": 310.0, "y": 237.0}, {"x": 276.0, "y": 237.0}]}, "description": "6.49"}, {"boundingPoly": {"vertices": [{"x": 141.0, "y": 264.0}, {"x": 152.0, "y": 264.0}, {"x": 152.0, "y": 277.0}, {"x": 141.0, "y": 277.0}]}, "description": " 1"}, {"boundingPoly": {"vertices": [{"x": 155.0, "y": 263.0}, {"x": 199.0, "y": 263.0}, {"x": 199.0, "y": 276.0}, {"x": 155.0, "y": 276.0}]}, "description": " @ 4.99"}, {"boundingPoly": {"vertices": [{"x": 269.0, "y": 261.0}, {"x": 316.0, "y": 261.0}, {"x": 316.0, "y": 275.0}, {"x": 269.0, "y": 275.0}]}, "description": "4.99 N"}, {"boundingPoly": {"vertices": [{"x": 24.0, "y": 301.0}, {"x": 115.0, "y": 301.0}, {"x": 115.0, "y": 314.0}, {"x": 24.0, "y": 314.0}]}, "description": "031290092543"}, {"boundingPoly": {"vertices": [{"x": 141.0, "y": 301.0}, {"x": 152.0, "y": 301.0}, {"x": 152.0, "y": 315.0}, {"x": 141.0, "y": 315.0}]}, "description": " 1"}, {"boundingPoly": {"vertices": [{"x": 276.0, "y": 298.0}, {"x": 306.0, "y": 298.0}, {"x": 306.0, "y": 312.0}, {"x": 276.0, "y": 312.0}]}, "description": "3.99"}, {"boundingPoly": {"vertices": [{"x": 141.0, "y": 338.0}, {"x": 152.0, "y": 338.0}, {"x": 152.0, "y": 353.0}, {"x": 141.0, "y": 353.0}]}, "description": " 1"}, {"boundingPoly": {"vertices": [{"x": 154.0, "y": 338.0}, {"x": 200.0, "y": 338.0}, {"x": 200.0, "y": 353.0}, {"x": 154.0, "y": 353.0}]}, "description": " @ 3.99"}, {"boundingPoly": {"vertices": [{"x": 276.0, "y": 336.0}, {"x": 307.0, "y": 335.0}, {"x": 307.0, "y": 349.0}, {"x": 276.0, "y": 350.0}]}, "description": "3.99"}, {"boundingPoly": {"vertices": [{"x": 290.0, "y": 354.0}, {"x": 329.0, "y": 354.0}, {"x": 329.0, "y": 368.0}, {"x": 291.0, "y": 368.0}]}, "description": "19.46"}, {"boundingPoly": {"vertices": [{"x": 295.0, "y": 372.0}, {"x": 327.0, "y": 371.0}, {"x": 327.0, "y": 384.0}, {"x": 295.0, "y": 386.0}]}, "description": "1 29"}, {"boundingPoly": {"vertices": [{"x": 281.0, "y": 392.0}, {"x": 328.0, "y": 391.0}, {"x": 328.0, "y": 415.0}, {"x": 282.0, "y": 415.0}]}, "description": "$20.75"}, {"boundingPoly": {"vertices": [{"x": 281.0, "y": 441.0}, {"x": 328.0, "y": 440.0}, {"x": 329.0, "y": 464.0}, {"x": 282.0, "y": 465.0}]}, "description": "$20.75"}, {"boundingPoly": {"vertices": [{"x": 83.0, "y": 489.0}, {"x": 193.0, "y": 489.0}, {"x": 193.0, "y": 504.0}, {"x": 83.0, "y": 504.0}]}, "description": " *********** 5002"}, {"boundingPoly": {"vertices": [{"x": 74.0, "y": 510.0}, {"x": 107.0, "y": 510.0}, {"x": 107.0, "y": 522.0}, {"x": 74.0, "y": 522.0}]}, "description": " ****"}, {"boundingPoly": {"vertices": [{"x": 110.0, "y": 527.0}, {"x": 157.0, "y": 527.0}, {"x": 157.0, "y": 542.0}, {"x": 110.0, "y": 542.0}]}, "description": " 805175"}, {"boundingPoly": {"vertices": [{"x": 39.0, "y": 547.0}, {"x": 79.0, "y": 547.0}, {"x": 79.0, "y": 561.0}, {"x": 39.0, "y": 561.0}]}, "description": " AFPL:"}, {"boundingPoly": {"vertices": [{"x": 39.0, "y": 565.0}, {"x": 138.0, "y": 565.0}, {"x": 138.0, "y": 580.0}, {"x": 39.0, "y": 580.0}]}, "description": " ENTRY METHOD:"}, {"boundingPoly": {"vertices": [{"x": 39.0, "y": 584.0}, {"x": 71.0, "y": 584.0}, {"x": 71.0, "y": 599.0}, {"x": 39.0, "y": 599.0}]}, "description": " AID:"}, {"boundingPoly": {"vertices": [{"x": 39.0, "y": 603.0}, {"x": 64.0, "y": 603.0}, {"x": 64.0, "y": 619.0}, {"x": 39.0, "y": 619.0}]}, "description": " TC:"}, {"boundingPoly": {"vertices": [{"x": 39.0, "y": 622.0}, {"x": 71.0, "y": 622.0}, {"x": 71.0, "y": 636.0}, {"x": 39.0, "y": 636.0}]}, "description": " TVR:"}, {"boundingPoly": {"vertices": [{"x": 39.0, "y": 641.0}, {"x": 71.0, "y": 641.0}, {"x": 71.0, "y": 656.0}, {"x": 39.0, "y": 656.0}]}, "description": " TSI:"}, {"boundingPoly": {"vertices": [{"x": 39.0, "y": 660.0}, {"x": 70.0, "y": 660.0}, {"x": 70.0, "y": 676.0}, {"x": 39.0, "y": 676.0}]}, "description": " IFD:"}, {"boundingPoly": {"vertices": [{"x": 21.0, "y": 704.0}, {"x": 54.0, "y": 702.0}, {"x": 55.0, "y": 726.0}, {"x": 22.0, "y": 728.0}]}, "description": "Fmex"}, {"boundingPoly": {"vertices": [{"x": 282.0, "y": 703.0}, {"x": 332.0, "y": 704.0}, {"x": 331.0, "y": 730.0}, {"x": 281.0, "y": 728.0}]}, "description": "$20.75"}, {"boundingPoly": {"vertices": [{"x": 37.0, "y": 732.0}, {"x": 148.0, "y": 725.0}, {"x": 149.0, "y": 740.0}, {"x": 38.0, "y": 746.0}]}, "description": "*** DECLINE ***"}, {"boundingPoly": {"vertices": [{"x": 80.0, "y": 748.0}, {"x": 191.0, "y": 748.0}, {"x": 191.0, "y": 763.0}, {"x": 80.0, "y": 763.0}]}, "description": " *********** 5002"}, {"boundingPoly": {"vertices": [{"x": 72.0, "y": 766.0}, {"x": 105.0, "y": 766.0}, {"x": 105.0, "y": 782.0}, {"x": 72.0, "y": 782.0}]}, "description": " ****"}, {"boundingPoly": {"vertices": [{"x": 35.0, "y": 790.0}, {"x": 100.0, "y": 787.0}, {"x": 101.0, "y": 801.0}, {"x": 36.0, "y": 804.0}]}, "description": "AFPROVAL"}, {"boundingPoly": {"vertices": [{"x": 78.0, "y": 805.0}, {"x": 200.0, "y": 805.0}, {"x": 200.0, "y": 823.0}, {"x": 78.0, "y": 823.0}]}, "description": " AMERICAN EXPRESS"}, {"boundingPoly": {"vertices": [{"x": 138.0, "y": 823.0}, {"x": 185.0, "y": 823.0}, {"x": 185.0, "y": 840.0}, {"x": 138.0, "y": 840.0}]}, "description": " INSERT"}, {"boundingPoly": {"vertices": [{"x": 70.0, "y": 844.0}, {"x": 191.0, "y": 844.0}, {"x": 191.0, "y": 863.0}, {"x": 70.0, "y": 863.0}]}, "description": " #000000025010801"}, {"boundingPoly": {"vertices": [{"x": 64.0, "y": 864.0}, {"x": 184.0, "y": 864.0}, {"x": 184.0, "y": 884.0}, {"x": 64.0, "y": 884.0}]}, "description": " 7553d8209bbb8efd"}, {"boundingPoly": {"vertices": [{"x": 70.0, "y": 884.0}, {"x": 147.0, "y": 884.0}, {"x": 147.0, "y": 903.0}, {"x": 70.0, "y": 903.0}]}, "description": " 0000008000"}, {"boundingPoly": {"vertices": [{"x": 70.0, "y": 906.0}, {"x": 103.0, "y": 906.0}, {"x": 103.0, "y": 923.0}, {"x": 70.0, "y": 923.0}]}, "description": " 2800"}, {"boundingPoly": {"vertices": [{"x": 68.0, "y": 925.0}, {"x": 220.0, "y": 925.0}, {"x": 220.0, "y": 944.0}, {"x": 68.0, "y": 944.0}]}, "description": " d3600052623a5c4d3030"}, {"boundingPoly": {"vertices": [{"x": 36.0, "y": 750.0}, {"x": 77.0, "y": 750.0}, {"x": 77.0, "y": 766.0}, {"x": 36.0, "y": 766.0}]}, "description": " ACCT:"}, {"boundingPoly": {"vertices": [{"x": 36.0, "y": 769.0}, {"x": 71.0, "y": 769.0}, {"x": 71.0, "y": 785.0}, {"x": 36.0, "y": 785.0}]}, "description": " EXP:"}, {"boundingPoly": {"vertices": [{"x": 33.0, "y": 807.0}, {"x": 77.0, "y": 807.0}, {"x": 77.0, "y": 825.0}, {"x": 33.0, "y": 825.0}]}, "description": " AFPL:"}, {"boundingPoly": {"vertices": [{"x": 35.0, "y": 825.0}, {"x": 136.0, "y": 825.0}, {"x": 136.0, "y": 845.0}, {"x": 35.0, "y": 845.0}]}, "description": " ENTRY METHOD:"}, {"boundingPoly": {"vertices": [{"x": 34.0, "y": 848.0}, {"x": 69.0, "y": 848.0}, {"x": 69.0, "y": 866.0}, {"x": 34.0, "y": 866.0}]}, "description": " AID:"}, {"boundingPoly": {"vertices": [{"x": 35.0, "y": 868.0}, {"x": 62.0, "y": 868.0}, {"x": 62.0, "y": 886.0}, {"x": 35.0, "y": 886.0}]}, "description": " TC:"}, {"boundingPoly": {"vertices": [{"x": 35.0, "y": 888.0}, {"x": 68.0, "y": 888.0}, {"x": 68.0, "y": 905.0}, {"x": 35.0, "y": 905.0}]}, "description": " TVR:"}, {"boundingPoly": {"vertices": [{"x": 34.0, "y": 908.0}, {"x": 68.0, "y": 908.0}, {"x": 68.0, "y": 925.0}, {"x": 34.0, "y": 925.0}]}, "description": " TSI:"}, {"boundingPoly": {"vertices": [{"x": 34.0, "y": 928.0}, {"x": 66.0, "y": 928.0}, {"x": 66.0, "y": 946.0}, {"x": 34.0, "y": 946.0}]}, "description": " IFD:"}, {"boundingPoly": {"vertices": [{"x": 17.0, "y": 972.0}, {"x": 118.0, "y": 965.0}, {"x": 119.0, "y": 981.0}, {"x": 18.0, "y": 988.0}]}, "description": "TOTAL PAYMENT"}, {"boundingPoly": {"vertices": [{"x": 19.0, "y": 988.0}, {"x": 112.0, "y": 988.0}, {"x": 112.0, "y": 1008.0}, {"x": 19.0, "y": 1008.0}]}, "description": " Trasaction:"}, {"boundingPoly": {"vertices": [{"x": 54.0, "y": 1009.0}, {"x": 307.0, "y": 1007.0}, {"x": 307.0, "y": 1023.0}, {"x": 54.0, "y": 1026.0}]}, "description": "Comments\\Inquiries? (800) 326-7711"}, {"boundingPoly": {"vertices": [{"x": 286.0, "y": 968.0}, {"x": 335.0, "y": 971.0}, {"x": 334.0, "y": 986.0}, {"x": 286.0, "y": 984.0}]}, "description": "$20.75"}, {"boundingPoly": {"vertices": [{"x": 210.0, "y": 985.0}, {"x": 350.0, "y": 985.0}, {"x": 350.0, "y": 1007.0}, {"x": 210.0, "y": 1007.0}]}, "description": " 11/9/2019 11:48 AM"}, {"boundingPoly": {"vertices": [{"x": 114.0, "y": 985.0}, {"x": 163.0, "y": 985.0}, {"x": 163.0, "y": 1004.0}, {"x": 114.0, "y": 1004.0}]}, "description": " 238628"}]}