{"textAnnotations": [{"boundingPoly": {"vertices": [{"x": 497.0, "y": 83.0}, {"x": 938.0, "y": 67.0}, {"x": 939.0, "y": 106.0}, {"x": 498.0, "y": 122.0}]}, "description": "merchant name"}, {"boundingPoly": {"vertices": [{"x": 657.0, "y": 146.0}, {"x": 958.0, "y": 146.0}, {"x": 958.0, "y": 196.0}, {"x": 657.0, "y": 196.0}]}, "description": "merchant phone"}, {"boundingPoly": {"vertices": [{"x": 616.0, "y": 238.0}, {"x": 818.0, "y": 233.0}, {"x": 819.0, "y": 269.0}, {"x": 616.0, "y": 275.0}]}, "description": "CHK 722553"}, {"boundingPoly": {"vertices": [{"x": 525.0, "y": 275.0}, {"x": 899.0, "y": 275.0}, {"x": 899.0, "y": 321.0}, {"x": 525.0, "y": 321.0}]}, "description": " 11/13/2019 07:34 AM"}, {"boundingPoly": {"vertices": [{"x": 437.0, "y": 326.0}, {"x": 580.0, "y": 320.0}, {"x": 582.0, "y": 361.0}, {"x": 438.0, "y": 366.0}]}, "description": "2474115"}, {"boundingPoly": {"vertices": [{"x": 616.0, "y": 119.0}, {"x": 818.0, "y": 114.0}, {"x": 819.0, "y": 150.0}, {"x": 616.0, "y": 155.0}]}, "description": "merchant address"}, {"boundingPoly": {"vertices": [{"x": 471.0, "y": 158.0}, {"x": 650.0, "y": 158.0}, {"x": 650.0, "y": 206.0}, {"x": 471.0, "y": 206.0}]}, "description": "merchant address"}, {"boundingPoly": {"vertices": [{"x": 630.0, "y": 318.0}, {"x": 787.0, "y": 318.0}, {"x": 787.0, "y": 359.0}, {"x": 630.0, "y": 359.0}]}, "description": " Drawer:"}, {"boundingPoly": {"vertices": [{"x": 793.0, "y": 313.0}, {"x": 945.0, "y": 313.0}, {"x": 945.0, "y": 357.0}, {"x": 793.0, "y": 357.0}]}, "description": " 1 Reg:"}, {"boundingPoly": {"vertices": [{"x": 951.0, "y": 312.0}, {"x": 972.0, "y": 312.0}, {"x": 972.0, "y": 355.0}, {"x": 951.0, "y": 355.0}]}, "description": " 1"}, {"boundingPoly": {"vertices": [{"x": 370.0, "y": 413.0}, {"x": 690.0, "y": 403.0}, {"x": 691.0, "y": 443.0}, {"x": 370.0, "y": 452.0}]}, "description": "Banana Nut Bread"}, {"boundingPoly": {"vertices": [{"x": 403.0, "y": 458.0}, {"x": 532.0, "y": 454.0}, {"x": 533.0, "y": 489.0}, {"x": 403.0, "y": 493.0}]}, "description": "Warmed"}, {"boundingPoly": {"vertices": [{"x": 929.0, "y": 398.0}, {"x": 1012.0, "y": 397.0}, {"x": 1012.0, "y": 434.0}, {"x": 929.0, "y": 435.0}]}, "description": "3.45"}, {"boundingPoly": {"vertices": [{"x": 363.0, "y": 497.0}, {"x": 707.0, "y": 488.0}, {"x": 709.0, "y": 529.0}, {"x": 363.0, "y": 538.0}]}, "description": "Pumpkin Loaf Cake"}, {"boundingPoly": {"vertices": [{"x": 923.0, "y": 484.0}, {"x": 1010.0, "y": 482.0}, {"x": 1011.0, "y": 523.0}, {"x": 924.0, "y": 525.0}]}, "description": "3.45"}, {"boundingPoly": {"vertices": [{"x": 394.0, "y": 541.0}, {"x": 531.0, "y": 535.0}, {"x": 533.0, "y": 576.0}, {"x": 394.0, "y": 580.0}]}, "description": "Warmed"}, {"boundingPoly": {"vertices": [{"x": 354.0, "y": 583.0}, {"x": 627.0, "y": 581.0}, {"x": 628.0, "y": 621.0}, {"x": 355.0, "y": 627.0}]}, "description": "Tl Cappuccino"}, {"boundingPoly": {"vertices": [{"x": 923.0, "y": 572.0}, {"x": 1008.0, "y": 572.0}, {"x": 1007.0, "y": 610.0}, {"x": 922.0, "y": 610.0}]}, "description": "3.95"}, {"boundingPoly": {"vertices": [{"x": 928.0, "y": 617.0}, {"x": 1009.0, "y": 618.0}, {"x": 1008.0, "y": 659.0}, {"x": 926.0, "y": 657.0}]}, "description": "1.75"}, {"boundingPoly": {"vertices": [{"x": 354.0, "y": 627.0}, {"x": 723.0, "y": 621.0}, {"x": 724.0, "y": 662.0}, {"x": 354.0, "y": 672.0}]}, "description": "Shortbread Cookies"}, {"boundingPoly": {"vertices": [{"x": 345.0, "y": 726.0}, {"x": 432.0, "y": 723.0}, {"x": 433.0, "y": 756.0}, {"x": 348.0, "y": 761.0}]}, "description": "Amex"}, {"boundingPoly": {"vertices": [{"x": 905.0, "y": 709.0}, {"x": 1009.0, "y": 709.0}, {"x": 1007.0, "y": 751.0}, {"x": 903.0, "y": 749.0}]}, "description": "12.95"}, {"boundingPoly": {"vertices": [{"x": 339.0, "y": 762.0}, {"x": 672.0, "y": 756.0}, {"x": 673.0, "y": 798.0}, {"x": 340.0, "y": 805.0}]}, "description": "XXXXXXXXXXXX1006"}, {"boundingPoly": {"vertices": [{"x": 335.0, "y": 804.0}, {"x": 569.0, "y": 804.0}, {"x": 569.0, "y": 855.0}, {"x": 335.0, "y": 855.0}]}, "description": " Card Entry:"}, {"boundingPoly": {"vertices": [{"x": 577.0, "y": 800.0}, {"x": 797.0, "y": 800.0}, {"x": 797.0, "y": 849.0}, {"x": 577.0, "y": 849.0}]}, "description": " QUICK CHIP"}, {"boundingPoly": {"vertices": [{"x": 576.0, "y": 849.0}, {"x": 752.0, "y": 849.0}, {"x": 752.0, "y": 896.0}, {"x": 576.0, "y": 896.0}]}, "description": " PURCHASE"}, {"boundingPoly": {"vertices": [{"x": 597.0, "y": 897.0}, {"x": 777.0, "y": 897.0}, {"x": 777.0, "y": 944.0}, {"x": 597.0, "y": 944.0}]}, "description": " 00000014"}, {"boundingPoly": {"vertices": [{"x": 552.0, "y": 947.0}, {"x": 900.0, "y": 947.0}, {"x": 900.0, "y": 994.0}, {"x": 552.0, "y": 994.0}]}, "description": " AMERICAN EXPRESS"}, {"boundingPoly": {"vertices": [{"x": 486.0, "y": 996.0}, {"x": 626.0, "y": 996.0}, {"x": 626.0, "y": 1042.0}, {"x": 486.0, "y": 1042.0}]}, "description": " 815785"}, {"boundingPoly": {"vertices": [{"x": 419.0, "y": 1044.0}, {"x": 763.0, "y": 1044.0}, {"x": 763.0, "y": 1091.0}, {"x": 419.0, "y": 1091.0}]}, "description": " A000000025010801"}, {"boundingPoly": {"vertices": [{"x": 416.0, "y": 1098.0}, {"x": 639.0, "y": 1098.0}, {"x": 639.0, "y": 1143.0}, {"x": 416.0, "y": 1143.0}]}, "description": " 0000008000"}, {"boundingPoly": {"vertices": [{"x": 412.0, "y": 1147.0}, {"x": 508.0, "y": 1147.0}, {"x": 508.0, "y": 1191.0}, {"x": 412.0, "y": 1191.0}]}, "description": " E800"}, {"boundingPoly": {"vertices": [{"x": 336.0, "y": 851.0}, {"x": 567.0, "y": 851.0}, {"x": 567.0, "y": 905.0}, {"x": 336.0, "y": 905.0}]}, "description": " Trans Type:"}, {"boundingPoly": {"vertices": [{"x": 326.0, "y": 899.0}, {"x": 588.0, "y": 899.0}, {"x": 588.0, "y": 952.0}, {"x": 326.0, "y": 952.0}]}, "description": " Reference #:"}, {"boundingPoly": {"vertices": [{"x": 323.0, "y": 949.0}, {"x": 544.0, "y": 949.0}, {"x": 544.0, "y": 998.0}, {"x": 323.0, "y": 998.0}]}, "description": " App Label:"}, {"boundingPoly": {"vertices": [{"x": 321.0, "y": 999.0}, {"x": 478.0, "y": 999.0}, {"x": 478.0, "y": 1044.0}, {"x": 321.0, "y": 1044.0}]}, "description": " Auth #:"}, {"boundingPoly": {"vertices": [{"x": 319.0, "y": 1049.0}, {"x": 411.0, "y": 1049.0}, {"x": 411.0, "y": 1093.0}, {"x": 319.0, "y": 1093.0}]}, "description": " AID:"}, {"boundingPoly": {"vertices": [{"x": 320.0, "y": 1100.0}, {"x": 408.0, "y": 1100.0}, {"x": 408.0, "y": 1143.0}, {"x": 320.0, "y": 1143.0}]}, "description": " TVR:"}, {"boundingPoly": {"vertices": [{"x": 314.0, "y": 1147.0}, {"x": 406.0, "y": 1147.0}, {"x": 406.0, "y": 1192.0}, {"x": 314.0, "y": 1192.0}]}, "description": " TSI:"}, {"boundingPoly": {"vertices": [{"x": 301.0, "y": 1247.0}, {"x": 481.0, "y": 1247.0}, {"x": 480.0, "y": 1293.0}, {"x": 301.0, "y": 1292.0}]}, "description": "Subtotal"}, {"boundingPoly": {"vertices": [{"x": 297.0, "y": 1300.0}, {"x": 520.0, "y": 1297.0}, {"x": 521.0, "y": 1343.0}, {"x": 297.0, "y": 1346.0}]}, "description": "Tax 8.875%"}, {"boundingPoly": {"vertices": [{"x": 298.0, "y": 1351.0}, {"x": 416.0, "y": 1352.0}, {"x": 414.0, "y": 1395.0}, {"x": 295.0, "y": 1394.0}]}, "description": "Total"}, {"boundingPoly": {"vertices": [{"x": 217.0, "y": 1403.0}, {"x": 660.0, "y": 1401.0}, {"x": 660.0, "y": 1450.0}, {"x": 217.0, "y": 1453.0}]}, "description": "Change Due"}, {"boundingPoly": {"vertices": [{"x": 841.0, "y": 1246.0}, {"x": 975.0, "y": 1247.0}, {"x": 976.0, "y": 1292.0}, {"x": 842.0, "y": 1291.0}]}, "description": "$12.60"}, {"boundingPoly": {"vertices": [{"x": 863.0, "y": 1296.0}, {"x": 976.0, "y": 1296.0}, {"x": 977.0, "y": 1339.0}, {"x": 863.0, "y": 1340.0}]}, "description": "$0.35"}, {"boundingPoly": {"vertices": [{"x": 838.0, "y": 1350.0}, {"x": 980.0, "y": 1348.0}, {"x": 981.0, "y": 1391.0}, {"x": 838.0, "y": 1394.0}]}, "description": "$12.95"}, {"boundingPoly": {"vertices": [{"x": 884.0, "y": 1399.0}, {"x": 1107.0, "y": 1397.0}, {"x": 1108.0, "y": 1447.0}, {"x": 884.0, "y": 1449.0}]}, "description": "$0.00"}, {"boundingPoly": {"vertices": [{"x": 480.0, "y": 1510.0}, {"x": 756.0, "y": 1507.0}, {"x": 757.0, "y": 1555.0}, {"x": 480.0, "y": 1558.0}]}, "description": "Check Closed"}, {"boundingPoly": {"vertices": [{"x": 435.0, "y": 1559.0}, {"x": 861.0, "y": 1559.0}, {"x": 861.0, "y": 1617.0}, {"x": 435.0, "y": 1617.0}]}, "description": " 11/13/2019 07:34 AM"}, {"boundingPoly": {"vertices": [{"x": 1060.0, "y": 1521.0}, {"x": 1112.0, "y": 1520.0}, {"x": 1111.0, "y": 1542.0}, {"x": 1060.0, "y": 1543.0}]}, "description": "----"}, {"boundingPoly": {"vertices": [{"x": 252.0, "y": 1785.0}, {"x": 997.0, "y": 1784.0}, {"x": 998.0, "y": 1837.0}, {"x": 252.0, "y": 1839.0}]}, "description": "Merchandise, Packaged Coffee and"}, {"boundingPoly": {"vertices": [{"x": 223.0, "y": 1844.0}, {"x": 1038.0, "y": 1844.0}, {"x": 1038.0, "y": 1897.0}, {"x": 223.0, "y": 1897.0}]}, "description": "Packaged Tea on this receipt may be"}, {"boundingPoly": {"vertices": [{"x": 218.0, "y": 1903.0}, {"x": 1060.0, "y": 1902.0}, {"x": 1060.0, "y": 1958.0}, {"x": 218.0, "y": 1959.0}]}, "description": "returned or exchanged within 60 days"}, {"boundingPoly": {"vertices": [{"x": 267.0, "y": 1961.0}, {"x": 992.0, "y": 1964.0}, {"x": 992.0, "y": 2018.0}, {"x": 266.0, "y": 2016.0}]}, "description": "of the transaction date printed"}, {"boundingPoly": {"vertices": [{"x": 183.0, "y": 2022.0}, {"x": 1035.0, "y": 2023.0}, {"x": 1035.0, "y": 2078.0}, {"x": 183.0, "y": 2075.0}]}, "description": "above. All returns or exchanges must"}, {"boundingPoly": {"vertices": [{"x": 231.0, "y": 2082.0}, {"x": 1009.0, "y": 2083.0}, {"x": 1009.0, "y": 2139.0}, {"x": 231.0, "y": 2137.0}]}, "description": "be accompanied with this original"}, {"boundingPoly": {"vertices": [{"x": 227.0, "y": 2143.0}, {"x": 1015.0, "y": 2146.0}, {"x": 1015.0, "y": 2202.0}, {"x": 227.0, "y": 2197.0}]}, "description": "receipt. Refund method depends on"}, {"boundingPoly": {"vertices": [{"x": 200.0, "y": 2201.0}, {"x": 1030.0, "y": 2206.0}, {"x": 1030.0, "y": 2262.0}, {"x": 200.0, "y": 2259.0}]}, "description": "form of payment. For questions call"}, {"boundingPoly": {"vertices": [{"x": 262.0, "y": 2264.0}, {"x": 974.0, "y": 2267.0}, {"x": 973.0, "y": 2328.0}, {"x": 262.0, "y": 2321.0}]}, "description": "1-800-STARBUC-800-782-7282)"}, {"boundingPoly": {"vertices": [{"x": 313.0, "y": 2458.0}, {"x": 907.0, "y": 2464.0}, {"x": 906.0, "y": 2525.0}, {"x": 313.0, "y": 2516.0}]}, "description": "Join our loyalty program"}, {"boundingPoly": {"vertices": [{"x": 388.0, "y": 2521.0}, {"x": 826.0, "y": 2526.0}, {"x": 825.0, "y": 2585.0}, {"x": 388.0, "y": 2581.0}]}, "description": "Starbucks Rewards\u00ae"}, {"boundingPoly": {"vertices": [{"x": 237.0, "y": 2587.0}, {"x": 980.0, "y": 2595.0}, {"x": 979.0, "y": 2657.0}, {"x": 237.0, "y": 2648.0}]}, "description": "Sign up for promotional emails"}, {"boundingPoly": {"vertices": [{"x": 259.0, "y": 2650.0}, {"x": 925.0, "y": 2665.0}, {"x": 924.0, "y": 2724.0}, {"x": 258.0, "y": 2710.0}]}, "description": "Visit Starbucks.com/rewards"}, {"boundingPoly": {"vertices": [{"x": 207.0, "y": 2743.0}, {"x": 267.0, "y": 2744.0}, {"x": 265.0, "y": 2827.0}, {"x": 205.0, "y": 2826.0}]}, "description": "C"}, {"boundingPoly": {"vertices": [{"x": 338.0, "y": 2718.0}, {"x": 853.0, "y": 2718.0}, {"x": 853.0, "y": 2778.0}, {"x": 338.0, "y": 2777.0}]}, "description": "REDMI NOTE 5 PRO"}, {"boundingPoly": {"vertices": [{"x": 293.0, "y": 2785.0}, {"x": 875.0, "y": 2791.0}, {"x": 874.0, "y": 2857.0}, {"x": 292.0, "y": 2848.0}]}, "description": "AtMA DUAL CAMERA es"}, {"boundingPoly": {"vertices": [{"x": 295.0, "y": 2856.0}, {"x": 871.0, "y": 2872.0}, {"x": 869.0, "y": 2928.0}, {"x": 294.0, "y": 2914.0}]}, "description": "Some restrictions apply"}]}