{"textAnnotations": [{"boundingPoly": {"vertices": [{"x": 285.0, "y": 145.0}, {"x": 493.0, "y": 141.0}, {"x": 493.0, "y": 167.0}, {"x": 285.0, "y": 171.0}]}, "description": "OPERATED BY"}, {"boundingPoly": {"vertices": [{"x": 274.0, "y": 197.0}, {"x": 472.0, "y": 194.0}, {"x": 473.0, "y": 238.0}, {"x": 274.0, "y": 241.0}]}, "description": "merchant name"}, {"boundingPoly": {"vertices": [{"x": 289.0, "y": 245.0}, {"x": 466.0, "y": 243.0}, {"x": 466.0, "y": 263.0}, {"x": 289.0, "y": 264.0}]}, "description": "merchant name"}, {"boundingPoly": {"vertices": [{"x": 193.0, "y": 289.0}, {"x": 539.0, "y": 288.0}, {"x": 539.0, "y": 314.0}, {"x": 193.0, "y": 315.0}]}, "description": "merchant address"}, {"boundingPoly": {"vertices": [{"x": 99.0, "y": 317.0}, {"x": 650.0, "y": 315.0}, {"x": 650.0, "y": 344.0}, {"x": 99.0, "y": 345.0}]}, "description": "merchant address"}, {"boundingPoly": {"vertices": [{"x": 67.0, "y": 437.0}, {"x": 216.0, "y": 438.0}, {"x": 216.0, "y": 465.0}, {"x": 67.0, "y": 464.0}]}, "description": "CHK 9342"}, {"boundingPoly": {"vertices": [{"x": 214.0, "y": 468.0}, {"x": 517.0, "y": 468.0}, {"x": 517.0, "y": 496.0}, {"x": 214.0, "y": 496.0}]}, "description": " NOV17'19 11:08AM"}, {"boundingPoly": {"vertices": [{"x": 577.0, "y": 435.0}, {"x": 631.0, "y": 434.0}, {"x": 631.0, "y": 469.0}, {"x": 577.0, "y": 469.0}]}, "description": "GST"}, {"boundingPoly": {"vertices": [{"x": 125.0, "y": 558.0}, {"x": 357.0, "y": 559.0}, {"x": 357.0, "y": 585.0}, {"x": 125.0, "y": 584.0}]}, "description": "786162338006"}, {"boundingPoly": {"vertices": [{"x": 115.0, "y": 588.0}, {"x": 393.0, "y": 588.0}, {"x": 393.0, "y": 615.0}, {"x": 115.0, "y": 615.0}]}, "description": " WTR SMART 11tr"}, {"boundingPoly": {"vertices": [{"x": 111.0, "y": 616.0}, {"x": 391.0, "y": 620.0}, {"x": 390.0, "y": 645.0}, {"x": 110.0, "y": 641.0}]}, "description": "BTL Smartwater"}, {"boundingPoly": {"vertices": [{"x": 101.0, "y": 647.0}, {"x": 348.0, "y": 647.0}, {"x": 348.0, "y": 673.0}, {"x": 101.0, "y": 673.0}]}, "description": " FRUIT BANANA"}, {"boundingPoly": {"vertices": [{"x": 81.0, "y": 589.0}, {"x": 106.0, "y": 589.0}, {"x": 106.0, "y": 614.0}, {"x": 81.0, "y": 614.0}]}, "description": " 1"}, {"boundingPoly": {"vertices": [{"x": 532.0, "y": 589.0}, {"x": 614.0, "y": 590.0}, {"x": 613.0, "y": 617.0}, {"x": 532.0, "y": 616.0}]}, "description": "5.69"}, {"boundingPoly": {"vertices": [{"x": 522.0, "y": 619.0}, {"x": 592.0, "y": 619.0}, {"x": 592.0, "y": 644.0}, {"x": 521.0, "y": 643.0}]}, "description": "PET"}, {"boundingPoly": {"vertices": [{"x": 535.0, "y": 648.0}, {"x": 616.0, "y": 648.0}, {"x": 615.0, "y": 673.0}, {"x": 535.0, "y": 673.0}]}, "description": "1.79"}, {"boundingPoly": {"vertices": [{"x": 415.0, "y": 620.0}, {"x": 437.0, "y": 620.0}, {"x": 437.0, "y": 644.0}, {"x": 415.0, "y": 644.0}]}, "description": " 1"}, {"boundingPoly": {"vertices": [{"x": 451.0, "y": 619.0}, {"x": 515.0, "y": 619.0}, {"x": 515.0, "y": 644.0}, {"x": 451.0, "y": 644.0}]}, "description": " LTR"}, {"boundingPoly": {"vertices": [{"x": 68.0, "y": 647.0}, {"x": 92.0, "y": 647.0}, {"x": 92.0, "y": 673.0}, {"x": 68.0, "y": 673.0}]}, "description": " 1"}, {"boundingPoly": {"vertices": [{"x": 87.0, "y": 705.0}, {"x": 256.0, "y": 704.0}, {"x": 256.0, "y": 734.0}, {"x": 87.0, "y": 734.0}]}, "description": "SUBTOTAL"}, {"boundingPoly": {"vertices": [{"x": 84.0, "y": 741.0}, {"x": 151.0, "y": 740.0}, {"x": 150.0, "y": 771.0}, {"x": 84.0, "y": 769.0}]}, "description": "TAX"}, {"boundingPoly": {"vertices": [{"x": 63.0, "y": 771.0}, {"x": 330.0, "y": 771.0}, {"x": 330.0, "y": 811.0}, {"x": 63.0, "y": 811.0}]}, "description": " 9AMOUNT PAID"}, {"boundingPoly": {"vertices": [{"x": 84.0, "y": 816.0}, {"x": 425.0, "y": 816.0}, {"x": 425.0, "y": 848.0}, {"x": 84.0, "y": 848.0}]}, "description": "AT828061 XXX1009"}, {"boundingPoly": {"vertices": [{"x": 188.0, "y": 853.0}, {"x": 515.0, "y": 853.0}, {"x": 515.0, "y": 885.0}, {"x": 188.0, "y": 885.0}]}, "description": " CCIqmoipouANA"}, {"boundingPoly": {"vertices": [{"x": 24.0, "y": 893.0}, {"x": 675.0, "y": 893.0}, {"x": 675.0, "y": 927.0}, {"x": 24.0, "y": 927.0}]}, "description": " -354029 Closed NOV17 11:08AM- - -"}, {"boundingPoly": {"vertices": [{"x": 532.0, "y": 705.0}, {"x": 614.0, "y": 705.0}, {"x": 614.0, "y": 735.0}, {"x": 531.0, "y": 734.0}]}, "description": "7.48"}, {"boundingPoly": {"vertices": [{"x": 530.0, "y": 740.0}, {"x": 615.0, "y": 742.0}, {"x": 614.0, "y": 773.0}, {"x": 529.0, "y": 768.0}]}, "description": "0.62"}, {"boundingPoly": {"vertices": [{"x": 364.0, "y": 771.0}, {"x": 606.0, "y": 771.0}, {"x": 606.0, "y": 812.0}, {"x": 364.0, "y": 812.0}]}, "description": " 0 8 .1 0"}, {"boundingPoly": {"vertices": [{"x": 86.0, "y": 855.0}, {"x": 180.0, "y": 855.0}, {"x": 180.0, "y": 890.0}, {"x": 86.0, "y": 890.0}]}, "description": " AMEX"}, {"boundingPoly": {"vertices": [{"x": 529.0, "y": 854.0}, {"x": 615.0, "y": 854.0}, {"x": 615.0, "y": 889.0}, {"x": 529.0, "y": 889.0}]}, "description": " 8.10"}, {"boundingPoly": {"vertices": [{"x": 22.0, "y": 972.0}, {"x": 658.0, "y": 973.0}, {"x": 658.0, "y": 1006.0}, {"x": 22.0, "y": 1005.0}]}, "description": "WE WANT TO HEAR YOUR FEEDBACK!"}, {"boundingPoly": {"vertices": [{"x": 26.0, "y": 1014.0}, {"x": 641.0, "y": 1014.0}, {"x": 641.0, "y": 1046.0}, {"x": 26.0, "y": 1045.0}]}, "description": "LEASE CONTACT 1-877-672-7467"}, {"boundingPoly": {"vertices": [{"x": 26.0, "y": 1053.0}, {"x": 664.0, "y": 1055.0}, {"x": 664.0, "y": 1089.0}, {"x": 26.0, "y": 1086.0}]}, "description": "R CUSTOMERSERVICE@HMSHOST.COM"}, {"boundingPoly": {"vertices": [{"x": 49.0, "y": 1094.0}, {"x": 593.0, "y": 1097.0}, {"x": 593.0, "y": 1132.0}, {"x": 49.0, "y": 1129.0}]}, "description": "TO SHARE YOUR EXPERIENCE."}, {"boundingPoly": {"vertices": [{"x": 126.0, "y": 1179.0}, {"x": 316.0, "y": 1179.0}, {"x": 316.0, "y": 1216.0}, {"x": 126.0, "y": 1216.0}]}, "description": " STOREID:"}, {"boundingPoly": {"vertices": [{"x": 325.0, "y": 1181.0}, {"x": 506.0, "y": 1181.0}, {"x": 506.0, "y": 1217.0}, {"x": 325.0, "y": 1217.0}]}, "description": " LASFAS01"}, {"boundingPoly": {"vertices": [{"x": 136.0, "y": 1293.0}, {"x": 271.0, "y": 1291.0}, {"x": 272.0, "y": 1345.0}, {"x": 137.0, "y": 1345.0}]}, "description": "T 2"}, {"boundingPoly": {"vertices": [{"x": 27.0, "y": 1358.0}, {"x": 472.0, "y": 1358.0}, {"x": 472.0, "y": 1399.0}, {"x": 27.0, "y": 1399.0}]}, "description": " ur order number is:"}, {"boundingPoly": {"vertices": [{"x": 289.0, "y": 1399.0}, {"x": 568.0, "y": 1399.0}, {"x": 568.0, "y": 1446.0}, {"x": 289.0, "y": 1446.0}]}, "description": " bood gril991"}, {"boundingPoly": {"vertices": [{"x": 322.0, "y": 1295.0}, {"x": 376.0, "y": 1294.0}, {"x": 375.0, "y": 1347.0}, {"x": 321.0, "y": 1348.0}]}, "description": "O"}, {"boundingPoly": {"vertices": [{"x": 416.0, "y": 1299.0}, {"x": 470.0, "y": 1302.0}, {"x": 468.0, "y": 1346.0}, {"x": 416.0, "y": 1346.0}]}, "description": "H"}, {"boundingPoly": {"vertices": [{"x": 485.0, "y": 1363.0}, {"x": 664.0, "y": 1363.0}, {"x": 664.0, "y": 1402.0}, {"x": 485.0, "y": 1402.0}]}, "description": " 9342"}, {"boundingPoly": {"vertices": [{"x": 42.0, "y": 1395.0}, {"x": 282.0, "y": 1395.0}, {"x": 282.0, "y": 1438.0}, {"x": 42.0, "y": 1438.0}]}, "description": " VOM ert no"}, {"boundingPoly": {"vertices": [{"x": 165.0, "y": 1496.0}, {"x": 313.0, "y": 1496.0}, {"x": 313.0, "y": 1528.0}, {"x": 165.0, "y": 1528.0}]}, "description": " Vaisgmo)"}, {"boundingPoly": {"vertices": [{"x": 319.0, "y": 1496.0}, {"x": 456.0, "y": 1496.0}, {"x": 456.0, "y": 1527.0}, {"x": 319.0, "y": 1527.0}]}, "description": " IlispotuA"}, {"boundingPoly": {"vertices": [{"x": 461.0, "y": 1497.0}, {"x": 508.0, "y": 1497.0}, {"x": 508.0, "y": 1527.0}, {"x": 461.0, "y": 1527.0}]}, "description": " nA"}]}