{"textAnnotations": [{"boundingPoly": {"vertices": [{"x": 571.0, "y": 72.0}, {"x": 1025.0, "y": 69.0}, {"x": 1025.0, "y": 106.0}, {"x": 571.0, "y": 109.0}]}, "description": "Thank You For Joining Us At"}, {"boundingPoly": {"vertices": [{"x": 671.0, "y": 109.0}, {"x": 927.0, "y": 109.0}, {"x": 926.0, "y": 144.0}, {"x": 671.0, "y": 142.0}]}, "description": "The Avenue Cafe"}, {"boundingPoly": {"vertices": [{"x": 520.0, "y": 144.0}, {"x": 688.0, "y": 146.0}, {"x": 688.0, "y": 181.0}, {"x": 520.0, "y": 180.0}]}, "description": "11/15/2019"}, {"boundingPoly": {"vertices": [{"x": 514.0, "y": 188.0}, {"x": 604.0, "y": 189.0}, {"x": 604.0, "y": 215.0}, {"x": 514.0, "y": 214.0}]}, "description": "====="}, {"boundingPoly": {"vertices": [{"x": 1006.0, "y": 146.0}, {"x": 1076.0, "y": 146.0}, {"x": 1076.0, "y": 177.0}, {"x": 1006.0, "y": 177.0}]}, "description": " 8:49"}, {"boundingPoly": {"vertices": [{"x": 985.0, "y": 189.0}, {"x": 1076.0, "y": 189.0}, {"x": 1076.0, "y": 213.0}, {"x": 985.0, "y": 214.0}]}, "description": "====="}, {"boundingPoly": {"vertices": [{"x": 721.0, "y": 188.0}, {"x": 918.0, "y": 188.0}, {"x": 918.0, "y": 214.0}, {"x": 721.0, "y": 214.0}]}, "description": "============"}, {"boundingPoly": {"vertices": [{"x": 698.0, "y": 222.0}, {"x": 890.0, "y": 222.0}, {"x": 890.0, "y": 256.0}, {"x": 698.0, "y": 256.0}]}, "description": "merchant name"}, {"boundingPoly": {"vertices": [{"x": 852.0, "y": 257.0}, {"x": 962.0, "y": 257.0}, {"x": 962.0, "y": 292.0}, {"x": 852.0, "y": 292.0}]}, "description": " Table:"}, {"boundingPoly": {"vertices": [{"x": 848.0, "y": 295.0}, {"x": 980.0, "y": 295.0}, {"x": 980.0, "y": 329.0}, {"x": 848.0, "y": 329.0}]}, "description": " Guests:"}, {"boundingPoly": {"vertices": [{"x": 511.0, "y": 257.0}, {"x": 629.0, "y": 257.0}, {"x": 629.0, "y": 292.0}, {"x": 511.0, "y": 292.0}]}, "description": " Check:"}, {"boundingPoly": {"vertices": [{"x": 507.0, "y": 294.0}, {"x": 636.0, "y": 294.0}, {"x": 636.0, "y": 329.0}, {"x": 507.0, "y": 329.0}]}, "description": " Server:"}, {"boundingPoly": {"vertices": [{"x": 512.0, "y": 333.0}, {"x": 666.0, "y": 333.0}, {"x": 666.0, "y": 367.0}, {"x": 512.0, "y": 367.0}]}, "description": " Terminal:"}, {"boundingPoly": {"vertices": [{"x": 501.0, "y": 375.0}, {"x": 540.0, "y": 375.0}, {"x": 541.0, "y": 397.0}, {"x": 502.0, "y": 397.0}]}, "description": "=="}, {"boundingPoly": {"vertices": [{"x": 644.0, "y": 258.0}, {"x": 768.0, "y": 258.0}, {"x": 768.0, "y": 293.0}, {"x": 644.0, "y": 293.0}]}, "description": " 3189187"}, {"boundingPoly": {"vertices": [{"x": 642.0, "y": 294.0}, {"x": 786.0, "y": 294.0}, {"x": 786.0, "y": 330.0}, {"x": 642.0, "y": 330.0}]}, "description": " Evelyn A"}, {"boundingPoly": {"vertices": [{"x": 672.0, "y": 332.0}, {"x": 729.0, "y": 332.0}, {"x": 729.0, "y": 366.0}, {"x": 672.0, "y": 366.0}]}, "description": " 318"}, {"boundingPoly": {"vertices": [{"x": 967.0, "y": 257.0}, {"x": 1012.0, "y": 257.0}, {"x": 1012.0, "y": 292.0}, {"x": 967.0, "y": 292.0}]}, "description": " 32"}, {"boundingPoly": {"vertices": [{"x": 986.0, "y": 295.0}, {"x": 1008.0, "y": 295.0}, {"x": 1008.0, "y": 329.0}, {"x": 986.0, "y": 329.0}]}, "description": " 3"}, {"boundingPoly": {"vertices": [{"x": 959.0, "y": 378.0}, {"x": 1078.0, "y": 378.0}, {"x": 1078.0, "y": 399.0}, {"x": 959.0, "y": 399.0}]}, "description": "======="}, {"boundingPoly": {"vertices": [{"x": 676.0, "y": 407.0}, {"x": 904.0, "y": 407.0}, {"x": 905.0, "y": 443.0}, {"x": 676.0, "y": 444.0}]}, "description": "Regular Check"}, {"boundingPoly": {"vertices": [{"x": 631.0, "y": 447.0}, {"x": 746.0, "y": 447.0}, {"x": 746.0, "y": 481.0}, {"x": 631.0, "y": 481.0}]}, "description": " Coffee"}, {"boundingPoly": {"vertices": [{"x": 627.0, "y": 483.0}, {"x": 758.0, "y": 483.0}, {"x": 758.0, "y": 520.0}, {"x": 627.0, "y": 520.0}]}, "description": " Hot Tea"}, {"boundingPoly": {"vertices": [{"x": 595.0, "y": 523.0}, {"x": 773.0, "y": 522.0}, {"x": 773.0, "y": 557.0}, {"x": 595.0, "y": 558.0}]}, "description": "5 Fresh OJ"}, {"boundingPoly": {"vertices": [{"x": 627.0, "y": 563.0}, {"x": 740.0, "y": 563.0}, {"x": 740.0, "y": 595.0}, {"x": 627.0, "y": 596.0}]}, "description": "@ 8.00"}, {"boundingPoly": {"vertices": [{"x": 621.0, "y": 599.0}, {"x": 809.0, "y": 599.0}, {"x": 809.0, "y": 638.0}, {"x": 621.0, "y": 638.0}]}, "description": " BYO Omelet"}, {"boundingPoly": {"vertices": [{"x": 624.0, "y": 642.0}, {"x": 805.0, "y": 643.0}, {"x": 804.0, "y": 679.0}, {"x": 624.0, "y": 678.0}]}, "description": "$Bell P $1"}, {"boundingPoly": {"vertices": [{"x": 624.0, "y": 684.0}, {"x": 839.0, "y": 686.0}, {"x": 839.0, "y": 723.0}, {"x": 624.0, "y": 720.0}]}, "description": "$American $1"}, {"boundingPoly": {"vertices": [{"x": 615.0, "y": 722.0}, {"x": 810.0, "y": 722.0}, {"x": 810.0, "y": 762.0}, {"x": 615.0, "y": 762.0}]}, "description": " BYO Omelet"}, {"boundingPoly": {"vertices": [{"x": 619.0, "y": 764.0}, {"x": 729.0, "y": 764.0}, {"x": 729.0, "y": 800.0}, {"x": 619.0, "y": 800.0}]}, "description": "Bell P"}, {"boundingPoly": {"vertices": [{"x": 610.0, "y": 804.0}, {"x": 837.0, "y": 804.0}, {"x": 837.0, "y": 845.0}, {"x": 610.0, "y": 845.0}]}, "description": " French Toast"}, {"boundingPoly": {"vertices": [{"x": 614.0, "y": 850.0}, {"x": 877.0, "y": 852.0}, {"x": 877.0, "y": 889.0}, {"x": 614.0, "y": 887.0}]}, "description": "$Strawberry $2"}, {"boundingPoly": {"vertices": [{"x": 606.0, "y": 891.0}, {"x": 907.0, "y": 891.0}, {"x": 907.0, "y": 932.0}, {"x": 606.0, "y": 932.0}]}, "description": " American Brkfast"}, {"boundingPoly": {"vertices": [{"x": 604.0, "y": 446.0}, {"x": 626.0, "y": 446.0}, {"x": 626.0, "y": 481.0}, {"x": 604.0, "y": 481.0}]}, "description": " 1"}, {"boundingPoly": {"vertices": [{"x": 598.0, "y": 483.0}, {"x": 620.0, "y": 483.0}, {"x": 620.0, "y": 520.0}, {"x": 598.0, "y": 520.0}]}, "description": " 1"}, {"boundingPoly": {"vertices": [{"x": 1006.0, "y": 448.0}, {"x": 1082.0, "y": 447.0}, {"x": 1082.0, "y": 480.0}, {"x": 1005.0, "y": 481.0}]}, "description": "5.00"}, {"boundingPoly": {"vertices": [{"x": 1005.0, "y": 485.0}, {"x": 1082.0, "y": 484.0}, {"x": 1081.0, "y": 518.0}, {"x": 1005.0, "y": 518.0}]}, "description": "5.00"}, {"boundingPoly": {"vertices": [{"x": 985.0, "y": 525.0}, {"x": 1076.0, "y": 523.0}, {"x": 1076.0, "y": 558.0}, {"x": 986.0, "y": 557.0}]}, "description": "40.00"}, {"boundingPoly": {"vertices": [{"x": 595.0, "y": 598.0}, {"x": 614.0, "y": 598.0}, {"x": 614.0, "y": 638.0}, {"x": 595.0, "y": 638.0}]}, "description": " 1"}, {"boundingPoly": {"vertices": [{"x": 984.0, "y": 601.0}, {"x": 1081.0, "y": 601.0}, {"x": 1079.0, "y": 636.0}, {"x": 984.0, "y": 637.0}]}, "description": "21.00"}, {"boundingPoly": {"vertices": [{"x": 587.0, "y": 721.0}, {"x": 609.0, "y": 721.0}, {"x": 609.0, "y": 761.0}, {"x": 587.0, "y": 761.0}]}, "description": " 1"}, {"boundingPoly": {"vertices": [{"x": 985.0, "y": 727.0}, {"x": 1081.0, "y": 725.0}, {"x": 1081.0, "y": 762.0}, {"x": 986.0, "y": 761.0}]}, "description": "19.00"}, {"boundingPoly": {"vertices": [{"x": 581.0, "y": 803.0}, {"x": 603.0, "y": 803.0}, {"x": 603.0, "y": 844.0}, {"x": 581.0, "y": 844.0}]}, "description": " 1"}, {"boundingPoly": {"vertices": [{"x": 986.0, "y": 806.0}, {"x": 1079.0, "y": 807.0}, {"x": 1077.0, "y": 845.0}, {"x": 986.0, "y": 846.0}]}, "description": "17.00"}, {"boundingPoly": {"vertices": [{"x": 576.0, "y": 892.0}, {"x": 600.0, "y": 892.0}, {"x": 600.0, "y": 930.0}, {"x": 576.0, "y": 930.0}]}, "description": " 1"}, {"boundingPoly": {"vertices": [{"x": 985.0, "y": 894.0}, {"x": 1078.0, "y": 894.0}, {"x": 1077.0, "y": 931.0}, {"x": 987.0, "y": 932.0}]}, "description": "19.00"}, {"boundingPoly": {"vertices": [{"x": 644.0, "y": 976.0}, {"x": 797.0, "y": 979.0}, {"x": 796.0, "y": 1017.0}, {"x": 643.0, "y": 1014.0}]}, "description": "Subtotal"}, {"boundingPoly": {"vertices": [{"x": 624.0, "y": 1020.0}, {"x": 799.0, "y": 1023.0}, {"x": 798.0, "y": 1063.0}, {"x": 623.0, "y": 1059.0}]}, "description": "Sales Tax"}, {"boundingPoly": {"vertices": [{"x": 700.0, "y": 1068.0}, {"x": 794.0, "y": 1069.0}, {"x": 793.0, "y": 1106.0}, {"x": 700.0, "y": 1106.0}]}, "description": "Total"}, {"boundingPoly": {"vertices": [{"x": 929.0, "y": 980.0}, {"x": 1042.0, "y": 980.0}, {"x": 1040.0, "y": 1019.0}, {"x": 929.0, "y": 1020.0}]}, "description": "126.00"}, {"boundingPoly": {"vertices": [{"x": 947.0, "y": 1026.0}, {"x": 1038.0, "y": 1026.0}, {"x": 1037.0, "y": 1064.0}, {"x": 945.0, "y": 1064.0}]}, "description": "10.40"}, {"boundingPoly": {"vertices": [{"x": 929.0, "y": 1070.0}, {"x": 1041.0, "y": 1070.0}, {"x": 1039.0, "y": 1110.0}, {"x": 929.0, "y": 1109.0}]}, "description": "136.40"}, {"boundingPoly": {"vertices": [{"x": 452.0, "y": 1214.0}, {"x": 611.0, "y": 1212.0}, {"x": 611.0, "y": 1234.0}, {"x": 452.0, "y": 1235.0}]}, "description": "========="}, {"boundingPoly": {"vertices": [{"x": 907.0, "y": 1221.0}, {"x": 1077.0, "y": 1222.0}, {"x": 1077.0, "y": 1243.0}, {"x": 907.0, "y": 1242.0}]}, "description": "========="}, {"boundingPoly": {"vertices": [{"x": 674.0, "y": 1251.0}, {"x": 831.0, "y": 1253.0}, {"x": 831.0, "y": 1290.0}, {"x": 674.0, "y": 1288.0}]}, "description": "Payments"}, {"boundingPoly": {"vertices": [{"x": 453.0, "y": 1334.0}, {"x": 740.0, "y": 1339.0}, {"x": 740.0, "y": 1376.0}, {"x": 452.0, "y": 1371.0}]}, "description": "MGM Room Charge"}, {"boundingPoly": {"vertices": [{"x": 499.0, "y": 1377.0}, {"x": 1059.0, "y": 1384.0}, {"x": 1059.0, "y": 1426.0}, {"x": 499.0, "y": 1416.0}]}, "description": "merchant address"}, {"boundingPoly": {"vertices": [{"x": 965.0, "y": 1342.0}, {"x": 1077.0, "y": 1346.0}, {"x": 1075.0, "y": 1382.0}, {"x": 965.0, "y": 1378.0}]}, "description": "136.40"}, {"boundingPoly": {"vertices": [{"x": 436.0, "y": 1504.0}, {"x": 707.0, "y": 1510.0}, {"x": 706.0, "y": 1553.0}, {"x": 436.0, "y": 1547.0}]}, "description": "Total Payments"}, {"boundingPoly": {"vertices": [{"x": 963.0, "y": 1517.0}, {"x": 1081.0, "y": 1521.0}, {"x": 1079.0, "y": 1561.0}, {"x": 962.0, "y": 1558.0}]}, "description": "136.40"}, {"boundingPoly": {"vertices": [{"x": 421.0, "y": 1601.0}, {"x": 755.0, "y": 1610.0}, {"x": 754.0, "y": 1654.0}, {"x": 420.0, "y": 1645.0}]}, "description": "Remaining Balance"}, {"boundingPoly": {"vertices": [{"x": 994.0, "y": 1619.0}, {"x": 1082.0, "y": 1619.0}, {"x": 1082.0, "y": 1662.0}, {"x": 994.0, "y": 1663.0}]}, "description": "0.00"}, {"boundingPoly": {"vertices": [{"x": 414.0, "y": 1699.0}, {"x": 860.0, "y": 1714.0}, {"x": 859.0, "y": 1761.0}, {"x": 413.0, "y": 1746.0}]}, "description": "Check Fully Authorized"}, {"boundingPoly": {"vertices": [{"x": 413.0, "y": 1815.0}, {"x": 453.0, "y": 1815.0}, {"x": 453.0, "y": 1834.0}, {"x": 413.0, "y": 1834.0}]}, "description": "=="}, {"boundingPoly": {"vertices": [{"x": 411.0, "y": 1855.0}, {"x": 1125.0, "y": 1880.0}, {"x": 1123.0, "y": 1922.0}, {"x": 409.0, "y": 1897.0}]}, "description": "***** GRATUITY/TIP Not Included *****"}, {"boundingPoly": {"vertices": [{"x": 411.0, "y": 1962.0}, {"x": 750.0, "y": 1971.0}, {"x": 748.0, "y": 2013.0}, {"x": 411.0, "y": 2000.0}]}, "description": "your convenience."}, {"boundingPoly": {"vertices": [{"x": 996.0, "y": 1840.0}, {"x": 1086.0, "y": 1840.0}, {"x": 1086.0, "y": 1863.0}, {"x": 996.0, "y": 1862.0}]}, "description": "===="}, {"boundingPoly": {"vertices": [{"x": 406.0, "y": 1900.0}, {"x": 1210.0, "y": 1934.0}, {"x": 1208.0, "y": 1982.0}, {"x": 406.0, "y": 1950.0}]}, "description": "This tip/gratuity guide is provided for"}, {"boundingPoly": {"vertices": [{"x": 574.0, "y": 2061.0}, {"x": 753.0, "y": 2067.0}, {"x": 751.0, "y": 2111.0}, {"x": 573.0, "y": 2106.0}]}, "description": "18%-22.68"}, {"boundingPoly": {"vertices": [{"x": 572.0, "y": 2111.0}, {"x": 755.0, "y": 2120.0}, {"x": 753.0, "y": 2162.0}, {"x": 572.0, "y": 2154.0}]}, "description": "19%-23.94"}, {"boundingPoly": {"vertices": [{"x": 564.0, "y": 2163.0}, {"x": 747.0, "y": 2164.0}, {"x": 747.0, "y": 2198.0}, {"x": 564.0, "y": 2196.0}]}, "description": "20%-25 20"}]}