{"textAnnotations": [{"boundingPoly": {"vertices": [{"x": 600.0, "y": 232.0}, {"x": 864.0, "y": 230.0}, {"x": 864.0, "y": 257.0}, {"x": 600.0, "y": 260.0}]}, "description": "merchant name"}, {"boundingPoly": {"vertices": [{"x": 790.0, "y": 262.0}, {"x": 851.0, "y": 262.0}, {"x": 851.0, "y": 291.0}, {"x": 790.0, "y": 291.0}]}, "description": "merchant address"}, {"boundingPoly": {"vertices": [{"x": 592.0, "y": 296.0}, {"x": 876.0, "y": 291.0}, {"x": 877.0, "y": 319.0}, {"x": 592.0, "y": 325.0}]}, "description": "merchant address"}, {"boundingPoly": {"vertices": [{"x": 734.0, "y": 325.0}, {"x": 773.0, "y": 325.0}, {"x": 773.0, "y": 355.0}, {"x": 734.0, "y": 355.0}]}, "description": "merchant address"}, {"boundingPoly": {"vertices": [{"x": 628.0, "y": 263.0}, {"x": 786.0, "y": 263.0}, {"x": 786.0, "y": 292.0}, {"x": 628.0, "y": 292.0}]}, "description": "merchant address"}, {"boundingPoly": {"vertices": [{"x": 629.0, "y": 326.0}, {"x": 730.0, "y": 326.0}, {"x": 730.0, "y": 358.0}, {"x": 629.0, "y": 358.0}]}, "description": "merchant address"}, {"boundingPoly": {"vertices": [{"x": 777.0, "y": 322.0}, {"x": 856.0, "y": 322.0}, {"x": 856.0, "y": 354.0}, {"x": 777.0, "y": 354.0}]}, "description": "merchant address"}, {"boundingPoly": {"vertices": [{"x": 520.0, "y": 454.0}, {"x": 691.0, "y": 454.0}, {"x": 691.0, "y": 479.0}, {"x": 520.0, "y": 479.0}]}, "description": "Alexandra Ev"}, {"boundingPoly": {"vertices": [{"x": 522.0, "y": 518.0}, {"x": 574.0, "y": 518.0}, {"x": 574.0, "y": 541.0}, {"x": 522.0, "y": 541.0}]}, "description": " Tbl"}, {"boundingPoly": {"vertices": [{"x": 522.0, "y": 550.0}, {"x": 624.0, "y": 550.0}, {"x": 624.0, "y": 571.0}, {"x": 522.0, "y": 572.0}]}, "description": "Station"}, {"boundingPoly": {"vertices": [{"x": 580.0, "y": 517.0}, {"x": 601.0, "y": 517.0}, {"x": 601.0, "y": 541.0}, {"x": 580.0, "y": 541.0}]}, "description": " 11"}, {"boundingPoly": {"vertices": [{"x": 659.0, "y": 517.0}, {"x": 782.0, "y": 516.0}, {"x": 783.0, "y": 540.0}, {"x": 659.0, "y": 541.0}]}, "description": "Chk 40006"}, {"boundingPoly": {"vertices": [{"x": 726.0, "y": 546.0}, {"x": 949.0, "y": 546.0}, {"x": 949.0, "y": 572.0}, {"x": 726.0, "y": 572.0}]}, "description": " Nov12'19 02:40PM"}, {"boundingPoly": {"vertices": [{"x": 881.0, "y": 515.0}, {"x": 925.0, "y": 515.0}, {"x": 925.0, "y": 539.0}, {"x": 881.0, "y": 539.0}]}, "description": " Gst"}, {"boundingPoly": {"vertices": [{"x": 930.0, "y": 515.0}, {"x": 944.0, "y": 515.0}, {"x": 944.0, "y": 538.0}, {"x": 930.0, "y": 538.0}]}, "description": " 0"}, {"boundingPoly": {"vertices": [{"x": 557.0, "y": 674.0}, {"x": 572.0, "y": 674.0}, {"x": 572.0, "y": 700.0}, {"x": 557.0, "y": 700.0}]}, "description": " 1"}, {"boundingPoly": {"vertices": [{"x": 556.0, "y": 706.0}, {"x": 686.0, "y": 706.0}, {"x": 686.0, "y": 733.0}, {"x": 556.0, "y": 733.0}]}, "description": " 1 UNSWEET"}, {"boundingPoly": {"vertices": [{"x": 558.0, "y": 738.0}, {"x": 575.0, "y": 738.0}, {"x": 575.0, "y": 763.0}, {"x": 558.0, "y": 763.0}]}, "description": " 1"}, {"boundingPoly": {"vertices": [{"x": 556.0, "y": 769.0}, {"x": 752.0, "y": 769.0}, {"x": 752.0, "y": 796.0}, {"x": 556.0, "y": 796.0}]}, "description": " 1 SOUP & HOUSE"}, {"boundingPoly": {"vertices": [{"x": 675.0, "y": 800.0}, {"x": 776.0, "y": 800.0}, {"x": 776.0, "y": 826.0}, {"x": 675.0, "y": 826.0}]}, "description": " FAJITAS"}, {"boundingPoly": {"vertices": [{"x": 577.0, "y": 674.0}, {"x": 805.0, "y": 674.0}, {"x": 805.0, "y": 700.0}, {"x": 577.0, "y": 700.0}]}, "description": " STRAWBERRY LEMON"}, {"boundingPoly": {"vertices": [{"x": 866.0, "y": 674.0}, {"x": 923.0, "y": 675.0}, {"x": 922.0, "y": 698.0}, {"x": 865.0, "y": 696.0}]}, "description": "3.19"}, {"boundingPoly": {"vertices": [{"x": 868.0, "y": 706.0}, {"x": 922.0, "y": 706.0}, {"x": 922.0, "y": 728.0}, {"x": 866.0, "y": 728.0}]}, "description": "2.79"}, {"boundingPoly": {"vertices": [{"x": 854.0, "y": 739.0}, {"x": 923.0, "y": 738.0}, {"x": 923.0, "y": 759.0}, {"x": 854.0, "y": 760.0}]}, "description": "10.69"}, {"boundingPoly": {"vertices": [{"x": 871.0, "y": 770.0}, {"x": 921.0, "y": 768.0}, {"x": 921.0, "y": 791.0}, {"x": 871.0, "y": 792.0}]}, "description": "7.99"}, {"boundingPoly": {"vertices": [{"x": 855.0, "y": 800.0}, {"x": 922.0, "y": 800.0}, {"x": 923.0, "y": 823.0}, {"x": 855.0, "y": 824.0}]}, "description": "merchant phone"}, {"boundingPoly": {"vertices": [{"x": 690.0, "y": 706.0}, {"x": 734.0, "y": 706.0}, {"x": 734.0, "y": 731.0}, {"x": 690.0, "y": 731.0}]}, "description": " TEA"}, {"boundingPoly": {"vertices": [{"x": 579.0, "y": 739.0}, {"x": 657.0, "y": 739.0}, {"x": 657.0, "y": 763.0}, {"x": 579.0, "y": 763.0}]}, "description": " WING8"}, {"boundingPoly": {"vertices": [{"x": 757.0, "y": 769.0}, {"x": 800.0, "y": 769.0}, {"x": 800.0, "y": 795.0}, {"x": 757.0, "y": 795.0}]}, "description": " SAL"}, {"boundingPoly": {"vertices": [{"x": 558.0, "y": 801.0}, {"x": 670.0, "y": 801.0}, {"x": 670.0, "y": 829.0}, {"x": 558.0, "y": 829.0}]}, "description": " 1 VEGGIE"}, {"boundingPoly": {"vertices": [{"x": 561.0, "y": 834.0}, {"x": 576.0, "y": 834.0}, {"x": 576.0, "y": 859.0}, {"x": 561.0, "y": 859.0}]}, "description": " 1"}, {"boundingPoly": {"vertices": [{"x": 561.0, "y": 862.0}, {"x": 581.0, "y": 862.0}, {"x": 581.0, "y": 889.0}, {"x": 561.0, "y": 889.0}]}, "description": " 1"}, {"boundingPoly": {"vertices": [{"x": 581.0, "y": 834.0}, {"x": 661.0, "y": 834.0}, {"x": 661.0, "y": 859.0}, {"x": 581.0, "y": 859.0}]}, "description": " WATER"}, {"boundingPoly": {"vertices": [{"x": 585.0, "y": 863.0}, {"x": 659.0, "y": 863.0}, {"x": 659.0, "y": 889.0}, {"x": 585.0, "y": 889.0}]}, "description": " TABLE"}, {"boundingPoly": {"vertices": [{"x": 664.0, "y": 862.0}, {"x": 792.0, "y": 862.0}, {"x": 792.0, "y": 889.0}, {"x": 664.0, "y": 889.0}]}, "description": " ENTERTAIN"}, {"boundingPoly": {"vertices": [{"x": 870.0, "y": 863.0}, {"x": 924.0, "y": 861.0}, {"x": 926.0, "y": 883.0}, {"x": 870.0, "y": 886.0}]}, "description": "1.99"}, {"boundingPoly": {"vertices": [{"x": 588.0, "y": 958.0}, {"x": 710.0, "y": 955.0}, {"x": 711.0, "y": 981.0}, {"x": 588.0, "y": 983.0}]}, "description": "Sub Total"}, {"boundingPoly": {"vertices": [{"x": 591.0, "y": 989.0}, {"x": 633.0, "y": 988.0}, {"x": 632.0, "y": 1008.0}, {"x": 590.0, "y": 1009.0}]}, "description": "TAX"}, {"boundingPoly": {"vertices": [{"x": 592.0, "y": 1018.0}, {"x": 654.0, "y": 1020.0}, {"x": 654.0, "y": 1042.0}, {"x": 590.0, "y": 1041.0}]}, "description": "TOTAL"}, {"boundingPoly": {"vertices": [{"x": 856.0, "y": 955.0}, {"x": 927.0, "y": 955.0}, {"x": 927.0, "y": 977.0}, {"x": 856.0, "y": 978.0}]}, "description": "41.64"}, {"boundingPoly": {"vertices": [{"x": 871.0, "y": 984.0}, {"x": 927.0, "y": 984.0}, {"x": 925.0, "y": 1006.0}, {"x": 871.0, "y": 1007.0}]}, "description": "3.58"}, {"boundingPoly": {"vertices": [{"x": 857.0, "y": 1017.0}, {"x": 923.0, "y": 1016.0}, {"x": 924.0, "y": 1037.0}, {"x": 857.0, "y": 1038.0}]}, "description": "45.22"}, {"boundingPoly": {"vertices": [{"x": 560.0, "y": 1141.0}, {"x": 668.0, "y": 1141.0}, {"x": 668.0, "y": 1163.0}, {"x": 560.0, "y": 1163.0}]}, "description": " Payments"}, {"boundingPoly": {"vertices": [{"x": 590.0, "y": 1170.0}, {"x": 874.0, "y": 1167.0}, {"x": 874.0, "y": 1192.0}, {"x": 590.0, "y": 1195.0}]}, "description": "AMERICAN EXPRESS/ 1006"}, {"boundingPoly": {"vertices": [{"x": 587.0, "y": 1202.0}, {"x": 780.0, "y": 1200.0}, {"x": 780.0, "y": 1224.0}, {"x": 587.0, "y": 1226.0}]}, "description": "Auth/Chip Read"}, {"boundingPoly": {"vertices": [{"x": 591.0, "y": 1233.0}, {"x": 638.0, "y": 1233.0}, {"x": 638.0, "y": 1257.0}, {"x": 591.0, "y": 1257.0}]}, "description": " TID:"}, {"boundingPoly": {"vertices": [{"x": 589.0, "y": 1264.0}, {"x": 641.0, "y": 1264.0}, {"x": 641.0, "y": 1288.0}, {"x": 589.0, "y": 1288.0}]}, "description": " RRN:"}, {"boundingPoly": {"vertices": [{"x": 640.0, "y": 1292.0}, {"x": 863.0, "y": 1292.0}, {"x": 863.0, "y": 1320.0}, {"x": 640.0, "y": 1320.0}]}, "description": " A000000025010801"}, {"boundingPoly": {"vertices": [{"x": 630.0, "y": 1325.0}, {"x": 785.0, "y": 1325.0}, {"x": 785.0, "y": 1350.0}, {"x": 630.0, "y": 1350.0}]}, "description": " : 0000008000"}, {"boundingPoly": {"vertices": [{"x": 629.0, "y": 1352.0}, {"x": 916.0, "y": 1352.0}, {"x": 916.0, "y": 1382.0}, {"x": 629.0, "y": 1382.0}]}, "description": " : 13247FBC29C821703030"}, {"boundingPoly": {"vertices": [{"x": 642.0, "y": 1389.0}, {"x": 704.0, "y": 1389.0}, {"x": 704.0, "y": 1413.0}, {"x": 642.0, "y": 1413.0}]}, "description": " E800"}, {"boundingPoly": {"vertices": [{"x": 589.0, "y": 1421.0}, {"x": 673.0, "y": 1421.0}, {"x": 673.0, "y": 1445.0}, {"x": 589.0, "y": 1445.0}]}, "description": " ARC:00"}, {"boundingPoly": {"vertices": [{"x": 592.0, "y": 1447.0}, {"x": 810.0, "y": 1447.0}, {"x": 810.0, "y": 1476.0}, {"x": 592.0, "y": 1476.0}]}, "description": " TRN SEQ:00003052"}, {"boundingPoly": {"vertices": [{"x": 596.0, "y": 1481.0}, {"x": 812.0, "y": 1481.0}, {"x": 812.0, "y": 1508.0}, {"x": 596.0, "y": 1508.0}]}, "description": " TRN ID:927683803"}, {"boundingPoly": {"vertices": [{"x": 590.0, "y": 1513.0}, {"x": 628.0, "y": 1513.0}, {"x": 628.0, "y": 1538.0}, {"x": 590.0, "y": 1538.0}]}, "description": " NET"}, {"boundingPoly": {"vertices": [{"x": 591.0, "y": 1543.0}, {"x": 643.0, "y": 1543.0}, {"x": 643.0, "y": 1565.0}, {"x": 591.0, "y": 1565.0}]}, "description": " MODE"}, {"boundingPoly": {"vertices": [{"x": 592.0, "y": 1572.0}, {"x": 724.0, "y": 1572.0}, {"x": 724.0, "y": 1593.0}, {"x": 592.0, "y": 1593.0}]}, "description": " Auth Code:"}, {"boundingPoly": {"vertices": [{"x": 645.0, "y": 1599.0}, {"x": 702.0, "y": 1599.0}, {"x": 702.0, "y": 1623.0}, {"x": 645.0, "y": 1623.0}]}, "description": " Paid"}, {"boundingPoly": {"vertices": [{"x": 595.0, "y": 1630.0}, {"x": 661.0, "y": 1630.0}, {"x": 661.0, "y": 1649.0}, {"x": 595.0, "y": 1649.0}]}, "description": "Total"}, {"boundingPoly": {"vertices": [{"x": 672.0, "y": 1140.0}, {"x": 681.0, "y": 1140.0}, {"x": 681.0, "y": 1163.0}, {"x": 672.0, "y": 1163.0}]}, "description": " :"}, {"boundingPoly": {"vertices": [{"x": 642.0, "y": 1233.0}, {"x": 741.0, "y": 1233.0}, {"x": 741.0, "y": 1256.0}, {"x": 642.0, "y": 1256.0}]}, "description": " *** 1022"}, {"boundingPoly": {"vertices": [{"x": 645.0, "y": 1263.0}, {"x": 860.0, "y": 1263.0}, {"x": 860.0, "y": 1287.0}, {"x": 645.0, "y": 1287.0}]}, "description": " 1911120100140006"}, {"boundingPoly": {"vertices": [{"x": 589.0, "y": 1296.0}, {"x": 636.0, "y": 1296.0}, {"x": 636.0, "y": 1321.0}, {"x": 589.0, "y": 1321.0}]}, "description": " AID:"}, {"boundingPoly": {"vertices": [{"x": 591.0, "y": 1326.0}, {"x": 626.0, "y": 1326.0}, {"x": 626.0, "y": 1351.0}, {"x": 591.0, "y": 1351.0}]}, "description": " TVR"}, {"boundingPoly": {"vertices": [{"x": 590.0, "y": 1358.0}, {"x": 626.0, "y": 1358.0}, {"x": 626.0, "y": 1382.0}, {"x": 590.0, "y": 1382.0}]}, "description": " IAD"}, {"boundingPoly": {"vertices": [{"x": 590.0, "y": 1390.0}, {"x": 638.0, "y": 1390.0}, {"x": 638.0, "y": 1414.0}, {"x": 590.0, "y": 1414.0}]}, "description": " TSI:"}, {"boundingPoly": {"vertices": [{"x": 630.0, "y": 1515.0}, {"x": 702.0, "y": 1515.0}, {"x": 702.0, "y": 1535.0}, {"x": 630.0, "y": 1535.0}]}, "description": " : Amex"}, {"boundingPoly": {"vertices": [{"x": 647.0, "y": 1542.0}, {"x": 737.0, "y": 1542.0}, {"x": 737.0, "y": 1564.0}, {"x": 647.0, "y": 1564.0}]}, "description": " : Issuer"}, {"boundingPoly": {"vertices": [{"x": 727.0, "y": 1572.0}, {"x": 809.0, "y": 1572.0}, {"x": 809.0, "y": 1591.0}, {"x": 727.0, "y": 1591.0}]}, "description": " 806386"}, {"boundingPoly": {"vertices": [{"x": 865.0, "y": 1569.0}, {"x": 934.0, "y": 1569.0}, {"x": 933.0, "y": 1592.0}, {"x": 864.0, "y": 1591.0}]}, "description": "45,22"}, {"boundingPoly": {"vertices": [{"x": 875.0, "y": 1600.0}, {"x": 934.0, "y": 1599.0}, {"x": 933.0, "y": 1621.0}, {"x": 874.0, "y": 1620.0}]}, "description": "4.78"}, {"boundingPoly": {"vertices": [{"x": 863.0, "y": 1629.0}, {"x": 933.0, "y": 1629.0}, {"x": 933.0, "y": 1649.0}, {"x": 863.0, "y": 1649.0}]}, "description": "50.00"}, {"boundingPoly": {"vertices": [{"x": 595.0, "y": 1601.0}, {"x": 641.0, "y": 1601.0}, {"x": 641.0, "y": 1625.0}, {"x": 595.0, "y": 1625.0}]}, "description": " Tip"}, {"boundingPoly": {"vertices": [{"x": 596.0, "y": 1689.0}, {"x": 669.0, "y": 1689.0}, {"x": 669.0, "y": 1715.0}, {"x": 596.0, "y": 1715.0}]}, "description": " TOTAL"}, {"boundingPoly": {"vertices": [{"x": 673.0, "y": 1688.0}, {"x": 731.0, "y": 1688.0}, {"x": 731.0, "y": 1714.0}, {"x": 673.0, "y": 1714.0}]}, "description": " PAID"}, {"boundingPoly": {"vertices": [{"x": 797.0, "y": 1688.0}, {"x": 930.0, "y": 1685.0}, {"x": 930.0, "y": 1707.0}, {"x": 797.0, "y": 1710.0}]}, "description": "USD$ 50.00"}, {"boundingPoly": {"vertices": [{"x": 591.0, "y": 1785.0}, {"x": 695.0, "y": 1785.0}, {"x": 695.0, "y": 1811.0}, {"x": 591.0, "y": 1811.0}]}, "description": " BALANCE"}, {"boundingPoly": {"vertices": [{"x": 699.0, "y": 1784.0}, {"x": 746.0, "y": 1784.0}, {"x": 746.0, "y": 1809.0}, {"x": 699.0, "y": 1809.0}]}, "description": " DUE"}, {"boundingPoly": {"vertices": [{"x": 876.0, "y": 1783.0}, {"x": 934.0, "y": 1781.0}, {"x": 935.0, "y": 1801.0}, {"x": 876.0, "y": 1803.0}]}, "description": "0.00"}, {"boundingPoly": {"vertices": [{"x": 570.0, "y": 1903.0}, {"x": 618.0, "y": 1903.0}, {"x": 618.0, "y": 1921.0}, {"x": 570.0, "y": 1921.0}]}, "description": " Want"}, {"boundingPoly": {"vertices": [{"x": 580.0, "y": 1927.0}, {"x": 626.0, "y": 1927.0}, {"x": 626.0, "y": 1944.0}, {"x": 580.0, "y": 1944.0}]}, "description": " or a"}, {"boundingPoly": {"vertices": [{"x": 611.0, "y": 1949.0}, {"x": 679.0, "y": 1949.0}, {"x": 679.0, "y": 1967.0}, {"x": 611.0, "y": 1967.0}]}, "description": " Chilis."}, {"boundingPoly": {"vertices": [{"x": 620.0, "y": 1901.0}, {"x": 769.0, "y": 1901.0}, {"x": 769.0, "y": 1921.0}, {"x": 620.0, "y": 1921.0}]}, "description": " free Chips and"}, {"boundingPoly": {"vertices": [{"x": 703.0, "y": 1922.0}, {"x": 826.0, "y": 1922.0}, {"x": 826.0, "y": 1943.0}, {"x": 703.0, "y": 1943.0}]}, "description": " every visit?"}, {"boundingPoly": {"vertices": [{"x": 682.0, "y": 1947.0}, {"x": 795.0, "y": 1947.0}, {"x": 795.0, "y": 1966.0}, {"x": 682.0, "y": 1966.0}]}, "description": " com/Rewards"}, {"boundingPoly": {"vertices": [{"x": 773.0, "y": 1901.0}, {"x": 826.0, "y": 1901.0}, {"x": 826.0, "y": 1918.0}, {"x": 773.0, "y": 1918.0}]}, "description": " Salsa"}, {"boundingPoly": {"vertices": [{"x": 631.0, "y": 1925.0}, {"x": 699.0, "y": 1925.0}, {"x": 699.0, "y": 1944.0}, {"x": 631.0, "y": 1944.0}]}, "description": " drink,"}, {"boundingPoly": {"vertices": [{"x": 581.0, "y": 1996.0}, {"x": 629.0, "y": 1996.0}, {"x": 629.0, "y": 2013.0}, {"x": 581.0, "y": 2013.0}]}, "description": " Gift"}, {"boundingPoly": {"vertices": [{"x": 601.0, "y": 2019.0}, {"x": 791.0, "y": 2013.0}, {"x": 791.0, "y": 2029.0}, {"x": 602.0, "y": 2036.0}]}, "description": "delayed by 4 hours"}, {"boundingPoly": {"vertices": [{"x": 631.0, "y": 1995.0}, {"x": 679.0, "y": 1995.0}, {"x": 679.0, "y": 2012.0}, {"x": 631.0, "y": 2012.0}]}, "description": " Card"}, {"boundingPoly": {"vertices": [{"x": 684.0, "y": 1993.0}, {"x": 789.0, "y": 1993.0}, {"x": 789.0, "y": 2011.0}, {"x": 684.0, "y": 2011.0}]}, "description": " activation"}, {"boundingPoly": {"vertices": [{"x": 795.0, "y": 1992.0}, {"x": 818.0, "y": 1992.0}, {"x": 818.0, "y": 2007.0}, {"x": 795.0, "y": 2007.0}]}, "description": " is"}]}