{"textAnnotations": [{"boundingPoly": {"vertices": [{"x": 44.0, "y": 22.0}, {"x": 139.0, "y": 21.0}, {"x": 139.0, "y": 38.0}, {"x": 44.0, "y": 39.0}]}, "description": "merchant name"}, {"boundingPoly": {"vertices": [{"x": 56.0, "y": 43.0}, {"x": 93.0, "y": 43.0}, {"x": 93.0, "y": 50.0}, {"x": 56.0, "y": 50.0}]}, "description": "CREATIVE"}, {"boundingPoly": {"vertices": [{"x": 71.0, "y": 61.0}, {"x": 152.0, "y": 61.0}, {"x": 152.0, "y": 70.0}, {"x": 72.0, "y": 71.0}]}, "description": "Chopt Creative Salad Co."}, {"boundingPoly": {"vertices": [{"x": 112.0, "y": 77.0}, {"x": 141.0, "y": 77.0}, {"x": 141.0, "y": 86.0}, {"x": 112.0, "y": 86.0}]}, "description": "12/03/19"}, {"boundingPoly": {"vertices": [{"x": 113.0, "y": 86.0}, {"x": 141.0, "y": 86.0}, {"x": 141.0, "y": 94.0}, {"x": 113.0, "y": 94.0}]}, "description": " 12:42 PM"}, {"boundingPoly": {"vertices": [{"x": 34.0, "y": 78.0}, {"x": 59.0, "y": 78.0}, {"x": 59.0, "y": 86.0}, {"x": 34.0, "y": 86.0}]}, "description": " Server:"}, {"boundingPoly": {"vertices": [{"x": 34.0, "y": 86.0}, {"x": 72.0, "y": 86.0}, {"x": 72.0, "y": 94.0}, {"x": 34.0, "y": 93.0}]}, "description": "Check #633"}, {"boundingPoly": {"vertices": [{"x": 61.0, "y": 78.0}, {"x": 98.0, "y": 78.0}, {"x": 98.0, "y": 86.0}, {"x": 61.0, "y": 86.0}]}, "description": " Kristina R"}, {"boundingPoly": {"vertices": [{"x": 33.0, "y": 109.0}, {"x": 93.0, "y": 110.0}, {"x": 93.0, "y": 118.0}, {"x": 33.0, "y": 118.0}]}, "description": "Kebab Cobb Salad"}, {"boundingPoly": {"vertices": [{"x": 35.0, "y": 118.0}, {"x": 94.0, "y": 118.0}, {"x": 94.0, "y": 126.0}, {"x": 35.0, "y": 126.0}]}, "description": "Grilled Chickens"}, {"boundingPoly": {"vertices": [{"x": 32.0, "y": 126.0}, {"x": 79.0, "y": 126.0}, {"x": 79.0, "y": 134.0}, {"x": 32.0, "y": 134.0}]}, "description": "Bottled Water"}, {"boundingPoly": {"vertices": [{"x": 122.0, "y": 110.0}, {"x": 141.0, "y": 110.0}, {"x": 141.0, "y": 118.0}, {"x": 122.0, "y": 118.0}]}, "description": "$9.79"}, {"boundingPoly": {"vertices": [{"x": 121.0, "y": 118.0}, {"x": 142.0, "y": 118.0}, {"x": 142.0, "y": 126.0}, {"x": 121.0, "y": 127.0}]}, "description": "$2.00"}, {"boundingPoly": {"vertices": [{"x": 122.0, "y": 125.0}, {"x": 142.0, "y": 125.0}, {"x": 142.0, "y": 134.0}, {"x": 122.0, "y": 134.0}]}, "description": "$1.79"}, {"boundingPoly": {"vertices": [{"x": 32.0, "y": 142.0}, {"x": 62.0, "y": 142.0}, {"x": 62.0, "y": 150.0}, {"x": 32.0, "y": 151.0}]}, "description": "Subtotal"}, {"boundingPoly": {"vertices": [{"x": 34.0, "y": 151.0}, {"x": 46.0, "y": 151.0}, {"x": 45.0, "y": 159.0}, {"x": 33.0, "y": 159.0}]}, "description": "Tax"}, {"boundingPoly": {"vertices": [{"x": 33.0, "y": 160.0}, {"x": 51.0, "y": 160.0}, {"x": 51.0, "y": 167.0}, {"x": 33.0, "y": 167.0}]}, "description": "Total"}, {"boundingPoly": {"vertices": [{"x": 120.0, "y": 143.0}, {"x": 142.0, "y": 143.0}, {"x": 141.0, "y": 151.0}, {"x": 120.0, "y": 150.0}]}, "description": "$13,58"}, {"boundingPoly": {"vertices": [{"x": 122.0, "y": 151.0}, {"x": 141.0, "y": 150.0}, {"x": 141.0, "y": 159.0}, {"x": 122.0, "y": 159.0}]}, "description": "$1.21"}, {"boundingPoly": {"vertices": [{"x": 120.0, "y": 159.0}, {"x": 142.0, "y": 159.0}, {"x": 142.0, "y": 167.0}, {"x": 120.0, "y": 167.0}]}, "description": "514.79"}, {"boundingPoly": {"vertices": [{"x": 31.0, "y": 175.0}, {"x": 73.0, "y": 175.0}, {"x": 73.0, "y": 184.0}, {"x": 31.0, "y": 184.0}]}, "description": "Credit Card"}, {"boundingPoly": {"vertices": [{"x": 118.0, "y": 175.0}, {"x": 142.0, "y": 175.0}, {"x": 142.0, "y": 183.0}, {"x": 118.0, "y": 183.0}]}, "description": "Swiped"}, {"boundingPoly": {"vertices": [{"x": 98.0, "y": 184.0}, {"x": 142.0, "y": 184.0}, {"x": 142.0, "y": 191.0}, {"x": 98.0, "y": 192.0}]}, "description": "xxxxxxxxxxxxx1001"}, {"boundingPoly": {"vertices": [{"x": 29.0, "y": 202.0}, {"x": 89.0, "y": 202.0}, {"x": 89.0, "y": 211.0}, {"x": 29.0, "y": 211.0}]}, "description": "Transact fon Type"}, {"boundingPoly": {"vertices": [{"x": 29.0, "y": 211.0}, {"x": 79.0, "y": 211.0}, {"x": 79.0, "y": 220.0}, {"x": 29.0, "y": 220.0}]}, "description": "Authorization"}, {"boundingPoly": {"vertices": [{"x": 29.0, "y": 220.0}, {"x": 78.0, "y": 220.0}, {"x": 78.0, "y": 229.0}, {"x": 29.0, "y": 229.0}]}, "description": "Approval Code"}, {"boundingPoly": {"vertices": [{"x": 29.0, "y": 229.0}, {"x": 68.0, "y": 229.0}, {"x": 68.0, "y": 238.0}, {"x": 29.0, "y": 238.0}]}, "description": "Payment 10"}, {"boundingPoly": {"vertices": [{"x": 29.0, "y": 238.0}, {"x": 71.0, "y": 238.0}, {"x": 71.0, "y": 247.0}, {"x": 29.0, "y": 247.0}]}, "description": "Merchant ID"}, {"boundingPoly": {"vertices": [{"x": 30.0, "y": 247.0}, {"x": 71.0, "y": 247.0}, {"x": 71.0, "y": 256.0}, {"x": 30.0, "y": 255.0}]}, "description": "Card Reader"}, {"boundingPoly": {"vertices": [{"x": 127.0, "y": 201.0}, {"x": 140.0, "y": 201.0}, {"x": 140.0, "y": 209.0}, {"x": 127.0, "y": 209.0}]}, "description": "Sal"}, {"boundingPoly": {"vertices": [{"x": 112.0, "y": 211.0}, {"x": 144.0, "y": 211.0}, {"x": 144.0, "y": 218.0}, {"x": 112.0, "y": 219.0}]}, "description": "Approved"}, {"boundingPoly": {"vertices": [{"x": 118.0, "y": 220.0}, {"x": 143.0, "y": 219.0}, {"x": 144.0, "y": 227.0}, {"x": 118.0, "y": 228.0}]}, "description": "502406"}, {"boundingPoly": {"vertices": [{"x": 99.0, "y": 228.0}, {"x": 144.0, "y": 228.0}, {"x": 144.0, "y": 237.0}, {"x": 99.0, "y": 237.0}]}, "description": "Tof NP Jobsxw"}, {"boundingPoly": {"vertices": [{"x": 108.0, "y": 238.0}, {"x": 143.0, "y": 237.0}, {"x": 143.0, "y": 246.0}, {"x": 108.0, "y": 246.0}]}, "description": "032556371"}, {"boundingPoly": {"vertices": [{"x": 91.0, "y": 247.0}, {"x": 144.0, "y": 246.0}, {"x": 144.0, "y": 255.0}, {"x": 91.0, "y": 256.0}]}, "description": "MAGTEK_DYNAMAG"}, {"boundingPoly": {"vertices": [{"x": 65.0, "y": 265.0}, {"x": 89.0, "y": 266.0}, {"x": 89.0, "y": 274.0}, {"x": 65.0, "y": 274.0}]}, "description": "Amount"}, {"boundingPoly": {"vertices": [{"x": 120.0, "y": 265.0}, {"x": 144.0, "y": 264.0}, {"x": 144.0, "y": 273.0}, {"x": 120.0, "y": 274.0}]}, "description": "$14,79"}, {"boundingPoly": {"vertices": [{"x": 58.0, "y": 302.0}, {"x": 168.0, "y": 300.0}, {"x": 168.0, "y": 310.0}, {"x": 58.0, "y": 312.0}]}, "description": "Thank you for dining with us!"}, {"boundingPoly": {"vertices": [{"x": 55.0, "y": 311.0}, {"x": 171.0, "y": 309.0}, {"x": 171.0, "y": 318.0}, {"x": 55.0, "y": 319.0}]}, "description": "Earn rewards with the Chopt App."}]}