{"textAnnotations": [{"boundingPoly": {"vertices": [{"x": 162.0, "y": 36.0}, {"x": 181.0, "y": 36.0}, {"x": 181.0, "y": 48.0}, {"x": 162.0, "y": 48.0}]}, "description": "merchant name"}, {"boundingPoly": {"vertices": [{"x": 175.0, "y": 49.0}, {"x": 215.0, "y": 49.0}, {"x": 215.0, "y": 61.0}, {"x": 175.0, "y": 61.0}]}, "description": "merchant address"}, {"boundingPoly": {"vertices": [{"x": 189.0, "y": 63.0}, {"x": 248.0, "y": 61.0}, {"x": 249.0, "y": 73.0}, {"x": 189.0, "y": 75.0}]}, "description": "merchant phone"}, {"boundingPoly": {"vertices": [{"x": 183.0, "y": 35.0}, {"x": 191.0, "y": 35.0}, {"x": 191.0, "y": 48.0}, {"x": 183.0, "y": 48.0}]}, "description": "merchant name"}, {"boundingPoly": {"vertices": [{"x": 193.0, "y": 32.0}, {"x": 275.0, "y": 32.0}, {"x": 275.0, "y": 47.0}, {"x": 193.0, "y": 47.0}]}, "description": "merchant name"}, {"boundingPoly": {"vertices": [{"x": 217.0, "y": 47.0}, {"x": 258.0, "y": 47.0}, {"x": 258.0, "y": 60.0}, {"x": 217.0, "y": 60.0}]}, "description": "merchant address"}, {"boundingPoly": {"vertices": [{"x": 85.0, "y": 94.0}, {"x": 121.0, "y": 94.0}, {"x": 121.0, "y": 105.0}, {"x": 85.0, "y": 105.0}]}, "description": " Server:"}, {"boundingPoly": {"vertices": [{"x": 84.0, "y": 107.0}, {"x": 123.0, "y": 107.0}, {"x": 123.0, "y": 117.0}, {"x": 84.0, "y": 117.0}]}, "description": " 08:30 PM"}, {"boundingPoly": {"vertices": [{"x": 81.0, "y": 119.0}, {"x": 108.0, "y": 120.0}, {"x": 108.0, "y": 130.0}, {"x": 81.0, "y": 129.0}]}, "description": "41/10"}, {"boundingPoly": {"vertices": [{"x": 123.0, "y": 94.0}, {"x": 153.0, "y": 94.0}, {"x": 153.0, "y": 105.0}, {"x": 123.0, "y": 105.0}]}, "description": " Trenna"}, {"boundingPoly": {"vertices": [{"x": 279.0, "y": 88.0}, {"x": 302.0, "y": 88.0}, {"x": 302.0, "y": 100.0}, {"x": 279.0, "y": 100.0}]}, "description": " DO8:"}, {"boundingPoly": {"vertices": [{"x": 304.0, "y": 86.0}, {"x": 356.0, "y": 86.0}, {"x": 356.0, "y": 100.0}, {"x": 304.0, "y": 100.0}]}, "description": " 11/05/2019"}, {"boundingPoly": {"vertices": [{"x": 306.0, "y": 101.0}, {"x": 356.0, "y": 101.0}, {"x": 356.0, "y": 112.0}, {"x": 306.0, "y": 112.0}]}, "description": "11/05/2019"}, {"boundingPoly": {"vertices": [{"x": 320.0, "y": 116.0}, {"x": 356.0, "y": 116.0}, {"x": 356.0, "y": 128.0}, {"x": 320.0, "y": 128.0}]}, "description": "9/90111"}, {"boundingPoly": {"vertices": [{"x": 207.0, "y": 146.0}, {"x": 229.0, "y": 146.0}, {"x": 229.0, "y": 159.0}, {"x": 207.0, "y": 159.0}]}, "description": "SALE"}, {"boundingPoly": {"vertices": [{"x": 80.0, "y": 181.0}, {"x": 102.0, "y": 182.0}, {"x": 102.0, "y": 193.0}, {"x": 80.0, "y": 192.0}]}, "description": "FREX"}, {"boundingPoly": {"vertices": [{"x": 78.0, "y": 197.0}, {"x": 184.0, "y": 195.0}, {"x": 185.0, "y": 207.0}, {"x": 78.0, "y": 209.0}]}, "description": "Card #XXXXXXXXXXX1009"}, {"boundingPoly": {"vertices": [{"x": 80.0, "y": 211.0}, {"x": 189.0, "y": 211.0}, {"x": 189.0, "y": 226.0}, {"x": 80.0, "y": 226.0}]}, "description": " Magnetic card present:"}, {"boundingPoly": {"vertices": [{"x": 176.0, "y": 227.0}, {"x": 184.0, "y": 227.0}, {"x": 184.0, "y": 240.0}, {"x": 176.0, "y": 240.0}]}, "description": " S"}, {"boundingPoly": {"vertices": [{"x": 320.0, "y": 179.0}, {"x": 357.0, "y": 179.0}, {"x": 356.0, "y": 191.0}, {"x": 320.0, "y": 191.0}]}, "description": "7340051"}, {"boundingPoly": {"vertices": [{"x": 80.0, "y": 228.0}, {"x": 173.0, "y": 228.0}, {"x": 173.0, "y": 241.0}, {"x": 80.0, "y": 241.0}]}, "description": " Card Entry Method:"}, {"boundingPoly": {"vertices": [{"x": 78.0, "y": 260.0}, {"x": 125.0, "y": 260.0}, {"x": 125.0, "y": 273.0}, {"x": 78.0, "y": 273.0}]}, "description": " Approval:"}, {"boundingPoly": {"vertices": [{"x": 127.0, "y": 259.0}, {"x": 159.0, "y": 259.0}, {"x": 159.0, "y": 273.0}, {"x": 127.0, "y": 273.0}]}, "description": " 049500"}, {"boundingPoly": {"vertices": [{"x": 247.0, "y": 293.0}, {"x": 274.0, "y": 293.0}, {"x": 274.0, "y": 305.0}, {"x": 247.0, "y": 305.0}]}, "description": " Amount"}, {"boundingPoly": {"vertices": [{"x": 276.0, "y": 293.0}, {"x": 284.0, "y": 293.0}, {"x": 284.0, "y": 305.0}, {"x": 276.0, "y": 305.0}]}, "description": " :"}, {"boundingPoly": {"vertices": [{"x": 327.0, "y": 292.0}, {"x": 360.0, "y": 292.0}, {"x": 360.0, "y": 304.0}, {"x": 327.0, "y": 305.0}]}, "description": "$26.06"}, {"boundingPoly": {"vertices": [{"x": 155.0, "y": 326.0}, {"x": 258.0, "y": 326.0}, {"x": 258.0, "y": 338.0}, {"x": 155.0, "y": 338.0}]}, "description": " +Suggested Gratuity:"}, {"boundingPoly": {"vertices": [{"x": 331.0, "y": 325.0}, {"x": 360.0, "y": 325.0}, {"x": 360.0, "y": 337.0}, {"x": 331.0, "y": 337.0}]}, "description": "$4.88"}, {"boundingPoly": {"vertices": [{"x": 212.0, "y": 359.0}, {"x": 285.0, "y": 359.0}, {"x": 285.0, "y": 372.0}, {"x": 212.0, "y": 372.0}]}, "description": " = Balance Dus:"}, {"boundingPoly": {"vertices": [{"x": 328.0, "y": 358.0}, {"x": 362.0, "y": 359.0}, {"x": 362.0, "y": 371.0}, {"x": 328.0, "y": 370.0}]}, "description": "$30.92"}, {"boundingPoly": {"vertices": [{"x": 294.0, "y": 377.0}, {"x": 369.0, "y": 377.0}, {"x": 369.0, "y": 400.0}, {"x": 293.0, "y": 399.0}]}, "description": "LOICe)"}, {"boundingPoly": {"vertices": [{"x": 281.0, "y": 405.0}, {"x": 380.0, "y": 415.0}, {"x": 376.0, "y": 449.0}, {"x": 278.0, "y": 438.0}]}, "description": "0.92"}, {"boundingPoly": {"vertices": [{"x": 155.0, "y": 476.0}, {"x": 282.0, "y": 478.0}, {"x": 281.0, "y": 491.0}, {"x": 154.0, "y": 489.0}]}, "description": "I agree to pay the above"}, {"boundingPoly": {"vertices": [{"x": 140.0, "y": 494.0}, {"x": 293.0, "y": 496.0}, {"x": 293.0, "y": 509.0}, {"x": 140.0, "y": 506.0}]}, "description": "total amount according to the"}, {"boundingPoly": {"vertices": [{"x": 158.0, "y": 512.0}, {"x": 275.0, "y": 514.0}, {"x": 275.0, "y": 527.0}, {"x": 158.0, "y": 524.0}]}, "description": "card issuer agreement."}, {"boundingPoly": {"vertices": [{"x": 171.0, "y": 391.0}, {"x": 283.0, "y": 391.0}, {"x": 283.0, "y": 405.0}, {"x": 171.0, "y": 405.0}]}, "description": " + Add1/Other Gratuity:"}, {"boundingPoly": {"vertices": [{"x": 211.0, "y": 424.0}, {"x": 217.0, "y": 424.0}, {"x": 217.0, "y": 439.0}, {"x": 211.0, "y": 439.0}]}, "description": " ="}, {"boundingPoly": {"vertices": [{"x": 220.0, "y": 421.0}, {"x": 287.0, "y": 421.0}, {"x": 287.0, "y": 440.0}, {"x": 220.0, "y": 440.0}]}, "description": " Grand Total"}, {"boundingPoly": {"vertices": [{"x": 96.0, "y": 581.0}, {"x": 334.0, "y": 586.0}, {"x": 333.0, "y": 607.0}, {"x": 96.0, "y": 599.0}]}, "description": "A suggested gratuity of 15% - 20%"}, {"boundingPoly": {"vertices": [{"x": 94.0, "y": 619.0}, {"x": 326.0, "y": 626.0}, {"x": 326.0, "y": 647.0}, {"x": 93.0, "y": 637.0}]}, "description": "gratuity is always discretionary"}, {"boundingPoly": {"vertices": [{"x": 119.0, "y": 600.0}, {"x": 311.0, "y": 607.0}, {"x": 310.0, "y": 626.0}, {"x": 119.0, "y": 616.0}]}, "description": "is customary. The amount of"}]}