{"textAnnotations": [{"boundingPoly": {"vertices": [{"x": 322.0, "y": 169.0}, {"x": 676.0, "y": 169.0}, {"x": 676.0, "y": 203.0}, {"x": 322.0, "y": 203.0}]}, "description": "Thank You For Visiting the"}, {"boundingPoly": {"vertices": [{"x": 326.0, "y": 202.0}, {"x": 592.0, "y": 202.0}, {"x": 592.0, "y": 235.0}, {"x": 326.0, "y": 235.0}]}, "description": "merchant name"}, {"boundingPoly": {"vertices": [{"x": 388.0, "y": 235.0}, {"x": 610.0, "y": 238.0}, {"x": 610.0, "y": 267.0}, {"x": 387.0, "y": 264.0}]}, "description": "Matthew Fraysier"}, {"boundingPoly": {"vertices": [{"x": 397.0, "y": 267.0}, {"x": 602.0, "y": 271.0}, {"x": 601.0, "y": 299.0}, {"x": 397.0, "y": 293.0}]}, "description": "General Manager"}, {"boundingPoly": {"vertices": [{"x": 596.0, "y": 202.0}, {"x": 671.0, "y": 202.0}, {"x": 671.0, "y": 234.0}, {"x": 596.0, "y": 234.0}]}, "description": "merchant name"}, {"boundingPoly": {"vertices": [{"x": 414.0, "y": 295.0}, {"x": 592.0, "y": 299.0}, {"x": 591.0, "y": 328.0}, {"x": 413.0, "y": 324.0}]}, "description": "merchant phone"}, {"boundingPoly": {"vertices": [{"x": 350.0, "y": 326.0}, {"x": 650.0, "y": 331.0}, {"x": 649.0, "y": 361.0}, {"x": 349.0, "y": 355.0}]}, "description": "We Love Your Feedback!"}, {"boundingPoly": {"vertices": [{"x": 342.0, "y": 356.0}, {"x": 660.0, "y": 362.0}, {"x": 659.0, "y": 391.0}, {"x": 342.0, "y": 383.0}]}, "description": "Text @LTF11479 to 73940"}, {"boundingPoly": {"vertices": [{"x": 741.0, "y": 413.0}, {"x": 789.0, "y": 412.0}, {"x": 790.0, "y": 438.0}, {"x": 743.0, "y": 441.0}]}, "description": "USD"}, {"boundingPoly": {"vertices": [{"x": 222.0, "y": 443.0}, {"x": 491.0, "y": 445.0}, {"x": 491.0, "y": 473.0}, {"x": 222.0, "y": 471.0}]}, "description": "0.23 1b \u00d7 $ 7.68/1b"}, {"boundingPoly": {"vertices": [{"x": 222.0, "y": 475.0}, {"x": 381.0, "y": 475.0}, {"x": 381.0, "y": 500.0}, {"x": 222.0, "y": 500.0}]}, "description": "Large Plate"}, {"boundingPoly": {"vertices": [{"x": 223.0, "y": 502.0}, {"x": 289.0, "y": 502.0}, {"x": 289.0, "y": 531.0}, {"x": 223.0, "y": 531.0}]}, "description": " 0.43"}, {"boundingPoly": {"vertices": [{"x": 220.0, "y": 530.0}, {"x": 439.0, "y": 537.0}, {"x": 437.0, "y": 569.0}, {"x": 219.0, "y": 560.0}]}, "description": "Small Clamshell"}, {"boundingPoly": {"vertices": [{"x": 293.0, "y": 502.0}, {"x": 492.0, "y": 502.0}, {"x": 492.0, "y": 540.0}, {"x": 293.0, "y": 540.0}]}, "description": " lb \u00d7 $ 7.68/1b"}, {"boundingPoly": {"vertices": [{"x": 220.0, "y": 562.0}, {"x": 449.0, "y": 573.0}, {"x": 447.0, "y": 604.0}, {"x": 219.0, "y": 591.0}]}, "description": "Breakfast Pastry"}, {"boundingPoly": {"vertices": [{"x": 735.0, "y": 473.0}, {"x": 790.0, "y": 471.0}, {"x": 791.0, "y": 500.0}, {"x": 737.0, "y": 502.0}]}, "description": "1.77"}, {"boundingPoly": {"vertices": [{"x": 736.0, "y": 537.0}, {"x": 795.0, "y": 535.0}, {"x": 796.0, "y": 560.0}, {"x": 737.0, "y": 563.0}]}, "description": "3.30"}, {"boundingPoly": {"vertices": [{"x": 739.0, "y": 568.0}, {"x": 797.0, "y": 563.0}, {"x": 799.0, "y": 587.0}, {"x": 740.0, "y": 593.0}]}, "description": "1.89"}, {"boundingPoly": {"vertices": [{"x": 544.0, "y": 634.0}, {"x": 673.0, "y": 631.0}, {"x": 674.0, "y": 659.0}, {"x": 544.0, "y": 663.0}]}, "description": "Sub Total"}, {"boundingPoly": {"vertices": [{"x": 544.0, "y": 667.0}, {"x": 693.0, "y": 663.0}, {"x": 693.0, "y": 691.0}, {"x": 544.0, "y": 695.0}]}, "description": "Tax Amount"}, {"boundingPoly": {"vertices": [{"x": 740.0, "y": 626.0}, {"x": 802.0, "y": 624.0}, {"x": 802.0, "y": 651.0}, {"x": 742.0, "y": 654.0}]}, "description": "6.96"}, {"boundingPoly": {"vertices": [{"x": 742.0, "y": 657.0}, {"x": 803.0, "y": 655.0}, {"x": 805.0, "y": 682.0}, {"x": 744.0, "y": 685.0}]}, "description": "0.62"}, {"boundingPoly": {"vertices": [{"x": 203.0, "y": 766.0}, {"x": 467.0, "y": 766.0}, {"x": 467.0, "y": 821.0}, {"x": 203.0, "y": 821.0}]}, "description": "Total USD"}, {"boundingPoly": {"vertices": [{"x": 686.0, "y": 758.0}, {"x": 806.0, "y": 755.0}, {"x": 809.0, "y": 806.0}, {"x": 687.0, "y": 808.0}]}, "description": "7.58"}, {"boundingPoly": {"vertices": [{"x": 196.0, "y": 923.0}, {"x": 332.0, "y": 921.0}, {"x": 332.0, "y": 951.0}, {"x": 197.0, "y": 953.0}]}, "description": "5008 AMEX"}, {"boundingPoly": {"vertices": [{"x": 755.0, "y": 908.0}, {"x": 817.0, "y": 907.0}, {"x": 816.0, "y": 937.0}, {"x": 755.0, "y": 939.0}]}, "description": "7.58"}, {"boundingPoly": {"vertices": [{"x": 198.0, "y": 1030.0}, {"x": 244.0, "y": 1031.0}, {"x": 243.0, "y": 1056.0}, {"x": 197.0, "y": 1055.0}]}, "description": "Tax"}, {"boundingPoly": {"vertices": [{"x": 198.0, "y": 1058.0}, {"x": 319.0, "y": 1060.0}, {"x": 318.0, "y": 1090.0}, {"x": 197.0, "y": 1088.0}]}, "description": "() 8.875"}, {"boundingPoly": {"vertices": [{"x": 433.0, "y": 1018.0}, {"x": 653.0, "y": 1018.0}, {"x": 653.0, "y": 1056.0}, {"x": 433.0, "y": 1056.0}]}, "description": " Taxable Amount"}, {"boundingPoly": {"vertices": [{"x": 579.0, "y": 1057.0}, {"x": 642.0, "y": 1056.0}, {"x": 644.0, "y": 1085.0}, {"x": 581.0, "y": 1087.0}]}, "description": "6.96"}, {"boundingPoly": {"vertices": [{"x": 667.0, "y": 1017.0}, {"x": 819.0, "y": 1017.0}, {"x": 819.0, "y": 1050.0}, {"x": 667.0, "y": 1050.0}]}, "description": " Tax Amount"}, {"boundingPoly": {"vertices": [{"x": 760.0, "y": 1051.0}, {"x": 821.0, "y": 1052.0}, {"x": 821.0, "y": 1081.0}, {"x": 760.0, "y": 1081.0}]}, "description": "0.62"}, {"boundingPoly": {"vertices": [{"x": 195.0, "y": 1153.0}, {"x": 826.0, "y": 1153.0}, {"x": 826.0, "y": 1191.0}, {"x": 195.0, "y": 1191.0}]}, "description": " 11/12/2019 09:05 AM #:40221 Op:4024 C:111"}, {"boundingPoly": {"vertices": [{"x": 192.0, "y": 1189.0}, {"x": 345.0, "y": 1189.0}, {"x": 345.0, "y": 1223.0}, {"x": 192.0, "y": 1223.0}]}, "description": " 103 S:1111"}, {"boundingPoly": {"vertices": [{"x": 185.0, "y": 1227.0}, {"x": 352.0, "y": 1227.0}, {"x": 352.0, "y": 1263.0}, {"x": 185.0, "y": 1263.0}]}, "description": " Served you"}, {"boundingPoly": {"vertices": [{"x": 358.0, "y": 1228.0}, {"x": 680.0, "y": 1228.0}, {"x": 680.0, "y": 1267.0}, {"x": 358.0, "y": 1267.0}]}, "description": " : Winifred Wellington"}, {"boundingPoly": {"vertices": [{"x": 323.0, "y": 1380.0}, {"x": 651.0, "y": 1381.0}, {"x": 651.0, "y": 1415.0}, {"x": 322.0, "y": 1414.0}]}, "description": "*** Customer copy ***"}, {"boundingPoly": {"vertices": [{"x": 389.0, "y": 1457.0}, {"x": 603.0, "y": 1457.0}, {"x": 603.0, "y": 1493.0}, {"x": 389.0, "y": 1493.0}]}, "description": "AMEX NY937 (3)"}, {"boundingPoly": {"vertices": [{"x": 173.0, "y": 1538.0}, {"x": 483.0, "y": 1537.0}, {"x": 483.0, "y": 1572.0}, {"x": 173.0, "y": 1573.0}]}, "description": "PURCHASE / APPROVED"}, {"boundingPoly": {"vertices": [{"x": 174.0, "y": 1579.0}, {"x": 244.0, "y": 1578.0}, {"x": 244.0, "y": 1612.0}, {"x": 175.0, "y": 1612.0}]}, "description": "AMEX"}, {"boundingPoly": {"vertices": [{"x": 175.0, "y": 1619.0}, {"x": 418.0, "y": 1618.0}, {"x": 418.0, "y": 1650.0}, {"x": 175.0, "y": 1651.0}]}, "description": "*********** 1009"}, {"boundingPoly": {"vertices": [{"x": 171.0, "y": 1660.0}, {"x": 502.0, "y": 1658.0}, {"x": 502.0, "y": 1692.0}, {"x": 171.0, "y": 1694.0}]}, "description": "CONTACTLESS / No CVM"}, {"boundingPoly": {"vertices": [{"x": 168.0, "y": 1738.0}, {"x": 485.0, "y": 1738.0}, {"x": 485.0, "y": 1778.0}, {"x": 168.0, "y": 1778.0}]}, "description": " 2019/11/12 09:06:05"}, {"boundingPoly": {"vertices": [{"x": 170.0, "y": 1785.0}, {"x": 220.0, "y": 1784.0}, {"x": 220.0, "y": 1818.0}, {"x": 170.0, "y": 1819.0}]}, "description": "TID"}, {"boundingPoly": {"vertices": [{"x": 165.0, "y": 1828.0}, {"x": 222.0, "y": 1827.0}, {"x": 222.0, "y": 1860.0}, {"x": 166.0, "y": 1861.0}]}, "description": "MID"}, {"boundingPoly": {"vertices": [{"x": 165.0, "y": 1871.0}, {"x": 320.0, "y": 1867.0}, {"x": 321.0, "y": 1901.0}, {"x": 166.0, "y": 1906.0}]}, "description": "REFERENCE"}, {"boundingPoly": {"vertices": [{"x": 163.0, "y": 1914.0}, {"x": 318.0, "y": 1910.0}, {"x": 319.0, "y": 1946.0}, {"x": 164.0, "y": 1950.0}]}, "description": "AUTH CODE"}, {"boundingPoly": {"vertices": [{"x": 688.0, "y": 1778.0}, {"x": 821.0, "y": 1777.0}, {"x": 822.0, "y": 1810.0}, {"x": 688.0, "y": 1811.0}]}, "description": "**** 6038"}, {"boundingPoly": {"vertices": [{"x": 706.0, "y": 1819.0}, {"x": 824.0, "y": 1819.0}, {"x": 825.0, "y": 1854.0}, {"x": 706.0, "y": 1854.0}]}, "description": "6634459"}, {"boundingPoly": {"vertices": [{"x": 413.0, "y": 1865.0}, {"x": 827.0, "y": 1861.0}, {"x": 828.0, "y": 1897.0}, {"x": 413.0, "y": 1901.0}]}, "description": "S1111T111103#40221@278143"}, {"boundingPoly": {"vertices": [{"x": 726.0, "y": 1905.0}, {"x": 827.0, "y": 1905.0}, {"x": 826.0, "y": 1941.0}, {"x": 726.0, "y": 1941.0}]}, "description": "524067"}, {"boundingPoly": {"vertices": [{"x": 162.0, "y": 2002.0}, {"x": 245.0, "y": 2001.0}, {"x": 246.0, "y": 2038.0}, {"x": 163.0, "y": 2041.0}]}, "description": "TOTAL"}, {"boundingPoly": {"vertices": [{"x": 711.0, "y": 1994.0}, {"x": 833.0, "y": 1994.0}, {"x": 833.0, "y": 2031.0}, {"x": 711.0, "y": 2031.0}]}, "description": "USD7.58"}]}