{"textAnnotations": [{"boundingPoly": {"vertices": [{"x": 260.0, "y": 83.0}, {"x": 402.0, "y": 89.0}, {"x": 401.0, "y": 106.0}, {"x": 259.0, "y": 100.0}]}, "description": "merchant name"}, {"boundingPoly": {"vertices": [{"x": 195.0, "y": 112.0}, {"x": 462.0, "y": 120.0}, {"x": 461.0, "y": 138.0}, {"x": 194.0, "y": 132.0}]}, "description": "merchant address"}, {"boundingPoly": {"vertices": [{"x": 187.0, "y": 149.0}, {"x": 387.0, "y": 156.0}, {"x": 387.0, "y": 173.0}, {"x": 186.0, "y": 165.0}]}, "description": "REG VAT TIN# 145-485-901-000"}, {"boundingPoly": {"vertices": [{"x": 186.0, "y": 185.0}, {"x": 345.0, "y": 190.0}, {"x": 344.0, "y": 206.0}, {"x": 186.0, "y": 202.0}]}, "description": "M/I# 17110917342549865"}, {"boundingPoly": {"vertices": [{"x": 185.0, "y": 221.0}, {"x": 413.0, "y": 223.0}, {"x": 413.0, "y": 241.0}, {"x": 185.0, "y": 239.0}]}, "description": "Sales Invoice # 0000000000014959"}, {"boundingPoly": {"vertices": [{"x": 185.0, "y": 239.0}, {"x": 244.0, "y": 239.0}, {"x": 244.0, "y": 257.0}, {"x": 185.0, "y": 257.0}]}, "description": " SOLD TO:"}, {"boundingPoly": {"vertices": [{"x": 186.0, "y": 257.0}, {"x": 217.0, "y": 257.0}, {"x": 217.0, "y": 272.0}, {"x": 186.0, "y": 272.0}]}, "description": " TIN:"}, {"boundingPoly": {"vertices": [{"x": 185.0, "y": 275.0}, {"x": 243.0, "y": 275.0}, {"x": 243.0, "y": 293.0}, {"x": 185.0, "y": 293.0}]}, "description": " ADDRESS:"}, {"boundingPoly": {"vertices": [{"x": 184.0, "y": 292.0}, {"x": 292.0, "y": 292.0}, {"x": 292.0, "y": 310.0}, {"x": 184.0, "y": 310.0}]}, "description": " BUSINESS STYLE:"}, {"boundingPoly": {"vertices": [{"x": 184.0, "y": 310.0}, {"x": 223.0, "y": 310.0}, {"x": 223.0, "y": 327.0}, {"x": 184.0, "y": 327.0}]}, "description": " TABLE"}, {"boundingPoly": {"vertices": [{"x": 182.0, "y": 330.0}, {"x": 233.0, "y": 330.0}, {"x": 233.0, "y": 343.0}, {"x": 182.0, "y": 342.0}]}, "description": "======="}, {"boundingPoly": {"vertices": [{"x": 212.0, "y": 348.0}, {"x": 243.0, "y": 348.0}, {"x": 243.0, "y": 363.0}, {"x": 212.0, "y": 362.0}]}, "description": "ITEM"}, {"boundingPoly": {"vertices": [{"x": 189.0, "y": 132.0}, {"x": 324.0, "y": 136.0}, {"x": 323.0, "y": 153.0}, {"x": 188.0, "y": 148.0}]}, "description": "Global Taquig City"}, {"boundingPoly": {"vertices": [{"x": 187.0, "y": 168.0}, {"x": 330.0, "y": 172.0}, {"x": 329.0, "y": 189.0}, {"x": 187.0, "y": 184.0}]}, "description": "S/N # BPS17BAE110801"}, {"boundingPoly": {"vertices": [{"x": 185.0, "y": 203.0}, {"x": 434.0, "y": 206.0}, {"x": 434.0, "y": 224.0}, {"x": 185.0, "y": 221.0}]}, "description": "Permit # FP112017-044-0145687-00000"}, {"boundingPoly": {"vertices": [{"x": 247.0, "y": 240.0}, {"x": 302.0, "y": 240.0}, {"x": 302.0, "y": 257.0}, {"x": 247.0, "y": 257.0}]}, "description": " Walk in"}, {"boundingPoly": {"vertices": [{"x": 226.0, "y": 311.0}, {"x": 293.0, "y": 311.0}, {"x": 293.0, "y": 328.0}, {"x": 226.0, "y": 328.0}]}, "description": " : Table 2"}, {"boundingPoly": {"vertices": [{"x": 451.0, "y": 330.0}, {"x": 469.0, "y": 329.0}, {"x": 468.0, "y": 339.0}, {"x": 451.0, "y": 340.0}]}, "description": "=="}, {"boundingPoly": {"vertices": [{"x": 445.0, "y": 345.0}, {"x": 466.0, "y": 345.0}, {"x": 465.0, "y": 361.0}, {"x": 445.0, "y": 361.0}]}, "description": "EXT"}, {"boundingPoly": {"vertices": [{"x": 304.0, "y": 347.0}, {"x": 324.0, "y": 347.0}, {"x": 324.0, "y": 361.0}, {"x": 304.0, "y": 361.0}]}, "description": "QTY"}, {"boundingPoly": {"vertices": [{"x": 358.0, "y": 346.0}, {"x": 398.0, "y": 346.0}, {"x": 397.0, "y": 362.0}, {"x": 358.0, "y": 361.0}]}, "description": "PRICE"}, {"boundingPoly": {"vertices": [{"x": 180.0, "y": 384.0}, {"x": 292.0, "y": 383.0}, {"x": 293.0, "y": 399.0}, {"x": 180.0, "y": 400.0}]}, "description": "1 CHICKEN SATE"}, {"boundingPoly": {"vertices": [{"x": 200.0, "y": 401.0}, {"x": 305.0, "y": 401.0}, {"x": 305.0, "y": 417.0}, {"x": 200.0, "y": 417.0}]}, "description": "Vegetables Tof"}, {"boundingPoly": {"vertices": [{"x": 202.0, "y": 419.0}, {"x": 325.0, "y": 420.0}, {"x": 325.0, "y": 436.0}, {"x": 202.0, "y": 436.0}]}, "description": "Steam Pandan R 2"}, {"boundingPoly": {"vertices": [{"x": 199.0, "y": 437.0}, {"x": 270.0, "y": 438.0}, {"x": 270.0, "y": 455.0}, {"x": 199.0, "y": 453.0}]}, "description": "Sub light"}, {"boundingPoly": {"vertices": [{"x": 200.0, "y": 456.0}, {"x": 304.0, "y": 457.0}, {"x": 304.0, "y": 473.0}, {"x": 200.0, "y": 471.0}]}, "description": "Chicken in Gre"}, {"boundingPoly": {"vertices": [{"x": 317.0, "y": 386.0}, {"x": 324.0, "y": 386.0}, {"x": 324.0, "y": 397.0}, {"x": 317.0, "y": 397.0}]}, "description": "1"}, {"boundingPoly": {"vertices": [{"x": 353.0, "y": 382.0}, {"x": 398.0, "y": 383.0}, {"x": 397.0, "y": 399.0}, {"x": 352.0, "y": 397.0}]}, "description": "340.00"}, {"boundingPoly": {"vertices": [{"x": 351.0, "y": 399.0}, {"x": 398.0, "y": 400.0}, {"x": 397.0, "y": 416.0}, {"x": 351.0, "y": 416.0}]}, "description": "300.88"}, {"boundingPoly": {"vertices": [{"x": 358.0, "y": 419.0}, {"x": 397.0, "y": 419.0}, {"x": 397.0, "y": 435.0}, {"x": 358.0, "y": 436.0}]}, "description": "78.00"}, {"boundingPoly": {"vertices": [{"x": 357.0, "y": 436.0}, {"x": 397.0, "y": 437.0}, {"x": 397.0, "y": 453.0}, {"x": 357.0, "y": 454.0}]}, "description": "80.00"}, {"boundingPoly": {"vertices": [{"x": 352.0, "y": 455.0}, {"x": 397.0, "y": 456.0}, {"x": 397.0, "y": 472.0}, {"x": 351.0, "y": 471.0}]}, "description": "400.00"}, {"boundingPoly": {"vertices": [{"x": 423.0, "y": 382.0}, {"x": 469.0, "y": 382.0}, {"x": 468.0, "y": 398.0}, {"x": 423.0, "y": 397.0}]}, "description": "340.00"}, {"boundingPoly": {"vertices": [{"x": 423.0, "y": 399.0}, {"x": 470.0, "y": 400.0}, {"x": 470.0, "y": 416.0}, {"x": 422.0, "y": 416.0}]}, "description": "300.80"}, {"boundingPoly": {"vertices": [{"x": 422.0, "y": 419.0}, {"x": 470.0, "y": 419.0}, {"x": 470.0, "y": 435.0}, {"x": 422.0, "y": 435.0}]}, "description": "140.08"}, {"boundingPoly": {"vertices": [{"x": 431.0, "y": 437.0}, {"x": 470.0, "y": 436.0}, {"x": 470.0, "y": 452.0}, {"x": 431.0, "y": 453.0}]}, "description": "88.08"}, {"boundingPoly": {"vertices": [{"x": 424.0, "y": 457.0}, {"x": 470.0, "y": 456.0}, {"x": 470.0, "y": 472.0}, {"x": 424.0, "y": 472.0}]}, "description": "400.00"}, {"boundingPoly": {"vertices": [{"x": 178.0, "y": 402.0}, {"x": 195.0, "y": 403.0}, {"x": 193.0, "y": 414.0}, {"x": 177.0, "y": 413.0}]}, "description": "2"}, {"boundingPoly": {"vertices": [{"x": 177.0, "y": 421.0}, {"x": 195.0, "y": 421.0}, {"x": 194.0, "y": 433.0}, {"x": 176.0, "y": 433.0}]}, "description": "3"}, {"boundingPoly": {"vertices": [{"x": 177.0, "y": 437.0}, {"x": 195.0, "y": 438.0}, {"x": 193.0, "y": 450.0}, {"x": 175.0, "y": 450.0}]}, "description": "4"}, {"boundingPoly": {"vertices": [{"x": 178.0, "y": 455.0}, {"x": 193.0, "y": 456.0}, {"x": 192.0, "y": 469.0}, {"x": 178.0, "y": 468.0}]}, "description": "5"}, {"boundingPoly": {"vertices": [{"x": 315.0, "y": 440.0}, {"x": 325.0, "y": 440.0}, {"x": 325.0, "y": 451.0}, {"x": 314.0, "y": 451.0}]}, "description": "1"}, {"boundingPoly": {"vertices": [{"x": 294.0, "y": 493.0}, {"x": 330.0, "y": 494.0}, {"x": 330.0, "y": 512.0}, {"x": 294.0, "y": 511.0}]}, "description": "[ 6]"}, {"boundingPoly": {"vertices": [{"x": 178.0, "y": 511.0}, {"x": 269.0, "y": 511.0}, {"x": 269.0, "y": 528.0}, {"x": 177.0, "y": 527.0}]}, "description": "Total Amount"}, {"boundingPoly": {"vertices": [{"x": 175.0, "y": 530.0}, {"x": 273.0, "y": 531.0}, {"x": 273.0, "y": 547.0}, {"x": 175.0, "y": 546.0}]}, "description": "VATable sales"}, {"boundingPoly": {"vertices": [{"x": 177.0, "y": 549.0}, {"x": 252.0, "y": 549.0}, {"x": 252.0, "y": 566.0}, {"x": 177.0, "y": 565.0}]}, "description": "VAT Amount"}, {"boundingPoly": {"vertices": [{"x": 174.0, "y": 568.0}, {"x": 294.0, "y": 568.0}, {"x": 294.0, "y": 586.0}, {"x": 174.0, "y": 585.0}]}, "description": "VAT Exempt sales"}, {"boundingPoly": {"vertices": [{"x": 174.0, "y": 587.0}, {"x": 295.0, "y": 587.0}, {"x": 295.0, "y": 604.0}, {"x": 174.0, "y": 604.0}]}, "description": "Zero-Rated Sales"}, {"boundingPoly": {"vertices": [{"x": 177.0, "y": 608.0}, {"x": 266.0, "y": 607.0}, {"x": 266.0, "y": 623.0}, {"x": 177.0, "y": 625.0}]}, "description": ".Balance Due"}, {"boundingPoly": {"vertices": [{"x": 177.0, "y": 625.0}, {"x": 278.0, "y": 625.0}, {"x": 278.0, "y": 643.0}, {"x": 177.0, "y": 643.0}]}, "description": ".CREDIT [AMER]"}, {"boundingPoly": {"vertices": [{"x": 170.0, "y": 645.0}, {"x": 236.0, "y": 645.0}, {"x": 236.0, "y": 663.0}, {"x": 170.0, "y": 663.0}]}, "description": " Card No."}, {"boundingPoly": {"vertices": [{"x": 169.0, "y": 667.0}, {"x": 229.0, "y": 666.0}, {"x": 230.0, "y": 678.0}, {"x": 170.0, "y": 680.0}]}, "description": "========"}, {"boundingPoly": {"vertices": [{"x": 171.0, "y": 685.0}, {"x": 247.0, "y": 685.0}, {"x": 247.0, "y": 703.0}, {"x": 171.0, "y": 703.0}]}, "description": " SC/PUD ID"}, {"boundingPoly": {"vertices": [{"x": 171.0, "y": 703.0}, {"x": 262.0, "y": 703.0}, {"x": 262.0, "y": 723.0}, {"x": 171.0, "y": 723.0}]}, "description": " SC/PHD NAME:"}, {"boundingPoly": {"vertices": [{"x": 169.0, "y": 725.0}, {"x": 255.0, "y": 722.0}, {"x": 256.0, "y": 739.0}, {"x": 169.0, "y": 742.0}]}, "description": "Sign SC/PHD"}, {"boundingPoly": {"vertices": [{"x": 170.0, "y": 742.0}, {"x": 459.0, "y": 743.0}, {"x": 459.0, "y": 764.0}, {"x": 170.0, "y": 762.0}]}, "description": "THIS RECEIPT SHALL BE VALID FOR FIVE(5)"}, {"boundingPoly": {"vertices": [{"x": 168.0, "y": 763.0}, {"x": 448.0, "y": 763.0}, {"x": 448.0, "y": 783.0}, {"x": 168.0, "y": 782.0}]}, "description": "YEARS FROM THE DATE OF THE PERMIT USE"}, {"boundingPoly": {"vertices": [{"x": 166.0, "y": 783.0}, {"x": 374.0, "y": 783.0}, {"x": 374.0, "y": 802.0}, {"x": 166.0, "y": 802.0}]}, "description": " POS1 12/11/2019 PM 14:44:40"}, {"boundingPoly": {"vertices": [{"x": 164.0, "y": 805.0}, {"x": 381.0, "y": 803.0}, {"x": 381.0, "y": 821.0}, {"x": 165.0, "y": 823.0}]}, "description": "Cashier SIGMAR Transaction#5"}, {"boundingPoly": {"vertices": [{"x": 183.0, "y": 823.0}, {"x": 432.0, "y": 824.0}, {"x": 432.0, "y": 844.0}, {"x": 183.0, "y": 844.0}]}, "description": "This serves As Official Receipt .."}, {"boundingPoly": {"vertices": [{"x": 211.0, "y": 844.0}, {"x": 388.0, "y": 845.0}, {"x": 388.0, "y": 864.0}, {"x": 211.0, "y": 863.0}]}, "description": "Thank you. . Come Again .."}, {"boundingPoly": {"vertices": [{"x": 166.0, "y": 864.0}, {"x": 327.0, "y": 864.0}, {"x": 327.0, "y": 885.0}, {"x": 166.0, "y": 885.0}]}, "description": " THIS RECEIPT SHALL BE"}, {"boundingPoly": {"vertices": [{"x": 261.0, "y": 885.0}, {"x": 327.0, "y": 885.0}, {"x": 327.0, "y": 905.0}, {"x": 261.0, "y": 905.0}]}, "description": " FROM THE"}, {"boundingPoly": {"vertices": [{"x": 162.0, "y": 906.0}, {"x": 266.0, "y": 906.0}, {"x": 266.0, "y": 925.0}, {"x": 162.0, "y": 926.0}]}, "description": "PERMIT TO USE"}, {"boundingPoly": {"vertices": [{"x": 163.0, "y": 928.0}, {"x": 450.0, "y": 928.0}, {"x": 450.0, "y": 952.0}, {"x": 163.0, "y": 952.0}]}, "description": " supplyer:Jabapos solution philippines"}, {"boundingPoly": {"vertices": [{"x": 161.0, "y": 950.0}, {"x": 425.0, "y": 950.0}, {"x": 425.0, "y": 971.0}, {"x": 161.0, "y": 971.0}]}, "description": " Adress:Soong2 Mactan Lapulapu city"}, {"boundingPoly": {"vertices": [{"x": 162.0, "y": 971.0}, {"x": 264.0, "y": 971.0}, {"x": 264.0, "y": 990.0}, {"x": 162.0, "y": 990.0}]}, "description": " Accredetation"}, {"boundingPoly": {"vertices": [{"x": 160.0, "y": 989.0}, {"x": 344.0, "y": 989.0}, {"x": 344.0, "y": 1009.0}, {"x": 160.0, "y": 1008.0}]}, "description": "08025691831000052648412"}, {"boundingPoly": {"vertices": [{"x": 161.0, "y": 1012.0}, {"x": 249.0, "y": 1012.0}, {"x": 249.0, "y": 1031.0}, {"x": 161.0, "y": 1031.0}]}, "description": " Date issued"}, {"boundingPoly": {"vertices": [{"x": 409.0, "y": 513.0}, {"x": 470.0, "y": 512.0}, {"x": 470.0, "y": 528.0}, {"x": 409.0, "y": 529.0}]}, "description": "1,268.00"}, {"boundingPoly": {"vertices": [{"x": 408.0, "y": 530.0}, {"x": 470.0, "y": 529.0}, {"x": 470.0, "y": 547.0}, {"x": 408.0, "y": 547.0}]}, "description": "1,125.08"}, {"boundingPoly": {"vertices": [{"x": 424.0, "y": 550.0}, {"x": 470.0, "y": 550.0}, {"x": 470.0, "y": 566.0}, {"x": 424.0, "y": 566.0}]}, "description": "135.00"}, {"boundingPoly": {"vertices": [{"x": 439.0, "y": 569.0}, {"x": 470.0, "y": 569.0}, {"x": 469.0, "y": 585.0}, {"x": 438.0, "y": 585.0}]}, "description": "0.00"}, {"boundingPoly": {"vertices": [{"x": 437.0, "y": 589.0}, {"x": 470.0, "y": 588.0}, {"x": 470.0, "y": 604.0}, {"x": 437.0, "y": 604.0}]}, "description": "8.08"}, {"boundingPoly": {"vertices": [{"x": 408.0, "y": 607.0}, {"x": 470.0, "y": 608.0}, {"x": 470.0, "y": 625.0}, {"x": 408.0, "y": 624.0}]}, "description": "1.268.00"}, {"boundingPoly": {"vertices": [{"x": 407.0, "y": 626.0}, {"x": 470.0, "y": 625.0}, {"x": 470.0, "y": 643.0}, {"x": 407.0, "y": 643.0}]}, "description": "1,260.08"}, {"boundingPoly": {"vertices": [{"x": 239.0, "y": 645.0}, {"x": 376.0, "y": 645.0}, {"x": 376.0, "y": 663.0}, {"x": 239.0, "y": 663.0}]}, "description": " : XXXXXXXXXXXX1007"}, {"boundingPoly": {"vertices": [{"x": 334.0, "y": 665.0}, {"x": 470.0, "y": 668.0}, {"x": 469.0, "y": 681.0}, {"x": 334.0, "y": 678.0}]}, "description": "=================="}, {"boundingPoly": {"vertices": [{"x": 252.0, "y": 685.0}, {"x": 264.0, "y": 685.0}, {"x": 264.0, "y": 702.0}, {"x": 252.0, "y": 702.0}]}, "description": " :"}, {"boundingPoly": {"vertices": [{"x": 331.0, "y": 865.0}, {"x": 372.0, "y": 865.0}, {"x": 372.0, "y": 884.0}, {"x": 331.0, "y": 884.0}]}, "description": " VALID"}, {"boundingPoly": {"vertices": [{"x": 330.0, "y": 885.0}, {"x": 365.0, "y": 885.0}, {"x": 365.0, "y": 905.0}, {"x": 330.0, "y": 905.0}]}, "description": " DATE"}, {"boundingPoly": {"vertices": [{"x": 375.0, "y": 865.0}, {"x": 404.0, "y": 865.0}, {"x": 404.0, "y": 884.0}, {"x": 375.0, "y": 884.0}]}, "description": " FOR"}, {"boundingPoly": {"vertices": [{"x": 368.0, "y": 886.0}, {"x": 419.0, "y": 886.0}, {"x": 419.0, "y": 906.0}, {"x": 368.0, "y": 906.0}]}, "description": " OF THE"}, {"boundingPoly": {"vertices": [{"x": 161.0, "y": 886.0}, {"x": 258.0, "y": 886.0}, {"x": 258.0, "y": 906.0}, {"x": 161.0, "y": 906.0}]}, "description": " FIVE(5)YEARS"}, {"boundingPoly": {"vertices": [{"x": 267.0, "y": 971.0}, {"x": 281.0, "y": 971.0}, {"x": 281.0, "y": 989.0}, {"x": 267.0, "y": 989.0}]}, "description": " #"}, {"boundingPoly": {"vertices": [{"x": 252.0, "y": 1012.0}, {"x": 403.0, "y": 1012.0}, {"x": 403.0, "y": 1033.0}, {"x": 252.0, "y": 1033.0}]}, "description": " : NOVEMBER 18, 2017"}]}