{"textAnnotations": [{"boundingPoly": {"vertices": [{"x": 324.0, "y": 96.0}, {"x": 504.0, "y": 101.0}, {"x": 504.0, "y": 122.0}, {"x": 324.0, "y": 117.0}]}, "description": "merchant name"}, {"boundingPoly": {"vertices": [{"x": 365.0, "y": 122.0}, {"x": 476.0, "y": 124.0}, {"x": 475.0, "y": 146.0}, {"x": 365.0, "y": 143.0}]}, "description": "merchant address"}, {"boundingPoly": {"vertices": [{"x": 308.0, "y": 145.0}, {"x": 522.0, "y": 150.0}, {"x": 521.0, "y": 170.0}, {"x": 308.0, "y": 165.0}]}, "description": "merchant address"}, {"boundingPoly": {"vertices": [{"x": 226.0, "y": 190.0}, {"x": 340.0, "y": 190.0}, {"x": 340.0, "y": 213.0}, {"x": 226.0, "y": 213.0}]}, "description": " Merchant. ID:"}, {"boundingPoly": {"vertices": [{"x": 228.0, "y": 215.0}, {"x": 297.0, "y": 215.0}, {"x": 297.0, "y": 235.0}, {"x": 228.0, "y": 235.0}]}, "description": " Term #:"}, {"boundingPoly": {"vertices": [{"x": 344.0, "y": 192.0}, {"x": 386.0, "y": 192.0}, {"x": 386.0, "y": 214.0}, {"x": 344.0, "y": 214.0}]}, "description": " 1110"}, {"boundingPoly": {"vertices": [{"x": 300.0, "y": 215.0}, {"x": 340.0, "y": 215.0}, {"x": 340.0, "y": 235.0}, {"x": 300.0, "y": 235.0}]}, "description": " 0006"}, {"boundingPoly": {"vertices": [{"x": 489.0, "y": 220.0}, {"x": 564.0, "y": 220.0}, {"x": 564.0, "y": 240.0}, {"x": 489.0, "y": 240.0}]}, "description": " Store #:"}, {"boundingPoly": {"vertices": [{"x": 504.0, "y": 242.0}, {"x": 605.0, "y": 243.0}, {"x": 605.0, "y": 262.0}, {"x": 504.0, "y": 261.0}]}, "description": "Ref #. 0119"}, {"boundingPoly": {"vertices": [{"x": 567.0, "y": 221.0}, {"x": 606.0, "y": 221.0}, {"x": 606.0, "y": 240.0}, {"x": 567.0, "y": 240.0}]}, "description": " 0001"}, {"boundingPoly": {"vertices": [{"x": 230.0, "y": 257.0}, {"x": 325.0, "y": 257.0}, {"x": 325.0, "y": 280.0}, {"x": 230.0, "y": 280.0}]}, "description": " Server ID:"}, {"boundingPoly": {"vertices": [{"x": 329.0, "y": 260.0}, {"x": 340.0, "y": 260.0}, {"x": 340.0, "y": 281.0}, {"x": 329.0, "y": 281.0}]}, "description": " 1"}, {"boundingPoly": {"vertices": [{"x": 372.0, "y": 302.0}, {"x": 446.0, "y": 306.0}, {"x": 445.0, "y": 335.0}, {"x": 371.0, "y": 334.0}]}, "description": "Sale"}, {"boundingPoly": {"vertices": [{"x": 225.0, "y": 357.0}, {"x": 369.0, "y": 362.0}, {"x": 368.0, "y": 393.0}, {"x": 223.0, "y": 387.0}]}, "description": "XXXXXXXXXXX2002"}, {"boundingPoly": {"vertices": [{"x": 227.0, "y": 399.0}, {"x": 267.0, "y": 400.0}, {"x": 265.0, "y": 432.0}, {"x": 225.0, "y": 431.0}]}, "description": "AMEX"}, {"boundingPoly": {"vertices": [{"x": 442.0, "y": 405.0}, {"x": 556.0, "y": 405.0}, {"x": 556.0, "y": 438.0}, {"x": 442.0, "y": 438.0}]}, "description": " Entry Method:"}, {"boundingPoly": {"vertices": [{"x": 562.0, "y": 406.0}, {"x": 607.0, "y": 406.0}, {"x": 607.0, "y": 439.0}, {"x": 562.0, "y": 439.0}]}, "description": " Chip"}, {"boundingPoly": {"vertices": [{"x": 222.0, "y": 488.0}, {"x": 345.0, "y": 488.0}, {"x": 345.0, "y": 520.0}, {"x": 222.0, "y": 520.0}]}, "description": " Amount:"}, {"boundingPoly": {"vertices": [{"x": 224.0, "y": 530.0}, {"x": 296.0, "y": 530.0}, {"x": 296.0, "y": 561.0}, {"x": 224.0, "y": 561.0}]}, "description": " Tip:"}, {"boundingPoly": {"vertices": [{"x": 351.0, "y": 488.0}, {"x": 376.0, "y": 488.0}, {"x": 376.0, "y": 520.0}, {"x": 351.0, "y": 520.0}]}, "description": " $"}, {"boundingPoly": {"vertices": [{"x": 516.0, "y": 489.0}, {"x": 609.0, "y": 488.0}, {"x": 609.0, "y": 524.0}, {"x": 515.0, "y": 523.0}]}, "description": "59.75"}, {"boundingPoly": {"vertices": [{"x": 458.0, "y": 545.0}, {"x": 581.0, "y": 546.0}, {"x": 581.0, "y": 588.0}, {"x": 460.0, "y": 588.0}]}, "description": "12- 00"}, {"boundingPoly": {"vertices": [{"x": 460.0, "y": 605.0}, {"x": 605.0, "y": 604.0}, {"x": 606.0, "y": 648.0}, {"x": 460.0, "y": 650.0}]}, "description": "71 - 73"}, {"boundingPoly": {"vertices": [{"x": 221.0, "y": 593.0}, {"x": 327.0, "y": 593.0}, {"x": 327.0, "y": 629.0}, {"x": 221.0, "y": 629.0}]}, "description": " Total:"}, {"boundingPoly": {"vertices": [{"x": 217.0, "y": 743.0}, {"x": 299.0, "y": 743.0}, {"x": 299.0, "y": 777.0}, {"x": 217.0, "y": 777.0}]}, "description": " 11/1:1/19"}, {"boundingPoly": {"vertices": [{"x": 279.0, "y": 787.0}, {"x": 342.0, "y": 787.0}, {"x": 342.0, "y": 821.0}, {"x": 279.0, "y": 821.0}]}, "description": " 000061"}, {"boundingPoly": {"vertices": [{"x": 217.0, "y": 830.0}, {"x": 352.0, "y": 830.0}, {"x": 352.0, "y": 866.0}, {"x": 217.0, "y": 866.0}]}, "description": " Transaction ID:"}, {"boundingPoly": {"vertices": [{"x": 285.0, "y": 870.0}, {"x": 350.0, "y": 870.0}, {"x": 350.0, "y": 912.0}, {"x": 285.0, "y": 912.0}]}, "description": " Online"}, {"boundingPoly": {"vertices": [{"x": 216.0, "y": 939.0}, {"x": 368.0, "y": 937.0}, {"x": 369.0, "y": 972.0}, {"x": 216.0, "y": 975.0}]}, "description": "AMERICAN EXPRESS"}, {"boundingPoly": {"vertices": [{"x": 263.0, "y": 977.0}, {"x": 410.0, "y": 977.0}, {"x": 410.0, "y": 1001.0}, {"x": 263.0, "y": 1001.0}]}, "description": " A000000025010801"}, {"boundingPoly": {"vertices": [{"x": 262.0, "y": 1002.0}, {"x": 303.0, "y": 1002.0}, {"x": 303.0, "y": 1021.0}, {"x": 262.0, "y": 1021.0}]}, "description": " F800"}, {"boundingPoly": {"vertices": [{"x": 263.0, "y": 1019.0}, {"x": 358.0, "y": 1019.0}, {"x": 358.0, "y": 1041.0}, {"x": 263.0, "y": 1041.0}]}, "description": " 0000008000"}, {"boundingPoly": {"vertices": [{"x": 527.0, "y": 745.0}, {"x": 603.0, "y": 745.0}, {"x": 603.0, "y": 776.0}, {"x": 527.0, "y": 776.0}]}, "description": " 16:57:08"}, {"boundingPoly": {"vertices": [{"x": 541.0, "y": 786.0}, {"x": 600.0, "y": 786.0}, {"x": 600.0, "y": 819.0}, {"x": 541.0, "y": 819.0}]}, "description": " 817517"}, {"boundingPoly": {"vertices": [{"x": 220.0, "y": 789.0}, {"x": 274.0, "y": 789.0}, {"x": 274.0, "y": 822.0}, {"x": 220.0, "y": 822.0}]}, "description": " Inv #:"}, {"boundingPoly": {"vertices": [{"x": 449.0, "y": 788.0}, {"x": 536.0, "y": 788.0}, {"x": 536.0, "y": 821.0}, {"x": 449.0, "y": 821.0}]}, "description": " Appr Code:"}, {"boundingPoly": {"vertices": [{"x": 358.0, "y": 829.0}, {"x": 504.0, "y": 829.0}, {"x": 504.0, "y": 864.0}, {"x": 358.0, "y": 864.0}]}, "description": " 007542167181977"}, {"boundingPoly": {"vertices": [{"x": 470.0, "y": 868.0}, {"x": 527.0, "y": 868.0}, {"x": 527.0, "y": 908.0}, {"x": 470.0, "y": 908.0}]}, "description": " Batch#:"}, {"boundingPoly": {"vertices": [{"x": 218.0, "y": 872.0}, {"x": 278.0, "y": 872.0}, {"x": 278.0, "y": 912.0}, {"x": 218.0, "y": 912.0}]}, "description": " Apprvd:"}, {"boundingPoly": {"vertices": [{"x": 535.0, "y": 867.0}, {"x": 606.0, "y": 867.0}, {"x": 606.0, "y": 907.0}, {"x": 535.0, "y": 907.0}]}, "description": " 000302"}, {"boundingPoly": {"vertices": [{"x": 217.0, "y": 984.0}, {"x": 260.0, "y": 984.0}, {"x": 260.0, "y": 1003.0}, {"x": 217.0, "y": 1003.0}]}, "description": " AID:"}, {"boundingPoly": {"vertices": [{"x": 217.0, "y": 1004.0}, {"x": 259.0, "y": 1004.0}, {"x": 259.0, "y": 1024.0}, {"x": 217.0, "y": 1024.0}]}, "description": " TSI:"}, {"boundingPoly": {"vertices": [{"x": 217.0, "y": 1024.0}, {"x": 260.0, "y": 1024.0}, {"x": 260.0, "y": 1043.0}, {"x": 217.0, "y": 1043.0}]}, "description": " TVR:"}, {"boundingPoly": {"vertices": [{"x": 344.0, "y": 1082.0}, {"x": 460.0, "y": 1076.0}, {"x": 461.0, "y": 1095.0}, {"x": 345.0, "y": 1100.0}]}, "description": "Customer Copy"}]}