{"textAnnotations": [{"boundingPoly": {"vertices": [{"x": 202.0, "y": 89.0}, {"x": 294.0, "y": 102.0}, {"x": 290.0, "y": 126.0}, {"x": 200.0, "y": 113.0}]}, "description": "0048"}, {"boundingPoly": {"vertices": [{"x": 289.0, "y": 125.0}, {"x": 382.0, "y": 125.0}, {"x": 382.0, "y": 154.0}, {"x": 289.0, "y": 154.0}]}, "description": " ANDRIA W"}, {"boundingPoly": {"vertices": [{"x": 202.0, "y": 116.0}, {"x": 286.0, "y": 116.0}, {"x": 286.0, "y": 148.0}, {"x": 202.0, "y": 148.0}]}, "description": " Server:"}, {"boundingPoly": {"vertices": [{"x": 203.0, "y": 140.0}, {"x": 508.0, "y": 140.0}, {"x": 508.0, "y": 176.0}, {"x": 203.0, "y": 176.0}]}, "description": " 11/19/19 21:44, Swiped T:"}, {"boundingPoly": {"vertices": [{"x": 203.0, "y": 189.0}, {"x": 308.0, "y": 199.0}, {"x": 305.0, "y": 225.0}, {"x": 201.0, "y": 214.0}]}, "description": "merchant name"}, {"boundingPoly": {"vertices": [{"x": 203.0, "y": 239.0}, {"x": 429.0, "y": 248.0}, {"x": 428.0, "y": 273.0}, {"x": 203.0, "y": 267.0}]}, "description": "merchant address"}, {"boundingPoly": {"vertices": [{"x": 512.0, "y": 138.0}, {"x": 615.0, "y": 138.0}, {"x": 615.0, "y": 172.0}, {"x": 512.0, "y": 172.0}]}, "description": " 23 Term:"}, {"boundingPoly": {"vertices": [{"x": 619.0, "y": 136.0}, {"x": 637.0, "y": 136.0}, {"x": 637.0, "y": 159.0}, {"x": 619.0, "y": 159.0}]}, "description": " 2"}, {"boundingPoly": {"vertices": [{"x": 553.0, "y": 115.0}, {"x": 605.0, "y": 115.0}, {"x": 605.0, "y": 142.0}, {"x": 553.0, "y": 142.0}]}, "description": " Rec:"}, {"boundingPoly": {"vertices": [{"x": 607.0, "y": 112.0}, {"x": 634.0, "y": 112.0}, {"x": 634.0, "y": 136.0}, {"x": 607.0, "y": 136.0}]}, "description": " 61"}, {"boundingPoly": {"vertices": [{"x": 204.0, "y": 215.0}, {"x": 428.0, "y": 223.0}, {"x": 427.0, "y": 250.0}, {"x": 203.0, "y": 243.0}]}, "description": "merchant address"}, {"boundingPoly": {"vertices": [{"x": 206.0, "y": 265.0}, {"x": 354.0, "y": 273.0}, {"x": 353.0, "y": 298.0}, {"x": 205.0, "y": 289.0}]}, "description": "merchant phone"}, {"boundingPoly": {"vertices": [{"x": 204.0, "y": 317.0}, {"x": 313.0, "y": 324.0}, {"x": 311.0, "y": 348.0}, {"x": 203.0, "y": 341.0}]}, "description": "CARD TYPE"}, {"boundingPoly": {"vertices": [{"x": 205.0, "y": 370.0}, {"x": 469.0, "y": 372.0}, {"x": 468.0, "y": 400.0}, {"x": 205.0, "y": 398.0}]}, "description": "00 TRANSACTION APPROVED"}, {"boundingPoly": {"vertices": [{"x": 206.0, "y": 399.0}, {"x": 395.0, "y": 399.0}, {"x": 395.0, "y": 426.0}, {"x": 206.0, "y": 426.0}]}, "description": " AUTHORIZATION #:"}, {"boundingPoly": {"vertices": [{"x": 204.0, "y": 425.0}, {"x": 331.0, "y": 425.0}, {"x": 331.0, "y": 453.0}, {"x": 204.0, "y": 453.0}]}, "description": " Reference:"}, {"boundingPoly": {"vertices": [{"x": 206.0, "y": 452.0}, {"x": 341.0, "y": 452.0}, {"x": 341.0, "y": 480.0}, {"x": 206.0, "y": 480.0}]}, "description": " TRANS TYPE:"}, {"boundingPoly": {"vertices": [{"x": 397.0, "y": 324.0}, {"x": 555.0, "y": 317.0}, {"x": 556.0, "y": 340.0}, {"x": 398.0, "y": 348.0}]}, "description": "ACCOUNT NUMBER"}, {"boundingPoly": {"vertices": [{"x": 205.0, "y": 344.0}, {"x": 582.0, "y": 340.0}, {"x": 582.0, "y": 369.0}, {"x": 205.0, "y": 374.0}]}, "description": "AMERICAN EXPRES XXXXXXXXXXXX2008"}, {"boundingPoly": {"vertices": [{"x": 399.0, "y": 400.0}, {"x": 472.0, "y": 400.0}, {"x": 472.0, "y": 426.0}, {"x": 399.0, "y": 426.0}]}, "description": " 529348"}, {"boundingPoly": {"vertices": [{"x": 336.0, "y": 425.0}, {"x": 487.0, "y": 425.0}, {"x": 487.0, "y": 453.0}, {"x": 336.0, "y": 453.0}]}, "description": " 1119010000048"}, {"boundingPoly": {"vertices": [{"x": 346.0, "y": 448.0}, {"x": 533.0, "y": 448.0}, {"x": 533.0, "y": 480.0}, {"x": 346.0, "y": 480.0}]}, "description": " Credit Card SALE"}, {"boundingPoly": {"vertices": [{"x": 209.0, "y": 509.0}, {"x": 327.0, "y": 509.0}, {"x": 327.0, "y": 537.0}, {"x": 209.0, "y": 537.0}]}, "description": " CHECK"}, {"boundingPoly": {"vertices": [{"x": 331.0, "y": 510.0}, {"x": 349.0, "y": 510.0}, {"x": 349.0, "y": 537.0}, {"x": 331.0, "y": 537.0}]}, "description": " :"}, {"boundingPoly": {"vertices": [{"x": 538.0, "y": 501.0}, {"x": 671.0, "y": 487.0}, {"x": 674.0, "y": 512.0}, {"x": 541.0, "y": 527.0}]}, "description": "100.00"}, {"boundingPoly": {"vertices": [{"x": 212.0, "y": 565.0}, {"x": 281.0, "y": 565.0}, {"x": 281.0, "y": 593.0}, {"x": 212.0, "y": 593.0}]}, "description": " TIP"}, {"boundingPoly": {"vertices": [{"x": 286.0, "y": 565.0}, {"x": 299.0, "y": 565.0}, {"x": 299.0, "y": 592.0}, {"x": 286.0, "y": 592.0}]}, "description": " :"}, {"boundingPoly": {"vertices": [{"x": 641.0, "y": 600.0}, {"x": 666.0, "y": 594.0}, {"x": 670.0, "y": 611.0}, {"x": 645.0, "y": 618.0}]}, "description": "00"}, {"boundingPoly": {"vertices": [{"x": 212.0, "y": 622.0}, {"x": 332.0, "y": 622.0}, {"x": 332.0, "y": 652.0}, {"x": 212.0, "y": 652.0}]}, "description": " TOTAL"}, {"boundingPoly": {"vertices": [{"x": 337.0, "y": 622.0}, {"x": 356.0, "y": 622.0}, {"x": 356.0, "y": 650.0}, {"x": 337.0, "y": 650.0}]}, "description": " :"}, {"boundingPoly": {"vertices": [{"x": 212.0, "y": 931.0}, {"x": 681.0, "y": 903.0}, {"x": 683.0, "y": 929.0}, {"x": 214.0, "y": 961.0}]}, "description": "CARDHOLDER WILL PAY CARD ISSUER ABOVE"}, {"boundingPoly": {"vertices": [{"x": 215.0, "y": 962.0}, {"x": 708.0, "y": 935.0}, {"x": 710.0, "y": 962.0}, {"x": 217.0, "y": 994.0}]}, "description": "AMOUNT PURSUANT TO CARDHOLDER AGREEMENT"}]}