{"textAnnotations": [{"boundingPoly": {"vertices": [{"x": 295.0, "y": 40.0}, {"x": 553.0, "y": 35.0}, {"x": 554.0, "y": 64.0}, {"x": 296.0, "y": 70.0}]}, "description": "Thank You For Visiting the"}, {"boundingPoly": {"vertices": [{"x": 268.0, "y": 79.0}, {"x": 575.0, "y": 79.0}, {"x": 574.0, "y": 112.0}, {"x": 268.0, "y": 111.0}]}, "description": "Nadine Varella, General Manager"}, {"boundingPoly": {"vertices": [{"x": 312.0, "y": 128.0}, {"x": 531.0, "y": 126.0}, {"x": 531.0, "y": 153.0}, {"x": 313.0, "y": 156.0}]}, "description": "We Love Your Feedback!"}, {"boundingPoly": {"vertices": [{"x": 279.0, "y": 59.0}, {"x": 565.0, "y": 57.0}, {"x": 565.0, "y": 88.0}, {"x": 280.0, "y": 90.0}]}, "description": "merchant name"}, {"boundingPoly": {"vertices": [{"x": 341.0, "y": 101.0}, {"x": 501.0, "y": 100.0}, {"x": 502.0, "y": 128.0}, {"x": 341.0, "y": 130.0}]}, "description": "merchant phone"}, {"boundingPoly": {"vertices": [{"x": 310.0, "y": 152.0}, {"x": 537.0, "y": 150.0}, {"x": 537.0, "y": 176.0}, {"x": 310.0, "y": 179.0}]}, "description": "Text @LTF41042 to 73940"}, {"boundingPoly": {"vertices": [{"x": 597.0, "y": 202.0}, {"x": 626.0, "y": 203.0}, {"x": 625.0, "y": 223.0}, {"x": 595.0, "y": 221.0}]}, "description": "USD"}, {"boundingPoly": {"vertices": [{"x": 589.0, "y": 224.0}, {"x": 628.0, "y": 225.0}, {"x": 627.0, "y": 245.0}, {"x": 588.0, "y": 244.0}]}, "description": "2.25"}, {"boundingPoly": {"vertices": [{"x": 608.0, "y": 247.0}, {"x": 629.0, "y": 247.0}, {"x": 629.0, "y": 270.0}, {"x": 608.0, "y": 270.0}]}, "description": " 15"}, {"boundingPoly": {"vertices": [{"x": 228.0, "y": 228.0}, {"x": 336.0, "y": 226.0}, {"x": 336.0, "y": 247.0}, {"x": 228.0, "y": 250.0}]}, "description": "Pizza Slice"}, {"boundingPoly": {"vertices": [{"x": 229.0, "y": 252.0}, {"x": 417.0, "y": 249.0}, {"x": 417.0, "y": 270.0}, {"x": 229.0, "y": 273.0}]}, "description": "Water Aquafina 20oz"}, {"boundingPoly": {"vertices": [{"x": 229.0, "y": 274.0}, {"x": 426.0, "y": 273.0}, {"x": 426.0, "y": 295.0}, {"x": 229.0, "y": 296.0}]}, "description": "Chip Doritos Nacho C"}, {"boundingPoly": {"vertices": [{"x": 582.0, "y": 248.0}, {"x": 605.0, "y": 248.0}, {"x": 605.0, "y": 272.0}, {"x": 582.0, "y": 272.0}]}, "description": " 11."}, {"boundingPoly": {"vertices": [{"x": 582.0, "y": 272.0}, {"x": 626.0, "y": 266.0}, {"x": 627.0, "y": 291.0}, {"x": 584.0, "y": 297.0}]}, "description": "1,05"}, {"boundingPoly": {"vertices": [{"x": 587.0, "y": 319.0}, {"x": 629.0, "y": 319.0}, {"x": 629.0, "y": 339.0}, {"x": 587.0, "y": 339.0}]}, "description": "4.45"}, {"boundingPoly": {"vertices": [{"x": 586.0, "y": 342.0}, {"x": 628.0, "y": 342.0}, {"x": 628.0, "y": 362.0}, {"x": 585.0, "y": 362.0}]}, "description": "0.31"}, {"boundingPoly": {"vertices": [{"x": 449.0, "y": 320.0}, {"x": 541.0, "y": 320.0}, {"x": 541.0, "y": 342.0}, {"x": 450.0, "y": 343.0}]}, "description": "Sub Total"}, {"boundingPoly": {"vertices": [{"x": 452.0, "y": 346.0}, {"x": 552.0, "y": 344.0}, {"x": 552.0, "y": 366.0}, {"x": 452.0, "y": 368.0}]}, "description": "Tax Amount"}, {"boundingPoly": {"vertices": [{"x": 226.0, "y": 419.0}, {"x": 396.0, "y": 419.0}, {"x": 396.0, "y": 457.0}, {"x": 226.0, "y": 457.0}]}, "description": "Total USD"}, {"boundingPoly": {"vertices": [{"x": 544.0, "y": 415.0}, {"x": 628.0, "y": 414.0}, {"x": 628.0, "y": 456.0}, {"x": 544.0, "y": 458.0}]}, "description": "4.76"}, {"boundingPoly": {"vertices": [{"x": 224.0, "y": 524.0}, {"x": 426.0, "y": 525.0}, {"x": 426.0, "y": 547.0}, {"x": 224.0, "y": 546.0}]}, "description": "5009 AMERICAN EXPRESS"}, {"boundingPoly": {"vertices": [{"x": 587.0, "y": 525.0}, {"x": 629.0, "y": 525.0}, {"x": 629.0, "y": 544.0}, {"x": 587.0, "y": 544.0}]}, "description": "4.76"}, {"boundingPoly": {"vertices": [{"x": 226.0, "y": 595.0}, {"x": 253.0, "y": 595.0}, {"x": 252.0, "y": 614.0}, {"x": 225.0, "y": 614.0}]}, "description": "Tax"}, {"boundingPoly": {"vertices": [{"x": 225.0, "y": 617.0}, {"x": 246.0, "y": 617.0}, {"x": 246.0, "y": 639.0}, {"x": 225.0, "y": 639.0}]}, "description": " ()"}, {"boundingPoly": {"vertices": [{"x": 378.0, "y": 595.0}, {"x": 631.0, "y": 593.0}, {"x": 632.0, "y": 614.0}, {"x": 378.0, "y": 616.0}]}, "description": "Taxable Amount Tax Amount"}, {"boundingPoly": {"vertices": [{"x": 590.0, "y": 617.0}, {"x": 627.0, "y": 617.0}, {"x": 627.0, "y": 638.0}, {"x": 589.0, "y": 638.0}]}, "description": "0.3"}, {"boundingPoly": {"vertices": [{"x": 250.0, "y": 618.0}, {"x": 292.0, "y": 618.0}, {"x": 292.0, "y": 639.0}, {"x": 250.0, "y": 639.0}]}, "description": " 7.00"}, {"boundingPoly": {"vertices": [{"x": 470.0, "y": 618.0}, {"x": 511.0, "y": 618.0}, {"x": 511.0, "y": 638.0}, {"x": 469.0, "y": 638.0}]}, "description": "4.45"}, {"boundingPoly": {"vertices": [{"x": 223.0, "y": 689.0}, {"x": 634.0, "y": 689.0}, {"x": 634.0, "y": 713.0}, {"x": 223.0, "y": 713.0}]}, "description": " 11/22/2019 01:17 PM #:20726 Op:3053 C:113"}, {"boundingPoly": {"vertices": [{"x": 225.0, "y": 714.0}, {"x": 321.0, "y": 714.0}, {"x": 321.0, "y": 736.0}, {"x": 225.0, "y": 736.0}]}, "description": " 102 S:1131"}, {"boundingPoly": {"vertices": [{"x": 221.0, "y": 739.0}, {"x": 323.0, "y": 739.0}, {"x": 323.0, "y": 761.0}, {"x": 221.0, "y": 761.0}]}, "description": " Served you"}, {"boundingPoly": {"vertices": [{"x": 326.0, "y": 739.0}, {"x": 464.0, "y": 739.0}, {"x": 464.0, "y": 762.0}, {"x": 326.0, "y": 762.0}]}, "description": " : Marie Leonce"}, {"boundingPoly": {"vertices": [{"x": 303.0, "y": 836.0}, {"x": 515.0, "y": 839.0}, {"x": 514.0, "y": 863.0}, {"x": 302.0, "y": 860.0}]}, "description": "*** Customer copy ***"}, {"boundingPoly": {"vertices": [{"x": 321.0, "y": 886.0}, {"x": 507.0, "y": 889.0}, {"x": 507.0, "y": 916.0}, {"x": 321.0, "y": 912.0}]}, "description": "AMEX Sunrise 937-8"}, {"boundingPoly": {"vertices": [{"x": 290.0, "y": 935.0}, {"x": 534.0, "y": 942.0}, {"x": 533.0, "y": 967.0}, {"x": 290.0, "y": 961.0}]}, "description": "according to card issuer"}, {"boundingPoly": {"vertices": [{"x": 514.0, "y": 968.0}, {"x": 538.0, "y": 968.0}, {"x": 538.0, "y": 994.0}, {"x": 514.0, "y": 994.0}]}, "description": " if"}, {"boundingPoly": {"vertices": [{"x": 229.0, "y": 906.0}, {"x": 597.0, "y": 918.0}, {"x": 596.0, "y": 942.0}, {"x": 228.0, "y": 934.0}]}, "description": "I agree to pay the above total amount"}, {"boundingPoly": {"vertices": [{"x": 216.0, "y": 956.0}, {"x": 511.0, "y": 956.0}, {"x": 511.0, "y": 994.0}, {"x": 216.0, "y": 994.0}]}, "description": " agreement. (Merchant agreement"}, {"boundingPoly": {"vertices": [{"x": 373.0, "y": 1016.0}, {"x": 454.0, "y": 1023.0}, {"x": 452.0, "y": 1042.0}, {"x": 371.0, "y": 1034.0}]}, "description": "records."}, {"boundingPoly": {"vertices": [{"x": 541.0, "y": 968.0}, {"x": 609.0, "y": 968.0}, {"x": 609.0, "y": 994.0}, {"x": 541.0, "y": 994.0}]}, "description": " Credit"}, {"boundingPoly": {"vertices": [{"x": 245.0, "y": 977.0}, {"x": 576.0, "y": 994.0}, {"x": 574.0, "y": 1018.0}, {"x": 244.0, "y": 1004.0}]}, "description": "Woucher )Retain this copy for your"}, {"boundingPoly": {"vertices": [{"x": 228.0, "y": 1037.0}, {"x": 405.0, "y": 1061.0}, {"x": 402.0, "y": 1084.0}, {"x": 227.0, "y": 1060.0}]}, "description": "PURCHASE / APPROVED"}, {"boundingPoly": {"vertices": [{"x": 231.0, "y": 1086.0}, {"x": 369.0, "y": 1105.0}, {"x": 366.0, "y": 1123.0}, {"x": 229.0, "y": 1103.0}]}, "description": "*********** 1009"}, {"boundingPoly": {"vertices": [{"x": 231.0, "y": 1062.0}, {"x": 376.0, "y": 1083.0}, {"x": 372.0, "y": 1104.0}, {"x": 228.0, "y": 1082.0}]}, "description": "AMERICAN EXPRESS"}, {"boundingPoly": {"vertices": [{"x": 229.0, "y": 1108.0}, {"x": 333.0, "y": 1119.0}, {"x": 331.0, "y": 1139.0}, {"x": 228.0, "y": 1128.0}]}, "description": "CHIP READ /"}, {"boundingPoly": {"vertices": [{"x": 226.0, "y": 1156.0}, {"x": 306.0, "y": 1155.0}, {"x": 306.0, "y": 1171.0}, {"x": 226.0, "y": 1172.0}]}, "description": "0010/11."}]}