{"textAnnotations": [{"boundingPoly": {"vertices": [{"x": 578.0, "y": 341.0}, {"x": 1234.0, "y": 355.0}, {"x": 1231.0, "y": 515.0}, {"x": 575.0, "y": 501.0}]}, "description": "merchant name"}, {"boundingPoly": {"vertices": [{"x": 615.0, "y": 505.0}, {"x": 1226.0, "y": 521.0}, {"x": 1222.0, "y": 667.0}, {"x": 612.0, "y": 654.0}]}, "description": "merchant name"}, {"boundingPoly": {"vertices": [{"x": 690.0, "y": 679.0}, {"x": 1133.0, "y": 687.0}, {"x": 1132.0, "y": 754.0}, {"x": 688.0, "y": 745.0}]}, "description": "merchant phone"}, {"boundingPoly": {"vertices": [{"x": 608.0, "y": 828.0}, {"x": 1228.0, "y": 840.0}, {"x": 1227.0, "y": 895.0}, {"x": 607.0, "y": 884.0}]}, "description": "merchant phone"}, {"boundingPoly": {"vertices": [{"x": 356.0, "y": 872.0}, {"x": 1000.0, "y": 889.0}, {"x": 999.0, "y": 941.0}, {"x": 355.0, "y": 928.0}]}, "description": "DRSCL OG RASPBERRIES 60Z"}, {"boundingPoly": {"vertices": [{"x": 874.0, "y": 946.0}, {"x": 1102.0, "y": 950.0}, {"x": 1101.0, "y": 998.0}, {"x": 873.0, "y": 991.0}]}, "description": "$4.99 ea"}, {"boundingPoly": {"vertices": [{"x": 411.0, "y": 932.0}, {"x": 451.0, "y": 935.0}, {"x": 447.0, "y": 984.0}, {"x": 407.0, "y": 981.0}]}, "description": "2"}, {"boundingPoly": {"vertices": [{"x": 357.0, "y": 985.0}, {"x": 994.0, "y": 994.0}, {"x": 994.0, "y": 1048.0}, {"x": 356.0, "y": 1039.0}]}, "description": "OG BLUEBERRIES HALF PINT"}, {"boundingPoly": {"vertices": [{"x": 1220.0, "y": 950.0}, {"x": 1402.0, "y": 951.0}, {"x": 1401.0, "y": 1004.0}, {"x": 1220.0, "y": 1002.0}]}, "description": "$9.98 F"}, {"boundingPoly": {"vertices": [{"x": 1370.0, "y": 1004.0}, {"x": 1409.0, "y": 1004.0}, {"x": 1409.0, "y": 1054.0}, {"x": 1370.0, "y": 1054.0}]}, "description": " F"}, {"boundingPoly": {"vertices": [{"x": 355.0, "y": 1035.0}, {"x": 815.0, "y": 1042.0}, {"x": 814.0, "y": 1097.0}, {"x": 354.0, "y": 1093.0}]}, "description": "CV BLUEBERRY PINT"}, {"boundingPoly": {"vertices": [{"x": 621.0, "y": 1102.0}, {"x": 866.0, "y": 1102.0}, {"x": 866.0, "y": 1153.0}, {"x": 621.0, "y": 1153.0}]}, "description": " Subtotal:"}, {"boundingPoly": {"vertices": [{"x": 624.0, "y": 1151.0}, {"x": 891.0, "y": 1151.0}, {"x": 891.0, "y": 1205.0}, {"x": 624.0, "y": 1205.0}]}, "description": " Met Sales:"}, {"boundingPoly": {"vertices": [{"x": 736.0, "y": 1207.0}, {"x": 896.0, "y": 1207.0}, {"x": 896.0, "y": 1259.0}, {"x": 736.0, "y": 1259.0}]}, "description": " Total:"}, {"boundingPoly": {"vertices": [{"x": 734.0, "y": 1257.0}, {"x": 1024.0, "y": 1257.0}, {"x": 1024.0, "y": 1315.0}, {"x": 734.0, "y": 1315.0}]}, "description": " Sold Items:"}, {"boundingPoly": {"vertices": [{"x": 1224.0, "y": 1001.0}, {"x": 1360.0, "y": 1001.0}, {"x": 1360.0, "y": 1054.0}, {"x": 1224.0, "y": 1054.0}]}, "description": " $4.99"}, {"boundingPoly": {"vertices": [{"x": 1227.0, "y": 1052.0}, {"x": 1408.0, "y": 1051.0}, {"x": 1408.0, "y": 1103.0}, {"x": 1227.0, "y": 1103.0}]}, "description": "$4.99 F"}, {"boundingPoly": {"vertices": [{"x": 1199.0, "y": 1107.0}, {"x": 1360.0, "y": 1108.0}, {"x": 1360.0, "y": 1158.0}, {"x": 1199.0, "y": 1157.0}]}, "description": "$19.96"}, {"boundingPoly": {"vertices": [{"x": 1201.0, "y": 1158.0}, {"x": 1357.0, "y": 1160.0}, {"x": 1355.0, "y": 1212.0}, {"x": 1205.0, "y": 1213.0}]}, "description": "$19.96"}, {"boundingPoly": {"vertices": [{"x": 1200.0, "y": 1211.0}, {"x": 1360.0, "y": 1214.0}, {"x": 1357.0, "y": 1263.0}, {"x": 1202.0, "y": 1265.0}]}, "description": "$19.96"}, {"boundingPoly": {"vertices": [{"x": 1333.0, "y": 1269.0}, {"x": 1364.0, "y": 1275.0}, {"x": 1357.0, "y": 1312.0}, {"x": 1326.0, "y": 1306.0}]}, "description": "4"}, {"boundingPoly": {"vertices": [{"x": 620.0, "y": 1308.0}, {"x": 769.0, "y": 1308.0}, {"x": 769.0, "y": 1364.0}, {"x": 620.0, "y": 1364.0}]}, "description": " Faid:"}, {"boundingPoly": {"vertices": [{"x": 627.0, "y": 1365.0}, {"x": 1054.0, "y": 1365.0}, {"x": 1054.0, "y": 1420.0}, {"x": 627.0, "y": 1420.0}]}, "description": "American Express"}, {"boundingPoly": {"vertices": [{"x": 349.0, "y": 1415.0}, {"x": 625.0, "y": 1415.0}, {"x": 626.0, "y": 1472.0}, {"x": 349.0, "y": 1473.0}]}, "description": "11/03/2019"}, {"boundingPoly": {"vertices": [{"x": 1204.0, "y": 1366.0}, {"x": 1365.0, "y": 1366.0}, {"x": 1366.0, "y": 1413.0}, {"x": 1207.0, "y": 1421.0}]}, "description": "$19.96"}, {"boundingPoly": {"vertices": [{"x": 339.0, "y": 1469.0}, {"x": 711.0, "y": 1469.0}, {"x": 711.0, "y": 1526.0}, {"x": 339.0, "y": 1526.0}]}, "description": " MID:0018998 98"}, {"boundingPoly": {"vertices": [{"x": 338.0, "y": 1529.0}, {"x": 508.0, "y": 1526.0}, {"x": 509.0, "y": 1582.0}, {"x": 340.0, "y": 1585.0}]}, "description": "240771"}, {"boundingPoly": {"vertices": [{"x": 1135.0, "y": 1470.0}, {"x": 1243.0, "y": 1470.0}, {"x": 1243.0, "y": 1525.0}, {"x": 1135.0, "y": 1525.0}]}, "description": " TID:"}, {"boundingPoly": {"vertices": [{"x": 1207.0, "y": 1416.0}, {"x": 1415.0, "y": 1416.0}, {"x": 1415.0, "y": 1471.0}, {"x": 1207.0, "y": 1471.0}]}, "description": " 17:02:35"}, {"boundingPoly": {"vertices": [{"x": 754.0, "y": 1593.0}, {"x": 1058.0, "y": 1591.0}, {"x": 1058.0, "y": 1646.0}, {"x": 754.0, "y": 1649.0}]}, "description": "CREDIT CARD"}, {"boundingPoly": {"vertices": [{"x": 755.0, "y": 1663.0}, {"x": 986.0, "y": 1661.0}, {"x": 987.0, "y": 1715.0}, {"x": 755.0, "y": 1719.0}]}, "description": "PURCHASE"}, {"boundingPoly": {"vertices": [{"x": 335.0, "y": 1742.0}, {"x": 535.0, "y": 1742.0}, {"x": 535.0, "y": 1796.0}, {"x": 335.0, "y": 1796.0}]}, "description": " CARD #:"}, {"boundingPoly": {"vertices": [{"x": 337.0, "y": 1797.0}, {"x": 625.0, "y": 1797.0}, {"x": 625.0, "y": 1852.0}, {"x": 337.0, "y": 1852.0}]}, "description": " Chip Card:"}, {"boundingPoly": {"vertices": [{"x": 1025.0, "y": 1731.0}, {"x": 1421.0, "y": 1725.0}, {"x": 1422.0, "y": 1776.0}, {"x": 1025.0, "y": 1782.0}]}, "description": "XXXXXXXXXXX1000"}, {"boundingPoly": {"vertices": [{"x": 996.0, "y": 1785.0}, {"x": 1426.0, "y": 1776.0}, {"x": 1427.0, "y": 1830.0}, {"x": 996.0, "y": 1840.0}]}, "description": "AMERICAN EXPRESS"}, {"boundingPoly": {"vertices": [{"x": 335.0, "y": 1847.0}, {"x": 728.0, "y": 1847.0}, {"x": 728.0, "y": 1912.0}, {"x": 335.0, "y": 1912.0}]}, "description": " Chip Card AID:"}, {"boundingPoly": {"vertices": [{"x": 337.0, "y": 1912.0}, {"x": 450.0, "y": 1912.0}, {"x": 450.0, "y": 1967.0}, {"x": 337.0, "y": 1967.0}]}, "description": " ATC:"}, {"boundingPoly": {"vertices": [{"x": 334.0, "y": 1970.0}, {"x": 436.0, "y": 1970.0}, {"x": 436.0, "y": 2022.0}, {"x": 334.0, "y": 2022.0}]}, "description": " TC:"}, {"boundingPoly": {"vertices": [{"x": 329.0, "y": 2029.0}, {"x": 446.0, "y": 2029.0}, {"x": 446.0, "y": 2085.0}, {"x": 329.0, "y": 2085.0}]}, "description": " TSI:"}, {"boundingPoly": {"vertices": [{"x": 324.0, "y": 2086.0}, {"x": 516.0, "y": 2086.0}, {"x": 516.0, "y": 2149.0}, {"x": 324.0, "y": 2149.0}]}, "description": " INVOICE"}, {"boundingPoly": {"vertices": [{"x": 1112.0, "y": 1840.0}, {"x": 1426.0, "y": 1835.0}, {"x": 1427.0, "y": 1883.0}, {"x": 1112.0, "y": 1890.0}]}, "description": "A00000002501"}, {"boundingPoly": {"vertices": [{"x": 1328.0, "y": 1893.0}, {"x": 1429.0, "y": 1892.0}, {"x": 1431.0, "y": 1938.0}, {"x": 1329.0, "y": 1939.0}]}, "description": "005B"}, {"boundingPoly": {"vertices": [{"x": 1000.0, "y": 1955.0}, {"x": 1430.0, "y": 1946.0}, {"x": 1431.0, "y": 2000.0}, {"x": 1002.0, "y": 2011.0}]}, "description": "CBC42BAF06DOBF91"}, {"boundingPoly": {"vertices": [{"x": 533.0, "y": 2022.0}, {"x": 642.0, "y": 2021.0}, {"x": 642.0, "y": 2081.0}, {"x": 533.0, "y": 2083.0}]}, "description": "E800"}, {"boundingPoly": {"vertices": [{"x": 526.0, "y": 2085.0}, {"x": 553.0, "y": 2085.0}, {"x": 553.0, "y": 2145.0}, {"x": 526.0, "y": 2145.0}]}, "description": " :"}, {"boundingPoly": {"vertices": [{"x": 1140.0, "y": 2007.0}, {"x": 1258.0, "y": 2007.0}, {"x": 1258.0, "y": 2065.0}, {"x": 1140.0, "y": 2065.0}]}, "description": " ARC:"}, {"boundingPoly": {"vertices": [{"x": 1269.0, "y": 2001.0}, {"x": 1438.0, "y": 2001.0}, {"x": 1438.0, "y": 2064.0}, {"x": 1269.0, "y": 2064.0}]}, "description": " 829287"}, {"boundingPoly": {"vertices": [{"x": 1200.0, "y": 2067.0}, {"x": 1447.0, "y": 2061.0}, {"x": 1449.0, "y": 2114.0}, {"x": 1201.0, "y": 2120.0}]}, "description": "494000059"}, {"boundingPoly": {"vertices": [{"x": 1281.0, "y": 2122.0}, {"x": 1451.0, "y": 2118.0}, {"x": 1452.0, "y": 2173.0}, {"x": 1282.0, "y": 2178.0}]}, "description": "829287"}, {"boundingPoly": {"vertices": [{"x": 1197.0, "y": 2185.0}, {"x": 1458.0, "y": 2182.0}, {"x": 1459.0, "y": 2237.0}, {"x": 1198.0, "y": 2244.0}]}, "description": "Cntctless"}, {"boundingPoly": {"vertices": [{"x": 1285.0, "y": 2243.0}, {"x": 1461.0, "y": 2243.0}, {"x": 1462.0, "y": 2299.0}, {"x": 1285.0, "y": 2301.0}]}, "description": "Issuer"}, {"boundingPoly": {"vertices": [{"x": 1286.0, "y": 2320.0}, {"x": 1466.0, "y": 2315.0}, {"x": 1470.0, "y": 2377.0}, {"x": 1288.0, "y": 2384.0}]}, "description": "$19.96"}, {"boundingPoly": {"vertices": [{"x": 323.0, "y": 2141.0}, {"x": 727.0, "y": 2141.0}, {"x": 727.0, "y": 2211.0}, {"x": 323.0, "y": 2211.0}]}, "description": " Approval Code:"}, {"boundingPoly": {"vertices": [{"x": 313.0, "y": 2201.0}, {"x": 697.0, "y": 2201.0}, {"x": 697.0, "y": 2272.0}, {"x": 313.0, "y": 2272.0}]}, "description": " Entry Method:"}, {"boundingPoly": {"vertices": [{"x": 310.0, "y": 2277.0}, {"x": 418.0, "y": 2277.0}, {"x": 418.0, "y": 2333.0}, {"x": 310.0, "y": 2333.0}]}, "description": " Mode"}, {"boundingPoly": {"vertices": [{"x": 302.0, "y": 2352.0}, {"x": 638.0, "y": 2340.0}, {"x": 641.0, "y": 2403.0}, {"x": 304.0, "y": 2414.0}]}, "description": "SALE AMOUNT"}, {"boundingPoly": {"vertices": [{"x": 429.0, "y": 2277.0}, {"x": 459.0, "y": 2277.0}, {"x": 459.0, "y": 2333.0}, {"x": 429.0, "y": 2333.0}]}, "description": " :"}, {"boundingPoly": {"vertices": [{"x": 604.0, "y": 2404.0}, {"x": 1131.0, "y": 2386.0}, {"x": 1132.0, "y": 2451.0}, {"x": 606.0, "y": 2469.0}]}, "description": "APPROVED BY ISSUER"}, {"boundingPoly": {"vertices": [{"x": 337.0, "y": 2528.0}, {"x": 1514.0, "y": 2491.0}, {"x": 1516.0, "y": 2540.0}, {"x": 337.0, "y": 2580.0}]}, "description": "*****************************************"}, {"boundingPoly": {"vertices": [{"x": 304.0, "y": 2655.0}, {"x": 1560.0, "y": 2623.0}, {"x": 1562.0, "y": 2683.0}, {"x": 305.0, "y": 2723.0}]}, "description": "and get Free Shipping, Video, Music & more"}, {"boundingPoly": {"vertices": [{"x": 403.0, "y": 2797.0}, {"x": 1434.0, "y": 2771.0}, {"x": 1435.0, "y": 2840.0}, {"x": 405.0, "y": 2868.0}]}, "description": "Earn 5% Back at Whole Foods Market"}, {"boundingPoly": {"vertices": [{"x": 313.0, "y": 2591.0}, {"x": 1531.0, "y": 2551.0}, {"x": 1533.0, "y": 2615.0}, {"x": 315.0, "y": 2656.0}]}, "description": "Prime members save at Whole Foods Market,"}, {"boundingPoly": {"vertices": [{"x": 381.0, "y": 2722.0}, {"x": 1488.0, "y": 2690.0}, {"x": 1490.0, "y": 2756.0}, {"x": 383.0, "y": 2787.0}]}, "description": "Learn more at amazon.com/PrimeSavings"}, {"boundingPoly": {"vertices": [{"x": 409.0, "y": 2866.0}, {"x": 1463.0, "y": 2843.0}, {"x": 1465.0, "y": 2911.0}, {"x": 411.0, "y": 2936.0}]}, "description": "with the Amazon Prime Rewards Visa."}]}