{"textAnnotations": [{"boundingPoly": {"vertices": [{"x": 765.0, "y": 369.0}, {"x": 1209.0, "y": 381.0}, {"x": 1208.0, "y": 414.0}, {"x": 764.0, "y": 402.0}]}, "description": "merchant name"}, {"boundingPoly": {"vertices": [{"x": 857.0, "y": 441.0}, {"x": 1116.0, "y": 446.0}, {"x": 1115.0, "y": 476.0}, {"x": 857.0, "y": 471.0}]}, "description": "merchant address"}, {"boundingPoly": {"vertices": [{"x": 872.0, "y": 407.0}, {"x": 1089.0, "y": 414.0}, {"x": 1088.0, "y": 442.0}, {"x": 871.0, "y": 435.0}]}, "description": "merchant address"}, {"boundingPoly": {"vertices": [{"x": 735.0, "y": 470.0}, {"x": 882.0, "y": 470.0}, {"x": 882.0, "y": 503.0}, {"x": 735.0, "y": 503.0}]}, "description": " Served by:"}, {"boundingPoly": {"vertices": [{"x": 817.0, "y": 504.0}, {"x": 1152.0, "y": 511.0}, {"x": 1151.0, "y": 544.0}, {"x": 816.0, "y": 535.0}]}, "description": "Term ID-Trans# 1/A-299127"}, {"boundingPoly": {"vertices": [{"x": 688.0, "y": 566.0}, {"x": 870.0, "y": 572.0}, {"x": 869.0, "y": 601.0}, {"x": 687.0, "y": 595.0}]}, "description": "Qty Size Item"}, {"boundingPoly": {"vertices": [{"x": 887.0, "y": 473.0}, {"x": 1231.0, "y": 473.0}, {"x": 1231.0, "y": 515.0}, {"x": 887.0, "y": 515.0}]}, "description": " 1235 11/5/2019 6:28:57 pm"}, {"boundingPoly": {"vertices": [{"x": 58.0, "y": 547.0}, {"x": 513.0, "y": 547.0}, {"x": 513.0, "y": 580.0}, {"x": 58.0, "y": 581.0}]}, "description": "merchant name"}, {"boundingPoly": {"vertices": [{"x": 94.0, "y": 582.0}, {"x": 204.0, "y": 582.0}, {"x": 204.0, "y": 612.0}, {"x": 94.0, "y": 612.0}]}, "description": "merchant address"}, {"boundingPoly": {"vertices": [{"x": 162.0, "y": 614.0}, {"x": 416.0, "y": 613.0}, {"x": 416.0, "y": 643.0}, {"x": 162.0, "y": 644.0}]}, "description": "merchant address"}, {"boundingPoly": {"vertices": [{"x": 55.0, "y": 645.0}, {"x": 193.0, "y": 645.0}, {"x": 193.0, "y": 679.0}, {"x": 55.0, "y": 679.0}]}, "description": " Served by:"}, {"boundingPoly": {"vertices": [{"x": 114.0, "y": 678.0}, {"x": 457.0, "y": 678.0}, {"x": 457.0, "y": 711.0}, {"x": 114.0, "y": 711.0}]}, "description": "Term ID-Trans# 1/A-375335"}, {"boundingPoly": {"vertices": [{"x": 213.0, "y": 583.0}, {"x": 463.0, "y": 583.0}, {"x": 463.0, "y": 613.0}, {"x": 213.0, "y": 613.0}]}, "description": "merchant address"}, {"boundingPoly": {"vertices": [{"x": 1165.0, "y": 580.0}, {"x": 1238.0, "y": 585.0}, {"x": 1236.0, "y": 611.0}, {"x": 1163.0, "y": 608.0}]}, "description": "Price"}, {"boundingPoly": {"vertices": [{"x": 198.0, "y": 645.0}, {"x": 520.0, "y": 645.0}, {"x": 520.0, "y": 680.0}, {"x": 198.0, "y": 680.0}]}, "description": " 07 11/4/2019 1:17:23 pm"}, {"boundingPoly": {"vertices": [{"x": 714.0, "y": 635.0}, {"x": 740.0, "y": 635.0}, {"x": 740.0, "y": 662.0}, {"x": 714.0, "y": 662.0}]}, "description": " 1"}, {"boundingPoly": {"vertices": [{"x": 716.0, "y": 668.0}, {"x": 727.0, "y": 667.0}, {"x": 727.0, "y": 686.0}, {"x": 715.0, "y": 687.0}]}, "description": "1"}, {"boundingPoly": {"vertices": [{"x": 754.0, "y": 635.0}, {"x": 1034.0, "y": 635.0}, {"x": 1034.0, "y": 672.0}, {"x": 754.0, "y": 672.0}]}, "description": " 12\" Veggie Patty Sub"}, {"boundingPoly": {"vertices": [{"x": 1183.0, "y": 646.0}, {"x": 1235.0, "y": 647.0}, {"x": 1233.0, "y": 677.0}, {"x": 1181.0, "y": 675.0}]}, "description": "7.35"}, {"boundingPoly": {"vertices": [{"x": 825.0, "y": 668.0}, {"x": 1232.0, "y": 680.0}, {"x": 1231.0, "y": 712.0}, {"x": 824.0, "y": 699.0}]}, "description": "-Fresh Value Meal (20/21- 3.19"}, {"boundingPoly": {"vertices": [{"x": 818.0, "y": 730.0}, {"x": 936.0, "y": 736.0}, {"x": 934.0, "y": 767.0}, {"x": 816.0, "y": 762.0}]}, "description": "- - Chips"}, {"boundingPoly": {"vertices": [{"x": 849.0, "y": 701.0}, {"x": 1041.0, "y": 708.0}, {"x": 1040.0, "y": 737.0}, {"x": 848.0, "y": 730.0}]}, "description": "-Bottled Juice"}, {"boundingPoly": {"vertices": [{"x": 5.0, "y": 746.0}, {"x": 175.0, "y": 746.0}, {"x": 176.0, "y": 776.0}, {"x": 5.0, "y": 777.0}]}, "description": "ty Size Item"}, {"boundingPoly": {"vertices": [{"x": 471.0, "y": 746.0}, {"x": 545.0, "y": 748.0}, {"x": 545.0, "y": 776.0}, {"x": 468.0, "y": 773.0}]}, "description": "Price"}, {"boundingPoly": {"vertices": [{"x": 800.0, "y": 764.0}, {"x": 986.0, "y": 771.0}, {"x": 985.0, "y": 801.0}, {"x": 799.0, "y": 794.0}]}, "description": "Bottled Juice"}, {"boundingPoly": {"vertices": [{"x": 802.0, "y": 800.0}, {"x": 928.0, "y": 802.0}, {"x": 927.0, "y": 831.0}, {"x": 801.0, "y": 829.0}]}, "description": "3 Cookies"}, {"boundingPoly": {"vertices": [{"x": 708.0, "y": 792.0}, {"x": 728.0, "y": 793.0}, {"x": 726.0, "y": 815.0}, {"x": 706.0, "y": 814.0}]}, "description": "1"}, {"boundingPoly": {"vertices": [{"x": 1169.0, "y": 778.0}, {"x": 1231.0, "y": 779.0}, {"x": 1230.0, "y": 810.0}, {"x": 1167.0, "y": 809.0}]}, "description": "2.39"}, {"boundingPoly": {"vertices": [{"x": 1169.0, "y": 811.0}, {"x": 1230.0, "y": 813.0}, {"x": 1228.0, "y": 841.0}, {"x": 1167.0, "y": 840.0}]}, "description": "1.69"}, {"boundingPoly": {"vertices": [{"x": 38.0, "y": 812.0}, {"x": 38.0, "y": 907.0}, {"x": 22.0, "y": 907.0}, {"x": 22.0, "y": 812.0}]}, "description": "---"}, {"boundingPoly": {"vertices": [{"x": 0.0, "y": 946.0}, {"x": 125.0, "y": 945.0}, {"x": 126.0, "y": 977.0}, {"x": 0.0, "y": 978.0}]}, "description": "Sub Total"}, {"boundingPoly": {"vertices": [{"x": 2.0, "y": 979.0}, {"x": 326.0, "y": 979.0}, {"x": 326.0, "y": 1014.0}, {"x": 2.0, "y": 1014.0}]}, "description": "eneral Sales Tax (8.6%)"}, {"boundingPoly": {"vertices": [{"x": 7.0, "y": 1013.0}, {"x": 188.0, "y": 1013.0}, {"x": 188.0, "y": 1046.0}, {"x": 7.0, "y": 1045.0}]}, "description": "otal (Eat In)"}, {"boundingPoly": {"vertices": [{"x": 0.0, "y": 1047.0}, {"x": 153.0, "y": 1047.0}, {"x": 153.0, "y": 1077.0}, {"x": 0.0, "y": 1077.0}]}, "description": "Credit Card"}, {"boundingPoly": {"vertices": [{"x": 0.0, "y": 1080.0}, {"x": 83.0, "y": 1083.0}, {"x": 82.0, "y": 1111.0}, {"x": 0.0, "y": 1109.0}]}, "description": "Change"}, {"boundingPoly": {"vertices": [{"x": 2.0, "y": 1116.0}, {"x": 93.0, "y": 1116.0}, {"x": 93.0, "y": 1145.0}, {"x": 2.0, "y": 1145.0}]}, "description": " all us"}, {"boundingPoly": {"vertices": [{"x": 5.0, "y": 1146.0}, {"x": 257.0, "y": 1146.0}, {"x": 258.0, "y": 1177.0}, {"x": 5.0, "y": 1178.0}]}, "description": "hone (800)888-4848"}, {"boundingPoly": {"vertices": [{"x": 234.0, "y": 1179.0}, {"x": 329.0, "y": 1179.0}, {"x": 329.0, "y": 1211.0}, {"x": 234.0, "y": 1211.0}]}, "description": " 860318"}, {"boundingPoly": {"vertices": [{"x": 234.0, "y": 1213.0}, {"x": 506.0, "y": 1213.0}, {"x": 506.0, "y": 1245.0}, {"x": 234.0, "y": 1245.0}]}, "description": " 5tGB001572898642047"}, {"boundingPoly": {"vertices": [{"x": 235.0, "y": 1248.0}, {"x": 300.0, "y": 1248.0}, {"x": 300.0, "y": 1278.0}, {"x": 235.0, "y": 1278.0}]}, "description": " Amex"}, {"boundingPoly": {"vertices": [{"x": 235.0, "y": 1280.0}, {"x": 460.0, "y": 1280.0}, {"x": 460.0, "y": 1308.0}, {"x": 235.0, "y": 1308.0}]}, "description": " ************ 1007"}, {"boundingPoly": {"vertices": [{"x": 236.0, "y": 1313.0}, {"x": 279.0, "y": 1313.0}, {"x": 279.0, "y": 1344.0}, {"x": 236.0, "y": 1344.0}]}, "description": " ICC"}, {"boundingPoly": {"vertices": [{"x": 235.0, "y": 1347.0}, {"x": 330.0, "y": 1347.0}, {"x": 330.0, "y": 1378.0}, {"x": 235.0, "y": 1378.0}]}, "description": " $10.09"}, {"boundingPoly": {"vertices": [{"x": 234.0, "y": 1380.0}, {"x": 460.0, "y": 1380.0}, {"x": 460.0, "y": 1412.0}, {"x": 234.0, "y": 1412.0}]}, "description": " AMERICAN EXPRESS"}, {"boundingPoly": {"vertices": [{"x": 235.0, "y": 1413.0}, {"x": 406.0, "y": 1413.0}, {"x": 406.0, "y": 1444.0}, {"x": 235.0, "y": 1444.0}]}, "description": " A00000002501"}, {"boundingPoly": {"vertices": [{"x": 233.0, "y": 1445.0}, {"x": 378.0, "y": 1445.0}, {"x": 378.0, "y": 1477.0}, {"x": 233.0, "y": 1477.0}]}, "description": " 5029166097"}, {"boundingPoly": {"vertices": [{"x": 236.0, "y": 1479.0}, {"x": 349.0, "y": 1479.0}, {"x": 349.0, "y": 1511.0}, {"x": 236.0, "y": 1511.0}]}, "description": " 75285743"}, {"boundingPoly": {"vertices": [{"x": 236.0, "y": 1513.0}, {"x": 503.0, "y": 1513.0}, {"x": 503.0, "y": 1546.0}, {"x": 236.0, "y": 1546.0}]}, "description": " 11/04/2019 13:17:22"}, {"boundingPoly": {"vertices": [{"x": 172.0, "y": 1546.0}, {"x": 284.0, "y": 1546.0}, {"x": 284.0, "y": 1576.0}, {"x": 171.0, "y": 1575.0}]}, "description": "APPROVED"}, {"boundingPoly": {"vertices": [{"x": 117.0, "y": 813.0}, {"x": 191.0, "y": 815.0}, {"x": 190.0, "y": 843.0}, {"x": 116.0, "y": 842.0}]}, "description": "Chips"}, {"boundingPoly": {"vertices": [{"x": 114.0, "y": 844.0}, {"x": 354.0, "y": 844.0}, {"x": 354.0, "y": 879.0}, {"x": 114.0, "y": 879.0}]}, "description": "Soup RTU 8oz Soup"}, {"boundingPoly": {"vertices": [{"x": 71.0, "y": 878.0}, {"x": 339.0, "y": 879.0}, {"x": 339.0, "y": 910.0}, {"x": 71.0, "y": 909.0}]}, "description": "6\" Veggie Patty Sub"}, {"boundingPoly": {"vertices": [{"x": 482.0, "y": 815.0}, {"x": 546.0, "y": 816.0}, {"x": 544.0, "y": 846.0}, {"x": 485.0, "y": 847.0}]}, "description": "1.25"}, {"boundingPoly": {"vertices": [{"x": 482.0, "y": 848.0}, {"x": 543.0, "y": 849.0}, {"x": 542.0, "y": 876.0}, {"x": 481.0, "y": 876.0}]}, "description": "2.75"}, {"boundingPoly": {"vertices": [{"x": 484.0, "y": 881.0}, {"x": 543.0, "y": 881.0}, {"x": 540.0, "y": 907.0}, {"x": 484.0, "y": 908.0}]}, "description": "5.29"}, {"boundingPoly": {"vertices": [{"x": 678.0, "y": 859.0}, {"x": 799.0, "y": 862.0}, {"x": 798.0, "y": 894.0}, {"x": 677.0, "y": 891.0}]}, "description": "Sub Total"}, {"boundingPoly": {"vertices": [{"x": 674.0, "y": 893.0}, {"x": 1005.0, "y": 903.0}, {"x": 1004.0, "y": 935.0}, {"x": 673.0, "y": 925.0}]}, "description": "General Sales Tax (8.6%)"}, {"boundingPoly": {"vertices": [{"x": 674.0, "y": 961.0}, {"x": 830.0, "y": 965.0}, {"x": 830.0, "y": 994.0}, {"x": 673.0, "y": 990.0}]}, "description": "Credit Card"}, {"boundingPoly": {"vertices": [{"x": 676.0, "y": 994.0}, {"x": 760.0, "y": 997.0}, {"x": 759.0, "y": 1027.0}, {"x": 675.0, "y": 1023.0}]}, "description": "Change"}, {"boundingPoly": {"vertices": [{"x": 671.0, "y": 1026.0}, {"x": 1032.0, "y": 1036.0}, {"x": 1031.0, "y": 1067.0}, {"x": 670.0, "y": 1057.0}]}, "description": "Call us with your Comments"}, {"boundingPoly": {"vertices": [{"x": 735.0, "y": 1095.0}, {"x": 907.0, "y": 1095.0}, {"x": 907.0, "y": 1131.0}, {"x": 735.0, "y": 1131.0}]}, "description": " Approval No:"}, {"boundingPoly": {"vertices": [{"x": 1154.0, "y": 875.0}, {"x": 1230.0, "y": 877.0}, {"x": 1227.0, "y": 909.0}, {"x": 1154.0, "y": 907.0}]}, "description": "14.62"}, {"boundingPoly": {"vertices": [{"x": 1174.0, "y": 912.0}, {"x": 1227.0, "y": 912.0}, {"x": 1226.0, "y": 944.0}, {"x": 1172.0, "y": 943.0}]}, "description": "1.26"}, {"boundingPoly": {"vertices": [{"x": 1157.0, "y": 945.0}, {"x": 1224.0, "y": 945.0}, {"x": 1224.0, "y": 974.0}, {"x": 1156.0, "y": 974.0}]}, "description": "15.88"}, {"boundingPoly": {"vertices": [{"x": 1152.0, "y": 977.0}, {"x": 1221.0, "y": 978.0}, {"x": 1220.0, "y": 1005.0}, {"x": 1151.0, "y": 1004.0}]}, "description": "15.88"}, {"boundingPoly": {"vertices": [{"x": 1165.0, "y": 1010.0}, {"x": 1222.0, "y": 1011.0}, {"x": 1220.0, "y": 1040.0}, {"x": 1163.0, "y": 1038.0}]}, "description": "0.00"}, {"boundingPoly": {"vertices": [{"x": 677.0, "y": 927.0}, {"x": 877.0, "y": 932.0}, {"x": 876.0, "y": 964.0}, {"x": 676.0, "y": 958.0}]}, "description": "Total (Eat In)"}, {"boundingPoly": {"vertices": [{"x": 485.0, "y": 946.0}, {"x": 548.0, "y": 947.0}, {"x": 547.0, "y": 976.0}, {"x": 484.0, "y": 976.0}]}, "description": "9.29"}, {"boundingPoly": {"vertices": [{"x": 484.0, "y": 982.0}, {"x": 545.0, "y": 980.0}, {"x": 545.0, "y": 1009.0}, {"x": 484.0, "y": 1012.0}]}, "description": "0.80"}, {"boundingPoly": {"vertices": [{"x": 478.0, "y": 1016.0}, {"x": 547.0, "y": 1015.0}, {"x": 546.0, "y": 1044.0}, {"x": 478.0, "y": 1044.0}]}, "description": "10.09"}, {"boundingPoly": {"vertices": [{"x": 471.0, "y": 1049.0}, {"x": 547.0, "y": 1048.0}, {"x": 547.0, "y": 1077.0}, {"x": 471.0, "y": 1078.0}]}, "description": "10.09"}, {"boundingPoly": {"vertices": [{"x": 482.0, "y": 1083.0}, {"x": 544.0, "y": 1080.0}, {"x": 544.0, "y": 1108.0}, {"x": 482.0, "y": 1110.0}]}, "description": "0.00"}, {"boundingPoly": {"vertices": [{"x": 668.0, "y": 1060.0}, {"x": 934.0, "y": 1065.0}, {"x": 933.0, "y": 1096.0}, {"x": 667.0, "y": 1090.0}]}, "description": "Phone (480)222-6226"}, {"boundingPoly": {"vertices": [{"x": 911.0, "y": 1099.0}, {"x": 999.0, "y": 1099.0}, {"x": 999.0, "y": 1134.0}, {"x": 911.0, "y": 1134.0}]}, "description": " 855755"}, {"boundingPoly": {"vertices": [{"x": 908.0, "y": 1132.0}, {"x": 1176.0, "y": 1132.0}, {"x": 1176.0, "y": 1171.0}, {"x": 908.0, "y": 1171.0}]}, "description": " 5YRy001573003739057"}, {"boundingPoly": {"vertices": [{"x": 908.0, "y": 1198.0}, {"x": 1134.0, "y": 1198.0}, {"x": 1134.0, "y": 1235.0}, {"x": 908.0, "y": 1235.0}]}, "description": " ************ 1007"}, {"boundingPoly": {"vertices": [{"x": 98.0, "y": 1115.0}, {"x": 355.0, "y": 1115.0}, {"x": 355.0, "y": 1144.0}, {"x": 98.0, "y": 1144.0}]}, "description": " with your Comments"}, {"boundingPoly": {"vertices": [{"x": 724.0, "y": 1127.0}, {"x": 904.0, "y": 1127.0}, {"x": 904.0, "y": 1164.0}, {"x": 724.0, "y": 1164.0}]}, "description": " Reference No:"}, {"boundingPoly": {"vertices": [{"x": 731.0, "y": 1161.0}, {"x": 904.0, "y": 1161.0}, {"x": 904.0, "y": 1195.0}, {"x": 731.0, "y": 1195.0}]}, "description": " Card Issuer:"}, {"boundingPoly": {"vertices": [{"x": 746.0, "y": 1196.0}, {"x": 905.0, "y": 1196.0}, {"x": 905.0, "y": 1228.0}, {"x": 746.0, "y": 1228.0}]}, "description": " Account No:"}, {"boundingPoly": {"vertices": [{"x": 772.0, "y": 1229.0}, {"x": 903.0, "y": 1229.0}, {"x": 903.0, "y": 1262.0}, {"x": 772.0, "y": 1262.0}]}, "description": " Acquired:"}, {"boundingPoly": {"vertices": [{"x": 796.0, "y": 1263.0}, {"x": 901.0, "y": 1263.0}, {"x": 901.0, "y": 1294.0}, {"x": 796.0, "y": 1294.0}]}, "description": " Amount:"}, {"boundingPoly": {"vertices": [{"x": 729.0, "y": 1293.0}, {"x": 900.0, "y": 1293.0}, {"x": 900.0, "y": 1328.0}, {"x": 729.0, "y": 1328.0}]}, "description": " Application:"}, {"boundingPoly": {"vertices": [{"x": 838.0, "y": 1329.0}, {"x": 899.0, "y": 1329.0}, {"x": 899.0, "y": 1359.0}, {"x": 838.0, "y": 1359.0}]}, "description": " AID:"}, {"boundingPoly": {"vertices": [{"x": 834.0, "y": 1360.0}, {"x": 896.0, "y": 1360.0}, {"x": 896.0, "y": 1391.0}, {"x": 834.0, "y": 1391.0}]}, "description": " MID:"}, {"boundingPoly": {"vertices": [{"x": 837.0, "y": 1393.0}, {"x": 898.0, "y": 1393.0}, {"x": 898.0, "y": 1425.0}, {"x": 837.0, "y": 1425.0}]}, "description": " TID:"}, {"boundingPoly": {"vertices": [{"x": 754.0, "y": 1424.0}, {"x": 898.0, "y": 1424.0}, {"x": 898.0, "y": 1460.0}, {"x": 754.0, "y": 1460.0}]}, "description": " Date/Time:"}, {"boundingPoly": {"vertices": [{"x": 830.0, "y": 1461.0}, {"x": 949.0, "y": 1462.0}, {"x": 949.0, "y": 1492.0}, {"x": 830.0, "y": 1491.0}]}, "description": "APPROVED"}, {"boundingPoly": {"vertices": [{"x": 908.0, "y": 1165.0}, {"x": 970.0, "y": 1165.0}, {"x": 970.0, "y": 1198.0}, {"x": 908.0, "y": 1198.0}]}, "description": " Amex"}, {"boundingPoly": {"vertices": [{"x": 59.0, "y": 1180.0}, {"x": 229.0, "y": 1180.0}, {"x": 229.0, "y": 1213.0}, {"x": 59.0, "y": 1213.0}]}, "description": " Approval No:"}, {"boundingPoly": {"vertices": [{"x": 47.0, "y": 1213.0}, {"x": 229.0, "y": 1213.0}, {"x": 229.0, "y": 1246.0}, {"x": 47.0, "y": 1246.0}]}, "description": " Reference No:"}, {"boundingPoly": {"vertices": [{"x": 62.0, "y": 1248.0}, {"x": 231.0, "y": 1248.0}, {"x": 231.0, "y": 1278.0}, {"x": 62.0, "y": 1278.0}]}, "description": " Card Issuer:"}, {"boundingPoly": {"vertices": [{"x": 72.0, "y": 1281.0}, {"x": 231.0, "y": 1281.0}, {"x": 231.0, "y": 1313.0}, {"x": 72.0, "y": 1313.0}]}, "description": " Account No:"}, {"boundingPoly": {"vertices": [{"x": 104.0, "y": 1313.0}, {"x": 230.0, "y": 1313.0}, {"x": 230.0, "y": 1344.0}, {"x": 104.0, "y": 1344.0}]}, "description": " Acquired:"}, {"boundingPoly": {"vertices": [{"x": 131.0, "y": 1346.0}, {"x": 230.0, "y": 1346.0}, {"x": 230.0, "y": 1377.0}, {"x": 131.0, "y": 1377.0}]}, "description": " Amount:"}, {"boundingPoly": {"vertices": [{"x": 60.0, "y": 1379.0}, {"x": 228.0, "y": 1379.0}, {"x": 228.0, "y": 1411.0}, {"x": 60.0, "y": 1411.0}]}, "description": " Application:"}, {"boundingPoly": {"vertices": [{"x": 176.0, "y": 1412.0}, {"x": 230.0, "y": 1412.0}, {"x": 230.0, "y": 1443.0}, {"x": 176.0, "y": 1443.0}]}, "description": " AID:"}, {"boundingPoly": {"vertices": [{"x": 166.0, "y": 1445.0}, {"x": 227.0, "y": 1445.0}, {"x": 227.0, "y": 1477.0}, {"x": 166.0, "y": 1477.0}]}, "description": " MID:"}, {"boundingPoly": {"vertices": [{"x": 177.0, "y": 1478.0}, {"x": 231.0, "y": 1478.0}, {"x": 231.0, "y": 1511.0}, {"x": 177.0, "y": 1511.0}]}, "description": " TID:"}, {"boundingPoly": {"vertices": [{"x": 87.0, "y": 1513.0}, {"x": 231.0, "y": 1513.0}, {"x": 231.0, "y": 1546.0}, {"x": 87.0, "y": 1546.0}]}, "description": " Date/Time:"}, {"boundingPoly": {"vertices": [{"x": 907.0, "y": 1231.0}, {"x": 955.0, "y": 1231.0}, {"x": 955.0, "y": 1263.0}, {"x": 907.0, "y": 1263.0}]}, "description": " ICC"}, {"boundingPoly": {"vertices": [{"x": 904.0, "y": 1264.0}, {"x": 1001.0, "y": 1264.0}, {"x": 1001.0, "y": 1294.0}, {"x": 904.0, "y": 1294.0}]}, "description": " $15.88"}, {"boundingPoly": {"vertices": [{"x": 905.0, "y": 1295.0}, {"x": 1130.0, "y": 1295.0}, {"x": 1130.0, "y": 1334.0}, {"x": 905.0, "y": 1334.0}]}, "description": " AMERICAN EXPRESS"}, {"boundingPoly": {"vertices": [{"x": 901.0, "y": 1362.0}, {"x": 1045.0, "y": 1362.0}, {"x": 1045.0, "y": 1395.0}, {"x": 901.0, "y": 1395.0}]}, "description": " 5020316147"}, {"boundingPoly": {"vertices": [{"x": 903.0, "y": 1395.0}, {"x": 1018.0, "y": 1395.0}, {"x": 1018.0, "y": 1428.0}, {"x": 903.0, "y": 1428.0}]}, "description": " 75205750"}, {"boundingPoly": {"vertices": [{"x": 902.0, "y": 1427.0}, {"x": 1164.0, "y": 1427.0}, {"x": 1164.0, "y": 1467.0}, {"x": 902.0, "y": 1467.0}]}, "description": " 11/05/2019 18:28:59"}, {"boundingPoly": {"vertices": [{"x": 902.0, "y": 1330.0}, {"x": 1072.0, "y": 1330.0}, {"x": 1072.0, "y": 1365.0}, {"x": 902.0, "y": 1365.0}]}, "description": " A00000002501"}, {"boundingPoly": {"vertices": [{"x": 1257.0, "y": 1392.0}, {"x": 1290.0, "y": 1395.0}, {"x": 1290.0, "y": 1415.0}, {"x": 1257.0, "y": 1412.0}]}, "description": "uns"}, {"boundingPoly": {"vertices": [{"x": 829.0, "y": 1556.0}, {"x": 1012.0, "y": 1563.0}, {"x": 1010.0, "y": 1593.0}, {"x": 828.0, "y": 1586.0}]}, "description": "CUSTOMER COPY"}, {"boundingPoly": {"vertices": [{"x": 173.0, "y": 1646.0}, {"x": 349.0, "y": 1646.0}, {"x": 349.0, "y": 1676.0}, {"x": 173.0, "y": 1676.0}]}, "description": "CUSTOMER COPY"}, {"boundingPoly": {"vertices": [{"x": 649.0, "y": 1652.0}, {"x": 845.0, "y": 1652.0}, {"x": 845.0, "y": 1688.0}, {"x": 649.0, "y": 1688.0}]}, "description": " Host Order ID:"}, {"boundingPoly": {"vertices": [{"x": 849.0, "y": 1657.0}, {"x": 1081.0, "y": 1657.0}, {"x": 1081.0, "y": 1694.0}, {"x": 849.0, "y": 1694.0}]}, "description": " 3315730037391379"}, {"boundingPoly": {"vertices": [{"x": 651.0, "y": 1718.0}, {"x": 1096.0, "y": 1729.0}, {"x": 1095.0, "y": 1765.0}, {"x": 650.0, "y": 1751.0}]}, "description": "Lettuce know how we did today at"}, {"boundingPoly": {"vertices": [{"x": 641.0, "y": 1786.0}, {"x": 895.0, "y": 1789.0}, {"x": 895.0, "y": 1819.0}, {"x": 641.0, "y": 1815.0}]}, "description": "you a sweet offer."}, {"boundingPoly": {"vertices": [{"x": 1.0, "y": 1745.0}, {"x": 187.0, "y": 1745.0}, {"x": 187.0, "y": 1779.0}, {"x": 1.0, "y": 1779.0}]}, "description": " lost Order ID:"}, {"boundingPoly": {"vertices": [{"x": 192.0, "y": 1745.0}, {"x": 421.0, "y": 1745.0}, {"x": 421.0, "y": 1778.0}, {"x": 192.0, "y": 1778.0}]}, "description": " 6615728986401926"}, {"boundingPoly": {"vertices": [{"x": 649.0, "y": 1752.0}, {"x": 1090.0, "y": 1763.0}, {"x": 1089.0, "y": 1795.0}, {"x": 649.0, "y": 1783.0}]}, "description": "global.subway.com and we'll send"}, {"boundingPoly": {"vertices": [{"x": 6.0, "y": 1811.0}, {"x": 432.0, "y": 1811.0}, {"x": 432.0, "y": 1844.0}, {"x": 6.0, "y": 1844.0}]}, "description": "ettuce know how we did today at"}, {"boundingPoly": {"vertices": [{"x": 0.0, "y": 1844.0}, {"x": 436.0, "y": 1844.0}, {"x": 437.0, "y": 1876.0}, {"x": 0.0, "y": 1877.0}]}, "description": "global.subway.com and we'll send"}, {"boundingPoly": {"vertices": [{"x": 1.0, "y": 1881.0}, {"x": 247.0, "y": 1879.0}, {"x": 247.0, "y": 1910.0}, {"x": 1.0, "y": 1911.0}]}, "description": "you a sweet offer."}, {"boundingPoly": {"vertices": [{"x": 682.0, "y": 1861.0}, {"x": 1189.0, "y": 1872.0}, {"x": 1188.0, "y": 1916.0}, {"x": 682.0, "y": 1902.0}]}, "description": "receipt powered by mobivity"}]}