{"textAnnotations": [{"boundingPoly": {"vertices": [{"x": 60.0, "y": 613.0}, {"x": 394.0, "y": 613.0}, {"x": 394.0, "y": 657.0}, {"x": 60.0, "y": 657.0}]}, "description": "merchant address"}, {"boundingPoly": {"vertices": [{"x": 401.0, "y": 617.0}, {"x": 492.0, "y": 617.0}, {"x": 492.0, "y": 658.0}, {"x": 401.0, "y": 658.0}]}, "description": "merchant address"}, {"boundingPoly": {"vertices": [{"x": 1126.0, "y": 579.0}, {"x": 1262.0, "y": 580.0}, {"x": 1257.0, "y": 657.0}, {"x": 1124.0, "y": 651.0}]}, "description": "merchant name"}, {"boundingPoly": {"vertices": [{"x": 1091.0, "y": 669.0}, {"x": 1160.0, "y": 669.0}, {"x": 1160.0, "y": 713.0}, {"x": 1091.0, "y": 713.0}]}, "description": "merchant address"}, {"boundingPoly": {"vertices": [{"x": 1092.0, "y": 715.0}, {"x": 1297.0, "y": 718.0}, {"x": 1297.0, "y": 754.0}, {"x": 1092.0, "y": 751.0}]}, "description": "merchant address"}, {"boundingPoly": {"vertices": [{"x": 1167.0, "y": 670.0}, {"x": 1298.0, "y": 670.0}, {"x": 1298.0, "y": 714.0}, {"x": 1167.0, "y": 714.0}]}, "description": "merchant address"}, {"boundingPoly": {"vertices": [{"x": 674.0, "y": 1094.0}, {"x": 1072.0, "y": 1098.0}, {"x": 1071.0, "y": 1141.0}, {"x": 674.0, "y": 1137.0}]}, "description": "MEMORIES OF CHINA"}, {"boundingPoly": {"vertices": [{"x": 765.0, "y": 1182.0}, {"x": 1074.0, "y": 1184.0}, {"x": 1074.0, "y": 1231.0}, {"x": 765.0, "y": 1229.0}]}, "description": "DATE AND TIME"}, {"boundingPoly": {"vertices": [{"x": 485.0, "y": 1230.0}, {"x": 1232.0, "y": 1230.0}, {"x": 1232.0, "y": 1280.0}, {"x": 485.0, "y": 1280.0}]}, "description": " 0900824486 18/11/2019 9:16 PM 1"}, {"boundingPoly": {"vertices": [{"x": 489.0, "y": 1279.0}, {"x": 774.0, "y": 1280.0}, {"x": 774.0, "y": 1331.0}, {"x": 489.0, "y": 1329.0}]}, "description": "THELE HO $01"}, {"boundingPoly": {"vertices": [{"x": 485.0, "y": 1331.0}, {"x": 659.0, "y": 1331.0}, {"x": 659.0, "y": 1385.0}, {"x": 485.0, "y": 1385.0}]}, "description": " CHEMIER"}, {"boundingPoly": {"vertices": [{"x": 482.0, "y": 1385.0}, {"x": 632.0, "y": 1385.0}, {"x": 632.0, "y": 1440.0}, {"x": 482.0, "y": 1440.0}]}, "description": " WAITER"}, {"boundingPoly": {"vertices": [{"x": 480.0, "y": 1440.0}, {"x": 681.0, "y": 1440.0}, {"x": 681.0, "y": 1496.0}, {"x": 480.0, "y": 1496.0}]}, "description": " ORDER NO"}, {"boundingPoly": {"vertices": [{"x": 669.0, "y": 1331.0}, {"x": 778.0, "y": 1331.0}, {"x": 778.0, "y": 1385.0}, {"x": 669.0, "y": 1385.0}]}, "description": " :PKK"}, {"boundingPoly": {"vertices": [{"x": 643.0, "y": 1385.0}, {"x": 753.0, "y": 1385.0}, {"x": 753.0, "y": 1440.0}, {"x": 643.0, "y": 1440.0}]}, "description": " :PRK"}, {"boundingPoly": {"vertices": [{"x": 787.0, "y": 1331.0}, {"x": 993.0, "y": 1331.0}, {"x": 993.0, "y": 1387.0}, {"x": 787.0, "y": 1387.0}]}, "description": " :PRAKASH"}, {"boundingPoly": {"vertices": [{"x": 764.0, "y": 1385.0}, {"x": 974.0, "y": 1385.0}, {"x": 974.0, "y": 1440.0}, {"x": 764.0, "y": 1440.0}]}, "description": " :PRAKASH"}, {"boundingPoly": {"vertices": [{"x": 692.0, "y": 1440.0}, {"x": 946.0, "y": 1440.0}, {"x": 946.0, "y": 1496.0}, {"x": 692.0, "y": 1496.0}]}, "description": " :K00127939"}, {"boundingPoly": {"vertices": [{"x": 475.0, "y": 1554.0}, {"x": 801.0, "y": 1555.0}, {"x": 801.0, "y": 1609.0}, {"x": 475.0, "y": 1608.0}]}, "description": "@tw Menu Item"}, {"boundingPoly": {"vertices": [{"x": 1154.0, "y": 1563.0}, {"x": 1311.0, "y": 1564.0}, {"x": 1310.0, "y": 1608.0}, {"x": 1154.0, "y": 1605.0}]}, "description": "Amount"}, {"boundingPoly": {"vertices": [{"x": 475.0, "y": 1667.0}, {"x": 801.0, "y": 1667.0}, {"x": 801.0, "y": 1722.0}, {"x": 475.0, "y": 1722.0}]}, "description": " SRC/HON Code:"}, {"boundingPoly": {"vertices": [{"x": 518.0, "y": 1722.0}, {"x": 1069.0, "y": 1721.0}, {"x": 1069.0, "y": 1774.0}, {"x": 518.0, "y": 1776.0}]}, "description": "1 DRY CHILLY CHIKEN WO"}, {"boundingPoly": {"vertices": [{"x": 523.0, "y": 1776.0}, {"x": 1075.0, "y": 1774.0}, {"x": 1076.0, "y": 1826.0}, {"x": 523.0, "y": 1829.0}]}, "description": "1 BURNT GARLIC FRIED R"}, {"boundingPoly": {"vertices": [{"x": 811.0, "y": 1667.0}, {"x": 971.0, "y": 1667.0}, {"x": 971.0, "y": 1722.0}, {"x": 811.0, "y": 1722.0}]}, "description": " 996332"}, {"boundingPoly": {"vertices": [{"x": 1161.0, "y": 1721.0}, {"x": 1311.0, "y": 1720.0}, {"x": 1311.0, "y": 1770.0}, {"x": 1161.0, "y": 1771.0}]}, "description": "800.00"}, {"boundingPoly": {"vertices": [{"x": 1163.0, "y": 1774.0}, {"x": 1310.0, "y": 1774.0}, {"x": 1309.0, "y": 1824.0}, {"x": 1162.0, "y": 1826.0}]}, "description": "700.00"}, {"boundingPoly": {"vertices": [{"x": 512.0, "y": 1889.0}, {"x": 650.0, "y": 1888.0}, {"x": 650.0, "y": 1944.0}, {"x": 511.0, "y": 1944.0}]}, "description": "Total"}, {"boundingPoly": {"vertices": [{"x": 468.0, "y": 1947.0}, {"x": 802.0, "y": 1947.0}, {"x": 802.0, "y": 2008.0}, {"x": 468.0, "y": 2008.0}]}, "description": " SAC/HEN Code:"}, {"boundingPoly": {"vertices": [{"x": 511.0, "y": 2009.0}, {"x": 677.0, "y": 2012.0}, {"x": 676.0, "y": 2069.0}, {"x": 510.0, "y": 2071.0}]}, "description": "COST9%"}, {"boundingPoly": {"vertices": [{"x": 504.0, "y": 2076.0}, {"x": 674.0, "y": 2076.0}, {"x": 674.0, "y": 2134.0}, {"x": 504.0, "y": 2134.0}]}, "description": "86819%"}, {"boundingPoly": {"vertices": [{"x": 1143.0, "y": 1889.0}, {"x": 1324.0, "y": 1885.0}, {"x": 1325.0, "y": 1941.0}, {"x": 1145.0, "y": 1945.0}]}, "description": "1500.00"}, {"boundingPoly": {"vertices": [{"x": 812.0, "y": 1947.0}, {"x": 980.0, "y": 1947.0}, {"x": 980.0, "y": 2008.0}, {"x": 812.0, "y": 2008.0}]}, "description": " 996332"}, {"boundingPoly": {"vertices": [{"x": 1177.0, "y": 2012.0}, {"x": 1339.0, "y": 2007.0}, {"x": 1343.0, "y": 2064.0}, {"x": 1179.0, "y": 2071.0}]}, "description": "135.00"}, {"boundingPoly": {"vertices": [{"x": 1213.0, "y": 2084.0}, {"x": 1341.0, "y": 2070.0}, {"x": 1342.0, "y": 2121.0}, {"x": 1216.0, "y": 2133.0}]}, "description": "35.00"}, {"boundingPoly": {"vertices": [{"x": 1082.0, "y": 2161.0}, {"x": 1284.0, "y": 2156.0}, {"x": 1284.0, "y": 2180.0}, {"x": 1083.0, "y": 2185.0}]}, "description": "-------"}, {"boundingPoly": {"vertices": [{"x": 1166.0, "y": 2202.0}, {"x": 1362.0, "y": 2202.0}, {"x": 1362.0, "y": 2266.0}, {"x": 1166.0, "y": 2264.0}]}, "description": "1770.00"}, {"boundingPoly": {"vertices": [{"x": 503.0, "y": 2208.0}, {"x": 803.0, "y": 2206.0}, {"x": 803.0, "y": 2268.0}, {"x": 503.0, "y": 2270.0}]}, "description": "Grand Total"}]}