{"textAnnotations": [{"boundingPoly": {"vertices": [{"x": 887.0, "y": 540.0}, {"x": 993.0, "y": 539.0}, {"x": 993.0, "y": 571.0}, {"x": 888.0, "y": 573.0}]}, "description": "#407"}, {"boundingPoly": {"vertices": [{"x": 1101.0, "y": 576.0}, {"x": 1235.0, "y": 575.0}, {"x": 1236.0, "y": 602.0}, {"x": 1101.0, "y": 603.0}]}, "description": "merchant name"}, {"boundingPoly": {"vertices": [{"x": 1232.0, "y": 610.0}, {"x": 1298.0, "y": 610.0}, {"x": 1298.0, "y": 639.0}, {"x": 1232.0, "y": 639.0}]}, "description": "merchant address"}, {"boundingPoly": {"vertices": [{"x": 1049.0, "y": 646.0}, {"x": 1291.0, "y": 644.0}, {"x": 1291.0, "y": 670.0}, {"x": 1050.0, "y": 672.0}]}, "description": "merchant address"}, {"boundingPoly": {"vertices": [{"x": 1036.0, "y": 678.0}, {"x": 1293.0, "y": 678.0}, {"x": 1293.0, "y": 705.0}, {"x": 1036.0, "y": 706.0}]}, "description": "merchant phone"}, {"boundingPoly": {"vertices": [{"x": 1156.0, "y": 713.0}, {"x": 1179.0, "y": 713.0}, {"x": 1179.0, "y": 740.0}, {"x": 1156.0, "y": 740.0}]}, "description": " #"}, {"boundingPoly": {"vertices": [{"x": 996.0, "y": 611.0}, {"x": 1163.0, "y": 611.0}, {"x": 1163.0, "y": 639.0}, {"x": 996.0, "y": 639.0}]}, "description": "merchant address"}, {"boundingPoly": {"vertices": [{"x": 1168.0, "y": 611.0}, {"x": 1188.0, "y": 611.0}, {"x": 1188.0, "y": 639.0}, {"x": 1168.0, "y": 639.0}]}, "description": "merchant address"}, {"boundingPoly": {"vertices": [{"x": 1193.0, "y": 611.0}, {"x": 1227.0, "y": 611.0}, {"x": 1227.0, "y": 639.0}, {"x": 1193.0, "y": 639.0}]}, "description": "merchant address"}, {"boundingPoly": {"vertices": [{"x": 1303.0, "y": 610.0}, {"x": 1346.0, "y": 610.0}, {"x": 1346.0, "y": 638.0}, {"x": 1303.0, "y": 638.0}]}, "description": "merchant address"}, {"boundingPoly": {"vertices": [{"x": 1037.0, "y": 714.0}, {"x": 1151.0, "y": 714.0}, {"x": 1151.0, "y": 740.0}, {"x": 1037.0, "y": 740.0}]}, "description": " Business"}, {"boundingPoly": {"vertices": [{"x": 1184.0, "y": 713.0}, {"x": 1304.0, "y": 713.0}, {"x": 1304.0, "y": 740.0}, {"x": 1184.0, "y": 740.0}]}, "description": " 763219680"}, {"boundingPoly": {"vertices": [{"x": 889.0, "y": 784.0}, {"x": 964.0, "y": 784.0}, {"x": 964.0, "y": 810.0}, {"x": 889.0, "y": 810.0}]}, "description": " Date:"}, {"boundingPoly": {"vertices": [{"x": 891.0, "y": 819.0}, {"x": 989.0, "y": 819.0}, {"x": 989.0, "y": 846.0}, {"x": 891.0, "y": 846.0}]}, "description": " Server:"}, {"boundingPoly": {"vertices": [{"x": 969.0, "y": 783.0}, {"x": 1135.0, "y": 783.0}, {"x": 1135.0, "y": 810.0}, {"x": 969.0, "y": 810.0}]}, "description": " Nov 05, 2019"}, {"boundingPoly": {"vertices": [{"x": 1211.0, "y": 783.0}, {"x": 1281.0, "y": 783.0}, {"x": 1281.0, "y": 810.0}, {"x": 1211.0, "y": 810.0}]}, "description": " Time:"}, {"boundingPoly": {"vertices": [{"x": 1286.0, "y": 783.0}, {"x": 1386.0, "y": 783.0}, {"x": 1386.0, "y": 810.0}, {"x": 1286.0, "y": 810.0}]}, "description": " 07:59PM"}, {"boundingPoly": {"vertices": [{"x": 994.0, "y": 819.0}, {"x": 1042.0, "y": 819.0}, {"x": 1042.0, "y": 846.0}, {"x": 994.0, "y": 846.0}]}, "description": " May"}, {"boundingPoly": {"vertices": [{"x": 1210.0, "y": 852.0}, {"x": 1289.0, "y": 852.0}, {"x": 1289.0, "y": 882.0}, {"x": 1210.0, "y": 882.0}]}, "description": " Table"}, {"boundingPoly": {"vertices": [{"x": 1301.0, "y": 852.0}, {"x": 1374.0, "y": 852.0}, {"x": 1374.0, "y": 882.0}, {"x": 1301.0, "y": 882.0}]}, "description": " : 407"}, {"boundingPoly": {"vertices": [{"x": 907.0, "y": 920.0}, {"x": 922.0, "y": 921.0}, {"x": 921.0, "y": 949.0}, {"x": 906.0, "y": 948.0}]}, "description": "1"}, {"boundingPoly": {"vertices": [{"x": 946.0, "y": 919.0}, {"x": 1225.0, "y": 919.0}, {"x": 1225.0, "y": 952.0}, {"x": 946.0, "y": 952.0}]}, "description": "Adult Weekday Dinner"}, {"boundingPoly": {"vertices": [{"x": 1385.0, "y": 921.0}, {"x": 1451.0, "y": 922.0}, {"x": 1450.0, "y": 949.0}, {"x": 1384.0, "y": 948.0}]}, "description": "30.99"}, {"boundingPoly": {"vertices": [{"x": 1012.0, "y": 987.0}, {"x": 1117.0, "y": 988.0}, {"x": 1116.0, "y": 1017.0}, {"x": 1011.0, "y": 1016.0}]}, "description": "Subtotal"}, {"boundingPoly": {"vertices": [{"x": 1010.0, "y": 1021.0}, {"x": 1052.0, "y": 1021.0}, {"x": 1050.0, "y": 1051.0}, {"x": 1008.0, "y": 1052.0}]}, "description": "HST"}, {"boundingPoly": {"vertices": [{"x": 1383.0, "y": 988.0}, {"x": 1456.0, "y": 989.0}, {"x": 1454.0, "y": 1017.0}, {"x": 1383.0, "y": 1015.0}]}, "description": "30.99"}, {"boundingPoly": {"vertices": [{"x": 1397.0, "y": 1024.0}, {"x": 1444.0, "y": 1025.0}, {"x": 1443.0, "y": 1051.0}, {"x": 1396.0, "y": 1050.0}]}, "description": "4.0"}, {"boundingPoly": {"vertices": [{"x": 889.0, "y": 1092.0}, {"x": 1018.0, "y": 1092.0}, {"x": 1018.0, "y": 1124.0}, {"x": 889.0, "y": 1123.0}]}, "description": "Total"}, {"boundingPoly": {"vertices": [{"x": 1314.0, "y": 1090.0}, {"x": 1451.0, "y": 1091.0}, {"x": 1450.0, "y": 1122.0}, {"x": 1314.0, "y": 1121.0}]}, "description": "35.02"}, {"boundingPoly": {"vertices": [{"x": 893.0, "y": 1231.0}, {"x": 1019.0, "y": 1231.0}, {"x": 1019.0, "y": 1262.0}, {"x": 893.0, "y": 1262.0}]}, "description": " Open Time"}, {"boundingPoly": {"vertices": [{"x": 1025.0, "y": 1229.0}, {"x": 1322.0, "y": 1229.0}, {"x": 1322.0, "y": 1261.0}, {"x": 1025.0, "y": 1261.0}]}, "description": " : Nov 05, 2019 06:40PM"}, {"boundingPoly": {"vertices": [{"x": 1026.0, "y": 1302.0}, {"x": 1091.0, "y": 1302.0}, {"x": 1091.0, "y": 1331.0}, {"x": 1026.0, "y": 1331.0}]}, "description": " poor"}, {"boundingPoly": {"vertices": [{"x": 1102.0, "y": 1301.0}, {"x": 1171.0, "y": 1301.0}, {"x": 1171.0, "y": 1330.0}, {"x": 1102.0, "y": 1330.0}]}, "description": " good"}, {"boundingPoly": {"vertices": [{"x": 1183.0, "y": 1299.0}, {"x": 1309.0, "y": 1299.0}, {"x": 1309.0, "y": 1330.0}, {"x": 1183.0, "y": 1330.0}]}, "description": " excellent"}, {"boundingPoly": {"vertices": [{"x": 1038.0, "y": 1369.0}, {"x": 1137.0, "y": 1367.0}, {"x": 1137.0, "y": 1397.0}, {"x": 1038.0, "y": 1399.0}]}, "description": "Service"}, {"boundingPoly": {"vertices": [{"x": 1054.0, "y": 1405.0}, {"x": 1107.0, "y": 1404.0}, {"x": 1107.0, "y": 1430.0}, {"x": 1054.0, "y": 1431.0}]}, "description": "Food"}, {"boundingPoly": {"vertices": [{"x": 931.0, "y": 1437.0}, {"x": 1083.0, "y": 1437.0}, {"x": 1083.0, "y": 1467.0}, {"x": 931.0, "y": 1468.0}]}, "description": "Environment"}, {"boundingPoly": {"vertices": [{"x": 1026.0, "y": 1504.0}, {"x": 1202.0, "y": 1504.0}, {"x": 1202.0, "y": 1538.0}, {"x": 1026.0, "y": 1538.0}]}, "description": " Thank You For"}, {"boundingPoly": {"vertices": [{"x": 1053.0, "y": 1541.0}, {"x": 1282.0, "y": 1541.0}, {"x": 1282.0, "y": 1573.0}, {"x": 1053.0, "y": 1573.0}]}, "description": "Pease Come Again!"}, {"boundingPoly": {"vertices": [{"x": 1208.0, "y": 1505.0}, {"x": 1305.0, "y": 1505.0}, {"x": 1305.0, "y": 1539.0}, {"x": 1208.0, "y": 1539.0}]}, "description": " Coming!"}]}