{"textAnnotations": [{"boundingPoly": {"vertices": [{"x": 100.0, "y": 72.0}, {"x": 330.0, "y": 73.0}, {"x": 330.0, "y": 96.0}, {"x": 100.0, "y": 95.0}]}, "description": "merchant name"}, {"boundingPoly": {"vertices": [{"x": 152.0, "y": 99.0}, {"x": 286.0, "y": 100.0}, {"x": 286.0, "y": 122.0}, {"x": 152.0, "y": 120.0}]}, "description": "merchant address"}, {"boundingPoly": {"vertices": [{"x": 36.0, "y": 125.0}, {"x": 225.0, "y": 125.0}, {"x": 225.0, "y": 149.0}, {"x": 36.0, "y": 149.0}]}, "description": "merchant address"}, {"boundingPoly": {"vertices": [{"x": 237.0, "y": 125.0}, {"x": 396.0, "y": 125.0}, {"x": 396.0, "y": 149.0}, {"x": 237.0, "y": 149.0}]}, "description": "merchant phone"}, {"boundingPoly": {"vertices": [{"x": 159.0, "y": 176.0}, {"x": 271.0, "y": 176.0}, {"x": 271.0, "y": 198.0}, {"x": 159.0, "y": 198.0}]}, "description": "CHK 724691"}, {"boundingPoly": {"vertices": [{"x": 107.0, "y": 202.0}, {"x": 318.0, "y": 202.0}, {"x": 318.0, "y": 225.0}, {"x": 107.0, "y": 225.0}]}, "description": " 11/09/2019 05:22 PM"}, {"boundingPoly": {"vertices": [{"x": 60.0, "y": 227.0}, {"x": 139.0, "y": 227.0}, {"x": 139.0, "y": 249.0}, {"x": 60.0, "y": 249.0}]}, "description": "2801240"}, {"boundingPoly": {"vertices": [{"x": 167.0, "y": 228.0}, {"x": 255.0, "y": 228.0}, {"x": 255.0, "y": 250.0}, {"x": 167.0, "y": 250.0}]}, "description": " Drawer:"}, {"boundingPoly": {"vertices": [{"x": 259.0, "y": 228.0}, {"x": 345.0, "y": 228.0}, {"x": 345.0, "y": 249.0}, {"x": 259.0, "y": 249.0}]}, "description": " 1 Reg:"}, {"boundingPoly": {"vertices": [{"x": 350.0, "y": 228.0}, {"x": 362.0, "y": 228.0}, {"x": 362.0, "y": 249.0}, {"x": 350.0, "y": 249.0}]}, "description": " 1"}, {"boundingPoly": {"vertices": [{"x": 31.0, "y": 282.0}, {"x": 171.0, "y": 279.0}, {"x": 172.0, "y": 302.0}, {"x": 32.0, "y": 306.0}]}, "description": "Gr Flat White"}, {"boundingPoly": {"vertices": [{"x": 334.0, "y": 276.0}, {"x": 383.0, "y": 276.0}, {"x": 383.0, "y": 302.0}, {"x": 334.0, "y": 302.0}]}, "description": "4.95"}, {"boundingPoly": {"vertices": [{"x": 33.0, "y": 337.0}, {"x": 75.0, "y": 337.0}, {"x": 75.0, "y": 358.0}, {"x": 33.0, "y": 358.0}]}, "description": "Amex"}, {"boundingPoly": {"vertices": [{"x": 33.0, "y": 363.0}, {"x": 205.0, "y": 363.0}, {"x": 205.0, "y": 386.0}, {"x": 33.0, "y": 386.0}]}, "description": "XXXXXXXXXXXX1000"}, {"boundingPoly": {"vertices": [{"x": 32.0, "y": 390.0}, {"x": 151.0, "y": 390.0}, {"x": 151.0, "y": 415.0}, {"x": 32.0, "y": 415.0}]}, "description": " Card Entry:"}, {"boundingPoly": {"vertices": [{"x": 32.0, "y": 416.0}, {"x": 153.0, "y": 416.0}, {"x": 153.0, "y": 442.0}, {"x": 32.0, "y": 442.0}]}, "description": " Trans Type:"}, {"boundingPoly": {"vertices": [{"x": 33.0, "y": 443.0}, {"x": 164.0, "y": 443.0}, {"x": 164.0, "y": 468.0}, {"x": 33.0, "y": 468.0}]}, "description": " Reference #:"}, {"boundingPoly": {"vertices": [{"x": 33.0, "y": 471.0}, {"x": 143.0, "y": 471.0}, {"x": 143.0, "y": 494.0}, {"x": 33.0, "y": 494.0}]}, "description": " App Label:"}, {"boundingPoly": {"vertices": [{"x": 33.0, "y": 496.0}, {"x": 111.0, "y": 496.0}, {"x": 111.0, "y": 519.0}, {"x": 33.0, "y": 519.0}]}, "description": " Auth #:"}, {"boundingPoly": {"vertices": [{"x": 34.0, "y": 520.0}, {"x": 78.0, "y": 520.0}, {"x": 78.0, "y": 547.0}, {"x": 34.0, "y": 547.0}]}, "description": " AID:"}, {"boundingPoly": {"vertices": [{"x": 34.0, "y": 549.0}, {"x": 80.0, "y": 549.0}, {"x": 80.0, "y": 572.0}, {"x": 34.0, "y": 572.0}]}, "description": " TVR:"}, {"boundingPoly": {"vertices": [{"x": 35.0, "y": 575.0}, {"x": 82.0, "y": 575.0}, {"x": 82.0, "y": 597.0}, {"x": 35.0, "y": 597.0}]}, "description": " TSI:"}, {"boundingPoly": {"vertices": [{"x": 334.0, "y": 336.0}, {"x": 382.0, "y": 334.0}, {"x": 382.0, "y": 358.0}, {"x": 334.0, "y": 357.0}]}, "description": "4.95"}, {"boundingPoly": {"vertices": [{"x": 156.0, "y": 392.0}, {"x": 270.0, "y": 392.0}, {"x": 270.0, "y": 415.0}, {"x": 156.0, "y": 415.0}]}, "description": " QUICK CHIP"}, {"boundingPoly": {"vertices": [{"x": 158.0, "y": 419.0}, {"x": 247.0, "y": 419.0}, {"x": 247.0, "y": 442.0}, {"x": 158.0, "y": 442.0}]}, "description": " PURCHASE"}, {"boundingPoly": {"vertices": [{"x": 169.0, "y": 446.0}, {"x": 259.0, "y": 446.0}, {"x": 259.0, "y": 469.0}, {"x": 169.0, "y": 469.0}]}, "description": " 00000236"}, {"boundingPoly": {"vertices": [{"x": 147.0, "y": 472.0}, {"x": 323.0, "y": 472.0}, {"x": 323.0, "y": 498.0}, {"x": 147.0, "y": 498.0}]}, "description": " AMERICAN EXPRESS"}, {"boundingPoly": {"vertices": [{"x": 115.0, "y": 498.0}, {"x": 184.0, "y": 498.0}, {"x": 184.0, "y": 521.0}, {"x": 115.0, "y": 521.0}]}, "description": " 841927"}, {"boundingPoly": {"vertices": [{"x": 82.0, "y": 521.0}, {"x": 259.0, "y": 521.0}, {"x": 259.0, "y": 551.0}, {"x": 82.0, "y": 551.0}]}, "description": " A000000025010801"}, {"boundingPoly": {"vertices": [{"x": 84.0, "y": 550.0}, {"x": 194.0, "y": 550.0}, {"x": 194.0, "y": 573.0}, {"x": 84.0, "y": 573.0}]}, "description": " 0000008000"}, {"boundingPoly": {"vertices": [{"x": 86.0, "y": 576.0}, {"x": 133.0, "y": 576.0}, {"x": 133.0, "y": 597.0}, {"x": 86.0, "y": 597.0}]}, "description": " E800"}, {"boundingPoly": {"vertices": [{"x": 33.0, "y": 626.0}, {"x": 120.0, "y": 626.0}, {"x": 120.0, "y": 648.0}, {"x": 33.0, "y": 648.0}]}, "description": "Subtotal"}, {"boundingPoly": {"vertices": [{"x": 35.0, "y": 653.0}, {"x": 89.0, "y": 652.0}, {"x": 89.0, "y": 674.0}, {"x": 35.0, "y": 674.0}]}, "description": "Total"}, {"boundingPoly": {"vertices": [{"x": 3.0, "y": 679.0}, {"x": 214.0, "y": 682.0}, {"x": 214.0, "y": 705.0}, {"x": 3.0, "y": 701.0}]}, "description": "Change Due"}, {"boundingPoly": {"vertices": [{"x": 309.0, "y": 633.0}, {"x": 368.0, "y": 632.0}, {"x": 367.0, "y": 655.0}, {"x": 310.0, "y": 655.0}]}, "description": "$4.95"}, {"boundingPoly": {"vertices": [{"x": 310.0, "y": 661.0}, {"x": 368.0, "y": 660.0}, {"x": 368.0, "y": 683.0}, {"x": 309.0, "y": 682.0}]}, "description": "$4.95"}, {"boundingPoly": {"vertices": [{"x": 320.0, "y": 686.0}, {"x": 437.0, "y": 687.0}, {"x": 437.0, "y": 713.0}, {"x": 320.0, "y": 713.0}]}, "description": "$0.00"}, {"boundingPoly": {"vertices": [{"x": 128.0, "y": 732.0}, {"x": 261.0, "y": 737.0}, {"x": 260.0, "y": 761.0}, {"x": 127.0, "y": 755.0}]}, "description": "Check Closed"}, {"boundingPoly": {"vertices": [{"x": 111.0, "y": 759.0}, {"x": 314.0, "y": 759.0}, {"x": 314.0, "y": 791.0}, {"x": 111.0, "y": 791.0}]}, "description": " 11/09/2019 05:22 PM"}, {"boundingPoly": {"vertices": [{"x": 270.0, "y": 744.0}, {"x": 316.0, "y": 745.0}, {"x": 315.0, "y": 758.0}, {"x": 270.0, "y": 757.0}]}, "description": "----."}, {"boundingPoly": {"vertices": [{"x": 90.0, "y": 887.0}, {"x": 349.0, "y": 899.0}, {"x": 348.0, "y": 924.0}, {"x": 89.0, "y": 910.0}]}, "description": "Join our loyalty.program"}, {"boundingPoly": {"vertices": [{"x": 58.0, "y": 937.0}, {"x": 383.0, "y": 956.0}, {"x": 382.0, "y": 982.0}, {"x": 56.0, "y": 963.0}]}, "description": "Sign up for promotional emails"}, {"boundingPoly": {"vertices": [{"x": 108.0, "y": 997.0}, {"x": 318.0, "y": 1014.0}, {"x": 315.0, "y": 1038.0}, {"x": 105.0, "y": 1020.0}]}, "description": "Or download our app"}, {"boundingPoly": {"vertices": [{"x": 83.0, "y": 1053.0}, {"x": 339.0, "y": 1074.0}, {"x": 337.0, "y": 1101.0}, {"x": 82.0, "y": 1078.0}]}, "description": "Some restrictions apply"}, {"boundingPoly": {"vertices": [{"x": 120.0, "y": 913.0}, {"x": 319.0, "y": 923.0}, {"x": 318.0, "y": 950.0}, {"x": 119.0, "y": 939.0}]}, "description": "Starbucks Rewards\u00ae"}, {"boundingPoly": {"vertices": [{"x": 69.0, "y": 966.0}, {"x": 362.0, "y": 986.0}, {"x": 360.0, "y": 1011.0}, {"x": 68.0, "y": 990.0}]}, "description": "Visit Starbucks.com/rewards"}, {"boundingPoly": {"vertices": [{"x": 85.0, "y": 1022.0}, {"x": 341.0, "y": 1043.0}, {"x": 339.0, "y": 1071.0}, {"x": 84.0, "y": 1049.0}]}, "description": "At participating stores"}]}