{"textAnnotations": [{"boundingPoly": {"vertices": [{"x": 288.0, "y": 1.0}, {"x": 287.0, "y": 114.0}, {"x": 268.0, "y": 114.0}, {"x": 270.0, "y": 1.0}]}, "description": "<press' Cards"}, {"boundingPoly": {"vertices": [{"x": 42.0, "y": 96.0}, {"x": 150.0, "y": 96.0}, {"x": 150.0, "y": 113.0}, {"x": 42.0, "y": 113.0}]}, "description": "merchant name"}, {"boundingPoly": {"vertices": [{"x": 101.0, "y": 112.0}, {"x": 210.0, "y": 112.0}, {"x": 210.0, "y": 132.0}, {"x": 101.0, "y": 132.0}]}, "description": " 06AADCC9070A1Z1"}, {"boundingPoly": {"vertices": [{"x": 109.0, "y": 134.0}, {"x": 148.0, "y": 134.0}, {"x": 148.0, "y": 152.0}, {"x": 109.0, "y": 152.0}]}, "description": " KOT -"}, {"boundingPoly": {"vertices": [{"x": 152.0, "y": 95.0}, {"x": 206.0, "y": 95.0}, {"x": 206.0, "y": 113.0}, {"x": 152.0, "y": 113.0}]}, "description": "merchant name"}, {"boundingPoly": {"vertices": [{"x": 40.0, "y": 113.0}, {"x": 98.0, "y": 113.0}, {"x": 98.0, "y": 132.0}, {"x": 40.0, "y": 132.0}]}, "description": " GST NO:"}, {"boundingPoly": {"vertices": [{"x": 35.0, "y": 130.0}, {"x": 34.0, "y": 2.0}, {"x": 53.0, "y": 2.0}, {"x": 54.0, "y": 130.0}]}, "description": "American Exp"}, {"boundingPoly": {"vertices": [{"x": 43.0, "y": 192.0}, {"x": 101.0, "y": 192.0}, {"x": 101.0, "y": 209.0}, {"x": 43.0, "y": 209.0}]}, "description": " Invoice"}, {"boundingPoly": {"vertices": [{"x": 41.0, "y": 211.0}, {"x": 81.0, "y": 211.0}, {"x": 81.0, "y": 227.0}, {"x": 41.0, "y": 227.0}]}, "description": " Name:"}, {"boundingPoly": {"vertices": [{"x": 40.0, "y": 229.0}, {"x": 125.0, "y": 229.0}, {"x": 125.0, "y": 246.0}, {"x": 40.0, "y": 246.0}]}, "description": " Order Time:"}, {"boundingPoly": {"vertices": [{"x": 40.0, "y": 248.0}, {"x": 131.0, "y": 248.0}, {"x": 131.0, "y": 265.0}, {"x": 40.0, "y": 265.0}]}, "description": " Order Status:"}, {"boundingPoly": {"vertices": [{"x": 39.0, "y": 271.0}, {"x": 175.0, "y": 270.0}, {"x": 176.0, "y": 287.0}, {"x": 39.0, "y": 288.0}]}, "description": "Non Veg Salad Bowl"}, {"boundingPoly": {"vertices": [{"x": 26.0, "y": 502.0}, {"x": 31.0, "y": 289.0}, {"x": 50.0, "y": 290.0}, {"x": 44.0, "y": 502.0}]}, "description": "American Express Cards"}, {"boundingPoly": {"vertices": [{"x": 21.0, "y": 712.0}, {"x": 23.0, "y": 656.0}, {"x": 39.0, "y": 656.0}, {"x": 37.0, "y": 712.0}]}, "description": "Cards"}, {"boundingPoly": {"vertices": [{"x": 151.0, "y": 134.0}, {"x": 177.0, "y": 134.0}, {"x": 177.0, "y": 150.0}, {"x": 151.0, "y": 150.0}]}, "description": " 302"}, {"boundingPoly": {"vertices": [{"x": 107.0, "y": 190.0}, {"x": 197.0, "y": 190.0}, {"x": 197.0, "y": 208.0}, {"x": 107.0, "y": 208.0}]}, "description": " #FOOQWG11130"}, {"boundingPoly": {"vertices": [{"x": 128.0, "y": 226.0}, {"x": 247.0, "y": 226.0}, {"x": 247.0, "y": 245.0}, {"x": 128.0, "y": 245.0}]}, "description": " 20:14 09-09-2019"}, {"boundingPoly": {"vertices": [{"x": 134.0, "y": 248.0}, {"x": 205.0, "y": 248.0}, {"x": 205.0, "y": 265.0}, {"x": 134.0, "y": 265.0}]}, "description": " delivered"}, {"boundingPoly": {"vertices": [{"x": 199.0, "y": 269.0}, {"x": 270.0, "y": 268.0}, {"x": 270.0, "y": 284.0}, {"x": 199.0, "y": 285.0}]}, "description": "3 \u00d7 95.24"}, {"boundingPoly": {"vertices": [{"x": 284.0, "y": 289.0}, {"x": 282.0, "y": 500.0}, {"x": 262.0, "y": 500.0}, {"x": 264.0, "y": 288.0}]}, "description": "American Express Cards"}, {"boundingPoly": {"vertices": [{"x": 278.0, "y": 640.0}, {"x": 278.0, "y": 712.0}, {"x": 257.0, "y": 712.0}, {"x": 257.0, "y": 640.0}]}, "description": "Americ"}, {"boundingPoly": {"vertices": [{"x": 35.0, "y": 309.0}, {"x": 95.0, "y": 309.0}, {"x": 95.0, "y": 324.0}, {"x": 35.0, "y": 324.0}]}, "description": " mon veg"}, {"boundingPoly": {"vertices": [{"x": 97.0, "y": 308.0}, {"x": 117.0, "y": 308.0}, {"x": 117.0, "y": 325.0}, {"x": 97.0, "y": 325.0}]}, "description": " of"}, {"boundingPoly": {"vertices": [{"x": 119.0, "y": 308.0}, {"x": 145.0, "y": 308.0}, {"x": 145.0, "y": 325.0}, {"x": 119.0, "y": 325.0}]}, "description": " the"}, {"boundingPoly": {"vertices": [{"x": 147.0, "y": 307.0}, {"x": 174.0, "y": 307.0}, {"x": 174.0, "y": 324.0}, {"x": 147.0, "y": 324.0}]}, "description": " day"}, {"boundingPoly": {"vertices": [{"x": 199.0, "y": 306.0}, {"x": 210.0, "y": 306.0}, {"x": 210.0, "y": 322.0}, {"x": 199.0, "y": 322.0}]}, "description": " 2"}, {"boundingPoly": {"vertices": [{"x": 213.0, "y": 305.0}, {"x": 279.0, "y": 305.0}, {"x": 279.0, "y": 322.0}, {"x": 213.0, "y": 322.0}]}, "description": " X 80.953"}, {"boundingPoly": {"vertices": [{"x": 28.0, "y": 402.0}, {"x": 137.0, "y": 402.0}, {"x": 137.0, "y": 420.0}, {"x": 28.0, "y": 419.0}]}, "description": "WVeg Salad Bowl"}, {"boundingPoly": {"vertices": [{"x": 195.0, "y": 402.0}, {"x": 266.0, "y": 401.0}, {"x": 266.0, "y": 419.0}, {"x": 195.0, "y": 419.0}]}, "description": "1 \u00d7 85. 71"}, {"boundingPoly": {"vertices": [{"x": 29.0, "y": 472.0}, {"x": 136.0, "y": 470.0}, {"x": 136.0, "y": 485.0}, {"x": 29.0, "y": 487.0}]}, "description": "Weg Grain Bowl"}, {"boundingPoly": {"vertices": [{"x": 194.0, "y": 471.0}, {"x": 204.0, "y": 471.0}, {"x": 204.0, "y": 487.0}, {"x": 194.0, "y": 487.0}]}, "description": " 1"}, {"boundingPoly": {"vertices": [{"x": 207.0, "y": 471.0}, {"x": 266.0, "y": 471.0}, {"x": 266.0, "y": 489.0}, {"x": 207.0, "y": 489.0}]}, "description": " \u00d7 85. 71"}, {"boundingPoly": {"vertices": [{"x": 97.0, "y": 526.0}, {"x": 144.0, "y": 526.0}, {"x": 144.0, "y": 542.0}, {"x": 97.0, "y": 542.0}]}, "description": " CGS1 @"}, {"boundingPoly": {"vertices": [{"x": 95.0, "y": 546.0}, {"x": 127.0, "y": 546.0}, {"x": 127.0, "y": 564.0}, {"x": 95.0, "y": 564.0}]}, "description": " SGST"}, {"boundingPoly": {"vertices": [{"x": 119.0, "y": 567.0}, {"x": 157.0, "y": 567.0}, {"x": 157.0, "y": 583.0}, {"x": 119.0, "y": 583.0}]}, "description": " Total"}, {"boundingPoly": {"vertices": [{"x": 147.0, "y": 526.0}, {"x": 225.0, "y": 526.0}, {"x": 225.0, "y": 544.0}, {"x": 147.0, "y": 544.0}]}, "description": " 2.50% = 15."}, {"boundingPoly": {"vertices": [{"x": 146.0, "y": 546.0}, {"x": 246.0, "y": 546.0}, {"x": 246.0, "y": 565.0}, {"x": 146.0, "y": 565.0}]}, "description": " 2.50% = 15.48"}, {"boundingPoly": {"vertices": [{"x": 228.0, "y": 526.0}, {"x": 247.0, "y": 526.0}, {"x": 247.0, "y": 545.0}, {"x": 228.0, "y": 545.0}]}, "description": " 48"}, {"boundingPoly": {"vertices": [{"x": 130.0, "y": 546.0}, {"x": 143.0, "y": 546.0}, {"x": 143.0, "y": 564.0}, {"x": 130.0, "y": 564.0}]}, "description": " @"}, {"boundingPoly": {"vertices": [{"x": 160.0, "y": 567.0}, {"x": 170.0, "y": 567.0}, {"x": 170.0, "y": 583.0}, {"x": 160.0, "y": 583.0}]}, "description": " ="}, {"boundingPoly": {"vertices": [{"x": 173.0, "y": 567.0}, {"x": 214.0, "y": 567.0}, {"x": 214.0, "y": 584.0}, {"x": 173.0, "y": 584.0}]}, "description": " 650. 0"}, {"boundingPoly": {"vertices": [{"x": 62.0, "y": 606.0}, {"x": 216.0, "y": 606.0}, {"x": 216.0, "y": 624.0}, {"x": 62.0, "y": 624.0}]}, "description": " -20:15:54 09-09-2019-"}, {"boundingPoly": {"vertices": [{"x": 122.0, "y": 643.0}, {"x": 172.0, "y": 644.0}, {"x": 172.0, "y": 662.0}, {"x": 122.0, "y": 660.0}]}, "description": "1.0.57-"}]}