{"textAnnotations": [{"boundingPoly": {"vertices": [{"x": 48.0, "y": 197.0}, {"x": 148.0, "y": 196.0}, {"x": 148.0, "y": 215.0}, {"x": 49.0, "y": 216.0}]}, "description": "10157 CP"}, {"boundingPoly": {"vertices": [{"x": 45.0, "y": 243.0}, {"x": 150.0, "y": 243.0}, {"x": 150.0, "y": 262.0}, {"x": 45.0, "y": 263.0}]}, "description": "CHK 6026"}, {"boundingPoly": {"vertices": [{"x": 149.0, "y": 263.0}, {"x": 349.0, "y": 263.0}, {"x": 349.0, "y": 287.0}, {"x": 149.0, "y": 287.0}]}, "description": " OCT03'19 10:42AM"}, {"boundingPoly": {"vertices": [{"x": 74.0, "y": 336.0}, {"x": 93.0, "y": 336.0}, {"x": 93.0, "y": 357.0}, {"x": 74.0, "y": 357.0}]}, "description": " 1"}, {"boundingPoly": {"vertices": [{"x": 73.0, "y": 360.0}, {"x": 200.0, "y": 360.0}, {"x": 200.0, "y": 378.0}, {"x": 73.0, "y": 380.0}]}, "description": "1 Pastries"}, {"boundingPoly": {"vertices": [{"x": 96.0, "y": 383.0}, {"x": 284.0, "y": 382.0}, {"x": 284.0, "y": 402.0}, {"x": 97.0, "y": 404.0}]}, "description": "XXXXXXXXXXX1002"}, {"boundingPoly": {"vertices": [{"x": 98.0, "y": 406.0}, {"x": 298.0, "y": 406.0}, {"x": 298.0, "y": 428.0}, {"x": 98.0, "y": 428.0}]}, "description": "American Express"}, {"boundingPoly": {"vertices": [{"x": 100.0, "y": 336.0}, {"x": 272.0, "y": 336.0}, {"x": 272.0, "y": 357.0}, {"x": 100.0, "y": 357.0}]}, "description": " 12 Mini-Donuts"}, {"boundingPoly": {"vertices": [{"x": 361.0, "y": 334.0}, {"x": 416.0, "y": 333.0}, {"x": 415.0, "y": 354.0}, {"x": 361.0, "y": 353.0}]}, "description": "6.75"}, {"boundingPoly": {"vertices": [{"x": 364.0, "y": 358.0}, {"x": 416.0, "y": 358.0}, {"x": 416.0, "y": 378.0}, {"x": 364.0, "y": 378.0}]}, "description": "4.00"}, {"boundingPoly": {"vertices": [{"x": 352.0, "y": 407.0}, {"x": 419.0, "y": 405.0}, {"x": 420.0, "y": 425.0}, {"x": 352.0, "y": 427.0}]}, "description": "10 75"}, {"boundingPoly": {"vertices": [{"x": 98.0, "y": 451.0}, {"x": 233.0, "y": 451.0}, {"x": 233.0, "y": 474.0}, {"x": 98.0, "y": 475.0}]}, "description": "Subtotal ..."}, {"boundingPoly": {"vertices": [{"x": 97.0, "y": 475.0}, {"x": 186.0, "y": 475.0}, {"x": 186.0, "y": 498.0}, {"x": 97.0, "y": 498.0}]}, "description": "Payment"}, {"boundingPoly": {"vertices": [{"x": 354.0, "y": 458.0}, {"x": 422.0, "y": 459.0}, {"x": 422.0, "y": 479.0}, {"x": 354.0, "y": 478.0}]}, "description": "10.75"}, {"boundingPoly": {"vertices": [{"x": 354.0, "y": 484.0}, {"x": 421.0, "y": 484.0}, {"x": 421.0, "y": 504.0}, {"x": 354.0, "y": 504.0}]}, "description": "10.75"}]}