{"textAnnotations": [{"boundingPoly": {"vertices": [{"x": 160.0, "y": 33.0}, {"x": 313.0, "y": 43.0}, {"x": 311.0, "y": 72.0}, {"x": 159.0, "y": 62.0}]}, "description": "merchant name"}, {"boundingPoly": {"vertices": [{"x": 148.0, "y": 100.0}, {"x": 325.0, "y": 102.0}, {"x": 324.0, "y": 129.0}, {"x": 148.0, "y": 128.0}]}, "description": "merchant address"}, {"boundingPoly": {"vertices": [{"x": 195.0, "y": 134.0}, {"x": 289.0, "y": 133.0}, {"x": 290.0, "y": 159.0}, {"x": 195.0, "y": 162.0}]}, "description": "merchant address"}, {"boundingPoly": {"vertices": [{"x": 150.0, "y": 164.0}, {"x": 335.0, "y": 163.0}, {"x": 335.0, "y": 187.0}, {"x": 150.0, "y": 188.0}]}, "description": "merchant address"}, {"boundingPoly": {"vertices": [{"x": 195.0, "y": 195.0}, {"x": 289.0, "y": 193.0}, {"x": 290.0, "y": 217.0}, {"x": 195.0, "y": 218.0}]}, "description": "SW1V 1JU"}, {"boundingPoly": {"vertices": [{"x": 150.0, "y": 66.0}, {"x": 336.0, "y": 72.0}, {"x": 335.0, "y": 101.0}, {"x": 150.0, "y": 95.0}]}, "description": "merchant address"}, {"boundingPoly": {"vertices": [{"x": 11.0, "y": 252.0}, {"x": 143.0, "y": 256.0}, {"x": 142.0, "y": 281.0}, {"x": 11.0, "y": 277.0}]}, "description": "9127 Jana N"}, {"boundingPoly": {"vertices": [{"x": 400.0, "y": 273.0}, {"x": 453.0, "y": 273.0}, {"x": 453.0, "y": 301.0}, {"x": 400.0, "y": 301.0}]}, "description": " WS#:"}, {"boundingPoly": {"vertices": [{"x": 457.0, "y": 272.0}, {"x": 475.0, "y": 272.0}, {"x": 475.0, "y": 297.0}, {"x": 457.0, "y": 297.0}]}, "description": " 5"}, {"boundingPoly": {"vertices": [{"x": 183.0, "y": 343.0}, {"x": 301.0, "y": 340.0}, {"x": 302.0, "y": 367.0}, {"x": 184.0, "y": 371.0}]}, "description": "CHK 176199"}, {"boundingPoly": {"vertices": [{"x": 142.0, "y": 370.0}, {"x": 347.0, "y": 370.0}, {"x": 347.0, "y": 401.0}, {"x": 142.0, "y": 401.0}]}, "description": " 15 Aug'19 20:17 PM"}, {"boundingPoly": {"vertices": [{"x": 27.0, "y": 436.0}, {"x": 43.0, "y": 436.0}, {"x": 43.0, "y": 462.0}, {"x": 27.0, "y": 462.0}]}, "description": " 1"}, {"boundingPoly": {"vertices": [{"x": 28.0, "y": 466.0}, {"x": 44.0, "y": 466.0}, {"x": 44.0, "y": 491.0}, {"x": 28.0, "y": 491.0}]}, "description": " 1"}, {"boundingPoly": {"vertices": [{"x": 48.0, "y": 433.0}, {"x": 231.0, "y": 433.0}, {"x": 231.0, "y": 462.0}, {"x": 48.0, "y": 462.0}]}, "description": " TA Best Ever BLT"}, {"boundingPoly": {"vertices": [{"x": 48.0, "y": 463.0}, {"x": 232.0, "y": 463.0}, {"x": 232.0, "y": 490.0}, {"x": 48.0, "y": 490.0}]}, "description": " TA Salted Crisps"}, {"boundingPoly": {"vertices": [{"x": 48.0, "y": 496.0}, {"x": 96.0, "y": 495.0}, {"x": 96.0, "y": 519.0}, {"x": 49.0, "y": 519.0}]}, "description": "Cash"}, {"boundingPoly": {"vertices": [{"x": 50.0, "y": 524.0}, {"x": 96.0, "y": 522.0}, {"x": 96.0, "y": 548.0}, {"x": 51.0, "y": 550.0}]}, "description": "Cash"}, {"boundingPoly": {"vertices": [{"x": 354.0, "y": 430.0}, {"x": 403.0, "y": 429.0}, {"x": 403.0, "y": 451.0}, {"x": 355.0, "y": 453.0}]}, "description": "3.29"}, {"boundingPoly": {"vertices": [{"x": 354.0, "y": 459.0}, {"x": 403.0, "y": 457.0}, {"x": 403.0, "y": 480.0}, {"x": 354.0, "y": 482.0}]}, "description": "0.99"}, {"boundingPoly": {"vertices": [{"x": 331.0, "y": 489.0}, {"x": 403.0, "y": 487.0}, {"x": 403.0, "y": 510.0}, {"x": 331.0, "y": 513.0}]}, "description": "\u00a320.00"}, {"boundingPoly": {"vertices": [{"x": 326.0, "y": 516.0}, {"x": 402.0, "y": 515.0}, {"x": 402.0, "y": 542.0}, {"x": 326.0, "y": 544.0}]}, "description": "-\u00a315.72"}, {"boundingPoly": {"vertices": [{"x": 84.0, "y": 582.0}, {"x": 222.0, "y": 579.0}, {"x": 223.0, "y": 606.0}, {"x": 84.0, "y": 610.0}]}, "description": "0.17 VAT 20%"}, {"boundingPoly": {"vertices": [{"x": 51.0, "y": 611.0}, {"x": 164.0, "y": 611.0}, {"x": 164.0, "y": 638.0}, {"x": 51.0, "y": 638.0}]}, "description": " Net Total:"}, {"boundingPoly": {"vertices": [{"x": 49.0, "y": 642.0}, {"x": 165.0, "y": 642.0}, {"x": 165.0, "y": 665.0}, {"x": 49.0, "y": 666.0}]}, "description": "Sandwiches"}, {"boundingPoly": {"vertices": [{"x": 48.0, "y": 673.0}, {"x": 120.0, "y": 672.0}, {"x": 121.0, "y": 694.0}, {"x": 48.0, "y": 695.0}]}, "description": "Snacks"}, {"boundingPoly": {"vertices": [{"x": 47.0, "y": 701.0}, {"x": 130.0, "y": 700.0}, {"x": 130.0, "y": 724.0}, {"x": 48.0, "y": 725.0}]}, "description": "Payment"}, {"boundingPoly": {"vertices": [{"x": 15.0, "y": 730.0}, {"x": 240.0, "y": 727.0}, {"x": 240.0, "y": 752.0}, {"x": 15.0, "y": 755.0}]}, "description": "Change Due"}, {"boundingPoly": {"vertices": [{"x": 353.0, "y": 577.0}, {"x": 401.0, "y": 576.0}, {"x": 402.0, "y": 600.0}, {"x": 353.0, "y": 600.0}]}, "description": "0.99"}, {"boundingPoly": {"vertices": [{"x": 343.0, "y": 606.0}, {"x": 403.0, "y": 606.0}, {"x": 402.0, "y": 630.0}, {"x": 342.0, "y": 631.0}]}, "description": "\u00a30.82"}, {"boundingPoly": {"vertices": [{"x": 346.0, "y": 635.0}, {"x": 403.0, "y": 635.0}, {"x": 403.0, "y": 661.0}, {"x": 346.0, "y": 661.0}]}, "description": "\u00a33.29"}, {"boundingPoly": {"vertices": [{"x": 344.0, "y": 666.0}, {"x": 403.0, "y": 665.0}, {"x": 402.0, "y": 688.0}, {"x": 344.0, "y": 689.0}]}, "description": "\u00a30.99"}, {"boundingPoly": {"vertices": [{"x": 343.0, "y": 696.0}, {"x": 403.0, "y": 695.0}, {"x": 403.0, "y": 718.0}, {"x": 343.0, "y": 719.0}]}, "description": "\u00a34.28"}, {"boundingPoly": {"vertices": [{"x": 333.0, "y": 724.0}, {"x": 471.0, "y": 722.0}, {"x": 471.0, "y": 749.0}, {"x": 333.0, "y": 750.0}]}, "description": "\u00a315.72"}, {"boundingPoly": {"vertices": [{"x": 172.0, "y": 785.0}, {"x": 314.0, "y": 784.0}, {"x": 315.0, "y": 809.0}, {"x": 172.0, "y": 811.0}]}, "description": "Check Closed"}, {"boundingPoly": {"vertices": [{"x": 142.0, "y": 813.0}, {"x": 346.0, "y": 813.0}, {"x": 346.0, "y": 844.0}, {"x": 142.0, "y": 844.0}]}, "description": " 15 Aug'19 20:18 PM"}, {"boundingPoly": {"vertices": [{"x": 317.0, "y": 787.0}, {"x": 336.0, "y": 786.0}, {"x": 337.0, "y": 805.0}, {"x": 318.0, "y": 806.0}]}, "description": "-."}, {"boundingPoly": {"vertices": [{"x": 406.0, "y": 792.0}, {"x": 447.0, "y": 792.0}, {"x": 447.0, "y": 801.0}, {"x": 406.0, "y": 802.0}]}, "description": "----"}, {"boundingPoly": {"vertices": [{"x": 172.0, "y": 878.0}, {"x": 311.0, "y": 877.0}, {"x": 311.0, "y": 899.0}, {"x": 172.0, "y": 900.0}]}, "description": "www.pret.com"}, {"boundingPoly": {"vertices": [{"x": 172.0, "y": 904.0}, {"x": 309.0, "y": 902.0}, {"x": 309.0, "y": 930.0}, {"x": 172.0, "y": 932.0}]}, "description": "TALK TO PRET"}, {"boundingPoly": {"vertices": [{"x": 12.0, "y": 935.0}, {"x": 462.0, "y": 933.0}, {"x": 463.0, "y": 960.0}, {"x": 12.0, "y": 962.0}]}, "description": "We love to hear your feedback (the good"}, {"boundingPoly": {"vertices": [{"x": 118.0, "y": 962.0}, {"x": 368.0, "y": 962.0}, {"x": 368.0, "y": 990.0}, {"x": 118.0, "y": 990.0}]}, "description": "the bad and the ugly)."}, {"boundingPoly": {"vertices": [{"x": 92.0, "y": 991.0}, {"x": 394.0, "y": 991.0}, {"x": 394.0, "y": 1020.0}, {"x": 92.0, "y": 1020.0}]}, "description": "merchant name"}, {"boundingPoly": {"vertices": [{"x": 137.0, "y": 1020.0}, {"x": 334.0, "y": 1020.0}, {"x": 334.0, "y": 1048.0}, {"x": 137.0, "y": 1048.0}]}, "description": "VAT No. 927137420"}]}