{"textAnnotations": [{"boundingPoly": {"vertices": [{"x": 45.0, "y": 93.0}, {"x": 222.0, "y": 75.0}, {"x": 224.0, "y": 98.0}, {"x": 47.0, "y": 116.0}]}, "description": "merchant name"}, {"boundingPoly": {"vertices": [{"x": 46.0, "y": 138.0}, {"x": 167.0, "y": 128.0}, {"x": 169.0, "y": 147.0}, {"x": 48.0, "y": 158.0}]}, "description": "merchant address"}, {"boundingPoly": {"vertices": [{"x": 269.0, "y": 118.0}, {"x": 372.0, "y": 110.0}, {"x": 373.0, "y": 129.0}, {"x": 270.0, "y": 137.0}]}, "description": "Nov 13, 2019"}, {"boundingPoly": {"vertices": [{"x": 302.0, "y": 139.0}, {"x": 369.0, "y": 139.0}, {"x": 369.0, "y": 162.0}, {"x": 302.0, "y": 162.0}]}, "description": " 9:38 AM"}, {"boundingPoly": {"vertices": [{"x": 49.0, "y": 166.0}, {"x": 226.0, "y": 149.0}, {"x": 228.0, "y": 168.0}, {"x": 50.0, "y": 185.0}]}, "description": "merchant address"}, {"boundingPoly": {"vertices": [{"x": 51.0, "y": 218.0}, {"x": 173.0, "y": 210.0}, {"x": 175.0, "y": 227.0}, {"x": 52.0, "y": 236.0}]}, "description": "@bluebottleroast"}, {"boundingPoly": {"vertices": [{"x": 155.0, "y": 258.0}, {"x": 255.0, "y": 254.0}, {"x": 256.0, "y": 272.0}, {"x": 156.0, "y": 277.0}]}, "description": "PURCHASE"}, {"boundingPoly": {"vertices": [{"x": 49.0, "y": 192.0}, {"x": 202.0, "y": 181.0}, {"x": 203.0, "y": 198.0}, {"x": 51.0, "y": 209.0}]}, "description": "bluebottlecoffee.com"}, {"boundingPoly": {"vertices": [{"x": 50.0, "y": 305.0}, {"x": 101.0, "y": 305.0}, {"x": 101.0, "y": 324.0}, {"x": 50.0, "y": 324.0}]}, "description": " Ticket:"}, {"boundingPoly": {"vertices": [{"x": 50.0, "y": 329.0}, {"x": 208.0, "y": 329.0}, {"x": 208.0, "y": 347.0}, {"x": 50.0, "y": 346.0}]}, "description": "Authorization 889988"}, {"boundingPoly": {"vertices": [{"x": 49.0, "y": 351.0}, {"x": 142.0, "y": 352.0}, {"x": 142.0, "y": 368.0}, {"x": 49.0, "y": 367.0}]}, "description": "Receipt IB19"}, {"boundingPoly": {"vertices": [{"x": 104.0, "y": 306.0}, {"x": 154.0, "y": 306.0}, {"x": 154.0, "y": 324.0}, {"x": 104.0, "y": 324.0}]}, "description": " Vlasda"}, {"boundingPoly": {"vertices": [{"x": 46.0, "y": 394.0}, {"x": 208.0, "y": 397.0}, {"x": 207.0, "y": 414.0}, {"x": 46.0, "y": 411.0}]}, "description": "AMERICAN EXPRESS"}, {"boundingPoly": {"vertices": [{"x": 46.0, "y": 418.0}, {"x": 250.0, "y": 418.0}, {"x": 250.0, "y": 438.0}, {"x": 46.0, "y": 437.0}]}, "description": "AID A0 00 00 00 25 01 08 01"}, {"boundingPoly": {"vertices": [{"x": 181.0, "y": 457.0}, {"x": 226.0, "y": 456.0}, {"x": 227.0, "y": 470.0}, {"x": 181.0, "y": 470.0}]}, "description": "TO GO"}, {"boundingPoly": {"vertices": [{"x": 44.0, "y": 494.0}, {"x": 134.0, "y": 494.0}, {"x": 134.0, "y": 512.0}, {"x": 44.0, "y": 511.0}]}, "description": "Cappuccino"}, {"boundingPoly": {"vertices": [{"x": 43.0, "y": 518.0}, {"x": 311.0, "y": 514.0}, {"x": 311.0, "y": 533.0}, {"x": 43.0, "y": 537.0}]}, "description": "Hayes Valley, Whole Milk, Flat White"}, {"boundingPoly": {"vertices": [{"x": 320.0, "y": 490.0}, {"x": 366.0, "y": 488.0}, {"x": 366.0, "y": 504.0}, {"x": 321.0, "y": 505.0}]}, "description": "$5.00"}, {"boundingPoly": {"vertices": [{"x": 42.0, "y": 561.0}, {"x": 106.0, "y": 562.0}, {"x": 106.0, "y": 580.0}, {"x": 41.0, "y": 578.0}]}, "description": "Subtotal"}, {"boundingPoly": {"vertices": [{"x": 41.0, "y": 585.0}, {"x": 209.0, "y": 585.0}, {"x": 209.0, "y": 604.0}, {"x": 41.0, "y": 604.0}]}, "description": "Healthy SF Surcharge*"}, {"boundingPoly": {"vertices": [{"x": 40.0, "y": 610.0}, {"x": 67.0, "y": 610.0}, {"x": 66.0, "y": 629.0}, {"x": 40.0, "y": 628.0}]}, "description": "Tip"}, {"boundingPoly": {"vertices": [{"x": 319.0, "y": 559.0}, {"x": 364.0, "y": 559.0}, {"x": 363.0, "y": 575.0}, {"x": 319.0, "y": 576.0}]}, "description": "$5.00"}, {"boundingPoly": {"vertices": [{"x": 319.0, "y": 585.0}, {"x": 362.0, "y": 584.0}, {"x": 362.0, "y": 600.0}, {"x": 319.0, "y": 601.0}]}, "description": "$0.20"}, {"boundingPoly": {"vertices": [{"x": 321.0, "y": 610.0}, {"x": 362.0, "y": 609.0}, {"x": 362.0, "y": 626.0}, {"x": 321.0, "y": 626.0}]}, "description": "$1.00"}, {"boundingPoly": {"vertices": [{"x": 39.0, "y": 661.0}, {"x": 79.0, "y": 661.0}, {"x": 78.0, "y": 674.0}, {"x": 39.0, "y": 674.0}]}, "description": "Total"}, {"boundingPoly": {"vertices": [{"x": 37.0, "y": 682.0}, {"x": 170.0, "y": 681.0}, {"x": 170.0, "y": 700.0}, {"x": 37.0, "y": 701.0}]}, "description": "AmEx 1000 (Chip)"}, {"boundingPoly": {"vertices": [{"x": 313.0, "y": 657.0}, {"x": 360.0, "y": 657.0}, {"x": 360.0, "y": 672.0}, {"x": 313.0, "y": 673.0}]}, "description": "$6.20"}, {"boundingPoly": {"vertices": [{"x": 319.0, "y": 680.0}, {"x": 363.0, "y": 680.0}, {"x": 363.0, "y": 696.0}, {"x": 319.0, "y": 696.0}]}, "description": "$6.20"}, {"boundingPoly": {"vertices": [{"x": 49.0, "y": 753.0}, {"x": 149.0, "y": 753.0}, {"x": 149.0, "y": 773.0}, {"x": 49.0, "y": 773.0}]}, "description": " Order ahead:"}, {"boundingPoly": {"vertices": [{"x": 62.0, "y": 776.0}, {"x": 338.0, "y": 772.0}, {"x": 339.0, "y": 790.0}, {"x": 62.0, "y": 794.0}]}, "description": "now available on the iOS App Store."}, {"boundingPoly": {"vertices": [{"x": 152.0, "y": 751.0}, {"x": 353.0, "y": 751.0}, {"x": 353.0, "y": 771.0}, {"x": 152.0, "y": 771.0}]}, "description": " Download our mobile app"}, {"boundingPoly": {"vertices": [{"x": 85.0, "y": 820.0}, {"x": 190.0, "y": 820.0}, {"x": 190.0, "y": 840.0}, {"x": 85.0, "y": 840.0}]}, "description": " Return Policy:"}, {"boundingPoly": {"vertices": [{"x": 45.0, "y": 844.0}, {"x": 356.0, "y": 842.0}, {"x": 356.0, "y": 859.0}, {"x": 45.0, "y": 863.0}]}, "description": "merchandise purchased in our cafes, we"}, {"boundingPoly": {"vertices": [{"x": 49.0, "y": 867.0}, {"x": 353.0, "y": 864.0}, {"x": 353.0, "y": 882.0}, {"x": 49.0, "y": 886.0}]}, "description": "ask that you return the item to the cafe"}, {"boundingPoly": {"vertices": [{"x": 91.0, "y": 888.0}, {"x": 361.0, "y": 888.0}, {"x": 361.0, "y": 907.0}, {"x": 91.0, "y": 907.0}]}, "description": " it was purchased in new condition,"}, {"boundingPoly": {"vertices": [{"x": 41.0, "y": 910.0}, {"x": 365.0, "y": 910.0}, {"x": 365.0, "y": 930.0}, {"x": 41.0, "y": 929.0}]}, "description": "with a receipt, and within 30 days. We are"}, {"boundingPoly": {"vertices": [{"x": 39.0, "y": 932.0}, {"x": 367.0, "y": 933.0}, {"x": 367.0, "y": 953.0}, {"x": 39.0, "y": 952.0}]}, "description": "happy to offer exchanges or store credit if"}, {"boundingPoly": {"vertices": [{"x": 53.0, "y": 955.0}, {"x": 350.0, "y": 956.0}, {"x": 350.0, "y": 975.0}, {"x": 53.0, "y": 974.0}]}, "description": "an item is returned at a different store"}, {"boundingPoly": {"vertices": [{"x": 163.0, "y": 978.0}, {"x": 230.0, "y": 978.0}, {"x": 230.0, "y": 997.0}, {"x": 163.0, "y": 997.0}]}, "description": "location."}, {"boundingPoly": {"vertices": [{"x": 193.0, "y": 819.0}, {"x": 315.0, "y": 819.0}, {"x": 315.0, "y": 839.0}, {"x": 193.0, "y": 839.0}]}, "description": " For a refund on"}, {"boundingPoly": {"vertices": [{"x": 40.0, "y": 890.0}, {"x": 88.0, "y": 890.0}, {"x": 88.0, "y": 908.0}, {"x": 40.0, "y": 908.0}]}, "description": " where"}, {"boundingPoly": {"vertices": [{"x": 35.0, "y": 1021.0}, {"x": 370.0, "y": 1020.0}, {"x": 370.0, "y": 1039.0}, {"x": 35.0, "y": 1040.0}]}, "description": "If you purchased your merchandise online,"}, {"boundingPoly": {"vertices": [{"x": 151.0, "y": 1042.0}, {"x": 250.0, "y": 1041.0}, {"x": 251.0, "y": 1058.0}, {"x": 151.0, "y": 1059.0}]}, "description": "please email"}, {"boundingPoly": {"vertices": [{"x": 49.0, "y": 1064.0}, {"x": 357.0, "y": 1061.0}, {"x": 358.0, "y": 1079.0}, {"x": 49.0, "y": 1083.0}]}, "description": "support@bluebottlecoffee.com to learn"}, {"boundingPoly": {"vertices": [{"x": 121.0, "y": 1086.0}, {"x": 285.0, "y": 1084.0}, {"x": 286.0, "y": 1100.0}, {"x": 121.0, "y": 1103.0}]}, "description": "about online returns."}, {"boundingPoly": {"vertices": [{"x": 54.0, "y": 1129.0}, {"x": 356.0, "y": 1122.0}, {"x": 356.0, "y": 1143.0}, {"x": 55.0, "y": 1149.0}]}, "description": "*A 4% surcharge is added in support of"}, {"boundingPoly": {"vertices": [{"x": 57.0, "y": 1154.0}, {"x": 353.0, "y": 1144.0}, {"x": 354.0, "y": 1162.0}, {"x": 57.0, "y": 1172.0}]}, "description": "employee healthcare in San Francisco"}]}