{"textAnnotations": [{"boundingPoly": {"vertices": [{"x": 232.0, "y": 142.0}, {"x": 464.0, "y": 143.0}, {"x": 464.0, "y": 184.0}, {"x": 232.0, "y": 183.0}]}, "description": "the lunch."}, {"boundingPoly": {"vertices": [{"x": 263.0, "y": 238.0}, {"x": 545.0, "y": 237.0}, {"x": 545.0, "y": 290.0}, {"x": 263.0, "y": 290.0}]}, "description": "merchant name"}, {"boundingPoly": {"vertices": [{"x": 204.0, "y": 272.0}, {"x": 596.0, "y": 272.0}, {"x": 597.0, "y": 347.0}, {"x": 204.0, "y": 351.0}]}, "description": "merchant name"}, {"boundingPoly": {"vertices": [{"x": 247.0, "y": 400.0}, {"x": 563.0, "y": 396.0}, {"x": 563.0, "y": 420.0}, {"x": 248.0, "y": 423.0}]}, "description": "merchant address"}, {"boundingPoly": {"vertices": [{"x": 358.0, "y": 432.0}, {"x": 480.0, "y": 432.0}, {"x": 480.0, "y": 454.0}, {"x": 358.0, "y": 454.0}]}, "description": "merchant phone"}, {"boundingPoly": {"vertices": [{"x": 359.0, "y": 462.0}, {"x": 496.0, "y": 462.0}, {"x": 496.0, "y": 483.0}, {"x": 359.0, "y": 483.0}]}, "description": " 80 096 356 698"}, {"boundingPoly": {"vertices": [{"x": 356.0, "y": 495.0}, {"x": 455.0, "y": 494.0}, {"x": 456.0, "y": 510.0}, {"x": 356.0, "y": 511.0}]}, "description": "Tax Invoice"}, {"boundingPoly": {"vertices": [{"x": 444.0, "y": 343.0}, {"x": 561.0, "y": 341.0}, {"x": 561.0, "y": 381.0}, {"x": 445.0, "y": 383.0}]}, "description": "merchant name"}, {"boundingPoly": {"vertices": [{"x": 329.0, "y": 435.0}, {"x": 354.0, "y": 435.0}, {"x": 354.0, "y": 455.0}, {"x": 329.0, "y": 455.0}]}, "description": " Ph:"}, {"boundingPoly": {"vertices": [{"x": 316.0, "y": 464.0}, {"x": 356.0, "y": 464.0}, {"x": 356.0, "y": 483.0}, {"x": 316.0, "y": 483.0}]}, "description": " ABN:"}, {"boundingPoly": {"vertices": [{"x": 206.0, "y": 594.0}, {"x": 220.0, "y": 594.0}, {"x": 220.0, "y": 616.0}, {"x": 206.0, "y": 616.0}]}, "description": " 1"}, {"boundingPoly": {"vertices": [{"x": 208.0, "y": 619.0}, {"x": 224.0, "y": 619.0}, {"x": 224.0, "y": 641.0}, {"x": 208.0, "y": 641.0}]}, "description": " 1"}, {"boundingPoly": {"vertices": [{"x": 223.0, "y": 583.0}, {"x": 511.0, "y": 583.0}, {"x": 511.0, "y": 615.0}, {"x": 223.0, "y": 615.0}]}, "description": " HAM & CHEESE TOASTIE (Serve)"}, {"boundingPoly": {"vertices": [{"x": 534.0, "y": 581.0}, {"x": 591.0, "y": 580.0}, {"x": 590.0, "y": 599.0}, {"x": 535.0, "y": 600.0}]}, "description": "$8.50"}, {"boundingPoly": {"vertices": [{"x": 538.0, "y": 604.0}, {"x": 592.0, "y": 604.0}, {"x": 591.0, "y": 623.0}, {"x": 538.0, "y": 624.0}]}, "description": "$4.50"}, {"boundingPoly": {"vertices": [{"x": 227.0, "y": 607.0}, {"x": 441.0, "y": 607.0}, {"x": 441.0, "y": 640.0}, {"x": 227.0, "y": 640.0}]}, "description": " 250ML MINERAL (Serve)"}, {"boundingPoly": {"vertices": [{"x": 429.0, "y": 661.0}, {"x": 571.0, "y": 661.0}, {"x": 571.0, "y": 685.0}, {"x": 429.0, "y": 685.0}]}, "description": " GST Component:"}, {"boundingPoly": {"vertices": [{"x": 350.0, "y": 688.0}, {"x": 632.0, "y": 683.0}, {"x": 632.0, "y": 705.0}, {"x": 350.0, "y": 711.0}]}, "description": "# indicates item is GST Free"}, {"boundingPoly": {"vertices": [{"x": 562.0, "y": 709.0}, {"x": 639.0, "y": 709.0}, {"x": 639.0, "y": 751.0}, {"x": 562.0, "y": 751.0}]}, "description": " $13.00"}, {"boundingPoly": {"vertices": [{"x": 575.0, "y": 659.0}, {"x": 631.0, "y": 659.0}, {"x": 631.0, "y": 682.0}, {"x": 575.0, "y": 682.0}]}, "description": " $1.18"}, {"boundingPoly": {"vertices": [{"x": 400.0, "y": 710.0}, {"x": 554.0, "y": 710.0}, {"x": 554.0, "y": 754.0}, {"x": 400.0, "y": 754.0}]}, "description": " Total (inc GST):"}, {"boundingPoly": {"vertices": [{"x": 200.0, "y": 791.0}, {"x": 385.0, "y": 783.0}, {"x": 387.0, "y": 818.0}, {"x": 202.0, "y": 827.0}]}, "description": "Table 22"}, {"boundingPoly": {"vertices": [{"x": 318.0, "y": 844.0}, {"x": 360.0, "y": 844.0}, {"x": 360.0, "y": 873.0}, {"x": 318.0, "y": 873.0}]}, "description": " TONY"}, {"boundingPoly": {"vertices": [{"x": 200.0, "y": 836.0}, {"x": 329.0, "y": 823.0}, {"x": 331.0, "y": 846.0}, {"x": 203.0, "y": 859.0}]}, "description": "Order No. 25"}, {"boundingPoly": {"vertices": [{"x": 202.0, "y": 851.0}, {"x": 315.0, "y": 851.0}, {"x": 315.0, "y": 885.0}, {"x": 202.0, "y": 885.0}]}, "description": " Served by:"}, {"boundingPoly": {"vertices": [{"x": 313.0, "y": 957.0}, {"x": 414.0, "y": 943.0}, {"x": 417.0, "y": 966.0}, {"x": 317.0, "y": 980.0}]}, "description": "19-11-2019"}, {"boundingPoly": {"vertices": [{"x": 464.0, "y": 942.0}, {"x": 535.0, "y": 942.0}, {"x": 535.0, "y": 966.0}, {"x": 464.0, "y": 966.0}]}, "description": " 1:24 PM"}, {"boundingPoly": {"vertices": [{"x": 350.0, "y": 975.0}, {"x": 499.0, "y": 965.0}, {"x": 501.0, "y": 987.0}, {"x": 351.0, "y": 999.0}]}, "description": "Invoice #305826"}]}