{"textAnnotations": [{"boundingPoly": {"vertices": [{"x": 319.0, "y": 56.0}, {"x": 538.0, "y": 51.0}, {"x": 539.0, "y": 70.0}, {"x": 319.0, "y": 75.0}]}, "description": "Thank You For Visiting the"}, {"boundingPoly": {"vertices": [{"x": 292.0, "y": 92.0}, {"x": 556.0, "y": 85.0}, {"x": 556.0, "y": 105.0}, {"x": 292.0, "y": 111.0}]}, "description": "Nadine Varella, General Manager"}, {"boundingPoly": {"vertices": [{"x": 330.0, "y": 133.0}, {"x": 519.0, "y": 126.0}, {"x": 520.0, "y": 146.0}, {"x": 330.0, "y": 152.0}]}, "description": "We Love Your Feedback!"}, {"boundingPoly": {"vertices": [{"x": 304.0, "y": 75.0}, {"x": 552.0, "y": 68.0}, {"x": 553.0, "y": 87.0}, {"x": 304.0, "y": 93.0}]}, "description": "merchant name"}, {"boundingPoly": {"vertices": [{"x": 363.0, "y": 111.0}, {"x": 489.0, "y": 108.0}, {"x": 489.0, "y": 127.0}, {"x": 363.0, "y": 131.0}]}, "description": "merchant phone"}, {"boundingPoly": {"vertices": [{"x": 328.0, "y": 153.0}, {"x": 526.0, "y": 145.0}, {"x": 527.0, "y": 165.0}, {"x": 329.0, "y": 173.0}]}, "description": "Text @LTF41042 to 73940"}, {"boundingPoly": {"vertices": [{"x": 579.0, "y": 179.0}, {"x": 609.0, "y": 180.0}, {"x": 609.0, "y": 198.0}, {"x": 579.0, "y": 196.0}]}, "description": "USD"}, {"boundingPoly": {"vertices": [{"x": 571.0, "y": 201.0}, {"x": 608.0, "y": 201.0}, {"x": 607.0, "y": 219.0}, {"x": 571.0, "y": 218.0}]}, "description": "2.25"}, {"boundingPoly": {"vertices": [{"x": 571.0, "y": 221.0}, {"x": 609.0, "y": 220.0}, {"x": 608.0, "y": 238.0}, {"x": 571.0, "y": 239.0}]}, "description": "1.15"}, {"boundingPoly": {"vertices": [{"x": 572.0, "y": 242.0}, {"x": 609.0, "y": 241.0}, {"x": 608.0, "y": 260.0}, {"x": 572.0, "y": 261.0}]}, "description": "0.55"}, {"boundingPoly": {"vertices": [{"x": 571.0, "y": 262.0}, {"x": 608.0, "y": 263.0}, {"x": 609.0, "y": 280.0}, {"x": 572.0, "y": 280.0}]}, "description": "0.55"}, {"boundingPoly": {"vertices": [{"x": 572.0, "y": 285.0}, {"x": 609.0, "y": 284.0}, {"x": 609.0, "y": 301.0}, {"x": 572.0, "y": 301.0}]}, "description": "1.05"}, {"boundingPoly": {"vertices": [{"x": 253.0, "y": 214.0}, {"x": 351.0, "y": 215.0}, {"x": 351.0, "y": 234.0}, {"x": 253.0, "y": 233.0}]}, "description": "Pizza Slice"}, {"boundingPoly": {"vertices": [{"x": 254.0, "y": 234.0}, {"x": 419.0, "y": 233.0}, {"x": 419.0, "y": 253.0}, {"x": 254.0, "y": 254.0}]}, "description": "Water Aquafina 20oz"}, {"boundingPoly": {"vertices": [{"x": 254.0, "y": 254.0}, {"x": 386.0, "y": 255.0}, {"x": 386.0, "y": 274.0}, {"x": 254.0, "y": 273.0}]}, "description": "Assorted Cookie"}, {"boundingPoly": {"vertices": [{"x": 253.0, "y": 274.0}, {"x": 387.0, "y": 276.0}, {"x": 387.0, "y": 295.0}, {"x": 253.0, "y": 293.0}]}, "description": "Assorted Cookie"}, {"boundingPoly": {"vertices": [{"x": 253.0, "y": 294.0}, {"x": 428.0, "y": 294.0}, {"x": 428.0, "y": 315.0}, {"x": 253.0, "y": 315.0}]}, "description": "Chip Doritos Nacho \u20ac"}, {"boundingPoly": {"vertices": [{"x": 450.0, "y": 334.0}, {"x": 528.0, "y": 330.0}, {"x": 529.0, "y": 349.0}, {"x": 450.0, "y": 354.0}]}, "description": "Sub Total"}, {"boundingPoly": {"vertices": [{"x": 447.0, "y": 357.0}, {"x": 539.0, "y": 352.0}, {"x": 540.0, "y": 371.0}, {"x": 448.0, "y": 376.0}]}, "description": "Tax Amount"}, {"boundingPoly": {"vertices": [{"x": 570.0, "y": 325.0}, {"x": 610.0, "y": 326.0}, {"x": 609.0, "y": 344.0}, {"x": 571.0, "y": 344.0}]}, "description": "5.55"}, {"boundingPoly": {"vertices": [{"x": 571.0, "y": 349.0}, {"x": 610.0, "y": 348.0}, {"x": 611.0, "y": 366.0}, {"x": 571.0, "y": 366.0}]}, "description": "0.39"}, {"boundingPoly": {"vertices": [{"x": 238.0, "y": 416.0}, {"x": 402.0, "y": 417.0}, {"x": 402.0, "y": 457.0}, {"x": 238.0, "y": 456.0}]}, "description": "Total USD"}, {"boundingPoly": {"vertices": [{"x": 532.0, "y": 417.0}, {"x": 610.0, "y": 413.0}, {"x": 611.0, "y": 446.0}, {"x": 534.0, "y": 450.0}]}, "description": "5.94"}, {"boundingPoly": {"vertices": [{"x": 238.0, "y": 513.0}, {"x": 426.0, "y": 515.0}, {"x": 426.0, "y": 534.0}, {"x": 238.0, "y": 532.0}]}, "description": "5009 AMERICAN EXPRESS"}, {"boundingPoly": {"vertices": [{"x": 568.0, "y": 514.0}, {"x": 614.0, "y": 513.0}, {"x": 614.0, "y": 532.0}, {"x": 568.0, "y": 531.0}]}, "description": "5.94"}, {"boundingPoly": {"vertices": [{"x": 233.0, "y": 575.0}, {"x": 265.0, "y": 576.0}, {"x": 264.0, "y": 593.0}, {"x": 232.0, "y": 592.0}]}, "description": "Tax"}, {"boundingPoly": {"vertices": [{"x": 233.0, "y": 594.0}, {"x": 297.0, "y": 595.0}, {"x": 297.0, "y": 616.0}, {"x": 233.0, "y": 616.0}]}, "description": "() 7.00"}, {"boundingPoly": {"vertices": [{"x": 379.0, "y": 576.0}, {"x": 513.0, "y": 576.0}, {"x": 513.0, "y": 596.0}, {"x": 379.0, "y": 596.0}]}, "description": " Taxable Amount"}, {"boundingPoly": {"vertices": [{"x": 465.0, "y": 597.0}, {"x": 505.0, "y": 597.0}, {"x": 505.0, "y": 615.0}, {"x": 464.0, "y": 615.0}]}, "description": "5.55"}, {"boundingPoly": {"vertices": [{"x": 520.0, "y": 577.0}, {"x": 612.0, "y": 577.0}, {"x": 612.0, "y": 596.0}, {"x": 520.0, "y": 596.0}]}, "description": " Tax Amount"}, {"boundingPoly": {"vertices": [{"x": 573.0, "y": 597.0}, {"x": 610.0, "y": 597.0}, {"x": 611.0, "y": 616.0}, {"x": 573.0, "y": 616.0}]}, "description": "0.39"}, {"boundingPoly": {"vertices": [{"x": 225.0, "y": 660.0}, {"x": 618.0, "y": 660.0}, {"x": 618.0, "y": 685.0}, {"x": 225.0, "y": 685.0}]}, "description": " 11/18/2019-01:55 PM #:56092 Op:3051 C:113"}, {"boundingPoly": {"vertices": [{"x": 228.0, "y": 683.0}, {"x": 322.0, "y": 683.0}, {"x": 322.0, "y": 704.0}, {"x": 228.0, "y": 704.0}]}, "description": " 101 S:1131"}, {"boundingPoly": {"vertices": [{"x": 226.0, "y": 705.0}, {"x": 322.0, "y": 705.0}, {"x": 322.0, "y": 728.0}, {"x": 226.0, "y": 728.0}]}, "description": " Served you"}, {"boundingPoly": {"vertices": [{"x": 326.0, "y": 706.0}, {"x": 448.0, "y": 706.0}, {"x": 448.0, "y": 728.0}, {"x": 326.0, "y": 728.0}]}, "description": " : Denise Gray"}, {"boundingPoly": {"vertices": [{"x": 306.0, "y": 794.0}, {"x": 501.0, "y": 798.0}, {"x": 501.0, "y": 818.0}, {"x": 306.0, "y": 814.0}]}, "description": "*** Customer copy ***"}, {"boundingPoly": {"vertices": [{"x": 323.0, "y": 840.0}, {"x": 496.0, "y": 842.0}, {"x": 495.0, "y": 865.0}, {"x": 323.0, "y": 862.0}]}, "description": "AMEX Sunrise 937-6"}, {"boundingPoly": {"vertices": [{"x": 246.0, "y": 864.0}, {"x": 576.0, "y": 864.0}, {"x": 576.0, "y": 892.0}, {"x": 246.0, "y": 892.0}]}, "description": " agree to pay the above total amount"}, {"boundingPoly": {"vertices": [{"x": 221.0, "y": 910.0}, {"x": 585.0, "y": 915.0}, {"x": 584.0, "y": 939.0}, {"x": 221.0, "y": 932.0}]}, "description": "agreement . (Merchant agreement if Credit"}, {"boundingPoly": {"vertices": [{"x": 369.0, "y": 958.0}, {"x": 442.0, "y": 958.0}, {"x": 442.0, "y": 978.0}, {"x": 369.0, "y": 978.0}]}, "description": "records."}, {"boundingPoly": {"vertices": [{"x": 230.0, "y": 864.0}, {"x": 242.0, "y": 864.0}, {"x": 242.0, "y": 886.0}, {"x": 230.0, "y": 886.0}]}, "description": " I"}, {"boundingPoly": {"vertices": [{"x": 291.0, "y": 888.0}, {"x": 520.0, "y": 892.0}, {"x": 520.0, "y": 912.0}, {"x": 291.0, "y": 907.0}]}, "description": "according to card issuer"}, {"boundingPoly": {"vertices": [{"x": 247.0, "y": 929.0}, {"x": 556.0, "y": 939.0}, {"x": 555.0, "y": 962.0}, {"x": 247.0, "y": 950.0}]}, "description": "Voucher)Retain this copy for your"}, {"boundingPoly": {"vertices": [{"x": 221.0, "y": 996.0}, {"x": 399.0, "y": 1002.0}, {"x": 398.0, "y": 1023.0}, {"x": 221.0, "y": 1016.0}]}, "description": "PURCHASE / APPROVED"}, {"boundingPoly": {"vertices": [{"x": 220.0, "y": 1043.0}, {"x": 363.0, "y": 1048.0}, {"x": 362.0, "y": 1067.0}, {"x": 219.0, "y": 1061.0}]}, "description": "*********** 1009"}, {"boundingPoly": {"vertices": [{"x": 221.0, "y": 1018.0}, {"x": 371.0, "y": 1024.0}, {"x": 370.0, "y": 1045.0}, {"x": 220.0, "y": 1039.0}]}, "description": "AMERICAN EXPRESS"}, {"boundingPoly": {"vertices": [{"x": 222.0, "y": 1064.0}, {"x": 321.0, "y": 1068.0}, {"x": 320.0, "y": 1088.0}, {"x": 221.0, "y": 1084.0}]}, "description": "CHIP READ /"}, {"boundingPoly": {"vertices": [{"x": 215.0, "y": 1113.0}, {"x": 398.0, "y": 1113.0}, {"x": 398.0, "y": 1145.0}, {"x": 215.0, "y": 1145.0}]}, "description": " 2019/11/18 13:56:08"}, {"boundingPoly": {"vertices": [{"x": 218.0, "y": 1140.0}, {"x": 245.0, "y": 1141.0}, {"x": 244.0, "y": 1163.0}, {"x": 217.0, "y": 1162.0}]}, "description": "TID"}]}