{"textAnnotations": [{"boundingPoly": {"vertices": [{"x": 96.0, "y": 55.0}, {"x": 281.0, "y": 56.0}, {"x": 281.0, "y": 83.0}, {"x": 96.0, "y": 80.0}]}, "description": "Thank You For visiting the"}, {"boundingPoly": {"vertices": [{"x": 129.0, "y": 95.0}, {"x": 245.0, "y": 99.0}, {"x": 244.0, "y": 120.0}, {"x": 129.0, "y": 116.0}]}, "description": "Matthew Fraisier"}, {"boundingPoly": {"vertices": [{"x": 143.0, "y": 132.0}, {"x": 237.0, "y": 135.0}, {"x": 236.0, "y": 155.0}, {"x": 142.0, "y": 153.0}]}, "description": "merchant phone"}, {"boundingPoly": {"vertices": [{"x": 106.0, "y": 166.0}, {"x": 270.0, "y": 169.0}, {"x": 270.0, "y": 191.0}, {"x": 106.0, "y": 188.0}]}, "description": "Text @L11 11479 to 73940"}, {"boundingPoly": {"vertices": [{"x": 98.0, "y": 72.0}, {"x": 234.0, "y": 72.0}, {"x": 234.0, "y": 101.0}, {"x": 98.0, "y": 101.0}]}, "description": "merchant name"}, {"boundingPoly": {"vertices": [{"x": 133.0, "y": 114.0}, {"x": 244.0, "y": 118.0}, {"x": 243.0, "y": 138.0}, {"x": 133.0, "y": 134.0}]}, "description": "General Mereget"}, {"boundingPoly": {"vertices": [{"x": 109.0, "y": 148.0}, {"x": 267.0, "y": 151.0}, {"x": 266.0, "y": 173.0}, {"x": 108.0, "y": 170.0}]}, "description": "We Love Your Feedback!"}, {"boundingPoly": {"vertices": [{"x": 237.0, "y": 74.0}, {"x": 280.0, "y": 74.0}, {"x": 280.0, "y": 100.0}, {"x": 237.0, "y": 100.0}]}, "description": " - WFC"}, {"boundingPoly": {"vertices": [{"x": 308.0, "y": 200.0}, {"x": 333.0, "y": 197.0}, {"x": 334.0, "y": 213.0}, {"x": 310.0, "y": 216.0}]}, "description": "USE"}, {"boundingPoly": {"vertices": [{"x": 301.0, "y": 218.0}, {"x": 336.0, "y": 215.0}, {"x": 337.0, "y": 233.0}, {"x": 303.0, "y": 237.0}]}, "description": "2.85"}, {"boundingPoly": {"vertices": [{"x": 41.0, "y": 216.0}, {"x": 75.0, "y": 216.0}, {"x": 75.0, "y": 236.0}, {"x": 41.0, "y": 236.0}]}, "description": " Soup"}, {"boundingPoly": {"vertices": [{"x": 42.0, "y": 234.0}, {"x": 176.0, "y": 246.0}, {"x": 174.0, "y": 265.0}, {"x": 40.0, "y": 253.0}]}, "description": "Nigiri Combo 12pcs"}, {"boundingPoly": {"vertices": [{"x": 77.0, "y": 219.0}, {"x": 91.0, "y": 219.0}, {"x": 91.0, "y": 237.0}, {"x": 77.0, "y": 237.0}]}, "description": " -"}, {"boundingPoly": {"vertices": [{"x": 93.0, "y": 220.0}, {"x": 125.0, "y": 220.0}, {"x": 125.0, "y": 240.0}, {"x": 93.0, "y": 240.0}]}, "description": " 12oz"}, {"boundingPoly": {"vertices": [{"x": 298.0, "y": 238.0}, {"x": 338.0, "y": 234.0}, {"x": 338.0, "y": 252.0}, {"x": 300.0, "y": 256.0}]}, "description": "10.50"}, {"boundingPoly": {"vertices": [{"x": 297.0, "y": 276.0}, {"x": 336.0, "y": 272.0}, {"x": 338.0, "y": 290.0}, {"x": 299.0, "y": 295.0}]}, "description": "13.35"}, {"boundingPoly": {"vertices": [{"x": 205.0, "y": 282.0}, {"x": 276.0, "y": 279.0}, {"x": 277.0, "y": 297.0}, {"x": 206.0, "y": 300.0}]}, "description": "Sub Total"}, {"boundingPoly": {"vertices": [{"x": 207.0, "y": 301.0}, {"x": 282.0, "y": 298.0}, {"x": 283.0, "y": 316.0}, {"x": 207.0, "y": 319.0}]}, "description": "Tax Amount"}, {"boundingPoly": {"vertices": [{"x": 302.0, "y": 296.0}, {"x": 337.0, "y": 292.0}, {"x": 339.0, "y": 309.0}, {"x": 304.0, "y": 312.0}]}, "description": "1.18"}, {"boundingPoly": {"vertices": [{"x": 34.0, "y": 348.0}, {"x": 167.0, "y": 355.0}, {"x": 165.0, "y": 385.0}, {"x": 32.0, "y": 378.0}]}, "description": "Total USD"}, {"boundingPoly": {"vertices": [{"x": 262.0, "y": 354.0}, {"x": 337.0, "y": 349.0}, {"x": 338.0, "y": 380.0}, {"x": 264.0, "y": 385.0}]}, "description": "14.53"}, {"boundingPoly": {"vertices": [{"x": 31.0, "y": 434.0}, {"x": 187.0, "y": 441.0}, {"x": 187.0, "y": 460.0}, {"x": 30.0, "y": 452.0}]}, "description": "5009 AMERICAN EXPRESS"}, {"boundingPoly": {"vertices": [{"x": 298.0, "y": 439.0}, {"x": 336.0, "y": 437.0}, {"x": 336.0, "y": 454.0}, {"x": 299.0, "y": 457.0}]}, "description": "14.53"}, {"boundingPoly": {"vertices": [{"x": 33.0, "y": 492.0}, {"x": 58.0, "y": 493.0}, {"x": 57.0, "y": 510.0}, {"x": 33.0, "y": 509.0}]}, "description": "Tax"}, {"boundingPoly": {"vertices": [{"x": 32.0, "y": 510.0}, {"x": 94.0, "y": 512.0}, {"x": 93.0, "y": 531.0}, {"x": 31.0, "y": 529.0}]}, "description": "() 8.875"}, {"boundingPoly": {"vertices": [{"x": 147.0, "y": 498.0}, {"x": 257.0, "y": 498.0}, {"x": 257.0, "y": 516.0}, {"x": 147.0, "y": 516.0}]}, "description": " Taxable Amount"}, {"boundingPoly": {"vertices": [{"x": 213.0, "y": 516.0}, {"x": 249.0, "y": 516.0}, {"x": 249.0, "y": 534.0}, {"x": 213.0, "y": 534.0}]}, "description": "13.35"}, {"boundingPoly": {"vertices": [{"x": 261.0, "y": 496.0}, {"x": 337.0, "y": 496.0}, {"x": 337.0, "y": 516.0}, {"x": 261.0, "y": 516.0}]}, "description": " Tax Amount"}, {"boundingPoly": {"vertices": [{"x": 304.0, "y": 515.0}, {"x": 335.0, "y": 514.0}, {"x": 336.0, "y": 531.0}, {"x": 305.0, "y": 532.0}]}, "description": "1.18"}, {"boundingPoly": {"vertices": [{"x": 32.0, "y": 568.0}, {"x": 335.0, "y": 568.0}, {"x": 335.0, "y": 591.0}, {"x": 32.0, "y": 591.0}]}, "description": " 11/18/2019 01:00 PM #:25151 Op:118 C:1111"}, {"boundingPoly": {"vertices": [{"x": 31.0, "y": 588.0}, {"x": 99.0, "y": 588.0}, {"x": 99.0, "y": 609.0}, {"x": 31.0, "y": 609.0}]}, "description": " 12 S:1111"}, {"boundingPoly": {"vertices": [{"x": 30.0, "y": 609.0}, {"x": 106.0, "y": 609.0}, {"x": 106.0, "y": 628.0}, {"x": 30.0, "y": 628.0}]}, "description": " Served you"}, {"boundingPoly": {"vertices": [{"x": 109.0, "y": 609.0}, {"x": 287.0, "y": 609.0}, {"x": 287.0, "y": 629.0}, {"x": 109.0, "y": 629.0}]}, "description": " : AENY Self Checkout - 2"}, {"boundingPoly": {"vertices": [{"x": 93.0, "y": 686.0}, {"x": 249.0, "y": 687.0}, {"x": 249.0, "y": 705.0}, {"x": 93.0, "y": 704.0}]}, "description": "*** Customer copy ***"}, {"boundingPoly": {"vertices": [{"x": 116.0, "y": 724.0}, {"x": 226.0, "y": 725.0}, {"x": 226.0, "y": 742.0}, {"x": 116.0, "y": 741.0}]}, "description": "AMEX NY937 (10)"}, {"boundingPoly": {"vertices": [{"x": 33.0, "y": 741.0}, {"x": 305.0, "y": 743.0}, {"x": 304.0, "y": 763.0}, {"x": 33.0, "y": 761.0}]}, "description": "I agree to pay the above total amount"}, {"boundingPoly": {"vertices": [{"x": 86.0, "y": 764.0}, {"x": 264.0, "y": 764.0}, {"x": 264.0, "y": 782.0}, {"x": 86.0, "y": 780.0}]}, "description": "according to card issuer"}, {"boundingPoly": {"vertices": [{"x": 26.0, "y": 782.0}, {"x": 313.0, "y": 783.0}, {"x": 313.0, "y": 801.0}, {"x": 26.0, "y": 800.0}]}, "description": "agreement. (Merchant agreement if Credit"}, {"boundingPoly": {"vertices": [{"x": 49.0, "y": 801.0}, {"x": 290.0, "y": 803.0}, {"x": 290.0, "y": 821.0}, {"x": 49.0, "y": 818.0}]}, "description": "Voucher)Retain this copy for your"}, {"boundingPoly": {"vertices": [{"x": 145.0, "y": 823.0}, {"x": 202.0, "y": 822.0}, {"x": 202.0, "y": 839.0}, {"x": 145.0, "y": 840.0}]}, "description": "records."}, {"boundingPoly": {"vertices": [{"x": 24.0, "y": 859.0}, {"x": 166.0, "y": 861.0}, {"x": 166.0, "y": 879.0}, {"x": 23.0, "y": 877.0}]}, "description": "PURCHASE / APPROVED"}, {"boundingPoly": {"vertices": [{"x": 23.0, "y": 879.0}, {"x": 146.0, "y": 880.0}, {"x": 145.0, "y": 898.0}, {"x": 23.0, "y": 897.0}]}, "description": "AMERICAN EXPRESS"}, {"boundingPoly": {"vertices": [{"x": 24.0, "y": 900.0}, {"x": 137.0, "y": 901.0}, {"x": 137.0, "y": 917.0}, {"x": 24.0, "y": 915.0}]}, "description": "*********** 1006"}, {"boundingPoly": {"vertices": [{"x": 22.0, "y": 918.0}, {"x": 107.0, "y": 919.0}, {"x": 107.0, "y": 939.0}, {"x": 22.0, "y": 937.0}]}, "description": "CHIP READ /"}, {"boundingPoly": {"vertices": [{"x": 21.0, "y": 959.0}, {"x": 166.0, "y": 959.0}, {"x": 166.0, "y": 980.0}, {"x": 21.0, "y": 980.0}]}, "description": " 2019/11/18 13:00:45"}, {"boundingPoly": {"vertices": [{"x": 21.0, "y": 980.0}, {"x": 47.0, "y": 980.0}, {"x": 47.0, "y": 997.0}, {"x": 21.0, "y": 997.0}]}, "description": "TID"}, {"boundingPoly": {"vertices": [{"x": 20.0, "y": 1000.0}, {"x": 45.0, "y": 1001.0}, {"x": 44.0, "y": 1017.0}, {"x": 19.0, "y": 1017.0}]}, "description": "MID"}, {"boundingPoly": {"vertices": [{"x": 20.0, "y": 1020.0}, {"x": 89.0, "y": 1021.0}, {"x": 89.0, "y": 1038.0}, {"x": 19.0, "y": 1038.0}]}, "description": "REFERENCE"}, {"boundingPoly": {"vertices": [{"x": 18.0, "y": 1041.0}, {"x": 88.0, "y": 1041.0}, {"x": 88.0, "y": 1058.0}, {"x": 18.0, "y": 1058.0}]}, "description": "AUTH CODE"}, {"boundingPoly": {"vertices": [{"x": 257.0, "y": 982.0}, {"x": 320.0, "y": 983.0}, {"x": 319.0, "y": 999.0}, {"x": 257.0, "y": 998.0}]}, "description": "**** 6050"}, {"boundingPoly": {"vertices": [{"x": 266.0, "y": 1002.0}, {"x": 320.0, "y": 1002.0}, {"x": 320.0, "y": 1020.0}, {"x": 266.0, "y": 1020.0}]}, "description": "6634459"}, {"boundingPoly": {"vertices": [{"x": 131.0, "y": 1022.0}, {"x": 319.0, "y": 1022.0}, {"x": 319.0, "y": 1040.0}, {"x": 131.0, "y": 1040.0}]}, "description": "S11111111112#251510018647"}, {"boundingPoly": {"vertices": [{"x": 274.0, "y": 1043.0}, {"x": 319.0, "y": 1043.0}, {"x": 319.0, "y": 1061.0}, {"x": 274.0, "y": 1061.0}]}, "description": "884107"}, {"boundingPoly": {"vertices": [{"x": 19.0, "y": 1080.0}, {"x": 58.0, "y": 1081.0}, {"x": 57.0, "y": 1099.0}, {"x": 18.0, "y": 1098.0}]}, "description": "TOTAL"}, {"boundingPoly": {"vertices": [{"x": 256.0, "y": 1084.0}, {"x": 320.0, "y": 1084.0}, {"x": 320.0, "y": 1101.0}, {"x": 256.0, "y": 1101.0}]}, "description": "USD14.53"}, {"boundingPoly": {"vertices": [{"x": 15.0, "y": 1122.0}, {"x": 51.0, "y": 1122.0}, {"x": 51.0, "y": 1140.0}, {"x": 15.0, "y": 1140.0}]}, "description": " ARC:"}, {"boundingPoly": {"vertices": [{"x": 17.0, "y": 1143.0}, {"x": 50.0, "y": 1143.0}, {"x": 50.0, "y": 1161.0}, {"x": 17.0, "y": 1161.0}]}, "description": " TSI:"}, {"boundingPoly": {"vertices": [{"x": 16.0, "y": 1163.0}, {"x": 50.0, "y": 1163.0}, {"x": 50.0, "y": 1181.0}, {"x": 16.0, "y": 1181.0}]}, "description": " IAD:"}, {"boundingPoly": {"vertices": [{"x": 17.0, "y": 1184.0}, {"x": 49.0, "y": 1184.0}, {"x": 49.0, "y": 1202.0}, {"x": 17.0, "y": 1202.0}]}, "description": " TVR:"}, {"boundingPoly": {"vertices": [{"x": 16.0, "y": 1204.0}, {"x": 49.0, "y": 1204.0}, {"x": 49.0, "y": 1222.0}, {"x": 16.0, "y": 1222.0}]}, "description": " AID:"}, {"boundingPoly": {"vertices": [{"x": 16.0, "y": 1224.0}, {"x": 102.0, "y": 1224.0}, {"x": 102.0, "y": 1243.0}, {"x": 16.0, "y": 1243.0}]}, "description": " PAN Seq No:"}, {"boundingPoly": {"vertices": [{"x": 54.0, "y": 1122.0}, {"x": 73.0, "y": 1122.0}, {"x": 73.0, "y": 1140.0}, {"x": 54.0, "y": 1140.0}]}, "description": " 00"}, {"boundingPoly": {"vertices": [{"x": 52.0, "y": 1143.0}, {"x": 87.0, "y": 1143.0}, {"x": 87.0, "y": 1161.0}, {"x": 52.0, "y": 1161.0}]}, "description": " F800"}, {"boundingPoly": {"vertices": [{"x": 53.0, "y": 1163.0}, {"x": 163.0, "y": 1163.0}, {"x": 163.0, "y": 1183.0}, {"x": 53.0, "y": 1183.0}]}, "description": " 06710103602002"}, {"boundingPoly": {"vertices": [{"x": 52.0, "y": 1184.0}, {"x": 132.0, "y": 1184.0}, {"x": 132.0, "y": 1202.0}, {"x": 52.0, "y": 1202.0}]}, "description": " 0020008000"}, {"boundingPoly": {"vertices": [{"x": 52.0, "y": 1204.0}, {"x": 175.0, "y": 1204.0}, {"x": 175.0, "y": 1224.0}, {"x": 52.0, "y": 1224.0}]}, "description": " A000000025010801"}, {"boundingPoly": {"vertices": [{"x": 105.0, "y": 1225.0}, {"x": 124.0, "y": 1225.0}, {"x": 124.0, "y": 1243.0}, {"x": 105.0, "y": 1243.0}]}, "description": " 00"}]}