{"textAnnotations": [{"boundingPoly": {"vertices": [{"x": 374.0, "y": 469.0}, {"x": 789.0, "y": 469.0}, {"x": 789.0, "y": 529.0}, {"x": 374.0, "y": 530.0}]}, "description": "merchant name"}, {"boundingPoly": {"vertices": [{"x": 645.0, "y": 534.0}, {"x": 788.0, "y": 534.0}, {"x": 788.0, "y": 559.0}, {"x": 644.0, "y": 558.0}]}, "description": "merchant name"}, {"boundingPoly": {"vertices": [{"x": 490.0, "y": 680.0}, {"x": 679.0, "y": 681.0}, {"x": 679.0, "y": 707.0}, {"x": 490.0, "y": 704.0}]}, "description": "merchant name"}, {"boundingPoly": {"vertices": [{"x": 281.0, "y": 712.0}, {"x": 884.0, "y": 711.0}, {"x": 884.0, "y": 738.0}, {"x": 281.0, "y": 740.0}]}, "description": "merchant address"}, {"boundingPoly": {"vertices": [{"x": 342.0, "y": 746.0}, {"x": 821.0, "y": 743.0}, {"x": 821.0, "y": 772.0}, {"x": 342.0, "y": 775.0}]}, "description": "merchant address"}, {"boundingPoly": {"vertices": [{"x": 264.0, "y": 822.0}, {"x": 416.0, "y": 822.0}, {"x": 416.0, "y": 848.0}, {"x": 264.0, "y": 848.0}]}, "description": " Server:"}, {"boundingPoly": {"vertices": [{"x": 263.0, "y": 855.0}, {"x": 476.0, "y": 855.0}, {"x": 476.0, "y": 882.0}, {"x": 263.0, "y": 882.0}]}, "description": "Check #672"}, {"boundingPoly": {"vertices": [{"x": 431.0, "y": 822.0}, {"x": 580.0, "y": 822.0}, {"x": 580.0, "y": 849.0}, {"x": 431.0, "y": 849.0}]}, "description": " Edwin H"}, {"boundingPoly": {"vertices": [{"x": 735.0, "y": 816.0}, {"x": 894.0, "y": 819.0}, {"x": 894.0, "y": 846.0}, {"x": 735.0, "y": 844.0}]}, "description": "11/13/19"}, {"boundingPoly": {"vertices": [{"x": 756.0, "y": 852.0}, {"x": 896.0, "y": 852.0}, {"x": 896.0, "y": 881.0}, {"x": 756.0, "y": 881.0}]}, "description": " 1:00 PM"}, {"boundingPoly": {"vertices": [{"x": 265.0, "y": 960.0}, {"x": 647.0, "y": 957.0}, {"x": 647.0, "y": 985.0}, {"x": 265.0, "y": 987.0}]}, "description": "Chicken Bowl/Salad"}, {"boundingPoly": {"vertices": [{"x": 290.0, "y": 996.0}, {"x": 478.0, "y": 995.0}, {"x": 478.0, "y": 1020.0}, {"x": 290.0, "y": 1020.0}]}, "description": "Guacamole"}, {"boundingPoly": {"vertices": [{"x": 270.0, "y": 1029.0}, {"x": 374.0, "y": 1030.0}, {"x": 373.0, "y": 1055.0}, {"x": 269.0, "y": 1053.0}]}, "description": "Chips"}, {"boundingPoly": {"vertices": [{"x": 799.0, "y": 955.0}, {"x": 896.0, "y": 956.0}, {"x": 896.0, "y": 981.0}, {"x": 799.0, "y": 979.0}]}, "description": "$8.99"}, {"boundingPoly": {"vertices": [{"x": 799.0, "y": 989.0}, {"x": 899.0, "y": 990.0}, {"x": 899.0, "y": 1015.0}, {"x": 799.0, "y": 1014.0}]}, "description": "$1.84"}, {"boundingPoly": {"vertices": [{"x": 800.0, "y": 1023.0}, {"x": 897.0, "y": 1023.0}, {"x": 897.0, "y": 1050.0}, {"x": 800.0, "y": 1049.0}]}, "description": "$1.25"}, {"boundingPoly": {"vertices": [{"x": 275.0, "y": 1094.0}, {"x": 434.0, "y": 1094.0}, {"x": 433.0, "y": 1118.0}, {"x": 275.0, "y": 1118.0}]}, "description": "Subtotal"}, {"boundingPoly": {"vertices": [{"x": 275.0, "y": 1128.0}, {"x": 335.0, "y": 1129.0}, {"x": 334.0, "y": 1150.0}, {"x": 275.0, "y": 1148.0}]}, "description": "Tax"}, {"boundingPoly": {"vertices": [{"x": 272.0, "y": 1158.0}, {"x": 371.0, "y": 1160.0}, {"x": 371.0, "y": 1182.0}, {"x": 271.0, "y": 1181.0}]}, "description": "Total"}, {"boundingPoly": {"vertices": [{"x": 777.0, "y": 1093.0}, {"x": 895.0, "y": 1092.0}, {"x": 895.0, "y": 1118.0}, {"x": 777.0, "y": 1120.0}]}, "description": "$12.08"}, {"boundingPoly": {"vertices": [{"x": 800.0, "y": 1126.0}, {"x": 895.0, "y": 1127.0}, {"x": 895.0, "y": 1154.0}, {"x": 800.0, "y": 1153.0}]}, "description": "$1.07"}, {"boundingPoly": {"vertices": [{"x": 779.0, "y": 1160.0}, {"x": 896.0, "y": 1161.0}, {"x": 895.0, "y": 1187.0}, {"x": 778.0, "y": 1186.0}]}, "description": "$13.15"}, {"boundingPoly": {"vertices": [{"x": 263.0, "y": 1218.0}, {"x": 496.0, "y": 1222.0}, {"x": 496.0, "y": 1248.0}, {"x": 262.0, "y": 1243.0}]}, "description": "Credit Card"}, {"boundingPoly": {"vertices": [{"x": 259.0, "y": 1254.0}, {"x": 345.0, "y": 1257.0}, {"x": 344.0, "y": 1280.0}, {"x": 258.0, "y": 1277.0}]}, "description": "Amex"}, {"boundingPoly": {"vertices": [{"x": 777.0, "y": 1230.0}, {"x": 896.0, "y": 1231.0}, {"x": 896.0, "y": 1256.0}, {"x": 777.0, "y": 1255.0}]}, "description": "Swiped"}, {"boundingPoly": {"vertices": [{"x": 648.0, "y": 1265.0}, {"x": 894.0, "y": 1265.0}, {"x": 894.0, "y": 1291.0}, {"x": 648.0, "y": 1290.0}]}, "description": "xxxxxxxx1009"}, {"boundingPoly": {"vertices": [{"x": 257.0, "y": 1324.0}, {"x": 601.0, "y": 1332.0}, {"x": 600.0, "y": 1359.0}, {"x": 256.0, "y": 1350.0}]}, "description": "Transaction Type"}, {"boundingPoly": {"vertices": [{"x": 255.0, "y": 1359.0}, {"x": 533.0, "y": 1367.0}, {"x": 532.0, "y": 1394.0}, {"x": 255.0, "y": 1385.0}]}, "description": "Authorization"}, {"boundingPoly": {"vertices": [{"x": 255.0, "y": 1396.0}, {"x": 533.0, "y": 1402.0}, {"x": 533.0, "y": 1429.0}, {"x": 255.0, "y": 1421.0}]}, "description": "Approval Code"}, {"boundingPoly": {"vertices": [{"x": 253.0, "y": 1429.0}, {"x": 469.0, "y": 1434.0}, {"x": 468.0, "y": 1464.0}, {"x": 253.0, "y": 1458.0}]}, "description": "Payment ID"}, {"boundingPoly": {"vertices": [{"x": 249.0, "y": 1465.0}, {"x": 487.0, "y": 1471.0}, {"x": 486.0, "y": 1499.0}, {"x": 249.0, "y": 1492.0}]}, "description": "Merchant ID"}, {"boundingPoly": {"vertices": [{"x": 251.0, "y": 1502.0}, {"x": 484.0, "y": 1507.0}, {"x": 484.0, "y": 1534.0}, {"x": 250.0, "y": 1529.0}]}, "description": "Card Reader"}, {"boundingPoly": {"vertices": [{"x": 813.0, "y": 1335.0}, {"x": 892.0, "y": 1336.0}, {"x": 892.0, "y": 1361.0}, {"x": 813.0, "y": 1360.0}]}, "description": "Sale"}, {"boundingPoly": {"vertices": [{"x": 728.0, "y": 1369.0}, {"x": 891.0, "y": 1369.0}, {"x": 891.0, "y": 1395.0}, {"x": 728.0, "y": 1395.0}]}, "description": "Approved"}, {"boundingPoly": {"vertices": [{"x": 770.0, "y": 1402.0}, {"x": 888.0, "y": 1402.0}, {"x": 888.0, "y": 1428.0}, {"x": 770.0, "y": 1429.0}]}, "description": "582525"}, {"boundingPoly": {"vertices": [{"x": 643.0, "y": 1435.0}, {"x": 888.0, "y": 1436.0}, {"x": 888.0, "y": 1464.0}, {"x": 643.0, "y": 1464.0}]}, "description": "fjJYmTxjgJgH"}, {"boundingPoly": {"vertices": [{"x": 706.0, "y": 1470.0}, {"x": 885.0, "y": 1470.0}, {"x": 885.0, "y": 1497.0}, {"x": 706.0, "y": 1498.0}]}, "description": "027611244"}, {"boundingPoly": {"vertices": [{"x": 598.0, "y": 1506.0}, {"x": 883.0, "y": 1504.0}, {"x": 883.0, "y": 1531.0}, {"x": 598.0, "y": 1534.0}]}, "description": "MAGTEK_DYNAMAG"}, {"boundingPoly": {"vertices": [{"x": 461.0, "y": 1579.0}, {"x": 589.0, "y": 1577.0}, {"x": 589.0, "y": 1603.0}, {"x": 461.0, "y": 1605.0}]}, "description": "Amount"}, {"boundingPoly": {"vertices": [{"x": 761.0, "y": 1575.0}, {"x": 879.0, "y": 1570.0}, {"x": 880.0, "y": 1597.0}, {"x": 762.0, "y": 1602.0}]}, "description": "$13.15"}, {"boundingPoly": {"vertices": [{"x": 244.0, "y": 1714.0}, {"x": 874.0, "y": 1700.0}, {"x": 875.0, "y": 1731.0}, {"x": 244.0, "y": 1741.0}]}, "description": "Have you ever wanted to follow"}, {"boundingPoly": {"vertices": [{"x": 471.0, "y": 1748.0}, {"x": 664.0, "y": 1744.0}, {"x": 664.0, "y": 1770.0}, {"x": 471.0, "y": 1775.0}]}, "description": "a burrito"}, {"boundingPoly": {"vertices": [{"x": 290.0, "y": 1783.0}, {"x": 834.0, "y": 1770.0}, {"x": 834.0, "y": 1799.0}, {"x": 290.0, "y": 1810.0}]}, "description": "on Instagram? Checkout the"}, {"boundingPoly": {"vertices": [{"x": 418.0, "y": 1817.0}, {"x": 712.0, "y": 1810.0}, {"x": 712.0, "y": 1836.0}, {"x": 418.0, "y": 1843.0}]}, "description": "shenanigans of"}, {"boundingPoly": {"vertices": [{"x": 396.0, "y": 1850.0}, {"x": 730.0, "y": 1843.0}, {"x": 731.0, "y": 1871.0}, {"x": 396.0, "y": 1878.0}]}, "description": "@pintotheburrito"}, {"boundingPoly": {"vertices": [{"x": 329.0, "y": 1884.0}, {"x": 787.0, "y": 1872.0}, {"x": 788.0, "y": 1903.0}, {"x": 329.0, "y": 1913.0}]}, "description": "@DosToros on Instagram"}]}