{"textAnnotations": [{"boundingPoly": {"vertices": [{"x": 159.0, "y": 113.0}, {"x": 322.0, "y": 118.0}, {"x": 321.0, "y": 134.0}, {"x": 159.0, "y": 128.0}]}, "description": "merchant name"}, {"boundingPoly": {"vertices": [{"x": 138.0, "y": 143.0}, {"x": 341.0, "y": 150.0}, {"x": 341.0, "y": 165.0}, {"x": 137.0, "y": 159.0}]}, "description": "merchant address"}, {"boundingPoly": {"vertices": [{"x": 207.0, "y": 178.0}, {"x": 279.0, "y": 180.0}, {"x": 278.0, "y": 194.0}, {"x": 206.0, "y": 192.0}]}, "description": "CHK 711257"}, {"boundingPoly": {"vertices": [{"x": 184.0, "y": 193.0}, {"x": 299.0, "y": 193.0}, {"x": 299.0, "y": 211.0}, {"x": 184.0, "y": 211.0}]}, "description": " 21/10/2019 15:08"}, {"boundingPoly": {"vertices": [{"x": 211.0, "y": 211.0}, {"x": 267.0, "y": 211.0}, {"x": 267.0, "y": 227.0}, {"x": 211.0, "y": 227.0}]}, "description": " Drawer:"}, {"boundingPoly": {"vertices": [{"x": 156.0, "y": 129.0}, {"x": 328.0, "y": 135.0}, {"x": 327.0, "y": 150.0}, {"x": 155.0, "y": 144.0}]}, "description": "merchant address"}, {"boundingPoly": {"vertices": [{"x": 142.0, "y": 207.0}, {"x": 202.0, "y": 208.0}, {"x": 202.0, "y": 223.0}, {"x": 141.0, "y": 222.0}]}, "description": "2472709"}, {"boundingPoly": {"vertices": [{"x": 269.0, "y": 212.0}, {"x": 321.0, "y": 212.0}, {"x": 321.0, "y": 231.0}, {"x": 269.0, "y": 231.0}]}, "description": " 1 Reg:"}, {"boundingPoly": {"vertices": [{"x": 169.0, "y": 240.0}, {"x": 296.0, "y": 246.0}, {"x": 295.0, "y": 261.0}, {"x": 169.0, "y": 255.0}]}, "description": "Take Away"}, {"boundingPoly": {"vertices": [{"x": 131.0, "y": 274.0}, {"x": 177.0, "y": 275.0}, {"x": 177.0, "y": 288.0}, {"x": 130.0, "y": 287.0}]}, "description": "Warmed"}, {"boundingPoly": {"vertices": [{"x": 113.0, "y": 289.0}, {"x": 202.0, "y": 290.0}, {"x": 202.0, "y": 304.0}, {"x": 113.0, "y": 303.0}]}, "description": "Grande Latte"}, {"boundingPoly": {"vertices": [{"x": 111.0, "y": 304.0}, {"x": 201.0, "y": 305.0}, {"x": 201.0, "y": 321.0}, {"x": 111.0, "y": 319.0}]}, "description": "Paper Cup 5P"}, {"boundingPoly": {"vertices": [{"x": 111.0, "y": 321.0}, {"x": 143.0, "y": 322.0}, {"x": 143.0, "y": 334.0}, {"x": 111.0, "y": 333.0}]}, "description": "Amex"}, {"boundingPoly": {"vertices": [{"x": 109.0, "y": 336.0}, {"x": 226.0, "y": 336.0}, {"x": 226.0, "y": 353.0}, {"x": 109.0, "y": 352.0}]}, "description": "XXXXXXXXXXXX1004"}, {"boundingPoly": {"vertices": [{"x": 323.0, "y": 215.0}, {"x": 332.0, "y": 215.0}, {"x": 332.0, "y": 232.0}, {"x": 323.0, "y": 232.0}]}, "description": " 1"}, {"boundingPoly": {"vertices": [{"x": 117.0, "y": 256.0}, {"x": 246.0, "y": 260.0}, {"x": 246.0, "y": 275.0}, {"x": 116.0, "y": 270.0}]}, "description": "Chicken Avoca Wrap"}, {"boundingPoly": {"vertices": [{"x": 313.0, "y": 256.0}, {"x": 344.0, "y": 256.0}, {"x": 344.0, "y": 269.0}, {"x": 313.0, "y": 270.0}]}, "description": "3.20"}, {"boundingPoly": {"vertices": [{"x": 312.0, "y": 284.0}, {"x": 344.0, "y": 284.0}, {"x": 343.0, "y": 298.0}, {"x": 313.0, "y": 299.0}]}, "description": "3.15"}, {"boundingPoly": {"vertices": [{"x": 312.0, "y": 301.0}, {"x": 343.0, "y": 299.0}, {"x": 344.0, "y": 313.0}, {"x": 313.0, "y": 314.0}]}, "description": "0.05"}, {"boundingPoly": {"vertices": [{"x": 311.0, "y": 316.0}, {"x": 344.0, "y": 314.0}, {"x": 345.0, "y": 328.0}, {"x": 311.0, "y": 329.0}]}, "description": "6.40"}, {"boundingPoly": {"vertices": [{"x": 124.0, "y": 366.0}, {"x": 320.0, "y": 366.0}, {"x": 320.0, "y": 388.0}, {"x": 124.0, "y": 388.0}]}, "description": " 0,53 Tax Incl.@20%. Sales:"}, {"boundingPoly": {"vertices": [{"x": 102.0, "y": 387.0}, {"x": 188.0, "y": 387.0}, {"x": 188.0, "y": 407.0}, {"x": 102.0, "y": 407.0}]}, "description": " Net Total:"}, {"boundingPoly": {"vertices": [{"x": 124.0, "y": 405.0}, {"x": 188.0, "y": 407.0}, {"x": 187.0, "y": 424.0}, {"x": 123.0, "y": 421.0}]}, "description": "0.53 Tax"}, {"boundingPoly": {"vertices": [{"x": 98.0, "y": 424.0}, {"x": 178.0, "y": 424.0}, {"x": 178.0, "y": 442.0}, {"x": 98.0, "y": 442.0}]}, "description": " Net Total:"}, {"boundingPoly": {"vertices": [{"x": 96.0, "y": 442.0}, {"x": 161.0, "y": 443.0}, {"x": 161.0, "y": 460.0}, {"x": 96.0, "y": 459.0}]}, "description": "Subtotal"}, {"boundingPoly": {"vertices": [{"x": 95.0, "y": 461.0}, {"x": 134.0, "y": 461.0}, {"x": 133.0, "y": 477.0}, {"x": 95.0, "y": 475.0}]}, "description": "Total"}, {"boundingPoly": {"vertices": [{"x": 72.0, "y": 478.0}, {"x": 225.0, "y": 479.0}, {"x": 225.0, "y": 496.0}, {"x": 71.0, "y": 496.0}]}, "description": "Change Due"}, {"boundingPoly": {"vertices": [{"x": 324.0, "y": 364.0}, {"x": 359.0, "y": 364.0}, {"x": 359.0, "y": 383.0}, {"x": 324.0, "y": 383.0}]}, "description": " 3.20"}, {"boundingPoly": {"vertices": [{"x": 319.0, "y": 384.0}, {"x": 361.0, "y": 384.0}, {"x": 360.0, "y": 399.0}, {"x": 320.0, "y": 401.0}]}, "description": "\u00a32.67"}, {"boundingPoly": {"vertices": [{"x": 326.0, "y": 403.0}, {"x": 361.0, "y": 403.0}, {"x": 360.0, "y": 418.0}, {"x": 326.0, "y": 419.0}]}, "description": "3.20"}, {"boundingPoly": {"vertices": [{"x": 319.0, "y": 421.0}, {"x": 361.0, "y": 422.0}, {"x": 361.0, "y": 436.0}, {"x": 319.0, "y": 438.0}]}, "description": "\u00a32.67"}, {"boundingPoly": {"vertices": [{"x": 319.0, "y": 441.0}, {"x": 362.0, "y": 441.0}, {"x": 361.0, "y": 456.0}, {"x": 319.0, "y": 457.0}]}, "description": "\u00a36.40"}, {"boundingPoly": {"vertices": [{"x": 319.0, "y": 459.0}, {"x": 362.0, "y": 460.0}, {"x": 362.0, "y": 476.0}, {"x": 319.0, "y": 476.0}]}, "description": "\u00a36.40"}, {"boundingPoly": {"vertices": [{"x": 303.0, "y": 480.0}, {"x": 387.0, "y": 480.0}, {"x": 387.0, "y": 497.0}, {"x": 303.0, "y": 497.0}]}, "description": "\u00a30.00"}, {"boundingPoly": {"vertices": [{"x": 166.0, "y": 514.0}, {"x": 304.0, "y": 513.0}, {"x": 304.0, "y": 532.0}, {"x": 166.0, "y": 533.0}]}, "description": "Check Closed -----"}, {"boundingPoly": {"vertices": [{"x": 166.0, "y": 531.0}, {"x": 296.0, "y": 531.0}, {"x": 296.0, "y": 554.0}, {"x": 166.0, "y": 554.0}]}, "description": " 21/10/2019 15:08"}, {"boundingPoly": {"vertices": [{"x": 139.0, "y": 660.0}, {"x": 326.0, "y": 653.0}, {"x": 327.0, "y": 673.0}, {"x": 139.0, "y": 680.0}]}, "description": "VAT NUMBER 651 4463 45"}]}