{"textAnnotations": [{"boundingPoly": {"vertices": [{"x": 573.0, "y": 7.0}, {"x": 752.0, "y": 12.0}, {"x": 750.0, "y": 60.0}, {"x": 573.0, "y": 55.0}]}, "description": "merchant name"}, {"boundingPoly": {"vertices": [{"x": 425.0, "y": 59.0}, {"x": 891.0, "y": 60.0}, {"x": 891.0, "y": 123.0}, {"x": 424.0, "y": 121.0}]}, "description": "merchant address"}, {"boundingPoly": {"vertices": [{"x": 395.0, "y": 126.0}, {"x": 925.0, "y": 125.0}, {"x": 926.0, "y": 176.0}, {"x": 395.0, "y": 178.0}]}, "description": "merchant address"}, {"boundingPoly": {"vertices": [{"x": 36.0, "y": 261.0}, {"x": 262.0, "y": 261.0}, {"x": 262.0, "y": 313.0}, {"x": 36.0, "y": 313.0}]}, "description": " Server:"}, {"boundingPoly": {"vertices": [{"x": 31.0, "y": 323.0}, {"x": 277.0, "y": 323.0}, {"x": 277.0, "y": 381.0}, {"x": 31.0, "y": 381.0}]}, "description": " 05:27 PM"}, {"boundingPoly": {"vertices": [{"x": 25.0, "y": 393.0}, {"x": 532.0, "y": 386.0}, {"x": 533.0, "y": 442.0}, {"x": 26.0, "y": 449.0}]}, "description": "WITHERSPOON ROD/1"}, {"boundingPoly": {"vertices": [{"x": 272.0, "y": 256.0}, {"x": 479.0, "y": 256.0}, {"x": 479.0, "y": 313.0}, {"x": 272.0, "y": 313.0}]}, "description": " Joselyn"}, {"boundingPoly": {"vertices": [{"x": 830.0, "y": 243.0}, {"x": 972.0, "y": 243.0}, {"x": 972.0, "y": 301.0}, {"x": 830.0, "y": 301.0}]}, "description": " DOB:"}, {"boundingPoly": {"vertices": [{"x": 982.0, "y": 243.0}, {"x": 1286.0, "y": 243.0}, {"x": 1286.0, "y": 302.0}, {"x": 982.0, "y": 302.0}]}, "description": " 11/26/2019"}, {"boundingPoly": {"vertices": [{"x": 986.0, "y": 314.0}, {"x": 1287.0, "y": 314.0}, {"x": 1286.0, "y": 376.0}, {"x": 986.0, "y": 373.0}]}, "description": "11/26/2019"}, {"boundingPoly": {"vertices": [{"x": 1071.0, "y": 385.0}, {"x": 1288.0, "y": 387.0}, {"x": 1287.0, "y": 446.0}, {"x": 1071.0, "y": 444.0}]}, "description": "4/40103"}, {"boundingPoly": {"vertices": [{"x": 594.0, "y": 534.0}, {"x": 712.0, "y": 534.0}, {"x": 712.0, "y": 590.0}, {"x": 593.0, "y": 589.0}]}, "description": "SALE"}, {"boundingPoly": {"vertices": [{"x": 16.0, "y": 680.0}, {"x": 140.0, "y": 682.0}, {"x": 139.0, "y": 738.0}, {"x": 16.0, "y": 737.0}]}, "description": "AMEX"}, {"boundingPoly": {"vertices": [{"x": 8.0, "y": 751.0}, {"x": 658.0, "y": 753.0}, {"x": 657.0, "y": 818.0}, {"x": 8.0, "y": 815.0}]}, "description": "Card #XXXXXXXXXXX1005"}, {"boundingPoly": {"vertices": [{"x": 11.0, "y": 830.0}, {"x": 686.0, "y": 830.0}, {"x": 686.0, "y": 897.0}, {"x": 11.0, "y": 897.0}]}, "description": " Magnetic card present:"}, {"boundingPoly": {"vertices": [{"x": 1069.0, "y": 688.0}, {"x": 1286.0, "y": 687.0}, {"x": 1287.0, "y": 743.0}, {"x": 1069.0, "y": 744.0}]}, "description": "4194329"}, {"boundingPoly": {"vertices": [{"x": 13.0, "y": 976.0}, {"x": 592.0, "y": 976.0}, {"x": 592.0, "y": 1045.0}, {"x": 13.0, "y": 1045.0}]}, "description": " Card Entry Method:"}, {"boundingPoly": {"vertices": [{"x": 611.0, "y": 977.0}, {"x": 661.0, "y": 977.0}, {"x": 661.0, "y": 1045.0}, {"x": 611.0, "y": 1045.0}]}, "description": " S"}, {"boundingPoly": {"vertices": [{"x": 25.0, "y": 1124.0}, {"x": 302.0, "y": 1124.0}, {"x": 302.0, "y": 1184.0}, {"x": 25.0, "y": 1184.0}]}, "description": " Approval:"}, {"boundingPoly": {"vertices": [{"x": 314.0, "y": 1124.0}, {"x": 512.0, "y": 1124.0}, {"x": 512.0, "y": 1183.0}, {"x": 314.0, "y": 1183.0}]}, "description": " 515604"}, {"boundingPoly": {"vertices": [{"x": 614.0, "y": 1271.0}, {"x": 785.0, "y": 1271.0}, {"x": 785.0, "y": 1325.0}, {"x": 614.0, "y": 1325.0}]}, "description": " Amount"}, {"boundingPoly": {"vertices": [{"x": 795.0, "y": 1271.0}, {"x": 819.0, "y": 1271.0}, {"x": 819.0, "y": 1325.0}, {"x": 795.0, "y": 1325.0}]}, "description": " :"}, {"boundingPoly": {"vertices": [{"x": 1064.0, "y": 1275.0}, {"x": 1292.0, "y": 1274.0}, {"x": 1293.0, "y": 1329.0}, {"x": 1064.0, "y": 1331.0}]}, "description": "$100.00"}, {"boundingPoly": {"vertices": [{"x": 486.0, "y": 1415.0}, {"x": 823.0, "y": 1415.0}, {"x": 823.0, "y": 1486.0}, {"x": 486.0, "y": 1486.0}]}, "description": " + Gratuity:"}, {"boundingPoly": {"vertices": [{"x": 1093.0, "y": 1382.0}, {"x": 1299.0, "y": 1380.0}, {"x": 1300.0, "y": 1471.0}, {"x": 1094.0, "y": 1475.0}]}, "description": "10.00"}, {"boundingPoly": {"vertices": [{"x": 982.0, "y": 1536.0}, {"x": 1283.0, "y": 1534.0}, {"x": 1284.0, "y": 1634.0}, {"x": 983.0, "y": 1639.0}]}, "description": "10.00"}, {"boundingPoly": {"vertices": [{"x": 576.0, "y": 1575.0}, {"x": 821.0, "y": 1575.0}, {"x": 821.0, "y": 1637.0}, {"x": 576.0, "y": 1637.0}]}, "description": " = Total:"}, {"boundingPoly": {"vertices": [{"x": 248.0, "y": 1812.0}, {"x": 1026.0, "y": 1823.0}, {"x": 1025.0, "y": 1892.0}, {"x": 247.0, "y": 1884.0}]}, "description": "I agree to pay the above"}, {"boundingPoly": {"vertices": [{"x": 147.0, "y": 1894.0}, {"x": 1091.0, "y": 1908.0}, {"x": 1090.0, "y": 1972.0}, {"x": 147.0, "y": 1961.0}]}, "description": "total amount according to the"}, {"boundingPoly": {"vertices": [{"x": 268.0, "y": 1987.0}, {"x": 984.0, "y": 1989.0}, {"x": 984.0, "y": 2050.0}, {"x": 268.0, "y": 2047.0}]}, "description": "card isQuer agreement."}, {"boundingPoly": {"vertices": [{"x": 625.0, "y": 2087.0}, {"x": 777.0, "y": 2083.0}, {"x": 776.0, "y": 2183.0}, {"x": 628.0, "y": 2186.0}]}, "description": "N"}, {"boundingPoly": {"vertices": [{"x": 373.0, "y": 2086.0}, {"x": 586.0, "y": 2087.0}, {"x": 585.0, "y": 2188.0}, {"x": 371.0, "y": 2188.0}]}, "description": "K."}]}