{"textAnnotations": [{"boundingPoly": {"vertices": [{"x": 284.0, "y": 198.0}, {"x": 446.0, "y": 195.0}, {"x": 447.0, "y": 219.0}, {"x": 284.0, "y": 223.0}]}, "description": "OPERATED BY"}, {"boundingPoly": {"vertices": [{"x": 212.0, "y": 328.0}, {"x": 289.0, "y": 328.0}, {"x": 289.0, "y": 350.0}, {"x": 212.0, "y": 350.0}]}, "description": "merchant name"}, {"boundingPoly": {"vertices": [{"x": 292.0, "y": 325.0}, {"x": 511.0, "y": 325.0}, {"x": 511.0, "y": 350.0}, {"x": 292.0, "y": 350.0}]}, "description": "merchant name"}, {"boundingPoly": {"vertices": [{"x": 141.0, "y": 353.0}, {"x": 560.0, "y": 347.0}, {"x": 561.0, "y": 369.0}, {"x": 141.0, "y": 374.0}]}, "description": "merchant address"}, {"boundingPoly": {"vertices": [{"x": 145.0, "y": 399.0}, {"x": 310.0, "y": 401.0}, {"x": 310.0, "y": 424.0}, {"x": 145.0, "y": 423.0}]}, "description": "83554 Teresa"}, {"boundingPoly": {"vertices": [{"x": 529.0, "y": 429.0}, {"x": 578.0, "y": 428.0}, {"x": 578.0, "y": 437.0}, {"x": 529.0, "y": 438.0}]}, "description": "----"}, {"boundingPoly": {"vertices": [{"x": 564.0, "y": 445.0}, {"x": 579.0, "y": 445.0}, {"x": 579.0, "y": 468.0}, {"x": 564.0, "y": 468.0}]}, "description": " 2"}, {"boundingPoly": {"vertices": [{"x": 143.0, "y": 449.0}, {"x": 256.0, "y": 449.0}, {"x": 256.0, "y": 471.0}, {"x": 143.0, "y": 471.0}]}, "description": "CHK 1602"}, {"boundingPoly": {"vertices": [{"x": 253.0, "y": 471.0}, {"x": 334.0, "y": 471.0}, {"x": 334.0, "y": 492.0}, {"x": 253.0, "y": 492.0}]}, "description": " NOVO4:"}, {"boundingPoly": {"vertices": [{"x": 329.0, "y": 503.0}, {"x": 360.0, "y": 503.0}, {"x": 360.0, "y": 512.0}, {"x": 329.0, "y": 512.0}]}, "description": "-- -"}, {"boundingPoly": {"vertices": [{"x": 511.0, "y": 446.0}, {"x": 559.0, "y": 446.0}, {"x": 559.0, "y": 468.0}, {"x": 511.0, "y": 468.0}]}, "description": " GST"}, {"boundingPoly": {"vertices": [{"x": 338.0, "y": 470.0}, {"x": 367.0, "y": 470.0}, {"x": 367.0, "y": 490.0}, {"x": 338.0, "y": 490.0}]}, "description": " 19"}, {"boundingPoly": {"vertices": [{"x": 388.0, "y": 471.0}, {"x": 472.0, "y": 471.0}, {"x": 472.0, "y": 489.0}, {"x": 388.0, "y": 489.0}]}, "description": "8 51AM"}, {"boundingPoly": {"vertices": [{"x": 197.0, "y": 545.0}, {"x": 376.0, "y": 544.0}, {"x": 377.0, "y": 567.0}, {"x": 197.0, "y": 569.0}]}, "description": "BAGEL EGG CHS"}, {"boundingPoly": {"vertices": [{"x": 197.0, "y": 569.0}, {"x": 358.0, "y": 569.0}, {"x": 358.0, "y": 593.0}, {"x": 197.0, "y": 593.0}]}, "description": " LG WTR FIJI"}, {"boundingPoly": {"vertices": [{"x": 198.0, "y": 594.0}, {"x": 329.0, "y": 594.0}, {"x": 329.0, "y": 616.0}, {"x": 198.0, "y": 616.0}]}, "description": " SM COFFEE"}, {"boundingPoly": {"vertices": [{"x": 484.0, "y": 544.0}, {"x": 538.0, "y": 544.0}, {"x": 537.0, "y": 564.0}, {"x": 484.0, "y": 566.0}]}, "description": "6.29"}, {"boundingPoly": {"vertices": [{"x": 484.0, "y": 567.0}, {"x": 537.0, "y": 566.0}, {"x": 538.0, "y": 587.0}, {"x": 483.0, "y": 586.0}]}, "description": "4.89"}, {"boundingPoly": {"vertices": [{"x": 482.0, "y": 592.0}, {"x": 538.0, "y": 591.0}, {"x": 538.0, "y": 612.0}, {"x": 483.0, "y": 613.0}]}, "description": "2.69"}, {"boundingPoly": {"vertices": [{"x": 362.0, "y": 569.0}, {"x": 377.0, "y": 569.0}, {"x": 377.0, "y": 591.0}, {"x": 362.0, "y": 591.0}]}, "description": " L"}, {"boundingPoly": {"vertices": [{"x": 174.0, "y": 595.0}, {"x": 194.0, "y": 595.0}, {"x": 194.0, "y": 617.0}, {"x": 174.0, "y": 617.0}]}, "description": " 1"}, {"boundingPoly": {"vertices": [{"x": 335.0, "y": 594.0}, {"x": 352.0, "y": 594.0}, {"x": 352.0, "y": 616.0}, {"x": 335.0, "y": 616.0}]}, "description": " S"}, {"boundingPoly": {"vertices": [{"x": 202.0, "y": 641.0}, {"x": 308.0, "y": 641.0}, {"x": 308.0, "y": 663.0}, {"x": 202.0, "y": 664.0}]}, "description": "SUBTOTAL"}, {"boundingPoly": {"vertices": [{"x": 201.0, "y": 666.0}, {"x": 242.0, "y": 665.0}, {"x": 242.0, "y": 688.0}, {"x": 201.0, "y": 688.0}]}, "description": "TAX"}, {"boundingPoly": {"vertices": [{"x": 197.0, "y": 691.0}, {"x": 350.0, "y": 688.0}, {"x": 350.0, "y": 712.0}, {"x": 197.0, "y": 714.0}]}, "description": "AMOUNT PAID"}, {"boundingPoly": {"vertices": [{"x": 201.0, "y": 714.0}, {"x": 417.0, "y": 712.0}, {"x": 417.0, "y": 735.0}, {"x": 201.0, "y": 737.0}]}, "description": "AT01658Z XXX2789"}, {"boundingPoly": {"vertices": [{"x": 198.0, "y": 739.0}, {"x": 323.0, "y": 739.0}, {"x": 323.0, "y": 761.0}, {"x": 198.0, "y": 762.0}]}, "description": "MSTRCD CC"}, {"boundingPoly": {"vertices": [{"x": 145.0, "y": 762.0}, {"x": 580.0, "y": 762.0}, {"x": 580.0, "y": 787.0}, {"x": 145.0, "y": 787.0}]}, "description": " --- 83554 Closed NOV04 08:51AM- - -"}, {"boundingPoly": {"vertices": [{"x": 473.0, "y": 639.0}, {"x": 536.0, "y": 638.0}, {"x": 536.0, "y": 660.0}, {"x": 473.0, "y": 661.0}]}, "description": "13.87"}, {"boundingPoly": {"vertices": [{"x": 488.0, "y": 662.0}, {"x": 541.0, "y": 662.0}, {"x": 540.0, "y": 684.0}, {"x": 487.0, "y": 684.0}]}, "description": "1.14"}, {"boundingPoly": {"vertices": [{"x": 391.0, "y": 686.0}, {"x": 530.0, "y": 687.0}, {"x": 530.0, "y": 711.0}, {"x": 391.0, "y": 711.0}]}, "description": "15.01"}, {"boundingPoly": {"vertices": [{"x": 473.0, "y": 738.0}, {"x": 536.0, "y": 736.0}, {"x": 535.0, "y": 758.0}, {"x": 473.0, "y": 759.0}]}, "description": "15.01"}, {"boundingPoly": {"vertices": [{"x": 158.0, "y": 812.0}, {"x": 262.0, "y": 812.0}, {"x": 262.0, "y": 836.0}, {"x": 158.0, "y": 836.0}]}, "description": " WE WANT"}, {"boundingPoly": {"vertices": [{"x": 157.0, "y": 837.0}, {"x": 553.0, "y": 834.0}, {"x": 553.0, "y": 857.0}, {"x": 157.0, "y": 861.0}]}, "description": "merchant phone"}, {"boundingPoly": {"vertices": [{"x": 159.0, "y": 861.0}, {"x": 566.0, "y": 859.0}, {"x": 566.0, "y": 882.0}, {"x": 159.0, "y": 884.0}]}, "description": "OR CUSTOMERSERVICE@HMSHOST.COM"}, {"boundingPoly": {"vertices": [{"x": 187.0, "y": 884.0}, {"x": 527.0, "y": 884.0}, {"x": 527.0, "y": 906.0}, {"x": 187.0, "y": 907.0}]}, "description": "TO SHARE YOUR EXPERIENCE."}, {"boundingPoly": {"vertices": [{"x": 240.0, "y": 908.0}, {"x": 358.0, "y": 908.0}, {"x": 358.0, "y": 931.0}, {"x": 240.0, "y": 931.0}]}, "description": " STOREID:"}, {"boundingPoly": {"vertices": [{"x": 266.0, "y": 810.0}, {"x": 555.0, "y": 810.0}, {"x": 555.0, "y": 836.0}, {"x": 266.0, "y": 836.0}]}, "description": " TO HEAR YOUR FEEDBACK"}, {"boundingPoly": {"vertices": [{"x": 362.0, "y": 908.0}, {"x": 472.0, "y": 908.0}, {"x": 472.0, "y": 931.0}, {"x": 362.0, "y": 931.0}]}, "description": " CLTGAB01"}, {"boundingPoly": {"vertices": [{"x": 145.0, "y": 982.0}, {"x": 328.0, "y": 982.0}, {"x": 328.0, "y": 1007.0}, {"x": 145.0, "y": 1007.0}]}, "description": " ASK ABOUT OUR"}, {"boundingPoly": {"vertices": [{"x": 336.0, "y": 979.0}, {"x": 568.0, "y": 979.0}, {"x": 568.0, "y": 1005.0}, {"x": 336.0, "y": 1005.0}]}, "description": " 10% OFF COUPON AT"}, {"boundingPoly": {"vertices": [{"x": 198.0, "y": 1007.0}, {"x": 528.0, "y": 1003.0}, {"x": 528.0, "y": 1027.0}, {"x": 198.0, "y": 1031.0}]}, "description": "PINO GELATO LOCATIONS ON"}, {"boundingPoly": {"vertices": [{"x": 283.0, "y": 1031.0}, {"x": 409.0, "y": 1031.0}, {"x": 409.0, "y": 1054.0}, {"x": 283.0, "y": 1054.0}]}, "description": " CONCOURSE"}, {"boundingPoly": {"vertices": [{"x": 416.0, "y": 1031.0}, {"x": 430.0, "y": 1031.0}, {"x": 430.0, "y": 1054.0}, {"x": 416.0, "y": 1054.0}]}, "description": " B"}]}