{"textAnnotations": [{"boundingPoly": {"vertices": [{"x": 75.0, "y": 49.0}, {"x": 215.0, "y": 49.0}, {"x": 215.0, "y": 90.0}, {"x": 75.0, "y": 90.0}]}, "description": " 9:30 4"}, {"boundingPoly": {"vertices": [{"x": 330.0, "y": 167.0}, {"x": 799.0, "y": 167.0}, {"x": 799.0, "y": 227.0}, {"x": 330.0, "y": 228.0}]}, "description": "Thursday, Nov 7"}, {"boundingPoly": {"vertices": [{"x": 328.0, "y": 263.0}, {"x": 796.0, "y": 263.0}, {"x": 796.0, "y": 303.0}, {"x": 328.0, "y": 303.0}]}, "description": "Your trip time was 02m 03s"}, {"boundingPoly": {"vertices": [{"x": 48.0, "y": 401.0}, {"x": 180.0, "y": 401.0}, {"x": 180.0, "y": 436.0}, {"x": 48.0, "y": 436.0}]}, "description": " 7:58 PM"}, {"boundingPoly": {"vertices": [{"x": 965.0, "y": 401.0}, {"x": 1079.0, "y": 403.0}, {"x": 1078.0, "y": 436.0}, {"x": 965.0, "y": 435.0}]}, "description": "1 ITEM"}, {"boundingPoly": {"vertices": [{"x": 339.0, "y": 523.0}, {"x": 1027.0, "y": 523.0}, {"x": 1027.0, "y": 574.0}, {"x": 339.0, "y": 574.0}]}, "description": "Hale & Hearty Soups Cream of"}, {"boundingPoly": {"vertices": [{"x": 340.0, "y": 589.0}, {"x": 931.0, "y": 589.0}, {"x": 931.0, "y": 636.0}, {"x": 340.0, "y": 637.0}]}, "description": "Tomato Chix Orzo, 16 fl oz"}, {"boundingPoly": {"vertices": [{"x": 126.0, "y": 688.0}, {"x": 247.0, "y": 687.0}, {"x": 247.0, "y": 706.0}, {"x": 126.0, "y": 707.0}]}, "description": "CREAM OF TOMATO"}, {"boundingPoly": {"vertices": [{"x": 121.0, "y": 697.0}, {"x": 253.0, "y": 694.0}, {"x": 254.0, "y": 716.0}, {"x": 121.0, "y": 718.0}]}, "description": "WITH CHICKEN & ORZO"}, {"boundingPoly": {"vertices": [{"x": 186.0, "y": 731.0}, {"x": 238.0, "y": 724.0}, {"x": 240.0, "y": 734.0}, {"x": 187.0, "y": 741.0}]}, "description": "OZ. (1.08 LBS.)"}, {"boundingPoly": {"vertices": [{"x": 964.0, "y": 677.0}, {"x": 1079.0, "y": 674.0}, {"x": 1079.0, "y": 729.0}, {"x": 965.0, "y": 732.0}]}, "description": "$5.99"}, {"boundingPoly": {"vertices": [{"x": 134.0, "y": 726.0}, {"x": 168.0, "y": 730.0}, {"x": 167.0, "y": 738.0}, {"x": 133.0, "y": 734.0}]}, "description": "WET WT. 1"}, {"boundingPoly": {"vertices": [{"x": 45.0, "y": 846.0}, {"x": 214.0, "y": 846.0}, {"x": 214.0, "y": 884.0}, {"x": 45.0, "y": 884.0}]}, "description": "Subtotal"}, {"boundingPoly": {"vertices": [{"x": 972.0, "y": 844.0}, {"x": 1088.0, "y": 843.0}, {"x": 1089.0, "y": 884.0}, {"x": 973.0, "y": 885.0}]}, "description": "$5.99"}, {"boundingPoly": {"vertices": [{"x": 48.0, "y": 929.0}, {"x": 225.0, "y": 930.0}, {"x": 225.0, "y": 970.0}, {"x": 47.0, "y": 968.0}]}, "description": "Sales tax"}, {"boundingPoly": {"vertices": [{"x": 974.0, "y": 929.0}, {"x": 1089.0, "y": 929.0}, {"x": 1088.0, "y": 968.0}, {"x": 976.0, "y": 969.0}]}, "description": "$0.00"}, {"boundingPoly": {"vertices": [{"x": 46.0, "y": 1013.0}, {"x": 383.0, "y": 1011.0}, {"x": 383.0, "y": 1054.0}, {"x": 47.0, "y": 1057.0}]}, "description": "Total (Visa *4719)"}, {"boundingPoly": {"vertices": [{"x": 973.0, "y": 1004.0}, {"x": 1088.0, "y": 1004.0}, {"x": 1087.0, "y": 1059.0}, {"x": 972.0, "y": 1059.0}]}, "description": "$5.99"}, {"boundingPoly": {"vertices": [{"x": 535.0, "y": 1231.0}, {"x": 813.0, "y": 1231.0}, {"x": 813.0, "y": 1269.0}, {"x": 535.0, "y": 1269.0}]}, "description": "merchant address"}, {"boundingPoly": {"vertices": [{"x": 205.0, "y": 1285.0}, {"x": 917.0, "y": 1284.0}, {"x": 917.0, "y": 1322.0}, {"x": 205.0, "y": 1325.0}]}, "description": "merchant address"}, {"boundingPoly": {"vertices": [{"x": 316.0, "y": 1232.0}, {"x": 509.0, "y": 1232.0}, {"x": 509.0, "y": 1269.0}, {"x": 316.0, "y": 1269.0}]}, "description": "merchant name"}, {"boundingPoly": {"vertices": [{"x": 515.0, "y": 1232.0}, {"x": 529.0, "y": 1232.0}, {"x": 529.0, "y": 1269.0}, {"x": 515.0, "y": 1269.0}]}, "description": " |"}, {"boundingPoly": {"vertices": [{"x": 346.0, "y": 1391.0}, {"x": 778.0, "y": 1391.0}, {"x": 778.0, "y": 1430.0}, {"x": 346.0, "y": 1428.0}]}, "description": "Contact us about this trip"}, {"boundingPoly": {"vertices": [{"x": 340.0, "y": 1455.0}, {"x": 787.0, "y": 1455.0}, {"x": 787.0, "y": 1489.0}, {"x": 340.0, "y": 1490.0}]}, "description": "Order #113-7893973-5613812"}, {"boundingPoly": {"vertices": [{"x": 340.0, "y": 1568.0}, {"x": 781.0, "y": 1567.0}, {"x": 781.0, "y": 1603.0}, {"x": 340.0, "y": 1604.0}]}, "description": "Learn more about refunds"}, {"boundingPoly": {"vertices": [{"x": 87.0, "y": 2288.0}, {"x": 140.0, "y": 2292.0}, {"x": 136.0, "y": 2319.0}, {"x": 86.0, "y": 2316.0}]}, "description": "Key"}, {"boundingPoly": {"vertices": [{"x": 275.0, "y": 2288.0}, {"x": 399.0, "y": 2289.0}, {"x": 399.0, "y": 2317.0}, {"x": 275.0, "y": 2316.0}]}, "description": "Discover"}, {"boundingPoly": {"vertices": [{"x": 502.0, "y": 2288.0}, {"x": 624.0, "y": 2289.0}, {"x": 623.0, "y": 2319.0}, {"x": 502.0, "y": 2318.0}]}, "description": "Receipts"}, {"boundingPoly": {"vertices": [{"x": 741.0, "y": 2289.0}, {"x": 834.0, "y": 2291.0}, {"x": 834.0, "y": 2317.0}, {"x": 741.0, "y": 2315.0}]}, "description": "Stores"}, {"boundingPoly": {"vertices": [{"x": 975.0, "y": 2289.0}, {"x": 1048.0, "y": 2290.0}, {"x": 1047.0, "y": 2316.0}, {"x": 974.0, "y": 2315.0}]}, "description": "More"}]}