{"textAnnotations": [{"boundingPoly": {"vertices": [{"x": 221.0, "y": 348.0}, {"x": 283.0, "y": 349.0}, {"x": 283.0, "y": 366.0}, {"x": 221.0, "y": 365.0}]}, "description": "merchant name"}, {"boundingPoly": {"vertices": [{"x": 178.0, "y": 369.0}, {"x": 325.0, "y": 370.0}, {"x": 325.0, "y": 390.0}, {"x": 178.0, "y": 389.0}]}, "description": "merchant name"}, {"boundingPoly": {"vertices": [{"x": 212.0, "y": 392.0}, {"x": 293.0, "y": 392.0}, {"x": 293.0, "y": 413.0}, {"x": 212.0, "y": 412.0}]}, "description": "merchant address"}, {"boundingPoly": {"vertices": [{"x": 177.0, "y": 415.0}, {"x": 332.0, "y": 416.0}, {"x": 332.0, "y": 438.0}, {"x": 177.0, "y": 436.0}]}, "description": "merchant address"}, {"boundingPoly": {"vertices": [{"x": 198.0, "y": 439.0}, {"x": 310.0, "y": 440.0}, {"x": 309.0, "y": 460.0}, {"x": 198.0, "y": 459.0}]}, "description": "merchant phone"}, {"boundingPoly": {"vertices": [{"x": 158.0, "y": 462.0}, {"x": 350.0, "y": 462.0}, {"x": 350.0, "y": 484.0}, {"x": 158.0, "y": 484.0}]}, "description": "www.barlowdenhaag.nl"}, {"boundingPoly": {"vertices": [{"x": 561.0, "y": 410.0}, {"x": 797.0, "y": 397.0}, {"x": 798.0, "y": 415.0}, {"x": 562.0, "y": 428.0}]}, "description": "Kopie Kaarthouder"}, {"boundingPoly": {"vertices": [{"x": 633.0, "y": 440.0}, {"x": 719.0, "y": 437.0}, {"x": 720.0, "y": 459.0}, {"x": 634.0, "y": 462.0}]}, "description": "merchant name"}, {"boundingPoly": {"vertices": [{"x": 640.0, "y": 469.0}, {"x": 698.0, "y": 467.0}, {"x": 698.0, "y": 481.0}, {"x": 640.0, "y": 483.0}]}, "description": "merchant address"}, {"boundingPoly": {"vertices": [{"x": 622.0, "y": 485.0}, {"x": 735.0, "y": 483.0}, {"x": 736.0, "y": 498.0}, {"x": 622.0, "y": 500.0}]}, "description": "merchant address"}, {"boundingPoly": {"vertices": [{"x": 637.0, "y": 501.0}, {"x": 716.0, "y": 499.0}, {"x": 717.0, "y": 515.0}, {"x": 637.0, "y": 517.0}]}, "description": "merchant phone"}, {"boundingPoly": {"vertices": [{"x": 187.0, "y": 507.0}, {"x": 323.0, "y": 507.0}, {"x": 323.0, "y": 529.0}, {"x": 187.0, "y": 529.0}]}, "description": "Tussenrekening"}, {"boundingPoly": {"vertices": [{"x": 95.0, "y": 530.0}, {"x": 231.0, "y": 530.0}, {"x": 231.0, "y": 552.0}, {"x": 95.0, "y": 552.0}]}, "description": " 21-11-19 10:30"}, {"boundingPoly": {"vertices": [{"x": 124.0, "y": 553.0}, {"x": 261.0, "y": 553.0}, {"x": 261.0, "y": 574.0}, {"x": 124.0, "y": 574.0}]}, "description": " 105028 Verk .:"}, {"boundingPoly": {"vertices": [{"x": 31.0, "y": 531.0}, {"x": 91.0, "y": 531.0}, {"x": 91.0, "y": 553.0}, {"x": 31.0, "y": 553.0}]}, "description": " Datum:"}, {"boundingPoly": {"vertices": [{"x": 32.0, "y": 554.0}, {"x": 121.0, "y": 554.0}, {"x": 121.0, "y": 575.0}, {"x": 32.0, "y": 575.0}]}, "description": " OrderNr .:"}, {"boundingPoly": {"vertices": [{"x": 30.0, "y": 576.0}, {"x": 97.0, "y": 576.0}, {"x": 96.0, "y": 597.0}, {"x": 30.0, "y": 597.0}]}, "description": "Tafel 8"}, {"boundingPoly": {"vertices": [{"x": 538.0, "y": 536.0}, {"x": 627.0, "y": 536.0}, {"x": 627.0, "y": 551.0}, {"x": 538.0, "y": 551.0}]}, "description": " Uw verkoper:"}, {"boundingPoly": {"vertices": [{"x": 629.0, "y": 534.0}, {"x": 668.0, "y": 534.0}, {"x": 668.0, "y": 550.0}, {"x": 629.0, "y": 550.0}]}, "description": " STASH"}, {"boundingPoly": {"vertices": [{"x": 265.0, "y": 553.0}, {"x": 317.0, "y": 553.0}, {"x": 317.0, "y": 574.0}, {"x": 265.0, "y": 574.0}]}, "description": " Stash"}, {"boundingPoly": {"vertices": [{"x": 540.0, "y": 568.0}, {"x": 606.0, "y": 568.0}, {"x": 606.0, "y": 584.0}, {"x": 540.0, "y": 584.0}]}, "description": " Terminal:"}, {"boundingPoly": {"vertices": [{"x": 540.0, "y": 584.0}, {"x": 602.0, "y": 584.0}, {"x": 602.0, "y": 600.0}, {"x": 540.0, "y": 600.0}]}, "description": " Periode:"}, {"boundingPoly": {"vertices": [{"x": 541.0, "y": 601.0}, {"x": 687.0, "y": 599.0}, {"x": 688.0, "y": 615.0}, {"x": 541.0, "y": 617.0}]}, "description": "Contactloze betaling"}, {"boundingPoly": {"vertices": [{"x": 540.0, "y": 616.0}, {"x": 735.0, "y": 616.0}, {"x": 735.0, "y": 632.0}, {"x": 540.0, "y": 632.0}]}, "description": "MASTERCARD (A0000000041010)"}, {"boundingPoly": {"vertices": [{"x": 591.0, "y": 634.0}, {"x": 709.0, "y": 634.0}, {"x": 709.0, "y": 650.0}, {"x": 591.0, "y": 650.0}]}, "description": " xxxxxxxxxxxx6017"}, {"boundingPoly": {"vertices": [{"x": 606.0, "y": 651.0}, {"x": 623.0, "y": 651.0}, {"x": 623.0, "y": 667.0}, {"x": 606.0, "y": 667.0}]}, "description": " 02"}, {"boundingPoly": {"vertices": [{"x": 609.0, "y": 566.0}, {"x": 749.0, "y": 566.0}, {"x": 749.0, "y": 583.0}, {"x": 609.0, "y": 583.0}]}, "description": " 51316633 Merchant:"}, {"boundingPoly": {"vertices": [{"x": 685.0, "y": 583.0}, {"x": 764.0, "y": 583.0}, {"x": 764.0, "y": 600.0}, {"x": 685.0, "y": 600.0}]}, "description": " Transactie:"}, {"boundingPoly": {"vertices": [{"x": 752.0, "y": 565.0}, {"x": 813.0, "y": 565.0}, {"x": 813.0, "y": 581.0}, {"x": 752.0, "y": 581.0}]}, "description": " 20949186"}, {"boundingPoly": {"vertices": [{"x": 767.0, "y": 581.0}, {"x": 828.0, "y": 581.0}, {"x": 828.0, "y": 599.0}, {"x": 767.0, "y": 599.0}]}, "description": " 00004779"}, {"boundingPoly": {"vertices": [{"x": 604.0, "y": 584.0}, {"x": 636.0, "y": 584.0}, {"x": 636.0, "y": 599.0}, {"x": 604.0, "y": 599.0}]}, "description": " 1349"}, {"boundingPoly": {"vertices": [{"x": 25.0, "y": 622.0}, {"x": 143.0, "y": 623.0}, {"x": 143.0, "y": 645.0}, {"x": 25.0, "y": 644.0}]}, "description": "Omschrijving"}, {"boundingPoly": {"vertices": [{"x": 25.0, "y": 647.0}, {"x": 104.0, "y": 647.0}, {"x": 104.0, "y": 668.0}, {"x": 25.0, "y": 668.0}]}, "description": "2 \u00d7 Thee"}, {"boundingPoly": {"vertices": [{"x": 41.0, "y": 670.0}, {"x": 209.0, "y": 670.0}, {"x": 209.0, "y": 692.0}, {"x": 41.0, "y": 692.0}]}, "description": " x Latte Macchiato"}, {"boundingPoly": {"vertices": [{"x": 39.0, "y": 693.0}, {"x": 180.0, "y": 693.0}, {"x": 180.0, "y": 716.0}, {"x": 39.0, "y": 716.0}]}, "description": " x Dub Espresso"}, {"boundingPoly": {"vertices": [{"x": 22.0, "y": 718.0}, {"x": 70.0, "y": 719.0}, {"x": 69.0, "y": 741.0}, {"x": 22.0, "y": 740.0}]}, "description": "(4 x)"}, {"boundingPoly": {"vertices": [{"x": 408.0, "y": 620.0}, {"x": 485.0, "y": 621.0}, {"x": 485.0, "y": 641.0}, {"x": 408.0, "y": 640.0}]}, "description": "Bedrag \u20ac"}, {"boundingPoly": {"vertices": [{"x": 444.0, "y": 643.0}, {"x": 485.0, "y": 644.0}, {"x": 486.0, "y": 663.0}, {"x": 444.0, "y": 663.0}]}, "description": "5,20"}, {"boundingPoly": {"vertices": [{"x": 444.0, "y": 666.0}, {"x": 485.0, "y": 666.0}, {"x": 485.0, "y": 686.0}, {"x": 445.0, "y": 687.0}]}, "description": "3,40"}, {"boundingPoly": {"vertices": [{"x": 445.0, "y": 689.0}, {"x": 486.0, "y": 689.0}, {"x": 487.0, "y": 710.0}, {"x": 445.0, "y": 710.0}]}, "description": "3,90"}, {"boundingPoly": {"vertices": [{"x": 331.0, "y": 643.0}, {"x": 390.0, "y": 643.0}, {"x": 390.0, "y": 663.0}, {"x": 332.0, "y": 665.0}]}, "description": "\u00e0 2,60"}, {"boundingPoly": {"vertices": [{"x": 541.0, "y": 635.0}, {"x": 589.0, "y": 635.0}, {"x": 589.0, "y": 650.0}, {"x": 541.0, "y": 650.0}]}, "description": " Kaart:"}, {"boundingPoly": {"vertices": [{"x": 540.0, "y": 652.0}, {"x": 603.0, "y": 652.0}, {"x": 603.0, "y": 667.0}, {"x": 540.0, "y": 667.0}]}, "description": " Kaartnr:"}, {"boundingPoly": {"vertices": [{"x": 24.0, "y": 671.0}, {"x": 37.0, "y": 671.0}, {"x": 37.0, "y": 691.0}, {"x": 24.0, "y": 691.0}]}, "description": " 1"}, {"boundingPoly": {"vertices": [{"x": 24.0, "y": 693.0}, {"x": 34.0, "y": 693.0}, {"x": 34.0, "y": 716.0}, {"x": 24.0, "y": 716.0}]}, "description": " 1"}, {"boundingPoly": {"vertices": [{"x": 542.0, "y": 686.0}, {"x": 662.0, "y": 686.0}, {"x": 662.0, "y": 715.0}, {"x": 542.0, "y": 714.0}]}, "description": "BETALING"}, {"boundingPoly": {"vertices": [{"x": 542.0, "y": 722.0}, {"x": 664.0, "y": 722.0}, {"x": 664.0, "y": 739.0}, {"x": 542.0, "y": 739.0}]}, "description": " 21/11/2019 10:49"}, {"boundingPoly": {"vertices": [{"x": 689.0, "y": 723.0}, {"x": 775.0, "y": 723.0}, {"x": 775.0, "y": 739.0}, {"x": 689.0, "y": 739.0}]}, "description": " Auth. code:"}, {"boundingPoly": {"vertices": [{"x": 788.0, "y": 723.0}, {"x": 839.0, "y": 723.0}, {"x": 839.0, "y": 738.0}, {"x": 788.0, "y": 737.0}]}, "description": "785860"}, {"boundingPoly": {"vertices": [{"x": 21.0, "y": 765.0}, {"x": 133.0, "y": 765.0}, {"x": 133.0, "y": 787.0}, {"x": 21.0, "y": 788.0}]}, "description": "Totaal"}, {"boundingPoly": {"vertices": [{"x": 393.0, "y": 762.0}, {"x": 487.0, "y": 761.0}, {"x": 487.0, "y": 785.0}, {"x": 393.0, "y": 786.0}]}, "description": "12,50"}, {"boundingPoly": {"vertices": [{"x": 541.0, "y": 757.0}, {"x": 617.0, "y": 758.0}, {"x": 617.0, "y": 773.0}, {"x": 541.0, "y": 772.0}]}, "description": "WORLDLINE."}, {"boundingPoly": {"vertices": [{"x": 16.0, "y": 814.0}, {"x": 99.0, "y": 813.0}, {"x": 99.0, "y": 836.0}, {"x": 16.0, "y": 837.0}]}, "description": "BTW 9 %"}, {"boundingPoly": {"vertices": [{"x": 447.0, "y": 814.0}, {"x": 489.0, "y": 811.0}, {"x": 490.0, "y": 835.0}, {"x": 448.0, "y": 836.0}]}, "description": "1,03"}, {"boundingPoly": {"vertices": [{"x": 542.0, "y": 793.0}, {"x": 648.0, "y": 793.0}, {"x": 648.0, "y": 823.0}, {"x": 542.0, "y": 823.0}]}, "description": " Totaal:"}, {"boundingPoly": {"vertices": [{"x": 705.0, "y": 794.0}, {"x": 841.0, "y": 794.0}, {"x": 841.0, "y": 824.0}, {"x": 705.0, "y": 823.0}]}, "description": "12,50 EUR"}, {"boundingPoly": {"vertices": [{"x": 163.0, "y": 864.0}, {"x": 333.0, "y": 864.0}, {"x": 333.0, "y": 885.0}, {"x": 163.0, "y": 885.0}]}, "description": "You were awesome!"}, {"boundingPoly": {"vertices": [{"x": 111.0, "y": 887.0}, {"x": 379.0, "y": 887.0}, {"x": 379.0, "y": 910.0}, {"x": 111.0, "y": 911.0}]}, "description": "Many thanks for joining us."}, {"boundingPoly": {"vertices": [{"x": 167.0, "y": 914.0}, {"x": 326.0, "y": 915.0}, {"x": 326.0, "y": 935.0}, {"x": 167.0, "y": 934.0}]}, "description": "We see you soon."}, {"boundingPoly": {"vertices": [{"x": 645.0, "y": 849.0}, {"x": 753.0, "y": 849.0}, {"x": 752.0, "y": 877.0}, {"x": 645.0, "y": 877.0}]}, "description": "AKKOORD"}]}