{"textAnnotations": [{"boundingPoly": {"vertices": [{"x": 504.0, "y": 73.0}, {"x": 957.0, "y": 51.0}, {"x": 958.0, "y": 90.0}, {"x": 504.0, "y": 110.0}]}, "description": "Thank You For Visiting the"}, {"boundingPoly": {"vertices": [{"x": 573.0, "y": 145.0}, {"x": 861.0, "y": 131.0}, {"x": 863.0, "y": 167.0}, {"x": 574.0, "y": 180.0}]}, "description": "Matthew Fraysier"}, {"boundingPoly": {"vertices": [{"x": 597.0, "y": 221.0}, {"x": 833.0, "y": 208.0}, {"x": 835.0, "y": 244.0}, {"x": 597.0, "y": 257.0}]}, "description": "merchant phone"}, {"boundingPoly": {"vertices": [{"x": 515.0, "y": 295.0}, {"x": 927.0, "y": 282.0}, {"x": 928.0, "y": 318.0}, {"x": 515.0, "y": 333.0}]}, "description": "Text @LTF11479 to 73940"}, {"boundingPoly": {"vertices": [{"x": 502.0, "y": 95.0}, {"x": 846.0, "y": 95.0}, {"x": 846.0, "y": 148.0}, {"x": 502.0, "y": 148.0}]}, "description": "merchant name"}, {"boundingPoly": {"vertices": [{"x": 587.0, "y": 184.0}, {"x": 852.0, "y": 171.0}, {"x": 854.0, "y": 207.0}, {"x": 588.0, "y": 221.0}]}, "description": "General Manager"}, {"boundingPoly": {"vertices": [{"x": 521.0, "y": 259.0}, {"x": 911.0, "y": 242.0}, {"x": 912.0, "y": 279.0}, {"x": 521.0, "y": 295.0}]}, "description": "We Love Your Feedback!"}, {"boundingPoly": {"vertices": [{"x": 853.0, "y": 93.0}, {"x": 876.0, "y": 93.0}, {"x": 876.0, "y": 131.0}, {"x": 853.0, "y": 131.0}]}, "description": "merchant name"}, {"boundingPoly": {"vertices": [{"x": 883.0, "y": 90.0}, {"x": 946.0, "y": 90.0}, {"x": 946.0, "y": 129.0}, {"x": 883.0, "y": 129.0}]}, "description": "merchant name"}, {"boundingPoly": {"vertices": [{"x": 1033.0, "y": 360.0}, {"x": 1091.0, "y": 357.0}, {"x": 1090.0, "y": 391.0}, {"x": 1032.0, "y": 393.0}]}, "description": "USD"}, {"boundingPoly": {"vertices": [{"x": 1010.0, "y": 397.0}, {"x": 1092.0, "y": 396.0}, {"x": 1089.0, "y": 434.0}, {"x": 1009.0, "y": 434.0}]}, "description": "2.05"}, {"boundingPoly": {"vertices": [{"x": 1012.0, "y": 436.0}, {"x": 1087.0, "y": 438.0}, {"x": 1086.0, "y": 471.0}, {"x": 1010.0, "y": 472.0}]}, "description": "2.05"}, {"boundingPoly": {"vertices": [{"x": 355.0, "y": 416.0}, {"x": 714.0, "y": 407.0}, {"x": 716.0, "y": 445.0}, {"x": 357.0, "y": 458.0}]}, "description": "Tropicana Apple Orch"}, {"boundingPoly": {"vertices": [{"x": 437.0, "y": 484.0}, {"x": 689.0, "y": 484.0}, {"x": 689.0, "y": 531.0}, {"x": 437.0, "y": 531.0}]}, "description": " lb \u00d7 $ 7.68/lb"}, {"boundingPoly": {"vertices": [{"x": 351.0, "y": 457.0}, {"x": 709.0, "y": 445.0}, {"x": 711.0, "y": 481.0}, {"x": 351.0, "y": 494.0}]}, "description": "Tropicana Apple Orch"}, {"boundingPoly": {"vertices": [{"x": 348.0, "y": 493.0}, {"x": 431.0, "y": 493.0}, {"x": 431.0, "y": 534.0}, {"x": 348.0, "y": 534.0}]}, "description": " 0.81"}, {"boundingPoly": {"vertices": [{"x": 340.0, "y": 534.0}, {"x": 623.0, "y": 526.0}, {"x": 624.0, "y": 565.0}, {"x": 341.0, "y": 573.0}]}, "description": "Small Clamshell"}, {"boundingPoly": {"vertices": [{"x": 1011.0, "y": 517.0}, {"x": 1086.0, "y": 520.0}, {"x": 1083.0, "y": 554.0}, {"x": 1009.0, "y": 551.0}]}, "description": "6.22"}, {"boundingPoly": {"vertices": [{"x": 755.0, "y": 603.0}, {"x": 922.0, "y": 600.0}, {"x": 923.0, "y": 639.0}, {"x": 756.0, "y": 642.0}]}, "description": "Sub Total"}, {"boundingPoly": {"vertices": [{"x": 757.0, "y": 645.0}, {"x": 941.0, "y": 645.0}, {"x": 941.0, "y": 680.0}, {"x": 757.0, "y": 682.0}]}, "description": "Tax Amount"}, {"boundingPoly": {"vertices": [{"x": 995.0, "y": 598.0}, {"x": 1091.0, "y": 597.0}, {"x": 1090.0, "y": 634.0}, {"x": 996.0, "y": 635.0}]}, "description": "10.32"}, {"boundingPoly": {"vertices": [{"x": 1005.0, "y": 640.0}, {"x": 1090.0, "y": 639.0}, {"x": 1090.0, "y": 677.0}, {"x": 1006.0, "y": 677.0}]}, "description": "0.92"}, {"boundingPoly": {"vertices": [{"x": 310.0, "y": 778.0}, {"x": 640.0, "y": 772.0}, {"x": 641.0, "y": 843.0}, {"x": 311.0, "y": 850.0}]}, "description": "Total USD"}, {"boundingPoly": {"vertices": [{"x": 900.0, "y": 771.0}, {"x": 1091.0, "y": 767.0}, {"x": 1089.0, "y": 833.0}, {"x": 901.0, "y": 840.0}]}, "description": "11.24"}, {"boundingPoly": {"vertices": [{"x": 289.0, "y": 973.0}, {"x": 695.0, "y": 968.0}, {"x": 695.0, "y": 1010.0}, {"x": 289.0, "y": 1015.0}]}, "description": "5009 AMERICAN EXPRESS"}, {"boundingPoly": {"vertices": [{"x": 990.0, "y": 966.0}, {"x": 1088.0, "y": 967.0}, {"x": 1087.0, "y": 1009.0}, {"x": 989.0, "y": 1008.0}]}, "description": "11.24"}, {"boundingPoly": {"vertices": [{"x": 290.0, "y": 1109.0}, {"x": 341.0, "y": 1108.0}, {"x": 340.0, "y": 1144.0}, {"x": 288.0, "y": 1145.0}]}, "description": "Tax"}, {"boundingPoly": {"vertices": [{"x": 282.0, "y": 1151.0}, {"x": 438.0, "y": 1150.0}, {"x": 439.0, "y": 1192.0}, {"x": 282.0, "y": 1194.0}]}, "description": "() 8.875"}, {"boundingPoly": {"vertices": [{"x": 588.0, "y": 1102.0}, {"x": 871.0, "y": 1102.0}, {"x": 871.0, "y": 1144.0}, {"x": 588.0, "y": 1144.0}]}, "description": " Taxable Amount"}, {"boundingPoly": {"vertices": [{"x": 759.0, "y": 1146.0}, {"x": 850.0, "y": 1146.0}, {"x": 851.0, "y": 1185.0}, {"x": 758.0, "y": 1185.0}]}, "description": "10.32"}, {"boundingPoly": {"vertices": [{"x": 890.0, "y": 1102.0}, {"x": 1080.0, "y": 1102.0}, {"x": 1080.0, "y": 1142.0}, {"x": 890.0, "y": 1142.0}]}, "description": " Tax Amount"}, {"boundingPoly": {"vertices": [{"x": 1001.0, "y": 1146.0}, {"x": 1080.0, "y": 1144.0}, {"x": 1080.0, "y": 1184.0}, {"x": 1001.0, "y": 1184.0}]}, "description": "0.92"}, {"boundingPoly": {"vertices": [{"x": 272.0, "y": 1278.0}, {"x": 1084.0, "y": 1278.0}, {"x": 1084.0, "y": 1328.0}, {"x": 272.0, "y": 1328.0}]}, "description": " 11/22/2019 09:06 AM #:52575 Op:4023 C:111"}, {"boundingPoly": {"vertices": [{"x": 269.0, "y": 1327.0}, {"x": 473.0, "y": 1327.0}, {"x": 473.0, "y": 1373.0}, {"x": 269.0, "y": 1373.0}]}, "description": " 105 S:1111"}, {"boundingPoly": {"vertices": [{"x": 471.0, "y": 1372.0}, {"x": 826.0, "y": 1372.0}, {"x": 826.0, "y": 1420.0}, {"x": 471.0, "y": 1420.0}]}, "description": " : Lucrecia Findley"}, {"boundingPoly": {"vertices": [{"x": 259.0, "y": 1378.0}, {"x": 465.0, "y": 1378.0}, {"x": 465.0, "y": 1420.0}, {"x": 259.0, "y": 1420.0}]}, "description": " Served you"}, {"boundingPoly": {"vertices": [{"x": 419.0, "y": 1562.0}, {"x": 841.0, "y": 1563.0}, {"x": 841.0, "y": 1606.0}, {"x": 419.0, "y": 1605.0}]}, "description": "*** Customer copy ***"}, {"boundingPoly": {"vertices": [{"x": 489.0, "y": 1657.0}, {"x": 772.0, "y": 1657.0}, {"x": 773.0, "y": 1703.0}, {"x": 489.0, "y": 1704.0}]}, "description": "AMEX NY937 (5)"}, {"boundingPoly": {"vertices": [{"x": 256.0, "y": 1708.0}, {"x": 997.0, "y": 1704.0}, {"x": 998.0, "y": 1751.0}, {"x": 256.0, "y": 1755.0}]}, "description": "I agree to pay the above total amount"}, {"boundingPoly": {"vertices": [{"x": 385.0, "y": 1759.0}, {"x": 878.0, "y": 1756.0}, {"x": 879.0, "y": 1798.0}, {"x": 385.0, "y": 1803.0}]}, "description": "according to card issuer"}, {"boundingPoly": {"vertices": [{"x": 228.0, "y": 1807.0}, {"x": 1017.0, "y": 1801.0}, {"x": 1017.0, "y": 1851.0}, {"x": 228.0, "y": 1854.0}]}, "description": "agreement. (Merchant agreement if Credit"}, {"boundingPoly": {"vertices": [{"x": 285.0, "y": 1857.0}, {"x": 956.0, "y": 1856.0}, {"x": 956.0, "y": 1903.0}, {"x": 285.0, "y": 1904.0}]}, "description": "Voucher)Retain this copy for your"}, {"boundingPoly": {"vertices": [{"x": 547.0, "y": 1913.0}, {"x": 702.0, "y": 1911.0}, {"x": 703.0, "y": 1950.0}, {"x": 547.0, "y": 1953.0}]}, "description": "records."}, {"boundingPoly": {"vertices": [{"x": 207.0, "y": 2008.0}, {"x": 602.0, "y": 2008.0}, {"x": 602.0, "y": 2057.0}, {"x": 207.0, "y": 2055.0}]}, "description": "PURCHASE / APPROVED"}, {"boundingPoly": {"vertices": [{"x": 207.0, "y": 2058.0}, {"x": 540.0, "y": 2058.0}, {"x": 540.0, "y": 2105.0}, {"x": 207.0, "y": 2105.0}]}, "description": "AMERICAN EXPRESS"}, {"boundingPoly": {"vertices": [{"x": 203.0, "y": 2116.0}, {"x": 515.0, "y": 2116.0}, {"x": 514.0, "y": 2158.0}, {"x": 203.0, "y": 2156.0}]}, "description": "*********** 1006"}, {"boundingPoly": {"vertices": [{"x": 196.0, "y": 2164.0}, {"x": 446.0, "y": 2166.0}, {"x": 445.0, "y": 2215.0}, {"x": 196.0, "y": 2211.0}]}, "description": "CHIP READ /"}, {"boundingPoly": {"vertices": [{"x": 191.0, "y": 2269.0}, {"x": 591.0, "y": 2269.0}, {"x": 591.0, "y": 2321.0}, {"x": 191.0, "y": 2321.0}]}, "description": " 2019/11/22 09:07:08"}, {"boundingPoly": {"vertices": [{"x": 197.0, "y": 2321.0}, {"x": 252.0, "y": 2324.0}, {"x": 250.0, "y": 2372.0}, {"x": 194.0, "y": 2369.0}]}, "description": "TID"}, {"boundingPoly": {"vertices": [{"x": 180.0, "y": 2378.0}, {"x": 248.0, "y": 2378.0}, {"x": 246.0, "y": 2423.0}, {"x": 178.0, "y": 2423.0}]}, "description": "MID"}, {"boundingPoly": {"vertices": [{"x": 174.0, "y": 2430.0}, {"x": 370.0, "y": 2434.0}, {"x": 368.0, "y": 2483.0}, {"x": 173.0, "y": 2479.0}]}, "description": "REFERENCE"}, {"boundingPoly": {"vertices": [{"x": 177.0, "y": 2484.0}, {"x": 364.0, "y": 2491.0}, {"x": 362.0, "y": 2540.0}, {"x": 176.0, "y": 2533.0}]}, "description": "AUTH CODE"}, {"boundingPoly": {"vertices": [{"x": 857.0, "y": 2330.0}, {"x": 1030.0, "y": 2330.0}, {"x": 1030.0, "y": 2375.0}, {"x": 857.0, "y": 2374.0}]}, "description": "**** 6039"}, {"boundingPoly": {"vertices": [{"x": 879.0, "y": 2382.0}, {"x": 1027.0, "y": 2383.0}, {"x": 1026.0, "y": 2430.0}, {"x": 879.0, "y": 2430.0}]}, "description": "6634459"}, {"boundingPoly": {"vertices": [{"x": 489.0, "y": 2435.0}, {"x": 1027.0, "y": 2438.0}, {"x": 1027.0, "y": 2487.0}, {"x": 489.0, "y": 2484.0}]}, "description": "$1111T111105#52575@437167"}, {"boundingPoly": {"vertices": [{"x": 891.0, "y": 2496.0}, {"x": 1032.0, "y": 2496.0}, {"x": 1032.0, "y": 2542.0}, {"x": 891.0, "y": 2542.0}]}, "description": "831146"}, {"boundingPoly": {"vertices": [{"x": 166.0, "y": 2597.0}, {"x": 270.0, "y": 2602.0}, {"x": 269.0, "y": 2650.0}, {"x": 164.0, "y": 2645.0}]}, "description": "TOTAL"}, {"boundingPoly": {"vertices": [{"x": 843.0, "y": 2609.0}, {"x": 1029.0, "y": 2610.0}, {"x": 1029.0, "y": 2661.0}, {"x": 843.0, "y": 2660.0}]}, "description": "USD11.24"}, {"boundingPoly": {"vertices": [{"x": 171.0, "y": 2711.0}, {"x": 247.0, "y": 2715.0}, {"x": 244.0, "y": 2756.0}, {"x": 167.0, "y": 2753.0}]}, "description": "ARC ."}, {"boundingPoly": {"vertices": [{"x": 262.0, "y": 2714.0}, {"x": 322.0, "y": 2724.0}, {"x": 318.0, "y": 2761.0}, {"x": 258.0, "y": 2751.0}]}, "description": "00"}, {"boundingPoly": {"vertices": [{"x": 355.0, "y": 2726.0}, {"x": 864.0, "y": 2744.0}, {"x": 862.0, "y": 2801.0}, {"x": 353.0, "y": 2783.0}]}, "description": "REDMI NOTE 5 PRO"}, {"boundingPoly": {"vertices": [{"x": 247.0, "y": 2827.0}, {"x": 567.0, "y": 2827.0}, {"x": 567.0, "y": 2889.0}, {"x": 247.0, "y": 2889.0}]}, "description": " 0660010360A002"}, {"boundingPoly": {"vertices": [{"x": 348.0, "y": 2794.0}, {"x": 819.0, "y": 2812.0}, {"x": 816.0, "y": 2869.0}, {"x": 346.0, "y": 2853.0}]}, "description": "MI DUAL CAMERA"}, {"boundingPoly": {"vertices": [{"x": 247.0, "y": 2884.0}, {"x": 475.0, "y": 2884.0}, {"x": 475.0, "y": 2944.0}, {"x": 247.0, "y": 2944.0}]}, "description": " 0000008000"}, {"boundingPoly": {"vertices": [{"x": 157.0, "y": 2822.0}, {"x": 239.0, "y": 2822.0}, {"x": 239.0, "y": 2875.0}, {"x": 157.0, "y": 2875.0}]}, "description": " IAD:"}, {"boundingPoly": {"vertices": [{"x": 148.0, "y": 2882.0}, {"x": 239.0, "y": 2882.0}, {"x": 239.0, "y": 2932.0}, {"x": 148.0, "y": 2932.0}]}, "description": " TVR:"}]}