{"textAnnotations": [{"boundingPoly": {"vertices": [{"x": 14.0, "y": 39.0}, {"x": 47.0, "y": 39.0}, {"x": 47.0, "y": 51.0}, {"x": 14.0, "y": 51.0}]}, "description": " 1.11"}, {"boundingPoly": {"vertices": [{"x": 12.0, "y": 53.0}, {"x": 162.0, "y": 51.0}, {"x": 163.0, "y": 68.0}, {"x": 12.0, "y": 70.0}]}, "description": "PHX Lunch Weighed La"}, {"boundingPoly": {"vertices": [{"x": 11.0, "y": 73.0}, {"x": 96.0, "y": 71.0}, {"x": 97.0, "y": 89.0}, {"x": 12.0, "y": 91.0}]}, "description": "Minute Maid"}, {"boundingPoly": {"vertices": [{"x": 50.0, "y": 38.0}, {"x": 156.0, "y": 38.0}, {"x": 156.0, "y": 52.0}, {"x": 50.0, "y": 52.0}]}, "description": " Tb x $ 6.68/1b"}, {"boundingPoly": {"vertices": [{"x": 293.0, "y": 29.0}, {"x": 317.0, "y": 28.0}, {"x": 317.0, "y": 40.0}, {"x": 294.0, "y": 41.0}]}, "description": "USD"}, {"boundingPoly": {"vertices": [{"x": 289.0, "y": 54.0}, {"x": 319.0, "y": 54.0}, {"x": 319.0, "y": 66.0}, {"x": 289.0, "y": 66.0}]}, "description": "7.64"}, {"boundingPoly": {"vertices": [{"x": 289.0, "y": 67.0}, {"x": 322.0, "y": 66.0}, {"x": 322.0, "y": 82.0}, {"x": 289.0, "y": 83.0}]}, "description": "1.93"}, {"boundingPoly": {"vertices": [{"x": 182.0, "y": 109.0}, {"x": 209.0, "y": 109.0}, {"x": 209.0, "y": 126.0}, {"x": 182.0, "y": 126.0}]}, "description": " Sub"}, {"boundingPoly": {"vertices": [{"x": 184.0, "y": 129.0}, {"x": 208.0, "y": 129.0}, {"x": 208.0, "y": 146.0}, {"x": 184.0, "y": 146.0}]}, "description": " Tax"}, {"boundingPoly": {"vertices": [{"x": 212.0, "y": 108.0}, {"x": 251.0, "y": 108.0}, {"x": 251.0, "y": 125.0}, {"x": 212.0, "y": 125.0}]}, "description": " Total"}, {"boundingPoly": {"vertices": [{"x": 211.0, "y": 128.0}, {"x": 261.0, "y": 128.0}, {"x": 261.0, "y": 146.0}, {"x": 211.0, "y": 146.0}]}, "description": " Amount"}, {"boundingPoly": {"vertices": [{"x": 287.0, "y": 106.0}, {"x": 321.0, "y": 108.0}, {"x": 320.0, "y": 124.0}, {"x": 287.0, "y": 124.0}]}, "description": "9.57"}, {"boundingPoly": {"vertices": [{"x": 287.0, "y": 126.0}, {"x": 319.0, "y": 127.0}, {"x": 318.0, "y": 144.0}, {"x": 287.0, "y": 143.0}]}, "description": "0.82"}, {"boundingPoly": {"vertices": [{"x": 8.0, "y": 188.0}, {"x": 84.0, "y": 188.0}, {"x": 84.0, "y": 220.0}, {"x": 8.0, "y": 220.0}]}, "description": " Total"}, {"boundingPoly": {"vertices": [{"x": 90.0, "y": 188.0}, {"x": 141.0, "y": 188.0}, {"x": 141.0, "y": 218.0}, {"x": 90.0, "y": 218.0}]}, "description": " USD"}, {"boundingPoly": {"vertices": [{"x": 245.0, "y": 186.0}, {"x": 319.0, "y": 186.0}, {"x": 318.0, "y": 214.0}, {"x": 245.0, "y": 214.0}]}, "description": "10.39"}, {"boundingPoly": {"vertices": [{"x": 10.0, "y": 276.0}, {"x": 163.0, "y": 275.0}, {"x": 163.0, "y": 293.0}, {"x": 10.0, "y": 293.0}]}, "description": "5009 AMERICAN EXPRESS"}, {"boundingPoly": {"vertices": [{"x": 279.0, "y": 275.0}, {"x": 317.0, "y": 275.0}, {"x": 317.0, "y": 291.0}, {"x": 279.0, "y": 291.0}]}, "description": "10.39"}, {"boundingPoly": {"vertices": [{"x": 10.0, "y": 330.0}, {"x": 34.0, "y": 329.0}, {"x": 34.0, "y": 345.0}, {"x": 11.0, "y": 345.0}]}, "description": "Tax"}, {"boundingPoly": {"vertices": [{"x": 11.0, "y": 347.0}, {"x": 62.0, "y": 346.0}, {"x": 62.0, "y": 363.0}, {"x": 11.0, "y": 364.0}]}, "description": "() 8.60"}, {"boundingPoly": {"vertices": [{"x": 125.0, "y": 330.0}, {"x": 265.0, "y": 330.0}, {"x": 265.0, "y": 348.0}, {"x": 125.0, "y": 348.0}]}, "description": " Taxable Amount Tax"}, {"boundingPoly": {"vertices": [{"x": 197.0, "y": 349.0}, {"x": 228.0, "y": 350.0}, {"x": 228.0, "y": 365.0}, {"x": 198.0, "y": 365.0}]}, "description": "9.57"}, {"boundingPoly": {"vertices": [{"x": 268.0, "y": 330.0}, {"x": 315.0, "y": 330.0}, {"x": 315.0, "y": 347.0}, {"x": 268.0, "y": 347.0}]}, "description": " Amount"}, {"boundingPoly": {"vertices": [{"x": 284.0, "y": 348.0}, {"x": 316.0, "y": 348.0}, {"x": 316.0, "y": 364.0}, {"x": 284.0, "y": 364.0}]}, "description": "0.82"}, {"boundingPoly": {"vertices": [{"x": 11.0, "y": 400.0}, {"x": 317.0, "y": 400.0}, {"x": 317.0, "y": 420.0}, {"x": 11.0, "y": 420.0}]}, "description": " 10/23/2019 11:40 AM #:41979 Op:8991 C:112"}, {"boundingPoly": {"vertices": [{"x": 11.0, "y": 419.0}, {"x": 85.0, "y": 419.0}, {"x": 85.0, "y": 436.0}, {"x": 11.0, "y": 436.0}]}, "description": " 201 S:1122"}, {"boundingPoly": {"vertices": [{"x": 10.0, "y": 438.0}, {"x": 86.0, "y": 438.0}, {"x": 86.0, "y": 455.0}, {"x": 10.0, "y": 455.0}]}, "description": " Served you"}, {"boundingPoly": {"vertices": [{"x": 89.0, "y": 439.0}, {"x": 215.0, "y": 439.0}, {"x": 215.0, "y": 457.0}, {"x": 89.0, "y": 457.0}]}, "description": " : Cassandra Monje"}, {"boundingPoly": {"vertices": [{"x": 75.0, "y": 511.0}, {"x": 229.0, "y": 513.0}, {"x": 229.0, "y": 529.0}, {"x": 75.0, "y": 526.0}]}, "description": "*** Customer copy ***"}, {"boundingPoly": {"vertices": [{"x": 104.0, "y": 547.0}, {"x": 197.0, "y": 547.0}, {"x": 197.0, "y": 563.0}, {"x": 104.0, "y": 562.0}]}, "description": "AMEX AEDR (2)"}, {"boundingPoly": {"vertices": [{"x": 19.0, "y": 563.0}, {"x": 286.0, "y": 566.0}, {"x": 286.0, "y": 582.0}, {"x": 19.0, "y": 580.0}]}, "description": "I agree to pay the above total amount"}, {"boundingPoly": {"vertices": [{"x": 68.0, "y": 582.0}, {"x": 242.0, "y": 583.0}, {"x": 242.0, "y": 599.0}, {"x": 68.0, "y": 598.0}]}, "description": "according to card issuer"}, {"boundingPoly": {"vertices": [{"x": 11.0, "y": 599.0}, {"x": 294.0, "y": 601.0}, {"x": 294.0, "y": 618.0}, {"x": 11.0, "y": 615.0}]}, "description": "agreement. (Merchant agreement if Credit"}, {"boundingPoly": {"vertices": [{"x": 34.0, "y": 617.0}, {"x": 272.0, "y": 620.0}, {"x": 272.0, "y": 637.0}, {"x": 33.0, "y": 632.0}]}, "description": "Voucher)Retain this copy for your"}, {"boundingPoly": {"vertices": [{"x": 124.0, "y": 637.0}, {"x": 184.0, "y": 637.0}, {"x": 184.0, "y": 652.0}, {"x": 124.0, "y": 652.0}]}, "description": "records."}, {"boundingPoly": {"vertices": [{"x": 10.0, "y": 669.0}, {"x": 148.0, "y": 671.0}, {"x": 147.0, "y": 687.0}, {"x": 10.0, "y": 685.0}]}, "description": "PURCHASE / APPROVED"}, {"boundingPoly": {"vertices": [{"x": 10.0, "y": 688.0}, {"x": 127.0, "y": 689.0}, {"x": 126.0, "y": 705.0}, {"x": 10.0, "y": 703.0}]}, "description": "AMERICAN EXPRESS"}, {"boundingPoly": {"vertices": [{"x": 10.0, "y": 707.0}, {"x": 119.0, "y": 707.0}, {"x": 119.0, "y": 723.0}, {"x": 10.0, "y": 721.0}]}, "description": "*********** 1007"}, {"boundingPoly": {"vertices": [{"x": 9.0, "y": 723.0}, {"x": 92.0, "y": 724.0}, {"x": 92.0, "y": 741.0}, {"x": 9.0, "y": 739.0}]}, "description": "CHIP READ /"}, {"boundingPoly": {"vertices": [{"x": 8.0, "y": 759.0}, {"x": 146.0, "y": 759.0}, {"x": 146.0, "y": 779.0}, {"x": 8.0, "y": 779.0}]}, "description": " 2019/10/23 12:40:51"}, {"boundingPoly": {"vertices": [{"x": 11.0, "y": 778.0}, {"x": 33.0, "y": 778.0}, {"x": 32.0, "y": 794.0}, {"x": 11.0, "y": 794.0}]}, "description": "TID"}, {"boundingPoly": {"vertices": [{"x": 9.0, "y": 797.0}, {"x": 34.0, "y": 796.0}, {"x": 34.0, "y": 812.0}, {"x": 9.0, "y": 812.0}]}, "description": "MID"}, {"boundingPoly": {"vertices": [{"x": 9.0, "y": 815.0}, {"x": 76.0, "y": 815.0}, {"x": 76.0, "y": 831.0}, {"x": 9.0, "y": 831.0}]}, "description": "REFERENCE"}, {"boundingPoly": {"vertices": [{"x": 7.0, "y": 834.0}, {"x": 77.0, "y": 834.0}, {"x": 77.0, "y": 850.0}, {"x": 7.0, "y": 849.0}]}, "description": "AUTH CODE"}, {"boundingPoly": {"vertices": [{"x": 240.0, "y": 783.0}, {"x": 301.0, "y": 784.0}, {"x": 301.0, "y": 799.0}, {"x": 240.0, "y": 798.0}]}, "description": "**** 6047"}, {"boundingPoly": {"vertices": [{"x": 248.0, "y": 800.0}, {"x": 301.0, "y": 801.0}, {"x": 301.0, "y": 817.0}, {"x": 248.0, "y": 816.0}]}, "description": "6634460"}, {"boundingPoly": {"vertices": [{"x": 117.0, "y": 815.0}, {"x": 302.0, "y": 818.0}, {"x": 301.0, "y": 835.0}, {"x": 117.0, "y": 832.0}]}, "description": "S1122T112201#41979@071455"}, {"boundingPoly": {"vertices": [{"x": 256.0, "y": 836.0}, {"x": 301.0, "y": 837.0}, {"x": 301.0, "y": 852.0}, {"x": 256.0, "y": 852.0}]}, "description": "822095"}, {"boundingPoly": {"vertices": [{"x": 9.0, "y": 871.0}, {"x": 45.0, "y": 871.0}, {"x": 45.0, "y": 887.0}, {"x": 9.0, "y": 887.0}]}, "description": "TOTAL"}, {"boundingPoly": {"vertices": [{"x": 241.0, "y": 872.0}, {"x": 301.0, "y": 872.0}, {"x": 301.0, "y": 888.0}, {"x": 240.0, "y": 888.0}]}, "description": "USD10.39"}, {"boundingPoly": {"vertices": [{"x": 8.0, "y": 909.0}, {"x": 40.0, "y": 909.0}, {"x": 40.0, "y": 925.0}, {"x": 8.0, "y": 925.0}]}, "description": " ARC:"}, {"boundingPoly": {"vertices": [{"x": 7.0, "y": 927.0}, {"x": 40.0, "y": 927.0}, {"x": 40.0, "y": 943.0}, {"x": 7.0, "y": 943.0}]}, "description": " TSI:"}, {"boundingPoly": {"vertices": [{"x": 7.0, "y": 946.0}, {"x": 40.0, "y": 946.0}, {"x": 40.0, "y": 962.0}, {"x": 7.0, "y": 962.0}]}, "description": " IAD:"}, {"boundingPoly": {"vertices": [{"x": 6.0, "y": 964.0}, {"x": 40.0, "y": 964.0}, {"x": 40.0, "y": 980.0}, {"x": 6.0, "y": 980.0}]}, "description": " TVR:"}, {"boundingPoly": {"vertices": [{"x": 6.0, "y": 982.0}, {"x": 40.0, "y": 982.0}, {"x": 40.0, "y": 998.0}, {"x": 6.0, "y": 998.0}]}, "description": " AID:"}, {"boundingPoly": {"vertices": [{"x": 5.0, "y": 999.0}, {"x": 95.0, "y": 999.0}, {"x": 95.0, "y": 1017.0}, {"x": 5.0, "y": 1017.0}]}, "description": " PAN Seq No:"}, {"boundingPoly": {"vertices": [{"x": 43.0, "y": 909.0}, {"x": 62.0, "y": 909.0}, {"x": 62.0, "y": 925.0}, {"x": 43.0, "y": 925.0}]}, "description": " 00"}, {"boundingPoly": {"vertices": [{"x": 43.0, "y": 928.0}, {"x": 77.0, "y": 928.0}, {"x": 77.0, "y": 943.0}, {"x": 43.0, "y": 943.0}]}, "description": " F800"}, {"boundingPoly": {"vertices": [{"x": 42.0, "y": 946.0}, {"x": 153.0, "y": 946.0}, {"x": 153.0, "y": 963.0}, {"x": 42.0, "y": 963.0}]}, "description": " 06600103602002"}, {"boundingPoly": {"vertices": [{"x": 43.0, "y": 964.0}, {"x": 124.0, "y": 964.0}, {"x": 124.0, "y": 980.0}, {"x": 43.0, "y": 980.0}]}, "description": " 0000008000"}, {"boundingPoly": {"vertices": [{"x": 43.0, "y": 982.0}, {"x": 169.0, "y": 982.0}, {"x": 169.0, "y": 999.0}, {"x": 43.0, "y": 999.0}]}, "description": " A000000025010801"}, {"boundingPoly": {"vertices": [{"x": 98.0, "y": 1001.0}, {"x": 118.0, "y": 1001.0}, {"x": 118.0, "y": 1017.0}, {"x": 98.0, "y": 1017.0}]}, "description": " 00"}]}