{"textAnnotations": [{"boundingPoly": {"vertices": [{"x": 81.0, "y": 82.0}, {"x": 302.0, "y": 71.0}, {"x": 303.0, "y": 94.0}, {"x": 81.0, "y": 105.0}]}, "description": "merchant name"}, {"boundingPoly": {"vertices": [{"x": 72.0, "y": 129.0}, {"x": 314.0, "y": 116.0}, {"x": 315.0, "y": 133.0}, {"x": 73.0, "y": 146.0}]}, "description": "merchant address"}, {"boundingPoly": {"vertices": [{"x": 147.0, "y": 168.0}, {"x": 245.0, "y": 164.0}, {"x": 246.0, "y": 183.0}, {"x": 147.0, "y": 187.0}]}, "description": "CHK 655751"}, {"boundingPoly": {"vertices": [{"x": 102.0, "y": 186.0}, {"x": 286.0, "y": 186.0}, {"x": 286.0, "y": 212.0}, {"x": 102.0, "y": 212.0}]}, "description": " 11/03/2019 06:52 PM"}, {"boundingPoly": {"vertices": [{"x": 154.0, "y": 212.0}, {"x": 233.0, "y": 212.0}, {"x": 233.0, "y": 233.0}, {"x": 154.0, "y": 233.0}]}, "description": " Drawer:"}, {"boundingPoly": {"vertices": [{"x": 148.0, "y": 103.0}, {"x": 246.0, "y": 99.0}, {"x": 246.0, "y": 116.0}, {"x": 149.0, "y": 120.0}]}, "description": "merchant address"}, {"boundingPoly": {"vertices": [{"x": 61.0, "y": 214.0}, {"x": 132.0, "y": 213.0}, {"x": 132.0, "y": 233.0}, {"x": 61.0, "y": 234.0}]}, "description": "2503030"}, {"boundingPoly": {"vertices": [{"x": 236.0, "y": 209.0}, {"x": 310.0, "y": 209.0}, {"x": 310.0, "y": 231.0}, {"x": 236.0, "y": 231.0}]}, "description": " 1 Reg:"}, {"boundingPoly": {"vertices": [{"x": 314.0, "y": 208.0}, {"x": 328.0, "y": 208.0}, {"x": 328.0, "y": 229.0}, {"x": 314.0, "y": 229.0}]}, "description": " 2"}, {"boundingPoly": {"vertices": [{"x": 30.0, "y": 260.0}, {"x": 188.0, "y": 259.0}, {"x": 188.0, "y": 279.0}, {"x": 30.0, "y": 281.0}]}, "description": "Biscotti Vanilla"}, {"boundingPoly": {"vertices": [{"x": 28.0, "y": 282.0}, {"x": 208.0, "y": 281.0}, {"x": 208.0, "y": 304.0}, {"x": 28.0, "y": 305.0}]}, "description": "Choc Chip Pbtr Bar"}, {"boundingPoly": {"vertices": [{"x": 28.0, "y": 306.0}, {"x": 149.0, "y": 306.0}, {"x": 148.0, "y": 327.0}, {"x": 28.0, "y": 327.0}]}, "description": "Sqrl Almonds"}, {"boundingPoly": {"vertices": [{"x": 27.0, "y": 329.0}, {"x": 198.0, "y": 329.0}, {"x": 198.0, "y": 353.0}, {"x": 27.0, "y": 353.0}]}, "description": "Apple Bluebry Bar"}, {"boundingPoly": {"vertices": [{"x": 29.0, "y": 355.0}, {"x": 158.0, "y": 355.0}, {"x": 158.0, "y": 377.0}, {"x": 29.0, "y": 376.0}]}, "description": "Gr Cappuccino"}, {"boundingPoly": {"vertices": [{"x": 50.0, "y": 380.0}, {"x": 129.0, "y": 379.0}, {"x": 130.0, "y": 400.0}, {"x": 50.0, "y": 401.0}]}, "description": "Hazelnut"}, {"boundingPoly": {"vertices": [{"x": 308.0, "y": 257.0}, {"x": 348.0, "y": 256.0}, {"x": 348.0, "y": 275.0}, {"x": 308.0, "y": 276.0}]}, "description": "1.95"}, {"boundingPoly": {"vertices": [{"x": 306.0, "y": 280.0}, {"x": 350.0, "y": 280.0}, {"x": 349.0, "y": 300.0}, {"x": 306.0, "y": 301.0}]}, "description": "3.45"}, {"boundingPoly": {"vertices": [{"x": 306.0, "y": 303.0}, {"x": 349.0, "y": 303.0}, {"x": 349.0, "y": 325.0}, {"x": 306.0, "y": 326.0}]}, "description": "2.25"}, {"boundingPoly": {"vertices": [{"x": 310.0, "y": 329.0}, {"x": 349.0, "y": 328.0}, {"x": 350.0, "y": 351.0}, {"x": 311.0, "y": 352.0}]}, "description": "1.95"}, {"boundingPoly": {"vertices": [{"x": 309.0, "y": 355.0}, {"x": 352.0, "y": 355.0}, {"x": 353.0, "y": 375.0}, {"x": 309.0, "y": 375.0}]}, "description": "4.65"}, {"boundingPoly": {"vertices": [{"x": 308.0, "y": 380.0}, {"x": 351.0, "y": 380.0}, {"x": 352.0, "y": 400.0}, {"x": 308.0, "y": 400.0}]}, "description": "0.50"}, {"boundingPoly": {"vertices": [{"x": 33.0, "y": 431.0}, {"x": 76.0, "y": 431.0}, {"x": 76.0, "y": 449.0}, {"x": 34.0, "y": 449.0}]}, "description": "Amex"}, {"boundingPoly": {"vertices": [{"x": 34.0, "y": 455.0}, {"x": 192.0, "y": 455.0}, {"x": 192.0, "y": 475.0}, {"x": 34.0, "y": 475.0}]}, "description": "XXXXXXXXXXXX5002"}, {"boundingPoly": {"vertices": [{"x": 36.0, "y": 479.0}, {"x": 146.0, "y": 479.0}, {"x": 146.0, "y": 501.0}, {"x": 36.0, "y": 501.0}]}, "description": " Card Entry:"}, {"boundingPoly": {"vertices": [{"x": 38.0, "y": 503.0}, {"x": 146.0, "y": 503.0}, {"x": 146.0, "y": 527.0}, {"x": 38.0, "y": 527.0}]}, "description": " Trans Type:"}, {"boundingPoly": {"vertices": [{"x": 40.0, "y": 527.0}, {"x": 159.0, "y": 527.0}, {"x": 159.0, "y": 548.0}, {"x": 40.0, "y": 548.0}]}, "description": " Reference #:"}, {"boundingPoly": {"vertices": [{"x": 42.0, "y": 550.0}, {"x": 141.0, "y": 550.0}, {"x": 141.0, "y": 570.0}, {"x": 42.0, "y": 570.0}]}, "description": " App Label:"}, {"boundingPoly": {"vertices": [{"x": 44.0, "y": 571.0}, {"x": 114.0, "y": 571.0}, {"x": 114.0, "y": 592.0}, {"x": 44.0, "y": 592.0}]}, "description": " Auth #:"}, {"boundingPoly": {"vertices": [{"x": 45.0, "y": 595.0}, {"x": 87.0, "y": 595.0}, {"x": 87.0, "y": 615.0}, {"x": 45.0, "y": 615.0}]}, "description": " AID:"}, {"boundingPoly": {"vertices": [{"x": 47.0, "y": 618.0}, {"x": 88.0, "y": 618.0}, {"x": 88.0, "y": 638.0}, {"x": 47.0, "y": 638.0}]}, "description": " TVR:"}, {"boundingPoly": {"vertices": [{"x": 48.0, "y": 641.0}, {"x": 90.0, "y": 641.0}, {"x": 90.0, "y": 660.0}, {"x": 48.0, "y": 660.0}]}, "description": " TSI:"}, {"boundingPoly": {"vertices": [{"x": 301.0, "y": 428.0}, {"x": 350.0, "y": 429.0}, {"x": 350.0, "y": 452.0}, {"x": 301.0, "y": 451.0}]}, "description": "15.21"}, {"boundingPoly": {"vertices": [{"x": 150.0, "y": 480.0}, {"x": 254.0, "y": 480.0}, {"x": 254.0, "y": 501.0}, {"x": 150.0, "y": 501.0}]}, "description": " QUICK CHIP"}, {"boundingPoly": {"vertices": [{"x": 151.0, "y": 503.0}, {"x": 234.0, "y": 503.0}, {"x": 234.0, "y": 527.0}, {"x": 151.0, "y": 527.0}]}, "description": " PURCHASE"}, {"boundingPoly": {"vertices": [{"x": 163.0, "y": 529.0}, {"x": 244.0, "y": 529.0}, {"x": 244.0, "y": 548.0}, {"x": 163.0, "y": 548.0}]}, "description": " 00000137"}, {"boundingPoly": {"vertices": [{"x": 144.0, "y": 551.0}, {"x": 305.0, "y": 551.0}, {"x": 305.0, "y": 573.0}, {"x": 144.0, "y": 573.0}]}, "description": " AMERICAN EXPRESS"}, {"boundingPoly": {"vertices": [{"x": 118.0, "y": 573.0}, {"x": 179.0, "y": 573.0}, {"x": 179.0, "y": 594.0}, {"x": 118.0, "y": 594.0}]}, "description": " 885039"}, {"boundingPoly": {"vertices": [{"x": 90.0, "y": 596.0}, {"x": 246.0, "y": 596.0}, {"x": 246.0, "y": 620.0}, {"x": 90.0, "y": 620.0}]}, "description": " A000000025010801"}, {"boundingPoly": {"vertices": [{"x": 91.0, "y": 619.0}, {"x": 191.0, "y": 619.0}, {"x": 191.0, "y": 641.0}, {"x": 91.0, "y": 641.0}]}, "description": " 0000008000"}, {"boundingPoly": {"vertices": [{"x": 93.0, "y": 642.0}, {"x": 135.0, "y": 642.0}, {"x": 135.0, "y": 661.0}, {"x": 93.0, "y": 661.0}]}, "description": " E800"}, {"boundingPoly": {"vertices": [{"x": 44.0, "y": 681.0}, {"x": 121.0, "y": 685.0}, {"x": 120.0, "y": 704.0}, {"x": 43.0, "y": 700.0}]}, "description": "Subtotal"}, {"boundingPoly": {"vertices": [{"x": 42.0, "y": 705.0}, {"x": 140.0, "y": 709.0}, {"x": 139.0, "y": 729.0}, {"x": 42.0, "y": 723.0}]}, "description": "Tax 8.875%"}, {"boundingPoly": {"vertices": [{"x": 285.0, "y": 695.0}, {"x": 348.0, "y": 697.0}, {"x": 347.0, "y": 717.0}, {"x": 284.0, "y": 715.0}]}, "description": "$14.75"}, {"boundingPoly": {"vertices": [{"x": 297.0, "y": 719.0}, {"x": 348.0, "y": 721.0}, {"x": 347.0, "y": 741.0}, {"x": 296.0, "y": 739.0}]}, "description": "$0.46"}, {"boundingPoly": {"vertices": [{"x": 285.0, "y": 743.0}, {"x": 349.0, "y": 745.0}, {"x": 348.0, "y": 767.0}, {"x": 285.0, "y": 764.0}]}, "description": "$15.21"}, {"boundingPoly": {"vertices": [{"x": 308.0, "y": 770.0}, {"x": 415.0, "y": 774.0}, {"x": 413.0, "y": 799.0}, {"x": 307.0, "y": 794.0}]}, "description": "$0.00"}, {"boundingPoly": {"vertices": [{"x": 41.0, "y": 726.0}, {"x": 90.0, "y": 729.0}, {"x": 88.0, "y": 751.0}, {"x": 39.0, "y": 748.0}]}, "description": "Total"}, {"boundingPoly": {"vertices": [{"x": 27.0, "y": 751.0}, {"x": 207.0, "y": 762.0}, {"x": 206.0, "y": 787.0}, {"x": 26.0, "y": 776.0}]}, "description": "hange Due"}, {"boundingPoly": {"vertices": [{"x": 124.0, "y": 811.0}, {"x": 250.0, "y": 818.0}, {"x": 249.0, "y": 841.0}, {"x": 123.0, "y": 833.0}]}, "description": "Check Closed"}, {"boundingPoly": {"vertices": [{"x": 105.0, "y": 837.0}, {"x": 304.0, "y": 837.0}, {"x": 304.0, "y": 876.0}, {"x": 105.0, "y": 876.0}]}, "description": " 11/03/2019 06:52 PM"}]}