{"textAnnotations": [{"boundingPoly": {"vertices": [{"x": 293.0, "y": 215.0}, {"x": 369.0, "y": 215.0}, {"x": 370.0, "y": 239.0}, {"x": 293.0, "y": 240.0}]}, "description": "merchant name"}, {"boundingPoly": {"vertices": [{"x": 225.0, "y": 245.0}, {"x": 435.0, "y": 242.0}, {"x": 435.0, "y": 266.0}, {"x": 225.0, "y": 270.0}]}, "description": "merchant address"}, {"boundingPoly": {"vertices": [{"x": 214.0, "y": 273.0}, {"x": 449.0, "y": 269.0}, {"x": 449.0, "y": 296.0}, {"x": 214.0, "y": 299.0}]}, "description": "merchant address"}, {"boundingPoly": {"vertices": [{"x": 57.0, "y": 333.0}, {"x": 154.0, "y": 333.0}, {"x": 154.0, "y": 361.0}, {"x": 57.0, "y": 361.0}]}, "description": " Server:"}, {"boundingPoly": {"vertices": [{"x": 54.0, "y": 362.0}, {"x": 163.0, "y": 362.0}, {"x": 163.0, "y": 390.0}, {"x": 54.0, "y": 390.0}]}, "description": " 02:01 PM"}, {"boundingPoly": {"vertices": [{"x": 51.0, "y": 392.0}, {"x": 187.0, "y": 390.0}, {"x": 187.0, "y": 418.0}, {"x": 51.0, "y": 419.0}]}, "description": "Table 52/1"}, {"boundingPoly": {"vertices": [{"x": 159.0, "y": 333.0}, {"x": 242.0, "y": 333.0}, {"x": 242.0, "y": 359.0}, {"x": 159.0, "y": 359.0}]}, "description": " Ashley"}, {"boundingPoly": {"vertices": [{"x": 407.0, "y": 330.0}, {"x": 468.0, "y": 330.0}, {"x": 468.0, "y": 357.0}, {"x": 407.0, "y": 357.0}]}, "description": " DOB:"}, {"boundingPoly": {"vertices": [{"x": 472.0, "y": 330.0}, {"x": 601.0, "y": 330.0}, {"x": 601.0, "y": 358.0}, {"x": 472.0, "y": 358.0}]}, "description": " 11/06/2019"}, {"boundingPoly": {"vertices": [{"x": 474.0, "y": 360.0}, {"x": 602.0, "y": 361.0}, {"x": 602.0, "y": 388.0}, {"x": 474.0, "y": 387.0}]}, "description": "11/06/2019"}, {"boundingPoly": {"vertices": [{"x": 511.0, "y": 392.0}, {"x": 603.0, "y": 391.0}, {"x": 603.0, "y": 418.0}, {"x": 511.0, "y": 419.0}]}, "description": "4/40026"}, {"boundingPoly": {"vertices": [{"x": 304.0, "y": 453.0}, {"x": 361.0, "y": 452.0}, {"x": 360.0, "y": 480.0}, {"x": 304.0, "y": 480.0}]}, "description": "SALE"}, {"boundingPoly": {"vertices": [{"x": 44.0, "y": 520.0}, {"x": 102.0, "y": 520.0}, {"x": 101.0, "y": 547.0}, {"x": 44.0, "y": 547.0}]}, "description": "AMEX"}, {"boundingPoly": {"vertices": [{"x": 40.0, "y": 553.0}, {"x": 336.0, "y": 549.0}, {"x": 336.0, "y": 577.0}, {"x": 40.0, "y": 581.0}]}, "description": "Card #XXXXXXXXXXX1004"}, {"boundingPoly": {"vertices": [{"x": 41.0, "y": 584.0}, {"x": 352.0, "y": 584.0}, {"x": 352.0, "y": 617.0}, {"x": 41.0, "y": 617.0}]}, "description": " Magnetic card present:"}, {"boundingPoly": {"vertices": [{"x": 505.0, "y": 517.0}, {"x": 608.0, "y": 516.0}, {"x": 608.0, "y": 543.0}, {"x": 505.0, "y": 544.0}]}, "description": "13631505"}, {"boundingPoly": {"vertices": [{"x": 38.0, "y": 649.0}, {"x": 309.0, "y": 649.0}, {"x": 309.0, "y": 686.0}, {"x": 38.0, "y": 686.0}]}, "description": " Card Entry Method:"}, {"boundingPoly": {"vertices": [{"x": 315.0, "y": 649.0}, {"x": 339.0, "y": 649.0}, {"x": 339.0, "y": 680.0}, {"x": 315.0, "y": 680.0}]}, "description": " S"}, {"boundingPoly": {"vertices": [{"x": 33.0, "y": 721.0}, {"x": 167.0, "y": 721.0}, {"x": 167.0, "y": 756.0}, {"x": 33.0, "y": 756.0}]}, "description": " Approval:"}, {"boundingPoly": {"vertices": [{"x": 173.0, "y": 718.0}, {"x": 264.0, "y": 718.0}, {"x": 264.0, "y": 752.0}, {"x": 173.0, "y": 752.0}]}, "description": " 509491"}, {"boundingPoly": {"vertices": [{"x": 319.0, "y": 787.0}, {"x": 398.0, "y": 787.0}, {"x": 398.0, "y": 817.0}, {"x": 319.0, "y": 817.0}]}, "description": " Amount"}, {"boundingPoly": {"vertices": [{"x": 402.0, "y": 787.0}, {"x": 418.0, "y": 787.0}, {"x": 418.0, "y": 815.0}, {"x": 402.0, "y": 815.0}]}, "description": " :"}, {"boundingPoly": {"vertices": [{"x": 539.0, "y": 780.0}, {"x": 624.0, "y": 778.0}, {"x": 626.0, "y": 807.0}, {"x": 540.0, "y": 811.0}]}, "description": "$72.95"}, {"boundingPoly": {"vertices": [{"x": 543.0, "y": 827.0}, {"x": 652.0, "y": 816.0}, {"x": 656.0, "y": 853.0}, {"x": 548.0, "y": 866.0}]}, "description": "10.00"}, {"boundingPoly": {"vertices": [{"x": 536.0, "y": 868.0}, {"x": 666.0, "y": 868.0}, {"x": 666.0, "y": 943.0}, {"x": 536.0, "y": 943.0}]}, "description": " 82/ 9:5"}, {"boundingPoly": {"vertices": [{"x": 258.0, "y": 859.0}, {"x": 417.0, "y": 859.0}, {"x": 417.0, "y": 892.0}, {"x": 258.0, "y": 892.0}]}, "description": " + Gratuity:"}, {"boundingPoly": {"vertices": [{"x": 301.0, "y": 931.0}, {"x": 420.0, "y": 931.0}, {"x": 420.0, "y": 965.0}, {"x": 301.0, "y": 965.0}]}, "description": " = Total:"}, {"boundingPoly": {"vertices": [{"x": 147.0, "y": 1059.0}, {"x": 513.0, "y": 1040.0}, {"x": 515.0, "y": 1074.0}, {"x": 147.0, "y": 1095.0}]}, "description": "I agree to pay the above"}, {"boundingPoly": {"vertices": [{"x": 209.0, "y": 1129.0}, {"x": 488.0, "y": 1125.0}, {"x": 489.0, "y": 1152.0}, {"x": 210.0, "y": 1154.0}]}, "description": "Miacuor agreement"}, {"boundingPoly": {"vertices": [{"x": 100.0, "y": 1103.0}, {"x": 544.0, "y": 1078.0}, {"x": 546.0, "y": 1114.0}, {"x": 102.0, "y": 1139.0}]}, "description": "total amount according to the"}]}