{"textAnnotations": [{"boundingPoly": {"vertices": [{"x": 229.0, "y": 369.0}, {"x": 467.0, "y": 369.0}, {"x": 467.0, "y": 431.0}, {"x": 229.0, "y": 431.0}]}, "description": " EMPRESA:"}, {"boundingPoly": {"vertices": [{"x": 221.0, "y": 438.0}, {"x": 473.0, "y": 438.0}, {"x": 473.0, "y": 500.0}, {"x": 221.0, "y": 500.0}]}, "description": " OPERAD .:"}, {"boundingPoly": {"vertices": [{"x": 229.0, "y": 511.0}, {"x": 398.0, "y": 511.0}, {"x": 398.0, "y": 569.0}, {"x": 229.0, "y": 569.0}]}, "description": " FECHA"}, {"boundingPoly": {"vertices": [{"x": 478.0, "y": 372.0}, {"x": 886.0, "y": 372.0}, {"x": 886.0, "y": 433.0}, {"x": 478.0, "y": 433.0}]}, "description": " 00000001 CENTRO"}, {"boundingPoly": {"vertices": [{"x": 483.0, "y": 442.0}, {"x": 1111.0, "y": 442.0}, {"x": 1111.0, "y": 502.0}, {"x": 483.0, "y": 502.0}]}, "description": " 00000001 NO.OPERACION:"}, {"boundingPoly": {"vertices": [{"x": 434.0, "y": 511.0}, {"x": 774.0, "y": 511.0}, {"x": 774.0, "y": 573.0}, {"x": 434.0, "y": 573.0}]}, "description": " : 26/11/2019"}, {"boundingPoly": {"vertices": [{"x": 897.0, "y": 375.0}, {"x": 1298.0, "y": 375.0}, {"x": 1298.0, "y": 433.0}, {"x": 897.0, "y": 433.0}]}, "description": " : 1324 TPV:0079"}, {"boundingPoly": {"vertices": [{"x": 1122.0, "y": 445.0}, {"x": 1298.0, "y": 445.0}, {"x": 1298.0, "y": 502.0}, {"x": 1122.0, "y": 502.0}]}, "description": " 151183"}, {"boundingPoly": {"vertices": [{"x": 1063.0, "y": 511.0}, {"x": 1295.0, "y": 511.0}, {"x": 1295.0, "y": 571.0}, {"x": 1063.0, "y": 571.0}]}, "description": " 10:19:12"}, {"boundingPoly": {"vertices": [{"x": 889.0, "y": 515.0}, {"x": 1053.0, "y": 515.0}, {"x": 1053.0, "y": 571.0}, {"x": 889.0, "y": 571.0}]}, "description": " HORA:"}, {"boundingPoly": {"vertices": [{"x": 238.0, "y": 647.0}, {"x": 1099.0, "y": 647.0}, {"x": 1099.0, "y": 706.0}, {"x": 238.0, "y": 706.0}]}, "description": " CONTACTLESS EMV /AUTORIZACION:"}, {"boundingPoly": {"vertices": [{"x": 243.0, "y": 713.0}, {"x": 477.0, "y": 713.0}, {"x": 477.0, "y": 773.0}, {"x": 243.0, "y": 773.0}]}, "description": " TARJETA:"}, {"boundingPoly": {"vertices": [{"x": 247.0, "y": 781.0}, {"x": 640.0, "y": 781.0}, {"x": 640.0, "y": 839.0}, {"x": 247.0, "y": 839.0}]}, "description": " AUTENTICACION:"}, {"boundingPoly": {"vertices": [{"x": 1109.0, "y": 648.0}, {"x": 1288.0, "y": 648.0}, {"x": 1288.0, "y": 705.0}, {"x": 1109.0, "y": 705.0}]}, "description": " 801997"}, {"boundingPoly": {"vertices": [{"x": 488.0, "y": 716.0}, {"x": 913.0, "y": 716.0}, {"x": 913.0, "y": 770.0}, {"x": 488.0, "y": 770.0}]}, "description": " *********** 2004"}, {"boundingPoly": {"vertices": [{"x": 650.0, "y": 781.0}, {"x": 1152.0, "y": 781.0}, {"x": 1152.0, "y": 839.0}, {"x": 650.0, "y": 839.0}]}, "description": " FIRMA NO NECESARIA"}, {"boundingPoly": {"vertices": [{"x": 254.0, "y": 915.0}, {"x": 368.0, "y": 915.0}, {"x": 368.0, "y": 971.0}, {"x": 254.0, "y": 971.0}]}, "description": " AID:"}, {"boundingPoly": {"vertices": [{"x": 253.0, "y": 981.0}, {"x": 689.0, "y": 981.0}, {"x": 689.0, "y": 1037.0}, {"x": 253.0, "y": 1037.0}]}, "description": "AMERICAN EXPRESS"}, {"boundingPoly": {"vertices": [{"x": 253.0, "y": 1048.0}, {"x": 371.0, "y": 1048.0}, {"x": 371.0, "y": 1103.0}, {"x": 253.0, "y": 1103.0}]}, "description": " ATC:"}, {"boundingPoly": {"vertices": [{"x": 278.0, "y": 1112.0}, {"x": 582.0, "y": 1110.0}, {"x": 582.0, "y": 1167.0}, {"x": 279.0, "y": 1168.0}]}, "description": "CONTACTLESS"}, {"boundingPoly": {"vertices": [{"x": 379.0, "y": 913.0}, {"x": 823.0, "y": 913.0}, {"x": 823.0, "y": 971.0}, {"x": 379.0, "y": 971.0}]}, "description": " A000000025010801"}, {"boundingPoly": {"vertices": [{"x": 381.0, "y": 1048.0}, {"x": 640.0, "y": 1048.0}, {"x": 640.0, "y": 1104.0}, {"x": 381.0, "y": 1104.0}]}, "description": " 0021 ARC:"}, {"boundingPoly": {"vertices": [{"x": 650.0, "y": 1050.0}, {"x": 714.0, "y": 1050.0}, {"x": 714.0, "y": 1104.0}, {"x": 650.0, "y": 1104.0}]}, "description": " 00"}, {"boundingPoly": {"vertices": [{"x": 687.0, "y": 1242.0}, {"x": 855.0, "y": 1242.0}, {"x": 855.0, "y": 1294.0}, {"x": 687.0, "y": 1294.0}]}, "description": "REDSYS"}, {"boundingPoly": {"vertices": [{"x": 554.0, "y": 1309.0}, {"x": 984.0, "y": 1311.0}, {"x": 983.0, "y": 1365.0}, {"x": 554.0, "y": 1362.0}]}, "description": "American Express"}, {"boundingPoly": {"vertices": [{"x": 555.0, "y": 1372.0}, {"x": 985.0, "y": 1373.0}, {"x": 985.0, "y": 1430.0}, {"x": 555.0, "y": 1430.0}]}, "description": "American Express"}, {"boundingPoly": {"vertices": [{"x": 259.0, "y": 1494.0}, {"x": 1222.0, "y": 1494.0}, {"x": 1222.0, "y": 1565.0}, {"x": 259.0, "y": 1565.0}]}, "description": " COMERCIO:329097380 TERMINAL:00000004"}, {"boundingPoly": {"vertices": [{"x": 261.0, "y": 1560.0}, {"x": 914.0, "y": 1560.0}, {"x": 914.0, "y": 1634.0}, {"x": 261.0, "y": 1634.0}]}, "description": " REFERENCIA:599960 SESION"}, {"boundingPoly": {"vertices": [{"x": 257.0, "y": 1707.0}, {"x": 1262.0, "y": 1678.0}, {"x": 1264.0, "y": 1722.0}, {"x": 259.0, "y": 1766.0}]}, "description": "************* V E N T A **************"}, {"boundingPoly": {"vertices": [{"x": 879.0, "y": 1808.0}, {"x": 1108.0, "y": 1796.0}, {"x": 1111.0, "y": 1849.0}, {"x": 880.0, "y": 1864.0}]}, "description": "14.95 EUR"}, {"boundingPoly": {"vertices": [{"x": 923.0, "y": 1556.0}, {"x": 1266.0, "y": 1556.0}, {"x": 1266.0, "y": 1615.0}, {"x": 923.0, "y": 1615.0}]}, "description": " :26112019-001"}, {"boundingPoly": {"vertices": [{"x": 479.0, "y": 1819.0}, {"x": 602.0, "y": 1819.0}, {"x": 602.0, "y": 1884.0}, {"x": 479.0, "y": 1884.0}]}, "description": " TOTAL"}, {"boundingPoly": {"vertices": [{"x": 250.0, "y": 1993.0}, {"x": 1251.0, "y": 1915.0}, {"x": 1256.0, "y": 1957.0}, {"x": 255.0, "y": 2064.0}]}, "description": "********** PARA EL TITULAR ***********"}, {"boundingPoly": {"vertices": [{"x": 610.0, "y": 1819.0}, {"x": 640.0, "y": 1819.0}, {"x": 640.0, "y": 1876.0}, {"x": 610.0, "y": 1876.0}]}, "description": " :"}]}