{"textAnnotations": [{"boundingPoly": {"vertices": [{"x": 397.0, "y": 43.0}, {"x": 1003.0, "y": 74.0}, {"x": 995.0, "y": 410.0}, {"x": 386.0, "y": 435.0}]}, "description": "merchant name"}, {"boundingPoly": {"vertices": [{"x": 321.0, "y": 608.0}, {"x": 972.0, "y": 617.0}, {"x": 971.0, "y": 716.0}, {"x": 321.0, "y": 707.0}]}, "description": "merchant address"}, {"boundingPoly": {"vertices": [{"x": 684.0, "y": 715.0}, {"x": 920.0, "y": 715.0}, {"x": 920.0, "y": 771.0}, {"x": 684.0, "y": 771.0}]}, "description": "merchant address"}, {"boundingPoly": {"vertices": [{"x": 500.0, "y": 411.0}, {"x": 955.0, "y": 424.0}, {"x": 952.0, "y": 530.0}, {"x": 497.0, "y": 515.0}]}, "description": "in the city"}, {"boundingPoly": {"vertices": [{"x": 392.0, "y": 709.0}, {"x": 673.0, "y": 709.0}, {"x": 673.0, "y": 771.0}, {"x": 392.0, "y": 771.0}]}, "description": "merchant address"}, {"boundingPoly": {"vertices": [{"x": 493.0, "y": 840.0}, {"x": 821.0, "y": 843.0}, {"x": 821.0, "y": 897.0}, {"x": 492.0, "y": 894.0}]}, "description": "merchant address"}, {"boundingPoly": {"vertices": [{"x": 453.0, "y": 903.0}, {"x": 873.0, "y": 908.0}, {"x": 872.0, "y": 961.0}, {"x": 453.0, "y": 956.0}]}, "description": "merchant address"}, {"boundingPoly": {"vertices": [{"x": 523.0, "y": 1026.0}, {"x": 819.0, "y": 1027.0}, {"x": 819.0, "y": 1082.0}, {"x": 523.0, "y": 1082.0}]}, "description": "merchant phone"}, {"boundingPoly": {"vertices": [{"x": 83.0, "y": 1152.0}, {"x": 479.0, "y": 1152.0}, {"x": 479.0, "y": 1246.0}, {"x": 83.0, "y": 1246.0}]}, "description": "REKENING"}, {"boundingPoly": {"vertices": [{"x": 164.0, "y": 1409.0}, {"x": 307.0, "y": 1409.0}, {"x": 307.0, "y": 1460.0}, {"x": 164.0, "y": 1460.0}]}, "description": " Table:"}, {"boundingPoly": {"vertices": [{"x": 164.0, "y": 1473.0}, {"x": 332.0, "y": 1473.0}, {"x": 332.0, "y": 1522.0}, {"x": 164.0, "y": 1522.0}]}, "description": " Waiter:"}, {"boundingPoly": {"vertices": [{"x": 576.0, "y": 1412.0}, {"x": 720.0, "y": 1412.0}, {"x": 720.0, "y": 1458.0}, {"x": 576.0, "y": 1459.0}]}, "description": "303/01"}, {"boundingPoly": {"vertices": [{"x": 577.0, "y": 1472.0}, {"x": 706.0, "y": 1472.0}, {"x": 706.0, "y": 1523.0}, {"x": 577.0, "y": 1523.0}]}, "description": " Merel"}, {"boundingPoly": {"vertices": [{"x": 715.0, "y": 1472.0}, {"x": 736.0, "y": 1472.0}, {"x": 736.0, "y": 1523.0}, {"x": 715.0, "y": 1523.0}]}, "description": " ."}, {"boundingPoly": {"vertices": [{"x": 111.0, "y": 1590.0}, {"x": 358.0, "y": 1590.0}, {"x": 358.0, "y": 1643.0}, {"x": 111.0, "y": 1643.0}]}, "description": "Check 5247"}, {"boundingPoly": {"vertices": [{"x": 574.0, "y": 1590.0}, {"x": 604.0, "y": 1590.0}, {"x": 604.0, "y": 1643.0}, {"x": 574.0, "y": 1643.0}]}, "description": " 3"}, {"boundingPoly": {"vertices": [{"x": 613.0, "y": 1590.0}, {"x": 842.0, "y": 1590.0}, {"x": 842.0, "y": 1644.0}, {"x": 613.0, "y": 1644.0}]}, "description": " okt. 2019"}, {"boundingPoly": {"vertices": [{"x": 1102.0, "y": 1590.0}, {"x": 1226.0, "y": 1590.0}, {"x": 1226.0, "y": 1643.0}, {"x": 1102.0, "y": 1643.0}]}, "description": " 21:48"}, {"boundingPoly": {"vertices": [{"x": 215.0, "y": 1714.0}, {"x": 752.0, "y": 1713.0}, {"x": 752.0, "y": 1766.0}, {"x": 215.0, "y": 1767.0}]}, "description": "2x Apple juice Organic"}, {"boundingPoly": {"vertices": [{"x": 220.0, "y": 1773.0}, {"x": 634.0, "y": 1773.0}, {"x": 634.0, "y": 1828.0}, {"x": 220.0, "y": 1828.0}]}, "description": " 1\u00d7 Rhythms Burger"}, {"boundingPoly": {"vertices": [{"x": 811.0, "y": 1714.0}, {"x": 964.0, "y": 1716.0}, {"x": 964.0, "y": 1765.0}, {"x": 811.0, "y": 1763.0}]}, "description": "\u20ac 3,00"}, {"boundingPoly": {"vertices": [{"x": 791.0, "y": 1774.0}, {"x": 967.0, "y": 1773.0}, {"x": 967.0, "y": 1822.0}, {"x": 791.0, "y": 1824.0}]}, "description": "\u20ac 18,75"}, {"boundingPoly": {"vertices": [{"x": 1034.0, "y": 1714.0}, {"x": 1179.0, "y": 1715.0}, {"x": 1176.0, "y": 1762.0}, {"x": 1033.0, "y": 1763.0}]}, "description": "\u20ac 6,00"}, {"boundingPoly": {"vertices": [{"x": 981.0, "y": 1774.0}, {"x": 1176.0, "y": 1772.0}, {"x": 1176.0, "y": 1824.0}, {"x": 981.0, "y": 1826.0}]}, "description": "\u20ac 18,75"}, {"boundingPoly": {"vertices": [{"x": 644.0, "y": 1775.0}, {"x": 673.0, "y": 1775.0}, {"x": 673.0, "y": 1824.0}, {"x": 644.0, "y": 1824.0}]}, "description": " *"}, {"boundingPoly": {"vertices": [{"x": 175.0, "y": 1885.0}, {"x": 332.0, "y": 1885.0}, {"x": 332.0, "y": 1988.0}, {"x": 175.0, "y": 1988.0}]}, "description": " Total:"}, {"boundingPoly": {"vertices": [{"x": 177.0, "y": 2048.0}, {"x": 289.0, "y": 2048.0}, {"x": 289.0, "y": 2148.0}, {"x": 177.0, "y": 2148.0}]}, "description": " Tip:"}, {"boundingPoly": {"vertices": [{"x": 270.0, "y": 2200.0}, {"x": 787.0, "y": 2200.0}, {"x": 787.0, "y": 2257.0}, {"x": 270.0, "y": 2257.0}]}, "description": " 9% BTW \u20ac 2,04 (Netto:"}, {"boundingPoly": {"vertices": [{"x": 269.0, "y": 2261.0}, {"x": 789.0, "y": 2261.0}, {"x": 789.0, "y": 2317.0}, {"x": 269.0, "y": 2317.0}]}, "description": " 0% BTW \u20ac 0,00 (Netto:"}, {"boundingPoly": {"vertices": [{"x": 988.0, "y": 1894.0}, {"x": 1001.0, "y": 1894.0}, {"x": 1001.0, "y": 1989.0}, {"x": 988.0, "y": 1989.0}]}, "description": " \u20ac"}, {"boundingPoly": {"vertices": [{"x": 1019.0, "y": 1894.0}, {"x": 1165.0, "y": 1894.0}, {"x": 1165.0, "y": 1989.0}, {"x": 1019.0, "y": 1989.0}]}, "description": " 24,75"}, {"boundingPoly": {"vertices": [{"x": 1047.0, "y": 2047.0}, {"x": 1169.0, "y": 2047.0}, {"x": 1169.0, "y": 2144.0}, {"x": 1047.0, "y": 2144.0}]}, "description": " 0,00"}, {"boundingPoly": {"vertices": [{"x": 1010.0, "y": 2051.0}, {"x": 1031.0, "y": 2051.0}, {"x": 1031.0, "y": 2145.0}, {"x": 1010.0, "y": 2145.0}]}, "description": " \u20ac"}, {"boundingPoly": {"vertices": [{"x": 106.0, "y": 2202.0}, {"x": 260.0, "y": 2202.0}, {"x": 260.0, "y": 2257.0}, {"x": 106.0, "y": 2257.0}]}, "description": " Incl .:"}, {"boundingPoly": {"vertices": [{"x": 105.0, "y": 2263.0}, {"x": 259.0, "y": 2263.0}, {"x": 259.0, "y": 2318.0}, {"x": 105.0, "y": 2318.0}]}, "description": " Incl .:"}, {"boundingPoly": {"vertices": [{"x": 797.0, "y": 2199.0}, {"x": 990.0, "y": 2199.0}, {"x": 990.0, "y": 2256.0}, {"x": 797.0, "y": 2256.0}]}, "description": " \u20ac 22,71)"}, {"boundingPoly": {"vertices": [{"x": 800.0, "y": 2261.0}, {"x": 974.0, "y": 2261.0}, {"x": 974.0, "y": 2316.0}, {"x": 800.0, "y": 2316.0}]}, "description": " \u20ac 0,00)"}, {"boundingPoly": {"vertices": [{"x": 173.0, "y": 2387.0}, {"x": 521.0, "y": 2382.0}, {"x": 522.0, "y": 2478.0}, {"x": 175.0, "y": 2481.0}]}, "description": "Maestro"}, {"boundingPoly": {"vertices": [{"x": 298.0, "y": 2535.0}, {"x": 821.0, "y": 2535.0}, {"x": 821.0, "y": 2640.0}, {"x": 298.0, "y": 2640.0}]}, "description": " Hartelijk dank voor uw"}, {"boundingPoly": {"vertices": [{"x": 457.0, "y": 2697.0}, {"x": 874.0, "y": 2693.0}, {"x": 874.0, "y": 2743.0}, {"x": 457.0, "y": 2748.0}]}, "description": "www.jaz-hotel.com"}, {"boundingPoly": {"vertices": [{"x": 362.0, "y": 2753.0}, {"x": 964.0, "y": 2751.0}, {"x": 965.0, "y": 2807.0}, {"x": 362.0, "y": 2808.0}]}, "description": "facebook.com/jazinthecity"}, {"boundingPoly": {"vertices": [{"x": 818.0, "y": 2383.0}, {"x": 1177.0, "y": 2381.0}, {"x": 1178.0, "y": 2479.0}, {"x": 818.0, "y": 2482.0}]}, "description": "\u20ac 24,75"}, {"boundingPoly": {"vertices": [{"x": 840.0, "y": 2536.0}, {"x": 1008.0, "y": 2536.0}, {"x": 1008.0, "y": 2636.0}, {"x": 840.0, "y": 2636.0}]}, "description": " bezoek"}, {"boundingPoly": {"vertices": [{"x": 432.0, "y": 2935.0}, {"x": 536.0, "y": 2935.0}, {"x": 536.0, "y": 2988.0}, {"x": 432.0, "y": 2988.0}]}, "description": " VAT:"}, {"boundingPoly": {"vertices": [{"x": 546.0, "y": 2933.0}, {"x": 891.0, "y": 2933.0}, {"x": 891.0, "y": 2987.0}, {"x": 546.0, "y": 2987.0}]}, "description": " NL851578020B01"}, {"boundingPoly": {"vertices": [{"x": 527.0, "y": 3116.0}, {"x": 824.0, "y": 3116.0}, {"x": 824.0, "y": 3171.0}, {"x": 527.0, "y": 3171.0}]}, "description": "Card payment"}, {"boundingPoly": {"vertices": [{"x": 577.0, "y": 3184.0}, {"x": 749.0, "y": 3183.0}, {"x": 749.0, "y": 3230.0}, {"x": 577.0, "y": 3230.0}]}, "description": "Maestro"}, {"boundingPoly": {"vertices": [{"x": 154.0, "y": 3242.0}, {"x": 446.0, "y": 3242.0}, {"x": 446.0, "y": 3299.0}, {"x": 154.0, "y": 3299.0}]}, "description": " Terminal-ID:"}, {"boundingPoly": {"vertices": [{"x": 155.0, "y": 3303.0}, {"x": 446.0, "y": 3303.0}, {"x": 446.0, "y": 3361.0}, {"x": 155.0, "y": 3361.0}]}, "description": " Merchant ID:"}, {"boundingPoly": {"vertices": [{"x": 151.0, "y": 3369.0}, {"x": 270.0, "y": 3369.0}, {"x": 270.0, "y": 3420.0}, {"x": 151.0, "y": 3420.0}]}, "description": " Date:"}, {"boundingPoly": {"vertices": [{"x": 156.0, "y": 3430.0}, {"x": 272.0, "y": 3430.0}, {"x": 272.0, "y": 3481.0}, {"x": 156.0, "y": 3481.0}]}, "description": " Time:"}, {"boundingPoly": {"vertices": [{"x": 154.0, "y": 3494.0}, {"x": 324.0, "y": 3494.0}, {"x": 324.0, "y": 3544.0}, {"x": 154.0, "y": 3544.0}]}, "description": " Tx-Nr .:"}, {"boundingPoly": {"vertices": [{"x": 149.0, "y": 3555.0}, {"x": 249.0, "y": 3555.0}, {"x": 249.0, "y": 3602.0}, {"x": 149.0, "y": 3602.0}]}, "description": " PAN:"}, {"boundingPoly": {"vertices": [{"x": 154.0, "y": 3613.0}, {"x": 765.0, "y": 3604.0}, {"x": 766.0, "y": 3662.0}, {"x": 155.0, "y": 3668.0}]}, "description": "Authorisation method Chip"}, {"boundingPoly": {"vertices": [{"x": 999.0, "y": 3233.0}, {"x": 1194.0, "y": 3232.0}, {"x": 1195.0, "y": 3283.0}, {"x": 999.0, "y": 3285.0}]}, "description": "71E37157"}, {"boundingPoly": {"vertices": [{"x": 972.0, "y": 3297.0}, {"x": 1193.0, "y": 3295.0}, {"x": 1193.0, "y": 3346.0}, {"x": 972.0, "y": 3348.0}]}, "description": "355633605"}, {"boundingPoly": {"vertices": [{"x": 1045.0, "y": 3479.0}, {"x": 1197.0, "y": 3480.0}, {"x": 1197.0, "y": 3531.0}, {"x": 1044.0, "y": 3530.0}]}, "description": "293478"}, {"boundingPoly": {"vertices": [{"x": 736.0, "y": 3545.0}, {"x": 1205.0, "y": 3545.0}, {"x": 1205.0, "y": 3593.0}, {"x": 736.0, "y": 3594.0}]}, "description": "**** **** **** 0034"}, {"boundingPoly": {"vertices": [{"x": 148.0, "y": 3802.0}, {"x": 251.0, "y": 3802.0}, {"x": 251.0, "y": 3849.0}, {"x": 148.0, "y": 3849.0}]}, "description": " AID:"}, {"boundingPoly": {"vertices": [{"x": 171.0, "y": 3858.0}, {"x": 449.0, "y": 3858.0}, {"x": 449.0, "y": 3914.0}, {"x": 171.0, "y": 3914.0}]}, "description": " pproval-Nr:"}, {"boundingPoly": {"vertices": [{"x": 859.0, "y": 3792.0}, {"x": 1207.0, "y": 3793.0}, {"x": 1206.0, "y": 3844.0}, {"x": 859.0, "y": 3843.0}]}, "description": "A0000000043060"}, {"boundingPoly": {"vertices": [{"x": 670.0, "y": 3857.0}, {"x": 986.0, "y": 3856.0}, {"x": 986.0, "y": 3909.0}, {"x": 670.0, "y": 3910.0}]}, "description": "749853/668232"}]}