{"textAnnotations": [{"boundingPoly": {"vertices": [{"x": 645.0, "y": 51.0}, {"x": 1011.0, "y": 43.0}, {"x": 1012.0, "y": 81.0}, {"x": 645.0, "y": 91.0}]}, "description": "merchant name"}, {"boundingPoly": {"vertices": [{"x": 691.0, "y": 96.0}, {"x": 964.0, "y": 90.0}, {"x": 965.0, "y": 124.0}, {"x": 691.0, "y": 132.0}]}, "description": "merchant address"}, {"boundingPoly": {"vertices": [{"x": 643.0, "y": 141.0}, {"x": 992.0, "y": 134.0}, {"x": 993.0, "y": 170.0}, {"x": 644.0, "y": 180.0}]}, "description": "merchant address"}, {"boundingPoly": {"vertices": [{"x": 728.0, "y": 188.0}, {"x": 931.0, "y": 182.0}, {"x": 932.0, "y": 213.0}, {"x": 728.0, "y": 219.0}]}, "description": "merchant phone"}, {"boundingPoly": {"vertices": [{"x": 643.0, "y": 230.0}, {"x": 990.0, "y": 230.0}, {"x": 990.0, "y": 262.0}, {"x": 643.0, "y": 264.0}]}, "description": "MID #878801421508"}, {"boundingPoly": {"vertices": [{"x": 394.0, "y": 366.0}, {"x": 612.0, "y": 366.0}, {"x": 612.0, "y": 406.0}, {"x": 394.0, "y": 406.0}]}, "description": " Record Num."}, {"boundingPoly": {"vertices": [{"x": 619.0, "y": 366.0}, {"x": 744.0, "y": 366.0}, {"x": 744.0, "y": 404.0}, {"x": 619.0, "y": 404.0}]}, "description": " : 0014"}, {"boundingPoly": {"vertices": [{"x": 599.0, "y": 459.0}, {"x": 1047.0, "y": 453.0}, {"x": 1048.0, "y": 522.0}, {"x": 599.0, "y": 528.0}]}, "description": "CREDIT CARD"}, {"boundingPoly": {"vertices": [{"x": 717.0, "y": 551.0}, {"x": 888.0, "y": 553.0}, {"x": 887.0, "y": 620.0}, {"x": 717.0, "y": 619.0}]}, "description": "Sale"}, {"boundingPoly": {"vertices": [{"x": 382.0, "y": 688.0}, {"x": 752.0, "y": 688.0}, {"x": 752.0, "y": 730.0}, {"x": 382.0, "y": 730.0}]}, "description": " Application Label"}, {"boundingPoly": {"vertices": [{"x": 379.0, "y": 750.0}, {"x": 697.0, "y": 740.0}, {"x": 698.0, "y": 806.0}, {"x": 379.0, "y": 809.0}]}, "description": "xxxxxxxxxxx1006"}, {"boundingPoly": {"vertices": [{"x": 375.0, "y": 832.0}, {"x": 455.0, "y": 832.0}, {"x": 455.0, "y": 904.0}, {"x": 375.0, "y": 904.0}]}, "description": " AID:"}, {"boundingPoly": {"vertices": [{"x": 371.0, "y": 931.0}, {"x": 458.0, "y": 928.0}, {"x": 458.0, "y": 1000.0}, {"x": 368.0, "y": 1000.0}]}, "description": "AMEX"}, {"boundingPoly": {"vertices": [{"x": 368.0, "y": 1024.0}, {"x": 568.0, "y": 1023.0}, {"x": 566.0, "y": 1098.0}, {"x": 367.0, "y": 1096.0}]}, "description": "CHIP READ"}, {"boundingPoly": {"vertices": [{"x": 366.0, "y": 1122.0}, {"x": 563.0, "y": 1123.0}, {"x": 562.0, "y": 1163.0}, {"x": 366.0, "y": 1161.0}]}, "description": "AIC. 6080"}, {"boundingPoly": {"vertices": [{"x": 362.0, "y": 1171.0}, {"x": 441.0, "y": 1171.0}, {"x": 441.0, "y": 1215.0}, {"x": 362.0, "y": 1215.0}]}, "description": " AC:"}, {"boundingPoly": {"vertices": [{"x": 772.0, "y": 691.0}, {"x": 1107.0, "y": 691.0}, {"x": 1107.0, "y": 729.0}, {"x": 772.0, "y": 729.0}]}, "description": " AMERICAN EXPRESS"}, {"boundingPoly": {"vertices": [{"x": 1035.0, "y": 738.0}, {"x": 1259.0, "y": 737.0}, {"x": 1260.0, "y": 811.0}, {"x": 1035.0, "y": 812.0}]}, "description": "Exp. XX/XX"}, {"boundingPoly": {"vertices": [{"x": 468.0, "y": 832.0}, {"x": 819.0, "y": 832.0}, {"x": 819.0, "y": 904.0}, {"x": 468.0, "y": 904.0}]}, "description": " A000000025010801"}, {"boundingPoly": {"vertices": [{"x": 807.0, "y": 933.0}, {"x": 1076.0, "y": 933.0}, {"x": 1076.0, "y": 1007.0}, {"x": 807.0, "y": 1007.0}]}, "description": " Entry Method:"}, {"boundingPoly": {"vertices": [{"x": 1088.0, "y": 935.0}, {"x": 1258.0, "y": 935.0}, {"x": 1258.0, "y": 1007.0}, {"x": 1088.0, "y": 1007.0}]}, "description": " Contact"}, {"boundingPoly": {"vertices": [{"x": 448.0, "y": 1171.0}, {"x": 800.0, "y": 1171.0}, {"x": 800.0, "y": 1219.0}, {"x": 448.0, "y": 1219.0}]}, "description": " 2E19DB271273E8AA"}, {"boundingPoly": {"vertices": [{"x": 351.0, "y": 1281.0}, {"x": 509.0, "y": 1281.0}, {"x": 509.0, "y": 1348.0}, {"x": 351.0, "y": 1348.0}]}, "description": " Amount:"}, {"boundingPoly": {"vertices": [{"x": 352.0, "y": 1377.0}, {"x": 439.0, "y": 1377.0}, {"x": 439.0, "y": 1447.0}, {"x": 352.0, "y": 1447.0}]}, "description": " Tip:"}, {"boundingPoly": {"vertices": [{"x": 1159.0, "y": 1281.0}, {"x": 1258.0, "y": 1277.0}, {"x": 1258.0, "y": 1354.0}, {"x": 1161.0, "y": 1355.0}]}, "description": "6.48"}, {"boundingPoly": {"vertices": [{"x": 346.0, "y": 1528.0}, {"x": 473.0, "y": 1528.0}, {"x": 473.0, "y": 1604.0}, {"x": 346.0, "y": 1604.0}]}, "description": " Total:"}, {"boundingPoly": {"vertices": [{"x": 488.0, "y": 1525.0}, {"x": 596.0, "y": 1525.0}, {"x": 596.0, "y": 1604.0}, {"x": 488.0, "y": 1604.0}]}, "description": " USD$"}, {"boundingPoly": {"vertices": [{"x": 906.0, "y": 1638.0}, {"x": 1258.0, "y": 1641.0}, {"x": 1258.0, "y": 1670.0}, {"x": 906.0, "y": 1665.0}]}, "description": "================"}, {"boundingPoly": {"vertices": [{"x": 337.0, "y": 1734.0}, {"x": 531.0, "y": 1734.0}, {"x": 530.0, "y": 1815.0}, {"x": 336.0, "y": 1814.0}]}, "description": "11/23/19"}, {"boundingPoly": {"vertices": [{"x": 329.0, "y": 1841.0}, {"x": 548.0, "y": 1841.0}, {"x": 548.0, "y": 1920.0}, {"x": 329.0, "y": 1920.0}]}, "description": " Resp Code:"}, {"boundingPoly": {"vertices": [{"x": 335.0, "y": 1945.0}, {"x": 430.0, "y": 1945.0}, {"x": 430.0, "y": 1988.0}, {"x": 335.0, "y": 1988.0}]}, "description": " TVR:"}, {"boundingPoly": {"vertices": [{"x": 333.0, "y": 1999.0}, {"x": 427.0, "y": 1999.0}, {"x": 427.0, "y": 2043.0}, {"x": 333.0, "y": 2043.0}]}, "description": " TSI:"}, {"boundingPoly": {"vertices": [{"x": 328.0, "y": 2057.0}, {"x": 430.0, "y": 2057.0}, {"x": 430.0, "y": 2136.0}, {"x": 328.0, "y": 2136.0}]}, "description": " Inv#:"}, {"boundingPoly": {"vertices": [{"x": 324.0, "y": 2168.0}, {"x": 474.0, "y": 2168.0}, {"x": 474.0, "y": 2247.0}, {"x": 324.0, "y": 2247.0}]}, "description": " Apprvd:"}, {"boundingPoly": {"vertices": [{"x": 320.0, "y": 2276.0}, {"x": 545.0, "y": 2276.0}, {"x": 545.0, "y": 2353.0}, {"x": 320.0, "y": 2353.0}]}, "description": " TRN Ref #:"}, {"boundingPoly": {"vertices": [{"x": 1078.0, "y": 1728.0}, {"x": 1249.0, "y": 1728.0}, {"x": 1249.0, "y": 1828.0}, {"x": 1078.0, "y": 1828.0}]}, "description": " 12:56:01"}, {"boundingPoly": {"vertices": [{"x": 562.0, "y": 1840.0}, {"x": 630.0, "y": 1840.0}, {"x": 630.0, "y": 1920.0}, {"x": 562.0, "y": 1920.0}]}, "description": " 00"}, {"boundingPoly": {"vertices": [{"x": 438.0, "y": 1946.0}, {"x": 669.0, "y": 1946.0}, {"x": 669.0, "y": 1990.0}, {"x": 438.0, "y": 1990.0}]}, "description": " 0000008000"}, {"boundingPoly": {"vertices": [{"x": 434.0, "y": 1999.0}, {"x": 538.0, "y": 1999.0}, {"x": 538.0, "y": 2044.0}, {"x": 434.0, "y": 2044.0}]}, "description": " E800"}, {"boundingPoly": {"vertices": [{"x": 445.0, "y": 2055.0}, {"x": 599.0, "y": 2055.0}, {"x": 599.0, "y": 2137.0}, {"x": 445.0, "y": 2137.0}]}, "description": " 000014"}, {"boundingPoly": {"vertices": [{"x": 873.0, "y": 2061.0}, {"x": 1096.0, "y": 2061.0}, {"x": 1096.0, "y": 2141.0}, {"x": 873.0, "y": 2141.0}]}, "description": " Appr Code:"}, {"boundingPoly": {"vertices": [{"x": 937.0, "y": 2170.0}, {"x": 1094.0, "y": 2170.0}, {"x": 1094.0, "y": 2251.0}, {"x": 937.0, "y": 2251.0}]}, "description": " Batch#:"}, {"boundingPoly": {"vertices": [{"x": 922.0, "y": 2280.0}, {"x": 1271.0, "y": 2281.0}, {"x": 1271.0, "y": 2357.0}, {"x": 922.0, "y": 2356.0}]}, "description": "007468708988573"}, {"boundingPoly": {"vertices": [{"x": 1109.0, "y": 2057.0}, {"x": 1264.0, "y": 2057.0}, {"x": 1264.0, "y": 2143.0}, {"x": 1109.0, "y": 2143.0}]}, "description": " 822223"}, {"boundingPoly": {"vertices": [{"x": 1109.0, "y": 2168.0}, {"x": 1266.0, "y": 2168.0}, {"x": 1266.0, "y": 2252.0}, {"x": 1109.0, "y": 2252.0}]}, "description": " 000312"}, {"boundingPoly": {"vertices": [{"x": 487.0, "y": 2168.0}, {"x": 639.0, "y": 2168.0}, {"x": 639.0, "y": 2249.0}, {"x": 487.0, "y": 2249.0}]}, "description": " Online"}, {"boundingPoly": {"vertices": [{"x": 367.0, "y": 2724.0}, {"x": 1121.0, "y": 2720.0}, {"x": 1122.0, "y": 2775.0}, {"x": 367.0, "y": 2783.0}]}, "description": "REDMI NOTE 5 PRON SIAILMENT"}, {"boundingPoly": {"vertices": [{"x": 360.0, "y": 2797.0}, {"x": 919.0, "y": 2785.0}, {"x": 920.0, "y": 2845.0}, {"x": 360.0, "y": 2854.0}]}, "description": "MI DUAL CAMERA !ON"}]}