{"textAnnotations": [{"boundingPoly": {"vertices": [{"x": 206.0, "y": 80.0}, {"x": 348.0, "y": 74.0}, {"x": 349.0, "y": 99.0}, {"x": 208.0, "y": 106.0}]}, "description": "merchant name"}, {"boundingPoly": {"vertices": [{"x": 232.0, "y": 110.0}, {"x": 323.0, "y": 107.0}, {"x": 324.0, "y": 133.0}, {"x": 233.0, "y": 136.0}]}, "description": "merchant name"}, {"boundingPoly": {"vertices": [{"x": 171.0, "y": 145.0}, {"x": 397.0, "y": 138.0}, {"x": 398.0, "y": 167.0}, {"x": 171.0, "y": 174.0}]}, "description": "merchant address"}, {"boundingPoly": {"vertices": [{"x": 132.0, "y": 179.0}, {"x": 422.0, "y": 173.0}, {"x": 422.0, "y": 204.0}, {"x": 132.0, "y": 208.0}]}, "description": "merchant address"}, {"boundingPoly": {"vertices": [{"x": 22.0, "y": 242.0}, {"x": 114.0, "y": 242.0}, {"x": 114.0, "y": 269.0}, {"x": 22.0, "y": 269.0}]}, "description": " Server:"}, {"boundingPoly": {"vertices": [{"x": 25.0, "y": 274.0}, {"x": 59.0, "y": 274.0}, {"x": 59.0, "y": 303.0}, {"x": 25.0, "y": 303.0}]}, "description": " 14"}, {"boundingPoly": {"vertices": [{"x": 22.0, "y": 307.0}, {"x": 114.0, "y": 307.0}, {"x": 114.0, "y": 334.0}, {"x": 22.0, "y": 334.0}]}, "description": " Guests:"}, {"boundingPoly": {"vertices": [{"x": 118.0, "y": 244.0}, {"x": 169.0, "y": 244.0}, {"x": 169.0, "y": 271.0}, {"x": 118.0, "y": 271.0}]}, "description": " Jose"}, {"boundingPoly": {"vertices": [{"x": 66.0, "y": 275.0}, {"x": 144.0, "y": 275.0}, {"x": 144.0, "y": 304.0}, {"x": 66.0, "y": 304.0}]}, "description": " Laty/1"}, {"boundingPoly": {"vertices": [{"x": 417.0, "y": 243.0}, {"x": 547.0, "y": 243.0}, {"x": 547.0, "y": 273.0}, {"x": 417.0, "y": 273.0}]}, "description": "11/10/2019"}, {"boundingPoly": {"vertices": [{"x": 453.0, "y": 279.0}, {"x": 545.0, "y": 279.0}, {"x": 545.0, "y": 306.0}, {"x": 453.0, "y": 306.0}]}, "description": " 1:43 PM"}, {"boundingPoly": {"vertices": [{"x": 118.0, "y": 310.0}, {"x": 133.0, "y": 310.0}, {"x": 133.0, "y": 334.0}, {"x": 118.0, "y": 334.0}]}, "description": " 1"}, {"boundingPoly": {"vertices": [{"x": 384.0, "y": 346.0}, {"x": 537.0, "y": 347.0}, {"x": 536.0, "y": 374.0}, {"x": 384.0, "y": 372.0}]}, "description": "#20100"}, {"boundingPoly": {"vertices": [{"x": 20.0, "y": 372.0}, {"x": 165.0, "y": 372.0}, {"x": 165.0, "y": 403.0}, {"x": 20.0, "y": 403.0}]}, "description": " Order Type:"}, {"boundingPoly": {"vertices": [{"x": 171.0, "y": 376.0}, {"x": 262.0, "y": 376.0}, {"x": 262.0, "y": 404.0}, {"x": 171.0, "y": 404.0}]}, "description": " DINE IN"}, {"boundingPoly": {"vertices": [{"x": 19.0, "y": 436.0}, {"x": 68.0, "y": 438.0}, {"x": 66.0, "y": 461.0}, {"x": 19.0, "y": 460.0}]}, "description": "Mini"}, {"boundingPoly": {"vertices": [{"x": 42.0, "y": 468.0}, {"x": 115.0, "y": 469.0}, {"x": 114.0, "y": 493.0}, {"x": 42.0, "y": 491.0}]}, "description": "Cheese"}, {"boundingPoly": {"vertices": [{"x": 41.0, "y": 497.0}, {"x": 150.0, "y": 499.0}, {"x": 150.0, "y": 524.0}, {"x": 40.0, "y": 522.0}]}, "description": "XT Cheese"}, {"boundingPoly": {"vertices": [{"x": 17.0, "y": 527.0}, {"x": 162.0, "y": 529.0}, {"x": 162.0, "y": 555.0}, {"x": 17.0, "y": 553.0}]}, "description": "Garlic Fries"}, {"boundingPoly": {"vertices": [{"x": 476.0, "y": 447.0}, {"x": 528.0, "y": 447.0}, {"x": 528.0, "y": 470.0}, {"x": 475.0, "y": 470.0}]}, "description": "6.00"}, {"boundingPoly": {"vertices": [{"x": 476.0, "y": 474.0}, {"x": 525.0, "y": 475.0}, {"x": 525.0, "y": 500.0}, {"x": 476.0, "y": 499.0}]}, "description": "0.50"}, {"boundingPoly": {"vertices": [{"x": 475.0, "y": 503.0}, {"x": 530.0, "y": 504.0}, {"x": 528.0, "y": 528.0}, {"x": 474.0, "y": 528.0}]}, "description": "0.75"}, {"boundingPoly": {"vertices": [{"x": 475.0, "y": 534.0}, {"x": 529.0, "y": 535.0}, {"x": 529.0, "y": 560.0}, {"x": 475.0, "y": 558.0}]}, "description": "3.75"}, {"boundingPoly": {"vertices": [{"x": 17.0, "y": 589.0}, {"x": 112.0, "y": 590.0}, {"x": 112.0, "y": 616.0}, {"x": 16.0, "y": 615.0}]}, "description": "Subtotal"}, {"boundingPoly": {"vertices": [{"x": 21.0, "y": 622.0}, {"x": 57.0, "y": 621.0}, {"x": 57.0, "y": 647.0}, {"x": 21.0, "y": 647.0}]}, "description": "Tax"}, {"boundingPoly": {"vertices": [{"x": 463.0, "y": 599.0}, {"x": 529.0, "y": 598.0}, {"x": 529.0, "y": 625.0}, {"x": 463.0, "y": 625.0}]}, "description": "11.00"}, {"boundingPoly": {"vertices": [{"x": 470.0, "y": 631.0}, {"x": 525.0, "y": 632.0}, {"x": 524.0, "y": 656.0}, {"x": 470.0, "y": 656.0}]}, "description": "0.97"}, {"boundingPoly": {"vertices": [{"x": 16.0, "y": 681.0}, {"x": 136.0, "y": 683.0}, {"x": 135.0, "y": 710.0}, {"x": 16.0, "y": 707.0}]}, "description": "SF Mandate"}, {"boundingPoly": {"vertices": [{"x": 19.0, "y": 714.0}, {"x": 76.0, "y": 715.0}, {"x": 75.0, "y": 738.0}, {"x": 18.0, "y": 737.0}]}, "description": "Total"}, {"boundingPoly": {"vertices": [{"x": 469.0, "y": 693.0}, {"x": 520.0, "y": 694.0}, {"x": 521.0, "y": 716.0}, {"x": 468.0, "y": 716.0}]}, "description": "0.39"}, {"boundingPoly": {"vertices": [{"x": 456.0, "y": 722.0}, {"x": 517.0, "y": 722.0}, {"x": 516.0, "y": 744.0}, {"x": 455.0, "y": 743.0}]}, "description": "12.36"}, {"boundingPoly": {"vertices": [{"x": 16.0, "y": 773.0}, {"x": 44.0, "y": 773.0}, {"x": 44.0, "y": 797.0}, {"x": 16.0, "y": 798.0}]}, "description": "MC"}, {"boundingPoly": {"vertices": [{"x": 39.0, "y": 802.0}, {"x": 92.0, "y": 802.0}, {"x": 92.0, "y": 828.0}, {"x": 39.0, "y": 828.0}]}, "description": " Auth:"}, {"boundingPoly": {"vertices": [{"x": 18.0, "y": 832.0}, {"x": 273.0, "y": 834.0}, {"x": 273.0, "y": 860.0}, {"x": 18.0, "y": 856.0}]}, "description": "Balance Due"}, {"boundingPoly": {"vertices": [{"x": 455.0, "y": 774.0}, {"x": 515.0, "y": 775.0}, {"x": 514.0, "y": 800.0}, {"x": 455.0, "y": 800.0}]}, "description": "12.36"}, {"boundingPoly": {"vertices": [{"x": 97.0, "y": 802.0}, {"x": 170.0, "y": 802.0}, {"x": 170.0, "y": 828.0}, {"x": 97.0, "y": 828.0}]}, "description": " 188394"}, {"boundingPoly": {"vertices": [{"x": 414.0, "y": 835.0}, {"x": 516.0, "y": 835.0}, {"x": 516.0, "y": 863.0}, {"x": 414.0, "y": 863.0}]}, "description": "0.00"}, {"boundingPoly": {"vertices": [{"x": 190.0, "y": 895.0}, {"x": 336.0, "y": 897.0}, {"x": 335.0, "y": 923.0}, {"x": 190.0, "y": 921.0}]}, "description": "FOLLOW US ON"}, {"boundingPoly": {"vertices": [{"x": 144.0, "y": 924.0}, {"x": 383.0, "y": 929.0}, {"x": 382.0, "y": 952.0}, {"x": 144.0, "y": 947.0}]}, "description": "FACEBOOK & INSTAGRAM"}, {"boundingPoly": {"vertices": [{"x": 190.0, "y": 954.0}, {"x": 321.0, "y": 958.0}, {"x": 320.0, "y": 983.0}, {"x": 190.0, "y": 979.0}]}, "description": "Come again!"}, {"boundingPoly": {"vertices": [{"x": 134.0, "y": 984.0}, {"x": 380.0, "y": 991.0}, {"x": 380.0, "y": 1015.0}, {"x": 134.0, "y": 1007.0}]}, "description": "superduperburgers.com"}, {"boundingPoly": {"vertices": [{"x": 192.0, "y": 1014.0}, {"x": 321.0, "y": 1017.0}, {"x": 320.0, "y": 1041.0}, {"x": 191.0, "y": 1037.0}]}, "description": "CODE 78305"}, {"boundingPoly": {"vertices": [{"x": 191.0, "y": 1070.0}, {"x": 332.0, "y": 1073.0}, {"x": 332.0, "y": 1098.0}, {"x": 191.0, "y": 1095.0}]}, "description": "Check Closed"}]}