{"textAnnotations": [{"boundingPoly": {"vertices": [{"x": 400.0, "y": 109.0}, {"x": 502.0, "y": 107.0}, {"x": 504.0, "y": 138.0}, {"x": 400.0, "y": 143.0}]}, "description": "merchant name"}, {"boundingPoly": {"vertices": [{"x": 358.0, "y": 163.0}, {"x": 544.0, "y": 160.0}, {"x": 545.0, "y": 180.0}, {"x": 359.0, "y": 185.0}]}, "description": "merchant address"}, {"boundingPoly": {"vertices": [{"x": 427.0, "y": 183.0}, {"x": 526.0, "y": 183.0}, {"x": 526.0, "y": 204.0}, {"x": 427.0, "y": 204.0}]}, "description": "merchant phone"}, {"boundingPoly": {"vertices": [{"x": 381.0, "y": 141.0}, {"x": 521.0, "y": 137.0}, {"x": 522.0, "y": 159.0}, {"x": 381.0, "y": 163.0}]}, "description": "merchant address"}, {"boundingPoly": {"vertices": [{"x": 376.0, "y": 184.0}, {"x": 424.0, "y": 184.0}, {"x": 424.0, "y": 206.0}, {"x": 376.0, "y": 206.0}]}, "description": " Phone:"}, {"boundingPoly": {"vertices": [{"x": 381.0, "y": 225.0}, {"x": 522.0, "y": 223.0}, {"x": 522.0, "y": 244.0}, {"x": 381.0, "y": 245.0}]}, "description": "ABN 16 008 749 031"}, {"boundingPoly": {"vertices": [{"x": 407.0, "y": 265.0}, {"x": 495.0, "y": 265.0}, {"x": 496.0, "y": 285.0}, {"x": 407.0, "y": 285.0}]}, "description": "TAX INVOICE"}, {"boundingPoly": {"vertices": [{"x": 418.0, "y": 324.0}, {"x": 480.0, "y": 323.0}, {"x": 480.0, "y": 341.0}, {"x": 418.0, "y": 341.0}]}, "description": "COPY"}, {"boundingPoly": {"vertices": [{"x": 287.0, "y": 383.0}, {"x": 298.0, "y": 383.0}, {"x": 297.0, "y": 397.0}, {"x": 286.0, "y": 396.0}]}, "description": "#"}, {"boundingPoly": {"vertices": [{"x": 331.0, "y": 381.0}, {"x": 473.0, "y": 378.0}, {"x": 474.0, "y": 396.0}, {"x": 331.0, "y": 400.0}]}, "description": "X CAPPUCCINO - 80Z"}, {"boundingPoly": {"vertices": [{"x": 348.0, "y": 399.0}, {"x": 372.0, "y": 398.0}, {"x": 373.0, "y": 416.0}, {"x": 348.0, "y": 417.0}]}, "description": "TVA"}, {"boundingPoly": {"vertices": [{"x": 358.0, "y": 418.0}, {"x": 456.0, "y": 415.0}, {"x": 457.0, "y": 434.0}, {"x": 358.0, "y": 436.0}]}, "description": "SOY MILK REG"}, {"boundingPoly": {"vertices": [{"x": 375.0, "y": 437.0}, {"x": 460.0, "y": 437.0}, {"x": 460.0, "y": 468.0}, {"x": 375.0, "y": 468.0}]}, "description": " SALE TOTAL:"}, {"boundingPoly": {"vertices": [{"x": 406.0, "y": 466.0}, {"x": 449.0, "y": 466.0}, {"x": 449.0, "y": 484.0}, {"x": 406.0, "y": 484.0}]}, "description": " EFTPOS"}, {"boundingPoly": {"vertices": [{"x": 556.0, "y": 376.0}, {"x": 588.0, "y": 376.0}, {"x": 588.0, "y": 394.0}, {"x": 556.0, "y": 393.0}]}, "description": "4.75"}, {"boundingPoly": {"vertices": [{"x": 297.0, "y": 417.0}, {"x": 295.0, "y": 432.0}, {"x": 285.0, "y": 432.0}, {"x": 286.0, "y": 416.0}]}, "description": "#"}, {"boundingPoly": {"vertices": [{"x": 560.0, "y": 415.0}, {"x": 587.0, "y": 414.0}, {"x": 587.0, "y": 431.0}, {"x": 560.0, "y": 432.0}]}, "description": "1.00"}, {"boundingPoly": {"vertices": [{"x": 545.0, "y": 434.0}, {"x": 590.0, "y": 433.0}, {"x": 591.0, "y": 464.0}, {"x": 545.0, "y": 464.0}]}, "description": "$5.75"}, {"boundingPoly": {"vertices": [{"x": 545.0, "y": 464.0}, {"x": 587.0, "y": 462.0}, {"x": 587.0, "y": 480.0}, {"x": 545.0, "y": 482.0}]}, "description": "$5.75"}, {"boundingPoly": {"vertices": [{"x": 452.0, "y": 466.0}, {"x": 461.0, "y": 466.0}, {"x": 461.0, "y": 483.0}, {"x": 452.0, "y": 483.0}]}, "description": " :"}, {"boundingPoly": {"vertices": [{"x": 323.0, "y": 503.0}, {"x": 458.0, "y": 503.0}, {"x": 458.0, "y": 522.0}, {"x": 323.0, "y": 522.0}]}, "description": " TAX total in sale:"}, {"boundingPoly": {"vertices": [{"x": 545.0, "y": 501.0}, {"x": 590.0, "y": 501.0}, {"x": 590.0, "y": 519.0}, {"x": 545.0, "y": 520.0}]}, "description": "$0.52"}, {"boundingPoly": {"vertices": [{"x": 283.0, "y": 558.0}, {"x": 468.0, "y": 559.0}, {"x": 468.0, "y": 578.0}, {"x": 283.0, "y": 577.0}]}, "description": "COMMONWEALTH BANK EFTPOS"}, {"boundingPoly": {"vertices": [{"x": 281.0, "y": 577.0}, {"x": 440.0, "y": 578.0}, {"x": 440.0, "y": 597.0}, {"x": 281.0, "y": 596.0}]}, "description": "AIRPORT RETAIL ENTER"}, {"boundingPoly": {"vertices": [{"x": 280.0, "y": 596.0}, {"x": 365.0, "y": 597.0}, {"x": 365.0, "y": 615.0}, {"x": 280.0, "y": 614.0}]}, "description": "MASCOT NSW"}, {"boundingPoly": {"vertices": [{"x": 282.0, "y": 615.0}, {"x": 346.0, "y": 616.0}, {"x": 346.0, "y": 634.0}, {"x": 282.0, "y": 633.0}]}, "description": "TERMINAL"}, {"boundingPoly": {"vertices": [{"x": 278.0, "y": 635.0}, {"x": 354.0, "y": 635.0}, {"x": 354.0, "y": 652.0}, {"x": 278.0, "y": 652.0}]}, "description": "REFERENCE"}, {"boundingPoly": {"vertices": [{"x": 279.0, "y": 652.0}, {"x": 385.0, "y": 653.0}, {"x": 385.0, "y": 671.0}, {"x": 279.0, "y": 671.0}]}, "description": "CUSTOMER COPY"}, {"boundingPoly": {"vertices": [{"x": 279.0, "y": 673.0}, {"x": 352.0, "y": 673.0}, {"x": 352.0, "y": 691.0}, {"x": 279.0, "y": 691.0}]}, "description": " CARD NO:"}, {"boundingPoly": {"vertices": [{"x": 279.0, "y": 691.0}, {"x": 374.0, "y": 691.0}, {"x": 374.0, "y": 710.0}, {"x": 279.0, "y": 710.0}]}, "description": " EXPIRY DATE:"}, {"boundingPoly": {"vertices": [{"x": 341.0, "y": 711.0}, {"x": 468.0, "y": 712.0}, {"x": 468.0, "y": 730.0}, {"x": 341.0, "y": 729.0}]}, "description": "A000000025010801"}, {"boundingPoly": {"vertices": [{"x": 356.0, "y": 731.0}, {"x": 374.0, "y": 731.0}, {"x": 374.0, "y": 750.0}, {"x": 356.0, "y": 750.0}]}, "description": " TVR"}, {"boundingPoly": {"vertices": [{"x": 274.0, "y": 751.0}, {"x": 468.0, "y": 751.0}, {"x": 468.0, "y": 771.0}, {"x": 274.0, "y": 771.0}]}, "description": " CSN:00 9F21A24DE15A53EE"}, {"boundingPoly": {"vertices": [{"x": 276.0, "y": 771.0}, {"x": 365.0, "y": 770.0}, {"x": 365.0, "y": 788.0}, {"x": 276.0, "y": 790.0}]}, "description": "19 NOV 2019"}, {"boundingPoly": {"vertices": [{"x": 274.0, "y": 791.0}, {"x": 404.0, "y": 790.0}, {"x": 405.0, "y": 809.0}, {"x": 274.0, "y": 810.0}]}, "description": "AMERICAN EXPRESS"}, {"boundingPoly": {"vertices": [{"x": 273.0, "y": 813.0}, {"x": 322.0, "y": 812.0}, {"x": 322.0, "y": 830.0}, {"x": 274.0, "y": 831.0}]}, "description": "CREDIT"}, {"boundingPoly": {"vertices": [{"x": 271.0, "y": 832.0}, {"x": 340.0, "y": 830.0}, {"x": 341.0, "y": 850.0}, {"x": 271.0, "y": 851.0}]}, "description": "PURCHASE"}, {"boundingPoly": {"vertices": [{"x": 273.0, "y": 854.0}, {"x": 312.0, "y": 853.0}, {"x": 312.0, "y": 870.0}, {"x": 273.0, "y": 871.0}]}, "description": "TOTAL"}, {"boundingPoly": {"vertices": [{"x": 270.0, "y": 873.0}, {"x": 340.0, "y": 872.0}, {"x": 340.0, "y": 891.0}, {"x": 270.0, "y": 892.0}]}, "description": "APPROVED"}, {"boundingPoly": {"vertices": [{"x": 270.0, "y": 892.0}, {"x": 337.0, "y": 892.0}, {"x": 337.0, "y": 915.0}, {"x": 270.0, "y": 915.0}]}, "description": " AUTH NO:"}, {"boundingPoly": {"vertices": [{"x": 404.0, "y": 616.0}, {"x": 469.0, "y": 616.0}, {"x": 469.0, "y": 633.0}, {"x": 404.0, "y": 633.0}]}, "description": "92842600"}, {"boundingPoly": {"vertices": [{"x": 418.0, "y": 635.0}, {"x": 469.0, "y": 635.0}, {"x": 468.0, "y": 653.0}, {"x": 419.0, "y": 652.0}]}, "description": "263024"}, {"boundingPoly": {"vertices": [{"x": 364.0, "y": 673.0}, {"x": 468.0, "y": 673.0}, {"x": 468.0, "y": 694.0}, {"x": 364.0, "y": 694.0}]}, "description": " 376096-003(c)"}, {"boundingPoly": {"vertices": [{"x": 276.0, "y": 712.0}, {"x": 312.0, "y": 712.0}, {"x": 312.0, "y": 730.0}, {"x": 276.0, "y": 730.0}]}, "description": " AID:"}, {"boundingPoly": {"vertices": [{"x": 276.0, "y": 731.0}, {"x": 329.0, "y": 731.0}, {"x": 329.0, "y": 750.0}, {"x": 276.0, "y": 750.0}]}, "description": " ATC:20"}, {"boundingPoly": {"vertices": [{"x": 378.0, "y": 731.0}, {"x": 467.0, "y": 731.0}, {"x": 467.0, "y": 750.0}, {"x": 378.0, "y": 750.0}]}, "description": " :0000008000"}, {"boundingPoly": {"vertices": [{"x": 426.0, "y": 772.0}, {"x": 468.0, "y": 772.0}, {"x": 468.0, "y": 790.0}, {"x": 426.0, "y": 790.0}]}, "description": " 06:05"}, {"boundingPoly": {"vertices": [{"x": 423.0, "y": 831.0}, {"x": 467.0, "y": 832.0}, {"x": 466.0, "y": 851.0}, {"x": 423.0, "y": 851.0}]}, "description": "$5.75"}, {"boundingPoly": {"vertices": [{"x": 392.0, "y": 850.0}, {"x": 469.0, "y": 851.0}, {"x": 468.0, "y": 870.0}, {"x": 392.0, "y": 869.0}]}, "description": "AUD $5.75"}, {"boundingPoly": {"vertices": [{"x": 446.0, "y": 872.0}, {"x": 467.0, "y": 873.0}, {"x": 466.0, "y": 888.0}, {"x": 446.0, "y": 887.0}]}, "description": "00"}, {"boundingPoly": {"vertices": [{"x": 415.0, "y": 891.0}, {"x": 467.0, "y": 892.0}, {"x": 466.0, "y": 910.0}, {"x": 414.0, "y": 909.0}]}, "description": "876377"}, {"boundingPoly": {"vertices": [{"x": 434.0, "y": 912.0}, {"x": 466.0, "y": 913.0}, {"x": 465.0, "y": 930.0}, {"x": 434.0, "y": 930.0}]}, "description": "1572"}, {"boundingPoly": {"vertices": [{"x": 270.0, "y": 912.0}, {"x": 359.0, "y": 912.0}, {"x": 359.0, "y": 934.0}, {"x": 270.0, "y": 934.0}]}, "description": " POS REF NO:"}, {"boundingPoly": {"vertices": [{"x": 270.0, "y": 934.0}, {"x": 346.0, "y": 933.0}, {"x": 346.0, "y": 952.0}, {"x": 270.0, "y": 953.0}]}, "description": "THANK YOU"}, {"boundingPoly": {"vertices": [{"x": 265.0, "y": 994.0}, {"x": 375.0, "y": 994.0}, {"x": 375.0, "y": 1018.0}, {"x": 265.0, "y": 1018.0}]}, "description": " Reprinted By:"}, {"boundingPoly": {"vertices": [{"x": 379.0, "y": 993.0}, {"x": 432.0, "y": 993.0}, {"x": 432.0, "y": 1015.0}, {"x": 379.0, "y": 1015.0}]}, "description": " MARINA"}, {"boundingPoly": {"vertices": [{"x": 263.0, "y": 1037.0}, {"x": 352.0, "y": 1037.0}, {"x": 352.0, "y": 1058.0}, {"x": 263.0, "y": 1058.0}]}, "description": " Receipt #:"}, {"boundingPoly": {"vertices": [{"x": 313.0, "y": 1057.0}, {"x": 455.0, "y": 1057.0}, {"x": 455.0, "y": 1079.0}, {"x": 313.0, "y": 1079.0}]}, "description": " 19/11/2019 Time:"}, {"boundingPoly": {"vertices": [{"x": 261.0, "y": 1080.0}, {"x": 315.0, "y": 1080.0}, {"x": 315.0, "y": 1101.0}, {"x": 261.0, "y": 1101.0}]}, "description": " Clerk:"}, {"boundingPoly": {"vertices": [{"x": 262.0, "y": 1102.0}, {"x": 340.0, "y": 1102.0}, {"x": 340.0, "y": 1124.0}, {"x": 262.0, "y": 1124.0}]}, "description": " Terminal:"}, {"boundingPoly": {"vertices": [{"x": 355.0, "y": 1036.0}, {"x": 414.0, "y": 1036.0}, {"x": 414.0, "y": 1057.0}, {"x": 355.0, "y": 1057.0}]}, "description": " 1054987"}, {"boundingPoly": {"vertices": [{"x": 263.0, "y": 1058.0}, {"x": 309.0, "y": 1058.0}, {"x": 309.0, "y": 1079.0}, {"x": 263.0, "y": 1079.0}]}, "description": " Date:"}, {"boundingPoly": {"vertices": [{"x": 459.0, "y": 1057.0}, {"x": 548.0, "y": 1057.0}, {"x": 548.0, "y": 1081.0}, {"x": 459.0, "y": 1081.0}]}, "description": " 6:06:17 AM"}, {"boundingPoly": {"vertices": [{"x": 319.0, "y": 1080.0}, {"x": 407.0, "y": 1080.0}, {"x": 407.0, "y": 1100.0}, {"x": 319.0, "y": 1100.0}]}, "description": " 284 MARINA"}, {"boundingPoly": {"vertices": [{"x": 344.0, "y": 1102.0}, {"x": 556.0, "y": 1102.0}, {"x": 556.0, "y": 1124.0}, {"x": 344.0, "y": 1124.0}]}, "description": " 139 SYD T3 - CORRETTO 139"}]}