{"textAnnotations": [{"boundingPoly": {"vertices": [{"x": 432.0, "y": 104.0}, {"x": 623.0, "y": 101.0}, {"x": 622.0, "y": 167.0}, {"x": 433.0, "y": 171.0}]}, "description": "merchant name"}, {"boundingPoly": {"vertices": [{"x": 365.0, "y": 258.0}, {"x": 680.0, "y": 260.0}, {"x": 679.0, "y": 303.0}, {"x": 364.0, "y": 301.0}]}, "description": "merchant address"}, {"boundingPoly": {"vertices": [{"x": 348.0, "y": 300.0}, {"x": 698.0, "y": 307.0}, {"x": 697.0, "y": 346.0}, {"x": 348.0, "y": 340.0}]}, "description": "merchant address"}, {"boundingPoly": {"vertices": [{"x": 83.0, "y": 342.0}, {"x": 335.0, "y": 344.0}, {"x": 334.0, "y": 381.0}, {"x": 82.0, "y": 377.0}]}, "description": "OMSCHRIJVING"}, {"boundingPoly": {"vertices": [{"x": 87.0, "y": 383.0}, {"x": 473.0, "y": 389.0}, {"x": 472.0, "y": 426.0}, {"x": 86.0, "y": 420.0}]}, "description": "Walnoten Californie"}, {"boundingPoly": {"vertices": [{"x": 85.0, "y": 425.0}, {"x": 433.0, "y": 430.0}, {"x": 432.0, "y": 467.0}, {"x": 84.0, "y": 463.0}]}, "description": "Ciabatta bake-off"}, {"boundingPoly": {"vertices": [{"x": 88.0, "y": 466.0}, {"x": 312.0, "y": 472.0}, {"x": 311.0, "y": 507.0}, {"x": 87.0, "y": 503.0}]}, "description": "Roomdessert"}, {"boundingPoly": {"vertices": [{"x": 89.0, "y": 506.0}, {"x": 394.0, "y": 512.0}, {"x": 393.0, "y": 549.0}, {"x": 88.0, "y": 544.0}]}, "description": "Filet Americain"}, {"boundingPoly": {"vertices": [{"x": 91.0, "y": 548.0}, {"x": 550.0, "y": 554.0}, {"x": 549.0, "y": 592.0}, {"x": 91.0, "y": 585.0}]}, "description": "6\u00d70.2 Frisse fruitdrank"}, {"boundingPoly": {"vertices": [{"x": 833.0, "y": 351.0}, {"x": 899.0, "y": 352.0}, {"x": 900.0, "y": 388.0}, {"x": 833.0, "y": 387.0}]}, "description": "EUR"}, {"boundingPoly": {"vertices": [{"x": 807.0, "y": 395.0}, {"x": 896.0, "y": 394.0}, {"x": 897.0, "y": 428.0}, {"x": 808.0, "y": 430.0}]}, "description": "2,85"}, {"boundingPoly": {"vertices": [{"x": 809.0, "y": 438.0}, {"x": 894.0, "y": 435.0}, {"x": 894.0, "y": 471.0}, {"x": 809.0, "y": 472.0}]}, "description": "0,99"}, {"boundingPoly": {"vertices": [{"x": 808.0, "y": 477.0}, {"x": 891.0, "y": 476.0}, {"x": 890.0, "y": 514.0}, {"x": 808.0, "y": 513.0}]}, "description": "0,99"}, {"boundingPoly": {"vertices": [{"x": 809.0, "y": 520.0}, {"x": 892.0, "y": 518.0}, {"x": 892.0, "y": 555.0}, {"x": 811.0, "y": 553.0}]}, "description": "1,12"}, {"boundingPoly": {"vertices": [{"x": 809.0, "y": 560.0}, {"x": 891.0, "y": 558.0}, {"x": 890.0, "y": 593.0}, {"x": 809.0, "y": 591.0}]}, "description": "1,14"}, {"boundingPoly": {"vertices": [{"x": 92.0, "y": 627.0}, {"x": 295.0, "y": 630.0}, {"x": 295.0, "y": 667.0}, {"x": 92.0, "y": 663.0}]}, "description": "Te betalen"}, {"boundingPoly": {"vertices": [{"x": 487.0, "y": 633.0}, {"x": 583.0, "y": 638.0}, {"x": 583.0, "y": 671.0}, {"x": 488.0, "y": 668.0}]}, "description": "5art ."}, {"boundingPoly": {"vertices": [{"x": 807.0, "y": 636.0}, {"x": 888.0, "y": 636.0}, {"x": 888.0, "y": 674.0}, {"x": 807.0, "y": 674.0}]}, "description": "7.09"}, {"boundingPoly": {"vertices": [{"x": 689.0, "y": 684.0}, {"x": 923.0, "y": 687.0}, {"x": 922.0, "y": 703.0}, {"x": 688.0, "y": 700.0}]}, "description": "============"}, {"boundingPoly": {"vertices": [{"x": 806.0, "y": 716.0}, {"x": 887.0, "y": 717.0}, {"x": 887.0, "y": 752.0}, {"x": 805.0, "y": 752.0}]}, "description": "7,09"}, {"boundingPoly": {"vertices": [{"x": 835.0, "y": 767.0}, {"x": 848.0, "y": 767.0}, {"x": 848.0, "y": 780.0}, {"x": 835.0, "y": 780.0}]}, "description": " -"}, {"boundingPoly": {"vertices": [{"x": 91.0, "y": 706.0}, {"x": 234.0, "y": 709.0}, {"x": 233.0, "y": 746.0}, {"x": 91.0, "y": 742.0}]}, "description": "Bankpas"}, {"boundingPoly": {"vertices": [{"x": 853.0, "y": 767.0}, {"x": 881.0, "y": 767.0}, {"x": 881.0, "y": 782.0}, {"x": 853.0, "y": 782.0}]}, "description": " --"}, {"boundingPoly": {"vertices": [{"x": 150.0, "y": 785.0}, {"x": 412.0, "y": 788.0}, {"x": 411.0, "y": 824.0}, {"x": 150.0, "y": 821.0}]}, "description": "Ticket Client"}, {"boundingPoly": {"vertices": [{"x": 93.0, "y": 863.0}, {"x": 414.0, "y": 863.0}, {"x": 414.0, "y": 903.0}, {"x": 93.0, "y": 903.0}]}, "description": " Ref. Commercant:"}, {"boundingPoly": {"vertices": [{"x": 420.0, "y": 867.0}, {"x": 820.0, "y": 867.0}, {"x": 820.0, "y": 908.0}, {"x": 420.0, "y": 908.0}]}, "description": " NL039284090343275191"}, {"boundingPoly": {"vertices": [{"x": 96.0, "y": 939.0}, {"x": 278.0, "y": 939.0}, {"x": 278.0, "y": 978.0}, {"x": 96.0, "y": 978.0}]}, "description": " Terminal:"}, {"boundingPoly": {"vertices": [{"x": 98.0, "y": 977.0}, {"x": 262.0, "y": 977.0}, {"x": 262.0, "y": 1014.0}, {"x": 98.0, "y": 1014.0}]}, "description": " Periode:"}, {"boundingPoly": {"vertices": [{"x": 98.0, "y": 1017.0}, {"x": 561.0, "y": 1020.0}, {"x": 560.0, "y": 1054.0}, {"x": 98.0, "y": 1050.0}]}, "description": "Maestro (A0000000043060)"}, {"boundingPoly": {"vertices": [{"x": 101.0, "y": 1052.0}, {"x": 237.0, "y": 1054.0}, {"x": 237.0, "y": 1088.0}, {"x": 100.0, "y": 1086.0}]}, "description": "MAESTRO"}, {"boundingPoly": {"vertices": [{"x": 101.0, "y": 1092.0}, {"x": 228.0, "y": 1092.0}, {"x": 228.0, "y": 1127.0}, {"x": 101.0, "y": 1127.0}]}, "description": " Carte:"}, {"boundingPoly": {"vertices": [{"x": 98.0, "y": 1130.0}, {"x": 300.0, "y": 1130.0}, {"x": 300.0, "y": 1166.0}, {"x": 98.0, "y": 1166.0}]}, "description": " No. carte:"}, {"boundingPoly": {"vertices": [{"x": 285.0, "y": 941.0}, {"x": 414.0, "y": 941.0}, {"x": 414.0, "y": 978.0}, {"x": 285.0, "y": 978.0}]}, "description": " 5NTX04"}, {"boundingPoly": {"vertices": [{"x": 269.0, "y": 979.0}, {"x": 355.0, "y": 979.0}, {"x": 355.0, "y": 1015.0}, {"x": 269.0, "y": 1015.0}]}, "description": " 9275"}, {"boundingPoly": {"vertices": [{"x": 484.0, "y": 947.0}, {"x": 713.0, "y": 947.0}, {"x": 713.0, "y": 983.0}, {"x": 484.0, "y": 983.0}]}, "description": " Commercant:"}, {"boundingPoly": {"vertices": [{"x": 464.0, "y": 982.0}, {"x": 708.0, "y": 982.0}, {"x": 708.0, "y": 1021.0}, {"x": 464.0, "y": 1021.0}]}, "description": " Transaction:"}, {"boundingPoly": {"vertices": [{"x": 720.0, "y": 948.0}, {"x": 856.0, "y": 948.0}, {"x": 856.0, "y": 983.0}, {"x": 720.0, "y": 983.0}]}, "description": " 1770001"}, {"boundingPoly": {"vertices": [{"x": 715.0, "y": 987.0}, {"x": 878.0, "y": 987.0}, {"x": 878.0, "y": 1022.0}, {"x": 715.0, "y": 1022.0}]}, "description": " 02420305"}, {"boundingPoly": {"vertices": [{"x": 234.0, "y": 1097.0}, {"x": 498.0, "y": 1097.0}, {"x": 498.0, "y": 1131.0}, {"x": 234.0, "y": 1131.0}]}, "description": " xxxxxxxxxxxxx"}, {"boundingPoly": {"vertices": [{"x": 307.0, "y": 1132.0}, {"x": 350.0, "y": 1132.0}, {"x": 350.0, "y": 1167.0}, {"x": 307.0, "y": 1167.0}]}, "description": " 01"}, {"boundingPoly": {"vertices": [{"x": 96.0, "y": 1203.0}, {"x": 255.0, "y": 1204.0}, {"x": 255.0, "y": 1241.0}, {"x": 96.0, "y": 1241.0}]}, "description": "PAIEMENT"}, {"boundingPoly": {"vertices": [{"x": 97.0, "y": 1244.0}, {"x": 405.0, "y": 1244.0}, {"x": 405.0, "y": 1282.0}, {"x": 97.0, "y": 1282.0}]}, "description": " 02/10/2019 19:01"}, {"boundingPoly": {"vertices": [{"x": 479.0, "y": 1249.0}, {"x": 743.0, "y": 1249.0}, {"x": 743.0, "y": 1288.0}, {"x": 479.0, "y": 1288.0}]}, "description": " Code autoris .:"}, {"boundingPoly": {"vertices": [{"x": 749.0, "y": 1253.0}, {"x": 875.0, "y": 1253.0}, {"x": 875.0, "y": 1289.0}, {"x": 749.0, "y": 1289.0}]}, "description": " 851498"}, {"boundingPoly": {"vertices": [{"x": 96.0, "y": 1321.0}, {"x": 210.0, "y": 1321.0}, {"x": 210.0, "y": 1357.0}, {"x": 96.0, "y": 1357.0}]}, "description": " Total:"}, {"boundingPoly": {"vertices": [{"x": 326.0, "y": 1321.0}, {"x": 484.0, "y": 1323.0}, {"x": 483.0, "y": 1360.0}, {"x": 326.0, "y": 1358.0}]}, "description": "7,09 EUR"}, {"boundingPoly": {"vertices": [{"x": 206.0, "y": 1398.0}, {"x": 365.0, "y": 1398.0}, {"x": 365.0, "y": 1435.0}, {"x": 206.0, "y": 1435.0}]}, "description": "APPROUVE"}, {"boundingPoly": {"vertices": [{"x": 206.0, "y": 1450.0}, {"x": 216.0, "y": 1450.0}, {"x": 216.0, "y": 1463.0}, {"x": 206.0, "y": 1463.0}]}, "description": " -"}, {"boundingPoly": {"vertices": [{"x": 88.0, "y": 1449.0}, {"x": 139.0, "y": 1448.0}, {"x": 139.0, "y": 1461.0}, {"x": 88.0, "y": 1462.0}]}, "description": "---"}, {"boundingPoly": {"vertices": [{"x": 152.0, "y": 1450.0}, {"x": 165.0, "y": 1450.0}, {"x": 165.0, "y": 1463.0}, {"x": 152.0, "y": 1463.0}]}, "description": " -"}, {"boundingPoly": {"vertices": [{"x": 167.0, "y": 1450.0}, {"x": 185.0, "y": 1450.0}, {"x": 185.0, "y": 1463.0}, {"x": 167.0, "y": 1463.0}]}, "description": " --"}, {"boundingPoly": {"vertices": [{"x": 187.0, "y": 1450.0}, {"x": 200.0, "y": 1450.0}, {"x": 200.0, "y": 1463.0}, {"x": 187.0, "y": 1463.0}]}, "description": " -"}, {"boundingPoly": {"vertices": [{"x": 847.0, "y": 1461.0}, {"x": 870.0, "y": 1460.0}, {"x": 870.0, "y": 1472.0}, {"x": 846.0, "y": 1473.0}]}, "description": "....."}, {"boundingPoly": {"vertices": [{"x": 238.0, "y": 1520.0}, {"x": 326.0, "y": 1520.0}, {"x": 326.0, "y": 1556.0}, {"x": 238.0, "y": 1556.0}]}, "description": " Bedr."}, {"boundingPoly": {"vertices": [{"x": 332.0, "y": 1520.0}, {"x": 414.0, "y": 1520.0}, {"x": 414.0, "y": 1556.0}, {"x": 332.0, "y": 1556.0}]}, "description": " Excl"}, {"boundingPoly": {"vertices": [{"x": 332.0, "y": 1560.0}, {"x": 414.0, "y": 1560.0}, {"x": 414.0, "y": 1595.0}, {"x": 332.0, "y": 1595.0}]}, "description": "6.50"}, {"boundingPoly": {"vertices": [{"x": 532.0, "y": 1522.0}, {"x": 599.0, "y": 1525.0}, {"x": 596.0, "y": 1559.0}, {"x": 532.0, "y": 1557.0}]}, "description": "BTW"}, {"boundingPoly": {"vertices": [{"x": 512.0, "y": 1564.0}, {"x": 596.0, "y": 1562.0}, {"x": 594.0, "y": 1599.0}, {"x": 512.0, "y": 1599.0}]}, "description": "0,59"}, {"boundingPoly": {"vertices": [{"x": 692.0, "y": 1527.0}, {"x": 871.0, "y": 1527.0}, {"x": 871.0, "y": 1564.0}, {"x": 691.0, "y": 1563.0}]}, "description": "Bedr. Incl"}, {"boundingPoly": {"vertices": [{"x": 790.0, "y": 1569.0}, {"x": 878.0, "y": 1570.0}, {"x": 877.0, "y": 1606.0}, {"x": 792.0, "y": 1605.0}]}, "description": "7,09"}, {"boundingPoly": {"vertices": [{"x": 318.0, "y": 1803.0}, {"x": 697.0, "y": 1812.0}, {"x": 696.0, "y": 1885.0}, {"x": 317.0, "y": 1875.0}]}, "description": "Exit Code"}, {"boundingPoly": {"vertices": [{"x": 163.0, "y": 2063.0}, {"x": 368.0, "y": 2067.0}, {"x": 366.0, "y": 2111.0}, {"x": 163.0, "y": 2105.0}]}, "description": "090343/84"}, {"boundingPoly": {"vertices": [{"x": 628.0, "y": 2075.0}, {"x": 807.0, "y": 2079.0}, {"x": 807.0, "y": 2120.0}, {"x": 627.0, "y": 2117.0}]}, "description": "02.10.19"}]}