{"textAnnotations": [{"boundingPoly": {"vertices": [{"x": 643.0, "y": 132.0}, {"x": 782.0, "y": 131.0}, {"x": 783.0, "y": 174.0}, {"x": 643.0, "y": 177.0}]}, "description": "merchant name"}, {"boundingPoly": {"vertices": [{"x": 569.0, "y": 207.0}, {"x": 863.0, "y": 202.0}, {"x": 863.0, "y": 235.0}, {"x": 569.0, "y": 238.0}]}, "description": "merchant address"}, {"boundingPoly": {"vertices": [{"x": 621.0, "y": 179.0}, {"x": 808.0, "y": 174.0}, {"x": 808.0, "y": 201.0}, {"x": 621.0, "y": 206.0}]}, "description": "merchant address"}, {"boundingPoly": {"vertices": [{"x": 588.0, "y": 271.0}, {"x": 672.0, "y": 271.0}, {"x": 672.0, "y": 305.0}, {"x": 588.0, "y": 305.0}]}, "description": " Phone:"}, {"boundingPoly": {"vertices": [{"x": 678.0, "y": 267.0}, {"x": 848.0, "y": 267.0}, {"x": 848.0, "y": 302.0}, {"x": 678.0, "y": 302.0}]}, "description": "merchant phone"}, {"boundingPoly": {"vertices": [{"x": 642.0, "y": 337.0}, {"x": 795.0, "y": 334.0}, {"x": 795.0, "y": 367.0}, {"x": 642.0, "y": 369.0}]}, "description": "TAX INVOICE"}, {"boundingPoly": {"vertices": [{"x": 448.0, "y": 508.0}, {"x": 460.0, "y": 508.0}, {"x": 460.0, "y": 528.0}, {"x": 447.0, "y": 529.0}]}, "description": "1"}, {"boundingPoly": {"vertices": [{"x": 509.0, "y": 502.0}, {"x": 756.0, "y": 498.0}, {"x": 757.0, "y": 530.0}, {"x": 509.0, "y": 532.0}]}, "description": "\u00d7 CHAI LATTE - 80Z"}, {"boundingPoly": {"vertices": [{"x": 542.0, "y": 537.0}, {"x": 583.0, "y": 536.0}, {"x": 582.0, "y": 564.0}, {"x": 541.0, "y": 565.0}]}, "description": "T/A"}, {"boundingPoly": {"vertices": [{"x": 569.0, "y": 566.0}, {"x": 732.0, "y": 565.0}, {"x": 732.0, "y": 597.0}, {"x": 569.0, "y": 598.0}]}, "description": "SOY MILK REG"}, {"boundingPoly": {"vertices": [{"x": 443.0, "y": 600.0}, {"x": 731.0, "y": 601.0}, {"x": 731.0, "y": 632.0}, {"x": 443.0, "y": 630.0}]}, "description": "Credit Card Surcharge"}, {"boundingPoly": {"vertices": [{"x": 664.0, "y": 633.0}, {"x": 733.0, "y": 632.0}, {"x": 733.0, "y": 662.0}, {"x": 664.0, "y": 662.0}]}, "description": "0.90%"}, {"boundingPoly": {"vertices": [{"x": 592.0, "y": 670.0}, {"x": 746.0, "y": 670.0}, {"x": 746.0, "y": 720.0}, {"x": 592.0, "y": 720.0}]}, "description": " SALE TOTAL:"}, {"boundingPoly": {"vertices": [{"x": 906.0, "y": 498.0}, {"x": 962.0, "y": 497.0}, {"x": 962.0, "y": 524.0}, {"x": 906.0, "y": 525.0}]}, "description": "4.80"}, {"boundingPoly": {"vertices": [{"x": 905.0, "y": 560.0}, {"x": 963.0, "y": 561.0}, {"x": 962.0, "y": 590.0}, {"x": 904.0, "y": 589.0}]}, "description": "0.80"}, {"boundingPoly": {"vertices": [{"x": 889.0, "y": 597.0}, {"x": 962.0, "y": 597.0}, {"x": 962.0, "y": 622.0}, {"x": 888.0, "y": 623.0}]}, "description": "$0.05"}, {"boundingPoly": {"vertices": [{"x": 886.0, "y": 663.0}, {"x": 968.0, "y": 660.0}, {"x": 970.0, "y": 712.0}, {"x": 888.0, "y": 715.0}]}, "description": "$5.65"}, {"boundingPoly": {"vertices": [{"x": 473.0, "y": 718.0}, {"x": 706.0, "y": 716.0}, {"x": 707.0, "y": 748.0}, {"x": 473.0, "y": 749.0}]}, "description": "INTEGRATED EFTPOS"}, {"boundingPoly": {"vertices": [{"x": 891.0, "y": 713.0}, {"x": 964.0, "y": 710.0}, {"x": 966.0, "y": 740.0}, {"x": 893.0, "y": 743.0}]}, "description": "$5.65"}, {"boundingPoly": {"vertices": [{"x": 557.0, "y": 785.0}, {"x": 745.0, "y": 785.0}, {"x": 745.0, "y": 817.0}, {"x": 557.0, "y": 817.0}]}, "description": " total in sale:"}, {"boundingPoly": {"vertices": [{"x": 892.0, "y": 779.0}, {"x": 960.0, "y": 778.0}, {"x": 961.0, "y": 809.0}, {"x": 893.0, "y": 810.0}]}, "description": "$0.51"}, {"boundingPoly": {"vertices": [{"x": 432.0, "y": 885.0}, {"x": 765.0, "y": 880.0}, {"x": 765.0, "y": 912.0}, {"x": 433.0, "y": 917.0}]}, "description": "COMMONWEALTH BANK EFTPOS"}, {"boundingPoly": {"vertices": [{"x": 433.0, "y": 919.0}, {"x": 711.0, "y": 916.0}, {"x": 711.0, "y": 947.0}, {"x": 433.0, "y": 950.0}]}, "description": "AIRPORT RETAIL ENTER"}, {"boundingPoly": {"vertices": [{"x": 431.0, "y": 952.0}, {"x": 577.0, "y": 951.0}, {"x": 577.0, "y": 982.0}, {"x": 431.0, "y": 983.0}]}, "description": "merchant address"}, {"boundingPoly": {"vertices": [{"x": 435.0, "y": 985.0}, {"x": 545.0, "y": 984.0}, {"x": 545.0, "y": 1014.0}, {"x": 435.0, "y": 1014.0}]}, "description": "TERMINAL"}, {"boundingPoly": {"vertices": [{"x": 433.0, "y": 1018.0}, {"x": 559.0, "y": 1016.0}, {"x": 560.0, "y": 1045.0}, {"x": 433.0, "y": 1048.0}]}, "description": "REFERENCE"}, {"boundingPoly": {"vertices": [{"x": 433.0, "y": 1053.0}, {"x": 615.0, "y": 1048.0}, {"x": 616.0, "y": 1077.0}, {"x": 433.0, "y": 1083.0}]}, "description": "CUSTOMER COPY"}, {"boundingPoly": {"vertices": [{"x": 433.0, "y": 1086.0}, {"x": 559.0, "y": 1086.0}, {"x": 559.0, "y": 1117.0}, {"x": 433.0, "y": 1117.0}]}, "description": " CARD NO:"}, {"boundingPoly": {"vertices": [{"x": 432.0, "y": 1118.0}, {"x": 597.0, "y": 1118.0}, {"x": 597.0, "y": 1151.0}, {"x": 432.0, "y": 1151.0}]}, "description": " EXPIRY DATE:"}, {"boundingPoly": {"vertices": [{"x": 435.0, "y": 1155.0}, {"x": 485.0, "y": 1155.0}, {"x": 485.0, "y": 1185.0}, {"x": 435.0, "y": 1185.0}]}, "description": " AID:"}, {"boundingPoly": {"vertices": [{"x": 426.0, "y": 1189.0}, {"x": 522.0, "y": 1189.0}, {"x": 522.0, "y": 1220.0}, {"x": 426.0, "y": 1220.0}]}, "description": " ATC:82"}, {"boundingPoly": {"vertices": [{"x": 425.0, "y": 1219.0}, {"x": 769.0, "y": 1219.0}, {"x": 769.0, "y": 1255.0}, {"x": 425.0, "y": 1255.0}]}, "description": " CSN:00 E707B2E9A7C1F5CC"}, {"boundingPoly": {"vertices": [{"x": 692.0, "y": 1253.0}, {"x": 760.0, "y": 1253.0}, {"x": 760.0, "y": 1284.0}, {"x": 692.0, "y": 1284.0}]}, "description": " 11:51"}, {"boundingPoly": {"vertices": [{"x": 651.0, "y": 982.0}, {"x": 765.0, "y": 981.0}, {"x": 765.0, "y": 1011.0}, {"x": 651.0, "y": 1012.0}]}, "description": "12119900"}, {"boundingPoly": {"vertices": [{"x": 681.0, "y": 1016.0}, {"x": 765.0, "y": 1014.0}, {"x": 766.0, "y": 1043.0}, {"x": 682.0, "y": 1045.0}]}, "description": "148680"}, {"boundingPoly": {"vertices": [{"x": 582.0, "y": 1083.0}, {"x": 761.0, "y": 1080.0}, {"x": 761.0, "y": 1113.0}, {"x": 582.0, "y": 1115.0}]}, "description": "376096-006(c)"}, {"boundingPoly": {"vertices": [{"x": 545.0, "y": 1152.0}, {"x": 765.0, "y": 1148.0}, {"x": 765.0, "y": 1179.0}, {"x": 545.0, "y": 1183.0}]}, "description": "A000000025010801"}, {"boundingPoly": {"vertices": [{"x": 569.0, "y": 1184.0}, {"x": 768.0, "y": 1184.0}, {"x": 768.0, "y": 1218.0}, {"x": 569.0, "y": 1218.0}]}, "description": " TVR:0000008000"}, {"boundingPoly": {"vertices": [{"x": 423.0, "y": 1258.0}, {"x": 584.0, "y": 1258.0}, {"x": 585.0, "y": 1288.0}, {"x": 423.0, "y": 1291.0}]}, "description": "09 NOV 2019"}, {"boundingPoly": {"vertices": [{"x": 423.0, "y": 1292.0}, {"x": 653.0, "y": 1289.0}, {"x": 654.0, "y": 1322.0}, {"x": 423.0, "y": 1326.0}]}, "description": "AMERICAN EXPRESS"}, {"boundingPoly": {"vertices": [{"x": 424.0, "y": 1330.0}, {"x": 512.0, "y": 1330.0}, {"x": 509.0, "y": 1360.0}, {"x": 425.0, "y": 1363.0}]}, "description": "CREDIT"}, {"boundingPoly": {"vertices": [{"x": 421.0, "y": 1367.0}, {"x": 539.0, "y": 1365.0}, {"x": 539.0, "y": 1396.0}, {"x": 421.0, "y": 1399.0}]}, "description": "PURCHASE"}, {"boundingPoly": {"vertices": [{"x": 421.0, "y": 1401.0}, {"x": 492.0, "y": 1401.0}, {"x": 492.0, "y": 1434.0}, {"x": 421.0, "y": 1435.0}]}, "description": "TOTAL"}, {"boundingPoly": {"vertices": [{"x": 419.0, "y": 1440.0}, {"x": 539.0, "y": 1439.0}, {"x": 539.0, "y": 1471.0}, {"x": 420.0, "y": 1473.0}]}, "description": "APPROVED"}, {"boundingPoly": {"vertices": [{"x": 418.0, "y": 1477.0}, {"x": 533.0, "y": 1477.0}, {"x": 533.0, "y": 1511.0}, {"x": 418.0, "y": 1511.0}]}, "description": " AUTH NO:"}, {"boundingPoly": {"vertices": [{"x": 416.0, "y": 1513.0}, {"x": 575.0, "y": 1513.0}, {"x": 575.0, "y": 1549.0}, {"x": 416.0, "y": 1549.0}]}, "description": " POS REF NO:"}, {"boundingPoly": {"vertices": [{"x": 416.0, "y": 1550.0}, {"x": 553.0, "y": 1549.0}, {"x": 553.0, "y": 1583.0}, {"x": 416.0, "y": 1584.0}]}, "description": "THANK YOU"}, {"boundingPoly": {"vertices": [{"x": 691.0, "y": 1362.0}, {"x": 772.0, "y": 1360.0}, {"x": 772.0, "y": 1392.0}, {"x": 692.0, "y": 1395.0}]}, "description": "$5.65"}, {"boundingPoly": {"vertices": [{"x": 634.0, "y": 1399.0}, {"x": 773.0, "y": 1399.0}, {"x": 773.0, "y": 1433.0}, {"x": 634.0, "y": 1434.0}]}, "description": "AUD $5.65"}, {"boundingPoly": {"vertices": [{"x": 735.0, "y": 1435.0}, {"x": 772.0, "y": 1437.0}, {"x": 771.0, "y": 1468.0}, {"x": 734.0, "y": 1465.0}]}, "description": "00"}, {"boundingPoly": {"vertices": [{"x": 679.0, "y": 1472.0}, {"x": 772.0, "y": 1472.0}, {"x": 773.0, "y": 1507.0}, {"x": 679.0, "y": 1506.0}]}, "description": "824184"}, {"boundingPoly": {"vertices": [{"x": 704.0, "y": 1513.0}, {"x": 772.0, "y": 1512.0}, {"x": 770.0, "y": 1543.0}, {"x": 705.0, "y": 1544.0}]}, "description": "9805"}, {"boundingPoly": {"vertices": [{"x": 410.0, "y": 1663.0}, {"x": 606.0, "y": 1663.0}, {"x": 606.0, "y": 1701.0}, {"x": 410.0, "y": 1701.0}]}, "description": " Reprinted By:"}, {"boundingPoly": {"vertices": [{"x": 613.0, "y": 1663.0}, {"x": 694.0, "y": 1663.0}, {"x": 694.0, "y": 1701.0}, {"x": 613.0, "y": 1701.0}]}, "description": " SAFAL"}, {"boundingPoly": {"vertices": [{"x": 410.0, "y": 1739.0}, {"x": 566.0, "y": 1739.0}, {"x": 566.0, "y": 1772.0}, {"x": 410.0, "y": 1772.0}]}, "description": " Receipt #:"}, {"boundingPoly": {"vertices": [{"x": 412.0, "y": 1775.0}, {"x": 490.0, "y": 1775.0}, {"x": 490.0, "y": 1810.0}, {"x": 412.0, "y": 1810.0}]}, "description": " Date:"}, {"boundingPoly": {"vertices": [{"x": 413.0, "y": 1811.0}, {"x": 506.0, "y": 1811.0}, {"x": 506.0, "y": 1844.0}, {"x": 413.0, "y": 1844.0}]}, "description": " Clerk:"}, {"boundingPoly": {"vertices": [{"x": 413.0, "y": 1847.0}, {"x": 551.0, "y": 1847.0}, {"x": 551.0, "y": 1882.0}, {"x": 413.0, "y": 1882.0}]}, "description": " Terminal:"}, {"boundingPoly": {"vertices": [{"x": 571.0, "y": 1739.0}, {"x": 666.0, "y": 1739.0}, {"x": 666.0, "y": 1772.0}, {"x": 571.0, "y": 1772.0}]}, "description": " 325439"}, {"boundingPoly": {"vertices": [{"x": 496.0, "y": 1776.0}, {"x": 748.0, "y": 1776.0}, {"x": 748.0, "y": 1812.0}, {"x": 496.0, "y": 1812.0}]}, "description": " 9/11/2019 Time:"}, {"boundingPoly": {"vertices": [{"x": 754.0, "y": 1777.0}, {"x": 929.0, "y": 1777.0}, {"x": 929.0, "y": 1813.0}, {"x": 754.0, "y": 1813.0}]}, "description": " 11:52:10 AM"}, {"boundingPoly": {"vertices": [{"x": 512.0, "y": 1811.0}, {"x": 660.0, "y": 1811.0}, {"x": 660.0, "y": 1846.0}, {"x": 512.0, "y": 1846.0}]}, "description": " 345 SAFAL"}, {"boundingPoly": {"vertices": [{"x": 557.0, "y": 1848.0}, {"x": 971.0, "y": 1848.0}, {"x": 971.0, "y": 1884.0}, {"x": 557.0, "y": 1884.0}]}, "description": " 409 SYD T1 - Peroni Bar 409"}, {"boundingPoly": {"vertices": [{"x": 709.0, "y": 1921.0}, {"x": 755.0, "y": 1920.0}, {"x": 758.0, "y": 1970.0}, {"x": 712.0, "y": 1971.0}]}, "description": "088"}]}