{"textAnnotations": [{"boundingPoly": {"vertices": [{"x": 79.0, "y": 63.0}, {"x": 453.0, "y": 75.0}, {"x": 452.0, "y": 107.0}, {"x": 79.0, "y": 97.0}]}, "description": "merchant name"}, {"boundingPoly": {"vertices": [{"x": 79.0, "y": 131.0}, {"x": 298.0, "y": 137.0}, {"x": 297.0, "y": 163.0}, {"x": 79.0, "y": 157.0}]}, "description": "merchant address"}, {"boundingPoly": {"vertices": [{"x": 78.0, "y": 171.0}, {"x": 276.0, "y": 173.0}, {"x": 276.0, "y": 200.0}, {"x": 78.0, "y": 197.0}]}, "description": "merchant address"}, {"boundingPoly": {"vertices": [{"x": 79.0, "y": 208.0}, {"x": 272.0, "y": 209.0}, {"x": 272.0, "y": 239.0}, {"x": 79.0, "y": 238.0}]}, "description": "merchant phone"}, {"boundingPoly": {"vertices": [{"x": 455.0, "y": 137.0}, {"x": 611.0, "y": 127.0}, {"x": 612.0, "y": 152.0}, {"x": 456.0, "y": 162.0}]}, "description": "Nov 19, 2019"}, {"boundingPoly": {"vertices": [{"x": 496.0, "y": 167.0}, {"x": 605.0, "y": 167.0}, {"x": 605.0, "y": 197.0}, {"x": 496.0, "y": 197.0}]}, "description": " 10:48 AM"}, {"boundingPoly": {"vertices": [{"x": 270.0, "y": 280.0}, {"x": 430.0, "y": 279.0}, {"x": 430.0, "y": 309.0}, {"x": 270.0, "y": 310.0}]}, "description": "PURCHASE"}, {"boundingPoly": {"vertices": [{"x": 84.0, "y": 349.0}, {"x": 348.0, "y": 347.0}, {"x": 348.0, "y": 371.0}, {"x": 84.0, "y": 373.0}]}, "description": "Authorization 509132"}, {"boundingPoly": {"vertices": [{"x": 86.0, "y": 386.0}, {"x": 244.0, "y": 385.0}, {"x": 244.0, "y": 412.0}, {"x": 86.0, "y": 413.0}]}, "description": "Receipt IzUg"}, {"boundingPoly": {"vertices": [{"x": 83.0, "y": 459.0}, {"x": 246.0, "y": 457.0}, {"x": 246.0, "y": 480.0}, {"x": 84.0, "y": 483.0}]}, "description": "Coffee Small"}, {"boundingPoly": {"vertices": [{"x": 543.0, "y": 452.0}, {"x": 609.0, "y": 452.0}, {"x": 609.0, "y": 474.0}, {"x": 544.0, "y": 475.0}]}, "description": "$1.75"}, {"boundingPoly": {"vertices": [{"x": 84.0, "y": 529.0}, {"x": 189.0, "y": 527.0}, {"x": 189.0, "y": 550.0}, {"x": 84.0, "y": 552.0}]}, "description": "Subtotal"}, {"boundingPoly": {"vertices": [{"x": 81.0, "y": 566.0}, {"x": 200.0, "y": 565.0}, {"x": 201.0, "y": 588.0}, {"x": 82.0, "y": 591.0}]}, "description": "Sales Tax"}, {"boundingPoly": {"vertices": [{"x": 544.0, "y": 521.0}, {"x": 611.0, "y": 521.0}, {"x": 611.0, "y": 545.0}, {"x": 544.0, "y": 546.0}]}, "description": "$1.75"}, {"boundingPoly": {"vertices": [{"x": 543.0, "y": 561.0}, {"x": 611.0, "y": 561.0}, {"x": 611.0, "y": 585.0}, {"x": 543.0, "y": 584.0}]}, "description": "$0.15"}, {"boundingPoly": {"vertices": [{"x": 81.0, "y": 650.0}, {"x": 144.0, "y": 649.0}, {"x": 144.0, "y": 671.0}, {"x": 81.0, "y": 672.0}]}, "description": "Total"}, {"boundingPoly": {"vertices": [{"x": 76.0, "y": 684.0}, {"x": 314.0, "y": 681.0}, {"x": 315.0, "y": 711.0}, {"x": 76.0, "y": 715.0}]}, "description": "AmEx 1000 (Swipe)"}, {"boundingPoly": {"vertices": [{"x": 534.0, "y": 641.0}, {"x": 611.0, "y": 643.0}, {"x": 610.0, "y": 670.0}, {"x": 535.0, "y": 667.0}]}, "description": "$1.90"}, {"boundingPoly": {"vertices": [{"x": 545.0, "y": 683.0}, {"x": 611.0, "y": 685.0}, {"x": 609.0, "y": 710.0}, {"x": 545.0, "y": 709.0}]}, "description": "$1.90"}]}