{"textAnnotations": [{"boundingPoly": {"vertices": [{"x": 422.0, "y": 609.0}, {"x": 515.0, "y": 602.0}, {"x": 517.0, "y": 625.0}, {"x": 424.0, "y": 633.0}]}, "description": "merchant name"}, {"boundingPoly": {"vertices": [{"x": 327.0, "y": 666.0}, {"x": 611.0, "y": 642.0}, {"x": 614.0, "y": 673.0}, {"x": 329.0, "y": 694.0}]}, "description": "merchant address"}, {"boundingPoly": {"vertices": [{"x": 386.0, "y": 699.0}, {"x": 630.0, "y": 699.0}, {"x": 630.0, "y": 746.0}, {"x": 386.0, "y": 746.0}]}, "description": " :- 06AALFN6263H1Z1"}, {"boundingPoly": {"vertices": [{"x": 348.0, "y": 692.0}, {"x": 592.0, "y": 675.0}, {"x": 593.0, "y": 704.0}, {"x": 350.0, "y": 720.0}]}, "description": "merchant address"}, {"boundingPoly": {"vertices": [{"x": 310.0, "y": 717.0}, {"x": 382.0, "y": 717.0}, {"x": 382.0, "y": 747.0}, {"x": 310.0, "y": 747.0}]}, "description": " GSTN"}, {"boundingPoly": {"vertices": [{"x": 364.0, "y": 800.0}, {"x": 579.0, "y": 791.0}, {"x": 580.0, "y": 823.0}, {"x": 364.0, "y": 831.0}]}, "description": "[RETAIL INVOICE]"}, {"boundingPoly": {"vertices": [{"x": 370.0, "y": 837.0}, {"x": 585.0, "y": 837.0}, {"x": 585.0, "y": 873.0}, {"x": 370.0, "y": 873.0}]}, "description": " : 19404000048732"}, {"boundingPoly": {"vertices": [{"x": 150.0, "y": 833.0}, {"x": 223.0, "y": 838.0}, {"x": 223.0, "y": 862.0}, {"x": 148.0, "y": 858.0}]}, "description": "Bill No"}, {"boundingPoly": {"vertices": [{"x": 148.0, "y": 862.0}, {"x": 247.0, "y": 868.0}, {"x": 245.0, "y": 893.0}, {"x": 146.0, "y": 887.0}]}, "description": "Bill Date"}, {"boundingPoly": {"vertices": [{"x": 146.0, "y": 892.0}, {"x": 245.0, "y": 896.0}, {"x": 244.0, "y": 919.0}, {"x": 145.0, "y": 915.0}]}, "description": "Card No"}, {"boundingPoly": {"vertices": [{"x": 145.0, "y": 920.0}, {"x": 239.0, "y": 923.0}, {"x": 238.0, "y": 946.0}, {"x": 144.0, "y": 942.0}]}, "description": "Cashier"}, {"boundingPoly": {"vertices": [{"x": 368.0, "y": 865.0}, {"x": 622.0, "y": 865.0}, {"x": 622.0, "y": 900.0}, {"x": 368.0, "y": 900.0}]}, "description": " : 2019-11-22 21:16:58"}, {"boundingPoly": {"vertices": [{"x": 367.0, "y": 903.0}, {"x": 440.0, "y": 903.0}, {"x": 440.0, "y": 927.0}, {"x": 367.0, "y": 927.0}]}, "description": " : 0000"}, {"boundingPoly": {"vertices": [{"x": 368.0, "y": 930.0}, {"x": 471.0, "y": 930.0}, {"x": 471.0, "y": 955.0}, {"x": 368.0, "y": 955.0}]}, "description": " : Cashier"}, {"boundingPoly": {"vertices": [{"x": 142.0, "y": 974.0}, {"x": 280.0, "y": 981.0}, {"x": 278.0, "y": 1008.0}, {"x": 142.0, "y": 1001.0}]}, "description": "Description"}, {"boundingPoly": {"vertices": [{"x": 140.0, "y": 1033.0}, {"x": 404.0, "y": 1042.0}, {"x": 403.0, "y": 1070.0}, {"x": 139.0, "y": 1060.0}]}, "description": "Paneer Shashlik Tikka"}, {"boundingPoly": {"vertices": [{"x": 138.0, "y": 1092.0}, {"x": 243.0, "y": 1096.0}, {"x": 242.0, "y": 1122.0}, {"x": 137.0, "y": 1118.0}]}, "description": "Bill Total"}, {"boundingPoly": {"vertices": [{"x": 135.0, "y": 1123.0}, {"x": 244.0, "y": 1126.0}, {"x": 243.0, "y": 1151.0}, {"x": 135.0, "y": 1149.0}]}, "description": "Discount"}, {"boundingPoly": {"vertices": [{"x": 132.0, "y": 1152.0}, {"x": 331.0, "y": 1157.0}, {"x": 330.0, "y": 1184.0}, {"x": 131.0, "y": 1179.0}]}, "description": "Taxable Amount"}, {"boundingPoly": {"vertices": [{"x": 131.0, "y": 1184.0}, {"x": 219.0, "y": 1184.0}, {"x": 219.0, "y": 1213.0}, {"x": 131.0, "y": 1213.0}]}, "description": " SGST:"}, {"boundingPoly": {"vertices": [{"x": 129.0, "y": 1214.0}, {"x": 220.0, "y": 1214.0}, {"x": 220.0, "y": 1244.0}, {"x": 129.0, "y": 1244.0}]}, "description": " CGST:"}, {"boundingPoly": {"vertices": [{"x": 129.0, "y": 1245.0}, {"x": 216.0, "y": 1246.0}, {"x": 216.0, "y": 1273.0}, {"x": 129.0, "y": 1272.0}]}, "description": "R. Off."}, {"boundingPoly": {"vertices": [{"x": 525.0, "y": 985.0}, {"x": 575.0, "y": 985.0}, {"x": 575.0, "y": 1008.0}, {"x": 524.0, "y": 1009.0}]}, "description": "Qty"}, {"boundingPoly": {"vertices": [{"x": 581.0, "y": 982.0}, {"x": 682.0, "y": 978.0}, {"x": 683.0, "y": 1000.0}, {"x": 582.0, "y": 1005.0}]}, "description": "Amount"}, {"boundingPoly": {"vertices": [{"x": 526.0, "y": 1049.0}, {"x": 536.0, "y": 1047.0}, {"x": 537.0, "y": 1064.0}, {"x": 526.0, "y": 1066.0}]}, "description": "1"}, {"boundingPoly": {"vertices": [{"x": 608.0, "y": 1039.0}, {"x": 646.0, "y": 1038.0}, {"x": 647.0, "y": 1061.0}, {"x": 609.0, "y": 1062.0}]}, "description": "190"}, {"boundingPoly": {"vertices": [{"x": 476.0, "y": 1102.0}, {"x": 518.0, "y": 1102.0}, {"x": 518.0, "y": 1127.0}, {"x": 476.0, "y": 1127.0}]}, "description": " Rs."}, {"boundingPoly": {"vertices": [{"x": 474.0, "y": 1130.0}, {"x": 537.0, "y": 1129.0}, {"x": 538.0, "y": 1154.0}, {"x": 474.0, "y": 1155.0}]}, "description": "Rs. 0"}, {"boundingPoly": {"vertices": [{"x": 522.0, "y": 1158.0}, {"x": 569.0, "y": 1158.0}, {"x": 569.0, "y": 1185.0}, {"x": 522.0, "y": 1185.0}]}, "description": " 190"}, {"boundingPoly": {"vertices": [{"x": 474.0, "y": 1189.0}, {"x": 578.0, "y": 1187.0}, {"x": 579.0, "y": 1213.0}, {"x": 474.0, "y": 1215.0}]}, "description": "Rs. 4.75"}, {"boundingPoly": {"vertices": [{"x": 475.0, "y": 1218.0}, {"x": 574.0, "y": 1216.0}, {"x": 575.0, "y": 1243.0}, {"x": 475.0, "y": 1245.0}]}, "description": "Rs. 4.75"}, {"boundingPoly": {"vertices": [{"x": 474.0, "y": 1249.0}, {"x": 562.0, "y": 1248.0}, {"x": 562.0, "y": 1275.0}, {"x": 474.0, "y": 1276.0}]}, "description": "Rs. 0.5"}, {"boundingPoly": {"vertices": [{"x": 522.0, "y": 1100.0}, {"x": 568.0, "y": 1100.0}, {"x": 568.0, "y": 1126.0}, {"x": 522.0, "y": 1126.0}]}, "description": " 190"}, {"boundingPoly": {"vertices": [{"x": 224.0, "y": 1185.0}, {"x": 316.0, "y": 1185.0}, {"x": 316.0, "y": 1215.0}, {"x": 224.0, "y": 1215.0}]}, "description": " @2.5%"}, {"boundingPoly": {"vertices": [{"x": 225.0, "y": 1217.0}, {"x": 320.0, "y": 1217.0}, {"x": 320.0, "y": 1245.0}, {"x": 225.0, "y": 1245.0}]}, "description": " @2.5%"}, {"boundingPoly": {"vertices": [{"x": 476.0, "y": 1159.0}, {"x": 518.0, "y": 1159.0}, {"x": 518.0, "y": 1185.0}, {"x": 476.0, "y": 1185.0}]}, "description": " Rs."}, {"boundingPoly": {"vertices": [{"x": 313.0, "y": 1311.0}, {"x": 631.0, "y": 1307.0}, {"x": 632.0, "y": 1338.0}, {"x": 313.0, "y": 1341.0}]}, "description": "Amount Payable Rs. 200"}, {"boundingPoly": {"vertices": [{"x": 390.0, "y": 1372.0}, {"x": 504.0, "y": 1372.0}, {"x": 504.0, "y": 1401.0}, {"x": 390.0, "y": 1401.0}]}, "description": " Order No"}, {"boundingPoly": {"vertices": [{"x": 509.0, "y": 1373.0}, {"x": 562.0, "y": 1373.0}, {"x": 562.0, "y": 1401.0}, {"x": 509.0, "y": 1401.0}]}, "description": " : 85"}]}