{"textAnnotations": [{"boundingPoly": {"vertices": [{"x": 150.0, "y": 57.0}, {"x": 280.0, "y": 61.0}, {"x": 279.0, "y": 82.0}, {"x": 149.0, "y": 77.0}]}, "description": "merchant name"}, {"boundingPoly": {"vertices": [{"x": 151.0, "y": 82.0}, {"x": 432.0, "y": 82.0}, {"x": 432.0, "y": 106.0}, {"x": 151.0, "y": 106.0}]}, "description": " deliveries & Loyallea benefits"}, {"boundingPoly": {"vertices": [{"x": 104.0, "y": 105.0}, {"x": 199.0, "y": 105.0}, {"x": 199.0, "y": 127.0}, {"x": 104.0, "y": 127.0}]}, "description": " Order"}, {"boundingPoly": {"vertices": [{"x": 77.0, "y": 130.0}, {"x": 352.0, "y": 133.0}, {"x": 352.0, "y": 153.0}, {"x": 77.0, "y": 148.0}]}, "description": "www.Chaayos.com"}, {"boundingPoly": {"vertices": [{"x": 89.0, "y": 152.0}, {"x": 129.0, "y": 152.0}, {"x": 129.0, "y": 174.0}, {"x": 89.0, "y": 174.0}]}, "description": "merchant address"}, {"boundingPoly": {"vertices": [{"x": 74.0, "y": 173.0}, {"x": 238.0, "y": 173.0}, {"x": 238.0, "y": 199.0}, {"x": 74.0, "y": 199.0}]}, "description": "merchant address"}, {"boundingPoly": {"vertices": [{"x": 4.0, "y": 201.0}, {"x": 130.0, "y": 199.0}, {"x": 130.0, "y": 219.0}, {"x": 4.0, "y": 221.0}]}, "description": "merchant address"}, {"boundingPoly": {"vertices": [{"x": 5.0, "y": 224.0}, {"x": 78.0, "y": 224.0}, {"x": 78.0, "y": 244.0}, {"x": 5.0, "y": 244.0}]}, "description": "merchant address"}, {"boundingPoly": {"vertices": [{"x": 2.0, "y": 82.0}, {"x": 148.0, "y": 82.0}, {"x": 148.0, "y": 105.0}, {"x": 2.0, "y": 105.0}]}, "description": " For blazing fast"}, {"boundingPoly": {"vertices": [{"x": 213.0, "y": 106.0}, {"x": 325.0, "y": 106.0}, {"x": 325.0, "y": 129.0}, {"x": 213.0, "y": 129.0}]}, "description": " Online"}, {"boundingPoly": {"vertices": [{"x": 3.0, "y": 154.0}, {"x": 33.0, "y": 154.0}, {"x": 33.0, "y": 176.0}, {"x": 3.0, "y": 176.0}]}, "description": "merchant address"}, {"boundingPoly": {"vertices": [{"x": 6.0, "y": 176.0}, {"x": 70.0, "y": 176.0}, {"x": 70.0, "y": 202.0}, {"x": 6.0, "y": 202.0}]}, "description": "merchant address"}, {"boundingPoly": {"vertices": [{"x": 36.0, "y": 153.0}, {"x": 85.0, "y": 153.0}, {"x": 85.0, "y": 175.0}, {"x": 36.0, "y": 175.0}]}, "description": "merchant address"}, {"boundingPoly": {"vertices": [{"x": 133.0, "y": 152.0}, {"x": 232.0, "y": 152.0}, {"x": 232.0, "y": 173.0}, {"x": 133.0, "y": 173.0}]}, "description": "merchant address"}, {"boundingPoly": {"vertices": [{"x": 81.0, "y": 224.0}, {"x": 150.0, "y": 224.0}, {"x": 150.0, "y": 243.0}, {"x": 81.0, "y": 243.0}]}, "description": "merchant address"}, {"boundingPoly": {"vertices": [{"x": 5.0, "y": 269.0}, {"x": 51.0, "y": 269.0}, {"x": 51.0, "y": 290.0}, {"x": 5.0, "y": 290.0}]}, "description": " Order"}, {"boundingPoly": {"vertices": [{"x": 5.0, "y": 292.0}, {"x": 97.0, "y": 292.0}, {"x": 97.0, "y": 312.0}, {"x": 5.0, "y": 312.0}]}, "description": "Order Time"}, {"boundingPoly": {"vertices": [{"x": 6.0, "y": 317.0}, {"x": 43.0, "y": 319.0}, {"x": 43.0, "y": 334.0}, {"x": 6.0, "y": 334.0}]}, "description": "Name"}, {"boundingPoly": {"vertices": [{"x": 5.0, "y": 340.0}, {"x": 71.0, "y": 340.0}, {"x": 71.0, "y": 358.0}, {"x": 5.0, "y": 359.0}]}, "description": "Contact"}, {"boundingPoly": {"vertices": [{"x": 7.0, "y": 362.0}, {"x": 71.0, "y": 362.0}, {"x": 71.0, "y": 384.0}, {"x": 7.0, "y": 384.0}]}, "description": " Loyalty"}, {"boundingPoly": {"vertices": [{"x": 55.0, "y": 270.0}, {"x": 78.0, "y": 270.0}, {"x": 78.0, "y": 289.0}, {"x": 55.0, "y": 289.0}]}, "description": " No"}, {"boundingPoly": {"vertices": [{"x": 184.0, "y": 268.0}, {"x": 332.0, "y": 268.0}, {"x": 332.0, "y": 289.0}, {"x": 184.0, "y": 288.0}]}, "description": "4741215249956421"}, {"boundingPoly": {"vertices": [{"x": 186.0, "y": 291.0}, {"x": 330.0, "y": 291.0}, {"x": 330.0, "y": 315.0}, {"x": 186.0, "y": 315.0}]}, "description": " 24/09/2019 19:47"}, {"boundingPoly": {"vertices": [{"x": 185.0, "y": 339.0}, {"x": 207.0, "y": 339.0}, {"x": 207.0, "y": 359.0}, {"x": 185.0, "y": 359.0}]}, "description": " *91"}, {"boundingPoly": {"vertices": [{"x": 185.0, "y": 362.0}, {"x": 207.0, "y": 362.0}, {"x": 207.0, "y": 381.0}, {"x": 186.0, "y": 381.0}]}, "description": "70"}, {"boundingPoly": {"vertices": [{"x": 210.0, "y": 339.0}, {"x": 281.0, "y": 339.0}, {"x": 281.0, "y": 358.0}, {"x": 210.0, "y": 358.0}]}, "description": " -*******"}, {"boundingPoly": {"vertices": [{"x": 284.0, "y": 339.0}, {"x": 313.0, "y": 339.0}, {"x": 313.0, "y": 359.0}, {"x": 284.0, "y": 359.0}]}, "description": " 159"}, {"boundingPoly": {"vertices": [{"x": 75.0, "y": 362.0}, {"x": 135.0, "y": 362.0}, {"x": 135.0, "y": 383.0}, {"x": 75.0, "y": 383.0}]}, "description": " Points"}, {"boundingPoly": {"vertices": [{"x": 8.0, "y": 408.0}, {"x": 46.0, "y": 408.0}, {"x": 46.0, "y": 427.0}, {"x": 8.0, "y": 426.0}]}, "description": "Item"}, {"boundingPoly": {"vertices": [{"x": 7.0, "y": 431.0}, {"x": 82.0, "y": 431.0}, {"x": 82.0, "y": 448.0}, {"x": 7.0, "y": 448.0}]}, "description": "00009963"}, {"boundingPoly": {"vertices": [{"x": 68.0, "y": 452.0}, {"x": 128.0, "y": 452.0}, {"x": 128.0, "y": 471.0}, {"x": 68.0, "y": 471.0}]}, "description": " Bhurji"}, {"boundingPoly": {"vertices": [{"x": 230.0, "y": 407.0}, {"x": 266.0, "y": 408.0}, {"x": 266.0, "y": 426.0}, {"x": 230.0, "y": 425.0}]}, "description": "Qty"}, {"boundingPoly": {"vertices": [{"x": 250.0, "y": 430.0}, {"x": 266.0, "y": 430.0}, {"x": 266.0, "y": 447.0}, {"x": 250.0, "y": 447.0}]}, "description": " 1"}, {"boundingPoly": {"vertices": [{"x": 282.0, "y": 407.0}, {"x": 330.0, "y": 407.0}, {"x": 330.0, "y": 425.0}, {"x": 281.0, "y": 425.0}]}, "description": "Price"}, {"boundingPoly": {"vertices": [{"x": 276.0, "y": 429.0}, {"x": 332.0, "y": 429.0}, {"x": 332.0, "y": 447.0}, {"x": 276.0, "y": 447.0}]}, "description": " 161.90"}, {"boundingPoly": {"vertices": [{"x": 363.0, "y": 408.0}, {"x": 419.0, "y": 410.0}, {"x": 418.0, "y": 426.0}, {"x": 363.0, "y": 425.0}]}, "description": "Amount"}, {"boundingPoly": {"vertices": [{"x": 366.0, "y": 430.0}, {"x": 423.0, "y": 430.0}, {"x": 423.0, "y": 447.0}, {"x": 366.0, "y": 447.0}]}, "description": "161.90"}, {"boundingPoly": {"vertices": [{"x": 6.0, "y": 453.0}, {"x": 64.0, "y": 453.0}, {"x": 64.0, "y": 471.0}, {"x": 6.0, "y": 471.0}]}, "description": " Paneer"}, {"boundingPoly": {"vertices": [{"x": 131.0, "y": 452.0}, {"x": 162.0, "y": 452.0}, {"x": 162.0, "y": 471.0}, {"x": 131.0, "y": 471.0}]}, "description": " Bun"}, {"boundingPoly": {"vertices": [{"x": 5.0, "y": 496.0}, {"x": 55.0, "y": 496.0}, {"x": 55.0, "y": 515.0}, {"x": 6.0, "y": 515.0}]}, "description": "Total"}, {"boundingPoly": {"vertices": [{"x": 4.0, "y": 519.0}, {"x": 129.0, "y": 519.0}, {"x": 129.0, "y": 538.0}, {"x": 4.0, "y": 538.0}]}, "description": "CGST @ 2.50 %"}, {"boundingPoly": {"vertices": [{"x": 7.0, "y": 542.0}, {"x": 102.0, "y": 542.0}, {"x": 102.0, "y": 563.0}, {"x": 7.0, "y": 563.0}]}, "description": " SGST/UTGST"}, {"boundingPoly": {"vertices": [{"x": 6.0, "y": 566.0}, {"x": 48.0, "y": 566.0}, {"x": 48.0, "y": 585.0}, {"x": 6.0, "y": 585.0}]}, "description": " Bill"}, {"boundingPoly": {"vertices": [{"x": 5.0, "y": 589.0}, {"x": 36.0, "y": 589.0}, {"x": 36.0, "y": 609.0}, {"x": 5.0, "y": 609.0}]}, "description": " Rs."}, {"boundingPoly": {"vertices": [{"x": 367.0, "y": 495.0}, {"x": 419.0, "y": 495.0}, {"x": 419.0, "y": 514.0}, {"x": 367.0, "y": 515.0}]}, "description": "161.90"}, {"boundingPoly": {"vertices": [{"x": 382.0, "y": 520.0}, {"x": 419.0, "y": 519.0}, {"x": 419.0, "y": 537.0}, {"x": 382.0, "y": 537.0}]}, "description": "4.05"}, {"boundingPoly": {"vertices": [{"x": 383.0, "y": 542.0}, {"x": 420.0, "y": 543.0}, {"x": 419.0, "y": 560.0}, {"x": 383.0, "y": 559.0}]}, "description": "4,05"}, {"boundingPoly": {"vertices": [{"x": 367.0, "y": 565.0}, {"x": 420.0, "y": 566.0}, {"x": 419.0, "y": 584.0}, {"x": 367.0, "y": 583.0}]}, "description": "170.00"}, {"boundingPoly": {"vertices": [{"x": 105.0, "y": 542.0}, {"x": 119.0, "y": 542.0}, {"x": 119.0, "y": 562.0}, {"x": 105.0, "y": 562.0}]}, "description": " @"}, {"boundingPoly": {"vertices": [{"x": 123.0, "y": 542.0}, {"x": 164.0, "y": 542.0}, {"x": 164.0, "y": 562.0}, {"x": 123.0, "y": 562.0}]}, "description": " 2.50"}, {"boundingPoly": {"vertices": [{"x": 168.0, "y": 542.0}, {"x": 184.0, "y": 542.0}, {"x": 184.0, "y": 562.0}, {"x": 168.0, "y": 562.0}]}, "description": " %"}, {"boundingPoly": {"vertices": [{"x": 52.0, "y": 566.0}, {"x": 100.0, "y": 566.0}, {"x": 100.0, "y": 585.0}, {"x": 52.0, "y": 585.0}]}, "description": " Total"}, {"boundingPoly": {"vertices": [{"x": 77.0, "y": 588.0}, {"x": 182.0, "y": 588.0}, {"x": 182.0, "y": 608.0}, {"x": 77.0, "y": 608.0}]}, "description": " Hundred and"}, {"boundingPoly": {"vertices": [{"x": 40.0, "y": 589.0}, {"x": 73.0, "y": 589.0}, {"x": 73.0, "y": 608.0}, {"x": 40.0, "y": 608.0}]}, "description": " One"}, {"boundingPoly": {"vertices": [{"x": 186.0, "y": 588.0}, {"x": 253.0, "y": 588.0}, {"x": 253.0, "y": 607.0}, {"x": 186.0, "y": 607.0}]}, "description": " Seventy"}, {"boundingPoly": {"vertices": [{"x": 257.0, "y": 588.0}, {"x": 296.0, "y": 588.0}, {"x": 296.0, "y": 607.0}, {"x": 257.0, "y": 607.0}]}, "description": " only"}, {"boundingPoly": {"vertices": [{"x": 6.0, "y": 635.0}, {"x": 46.0, "y": 635.0}, {"x": 46.0, "y": 655.0}, {"x": 6.0, "y": 655.0}]}, "description": " AMEX"}, {"boundingPoly": {"vertices": [{"x": 49.0, "y": 635.0}, {"x": 91.0, "y": 635.0}, {"x": 91.0, "y": 654.0}, {"x": 49.0, "y": 654.0}]}, "description": " Card"}, {"boundingPoly": {"vertices": [{"x": 366.0, "y": 631.0}, {"x": 421.0, "y": 632.0}, {"x": 421.0, "y": 655.0}, {"x": 365.0, "y": 654.0}]}, "description": "170.00"}, {"boundingPoly": {"vertices": [{"x": 6.0, "y": 679.0}, {"x": 38.0, "y": 680.0}, {"x": 38.0, "y": 699.0}, {"x": 6.0, "y": 698.0}]}, "description": "CIN"}, {"boundingPoly": {"vertices": [{"x": 7.0, "y": 702.0}, {"x": 59.0, "y": 702.0}, {"x": 59.0, "y": 721.0}, {"x": 7.0, "y": 721.0}]}, "description": " GSTIN"}, {"boundingPoly": {"vertices": [{"x": 6.0, "y": 723.0}, {"x": 82.0, "y": 723.0}, {"x": 82.0, "y": 748.0}, {"x": 6.0, "y": 748.0}]}, "description": " Sunshine"}, {"boundingPoly": {"vertices": [{"x": 70.0, "y": 679.0}, {"x": 258.0, "y": 676.0}, {"x": 258.0, "y": 695.0}, {"x": 70.0, "y": 698.0}]}, "description": "055204012012PTC304447"}, {"boundingPoly": {"vertices": [{"x": 69.0, "y": 700.0}, {"x": 210.0, "y": 700.0}, {"x": 210.0, "y": 721.0}, {"x": 69.0, "y": 721.0}]}, "description": " 06AARCS3853MIZN"}, {"boundingPoly": {"vertices": [{"x": 87.0, "y": 721.0}, {"x": 161.0, "y": 721.0}, {"x": 161.0, "y": 746.0}, {"x": 87.0, "y": 746.0}]}, "description": " Teahouse"}, {"boundingPoly": {"vertices": [{"x": 8.0, "y": 745.0}, {"x": 182.0, "y": 745.0}, {"x": 182.0, "y": 768.0}, {"x": 8.0, "y": 768.0}]}, "description": " Ist , #382 , 100'"}, {"boundingPoly": {"vertices": [{"x": 41.0, "y": 769.0}, {"x": 119.0, "y": 769.0}, {"x": 119.0, "y": 791.0}, {"x": 41.0, "y": 791.0}]}, "description": " Delhi 30"}, {"boundingPoly": {"vertices": [{"x": 5.0, "y": 797.0}, {"x": 198.0, "y": 790.0}, {"x": 199.0, "y": 809.0}, {"x": 6.0, "y": 816.0}]}, "description": "experiments with chai"}, {"boundingPoly": {"vertices": [{"x": 166.0, "y": 721.0}, {"x": 305.0, "y": 721.0}, {"x": 305.0, "y": 745.0}, {"x": 166.0, "y": 745.0}]}, "description": " Private Limited"}, {"boundingPoly": {"vertices": [{"x": 185.0, "y": 745.0}, {"x": 296.0, "y": 745.0}, {"x": 296.0, "y": 766.0}, {"x": 185.0, "y": 766.0}]}, "description": " Rd, Chitorni"}, {"boundingPoly": {"vertices": [{"x": 5.0, "y": 772.0}, {"x": 38.0, "y": 772.0}, {"x": 38.0, "y": 793.0}, {"x": 5.0, "y": 793.0}]}, "description": " New"}]}