{"textAnnotations": [{"boundingPoly": {"vertices": [{"x": 80.0, "y": 111.0}, {"x": 431.0, "y": 120.0}, {"x": 430.0, "y": 150.0}, {"x": 79.0, "y": 130.0}]}, "description": "will ........ TRANSACTION RECORO"}, {"boundingPoly": {"vertices": [{"x": 193.0, "y": 179.0}, {"x": 419.0, "y": 184.0}, {"x": 419.0, "y": 213.0}, {"x": 193.0, "y": 207.0}]}, "description": "merchant address"}, {"boundingPoly": {"vertices": [{"x": 199.0, "y": 212.0}, {"x": 415.0, "y": 216.0}, {"x": 415.0, "y": 247.0}, {"x": 198.0, "y": 243.0}]}, "description": "merchant address"}, {"boundingPoly": {"vertices": [{"x": 174.0, "y": 140.0}, {"x": 441.0, "y": 148.0}, {"x": 440.0, "y": 179.0}, {"x": 173.0, "y": 171.0}]}, "description": "merchant name"}, {"boundingPoly": {"vertices": [{"x": 222.0, "y": 288.0}, {"x": 392.0, "y": 291.0}, {"x": 392.0, "y": 325.0}, {"x": 222.0, "y": 322.0}]}, "description": "Purchase"}, {"boundingPoly": {"vertices": [{"x": 56.0, "y": 360.0}, {"x": 206.0, "y": 364.0}, {"x": 205.0, "y": 391.0}, {"x": 55.0, "y": 387.0}]}, "description": "Nov 20,2019"}, {"boundingPoly": {"vertices": [{"x": 57.0, "y": 395.0}, {"x": 133.0, "y": 397.0}, {"x": 133.0, "y": 420.0}, {"x": 56.0, "y": 418.0}]}, "description": "AMEX"}, {"boundingPoly": {"vertices": [{"x": 57.0, "y": 428.0}, {"x": 106.0, "y": 428.0}, {"x": 106.0, "y": 457.0}, {"x": 57.0, "y": 457.0}]}, "description": " TID:"}, {"boundingPoly": {"vertices": [{"x": 59.0, "y": 464.0}, {"x": 180.0, "y": 464.0}, {"x": 180.0, "y": 492.0}, {"x": 59.0, "y": 492.0}]}, "description": " Sequence:"}, {"boundingPoly": {"vertices": [{"x": 58.0, "y": 500.0}, {"x": 159.0, "y": 500.0}, {"x": 159.0, "y": 531.0}, {"x": 58.0, "y": 531.0}]}, "description": " Auth#:"}, {"boundingPoly": {"vertices": [{"x": 57.0, "y": 542.0}, {"x": 128.0, "y": 542.0}, {"x": 128.0, "y": 567.0}, {"x": 57.0, "y": 567.0}]}, "description": " Batch:"}, {"boundingPoly": {"vertices": [{"x": 446.0, "y": 352.0}, {"x": 544.0, "y": 352.0}, {"x": 544.0, "y": 382.0}, {"x": 446.0, "y": 382.0}]}, "description": " 20:57:50"}, {"boundingPoly": {"vertices": [{"x": 337.0, "y": 402.0}, {"x": 541.0, "y": 386.0}, {"x": 543.0, "y": 408.0}, {"x": 339.0, "y": 421.0}]}, "description": "*********** 3008"}, {"boundingPoly": {"vertices": [{"x": 448.0, "y": 419.0}, {"x": 543.0, "y": 419.0}, {"x": 543.0, "y": 452.0}, {"x": 448.0, "y": 452.0}]}, "description": " Chip (C)"}, {"boundingPoly": {"vertices": [{"x": 110.0, "y": 429.0}, {"x": 225.0, "y": 429.0}, {"x": 225.0, "y": 459.0}, {"x": 110.0, "y": 459.0}]}, "description": " 14002311"}, {"boundingPoly": {"vertices": [{"x": 386.0, "y": 425.0}, {"x": 444.0, "y": 425.0}, {"x": 444.0, "y": 454.0}, {"x": 386.0, "y": 454.0}]}, "description": " Entry:"}, {"boundingPoly": {"vertices": [{"x": 185.0, "y": 466.0}, {"x": 278.0, "y": 466.0}, {"x": 278.0, "y": 492.0}, {"x": 185.0, "y": 492.0}]}, "description": " 016 831"}, {"boundingPoly": {"vertices": [{"x": 165.0, "y": 502.0}, {"x": 267.0, "y": 502.0}, {"x": 267.0, "y": 531.0}, {"x": 165.0, "y": 531.0}]}, "description": " 859579"}, {"boundingPoly": {"vertices": [{"x": 133.0, "y": 542.0}, {"x": 182.0, "y": 542.0}, {"x": 182.0, "y": 567.0}, {"x": 133.0, "y": 567.0}]}, "description": " 016"}, {"boundingPoly": {"vertices": [{"x": 342.0, "y": 496.0}, {"x": 455.0, "y": 496.0}, {"x": 455.0, "y": 526.0}, {"x": 342.0, "y": 526.0}]}, "description": " Response:"}, {"boundingPoly": {"vertices": [{"x": 459.0, "y": 490.0}, {"x": 540.0, "y": 490.0}, {"x": 540.0, "y": 521.0}, {"x": 459.0, "y": 521.0}]}, "description": " 00-025"}, {"boundingPoly": {"vertices": [{"x": 55.0, "y": 609.0}, {"x": 146.0, "y": 609.0}, {"x": 146.0, "y": 633.0}, {"x": 55.0, "y": 632.0}]}, "description": "Amount"}, {"boundingPoly": {"vertices": [{"x": 57.0, "y": 642.0}, {"x": 95.0, "y": 645.0}, {"x": 93.0, "y": 671.0}, {"x": 56.0, "y": 667.0}]}, "description": "Tip"}, {"boundingPoly": {"vertices": [{"x": 454.0, "y": 598.0}, {"x": 538.0, "y": 596.0}, {"x": 538.0, "y": 620.0}, {"x": 454.0, "y": 622.0}]}, "description": "$ 43.28"}, {"boundingPoly": {"vertices": [{"x": 466.0, "y": 630.0}, {"x": 537.0, "y": 629.0}, {"x": 538.0, "y": 652.0}, {"x": 467.0, "y": 654.0}]}, "description": "$ 6.50"}, {"boundingPoly": {"vertices": [{"x": 56.0, "y": 714.0}, {"x": 152.0, "y": 712.0}, {"x": 153.0, "y": 744.0}, {"x": 56.0, "y": 747.0}]}, "description": "Total"}, {"boundingPoly": {"vertices": [{"x": 406.0, "y": 701.0}, {"x": 535.0, "y": 701.0}, {"x": 536.0, "y": 734.0}, {"x": 406.0, "y": 736.0}]}, "description": "$ 49.78"}, {"boundingPoly": {"vertices": [{"x": 51.0, "y": 826.0}, {"x": 283.0, "y": 815.0}, {"x": 284.0, "y": 842.0}, {"x": 52.0, "y": 854.0}]}, "description": "A000000025010801"}, {"boundingPoly": {"vertices": [{"x": 53.0, "y": 891.0}, {"x": 357.0, "y": 882.0}, {"x": 358.0, "y": 906.0}, {"x": 54.0, "y": 917.0}]}, "description": "TVR 0000008000 TSI F800"}, {"boundingPoly": {"vertices": [{"x": 52.0, "y": 860.0}, {"x": 307.0, "y": 849.0}, {"x": 308.0, "y": 873.0}, {"x": 53.0, "y": 885.0}]}, "description": "AMERICAN EXPRESS"}, {"boundingPoly": {"vertices": [{"x": 209.0, "y": 954.0}, {"x": 381.0, "y": 949.0}, {"x": 383.0, "y": 987.0}, {"x": 209.0, "y": 994.0}]}, "description": "Approved"}, {"boundingPoly": {"vertices": [{"x": 76.0, "y": 1008.0}, {"x": 509.0, "y": 1008.0}, {"x": 509.0, "y": 1062.0}, {"x": 76.0, "y": 1062.0}]}, "description": " Important:Retain this copy for your recard"}, {"boundingPoly": {"vertices": [{"x": 206.0, "y": 1092.0}, {"x": 381.0, "y": 1083.0}, {"x": 382.0, "y": 1107.0}, {"x": 207.0, "y": 1116.0}]}, "description": "Cardholder copy"}]}