{"textAnnotations": [{"boundingPoly": {"vertices": [{"x": 405.0, "y": 66.0}, {"x": 442.0, "y": 66.0}, {"x": 442.0, "y": 84.0}, {"x": 405.0, "y": 84.0}]}, "description": " 9:03"}, {"boundingPoly": {"vertices": [{"x": 176.0, "y": 86.0}, {"x": 259.0, "y": 82.0}, {"x": 260.0, "y": 98.0}, {"x": 177.0, "y": 102.0}]}, "description": "11/12/2019"}, {"boundingPoly": {"vertices": [{"x": 254.0, "y": 112.0}, {"x": 291.0, "y": 112.0}, {"x": 291.0, "y": 130.0}, {"x": 254.0, "y": 130.0}]}, "description": " Lake"}, {"boundingPoly": {"vertices": [{"x": 222.0, "y": 129.0}, {"x": 282.0, "y": 129.0}, {"x": 282.0, "y": 147.0}, {"x": 222.0, "y": 147.0}]}, "description": " 3758819"}, {"boundingPoly": {"vertices": [{"x": 226.0, "y": 147.0}, {"x": 267.0, "y": 147.0}, {"x": 267.0, "y": 164.0}, {"x": 226.0, "y": 164.0}]}, "description": " Flora"}, {"boundingPoly": {"vertices": [{"x": 239.0, "y": 162.0}, {"x": 265.0, "y": 162.0}, {"x": 265.0, "y": 178.0}, {"x": 239.0, "y": 178.0}]}, "description": " 375"}, {"boundingPoly": {"vertices": [{"x": 218.0, "y": 114.0}, {"x": 251.0, "y": 114.0}, {"x": 251.0, "y": 132.0}, {"x": 218.0, "y": 132.0}]}, "description": " Salt"}, {"boundingPoly": {"vertices": [{"x": 167.0, "y": 133.0}, {"x": 219.0, "y": 133.0}, {"x": 219.0, "y": 150.0}, {"x": 167.0, "y": 150.0}]}, "description": " Check:"}, {"boundingPoly": {"vertices": [{"x": 165.0, "y": 149.0}, {"x": 223.0, "y": 149.0}, {"x": 223.0, "y": 166.0}, {"x": 165.0, "y": 166.0}]}, "description": " Server:"}, {"boundingPoly": {"vertices": [{"x": 162.0, "y": 164.0}, {"x": 236.0, "y": 164.0}, {"x": 236.0, "y": 182.0}, {"x": 162.0, "y": 182.0}]}, "description": " Terminal:"}, {"boundingPoly": {"vertices": [{"x": 294.0, "y": 105.0}, {"x": 371.0, "y": 105.0}, {"x": 371.0, "y": 128.0}, {"x": 294.0, "y": 128.0}]}, "description": " City AMEX"}, {"boundingPoly": {"vertices": [{"x": 248.0, "y": 194.0}, {"x": 314.0, "y": 193.0}, {"x": 314.0, "y": 208.0}, {"x": 249.0, "y": 210.0}]}, "description": "SLC Amex"}, {"boundingPoly": {"vertices": [{"x": 215.0, "y": 213.0}, {"x": 266.0, "y": 213.0}, {"x": 266.0, "y": 231.0}, {"x": 215.0, "y": 231.0}]}, "description": " Yogurt"}, {"boundingPoly": {"vertices": [{"x": 200.0, "y": 215.0}, {"x": 212.0, "y": 215.0}, {"x": 212.0, "y": 231.0}, {"x": 200.0, "y": 231.0}]}, "description": " 1"}, {"boundingPoly": {"vertices": [{"x": 382.0, "y": 204.0}, {"x": 417.0, "y": 202.0}, {"x": 418.0, "y": 220.0}, {"x": 383.0, "y": 221.0}]}, "description": "1.00"}, {"boundingPoly": {"vertices": [{"x": 213.0, "y": 231.0}, {"x": 310.0, "y": 227.0}, {"x": 310.0, "y": 242.0}, {"x": 213.0, "y": 247.0}]}, "description": "070470006550"}, {"boundingPoly": {"vertices": [{"x": 211.0, "y": 246.0}, {"x": 307.0, "y": 246.0}, {"x": 307.0, "y": 265.0}, {"x": 211.0, "y": 265.0}]}, "description": " 20oz Seattle"}, {"boundingPoly": {"vertices": [{"x": 207.0, "y": 265.0}, {"x": 258.0, "y": 265.0}, {"x": 258.0, "y": 282.0}, {"x": 207.0, "y": 282.0}]}, "description": " Dasani"}, {"boundingPoly": {"vertices": [{"x": 206.0, "y": 284.0}, {"x": 271.0, "y": 281.0}, {"x": 272.0, "y": 296.0}, {"x": 206.0, "y": 299.0}]}, "description": "04997704"}, {"boundingPoly": {"vertices": [{"x": 202.0, "y": 299.0}, {"x": 290.0, "y": 299.0}, {"x": 290.0, "y": 317.0}, {"x": 202.0, "y": 317.0}]}, "description": " Whole Fruit"}, {"boundingPoly": {"vertices": [{"x": 196.0, "y": 250.0}, {"x": 208.0, "y": 250.0}, {"x": 208.0, "y": 266.0}, {"x": 196.0, "y": 266.0}]}, "description": " 1"}, {"boundingPoly": {"vertices": [{"x": 376.0, "y": 241.0}, {"x": 411.0, "y": 240.0}, {"x": 411.0, "y": 257.0}, {"x": 376.0, "y": 259.0}]}, "description": "1.45"}, {"boundingPoly": {"vertices": [{"x": 374.0, "y": 258.0}, {"x": 408.0, "y": 257.0}, {"x": 407.0, "y": 275.0}, {"x": 374.0, "y": 275.0}]}, "description": "1.25"}, {"boundingPoly": {"vertices": [{"x": 194.0, "y": 267.0}, {"x": 204.0, "y": 267.0}, {"x": 204.0, "y": 282.0}, {"x": 194.0, "y": 282.0}]}, "description": " 1"}, {"boundingPoly": {"vertices": [{"x": 189.0, "y": 301.0}, {"x": 199.0, "y": 301.0}, {"x": 199.0, "y": 318.0}, {"x": 189.0, "y": 318.0}]}, "description": " 1"}, {"boundingPoly": {"vertices": [{"x": 365.0, "y": 294.0}, {"x": 402.0, "y": 294.0}, {"x": 402.0, "y": 310.0}, {"x": 365.0, "y": 310.0}]}, "description": "0.60"}, {"boundingPoly": {"vertices": [{"x": 212.0, "y": 334.0}, {"x": 276.0, "y": 332.0}, {"x": 276.0, "y": 348.0}, {"x": 213.0, "y": 350.0}]}, "description": "Subtotal"}, {"boundingPoly": {"vertices": [{"x": 249.0, "y": 350.0}, {"x": 275.0, "y": 351.0}, {"x": 274.0, "y": 365.0}, {"x": 248.0, "y": 364.0}]}, "description": "Tax"}, {"boundingPoly": {"vertices": [{"x": 233.0, "y": 368.0}, {"x": 271.0, "y": 368.0}, {"x": 270.0, "y": 381.0}, {"x": 233.0, "y": 382.0}]}, "description": "Total"}, {"boundingPoly": {"vertices": [{"x": 345.0, "y": 330.0}, {"x": 381.0, "y": 330.0}, {"x": 380.0, "y": 346.0}, {"x": 345.0, "y": 346.0}]}, "description": "4.30"}, {"boundingPoly": {"vertices": [{"x": 341.0, "y": 347.0}, {"x": 377.0, "y": 348.0}, {"x": 376.0, "y": 363.0}, {"x": 340.0, "y": 363.0}]}, "description": "0.34"}, {"boundingPoly": {"vertices": [{"x": 339.0, "y": 365.0}, {"x": 374.0, "y": 365.0}, {"x": 373.0, "y": 381.0}, {"x": 339.0, "y": 381.0}]}, "description": "4.64"}, {"boundingPoly": {"vertices": [{"x": 129.0, "y": 417.0}, {"x": 191.0, "y": 417.0}, {"x": 191.0, "y": 431.0}, {"x": 129.0, "y": 431.0}]}, "description": "AMEX EMV"}, {"boundingPoly": {"vertices": [{"x": 141.0, "y": 433.0}, {"x": 254.0, "y": 433.0}, {"x": 254.0, "y": 448.0}, {"x": 141.0, "y": 448.0}]}, "description": "XXXXXXXXXXX3003"}, {"boundingPoly": {"vertices": [{"x": 173.0, "y": 466.0}, {"x": 300.0, "y": 467.0}, {"x": 300.0, "y": 482.0}, {"x": 173.0, "y": 481.0}]}, "description": "AMERICAN EXPRESS"}, {"boundingPoly": {"vertices": [{"x": 165.0, "y": 483.0}, {"x": 235.0, "y": 483.0}, {"x": 235.0, "y": 500.0}, {"x": 165.0, "y": 500.0}]}, "description": " Signature"}, {"boundingPoly": {"vertices": [{"x": 126.0, "y": 500.0}, {"x": 210.0, "y": 500.0}, {"x": 210.0, "y": 517.0}, {"x": 126.0, "y": 517.0}]}, "description": " Entry Mode:"}, {"boundingPoly": {"vertices": [{"x": 121.0, "y": 516.0}, {"x": 200.0, "y": 516.0}, {"x": 200.0, "y": 533.0}, {"x": 121.0, "y": 533.0}]}, "description": " Auth Mode:"}, {"boundingPoly": {"vertices": [{"x": 118.0, "y": 533.0}, {"x": 152.0, "y": 533.0}, {"x": 152.0, "y": 549.0}, {"x": 118.0, "y": 549.0}]}, "description": " AID:"}, {"boundingPoly": {"vertices": [{"x": 117.0, "y": 550.0}, {"x": 148.0, "y": 550.0}, {"x": 148.0, "y": 566.0}, {"x": 117.0, "y": 566.0}]}, "description": " TVR:"}, {"boundingPoly": {"vertices": [{"x": 113.0, "y": 566.0}, {"x": 146.0, "y": 566.0}, {"x": 146.0, "y": 583.0}, {"x": 113.0, "y": 583.0}]}, "description": " IAD:"}, {"boundingPoly": {"vertices": [{"x": 111.0, "y": 584.0}, {"x": 143.0, "y": 584.0}, {"x": 143.0, "y": 600.0}, {"x": 111.0, "y": 600.0}]}, "description": " TSI:"}, {"boundingPoly": {"vertices": [{"x": 109.0, "y": 600.0}, {"x": 141.0, "y": 600.0}, {"x": 141.0, "y": 616.0}, {"x": 109.0, "y": 616.0}]}, "description": " ARC:"}, {"boundingPoly": {"vertices": [{"x": 348.0, "y": 416.0}, {"x": 381.0, "y": 417.0}, {"x": 381.0, "y": 432.0}, {"x": 347.0, "y": 432.0}]}, "description": "4.64"}, {"boundingPoly": {"vertices": [{"x": 129.0, "y": 483.0}, {"x": 162.0, "y": 483.0}, {"x": 162.0, "y": 499.0}, {"x": 129.0, "y": 499.0}]}, "description": " CVM:"}, {"boundingPoly": {"vertices": [{"x": 212.0, "y": 501.0}, {"x": 246.0, "y": 501.0}, {"x": 246.0, "y": 517.0}, {"x": 212.0, "y": 517.0}]}, "description": " Chip"}, {"boundingPoly": {"vertices": [{"x": 203.0, "y": 518.0}, {"x": 251.0, "y": 518.0}, {"x": 251.0, "y": 534.0}, {"x": 203.0, "y": 534.0}]}, "description": " Issuer"}, {"boundingPoly": {"vertices": [{"x": 154.0, "y": 533.0}, {"x": 278.0, "y": 533.0}, {"x": 278.0, "y": 553.0}, {"x": 154.0, "y": 553.0}]}, "description": " A000000025010801"}, {"boundingPoly": {"vertices": [{"x": 151.0, "y": 550.0}, {"x": 230.0, "y": 550.0}, {"x": 230.0, "y": 569.0}, {"x": 151.0, "y": 569.0}]}, "description": " 0800008000"}, {"boundingPoly": {"vertices": [{"x": 148.0, "y": 568.0}, {"x": 257.0, "y": 568.0}, {"x": 257.0, "y": 587.0}, {"x": 148.0, "y": 587.0}]}, "description": " 06590103603000"}, {"boundingPoly": {"vertices": [{"x": 145.0, "y": 585.0}, {"x": 179.0, "y": 585.0}, {"x": 179.0, "y": 601.0}, {"x": 145.0, "y": 601.0}]}, "description": " F800"}, {"boundingPoly": {"vertices": [{"x": 142.0, "y": 601.0}, {"x": 162.0, "y": 601.0}, {"x": 162.0, "y": 617.0}, {"x": 142.0, "y": 617.0}]}, "description": " 00"}, {"boundingPoly": {"vertices": [{"x": 139.0, "y": 633.0}, {"x": 222.0, "y": 637.0}, {"x": 222.0, "y": 652.0}, {"x": 139.0, "y": 648.0}]}, "description": "GRAND TOTAL"}, {"boundingPoly": {"vertices": [{"x": 298.0, "y": 640.0}, {"x": 332.0, "y": 642.0}, {"x": 331.0, "y": 658.0}, {"x": 296.0, "y": 656.0}]}, "description": "4.64"}, {"boundingPoly": {"vertices": [{"x": 82.0, "y": 677.0}, {"x": 284.0, "y": 677.0}, {"x": 284.0, "y": 707.0}, {"x": 82.0, "y": 707.0}]}, "description": " T375 C1962 11/12/2019 09:04"}, {"boundingPoly": {"vertices": [{"x": 77.0, "y": 698.0}, {"x": 125.0, "y": 702.0}, {"x": 124.0, "y": 713.0}, {"x": 76.0, "y": 708.0}]}, "description": "======="}, {"boundingPoly": {"vertices": [{"x": 123.0, "y": 734.0}, {"x": 195.0, "y": 734.0}, {"x": 195.0, "y": 757.0}, {"x": 123.0, "y": 757.0}]}, "description": " DUPLICATE"}, {"boundingPoly": {"vertices": [{"x": 197.0, "y": 740.0}, {"x": 256.0, "y": 740.0}, {"x": 256.0, "y": 761.0}, {"x": 197.0, "y": 761.0}]}, "description": " RECEIPT"}]}