{"textAnnotations": [{"boundingPoly": {"vertices": [{"x": 132.0, "y": 191.0}, {"x": 225.0, "y": 191.0}, {"x": 225.0, "y": 263.0}, {"x": 132.0, "y": 263.0}]}, "description": " **"}, {"boundingPoly": {"vertices": [{"x": 231.0, "y": 199.0}, {"x": 349.0, "y": 199.0}, {"x": 349.0, "y": 276.0}, {"x": 231.0, "y": 276.0}]}, "description": " TGI"}, {"boundingPoly": {"vertices": [{"x": 331.0, "y": 283.0}, {"x": 695.0, "y": 320.0}, {"x": 688.0, "y": 393.0}, {"x": 325.0, "y": 353.0}]}, "description": "SUNRISE, FL"}, {"boundingPoly": {"vertices": [{"x": 399.0, "y": 451.0}, {"x": 843.0, "y": 490.0}, {"x": 837.0, "y": 556.0}, {"x": 393.0, "y": 520.0}]}, "description": "98008/TOGO EMP"}, {"boundingPoly": {"vertices": [{"x": 206.0, "y": 587.0}, {"x": 570.0, "y": 587.0}, {"x": 570.0, "y": 695.0}, {"x": 206.0, "y": 695.0}]}, "description": "merchant name"}, {"boundingPoly": {"vertices": [{"x": 265.0, "y": 759.0}, {"x": 782.0, "y": 785.0}, {"x": 778.0, "y": 851.0}, {"x": 261.0, "y": 831.0}]}, "description": "merchant address"}, {"boundingPoly": {"vertices": [{"x": 355.0, "y": 210.0}, {"x": 632.0, "y": 210.0}, {"x": 632.0, "y": 306.0}, {"x": 355.0, "y": 306.0}]}, "description": " Friday's"}, {"boundingPoly": {"vertices": [{"x": 401.0, "y": 373.0}, {"x": 596.0, "y": 392.0}, {"x": 587.0, "y": 458.0}, {"x": 393.0, "y": 439.0}]}, "description": "5006.1"}, {"boundingPoly": {"vertices": [{"x": 639.0, "y": 239.0}, {"x": 874.0, "y": 239.0}, {"x": 874.0, "y": 330.0}, {"x": 639.0, "y": 330.0}]}, "description": " #2647 **"}, {"boundingPoly": {"vertices": [{"x": 7.0, "y": 346.0}, {"x": 208.0, "y": 351.0}, {"x": 206.0, "y": 414.0}, {"x": 6.0, "y": 409.0}]}, "description": "TABLE#"}, {"boundingPoly": {"vertices": [{"x": 0.0, "y": 425.0}, {"x": 210.0, "y": 428.0}, {"x": 209.0, "y": 489.0}, {"x": 0.0, "y": 484.0}]}, "description": "SERVER"}, {"boundingPoly": {"vertices": [{"x": 31.0, "y": 503.0}, {"x": 211.0, "y": 510.0}, {"x": 207.0, "y": 570.0}, {"x": 28.0, "y": 566.0}]}, "description": "HECK#"}, {"boundingPoly": {"vertices": [{"x": 398.0, "y": 532.0}, {"x": 539.0, "y": 543.0}, {"x": 532.0, "y": 611.0}, {"x": 391.0, "y": 598.0}]}, "description": "3753"}, {"boundingPoly": {"vertices": [{"x": 215.0, "y": 668.0}, {"x": 848.0, "y": 710.0}, {"x": 844.0, "y": 778.0}, {"x": 210.0, "y": 745.0}]}, "description": "merchant address"}, {"boundingPoly": {"vertices": [{"x": 299.0, "y": 848.0}, {"x": 750.0, "y": 856.0}, {"x": 749.0, "y": 924.0}, {"x": 299.0, "y": 917.0}]}, "description": "merchant phone"}, {"boundingPoly": {"vertices": [{"x": 578.0, "y": 625.0}, {"x": 653.0, "y": 625.0}, {"x": 653.0, "y": 701.0}, {"x": 578.0, "y": 701.0}]}, "description": "merchant name"}, {"boundingPoly": {"vertices": [{"x": 671.0, "y": 632.0}, {"x": 839.0, "y": 632.0}, {"x": 839.0, "y": 708.0}, {"x": 671.0, "y": 708.0}]}, "description": "merchant name"}, {"boundingPoly": {"vertices": [{"x": 10.0, "y": 985.0}, {"x": 1034.0, "y": 1003.0}, {"x": 1033.0, "y": 1070.0}, {"x": 10.0, "y": 1058.0}]}, "description": "****** TRANSACTION RECORD ******"}, {"boundingPoly": {"vertices": [{"x": 207.0, "y": 1071.0}, {"x": 406.0, "y": 1071.0}, {"x": 406.0, "y": 1150.0}, {"x": 207.0, "y": 1150.0}]}, "description": " : 3882"}, {"boundingPoly": {"vertices": [{"x": 202.0, "y": 1150.0}, {"x": 410.0, "y": 1150.0}, {"x": 410.0, "y": 1229.0}, {"x": 202.0, "y": 1229.0}]}, "description": " : 3753"}, {"boundingPoly": {"vertices": [{"x": 301.0, "y": 1233.0}, {"x": 532.0, "y": 1233.0}, {"x": 532.0, "y": 1303.0}, {"x": 301.0, "y": 1303.0}]}, "description": " : 98008"}, {"boundingPoly": {"vertices": [{"x": 206.0, "y": 1306.0}, {"x": 479.0, "y": 1306.0}, {"x": 479.0, "y": 1380.0}, {"x": 206.0, "y": 1380.0}]}, "description": " : 040972"}, {"boundingPoly": {"vertices": [{"x": 13.0, "y": 1059.0}, {"x": 197.0, "y": 1059.0}, {"x": 197.0, "y": 1138.0}, {"x": 13.0, "y": 1138.0}]}, "description": " Tran."}, {"boundingPoly": {"vertices": [{"x": 9.0, "y": 1137.0}, {"x": 192.0, "y": 1137.0}, {"x": 192.0, "y": 1214.0}, {"x": 9.0, "y": 1214.0}]}, "description": " Check"}, {"boundingPoly": {"vertices": [{"x": 6.0, "y": 1216.0}, {"x": 291.0, "y": 1216.0}, {"x": 291.0, "y": 1298.0}, {"x": 6.0, "y": 1298.0}]}, "description": " Employee"}, {"boundingPoly": {"vertices": [{"x": 551.0, "y": 1079.0}, {"x": 729.0, "y": 1079.0}, {"x": 729.0, "y": 1151.0}, {"x": 551.0, "y": 1151.0}]}, "description": " Table"}, {"boundingPoly": {"vertices": [{"x": 742.0, "y": 1080.0}, {"x": 966.0, "y": 1080.0}, {"x": 966.0, "y": 1151.0}, {"x": 742.0, "y": 1151.0}]}, "description": " :5006.1"}, {"boundingPoly": {"vertices": [{"x": 13.0, "y": 1293.0}, {"x": 195.0, "y": 1293.0}, {"x": 195.0, "y": 1368.0}, {"x": 13.0, "y": 1368.0}]}, "description": " Trace"}, {"boundingPoly": {"vertices": [{"x": 7.0, "y": 1453.0}, {"x": 571.0, "y": 1465.0}, {"x": 570.0, "y": 1531.0}, {"x": 5.0, "y": 1515.0}]}, "description": "Pre-Auth Purchase"}, {"boundingPoly": {"vertices": [{"x": 14.0, "y": 1530.0}, {"x": 1042.0, "y": 1546.0}, {"x": 1041.0, "y": 1607.0}, {"x": 13.0, "y": 1596.0}]}, "description": "American Express xxxxxxxxxxx1005"}, {"boundingPoly": {"vertices": [{"x": 12.0, "y": 1607.0}, {"x": 288.0, "y": 1608.0}, {"x": 287.0, "y": 1674.0}, {"x": 12.0, "y": 1672.0}]}, "description": "APPROVED"}, {"boundingPoly": {"vertices": [{"x": 762.0, "y": 1618.0}, {"x": 1046.0, "y": 1618.0}, {"x": 1046.0, "y": 1684.0}, {"x": 762.0, "y": 1683.0}]}, "description": "Chip Read"}, {"boundingPoly": {"vertices": [{"x": 290.0, "y": 1765.0}, {"x": 487.0, "y": 1765.0}, {"x": 487.0, "y": 1828.0}, {"x": 290.0, "y": 1828.0}]}, "description": "Amount"}, {"boundingPoly": {"vertices": [{"x": 733.0, "y": 1769.0}, {"x": 1048.0, "y": 1768.0}, {"x": 1049.0, "y": 1833.0}, {"x": 733.0, "y": 1836.0}]}, "description": "USD $20.21"}, {"boundingPoly": {"vertices": [{"x": 388.0, "y": 1994.0}, {"x": 566.0, "y": 1996.0}, {"x": 569.0, "y": 2067.0}, {"x": 389.0, "y": 2064.0}]}, "description": "Tip $"}, {"boundingPoly": {"vertices": [{"x": 575.0, "y": 1948.0}, {"x": 990.0, "y": 1892.0}, {"x": 1009.0, "y": 2028.0}, {"x": 592.0, "y": 2081.0}]}, "description": "2.20"}, {"boundingPoly": {"vertices": [{"x": 580.0, "y": 2146.0}, {"x": 1042.0, "y": 2146.0}, {"x": 1041.0, "y": 2301.0}, {"x": 580.0, "y": 2298.0}]}, "description": "22. 21"}, {"boundingPoly": {"vertices": [{"x": 114.0, "y": 2380.0}, {"x": 1052.0, "y": 2380.0}, {"x": 1052.0, "y": 2485.0}, {"x": 114.0, "y": 2485.0}]}, "description": " agree to pay the above total"}, {"boundingPoly": {"vertices": [{"x": 534.0, "y": 2563.0}, {"x": 840.0, "y": 2563.0}, {"x": 840.0, "y": 2635.0}, {"x": 534.0, "y": 2635.0}]}, "description": " agreement"}, {"boundingPoly": {"vertices": [{"x": 334.0, "y": 2234.0}, {"x": 569.0, "y": 2233.0}, {"x": 569.0, "y": 2303.0}, {"x": 334.0, "y": 2305.0}]}, "description": "TOTAL $"}, {"boundingPoly": {"vertices": [{"x": 56.0, "y": 2412.0}, {"x": 102.0, "y": 2412.0}, {"x": 102.0, "y": 2486.0}, {"x": 56.0, "y": 2486.0}]}, "description": " I"}, {"boundingPoly": {"vertices": [{"x": 80.0, "y": 2478.0}, {"x": 654.0, "y": 2478.0}, {"x": 654.0, "y": 2566.0}, {"x": 80.0, "y": 2566.0}]}, "description": " amount according"}, {"boundingPoly": {"vertices": [{"x": 302.0, "y": 2572.0}, {"x": 524.0, "y": 2572.0}, {"x": 524.0, "y": 2643.0}, {"x": 302.0, "y": 2643.0}]}, "description": " issuer"}, {"boundingPoly": {"vertices": [{"x": 665.0, "y": 2474.0}, {"x": 753.0, "y": 2474.0}, {"x": 753.0, "y": 2547.0}, {"x": 665.0, "y": 2547.0}]}, "description": " to"}, {"boundingPoly": {"vertices": [{"x": 764.0, "y": 2471.0}, {"x": 876.0, "y": 2471.0}, {"x": 876.0, "y": 2543.0}, {"x": 764.0, "y": 2543.0}]}, "description": " the"}, {"boundingPoly": {"vertices": [{"x": 887.0, "y": 2468.0}, {"x": 1027.0, "y": 2468.0}, {"x": 1027.0, "y": 2537.0}, {"x": 887.0, "y": 2537.0}]}, "description": " card"}, {"boundingPoly": {"vertices": [{"x": 26.0, "y": 2839.0}, {"x": 72.0, "y": 2838.0}, {"x": 74.0, "y": 2890.0}, {"x": 28.0, "y": 2891.0}]}, "description": "X"}, {"boundingPoly": {"vertices": [{"x": 240.0, "y": 2897.0}, {"x": 603.0, "y": 2897.0}, {"x": 603.0, "y": 2962.0}, {"x": 240.0, "y": 2962.0}]}, "description": " Cardholder"}, {"boundingPoly": {"vertices": [{"x": 615.0, "y": 2895.0}, {"x": 934.0, "y": 2895.0}, {"x": 934.0, "y": 2957.0}, {"x": 615.0, "y": 2957.0}]}, "description": " Signature"}, {"boundingPoly": {"vertices": [{"x": 46.0, "y": 3037.0}, {"x": 202.0, "y": 3037.0}, {"x": 202.0, "y": 3102.0}, {"x": 46.0, "y": 3102.0}]}, "description": " RRN:"}, {"boundingPoly": {"vertices": [{"x": 60.0, "y": 3106.0}, {"x": 249.0, "y": 3106.0}, {"x": 249.0, "y": 3169.0}, {"x": 60.0, "y": 3169.0}]}, "description": " Auth."}, {"boundingPoly": {"vertices": [{"x": 213.0, "y": 3022.0}, {"x": 704.0, "y": 3022.0}, {"x": 704.0, "y": 3098.0}, {"x": 213.0, "y": 3098.0}]}, "description": " 000000021645 C"}, {"boundingPoly": {"vertices": [{"x": 259.0, "y": 3099.0}, {"x": 500.0, "y": 3099.0}, {"x": 500.0, "y": 3166.0}, {"x": 259.0, "y": 3166.0}]}, "description": " : 828826"}, {"boundingPoly": {"vertices": [{"x": 67.0, "y": 3178.0}, {"x": 537.0, "y": 3165.0}, {"x": 538.0, "y": 3223.0}, {"x": 67.0, "y": 3238.0}]}, "description": "4/TGIF2647CC03"}, {"boundingPoly": {"vertices": [{"x": 69.0, "y": 3243.0}, {"x": 408.0, "y": 3237.0}, {"x": 409.0, "y": 3296.0}, {"x": 70.0, "y": 3301.0}]}, "description": "11/21/2019"}, {"boundingPoly": {"vertices": [{"x": 623.0, "y": 3093.0}, {"x": 816.0, "y": 3093.0}, {"x": 816.0, "y": 3150.0}, {"x": 623.0, "y": 3150.0}]}, "description": " Mode:"}, {"boundingPoly": {"vertices": [{"x": 656.0, "y": 3163.0}, {"x": 921.0, "y": 3152.0}, {"x": 923.0, "y": 3207.0}, {"x": 658.0, "y": 3216.0}]}, "description": "00 (001)"}, {"boundingPoly": {"vertices": [{"x": 826.0, "y": 3088.0}, {"x": 1020.0, "y": 3088.0}, {"x": 1020.0, "y": 3149.0}, {"x": 826.0, "y": 3149.0}]}, "description": " Issuer"}, {"boundingPoly": {"vertices": [{"x": 787.0, "y": 3213.0}, {"x": 1121.0, "y": 3213.0}, {"x": 1121.0, "y": 3280.0}, {"x": 787.0, "y": 3280.0}]}, "description": " 6:13:24 PM"}, {"boundingPoly": {"vertices": [{"x": 80.0, "y": 3372.0}, {"x": 225.0, "y": 3372.0}, {"x": 225.0, "y": 3431.0}, {"x": 80.0, "y": 3431.0}]}, "description": " AID:"}, {"boundingPoly": {"vertices": [{"x": 86.0, "y": 3436.0}, {"x": 392.0, "y": 3436.0}, {"x": 392.0, "y": 3501.0}, {"x": 86.0, "y": 3501.0}]}, "description": " App Name:"}, {"boundingPoly": {"vertices": [{"x": 88.0, "y": 3505.0}, {"x": 233.0, "y": 3505.0}, {"x": 233.0, "y": 3569.0}, {"x": 88.0, "y": 3569.0}]}, "description": " TVR:"}, {"boundingPoly": {"vertices": [{"x": 96.0, "y": 3574.0}, {"x": 237.0, "y": 3574.0}, {"x": 237.0, "y": 3639.0}, {"x": 96.0, "y": 3639.0}]}, "description": " IAD:"}, {"boundingPoly": {"vertices": [{"x": 96.0, "y": 3643.0}, {"x": 239.0, "y": 3643.0}, {"x": 239.0, "y": 3713.0}, {"x": 96.0, "y": 3713.0}]}, "description": " TSI:"}, {"boundingPoly": {"vertices": [{"x": 235.0, "y": 3359.0}, {"x": 759.0, "y": 3359.0}, {"x": 759.0, "y": 3428.0}, {"x": 235.0, "y": 3428.0}]}, "description": " A000000025010801"}, {"boundingPoly": {"vertices": [{"x": 402.0, "y": 3414.0}, {"x": 925.0, "y": 3414.0}, {"x": 925.0, "y": 3494.0}, {"x": 402.0, "y": 3494.0}]}, "description": " AMERICAN EXPRESS"}, {"boundingPoly": {"vertices": [{"x": 241.0, "y": 3498.0}, {"x": 573.0, "y": 3498.0}, {"x": 573.0, "y": 3563.0}, {"x": 241.0, "y": 3563.0}]}, "description": " 0000008000"}, {"boundingPoly": {"vertices": [{"x": 248.0, "y": 3556.0}, {"x": 701.0, "y": 3556.0}, {"x": 701.0, "y": 3632.0}, {"x": 248.0, "y": 3632.0}]}, "description": " 065A0103602002"}, {"boundingPoly": {"vertices": [{"x": 249.0, "y": 3635.0}, {"x": 389.0, "y": 3635.0}, {"x": 389.0, "y": 3705.0}, {"x": 249.0, "y": 3705.0}]}, "description": " F800"}, {"boundingPoly": {"vertices": [{"x": 386.0, "y": 3774.0}, {"x": 800.0, "y": 3752.0}, {"x": 803.0, "y": 3816.0}, {"x": 387.0, "y": 3837.0}]}, "description": "Customer Copy"}, {"boundingPoly": {"vertices": [{"x": 672.0, "y": 3618.0}, {"x": 814.0, "y": 3618.0}, {"x": 814.0, "y": 3678.0}, {"x": 672.0, "y": 3678.0}]}, "description": " ARC:"}, {"boundingPoly": {"vertices": [{"x": 822.0, "y": 3614.0}, {"x": 896.0, "y": 3614.0}, {"x": 896.0, "y": 3673.0}, {"x": 822.0, "y": 3673.0}]}, "description": " 00"}]}