{"textAnnotations": [{"boundingPoly": {"vertices": [{"x": 198.0, "y": 141.0}, {"x": 321.0, "y": 143.0}, {"x": 321.0, "y": 163.0}, {"x": 198.0, "y": 161.0}]}, "description": "merchant name"}, {"boundingPoly": {"vertices": [{"x": 69.0, "y": 164.0}, {"x": 325.0, "y": 164.0}, {"x": 325.0, "y": 189.0}, {"x": 69.0, "y": 189.0}]}, "description": "merchant address"}, {"boundingPoly": {"vertices": [{"x": 177.0, "y": 192.0}, {"x": 232.0, "y": 192.0}, {"x": 232.0, "y": 213.0}, {"x": 177.0, "y": 213.0}]}, "description": " VAT:"}, {"boundingPoly": {"vertices": [{"x": 329.0, "y": 168.0}, {"x": 447.0, "y": 168.0}, {"x": 447.0, "y": 189.0}, {"x": 329.0, "y": 189.0}]}, "description": "merchant address"}, {"boundingPoly": {"vertices": [{"x": 235.0, "y": 193.0}, {"x": 344.0, "y": 193.0}, {"x": 344.0, "y": 214.0}, {"x": 235.0, "y": 214.0}]}, "description": " 795871659"}, {"boundingPoly": {"vertices": [{"x": 32.0, "y": 239.0}, {"x": 169.0, "y": 239.0}, {"x": 169.0, "y": 259.0}, {"x": 32.0, "y": 259.0}]}, "description": "16934 IoanaA"}, {"boundingPoly": {"vertices": [{"x": 204.0, "y": 290.0}, {"x": 307.0, "y": 291.0}, {"x": 306.0, "y": 310.0}, {"x": 203.0, "y": 309.0}]}, "description": "CHK 32630"}, {"boundingPoly": {"vertices": [{"x": 90.0, "y": 337.0}, {"x": 193.0, "y": 339.0}, {"x": 192.0, "y": 360.0}, {"x": 90.0, "y": 356.0}]}, "description": "Take Away"}, {"boundingPoly": {"vertices": [{"x": 66.0, "y": 361.0}, {"x": 262.0, "y": 361.0}, {"x": 262.0, "y": 387.0}, {"x": 66.0, "y": 387.0}]}, "description": " Still Water Large"}, {"boundingPoly": {"vertices": [{"x": 65.0, "y": 388.0}, {"x": 316.0, "y": 388.0}, {"x": 316.0, "y": 412.0}, {"x": 65.0, "y": 412.0}]}, "description": " Mango & Lime Fruit Pot"}, {"boundingPoly": {"vertices": [{"x": 65.0, "y": 414.0}, {"x": 375.0, "y": 414.0}, {"x": 375.0, "y": 438.0}, {"x": 65.0, "y": 438.0}]}, "description": " Smoked Salmon & Soft Cheese"}, {"boundingPoly": {"vertices": [{"x": 64.0, "y": 439.0}, {"x": 157.0, "y": 441.0}, {"x": 157.0, "y": 461.0}, {"x": 64.0, "y": 460.0}]}, "description": "Sandwich"}, {"boundingPoly": {"vertices": [{"x": 63.0, "y": 466.0}, {"x": 239.0, "y": 466.0}, {"x": 239.0, "y": 488.0}, {"x": 63.0, "y": 487.0}]}, "description": "Credit Card MPG"}, {"boundingPoly": {"vertices": [{"x": 61.0, "y": 492.0}, {"x": 282.0, "y": 493.0}, {"x": 282.0, "y": 515.0}, {"x": 61.0, "y": 514.0}]}, "description": "2100215104659060700"}, {"boundingPoly": {"vertices": [{"x": 47.0, "y": 361.0}, {"x": 62.0, "y": 361.0}, {"x": 62.0, "y": 383.0}, {"x": 47.0, "y": 383.0}]}, "description": " 1"}, {"boundingPoly": {"vertices": [{"x": 46.0, "y": 388.0}, {"x": 61.0, "y": 388.0}, {"x": 61.0, "y": 410.0}, {"x": 46.0, "y": 410.0}]}, "description": " 1"}, {"boundingPoly": {"vertices": [{"x": 46.0, "y": 414.0}, {"x": 61.0, "y": 414.0}, {"x": 61.0, "y": 435.0}, {"x": 46.0, "y": 435.0}]}, "description": " 1"}, {"boundingPoly": {"vertices": [{"x": 437.0, "y": 367.0}, {"x": 483.0, "y": 368.0}, {"x": 483.0, "y": 388.0}, {"x": 436.0, "y": 387.0}]}, "description": "2.20"}, {"boundingPoly": {"vertices": [{"x": 437.0, "y": 393.0}, {"x": 483.0, "y": 393.0}, {"x": 483.0, "y": 413.0}, {"x": 436.0, "y": 413.0}]}, "description": "2.75"}, {"boundingPoly": {"vertices": [{"x": 436.0, "y": 445.0}, {"x": 483.0, "y": 445.0}, {"x": 483.0, "y": 464.0}, {"x": 436.0, "y": 465.0}]}, "description": "3.55"}, {"boundingPoly": {"vertices": [{"x": 394.0, "y": 471.0}, {"x": 486.0, "y": 471.0}, {"x": 486.0, "y": 492.0}, {"x": 394.0, "y": 491.0}]}, "description": "GBP 8.50"}, {"boundingPoly": {"vertices": [{"x": 93.0, "y": 546.0}, {"x": 247.0, "y": 547.0}, {"x": 247.0, "y": 569.0}, {"x": 93.0, "y": 568.0}]}, "description": "0.96 VAT 20 %"}, {"boundingPoly": {"vertices": [{"x": 59.0, "y": 575.0}, {"x": 175.0, "y": 575.0}, {"x": 175.0, "y": 598.0}, {"x": 59.0, "y": 598.0}]}, "description": " Net Total:"}, {"boundingPoly": {"vertices": [{"x": 58.0, "y": 602.0}, {"x": 153.0, "y": 602.0}, {"x": 153.0, "y": 623.0}, {"x": 58.0, "y": 624.0}]}, "description": "Subtotal"}, {"boundingPoly": {"vertices": [{"x": 56.0, "y": 630.0}, {"x": 142.0, "y": 630.0}, {"x": 142.0, "y": 653.0}, {"x": 56.0, "y": 652.0}]}, "description": "Payment"}, {"boundingPoly": {"vertices": [{"x": 21.0, "y": 658.0}, {"x": 151.0, "y": 658.0}, {"x": 151.0, "y": 684.0}, {"x": 21.0, "y": 684.0}]}, "description": " Change Due"}, {"boundingPoly": {"vertices": [{"x": 439.0, "y": 551.0}, {"x": 488.0, "y": 552.0}, {"x": 487.0, "y": 573.0}, {"x": 439.0, "y": 573.0}]}, "description": "5.75"}, {"boundingPoly": {"vertices": [{"x": 396.0, "y": 578.0}, {"x": 489.0, "y": 578.0}, {"x": 489.0, "y": 600.0}, {"x": 396.0, "y": 600.0}]}, "description": "GBP 4.79"}, {"boundingPoly": {"vertices": [{"x": 397.0, "y": 607.0}, {"x": 490.0, "y": 606.0}, {"x": 490.0, "y": 628.0}, {"x": 397.0, "y": 629.0}]}, "description": "GBP 8.50"}, {"boundingPoly": {"vertices": [{"x": 397.0, "y": 635.0}, {"x": 492.0, "y": 635.0}, {"x": 492.0, "y": 657.0}, {"x": 397.0, "y": 657.0}]}, "description": "GBP 8.50"}, {"boundingPoly": {"vertices": [{"x": 160.0, "y": 658.0}, {"x": 257.0, "y": 658.0}, {"x": 257.0, "y": 683.0}, {"x": 160.0, "y": 683.0}]}, "description": " GBP 0.00"}, {"boundingPoly": {"vertices": [{"x": 182.0, "y": 715.0}, {"x": 329.0, "y": 722.0}, {"x": 328.0, "y": 745.0}, {"x": 181.0, "y": 737.0}]}, "description": "Check Closed"}, {"boundingPoly": {"vertices": [{"x": 151.0, "y": 742.0}, {"x": 366.0, "y": 742.0}, {"x": 366.0, "y": 778.0}, {"x": 151.0, "y": 778.0}]}, "description": " 10 Nov'19 18:34 PM"}, {"boundingPoly": {"vertices": [{"x": 101.0, "y": 799.0}, {"x": 400.0, "y": 816.0}, {"x": 398.0, "y": 843.0}, {"x": 101.0, "y": 823.0}]}, "description": "Tell us how we did today."}, {"boundingPoly": {"vertices": [{"x": 100.0, "y": 829.0}, {"x": 403.0, "y": 848.0}, {"x": 401.0, "y": 872.0}, {"x": 100.0, "y": 852.0}]}, "description": "Visit www.mynerovisit.com"}]}