{"textAnnotations": [{"boundingPoly": {"vertices": [{"x": 111.0, "y": 38.0}, {"x": 236.0, "y": 38.0}, {"x": 236.0, "y": 61.0}, {"x": 111.0, "y": 60.0}]}, "description": "820269160"}, {"boundingPoly": {"vertices": [{"x": 439.0, "y": 54.0}, {"x": 664.0, "y": 54.0}, {"x": 664.0, "y": 108.0}, {"x": 439.0, "y": 108.0}]}, "description": "20610"}, {"boundingPoly": {"vertices": [{"x": 438.0, "y": 146.0}, {"x": 582.0, "y": 146.0}, {"x": 582.0, "y": 172.0}, {"x": 438.0, "y": 172.0}]}, "description": "merchant name"}, {"boundingPoly": {"vertices": [{"x": 451.0, "y": 185.0}, {"x": 664.0, "y": 180.0}, {"x": 664.0, "y": 199.0}, {"x": 451.0, "y": 204.0}]}, "description": "merchant address"}, {"boundingPoly": {"vertices": [{"x": 575.0, "y": 220.0}, {"x": 615.0, "y": 220.0}, {"x": 615.0, "y": 236.0}, {"x": 575.0, "y": 236.0}]}, "description": "102/2"}, {"boundingPoly": {"vertices": [{"x": 540.0, "y": 239.0}, {"x": 647.0, "y": 236.0}, {"x": 648.0, "y": 254.0}, {"x": 540.0, "y": 257.0}]}, "description": "61258/Elias C/"}, {"boundingPoly": {"vertices": [{"x": 577.0, "y": 259.0}, {"x": 608.0, "y": 258.0}, {"x": 608.0, "y": 273.0}, {"x": 578.0, "y": 274.0}]}, "description": "3808"}, {"boundingPoly": {"vertices": [{"x": 492.0, "y": 275.0}, {"x": 643.0, "y": 275.0}, {"x": 643.0, "y": 300.0}, {"x": 492.0, "y": 300.0}]}, "description": " 2019/11/08 12:11:30"}, {"boundingPoly": {"vertices": [{"x": 433.0, "y": 312.0}, {"x": 661.0, "y": 312.0}, {"x": 661.0, "y": 333.0}, {"x": 433.0, "y": 333.0}]}, "description": " MERC ID:0075420008031134284601"}, {"boundingPoly": {"vertices": [{"x": 536.0, "y": 332.0}, {"x": 615.0, "y": 332.0}, {"x": 615.0, "y": 352.0}, {"x": 536.0, "y": 352.0}]}, "description": " 1108171130"}, {"boundingPoly": {"vertices": [{"x": 518.0, "y": 351.0}, {"x": 634.0, "y": 351.0}, {"x": 634.0, "y": 369.0}, {"x": 518.0, "y": 369.0}]}, "description": " *********** 1006"}, {"boundingPoly": {"vertices": [{"x": 555.0, "y": 369.0}, {"x": 599.0, "y": 370.0}, {"x": 598.0, "y": 386.0}, {"x": 555.0, "y": 387.0}]}, "description": "XX/XX"}, {"boundingPoly": {"vertices": [{"x": 504.0, "y": 390.0}, {"x": 637.0, "y": 388.0}, {"x": 637.0, "y": 406.0}, {"x": 504.0, "y": 408.0}]}, "description": "AMERICAN EXPRESS"}, {"boundingPoly": {"vertices": [{"x": 498.0, "y": 409.0}, {"x": 591.0, "y": 409.0}, {"x": 591.0, "y": 427.0}, {"x": 498.0, "y": 427.0}]}, "description": " CheckNo:3808"}, {"boundingPoly": {"vertices": [{"x": 496.0, "y": 428.0}, {"x": 552.0, "y": 428.0}, {"x": 552.0, "y": 446.0}, {"x": 496.0, "y": 446.0}]}, "description": " TableNo:"}, {"boundingPoly": {"vertices": [{"x": 465.0, "y": 447.0}, {"x": 570.0, "y": 447.0}, {"x": 570.0, "y": 466.0}, {"x": 465.0, "y": 466.0}]}, "description": " APPROVAL CODE:"}, {"boundingPoly": {"vertices": [{"x": 543.0, "y": 465.0}, {"x": 612.0, "y": 465.0}, {"x": 612.0, "y": 482.0}, {"x": 543.0, "y": 482.0}]}, "description": " Subtotal:"}, {"boundingPoly": {"vertices": [{"x": 120.0, "y": 135.0}, {"x": 265.0, "y": 134.0}, {"x": 265.0, "y": 151.0}, {"x": 120.0, "y": 152.0}]}, "description": "merchant name"}, {"boundingPoly": {"vertices": [{"x": 151.0, "y": 154.0}, {"x": 245.0, "y": 152.0}, {"x": 245.0, "y": 169.0}, {"x": 151.0, "y": 170.0}]}, "description": "merchant address"}, {"boundingPoly": {"vertices": [{"x": 88.0, "y": 170.0}, {"x": 297.0, "y": 170.0}, {"x": 297.0, "y": 189.0}, {"x": 88.0, "y": 189.0}]}, "description": "merchant address"}, {"boundingPoly": {"vertices": [{"x": 111.0, "y": 190.0}, {"x": 218.0, "y": 192.0}, {"x": 218.0, "y": 209.0}, {"x": 111.0, "y": 207.0}]}, "description": "merchant address"}, {"boundingPoly": {"vertices": [{"x": 586.0, "y": 146.0}, {"x": 670.0, "y": 146.0}, {"x": 670.0, "y": 169.0}, {"x": 586.0, "y": 169.0}]}, "description": "merchant name"}, {"boundingPoly": {"vertices": [{"x": 502.0, "y": 167.0}, {"x": 599.0, "y": 166.0}, {"x": 599.0, "y": 183.0}, {"x": 502.0, "y": 185.0}]}, "description": "merchant address"}, {"boundingPoly": {"vertices": [{"x": 75.0, "y": 227.0}, {"x": 148.0, "y": 228.0}, {"x": 148.0, "y": 246.0}, {"x": 75.0, "y": 245.0}]}, "description": "TBL 102/2"}, {"boundingPoly": {"vertices": [{"x": 275.0, "y": 228.0}, {"x": 303.0, "y": 228.0}, {"x": 303.0, "y": 245.0}, {"x": 275.0, "y": 245.0}]}, "description": " GST"}, {"boundingPoly": {"vertices": [{"x": 307.0, "y": 228.0}, {"x": 314.0, "y": 228.0}, {"x": 314.0, "y": 245.0}, {"x": 307.0, "y": 245.0}]}, "description": " 1"}, {"boundingPoly": {"vertices": [{"x": 485.0, "y": 223.0}, {"x": 531.0, "y": 224.0}, {"x": 531.0, "y": 240.0}, {"x": 485.0, "y": 239.0}]}, "description": "TABLE#"}, {"boundingPoly": {"vertices": [{"x": 450.0, "y": 240.0}, {"x": 499.0, "y": 242.0}, {"x": 498.0, "y": 257.0}, {"x": 450.0, "y": 257.0}]}, "description": "SERVER"}, {"boundingPoly": {"vertices": [{"x": 486.0, "y": 261.0}, {"x": 534.0, "y": 260.0}, {"x": 534.0, "y": 276.0}, {"x": 487.0, "y": 277.0}]}, "description": "CHECK#"}, {"boundingPoly": {"vertices": [{"x": 165.0, "y": 248.0}, {"x": 226.0, "y": 248.0}, {"x": 226.0, "y": 265.0}, {"x": 165.0, "y": 265.0}]}, "description": "3808"}, {"boundingPoly": {"vertices": [{"x": 132.0, "y": 267.0}, {"x": 258.0, "y": 267.0}, {"x": 258.0, "y": 285.0}, {"x": 132.0, "y": 285.0}]}, "description": " 08NOV'19 11:51AM"}, {"boundingPoly": {"vertices": [{"x": 91.0, "y": 304.0}, {"x": 101.0, "y": 304.0}, {"x": 101.0, "y": 322.0}, {"x": 91.0, "y": 322.0}]}, "description": " 1"}, {"boundingPoly": {"vertices": [{"x": 92.0, "y": 323.0}, {"x": 102.0, "y": 323.0}, {"x": 102.0, "y": 341.0}, {"x": 92.0, "y": 341.0}]}, "description": " 1"}, {"boundingPoly": {"vertices": [{"x": 104.0, "y": 304.0}, {"x": 203.0, "y": 304.0}, {"x": 203.0, "y": 322.0}, {"x": 104.0, "y": 322.0}]}, "description": " LG SAM ADAMS"}, {"boundingPoly": {"vertices": [{"x": 105.0, "y": 323.0}, {"x": 234.0, "y": 323.0}, {"x": 234.0, "y": 341.0}, {"x": 105.0, "y": 341.0}]}, "description": " TRIPLE CHESEBURG"}, {"boundingPoly": {"vertices": [{"x": 107.0, "y": 342.0}, {"x": 169.0, "y": 343.0}, {"x": 169.0, "y": 360.0}, {"x": 107.0, "y": 360.0}]}, "description": "SUBTOTAL"}, {"boundingPoly": {"vertices": [{"x": 108.0, "y": 363.0}, {"x": 136.0, "y": 363.0}, {"x": 135.0, "y": 378.0}, {"x": 107.0, "y": 378.0}]}, "description": "TAX"}, {"boundingPoly": {"vertices": [{"x": 98.0, "y": 381.0}, {"x": 176.0, "y": 381.0}, {"x": 176.0, "y": 398.0}, {"x": 98.0, "y": 399.0}]}, "description": "TOTAL DUE"}, {"boundingPoly": {"vertices": [{"x": 63.0, "y": 401.0}, {"x": 316.0, "y": 402.0}, {"x": 316.0, "y": 416.0}, {"x": 63.0, "y": 415.0}]}, "description": "********************************"}, {"boundingPoly": {"vertices": [{"x": 65.0, "y": 419.0}, {"x": 311.0, "y": 420.0}, {"x": 311.0, "y": 438.0}, {"x": 65.0, "y": 437.0}]}, "description": "Tell us how we did and enter to"}, {"boundingPoly": {"vertices": [{"x": 63.0, "y": 439.0}, {"x": 316.0, "y": 439.0}, {"x": 316.0, "y": 456.0}, {"x": 63.0, "y": 456.0}]}, "description": "win 2 round trip airline tickets"}, {"boundingPoly": {"vertices": [{"x": 497.0, "y": 298.0}, {"x": 643.0, "y": 294.0}, {"x": 644.0, "y": 309.0}, {"x": 497.0, "y": 314.0}]}, "description": "***** Authorize *****"}, {"boundingPoly": {"vertices": [{"x": 264.0, "y": 305.0}, {"x": 302.0, "y": 305.0}, {"x": 301.0, "y": 321.0}, {"x": 264.0, "y": 321.0}]}, "description": "12.50"}, {"boundingPoly": {"vertices": [{"x": 262.0, "y": 323.0}, {"x": 302.0, "y": 324.0}, {"x": 301.0, "y": 340.0}, {"x": 262.0, "y": 338.0}]}, "description": "5.49"}, {"boundingPoly": {"vertices": [{"x": 259.0, "y": 343.0}, {"x": 301.0, "y": 343.0}, {"x": 302.0, "y": 360.0}, {"x": 258.0, "y": 359.0}]}, "description": "27.99"}, {"boundingPoly": {"vertices": [{"x": 271.0, "y": 363.0}, {"x": 302.0, "y": 363.0}, {"x": 302.0, "y": 379.0}, {"x": 271.0, "y": 379.0}]}, "description": "1.85"}, {"boundingPoly": {"vertices": [{"x": 200.0, "y": 381.0}, {"x": 299.0, "y": 381.0}, {"x": 299.0, "y": 398.0}, {"x": 200.0, "y": 398.0}]}, "description": "$29.84"}, {"boundingPoly": {"vertices": [{"x": 474.0, "y": 334.0}, {"x": 533.0, "y": 334.0}, {"x": 533.0, "y": 353.0}, {"x": 474.0, "y": 353.0}]}, "description": " REF No:"}, {"boundingPoly": {"vertices": [{"x": 460.0, "y": 353.0}, {"x": 512.0, "y": 353.0}, {"x": 512.0, "y": 372.0}, {"x": 460.0, "y": 372.0}]}, "description": " CT No:"}, {"boundingPoly": {"vertices": [{"x": 495.0, "y": 371.0}, {"x": 515.0, "y": 371.0}, {"x": 515.0, "y": 389.0}, {"x": 495.0, "y": 389.0}]}, "description": " EXP"}, {"boundingPoly": {"vertices": [{"x": 517.0, "y": 371.0}, {"x": 529.0, "y": 371.0}, {"x": 529.0, "y": 387.0}, {"x": 517.0, "y": 387.0}]}, "description": " :"}, {"boundingPoly": {"vertices": [{"x": 455.0, "y": 391.0}, {"x": 500.0, "y": 391.0}, {"x": 500.0, "y": 407.0}, {"x": 455.0, "y": 407.0}]}, "description": " CARD:"}, {"boundingPoly": {"vertices": [{"x": 555.0, "y": 428.0}, {"x": 596.0, "y": 428.0}, {"x": 596.0, "y": 446.0}, {"x": 555.0, "y": 446.0}]}, "description": " 102/2"}, {"boundingPoly": {"vertices": [{"x": 574.0, "y": 446.0}, {"x": 624.0, "y": 446.0}, {"x": 624.0, "y": 463.0}, {"x": 574.0, "y": 463.0}]}, "description": " 54028B"}, {"boundingPoly": {"vertices": [{"x": 86.0, "y": 476.0}, {"x": 294.0, "y": 476.0}, {"x": 294.0, "y": 495.0}, {"x": 86.0, "y": 496.0}]}, "description": "Complete a brief survey at"}, {"boundingPoly": {"vertices": [{"x": 101.0, "y": 498.0}, {"x": 278.0, "y": 495.0}, {"x": 278.0, "y": 512.0}, {"x": 101.0, "y": 515.0}]}, "description": "www.areasask.com/31009"}, {"boundingPoly": {"vertices": [{"x": 616.0, "y": 465.0}, {"x": 669.0, "y": 465.0}, {"x": 669.0, "y": 482.0}, {"x": 616.0, "y": 482.0}]}, "description": " $29.84"}, {"boundingPoly": {"vertices": [{"x": 617.0, "y": 492.0}, {"x": 665.0, "y": 492.0}, {"x": 665.0, "y": 520.0}, {"x": 617.0, "y": 520.0}]}, "description": " 6.00"}, {"boundingPoly": {"vertices": [{"x": 618.0, "y": 532.0}, {"x": 680.0, "y": 532.0}, {"x": 680.0, "y": 558.0}, {"x": 618.0, "y": 558.0}]}, "description": " 35 84"}, {"boundingPoly": {"vertices": [{"x": 580.0, "y": 496.0}, {"x": 613.0, "y": 496.0}, {"x": 613.0, "y": 522.0}, {"x": 580.0, "y": 522.0}]}, "description": " Tip:"}, {"boundingPoly": {"vertices": [{"x": 563.0, "y": 535.0}, {"x": 614.0, "y": 535.0}, {"x": 614.0, "y": 559.0}, {"x": 563.0, "y": 559.0}]}, "description": " Total:"}, {"boundingPoly": {"vertices": [{"x": 122.0, "y": 533.0}, {"x": 258.0, "y": 533.0}, {"x": 258.0, "y": 554.0}, {"x": 122.0, "y": 554.0}]}, "description": " Enter code below:"}, {"boundingPoly": {"vertices": [{"x": 98.0, "y": 555.0}, {"x": 280.0, "y": 551.0}, {"x": 280.0, "y": 569.0}, {"x": 98.0, "y": 572.0}]}, "description": "38080-61258-12081-13289"}, {"boundingPoly": {"vertices": [{"x": 55.0, "y": 576.0}, {"x": 312.0, "y": 572.0}, {"x": 313.0, "y": 586.0}, {"x": 55.0, "y": 590.0}]}, "description": "********************************"}, {"boundingPoly": {"vertices": [{"x": 420.0, "y": 579.0}, {"x": 432.0, "y": 580.0}, {"x": 431.0, "y": 597.0}, {"x": 419.0, "y": 596.0}]}, "description": "x"}, {"boundingPoly": {"vertices": [{"x": 111.0, "y": 611.0}, {"x": 256.0, "y": 611.0}, {"x": 256.0, "y": 632.0}, {"x": 111.0, "y": 632.0}]}, "description": " For Guest Service:"}, {"boundingPoly": {"vertices": [{"x": 549.0, "y": 599.0}, {"x": 622.0, "y": 599.0}, {"x": 622.0, "y": 614.0}, {"x": 549.0, "y": 615.0}]}, "description": "Signature"}, {"boundingPoly": {"vertices": [{"x": 525.0, "y": 617.0}, {"x": 628.0, "y": 616.0}, {"x": 628.0, "y": 633.0}, {"x": 525.0, "y": 634.0}]}, "description": "CUSTOMER COPY"}, {"boundingPoly": {"vertices": [{"x": 88.0, "y": 632.0}, {"x": 278.0, "y": 629.0}, {"x": 278.0, "y": 647.0}, {"x": 88.0, "y": 651.0}]}, "description": "Visit areasask.com/31009"}, {"boundingPoly": {"vertices": [{"x": 102.0, "y": 652.0}, {"x": 263.0, "y": 649.0}, {"x": 264.0, "y": 667.0}, {"x": 102.0, "y": 671.0}]}, "description": "Or Call 866.820.1178"}, {"boundingPoly": {"vertices": [{"x": 109.0, "y": 672.0}, {"x": 246.0, "y": 670.0}, {"x": 247.0, "y": 687.0}, {"x": 109.0, "y": 690.0}]}, "description": "# XXXXXXXXXXX1006"}, {"boundingPoly": {"vertices": [{"x": 131.0, "y": 691.0}, {"x": 229.0, "y": 690.0}, {"x": 229.0, "y": 708.0}, {"x": 131.0, "y": 709.0}]}, "description": "AMEX 540288"}, {"boundingPoly": {"vertices": [{"x": 186.0, "y": 710.0}, {"x": 229.0, "y": 709.0}, {"x": 229.0, "y": 726.0}, {"x": 187.0, "y": 727.0}]}, "description": "29.84"}, {"boundingPoly": {"vertices": [{"x": 426.0, "y": 689.0}, {"x": 657.0, "y": 687.0}, {"x": 658.0, "y": 712.0}, {"x": 426.0, "y": 713.0}]}, "description": "009.26916.WWW"}, {"boundingPoly": {"vertices": [{"x": 122.0, "y": 713.0}, {"x": 161.0, "y": 712.0}, {"x": 161.0, "y": 728.0}, {"x": 123.0, "y": 728.0}]}, "description": "Auth"}]}