{"textAnnotations": [{"boundingPoly": {"vertices": [{"x": 402.0, "y": 156.0}, {"x": 750.0, "y": 164.0}, {"x": 749.0, "y": 199.0}, {"x": 401.0, "y": 190.0}]}, "description": "merchant name"}, {"boundingPoly": {"vertices": [{"x": 230.0, "y": 228.0}, {"x": 439.0, "y": 228.0}, {"x": 439.0, "y": 271.0}, {"x": 230.0, "y": 271.0}]}, "description": "merchant address"}, {"boundingPoly": {"vertices": [{"x": 358.0, "y": 276.0}, {"x": 671.0, "y": 276.0}, {"x": 671.0, "y": 315.0}, {"x": 358.0, "y": 315.0}]}, "description": "merchant address"}, {"boundingPoly": {"vertices": [{"x": 400.0, "y": 316.0}, {"x": 608.0, "y": 316.0}, {"x": 608.0, "y": 356.0}, {"x": 400.0, "y": 356.0}]}, "description": "merchant address"}, {"boundingPoly": {"vertices": [{"x": 243.0, "y": 354.0}, {"x": 543.0, "y": 354.0}, {"x": 543.0, "y": 396.0}, {"x": 243.0, "y": 396.0}]}, "description": " VAT Reg. TIN:"}, {"boundingPoly": {"vertices": [{"x": 268.0, "y": 395.0}, {"x": 807.0, "y": 395.0}, {"x": 807.0, "y": 439.0}, {"x": 268.0, "y": 439.0}]}, "description": " 16102117130789991 / S/N:"}, {"boundingPoly": {"vertices": [{"x": 269.0, "y": 189.0}, {"x": 436.0, "y": 189.0}, {"x": 436.0, "y": 229.0}, {"x": 269.0, "y": 229.0}]}, "description": " OPD by:"}, {"boundingPoly": {"vertices": [{"x": 441.0, "y": 194.0}, {"x": 853.0, "y": 194.0}, {"x": 853.0, "y": 238.0}, {"x": 441.0, "y": 238.0}]}, "description": "merchant name"}, {"boundingPoly": {"vertices": [{"x": 528.0, "y": 236.0}, {"x": 652.0, "y": 236.0}, {"x": 652.0, "y": 274.0}, {"x": 528.0, "y": 274.0}]}, "description": "merchant address"}, {"boundingPoly": {"vertices": [{"x": 444.0, "y": 234.0}, {"x": 522.0, "y": 234.0}, {"x": 522.0, "y": 272.0}, {"x": 444.0, "y": 272.0}]}, "description": "merchant address"}, {"boundingPoly": {"vertices": [{"x": 659.0, "y": 239.0}, {"x": 822.0, "y": 239.0}, {"x": 822.0, "y": 276.0}, {"x": 659.0, "y": 276.0}]}, "description": "merchant address"}, {"boundingPoly": {"vertices": [{"x": 829.0, "y": 242.0}, {"x": 923.0, "y": 242.0}, {"x": 923.0, "y": 276.0}, {"x": 829.0, "y": 276.0}]}, "description": "merchant address"}, {"boundingPoly": {"vertices": [{"x": 686.0, "y": 280.0}, {"x": 770.0, "y": 280.0}, {"x": 770.0, "y": 317.0}, {"x": 686.0, "y": 317.0}]}, "description": "merchant address"}, {"boundingPoly": {"vertices": [{"x": 614.0, "y": 321.0}, {"x": 751.0, "y": 321.0}, {"x": 751.0, "y": 356.0}, {"x": 614.0, "y": 356.0}]}, "description": "merchant address"}, {"boundingPoly": {"vertices": [{"x": 549.0, "y": 357.0}, {"x": 882.0, "y": 357.0}, {"x": 882.0, "y": 396.0}, {"x": 549.0, "y": 396.0}]}, "description": " 005-215-077-106"}, {"boundingPoly": {"vertices": [{"x": 156.0, "y": 392.0}, {"x": 259.0, "y": 392.0}, {"x": 259.0, "y": 433.0}, {"x": 156.0, "y": 433.0}]}, "description": " MIN:"}, {"boundingPoly": {"vertices": [{"x": 813.0, "y": 398.0}, {"x": 998.0, "y": 398.0}, {"x": 998.0, "y": 439.0}, {"x": 813.0, "y": 439.0}]}, "description": " 41-PW023"}, {"boundingPoly": {"vertices": [{"x": 129.0, "y": 477.0}, {"x": 314.0, "y": 478.0}, {"x": 313.0, "y": 520.0}, {"x": 129.0, "y": 519.0}]}, "description": "11/30/19"}, {"boundingPoly": {"vertices": [{"x": 127.0, "y": 534.0}, {"x": 240.0, "y": 534.0}, {"x": 240.0, "y": 607.0}, {"x": 127.0, "y": 607.0}]}, "description": " OR No."}, {"boundingPoly": {"vertices": [{"x": 131.0, "y": 632.0}, {"x": 562.0, "y": 628.0}, {"x": 563.0, "y": 675.0}, {"x": 131.0, "y": 677.0}]}, "description": "000000207A000280758"}, {"boundingPoly": {"vertices": [{"x": 132.0, "y": 688.0}, {"x": 268.0, "y": 689.0}, {"x": 268.0, "y": 730.0}, {"x": 131.0, "y": 729.0}]}, "description": "Nicole"}, {"boundingPoly": {"vertices": [{"x": 354.0, "y": 481.0}, {"x": 537.0, "y": 481.0}, {"x": 537.0, "y": 519.0}, {"x": 354.0, "y": 519.0}]}, "description": " 12:18 PM"}, {"boundingPoly": {"vertices": [{"x": 251.0, "y": 534.0}, {"x": 722.0, "y": 534.0}, {"x": 722.0, "y": 607.0}, {"x": 251.0, "y": 607.0}]}, "description": " : 0000000000009474628"}, {"boundingPoly": {"vertices": [{"x": 708.0, "y": 682.0}, {"x": 891.0, "y": 682.0}, {"x": 891.0, "y": 726.0}, {"x": 709.0, "y": 727.0}]}, "description": "FOR HERE"}, {"boundingPoly": {"vertices": [{"x": 135.0, "y": 794.0}, {"x": 444.0, "y": 794.0}, {"x": 444.0, "y": 837.0}, {"x": 135.0, "y": 837.0}]}, "description": " Customer Name:"}, {"boundingPoly": {"vertices": [{"x": 134.0, "y": 849.0}, {"x": 313.0, "y": 849.0}, {"x": 313.0, "y": 892.0}, {"x": 134.0, "y": 892.0}]}, "description": " Address:"}, {"boundingPoly": {"vertices": [{"x": 137.0, "y": 903.0}, {"x": 222.0, "y": 903.0}, {"x": 222.0, "y": 943.0}, {"x": 137.0, "y": 943.0}]}, "description": " TIN:"}, {"boundingPoly": {"vertices": [{"x": 140.0, "y": 1010.0}, {"x": 233.0, "y": 1014.0}, {"x": 233.0, "y": 1052.0}, {"x": 139.0, "y": 1048.0}]}, "description": "Item"}, {"boundingPoly": {"vertices": [{"x": 138.0, "y": 1062.0}, {"x": 352.0, "y": 1062.0}, {"x": 352.0, "y": 1105.0}, {"x": 138.0, "y": 1105.0}]}, "description": " OTHER SHC"}, {"boundingPoly": {"vertices": [{"x": 168.0, "y": 1112.0}, {"x": 254.0, "y": 1114.0}, {"x": 255.0, "y": 1155.0}, {"x": 167.0, "y": 1154.0}]}, "description": "TALL"}, {"boundingPoly": {"vertices": [{"x": 141.0, "y": 1166.0}, {"x": 340.0, "y": 1162.0}, {"x": 341.0, "y": 1207.0}, {"x": 141.0, "y": 1210.0}]}, "description": "OTHER SHC"}, {"boundingPoly": {"vertices": [{"x": 167.0, "y": 1220.0}, {"x": 303.0, "y": 1219.0}, {"x": 303.0, "y": 1262.0}, {"x": 167.0, "y": 1263.0}]}, "description": "GRANDE"}, {"boundingPoly": {"vertices": [{"x": 167.0, "y": 1275.0}, {"x": 344.0, "y": 1270.0}, {"x": 345.0, "y": 1313.0}, {"x": 167.0, "y": 1317.0}]}, "description": "Add SHOT"}, {"boundingPoly": {"vertices": [{"x": 150.0, "y": 1322.0}, {"x": 367.0, "y": 1321.0}, {"x": 367.0, "y": 1366.0}, {"x": 150.0, "y": 1367.0}]}, "description": "BLND FC MF"}, {"boundingPoly": {"vertices": [{"x": 172.0, "y": 1378.0}, {"x": 310.0, "y": 1375.0}, {"x": 311.0, "y": 1415.0}, {"x": 172.0, "y": 1418.0}]}, "description": "GRANDE"}, {"boundingPoly": {"vertices": [{"x": 149.0, "y": 1424.0}, {"x": 303.0, "y": 1424.0}, {"x": 303.0, "y": 1456.0}, {"x": 149.0, "y": 1456.0}]}, "description": "TEA BTG"}, {"boundingPoly": {"vertices": [{"x": 167.0, "y": 1465.0}, {"x": 305.0, "y": 1465.0}, {"x": 305.0, "y": 1499.0}, {"x": 167.0, "y": 1499.0}]}, "description": "GRANDE"}, {"boundingPoly": {"vertices": [{"x": 143.0, "y": 1506.0}, {"x": 388.0, "y": 1506.0}, {"x": 388.0, "y": 1541.0}, {"x": 143.0, "y": 1542.0}]}, "description": "ESPRESSO CM"}, {"boundingPoly": {"vertices": [{"x": 163.0, "y": 1548.0}, {"x": 296.0, "y": 1548.0}, {"x": 296.0, "y": 1584.0}, {"x": 163.0, "y": 1585.0}]}, "description": "GRANDE"}, {"boundingPoly": {"vertices": [{"x": 132.0, "y": 1595.0}, {"x": 222.0, "y": 1593.0}, {"x": 222.0, "y": 1632.0}, {"x": 133.0, "y": 1633.0}]}, "description": "DCCF"}, {"boundingPoly": {"vertices": [{"x": 153.0, "y": 1641.0}, {"x": 295.0, "y": 1640.0}, {"x": 295.0, "y": 1681.0}, {"x": 153.0, "y": 1682.0}]}, "description": "GRANDE"}, {"boundingPoly": {"vertices": [{"x": 131.0, "y": 1690.0}, {"x": 292.0, "y": 1687.0}, {"x": 293.0, "y": 1727.0}, {"x": 132.0, "y": 1731.0}]}, "description": "TEA FLT"}, {"boundingPoly": {"vertices": [{"x": 128.0, "y": 1739.0}, {"x": 449.0, "y": 1735.0}, {"x": 450.0, "y": 1777.0}, {"x": 128.0, "y": 1781.0}]}, "description": "PLANNER STICKE"}, {"boundingPoly": {"vertices": [{"x": 539.0, "y": 1008.0}, {"x": 651.0, "y": 1012.0}, {"x": 649.0, "y": 1050.0}, {"x": 539.0, "y": 1049.0}]}, "description": "Price"}, {"boundingPoly": {"vertices": [{"x": 535.0, "y": 1061.0}, {"x": 609.0, "y": 1063.0}, {"x": 607.0, "y": 1100.0}, {"x": 536.0, "y": 1099.0}]}, "description": "150"}, {"boundingPoly": {"vertices": [{"x": 709.0, "y": 1005.0}, {"x": 784.0, "y": 1010.0}, {"x": 783.0, "y": 1054.0}, {"x": 708.0, "y": 1050.0}]}, "description": "Qty"}, {"boundingPoly": {"vertices": [{"x": 690.0, "y": 1065.0}, {"x": 710.0, "y": 1070.0}, {"x": 707.0, "y": 1101.0}, {"x": 687.0, "y": 1095.0}]}, "description": "1"}, {"boundingPoly": {"vertices": [{"x": 859.0, "y": 1009.0}, {"x": 993.0, "y": 1006.0}, {"x": 995.0, "y": 1044.0}, {"x": 859.0, "y": 1048.0}]}, "description": "Amount"}, {"boundingPoly": {"vertices": [{"x": 882.0, "y": 1057.0}, {"x": 1021.0, "y": 1055.0}, {"x": 1022.0, "y": 1096.0}, {"x": 883.0, "y": 1102.0}]}, "description": "150 VA"}, {"boundingPoly": {"vertices": [{"x": 360.0, "y": 1062.0}, {"x": 383.0, "y": 1062.0}, {"x": 383.0, "y": 1102.0}, {"x": 360.0, "y": 1102.0}]}, "description": " ."}, {"boundingPoly": {"vertices": [{"x": 537.0, "y": 1166.0}, {"x": 609.0, "y": 1162.0}, {"x": 609.0, "y": 1207.0}, {"x": 539.0, "y": 1208.0}]}, "description": "165"}, {"boundingPoly": {"vertices": [{"x": 685.0, "y": 1168.0}, {"x": 713.0, "y": 1171.0}, {"x": 712.0, "y": 1202.0}, {"x": 683.0, "y": 1198.0}]}, "description": "1"}, {"boundingPoly": {"vertices": [{"x": 874.0, "y": 1161.0}, {"x": 1010.0, "y": 1157.0}, {"x": 1012.0, "y": 1200.0}, {"x": 875.0, "y": 1204.0}]}, "description": "165 VA"}, {"boundingPoly": {"vertices": [{"x": 557.0, "y": 1268.0}, {"x": 608.0, "y": 1267.0}, {"x": 606.0, "y": 1313.0}, {"x": 555.0, "y": 1313.0}]}, "description": "30"}, {"boundingPoly": {"vertices": [{"x": 538.0, "y": 1320.0}, {"x": 606.0, "y": 1317.0}, {"x": 605.0, "y": 1359.0}, {"x": 538.0, "y": 1361.0}]}, "description": "185"}, {"boundingPoly": {"vertices": [{"x": 898.0, "y": 1263.0}, {"x": 951.0, "y": 1263.0}, {"x": 951.0, "y": 1307.0}, {"x": 898.0, "y": 1307.0}]}, "description": " 30"}, {"boundingPoly": {"vertices": [{"x": 877.0, "y": 1318.0}, {"x": 1009.0, "y": 1315.0}, {"x": 1010.0, "y": 1355.0}, {"x": 878.0, "y": 1359.0}]}, "description": "185 VA"}, {"boundingPoly": {"vertices": [{"x": 959.0, "y": 1263.0}, {"x": 1009.0, "y": 1263.0}, {"x": 1009.0, "y": 1306.0}, {"x": 959.0, "y": 1306.0}]}, "description": " VA"}, {"boundingPoly": {"vertices": [{"x": 537.0, "y": 1419.0}, {"x": 605.0, "y": 1417.0}, {"x": 606.0, "y": 1451.0}, {"x": 538.0, "y": 1454.0}]}, "description": "155"}, {"boundingPoly": {"vertices": [{"x": 688.0, "y": 1420.0}, {"x": 708.0, "y": 1422.0}, {"x": 707.0, "y": 1449.0}, {"x": 687.0, "y": 1447.0}]}, "description": "1"}, {"boundingPoly": {"vertices": [{"x": 878.0, "y": 1413.0}, {"x": 1010.0, "y": 1408.0}, {"x": 1011.0, "y": 1444.0}, {"x": 879.0, "y": 1450.0}]}, "description": "155 VA"}, {"boundingPoly": {"vertices": [{"x": 541.0, "y": 1503.0}, {"x": 605.0, "y": 1502.0}, {"x": 604.0, "y": 1538.0}, {"x": 540.0, "y": 1540.0}]}, "description": "180"}, {"boundingPoly": {"vertices": [{"x": 690.0, "y": 1507.0}, {"x": 705.0, "y": 1506.0}, {"x": 705.0, "y": 1532.0}, {"x": 689.0, "y": 1533.0}]}, "description": "1"}, {"boundingPoly": {"vertices": [{"x": 885.0, "y": 1497.0}, {"x": 1012.0, "y": 1497.0}, {"x": 1012.0, "y": 1536.0}, {"x": 885.0, "y": 1538.0}]}, "description": "180 VA"}, {"boundingPoly": {"vertices": [{"x": 598.0, "y": 1588.0}, {"x": 596.0, "y": 1629.0}, {"x": 574.0, "y": 1628.0}, {"x": 577.0, "y": 1587.0}]}, "description": "1.3"}, {"boundingPoly": {"vertices": [{"x": 882.0, "y": 1589.0}, {"x": 1017.0, "y": 1588.0}, {"x": 1018.0, "y": 1630.0}, {"x": 882.0, "y": 1632.0}]}, "description": "185 VA"}, {"boundingPoly": {"vertices": [{"x": 534.0, "y": 1688.0}, {"x": 603.0, "y": 1688.0}, {"x": 602.0, "y": 1726.0}, {"x": 534.0, "y": 1729.0}]}, "description": "120"}, {"boundingPoly": {"vertices": [{"x": 580.0, "y": 1738.0}, {"x": 604.0, "y": 1740.0}, {"x": 601.0, "y": 1772.0}, {"x": 577.0, "y": 1770.0}]}, "description": "0"}, {"boundingPoly": {"vertices": [{"x": 687.0, "y": 1695.0}, {"x": 713.0, "y": 1697.0}, {"x": 712.0, "y": 1727.0}, {"x": 685.0, "y": 1726.0}]}, "description": "1"}, {"boundingPoly": {"vertices": [{"x": 687.0, "y": 1738.0}, {"x": 715.0, "y": 1738.0}, {"x": 713.0, "y": 1770.0}, {"x": 686.0, "y": 1770.0}]}, "description": "7"}, {"boundingPoly": {"vertices": [{"x": 884.0, "y": 1686.0}, {"x": 1018.0, "y": 1686.0}, {"x": 1018.0, "y": 1727.0}, {"x": 884.0, "y": 1726.0}]}, "description": "120 VA"}, {"boundingPoly": {"vertices": [{"x": 929.0, "y": 1733.0}, {"x": 1018.0, "y": 1734.0}, {"x": 1017.0, "y": 1771.0}, {"x": 931.0, "y": 1775.0}]}, "description": "0 NV"}, {"boundingPoly": {"vertices": [{"x": 127.0, "y": 1842.0}, {"x": 330.0, "y": 1841.0}, {"x": 330.0, "y": 1886.0}, {"x": 127.0, "y": 1888.0}]}, "description": "Total Php"}, {"boundingPoly": {"vertices": [{"x": 125.0, "y": 1895.0}, {"x": 380.0, "y": 1894.0}, {"x": 380.0, "y": 1937.0}, {"x": 125.0, "y": 1938.0}]}, "description": "Credit Card"}, {"boundingPoly": {"vertices": [{"x": 124.0, "y": 1948.0}, {"x": 482.0, "y": 1948.0}, {"x": 482.0, "y": 1991.0}, {"x": 124.0, "y": 1991.0}]}, "description": " Number of Items:"}, {"boundingPoly": {"vertices": [{"x": 840.0, "y": 1842.0}, {"x": 952.0, "y": 1835.0}, {"x": 953.0, "y": 1876.0}, {"x": 840.0, "y": 1880.0}]}, "description": "1,170"}, {"boundingPoly": {"vertices": [{"x": 818.0, "y": 1891.0}, {"x": 956.0, "y": 1886.0}, {"x": 957.0, "y": 1927.0}, {"x": 819.0, "y": 1931.0}]}, "description": "-1,170"}, {"boundingPoly": {"vertices": [{"x": 905.0, "y": 1946.0}, {"x": 952.0, "y": 1943.0}, {"x": 952.0, "y": 1977.0}, {"x": 903.0, "y": 1977.0}]}, "description": "15"}, {"boundingPoly": {"vertices": [{"x": 369.0, "y": 2049.0}, {"x": 529.0, "y": 2049.0}, {"x": 529.0, "y": 2092.0}, {"x": 369.0, "y": 2092.0}]}, "description": "Net. Ami"}, {"boundingPoly": {"vertices": [{"x": 427.0, "y": 2098.0}, {"x": 553.0, "y": 2098.0}, {"x": 553.0, "y": 2141.0}, {"x": 427.0, "y": 2142.0}]}, "description": "`1,045"}, {"boundingPoly": {"vertices": [{"x": 456.0, "y": 2148.0}, {"x": 553.0, "y": 2145.0}, {"x": 552.0, "y": 2186.0}, {"x": 457.0, "y": 2189.0}]}, "description": "0.00"}, {"boundingPoly": {"vertices": [{"x": 459.0, "y": 2196.0}, {"x": 554.0, "y": 2195.0}, {"x": 554.0, "y": 2235.0}, {"x": 458.0, "y": 2233.0}]}, "description": "0.00"}, {"boundingPoly": {"vertices": [{"x": 691.0, "y": 2044.0}, {"x": 771.0, "y": 2047.0}, {"x": 770.0, "y": 2088.0}, {"x": 692.0, "y": 2083.0}]}, "description": "-VAT"}, {"boundingPoly": {"vertices": [{"x": 702.0, "y": 2102.0}, {"x": 773.0, "y": 2100.0}, {"x": 772.0, "y": 2137.0}, {"x": 702.0, "y": 2138.0}]}, "description": "125"}, {"boundingPoly": {"vertices": [{"x": 679.0, "y": 2146.0}, {"x": 775.0, "y": 2147.0}, {"x": 774.0, "y": 2185.0}, {"x": 677.0, "y": 2184.0}]}, "description": "0.00"}, {"boundingPoly": {"vertices": [{"x": 676.0, "y": 2195.0}, {"x": 769.0, "y": 2194.0}, {"x": 769.0, "y": 2232.0}, {"x": 676.0, "y": 2233.0}]}, "description": "0.00"}, {"boundingPoly": {"vertices": [{"x": 876.0, "y": 2048.0}, {"x": 1015.0, "y": 2048.0}, {"x": 1015.0, "y": 2085.0}, {"x": 876.0, "y": 2085.0}]}, "description": " Amount"}, {"boundingPoly": {"vertices": [{"x": 900.0, "y": 2095.0}, {"x": 1013.0, "y": 2095.0}, {"x": 1012.0, "y": 2138.0}, {"x": 899.0, "y": 2137.0}]}, "description": "1,170"}, {"boundingPoly": {"vertices": [{"x": 915.0, "y": 2145.0}, {"x": 1010.0, "y": 2145.0}, {"x": 1010.0, "y": 2184.0}, {"x": 915.0, "y": 2185.0}]}, "description": "0.00"}, {"boundingPoly": {"vertices": [{"x": 917.0, "y": 2191.0}, {"x": 1010.0, "y": 2191.0}, {"x": 1009.0, "y": 2229.0}, {"x": 917.0, "y": 2231.0}]}, "description": "0.00"}, {"boundingPoly": {"vertices": [{"x": 1022.0, "y": 2050.0}, {"x": 1039.0, "y": 2050.0}, {"x": 1039.0, "y": 2083.0}, {"x": 1022.0, "y": 2083.0}]}, "description": " \u00b7"}, {"boundingPoly": {"vertices": [{"x": 124.0, "y": 2104.0}, {"x": 256.0, "y": 2103.0}, {"x": 256.0, "y": 2143.0}, {"x": 125.0, "y": 2144.0}]}, "description": "VATABL"}, {"boundingPoly": {"vertices": [{"x": 123.0, "y": 2153.0}, {"x": 269.0, "y": 2152.0}, {"x": 269.0, "y": 2191.0}, {"x": 123.0, "y": 2194.0}]}, "description": "EXEMPT"}, {"boundingPoly": {"vertices": [{"x": 127.0, "y": 2200.0}, {"x": 267.0, "y": 2197.0}, {"x": 268.0, "y": 2241.0}, {"x": 127.0, "y": 2244.0}]}, "description": "ZERO-R"}, {"boundingPoly": {"vertices": [{"x": 163.0, "y": 2298.0}, {"x": 963.0, "y": 2291.0}, {"x": 964.0, "y": 2335.0}, {"x": 163.0, "y": 2344.0}]}, "description": "THIS SERVES AS YOUR OFFICIAL RECEIPT"}, {"boundingPoly": {"vertices": [{"x": 116.0, "y": 2404.0}, {"x": 404.0, "y": 2404.0}, {"x": 404.0, "y": 2449.0}, {"x": 116.0, "y": 2449.0}]}, "description": " POS Provider:"}, {"boundingPoly": {"vertices": [{"x": 111.0, "y": 2459.0}, {"x": 956.0, "y": 2452.0}, {"x": 957.0, "y": 2495.0}, {"x": 111.0, "y": 2506.0}]}, "description": "Dynamic Global Enterprise Systems Inc."}, {"boundingPoly": {"vertices": [{"x": 111.0, "y": 2512.0}, {"x": 822.0, "y": 2505.0}, {"x": 822.0, "y": 2547.0}, {"x": 112.0, "y": 2557.0}]}, "description": "Mezzanine A, _ LPL Center 130 L.P."}, {"boundingPoly": {"vertices": [{"x": 107.0, "y": 2565.0}, {"x": 990.0, "y": 2555.0}, {"x": 991.0, "y": 2603.0}, {"x": 107.0, "y": 2613.0}]}, "description": "Leviste St ., Salcedo Vill ., Makati City"}, {"boundingPoly": {"vertices": [{"x": 112.0, "y": 2612.0}, {"x": 415.0, "y": 2612.0}, {"x": 415.0, "y": 2664.0}, {"x": 112.0, "y": 2664.0}]}, "description": " VAT Reg. TIN:"}, {"boundingPoly": {"vertices": [{"x": 100.0, "y": 2666.0}, {"x": 366.0, "y": 2666.0}, {"x": 366.0, "y": 2715.0}, {"x": 100.0, "y": 2715.0}]}, "description": " Accred. No:"}, {"boundingPoly": {"vertices": [{"x": 103.0, "y": 2719.0}, {"x": 390.0, "y": 2719.0}, {"x": 390.0, "y": 2768.0}, {"x": 103.0, "y": 2768.0}]}, "description": " Date Issued:"}, {"boundingPoly": {"vertices": [{"x": 100.0, "y": 2771.0}, {"x": 389.0, "y": 2771.0}, {"x": 389.0, "y": 2820.0}, {"x": 100.0, "y": 2820.0}]}, "description": " Valid Until:"}, {"boundingPoly": {"vertices": [{"x": 101.0, "y": 2826.0}, {"x": 292.0, "y": 2826.0}, {"x": 292.0, "y": 2872.0}, {"x": 101.0, "y": 2872.0}]}, "description": " PTU No .:"}, {"boundingPoly": {"vertices": [{"x": 424.0, "y": 2609.0}, {"x": 762.0, "y": 2609.0}, {"x": 762.0, "y": 2658.0}, {"x": 424.0, "y": 2658.0}]}, "description": " 246-989-906-000"}, {"boundingPoly": {"vertices": [{"x": 372.0, "y": 2661.0}, {"x": 871.0, "y": 2661.0}, {"x": 871.0, "y": 2712.0}, {"x": 372.0, "y": 2712.0}]}, "description": " 0502469899062015060333"}, {"boundingPoly": {"vertices": [{"x": 399.0, "y": 2716.0}, {"x": 629.0, "y": 2716.0}, {"x": 629.0, "y": 2764.0}, {"x": 399.0, "y": 2764.0}]}, "description": " 10/21/2016"}, {"boundingPoly": {"vertices": [{"x": 397.0, "y": 2767.0}, {"x": 624.0, "y": 2767.0}, {"x": 624.0, "y": 2817.0}, {"x": 397.0, "y": 2817.0}]}, "description": " 10/20/2021"}, {"boundingPoly": {"vertices": [{"x": 300.0, "y": 2817.0}, {"x": 896.0, "y": 2817.0}, {"x": 896.0, "y": 2871.0}, {"x": 300.0, "y": 2871.0}]}, "description": " FP102016-122-0101907-00106"}, {"boundingPoly": {"vertices": [{"x": 193.0, "y": 2934.0}, {"x": 895.0, "y": 2927.0}, {"x": 895.0, "y": 2970.0}, {"x": 193.0, "y": 2980.0}]}, "description": "THIS RECEIPT SHALL BE VALID FOR"}, {"boundingPoly": {"vertices": [{"x": 159.0, "y": 2990.0}, {"x": 937.0, "y": 2980.0}, {"x": 938.0, "y": 3026.0}, {"x": 160.0, "y": 3037.0}]}, "description": "FIVE(S) YEARS FROM THE DATE OF THE"}, {"boundingPoly": {"vertices": [{"x": 385.0, "y": 3044.0}, {"x": 709.0, "y": 3036.0}, {"x": 710.0, "y": 3082.0}, {"x": 385.0, "y": 3088.0}]}, "description": "PERMIT TO USE."}]}