{"textAnnotations": [{"boundingPoly": {"vertices": [{"x": 238.0, "y": 32.0}, {"x": 334.0, "y": 33.0}, {"x": 334.0, "y": 53.0}, {"x": 238.0, "y": 52.0}]}, "description": "CASH/CREDIT"}, {"boundingPoly": {"vertices": [{"x": 241.0, "y": 53.0}, {"x": 334.0, "y": 54.0}, {"x": 334.0, "y": 74.0}, {"x": 241.0, "y": 74.0}]}, "description": "memo"}, {"boundingPoly": {"vertices": [{"x": 238.0, "y": 86.0}, {"x": 253.0, "y": 87.0}, {"x": 253.0, "y": 95.0}, {"x": 238.0, "y": 95.0}]}, "description": "No"}, {"boundingPoly": {"vertices": [{"x": 239.0, "y": 98.0}, {"x": 264.0, "y": 98.0}, {"x": 264.0, "y": 110.0}, {"x": 239.0, "y": 110.0}]}, "description": " Date."}, {"boundingPoly": {"vertices": [{"x": 581.0, "y": 28.0}, {"x": 674.0, "y": 26.0}, {"x": 675.0, "y": 44.0}, {"x": 582.0, "y": 46.0}]}, "description": "CASH/CREDIT"}, {"boundingPoly": {"vertices": [{"x": 584.0, "y": 47.0}, {"x": 677.0, "y": 46.0}, {"x": 677.0, "y": 66.0}, {"x": 584.0, "y": 67.0}]}, "description": "memo"}, {"boundingPoly": {"vertices": [{"x": 585.0, "y": 80.0}, {"x": 599.0, "y": 80.0}, {"x": 599.0, "y": 89.0}, {"x": 585.0, "y": 89.0}]}, "description": "No"}, {"boundingPoly": {"vertices": [{"x": 62.0, "y": 49.0}, {"x": 207.0, "y": 47.0}, {"x": 208.0, "y": 59.0}, {"x": 62.0, "y": 61.0}]}, "description": "merchant name"}, {"boundingPoly": {"vertices": [{"x": 102.0, "y": 59.0}, {"x": 168.0, "y": 58.0}, {"x": 168.0, "y": 68.0}, {"x": 102.0, "y": 69.0}]}, "description": "merchant name"}, {"boundingPoly": {"vertices": [{"x": 64.0, "y": 78.0}, {"x": 205.0, "y": 76.0}, {"x": 205.0, "y": 87.0}, {"x": 64.0, "y": 90.0}]}, "description": "merchant address"}, {"boundingPoly": {"vertices": [{"x": 391.0, "y": 59.0}, {"x": 416.0, "y": 59.0}, {"x": 416.0, "y": 72.0}, {"x": 391.0, "y": 72.0}]}, "description": "merchant name"}, {"boundingPoly": {"vertices": [{"x": 418.0, "y": 55.0}, {"x": 535.0, "y": 55.0}, {"x": 535.0, "y": 71.0}, {"x": 418.0, "y": 71.0}]}, "description": "merchant name"}, {"boundingPoly": {"vertices": [{"x": 434.0, "y": 69.0}, {"x": 490.0, "y": 68.0}, {"x": 490.0, "y": 78.0}, {"x": 434.0, "y": 80.0}]}, "description": "merchant name"}, {"boundingPoly": {"vertices": [{"x": 474.0, "y": 86.0}, {"x": 497.0, "y": 86.0}, {"x": 497.0, "y": 99.0}, {"x": 474.0, "y": 99.0}]}, "description": "merchant address"}, {"boundingPoly": {"vertices": [{"x": 75.0, "y": 86.0}, {"x": 187.0, "y": 86.0}, {"x": 187.0, "y": 98.0}, {"x": 75.0, "y": 98.0}]}, "description": "merchant phone"}, {"boundingPoly": {"vertices": [{"x": 391.0, "y": 89.0}, {"x": 423.0, "y": 89.0}, {"x": 423.0, "y": 100.0}, {"x": 391.0, "y": 100.0}]}, "description": "merchant address"}, {"boundingPoly": {"vertices": [{"x": 425.0, "y": 87.0}, {"x": 472.0, "y": 87.0}, {"x": 472.0, "y": 100.0}, {"x": 425.0, "y": 100.0}]}, "description": "merchant address"}, {"boundingPoly": {"vertices": [{"x": 499.0, "y": 84.0}, {"x": 534.0, "y": 84.0}, {"x": 534.0, "y": 98.0}, {"x": 499.0, "y": 98.0}]}, "description": "merchant address"}, {"boundingPoly": {"vertices": [{"x": 266.0, "y": 96.0}, {"x": 313.0, "y": 96.0}, {"x": 313.0, "y": 111.0}, {"x": 266.0, "y": 111.0}]}, "description": " 4- le 19"}, {"boundingPoly": {"vertices": [{"x": 296.0, "y": 120.0}, {"x": 314.0, "y": 120.0}, {"x": 314.0, "y": 136.0}, {"x": 296.0, "y": 136.0}]}, "description": " Ht"}, {"boundingPoly": {"vertices": [{"x": 403.0, "y": 99.0}, {"x": 528.0, "y": 94.0}, {"x": 528.0, "y": 106.0}, {"x": 403.0, "y": 110.0}]}, "description": "merchant phone"}, {"boundingPoly": {"vertices": [{"x": 404.0, "y": 113.0}, {"x": 621.0, "y": 113.0}, {"x": 621.0, "y": 136.0}, {"x": 404.0, "y": 136.0}]}, "description": " American Express Services India"}, {"boundingPoly": {"vertices": [{"x": 32.0, "y": 121.0}, {"x": 291.0, "y": 121.0}, {"x": 291.0, "y": 139.0}, {"x": 32.0, "y": 139.0}]}, "description": " M/L. American Express Services Tmin Put"}, {"boundingPoly": {"vertices": [{"x": 382.0, "y": 122.0}, {"x": 402.0, "y": 122.0}, {"x": 402.0, "y": 137.0}, {"x": 382.0, "y": 137.0}]}, "description": " M .."}, {"boundingPoly": {"vertices": [{"x": 623.0, "y": 111.0}, {"x": 669.0, "y": 111.0}, {"x": 669.0, "y": 128.0}, {"x": 623.0, "y": 128.0}]}, "description": " Rit Lid"}, {"boundingPoly": {"vertices": [{"x": 28.0, "y": 161.0}, {"x": 65.0, "y": 161.0}, {"x": 66.0, "y": 171.0}, {"x": 28.0, "y": 172.0}]}, "description": "Order No."}, {"boundingPoly": {"vertices": [{"x": 130.0, "y": 161.0}, {"x": 175.0, "y": 160.0}, {"x": 175.0, "y": 170.0}, {"x": 130.0, "y": 170.0}]}, "description": "Challan Ni"}, {"boundingPoly": {"vertices": [{"x": 235.0, "y": 161.0}, {"x": 257.0, "y": 161.0}, {"x": 257.0, "y": 169.0}, {"x": 235.0, "y": 170.0}]}, "description": "Dole"}, {"boundingPoly": {"vertices": [{"x": 381.0, "y": 161.0}, {"x": 421.0, "y": 161.0}, {"x": 421.0, "y": 169.0}, {"x": 381.0, "y": 170.0}]}, "description": "Order No"}, {"boundingPoly": {"vertices": [{"x": 27.0, "y": 184.0}, {"x": 63.0, "y": 185.0}, {"x": 62.0, "y": 194.0}, {"x": 27.0, "y": 194.0}]}, "description": "Quantity"}, {"boundingPoly": {"vertices": [{"x": 120.0, "y": 183.0}, {"x": 166.0, "y": 183.0}, {"x": 166.0, "y": 193.0}, {"x": 120.0, "y": 192.0}]}, "description": "Particulars"}, {"boundingPoly": {"vertices": [{"x": 229.0, "y": 184.0}, {"x": 248.0, "y": 185.0}, {"x": 248.0, "y": 192.0}, {"x": 229.0, "y": 192.0}]}, "description": "Rate"}, {"boundingPoly": {"vertices": [{"x": 281.0, "y": 180.0}, {"x": 313.0, "y": 180.0}, {"x": 313.0, "y": 188.0}, {"x": 281.0, "y": 188.0}]}, "description": "Amount"}, {"boundingPoly": {"vertices": [{"x": 384.0, "y": 184.0}, {"x": 420.0, "y": 183.0}, {"x": 421.0, "y": 192.0}, {"x": 384.0, "y": 193.0}]}, "description": "Quantity"}, {"boundingPoly": {"vertices": [{"x": 479.0, "y": 181.0}, {"x": 523.0, "y": 180.0}, {"x": 524.0, "y": 189.0}, {"x": 479.0, "y": 190.0}]}, "description": "Particulart"}, {"boundingPoly": {"vertices": [{"x": 587.0, "y": 177.0}, {"x": 606.0, "y": 178.0}, {"x": 606.0, "y": 186.0}, {"x": 586.0, "y": 186.0}]}, "description": "Rute"}, {"boundingPoly": {"vertices": [{"x": 636.0, "y": 172.0}, {"x": 671.0, "y": 171.0}, {"x": 671.0, "y": 180.0}, {"x": 636.0, "y": 181.0}]}, "description": "Amount"}, {"boundingPoly": {"vertices": [{"x": 30.0, "y": 210.0}, {"x": 48.0, "y": 210.0}, {"x": 48.0, "y": 224.0}, {"x": 30.0, "y": 224.0}]}, "description": "10"}, {"boundingPoly": {"vertices": [{"x": 90.0, "y": 207.0}, {"x": 134.0, "y": 206.0}, {"x": 134.0, "y": 224.0}, {"x": 90.0, "y": 225.0}]}, "description": "Lunch"}, {"boundingPoly": {"vertices": [{"x": 223.0, "y": 210.0}, {"x": 250.0, "y": 210.0}, {"x": 249.0, "y": 224.0}, {"x": 222.0, "y": 224.0}]}, "description": "180"}, {"boundingPoly": {"vertices": [{"x": 389.0, "y": 211.0}, {"x": 402.0, "y": 211.0}, {"x": 402.0, "y": 223.0}, {"x": 389.0, "y": 223.0}]}, "description": "10"}, {"boundingPoly": {"vertices": [{"x": 434.0, "y": 208.0}, {"x": 479.0, "y": 207.0}, {"x": 480.0, "y": 221.0}, {"x": 434.0, "y": 223.0}]}, "description": "Lunch"}, {"boundingPoly": {"vertices": [{"x": 580.0, "y": 204.0}, {"x": 604.0, "y": 204.0}, {"x": 605.0, "y": 216.0}, {"x": 580.0, "y": 216.0}]}, "description": "130"}, {"boundingPoly": {"vertices": [{"x": 624.0, "y": 203.0}, {"x": 663.0, "y": 202.0}, {"x": 663.0, "y": 215.0}, {"x": 624.0, "y": 216.0}]}, "description": "12.00"}, {"boundingPoly": {"vertices": [{"x": 69.0, "y": 349.0}, {"x": 135.0, "y": 349.0}, {"x": 135.0, "y": 371.0}, {"x": 69.0, "y": 370.0}]}, "description": "1800 Ps"}, {"boundingPoly": {"vertices": [{"x": 156.0, "y": 454.0}, {"x": 199.0, "y": 455.0}, {"x": 198.0, "y": 465.0}, {"x": 156.0, "y": 464.0}]}, "description": "Thank you"}, {"boundingPoly": {"vertices": [{"x": 220.0, "y": 456.0}, {"x": 244.0, "y": 455.0}, {"x": 245.0, "y": 465.0}, {"x": 220.0, "y": 465.0}]}, "description": "Total"}, {"boundingPoly": {"vertices": [{"x": 263.0, "y": 448.0}, {"x": 305.0, "y": 448.0}, {"x": 305.0, "y": 468.0}, {"x": 263.0, "y": 468.0}]}, "description": " 1800:"}, {"boundingPoly": {"vertices": [{"x": 309.0, "y": 448.0}, {"x": 327.0, "y": 448.0}, {"x": 327.0, "y": 467.0}, {"x": 309.0, "y": 467.0}]}, "description": " 00"}, {"boundingPoly": {"vertices": [{"x": 544.0, "y": 447.0}, {"x": 586.0, "y": 447.0}, {"x": 586.0, "y": 457.0}, {"x": 544.0, "y": 458.0}]}, "description": "Thank you"}, {"boundingPoly": {"vertices": [{"x": 607.0, "y": 447.0}, {"x": 634.0, "y": 446.0}, {"x": 634.0, "y": 456.0}, {"x": 607.0, "y": 456.0}]}, "description": "Total"}, {"boundingPoly": {"vertices": [{"x": 643.0, "y": 445.0}, {"x": 683.0, "y": 445.0}, {"x": 683.0, "y": 460.0}, {"x": 643.0, "y": 460.0}]}, "description": " 1800"}, {"boundingPoly": {"vertices": [{"x": 696.0, "y": 444.0}, {"x": 715.0, "y": 444.0}, {"x": 715.0, "y": 458.0}, {"x": 696.0, "y": 458.0}]}, "description": " 00"}, {"boundingPoly": {"vertices": [{"x": 8.0, "y": 475.0}, {"x": 160.0, "y": 477.0}, {"x": 160.0, "y": 488.0}, {"x": 8.0, "y": 486.0}]}, "description": "Goods once sold will not be taken back."}, {"boundingPoly": {"vertices": [{"x": 7.0, "y": 491.0}, {"x": 40.0, "y": 491.0}, {"x": 40.0, "y": 501.0}, {"x": 7.0, "y": 501.0}]}, "description": "ELOE"}, {"boundingPoly": {"vertices": [{"x": 395.0, "y": 476.0}, {"x": 547.0, "y": 470.0}, {"x": 548.0, "y": 481.0}, {"x": 395.0, "y": 487.0}]}, "description": "Goods ance sold will not be taken back"}, {"boundingPoly": {"vertices": [{"x": 168.0, "y": 490.0}, {"x": 220.0, "y": 490.0}, {"x": 220.0, "y": 506.0}, {"x": 168.0, "y": 506.0}]}, "description": " Propored by"}, {"boundingPoly": {"vertices": [{"x": 225.0, "y": 486.0}, {"x": 272.0, "y": 486.0}, {"x": 272.0, "y": 505.0}, {"x": 225.0, "y": 505.0}]}, "description": " K. R AL"}, {"boundingPoly": {"vertices": [{"x": 559.0, "y": 487.0}, {"x": 607.0, "y": 486.0}, {"x": 607.0, "y": 496.0}, {"x": 559.0, "y": 497.0}]}, "description": "Prepared by"}]}