{"textAnnotations": [{"boundingPoly": {"vertices": [{"x": 421.0, "y": 427.0}, {"x": 724.0, "y": 425.0}, {"x": 724.0, "y": 469.0}, {"x": 421.0, "y": 473.0}]}, "description": "merchant name"}, {"boundingPoly": {"vertices": [{"x": 382.0, "y": 481.0}, {"x": 750.0, "y": 478.0}, {"x": 750.0, "y": 523.0}, {"x": 382.0, "y": 526.0}]}, "description": "merchant address"}, {"boundingPoly": {"vertices": [{"x": 384.0, "y": 536.0}, {"x": 765.0, "y": 530.0}, {"x": 766.0, "y": 574.0}, {"x": 384.0, "y": 578.0}]}, "description": "merchant address"}, {"boundingPoly": {"vertices": [{"x": 445.0, "y": 584.0}, {"x": 705.0, "y": 584.0}, {"x": 705.0, "y": 627.0}, {"x": 445.0, "y": 629.0}]}, "description": "merchant phone"}, {"boundingPoly": {"vertices": [{"x": 131.0, "y": 639.0}, {"x": 246.0, "y": 639.0}, {"x": 246.0, "y": 684.0}, {"x": 131.0, "y": 684.0}]}, "description": " Host:"}, {"boundingPoly": {"vertices": [{"x": 253.0, "y": 638.0}, {"x": 383.0, "y": 638.0}, {"x": 383.0, "y": 683.0}, {"x": 253.0, "y": 683.0}]}, "description": " Didier"}, {"boundingPoly": {"vertices": [{"x": 811.0, "y": 632.0}, {"x": 1033.0, "y": 630.0}, {"x": 1034.0, "y": 673.0}, {"x": 811.0, "y": 677.0}]}, "description": "10/31/2019"}, {"boundingPoly": {"vertices": [{"x": 870.0, "y": 682.0}, {"x": 1030.0, "y": 682.0}, {"x": 1030.0, "y": 725.0}, {"x": 870.0, "y": 725.0}]}, "description": " 5:53 PM"}, {"boundingPoly": {"vertices": [{"x": 914.0, "y": 735.0}, {"x": 1029.0, "y": 734.0}, {"x": 1028.0, "y": 776.0}, {"x": 915.0, "y": 778.0}]}, "description": "20273"}, {"boundingPoly": {"vertices": [{"x": 134.0, "y": 845.0}, {"x": 665.0, "y": 842.0}, {"x": 665.0, "y": 888.0}, {"x": 134.0, "y": 890.0}]}, "description": "Sour Spicy Chicken Noodle"}, {"boundingPoly": {"vertices": [{"x": 919.0, "y": 840.0}, {"x": 1032.0, "y": 838.0}, {"x": 1032.0, "y": 882.0}, {"x": 920.0, "y": 885.0}]}, "description": "12.50"}, {"boundingPoly": {"vertices": [{"x": 138.0, "y": 946.0}, {"x": 304.0, "y": 947.0}, {"x": 304.0, "y": 989.0}, {"x": 138.0, "y": 987.0}]}, "description": "Subtotal"}, {"boundingPoly": {"vertices": [{"x": 139.0, "y": 995.0}, {"x": 201.0, "y": 998.0}, {"x": 199.0, "y": 1026.0}, {"x": 137.0, "y": 1023.0}]}, "description": "Tax"}, {"boundingPoly": {"vertices": [{"x": 919.0, "y": 946.0}, {"x": 1028.0, "y": 945.0}, {"x": 1027.0, "y": 986.0}, {"x": 921.0, "y": 989.0}]}, "description": "12. 50"}, {"boundingPoly": {"vertices": [{"x": 940.0, "y": 997.0}, {"x": 1029.0, "y": 996.0}, {"x": 1029.0, "y": 1037.0}, {"x": 940.0, "y": 1037.0}]}, "description": "1. 11"}, {"boundingPoly": {"vertices": [{"x": 834.0, "y": 1060.0}, {"x": 1036.0, "y": 1054.0}, {"x": 1037.0, "y": 1086.0}, {"x": 834.0, "y": 1091.0}]}, "description": "13.61"}, {"boundingPoly": {"vertices": [{"x": 957.0, "y": 1113.0}, {"x": 1084.0, "y": 1109.0}, {"x": 1085.0, "y": 1144.0}, {"x": 958.0, "y": 1148.0}]}, "description": "13.61"}, {"boundingPoly": {"vertices": [{"x": 104.0, "y": 1051.0}, {"x": 581.0, "y": 1058.0}, {"x": 581.0, "y": 1096.0}, {"x": 104.0, "y": 1091.0}]}, "description": "To Go Total"}, {"boundingPoly": {"vertices": [{"x": 46.0, "y": 1130.0}, {"x": 155.0, "y": 1135.0}, {"x": 153.0, "y": 1167.0}, {"x": 44.0, "y": 1162.0}]}, "description": "Amex"}, {"boundingPoly": {"vertices": [{"x": 72.0, "y": 1172.0}, {"x": 172.0, "y": 1172.0}, {"x": 172.0, "y": 1213.0}, {"x": 72.0, "y": 1213.0}]}, "description": " Auth"}, {"boundingPoly": {"vertices": [{"x": 178.0, "y": 1175.0}, {"x": 362.0, "y": 1175.0}, {"x": 362.0, "y": 1216.0}, {"x": 178.0, "y": 1216.0}]}, "description": " : 555965"}, {"boundingPoly": {"vertices": [{"x": 405.0, "y": 1307.0}, {"x": 690.0, "y": 1299.0}, {"x": 691.0, "y": 1348.0}, {"x": 405.0, "y": 1357.0}]}, "description": "Thank You!"}, {"boundingPoly": {"vertices": [{"x": 222.0, "y": 1454.0}, {"x": 322.0, "y": 1454.0}, {"x": 322.0, "y": 1488.0}, {"x": 222.0, "y": 1487.0}]}, "description": "---"}, {"boundingPoly": {"vertices": [{"x": 345.0, "y": 1443.0}, {"x": 736.0, "y": 1430.0}, {"x": 738.0, "y": 1493.0}, {"x": 345.0, "y": 1508.0}]}, "description": "Check Closed"}, {"boundingPoly": {"vertices": [{"x": 757.0, "y": 1443.0}, {"x": 853.0, "y": 1449.0}, {"x": 852.0, "y": 1483.0}, {"x": 759.0, "y": 1477.0}]}, "description": "---"}]}