{"textAnnotations": [{"boundingPoly": {"vertices": [{"x": 105.0, "y": 85.0}, {"x": 222.0, "y": 85.0}, {"x": 222.0, "y": 106.0}, {"x": 105.0, "y": 106.0}]}, "description": "merchant name"}, {"boundingPoly": {"vertices": [{"x": 85.0, "y": 108.0}, {"x": 279.0, "y": 108.0}, {"x": 279.0, "y": 131.0}, {"x": 85.0, "y": 131.0}]}, "description": "merchant address"}, {"boundingPoly": {"vertices": [{"x": 105.0, "y": 132.0}, {"x": 157.0, "y": 132.0}, {"x": 157.0, "y": 153.0}, {"x": 105.0, "y": 153.0}]}, "description": "merchant address"}, {"boundingPoly": {"vertices": [{"x": 115.0, "y": 156.0}, {"x": 223.0, "y": 156.0}, {"x": 223.0, "y": 177.0}, {"x": 115.0, "y": 177.0}]}, "description": "merchant address"}, {"boundingPoly": {"vertices": [{"x": 152.0, "y": 179.0}, {"x": 268.0, "y": 181.0}, {"x": 268.0, "y": 200.0}, {"x": 152.0, "y": 199.0}]}, "description": "merchant phone"}, {"boundingPoly": {"vertices": [{"x": 151.0, "y": 203.0}, {"x": 194.0, "y": 203.0}, {"x": 194.0, "y": 224.0}, {"x": 151.0, "y": 224.0}]}, "description": " Eat."}, {"boundingPoly": {"vertices": [{"x": 226.0, "y": 86.0}, {"x": 306.0, "y": 86.0}, {"x": 306.0, "y": 107.0}, {"x": 226.0, "y": 107.0}]}, "description": "merchant name"}, {"boundingPoly": {"vertices": [{"x": 283.0, "y": 111.0}, {"x": 337.0, "y": 111.0}, {"x": 337.0, "y": 131.0}, {"x": 283.0, "y": 131.0}]}, "description": "merchant address"}, {"boundingPoly": {"vertices": [{"x": 284.0, "y": 134.0}, {"x": 307.0, "y": 134.0}, {"x": 307.0, "y": 155.0}, {"x": 284.0, "y": 155.0}]}, "description": "merchant address"}, {"boundingPoly": {"vertices": [{"x": 254.0, "y": 157.0}, {"x": 305.0, "y": 157.0}, {"x": 305.0, "y": 178.0}, {"x": 254.0, "y": 178.0}]}, "description": "merchant address"}, {"boundingPoly": {"vertices": [{"x": 160.0, "y": 133.0}, {"x": 280.0, "y": 133.0}, {"x": 280.0, "y": 154.0}, {"x": 160.0, "y": 154.0}]}, "description": "merchant address"}, {"boundingPoly": {"vertices": [{"x": 227.0, "y": 157.0}, {"x": 251.0, "y": 157.0}, {"x": 251.0, "y": 178.0}, {"x": 227.0, "y": 178.0}]}, "description": "merchant address"}, {"boundingPoly": {"vertices": [{"x": 78.0, "y": 202.0}, {"x": 147.0, "y": 202.0}, {"x": 147.0, "y": 223.0}, {"x": 78.0, "y": 223.0}]}, "description": " BISTRO."}, {"boundingPoly": {"vertices": [{"x": 19.0, "y": 224.0}, {"x": 129.0, "y": 225.0}, {"x": 129.0, "y": 245.0}, {"x": 19.0, "y": 244.0}]}, "description": "4165 Noelle"}, {"boundingPoly": {"vertices": [{"x": 198.0, "y": 203.0}, {"x": 259.0, "y": 203.0}, {"x": 259.0, "y": 224.0}, {"x": 198.0, "y": 224.0}]}, "description": " Drink."}, {"boundingPoly": {"vertices": [{"x": 263.0, "y": 204.0}, {"x": 343.0, "y": 204.0}, {"x": 343.0, "y": 225.0}, {"x": 263.0, "y": 225.0}]}, "description": " Connect."}, {"boundingPoly": {"vertices": [{"x": 20.0, "y": 270.0}, {"x": 172.0, "y": 271.0}, {"x": 172.0, "y": 291.0}, {"x": 20.0, "y": 290.0}]}, "description": "CHK 9120"}, {"boundingPoly": {"vertices": [{"x": 268.0, "y": 273.0}, {"x": 322.0, "y": 273.0}, {"x": 322.0, "y": 294.0}, {"x": 268.0, "y": 294.0}]}, "description": " TBL"}, {"boundingPoly": {"vertices": [{"x": 303.0, "y": 295.0}, {"x": 366.0, "y": 296.0}, {"x": 366.0, "y": 316.0}, {"x": 303.0, "y": 316.0}]}, "description": "GST"}, {"boundingPoly": {"vertices": [{"x": 340.0, "y": 273.0}, {"x": 394.0, "y": 273.0}, {"x": 394.0, "y": 295.0}, {"x": 340.0, "y": 295.0}]}, "description": " 2/1"}, {"boundingPoly": {"vertices": [{"x": 381.0, "y": 299.0}, {"x": 395.0, "y": 300.0}, {"x": 395.0, "y": 314.0}, {"x": 380.0, "y": 313.0}]}, "description": "1"}, {"boundingPoly": {"vertices": [{"x": 128.0, "y": 316.0}, {"x": 287.0, "y": 316.0}, {"x": 287.0, "y": 340.0}, {"x": 128.0, "y": 340.0}]}, "description": " 13 Nov'19 9:13 AM"}, {"boundingPoly": {"vertices": [{"x": 32.0, "y": 361.0}, {"x": 45.0, "y": 361.0}, {"x": 45.0, "y": 382.0}, {"x": 32.0, "y": 382.0}]}, "description": " 1"}, {"boundingPoly": {"vertices": [{"x": 32.0, "y": 385.0}, {"x": 192.0, "y": 385.0}, {"x": 192.0, "y": 404.0}, {"x": 32.0, "y": 404.0}]}, "description": "1 LEMON B PANCAKE"}, {"boundingPoly": {"vertices": [{"x": 33.0, "y": 408.0}, {"x": 46.0, "y": 408.0}, {"x": 46.0, "y": 427.0}, {"x": 33.0, "y": 427.0}]}, "description": " 1"}, {"boundingPoly": {"vertices": [{"x": 48.0, "y": 361.0}, {"x": 194.0, "y": 361.0}, {"x": 194.0, "y": 382.0}, {"x": 48.0, "y": 382.0}]}, "description": " GRND CAPPUCCINO"}, {"boundingPoly": {"vertices": [{"x": 303.0, "y": 365.0}, {"x": 342.0, "y": 365.0}, {"x": 342.0, "y": 383.0}, {"x": 303.0, "y": 383.0}]}, "description": "4.10"}, {"boundingPoly": {"vertices": [{"x": 295.0, "y": 385.0}, {"x": 342.0, "y": 386.0}, {"x": 341.0, "y": 409.0}, {"x": 295.0, "y": 408.0}]}, "description": "11.00"}, {"boundingPoly": {"vertices": [{"x": 302.0, "y": 411.0}, {"x": 341.0, "y": 411.0}, {"x": 340.0, "y": 429.0}, {"x": 302.0, "y": 429.0}]}, "description": "3.50"}, {"boundingPoly": {"vertices": [{"x": 49.0, "y": 408.0}, {"x": 156.0, "y": 408.0}, {"x": 156.0, "y": 428.0}, {"x": 49.0, "y": 428.0}]}, "description": " COFFEE CAKE"}, {"boundingPoly": {"vertices": [{"x": 71.0, "y": 431.0}, {"x": 128.0, "y": 431.0}, {"x": 128.0, "y": 449.0}, {"x": 71.0, "y": 449.0}]}, "description": "WARMED"}, {"boundingPoly": {"vertices": [{"x": 53.0, "y": 474.0}, {"x": 127.0, "y": 475.0}, {"x": 127.0, "y": 493.0}, {"x": 53.0, "y": 492.0}]}, "description": "SUBTOTAL"}, {"boundingPoly": {"vertices": [{"x": 53.0, "y": 495.0}, {"x": 82.0, "y": 496.0}, {"x": 81.0, "y": 514.0}, {"x": 52.0, "y": 513.0}]}, "description": "TAX"}, {"boundingPoly": {"vertices": [{"x": 21.0, "y": 518.0}, {"x": 151.0, "y": 518.0}, {"x": 151.0, "y": 540.0}, {"x": 21.0, "y": 540.0}]}, "description": " 9:14 AM"}, {"boundingPoly": {"vertices": [{"x": 98.0, "y": 542.0}, {"x": 189.0, "y": 542.0}, {"x": 189.0, "y": 564.0}, {"x": 98.0, "y": 564.0}]}, "description": " TOTAL"}, {"boundingPoly": {"vertices": [{"x": 283.0, "y": 479.0}, {"x": 343.0, "y": 479.0}, {"x": 343.0, "y": 497.0}, {"x": 283.0, "y": 497.0}]}, "description": "$18.60"}, {"boundingPoly": {"vertices": [{"x": 292.0, "y": 500.0}, {"x": 342.0, "y": 500.0}, {"x": 342.0, "y": 518.0}, {"x": 292.0, "y": 520.0}]}, "description": "$1.54"}, {"boundingPoly": {"vertices": [{"x": 207.0, "y": 543.0}, {"x": 266.0, "y": 543.0}, {"x": 266.0, "y": 566.0}, {"x": 207.0, "y": 566.0}]}, "description": " DUE"}, {"boundingPoly": {"vertices": [{"x": 287.0, "y": 544.0}, {"x": 399.0, "y": 544.0}, {"x": 399.0, "y": 567.0}, {"x": 287.0, "y": 567.0}]}, "description": " $20.14"}, {"boundingPoly": {"vertices": [{"x": 55.0, "y": 612.0}, {"x": 364.0, "y": 618.0}, {"x": 364.0, "y": 638.0}, {"x": 55.0, "y": 632.0}]}, "description": "PLEASE COMPLETE FOR ROOM CHARGES"}, {"boundingPoly": {"vertices": [{"x": 28.0, "y": 656.0}, {"x": 105.0, "y": 656.0}, {"x": 105.0, "y": 674.0}, {"x": 28.0, "y": 675.0}]}, "description": "GRATUITY"}, {"boundingPoly": {"vertices": [{"x": 251.0, "y": 656.0}, {"x": 329.0, "y": 657.0}, {"x": 329.0, "y": 680.0}, {"x": 251.0, "y": 678.0}]}, "description": "3.00"}, {"boundingPoly": {"vertices": [{"x": 232.0, "y": 688.0}, {"x": 284.0, "y": 688.0}, {"x": 284.0, "y": 722.0}, {"x": 232.0, "y": 722.0}]}, "description": " $ 23"}, {"boundingPoly": {"vertices": [{"x": 31.0, "y": 694.0}, {"x": 81.0, "y": 694.0}, {"x": 80.0, "y": 710.0}, {"x": 31.0, "y": 709.0}]}, "description": "TOTAL"}, {"boundingPoly": {"vertices": [{"x": 291.0, "y": 688.0}, {"x": 294.0, "y": 688.0}, {"x": 294.0, "y": 720.0}, {"x": 291.0, "y": 720.0}]}, "description": " ."}, {"boundingPoly": {"vertices": [{"x": 300.0, "y": 688.0}, {"x": 339.0, "y": 688.0}, {"x": 339.0, "y": 721.0}, {"x": 300.0, "y": 721.0}]}, "description": " 14"}, {"boundingPoly": {"vertices": [{"x": 30.0, "y": 732.0}, {"x": 135.0, "y": 734.0}, {"x": 134.0, "y": 755.0}, {"x": 30.0, "y": 753.0}]}, "description": "ROOM NUMBER"}, {"boundingPoly": {"vertices": [{"x": 18.0, "y": 780.0}, {"x": 162.0, "y": 784.0}, {"x": 161.0, "y": 805.0}, {"x": 18.0, "y": 801.0}]}, "description": "PRINT LAST NAME"}, {"boundingPoly": {"vertices": [{"x": 17.0, "y": 825.0}, {"x": 105.0, "y": 828.0}, {"x": 104.0, "y": 851.0}, {"x": 16.0, "y": 849.0}]}, "description": "SIGNATURE"}]}