{"textAnnotations": [{"boundingPoly": {"vertices": [{"x": 47.0, "y": 32.0}, {"x": 326.0, "y": 32.0}, {"x": 326.0, "y": 63.0}, {"x": 47.0, "y": 63.0}]}, "description": " 13:31 1 .. 1 KB/S LTE"}, {"boundingPoly": {"vertices": [{"x": 430.0, "y": 40.0}, {"x": 459.0, "y": 40.0}, {"x": 458.0, "y": 51.0}, {"x": 429.0, "y": 51.0}]}, "description": "BOX&"}, {"boundingPoly": {"vertices": [{"x": 986.0, "y": 37.0}, {"x": 1014.0, "y": 38.0}, {"x": 1013.0, "y": 56.0}, {"x": 985.0, "y": 55.0}]}, "description": "94"}, {"boundingPoly": {"vertices": [{"x": 130.0, "y": 127.0}, {"x": 418.0, "y": 126.0}, {"x": 418.0, "y": 160.0}, {"x": 130.0, "y": 161.0}]}, "description": "ORDER DETAILS"}, {"boundingPoly": {"vertices": [{"x": 974.0, "y": 129.0}, {"x": 1041.0, "y": 127.0}, {"x": 1039.0, "y": 155.0}, {"x": 974.0, "y": 155.0}]}, "description": "HELP"}, {"boundingPoly": {"vertices": [{"x": 28.0, "y": 254.0}, {"x": 313.0, "y": 254.0}, {"x": 313.0, "y": 288.0}, {"x": 28.0, "y": 289.0}]}, "description": "Order #P391E0"}, {"boundingPoly": {"vertices": [{"x": 29.0, "y": 320.0}, {"x": 640.0, "y": 320.0}, {"x": 640.0, "y": 356.0}, {"x": 29.0, "y": 356.0}]}, "description": " DELIVERED on 28 Nov, 2019 @ 08:41 PM"}, {"boundingPoly": {"vertices": [{"x": 130.0, "y": 451.0}, {"x": 226.0, "y": 451.0}, {"x": 226.0, "y": 485.0}, {"x": 130.0, "y": 485.0}]}, "description": " Work"}, {"boundingPoly": {"vertices": [{"x": 131.0, "y": 495.0}, {"x": 467.0, "y": 495.0}, {"x": 467.0, "y": 528.0}, {"x": 131.0, "y": 527.0}]}, "description": "merchant address"}, {"boundingPoly": {"vertices": [{"x": 131.0, "y": 536.0}, {"x": 1051.0, "y": 536.0}, {"x": 1051.0, "y": 573.0}, {"x": 131.0, "y": 573.0}]}, "description": "merchant address"}, {"boundingPoly": {"vertices": [{"x": 127.0, "y": 581.0}, {"x": 828.0, "y": 581.0}, {"x": 828.0, "y": 616.0}, {"x": 127.0, "y": 616.0}]}, "description": "merchant address"}, {"boundingPoly": {"vertices": [{"x": 247.0, "y": 450.0}, {"x": 279.0, "y": 450.0}, {"x": 279.0, "y": 486.0}, {"x": 247.0, "y": 486.0}]}, "description": " |"}, {"boundingPoly": {"vertices": [{"x": 293.0, "y": 450.0}, {"x": 694.0, "y": 450.0}, {"x": 694.0, "y": 486.0}, {"x": 293.0, "y": 486.0}]}, "description": "merchant name"}, {"boundingPoly": {"vertices": [{"x": 40.0, "y": 701.0}, {"x": 271.0, "y": 701.0}, {"x": 271.0, "y": 733.0}, {"x": 40.0, "y": 734.0}]}, "description": "ITEM DETAILS"}, {"boundingPoly": {"vertices": [{"x": 38.0, "y": 774.0}, {"x": 389.0, "y": 774.0}, {"x": 389.0, "y": 812.0}, {"x": 37.0, "y": 811.0}]}, "description": "Shahi Paneer Biryani -"}, {"boundingPoly": {"vertices": [{"x": 40.0, "y": 822.0}, {"x": 109.0, "y": 822.0}, {"x": 109.0, "y": 849.0}, {"x": 40.0, "y": 847.0}]}, "description": "Raita"}, {"boundingPoly": {"vertices": [{"x": 796.0, "y": 776.0}, {"x": 831.0, "y": 776.0}, {"x": 831.0, "y": 812.0}, {"x": 796.0, "y": 812.0}]}, "description": " X"}, {"boundingPoly": {"vertices": [{"x": 838.0, "y": 776.0}, {"x": 878.0, "y": 776.0}, {"x": 878.0, "y": 811.0}, {"x": 838.0, "y": 811.0}]}, "description": " 17"}, {"boundingPoly": {"vertices": [{"x": 934.0, "y": 776.0}, {"x": 1041.0, "y": 776.0}, {"x": 1041.0, "y": 808.0}, {"x": 934.0, "y": 808.0}]}, "description": "\u4e4f 3706"}, {"boundingPoly": {"vertices": [{"x": 42.0, "y": 912.0}, {"x": 178.0, "y": 913.0}, {"x": 177.0, "y": 944.0}, {"x": 42.0, "y": 943.0}]}, "description": "17 Items"}, {"boundingPoly": {"vertices": [{"x": 756.0, "y": 911.0}, {"x": 1042.0, "y": 911.0}, {"x": 1042.0, "y": 942.0}, {"x": 756.0, "y": 942.0}]}, "description": "SUB TOTAL \u20b9 3706"}, {"boundingPoly": {"vertices": [{"x": 39.0, "y": 1005.0}, {"x": 353.0, "y": 1004.0}, {"x": 353.0, "y": 1037.0}, {"x": 39.0, "y": 1038.0}]}, "description": "PACKAGING CHARGE"}, {"boundingPoly": {"vertices": [{"x": 949.0, "y": 1004.0}, {"x": 1040.0, "y": 1006.0}, {"x": 1040.0, "y": 1036.0}, {"x": 949.0, "y": 1036.0}]}, "description": "\u20b9 10.0"}, {"boundingPoly": {"vertices": [{"x": 40.0, "y": 1088.0}, {"x": 223.0, "y": 1088.0}, {"x": 223.0, "y": 1120.0}, {"x": 40.0, "y": 1121.0}]}, "description": "CGST@2.5%"}, {"boundingPoly": {"vertices": [{"x": 950.0, "y": 1087.0}, {"x": 1041.0, "y": 1088.0}, {"x": 1040.0, "y": 1119.0}, {"x": 949.0, "y": 1119.0}]}, "description": "\u20b9 92.9"}, {"boundingPoly": {"vertices": [{"x": 39.0, "y": 1172.0}, {"x": 219.0, "y": 1172.0}, {"x": 219.0, "y": 1203.0}, {"x": 39.0, "y": 1203.0}]}, "description": "SGST@2.5%"}, {"boundingPoly": {"vertices": [{"x": 947.0, "y": 1172.0}, {"x": 1038.0, "y": 1172.0}, {"x": 1038.0, "y": 1202.0}, {"x": 947.0, "y": 1202.0}]}, "description": "\u20b9 92.9"}, {"boundingPoly": {"vertices": [{"x": 40.0, "y": 1267.0}, {"x": 144.0, "y": 1266.0}, {"x": 144.0, "y": 1297.0}, {"x": 40.0, "y": 1298.0}]}, "description": "TOTAL"}, {"boundingPoly": {"vertices": [{"x": 934.0, "y": 1268.0}, {"x": 1042.0, "y": 1268.0}, {"x": 1042.0, "y": 1299.0}, {"x": 934.0, "y": 1299.0}]}, "description": "\u4e4f 3902"}, {"boundingPoly": {"vertices": [{"x": 27.0, "y": 1395.0}, {"x": 168.0, "y": 1395.0}, {"x": 168.0, "y": 1431.0}, {"x": 27.0, "y": 1431.0}]}, "description": " Paid Via"}, {"boundingPoly": {"vertices": [{"x": 180.0, "y": 1396.0}, {"x": 278.0, "y": 1396.0}, {"x": 278.0, "y": 1432.0}, {"x": 180.0, "y": 1432.0}]}, "description": " Paytm"}, {"boundingPoly": {"vertices": [{"x": 917.0, "y": 1385.0}, {"x": 1051.0, "y": 1385.0}, {"x": 1051.0, "y": 1416.0}, {"x": 917.0, "y": 1416.0}]}, "description": "INVOICE"}, {"boundingPoly": {"vertices": [{"x": 362.0, "y": 1634.0}, {"x": 389.0, "y": 1634.0}, {"x": 388.0, "y": 1648.0}, {"x": 361.0, "y": 1648.0}]}, "description": "200"}, {"boundingPoly": {"vertices": [{"x": 518.0, "y": 1683.0}, {"x": 979.0, "y": 1685.0}, {"x": 979.0, "y": 1746.0}, {"x": 518.0, "y": 1745.0}]}, "description": "Refer & Earn"}, {"boundingPoly": {"vertices": [{"x": 574.0, "y": 1754.0}, {"x": 925.0, "y": 1754.0}, {"x": 925.0, "y": 1780.0}, {"x": 574.0, "y": 1780.0}]}, "description": "From each friend's 1st order."}, {"boundingPoly": {"vertices": [{"x": 120.0, "y": 1722.0}, {"x": 209.0, "y": 1708.0}, {"x": 213.0, "y": 1744.0}, {"x": 123.0, "y": 1755.0}]}, "description": "BOX 8"}, {"boundingPoly": {"vertices": [{"x": 426.0, "y": 1730.0}, {"x": 454.0, "y": 1727.0}, {"x": 455.0, "y": 1740.0}, {"x": 427.0, "y": 1743.0}]}, "description": "\u20b9200"}, {"boundingPoly": {"vertices": [{"x": 540.0, "y": 1807.0}, {"x": 663.0, "y": 1806.0}, {"x": 663.0, "y": 1836.0}, {"x": 540.0, "y": 1837.0}]}, "description": "You Get"}, {"boundingPoly": {"vertices": [{"x": 517.0, "y": 1848.0}, {"x": 674.0, "y": 1850.0}, {"x": 674.0, "y": 1904.0}, {"x": 516.0, "y": 1904.0}]}, "description": "\u20b9200"}, {"boundingPoly": {"vertices": [{"x": 543.0, "y": 1908.0}, {"x": 671.0, "y": 1907.0}, {"x": 671.0, "y": 1928.0}, {"x": 544.0, "y": 1929.0}]}, "description": "BOX8 MONEY"}, {"boundingPoly": {"vertices": [{"x": 756.0, "y": 1807.0}, {"x": 1011.0, "y": 1807.0}, {"x": 1011.0, "y": 1836.0}, {"x": 756.0, "y": 1836.0}]}, "description": "Your Friend Gets"}, {"boundingPoly": {"vertices": [{"x": 814.0, "y": 1843.0}, {"x": 947.0, "y": 1845.0}, {"x": 946.0, "y": 1872.0}, {"x": 814.0, "y": 1869.0}]}, "description": "\u20b9150 OFF"}, {"boundingPoly": {"vertices": [{"x": 877.0, "y": 1873.0}, {"x": 903.0, "y": 1873.0}, {"x": 902.0, "y": 1890.0}, {"x": 876.0, "y": 1890.0}]}, "description": "+"}, {"boundingPoly": {"vertices": [{"x": 800.0, "y": 1889.0}, {"x": 968.0, "y": 1893.0}, {"x": 967.0, "y": 1916.0}, {"x": 800.0, "y": 1913.0}]}, "description": "\u20b9 150 BOX8MONEY"}, {"boundingPoly": {"vertices": [{"x": 812.0, "y": 1923.0}, {"x": 895.0, "y": 1923.0}, {"x": 895.0, "y": 1942.0}, {"x": 812.0, "y": 1942.0}]}, "description": " Min order"}, {"boundingPoly": {"vertices": [{"x": 450.0, "y": 1847.0}, {"x": 466.0, "y": 1846.0}, {"x": 466.0, "y": 1860.0}, {"x": 451.0, "y": 1861.0}]}, "description": "200"}, {"boundingPoly": {"vertices": [{"x": 898.0, "y": 1923.0}, {"x": 955.0, "y": 1923.0}, {"x": 955.0, "y": 1942.0}, {"x": 898.0, "y": 1942.0}]}, "description": " : \u20b9 300"}, {"boundingPoly": {"vertices": [{"x": 335.0, "y": 2069.0}, {"x": 334.0, "y": 2113.0}, {"x": 317.0, "y": 2114.0}, {"x": 318.0, "y": 2069.0}]}, "description": "EEB"}, {"boundingPoly": {"vertices": [{"x": 607.0, "y": 2078.0}, {"x": 633.0, "y": 2078.0}, {"x": 632.0, "y": 2107.0}, {"x": 606.0, "y": 2106.0}]}, "description": "\u56fe"}, {"boundingPoly": {"vertices": [{"x": 51.0, "y": 2185.0}, {"x": 304.0, "y": 2185.0}, {"x": 304.0, "y": 2217.0}, {"x": 51.0, "y": 2217.0}]}, "description": " Your Invite Code"}, {"boundingPoly": {"vertices": [{"x": 310.0, "y": 2184.0}, {"x": 510.0, "y": 2184.0}, {"x": 510.0, "y": 2217.0}, {"x": 310.0, "y": 2217.0}]}, "description": " SHRAD33MO"}, {"boundingPoly": {"vertices": [{"x": 837.0, "y": 2188.0}, {"x": 1010.0, "y": 2188.0}, {"x": 1010.0, "y": 2214.0}, {"x": 837.0, "y": 2215.0}]}, "description": "INVITE NOW"}, {"boundingPoly": {"vertices": [{"x": 454.0, "y": 2263.0}, {"x": 627.0, "y": 2263.0}, {"x": 627.0, "y": 2296.0}, {"x": 454.0, "y": 2296.0}]}, "description": "REORDER"}]}