{"textAnnotations": [{"boundingPoly": {"vertices": [{"x": 455.0, "y": 577.0}, {"x": 746.0, "y": 586.0}, {"x": 741.0, "y": 680.0}, {"x": 453.0, "y": 664.0}]}, "description": "merchant name"}, {"boundingPoly": {"vertices": [{"x": 511.0, "y": 711.0}, {"x": 696.0, "y": 710.0}, {"x": 696.0, "y": 738.0}, {"x": 511.0, "y": 740.0}]}, "description": "merchant name"}, {"boundingPoly": {"vertices": [{"x": 648.0, "y": 739.0}, {"x": 724.0, "y": 739.0}, {"x": 724.0, "y": 766.0}, {"x": 648.0, "y": 766.0}]}, "description": "merchant address"}, {"boundingPoly": {"vertices": [{"x": 492.0, "y": 767.0}, {"x": 714.0, "y": 765.0}, {"x": 714.0, "y": 795.0}, {"x": 492.0, "y": 797.0}]}, "description": "merchant address"}, {"boundingPoly": {"vertices": [{"x": 542.0, "y": 798.0}, {"x": 687.0, "y": 797.0}, {"x": 687.0, "y": 823.0}, {"x": 542.0, "y": 824.0}]}, "description": "merchant phone"}, {"boundingPoly": {"vertices": [{"x": 514.0, "y": 626.0}, {"x": 688.0, "y": 615.0}, {"x": 689.0, "y": 672.0}, {"x": 517.0, "y": 676.0}]}, "description": "merchant name"}, {"boundingPoly": {"vertices": [{"x": 489.0, "y": 740.0}, {"x": 643.0, "y": 740.0}, {"x": 643.0, "y": 767.0}, {"x": 489.0, "y": 767.0}]}, "description": "merchant address"}, {"boundingPoly": {"vertices": [{"x": 333.0, "y": 858.0}, {"x": 425.0, "y": 858.0}, {"x": 425.0, "y": 885.0}, {"x": 333.0, "y": 885.0}]}, "description": " Server:"}, {"boundingPoly": {"vertices": [{"x": 333.0, "y": 886.0}, {"x": 458.0, "y": 886.0}, {"x": 458.0, "y": 913.0}, {"x": 333.0, "y": 913.0}]}, "description": "Check #122"}, {"boundingPoly": {"vertices": [{"x": 429.0, "y": 857.0}, {"x": 505.0, "y": 857.0}, {"x": 505.0, "y": 884.0}, {"x": 429.0, "y": 884.0}]}, "description": " Jose C"}, {"boundingPoly": {"vertices": [{"x": 689.0, "y": 853.0}, {"x": 877.0, "y": 853.0}, {"x": 877.0, "y": 883.0}, {"x": 689.0, "y": 883.0}]}, "description": " 11/20/19 6:59 PM"}, {"boundingPoly": {"vertices": [{"x": 773.0, "y": 882.0}, {"x": 877.0, "y": 881.0}, {"x": 877.0, "y": 907.0}, {"x": 773.0, "y": 909.0}]}, "description": "Table 2B"}, {"boundingPoly": {"vertices": [{"x": 332.0, "y": 973.0}, {"x": 458.0, "y": 973.0}, {"x": 458.0, "y": 999.0}, {"x": 332.0, "y": 998.0}]}, "description": "Input Type"}, {"boundingPoly": {"vertices": [{"x": 338.0, "y": 1001.0}, {"x": 528.0, "y": 1000.0}, {"x": 528.0, "y": 1028.0}, {"x": 338.0, "y": 1029.0}]}, "description": "AMERICAN EXPRESS"}, {"boundingPoly": {"vertices": [{"x": 335.0, "y": 1031.0}, {"x": 387.0, "y": 1031.0}, {"x": 386.0, "y": 1057.0}, {"x": 334.0, "y": 1057.0}]}, "description": "Time"}, {"boundingPoly": {"vertices": [{"x": 678.0, "y": 970.0}, {"x": 693.0, "y": 970.0}, {"x": 693.0, "y": 997.0}, {"x": 678.0, "y": 997.0}]}, "description": " C"}, {"boundingPoly": {"vertices": [{"x": 698.0, "y": 970.0}, {"x": 874.0, "y": 970.0}, {"x": 874.0, "y": 997.0}, {"x": 698.0, "y": 997.0}]}, "description": " (EMV Chip Read)"}, {"boundingPoly": {"vertices": [{"x": 734.0, "y": 1000.0}, {"x": 878.0, "y": 999.0}, {"x": 879.0, "y": 1024.0}, {"x": 734.0, "y": 1026.0}]}, "description": "xxxxxxxx3007"}, {"boundingPoly": {"vertices": [{"x": 795.0, "y": 1026.0}, {"x": 880.0, "y": 1026.0}, {"x": 880.0, "y": 1055.0}, {"x": 795.0, "y": 1055.0}]}, "description": " 8:37 PM"}, {"boundingPoly": {"vertices": [{"x": 339.0, "y": 1087.0}, {"x": 528.0, "y": 1088.0}, {"x": 528.0, "y": 1116.0}, {"x": 339.0, "y": 1115.0}]}, "description": "Transaction Type"}, {"boundingPoly": {"vertices": [{"x": 340.0, "y": 1118.0}, {"x": 501.0, "y": 1118.0}, {"x": 501.0, "y": 1146.0}, {"x": 340.0, "y": 1147.0}]}, "description": "Authorization"}, {"boundingPoly": {"vertices": [{"x": 336.0, "y": 1150.0}, {"x": 495.0, "y": 1147.0}, {"x": 496.0, "y": 1172.0}, {"x": 336.0, "y": 1176.0}]}, "description": "Approval Code"}, {"boundingPoly": {"vertices": [{"x": 335.0, "y": 1176.0}, {"x": 461.0, "y": 1176.0}, {"x": 461.0, "y": 1201.0}, {"x": 335.0, "y": 1202.0}]}, "description": "Payment ID"}, {"boundingPoly": {"vertices": [{"x": 339.0, "y": 1206.0}, {"x": 506.0, "y": 1204.0}, {"x": 506.0, "y": 1231.0}, {"x": 339.0, "y": 1233.0}]}, "description": "Application ID"}, {"boundingPoly": {"vertices": [{"x": 334.0, "y": 1234.0}, {"x": 540.0, "y": 1234.0}, {"x": 540.0, "y": 1259.0}, {"x": 334.0, "y": 1261.0}]}, "description": "Application Label"}, {"boundingPoly": {"vertices": [{"x": 339.0, "y": 1264.0}, {"x": 472.0, "y": 1261.0}, {"x": 472.0, "y": 1287.0}, {"x": 339.0, "y": 1290.0}]}, "description": "Terminal ID"}, {"boundingPoly": {"vertices": [{"x": 337.0, "y": 1293.0}, {"x": 472.0, "y": 1292.0}, {"x": 473.0, "y": 1318.0}, {"x": 337.0, "y": 1320.0}]}, "description": "Merchant ID"}, {"boundingPoly": {"vertices": [{"x": 339.0, "y": 1323.0}, {"x": 471.0, "y": 1321.0}, {"x": 471.0, "y": 1346.0}, {"x": 339.0, "y": 1348.0}]}, "description": "Card Reader"}, {"boundingPoly": {"vertices": [{"x": 829.0, "y": 1087.0}, {"x": 881.0, "y": 1086.0}, {"x": 879.0, "y": 1111.0}, {"x": 828.0, "y": 1111.0}]}, "description": "Sale"}, {"boundingPoly": {"vertices": [{"x": 779.0, "y": 1118.0}, {"x": 882.0, "y": 1116.0}, {"x": 882.0, "y": 1141.0}, {"x": 779.0, "y": 1142.0}]}, "description": "Approved"}, {"boundingPoly": {"vertices": [{"x": 808.0, "y": 1145.0}, {"x": 881.0, "y": 1145.0}, {"x": 881.0, "y": 1167.0}, {"x": 808.0, "y": 1169.0}]}, "description": "815699"}, {"boundingPoly": {"vertices": [{"x": 738.0, "y": 1173.0}, {"x": 883.0, "y": 1172.0}, {"x": 883.0, "y": 1198.0}, {"x": 738.0, "y": 1200.0}]}, "description": "NkzY9qRmmhbJ"}, {"boundingPoly": {"vertices": [{"x": 687.0, "y": 1203.0}, {"x": 883.0, "y": 1200.0}, {"x": 884.0, "y": 1226.0}, {"x": 687.0, "y": 1227.0}]}, "description": "A000000025010801"}, {"boundingPoly": {"vertices": [{"x": 690.0, "y": 1231.0}, {"x": 880.0, "y": 1230.0}, {"x": 880.0, "y": 1256.0}, {"x": 690.0, "y": 1259.0}]}, "description": "AMERICAN EXPRESS"}, {"boundingPoly": {"vertices": [{"x": 689.0, "y": 1261.0}, {"x": 884.0, "y": 1258.0}, {"x": 884.0, "y": 1285.0}, {"x": 689.0, "y": 1289.0}]}, "description": "adf14celd4f79f7d"}, {"boundingPoly": {"vertices": [{"x": 761.0, "y": 1292.0}, {"x": 882.0, "y": 1289.0}, {"x": 882.0, "y": 1311.0}, {"x": 762.0, "y": 1314.0}]}, "description": "022385310"}, {"boundingPoly": {"vertices": [{"x": 712.0, "y": 1316.0}, {"x": 883.0, "y": 1315.0}, {"x": 883.0, "y": 1344.0}, {"x": 712.0, "y": 1346.0}]}, "description": "MAGTEK_EDYNAMO"}, {"boundingPoly": {"vertices": [{"x": 456.0, "y": 1379.0}, {"x": 532.0, "y": 1378.0}, {"x": 532.0, "y": 1404.0}, {"x": 457.0, "y": 1404.0}]}, "description": "Amount"}, {"boundingPoly": {"vertices": [{"x": 810.0, "y": 1376.0}, {"x": 882.0, "y": 1376.0}, {"x": 882.0, "y": 1401.0}, {"x": 810.0, "y": 1401.0}]}, "description": "$43.82"}, {"boundingPoly": {"vertices": [{"x": 802.0, "y": 1421.0}, {"x": 880.0, "y": 1413.0}, {"x": 882.0, "y": 1451.0}, {"x": 803.0, "y": 1460.0}]}, "description": "7. -"}, {"boundingPoly": {"vertices": [{"x": 751.0, "y": 1474.0}, {"x": 881.0, "y": 1465.0}, {"x": 883.0, "y": 1507.0}, {"x": 755.0, "y": 1518.0}]}, "description": "50.82"}, {"boundingPoly": {"vertices": [{"x": 474.0, "y": 1438.0}, {"x": 542.0, "y": 1438.0}, {"x": 542.0, "y": 1464.0}, {"x": 474.0, "y": 1464.0}]}, "description": " + Tip:"}, {"boundingPoly": {"vertices": [{"x": 445.0, "y": 1493.0}, {"x": 545.0, "y": 1493.0}, {"x": 545.0, "y": 1519.0}, {"x": 445.0, "y": 1519.0}]}, "description": " = Total:"}, {"boundingPoly": {"vertices": [{"x": 533.0, "y": 1783.0}, {"x": 700.0, "y": 1783.0}, {"x": 700.0, "y": 1811.0}, {"x": 533.0, "y": 1811.0}]}, "description": " Suggested Tip:"}, {"boundingPoly": {"vertices": [{"x": 496.0, "y": 1809.0}, {"x": 793.0, "y": 1809.0}, {"x": 793.0, "y": 1839.0}, {"x": 496.0, "y": 1839.0}]}, "description": " (Tip $6.04 Total $49.86)"}, {"boundingPoly": {"vertices": [{"x": 496.0, "y": 1838.0}, {"x": 795.0, "y": 1838.0}, {"x": 795.0, "y": 1868.0}, {"x": 496.0, "y": 1868.0}]}, "description": " (Tip $7.24 Total $51.06)"}, {"boundingPoly": {"vertices": [{"x": 497.0, "y": 1867.0}, {"x": 792.0, "y": 1867.0}, {"x": 792.0, "y": 1897.0}, {"x": 497.0, "y": 1897.0}]}, "description": " (Tip $8.05 Total $51.87)"}, {"boundingPoly": {"vertices": [{"x": 490.0, "y": 1897.0}, {"x": 800.0, "y": 1897.0}, {"x": 800.0, "y": 1927.0}, {"x": 490.0, "y": 1927.0}]}, "description": " (Tip $10.06 Total $53.88)"}, {"boundingPoly": {"vertices": [{"x": 356.0, "y": 1929.0}, {"x": 881.0, "y": 1925.0}, {"x": 881.0, "y": 1954.0}, {"x": 356.0, "y": 1960.0}]}, "description": "Tip percentages are based on the check price"}, {"boundingPoly": {"vertices": [{"x": 442.0, "y": 1812.0}, {"x": 491.0, "y": 1812.0}, {"x": 491.0, "y": 1839.0}, {"x": 442.0, "y": 1839.0}]}, "description": " 15%:"}, {"boundingPoly": {"vertices": [{"x": 444.0, "y": 1841.0}, {"x": 491.0, "y": 1841.0}, {"x": 491.0, "y": 1869.0}, {"x": 444.0, "y": 1869.0}]}, "description": " 18%:"}, {"boundingPoly": {"vertices": [{"x": 439.0, "y": 1869.0}, {"x": 492.0, "y": 1869.0}, {"x": 492.0, "y": 1897.0}, {"x": 439.0, "y": 1897.0}]}, "description": " 20%:"}, {"boundingPoly": {"vertices": [{"x": 434.0, "y": 1899.0}, {"x": 484.0, "y": 1899.0}, {"x": 484.0, "y": 1928.0}, {"x": 434.0, "y": 1928.0}]}, "description": " 25%:"}, {"boundingPoly": {"vertices": [{"x": 541.0, "y": 1958.0}, {"x": 694.0, "y": 1956.0}, {"x": 694.0, "y": 1984.0}, {"x": 541.0, "y": 1985.0}]}, "description": "before taxes."}, {"boundingPoly": {"vertices": [{"x": 537.0, "y": 2014.0}, {"x": 700.0, "y": 2014.0}, {"x": 700.0, "y": 2042.0}, {"x": 537.0, "y": 2043.0}]}, "description": "Customer Copy"}, {"boundingPoly": {"vertices": [{"x": 411.0, "y": 2100.0}, {"x": 830.0, "y": 2097.0}, {"x": 830.0, "y": 2127.0}, {"x": 412.0, "y": 2131.0}]}, "description": "Thanks for visiting Juliana's Pizza"}, {"boundingPoly": {"vertices": [{"x": 516.0, "y": 2131.0}, {"x": 721.0, "y": 2130.0}, {"x": 721.0, "y": 2156.0}, {"x": 516.0, "y": 2157.0}]}, "description": "Please come again"}]}