{"textAnnotations": [{"boundingPoly": {"vertices": [{"x": 22.0, "y": 29.0}, {"x": 190.0, "y": 27.0}, {"x": 190.0, "y": 46.0}, {"x": 22.0, "y": 47.0}]}, "description": "Starbucks Doubleshot"}, {"boundingPoly": {"vertices": [{"x": 121.0, "y": 48.0}, {"x": 183.0, "y": 48.0}, {"x": 183.0, "y": 68.0}, {"x": 121.0, "y": 68.0}]}, "description": " 6.88/1b"}, {"boundingPoly": {"vertices": [{"x": 138.0, "y": 69.0}, {"x": 192.0, "y": 69.0}, {"x": 192.0, "y": 89.0}, {"x": 138.0, "y": 89.0}]}, "description": " Weighe"}, {"boundingPoly": {"vertices": [{"x": 334.0, "y": 7.0}, {"x": 360.0, "y": 7.0}, {"x": 360.0, "y": 25.0}, {"x": 334.0, "y": 25.0}]}, "description": "USD"}, {"boundingPoly": {"vertices": [{"x": 327.0, "y": 27.0}, {"x": 361.0, "y": 28.0}, {"x": 361.0, "y": 45.0}, {"x": 326.0, "y": 45.0}]}, "description": "3.46"}, {"boundingPoly": {"vertices": [{"x": 24.0, "y": 50.0}, {"x": 61.0, "y": 50.0}, {"x": 61.0, "y": 68.0}, {"x": 24.0, "y": 68.0}]}, "description": " 1.08"}, {"boundingPoly": {"vertices": [{"x": 23.0, "y": 70.0}, {"x": 134.0, "y": 70.0}, {"x": 134.0, "y": 89.0}, {"x": 23.0, "y": 89.0}]}, "description": " PHX Salad Bar"}, {"boundingPoly": {"vertices": [{"x": 64.0, "y": 49.0}, {"x": 102.0, "y": 49.0}, {"x": 102.0, "y": 68.0}, {"x": 64.0, "y": 68.0}]}, "description": " lb \u00d7"}, {"boundingPoly": {"vertices": [{"x": 105.0, "y": 49.0}, {"x": 118.0, "y": 49.0}, {"x": 118.0, "y": 68.0}, {"x": 105.0, "y": 68.0}]}, "description": " $"}, {"boundingPoly": {"vertices": [{"x": 329.0, "y": 68.0}, {"x": 363.0, "y": 68.0}, {"x": 363.0, "y": 87.0}, {"x": 329.0, "y": 86.0}]}, "description": "7.43"}, {"boundingPoly": {"vertices": [{"x": 213.0, "y": 110.0}, {"x": 291.0, "y": 110.0}, {"x": 291.0, "y": 128.0}, {"x": 213.0, "y": 128.0}]}, "description": "Sub Total"}, {"boundingPoly": {"vertices": [{"x": 246.0, "y": 132.0}, {"x": 302.0, "y": 132.0}, {"x": 302.0, "y": 151.0}, {"x": 246.0, "y": 151.0}]}, "description": " Amount"}, {"boundingPoly": {"vertices": [{"x": 322.0, "y": 111.0}, {"x": 364.0, "y": 111.0}, {"x": 363.0, "y": 128.0}, {"x": 323.0, "y": 129.0}]}, "description": "10.89"}, {"boundingPoly": {"vertices": [{"x": 329.0, "y": 131.0}, {"x": 366.0, "y": 132.0}, {"x": 365.0, "y": 150.0}, {"x": 329.0, "y": 150.0}]}, "description": "0.94"}, {"boundingPoly": {"vertices": [{"x": 215.0, "y": 133.0}, {"x": 243.0, "y": 133.0}, {"x": 243.0, "y": 151.0}, {"x": 215.0, "y": 151.0}]}, "description": " Tax"}, {"boundingPoly": {"vertices": [{"x": 13.0, "y": 207.0}, {"x": 168.0, "y": 204.0}, {"x": 169.0, "y": 239.0}, {"x": 14.0, "y": 243.0}]}, "description": "Total USD"}, {"boundingPoly": {"vertices": [{"x": 284.0, "y": 199.0}, {"x": 363.0, "y": 198.0}, {"x": 364.0, "y": 231.0}, {"x": 285.0, "y": 232.0}]}, "description": "11.83"}, {"boundingPoly": {"vertices": [{"x": 18.0, "y": 313.0}, {"x": 193.0, "y": 309.0}, {"x": 194.0, "y": 330.0}, {"x": 19.0, "y": 334.0}]}, "description": "5009 AMERICAN EXPRESS"}, {"boundingPoly": {"vertices": [{"x": 323.0, "y": 303.0}, {"x": 365.0, "y": 301.0}, {"x": 366.0, "y": 320.0}, {"x": 324.0, "y": 322.0}]}, "description": "11.83"}, {"boundingPoly": {"vertices": [{"x": 19.0, "y": 384.0}, {"x": 48.0, "y": 384.0}, {"x": 47.0, "y": 402.0}, {"x": 20.0, "y": 402.0}]}, "description": "Tax"}, {"boundingPoly": {"vertices": [{"x": 23.0, "y": 406.0}, {"x": 80.0, "y": 405.0}, {"x": 80.0, "y": 424.0}, {"x": 23.0, "y": 426.0}]}, "description": "() 8.60"}, {"boundingPoly": {"vertices": [{"x": 150.0, "y": 380.0}, {"x": 365.0, "y": 372.0}, {"x": 366.0, "y": 391.0}, {"x": 151.0, "y": 400.0}]}, "description": "Taxable Amount Tax Amount"}, {"boundingPoly": {"vertices": [{"x": 225.0, "y": 399.0}, {"x": 266.0, "y": 398.0}, {"x": 267.0, "y": 416.0}, {"x": 226.0, "y": 419.0}]}, "description": "10.89"}, {"boundingPoly": {"vertices": [{"x": 329.0, "y": 395.0}, {"x": 365.0, "y": 395.0}, {"x": 364.0, "y": 413.0}, {"x": 330.0, "y": 414.0}]}, "description": "0.94"}, {"boundingPoly": {"vertices": [{"x": 24.0, "y": 464.0}, {"x": 365.0, "y": 464.0}, {"x": 365.0, "y": 494.0}, {"x": 24.0, "y": 494.0}]}, "description": " 10/21/2019 12:35 PM #:41335 Op:8991 C:112"}, {"boundingPoly": {"vertices": [{"x": 24.0, "y": 494.0}, {"x": 106.0, "y": 494.0}, {"x": 106.0, "y": 510.0}, {"x": 24.0, "y": 510.0}]}, "description": " 201 S:1122"}, {"boundingPoly": {"vertices": [{"x": 23.0, "y": 510.0}, {"x": 110.0, "y": 510.0}, {"x": 110.0, "y": 527.0}, {"x": 23.0, "y": 527.0}]}, "description": " Served you"}, {"boundingPoly": {"vertices": [{"x": 113.0, "y": 507.0}, {"x": 253.0, "y": 507.0}, {"x": 253.0, "y": 527.0}, {"x": 113.0, "y": 527.0}]}, "description": " : Cassandra Monje"}, {"boundingPoly": {"vertices": [{"x": 99.0, "y": 589.0}, {"x": 243.0, "y": 582.0}, {"x": 243.0, "y": 593.0}, {"x": 99.0, "y": 601.0}]}, "description": "*** Customer copy"}, {"boundingPoly": {"vertices": [{"x": 135.0, "y": 603.0}, {"x": 245.0, "y": 601.0}, {"x": 245.0, "y": 619.0}, {"x": 135.0, "y": 620.0}]}, "description": "AMEX AEDR (1)"}, {"boundingPoly": {"vertices": [{"x": 27.0, "y": 621.0}, {"x": 346.0, "y": 623.0}, {"x": 346.0, "y": 643.0}, {"x": 27.0, "y": 640.0}]}, "description": "I agree to pay the above total amount"}, {"boundingPoly": {"vertices": [{"x": 91.0, "y": 644.0}, {"x": 295.0, "y": 646.0}, {"x": 295.0, "y": 665.0}, {"x": 91.0, "y": 664.0}]}, "description": "according to card issuer"}, {"boundingPoly": {"vertices": [{"x": 21.0, "y": 667.0}, {"x": 354.0, "y": 668.0}, {"x": 354.0, "y": 689.0}, {"x": 21.0, "y": 687.0}]}, "description": "agreement . (Merchant agreement if Credit"}, {"boundingPoly": {"vertices": [{"x": 49.0, "y": 690.0}, {"x": 328.0, "y": 691.0}, {"x": 328.0, "y": 713.0}, {"x": 49.0, "y": 710.0}]}, "description": "Voucher)Retain this copy for your"}, {"boundingPoly": {"vertices": [{"x": 160.0, "y": 715.0}, {"x": 226.0, "y": 715.0}, {"x": 226.0, "y": 734.0}, {"x": 160.0, "y": 733.0}]}, "description": "records."}, {"boundingPoly": {"vertices": [{"x": 245.0, "y": 582.0}, {"x": 273.0, "y": 580.0}, {"x": 274.0, "y": 589.0}, {"x": 245.0, "y": 591.0}]}, "description": "***"}, {"boundingPoly": {"vertices": [{"x": 20.0, "y": 759.0}, {"x": 184.0, "y": 759.0}, {"x": 184.0, "y": 780.0}, {"x": 20.0, "y": 779.0}]}, "description": "PURCHASE / APPROVED"}, {"boundingPoly": {"vertices": [{"x": 22.0, "y": 783.0}, {"x": 159.0, "y": 782.0}, {"x": 160.0, "y": 802.0}, {"x": 22.0, "y": 803.0}]}, "description": "AMERICAN EXPRESS"}, {"boundingPoly": {"vertices": [{"x": 20.0, "y": 806.0}, {"x": 151.0, "y": 806.0}, {"x": 151.0, "y": 825.0}, {"x": 20.0, "y": 826.0}]}, "description": "*********** 1007"}, {"boundingPoly": {"vertices": [{"x": 19.0, "y": 829.0}, {"x": 116.0, "y": 829.0}, {"x": 116.0, "y": 849.0}, {"x": 19.0, "y": 849.0}]}, "description": "CHIP READ /"}, {"boundingPoly": {"vertices": [{"x": 18.0, "y": 874.0}, {"x": 182.0, "y": 874.0}, {"x": 182.0, "y": 897.0}, {"x": 18.0, "y": 897.0}]}, "description": " 2019/10/21 13:36:05"}, {"boundingPoly": {"vertices": [{"x": 19.0, "y": 900.0}, {"x": 47.0, "y": 900.0}, {"x": 46.0, "y": 918.0}, {"x": 20.0, "y": 918.0}]}, "description": "TID"}, {"boundingPoly": {"vertices": [{"x": 18.0, "y": 923.0}, {"x": 47.0, "y": 923.0}, {"x": 47.0, "y": 941.0}, {"x": 18.0, "y": 942.0}]}, "description": "MID"}, {"boundingPoly": {"vertices": [{"x": 18.0, "y": 947.0}, {"x": 100.0, "y": 945.0}, {"x": 101.0, "y": 964.0}, {"x": 18.0, "y": 967.0}]}, "description": "REFERENCE"}, {"boundingPoly": {"vertices": [{"x": 19.0, "y": 970.0}, {"x": 98.0, "y": 967.0}, {"x": 99.0, "y": 987.0}, {"x": 19.0, "y": 989.0}]}, "description": "AUTH CODE"}, {"boundingPoly": {"vertices": [{"x": 287.0, "y": 897.0}, {"x": 356.0, "y": 896.0}, {"x": 356.0, "y": 914.0}, {"x": 287.0, "y": 915.0}]}, "description": "**** 6043"}, {"boundingPoly": {"vertices": [{"x": 297.0, "y": 919.0}, {"x": 356.0, "y": 918.0}, {"x": 356.0, "y": 936.0}, {"x": 297.0, "y": 937.0}]}, "description": "6634460"}, {"boundingPoly": {"vertices": [{"x": 146.0, "y": 943.0}, {"x": 356.0, "y": 941.0}, {"x": 356.0, "y": 960.0}, {"x": 146.0, "y": 963.0}]}, "description": "S1122T112201#41335@914354"}, {"boundingPoly": {"vertices": [{"x": 304.0, "y": 964.0}, {"x": 355.0, "y": 963.0}, {"x": 355.0, "y": 981.0}, {"x": 304.0, "y": 983.0}]}, "description": "865087"}, {"boundingPoly": {"vertices": [{"x": 18.0, "y": 1016.0}, {"x": 62.0, "y": 1015.0}, {"x": 61.0, "y": 1034.0}, {"x": 18.0, "y": 1035.0}]}, "description": "TOTAL"}, {"boundingPoly": {"vertices": [{"x": 287.0, "y": 1009.0}, {"x": 357.0, "y": 1007.0}, {"x": 358.0, "y": 1026.0}, {"x": 287.0, "y": 1027.0}]}, "description": "USD11.83"}, {"boundingPoly": {"vertices": [{"x": 18.0, "y": 1062.0}, {"x": 57.0, "y": 1062.0}, {"x": 57.0, "y": 1083.0}, {"x": 18.0, "y": 1083.0}]}, "description": " ARC:"}, {"boundingPoly": {"vertices": [{"x": 18.0, "y": 1085.0}, {"x": 55.0, "y": 1085.0}, {"x": 55.0, "y": 1106.0}, {"x": 18.0, "y": 1106.0}]}, "description": " TSI:"}, {"boundingPoly": {"vertices": [{"x": 18.0, "y": 1108.0}, {"x": 55.0, "y": 1108.0}, {"x": 55.0, "y": 1129.0}, {"x": 18.0, "y": 1129.0}]}, "description": " IAD:"}, {"boundingPoly": {"vertices": [{"x": 20.0, "y": 1131.0}, {"x": 56.0, "y": 1131.0}, {"x": 56.0, "y": 1152.0}, {"x": 20.0, "y": 1152.0}]}, "description": " TVR:"}, {"boundingPoly": {"vertices": [{"x": 18.0, "y": 1154.0}, {"x": 56.0, "y": 1154.0}, {"x": 56.0, "y": 1175.0}, {"x": 18.0, "y": 1175.0}]}, "description": " AID:"}, {"boundingPoly": {"vertices": [{"x": 17.0, "y": 1176.0}, {"x": 115.0, "y": 1176.0}, {"x": 115.0, "y": 1197.0}, {"x": 17.0, "y": 1197.0}]}, "description": " PAN Seq No:"}, {"boundingPoly": {"vertices": [{"x": 60.0, "y": 1061.0}, {"x": 81.0, "y": 1061.0}, {"x": 81.0, "y": 1080.0}, {"x": 60.0, "y": 1080.0}]}, "description": " 00"}, {"boundingPoly": {"vertices": [{"x": 59.0, "y": 1083.0}, {"x": 99.0, "y": 1083.0}, {"x": 99.0, "y": 1104.0}, {"x": 59.0, "y": 1104.0}]}, "description": " F800"}, {"boundingPoly": {"vertices": [{"x": 59.0, "y": 1103.0}, {"x": 182.0, "y": 1103.0}, {"x": 182.0, "y": 1127.0}, {"x": 59.0, "y": 1127.0}]}, "description": " 0660010360A002"}, {"boundingPoly": {"vertices": [{"x": 59.0, "y": 1128.0}, {"x": 150.0, "y": 1128.0}, {"x": 150.0, "y": 1151.0}, {"x": 59.0, "y": 1151.0}]}, "description": " 0000008000"}, {"boundingPoly": {"vertices": [{"x": 59.0, "y": 1149.0}, {"x": 200.0, "y": 1149.0}, {"x": 200.0, "y": 1174.0}, {"x": 59.0, "y": 1174.0}]}, "description": " A000000025010801"}, {"boundingPoly": {"vertices": [{"x": 119.0, "y": 1175.0}, {"x": 141.0, "y": 1175.0}, {"x": 141.0, "y": 1194.0}, {"x": 119.0, "y": 1194.0}]}, "description": " 00"}]}