{"textAnnotations": [{"boundingPoly": {"vertices": [{"x": 200.0, "y": 130.0}, {"x": 240.0, "y": 128.0}, {"x": 240.0, "y": 138.0}, {"x": 200.0, "y": 140.0}]}, "description": "merchant name"}, {"boundingPoly": {"vertices": [{"x": 139.0, "y": 151.0}, {"x": 279.0, "y": 147.0}, {"x": 279.0, "y": 157.0}, {"x": 139.0, "y": 162.0}]}, "description": "merchant address"}, {"boundingPoly": {"vertices": [{"x": 11.0, "y": 177.0}, {"x": 188.0, "y": 172.0}, {"x": 188.0, "y": 185.0}, {"x": 11.0, "y": 191.0}]}, "description": "310031020 Tonniee"}, {"boundingPoly": {"vertices": [{"x": 157.0, "y": 201.0}, {"x": 244.0, "y": 201.0}, {"x": 244.0, "y": 225.0}, {"x": 158.0, "y": 226.0}]}, "description": "TBL 50/1"}, {"boundingPoly": {"vertices": [{"x": 153.0, "y": 140.0}, {"x": 285.0, "y": 137.0}, {"x": 286.0, "y": 148.0}, {"x": 153.0, "y": 151.0}]}, "description": "merchant name"}, {"boundingPoly": {"vertices": [{"x": 128.0, "y": 162.0}, {"x": 297.0, "y": 158.0}, {"x": 297.0, "y": 169.0}, {"x": 129.0, "y": 174.0}]}, "description": "merchant address"}, {"boundingPoly": {"vertices": [{"x": 11.0, "y": 203.0}, {"x": 98.0, "y": 202.0}, {"x": 98.0, "y": 225.0}, {"x": 12.0, "y": 227.0}]}, "description": "HK 10764"}, {"boundingPoly": {"vertices": [{"x": 372.0, "y": 201.0}, {"x": 429.0, "y": 200.0}, {"x": 429.0, "y": 221.0}, {"x": 372.0, "y": 221.0}]}, "description": "GST 4"}, {"boundingPoly": {"vertices": [{"x": 15.0, "y": 256.0}, {"x": 238.0, "y": 253.0}, {"x": 238.0, "y": 278.0}, {"x": 15.0, "y": 281.0}]}, "description": "2 GaRD Burger @ 19.00"}, {"boundingPoly": {"vertices": [{"x": 20.0, "y": 283.0}, {"x": 32.0, "y": 283.0}, {"x": 32.0, "y": 304.0}, {"x": 20.0, "y": 304.0}]}, "description": " 1"}, {"boundingPoly": {"vertices": [{"x": 23.0, "y": 308.0}, {"x": 34.0, "y": 308.0}, {"x": 34.0, "y": 330.0}, {"x": 23.0, "y": 330.0}]}, "description": " 1"}, {"boundingPoly": {"vertices": [{"x": 337.0, "y": 255.0}, {"x": 393.0, "y": 255.0}, {"x": 393.0, "y": 275.0}, {"x": 337.0, "y": 275.0}]}, "description": "38.00"}, {"boundingPoly": {"vertices": [{"x": 348.0, "y": 282.0}, {"x": 391.0, "y": 281.0}, {"x": 391.0, "y": 301.0}, {"x": 348.0, "y": 301.0}]}, "description": "4.50"}, {"boundingPoly": {"vertices": [{"x": 346.0, "y": 307.0}, {"x": 390.0, "y": 307.0}, {"x": 389.0, "y": 326.0}, {"x": 346.0, "y": 326.0}]}, "description": "4.00"}, {"boundingPoly": {"vertices": [{"x": 36.0, "y": 283.0}, {"x": 185.0, "y": 283.0}, {"x": 185.0, "y": 304.0}, {"x": 36.0, "y": 304.0}]}, "description": " Fresh Mint Tea"}, {"boundingPoly": {"vertices": [{"x": 38.0, "y": 308.0}, {"x": 146.0, "y": 308.0}, {"x": 146.0, "y": 330.0}, {"x": 38.0, "y": 330.0}]}, "description": " Cappuccino"}, {"boundingPoly": {"vertices": [{"x": 75.0, "y": 354.0}, {"x": 185.0, "y": 354.0}, {"x": 185.0, "y": 376.0}, {"x": 75.0, "y": 376.0}]}, "description": " 3.84 BTW /"}, {"boundingPoly": {"vertices": [{"x": 193.0, "y": 354.0}, {"x": 257.0, "y": 354.0}, {"x": 257.0, "y": 375.0}, {"x": 193.0, "y": 375.0}]}, "description": " VAT 9%"}, {"boundingPoly": {"vertices": [{"x": 336.0, "y": 353.0}, {"x": 388.0, "y": 355.0}, {"x": 387.0, "y": 373.0}, {"x": 335.0, "y": 372.0}]}, "description": "46.50"}, {"boundingPoly": {"vertices": [{"x": 324.0, "y": 377.0}, {"x": 385.0, "y": 377.0}, {"x": 385.0, "y": 396.0}, {"x": 324.0, "y": 396.0}]}, "description": "46.50\u20ac"}, {"boundingPoly": {"vertices": [{"x": 294.0, "y": 398.0}, {"x": 412.0, "y": 399.0}, {"x": 412.0, "y": 418.0}, {"x": 294.0, "y": 417.0}]}, "description": "46.50\u20ac"}, {"boundingPoly": {"vertices": [{"x": 81.0, "y": 437.0}, {"x": 112.0, "y": 437.0}, {"x": 112.0, "y": 453.0}, {"x": 81.0, "y": 453.0}]}, "description": " Tip"}, {"boundingPoly": {"vertices": [{"x": 118.0, "y": 438.0}, {"x": 144.0, "y": 438.0}, {"x": 144.0, "y": 454.0}, {"x": 118.0, "y": 454.0}]}, "description": " :.."}, {"boundingPoly": {"vertices": [{"x": 102.0, "y": 471.0}, {"x": 142.0, "y": 471.0}, {"x": 142.0, "y": 492.0}, {"x": 102.0, "y": 492.0}]}, "description": " Total"}, {"boundingPoly": {"vertices": [{"x": 145.0, "y": 472.0}, {"x": 188.0, "y": 472.0}, {"x": 188.0, "y": 496.0}, {"x": 145.0, "y": 496.0}]}, "description": " :...."}, {"boundingPoly": {"vertices": [{"x": 75.0, "y": 515.0}, {"x": 129.0, "y": 515.0}, {"x": 129.0, "y": 540.0}, {"x": 75.0, "y": 540.0}]}, "description": " Name:"}, {"boundingPoly": {"vertices": [{"x": 63.0, "y": 566.0}, {"x": 116.0, "y": 566.0}, {"x": 116.0, "y": 589.0}, {"x": 63.0, "y": 589.0}]}, "description": " RoomNo"}, {"boundingPoly": {"vertices": [{"x": 118.0, "y": 568.0}, {"x": 158.0, "y": 568.0}, {"x": 158.0, "y": 592.0}, {"x": 118.0, "y": 592.0}]}, "description": " :..."}, {"boundingPoly": {"vertices": [{"x": 66.0, "y": 616.0}, {"x": 169.0, "y": 616.0}, {"x": 169.0, "y": 644.0}, {"x": 66.0, "y": 644.0}]}, "description": " Signature:"}]}