{"textAnnotations": [{"boundingPoly": {"vertices": [{"x": 47.0, "y": 28.0}, {"x": 177.0, "y": 28.0}, {"x": 177.0, "y": 61.0}, {"x": 47.0, "y": 61.0}]}, "description": " 13:32 4G"}, {"boundingPoly": {"vertices": [{"x": 245.0, "y": 28.0}, {"x": 318.0, "y": 27.0}, {"x": 318.0, "y": 51.0}, {"x": 245.0, "y": 52.0}]}, "description": "14.0 VO"}, {"boundingPoly": {"vertices": [{"x": 135.0, "y": 33.0}, {"x": 326.0, "y": 38.0}, {"x": 325.0, "y": 64.0}, {"x": 134.0, "y": 62.0}]}, "description": "80 .00 KB/S LTEQ"}, {"boundingPoly": {"vertices": [{"x": 380.0, "y": 38.0}, {"x": 409.0, "y": 39.0}, {"x": 408.0, "y": 52.0}, {"x": 380.0, "y": 51.0}]}, "description": "BOX"}, {"boundingPoly": {"vertices": [{"x": 986.0, "y": 37.0}, {"x": 1013.0, "y": 37.0}, {"x": 1012.0, "y": 56.0}, {"x": 986.0, "y": 55.0}]}, "description": "93"}, {"boundingPoly": {"vertices": [{"x": 130.0, "y": 126.0}, {"x": 419.0, "y": 126.0}, {"x": 419.0, "y": 161.0}, {"x": 130.0, "y": 161.0}]}, "description": "ORDER DETAILS"}, {"boundingPoly": {"vertices": [{"x": 974.0, "y": 129.0}, {"x": 1041.0, "y": 127.0}, {"x": 1039.0, "y": 155.0}, {"x": 974.0, "y": 155.0}]}, "description": "HELP"}, {"boundingPoly": {"vertices": [{"x": 28.0, "y": 253.0}, {"x": 336.0, "y": 253.0}, {"x": 336.0, "y": 293.0}, {"x": 28.0, "y": 291.0}]}, "description": "Order #NAHAWJ"}, {"boundingPoly": {"vertices": [{"x": 29.0, "y": 320.0}, {"x": 640.0, "y": 320.0}, {"x": 640.0, "y": 356.0}, {"x": 29.0, "y": 356.0}]}, "description": " DELIVERED on 29 Nov, 2019 @ 07:19 PM"}, {"boundingPoly": {"vertices": [{"x": 130.0, "y": 451.0}, {"x": 226.0, "y": 451.0}, {"x": 226.0, "y": 485.0}, {"x": 130.0, "y": 485.0}]}, "description": " Work"}, {"boundingPoly": {"vertices": [{"x": 131.0, "y": 495.0}, {"x": 467.0, "y": 495.0}, {"x": 467.0, "y": 528.0}, {"x": 131.0, "y": 527.0}]}, "description": "merchant address"}, {"boundingPoly": {"vertices": [{"x": 131.0, "y": 536.0}, {"x": 1051.0, "y": 536.0}, {"x": 1051.0, "y": 573.0}, {"x": 131.0, "y": 573.0}]}, "description": "merchant address"}, {"boundingPoly": {"vertices": [{"x": 127.0, "y": 580.0}, {"x": 828.0, "y": 580.0}, {"x": 828.0, "y": 616.0}, {"x": 127.0, "y": 616.0}]}, "description": "merchant address"}, {"boundingPoly": {"vertices": [{"x": 247.0, "y": 450.0}, {"x": 279.0, "y": 450.0}, {"x": 279.0, "y": 486.0}, {"x": 247.0, "y": 486.0}]}, "description": " |"}, {"boundingPoly": {"vertices": [{"x": 294.0, "y": 450.0}, {"x": 694.0, "y": 450.0}, {"x": 694.0, "y": 486.0}, {"x": 294.0, "y": 486.0}]}, "description": "merchant name"}, {"boundingPoly": {"vertices": [{"x": 40.0, "y": 701.0}, {"x": 271.0, "y": 701.0}, {"x": 271.0, "y": 734.0}, {"x": 40.0, "y": 734.0}]}, "description": "ITEM DETAILS"}, {"boundingPoly": {"vertices": [{"x": 40.0, "y": 775.0}, {"x": 406.0, "y": 775.0}, {"x": 406.0, "y": 812.0}, {"x": 40.0, "y": 812.0}]}, "description": " Amritsari Chole Chawal"}, {"boundingPoly": {"vertices": [{"x": 412.0, "y": 775.0}, {"x": 426.0, "y": 775.0}, {"x": 426.0, "y": 812.0}, {"x": 412.0, "y": 812.0}]}, "description": " -"}, {"boundingPoly": {"vertices": [{"x": 432.0, "y": 775.0}, {"x": 532.0, "y": 775.0}, {"x": 532.0, "y": 814.0}, {"x": 432.0, "y": 814.0}]}, "description": " [BOX]"}, {"boundingPoly": {"vertices": [{"x": 796.0, "y": 776.0}, {"x": 829.0, "y": 776.0}, {"x": 829.0, "y": 811.0}, {"x": 796.0, "y": 811.0}]}, "description": " X"}, {"boundingPoly": {"vertices": [{"x": 835.0, "y": 776.0}, {"x": 874.0, "y": 776.0}, {"x": 874.0, "y": 810.0}, {"x": 835.0, "y": 810.0}]}, "description": " 01"}, {"boundingPoly": {"vertices": [{"x": 953.0, "y": 776.0}, {"x": 1041.0, "y": 777.0}, {"x": 1040.0, "y": 808.0}, {"x": 953.0, "y": 806.0}]}, "description": "\u4e4f 148"}, {"boundingPoly": {"vertices": [{"x": 37.0, "y": 889.0}, {"x": 322.0, "y": 889.0}, {"x": 322.0, "y": 930.0}, {"x": 37.0, "y": 930.0}]}, "description": " Spicy Paneer Meal"}, {"boundingPoly": {"vertices": [{"x": 39.0, "y": 934.0}, {"x": 745.0, "y": 934.0}, {"x": 745.0, "y": 967.0}, {"x": 39.0, "y": 966.0}]}, "description": "Chocolate Brownie (EGG), Rajma, Paratha + Rice [Half]"}, {"boundingPoly": {"vertices": [{"x": 330.0, "y": 889.0}, {"x": 343.0, "y": 889.0}, {"x": 343.0, "y": 927.0}, {"x": 330.0, "y": 927.0}]}, "description": " -"}, {"boundingPoly": {"vertices": [{"x": 350.0, "y": 889.0}, {"x": 496.0, "y": 889.0}, {"x": 496.0, "y": 927.0}, {"x": 350.0, "y": 927.0}]}, "description": " [ALLIN1]"}, {"boundingPoly": {"vertices": [{"x": 796.0, "y": 890.0}, {"x": 828.0, "y": 890.0}, {"x": 828.0, "y": 924.0}, {"x": 796.0, "y": 924.0}]}, "description": " \u00d7"}, {"boundingPoly": {"vertices": [{"x": 833.0, "y": 888.0}, {"x": 876.0, "y": 888.0}, {"x": 876.0, "y": 923.0}, {"x": 833.0, "y": 923.0}]}, "description": " 05"}, {"boundingPoly": {"vertices": [{"x": 935.0, "y": 890.0}, {"x": 1042.0, "y": 891.0}, {"x": 1042.0, "y": 923.0}, {"x": 935.0, "y": 922.0}]}, "description": "\u5f55 1215"}, {"boundingPoly": {"vertices": [{"x": 38.0, "y": 1001.0}, {"x": 392.0, "y": 1001.0}, {"x": 392.0, "y": 1041.0}, {"x": 37.0, "y": 1040.0}]}, "description": "Shahi Paneer Biryani -"}, {"boundingPoly": {"vertices": [{"x": 41.0, "y": 1051.0}, {"x": 110.0, "y": 1051.0}, {"x": 107.0, "y": 1078.0}, {"x": 40.0, "y": 1076.0}]}, "description": "Raita"}, {"boundingPoly": {"vertices": [{"x": 797.0, "y": 1002.0}, {"x": 826.0, "y": 1002.0}, {"x": 826.0, "y": 1038.0}, {"x": 797.0, "y": 1038.0}]}, "description": " \u00d7"}, {"boundingPoly": {"vertices": [{"x": 833.0, "y": 1002.0}, {"x": 874.0, "y": 1002.0}, {"x": 874.0, "y": 1038.0}, {"x": 833.0, "y": 1038.0}]}, "description": " 01"}, {"boundingPoly": {"vertices": [{"x": 953.0, "y": 1004.0}, {"x": 1040.0, "y": 1004.0}, {"x": 1040.0, "y": 1036.0}, {"x": 953.0, "y": 1036.0}]}, "description": "\u20b9 228"}, {"boundingPoly": {"vertices": [{"x": 40.0, "y": 1139.0}, {"x": 178.0, "y": 1141.0}, {"x": 177.0, "y": 1172.0}, {"x": 40.0, "y": 1170.0}]}, "description": "07 Items"}, {"boundingPoly": {"vertices": [{"x": 756.0, "y": 1139.0}, {"x": 1039.0, "y": 1139.0}, {"x": 1039.0, "y": 1171.0}, {"x": 756.0, "y": 1171.0}]}, "description": "SUB TOTAL \u20b9 1591"}, {"boundingPoly": {"vertices": [{"x": 41.0, "y": 1233.0}, {"x": 355.0, "y": 1232.0}, {"x": 355.0, "y": 1265.0}, {"x": 41.0, "y": 1266.0}]}, "description": "PACKAGING CHARGE"}, {"boundingPoly": {"vertices": [{"x": 948.0, "y": 1233.0}, {"x": 1041.0, "y": 1233.0}, {"x": 1041.0, "y": 1263.0}, {"x": 948.0, "y": 1264.0}]}, "description": "\u20b9 10.0"}, {"boundingPoly": {"vertices": [{"x": 39.0, "y": 1317.0}, {"x": 221.0, "y": 1316.0}, {"x": 221.0, "y": 1348.0}, {"x": 39.0, "y": 1349.0}]}, "description": "CGST@2.5%"}, {"boundingPoly": {"vertices": [{"x": 929.0, "y": 1316.0}, {"x": 1039.0, "y": 1317.0}, {"x": 1039.0, "y": 1348.0}, {"x": 929.0, "y": 1346.0}]}, "description": "\u4e4f 40.03"}, {"boundingPoly": {"vertices": [{"x": 40.0, "y": 1399.0}, {"x": 220.0, "y": 1399.0}, {"x": 220.0, "y": 1431.0}, {"x": 40.0, "y": 1432.0}]}, "description": "SGST@2.5%"}, {"boundingPoly": {"vertices": [{"x": 930.0, "y": 1399.0}, {"x": 1040.0, "y": 1399.0}, {"x": 1039.0, "y": 1431.0}, {"x": 930.0, "y": 1430.0}]}, "description": "\u4e4f 40.03"}, {"boundingPoly": {"vertices": [{"x": 40.0, "y": 1495.0}, {"x": 146.0, "y": 1495.0}, {"x": 145.0, "y": 1526.0}, {"x": 40.0, "y": 1525.0}]}, "description": "TOTAL"}, {"boundingPoly": {"vertices": [{"x": 934.0, "y": 1495.0}, {"x": 1038.0, "y": 1495.0}, {"x": 1038.0, "y": 1527.0}, {"x": 934.0, "y": 1527.0}]}, "description": "\u4e4f 1681"}, {"boundingPoly": {"vertices": [{"x": 28.0, "y": 1624.0}, {"x": 167.0, "y": 1624.0}, {"x": 167.0, "y": 1658.0}, {"x": 28.0, "y": 1658.0}]}, "description": " Paid Via"}, {"boundingPoly": {"vertices": [{"x": 179.0, "y": 1624.0}, {"x": 276.0, "y": 1624.0}, {"x": 276.0, "y": 1660.0}, {"x": 179.0, "y": 1660.0}]}, "description": " Paytm"}, {"boundingPoly": {"vertices": [{"x": 918.0, "y": 1612.0}, {"x": 1049.0, "y": 1611.0}, {"x": 1050.0, "y": 1643.0}, {"x": 918.0, "y": 1644.0}]}, "description": "INVOICE"}, {"boundingPoly": {"vertices": [{"x": 360.0, "y": 1862.0}, {"x": 391.0, "y": 1862.0}, {"x": 391.0, "y": 1874.0}, {"x": 359.0, "y": 1874.0}]}, "description": "\u20b9200"}, {"boundingPoly": {"vertices": [{"x": 519.0, "y": 1911.0}, {"x": 978.0, "y": 1914.0}, {"x": 978.0, "y": 1976.0}, {"x": 519.0, "y": 1974.0}]}, "description": "Refer & Earn"}, {"boundingPoly": {"vertices": [{"x": 573.0, "y": 1982.0}, {"x": 925.0, "y": 1982.0}, {"x": 925.0, "y": 2007.0}, {"x": 573.0, "y": 2007.0}]}, "description": "From each friend's 1st order."}, {"boundingPoly": {"vertices": [{"x": 120.0, "y": 1949.0}, {"x": 206.0, "y": 1938.0}, {"x": 211.0, "y": 1972.0}, {"x": 125.0, "y": 1982.0}]}, "description": "BOX 8"}, {"boundingPoly": {"vertices": [{"x": 432.0, "y": 1959.0}, {"x": 453.0, "y": 1957.0}, {"x": 454.0, "y": 1968.0}, {"x": 432.0, "y": 1971.0}]}, "description": "200"}, {"boundingPoly": {"vertices": [{"x": 540.0, "y": 2034.0}, {"x": 662.0, "y": 2035.0}, {"x": 662.0, "y": 2065.0}, {"x": 540.0, "y": 2064.0}]}, "description": "You Get"}, {"boundingPoly": {"vertices": [{"x": 540.0, "y": 2077.0}, {"x": 673.0, "y": 2078.0}, {"x": 673.0, "y": 2133.0}, {"x": 541.0, "y": 2132.0}]}, "description": "200"}, {"boundingPoly": {"vertices": [{"x": 543.0, "y": 2136.0}, {"x": 670.0, "y": 2136.0}, {"x": 670.0, "y": 2157.0}, {"x": 543.0, "y": 2156.0}]}, "description": "BOX8 MONEY"}, {"boundingPoly": {"vertices": [{"x": 755.0, "y": 2035.0}, {"x": 1013.0, "y": 2035.0}, {"x": 1013.0, "y": 2064.0}, {"x": 755.0, "y": 2064.0}]}, "description": "Your Friend Gets"}, {"boundingPoly": {"vertices": [{"x": 818.0, "y": 2072.0}, {"x": 947.0, "y": 2073.0}, {"x": 947.0, "y": 2100.0}, {"x": 818.0, "y": 2099.0}]}, "description": "\u20b9150 OFF"}, {"boundingPoly": {"vertices": [{"x": 879.0, "y": 2102.0}, {"x": 902.0, "y": 2102.0}, {"x": 902.0, "y": 2119.0}, {"x": 878.0, "y": 2119.0}]}, "description": "+"}, {"boundingPoly": {"vertices": [{"x": 447.0, "y": 2073.0}, {"x": 467.0, "y": 2071.0}, {"x": 467.0, "y": 2086.0}, {"x": 448.0, "y": 2088.0}]}, "description": "200"}, {"boundingPoly": {"vertices": [{"x": 800.0, "y": 2116.0}, {"x": 969.0, "y": 2122.0}, {"x": 969.0, "y": 2145.0}, {"x": 799.0, "y": 2140.0}]}, "description": "\u20b9 150 BOX8MONEY"}, {"boundingPoly": {"vertices": [{"x": 898.0, "y": 2150.0}, {"x": 954.0, "y": 2150.0}, {"x": 954.0, "y": 2169.0}, {"x": 898.0, "y": 2169.0}]}, "description": " : \u20b9 300"}, {"boundingPoly": {"vertices": [{"x": 814.0, "y": 2151.0}, {"x": 895.0, "y": 2151.0}, {"x": 895.0, "y": 2169.0}, {"x": 814.0, "y": 2169.0}]}, "description": " Min order"}, {"boundingPoly": {"vertices": [{"x": 411.0, "y": 2191.0}, {"x": 429.0, "y": 2186.0}, {"x": 431.0, "y": 2199.0}, {"x": 413.0, "y": 2204.0}]}, "description": "200"}, {"boundingPoly": {"vertices": [{"x": 454.0, "y": 2263.0}, {"x": 627.0, "y": 2263.0}, {"x": 627.0, "y": 2296.0}, {"x": 454.0, "y": 2296.0}]}, "description": "REORDER"}]}