{"textAnnotations": [{"boundingPoly": {"vertices": [{"x": 394.0, "y": 84.0}, {"x": 602.0, "y": 71.0}, {"x": 604.0, "y": 103.0}, {"x": 396.0, "y": 117.0}]}, "description": "LAUGHING"}, {"boundingPoly": {"vertices": [{"x": 429.0, "y": 167.0}, {"x": 577.0, "y": 161.0}, {"x": 578.0, "y": 182.0}, {"x": 429.0, "y": 188.0}]}, "description": "MAKE EVERY"}, {"boundingPoly": {"vertices": [{"x": 436.0, "y": 186.0}, {"x": 572.0, "y": 180.0}, {"x": 573.0, "y": 200.0}, {"x": 437.0, "y": 206.0}]}, "description": "CUP COUNT"}, {"boundingPoly": {"vertices": [{"x": 218.0, "y": 365.0}, {"x": 511.0, "y": 355.0}, {"x": 513.0, "y": 398.0}, {"x": 219.0, "y": 406.0}]}, "description": "merchant name"}, {"boundingPoly": {"vertices": [{"x": 223.0, "y": 424.0}, {"x": 478.0, "y": 419.0}, {"x": 479.0, "y": 453.0}, {"x": 224.0, "y": 458.0}]}, "description": "merchant address"}, {"boundingPoly": {"vertices": [{"x": 228.0, "y": 471.0}, {"x": 368.0, "y": 466.0}, {"x": 370.0, "y": 497.0}, {"x": 229.0, "y": 502.0}]}, "description": "merchant address"}, {"boundingPoly": {"vertices": [{"x": 232.0, "y": 515.0}, {"x": 423.0, "y": 508.0}, {"x": 425.0, "y": 539.0}, {"x": 233.0, "y": 547.0}]}, "description": "merchant address"}, {"boundingPoly": {"vertices": [{"x": 554.0, "y": 414.0}, {"x": 816.0, "y": 401.0}, {"x": 818.0, "y": 433.0}, {"x": 556.0, "y": 445.0}]}, "description": "November 1, 2019"}, {"boundingPoly": {"vertices": [{"x": 694.0, "y": 449.0}, {"x": 815.0, "y": 449.0}, {"x": 815.0, "y": 484.0}, {"x": 694.0, "y": 484.0}]}, "description": " 3:20 PM"}, {"boundingPoly": {"vertices": [{"x": 767.0, "y": 496.0}, {"x": 817.0, "y": 495.0}, {"x": 819.0, "y": 524.0}, {"x": 768.0, "y": 526.0}]}, "description": "LM"}, {"boundingPoly": {"vertices": [{"x": 913.0, "y": 412.0}, {"x": 991.0, "y": 419.0}, {"x": 987.0, "y": 451.0}, {"x": 910.0, "y": 445.0}]}, "description": "'2019"}, {"boundingPoly": {"vertices": [{"x": 917.0, "y": 452.0}, {"x": 986.0, "y": 460.0}, {"x": 982.0, "y": 490.0}, {"x": 914.0, "y": 487.0}]}, "description": "3 PM"}, {"boundingPoly": {"vertices": [{"x": 912.0, "y": 493.0}, {"x": 980.0, "y": 498.0}, {"x": 976.0, "y": 530.0}, {"x": 910.0, "y": 525.0}]}, "description": "0273"}, {"boundingPoly": {"vertices": [{"x": 237.0, "y": 537.0}, {"x": 738.0, "y": 537.0}, {"x": 738.0, "y": 586.0}, {"x": 237.0, "y": 586.0}]}, "description": " https://www.laughingmancafe.com/"}, {"boundingPoly": {"vertices": [{"x": 447.0, "y": 628.0}, {"x": 613.0, "y": 622.0}, {"x": 614.0, "y": 652.0}, {"x": 448.0, "y": 658.0}]}, "description": "PURCHASE"}, {"boundingPoly": {"vertices": [{"x": 909.0, "y": 571.0}, {"x": 968.0, "y": 575.0}, {"x": 965.0, "y": 608.0}, {"x": 909.0, "y": 605.0}]}, "description": "P. 50"}, {"boundingPoly": {"vertices": [{"x": 920.0, "y": 651.0}, {"x": 954.0, "y": 654.0}, {"x": 952.0, "y": 686.0}, {"x": 917.0, "y": 683.0}]}, "description": "50"}, {"boundingPoly": {"vertices": [{"x": 921.0, "y": 686.0}, {"x": 948.0, "y": 688.0}, {"x": 945.0, "y": 715.0}, {"x": 918.0, "y": 713.0}]}, "description": "11"}, {"boundingPoly": {"vertices": [{"x": 256.0, "y": 705.0}, {"x": 370.0, "y": 705.0}, {"x": 370.0, "y": 731.0}, {"x": 256.0, "y": 731.0}]}, "description": " Receipt:"}, {"boundingPoly": {"vertices": [{"x": 247.0, "y": 737.0}, {"x": 448.0, "y": 737.0}, {"x": 448.0, "y": 766.0}, {"x": 247.0, "y": 766.0}]}, "description": " Authorization:"}, {"boundingPoly": {"vertices": [{"x": 375.0, "y": 702.0}, {"x": 445.0, "y": 702.0}, {"x": 445.0, "y": 731.0}, {"x": 375.0, "y": 731.0}]}, "description": " yvR5"}, {"boundingPoly": {"vertices": [{"x": 452.0, "y": 736.0}, {"x": 555.0, "y": 736.0}, {"x": 555.0, "y": 766.0}, {"x": 452.0, "y": 766.0}]}, "description": " 876597"}, {"boundingPoly": {"vertices": [{"x": 918.0, "y": 746.0}, {"x": 939.0, "y": 746.0}, {"x": 939.0, "y": 769.0}, {"x": 918.0, "y": 769.0}]}, "description": "1"}, {"boundingPoly": {"vertices": [{"x": 236.0, "y": 811.0}, {"x": 545.0, "y": 811.0}, {"x": 545.0, "y": 841.0}, {"x": 236.0, "y": 841.0}]}, "description": "AMERICAN EXPRESS"}, {"boundingPoly": {"vertices": [{"x": 234.0, "y": 852.0}, {"x": 635.0, "y": 847.0}, {"x": 635.0, "y": 879.0}, {"x": 234.0, "y": 883.0}]}, "description": "AID A0 00 00 00 25 01 08 01"}, {"boundingPoly": {"vertices": [{"x": 464.0, "y": 926.0}, {"x": 594.0, "y": 922.0}, {"x": 595.0, "y": 947.0}, {"x": 464.0, "y": 952.0}]}, "description": "FOR HERE"}, {"boundingPoly": {"vertices": [{"x": 221.0, "y": 1004.0}, {"x": 403.0, "y": 1004.0}, {"x": 403.0, "y": 1036.0}, {"x": 221.0, "y": 1036.0}]}, "description": "Cappuccino"}, {"boundingPoly": {"vertices": [{"x": 219.0, "y": 1041.0}, {"x": 310.0, "y": 1044.0}, {"x": 308.0, "y": 1074.0}, {"x": 219.0, "y": 1072.0}]}, "description": "Large"}, {"boundingPoly": {"vertices": [{"x": 211.0, "y": 1094.0}, {"x": 395.0, "y": 1097.0}, {"x": 394.0, "y": 1125.0}, {"x": 211.0, "y": 1123.0}]}, "description": "Cappuccino"}, {"boundingPoly": {"vertices": [{"x": 749.0, "y": 989.0}, {"x": 839.0, "y": 988.0}, {"x": 840.0, "y": 1019.0}, {"x": 750.0, "y": 1021.0}]}, "description": "$4.70"}, {"boundingPoly": {"vertices": [{"x": 950.0, "y": 969.0}, {"x": 984.0, "y": 967.0}, {"x": 986.0, "y": 993.0}, {"x": 952.0, "y": 995.0}]}, "description": ",49"}, {"boundingPoly": {"vertices": [{"x": 757.0, "y": 1086.0}, {"x": 847.0, "y": 1086.0}, {"x": 847.0, "y": 1115.0}, {"x": 757.0, "y": 1115.0}]}, "description": "$3.90"}, {"boundingPoly": {"vertices": [{"x": 951.0, "y": 1059.0}, {"x": 987.0, "y": 1060.0}, {"x": 988.0, "y": 1087.0}, {"x": 952.0, "y": 1086.0}]}, "description": "ip"}, {"boundingPoly": {"vertices": [{"x": 203.0, "y": 1121.0}, {"x": 289.0, "y": 1124.0}, {"x": 288.0, "y": 1151.0}, {"x": 203.0, "y": 1148.0}]}, "description": "Small"}, {"boundingPoly": {"vertices": [{"x": 168.0, "y": 1203.0}, {"x": 306.0, "y": 1205.0}, {"x": 306.0, "y": 1235.0}, {"x": 168.0, "y": 1233.0}]}, "description": "Subtotal"}, {"boundingPoly": {"vertices": [{"x": 154.0, "y": 1240.0}, {"x": 531.0, "y": 1248.0}, {"x": 530.0, "y": 1284.0}, {"x": 153.0, "y": 1273.0}]}, "description": "New York Sales Tax (1)"}, {"boundingPoly": {"vertices": [{"x": 760.0, "y": 1211.0}, {"x": 859.0, "y": 1213.0}, {"x": 859.0, "y": 1245.0}, {"x": 760.0, "y": 1244.0}]}, "description": "$8.60"}, {"boundingPoly": {"vertices": [{"x": 761.0, "y": 1253.0}, {"x": 866.0, "y": 1254.0}, {"x": 866.0, "y": 1289.0}, {"x": 761.0, "y": 1288.0}]}, "description": "$0.76"}, {"boundingPoly": {"vertices": [{"x": 126.0, "y": 1338.0}, {"x": 215.0, "y": 1343.0}, {"x": 213.0, "y": 1378.0}, {"x": 125.0, "y": 1372.0}]}, "description": "Total"}, {"boundingPoly": {"vertices": [{"x": 106.0, "y": 1390.0}, {"x": 661.0, "y": 1409.0}, {"x": 659.0, "y": 1456.0}, {"x": 105.0, "y": 1432.0}]}, "description": "American Express 1000 (Chip)"}, {"boundingPoly": {"vertices": [{"x": 743.0, "y": 1355.0}, {"x": 874.0, "y": 1358.0}, {"x": 872.0, "y": 1403.0}, {"x": 743.0, "y": 1402.0}]}, "description": "$9.36"}, {"boundingPoly": {"vertices": [{"x": 765.0, "y": 1417.0}, {"x": 877.0, "y": 1418.0}, {"x": 876.0, "y": 1458.0}, {"x": 764.0, "y": 1458.0}]}, "description": "$9.36"}, {"boundingPoly": {"vertices": [{"x": 175.0, "y": 1560.0}, {"x": 445.0, "y": 1547.0}, {"x": 447.0, "y": 1573.0}, {"x": 177.0, "y": 1590.0}]}, "description": "Please debit my accoun .-"}, {"boundingPoly": {"vertices": [{"x": 351.0, "y": 1578.0}, {"x": 423.0, "y": 1575.0}, {"x": 424.0, "y": 1600.0}, {"x": 352.0, "y": 1602.0}]}, "description": ".. 7935"}]}