{"textAnnotations": [{"boundingPoly": {"vertices": [{"x": 111.0, "y": 100.0}, {"x": 219.0, "y": 101.0}, {"x": 219.0, "y": 124.0}, {"x": 111.0, "y": 123.0}]}, "description": "11/18/2019"}, {"boundingPoly": {"vertices": [{"x": 409.0, "y": 107.0}, {"x": 463.0, "y": 107.0}, {"x": 463.0, "y": 127.0}, {"x": 409.0, "y": 127.0}]}, "description": " 10:59"}, {"boundingPoly": {"vertices": [{"x": 410.0, "y": 136.0}, {"x": 462.0, "y": 137.0}, {"x": 462.0, "y": 149.0}, {"x": 410.0, "y": 147.0}]}, "description": "====="}, {"boundingPoly": {"vertices": [{"x": 234.0, "y": 153.0}, {"x": 324.0, "y": 155.0}, {"x": 323.0, "y": 178.0}, {"x": 234.0, "y": 176.0}]}, "description": "ABP D-44"}, {"boundingPoly": {"vertices": [{"x": 175.0, "y": 178.0}, {"x": 257.0, "y": 178.0}, {"x": 257.0, "y": 205.0}, {"x": 175.0, "y": 205.0}]}, "description": " 4412262"}, {"boundingPoly": {"vertices": [{"x": 183.0, "y": 207.0}, {"x": 299.0, "y": 207.0}, {"x": 299.0, "y": 231.0}, {"x": 183.0, "y": 231.0}]}, "description": " MARYANGELA"}, {"boundingPoly": {"vertices": [{"x": 98.0, "y": 235.0}, {"x": 199.0, "y": 235.0}, {"x": 199.0, "y": 260.0}, {"x": 98.0, "y": 260.0}]}, "description": " Terminal:"}, {"boundingPoly": {"vertices": [{"x": 103.0, "y": 178.0}, {"x": 170.0, "y": 178.0}, {"x": 170.0, "y": 206.0}, {"x": 103.0, "y": 206.0}]}, "description": " Check:"}, {"boundingPoly": {"vertices": [{"x": 99.0, "y": 208.0}, {"x": 179.0, "y": 208.0}, {"x": 179.0, "y": 232.0}, {"x": 99.0, "y": 232.0}]}, "description": " Server:"}, {"boundingPoly": {"vertices": [{"x": 204.0, "y": 235.0}, {"x": 240.0, "y": 235.0}, {"x": 240.0, "y": 257.0}, {"x": 204.0, "y": 257.0}]}, "description": " 441"}, {"boundingPoly": {"vertices": [{"x": 202.0, "y": 288.0}, {"x": 346.0, "y": 288.0}, {"x": 346.0, "y": 312.0}, {"x": 202.0, "y": 312.0}]}, "description": "Regular Check"}, {"boundingPoly": {"vertices": [{"x": 175.0, "y": 314.0}, {"x": 358.0, "y": 314.0}, {"x": 358.0, "y": 342.0}, {"x": 175.0, "y": 342.0}]}, "description": " ABP, Chicken Mar"}, {"boundingPoly": {"vertices": [{"x": 173.0, "y": 341.0}, {"x": 336.0, "y": 341.0}, {"x": 336.0, "y": 368.0}, {"x": 173.0, "y": 368.0}]}, "description": "Ciabatta Bread"}, {"boundingPoly": {"vertices": [{"x": 157.0, "y": 371.0}, {"x": 343.0, "y": 370.0}, {"x": 343.0, "y": 395.0}, {"x": 157.0, "y": 396.0}]}, "description": "1 Amer Coffee Reg"}, {"boundingPoly": {"vertices": [{"x": 160.0, "y": 314.0}, {"x": 169.0, "y": 314.0}, {"x": 169.0, "y": 342.0}, {"x": 160.0, "y": 342.0}]}, "description": " 1"}, {"boundingPoly": {"vertices": [{"x": 405.0, "y": 314.0}, {"x": 454.0, "y": 313.0}, {"x": 454.0, "y": 336.0}, {"x": 405.0, "y": 337.0}]}, "description": "8.69"}, {"boundingPoly": {"vertices": [{"x": 402.0, "y": 369.0}, {"x": 451.0, "y": 368.0}, {"x": 451.0, "y": 391.0}, {"x": 403.0, "y": 392.0}]}, "description": "2.49"}, {"boundingPoly": {"vertices": [{"x": 194.0, "y": 427.0}, {"x": 283.0, "y": 425.0}, {"x": 284.0, "y": 448.0}, {"x": 195.0, "y": 450.0}]}, "description": "Subtotal"}, {"boundingPoly": {"vertices": [{"x": 248.0, "y": 454.0}, {"x": 283.0, "y": 454.0}, {"x": 283.0, "y": 476.0}, {"x": 249.0, "y": 475.0}]}, "description": "Tax"}, {"boundingPoly": {"vertices": [{"x": 247.0, "y": 482.0}, {"x": 280.0, "y": 483.0}, {"x": 279.0, "y": 504.0}, {"x": 246.0, "y": 503.0}]}, "description": "Tip"}, {"boundingPoly": {"vertices": [{"x": 222.0, "y": 509.0}, {"x": 279.0, "y": 508.0}, {"x": 278.0, "y": 530.0}, {"x": 223.0, "y": 531.0}]}, "description": "Total"}, {"boundingPoly": {"vertices": [{"x": 369.0, "y": 424.0}, {"x": 425.0, "y": 424.0}, {"x": 425.0, "y": 446.0}, {"x": 369.0, "y": 446.0}]}, "description": "11.18"}, {"boundingPoly": {"vertices": [{"x": 377.0, "y": 452.0}, {"x": 420.0, "y": 451.0}, {"x": 420.0, "y": 473.0}, {"x": 378.0, "y": 473.0}]}, "description": "0.91"}, {"boundingPoly": {"vertices": [{"x": 377.0, "y": 480.0}, {"x": 421.0, "y": 479.0}, {"x": 421.0, "y": 500.0}, {"x": 378.0, "y": 501.0}]}, "description": "1.00"}, {"boundingPoly": {"vertices": [{"x": 366.0, "y": 505.0}, {"x": 420.0, "y": 505.0}, {"x": 420.0, "y": 528.0}, {"x": 366.0, "y": 529.0}]}, "description": "13.09"}, {"boundingPoly": {"vertices": [{"x": 74.0, "y": 596.0}, {"x": 165.0, "y": 592.0}, {"x": 166.0, "y": 615.0}, {"x": 74.0, "y": 619.0}]}, "description": "Amex EMV"}, {"boundingPoly": {"vertices": [{"x": 380.0, "y": 586.0}, {"x": 437.0, "y": 585.0}, {"x": 437.0, "y": 612.0}, {"x": 380.0, "y": 613.0}]}, "description": "13.09"}, {"boundingPoly": {"vertices": [{"x": 286.0, "y": 614.0}, {"x": 392.0, "y": 614.0}, {"x": 392.0, "y": 644.0}, {"x": 286.0, "y": 644.0}]}, "description": " GARNER/AT"}, {"boundingPoly": {"vertices": [{"x": 158.0, "y": 648.0}, {"x": 335.0, "y": 644.0}, {"x": 336.0, "y": 668.0}, {"x": 158.0, "y": 672.0}]}, "description": "AMERICAN EXPRESS"}, {"boundingPoly": {"vertices": [{"x": 143.0, "y": 675.0}, {"x": 247.0, "y": 675.0}, {"x": 247.0, "y": 700.0}, {"x": 143.0, "y": 700.0}]}, "description": " Signature"}, {"boundingPoly": {"vertices": [{"x": 216.0, "y": 702.0}, {"x": 267.0, "y": 702.0}, {"x": 267.0, "y": 727.0}, {"x": 216.0, "y": 727.0}]}, "description": " Chip"}, {"boundingPoly": {"vertices": [{"x": 206.0, "y": 731.0}, {"x": 276.0, "y": 731.0}, {"x": 276.0, "y": 755.0}, {"x": 206.0, "y": 755.0}]}, "description": " Issuer"}, {"boundingPoly": {"vertices": [{"x": 138.0, "y": 757.0}, {"x": 317.0, "y": 757.0}, {"x": 317.0, "y": 784.0}, {"x": 138.0, "y": 784.0}]}, "description": " A000000025010801"}, {"boundingPoly": {"vertices": [{"x": 136.0, "y": 786.0}, {"x": 249.0, "y": 786.0}, {"x": 249.0, "y": 812.0}, {"x": 136.0, "y": 812.0}]}, "description": " 0000008000"}, {"boundingPoly": {"vertices": [{"x": 133.0, "y": 814.0}, {"x": 293.0, "y": 814.0}, {"x": 293.0, "y": 840.0}, {"x": 133.0, "y": 840.0}]}, "description": " 06490103602002"}, {"boundingPoly": {"vertices": [{"x": 131.0, "y": 845.0}, {"x": 180.0, "y": 845.0}, {"x": 180.0, "y": 868.0}, {"x": 131.0, "y": 868.0}]}, "description": " F800"}, {"boundingPoly": {"vertices": [{"x": 129.0, "y": 873.0}, {"x": 156.0, "y": 873.0}, {"x": 156.0, "y": 896.0}, {"x": 129.0, "y": 896.0}]}, "description": " 00"}, {"boundingPoly": {"vertices": [{"x": 92.0, "y": 616.0}, {"x": 261.0, "y": 616.0}, {"x": 261.0, "y": 649.0}, {"x": 92.0, "y": 649.0}]}, "description": " XXXXXXXXXXX1002"}, {"boundingPoly": {"vertices": [{"x": 266.0, "y": 616.0}, {"x": 281.0, "y": 616.0}, {"x": 281.0, "y": 644.0}, {"x": 266.0, "y": 644.0}]}, "description": " -"}, {"boundingPoly": {"vertices": [{"x": 91.0, "y": 677.0}, {"x": 139.0, "y": 677.0}, {"x": 139.0, "y": 701.0}, {"x": 91.0, "y": 701.0}]}, "description": " CVM:"}, {"boundingPoly": {"vertices": [{"x": 89.0, "y": 703.0}, {"x": 212.0, "y": 703.0}, {"x": 212.0, "y": 730.0}, {"x": 89.0, "y": 730.0}]}, "description": " Entry Mode:"}, {"boundingPoly": {"vertices": [{"x": 84.0, "y": 732.0}, {"x": 202.0, "y": 732.0}, {"x": 202.0, "y": 757.0}, {"x": 84.0, "y": 757.0}]}, "description": " Auth Mode:"}, {"boundingPoly": {"vertices": [{"x": 86.0, "y": 760.0}, {"x": 133.0, "y": 760.0}, {"x": 133.0, "y": 784.0}, {"x": 86.0, "y": 784.0}]}, "description": " AID:"}, {"boundingPoly": {"vertices": [{"x": 86.0, "y": 789.0}, {"x": 131.0, "y": 789.0}, {"x": 131.0, "y": 813.0}, {"x": 86.0, "y": 813.0}]}, "description": " TVR:"}, {"boundingPoly": {"vertices": [{"x": 82.0, "y": 817.0}, {"x": 129.0, "y": 817.0}, {"x": 129.0, "y": 840.0}, {"x": 82.0, "y": 840.0}]}, "description": " IAD:"}, {"boundingPoly": {"vertices": [{"x": 80.0, "y": 845.0}, {"x": 127.0, "y": 845.0}, {"x": 127.0, "y": 868.0}, {"x": 80.0, "y": 868.0}]}, "description": " TSI:"}, {"boundingPoly": {"vertices": [{"x": 80.0, "y": 873.0}, {"x": 126.0, "y": 873.0}, {"x": 126.0, "y": 896.0}, {"x": 80.0, "y": 896.0}]}, "description": " ARC:"}, {"boundingPoly": {"vertices": [{"x": 129.0, "y": 927.0}, {"x": 252.0, "y": 928.0}, {"x": 252.0, "y": 951.0}, {"x": 129.0, "y": 950.0}]}, "description": "GRAND TOTAL"}, {"boundingPoly": {"vertices": [{"x": 353.0, "y": 927.0}, {"x": 411.0, "y": 926.0}, {"x": 411.0, "y": 949.0}, {"x": 354.0, "y": 950.0}]}, "description": "13.09"}, {"boundingPoly": {"vertices": [{"x": 53.0, "y": 1006.0}, {"x": 358.0, "y": 1006.0}, {"x": 358.0, "y": 1035.0}, {"x": 53.0, "y": 1035.0}]}, "description": " T441 C12751 11/18/2019 10:59"}, {"boundingPoly": {"vertices": [{"x": 334.0, "y": 1043.0}, {"x": 413.0, "y": 1043.0}, {"x": 413.0, "y": 1055.0}, {"x": 334.0, "y": 1055.0}]}, "description": "======="}]}