{"textAnnotations": [{"boundingPoly": {"vertices": [{"x": 96.0, "y": 37.0}, {"x": 328.0, "y": 39.0}, {"x": 328.0, "y": 54.0}, {"x": 96.0, "y": 51.0}]}, "description": "Thank You For Visiting the"}, {"boundingPoly": {"vertices": [{"x": 96.0, "y": 52.0}, {"x": 325.0, "y": 55.0}, {"x": 325.0, "y": 71.0}, {"x": 96.0, "y": 68.0}]}, "description": "merchant name"}, {"boundingPoly": {"vertices": [{"x": 135.0, "y": 69.0}, {"x": 282.0, "y": 72.0}, {"x": 282.0, "y": 90.0}, {"x": 135.0, "y": 86.0}]}, "description": "Matthew Fraysier"}, {"boundingPoly": {"vertices": [{"x": 140.0, "y": 89.0}, {"x": 279.0, "y": 92.0}, {"x": 279.0, "y": 110.0}, {"x": 140.0, "y": 106.0}]}, "description": "General Manager"}, {"boundingPoly": {"vertices": [{"x": 152.0, "y": 109.0}, {"x": 272.0, "y": 110.0}, {"x": 272.0, "y": 129.0}, {"x": 152.0, "y": 127.0}]}, "description": "merchant phone"}, {"boundingPoly": {"vertices": [{"x": 107.0, "y": 129.0}, {"x": 310.0, "y": 132.0}, {"x": 310.0, "y": 151.0}, {"x": 107.0, "y": 148.0}]}, "description": "We Love Your Feedback!"}, {"boundingPoly": {"vertices": [{"x": 105.0, "y": 148.0}, {"x": 319.0, "y": 152.0}, {"x": 319.0, "y": 176.0}, {"x": 105.0, "y": 172.0}]}, "description": "Text @LTF11479 to 73940"}, {"boundingPoly": {"vertices": [{"x": 22.0, "y": 218.0}, {"x": 185.0, "y": 220.0}, {"x": 185.0, "y": 241.0}, {"x": 22.0, "y": 240.0}]}, "description": "Coke Vanilla 20oz"}, {"boundingPoly": {"vertices": [{"x": 373.0, "y": 199.0}, {"x": 405.0, "y": 199.0}, {"x": 405.0, "y": 221.0}, {"x": 373.0, "y": 221.0}]}, "description": "USD"}, {"boundingPoly": {"vertices": [{"x": 368.0, "y": 222.0}, {"x": 405.0, "y": 222.0}, {"x": 406.0, "y": 244.0}, {"x": 369.0, "y": 245.0}]}, "description": "1.80"}, {"boundingPoly": {"vertices": [{"x": 239.0, "y": 269.0}, {"x": 321.0, "y": 269.0}, {"x": 321.0, "y": 289.0}, {"x": 239.0, "y": 289.0}]}, "description": "Sub Total"}, {"boundingPoly": {"vertices": [{"x": 240.0, "y": 293.0}, {"x": 334.0, "y": 294.0}, {"x": 334.0, "y": 313.0}, {"x": 240.0, "y": 312.0}]}, "description": "Tax Amount"}, {"boundingPoly": {"vertices": [{"x": 368.0, "y": 269.0}, {"x": 406.0, "y": 269.0}, {"x": 406.0, "y": 291.0}, {"x": 369.0, "y": 292.0}]}, "description": "1.80"}, {"boundingPoly": {"vertices": [{"x": 367.0, "y": 294.0}, {"x": 408.0, "y": 294.0}, {"x": 407.0, "y": 313.0}, {"x": 367.0, "y": 313.0}]}, "description": "0.16"}, {"boundingPoly": {"vertices": [{"x": 17.0, "y": 362.0}, {"x": 188.0, "y": 361.0}, {"x": 189.0, "y": 399.0}, {"x": 17.0, "y": 400.0}]}, "description": "Total USD"}, {"boundingPoly": {"vertices": [{"x": 335.0, "y": 366.0}, {"x": 405.0, "y": 365.0}, {"x": 405.0, "y": 399.0}, {"x": 335.0, "y": 399.0}]}, "description": "1.96"}, {"boundingPoly": {"vertices": [{"x": 22.0, "y": 470.0}, {"x": 218.0, "y": 470.0}, {"x": 218.0, "y": 490.0}, {"x": 22.0, "y": 491.0}]}, "description": "5009 AMERICAN EXPRESS"}, {"boundingPoly": {"vertices": [{"x": 371.0, "y": 470.0}, {"x": 409.0, "y": 470.0}, {"x": 409.0, "y": 493.0}, {"x": 371.0, "y": 493.0}]}, "description": "1.96"}, {"boundingPoly": {"vertices": [{"x": 24.0, "y": 541.0}, {"x": 55.0, "y": 542.0}, {"x": 55.0, "y": 561.0}, {"x": 25.0, "y": 561.0}]}, "description": "Tax"}, {"boundingPoly": {"vertices": [{"x": 25.0, "y": 564.0}, {"x": 100.0, "y": 564.0}, {"x": 100.0, "y": 585.0}, {"x": 25.0, "y": 585.0}]}, "description": "() 8.875"}, {"boundingPoly": {"vertices": [{"x": 171.0, "y": 540.0}, {"x": 310.0, "y": 540.0}, {"x": 310.0, "y": 564.0}, {"x": 171.0, "y": 564.0}]}, "description": " Taxable Amount"}, {"boundingPoly": {"vertices": [{"x": 264.0, "y": 566.0}, {"x": 301.0, "y": 566.0}, {"x": 301.0, "y": 584.0}, {"x": 265.0, "y": 585.0}]}, "description": "1.80"}, {"boundingPoly": {"vertices": [{"x": 315.0, "y": 540.0}, {"x": 409.0, "y": 540.0}, {"x": 409.0, "y": 564.0}, {"x": 315.0, "y": 564.0}]}, "description": " Tax Amount"}, {"boundingPoly": {"vertices": [{"x": 370.0, "y": 566.0}, {"x": 411.0, "y": 566.0}, {"x": 411.0, "y": 585.0}, {"x": 371.0, "y": 585.0}]}, "description": "0.16"}, {"boundingPoly": {"vertices": [{"x": 26.0, "y": 635.0}, {"x": 413.0, "y": 635.0}, {"x": 413.0, "y": 659.0}, {"x": 26.0, "y": 659.0}]}, "description": " 11/22/2019 12:41 PM #:27082 Op:119 C:1111"}, {"boundingPoly": {"vertices": [{"x": 26.0, "y": 660.0}, {"x": 110.0, "y": 660.0}, {"x": 110.0, "y": 680.0}, {"x": 26.0, "y": 680.0}]}, "description": " 13 S:1111"}, {"boundingPoly": {"vertices": [{"x": 23.0, "y": 683.0}, {"x": 121.0, "y": 683.0}, {"x": 121.0, "y": 705.0}, {"x": 23.0, "y": 705.0}]}, "description": " Served you"}, {"boundingPoly": {"vertices": [{"x": 125.0, "y": 682.0}, {"x": 350.0, "y": 682.0}, {"x": 350.0, "y": 705.0}, {"x": 125.0, "y": 705.0}]}, "description": " : AENY Self Checkout - 3"}]}