{"textAnnotations": [{"boundingPoly": {"vertices": [{"x": 770.0, "y": 54.0}, {"x": 977.0, "y": 56.0}, {"x": 976.0, "y": 82.0}, {"x": 769.0, "y": 78.0}]}, "description": "- visiting thise"}, {"boundingPoly": {"vertices": [{"x": 561.0, "y": 97.0}, {"x": 989.0, "y": 81.0}, {"x": 990.0, "y": 98.0}, {"x": 561.0, "y": 117.0}]}, "description": "Nadine Varella, General Manager"}, {"boundingPoly": {"vertices": [{"x": 611.0, "y": 125.0}, {"x": 926.0, "y": 125.0}, {"x": 926.0, "y": 151.0}, {"x": 611.0, "y": 151.0}]}, "description": "We Love Your Feedback!"}, {"boundingPoly": {"vertices": [{"x": 576.0, "y": 81.0}, {"x": 846.0, "y": 68.0}, {"x": 847.0, "y": 86.0}, {"x": 576.0, "y": 97.0}]}, "description": "merchant name"}, {"boundingPoly": {"vertices": [{"x": 675.0, "y": 107.0}, {"x": 873.0, "y": 102.0}, {"x": 873.0, "y": 122.0}, {"x": 676.0, "y": 126.0}]}, "description": "merchant phone"}, {"boundingPoly": {"vertices": [{"x": 608.0, "y": 148.0}, {"x": 938.0, "y": 153.0}, {"x": 937.0, "y": 186.0}, {"x": 608.0, "y": 181.0}]}, "description": "Text @LTF41042 to 73940"}, {"boundingPoly": {"vertices": [{"x": 481.0, "y": 252.0}, {"x": 547.0, "y": 252.0}, {"x": 547.0, "y": 289.0}, {"x": 481.0, "y": 289.0}]}, "description": " 0.53"}, {"boundingPoly": {"vertices": [{"x": 482.0, "y": 291.0}, {"x": 708.0, "y": 291.0}, {"x": 708.0, "y": 330.0}, {"x": 482.0, "y": 330.0}]}, "description": " Salad Bar Lunch"}, {"boundingPoly": {"vertices": [{"x": 553.0, "y": 253.0}, {"x": 756.0, "y": 253.0}, {"x": 756.0, "y": 295.0}, {"x": 553.0, "y": 295.0}]}, "description": " 1b x $ 6.72/1b"}, {"boundingPoly": {"vertices": [{"x": 719.0, "y": 297.0}, {"x": 757.0, "y": 297.0}, {"x": 757.0, "y": 331.0}, {"x": 719.0, "y": 331.0}]}, "description": " Lg"}, {"boundingPoly": {"vertices": [{"x": 1022.0, "y": 232.0}, {"x": 1063.0, "y": 233.0}, {"x": 1062.0, "y": 264.0}, {"x": 1021.0, "y": 263.0}]}, "description": "USD"}, {"boundingPoly": {"vertices": [{"x": 484.0, "y": 326.0}, {"x": 756.0, "y": 332.0}, {"x": 755.0, "y": 368.0}, {"x": 483.0, "y": 360.0}]}, "description": "Monster Energy Zero"}, {"boundingPoly": {"vertices": [{"x": 1001.0, "y": 304.0}, {"x": 1064.0, "y": 305.0}, {"x": 1062.0, "y": 337.0}, {"x": 1000.0, "y": 336.0}]}, "description": "3.56"}, {"boundingPoly": {"vertices": [{"x": 1003.0, "y": 343.0}, {"x": 1058.0, "y": 343.0}, {"x": 1057.0, "y": 373.0}, {"x": 1003.0, "y": 372.0}]}, "description": "3.00"}, {"boundingPoly": {"vertices": [{"x": 803.0, "y": 405.0}, {"x": 926.0, "y": 407.0}, {"x": 925.0, "y": 439.0}, {"x": 802.0, "y": 437.0}]}, "description": "Sub Total"}, {"boundingPoly": {"vertices": [{"x": 801.0, "y": 436.0}, {"x": 940.0, "y": 442.0}, {"x": 939.0, "y": 471.0}, {"x": 800.0, "y": 466.0}]}, "description": "Tax Amount"}, {"boundingPoly": {"vertices": [{"x": 996.0, "y": 411.0}, {"x": 1053.0, "y": 414.0}, {"x": 1051.0, "y": 445.0}, {"x": 994.0, "y": 442.0}]}, "description": "6.56"}, {"boundingPoly": {"vertices": [{"x": 988.0, "y": 445.0}, {"x": 1048.0, "y": 446.0}, {"x": 1047.0, "y": 474.0}, {"x": 986.0, "y": 472.0}]}, "description": "0.46"}, {"boundingPoly": {"vertices": [{"x": 481.0, "y": 529.0}, {"x": 721.0, "y": 532.0}, {"x": 720.0, "y": 589.0}, {"x": 481.0, "y": 585.0}]}, "description": "Total USD"}, {"boundingPoly": {"vertices": [{"x": 929.0, "y": 539.0}, {"x": 1037.0, "y": 540.0}, {"x": 1034.0, "y": 593.0}, {"x": 927.0, "y": 591.0}]}, "description": "7.02"}, {"boundingPoly": {"vertices": [{"x": 480.0, "y": 680.0}, {"x": 761.0, "y": 686.0}, {"x": 760.0, "y": 718.0}, {"x": 480.0, "y": 712.0}]}, "description": "5009 AMERICAN EXPRESS"}, {"boundingPoly": {"vertices": [{"x": 980.0, "y": 688.0}, {"x": 1034.0, "y": 690.0}, {"x": 1033.0, "y": 719.0}, {"x": 979.0, "y": 718.0}]}, "description": "7.02"}, {"boundingPoly": {"vertices": [{"x": 479.0, "y": 770.0}, {"x": 528.0, "y": 773.0}, {"x": 525.0, "y": 800.0}, {"x": 476.0, "y": 796.0}]}, "description": "Tax"}, {"boundingPoly": {"vertices": [{"x": 478.0, "y": 800.0}, {"x": 512.0, "y": 800.0}, {"x": 512.0, "y": 831.0}, {"x": 478.0, "y": 831.0}]}, "description": " ()"}, {"boundingPoly": {"vertices": [{"x": 517.0, "y": 801.0}, {"x": 576.0, "y": 801.0}, {"x": 576.0, "y": 833.0}, {"x": 517.0, "y": 833.0}]}, "description": " 7.00"}, {"boundingPoly": {"vertices": [{"x": 691.0, "y": 781.0}, {"x": 884.0, "y": 781.0}, {"x": 884.0, "y": 816.0}, {"x": 691.0, "y": 816.0}]}, "description": " Taxable Amount"}, {"boundingPoly": {"vertices": [{"x": 820.0, "y": 818.0}, {"x": 876.0, "y": 816.0}, {"x": 875.0, "y": 843.0}, {"x": 819.0, "y": 843.0}]}, "description": "6.56"}, {"boundingPoly": {"vertices": [{"x": 894.0, "y": 786.0}, {"x": 1033.0, "y": 786.0}, {"x": 1033.0, "y": 817.0}, {"x": 894.0, "y": 817.0}]}, "description": " Tax Amount"}, {"boundingPoly": {"vertices": [{"x": 973.0, "y": 820.0}, {"x": 1031.0, "y": 820.0}, {"x": 1031.0, "y": 846.0}, {"x": 972.0, "y": 846.0}]}, "description": "0.46"}, {"boundingPoly": {"vertices": [{"x": 474.0, "y": 893.0}, {"x": 1034.0, "y": 893.0}, {"x": 1034.0, "y": 939.0}, {"x": 474.0, "y": 939.0}]}, "description": " 11/21/2019 01:17 PM #:57304 Op:3051 C:113"}, {"boundingPoly": {"vertices": [{"x": 468.0, "y": 961.0}, {"x": 613.0, "y": 961.0}, {"x": 613.0, "y": 994.0}, {"x": 468.0, "y": 994.0}]}, "description": " Served you"}, {"boundingPoly": {"vertices": [{"x": 473.0, "y": 927.0}, {"x": 607.0, "y": 927.0}, {"x": 607.0, "y": 960.0}, {"x": 473.0, "y": 960.0}]}, "description": " 101 S:1131"}, {"boundingPoly": {"vertices": [{"x": 619.0, "y": 962.0}, {"x": 796.0, "y": 962.0}, {"x": 796.0, "y": 997.0}, {"x": 619.0, "y": 997.0}]}, "description": " : Denise Gray"}, {"boundingPoly": {"vertices": [{"x": 593.0, "y": 1090.0}, {"x": 873.0, "y": 1094.0}, {"x": 873.0, "y": 1124.0}, {"x": 593.0, "y": 1119.0}]}, "description": "*** Customer copy ***"}, {"boundingPoly": {"vertices": [{"x": 613.0, "y": 1153.0}, {"x": 860.0, "y": 1157.0}, {"x": 859.0, "y": 1190.0}, {"x": 612.0, "y": 1185.0}]}, "description": "AMEX Sunrise 937-6"}, {"boundingPoly": {"vertices": [{"x": 480.0, "y": 1182.0}, {"x": 973.0, "y": 1189.0}, {"x": 973.0, "y": 1222.0}, {"x": 479.0, "y": 1216.0}]}, "description": "I agree to pay the above total amount"}, {"boundingPoly": {"vertices": [{"x": 571.0, "y": 1221.0}, {"x": 895.0, "y": 1221.0}, {"x": 895.0, "y": 1250.0}, {"x": 571.0, "y": 1248.0}]}, "description": "according to card issuer"}, {"boundingPoly": {"vertices": [{"x": 863.0, "y": 1250.0}, {"x": 983.0, "y": 1250.0}, {"x": 983.0, "y": 1282.0}, {"x": 863.0, "y": 1282.0}]}, "description": " if Credit"}, {"boundingPoly": {"vertices": [{"x": 506.0, "y": 1281.0}, {"x": 944.0, "y": 1282.0}, {"x": 944.0, "y": 1313.0}, {"x": 506.0, "y": 1311.0}]}, "description": "Voucher)Retain this copy for your"}, {"boundingPoly": {"vertices": [{"x": 680.0, "y": 1316.0}, {"x": 782.0, "y": 1316.0}, {"x": 782.0, "y": 1342.0}, {"x": 680.0, "y": 1343.0}]}, "description": "records."}, {"boundingPoly": {"vertices": [{"x": 467.0, "y": 1251.0}, {"x": 858.0, "y": 1251.0}, {"x": 858.0, "y": 1282.0}, {"x": 467.0, "y": 1282.0}]}, "description": " agreement. (Merchant agreement"}, {"boundingPoly": {"vertices": [{"x": 464.0, "y": 1373.0}, {"x": 721.0, "y": 1375.0}, {"x": 720.0, "y": 1407.0}, {"x": 464.0, "y": 1405.0}]}, "description": "PURCHASE / APPROVED"}, {"boundingPoly": {"vertices": [{"x": 464.0, "y": 1406.0}, {"x": 677.0, "y": 1407.0}, {"x": 677.0, "y": 1438.0}, {"x": 463.0, "y": 1437.0}]}, "description": "AMERICAN EXPRESS"}, {"boundingPoly": {"vertices": [{"x": 463.0, "y": 1440.0}, {"x": 666.0, "y": 1441.0}, {"x": 666.0, "y": 1470.0}, {"x": 462.0, "y": 1468.0}]}, "description": "*********** 1005"}, {"boundingPoly": {"vertices": [{"x": 463.0, "y": 1471.0}, {"x": 610.0, "y": 1473.0}, {"x": 609.0, "y": 1505.0}, {"x": 463.0, "y": 1503.0}]}, "description": "CHIP READ /"}, {"boundingPoly": {"vertices": [{"x": 459.0, "y": 1538.0}, {"x": 716.0, "y": 1538.0}, {"x": 716.0, "y": 1573.0}, {"x": 459.0, "y": 1573.0}]}, "description": " 2019/11/21 13:17:16"}, {"boundingPoly": {"vertices": [{"x": 466.0, "y": 1572.0}, {"x": 506.0, "y": 1572.0}, {"x": 504.0, "y": 1602.0}, {"x": 463.0, "y": 1602.0}]}, "description": "TID"}, {"boundingPoly": {"vertices": [{"x": 456.0, "y": 1604.0}, {"x": 496.0, "y": 1603.0}, {"x": 498.0, "y": 1631.0}, {"x": 457.0, "y": 1632.0}]}, "description": "MID"}, {"boundingPoly": {"vertices": [{"x": 452.0, "y": 1638.0}, {"x": 583.0, "y": 1635.0}, {"x": 584.0, "y": 1666.0}, {"x": 452.0, "y": 1669.0}]}, "description": "REFERENCE"}, {"boundingPoly": {"vertices": [{"x": 454.0, "y": 1671.0}, {"x": 579.0, "y": 1667.0}, {"x": 580.0, "y": 1699.0}, {"x": 455.0, "y": 1703.0}]}, "description": "AUTH CODE"}, {"boundingPoly": {"vertices": [{"x": 883.0, "y": 1575.0}, {"x": 992.0, "y": 1577.0}, {"x": 991.0, "y": 1607.0}, {"x": 882.0, "y": 1604.0}]}, "description": "**** 5748"}, {"boundingPoly": {"vertices": [{"x": 894.0, "y": 1608.0}, {"x": 986.0, "y": 1608.0}, {"x": 986.0, "y": 1639.0}, {"x": 894.0, "y": 1637.0}]}, "description": "6634461"}, {"boundingPoly": {"vertices": [{"x": 656.0, "y": 1634.0}, {"x": 987.0, "y": 1639.0}, {"x": 986.0, "y": 1671.0}, {"x": 656.0, "y": 1666.0}]}, "description": "S1131T113101#57304@517427"}, {"boundingPoly": {"vertices": [{"x": 909.0, "y": 1673.0}, {"x": 986.0, "y": 1673.0}, {"x": 986.0, "y": 1702.0}, {"x": 909.0, "y": 1703.0}]}, "description": "803476"}, {"boundingPoly": {"vertices": [{"x": 456.0, "y": 1742.0}, {"x": 526.0, "y": 1742.0}, {"x": 526.0, "y": 1773.0}, {"x": 457.0, "y": 1774.0}]}, "description": "TOTAL"}, {"boundingPoly": {"vertices": [{"x": 890.0, "y": 1736.0}, {"x": 990.0, "y": 1736.0}, {"x": 990.0, "y": 1767.0}, {"x": 890.0, "y": 1768.0}]}, "description": "USD7.02"}, {"boundingPoly": {"vertices": [{"x": 459.0, "y": 1809.0}, {"x": 513.0, "y": 1809.0}, {"x": 513.0, "y": 1844.0}, {"x": 459.0, "y": 1844.0}]}, "description": " ARC:"}, {"boundingPoly": {"vertices": [{"x": 461.0, "y": 1843.0}, {"x": 511.0, "y": 1843.0}, {"x": 511.0, "y": 1879.0}, {"x": 461.0, "y": 1879.0}]}, "description": " TSI:"}, {"boundingPoly": {"vertices": [{"x": 457.0, "y": 1878.0}, {"x": 510.0, "y": 1878.0}, {"x": 510.0, "y": 1915.0}, {"x": 457.0, "y": 1915.0}]}, "description": " IAD:"}, {"boundingPoly": {"vertices": [{"x": 459.0, "y": 1916.0}, {"x": 509.0, "y": 1916.0}, {"x": 509.0, "y": 1953.0}, {"x": 459.0, "y": 1953.0}]}, "description": " TVR:"}, {"boundingPoly": {"vertices": [{"x": 460.0, "y": 1953.0}, {"x": 507.0, "y": 1953.0}, {"x": 507.0, "y": 1991.0}, {"x": 460.0, "y": 1991.0}]}, "description": " AID:"}, {"boundingPoly": {"vertices": [{"x": 462.0, "y": 1989.0}, {"x": 603.0, "y": 1989.0}, {"x": 603.0, "y": 2029.0}, {"x": 462.0, "y": 2029.0}]}, "description": " PAN Seq No:"}, {"boundingPoly": {"vertices": [{"x": 518.0, "y": 1808.0}, {"x": 552.0, "y": 1808.0}, {"x": 552.0, "y": 1842.0}, {"x": 518.0, "y": 1842.0}]}, "description": " 00"}, {"boundingPoly": {"vertices": [{"x": 518.0, "y": 1841.0}, {"x": 583.0, "y": 1841.0}, {"x": 583.0, "y": 1878.0}, {"x": 518.0, "y": 1878.0}]}, "description": " F800"}, {"boundingPoly": {"vertices": [{"x": 517.0, "y": 1871.0}, {"x": 715.0, "y": 1871.0}, {"x": 715.0, "y": 1913.0}, {"x": 517.0, "y": 1913.0}]}, "description": " 065A0103602002"}, {"boundingPoly": {"vertices": [{"x": 514.0, "y": 1944.0}, {"x": 745.0, "y": 1944.0}, {"x": 745.0, "y": 1991.0}, {"x": 514.0, "y": 1991.0}]}, "description": " A000000025010801"}, {"boundingPoly": {"vertices": [{"x": 514.0, "y": 1909.0}, {"x": 659.0, "y": 1909.0}, {"x": 659.0, "y": 1952.0}, {"x": 514.0, "y": 1952.0}]}, "description": " 0000008000"}, {"boundingPoly": {"vertices": [{"x": 609.0, "y": 1989.0}, {"x": 650.0, "y": 1989.0}, {"x": 650.0, "y": 2027.0}, {"x": 609.0, "y": 2027.0}]}, "description": " 00"}]}