{"textAnnotations": [{"boundingPoly": {"vertices": [{"x": 450.0, "y": 120.0}, {"x": 495.0, "y": 120.0}, {"x": 495.0, "y": 155.0}, {"x": 450.0, "y": 155.0}]}, "description": " **"}, {"boundingPoly": {"vertices": [{"x": 502.0, "y": 120.0}, {"x": 836.0, "y": 120.0}, {"x": 836.0, "y": 156.0}, {"x": 502.0, "y": 156.0}]}, "description": "merchant name"}, {"boundingPoly": {"vertices": [{"x": 554.0, "y": 159.0}, {"x": 737.0, "y": 159.0}, {"x": 736.0, "y": 198.0}, {"x": 554.0, "y": 197.0}]}, "description": "merchant address"}, {"boundingPoly": {"vertices": [{"x": 591.0, "y": 202.0}, {"x": 690.0, "y": 202.0}, {"x": 690.0, "y": 233.0}, {"x": 591.0, "y": 233.0}]}, "description": "5006.1"}, {"boundingPoly": {"vertices": [{"x": 589.0, "y": 241.0}, {"x": 820.0, "y": 241.0}, {"x": 820.0, "y": 277.0}, {"x": 589.0, "y": 276.0}]}, "description": "98008/TOGO EMP"}, {"boundingPoly": {"vertices": [{"x": 589.0, "y": 280.0}, {"x": 659.0, "y": 281.0}, {"x": 658.0, "y": 312.0}, {"x": 588.0, "y": 311.0}]}, "description": "3753"}, {"boundingPoly": {"vertices": [{"x": 555.0, "y": 320.0}, {"x": 681.0, "y": 320.0}, {"x": 681.0, "y": 357.0}, {"x": 555.0, "y": 357.0}]}, "description": "merchant name"}, {"boundingPoly": {"vertices": [{"x": 498.0, "y": 359.0}, {"x": 825.0, "y": 358.0}, {"x": 825.0, "y": 395.0}, {"x": 498.0, "y": 396.0}]}, "description": "merchant address"}, {"boundingPoly": {"vertices": [{"x": 529.0, "y": 399.0}, {"x": 794.0, "y": 396.0}, {"x": 794.0, "y": 433.0}, {"x": 529.0, "y": 435.0}]}, "description": "merchant address"}, {"boundingPoly": {"vertices": [{"x": 549.0, "y": 439.0}, {"x": 779.0, "y": 437.0}, {"x": 780.0, "y": 472.0}, {"x": 549.0, "y": 475.0}]}, "description": "merchant phone"}, {"boundingPoly": {"vertices": [{"x": 393.0, "y": 201.0}, {"x": 492.0, "y": 202.0}, {"x": 492.0, "y": 235.0}, {"x": 393.0, "y": 234.0}]}, "description": "TABLE#"}, {"boundingPoly": {"vertices": [{"x": 394.0, "y": 241.0}, {"x": 492.0, "y": 241.0}, {"x": 491.0, "y": 273.0}, {"x": 392.0, "y": 274.0}]}, "description": "SERVER"}, {"boundingPoly": {"vertices": [{"x": 390.0, "y": 283.0}, {"x": 496.0, "y": 283.0}, {"x": 496.0, "y": 313.0}, {"x": 390.0, "y": 314.0}]}, "description": "CHECK#"}, {"boundingPoly": {"vertices": [{"x": 498.0, "y": 320.0}, {"x": 548.0, "y": 320.0}, {"x": 548.0, "y": 356.0}, {"x": 498.0, "y": 356.0}]}, "description": "merchant name"}, {"boundingPoly": {"vertices": [{"x": 688.0, "y": 320.0}, {"x": 723.0, "y": 320.0}, {"x": 723.0, "y": 357.0}, {"x": 688.0, "y": 357.0}]}, "description": " ("}, {"boundingPoly": {"vertices": [{"x": 736.0, "y": 319.0}, {"x": 821.0, "y": 319.0}, {"x": 821.0, "y": 357.0}, {"x": 736.0, "y": 357.0}]}, "description": " 2647)"}, {"boundingPoly": {"vertices": [{"x": 402.0, "y": 519.0}, {"x": 927.0, "y": 516.0}, {"x": 927.0, "y": 549.0}, {"x": 402.0, "y": 553.0}]}, "description": "****** TRANSACTION RECORD ******"}, {"boundingPoly": {"vertices": [{"x": 780.0, "y": 553.0}, {"x": 900.0, "y": 553.0}, {"x": 900.0, "y": 592.0}, {"x": 780.0, "y": 592.0}]}, "description": " :5006.1"}, {"boundingPoly": {"vertices": [{"x": 401.0, "y": 560.0}, {"x": 493.0, "y": 560.0}, {"x": 493.0, "y": 593.0}, {"x": 401.0, "y": 593.0}]}, "description": " Tran."}, {"boundingPoly": {"vertices": [{"x": 401.0, "y": 599.0}, {"x": 492.0, "y": 599.0}, {"x": 492.0, "y": 635.0}, {"x": 401.0, "y": 635.0}]}, "description": " Check"}, {"boundingPoly": {"vertices": [{"x": 400.0, "y": 640.0}, {"x": 544.0, "y": 640.0}, {"x": 544.0, "y": 677.0}, {"x": 400.0, "y": 677.0}]}, "description": " Employee"}, {"boundingPoly": {"vertices": [{"x": 500.0, "y": 678.0}, {"x": 638.0, "y": 678.0}, {"x": 638.0, "y": 715.0}, {"x": 500.0, "y": 715.0}]}, "description": " : 040972"}, {"boundingPoly": {"vertices": [{"x": 498.0, "y": 557.0}, {"x": 605.0, "y": 557.0}, {"x": 605.0, "y": 593.0}, {"x": 498.0, "y": 593.0}]}, "description": " : 3882"}, {"boundingPoly": {"vertices": [{"x": 499.0, "y": 598.0}, {"x": 604.0, "y": 598.0}, {"x": 604.0, "y": 634.0}, {"x": 499.0, "y": 634.0}]}, "description": " : 3753"}, {"boundingPoly": {"vertices": [{"x": 550.0, "y": 637.0}, {"x": 671.0, "y": 637.0}, {"x": 671.0, "y": 675.0}, {"x": 550.0, "y": 675.0}]}, "description": " : 98008"}, {"boundingPoly": {"vertices": [{"x": 682.0, "y": 556.0}, {"x": 773.0, "y": 556.0}, {"x": 773.0, "y": 592.0}, {"x": 682.0, "y": 592.0}]}, "description": " Table"}, {"boundingPoly": {"vertices": [{"x": 405.0, "y": 679.0}, {"x": 493.0, "y": 679.0}, {"x": 493.0, "y": 716.0}, {"x": 405.0, "y": 716.0}]}, "description": " Trace"}, {"boundingPoly": {"vertices": [{"x": 403.0, "y": 761.0}, {"x": 693.0, "y": 758.0}, {"x": 693.0, "y": 793.0}, {"x": 403.0, "y": 796.0}]}, "description": "Pre-Auth Purchase"}, {"boundingPoly": {"vertices": [{"x": 407.0, "y": 802.0}, {"x": 936.0, "y": 792.0}, {"x": 936.0, "y": 827.0}, {"x": 407.0, "y": 836.0}]}, "description": "American Express xxxxxxxxxxx1005"}, {"boundingPoly": {"vertices": [{"x": 406.0, "y": 840.0}, {"x": 544.0, "y": 840.0}, {"x": 544.0, "y": 875.0}, {"x": 406.0, "y": 875.0}]}, "description": "APPROVED"}, {"boundingPoly": {"vertices": [{"x": 789.0, "y": 834.0}, {"x": 940.0, "y": 832.0}, {"x": 941.0, "y": 866.0}, {"x": 789.0, "y": 869.0}]}, "description": "Chip Read"}, {"boundingPoly": {"vertices": [{"x": 542.0, "y": 920.0}, {"x": 645.0, "y": 918.0}, {"x": 645.0, "y": 952.0}, {"x": 542.0, "y": 953.0}]}, "description": "Amount"}, {"boundingPoly": {"vertices": [{"x": 771.0, "y": 913.0}, {"x": 936.0, "y": 911.0}, {"x": 937.0, "y": 947.0}, {"x": 772.0, "y": 949.0}]}, "description": "USD $20.21"}, {"boundingPoly": {"vertices": [{"x": 595.0, "y": 1034.0}, {"x": 648.0, "y": 1034.0}, {"x": 648.0, "y": 1074.0}, {"x": 595.0, "y": 1074.0}]}, "description": " Tip"}, {"boundingPoly": {"vertices": [{"x": 656.0, "y": 1034.0}, {"x": 686.0, "y": 1034.0}, {"x": 686.0, "y": 1074.0}, {"x": 656.0, "y": 1074.0}]}, "description": " $."}, {"boundingPoly": {"vertices": [{"x": 693.0, "y": 1004.0}, {"x": 913.0, "y": 988.0}, {"x": 919.0, "y": 1059.0}, {"x": 699.0, "y": 1077.0}]}, "description": "2 . 2"}, {"boundingPoly": {"vertices": [{"x": 687.0, "y": 1111.0}, {"x": 941.0, "y": 1110.0}, {"x": 941.0, "y": 1186.0}, {"x": 687.0, "y": 1187.0}]}, "description": "22. 21"}, {"boundingPoly": {"vertices": [{"x": 454.0, "y": 1230.0}, {"x": 933.0, "y": 1230.0}, {"x": 933.0, "y": 1278.0}, {"x": 454.0, "y": 1278.0}]}, "description": " agree to pay the above total"}, {"boundingPoly": {"vertices": [{"x": 564.0, "y": 1157.0}, {"x": 686.0, "y": 1156.0}, {"x": 687.0, "y": 1192.0}, {"x": 565.0, "y": 1194.0}]}, "description": "TOTAL $"}, {"boundingPoly": {"vertices": [{"x": 425.0, "y": 1242.0}, {"x": 448.0, "y": 1242.0}, {"x": 448.0, "y": 1278.0}, {"x": 425.0, "y": 1278.0}]}, "description": " I"}, {"boundingPoly": {"vertices": [{"x": 439.0, "y": 1283.0}, {"x": 928.0, "y": 1275.0}, {"x": 929.0, "y": 1311.0}, {"x": 439.0, "y": 1318.0}]}, "description": "amount according to the card"}, {"boundingPoly": {"vertices": [{"x": 551.0, "y": 1323.0}, {"x": 827.0, "y": 1320.0}, {"x": 828.0, "y": 1354.0}, {"x": 551.0, "y": 1357.0}]}, "description": "issuer agreement"}, {"boundingPoly": {"vertices": [{"x": 432.0, "y": 1441.0}, {"x": 432.0, "y": 1470.0}, {"x": 409.0, "y": 1469.0}, {"x": 410.0, "y": 1440.0}]}, "description": "x"}, {"boundingPoly": {"vertices": [{"x": 515.0, "y": 1478.0}, {"x": 875.0, "y": 1488.0}, {"x": 874.0, "y": 1520.0}, {"x": 515.0, "y": 1510.0}]}, "description": "Cardholder Signature"}, {"boundingPoly": {"vertices": [{"x": 504.0, "y": 1547.0}, {"x": 754.0, "y": 1547.0}, {"x": 754.0, "y": 1584.0}, {"x": 504.0, "y": 1584.0}]}, "description": " 000000021645 C"}, {"boundingPoly": {"vertices": [{"x": 527.0, "y": 1583.0}, {"x": 645.0, "y": 1583.0}, {"x": 645.0, "y": 1617.0}, {"x": 527.0, "y": 1617.0}]}, "description": " : 828826"}, {"boundingPoly": {"vertices": [{"x": 425.0, "y": 1617.0}, {"x": 673.0, "y": 1621.0}, {"x": 672.0, "y": 1655.0}, {"x": 425.0, "y": 1649.0}]}, "description": "4/TGIF2647CC03"}, {"boundingPoly": {"vertices": [{"x": 419.0, "y": 1546.0}, {"x": 498.0, "y": 1546.0}, {"x": 498.0, "y": 1578.0}, {"x": 419.0, "y": 1578.0}]}, "description": " RRN:"}, {"boundingPoly": {"vertices": [{"x": 422.0, "y": 1581.0}, {"x": 522.0, "y": 1581.0}, {"x": 522.0, "y": 1615.0}, {"x": 422.0, "y": 1615.0}]}, "description": " Auth."}, {"boundingPoly": {"vertices": [{"x": 714.0, "y": 1587.0}, {"x": 812.0, "y": 1587.0}, {"x": 812.0, "y": 1623.0}, {"x": 714.0, "y": 1623.0}]}, "description": " Mode:"}, {"boundingPoly": {"vertices": [{"x": 732.0, "y": 1624.0}, {"x": 873.0, "y": 1628.0}, {"x": 872.0, "y": 1661.0}, {"x": 731.0, "y": 1657.0}]}, "description": "00 (001)"}, {"boundingPoly": {"vertices": [{"x": 801.0, "y": 1663.0}, {"x": 977.0, "y": 1663.0}, {"x": 977.0, "y": 1700.0}, {"x": 801.0, "y": 1700.0}]}, "description": " 6:13:24 PM"}, {"boundingPoly": {"vertices": [{"x": 817.0, "y": 1592.0}, {"x": 927.0, "y": 1592.0}, {"x": 927.0, "y": 1627.0}, {"x": 817.0, "y": 1627.0}]}, "description": " Issuer"}, {"boundingPoly": {"vertices": [{"x": 428.0, "y": 1652.0}, {"x": 602.0, "y": 1657.0}, {"x": 600.0, "y": 1693.0}, {"x": 428.0, "y": 1689.0}]}, "description": "11/21/2019"}, {"boundingPoly": {"vertices": [{"x": 426.0, "y": 1734.0}, {"x": 503.0, "y": 1734.0}, {"x": 503.0, "y": 1769.0}, {"x": 426.0, "y": 1769.0}]}, "description": " AID:"}, {"boundingPoly": {"vertices": [{"x": 428.0, "y": 1776.0}, {"x": 587.0, "y": 1776.0}, {"x": 587.0, "y": 1810.0}, {"x": 428.0, "y": 1810.0}]}, "description": " App Name:"}, {"boundingPoly": {"vertices": [{"x": 429.0, "y": 1814.0}, {"x": 501.0, "y": 1814.0}, {"x": 501.0, "y": 1851.0}, {"x": 429.0, "y": 1851.0}]}, "description": " TVR:"}, {"boundingPoly": {"vertices": [{"x": 429.0, "y": 1856.0}, {"x": 502.0, "y": 1856.0}, {"x": 502.0, "y": 1891.0}, {"x": 429.0, "y": 1891.0}]}, "description": " IAD:"}, {"boundingPoly": {"vertices": [{"x": 429.0, "y": 1895.0}, {"x": 498.0, "y": 1895.0}, {"x": 498.0, "y": 1935.0}, {"x": 429.0, "y": 1935.0}]}, "description": " TSI:"}, {"boundingPoly": {"vertices": [{"x": 508.0, "y": 1734.0}, {"x": 787.0, "y": 1734.0}, {"x": 787.0, "y": 1772.0}, {"x": 508.0, "y": 1772.0}]}, "description": " A000000025010801"}, {"boundingPoly": {"vertices": [{"x": 592.0, "y": 1776.0}, {"x": 871.0, "y": 1776.0}, {"x": 871.0, "y": 1816.0}, {"x": 592.0, "y": 1816.0}]}, "description": " AMERICAN EXPRESS"}, {"boundingPoly": {"vertices": [{"x": 508.0, "y": 1815.0}, {"x": 681.0, "y": 1815.0}, {"x": 681.0, "y": 1851.0}, {"x": 508.0, "y": 1851.0}]}, "description": " 0000008000"}, {"boundingPoly": {"vertices": [{"x": 508.0, "y": 1856.0}, {"x": 753.0, "y": 1856.0}, {"x": 753.0, "y": 1894.0}, {"x": 508.0, "y": 1894.0}]}, "description": " 065A0103602002"}, {"boundingPoly": {"vertices": [{"x": 504.0, "y": 1897.0}, {"x": 581.0, "y": 1897.0}, {"x": 581.0, "y": 1935.0}, {"x": 504.0, "y": 1935.0}]}, "description": " F800"}, {"boundingPoly": {"vertices": [{"x": 733.0, "y": 1900.0}, {"x": 807.0, "y": 1900.0}, {"x": 807.0, "y": 1938.0}, {"x": 733.0, "y": 1938.0}]}, "description": " ARC:"}, {"boundingPoly": {"vertices": [{"x": 814.0, "y": 1903.0}, {"x": 854.0, "y": 1903.0}, {"x": 854.0, "y": 1938.0}, {"x": 814.0, "y": 1938.0}]}, "description": " 00"}, {"boundingPoly": {"vertices": [{"x": 576.0, "y": 1985.0}, {"x": 802.0, "y": 1989.0}, {"x": 801.0, "y": 2027.0}, {"x": 576.0, "y": 2022.0}]}, "description": "Customer Copy"}]}