{"textAnnotations": [{"boundingPoly": {"vertices": [{"x": 343.0, "y": 141.0}, {"x": 433.0, "y": 139.0}, {"x": 434.0, "y": 164.0}, {"x": 343.0, "y": 165.0}]}, "description": "merchant name"}, {"boundingPoly": {"vertices": [{"x": 253.0, "y": 171.0}, {"x": 517.0, "y": 162.0}, {"x": 518.0, "y": 188.0}, {"x": 254.0, "y": 197.0}]}, "description": "merchant address"}, {"boundingPoly": {"vertices": [{"x": 316.0, "y": 222.0}, {"x": 458.0, "y": 220.0}, {"x": 458.0, "y": 244.0}, {"x": 316.0, "y": 246.0}]}, "description": "merchant phone"}, {"boundingPoly": {"vertices": [{"x": 327.0, "y": 196.0}, {"x": 438.0, "y": 194.0}, {"x": 438.0, "y": 218.0}, {"x": 327.0, "y": 219.0}]}, "description": "merchant address"}, {"boundingPoly": {"vertices": [{"x": 146.0, "y": 286.0}, {"x": 228.0, "y": 286.0}, {"x": 228.0, "y": 308.0}, {"x": 146.0, "y": 308.0}]}, "description": " Server:"}, {"boundingPoly": {"vertices": [{"x": 146.0, "y": 309.0}, {"x": 241.0, "y": 309.0}, {"x": 241.0, "y": 337.0}, {"x": 146.0, "y": 337.0}]}, "description": " 12:17 PM"}, {"boundingPoly": {"vertices": [{"x": 457.0, "y": 275.0}, {"x": 513.0, "y": 275.0}, {"x": 513.0, "y": 302.0}, {"x": 457.0, "y": 302.0}]}, "description": " DOB:"}, {"boundingPoly": {"vertices": [{"x": 517.0, "y": 270.0}, {"x": 640.0, "y": 270.0}, {"x": 640.0, "y": 301.0}, {"x": 517.0, "y": 301.0}]}, "description": " 11/22/2019"}, {"boundingPoly": {"vertices": [{"x": 521.0, "y": 303.0}, {"x": 641.0, "y": 299.0}, {"x": 642.0, "y": 324.0}, {"x": 522.0, "y": 329.0}]}, "description": "11/22/2019"}, {"boundingPoly": {"vertices": [{"x": 555.0, "y": 328.0}, {"x": 644.0, "y": 327.0}, {"x": 644.0, "y": 349.0}, {"x": 555.0, "y": 350.0}]}, "description": "4/40006"}, {"boundingPoly": {"vertices": [{"x": 145.0, "y": 338.0}, {"x": 246.0, "y": 333.0}, {"x": 247.0, "y": 356.0}, {"x": 145.0, "y": 361.0}]}, "description": "Table 1/1"}, {"boundingPoly": {"vertices": [{"x": 363.0, "y": 387.0}, {"x": 415.0, "y": 387.0}, {"x": 415.0, "y": 410.0}, {"x": 363.0, "y": 411.0}]}, "description": "SALE"}, {"boundingPoly": {"vertices": [{"x": 131.0, "y": 446.0}, {"x": 184.0, "y": 445.0}, {"x": 183.0, "y": 468.0}, {"x": 131.0, "y": 469.0}]}, "description": "AMEX"}, {"boundingPoly": {"vertices": [{"x": 125.0, "y": 473.0}, {"x": 392.0, "y": 470.0}, {"x": 392.0, "y": 496.0}, {"x": 125.0, "y": 500.0}]}, "description": "Card #XXXXXXXXXXX1004"}, {"boundingPoly": {"vertices": [{"x": 125.0, "y": 500.0}, {"x": 404.0, "y": 500.0}, {"x": 404.0, "y": 531.0}, {"x": 125.0, "y": 531.0}]}, "description": " Magnetic card present:"}, {"boundingPoly": {"vertices": [{"x": 558.0, "y": 438.0}, {"x": 648.0, "y": 439.0}, {"x": 648.0, "y": 464.0}, {"x": 558.0, "y": 463.0}]}, "description": "4194306"}, {"boundingPoly": {"vertices": [{"x": 117.0, "y": 558.0}, {"x": 361.0, "y": 558.0}, {"x": 361.0, "y": 588.0}, {"x": 117.0, "y": 588.0}]}, "description": " Card Entry Method:"}, {"boundingPoly": {"vertices": [{"x": 371.0, "y": 558.0}, {"x": 390.0, "y": 558.0}, {"x": 390.0, "y": 585.0}, {"x": 371.0, "y": 585.0}]}, "description": " S"}, {"boundingPoly": {"vertices": [{"x": 111.0, "y": 620.0}, {"x": 233.0, "y": 620.0}, {"x": 233.0, "y": 650.0}, {"x": 111.0, "y": 650.0}]}, "description": " Approval:"}, {"boundingPoly": {"vertices": [{"x": 238.0, "y": 618.0}, {"x": 323.0, "y": 618.0}, {"x": 323.0, "y": 647.0}, {"x": 238.0, "y": 647.0}]}, "description": " 643446"}, {"boundingPoly": {"vertices": [{"x": 370.0, "y": 683.0}, {"x": 445.0, "y": 683.0}, {"x": 445.0, "y": 710.0}, {"x": 370.0, "y": 710.0}]}, "description": " Amount"}, {"boundingPoly": {"vertices": [{"x": 450.0, "y": 683.0}, {"x": 465.0, "y": 683.0}, {"x": 465.0, "y": 710.0}, {"x": 450.0, "y": 710.0}]}, "description": " :"}, {"boundingPoly": {"vertices": [{"x": 583.0, "y": 680.0}, {"x": 667.0, "y": 678.0}, {"x": 668.0, "y": 705.0}, {"x": 583.0, "y": 707.0}]}, "description": "$20.03"}, {"boundingPoly": {"vertices": [{"x": 582.0, "y": 730.0}, {"x": 676.0, "y": 708.0}, {"x": 684.0, "y": 750.0}, {"x": 589.0, "y": 770.0}]}, "description": "4.00"}, {"boundingPoly": {"vertices": [{"x": 382.0, "y": 749.0}, {"x": 471.0, "y": 749.0}, {"x": 471.0, "y": 775.0}, {"x": 382.0, "y": 775.0}]}, "description": " + Tip:"}, {"boundingPoly": {"vertices": [{"x": 349.0, "y": 813.0}, {"x": 465.0, "y": 813.0}, {"x": 465.0, "y": 841.0}, {"x": 349.0, "y": 841.0}]}, "description": " = Total:"}, {"boundingPoly": {"vertices": [{"x": 527.0, "y": 785.0}, {"x": 677.0, "y": 758.0}, {"x": 687.0, "y": 799.0}, {"x": 536.0, "y": 833.0}]}, "description": "J4 03"}, {"boundingPoly": {"vertices": [{"x": 215.0, "y": 915.0}, {"x": 558.0, "y": 908.0}, {"x": 559.0, "y": 938.0}, {"x": 215.0, "y": 945.0}]}, "description": "I agree to pay the above"}, {"boundingPoly": {"vertices": [{"x": 180.0, "y": 946.0}, {"x": 592.0, "y": 942.0}, {"x": 592.0, "y": 973.0}, {"x": 180.0, "y": 976.0}]}, "description": "total amount according to the"}, {"boundingPoly": {"vertices": [{"x": 238.0, "y": 979.0}, {"x": 548.0, "y": 978.0}, {"x": 548.0, "y": 1008.0}, {"x": 238.0, "y": 1009.0}]}, "description": "card issuer agreement."}, {"boundingPoly": {"vertices": [{"x": 122.0, "y": 1049.0}, {"x": 121.0, "y": 1076.0}, {"x": 106.0, "y": 1076.0}, {"x": 107.0, "y": 1048.0}]}, "description": "X"}, {"boundingPoly": {"vertices": [{"x": 216.0, "y": 1118.0}, {"x": 564.0, "y": 1108.0}, {"x": 565.0, "y": 1141.0}, {"x": 216.0, "y": 1150.0}]}, "description": "Thank you for joining us!"}]}