{"textAnnotations": [{"boundingPoly": {"vertices": [{"x": 96.0, "y": 79.0}, {"x": 280.0, "y": 80.0}, {"x": 280.0, "y": 102.0}, {"x": 95.0, "y": 100.0}]}, "description": "merchant name"}, {"boundingPoly": {"vertices": [{"x": 105.0, "y": 131.0}, {"x": 266.0, "y": 134.0}, {"x": 266.0, "y": 155.0}, {"x": 105.0, "y": 150.0}]}, "description": "merchant address"}, {"boundingPoly": {"vertices": [{"x": 75.0, "y": 153.0}, {"x": 287.0, "y": 154.0}, {"x": 287.0, "y": 171.0}, {"x": 75.0, "y": 169.0}]}, "description": "www.stellarairportstores.com"}, {"boundingPoly": {"vertices": [{"x": 125.0, "y": 171.0}, {"x": 198.0, "y": 171.0}, {"x": 198.0, "y": 189.0}, {"x": 125.0, "y": 189.0}]}, "description": " Store ID:"}, {"boundingPoly": {"vertices": [{"x": 23.0, "y": 192.0}, {"x": 179.0, "y": 188.0}, {"x": 179.0, "y": 203.0}, {"x": 23.0, "y": 209.0}]}, "description": "Ticket #1102-2-038015"}, {"boundingPoly": {"vertices": [{"x": 21.0, "y": 209.0}, {"x": 69.0, "y": 209.0}, {"x": 69.0, "y": 228.0}, {"x": 21.0, "y": 228.0}]}, "description": " Station"}, {"boundingPoly": {"vertices": [{"x": 201.0, "y": 171.0}, {"x": 234.0, "y": 171.0}, {"x": 234.0, "y": 189.0}, {"x": 201.0, "y": 189.0}]}, "description": " 1102"}, {"boundingPoly": {"vertices": [{"x": 222.0, "y": 200.0}, {"x": 300.0, "y": 200.0}, {"x": 300.0, "y": 218.0}, {"x": 222.0, "y": 218.0}]}, "description": " Sales Rep"}, {"boundingPoly": {"vertices": [{"x": 262.0, "y": 180.0}, {"x": 305.0, "y": 180.0}, {"x": 305.0, "y": 199.0}, {"x": 262.0, "y": 199.0}]}, "description": " User:"}, {"boundingPoly": {"vertices": [{"x": 308.0, "y": 178.0}, {"x": 343.0, "y": 178.0}, {"x": 343.0, "y": 197.0}, {"x": 308.0, "y": 197.0}]}, "description": " 3790"}, {"boundingPoly": {"vertices": [{"x": 308.0, "y": 198.0}, {"x": 343.0, "y": 198.0}, {"x": 343.0, "y": 217.0}, {"x": 308.0, "y": 217.0}]}, "description": " 3790"}, {"boundingPoly": {"vertices": [{"x": 72.0, "y": 205.0}, {"x": 127.0, "y": 205.0}, {"x": 127.0, "y": 226.0}, {"x": 72.0, "y": 226.0}]}, "description": " : 1102-2"}, {"boundingPoly": {"vertices": [{"x": 22.0, "y": 222.0}, {"x": 179.0, "y": 222.0}, {"x": 179.0, "y": 248.0}, {"x": 22.0, "y": 248.0}]}, "description": " 11/15/2019 7:23:30 PM"}, {"boundingPoly": {"vertices": [{"x": 167.0, "y": 262.0}, {"x": 196.0, "y": 263.0}, {"x": 195.0, "y": 281.0}, {"x": 167.0, "y": 281.0}]}, "description": "Qty"}, {"boundingPoly": {"vertices": [{"x": 19.0, "y": 266.0}, {"x": 51.0, "y": 267.0}, {"x": 50.0, "y": 284.0}, {"x": 19.0, "y": 282.0}]}, "description": "Item"}, {"boundingPoly": {"vertices": [{"x": 24.0, "y": 286.0}, {"x": 112.0, "y": 285.0}, {"x": 112.0, "y": 302.0}, {"x": 24.0, "y": 303.0}]}, "description": "Description"}, {"boundingPoly": {"vertices": [{"x": 212.0, "y": 262.0}, {"x": 255.0, "y": 261.0}, {"x": 255.0, "y": 278.0}, {"x": 212.0, "y": 279.0}]}, "description": "Price"}, {"boundingPoly": {"vertices": [{"x": 300.0, "y": 258.0}, {"x": 342.0, "y": 257.0}, {"x": 343.0, "y": 273.0}, {"x": 301.0, "y": 276.0}]}, "description": "Total"}, {"boundingPoly": {"vertices": [{"x": 18.0, "y": 325.0}, {"x": 87.0, "y": 324.0}, {"x": 88.0, "y": 341.0}, {"x": 18.0, "y": 342.0}]}, "description": "V85040141"}, {"boundingPoly": {"vertices": [{"x": 25.0, "y": 344.0}, {"x": 183.0, "y": 341.0}, {"x": 184.0, "y": 359.0}, {"x": 25.0, "y": 362.0}]}, "description": "Water Smartwater 1.5L"}, {"boundingPoly": {"vertices": [{"x": 14.0, "y": 364.0}, {"x": 88.0, "y": 362.0}, {"x": 89.0, "y": 380.0}, {"x": 14.0, "y": 382.0}]}, "description": "V46270687"}, {"boundingPoly": {"vertices": [{"x": 221.0, "y": 321.0}, {"x": 255.0, "y": 321.0}, {"x": 255.0, "y": 337.0}, {"x": 221.0, "y": 338.0}]}, "description": "5.99"}, {"boundingPoly": {"vertices": [{"x": 308.0, "y": 319.0}, {"x": 342.0, "y": 319.0}, {"x": 342.0, "y": 335.0}, {"x": 308.0, "y": 336.0}]}, "description": "5.99"}, {"boundingPoly": {"vertices": [{"x": 193.0, "y": 323.0}, {"x": 192.0, "y": 338.0}, {"x": 184.0, "y": 337.0}, {"x": 185.0, "y": 322.0}]}, "description": "-"}, {"boundingPoly": {"vertices": [{"x": 183.0, "y": 362.0}, {"x": 192.0, "y": 362.0}, {"x": 192.0, "y": 376.0}, {"x": 182.0, "y": 375.0}]}, "description": "1"}, {"boundingPoly": {"vertices": [{"x": 24.0, "y": 383.0}, {"x": 253.0, "y": 378.0}, {"x": 254.0, "y": 396.0}, {"x": 24.0, "y": 402.0}]}, "description": "Path Water Purifd Aluminm 25oz"}, {"boundingPoly": {"vertices": [{"x": 191.0, "y": 400.0}, {"x": 192.0, "y": 417.0}, {"x": 184.0, "y": 416.0}, {"x": 183.0, "y": 400.0}]}, "description": "-"}, {"boundingPoly": {"vertices": [{"x": 222.0, "y": 359.0}, {"x": 254.0, "y": 360.0}, {"x": 253.0, "y": 376.0}, {"x": 222.0, "y": 375.0}]}, "description": "4.99"}, {"boundingPoly": {"vertices": [{"x": 308.0, "y": 359.0}, {"x": 343.0, "y": 359.0}, {"x": 342.0, "y": 375.0}, {"x": 308.0, "y": 376.0}]}, "description": "4.99"}, {"boundingPoly": {"vertices": [{"x": 15.0, "y": 403.0}, {"x": 85.0, "y": 402.0}, {"x": 85.0, "y": 419.0}, {"x": 15.0, "y": 420.0}]}, "description": "V99930169"}, {"boundingPoly": {"vertices": [{"x": 20.0, "y": 422.0}, {"x": 148.0, "y": 420.0}, {"x": 149.0, "y": 438.0}, {"x": 20.0, "y": 440.0}]}, "description": "BAG ORDINANCE LG"}, {"boundingPoly": {"vertices": [{"x": 217.0, "y": 398.0}, {"x": 253.0, "y": 397.0}, {"x": 254.0, "y": 413.0}, {"x": 217.0, "y": 415.0}]}, "description": "0.25"}, {"boundingPoly": {"vertices": [{"x": 308.0, "y": 397.0}, {"x": 344.0, "y": 396.0}, {"x": 344.0, "y": 414.0}, {"x": 308.0, "y": 414.0}]}, "description": "0.25"}, {"boundingPoly": {"vertices": [{"x": 13.0, "y": 462.0}, {"x": 76.0, "y": 460.0}, {"x": 76.0, "y": 478.0}, {"x": 14.0, "y": 480.0}]}, "description": "Subtotal"}, {"boundingPoly": {"vertices": [{"x": 303.0, "y": 456.0}, {"x": 345.0, "y": 456.0}, {"x": 346.0, "y": 474.0}, {"x": 303.0, "y": 474.0}]}, "description": "11.23"}, {"boundingPoly": {"vertices": [{"x": 14.0, "y": 502.0}, {"x": 55.0, "y": 501.0}, {"x": 55.0, "y": 519.0}, {"x": 15.0, "y": 520.0}]}, "description": "Total"}, {"boundingPoly": {"vertices": [{"x": 303.0, "y": 499.0}, {"x": 345.0, "y": 498.0}, {"x": 346.0, "y": 515.0}, {"x": 304.0, "y": 516.0}]}, "description": "11.23"}, {"boundingPoly": {"vertices": [{"x": 299.0, "y": 525.0}, {"x": 345.0, "y": 523.0}, {"x": 345.0, "y": 532.0}, {"x": 299.0, "y": 534.0}]}, "description": "====="}, {"boundingPoly": {"vertices": [{"x": 17.0, "y": 564.0}, {"x": 67.0, "y": 564.0}, {"x": 67.0, "y": 581.0}, {"x": 17.0, "y": 581.0}]}, "description": " Tender:"}, {"boundingPoly": {"vertices": [{"x": 11.0, "y": 585.0}, {"x": 45.0, "y": 584.0}, {"x": 45.0, "y": 601.0}, {"x": 10.0, "y": 601.0}]}, "description": "AMEX"}, {"boundingPoly": {"vertices": [{"x": 18.0, "y": 604.0}, {"x": 136.0, "y": 602.0}, {"x": 136.0, "y": 620.0}, {"x": 18.0, "y": 623.0}]}, "description": "XXXXXXXXXXX1000"}, {"boundingPoly": {"vertices": [{"x": 305.0, "y": 581.0}, {"x": 346.0, "y": 581.0}, {"x": 346.0, "y": 599.0}, {"x": 305.0, "y": 600.0}]}, "description": "11.23"}, {"boundingPoly": {"vertices": [{"x": 10.0, "y": 646.0}, {"x": 62.0, "y": 646.0}, {"x": 62.0, "y": 665.0}, {"x": 10.0, "y": 665.0}]}, "description": " Batch:"}, {"boundingPoly": {"vertices": [{"x": 55.0, "y": 666.0}, {"x": 107.0, "y": 666.0}, {"x": 107.0, "y": 686.0}, {"x": 55.0, "y": 686.0}]}, "description": " 885783"}, {"boundingPoly": {"vertices": [{"x": 9.0, "y": 688.0}, {"x": 109.0, "y": 688.0}, {"x": 109.0, "y": 708.0}, {"x": 9.0, "y": 708.0}]}, "description": " Entry Method:"}, {"boundingPoly": {"vertices": [{"x": 9.0, "y": 708.0}, {"x": 133.0, "y": 707.0}, {"x": 134.0, "y": 729.0}, {"x": 9.0, "y": 730.0}]}, "description": "AMERICAN EXPRESS"}, {"boundingPoly": {"vertices": [{"x": 8.0, "y": 730.0}, {"x": 44.0, "y": 730.0}, {"x": 44.0, "y": 752.0}, {"x": 8.0, "y": 752.0}]}, "description": " AID:"}, {"boundingPoly": {"vertices": [{"x": 10.0, "y": 752.0}, {"x": 43.0, "y": 752.0}, {"x": 43.0, "y": 774.0}, {"x": 10.0, "y": 774.0}]}, "description": " TVR:"}, {"boundingPoly": {"vertices": [{"x": 10.0, "y": 774.0}, {"x": 44.0, "y": 774.0}, {"x": 44.0, "y": 796.0}, {"x": 10.0, "y": 796.0}]}, "description": " TSI:"}, {"boundingPoly": {"vertices": [{"x": 10.0, "y": 797.0}, {"x": 36.0, "y": 797.0}, {"x": 36.0, "y": 818.0}, {"x": 10.0, "y": 818.0}]}, "description": " AC:"}, {"boundingPoly": {"vertices": [{"x": 8.0, "y": 820.0}, {"x": 45.0, "y": 820.0}, {"x": 45.0, "y": 839.0}, {"x": 8.0, "y": 839.0}]}, "description": " CVM:"}, {"boundingPoly": {"vertices": [{"x": 65.0, "y": 644.0}, {"x": 133.0, "y": 644.0}, {"x": 133.0, "y": 664.0}, {"x": 65.0, "y": 664.0}]}, "description": " 191115001"}, {"boundingPoly": {"vertices": [{"x": 11.0, "y": 667.0}, {"x": 52.0, "y": 667.0}, {"x": 52.0, "y": 687.0}, {"x": 11.0, "y": 687.0}]}, "description": " Auth:"}, {"boundingPoly": {"vertices": [{"x": 112.0, "y": 688.0}, {"x": 205.0, "y": 688.0}, {"x": 205.0, "y": 708.0}, {"x": 112.0, "y": 708.0}]}, "description": " EMV Contact"}, {"boundingPoly": {"vertices": [{"x": 47.0, "y": 730.0}, {"x": 174.0, "y": 730.0}, {"x": 174.0, "y": 752.0}, {"x": 47.0, "y": 752.0}]}, "description": " A000000025010801"}, {"boundingPoly": {"vertices": [{"x": 47.0, "y": 750.0}, {"x": 127.0, "y": 750.0}, {"x": 127.0, "y": 773.0}, {"x": 47.0, "y": 773.0}]}, "description": " 0000008000"}, {"boundingPoly": {"vertices": [{"x": 47.0, "y": 772.0}, {"x": 85.0, "y": 772.0}, {"x": 85.0, "y": 794.0}, {"x": 47.0, "y": 794.0}]}, "description": " F800"}, {"boundingPoly": {"vertices": [{"x": 40.0, "y": 797.0}, {"x": 170.0, "y": 797.0}, {"x": 170.0, "y": 819.0}, {"x": 40.0, "y": 819.0}]}, "description": " F3C38FC1986AAB44"}, {"boundingPoly": {"vertices": [{"x": 48.0, "y": 819.0}, {"x": 85.0, "y": 819.0}, {"x": 85.0, "y": 839.0}, {"x": 48.0, "y": 839.0}]}, "description": " none"}, {"boundingPoly": {"vertices": [{"x": 10.0, "y": 908.0}, {"x": 229.0, "y": 908.0}, {"x": 229.0, "y": 940.0}, {"x": 10.0, "y": 940.0}]}, "description": " number of items purchased:3"}, {"boundingPoly": {"vertices": [{"x": 53.0, "y": 952.0}, {"x": 306.0, "y": 967.0}, {"x": 304.0, "y": 991.0}, {"x": 52.0, "y": 972.0}]}, "description": "Thank you for shopping with us!"}, {"boundingPoly": {"vertices": [{"x": 88.0, "y": 995.0}, {"x": 259.0, "y": 1010.0}, {"x": 257.0, "y": 1033.0}, {"x": 86.0, "y": 1018.0}]}, "description": "merchant phone"}, {"boundingPoly": {"vertices": [{"x": 7.0, "y": 977.0}, {"x": 350.0, "y": 992.0}, {"x": 349.0, "y": 1021.0}, {"x": 7.0, "y": 999.0}]}, "description": "Please tell us about your shopping expert"}, {"boundingPoly": {"vertices": [{"x": 74.0, "y": 1020.0}, {"x": 284.0, "y": 1040.0}, {"x": 282.0, "y": 1061.0}, {"x": 73.0, "y": 1041.0}]}, "description": "customercare@spi-team.com"}, {"boundingPoly": {"vertices": [{"x": 39.0, "y": 1124.0}, {"x": 329.0, "y": 1153.0}, {"x": 328.0, "y": 1177.0}, {"x": 37.0, "y": 1152.0}]}, "description": "118402319806039*"}]}