{"textAnnotations": [{"boundingPoly": {"vertices": [{"x": 47.0, "y": 27.0}, {"x": 177.0, "y": 27.0}, {"x": 177.0, "y": 61.0}, {"x": 47.0, "y": 61.0}]}, "description": " 13:24 4G"}, {"boundingPoly": {"vertices": [{"x": 243.0, "y": 42.0}, {"x": 326.0, "y": 43.0}, {"x": 326.0, "y": 62.0}, {"x": 243.0, "y": 60.0}]}, "description": "KB/S LTEO"}, {"boundingPoly": {"vertices": [{"x": 379.0, "y": 38.0}, {"x": 409.0, "y": 39.0}, {"x": 409.0, "y": 52.0}, {"x": 379.0, "y": 51.0}]}, "description": "BOX"}, {"boundingPoly": {"vertices": [{"x": 986.0, "y": 37.0}, {"x": 1014.0, "y": 38.0}, {"x": 1013.0, "y": 56.0}, {"x": 985.0, "y": 55.0}]}, "description": "94"}, {"boundingPoly": {"vertices": [{"x": 951.0, "y": 128.0}, {"x": 1069.0, "y": 128.0}, {"x": 1069.0, "y": 158.0}, {"x": 951.0, "y": 158.0}]}, "description": "Support"}, {"boundingPoly": {"vertices": [{"x": 30.0, "y": 223.0}, {"x": 454.0, "y": 227.0}, {"x": 453.0, "y": 283.0}, {"x": 30.0, "y": 277.0}]}, "description": "Order Summary"}, {"boundingPoly": {"vertices": [{"x": 29.0, "y": 342.0}, {"x": 347.0, "y": 342.0}, {"x": 347.0, "y": 385.0}, {"x": 29.0, "y": 385.0}]}, "description": "merchant name"}, {"boundingPoly": {"vertices": [{"x": 29.0, "y": 394.0}, {"x": 997.0, "y": 394.0}, {"x": 997.0, "y": 424.0}, {"x": 29.0, "y": 425.0}]}, "description": "merchant address"}, {"boundingPoly": {"vertices": [{"x": 29.0, "y": 438.0}, {"x": 150.0, "y": 439.0}, {"x": 150.0, "y": 467.0}, {"x": 29.0, "y": 465.0}]}, "description": "merchant address"}, {"boundingPoly": {"vertices": [{"x": 30.0, "y": 521.0}, {"x": 660.0, "y": 522.0}, {"x": 660.0, "y": 551.0}, {"x": 30.0, "y": 550.0}]}, "description": "This order with Wakhra Punjab was delivered"}, {"boundingPoly": {"vertices": [{"x": 28.0, "y": 648.0}, {"x": 260.0, "y": 648.0}, {"x": 260.0, "y": 688.0}, {"x": 28.0, "y": 687.0}]}, "description": "Your Order"}, {"boundingPoly": {"vertices": [{"x": 774.0, "y": 652.0}, {"x": 1023.0, "y": 652.0}, {"x": 1023.0, "y": 679.0}, {"x": 774.0, "y": 679.0}]}, "description": "MARK AS FAVORITE"}, {"boundingPoly": {"vertices": [{"x": 62.0, "y": 739.0}, {"x": 232.0, "y": 739.0}, {"x": 233.0, "y": 772.0}, {"x": 62.0, "y": 773.0}]}, "description": "Veg Thali"}, {"boundingPoly": {"vertices": [{"x": 29.0, "y": 791.0}, {"x": 279.0, "y": 791.0}, {"x": 279.0, "y": 820.0}, {"x": 29.0, "y": 820.0}]}, "description": " Choose Your Dish:"}, {"boundingPoly": {"vertices": [{"x": 116.0, "y": 841.0}, {"x": 144.0, "y": 841.0}, {"x": 144.0, "y": 871.0}, {"x": 116.0, "y": 871.0}]}, "description": " X"}, {"boundingPoly": {"vertices": [{"x": 284.0, "y": 791.0}, {"x": 456.0, "y": 791.0}, {"x": 456.0, "y": 820.0}, {"x": 284.0, "y": 820.0}]}, "description": " Butter Naan"}, {"boundingPoly": {"vertices": [{"x": 48.0, "y": 842.0}, {"x": 75.0, "y": 842.0}, {"x": 75.0, "y": 870.0}, {"x": 48.0, "y": 870.0}]}, "description": "17"}, {"boundingPoly": {"vertices": [{"x": 150.0, "y": 841.0}, {"x": 232.0, "y": 841.0}, {"x": 232.0, "y": 871.0}, {"x": 150.0, "y": 871.0}]}, "description": " \u20b9 235"}, {"boundingPoly": {"vertices": [{"x": 238.0, "y": 842.0}, {"x": 306.0, "y": 842.0}, {"x": 306.0, "y": 870.0}, {"x": 238.0, "y": 870.0}]}, "description": " \u20b9 188"}, {"boundingPoly": {"vertices": [{"x": 968.0, "y": 842.0}, {"x": 1052.0, "y": 842.0}, {"x": 1052.0, "y": 869.0}, {"x": 968.0, "y": 869.0}]}, "description": "23196"}, {"boundingPoly": {"vertices": [{"x": 30.0, "y": 949.0}, {"x": 198.0, "y": 949.0}, {"x": 199.0, "y": 980.0}, {"x": 30.0, "y": 981.0}]}, "description": "Item Total"}, {"boundingPoly": {"vertices": [{"x": 855.0, "y": 948.0}, {"x": 943.0, "y": 948.0}, {"x": 943.0, "y": 978.0}, {"x": 855.0, "y": 978.0}]}, "description": " \u00a53995"}, {"boundingPoly": {"vertices": [{"x": 980.0, "y": 949.0}, {"x": 1050.0, "y": 949.0}, {"x": 1050.0, "y": 981.0}, {"x": 980.0, "y": 981.0}]}, "description": " 3196"}, {"boundingPoly": {"vertices": [{"x": 28.0, "y": 1011.0}, {"x": 237.0, "y": 1011.0}, {"x": 237.0, "y": 1040.0}, {"x": 28.0, "y": 1040.0}]}, "description": "Delivery Charge"}, {"boundingPoly": {"vertices": [{"x": 1007.0, "y": 1010.0}, {"x": 1051.0, "y": 1012.0}, {"x": 1049.0, "y": 1036.0}, {"x": 1006.0, "y": 1034.0}]}, "description": "\u4e4f41"}, {"boundingPoly": {"vertices": [{"x": 27.0, "y": 1090.0}, {"x": 115.0, "y": 1091.0}, {"x": 114.0, "y": 1123.0}, {"x": 29.0, "y": 1123.0}]}, "description": "Total"}, {"boundingPoly": {"vertices": [{"x": 950.0, "y": 1091.0}, {"x": 1051.0, "y": 1090.0}, {"x": 1051.0, "y": 1121.0}, {"x": 950.0, "y": 1122.0}]}, "description": "73237"}, {"boundingPoly": {"vertices": [{"x": 26.0, "y": 1176.0}, {"x": 324.0, "y": 1177.0}, {"x": 324.0, "y": 1211.0}, {"x": 26.0, "y": 1209.0}]}, "description": "Your total savings"}, {"boundingPoly": {"vertices": [{"x": 969.0, "y": 1175.0}, {"x": 1049.0, "y": 1176.0}, {"x": 1049.0, "y": 1206.0}, {"x": 970.0, "y": 1206.0}]}, "description": "\u5929799"}, {"boundingPoly": {"vertices": [{"x": 26.0, "y": 1319.0}, {"x": 311.0, "y": 1318.0}, {"x": 311.0, "y": 1357.0}, {"x": 27.0, "y": 1358.0}]}, "description": "Order Details"}, {"boundingPoly": {"vertices": [{"x": 28.0, "y": 1413.0}, {"x": 205.0, "y": 1414.0}, {"x": 205.0, "y": 1439.0}, {"x": 28.0, "y": 1437.0}]}, "description": "Order Number"}, {"boundingPoly": {"vertices": [{"x": 31.0, "y": 1445.0}, {"x": 200.0, "y": 1445.0}, {"x": 200.0, "y": 1472.0}, {"x": 31.0, "y": 1472.0}]}, "description": "1503783675"}, {"boundingPoly": {"vertices": [{"x": 28.0, "y": 1521.0}, {"x": 139.0, "y": 1521.0}, {"x": 139.0, "y": 1547.0}, {"x": 28.0, "y": 1547.0}]}, "description": "Payment"}, {"boundingPoly": {"vertices": [{"x": 30.0, "y": 1552.0}, {"x": 87.0, "y": 1552.0}, {"x": 87.0, "y": 1583.0}, {"x": 30.0, "y": 1583.0}]}, "description": " Paid"}, {"boundingPoly": {"vertices": [{"x": 93.0, "y": 1553.0}, {"x": 271.0, "y": 1553.0}, {"x": 271.0, "y": 1583.0}, {"x": 93.0, "y": 1583.0}]}, "description": " : Using Card"}, {"boundingPoly": {"vertices": [{"x": 29.0, "y": 1630.0}, {"x": 87.0, "y": 1630.0}, {"x": 87.0, "y": 1652.0}, {"x": 30.0, "y": 1652.0}]}, "description": "Date"}, {"boundingPoly": {"vertices": [{"x": 29.0, "y": 1659.0}, {"x": 469.0, "y": 1659.0}, {"x": 469.0, "y": 1690.0}, {"x": 29.0, "y": 1690.0}]}, "description": " November 27, 2019 at 07:47 PM"}, {"boundingPoly": {"vertices": [{"x": 29.0, "y": 1737.0}, {"x": 209.0, "y": 1738.0}, {"x": 209.0, "y": 1762.0}, {"x": 29.0, "y": 1762.0}]}, "description": "Phone number"}, {"boundingPoly": {"vertices": [{"x": 30.0, "y": 1845.0}, {"x": 147.0, "y": 1846.0}, {"x": 147.0, "y": 1872.0}, {"x": 30.0, "y": 1871.0}]}, "description": "Deliver to"}, {"boundingPoly": {"vertices": [{"x": 28.0, "y": 1876.0}, {"x": 1049.0, "y": 1875.0}, {"x": 1049.0, "y": 1908.0}, {"x": 28.0, "y": 1909.0}]}, "description": "epitime towers, DLF Building No. 5 Tower C, DLF Cyber City, DLF Phase 2,"}, {"boundingPoly": {"vertices": [{"x": 27.0, "y": 1918.0}, {"x": 535.0, "y": 1918.0}, {"x": 535.0, "y": 1949.0}, {"x": 27.0, "y": 1948.0}]}, "description": "Sector 24, Gurugram, Haryana, India"}, {"boundingPoly": {"vertices": [{"x": 290.0, "y": 2077.0}, {"x": 791.0, "y": 2077.0}, {"x": 791.0, "y": 2110.0}, {"x": 290.0, "y": 2110.0}]}, "description": "Call Wakhra Punjab (0124 4001675)"}, {"boundingPoly": {"vertices": [{"x": 412.0, "y": 2209.0}, {"x": 545.0, "y": 2209.0}, {"x": 545.0, "y": 2250.0}, {"x": 412.0, "y": 2250.0}]}, "description": " Repeat"}, {"boundingPoly": {"vertices": [{"x": 520.0, "y": 2253.0}, {"x": 709.0, "y": 2253.0}, {"x": 709.0, "y": 2282.0}, {"x": 520.0, "y": 2282.0}]}, "description": " ON NEXT STEP"}, {"boundingPoly": {"vertices": [{"x": 552.0, "y": 2210.0}, {"x": 668.0, "y": 2210.0}, {"x": 668.0, "y": 2250.0}, {"x": 552.0, "y": 2250.0}]}, "description": " Order"}, {"boundingPoly": {"vertices": [{"x": 371.0, "y": 2254.0}, {"x": 438.0, "y": 2254.0}, {"x": 438.0, "y": 2282.0}, {"x": 371.0, "y": 2282.0}]}, "description": " VIEW"}, {"boundingPoly": {"vertices": [{"x": 443.0, "y": 2254.0}, {"x": 515.0, "y": 2254.0}, {"x": 515.0, "y": 2282.0}, {"x": 443.0, "y": 2282.0}]}, "description": " CART"}]}