{"textAnnotations": [{"boundingPoly": {"vertices": [{"x": 555.0, "y": 46.0}, {"x": 631.0, "y": 46.0}, {"x": 632.0, "y": 60.0}, {"x": 555.0, "y": 60.0}]}, "description": "merchant name"}, {"boundingPoly": {"vertices": [{"x": 532.0, "y": 62.0}, {"x": 654.0, "y": 62.0}, {"x": 654.0, "y": 76.0}, {"x": 532.0, "y": 76.0}]}, "description": "merchant phone"}, {"boundingPoly": {"vertices": [{"x": 518.0, "y": 78.0}, {"x": 567.0, "y": 78.0}, {"x": 567.0, "y": 93.0}, {"x": 518.0, "y": 93.0}]}, "description": " 20211127"}, {"boundingPoly": {"vertices": [{"x": 482.0, "y": 95.0}, {"x": 590.0, "y": 95.0}, {"x": 590.0, "y": 109.0}, {"x": 482.0, "y": 109.0}]}, "description": " NOV 19. 2019 20:10"}, {"boundingPoly": {"vertices": [{"x": 483.0, "y": 111.0}, {"x": 507.0, "y": 111.0}, {"x": 507.0, "y": 126.0}, {"x": 483.0, "y": 126.0}]}, "description": " ROC#:"}, {"boundingPoly": {"vertices": [{"x": 482.0, "y": 128.0}, {"x": 609.0, "y": 127.0}, {"x": 609.0, "y": 140.0}, {"x": 482.0, "y": 142.0}]}, "description": "************ 1002 - (C)"}, {"boundingPoly": {"vertices": [{"x": 482.0, "y": 144.0}, {"x": 576.0, "y": 143.0}, {"x": 576.0, "y": 157.0}, {"x": 482.0, "y": 158.0}]}, "description": "AMERICAN EXPRESS"}, {"boundingPoly": {"vertices": [{"x": 481.0, "y": 161.0}, {"x": 576.0, "y": 159.0}, {"x": 576.0, "y": 174.0}, {"x": 481.0, "y": 176.0}]}, "description": "A000000025010801"}, {"boundingPoly": {"vertices": [{"x": 486.0, "y": 79.0}, {"x": 515.0, "y": 79.0}, {"x": 515.0, "y": 93.0}, {"x": 486.0, "y": 93.0}]}, "description": " TERM#:"}, {"boundingPoly": {"vertices": [{"x": 605.0, "y": 78.0}, {"x": 641.0, "y": 78.0}, {"x": 641.0, "y": 92.0}, {"x": 605.0, "y": 92.0}]}, "description": " MERCH#:"}, {"boundingPoly": {"vertices": [{"x": 616.0, "y": 94.0}, {"x": 664.0, "y": 94.0}, {"x": 664.0, "y": 109.0}, {"x": 616.0, "y": 109.0}]}, "description": " APPROVAL:"}, {"boundingPoly": {"vertices": [{"x": 627.0, "y": 111.0}, {"x": 663.0, "y": 111.0}, {"x": 663.0, "y": 126.0}, {"x": 627.0, "y": 126.0}]}, "description": " BATCH#:"}, {"boundingPoly": {"vertices": [{"x": 643.0, "y": 78.0}, {"x": 704.0, "y": 78.0}, {"x": 704.0, "y": 93.0}, {"x": 643.0, "y": 93.0}]}, "description": " 9360181474"}, {"boundingPoly": {"vertices": [{"x": 666.0, "y": 95.0}, {"x": 704.0, "y": 95.0}, {"x": 704.0, "y": 109.0}, {"x": 666.0, "y": 109.0}]}, "description": " 813720"}, {"boundingPoly": {"vertices": [{"x": 666.0, "y": 111.0}, {"x": 704.0, "y": 111.0}, {"x": 704.0, "y": 126.0}, {"x": 666.0, "y": 126.0}]}, "description": " 000297"}, {"boundingPoly": {"vertices": [{"x": 510.0, "y": 111.0}, {"x": 549.0, "y": 111.0}, {"x": 549.0, "y": 126.0}, {"x": 510.0, "y": 126.0}]}, "description": " 002683"}, {"boundingPoly": {"vertices": [{"x": 549.0, "y": 193.0}, {"x": 637.0, "y": 193.0}, {"x": 637.0, "y": 208.0}, {"x": 549.0, "y": 208.0}]}, "description": "RESTAURANT SALE"}, {"boundingPoly": {"vertices": [{"x": 486.0, "y": 230.0}, {"x": 537.0, "y": 229.0}, {"x": 537.0, "y": 244.0}, {"x": 486.0, "y": 245.0}]}, "description": ">LODGING"}, {"boundingPoly": {"vertices": [{"x": 607.0, "y": 227.0}, {"x": 644.0, "y": 228.0}, {"x": 644.0, "y": 243.0}, {"x": 607.0, "y": 242.0}]}, "description": "000297"}, {"boundingPoly": {"vertices": [{"x": 485.0, "y": 264.0}, {"x": 539.0, "y": 264.0}, {"x": 539.0, "y": 280.0}, {"x": 485.0, "y": 280.0}]}, "description": " BASE AMOUNT"}, {"boundingPoly": {"vertices": [{"x": 542.0, "y": 264.0}, {"x": 549.0, "y": 264.0}, {"x": 549.0, "y": 280.0}, {"x": 542.0, "y": 280.0}]}, "description": " :"}, {"boundingPoly": {"vertices": [{"x": 647.0, "y": 263.0}, {"x": 705.0, "y": 264.0}, {"x": 704.0, "y": 281.0}, {"x": 647.0, "y": 279.0}]}, "description": "USD 59.13"}, {"boundingPoly": {"vertices": [{"x": 484.0, "y": 297.0}, {"x": 542.0, "y": 297.0}, {"x": 542.0, "y": 317.0}, {"x": 484.0, "y": 317.0}]}, "description": " TIP AMOUNT:"}, {"boundingPoly": {"vertices": [{"x": 616.0, "y": 309.0}, {"x": 689.0, "y": 319.0}, {"x": 686.0, "y": 350.0}, {"x": 611.0, "y": 338.0}]}, "description": "59.13"}, {"boundingPoly": {"vertices": [{"x": 565.0, "y": 372.0}, {"x": 602.0, "y": 373.0}, {"x": 601.0, "y": 388.0}, {"x": 565.0, "y": 388.0}]}, "description": "1DB53D"}, {"boundingPoly": {"vertices": [{"x": 569.0, "y": 410.0}, {"x": 628.0, "y": 410.0}, {"x": 628.0, "y": 426.0}, {"x": 569.0, "y": 426.0}]}, "description": "OMER COPY"}]}