{"textAnnotations": [{"boundingPoly": {"vertices": [{"x": 130.0, "y": 81.0}, {"x": 352.0, "y": 88.0}, {"x": 352.0, "y": 109.0}, {"x": 130.0, "y": 102.0}]}, "description": "merchant name"}, {"boundingPoly": {"vertices": [{"x": 181.0, "y": 107.0}, {"x": 308.0, "y": 111.0}, {"x": 307.0, "y": 133.0}, {"x": 180.0, "y": 128.0}]}, "description": "merchant address"}, {"boundingPoly": {"vertices": [{"x": 262.0, "y": 135.0}, {"x": 413.0, "y": 135.0}, {"x": 413.0, "y": 158.0}, {"x": 262.0, "y": 158.0}]}, "description": "merchant phone"}, {"boundingPoly": {"vertices": [{"x": 67.0, "y": 128.0}, {"x": 251.0, "y": 128.0}, {"x": 251.0, "y": 157.0}, {"x": 67.0, "y": 157.0}]}, "description": "merchant address"}, {"boundingPoly": {"vertices": [{"x": 186.0, "y": 182.0}, {"x": 294.0, "y": 182.0}, {"x": 294.0, "y": 202.0}, {"x": 186.0, "y": 202.0}]}, "description": "CHK 712991"}, {"boundingPoly": {"vertices": [{"x": 136.0, "y": 205.0}, {"x": 337.0, "y": 205.0}, {"x": 337.0, "y": 226.0}, {"x": 136.0, "y": 226.0}]}, "description": " 11/15/2019 08:45 AM"}, {"boundingPoly": {"vertices": [{"x": 277.0, "y": 227.0}, {"x": 361.0, "y": 227.0}, {"x": 361.0, "y": 248.0}, {"x": 277.0, "y": 248.0}]}, "description": " 2 Reg:"}, {"boundingPoly": {"vertices": [{"x": 95.0, "y": 228.0}, {"x": 171.0, "y": 228.0}, {"x": 171.0, "y": 249.0}, {"x": 95.0, "y": 249.0}]}, "description": "1513490"}, {"boundingPoly": {"vertices": [{"x": 191.0, "y": 230.0}, {"x": 273.0, "y": 230.0}, {"x": 273.0, "y": 250.0}, {"x": 191.0, "y": 250.0}]}, "description": " Drawer:"}, {"boundingPoly": {"vertices": [{"x": 365.0, "y": 226.0}, {"x": 376.0, "y": 226.0}, {"x": 376.0, "y": 245.0}, {"x": 365.0, "y": 245.0}]}, "description": " 1"}, {"boundingPoly": {"vertices": [{"x": 55.0, "y": 274.0}, {"x": 233.0, "y": 270.0}, {"x": 234.0, "y": 292.0}, {"x": 56.0, "y": 296.0}]}, "description": "Berry Trio Yogurt"}, {"boundingPoly": {"vertices": [{"x": 55.0, "y": 299.0}, {"x": 193.0, "y": 297.0}, {"x": 193.0, "y": 320.0}, {"x": 55.0, "y": 322.0}]}, "description": "Gr Flat White"}, {"boundingPoly": {"vertices": [{"x": 350.0, "y": 266.0}, {"x": 397.0, "y": 265.0}, {"x": 397.0, "y": 285.0}, {"x": 350.0, "y": 286.0}]}, "description": "3.95"}, {"boundingPoly": {"vertices": [{"x": 350.0, "y": 293.0}, {"x": 397.0, "y": 291.0}, {"x": 397.0, "y": 315.0}, {"x": 350.0, "y": 315.0}]}, "description": "4.95"}, {"boundingPoly": {"vertices": [{"x": 58.0, "y": 353.0}, {"x": 100.0, "y": 353.0}, {"x": 100.0, "y": 372.0}, {"x": 58.0, "y": 372.0}]}, "description": "Amex"}, {"boundingPoly": {"vertices": [{"x": 57.0, "y": 377.0}, {"x": 223.0, "y": 377.0}, {"x": 223.0, "y": 398.0}, {"x": 57.0, "y": 399.0}]}, "description": "XXXXXXXXXXXX1000"}, {"boundingPoly": {"vertices": [{"x": 175.0, "y": 401.0}, {"x": 284.0, "y": 401.0}, {"x": 284.0, "y": 428.0}, {"x": 175.0, "y": 428.0}]}, "description": " QUICK CHIP"}, {"boundingPoly": {"vertices": [{"x": 177.0, "y": 430.0}, {"x": 265.0, "y": 430.0}, {"x": 265.0, "y": 453.0}, {"x": 177.0, "y": 453.0}]}, "description": " PURCHASE"}, {"boundingPoly": {"vertices": [{"x": 57.0, "y": 456.0}, {"x": 184.0, "y": 456.0}, {"x": 184.0, "y": 478.0}, {"x": 57.0, "y": 478.0}]}, "description": " Reference #:"}, {"boundingPoly": {"vertices": [{"x": 57.0, "y": 481.0}, {"x": 162.0, "y": 481.0}, {"x": 162.0, "y": 503.0}, {"x": 57.0, "y": 503.0}]}, "description": " App Label:"}, {"boundingPoly": {"vertices": [{"x": 56.0, "y": 505.0}, {"x": 131.0, "y": 505.0}, {"x": 131.0, "y": 528.0}, {"x": 56.0, "y": 528.0}]}, "description": " Auth #:"}, {"boundingPoly": {"vertices": [{"x": 56.0, "y": 532.0}, {"x": 101.0, "y": 532.0}, {"x": 101.0, "y": 553.0}, {"x": 56.0, "y": 553.0}]}, "description": " AID:"}, {"boundingPoly": {"vertices": [{"x": 57.0, "y": 557.0}, {"x": 102.0, "y": 557.0}, {"x": 102.0, "y": 578.0}, {"x": 57.0, "y": 578.0}]}, "description": " TVR:"}, {"boundingPoly": {"vertices": [{"x": 57.0, "y": 582.0}, {"x": 102.0, "y": 582.0}, {"x": 102.0, "y": 602.0}, {"x": 57.0, "y": 602.0}]}, "description": " TSI:"}, {"boundingPoly": {"vertices": [{"x": 347.0, "y": 348.0}, {"x": 397.0, "y": 347.0}, {"x": 397.0, "y": 369.0}, {"x": 348.0, "y": 370.0}]}, "description": "8.90"}, {"boundingPoly": {"vertices": [{"x": 59.0, "y": 402.0}, {"x": 170.0, "y": 402.0}, {"x": 170.0, "y": 428.0}, {"x": 59.0, "y": 428.0}]}, "description": " Card Entry:"}, {"boundingPoly": {"vertices": [{"x": 57.0, "y": 428.0}, {"x": 172.0, "y": 428.0}, {"x": 172.0, "y": 453.0}, {"x": 57.0, "y": 453.0}]}, "description": " Trans Type:"}, {"boundingPoly": {"vertices": [{"x": 188.0, "y": 456.0}, {"x": 277.0, "y": 456.0}, {"x": 277.0, "y": 479.0}, {"x": 188.0, "y": 479.0}]}, "description": " 00000135"}, {"boundingPoly": {"vertices": [{"x": 166.0, "y": 482.0}, {"x": 338.0, "y": 482.0}, {"x": 338.0, "y": 506.0}, {"x": 166.0, "y": 506.0}]}, "description": " AMERICAN EXPRESS"}, {"boundingPoly": {"vertices": [{"x": 135.0, "y": 507.0}, {"x": 202.0, "y": 507.0}, {"x": 202.0, "y": 529.0}, {"x": 135.0, "y": 529.0}]}, "description": " 803099"}, {"boundingPoly": {"vertices": [{"x": 105.0, "y": 532.0}, {"x": 272.0, "y": 532.0}, {"x": 272.0, "y": 556.0}, {"x": 105.0, "y": 556.0}]}, "description": " A000000025010801"}, {"boundingPoly": {"vertices": [{"x": 106.0, "y": 558.0}, {"x": 213.0, "y": 558.0}, {"x": 213.0, "y": 579.0}, {"x": 106.0, "y": 579.0}]}, "description": " 0000008000"}, {"boundingPoly": {"vertices": [{"x": 106.0, "y": 582.0}, {"x": 152.0, "y": 582.0}, {"x": 152.0, "y": 602.0}, {"x": 106.0, "y": 602.0}]}, "description": " E800"}, {"boundingPoly": {"vertices": [{"x": 54.0, "y": 631.0}, {"x": 138.0, "y": 631.0}, {"x": 138.0, "y": 653.0}, {"x": 54.0, "y": 653.0}]}, "description": "Subtotal"}, {"boundingPoly": {"vertices": [{"x": 58.0, "y": 655.0}, {"x": 109.0, "y": 656.0}, {"x": 109.0, "y": 680.0}, {"x": 58.0, "y": 680.0}]}, "description": "Total"}, {"boundingPoly": {"vertices": [{"x": 25.0, "y": 682.0}, {"x": 230.0, "y": 685.0}, {"x": 230.0, "y": 707.0}, {"x": 25.0, "y": 705.0}]}, "description": "Change Due"}, {"boundingPoly": {"vertices": [{"x": 326.0, "y": 634.0}, {"x": 382.0, "y": 633.0}, {"x": 382.0, "y": 655.0}, {"x": 326.0, "y": 656.0}]}, "description": "$8.90"}, {"boundingPoly": {"vertices": [{"x": 325.0, "y": 661.0}, {"x": 383.0, "y": 661.0}, {"x": 382.0, "y": 683.0}, {"x": 325.0, "y": 683.0}]}, "description": "$8.90"}, {"boundingPoly": {"vertices": [{"x": 336.0, "y": 687.0}, {"x": 449.0, "y": 687.0}, {"x": 449.0, "y": 712.0}, {"x": 336.0, "y": 712.0}]}, "description": "$0.00"}, {"boundingPoly": {"vertices": [{"x": 146.0, "y": 736.0}, {"x": 276.0, "y": 738.0}, {"x": 276.0, "y": 762.0}, {"x": 145.0, "y": 759.0}]}, "description": "Check Closed"}, {"boundingPoly": {"vertices": [{"x": 129.0, "y": 762.0}, {"x": 332.0, "y": 762.0}, {"x": 332.0, "y": 791.0}, {"x": 129.0, "y": 791.0}]}, "description": " 11/15/2019 08:45 AM"}, {"boundingPoly": {"vertices": [{"x": 112.0, "y": 886.0}, {"x": 366.0, "y": 893.0}, {"x": 365.0, "y": 918.0}, {"x": 111.0, "y": 910.0}]}, "description": "Join our loyalty program"}, {"boundingPoly": {"vertices": [{"x": 79.0, "y": 937.0}, {"x": 401.0, "y": 950.0}, {"x": 400.0, "y": 975.0}, {"x": 78.0, "y": 963.0}]}, "description": "Sign up for promotional emails"}, {"boundingPoly": {"vertices": [{"x": 131.0, "y": 995.0}, {"x": 336.0, "y": 1008.0}, {"x": 335.0, "y": 1033.0}, {"x": 130.0, "y": 1018.0}]}, "description": "Or download our app"}, {"boundingPoly": {"vertices": [{"x": 111.0, "y": 1051.0}, {"x": 359.0, "y": 1067.0}, {"x": 357.0, "y": 1093.0}, {"x": 109.0, "y": 1074.0}]}, "description": "Some restrictions apply"}, {"boundingPoly": {"vertices": [{"x": 141.0, "y": 913.0}, {"x": 333.0, "y": 920.0}, {"x": 332.0, "y": 943.0}, {"x": 140.0, "y": 937.0}]}, "description": "Starbucks Rewards@"}, {"boundingPoly": {"vertices": [{"x": 88.0, "y": 963.0}, {"x": 380.0, "y": 979.0}, {"x": 379.0, "y": 1006.0}, {"x": 88.0, "y": 990.0}]}, "description": "Visit Starbucks.com/rewards"}, {"boundingPoly": {"vertices": [{"x": 112.0, "y": 1021.0}, {"x": 360.0, "y": 1038.0}, {"x": 358.0, "y": 1063.0}, {"x": 111.0, "y": 1045.0}]}, "description": "At participating stores"}]}