{"textAnnotations": [{"boundingPoly": {"vertices": [{"x": 71.0, "y": 87.0}, {"x": 258.0, "y": 96.0}, {"x": 257.0, "y": 119.0}, {"x": 70.0, "y": 110.0}]}, "description": "merchant name"}, {"boundingPoly": {"vertices": [{"x": 68.0, "y": 132.0}, {"x": 197.0, "y": 138.0}, {"x": 196.0, "y": 158.0}, {"x": 67.0, "y": 152.0}]}, "description": "merchant address"}, {"boundingPoly": {"vertices": [{"x": 66.0, "y": 161.0}, {"x": 257.0, "y": 165.0}, {"x": 257.0, "y": 185.0}, {"x": 66.0, "y": 180.0}]}, "description": "merchant address"}, {"boundingPoly": {"vertices": [{"x": 65.0, "y": 188.0}, {"x": 232.0, "y": 193.0}, {"x": 231.0, "y": 211.0}, {"x": 64.0, "y": 206.0}]}, "description": "bluebottlecoffee.com"}, {"boundingPoly": {"vertices": [{"x": 64.0, "y": 214.0}, {"x": 198.0, "y": 217.0}, {"x": 198.0, "y": 234.0}, {"x": 64.0, "y": 231.0}]}, "description": "@bluebottleroast"}, {"boundingPoly": {"vertices": [{"x": 305.0, "y": 144.0}, {"x": 402.0, "y": 145.0}, {"x": 402.0, "y": 163.0}, {"x": 304.0, "y": 162.0}]}, "description": "Nov 11, 2019"}, {"boundingPoly": {"vertices": [{"x": 337.0, "y": 171.0}, {"x": 399.0, "y": 171.0}, {"x": 399.0, "y": 188.0}, {"x": 337.0, "y": 188.0}]}, "description": " 1:53 PM"}, {"boundingPoly": {"vertices": [{"x": 176.0, "y": 258.0}, {"x": 282.0, "y": 258.0}, {"x": 282.0, "y": 276.0}, {"x": 176.0, "y": 276.0}]}, "description": "PURCHASE"}, {"boundingPoly": {"vertices": [{"x": 60.0, "y": 302.0}, {"x": 111.0, "y": 302.0}, {"x": 111.0, "y": 323.0}, {"x": 60.0, "y": 323.0}]}, "description": " Ticket:"}, {"boundingPoly": {"vertices": [{"x": 59.0, "y": 331.0}, {"x": 227.0, "y": 327.0}, {"x": 227.0, "y": 348.0}, {"x": 60.0, "y": 352.0}]}, "description": "Authorization 883578"}, {"boundingPoly": {"vertices": [{"x": 59.0, "y": 360.0}, {"x": 169.0, "y": 359.0}, {"x": 170.0, "y": 379.0}, {"x": 59.0, "y": 380.0}]}, "description": "Receipt W8wJ"}, {"boundingPoly": {"vertices": [{"x": 114.0, "y": 302.0}, {"x": 166.0, "y": 302.0}, {"x": 166.0, "y": 323.0}, {"x": 114.0, "y": 323.0}]}, "description": " Blasty"}, {"boundingPoly": {"vertices": [{"x": 56.0, "y": 411.0}, {"x": 223.0, "y": 411.0}, {"x": 223.0, "y": 430.0}, {"x": 56.0, "y": 429.0}]}, "description": "AMERICAN EXPRESS"}, {"boundingPoly": {"vertices": [{"x": 57.0, "y": 438.0}, {"x": 271.0, "y": 438.0}, {"x": 271.0, "y": 457.0}, {"x": 57.0, "y": 456.0}]}, "description": "AID A0 00 00 00 25 01 08 01"}, {"boundingPoly": {"vertices": [{"x": 197.0, "y": 479.0}, {"x": 243.0, "y": 479.0}, {"x": 243.0, "y": 496.0}, {"x": 197.0, "y": 495.0}]}, "description": "TO GO"}, {"boundingPoly": {"vertices": [{"x": 54.0, "y": 520.0}, {"x": 148.0, "y": 521.0}, {"x": 147.0, "y": 539.0}, {"x": 54.0, "y": 538.0}]}, "description": "Cappuccino"}, {"boundingPoly": {"vertices": [{"x": 53.0, "y": 545.0}, {"x": 329.0, "y": 547.0}, {"x": 329.0, "y": 567.0}, {"x": 53.0, "y": 566.0}]}, "description": "Hayes Valley, Whole Milk, Flat White"}, {"boundingPoly": {"vertices": [{"x": 340.0, "y": 523.0}, {"x": 385.0, "y": 523.0}, {"x": 385.0, "y": 539.0}, {"x": 340.0, "y": 540.0}]}, "description": "$5.00"}, {"boundingPoly": {"vertices": [{"x": 52.0, "y": 592.0}, {"x": 117.0, "y": 593.0}, {"x": 116.0, "y": 612.0}, {"x": 52.0, "y": 611.0}]}, "description": "Subtotal"}, {"boundingPoly": {"vertices": [{"x": 51.0, "y": 619.0}, {"x": 222.0, "y": 621.0}, {"x": 222.0, "y": 640.0}, {"x": 51.0, "y": 638.0}]}, "description": "Healthy SF Surcharge*"}, {"boundingPoly": {"vertices": [{"x": 51.0, "y": 644.0}, {"x": 76.0, "y": 645.0}, {"x": 75.0, "y": 663.0}, {"x": 50.0, "y": 662.0}]}, "description": "Tip"}, {"boundingPoly": {"vertices": [{"x": 335.0, "y": 598.0}, {"x": 378.0, "y": 598.0}, {"x": 379.0, "y": 615.0}, {"x": 335.0, "y": 615.0}]}, "description": "$5.00"}, {"boundingPoly": {"vertices": [{"x": 334.0, "y": 623.0}, {"x": 378.0, "y": 624.0}, {"x": 378.0, "y": 638.0}, {"x": 334.0, "y": 639.0}]}, "description": "$0.20"}, {"boundingPoly": {"vertices": [{"x": 337.0, "y": 645.0}, {"x": 378.0, "y": 645.0}, {"x": 379.0, "y": 660.0}, {"x": 337.0, "y": 660.0}]}, "description": "$1.00"}, {"boundingPoly": {"vertices": [{"x": 49.0, "y": 698.0}, {"x": 88.0, "y": 697.0}, {"x": 88.0, "y": 714.0}, {"x": 49.0, "y": 714.0}]}, "description": "Total"}, {"boundingPoly": {"vertices": [{"x": 47.0, "y": 722.0}, {"x": 181.0, "y": 720.0}, {"x": 182.0, "y": 740.0}, {"x": 47.0, "y": 742.0}]}, "description": "AmEx 1000 (Chip)"}, {"boundingPoly": {"vertices": [{"x": 330.0, "y": 691.0}, {"x": 381.0, "y": 691.0}, {"x": 382.0, "y": 709.0}, {"x": 331.0, "y": 709.0}]}, "description": "$6.20"}, {"boundingPoly": {"vertices": [{"x": 336.0, "y": 718.0}, {"x": 381.0, "y": 718.0}, {"x": 381.0, "y": 735.0}, {"x": 336.0, "y": 736.0}]}, "description": "$6.20"}, {"boundingPoly": {"vertices": [{"x": 59.0, "y": 798.0}, {"x": 159.0, "y": 798.0}, {"x": 159.0, "y": 818.0}, {"x": 59.0, "y": 818.0}]}, "description": " Order ahead:"}, {"boundingPoly": {"vertices": [{"x": 74.0, "y": 821.0}, {"x": 350.0, "y": 819.0}, {"x": 350.0, "y": 838.0}, {"x": 74.0, "y": 840.0}]}, "description": "now available on the iOS App Store."}, {"boundingPoly": {"vertices": [{"x": 162.0, "y": 797.0}, {"x": 367.0, "y": 797.0}, {"x": 367.0, "y": 817.0}, {"x": 162.0, "y": 817.0}]}, "description": " Download our mobile app"}, {"boundingPoly": {"vertices": [{"x": 97.0, "y": 867.0}, {"x": 202.0, "y": 867.0}, {"x": 202.0, "y": 888.0}, {"x": 97.0, "y": 888.0}]}, "description": " Return Policy:"}, {"boundingPoly": {"vertices": [{"x": 57.0, "y": 892.0}, {"x": 366.0, "y": 887.0}, {"x": 366.0, "y": 905.0}, {"x": 57.0, "y": 910.0}]}, "description": "merchandise purchased In our cafes, we"}, {"boundingPoly": {"vertices": [{"x": 54.0, "y": 937.0}, {"x": 367.0, "y": 927.0}, {"x": 368.0, "y": 943.0}, {"x": 54.0, "y": 954.0}]}, "description": "where it was purchased in new condition,"}, {"boundingPoly": {"vertices": [{"x": 51.0, "y": 979.0}, {"x": 372.0, "y": 969.0}, {"x": 372.0, "y": 988.0}, {"x": 52.0, "y": 998.0}]}, "description": "happy to offer exchanges or store credit if"}, {"boundingPoly": {"vertices": [{"x": 178.0, "y": 1020.0}, {"x": 244.0, "y": 1019.0}, {"x": 244.0, "y": 1035.0}, {"x": 178.0, "y": 1036.0}]}, "description": "location."}, {"boundingPoly": {"vertices": [{"x": 205.0, "y": 866.0}, {"x": 327.0, "y": 866.0}, {"x": 327.0, "y": 887.0}, {"x": 205.0, "y": 887.0}]}, "description": " For a refund on"}, {"boundingPoly": {"vertices": [{"x": 62.0, "y": 915.0}, {"x": 361.0, "y": 907.0}, {"x": 362.0, "y": 925.0}, {"x": 62.0, "y": 933.0}]}, "description": "ask that you return the item to the cafe"}, {"boundingPoly": {"vertices": [{"x": 54.0, "y": 956.0}, {"x": 369.0, "y": 948.0}, {"x": 369.0, "y": 965.0}, {"x": 54.0, "y": 975.0}]}, "description": "with a receipt, and within 30 days. We are"}, {"boundingPoly": {"vertices": [{"x": 66.0, "y": 1000.0}, {"x": 356.0, "y": 993.0}, {"x": 357.0, "y": 1011.0}, {"x": 67.0, "y": 1018.0}]}, "description": "an item is returned at a different store"}, {"boundingPoly": {"vertices": [{"x": 50.0, "y": 1066.0}, {"x": 373.0, "y": 1060.0}, {"x": 374.0, "y": 1080.0}, {"x": 50.0, "y": 1086.0}]}, "description": "If you purchased your merchandise online,"}, {"boundingPoly": {"vertices": [{"x": 161.0, "y": 1087.0}, {"x": 261.0, "y": 1084.0}, {"x": 262.0, "y": 1102.0}, {"x": 162.0, "y": 1106.0}]}, "description": "please email"}, {"boundingPoly": {"vertices": [{"x": 63.0, "y": 1111.0}, {"x": 362.0, "y": 1107.0}, {"x": 363.0, "y": 1125.0}, {"x": 64.0, "y": 1131.0}]}, "description": "support@bluebottlecoffee.com to learn"}, {"boundingPoly": {"vertices": [{"x": 128.0, "y": 1133.0}, {"x": 291.0, "y": 1131.0}, {"x": 291.0, "y": 1148.0}, {"x": 128.0, "y": 1150.0}]}, "description": "about online returns."}, {"boundingPoly": {"vertices": [{"x": 64.0, "y": 1176.0}, {"x": 363.0, "y": 1176.0}, {"x": 363.0, "y": 1196.0}, {"x": 64.0, "y": 1196.0}]}, "description": "*A 4% surcharge is added in support of"}, {"boundingPoly": {"vertices": [{"x": 67.0, "y": 1200.0}, {"x": 359.0, "y": 1200.0}, {"x": 359.0, "y": 1218.0}, {"x": 67.0, "y": 1219.0}]}, "description": "employee healthcare in San Francisco"}]}