{"textAnnotations": [{"boundingPoly": {"vertices": [{"x": 586.0, "y": 991.0}, {"x": 850.0, "y": 991.0}, {"x": 849.0, "y": 1022.0}, {"x": 586.0, "y": 1021.0}]}, "description": "CUSTOMER COPY"}, {"boundingPoly": {"vertices": [{"x": 525.0, "y": 1065.0}, {"x": 895.0, "y": 1068.0}, {"x": 895.0, "y": 1102.0}, {"x": 525.0, "y": 1099.0}]}, "description": "merchant name"}, {"boundingPoly": {"vertices": [{"x": 591.0, "y": 1128.0}, {"x": 832.0, "y": 1129.0}, {"x": 832.0, "y": 1159.0}, {"x": 591.0, "y": 1158.0}]}, "description": "merchant name"}, {"boundingPoly": {"vertices": [{"x": 506.0, "y": 1172.0}, {"x": 915.0, "y": 1175.0}, {"x": 915.0, "y": 1204.0}, {"x": 506.0, "y": 1201.0}]}, "description": "merchant address"}, {"boundingPoly": {"vertices": [{"x": 591.0, "y": 1205.0}, {"x": 835.0, "y": 1204.0}, {"x": 835.0, "y": 1231.0}, {"x": 591.0, "y": 1232.0}]}, "description": "merchant address"}, {"boundingPoly": {"vertices": [{"x": 625.0, "y": 1234.0}, {"x": 796.0, "y": 1235.0}, {"x": 796.0, "y": 1260.0}, {"x": 625.0, "y": 1259.0}]}, "description": "merchant phone"}, {"boundingPoly": {"vertices": [{"x": 562.0, "y": 1309.0}, {"x": 624.0, "y": 1309.0}, {"x": 623.0, "y": 1334.0}, {"x": 561.0, "y": 1334.0}]}, "description": "Date"}, {"boundingPoly": {"vertices": [{"x": 532.0, "y": 1339.0}, {"x": 776.0, "y": 1339.0}, {"x": 776.0, "y": 1365.0}, {"x": 532.0, "y": 1366.0}]}, "description": "Server Jonathan R"}, {"boundingPoly": {"vertices": [{"x": 516.0, "y": 1367.0}, {"x": 625.0, "y": 1366.0}, {"x": 625.0, "y": 1394.0}, {"x": 516.0, "y": 1395.0}]}, "description": "Check #"}, {"boundingPoly": {"vertices": [{"x": 517.0, "y": 1399.0}, {"x": 627.0, "y": 1399.0}, {"x": 627.0, "y": 1424.0}, {"x": 517.0, "y": 1424.0}]}, "description": " # Guest"}, {"boundingPoly": {"vertices": [{"x": 479.0, "y": 1428.0}, {"x": 624.0, "y": 1429.0}, {"x": 623.0, "y": 1456.0}, {"x": 478.0, "y": 1453.0}]}, "description": "Order Type"}, {"boundingPoly": {"vertices": [{"x": 550.0, "y": 1459.0}, {"x": 622.0, "y": 1459.0}, {"x": 622.0, "y": 1483.0}, {"x": 550.0, "y": 1483.0}]}, "description": " Table"}, {"boundingPoly": {"vertices": [{"x": 638.0, "y": 1310.0}, {"x": 854.0, "y": 1310.0}, {"x": 854.0, "y": 1338.0}, {"x": 638.0, "y": 1338.0}]}, "description": " 11/17/19, 6:46 PM"}, {"boundingPoly": {"vertices": [{"x": 641.0, "y": 1368.0}, {"x": 699.0, "y": 1369.0}, {"x": 696.0, "y": 1395.0}, {"x": 638.0, "y": 1394.0}]}, "description": "7886"}, {"boundingPoly": {"vertices": [{"x": 638.0, "y": 1400.0}, {"x": 659.0, "y": 1400.0}, {"x": 659.0, "y": 1424.0}, {"x": 638.0, "y": 1424.0}]}, "description": " 4"}, {"boundingPoly": {"vertices": [{"x": 640.0, "y": 1431.0}, {"x": 727.0, "y": 1431.0}, {"x": 727.0, "y": 1455.0}, {"x": 640.0, "y": 1455.0}]}, "description": "Dine In"}, {"boundingPoly": {"vertices": [{"x": 637.0, "y": 1459.0}, {"x": 686.0, "y": 1459.0}, {"x": 686.0, "y": 1484.0}, {"x": 637.0, "y": 1484.0}]}, "description": " 446"}, {"boundingPoly": {"vertices": [{"x": 476.0, "y": 1515.0}, {"x": 629.0, "y": 1515.0}, {"x": 629.0, "y": 1544.0}, {"x": 476.0, "y": 1544.0}]}, "description": " Cardholder"}, {"boundingPoly": {"vertices": [{"x": 486.0, "y": 1547.0}, {"x": 782.0, "y": 1548.0}, {"x": 782.0, "y": 1574.0}, {"x": 486.0, "y": 1574.0}]}, "description": "Card Type AMEX-3007"}, {"boundingPoly": {"vertices": [{"x": 481.0, "y": 1577.0}, {"x": 625.0, "y": 1578.0}, {"x": 625.0, "y": 1605.0}, {"x": 481.0, "y": 1604.0}]}, "description": "Auth Code"}, {"boundingPoly": {"vertices": [{"x": 536.0, "y": 1608.0}, {"x": 620.0, "y": 1608.0}, {"x": 620.0, "y": 1633.0}, {"x": 536.0, "y": 1633.0}]}, "description": " Status"}, {"boundingPoly": {"vertices": [{"x": 625.0, "y": 1577.0}, {"x": 724.0, "y": 1577.0}, {"x": 724.0, "y": 1603.0}, {"x": 625.0, "y": 1604.0}]}, "description": "515581"}, {"boundingPoly": {"vertices": [{"x": 638.0, "y": 1610.0}, {"x": 754.0, "y": 1610.0}, {"x": 754.0, "y": 1634.0}, {"x": 638.0, "y": 1634.0}]}, "description": " Approved"}, {"boundingPoly": {"vertices": [{"x": 456.0, "y": 1711.0}, {"x": 594.0, "y": 1711.0}, {"x": 594.0, "y": 1739.0}, {"x": 455.0, "y": 1738.0}]}, "description": "Check Total"}, {"boundingPoly": {"vertices": [{"x": 825.0, "y": 1708.0}, {"x": 995.0, "y": 1709.0}, {"x": 994.0, "y": 1749.0}, {"x": 825.0, "y": 1747.0}]}, "description": "$155.16"}, {"boundingPoly": {"vertices": [{"x": 850.0, "y": 1766.0}, {"x": 993.0, "y": 1767.0}, {"x": 993.0, "y": 1806.0}, {"x": 850.0, "y": 1806.0}]}, "description": "$77.58"}, {"boundingPoly": {"vertices": [{"x": 431.0, "y": 1770.0}, {"x": 595.0, "y": 1770.0}, {"x": 595.0, "y": 1800.0}, {"x": 431.0, "y": 1800.0}]}, "description": "Amount Due"}, {"boundingPoly": {"vertices": [{"x": 508.0, "y": 1892.0}, {"x": 546.0, "y": 1895.0}, {"x": 543.0, "y": 1922.0}, {"x": 505.0, "y": 1919.0}]}, "description": "Tip"}, {"boundingPoly": {"vertices": [{"x": 893.0, "y": 1879.0}, {"x": 980.0, "y": 1857.0}, {"x": 990.0, "y": 1896.0}, {"x": 904.0, "y": 1925.0}]}, "description": "15. \""}, {"boundingPoly": {"vertices": [{"x": 832.0, "y": 2001.0}, {"x": 984.0, "y": 1975.0}, {"x": 994.0, "y": 2032.0}, {"x": 843.0, "y": 2060.0}]}, "description": "92.58"}, {"boundingPoly": {"vertices": [{"x": 487.0, "y": 2013.0}, {"x": 539.0, "y": 2014.0}, {"x": 538.0, "y": 2041.0}, {"x": 486.0, "y": 2040.0}]}, "description": "Tota"}]}