{"textAnnotations": [{"boundingPoly": {"vertices": [{"x": 378.0, "y": 29.0}, {"x": 490.0, "y": 29.0}, {"x": 490.0, "y": 50.0}, {"x": 378.0, "y": 50.0}]}, "description": " Acquired by:"}, {"boundingPoly": {"vertices": [{"x": 490.0, "y": 15.0}, {"x": 599.0, "y": 14.0}, {"x": 599.0, "y": 45.0}, {"x": 490.0, "y": 46.0}]}, "description": "BDO"}, {"boundingPoly": {"vertices": [{"x": 304.0, "y": 125.0}, {"x": 548.0, "y": 125.0}, {"x": 548.0, "y": 149.0}, {"x": 304.0, "y": 149.0}]}, "description": " Permitil:0213-049-148530-004 5NI"}, {"boundingPoly": {"vertices": [{"x": 423.0, "y": 160.0}, {"x": 514.0, "y": 160.0}, {"x": 514.0, "y": 179.0}, {"x": 423.0, "y": 179.0}]}, "description": " 007 0035606"}, {"boundingPoly": {"vertices": [{"x": 503.0, "y": 194.0}, {"x": 586.0, "y": 193.0}, {"x": 586.0, "y": 210.0}, {"x": 503.0, "y": 211.0}]}, "description": "12/08/2019"}, {"boundingPoly": {"vertices": [{"x": 271.0, "y": 162.0}, {"x": 420.0, "y": 162.0}, {"x": 420.0, "y": 183.0}, {"x": 271.0, "y": 183.0}]}, "description": " Official Receipt #:"}, {"boundingPoly": {"vertices": [{"x": 327.0, "y": 198.0}, {"x": 377.0, "y": 198.0}, {"x": 377.0, "y": 216.0}, {"x": 327.0, "y": 216.0}]}, "description": " Robert"}, {"boundingPoly": {"vertices": [{"x": 334.0, "y": 215.0}, {"x": 417.0, "y": 215.0}, {"x": 417.0, "y": 234.0}, {"x": 334.0, "y": 234.0}]}, "description": " CASATER PM"}, {"boundingPoly": {"vertices": [{"x": 264.0, "y": 236.0}, {"x": 351.0, "y": 235.0}, {"x": 351.0, "y": 251.0}, {"x": 264.0, "y": 252.0}]}, "description": "Table 401/1"}, {"boundingPoly": {"vertices": [{"x": 261.0, "y": 255.0}, {"x": 322.0, "y": 255.0}, {"x": 322.0, "y": 271.0}, {"x": 261.0, "y": 271.0}]}, "description": " Guests:"}, {"boundingPoly": {"vertices": [{"x": 258.0, "y": 274.0}, {"x": 345.0, "y": 274.0}, {"x": 345.0, "y": 291.0}, {"x": 258.0, "y": 291.0}]}, "description": " Reprint #:"}, {"boundingPoly": {"vertices": [{"x": 258.0, "y": 292.0}, {"x": 353.0, "y": 292.0}, {"x": 353.0, "y": 310.0}, {"x": 258.0, "y": 310.0}]}, "description": " Order Type:"}, {"boundingPoly": {"vertices": [{"x": 266.0, "y": 201.0}, {"x": 324.0, "y": 201.0}, {"x": 324.0, "y": 216.0}, {"x": 266.0, "y": 216.0}]}, "description": " Server:"}, {"boundingPoly": {"vertices": [{"x": 264.0, "y": 218.0}, {"x": 331.0, "y": 218.0}, {"x": 331.0, "y": 235.0}, {"x": 264.0, "y": 235.0}]}, "description": " Cashifer:"}, {"boundingPoly": {"vertices": [{"x": 528.0, "y": 228.0}, {"x": 588.0, "y": 228.0}, {"x": 588.0, "y": 247.0}, {"x": 528.0, "y": 247.0}]}, "description": " 3:52 PM"}, {"boundingPoly": {"vertices": [{"x": 542.0, "y": 249.0}, {"x": 588.0, "y": 248.0}, {"x": 588.0, "y": 264.0}, {"x": 543.0, "y": 265.0}]}, "description": "30173"}, {"boundingPoly": {"vertices": [{"x": 325.0, "y": 255.0}, {"x": 335.0, "y": 255.0}, {"x": 335.0, "y": 271.0}, {"x": 325.0, "y": 271.0}]}, "description": " 2"}, {"boundingPoly": {"vertices": [{"x": 361.0, "y": 290.0}, {"x": 424.0, "y": 290.0}, {"x": 424.0, "y": 309.0}, {"x": 361.0, "y": 309.0}]}, "description": " DINE-IN"}, {"boundingPoly": {"vertices": [{"x": 254.0, "y": 328.0}, {"x": 427.0, "y": 328.0}, {"x": 427.0, "y": 346.0}, {"x": 254.0, "y": 346.0}]}, "description": "Chicken Alfredo Pasta"}, {"boundingPoly": {"vertices": [{"x": 252.0, "y": 349.0}, {"x": 386.0, "y": 349.0}, {"x": 386.0, "y": 367.0}, {"x": 252.0, "y": 367.0}]}, "description": "Frosty Chocolate"}, {"boundingPoly": {"vertices": [{"x": 249.0, "y": 369.0}, {"x": 433.0, "y": 369.0}, {"x": 433.0, "y": 387.0}, {"x": 249.0, "y": 387.0}]}, "description": "Honey Chipotle Crisper"}, {"boundingPoly": {"vertices": [{"x": 249.0, "y": 389.0}, {"x": 368.0, "y": 389.0}, {"x": 368.0, "y": 408.0}, {"x": 248.0, "y": 407.0}]}, "description": "SM 10 oz Draft"}, {"boundingPoly": {"vertices": [{"x": 534.0, "y": 325.0}, {"x": 589.0, "y": 325.0}, {"x": 589.0, "y": 342.0}, {"x": 534.0, "y": 343.0}]}, "description": "480.00"}, {"boundingPoly": {"vertices": [{"x": 533.0, "y": 346.0}, {"x": 589.0, "y": 345.0}, {"x": 589.0, "y": 362.0}, {"x": 533.0, "y": 363.0}]}, "description": "200.00"}, {"boundingPoly": {"vertices": [{"x": 534.0, "y": 366.0}, {"x": 589.0, "y": 366.0}, {"x": 589.0, "y": 383.0}, {"x": 534.0, "y": 383.0}]}, "description": "395.00"}, {"boundingPoly": {"vertices": [{"x": 543.0, "y": 387.0}, {"x": 589.0, "y": 387.0}, {"x": 589.0, "y": 403.0}, {"x": 543.0, "y": 403.0}]}, "description": "80.00"}, {"boundingPoly": {"vertices": [{"x": 243.0, "y": 430.0}, {"x": 387.0, "y": 430.0}, {"x": 387.0, "y": 449.0}, {"x": 243.0, "y": 449.0}]}, "description": "Complete Subtotal"}, {"boundingPoly": {"vertices": [{"x": 515.0, "y": 428.0}, {"x": 590.0, "y": 428.0}, {"x": 590.0, "y": 447.0}, {"x": 515.0, "y": 447.0}]}, "description": "1,155.00"}, {"boundingPoly": {"vertices": [{"x": 248.0, "y": 472.0}, {"x": 309.0, "y": 474.0}, {"x": 309.0, "y": 491.0}, {"x": 247.0, "y": 489.0}]}, "description": "4 Items"}, {"boundingPoly": {"vertices": [{"x": 234.0, "y": 514.0}, {"x": 304.0, "y": 517.0}, {"x": 303.0, "y": 535.0}, {"x": 233.0, "y": 532.0}]}, "description": "Subtotal"}, {"boundingPoly": {"vertices": [{"x": 515.0, "y": 517.0}, {"x": 594.0, "y": 516.0}, {"x": 594.0, "y": 537.0}, {"x": 515.0, "y": 538.0}]}, "description": "1,031.25"}, {"boundingPoly": {"vertices": [{"x": 229.0, "y": 558.0}, {"x": 294.0, "y": 561.0}, {"x": 293.0, "y": 580.0}, {"x": 228.0, "y": 577.0}]}, "description": "VAT Tax"}, {"boundingPoly": {"vertices": [{"x": 403.0, "y": 566.0}, {"x": 468.0, "y": 555.0}, {"x": 476.0, "y": 605.0}, {"x": 410.0, "y": 615.0}]}, "description": "Thank"}, {"boundingPoly": {"vertices": [{"x": 429.0, "y": 656.0}, {"x": 491.0, "y": 642.0}, {"x": 500.0, "y": 672.0}, {"x": 442.0, "y": 683.0}]}, "description": "macy"}, {"boundingPoly": {"vertices": [{"x": 535.0, "y": 564.0}, {"x": 594.0, "y": 564.0}, {"x": 595.0, "y": 584.0}, {"x": 535.0, "y": 584.0}]}, "description": "123.75"}, {"boundingPoly": {"vertices": [{"x": 220.0, "y": 605.0}, {"x": 360.0, "y": 609.0}, {"x": 359.0, "y": 629.0}, {"x": 219.0, "y": 624.0}]}, "description": "Local F & B Tax"}, {"boundingPoly": {"vertices": [{"x": 220.0, "y": 629.0}, {"x": 368.0, "y": 634.0}, {"x": 368.0, "y": 654.0}, {"x": 219.0, "y": 649.0}]}, "description": "Local Liquor Tax"}, {"boundingPoly": {"vertices": [{"x": 553.0, "y": 613.0}, {"x": 595.0, "y": 614.0}, {"x": 594.0, "y": 634.0}, {"x": 553.0, "y": 633.0}]}, "description": "4.79"}, {"boundingPoly": {"vertices": [{"x": 552.0, "y": 638.0}, {"x": 597.0, "y": 639.0}, {"x": 597.0, "y": 658.0}, {"x": 552.0, "y": 656.0}]}, "description": "0.96"}, {"boundingPoly": {"vertices": [{"x": 213.0, "y": 677.0}, {"x": 301.0, "y": 681.0}, {"x": 300.0, "y": 700.0}, {"x": 213.0, "y": 696.0}]}, "description": "Total Tax"}, {"boundingPoly": {"vertices": [{"x": 533.0, "y": 688.0}, {"x": 596.0, "y": 689.0}, {"x": 596.0, "y": 711.0}, {"x": 533.0, "y": 710.0}]}, "description": "129.50"}, {"boundingPoly": {"vertices": [{"x": 207.0, "y": 727.0}, {"x": 342.0, "y": 734.0}, {"x": 341.0, "y": 755.0}, {"x": 206.0, "y": 747.0}]}, "description": "Service Charge"}, {"boundingPoly": {"vertices": [{"x": 538.0, "y": 741.0}, {"x": 602.0, "y": 744.0}, {"x": 602.0, "y": 767.0}, {"x": 536.0, "y": 763.0}]}, "description": "103.13"}, {"boundingPoly": {"vertices": [{"x": 204.0, "y": 780.0}, {"x": 250.0, "y": 783.0}, {"x": 249.0, "y": 803.0}, {"x": 203.0, "y": 800.0}]}, "description": "Total"}, {"boundingPoly": {"vertices": [{"x": 512.0, "y": 796.0}, {"x": 599.0, "y": 798.0}, {"x": 598.0, "y": 823.0}, {"x": 512.0, "y": 821.0}]}, "description": "1,263.88"}, {"boundingPoly": {"vertices": [{"x": 198.0, "y": 835.0}, {"x": 249.0, "y": 837.0}, {"x": 247.0, "y": 858.0}, {"x": 197.0, "y": 856.0}]}, "description": "BDO #"}, {"boundingPoly": {"vertices": [{"x": 192.0, "y": 863.0}, {"x": 411.0, "y": 877.0}, {"x": 409.0, "y": 899.0}, {"x": 192.0, "y": 884.0}]}, "description": "Balance Due"}, {"boundingPoly": {"vertices": [{"x": 513.0, "y": 854.0}, {"x": 599.0, "y": 856.0}, {"x": 598.0, "y": 881.0}, {"x": 512.0, "y": 879.0}]}, "description": "1,263.88"}, {"boundingPoly": {"vertices": [{"x": 512.0, "y": 883.0}, {"x": 597.0, "y": 886.0}, {"x": 595.0, "y": 910.0}, {"x": 511.0, "y": 907.0}]}, "description": "0.00"}, {"boundingPoly": {"vertices": [{"x": 192.0, "y": 944.0}, {"x": 334.0, "y": 944.0}, {"x": 334.0, "y": 978.0}, {"x": 192.0, "y": 978.0}]}, "description": " 12.00% SUBTOT:"}, {"boundingPoly": {"vertices": [{"x": 336.0, "y": 955.0}, {"x": 477.0, "y": 955.0}, {"x": 477.0, "y": 990.0}, {"x": 336.0, "y": 990.0}]}, "description": " 1,031.25 VAT:"}, {"boundingPoly": {"vertices": [{"x": 360.0, "y": 1010.0}, {"x": 423.0, "y": 1013.0}, {"x": 422.0, "y": 1028.0}, {"x": 359.0, "y": 1024.0}]}, "description": "******"}, {"boundingPoly": {"vertices": [{"x": 480.0, "y": 967.0}, {"x": 548.0, "y": 967.0}, {"x": 548.0, "y": 996.0}, {"x": 480.0, "y": 996.0}]}, "description": " 123.75"}]}