{"textAnnotations": [{"boundingPoly": {"vertices": [{"x": 127.0, "y": 70.0}, {"x": 247.0, "y": 70.0}, {"x": 247.0, "y": 101.0}, {"x": 127.0, "y": 101.0}]}, "description": " Shop name:"}, {"boundingPoly": {"vertices": [{"x": 211.0, "y": 103.0}, {"x": 478.0, "y": 103.0}, {"x": 478.0, "y": 145.0}, {"x": 211.0, "y": 145.0}]}, "description": "merchant address"}, {"boundingPoly": {"vertices": [{"x": 251.0, "y": 45.0}, {"x": 468.0, "y": 45.0}, {"x": 468.0, "y": 93.0}, {"x": 251.0, "y": 93.0}]}, "description": "merchant name"}, {"boundingPoly": {"vertices": [{"x": 201.0, "y": 84.0}, {"x": 354.0, "y": 84.0}, {"x": 354.0, "y": 122.0}, {"x": 201.0, "y": 122.0}]}, "description": " Shop Number:"}, {"boundingPoly": {"vertices": [{"x": 108.0, "y": 122.0}, {"x": 208.0, "y": 122.0}, {"x": 208.0, "y": 154.0}, {"x": 108.0, "y": 154.0}]}, "description": " Address:"}, {"boundingPoly": {"vertices": [{"x": 356.0, "y": 79.0}, {"x": 395.0, "y": 79.0}, {"x": 395.0, "y": 107.0}, {"x": 356.0, "y": 107.0}]}, "description": " 105"}, {"boundingPoly": {"vertices": [{"x": 170.0, "y": 138.0}, {"x": 349.0, "y": 138.0}, {"x": 349.0, "y": 173.0}, {"x": 170.0, "y": 173.0}]}, "description": " Post\\ZIP Code:"}, {"boundingPoly": {"vertices": [{"x": 353.0, "y": 137.0}, {"x": 414.0, "y": 137.0}, {"x": 414.0, "y": 164.0}, {"x": 353.0, "y": 164.0}]}, "description": "merchant address"}, {"boundingPoly": {"vertices": [{"x": 53.0, "y": 213.0}, {"x": 251.0, "y": 200.0}, {"x": 252.0, "y": 226.0}, {"x": 55.0, "y": 241.0}]}, "description": "3563 Johnny Moren"}, {"boundingPoly": {"vertices": [{"x": 456.0, "y": 226.0}, {"x": 514.0, "y": 226.0}, {"x": 514.0, "y": 252.0}, {"x": 456.0, "y": 252.0}]}, "description": " WS#:"}, {"boundingPoly": {"vertices": [{"x": 518.0, "y": 227.0}, {"x": 536.0, "y": 227.0}, {"x": 536.0, "y": 251.0}, {"x": 518.0, "y": 251.0}]}, "description": " 7"}, {"boundingPoly": {"vertices": [{"x": 223.0, "y": 296.0}, {"x": 346.0, "y": 294.0}, {"x": 347.0, "y": 321.0}, {"x": 224.0, "y": 323.0}]}, "description": "CHK 122779"}, {"boundingPoly": {"vertices": [{"x": 179.0, "y": 326.0}, {"x": 395.0, "y": 326.0}, {"x": 395.0, "y": 358.0}, {"x": 179.0, "y": 358.0}]}, "description": " 11/23/2019 2:38 PM"}, {"boundingPoly": {"vertices": [{"x": 57.0, "y": 392.0}, {"x": 309.0, "y": 392.0}, {"x": 309.0, "y": 418.0}, {"x": 58.0, "y": 419.0}]}, "description": "1 Egg Salad & Arugula"}, {"boundingPoly": {"vertices": [{"x": 60.0, "y": 422.0}, {"x": 274.0, "y": 422.0}, {"x": 274.0, "y": 449.0}, {"x": 60.0, "y": 449.0}]}, "description": "1 Tomato & Feta SM"}, {"boundingPoly": {"vertices": [{"x": 85.0, "y": 453.0}, {"x": 131.0, "y": 453.0}, {"x": 131.0, "y": 480.0}, {"x": 86.0, "y": 480.0}]}, "description": "AmEx"}, {"boundingPoly": {"vertices": [{"x": 81.0, "y": 483.0}, {"x": 260.0, "y": 483.0}, {"x": 260.0, "y": 507.0}, {"x": 81.0, "y": 508.0}]}, "description": "XXXXXXXXXXX1009"}, {"boundingPoly": {"vertices": [{"x": 399.0, "y": 390.0}, {"x": 448.0, "y": 389.0}, {"x": 448.0, "y": 417.0}, {"x": 399.0, "y": 417.0}]}, "description": "4.99"}, {"boundingPoly": {"vertices": [{"x": 400.0, "y": 423.0}, {"x": 449.0, "y": 422.0}, {"x": 449.0, "y": 446.0}, {"x": 401.0, "y": 446.0}]}, "description": "4.49"}, {"boundingPoly": {"vertices": [{"x": 374.0, "y": 454.0}, {"x": 447.0, "y": 452.0}, {"x": 447.0, "y": 478.0}, {"x": 375.0, "y": 478.0}]}, "description": "$10.32"}, {"boundingPoly": {"vertices": [{"x": 75.0, "y": 542.0}, {"x": 197.0, "y": 542.0}, {"x": 197.0, "y": 566.0}, {"x": 75.0, "y": 566.0}]}, "description": "Sandwiches"}, {"boundingPoly": {"vertices": [{"x": 69.0, "y": 570.0}, {"x": 243.0, "y": 569.0}, {"x": 243.0, "y": 597.0}, {"x": 69.0, "y": 597.0}]}, "description": "Non-Sandwiches"}, {"boundingPoly": {"vertices": [{"x": 69.0, "y": 598.0}, {"x": 108.0, "y": 598.0}, {"x": 108.0, "y": 625.0}, {"x": 69.0, "y": 625.0}]}, "description": "Tax"}, {"boundingPoly": {"vertices": [{"x": 63.0, "y": 629.0}, {"x": 151.0, "y": 629.0}, {"x": 151.0, "y": 654.0}, {"x": 63.0, "y": 654.0}]}, "description": "Payment"}, {"boundingPoly": {"vertices": [{"x": 27.0, "y": 659.0}, {"x": 270.0, "y": 659.0}, {"x": 270.0, "y": 684.0}, {"x": 27.0, "y": 685.0}]}, "description": "Change Due"}, {"boundingPoly": {"vertices": [{"x": 381.0, "y": 544.0}, {"x": 443.0, "y": 542.0}, {"x": 443.0, "y": 566.0}, {"x": 382.0, "y": 567.0}]}, "description": "$4.99"}, {"boundingPoly": {"vertices": [{"x": 380.0, "y": 572.0}, {"x": 441.0, "y": 571.0}, {"x": 441.0, "y": 594.0}, {"x": 380.0, "y": 594.0}]}, "description": "$4.49"}, {"boundingPoly": {"vertices": [{"x": 380.0, "y": 597.0}, {"x": 442.0, "y": 597.0}, {"x": 442.0, "y": 624.0}, {"x": 380.0, "y": 624.0}]}, "description": "$0.84"}, {"boundingPoly": {"vertices": [{"x": 364.0, "y": 627.0}, {"x": 442.0, "y": 627.0}, {"x": 442.0, "y": 651.0}, {"x": 364.0, "y": 652.0}]}, "description": "$10.32"}, {"boundingPoly": {"vertices": [{"x": 388.0, "y": 656.0}, {"x": 511.0, "y": 654.0}, {"x": 511.0, "y": 681.0}, {"x": 388.0, "y": 683.0}]}, "description": "$0.00"}, {"boundingPoly": {"vertices": [{"x": 149.0, "y": 717.0}, {"x": 341.0, "y": 717.0}, {"x": 341.0, "y": 741.0}, {"x": 149.0, "y": 741.0}]}, "description": "-- Check Closed"}, {"boundingPoly": {"vertices": [{"x": 150.0, "y": 743.0}, {"x": 375.0, "y": 743.0}, {"x": 375.0, "y": 774.0}, {"x": 150.0, "y": 774.0}]}, "description": " 11/23/2019 2:39 PM"}, {"boundingPoly": {"vertices": [{"x": 189.0, "y": 808.0}, {"x": 308.0, "y": 806.0}, {"x": 308.0, "y": 833.0}, {"x": 189.0, "y": 835.0}]}, "description": "Free Wifi"}, {"boundingPoly": {"vertices": [{"x": 99.0, "y": 840.0}, {"x": 396.0, "y": 840.0}, {"x": 396.0, "y": 868.0}, {"x": 99.0, "y": 868.0}]}, "description": "Wifi Password = hotwrap"}, {"boundingPoly": {"vertices": [{"x": 88.0, "y": 904.0}, {"x": 359.0, "y": 904.0}, {"x": 359.0, "y": 934.0}, {"x": 88.0, "y": 934.0}]}, "description": " Restroom/Toilet Code:"}, {"boundingPoly": {"vertices": [{"x": 364.0, "y": 907.0}, {"x": 421.0, "y": 907.0}, {"x": 421.0, "y": 934.0}, {"x": 364.0, "y": 934.0}]}, "description": " 3896"}, {"boundingPoly": {"vertices": [{"x": 178.0, "y": 968.0}, {"x": 329.0, "y": 970.0}, {"x": 329.0, "y": 994.0}, {"x": 177.0, "y": 991.0}]}, "description": "www.Pret.com"}, {"boundingPoly": {"vertices": [{"x": 180.0, "y": 1023.0}, {"x": 329.0, "y": 1029.0}, {"x": 328.0, "y": 1053.0}, {"x": 180.0, "y": 1047.0}]}, "description": "TALK TO PRET"}, {"boundingPoly": {"vertices": [{"x": 21.0, "y": 1042.0}, {"x": 496.0, "y": 1067.0}, {"x": 495.0, "y": 1093.0}, {"x": 20.0, "y": 1068.0}]}, "description": "We love to hear your feedback (the good"}, {"boundingPoly": {"vertices": [{"x": 124.0, "y": 1078.0}, {"x": 392.0, "y": 1091.0}, {"x": 391.0, "y": 1117.0}, {"x": 123.0, "y": 1103.0}]}, "description": "the bad and the ugly)."}, {"boundingPoly": {"vertices": [{"x": 114.0, "y": 1133.0}, {"x": 392.0, "y": 1149.0}, {"x": 390.0, "y": 1176.0}, {"x": 113.0, "y": 1158.0}]}, "description": "Pret A Manger (USA) Ltd"}, {"boundingPoly": {"vertices": [{"x": 138.0, "y": 1161.0}, {"x": 367.0, "y": 1178.0}, {"x": 365.0, "y": 1203.0}, {"x": 136.0, "y": 1185.0}]}, "description": "Reg. Number 3836164"}]}