{"textAnnotations": [{"boundingPoly": {"vertices": [{"x": 110.0, "y": 54.0}, {"x": 280.0, "y": 55.0}, {"x": 280.0, "y": 92.0}, {"x": 109.0, "y": 91.0}]}, "description": "merchant name"}, {"boundingPoly": {"vertices": [{"x": 180.0, "y": 103.0}, {"x": 229.0, "y": 106.0}, {"x": 229.0, "y": 124.0}, {"x": 180.0, "y": 122.0}]}, "description": "merchant name"}, {"boundingPoly": {"vertices": [{"x": 157.0, "y": 134.0}, {"x": 253.0, "y": 129.0}, {"x": 254.0, "y": 138.0}, {"x": 157.0, "y": 144.0}]}, "description": "merchant address"}, {"boundingPoly": {"vertices": [{"x": 162.0, "y": 153.0}, {"x": 245.0, "y": 148.0}, {"x": 246.0, "y": 159.0}, {"x": 163.0, "y": 165.0}]}, "description": "merchant address"}, {"boundingPoly": {"vertices": [{"x": 95.0, "y": 170.0}, {"x": 213.0, "y": 170.0}, {"x": 213.0, "y": 190.0}, {"x": 95.0, "y": 190.0}]}, "description": " DATE/TIME:17/11/19"}, {"boundingPoly": {"vertices": [{"x": 97.0, "y": 193.0}, {"x": 190.0, "y": 193.0}, {"x": 190.0, "y": 211.0}, {"x": 97.0, "y": 211.0}]}, "description": " TID:72564182"}, {"boundingPoly": {"vertices": [{"x": 134.0, "y": 210.0}, {"x": 237.0, "y": 210.0}, {"x": 237.0, "y": 231.0}, {"x": 134.0, "y": 231.0}]}, "description": " : 4311.00.01.2"}, {"boundingPoly": {"vertices": [{"x": 322.0, "y": 91.0}, {"x": 335.0, "y": 91.0}, {"x": 335.0, "y": 102.0}, {"x": 322.0, "y": 102.0}]}, "description": "-5"}, {"boundingPoly": {"vertices": [{"x": 140.0, "y": 145.0}, {"x": 267.0, "y": 136.0}, {"x": 267.0, "y": 146.0}, {"x": 141.0, "y": 156.0}]}, "description": "merchant address"}, {"boundingPoly": {"vertices": [{"x": 255.0, "y": 163.0}, {"x": 306.0, "y": 163.0}, {"x": 306.0, "y": 177.0}, {"x": 255.0, "y": 177.0}]}, "description": " 17:43:45"}, {"boundingPoly": {"vertices": [{"x": 255.0, "y": 183.0}, {"x": 310.0, "y": 183.0}, {"x": 310.0, "y": 198.0}, {"x": 255.0, "y": 198.0}]}, "description": " : 008413"}, {"boundingPoly": {"vertices": [{"x": 96.0, "y": 181.0}, {"x": 204.0, "y": 181.0}, {"x": 204.0, "y": 200.0}, {"x": 96.0, "y": 200.0}]}, "description": " MID:9801088220"}, {"boundingPoly": {"vertices": [{"x": 144.0, "y": 203.0}, {"x": 191.0, "y": 203.0}, {"x": 191.0, "y": 218.0}, {"x": 144.0, "y": 218.0}]}, "description": " 000320"}, {"boundingPoly": {"vertices": [{"x": 176.0, "y": 223.0}, {"x": 224.0, "y": 223.0}, {"x": 224.0, "y": 237.0}, {"x": 176.0, "y": 237.0}]}, "description": " 830188"}, {"boundingPoly": {"vertices": [{"x": 232.0, "y": 187.0}, {"x": 253.0, "y": 187.0}, {"x": 253.0, "y": 200.0}, {"x": 232.0, "y": 200.0}]}, "description": " INV"}, {"boundingPoly": {"vertices": [{"x": 220.0, "y": 198.0}, {"x": 255.0, "y": 198.0}, {"x": 255.0, "y": 212.0}, {"x": 220.0, "y": 212.0}]}, "description": " TRACE"}, {"boundingPoly": {"vertices": [{"x": 257.0, "y": 194.0}, {"x": 312.0, "y": 194.0}, {"x": 312.0, "y": 209.0}, {"x": 257.0, "y": 209.0}]}, "description": " : 014940"}, {"boundingPoly": {"vertices": [{"x": 344.0, "y": 190.0}, {"x": 355.0, "y": 191.0}, {"x": 354.0, "y": 205.0}, {"x": 343.0, "y": 204.0}]}, "description": "2"}, {"boundingPoly": {"vertices": [{"x": 96.0, "y": 207.0}, {"x": 142.0, "y": 207.0}, {"x": 142.0, "y": 221.0}, {"x": 96.0, "y": 221.0}]}, "description": " BATCH:"}, {"boundingPoly": {"vertices": [{"x": 98.0, "y": 226.0}, {"x": 175.0, "y": 226.0}, {"x": 175.0, "y": 242.0}, {"x": 98.0, "y": 242.0}]}, "description": " APPR CODE:"}, {"boundingPoly": {"vertices": [{"x": 99.0, "y": 255.0}, {"x": 133.0, "y": 253.0}, {"x": 134.0, "y": 262.0}, {"x": 99.0, "y": 265.0}]}, "description": "AMEX"}, {"boundingPoly": {"vertices": [{"x": 120.0, "y": 270.0}, {"x": 173.0, "y": 270.0}, {"x": 173.0, "y": 281.0}, {"x": 120.0, "y": 281.0}]}, "description": " : EXPRESS"}, {"boundingPoly": {"vertices": [{"x": 97.0, "y": 220.0}, {"x": 129.0, "y": 218.0}, {"x": 130.0, "y": 229.0}, {"x": 97.0, "y": 231.0}]}, "description": "S/W"}, {"boundingPoly": {"vertices": [{"x": 133.0, "y": 238.0}, {"x": 278.0, "y": 228.0}, {"x": 279.0, "y": 242.0}, {"x": 133.0, "y": 253.0}]}, "description": "CONTACTLESS SALE"}, {"boundingPoly": {"vertices": [{"x": 170.0, "y": 259.0}, {"x": 215.0, "y": 258.0}, {"x": 215.0, "y": 268.0}, {"x": 170.0, "y": 269.0}]}, "description": "** 1002"}, {"boundingPoly": {"vertices": [{"x": 99.0, "y": 273.0}, {"x": 118.0, "y": 273.0}, {"x": 118.0, "y": 282.0}, {"x": 99.0, "y": 282.0}]}, "description": " ENT"}, {"boundingPoly": {"vertices": [{"x": 98.0, "y": 273.0}, {"x": 232.0, "y": 273.0}, {"x": 232.0, "y": 291.0}, {"x": 98.0, "y": 291.0}]}, "description": " REF NUM:926354762526"}, {"boundingPoly": {"vertices": [{"x": 190.0, "y": 292.0}, {"x": 211.0, "y": 292.0}, {"x": 210.0, "y": 305.0}, {"x": 190.0, "y": 305.0}]}, "description": "S$"}, {"boundingPoly": {"vertices": [{"x": 189.0, "y": 312.0}, {"x": 210.0, "y": 313.0}, {"x": 210.0, "y": 329.0}, {"x": 190.0, "y": 328.0}]}, "description": "S$"}, {"boundingPoly": {"vertices": [{"x": 194.0, "y": 343.0}, {"x": 215.0, "y": 341.0}, {"x": 217.0, "y": 357.0}, {"x": 195.0, "y": 359.0}]}, "description": "S$"}, {"boundingPoly": {"vertices": [{"x": 114.0, "y": 380.0}, {"x": 319.0, "y": 359.0}, {"x": 320.0, "y": 371.0}, {"x": 115.0, "y": 393.0}]}, "description": "ACCORDING TO THE CARD ISSUER AGREEMENT."}, {"boundingPoly": {"vertices": [{"x": 159.0, "y": 416.0}, {"x": 291.0, "y": 400.0}, {"x": 292.0, "y": 411.0}, {"x": 160.0, "y": 426.0}]}, "description": "** CUSTOMER COPY ****"}, {"boundingPoly": {"vertices": [{"x": 97.0, "y": 296.0}, {"x": 138.0, "y": 294.0}, {"x": 139.0, "y": 308.0}, {"x": 98.0, "y": 310.0}]}, "description": "BASE"}, {"boundingPoly": {"vertices": [{"x": 99.0, "y": 319.0}, {"x": 128.0, "y": 317.0}, {"x": 128.0, "y": 334.0}, {"x": 100.0, "y": 336.0}]}, "description": "TIP"}, {"boundingPoly": {"vertices": [{"x": 103.0, "y": 350.0}, {"x": 151.0, "y": 347.0}, {"x": 152.0, "y": 364.0}, {"x": 105.0, "y": 367.0}]}, "description": "TOTAL"}, {"boundingPoly": {"vertices": [{"x": 116.0, "y": 368.0}, {"x": 125.0, "y": 368.0}, {"x": 125.0, "y": 380.0}, {"x": 116.0, "y": 380.0}]}, "description": " I"}, {"boundingPoly": {"vertices": [{"x": 271.0, "y": 286.0}, {"x": 314.0, "y": 284.0}, {"x": 315.0, "y": 297.0}, {"x": 271.0, "y": 300.0}]}, "description": "91.55"}, {"boundingPoly": {"vertices": [{"x": 126.0, "y": 348.0}, {"x": 316.0, "y": 348.0}, {"x": 316.0, "y": 379.0}, {"x": 126.0, "y": 379.0}]}, "description": " AGREE TO PAY THE ABOVE TOTAL AMOUNT"}, {"boundingPoly": {"vertices": [{"x": 134.0, "y": 429.0}, {"x": 305.0, "y": 410.0}, {"x": 306.0, "y": 419.0}, {"x": 135.0, "y": 439.0}]}, "description": "THANK YOU HAVE A NICE DAY"}, {"boundingPoly": {"vertices": [{"x": 194.0, "y": 462.0}, {"x": 237.0, "y": 462.0}, {"x": 237.0, "y": 474.0}, {"x": 194.0, "y": 474.0}]}, "description": "CAFE"}, {"boundingPoly": {"vertices": [{"x": 100.0, "y": 474.0}, {"x": 330.0, "y": 474.0}, {"x": 330.0, "y": 486.0}, {"x": 100.0, "y": 485.0}]}, "description": "!*!*!*!*!***** / *****!*!* /*/*/ ***"}, {"boundingPoly": {"vertices": [{"x": 112.0, "y": 486.0}, {"x": 213.0, "y": 486.0}, {"x": 213.0, "y": 500.0}, {"x": 112.0, "y": 500.0}]}, "description": " Purchase Code:"}, {"boundingPoly": {"vertices": [{"x": 126.0, "y": 498.0}, {"x": 308.0, "y": 504.0}, {"x": 307.0, "y": 520.0}, {"x": 126.0, "y": 514.0}]}, "description": "Being a Rock Star has its"}, {"boundingPoly": {"vertices": [{"x": 144.0, "y": 533.0}, {"x": 276.0, "y": 538.0}, {"x": 276.0, "y": 554.0}, {"x": 144.0, "y": 549.0}]}, "description": "Hard Rock Rewards."}, {"boundingPoly": {"vertices": [{"x": 173.0, "y": 552.0}, {"x": 246.0, "y": 554.0}, {"x": 246.0, "y": 571.0}, {"x": 173.0, "y": 569.0}]}, "description": "It's Free!"}, {"boundingPoly": {"vertices": [{"x": 131.0, "y": 570.0}, {"x": 275.0, "y": 574.0}, {"x": 274.0, "y": 590.0}, {"x": 131.0, "y": 585.0}]}, "description": "hardrockrewards.com"}, {"boundingPoly": {"vertices": [{"x": 215.0, "y": 486.0}, {"x": 323.0, "y": 486.0}, {"x": 323.0, "y": 503.0}, {"x": 215.0, "y": 503.0}]}, "description": " 005682BE8F990E6"}, {"boundingPoly": {"vertices": [{"x": 117.0, "y": 514.0}, {"x": 312.0, "y": 521.0}, {"x": 311.0, "y": 537.0}, {"x": 117.0, "y": 531.0}]}, "description": "Privileges! Sign up now for"}, {"boundingPoly": {"vertices": [{"x": 94.0, "y": 587.0}, {"x": 316.0, "y": 593.0}, {"x": 315.0, "y": 609.0}, {"x": 94.0, "y": 603.0}]}, "description": "Use the above purchase code to"}, {"boundingPoly": {"vertices": [{"x": 144.0, "y": 607.0}, {"x": 272.0, "y": 610.0}, {"x": 272.0, "y": 626.0}, {"x": 144.0, "y": 624.0}]}, "description": "track your visit."}, {"boundingPoly": {"vertices": [{"x": 86.0, "y": 625.0}, {"x": 320.0, "y": 629.0}, {"x": 320.0, "y": 644.0}, {"x": 85.0, "y": 639.0}]}, "description": "!*!*!*!*!* [ *!*.***!*!*!*!*!*!*!*"}, {"boundingPoly": {"vertices": [{"x": 83.0, "y": 646.0}, {"x": 196.0, "y": 646.0}, {"x": 196.0, "y": 660.0}, {"x": 83.0, "y": 660.0}]}, "description": " +=+=+=+=+=4=+=+:"}, {"boundingPoly": {"vertices": [{"x": 177.0, "y": 668.0}, {"x": 216.0, "y": 670.0}, {"x": 216.0, "y": 683.0}, {"x": 176.0, "y": 681.0}]}, "description": "CAFE"}, {"boundingPoly": {"vertices": [{"x": 75.0, "y": 692.0}, {"x": 308.0, "y": 700.0}, {"x": 308.0, "y": 715.0}, {"x": 75.0, "y": 706.0}]}, "description": "SURVEY AND GET A FREE APPETIZER"}, {"boundingPoly": {"vertices": [{"x": 75.0, "y": 725.0}, {"x": 301.0, "y": 733.0}, {"x": 300.0, "y": 748.0}, {"x": 75.0, "y": 740.0}]}, "description": "JUMBO COMBO AND SLIDERS). USE"}, {"boundingPoly": {"vertices": [{"x": 95.0, "y": 761.0}, {"x": 270.0, "y": 766.0}, {"x": 269.0, "y": 782.0}, {"x": 95.0, "y": 777.0}]}, "description": "WITHIN NEXT 14 DAYS AT"}, {"boundingPoly": {"vertices": [{"x": 94.0, "y": 780.0}, {"x": 271.0, "y": 783.0}, {"x": 270.0, "y": 800.0}, {"x": 93.0, "y": 796.0}]}, "description": "WWW.HARDROCKSURVEY.COM"}, {"boundingPoly": {"vertices": [{"x": 58.0, "y": 800.0}, {"x": 316.0, "y": 805.0}, {"x": 315.0, "y": 818.0}, {"x": 57.0, "y": 813.0}]}, "description": "+=+=+=+=+=+=+=+=+=+=+=+=+=+=+=+="}, {"boundingPoly": {"vertices": [{"x": 203.0, "y": 646.0}, {"x": 319.0, "y": 649.0}, {"x": 318.0, "y": 663.0}, {"x": 203.0, "y": 659.0}]}, "description": "+=+=+ == +=+=+=+="}, {"boundingPoly": {"vertices": [{"x": 78.0, "y": 677.0}, {"x": 309.0, "y": 684.0}, {"x": 308.0, "y": 698.0}, {"x": 77.0, "y": 691.0}]}, "description": "COMPLETE OUR GUEST SATISFACTION"}, {"boundingPoly": {"vertices": [{"x": 86.0, "y": 708.0}, {"x": 294.0, "y": 715.0}, {"x": 293.0, "y": 731.0}, {"x": 86.0, "y": 723.0}]}, "description": "ON NEXT PURCHASE (EXCLUDING"}, {"boundingPoly": {"vertices": [{"x": 66.0, "y": 742.0}, {"x": 301.0, "y": 749.0}, {"x": 300.0, "y": 765.0}, {"x": 66.0, "y": 758.0}]}, "description": "PURCHASE CODE ABOVE FOR SURVEY"}, {"boundingPoly": {"vertices": [{"x": 94.0, "y": 841.0}, {"x": 265.0, "y": 843.0}, {"x": 264.0, "y": 887.0}, {"x": 94.0, "y": 880.0}]}, "description": "Hard Rock"}, {"boundingPoly": {"vertices": [{"x": 161.0, "y": 881.0}, {"x": 208.0, "y": 884.0}, {"x": 207.0, "y": 895.0}, {"x": 160.0, "y": 892.0}]}, "description": "CAFE"}]}