{"textAnnotations": [{"boundingPoly": {"vertices": [{"x": 223.0, "y": 14.0}, {"x": 359.0, "y": 8.0}, {"x": 361.0, "y": 58.0}, {"x": 226.0, "y": 68.0}]}, "description": "Boots"}, {"boundingPoly": {"vertices": [{"x": 187.0, "y": 74.0}, {"x": 424.0, "y": 79.0}, {"x": 423.0, "y": 101.0}, {"x": 187.0, "y": 96.0}]}, "description": "merchant name"}, {"boundingPoly": {"vertices": [{"x": 184.0, "y": 119.0}, {"x": 255.0, "y": 119.0}, {"x": 255.0, "y": 143.0}, {"x": 184.0, "y": 143.0}]}, "description": "merchant phone"}, {"boundingPoly": {"vertices": [{"x": 391.0, "y": 2.0}, {"x": 421.0, "y": 2.0}, {"x": 420.0, "y": 16.0}, {"x": 391.0, "y": 15.0}]}, "description": "www"}, {"boundingPoly": {"vertices": [{"x": 38.0, "y": 96.0}, {"x": 459.0, "y": 101.0}, {"x": 459.0, "y": 125.0}, {"x": 38.0, "y": 118.0}]}, "description": "merchant address"}, {"boundingPoly": {"vertices": [{"x": 36.0, "y": 140.0}, {"x": 172.0, "y": 142.0}, {"x": 172.0, "y": 164.0}, {"x": 36.0, "y": 162.0}]}, "description": "9/11/2019"}, {"boundingPoly": {"vertices": [{"x": 22.0, "y": 165.0}, {"x": 177.0, "y": 165.0}, {"x": 177.0, "y": 188.0}, {"x": 22.0, "y": 188.0}]}, "description": " Served by:"}, {"boundingPoly": {"vertices": [{"x": 463.0, "y": 96.0}, {"x": 502.0, "y": 96.0}, {"x": 501.0, "y": 113.0}, {"x": 463.0, "y": 113.0}]}, "description": "mTo."}, {"boundingPoly": {"vertices": [{"x": 494.0, "y": 103.0}, {"x": 555.0, "y": 103.0}, {"x": 555.0, "y": 125.0}, {"x": 494.0, "y": 125.0}]}, "description": "merchant address"}, {"boundingPoly": {"vertices": [{"x": 259.0, "y": 120.0}, {"x": 426.0, "y": 120.0}, {"x": 426.0, "y": 146.0}, {"x": 259.0, "y": 146.0}]}, "description": "merchant phone"}, {"boundingPoly": {"vertices": [{"x": 281.0, "y": 149.0}, {"x": 538.0, "y": 149.0}, {"x": 538.0, "y": 170.0}, {"x": 281.0, "y": 170.0}]}, "description": " AAT 08011 merlonidio)1,008a xo 9"}, {"boundingPoly": {"vertices": [{"x": 541.0, "y": 147.0}, {"x": 583.0, "y": 147.0}, {"x": 583.0, "y": 169.0}, {"x": 541.0, "y": 169.0}]}, "description": " : 36"}, {"boundingPoly": {"vertices": [{"x": 553.0, "y": 162.0}, {"x": 552.0, "y": 190.0}, {"x": 540.0, "y": 189.0}, {"x": 540.0, "y": 162.0}]}, "description": "-42"}, {"boundingPoly": {"vertices": [{"x": 20.0, "y": 206.0}, {"x": 558.0, "y": 211.0}, {"x": 558.0, "y": 235.0}, {"x": 20.0, "y": 231.0}]}, "description": "Bts Appl Cntlp Bry00"}, {"boundingPoly": {"vertices": [{"x": 529.0, "y": 236.0}, {"x": 557.0, "y": 236.0}, {"x": 557.0, "y": 256.0}, {"x": 529.0, "y": 256.0}]}, "description": " 20"}, {"boundingPoly": {"vertices": [{"x": 184.0, "y": 166.0}, {"x": 274.0, "y": 166.0}, {"x": 274.0, "y": 190.0}, {"x": 184.0, "y": 190.0}]}, "description": " Sharan"}, {"boundingPoly": {"vertices": [{"x": 20.0, "y": 230.0}, {"x": 220.0, "y": 230.0}, {"x": 220.0, "y": 254.0}, {"x": 20.0, "y": 254.0}]}, "description": " Glc Smrt Wtr 850"}, {"boundingPoly": {"vertices": [{"x": 19.0, "y": 253.0}, {"x": 556.0, "y": 256.0}, {"x": 556.0, "y": 278.0}, {"x": 19.0, "y": 275.0}]}, "description": "Glc Smrt Wtr 8500"}, {"boundingPoly": {"vertices": [{"x": 20.0, "y": 277.0}, {"x": 220.0, "y": 277.0}, {"x": 220.0, "y": 300.0}, {"x": 20.0, "y": 300.0}]}, "description": " Glc Smrt Wtr 850"}, {"boundingPoly": {"vertices": [{"x": 539.0, "y": 280.0}, {"x": 555.0, "y": 280.0}, {"x": 555.0, "y": 301.0}, {"x": 539.0, "y": 301.0}]}, "description": " 0"}, {"boundingPoly": {"vertices": [{"x": 50.0, "y": 323.0}, {"x": 236.0, "y": 323.0}, {"x": 236.0, "y": 347.0}, {"x": 50.0, "y": 347.0}]}, "description": " TOTAL TO PAY"}, {"boundingPoly": {"vertices": [{"x": 48.0, "y": 345.0}, {"x": 243.0, "y": 346.0}, {"x": 243.0, "y": 367.0}, {"x": 48.0, "y": 366.0}]}, "description": "CARD SALES"}, {"boundingPoly": {"vertices": [{"x": 489.0, "y": 324.0}, {"x": 550.0, "y": 324.0}, {"x": 550.0, "y": 346.0}, {"x": 489.0, "y": 346.0}]}, "description": " 5.60"}, {"boundingPoly": {"vertices": [{"x": 519.0, "y": 348.0}, {"x": 550.0, "y": 348.0}, {"x": 550.0, "y": 370.0}, {"x": 519.0, "y": 370.0}]}, "description": " 60"}, {"boundingPoly": {"vertices": [{"x": 417.0, "y": 372.0}, {"x": 553.0, "y": 373.0}, {"x": 553.0, "y": 389.0}, {"x": 417.0, "y": 388.0}]}, "description": "stibbe baietalpeAl"}, {"boundingPoly": {"vertices": [{"x": 128.0, "y": 387.0}, {"x": 458.0, "y": 389.0}, {"x": 457.0, "y": 410.0}, {"x": 128.0, "y": 409.0}]}, "description": "ADVANTAGE CARD STATEMENT"}, {"boundingPoly": {"vertices": [{"x": 42.0, "y": 409.0}, {"x": 521.0, "y": 410.0}, {"x": 521.0, "y": 432.0}, {"x": 42.0, "y": 430.0}]}, "description": "PICK UP YOUR INSTANT ADVANTAGE CARD"}, {"boundingPoly": {"vertices": [{"x": 44.0, "y": 432.0}, {"x": 519.0, "y": 431.0}, {"x": 520.0, "y": 452.0}, {"x": 44.0, "y": 453.0}]}, "description": "YOU COULD HAVE EARNED 20p IN POINTS"}, {"boundingPoly": {"vertices": [{"x": 343.0, "y": 350.0}, {"x": 445.0, "y": 350.0}, {"x": 445.0, "y": 368.0}, {"x": 343.0, "y": 368.0}]}, "description": " io noltermothi"}, {"boundingPoly": {"vertices": [{"x": 448.0, "y": 349.0}, {"x": 487.0, "y": 349.0}, {"x": 487.0, "y": 369.0}, {"x": 448.0, "y": 369.0}]}, "description": " bnc\u00a3"}, {"boundingPoly": {"vertices": [{"x": 490.0, "y": 349.0}, {"x": 504.0, "y": 349.0}, {"x": 504.0, "y": 369.0}, {"x": 490.0, "y": 369.0}]}, "description": " 5"}, {"boundingPoly": {"vertices": [{"x": 507.0, "y": 349.0}, {"x": 516.0, "y": 349.0}, {"x": 516.0, "y": 369.0}, {"x": 507.0, "y": 369.0}]}, "description": " ."}, {"boundingPoly": {"vertices": [{"x": 16.0, "y": 490.0}, {"x": 567.0, "y": 487.0}, {"x": 568.0, "y": 506.0}, {"x": 16.0, "y": 511.0}]}, "description": "******* FLIGHT NUMBER BA 0285 ********"}, {"boundingPoly": {"vertices": [{"x": 354.0, "y": 528.0}, {"x": 407.0, "y": 528.0}, {"x": 407.0, "y": 556.0}, {"x": 354.0, "y": 556.0}]}, "description": " AUTH"}, {"boundingPoly": {"vertices": [{"x": 353.0, "y": 573.0}, {"x": 423.0, "y": 573.0}, {"x": 423.0, "y": 601.0}, {"x": 353.0, "y": 601.0}]}, "description": " REF:"}, {"boundingPoly": {"vertices": [{"x": 16.0, "y": 537.0}, {"x": 253.0, "y": 533.0}, {"x": 253.0, "y": 554.0}, {"x": 16.0, "y": 558.0}]}, "description": "AMERICAN EXPRESS"}, {"boundingPoly": {"vertices": [{"x": 412.0, "y": 528.0}, {"x": 454.0, "y": 528.0}, {"x": 454.0, "y": 555.0}, {"x": 412.0, "y": 555.0}]}, "description": " : 75"}, {"boundingPoly": {"vertices": [{"x": 427.0, "y": 571.0}, {"x": 505.0, "y": 571.0}, {"x": 505.0, "y": 601.0}, {"x": 427.0, "y": 601.0}]}, "description": " 1 /00"}, {"boundingPoly": {"vertices": [{"x": 15.0, "y": 560.0}, {"x": 295.0, "y": 555.0}, {"x": 296.0, "y": 576.0}, {"x": 16.0, "y": 580.0}]}, "description": "*********** 1000 ICC"}, {"boundingPoly": {"vertices": [{"x": 60.0, "y": 579.0}, {"x": 225.0, "y": 579.0}, {"x": 225.0, "y": 603.0}, {"x": 60.0, "y": 603.0}]}, "description": " : ***** 01893"}, {"boundingPoly": {"vertices": [{"x": 16.0, "y": 583.0}, {"x": 56.0, "y": 583.0}, {"x": 56.0, "y": 604.0}, {"x": 16.0, "y": 604.0}]}, "description": " MID"}, {"boundingPoly": {"vertices": [{"x": 15.0, "y": 605.0}, {"x": 56.0, "y": 605.0}, {"x": 56.0, "y": 627.0}, {"x": 15.0, "y": 627.0}]}, "description": " AID"}, {"boundingPoly": {"vertices": [{"x": 59.0, "y": 600.0}, {"x": 309.0, "y": 600.0}, {"x": 309.0, "y": 626.0}, {"x": 59.0, "y": 626.0}]}, "description": " : A000000025010801"}, {"boundingPoly": {"vertices": [{"x": 15.0, "y": 648.0}, {"x": 455.0, "y": 645.0}, {"x": 456.0, "y": 667.0}, {"x": 15.0, "y": 671.0}]}, "description": "PIN WAS SUCCESSFULLY VERIFIED."}, {"boundingPoly": {"vertices": [{"x": 16.0, "y": 669.0}, {"x": 362.0, "y": 669.0}, {"x": 362.0, "y": 694.0}, {"x": 16.0, "y": 694.0}]}, "description": " YOU WILL BE DEBITED BY:"}, {"boundingPoly": {"vertices": [{"x": 472.0, "y": 667.0}, {"x": 547.0, "y": 665.0}, {"x": 547.0, "y": 686.0}, {"x": 472.0, "y": 687.0}]}, "description": "\u00a35.60"}, {"boundingPoly": {"vertices": [{"x": 17.0, "y": 693.0}, {"x": 532.0, "y": 689.0}, {"x": 532.0, "y": 711.0}, {"x": 17.0, "y": 716.0}]}, "description": "PLEASE RETAIN THIS FOR YOUR RECORDS"}, {"boundingPoly": {"vertices": [{"x": 395.0, "y": 728.0}, {"x": 524.0, "y": 726.0}, {"x": 525.0, "y": 755.0}, {"x": 395.0, "y": 757.0}]}, "description": "Jmiog"}, {"boundingPoly": {"vertices": [{"x": 47.0, "y": 738.0}, {"x": 344.0, "y": 733.0}, {"x": 344.0, "y": 753.0}, {"x": 47.0, "y": 760.0}]}, "description": "2 2167 1145 133"}]}