{"textAnnotations": [{"boundingPoly": {"vertices": [{"x": 170.0, "y": 191.0}, {"x": 763.0, "y": 171.0}, {"x": 764.0, "y": 241.0}, {"x": 172.0, "y": 264.0}]}, "description": "merchant name"}, {"boundingPoly": {"vertices": [{"x": 299.0, "y": 289.0}, {"x": 365.0, "y": 290.0}, {"x": 364.0, "y": 304.0}, {"x": 299.0, "y": 303.0}]}, "description": "----"}, {"boundingPoly": {"vertices": [{"x": 160.0, "y": 290.0}, {"x": 226.0, "y": 290.0}, {"x": 226.0, "y": 303.0}, {"x": 160.0, "y": 304.0}]}, "description": "---"}, {"boundingPoly": {"vertices": [{"x": 127.0, "y": 378.0}, {"x": 244.0, "y": 379.0}, {"x": 244.0, "y": 416.0}, {"x": 127.0, "y": 417.0}]}, "description": "merchant name"}, {"boundingPoly": {"vertices": [{"x": 126.0, "y": 427.0}, {"x": 300.0, "y": 427.0}, {"x": 300.0, "y": 470.0}, {"x": 126.0, "y": 470.0}]}, "description": " GST NO:"}, {"boundingPoly": {"vertices": [{"x": 308.0, "y": 428.0}, {"x": 653.0, "y": 428.0}, {"x": 653.0, "y": 473.0}, {"x": 308.0, "y": 473.0}]}, "description": " 06AABCD5534A1Z9"}, {"boundingPoly": {"vertices": [{"x": 332.0, "y": 477.0}, {"x": 413.0, "y": 477.0}, {"x": 413.0, "y": 529.0}, {"x": 332.0, "y": 529.0}]}, "description": " KOT"}, {"boundingPoly": {"vertices": [{"x": 423.0, "y": 477.0}, {"x": 460.0, "y": 477.0}, {"x": 460.0, "y": 529.0}, {"x": 423.0, "y": 529.0}]}, "description": " -"}, {"boundingPoly": {"vertices": [{"x": 470.0, "y": 477.0}, {"x": 544.0, "y": 477.0}, {"x": 544.0, "y": 529.0}, {"x": 470.0, "y": 529.0}]}, "description": " 207"}, {"boundingPoly": {"vertices": [{"x": 129.0, "y": 603.0}, {"x": 153.0, "y": 603.0}, {"x": 152.0, "y": 616.0}, {"x": 129.0, "y": 616.0}]}, "description": "-"}, {"boundingPoly": {"vertices": [{"x": 124.0, "y": 646.0}, {"x": 304.0, "y": 646.0}, {"x": 304.0, "y": 698.0}, {"x": 124.0, "y": 697.0}]}, "description": "Invoice"}, {"boundingPoly": {"vertices": [{"x": 126.0, "y": 706.0}, {"x": 253.0, "y": 706.0}, {"x": 253.0, "y": 755.0}, {"x": 126.0, "y": 755.0}]}, "description": " Name:"}, {"boundingPoly": {"vertices": [{"x": 126.0, "y": 762.0}, {"x": 398.0, "y": 762.0}, {"x": 398.0, "y": 815.0}, {"x": 126.0, "y": 815.0}]}, "description": " Order Time:"}, {"boundingPoly": {"vertices": [{"x": 127.0, "y": 821.0}, {"x": 419.0, "y": 821.0}, {"x": 419.0, "y": 874.0}, {"x": 127.0, "y": 874.0}]}, "description": " OrderStatus:"}, {"boundingPoly": {"vertices": [{"x": 130.0, "y": 894.0}, {"x": 528.0, "y": 895.0}, {"x": 528.0, "y": 945.0}, {"x": 130.0, "y": 943.0}]}, "description": "Americano Regular"}, {"boundingPoly": {"vertices": [{"x": 330.0, "y": 646.0}, {"x": 618.0, "y": 649.0}, {"x": 618.0, "y": 700.0}, {"x": 330.0, "y": 697.0}]}, "description": "#COSAAQ44870"}, {"boundingPoly": {"vertices": [{"x": 408.0, "y": 763.0}, {"x": 775.0, "y": 763.0}, {"x": 775.0, "y": 816.0}, {"x": 408.0, "y": 816.0}]}, "description": " 19:27 13-11-2019"}, {"boundingPoly": {"vertices": [{"x": 429.0, "y": 821.0}, {"x": 643.0, "y": 821.0}, {"x": 643.0, "y": 874.0}, {"x": 429.0, "y": 874.0}]}, "description": " delivered"}, {"boundingPoly": {"vertices": [{"x": 640.0, "y": 894.0}, {"x": 673.0, "y": 894.0}, {"x": 673.0, "y": 940.0}, {"x": 640.0, "y": 940.0}]}, "description": " 1"}, {"boundingPoly": {"vertices": [{"x": 682.0, "y": 892.0}, {"x": 841.0, "y": 892.0}, {"x": 841.0, "y": 940.0}, {"x": 682.0, "y": 940.0}]}, "description": " \u00d7 60. 00"}, {"boundingPoly": {"vertices": [{"x": 130.0, "y": 1011.0}, {"x": 371.0, "y": 1010.0}, {"x": 371.0, "y": 1060.0}, {"x": 130.0, "y": 1061.0}]}, "description": "Tea Masala"}, {"boundingPoly": {"vertices": [{"x": 640.0, "y": 1007.0}, {"x": 674.0, "y": 1007.0}, {"x": 674.0, "y": 1054.0}, {"x": 640.0, "y": 1054.0}]}, "description": " 1"}, {"boundingPoly": {"vertices": [{"x": 682.0, "y": 1005.0}, {"x": 847.0, "y": 1005.0}, {"x": 847.0, "y": 1054.0}, {"x": 682.0, "y": 1054.0}]}, "description": " \u00d7 44. 76"}, {"boundingPoly": {"vertices": [{"x": 135.0, "y": 1331.0}, {"x": 510.0, "y": 1314.0}, {"x": 512.0, "y": 1364.0}, {"x": 135.0, "y": 1382.0}]}, "description": "Cappuccino Small"}, {"boundingPoly": {"vertices": [{"x": 642.0, "y": 1307.0}, {"x": 853.0, "y": 1302.0}, {"x": 854.0, "y": 1353.0}, {"x": 642.0, "y": 1359.0}]}, "description": "2 \u00d7 55.24"}, {"boundingPoly": {"vertices": [{"x": 351.0, "y": 1510.0}, {"x": 791.0, "y": 1493.0}, {"x": 792.0, "y": 1542.0}, {"x": 353.0, "y": 1559.0}]}, "description": "CGST @ 2.50% = 5.38"}, {"boundingPoly": {"vertices": [{"x": 354.0, "y": 1703.0}, {"x": 797.0, "y": 1677.0}, {"x": 799.0, "y": 1730.0}, {"x": 357.0, "y": 1758.0}]}, "description": "SGST @ 2.50% = 5.38"}, {"boundingPoly": {"vertices": [{"x": 561.0, "y": 1783.0}, {"x": 735.0, "y": 1783.0}, {"x": 735.0, "y": 1850.0}, {"x": 561.0, "y": 1850.0}]}, "description": " = 226. 0"}, {"boundingPoly": {"vertices": [{"x": 285.0, "y": 1900.0}, {"x": 742.0, "y": 1900.0}, {"x": 742.0, "y": 1998.0}, {"x": 285.0, "y": 1998.0}]}, "description": " -19:28:45 13-11-2019"}, {"boundingPoly": {"vertices": [{"x": 549.0, "y": 2029.0}, {"x": 601.0, "y": 2030.0}, {"x": 600.0, "y": 2050.0}, {"x": 547.0, "y": 2048.0}]}, "description": "57"}, {"boundingPoly": {"vertices": [{"x": 431.0, "y": 1797.0}, {"x": 555.0, "y": 1797.0}, {"x": 555.0, "y": 1861.0}, {"x": 431.0, "y": 1861.0}]}, "description": " Total"}]}