{"textAnnotations": [{"boundingPoly": {"vertices": [{"x": 613.0, "y": 144.0}, {"x": 1029.0, "y": 137.0}, {"x": 1030.0, "y": 173.0}, {"x": 613.0, "y": 181.0}]}, "description": "merchant name"}, {"boundingPoly": {"vertices": [{"x": 599.0, "y": 189.0}, {"x": 1029.0, "y": 182.0}, {"x": 1030.0, "y": 219.0}, {"x": 599.0, "y": 227.0}]}, "description": "merchant address"}, {"boundingPoly": {"vertices": [{"x": 871.0, "y": 226.0}, {"x": 982.0, "y": 226.0}, {"x": 982.0, "y": 269.0}, {"x": 871.0, "y": 269.0}]}, "description": "merchant address"}, {"boundingPoly": {"vertices": [{"x": 750.0, "y": 273.0}, {"x": 1001.0, "y": 273.0}, {"x": 1001.0, "y": 317.0}, {"x": 750.0, "y": 317.0}]}, "description": "merchant phone"}, {"boundingPoly": {"vertices": [{"x": 649.0, "y": 231.0}, {"x": 854.0, "y": 231.0}, {"x": 854.0, "y": 272.0}, {"x": 649.0, "y": 272.0}]}, "description": "merchant address"}, {"boundingPoly": {"vertices": [{"x": 628.0, "y": 278.0}, {"x": 743.0, "y": 278.0}, {"x": 743.0, "y": 317.0}, {"x": 628.0, "y": 317.0}]}, "description": " PHONE:"}, {"boundingPoly": {"vertices": [{"x": 467.0, "y": 373.0}, {"x": 586.0, "y": 373.0}, {"x": 586.0, "y": 414.0}, {"x": 467.0, "y": 414.0}]}, "description": " ORDER:"}, {"boundingPoly": {"vertices": [{"x": 470.0, "y": 423.0}, {"x": 1176.0, "y": 413.0}, {"x": 1177.0, "y": 443.0}, {"x": 470.0, "y": 455.0}]}, "description": "****************************************"}, {"boundingPoly": {"vertices": [{"x": 752.0, "y": 466.0}, {"x": 898.0, "y": 462.0}, {"x": 899.0, "y": 498.0}, {"x": 752.0, "y": 501.0}]}, "description": "Purchase"}, {"boundingPoly": {"vertices": [{"x": 592.0, "y": 367.0}, {"x": 840.0, "y": 367.0}, {"x": 840.0, "y": 412.0}, {"x": 592.0, "y": 412.0}]}, "description": " 7447 Table D4"}, {"boundingPoly": {"vertices": [{"x": 470.0, "y": 519.0}, {"x": 555.0, "y": 519.0}, {"x": 555.0, "y": 559.0}, {"x": 470.0, "y": 559.0}]}, "description": " DATE:"}, {"boundingPoly": {"vertices": [{"x": 474.0, "y": 571.0}, {"x": 560.0, "y": 571.0}, {"x": 560.0, "y": 607.0}, {"x": 474.0, "y": 607.0}]}, "description": " TIME:"}, {"boundingPoly": {"vertices": [{"x": 480.0, "y": 621.0}, {"x": 530.0, "y": 619.0}, {"x": 530.0, "y": 653.0}, {"x": 480.0, "y": 655.0}]}, "description": "TID"}, {"boundingPoly": {"vertices": [{"x": 474.0, "y": 665.0}, {"x": 650.0, "y": 665.0}, {"x": 650.0, "y": 705.0}, {"x": 474.0, "y": 705.0}]}, "description": " CARD TYPE:"}, {"boundingPoly": {"vertices": [{"x": 472.0, "y": 717.0}, {"x": 616.0, "y": 717.0}, {"x": 616.0, "y": 756.0}, {"x": 472.0, "y": 756.0}]}, "description": " CARD NO:"}, {"boundingPoly": {"vertices": [{"x": 473.0, "y": 765.0}, {"x": 659.0, "y": 767.0}, {"x": 659.0, "y": 806.0}, {"x": 473.0, "y": 804.0}]}, "description": "ENTRY MODE"}, {"boundingPoly": {"vertices": [{"x": 471.0, "y": 817.0}, {"x": 527.0, "y": 816.0}, {"x": 527.0, "y": 850.0}, {"x": 472.0, "y": 851.0}]}, "description": "CVM"}, {"boundingPoly": {"vertices": [{"x": 1000.0, "y": 507.0}, {"x": 1181.0, "y": 504.0}, {"x": 1182.0, "y": 546.0}, {"x": 1000.0, "y": 549.0}]}, "description": "11/18/2019"}, {"boundingPoly": {"vertices": [{"x": 1054.0, "y": 556.0}, {"x": 1183.0, "y": 556.0}, {"x": 1183.0, "y": 596.0}, {"x": 1054.0, "y": 596.0}]}, "description": " 9:26 PM"}, {"boundingPoly": {"vertices": [{"x": 1034.0, "y": 608.0}, {"x": 1183.0, "y": 607.0}, {"x": 1183.0, "y": 645.0}, {"x": 1034.0, "y": 647.0}]}, "description": "75344772"}, {"boundingPoly": {"vertices": [{"x": 1108.0, "y": 661.0}, {"x": 1183.0, "y": 662.0}, {"x": 1182.0, "y": 693.0}, {"x": 1109.0, "y": 692.0}]}, "description": "Amex"}, {"boundingPoly": {"vertices": [{"x": 908.0, "y": 710.0}, {"x": 1182.0, "y": 707.0}, {"x": 1183.0, "y": 745.0}, {"x": 908.0, "y": 750.0}]}, "description": "XXXXXXXXXXX1006"}, {"boundingPoly": {"vertices": [{"x": 1110.0, "y": 760.0}, {"x": 1180.0, "y": 758.0}, {"x": 1179.0, "y": 794.0}, {"x": 1112.0, "y": 794.0}]}, "description": "CHIP"}, {"boundingPoly": {"vertices": [{"x": 1104.0, "y": 810.0}, {"x": 1180.0, "y": 809.0}, {"x": 1180.0, "y": 844.0}, {"x": 1105.0, "y": 844.0}]}, "description": "SIGN"}, {"boundingPoly": {"vertices": [{"x": 473.0, "y": 915.0}, {"x": 603.0, "y": 915.0}, {"x": 603.0, "y": 953.0}, {"x": 473.0, "y": 953.0}]}, "description": "INVOICE"}, {"boundingPoly": {"vertices": [{"x": 473.0, "y": 964.0}, {"x": 586.0, "y": 964.0}, {"x": 586.0, "y": 1003.0}, {"x": 473.0, "y": 1003.0}]}, "description": "SERVER"}, {"boundingPoly": {"vertices": [{"x": 468.0, "y": 1014.0}, {"x": 622.0, "y": 1014.0}, {"x": 622.0, "y": 1053.0}, {"x": 468.0, "y": 1053.0}]}, "description": "RESPONSE"}, {"boundingPoly": {"vertices": [{"x": 468.0, "y": 1064.0}, {"x": 636.0, "y": 1062.0}, {"x": 636.0, "y": 1104.0}, {"x": 468.0, "y": 1106.0}]}, "description": "AUTH CODE"}, {"boundingPoly": {"vertices": [{"x": 1001.0, "y": 910.0}, {"x": 1184.0, "y": 906.0}, {"x": 1185.0, "y": 943.0}, {"x": 1002.0, "y": 947.0}]}, "description": "0000007388"}, {"boundingPoly": {"vertices": [{"x": 1014.0, "y": 960.0}, {"x": 1182.0, "y": 956.0}, {"x": 1182.0, "y": 998.0}, {"x": 1014.0, "y": 1000.0}]}, "description": "Kamai (7)"}, {"boundingPoly": {"vertices": [{"x": 1036.0, "y": 1011.0}, {"x": 1184.0, "y": 1007.0}, {"x": 1185.0, "y": 1045.0}, {"x": 1038.0, "y": 1050.0}]}, "description": "APPROVED"}, {"boundingPoly": {"vertices": [{"x": 1074.0, "y": 1059.0}, {"x": 1184.0, "y": 1060.0}, {"x": 1184.0, "y": 1097.0}, {"x": 1074.0, "y": 1097.0}]}, "description": "866473"}, {"boundingPoly": {"vertices": [{"x": 720.0, "y": 1162.0}, {"x": 925.0, "y": 1159.0}, {"x": 925.0, "y": 1198.0}, {"x": 721.0, "y": 1203.0}]}, "description": "EMV DETAILS"}, {"boundingPoly": {"vertices": [{"x": 899.0, "y": 1210.0}, {"x": 1184.0, "y": 1207.0}, {"x": 1184.0, "y": 1247.0}, {"x": 899.0, "y": 1250.0}]}, "description": "A000000025010801"}, {"boundingPoly": {"vertices": [{"x": 1008.0, "y": 1259.0}, {"x": 1190.0, "y": 1259.0}, {"x": 1190.0, "y": 1296.0}, {"x": 1008.0, "y": 1296.0}]}, "description": "0000008000"}, {"boundingPoly": {"vertices": [{"x": 936.0, "y": 1310.0}, {"x": 1191.0, "y": 1308.0}, {"x": 1191.0, "y": 1348.0}, {"x": 936.0, "y": 1350.0}]}, "description": "066B0103A02002"}, {"boundingPoly": {"vertices": [{"x": 1118.0, "y": 1360.0}, {"x": 1194.0, "y": 1360.0}, {"x": 1194.0, "y": 1395.0}, {"x": 1119.0, "y": 1396.0}]}, "description": "E800"}, {"boundingPoly": {"vertices": [{"x": 1156.0, "y": 1413.0}, {"x": 1195.0, "y": 1413.0}, {"x": 1193.0, "y": 1448.0}, {"x": 1154.0, "y": 1448.0}]}, "description": "Z3"}, {"boundingPoly": {"vertices": [{"x": 1011.0, "y": 1460.0}, {"x": 1233.0, "y": 1460.0}, {"x": 1233.0, "y": 1507.0}, {"x": 1011.0, "y": 1507.0}]}, "description": "$22.45"}, {"boundingPoly": {"vertices": [{"x": 981.0, "y": 1534.0}, {"x": 1200.0, "y": 1526.0}, {"x": 1206.0, "y": 1611.0}, {"x": 984.0, "y": 1618.0}]}, "description": "$3.15"}, {"boundingPoly": {"vertices": [{"x": 990.0, "y": 1642.0}, {"x": 1276.0, "y": 1635.0}, {"x": 1280.0, "y": 1720.0}, {"x": 996.0, "y": 1737.0}]}, "description": "$25.60"}, {"boundingPoly": {"vertices": [{"x": 549.0, "y": 1781.0}, {"x": 1127.0, "y": 1781.0}, {"x": 1127.0, "y": 1835.0}, {"x": 549.0, "y": 1835.0}]}, "description": " AGREE TO PAY ABOVE TOTAL AMOUNT"}, {"boundingPoly": {"vertices": [{"x": 470.0, "y": 1219.0}, {"x": 523.0, "y": 1220.0}, {"x": 523.0, "y": 1256.0}, {"x": 471.0, "y": 1255.0}]}, "description": "AID"}, {"boundingPoly": {"vertices": [{"x": 470.0, "y": 1267.0}, {"x": 523.0, "y": 1267.0}, {"x": 524.0, "y": 1304.0}, {"x": 471.0, "y": 1305.0}]}, "description": "TVR"}, {"boundingPoly": {"vertices": [{"x": 471.0, "y": 1320.0}, {"x": 522.0, "y": 1322.0}, {"x": 523.0, "y": 1356.0}, {"x": 472.0, "y": 1354.0}]}, "description": "IAD"}, {"boundingPoly": {"vertices": [{"x": 471.0, "y": 1369.0}, {"x": 522.0, "y": 1369.0}, {"x": 523.0, "y": 1408.0}, {"x": 472.0, "y": 1408.0}]}, "description": "TSI"}, {"boundingPoly": {"vertices": [{"x": 465.0, "y": 1423.0}, {"x": 522.0, "y": 1424.0}, {"x": 524.0, "y": 1463.0}, {"x": 467.0, "y": 1462.0}]}, "description": "ARC"}, {"boundingPoly": {"vertices": [{"x": 464.0, "y": 1469.0}, {"x": 683.0, "y": 1469.0}, {"x": 683.0, "y": 1517.0}, {"x": 464.0, "y": 1517.0}]}, "description": " AMOUNT"}, {"boundingPoly": {"vertices": [{"x": 691.0, "y": 1468.0}, {"x": 718.0, "y": 1468.0}, {"x": 718.0, "y": 1516.0}, {"x": 691.0, "y": 1516.0}]}, "description": " :"}, {"boundingPoly": {"vertices": [{"x": 464.0, "y": 1579.0}, {"x": 761.0, "y": 1572.0}, {"x": 762.0, "y": 1617.0}, {"x": 464.0, "y": 1623.0}]}, "description": "GRATUITY"}, {"boundingPoly": {"vertices": [{"x": 468.0, "y": 1682.0}, {"x": 647.0, "y": 1682.0}, {"x": 647.0, "y": 1728.0}, {"x": 468.0, "y": 1728.0}]}, "description": " TOTAL"}, {"boundingPoly": {"vertices": [{"x": 655.0, "y": 1681.0}, {"x": 679.0, "y": 1681.0}, {"x": 679.0, "y": 1726.0}, {"x": 655.0, "y": 1726.0}]}, "description": " :"}, {"boundingPoly": {"vertices": [{"x": 516.0, "y": 1789.0}, {"x": 541.0, "y": 1789.0}, {"x": 541.0, "y": 1835.0}, {"x": 516.0, "y": 1835.0}]}, "description": " I"}, {"boundingPoly": {"vertices": [{"x": 500.0, "y": 1843.0}, {"x": 1167.0, "y": 1831.0}, {"x": 1168.0, "y": 1875.0}, {"x": 501.0, "y": 1886.0}]}, "description": "ACCORDING TO CARDISSUER AGREEMENT OR"}, {"boundingPoly": {"vertices": [{"x": 498.0, "y": 1896.0}, {"x": 1169.0, "y": 1885.0}, {"x": 1170.0, "y": 1929.0}, {"x": 498.0, "y": 1939.0}]}, "description": "MERCHANT AGREEMENT IF CREDIT VOUCHER"}, {"boundingPoly": {"vertices": [{"x": 570.0, "y": 2057.0}, {"x": 769.0, "y": 2057.0}, {"x": 769.0, "y": 2100.0}, {"x": 570.0, "y": 2100.0}]}, "description": " SIGNATURE:"}, {"boundingPoly": {"vertices": [{"x": 705.0, "y": 2110.0}, {"x": 952.0, "y": 2108.0}, {"x": 952.0, "y": 2151.0}, {"x": 706.0, "y": 2153.0}]}, "description": "CUSTOMER COPY"}, {"boundingPoly": {"vertices": [{"x": 461.0, "y": 2181.0}, {"x": 568.0, "y": 2180.0}, {"x": 568.0, "y": 2200.0}, {"x": 461.0, "y": 2201.0}]}, "description": "======"}]}