{"textAnnotations": [{"boundingPoly": {"vertices": [{"x": 650.0, "y": 27.0}, {"x": 1115.0, "y": 17.0}, {"x": 1116.0, "y": 54.0}, {"x": 650.0, "y": 65.0}]}, "description": "merchant name"}, {"boundingPoly": {"vertices": [{"x": 742.0, "y": 100.0}, {"x": 1018.0, "y": 93.0}, {"x": 1019.0, "y": 127.0}, {"x": 742.0, "y": 135.0}]}, "description": "General Manager"}, {"boundingPoly": {"vertices": [{"x": 666.0, "y": 176.0}, {"x": 1083.0, "y": 166.0}, {"x": 1084.0, "y": 203.0}, {"x": 666.0, "y": 214.0}]}, "description": "We Love Your Feedback!"}, {"boundingPoly": {"vertices": [{"x": 728.0, "y": 63.0}, {"x": 1033.0, "y": 55.0}, {"x": 1034.0, "y": 89.0}, {"x": 728.0, "y": 98.0}]}, "description": "Matthew Fraysier"}, {"boundingPoly": {"vertices": [{"x": 758.0, "y": 138.0}, {"x": 1002.0, "y": 131.0}, {"x": 1003.0, "y": 165.0}, {"x": 758.0, "y": 173.0}]}, "description": "merchant phone"}, {"boundingPoly": {"vertices": [{"x": 663.0, "y": 213.0}, {"x": 1097.0, "y": 205.0}, {"x": 1098.0, "y": 242.0}, {"x": 663.0, "y": 251.0}]}, "description": "Text @LTF11479 to 73940"}, {"boundingPoly": {"vertices": [{"x": 1208.0, "y": 281.0}, {"x": 1274.0, "y": 281.0}, {"x": 1273.0, "y": 317.0}, {"x": 1207.0, "y": 317.0}]}, "description": "USD"}, {"boundingPoly": {"vertices": [{"x": 1195.0, "y": 324.0}, {"x": 1272.0, "y": 320.0}, {"x": 1273.0, "y": 357.0}, {"x": 1193.0, "y": 359.0}]}, "description": "2.85"}, {"boundingPoly": {"vertices": [{"x": 491.0, "y": 335.0}, {"x": 580.0, "y": 335.0}, {"x": 580.0, "y": 374.0}, {"x": 491.0, "y": 374.0}]}, "description": " Soup"}, {"boundingPoly": {"vertices": [{"x": 586.0, "y": 335.0}, {"x": 620.0, "y": 335.0}, {"x": 620.0, "y": 374.0}, {"x": 586.0, "y": 374.0}]}, "description": " -"}, {"boundingPoly": {"vertices": [{"x": 626.0, "y": 334.0}, {"x": 706.0, "y": 334.0}, {"x": 706.0, "y": 374.0}, {"x": 626.0, "y": 374.0}]}, "description": " 12oz"}, {"boundingPoly": {"vertices": [{"x": 923.0, "y": 492.0}, {"x": 1101.0, "y": 491.0}, {"x": 1101.0, "y": 528.0}, {"x": 923.0, "y": 529.0}]}, "description": "Sub Total"}, {"boundingPoly": {"vertices": [{"x": 926.0, "y": 535.0}, {"x": 1123.0, "y": 533.0}, {"x": 1123.0, "y": 569.0}, {"x": 926.0, "y": 571.0}]}, "description": "Tax Amount"}, {"boundingPoly": {"vertices": [{"x": 1194.0, "y": 486.0}, {"x": 1279.0, "y": 486.0}, {"x": 1278.0, "y": 526.0}, {"x": 1192.0, "y": 525.0}]}, "description": "2.85"}, {"boundingPoly": {"vertices": [{"x": 1192.0, "y": 528.0}, {"x": 1280.0, "y": 528.0}, {"x": 1280.0, "y": 567.0}, {"x": 1193.0, "y": 566.0}]}, "description": "0.25"}, {"boundingPoly": {"vertices": [{"x": 448.0, "y": 664.0}, {"x": 807.0, "y": 662.0}, {"x": 808.0, "y": 736.0}, {"x": 448.0, "y": 738.0}]}, "description": "Total USD"}, {"boundingPoly": {"vertices": [{"x": 1106.0, "y": 656.0}, {"x": 1280.0, "y": 655.0}, {"x": 1280.0, "y": 727.0}, {"x": 1108.0, "y": 731.0}]}, "description": "3.10"}, {"boundingPoly": {"vertices": [{"x": 438.0, "y": 870.0}, {"x": 623.0, "y": 871.0}, {"x": 623.0, "y": 912.0}, {"x": 438.0, "y": 911.0}]}, "description": "5008 AMEX"}, {"boundingPoly": {"vertices": [{"x": 1198.0, "y": 861.0}, {"x": 1282.0, "y": 861.0}, {"x": 1283.0, "y": 900.0}, {"x": 1198.0, "y": 901.0}]}, "description": "3.10"}, {"boundingPoly": {"vertices": [{"x": 436.0, "y": 962.0}, {"x": 715.0, "y": 960.0}, {"x": 715.0, "y": 1003.0}, {"x": 436.0, "y": 1004.0}]}, "description": "17026934721965"}, {"boundingPoly": {"vertices": [{"x": 430.0, "y": 1103.0}, {"x": 488.0, "y": 1102.0}, {"x": 487.0, "y": 1142.0}, {"x": 429.0, "y": 1142.0}]}, "description": "Tax"}, {"boundingPoly": {"vertices": [{"x": 420.0, "y": 1145.0}, {"x": 585.0, "y": 1145.0}, {"x": 586.0, "y": 1190.0}, {"x": 420.0, "y": 1190.0}]}, "description": "() 8.875"}, {"boundingPoly": {"vertices": [{"x": 748.0, "y": 1099.0}, {"x": 1058.0, "y": 1099.0}, {"x": 1058.0, "y": 1146.0}, {"x": 748.0, "y": 1146.0}]}, "description": " Taxable Amount"}, {"boundingPoly": {"vertices": [{"x": 961.0, "y": 1149.0}, {"x": 1034.0, "y": 1146.0}, {"x": 1036.0, "y": 1187.0}, {"x": 959.0, "y": 1189.0}]}, "description": "2.85"}, {"boundingPoly": {"vertices": [{"x": 1075.0, "y": 1098.0}, {"x": 1285.0, "y": 1098.0}, {"x": 1285.0, "y": 1143.0}, {"x": 1075.0, "y": 1143.0}]}, "description": " Tax Amount"}, {"boundingPoly": {"vertices": [{"x": 1202.0, "y": 1148.0}, {"x": 1283.0, "y": 1145.0}, {"x": 1284.0, "y": 1186.0}, {"x": 1201.0, "y": 1188.0}]}, "description": "0.25"}, {"boundingPoly": {"vertices": [{"x": 411.0, "y": 1291.0}, {"x": 1287.0, "y": 1291.0}, {"x": 1287.0, "y": 1339.0}, {"x": 411.0, "y": 1339.0}]}, "description": " 11/12/2019 01:16 PM #:40324 Op:4049 C:111"}, {"boundingPoly": {"vertices": [{"x": 408.0, "y": 1341.0}, {"x": 622.0, "y": 1341.0}, {"x": 622.0, "y": 1388.0}, {"x": 408.0, "y": 1388.0}]}, "description": " 101 S:1111"}, {"boundingPoly": {"vertices": [{"x": 397.0, "y": 1394.0}, {"x": 622.0, "y": 1394.0}, {"x": 622.0, "y": 1439.0}, {"x": 397.0, "y": 1439.0}]}, "description": " Served you"}, {"boundingPoly": {"vertices": [{"x": 630.0, "y": 1392.0}, {"x": 1040.0, "y": 1392.0}, {"x": 1040.0, "y": 1439.0}, {"x": 630.0, "y": 1439.0}]}, "description": " : Guadalupe Canarte"}, {"boundingPoly": {"vertices": [{"x": 390.0, "y": 1490.0}, {"x": 846.0, "y": 1490.0}, {"x": 846.0, "y": 1539.0}, {"x": 390.0, "y": 1539.0}]}, "description": "Global Rewards Points"}, {"boundingPoly": {"vertices": [{"x": 794.0, "y": 1546.0}, {"x": 879.0, "y": 1541.0}, {"x": 880.0, "y": 1586.0}, {"x": 793.0, "y": 1590.0}]}, "description": "1041"}, {"boundingPoly": {"vertices": [{"x": 818.0, "y": 1601.0}, {"x": 823.0, "y": 1638.0}, {"x": 798.0, "y": 1640.0}, {"x": 793.0, "y": 1603.0}]}, "description": "LO"}, {"boundingPoly": {"vertices": [{"x": 794.0, "y": 1651.0}, {"x": 819.0, "y": 1653.0}, {"x": 816.0, "y": 1691.0}, {"x": 791.0, "y": 1688.0}]}, "description": "0"}, {"boundingPoly": {"vertices": [{"x": 794.0, "y": 1700.0}, {"x": 876.0, "y": 1700.0}, {"x": 875.0, "y": 1745.0}, {"x": 793.0, "y": 1744.0}]}, "description": "1047"}, {"boundingPoly": {"vertices": [{"x": 386.0, "y": 1543.0}, {"x": 777.0, "y": 1543.0}, {"x": 777.0, "y": 1592.0}, {"x": 386.0, "y": 1592.0}]}, "description": " Previous Balance:"}, {"boundingPoly": {"vertices": [{"x": 385.0, "y": 1598.0}, {"x": 687.0, "y": 1598.0}, {"x": 687.0, "y": 1643.0}, {"x": 385.0, "y": 1643.0}]}, "description": " Accrued (new):"}, {"boundingPoly": {"vertices": [{"x": 380.0, "y": 1648.0}, {"x": 733.0, "y": 1648.0}, {"x": 733.0, "y": 1697.0}, {"x": 380.0, "y": 1697.0}]}, "description": " Redeemed (used):"}, {"boundingPoly": {"vertices": [{"x": 379.0, "y": 1700.0}, {"x": 636.0, "y": 1700.0}, {"x": 636.0, "y": 1750.0}, {"x": 379.0, "y": 1750.0}]}, "description": " New Balance:"}, {"boundingPoly": {"vertices": [{"x": 556.0, "y": 1920.0}, {"x": 1028.0, "y": 1921.0}, {"x": 1027.0, "y": 1971.0}, {"x": 556.0, "y": 1969.0}]}, "description": "*** Customer copy ***"}, {"boundingPoly": {"vertices": [{"x": 641.0, "y": 2028.0}, {"x": 955.0, "y": 2030.0}, {"x": 955.0, "y": 2086.0}, {"x": 640.0, "y": 2082.0}]}, "description": "AMEX NY937 (1)"}, {"boundingPoly": {"vertices": [{"x": 344.0, "y": 2142.0}, {"x": 778.0, "y": 2147.0}, {"x": 778.0, "y": 2203.0}, {"x": 344.0, "y": 2199.0}]}, "description": "PURCHASE / APPROVED"}, {"boundingPoly": {"vertices": [{"x": 335.0, "y": 2205.0}, {"x": 430.0, "y": 2206.0}, {"x": 430.0, "y": 2253.0}, {"x": 335.0, "y": 2252.0}]}, "description": "AMEX"}, {"boundingPoly": {"vertices": [{"x": 332.0, "y": 2267.0}, {"x": 681.0, "y": 2267.0}, {"x": 681.0, "y": 2316.0}, {"x": 332.0, "y": 2314.0}]}, "description": "*********** 1006"}, {"boundingPoly": {"vertices": [{"x": 326.0, "y": 2321.0}, {"x": 798.0, "y": 2326.0}, {"x": 797.0, "y": 2381.0}, {"x": 325.0, "y": 2374.0}]}, "description": "CONTACTLESS / No CVM"}, {"boundingPoly": {"vertices": [{"x": 319.0, "y": 2443.0}, {"x": 772.0, "y": 2443.0}, {"x": 772.0, "y": 2503.0}, {"x": 319.0, "y": 2503.0}]}, "description": " 2019/11/12 13:17:00"}, {"boundingPoly": {"vertices": [{"x": 328.0, "y": 2512.0}, {"x": 388.0, "y": 2508.0}, {"x": 390.0, "y": 2556.0}, {"x": 330.0, "y": 2560.0}]}, "description": "TID"}, {"boundingPoly": {"vertices": [{"x": 310.0, "y": 2570.0}, {"x": 388.0, "y": 2566.0}, {"x": 387.0, "y": 2618.0}, {"x": 310.0, "y": 2618.0}]}, "description": "MID"}, {"boundingPoly": {"vertices": [{"x": 305.0, "y": 2630.0}, {"x": 529.0, "y": 2630.0}, {"x": 529.0, "y": 2685.0}, {"x": 305.0, "y": 2685.0}]}, "description": "REFERENCE"}, {"boundingPoly": {"vertices": [{"x": 324.0, "y": 2707.0}, {"x": 853.0, "y": 2714.0}, {"x": 853.0, "y": 2776.0}, {"x": 323.0, "y": 2771.0}]}, "description": "UREDMI NOTE 5 PRO"}, {"boundingPoly": {"vertices": [{"x": 337.0, "y": 2786.0}, {"x": 811.0, "y": 2788.0}, {"x": 811.0, "y": 2845.0}, {"x": 337.0, "y": 2843.0}]}, "description": "MI DUAL CAMERA"}, {"boundingPoly": {"vertices": [{"x": 1066.0, "y": 2516.0}, {"x": 1260.0, "y": 2517.0}, {"x": 1260.0, "y": 2567.0}, {"x": 1066.0, "y": 2565.0}]}, "description": "**** 6030"}, {"boundingPoly": {"vertices": [{"x": 1093.0, "y": 2577.0}, {"x": 1262.0, "y": 2577.0}, {"x": 1262.0, "y": 2631.0}, {"x": 1094.0, "y": 2631.0}]}, "description": "6634459"}, {"boundingPoly": {"vertices": [{"x": 657.0, "y": 2632.0}, {"x": 1262.0, "y": 2641.0}, {"x": 1261.0, "y": 2698.0}, {"x": 657.0, "y": 2689.0}]}, "description": "S1111T111101#40324@344125"}, {"boundingPoly": {"vertices": [{"x": 1118.0, "y": 2706.0}, {"x": 1264.0, "y": 2709.0}, {"x": 1262.0, "y": 2759.0}, {"x": 1117.0, "y": 2760.0}]}, "description": "588363"}, {"boundingPoly": {"vertices": [{"x": 304.0, "y": 2826.0}, {"x": 423.0, "y": 2830.0}, {"x": 422.0, "y": 2879.0}, {"x": 305.0, "y": 2877.0}]}, "description": "TOTAL"}, {"boundingPoly": {"vertices": [{"x": 1091.0, "y": 2836.0}, {"x": 1267.0, "y": 2837.0}, {"x": 1267.0, "y": 2892.0}, {"x": 1091.0, "y": 2892.0}]}, "description": "USD3.10"}]}