{"textAnnotations": [{"boundingPoly": {"vertices": [{"x": 223.0, "y": 24.0}, {"x": 321.0, "y": 23.0}, {"x": 321.0, "y": 40.0}, {"x": 223.0, "y": 41.0}]}, "description": "merchant name"}, {"boundingPoly": {"vertices": [{"x": 230.0, "y": 41.0}, {"x": 314.0, "y": 40.0}, {"x": 315.0, "y": 52.0}, {"x": 230.0, "y": 53.0}]}, "description": "merchant address"}, {"boundingPoly": {"vertices": [{"x": 177.0, "y": 72.0}, {"x": 279.0, "y": 72.0}, {"x": 279.0, "y": 84.0}, {"x": 177.0, "y": 84.0}]}, "description": "Walkers Salt & Vineg"}, {"boundingPoly": {"vertices": [{"x": 177.0, "y": 85.0}, {"x": 225.0, "y": 84.0}, {"x": 226.0, "y": 94.0}, {"x": 177.0, "y": 95.0}]}, "description": "Open Food"}, {"boundingPoly": {"vertices": [{"x": 177.0, "y": 95.0}, {"x": 277.0, "y": 94.0}, {"x": 277.0, "y": 104.0}, {"x": 177.0, "y": 105.0}]}, "description": "Wrigleys Extra Spear"}, {"boundingPoly": {"vertices": [{"x": 177.0, "y": 104.0}, {"x": 278.0, "y": 103.0}, {"x": 278.0, "y": 114.0}, {"x": 177.0, "y": 116.0}]}, "description": "0.490 kg \u00d7 E 8.00/kg"}, {"boundingPoly": {"vertices": [{"x": 177.0, "y": 115.0}, {"x": 257.0, "y": 114.0}, {"x": 258.0, "y": 125.0}, {"x": 177.0, "y": 126.0}]}, "description": "Hot Weigh & Pay"}, {"boundingPoly": {"vertices": [{"x": 175.0, "y": 126.0}, {"x": 246.0, "y": 125.0}, {"x": 246.0, "y": 136.0}, {"x": 175.0, "y": 137.0}]}, "description": "Large vegware"}, {"boundingPoly": {"vertices": [{"x": 175.0, "y": 145.0}, {"x": 255.0, "y": 145.0}, {"x": 254.0, "y": 163.0}, {"x": 175.0, "y": 163.0}]}, "description": "Total GB"}, {"boundingPoly": {"vertices": [{"x": 344.0, "y": 71.0}, {"x": 371.0, "y": 70.0}, {"x": 371.0, "y": 82.0}, {"x": 344.0, "y": 82.0}]}, "description": "0.70"}, {"boundingPoly": {"vertices": [{"x": 345.0, "y": 90.0}, {"x": 370.0, "y": 89.0}, {"x": 369.0, "y": 101.0}, {"x": 345.0, "y": 101.0}]}, "description": "0.45"}, {"boundingPoly": {"vertices": [{"x": 344.0, "y": 79.0}, {"x": 369.0, "y": 79.0}, {"x": 369.0, "y": 92.0}, {"x": 344.0, "y": 92.0}]}, "description": "1.50"}, {"boundingPoly": {"vertices": [{"x": 345.0, "y": 111.0}, {"x": 369.0, "y": 111.0}, {"x": 368.0, "y": 122.0}, {"x": 345.0, "y": 122.0}]}, "description": "3.90"}, {"boundingPoly": {"vertices": [{"x": 346.0, "y": 121.0}, {"x": 369.0, "y": 122.0}, {"x": 368.0, "y": 133.0}, {"x": 346.0, "y": 133.0}]}, "description": "0.00"}, {"boundingPoly": {"vertices": [{"x": 326.0, "y": 143.0}, {"x": 370.0, "y": 143.0}, {"x": 369.0, "y": 162.0}, {"x": 327.0, "y": 163.0}]}, "description": "6.55"}, {"boundingPoly": {"vertices": [{"x": 170.0, "y": 186.0}, {"x": 274.0, "y": 189.0}, {"x": 274.0, "y": 200.0}, {"x": 170.0, "y": 197.0}]}, "description": "5005 AMERICANEXPRESS"}, {"boundingPoly": {"vertices": [{"x": 346.0, "y": 190.0}, {"x": 368.0, "y": 191.0}, {"x": 368.0, "y": 200.0}, {"x": 345.0, "y": 200.0}]}, "description": "6.55"}, {"boundingPoly": {"vertices": [{"x": 169.0, "y": 215.0}, {"x": 228.0, "y": 216.0}, {"x": 228.0, "y": 225.0}, {"x": 169.0, "y": 223.0}]}, "description": "Vat percent"}, {"boundingPoly": {"vertices": [{"x": 169.0, "y": 223.0}, {"x": 213.0, "y": 224.0}, {"x": 213.0, "y": 233.0}, {"x": 169.0, "y": 233.0}]}, "description": "(1) 0.00"}, {"boundingPoly": {"vertices": [{"x": 167.0, "y": 234.0}, {"x": 221.0, "y": 234.0}, {"x": 221.0, "y": 243.0}, {"x": 167.0, "y": 242.0}]}, "description": "Zero Rated"}, {"boundingPoly": {"vertices": [{"x": 167.0, "y": 242.0}, {"x": 220.0, "y": 243.0}, {"x": 220.0, "y": 252.0}, {"x": 167.0, "y": 252.0}]}, "description": "(2) 20.00"}, {"boundingPoly": {"vertices": [{"x": 238.0, "y": 216.0}, {"x": 256.0, "y": 216.0}, {"x": 255.0, "y": 225.0}, {"x": 237.0, "y": 225.0}]}, "description": "Net"}, {"boundingPoly": {"vertices": [{"x": 234.0, "y": 225.0}, {"x": 257.0, "y": 225.0}, {"x": 257.0, "y": 234.0}, {"x": 234.0, "y": 234.0}]}, "description": "5.40"}, {"boundingPoly": {"vertices": [{"x": 281.0, "y": 216.0}, {"x": 310.0, "y": 217.0}, {"x": 310.0, "y": 226.0}, {"x": 280.0, "y": 225.0}]}, "description": "Gross"}, {"boundingPoly": {"vertices": [{"x": 285.0, "y": 225.0}, {"x": 309.0, "y": 226.0}, {"x": 309.0, "y": 234.0}, {"x": 285.0, "y": 234.0}]}, "description": "5.40"}, {"boundingPoly": {"vertices": [{"x": 334.0, "y": 216.0}, {"x": 350.0, "y": 216.0}, {"x": 349.0, "y": 226.0}, {"x": 333.0, "y": 226.0}]}, "description": "VAT"}, {"boundingPoly": {"vertices": [{"x": 329.0, "y": 225.0}, {"x": 351.0, "y": 225.0}, {"x": 351.0, "y": 235.0}, {"x": 329.0, "y": 235.0}]}, "description": "0.00"}, {"boundingPoly": {"vertices": [{"x": 233.0, "y": 243.0}, {"x": 257.0, "y": 243.0}, {"x": 256.0, "y": 253.0}, {"x": 233.0, "y": 253.0}]}, "description": "0.96"}, {"boundingPoly": {"vertices": [{"x": 286.0, "y": 244.0}, {"x": 308.0, "y": 244.0}, {"x": 308.0, "y": 254.0}, {"x": 287.0, "y": 254.0}]}, "description": "1.15"}, {"boundingPoly": {"vertices": [{"x": 328.0, "y": 244.0}, {"x": 352.0, "y": 244.0}, {"x": 352.0, "y": 254.0}, {"x": 329.0, "y": 254.0}]}, "description": "0.19"}, {"boundingPoly": {"vertices": [{"x": 165.0, "y": 270.0}, {"x": 400.0, "y": 270.0}, {"x": 400.0, "y": 283.0}, {"x": 165.0, "y": 283.0}]}, "description": " 22/10/2019 12:52 PM #:58469 Op:2050 C:21210"}, {"boundingPoly": {"vertices": [{"x": 163.0, "y": 290.0}, {"x": 221.0, "y": 290.0}, {"x": 221.0, "y": 300.0}, {"x": 163.0, "y": 300.0}]}, "description": " Served you"}, {"boundingPoly": {"vertices": [{"x": 165.0, "y": 279.0}, {"x": 209.0, "y": 279.0}, {"x": 209.0, "y": 290.0}, {"x": 165.0, "y": 290.0}]}, "description": " 1 9:2121"}, {"boundingPoly": {"vertices": [{"x": 223.0, "y": 290.0}, {"x": 336.0, "y": 290.0}, {"x": 336.0, "y": 301.0}, {"x": 223.0, "y": 301.0}]}, "description": " : Jean-Marie Bellidor"}, {"boundingPoly": {"vertices": [{"x": 225.0, "y": 308.0}, {"x": 266.0, "y": 308.0}, {"x": 266.0, "y": 318.0}, {"x": 225.0, "y": 318.0}]}, "description": " VAT No:"}, {"boundingPoly": {"vertices": [{"x": 236.0, "y": 318.0}, {"x": 302.0, "y": 319.0}, {"x": 302.0, "y": 328.0}, {"x": 236.0, "y": 327.0}]}, "description": "Thank You !"}, {"boundingPoly": {"vertices": [{"x": 195.0, "y": 326.0}, {"x": 348.0, "y": 327.0}, {"x": 348.0, "y": 337.0}, {"x": 195.0, "y": 336.0}]}, "description": "All prices inclusive of VAT."}, {"boundingPoly": {"vertices": [{"x": 158.0, "y": 335.0}, {"x": 392.0, "y": 337.0}, {"x": 392.0, "y": 348.0}, {"x": 158.0, "y": 345.0}]}, "description": "Send us your feedback and be In the chance"}, {"boundingPoly": {"vertices": [{"x": 231.0, "y": 354.0}, {"x": 307.0, "y": 354.0}, {"x": 307.0, "y": 365.0}, {"x": 231.0, "y": 364.0}]}, "description": "Email us eri"}, {"boundingPoly": {"vertices": [{"x": 167.0, "y": 365.0}, {"x": 381.0, "y": 366.0}, {"x": 381.0, "y": 378.0}, {"x": 167.0, "y": 377.0}]}, "description": "belgravekitchen@goodeatingcompany.com"}, {"boundingPoly": {"vertices": [{"x": 191.0, "y": 377.0}, {"x": 351.0, "y": 377.0}, {"x": 351.0, "y": 388.0}, {"x": 191.0, "y": 388.0}]}, "description": "To be entered into the draw!"}, {"boundingPoly": {"vertices": [{"x": 268.0, "y": 309.0}, {"x": 318.0, "y": 309.0}, {"x": 318.0, "y": 319.0}, {"x": 268.0, "y": 319.0}]}, "description": " 766234908"}, {"boundingPoly": {"vertices": [{"x": 183.0, "y": 344.0}, {"x": 361.0, "y": 347.0}, {"x": 361.0, "y": 357.0}, {"x": 183.0, "y": 355.0}]}, "description": "of winning your lunch for free!"}, {"boundingPoly": {"vertices": [{"x": 173.0, "y": 411.0}, {"x": 304.0, "y": 410.0}, {"x": 304.0, "y": 423.0}, {"x": 173.0, "y": 423.0}]}, "description": "*** CARDHOLDER COPY ***"}, {"boundingPoly": {"vertices": [{"x": 152.0, "y": 459.0}, {"x": 160.0, "y": 459.0}, {"x": 160.0, "y": 471.0}, {"x": 152.0, "y": 471.0}]}, "description": " P:"}, {"boundingPoly": {"vertices": [{"x": 157.0, "y": 471.0}, {"x": 226.0, "y": 471.0}, {"x": 226.0, "y": 483.0}, {"x": 157.0, "y": 483.0}]}, "description": " :***** 90750"}, {"boundingPoly": {"vertices": [{"x": 179.0, "y": 483.0}, {"x": 294.0, "y": 483.0}, {"x": 294.0, "y": 496.0}, {"x": 179.0, "y": 496.0}]}, "description": " 22/10/2019 12:52:30"}, {"boundingPoly": {"vertices": [{"x": 163.0, "y": 459.0}, {"x": 214.0, "y": 459.0}, {"x": 214.0, "y": 471.0}, {"x": 163.0, "y": 471.0}]}, "description": " #3525106"}, {"boundingPoly": {"vertices": [{"x": 274.0, "y": 459.0}, {"x": 277.0, "y": 459.0}, {"x": 277.0, "y": 471.0}, {"x": 274.0, "y": 471.0}]}, "description": " T"}, {"boundingPoly": {"vertices": [{"x": 279.0, "y": 458.0}, {"x": 335.0, "y": 458.0}, {"x": 335.0, "y": 472.0}, {"x": 279.0, "y": 472.0}]}, "description": " :**** 7548"}, {"boundingPoly": {"vertices": [{"x": 150.0, "y": 473.0}, {"x": 156.0, "y": 473.0}, {"x": 156.0, "y": 483.0}, {"x": 150.0, "y": 483.0}]}, "description": " M"}, {"boundingPoly": {"vertices": [{"x": 148.0, "y": 508.0}, {"x": 246.0, "y": 508.0}, {"x": 246.0, "y": 519.0}, {"x": 148.0, "y": 519.0}]}, "description": "AMERICAN EXPRESS"}, {"boundingPoly": {"vertices": [{"x": 146.0, "y": 520.0}, {"x": 239.0, "y": 520.0}, {"x": 239.0, "y": 532.0}, {"x": 146.0, "y": 532.0}]}, "description": "*********** 1004"}, {"boundingPoly": {"vertices": [{"x": 143.0, "y": 544.0}, {"x": 275.0, "y": 544.0}, {"x": 275.0, "y": 558.0}, {"x": 143.0, "y": 558.0}]}, "description": "CONTACTLESS CP SALE"}, {"boundingPoly": {"vertices": [{"x": 159.0, "y": 570.0}, {"x": 306.0, "y": 571.0}, {"x": 306.0, "y": 584.0}, {"x": 159.0, "y": 584.0}]}, "description": "Please debit my account"}, {"boundingPoly": {"vertices": [{"x": 139.0, "y": 584.0}, {"x": 180.0, "y": 584.0}, {"x": 180.0, "y": 597.0}, {"x": 139.0, "y": 596.0}]}, "description": "AMOUNT"}, {"boundingPoly": {"vertices": [{"x": 137.0, "y": 598.0}, {"x": 174.0, "y": 599.0}, {"x": 173.0, "y": 610.0}, {"x": 137.0, "y": 610.0}]}, "description": "TOTAL"}, {"boundingPoly": {"vertices": [{"x": 290.0, "y": 584.0}, {"x": 338.0, "y": 584.0}, {"x": 338.0, "y": 597.0}, {"x": 290.0, "y": 597.0}]}, "description": "GBP6.55"}, {"boundingPoly": {"vertices": [{"x": 290.0, "y": 598.0}, {"x": 339.0, "y": 597.0}, {"x": 339.0, "y": 609.0}, {"x": 291.0, "y": 610.0}]}, "description": "GBP6.55"}, {"boundingPoly": {"vertices": [{"x": 146.0, "y": 623.0}, {"x": 321.0, "y": 623.0}, {"x": 321.0, "y": 638.0}, {"x": 146.0, "y": 638.0}]}, "description": "NO CAPOHOLDER VERIFICATION"}, {"boundingPoly": {"vertices": [{"x": 151.0, "y": 652.0}, {"x": 312.0, "y": 652.0}, {"x": 312.0, "y": 666.0}, {"x": 151.0, "y": 666.0}]}, "description": "Please Keep This Receipt"}, {"boundingPoly": {"vertices": [{"x": 177.0, "y": 665.0}, {"x": 288.0, "y": 665.0}, {"x": 288.0, "y": 679.0}, {"x": 177.0, "y": 679.0}]}, "description": "For your Records"}, {"boundingPoly": {"vertices": [{"x": 206.0, "y": 679.0}, {"x": 222.0, "y": 679.0}, {"x": 222.0, "y": 694.0}, {"x": 206.0, "y": 694.0}]}, "description": " 17"}, {"boundingPoly": {"vertices": [{"x": 205.0, "y": 693.0}, {"x": 425.0, "y": 692.0}, {"x": 425.0, "y": 708.0}, {"x": 206.0, "y": 709.0}]}, "description": "Trn# 58469 - Till 212101 - Shop 2"}, {"boundingPoly": {"vertices": [{"x": 134.0, "y": 680.0}, {"x": 204.0, "y": 680.0}, {"x": 204.0, "y": 694.0}, {"x": 134.0, "y": 694.0}]}, "description": " Auth Code:"}, {"boundingPoly": {"vertices": [{"x": 131.0, "y": 695.0}, {"x": 150.0, "y": 695.0}, {"x": 150.0, "y": 709.0}, {"x": 131.0, "y": 709.0}]}, "description": " Ref"}, {"boundingPoly": {"vertices": [{"x": 133.0, "y": 710.0}, {"x": 156.0, "y": 710.0}, {"x": 156.0, "y": 723.0}, {"x": 133.0, "y": 723.0}]}, "description": "121"}, {"boundingPoly": {"vertices": [{"x": 131.0, "y": 724.0}, {"x": 160.0, "y": 724.0}, {"x": 160.0, "y": 738.0}, {"x": 131.0, "y": 738.0}]}, "description": " AID:"}, {"boundingPoly": {"vertices": [{"x": 129.0, "y": 739.0}, {"x": 186.0, "y": 739.0}, {"x": 186.0, "y": 755.0}, {"x": 129.0, "y": 755.0}]}, "description": " App Seq:"}, {"boundingPoly": {"vertices": [{"x": 152.0, "y": 696.0}, {"x": 159.0, "y": 696.0}, {"x": 159.0, "y": 709.0}, {"x": 152.0, "y": 709.0}]}, "description": " :"}, {"boundingPoly": {"vertices": [{"x": 163.0, "y": 723.0}, {"x": 273.0, "y": 723.0}, {"x": 273.0, "y": 738.0}, {"x": 163.0, "y": 738.0}]}, "description": " A000000025010801"}, {"boundingPoly": {"vertices": [{"x": 189.0, "y": 739.0}, {"x": 206.0, "y": 739.0}, {"x": 206.0, "y": 754.0}, {"x": 189.0, "y": 754.0}]}, "description": " 00"}]}