{"textAnnotations": [{"boundingPoly": {"vertices": [{"x": 35.0, "y": 166.0}, {"x": 300.0, "y": 158.0}, {"x": 301.0, "y": 182.0}, {"x": 35.0, "y": 191.0}]}, "description": "merchant name"}, {"boundingPoly": {"vertices": [{"x": 41.0, "y": 192.0}, {"x": 125.0, "y": 192.0}, {"x": 125.0, "y": 219.0}, {"x": 41.0, "y": 219.0}]}, "description": " GST NO:"}, {"boundingPoly": {"vertices": [{"x": 129.0, "y": 185.0}, {"x": 312.0, "y": 185.0}, {"x": 312.0, "y": 216.0}, {"x": 129.0, "y": 216.0}]}, "description": " 06AADCC9070A1Z1"}, {"boundingPoly": {"vertices": [{"x": 216.0, "y": 217.0}, {"x": 258.0, "y": 217.0}, {"x": 258.0, "y": 240.0}, {"x": 216.0, "y": 240.0}]}, "description": " 394"}, {"boundingPoly": {"vertices": [{"x": 147.0, "y": 219.0}, {"x": 188.0, "y": 219.0}, {"x": 188.0, "y": 243.0}, {"x": 147.0, "y": 243.0}]}, "description": " KOT"}, {"boundingPoly": {"vertices": [{"x": 192.0, "y": 218.0}, {"x": 212.0, "y": 218.0}, {"x": 212.0, "y": 241.0}, {"x": 192.0, "y": 241.0}]}, "description": " -"}, {"boundingPoly": {"vertices": [{"x": 58.0, "y": 300.0}, {"x": 142.0, "y": 300.0}, {"x": 142.0, "y": 322.0}, {"x": 58.0, "y": 322.0}]}, "description": " Invoice"}, {"boundingPoly": {"vertices": [{"x": 57.0, "y": 355.0}, {"x": 189.0, "y": 355.0}, {"x": 189.0, "y": 381.0}, {"x": 57.0, "y": 381.0}]}, "description": " Order Time:"}, {"boundingPoly": {"vertices": [{"x": 58.0, "y": 386.0}, {"x": 200.0, "y": 386.0}, {"x": 200.0, "y": 411.0}, {"x": 58.0, "y": 411.0}]}, "description": " Order Status:"}, {"boundingPoly": {"vertices": [{"x": 58.0, "y": 422.0}, {"x": 222.0, "y": 421.0}, {"x": 222.0, "y": 446.0}, {"x": 59.0, "y": 448.0}]}, "description": "Veg Grain Bowl"}, {"boundingPoly": {"vertices": [{"x": 157.0, "y": 298.0}, {"x": 289.0, "y": 298.0}, {"x": 289.0, "y": 321.0}, {"x": 157.0, "y": 321.0}]}, "description": " #F00QWG7255"}, {"boundingPoly": {"vertices": [{"x": 56.0, "y": 327.0}, {"x": 117.0, "y": 327.0}, {"x": 117.0, "y": 352.0}, {"x": 56.0, "y": 352.0}]}, "description": " Name:"}, {"boundingPoly": {"vertices": [{"x": 193.0, "y": 355.0}, {"x": 392.0, "y": 355.0}, {"x": 392.0, "y": 383.0}, {"x": 193.0, "y": 383.0}]}, "description": " 20:33 05-09-2019"}, {"boundingPoly": {"vertices": [{"x": 205.0, "y": 386.0}, {"x": 319.0, "y": 386.0}, {"x": 319.0, "y": 413.0}, {"x": 205.0, "y": 413.0}]}, "description": " confirmed"}, {"boundingPoly": {"vertices": [{"x": 318.0, "y": 426.0}, {"x": 336.0, "y": 426.0}, {"x": 336.0, "y": 454.0}, {"x": 318.0, "y": 454.0}]}, "description": " 1"}, {"boundingPoly": {"vertices": [{"x": 340.0, "y": 427.0}, {"x": 436.0, "y": 427.0}, {"x": 436.0, "y": 456.0}, {"x": 340.0, "y": 456.0}]}, "description": " \u00d7 85.72"}, {"boundingPoly": {"vertices": [{"x": 168.0, "y": 513.0}, {"x": 319.0, "y": 513.0}, {"x": 319.0, "y": 549.0}, {"x": 168.0, "y": 549.0}]}, "description": " CGST @ 2.50%"}, {"boundingPoly": {"vertices": [{"x": 322.0, "y": 523.0}, {"x": 345.0, "y": 523.0}, {"x": 345.0, "y": 551.0}, {"x": 322.0, "y": 551.0}]}, "description": " ="}, {"boundingPoly": {"vertices": [{"x": 323.0, "y": 556.0}, {"x": 345.0, "y": 556.0}, {"x": 345.0, "y": 585.0}, {"x": 323.0, "y": 585.0}]}, "description": " ="}, {"boundingPoly": {"vertices": [{"x": 347.0, "y": 525.0}, {"x": 407.0, "y": 525.0}, {"x": 407.0, "y": 556.0}, {"x": 347.0, "y": 556.0}]}, "description": " 2.14"}, {"boundingPoly": {"vertices": [{"x": 348.0, "y": 558.0}, {"x": 409.0, "y": 558.0}, {"x": 409.0, "y": 590.0}, {"x": 348.0, "y": 590.0}]}, "description": " 2.14"}, {"boundingPoly": {"vertices": [{"x": 170.0, "y": 544.0}, {"x": 319.0, "y": 544.0}, {"x": 319.0, "y": 583.0}, {"x": 170.0, "y": 583.0}]}, "description": " SGST @ 2.50%"}, {"boundingPoly": {"vertices": [{"x": 207.0, "y": 576.0}, {"x": 360.0, "y": 592.0}, {"x": 357.0, "y": 619.0}, {"x": 205.0, "y": 602.0}]}, "description": "Total = 90.0"}, {"boundingPoly": {"vertices": [{"x": 130.0, "y": 638.0}, {"x": 375.0, "y": 638.0}, {"x": 375.0, "y": 687.0}, {"x": 130.0, "y": 687.0}]}, "description": " -20:33:46 05-09-2019"}, {"boundingPoly": {"vertices": [{"x": 228.0, "y": 705.0}, {"x": 300.0, "y": 716.0}, {"x": 296.0, "y": 742.0}, {"x": 224.0, "y": 730.0}]}, "description": "1.0.57"}, {"boundingPoly": {"vertices": [{"x": 67.0, "y": 642.0}, {"x": 115.0, "y": 642.0}, {"x": 115.0, "y": 659.0}, {"x": 67.0, "y": 658.0}]}, "description": "----"}]}