{"textAnnotations": [{"boundingPoly": {"vertices": [{"x": 33.0, "y": 10.0}, {"x": 404.0, "y": 10.0}, {"x": 404.0, "y": 41.0}, {"x": 33.0, "y": 41.0}]}, "description": " 12 November 2019 at 17:01"}, {"boundingPoly": {"vertices": [{"x": 163.0, "y": 104.0}, {"x": 472.0, "y": 106.0}, {"x": 472.0, "y": 140.0}, {"x": 163.0, "y": 136.0}]}, "description": "Powered by 1Razorpay"}, {"boundingPoly": {"vertices": [{"x": 252.0, "y": 213.0}, {"x": 407.0, "y": 213.0}, {"x": 407.0, "y": 244.0}, {"x": 252.0, "y": 245.0}]}, "description": "merchant name"}, {"boundingPoly": {"vertices": [{"x": 246.0, "y": 325.0}, {"x": 395.0, "y": 326.0}, {"x": 394.0, "y": 364.0}, {"x": 246.0, "y": 363.0}]}, "description": "\u20b9200.00"}, {"boundingPoly": {"vertices": [{"x": 212.0, "y": 391.0}, {"x": 461.0, "y": 392.0}, {"x": 461.0, "y": 425.0}, {"x": 212.0, "y": 422.0}]}, "description": "Paid Successfully"}, {"boundingPoly": {"vertices": [{"x": 92.0, "y": 534.0}, {"x": 202.0, "y": 534.0}, {"x": 202.0, "y": 562.0}, {"x": 92.0, "y": 562.0}]}, "description": " Payment"}, {"boundingPoly": {"vertices": [{"x": 92.0, "y": 576.0}, {"x": 382.0, "y": 574.0}, {"x": 382.0, "y": 600.0}, {"x": 92.0, "y": 604.0}]}, "description": "pay_DfPUwY2UMfm2E3"}, {"boundingPoly": {"vertices": [{"x": 207.0, "y": 533.0}, {"x": 236.0, "y": 533.0}, {"x": 236.0, "y": 562.0}, {"x": 207.0, "y": 562.0}]}, "description": " Id"}, {"boundingPoly": {"vertices": [{"x": 93.0, "y": 657.0}, {"x": 149.0, "y": 657.0}, {"x": 149.0, "y": 683.0}, {"x": 93.0, "y": 683.0}]}, "description": " Paid"}, {"boundingPoly": {"vertices": [{"x": 96.0, "y": 697.0}, {"x": 283.0, "y": 696.0}, {"x": 283.0, "y": 726.0}, {"x": 96.0, "y": 727.0}]}, "description": "12th Nov, 2019"}, {"boundingPoly": {"vertices": [{"x": 154.0, "y": 657.0}, {"x": 191.0, "y": 657.0}, {"x": 191.0, "y": 683.0}, {"x": 154.0, "y": 683.0}]}, "description": " On"}, {"boundingPoly": {"vertices": [{"x": 92.0, "y": 782.0}, {"x": 188.0, "y": 782.0}, {"x": 188.0, "y": 805.0}, {"x": 92.0, "y": 806.0}]}, "description": "Method"}, {"boundingPoly": {"vertices": [{"x": 93.0, "y": 822.0}, {"x": 372.0, "y": 821.0}, {"x": 372.0, "y": 849.0}, {"x": 93.0, "y": 849.0}]}, "description": "XXXX-XXXX-XXXX-1003"}, {"boundingPoly": {"vertices": [{"x": 93.0, "y": 865.0}, {"x": 154.0, "y": 865.0}, {"x": 154.0, "y": 889.0}, {"x": 93.0, "y": 889.0}]}, "description": "Card"}]}