{"textAnnotations": [{"boundingPoly": {"vertices": [{"x": 229.0, "y": 206.0}, {"x": 378.0, "y": 204.0}, {"x": 379.0, "y": 230.0}, {"x": 230.0, "y": 233.0}]}, "description": "merchant name"}, {"boundingPoly": {"vertices": [{"x": 226.0, "y": 237.0}, {"x": 390.0, "y": 236.0}, {"x": 390.0, "y": 266.0}, {"x": 226.0, "y": 267.0}]}, "description": "merchant address"}, {"boundingPoly": {"vertices": [{"x": 24.0, "y": 275.0}, {"x": 102.0, "y": 275.0}, {"x": 102.0, "y": 304.0}, {"x": 24.0, "y": 304.0}]}, "description": " Host:"}, {"boundingPoly": {"vertices": [{"x": 107.0, "y": 274.0}, {"x": 178.0, "y": 274.0}, {"x": 178.0, "y": 303.0}, {"x": 107.0, "y": 303.0}]}, "description": " Tiara"}, {"boundingPoly": {"vertices": [{"x": 456.0, "y": 270.0}, {"x": 589.0, "y": 269.0}, {"x": 589.0, "y": 297.0}, {"x": 456.0, "y": 299.0}]}, "description": "10/30/2019"}, {"boundingPoly": {"vertices": [{"x": 493.0, "y": 303.0}, {"x": 590.0, "y": 303.0}, {"x": 590.0, "y": 331.0}, {"x": 493.0, "y": 331.0}]}, "description": " 7:20 PM"}, {"boundingPoly": {"vertices": [{"x": 518.0, "y": 337.0}, {"x": 589.0, "y": 336.0}, {"x": 590.0, "y": 365.0}, {"x": 519.0, "y": 366.0}]}, "description": "20470"}, {"boundingPoly": {"vertices": [{"x": 23.0, "y": 410.0}, {"x": 176.0, "y": 410.0}, {"x": 176.0, "y": 440.0}, {"x": 23.0, "y": 440.0}]}, "description": "ShackBurger"}, {"boundingPoly": {"vertices": [{"x": 24.0, "y": 445.0}, {"x": 201.0, "y": 446.0}, {"x": 201.0, "y": 475.0}, {"x": 24.0, "y": 474.0}]}, "description": "Shroom Burger"}, {"boundingPoly": {"vertices": [{"x": 24.0, "y": 480.0}, {"x": 191.0, "y": 479.0}, {"x": 191.0, "y": 509.0}, {"x": 24.0, "y": 510.0}]}, "description": "french fries"}, {"boundingPoly": {"vertices": [{"x": 24.0, "y": 517.0}, {"x": 96.0, "y": 516.0}, {"x": 97.0, "y": 545.0}, {"x": 24.0, "y": 546.0}]}, "description": "Shake"}, {"boundingPoly": {"vertices": [{"x": 54.0, "y": 553.0}, {"x": 312.0, "y": 551.0}, {"x": 313.0, "y": 579.0}, {"x": 55.0, "y": 581.0}]}, "description": "Black & White Shake"}, {"boundingPoly": {"vertices": [{"x": 533.0, "y": 407.0}, {"x": 588.0, "y": 407.0}, {"x": 588.0, "y": 432.0}, {"x": 533.0, "y": 434.0}]}, "description": "5.89"}, {"boundingPoly": {"vertices": [{"x": 534.0, "y": 440.0}, {"x": 589.0, "y": 440.0}, {"x": 589.0, "y": 469.0}, {"x": 533.0, "y": 469.0}]}, "description": "7.49"}, {"boundingPoly": {"vertices": [{"x": 531.0, "y": 478.0}, {"x": 586.0, "y": 477.0}, {"x": 586.0, "y": 503.0}, {"x": 531.0, "y": 504.0}]}, "description": "3.09"}, {"boundingPoly": {"vertices": [{"x": 531.0, "y": 512.0}, {"x": 585.0, "y": 511.0}, {"x": 586.0, "y": 538.0}, {"x": 531.0, "y": 539.0}]}, "description": "5.39"}, {"boundingPoly": {"vertices": [{"x": 31.0, "y": 621.0}, {"x": 139.0, "y": 619.0}, {"x": 139.0, "y": 646.0}, {"x": 31.0, "y": 648.0}]}, "description": "Subtotal"}, {"boundingPoly": {"vertices": [{"x": 30.0, "y": 655.0}, {"x": 71.0, "y": 654.0}, {"x": 72.0, "y": 682.0}, {"x": 30.0, "y": 683.0}]}, "description": "Tax"}, {"boundingPoly": {"vertices": [{"x": 518.0, "y": 613.0}, {"x": 582.0, "y": 612.0}, {"x": 583.0, "y": 640.0}, {"x": 519.0, "y": 641.0}]}, "description": "21.86"}, {"boundingPoly": {"vertices": [{"x": 530.0, "y": 645.0}, {"x": 589.0, "y": 643.0}, {"x": 589.0, "y": 672.0}, {"x": 531.0, "y": 673.0}]}, "description": "1.94"}, {"boundingPoly": {"vertices": [{"x": 28.0, "y": 724.0}, {"x": 316.0, "y": 716.0}, {"x": 317.0, "y": 745.0}, {"x": 29.0, "y": 753.0}]}, "description": "To Go Total"}, {"boundingPoly": {"vertices": [{"x": 451.0, "y": 713.0}, {"x": 586.0, "y": 712.0}, {"x": 586.0, "y": 741.0}, {"x": 452.0, "y": 743.0}]}, "description": "23.80"}, {"boundingPoly": {"vertices": [{"x": 27.0, "y": 794.0}, {"x": 308.0, "y": 788.0}, {"x": 309.0, "y": 816.0}, {"x": 27.0, "y": 821.0}]}, "description": "Amex #XXXXXXXXXXX1005"}, {"boundingPoly": {"vertices": [{"x": 54.0, "y": 826.0}, {"x": 202.0, "y": 826.0}, {"x": 202.0, "y": 857.0}, {"x": 54.0, "y": 857.0}]}, "description": " Auth:527402"}, {"boundingPoly": {"vertices": [{"x": 518.0, "y": 784.0}, {"x": 587.0, "y": 783.0}, {"x": 588.0, "y": 809.0}, {"x": 518.0, "y": 809.0}]}, "description": "23.80"}, {"boundingPoly": {"vertices": [{"x": 224.0, "y": 930.0}, {"x": 388.0, "y": 927.0}, {"x": 389.0, "y": 955.0}, {"x": 225.0, "y": 958.0}]}, "description": "How'd we do?"}, {"boundingPoly": {"vertices": [{"x": 148.0, "y": 964.0}, {"x": 453.0, "y": 959.0}, {"x": 453.0, "y": 988.0}, {"x": 148.0, "y": 994.0}]}, "description": "shakeshack.com/feedback"}, {"boundingPoly": {"vertices": [{"x": 176.0, "y": 1030.0}, {"x": 372.0, "y": 1030.0}, {"x": 372.0, "y": 1059.0}, {"x": 176.0, "y": 1059.0}]}, "description": " Restroom Code:"}, {"boundingPoly": {"vertices": [{"x": 383.0, "y": 1029.0}, {"x": 440.0, "y": 1029.0}, {"x": 440.0, "y": 1057.0}, {"x": 383.0, "y": 1057.0}]}, "description": " 9336"}, {"boundingPoly": {"vertices": [{"x": 177.0, "y": 1097.0}, {"x": 390.0, "y": 1094.0}, {"x": 391.0, "y": 1124.0}, {"x": 177.0, "y": 1126.0}]}, "description": "--- Check Closed"}]}