{"textAnnotations": [{"boundingPoly": {"vertices": [{"x": 408.0, "y": 311.0}, {"x": 1028.0, "y": 306.0}, {"x": 1028.0, "y": 366.0}, {"x": 408.0, "y": 370.0}]}, "description": "*** Customer copy ***"}, {"boundingPoly": {"vertices": [{"x": 444.0, "y": 455.0}, {"x": 1002.0, "y": 441.0}, {"x": 1003.0, "y": 503.0}, {"x": 445.0, "y": 515.0}]}, "description": "merchant name"}, {"boundingPoly": {"vertices": [{"x": 179.0, "y": 532.0}, {"x": 1263.0, "y": 515.0}, {"x": 1264.0, "y": 575.0}, {"x": 180.0, "y": 596.0}]}, "description": "I agree to pay the above total amount"}, {"boundingPoly": {"vertices": [{"x": 156.0, "y": 678.0}, {"x": 1290.0, "y": 655.0}, {"x": 1291.0, "y": 719.0}, {"x": 157.0, "y": 738.0}]}, "description": "agreement. (Merchant agreement if Credit"}, {"boundingPoly": {"vertices": [{"x": 251.0, "y": 744.0}, {"x": 1204.0, "y": 737.0}, {"x": 1204.0, "y": 800.0}, {"x": 251.0, "y": 807.0}]}, "description": "Voucher)Retain this copy for your"}, {"boundingPoly": {"vertices": [{"x": 632.0, "y": 817.0}, {"x": 857.0, "y": 816.0}, {"x": 857.0, "y": 873.0}, {"x": 632.0, "y": 874.0}]}, "description": "records."}, {"boundingPoly": {"vertices": [{"x": 391.0, "y": 602.0}, {"x": 1086.0, "y": 589.0}, {"x": 1087.0, "y": 651.0}, {"x": 392.0, "y": 662.0}]}, "description": "according to card issuer"}, {"boundingPoly": {"vertices": [{"x": 166.0, "y": 956.0}, {"x": 725.0, "y": 950.0}, {"x": 726.0, "y": 1011.0}, {"x": 167.0, "y": 1017.0}]}, "description": "PURCHASE / APPROVED"}, {"boundingPoly": {"vertices": [{"x": 179.0, "y": 1029.0}, {"x": 639.0, "y": 1021.0}, {"x": 640.0, "y": 1079.0}, {"x": 179.0, "y": 1086.0}]}, "description": "AMERICAN EXPRESS"}, {"boundingPoly": {"vertices": [{"x": 180.0, "y": 1098.0}, {"x": 616.0, "y": 1091.0}, {"x": 617.0, "y": 1147.0}, {"x": 181.0, "y": 1151.0}]}, "description": "*********** 1006"}, {"boundingPoly": {"vertices": [{"x": 181.0, "y": 1167.0}, {"x": 508.0, "y": 1163.0}, {"x": 509.0, "y": 1219.0}, {"x": 181.0, "y": 1224.0}]}, "description": "CHIP READ /"}, {"boundingPoly": {"vertices": [{"x": 184.0, "y": 1290.0}, {"x": 733.0, "y": 1290.0}, {"x": 733.0, "y": 1362.0}, {"x": 184.0, "y": 1362.0}]}, "description": " 2019/11/21 14:33:10"}, {"boundingPoly": {"vertices": [{"x": 200.0, "y": 1373.0}, {"x": 283.0, "y": 1371.0}, {"x": 282.0, "y": 1425.0}, {"x": 199.0, "y": 1425.0}]}, "description": "TID"}, {"boundingPoly": {"vertices": [{"x": 193.0, "y": 1438.0}, {"x": 283.0, "y": 1439.0}, {"x": 281.0, "y": 1491.0}, {"x": 193.0, "y": 1490.0}]}, "description": "MID"}, {"boundingPoly": {"vertices": [{"x": 195.0, "y": 1503.0}, {"x": 451.0, "y": 1502.0}, {"x": 451.0, "y": 1557.0}, {"x": 195.0, "y": 1558.0}]}, "description": "REFERENCE"}, {"boundingPoly": {"vertices": [{"x": 198.0, "y": 1568.0}, {"x": 451.0, "y": 1568.0}, {"x": 451.0, "y": 1626.0}, {"x": 198.0, "y": 1626.0}]}, "description": "AUTH CODE"}, {"boundingPoly": {"vertices": [{"x": 1085.0, "y": 1358.0}, {"x": 1315.0, "y": 1355.0}, {"x": 1316.0, "y": 1412.0}, {"x": 1085.0, "y": 1413.0}]}, "description": "**** 5749"}, {"boundingPoly": {"vertices": [{"x": 1116.0, "y": 1426.0}, {"x": 1311.0, "y": 1424.0}, {"x": 1311.0, "y": 1481.0}, {"x": 1116.0, "y": 1483.0}]}, "description": "6634461"}, {"boundingPoly": {"vertices": [{"x": 614.0, "y": 1496.0}, {"x": 1317.0, "y": 1492.0}, {"x": 1317.0, "y": 1550.0}, {"x": 614.0, "y": 1556.0}]}, "description": "S1131T113103#52228@265839"}, {"boundingPoly": {"vertices": [{"x": 1140.0, "y": 1562.0}, {"x": 1318.0, "y": 1560.0}, {"x": 1319.0, "y": 1617.0}, {"x": 1141.0, "y": 1619.0}]}, "description": "889582"}, {"boundingPoly": {"vertices": [{"x": 206.0, "y": 1702.0}, {"x": 351.0, "y": 1703.0}, {"x": 351.0, "y": 1758.0}, {"x": 207.0, "y": 1756.0}]}, "description": "TOTAL"}, {"boundingPoly": {"vertices": [{"x": 1117.0, "y": 1701.0}, {"x": 1323.0, "y": 1696.0}, {"x": 1324.0, "y": 1753.0}, {"x": 1118.0, "y": 1757.0}]}, "description": "USD3.48"}, {"boundingPoly": {"vertices": [{"x": 212.0, "y": 1832.0}, {"x": 332.0, "y": 1832.0}, {"x": 332.0, "y": 1888.0}, {"x": 212.0, "y": 1888.0}]}, "description": " ARC:"}, {"boundingPoly": {"vertices": [{"x": 216.0, "y": 1894.0}, {"x": 333.0, "y": 1894.0}, {"x": 333.0, "y": 1953.0}, {"x": 216.0, "y": 1953.0}]}, "description": " TSI:"}, {"boundingPoly": {"vertices": [{"x": 219.0, "y": 1959.0}, {"x": 336.0, "y": 1959.0}, {"x": 336.0, "y": 2016.0}, {"x": 219.0, "y": 2016.0}]}, "description": " IAD:"}, {"boundingPoly": {"vertices": [{"x": 224.0, "y": 2025.0}, {"x": 341.0, "y": 2025.0}, {"x": 341.0, "y": 2079.0}, {"x": 224.0, "y": 2079.0}]}, "description": " TVR:"}, {"boundingPoly": {"vertices": [{"x": 222.0, "y": 2087.0}, {"x": 338.0, "y": 2087.0}, {"x": 338.0, "y": 2144.0}, {"x": 222.0, "y": 2144.0}]}, "description": " AID:"}, {"boundingPoly": {"vertices": [{"x": 226.0, "y": 2153.0}, {"x": 528.0, "y": 2153.0}, {"x": 528.0, "y": 2211.0}, {"x": 226.0, "y": 2211.0}]}, "description": " PAN Seq No:"}, {"boundingPoly": {"vertices": [{"x": 343.0, "y": 1832.0}, {"x": 403.0, "y": 1832.0}, {"x": 403.0, "y": 1888.0}, {"x": 343.0, "y": 1888.0}]}, "description": " 00"}, {"boundingPoly": {"vertices": [{"x": 344.0, "y": 1897.0}, {"x": 461.0, "y": 1897.0}, {"x": 461.0, "y": 1953.0}, {"x": 344.0, "y": 1953.0}]}, "description": " F800"}, {"boundingPoly": {"vertices": [{"x": 347.0, "y": 1961.0}, {"x": 738.0, "y": 1961.0}, {"x": 738.0, "y": 2024.0}, {"x": 347.0, "y": 2024.0}]}, "description": " 066B0103602002"}, {"boundingPoly": {"vertices": [{"x": 350.0, "y": 2026.0}, {"x": 629.0, "y": 2026.0}, {"x": 629.0, "y": 2083.0}, {"x": 350.0, "y": 2083.0}]}, "description": " 0000008000"}, {"boundingPoly": {"vertices": [{"x": 349.0, "y": 2089.0}, {"x": 794.0, "y": 2089.0}, {"x": 794.0, "y": 2146.0}, {"x": 349.0, "y": 2146.0}]}, "description": " A000000025010801"}, {"boundingPoly": {"vertices": [{"x": 538.0, "y": 2153.0}, {"x": 605.0, "y": 2153.0}, {"x": 605.0, "y": 2209.0}, {"x": 538.0, "y": 2209.0}]}, "description": " 00"}]}