{"textAnnotations": [{"boundingPoly": {"vertices": [{"x": 72.0, "y": 56.0}, {"x": 198.0, "y": 43.0}, {"x": 199.0, "y": 58.0}, {"x": 73.0, "y": 69.0}]}, "description": "Thank You For Visiting the"}, {"boundingPoly": {"vertices": [{"x": 95.0, "y": 81.0}, {"x": 172.0, "y": 74.0}, {"x": 173.0, "y": 87.0}, {"x": 96.0, "y": 95.0}]}, "description": "Matthew Frayster"}, {"boundingPoly": {"vertices": [{"x": 99.0, "y": 109.0}, {"x": 164.0, "y": 101.0}, {"x": 166.0, "y": 113.0}, {"x": 100.0, "y": 123.0}]}, "description": "merchant phone"}, {"boundingPoly": {"vertices": [{"x": 102.0, "y": 125.0}, {"x": 192.0, "y": 125.0}, {"x": 192.0, "y": 147.0}, {"x": 102.0, "y": 147.0}]}, "description": " 8. 1611479 to 73940"}, {"boundingPoly": {"vertices": [{"x": 71.0, "y": 68.0}, {"x": 195.0, "y": 55.0}, {"x": 196.0, "y": 71.0}, {"x": 73.0, "y": 82.0}]}, "description": "merchant name"}, {"boundingPoly": {"vertices": [{"x": 97.0, "y": 96.0}, {"x": 170.0, "y": 87.0}, {"x": 171.0, "y": 99.0}, {"x": 99.0, "y": 108.0}]}, "description": "General Manager"}, {"boundingPoly": {"vertices": [{"x": 93.0, "y": 112.0}, {"x": 188.0, "y": 112.0}, {"x": 188.0, "y": 134.0}, {"x": 93.0, "y": 134.0}]}, "description": " Love Your Feedback!"}, {"boundingPoly": {"vertices": [{"x": 81.0, "y": 134.0}, {"x": 100.0, "y": 134.0}, {"x": 100.0, "y": 148.0}, {"x": 81.0, "y": 148.0}]}, "description": " Text"}, {"boundingPoly": {"vertices": [{"x": 80.0, "y": 122.0}, {"x": 91.0, "y": 122.0}, {"x": 91.0, "y": 135.0}, {"x": 80.0, "y": 135.0}]}, "description": " We"}, {"boundingPoly": {"vertices": [{"x": 217.0, "y": 151.0}, {"x": 234.0, "y": 150.0}, {"x": 235.0, "y": 162.0}, {"x": 218.0, "y": 163.0}]}, "description": "USO"}, {"boundingPoly": {"vertices": [{"x": 212.0, "y": 162.0}, {"x": 235.0, "y": 161.0}, {"x": 236.0, "y": 174.0}, {"x": 212.0, "y": 175.0}]}, "description": "2.85"}, {"boundingPoly": {"vertices": [{"x": 36.0, "y": 171.0}, {"x": 93.0, "y": 173.0}, {"x": 92.0, "y": 186.0}, {"x": 36.0, "y": 183.0}]}, "description": "SOup - 12oz"}, {"boundingPoly": {"vertices": [{"x": 144.0, "y": 197.0}, {"x": 190.0, "y": 193.0}, {"x": 191.0, "y": 204.0}, {"x": 145.0, "y": 209.0}]}, "description": "Sub Total"}, {"boundingPoly": {"vertices": [{"x": 209.0, "y": 190.0}, {"x": 235.0, "y": 189.0}, {"x": 235.0, "y": 201.0}, {"x": 210.0, "y": 202.0}]}, "description": "2.85"}, {"boundingPoly": {"vertices": [{"x": 211.0, "y": 202.0}, {"x": 233.0, "y": 201.0}, {"x": 234.0, "y": 213.0}, {"x": 211.0, "y": 214.0}]}, "description": "0.25"}, {"boundingPoly": {"vertices": [{"x": 144.0, "y": 210.0}, {"x": 195.0, "y": 206.0}, {"x": 196.0, "y": 217.0}, {"x": 145.0, "y": 222.0}]}, "description": "Tax Amount"}, {"boundingPoly": {"vertices": [{"x": 30.0, "y": 248.0}, {"x": 118.0, "y": 249.0}, {"x": 117.0, "y": 273.0}, {"x": 30.0, "y": 272.0}]}, "description": "Total USD"}, {"boundingPoly": {"vertices": [{"x": 188.0, "y": 242.0}, {"x": 232.0, "y": 241.0}, {"x": 232.0, "y": 263.0}, {"x": 189.0, "y": 265.0}]}, "description": "3.10"}, {"boundingPoly": {"vertices": [{"x": 30.0, "y": 306.0}, {"x": 132.0, "y": 307.0}, {"x": 132.0, "y": 320.0}, {"x": 30.0, "y": 319.0}]}, "description": "5009 AMERICAN EXPRESS"}, {"boundingPoly": {"vertices": [{"x": 208.0, "y": 301.0}, {"x": 231.0, "y": 300.0}, {"x": 231.0, "y": 312.0}, {"x": 209.0, "y": 313.0}]}, "description": "3.10"}, {"boundingPoly": {"vertices": [{"x": 32.0, "y": 345.0}, {"x": 46.0, "y": 345.0}, {"x": 46.0, "y": 357.0}, {"x": 31.0, "y": 356.0}]}, "description": "Tax"}, {"boundingPoly": {"vertices": [{"x": 32.0, "y": 357.0}, {"x": 40.0, "y": 357.0}, {"x": 40.0, "y": 369.0}, {"x": 32.0, "y": 369.0}]}, "description": " 0"}, {"boundingPoly": {"vertices": [{"x": 105.0, "y": 342.0}, {"x": 177.0, "y": 342.0}, {"x": 177.0, "y": 357.0}, {"x": 105.0, "y": 357.0}]}, "description": " Taxable Mount"}, {"boundingPoly": {"vertices": [{"x": 180.0, "y": 341.0}, {"x": 196.0, "y": 341.0}, {"x": 196.0, "y": 353.0}, {"x": 180.0, "y": 353.0}]}, "description": " Tax"}, {"boundingPoly": {"vertices": [{"x": 198.0, "y": 340.0}, {"x": 231.0, "y": 340.0}, {"x": 231.0, "y": 353.0}, {"x": 198.0, "y": 353.0}]}, "description": " Asount"}, {"boundingPoly": {"vertices": [{"x": 207.0, "y": 352.0}, {"x": 231.0, "y": 351.0}, {"x": 231.0, "y": 363.0}, {"x": 208.0, "y": 363.0}]}, "description": "0.25"}, {"boundingPoly": {"vertices": [{"x": 42.0, "y": 358.0}, {"x": 71.0, "y": 358.0}, {"x": 71.0, "y": 370.0}, {"x": 42.0, "y": 370.0}]}, "description": " 8.875"}, {"boundingPoly": {"vertices": [{"x": 30.0, "y": 389.0}, {"x": 229.0, "y": 389.0}, {"x": 229.0, "y": 407.0}, {"x": 30.0, "y": 407.0}]}, "description": " 11/19/2019 12:51 PM #:31955 0:123 0:1111"}, {"boundingPoly": {"vertices": [{"x": 30.0, "y": 407.0}, {"x": 73.0, "y": 407.0}, {"x": 73.0, "y": 419.0}, {"x": 30.0, "y": 419.0}]}, "description": " 17 5:1111"}, {"boundingPoly": {"vertices": [{"x": 28.0, "y": 419.0}, {"x": 77.0, "y": 419.0}, {"x": 77.0, "y": 432.0}, {"x": 28.0, "y": 432.0}]}, "description": " Served you"}, {"boundingPoly": {"vertices": [{"x": 79.0, "y": 415.0}, {"x": 200.0, "y": 415.0}, {"x": 200.0, "y": 431.0}, {"x": 79.0, "y": 431.0}]}, "description": " : AENY Self Checkout - 7"}, {"boundingPoly": {"vertices": [{"x": 88.0, "y": 493.0}, {"x": 154.0, "y": 492.0}, {"x": 155.0, "y": 503.0}, {"x": 88.0, "y": 504.0}]}, "description": "AMEX NY937 (15)"}, {"boundingPoly": {"vertices": [{"x": 119.0, "y": 505.0}, {"x": 146.0, "y": 505.0}, {"x": 146.0, "y": 517.0}, {"x": 119.0, "y": 517.0}]}, "description": " above"}, {"boundingPoly": {"vertices": [{"x": 63.0, "y": 518.0}, {"x": 177.0, "y": 518.0}, {"x": 177.0, "y": 528.0}, {"x": 63.0, "y": 529.0}]}, "description": "according to card Issuer"}, {"boundingPoly": {"vertices": [{"x": 73.0, "y": 530.0}, {"x": 164.0, "y": 530.0}, {"x": 164.0, "y": 542.0}, {"x": 73.0, "y": 542.0}]}, "description": " (Merchant agreement"}, {"boundingPoly": {"vertices": [{"x": 40.0, "y": 543.0}, {"x": 108.0, "y": 543.0}, {"x": 108.0, "y": 554.0}, {"x": 40.0, "y": 554.0}]}, "description": " Voucher)Retain"}, {"boundingPoly": {"vertices": [{"x": 102.0, "y": 556.0}, {"x": 138.0, "y": 556.0}, {"x": 138.0, "y": 566.0}, {"x": 102.0, "y": 566.0}]}, "description": "records."}, {"boundingPoly": {"vertices": [{"x": 33.0, "y": 506.0}, {"x": 99.0, "y": 506.0}, {"x": 99.0, "y": 518.0}, {"x": 33.0, "y": 518.0}]}, "description": " I agree to pay"}, {"boundingPoly": {"vertices": [{"x": 101.0, "y": 506.0}, {"x": 116.0, "y": 506.0}, {"x": 116.0, "y": 517.0}, {"x": 101.0, "y": 517.0}]}, "description": " the"}, {"boundingPoly": {"vertices": [{"x": 149.0, "y": 505.0}, {"x": 174.0, "y": 505.0}, {"x": 174.0, "y": 517.0}, {"x": 149.0, "y": 517.0}]}, "description": " total"}, {"boundingPoly": {"vertices": [{"x": 176.0, "y": 503.0}, {"x": 208.0, "y": 503.0}, {"x": 208.0, "y": 516.0}, {"x": 176.0, "y": 516.0}]}, "description": " amount"}, {"boundingPoly": {"vertices": [{"x": 26.0, "y": 531.0}, {"x": 71.0, "y": 531.0}, {"x": 71.0, "y": 542.0}, {"x": 26.0, "y": 542.0}]}, "description": " agreement."}, {"boundingPoly": {"vertices": [{"x": 166.0, "y": 530.0}, {"x": 178.0, "y": 530.0}, {"x": 178.0, "y": 542.0}, {"x": 166.0, "y": 542.0}]}, "description": " it"}, {"boundingPoly": {"vertices": [{"x": 157.0, "y": 543.0}, {"x": 173.0, "y": 543.0}, {"x": 173.0, "y": 554.0}, {"x": 157.0, "y": 554.0}]}, "description": " for"}, {"boundingPoly": {"vertices": [{"x": 180.0, "y": 529.0}, {"x": 212.0, "y": 529.0}, {"x": 212.0, "y": 541.0}, {"x": 180.0, "y": 541.0}]}, "description": " Credit"}, {"boundingPoly": {"vertices": [{"x": 175.0, "y": 543.0}, {"x": 197.0, "y": 543.0}, {"x": 197.0, "y": 554.0}, {"x": 175.0, "y": 554.0}]}, "description": " your"}, {"boundingPoly": {"vertices": [{"x": 110.0, "y": 543.0}, {"x": 155.0, "y": 543.0}, {"x": 155.0, "y": 554.0}, {"x": 110.0, "y": 554.0}]}, "description": " this copy"}, {"boundingPoly": {"vertices": [{"x": 24.0, "y": 579.0}, {"x": 116.0, "y": 580.0}, {"x": 116.0, "y": 591.0}, {"x": 24.0, "y": 591.0}]}, "description": "PURCHASE / APPROVED"}, {"boundingPoly": {"vertices": [{"x": 23.0, "y": 592.0}, {"x": 102.0, "y": 592.0}, {"x": 102.0, "y": 603.0}, {"x": 23.0, "y": 603.0}]}, "description": "AMERICAN EXPRESS"}, {"boundingPoly": {"vertices": [{"x": 24.0, "y": 604.0}, {"x": 97.0, "y": 605.0}, {"x": 97.0, "y": 616.0}, {"x": 23.0, "y": 614.0}]}, "description": "*********** 1006"}, {"boundingPoly": {"vertices": [{"x": 24.0, "y": 617.0}, {"x": 68.0, "y": 617.0}, {"x": 68.0, "y": 629.0}, {"x": 24.0, "y": 629.0}]}, "description": " CHIP READ"}, {"boundingPoly": {"vertices": [{"x": 70.0, "y": 617.0}, {"x": 79.0, "y": 617.0}, {"x": 79.0, "y": 629.0}, {"x": 70.0, "y": 629.0}]}, "description": " /"}, {"boundingPoly": {"vertices": [{"x": 23.0, "y": 642.0}, {"x": 116.0, "y": 642.0}, {"x": 116.0, "y": 656.0}, {"x": 23.0, "y": 656.0}]}, "description": " 2019/11/19 12:51:12"}, {"boundingPoly": {"vertices": [{"x": 175.0, "y": 655.0}, {"x": 214.0, "y": 656.0}, {"x": 214.0, "y": 668.0}, {"x": 174.0, "y": 667.0}]}, "description": "**** 9174"}, {"boundingPoly": {"vertices": [{"x": 178.0, "y": 669.0}, {"x": 214.0, "y": 669.0}, {"x": 213.0, "y": 681.0}, {"x": 178.0, "y": 681.0}]}, "description": "6634459"}, {"boundingPoly": {"vertices": [{"x": 22.0, "y": 667.0}, {"x": 38.0, "y": 667.0}, {"x": 38.0, "y": 678.0}, {"x": 22.0, "y": 678.0}]}, "description": "HID"}, {"boundingPoly": {"vertices": [{"x": 22.0, "y": 680.0}, {"x": 67.0, "y": 680.0}, {"x": 67.0, "y": 691.0}, {"x": 22.0, "y": 691.0}]}, "description": "REFERENCE"}, {"boundingPoly": {"vertices": [{"x": 23.0, "y": 692.0}, {"x": 68.0, "y": 692.0}, {"x": 68.0, "y": 704.0}, {"x": 22.0, "y": 703.0}]}, "description": "AUTH CODE"}, {"boundingPoly": {"vertices": [{"x": 184.0, "y": 694.0}, {"x": 213.0, "y": 696.0}, {"x": 213.0, "y": 707.0}, {"x": 183.0, "y": 706.0}]}, "description": "871233"}, {"boundingPoly": {"vertices": [{"x": 22.0, "y": 717.0}, {"x": 46.0, "y": 718.0}, {"x": 46.0, "y": 729.0}, {"x": 22.0, "y": 728.0}]}, "description": "TOTAL"}, {"boundingPoly": {"vertices": [{"x": 177.0, "y": 720.0}, {"x": 215.0, "y": 721.0}, {"x": 214.0, "y": 733.0}, {"x": 177.0, "y": 731.0}]}, "description": "US03.10"}, {"boundingPoly": {"vertices": [{"x": 22.0, "y": 743.0}, {"x": 41.0, "y": 743.0}, {"x": 41.0, "y": 755.0}, {"x": 22.0, "y": 755.0}]}, "description": " ARC:"}, {"boundingPoly": {"vertices": [{"x": 21.0, "y": 755.0}, {"x": 40.0, "y": 755.0}, {"x": 40.0, "y": 768.0}, {"x": 21.0, "y": 768.0}]}, "description": " TSI:"}, {"boundingPoly": {"vertices": [{"x": 20.0, "y": 768.0}, {"x": 41.0, "y": 768.0}, {"x": 41.0, "y": 780.0}, {"x": 20.0, "y": 780.0}]}, "description": " IAD:"}, {"boundingPoly": {"vertices": [{"x": 21.0, "y": 781.0}, {"x": 40.0, "y": 781.0}, {"x": 40.0, "y": 793.0}, {"x": 21.0, "y": 793.0}]}, "description": " TVR:"}, {"boundingPoly": {"vertices": [{"x": 20.0, "y": 794.0}, {"x": 41.0, "y": 794.0}, {"x": 41.0, "y": 805.0}, {"x": 20.0, "y": 805.0}]}, "description": " AID:"}, {"boundingPoly": {"vertices": [{"x": 19.0, "y": 806.0}, {"x": 74.0, "y": 806.0}, {"x": 74.0, "y": 819.0}, {"x": 19.0, "y": 819.0}]}, "description": " PAN S Nb:"}, {"boundingPoly": {"vertices": [{"x": 43.0, "y": 743.0}, {"x": 58.0, "y": 743.0}, {"x": 58.0, "y": 755.0}, {"x": 43.0, "y": 755.0}]}, "description": " 00"}, {"boundingPoly": {"vertices": [{"x": 43.0, "y": 756.0}, {"x": 66.0, "y": 756.0}, {"x": 66.0, "y": 768.0}, {"x": 43.0, "y": 768.0}]}, "description": " F803"}, {"boundingPoly": {"vertices": [{"x": 42.0, "y": 768.0}, {"x": 113.0, "y": 768.0}, {"x": 113.0, "y": 781.0}, {"x": 42.0, "y": 781.0}]}, "description": " 06710103602002"}, {"boundingPoly": {"vertices": [{"x": 42.0, "y": 781.0}, {"x": 93.0, "y": 781.0}, {"x": 93.0, "y": 793.0}, {"x": 42.0, "y": 793.0}]}, "description": " 0020008000"}, {"boundingPoly": {"vertices": [{"x": 43.0, "y": 794.0}, {"x": 120.0, "y": 794.0}, {"x": 120.0, "y": 806.0}, {"x": 43.0, "y": 806.0}]}, "description": " A000000025010801"}, {"boundingPoly": {"vertices": [{"x": 76.0, "y": 807.0}, {"x": 89.0, "y": 807.0}, {"x": 89.0, "y": 819.0}, {"x": 76.0, "y": 819.0}]}, "description": " 03"}]}