{"textAnnotations": [{"boundingPoly": {"vertices": [{"x": 402.0, "y": 158.0}, {"x": 655.0, "y": 162.0}, {"x": 654.0, "y": 199.0}, {"x": 401.0, "y": 193.0}]}, "description": "merchant name"}, {"boundingPoly": {"vertices": [{"x": 418.0, "y": 199.0}, {"x": 656.0, "y": 204.0}, {"x": 655.0, "y": 239.0}, {"x": 418.0, "y": 233.0}]}, "description": "merchant address"}, {"boundingPoly": {"vertices": [{"x": 380.0, "y": 239.0}, {"x": 676.0, "y": 241.0}, {"x": 676.0, "y": 277.0}, {"x": 379.0, "y": 274.0}]}, "description": "merchant address"}, {"boundingPoly": {"vertices": [{"x": 426.0, "y": 279.0}, {"x": 624.0, "y": 280.0}, {"x": 624.0, "y": 316.0}, {"x": 426.0, "y": 315.0}]}, "description": "merchant phone"}, {"boundingPoly": {"vertices": [{"x": 216.0, "y": 357.0}, {"x": 839.0, "y": 357.0}, {"x": 839.0, "y": 397.0}, {"x": 216.0, "y": 397.0}]}, "description": " Cntr 5449 11/02/19-A 2:52pm"}, {"boundingPoly": {"vertices": [{"x": 220.0, "y": 398.0}, {"x": 481.0, "y": 398.0}, {"x": 480.0, "y": 435.0}, {"x": 219.0, "y": 433.0}]}, "description": "Guests 1 CASH #2"}, {"boundingPoly": {"vertices": [{"x": 207.0, "y": 459.0}, {"x": 242.0, "y": 459.0}, {"x": 242.0, "y": 489.0}, {"x": 207.0, "y": 489.0}]}, "description": " 1 .."}, {"boundingPoly": {"vertices": [{"x": 242.0, "y": 490.0}, {"x": 514.0, "y": 497.0}, {"x": 513.0, "y": 526.0}, {"x": 241.0, "y": 518.0}]}, "description": "COCONUT CHIA PARF"}, {"boundingPoly": {"vertices": [{"x": 221.0, "y": 552.0}, {"x": 476.0, "y": 558.0}, {"x": 475.0, "y": 588.0}, {"x": 221.0, "y": 583.0}]}, "description": "REGULAR PREMIUM"}, {"boundingPoly": {"vertices": [{"x": 598.0, "y": 400.0}, {"x": 840.0, "y": 398.0}, {"x": 840.0, "y": 433.0}, {"x": 598.0, "y": 436.0}]}, "description": "Table (STANDEE)"}, {"boundingPoly": {"vertices": [{"x": 247.0, "y": 459.0}, {"x": 440.0, "y": 459.0}, {"x": 440.0, "y": 491.0}, {"x": 247.0, "y": 491.0}]}, "description": " SWEET TREATS"}, {"boundingPoly": {"vertices": [{"x": 766.0, "y": 475.0}, {"x": 841.0, "y": 470.0}, {"x": 844.0, "y": 498.0}, {"x": 768.0, "y": 503.0}]}, "description": "5.95"}, {"boundingPoly": {"vertices": [{"x": 188.0, "y": 519.0}, {"x": 302.0, "y": 520.0}, {"x": 302.0, "y": 551.0}, {"x": 188.0, "y": 550.0}]}, "description": "1 .. SOUP"}, {"boundingPoly": {"vertices": [{"x": 766.0, "y": 537.0}, {"x": 838.0, "y": 537.0}, {"x": 838.0, "y": 567.0}, {"x": 767.0, "y": 570.0}]}, "description": "6.25"}, {"boundingPoly": {"vertices": [{"x": 475.0, "y": 626.0}, {"x": 558.0, "y": 629.0}, {"x": 556.0, "y": 658.0}, {"x": 473.0, "y": 657.0}]}, "description": "Items"}, {"boundingPoly": {"vertices": [{"x": 500.0, "y": 664.0}, {"x": 556.0, "y": 668.0}, {"x": 553.0, "y": 693.0}, {"x": 497.0, "y": 692.0}]}, "description": "Tax"}, {"boundingPoly": {"vertices": [{"x": 380.0, "y": 694.0}, {"x": 544.0, "y": 697.0}, {"x": 543.0, "y": 733.0}, {"x": 379.0, "y": 730.0}]}, "description": "TOTAL"}, {"boundingPoly": {"vertices": [{"x": 751.0, "y": 614.0}, {"x": 838.0, "y": 614.0}, {"x": 837.0, "y": 646.0}, {"x": 752.0, "y": 650.0}]}, "description": "12.20"}, {"boundingPoly": {"vertices": [{"x": 764.0, "y": 656.0}, {"x": 838.0, "y": 654.0}, {"x": 837.0, "y": 689.0}, {"x": 766.0, "y": 688.0}]}, "description": "1.08"}, {"boundingPoly": {"vertices": [{"x": 660.0, "y": 695.0}, {"x": 837.0, "y": 696.0}, {"x": 836.0, "y": 735.0}, {"x": 660.0, "y": 733.0}]}, "description": "13.28"}, {"boundingPoly": {"vertices": [{"x": 270.0, "y": 779.0}, {"x": 551.0, "y": 781.0}, {"x": 551.0, "y": 819.0}, {"x": 270.0, "y": 816.0}]}, "description": "AMERICAN EXPRESS"}, {"boundingPoly": {"vertices": [{"x": 321.0, "y": 823.0}, {"x": 638.0, "y": 825.0}, {"x": 638.0, "y": 862.0}, {"x": 321.0, "y": 860.0}]}, "description": "1. 376536xxxxx1000"}, {"boundingPoly": {"vertices": [{"x": 658.0, "y": 782.0}, {"x": 834.0, "y": 783.0}, {"x": 834.0, "y": 825.0}, {"x": 658.0, "y": 823.0}]}, "description": "13.28"}, {"boundingPoly": {"vertices": [{"x": 188.0, "y": 903.0}, {"x": 796.0, "y": 903.0}, {"x": 796.0, "y": 942.0}, {"x": 188.0, "y": 942.0}]}, "description": " Check 5449 CHARGED 2:52pm CASH2#1-B"}, {"boundingPoly": {"vertices": [{"x": 716.0, "y": 1017.0}, {"x": 814.0, "y": 1015.0}, {"x": 814.0, "y": 1047.0}, {"x": 717.0, "y": 1048.0}]}, "description": "532167"}, {"boundingPoly": {"vertices": [{"x": 149.0, "y": 979.0}, {"x": 575.0, "y": 974.0}, {"x": 575.0, "y": 1002.0}, {"x": 150.0, "y": 1009.0}]}, "description": "01.11174030 AMEX*1000 Swp"}, {"boundingPoly": {"vertices": [{"x": 525.0, "y": 1023.0}, {"x": 653.0, "y": 1018.0}, {"x": 655.0, "y": 1050.0}, {"x": 526.0, "y": 1056.0}]}, "description": "Approval"}, {"boundingPoly": {"vertices": [{"x": 195.0, "y": 999.0}, {"x": 577.0, "y": 999.0}, {"x": 577.0, "y": 1036.0}, {"x": 195.0, "y": 1036.0}]}, "description": " 11-02-2019 14:52:13 NOS"}, {"boundingPoly": {"vertices": [{"x": 741.0, "y": 995.0}, {"x": 822.0, "y": 994.0}, {"x": 822.0, "y": 1016.0}, {"x": 741.0, "y": 1017.0}]}, "description": "13.28"}, {"boundingPoly": {"vertices": [{"x": 162.0, "y": 1117.0}, {"x": 821.0, "y": 1090.0}, {"x": 822.0, "y": 1127.0}, {"x": 163.0, "y": 1154.0}]}, "description": "Cardholder agrees to pay the above TOTAL"}, {"boundingPoly": {"vertices": [{"x": 197.0, "y": 1157.0}, {"x": 803.0, "y": 1133.0}, {"x": 805.0, "y": 1167.0}, {"x": 199.0, "y": 1195.0}]}, "description": "amount according to issuer agreement."}, {"boundingPoly": {"vertices": [{"x": 325.0, "y": 1230.0}, {"x": 662.0, "y": 1206.0}, {"x": 664.0, "y": 1241.0}, {"x": 328.0, "y": 1265.0}]}, "description": "PLEASE EMAIL US YOUR"}, {"boundingPoly": {"vertices": [{"x": 299.0, "y": 1270.0}, {"x": 693.0, "y": 1245.0}, {"x": 695.0, "y": 1280.0}, {"x": 301.0, "y": 1306.0}]}, "description": "QUESTIONS OR COMMENTS AT"}, {"boundingPoly": {"vertices": [{"x": 336.0, "y": 1343.0}, {"x": 664.0, "y": 1320.0}, {"x": 666.0, "y": 1355.0}, {"x": 338.0, "y": 1378.0}]}, "description": "HELLO@FRESHANDCO.COM"}, {"boundingPoly": {"vertices": [{"x": 423.0, "y": 1412.0}, {"x": 582.0, "y": 1398.0}, {"x": 584.0, "y": 1431.0}, {"x": 425.0, "y": 1444.0}]}, "description": "THANK YOU!"}, {"boundingPoly": {"vertices": [{"x": 279.0, "y": 1526.0}, {"x": 727.0, "y": 1508.0}, {"x": 729.0, "y": 1556.0}, {"x": 282.0, "y": 1580.0}]}, "description": "COMPLIMENTARY WiFi IS HERE !!"}, {"boundingPoly": {"vertices": [{"x": 429.0, "y": 1587.0}, {"x": 593.0, "y": 1580.0}, {"x": 594.0, "y": 1613.0}, {"x": 429.0, "y": 1621.0}]}, "description": "freshguest"}, {"boundingPoly": {"vertices": [{"x": 333.0, "y": 1545.0}, {"x": 695.0, "y": 1545.0}, {"x": 695.0, "y": 1606.0}, {"x": 333.0, "y": 1606.0}]}, "description": " THIS WEEKS PASSWORD IS:"}]}