{"textAnnotations": [{"boundingPoly": {"vertices": [{"x": 426.0, "y": 42.0}, {"x": 699.0, "y": 31.0}, {"x": 701.0, "y": 105.0}, {"x": 429.0, "y": 115.0}]}, "description": "merchant name"}, {"boundingPoly": {"vertices": [{"x": 444.0, "y": 101.0}, {"x": 695.0, "y": 101.0}, {"x": 695.0, "y": 140.0}, {"x": 444.0, "y": 140.0}]}, "description": "merchant name"}, {"boundingPoly": {"vertices": [{"x": 292.0, "y": 195.0}, {"x": 740.0, "y": 190.0}, {"x": 740.0, "y": 226.0}, {"x": 292.0, "y": 231.0}]}, "description": "merchant address"}, {"boundingPoly": {"vertices": [{"x": 190.0, "y": 228.0}, {"x": 868.0, "y": 228.0}, {"x": 868.0, "y": 268.0}, {"x": 190.0, "y": 268.0}]}, "description": " 10/29/2019 05:52 PM EXPIRES 01/28/2020"}, {"boundingPoly": {"vertices": [{"x": 153.0, "y": 389.0}, {"x": 279.0, "y": 388.0}, {"x": 279.0, "y": 420.0}, {"x": 154.0, "y": 422.0}]}, "description": "GROCERY"}, {"boundingPoly": {"vertices": [{"x": 154.0, "y": 425.0}, {"x": 480.0, "y": 420.0}, {"x": 480.0, "y": 453.0}, {"x": 155.0, "y": 457.0}]}, "description": "261070245 DRIED FRT"}, {"boundingPoly": {"vertices": [{"x": 160.0, "y": 459.0}, {"x": 530.0, "y": 456.0}, {"x": 531.0, "y": 488.0}, {"x": 160.0, "y": 492.0}]}, "description": "261070170 MP DRIED FRT"}, {"boundingPoly": {"vertices": [{"x": 163.0, "y": 492.0}, {"x": 531.0, "y": 490.0}, {"x": 532.0, "y": 521.0}, {"x": 163.0, "y": 525.0}]}, "description": "071080528 AF MIXED NUT"}, {"boundingPoly": {"vertices": [{"x": 329.0, "y": 524.0}, {"x": 534.0, "y": 523.0}, {"x": 534.0, "y": 555.0}, {"x": 330.0, "y": 556.0}]}, "description": "2 @ $5.50 ea"}, {"boundingPoly": {"vertices": [{"x": 334.0, "y": 557.0}, {"x": 647.0, "y": 554.0}, {"x": 647.0, "y": 586.0}, {"x": 334.0, "y": 588.0}]}, "description": "Regular Price $5.99"}, {"boundingPoly": {"vertices": [{"x": 175.0, "y": 591.0}, {"x": 425.0, "y": 588.0}, {"x": 425.0, "y": 617.0}, {"x": 175.0, "y": 621.0}]}, "description": "055021830 M&M'S"}, {"boundingPoly": {"vertices": [{"x": 679.0, "y": 424.0}, {"x": 714.0, "y": 426.0}, {"x": 716.0, "y": 459.0}, {"x": 681.0, "y": 456.0}]}, "description": "NF"}, {"boundingPoly": {"vertices": [{"x": 671.0, "y": 454.0}, {"x": 718.0, "y": 453.0}, {"x": 720.0, "y": 487.0}, {"x": 669.0, "y": 488.0}]}, "description": "NF"}, {"boundingPoly": {"vertices": [{"x": 675.0, "y": 489.0}, {"x": 713.0, "y": 491.0}, {"x": 713.0, "y": 525.0}, {"x": 675.0, "y": 523.0}]}, "description": "NF"}, {"boundingPoly": {"vertices": [{"x": 780.0, "y": 425.0}, {"x": 870.0, "y": 425.0}, {"x": 867.0, "y": 455.0}, {"x": 780.0, "y": 457.0}]}, "description": "$3.99"}, {"boundingPoly": {"vertices": [{"x": 777.0, "y": 458.0}, {"x": 867.0, "y": 459.0}, {"x": 866.0, "y": 489.0}, {"x": 776.0, "y": 491.0}]}, "description": "$1.19"}, {"boundingPoly": {"vertices": [{"x": 759.0, "y": 492.0}, {"x": 865.0, "y": 493.0}, {"x": 864.0, "y": 527.0}, {"x": 759.0, "y": 526.0}]}, "description": "$11.00"}, {"boundingPoly": {"vertices": [{"x": 178.0, "y": 621.0}, {"x": 521.0, "y": 617.0}, {"x": 522.0, "y": 648.0}, {"x": 178.0, "y": 653.0}]}, "description": "071201776 GG SNCK BAR"}, {"boundingPoly": {"vertices": [{"x": 766.0, "y": 590.0}, {"x": 859.0, "y": 591.0}, {"x": 859.0, "y": 620.0}, {"x": 766.0, "y": 620.0}]}, "description": "$2.89"}, {"boundingPoly": {"vertices": [{"x": 768.0, "y": 623.0}, {"x": 856.0, "y": 623.0}, {"x": 856.0, "y": 652.0}, {"x": 769.0, "y": 653.0}]}, "description": "$2.59"}, {"boundingPoly": {"vertices": [{"x": 181.0, "y": 652.0}, {"x": 456.0, "y": 649.0}, {"x": 457.0, "y": 680.0}, {"x": 181.0, "y": 683.0}]}, "description": "HEALTH AND BEAUTY"}, {"boundingPoly": {"vertices": [{"x": 184.0, "y": 684.0}, {"x": 445.0, "y": 681.0}, {"x": 446.0, "y": 708.0}, {"x": 184.0, "y": 712.0}]}, "description": "245040832 TAMPAX"}, {"boundingPoly": {"vertices": [{"x": 190.0, "y": 711.0}, {"x": 477.0, "y": 710.0}, {"x": 477.0, "y": 738.0}, {"x": 190.0, "y": 740.0}]}, "description": "245070659 BAND-AID"}, {"boundingPoly": {"vertices": [{"x": 674.0, "y": 685.0}, {"x": 693.0, "y": 686.0}, {"x": 692.0, "y": 709.0}, {"x": 672.0, "y": 707.0}]}, "description": "T"}, {"boundingPoly": {"vertices": [{"x": 766.0, "y": 685.0}, {"x": 852.0, "y": 686.0}, {"x": 851.0, "y": 714.0}, {"x": 765.0, "y": 713.0}]}, "description": "$3.99"}, {"boundingPoly": {"vertices": [{"x": 763.0, "y": 714.0}, {"x": 847.0, "y": 714.0}, {"x": 847.0, "y": 742.0}, {"x": 763.0, "y": 742.0}]}, "description": "$3.29"}, {"boundingPoly": {"vertices": [{"x": 749.0, "y": 743.0}, {"x": 846.0, "y": 743.0}, {"x": 846.0, "y": 771.0}, {"x": 749.0, "y": 770.0}]}, "description": "$11.99"}, {"boundingPoly": {"vertices": [{"x": 759.0, "y": 772.0}, {"x": 842.0, "y": 772.0}, {"x": 842.0, "y": 799.0}, {"x": 759.0, "y": 799.0}]}, "description": "$4.89"}, {"boundingPoly": {"vertices": [{"x": 190.0, "y": 740.0}, {"x": 495.0, "y": 737.0}, {"x": 495.0, "y": 766.0}, {"x": 190.0, "y": 768.0}]}, "description": "245070266 BIOFREEZE"}, {"boundingPoly": {"vertices": [{"x": 198.0, "y": 766.0}, {"x": 510.0, "y": 766.0}, {"x": 510.0, "y": 794.0}, {"x": 198.0, "y": 794.0}]}, "description": "052031209 LIP SMACKR"}, {"boundingPoly": {"vertices": [{"x": 700.0, "y": 718.0}, {"x": 720.0, "y": 718.0}, {"x": 719.0, "y": 735.0}, {"x": 699.0, "y": 736.0}]}, "description": "+"}, {"boundingPoly": {"vertices": [{"x": 667.0, "y": 743.0}, {"x": 692.0, "y": 744.0}, {"x": 691.0, "y": 767.0}, {"x": 666.0, "y": 766.0}]}, "description": "T"}, {"boundingPoly": {"vertices": [{"x": 670.0, "y": 765.0}, {"x": 690.0, "y": 768.0}, {"x": 688.0, "y": 791.0}, {"x": 667.0, "y": 787.0}]}, "description": "T"}, {"boundingPoly": {"vertices": [{"x": 553.0, "y": 822.0}, {"x": 670.0, "y": 823.0}, {"x": 669.0, "y": 850.0}, {"x": 553.0, "y": 848.0}]}, "description": "SUBTOTAL"}, {"boundingPoly": {"vertices": [{"x": 251.0, "y": 848.0}, {"x": 674.0, "y": 848.0}, {"x": 674.0, "y": 877.0}, {"x": 251.0, "y": 877.0}]}, "description": "T = AZ TAX 8.60000 on $24.16"}, {"boundingPoly": {"vertices": [{"x": 601.0, "y": 876.0}, {"x": 673.0, "y": 876.0}, {"x": 673.0, "y": 902.0}, {"x": 600.0, "y": 902.0}]}, "description": "TOTAL"}, {"boundingPoly": {"vertices": [{"x": 448.0, "y": 907.0}, {"x": 705.0, "y": 904.0}, {"x": 706.0, "y": 931.0}, {"x": 448.0, "y": 934.0}]}, "description": "*1000 AMEX CHARGE"}, {"boundingPoly": {"vertices": [{"x": 611.0, "y": 933.0}, {"x": 855.0, "y": 933.0}, {"x": 855.0, "y": 962.0}, {"x": 611.0, "y": 962.0}]}, "description": " A000000025010801"}, {"boundingPoly": {"vertices": [{"x": 616.0, "y": 961.0}, {"x": 858.0, "y": 960.0}, {"x": 858.0, "y": 988.0}, {"x": 616.0, "y": 990.0}]}, "description": "AMERICAN EXPRESS"}, {"boundingPoly": {"vertices": [{"x": 767.0, "y": 991.0}, {"x": 860.0, "y": 990.0}, {"x": 861.0, "y": 1018.0}, {"x": 768.0, "y": 1019.0}]}, "description": "884234"}, {"boundingPoly": {"vertices": [{"x": 758.0, "y": 826.0}, {"x": 858.0, "y": 828.0}, {"x": 858.0, "y": 855.0}, {"x": 757.0, "y": 854.0}]}, "description": "$45.82"}, {"boundingPoly": {"vertices": [{"x": 769.0, "y": 854.0}, {"x": 855.0, "y": 854.0}, {"x": 855.0, "y": 880.0}, {"x": 769.0, "y": 879.0}]}, "description": "$2.08"}, {"boundingPoly": {"vertices": [{"x": 758.0, "y": 878.0}, {"x": 851.0, "y": 878.0}, {"x": 851.0, "y": 905.0}, {"x": 758.0, "y": 903.0}]}, "description": "$47.90"}, {"boundingPoly": {"vertices": [{"x": 759.0, "y": 904.0}, {"x": 851.0, "y": 904.0}, {"x": 851.0, "y": 932.0}, {"x": 759.0, "y": 931.0}]}, "description": "$47.90"}, {"boundingPoly": {"vertices": [{"x": 538.0, "y": 935.0}, {"x": 606.0, "y": 935.0}, {"x": 606.0, "y": 964.0}, {"x": 538.0, "y": 964.0}]}, "description": " AID:"}, {"boundingPoly": {"vertices": [{"x": 557.0, "y": 992.0}, {"x": 706.0, "y": 992.0}, {"x": 706.0, "y": 1023.0}, {"x": 557.0, "y": 1023.0}]}, "description": " AUTH CODE:"}, {"boundingPoly": {"vertices": [{"x": 354.0, "y": 1091.0}, {"x": 714.0, "y": 1084.0}, {"x": 715.0, "y": 1115.0}, {"x": 355.0, "y": 1122.0}]}, "description": "+ INDICATES HEALTH ITEM"}, {"boundingPoly": {"vertices": [{"x": 645.0, "y": 1147.0}, {"x": 716.0, "y": 1147.0}, {"x": 716.0, "y": 1180.0}, {"x": 645.0, "y": 1180.0}]}, "description": " 3.29"}, {"boundingPoly": {"vertices": [{"x": 352.0, "y": 1148.0}, {"x": 640.0, "y": 1148.0}, {"x": 640.0, "y": 1187.0}, {"x": 352.0, "y": 1187.0}]}, "description": " HEALTH ITEM TOTAL:"}, {"boundingPoly": {"vertices": [{"x": 354.0, "y": 1217.0}, {"x": 718.0, "y": 1208.0}, {"x": 719.0, "y": 1241.0}, {"x": 355.0, "y": 1250.0}]}, "description": "TOTAL SAVINGS THIS TRIP"}, {"boundingPoly": {"vertices": [{"x": 492.0, "y": 1245.0}, {"x": 582.0, "y": 1245.0}, {"x": 582.0, "y": 1274.0}, {"x": 492.0, "y": 1274.0}]}, "description": "$0.98"}, {"boundingPoly": {"vertices": [{"x": 188.0, "y": 1351.0}, {"x": 882.0, "y": 1338.0}, {"x": 883.0, "y": 1370.0}, {"x": 189.0, "y": 1388.0}]}, "description": "REC#2-9302-1360-0171-0538-6 VCD#759-254-549"}, {"boundingPoly": {"vertices": [{"x": 266.0, "y": 1418.0}, {"x": 802.0, "y": 1406.0}, {"x": 803.0, "y": 1438.0}, {"x": 267.0, "y": 1454.0}]}, "description": "Help make your Target Run better."}, {"boundingPoly": {"vertices": [{"x": 204.0, "y": 1453.0}, {"x": 868.0, "y": 1440.0}, {"x": 869.0, "y": 1474.0}, {"x": 205.0, "y": 1491.0}]}, "description": "Take a 2 minute survey about today's trip"}, {"boundingPoly": {"vertices": [{"x": 403.0, "y": 1512.0}, {"x": 664.0, "y": 1508.0}, {"x": 665.0, "y": 1541.0}, {"x": 403.0, "y": 1546.0}]}, "description": "informtarget.com"}, {"boundingPoly": {"vertices": [{"x": 335.0, "y": 1545.0}, {"x": 477.0, "y": 1545.0}, {"x": 477.0, "y": 1585.0}, {"x": 335.0, "y": 1585.0}]}, "description": " User ID:"}, {"boundingPoly": {"vertices": [{"x": 482.0, "y": 1539.0}, {"x": 713.0, "y": 1539.0}, {"x": 713.0, "y": 1577.0}, {"x": 482.0, "y": 1577.0}]}, "description": " 7069 7864 0982"}, {"boundingPoly": {"vertices": [{"x": 488.0, "y": 1574.0}, {"x": 540.0, "y": 1574.0}, {"x": 540.0, "y": 1599.0}, {"x": 488.0, "y": 1599.0}]}, "description": " cd:"}, {"boundingPoly": {"vertices": [{"x": 547.0, "y": 1573.0}, {"x": 667.0, "y": 1573.0}, {"x": 667.0, "y": 1599.0}, {"x": 547.0, "y": 1599.0}]}, "description": " 894 614"}]}