{"textAnnotations": [{"boundingPoly": {"vertices": [{"x": 87.0, "y": 23.0}, {"x": 286.0, "y": 17.0}, {"x": 287.0, "y": 49.0}, {"x": 87.0, "y": 53.0}]}, "description": "merchant name"}, {"boundingPoly": {"vertices": [{"x": 116.0, "y": 77.0}, {"x": 253.0, "y": 77.0}, {"x": 253.0, "y": 95.0}, {"x": 116.0, "y": 94.0}]}, "description": "merchant address"}, {"boundingPoly": {"vertices": [{"x": 142.0, "y": 104.0}, {"x": 230.0, "y": 106.0}, {"x": 230.0, "y": 122.0}, {"x": 142.0, "y": 119.0}]}, "description": "merchant phone"}, {"boundingPoly": {"vertices": [{"x": 156.0, "y": 133.0}, {"x": 332.0, "y": 133.0}, {"x": 332.0, "y": 151.0}, {"x": 156.0, "y": 151.0}]}, "description": " 0006 12/02/2019 9:13 PM"}, {"boundingPoly": {"vertices": [{"x": 46.0, "y": 165.0}, {"x": 202.0, "y": 160.0}, {"x": 203.0, "y": 176.0}, {"x": 47.0, "y": 184.0}]}, "description": "CHEETOS JUMBO_PUFFS 80Z"}, {"boundingPoly": {"vertices": [{"x": 72.0, "y": 191.0}, {"x": 188.0, "y": 188.0}, {"x": 188.0, "y": 205.0}, {"x": 73.0, "y": 209.0}]}, "description": "RETURN VALUE 3.79"}, {"boundingPoly": {"vertices": [{"x": 72.0, "y": 220.0}, {"x": 144.0, "y": 216.0}, {"x": 145.0, "y": 232.0}, {"x": 73.0, "y": 236.0}]}, "description": "09582909823"}, {"boundingPoly": {"vertices": [{"x": 46.0, "y": 247.0}, {"x": 203.0, "y": 246.0}, {"x": 203.0, "y": 261.0}, {"x": 46.0, "y": 264.0}]}, "description": "CORE NATURAL WATER 200Z"}, {"boundingPoly": {"vertices": [{"x": 71.0, "y": 274.0}, {"x": 188.0, "y": 273.0}, {"x": 188.0, "y": 288.0}, {"x": 71.0, "y": 289.0}]}, "description": "RETURN VALUE 2.29"}, {"boundingPoly": {"vertices": [{"x": 45.0, "y": 288.0}, {"x": 139.0, "y": 288.0}, {"x": 139.0, "y": 302.0}, {"x": 46.0, "y": 303.0}]}, "description": "BOTTLE DEPOSIT"}, {"boundingPoly": {"vertices": [{"x": 71.0, "y": 302.0}, {"x": 144.0, "y": 301.0}, {"x": 144.0, "y": 316.0}, {"x": 71.0, "y": 317.0}]}, "description": "00000007420"}, {"boundingPoly": {"vertices": [{"x": 45.0, "y": 315.0}, {"x": 274.0, "y": 316.0}, {"x": 274.0, "y": 332.0}, {"x": 45.0, "y": 330.0}]}, "description": "ICE BREAKERS COOL MINT TINS 1.50Z"}, {"boundingPoly": {"vertices": [{"x": 263.0, "y": 330.0}, {"x": 293.0, "y": 331.0}, {"x": 293.0, "y": 345.0}, {"x": 263.0, "y": 345.0}]}, "description": "3.49"}, {"boundingPoly": {"vertices": [{"x": 111.0, "y": 50.0}, {"x": 263.0, "y": 50.0}, {"x": 263.0, "y": 77.0}, {"x": 111.0, "y": 76.0}]}, "description": "by Walgreens"}, {"boundingPoly": {"vertices": [{"x": 122.0, "y": 91.0}, {"x": 253.0, "y": 92.0}, {"x": 253.0, "y": 109.0}, {"x": 122.0, "y": 107.0}]}, "description": "merchant address"}, {"boundingPoly": {"vertices": [{"x": 47.0, "y": 140.0}, {"x": 67.0, "y": 140.0}, {"x": 68.0, "y": 154.0}, {"x": 47.0, "y": 154.0}]}, "description": "267"}, {"boundingPoly": {"vertices": [{"x": 110.0, "y": 136.0}, {"x": 140.0, "y": 134.0}, {"x": 140.0, "y": 148.0}, {"x": 111.0, "y": 150.0}]}, "description": "1263"}, {"boundingPoly": {"vertices": [{"x": 72.0, "y": 179.0}, {"x": 144.0, "y": 173.0}, {"x": 145.0, "y": 189.0}, {"x": 73.0, "y": 194.0}]}, "description": "02840059668"}, {"boundingPoly": {"vertices": [{"x": 47.0, "y": 208.0}, {"x": 119.0, "y": 205.0}, {"x": 120.0, "y": 219.0}, {"x": 47.0, "y": 223.0}]}, "description": "PEAR SINGLE"}, {"boundingPoly": {"vertices": [{"x": 72.0, "y": 233.0}, {"x": 187.0, "y": 231.0}, {"x": 188.0, "y": 246.0}, {"x": 72.0, "y": 249.0}]}, "description": "RETURN VALUE 0.99"}, {"boundingPoly": {"vertices": [{"x": 71.0, "y": 261.0}, {"x": 145.0, "y": 259.0}, {"x": 146.0, "y": 273.0}, {"x": 71.0, "y": 276.0}]}, "description": "85300400402"}, {"boundingPoly": {"vertices": [{"x": 263.0, "y": 177.0}, {"x": 295.0, "y": 177.0}, {"x": 295.0, "y": 192.0}, {"x": 263.0, "y": 193.0}]}, "description": "3.79"}, {"boundingPoly": {"vertices": [{"x": 263.0, "y": 220.0}, {"x": 294.0, "y": 220.0}, {"x": 294.0, "y": 235.0}, {"x": 264.0, "y": 235.0}]}, "description": "0.99"}, {"boundingPoly": {"vertices": [{"x": 215.0, "y": 263.0}, {"x": 223.0, "y": 263.0}, {"x": 222.0, "y": 275.0}, {"x": 214.0, "y": 274.0}]}, "description": "A"}, {"boundingPoly": {"vertices": [{"x": 262.0, "y": 262.0}, {"x": 293.0, "y": 262.0}, {"x": 293.0, "y": 276.0}, {"x": 262.0, "y": 276.0}]}, "description": "2.29"}, {"boundingPoly": {"vertices": [{"x": 263.0, "y": 302.0}, {"x": 293.0, "y": 303.0}, {"x": 293.0, "y": 317.0}, {"x": 263.0, "y": 317.0}]}, "description": "0.05"}, {"boundingPoly": {"vertices": [{"x": 66.0, "y": 329.0}, {"x": 145.0, "y": 329.0}, {"x": 145.0, "y": 344.0}, {"x": 66.0, "y": 344.0}]}, "description": "03400000007"}, {"boundingPoly": {"vertices": [{"x": 66.0, "y": 343.0}, {"x": 187.0, "y": 343.0}, {"x": 187.0, "y": 359.0}, {"x": 66.0, "y": 359.0}]}, "description": "RETURN VALUE 3.49"}, {"boundingPoly": {"vertices": [{"x": 42.0, "y": 357.0}, {"x": 215.0, "y": 358.0}, {"x": 215.0, "y": 373.0}, {"x": 42.0, "y": 372.0}]}, "description": "CORE NATURAL WATER 30.40Z"}, {"boundingPoly": {"vertices": [{"x": 64.0, "y": 372.0}, {"x": 144.0, "y": 372.0}, {"x": 144.0, "y": 387.0}, {"x": 64.0, "y": 387.0}]}, "description": "85300400403"}, {"boundingPoly": {"vertices": [{"x": 63.0, "y": 385.0}, {"x": 187.0, "y": 385.0}, {"x": 187.0, "y": 402.0}, {"x": 63.0, "y": 402.0}]}, "description": "RETURN VALUE 2.99"}, {"boundingPoly": {"vertices": [{"x": 63.0, "y": 414.0}, {"x": 143.0, "y": 414.0}, {"x": 143.0, "y": 430.0}, {"x": 63.0, "y": 430.0}]}, "description": "00000007420"}, {"boundingPoly": {"vertices": [{"x": 134.0, "y": 430.0}, {"x": 234.0, "y": 429.0}, {"x": 234.0, "y": 450.0}, {"x": 135.0, "y": 451.0}]}, "description": "IBMAUG"}, {"boundingPoly": {"vertices": [{"x": 63.0, "y": 457.0}, {"x": 196.0, "y": 456.0}, {"x": 196.0, "y": 472.0}, {"x": 63.0, "y": 473.0}]}, "description": "SALES TAX A=8.875%"}, {"boundingPoly": {"vertices": [{"x": 65.0, "y": 485.0}, {"x": 96.0, "y": 486.0}, {"x": 96.0, "y": 502.0}, {"x": 65.0, "y": 502.0}]}, "description": "TOTAL"}, {"boundingPoly": {"vertices": [{"x": 64.0, "y": 500.0}, {"x": 166.0, "y": 501.0}, {"x": 166.0, "y": 517.0}, {"x": 64.0, "y": 516.0}]}, "description": "AMEX ACCT 1002"}, {"boundingPoly": {"vertices": [{"x": 216.0, "y": 332.0}, {"x": 223.0, "y": 333.0}, {"x": 222.0, "y": 344.0}, {"x": 215.0, "y": 343.0}]}, "description": "A"}, {"boundingPoly": {"vertices": [{"x": 214.0, "y": 375.0}, {"x": 222.0, "y": 375.0}, {"x": 221.0, "y": 386.0}, {"x": 213.0, "y": 386.0}]}, "description": "A"}, {"boundingPoly": {"vertices": [{"x": 263.0, "y": 372.0}, {"x": 293.0, "y": 372.0}, {"x": 292.0, "y": 387.0}, {"x": 263.0, "y": 387.0}]}, "description": "2.99"}, {"boundingPoly": {"vertices": [{"x": 40.0, "y": 399.0}, {"x": 140.0, "y": 400.0}, {"x": 139.0, "y": 416.0}, {"x": 40.0, "y": 414.0}]}, "description": "BOTTLE DEPOSIT"}, {"boundingPoly": {"vertices": [{"x": 263.0, "y": 414.0}, {"x": 293.0, "y": 413.0}, {"x": 293.0, "y": 429.0}, {"x": 263.0, "y": 429.0}]}, "description": "0.05"}, {"boundingPoly": {"vertices": [{"x": 62.0, "y": 442.0}, {"x": 119.0, "y": 443.0}, {"x": 119.0, "y": 459.0}, {"x": 62.0, "y": 458.0}]}, "description": "SUBTOTAL"}, {"boundingPoly": {"vertices": [{"x": 257.0, "y": 442.0}, {"x": 294.0, "y": 442.0}, {"x": 293.0, "y": 456.0}, {"x": 256.0, "y": 456.0}]}, "description": "13,65"}, {"boundingPoly": {"vertices": [{"x": 262.0, "y": 457.0}, {"x": 294.0, "y": 457.0}, {"x": 293.0, "y": 471.0}, {"x": 263.0, "y": 471.0}]}, "description": "0.78"}, {"boundingPoly": {"vertices": [{"x": 257.0, "y": 485.0}, {"x": 294.0, "y": 485.0}, {"x": 294.0, "y": 500.0}, {"x": 257.0, "y": 500.0}]}, "description": "14.43"}, {"boundingPoly": {"vertices": [{"x": 258.0, "y": 500.0}, {"x": 296.0, "y": 500.0}, {"x": 295.0, "y": 515.0}, {"x": 257.0, "y": 515.0}]}, "description": "14.43"}, {"boundingPoly": {"vertices": [{"x": 271.0, "y": 515.0}, {"x": 294.0, "y": 514.0}, {"x": 295.0, "y": 529.0}, {"x": 270.0, "y": 530.0}]}, "description": ".00"}, {"boundingPoly": {"vertices": [{"x": 64.0, "y": 514.0}, {"x": 106.0, "y": 518.0}, {"x": 105.0, "y": 532.0}, {"x": 64.0, "y": 529.0}]}, "description": "CHANGE"}, {"boundingPoly": {"vertices": [{"x": 49.0, "y": 538.0}, {"x": 186.0, "y": 542.0}, {"x": 186.0, "y": 562.0}, {"x": 49.0, "y": 559.0}]}, "description": "A000000025010801."}, {"boundingPoly": {"vertices": [{"x": 52.0, "y": 552.0}, {"x": 151.0, "y": 559.0}, {"x": 149.0, "y": 578.0}, {"x": 51.0, "y": 572.0}]}, "description": "TRICAN EXPRESS"}, {"boundingPoly": {"vertices": [{"x": 202.0, "y": 627.0}, {"x": 300.0, "y": 624.0}, {"x": 300.0, "y": 638.0}, {"x": 202.0, "y": 639.0}]}, "description": "AT DUANE READE"}]}