{"textAnnotations": [{"boundingPoly": {"vertices": [{"x": 286.0, "y": 22.0}, {"x": 284.0, "y": 67.0}, {"x": 265.0, "y": 68.0}, {"x": 267.0, "y": 21.0}]}, "description": "on"}, {"boundingPoly": {"vertices": [{"x": 47.0, "y": 31.0}, {"x": 128.0, "y": 31.0}, {"x": 128.0, "y": 60.0}, {"x": 47.0, "y": 60.0}]}, "description": " 13:20"}, {"boundingPoly": {"vertices": [{"x": 252.0, "y": 33.0}, {"x": 269.0, "y": 31.0}, {"x": 271.0, "y": 63.0}, {"x": 254.0, "y": 65.0}]}, "description": "18"}, {"boundingPoly": {"vertices": [{"x": 380.0, "y": 38.0}, {"x": 410.0, "y": 39.0}, {"x": 409.0, "y": 52.0}, {"x": 379.0, "y": 51.0}]}, "description": "BOX"}, {"boundingPoly": {"vertices": [{"x": 986.0, "y": 37.0}, {"x": 1013.0, "y": 37.0}, {"x": 1012.0, "y": 56.0}, {"x": 986.0, "y": 55.0}]}, "description": "95"}, {"boundingPoly": {"vertices": [{"x": 951.0, "y": 128.0}, {"x": 1069.0, "y": 128.0}, {"x": 1069.0, "y": 158.0}, {"x": 951.0, "y": 158.0}]}, "description": "Support"}, {"boundingPoly": {"vertices": [{"x": 31.0, "y": 223.0}, {"x": 454.0, "y": 227.0}, {"x": 453.0, "y": 282.0}, {"x": 31.0, "y": 277.0}]}, "description": "Order Summary"}, {"boundingPoly": {"vertices": [{"x": 26.0, "y": 341.0}, {"x": 228.0, "y": 342.0}, {"x": 228.0, "y": 386.0}, {"x": 26.0, "y": 385.0}]}, "description": "merchant name"}, {"boundingPoly": {"vertices": [{"x": 28.0, "y": 394.0}, {"x": 770.0, "y": 394.0}, {"x": 770.0, "y": 425.0}, {"x": 28.0, "y": 424.0}]}, "description": "merchant address"}, {"boundingPoly": {"vertices": [{"x": 27.0, "y": 480.0}, {"x": 580.0, "y": 480.0}, {"x": 580.0, "y": 509.0}, {"x": 27.0, "y": 509.0}]}, "description": "This order with Rajasthali was delivered"}, {"boundingPoly": {"vertices": [{"x": 26.0, "y": 606.0}, {"x": 260.0, "y": 606.0}, {"x": 260.0, "y": 646.0}, {"x": 26.0, "y": 646.0}]}, "description": "Your Order"}, {"boundingPoly": {"vertices": [{"x": 774.0, "y": 612.0}, {"x": 1024.0, "y": 612.0}, {"x": 1024.0, "y": 637.0}, {"x": 774.0, "y": 637.0}]}, "description": "MARK AS FAVORITE"}, {"boundingPoly": {"vertices": [{"x": 29.0, "y": 700.0}, {"x": 55.0, "y": 700.0}, {"x": 55.0, "y": 732.0}, {"x": 29.0, "y": 732.0}]}, "description": " O"}, {"boundingPoly": {"vertices": [{"x": 73.0, "y": 699.0}, {"x": 358.0, "y": 699.0}, {"x": 358.0, "y": 734.0}, {"x": 73.0, "y": 734.0}]}, "description": " Special Meal Box"}, {"boundingPoly": {"vertices": [{"x": 47.0, "y": 768.0}, {"x": 80.0, "y": 767.0}, {"x": 80.0, "y": 791.0}, {"x": 47.0, "y": 792.0}]}, "description": "10"}, {"boundingPoly": {"vertices": [{"x": 117.0, "y": 765.0}, {"x": 148.0, "y": 765.0}, {"x": 148.0, "y": 795.0}, {"x": 117.0, "y": 795.0}]}, "description": " X"}, {"boundingPoly": {"vertices": [{"x": 154.0, "y": 764.0}, {"x": 223.0, "y": 764.0}, {"x": 223.0, "y": 795.0}, {"x": 154.0, "y": 795.0}]}, "description": " \u20b9 160"}, {"boundingPoly": {"vertices": [{"x": 964.0, "y": 765.0}, {"x": 1051.0, "y": 765.0}, {"x": 1051.0, "y": 792.0}, {"x": 964.0, "y": 792.0}]}, "description": "\u20b91600"}, {"boundingPoly": {"vertices": [{"x": 28.0, "y": 874.0}, {"x": 197.0, "y": 874.0}, {"x": 197.0, "y": 904.0}, {"x": 28.0, "y": 904.0}]}, "description": "Item Total"}, {"boundingPoly": {"vertices": [{"x": 948.0, "y": 872.0}, {"x": 1050.0, "y": 872.0}, {"x": 1050.0, "y": 904.0}, {"x": 948.0, "y": 904.0}]}, "description": "21600"}, {"boundingPoly": {"vertices": [{"x": 27.0, "y": 935.0}, {"x": 236.0, "y": 936.0}, {"x": 236.0, "y": 964.0}, {"x": 27.0, "y": 963.0}]}, "description": "Delivery Charge"}, {"boundingPoly": {"vertices": [{"x": 1002.0, "y": 933.0}, {"x": 1050.0, "y": 935.0}, {"x": 1049.0, "y": 959.0}, {"x": 1002.0, "y": 957.0}]}, "description": "\u592926"}, {"boundingPoly": {"vertices": [{"x": 27.0, "y": 1013.0}, {"x": 118.0, "y": 1014.0}, {"x": 117.0, "y": 1044.0}, {"x": 27.0, "y": 1043.0}]}, "description": "Total"}, {"boundingPoly": {"vertices": [{"x": 955.0, "y": 1014.0}, {"x": 1051.0, "y": 1014.0}, {"x": 1051.0, "y": 1043.0}, {"x": 955.0, "y": 1043.0}]}, "description": "\u59291626"}, {"boundingPoly": {"vertices": [{"x": 27.0, "y": 1179.0}, {"x": 309.0, "y": 1179.0}, {"x": 309.0, "y": 1217.0}, {"x": 27.0, "y": 1218.0}]}, "description": "Order Details"}, {"boundingPoly": {"vertices": [{"x": 28.0, "y": 1273.0}, {"x": 206.0, "y": 1273.0}, {"x": 206.0, "y": 1298.0}, {"x": 28.0, "y": 1297.0}]}, "description": "Order Number"}, {"boundingPoly": {"vertices": [{"x": 28.0, "y": 1306.0}, {"x": 191.0, "y": 1306.0}, {"x": 191.0, "y": 1333.0}, {"x": 28.0, "y": 1332.0}]}, "description": "1763598198"}, {"boundingPoly": {"vertices": [{"x": 27.0, "y": 1382.0}, {"x": 138.0, "y": 1381.0}, {"x": 139.0, "y": 1406.0}, {"x": 27.0, "y": 1408.0}]}, "description": "Payment"}, {"boundingPoly": {"vertices": [{"x": 28.0, "y": 1412.0}, {"x": 88.0, "y": 1412.0}, {"x": 88.0, "y": 1443.0}, {"x": 28.0, "y": 1443.0}]}, "description": " Paid"}, {"boundingPoly": {"vertices": [{"x": 93.0, "y": 1413.0}, {"x": 269.0, "y": 1413.0}, {"x": 269.0, "y": 1444.0}, {"x": 93.0, "y": 1444.0}]}, "description": " : Using Card"}, {"boundingPoly": {"vertices": [{"x": 29.0, "y": 1491.0}, {"x": 87.0, "y": 1491.0}, {"x": 87.0, "y": 1511.0}, {"x": 30.0, "y": 1511.0}]}, "description": "Date"}, {"boundingPoly": {"vertices": [{"x": 28.0, "y": 1520.0}, {"x": 469.0, "y": 1520.0}, {"x": 469.0, "y": 1551.0}, {"x": 28.0, "y": 1551.0}]}, "description": " November 25, 2019 at 07:54 PM"}, {"boundingPoly": {"vertices": [{"x": 28.0, "y": 1598.0}, {"x": 209.0, "y": 1598.0}, {"x": 209.0, "y": 1622.0}, {"x": 28.0, "y": 1623.0}]}, "description": "Phone number"}, {"boundingPoly": {"vertices": [{"x": 31.0, "y": 1629.0}, {"x": 197.0, "y": 1629.0}, {"x": 196.0, "y": 1657.0}, {"x": 31.0, "y": 1656.0}]}, "description": "merchant phone"}, {"boundingPoly": {"vertices": [{"x": 29.0, "y": 1705.0}, {"x": 146.0, "y": 1706.0}, {"x": 146.0, "y": 1731.0}, {"x": 29.0, "y": 1731.0}]}, "description": "Deliver to"}, {"boundingPoly": {"vertices": [{"x": 30.0, "y": 1736.0}, {"x": 1051.0, "y": 1736.0}, {"x": 1051.0, "y": 1768.0}, {"x": 30.0, "y": 1769.0}]}, "description": "epitime towers, DLF Building No. 5 Tower C, DLF Cyber City, DLF Phase 2,"}, {"boundingPoly": {"vertices": [{"x": 28.0, "y": 1777.0}, {"x": 536.0, "y": 1777.0}, {"x": 536.0, "y": 1809.0}, {"x": 28.0, "y": 1808.0}]}, "description": "Sector 24, Gurugram, Haryana, India"}, {"boundingPoly": {"vertices": [{"x": 330.0, "y": 1938.0}, {"x": 750.0, "y": 1937.0}, {"x": 750.0, "y": 1970.0}, {"x": 330.0, "y": 1971.0}]}, "description": "merchant phone"}, {"boundingPoly": {"vertices": [{"x": 409.0, "y": 2209.0}, {"x": 666.0, "y": 2209.0}, {"x": 666.0, "y": 2248.0}, {"x": 409.0, "y": 2250.0}]}, "description": "Repeat Order"}, {"boundingPoly": {"vertices": [{"x": 371.0, "y": 2253.0}, {"x": 709.0, "y": 2253.0}, {"x": 709.0, "y": 2281.0}, {"x": 371.0, "y": 2281.0}]}, "description": "VIEW CART ON NEXT STEP"}]}