{"textAnnotations": [{"boundingPoly": {"vertices": [{"x": 32.0, "y": 79.0}, {"x": 108.0, "y": 79.0}, {"x": 108.0, "y": 96.0}, {"x": 32.0, "y": 96.0}]}, "description": "11/12/2019"}, {"boundingPoly": {"vertices": [{"x": 31.0, "y": 101.0}, {"x": 272.0, "y": 101.0}, {"x": 272.0, "y": 111.0}, {"x": 31.0, "y": 111.0}]}, "description": "================================="}, {"boundingPoly": {"vertices": [{"x": 75.0, "y": 114.0}, {"x": 106.0, "y": 114.0}, {"x": 106.0, "y": 132.0}, {"x": 75.0, "y": 132.0}]}, "description": " Salt"}, {"boundingPoly": {"vertices": [{"x": 31.0, "y": 133.0}, {"x": 78.0, "y": 133.0}, {"x": 78.0, "y": 150.0}, {"x": 31.0, "y": 150.0}]}, "description": " Check:"}, {"boundingPoly": {"vertices": [{"x": 31.0, "y": 151.0}, {"x": 84.0, "y": 151.0}, {"x": 84.0, "y": 168.0}, {"x": 31.0, "y": 168.0}]}, "description": " Server:"}, {"boundingPoly": {"vertices": [{"x": 32.0, "y": 169.0}, {"x": 100.0, "y": 169.0}, {"x": 100.0, "y": 186.0}, {"x": 32.0, "y": 186.0}]}, "description": " Terminal:"}, {"boundingPoly": {"vertices": [{"x": 31.0, "y": 191.0}, {"x": 138.0, "y": 191.0}, {"x": 138.0, "y": 200.0}, {"x": 31.0, "y": 200.0}]}, "description": "==============="}, {"boundingPoly": {"vertices": [{"x": 118.0, "y": 205.0}, {"x": 143.0, "y": 205.0}, {"x": 143.0, "y": 221.0}, {"x": 118.0, "y": 221.0}]}, "description": " SLC"}, {"boundingPoly": {"vertices": [{"x": 87.0, "y": 223.0}, {"x": 199.0, "y": 223.0}, {"x": 199.0, "y": 239.0}, {"x": 87.0, "y": 239.0}]}, "description": " SAL - Salad Bar"}, {"boundingPoly": {"vertices": [{"x": 109.0, "y": 240.0}, {"x": 193.0, "y": 239.0}, {"x": 193.0, "y": 256.0}, {"x": 109.0, "y": 257.0}]}, "description": "0.89 @ 7.52"}, {"boundingPoly": {"vertices": [{"x": 74.0, "y": 258.0}, {"x": 133.0, "y": 258.0}, {"x": 133.0, "y": 273.0}, {"x": 74.0, "y": 273.0}]}, "description": "1 Dasani"}, {"boundingPoly": {"vertices": [{"x": 88.0, "y": 275.0}, {"x": 150.0, "y": 275.0}, {"x": 150.0, "y": 290.0}, {"x": 88.0, "y": 291.0}]}, "description": "04997704"}, {"boundingPoly": {"vertices": [{"x": 235.0, "y": 79.0}, {"x": 272.0, "y": 79.0}, {"x": 272.0, "y": 96.0}, {"x": 235.0, "y": 96.0}]}, "description": " 12:18"}, {"boundingPoly": {"vertices": [{"x": 109.0, "y": 115.0}, {"x": 142.0, "y": 115.0}, {"x": 142.0, "y": 133.0}, {"x": 109.0, "y": 133.0}]}, "description": " Lake"}, {"boundingPoly": {"vertices": [{"x": 80.0, "y": 133.0}, {"x": 136.0, "y": 133.0}, {"x": 136.0, "y": 150.0}, {"x": 80.0, "y": 150.0}]}, "description": " 3758939"}, {"boundingPoly": {"vertices": [{"x": 145.0, "y": 116.0}, {"x": 179.0, "y": 116.0}, {"x": 179.0, "y": 133.0}, {"x": 145.0, "y": 133.0}]}, "description": " City"}, {"boundingPoly": {"vertices": [{"x": 182.0, "y": 116.0}, {"x": 217.0, "y": 116.0}, {"x": 217.0, "y": 133.0}, {"x": 182.0, "y": 133.0}]}, "description": " AMEX"}, {"boundingPoly": {"vertices": [{"x": 87.0, "y": 151.0}, {"x": 128.0, "y": 151.0}, {"x": 128.0, "y": 168.0}, {"x": 87.0, "y": 168.0}]}, "description": " Flora"}, {"boundingPoly": {"vertices": [{"x": 103.0, "y": 169.0}, {"x": 129.0, "y": 169.0}, {"x": 129.0, "y": 186.0}, {"x": 103.0, "y": 186.0}]}, "description": " 375"}, {"boundingPoly": {"vertices": [{"x": 139.0, "y": 190.0}, {"x": 217.0, "y": 189.0}, {"x": 217.0, "y": 199.0}, {"x": 139.0, "y": 200.0}]}, "description": "============"}, {"boundingPoly": {"vertices": [{"x": 226.0, "y": 189.0}, {"x": 271.0, "y": 188.0}, {"x": 272.0, "y": 198.0}, {"x": 226.0, "y": 199.0}]}, "description": "======"}, {"boundingPoly": {"vertices": [{"x": 146.0, "y": 205.0}, {"x": 179.0, "y": 205.0}, {"x": 179.0, "y": 221.0}, {"x": 146.0, "y": 221.0}]}, "description": " Amex"}, {"boundingPoly": {"vertices": [{"x": 76.0, "y": 223.0}, {"x": 85.0, "y": 223.0}, {"x": 85.0, "y": 239.0}, {"x": 76.0, "y": 239.0}]}, "description": " 1"}, {"boundingPoly": {"vertices": [{"x": 240.0, "y": 220.0}, {"x": 272.0, "y": 221.0}, {"x": 272.0, "y": 237.0}, {"x": 240.0, "y": 237.0}]}, "description": "6.69"}, {"boundingPoly": {"vertices": [{"x": 241.0, "y": 257.0}, {"x": 272.0, "y": 256.0}, {"x": 272.0, "y": 273.0}, {"x": 241.0, "y": 273.0}]}, "description": "1.25"}, {"boundingPoly": {"vertices": [{"x": 103.0, "y": 311.0}, {"x": 163.0, "y": 311.0}, {"x": 163.0, "y": 327.0}, {"x": 103.0, "y": 327.0}]}, "description": "Subtotal"}, {"boundingPoly": {"vertices": [{"x": 141.0, "y": 329.0}, {"x": 163.0, "y": 329.0}, {"x": 163.0, "y": 345.0}, {"x": 141.0, "y": 344.0}]}, "description": "Tax"}, {"boundingPoly": {"vertices": [{"x": 128.0, "y": 347.0}, {"x": 163.0, "y": 347.0}, {"x": 163.0, "y": 362.0}, {"x": 127.0, "y": 363.0}]}, "description": "Total"}, {"boundingPoly": {"vertices": [{"x": 226.0, "y": 310.0}, {"x": 257.0, "y": 310.0}, {"x": 257.0, "y": 326.0}, {"x": 226.0, "y": 327.0}]}, "description": "7.94"}, {"boundingPoly": {"vertices": [{"x": 226.0, "y": 329.0}, {"x": 257.0, "y": 329.0}, {"x": 257.0, "y": 344.0}, {"x": 226.0, "y": 344.0}]}, "description": "0.62"}, {"boundingPoly": {"vertices": [{"x": 226.0, "y": 347.0}, {"x": 257.0, "y": 347.0}, {"x": 256.0, "y": 362.0}, {"x": 226.0, "y": 362.0}]}, "description": "8.56"}, {"boundingPoly": {"vertices": [{"x": 33.0, "y": 402.0}, {"x": 93.0, "y": 401.0}, {"x": 93.0, "y": 416.0}, {"x": 33.0, "y": 417.0}]}, "description": "AMEX EMV"}, {"boundingPoly": {"vertices": [{"x": 46.0, "y": 419.0}, {"x": 157.0, "y": 418.0}, {"x": 158.0, "y": 434.0}, {"x": 46.0, "y": 435.0}]}, "description": "XXXXXXXXXXX3003"}, {"boundingPoly": {"vertices": [{"x": 92.0, "y": 454.0}, {"x": 208.0, "y": 453.0}, {"x": 208.0, "y": 469.0}, {"x": 92.0, "y": 470.0}]}, "description": "AMERICAN EXPRESS"}, {"boundingPoly": {"vertices": [{"x": 82.0, "y": 472.0}, {"x": 150.0, "y": 472.0}, {"x": 150.0, "y": 489.0}, {"x": 82.0, "y": 489.0}]}, "description": " Signature"}, {"boundingPoly": {"vertices": [{"x": 133.0, "y": 489.0}, {"x": 166.0, "y": 489.0}, {"x": 166.0, "y": 506.0}, {"x": 133.0, "y": 506.0}]}, "description": " Chip"}, {"boundingPoly": {"vertices": [{"x": 128.0, "y": 508.0}, {"x": 173.0, "y": 508.0}, {"x": 173.0, "y": 523.0}, {"x": 128.0, "y": 523.0}]}, "description": " Issuer"}, {"boundingPoly": {"vertices": [{"x": 83.0, "y": 525.0}, {"x": 200.0, "y": 525.0}, {"x": 200.0, "y": 542.0}, {"x": 83.0, "y": 542.0}]}, "description": " A000000025010801"}, {"boundingPoly": {"vertices": [{"x": 83.0, "y": 543.0}, {"x": 157.0, "y": 543.0}, {"x": 157.0, "y": 559.0}, {"x": 83.0, "y": 559.0}]}, "description": " 0800008000"}, {"boundingPoly": {"vertices": [{"x": 83.0, "y": 560.0}, {"x": 188.0, "y": 560.0}, {"x": 188.0, "y": 577.0}, {"x": 83.0, "y": 577.0}]}, "description": " 06590103602000"}, {"boundingPoly": {"vertices": [{"x": 82.0, "y": 579.0}, {"x": 115.0, "y": 579.0}, {"x": 115.0, "y": 595.0}, {"x": 82.0, "y": 595.0}]}, "description": " F800"}, {"boundingPoly": {"vertices": [{"x": 83.0, "y": 596.0}, {"x": 99.0, "y": 596.0}, {"x": 99.0, "y": 613.0}, {"x": 83.0, "y": 613.0}]}, "description": " 00"}, {"boundingPoly": {"vertices": [{"x": 240.0, "y": 400.0}, {"x": 272.0, "y": 400.0}, {"x": 272.0, "y": 416.0}, {"x": 240.0, "y": 416.0}]}, "description": "8.56"}, {"boundingPoly": {"vertices": [{"x": 48.0, "y": 472.0}, {"x": 79.0, "y": 472.0}, {"x": 79.0, "y": 489.0}, {"x": 48.0, "y": 489.0}]}, "description": " CVM:"}, {"boundingPoly": {"vertices": [{"x": 48.0, "y": 490.0}, {"x": 130.0, "y": 490.0}, {"x": 130.0, "y": 507.0}, {"x": 48.0, "y": 507.0}]}, "description": " Entry Mode:"}, {"boundingPoly": {"vertices": [{"x": 49.0, "y": 508.0}, {"x": 125.0, "y": 508.0}, {"x": 125.0, "y": 524.0}, {"x": 49.0, "y": 524.0}]}, "description": " Auth Mode:"}, {"boundingPoly": {"vertices": [{"x": 48.0, "y": 526.0}, {"x": 80.0, "y": 526.0}, {"x": 80.0, "y": 542.0}, {"x": 48.0, "y": 542.0}]}, "description": " AID:"}, {"boundingPoly": {"vertices": [{"x": 47.0, "y": 544.0}, {"x": 81.0, "y": 544.0}, {"x": 81.0, "y": 560.0}, {"x": 47.0, "y": 560.0}]}, "description": " TVR:"}, {"boundingPoly": {"vertices": [{"x": 49.0, "y": 561.0}, {"x": 80.0, "y": 561.0}, {"x": 80.0, "y": 577.0}, {"x": 49.0, "y": 577.0}]}, "description": " IAD:"}, {"boundingPoly": {"vertices": [{"x": 49.0, "y": 579.0}, {"x": 79.0, "y": 579.0}, {"x": 79.0, "y": 595.0}, {"x": 49.0, "y": 595.0}]}, "description": " TSI:"}, {"boundingPoly": {"vertices": [{"x": 48.0, "y": 597.0}, {"x": 80.0, "y": 597.0}, {"x": 80.0, "y": 613.0}, {"x": 48.0, "y": 613.0}]}, "description": " ARC:"}, {"boundingPoly": {"vertices": [{"x": 84.0, "y": 632.0}, {"x": 164.0, "y": 632.0}, {"x": 164.0, "y": 647.0}, {"x": 84.0, "y": 648.0}]}, "description": "GRAND TOTAL"}, {"boundingPoly": {"vertices": [{"x": 233.0, "y": 631.0}, {"x": 265.0, "y": 631.0}, {"x": 265.0, "y": 647.0}, {"x": 233.0, "y": 647.0}]}, "description": "8.56"}, {"boundingPoly": {"vertices": [{"x": 202.0, "y": 671.0}, {"x": 269.0, "y": 671.0}, {"x": 269.0, "y": 677.0}, {"x": 202.0, "y": 677.0}]}, "description": "---------"}, {"boundingPoly": {"vertices": [{"x": 227.0, "y": 673.0}, {"x": 272.0, "y": 673.0}, {"x": 272.0, "y": 680.0}, {"x": 227.0, "y": 681.0}]}, "description": "======"}, {"boundingPoly": {"vertices": [{"x": 33.0, "y": 687.0}, {"x": 231.0, "y": 687.0}, {"x": 231.0, "y": 703.0}, {"x": 33.0, "y": 703.0}]}, "description": " T375 C1962 11/12/2019 12:19"}, {"boundingPoly": {"vertices": [{"x": 33.0, "y": 727.0}, {"x": 82.0, "y": 728.0}, {"x": 82.0, "y": 737.0}, {"x": 33.0, "y": 736.0}]}, "description": "====---"}, {"boundingPoly": {"vertices": [{"x": 90.0, "y": 740.0}, {"x": 214.0, "y": 740.0}, {"x": 214.0, "y": 756.0}, {"x": 90.0, "y": 756.0}]}, "description": "DUPLICATE RECEIPT"}]}