{"textAnnotations": [{"boundingPoly": {"vertices": [{"x": 47.0, "y": 31.0}, {"x": 294.0, "y": 31.0}, {"x": 294.0, "y": 62.0}, {"x": 47.0, "y": 62.0}]}, "description": " 13:18 11 .. 1 KB/S"}, {"boundingPoly": {"vertices": [{"x": 339.0, "y": 37.0}, {"x": 369.0, "y": 38.0}, {"x": 369.0, "y": 52.0}, {"x": 338.0, "y": 50.0}]}, "description": "BOX"}, {"boundingPoly": {"vertices": [{"x": 986.0, "y": 37.0}, {"x": 1013.0, "y": 37.0}, {"x": 1013.0, "y": 56.0}, {"x": 986.0, "y": 55.0}]}, "description": "95"}, {"boundingPoly": {"vertices": [{"x": 130.0, "y": 127.0}, {"x": 418.0, "y": 126.0}, {"x": 418.0, "y": 160.0}, {"x": 130.0, "y": 161.0}]}, "description": "ORDER DETAILS"}, {"boundingPoly": {"vertices": [{"x": 974.0, "y": 129.0}, {"x": 1041.0, "y": 127.0}, {"x": 1039.0, "y": 155.0}, {"x": 974.0, "y": 155.0}]}, "description": "HELP"}, {"boundingPoly": {"vertices": [{"x": 28.0, "y": 254.0}, {"x": 321.0, "y": 253.0}, {"x": 321.0, "y": 288.0}, {"x": 28.0, "y": 289.0}]}, "description": "Order #YU99KC"}, {"boundingPoly": {"vertices": [{"x": 29.0, "y": 321.0}, {"x": 639.0, "y": 321.0}, {"x": 639.0, "y": 356.0}, {"x": 29.0, "y": 356.0}]}, "description": " DELIVERED on 24 Nov, 2019 @ 11:58 AM"}, {"boundingPoly": {"vertices": [{"x": 130.0, "y": 451.0}, {"x": 226.0, "y": 451.0}, {"x": 226.0, "y": 485.0}, {"x": 130.0, "y": 485.0}]}, "description": " Work"}, {"boundingPoly": {"vertices": [{"x": 131.0, "y": 495.0}, {"x": 467.0, "y": 495.0}, {"x": 467.0, "y": 528.0}, {"x": 131.0, "y": 527.0}]}, "description": "Phase 2 Mwtro Station"}, {"boundingPoly": {"vertices": [{"x": 131.0, "y": 536.0}, {"x": 1051.0, "y": 536.0}, {"x": 1051.0, "y": 573.0}, {"x": 131.0, "y": 573.0}]}, "description": "Building Number 5, Gali Number 1, DLF Cyber City, DLF Phase"}, {"boundingPoly": {"vertices": [{"x": 127.0, "y": 580.0}, {"x": 828.0, "y": 580.0}, {"x": 828.0, "y": 616.0}, {"x": 127.0, "y": 616.0}]}, "description": "2, Sector 24, Gurugram, Haryana 122002, India"}, {"boundingPoly": {"vertices": [{"x": 247.0, "y": 450.0}, {"x": 279.0, "y": 450.0}, {"x": 279.0, "y": 486.0}, {"x": 247.0, "y": 486.0}]}, "description": " |"}, {"boundingPoly": {"vertices": [{"x": 293.0, "y": 450.0}, {"x": 694.0, "y": 450.0}, {"x": 694.0, "y": 486.0}, {"x": 293.0, "y": 486.0}]}, "description": " Epitome Tower ... Tower c"}, {"boundingPoly": {"vertices": [{"x": 40.0, "y": 701.0}, {"x": 271.0, "y": 701.0}, {"x": 271.0, "y": 734.0}, {"x": 40.0, "y": 734.0}]}, "description": "ITEM DETAILS"}, {"boundingPoly": {"vertices": [{"x": 38.0, "y": 775.0}, {"x": 337.0, "y": 775.0}, {"x": 337.0, "y": 812.0}, {"x": 38.0, "y": 811.0}]}, "description": "Drinks [Pack of 2] -"}, {"boundingPoly": {"vertices": [{"x": 40.0, "y": 821.0}, {"x": 536.0, "y": 821.0}, {"x": 537.0, "y": 850.0}, {"x": 40.0, "y": 851.0}]}, "description": "Masala Lemonade, Masala Lemonade"}, {"boundingPoly": {"vertices": [{"x": 796.0, "y": 776.0}, {"x": 829.0, "y": 776.0}, {"x": 829.0, "y": 811.0}, {"x": 796.0, "y": 811.0}]}, "description": " \u00d7"}, {"boundingPoly": {"vertices": [{"x": 835.0, "y": 775.0}, {"x": 877.0, "y": 775.0}, {"x": 877.0, "y": 810.0}, {"x": 835.0, "y": 810.0}]}, "description": " 05"}, {"boundingPoly": {"vertices": [{"x": 953.0, "y": 777.0}, {"x": 1042.0, "y": 777.0}, {"x": 1041.0, "y": 807.0}, {"x": 953.0, "y": 807.0}]}, "description": "\u5929 380"}, {"boundingPoly": {"vertices": [{"x": 37.0, "y": 891.0}, {"x": 396.0, "y": 888.0}, {"x": 396.0, "y": 925.0}, {"x": 37.0, "y": 928.0}]}, "description": "Moong Dal Ka Halwa -"}, {"boundingPoly": {"vertices": [{"x": 797.0, "y": 889.0}, {"x": 826.0, "y": 889.0}, {"x": 826.0, "y": 925.0}, {"x": 797.0, "y": 925.0}]}, "description": " \u00d7"}, {"boundingPoly": {"vertices": [{"x": 832.0, "y": 888.0}, {"x": 875.0, "y": 888.0}, {"x": 875.0, "y": 924.0}, {"x": 832.0, "y": 924.0}]}, "description": " 09"}, {"boundingPoly": {"vertices": [{"x": 953.0, "y": 889.0}, {"x": 1041.0, "y": 891.0}, {"x": 1041.0, "y": 922.0}, {"x": 952.0, "y": 921.0}]}, "description": "\u4e4f 612"}, {"boundingPoly": {"vertices": [{"x": 39.0, "y": 1002.0}, {"x": 362.0, "y": 1002.0}, {"x": 362.0, "y": 1040.0}, {"x": 39.0, "y": 1040.0}]}, "description": " Paneer Makhni Meal"}, {"boundingPoly": {"vertices": [{"x": 40.0, "y": 1047.0}, {"x": 744.0, "y": 1047.0}, {"x": 744.0, "y": 1080.0}, {"x": 40.0, "y": 1080.0}]}, "description": "Chocolate Brownie (EGG), Rajma, Paratha + Rice [Half]"}, {"boundingPoly": {"vertices": [{"x": 368.0, "y": 1003.0}, {"x": 382.0, "y": 1003.0}, {"x": 382.0, "y": 1040.0}, {"x": 368.0, "y": 1040.0}]}, "description": " -"}, {"boundingPoly": {"vertices": [{"x": 389.0, "y": 1003.0}, {"x": 533.0, "y": 1003.0}, {"x": 533.0, "y": 1040.0}, {"x": 389.0, "y": 1040.0}]}, "description": " [ALLIN1]"}, {"boundingPoly": {"vertices": [{"x": 796.0, "y": 1002.0}, {"x": 827.0, "y": 1002.0}, {"x": 827.0, "y": 1037.0}, {"x": 796.0, "y": 1037.0}]}, "description": " \u00d7"}, {"boundingPoly": {"vertices": [{"x": 834.0, "y": 1002.0}, {"x": 878.0, "y": 1002.0}, {"x": 878.0, "y": 1037.0}, {"x": 834.0, "y": 1037.0}]}, "description": " 09"}, {"boundingPoly": {"vertices": [{"x": 932.0, "y": 1003.0}, {"x": 1040.0, "y": 1003.0}, {"x": 1040.0, "y": 1037.0}, {"x": 932.0, "y": 1036.0}]}, "description": "\u5f55 2097"}, {"boundingPoly": {"vertices": [{"x": 37.0, "y": 1140.0}, {"x": 177.0, "y": 1141.0}, {"x": 177.0, "y": 1172.0}, {"x": 37.0, "y": 1171.0}]}, "description": "23 Items"}, {"boundingPoly": {"vertices": [{"x": 757.0, "y": 1139.0}, {"x": 1039.0, "y": 1139.0}, {"x": 1039.0, "y": 1170.0}, {"x": 757.0, "y": 1171.0}]}, "description": "SUB TOTAL \u20b9 3089"}, {"boundingPoly": {"vertices": [{"x": 41.0, "y": 1233.0}, {"x": 385.0, "y": 1233.0}, {"x": 385.0, "y": 1268.0}, {"x": 41.0, "y": 1268.0}]}, "description": "DISCOUNT (PRO8PASS)"}, {"boundingPoly": {"vertices": [{"x": 913.0, "y": 1233.0}, {"x": 1041.0, "y": 1233.0}, {"x": 1041.0, "y": 1264.0}, {"x": 913.0, "y": 1264.0}]}, "description": "\u20b9 369.75"}, {"boundingPoly": {"vertices": [{"x": 41.0, "y": 1316.0}, {"x": 354.0, "y": 1315.0}, {"x": 355.0, "y": 1347.0}, {"x": 41.0, "y": 1348.0}]}, "description": "PACKAGING CHARGE"}, {"boundingPoly": {"vertices": [{"x": 947.0, "y": 1316.0}, {"x": 1040.0, "y": 1317.0}, {"x": 1039.0, "y": 1347.0}, {"x": 947.0, "y": 1346.0}]}, "description": "\u5f55 10.0"}, {"boundingPoly": {"vertices": [{"x": 39.0, "y": 1399.0}, {"x": 221.0, "y": 1399.0}, {"x": 221.0, "y": 1432.0}, {"x": 39.0, "y": 1432.0}]}, "description": "CGST@2.5%"}, {"boundingPoly": {"vertices": [{"x": 930.0, "y": 1398.0}, {"x": 1040.0, "y": 1399.0}, {"x": 1040.0, "y": 1431.0}, {"x": 930.0, "y": 1430.0}]}, "description": "\u20b9 68.23"}, {"boundingPoly": {"vertices": [{"x": 38.0, "y": 1482.0}, {"x": 219.0, "y": 1483.0}, {"x": 219.0, "y": 1514.0}, {"x": 38.0, "y": 1514.0}]}, "description": "SGST@2.5%"}, {"boundingPoly": {"vertices": [{"x": 931.0, "y": 1483.0}, {"x": 1039.0, "y": 1483.0}, {"x": 1039.0, "y": 1513.0}, {"x": 931.0, "y": 1512.0}]}, "description": "\u20b9 68.23"}, {"boundingPoly": {"vertices": [{"x": 41.0, "y": 1577.0}, {"x": 145.0, "y": 1577.0}, {"x": 145.0, "y": 1609.0}, {"x": 41.0, "y": 1609.0}]}, "description": "TOTAL"}, {"boundingPoly": {"vertices": [{"x": 935.0, "y": 1579.0}, {"x": 1040.0, "y": 1579.0}, {"x": 1040.0, "y": 1611.0}, {"x": 935.0, "y": 1610.0}]}, "description": "< 2866"}, {"boundingPoly": {"vertices": [{"x": 28.0, "y": 1707.0}, {"x": 168.0, "y": 1707.0}, {"x": 168.0, "y": 1741.0}, {"x": 28.0, "y": 1741.0}]}, "description": " Paid Via"}, {"boundingPoly": {"vertices": [{"x": 182.0, "y": 1707.0}, {"x": 278.0, "y": 1707.0}, {"x": 278.0, "y": 1742.0}, {"x": 182.0, "y": 1742.0}]}, "description": " Paytm"}, {"boundingPoly": {"vertices": [{"x": 918.0, "y": 1696.0}, {"x": 1049.0, "y": 1696.0}, {"x": 1048.0, "y": 1727.0}, {"x": 918.0, "y": 1726.0}]}, "description": "INVOICE"}, {"boundingPoly": {"vertices": [{"x": 362.0, "y": 1945.0}, {"x": 390.0, "y": 1946.0}, {"x": 390.0, "y": 1959.0}, {"x": 362.0, "y": 1958.0}]}, "description": "200"}, {"boundingPoly": {"vertices": [{"x": 520.0, "y": 1995.0}, {"x": 978.0, "y": 1995.0}, {"x": 977.0, "y": 2057.0}, {"x": 520.0, "y": 2056.0}]}, "description": "Refer & Earn"}, {"boundingPoly": {"vertices": [{"x": 574.0, "y": 2065.0}, {"x": 925.0, "y": 2065.0}, {"x": 925.0, "y": 2091.0}, {"x": 574.0, "y": 2091.0}]}, "description": "From each friend's 1st order."}, {"boundingPoly": {"vertices": [{"x": 121.0, "y": 2034.0}, {"x": 207.0, "y": 2020.0}, {"x": 211.0, "y": 2054.0}, {"x": 124.0, "y": 2065.0}]}, "description": "BOX 8"}, {"boundingPoly": {"vertices": [{"x": 426.0, "y": 2041.0}, {"x": 453.0, "y": 2038.0}, {"x": 455.0, "y": 2051.0}, {"x": 428.0, "y": 2054.0}]}, "description": "\u20b9200"}, {"boundingPoly": {"vertices": [{"x": 539.0, "y": 2118.0}, {"x": 662.0, "y": 2118.0}, {"x": 662.0, "y": 2147.0}, {"x": 539.0, "y": 2147.0}]}, "description": "You Get"}, {"boundingPoly": {"vertices": [{"x": 520.0, "y": 2160.0}, {"x": 677.0, "y": 2160.0}, {"x": 677.0, "y": 2216.0}, {"x": 520.0, "y": 2216.0}]}, "description": "\u20b9200"}, {"boundingPoly": {"vertices": [{"x": 756.0, "y": 2118.0}, {"x": 1011.0, "y": 2118.0}, {"x": 1011.0, "y": 2147.0}, {"x": 756.0, "y": 2147.0}]}, "description": "Your Friend Gets"}, {"boundingPoly": {"vertices": [{"x": 814.0, "y": 2154.0}, {"x": 947.0, "y": 2157.0}, {"x": 946.0, "y": 2183.0}, {"x": 813.0, "y": 2180.0}]}, "description": "\u20b9150 OFF"}, {"boundingPoly": {"vertices": [{"x": 876.0, "y": 2188.0}, {"x": 899.0, "y": 2185.0}, {"x": 900.0, "y": 2200.0}, {"x": 878.0, "y": 2202.0}]}, "description": "+"}, {"boundingPoly": {"vertices": [{"x": 448.0, "y": 2159.0}, {"x": 465.0, "y": 2154.0}, {"x": 467.0, "y": 2169.0}, {"x": 450.0, "y": 2174.0}]}, "description": "200"}, {"boundingPoly": {"vertices": [{"x": 801.0, "y": 2200.0}, {"x": 875.0, "y": 2200.0}, {"x": 875.0, "y": 2218.0}, {"x": 801.0, "y": 2218.0}]}, "description": "\u20b9150."}, {"boundingPoly": {"vertices": [{"x": 454.0, "y": 2263.0}, {"x": 626.0, "y": 2262.0}, {"x": 626.0, "y": 2296.0}, {"x": 454.0, "y": 2296.0}]}, "description": "REORDER"}]}