{"textAnnotations": [{"boundingPoly": {"vertices": [{"x": 199.0, "y": 0.0}, {"x": 237.0, "y": 0.0}, {"x": 237.0, "y": 33.0}, {"x": 198.0, "y": 32.0}]}, "description": "U"}, {"boundingPoly": {"vertices": [{"x": 48.0, "y": 130.0}, {"x": 373.0, "y": 123.0}, {"x": 373.0, "y": 143.0}, {"x": 49.0, "y": 151.0}]}, "description": "merchant name"}, {"boundingPoly": {"vertices": [{"x": 131.0, "y": 152.0}, {"x": 288.0, "y": 149.0}, {"x": 288.0, "y": 169.0}, {"x": 131.0, "y": 173.0}]}, "description": "merchant address"}, {"boundingPoly": {"vertices": [{"x": 77.0, "y": 172.0}, {"x": 286.0, "y": 172.0}, {"x": 286.0, "y": 196.0}, {"x": 77.0, "y": 196.0}]}, "description": "merchant address"}, {"boundingPoly": {"vertices": [{"x": 92.0, "y": 198.0}, {"x": 329.0, "y": 194.0}, {"x": 329.0, "y": 214.0}, {"x": 93.0, "y": 219.0}]}, "description": "merchant address"}, {"boundingPoly": {"vertices": [{"x": 53.0, "y": 221.0}, {"x": 154.0, "y": 221.0}, {"x": 154.0, "y": 246.0}, {"x": 53.0, "y": 246.0}]}, "description": " Served by:"}, {"boundingPoly": {"vertices": [{"x": 290.0, "y": 172.0}, {"x": 343.0, "y": 172.0}, {"x": 343.0, "y": 193.0}, {"x": 290.0, "y": 193.0}]}, "description": "merchant address"}, {"boundingPoly": {"vertices": [{"x": 159.0, "y": 215.0}, {"x": 370.0, "y": 215.0}, {"x": 370.0, "y": 243.0}, {"x": 159.0, "y": 243.0}]}, "description": " 3 23/09/2019 20:22:13"}, {"boundingPoly": {"vertices": [{"x": 41.0, "y": 269.0}, {"x": 107.0, "y": 265.0}, {"x": 111.0, "y": 325.0}, {"x": 45.0, "y": 329.0}]}, "description": "S"}, {"boundingPoly": {"vertices": [{"x": 6.0, "y": 371.0}, {"x": 134.0, "y": 369.0}, {"x": 135.0, "y": 392.0}, {"x": 6.0, "y": 395.0}]}, "description": "Qty Size Item"}, {"boundingPoly": {"vertices": [{"x": 65.0, "y": 419.0}, {"x": 383.0, "y": 412.0}, {"x": 383.0, "y": 433.0}, {"x": 65.0, "y": 439.0}]}, "description": "6\" ChatpataChanaPatty 15cm 132.00"}, {"boundingPoly": {"vertices": [{"x": 92.0, "y": 441.0}, {"x": 249.0, "y": 441.0}, {"x": 249.0, "y": 463.0}, {"x": 92.0, "y": 463.0}]}, "description": " PaneerTikka 15cm"}, {"boundingPoly": {"vertices": [{"x": 94.0, "y": 248.0}, {"x": 329.0, "y": 240.0}, {"x": 329.0, "y": 262.0}, {"x": 94.0, "y": 269.0}]}, "description": "Term ID-Trans# 1/A-45428"}, {"boundingPoly": {"vertices": [{"x": 158.0, "y": 290.0}, {"x": 309.0, "y": 290.0}, {"x": 309.0, "y": 318.0}, {"x": 158.0, "y": 318.0}]}, "description": " 06AAUFA2162PIZY"}, {"boundingPoly": {"vertices": [{"x": 185.0, "y": 320.0}, {"x": 224.0, "y": 320.0}, {"x": 224.0, "y": 339.0}, {"x": 185.0, "y": 339.0}]}, "description": " CIN:"}, {"boundingPoly": {"vertices": [{"x": 112.0, "y": 294.0}, {"x": 153.0, "y": 294.0}, {"x": 153.0, "y": 319.0}, {"x": 112.0, "y": 319.0}]}, "description": " GST:"}, {"boundingPoly": {"vertices": [{"x": 343.0, "y": 362.0}, {"x": 393.0, "y": 362.0}, {"x": 393.0, "y": 385.0}, {"x": 343.0, "y": 385.0}]}, "description": "Price"}, {"boundingPoly": {"vertices": [{"x": 63.0, "y": 443.0}, {"x": 89.0, "y": 443.0}, {"x": 89.0, "y": 463.0}, {"x": 63.0, "y": 463.0}]}, "description": " 6\""}, {"boundingPoly": {"vertices": [{"x": 326.0, "y": 437.0}, {"x": 384.0, "y": 436.0}, {"x": 384.0, "y": 456.0}, {"x": 326.0, "y": 456.0}]}, "description": "145.00"}, {"boundingPoly": {"vertices": [{"x": 63.0, "y": 467.0}, {"x": 384.0, "y": 460.0}, {"x": 384.0, "y": 481.0}, {"x": 63.0, "y": 487.0}]}, "description": "6\" Mexican Bean Patty 15cm 132.00"}, {"boundingPoly": {"vertices": [{"x": 61.0, "y": 489.0}, {"x": 203.0, "y": 487.0}, {"x": 203.0, "y": 511.0}, {"x": 61.0, "y": 513.0}]}, "description": "6\" B.M.T. 15cm"}, {"boundingPoly": {"vertices": [{"x": 64.0, "y": 515.0}, {"x": 270.0, "y": 512.0}, {"x": 270.0, "y": 532.0}, {"x": 64.0, "y": 535.0}]}, "description": "6\" Chicken Slice 15cm"}, {"boundingPoly": {"vertices": [{"x": 103.0, "y": 553.0}, {"x": 321.0, "y": 550.0}, {"x": 322.0, "y": 610.0}, {"x": 104.0, "y": 612.0}]}, "description": "e WA"}, {"boundingPoly": {"vertices": [{"x": 13.0, "y": 631.0}, {"x": 144.0, "y": 630.0}, {"x": 144.0, "y": 649.0}, {"x": 13.0, "y": 651.0}]}, "description": "Total (Eat In)"}, {"boundingPoly": {"vertices": [{"x": 13.0, "y": 657.0}, {"x": 53.0, "y": 658.0}, {"x": 52.0, "y": 674.0}, {"x": 12.0, "y": 674.0}]}, "description": "Amex"}, {"boundingPoly": {"vertices": [{"x": 8.0, "y": 677.0}, {"x": 69.0, "y": 677.0}, {"x": 69.0, "y": 700.0}, {"x": 7.0, "y": 699.0}]}, "description": "Change"}, {"boundingPoly": {"vertices": [{"x": 7.0, "y": 699.0}, {"x": 263.0, "y": 699.0}, {"x": 263.0, "y": 724.0}, {"x": 7.0, "y": 724.0}]}, "description": " We love to LISTEN !! Please"}, {"boundingPoly": {"vertices": [{"x": 4.0, "y": 723.0}, {"x": 303.0, "y": 723.0}, {"x": 303.0, "y": 749.0}, {"x": 4.0, "y": 749.0}]}, "description": " how we did today by taking our"}, {"boundingPoly": {"vertices": [{"x": 3.0, "y": 754.0}, {"x": 307.0, "y": 749.0}, {"x": 307.0, "y": 771.0}, {"x": 3.0, "y": 775.0}]}, "description": "survey at www.global.subway.com"}, {"boundingPoly": {"vertices": [{"x": 326.0, "y": 486.0}, {"x": 384.0, "y": 484.0}, {"x": 383.0, "y": 503.0}, {"x": 327.0, "y": 505.0}]}, "description": "174.00"}, {"boundingPoly": {"vertices": [{"x": 326.0, "y": 510.0}, {"x": 384.0, "y": 508.0}, {"x": 385.0, "y": 527.0}, {"x": 327.0, "y": 530.0}]}, "description": "162.00"}, {"boundingPoly": {"vertices": [{"x": 10.0, "y": 562.0}, {"x": 97.0, "y": 562.0}, {"x": 97.0, "y": 582.0}, {"x": 10.0, "y": 582.0}]}, "description": "Sub Total"}, {"boundingPoly": {"vertices": [{"x": 9.0, "y": 585.0}, {"x": 182.0, "y": 583.0}, {"x": 182.0, "y": 604.0}, {"x": 9.0, "y": 606.0}]}, "description": "S GST 2.5% (2.5%)."}, {"boundingPoly": {"vertices": [{"x": 12.0, "y": 608.0}, {"x": 184.0, "y": 606.0}, {"x": 184.0, "y": 626.0}, {"x": 12.0, "y": 628.0}]}, "description": "C GST 2.5% (2.5%)"}, {"boundingPoly": {"vertices": [{"x": 324.0, "y": 556.0}, {"x": 385.0, "y": 555.0}, {"x": 385.0, "y": 575.0}, {"x": 324.0, "y": 576.0}]}, "description": "709.52"}, {"boundingPoly": {"vertices": [{"x": 335.0, "y": 577.0}, {"x": 385.0, "y": 577.0}, {"x": 384.0, "y": 600.0}, {"x": 335.0, "y": 600.0}]}, "description": "17.74"}, {"boundingPoly": {"vertices": [{"x": 335.0, "y": 601.0}, {"x": 385.0, "y": 601.0}, {"x": 384.0, "y": 623.0}, {"x": 335.0, "y": 623.0}]}, "description": "17.74"}, {"boundingPoly": {"vertices": [{"x": 325.0, "y": 625.0}, {"x": 383.0, "y": 625.0}, {"x": 383.0, "y": 643.0}, {"x": 325.0, "y": 643.0}]}, "description": "745.00"}, {"boundingPoly": {"vertices": [{"x": 324.0, "y": 648.0}, {"x": 384.0, "y": 648.0}, {"x": 385.0, "y": 668.0}, {"x": 324.0, "y": 668.0}]}, "description": "745.00"}, {"boundingPoly": {"vertices": [{"x": 343.0, "y": 673.0}, {"x": 384.0, "y": 673.0}, {"x": 384.0, "y": 692.0}, {"x": 343.0, "y": 692.0}]}, "description": "0.00"}, {"boundingPoly": {"vertices": [{"x": 303.0, "y": 698.0}, {"x": 376.0, "y": 698.0}, {"x": 376.0, "y": 720.0}, {"x": 303.0, "y": 720.0}]}, "description": " us know"}, {"boundingPoly": {"vertices": [{"x": 307.0, "y": 723.0}, {"x": 319.0, "y": 723.0}, {"x": 319.0, "y": 746.0}, {"x": 307.0, "y": 746.0}]}, "description": " 1"}, {"boundingPoly": {"vertices": [{"x": 267.0, "y": 698.0}, {"x": 299.0, "y": 698.0}, {"x": 299.0, "y": 721.0}, {"x": 267.0, "y": 721.0}]}, "description": " let"}, {"boundingPoly": {"vertices": [{"x": 322.0, "y": 723.0}, {"x": 387.0, "y": 723.0}, {"x": 387.0, "y": 745.0}, {"x": 322.0, "y": 745.0}]}, "description": " minute"}]}